County,hasc,confirmed,death,recovered
Cook County,US.IL.CO,81924,3913,
Queens County,US.NY.QU,62850,6346,
Los Angeles County,US.CA.LO,62338,2620,
Kings County,US.NY.KI,56966,6833,
Bronx County,US.NY.BN,45882,4526,
Nassau County,US.NY.NA,40853,2135,
Suffolk County,US.NY.SF,40278,1923,
Westchester County,US.NY.WE,33924,1392,
New York County,US.NY.NE,27122,2969,
Middlesex County,US.MA.MI,22686,1701,
Wayne County,US.MI.WY,21163,2627,
Miami-Dade County,US.FL.DA,19299,765,
Philadelphia County,US.PA.PH,19110,1414,
Suffolk County,US.MA.SU,18955,923,
Hudson County,US.NJ.HD,18548,1210,
Bergen County,US.NJ.BE,18492,1612,
Essex County,US.NJ.ES,18066,1701,
Passaic County,US.NJ.PA,16436,969,
Prince George's County,US.MD.PR,16316,595,
Middlesex County,US.NJ.MI,16198,1032,
Union County,US.NJ.UN,16116,1095,
Fairfield County,US.CT.FA,16020,1309,
Essex County,US.MA.ES,15170,998,
Harris County,US.TX.RR,13940,253,
Richmond County,US.NY.RI,13691,1010,
Rockland County,US.NY.RO,13315,502,
Maricopa County,US.AZ.MA,12761,489,
Montgomery County,US.MD.MO,12624,652,
Fairfax County,US.VA.FX,12056,413,
New Haven County,US.CT.NH,11817,1007,
Worcester County,US.MA.WO,11696,820,
Dallas County,US.TX.DS,11541,260,
Providence County,US.RI.PR,11052,390,
Oakland County,US.MI.OD,10980,1055,
Hartford County,US.CT.HA,10747,1279,
Orange County,US.NY.OE,10508,369,
Marion County,US.IN.MO,10276,616,
Washington,US.DC.DI,9269,483,
Hennepin County,US.MN.HE,9255,667,
Riverside County,US.CA.RI,9004,355,
Ocean County,US.NJ.OC,8979,767,
Lake County,US.IL.LK,8690,342,
Norfolk County,US.MA.NO,8689,859,
Milwaukee County,US.WI.MU,8688,325,
Monmouth County,US.NJ.MN,8454,636,
King County,US.WA.KN,8417,576,
Plymouth County,US.MA.PL,8347,588,
San Diego County,US.CA.SD,8345,296,
DuPage County,US.IL.DU,8046,400,
Jefferson Parish,US.LA.JF,7831,458,
Broward County,US.FL.BO,7690,334,
Bristol County,US.MA.BR,7635,467,
Montgomery County,US.PA.MG,7542,724,
Clark County,US.NV.CL,7331,358,
Orange County,US.CA.OR,7321,176,
Orleans Parish,US.LA.OR,7222,512,
Mercer County,US.NJ.ME,7148,500,
Palm Beach County,US.FL.PL,7074,370,
Macomb County,US.MI.MB,6940,870,
Camden County,US.NJ.CM,6785,364,
Kane County,US.IL.KE,6734,210,
Baltimore County,US.MD.BC,6696,384,
Delaware County,US.PA.DE,6659,596,
Morris County,US.NJ.MR,6556,625,
Erie County,US.NY.ER,6429,527,
Franklin County,US.OH.FR,6406,297,
Hampden County,US.MA.HD,6337,618,
Baltimore City,US.MD.BA,6141,276,
Prince William County,US.VA.PW,6121,110,
Salt Lake County,US.UT.SL,6086,81,
Denver County,US.CO.DN,6079,339,
San Bernardino County,US.CA.SA,6040,224,
Tarrant County,US.TX.TN,5985,174,
Will County,US.IL.WL,5858,285,
Shelby County,US.TN.SY,5812,129,
Davidson County,US.TN.DA,5742,73,
Mecklenburg County,US.NC.MB,5358,106,
Bucks County,US.PA.BC,5243,529,
St. Louis County,US.MO.SL,5029,457,
Douglas County,US.NE.DG,4982,41,
Cuyahoga County,US.OH.CU,4827,265,
Fulton County,US.GA.FU,4822,252,
Burlington County,US.NJ.BU,4769,314,
Polk County,US.IA.PK,4674,142,
Somerset County,US.NJ.SO,4662,425,
Arapahoe County,US.CO.AA,4626,326,
Gwinnett County,US.GA.GW,4433,137,
Yakima County,US.WA.YA,4366,100,
Sussex County,US.DE.SU,4342,144,
Anne Arundel County,US.MD.AN,4210,185,
Berks County,US.PA.BK,4184,333,
Kent County,US.MI.KN,4164,100,
DeKalb County,US.GA.DA,4008,125,
Dutchess County,US.NY.DU,3995,143,
New Castle County,US.DE.NE,3995,174,
Lake County,US.IN.LK,3915,210,
East Baton Rouge Parish,US.LA.EB,3911,250,
Lehigh County,US.PA.LH,3846,248,
Alameda County,US.CA.AA,3805,101,
Travis County,US.TX.TV,3616,97,
Adams County,US.CO.AD,3552,136,
Ramsey County,US.MN.RA,3445,152,
Lancaster County,US.PA.LN,3404,317,
Minnehaha County,US.SD.MN,3397,50,
El Paso County,US.TX.EP,3298,90,
Cobb County,US.GA.CB,3238,193,
Monroe County,US.NY.MR,3167,217,
Northampton County,US.PA.NA,3144,231,
Bexar County,US.TX.BX,3143,78,
Jefferson County,US.KY.JF,3043,169,
Snohomish County,US.WA.SN,3025,152,
Chester County,US.PA.CH,3014,297,
Pima County,US.AZ.PM,2950,205,
Loudoun County,US.VA.LD,2939,67,
Santa Clara County,US.CA.SL,2920,143,
Woodbury County,US.IA.WO,2900,37,
Hamilton County,US.OH.HM,2831,171,
Luzerne County,US.PA.LU,2791,157,
Potter County,US.TX.PT,2754,32,
Caddo Parish,US.LA.CO,2713,206,
San Francisco County,US.CA.SF,2712,43,
Hillsborough County,US.NH.HI,2709,172,
Marion County,US.OH.MR,2689,32,
McKinley County,US.NM.MC,2657,129,
Kern County,US.CA.KE,2650,45,
Hillsborough County,US.FL.HL,2643,90,
Hall County,US.GA.HL,2615,50,
Imperial County,US.CA.IM,2568,33,
Weld County,US.CO.WE,2566,135,
Cumberland County,US.NJ.CU,2557,90,
Genesee County,US.MI.GE,2525,280,
Winnebago County,US.IL.WN,2507,69,
Mobile County,US.AL.MB,2377,124,
Onondaga County,US.NY.OG,2375,137,
Brown County,US.WI.BW,2374,38,
Jefferson County,US.CO.JE,2370,180,
Lucas County,US.OH.LU,2340,265,
San Mateo County,US.CA.SM,2330,88,
Atlantic County,US.NJ.AT,2330,167,
Gloucester County,US.NJ.GL,2319,152,
Orange County,US.FL.OR,2256,45,
Lee County,US.FL.LE,2253,117,
Jackson County (including other portions of Kansas City),US.MO.JC,2197,49,
Arlington County,US.VA.AR,2195,120,
Utah County,US.UT.UT,2183,17,
Wake County,US.NC.WK,2155,40,
Navajo County,US.AZ.NA,2152,72,
Fresno County,US.CA.FR,2122,43,
Fort Bend County,US.TX.FR,2117,47,
Tulare County,US.CA.TL,2116,92,
Frederick County,US.MD.FR,2100,111,
Pickaway County,US.OH.PC,2099,38,
Howard County,US.MD.HO,2094,65,
Alexandria City,US.VA.AX,2070,45,
Stearns County,US.MN.SR,2063,15,
Henrico County,US.VA.HC,2033,134,
Durham County,US.NC.DH,2025,48,
Pierce County,US.WA.PI,2019,85,
Greenville County,US.SC.GV,2012,59,
Montgomery County,US.AL.MT,1993,47,
Allegheny County,US.PA.AL,1989,168,
Jefferson County,US.AL.JE,1980,105,
Collier County,US.FL.CL,1968,56,
Albany County,US.NY.AB,1953,101,
San Juan County,US.NM.SJ,1923,131,
City of St. Louis,US.MO.SY,1919,128,
Racine County,US.WI.RA,1906,47,
Cass County,US.ND.CS,1880,60,
Allen County,US.IN.AL,1851,72,
Yuma County,US.AZ.YU,1850,24,
Walker County,US.TX.WK,1842,27,
St. Tammany Parish,US.LA.ST,1837,163,
Ford County,US.KS.FO,1823,10,
El Paso County,US.CO.EL,1817,96,
Dougherty County,US.GA.DH,1803,149,
Chesterfield County,US.VA.CD,1797,37,
Black Hawk County,US.IA.BL,1789,49,
Santa Barbara County,US.CA.SB,1787,15,
Duval County,US.FL.DU,1764,53,
Forsyth County,US.NC.FO,1721,17,
Washoe County,US.NV.WA,1719,65,
Richland County,US.SC.RI,1718,68,
Ulster County,US.NY.UL,1714,80,
McHenry County,US.IL.MY,1707,83,
Dakota County,US.NE.DK,1702,26,
Apache County,US.AZ.AP,1692,49,
Elkhart County,US.IN.EL,1637,29,
Contra Costa County,US.CA.CN,1633,38,
Cass County,US.IN.CS,1592,9,
Richmond City,US.VA.RC,1592,25,
Nobles County,US.MN.NB,1585,5,
Lackawanna County,US.PA.LC,1579,187,
Bernalillo County,US.NM.BE,1575,74,
Guilford County,US.NC.GU,1573,78,
Anoka County,US.MN.AN,1555,81,
Hall County,US.NE.HL,1542,44,
Summit County,US.OH.SU,1540,183,
Pinellas County,US.FL.PI,1532,95,
Washtenaw County,US.MI.WS,1528,100,
Finney County,US.KS.FI,1526,10,
Sacramento County,US.CA.SC,1519,59,
Wyandotte County,US.KS.WY,1508,75,
Mahoning County,US.OH.MH,1502,194,
Kent County,US.DE.KE,1496,72,
Kings County,US.CA.KI,1492,6,
Dakota County,US.MN.DA,1481,64,
Denton County,US.TX.DN,1467,33,
Dauphin County,US.PA.DA,1451,90,
Barnstable County,US.MA.BA,1450,123,
Collin County,US.TX.CI,1447,34,
Rutherford County,US.TN.RU,1443,29,
Ouachita Parish,US.LA.OU,1432,53,
Litchfield County,US.CT.LI,1413,134,
Sullivan County,US.NY.SL,1411,35,
Trousdale County,US.TN.TR,1394,4,
Rockingham County,US.NH.RO,1378,76,
St. Joseph County,US.IN.SN,1377,39,
Oklahoma County,US.OK.OL,1360,64,
Lancaster County,US.NE.LA,1340,10,
Monroe County,US.PA.MR,1338,102,
Clayton County,US.GA.CN,1323,51,
St. Clair County,US.IL.SI,1296,93,
Cumberland County,US.ME.CU,1290,55,
Putnam County,US.NY.PU,1274,62,
Wayne County,US.NC.WY,1268,20,
Kenosha County,US.WI.KN,1267,34,
Coconino County,US.AZ.CO,1267,85,
Multnomah County,US.OR.MU,1264,63,
Ventura County,US.CA.VE,1261,35,
Manassas City,US.VA.MS,1214,11,
Hendricks County,US.IN.HD,1212,79,
Hamilton County,US.IN.HM,1203,94,
Charles County,US.MD.CH,1196,80,
Warren County,US.NJ.WA,1189,132,
Manatee County,US.FL.MN,1177,105,
Middlesex County,US.CT.MI,1174,157,
Tulsa County,US.OK.TU,1165,59,
Polk County,US.FL.PO,1145,66,
Sussex County,US.NJ.SU,1136,149,
Johnson County,US.IN.JO,1129,114,
Oneida County,US.NY.OD,1127,65,
Saginaw County,US.MI.SG,1124,113,
San Joaquin County,US.CA.SJ,1118,37,
Warren County,US.KY.WR,1112,6,
New London County,US.CT.NL,1112,95,
Buena Vista County,US.IA.BV,1111,2,
Hinds County,US.MS.HI,1111,26,
Niagara County,US.NY.NI,1109,70,
Leavenworth County,US.KS.LV,1100,7,
Pulaski County,US.AR.PU,1091,37,
Pinal County,US.AZ.PN,1067,41,
Montgomery County,US.TX.MG,1064,28,
Kent County,US.RI.KE,1052,51,
York County,US.PA.YO,1049,29,
Marion County,US.OR.MR,1039,27,
Hunterdon County,US.NJ.HN,1022,63,
Lebanon County,US.PA.LB,1021,37,
Hamilton County,US.TN.HL,1013,19,
Boulder County,US.CO.BO,1011,67,
Kankakee County,US.IL.KK,999,54,
Brazoria County,US.TX.BI,990,9,
Butler County,US.OH.BU,985,32,
Lincoln County,US.AR.LC,985,11,
Linn County,US.IA.LI,981,79,
Duplin County,US.NC.DP,976,19,
Wicomico County,US.MD.WI,975,32,
Accomack County,US.VA.AC,970,13,
Sumner County,US.TN.SN,967,46,
Dallas County,US.IA.DL,959,26,
Cherokee County,US.GA.CE,958,34,
Carroll County,US.MD.CR,950,101,
Harford County,US.MD.HA,947,52,
Texas County,US.OK.TE,944,6,
Johnson County,US.KS.JO,939,68,
Tangipahoa Parish,US.LA.TA,935,39,
Kalamazoo County,US.MI.KA,926,61,
Rapides Parish,US.LA.RA,926,38,
Marshall County,US.IA.MS,919,18,
Washington County,US.AR.WA,913,7,
Benton County,US.WA.BE,906,66,
Galveston County,US.TX.GV,906,38,
Hampshire County,US.MA.HS,904,95,
Tuscaloosa County,US.AL.TU,896,17,
Lafourche Parish,US.LA.LO,896,74,
Columbiana County,US.OH.CL,894,53,
Seward County,US.KS.SW,891,2,
Ottawa County,US.MI.OT,889,47,
Benton County,US.AR.BE,883,3,
Escambia County,US.FL.ES,879,36,
Ascension Parish,US.LA.AE,876,58,
St. John the Baptist Parish,US.LA.SO,875,83,
Lafayette Parish,US.LA.LY,866,29,
Stanislaus County,US.CA.ST,865,33,
Tolland County,US.CT.TO,863,60,
Cameron County,US.TX.CA,863,39,
Robeson County,US.NC.RB,859,14,
Fayette County,US.KY.FA,854,14,
Moore County,US.TX.MO,852,14,
Martin County,US.FL.MT,849,12,
Kendall County,US.IL.KA,845,19,
Dawson County,US.NE.DN,841,8,
Ada County,US.ID.AA,838,22,
St. Charles County,US.MO.SA,835,59,
Harrisonburg City,US.VA.HS,823,22,
Dane County,US.WI.DA,814,29,
Stark County,US.OH.ST,813,102,
Lexington County,US.SC.LX,807,37,
Volusia County,US.FL.VO,804,44,
Ingham County,US.MI.IH,801,27,
Virginia Beach City,US.VA.VI,798,25,
Waukesha County,US.WI.WK,795,32,
Berrien County,US.MI.BN,793,53,
Franklin County,US.PA.FR,792,39,
Washington County,US.OR.WI,790,18,
Madison County,US.MS.MD,788,29,
Randolph County,US.NC.RA,779,15,
Muscogee County,US.GA.MG,776,21,
Lauderdale County,US.MS.LU,775,70,
Cumberland County,US.NC.CU,768,26,
Montgomery County,US.OH.MT,766,17,
Sarpy County,US.NE.SY,765,4,
Stafford County,US.VA.SF,765,5,
Henry County,US.GA.HY,756,22,
Douglas County,US.CO.DU,753,47,
Monterey County,US.CA.MT,751,10,
Neshoba County,US.MS.NS,747,45,
Culpeper County,US.VA.CP,745,8,
Charleston County,US.SC.CS,745,14,
St. Francis County,US.AR.SI,744,1,
Buchanan County,US.MO.BC,744,2,
Spartanburg County,US.SC.SP,743,30,
Osceola County,US.FL.OS,741,20,
Terrebonne Parish,US.LA.TR,738,55,
Lorain County,US.OH.LR,737,61,
Rowan County,US.NC.RW,735,35,
Lubbock County,US.TX.LU,734,50,
Marshall County,US.AL.MS,730,9,
Randall County,US.TX.RA,727,6,
Chatham County,US.NC.CH,720,29,
Jones County,US.MS.JO,715,34,
Spokane County,US.WA.SP,713,35,
Washington County,US.MN.WH,712,36,
Florence County,US.SC.FL,711,40,
Rock Island County,US.IL.RO,711,25,
Schenectady County,US.NY.SN,710,30,
Cache County,US.UT.CA,709,1,
Franklin County,US.WA.FR,704,21,
Olmsted County,US.MN.OL,699,12,
Muskegon County,US.MI.MG,692,39,
Lake County,US.TN.LK,688,0,
Rock County,US.WI.RO,685,21,
Champaign County,US.IL.CM,679,8,
Hidalgo County,US.TX.HG,679,11,
Williamson County,US.TX.WM,672,27,
Kenton County,US.KY.KE,671,34,
Salem County,US.NJ.SA,670,52,
Scott County,US.MS.SC,670,12,
Sarasota County,US.FL.SR,669,85,
Cumberland County,US.PA.CU,665,57,
Schuylkill County,US.PA.SC,656,38,
St. Charles Parish,US.LA.SC,649,45,
Cape May County,US.NJ.CP,643,50,
Morgan County,US.CO.MN,641,45,
Wapello County,US.IA.WP,640,16,
Colfax County,US.NE.CO,635,4,
Spotsylvania County,US.VA.SP,634,7,
Madison County,US.IL.MD,634,65,
Calcasieu Parish,US.LA.CC,632,51,
Logan County,US.CO.LO,630,5,
Richmond County,US.GA.RI,627,30,
Johnson County,US.IA.JH,624,8,
Sedgwick County,US.KS.SG,624,21,
Sonoma County,US.CA.SO,624,4,
Platte County,US.NE.PL,621,1,
Jefferson County,US.TX.JE,619,30,
Larimer County,US.CO.LR,616,27,
Broome County,US.NY.BO,613,52,
Bledsoe County,US.TN.BE,611,1,
Jones County,US.TX.JN,610,0,
Franklin County,US.AL.FR,608,9,
Trumbull County,US.OH.TR,607,53,
St. Lucie County,US.FL.SL,607,31,
Forrest County,US.MS.FO,607,39,
Eagle County,US.CO.EA,607,8,
Williamson County,US.TN.WL,606,11,
DeSoto County,US.MS.DE,605,11,
Madison County,US.IN.MD,603,61,
Johnston County,US.NC.JH,601,19,
Beaver County,US.PA.BA,598,74,
Webb County,US.TX.WB,594,19,
Iberville Parish,US.LA.IV,593,42,
Douglas County,US.GA.DL,592,25,
Sandoval County,US.NM.SD,585,27,
Carroll County,US.GA.CL,580,28,
Chesapeake City,US.VA.CS,577,15,
Lee County,US.AL.LE,577,34,
Berkshire County,US.MA.BE,573,40,
Rockingham County,US.VA.RG,572,6,
Marin County,US.CA.MN,571,17,
Sampson County,US.NC.SP,571,4,
Cabarrus County,US.NC.CR,571,23,
Horry County,US.SC.HO,570,31,
Colquitt County,US.GA.CQ,568,15,
Union County,US.NC.UN,567,20,
Muscatine County,US.IA.MU,566,41,
Solano County,US.CA.SN,566,23,
Dodge County,US.NE.DE,565,1,
Rice County,US.MN.RI,565,3,
Brazos County,US.TX.BZ,565,22,
Porter County,US.IN.PR,564,33,
Crawford County,US.IA.CW,564,2,
Norfolk City,US.VA.NF,562,7,
Clark County,US.WA.CR,559,24,
Doña Ana County,US.NM.DO,558,3,
Monroe County,US.MI.MO,556,21,
Habersham County,US.GA.HB,556,25,
Hendry County,US.FL.HR,552,18,
St. Bernard Parish,US.LA.SE,549,23,
St. Mary's County,US.MD.SA,548,33,
Jefferson County,US.AR.JE,547,26,
Forsyth County,US.GA.FO,546,12,
Washington County,US.MD.WA,545,16,
Chatham County,US.GA.CM,545,27,
Robertson County,US.TN.RB,545,6,
Clark County,US.IN.CK,545,42,
Shelby County,US.AL.SH,542,19,
Titus County,US.TX.TU,541,2,
Davis County,US.UT.DA,541,2,
Burke County,US.NC.BK,540,16,
Bartholomew County,US.IN.BA,532,40,
Santa Cruz County,US.AZ.SA,530,3,
Putnam County,US.TN.PU,529,6,
Bartow County,US.GA.BT,521,39,
Seminole County,US.FL.SE,521,12,
Cleveland County,US.OK.CV,519,37,
Kandiyohi County,US.MN.KD,517,1,
Boone County,US.KY.BO,516,18,
Lee County,US.NC.LE,515,4,
Saline County,US.NE.SL,515,2,
Blaine County,US.ID.BL,514,5,
St. Clair County,US.MI.SA,511,44,
Livingston County,US.MI.LI,509,28,
Wilkes County,US.NC.WE,507,6,
Davidson County,US.NC.DD,505,12,
Bibb County,US.GA.BI,504,30,
Chittenden County,US.VT.CH,503,39,
Saratoga County,US.NY.SR,501,14,
Acadia Parish,US.LA.AD,500,27,
Boone County,US.IL.BO,500,18,
Rensselaer County,US.NY.RE,499,26,
Washington County,US.RI.WA,499,40,
Sumter County,US.GA.SU,493,45,
Charlotte County,US.FL.CH,488,72,
Mohave County,US.AZ.MO,485,57,
Scott County,US.MN.SC,483,2,
Mower County,US.MN.MW,482,2,
Jackson County,US.MI.JA,482,29,
Muhlenberg County,US.KY.MU,481,8,
Pike County,US.PA.PI,481,20,
Buckingham County,US.VA.BK,477,3,
Shenandoah County,US.VA.SN,476,22,
Tipton County,US.TN.TI,475,3,
Rankin County,US.MS.RA,473,9,
Wilson County,US.TN.WO,469,9,
Coweta County,US.GA.CA,463,9,
Washington Parish,US.LA.WO,462,42,
Whitfield County,US.GA.WF,462,7,
Granville County,US.NC.GN,462,13,
Calhoun County,US.MI.CU,461,26,
Knox County,US.TN.KN,461,5,
Livingston Parish,US.LA.LV,460,31,
Leake County,US.MS.LK,460,12,
York County,US.SC.YO,458,10,
Westmoreland County,US.PA.WE,457,38,
Clay County,US.MN.CA,457,30,
LaPorte County,US.IN.LA,455,24,
Washington County,US.UT.WN,455,1,
Brevard County,US.FL.BE,453,13,
Bossier Parish,US.LA.BO,453,25,
Crittenden County,US.AR.CD,452,9,
DeKalb County,US.IL.DK,451,9,
Alamance County,US.NC.AA,451,23,
Belmont County,US.OH.BE,450,15,
Skagit County,US.WA.SG,449,15,
Sumter County,US.SC.SU,448,19,
Bell County,US.TX.BL,446,5,
Twin Falls County,US.ID.TW,445,23,
Howard County,US.IN.HO,444,37,
Holmes County,US.MS.HO,444,31,
Butler County,US.AL.BT,442,22,
Tippecanoe County,US.IN.TP,441,4,
Honolulu County,US.HI.HO,439,11,
Tallapoosa County,US.AL.TP,439,66,
Lyon County,US.KS.LY,438,6,
Leon County,US.FL.LO,438,7,
Walworth County,US.WI.WL,435,17,
Lowndes County,US.GA.LW,434,4,
Walker County,US.AL.WK,433,3,
Wilson County,US.NC.WO,426,12,
Summit County,US.UT.SU,426,0,
Iberia Parish,US.LA.II,424,40,
Beaufort County,US.SC.BA,421,14,
York County,US.ME.YO,420,11,
Pasco County,US.FL.PS,419,15,
Mitchell County,US.GA.MT,417,34,
Troup County,US.GA.TP,416,11,
Windham County,US.CT.WI,416,14,
Warren County,US.OH.WR,413,20,
Tama County,US.IA.TM,412,29,
Columbia County,US.NY.CU,412,41,
Whatcom County,US.WA.WA,409,37,
Jackson County,US.IN.JC,401,2,
Elmore County,US.AL.EL,401,9,
Delaware County,US.IN.DL,399,41,
Houston County,US.GA.HO,399,19,
Cecil County,US.MD.CE,399,24,
Shelby County,US.IN.SH,397,22,
Clay County,US.FL.CY,396,32,
Alachua County,US.FL.AL,396,8,
Dodge County,US.WI.DD,395,4,
Frederick County,US.VA.FK,393,4,
Buncombe County,US.NC.BO,389,32,
Newton County,US.GA.NE,389,10,
Orange County,US.NC.OR,388,40,
Baldwin County,US.GA.BD,387,27,
Hays County,US.TX.HY,385,5,
Franklin Parish,US.LA.FR,384,12,
Scott County,US.IA.SC,384,10,
Medina County,US.OH.MD,382,25,
Pitt County,US.NC.PI,382,2,
Tuscarawas County,US.OH.TU,376,5,
Chambers County,US.AL.CM,373,26,
Kershaw County,US.SC.KE,373,14,
Miami County,US.OH.MM,373,30,
Bay County,US.MI.BY,372,27,
Ashtabula County,US.OH.AB,372,38,
Grayson County,US.TX.GO,372,2,
Merrimack County,US.NH.ME,371,18,
Madison County,US.AL.MD,371,5,
Weber County,US.UT.WB,369,8,
Shawnee County,US.KS.SN,369,7,
Henderson County,US.NC.HN,368,47,
Jefferson County,US.MO.JE,366,17,
Delaware County,US.OH.DL,366,14,
Lee County,US.GA.LE,365,22,
Vance County,US.NC.VA,364,26,
Ellis County,US.TX.EI,364,16,
Erie County,US.PA.ER,363,5,
Dubuque County,US.IA.DU,362,21,
Sangamon County,US.IL.SM,362,31,
Columbia County,US.PA.CO,361,31,
Columbus County,US.NC.CM,361,27,
Morgan County,US.AL.MG,361,1,
Beadle County,US.SD.BA,361,5,
Hancock County,US.IN.HC,360,27,
Winnebago County,US.WI.WA,354,7,
Calvert County,US.MD.CL,354,21,
Thomas County,US.GA.TH,353,33,
Manassas Park city,US.VA.MP,351,5,
Paulding County,US.GA.PA,351,11,
Wright County,US.MN.WR,351,2,
Louisa County,US.IA.LO,350,11,
Gaston County,US.NC.GS,347,8,
Clackamas County,US.OR.CC,346,12,
Androscoggin County,US.ME.AN,346,3,
Todd County,US.MN.TO,346,2,
Fauquier County,US.VA.FQ,345,6,
Union Parish,US.LA.UN,344,20,
Berkeley County,US.WV.BE,342,8,
Barrow County,US.GA.BW,341,20,
Canyon County,US.ID.CN,340,6,
Hanover County,US.VA.HV,340,24,
Washington County,US.OK.WN,340,37,
Daviess County,US.KY.DA,340,7,
Franklin County,US.MA.FR,338,48,
Portage County,US.OH.PO,338,57,
St. Mary Parish,US.LA.SM,337,32,
Pottawattamie County,US.IA.PT,337,10,
Copiah County,US.MS.CP,337,4,
Clark County,US.OH.CK,336,8,
Grand Forks County,US.ND.GD,336,4,
Portsmouth City,US.VA.PR,335,11,
Merced County,US.CA.MD,334,7,
San Juan County,US.UT.SJ,333,5,
Harnett County,US.NC.HT,330,28,
Boone County,US.IN.BO,328,36,
Lake County,US.OH.LK,327,12,
Sevier County,US.AR.SV,326,2,
Yavapai County,US.AZ.YA,326,6,
Darlington County,US.SC.DA,326,11,
Wasatch County,US.UT.WA,326,1,
Iredell County,US.NC.IR,325,5,
Madison County,US.NY.MA,325,9,
Suffolk City,US.VA.SO,323,33,
Floyd County,US.IN.FL,323,41,
Madison County,US.NE.MA,323,4,
Floyd County,US.GA.FL,322,15,
Fairfield County,US.OH.FI,321,8,
Lake County,US.FL.LK,321,15,
Clarke County,US.GA.CK,318,15,
Jackson County,US.MS.JC,317,15,
Attala County,US.MS.AT,315,18,
Newport News City,US.VA.NN,314,10,
Bedford County,US.TN.BD,314,4,
Pueblo County,US.CO.PU,313,18,
Bowie County,US.TX.BW,312,6,
Sioux County,US.IA.SI,311,0,
Comanche County,US.OK.CM,309,3,
St. Landry Parish,US.LA.SL,309,54,
Peoria County,US.IL.PI,309,11,
Rockdale County,US.GA.RO,308,8,
Wood County,US.OH.WO,307,49,
Geauga County,US.OH.GE,306,34,
Clarendon County,US.SC.CN,305,40,
Tift County,US.GA.TI,305,19,
St. James Parish,US.LA.SJ,304,27,
Baldwin County,US.AL.BD,304,9,
Dallas County,US.AL.DL,302,3,
Nacogdoches County,US.TX.NC,301,21,
Craighead County,US.AR.CG,300,1,
Jackson County,US.IL.JC,300,11,
Yazoo County,US.MS.YZ,300,5,
Vanderburgh County,US.IN.VA,299,4,
Coffee County,US.GA.CF,299,14,
Jackson County,US.FL.JA,298,1,
Walton County,US.GA.WA,298,15,
Pennington County,US.SD.PN,297,5,
Newton County,US.MS.NW,297,4,
Wayne County,US.OH.WE,296,51,
Wayne County,US.MS.WY,295,3,
Brown County,US.SD.BW,295,1,
Fremont County,US.WY.FR,295,8,
Spalding County,US.GA.SD,294,21,
Gadsden County,US.FL.GA,293,4,
San Luis Obispo County,US.CA.SS,291,1,
Upson County,US.GA.UP,290,35,
Oktibbeha County,US.MS.OK,290,16,
Nueces County,US.TX.NU,289,3,
Richmond County,US.VA.RI,289,5,
Coryell County,US.TX.CL,289,2,
Leflore County,US.MS.LL,287,39,
Morgan County,US.IN.MG,287,28,
Montgomery County,US.TN.MT,287,3,
Lincoln County,US.MS.LI,286,32,
Noble County,US.IN.NO,286,21,
St. Martin Parish,US.LA.SR,285,24,
Catawba County,US.NC.CB,284,8,
Washington County,US.WI.WN,277,9,
Strafford County,US.NH.ST,277,13,
Lowndes County,US.AL.LO,276,12,
Placer County,US.CA.PA,275,9,
Licking County,US.OH.LI,275,10,
Adams County,US.NE.AD,275,11,
Randolph County,US.IL.RA,274,4,
Marion County,US.FL.MI,274,8,
Harrison County,US.MS.HR,274,7,
Columbia County,US.GA.CI,274,8,
Surry County,US.NC.SU,273,2,
Monroe County,US.MS.MR,273,25,
St. Johns County,US.FL.SJ,272,6,
Hoke County,US.NC.HO,271,1,
Etowah County,US.AL.ET,270,12,
Caroline County,US.MD.CO,270,1,
Adams County,US.PA.AD,269,8,
Kaufman County,US.TX.KU,269,2,
Anderson County,US.SC.AN,269,9,
Jasper County,US.IA.JS,269,17,
DeKalb County,US.AL.DA,268,3,
Saline County,US.MO.SI,268,2,
Municipality of Anchorage,US.AK.AN,266,4,
Lowndes County,US.MS.LO,263,9,
Berkeley County,US.SC.BK,263,17,
Allegan County,US.MI.AL,263,6,
Outagamie County,US.WI.OU,263,8,
De Soto Parish,US.LA.DE,262,17,
Chelan County,US.WA.CH,261,6,
Sumter County,US.FL.SM,261,17,
Shiawassee County,US.MI.SH,261,27,
Hamilton County,US.FL.HM,261,0,
Autauga County,US.AL.AU,259,5,
DeSoto County,US.FL.DE,258,7,
Gregg County,US.TX.GE,257,10,
Warren County,US.NY.WR,257,30,
Santa Rosa County,US.FL.SA,257,9,
Harrison County,US.TX.HR,256,27,
Williamsburg County,US.SC.WI,256,14,
Assumption Parish,US.LA.AS,254,13,
Lamar County,US.MS.LM,254,5,
Orleans County,US.NY.OL,254,42,
Okaloosa County,US.FL.OA,253,6,
Broomfield County and City,US.CO.BR,253,27,
Sherburne County,US.MN.SH,253,2,
Moore County,US.NC.ME,253,10,
New Hanover County,US.NC.NE,252,5,
Montgomery County,US.IN.MM,252,18,
Northampton County,US.VA.NA,251,25,
Steuben County,US.NY.ST,251,29,
Orangeburg County,US.SC.OR,250,4,
Bastrop County,US.TX.BP,250,3,
Lincoln County,US.SD.LI,250,0,
Early County,US.GA.EA,249,31,
Clinton County,US.IN.CI,248,1,
Carbon County,US.PA.CB,248,24,
Ware County,US.GA.WE,247,14,
Carver County,US.MN.CV,247,1,
Greene County,US.NY.GR,246,13,
Taylor County,US.TX.TA,246,5,
Fayette County,US.GA.FY,245,14,
Butler County,US.PA.BT,244,12,
Coffee County,US.AL.CF,244,1,
Eaton County,US.MI.EA,244,7,
Newport County,US.RI.NE,244,1,
Sumter County,US.AL.SU,243,8,
Summit County,US.CO.SU,243,2,
Butts County,US.GA.BU,242,24,
Chesterfield County,US.SC.CF,242,5,
White County,US.IN.WH,240,9,
Washington County,US.NY.WS,240,14,
Greensville County,US.VA.GS,239,7,
Pike County,US.AL.PK,239,1,
Crisp County,US.GA.CP,238,8,
Butler County,US.KY.BR,237,13,
Houston County,US.AL.HO,237,5,
Grimes County,US.TX.GM,237,1,
Angelina County,US.TX.AG,237,5,
Page County,US.VA.PA,237,24,
Huntingdon County,US.PA.HU,236,4,
Kanawha County,US.WV.KA,235,19,
Grant County,US.IN.GA,235,23,
Lenoir County,US.NC.LN,233,7,
Worth County,US.GA.WO,233,21,
Fond du Lac County,US.WI.FN,233,6,
Worcester County,US.MD.WO,232,15,
Winchester city,US.VA.WH,232,2,
Decatur County,US.IN.DC,231,32,
Mercer County,US.OH.MC,230,8,
Nash County,US.NC.NA,228,4,
Lee County,US.SC.LE,227,17,
McLean County,US.IL.ML,226,13,
Santa Cruz County,US.CA.SZ,226,2,
Jackson County,US.GA.JC,226,7,
Clay County,US.MO.CY,226,3,
Wright County,US.IA.WG,225,0,
Bullock County,US.AL.BL,225,7,
Bristol County,US.RI.BR,224,3,
Clermont County,US.OH.CE,224,6,
Hopkins County,US.KY.HO,224,31,
Craven County,US.NC.CN,223,5,
Richland County,US.OH.RI,223,4,
Smith County,US.TX.SM,223,4,
Fulton County,US.NY.FU,222,24,
Yell County,US.AR.YE,222,2,
Allen County,US.OH.AN,222,33,
Mecklenburg County,US.VA.ME,222,23,
Ogle County,US.IL.OG,221,3,
Edgecombe County,US.NC.ED,221,9,
Albemarle County,US.VA.AB,221,8,
Lapeer County,US.MI.LP,221,31,
Yolo County,US.CA.YO,221,24,
Lee County,US.MS.LE,220,8,
Warren County,US.VA.WR,220,4,
Ontario County,US.NY.OR,220,21,
West Feliciana Parish,US.LA.WF,220,13,
Rhea County,US.TN.RH,218,0,
Liberty County,US.FL.LI,218,1,
Plaquemines Parish,US.LA.PL,218,17,
Terrell County,US.GA.TL,217,26,
Dubois County,US.IN.DU,216,3,
Shelby County,US.KY.SH,216,5,
Medina County,US.TX.ME,216,2,
Grant County,US.WA.GN,215,4,
Yadkin County,US.NC.YD,215,3,
Hampton city,US.VA.HM,215,4,
Stephenson County,US.IL.SN,214,5,
Pearl River County,US.MS.PL,213,31,
Shelby County,US.TX.SY,213,8,
Pointe Coupee Parish,US.LA.PO,212,25,
James City County,US.VA.JA,211,15,
St. Lawrence County,US.NY.SI,209,2,
Kosciusko County,US.IN.KO,209,2,
Decatur County,US.GA.DC,209,6,
Northumberland County,US.PA.NU,208,3,
Hardeman County,US.TN.HA,208,0,
Aiken County,US.SC.AI,207,8,
Genesee County,US.NY.GE,206,5,
Fairfield County,US.SC.FA,206,17,
Washington County,US.TX.WH,206,25,
Colbert County,US.AL.CL,206,4,
Pike County,US.MS.PI,204,11,
Jefferson County,US.WV.JE,204,4,
Adams County,US.MS.AD,203,16,
Macon County,US.IL.MC,202,21,
Marlboro County,US.SC.ML,202,3,
East Feliciana Parish,US.LA.EF,201,30,
Warren County,US.MS.WR,201,10,
Tuscola County,US.MI.TU,201,25,
Halifax County,US.NC.HL,200,1,
Washington County,US.MS.WS,200,8,
Lancaster County,US.SC.LN,199,6,
Madison Parish,US.LA.MA,199,2,
Washington County,US.IA.WS,198,8,
Dorchester County,US.SC.DO,198,3,
Hancock County,US.GA.HC,197,26,
Roanoke city,US.VA.RO,197,10,
Pope County,US.AR.PP,197,2,
Noxubee County,US.MS.NO,196,6,
Marshall County,US.IN.MS,196,2,
Caldwell County,US.NC.CL,196,3,
Campbell County,US.KY.CM,196,12,
Flagler County,US.FL.FL,195,4,
Gordon County,US.GA.GO,195,16,
Hale County,US.AL.HA,195,11,
Harrison County,US.IN.HI,195,22,
Jerome County,US.ID.JR,194,2,
Rutherford County,US.NC.RU,194,5,
Clinton County,US.IL.CN,193,17,
Russell County,US.AL.RU,193,0,
Walker County,US.GA.WK,192,0,
Fredericksburg City,US.VA.FB,192,0,
Lenawee County,US.MI.LN,191,5,
Darke County,US.OH.DA,191,23,
Barbour County,US.AL.BR,190,1,
Johnson County,US.TX.JH,190,4,
Pickens County,US.SC.PI,190,4,
Dooly County,US.GA.DO,189,12,
Laramie County,US.WY.LA,188,2,
Union County,US.AR.UN,188,11,
Ector County,US.TX.EC,187,5,
Panola County,US.TX.PN,187,23,
East Carroll Parish,US.LA.EC,187,0,
Benton County,US.MN.BN,187,3,
Henry County,US.IN.HY,186,12,
Allen Parish,US.LA.AL,186,10,
Covington County,US.MS.CV,186,2,
Vigo County,US.IN.VI,185,8,
Dillon County,US.SC.DI,185,3,
Appling County,US.GA.AP,185,13,
Montrose County,US.CO.MO,185,12,
Kent County,US.MD.KE,185,19,
Franklin County,US.NC.FR,185,21,
Allegany County,US.MD.AL,184,16,
Erie County,US.OH.ER,184,16,
Bradley County,US.TN.BR,184,2,
Rockwall County,US.TX.RC,183,14,
Winn Parish,US.LA.WI,183,2,
West Baton Rouge Parish,US.LA.WB,183,30,
Randolph County,US.GA.RN,183,19,
Clinton County,US.MI.CN,182,11,
Richmond County,US.NC.RI,182,3,
Marengo County,US.AL.ME,182,6,
Island County,US.WA.IS,181,11,
Lauderdale County,US.AL.LU,181,2,
Ozaukee County,US.WI.OZ,180,13,
Cullman County,US.AL.CU,180,1,
Webster Parish,US.LA.WR,179,8,
Hillsdale County,US.MI.HI,179,24,
Boone County,US.MO.BO,178,1,
Gunnison County,US.CO.GU,178,6,
Macon County,US.TN.MC,177,3,
Douglas County,US.WA.DO,177,3,
Deaf Smith County,US.TX.DI,176,13,
Van Buren County,US.MI.VA,175,7,
Jasper County,US.MS.JS,175,4,
Natchitoches Parish,US.LA.NA,175,13,
Sussex County,US.VA.SS,175,2,
Monroe County,US.IN.MR,174,15,
Suwannee County,US.FL.SW,174,18,
Ionia County,US.MI.II,174,4,
Calhoun County,US.AL.CN,174,3,
Greene County,US.IN.GE,174,27,
Madison County,US.TN.MD,174,2,
Dearborn County,US.IN.DR,173,22,
Buffalo County,US.NE.BF,173,1,
Putnam County,US.FL.PU,173,6,
Warren County,US.IA.WR,173,1,
Chattahoochee County,US.GA.CH,172,0,
Greenwood County,US.SC.GW,172,3,
Lawrence County,US.IN.LW,171,24,
Tompkins County,US.NY.TO,171,0,
Steele County,US.MN.SE,171,0,
Columbia County,US.FL.CU,171,2,
Freeborn County,US.MN.FR,170,0,
Victoria County,US.TX.VI,170,7,
Union County,US.IL.UN,170,14,
Bolivar County,US.MS.BO,170,11,
Lincoln Parish,US.LA.LN,169,17,
Queen Anne's County,US.MD.QU,168,12,
Logan County,US.KY.LO,168,5,
Caddo County,US.OK.CD,168,10,
Warrick County,US.IN.WI,167,29,
Loudon County,US.TN.LO,167,0,
Wilcox County,US.AL.WC,167,7,
Graves County,US.KY.GV,166,20,
Lycoming County,US.PA.LY,166,17,
Greene County,US.MO.GE,165,8,
Kitsap County,US.WA.KS,165,2,
Madison County,US.OH.MO,164,7,
Smith County,US.MS.SM,164,11,
Thurston County,US.WA.TH,163,2,
Gallatin County,US.MT.GL,163,1,
Madera County,US.CA.ME,163,3,
Petersburg city,US.VA.PB,163,3,
Garfield County,US.CO.GA,161,2,
Indian River County,US.FL.IN,160,11,
Gilmer County,US.GA.GI,160,1,
LaSalle County,US.IL.LA,160,16,
Henry County,US.VA.HY,159,3,
Kemper County,US.MS.KE,159,11,
Cibola County,US.NM.CI,159,6,
La Paz County,US.AZ.LA,158,0,
Catoosa County,US.GA.CS,157,0,
Clarke County,US.MS.CE,157,19,
Lafayette County,US.MS.LY,155,4,
Choctaw County,US.AL.CC,155,10,
Midland County,US.TX.ID,155,13,
Centre County,US.PA.CT,155,6,
Plymouth County,US.IA.PM,155,2,
Northampton County,US.NC.NO,155,14,
Montgomery County,US.NC.MO,155,4,
Avoyelles Parish,US.LA.AV,155,9,
Whiteside County,US.IL.WD,155,13,
Dorchester County,US.MD.DO,154,4,
Glynn County,US.GA.GY,154,2,
Lamar County,US.TX.LR,154,11,
Wagoner County,US.OK.WG,153,17,
Bladen County,US.NC.BL,153,2,
Southampton County,US.VA.SA,152,2,
Bienville Parish,US.LA.BI,152,23,
Saluda County,US.SC.SA,151,1,
Clarke County,US.AL.CK,151,2,
Blue Earth County,US.MN.BE,151,0,
Fayette County,US.TN.FA,151,2,
Ohio County,US.KY.OH,151,0,
Franklin County,US.MO.FR,150,17,
McMinn County,US.TN.MM,150,14,
Santa Fe County,US.NM.ST,150,3,
Gonzales County,US.TX.GA,149,3,
Miami County,US.IN.MI,149,1,
St. Joseph County,US.MI.SJ,149,3,
Prince Edward County,US.VA.PD,148,2,
Branch County,US.MI.BC,147,2,
Guadalupe County,US.TX.GU,147,0,
Houston County,US.TX.HS,147,0,
Chickasaw County,US.MS.CS,146,14,
Washington County,US.PA.WS,146,6,
Echols County,US.GA.EC,146,0,
Prince George County,US.VA.PG,146,0,
Tooele County,US.UT.TE,145,0,
Stephens County,US.GA.SE,144,3,
Richland Parish,US.LA.RI,144,3,
Bacon County,US.GA.BC,144,3,
Highlands County,US.FL.HG,143,9,
Galax city,US.VA.GA,143,1,
Hardin County,US.TX.HN,142,5,
Isle of Wight County,US.VA.IS,142,3,
Putnam County,US.IN.PT,142,7,
Burleigh County,US.ND.BL,141,0,
Napa County,US.CA.NA,141,3,
Cheatham County,US.TN.CA,141,0,
Canadian County,US.OK.CN,141,3,
Scotts Bluff County,US.NE.SC,140,0,
Story County,US.IA.ST,140,1,
Hardee County,US.FL.HD,140,0,
Garland County,US.AR.GL,140,1,
Polk County,US.GA.PO,139,1,
Monongalia County,US.WV.MG,139,5,
LaGrange County,US.IN.LG,139,2,
Turner County,US.GA.TR,139,13,
St. Clair County,US.AL.SA,138,2,
Jackson County,US.WV.JA,138,18,
Calhoun County,US.GA.CU,138,5,
Coles County,US.IL.CE,138,17,
Chemung County,US.NY.CM,137,3,
Martin County,US.MN.MT,137,5,
Iroquois County,US.IL.IR,135,5,
Grayson County,US.KY.GY,135,10,
Tioga County,US.NY.TI,134,18,
Hertford County,US.NC.HD,134,3,
Brunswick County,US.NC.BS,133,3,
Morehouse Parish,US.LA.MO,133,5,
Chenango County,US.NY.CH,133,5,
Deschutes County,US.OR.DE,133,0,
Bertie County,US.NC.BT,133,4,
Susquehanna County,US.PA.SS,133,16,
Maverick County,US.TX.MV,133,2,
Coahoma County,US.MS.CH,132,4,
Randolph County,US.WV.RN,132,0,
Colleton County,US.SC.CT,132,14,
Jennings County,US.IN.JN,132,4,
Franklin County,US.GA.FR,132,1,
Charlottesville City,US.VA.CE,131,3,
Orange County,US.IN.OR,131,23,
Umatilla County,US.OR.UM,131,3,
Dale County,US.AL.DE,131,0,
Saline County,US.AR.SL,130,1,
Walton County,US.FL.WL,130,9,
Jackson Parish,US.LA.JA,130,15,
Kennebec County,US.ME.KE,130,9,
Clay County,US.MS.CY,130,4,
Randolph County,US.AL.RA,129,8,
Scott County,US.IN.SC,128,3,
Christian County,US.KY.CH,127,3,
Talladega County,US.AL.TD,127,5,
McLennan County,US.TX.ML,127,4,
Marion County,US.AL.MI,126,11,
Burke County,US.GA.BE,125,6,
Augusta County,US.VA.AU,125,2,
Winston County,US.MS.WN,125,1,
Harris County,US.GA.HI,125,6,
Carroll County,US.VA.CL,125,1,
Okeechobee County,US.FL.OE,125,0,
Warren County,US.IL.WR,125,0,
Citrus County,US.FL.CI,125,12,
Jefferson County,US.WI.JE,124,3,
Dickson County,US.TN.DI,124,0,
Cumberland County,US.TN.CU,124,2,
Linn County,US.OR.LN,124,9,
Wayne County,US.PA.WN,123,9,
Monroe County,US.GA.MN,123,11,
Oconee County,US.GA.OC,123,9,
Wayne County,US.NY.WN,123,2,
Bay County,US.FL.BY,123,4,
Pickens County,US.AL.PC,122,6,
Roanoke County,US.VA.RE,122,5,
Hernando County,US.FL.HA,122,5,
Cochise County,US.AZ.CH,122,4,
Iron County,US.UT.RN,122,1,
Herkimer County,US.NY.HE,122,3,
Onslow County,US.NC.ON,121,2,
Eau Claire County,US.WI.EA,121,0,
Bullitt County,US.KY.BI,121,4,
Scott County,US.MO.ST,121,9,
Livingston County,US.NY.LI,121,3,
Otsego County,US.MI.OS,120,10,
Catahoula Parish,US.LA.CT,120,3,
Midland County,US.MI.MD,120,9,
Allamakee County,US.IA.AL,120,4,
Newaygo County,US.MI.NE,120,0,
Macon County,US.NC.MN,120,1,
Maui County,US.HI.MA,120,6,
Claiborne County,US.MS.CB,119,5,
Grady County,US.GA.GD,119,4,
Henderson County,US.KY.HE,119,3,
St. Louis County,US.MN.ST,119,14,
Limestone County,US.AL.LI,119,0,
Carroll County,US.MS.CL,119,11,
Hardin County,US.KY.HN,119,2,
Crawford County,US.OH.CF,118,4,
Comal County,US.TX.OM,117,7,
Marion County,US.MS.MI,117,9,
Franklin County,US.IN.FR,117,8,
Washington County,US.OH.WS,117,19,
Orange County,US.VA.OR,117,2,
Pierce County,US.GA.PR,116,4,
Wilcox County,US.GA.WC,116,13,
Stanly County,US.NC.SN,115,4,
Maury County,US.TN.MU,115,1,
Davie County,US.NC.DV,115,2,
Hopewell city,US.VA.HW,114,2,
Pasquotank County,US.NC.PU,114,13,
Hunt County,US.TX.HT,114,5,
Oswego County,US.NY.OS,114,2,
Rockingham County,US.NC.RC,113,2,
White County,US.GA.WH,113,3,
Grundy County,US.IL.GU,113,2,
Cleveland County,US.NC.CV,113,2,
Walla Walla County,US.WA.WL,113,2,
Dawson County,US.GA.DW,113,1,
Grenada County,US.MS.GN,112,4,
McCracken County,US.KY.MK,112,2,
Yalobusha County,US.MS.YL,112,6,
Cassia County,US.ID.CS,112,1,
Audrain County,US.MO.AU,111,1,
Sheboygan County,US.WI.SE,111,3,
Mercer County,US.PA.ME,111,6,
Lyon County,US.MN.LY,110,2,
Monroe County,US.FL.MO,110,4,
Faulkner County,US.AR.FA,110,3,
Iosco County,US.MI.IC,110,10,
Laurens County,US.GA.LR,109,1,
Ottawa County,US.OH.OT,109,19,
Sevier County,US.TN.SV,109,2,
McClain County,US.OK.ML,109,4,
Oldham County,US.KY.OL,109,5,
Greene County,US.OH.GR,108,5,
Chilton County,US.AL.CI,108,2,
Lawrence County,US.MS.LW,108,1,
Ripley County,US.IN.RI,108,6,
Morrow County,US.OH.MW,108,1,
Talbot County,US.MD.TA,107,4,
Daviess County,US.IN.DI,107,16,
Carson City,US.NV.CA,107,5,
Grady County,US.OK.GD,107,3,
Meriwether County,US.GA.MW,106,2,
El Dorado County,US.CA.EL,106,0,
Stoddard County,US.MO.SD,106,5,
St. Croix County,US.WI.SI,105,0,
Yellowstone County,US.MT.YS,105,3,
Goochland County,US.VA.GO,105,6,
San Benito County,US.CA.SI,105,2,
Macon County,US.GA.MC,105,6,
Humboldt County,US.CA.HU,104,4,
Pecos County,US.TX.PE,104,0,
Gray County,US.TX.GY,104,2,
Simpson County,US.MS.SI,104,0,
Cass County,US.MI.CS,104,3,
Pender County,US.NC.PD,103,1,
Wayne County,US.WV.WA,103,9,
Knox County,US.IL.KX,103,0,
Polk County,US.OR.PO,103,12,
Murray County,US.GA.MA,103,1,
Alpena County,US.MI.AP,103,9,
Allen County,US.KY.AL,102,3,
Cass County,US.MO.CS,102,8,
Lumpkin County,US.GA.LP,102,1,
Jackson County,US.KS.JA,102,1,
Osage County,US.OK.OS,101,8,
Oceana County,US.MI.OA,101,2,
Penobscot County,US.ME.PE,101,2,
Jefferson County,US.IL.JF,101,16,
Liberty County,US.TX.LT,101,3,
Beauregard Parish,US.LA.BE,101,4,
Delaware County,US.OK.DL,100,16,
Monroe County,US.IL.MR,100,12,
Cayuga County,US.NY.CY,100,2,
Chester County,US.SC.CR,100,1,
Franklin County,US.VT.FR,100,5,
Teton County,US.WY.TE,100,1,
Orange County,US.TX.OR,100,2,
Putnam County,US.GA.PT,100,9,
Lincoln County,US.NC.LI,100,0,
Chautauqua County,US.NY.CQ,99,3,
Mahaska County,US.IA.MK,99,13,
Creek County,US.OK.CE,99,7,
Montgomery County,US.NY.MT,98,4,
Adair County,US.KY.AD,98,19,
Choctaw County,US.OK.CA,98,1,
Union County,US.SD.UN,98,0,
Grant County,US.WI.GA,98,12,
Dinwiddie County,US.VA.DN,98,0,
Greene County,US.AL.GR,98,5,
Colonial Heights city,US.VA.CH,97,17,
Clinton County,US.NY.CL,97,4,
Putnam County,US.OH.PU,96,14,
Caswell County,US.NC.CS,96,1,
Concordia Parish,US.LA.CR,96,5,
Juniata County,US.PA.JU,96,4,
Macon County,US.AL.MC,96,5,
Sunflower County,US.MS.SU,95,3,
McDowell County,US.NC.MW,95,1,
Fayette County,US.PA.FA,95,4,
Scotland County,US.NC.SC,95,0,
Tate County,US.MS.TT,95,1,
Carroll County,US.IN.CO,95,2,
Fluvanna County,US.VA.FV,94,6,
Sandusky County,US.OH.SA,94,12,
Webster County,US.MS.WE,93,5,
Isabella County,US.MI.IB,93,7,
Pine County,US.MN.PN,93,0,
Saguache County,US.CO.SG,93,1,
Panola County,US.MS.PA,93,3,
Winston County,US.AL.WN,93,0,
Blount County,US.TN.BO,93,3,
Adair County,US.OK.AD,93,4,
Parker County,US.TX.PR,92,1,
Greene County,US.NC.GE,92,2,
Hancock County,US.MS.HN,92,12,
McDonough County,US.IL.MU,92,13,
Louisa County,US.VA.LI,92,1,
Poweshiek County,US.IA.PW,92,8,
Cattaraugus County,US.NY.CG,92,5,
Pemiscot County,US.MO.PM,91,5,
Indiana County,US.PA.IN,91,5,
Montgomery County,US.VA.MO,91,1,
Camp County,US.TX.CP,91,0,
Wayne County,US.IN.WY,90,6,
Ben Hill County,US.GA.BL,90,1,
Union County,US.MS.UN,90,7,
Steuben County,US.IN.SE,90,2,
Alamosa County,US.CO.AL,90,2,
Lawrence County,US.AR.LW,89,9,
Wyoming County,US.NY.WM,89,5,
Parmer County,US.TX.PM,89,0,
Marshall County,US.MS.MS,89,3,
Warren County,US.NC.WR,89,2,
Itawamba County,US.MS.IT,89,8,
Nicollet County,US.MN.NI,89,11,
Jefferson Davis Parish,US.LA.JD,89,7,
Lee County,US.IL.LE,88,1,
Jackson County,US.AL.JA,88,3,
Lynchburg city,US.VA.LY,88,1,
Kittitas County,US.WA.KT,88,0,
Emporia city,US.VA.EM,88,6,
Gratiot County,US.MI.GT,88,11,
Banks County,US.GA.BS,88,0,
Wichita County,US.TX.WC,87,2,
Lincoln County,US.MO.LO,86,1,
Barry County,US.MI.BR,86,2,
Liberty County,US.GA.LB,86,1,
Cottonwood County,US.MN.CT,86,0,
Washington County,US.TN.WI,86,0,
Anderson County,US.TX.AE,85,0,
Fairbanks North Star Borough,US.AK.FA,85,2,
Montgomery County,US.MS.MT,85,1,
Wilkinson County,US.MS.WK,85,9,
Rogers County,US.OK.RS,85,5,
Delaware County,US.NY.DE,85,3,
Henry County,US.AL.HE,85,2,
Cape Girardeau County,US.MO.CG,85,3,
Laurens County,US.SC.LU,84,4,
Jefferson Davis County,US.MS.JD,84,3,
Covington County,US.AL.CV,84,1,
Lawrence County,US.PA.LW,84,8,
Wabash County,US.IN.WB,83,2,
Washington County,US.FL.WS,83,6,
Glades County,US.FL.GL,83,1,
Nez Perce County,US.ID.NE,83,19,
Winona County,US.MN.WN,83,15,
Stokes County,US.NC.SO,83,0,
Crenshaw County,US.AL.CA,83,3,
Caroline County,US.VA.CI,83,3,
Nassau County,US.FL.NA,82,1,
Windham County,US.VT.WH,82,3,
Natrona County,US.WY.NA,82,1,
La Plata County,US.CO.LA,82,1,
Evangeline Parish,US.LA.EV,82,1,
Bulloch County,US.GA.BH,82,2,
Escambia County,US.AL.ES,82,3,
York County,US.VA.YO,82,3,
Kootenai County,US.ID.KO,82,0,
Crow Wing County,US.MN.CW,82,5,
Sebastian County,US.AR.SB,81,1,
Hawaii County,US.HI.HA,81,0,
Yamhill County,US.OR.YA,81,7,
Newton County,US.IN.NE,81,10,
Sauk County,US.WI.SU,81,3,
Tazewell County,US.IL.TA,81,6,
Lafayette County,US.MO.LF,81,2,
Valencia County,US.NM.VA,81,2,
Coffee County,US.TN.CF,81,0,
Lyon County,US.NV.LY,81,1,
Westmoreland County,US.VA.WM,81,1,
McCurtain County,US.OK.MU,81,1,
Georgetown County,US.SC.GR,80,3,
Monroe County,US.OH.ME,80,15,
Lane County,US.OR.LE,80,3,
Watonwan County,US.MN.WT,80,0,
Brooks County,US.GA.BO,79,8,
Marion County,US.SC.MI,79,5,
Fayette County,US.IN.FA,79,7,
Adams County,US.WA.AD,79,0,
Mississippi County,US.AR.MS,79,2,
Calumet County,US.WI.CA,79,1,
Pettis County,US.MO.PS,79,1,
Tippah County,US.MS.TP,79,11,
Red River County,US.TX.RV,78,8,
Elbert County,US.GA.EL,78,0,
Chaffee County,US.CO.CA,78,20,
Humboldt County,US.NV.HU,78,4,
Kenai Peninsula Borough,US.AK.KN,78,2,
Webster County,US.IA.WE,78,1,
Tom Green County,US.TX.TG,78,1,
Effingham County,US.GA.EF,78,1,
Cowlitz County,US.WA.CW,78,0,
Hamilton County,US.IA.HM,78,0,
Auglaize County,US.OH.AU,78,3,
Bryan County,US.GA.BY,77,5,
Platte County,US.MO.PT,77,2,
Franklin County,US.KY.FR,77,2,
Johnson County,US.MO.JO,77,0,
Bibb County,US.AL.BI,77,1,
Johnson County,US.GA.JH,77,2,
Newberry County,US.SC.NE,77,1,
Washington County,US.AL.WS,77,6,
Peach County,US.GA.PH,76,5,
Chambers County,US.TX.CH,76,0,
Lamar County,US.GA.LM,76,3,
Goodhue County,US.MN.GO,76,7,
Caldwell County,US.TX.CW,76,0,
Martin County,US.NC.MR,76,4,
Bedford County,US.VA.BF,76,2,
Greene County,US.GA.GE,76,7,
Montcalm County,US.MI.MC,76,1,
Somerset County,US.MD.SO,76,3,
Williamson County,US.IL.WS,76,3,
Carlton County,US.MN.CL,75,0,
Jasper County,US.IN.JS,75,1,
Grafton County,US.NH.GR,75,1,
Jefferson County,US.NY.JE,75,0,
Wharton County,US.TX.WN,75,1,
Monroe County,US.TN.MR,75,4,
Otter Tail County,US.MN.OT,75,1,
Delta County,US.CO.DT,74,1,
West Carroll Parish,US.LA.WC,74,0,
Otsego County,US.NY.OO,74,4,
Cleburne County,US.AR.CB,74,4,
Washington County,US.GA.WG,74,1,
Jessamine County,US.KY.JS,73,0,
Hardin County,US.OH.HD,73,0,
Ross County,US.OH.RO,73,2,
Henry County,US.IA.HE,73,2,
Cass County,US.IL.CS,73,0,
King George County,US.VA.KG,73,4,
Minidoka County,US.ID.MI,72,0,
Boone County,US.IA.BO,72,0,
McDuffie County,US.GA.MU,72,5,
Clarke County,US.IA.CK,71,0,
Wilkinson County,US.GA.WI,71,7,
Anson County,US.NC.AN,71,1,
Caldwell Parish,US.LA.CW,71,1,
Hocking County,US.OH.HC,71,5,
Jackson County,US.OR.JA,71,0,
Green County,US.WI.GN,71,0,
Bremer County,US.IA.BR,71,6,
Madison County,US.FL.MD,71,3,
Union County,US.PA.UN,71,2,
Walthall County,US.MS.WT,70,0,
Henry County,US.IL.HY,70,0,
Matagorda County,US.TX.MD,70,5,
Cabell County,US.WV.CB,70,0,
Chisago County,US.MN.CG,70,1,
Blount County,US.AL.BU,70,1,
Douglas County,US.KS.DG,69,0,
Perry County,US.MO.PR,69,0,
Camden County,US.GA.CD,69,1,
Clinch County,US.GA.CC,69,2,
Humphreys County,US.MS.HU,69,7,
Henderson County,US.TX.HD,68,3,
Waller County,US.TX.WR,68,0,
Calhoun County,US.MS.CN,68,4,
Jefferson County,US.OH.JE,68,2,
Adair County,US.MO.AD,68,0,
La Crosse County,US.WI.LA,68,0,
Perry County,US.PA.PE,67,3,
Riley County,US.KS.RL,67,1,
Greene County,US.AR.GE,67,0,
Belknap County,US.NH.BE,67,0,
Fairfax city,US.VA.FC,67,5,
Bennington County,US.VT.BE,66,1,
Navarro County,US.TX.NV,66,2,
Des Moines County,US.IA.DS,66,2,
Cherokee County,US.SC.CK,66,5,
Greer County,US.OK.GE,66,7,
Oglethorpe County,US.GA.OG,66,7,
Crowley County,US.CO.CR,66,1,
Nye County,US.NV.NY,66,2,
Taylor County,US.IA.TY,66,0,
Claiborne Parish,US.LA.CI,66,10,
Sullivan County,US.MO.SV,65,0,
Butte County,US.CA.BU,65,1,
Addison County,US.VT.AD,65,2,
Armstrong County,US.PA.AR,65,5,
Madison County,US.GA.MD,65,1,
Pulaski County,US.KY.PU,65,2,
Clinton County,US.IA.CN,65,1,
Amite County,US.MS.AM,65,1,
Wayne County,US.TN.WY,64,0,
Calhoun County,US.FL.CA,64,4,
Crawford County,US.MI.CF,63,5,
Polk County,US.MN.PL,63,2,
Marathon County,US.WI.MH,63,1,
Pottawatomie County,US.OK.PT,63,4,
Rusk County,US.TX.RK,63,2,
Gibson County,US.TN.GB,63,1,
Mesa County,US.CO.ME,62,0,
Brantley County,US.GA.BA,62,2,
Sullivan County,US.TN.SL,62,2,
Stark County,US.ND.SR,62,2,
Curry County,US.NM.CU,62,0,
Huron County,US.OH.HU,62,1,
Routt County,US.CO.RT,62,6,
Toombs County,US.GA.TM,62,4,
Benton County,US.OR.BE,62,5,
Polk County,US.TX.PK,61,0,
Muskogee County,US.OK.MO,61,6,
Mississippi County,US.MO.MI,61,0,
Vermilion Parish,US.LA.VM,61,4,
Seneca County,US.NY.SC,61,1,
Jackson County,US.KY.JA,61,13,
Danville City,US.VA.DA,60,2,
Lauderdale County,US.TN.LU,60,1,
Dyer County,US.TN.DY,60,0,
Atkinson County,US.GA.AT,60,2,
Bonneville County,US.ID.BV,60,0,
Pike County,US.GA.PK,60,3,
Morton County,US.ND.MR,60,2,
Cross County,US.AR.CO,60,0,
Holmes County,US.OH.HL,60,3,
Clinton County,US.PA.CN,60,3,
Hale County,US.TX.HE,60,4,
Madison County,US.KY.MD,59,1,
Haywood County,US.NC.HW,59,0,
Pitkin County,US.CO.PI,59,2,
Hickman County,US.TN.HN,59,0,
Cambria County,US.PA.CI,59,2,
Mifflin County,US.PA.MI,59,1,
La Salle Parish,US.LA.LA,59,0,
Brown County,US.TX.BN,59,10,
Marion County,US.GA.MR,59,2,
Kay County,US.OK.KA,59,7,
Union County,US.OH.UN,58,1,
Chippewa County,US.WI.CH,58,0,
Dixie County,US.FL.DI,58,2,
Edmonson County,US.KY.ED,58,11,
Levy County,US.FL.LV,58,1,
Clark County,US.KY.CK,58,0,
Williams County,US.OH.WI,58,1,
Jay County,US.IN.JY,58,0,
Pulaski County,US.IL.PL,58,0,
Cheshire County,US.NH.CH,57,2,
Marquette County,US.MI.MQ,57,11,
Jefferson County,US.OR.JE,57,0,
Cole County,US.MO.CE,57,1,
Johnson County,US.AR.JO,57,0,
Huron County,US.MI.HU,57,1,
Screven County,US.GA.SR,57,3,
Rutland County,US.VT.RU,57,1,
Oconee County,US.SC.OC,57,0,
Lonoke County,US.AR.LO,57,0,
Tunica County,US.MS.TU,57,3,
Person County,US.NC.PN,57,1,
Hamilton County,US.NE.HM,56,11,
Okanogan County,US.WA.OK,56,1,
Cook County,US.GA.CO,56,1,
Stewart County,US.GA.SW,56,1,
Falls Church city,US.VA.FU,56,7,
Itasca County,US.MN.IT,56,10,
Gooding County,US.ID.GO,56,0,
Shawano County,US.WI.SA,56,0,
Calloway County,US.KY.CW,55,1,
Prentiss County,US.MS.PN,55,3,
Windsor County,US.VT.WS,55,2,
Dodge County,US.MN.DD,55,0,
Sutter County,US.CA.SU,55,2,
St. Helena Parish,US.LA.SH,55,1,
Muskingum County,US.OH.MU,55,1,
DeKalb County,US.IN.DE,55,1,
Socorro County,US.NM.SO,55,5,
Guthrie County,US.IA.GH,55,3,
Berrien County,US.GA.BN,55,0,
Marion County,US.IL.MO,55,0,
Simpson County,US.KY.SI,54,3,
Monroe County,US.AL.MR,54,2,
Rio Arriba County,US.NM.RI,54,1,
Franklin County,US.TN.FR,54,1,
Hancock County,US.OH.HN,54,1,
Fayette County,US.WV.FA,54,4,
Cass County,US.NE.CS,54,0,
Barnwell County,US.SC.BN,54,1,
Schoharie County,US.NY.SO,54,2,
Edgefield County,US.SC.ED,54,2,
Elbert County,US.CO.EB,54,2,
Snyder County,US.PA.SN,54,1,
Wood County,US.WV.WO,53,2,
Reno County,US.KS.RN,53,0,
Montour County,US.PA.MO,53,0,
Barren County,US.KY.BN,53,1,
Yankton County,US.SD.YA,53,0,
Dodge County,US.GA.DG,53,2,
Blair County,US.PA.BL,53,1,
Randolph County,US.IN.RA,53,3,
Washington County,US.VA.WG,53,4,
Miller County,US.AR.ML,53,1,
Clay County,US.IN.CY,53,3,
Lawrence County,US.AL.LW,53,0,
Gentry County,US.MO.GT,52,4,
Greene County,US.TN.GE,52,2,
Staunton city,US.VA.SU,52,0,
Marion County,US.WV.MI,52,2,
Wise County,US.TX.WE,52,4,
Unicoi County,US.TN.UC,52,0,
Waldo County,US.ME.WL,52,14,
Haralson County,US.GA.HS,52,4,
Essex County,US.VA.ES,52,0,
Cherokee County,US.TX.CK,52,2,
Pontotoc County,US.MS.PO,52,3,
Obion County,US.TN.OB,52,1,
Bradford County,US.FL.BA,52,2,
Chippewa County,US.MN.CP,52,1,
Choctaw County,US.MS.CW,52,2,
Allegany County,US.NY.AL,51,2,
Coffey County,US.KS.CF,51,8,
Pulaski County,US.IN.PL,51,1,
Burnet County,US.TX.BT,51,1,
Sabine Parish,US.LA.SB,51,0,
Saunders County,US.NE.SU,51,1,
Washington County,US.IN.WS,51,1,
Waupaca County,US.WI.WP,51,1,
Fannin County,US.GA.FN,51,1,
Perry County,US.MS.PY,51,3,
Ochiltree County,US.TX.OC,51,2,
Red River Parish,US.LA.RE,51,7,
Fulton County,US.IN.FU,51,1,
Carter County,US.OK.CR,51,1,
Pickens County,US.GA.PE,51,4,
Butler County,US.NE.BE,50,0,
Bleckley County,US.GA.BK,50,0,
Cedar County,US.IA.CD,50,1,
Jefferson County,US.GA.JR,50,1,
Pierce County,US.WI.PI,50,0,
Jasper County,US.MO.JS,50,0,
Nevada County,US.CA.NE,50,1,
Montezuma County,US.CO.MZ,50,3,
Thurston County,US.NE.TU,50,0,
Mineral County,US.WV.ML,50,1,
Madison County,US.AR.MD,50,0,
Starr County,US.TX.SR,50,0,
Nevada County,US.AR.NV,50,0,
Rush County,US.IN.RU,49,3,
Union County,US.GA.UN,49,1,
Lincoln County,US.NE.LI,49,2,
Morrison County,US.MN.MR,49,0,
Moniteau County,US.MO.ME,49,1,
Abbeville County,US.SC.AB,49,0,
Wood County,US.TX.WO,49,4,
Jones County,US.GA.JE,49,0,
Box Elder County,US.UT.BE,49,1,
Jefferson County,US.IN.JF,49,1,
White County,US.AR.WH,49,1,
Waynesboro city,US.VA.WS,49,0,
Dunklin County,US.MO.DU,48,2,
Wyandot County,US.OH.WD,48,2,
Nottoway County,US.VA.NY,48,0,
Whitley County,US.IN.WL,48,3,
Sharp County,US.AR.SH,48,3,
Ohio County,US.WV.OH,48,1,
Carroll County,US.NH.CA,48,0,
Grayson County,US.VA.GY,48,0,
Payne County,US.OK.PY,48,1,
Coshocton County,US.OH.CS,48,0,
Chaves County,US.NM.CH,48,2,
Le Sueur County,US.MN.LU,48,1,
Del Norte County,US.CA.DE,47,0,
Pittsylvania County,US.VA.PS,47,1,
Jasper County,US.GA.JS,47,1,
Shelby County,US.OH.SH,47,3,
Clinton County,US.OH.CI,47,0,
Bannock County,US.ID.BO,47,1,
Grant County,US.KY.GT,47,4,
Martinsville city,US.VA.MR,47,1,
Polk County,US.NC.PO,47,4,
Douglas County,US.MN.DU,46,0,
O'Brien County,US.IA.OB,46,0,
Morgan County,US.IL.MG,46,1,
Gallatin County,US.KY.GL,46,5,
Geneva County,US.AL.GE,46,0,
Meeker County,US.MN.ME,46,1,
Jefferson County,US.MS.JF,46,1,
Washington County,US.ID.WA,46,0,
Jasper County,US.SC.JA,46,2,
Jasper County,US.IL.JS,46,7,
Perry County,US.AL.PE,46,0,
Bradford County,US.PA.BF,46,3,
Seminole County,US.GA.SI,46,2,
Cherokee County,US.IA.CE,46,0,
Anderson County,US.TN.AN,45,2,
Fulton County,US.OH.FU,45,0,
Gage County,US.NE.GG,45,4,
Starke County,US.IN.SR,45,3,
Hamblen County,US.TN.HB,45,2,
San Augustine County,US.TX.SG,45,4,
Marion County,US.TN.MI,45,1,
Macoupin County,US.IL.MP,45,2,
Klamath County,US.OR.KL,45,0,
Jeff Davis County,US.GA.JF,45,1,
Adams County,US.IL.AD,45,1,
Taylor County,US.FL.TA,45,0,
Dawson County,US.TX.DW,45,1,
Clatsop County,US.OR.CT,45,0,
Nelson County,US.KY.NE,45,1,
Kearny County,US.KS.KE,45,0,
Williamsburg City,US.VA.WL,45,5,
Becker County,US.MN.BC,44,0,
Clearfield County,US.PA.CF,44,0,
Powhatan County,US.VA.PH,44,0,
Hutchinson County,US.TX.UT,44,0,
Hood River County,US.OR.HO,44,0,
Wilson County,US.TX.WS,44,5,
Yuma County,US.CO.YU,44,0,
Columbia County,US.WI.CO,44,1,
Conecuh County,US.AL.CO,44,1,
Jackson County,US.NC.JA,44,1,
Barton County,US.KS.BT,44,1,
Monroe County,US.IA.MR,43,6,
Bedford County,US.PA.BO,43,2,
Fannin County,US.TX.FI,43,2,
New Kent County,US.VA.NK,43,1,
Rio Grande County,US.CO.RG,43,0,
Clay County,US.GA.CY,43,2,
Pulaski County,US.GA.PL,43,2,
Howard County,US.NE.HW,43,4,
Gila County,US.AZ.GI,43,0,
Alexander County,US.NC.AE,43,0,
Logan County,US.OH.LG,43,0,
McLeod County,US.MN.MC,43,0,
Ward County,US.ND.WR,43,1,
Benton County,US.IA.BN,43,1,
Vermilion County,US.IL.VE,42,1,
Perry County,US.IL.PY,42,0,
Miller County,US.GA.ML,42,0,
Clark County,US.WI.CL,42,4,
Washington County,US.CO.WA,42,0,
Sanilac County,US.MI.SL,42,6,
Dukes County,US.MA.DU,42,0,
Jackson County,US.MN.JA,42,0,
Roosevelt County,US.NM.RO,42,0,
Poinsett County,US.AR.PN,42,2,
Shasta County,US.CA.SH,42,4,
Franklin city,US.VA.FR,42,2,
Mountrail County,US.ND.MU,42,0,
Fayette County,US.OH.FY,42,0,
Union County,US.SC.UN,41,0,
Cumberland County,US.VA.CU,41,0,
Talbot County,US.GA.TB,41,2,
Perry County,US.IN.PE,41,1,
Oconto County,US.WI.OC,41,0,
Codington County,US.SD.CD,41,0,
Madison County,US.VA.MD,41,1,
Boyd County,US.KY.BD,41,3,
Guernsey County,US.OH.GU,41,2,
Stephens County,US.OK.ST,41,1,
Cortland County,US.NY.CD,41,1,
Montgomery County,US.IL.MT,41,1,
Beaufort County,US.NC.BA,41,0,
Pittsburg County,US.OK.PI,41,3,
Murray County,US.MN.MU,41,0,
Atascosa County,US.TX.AT,41,2,
Dickinson County,US.IA.DI,41,0,
Cherokee County,US.AL.CH,40,4,
Dade County,US.GA.DD,40,1,
Clark County,US.AR.CK,40,0,
Hardy County,US.WV.HD,40,0,
Frio County,US.TX.FO,40,0,
Coosa County,US.AL.CS,40,1,
Butler County,US.KS.BU,40,0,
Harrison County,US.WV.HR,40,1,
Missoula County,US.MT.MS,40,1,
Hampton County,US.SC.HA,40,1,
Ashe County,US.NC.AS,40,0,
Hart County,US.GA.HT,39,0,
Door County,US.WI.DO,39,3,
Crawford County,US.AR.CW,39,0,
Carteret County,US.NC.CE,39,3,
Somerset County,US.PA.SO,39,1,
Washakie County,US.WY.WA,39,3,
Huntington County,US.IN.HU,39,2,
Manitowoc County,US.WI.MW,39,1,
Van Zandt County,US.TX.VN,39,1,
Franklin County,US.VA.FN,39,1,
Allendale County,US.SC.AL,39,3,
Morgan County,US.GA.MO,39,0,
Putnam County,US.WV.PU,39,0,
Yates County,US.NY.YA,39,6,
Jerauld County,US.SD.JE,39,1,
Pulaski County,US.MO.PA,39,1,
Graham County,US.AZ.GA,39,0,
DeKalb County,US.TN.DE,39,0,
Preble County,US.OH.PR,39,1,
Botetourt County,US.VA.BO,39,4,
St. Francois County,US.MO.SF,39,2,
Washington County,US.VT.WA,39,1,
Arenac County,US.MI.AR,38,1,
San Patricio County,US.TX.SP,38,0,
Greene County,US.VA.GE,38,1,
Douglas County,US.NV.DO,38,0,
Fayette County,US.TX.FT,38,2,
Mason County,US.MI.MN,38,0,
White County,US.TN.WH,38,0,
Shelby County,US.IA.SH,38,0,
Trempealeau County,US.WI.TR,38,0,
Wells County,US.IN.WE,38,0,
Essex County,US.NY.ES,38,0,
Salem city,US.VA.SE,38,3,
Roberts County,US.SD.RO,38,0,
Telfair County,US.GA.TF,38,1,
Calhoun County,US.TX.CU,38,3,
Lewis County,US.WA.LE,37,3,
Osceola County,US.IA.OS,37,0,
Watauga County,US.NC.WT,37,0,
Marshall County,US.KY.MH,37,2,
Isanti County,US.MN.IS,37,0,
Jones County,US.IA.JN,37,0,
Sullivan County,US.IN.SU,37,1,
Mono County,US.CA.MO,37,1,
Butler County,US.MO.BE,37,0,
Camden County,US.MO.CM,37,1,
Flathead County,US.MT.FL,37,2,
Scott County,US.KY.SC,37,0,
Tishomingo County,US.MS.TS,37,0,
Mason County,US.WA.MA,37,1,
Smith County,US.TN.SH,36,1,
Union County,US.FL.UN,36,1,
Owen County,US.IN.OW,36,1,
Jefferson County,US.IA.JE,36,0,
Heard County,US.GA.HD,36,3,
Lake County,US.CO.LK,36,0,
Marshall County,US.TN.MS,36,1,
Baker County,US.GA.BR,36,3,
Grant Parish,US.LA.GR,36,1,
Kewaunee County,US.WI.KW,36,1,
Pike County,US.KY.PI,36,2,
Big Horn County,US.MT.BI,36,1,
York County,US.NE.YO,36,0,
Lawrence County,US.TN.LW,36,0,
Carroll County,US.OH.CO,36,3,
Franklin County,US.ME.FR,36,1,
Greene County,US.MS.GE,36,1,
Todd County,US.SD.TO,36,1,
Stutsman County,US.ND.SU,35,0,
Wakulla County,US.FL.WK,35,1,
Bryan County,US.OK.BR,35,1,
Oglala Lakota County,US.SD.SH,35,0,
Marion County,US.IA.MI,35,0,
Defiance County,US.OH.DF,35,2,
Milam County,US.TX.MI,35,1,
Ottawa County,US.OK.OT,35,2,
Christian County,US.IL.CI,35,4,
Franklin County,US.KS.FR,35,0,
Castro County,US.TX.AS,35,1,
Livingston County,US.IL.LI,35,2,
Matanuska-Susitna Borough,US.AK.MA,35,1,
Carroll County,US.AR.CL,35,1,
Willacy County,US.TX.WY,35,2,
Hawkins County,US.TN.HW,34,2,
Marion County,US.KY.MN,34,0,
Cuming County,US.NE.CM,34,0,
Haywood County,US.TN.HY,34,2,
Custer County,US.NE.CU,34,4,
Wilkes County,US.GA.WS,34,1,
Torrance County,US.NM.TO,34,1,
Webster County,US.KY.WE,34,0,
Lincoln County,US.ID.LI,34,0,
Buchanan County,US.IA.BC,34,1,
Wyoming County,US.PA.WM,34,7,
Brown County,US.IN.BR,34,1,
Washington County,US.NE.WS,34,1,
Irwin County,US.GA.IR,34,1,
Merrick County,US.NE.ME,34,0,
Clayton County,US.IA.CT,34,3,
Overton County,US.TN.OV,34,0,
Hot Spring County,US.AR.HT,34,0,
Teller County,US.CO.TE,34,2,
Klickitat County,US.WA.KL,33,3,
Wasco County,US.OR.WC,33,1,
Mendocino County,US.CA.MI,33,0,
Forest County,US.WI.FR,33,2,
Jo Daviess County,US.IL.JO,33,1,
Malheur County,US.OR.ML,33,0,
Wythe County,US.VA.WY,33,1,
Marinette County,US.WI.MT,33,3,
Pawnee County,US.OK.PW,33,2,
Andrew County,US.MO.AN,33,0,
Hampshire County,US.WV.HM,33,1,
Appomattox County,US.VA.AP,33,0,
Vernon Parish,US.LA.VN,33,3,
Polk County,US.AR.PL,33,0,
Woodford County,US.KY.WO,33,0,
City and Borough of Juneau,US.AK.JU,33,0,
Independence County,US.AR.IN,33,0,
Polk County,US.WI.PL,33,1,
Portage County,US.WI.PT,33,0,
Kendall County,US.TX.KD,33,0,
Lincoln County,US.OR.LC,33,0,
Iowa County,US.IA.IO,33,0,
King William County,US.VA.KW,32,0,
Cerro Gordo County,US.IA.CG,32,1,
Coos County,US.OR.CO,32,0,
Brunswick County,US.VA.BU,32,1,
Benton County,US.IN.BE,32,0,
Lanier County,US.GA.LI,32,2,
Burleson County,US.TX.BU,32,0,
Lee County,US.AR.LE,32,1,
Limestone County,US.TX.LO,32,1,
Mason County,US.TX.MA,32,0,
Clark County,US.KS.CA,32,0,
Quitman County,US.MS.QU,32,0,
Dixon County,US.NE.DI,32,1,
Bamberg County,US.SC.BM,32,0,
Stone County,US.MS.ST,32,0,
Sweetwater County,US.WY.SW,32,0,
Charlton County,US.GA.CT,32,1,
Grundy County,US.TN.GU,32,1,
Callaway County,US.MO.CA,32,1,
Yuba County,US.CA.YU,32,1,
Henry County,US.TN.HR,32,0,
Knox County,US.IN.KN,32,0,
Elmore County,US.ID.EL,32,2,
Gloucester County,US.VA.GL,32,1,
Custer County,US.OK.CU,32,0,
Campbell County,US.WY.CM,32,0,
Lincoln County,US.TN.LI,32,0,
Washington County,US.NC.WI,32,3,
Upshur County,US.TX.US,31,0,
Taos County,US.NM.TA,31,0,
Cherokee County,US.OK.CK,31,1,
Brown County,US.OH.BR,31,1,
Ogemaw County,US.MI.OG,31,1,
Jefferson County,US.FL.JE,31,3,
Amelia County,US.VA.AI,31,1,
Jefferson County,US.WA.JE,31,0,
Halifax County,US.VA.HL,31,1,
Pennington County,US.MN.PI,31,0,
Oxford County,US.ME.OX,31,0,
Wabaunsee County,US.KS.WB,31,0,
Clarke County,US.VA.CK,31,0,
Mayes County,US.OK.MY,31,4,
Hood County,US.TX.HO,31,3,
Tallahatchie County,US.MS.TL,31,1,
Cass County,US.TX.CS,31,1,
Grand Traverse County,US.MI.GN,31,5,
Marshall County,US.WV.MH,31,0,
Russell County,US.KY.RU,30,4,
Lawrence County,US.OH.LW,30,0,
Tattnall County,US.GA.TT,30,0,
Kit Carson County,US.CO.KT,30,3,
Lake County,US.CA.LK,30,0,
Meade County,US.KS.ME,30,0,
Waseca County,US.MN.WE,30,0,
Seminole County,US.OK.SM,30,2,
Crawford County,US.PA.CW,30,0,
McPherson County,US.KS.MP,30,0,
George County,US.MS.GR,30,2,
Lafayette County,US.WI.LF,30,0,
Towns County,US.GA.TW,30,1,
Jasper County,US.TX.JR,30,1,
Hardin County,US.IA.HD,30,0,
Holmes County,US.FL.HO,30,0,
Eddy County,US.NM.ED,30,1,
Montgomery County,US.KY.MM,30,0,
Lee County,US.IA.LE,30,0,
Kalkaska County,US.MI.KK,30,2,
Pottawatomie County,US.KS.PT,30,0,
Saline County,US.KS.SA,30,2,
Sagadahoc County,US.ME.SA,30,0,
Warren County,US.MO.WR,29,0,
Emanuel County,US.GA.EM,29,2,
Champaign County,US.OH.CH,29,1,
Franklin County,US.MS.FR,29,2,
Van Buren County,US.AR.VA,29,2,
Douglas County,US.OR.DO,29,0,
Toole County,US.MT.TO,29,6,
Madison County,US.IA.MD,29,2,
Garfield County,US.OK.GF,29,1,
Seward County,US.NE.SA,29,1,
Aurora County,US.SD.AU,29,0,
Lea County,US.NM.LE,29,0,
Lamoille County,US.VT.LA,29,1,
Austin County,US.TX.AU,29,0,
Jefferson County,US.TN.JE,29,0,
Crawford County,US.GA.CW,29,0,
Highland County,US.OH.HI,29,1,
Stevens County,US.KS.SV,29,0,
Baker County,US.FL.BK,29,4,
Clay County,US.IA.CY,29,0,
Hopkins County,US.TX.HP,29,0,
Clay County,US.AL.CY,29,2,
Sac County,US.IA.SA,29,0,
Ashley County,US.AR.AS,29,0,
Sherman County,US.TX.SN,28,0,
Emmet County,US.IA.EM,28,0,
Charlotte County,US.VA.CT,28,0,
Warren County,US.TN.WR,28,0,
Christian County,US.MO.CT,28,0,
Carroll County,US.TN.CR,28,1,
Bradley County,US.AR.BR,28,1,
Davis County,US.IA.DV,28,0,
Alleghany County,US.NC.AL,28,0,
Howard County,US.AR.HW,28,0,
Boyle County,US.KY.BE,28,0,
Harrison County,US.KY.HS,28,0,
Douglas County,US.IL.DO,28,0,
Pike County,US.MO.PI,28,1,
Lamar County,US.AL.LM,28,0,
Blackford County,US.IN.BL,28,2,
Wise County,US.VA.WI,27,2,
Charles City County,US.VA.CC,27,2,
Monona County,US.IA.MO,27,0,
Jackson County,US.OK.JA,27,3,
Meigs County,US.TN.ME,27,0,
Jenkins County,US.GA.JK,27,2,
Morris County,US.TX.MR,27,0,
Clallam County,US.WA.CL,27,0,
Amherst County,US.VA.AH,27,0,
Dunn County,US.WI.DN,27,0,
Davison County,US.SD.DV,27,0,
Fayette County,US.IA.FT,27,0,
Clay County,US.SD.CY,27,0,
Dallam County,US.TX.DL,27,0,
Andrews County,US.TX.AR,27,0,
Hockley County,US.TX.HC,27,1,
Clarion County,US.PA.CL,27,2,
Donley County,US.TX.DO,27,0,
Hill County,US.TX.HI,27,1,
Madison County,US.ID.MA,27,0,
Richland County,US.ND.RI,27,0,
Greene County,US.PA.GR,27,0,
Crane County,US.TX.CR,27,5,
Elko County,US.NV.EL,27,1,
Seneca County,US.OH.SE,27,2,
Hempstead County,US.AR.HE,27,1,
Patrick County,US.VA.PK,27,0,
Scurry County,US.TX.SU,26,0,
Alleghany County,US.VA.AL,26,2,
Bailey County,US.TX.BY,26,0,
Harrison County,US.IA.HR,26,0,
Hart County,US.KY.HT,26,0,
Crawford County,US.WI.CR,26,0,
Phillips County,US.AR.PH,26,1,
Payette County,US.ID.PA,26,2,
Tipton County,US.IN.TT,26,1,
Weakley County,US.TN.WE,26,0,
Okmulgee County,US.OK.OM,26,0,
Newton County,US.MO.NT,26,1,
Cheboygan County,US.MI.CY,26,1,
Knox County,US.OH.KN,26,1,
Erath County,US.TX.ER,26,1,
Emmet County,US.MI.EM,26,2,
Randolph County,US.AR.RA,26,0,
Fremont County,US.CO.FR,26,0,
Rabun County,US.GA.RB,26,1,
Northumberland County,US.VA.NU,25,1,
Otero County,US.NM.OT,25,4,
Williams County,US.ND.WI,25,0,
Crawford County,US.IN.CW,25,0,
Jones County,US.NC.JN,25,3,
Perquimans County,US.NC.PQ,25,2,
Monroe County,US.KY.MO,25,0,
Spencer County,US.KY.SP,25,0,
Chattooga County,US.GA.CG,25,2,
Lee County,US.TX.LE,25,2,
Wayne County,US.GA.WY,25,0,
McDonald County,US.MO.MA,25,0,
Albany County,US.WY.AL,25,0,
Lyon County,US.IA.LY,25,0,
Anderson County,US.KY.AN,25,1,
Turner County,US.SD.TU,24,0,
Mille Lacs County,US.MN.MI,24,1,
Pulaski County,US.VA.PU,24,1,
Clay County,US.NE.CL,24,0,
Buffalo County,US.SD.BF,24,0,
Preston County,US.WV.PR,24,2,
Winneshiek County,US.IA.WH,24,0,
Roscommon County,US.MI.RO,24,0,
Jersey County,US.IL.JR,24,1,
Perry County,US.TN.PE,24,0,
Mecosta County,US.MI.MT,24,2,
Wayne County,US.NE.WY,24,0,
Colorado County,US.TX.CO,24,0,
Henry County,US.KY.HY,24,0,
Meade County,US.SD.MD,24,1,
Beaver County,US.OK.BA,24,0,
Converse County,US.WY.CE,24,0,
Ashland County,US.OH.AL,24,0,
San Miguel County,US.CO.SM,23,0,
Ray County,US.MO.RY,23,0,
Gates County,US.NC.GT,23,1,
Tillman County,US.OK.TI,23,1,
Park County,US.CO.PA,23,0,
Hardin County,US.TN.HI,23,2,
Josephine County,US.OR.JO,23,1,
Columbia County,US.AR.CI,23,2,
Juneau County,US.WI.JU,23,1,
Franklin County,US.NY.FR,23,0,
Swain County,US.NC.SW,23,0,
Taylor County,US.GA.TY,23,2,
Nowata County,US.OK.NW,23,0,
Rock County,US.MN.RC,23,0,
Faribault County,US.MN.FA,23,0,
Atchison County,US.KS.AT,23,0,
Meade County,US.KY.MA,23,2,
Todd County,US.KY.TO,23,0,
Cannon County,US.TN.CN,23,0,
Gray County,US.KS.GY,22,0,
Perry County,US.KY.PR,22,0,
Labette County,US.KS.LB,22,0,
Adams County,US.IN.AD,22,1,
Lucas County,US.IA.LU,22,2,
Jefferson County,US.KS.JF,22,0,
Missaukee County,US.MI.MU,22,1,
Spencer County,US.IN.SP,22,1,
Lyman County,US.SD.LY,22,0,
Haskell County,US.KS.HS,22,0,
Bee County,US.TX.BE,22,0,
Hamilton County,US.KS.HM,22,0,
King and Queen County,US.VA.KA,22,1,
Menard County,US.IL.MN,22,0,
Lincoln County,US.OK.LI,22,2,
Clare County,US.MI.CE,22,2,
Somerset County,US.ME.SO,22,0,
McLean County,US.KY.ML,22,1,
Fountain County,US.IN.FO,22,2,
Brookings County,US.SD.BK,22,0,
Green Lake County,US.WI.GL,22,0,
Fayette County,US.IL.FA,21,3,
Yancey County,US.NC.YN,21,0,
Lander County,US.NV.LA,21,0,
Ford County,US.IL.FO,21,1,
Knox County,US.ME.KN,21,1,
Franklin County,US.IA.FN,21,0,
Drew County,US.AR.DR,21,1,
Val Verde County,US.TX.VL,21,0,
Otero County,US.CO.OT,21,1,
New Madrid County,US.MO.NW,21,1,
Laurel County,US.KY.LU,21,2,
Cocke County,US.TN.CE,21,0,
Chicot County,US.AR.CT,21,0,
Stanton County,US.NE.ST,21,0,
Kauai County,US.HI.KU,21,0,
Bureau County,US.IL.BU,21,1,
Vernon County,US.WI.VE,21,0,
Tensas Parish,US.LA.TN,21,0,
Woodford County,US.IL.WO,21,2,
Polk County,US.TN.PO,21,0,
Pocahontas County,US.WV.PO,21,0,
Cherokee County,US.NC.CO,21,1,
Switzerland County,US.IN.SW,21,0,
Whitman County,US.WA.WI,20,0,
Gibson County,US.IN.GI,20,2,
Douglas County,US.WI.DG,20,0,
Inyo County,US.CA.IN,20,1,
Lincoln County,US.ME.LI,20,0,
Guadalupe County,US.NM.GU,20,0,
Sullivan County,US.NH.SU,20,1,
Mills County,US.IA.ML,20,0,
Kerr County,US.TX.KR,20,1,
Johnson County,US.TN.JO,20,0,
Charles Mix County,US.SD.CH,20,0,
Beltrami County,US.MN.BT,20,0,
Lewis County,US.NY.LE,20,5,
Campbell County,US.VA.CM,20,1,
Vinton County,US.OH.VI,20,2,
Calhoun County,US.SC.CH,20,1,
Desha County,US.AR.DE,20,0,
Alcona County,US.MI.AC,20,1,
Hansford County,US.TX.HF,20,2,
Dare County,US.NC.DE,20,1,
Cooke County,US.TX.OO,20,0,
Phelps County,US.NE.PH,20,0,
Alcorn County,US.MS.AL,20,1,
Sequatchie County,US.TN.SQ,20,0,
Perry County,US.OH.PE,20,1,
Delta County,US.MI.DE,20,2,
Hancock County,US.WV.HN,20,0,
Barron County,US.WI.BR,20,0,
Pocahontas County,US.IA.PC,20,0,
Bingham County,US.ID.BG,20,0,
Logan County,US.WV.LO,20,1,
Humboldt County,US.IA.HU,20,1,
Wabasha County,US.MN.WB,20,0,
Jackson County,US.TX.JA,19,1,
Jackson County,US.TN.JA,19,0,
Hughes County,US.SD.HG,19,0,
Delaware County,US.IA.DA,19,1,
Washington County,US.IL.WG,19,0,
McNairy County,US.TN.MA,19,0,
Breckinridge County,US.KY.BC,19,2,
Clinton County,US.MO.CO,19,0,
Lewis and Clark County,US.MT.LE,19,0,
Cleveland County,US.AR.CV,19,0,
Uinta County,US.WY.UI,19,0,
Carter County,US.TN.CT,19,1,
Logan County,US.OK.LG,19,1,
Roane County,US.TN.RA,19,0,
Grundy County,US.IA.GN,19,0,
Swift County,US.MN.SW,19,1,
Calaveras County,US.CA.CA,19,0,
Nemaha County,US.KS.NM,19,0,
Grays Harbor County,US.WA.GY,19,0,
Tioga County,US.PA.TI,19,2,
Floyd County,US.IA.FL,19,1,
Gilchrist County,US.FL.GI,19,0,
Asotin County,US.WA.AS,19,2,
Moody County,US.SD.MO,19,0,
Montgomery County,US.KS.MG,19,2,
Lavaca County,US.TX.LA,19,1,
Franklin County,US.TX.FK,19,0,
Morgan County,US.WV.MA,19,0,
Henry County,US.OH.HE,18,0,
Johnson County,US.WY.JO,18,1,
Swisher County,US.TX.SW,18,1,
Rockbridge County,US.VA.RB,18,0,
Webster County,US.MO.WE,18,0,
Pontotoc County,US.OK.PN,18,2,
Warren County,US.GA.WR,18,0,
Morgan County,US.TN.MG,18,0,
Geary County,US.KS.GE,18,1,
Doniphan County,US.KS.DP,18,0,
Charlevoix County,US.MI.CV,18,1,
Mason County,US.IL.MS,18,0,
DeWitt County,US.TX.DE,18,1,
Kleberg County,US.TX.KL,18,1,
Grant County,US.AR.GN,18,0,
Schley County,US.GA.SY,18,1,
Garvin County,US.OK.GV,18,1,
Twiggs County,US.GA.TG,18,1,
Hancock County,US.IA.HN,18,0,
Monroe County,US.WI.MO,18,1,
Parke County,US.IN.PA,18,0,
Buchanan County,US.VA.BH,18,0,
Scioto County,US.OH.SC,18,0,
Mercer County,US.IL.ME,18,0,
Glenn County,US.CA.GL,18,0,
Fillmore County,US.MN.FI,18,0,
Gladwin County,US.MI.GL,18,1,
Jackson County,US.WI.JA,18,1,
McKenzie County,US.ND.MK,18,0,
Athens County,US.OH.AS,18,1,
Campbell County,US.TN.CM,18,1,
Clear Creek County,US.CO.CL,17,1,
Lunenburg County,US.VA.LN,17,0,
Hancock County,US.IL.HC,17,1,
Sequoyah County,US.OK.SQ,17,3,
Raleigh County,US.WV.RL,17,0,
Uvalde County,US.TX.UV,17,0,
Little River County,US.AR.LT,17,0,
Giles County,US.TN.GL,17,0,
Cowley County,US.KS.CL,17,1,
Marion County,US.TX.MN,17,1,
Lyon County,US.KY.LY,17,3,
Lamb County,US.TX.LB,17,0,
Chowan County,US.NC.CW,17,0,
Fayette County,US.AL.FA,17,0,
Izard County,US.AR.IZ,17,1,
Gem County,US.ID.GE,17,0,
San Jacinto County,US.TX.SJ,17,0,
Brown County,US.MN.BR,17,2,
Floyd County,US.KY.FO,17,0,
Nelson County,US.VA.NL,17,0,
Carroll County,US.IL.CL,17,2,
Carter County,US.KY.CR,17,0,
Trinity County,US.TX.TR,17,0,
Sibley County,US.MN.SI,17,0,
Cascade County,US.MT.CS,17,2,
Benewah County,US.ID.BA,17,0,
Grant County,US.KS.GT,17,1,
Shelby County,US.IL.SB,16,1,
Carroll County,US.IA.CL,16,1,
Osceola County,US.MI.OE,16,0,
Floyd County,US.TX.FY,16,0,
Love County,US.OK.LV,16,0,
Crockett County,US.TN.CK,16,3,
Ketchikan Gateway Borough,US.AK.KG,16,0,
Transylvania County,US.NC.TR,16,1,
Humphreys County,US.TN.HU,16,1,
Mariposa County,US.CA.MP,16,1,
Kossuth County,US.IA.KO,16,0,
Page County,US.IA.PG,16,0,
Long County,US.GA.LG,16,1,
Caledonia County,US.VT.CA,16,0,
Columbia County,US.OR.CL,16,0,
Posey County,US.IN.PS,16,0,
Iowa County,US.WI.IO,16,0,
Carbon County,US.WY.CB,16,1,
Walsh County,US.ND.WL,16,0,
Jefferson County,US.PA.JE,16,0,
Appanoose County,US.IA.AP,16,3,
Sheridan County,US.WY.SH,16,0,
Fulton County,US.PA.FU,16,1,
Butler County,US.IA.BE,16,1,
Lincoln County,US.GA.LC,16,0,
Rappahannock County,US.VA.RP,15,0,
Grant County,US.NM.GR,15,0,
Union County,US.KY.UN,15,0,
Prowers County,US.CO.PR,15,0,
Wheeler County,US.TX.WL,15,0,
McIntosh County,US.GA.MH,15,1,
Le Flore County,US.OK.LE,15,1,
San Miguel County,US.NM.SM,15,0,
Benton County,US.MS.BE,15,0,
Grand County,US.CO.GR,15,0,
Venango County,US.PA.VE,15,0,
Norman County,US.MN.NR,15,0,
Henderson County,US.TN.HS,15,0,
Sabine County,US.TX.SB,15,1,
Lincoln County,US.WY.LI,15,0,
Carroll County,US.KY.CL,15,0,
Perry County,US.AR.PY,15,0,
Smyth County,US.VA.SM,15,0,
Alexander County,US.IL.AL,15,0,
Ida County,US.IA.ID,15,0,
Mercer County,US.KY.MC,15,0,
Mason County,US.WV.MN,15,0,
Currituck County,US.NC.CI,15,0,
Grainger County,US.TN.GA,15,0,
Cleburne County,US.AL.CB,15,1,
Jackson County,US.OH.JA,15,0,
Craig County,US.OK.CG,15,0,
Keokuk County,US.IA.KE,15,0,
Conway County,US.AR.CN,15,1,
Traill County,US.ND.TR,14,0,
Bourbon County,US.KY.BU,14,1,
Phillips County,US.CO.PH,14,0,
Bracken County,US.KY.BK,14,0,
Paulding County,US.OH.PA,14,0,
Tyler County,US.TX.TY,14,0,
Treutlen County,US.GA.TE,14,0,
Pendleton County,US.KY.PN,14,0,
Scott County,US.KS.SC,14,0,
Richland County,US.WI.RI,14,4,
Nodaway County,US.MO.NO,14,0,
Wexford County,US.MI.WE,14,3,
Robertson County,US.TX.RO,14,0,
Wheeler County,US.GA.WL,14,0,
Jackson County,US.IA.JC,14,0,
McIntosh County,US.OK.MI,14,1,
Stewart County,US.TN.SA,14,0,
Webster County,US.GA.WT,14,1,
Martin County,US.IN.MN,14,0,
Greene County,US.IA.GE,14,0,
Middlesex County,US.VA.MI,14,0,
San Juan County,US.WA.SA,14,0,
Ravalli County,US.MT.RA,14,0,
Greenup County,US.KY.GU,14,0,
Sanpete County,US.UT.SP,14,0,
Mitchell County,US.NC.MI,13,0,
Antrim County,US.MI.AN,13,0,
Taney County,US.MO.TA,13,2,
Morgan County,US.UT.MN,13,0,
Terry County,US.TX.TE,13,0,
Quitman County,US.GA.QU,13,1,
McCreary County,US.KY.MR,13,0,
Benton County,US.MO.BN,13,0,
Wright County,US.MO.WG,13,0,
Candler County,US.GA.CR,13,0,
Grant County,US.SD.GA,13,0,
Ohio County,US.IN.OH,13,0,
Rockcastle County,US.KY.RC,13,0,
Ballard County,US.KY.BA,13,0,
Cass County,US.IA.CS,13,0,
Lake County,US.SD.LK,13,0,
Baxter County,US.AR.BA,13,0,
Gosper County,US.NE.GO,13,0,
Jim Wells County,US.TX.JW,13,0,
Taylor County,US.KY.TA,13,1,
Schuyler County,US.IL.SU,13,0,
Palo Pinto County,US.TX.PO,13,2,
Pendleton County,US.WV.PE,13,1,
Chickasaw County,US.IA.CC,13,0,
Day County,US.SD.DY,13,0,
Scott County,US.TN.SC,13,0,
McKean County,US.PA.MC,13,1,
Montgomery County,US.GA.MM,13,0,
Harvey County,US.KS.HV,13,2,
Morrow County,US.OR.MO,13,0,
Warren County,US.IN.WN,13,1,
Audubon County,US.IA.AU,13,1,
Stevens County,US.WA.ST,13,1,
Whitley County,US.KY.WH,13,0,
Nantucket County,US.MA.NA,13,1,
Washington County,US.MO.WS,13,1,
Mercer County,US.WV.MR,13,0,
Pipestone County,US.MN.PS,13,0,
Ste. Genevieve County,US.MO.SG,12,1,
Aitkin County,US.MN.AI,12,0,
Comanche County,US.TX.CE,12,1,
Kanabec County,US.MN.KA,12,1,
Buena Vista city,US.VA.BE,12,0,
Howell County,US.MO.HW,12,0,
Hot Springs County,US.WY.HO,12,0,
Sanborn County,US.SD.SA,12,0,
Baca County,US.CO.BA,12,0,
Chester County,US.TN.CS,12,0,
Claiborne County,US.TN.CI,12,0,
Howard County,US.IA.HO,12,0,
Kearney County,US.NE.KA,12,0,
Grand County,US.UT.GR,12,0,
Zavala County,US.TX.ZV,12,0,
Logan County,US.AR.LG,12,0,
Schuyler County,US.NY.SU,12,0,
Hartley County,US.TX.HL,12,2,
Mason County,US.KY.MS,12,0,
Kingfisher County,US.OK.KN,12,0,
Manistee County,US.MI.ME,12,0,
Moultrie County,US.IL.MI,12,0,
Lawrence County,US.SD.LW,12,0,
Marshall County,US.MN.MS,12,0,
Ouachita County,US.AR.OU,12,0,
Franklin County,US.IL.FR,12,0,
Bates County,US.MO.BS,12,1,
Bond County,US.IL.BN,12,1,
Oneida County,US.WI.ON,12,0,
Wabash County,US.IL.WB,12,0,
Henry County,US.MO.HE,12,3,
Johnson County,US.IL.JH,12,0,
Ellis County,US.KS.EL,12,0,
Hancock County,US.ME.HA,12,1,
Grant County,US.WV.GA,12,0,
Fentress County,US.TN.FE,12,0,
Caldwell County,US.KY.CD,12,0,
Luna County,US.NM.LU,11,1,
Winnebago County,US.IA.WB,11,0,
Morrill County,US.NE.MO,11,0,
Leelanau County,US.MI.LE,11,0,
Knox County,US.NE.KN,11,0,
Otoe County,US.NE.OT,11,0,
Potter County,US.PA.PO,11,0,
Wood County,US.WI.WO,11,1,
Trigg County,US.KY.TG,11,0,
Blanco County,US.TX.BC,11,1,
Freestone County,US.TX.FE,11,0,
Ransom County,US.ND.RN,11,0,
Boone County,US.WV.BN,11,0,
Big Stone County,US.MN.BI,11,0,
Montgomery County,US.MO.MM,11,0,
Calhoun County,US.IA.CO,11,0,
Presque Isle County,US.MI.PR,11,0,
Clark County,US.IL.CK,11,0,
Adams County,US.OH.AD,11,1,
Wilkin County,US.MN.WL,11,3,
Teton County,US.ID.TE,11,0,
Juab County,US.UT.JU,11,0,
Zapata County,US.TX.ZP,11,0,
Falls County,US.TX.FL,11,0,
Polk County,US.NE.PO,11,0,
Silver Bow County,US.MT.SI,11,0,
Dunn County,US.ND.DU,11,0,
Fulton County,US.IL.FU,11,0,
Fulton County,US.KY.FU,11,0,
Piatt County,US.IL.PA,11,0,
Crawford County,US.IL.CW,11,0,
Larue County,US.KY.LR,11,0,
Lincoln County,US.KY.LN,11,1,
Ripley County,US.MO.RI,11,0,
Carbon County,US.UT.CR,11,0,
Leon County,US.TX.LN,11,0,
Cass County,US.MN.CS,11,2,
Logan County,US.IL.LO,10,0,
Randolph County,US.MO.RN,10,0,
Pamlico County,US.NC.PM,10,0,
Garrett County,US.MD.GA,10,0,
Brown County,US.IL.BR,10,0,
Lafayette County,US.FL.LF,10,0,
Vernon County,US.MO.VE,10,0,
Knox County,US.KY.KX,10,0,
Aroostook County,US.ME.AR,10,1,
Callahan County,US.TX.AL,10,1,
Linn County,US.MO.LN,10,1,
Menifee County,US.KY.ME,10,0,
Gilmer County,US.WV.GI,10,0,
Cheyenne County,US.NE.CY,10,0,
McCormick County,US.SC.MC,10,1,
Lancaster County,US.VA.LA,10,0,
Vermillion County,US.IN.VE,10,0,
Linn County,US.KS.LN,10,0,
Waushara County,US.WI.WS,10,0,
Wadena County,US.MN.WD,10,0,
Orleans County,US.VT.OL,10,0,
Cherokee County,US.KS.CK,10,0,
Amador County,US.CA.AM,10,0,
Uintah County,US.UT.UN,10,0,
Pope County,US.MN.PE,10,0,
Union County,US.IN.UN,10,0,
Harrison County,US.OH.HR,10,0,
Cumberland County,US.IL.CU,10,0,
Sevier County,US.UT.SE,10,0,
Stone County,US.AR.ST,10,0,
Stanley County,US.SD.ST,10,0,
Union County,US.IA.UN,10,0,
Madison County,US.TX.AD,10,0,
Surry County,US.VA.SR,10,1,
Cooper County,US.MO.CP,9,0,
Greenwood County,US.KS.GW,9,0,
Franklin County,US.ID.FA,9,0,
Marshall County,US.OK.MH,9,0,
Cameron Parish,US.LA.CM,9,0,
Wayne County,US.IL.WY,9,1,
Carroll County,US.MO.CL,9,0,
Hamilton County,US.TX.HM,9,1,
Siskiyou County,US.CA.SK,9,0,
Greenbrier County,US.WV.GE,9,0,
Wetzel County,US.WV.WT,9,0,
Greenlee County,US.AZ.GE,9,0,
Pacific County,US.WA.PA,9,1,
Adair County,US.IA.AI,9,0,
Furnas County,US.NE.FU,9,0,
Osage County,US.KS.OS,9,0,
Orange County,US.VT.OA,9,0,
Burt County,US.NE.BT,9,0,
Morgan County,US.MO.MG,9,0,
Roane County,US.WV.RO,9,1,
Van Buren County,US.IA.VA,9,0,
Bath County,US.KY.BH,9,1,
Cedar County,US.MO.CD,9,0,
Duchesne County,US.UT.DU,9,0,
Jefferson County,US.ID.JF,9,0,
Tazewell County,US.VA.TA,9,0,
Lafayette County,US.AR.LF,9,1,
Montague County,US.TX.MU,9,1,
Montgomery County,US.IA.MG,9,2,
Lampasas County,US.TX.LP,9,0,
Barnes County,US.ND.BA,9,0,
Stanton County,US.KS.ST,9,0,
Lee County,US.VA.LE,9,0,
Pike County,US.OH.PK,9,0,
Howard County,US.TX.HW,9,1,
Wayne County,US.KY.WY,9,0,
Blaine County,US.OK.BL,9,0,
Harrison County,US.MO.HS,9,0,
Taylor County,US.WV.TA,9,0,
Gallia County,US.OH.GA,9,1,
Live Oak County,US.TX.LK,9,0,
Koochiching County,US.MN.KO,9,0,
Monroe County,US.WV.ME,8,0,
Sawyer County,US.WI.SW,8,0,
Poquoson city,US.VA.PQ,8,0,
Clay County,US.KY.CY,8,2,
Scotland County,US.MO.SO,8,0,
Ouray County,US.CO.OU,8,1,
Henderson County,US.IL.HD,8,0,
Bourbon County,US.KS.BB,8,1,
Russell County,US.VA.RU,8,0,
Lewis County,US.WV.LE,8,1,
Reeves County,US.TX.RE,8,0,
Menominee County,US.MI.MM,8,0,
Lynn County,US.TX.LY,8,1,
Cedar County,US.NE.CA,8,0,
Houghton County,US.MI.HO,8,0,
Benton County,US.TN.BN,8,1,
Bon Homme County,US.SD.BH,8,0,
Rowan County,US.KY.RW,8,0,
Tehama County,US.CA.TE,8,1,
Antelope County,US.NE.AN,8,0,
Casey County,US.KY.CS,8,0,
Barbour County,US.WV.BB,8,1,
Clay County,US.TN.CY,8,0,
Madison County,US.MT.MA,8,1,
Gaines County,US.TX.GS,8,0,
Mackinac County,US.MI.MK,8,0,
Archuleta County,US.CO.AC,8,0,
Ramsey County,US.ND.RM,8,1,
Moffat County,US.CO.MF,8,0,
Barry County,US.MO.BR,8,0,
Washington County,US.KY.WS,8,0,
Vilas County,US.WI.VI,8,0,
Houston County,US.TN.HO,8,0,
Kimball County,US.NE.KB,8,0,
Effingham County,US.IL.EF,8,1,
Park County,US.MT.PA,8,0,
Livingston County,US.KY.LV,8,0,
Van Wert County,US.OH.VA,8,0,
Churchill County,US.NV.CH,8,1,
Oscoda County,US.MI.OO,8,1,
Crawford County,US.MO.CF,8,0,
Sumner County,US.KS.SU,8,1,
Mingo County,US.WV.MO,8,1,
Owyhee County,US.ID.OW,8,0,
Colusa County,US.CA.CL,7,0,
Grand Isle County,US.VT.GR,7,0,
Fillmore County,US.NE.FI,7,1,
McLean County,US.ND.ML,7,0,
Lewis County,US.MO.LE,7,1,
Emery County,US.UT.EM,7,0,
Arkansas County,US.AR.AR,7,0,
Lewis County,US.KY.LI,7,0,
Boone County,US.AR.BO,7,0,
Noble County,US.OK.NB,7,0,
Lexington city,US.VA.LX,7,0,
Beckham County,US.OK.BC,7,0,
Nicholas County,US.WV.NI,7,1,
Boone County,US.NE.BO,7,0,
Jefferson County,US.NE.JE,7,0,
Bosque County,US.TX.BQ,7,0,
Searcy County,US.AR.SA,7,0,
Tuolumne County,US.CA.TO,7,0,
Saline County,US.IL.SE,7,0,
Bollinger County,US.MO.BI,7,0,
Renville County,US.MN.RN,7,0,
Lake County,US.MI.LK,7,0,
Redwood County,US.MN.RW,7,0,
Brown County,US.KS.BR,7,0,
Power County,US.ID.PO,7,0,
Curry County,US.OR.CU,7,0,
Goliad County,US.TX.GI,7,0,
Costilla County,US.CO.CS,7,0,
Upshur County,US.WV.UP,7,0,
Miami County,US.KS.MI,7,0,
Palo Alto County,US.IA.PO,7,0,
Radford city,US.VA.RD,7,0,
Clay County,US.WV.CY,7,0,
Sharkey County,US.MS.SH,7,0,
Laclede County,US.MO.LD,7,0,
Hancock County,US.KY.HC,7,0,
Marion County,US.KS.MN,7,1,
Fulton County,US.AR.FU,7,0,
Stone County,US.MO.SE,7,0,
Wilbarger County,US.TX.WG,7,0,
Adams County,US.IA.AM,7,0,
Eastland County,US.TX.EA,7,0,
Roosevelt County,US.MT.RO,7,0,
Rooks County,US.KS.RO,7,0,
Sherman County,US.KS.SH,7,0,
Crittenden County,US.KY.CT,7,1,
Yellow Medicine County,US.MN.YE,7,0,
Metcalfe County,US.KY.MT,7,2,
Lincoln County,US.WI.LI,7,0,
Latah County,US.ID.LA,7,0,
Lawrence County,US.MO.LW,7,0,
Massac County,US.IL.MA,7,0,
Forest County,US.PA.FO,7,0,
Lincoln County,US.MT.LN,7,1,
Scott County,US.VA.SC,7,2,
Big Horn County,US.WY.BI,6,0,
Buffalo County,US.WI.BF,6,2,
Bandera County,US.TX.BA,6,0,
Bonner County,US.ID.BR,6,0,
Tillamook County,US.OR.TI,6,0,
Woodson County,US.KS.WO,6,0,
Young County,US.TX.YU,6,1,
Kiowa County,US.OK.KO,6,0,
Caldwell County,US.MO.CW,6,0,
Decatur County,US.TN.DC,6,0,
Mahnomen County,US.MN.MH,6,1,
Lassen County,US.CA.LS,6,0,
Johnson County,US.NE.JO,6,0,
Major County,US.OK.MJ,6,1,
Pike County,US.AR.PE,6,0,
Clay County,US.KS.CY,6,1,
Dickinson County,US.MI.DI,6,2,
Garza County,US.TX.GR,6,0,
DeKalb County,US.MO.DE,6,0,
McCook County,US.SD.MC,6,1,
McDowell County,US.WV.MC,6,0,
Greene County,US.IL.GE,6,0,
Macon County,US.MO.MN,6,0,
Glacier County,US.MT.GC,6,0,
Lake County,US.MT.LA,6,0,
Pembina County,US.ND.PE,6,0,
Union County,US.OR.UN,6,0,
Meigs County,US.OH.MS,6,0,
Mercer County,US.ND.ME,6,0,
Crook County,US.OR.CR,6,0,
Crawford County,US.KS.CR,6,1,
Millard County,US.UT.MD,6,0,
Pierce County,US.NE.PI,6,0,
Craig County,US.VA.CG,6,0,
Haskell County,US.OK.HS,6,0,
Clay County,US.AR.CY,6,0,
Pike County,US.IN.PI,6,0,
Tripp County,US.SD.TR,6,0,
Evans County,US.GA.EV,6,0,
Chariton County,US.MO.CI,6,0,
Morgan County,US.OH.MA,6,0,
Rolette County,US.ND.RO,6,0,
Lincoln County,US.MN.LI,6,0,
Franklin County,US.NE.FA,6,0,
Jackson County,US.AR.JA,6,0,
Noble County,US.OH.NO,6,0,
Hutchinson County,US.SD.HT,6,0,
Carson County,US.TX.CN,6,0,
Elk County,US.PA.EL,6,0,
Floyd County,US.VA.FO,6,1,
Carbon County,US.MT.CB,6,0,
Leslie County,US.KY.LS,6,0,
Los Alamos County,US.NM.LO,6,0,
Morton County,US.KS.MT,6,0,
Newton County,US.TX.NE,6,0,
Fall River County,US.SD.FL,6,0,
Cumberland County,US.KY.CU,5,0,
Union County,US.NM.UN,5,0,
Phelps County,US.MO.PH,5,0,
Goshen County,US.WY.GO,5,0,
Franklin County,US.AR.FR,5,0,
Gilpin County,US.CO.GI,5,0,
Shannon County,US.MO.SN,5,0,
Gogebic County,US.MI.GO,5,1,
Webster County,US.NE.WE,5,0,
Crook County,US.WY.CK,5,0,
Johnson County,US.KY.JO,5,0,
Wells County,US.ND.WE,5,0,
Moore County,US.TN.MO,5,0,
Las Animas County,US.CO.LS,5,0,
Edwards County,US.KS.ED,5,0,
Duval County,US.TX.DU,5,0,
Valley County,US.NE.VA,5,0,
Morris County,US.KS.MR,5,0,
Spink County,US.SD.SP,5,0,
Okfuskee County,US.OK.OF,5,0,
Benzie County,US.MI.BE,5,0,
Gillespie County,US.TX.GL,5,0,
Montmorency County,US.MI.MR,5,0,
Latimer County,US.OK.LA,5,1,
Dickinson County,US.KS.DK,5,0,
Garrard County,US.KY.GR,5,0,
Osage County,US.MO.OS,5,0,
Monroe County,US.AR.ME,5,0,
Giles County,US.VA.GI,5,0,
Murray County,US.OK.MR,5,0,
Walworth County,US.SD.WA,5,0,
Marquette County,US.WI.MQ,5,1,
Cotton County,US.OK.CT,5,2,
Matthews County,US.VA.MT,5,0,
Lincoln County,US.WV.LI,5,0,
Clay County,US.TX.CY,5,0,
Hamilton County,US.NY.HA,5,1,
Clay County,US.NC.CY,5,0,
Lipscomb County,US.TX.LM,5,0,
Marshall County,US.IL.MH,5,0,
Hamlin County,US.SD.HM,5,0,
Marion County,US.MO.MO,5,0,
Aransas County,US.TX.AA,5,0,
Brooke County,US.WV.BO,5,0,
Pushmataha County,US.OK.PU,5,0,
Adams County,US.WI.AD,5,1,
Hand County,US.SD.HD,5,0,
Hodgeman County,US.KS.HG,5,0,
Ralls County,US.MO.RL,5,0,
Woodward County,US.OK.WW,5,0,
Hickman County,US.KY.HA,5,0,
Cheyenne County,US.CO.CE,5,0,
Lincoln County,US.NM.LI,5,0,
Clinton County,US.KY.CO,5,0,
Collingsworth County,US.TX.CG,5,0,
Carlisle County,US.KY.CE,5,1,
Rusk County,US.WI.RU,5,0,
Coos County,US.NH.CO,5,0,
Burke County,US.ND.BK,5,0,
Carter County,US.MO.CR,5,1,
Cloud County,US.KS.CD,5,0,
Traverse County,US.MN.TR,5,0,
Colfax County,US.NM.CO,5,0,
Tucker County,US.WV.TU,5,0,
Warren County,US.PA.WR,5,0,
Lawrence County,US.KY.LC,5,0,
Coal County,US.OK.CL,5,0,
Red Willow County,US.NE.RE,5,0,
Livingston County,US.MO.LV,4,0,
Jack County,US.TX.JK,4,0,
Jewell County,US.KS.JW,4,0,
Hudspeth County,US.TX.HU,4,0,
Nance County,US.NE.NA,4,0,
La Salle County,US.TX.LS,4,0,
Jackson County,US.SD.JA,4,0,
Miller County,US.MO.ML,4,0,
Wahkiakum County,US.WA.WH,4,0,
Harlan County,US.KY.HL,4,0,
Graham County,US.NC.GH,4,0,
Mineral County,US.NV.MI,4,0,
Nemaha County,US.NE.NE,4,0,
Jefferson County,US.OK.JE,4,0,
Grant County,US.MN.GR,4,0,
Mercer County,US.MO.MC,4,0,
Mitchell County,US.IA.ME,4,0,
Stephens County,US.TX.SE,4,0,
Lawrence County,US.IL.LW,4,0,
Mitchell County,US.KS.MC,4,0,
Atoka County,US.OK.AT,4,0,
Grundy County,US.MO.GU,4,0,
Knott County,US.KY.KT,4,0,
Garfield County,US.UT.GA,4,0,
Garden County,US.NE.GD,4,0,
Fremont County,US.ID.FE,4,0,
Fremont County,US.IA.FO,4,0,
Jim Hogg County,US.TX.JG,4,0,
Nicholas County,US.KY.NI,4,0,
Karnes County,US.TX.KS,4,0,
Deer Lodge County,US.MT.DE,4,0,
Daviess County,US.MO.DV,4,0,
Petersburg Census Area,US.AK.PB,4,1,
Pickett County,US.TN.PI,4,0,
Covington city,US.VA.CV,4,0,
Cottle County,US.TX.OT,4,1,
Corson County,US.SD.CO,4,0,
Pleasants County,US.WV.PL,4,0,
Plumas County,US.CA.PU,4,0,
Conejos County,US.CO.CN,4,0,
Polk County,US.MO.PO,4,0,
Schoolcraft County,US.MI.SR,4,0,
Ness County,US.KS.NS,4,0,
Prairie County,US.AR.PR,4,0,
Worth County,US.MO.WO,4,0,
Tyrrell County,US.NC.TY,4,0,
Sargent County,US.ND.SG,4,0,
Bristol city,US.VA.BI,4,0,
Broadwater County,US.MT.BR,4,0,
Quay County,US.NM.QU,4,1,
Clark County,US.SD.CK,4,0,
Rains County,US.TX.RI,4,0,
Republic County,US.KS.RP,4,0,
Rice County,US.KS.RC,4,0,
Woods County,US.OK.WS,4,0,
Richland County,US.IL.RI,4,0,
Trimble County,US.KY.TM,4,0,
Chautauqua County,US.KS.CQ,4,0,
Ringgold County,US.IA.RI,4,0,
Wirt County,US.WV.WI,4,0,
Union County,US.TN.UO,4,0,
Dallas County,US.MO.DL,4,0,
Eddy County,US.ND.ED,4,0,
Emmons County,US.ND.EM,4,1,
Oldham County,US.TX.OL,4,1,
Lane County,US.KS.LE,4,0,
Langlade County,US.WI.LN,4,0,
De Witt County,US.IL.DW,4,0,
Ottawa County,US.KS.OT,4,0,
Van Buren County,US.TN.VA,4,0,
Sherman County,US.NE.SM,4,0,
Luce County,US.MI.LU,3,0,
Hubbard County,US.MN.HU,3,0,
Nome Census Area,US.AK.NM,3,0,
Howard County,US.MO.HR,3,0,
Nolan County,US.TX.NO,3,0,
Winkler County,US.TX.WI,3,0,
Houston County,US.MN.HO,3,0,
Madison County,US.NC.MD,3,0,
Haskell County,US.TX.HK,3,0,
Chippewa County,US.MI.CP,3,0,
Red Lake County,US.MN.RD,3,0,
Hinsdale County,US.CO.HI,3,0,
Renville County,US.ND.RE,3,0,
Refugio County,US.TX.RF,3,0,
Madison County,US.MO.MD,3,0,
Lac Qui Parle County,US.MN.LC,3,0,
Llano County,US.TX.LL,3,0,
Huerfano County,US.CO.HU,3,0,
Slope County,US.ND.SL,3,0,
Caribou County,US.ID.CR,3,0,
Letcher County,US.KY.LT,3,0,
Lewis County,US.TN.LE,3,0,
Roseau County,US.MN.RS,3,0,
Wallowa County,US.OR.WW,3,0,
Newton County,US.AR.NW,3,0,
Washburn County,US.WI.WR,3,0,
Lincoln County,US.CO.LI,3,0,
Adams County,US.ID.AM,3,0,
Hardeman County,US.TX.RD,3,0,
Chase County,US.KS.CS,3,0,
Kiowa County,US.KS.KW,3,0,
Idaho County,US.ID.ID,3,0,
Skamania County,US.WA.SM,3,0,
Essex County,US.VT.ES,3,0,
Richland County,US.MT.RI,3,0,
Camden County,US.NC.CD,3,0,
Hughes County,US.OK.HU,3,0,
Southeast Fairbanks Census Area,US.AK.SO,3,0,
Johnston County,US.OK.JO,3,0,
Edmunds County,US.SD.ED,3,0,
Monroe County,US.MO.MR,3,0,
Bethel Census Area,US.AK.BE,3,0,
Menominee County,US.WI.MN,3,0,
Bottineau County,US.ND.BT,3,0,
Ashland County,US.WI.AS,3,0,
White Pine County,US.NV.WH,3,0,
Stark County,US.IL.SA,3,0,
Pierce County,US.ND.PI,3,0,
Golden Valley County,US.MT.GO,3,0,
Morgan County,US.KY.MG,3,0,
Kingsbury County,US.SD.KI,3,0,
Owen County,US.KY.OE,3,0,
Atchison County,US.MO.AT,3,0,
Crosby County,US.TX.CB,3,1,
Pend Oreille County,US.WA.PE,3,0,
Dallas County,US.AR.DA,3,0,
Avery County,US.NC.AV,3,0,
Coleman County,US.TX.CM,3,0,
McPherson County,US.SD.MP,3,0,
Greeley County,US.NE.GE,3,0,
Sullivan County,US.PA.SL,3,0,
Breathitt County,US.KY.BT,3,0,
Worth County,US.IA.WT,3,0,
Martin County,US.KY.MI,3,0,
Tyler County,US.WV.TY,3,0,
Martin County,US.TX.MT,3,1,
Jefferson County,US.MT.JE,3,0,
Sublette County,US.WY.SU,3,0,
Gulf County,US.FL.GU,3,0,
Clearwater County,US.MN.CE,3,0,
Yoakum County,US.TX.YA,3,0,
Douglas County,US.SD.DO,3,0,
McCulloch County,US.TX.MC,3,0,
Kane County,US.UT.KA,3,0,
Bayfield County,US.WI.BY,3,1,
Washita County,US.OK.WT,2,0,
White County,US.IL.WE,2,0,
Valley County,US.ID.VA,2,0,
Wyoming County,US.WV.WY,2,0,
Trinity County,US.CA.TR,2,0,
Ziebach County,US.SD.ZI,2,0,
Edwards County,US.IL.EW,2,0,
Reagan County,US.TX.RG,2,0,
Douglas County,US.MO.DO,2,0,
Mineral County,US.CO.MI,2,0,
Miner County,US.SD.ME,2,0,
Pratt County,US.KS.PR,2,0,
Presidio County,US.TX.PS,2,0,
Price County,US.WI.PC,2,0,
Prince of Wales-Hyder Census Area,US.AK.PH,2,0,
Hall County,US.TX.HA,2,0,
Dewey County,US.OK.DW,2,0,
Hamilton County,US.IL.HM,2,0,
St. Clair County,US.MO.SC,2,0,
Reynolds County,US.MO.RE,2,0,
Delta County,US.TX.DT,2,0,
Decatur County,US.IA.DC,2,0,
Hanson County,US.SD.HS,2,0,
Roberts County,US.TX.RS,2,0,
Custer County,US.ID.CU,2,0,
Custer County,US.CO.CU,2,0,
Norton County,US.KS.NT,2,0,
Runnels County,US.TX.RN,2,0,
Green County,US.KY.GN,2,0,
Pondera County,US.MT.PN,2,0,
Grant County,US.OK.GN,2,0,
Piute County,US.UT.PT,2,0,
Gasconade County,US.MO.GA,2,0,
Northwest Arctic Borough,US.AK.NW,2,0,
Gallatin County,US.IL.GA,2,0,
Franklin County,US.FL.FR,2,0,
Niobrara County,US.WY.NI,2,0,
Oregon County,US.MO.OR,2,0,
Florence County,US.WI.FL,2,0,
Osborne County,US.KS.OB,2,0,
Owsley County,US.KY.OS,2,0,
Fleming County,US.KY.FE,2,0,
Park County,US.WY.PA,2,0,
Pawnee County,US.KS.PN,2,0,
Fisher County,US.TX.FH,2,1,
Neosho County,US.KS.NO,2,0,
Pershing County,US.NV.PE,2,0,
Grant County,US.ND.GT,2,0,
Phillips County,US.KS.PL,2,0,
Ellsworth County,US.KS.EW,2,0,
Montgomery County,US.AR.MT,2,0,
Marshall County,US.SD.MS,2,0,
McHenry County,US.ND.MH,2,1,
Comanche County,US.KS.CM,2,0,
Benson County,US.ND.BE,2,0,
Sioux County,US.ND.SI,2,0,
Sitka City and Borough,US.AK.SI,2,0,
Smith County,US.KS.SM,2,0,
Taylor County,US.WI.TA,2,0,
Braxton County,US.WV.BX,2,0,
Box Butte County,US.NE.BX,2,0,
Hyde County,US.NC.HE,2,0,
Bent County,US.CO.BE,2,0,
Bell County,US.KY.BL,2,0,
Lincoln County,US.NV.LI,2,0,
Lake County,US.OR.LK,2,0,
Iron County,US.MI.IR,2,0,
Iron County,US.MO.IR,2,0,
Armstrong County,US.TX.AM,2,0,
Archer County,US.TX.AC,2,0,
Iron County,US.WI.IR,2,1,
Alpine County,US.CA.AP,2,0,
Keith County,US.NE.KT,2,0,
Brule County,US.SD.BU,2,0,
Norton city,US.VA.NC,2,0,
Sheridan County,US.KS.SD,2,0,
Lincoln County,US.WA.LI,2,0,
Calhoun County,US.WV.CH,2,0,
Highland County,US.VA.HA,2,0,
Childress County,US.TX.CD,2,0,
Marion County,US.AR.MN,2,0,
Harper County,US.KS.HP,2,0,
Maries County,US.MO.MS,2,0,
Cheyenne County,US.KS.CN,2,0,
Clay County,US.IL.CY,2,0,
Cameron County,US.PA.CE,2,0,
Magoffin County,US.KY.MF,2,0,
Catron County,US.NM.CA,2,1,
Hardin County,US.IL.HI,1,0,
Irion County,US.TX.IR,1,0,
Washington County,US.ME.WS,1,0,
Glascock County,US.GA.GS,1,0,
Harding County,US.NM.HA,1,0,
Kimble County,US.TX.KM,1,0,
Hyde County,US.SD.HY,1,0,
Glasscock County,US.TX.GC,1,0,
Harper County,US.OK.HP,1,0,
Hancock County,US.TN.HC,1,0,
Gregory County,US.SD.GE,1,0,
Gove County,US.KS.GO,1,0,
Hemphill County,US.TX.HH,1,0,
Holt County,US.NE.HT,1,0,
Wayne County,US.IA.WY,1,0,
Hidalgo County,US.NM.HI,1,0,
Hitchcock County,US.NE.HI,1,0,
Griggs County,US.ND.GI,1,0,
Harney County,US.OR.HA,1,0,
Hill County,US.MT.HI,1,0,
Grant County,US.OR.GR,1,0,
Holt County,US.MO.HL,1,0,
Garfield County,US.NE.GF,1,0,
Briscoe County,US.TX.BO,1,0,
Clark County,US.MO.CK,1,0,
Cimarron County,US.OK.CO,1,0,
Cherry County,US.NE.CH,1,0,
Chase County,US.NE.CE,1,0,
Wolfe County,US.KY.WL,1,0,
Camas County,US.ID.CM,1,0,
Calhoun County,US.IL.CH,1,0,
Burnett County,US.WI.BN,1,1,
Woodruff County,US.AR.WO,1,0,
Brooks County,US.TX.BK,1,0,
Brewster County,US.TX.BS,1,0,
Frontier County,US.NE.FO,1,0,
Boyd County,US.NE.BY,1,0,
Bowman County,US.ND.BW,1,0,
Beaverhead County,US.MT.BE,1,0,
Baylor County,US.TX.BR,1,0,
Barber County,US.KS.AB,1,0,
Baraga County,US.MI.BA,1,0,
Baker County,US.OR.BA,1,0,
Anderson County,US.KS.AN,1,0,
Yukon-Koyukuk Census Area,US.AK.YU,1,0,
Alfalfa County,US.OK.AL,1,0,
Cochran County,US.TX.CC,1,0,
Coke County,US.TX.OK,1,0,
Columbia County,US.WA.CM,1,0,
Wilson County,US.KS.WL,1,0,
Foster County,US.ND.FO,1,0,
Ferry County,US.WA.FE,1,0,
Fergus County,US.MT.FE,1,0,
Faulk County,US.SD.FU,1,0,
Estill County,US.KY.ES,1,0,
Elliott County,US.KY.EL,1,0,
Weston County,US.WY.WE,1,0,
Kittson County,US.MN.KI,1,0,
Edgar County,US.IL.EG,1,0,
Wheatland County,US.MT.WH,1,0,
Divide County,US.ND.DV,1,0,
Dimmit County,US.TX.DM,1,0,
Dickey County,US.ND.DC,1,0,
Dickens County,US.TX.DC,1,0,
Dewey County,US.SD.DW,1,0,
Deuel County,US.SD.DU,1,0,
Dent County,US.MO.DN,1,0,
Dawes County,US.NE.DS,1,0,
Custer County,US.SD.CU,1,0,
Crockett County,US.TX.CT,1,0,
Concho County,US.TX.ON,1,0,
Kinney County,US.TX.KN,1,0,
LaMoure County,US.ND.LA,1,0,
Sierra County,US.CA.SE,1,0,
Mitchell County,US.TX.MH,1,0,
Pope County,US.IL.PE,1,0,
Piscataquis County,US.ME.PI,1,0,
San Juan County,US.CO.SJ,1,0,
Pike County,US.IL.PK,1,0,
San Saba County,US.TX.SS,1,0,
Stevens County,US.MN.SV,1,0,
McIntosh County,US.ND.MI,1,0,
Meagher County,US.MT.ME,1,0,
Steele County,US.ND.SE,1,0,
Stafford County,US.KS.SF,1,0,
Trego County,US.KS.TR,1,0,
Mills County,US.TX.MS,1,0,
Schuyler County,US.MO.SH,1,0,
Sierra County,US.NM.SI,1,0,
Storey County,US.NV.ST,1,0,
Richardson County,US.NE.RI,1,0,
Motley County,US.TX.MY,1,0,
Scott County,US.AR.SC,1,0,
Pepin County,US.WI.PE,1,0,
Musselshell County,US.MT.MU,1,0,
Nelson County,US.ND.NE,1,0,
North Slope Borough,US.AK.NH,1,0,
Sherman County,US.OR.SH,1,0,
Nuckolls County,US.NE.NU,1,0,
Shackelford County,US.TX.SC,1,0,
Sheridan County,US.ND.SH,1,0,
Shelby County,US.MO.SB,1,0,
Oliver County,US.ND.OL,1,0,
Stillwater County,US.MT.ST,1,0,
Platte County,US.WY.PL,1,0,
Real County,US.TX.RL,1,0,
Powell County,US.KY.PO,1,0,
Texas County,US.MO.TE,1,0,
Putnam County,US.IL.PT,1,0,
Summers County,US.WV.SU,1,0,
Ward County,US.TX.WD,1,0,
Kodiak Island Borough,US.AK.KO,1,0,
Lake County,US.MN.LE,1,0,
Thomas County,US.NE.TO,1,0,
Lee County,US.KY.LE,1,0,
Ritchie County,US.WV.RI,1,0,
Thayer County,US.NE.TA,1,0,
Taliaferro County,US.GA.TA,1,0,
Lemhi County,US.ID.LM,1,0,
Knox County,US.TX.KX,1,0,
Liberty County,US.MT.LB,1,0,
Rosebud County,US.MT.RS,1,0,
Sully County,US.SD.SU,1,0,
Rio Blanco County,US.CO.RB,1,0,
Daggett County,US.UT.DG,0,0,
Dawson County,US.MT.DW,0,0,
Daniels County,US.MT.DN,0,0,
Sedgwick County,US.CO.SE,0,0,
Cavalier County,US.ND.CV,0,0,
Scott County,US.IL.SO,0,0,
De Baca County,US.NM.DE,0,0,
Cook County,US.MN.CO,0,0,
Clark County,US.ID.CA,0,0,
Dade County,US.MO.DD,0,0,
Chouteau County,US.MT.CH,0,0,
Rush County,US.KS.RH,0,0,
Robertson County,US.KY.RB,0,0,
Treasure County,US.MT.TR,0,0,
Custer County,US.MT.CU,0,0,
Clearwater County,US.ID.CE,0,0,
Schleicher County,US.TX.SH,0,0,
Rock County,US.NE.RO,0,0,
Roger Mills County,US.OK.RR,0,0,
Culberson County,US.TX.UL,0,0,
Sanders County,US.MT.SA,0,0,
Carter County,US.MT.CT,0,0,
Russell County,US.KS.RS,0,0,
Towner County,US.ND.TO,0,0,
Kiowa County,US.CO.KO,0,0,
Campbell County,US.SD.CP,0,0,
Stonewall County,US.TX.SA,0,0,
Bennett County,US.SD.BN,0,0,
Beaver County,US.UT.BV,0,0,
Bear Lake County,US.ID.BK,0,0,
Throckmorton County,US.TX.TH,0,0,
Bath County,US.VA.BA,0,0,
Barton County,US.MO.BT,0,0,
Thomas County,US.KS.TH,0,0,
Banner County,US.NE.BA,0,0,
Arthur County,US.NE.AR,0,0,
Sutton County,US.TX.ST,0,0,
Sweet Grass County,US.MT.SW,0,0,
Allen County,US.KS.AL,0,0,
Alger County,US.MI.AG,0,0,
Teton County,US.MT.TE,0,0,
Aleutians West Census Area,US.AK.AW,0,0,
Aleutians East Borough,US.AK.AE,0,0,
Adams County,US.ND.AD,0,0,
Yakutat City and Borough,US.AK.YA,0,0,
Billings County,US.ND.BI,0,0,
Sheridan County,US.MT.SH,0,0,
Blaine County,US.MT.BL,0,0,
Sheridan County,US.NE.SD,0,0,
Calhoun County,US.AR.CA,0,0,
Butte County,US.SD.BT,0,0,
Butte County,US.ID.BT,0,0,
Shoshone County,US.ID.SH,0,0,
Brown County,US.NE.BW,0,0,
Sioux County,US.NE.SI,0,0,
Bristol Bay Borough,US.AK.BR,0,0,
Skagway Municipality,US.AK.SW,0,0,
Somervell County,US.TX.SV,0,0,
Wrangell City and Borough,US.AK.WG,0,0,
Sterling County,US.TX.SI,0,0,
Boundary County,US.ID.BD,0,0,
Borden County,US.TX.BD,0,0,
Boise County,US.ID.BS,0,0,
Bland County,US.VA.BL,0,0,
Blaine County,US.NE.BL,0,0,
Decatur County,US.KS.DC,0,0,
Powell County,US.MT.PL,0,0,
Denali Borough,US.AK.DE,0,0,
Harlan County,US.NE.HR,0,0,
Logan County,US.ND.LO,0,0,
Hickory County,US.MO.HC,0,0,
Hettinger County,US.ND.HE,0,0,
Logan County,US.NE.LG,0,0,
Hayes County,US.NE.HY,0,0,
Loup County,US.NE.LU,0,0,
Loving County,US.TX.LI,0,0,
Marshall County,US.KS.MS,0,0,
Harmon County,US.OK.HM,0,0,
Harding County,US.SD.HR,0,0,
Rich County,US.UT.RH,0,0,
McCone County,US.MT.MC,0,0,
McMullen County,US.TX.MM,0,0,
McPherson County,US.NE.MC,0,0,
Mellette County,US.SD.ML,0,0,
Haines Borough,US.AK.HA,0,0,
Haakon County,US.SD.HA,0,0,
Menard County,US.TX.EN,0,0,
Mineral County,US.MT.MN,0,0,
Greeley County,US.KS.GL,0,0,
Logan County,US.KS.LG,0,0,
Wallace County,US.KS.WA,0,0,
Lincoln County,US.KS.LC,0,0,
Lewis County,US.ID.LW,0,0,
Kingman County,US.KS.KM,0,0,
King County,US.TX.KG,0,0,
Kidder County,US.ND.KI,0,0,
Keya Paha County,US.NE.KY,0,0,
Keweenaw County,US.MI.KW,0,0,
Kent County,US.TX.KT,0,0,
Kenedy County,US.TX.KE,0,0,
Kalawao County,US.HI.KL,0,0,
Judith Basin County,US.MT.JU,0,0,
Jones County,US.SD.JO,0,0,
Jeff Davis County,US.TX.JF,0,0,
Jackson County,US.CO.JA,0,0,
Issaquena County,US.MS.IS,0,0,
Kusilvak Census Area,US.AK.WA,0,0,
Lake and Peninsula Borough,US.AK.LA,0,0,
Lake of the Woods County,US.MN.LO,0,0,
Hoonah-Angoon Census Area,US.AK.HH,0,0,
Hooker County,US.NE.HO,0,0,
Washington County,US.KS.WS,0,0,
Modoc County,US.CA.MC,0,0,
Mora County,US.NM.MO,0,0,
Grant County,US.NE.GA,0,0,
Esmeralda County,US.NV.ES,0,0,
Ellis County,US.OK.EL,0,0,
Elk County,US.KS.EK,0,0,
Edwards County,US.TX.ED,0,0,
Dundy County,US.NE.DY,0,0,
Potter County,US.SD.PO,0,0,
Powder River County,US.MT.PD,0,0,
Wheeler County,US.NE.WH,0,0,
Wheeler County,US.OR.WE,0,0,
Dolores County,US.CO.DO,0,0,
Doddridge County,US.WV.DO,0,0,
Knox County,US.MO.KN,0,0,
Dillingham Census Area,US.AK.DI,0,0,
Prairie County,US.MT.PR,0,0,
Dickenson County,US.VA.DC,0,0,
Putnam County,US.MO.PN,0,0,
Rawlins County,US.KS.RA,0,0,
Deuel County,US.NE.DL,0,0,
Wibaux County,US.MT.WI,0,0,
Wichita County,US.KS.WH,0,0,
Phillips County,US.MT.PH,0,0,
Petroleum County,US.MT.PO,0,0,
Granite County,US.MT.GN,0,0,
Eureka County,US.NV.EU,0,0,
Graham County,US.KS.GH,0,0,
Wayne County,US.MO.WY,0,0,
Golden Valley County,US.ND.GO,0,0,
Gilliam County,US.OR.GI,0,0,
Garfield County,US.WA.GF,0,0,
Wayne County,US.UT.WE,0,0,
Valley County,US.MT.VA,0,0,
Garfield County,US.MT.GF,0,0,
Oneida County,US.ID.ON,0,0,
Valdez-Cordova Census Area,US.AK.VA,0,0,
Ontonagon County,US.MI.ON,0,0,
Foard County,US.TX.FD,0,0,
Upton County,US.TX.UP,0,0,
Ozark County,US.MO.OZ,0,0,
Pawnee County,US.NE.PA,0,0,
Perkins County,US.NE.PE,0,0,
Webster County,US.WV.WB,0,0,
Perkins County,US.SD.PR,0,0,
Fallon County,US.MT.FA,0,0,
Terrell County,US.TX.TL,0,0,
