County,hasc,confirmed,death,recovered
Los Angeles County,US.CA.LO,95371,3285,
Cook County,US.IL.CO,89407,4536,
Queens County,US.NY.QU,65175,6600,
Kings County,US.NY.KI,59420,7020,
Bronx County,US.NY.BN,47456,4675,
Maricopa County,US.AZ.MA,42374,741,
Nassau County,US.NY.NA,41725,2182,
Suffolk County,US.NY.SF,41253,1978,
Westchester County,US.NY.WE,34748,1419,
Miami-Dade County,US.FL.DA,31562,947,
New York County,US.NY.NE,28331,3065,
Harris County,US.TX.RR,28255,361,
Middlesex County,US.MA.MI,23859,1849,
Wayne County,US.MI.WY,22579,2708,
Philadelphia County,US.PA.PH,21327,1591,
Suffolk County,US.MA.SU,19764,1004,
Bergen County,US.NJ.BE,19275,1983,
Dallas County,US.TX.DS,19034,344,
Hudson County,US.NJ.HD,18814,1448,
Essex County,US.NJ.ES,18696,2018,
Prince George's County,US.MD.PR,18342,677,
Passaic County,US.NJ.PA,16868,1180,
Middlesex County,US.NJ.MI,16724,1317,
Fairfield County,US.CT.FA,16606,1375,
Union County,US.NJ.UN,16353,1324,
Essex County,US.MA.ES,16028,1096,
Riverside County,US.CA.RI,15643,438,
Montgomery County,US.MD.MO,14520,734,
Richmond County,US.NY.RI,14052,1041,
Broward County,US.FL.BO,14046,382,
Fairfax County,US.VA.FX,13728,468,
Rockland County,US.NY.RO,13566,506,
Clark County,US.NV.CL,13174,410,
Palm Beach County,US.FL.PL,12928,492,
San Diego County,US.CA.SD,12837,360,
Providence County,US.RI.PR,12712,501,
Orange County,US.CA.OR,12462,323,
Worcester County,US.MA.WO,12303,920,
New Haven County,US.CT.NH,12275,1069,
Oakland County,US.MI.OD,11886,1085,
Hartford County,US.CT.HA,11558,1369,
Hennepin County,US.MN.HE,11415,764,
San Bernardino County,US.CA.SA,11290,248,
Marion County,US.IN.MO,11182,677,
Milwaukee County,US.WI.MU,10980,389,
Orange County,US.NY.OE,10710,401,
Tarrant County,US.TX.TN,10706,222,
Salt Lake County,US.UT.SL,10417,106,
Mecklenburg County,US.NC.MB,10287,145,
Washington,US.DC.DI,10216,548,
King County,US.WA.KN,9809,610,
Lake County,US.IL.LK,9608,414,
Ocean County,US.NJ.OC,9545,941,
Jefferson Parish,US.LA.JF,9169,481,
Shelby County,US.TN.SY,9139,182,
Hillsborough County,US.FL.HL,9130,132,
Norfolk County,US.MA.NO,9125,927,
Monmouth County,US.NJ.MN,9082,803,
DuPage County,US.IL.DU,8919,468,
Bexar County,US.TX.BX,8857,105,
Orange County,US.FL.OR,8837,56,
Franklin County,US.OH.FR,8694,392,
Davidson County,US.TN.DA,8675,110,
Plymouth County,US.MA.PL,8661,660,
Montgomery County,US.PA.MG,8351,798,
Bristol County,US.MA.BR,8176,567,
Baltimore County,US.MD.BC,7800,465,
Orleans Parish,US.LA.OR,7681,530,
Gwinnett County,US.GA.GW,7666,169,
Mercer County,US.NJ.ME,7619,578,
Kane County,US.IL.KE,7604,264,
Baltimore City,US.MD.BA,7363,333,
Camden County,US.NJ.CM,7278,480,
Macomb County,US.MI.MB,7271,905,
Erie County,US.NY.ER,7206,569,
Prince William County,US.VA.PW,7166,139,
Delaware County,US.PA.DE,7133,653,
Travis County,US.TX.TV,7097,116,
Pima County,US.AZ.PM,7086,268,
Denver County,US.CO.DN,6947,374,
Douglas County,US.NE.DG,6878,88,
Yakima County,US.WA.YA,6828,152,
Hampden County,US.MA.HD,6729,659,
Morris County,US.NJ.MR,6715,793,
Fulton County,US.GA.FU,6604,311,
Will County,US.IL.WL,6577,316,
Cuyahoga County,US.OH.CU,6429,351,
Imperial County,US.CA.IM,6041,81,
St. Louis County,US.MO.SL,6031,564,
Polk County,US.IA.PK,5822,174,
Pinellas County,US.FL.PI,5713,149,
Bucks County,US.PA.BC,5704,563,
Yuma County,US.AZ.YU,5607,80,
Alameda County,US.CA.AA,5493,130,
DeKalb County,US.GA.DA,5442,171,
El Paso County,US.TX.EP,5330,127,
Arapahoe County,US.CO.AA,5127,342,
Burlington County,US.NJ.BU,5125,416,
Anne Arundel County,US.MD.AN,5042,206,
Lee County,US.FL.LE,4956,152,
New Castle County,US.DE.NE,4871,242,
Duval County,US.FL.DU,4848,64,
Somerset County,US.NJ.SO,4841,524,
East Baton Rouge Parish,US.LA.EB,4833,268,
Kent County,US.MI.KN,4816,132,
Lake County,US.IN.LK,4696,239,
Wake County,US.NC.WK,4675,46,
Hamilton County,US.OH.HM,4661,191,
Cobb County,US.GA.CB,4598,239,
Ramsey County,US.MN.RA,4563,217,
Sussex County,US.DE.SU,4542,176,
Greenville County,US.SC.GV,4538,80,
Berks County,US.PA.BK,4487,350,
Fresno County,US.CA.FR,4474,72,
Kern County,US.CA.KE,4340,65,
Lancaster County,US.PA.LN,4326,355,
Lehigh County,US.PA.LH,4205,292,
Dutchess County,US.NY.DU,4191,151,
Adams County,US.CO.AD,4093,154,
Santa Clara County,US.CA.SL,3984,155,
Collier County,US.FL.CL,3966,70,
Loudoun County,US.VA.LD,3890,86,
Jefferson County,US.KY.JF,3820,190,
Utah County,US.UT.UT,3751,22,
Tulare County,US.CA.TL,3705,122,
Monroe County,US.NY.MR,3676,243,
Jefferson County,US.AL.JE,3651,135,
Fort Bend County,US.TX.FR,3645,52,
Chester County,US.PA.CH,3639,323,
Montgomery County,US.AL.MT,3624,95,
Minnehaha County,US.SD.MN,3586,57,
Durham County,US.NC.DH,3521,61,
San Francisco County,US.CA.SF,3468,49,
Snohomish County,US.WA.SN,3431,168,
Navajo County,US.AZ.NA,3397,124,
Mobile County,US.AL.MB,3385,135,
Northampton County,US.PA.NA,3377,265,
Jackson County (including other portions of Kansas City),US.MO.JC,3368,55,
McKinley County,US.NM.MC,3309,166,
Washington County,US.AR.WA,3238,27,
Hillsborough County,US.NH.HI,3231,242,
Polk County,US.FL.PO,3182,92,
Tulsa County,US.OK.TU,3178,67,
Caddo Parish,US.LA.CO,3161,232,
Pinal County,US.AZ.PN,3154,61,
Richland County,US.SC.RI,3151,80,
Charleston County,US.SC.CS,3141,22,
Woodbury County,US.IA.WO,3125,44,
Hall County,US.GA.HL,3115,59,
San Joaquin County,US.CA.SJ,3093,52,
San Mateo County,US.CA.SM,3083,106,
Winnebago County,US.IL.WN,2992,91,
Cumberland County,US.NJ.CU,2936,141,
Elkhart County,US.IN.EL,2928,42,
Luzerne County,US.PA.LU,2898,176,
Hidalgo County,US.TX.HG,2892,31,
Forsyth County,US.NC.FO,2871,34,
Potter County,US.TX.PT,2858,39,
Chesterfield County,US.VA.CD,2842,49,
Atlantic County,US.NJ.AT,2822,211,
Horry County,US.SC.HO,2801,44,
Onondaga County,US.NY.OG,2791,164,
Weld County,US.CO.WE,2783,136,
Brown County,US.WI.BW,2777,42,
Marion County,US.OH.MR,2719,37,
Santa Barbara County,US.CA.SB,2712,28,
Guilford County,US.NC.GU,2690,111,
Contra Costa County,US.CA.CN,2688,73,
Genesee County,US.MI.GE,2683,288,
Galveston County,US.TX.GV,2667,40,
Sacramento County,US.CA.SC,2666,66,
Manatee County,US.FL.MN,2642,129,
Jefferson County,US.CO.JE,2633,208,
Oklahoma County,US.OK.OL,2600,69,
Denton County,US.TX.DN,2581,37,
Allen County,US.IN.AL,2575,104,
Benton County,US.AR.BE,2573,18,
Henrico County,US.VA.HC,2560,141,
Lucas County,US.OH.LU,2549,299,
Gloucester County,US.NJ.GL,2547,180,
Collin County,US.TX.CI,2532,41,
Washoe County,US.NV.WA,2512,74,
Howard County,US.MD.HO,2490,85,
Allegheny County,US.PA.AL,2472,183,
Frederick County,US.MD.FR,2465,117,
Pierce County,US.WA.PI,2465,97,
Arlington County,US.VA.AR,2454,132,
Hays County,US.TX.HY,2415,5,
Rutherford County,US.TN.RU,2362,34,
San Juan County,US.NM.SJ,2357,161,
Ventura County,US.CA.VE,2336,44,
Hamilton County,US.TN.HL,2321,29,
Kings County,US.CA.KI,2318,22,
City of St. Louis,US.MO.SY,2304,151,
Alexandria City,US.VA.AX,2303,57,
El Paso County,US.CO.EL,2296,119,
Apache County,US.AZ.AP,2250,85,
St. Tammany Parish,US.LA.ST,2211,173,
Seminole County,US.FL.SE,2202,16,
Ouachita Parish,US.LA.OU,2199,72,
Cass County,US.ND.CS,2193,65,
Stearns County,US.MN.SR,2166,19,
Pickaway County,US.OH.PC,2162,41,
Richmond City,US.VA.RC,2159,30,
Racine County,US.WI.RA,2148,61,
Wyandotte County,US.KS.WY,2108,80,
Albany County,US.NY.AB,2091,108,
Dakota County,US.MN.DA,2090,86,
Multnomah County,US.OR.MU,2087,69,
Cameron County,US.TX.CA,2085,54,
Brazoria County,US.TX.BI,2064,21,
Bernalillo County,US.NM.BE,2021,85,
Anoka County,US.MN.AN,2020,105,
Black Hawk County,US.IA.BL,2005,57,
Stanislaus County,US.CA.ST,2000,41,
McHenry County,US.IL.MY,1991,97,
Ford County,US.KS.FO,1983,10,
Walker County,US.TX.WK,1961,28,
Montgomery County,US.TX.MG,1952,36,
Dauphin County,US.PA.DA,1932,132,
Lubbock County,US.TX.LU,1916,51,
Hinds County,US.MS.HI,1893,36,
Summit County,US.OH.SU,1884,202,
Dougherty County,US.GA.DH,1883,154,
Clayton County,US.GA.CN,1874,79,
Lafayette Parish,US.LA.LY,1862,41,
Tuscaloosa County,US.AL.TU,1860,38,
Martin County,US.FL.MT,1850,25,
Ada County,US.ID.AA,1841,23,
Lexington County,US.SC.LX,1835,47,
Pulaski County,US.AR.PU,1810,56,
St. Joseph County,US.IN.SN,1798,62,
Ulster County,US.NY.UL,1773,81,
Williamson County,US.TX.WM,1770,35,
St. Clair County,US.IL.SI,1759,135,
Dakota County,US.NE.DK,1755,31,
Volusia County,US.FL.VO,1745,54,
Wayne County,US.NC.WY,1740,25,
Coconino County,US.AZ.CO,1735,92,
Mahoning County,US.OH.MH,1705,227,
Buena Vista County,US.IA.BV,1687,11,
Lancaster County,US.NE.LA,1685,12,
Lackawanna County,US.PA.LC,1680,202,
Washtenaw County,US.MI.WS,1661,104,
Benton County,US.WA.BE,1657,75,
Cumberland County,US.ME.CU,1656,60,
Santa Cruz County,US.AZ.SA,1654,16,
Kent County,US.DE.KE,1652,89,
Osceola County,US.FL.OS,1649,24,
Nobles County,US.MN.NB,1644,6,
Cass County,US.IN.CS,1633,9,
Pasco County,US.FL.PS,1630,17,
Jefferson County,US.TX.JE,1621,32,
Brazos County,US.TX.BZ,1615,28,
Escambia County,US.FL.ES,1611,44,
Hall County,US.NE.HL,1587,46,
St. Lucie County,US.FL.SL,1576,45,
Finney County,US.KS.FI,1563,10,
Franklin County,US.WA.FR,1555,32,
Montgomery County,US.OH.MT,1553,22,
Johnson County,US.KS.JO,1550,85,
Oneida County,US.NY.OD,1547,93,
Brevard County,US.FL.BE,1547,17,
Barnstable County,US.MA.BA,1531,143,
Dane County,US.WI.DA,1530,32,
Muscogee County,US.GA.MG,1519,43,
Nueces County,US.TX.NU,1499,6,
Litchfield County,US.CT.LI,1482,136,
Warren County,US.KY.WR,1481,13,
Trousdale County,US.TN.TR,1476,5,
Kenosha County,US.WI.KN,1468,43,
Rockingham County,US.NH.RO,1465,89,
Rapides Parish,US.LA.RA,1453,57,
Sullivan County,US.NY.SL,1451,35,
York County,US.PA.YO,1443,44,
Marion County,US.OR.MR,1432,41,
Monterey County,US.CA.MT,1429,12,
Hamilton County,US.IN.HM,1428,97,
Spartanburg County,US.SC.SP,1427,44,
Duplin County,US.NC.DP,1422,27,
Monroe County,US.PA.MR,1401,108,
Cache County,US.UT.CA,1400,1,
Marshall County,US.AL.MS,1399,9,
Manassas City,US.VA.MS,1382,16,
Fayette County,US.KY.FA,1372,22,
Charles County,US.MD.CH,1362,86,
Hendricks County,US.IN.HD,1356,99,
Butler County,US.OH.BU,1350,44,
Boulder County,US.CO.BO,1347,71,
Johnston County,US.NC.JH,1346,29,
Sarasota County,US.FL.SR,1341,96,
Putnam County,US.NY.PU,1319,63,
Sumner County,US.TN.SN,1318,51,
Troup County,US.GA.TP,1313,31,
Lebanon County,US.PA.LB,1309,43,
Middlesex County,US.CT.MI,1287,182,
Kankakee County,US.IL.KK,1266,64,
Saginaw County,US.MI.SG,1260,123,
Washington County,US.OR.WI,1258,20,
Tangipahoa Parish,US.LA.TA,1248,43,
Cherokee County,US.GA.CE,1244,44,
New London County,US.CT.NL,1241,102,
Warren County,US.NJ.WA,1227,156,
Niagara County,US.NY.NI,1223,85,
Johnson County,US.IN.JO,1220,117,
Webb County,US.TX.WB,1212,23,
DeSoto County,US.MS.DE,1201,15,
Sussex County,US.NJ.SU,1184,191,
Spokane County,US.WA.SP,1179,39,
Kent County,US.RI.KE,1169,72,
Linn County,US.IA.LI,1166,82,
Robeson County,US.NC.RB,1161,38,
Leavenworth County,US.KS.LV,1148,7,
Henry County,US.GA.HY,1140,33,
Calcasieu Parish,US.LA.CC,1138,54,
Rowan County,US.NC.RW,1137,39,
Randolph County,US.NC.RA,1137,29,
Dallas County,US.IA.DL,1134,29,
Marin County,US.CA.MN,1133,18,
Lowndes County,US.GA.LW,1130,9,
Bell County,US.TX.BL,1128,12,
Madison County,US.MS.MD,1127,32,
Union County,US.NC.UN,1123,23,
Waukesha County,US.WI.WK,1119,38,
Solano County,US.CA.SN,1118,23,
Ascension Parish,US.LA.AE,1115,58,
Sarpy County,US.NE.SY,1111,8,
Carroll County,US.MD.CR,1104,110,
Florence County,US.SC.FL,1104,48,
Cumberland County,US.NC.CU,1101,41,
Lake County,US.FL.LK,1098,22,
Columbiana County,US.OH.CL,1093,59,
Virginia Beach City,US.VA.VI,1092,29,
Sonoma County,US.CA.SO,1092,5,
Harford County,US.MD.HA,1090,61,
Chatham County,US.GA.CM,1090,37,
Davis County,US.UT.DA,1080,4,
Sedgwick County,US.KS.SG,1072,28,
Lafourche Parish,US.LA.LO,1071,85,
Alamance County,US.NC.AA,1066,36,
Hunterdon County,US.NJ.HN,1065,122,
Lee County,US.AL.LE,1063,36,
Washington County,US.UT.WN,1063,3,
Beaufort County,US.SC.BA,1062,17,
Wicomico County,US.MD.WI,1058,40,
Kalamazoo County,US.MI.KA,1055,67,
York County,US.SC.YO,1046,12,
Accomack County,US.VA.AC,1039,14,
Lincoln County,US.AR.LC,1036,11,
Alachua County,US.FL.AL,1033,12,
Cabarrus County,US.NC.CR,1021,27,
Anderson County,US.TX.AE,1017,2,
Jones County,US.MS.JO,1014,48,
St. Charles County,US.MO.SA,1010,73,
Stark County,US.OH.ST,1008,111,
Ottawa County,US.MI.OT,1008,51,
Marshall County,US.IA.MS,1006,18,
Seward County,US.KS.SW,1001,2,
Burke County,US.NC.BK,1000,19,
Olmsted County,US.MN.OL,998,15,
Sumter County,US.SC.SU,994,22,
Sampson County,US.NC.SP,986,6,
Texas County,US.OK.TE,984,6,
Whitfield County,US.GA.WF,984,10,
Ingham County,US.MI.IH,980,29,
Spotsylvania County,US.VA.SP,975,29,
Stafford County,US.VA.SF,974,5,
Gaston County,US.NC.GS,972,11,
Johnson County,US.IA.JH,972,8,
Washington County,US.MN.WH,968,40,
Shelby County,US.AL.SH,963,23,
Mohave County,US.AZ.MO,962,85,
Hampshire County,US.MA.HS,955,110,
Kendall County,US.IL.KA,946,20,
Williamson County,US.TN.WL,945,14,
St. John the Baptist Parish,US.LA.SO,939,86,
Neshoba County,US.MS.NS,932,64,
Terrebonne Parish,US.LA.TR,931,60,
Harrisonburg City,US.VA.HS,925,23,
Chatham County,US.NC.CH,924,42,
Douglas County,US.CO.DU,922,52,
Madison County,US.AL.MD,921,7,
Morgan County,US.AL.MG,916,3,
Franklin County,US.PA.FR,912,42,
Lorain County,US.OH.LR,912,67,
Davidson County,US.NC.DD,908,15,
Tolland County,US.CT.TO,906,64,
Madison County,US.IL.MD,903,68,
Colquitt County,US.GA.CQ,901,18,
Hendry County,US.FL.HR,895,25,
Mower County,US.MN.MW,894,2,
Berkeley County,US.SC.BK,892,21,
Moore County,US.TX.MO,888,15,
Rock Island County,US.IL.RO,882,28,
Douglas County,US.GA.DL,878,36,
Knox County,US.TN.KN,878,5,
Lauderdale County,US.MS.LU,869,78,
Doña Ana County,US.NM.DO,868,8,
Berrien County,US.MI.BN,865,60,
Dawson County,US.NE.DN,857,8,
Chesapeake City,US.VA.CS,854,20,
Richmond County,US.GA.RI,844,48,
Norfolk City,US.VA.NF,842,9,
Rock County,US.WI.RO,839,23,
Buchanan County,US.MO.BC,838,3,
Champaign County,US.IL.CM,837,12,
Franklin County,US.AL.FR,833,11,
Cumberland County,US.PA.CU,833,63,
Randall County,US.TX.RA,825,6,
Merced County,US.CA.MD,824,11,
Livingston Parish,US.LA.LV,814,37,
St. Francis County,US.AR.SI,809,3,
Weber County,US.UT.WB,808,12,
Culpeper County,US.VA.CP,807,10,
Muskegon County,US.MI.MG,806,50,
Trumbull County,US.OH.TR,800,58,
Cleveland County,US.OK.CV,795,40,
Walker County,US.AL.WK,791,13,
Forsyth County,US.GA.FO,788,15,
Elmore County,US.AL.EL,786,13,
Schenectady County,US.NY.SN,786,35,
Kenton County,US.KY.KE,785,36,
Acadia Parish,US.LA.AD,783,36,
Rice County,US.MN.RI,783,4,
Bossier Parish,US.LA.BO,780,29,
Granville County,US.NC.GN,779,19,
Leon County,US.FL.LO,775,8,
Forrest County,US.MS.FO,775,42,
Lee County,US.NC.LE,770,8,
St. Johns County,US.FL.SJ,756,7,
Salem County,US.NJ.SA,755,74,
Robertson County,US.TN.RB,751,11,
New Hanover County,US.NC.NE,750,5,
Dallas County,US.AL.DL,750,8,
Pickens County,US.SC.PI,747,4,
Schuylkill County,US.PA.SC,739,44,
Putnam County,US.TN.PU,735,7,
Bibb County,US.GA.BI,728,38,
St. Charles Parish,US.LA.SC,726,49,
Scott County,US.MS.SC,725,14,
Wilson County,US.TN.WO,725,16,
Clark County,US.OH.CK,722,8,
Rankin County,US.MS.RA,715,12,
Larimer County,US.CO.LR,713,29,
Sandoval County,US.NM.SD,713,29,
Ellis County,US.TX.EI,711,19,
Warren County,US.OH.WR,708,20,
Iredell County,US.NC.IR,707,7,
Cape May County,US.NJ.CP,705,68,
Broome County,US.NY.BO,701,58,
Rockingham County,US.VA.RG,701,9,
Crittenden County,US.AR.CD,696,11,
Wapello County,US.IA.WP,694,29,
Tift County,US.GA.TI,692,25,
Iberville Parish,US.LA.IV,692,43,
Clark County,US.WA.CR,692,30,
Canyon County,US.ID.CN,692,6,
Lake County,US.TN.LK,691,0,
Charlotte County,US.FL.CH,687,76,
Catawba County,US.NC.CB,686,10,
Eagle County,US.CO.EA,685,8,
Washington County,US.MD.WA,684,26,
Titus County,US.TX.TU,683,4,
Clackamas County,US.OR.CC,681,24,
Jefferson County,US.AR.JE,680,28,
Dodge County,US.NE.DE,679,8,
Wilson County,US.NC.WO,674,18,
Carroll County,US.GA.CL,673,39,
Bartow County,US.GA.BT,671,42,
Colfax County,US.NE.CO,665,4,
Pottawattamie County,US.IA.PT,664,11,
Habersham County,US.GA.HB,662,35,
Porter County,US.IN.PR,660,36,
Platte County,US.NE.PL,659,3,
Crawford County,US.IA.CW,658,2,
Sevier County,US.AR.SV,652,7,
Morgan County,US.CO.MN,651,46,
Pitt County,US.NC.PI,650,5,
Winnebago County,US.WI.WA,643,11,
Coweta County,US.GA.CA,643,15,
Orangeburg County,US.SC.OR,643,10,
Beaver County,US.PA.BA,642,78,
Story County,US.IA.ST,638,3,
Madison County,US.IN.MD,638,63,
St. Martin Parish,US.LA.SR,638,26,
Guadalupe County,US.TX.GU,636,1,
Logan County,US.CO.LO,636,5,
Harrison County,US.MS.HR,634,7,
Yavapai County,US.AZ.YA,628,8,
Scott County,US.MN.SC,627,4,
Lee County,US.AR.LE,626,1,
Washington Parish,US.LA.WO,625,46,
McLennan County,US.TX.ML,624,6,
Indian River County,US.FL.IN,620,16,
St. Mary's County,US.MD.SA,619,51,
Clay County,US.FL.CY,616,34,
Bledsoe County,US.TN.BE,616,1,
Orange County,US.NC.OR,616,41,
Kershaw County,US.SC.KE,614,15,
Honolulu County,US.HI.HO,613,12,
Clark County,US.IN.CK,613,44,
Placer County,US.CA.PA,611,11,
Iberia Parish,US.LA.II,610,44,
Jones County,US.TX.JN,607,0,
Westmoreland County,US.PA.WE,607,38,
St. Bernard Parish,US.LA.SE,605,23,
Monroe County,US.MI.MO,602,21,
Chittenden County,US.VT.CH,601,39,
Muscatine County,US.IA.MU,601,44,
Butler County,US.AL.BT,600,27,
Whatcom County,US.WA.WA,599,40,
Tippecanoe County,US.IN.TP,599,8,
Windham County,US.CT.WI,599,14,
Marion County,US.FL.MI,598,10,
Harnett County,US.NC.HT,598,30,
Shawnee County,US.KS.SN,596,9,
Boone County,US.KY.BO,594,23,
Berkshire County,US.MA.BE,594,44,
Tipton County,US.TN.TI,593,4,
Erie County,US.PA.ER,582,10,
St. Landry Parish,US.LA.SL,578,57,
Bartholomew County,US.IN.BA,576,44,
Houston County,US.GA.HO,576,23,
DeSoto County,US.FL.DE,574,10,
Boone County,US.IL.BO,572,21,
Newton County,US.GA.NE,571,11,
Walworth County,US.WI.WL,570,18,
Wilkes County,US.NC.WE,567,6,
Scott County,US.IA.SC,565,10,
Kandiyohi County,US.MN.KD,564,1,
Okaloosa County,US.FL.OA,563,6,
Midland County,US.TX.ID,563,14,
Chambers County,US.AL.CM,561,27,
Livingston County,US.MI.LI,561,28,
Paulding County,US.GA.PA,560,15,
Grayson County,US.TX.GO,558,5,
Shenandoah County,US.VA.SN,558,29,
Henderson County,US.NC.HN,558,49,
Buckingham County,US.VA.BK,556,4,
Clay County,US.MN.CA,556,37,
Etowah County,US.AL.ET,555,13,
Baldwin County,US.AL.BD,555,10,
Anderson County,US.SC.AN,552,10,
Dorchester County,US.SC.DO,551,3,
Twin Falls County,US.ID.TW,551,25,
Rensselaer County,US.NY.RE,550,32,
Sumter County,US.GA.SU,550,50,
Sevier County,US.TN.SV,549,3,
St. Clair County,US.MI.SA,547,49,
Tallapoosa County,US.AL.TP,546,70,
Saratoga County,US.NY.SR,546,15,
Cochise County,US.AZ.CH,538,6,
DeKalb County,US.IL.DK,537,18,
Buncombe County,US.NC.BO,536,36,
Copiah County,US.MS.CP,536,13,
Howard County,US.IN.HO,536,55,
Yell County,US.AR.YE,534,3,
Leake County,US.MS.LK,534,17,
DeKalb County,US.AL.DA,533,5,
Saline County,US.NE.SL,533,2,
Glynn County,US.GA.GY,532,4,
Blaine County,US.ID.BL,528,5,
Washington County,US.RI.WA,523,50,
Calhoun County,US.MI.CU,523,32,
Belmont County,US.OH.BE,521,21,
Kaufman County,US.TX.KU,518,4,
Beadle County,US.SD.BA,518,6,
LaPorte County,US.IN.LA,512,25,
San Luis Obispo County,US.CA.SS,508,1,
Holmes County,US.MS.HO,507,39,
Ector County,US.TX.EC,506,7,
Columbus County,US.NC.CM,502,37,
Skagit County,US.WA.SG,502,15,
McDonald County,US.MO.MA,498,1,
Autauga County,US.AL.AU,498,12,
Pennington County,US.SD.PN,497,16,
York County,US.ME.YO,497,11,
Muhlenberg County,US.KY.MU,495,8,
Jackson County,US.MI.JA,494,30,
Floyd County,US.GA.FL,493,15,
Dubuque County,US.IA.DU,493,22,
Vance County,US.NC.VA,492,36,
Pike County,US.PA.PI,492,20,
Newport News City,US.VA.NN,490,10,
Lyon County,US.KS.LY,484,7,
Coffee County,US.GA.CF,484,17,
Summit County,US.UT.SU,482,0,
Clarke County,US.GA.CK,482,15,
Bedford County,US.TN.BD,482,5,
Victoria County,US.TX.VI,480,8,
Frederick County,US.VA.FK,479,5,
Baldwin County,US.GA.BD,479,33,
Tuscarawas County,US.OH.TU,475,10,
Starr County,US.TX.SR,475,3,
Cecil County,US.MD.CE,473,29,
Jackson County,US.MS.JC,473,16,
Androscoggin County,US.ME.AN,469,4,
Wayne County,US.MS.WY,468,10,
Peoria County,US.IL.PI,468,27,
Barrow County,US.GA.BW,466,25,
Oktibbeha County,US.MS.OK,465,22,
Angelina County,US.TX.AG,464,6,
Delaware County,US.OH.DL,461,15,
Columbia County,US.NY.CU,461,47,
Medina County,US.OH.MD,460,31,
Brunswick County,US.NC.BS,459,4,
Fairfield County,US.OH.FI,458,15,
Yolo County,US.CA.YO,458,24,
Grant County,US.WA.GN,457,6,
Smith County,US.TX.SM,455,4,
Portsmouth City,US.VA.PR,455,16,
Franklin Parish,US.LA.FR,455,14,
Dodge County,US.WI.DD,450,5,
Leflore County,US.MS.LL,449,48,
Kosciusko County,US.IN.KO,449,2,
Outagamie County,US.WI.OU,447,8,
Lee County,US.MS.LE,447,15,
Jasper County,US.MO.JS,447,3,
Greenwood County,US.SC.GW,447,6,
Berkeley County,US.WV.BE,447,10,
Jefferson County,US.MO.JE,445,19,
Yazoo County,US.MS.YZ,444,6,
Bradley County,US.TN.BR,444,3,
Surry County,US.NC.SU,444,2,
Mitchell County,US.GA.MT,444,38,
Jackson County,US.IN.JC,443,3,
Sioux County,US.IA.SI,443,0,
Santa Rosa County,US.FL.SA,442,9,
Lowndes County,US.AL.LO,441,18,
Montgomery County,US.TN.MT,438,7,
LaGrange County,US.IN.LG,437,6,
Craighead County,US.AR.CG,436,6,
Rockdale County,US.GA.RO,436,11,
Comal County,US.TX.OM,435,7,
Tama County,US.IA.TM,435,29,
Houston County,US.AL.HO,433,6,
Daviess County,US.KY.DA,428,8,
Georgetown County,US.SC.GR,426,3,
St. Mary Parish,US.LA.SM,426,38,
Lowndes County,US.MS.LO,425,10,
East Carroll Parish,US.LA.EC,425,1,
Manassas Park city,US.VA.MP,422,5,
Miami County,US.OH.MM,421,30,
Moore County,US.NC.ME,421,13,
Columbia County,US.GA.CI,420,9,
Russell County,US.AL.RU,420,0,
Hot Spring County,US.AR.HT,420,0,
Wright County,US.MN.WR,420,4,
Lincoln County,US.MS.LI,420,33,
Umatilla County,US.OR.UM,419,4,
Delaware County,US.IN.DL,419,48,
Bowie County,US.TX.BW,418,13,
Noble County,US.IN.NO,417,28,
Thomas County,US.GA.TH,417,32,
Fauquier County,US.VA.FQ,417,6,
Darlington County,US.SC.DA,416,14,
Hanover County,US.VA.HV,416,26,
Madera County,US.CA.ME,415,5,
Bastrop County,US.TX.BP,415,6,
Clay County,US.MO.CY,414,10,
Ashtabula County,US.OH.AB,412,43,
Shelby County,US.IN.SH,410,25,
Faulkner County,US.AR.FA,409,3,
Boone County,US.IN.BO,409,41,
Calvert County,US.MD.CL,408,26,
Merrimack County,US.NH.ME,408,18,
Sangamon County,US.IL.SM,408,31,
Clarendon County,US.SC.CN,406,42,
McCurtain County,US.OK.MU,406,4,
Union Parish,US.LA.UN,405,24,
Shelby County,US.KY.SH,405,10,
Lake County,US.OH.LK,405,17,
Lancaster County,US.SC.LN,404,11,
Hancock County,US.IN.HC,404,35,
Nash County,US.NC.NA,403,4,
Hardee County,US.FL.HD,403,3,
Washington County,US.MS.WS,403,9,
Chattahoochee County,US.GA.CH,403,0,
Pope County,US.AR.PP,402,3,
Marshall County,US.IN.MS,401,3,
Portage County,US.OH.PO,400,58,
Columbia County,US.PA.CO,399,33,
San Juan County,US.UT.SJ,399,7,
Wasatch County,US.UT.WA,399,3,
Suffolk City,US.VA.SO,397,34,
La Crosse County,US.WI.LA,396,0,
Ware County,US.GA.WE,395,15,
Todd County,US.MN.TO,395,2,
Pike County,US.AL.PK,394,5,
Suwannee County,US.FL.SW,393,20,
Warren County,US.MS.WR,392,17,
Comanche County,US.OK.CM,391,5,
Washington County,US.OK.WN,391,39,
Webster Parish,US.LA.WR,391,10,
Vanderburgh County,US.IN.VA,388,6,
Municipality of Anchorage,US.AK.AN,387,6,
Bay County,US.MI.BY,386,30,
Lee County,US.GA.LE,385,22,
Spalding County,US.GA.SD,383,32,
Albemarle County,US.VA.AB,382,8,
Walton County,US.GA.WA,382,28,
Lamar County,US.MS.LM,382,7,
Williamsburg County,US.SC.WI,381,15,
Cullman County,US.AL.CU,380,3,
Grand Forks County,US.ND.GD,379,4,
Nacogdoches County,US.TX.NC,379,26,
Geauga County,US.OH.GE,379,41,
Pueblo County,US.CO.PU,378,28,
Sebastian County,US.AR.SB,378,4,
Highlands County,US.FL.HG,373,11,
Johnson County,US.TX.JH,372,4,
Laurens County,US.SC.LU,371,4,
Licking County,US.OH.LI,371,11,
Franklin County,US.MA.FR,366,54,
Lauderdale County,US.AL.LU,365,4,
Gadsden County,US.FL.GA,365,7,
Hunt County,US.TX.HT,364,6,
Roanoke city,US.VA.RO,363,10,
Wright County,US.IA.WG,361,0,
Bullock County,US.AL.BL,359,11,
Lenoir County,US.NC.LN,358,10,
Louisa County,US.IA.LO,358,13,
Caldwell County,US.NC.CL,358,4,
Madison County,US.NE.MA,358,4,
Floyd County,US.IN.FL,357,44,
Greensville County,US.VA.GS,355,7,
Limestone County,US.AL.LI,355,0,
Wood County,US.OH.WO,354,51,
Chesterfield County,US.SC.CF,354,13,
Jackson County,US.FL.JA,353,2,
Fremont County,US.WY.FR,352,9,
Hoke County,US.NC.HO,352,3,
Madison County,US.NY.MA,351,9,
Colbert County,US.AL.CL,350,5,
Craven County,US.NC.CN,350,6,
Santa Cruz County,US.CA.SZ,349,3,
Gordon County,US.GA.GO,349,18,
Bladen County,US.NC.BL,349,3,
Newton County,US.MO.NT,348,2,
Jackson County,US.GA.JC,348,10,
Washington County,US.WI.WN,348,15,
Wayne County,US.OH.WE,348,52,
Upson County,US.GA.UP,348,43,
St. James Parish,US.LA.SJ,345,28,
Payne County,US.OK.PY,345,1,
Attala County,US.MS.AT,345,23,
Coffee County,US.AL.CF,343,1,
Grimes County,US.TX.GM,341,2,
Stanly County,US.NC.SN,340,5,
Brown County,US.SD.BW,339,2,
Taylor County,US.TX.TA,339,5,
Assumption Parish,US.LA.AS,338,14,
Monroe County,US.MS.MR,338,28,
Lincoln County,US.SD.LI,337,1,
Aiken County,US.SC.AI,335,9,
Blue Earth County,US.MN.BE,335,2,
Okeechobee County,US.FL.OE,333,0,
Pike County,US.MS.PI,331,11,
Madison Parish,US.LA.MA,331,2,
Rockwall County,US.TX.RC,331,16,
Gregg County,US.TX.GE,331,13,
Newton County,US.MS.NW,330,8,
De Soto Parish,US.LA.DE,329,18,
Jackson County,US.IL.JC,329,19,
Adams County,US.PA.AD,327,12,
Franklin County,US.NC.FR,326,21,
Coryell County,US.TX.CL,326,2,
Fayette County,US.GA.FY,326,17,
Carver County,US.MN.CV,323,1,
Hamilton County,US.FL.HM,322,2,
Lafayette County,US.MS.LY,320,4,
Union County,US.OR.UN,320,1,
Sumter County,US.FL.SM,319,17,
Clermont County,US.OH.CE,319,6,
Barbour County,US.AL.BR,317,1,
Jefferson Davis Parish,US.LA.JD,316,8,
Caroline County,US.MD.CO,315,3,
Walker County,US.GA.WK,315,11,
La Paz County,US.AZ.LA,315,5,
Chelan County,US.WA.CH,314,6,
Boone County,US.MO.BO,313,2,
Morgan County,US.IN.MG,313,31,
Hernando County,US.FL.HA,312,5,
Eaton County,US.MI.EA,311,7,
Maverick County,US.TX.MV,311,2,
Winchester city,US.VA.WH,310,3,
Jasper County,US.IA.JS,308,17,
Fond du Lac County,US.WI.FN,307,6,
Lincoln County,US.OR.LC,307,2,
Richland County,US.OH.RI,306,4,
Yadkin County,US.NC.YD,306,4,
Harris County,US.GA.HI,306,9,
Bay County,US.FL.BY,305,4,
Hampton city,US.VA.HM,305,5,
Caldwell County,US.TX.CW,303,1,
Catoosa County,US.GA.CS,303,7,
Allegan County,US.MI.AL,303,6,
Edgecombe County,US.NC.ED,302,9,
Covington County,US.AL.CV,300,5,
Lincoln Parish,US.LA.LN,300,18,
Worth County,US.GA.WO,300,22,
Putnam County,US.FL.PU,297,6,
Marlboro County,US.SC.ML,297,4,
Richmond County,US.VA.RI,296,4,
Avoyelles Parish,US.LA.AV,294,11,
Northumberland County,US.PA.NU,294,5,
Newport County,US.RI.NE,294,2,
Colleton County,US.SC.CT,294,21,
Macon County,US.TN.MC,293,3,
Halifax County,US.NC.HL,291,4,
Broomfield County and City,US.CO.BR,291,29,
Lyon County,US.MN.LY,291,2,
Butler County,US.PA.BT,291,13,
Kanawha County,US.WV.KA,290,20,
Strafford County,US.NH.ST,290,13,
Harrison County,US.TX.HR,288,30,
Lapeer County,US.MI.LP,288,31,
Grenada County,US.MS.GN,288,5,
East Feliciana Parish,US.LA.EF,288,33,
Adams County,US.NE.AD,287,11,
Deaf Smith County,US.TX.DI,287,16,
Sherburne County,US.MN.SH,287,4,
Montgomery County,US.NC.MO,284,7,
Grant County,US.IN.GA,284,26,
Plymouth County,US.IA.PM,283,4,
Worcester County,US.MD.WO,282,16,
Saline County,US.MO.SI,282,4,
Montgomery County,US.IN.MM,281,19,
Orleans County,US.NY.OL,280,53,
Randolph County,US.IL.RA,279,7,
Flagler County,US.FL.FL,279,5,
Fairfield County,US.SC.FA,279,21,
Warren County,US.VA.WR,278,5,
Hale County,US.AL.HA,278,20,
Clinton County,US.IN.CI,276,1,
St. Joseph County,US.MI.SJ,276,3,
Maury County,US.TN.MU,276,3,
Lee County,US.SC.LE,276,22,
Hardeman County,US.TN.HA,276,1,
Bulloch County,US.GA.BH,276,4,
Shelby County,US.TX.SY,275,9,
Sumter County,US.AL.SU,275,12,
Rutherford County,US.NC.RU,274,7,
Allen Parish,US.LA.AL,274,10,
Wilcox County,US.AL.WC,273,8,
Carbon County,US.PA.CB,273,25,
Iron County,US.UT.RN,271,1,
Freeborn County,US.MN.FR,271,0,
Wichita County,US.TX.WC,270,2,
Napa County,US.CA.NA,270,4,
Northampton County,US.VA.NA,269,28,
Shiawassee County,US.MI.SH,269,27,
Stephenson County,US.IL.SN,268,5,
Crisp County,US.GA.CP,268,12,
Cleveland County,US.NC.CV,268,3,
Page County,US.VA.PA,267,24,
Summit County,US.CO.SU,267,3,
Macon County,US.NC.MN,266,1,
Garfield County,US.CO.GA,266,2,
Greene County,US.MO.GE,265,8,
Marengo County,US.AL.ME,265,11,
Mercer County,US.OH.MC,265,8,
Allen County,US.OH.AN,265,38,
Butts County,US.GA.BU,264,33,
Rusk County,US.TX.RK,264,3,
Covington County,US.MS.CV,264,5,
Citrus County,US.FL.CI,264,12,
Steuben County,US.NY.ST,264,29,
Warren County,US.NY.WR,263,30,
Dillon County,US.SC.DI,263,8,
Rhea County,US.TN.RH,262,0,
Liberty County,US.TX.LT,262,3,
Columbia County,US.FL.CU,261,3,
Parker County,US.TX.PR,260,1,
Early County,US.GA.EA,260,31,
Washington County,US.TX.WH,260,31,
Greene County,US.NY.GR,260,13,
Clarke County,US.AL.CK,257,5,
Richmond County,US.NC.RI,256,5,
Dubois County,US.IN.DU,256,6,
McLean County,US.IL.ML,256,13,
Branch County,US.MI.BC,255,2,
St. Clair County,US.AL.SA,255,2,
Ontario County,US.NY.OR,254,26,
Medina County,US.TX.ME,254,2,
White County,US.IN.WH,253,10,
Plaquemines Parish,US.LA.PL,252,17,
Butler County,US.KY.BR,252,14,
James City County,US.VA.JA,252,15,
Hopkins County,US.KY.HO,250,32,
Chambers County,US.TX.CH,250,2,
Onslow County,US.NC.ON,249,3,
Fulton County,US.NY.FU,249,26,
Appling County,US.GA.AP,249,14,
Gila County,US.AZ.GI,249,5,
Decatur County,US.GA.DC,249,8,
Canadian County,US.OK.CN,249,3,
Oceana County,US.MI.OA,249,3,
Adams County,US.MS.AD,248,18,
Loudon County,US.TN.LO,248,1,
Gonzales County,US.TX.GA,247,4,
Bristol County,US.RI.BR,247,7,
Ogle County,US.IL.OG,247,4,
Laramie County,US.WY.LA,246,2,
Crawford County,US.KS.CR,246,1,
Saline County,US.AR.SL,246,2,
Campbell County,US.KY.CM,246,12,
Calhoun County,US.AL.CN,245,5,
Huntingdon County,US.PA.HU,245,4,
Union County,US.AR.UN,245,13,
Washington County,US.NY.WS,245,14,
Lamar County,US.TX.LR,244,13,
Fayette County,US.TN.FA,244,2,
Galax city,US.VA.GA,244,13,
West Baton Rouge Parish,US.LA.WB,243,30,
Henry County,US.VA.HY,243,4,
Gallatin County,US.MT.GL,242,1,
Bolivar County,US.MS.BO,242,13,
Decatur County,US.IN.DC,241,32,
West Feliciana Parish,US.LA.WF,241,14,
Tom Green County,US.TX.TG,241,1,
Mecklenburg County,US.VA.ME,240,26,
Fredericksburg City,US.VA.FB,239,0,
Winn Parish,US.LA.WI,238,5,
Wagoner County,US.OK.WG,238,19,
Panola County,US.MS.PA,237,6,
Genesee County,US.NY.GE,237,5,
Pearl River County,US.MS.PL,236,32,
Dickinson County,US.IA.DI,235,2,
Hale County,US.TX.HE,235,7,
Burleigh County,US.ND.BL,234,0,
Clay County,US.MS.CY,234,7,
Tate County,US.MS.TT,233,6,
Tuscola County,US.MI.TU,233,26,
Darke County,US.OH.DA,233,25,
Noxubee County,US.MS.NO,233,7,
Dale County,US.AL.DE,233,0,
Chickasaw County,US.MS.CS,232,18,
Jerome County,US.ID.JR,232,4,
Sunflower County,US.MS.SU,232,6,
Natchitoches Parish,US.LA.NA,231,14,
Clinton County,US.IL.CN,231,17,
Pointe Coupee Parish,US.LA.PO,231,27,
Thurston County,US.WA.TH,230,7,
Jasper County,US.MS.JS,229,6,
Prince George County,US.VA.PG,228,1,
Talladega County,US.AL.TD,228,6,
Madison County,US.TN.MD,228,2,
Winston County,US.MS.WN,228,4,
Toombs County,US.GA.TM,227,5,
Warren County,US.IA.WR,227,2,
Monroe County,US.IN.MR,227,28,
Morehouse Parish,US.LA.MO,227,8,
Bacon County,US.GA.BC,227,4,
Macon County,US.IL.MC,227,22,
Tooele County,US.UT.TE,225,0,
Erie County,US.OH.ER,225,22,
Terrell County,US.GA.TL,225,27,
Marion County,US.MS.MI,225,11,
Oconee County,US.SC.OC,224,1,
Van Buren County,US.MI.VA,224,7,
Queen Anne's County,US.MD.QU,224,17,
Douglas County,US.WA.DO,223,3,
Pender County,US.NC.PD,222,1,
Jefferson County,US.WI.JE,222,4,
Petersburg city,US.VA.PB,221,3,
Liberty County,US.FL.LI,221,1,
Jefferson County,US.WV.JE,220,4,
Vermilion Parish,US.LA.VM,220,5,
Lincoln County,US.NC.LI,220,1,
Vigo County,US.IN.VI,219,8,
Washington County,US.IA.WS,219,9,
St. Lawrence County,US.NY.SI,218,3,
Winston County,US.AL.WN,218,3,
Santa Fe County,US.NM.ST,218,3,
Ozaukee County,US.WI.OZ,217,15,
Hardin County,US.TX.HN,217,5,
Henry County,US.IN.HY,216,15,
Clinton County,US.MI.CN,215,12,
Escambia County,US.AL.ES,215,6,
Garland County,US.AR.GL,214,1,
McDowell County,US.NC.MW,213,1,
Lawrence County,US.IN.LW,213,24,
Steele County,US.MN.SE,212,0,
Stephens County,US.GA.SE,212,6,
Logan County,US.KY.LO,211,11,
Claiborne County,US.MS.CB,211,10,
Bienville Parish,US.LA.BI,211,26,
Kitsap County,US.WA.KS,211,2,
Walton County,US.FL.WL,210,9,
Rockingham County,US.NC.RC,210,2,
Hancock County,US.GA.HC,210,32,
Cassia County,US.ID.CS,209,1,
Lenawee County,US.MI.LN,209,6,
Scotts Bluff County,US.NE.SC,209,3,
Benton County,US.MN.BN,207,3,
Johnson County,US.AR.JO,207,0,
Cibola County,US.NM.CI,207,14,
Jackson Parish,US.LA.JA,206,16,
LaSalle County,US.IL.LA,205,17,
Polk County,US.GA.PO,205,1,
Panola County,US.TX.PN,205,25,
San Benito County,US.CA.SI,205,2,
Monroe County,US.FL.MO,204,4,
Smith County,US.MS.SM,204,11,
Franklin County,US.MO.FR,204,18,
Allegany County,US.MD.AL,204,17,
Carroll County,US.VA.CL,203,8,
Harrison County,US.IN.HI,203,22,
McMinn County,US.TN.MM,203,17,
Montrose County,US.CO.MO,203,12,
Chilton County,US.AL.CI,201,3,
Dooly County,US.GA.DO,200,12,
Charlottesville City,US.VA.CE,200,3,
Centre County,US.PA.CT,200,6,
Saluda County,US.SC.SA,200,1,
Roanoke County,US.VA.RE,200,5,
Jackson County,US.AL.JA,198,3,
Pasquotank County,US.NC.PU,198,15,
Orange County,US.TX.OR,198,3,
Washington County,US.PA.WS,197,6,
Randolph County,US.GA.RN,197,25,
Dearborn County,US.IN.DR,197,22,
Graves County,US.KY.GV,196,21,
Kent County,US.MD.KE,196,23,
Simpson County,US.MS.SI,195,3,
Sheboygan County,US.WI.SE,195,4,
Sussex County,US.VA.SS,195,2,
Cheatham County,US.TN.CA,194,0,
Oswego County,US.NY.OS,194,3,
Clarke County,US.MS.CE,194,22,
Pontotoc County,US.MS.PO,194,3,
Eau Claire County,US.WI.EA,194,1,
Ionia County,US.MI.II,193,4,
Greene County,US.OH.GR,193,9,
Marion County,US.AL.MI,193,12,
Hillsdale County,US.MI.HI,192,25,
Murray County,US.GA.MA,192,2,
Island County,US.WA.IS,192,12,
Dyer County,US.TN.DY,192,0,
Pickens County,US.AL.PC,191,6,
Newberry County,US.SC.NE,190,4,
Watonwan County,US.MN.WT,190,0,
Choctaw County,US.AL.CC,189,12,
Monroe County,US.AL.MR,188,2,
Parmer County,US.TX.PM,188,8,
Blount County,US.AL.BU,188,1,
Christian County,US.KY.CH,188,4,
Kootenai County,US.ID.KO,187,1,
Franklin County,US.GA.FR,187,1,
Gunnison County,US.CO.GU,186,6,
Warrick County,US.IN.WI,185,29,
Navarro County,US.TX.NV,185,6,
Alamosa County,US.CO.AL,184,3,
Grady County,US.GA.GD,184,4,
Beauregard Parish,US.LA.BE,184,8,
Caddo County,US.OK.CD,184,11,
Holmes County,US.OH.HL,184,3,
Whiteside County,US.IL.WD,183,15,
Ohio County,US.KY.OH,183,0,
Union County,US.IL.UN,183,19,
Davie County,US.NC.DV,183,3,
Buffalo County,US.NE.BF,183,1,
Dorchester County,US.MD.DO,183,5,
Greene County,US.IN.GE,183,31,
Prince Edward County,US.VA.PD,182,3,
Madison County,US.OH.MO,182,8,
Hamblen County,US.TN.HB,181,4,
Wharton County,US.TX.WN,181,1,
Gilmer County,US.GA.GI,181,2,
Frio County,US.TX.FO,181,0,
Echols County,US.GA.EC,181,0,
Susquehanna County,US.PA.SS,181,22,
Madison County,US.FL.MD,179,3,
Augusta County,US.VA.AU,179,2,
Hamilton County,US.IA.HM,179,0,
Northampton County,US.NC.NO,179,15,
Riley County,US.KS.RL,178,3,
Miami County,US.IN.MI,178,2,
Isle of Wight County,US.VA.IS,177,8,
Coahoma County,US.MS.CH,177,6,
Marion County,US.SC.MI,176,7,
Lycoming County,US.PA.LY,176,19,
Meriwether County,US.GA.MW,176,2,
Turner County,US.GA.TR,176,16,
Madison County,US.AR.MD,175,0,
Tompkins County,US.NY.TO,175,0,
Greene County,US.NC.GE,172,2,
Marshall County,US.MS.MS,171,3,
Kemper County,US.MS.KE,171,13,
Cowlitz County,US.WA.CW,170,0,
Hopewell city,US.VA.HW,169,2,
Evangeline Parish,US.LA.EV,168,1,
Jennings County,US.IN.JN,168,9,
Levy County,US.FL.LV,168,1,
Richland Parish,US.LA.RI,168,4,
Uinta County,US.WY.UI,167,0,
Allen County,US.KY.AL,165,5,
Conecuh County,US.AL.CO,165,3,
Walthall County,US.MS.WT,165,3,
Monongalia County,US.WV.MG,164,5,
Greene County,US.AL.GR,164,7,
Newaygo County,US.MI.NE,163,0,
Macon County,US.AL.MC,162,7,
Deschutes County,US.OR.DE,162,0,
Putnam County,US.IN.PT,162,8,
Bibb County,US.AL.BI,161,1,
Carroll County,US.AR.CL,161,5,
Wayne County,US.NY.WN,161,2,
Scott County,US.MO.ST,161,11,
Rogers County,US.OK.RS,161,5,
Holmes County,US.FL.HO,161,0,
Calhoun County,US.GA.CU,161,5,
Chester County,US.SC.CR,161,1,
Pierce County,US.GA.PR,160,4,
Houston County,US.TX.HS,160,0,
Grundy County,US.IL.GU,160,4,
Hertford County,US.NC.HD,160,10,
Midland County,US.MI.MD,160,9,
Union County,US.MS.UN,160,8,
Catahoula Parish,US.LA.CT,160,3,
Dickson County,US.TN.DI,159,0,
Cumberland County,US.TN.CU,159,3,
Nassau County,US.FL.NA,158,1,
El Dorado County,US.CA.EL,158,0,
Glades County,US.FL.GL,158,1,
Coles County,US.IL.CE,158,17,
Warren County,US.NC.WR,157,5,
Henderson County,US.KY.HE,156,3,
Blount County,US.TN.BO,156,3,
Randolph County,US.AL.RA,156,9,
Osage County,US.OK.OS,156,8,
Iroquois County,US.IL.IR,156,5,
Monroe County,US.GA.MN,155,16,
Randolph County,US.WV.RN,155,0,
McCracken County,US.KY.MK,155,3,
Southampton County,US.VA.SA,155,2,
St. Croix County,US.WI.SI,155,1,
Laurens County,US.GA.LR,154,1,
Scott County,US.IN.SC,154,6,
Herkimer County,US.NY.HE,154,3,
Minidoka County,US.ID.MI,153,0,
Huron County,US.OH.HU,153,1,
Martin County,US.MN.MT,152,5,
St. Louis County,US.MN.ST,152,14,
Walla Walla County,US.WA.WL,152,3,
Sutter County,US.CA.SU,152,3,
DeKalb County,US.IN.DE,151,4,
Yellowstone County,US.MT.YS,150,4,
Ben Hill County,US.GA.BL,150,1,
Mississippi County,US.AR.MS,149,3,
Matagorda County,US.TX.MD,149,5,
Bullitt County,US.KY.BI,148,4,
Marathon County,US.WI.MH,148,1,
Yalobusha County,US.MS.YL,148,7,
Oconee County,US.GA.OC,147,10,
Lawrence County,US.MS.LW,147,1,
Carroll County,US.MS.CL,147,11,
Carson City,US.NV.CA,147,5,
Chenango County,US.NY.CH,146,6,
Hardin County,US.KY.HN,145,5,
Orange County,US.VA.OR,145,3,
Grant County,US.WI.GA,145,13,
Butte County,US.CA.BU,143,2,
Colonial Heights city,US.VA.CH,143,17,
Kennebec County,US.ME.KE,143,9,
Webster County,US.IA.WE,143,1,
Jackson County,US.WV.JA,142,18,
Tioga County,US.NY.TI,142,19,
McClain County,US.OK.ML,142,4,
Dinwiddie County,US.VA.DN,141,0,
Bertie County,US.NC.BT,141,4,
Cape Girardeau County,US.MO.CG,141,3,
Burke County,US.GA.BE,141,6,
Brooks County,US.GA.BO,141,11,
Linn County,US.OR.LN,140,9,
Creek County,US.OK.CE,139,7,
White County,US.GA.WH,139,4,
Chemung County,US.NY.CM,139,3,
St. Francois County,US.MO.SF,138,2,
Audrain County,US.MO.AU,138,1,
Grayson County,US.KY.GY,137,10,
Wayne County,US.PA.WN,137,9,
Cherokee County,US.SC.CK,136,7,
Polk County,US.OR.PO,136,12,
Curry County,US.NM.CU,136,0,
Putnam County,US.GA.PT,136,12,
Lane County,US.OR.LE,136,3,
Box Elder County,US.UT.BE,136,1,
Crawford County,US.AR.CW,135,0,
Lumpkin County,US.GA.LP,135,3,
Cass County,US.MI.CS,134,4,
Caswell County,US.NC.CS,134,1,
Stoddard County,US.MO.SD,134,8,
Scotland County,US.NC.SC,133,0,
Fairbanks North Star Borough,US.AK.FA,133,2,
Emporia city,US.VA.EM,133,10,
Waller County,US.TX.WR,133,0,
Warren County,US.IL.WR,133,0,
Orange County,US.IN.OR,133,23,
Daviess County,US.IN.DI,133,16,
Mercer County,US.PA.ME,132,6,
Henry County,US.AL.HE,132,4,
Lynchburg city,US.VA.LY,132,1,
Boone County,US.IA.BO,132,1,
Dawson County,US.GA.DW,132,3,
Cottonwood County,US.MN.CT,131,0,
Grady County,US.OK.GD,130,5,
Talbot County,US.MD.TA,130,4,
Banks County,US.GA.BS,130,0,
Oldham County,US.KY.OL,129,6,
Crawford County,US.OH.CF,129,5,
Willacy County,US.TX.WY,129,3,
Humboldt County,US.CA.HU,129,4,
Franklin County,US.KY.FR,128,3,
Kenai Peninsula Borough,US.AK.KN,128,2,
Caroline County,US.VA.CI,128,4,
Portage County,US.WI.PT,128,0,
Phillips County,US.AR.PH,127,3,
Cass County,US.IL.CS,127,1,
Lonoke County,US.AR.LO,127,1,
Cook County,US.GA.CO,127,1,
Lanier County,US.GA.LI,127,3,
Ottawa County,US.OH.OT,127,23,
Delaware County,US.OK.DL,127,16,
Montgomery County,US.VA.MO,126,2,
Livingston County,US.NY.LI,126,4,
Tattnall County,US.GA.TT,126,0,
Morgan County,US.IL.MG,126,3,
Wilcox County,US.GA.WC,126,15,
Cass County,US.MO.CS,125,8,
Effingham County,US.GA.EF,125,1,
Crenshaw County,US.AL.CA,125,3,
Stokes County,US.NC.SO,124,1,
Franklin County,US.IN.FR,124,8,
Knox County,US.IL.KX,124,0,
Perry County,US.MO.PR,123,0,
Webster County,US.MS.WE,123,10,
Monroe County,US.IL.MR,123,13,
Cattaraugus County,US.NY.CG,123,6,
Nicollet County,US.MN.NI,123,12,
Chautauqua County,US.NY.CQ,123,3,
Washington County,US.OH.WS,122,20,
Otsego County,US.MI.OS,122,10,
Lavaca County,US.TX.LA,122,1,
Allamakee County,US.IA.AL,122,4,
Maui County,US.HI.MA,122,6,
Anson County,US.NC.AN,121,1,
Isabella County,US.MI.IB,121,8,
Washington County,US.TN.WI,121,0,
Douglas County,US.KS.DG,121,0,
Chicot County,US.AR.CT,120,3,
Steuben County,US.IN.SE,120,2,
Atkinson County,US.GA.AT,120,2,
Wayne County,US.IN.WY,120,6,
Pecos County,US.TX.PE,120,0,
Pulaski County,US.MO.PA,120,1,
Martin County,US.NC.MR,120,4,
Teton County,US.WY.TE,119,1,
Clarke County,US.IA.CK,119,2,
Union County,US.SD.UN,119,1,
Monroe County,US.TN.MR,118,4,
Perry County,US.IN.PE,118,6,
Goochland County,US.VA.GO,118,6,
Tazewell County,US.IL.TA,117,7,
Kittitas County,US.WA.KT,117,0,
Camp County,US.TX.CP,117,1,
Mahaska County,US.IA.MK,117,16,
Louisa County,US.VA.LI,117,1,
Alpena County,US.MI.AP,117,11,
Montgomery County,US.NY.MT,116,4,
Tippah County,US.MS.TP,116,11,
Bryan County,US.GA.BY,116,5,
Clay County,US.IA.CY,116,0,
Hancock County,US.MS.HN,116,13,
Pettis County,US.MO.PS,116,1,
Burnet County,US.TX.BT,116,3,
Henderson County,US.TX.HD,116,4,
Platte County,US.MO.PT,114,6,
Natrona County,US.WY.NA,114,1,
Gray County,US.TX.GY,114,4,
Liberty County,US.GA.LB,114,1,
West Carroll Parish,US.LA.WC,114,5,
Sandusky County,US.OH.SA,114,13,
Claiborne Parish,US.LA.CI,114,11,
Goodhue County,US.MN.GO,113,8,
Lawrence County,US.TN.LW,113,4,
Itawamba County,US.MS.IT,113,8,
Morrow County,US.OH.MW,113,1,
Adams County,US.WA.AD,113,0,
Camden County,US.GA.CD,113,2,
Macon County,US.GA.MC,113,9,
Yamhill County,US.OR.YA,113,8,
Greene County,US.AR.GE,112,0,
Lamar County,US.GA.LM,112,6,
Madison County,US.KY.MD,112,1,
Stewart County,US.GA.SW,112,3,
Ripley County,US.IN.RI,112,7,
Johnson County,US.MO.JO,112,0,
Cabell County,US.WV.CB,112,0,
Klamath County,US.OR.KL,111,0,
Hardin County,US.OH.HD,111,12,
Cayuga County,US.NY.CY,111,2,
Humphreys County,US.MS.HU,111,9,
Juniata County,US.PA.JU,111,5,
Adair County,US.KY.AD,111,19,
Montgomery County,US.MS.MT,111,2,
Trempealeau County,US.WI.TR,111,0,
Adair County,US.OK.AD,111,4,
Iosco County,US.MI.IC,111,10,
Winona County,US.MN.WN,110,15,
Wayne County,US.WV.WA,110,9,
Putnam County,US.OH.PU,110,15,
Jasper County,US.SC.JA,110,3,
Berrien County,US.GA.BN,110,0,
Pemiscot County,US.MO.PM,110,6,
Fayette County,US.PA.FA,110,4,
Choctaw County,US.OK.CA,110,1,
York County,US.VA.YO,110,3,
Perry County,US.AL.PE,110,0,
Calhoun County,US.MS.CN,110,4,
Nottoway County,US.VA.NY,109,2,
Fluvanna County,US.VA.FV,109,6,
San Patricio County,US.TX.SP,109,0,
Val Verde County,US.TX.VL,108,0,
Lyon County,US.NV.LY,108,2,
Nevada County,US.CA.NE,108,1,
Sullivan County,US.MO.SV,108,0,
Vernon Parish,US.LA.VN,107,7,
Carroll County,US.IN.CO,107,2,
Bedford County,US.VA.BF,107,3,
Miller County,US.AR.ML,107,2,
Pittsylvania County,US.VA.PS,107,1,
Jackson County,US.KS.JA,107,1,
Bonneville County,US.ID.BV,107,1,
Waupaca County,US.WI.WP,106,6,
Concordia Parish,US.LA.CR,106,5,
Williamson County,US.IL.WS,106,4,
Washington County,US.FL.WS,106,12,
Jefferson County,US.IL.JF,106,17,
Telfair County,US.GA.TF,106,3,
Polk County,US.TX.PK,106,0,
Elko County,US.NV.EL,105,1,
Penobscot County,US.ME.PE,105,2,
Wabash County,US.IN.WB,105,2,
Muskogee County,US.OK.MO,105,11,
Cherokee County,US.TX.CK,105,2,
Red River County,US.TX.RV,105,10,
Jackson County,US.KY.JA,104,13,
Jessamine County,US.KY.JS,104,0,
Valencia County,US.NM.VA,104,2,
Franklin County,US.VT.FR,104,6,
Person County,US.NC.PN,103,1,
San Augustine County,US.TX.SG,103,7,
Abbeville County,US.SC.AB,103,0,
Coffee County,US.TN.CF,103,0,
Caldwell Parish,US.LA.CW,103,1,
Poweshiek County,US.IA.PW,102,8,
Jasper County,US.IN.JS,102,2,
Emanuel County,US.GA.EM,102,3,
Shelby County,US.IA.SH,102,0,
Nevada County,US.AR.NV,101,2,
Shasta County,US.CA.SH,101,4,
Crow Wing County,US.MN.CW,101,11,
Indiana County,US.PA.IN,101,6,
Lawrence County,US.PA.LW,101,9,
Washington County,US.AL.WS,101,6,
Clinton County,US.NY.CL,101,4,
Clinch County,US.GA.CC,100,3,
Saguache County,US.CO.SG,100,2,
Lea County,US.NM.LE,100,0,
McDonough County,US.IL.MU,100,15,
Sauk County,US.WI.SU,100,3,
Jefferson Davis County,US.MS.JD,100,4,
Westmoreland County,US.VA.WM,100,2,
Elbert County,US.GA.EL,99,0,
Lawrence County,US.AR.LW,99,9,
Lauderdale County,US.TN.LU,99,2,
Brunswick County,US.VA.BU,99,1,
Pine County,US.MN.PN,98,0,
Washington County,US.ID.WA,98,0,
Peach County,US.GA.PH,98,9,
Clark County,US.KY.CK,98,5,
King George County,US.VA.KG,97,4,
Pottawatomie County,US.OK.PT,97,4,
Jackson County,US.OR.JA,97,0,
Ross County,US.OH.RO,97,2,
Lee County,US.IL.LE,97,2,
Greene County,US.GA.GE,97,9,
Calumet County,US.WI.CA,97,2,
Barry County,US.MI.BR,96,2,
Auglaize County,US.OH.AU,96,3,
Lincoln County,US.MO.LO,96,1,
Wyoming County,US.NY.WM,95,5,
Bannock County,US.ID.BO,95,1,
Jefferson County,US.OR.JE,94,0,
Jenkins County,US.GA.JK,94,11,
Windham County,US.VT.WH,94,3,
Gilchrist County,US.FL.GI,94,0,
Fannin County,US.GA.FN,94,1,
La Plata County,US.CO.LA,94,1,
Fayette County,US.IN.FA,94,7,
Lawrence County,US.AL.LW,93,0,
Nez Perce County,US.ID.NE,93,19,
Bailey County,US.TX.BY,93,1,
Rio Arriba County,US.NM.RI,93,1,
Dunklin County,US.MO.DU,92,3,
Pitkin County,US.CO.PI,92,2,
Gratiot County,US.MI.GT,92,13,
Kay County,US.OK.KA,91,7,
Prentiss County,US.MS.PN,91,3,
Jefferson County,US.TN.JE,91,0,
Tallahatchie County,US.MS.TL,91,1,
Washington County,US.GA.WG,91,1,
Jackson County,US.NC.JA,91,1,
Delaware County,US.NY.DE,91,4,
Newton County,US.IN.NE,91,10,
Wise County,US.TX.WE,90,5,
Dodge County,US.GA.DG,90,2,
Adair County,US.MO.AD,90,0,
Gibson County,US.TN.GB,90,1,
Union County,US.PA.UN,90,2,
Anderson County,US.TN.AN,90,2,
La Salle Parish,US.LA.LA,90,0,
Nye County,US.NV.NY,90,3,
Chisago County,US.MN.CG,90,1,
Pickens County,US.GA.PE,89,5,
Hardin County,US.TN.HI,89,5,
Mesa County,US.CO.ME,89,0,
Screven County,US.GA.SR,89,6,
Wilkinson County,US.MS.WK,89,9,
Madison County,US.GA.MD,89,4,
Pulaski County,US.KY.PU,89,2,
St. Helena Parish,US.LA.SH,89,1,
McDuffie County,US.GA.MU,89,6,
Wilson County,US.TX.WS,88,5,
Oglethorpe County,US.GA.OG,88,7,
Hood River County,US.OR.HO,88,0,
Mississippi County,US.MO.MI,88,0,
Clinton County,US.IA.CN,87,1,
Johnson County,US.GA.JH,87,2,
Atascosa County,US.TX.AT,87,2,
Pike County,US.GA.PK,87,3,
Obion County,US.TN.OB,87,2,
Otter Tail County,US.MN.OT,87,1,
Lafayette County,US.MO.LF,87,2,
Manitowoc County,US.WI.MW,87,1,
Glenn County,US.CA.GL,87,0,
Jefferson County,US.GA.JR,87,1,
Montcalm County,US.MI.MC,86,1,
Perry County,US.PA.PE,86,5,
Haywood County,US.NC.HW,86,0,
Somerset County,US.MD.SO,86,3,
Hawaii County,US.HI.HA,86,0,
Monroe County,US.OH.ME,85,17,
Cross County,US.AR.CO,85,1,
Bryan County,US.OK.BR,85,1,
Brewster County,US.TX.BS,85,0,
Bremer County,US.IA.BR,85,6,
Green County,US.WI.GN,85,1,
Jefferson County,US.NY.JE,85,0,
Brantley County,US.GA.BA,85,2,
Malheur County,US.OR.ML,85,1,
Thurston County,US.NE.TU,84,1,
Alexander County,US.NC.AE,84,0,
Ohio County,US.WV.OH,84,1,
Dallam County,US.TX.DL,84,1,
Bamberg County,US.SC.BM,84,1,
Laurel County,US.KY.LU,84,3,
Otsego County,US.NY.OO,84,4,
Barren County,US.KY.BN,84,2,
Grayson County,US.VA.GY,84,2,
Jeff Davis County,US.GA.JF,83,2,
Grafton County,US.NH.GR,83,1,
Cerro Gordo County,US.IA.CG,83,1,
Sullivan County,US.TN.SL,83,2,
Oglala Lakota County,US.SD.SH,83,0,
Cleburne County,US.AR.CB,83,4,
Tunica County,US.MS.TU,82,3,
Chippewa County,US.WI.CH,82,0,
Delta County,US.CO.DT,82,1,
Scott County,US.KY.SC,82,0,
Benton County,US.OR.BE,82,5,
Graham County,US.AZ.GA,82,2,
Payette County,US.ID.PA,82,2,
White County,US.AR.WH,82,1,
Des Moines County,US.IA.DS,82,2,
Carter County,US.OK.CR,82,1,
Colorado County,US.TX.CO,82,0,
Grant Parish,US.LA.GR,82,1,
Fannin County,US.TX.FI,82,7,
Saline County,US.KS.SA,81,2,
Belknap County,US.NH.BE,81,1,
Humboldt County,US.NV.HU,81,4,
Carlton County,US.MN.CL,81,0,
Sweetwater County,US.WY.SW,81,0,
Jim Wells County,US.TX.JW,81,0,
McLeod County,US.MN.MC,80,0,
Bradford County,US.FL.BA,80,2,
Henry County,US.IA.HE,80,3,
O'Brien County,US.IA.OB,80,1,
Milam County,US.TX.MI,80,1,
Amite County,US.MS.AM,80,2,
Clay County,US.SD.CY,80,0,
Danville City,US.VA.DA,79,2,
Columbia County,US.WI.CO,79,1,
Chaves County,US.NM.CH,79,2,
Big Horn County,US.MT.BI,79,3,
Calloway County,US.KY.CW,79,1,
Henry County,US.IL.HY,79,1,
Marion County,US.GA.MR,78,2,
Morton County,US.ND.MR,78,2,
Jefferson County,US.MS.JF,78,3,
Greene County,US.MS.GE,78,7,
Wood County,US.TX.WO,78,5,
Calhoun County,US.SC.CH,78,1,
Powhatan County,US.VA.PH,77,2,
Taylor County,US.IA.TY,77,0,
Yankton County,US.SD.YA,77,0,
Bedford County,US.PA.BO,77,3,
Adams County,US.IL.AD,77,1,
Chaffee County,US.CO.CA,77,19,
Polk County,US.MN.PL,77,2,
Whitley County,US.IN.WL,77,4,
Mayes County,US.OK.MY,76,4,
Union County,US.OH.UN,76,1,
Hocking County,US.OH.HC,76,7,
Sabine Parish,US.LA.SB,76,1,
Mendocino County,US.CA.MI,76,0,
Howard County,US.AR.HW,76,1,
Jefferson County,US.OH.JE,76,2,
Shawano County,US.WI.SA,75,0,
Randolph County,US.IN.RA,75,4,
Le Sueur County,US.MN.LU,75,1,
Butler County,US.MO.BE,75,0,
Wilkinson County,US.GA.WI,75,8,
Fayette County,US.TX.FT,75,2,
Clinton County,US.PA.CN,75,4,
Pulaski County,US.IL.PL,74,0,
Castro County,US.TX.AS,74,1,
Wayne County,US.TN.WY,74,0,
Waynesboro city,US.VA.WS,74,0,
Columbia County,US.AR.CI,74,3,
Greene County,US.TN.GE,74,2,
Preston County,US.WV.PR,74,2,
Dodge County,US.MN.DD,74,0,
Cherokee County,US.OK.CK,74,1,
Beaufort County,US.NC.BA,74,0,
Carroll County,US.IA.CL,74,1,
Edmonson County,US.KY.ED,74,11,
Chippewa County,US.MN.CP,74,1,
Franklin County,US.TN.FR,73,3,
Rio Grande County,US.CO.RG,73,2,
Union County,US.SC.UN,73,0,
Barnwell County,US.SC.BN,73,1,
Simpson County,US.KY.SI,73,3,
Saunders County,US.NE.SU,73,2,
Armstrong County,US.PA.AR,73,6,
Muskingum County,US.OH.MU,73,1,
Emmet County,US.IA.EM,73,0,
Rutland County,US.VT.RU,73,1,
Edgefield County,US.SC.ED,73,2,
Cambria County,US.PA.CI,73,3,
Taylor County,US.FL.TA,73,0,
Clearfield County,US.PA.CF,72,0,
Wood County,US.WV.WO,72,2,
Calhoun County,US.FL.CA,72,6,
Calhoun County,US.TX.CU,72,3,
Kerr County,US.TX.KR,72,1,
Cole County,US.MO.CE,72,2,
Stark County,US.ND.SR,71,2,
Van Zandt County,US.TX.VN,71,3,
Franklin County,US.IA.FN,71,0,
Routt County,US.CO.RT,71,6,
Hancock County,US.OH.HN,71,1,
Buffalo County,US.SD.BF,71,1,
Bennington County,US.VT.BE,71,1,
Pike County,US.KY.PI,71,2,
Blair County,US.PA.BL,71,1,
Montezuma County,US.CO.MZ,70,3,
Crowley County,US.CO.CR,70,1,
Cedar County,US.IA.CD,70,1,
Carteret County,US.NC.CE,70,3,
Burleson County,US.TX.BU,70,0,
Martinsville city,US.VA.MR,70,1,
Polk County,US.AR.PL,70,0,
Fairfax city,US.VA.FC,70,7,
Montour County,US.PA.MO,70,0,
Choctaw County,US.MS.CW,70,4,
Hickman County,US.TN.HN,69,0,
Botetourt County,US.VA.BO,69,4,
Erath County,US.TX.ER,69,1,
Reno County,US.KS.RN,69,0,
Cherokee County,US.AL.CH,69,7,
Cherokee County,US.IA.CE,69,0,
Seneca County,US.NY.SC,69,1,
Clark County,US.WI.CL,69,6,
Nelson County,US.KY.NE,69,1,
Union County,US.GA.UN,68,3,
Brown County,US.TX.BN,68,10,
Lafayette County,US.WI.LF,68,0,
Missoula County,US.MT.MS,68,1,
Staunton city,US.VA.SU,68,0,
Harrison County,US.KY.HS,68,0,
Polk County,US.NC.PO,68,4,
Haralson County,US.GA.HS,68,5,
Talbot County,US.GA.TB,68,2,
Matanuska-Susitna Borough,US.AK.MA,68,1,
Addison County,US.VT.AD,68,2,
Crawford County,US.MI.CF,68,5,
Charles Mix County,US.SD.CH,68,0,
Fayette County,US.AL.FA,68,1,
Ashley County,US.AR.AS,68,1,
Coshocton County,US.OH.CS,67,0,
Luna County,US.NM.LU,67,2,
Smith County,US.TN.SH,67,1,
Cheshire County,US.NH.CH,67,2,
Monona County,US.IA.MO,67,0,
Okanogan County,US.WA.OK,67,2,
Huntington County,US.IN.HU,66,2,
Cowley County,US.KS.CL,66,1,
Greer County,US.OK.GE,66,7,
George County,US.MS.GR,66,3,
Eddy County,US.NM.ED,66,1,
Jasper County,US.GA.JS,66,1,
Wells County,US.IN.WE,66,1,
Lamar County,US.AL.LM,65,1,
Pierce County,US.WI.PI,65,0,
Marion County,US.IL.MO,65,0,
Woodford County,US.KY.WO,65,0,
Starke County,US.IN.SR,65,3,
Dixie County,US.FL.DI,65,4,
Jay County,US.IN.JY,65,0,
Cass County,US.NE.CS,65,1,
Franklin County,US.KS.FR,65,0,
Huron County,US.MI.HU,65,3,
Fulton County,US.IN.FU,65,1,
Marquette County,US.MI.MQ,64,11,
Fayette County,US.WV.FA,64,4,
Garfield County,US.OK.GF,64,2,
Guthrie County,US.IA.GH,64,4,
Dade County,US.GA.DD,64,1,
Itasca County,US.MN.IT,64,12,
Quitman County,US.MS.QU,63,0,
Hampton County,US.SC.HA,63,2,
Stutsman County,US.ND.SU,63,1,
Washington County,US.IN.WS,63,1,
Andrews County,US.TX.AR,63,0,
Knox County,US.KY.KX,63,0,
Snyder County,US.PA.SN,63,2,
Williams County,US.OH.WI,63,1,
Washington County,US.VA.WG,63,4,
Garvin County,US.OK.GV,62,1,
Douglas County,US.NV.DO,62,0,
Mifflin County,US.PA.MI,62,1,
Uvalde County,US.TX.UV,62,1,
Tehama County,US.CA.TE,62,1,
Haywood County,US.TN.HY,62,2,
Gooding County,US.ID.GO,62,1,
Jefferson County,US.IN.JF,62,1,
Jones County,US.GA.JE,61,0,
Monroe County,US.WI.MO,61,1,
Yuba County,US.CA.YU,61,1,
Kendall County,US.TX.KD,61,0,
Austin County,US.TX.AU,61,0,
Floyd County,US.IA.FL,61,2,
Gallatin County,US.KY.GL,61,7,
White County,US.TN.WH,61,3,
Marshall County,US.TN.MS,60,1,
Franklin County,US.VA.FN,60,1,
Tishomingo County,US.MS.TS,60,1,
Wasco County,US.OR.WC,60,1,
Greene County,US.VA.GE,60,1,
Geneva County,US.AL.GE,60,0,
Boyd County,US.KY.BD,60,3,
Camden County,US.MO.CM,60,1,
Hardin County,US.IA.HD,60,0,
Lewis County,US.WA.LE,60,3,
Socorro County,US.NM.SO,59,5,
Ward County,US.ND.WR,59,1,
Pottawatomie County,US.KS.PT,59,0,
Clay County,US.IN.CY,59,4,
Grundy County,US.TN.GU,59,1,
Allegany County,US.NY.AL,58,2,
Watauga County,US.NC.WT,58,0,
Sac County,US.IA.SA,58,0,
McPherson County,US.KS.MP,58,0,
Vermilion County,US.IL.VE,58,2,
Douglas County,US.MN.DU,58,0,
Windsor County,US.VT.WS,58,2,
Brookings County,US.SD.BK,58,0,
Isanti County,US.MN.IS,58,0,
Union County,US.FL.UN,58,2,
Harrison County,US.WV.HR,58,1,
Hamilton County,US.NE.HM,58,11,
Greenbrier County,US.WV.GE,58,1,
Hill County,US.TX.HI,58,1,
Lyman County,US.SD.LY,57,0,
Morrison County,US.MN.MR,57,1,
Pocahontas County,US.IA.PC,57,1,
New Kent County,US.VA.NK,57,1,
Gentry County,US.MO.GT,57,9,
Hutchinson County,US.TX.UT,57,0,
Perry County,US.KY.PR,57,1,
Clay County,US.GA.CY,57,2,
Schoharie County,US.NY.SO,57,2,
Klickitat County,US.WA.KL,57,3,
Marion County,US.TN.MI,57,4,
Preble County,US.OH.PR,57,1,
Meeker County,US.MN.ME,57,1,
Lawrence County,US.OH.LW,57,0,
Grant County,US.KY.GT,57,4,
Somerset County,US.PA.SO,57,1,
Wyandot County,US.OH.WD,57,4,
Bradford County,US.PA.BF,56,3,
Elbert County,US.CO.EB,56,2,
DeWitt County,US.TX.DE,56,1,
Perry County,US.MS.PY,56,4,
Todd County,US.SD.TO,56,1,
Essex County,US.VA.ES,56,0,
Chattooga County,US.GA.CG,56,2,
Knox County,US.IN.KN,56,0,
Bleckley County,US.GA.BK,56,1,
Lee County,US.TX.LE,56,3,
Red River Parish,US.LA.RE,56,8,
Clinton County,US.OH.CI,56,0,
Falls Church city,US.VA.FU,56,7,
Pittsburg County,US.OK.PI,56,3,
Poinsett County,US.AR.PN,56,3,
Fulton County,US.OH.FU,56,0,
Marion County,US.IA.MI,55,0,
Waldo County,US.ME.WL,55,14,
Williamsburg City,US.VA.WL,55,6,
Benton County,US.IA.BN,55,1,
Hart County,US.GA.HT,55,0,
Marion County,US.WV.MI,55,2,
Campbell County,US.WY.CM,55,0,
Warren County,US.TN.WR,55,0,
Pulaski County,US.IN.PL,55,1,
Labette County,US.KS.LB,55,0,
Clark County,US.AR.CK,55,0,
Roosevelt County,US.NM.RO,55,1,
Wayne County,US.GA.WY,55,0,
Coosa County,US.AL.CS,55,1,
Mineral County,US.WV.ML,55,3,
Stephens County,US.OK.ST,55,1,
Shelby County,US.OH.SH,55,4,
Butler County,US.KS.BU,54,0,
Kewaunee County,US.WI.KW,54,1,
Okmulgee County,US.OK.OM,54,0,
Marshall County,US.KY.MH,54,2,
Custer County,US.OK.CU,54,0,
Becker County,US.MN.BC,54,0,
Barton County,US.KS.BT,54,2,
Lincoln County,US.NE.LI,54,2,
Logan County,US.OH.LG,54,0,
Hopkins County,US.TX.HP,54,0,
Flathead County,US.MT.FL,53,2,
Jackson County,US.MN.JA,53,0,
Carroll County,US.NH.CA,53,0,
Oconto County,US.WI.OC,53,0,
Ochiltree County,US.TX.OC,53,2,
Rush County,US.IN.RU,53,3,
Morrow County,US.OR.MO,53,2,
Clay County,US.KY.CY,53,3,
Drew County,US.AR.DR,53,1,
Sharp County,US.AR.SH,53,4,
Codington County,US.SD.CD,53,0,
Coffey County,US.KS.CF,53,8,
Alcorn County,US.MS.AL,53,1,
Crawford County,US.PA.CW,53,0,
Unicoi County,US.TN.UC,53,0,
Wilkes County,US.GA.WS,53,1,
Elmore County,US.ID.EL,52,2,
Brown County,US.OH.BR,52,1,
Waseca County,US.MN.WE,52,0,
Ashe County,US.NC.AS,52,1,
Clay County,US.AR.CY,52,3,
Lincoln County,US.TN.LI,52,0,
McNairy County,US.TN.MA,52,0,
Pawnee County,US.OK.PW,51,2,
Guernsey County,US.OH.GU,51,3,
Macoupin County,US.IL.MP,51,3,
Overton County,US.TN.OV,51,0,
Jones County,US.IA.JN,51,0,
Yuma County,US.CO.YU,51,0,
Butler County,US.NE.BE,51,0,
Salem city,US.VA.SE,51,3,
Independence County,US.AR.IN,51,0,
Baker County,US.FL.BK,51,4,
Irwin County,US.GA.IR,51,1,
Swain County,US.NC.SW,51,0,
Putnam County,US.WV.PU,51,0,
Monroe County,US.IA.MR,50,6,
Crane County,US.TX.CR,50,8,
Lake County,US.CO.LK,50,0,
Pennington County,US.MN.PI,50,0,
Del Norte County,US.CA.DE,50,0,
Cumberland County,US.VA.CU,50,0,
Jefferson County,US.IA.JE,50,0,
Marinette County,US.WI.MT,50,3,
Seminole County,US.GA.SI,50,2,
Gage County,US.NE.GG,50,4,
Pulaski County,US.GA.PL,49,2,
Andrew County,US.MO.AN,49,0,
Carter County,US.TN.CT,49,1,
Stone County,US.MS.ST,49,1,
Morgan County,US.GA.MO,49,0,
Hughes County,US.SD.HG,49,0,
Weakley County,US.TN.WE,49,1,
Perry County,US.IL.PY,49,0,
Marion County,US.KY.MN,49,0,
Moniteau County,US.MO.ME,49,1,
Halifax County,US.VA.HL,49,1,
Osceola County,US.IA.OS,49,0,
McIntosh County,US.OK.MI,49,1,
Clarke County,US.VA.CK,49,0,
Taney County,US.MO.TA,48,2,
Clatsop County,US.OR.CT,48,0,
Cocke County,US.TN.CE,48,0,
Murray County,US.MN.MU,48,0,
Hood County,US.TX.HO,48,4,
Allendale County,US.SC.AL,48,3,
Heard County,US.GA.HD,48,3,
Kearny County,US.KS.KE,48,1,
Dukes County,US.MA.DU,48,0,
Harrison County,US.IA.HR,48,0,
Iowa County,US.IA.IO,47,0,
DeKalb County,US.TN.DE,47,0,
Hempstead County,US.AR.HE,47,1,
Miller County,US.GA.ML,47,0,
Wakulla County,US.FL.WK,47,1,
Raleigh County,US.WV.RL,47,0,
Wythe County,US.VA.WY,47,1,
Douglas County,US.IL.DO,47,0,
Franklin city,US.VA.FR,47,2,
Montgomery County,US.KY.MM,47,0,
Carroll County,US.OH.CO,47,3,
Meade County,US.SD.MD,47,1,
Sevier County,US.UT.SE,46,0,
Dixon County,US.NE.DI,46,2,
Howard County,US.NE.HW,46,4,
Washington County,US.NE.WS,46,1,
Hidalgo County,US.NM.HI,46,0,
Upshur County,US.TX.US,46,0,
Randolph County,US.AR.RA,46,1,
Jasper County,US.IL.JS,46,7,
Mason County,US.WA.MA,46,1,
Logan County,US.AR.LG,46,0,
Lake County,US.CA.LK,45,0,
Dawson County,US.TX.DW,45,1,
Lee County,US.IA.LE,45,1,
Faribault County,US.MN.FA,45,0,
Sullivan County,US.IN.SU,45,1,
Yates County,US.NY.YA,45,6,
Humboldt County,US.IA.HU,45,1,
Giles County,US.TN.GL,45,0,
Limestone County,US.TX.LO,45,1,
Fayette County,US.OH.FY,45,0,
Hawkins County,US.TN.HW,45,2,
Ashland County,US.OH.AL,45,1,
Jefferson County,US.FL.JE,45,4,
Mason County,US.MI.MN,45,0,
Sanpete County,US.UT.SP,45,0,
Charlton County,US.GA.CT,45,2,
Cortland County,US.NY.CD,44,1,
Defiance County,US.OH.DF,44,3,
Zapata County,US.TX.ZP,44,0,
Sanilac County,US.MI.SL,44,6,
Callaway County,US.MO.CA,44,1,
Ottawa County,US.OK.OT,44,2,
Washington County,US.CO.WA,44,0,
Wheeler County,US.GA.WL,44,0,
Benton County,US.IN.BE,44,0,
Gloucester County,US.VA.GL,44,1,
Mountrail County,US.ND.MU,44,0,
Conway County,US.AR.CN,44,3,
Barry County,US.MO.BR,43,0,
Adams County,US.IN.AD,43,1,
Roane County,US.TN.RA,43,0,
Yancey County,US.NC.YN,43,0,
Madison County,US.VA.MD,43,1,
Hardy County,US.WV.HD,43,0,
Marshall County,US.WV.MH,43,0,
Polk County,US.WI.PL,43,1,
Christian County,US.IL.CI,43,4,
Baker County,US.GA.BR,43,3,
Hancock County,US.IA.HN,43,0,
Highland County,US.OH.HI,43,1,
Jasper County,US.TX.JR,43,1,
Door County,US.WI.DO,43,3,
Bee County,US.TX.BE,43,0,
Amelia County,US.VA.AI,42,1,
Bradley County,US.AR.BR,42,2,
Kleberg County,US.TX.KL,42,1,
Grand Traverse County,US.MI.GN,42,5,
Wood County,US.WI.WO,42,1,
Owen County,US.IN.OW,42,1,
Buchanan County,US.IA.BC,42,1,
Livingston County,US.IL.LI,42,2,
Essex County,US.NY.ES,42,0,
Dare County,US.NC.DE,42,1,
Desha County,US.AR.DE,42,0,
Butler County,US.IA.BE,41,2,
Rabun County,US.GA.RB,41,3,
Patrick County,US.VA.PK,41,1,
York County,US.NE.YO,41,0,
Montgomery County,US.IL.MT,41,1,
Teller County,US.CO.TE,41,2,
Torrance County,US.NM.TO,41,1,
Washington County,US.VT.WA,41,1,
Logan County,US.OK.LG,41,1,
Campbell County,US.VA.CM,41,1,
Richland County,US.ND.RI,41,0,
Franklin County,US.TX.FK,41,0,
Sibley County,US.MN.SI,40,2,
King William County,US.VA.KW,40,0,
Warren County,US.MO.WR,40,0,
Custer County,US.NE.CU,40,4,
Coos County,US.OR.CO,40,0,
Jo Daviess County,US.IL.JO,40,1,
Roberts County,US.SD.RO,40,0,
Russell County,US.KY.RU,40,4,
Hampshire County,US.WV.HM,40,1,
Webster County,US.KY.WE,40,0,
Christian County,US.MO.CT,40,0,
Mono County,US.CA.MO,40,1,
Henry County,US.TN.HR,40,0,
Hart County,US.KY.HT,39,0,
Taos County,US.NM.TA,39,1,
Crawford County,US.GA.CW,39,0,
Pulaski County,US.VA.PU,39,2,
Grant County,US.KS.GT,39,1,
Charles City County,US.VA.CC,39,3,
Washakie County,US.WY.WA,39,5,
City and Borough of Juneau,US.AK.JU,39,0,
Jerauld County,US.SD.JE,39,1,
Jackson County,US.TX.JA,39,1,
Franklin County,US.ME.FR,39,1,
Towns County,US.GA.TW,38,1,
Knox County,US.OH.KN,38,1,
Arenac County,US.MI.AR,38,2,
Lyon County,US.IA.LY,38,0,
Merrick County,US.NE.ME,38,0,
Polk County,US.TN.PO,38,0,
New Madrid County,US.MO.NW,38,1,
Boyle County,US.KY.BE,38,0,
Cameron Parish,US.LA.CM,38,0,
Washington County,US.NC.WI,38,3,
Appomattox County,US.VA.AP,38,0,
Forest County,US.WI.FR,38,3,
Little River County,US.AR.LT,38,0,
Delaware County,US.IA.DA,38,1,
Douglas County,US.OR.DO,38,0,
Carroll County,US.TN.CR,38,1,
Northumberland County,US.VA.NU,38,1,
Davison County,US.SD.DV,37,0,
Carroll County,US.KY.CL,37,0,
Jefferson County,US.WA.JE,37,0,
Cass County,US.TX.CS,37,2,
Morris County,US.TX.MR,37,0,
Champaign County,US.OH.CH,37,1,
Geary County,US.KS.GE,37,1,
Noble County,US.OK.NB,37,0,
Brown County,US.IN.BR,37,1,
Whitman County,US.WA.WI,37,0,
Taylor County,US.KY.TA,37,1,
Wyoming County,US.PA.WM,37,7,
Davis County,US.IA.DV,36,1,
Seminole County,US.OK.SM,36,3,
Spencer County,US.KY.SP,36,0,
Perquimans County,US.NC.PQ,36,2,
Pike County,US.MO.PI,36,1,
Hockley County,US.TX.HC,36,1,
Long County,US.GA.LG,36,1,
Bingham County,US.ID.BG,36,0,
Clayton County,US.IA.CT,36,3,
Lamb County,US.TX.LB,36,0,
Howell County,US.MO.HW,36,0,
Lincoln County,US.ID.LI,36,0,
Dunn County,US.WI.DN,36,0,
Jackson County,US.OK.JA,35,3,
Clallam County,US.WA.CL,35,0,
Jersey County,US.IL.JR,35,1,
Amherst County,US.VA.AH,35,0,
Greene County,US.PA.GR,35,0,
San Miguel County,US.CO.SM,35,0,
Clay County,US.AL.CY,35,2,
Blackford County,US.IN.BL,35,2,
Madison County,US.IA.MD,35,2,
Calhoun County,US.IA.CO,35,0,
Cooke County,US.TX.OO,35,0,
Kauai County,US.HI.KU,35,0,
Oxford County,US.ME.OX,35,0,
Otero County,US.NM.OT,35,6,
Pontotoc County,US.OK.PN,35,2,
Grant County,US.AR.GN,34,0,
Van Buren County,US.AR.VA,34,2,
Aurora County,US.SD.AU,34,0,
Monroe County,US.KY.MO,34,1,
Lincoln County,US.GA.LC,34,1,
Owyhee County,US.ID.OW,34,0,
Sagadahoc County,US.ME.SA,34,0,
Clark County,US.KS.CA,34,0,
Fremont County,US.CO.FR,34,0,
Johnson County,US.TN.JO,34,0,
Robertson County,US.TX.RO,34,0,
Barron County,US.WI.BR,34,0,
Howard County,US.TX.HW,34,1,
Cuming County,US.NE.CM,34,0,
Wabaunsee County,US.KS.WB,34,0,
Gillespie County,US.TX.GL,33,0,
Clarion County,US.PA.CL,33,2,
Mason County,US.TX.MA,33,0,
Woodford County,US.IL.WO,33,2,
Cherokee County,US.NC.CO,33,1,
Smyth County,US.VA.SM,33,1,
Madison County,US.ID.MA,33,0,
Nowata County,US.OK.NW,33,1,
Franklin County,US.MS.FR,33,2,
Seward County,US.NE.SA,33,1,
Scioto County,US.OH.SC,33,0,
Mercer County,US.WV.MR,33,0,
Henry County,US.KY.HY,33,2,
Albany County,US.WY.AL,32,0,
Kalkaska County,US.MI.KK,32,2,
Mills County,US.IA.ML,32,0,
Meigs County,US.TN.ME,32,0,
Crawford County,US.WI.CR,32,0,
Mille Lacs County,US.MN.MI,32,1,
Scurry County,US.TX.SU,32,0,
Calaveras County,US.CA.CA,32,0,
Jones County,US.NC.JN,32,3,
Lander County,US.NV.LA,32,0,
Sequoyah County,US.OK.SQ,32,3,
Kossuth County,US.IA.KO,32,0,
Ogemaw County,US.MI.OG,32,2,
Candler County,US.GA.CR,32,0,
Juneau County,US.WI.JU,32,1,
Hamilton County,US.KS.HM,32,0,
Trinity County,US.TX.TR,32,0,
Vernon County,US.WI.VE,32,0,
Seneca County,US.OH.SE,31,2,
Toole County,US.MT.TO,31,6,
San Jacinto County,US.TX.SJ,31,0,
Henderson County,US.TN.HS,31,0,
Swisher County,US.TX.SW,31,1,
Alleghany County,US.NC.AL,31,0,
Montgomery County,US.GA.MM,31,0,
Harvey County,US.KS.HV,31,2,
Park County,US.WY.PA,31,0,
Buchanan County,US.VA.BH,31,0,
Kit Carson County,US.CO.KT,31,3,
Lafayette County,US.FL.LF,31,0,
Alleghany County,US.VA.AL,31,2,
Campbell County,US.TN.CM,31,1,
Gibson County,US.IN.GI,31,2,
Sullivan County,US.NH.SU,31,1,
Wabasha County,US.MN.WB,30,0,
Ford County,US.IL.FO,30,1,
Athens County,US.OH.AS,30,1,
Sherman County,US.TX.SN,30,0,
Tipton County,US.IN.TT,30,1,
Lunenburg County,US.VA.LN,30,0,
Bourbon County,US.KY.BU,30,1,
Josephine County,US.OR.JO,30,1,
Charlotte County,US.VA.CT,30,0,
Spencer County,US.IN.SP,30,1,
McIntosh County,US.GA.MH,30,1,
Green Lake County,US.WI.GL,30,0,
Beaver County,US.OK.BA,30,0,
Fayette County,US.IA.FT,30,0,
Meade County,US.KS.ME,30,0,
Le Flore County,US.OK.LE,30,1,
Lamoille County,US.VT.LA,30,1,
Lawrence County,US.MO.LW,30,0,
Stevens County,US.KS.SV,30,0,
Love County,US.OK.LV,29,0,
Rock County,US.MN.RC,29,0,
Iowa County,US.WI.IO,29,0,
Franklin County,US.NY.FR,29,0,
Mecosta County,US.MI.MT,29,2,
Rockbridge County,US.VA.RB,29,0,
Montgomery County,US.KS.MG,29,3,
Union County,US.KY.UN,29,0,
Williams County,US.ND.WI,29,0,
Perry County,US.TN.PE,29,0,
Lucas County,US.IA.LU,29,3,
Mason County,US.KY.MS,29,0,
Millard County,US.UT.MD,29,0,
Uintah County,US.UT.UN,29,0,
Lincoln County,US.OK.LI,28,2,
Wayne County,US.NE.WY,28,0,
Posey County,US.IN.PS,28,0,
Grainger County,US.TN.GA,28,0,
Greene County,US.IA.GE,28,0,
Columbia County,US.OR.CL,28,0,
Madison County,US.TX.AD,28,0,
Hansford County,US.TX.HF,28,2,
Greenup County,US.KY.GU,28,0,
Missaukee County,US.MI.MU,28,1,
Cheboygan County,US.MI.CY,28,2,
Crockett County,US.TN.CK,28,3,
Lynn County,US.TX.LY,28,1,
Emmet County,US.MI.EM,27,2,
Atchison County,US.KS.AT,27,0,
Crawford County,US.IN.CW,27,0,
Wise County,US.VA.WI,27,2,
Perry County,US.AR.PY,27,0,
Webster County,US.MO.WE,27,1,
Donley County,US.TX.DO,27,0,
Siskiyou County,US.CA.SK,27,0,
Floyd County,US.KY.FO,27,0,
Cascade County,US.MT.CS,27,2,
Somerset County,US.ME.SO,27,0,
Clare County,US.MI.CE,27,3,
Taylor County,US.GA.TY,27,2,
Mitchell County,US.NC.MI,27,0,
Park County,US.CO.PA,27,0,
Beltrami County,US.MN.BT,27,0,
Clay County,US.NE.CL,27,0,
Inyo County,US.CA.IN,27,1,
Grundy County,US.IA.GN,27,0,
McKenzie County,US.ND.MK,27,0,
Osceola County,US.MI.OE,26,0,
Lewis and Clark County,US.MT.LE,26,0,
Blanco County,US.TX.BC,26,1,
Marion County,US.TX.MN,26,1,
Gray County,US.KS.GY,26,0,
Jackson County,US.WI.JA,26,1,
Converse County,US.WY.CE,26,0,
Perry County,US.OH.PE,26,1,
Jackson County,US.AR.JA,26,0,
Jefferson County,US.KS.JF,26,0,
Henry County,US.OH.HE,26,0,
Arkansas County,US.AR.AR,26,0,
Kingfisher County,US.OK.KN,26,0,
Lewis County,US.NY.LE,26,5,
Doniphan County,US.KS.DP,26,0,
Fountain County,US.IN.FO,26,2,
Gladwin County,US.MI.GL,26,1,
Anderson County,US.KY.AN,26,1,
Roscommon County,US.MI.RO,26,0,
Charlevoix County,US.MI.CV,26,2,
Gates County,US.NC.GT,26,2,
Ravalli County,US.MT.RA,25,0,
Laclede County,US.MO.LD,25,0,
Ray County,US.MO.RY,25,0,
Lincoln County,US.KY.LN,25,1,
Benton County,US.MS.BE,25,0,
Todd County,US.KY.TO,25,0,
Fillmore County,US.MN.FI,25,0,
Grays Harbor County,US.WA.GY,25,0,
Custer County,US.MT.CU,25,0,
Turner County,US.SD.TU,25,0,
Yellow Medicine County,US.MN.YE,25,0,
Marshall County,US.OK.MH,25,0,
Falls County,US.TX.FL,25,0,
Cleveland County,US.AR.CV,25,0,
Meade County,US.KY.MA,25,2,
Cannon County,US.TN.CN,25,0,
Whitley County,US.KY.WH,25,0,
Cleburne County,US.AL.CB,25,1,
Union County,US.IA.UN,24,0,
Trigg County,US.KY.TG,24,0,
Palo Alto County,US.IA.PO,24,0,
Bureau County,US.IL.BU,24,1,
Sequatchie County,US.TN.SQ,24,0,
Nemaha County,US.KS.NM,24,0,
Breckinridge County,US.KY.BC,24,2,
Pocahontas County,US.WV.PO,24,0,
Sheridan County,US.WY.SH,24,0,
Chickasaw County,US.IA.CC,24,0,
Menard County,US.IL.MN,24,0,
Tensas Parish,US.LA.TN,24,0,
Bonner County,US.ID.BR,24,0,
Schley County,US.GA.SY,24,1,
Camden County,US.NC.CD,24,0,
Winneshiek County,US.IA.WH,24,0,
Miami County,US.KS.MI,24,0,
Knox County,US.ME.KN,24,1,
Tioga County,US.PA.TI,24,2,
McLean County,US.KY.ML,24,1,
Morrill County,US.NE.MO,24,0,
Cherokee County,US.KS.CK,24,0,
Nolan County,US.TX.NO,24,0,
Brown County,US.MN.BR,23,2,
Tillman County,US.OK.TI,23,1,
Treutlen County,US.GA.TE,23,1,
King and Queen County,US.VA.KA,23,1,
Clinton County,US.MO.CO,23,0,
Jackson County,US.IA.JC,23,0,
Neosho County,US.KS.NO,23,0,
Switzerland County,US.IN.SW,23,0,
Mercer County,US.KY.MC,23,0,
Lincoln County,US.ME.LI,23,0,
Aroostook County,US.ME.AR,23,1,
Fayette County,US.IL.FA,23,3,
Haskell County,US.KS.HS,23,0,
Mariposa County,US.CA.MP,23,1,
Franklin County,US.ID.FA,23,0,
Phelps County,US.NE.PH,23,0,
Morgan County,US.TN.MG,23,1,
Twiggs County,US.GA.TG,23,1,
Faulk County,US.SD.FU,23,1,
Douglas County,US.WI.DG,22,0,
Rowan County,US.KY.RW,22,0,
Hartley County,US.TX.HL,22,2,
Boone County,US.AR.BO,22,1,
Carter County,US.KY.CR,22,0,
Carbon County,US.WY.CB,22,1,
Young County,US.TX.YU,22,1,
Chowan County,US.NC.CW,22,0,
Mason County,US.IL.MS,22,0,
Vinton County,US.OH.VI,22,2,
Floyd County,US.TX.FY,22,0,
Otero County,US.CO.OT,22,1,
Tuolumne County,US.CA.TO,22,0,
Logan County,US.WV.LO,22,1,
Wabash County,US.IL.WB,22,0,
Alexander County,US.IL.AL,22,0,
Martin County,US.IN.MN,22,0,
Washington County,US.KY.WS,22,0,
Gulf County,US.FL.GU,22,0,
Sharkey County,US.MS.SH,22,0,
Jackson County,US.TN.JA,22,0,
Parke County,US.IN.PA,22,0,
Paulding County,US.OH.PA,22,0,
Phelps County,US.MO.PH,21,0,
Jefferson County,US.PA.JE,21,1,
Benewah County,US.ID.BA,21,0,
Fulton County,US.KY.FU,21,0,
Van Wert County,US.OH.VA,21,0,
Sabine County,US.TX.SB,21,1,
Barton County,US.MO.BT,21,0,
Washington County,US.MO.WS,21,1,
Sioux County,US.ND.SI,21,0,
Moody County,US.SD.MO,21,0,
Yoakum County,US.TX.YA,21,0,
Lewis County,US.KY.LI,21,0,
Hancock County,US.WV.HN,21,0,
Knox County,US.NE.KN,21,0,
Carroll County,US.IL.CL,21,2,
Ketchikan Gateway Borough,US.AK.KG,21,0,
Harlan County,US.KY.HL,21,2,
Claiborne County,US.TN.CI,21,0,
Delta County,US.MI.DE,21,3,
Ida County,US.IA.ID,21,0,
Webster County,US.GA.WT,21,1,
Wexford County,US.MI.WE,21,3,
Tyler County,US.TX.TY,21,0,
Stanton County,US.NE.ST,21,0,
Waushara County,US.WI.WS,21,0,
Alcona County,US.MI.AC,21,1,
Live Oak County,US.TX.LK,21,0,
Walsh County,US.ND.WL,21,0,
Karnes County,US.TX.KS,21,0,
Izard County,US.AR.IZ,20,1,
Prairie County,US.AR.PR,20,0,
Leon County,US.TX.LN,20,0,
Mercer County,US.IL.ME,20,0,
Appanoose County,US.IA.AP,20,3,
Morgan County,US.WV.MA,20,0,
Freestone County,US.TX.FE,20,0,
Amador County,US.CA.AM,20,0,
Gem County,US.ID.GE,20,0,
Costilla County,US.CO.CS,20,0,
Adams County,US.OH.AD,20,1,
Johnson County,US.IL.JH,20,0,
Guadalupe County,US.NM.GU,20,0,
Rappahannock County,US.VA.RP,20,0,
San Miguel County,US.NM.SM,20,0,
Houston County,US.MN.HO,20,0,
Humphreys County,US.TN.HU,20,1,
Boone County,US.WV.BN,20,0,
Winnebago County,US.IA.WB,20,0,
Johnson County,US.WY.JO,20,1,
Asotin County,US.WA.AS,20,2,
Page County,US.IA.PG,20,0,
Transylvania County,US.NC.TR,20,1,
Pike County,US.OH.PK,20,0,
Swift County,US.MN.SW,20,1,
Wilkin County,US.MN.WL,20,3,
Lyon County,US.KY.LY,19,3,
Zavala County,US.TX.ZV,19,0,
Craig County,US.OK.CG,19,0,
Piatt County,US.IL.PA,19,0,
Poquoson city,US.VA.PQ,19,0,
Stewart County,US.TN.SA,19,0,
Lawrence County,US.SD.LW,19,0,
Lampasas County,US.TX.LP,19,0,
Rockcastle County,US.KY.RC,19,0,
Washington County,US.IL.WG,19,0,
Lake County,US.SD.LK,19,1,
Hamilton County,US.TX.HM,19,1,
Norman County,US.MN.NR,19,0,
Warren County,US.GA.WR,19,0,
San Juan County,US.WA.SA,19,0,
Ellis County,US.KS.EL,19,0,
Barnes County,US.ND.BA,19,0,
Oneida County,US.WI.ON,19,0,
Chester County,US.TN.CS,19,0,
Ouachita County,US.AR.OU,19,0,
Keokuk County,US.IA.KE,19,1,
Henry County,US.MO.HE,19,3,
Garrard County,US.KY.GR,19,0,
Caledonia County,US.VT.CA,19,0,
Evans County,US.GA.EV,19,0,
Reeves County,US.TX.RE,19,0,
Renville County,US.MN.RN,19,1,
Atoka County,US.OK.AT,18,0,
Antrim County,US.MI.AN,18,0,
Audubon County,US.IA.AU,18,1,
Venango County,US.PA.VE,18,0,
Jefferson County,US.ID.JF,18,0,
Prowers County,US.CO.PR,18,0,
Cheyenne County,US.NE.CY,18,0,
Decatur County,US.TN.DC,18,0,
Clear Creek County,US.CO.CL,18,1,
Brule County,US.SD.BU,18,0,
Morgan County,US.UT.MN,18,0,
Pamlico County,US.NC.PM,18,0,
Van Buren County,US.IA.VA,18,0,
Nelson County,US.VA.NL,18,0,
Grundy County,US.MO.GU,18,0,
Grant County,US.NM.GR,18,0,
Hancock County,US.IL.HC,18,1,
Crawford County,US.IL.CW,18,0,
Murray County,US.OK.MR,18,0,
Carbon County,US.MT.CB,18,0,
Fulton County,US.PA.FU,18,1,
Grand County,US.CO.GR,18,0,
Currituck County,US.NC.CI,18,0,
Baxter County,US.AR.BA,18,0,
Greenlee County,US.AZ.GE,18,1,
Fleming County,US.KY.FE,17,0,
McCreary County,US.KY.MR,17,0,
Bracken County,US.KY.BK,17,0,
Lincoln County,US.WY.LI,17,0,
Ransom County,US.ND.RN,17,0,
Nodaway County,US.MO.NO,17,0,
Howard County,US.IA.HO,17,0,
Hancock County,US.KY.HC,17,0,
Cass County,US.IA.CS,17,0,
Palo Pinto County,US.TX.PO,17,2,
Jackson County,US.OH.JA,17,0,
Ripley County,US.MO.RI,17,0,
Montague County,US.TX.MU,17,1,
Colusa County,US.CA.CL,17,0,
Ste. Genevieve County,US.MO.SG,17,1,
Corson County,US.SD.CO,17,0,
Moultrie County,US.IL.MI,17,0,
Benton County,US.MO.BN,17,0,
Traill County,US.ND.TR,16,0,
Mitchell County,US.IA.ME,16,0,
Stevens County,US.WA.ST,16,1,
Hancock County,US.ME.HA,16,1,
Mingo County,US.WV.MO,16,2,
Aransas County,US.TX.AA,16,0,
Grant County,US.WV.GA,16,0,
Mason County,US.WV.MN,16,0,
Scott County,US.KS.SC,16,0,
Shelby County,US.IL.SB,16,1,
Montgomery County,US.MO.MM,16,0,
Leelanau County,US.MI.LE,16,0,
Franklin County,US.AR.FR,16,0,
Terry County,US.TX.TE,16,0,
Wheeler County,US.TX.WL,16,0,
Power County,US.ID.PO,16,0,
Bandera County,US.TX.BA,16,0,
Otoe County,US.NE.OT,16,0,
Bourbon County,US.KS.BB,16,1,
Callahan County,US.TX.AL,16,2,
Pipestone County,US.MN.PS,16,0,
Lewis County,US.WV.LE,16,2,
Teton County,US.ID.TE,16,0,
Fentress County,US.TN.FE,16,0,
Manistee County,US.MI.ME,16,0,
Vernon County,US.MO.VE,16,0,
McKean County,US.PA.MC,15,1,
Juab County,US.UT.JU,15,0,
Hudspeth County,US.TX.HU,15,0,
Presidio County,US.TX.PS,15,0,
Phillips County,US.CO.PH,15,0,
Richland County,US.WI.RI,15,4,
Quitman County,US.GA.QU,15,1,
Adams County,US.WI.AD,15,2,
Fulton County,US.IL.FU,15,0,
Wadena County,US.MN.WD,15,0,
Larue County,US.KY.LR,15,1,
Thomas County,US.KS.TH,15,0,
Menominee County,US.MI.MM,15,0,
Crosby County,US.TX.CB,15,1,
Middlesex County,US.VA.MI,15,0,
Potter County,US.PA.PO,15,0,
Barbour County,US.WV.BB,15,1,
Lafayette County,US.AR.LF,15,1,
Day County,US.SD.DY,15,0,
Linn County,US.MO.LN,15,1,
Nantucket County,US.MA.NA,15,1,
Letcher County,US.KY.LT,15,0,
Casey County,US.KY.CS,15,0,
Floyd County,US.VA.FO,15,1,
Carbon County,US.UT.CR,15,0,
Tripp County,US.SD.TR,15,0,
Tazewell County,US.VA.TA,15,0,
Marion County,US.MO.MO,15,0,
Pendleton County,US.KY.PN,15,0,
Gaines County,US.TX.GS,15,0,
Clark County,US.SD.CK,14,0,
Schleicher County,US.TX.SH,14,0,
Adair County,US.IA.AI,14,0,
Surry County,US.VA.SR,14,1,
Ohio County,US.IN.OH,14,0,
Orleans County,US.VT.OL,14,0,
Wright County,US.MO.WG,14,0,
Oscoda County,US.MI.OO,14,1,
Warren County,US.IN.WN,14,1,
Upshur County,US.WV.UP,14,0,
Scott County,US.TN.SC,14,0,
Linn County,US.KS.LN,14,0,
Taylor County,US.WV.TA,14,0,
Ballard County,US.KY.BA,14,0,
Ward County,US.TX.WD,14,0,
Redwood County,US.MN.RW,14,0,
Big Stone County,US.MN.BI,14,0,
Comanche County,US.TX.CE,14,1,
Blaine County,US.OK.BL,14,0,
Buena Vista city,US.VA.BE,14,0,
Clark County,US.IL.CK,14,0,
Winkler County,US.TX.WI,14,0,
Cooper County,US.MO.CP,14,0,
Union County,US.IN.UN,13,0,
Wayne County,US.KY.WY,13,0,
Silver Bow County,US.MT.SI,13,0,
Vermillion County,US.IN.VE,13,0,
Stone County,US.AR.ST,13,0,
Schuyler County,US.IL.SU,13,0,
LaMoure County,US.ND.LA,13,0,
Conejos County,US.CO.CN,13,0,
Grant County,US.SD.GA,13,0,
Okfuskee County,US.OK.OF,13,0,
Cedar County,US.NE.CA,13,0,
Lake County,US.OR.LK,13,0,
Lake County,US.MT.LA,13,0,
Bond County,US.IL.BN,13,1,
Garfield County,US.UT.GA,13,1,
Baca County,US.CO.BA,13,0,
Bath County,US.KY.BH,13,1,
Fillmore County,US.NE.FI,13,1,
Polk County,US.MO.PO,13,0,
Clay County,US.TN.CY,13,0,
Kearney County,US.NE.KA,13,0,
Jim Hogg County,US.TX.JG,13,0,
Pendleton County,US.WV.PE,13,1,
Kanabec County,US.MN.KA,13,1,
Gosper County,US.NE.GO,13,0,
Franklin County,US.IL.FR,13,0,
Grand County,US.UT.GR,13,0,
Morgan County,US.MO.MG,13,0,
Harrison County,US.MO.HS,13,0,
Dunn County,US.ND.DU,13,0,
Aitkin County,US.MN.AI,13,0,
Caldwell County,US.KY.CD,13,0,
Logan County,US.IL.LO,13,0,
Duchesne County,US.UT.DU,13,0,
Ringgold County,US.IA.RI,12,0,
Presque Isle County,US.MI.PR,12,0,
Sanborn County,US.SD.SA,12,0,
Lassen County,US.CA.LS,12,0,
Elk County,US.PA.EL,12,0,
Dallas County,US.MO.DL,12,1,
Wayne County,US.IL.WY,12,1,
Polk County,US.NE.PO,12,0,
Sawyer County,US.WI.SW,12,0,
Monroe County,US.AR.ME,12,0,
Garza County,US.TX.GR,12,0,
Woodward County,US.OK.WW,12,0,
Pacific County,US.WA.PA,12,1,
Stanley County,US.SD.ST,12,0,
Bates County,US.MO.BS,12,1,
Burt County,US.NE.BT,12,0,
Marquette County,US.WI.MQ,12,1,
Marshall County,US.MN.MS,12,0,
Bollinger County,US.MO.BI,12,0,
Sierra County,US.NM.SI,12,0,
Harrison County,US.OH.HR,12,1,
Schuyler County,US.NY.SU,12,0,
Hot Springs County,US.WY.HO,12,0,
Randolph County,US.MO.RN,12,0,
Big Horn County,US.WY.BI,12,0,
Gilmer County,US.WV.GI,12,0,
Stone County,US.MO.SE,12,0,
Goliad County,US.TX.GI,12,0,
Menifee County,US.KY.ME,12,0,
Benton County,US.TN.BN,12,1,
Fulton County,US.AR.FU,12,0,
Miller County,US.MO.ML,12,0,
Newton County,US.TX.NE,12,0,
Taylor County,US.WI.TA,11,0,
Houghton County,US.MI.HO,11,0,
DeKalb County,US.MO.DE,11,0,
Bon Homme County,US.SD.BH,11,0,
Crawford County,US.MO.CF,11,0,
Hutchinson County,US.SD.HT,11,0,
Greenwood County,US.KS.GW,11,0,
Osage County,US.KS.OS,11,0,
Scotland County,US.MO.SO,11,1,
Hamlin County,US.SD.HM,11,0,
Cumberland County,US.IL.CU,11,0,
Monroe County,US.WV.ME,11,0,
Spink County,US.SD.SP,11,0,
Gasconade County,US.MO.GA,11,0,
Union County,US.TN.UO,11,0,
Radford city,US.VA.RD,11,0,
Rusk County,US.WI.RU,11,0,
Dimmit County,US.TX.DM,11,0,
Latah County,US.ID.LA,11,0,
Martin County,US.TX.MT,11,1,
Madison County,US.NC.MD,11,0,
Sitka City and Borough,US.AK.SI,11,0,
Cass County,US.MN.CS,11,2,
McCormick County,US.SC.MC,11,1,
McCulloch County,US.TX.MC,11,0,
Carroll County,US.MO.CL,11,0,
Sumner County,US.KS.SU,11,1,
McLean County,US.ND.ML,11,0,
Effingham County,US.IL.EF,11,1,
Beckham County,US.OK.BC,11,0,
Meigs County,US.OH.MS,11,0,
Livingston County,US.MO.LV,11,0,
Lincoln County,US.NM.LI,11,0,
Roane County,US.WV.RO,11,1,
Brown County,US.KS.BR,11,0,
Lexington city,US.VA.LX,10,0,
Lancaster County,US.VA.LA,10,0,
La Salle County,US.TX.LS,10,0,
Marion County,US.KS.MN,10,1,
Johnston County,US.OK.JO,10,0,
Houston County,US.TN.HO,10,0,
Montgomery County,US.IA.MG,10,2,
Cloud County,US.KS.CD,10,0,
Brown County,US.IL.BR,10,0,
Wetzel County,US.WV.WT,10,0,
Massac County,US.IL.MA,10,0,
Koochiching County,US.MN.KO,10,0,
McCook County,US.SD.MC,10,1,
Moffat County,US.CO.MF,10,0,
Caribou County,US.ID.CR,10,0,
Churchill County,US.NV.CH,10,1,
Johnson County,US.KY.JO,10,0,
Clay County,US.WV.CY,10,1,
Bosque County,US.TX.BQ,10,0,
Scott County,US.AR.SC,10,0,
Stanton County,US.KS.ST,10,0,
Garrett County,US.MD.GA,10,0,
Ouray County,US.CO.OU,10,1,
Pushmataha County,US.OK.PU,10,0,
Valley County,US.ID.VA,10,0,
Pope County,US.MN.PE,10,0,
Furnas County,US.NE.FU,10,1,
Ramsey County,US.ND.RM,10,1,
Vilas County,US.WI.VI,10,0,
Rolette County,US.ND.RO,10,0,
Worth County,US.IA.WT,10,0,
Fall River County,US.SD.FL,10,0,
Grand Isle County,US.VT.GR,10,0,
Refugio County,US.TX.RF,10,0,
Park County,US.MT.PA,10,0,
Duval County,US.TX.DU,10,0,
Adams County,US.ID.AM,10,0,
Crook County,US.OR.CR,10,0,
Richland County,US.MT.RI,10,0,
Gallia County,US.OH.GA,10,1,
Orange County,US.VT.OA,9,0,
Kimball County,US.NE.KB,9,0,
Graham County,US.NC.GH,9,0,
Latimer County,US.OK.LA,9,1,
Edgar County,US.IL.EG,9,0,
Rosebud County,US.MT.RS,9,1,
Livingston County,US.KY.LV,9,0,
Clay County,US.NC.CY,9,0,
Ralls County,US.MO.RL,9,0,
Cedar County,US.MO.CD,9,0,
Metcalfe County,US.KY.MT,9,2,
Antelope County,US.NE.AN,9,1,
Lipscomb County,US.TX.LM,9,0,
Russell County,US.VA.RU,9,0,
Avery County,US.NC.AV,9,0,
Brooke County,US.WV.BO,9,0,
Lincoln County,US.WI.LI,9,0,
Hodgeman County,US.KS.HG,9,0,
Caldwell County,US.MO.CW,9,0,
Colfax County,US.NM.CO,9,1,
Dawson County,US.MT.DW,9,0,
Jefferson County,US.NE.JE,9,0,
Hyde County,US.NC.HE,9,0,
Decatur County,US.IA.DC,9,0,
Saline County,US.IL.SE,9,0,
Walworth County,US.SD.WA,9,0,
Scott County,US.VA.SC,9,2,
Lee County,US.VA.LE,9,0,
Wilbarger County,US.TX.WG,9,0,
Pembina County,US.ND.PE,9,0,
Eastland County,US.TX.EA,9,0,
Greene County,US.IL.GE,9,0,
Emery County,US.UT.EM,9,0,
Adams County,US.IA.AM,8,0,
Archuleta County,US.CO.AC,8,0,
Leslie County,US.KY.LS,8,0,
Madison County,US.MT.MA,8,1,
Rains County,US.TX.RI,8,0,
Marshall County,US.IL.MH,8,0,
Dickinson County,US.KS.DK,8,0,
Roosevelt County,US.MT.RO,8,0,
Major County,US.OK.MJ,8,1,
Wallowa County,US.OR.WW,8,0,
Mackinac County,US.MI.MK,8,0,
Llano County,US.TX.LL,8,0,
Henderson County,US.IL.HD,8,0,
Crittenden County,US.KY.CT,8,1,
Pike County,US.AR.PE,8,0,
Tyrrell County,US.NC.TY,8,0,
Miner County,US.SD.ME,8,0,
Custer County,US.SD.CU,8,0,
Valley County,US.NE.VA,8,0,
Bell County,US.KY.BL,8,0,
Glacier County,US.MT.GC,8,0,
Morgan County,US.KY.MG,8,0,
Noble County,US.OH.NO,8,0,
Pierce County,US.NE.PI,8,0,
Daviess County,US.MO.DV,8,0,
Breathitt County,US.KY.BT,8,0,
Haskell County,US.OK.HS,8,0,
Nicholas County,US.WV.NI,8,1,
Beaver County,US.UT.BV,8,0,
Columbia County,US.WA.CM,8,0,
Wells County,US.ND.WE,8,0,
Giles County,US.VA.GI,8,0,
Lincoln County,US.MT.LN,7,1,
Dallas County,US.AR.DA,7,0,
Concho County,US.TX.ON,7,0,
Hand County,US.SD.HD,7,0,
Curry County,US.OR.CU,7,0,
Wayne County,US.IA.WY,7,0,
Crook County,US.WY.CK,7,0,
Crockett County,US.TX.CT,7,0,
Hughes County,US.OK.HU,7,0,
Lincoln County,US.MN.LI,7,0,
Lake County,US.MI.LK,7,0,
Coal County,US.OK.CL,7,0,
Lewis County,US.MO.LE,7,1,
Jack County,US.TX.JK,7,0,
Knott County,US.KY.KT,7,0,
Tillamook County,US.OR.TI,7,0,
Dickinson County,US.MI.DI,7,2,
Childress County,US.TX.CD,7,0,
Union County,US.NM.UN,7,0,
Franklin County,US.NE.FA,7,0,
Langlade County,US.WI.LN,7,0,
Las Animas County,US.CO.LS,7,0,
Forest County,US.PA.FO,7,0,
Gilpin County,US.CO.GI,7,0,
Glascock County,US.GA.GS,7,0,
Gogebic County,US.MI.GO,7,1,
Clearwater County,US.MN.CE,7,0,
Lawrence County,US.IL.LW,7,0,
Stephens County,US.TX.SE,7,0,
Hemphill County,US.TX.HH,7,0,
Edmunds County,US.SD.ED,7,0,
Boone County,US.NE.BO,7,0,
Oregon County,US.MO.OR,7,0,
Republic County,US.KS.RP,7,0,
Rooks County,US.KS.RO,7,0,
Buffalo County,US.WI.BF,7,2,
Wyoming County,US.WV.WY,7,0,
Benzie County,US.MI.BE,7,0,
Sherman County,US.KS.SH,7,0,
Plumas County,US.CA.PU,7,0,
Macon County,US.MO.MN,7,0,
Los Alamos County,US.NM.LO,7,0,
Osage County,US.MO.OS,7,0,
Morgan County,US.OH.MA,7,0,
Morton County,US.KS.MT,7,0,
Searcy County,US.AR.SA,7,0,
Mahnomen County,US.MN.MH,7,1,
McDowell County,US.WV.MC,6,0,
Shannon County,US.MO.SN,6,0,
Collingsworth County,US.TX.CG,6,0,
Moore County,US.TN.MO,6,0,
Kiowa County,US.OK.KO,6,1,
Red Willow County,US.NE.RE,6,0,
Webster County,US.NE.WE,6,0,
Kingsbury County,US.SD.KI,6,0,
Pershing County,US.NV.PE,6,0,
Grant County,US.MN.GR,6,0,
Quay County,US.NM.QU,6,1,
Archer County,US.TX.AC,6,0,
Menominee County,US.WI.MN,6,0,
Owen County,US.KY.OE,6,0,
Jackson County,US.SD.JA,6,1,
Johnson County,US.NE.JO,6,0,
Mercer County,US.ND.ME,6,0,
Mercer County,US.MO.MC,6,0,
Issaquena County,US.MS.IS,6,1,
Franklin County,US.FL.FR,6,0,
Clay County,US.KS.CY,6,1,
Kane County,US.UT.KA,6,0,
Roseau County,US.MN.RS,6,0,
Van Buren County,US.TN.VA,6,0,
Clay County,US.TX.CY,6,0,
Pratt County,US.KS.PR,6,0,
Pike County,US.IN.PI,6,0,
Chariton County,US.MO.CI,6,0,
Sargent County,US.ND.SG,6,0,
Fremont County,US.IA.FO,6,0,
Powell County,US.KY.PO,6,0,
Edwards County,US.KS.ED,6,0,
Woodson County,US.KS.WO,6,0,
Pickett County,US.TN.PI,6,0,
Woodruff County,US.AR.WO,6,0,
Tucker County,US.WV.TU,6,0,
Carson County,US.TX.CN,6,0,
Trimble County,US.KY.TM,6,0,
Carter County,US.MO.CR,6,1,
Hamilton County,US.NY.HA,6,1,
Lawrence County,US.KY.LC,6,0,
Bethel Census Area,US.AK.BE,6,0,
Sioux County,US.NE.SI,6,0,
Sublette County,US.WY.SU,6,0,
Cumberland County,US.KY.CU,6,0,
Hanson County,US.SD.HS,6,0,
Cotton County,US.OK.CT,6,2,
Coos County,US.NH.CO,6,0,
Craig County,US.VA.CG,6,0,
Glasscock County,US.TX.GC,5,0,
Fremont County,US.ID.FE,5,0,
Lincoln County,US.WV.LI,5,0,
Pleasants County,US.WV.PL,5,0,
Coke County,US.TX.OK,5,1,
Dewey County,US.OK.DW,5,0,
Woods County,US.OK.WS,5,0,
Morris County,US.KS.MR,5,0,
Hickman County,US.KY.HA,5,0,
Schuyler County,US.MO.SH,5,0,
Hubbard County,US.MN.HU,5,0,
Monroe County,US.MO.MR,5,0,
Nemaha County,US.NE.NE,5,0,
Newton County,US.AR.NW,5,0,
Iron County,US.MI.IR,5,1,
Montmorency County,US.MI.MR,5,0,
Nicholas County,US.KY.NI,5,0,
Howard County,US.MO.HR,5,0,
Traverse County,US.MN.TR,5,0,
Warren County,US.PA.WR,5,0,
Nome Census Area,US.AK.NM,5,0,
Iron County,US.WI.IR,5,1,
Ottawa County,US.KS.OT,5,0,
Jefferson County,US.OK.JE,5,0,
Richardson County,US.NE.RI,5,1,
Magoffin County,US.KY.MF,5,0,
Martin County,US.KY.MI,5,0,
Matthews County,US.VA.MT,5,0,
Marshall County,US.SD.MS,5,0,
Renville County,US.ND.RE,5,0,
Burke County,US.ND.BK,5,0,
Mineral County,US.CO.MI,5,0,
Broadwater County,US.MT.BR,5,0,
Sherman County,US.NE.SM,5,0,
Cheyenne County,US.CO.CE,5,0,
Goshen County,US.WY.GO,5,0,
Lewis County,US.TN.LE,5,0,
Wahkiakum County,US.WA.WH,5,0,
Lake County,US.MN.LE,5,0,
Lane County,US.KS.LE,5,0,
Clinton County,US.KY.CO,5,0,
Bennett County,US.SD.BN,5,0,
Bottineau County,US.ND.BT,5,0,
Fisher County,US.TX.FH,5,1,
McPherson County,US.SD.MP,5,0,
Eddy County,US.ND.ED,5,0,
Delta County,US.TX.DT,5,0,
Somervell County,US.TX.SV,5,0,
Carlisle County,US.KY.CE,5,1,
Runnels County,US.TX.RN,5,0,
Hardeman County,US.TX.RD,4,0,
Northwest Arctic Borough,US.AK.NW,4,0,
Maries County,US.MO.MS,4,0,
Petersburg Census Area,US.AK.PB,4,1,
North Slope Borough,US.AK.NH,4,0,
De Witt County,US.IL.DW,4,0,
Rice County,US.KS.RC,4,0,
Norton city,US.VA.NC,4,0,
Madison County,US.MO.MD,4,0,
Dewey County,US.SD.DW,4,0,
Baraga County,US.MI.BA,4,0,
Oldham County,US.TX.OL,4,1,
Skamania County,US.WA.SM,4,0,
White County,US.IL.WE,4,0,
Hamilton County,US.IL.HM,4,0,
Bent County,US.CO.BE,4,0,
Worth County,US.MO.WO,4,0,
Richland County,US.IL.RI,4,0,
Lincoln County,US.CO.LI,4,0,
Green County,US.KY.GN,4,1,
Marion County,US.AR.MN,4,0,
Garden County,US.NE.GD,4,0,
San Saba County,US.TX.SS,4,0,
Stillwater County,US.MT.ST,4,0,
Mineral County,US.NV.MI,4,0,
Allen County,US.KS.AL,4,0,
Mitchell County,US.KS.MC,4,0,
Mitchell County,US.TX.MH,4,0,
Montgomery County,US.AR.MT,4,0,
Huerfano County,US.CO.HU,4,0,
Douglas County,US.SD.DO,4,0,
Bristol city,US.VA.BI,4,0,
Kiowa County,US.KS.KW,4,0,
Washburn County,US.WI.WR,4,0,
Schoolcraft County,US.MI.SR,4,0,
Sullivan County,US.PA.SL,4,0,
Texas County,US.MO.TE,4,0,
Chautauqua County,US.KS.CQ,4,0,
Chase County,US.KS.CS,4,0,
Tyler County,US.WV.TY,4,0,
Lac Qui Parle County,US.MN.LC,4,0,
Wirt County,US.WV.WI,4,0,
Estill County,US.KY.ES,4,0,
Dickey County,US.ND.DC,4,0,
Nance County,US.NE.NA,4,0,
Cottle County,US.TX.OT,4,1,
Pierce County,US.ND.PI,4,0,
Deer Lodge County,US.MT.DE,4,0,
Haskell County,US.TX.HK,4,0,
Ness County,US.KS.NS,4,0,
Emmons County,US.ND.EM,4,1,
Jewell County,US.KS.JW,4,0,
Piscataquis County,US.ME.PI,3,0,
Lincoln County,US.WA.LI,3,0,
Bayfield County,US.WI.BY,3,1,
Fergus County,US.MT.FE,3,0,
Rio Blanco County,US.CO.RB,3,0,
Rich County,US.UT.RH,3,0,
Elliott County,US.KY.EL,3,0,
Ellsworth County,US.KS.EW,3,0,
Essex County,US.VT.ES,3,0,
Red Lake County,US.MN.RD,3,0,
Alger County,US.MI.AG,3,0,
Dickenson County,US.VA.DC,3,0,
Florence County,US.WI.FL,3,0,
Douglas County,US.MO.DO,3,0,
Anderson County,US.KS.AN,3,0,
Armstrong County,US.TX.AM,3,0,
Ashland County,US.WI.AS,3,0,
Atchison County,US.MO.AT,3,0,
Wrangell City and Borough,US.AK.WG,3,0,
Highland County,US.VA.HA,3,0,
Phillips County,US.KS.PL,3,0,
Kodiak Island Borough,US.AK.KO,3,0,
Wayne County,US.MO.WY,3,0,
Jefferson County,US.MT.JE,3,0,
Golden Valley County,US.MT.GO,3,0,
Mellette County,US.SD.ML,3,0,
Box Butte County,US.NE.BX,3,0,
Sutton County,US.TX.ST,3,0,
Keith County,US.NE.KT,3,0,
Braxton County,US.WV.BX,3,0,
Chippewa County,US.MI.CP,3,0,
McHenry County,US.ND.MH,3,1,
Shelby County,US.MO.SB,3,0,
Coleman County,US.TX.CM,3,0,
Sheridan County,US.KS.SD,3,0,
Brooks County,US.TX.BK,3,0,
Burnett County,US.WI.BN,3,1,
Stevens County,US.MN.SV,3,0,
Slope County,US.ND.SL,3,0,
Smith County,US.KS.SM,3,0,
Luce County,US.MI.LU,3,0,
Stark County,US.IL.SA,3,0,
White Pine County,US.NV.WH,3,0,
Southeast Fairbanks Census Area,US.AK.SO,3,0,
Iron County,US.MO.IR,3,0,
Menard County,US.TX.EN,3,0,
Idaho County,US.ID.ID,3,0,
Culberson County,US.TX.UL,3,0,
Deuel County,US.SD.DU,3,0,
Dent County,US.MO.DN,3,0,
Pend Oreille County,US.WA.PE,3,0,
Benson County,US.ND.BE,3,0,
Pawnee County,US.KS.PN,3,0,
Greeley County,US.NE.GE,3,0,
Custer County,US.ID.CU,3,0,
Hancock County,US.TN.HC,3,0,
Norton County,US.KS.NT,3,0,
Hyde County,US.SD.HY,3,0,
Roberts County,US.TX.RS,3,0,
Washita County,US.OK.WT,3,0,
Holt County,US.NE.HT,3,0,
Covington city,US.VA.CV,3,0,
Hinsdale County,US.CO.HI,3,0,
Catron County,US.NM.CA,2,1,
Comanche County,US.KS.CM,2,0,
Cameron County,US.PA.CE,2,0,
Calhoun County,US.WV.CH,2,0,
Boise County,US.ID.BS,2,0,
Alpine County,US.CA.AP,2,0,
Dawes County,US.NE.DS,2,0,
Briscoe County,US.TX.BO,2,0,
Wolfe County,US.KY.WL,2,0,
Washington County,US.ME.WS,2,0,
Cavalier County,US.ND.CV,2,0,
Bland County,US.VA.BL,2,0,
Custer County,US.CO.CU,2,0,
Dickens County,US.TX.DC,2,0,
Clay County,US.IL.CY,2,0,
Cheyenne County,US.KS.CN,2,0,
Clark County,US.MO.CK,2,0,
Yukon-Koyukuk Census Area,US.AK.YU,2,0,
Ziebach County,US.SD.ZI,2,0,
Edwards County,US.IL.EW,2,0,
Pike County,US.IL.PK,2,0,
Granite County,US.MT.GN,2,0,
Grant County,US.ND.GT,2,0,
Osborne County,US.KS.OB,2,0,
Grant County,US.OK.GN,2,0,
Gregory County,US.SD.GE,2,0,
Niobrara County,US.WY.NI,2,0,
Griggs County,US.ND.GI,2,0,
Kidder County,US.ND.KI,2,0,
Hall County,US.TX.HA,2,1,
Trinity County,US.CA.TR,2,0,
Treasure County,US.MT.TR,2,0,
Harper County,US.KS.HP,2,0,
Sheridan County,US.NE.SD,2,0,
Lincoln County,US.NV.LI,2,0,
Lemhi County,US.ID.LM,2,0,
Storey County,US.NV.ST,2,0,
Irion County,US.TX.IR,2,0,
Knox County,US.MO.KN,2,0,
Taliaferro County,US.GA.TA,2,0,
Kittson County,US.MN.KI,2,0,
Kinney County,US.TX.KN,2,0,
Owsley County,US.KY.OS,2,0,
Haines Borough,US.AK.HA,2,0,
Piute County,US.UT.PT,2,0,
Ritchie County,US.WV.RI,2,0,
Price County,US.WI.PC,2,0,
Reagan County,US.TX.RG,2,0,
Reynolds County,US.MO.RE,2,0,
Gallatin County,US.IL.GA,2,0,
Putnam County,US.MO.PN,2,0,
Pondera County,US.MT.PN,2,0,
Foster County,US.ND.FO,2,0,
St. Clair County,US.MO.SC,2,0,
Platte County,US.WY.PL,2,0,
Upton County,US.TX.UP,2,0,
Prince of Wales-Hyder Census Area,US.AK.PH,2,0,
Edwards County,US.TX.ED,2,0,
Camas County,US.ID.CM,1,0,
Lee County,US.KY.LE,1,0,
Logan County,US.KS.LG,1,0,
Stafford County,US.KS.SF,1,0,
Liberty County,US.MT.LB,1,0,
Calhoun County,US.IL.CH,1,0,
Steele County,US.ND.SE,1,0,
Beaverhead County,US.MT.BE,1,0,
Knox County,US.TX.KX,1,0,
Real County,US.TX.RL,1,0,
Weston County,US.WY.WE,1,0,
Alfalfa County,US.OK.AL,1,0,
Sherman County,US.OR.SH,1,0,
Chase County,US.NE.CE,1,0,
Rock County,US.NE.RO,1,0,
Cherry County,US.NE.CH,1,0,
Sully County,US.SD.SU,1,0,
Summers County,US.WV.SU,1,0,
Webster County,US.WV.WB,1,0,
Cimarron County,US.OK.CO,1,0,
Sierra County,US.CA.SE,1,0,
Wilson County,US.KS.WL,1,0,
Putnam County,US.IL.PT,1,0,
Musselshell County,US.MT.MU,1,0,
Pepin County,US.WI.PE,1,0,
Ozark County,US.MO.OZ,1,0,
Baylor County,US.TX.BR,1,0,
Oliver County,US.ND.OL,1,0,
San Juan County,US.CO.SJ,1,0,
Nuckolls County,US.NE.NU,1,0,
Billings County,US.ND.BI,1,0,
Pope County,US.IL.PE,1,0,
Nelson County,US.ND.NE,1,0,
Barber County,US.KS.AB,1,0,
Banner County,US.NE.BA,1,0,
Sheridan County,US.ND.SH,1,0,
Motley County,US.TX.MY,1,0,
Mills County,US.TX.MS,1,0,
Baker County,US.OR.BA,1,0,
Boundary County,US.ID.BD,1,0,
Bowman County,US.ND.BW,1,0,
Meagher County,US.MT.ME,1,0,
Boyd County,US.NE.BY,1,0,
Shackelford County,US.TX.SC,1,0,
McIntosh County,US.ND.MI,1,0,
Marshall County,US.KS.MS,1,0,
Kimble County,US.TX.KM,1,0,
Wheatland County,US.MT.WH,1,0,
Hardin County,US.IL.HI,1,0,
Dade County,US.MO.DD,1,0,
Thomas County,US.NE.TO,1,0,
Cook County,US.MN.CO,1,0,
Hill County,US.MT.HI,1,0,
Hettinger County,US.ND.HE,1,0,
Harper County,US.OK.HP,1,0,
Harney County,US.OR.HA,1,0,
Harlan County,US.NE.HR,1,0,
Harding County,US.NM.HA,1,0,
Keweenaw County,US.MI.KW,1,0,
Trego County,US.KS.TR,1,0,
Washington County,US.KS.WS,1,0,
Thayer County,US.NE.TA,1,0,
Grant County,US.OR.GR,1,0,
Gove County,US.KS.GO,1,0,
Garfield County,US.NE.GF,1,0,
Valley County,US.MT.VA,1,0,
Frontier County,US.NE.FO,1,0,
Divide County,US.ND.DV,1,0,
Ferry County,US.WA.FE,1,0,
Eureka County,US.NV.EU,1,0,
Ellis County,US.OK.EL,1,0,
Elk County,US.KS.EK,1,0,
Holt County,US.MO.HL,1,0,
Hitchcock County,US.NE.HI,1,0,
Clearwater County,US.ID.CE,1,0,
Cochran County,US.TX.CC,1,0,
Jackson County,US.CO.JA,1,0,
Jeff Davis County,US.TX.JF,1,0,
Terrell County,US.TX.TL,1,0,
Ontonagon County,US.MI.ON,0,0,
Decatur County,US.KS.DC,0,0,
Garfield County,US.MT.GF,0,0,
Bath County,US.VA.BA,0,0,
Sweet Grass County,US.MT.SW,0,0,
Garfield County,US.WA.GF,0,0,
Bear Lake County,US.ID.BK,0,0,
De Baca County,US.NM.DE,0,0,
Gilliam County,US.OR.GI,0,0,
Golden Valley County,US.ND.GO,0,0,
Deuel County,US.NE.DL,0,0,
Phillips County,US.MT.PH,0,0,
Sanders County,US.MT.SA,0,0,
Oneida County,US.ID.ON,0,0,
Valdez-Cordova Census Area,US.AK.VA,0,0,
Perkins County,US.SD.PR,0,0,
Perkins County,US.NE.PE,0,0,
Kiowa County,US.CO.KO,0,0,
Pawnee County,US.NE.PA,0,0,
Denali Borough,US.AK.DE,0,0,
Graham County,US.KS.GH,0,0,
Grant County,US.NE.GA,0,0,
Petroleum County,US.MT.PO,0,0,
Wheeler County,US.NE.WH,0,0,
Greeley County,US.KS.GL,0,0,
Kingman County,US.KS.KM,0,0,
Kent County,US.TX.KT,0,0,
Clark County,US.ID.CA,0,0,
Adams County,US.ND.AD,0,0,
Esmeralda County,US.NV.ES,0,0,
Roger Mills County,US.OK.RR,0,0,
Aleutians East Borough,US.AK.AE,0,0,
Aleutians West Census Area,US.AK.AW,0,0,
Kenedy County,US.TX.KE,0,0,
Dundy County,US.NE.DY,0,0,
Fallon County,US.MT.FA,0,0,
Rawlins County,US.KS.RA,0,0,
Rush County,US.KS.RH,0,0,
Russell County,US.KS.RS,0,0,
King County,US.TX.KG,0,0,
Foard County,US.TX.FD,0,0,
Dolores County,US.CO.DO,0,0,
Arthur County,US.NE.AR,0,0,
Doddridge County,US.WV.DO,0,0,
Prairie County,US.MT.PR,0,0,
Powell County,US.MT.PL,0,0,
Powder River County,US.MT.PD,0,0,
Chouteau County,US.MT.CH,0,0,
Dillingham Census Area,US.AK.DI,0,0,
Potter County,US.SD.PO,0,0,
Yakutat City and Borough,US.AK.YA,0,0,
Wayne County,US.UT.WE,0,0,
Kalawao County,US.HI.KL,0,0,
Blaine County,US.MT.BL,0,0,
Wheeler County,US.OR.WE,0,0,
Skagway Municipality,US.AK.SW,0,0,
Butte County,US.ID.BT,0,0,
Butte County,US.SD.BT,0,0,
Loving County,US.TX.LI,0,0,
Loup County,US.NE.LU,0,0,
Calhoun County,US.AR.CA,0,0,
Logan County,US.NE.LG,0,0,
Stonewall County,US.TX.SA,0,0,
Logan County,US.ND.LO,0,0,
Wichita County,US.KS.WH,0,0,
Wibaux County,US.MT.WI,0,0,
Robertson County,US.KY.RB,0,0,
Lake and Peninsula Borough,US.AK.LA,0,0,
Campbell County,US.SD.CP,0,0,
Throckmorton County,US.TX.TH,0,0,
Lake of the Woods County,US.MN.LO,0,0,
Lincoln County,US.KS.LC,0,0,
Wallace County,US.KS.WA,0,0,
Lewis County,US.ID.LW,0,0,
Sterling County,US.TX.SI,0,0,
Hooker County,US.NE.HO,0,0,
Carter County,US.MT.CT,0,0,
Hoonah-Angoon Census Area,US.AK.HH,0,0,
Hickory County,US.MO.HC,0,0,
Shoshone County,US.ID.SH,0,0,
Teton County,US.MT.TE,0,0,
Judith Basin County,US.MT.JU,0,0,
Blaine County,US.NE.BL,0,0,
Daniels County,US.MT.DN,0,0,
Haakon County,US.SD.HA,0,0,
Daggett County,US.UT.DG,0,0,
Mora County,US.NM.MO,0,0,
Scott County,US.IL.SO,0,0,
Modoc County,US.CA.MC,0,0,
Mineral County,US.MT.MN,0,0,
Borden County,US.TX.BD,0,0,
Sedgwick County,US.CO.SE,0,0,
Jones County,US.SD.JO,0,0,
Brown County,US.NE.BW,0,0,
Towner County,US.ND.TO,0,0,
McPherson County,US.NE.MC,0,0,
Harding County,US.SD.HR,0,0,
McMullen County,US.TX.MM,0,0,
Harmon County,US.OK.HM,0,0,
Bristol Bay Borough,US.AK.BR,0,0,
McCone County,US.MT.MC,0,0,
Kusilvak Census Area,US.AK.WA,0,0,
Sheridan County,US.MT.SH,0,0,
Hayes County,US.NE.HY,0,0,
Keya Paha County,US.NE.KY,0,0,
