County,hasc,confirmed,death,recovered
Los Angeles County,US.CA.LO,176028,4375,
Maricopa County,US.AZ.MA,109988,1807,
Miami-Dade County,US.FL.DA,107315,1404,
Cook County,US.IL.CO,103008,4842,
Queens County,US.NY.QU,67679,7166,
Harris County,US.TX.RR,65349,1100,
Kings County,US.NY.KI,62053,7237,
Broward County,US.FL.BO,50784,607,
Bronx County,US.NY.BN,49388,4841,
Dallas County,US.TX.DS,46813,581,
Nassau County,US.NY.NA,43017,2194,
Suffolk County,US.NY.SF,42967,1996,
Clark County,US.NV.CL,37492,606,
Bexar County,US.TX.BX,36438,480,
Westchester County,US.NY.WE,35799,1443,
Riverside County,US.CA.RI,35187,671,
Orange County,US.CA.OR,34646,566,
Palm Beach County,US.FL.PL,30958,758,
New York County,US.NY.NE,30250,3143,
San Bernardino County,US.CA.SA,29131,384,
San Diego County,US.CA.SD,27507,533,
Hillsborough County,US.FL.HL,27483,298,
Orange County,US.FL.OR,27393,174,
Wayne County,US.MI.WY,26161,2783,
Tarrant County,US.TX.TN,25499,338,
Middlesex County,US.MA.MI,25396,1959,
Philadelphia County,US.PA.PH,25121,1672,
Prince George's County,US.MD.PR,21770,730,
Suffolk County,US.MA.SU,20914,1048,
Bergen County,US.NJ.BE,20280,2045,
Duval County,US.FL.DU,20001,143,
Travis County,US.TX.TV,19480,204,
Mecklenburg County,US.NC.MB,19480,184,
Hudson County,US.NJ.HD,19387,1502,
Essex County,US.NJ.ES,19335,2103,
Shelby County,US.TN.SY,18654,264,
Milwaukee County,US.WI.MU,18302,427,
Salt Lake County,US.UT.SL,18280,160,
Davidson County,US.TN.DA,18136,188,
Middlesex County,US.NJ.MI,17557,1404,
Fairfield County,US.CT.FA,17459,1402,
Passaic County,US.NJ.PA,17327,1247,
Montgomery County,US.MD.MO,17164,783,
Essex County,US.MA.ES,16990,1169,
Hennepin County,US.MN.HE,16506,801,
Union County,US.NJ.UN,16376,1347,
Fulton County,US.GA.FU,16073,371,
Franklin County,US.OH.FR,15862,494,
Gwinnett County,US.GA.GW,15534,216,
Fairfax County,US.VA.FX,15455,517,
Pinellas County,US.FL.PI,15339,378,
Hidalgo County,US.TX.HG,15153,244,
Pima County,US.AZ.PM,15109,418,
Kern County,US.CA.KE,15003,123,
Richmond County,US.NY.RI,14681,1075,
King County,US.WA.KN,14579,645,
Lee County,US.FL.LE,14540,259,
Oakland County,US.MI.OD,14111,1127,
Providence County,US.RI.PR,14033,800,
Rockland County,US.NY.RO,13841,507,
Marion County,US.IN.MO,13818,713,
Jefferson Parish,US.LA.JF,13680,510,
El Paso County,US.TX.EP,13240,216,
Fresno County,US.CA.FR,13209,112,
Worcester County,US.MA.WO,13140,980,
New Haven County,US.CT.NH,12941,1097,
Hartford County,US.CT.HA,12390,1410,
Washington,US.DC.DI,11945,583,
Cuyahoga County,US.OH.CU,11788,454,
Polk County,US.FL.PO,11717,220,
Lake County,US.IL.LK,11523,439,
DeKalb County,US.GA.DA,11281,207,
St. Louis County,US.MO.SL,11152,632,
Baltimore County,US.MD.BC,11124,525,
Orange County,US.NY.OE,11010,406,
DuPage County,US.IL.DU,10953,509,
Charleston County,US.SC.CS,10726,125,
Jefferson County,US.AL.JE,10710,205,
San Joaquin County,US.CA.SJ,10675,118,
Baltimore City,US.MD.BA,10579,400,
Alameda County,US.CA.AA,10438,178,
Yuma County,US.AZ.YU,10434,221,
Cobb County,US.GA.CB,10240,288,
Ocean County,US.NJ.OC,10238,1012,
Wake County,US.NC.WK,10119,108,
Norfolk County,US.MA.NO,10013,977,
Orleans Parish,US.LA.OR,10011,552,
East Baton Rouge Parish,US.LA.EB,9985,310,
Monmouth County,US.NJ.MN,9908,855,
Douglas County,US.NE.DG,9712,121,
Yakima County,US.WA.YA,9700,197,
Montgomery County,US.PA.MG,9555,844,
Greenville County,US.SC.GV,9463,153,
Denver County,US.CO.DN,9256,405,
Santa Clara County,US.CA.SL,9215,184,
Imperial County,US.CA.IM,9162,181,
Polk County,US.IA.PK,9098,191,
Sacramento County,US.CA.SC,9018,114,
Plymouth County,US.MA.PL,9000,705,
Macomb County,US.MI.MB,8983,937,
Bristol County,US.MA.BR,8907,617,
Collier County,US.FL.CL,8870,118,
Kane County,US.IL.KE,8782,293,
Hamilton County,US.OH.HM,8591,233,
Prince William County,US.VA.PW,8580,167,
Tulare County,US.CA.TL,8534,172,
Delaware County,US.PA.DE,8371,681,
Erie County,US.NY.ER,8327,592,
Stanislaus County,US.CA.ST,8228,95,
Nueces County,US.TX.NU,8178,66,
Will County,US.IL.WL,8148,338,
Camden County,US.NJ.CM,8130,566,
Galveston County,US.TX.GV,8046,89,
Oklahoma County,US.OK.OL,8019,89,
Manatee County,US.FL.MN,7982,156,
Mercer County,US.NJ.ME,7934,612,
Tulsa County,US.OK.TU,7912,90,
Cameron County,US.TX.CA,7827,272,
Osceola County,US.FL.OS,7728,53,
Pinal County,US.AZ.PN,7561,122,
Horry County,US.SC.HO,7548,104,
Jackson County (including other portions of Kansas City),US.MO.JC,7540,95,
Mobile County,US.AL.MB,7528,182,
Allegheny County,US.PA.AL,7474,218,
Hampden County,US.MA.HD,7309,688,
Utah County,US.UT.UT,7296,31,
Ada County,US.ID.AA,7203,47,
Escambia County,US.FL.ES,7158,82,
Morris County,US.NJ.MR,7076,828,
Contra Costa County,US.CA.CN,7073,104,
Richland County,US.SC.RI,6978,125,
Ventura County,US.CA.VE,6830,70,
Kent County,US.MI.KN,6823,152,
Lake County,US.IN.LK,6731,265,
Bucks County,US.PA.BC,6718,574,
Arapahoe County,US.CO.AA,6570,360,
New Castle County,US.DE.NE,6560,284,
Fort Bend County,US.TX.FR,6530,120,
Anne Arundel County,US.MD.AN,6469,214,
Ramsey County,US.MN.RA,6347,247,
Volusia County,US.FL.VO,6341,100,
Jefferson County,US.KY.JF,6320,227,
Denton County,US.TX.DN,6121,67,
Seminole County,US.FL.SE,6116,68,
San Francisco County,US.CA.SF,6022,56,
Montgomery County,US.AL.MT,5920,141,
Pasco County,US.FL.PS,5911,68,
Lafayette Parish,US.LA.LY,5888,78,
Santa Barbara County,US.CA.SB,5836,32,
Collin County,US.TX.CI,5789,65,
Caddo Parish,US.LA.CO,5745,266,
Washington County,US.AR.WA,5729,40,
Burlington County,US.NJ.BU,5642,470,
Calcasieu Parish,US.LA.CC,5626,107,
Adams County,US.CO.AD,5626,167,
Montgomery County,US.TX.MG,5597,58,
Brazoria County,US.TX.BI,5573,50,
Durham County,US.NC.DH,5535,76,
Sussex County,US.DE.SU,5529,190,
Rutherford County,US.TN.RU,5514,48,
Lancaster County,US.PA.LN,5328,401,
Williamson County,US.TX.WM,5304,74,
Sarasota County,US.FL.SR,5168,115,
Hamilton County,US.TN.HL,5158,44,
Somerset County,US.NJ.SO,5139,557,
San Mateo County,US.CA.SM,5124,117,
Lubbock County,US.TX.LU,5100,65,
Webb County,US.TX.WB,5081,65,
Navajo County,US.AZ.NA,5079,178,
Brevard County,US.FL.BE,5069,65,
Jefferson County,US.TX.JE,5064,57,
Berks County,US.PA.BK,5044,362,
Hall County,US.GA.HL,4924,71,
Loudoun County,US.VA.LD,4914,106,
Guilford County,US.NC.GU,4789,139,
Snohomish County,US.WA.SN,4788,183,
Washoe County,US.NV.WA,4788,107,
Lehigh County,US.PA.LH,4703,335,
Chester County,US.PA.CH,4660,340,
Johnson County,US.KS.JO,4643,94,
Hinds County,US.MS.HI,4624,82,
Monroe County,US.NY.MR,4620,250,
Forsyth County,US.NC.FO,4607,41,
Pierce County,US.WA.PI,4556,121,
St. Lucie County,US.FL.SL,4546,103,
Madison County,US.AL.MD,4516,25,
Bernalillo County,US.NM.BE,4466,113,
Dutchess County,US.NY.DU,4440,153,
Pulaski County,US.AR.PU,4437,71,
Chatham County,US.GA.CM,4382,48,
Elkhart County,US.IN.EL,4378,71,
St. Tammany Parish,US.LA.ST,4375,195,
Wyandotte County,US.KS.WY,4287,92,
Benton County,US.AR.BE,4263,35,
Canyon County,US.ID.CN,4255,30,
Lexington County,US.SC.LX,4203,86,
Lake County,US.FL.LK,4169,48,
El Paso County,US.CO.EL,4150,127,
Lucas County,US.OH.LU,4146,312,
Ouachita Parish,US.LA.OU,4144,99,
Hays County,US.TX.HY,4133,28,
Monterey County,US.CA.MT,4082,23,
Clayton County,US.GA.CN,4063,92,
Multnomah County,US.OR.MU,4039,82,
Minnehaha County,US.SD.MN,4036,62,
McLennan County,US.TX.ML,3986,27,
City of St. Louis,US.MO.SY,3953,156,
McKinley County,US.NM.MC,3921,215,
Muscogee County,US.GA.MG,3893,75,
Dane County,US.WI.DA,3870,34,
Leon County,US.FL.LO,3868,14,
Kings County,US.CA.KI,3842,47,
Sedgwick County,US.KS.SG,3816,36,
Brown County,US.WI.BW,3768,50,
Chesterfield County,US.VA.CD,3766,66,
Northampton County,US.PA.NA,3758,289,
Virginia Beach City,US.VA.VI,3742,43,
Tuscaloosa County,US.AL.TU,3725,60,
Brazos County,US.TX.BZ,3724,40,
Jefferson County,US.CO.JE,3676,223,
Hillsborough County,US.NH.HI,3669,272,
Marion County,US.FL.MI,3581,50,
Montgomery County,US.OH.MT,3567,55,
Woodbury County,US.IA.WO,3561,47,
Winnebago County,US.IL.WN,3539,118,
Dakota County,US.MN.DA,3537,100,
Merced County,US.CA.MD,3510,29,
Berkeley County,US.SC.BK,3485,52,
Martin County,US.FL.MT,3451,65,
Spartanburg County,US.SC.SP,3447,74,
Weld County,US.CO.WE,3422,139,
Onondaga County,US.NY.OG,3398,170,
Marin County,US.CA.MN,3388,59,
Allen County,US.IN.AL,3375,152,
Howard County,US.MD.HO,3373,102,
Henrico County,US.VA.HC,3371,178,
Potter County,US.TX.PT,3353,41,
Genesee County,US.MI.GE,3327,294,
Spokane County,US.WA.SP,3319,50,
Solano County,US.CA.SN,3283,36,
Atlantic County,US.NJ.AT,3271,240,
Knox County,US.TN.KN,3240,26,
Benton County,US.WA.BE,3203,106,
St. Clair County,US.IL.SI,3202,153,
Alachua County,US.FL.AL,3186,20,
Luzerne County,US.PA.LU,3156,183,
Cumberland County,US.NJ.CU,3144,155,
Beaufort County,US.SC.BA,3094,33,
Waukesha County,US.WI.WK,3092,43,
Bell County,US.TX.BL,3078,25,
Anoka County,US.MN.AN,3050,109,
Franklin County,US.WA.FR,3048,45,
Bay County,US.FL.BY,3026,15,
St. Johns County,US.FL.SJ,2993,21,
Gloucester County,US.NJ.GL,2986,203,
Racine County,US.WI.RA,2951,72,
Summit County,US.OH.SU,2951,214,
Williamson County,US.TN.WL,2943,21,
Apache County,US.AZ.AP,2930,128,
San Juan County,US.NM.SJ,2926,178,
Sumner County,US.TN.SN,2925,68,
Frederick County,US.MD.FR,2909,120,
Richmond County,US.GA.RI,2903,74,
Tangipahoa Parish,US.LA.TA,2895,56,
Victoria County,US.TX.VI,2870,23,
Coconino County,US.AZ.CO,2870,112,
Black Hawk County,US.IA.BL,2854,62,
Shelby County,US.AL.SH,2852,30,
York County,US.SC.YO,2847,24,
DeSoto County,US.MS.DE,2844,24,
Baldwin County,US.AL.BD,2836,18,
St. Joseph County,US.IN.SN,2830,76,
Marion County,US.OH.MR,2825,41,
Arlington County,US.VA.AR,2823,135,
Cass County,US.ND.CS,2816,75,
Lancaster County,US.NE.LA,2814,14,
Santa Rosa County,US.FL.SA,2789,19,
Norfolk City,US.VA.NF,2779,20,
St. Charles County,US.MO.SA,2764,84,
Richmond City,US.VA.RC,2762,36,
Marshall County,US.AL.MS,2761,26,
Davis County,US.UT.DA,2743,11,
Rapides Parish,US.LA.RA,2743,98,
Walker County,US.TX.WK,2738,41,
Gaston County,US.NC.GS,2736,25,
Alexandria City,US.VA.AX,2735,57,
Stearns County,US.MN.SR,2734,19,
Bibb County,US.GA.BI,2731,53,
Whitfield County,US.GA.WF,2726,23,
Mohave County,US.AZ.MO,2725,136,
McHenry County,US.IL.MY,2705,111,
Lowndes County,US.GA.LW,2668,25,
Johnston County,US.NC.JH,2654,43,
Henry County,US.GA.HY,2630,38,
Clay County,US.FL.CY,2577,47,
Sonoma County,US.CA.SO,2570,24,
Dauphin County,US.PA.DA,2559,153,
Washington County,US.OR.WI,2553,22,
Florence County,US.SC.FL,2542,86,
Union County,US.NC.UN,2533,37,
Terrebonne Parish,US.LA.TR,2519,72,
Santa Cruz County,US.AZ.SA,2517,49,
Cherokee County,US.GA.CE,2481,52,
Dougherty County,US.GA.DH,2476,162,
Dorchester County,US.SC.DO,2475,30,
Fayette County,US.KY.FA,2474,44,
Butler County,US.OH.BU,2455,56,
Albany County,US.NY.AB,2453,112,
Lee County,US.AL.LE,2448,43,
Marion County,US.OR.MR,2437,65,
Okaloosa County,US.FL.OA,2411,20,
Robeson County,US.NC.RB,2395,48,
Weber County,US.UT.WB,2395,24,
Lafourche Parish,US.LA.LO,2393,95,
Livingston Parish,US.LA.LV,2380,47,
Cumberland County,US.NC.CU,2357,49,
Ascension Parish,US.LA.AE,2335,65,
Pickaway County,US.OH.PC,2314,42,
Kenosha County,US.WI.KN,2292,50,
Mahoning County,US.OH.MH,2280,248,
Washtenaw County,US.MI.WS,2270,110,
Ellis County,US.TX.EI,2268,32,
Hamilton County,US.IN.HM,2253,103,
Chesapeake City,US.VA.CS,2246,25,
Warren County,US.KY.WR,2244,21,
Wayne County,US.NC.WY,2215,36,
Acadia Parish,US.LA.AD,2215,63,
Columbia County,US.FL.CU,2203,10,
Washington County,US.UT.WN,2186,11,
Cabarrus County,US.NC.CR,2184,38,
York County,US.PA.YO,2182,81,
Cleveland County,US.OK.CV,2170,41,
Anderson County,US.TX.AE,2142,8,
Glynn County,US.GA.GY,2127,22,
Kent County,US.DE.KE,2125,105,
New Hanover County,US.NC.NE,2119,15,
Smith County,US.TX.SM,2106,14,
Madison County,US.MS.MD,2096,50,
Troup County,US.GA.TP,2090,52,
Douglas County,US.GA.DL,2078,46,
Ford County,US.KS.FO,2075,10,
Sumter County,US.SC.SU,2070,38,
Dona Ana County,US.NM.DO,2064,17,
Iberia Parish,US.LA.II,2057,58,
Indian River County,US.FL.IN,2031,35,
Morgan County,US.AL.MG,2022,14,
Cumberland County,US.ME.CU,2016,68,
Oneida County,US.NY.OD,2010,114,
Alamance County,US.NC.AA,1973,41,
Orangeburg County,US.SC.OR,1948,47,
St. Landry Parish,US.LA.SL,1927,69,
Ulster County,US.NY.UL,1926,81,
Randolph County,US.NC.RA,1924,35,
Madison County,US.IL.MD,1915,71,
Ector County,US.TX.EC,1900,31,
Bossier Parish,US.LA.BO,1894,60,
Dakota County,US.NE.DK,1890,39,
Wilson County,US.TN.WO,1876,20,
Rowan County,US.NC.RW,1876,46,
Duplin County,US.NC.DP,1874,40,
Lackawanna County,US.PA.LC,1860,212,
Rankin County,US.MS.RA,1856,23,
Linn County,US.IA.LI,1837,87,
Harrison County,US.MS.HR,1824,26,
Sarpy County,US.NE.SY,1784,8,
Boulder County,US.CO.BO,1782,74,
Buena Vista County,US.IA.BV,1776,12,
Cache County,US.UT.CA,1764,3,
Etowah County,US.AL.ET,1762,17,
Johnson County,US.IA.JH,1756,10,
Saginaw County,US.MI.SG,1755,124,
Charles County,US.MD.CH,1753,90,
Catawba County,US.NC.CB,1739,15,
Anderson County,US.SC.AN,1738,38,
Nobles County,US.MN.NB,1728,6,
Madera County,US.CA.ME,1723,21,
Umatilla County,US.OR.UM,1723,16,
Cass County,US.IN.CS,1719,9,
Charlotte County,US.FL.CH,1717,84,
Washington County,US.MN.WH,1700,40,
Barnstable County,US.MA.BA,1698,155,
Finney County,US.KS.FI,1688,10,
Placer County,US.CA.PA,1685,15,
Hall County,US.NE.HL,1683,46,
Dallas County,US.IA.DL,1672,34,
Hendricks County,US.IN.HD,1660,105,
Starr County,US.TX.SR,1655,28,
San Luis Obispo County,US.CA.SS,1644,9,
Forsyth County,US.GA.FO,1641,16,
Harford County,US.MD.HA,1631,67,
Kankakee County,US.IL.KK,1606,66,
Ottawa County,US.MI.OT,1606,53,
Yavapai County,US.AZ.YA,1599,54,
Jackson County,US.MS.JC,1596,27,
Jones County,US.MS.JO,1591,56,
Carroll County,US.GA.CL,1587,42,
Pickens County,US.SC.PI,1586,17,
Rockingham County,US.NH.RO,1581,94,
Manassas City,US.VA.MS,1575,20,
Hendry County,US.FL.HR,1573,34,
Litchfield County,US.CT.LI,1568,138,
Trousdale County,US.TN.TR,1561,6,
Monroe County,US.PA.MR,1557,122,
Johnson County,US.IN.JO,1555,118,
Lebanon County,US.PA.LB,1548,54,
Columbia County,US.GA.CI,1548,18,
DeKalb County,US.AL.DA,1547,10,
Comal County,US.TX.OM,1539,54,
Davidson County,US.NC.DD,1537,16,
Stark County,US.OH.ST,1533,124,
Jasper County,US.MO.JS,1531,23,
Douglas County,US.CO.DU,1529,56,
Elmore County,US.AL.EL,1526,34,
Olmsted County,US.MN.OL,1525,20,
Iredell County,US.NC.IR,1521,16,
Guadalupe County,US.TX.GU,1519,33,
Pitt County,US.NC.PI,1519,10,
Columbiana County,US.OH.CL,1507,60,
Houston County,US.GA.HO,1497,41,
Bradley County,US.TN.BR,1492,10,
Hernando County,US.FL.HA,1490,22,
Scott County,US.IA.SC,1486,11,
Lorain County,US.OH.LR,1484,75,
Sullivan County,US.NY.SL,1476,37,
Clarke County,US.GA.CK,1475,15,
Newport News City,US.VA.NN,1474,15,
Buncombe County,US.NC.BO,1473,42,
Tom Green County,US.TX.TG,1463,10,
Vanderburgh County,US.IN.VA,1458,7,
Montgomery County,US.TN.MT,1455,9,
Sebastian County,US.AR.SB,1454,13,
Rock Island County,US.IL.RO,1454,30,
Kalamazoo County,US.MI.KA,1449,78,
Randall County,US.TX.RA,1442,18,
Kaufman County,US.TX.KU,1440,17,
Burke County,US.NC.BK,1439,24,
St. Martin Parish,US.LA.SR,1429,36,
Walker County,US.AL.WK,1428,58,
Forrest County,US.MS.FO,1428,46,
Putnam County,US.TN.PU,1427,11,
Colquitt County,US.GA.CQ,1426,21,
Yolo County,US.CA.YO,1424,37,
Niagara County,US.NY.NI,1424,88,
Warren County,US.OH.WR,1421,31,
Champaign County,US.IL.CM,1419,17,
Putnam County,US.NY.PU,1408,63,
Angelina County,US.TX.AG,1405,30,
Municipality of Anchorage,US.AK.AN,1402,9,
Hot Spring County,US.AR.HT,1402,4,
Sevier County,US.TN.SV,1401,4,
Cochise County,US.AZ.CH,1399,42,
Ingham County,US.MI.IH,1398,29,
Leavenworth County,US.KS.LV,1392,7,
Carroll County,US.MD.CR,1391,115,
Maverick County,US.TX.MV,1390,23,
Sampson County,US.NC.SP,1386,10,
Newton County,US.GA.NE,1386,24,
New London County,US.CT.NL,1373,102,
Honolulu County,US.HI.HO,1373,19,
Middlesex County,US.CT.MI,1373,189,
Bartow County,US.GA.BT,1367,55,
Midland County,US.TX.ID,1364,23,
Dubuque County,US.IA.DU,1363,26,
Kent County,US.RI.KE,1351,101,
Kootenai County,US.ID.KO,1339,1,
Clark County,US.WA.CR,1333,34,
Shawnee County,US.KS.SN,1324,19,
Warren County,US.NJ.WA,1315,170,
Westmoreland County,US.PA.WE,1313,43,
St. Mary Parish,US.LA.SM,1312,42,
Trumbull County,US.OH.TR,1312,96,
Wilson County,US.NC.WO,1303,28,
Marshall County,US.IA.MS,1302,23,
Rock County,US.WI.RO,1299,25,
Robertson County,US.TN.RB,1296,16,
Portsmouth City,US.VA.PR,1291,21,
St. John the Baptist Parish,US.LA.SO,1291,88,
Henderson County,US.NC.HN,1288,53,
Sussex County,US.NJ.SU,1285,195,
Clackamas County,US.OR.CC,1283,34,
Washington County,US.MS.WS,1283,24,
Dallas County,US.AL.DL,1279,21,
Jackson County,US.FL.JA,1270,19,
Aiken County,US.SC.AI,1264,19,
St. Charles Parish,US.LA.SC,1261,50,
Larimer County,US.CO.LR,1261,32,
Wicomico County,US.MD.WI,1249,42,
Spotsylvania County,US.VA.SP,1244,33,
Calhoun County,US.AL.CN,1243,6,
Johnson County,US.TX.JH,1234,21,
Berrien County,US.MI.BN,1232,63,
Paulding County,US.GA.PA,1231,18,
Lauderdale County,US.MS.LU,1222,84,
Orange County,US.NC.OR,1219,45,
Kendall County,US.IL.KA,1219,21,
Coffee County,US.GA.CF,1208,22,
Coweta County,US.GA.CA,1207,17,
DeSoto County,US.FL.DE,1205,14,
Jefferson County,US.AR.JE,1204,36,
Stafford County,US.VA.SF,1202,7,
Kenton County,US.KY.KE,1201,37,
Franklin County,US.PA.FR,1201,46,
Scott County,US.MN.SC,1198,7,
Gadsden County,US.FL.GA,1197,13,
Bastrop County,US.TX.BP,1195,17,
Gregg County,US.TX.GE,1195,19,
Houston County,US.AL.HO,1191,14,
Chatham County,US.NC.CH,1181,49,
Putnam County,US.FL.PU,1176,13,
Tift County,US.GA.TI,1158,34,
Seward County,US.KS.SW,1154,4,
Lincoln County,US.AR.LC,1152,11,
Neshoba County,US.MS.NS,1149,82,
Monroe County,US.FL.MO,1145,6,
Kershaw County,US.SC.KE,1143,21,
Cumberland County,US.PA.CU,1142,70,
Vermilion Parish,US.LA.VM,1142,14,
Greenwood County,US.SC.GW,1129,11,
Russell County,US.AL.RU,1128,1,
Beaver County,US.PA.BA,1127,82,
Washington Parish,US.LA.WO,1123,56,
Hunterdon County,US.NJ.HN,1122,126,
Laurens County,US.SC.LU,1118,27,
Franklin County,US.AL.FR,1117,20,
Grant County,US.WA.GN,1110,11,
Georgetown County,US.SC.GR,1110,15,
Granville County,US.NC.GN,1110,25,
St. Clair County,US.AL.SA,1104,9,
Citrus County,US.FL.CI,1102,20,
Crittenden County,US.AR.CD,1100,16,
Hampshire County,US.MA.HS,1095,127,
Fairfield County,US.OH.FI,1091,21,
Muskegon County,US.MI.MG,1089,56,
Hale County,US.TX.HE,1085,20,
Faulkner County,US.AR.FA,1081,4,
Titus County,US.TX.TU,1080,10,
St. Francis County,US.AR.SI,1079,3,
Pope County,US.AR.PP,1074,6,
Lee County,US.NC.LE,1074,9,
Delaware County,US.OH.DL,1073,17,
Floyd County,US.GA.FL,1069,15,
Highlands County,US.FL.HG,1068,22,
Walworth County,US.WI.WL,1067,21,
Walton County,US.FL.WL,1066,12,
Brunswick County,US.NC.BS,1066,13,
Accomack County,US.VA.AC,1065,15,
Limestone County,US.AL.LI,1064,11,
Twin Falls County,US.ID.TW,1064,27,
Porter County,US.IN.PR,1059,38,
Mower County,US.MN.MW,1052,2,
Iberville Parish,US.LA.IV,1047,46,
Story County,US.IA.ST,1046,11,
Pottawattamie County,US.IA.PT,1046,18,
Peoria County,US.IL.PI,1036,33,
Cullman County,US.AL.CU,1029,10,
Ware County,US.GA.WE,1028,20,
Harrisonburg City,US.VA.HS,1028,29,
Texas County,US.OK.TE,1024,7,
Suwannee County,US.FL.SW,1024,27,
Harnett County,US.NC.HT,1022,35,
Jefferson County,US.MO.JE,1021,24,
Lee County,US.MS.LE,1020,26,
Sandoval County,US.NM.SD,1018,33,
Buchanan County,US.MO.BC,1018,10,
Taylor County,US.TX.TA,1012,16,
Hamblen County,US.TN.HB,1008,10,
Sumter County,US.FL.SM,1003,27,
Clark County,US.OH.CK,1002,11,
Caldwell County,US.TX.CW,999,19,
Allen Parish,US.LA.AL,993,16,
Schenectady County,US.NY.SN,990,38,
Rockdale County,US.GA.RO,990,12,
Broome County,US.NY.BO,986,69,
Oktibbeha County,US.MS.OK,981,31,
Caldwell County,US.NC.CL,981,7,
Tippecanoe County,US.IN.TP,979,11,
Moore County,US.TX.MO,978,13,
St. Bernard Parish,US.LA.SE,976,23,
Outagamie County,US.WI.OU,975,12,
Autauga County,US.AL.AU,974,21,
Lamar County,US.MS.LM,972,11,
Eagle County,US.CO.EA,972,9,
Tolland County,US.CT.TO,969,65,
Craighead County,US.AR.CG,969,9,
Nassau County,US.FL.NA,967,8,
Yell County,US.AR.YE,967,14,
Tipton County,US.TN.TI,966,8,
Winnebago County,US.WI.WA,960,16,
Boone County,US.MO.BO,956,3,
Rice County,US.MN.RI,953,8,
Licking County,US.OH.LI,953,26,
Chelan County,US.WA.CH,951,8,
Suffolk City,US.VA.SO,948,45,
Hunt County,US.TX.HT,948,16,
Colbert County,US.AL.CL,945,11,
Habersham County,US.GA.HB,943,48,
Bulloch County,US.GA.BH,941,10,
Barrow County,US.GA.BW,940,32,
Boone County,US.KY.BO,934,24,
Lauderdale County,US.AL.LU,932,9,
Scott County,US.MS.SC,932,16,
Lake County,US.OH.LK,929,28,
Culpeper County,US.VA.CP,926,12,
Clark County,US.IN.CK,924,45,
Grayson County,US.TX.GO,923,10,
Santa Cruz County,US.CA.SZ,920,4,
Dawson County,US.NE.DN,916,9,
Hampton city,US.VA.HM,916,4,
Greene County,US.MO.GE,914,9,
Escambia County,US.AL.ES,911,13,
Jefferson Davis Parish,US.LA.JD,910,22,
Lancaster County,US.SC.LN,908,17,
Sevier County,US.AR.SV,906,9,
Maury County,US.TN.MU,904,4,
Washington County,US.MD.WA,897,30,
Darlington County,US.SC.DA,893,31,
Yellowstone County,US.MT.YS,893,22,
McDonald County,US.MO.MA,888,7,
Nacogdoches County,US.TX.NC,882,34,
Cleveland County,US.NC.CV,878,13,
Canadian County,US.OK.CN,877,4,
Nash County,US.NC.NA,876,10,
Lee County,US.AR.LE,876,6,
Talladega County,US.AL.TD,872,10,
Erie County,US.PA.ER,865,15,
Rockingham County,US.VA.RG,860,16,
Salem County,US.NJ.SA,859,81,
Warren County,US.MS.WR,856,24,
Baldwin County,US.GA.BD,854,37,
Whatcom County,US.WA.WA,853,37,
Blount County,US.TN.BO,850,7,
Thomas County,US.GA.TH,850,38,
St. Mary's County,US.MD.SA,849,52,
Schuylkill County,US.PA.SC,849,49,
Avoyelles Parish,US.LA.AV,842,24,
Monongalia County,US.WV.MG,838,5,
Okeechobee County,US.FL.OE,837,2,
Chambers County,US.AL.CM,836,38,
Copiah County,US.MS.CP,835,21,
Gordon County,US.GA.GO,834,21,
Orange County,US.TX.OR,827,15,
Fayette County,US.GA.FY,825,23,
Parker County,US.TX.PR,824,8,
Sangamon County,US.IL.SM,823,33,
Butte County,US.CA.BU,820,7,
Moore County,US.NC.ME,819,20,
Lowndes County,US.MS.LO,816,22,
Flagler County,US.FL.FL,813,8,
Chambers County,US.TX.CH,812,2,
Tallapoosa County,US.AL.TP,810,79,
Wichita County,US.TX.WC,808,9,
Grimes County,US.TX.GM,804,18,
Monroe County,US.MI.MO,803,21,
Cape May County,US.NJ.CP,800,86,
Liberty County,US.TX.LT,797,21,
Sunflower County,US.MS.SU,797,14,
Wapello County,US.IA.WP,794,31,
Stanly County,US.NC.SN,793,6,
Jackson County,US.GA.JC,793,13,
McCurtain County,US.OK.MU,791,20,
Hardee County,US.FL.HD,789,5,
Burleigh County,US.ND.BL,788,3,
Pennington County,US.SD.PN,786,26,
DeKalb County,US.IL.DK,784,24,
Bedford County,US.TN.BD,780,10,
Saline County,US.AR.SL,777,3,
Blue Earth County,US.MN.BE,774,2,
Gallatin County,US.MT.GL,774,1,
Surry County,US.NC.SU,773,4,
Holmes County,US.MS.HO,772,45,
Muscatine County,US.IA.MU,771,46,
Grenada County,US.MS.GN,770,17,
Macon County,US.TN.MC,770,12,
Webster Parish,US.LA.WR,770,12,
Williamsburg County,US.SC.WI,770,18,
Madison County,US.IN.MD,767,64,
Napa County,US.CA.NA,766,8,
Bolivar County,US.MS.BO,766,25,
Kosciusko County,US.IN.KO,766,11,
Medina County,US.OH.MD,765,32,
Walton County,US.GA.WA,762,32,
Spalding County,US.GA.SD,762,36,
LaPorte County,US.IN.LA,760,29,
Columbus County,US.NC.CM,759,44,
La Crosse County,US.WI.LA,754,1,
Newton County,US.MO.NT,753,3,
Skagit County,US.WA.SG,753,20,
Howard County,US.IN.HO,751,63,
Washington County,US.TN.WI,750,0,
Wood County,US.OH.WO,749,55,
Panola County,US.MS.PA,747,9,
Dodge County,US.NE.DE,746,8,
Clay County,US.MO.CY,744,19,
Lafayette County,US.MS.LY,739,4,
Platte County,US.NE.PL,738,3,
Roanoke city,US.VA.RO,737,10,
Leflore County,US.MS.LL,736,57,
Butler County,US.AL.BT,734,36,
Pike County,US.MS.PI,730,28,
Franklin Parish,US.LA.FR,729,16,
Leake County,US.MS.LK,725,24,
Clermont County,US.OH.CE,725,10,
Dale County,US.AL.DE,725,17,
Tuscarawas County,US.OH.TU,723,11,
Covington County,US.AL.CV,723,20,
Wright County,US.MN.WR,722,4,
Onslow County,US.NC.ON,722,9,
Livingston County,US.MI.LI,719,28,
Albemarle County,US.VA.AB,718,10,
Lake County,US.TN.LK,716,0,
Chittenden County,US.VT.CH,715,39,
Marshall County,US.IN.MS,712,19,
St. Clair County,US.MI.SA,710,53,
Clay County,US.MN.CA,707,38,
Kanawha County,US.WV.KA,707,20,
Franklin County,US.NC.FR,705,25,
Hardeman County,US.TN.HA,704,11,
Gila County,US.AZ.GI,703,21,
Washington County,US.WI.WN,703,19,
Wilkes County,US.NC.WE,701,9,
Comanche County,US.OK.CM,700,9,
Calhoun County,US.MI.CU,699,39,
Sumter County,US.GA.SU,698,55,
Crawford County,US.IA.CW,697,3,
Boone County,US.IL.BO,695,23,
Garland County,US.AR.GL,695,5,
Yazoo County,US.MS.YZ,694,9,
Wayne County,US.MS.WY,693,21,
Colfax County,US.NE.CO,690,4,
Saratoga County,US.NY.SR,688,15,
Bartholomew County,US.IN.BA,687,45,
Rensselaer County,US.NY.RE,687,35,
Vance County,US.NC.VA,687,40,
Carver County,US.MN.CV,684,2,
Hardin County,US.TX.HN,682,7,
Washington County,US.PA.WS,681,10,
Lincoln County,US.MS.LI,681,38,
Miami County,US.OH.MM,681,35,
Bowie County,US.TX.BW,681,27,
Clarendon County,US.SC.CN,680,48,
Jackson County,US.AL.JA,679,5,
Blount County,US.AL.BU,675,1,
Colleton County,US.SC.CT,674,30,
Newberry County,US.SC.NE,674,6,
Morgan County,US.CO.MN,673,46,
Summit County,US.UT.SU,673,1,
Navarro County,US.TX.NV,672,9,
Coffee County,US.AL.CF,670,5,
Windham County,US.CT.WI,668,15,
San Patricio County,US.TX.SP,666,14,
Douglas County,US.WA.DO,665,6,
Lincoln County,US.NC.LI,664,2,
Shelby County,US.KY.SH,663,22,
Portage County,US.OH.PO,663,59,
Oconee County,US.SC.OC,662,3,
Shenandoah County,US.VA.SN,660,40,
Val Verde County,US.TX.VL,657,13,
Daviess County,US.KY.DA,655,7,
Cherokee County,US.TX.CK,655,4,
Rogers County,US.OK.RS,654,12,
Bledsoe County,US.TN.BE,649,1,
Beauregard Parish,US.LA.BE,648,13,
Kandiyohi County,US.MN.KD,647,1,
Sutter County,US.CA.SU,647,4,
Pointe Coupee Parish,US.LA.PO,646,29,
Logan County,US.CO.LO,645,5,
Berkshire County,US.MA.BE,645,45,
Chilton County,US.AL.CI,643,6,
Evangeline Parish,US.LA.EV,641,2,
Lincoln Parish,US.LA.LN,641,23,
Frederick County,US.VA.FK,639,7,
Madison County,US.TN.MD,636,10,
Okanogan County,US.WA.OK,635,2,
Rockwall County,US.TX.RC,635,12,
York County,US.ME.YO,630,12,
Jackson County,US.MI.JA,630,32,
Garfield County,US.CO.GA,626,4,
Simpson County,US.MS.SI,626,13,
Hoke County,US.NC.HO,623,7,
Payne County,US.OK.PY,622,3,
Dodge County,US.WI.DD,622,5,
Pike County,US.AL.PK,622,7,
Jones County,US.TX.JN,621,0,
Chesterfield County,US.SC.CF,621,19,
Berkeley County,US.WV.BE,620,10,
Webster County,US.IA.WE,617,5,
Pontotoc County,US.MS.PO,617,6,
Douglas County,US.KS.DG,616,2,
Madison County,US.TX.AD,609,0,
Lyon County,US.KS.LY,608,8,
Wagoner County,US.OK.WG,606,20,
Laurens County,US.GA.LR,605,2,
Monroe County,US.IN.MR,603,29,
Natchitoches Parish,US.LA.NA,602,15,
Noble County,US.IN.NO,602,28,
Polk County,US.TX.PK,601,5,
Grand Forks County,US.ND.GD,601,4,
Cecil County,US.MD.CE,601,30,
Vernon Parish,US.LA.VN,599,19,
Monroe County,US.MS.MR,599,47,
Sullivan County,US.TN.SL,598,6,
Muhlenberg County,US.KY.MU,598,9,
Buckingham County,US.VA.BK,592,6,
St. James Parish,US.LA.SJ,591,30,
San Juan County,US.UT.SJ,590,21,
Matagorda County,US.TX.MD,588,19,
Johnson County,US.AR.JO,585,0,
Belmont County,US.OH.BE,585,26,
Malheur County,US.OR.ML,584,8,
Boone County,US.IN.BO,584,45,
Floyd County,US.IN.FL,583,44,
Beadle County,US.SD.BA,583,9,
De Soto Parish,US.LA.DE,582,24,
Hancock County,US.IN.HC,580,37,
Craven County,US.NC.CN,578,8,
Hanover County,US.VA.HV,575,30,
Barbour County,US.AL.BR,575,4,
Harrison County,US.TX.HR,574,22,
Washington County,US.RI.WA,574,61,
West Baton Rouge Parish,US.LA.WB,573,33,
Saline County,US.NE.SL,572,2,
Sherburne County,US.MN.SH,571,5,
Pender County,US.NC.PD,569,3,
Coryell County,US.TX.CL,569,5,
Gonzales County,US.TX.GA,569,8,
Willacy County,US.TX.WY,568,16,
Fauquier County,US.VA.FQ,567,8,
Harris County,US.GA.HI,567,14,
Halifax County,US.NC.HL,566,5,
Tate County,US.MS.TT,565,19,
Thurston County,US.WA.TH,564,6,
Blaine County,US.ID.BL,563,6,
Pueblo County,US.CO.PU,563,34,
Butler County,US.PA.BT,562,14,
Sioux County,US.IA.SI,561,1,
Delaware County,US.IN.DL,561,52,
Hamilton County,US.FL.HM,560,2,
Allen County,US.OH.AN,560,41,
Dubois County,US.IN.DU,558,10,
Rutherford County,US.NC.RU,556,11,
Mitchell County,US.GA.MT,555,41,
El Dorado County,US.CA.EL,555,1,
Greene County,US.OH.GR,554,11,
Madison County,US.FL.MD,553,6,
San Benito County,US.CA.SI,553,2,
Mississippi County,US.AR.MS,553,8,
Lowndes County,US.AL.LO,551,26,
Bonneville County,US.ID.BV,548,1,
Coahoma County,US.MS.CH,547,7,
Union Parish,US.LA.UN,547,31,
Medina County,US.TX.ME,546,16,
Lea County,US.NM.LE,546,3,
Calvert County,US.MD.CL,546,27,
Lavaca County,US.TX.LA,545,10,
Jackson County,US.IL.JC,544,19,
Loudon County,US.TN.LO,544,3,
Androscoggin County,US.ME.AN,544,6,
Effingham County,US.GA.EF,542,1,
Kitsap County,US.WA.KS,542,3,
Fayette County,US.TN.FA,541,8,
Cerro Gordo County,US.IA.CG,541,16,
Cape Girardeau County,US.MO.CG,540,3,
Covington County,US.MS.CV,540,8,
Lamar County,US.TX.LR,537,15,
Bladen County,US.NC.BL,536,5,
Polk County,US.GA.PO,531,5,
Montgomery County,US.NC.MO,531,13,
Washington County,US.OK.WN,531,39,
Jim Wells County,US.TX.JW,531,3,
St. Joseph County,US.MI.SJ,528,6,
Toombs County,US.GA.TM,527,6,
Wayne County,US.GA.WY,526,2,
Jackson County,US.IN.JC,526,4,
Madison Parish,US.LA.MA,526,6,
Edgecombe County,US.NC.ED,526,10,
LaGrange County,US.IN.LG,524,10,
Bay County,US.MI.BY,524,31,
Pike County,US.PA.PI,523,21,
Tama County,US.IA.TM,521,29,
Adams County,US.MS.AD,518,23,
Appling County,US.GA.AP,518,16,
Wharton County,US.TX.WN,517,17,
Marion County,US.MS.MI,516,16,
Jefferson County,US.WI.JE,516,4,
Decatur County,US.GA.DC,515,8,
Wasatch County,US.UT.WA,515,4,
Wakulla County,US.FL.WK,515,1,
Ashtabula County,US.OH.AB,514,44,
Deaf Smith County,US.TX.DI,510,15,
James City County,US.VA.JA,510,16,
Santa Fe County,US.NM.ST,510,3,
Chattahoochee County,US.GA.CH,509,1,
Assumption Parish,US.LA.AS,509,18,
Camden County,US.GA.CD,508,4,
Marion County,US.AL.MI,508,24,
Burnet County,US.TX.BT,507,10,
Geauga County,US.OH.GE,506,43,
Worcester County,US.MD.WO,506,18,
Dillon County,US.SC.DI,505,21,
Columbia County,US.NY.CU,503,47,
DeWitt County,US.TX.DE,502,11,
Henderson County,US.TX.HD,500,8,
Dickson County,US.TN.DI,499,1,
Fond du Lac County,US.WI.FN,499,6,
Marathon County,US.WI.MH,499,4,
Oldham County,US.KY.OL,497,9,
Marengo County,US.AL.ME,496,13,
Shelby County,US.IN.SH,491,25,
Lenoir County,US.NC.LN,491,11,
Lincoln County,US.SD.LI,489,1,
East Carroll Parish,US.LA.EC,489,1,
Tooele County,US.UT.TE,487,0,
Richland County,US.OH.RI,487,8,
Manassas Park city,US.VA.MP,486,7,
Liberty County,US.GA.LB,485,2,
Stephens County,US.GA.SE,484,6,
Winston County,US.MS.WN,483,14,
Lee County,US.GA.LE,483,22,
Sheboygan County,US.WI.SE,483,5,
Fairfield County,US.SC.FA,480,23,
Richland Parish,US.LA.RI,477,5,
Cherokee County,US.SC.CK,477,16,
Iron County,US.UT.RN,476,2,
Newton County,US.MS.NW,475,10,
Bryan County,US.GA.BY,475,6,
Levy County,US.FL.LV,474,2,
Cass County,US.MO.CS,472,8,
Allegan County,US.MI.AL,472,7,
McLean County,US.IL.ML,471,15,
Deschutes County,US.OR.DE,471,3,
Murray County,US.GA.MA,470,2,
Warren County,US.IA.WR,469,1,
Walker County,US.GA.WK,469,14,
Anderson County,US.TN.AN,469,4,
Sabine Parish,US.LA.SB,469,6,
Ozaukee County,US.WI.OZ,468,16,
East Feliciana Parish,US.LA.EF,468,35,
McDowell County,US.NC.MW,468,5,
Marion County,US.SC.MI,465,12,
Crawford County,US.AR.CW,464,3,
La Paz County,US.AZ.LA,463,9,
Campbell County,US.KY.CM,463,13,
Chester County,US.SC.CR,462,8,
Grant County,US.IN.GA,462,29,
Attala County,US.MS.AT,459,23,
Oceana County,US.MI.OA,458,5,
Catoosa County,US.GA.CS,457,8,
Clarke County,US.AL.CK,456,9,
Richmond County,US.NC.RI,456,8,
Marshall County,US.MS.MS,456,5,
Fremont County,US.WY.FR,455,10,
Lane County,US.OR.LE,455,3,
Cheatham County,US.TN.CA,453,4,
Columbia County,US.PA.CO,452,35,
Hardin County,US.KY.HN,452,8,
Merrimack County,US.NH.ME,452,21,
Franklin County,US.MO.FR,451,18,
Rhea County,US.TN.RH,450,1,
Erie County,US.OH.ER,449,24,
Mercer County,US.OH.MC,449,11,
Upson County,US.GA.UP,448,45,
Lee County,US.SC.LE,447,25,
Wayne County,US.OH.WE,447,58,
Dyer County,US.TN.DY,446,5,
Yadkin County,US.NC.YD,445,6,
Adams County,US.PA.AD,442,17,
Washington County,US.TX.WH,441,35,
Jasper County,US.IA.JS,441,22,
Jasper County,US.SC.JA,439,7,
Gibson County,US.TN.GB,438,1,
Hale County,US.AL.HA,438,23,
Washington County,US.FL.WS,437,13,
Gilmer County,US.GA.GI,437,3,
Eau Claire County,US.WI.EA,436,3,
Graves County,US.KY.GV,435,21,
Henry County,US.VA.HY,434,5,
Charlottesville City,US.VA.CE,433,8,
Warrick County,US.IN.WI,431,29,
Pearl River County,US.MS.PL,431,34,
McMinn County,US.TN.MM,430,20,
Bullock County,US.AL.BL,429,12,
Wright County,US.IA.WG,429,1,
Macon County,US.NC.MN,429,1,
Uvalde County,US.TX.UV,427,3,
Riley County,US.KS.RL,426,4,
Frio County,US.TX.FO,425,5,
Cassia County,US.ID.CS,424,1,
Miller County,US.AR.ML,423,3,
Laramie County,US.WY.LA,422,3,
Eaton County,US.MI.EA,421,7,
LaSalle County,US.IL.LA,419,18,
Perry County,US.AL.PE,418,3,
Johnson County,US.MO.JO,417,1,
Elko County,US.NV.EL,416,2,
Plymouth County,US.IA.PM,412,7,
Rockingham County,US.NC.RC,412,3,
Caroline County,US.MD.CO,412,3,
Todd County,US.MN.TO,411,2,
Butts County,US.GA.BU,411,36,
Creek County,US.OK.CE,410,12,
Union County,US.MS.UN,410,13,
Lyon County,US.MN.LY,409,3,
Randolph County,US.IL.RA,409,7,
Christian County,US.KY.CH,409,5,
Greensville County,US.VA.GS,406,9,
Roanoke County,US.VA.RE,405,6,
Madison County,US.NE.MA,405,5,
Dearborn County,US.IN.DR,404,27,
Petersburg city,US.VA.PB,404,9,
Wilson County,US.TX.WS,403,14,
Monroe County,US.AL.MR,402,4,
Cowlitz County,US.WA.CW,402,3,
Worth County,US.GA.WO,399,23,
Bee County,US.TX.BE,399,6,
St. Croix County,US.WI.SI,398,2,
Winston County,US.AL.WN,398,10,
Walthall County,US.MS.WT,397,15,
Wilcox County,US.AL.WC,397,9,
Morehouse Parish,US.LA.MO,396,11,
Franklin County,US.MA.FR,396,59,
Graham County,US.AZ.GA,396,6,
Curry County,US.NM.CU,395,2,
Morgan County,US.IN.MG,393,31,
Calhoun County,US.TX.CU,393,2,
Atascosa County,US.TX.AT,393,11,
Jefferson County,US.TN.JE,392,2,
Marlboro County,US.SC.ML,391,4,
Minidoka County,US.ID.MI,391,1,
Chickasaw County,US.MS.CS,391,19,
Madison County,US.NY.MA,390,9,
Winchester city,US.VA.WH,390,4,
Lapeer County,US.MI.LP,390,32,
Bacon County,US.GA.BC,389,5,
Lawrence County,US.TN.LW,388,6,
Scurry County,US.TX.SU,387,1,
Claiborne County,US.MS.CB,385,12,
Union County,US.OR.UN,385,2,
Holmes County,US.FL.HO,384,1,
Jerome County,US.ID.JR,383,6,
Glades County,US.FL.GL,383,3,
Broomfield County and City,US.CO.BR,383,32,
Jackson County,US.OK.JA,383,3,
Jefferson County,US.GA.JR,382,5,
Yuba County,US.CA.YU,382,3,
Plaquemines Parish,US.LA.PL,381,18,
Lincoln County,US.OR.LC,381,8,
Randolph County,US.AL.RA,381,11,
Northumberland County,US.PA.NU,381,11,
Brown County,US.SD.BW,379,2,
Saluda County,US.SC.SA,378,5,
Macon County,US.IL.MC,377,22,
Waller County,US.TX.WR,377,4,
Grady County,US.OK.GD,376,6,
Monroe County,US.GA.MN,376,22,
Hopkins County,US.KY.HO,374,33,
Louisa County,US.IA.LO,374,13,
Vigo County,US.IN.VI,374,9,
Crawford County,US.KS.CR,373,1,
Union County,US.AR.UN,373,15,
Fairbanks North Star Borough,US.AK.FA,372,4,
Saline County,US.MO.SI,371,6,
Queen Anne's County,US.MD.QU,370,23,
Delaware County,US.OK.DL,370,19,
Noxubee County,US.MS.NO,370,10,
Bamberg County,US.SC.BM,369,9,
Clinton County,US.MI.CN,367,12,
Lenawee County,US.MI.LN,366,11,
Jackson County,US.NC.JA,365,3,
Newport County,US.RI.NE,365,4,
Van Buren County,US.MI.VA,364,11,
Pierce County,US.GA.PR,363,5,
Adams County,US.WA.AD,363,1,
Muskogee County,US.OK.MO,359,16,
Grady County,US.GA.GD,358,4,
Dickinson County,US.IA.DI,358,4,
Winn Parish,US.LA.WI,358,7,
Centre County,US.PA.CT,357,9,
Ogle County,US.IL.OG,357,5,
Lonoke County,US.AR.LO,356,2,
Erath County,US.TX.ER,355,2,
Lynchburg city,US.VA.LY,354,1,
Walla Walla County,US.WA.WL,354,3,
Sumter County,US.AL.SU,353,15,
Carbon County,US.PA.CB,352,28,
Adams County,US.IL.AD,352,1,
Shelby County,US.TX.SY,351,17,
La Salle County,US.TX.LS,351,1,
Smith County,US.MS.SM,350,12,
Conecuh County,US.AL.CO,350,9,
Tallahatchie County,US.MS.TL,349,6,
McClain County,US.OK.ML,349,4,
Crisp County,US.GA.CP,348,14,
Oconee County,US.GA.OC,346,15,
Warren County,US.VA.WR,345,7,
Lauderdale County,US.TN.LU,345,6,
Clay County,US.MS.CY,345,13,
Cook County,US.GA.CO,344,5,
Henry County,US.IN.HY,344,18,
Pickens County,US.AL.PC,344,9,
Ontario County,US.NY.OR,343,27,
Calhoun County,US.MS.CN,342,8,
Freeborn County,US.MN.FR,342,1,
Jasper County,US.MS.JS,341,6,
Bienville Parish,US.LA.BI,340,29,
Jackson Parish,US.LA.JA,340,18,
Burke County,US.GA.BE,339,7,
Liberty County,US.FL.LI,339,2,
Bibb County,US.AL.BI,337,2,
Washington County,US.GA.WG,337,1,
Hardin County,US.TN.HI,336,7,
Tattnall County,US.GA.TT,334,1,
Huron County,US.OH.HU,334,3,
St. Louis County,US.MN.ST,331,16,
Waupaca County,US.WI.WP,330,14,
Ohio County,US.KY.OH,330,5,
Emanuel County,US.GA.EM,330,5,
Fredericksburg City,US.VA.FB,329,2,
Page County,US.VA.PA,329,24,
Adams County,US.NE.AD,328,11,
Brooks County,US.GA.BO,328,13,
White County,US.IN.WH,327,10,
Franklin County,US.GA.FR,327,3,
Okmulgee County,US.OK.OM,326,0,
Clinton County,US.IN.CI,326,3,
Galax city,US.VA.GA,326,16,
Early County,US.GA.EA,326,31,
Chicot County,US.AR.CT,325,4,
Cumberland County,US.TN.CU,325,6,
Osage County,US.OK.OS,325,10,
Carroll County,US.AR.CL,325,6,
Kerr County,US.TX.KR,324,4,
Shasta County,US.CA.SH,323,8,
Bryan County,US.OK.BR,323,1,
Meriwether County,US.GA.MW,323,5,
Laurel County,US.KY.LU,322,4,
Portage County,US.WI.PT,322,0,
Strafford County,US.NH.ST,320,13,
Henderson County,US.TN.HS,320,0,
Athens County,US.OH.AS,319,1,
Dorchester County,US.MD.DO,319,5,
Montgomery County,US.IN.MM,319,21,
Kittitas County,US.WA.KT,319,12,
West Feliciana Parish,US.LA.WF,319,15,
Prince George County,US.VA.PG,319,2,
Valencia County,US.NM.VA,319,3,
Jeff Davis County,US.GA.JF,319,5,
Summit County,US.CO.SU,318,4,
Carter County,US.TN.CT,318,4,
Warren County,US.TN.WR,317,3,
Talbot County,US.MD.TA,317,4,
Putnam County,US.GA.PT,317,17,
Ottawa County,US.OH.OT,316,24,
Richmond County,US.VA.RI,316,4,
Coles County,US.IL.CE,315,17,
Isle of Wight County,US.VA.IS,315,9,
Gilchrist County,US.FL.GI,315,1,
Fayette County,US.PA.FA,314,4,
Holmes County,US.OH.HL,313,5,
Madison County,US.KY.MD,312,1,
Brown County,US.TX.BN,311,13,
Steele County,US.MN.SE,311,1,
Saline County,US.KS.SA,310,3,
Baker County,US.FL.BK,310,4,
Coffee County,US.TN.CF,309,0,
Hood County,US.TX.HO,308,6,
Kleberg County,US.TX.KL,308,2,
Stephenson County,US.IL.SN,307,6,
Branch County,US.MI.BC,307,2,
Clinton County,US.IL.CN,306,17,
Nye County,US.NV.NY,305,7,
Davie County,US.NC.DV,305,3,
Pottawatomie County,US.OK.PT,305,6,
Pasquotank County,US.NC.PU,305,17,
Ben Hill County,US.GA.BL,303,1,
Jackson County,US.OR.JA,302,0,
Cibola County,US.NM.CI,302,17,
Cocke County,US.TN.CE,302,1,
Shiawassee County,US.MI.SH,301,28,
Macon County,US.AL.MC,301,12,
Mercer County,US.PA.ME,300,9,
Rusk County,US.TX.RK,300,8,
Lycoming County,US.PA.LY,299,20,
Carroll County,US.VA.CL,299,10,
Northampton County,US.VA.NA,297,28,
Van Zandt County,US.TX.VN,297,1,
Lawrence County,US.IN.LW,297,27,
Box Elder County,US.UT.BE,297,2,
McCracken County,US.KY.MK,296,3,
Pettis County,US.MO.PS,296,3,
Greene County,US.TN.GE,295,5,
Mecklenburg County,US.VA.ME,295,30,
Smith County,US.TN.SH,294,2,
Scott County,US.MO.ST,294,13,
Warren County,US.NY.WR,294,30,
Obion County,US.TN.OB,294,4,
Haywood County,US.TN.HY,294,4,
Barnwell County,US.SC.BN,293,2,
Sauk County,US.WI.SU,293,3,
Teton County,US.WY.TE,292,1,
Watonwan County,US.MN.WT,292,0,
Lawrence County,US.PA.LW,291,11,
Pittsylvania County,US.VA.PS,291,2,
Beaufort County,US.NC.BA,291,1,
Washington County,US.AL.WS,291,10,
Grant County,US.WI.GA,291,14,
Garfield County,US.OK.GF,291,3,
Bristol County,US.RI.BR,290,15,
Orleans County,US.NY.OL,290,55,
Caddo County,US.OK.CD,289,12,
Parmer County,US.TX.PM,289,7,
Benton County,US.MN.BN,288,3,
Steuben County,US.NY.ST,288,29,
Payette County,US.ID.PA,288,2,
Logan County,US.KY.LO,288,19,
Anson County,US.NC.AN,287,2,
Buffalo County,US.NE.BF,287,1,
Butler County,US.KY.BR,286,14,
Yamhill County,US.OR.YA,286,9,
Elbert County,US.GA.EL,286,1,
Huntingdon County,US.PA.HU,286,4,
Cabell County,US.WV.CB,286,2,
Henderson County,US.KY.HE,284,4,
Jefferson County,US.WV.JE,284,4,
Whiteside County,US.IL.WD,284,16,
Ross County,US.OH.RO,283,5,
Sandusky County,US.OH.SA,282,15,
Greene County,US.NY.GR,282,13,
York County,US.VA.YO,282,3,
Fayette County,US.TX.FT,281,12,
Glenn County,US.CA.GL,280,1,
Tazewell County,US.IL.TA,280,8,
Rio Arriba County,US.NM.RI,280,3,
Carson City,US.NV.CA,280,7,
Charlton County,US.GA.CT,279,3,
Yalobusha County,US.MS.YL,279,10,
Darke County,US.OH.DA,279,26,
Washington County,US.IA.WS,279,9,
Alcorn County,US.MS.AL,278,3,
Clarke County,US.MS.CE,278,25,
Decatur County,US.IN.DC,278,32,
Chaffee County,US.CO.CA,278,19,
Madison County,US.GA.MD,277,4,
Ottawa County,US.OK.OT,277,2,
Hancock County,US.MS.HN,277,14,
Greene County,US.NC.GE,277,3,
Terrell County,US.GA.TL,277,29,
Tuscola County,US.MI.TU,276,27,
Madison County,US.OH.MO,276,9,
Kenai Peninsula Borough,US.AK.KN,276,2,
Hampton County,US.SC.HA,275,6,
Scotts Bluff County,US.NE.SC,274,6,
Union County,US.SC.UN,274,1,
Lawrence County,US.MS.LW,273,3,
Giles County,US.TN.GL,273,5,
Union County,US.IL.UN,273,21,
Colusa County,US.CA.CL,273,2,
Nevada County,US.CA.NE,273,1,
Milam County,US.TX.MI,273,4,
Taylor County,US.FL.TA,272,3,
Wise County,US.TX.WE,272,4,
Monroe County,US.TN.MR,271,7,
Calhoun County,US.SC.CH,271,3,
Abbeville County,US.SC.AB,271,3,
Midland County,US.MI.MD,270,9,
Fulton County,US.NY.FU,270,28,
Chaves County,US.NM.CH,270,4,
Wayne County,US.IN.WY,270,7,
Nicollet County,US.MN.NI,270,13,
Williamson County,US.IL.WS,270,4,
Danville City,US.VA.DA,269,3,
Atkinson County,US.GA.AT,268,2,
Jasper County,US.TX.JR,268,5,
Jefferson County,US.OR.JE,267,0,
Bullitt County,US.KY.BI,267,4,
Taney County,US.MO.TA,267,3,
Carteret County,US.NC.CE,267,4,
Choctaw County,US.AL.CC,267,12,
Genesee County,US.NY.GE,266,6,
Mendocino County,US.CA.MI,265,6,
Lawrence County,US.AL.LW,265,0,
Hancock County,US.GA.HC,264,34,
Hill County,US.TX.HI,264,1,
Sussex County,US.VA.SS,264,7,
Cass County,US.MI.CS,263,8,
Trempealeau County,US.WI.TR,262,1,
Scott County,US.KY.SC,262,0,
Bannock County,US.ID.BO,262,2,
Barren County,US.KY.BN,262,2,
Calhoun County,US.FL.CA,261,7,
Montrose County,US.CO.MO,260,13,
Allegany County,US.MD.AL,260,18,
Platte County,US.MO.PT,260,6,
Carter County,US.OK.CR,259,3,
Panola County,US.TX.PN,258,18,
Prince Edward County,US.VA.PD,258,6,
St. Lawrence County,US.NY.SI,258,4,
Northampton County,US.NC.NO,257,16,
Itawamba County,US.MS.IT,257,9,
Montgomery County,US.VA.MO,257,3,
Ionia County,US.MI.II,256,5,
Alexander County,US.NC.AE,256,2,
Peach County,US.GA.PH,256,10,
DeKalb County,US.TN.DE,255,1,
Manitowoc County,US.WI.MW,255,1,
Prentiss County,US.MS.PN,255,6,
Washington County,US.NY.WS,254,14,
White County,US.GA.WH,254,5,
Polk County,US.OR.PO,254,12,
Harrison County,US.IN.HI,252,22,
Montgomery County,US.MS.MT,250,3,
Morrow County,US.OR.MO,250,1,
Phillips County,US.AR.PH,250,6,
Roane County,US.TN.RA,249,1,
Gulf County,US.FL.GU,249,0,
Grundy County,US.IL.GU,249,5,
Humphreys County,US.MS.HU,248,10,
Hopewell city,US.VA.HW,248,5,
McNairy County,US.TN.MA,247,2,
Mayes County,US.OK.MY,247,5,
George County,US.MS.GR,247,5,
Howard County,US.AR.HW,246,2,
Adair County,US.OK.AD,246,5,
Madison County,US.AR.MD,246,1,
Hancock County,US.OH.HN,245,2,
Grant Parish,US.LA.GR,244,3,
Crenshaw County,US.AL.CA,244,4,
Augusta County,US.VA.AU,243,3,
Newaygo County,US.MI.NE,243,0,
Wayne County,US.NY.WN,243,2,
Catahoula Parish,US.LA.CT,243,3,
Jessamine County,US.KY.JS,242,0,
Lumpkin County,US.GA.LP,242,5,
Dawson County,US.GA.DW,241,3,
Wood County,US.TX.WO,241,5,
Cherokee County,US.OK.CK,240,1,
Tippah County,US.MS.TP,240,11,
Haywood County,US.NC.HW,240,0,
McDuffie County,US.GA.MU,239,9,
Oswego County,US.NY.OS,239,3,
Stewart County,US.GA.SW,239,5,
Greene County,US.AL.GR,239,11,
Clinton County,US.IA.CN,238,2,
Concordia Parish,US.LA.CR,238,7,
Fannin County,US.GA.FN,238,2,
St. Francois County,US.MO.SF,238,2,
Telfair County,US.GA.TF,237,4,
Hertford County,US.NC.HD,237,11,
Bradford County,US.FL.BA,236,3,
Bedford County,US.VA.BF,236,4,
Houston County,US.TX.HS,236,4,
Miami County,US.IN.MI,236,2,
Randolph County,US.GA.RN,235,26,
Uinta County,US.WY.UI,235,0,
Henry County,US.AL.HE,235,4,
Matanuska-Susitna Borough,US.AK.MA,235,2,
Herkimer County,US.NY.HE,234,3,
Union County,US.FL.UN,234,4,
Bell County,US.KY.BL,234,2,
Independence County,US.AR.IN,233,0,
Colorado County,US.TX.CO,233,1,
Mesa County,US.CO.ME,233,1,
Pickens County,US.GA.PE,232,5,
Edgefield County,US.SC.ED,232,5,
Marinette County,US.WI.MT,232,3,
Carroll County,US.MS.CL,232,11,
Dixie County,US.FL.DI,231,4,
Dooly County,US.GA.DO,231,14,
Morton County,US.ND.MR,231,3,
Tishomingo County,US.MS.TS,230,3,
Hillsdale County,US.MI.HI,230,25,
Greene County,US.AR.GE,230,1,
Cole County,US.MO.CE,229,2,
Berrien County,US.GA.BN,229,0,
Kent County,US.MD.KE,229,23,
Ohio County,US.WV.OH,229,3,
Wood County,US.WV.WO,229,3,
Scotland County,US.NC.SC,229,2,
Lincoln County,US.MO.LO,228,1,
Andrews County,US.TX.AR,228,5,
Warren County,US.NC.WR,228,6,
Monroe County,US.IL.MR,227,13,
Southampton County,US.VA.SA,226,11,
West Carroll Parish,US.LA.WC,226,5,
Big Horn County,US.MT.BI,226,5,
Eddy County,US.NM.ED,225,2,
Jones County,US.GA.JE,225,1,
Island County,US.WA.IS,225,11,
Tompkins County,US.NY.TO,225,0,
St. Helena Parish,US.LA.SH,224,1,
Linn County,US.OR.LN,224,10,
Hawkins County,US.TN.HW,224,2,
Indiana County,US.PA.IN,223,6,
Scott County,US.IN.SC,223,10,
Knox County,US.IL.KX,223,1,
White County,US.AR.WH,222,2,
Greene County,US.IN.GE,222,34,
Stokes County,US.NC.SO,221,2,
Cambria County,US.PA.CI,221,3,
Cherokee County,US.AL.CH,221,8,
Winona County,US.MN.WN,221,16,
Sweetwater County,US.WY.SW,221,2,
Gunnison County,US.CO.GU,220,6,
Alamosa County,US.CO.AL,220,7,
Burleson County,US.TX.BU,219,4,
Iroquois County,US.IL.IR,219,5,
Marshall County,US.TN.MS,218,2,
Chautauqua County,US.NY.CQ,218,4,
Calumet County,US.WI.CA,218,2,
Humboldt County,US.CA.HU,217,4,
Boone County,US.IA.BO,217,1,
Hamilton County,US.IA.HM,217,1,
Echols County,US.GA.EC,217,0,
Camden County,US.MO.CM,216,3,
Franklin County,US.KY.FR,216,5,
Bertie County,US.NC.BT,215,4,
Greene County,US.GA.GE,215,11,
Reno County,US.KS.RN,214,1,
Watauga County,US.NC.WT,213,0,
Franklin County,US.TN.FR,213,3,
Jenkins County,US.GA.JK,211,19,
Martin County,US.NC.MR,211,6,
Allen County,US.KY.AL,211,8,
Johnson County,US.GA.JH,209,5,
Kemper County,US.MS.KE,209,15,
Turner County,US.GA.TR,209,18,
Banks County,US.GA.BS,209,3,
Putnam County,US.IN.PT,208,8,
Hart County,US.GA.HT,207,0,
Randolph County,US.WV.RN,206,0,
Karnes County,US.TX.KS,206,3,
Dunklin County,US.MO.DU,205,3,
Brantley County,US.GA.BA,205,4,
Susquehanna County,US.PA.SS,204,26,
Daviess County,US.IN.DI,204,19,
Missoula County,US.MT.MS,204,1,
Chenango County,US.NY.CH,203,6,
Dodge County,US.GA.DG,203,2,
Lanier County,US.GA.LI,202,4,
Williams County,US.ND.WI,202,2,
Jackson County,US.TX.JA,202,3,
Butler County,US.MO.BE,201,2,
Orange County,US.VA.OR,201,3,
Cherokee County,US.NC.CO,201,3,
Natrona County,US.WY.NA,200,1,
Greene County,US.MS.GE,200,10,
Lamar County,US.GA.LM,200,8,
Geneva County,US.AL.GE,200,1,
Claiborne Parish,US.LA.CI,200,10,
DeKalb County,US.IN.DE,198,4,
Lincoln County,US.TN.LI,197,1,
La Salle Parish,US.LA.LA,197,2,
Luna County,US.NM.LU,197,3,
Columbia County,US.WI.CO,196,1,
Thurston County,US.NE.TU,195,3,
Chippewa County,US.WI.CH,194,0,
Isabella County,US.MI.IB,194,8,
Pike County,US.KY.PI,194,3,
Robertson County,US.TX.RO,194,1,
Jennings County,US.IN.JN,194,12,
Barry County,US.MO.BR,194,0,
Pecos County,US.TX.PE,194,1,
Austin County,US.TX.AU,193,4,
Martin County,US.MN.MT,193,5,
Owyhee County,US.ID.OW,193,0,
Stoddard County,US.MO.SD,191,9,
Westmoreland County,US.VA.WM,191,2,
Union County,US.OH.UN,190,1,
Flathead County,US.MT.FL,190,2,
Camp County,US.TX.CP,189,4,
Tehama County,US.CA.TE,189,1,
La Plata County,US.CO.LA,188,2,
Kay County,US.OK.KA,188,9,
Perry County,US.MO.PR,188,3,
Jasper County,US.IN.JS,188,2,
Christian County,US.MO.CT,188,1,
Ashley County,US.AR.AS,187,4,
Dinwiddie County,US.VA.DN,187,2,
Butler County,US.KS.BU,187,0,
Wayne County,US.TN.WY,186,1,
Lawrence County,US.OH.LW,186,0,
Fannin County,US.TX.FI,186,7,
Steuben County,US.IN.SE,186,3,
Le Sueur County,US.MN.LU,185,1,
Tunica County,US.MS.TU,184,4,
Pulaski County,US.KY.PU,183,2,
Adair County,US.KY.AD,183,19,
Calhoun County,US.GA.CU,182,6,
Gibson County,US.IN.GI,182,2,
Hickman County,US.TN.HN,181,0,
Monroe County,US.WI.MO,181,1,
Candler County,US.GA.CR,181,1,
Pemiscot County,US.MO.PM,181,6,
Klamath County,US.OR.KL,180,1,
Audrain County,US.MO.AU,180,1,
Tioga County,US.NY.TI,180,20,
Vermilion County,US.IL.VE,180,2,
Washington County,US.OH.WS,180,21,
Clay County,US.AL.CY,180,4,
Amite County,US.MS.AM,179,4,
Perry County,US.MS.PY,179,7,
Botetourt County,US.VA.BO,179,4,
Brunswick County,US.VA.BU,179,1,
Caldwell Parish,US.LA.CW,178,1,
Jefferson County,US.OH.JE,178,2,
Union County,US.SD.UN,178,2,
Dare County,US.NC.DE,177,1,
Lamar County,US.AL.LM,177,1,
Lyon County,US.NV.LY,177,3,
Nelson County,US.KY.NE,177,2,
Ripley County,US.IN.RI,177,7,
Jefferson Davis County,US.MS.JD,177,5,
Jefferson County,US.FL.JE,177,5,
Haralson County,US.GA.HS,176,6,
Person County,US.NC.PN,176,1,
Blair County,US.PA.BL,176,2,
Wayne County,US.WV.WA,176,9,
Brewster County,US.TX.BS,176,2,
Garvin County,US.OK.GV,176,4,
Putnam County,US.OH.PU,176,16,
Geary County,US.KS.GE,176,1,
Evans County,US.GA.EV,176,1,
Union County,US.GA.UN,176,6,
Marion County,US.TN.MI,175,4,
Coshocton County,US.OH.CS,175,5,
Cleburne County,US.AR.CB,175,5,
Lamb County,US.TX.LB,175,4,
Lake County,US.CA.LK,175,1,
Auglaize County,US.OH.AU,174,5,
Hempstead County,US.AR.HE,174,2,
Colonial Heights city,US.VA.CH,173,20,
Caswell County,US.NC.CS,173,2,
Dallam County,US.TX.DL,173,5,
Franklin County,US.IN.FR,173,8,
Laclede County,US.MO.LD,173,1,
Henry County,US.IL.HY,173,1,
Cass County,US.IL.CS,173,11,
Quitman County,US.MS.QU,172,1,
Cooke County,US.TX.OO,172,3,
Pulaski County,US.MO.PA,172,1,
Montcalm County,US.MI.MC,172,1,
Franklin County,US.IA.FN,171,3,
Wood County,US.WI.WO,171,1,
Webster County,US.MS.WE,171,11,
Caroline County,US.VA.CI,171,4,
Carroll County,US.IA.CL,170,1,
Warren County,US.IL.WR,170,0,
Barry County,US.MI.BR,170,2,
Red River Parish,US.LA.RE,169,9,
Otero County,US.NM.OT,168,10,
Grand Traverse County,US.MI.GN,168,5,
Arkansas County,US.AR.AR,168,1,
White County,US.TN.WH,168,3,
Pike County,US.GA.PK,167,3,
Knox County,US.KY.KX,167,8,
Washington County,US.ID.WA,167,2,
Armstrong County,US.PA.AR,166,6,
Grayson County,US.KY.GY,166,11,
Columbia County,US.AR.CI,166,5,
Jefferson County,US.MS.JF,166,4,
Clay County,US.IA.CY,166,1,
Weakley County,US.TN.WE,165,2,
Louisa County,US.VA.LI,165,2,
Fluvanna County,US.VA.FV,165,8,
Oglethorpe County,US.GA.OG,164,7,
Wilkes County,US.GA.WS,164,3,
Waynesboro city,US.VA.WS,164,2,
Bremer County,US.IA.BR,164,7,
Upshur County,US.TX.US,164,2,
Harrison County,US.WV.HR,164,1,
Perry County,US.IN.PE,163,12,
Harlan County,US.KY.HL,163,3,
Claiborne County,US.TN.CI,163,0,
Jefferson County,US.IL.JF,162,17,
Crockett County,US.TN.CK,162,3,
Livingston County,US.NY.LI,162,4,
Clarke County,US.IA.CK,161,3,
Emporia city,US.VA.EM,161,15,
Macon County,US.GA.MC,161,10,
Crow Wing County,US.MN.CW,161,12,
Chemung County,US.NY.CM,160,3,
Screven County,US.GA.SR,160,9,
Clinch County,US.GA.CC,160,4,
Morgan County,US.IL.MG,160,5,
Hockley County,US.TX.HC,160,4,
Sequoyah County,US.OK.SQ,160,3,
Cottonwood County,US.MN.CT,159,0,
Kennebec County,US.ME.KE,159,10,
Marion County,US.WV.MI,159,2,
Nottoway County,US.VA.NY,159,6,
Rabun County,US.GA.RB,159,3,
Goodhue County,US.MN.GO,159,8,
Fayette County,US.AL.FA,158,5,
Clark County,US.WI.CL,158,7,
Perry County,US.KY.PR,158,2,
Lawrence County,US.AR.LW,158,9,
Crawford County,US.OH.CF,158,5,
Orange County,US.IN.OR,158,24,
Wilkinson County,US.GA.WI,157,10,
Custer County,US.OK.CU,157,1,
Morgan County,US.GA.MO,157,0,
Cameron Parish,US.LA.CM,157,0,
Beltrami County,US.MN.BT,157,0,
Gillespie County,US.TX.GL,156,2,
Refugio County,US.TX.RF,156,0,
Chisago County,US.MN.CG,156,1,
Calloway County,US.KY.CW,155,2,
Chester County,US.TN.CS,155,0,
Choctaw County,US.OK.CA,155,1,
Hopkins County,US.TX.HP,154,0,
Wayne County,US.PA.WN,154,8,
Wilkinson County,US.MS.WK,154,12,
Jackson County,US.WV.JA,153,19,
Cattaraugus County,US.NY.CG,153,6,
Maui County,US.HI.MA,153,6,
Polk County,US.MO.PO,153,0,
Stark County,US.ND.SR,152,3,
Starke County,US.IN.SR,151,4,
Allendale County,US.SC.AL,151,3,
Lewis County,US.WA.LE,151,3,
Pitkin County,US.CO.PI,151,2,
Morrow County,US.OH.MW,151,1,
Hood River County,US.OR.HO,151,0,
Stephens County,US.OK.ST,151,1,
Ward County,US.ND.WR,151,1,
Cross County,US.AR.CO,151,1,
Putnam County,US.WV.PU,150,0,
Elmore County,US.ID.EL,150,2,
Gray County,US.TX.GY,150,3,
Muskingum County,US.OH.MU,150,1,
Logan County,US.OK.LG,150,1,
Wilcox County,US.GA.WC,150,18,
Martinsville city,US.VA.MR,149,2,
Otter Tail County,US.MN.OT,149,1,
Montgomery County,US.NY.MT,148,4,
Campbell County,US.TN.CM,148,1,
Bingham County,US.ID.BG,148,2,
Pierce County,US.WI.PI,148,0,
Wasco County,US.OR.WC,147,3,
Castro County,US.TX.AS,147,2,
San Augustine County,US.TX.SG,147,9,
Goochland County,US.VA.GO,147,6,
Seminole County,US.OK.SM,146,5,
Washington County,US.VA.WG,146,4,
Boyd County,US.KY.BD,146,3,
Posey County,US.IN.PS,145,0,
Wabash County,US.IN.WB,145,3,
Allamakee County,US.IA.AL,145,4,
Chattooga County,US.GA.CG,145,2,
Emmet County,US.IA.EM,144,1,
Jefferson County,US.IN.JF,143,2,
Pittsburg County,US.OK.PI,143,3,
Zavala County,US.TX.ZV,143,3,
Oconto County,US.WI.OC,143,0,
Drew County,US.AR.DR,143,2,
Limestone County,US.TX.LO,143,2,
Harvey County,US.KS.HV,143,3,
Hardin County,US.OH.HD,143,12,
Lee County,US.TX.LE,143,10,
Palo Pinto County,US.TX.PO,142,3,
Randolph County,US.AR.RA,142,2,
Franklin County,US.KS.FR,142,1,
Lawrence County,US.MO.LW,142,2,
Franklin County,US.VA.FN,141,1,
Cass County,US.NE.CS,141,1,
Cayuga County,US.NY.CY,140,2,
Lake County,US.MT.LA,140,1,
Douglas County,US.NV.DO,140,0,
Penobscot County,US.ME.PE,140,5,
Cowley County,US.KS.CL,140,2,
Carroll County,US.TN.CR,139,2,
Clark County,US.AR.CK,138,0,
Scioto County,US.OH.SC,138,0,
Pontotoc County,US.OK.PN,138,2,
Hardin County,US.IA.HD,138,0,
Kendall County,US.TX.KD,137,1,
Whitley County,US.IN.WL,137,6,
San Jacinto County,US.TX.SJ,136,5,
Cass County,US.TX.CS,136,4,
Raleigh County,US.WV.RL,136,0,
Marion County,US.IA.MI,136,0,
Le Flore County,US.OK.LE,136,1,
Oglala Lakota County,US.SD.SH,136,1,
Fayette County,US.IN.FA,136,7,
Benton County,US.OR.BE,136,6,
Casey County,US.KY.CS,136,9,
Pipestone County,US.MN.PS,136,5,
Bonner County,US.ID.BR,135,0,
Staunton city,US.VA.SU,135,0,
Crockett County,US.TX.CT,135,2,
Greene County,US.VA.GE,134,2,
Carroll County,US.KY.CL,134,2,
Gratiot County,US.MI.GT,134,15,
Clay County,US.KY.CY,134,4,
New Madrid County,US.MO.NW,134,1,
Jackson County,US.KS.JA,134,1,
Huron County,US.MI.HU,133,3,
Shelby County,US.IA.SH,133,0,
Clinton County,US.OH.CI,132,5,
Shawano County,US.WI.SA,132,0,
Clark County,US.KY.CK,132,7,
Mahaska County,US.IA.MK,132,17,
Bailey County,US.TX.BY,132,3,
Gloucester County,US.VA.GL,132,1,
Aransas County,US.TX.AA,131,6,
Lafayette County,US.MO.LF,131,2,
Red River County,US.TX.RV,131,11,
Tuolumne County,US.CA.TO,131,2,
Irwin County,US.GA.IR,130,1,
Desha County,US.AR.DE,129,1,
Otsego County,US.MI.OS,129,10,
Stone County,US.MS.ST,129,2,
Freestone County,US.TX.FE,129,0,
Lee County,US.IL.LE,129,2,
Duval County,US.TX.DU,129,1,
Jefferson County,US.NY.JE,128,0,
Des Moines County,US.IA.DS,128,2,
Leon County,US.TX.LN,128,1,
Salem city,US.VA.SE,128,3,
Montgomery County,US.IL.MT,128,3,
Gem County,US.ID.GE,128,0,
Jackson County,US.KY.JA,127,14,
McIntosh County,US.OK.MI,127,1,
Knox County,US.OH.KN,127,2,
McIntosh County,US.GA.MH,127,2,
Logan County,US.AR.LG,127,0,
Howard County,US.TX.HW,126,3,
Nevada County,US.AR.NV,126,8,
Preble County,US.OH.PR,126,2,
McPherson County,US.KS.MP,126,0,
Jackson County,US.IA.JC,126,0,
Marion County,US.GA.MR,126,4,
Poinsett County,US.AR.PN,125,3,
Juniata County,US.PA.JU,125,6,
Alpena County,US.MI.AP,125,13,
Barron County,US.WI.BR,125,3,
Polk County,US.NC.PO,124,5,
Iosco County,US.MI.IC,124,11,
Union County,US.PA.UN,124,2,
Sullivan County,US.MO.SV,124,0,
Simpson County,US.KY.SI,124,5,
Nez Perce County,US.ID.NE,123,19,
Bedford County,US.PA.BO,123,4,
Poweshiek County,US.IA.PW,123,8,
Halifax County,US.VA.HL,123,1,
Zapata County,US.TX.ZP,123,1,
Mississippi County,US.MO.MI,122,0,
Pine County,US.MN.PN,122,0,
Fulton County,US.OH.FU,122,0,
Conway County,US.AR.CN,122,3,
Montgomery County,US.KS.MG,122,4,
Warren County,US.MO.WR,122,0,
Nolan County,US.TX.NO,122,3,
Dawson County,US.TX.DW,122,4,
Carroll County,US.IN.CO,122,2,
Polk County,US.AR.PL,121,0,
Adair County,US.MO.AD,121,0,
McDonough County,US.IL.MU,121,15,
Shelby County,US.OH.SH,121,4,
Guthrie County,US.IA.GH,121,5,
Talbot County,US.GA.TB,121,3,
Heard County,US.GA.HD,120,3,
Grayson County,US.VA.GY,120,4,
Preston County,US.WV.PR,120,2,
Green County,US.WI.GN,120,1,
Itasca County,US.MN.IT,120,12,
Clinton County,US.NY.CL,120,4,
Bradley County,US.AR.BR,120,2,
Fulton County,US.IN.FU,119,1,
Gooding County,US.ID.GO,119,1,
Mono County,US.CA.MO,118,1,
Crawford County,US.PA.CW,118,1,
Murray County,US.MN.MU,118,0,
Boone County,US.AR.BO,118,1,
Fayette County,US.WV.FA,118,5,
King George County,US.VA.KG,118,4,
Madison County,US.ID.MA,118,0,
Ashland County,US.OH.AL,118,4,
Dodge County,US.MN.DD,118,0,
Marion County,US.TX.MN,117,6,
Campbell County,US.VA.CM,117,1,
Hawaii County,US.HI.HA,117,0,
Douglas County,US.OR.DO,117,1,
Roosevelt County,US.NM.RO,117,1,
Trinity County,US.TX.TR,117,2,
Wells County,US.IN.WE,117,1,
Saunders County,US.NE.SU,117,2,
McLeod County,US.MN.MC,116,0,
Benton County,US.IA.BN,116,1,
Clearfield County,US.PA.CF,116,0,
Marion County,US.IL.MO,116,0,
Bleckley County,US.GA.BK,116,3,
Huntington County,US.IN.HU,116,3,
Marquette County,US.MI.MQ,115,11,
Live Oak County,US.TX.LK,115,1,
Defiance County,US.OH.DF,115,4,
Grant County,US.AR.GN,115,0,
Franklin County,US.VT.FR,115,6,
Grainger County,US.TN.GA,115,0,
Polk County,US.MN.PL,115,3,
Somerset County,US.MD.SO,115,3,
Henry County,US.TN.HR,115,1,
Cascade County,US.MT.CS,115,2,
Waseca County,US.MN.WE,115,0,
Douglas County,US.MN.DU,115,0,
Carlton County,US.MN.CL,115,0,
Ellis County,US.KS.EL,115,1,
Mason County,US.WA.MA,115,1,
Woodford County,US.KY.WO,115,0,
Millard County,US.UT.MD,114,0,
Macoupin County,US.IL.MP,112,3,
Somerset County,US.PA.SO,112,2,
Powhatan County,US.VA.PH,112,4,
Jasper County,US.GA.JS,112,1,
Marshall County,US.KY.MH,112,2,
Seneca County,US.OH.SE,112,2,
Codington County,US.SD.CD,111,0,
Miller County,US.GA.ML,111,0,
Brookings County,US.SD.BK,111,0,
Overton County,US.TN.OV,111,1,
Pocahontas County,US.IA.PC,111,1,
Becker County,US.MN.BC,111,0,
O'Brien County,US.IA.OB,111,1,
Labette County,US.KS.LB,110,0,
Polk County,US.TN.PO,110,0,
Clinton County,US.PA.CN,110,5,
Harrison County,US.KY.HS,110,0,
Wyoming County,US.NY.WM,110,5,
Cedar County,US.IA.CD,109,1,
Marshall County,US.WV.MH,109,0,
Franklin city,US.VA.FR,109,4,
Juneau County,US.WI.JU,109,1,
Perry County,US.PA.PE,108,5,
Unicoi County,US.TN.UC,108,0,
Howell County,US.MO.HW,108,0,
Transylvania County,US.NC.TR,108,1,
Jones County,US.IA.JN,108,1,
Montgomery County,US.GA.MM,108,0,
Boyle County,US.KY.BE,108,0,
Williams County,US.OH.WI,108,3,
Miami County,US.KS.MI,108,0,
New Kent County,US.VA.NK,108,1,
Campbell County,US.WY.CM,108,1,
Pottawatomie County,US.KS.PT,107,0,
Knox County,US.IN.KN,107,0,
Pawnee County,US.OK.PW,107,3,
Saguache County,US.CO.SG,107,2,
Hancock County,US.IA.HN,106,2,
Franklin County,US.IL.FR,106,0,
Choctaw County,US.MS.CW,106,4,
Wyandot County,US.OH.WD,106,5,
Reeves County,US.TX.RE,106,1,
Clay County,US.SD.CY,106,0,
Williamsburg City,US.VA.WL,105,6,
Hutchinson County,US.TX.UT,105,2,
Lincoln County,US.GA.LC,105,3,
Lewis and Clark County,US.MT.LE,105,1,
Newton County,US.IN.NE,105,10,
Cleburne County,US.AL.CB,105,1,
Decatur County,US.TN.DC,105,0,
Buffalo County,US.SD.BF,105,3,
Spencer County,US.IN.SP,104,1,
Mingo County,US.WV.MO,104,2,
Chowan County,US.NC.CW,104,0,
Henry County,US.IA.HE,104,3,
Falls County,US.TX.FL,103,1,
Clay County,US.AR.CY,103,4,
Sharkey County,US.MS.SH,103,1,
Washington County,US.NC.WI,103,3,
Bosque County,US.TX.BQ,103,1,
Otsego County,US.NY.OO,103,4,
Montezuma County,US.CO.MZ,102,4,
Logan County,US.OH.LG,102,1,
Tyler County,US.TX.TY,102,0,
Grafton County,US.NH.GR,101,1,
Young County,US.TX.YU,101,3,
Hocking County,US.OH.HC,101,9,
Stutsman County,US.ND.SU,101,2,
Windham County,US.VT.WH,101,3,
Webster County,US.MO.WE,101,1,
Towns County,US.GA.TW,101,1,
Belknap County,US.NH.BE,101,4,
Park County,US.WY.PA,101,0,
Mountrail County,US.ND.MU,101,1,
Isanti County,US.MN.IS,101,0,
Yankton County,US.SD.YA,100,2,
Kewaunee County,US.WI.KW,100,1,
Greene County,US.PA.GR,99,0,
Guernsey County,US.OH.GU,99,6,
Jo Daviess County,US.IL.JO,99,1,
Lafayette County,US.WI.LF,99,0,
Calaveras County,US.CA.CA,99,1,
Patrick County,US.VA.PK,99,3,
Charles Mix County,US.SD.CH,99,0,
Cannon County,US.TN.CN,98,0,
Polk County,US.WI.PL,98,2,
Mineral County,US.WV.ML,98,4,
Delta County,US.CO.DT,98,1,
Delaware County,US.NY.DE,98,4,
Carroll County,US.OH.CO,97,4,
Montgomery County,US.KY.MM,97,0,
Jackson County,US.TN.JA,97,0,
Teller County,US.CO.TE,97,2,
Butler County,US.IA.BE,97,2,
Jefferson County,US.ID.JF,97,1,
Lincoln County,US.OK.LI,97,2,
Dade County,US.GA.DD,97,1,
Highland County,US.OH.HI,96,1,
Whitley County,US.KY.WH,96,1,
Nodaway County,US.MO.NO,96,0,
Cherokee County,US.IA.CE,96,1,
Douglas County,US.IL.DO,96,1,
Routt County,US.CO.RT,95,6,
Henry County,US.OH.HE,95,0,
Floyd County,US.IA.FL,95,2,
McCormick County,US.SC.MC,95,2,
Long County,US.GA.LG,95,1,
Callaway County,US.MO.CA,95,1,
Walsh County,US.ND.WL,95,0,
Humboldt County,US.NV.HU,95,4,
Crawford County,US.MI.CF,94,5,
Moniteau County,US.MO.ME,94,2,
Garza County,US.TX.GR,94,1,
Wythe County,US.VA.WY,93,3,
Mason County,US.MI.MN,93,0,
Sanpete County,US.UT.SP,93,0,
Taylor County,US.IA.TY,93,0,
Perry County,US.IL.PY,92,1,
Coosa County,US.AL.CS,92,2,
Marion County,US.MO.MO,92,1,
Marion County,US.KY.MN,92,0,
Randolph County,US.IN.RA,92,4,
Sharp County,US.AR.SH,92,5,
Douglas County,US.WI.DG,92,0,
Seminole County,US.GA.SI,92,2,
Logan County,US.WV.LO,92,1,
Klickitat County,US.WA.KL,91,3,
Mifflin County,US.PA.MI,91,1,
Smyth County,US.VA.SM,91,2,
Fremont County,US.CO.FR,91,0,
Dunn County,US.WI.DN,91,0,
Montour County,US.PA.MO,91,3,
Mercer County,US.WV.MR,91,0,
Swain County,US.NC.SW,91,2,
Benton County,US.MS.BE,91,0,
Buchanan County,US.IA.BC,90,1,
Washington County,US.NE.WS,90,1,
Chippewa County,US.MN.CP,90,1,
Lyon County,US.IA.LY,90,0,
Pulaski County,US.IL.PL,89,0,
Monroe County,US.OH.ME,89,17,
Lincoln County,US.WY.LI,89,0,
Hancock County,US.WV.HN,89,0,
Del Norte County,US.CA.DE,88,0,
Tyrrell County,US.NC.TY,88,1,
Ashe County,US.NC.AS,88,1,
Amherst County,US.VA.AH,88,0,
Franklin County,US.MS.FR,88,2,
Brown County,US.OH.BR,88,1,
Washington County,US.IN.WS,88,1,
Sumner County,US.KS.SU,88,2,
Sanilac County,US.MI.SL,88,6,
Hamilton County,US.NE.HM,87,12,
Russell County,US.KY.RU,87,5,
Dimmit County,US.TX.DM,87,0,
Edmonson County,US.KY.ED,87,12,
Rio Grande County,US.CO.RG,87,2,
Grundy County,US.TN.GU,87,2,
Cortland County,US.NY.CD,87,1,
Franklin County,US.FL.FR,87,1,
Snyder County,US.PA.SN,87,2,
Monona County,US.IA.MO,87,0,
Taos County,US.NM.TA,86,1,
Madison County,US.IA.MD,86,2,
Terry County,US.TX.TE,86,2,
Gaines County,US.TX.GS,86,0,
Blanco County,US.TX.BC,85,2,
Champaign County,US.OH.CH,85,1,
Grant County,US.KY.GT,85,5,
Newton County,US.AR.NW,85,0,
Hidalgo County,US.NM.HI,85,0,
Barton County,US.KS.BT,84,3,
Rutland County,US.VT.RU,84,1,
Amador County,US.CA.AM,84,0,
Union County,US.TN.UO,84,0,
Josephine County,US.OR.JO,84,1,
Lincoln County,US.KY.LN,84,1,
Lyman County,US.SD.LY,84,1,
Lafayette County,US.FL.LF,83,0,
Seneca County,US.NY.SC,83,1,
Harrison County,US.IA.HR,83,0,
Hughes County,US.SD.HG,83,2,
Franklin County,US.AR.FR,83,1,
Monroe County,US.KY.MO,83,2,
Sequatchie County,US.TN.SQ,83,0,
Clay County,US.IN.CY,83,5,
Saline County,US.IL.SE,83,0,
Bennington County,US.VT.BE,82,1,
Comanche County,US.TX.CE,82,3,
Door County,US.WI.DO,82,3,
Cheshire County,US.NH.CH,82,2,
Little River County,US.AR.LT,82,1,
Tipton County,US.IN.TT,82,2,
Greenbrier County,US.WV.GE,82,3,
Hartley County,US.TX.HL,81,0,
Carroll County,US.NH.CA,81,1,
Meeker County,US.MN.ME,81,1,
Llano County,US.TX.LL,81,0,
Clayton County,US.IA.CT,81,3,
Crawford County,US.GA.CW,81,0,
Meigs County,US.TN.ME,81,0,
Grays Harbor County,US.WA.GY,81,2,
Davison County,US.SD.DV,81,0,
Kingfisher County,US.OK.KN,81,0,
Taylor County,US.KY.TA,81,1,
Wheeler County,US.GA.WL,80,1,
Lincoln County,US.NE.LI,80,2,
Carter County,US.KY.CR,80,1,
Christian County,US.IL.CI,80,4,
Coos County,US.OR.CO,80,0,
Bureau County,US.IL.BU,80,2,
Delaware County,US.IA.DA,79,1,
Clallam County,US.WA.CL,79,0,
Morris County,US.TX.MR,79,1,
Morrison County,US.MN.MR,79,1,
Elbert County,US.CO.EB,79,2,
Treutlen County,US.GA.TE,78,2,
Newton County,US.TX.NE,78,2,
Hughes County,US.OK.HU,78,1,
Grant County,US.KS.GT,78,2,
Lee County,US.VA.LE,78,0,
Franklin County,US.TX.FK,78,1,
Greer County,US.OK.GE,78,7,
Runnels County,US.TX.RN,78,0,
City and Borough of Juneau,US.AK.JU,78,2,
Waushara County,US.WI.WS,77,0,
Humphreys County,US.TN.HU,77,3,
Brooks County,US.TX.BK,77,1,
Albany County,US.WY.AL,77,0,
Spencer County,US.KY.SP,77,0,
Lee County,US.IA.LE,77,2,
Gallatin County,US.KY.GL,77,8,
Lampasas County,US.TX.LP,76,1,
Mitchell County,US.IA.ME,76,0,
Gentry County,US.MO.GT,76,9,
Sac County,US.IA.SA,76,0,
Faribault County,US.MN.FA,76,0,
Fairfax city,US.VA.FC,76,7,
Rush County,US.IN.RU,76,4,
Osceola County,US.IA.OS,75,0,
Lincoln County,US.NM.LI,75,1,
Floyd County,US.KY.FO,75,1,
Iowa County,US.IA.IO,75,1,
Andrew County,US.MO.AN,75,1,
Richland County,US.ND.RI,75,0,
Ochiltree County,US.TX.OC,75,3,
Jay County,US.IN.JY,75,0,
Bradford County,US.PA.BF,75,3,
Pulaski County,US.GA.PL,74,2,
Noble County,US.OK.NB,74,2,
Gage County,US.NE.GG,74,4,
Livingston County,US.IL.LI,74,2,
Sibley County,US.MN.SI,74,2,
Perry County,US.OH.PE,74,1,
Henry County,US.KY.HY,74,2,
Carroll County,US.MO.CL,74,0,
Allegany County,US.NY.AL,74,2,
Ward County,US.TX.WD,74,1,
Webster County,US.KY.WE,74,1,
Calhoun County,US.IA.CO,73,2,
San Miguel County,US.CO.SM,73,0,
Essex County,US.VA.ES,73,1,
Woodford County,US.IL.WO,73,3,
King William County,US.VA.KW,73,2,
Menominee County,US.MI.MM,73,0,
Uintah County,US.UT.UN,73,0,
Kossuth County,US.IA.KO,72,0,
Brown County,US.MN.BR,72,2,
Sevier County,US.UT.SE,72,2,
Clarion County,US.PA.CL,72,2,
Crowley County,US.CO.CR,72,1,
Humboldt County,US.IA.HU,72,1,
Swisher County,US.TX.SW,72,2,
Meade County,US.KY.MA,71,2,
Latah County,US.ID.LA,71,0,
Mitchell County,US.NC.MI,71,2,
Real County,US.TX.RL,71,0,
Pulaski County,US.VA.PU,71,2,
Fayette County,US.OH.FY,71,0,
Socorro County,US.NM.SO,71,5,
Winneshiek County,US.IA.WH,71,1,
Jefferson County,US.IA.JE,71,0,
Adams County,US.IN.AD,71,1,
Fayette County,US.IA.FT,71,0,
Bandera County,US.TX.BA,71,1,
Addison County,US.VT.AD,71,2,
Columbia County,US.OR.CL,70,0,
Wise County,US.VA.WI,70,3,
Owen County,US.IN.OW,70,1,
Johnson County,US.TN.JO,70,0,
Yancey County,US.NC.YN,69,0,
Windsor County,US.VT.WS,69,2,
Twiggs County,US.GA.TG,69,2,
Pulaski County,US.IN.PL,69,1,
Oneida County,US.WI.ON,69,0,
Mills County,US.IA.ML,69,0,
Greenup County,US.KY.GU,69,0,
Clay County,US.GA.CY,69,2,
Schoharie County,US.NY.SO,68,2,
Boone County,US.WV.BN,68,0,
Hart County,US.KY.HT,68,0,
Hancock County,US.TN.HC,68,0,
Ouachita County,US.AR.OU,68,1,
Tazewell County,US.VA.TA,68,0,
Effingham County,US.IL.EF,68,1,
Goliad County,US.TX.GI,68,1,
Carbon County,US.WY.CB,68,1,
Clatsop County,US.OR.CT,68,0,
Winnebago County,US.IA.WB,68,0,
Marshall County,US.OK.MH,67,0,
Lake County,US.SD.LK,67,2,
Meade County,US.SD.MD,67,1,
Pushmataha County,US.OK.PU,67,0,
Marquette County,US.WI.MQ,67,1,
Miller County,US.MO.ML,67,0,
Duchesne County,US.UT.DU,66,0,
Todd County,US.SD.TO,66,4,
Siskiyou County,US.CA.SK,66,0,
Sullivan County,US.IN.SU,66,1,
Currituck County,US.NC.CI,66,0,
Wabasha County,US.MN.WB,66,0,
Cherokee County,US.KS.CK,66,1,
Amelia County,US.VA.AI,66,1,
Benson County,US.ND.BE,66,1,
Seward County,US.NE.SA,66,1,
McKenzie County,US.ND.MK,65,0,
Floyd County,US.TX.FY,65,4,
Coffey County,US.KS.CF,65,8,
Winkler County,US.TX.WI,65,1,
Monroe County,US.IA.MR,65,7,
Grundy County,US.IA.GN,65,1,
Logan County,US.IL.LO,65,0,
Crane County,US.TX.CR,65,2,
Union County,US.IA.UN,65,1,
Clarke County,US.VA.CK,64,0,
Buchanan County,US.VA.BH,64,0,
Hampshire County,US.WV.HM,64,1,
Jackson County,US.MN.JA,64,0,
Dukes County,US.MA.DU,64,0,
Bourbon County,US.KY.BU,64,1,
Osceola County,US.MI.OE,64,0,
Brown County,US.IN.BR,64,1,
Pennington County,US.MN.PI,63,0,
Grant County,US.NM.GR,63,1,
Leelanau County,US.MI.LE,63,0,
Roberts County,US.SD.RO,63,0,
York County,US.NE.YO,63,0,
Palo Alto County,US.IA.PO,63,0,
Yoakum County,US.TX.YA,63,1,
Taylor County,US.GA.TY,62,2,
Rock County,US.MN.RC,62,0,
Alleghany County,US.NC.AL,62,0,
Rockbridge County,US.VA.RB,62,0,
Ravalli County,US.MT.RA,62,1,
Adams County,US.WI.AD,62,2,
Iron County,US.WI.IR,62,1,
Gogebic County,US.MI.GO,62,1,
Van Wert County,US.OH.VA,61,1,
Love County,US.OK.LV,61,0,
Cleveland County,US.AR.CV,61,1,
Avery County,US.NC.AV,61,0,
Appomattox County,US.VA.AP,61,0,
Madison County,US.MT.MA,61,1,
Lake County,US.CO.LK,61,0,
Cumberland County,US.VA.CU,60,0,
Delta County,US.MI.DE,60,3,
Waldo County,US.ME.WL,60,14,
Perry County,US.TN.PE,60,0,
Morgan County,US.TN.MG,59,1,
Whitman County,US.WA.WI,59,0,
Northumberland County,US.VA.NU,59,1,
Clark County,US.IL.CK,59,0,
Lynn County,US.TX.LY,59,3,
Stevens County,US.WA.ST,59,1,
Stewart County,US.TN.SA,59,0,
Phelps County,US.MO.PH,59,0,
Stone County,US.MO.SE,59,1,
Jersey County,US.IL.JR,59,1,
Garrard County,US.KY.GR,59,0,
Pike County,US.AR.PE,58,1,
Ray County,US.MO.RY,58,0,
Wexford County,US.MI.WE,58,4,
Koochiching County,US.MN.KO,58,2,
Rowan County,US.KY.RW,58,0,
Atoka County,US.OK.AT,58,0,
Iowa County,US.WI.IO,57,0,
Alleghany County,US.VA.AL,57,2,
Scott County,US.TN.SC,57,0,
Cooper County,US.MO.CP,57,0,
Forest County,US.WI.FR,57,4,
Juab County,US.UT.JU,57,0,
Yuma County,US.CO.YU,57,0,
Benton County,US.MO.BN,57,1,
Morrill County,US.NE.MO,57,0,
Fentress County,US.TN.FE,56,0,
Dixon County,US.NE.DI,56,2,
Pike County,US.MO.PI,56,1,
Madison County,US.VA.MD,56,1,
Shoshone County,US.ID.SH,56,0,
Baxter County,US.AR.BA,56,0,
Page County,US.IA.PG,56,0,
Prairie County,US.AR.PR,56,0,
Wyoming County,US.PA.WM,56,7,
Perquimans County,US.NC.PQ,56,2,
Torrance County,US.NM.TO,56,1,
Lassen County,US.CA.LS,56,0,
Benton County,US.IN.BE,56,0,
Essex County,US.NY.ES,55,0,
Falls Church city,US.VA.FU,55,6,
Venango County,US.PA.VE,55,0,
Jackson County,US.OH.JA,55,0,
Fillmore County,US.MN.FI,55,0,
Barton County,US.MO.BT,55,0,
Paulding County,US.OH.PA,55,0,
Atchison County,US.KS.AT,55,0,
Lincoln County,US.WI.LI,55,0,
Fountain County,US.IN.FO,55,2,
Lincoln County,US.MT.LN,55,1,
Gray County,US.KS.GY,54,0,
Greenlee County,US.AZ.GE,54,1,
Henry County,US.MO.HE,54,3,
Jackson County,US.AR.JA,54,1,
Hamilton County,US.TX.HM,54,1,
Butler County,US.NE.BE,54,0,
Sutton County,US.TX.ST,54,1,
Wright County,US.MO.WG,54,0,
Kearny County,US.KS.KE,54,1,
Renville County,US.MN.RN,53,4,
Emmet County,US.MI.EM,53,2,
Dewey County,US.SD.DW,53,0,
Clinton County,US.MO.CO,53,0,
Lincoln County,US.MN.LI,53,0,
Howard County,US.NE.HW,53,4,
Baker County,US.GA.BR,52,3,
Tensas Parish,US.LA.TN,52,0,
Clay County,US.NC.CY,52,0,
Kane County,US.UT.KA,52,0,
Lincoln County,US.WV.LI,52,0,
Camden County,US.NC.CD,52,2,
Crawford County,US.WI.CR,52,0,
Yates County,US.NY.YA,52,6,
Teton County,US.ID.TE,52,0,
Wayne County,US.KY.WY,52,0,
Craig County,US.OK.CG,52,0,
Clare County,US.MI.CE,52,3,
Reagan County,US.TX.RG,51,3,
Jefferson County,US.PA.JE,51,1,
Anderson County,US.KY.AN,51,1,
Pamlico County,US.NC.PM,51,1,
Glacier County,US.MT.GC,51,1,
Bourbon County,US.KS.BB,51,1,
Lander County,US.NV.LA,51,1,
Jefferson County,US.KS.JF,51,0,
Worth County,US.IA.WT,51,0,
Hardy County,US.WV.HD,51,0,
Sioux County,US.ND.SI,51,0,
Swift County,US.MN.SW,50,1,
Mecosta County,US.MI.MT,50,2,
Johnson County,US.IL.JH,50,0,
Benton County,US.TN.BN,50,1,
Washington County,US.IL.WG,50,0,
Pike County,US.OH.PK,50,0,
Bollinger County,US.MO.BI,50,0,
Russell County,US.VA.RU,50,1,
Mille Lacs County,US.MN.MI,50,2,
Jefferson County,US.WA.JE,50,0,
Ogemaw County,US.MI.OG,50,2,
Brooke County,US.WV.BO,50,1,
Union County,US.KY.UN,49,0,
Washington County,US.KY.WS,49,0,
Green Lake County,US.WI.GL,49,0,
Murray County,US.OK.MR,49,0,
Neosho County,US.KS.NO,49,0,
Oxford County,US.ME.OX,49,0,
Jasper County,US.IL.JS,49,7,
Jim Hogg County,US.TX.JG,48,1,
Mercer County,US.IL.ME,48,0,
Lincoln County,US.ID.LI,48,0,
Cuming County,US.NE.CM,48,0,
Mariposa County,US.CA.MP,48,2,
White County,US.IL.WE,48,0,
Dallas County,US.AR.DA,48,0,
Vernon County,US.WI.VE,48,0,
Davis County,US.IA.DV,48,1,
Blackford County,US.IN.BL,48,2,
Tillman County,US.OK.TI,47,1,
Moultrie County,US.IL.MI,47,0,
Washington County,US.VT.WA,47,1,
Carbon County,US.MT.CB,47,0,
Nowata County,US.OK.NW,47,1,
Douglas County,US.MO.DO,47,1,
Skamania County,US.WA.SM,47,1,
Rockcastle County,US.KY.RC,47,0,
Lafayette County,US.AR.LF,47,2,
Custer County,US.MT.CU,47,0,
Kalkaska County,US.MI.KK,47,4,
Hansford County,US.TX.HF,47,2,
Crosby County,US.TX.CB,46,2,
Vernon County,US.MO.VE,46,0,
Howard County,US.IA.HO,46,0,
Washington County,US.CO.WA,46,0,
Prowers County,US.CO.PR,46,0,
Lunenburg County,US.VA.LN,46,0,
Warren County,US.GA.WR,46,0,
Jones County,US.NC.JN,46,3,
Mason County,US.KY.MS,46,1,
Clay County,US.TN.CY,46,0,
Monroe County,US.AR.ME,46,0,
Marion County,US.KS.MN,46,1,
Morgan County,US.MO.MG,46,0,
Washington County,US.MO.WS,46,1,
Somervell County,US.TX.SV,46,0,
Charlotte County,US.VA.CT,46,0,
Chickasaw County,US.IA.CC,45,0,
Montague County,US.TX.MU,45,1,
Schley County,US.GA.SY,45,1,
Clay County,US.NE.CL,45,0,
Franklin County,US.ME.FR,45,1,
Roscommon County,US.MI.RO,45,0,
Kauai County,US.HI.KU,45,0,
Buena Vista city,US.VA.BE,45,0,
Charles City County,US.VA.CC,45,3,
Fleming County,US.KY.FE,45,0,
Franklin County,US.ID.FA,45,0,
Washakie County,US.WY.WA,45,5,
Trigg County,US.KY.TG,45,0,
Van Buren County,US.AR.VA,44,2,
Merrick County,US.NE.ME,44,0,
Knox County,US.TX.KX,44,0,
Gallia County,US.OH.GA,44,1,
Nemaha County,US.KS.NM,44,0,
Churchill County,US.NV.CH,44,1,
Adams County,US.OH.AD,44,2,
Perry County,US.AR.PY,44,0,
Harrison County,US.MO.HS,44,1,
Franklin County,US.NY.FR,44,1,
Grant County,US.WV.GA,43,0,
Breckinridge County,US.KY.BC,43,2,
Stone County,US.AR.ST,43,1,
Sheridan County,US.WY.SH,43,0,
Sagadahoc County,US.ME.SA,43,0,
Fayette County,US.IL.FA,43,3,
Cass County,US.MN.CS,43,2,
Turner County,US.SD.TU,43,0,
Garrett County,US.MD.GA,43,0,
Houghton County,US.MI.HO,43,0,
Valley County,US.ID.VA,43,1,
Yellow Medicine County,US.MN.YE,42,0,
Yukon-Koyukuk Census Area,US.AK.YU,42,1,
Lamoille County,US.VT.LA,42,1,
Dickinson County,US.MI.DI,42,2,
Okfuskee County,US.OK.OF,42,0,
Hancock County,US.KY.HC,42,0,
Houston County,US.TN.HO,42,0,
Kit Carson County,US.CO.KT,42,3,
Caldwell County,US.KY.CD,42,0,
Larue County,US.KY.LR,42,1,
Garfield County,US.UT.GA,42,1,
Martin County,US.TX.MT,42,2,
Benewah County,US.ID.BA,42,0,
Custer County,US.NE.CU,42,4,
Macon County,US.MO.MN,41,0,
Clark County,US.KS.CA,41,0,
Richland County,US.MT.RI,41,0,
Roseau County,US.MN.RS,41,0,
Taylor County,US.WI.TA,41,0,
Valdez-Cordova Census Area,US.AK.VA,41,0,
Morgan County,US.UT.MN,41,0,
Mitchell County,US.TX.MH,41,0,
Mason County,US.WV.MN,41,1,
Phillips County,US.KS.PL,41,7,
Fulton County,US.KY.FU,41,1,
Arenac County,US.MI.AR,41,2,
Bristol city,US.VA.BI,41,0,
Grant County,US.MN.GR,41,1,
Stevens County,US.KS.SV,41,0,
Latimer County,US.OK.LA,41,1,
Charlevoix County,US.MI.CV,41,2,
Shannon County,US.MO.SN,41,0,
Ste. Genevieve County,US.MO.SG,40,1,
Crawford County,US.IN.CW,40,0,
Park County,US.MT.PA,40,0,
Park County,US.CO.PA,40,1,
Inyo County,US.CA.IN,40,1,
Missaukee County,US.MI.MU,40,1,
Wetzel County,US.WV.WT,40,0,
Menard County,US.IL.MN,40,0,
Meade County,US.KS.ME,40,0,
Mason County,US.IL.MS,40,0,
Dallas County,US.MO.DL,40,1,
Shelby County,US.IL.SB,40,1,
Lucas County,US.IA.LU,40,4,
Scott County,US.VA.SC,40,3,
Bond County,US.IL.BN,40,2,
Jackson County,US.WI.JA,40,1,
Doniphan County,US.KS.DP,40,0,
Pocahontas County,US.WV.PO,40,0,
Martin County,US.IN.MN,39,0,
Otoe County,US.NE.OT,39,0,
Eastland County,US.TX.EA,39,1,
Cumberland County,US.IL.CU,39,2,
Silver Bow County,US.MT.SI,39,0,
Elk County,US.PA.EL,39,2,
Pepin County,US.WI.PE,39,0,
Grand County,US.CO.GR,39,1,
Taylor County,US.WV.TA,39,0,
Hamilton County,US.KS.HM,39,0,
Howard County,US.MO.HR,39,0,
Livingston County,US.MO.LV,39,0,
Wabaunsee County,US.KS.WB,39,0,
Rappahannock County,US.VA.RP,39,2,
Jerauld County,US.SD.JE,39,1,
San Miguel County,US.NM.SM,39,0,
Hill County,US.MT.HI,39,0,
Haskell County,US.KS.HS,38,0,
Montgomery County,US.IA.MG,38,2,
Mason County,US.TX.MA,38,0,
Brule County,US.SD.BU,38,0,
Otero County,US.CO.OT,38,3,
Callahan County,US.TX.AL,38,3,
McLean County,US.KY.ML,38,1,
Sullivan County,US.NH.SU,38,1,
Switzerland County,US.IN.SW,38,0,
Donley County,US.TX.DO,38,0,
Grand County,US.UT.GR,38,0,
Powell County,US.KY.PO,38,0,
Parke County,US.IN.PA,38,0,
Fremont County,US.ID.FE,37,0,
Ripley County,US.MO.RI,37,0,
Gallatin County,US.IL.GA,37,0,
Beckham County,US.OK.BC,37,0,
Gates County,US.NC.GT,37,2,
Mercer County,US.KY.MC,37,0,
Greene County,US.IA.GE,37,0,
Moore County,US.TN.MO,37,0,
Cass County,US.IA.CS,37,0,
Lawrence County,US.IL.LW,37,0,
Ford County,US.IL.FO,37,1,
Gladwin County,US.MI.GL,37,2,
Letcher County,US.KY.LT,37,0,
Aurora County,US.SD.AU,37,0,
Rains County,US.TX.RI,37,2,
Sabine County,US.TX.SB,37,5,
Dickinson County,US.KS.DK,36,1,
Ohio County,US.IN.OH,36,3,
Pend Oreille County,US.WA.PE,36,0,
Johnston County,US.OK.JO,36,0,
Webster County,US.GA.WT,36,2,
Buffalo County,US.WI.BF,36,2,
Hyde County,US.NC.HE,36,0,
Appanoose County,US.IA.AP,36,3,
Upshur County,US.WV.UP,36,0,
Traill County,US.ND.TR,36,0,
Alexander County,US.IL.AL,35,0,
Pope County,US.MN.PE,35,0,
Beaver County,US.OK.BA,35,0,
Piatt County,US.IL.PA,35,0,
Wayne County,US.NE.WY,35,0,
Antrim County,US.MI.AN,35,0,
Surry County,US.VA.SR,35,1,
Crawford County,US.MO.CF,35,0,
Wilbarger County,US.TX.WG,35,1,
Carroll County,US.IL.CL,35,2,
Sherman County,US.TX.SN,35,0,
Presidio County,US.TX.PS,35,0,
Lewis County,US.TN.LE,34,1,
Izard County,US.AR.IZ,34,1,
Somerset County,US.ME.SO,34,1,
McCulloch County,US.TX.MC,34,0,
Houston County,US.MN.HO,34,0,
King and Queen County,US.VA.KA,34,1,
Cheboygan County,US.MI.CY,34,2,
Lewis County,US.NY.LE,34,5,
Tioga County,US.PA.TI,34,2,
Hemphill County,US.TX.HH,34,0,
Big Horn County,US.WY.BI,33,0,
Crook County,US.OR.CR,33,1,
Boise County,US.ID.BS,33,0,
Schleicher County,US.TX.SH,33,1,
Ketchikan Gateway Borough,US.AK.KG,33,0,
Poquoson city,US.VA.PQ,33,0,
Nelson County,US.VA.NL,33,0,
Lincoln County,US.ME.LI,33,1,
Phelps County,US.NE.PH,32,0,
Randolph County,US.MO.RN,32,1,
Osage County,US.MO.OS,32,0,
Wayne County,US.IL.WY,32,1,
Osage County,US.KS.OS,32,0,
Coke County,US.TX.OK,32,1,
Bates County,US.MO.BS,32,1,
Pendleton County,US.KY.PN,32,0,
Knott County,US.KY.KT,32,0,
Livingston County,US.KY.LV,32,1,
Lake County,US.OR.LK,31,0,
Pratt County,US.KS.PR,31,0,
Massac County,US.IL.MA,31,0,
Todd County,US.KY.TO,31,0,
Langlade County,US.WI.LN,31,1,
Toole County,US.MT.TO,31,6,
Nantucket County,US.MA.NA,31,1,
Manistee County,US.MI.ME,31,0,
Aroostook County,US.ME.AR,31,1,
Wheeler County,US.TX.WL,31,0,
Quay County,US.NM.QU,31,1,
Cedar County,US.MO.CD,31,0,
Scott County,US.AR.SC,31,0,
Crawford County,US.IL.CW,30,0,
Ramsey County,US.ND.RM,30,1,
Cumberland County,US.KY.CU,30,0,
Sublette County,US.WY.SU,30,0,
Madison County,US.NC.MD,30,0,
Converse County,US.WY.CE,30,0,
Haskell County,US.TX.HK,30,0,
Power County,US.ID.PO,30,0,
Barnes County,US.ND.BA,30,0,
Redwood County,US.MN.RW,30,0,
Benzie County,US.MI.BE,30,1,
Ottawa County,US.KS.OT,30,0,
Pacific County,US.WA.PA,30,1,
Floyd County,US.VA.FO,29,1,
Lewis County,US.KY.LI,29,0,
Norman County,US.MN.NR,29,0,
Cavalier County,US.ND.CV,29,0,
Blaine County,US.OK.BL,29,0,
Montgomery County,US.MO.MM,29,0,
Bath County,US.KY.BH,29,1,
Haskell County,US.OK.HS,29,0,
Ida County,US.IA.ID,29,0,
Plumas County,US.CA.PU,29,0,
Owen County,US.KY.OE,29,0,
Guadalupe County,US.NM.GU,29,0,
Linn County,US.KS.LN,28,0,
Knox County,US.NE.KN,28,0,
Linn County,US.MO.LN,28,1,
Barbour County,US.WV.BB,28,1,
Boundary County,US.ID.BD,28,0,
Ballard County,US.KY.BA,28,0,
Moody County,US.SD.MO,28,0,
Cloud County,US.KS.CD,28,0,
Keokuk County,US.IA.KE,28,1,
Caldwell County,US.MO.CW,28,1,
Lexington city,US.VA.LX,28,0,
DeKalb County,US.MO.DE,28,1,
Archuleta County,US.CO.AC,28,0,
Woodward County,US.OK.WW,28,0,
Morgan County,US.KY.MG,28,0,
Lancaster County,US.VA.LA,28,0,
Chippewa County,US.MI.CP,28,0,
Lyon County,US.KY.LY,28,3,
Pendleton County,US.WV.PE,28,1,
San Juan County,US.WA.SA,28,0,
Morgan County,US.WV.MA,27,0,
Bracken County,US.KY.BK,27,0,
McCreary County,US.KY.MR,27,0,
Metcalfe County,US.KY.MT,27,2,
Lawrence County,US.KY.LC,27,0,
Brown County,US.KS.BR,27,0,
Pembina County,US.ND.PE,27,0,
Trimble County,US.KY.TM,27,0,
Jefferson County,US.OK.JE,27,0,
Hancock County,US.IL.HC,27,1,
Alcona County,US.MI.AC,27,1,
Pike County,US.IN.PI,26,0,
Beaverhead County,US.MT.BE,26,0,
Sierra County,US.NM.SI,26,0,
Lawrence County,US.SD.LW,26,0,
Caledonia County,US.VT.CA,26,0,
Van Buren County,US.TN.VA,26,0,
Mitchell County,US.KS.MC,26,0,
Clear Creek County,US.CO.CL,26,1,
Johnson County,US.KY.JO,26,0,
Thomas County,US.KS.TH,26,0,
Martin County,US.KY.MI,26,0,
Faulk County,US.SD.FU,26,1,
McKean County,US.PA.MC,26,1,
Vinton County,US.OH.VI,26,2,
Dunn County,US.ND.DU,26,0,
Stanton County,US.NE.ST,25,0,
Carbon County,US.UT.CR,25,0,
Coal County,US.OK.CL,25,0,
Lewis County,US.MO.LE,25,1,
Lewis County,US.WV.LE,25,2,
Quitman County,US.GA.QU,25,1,
McLean County,US.ND.ML,25,0,
Aitkin County,US.MN.AI,25,0,
Republic County,US.KS.RP,25,0,
Audubon County,US.IA.AU,25,1,
Radford city,US.VA.RD,25,0,
De Witt County,US.IL.DW,25,0,
Ransom County,US.ND.RN,25,0,
Idaho County,US.ID.ID,25,0,
Knox County,US.ME.KN,25,1,
Sawyer County,US.WI.SW,25,0,
Clay County,US.TX.CY,25,1,
Marshall County,US.MN.MS,25,0,
Thayer County,US.NE.TA,25,0,
Wabash County,US.IL.WB,25,0,
Beaver County,US.UT.BV,25,0,
Grundy County,US.MO.GU,24,1,
Menifee County,US.KY.ME,24,0,
Union County,US.IN.UN,24,0,
Anderson County,US.KS.AN,24,0,
Green County,US.KY.GN,24,1,
Hutchinson County,US.SD.HT,24,0,
Wilkin County,US.MN.WL,24,3,
Jack County,US.TX.JK,24,0,
Edgar County,US.IL.EG,24,0,
Corson County,US.SD.CO,24,0,
Nicholas County,US.WV.NI,24,1,
Tillamook County,US.OR.TI,24,0,
Kiowa County,US.OK.KO,24,1,
Fulton County,US.IL.FU,24,0,
Oscoda County,US.MI.OO,23,1,
Kanabec County,US.MN.KA,23,1,
Stephens County,US.TX.SE,23,2,
Crittenden County,US.KY.CT,23,1,
Cheyenne County,US.NE.CY,23,0,
Van Buren County,US.IA.VA,23,1,
Searcy County,US.AR.SA,23,0,
Moffat County,US.CO.MF,23,1,
Fisher County,US.TX.FH,23,1,
Fremont County,US.IA.FO,23,0,
Meigs County,US.OH.MS,23,0,
Mellette County,US.SD.ML,23,0,
Scott County,US.KS.SC,23,0,
Fulton County,US.AR.FU,23,0,
McCook County,US.SD.MC,23,1,
Union County,US.NM.UN,23,0,
Norton County,US.KS.NT,22,0,
Middlesex County,US.VA.MI,22,1,
Asotin County,US.WA.AS,22,2,
Vermillion County,US.IN.VE,22,0,
Johnson County,US.WY.JO,22,1,
Concho County,US.TX.ON,22,1,
Major County,US.OK.MJ,22,1,
Costilla County,US.CO.CS,22,0,
Baker County,US.OR.BA,22,0,
Vilas County,US.WI.VI,22,0,
Montgomery County,US.AR.MT,22,0,
Rice County,US.KS.RC,22,0,
Edwards County,US.TX.ED,22,0,
Day County,US.SD.DY,21,0,
Ringgold County,US.IA.RI,21,1,
Caribou County,US.ID.CR,21,0,
Fillmore County,US.NE.FI,21,1,
Richland County,US.WI.RI,21,4,
Stanton County,US.KS.ST,21,0,
Texas County,US.MO.TE,21,0,
Fulton County,US.PA.FU,21,2,
Big Stone County,US.MN.BI,21,0,
Conejos County,US.CO.CN,21,0,
Sitka City and Borough,US.AK.SI,21,0,
Leslie County,US.KY.LS,21,0,
Polk County,US.NE.PO,20,0,
Cedar County,US.NE.CA,20,0,
Potter County,US.PA.PO,20,0,
Hubbard County,US.MN.HU,20,0,
Kearney County,US.NE.KA,20,0,
Giles County,US.VA.GI,20,0,
Tripp County,US.SD.TR,20,0,
Wadena County,US.MN.WD,20,0,
Nicholas County,US.KY.NI,20,0,
Schuyler County,US.NY.SU,20,0,
Breathitt County,US.KY.BT,20,0,
Childress County,US.TX.CD,20,0,
Adair County,US.IA.AI,20,0,
Pickett County,US.TN.PI,19,1,
Phillips County,US.CO.PH,19,0,
Jefferson County,US.MT.JE,19,0,
Mercer County,US.ND.ME,19,0,
Rosebud County,US.MT.RS,19,1,
San Saba County,US.TX.SS,19,0,
Bayfield County,US.WI.BY,19,1,
Hudspeth County,US.TX.HU,19,2,
Glascock County,US.GA.GS,19,0,
Northwest Arctic Borough,US.AK.NW,19,0,
Price County,US.WI.PC,19,0,
Warren County,US.IN.WN,19,1,
Monroe County,US.WV.ME,19,0,
Spink County,US.SD.SP,18,0,
Issaquena County,US.MS.IS,18,1,
Walworth County,US.SD.WA,18,0,
Rolette County,US.ND.RO,18,0,
Mineral County,US.CO.MI,18,0,
Pierce County,US.NE.PI,18,0,
Hancock County,US.ME.HA,18,1,
Marion County,US.AR.MN,18,0,
Grant County,US.SD.GA,18,0,
Bethel Census Area,US.AK.BE,18,0,
Mahnomen County,US.MN.MH,18,1,
Daviess County,US.MO.DV,18,0,
Wallowa County,US.OR.WW,18,1,
Clay County,US.WV.CY,17,1,
Hot Springs County,US.WY.HO,17,0,
Hanson County,US.SD.HS,17,0,
Clay County,US.KS.CY,17,2,
Greene County,US.IL.GE,17,0,
Washita County,US.OK.WT,17,0,
Adams County,US.ID.AM,17,0,
Carlisle County,US.KY.CE,17,1,
Marshall County,US.IL.MH,17,0,
Menominee County,US.WI.MN,17,0,
Woodruff County,US.AR.WO,17,0,
Los Alamos County,US.NM.LO,17,0,
Nome Census Area,US.AK.NM,17,0,
Wyoming County,US.WV.WY,17,1,
McDowell County,US.WV.MC,17,0,
Graham County,US.NC.GH,17,0,
Richardson County,US.NE.RI,17,1,
Antelope County,US.NE.AN,17,1,
Ralls County,US.MO.RL,17,0,
Decatur County,US.IA.DC,17,0,
Morgan County,US.OH.MA,16,0,
Stillwater County,US.MT.ST,16,0,
Mackinac County,US.MI.MK,16,0,
Hickman County,US.KY.HA,16,0,
Dickenson County,US.VA.DC,16,0,
Menard County,US.TX.EN,16,0,
Harrison County,US.OH.HR,16,1,
Clinton County,US.KY.CO,16,0,
Noble County,US.OH.NO,16,0,
Hardin County,US.IL.HI,16,0,
Ellsworth County,US.KS.EW,16,0,
Douglas County,US.SD.DO,16,0,
Coos County,US.NH.CO,16,0,
Clark County,US.SD.CK,16,0,
Madison County,US.MO.MD,16,0,
Cotton County,US.OK.CT,16,2,
Lake County,US.MI.LK,16,0,
Shackelford County,US.TX.SC,16,0,
Burt County,US.NE.BT,16,0,
Ashland County,US.WI.AS,15,0,
Kimball County,US.NE.KB,15,0,
Rooks County,US.KS.RO,15,0,
Orange County,US.VT.OA,15,0,
St. Clair County,US.MO.SC,15,0,
Clearwater County,US.MN.CE,15,0,
Graham County,US.KS.GH,15,0,
Keith County,US.NE.KT,15,0,
McIntosh County,US.ND.MI,15,1,
Teton County,US.MT.TE,15,0,
Archer County,US.TX.AC,15,0,
Stevens County,US.MN.SV,15,0,
Lipscomb County,US.TX.LM,15,0,
Craig County,US.VA.CG,14,0,
Stanley County,US.SD.ST,14,0,
Kinney County,US.TX.KN,14,0,
Hamlin County,US.SD.HM,14,0,
Roane County,US.WV.RO,14,1,
Baca County,US.CO.BA,14,0,
Orleans County,US.VT.OL,14,0,
Chariton County,US.MO.CI,14,0,
Deer Lodge County,US.MT.DE,14,0,
Wayne County,US.IA.WY,14,1,
Emmons County,US.ND.EM,14,1,
Fall River County,US.SD.FL,14,0,
Warren County,US.PA.WR,14,1,
Presque Isle County,US.MI.PR,14,1,
Magoffin County,US.KY.MF,14,0,
Greenwood County,US.KS.GW,14,0,
Culberson County,US.TX.UL,14,2,
Lake County,US.MN.LE,14,0,
LaMoure County,US.ND.LA,14,0,
Clearwater County,US.ID.CE,14,0,
Schuyler County,US.IL.SU,14,0,
Mills County,US.TX.MS,14,0,
Gilmer County,US.WV.GI,14,0,
Emery County,US.UT.EM,13,0,
Gasconade County,US.MO.GA,13,0,
Upton County,US.TX.UP,13,1,
Curry County,US.OR.CU,13,0,
Gilpin County,US.CO.GI,13,0,
Gosper County,US.NE.GO,13,0,
Furnas County,US.NE.FU,13,1,
Griggs County,US.ND.GI,13,0,
Grand Isle County,US.VT.GR,13,0,
Burke County,US.ND.BK,13,0,
Sanborn County,US.SD.SA,13,0,
Pershing County,US.NV.PE,13,0,
Allen County,US.KS.AL,13,0,
Southeast Fairbanks Census Area,US.AK.SO,13,0,
Adams County,US.IA.AM,13,0,
Kimble County,US.TX.KM,13,0,
Wells County,US.ND.WE,13,0,
Woods County,US.OK.WS,13,0,
Rusk County,US.WI.RU,13,1,
Hamilton County,US.IL.HM,13,0,
Iron County,US.MI.IR,13,1,
Atchison County,US.MO.AT,13,0,
Las Animas County,US.CO.LS,13,0,
Red Willow County,US.NE.RE,13,0,
Colfax County,US.NM.CO,13,1,
Bon Homme County,US.SD.BH,13,0,
Columbia County,US.WA.CM,12,0,
Delta County,US.TX.DT,12,0,
Brown County,US.IL.BR,12,0,
Washburn County,US.WI.WR,12,0,
McHenry County,US.ND.MH,12,1,
Oregon County,US.MO.OR,12,0,
Garfield County,US.MT.GF,12,0,
Richland County,US.IL.RI,12,0,
Miner County,US.SD.ME,12,0,
Wayne County,US.MO.WY,12,0,
Eddy County,US.ND.ED,12,0,
Jefferson County,US.NE.JE,12,0,
Ouray County,US.CO.OU,12,1,
Oldham County,US.TX.OL,12,1,
Reynolds County,US.MO.RE,12,0,
North Slope Borough,US.AK.NH,11,0,
Mineral County,US.NV.MI,11,0,
Maries County,US.MO.MS,11,0,
Shelby County,US.MO.SB,11,0,
Sedgwick County,US.CO.SE,11,0,
Scotland County,US.MO.SO,11,1,
Tyler County,US.WV.TY,11,0,
Matthews County,US.VA.MT,11,0,
Custer County,US.SD.CU,11,0,
Nemaha County,US.NE.NE,11,0,
White Pine County,US.NV.WH,11,1,
Johnson County,US.NE.JO,11,0,
Hardeman County,US.TX.RD,11,0,
Pike County,US.IL.PK,11,0,
Kingsbury County,US.SD.KI,11,0,
Cochran County,US.TX.CC,11,0,
Goshen County,US.WY.GO,11,0,
Burnett County,US.WI.BN,11,1,
Hodgeman County,US.KS.HG,11,0,
Roosevelt County,US.MT.RO,10,0,
Foster County,US.ND.FO,10,0,
Covington city,US.VA.CV,10,0,
Sullivan County,US.PA.SL,10,0,
Dade County,US.MO.DD,10,0,
Clay County,US.IL.CY,10,0,
Estill County,US.KY.ES,10,0,
Dawson County,US.MT.DW,10,0,
Ferry County,US.WA.FE,10,0,
Perkins County,US.NE.PE,10,0,
Box Butte County,US.NE.BX,10,0,
Red Lake County,US.MN.RD,10,0,
Carson County,US.TX.CN,10,0,
Woodson County,US.KS.WO,10,0,
Norton city,US.VA.NC,10,0,
Edmunds County,US.SD.ED,10,0,
Broadwater County,US.MT.BR,10,0,
Custer County,US.CO.CU,10,0,
Briscoe County,US.TX.BO,10,1,
Kidder County,US.ND.KI,10,0,
Carter County,US.MO.CR,10,1,
Webster County,US.NE.WE,10,0,
Steele County,US.ND.SE,10,0,
Dent County,US.MO.DN,9,0,
Renville County,US.ND.RE,9,0,
Monroe County,US.MO.MR,9,0,
Morton County,US.KS.MT,9,2,
Edwards County,US.KS.ED,9,0,
Valley County,US.NE.VA,9,0,
Henderson County,US.IL.HD,9,0,
Dickey County,US.ND.DC,9,0,
Wilson County,US.KS.WL,9,0,
Traverse County,US.MN.TR,9,0,
Sherman County,US.KS.SH,9,0,
Sheridan County,US.NE.SD,9,0,
Lincoln County,US.WA.LI,9,0,
Iron County,US.MO.IR,9,0,
Bottineau County,US.ND.BT,9,0,
Crook County,US.WY.CK,9,0,
Calhoun County,US.AR.CA,9,0,
Schuyler County,US.MO.SH,9,0,
Franklin County,US.NE.FA,9,0,
Coleman County,US.TX.CM,9,0,
Greeley County,US.NE.GE,8,0,
Hickory County,US.MO.HC,8,0,
Putnam County,US.IL.PT,8,0,
Jackson County,US.CO.JA,8,0,
Pierce County,US.ND.PI,8,0,
Cheyenne County,US.CO.CE,8,0,
Harper County,US.KS.HP,8,0,
Jeff Davis County,US.TX.JF,8,0,
Jewell County,US.KS.JW,8,0,
Pondera County,US.MT.PN,8,0,
Sherman County,US.OR.SH,8,0,
Butte County,US.SD.BT,8,1,
Oneida County,US.ID.ON,8,0,
Mercer County,US.MO.MC,8,0,
Tucker County,US.WV.TU,8,0,
Lemhi County,US.ID.LM,8,0,
Braxton County,US.WV.BX,8,0,
Valley County,US.MT.VA,8,0,
Russell County,US.KS.RS,8,0,
Wolfe County,US.KY.WL,8,0,
Schoolcraft County,US.MI.SR,8,0,
Marshall County,US.KS.MS,8,0,
Sargent County,US.ND.SG,8,0,
Marshall County,US.SD.MS,8,0,
Deuel County,US.SD.DU,8,0,
Washington County,US.ME.WS,7,0,
Blaine County,US.MT.BL,7,0,
Bland County,US.VA.BL,7,0,
Custer County,US.ID.CU,7,0,
Cottle County,US.TX.OT,7,2,
Boone County,US.NE.BO,7,0,
Ziebach County,US.SD.ZI,7,0,
Sanders County,US.MT.SA,7,0,
Kingman County,US.KS.KM,7,0,
Grant County,US.OK.GN,7,0,
Forest County,US.PA.FO,7,0,
Nance County,US.NE.NA,7,0,
Morris County,US.KS.MR,7,0,
McMullen County,US.TX.MM,7,0,
Hamilton County,US.NY.HA,7,1,
Hand County,US.SD.HD,7,0,
Elliott County,US.KY.EL,7,0,
Pawnee County,US.KS.PN,7,0,
Harney County,US.OR.HA,7,0,
Taliaferro County,US.GA.TA,7,0,
Jackson County,US.SD.JA,7,1,
Pleasants County,US.WV.PL,7,0,
Montmorency County,US.MI.MR,7,0,
Pope County,US.IL.PE,7,0,
Sheridan County,US.KS.SD,7,0,
Granite County,US.MT.GN,6,0,
Sherman County,US.NE.SM,6,0,
Lincoln County,US.KS.LC,6,0,
Bowman County,US.ND.BW,6,0,
Lincoln County,US.CO.LI,6,0,
Scott County,US.IL.SO,6,0,
McPherson County,US.SD.MP,6,0,
Gregory County,US.SD.GE,6,0,
Lake and Peninsula Borough,US.AK.LA,6,0,
Lac Qui Parle County,US.MN.LC,6,0,
Calhoun County,US.IL.CH,6,0,
Hall County,US.TX.HA,6,1,
Collingsworth County,US.TX.CG,6,0,
Kiowa County,US.KS.KW,6,0,
Stark County,US.IL.SA,6,0,
Chase County,US.KS.CS,6,0,
Hettinger County,US.ND.HE,6,0,
Irion County,US.TX.IR,6,0,
Calhoun County,US.WV.CH,6,0,
Huerfano County,US.CO.HU,6,1,
Holt County,US.NE.HT,6,0,
Oliver County,US.ND.OL,6,0,
Glasscock County,US.TX.GC,6,0,
Owsley County,US.KY.OS,6,0,
Wirt County,US.WV.WI,6,0,
Mora County,US.NM.MO,6,0,
Edwards County,US.IL.EW,6,0,
Bear Lake County,US.ID.BK,6,0,
Dewey County,US.OK.DW,6,0,
Rio Blanco County,US.CO.RB,6,0,
Roberts County,US.TX.RS,6,0,
Rich County,US.UT.RH,6,0,
Roger Mills County,US.OK.RR,6,0,
Petersburg Census Area,US.AK.PB,6,1,
Platte County,US.WY.PL,5,0,
Pawnee County,US.NE.PA,5,0,
Chautauqua County,US.KS.CQ,5,0,
Cherry County,US.NE.CH,5,0,
Alger County,US.MI.AG,5,0,
Summers County,US.WV.SU,5,0,
Knox County,US.MO.KN,5,0,
Kodiak Island Borough,US.AK.KO,5,0,
Baraga County,US.MI.BA,5,0,
Wrangell City and Borough,US.AK.WG,5,0,
Bent County,US.CO.BE,5,0,
Worth County,US.MO.WO,5,0,
Nuckolls County,US.NE.NU,5,0,
Sioux County,US.NE.SI,5,0,
Rush County,US.KS.RH,5,0,
Lane County,US.KS.LE,5,0,
Ness County,US.KS.NS,5,0,
Baylor County,US.TX.BR,5,0,
Sheridan County,US.ND.SH,5,0,
Nelson County,US.ND.NE,5,0,
Bennett County,US.SD.BN,5,0,
Wahkiakum County,US.WA.WH,5,0,
Cameron County,US.PA.CE,5,0,
Towner County,US.ND.TO,5,0,
Decatur County,US.KS.DC,5,0,
Florence County,US.WI.FL,5,0,
Harmon County,US.OK.HM,5,0,
Dickens County,US.TX.DC,4,1,
Piute County,US.UT.PT,4,0,
Kusilvak Census Area,US.AK.WA,4,0,
Haines Borough,US.AK.HA,4,0,
Grant County,US.ND.GT,4,0,
Hooker County,US.NE.HO,4,0,
McPherson County,US.NE.MC,4,0,
Golden Valley County,US.ND.GO,4,0,
Meagher County,US.MT.ME,4,0,
Garden County,US.NE.GD,4,0,
Motley County,US.TX.MY,4,0,
Prince of Wales-Hyder Census Area,US.AK.PH,4,0,
Fergus County,US.MT.FE,4,0,
Catron County,US.NM.CA,4,1,
Essex County,US.VT.ES,4,0,
Barber County,US.KS.AB,4,0,
Aleutians West Census Area,US.AK.AW,4,0,
Ellis County,US.OK.EL,4,0,
Ozark County,US.MO.OZ,4,0,
Perkins County,US.SD.PR,4,0,
Armstrong County,US.TX.AM,4,0,
Dawes County,US.NE.DS,4,0,
Putnam County,US.MO.PN,4,0,
Chase County,US.NE.CE,4,0,
Kenedy County,US.TX.KE,4,0,
Hoonah-Angoon Census Area,US.AK.HH,4,0,
Harper County,US.OK.HP,4,0,
Sweet Grass County,US.MT.SW,4,1,
Stonewall County,US.TX.SA,4,0,
Garfield County,US.NE.GF,3,0,
Luce County,US.MI.LU,3,0,
Storey County,US.NV.ST,3,0,
Highland County,US.VA.HA,3,0,
Bath County,US.VA.BA,3,0,
Frontier County,US.NE.FO,3,0,
Greeley County,US.KS.GL,3,0,
Ontonagon County,US.MI.ON,3,0,
Sheridan County,US.MT.SH,3,0,
Gilliam County,US.OR.GI,3,0,
Lee County,US.KY.LE,3,0,
Golden Valley County,US.MT.GO,3,0,
Trinity County,US.CA.TR,3,0,
Trego County,US.KS.TR,3,0,
Lincoln County,US.NV.LI,3,0,
Smith County,US.KS.SM,3,0,
Slope County,US.ND.SL,3,0,
Osborne County,US.KS.OB,3,0,
Hinsdale County,US.CO.HI,3,0,
Webster County,US.WV.WB,3,0,
Alfalfa County,US.OK.AL,3,0,
Piscataquis County,US.ME.PI,3,0,
Chouteau County,US.MT.CH,3,0,
Hyde County,US.SD.HY,3,0,
Ritchie County,US.WV.RI,3,0,
Kittson County,US.MN.KI,3,0,
Gove County,US.KS.GO,3,0,
Comanche County,US.KS.CM,3,0,
Alpine County,US.CA.AP,2,0,
San Juan County,US.CO.SJ,2,0,
Treasure County,US.MT.TR,2,0,
Eureka County,US.NV.EU,2,0,
Holt County,US.MO.HL,2,0,
Cheyenne County,US.KS.CN,2,0,
Keweenaw County,US.MI.KW,2,0,
Foard County,US.TX.FD,2,0,
Robertson County,US.KY.RB,2,0,
Fallon County,US.MT.FA,2,0,
Banner County,US.NE.BA,2,0,
Garfield County,US.WA.GF,2,0,
Rock County,US.NE.RO,2,0,
Niobrara County,US.WY.NI,2,0,
Doddridge County,US.WV.DO,2,0,
Kent County,US.TX.KT,2,0,
Clark County,US.MO.CK,2,0,
Sierra County,US.CA.SE,2,0,
Wichita County,US.KS.WH,2,0,
Cook County,US.MN.CO,2,0,
Terrell County,US.TX.TL,2,0,
Washington County,US.KS.WS,2,0,
Wheatland County,US.MT.WH,2,0,
Grant County,US.OR.GR,2,0,
Throckmorton County,US.TX.TH,2,0,
Logan County,US.KS.LG,2,0,
Stafford County,US.KS.SF,2,0,
Cimarron County,US.OK.CO,1,0,
Divide County,US.ND.DV,1,0,
Lake of the Woods County,US.MN.LO,1,0,
Thomas County,US.NE.TO,1,0,
Powder River County,US.MT.PD,1,0,
Haakon County,US.SD.HA,1,0,
Potter County,US.SD.PO,1,0,
Aleutians East Borough,US.AK.AE,1,0,
Harlan County,US.NE.HR,1,0,
Dolores County,US.CO.DO,1,0,
Camas County,US.ID.CM,1,0,
Sully County,US.SD.SU,1,0,
Hitchcock County,US.NE.HI,1,0,
Harding County,US.NM.HA,1,0,
Denali Borough,US.AK.DE,1,0,
Campbell County,US.SD.CP,1,0,
Deuel County,US.NE.DL,1,0,
Elk County,US.KS.EK,1,0,
Jones County,US.SD.JO,1,0,
Daniels County,US.MT.DN,1,0,
Liberty County,US.MT.LB,1,0,
Boyd County,US.NE.BY,1,0,
McCone County,US.MT.MC,1,0,
Logan County,US.ND.LO,1,0,
Judith Basin County,US.MT.JU,1,0,
Billings County,US.ND.BI,1,0,
Wheeler County,US.NE.WH,1,0,
Musselshell County,US.MT.MU,1,0,
Wibaux County,US.MT.WI,1,0,
Wayne County,US.UT.WE,1,0,
Wheeler County,US.OR.WE,0,0,
Phillips County,US.MT.PH,0,0,
Sterling County,US.TX.SI,0,0,
Rawlins County,US.KS.RA,0,0,
King County,US.TX.KG,0,0,
Wallace County,US.KS.WA,0,0,
Butte County,US.ID.BT,0,0,
Keya Paha County,US.NE.KY,0,0,
Carter County,US.MT.CT,0,0,
Borden County,US.TX.BD,0,0,
Logan County,US.NE.LG,0,0,
Loving County,US.TX.LI,0,0,
Adams County,US.ND.AD,0,0,
Powell County,US.MT.PL,0,0,
Prairie County,US.MT.PR,0,0,
Clark County,US.ID.CA,0,0,
Kiowa County,US.CO.KO,0,0,
Skagway Municipality,US.AK.SW,0,0,
Loup County,US.NE.LU,0,0,
Modoc County,US.CA.MC,0,0,
De Baca County,US.NM.DE,0,0,
Hayes County,US.NE.HY,0,0,
Esmeralda County,US.NV.ES,0,0,
Brown County,US.NE.BW,0,0,
Lewis County,US.ID.LW,0,0,
Dillingham Census Area,US.AK.DI,0,0,
Kalawao County,US.HI.KL,0,0,
Mineral County,US.MT.MN,0,0,
Petroleum County,US.MT.PO,0,0,
Bristol Bay Borough,US.AK.BR,0,0,
Dundy County,US.NE.DY,0,0,
Yakutat City and Borough,US.AK.YA,0,0,
Grant County,US.NE.GA,0,0,
Daggett County,US.UT.DG,0,0,
Blaine County,US.NE.BL,0,0,
Harding County,US.SD.HR,0,0,
Arthur County,US.NE.AR,0,0,
