County,hasc,confirmed,death,recovered
Cook County,US.IL.CO,75306,3519,
Queens County,US.NY.QU,61400,6191,
Kings County,US.NY.KI,55147,6664,
Los Angeles County,US.CA.LO,49774,2241,
Bronx County,US.NY.BN,44753,4435,
Nassau County,US.NY.NA,40140,2114,
Suffolk County,US.NY.SF,39359,1871,
Westchester County,US.NY.WE,33293,1357,
New York County,US.NY.NE,26347,2880,
Middlesex County,US.MA.MI,20857,1564,
Wayne County,US.MI.WY,20059,2410,
Hudson County,US.NJ.HD,18226,1161,
Bergen County,US.NJ.BE,18158,1553,
Philadelphia County,US.PA.PH,17972,1282,
Suffolk County,US.MA.SU,17698,852,
Essex County,US.NJ.ES,17450,1628,
Miami-Dade County,US.FL.DA,17396,669,
Passaic County,US.NJ.PA,15959,903,
Middlesex County,US.NJ.MI,15633,968,
Union County,US.NJ.UN,15475,1047,
Fairfield County,US.CT.FA,15353,1246,
Prince George's County,US.MD.PR,14508,506,
Essex County,US.MA.ES,13899,895,
Richmond County,US.NY.RI,13404,978,
Rockland County,US.NY.RO,13076,494,
Harris County,US.TX.RR,11542,223,
New Haven County,US.CT.NH,11198,946,
Providence County,US.RI.PR,10968,311,
Montgomery County,US.MD.MO,10752,555,
Worcester County,US.MA.WO,10713,738,
Fairfax County,US.VA.FX,10503,371,
Orange County,US.NY.OE,10325,369,
Hartford County,US.CT.HA,10078,1208,
Marion County,US.IN.MO,9524,558,
Dallas County,US.TX.DS,9385,221,
Maricopa County,US.AZ.MA,8896,403,
Ocean County,US.NJ.OC,8577,711,
Washington,US.DC.DI,8492,453,
Oakland County,US.MI.OD,8281,971,
Monmouth County,US.NJ.MN,8012,578,
Lake County,US.IL.LK,7933,281,
King County,US.WA.KN,7923,562,
Norfolk County,US.MA.NO,7919,799,
Plymouth County,US.MA.PL,7724,539,
Hennepin County,US.MN.HE,7695,581,
DuPage County,US.IL.DU,7460,350,
Jefferson Parish,US.LA.JF,7424,441,
Riverside County,US.CA.RI,7341,313,
San Diego County,US.CA.SD,7100,260,
Orleans Parish,US.LA.OR,7067,506,
Milwaukee County,US.WI.MU,6952,285,
Broward County,US.FL.BO,6870,307,
Bristol County,US.MA.BR,6852,399,
Montgomery County,US.PA.MG,6811,656,
Mercer County,US.NJ.ME,6670,462,
Macomb County,US.MI.MB,6586,787,
Morris County,US.NJ.MR,6354,605,
Clark County,US.NV.CL,6352,339,
Delaware County,US.PA.DE,6337,544,
Camden County,US.NJ.CM,6292,318,
Kane County,US.IL.KE,6083,167,
Erie County,US.NY.ER,5886,494,
Hampden County,US.MA.HD,5878,562,
Orange County,US.CA.OR,5744,142,
Baltimore County,US.MD.BC,5678,320,
Franklin County,US.OH.FR,5566,253,
Palm Beach County,US.FL.PL,5541,327,
Denver County,US.CO.DN,5434,324,
Will County,US.IL.WL,5356,268,
Baltimore City,US.MD.BA,5203,240,
Tarrant County,US.TX.TN,5190,155,
Prince William County,US.VA.PW,5157,101,
Bucks County,US.PA.BC,4966,486,
San Bernardino County,US.CA.SA,4914,190,
Davidson County,US.TN.DA,4894,59,
Salt Lake County,US.UT.SL,4806,70,
Shelby County,US.TN.SY,4718,107,
St. Louis County,US.MO.SL,4704,395,
Somerset County,US.NJ.SO,4522,410,
Burlington County,US.NJ.BU,4476,277,
Fulton County,US.GA.FU,4370,224,
Cuyahoga County,US.OH.CU,4211,226,
Arapahoe County,US.CO.AA,4201,301,
Sussex County,US.DE.SU,4151,129,
Berks County,US.PA.BK,3973,308,
Polk County,US.IA.PK,3914,118,
Dutchess County,US.NY.DU,3867,139,
Douglas County,US.NE.DG,3736,33,
Lehigh County,US.PA.LH,3719,218,
DeKalb County,US.GA.DA,3639,112,
Gwinnett County,US.GA.GW,3628,127,
Mecklenburg County,US.NC.MB,3605,80,
New Castle County,US.DE.NE,3575,155,
Anne Arundel County,US.MD.AN,3556,158,
Kent County,US.MI.KN,3540,79,
East Baton Rouge Parish,US.LA.EB,3526,233,
Lake County,US.IN.LK,3494,175,
Minnehaha County,US.SD.MN,3317,45,
Yakima County,US.WA.YA,3231,93,
Alameda County,US.CA.AA,3097,94,
Adams County,US.CO.AD,3070,118,
Travis County,US.TX.TV,3057,91,
Lancaster County,US.PA.LN,3056,286,
Northampton County,US.PA.NA,3022,206,
Cobb County,US.GA.CB,2943,168,
Snohomish County,US.WA.SN,2937,147,
Monroe County,US.NY.MR,2824,195,
Santa Clara County,US.CA.SL,2701,140,
Ramsey County,US.MN.RA,2698,110,
Luzerne County,US.PA.LU,2689,139,
Woodbury County,US.IA.WO,2669,31,
Marion County,US.OH.MR,2642,25,
El Paso County,US.TX.EP,2569,72,
Chester County,US.PA.CH,2555,270,
Hamilton County,US.OH.HM,2555,135,
Bexar County,US.TX.BX,2525,70,
Caddo Parish,US.LA.CO,2480,180,
Hall County,US.GA.HL,2450,46,
Weld County,US.CO.WE,2444,129,
San Francisco County,US.CA.SF,2437,40,
Loudoun County,US.VA.LD,2318,62,
Brown County,US.WI.BW,2300,34,
McKinley County,US.NM.MC,2291,100,
Jefferson County,US.KY.JF,2267,145,
Potter County,US.TX.PT,2266,27,
Hillsborough County,US.NH.HI,2254,133,
Lucas County,US.OH.LU,2178,240,
Pima County,US.AZ.PM,2167,185,
Gloucester County,US.NJ.GL,2165,143,
Cumberland County,US.NJ.CU,2146,65,
Mobile County,US.AL.MB,2133,114,
Jefferson County,US.CO.JE,2123,164,
Atlantic County,US.NJ.AT,2120,156,
Winnebago County,US.IL.WN,2091,53,
San Mateo County,US.CA.SM,2061,84,
Onondaga County,US.NY.OG,2054,114,
Pickaway County,US.OH.PC,2048,36,
Arlington County,US.VA.AR,2039,109,
Hillsborough County,US.FL.HL,2019,76,
Kern County,US.CA.KE,2007,37,
Stearns County,US.MN.SR,1995,12,
Genesee County,US.MI.GE,1983,249,
Orange County,US.FL.OR,1902,40,
Alexandria City,US.VA.AX,1887,44,
Pierce County,US.WA.PI,1884,78,
Allegheny County,US.PA.AL,1851,161,
Tulare County,US.CA.TL,1835,80,
Frederick County,US.MD.FR,1824,98,
Howard County,US.MD.HO,1815,54,
Albany County,US.NY.AB,1814,99,
Lee County,US.FL.LE,1802,100,
City of St. Louis,US.MO.SY,1777,113,
Utah County,US.UT.UT,1777,17,
Fort Bend County,US.TX.FR,1766,41,
Dougherty County,US.GA.DH,1764,144,
Jefferson County,US.AL.JE,1715,102,
Black Hawk County,US.IA.BL,1714,43,
St. Tammany Parish,US.LA.ST,1703,156,
Navajo County,US.AZ.NA,1678,58,
San Juan County,US.NM.SJ,1662,114,
Jackson County (including other portions of Kansas City),US.MO.JC,1659,43,
Ulster County,US.NY.UL,1658,74,
Fresno County,US.CA.FR,1658,32,
Dakota County,US.NE.DK,1650,17,
Santa Barbara County,US.CA.SB,1636,12,
El Paso County,US.CO.EL,1636,88,
Cass County,US.ND.CS,1632,46,
Ford County,US.KS.FO,1628,8,
Henrico County,US.VA.HC,1624,131,
Racine County,US.WI.RA,1605,33,
Cass County,US.IN.CS,1587,7,
Wake County,US.NC.WK,1564,34,
Imperial County,US.CA.IM,1545,26,
Montgomery County,US.AL.MT,1541,38,
Duval County,US.FL.DU,1523,46,
Lackawanna County,US.PA.LC,1516,163,
Nobles County,US.MN.NB,1496,3,
McHenry County,US.IL.MY,1488,70,
Washoe County,US.NV.WA,1485,54,
Hall County,US.NE.HL,1476,42,
Finney County,US.KS.FI,1466,8,
Bernalillo County,US.NM.BE,1434,70,
Richland County,US.SC.RI,1432,66,
Allen County,US.IN.AL,1419,66,
Durham County,US.NC.DH,1411,44,
Collier County,US.FL.CL,1401,49,
Mahoning County,US.OH.MH,1397,173,
Trousdale County,US.TN.TR,1392,4,
Kent County,US.DE.KE,1392,61,
Contra Costa County,US.CA.CN,1384,37,
Greenville County,US.SC.GV,1382,56,
Litchfield County,US.CT.LI,1366,128,
Sullivan County,US.NY.SL,1351,30,
Sacramento County,US.CA.SC,1349,56,
Summit County,US.OH.SU,1335,172,
Chesterfield County,US.VA.CD,1331,35,
Wyandotte County,US.KS.WY,1315,73,
Washtenaw County,US.MI.WS,1313,99,
Monroe County,US.PA.MR,1311,101,
Barnstable County,US.MA.BA,1295,115,
Apache County,US.AZ.AP,1290,28,
Anoka County,US.MN.AN,1289,63,
Denton County,US.TX.DN,1285,30,
Rockingham County,US.NH.RO,1277,70,
Oklahoma County,US.OK.OL,1241,59,
Putnam County,US.NY.PU,1236,59,
St. Joseph County,US.IN.SN,1221,34,
Pinellas County,US.FL.PI,1218,80,
Collin County,US.TX.CI,1217,33,
Dauphin County,US.PA.DA,1212,71,
Clayton County,US.GA.CN,1204,45,
Dakota County,US.MN.DA,1202,49,
Ouachita Parish,US.LA.OU,1166,40,
Warren County,US.NJ.WA,1146,129,
Hendricks County,US.IN.HD,1142,68,
Lancaster County,US.NE.LA,1140,8,
Guilford County,US.NC.GU,1137,54,
Richmond City,US.VA.RC,1133,21,
Hamilton County,US.IN.HM,1132,92,
Rutherford County,US.TN.RU,1116,22,
Sussex County,US.NJ.SU,1104,147,
Multnomah County,US.OR.MU,1103,59,
Elkhart County,US.IN.EL,1101,28,
Johnson County,US.IN.JO,1092,106,
Cumberland County,US.ME.CU,1092,46,
Kenosha County,US.WI.KN,1088,25,
Middlesex County,US.CT.MI,1082,144,
Forsyth County,US.NC.FO,1081,9,
Coconino County,US.AZ.CO,1078,79,
Leavenworth County,US.KS.LV,1076,7,
New London County,US.CT.NL,1067,83,
Ventura County,US.CA.VE,1062,32,
Wayne County,US.NC.WY,1054,20,
St. Clair County,US.IL.SI,1050,77,
Kent County,US.RI.KE,1038,46,
Charles County,US.MD.CH,1027,71,
Saginaw County,US.MI.SG,1013,108,
Manatee County,US.FL.MN,1007,95,
Niagara County,US.NY.NI,984,65,
Lincoln County,US.AR.LC,975,9,
Hunterdon County,US.NJ.HN,974,58,
Manassas City,US.VA.MS,971,10,
York County,US.PA.YO,970,25,
Warren County,US.KY.WR,964,6,
Tulsa County,US.OK.TU,960,49,
Hinds County,US.MS.HI,959,24,
Oneida County,US.NY.OD,959,52,
Boulder County,US.CO.BO,956,63,
Lebanon County,US.PA.LB,944,33,
Linn County,US.IA.LI,941,76,
Polk County,US.FL.PO,939,54,
Marion County,US.OR.MR,931,25,
Montgomery County,US.TX.MG,926,26,
Wicomico County,US.MD.WI,919,30,
Texas County,US.OK.TE,904,5,
Marshall County,US.IA.MS,882,15,
Dallas County,US.IA.DL,876,17,
Cherokee County,US.GA.CE,874,32,
Walker County,US.TX.WK,869,27,
Brazoria County,US.TX.BI,861,9,
Sumner County,US.TN.SN,852,45,
St. John the Baptist Parish,US.LA.SO,850,78,
Seward County,US.KS.SW,849,2,
Butler County,US.OH.BU,847,28,
Hampshire County,US.MA.HS,845,83,
San Joaquin County,US.CA.SJ,842,34,
Carroll County,US.MD.CR,840,83,
Kankakee County,US.IL.KK,836,44,
Dawson County,US.NE.DN,833,7,
Tangipahoa Parish,US.LA.TA,831,34,
Pulaski County,US.AR.PU,830,31,
Harford County,US.MD.HA,827,46,
Tolland County,US.CT.TO,822,57,
Yuma County,US.AZ.YU,822,11,
Kalamazoo County,US.MI.KA,820,54,
Ascension Parish,US.LA.AE,810,56,
Accomack County,US.VA.AC,807,12,
Ada County,US.ID.AA,803,22,
Lafourche Parish,US.LA.LO,789,71,
Pinal County,US.AZ.PN,788,37,
Johnson County,US.KS.JO,788,62,
Escambia County,US.FL.ES,784,29,
Galveston County,US.TX.GV,779,32,
St. Charles County,US.MO.SA,763,54,
Franklin County,US.PA.FR,759,31,
Harrisonburg City,US.VA.HS,757,22,
Kendall County,US.IL.KA,751,19,
Ottawa County,US.MI.OT,744,31,
Benton County,US.WA.BE,742,61,
Cameron County,US.TX.CA,731,33,
Ingham County,US.MI.IH,729,25,
Duplin County,US.NC.DP,719,12,
Hamilton County,US.TN.HL,719,15,
Washington County,US.OR.WI,715,17,
Kings County,US.CA.KI,714,3,
Robeson County,US.NC.RB,713,11,
Lauderdale County,US.MS.LU,713,58,
Volusia County,US.FL.VO,709,37,
Stark County,US.OH.ST,705,91,
Rapides Parish,US.LA.RA,703,23,
Douglas County,US.CO.DU,699,45,
Buena Vista County,US.IA.BV,697,0,
Lafayette Parish,US.LA.LY,695,25,
Madison County,US.MS.MD,694,22,
Columbiana County,US.OH.CL,684,51,
Stanislaus County,US.CA.ST,683,28,
Tuscaloosa County,US.AL.TU,680,13,
Dane County,US.WI.DA,679,27,
Lubbock County,US.TX.LU,677,50,
Buchanan County,US.MO.BC,677,2,
Schenectady County,US.NY.SN,676,27,
Osceola County,US.FL.OS,674,19,
Stafford County,US.VA.SF,672,4,
Henry County,US.GA.HY,672,21,
Marshall County,US.AL.MS,668,9,
Lorain County,US.OH.LR,667,59,
Virginia Beach City,US.VA.VI,662,22,
Fayette County,US.KY.FA,661,13,
St. Francis County,US.AR.SI,660,1,
Culpeper County,US.VA.CP,656,5,
Randall County,US.TX.RA,655,6,
Terrebonne Parish,US.LA.TR,653,48,
Waukesha County,US.WI.WK,650,28,
Rock Island County,US.IL.RO,639,23,
Randolph County,US.NC.RA,639,12,
Montgomery County,US.OH.MT,637,16,
St. Charles Parish,US.LA.SC,633,44,
Scott County,US.MS.SC,630,10,
Florence County,US.SC.FL,622,34,
Cumberland County,US.NC.CU,622,16,
Morgan County,US.CO.MN,620,42,
Rowan County,US.NC.RW,619,25,
Muskegon County,US.MI.MG,619,36,
Cumberland County,US.PA.CU,618,47,
Sarasota County,US.FL.SR,611,77,
Colfax County,US.NE.CO,609,4,
Rock County,US.WI.RO,607,18,
Johnson County,US.IA.JH,607,8,
Berrien County,US.MI.BN,606,49,
Bledsoe County,US.TN.BE,606,1,
Schuylkill County,US.PA.SC,606,31,
Cape May County,US.NJ.CP,602,48,
Chatham County,US.NC.CH,595,25,
Champaign County,US.IL.CM,595,7,
Muscogee County,US.GA.MG,592,17,
Salem County,US.NJ.SA,592,34,
Neshoba County,US.MS.NS,589,37,
Lexington County,US.SC.LX,589,33,
Williamson County,US.TX.WM,588,22,
Calcasieu Parish,US.LA.CC,588,45,
Logan County,US.CO.LO,585,3,
Eagle County,US.CO.EA,584,8,
Madison County,US.IN.MD,584,59,
Olmsted County,US.MN.OL,582,10,
Beaver County,US.PA.BA,579,72,
Charleston County,US.SC.CS,578,12,
Richmond County,US.GA.RI,577,22,
Washington County,US.MN.WH,576,30,
Monterey County,US.CA.MT,575,8,
Sedgwick County,US.KS.SG,573,21,
Larimer County,US.CO.LR,567,27,
Jones County,US.MS.JO,566,22,
Moore County,US.TX.MO,565,13,
Iberville Parish,US.LA.IV,563,41,
Martin County,US.FL.MT,557,9,
Sandoval County,US.NM.SD,556,26,
Trumbull County,US.OH.TR,551,47,
Platte County,US.NE.PL,549,1,
Muscatine County,US.IA.MU,549,41,
Kenton County,US.KY.KE,547,33,
Madison County,US.IL.MD,545,57,
Broome County,US.NY.BO,545,46,
Wapello County,US.IA.WP,541,4,
Berkshire County,US.MA.BE,539,40,
Hidalgo County,US.TX.HG,537,10,
Spartanburg County,US.SC.SP,534,19,
St. Bernard Parish,US.LA.SE,534,22,
Lee County,US.AL.LE,533,32,
Williamson County,US.TN.WL,533,10,
Sarpy County,US.NE.SY,531,3,
Spokane County,US.WA.SP,531,31,
Sonoma County,US.CA.SO,531,4,
Douglas County,US.GA.DL,529,24,
Webb County,US.TX.WB,524,19,
Forrest County,US.MS.FO,523,38,
Franklin County,US.WA.FR,523,20,
Jefferson County,US.TX.JE,518,27,
Carroll County,US.GA.CL,516,24,
Franklin County,US.AL.FR,515,7,
Jefferson County,US.AR.JE,515,24,
Habersham County,US.GA.HB,515,20,
Blaine County,US.ID.BL,512,5,
Solano County,US.CA.SN,509,22,
Forsyth County,US.GA.FO,508,12,
Porter County,US.IN.PR,505,22,
DeSoto County,US.MS.DE,503,6,
Cleveland County,US.OK.CV,496,37,
Washington County,US.RI.WA,496,21,
Saline County,US.NE.SL,495,1,
Bartholomew County,US.IN.BA,490,34,
Rockingham County,US.VA.RG,490,6,
Crawford County,US.IA.CW,488,2,
Spotsylvania County,US.VA.SP,487,6,
Wilkes County,US.NC.WE,486,3,
Shelby County,US.AL.SH,484,19,
Chesapeake City,US.VA.CS,481,14,
Clark County,US.IN.CK,479,41,
Muhlenberg County,US.KY.MU,479,7,
Chatham County,US.GA.CM,477,24,
Pike County,US.PA.PI,476,18,
Kandiyohi County,US.MN.KD,476,1,
Seminole County,US.FL.SE,474,12,
Bartow County,US.GA.BT,470,38,
Rensselaer County,US.NY.RE,469,25,
Monroe County,US.MI.MO,468,19,
Saratoga County,US.NY.SR,468,14,
Sumter County,US.GA.SU,466,41,
Putnam County,US.TN.PU,461,5,
Colquitt County,US.GA.CQ,458,14,
Brazos County,US.TX.BZ,455,19,
Cabarrus County,US.NC.CR,455,21,
Buckingham County,US.VA.BK,453,3,
Norfolk City,US.VA.NF,452,6,
Clark County,US.WA.CR,449,22,
Chittenden County,US.VT.CH,448,39,
Jackson County,US.MI.JA,445,27,
Bibb County,US.GA.BI,444,25,
Westmoreland County,US.PA.WE,443,38,
Titus County,US.TX.TU,443,2,
Doña Ana County,US.NM.DO,442,2,
Robertson County,US.TN.RB,441,2,
St. Clair County,US.MI.SA,438,37,
Charlotte County,US.FL.CH,438,61,
Marin County,US.CA.MN,436,14,
Davis County,US.UT.DA,435,2,
Tipton County,US.TN.TI,430,3,
Skagit County,US.WA.SG,428,15,
Benton County,US.AR.BE,428,0,
St. Lucie County,US.FL.SL,424,30,
Boone County,US.IL.BO,424,16,
Rice County,US.MN.RI,423,2,
Washington County,US.MD.WA,423,13,
LaPorte County,US.IN.LA,420,22,
Tallapoosa County,US.AL.TP,418,64,
St. Mary's County,US.MD.SA,417,20,
Honolulu County,US.HI.HO,417,11,
Union County,US.NC.UN,417,17,
Clay County,US.MN.CA,416,25,
Shenandoah County,US.VA.SN,414,20,
Dodge County,US.NE.DE,413,1,
Lake County,US.TN.LK,413,0,
Sampson County,US.NC.SP,412,1,
Belmont County,US.OH.BE,412,12,
Twin Falls County,US.ID.TW,410,23,
Washington Parish,US.LA.WO,410,38,
Boone County,US.KY.BO,409,17,
Summit County,US.UT.SU,409,0,
Mitchell County,US.GA.MT,408,32,
Livingston Parish,US.LA.LV,408,27,
Bossier Parish,US.LA.BO,406,25,
Iberia Parish,US.LA.II,404,37,
Coweta County,US.GA.CA,403,8,
Acadia Parish,US.LA.AD,401,22,
Brevard County,US.FL.BE,401,12,
Tama County,US.IA.TM,400,26,
Leake County,US.MS.LK,400,12,
Lee County,US.NC.LE,396,3,
Horry County,US.SC.HO,395,24,
Butler County,US.AL.BT,392,15,
Livingston County,US.MI.LI,391,26,
Wilson County,US.TN.WO,387,8,
Lyon County,US.KS.LY,386,3,
Holmes County,US.MS.HO,385,24,
Rankin County,US.MS.RA,385,6,
Scott County,US.MN.SC,383,2,
Whatcom County,US.WA.WA,383,36,
Tippecanoe County,US.IN.TP,382,3,
Columbia County,US.NY.CU,380,39,
Leon County,US.FL.LO,379,6,
Howard County,US.IN.HO,378,24,
Johnston County,US.NC.JH,377,17,
Delaware County,US.IN.DL,376,36,
Pasco County,US.FL.PS,375,13,
Windham County,US.CT.WI,375,14,
Walworth County,US.WI.WL,372,16,
Jackson County,US.IN.JC,372,1,
Alachua County,US.FL.AL,372,7,
York County,US.SC.YO,371,7,
DeKalb County,US.IL.DK,370,4,
York County,US.ME.YO,370,9,
Clay County,US.FL.CY,369,28,
Davidson County,US.NC.DD,368,11,
Shelby County,US.IN.SH,368,22,
Houston County,US.GA.HO,363,16,
Lee County,US.GA.LE,360,22,
Sumter County,US.SC.SU,359,18,
Calhoun County,US.MI.CU,357,22,
Knox County,US.TN.KN,357,5,
Cecil County,US.MD.CE,356,22,
Hendry County,US.FL.HR,354,13,
Washington County,US.AR.WA,352,6,
Miami County,US.OH.MM,352,30,
Warren County,US.OH.WR,351,19,
Beaufort County,US.SC.BA,351,14,
Mohave County,US.AZ.MO,350,42,
Chambers County,US.AL.CM,349,24,
Scott County,US.IA.SC,348,10,
Columbia County,US.PA.CO,346,31,
Newton County,US.GA.NE,345,10,
Sangamon County,US.IL.SM,343,28,
Baldwin County,US.GA.BD,342,26,
Burke County,US.NC.BK,338,14,
Tuscarawas County,US.OH.TU,337,3,
Louisa County,US.IA.LO,336,10,
Jefferson County,US.MO.JE,335,16,
Bell County,US.TX.BL,335,3,
Merrimack County,US.NH.ME,331,13,
Wilson County,US.NC.WO,331,9,
Dubuque County,US.IA.DU,330,17,
Grand Forks County,US.ND.GD,328,3,
Hancock County,US.IN.HC,327,27,
Henderson County,US.NC.HN,326,45,
Ashtabula County,US.OH.AB,324,34,
Thomas County,US.GA.TH,324,31,
Jones County,US.TX.JN,323,0,
Whitfield County,US.GA.WF,322,7,
Barrow County,US.GA.BW,321,13,
Calvert County,US.MD.CL,320,16,
Orange County,US.NC.OR,320,40,
Franklin County,US.MA.FR,319,47,
Frederick County,US.VA.FK,319,4,
Portage County,US.OH.PO,318,57,
Crittenden County,US.AR.CD,318,9,
Madison County,US.AL.MD,318,4,
Floyd County,US.IN.FL,317,39,
Kershaw County,US.SC.KE,317,14,
Hanover County,US.VA.HV,316,24,
Grayson County,US.TX.GO,316,2,
Paulding County,US.GA.PA,316,11,
Washington County,US.OK.WN,314,35,
Columbus County,US.NC.CM,314,22,
Daviess County,US.KY.DA,313,6,
Medina County,US.OH.MD,313,22,
Elmore County,US.AL.EL,313,7,
Franklin Parish,US.LA.FR,311,10,
Delaware County,US.OH.DL,310,13,
Madison County,US.NY.MA,310,8,
St. Mary Parish,US.LA.SM,309,29,
Suffolk City,US.VA.SO,308,31,
Union Parish,US.LA.UN,306,17,
Madison County,US.NE.MA,306,4,
Boone County,US.IN.BO,305,35,
Ellis County,US.TX.EI,305,13,
Washington County,US.UT.WN,304,1,
Clackamas County,US.OR.CC,304,11,
Buncombe County,US.NC.BO,303,16,
Fauquier County,US.VA.FQ,303,6,
Jackson County,US.MS.JC,302,13,
Walker County,US.AL.WK,300,2,
Berkeley County,US.WV.BE,297,6,
Hays County,US.TX.HY,297,3,
Bay County,US.MI.BY,296,22,
Clarendon County,US.SC.CN,296,38,
Vance County,US.NC.VA,296,19,
Todd County,US.MN.TO,296,0,
St. James Parish,US.LA.SJ,294,25,
Yavapai County,US.AZ.YA,294,6,
Canyon County,US.ID.CN,294,6,
Alamance County,US.NC.AA,293,20,
Lake County,US.OH.LK,290,12,
Copiah County,US.MS.CP,290,4,
Lowndes County,US.GA.LW,287,4,
Attala County,US.MS.AT,284,15,
Portsmouth City,US.VA.PR,284,11,
Troup County,US.GA.TP,284,10,
San Juan County,US.UT.SJ,283,5,
Wood County,US.OH.WO,282,46,
Harnett County,US.NC.HT,281,21,
St. Martin Parish,US.LA.SR,281,22,
Manassas Park city,US.VA.MP,281,5,
Baldwin County,US.AL.BD,281,9,
Lake County,US.FL.LK,280,15,
Wright County,US.MN.WR,280,1,
Upson County,US.GA.UP,280,34,
Rockdale County,US.GA.RO,280,8,
Merced County,US.CA.MD,280,7,
Comanche County,US.OK.CM,278,3,
Pueblo County,US.CO.PU,278,15,
Morgan County,US.IN.MG,277,24,
Richmond County,US.VA.RI,275,4,
Bedford County,US.TN.BD,274,4,
Shawnee County,US.KS.SN,274,7,
Pitt County,US.NC.PI,273,2,
Geauga County,US.OH.GE,272,31,
Weber County,US.UT.WB,272,5,
Clarke County,US.GA.CK,270,13,
Nacogdoches County,US.TX.NC,270,20,
Granville County,US.NC.GN,269,8,
San Luis Obispo County,US.CA.SS,268,1,
Gadsden County,US.FL.GA,268,1,
Nueces County,US.TX.NU,268,3,
Randolph County,US.IL.RA,267,4,
Saline County,US.MO.SI,267,2,
Spalding County,US.GA.SD,267,20,
Brown County,US.SD.BW,266,1,
Adams County,US.NE.AD,265,11,
Androscoggin County,US.ME.AN,264,2,
Strafford County,US.NH.ST,263,13,
Darlington County,US.SC.DA,262,8,
Montgomery County,US.TN.MT,261,3,
Fremont County,US.WY.FR,261,6,
Coffee County,US.GA.CF,261,14,
Wayne County,US.OH.WE,260,49,
Vanderburgh County,US.IN.VA,259,2,
Wasatch County,US.UT.WA,259,1,
Floyd County,US.GA.FL,258,15,
Jasper County,US.IA.JS,258,16,
Newport News City,US.VA.NN,257,10,
Jackson County,US.IL.JC,256,10,
Newton County,US.MS.NW,256,4,
Sumter County,US.FL.SM,253,17,
Warren County,US.NY.WR,253,27,
Monroe County,US.MS.MR,252,25,
St. Landry Parish,US.LA.SL,252,54,
Gaston County,US.NC.GS,251,7,
Leflore County,US.MS.LL,251,30,
Fairfield County,US.OH.FI,251,5,
Lincoln County,US.MS.LI,250,24,
Assumption Parish,US.LA.AS,248,13,
Tift County,US.GA.TI,247,16,
St. Johns County,US.FL.SJ,247,5,
Walton County,US.GA.WA,246,12,
Caroline County,US.MD.CO,245,0,
Harrison County,US.MS.HR,245,7,
Etowah County,US.AL.ET,244,11,
Dallas County,US.AL.DL,244,3,
Columbia County,US.GA.CI,243,7,
De Soto Parish,US.LA.DE,242,17,
Erie County,US.PA.ER,242,4,
Jackson County,US.FL.JA,241,0,
DeKalb County,US.AL.DA,241,3,
Steuben County,US.NY.ST,241,27,
Marion County,US.FL.MI,241,5,
Adams County,US.PA.AD,240,7,
Harrison County,US.TX.HR,239,24,
Iredell County,US.NC.IR,239,5,
Shiawassee County,US.MI.SH,239,26,
Chelan County,US.WA.CH,238,6,
Early County,US.GA.EA,238,30,
Newport County,US.RI.NE,237,1,
Santa Rosa County,US.FL.SA,237,9,
Lincoln County,US.SD.LI,236,0,
Greene County,US.NY.GR,236,13,
Clark County,US.OH.CK,234,5,
Montgomery County,US.IN.MM,234,16,
Washington County,US.WI.WN,233,4,
Carbon County,US.PA.CB,232,22,
Morgan County,US.AL.MG,231,1,
Taylor County,US.TX.TA,231,5,
Mower County,US.MN.MW,231,1,
Fayette County,US.GA.FY,231,13,
Lamar County,US.MS.LM,231,5,
Washington County,US.NY.WS,231,14,
White County,US.IN.WH,230,8,
Crisp County,US.GA.CP,228,7,
Pottawattamie County,US.IA.PT,228,7,
Huntingdon County,US.PA.HU,228,2,
Williamsburg County,US.SC.WI,227,11,
Ware County,US.GA.WE,227,14,
Broomfield County and City,US.CO.BR,227,26,
Northampton County,US.VA.NA,227,20,
Butler County,US.KY.BR,227,7,
Yazoo County,US.MS.YZ,227,4,
Coryell County,US.TX.CL,227,2,
Anderson County,US.SC.AN,226,8,
Butler County,US.PA.BT,226,12,
Santa Cruz County,US.AZ.SA,225,0,
Berkeley County,US.SC.BK,224,15,
Decatur County,US.IN.DC,224,31,
Butts County,US.GA.BU,224,22,
Coffee County,US.AL.CF,224,1,
Lowndes County,US.AL.LO,223,11,
Hoke County,US.NC.HO,222,1,
Licking County,US.OH.LI,222,10,
Sherburne County,US.MN.SH,222,2,
Bristol County,US.RI.BR,222,2,
Clinton County,US.IN.CI,222,1,
Hopkins County,US.KY.HO,221,29,
Kanawha County,US.WV.KA,216,18,
McLean County,US.IL.ML,216,13,
Mecklenburg County,US.VA.ME,214,21,
Allegan County,US.MI.AL,214,6,
Page County,US.VA.PA,213,21,
Terrell County,US.GA.TL,213,26,
Sumter County,US.AL.SU,213,6,
Summit County,US.CO.SU,213,2,
Sioux County,US.IA.SI,212,0,
Orleans County,US.NY.OL,212,35,
Municipality of Anchorage,US.AK.AN,211,4,
Lee County,US.SC.LE,209,15,
Liberty County,US.FL.LI,209,0,
Hamilton County,US.FL.HM,209,0,
Worth County,US.GA.WO,208,21,
Yolo County,US.CA.YO,207,23,
Allen County,US.OH.AN,206,32,
Pearl River County,US.MS.PL,206,31,
Santa Cruz County,US.CA.SZ,206,2,
West Feliciana Parish,US.LA.WF,205,12,
Winnebago County,US.WI.WA,205,3,
Autauga County,US.AL.AU,205,3,
Outagamie County,US.WI.OU,204,8,
Noble County,US.IN.NO,204,21,
Kaufman County,US.TX.KU,203,2,
Craighead County,US.AR.CG,203,0,
Clermont County,US.OH.CE,202,5,
Pike County,US.MS.PI,202,11,
James City County,US.VA.JA,202,15,
Angelina County,US.TX.AG,201,4,
Gregg County,US.TX.GE,201,6,
Ontario County,US.NY.OR,201,18,
Mercer County,US.OH.MC,201,6,
Plaquemines Parish,US.LA.PL,201,17,
St. Lawrence County,US.NY.SI,201,2,
Fulton County,US.NY.FU,200,19,
Smith County,US.TX.SM,200,4,
Ogle County,US.IL.OG,200,2,
Stephenson County,US.IL.SN,199,2,
Okaloosa County,US.FL.OA,199,6,
Rhea County,US.TN.RH,198,0,
Worcester County,US.MD.WO,198,12,
Grant County,US.WA.GN,198,4,
Washington County,US.TX.WH,197,23,
Lenoir County,US.NC.LN,197,7,
Genesee County,US.NY.GE,197,5,
Grant County,US.IN.GA,197,21,
Placer County,US.CA.PA,196,9,
Bastrop County,US.TX.BP,196,3,
Hancock County,US.GA.HC,194,22,
Hardeman County,US.TN.HA,194,0,
Richland County,US.OH.RI,193,3,
Macon County,US.IL.MC,192,19,
Pointe Coupee Parish,US.LA.PO,192,24,
East Feliciana Parish,US.LA.EF,192,30,
Fond du Lac County,US.WI.FN,192,5,
Peoria County,US.IL.PI,191,8,
Dubois County,US.IN.DU,190,3,
Beadle County,US.SD.BA,190,2,
Adams County,US.MS.AD,190,15,
Hampton city,US.VA.HM,190,3,
Edgecombe County,US.NC.ED,190,9,
Aiken County,US.SC.AI,189,7,
Bowie County,US.TX.BW,189,6,
Shelby County,US.TX.SY,189,6,
Lowndes County,US.MS.LO,189,9,
Craven County,US.NC.CN,189,4,
Harrison County,US.IN.HI,189,21,
Carver County,US.MN.CV,189,1,
Lapeer County,US.MI.LP,188,30,
Houston County,US.AL.HO,188,4,
Laramie County,US.WY.LA,188,2,
Surry County,US.NC.SU,187,1,
Northumberland County,US.PA.NU,186,3,
Pennington County,US.SD.PN,186,3,
Tuscola County,US.MI.TU,186,23,
Bullock County,US.AL.BL,185,4,
Washington County,US.IA.WS,185,8,
Nash County,US.NC.NA,185,4,
Allen Parish,US.LA.AL,184,10,
Eaton County,US.MI.EA,183,6,
Decatur County,US.GA.DC,181,4,
Clinton County,US.IL.CN,180,17,
Pike County,US.AL.PK,179,0,
Flagler County,US.FL.FL,179,4,
Dooly County,US.GA.DO,177,12,
Allegany County,US.MD.AL,177,16,
Gunnison County,US.CO.GU,177,6,
Island County,US.WA.IS,177,11,
Randolph County,US.GA.RN,177,19,
Jackson County,US.GA.JC,175,5,
Catawba County,US.NC.CB,175,3,
Moore County,US.NC.ME,174,10,
Panola County,US.TX.PN,174,22,
Madison County,US.TN.MD,173,2,
Benton County,US.MN.BN,173,3,
Noxubee County,US.MS.NO,173,6,
Rutherford County,US.NC.RU,172,5,
Dodge County,US.WI.DD,172,1,
Albemarle County,US.VA.AB,170,8,
Hillsdale County,US.MI.HI,169,24,
Henry County,US.IN.HY,169,10,
Greene County,US.IN.GE,168,24,
Winchester city,US.VA.WH,168,1,
New Hanover County,US.NC.NE,167,4,
Jefferson County,US.WV.JE,166,1,
Suwannee County,US.FL.SW,166,18,
Washington County,US.MS.WS,165,7,
Monroe County,US.IN.MR,165,12,
Erie County,US.OH.ER,165,6,
Dearborn County,US.IN.DR,165,21,
Warrick County,US.IN.WI,165,28,
Johnson County,US.TX.JH,165,4,
Kent County,US.MD.KE,165,17,
Union County,US.AR.UN,164,8,
Douglas County,US.WA.DO,164,3,
Montrose County,US.CO.MO,163,12,
Fairfield County,US.SC.FA,163,14,
Clay County,US.MO.CY,162,3,
Darke County,US.OH.DA,162,21,
Richmond County,US.NC.RI,162,2,
Lycoming County,US.PA.LY,162,16,
Kitsap County,US.WA.KS,161,2,
Orangeburg County,US.SC.OR,161,3,
Deaf Smith County,US.TX.DI,161,13,
Jerome County,US.ID.JR,161,2,
Colbert County,US.AL.CL,161,2,
Halifax County,US.NC.HL,159,1,
Victoria County,US.TX.VI,159,7,
West Baton Rouge Parish,US.LA.WB,159,31,
Graves County,US.KY.GV,159,19,
Rockwall County,US.TX.RC,159,13,
Warren County,US.MS.WR,159,7,
Russell County,US.AL.RU,159,0,
Natchitoches Parish,US.LA.NA,157,13,
Tompkins County,US.NY.TO,156,0,
Ozaukee County,US.WI.OZ,156,11,
Dillon County,US.SC.DI,155,3,
Marengo County,US.AL.ME,155,6,
Oktibbeha County,US.MS.OK,154,11,
Yadkin County,US.NC.YD,154,2,
Caddo County,US.OK.CD,154,10,
Wayne County,US.MS.WY,154,0,
Bolivar County,US.MS.BO,154,11,
Franklin County,US.NC.FR,154,20,
Campbell County,US.KY.CM,153,11,
Vigo County,US.IN.VI,153,8,
Lauderdale County,US.AL.LU,153,2,
Winn Parish,US.LA.WI,153,2,
Lawrence County,US.IN.LW,152,23,
Jasper County,US.MS.JS,152,4,
Ector County,US.TX.EC,152,5,
Queen Anne's County,US.MD.QU,152,12,
Calhoun County,US.AL.CN,152,3,
Appling County,US.GA.AP,151,13,
Chesterfield County,US.SC.CF,151,4,
Hale County,US.AL.HA,151,7,
Union County,US.IL.UN,151,9,
Dorchester County,US.SC.DO,150,3,
Lenawee County,US.MI.LN,150,4,
Buffalo County,US.NE.BF,150,1,
Centre County,US.PA.CT,150,6,
Putnam County,US.FL.PU,149,5,
Wagoner County,US.OK.WG,149,17,
Gallatin County,US.MT.GL,149,1,
Steele County,US.MN.SE,149,0,
Gordon County,US.GA.GO,148,15,
Choctaw County,US.AL.CC,148,8,
Madison County,US.OH.MO,148,7,
Ionia County,US.MI.II,147,4,
Gilmer County,US.GA.GI,147,0,
Roanoke city,US.VA.RO,147,9,
Southampton County,US.VA.SA,146,2,
Smith County,US.MS.SM,145,11,
Lincoln Parish,US.LA.LN,144,14,
Northampton County,US.NC.NO,143,12,
Covington County,US.MS.CV,143,1,
Webster Parish,US.LA.WR,143,6,
Sussex County,US.VA.SS,142,2,
Fredericksburg City,US.VA.FB,142,0,
Wright County,US.IA.WG,141,0,
Warren County,US.VA.WR,141,2,
Ohio County,US.KY.OH,141,0,
LaSalle County,US.IL.LA,141,13,
Shelby County,US.KY.SH,140,4,
Miami County,US.IN.MI,140,1,
Saluda County,US.SC.SA,139,0,
Washington County,US.PA.WS,139,5,
Franklin County,US.MO.FR,139,16,
Bienville Parish,US.LA.BI,139,23,
Clinton County,US.MI.CN,139,10,
Clarke County,US.MS.CE,138,18,
Boone County,US.MO.BO,137,1,
Hardin County,US.TX.HN,137,5,
Santa Fe County,US.NM.ST,137,3,
Marlboro County,US.SC.ML,137,0,
Loudon County,US.TN.LO,137,0,
Stephens County,US.GA.SE,136,2,
Kemper County,US.MS.KE,136,11,
Chemung County,US.NY.CM,136,3,
Wilcox County,US.AL.WC,136,7,
Dorchester County,US.MD.DO,136,3,
Columbia County,US.FL.CU,136,2,
Lamar County,US.TX.LR,136,9,
Garland County,US.AR.GL,136,1,
Cibola County,US.NM.CI,136,5,
McMinn County,US.TN.MM,136,14,
Garfield County,US.CO.GA,135,2,
Putnam County,US.IN.PT,135,7,
Jackson County,US.WV.JA,135,18,
Van Buren County,US.MI.VA,134,6,
Whiteside County,US.IL.WD,134,12,
Barbour County,US.AL.BR,132,1,
DeSoto County,US.FL.DE,132,7,
Thurston County,US.WA.TH,132,1,
Sevier County,US.AR.SV,131,2,
Iroquois County,US.IL.IR,131,4,
Chickasaw County,US.MS.CS,130,12,
Calhoun County,US.GA.CU,130,5,
Clarke County,US.AL.CK,130,2,
Monongalia County,US.WV.MG,130,4,
Prince Edward County,US.VA.PD,129,2,
Jennings County,US.IN.JN,129,4,
Pickens County,US.SC.PI,129,3,
Pope County,US.AR.PP,129,1,
Canadian County,US.OK.CN,128,3,
Logan County,US.KY.LO,128,3,
Kennebec County,US.ME.KE,127,9,
Lafayette County,US.MS.LY,127,4,
Blue Earth County,US.MN.BE,126,0,
Midland County,US.TX.ID,126,12,
Tioga County,US.NY.TI,126,17,
Isle of Wight County,US.VA.IS,126,3,
Chenango County,US.NY.CH,126,5,
Lancaster County,US.SC.LN,126,5,
Guadalupe County,US.TX.GU,126,0,
Martin County,US.MN.MT,126,5,
Richland Parish,US.LA.RI,125,3,
Burleigh County,US.ND.BL,125,0,
Randolph County,US.AL.RA,125,7,
Grayson County,US.KY.GY,124,8,
Greene County,US.MO.GE,124,8,
Lee County,US.MS.LE,124,5,
Macon County,US.TN.MC,124,3,
Orange County,US.IN.OR,124,22,
Coles County,US.IL.CE,123,13,
Tooele County,US.UT.TE,122,0,
Morehouse Parish,US.LA.MO,121,5,
Deschutes County,US.OR.DE,121,0,
Greenwood County,US.SC.GW,121,1,
Burke County,US.GA.BE,121,5,
Indian River County,US.FL.IN,120,9,
Allamakee County,US.IA.AL,120,4,
Avoyelles Parish,US.LA.AV,120,9,
Caldwell County,US.NC.CL,120,2,
Scott County,US.IN.SC,119,3,
Marion County,US.AL.MI,119,11,
Catoosa County,US.GA.CS,119,0,
Highlands County,US.FL.HG,119,8,
Citrus County,US.FL.CI,119,12,
Plymouth County,US.IA.PM,119,1,
Monroe County,US.GA.MN,119,8,
Maui County,US.HI.MA,118,6,
Wayne County,US.PA.WN,118,7,
Bertie County,US.NC.BT,118,4,
East Carroll Parish,US.LA.EC,118,0,
Livingston County,US.NY.LI,118,3,
Washington County,US.OH.WS,117,19,
St. Louis County,US.MN.ST,117,14,
Randolph County,US.WV.RN,117,0,
Cheatham County,US.TN.CA,116,0,
St. Clair County,US.AL.SA,116,1,
Warren County,US.IA.WR,115,0,
Linn County,US.OR.LN,115,9,
Carroll County,US.MS.CL,115,11,
Turner County,US.GA.TR,114,12,
Coahoma County,US.MS.CH,114,4,
Yell County,US.AR.YE,114,1,
Umatilla County,US.OR.UM,114,3,
Marion County,US.MS.MI,114,9,
Hernando County,US.FL.HA,113,5,
McLennan County,US.TX.ML,113,4,
Warren County,US.IL.WR,113,0,
Grimes County,US.TX.GM,113,1,
Polk County,US.GA.PO,113,1,
Wayne County,US.NY.WN,112,2,
Walker County,US.GA.WK,112,0,
Glynn County,US.GA.GY,112,1,
Catahoula Parish,US.LA.CT,112,3,
Oconee County,US.GA.OC,112,5,
Petersburg city,US.VA.PB,112,3,
Napa County,US.CA.NA,111,3,
Cache County,US.UT.CA,111,1,
Gonzales County,US.TX.GA,111,2,
Cumberland County,US.TN.CU,111,1,
Crawford County,US.OH.CF,110,3,
St. Joseph County,US.MI.SJ,110,2,
Fayette County,US.TN.FA,110,2,
Walton County,US.FL.WL,109,9,
Branch County,US.MI.BC,109,2,
Franklin County,US.IN.FR,109,8,
Dickson County,US.TN.DI,109,0,
Bullitt County,US.KY.BI,109,4,
Dawson County,US.GA.DW,108,1,
Saline County,US.AR.SL,108,1,
Clay County,US.MS.CY,108,4,
Walla Walla County,US.WA.WL,108,2,
Bradley County,US.TN.BR,108,1,
Ripley County,US.IN.RI,108,6,
Monroe County,US.FL.MO,107,4,
Christian County,US.KY.CH,107,3,
Oswego County,US.NY.OS,107,2,
Galax city,US.VA.GA,107,0,
Wilcox County,US.GA.WC,106,13,
Mercer County,US.PA.ME,106,4,
Herkimer County,US.NY.HE,106,3,
Winston County,US.MS.WN,105,1,
Augusta County,US.VA.AU,105,1,
Montgomery County,US.NC.MO,104,3,
Morrow County,US.OH.MW,104,1,
Echols County,US.GA.EC,104,0,
Laurens County,US.GA.LR,103,1,
McClain County,US.OK.ML,103,3,
Henderson County,US.KY.HE,103,3,
Charlottesville City,US.VA.CE,102,3,
Freeborn County,US.MN.FR,102,0,
Pickens County,US.AL.PC,102,4,
Pasquotank County,US.NC.PU,102,9,
Lawrence County,US.MS.LW,102,1,
Faulkner County,US.AR.FA,101,3,
Jefferson County,US.IL.JF,101,16,
Kosciusko County,US.IN.KO,101,1,
Greene County,US.OH.GR,101,5,
Newaygo County,US.MI.NE,101,0,
Talladega County,US.AL.TD,100,3,
Teton County,US.WY.TE,100,1,
Penobscot County,US.ME.PE,100,1,
Jackson Parish,US.LA.JA,100,12,
Otsego County,US.MI.OS,100,10,
Delaware County,US.OK.DL,100,16,
White County,US.GA.WH,99,3,
Franklin County,US.VT.FR,99,5,
Susquehanna County,US.PA.SS,99,15,
Hardin County,US.KY.HN,99,2,
Macon County,US.GA.MC,99,6,
Dale County,US.AL.DE,99,0,
Eau Claire County,US.WI.EA,99,0,
Onslow County,US.NC.ON,98,2,
Madera County,US.CA.ME,98,2,
Humboldt County,US.CA.HU,98,3,
Polk County,US.OR.PO,98,11,
Scott County,US.MO.ST,98,8,
Story County,US.IA.ST,98,1,
Wayne County,US.WV.WA,97,9,
Maverick County,US.TX.MV,97,1,
Roanoke County,US.VA.RE,97,5,
Bay County,US.FL.BY,97,3,
Chilton County,US.AL.CI,97,1,
Pierce County,US.GA.PR,97,3,
Adair County,US.KY.AD,96,19,
Gray County,US.TX.GY,96,2,
Cullman County,US.AL.CU,96,0,
Knox County,US.IL.KX,96,0,
Orange County,US.TX.OR,96,2,
Jefferson County,US.WI.JE,96,3,
Fayette County,US.PA.FA,95,4,
Simpson County,US.MS.SI,95,0,
Lumpkin County,US.GA.LP,95,1,
Juniata County,US.PA.JU,95,4,
McCracken County,US.KY.MK,95,2,
Grundy County,US.IL.GU,95,2,
Clinton County,US.NY.CL,95,4,
Henry County,US.VA.HY,95,3,
Alpena County,US.MI.AP,94,9,
Osage County,US.OK.OS,94,8,
Grant County,US.WI.GA,93,12,
Monroe County,US.IL.MR,93,11,
Creek County,US.OK.CE,93,7,
Ottawa County,US.OH.OT,93,12,
Grady County,US.GA.GD,93,4,
Goochland County,US.VA.GO,93,6,
Orange County,US.VA.OR,92,0,
Greene County,US.AL.GR,92,4,
Carroll County,US.IN.CO,92,2,
Bladen County,US.NC.BL,92,2,
Bacon County,US.GA.BC,91,3,
Yellowstone County,US.MT.YS,91,3,
Carson City,US.NV.CA,91,4,
Jackson County,US.KS.JA,91,0,
Indiana County,US.PA.IN,90,5,
Iosco County,US.MI.IC,90,9,
Blount County,US.TN.BO,89,3,
Poweshiek County,US.IA.PW,89,8,
Harris County,US.GA.HI,89,5,
Pine County,US.MN.PN,89,0,
Fluvanna County,US.VA.FV,88,6,
Putnam County,US.OH.PU,88,14,
Hardee County,US.FL.HD,88,0,
Mahaska County,US.IA.MK,88,8,
Putnam County,US.GA.PT,88,9,
Carroll County,US.VA.CL,88,1,
Union County,US.SD.UN,88,0,
Hancock County,US.MS.HN,87,11,
Talbot County,US.MD.TA,87,1,
Limestone County,US.AL.LI,87,0,
Comal County,US.TX.OM,87,6,
Colleton County,US.SC.CT,86,11,
Colonial Heights city,US.VA.CH,86,15,
Concordia Parish,US.LA.CR,86,5,
Banks County,US.GA.BS,85,0,
Grenada County,US.MS.GN,85,3,
Wilkinson County,US.MS.WK,85,9,
Murray County,US.GA.MA,85,1,
Cass County,US.MO.CS,85,7,
Yalobusha County,US.MS.YL,85,5,
Cattaraugus County,US.NY.CG,85,3,
San Benito County,US.CA.SI,85,2,
Fairbanks North Star Borough,US.AK.FA,85,2,
Oceana County,US.MI.OA,85,2,
Sheboygan County,US.WI.SE,84,3,
Adair County,US.OK.AD,84,3,
Daviess County,US.IN.DI,84,16,
McDonough County,US.IL.MU,84,7,
Itawamba County,US.MS.IT,84,7,
Cayuga County,US.NY.CY,84,2,
Scotts Bluff County,US.NE.SC,84,0,
El Dorado County,US.CA.EL,84,0,
Wichita County,US.TX.WC,84,2,
Meriwether County,US.GA.MW,83,2,
Grady County,US.OK.GD,83,3,
Nicollet County,US.MN.NI,82,7,
Davie County,US.NC.DV,82,2,
Wyoming County,US.NY.WM,82,5,
Montgomery County,US.NY.MT,82,4,
Winston County,US.AL.WN,82,0,
Lawrence County,US.AR.LW,82,5,
Nez Perce County,US.ID.NE,82,19,
Chautauqua County,US.NY.CQ,81,2,
Hawaii County,US.HI.HA,81,0,
Hopewell city,US.VA.HW,81,0,
Prince George County,US.VA.PG,81,0,
Liberty County,US.TX.LT,81,3,
Lincoln County,US.MO.LO,81,1,
Steuben County,US.IN.SE,81,2,
Windham County,US.VT.WH,81,3,
Montgomery County,US.MS.MT,81,1,
Maury County,US.TN.MU,81,0,
Midland County,US.MI.MD,81,8,
Marshall County,US.IN.MS,80,1,
Rogers County,US.OK.RS,80,5,
Kittitas County,US.WA.KT,80,0,
Union County,US.MS.UN,80,5,
Cass County,US.MI.CS,80,2,
Lynchburg city,US.VA.LY,80,1,
Lee County,US.IL.LE,79,1,
Brunswick County,US.NC.BS,79,2,
Madison Parish,US.LA.MA,79,0,
Scotland County,US.NC.SC,78,0,
Sauk County,US.WI.SU,78,3,
Delaware County,US.NY.DE,78,2,
Cleveland County,US.NC.CV,78,2,
Winona County,US.MN.WN,78,15,
Sunflower County,US.MS.SU,78,3,
Humboldt County,US.NV.HU,78,4,
Marshall County,US.MS.MS,77,3,
Pettis County,US.MO.PS,77,1,
La Plata County,US.CO.LA,77,1,
Johnson County,US.GA.JH,77,2,
Jefferson Davis County,US.MS.JD,77,2,
Covington County,US.AL.CV,77,1,
Pemiscot County,US.MO.PM,76,4,
Newton County,US.IN.NE,76,10,
Louisa County,US.VA.LI,76,1,
Rockingham County,US.NC.RC,76,2,
Sevier County,US.TN.SV,76,2,
Isabella County,US.MI.IB,76,7,
Hunt County,US.TX.HT,76,4,
Stoddard County,US.MO.SD,76,4,
Emporia city,US.VA.EM,76,5,
Monroe County,US.OH.ME,75,12,
Jackson County,US.AL.JA,75,2,
Natrona County,US.WY.NA,75,1,
Evangeline Parish,US.LA.EV,75,1,
Washington County,US.TN.WI,75,0,
Wayne County,US.IN.WY,75,5,
Jefferson Davis Parish,US.LA.JD,75,7,
Pender County,US.NC.PD,74,1,
Washington County,US.GA.WG,74,1,
Lawrence County,US.PA.LW,74,8,
Calumet County,US.WI.CA,74,1,
Wabash County,US.IN.WB,74,2,
Bryan County,US.GA.BY,74,5,
Johnson County,US.MO.JO,74,0,
Grafton County,US.NH.GR,74,1,
Elbert County,US.GA.EL,74,0,
Fayette County,US.IN.FA,74,7,
Tate County,US.MS.TT,74,1,
St. Croix County,US.WI.SI,74,0,
Camp County,US.TX.CP,74,0,
Gratiot County,US.MI.GT,74,8,
Nassau County,US.FL.NA,74,1,
Cleburne County,US.AR.CB,73,4,
Mississippi County,US.AR.MS,73,2,
Cowlitz County,US.WA.CW,73,0,
Effingham County,US.GA.EF,73,1,
Carlton County,US.MN.CL,73,0,
Lafayette County,US.MO.LF,73,1,
Somerset County,US.MD.SO,73,2,
Valencia County,US.NM.VA,73,1,
Hertford County,US.NC.HD,72,1,
Jefferson County,US.NY.JE,72,0,
Oldham County,US.KY.OL,72,4,
York County,US.VA.YO,72,3,
Chaffee County,US.CO.CA,72,19,
Liberty County,US.GA.LB,72,0,
Montgomery County,US.VA.MO,72,1,
Sandusky County,US.OH.SA,72,11,
Crenshaw County,US.AL.CA,72,2,
Ben Hill County,US.GA.BL,71,1,
Audrain County,US.MO.AU,71,0,
Georgetown County,US.SC.GR,71,3,
Henry County,US.AL.HE,71,2,
Macon County,US.AL.MC,71,3,
Bibb County,US.AL.BI,71,1,
Tippah County,US.MS.TP,71,11,
Tazewell County,US.IL.TA,70,4,
Cape Girardeau County,US.MO.CG,70,2,
Parker County,US.TX.PR,70,1,
Otsego County,US.NY.OO,70,4,
Peach County,US.GA.PH,70,4,
Madison County,US.FL.MD,69,3,
Claiborne County,US.MS.CB,69,2,
Cottonwood County,US.MN.CT,69,0,
Yamhill County,US.OR.YA,69,7,
Medina County,US.TX.ME,69,2,
Platte County,US.MO.PT,69,2,
Cass County,US.IL.CS,69,0,
Hocking County,US.OH.HC,69,4,
Dinwiddie County,US.VA.DN,68,0,
Coffee County,US.TN.CF,68,0,
Brooks County,US.GA.BO,68,8,
LaGrange County,US.IN.LG,68,2,
Greene County,US.NC.GE,68,2,
Wilkinson County,US.GA.WI,68,4,
Okeechobee County,US.FL.OE,68,0,
Henry County,US.IA.HE,67,1,
Henry County,US.IL.HY,67,0,
Bremer County,US.IA.BR,67,6,
Cochise County,US.AZ.CH,67,1,
McDuffie County,US.GA.MU,67,5,
Ross County,US.OH.RO,67,2,
Delta County,US.CO.DT,67,1,
Greene County,US.GA.GE,67,7,
Kootenai County,US.ID.KO,67,0,
Marion County,US.SC.MI,67,5,
Lane County,US.OR.LE,67,2,
Washington County,US.AL.WS,66,6,
Greer County,US.OK.GE,66,7,
Anderson County,US.TX.AE,66,0,
Jefferson County,US.OH.JE,66,2,
Lamar County,US.GA.LM,66,1,
Matagorda County,US.TX.MD,66,5,
Douglas County,US.KS.DG,65,0,
Montcalm County,US.MI.MC,65,1,
Tom Green County,US.TX.TG,65,1,
Jasper County,US.IN.JS,65,1,
Auglaize County,US.OH.AU,65,3,
Jackson County,US.OR.JA,65,0,
Watonwan County,US.MN.WT,64,0,
Panola County,US.MS.PA,64,3,
Allen County,US.KY.AL,63,3,
Calhoun County,US.MS.CN,63,4,
Lincoln County,US.NC.LI,63,0,
Riley County,US.KS.RL,63,1,
Laurens County,US.SC.LU,63,3,
Wayne County,US.TN.WY,63,0,
Fairfax city,US.VA.FC,63,5,
Westmoreland County,US.VA.WM,63,1,
Greensville County,US.VA.GS,63,7,
Otter Tail County,US.MN.OT,63,0,
Anson County,US.NC.AN,63,0,
Crowley County,US.CO.CR,63,1,
Barry County,US.MI.BR,62,2,
Armstrong County,US.PA.AR,62,4,
Bennington County,US.VT.BE,62,1,
Addison County,US.VT.AD,62,2,
Martin County,US.NC.MR,62,0,
Chambers County,US.TX.CH,62,0,
Claiborne Parish,US.LA.CI,62,10,
King George County,US.VA.KG,62,4,
Webster County,US.MS.WE,61,1,
Monroe County,US.TN.MR,61,2,
Stark County,US.ND.SR,61,2,
Routt County,US.CO.RT,61,6,
Beauregard Parish,US.LA.BE,61,4,
Camden County,US.GA.CD,61,1,
Jackson County,US.KY.JA,61,13,
Nye County,US.NV.NY,61,1,
Gibson County,US.TN.GB,61,1,
Stokes County,US.NC.SO,60,0,
Cabell County,US.WV.CB,60,0,
Clinton County,US.IA.CN,60,1,
Williamson County,US.IL.WS,60,1,
Bulloch County,US.GA.BH,60,2,
Green County,US.WI.GN,60,0,
Greene County,US.AR.GE,60,0,
Sullivan County,US.TN.SL,60,2,
Alamosa County,US.CO.AL,60,2,
Goodhue County,US.MN.GO,60,3,
Oglethorpe County,US.GA.OG,59,6,
Crow Wing County,US.MN.CW,59,1,
Morton County,US.ND.MR,59,2,
Pottawatomie County,US.OK.PT,59,4,
Chester County,US.SC.CR,59,0,
Polk County,US.MN.PL,59,2,
Crawford County,US.MI.CF,58,5,
Blount County,US.AL.BU,58,1,
Clinch County,US.GA.CC,58,2,
Des Moines County,US.IA.DS,58,1,
Mifflin County,US.PA.MI,58,1,
Humphreys County,US.MS.HU,58,7,
Caswell County,US.NC.CS,57,1,
Brown County,US.TX.BN,57,9,
Belknap County,US.NH.BE,57,0,
Boone County,US.IA.BO,57,0,
Wharton County,US.TX.WN,57,0,
Pitkin County,US.CO.PI,57,2,
Cole County,US.MO.CE,57,1,
Henderson County,US.TX.HD,57,0,
Caldwell County,US.TX.CW,57,0,
Hickman County,US.TN.HN,57,0,
Cambria County,US.PA.CI,57,2,
Warren County,US.NC.WR,57,1,
Huron County,US.OH.HU,56,1,
Edmonson County,US.KY.ED,56,9,
Seneca County,US.NY.SC,56,1,
Hale County,US.TX.HE,56,4,
Pulaski County,US.KY.PU,56,2,
West Carroll Parish,US.LA.WC,56,0,
Cassia County,US.ID.CS,56,1,
Amite County,US.MS.AM,56,1,
Lyon County,US.NV.LY,56,1,
Pecos County,US.TX.PE,56,0,
Caroline County,US.VA.CI,56,2,
Union County,US.PA.UN,56,1,
Jessamine County,US.KY.JS,56,0,
Stanly County,US.NC.SN,55,4,
Mississippi County,US.MO.MI,55,0,
Cheshire County,US.NH.CH,55,2,
Lauderdale County,US.TN.LU,55,1,
Benton County,US.OR.BE,55,5,
Toombs County,US.GA.TM,55,4,
Clinton County,US.PA.CN,55,2,
Waller County,US.TX.WR,55,0,
Marquette County,US.MI.MQ,54,10,
Adams County,US.WA.AD,54,0,
Chisago County,US.MN.CG,54,1,
Hamilton County,US.NE.HM,54,11,
Itasca County,US.MN.IT,54,8,
Perry County,US.PA.PE,54,2,
Pike County,US.GA.PK,54,2,
Marion County,US.GA.MR,54,2,
Polk County,US.TX.PK,54,0,
Rutland County,US.VT.RU,54,1,
Sullivan County,US.MO.SV,54,0,
La Paz County,US.AZ.LA,53,0,
Chippewa County,US.WI.CH,53,0,
Mesa County,US.CO.ME,53,0,
Vermilion Parish,US.LA.VM,53,3,
Wood County,US.WV.WO,53,2,
Tunica County,US.MS.TU,53,3,
Falls Church city,US.VA.FU,53,7,
Parmer County,US.TX.PM,53,0,
Kay County,US.OK.KA,52,7,
Calhoun County,US.FL.CA,52,3,
Caldwell Parish,US.LA.CW,52,0,
McDowell County,US.NC.MW,52,1,
Walthall County,US.MS.WT,52,0,
Windsor County,US.VT.WS,51,2,
Bradford County,US.FL.BA,51,2,
Yankton County,US.SD.YA,51,0,
La Crosse County,US.WI.LA,51,0,
Dodge County,US.GA.DG,51,2,
Reno County,US.KS.RN,51,0,
St. Helena Parish,US.LA.SH,51,1,
Newberry County,US.SC.NE,51,1,
Washington County,US.FL.WS,51,3,
Williams County,US.OH.WI,51,1,
Waldo County,US.ME.WL,51,14,
Washington County,US.VA.WG,51,4,
Curry County,US.NM.CU,51,0,
Brantley County,US.GA.BA,51,2,
Stewart County,US.GA.SW,51,1,
Edgefield County,US.SC.ED,51,2,
Elbert County,US.CO.EB,51,2,
Marion County,US.IL.MO,50,0,
Marion County,US.WV.MI,50,2,
Perry County,US.MO.PR,50,0,
Iron County,US.UT.RN,50,1,
Coffey County,US.KS.CF,50,8,
Danville City,US.VA.DA,50,2,
Screven County,US.GA.SR,50,2,
Hancock County,US.OH.HN,50,1,
Montour County,US.PA.MO,50,0,
Washington County,US.IN.WS,50,1,
Dyer County,US.TN.DY,50,0,
Perry County,US.MS.PY,50,3,
Red River County,US.TX.RV,50,5,
Socorro County,US.NM.SO,50,4,
Schoharie County,US.NY.SO,49,2,
Taylor County,US.IA.TY,49,0,
Houston County,US.TX.HS,49,0,
Madison County,US.GA.MD,49,1,
Union County,US.OH.UN,49,1,
Escambia County,US.AL.ES,49,3,
Franklin County,US.TN.FR,49,1,
Blair County,US.PA.BL,49,1,
Oconee County,US.SC.OC,49,0,
Simpson County,US.KY.SI,49,3,
Adair County,US.MO.AD,49,0,
Jay County,US.IN.JY,49,0,
Red River Parish,US.LA.RE,49,7,
Navarro County,US.TX.NV,49,2,
Greene County,US.TN.GE,48,2,
Muskingum County,US.OH.MU,48,0,
Cross County,US.AR.CO,48,0,
Ochiltree County,US.TX.OC,48,2,
La Salle Parish,US.LA.LA,48,0,
Calloway County,US.KY.CW,48,1,
Fulton County,US.IN.FU,47,1,
Madison County,US.KY.MD,47,1,
Lincoln County,US.NE.LI,47,2,
Butler County,US.NE.BE,47,0,
Bedford County,US.VA.BF,47,2,
Dixie County,US.FL.DI,46,2,
Lawrence County,US.AL.LW,46,0,
Dodge County,US.MN.DD,46,0,
Essex County,US.VA.ES,46,0,
Cedar County,US.IA.CD,46,1,
Clay County,US.IN.CY,46,1,
Carroll County,US.NH.CA,46,0,
Lonoke County,US.AR.LO,46,0,
Gooding County,US.ID.GO,46,0,
Bradford County,US.PA.BF,46,3,
Guthrie County,US.IA.GH,46,3,
Moniteau County,US.MO.ME,46,1,
Okanogan County,US.WA.OK,46,1,
Pickens County,US.GA.PE,45,3,
Cook County,US.GA.CO,45,1,
Payne County,US.OK.PY,45,1,
Jasper County,US.IL.JS,45,7,
Rusk County,US.TX.RK,45,2,
Allegany County,US.NY.AL,45,2,
Wise County,US.TX.WE,45,3,
Rush County,US.IN.RU,45,2,
Minidoka County,US.ID.MI,45,0,
Franklin County,US.GA.FR,45,1,
Randolph County,US.IN.RA,45,3,
Clatsop County,US.OR.CT,45,0,
Bleckley County,US.GA.BK,45,0,
Fayette County,US.WV.FA,45,3,
Sharp County,US.AR.SH,45,2,
Cherokee County,US.TX.CK,44,2,
Chippewa County,US.MN.CP,44,1,
Williamsburg City,US.VA.WL,44,4,
Clarke County,US.IA.CK,44,0,
Macoupin County,US.IL.MP,44,2,
Kearny County,US.KS.KE,44,0,
Huron County,US.MI.HU,44,1,
Meeker County,US.MN.ME,44,0,
Del Norte County,US.CA.DE,44,0,
Pierce County,US.WI.PI,44,0,
Person County,US.NC.PN,44,1,
Le Sueur County,US.MN.LU,44,1,
Seminole County,US.GA.SI,44,2,
Gage County,US.NE.GG,44,4,
Barren County,US.KY.BN,44,1,
Adams County,US.IL.AD,44,1,
Barnwell County,US.SC.BN,44,1,
Clinton County,US.OH.CI,43,0,
Union County,US.GA.UN,43,1,
Muskogee County,US.OK.MO,43,6,
Shawano County,US.WI.SA,43,0,
Jefferson County,US.IN.JF,43,1,
White County,US.AR.WH,43,1,
Haywood County,US.NC.HW,43,0,
Marathon County,US.WI.MH,43,1,
Berrien County,US.GA.BN,43,0,
Columbia County,US.WI.CO,42,1,
Miller County,US.AR.ML,42,1,
Cass County,US.NE.CS,42,0,
Chaves County,US.NM.CH,42,2,
Hardin County,US.OH.HD,42,0,
Haralson County,US.GA.HS,42,2,
Sutter County,US.CA.SU,42,2,
Prentiss County,US.MS.PN,42,3,
Perry County,US.IL.PY,41,0,
Waynesboro city,US.VA.WS,41,0,
Rio Arriba County,US.NM.RI,41,1,
Sabine Parish,US.LA.SB,41,0,
Klamath County,US.OR.KL,41,0,
Ohio County,US.WV.OH,41,1,
Morrison County,US.MN.MR,41,0,
Franklin city,US.VA.FR,41,2,
Atkinson County,US.GA.AT,41,2,
Nevada County,US.CA.NE,41,1,
Mineral County,US.WV.ML,41,1,
Fannin County,US.GA.FN,41,1,
Pulaski County,US.IL.PL,41,0,
Pulaski County,US.IN.PL,41,0,
Miller County,US.GA.ML,41,0,
Jefferson County,US.MS.JF,40,0,
Johnson County,US.AR.JO,40,0,
Dawson County,US.TX.DW,40,1,
Pulaski County,US.GA.PL,40,2,
Harrison County,US.WV.HR,40,1,
Howard County,US.NE.HW,40,4,
Shelby County,US.OH.SH,40,3,
Pittsburg County,US.OK.PI,40,3,
Sanilac County,US.MI.SL,40,5,
Butte County,US.CA.BU,40,0,
Mountrail County,US.ND.MU,39,0,
Washington County,US.VT.WA,39,1,
Fayette County,US.OH.FY,39,0,
Douglas County,US.MN.DU,39,0,
Jasper County,US.SC.JA,39,2,
Grant County,US.KY.GT,39,4,
Missoula County,US.MT.MS,39,1,
Montgomery County,US.IL.MT,39,1,
Cortland County,US.NY.CD,39,1,
Snyder County,US.PA.SN,39,1,
Anderson County,US.TN.AN,39,1,
Yates County,US.NY.YA,39,6,
Boyd County,US.KY.BD,39,3,
Benton County,US.IA.BN,39,1,
Geneva County,US.AL.GE,39,0,
Jackson County,US.MN.JA,39,0,
Bedford County,US.PA.BO,38,2,
Vermilion County,US.IL.VE,38,1,
Marion County,US.TN.MI,38,1,
Clark County,US.AR.CK,38,0,
Whitley County,US.IN.WL,38,3,
Clark County,US.KY.CK,38,0,
Nelson County,US.KY.NE,38,0,
Talbot County,US.GA.TB,38,1,
Wilson County,US.TX.WS,38,5,
Thurston County,US.NE.TU,38,0,
Madison County,US.VA.MD,38,1,
Hardy County,US.WV.HD,38,0,
Door County,US.WI.DO,38,3,
Carter County,US.OK.CR,38,1,
Pittsylvania County,US.VA.PS,38,1,
Lyon County,US.MN.LY,38,0,
Wyandot County,US.OH.WD,38,2,
Roosevelt County,US.NM.RO,37,0,
Marshall County,US.KY.MH,37,2,
Logan County,US.OH.LG,37,0,
Ward County,US.ND.WR,37,1,
Montezuma County,US.CO.MZ,37,3,
Morgan County,US.GA.MO,37,0,
Abbeville County,US.SC.AB,37,0,
Frio County,US.TX.FO,37,0,
Camden County,US.MO.CM,37,1,
Barton County,US.KS.BT,37,1,
Somerset County,US.PA.SO,37,0,
DeKalb County,US.TN.DE,37,0,
Calhoun County,US.TX.CU,37,3,
Stephens County,US.OK.ST,37,1,
Coshocton County,US.OH.CS,37,0,
Shasta County,US.CA.SH,37,4,
Fulton County,US.OH.FU,37,0,
Clearfield County,US.PA.CF,37,0,
Bonneville County,US.ID.BV,37,0,
Clay County,US.GA.CY,37,2,
Flathead County,US.MT.FL,37,2,
Jeff Davis County,US.GA.JF,37,1,
Fannin County,US.TX.FI,37,2,
Franklin County,US.ME.FR,36,1,
Essex County,US.NY.ES,36,0,
Staunton city,US.VA.SU,36,0,
Becker County,US.MN.BC,36,0,
Washington County,US.ID.WA,36,0,
Telfair County,US.GA.TF,36,1,
Hampton County,US.SC.HA,36,0,
Murray County,US.MN.MU,36,0,
Jones County,US.IA.JN,36,0,
Chattahoochee County,US.GA.CH,36,0,
New Kent County,US.VA.NK,36,1,
Manitowoc County,US.WI.MW,36,1,
Conecuh County,US.AL.CO,36,1,
Union County,US.SC.UN,35,0,
Ottawa County,US.OK.OT,35,2,
Monroe County,US.IA.MR,35,4,
Oconto County,US.WI.OC,35,0,
Codington County,US.SD.CD,35,0,
Lewis County,US.WA.LE,35,3,
Perry County,US.AL.PE,35,0,
Coosa County,US.AL.CS,35,1,
Carteret County,US.NC.CE,35,3,
Jones County,US.GA.JE,35,0,
Mono County,US.CA.MO,35,1,
Monroe County,US.AL.MR,35,2,
Scott County,US.KY.SC,35,0,
Washakie County,US.WY.WA,35,3,
Atascosa County,US.TX.AT,35,2,
Polk County,US.NC.PO,35,4,
Franklin County,US.VA.FN,35,1,
Roberts County,US.SD.RO,35,0,
York County,US.NE.YO,35,0,
Kenai Peninsula Borough,US.AK.KN,34,2,
Ashe County,US.NC.AS,34,0,
Kewaunee County,US.WI.KW,34,1,
Mason County,US.WA.MA,34,1,
Sullivan County,US.IN.SU,34,1,
Allendale County,US.SC.AL,34,3,
Putnam County,US.WV.PU,34,0,
Guernsey County,US.OH.GU,34,0,
Cherokee County,US.AL.CH,34,2,
Baker County,US.GA.BR,34,2,
Owen County,US.IN.OW,34,1,
Pulaski County,US.MO.PA,34,1,
Hutchinson County,US.TX.UT,34,0,
Morgan County,US.IL.MG,34,1,
Shelby County,US.IA.SH,34,0,
Franklin County,US.KS.FR,34,0,
Choctaw County,US.MS.CW,34,2,
Fayette County,US.TX.FT,34,2,
Wyoming County,US.PA.WM,34,7,
Jasper County,US.MO.JS,33,0,
Jerauld County,US.SD.JE,33,1,
Lincoln County,US.ID.LI,33,0,
Jefferson County,US.GA.JR,33,1,
Christian County,US.IL.CI,33,4,
Washington County,US.CO.WA,33,0,
Arenac County,US.MI.AR,33,1,
St. Francois County,US.MO.SF,33,2,
Brown County,US.IN.BR,33,1,
Iowa County,US.IA.IO,33,0,
Wilkes County,US.GA.WS,33,1,
McCurtain County,US.OK.MU,33,0,
Defiance County,US.OH.DF,33,2,
Preble County,US.OH.PR,33,1,
DeKalb County,US.IN.DE,33,1,
Beaufort County,US.NC.BA,33,0,
Saguache County,US.CO.SG,33,1,
Saunders County,US.NE.SU,33,1,
Wakulla County,US.FL.WK,32,1,
Starke County,US.IN.SR,32,3,
Dunklin County,US.MO.DU,32,2,
Marinette County,US.WI.MT,32,2,
Malheur County,US.OR.ML,32,0,
Heard County,US.GA.HD,32,2,
Livingston County,US.IL.LI,32,2,
Salem city,US.VA.SE,32,3,
Webster County,US.KY.WE,32,0,
Merrick County,US.NE.ME,32,0,
Grayson County,US.VA.GY,32,0,
San Patricio County,US.TX.SP,32,0,
Isanti County,US.MN.IS,32,0,
Cumberland County,US.VA.CU,32,0,
Jasper County,US.GA.JS,32,1,
City and Borough of Juneau,US.AK.JU,32,0,
Burnet County,US.TX.BT,32,0,
Castro County,US.TX.AS,32,1,
Botetourt County,US.VA.BO,32,4,
Charlton County,US.GA.CT,32,1,
Osceola County,US.IA.OS,32,0,
Teller County,US.CO.TE,32,2,
Jo Daviess County,US.IL.JO,32,0,
Torrance County,US.NM.TO,32,1,
Cherokee County,US.SC.CK,32,2,
Wabaunsee County,US.KS.WB,31,0,
Clayton County,US.IA.CT,31,3,
Hawkins County,US.TN.HW,31,2,
Coos County,US.OR.CO,31,0,
Poinsett County,US.AR.PN,31,2,
Cuming County,US.NE.CM,31,0,
Custer County,US.NE.CU,31,4,
Appomattox County,US.VA.AP,31,0,
Buchanan County,US.IA.BC,31,0,
Mason County,US.MI.MN,31,0,
Mason County,US.TX.MA,31,0,
Martinsville city,US.VA.MR,31,1,
San Augustine County,US.TX.SG,31,2,
Union County,US.FL.UN,31,0,
Hot Spring County,US.AR.HT,31,0,
Grundy County,US.TN.GU,31,1,
Butler County,US.KS.BU,31,0,
Clark County,US.WI.CL,31,4,
Clark County,US.KS.CA,31,0,
Elmore County,US.ID.EL,31,2,
Van Zandt County,US.TX.VN,30,1,
White County,US.TN.WH,30,0,
Powhatan County,US.VA.PH,30,0,
Mendocino County,US.CA.MI,30,0,
Smith County,US.TN.SH,30,1,
Henry County,US.TN.HR,30,0,
McLeod County,US.MN.MC,30,0,
Gloucester County,US.VA.GL,30,1,
Mayes County,US.OK.MY,30,4,
Haywood County,US.TN.HY,30,2,
Marshall County,US.TN.MS,30,1,
Andrew County,US.MO.AN,30,0,
Webster County,US.IA.WE,30,1,
Alexander County,US.NC.AE,30,0,
Marion County,US.IA.MI,30,0,
Halifax County,US.VA.HL,30,0,
Hamblen County,US.TN.HB,30,2,
Douglas County,US.NV.DO,30,0,
Choctaw County,US.OK.CA,30,0,
Campbell County,US.WY.CM,30,0,
Levy County,US.FL.LV,30,0,
Sagadahoc County,US.ME.SA,30,0,
Stone County,US.MS.ST,30,0,
Pawnee County,US.OK.PW,30,2,
Jefferson County,US.WA.JE,30,0,
Carroll County,US.OH.CO,30,3,
Hamilton County,US.IA.HM,29,0,
Lawrence County,US.OH.LW,29,0,
Butler County,US.MO.BE,29,0,
Cass County,US.TX.CS,29,0,
Jefferson County,US.FL.JE,29,3,
Pontotoc County,US.MS.PO,29,3,
Lamoille County,US.VT.LA,29,1,
Yuba County,US.CA.YU,29,1,
Independence County,US.AR.IN,29,0,
Toole County,US.MT.TO,29,6,
Oxford County,US.ME.OX,29,0,
Holmes County,US.OH.HL,29,1,
Franklin County,US.KY.FR,28,0,
Tishomingo County,US.MS.TS,28,0,
Dade County,US.GA.DD,28,1,
Franklin County,US.MS.FR,28,2,
Milam County,US.TX.MI,28,1,
Grant Parish,US.LA.GR,28,1,
Marshall County,US.WV.MH,28,0,
Obion County,US.TN.OB,28,1,
Baker County,US.FL.BK,28,3,
Hart County,US.GA.HT,28,0,
Washington County,US.NE.WS,28,1,
Pike County,US.KY.PI,28,2,
Van Buren County,US.AR.VA,28,2,
Saline County,US.KS.SA,28,2,
Cherokee County,US.OK.CK,28,1,
Kendall County,US.TX.KD,28,0,
Jefferson County,US.TN.JE,28,0,
Crawford County,US.GA.CW,28,0,
Perry County,US.IN.PE,28,0,
Brown County,US.OH.BR,28,1,
Jasper County,US.TX.JR,28,1,
Greene County,US.VA.GE,28,1,
Clay County,US.AL.CY,27,2,
Greene County,US.PA.GR,27,0,
O'Brien County,US.IA.OB,27,0,
Champaign County,US.OH.CH,27,1,
Andrews County,US.TX.AR,27,0,
Lake County,US.CO.LK,27,0,
Charles City County,US.VA.CC,27,1,
Amherst County,US.VA.AH,27,0,
Seward County,US.NE.SA,27,1,
Emanuel County,US.GA.EM,27,2,
Stevens County,US.KS.SV,27,0,
Waupaca County,US.WI.WP,27,1,
Washington County,US.NC.WI,27,3,
Callaway County,US.MO.CA,27,1,
Starr County,US.TX.SR,27,0,
Hockley County,US.TX.HC,27,1,
McPherson County,US.KS.MP,27,0,
Carroll County,US.TN.CR,27,1,
Wells County,US.IN.WE,27,0,
Tallahatchie County,US.MS.TL,26,1,
Dixon County,US.NE.DI,26,0,
Dukes County,US.MA.DU,26,0,
Douglas County,US.IL.DO,26,0,
Fayette County,US.IA.FT,26,0,
Wood County,US.TX.WO,26,1,
Box Elder County,US.UT.BE,26,1,
Crawford County,US.WI.CR,26,0,
Forest County,US.WI.FR,26,1,
Warren County,US.MO.WR,26,0,
Benton County,US.IN.BE,26,0,
Fremont County,US.CO.FR,26,0,
Garfield County,US.OK.GF,26,1,
Donley County,US.TX.DO,26,0,
Meigs County,US.TN.ME,26,0,
Sweetwater County,US.WY.SW,26,0,
Meade County,US.KS.ME,26,0,
Overton County,US.TN.OV,26,0,
Graham County,US.AZ.GA,26,0,
Randolph County,US.AR.RA,26,0,
Woodford County,US.KY.WO,26,0,
Lafayette County,US.WI.LF,26,0,
Kit Carson County,US.CO.KT,26,3,
Huntington County,US.IN.HU,26,2,
Madison County,US.IA.MD,26,1,
King William County,US.VA.KW,26,0,
Jackson County,US.NC.JA,26,1,
Hood County,US.TX.HO,26,3,
Weakley County,US.TN.WE,26,0,
Lincoln County,US.TN.LI,25,0,
Pottawatomie County,US.KS.PT,25,0,
Vernon Parish,US.LA.VN,25,3,
Waseca County,US.MN.WE,25,0,
Douglas County,US.OR.DO,25,0,
Gentry County,US.MO.GT,25,0,
Gila County,US.AZ.GI,25,0,
Knox County,US.IN.KN,25,0,
Quitman County,US.MS.QU,25,0,
Jones County,US.NC.JN,25,3,
Northumberland County,US.VA.NU,25,1,
Morris County,US.TX.MR,25,0,
Irwin County,US.GA.IR,25,1,
Jefferson County,US.OR.JE,25,0,
Clarion County,US.PA.CL,25,2,
Clallam County,US.WA.CL,25,0,
Monona County,US.IA.MO,24,0,
Matanuska-Susitna Borough,US.AK.MA,24,1,
Elko County,US.NV.EL,24,1,
Taos County,US.NM.TA,24,0,
Lawrence County,US.TN.LW,24,0,
Austin County,US.TX.AU,24,0,
Glades County,US.FL.GL,24,1,
Converse County,US.WY.CE,24,0,
Cerro Gordo County,US.IA.CG,24,1,
Klickitat County,US.WA.KL,24,3,
Carroll County,US.AR.CL,24,0,
Lea County,US.NM.LE,24,0,
Dallam County,US.TX.DL,24,0,
Bannock County,US.ID.BO,24,0,
Brunswick County,US.VA.BU,24,1,
Beaver County,US.OK.BA,24,0,
Lee County,US.IA.LE,24,0,
Sebastian County,US.AR.SB,24,0,
Williams County,US.ND.WI,24,0,
Hopkins County,US.TX.HP,24,0,
Nottoway County,US.VA.NY,24,0,
Hill County,US.TX.HI,24,1,
Tipton County,US.IN.TT,24,1,
Dunn County,US.WI.DN,24,0,
Jackson County,US.OK.JA,24,3,
Cherokee County,US.IA.CE,24,0,
Turner County,US.SD.TU,24,0,
Clay County,US.NE.CL,24,0,
Wise County,US.VA.WI,24,2,
Albany County,US.WY.AL,24,0,
Clarke County,US.VA.CK,24,0,
Chattooga County,US.GA.CG,24,2,
Seminole County,US.OK.SM,24,2,
Crawford County,US.PA.CW,23,0,
Montgomery County,US.KY.MM,23,0,
Okmulgee County,US.OK.OM,23,0,
Bryan County,US.OK.BR,23,1,
Payette County,US.ID.PA,23,2,
Trempealeau County,US.WI.TR,23,0,
Limestone County,US.TX.LO,23,1,
Burleson County,US.TX.BU,23,0,
Russell County,US.KY.RU,23,4,
Towns County,US.GA.TW,23,1,
Hampshire County,US.WV.HM,23,1,
Charlotte County,US.VA.CT,23,0,
Sherman County,US.TX.SN,23,0,
Aurora County,US.SD.AU,23,0,
Gates County,US.NC.GT,23,1,
Perquimans County,US.NC.PQ,23,2,
Winneshiek County,US.IA.WH,23,0,
Nowata County,US.OK.NW,23,0,
Josephine County,US.OR.JO,23,1,
Crawford County,US.IN.CW,23,0,
Park County,US.CO.PA,23,0,
Grand Traverse County,US.MI.GN,23,5,
Tillman County,US.OK.TI,23,1,
San Miguel County,US.CO.SM,23,0,
Knox County,US.OH.KN,23,1,
Amelia County,US.VA.AI,23,1,
Boyle County,US.KY.BE,23,0,
Todd County,US.SD.TO,23,1,
Lincoln County,US.OK.LI,22,2,
Blackford County,US.IN.BL,22,2,
Labette County,US.KS.LB,22,0,
Rock County,US.MN.RC,22,0,
Jefferson County,US.KS.JF,22,0,
Preston County,US.WV.PR,22,1,
Crane County,US.TX.CR,22,2,
Highland County,US.OH.HI,22,1,
Taylor County,US.GA.TY,22,2,
Warren County,US.TN.WR,22,0,
Somerset County,US.ME.SO,22,0,
Juneau County,US.WI.JU,22,1,
McLean County,US.KY.ML,22,1,
Gray County,US.KS.GY,22,0,
Colorado County,US.TX.CO,22,0,
Roscommon County,US.MI.RO,21,0,
Lake County,US.CA.LK,21,0,
Tattnall County,US.GA.TT,21,0,
Madison County,US.ID.MA,21,0,
Wasco County,US.OR.WC,21,1,
Laurel County,US.KY.LU,21,2,
Wythe County,US.VA.WY,21,1,
Lamar County,US.AL.LM,21,0,
Hart County,US.KY.HT,21,0,
Christian County,US.MO.CT,21,0,
Meade County,US.KY.MA,21,2,
George County,US.MS.GR,21,1,
Bamberg County,US.SC.BM,21,0,
Emmet County,US.MI.EM,21,2,
Lee County,US.TX.LE,21,0,
Cheboygan County,US.MI.CY,21,1,
Oglala Lakota County,US.SD.SH,21,0,
Ogemaw County,US.MI.OG,21,1,
Stanton County,US.NE.ST,20,0,
Lander County,US.NV.LA,20,0,
Marion County,US.KY.MN,20,0,
Vernon County,US.WI.VE,20,0,
Ford County,US.IL.FO,20,1,
Jersey County,US.IL.JR,20,1,
Davis County,US.IA.DV,20,0,
Lanier County,US.GA.LI,20,2,
Lincoln County,US.ME.LI,20,0,
Knox County,US.ME.KN,20,0,
Guadalupe County,US.NM.GU,20,0,
Kauai County,US.HI.KU,20,0,
Cherokee County,US.NC.CO,20,1,
Richland County,US.ND.RI,20,0,
Seneca County,US.OH.SE,20,2,
Mecosta County,US.MI.MT,20,2,
Upshur County,US.TX.US,20,0,
Columbia County,US.AR.CI,20,2,
Lewis County,US.NY.LE,20,5,
Atchison County,US.KS.AT,20,0,
Fayette County,US.IL.FA,20,3,
Phelps County,US.NE.PH,20,0,
Yuma County,US.CO.YU,20,0,
Cocke County,US.TN.CE,20,0,
Eddy County,US.NM.ED,20,1,
Franklin County,US.NY.FR,20,0,
Perry County,US.KY.PR,19,0,
Grundy County,US.IA.GN,19,0,
Drew County,US.AR.DR,19,1,
Desha County,US.AR.DE,19,0,
Kalkaska County,US.MI.KK,19,2,
Moody County,US.SD.MO,19,0,
Hughes County,US.SD.HG,19,0,
Vinton County,US.OH.VI,19,2,
Montgomery County,US.KS.MG,19,2,
Logan County,US.OK.LG,19,1,
Inyo County,US.CA.IN,19,1,
Douglas County,US.WI.DG,19,0,
Ashley County,US.AR.AS,19,0,
Ashland County,US.OH.AL,19,0,
New Madrid County,US.MO.NW,19,1,
Spencer County,US.IN.SP,19,1,
Rabun County,US.GA.RB,19,1,
Lyon County,US.IA.LY,19,0,
Spencer County,US.KY.SP,19,0,
Henry County,US.KY.HY,19,0,
Macon County,US.NC.MN,19,0,
Asotin County,US.WA.AS,19,2,
Switzerland County,US.IN.SW,19,0,
Harrison County,US.IA.HR,19,0,
McDonald County,US.MO.MA,19,0,
Menard County,US.IL.MN,19,0,
Ray County,US.MO.RY,19,0,
Carter County,US.TN.CT,19,1,
Jefferson County,US.IA.JE,19,0,
Mille Lacs County,US.MN.MI,19,1,
Jenkins County,US.GA.JK,19,1,
Otero County,US.CO.OT,18,1,
Hamilton County,US.KS.HM,18,0,
Pulaski County,US.VA.PU,18,0,
Warren County,US.GA.WR,18,0,
Gladwin County,US.MI.GL,18,1,
Otero County,US.NM.OT,18,2,
Morgan County,US.WV.MA,18,0,
Jackson County,US.TX.JA,18,1,
Haskell County,US.KS.HS,18,0,
Grant County,US.AR.GN,18,0,
Athens County,US.OH.AS,18,1,
Cleveland County,US.AR.CV,18,0,
Clinton County,US.MO.CO,18,0,
Perry County,US.OH.PE,18,1,
Polk County,US.WI.PL,18,1,
Mason County,US.IL.MS,18,0,
Fountain County,US.IN.FO,18,2,
Lee County,US.AR.LE,18,1,
Washington County,US.IL.WG,18,0,
Stutsman County,US.ND.SU,18,0,
Clare County,US.MI.CE,18,2,
Patrick County,US.VA.PK,18,0,
Holmes County,US.FL.HO,18,0,
Floyd County,US.IA.FL,18,1,
Wayne County,US.GA.WY,18,0,
Hansford County,US.TX.HF,18,2,
Harrison County,US.KY.HS,18,0,
Woodford County,US.IL.WO,18,2,
Johnson County,US.WY.JO,18,1,
Dare County,US.NC.DE,18,1,
Howard County,US.AR.HW,18,0,
Buchanan County,US.VA.BH,18,0,
Bradley County,US.AR.BR,18,1,
Sullivan County,US.NH.SU,17,0,
Parke County,US.IN.PA,17,0,
Morgan County,US.TN.MG,17,0,
Campbell County,US.TN.CM,17,1,
Cascade County,US.MT.CS,17,2,
Wabasha County,US.MN.WB,17,0,
Delta County,US.MI.DE,17,2,
Jackson County,US.TN.JA,17,0,
DeWitt County,US.TX.DE,17,1,
Swift County,US.MN.SW,17,0,
Crawford County,US.AR.CW,17,0,
Swisher County,US.TX.SW,17,0,
Pennington County,US.MN.PI,17,0,
Cannon County,US.TN.CN,17,0,
Lewis and Clark County,US.MT.LE,17,0,
Breckinridge County,US.KY.BC,17,2,
Grant County,US.KS.GT,17,0,
Fillmore County,US.MN.FI,17,0,
Alleghany County,US.VA.AL,17,2,
Webster County,US.MO.WE,17,0,
Pocahontas County,US.WV.PO,17,0,
Kerr County,US.TX.KR,17,0,
Pike County,US.MO.PI,17,1,
Gem County,US.ID.GE,17,0,
Logan County,US.WV.LO,17,1,
Todd County,US.KY.TO,17,0,
Hancock County,US.WV.HN,17,0,
Sac County,US.IA.SA,17,0,
Mills County,US.IA.ML,16,0,
Tioga County,US.PA.TI,16,2,
Columbia County,US.OR.CL,16,0,
Johnson County,US.TN.JO,16,0,
Floyd County,US.KY.FO,16,0,
Ketchikan Gateway Borough,US.AK.KG,16,0,
McKenzie County,US.ND.MK,16,0,
Garvin County,US.OK.GV,16,1,
Crockett County,US.TN.CK,16,2,
Clear Creek County,US.CO.CL,16,1,
Taylor County,US.FL.TA,16,0,
Missaukee County,US.MI.MU,16,1,
Mercer County,US.IL.ME,16,0,
Raleigh County,US.WV.RL,16,0,
Sheridan County,US.WY.SH,16,0,
Izard County,US.AR.IZ,16,0,
Posey County,US.IN.PS,16,0,
Geary County,US.KS.GE,16,0,
Nelson County,US.VA.NL,16,0,
Anderson County,US.KY.AN,16,1,
Shelby County,US.IL.SB,16,1,
Grays Harbor County,US.WA.GY,16,0,
Rockbridge County,US.VA.RB,16,0,
Schley County,US.GA.SY,16,1,
Chowan County,US.NC.CW,16,0,
Whitman County,US.WA.WI,16,0,
Newton County,US.MO.NT,16,1,
Kleberg County,US.TX.KL,16,1,
Roane County,US.TN.RA,16,0,
Campbell County,US.VA.CM,16,1,
Hardin County,US.IA.HD,16,0,
Lamb County,US.TX.LB,16,0,
Marion County,US.TX.MN,16,1,
Erath County,US.TX.ER,16,1,
Mariposa County,US.CA.MP,16,1,
Monroe County,US.WI.MO,16,1,
Carbon County,US.WY.CB,16,1,
Green Lake County,US.WI.GL,16,0,
Monroe County,US.KY.MO,16,0,
Dickinson County,US.IA.DI,16,0,
Lincoln County,US.GA.LC,16,0,
Hancock County,US.IL.HC,16,0,
Perry County,US.TN.PE,16,0,
Charles Mix County,US.SD.CH,16,0,
Charlevoix County,US.MI.CV,15,1,
Craig County,US.OK.CG,15,0,
Sequatchie County,US.TN.SQ,15,0,
Henry County,US.OH.HE,15,0,
McIntosh County,US.GA.MH,15,0,
Smyth County,US.VA.SM,15,0,
Grant County,US.NM.GR,15,0,
Clay County,US.SD.CY,15,0,
Jackson County,US.WI.JA,15,1,
Sibley County,US.MN.SI,15,0,
Hancock County,US.IA.HN,15,0,
Chicot County,US.AR.CT,15,0,
Mason County,US.WV.MN,15,0,
Wheeler County,US.TX.WL,15,0,
Lincoln County,US.WY.LI,15,0,
Fulton County,US.PA.FU,15,1,
Love County,US.OK.LV,15,0,
Watauga County,US.NC.WT,15,0,
Scioto County,US.OH.SC,15,0,
Polk County,US.TN.PO,15,0,
Long County,US.GA.LG,15,1,
Bureau County,US.IL.BU,15,1,
Delaware County,US.IA.DA,15,0,
Twiggs County,US.GA.TG,15,0,
Brookings County,US.SD.BK,15,0,
Gallatin County,US.KY.GL,15,0,
Butler County,US.IA.BE,15,0,
Humboldt County,US.IA.HU,15,0,
Caledonia County,US.VT.CA,15,0,
Calaveras County,US.CA.CA,15,0,
Alcona County,US.MI.AC,14,1,
Carroll County,US.IL.CL,14,2,
Brown County,US.MN.BR,14,2,
Iowa County,US.WI.IO,14,0,
Ida County,US.IA.ID,14,0,
Willacy County,US.TX.WY,14,1,
Alleghany County,US.NC.AL,14,0,
Alcorn County,US.MS.AL,14,1,
Keokuk County,US.IA.KE,14,0,
Val Verde County,US.TX.VL,14,0,
Greenup County,US.KY.GU,14,0,
Rio Grande County,US.CO.RG,14,0,
Richland County,US.WI.RI,14,4,
Wayne County,US.NE.WY,14,0,
Lyon County,US.KY.LY,14,3,
Beltrami County,US.MN.BT,14,0,
San Juan County,US.WA.SA,14,0,
San Jacinto County,US.TX.SJ,14,0,
Conway County,US.AR.CN,14,1,
Le Flore County,US.OK.LE,14,1,
Bailey County,US.TX.BY,14,0,
Barron County,US.WI.BR,14,0,
Sequoyah County,US.OK.SQ,14,3,
Glenn County,US.CA.GL,14,0,
Middlesex County,US.VA.MI,14,0,
Henderson County,US.TN.HS,14,0,
Perry County,US.AR.PY,14,0,
Nemaha County,US.KS.NM,14,0,
Hempstead County,US.AR.HE,14,1,
Benton County,US.MS.BE,14,0,
San Miguel County,US.NM.SM,14,0,
Gibson County,US.IN.GI,14,2,
Candler County,US.GA.CR,13,0,
Paulding County,US.OH.PA,13,0,
Rappahannock County,US.VA.RP,13,0,
Terry County,US.TX.TE,13,0,
Adams County,US.IN.AD,13,1,
Ravalli County,US.MT.RA,13,0,
Prowers County,US.CO.PR,13,0,
Appanoose County,US.IA.AP,13,3,
Taney County,US.MO.TA,13,2,
Trinity County,US.TX.TR,13,0,
Rockcastle County,US.KY.RC,13,0,
Clay County,US.IA.CY,13,0,
Scott County,US.KS.SC,13,0,
Wheeler County,US.GA.WL,13,0,
Cleburne County,US.AL.CB,13,1,
Mercer County,US.WV.MR,13,0,
Fayette County,US.AL.FA,13,0,
Faribault County,US.MN.FA,13,0,
Hood River County,US.OR.HO,13,0,
Jackson County,US.OH.JA,13,0,
Currituck County,US.NC.CI,13,0,
Cooke County,US.TX.OO,13,0,
Gosper County,US.NE.GO,13,0,
McCreary County,US.KY.MR,13,0,
Ohio County,US.IN.OH,13,0,
Custer County,US.OK.CU,13,0,
Mercer County,US.KY.MC,13,0,
Davison County,US.SD.DV,13,0,
Harvey County,US.KS.HV,13,2,
Nantucket County,US.MA.NA,13,1,
Lyman County,US.SD.LY,13,0,
Day County,US.SD.DY,13,0,
Greene County,US.IA.GE,13,0,
Whitley County,US.KY.WH,13,0,
Humphreys County,US.TN.HU,13,1,
Walsh County,US.ND.WL,13,0,
Franklin County,US.TX.FK,13,0,
Bond County,US.IL.BN,12,1,
Sanborn County,US.SD.SA,12,0,
Polk County,US.AR.PL,12,0,
Emmet County,US.IA.EM,12,0,
Hot Springs County,US.WY.HO,12,0,
Fentress County,US.TN.FE,12,0,
Howard County,US.IA.HO,12,0,
Buena Vista city,US.VA.BE,12,0,
Uinta County,US.WY.UI,12,0,
Caldwell County,US.KY.CD,12,0,
Phillips County,US.CO.PH,12,0,
Phillips County,US.AR.PH,12,1,
Schuyler County,US.IL.SU,12,0,
Franklin County,US.IL.FR,12,0,
Doniphan County,US.KS.DP,12,0,
McNairy County,US.TN.MA,12,0,
Giles County,US.TN.GL,12,0,
Antrim County,US.MI.AN,12,0,
Transylvania County,US.NC.TR,12,0,
Big Horn County,US.MT.BI,12,0,
McKean County,US.PA.MC,12,1,
Quitman County,US.GA.QU,12,1,
Audubon County,US.IA.AU,12,1,
Warren County,US.IN.WN,12,1,
Baca County,US.CO.BA,12,0,
Chester County,US.TN.CS,12,0,
Yancey County,US.NC.YN,12,0,
Gilchrist County,US.FL.GI,12,0,
Lavaca County,US.TX.LA,11,1,
Morrill County,US.NE.MO,11,0,
Hardin County,US.TN.HI,11,2,
Stevens County,US.WA.ST,11,1,
Morgan County,US.UT.MN,11,0,
Silver Bow County,US.MT.SI,11,0,
Webster County,US.GA.WT,11,1,
Kanabec County,US.MN.KA,11,1,
Stewart County,US.TN.SA,11,0,
Hancock County,US.ME.HA,11,1,
Zavala County,US.TX.ZV,11,0,
Dunn County,US.ND.DU,11,0,
Grant County,US.WV.GA,11,0,
Scott County,US.TN.SC,11,0,
Pontotoc County,US.OK.PN,11,2,
Traill County,US.ND.TR,11,0,
Hartley County,US.TX.HL,11,2,
Grant County,US.SD.GA,11,0,
Piatt County,US.IL.PA,11,0,
Kearney County,US.NE.KA,11,0,
McIntosh County,US.OK.MI,11,1,
Teton County,US.ID.TE,11,0,
Wright County,US.MO.WG,11,0,
Presque Isle County,US.MI.PR,11,0,
Bracken County,US.KY.BK,11,0,
Fulton County,US.IL.FU,11,0,
Wexford County,US.MI.WE,11,3,
Lunenburg County,US.VA.LN,11,0,
Portage County,US.WI.PT,11,0,
Morrow County,US.OR.MO,11,0,
Kingfisher County,US.OK.KN,11,0,
Manistee County,US.MI.ME,11,0,
Clark County,US.IL.CK,11,0,
Schuyler County,US.NY.SU,11,0,
Palo Pinto County,US.TX.PO,11,2,
Page County,US.IA.PG,11,0,
Crawford County,US.IL.CW,11,0,
Jackson County,US.IA.JC,11,0,
Cass County,US.IA.CS,11,0,
Winnebago County,US.IA.WB,11,0,
Osceola County,US.MI.OE,11,0,
Wilkin County,US.MN.WL,11,3,
Tyler County,US.TX.TY,11,0,
Leelanau County,US.MI.LE,11,0,
Cass County,US.MN.CS,11,2,
Norman County,US.MN.NR,11,0,
Taylor County,US.KY.TA,11,0,
Carbon County,US.UT.CR,11,0,
Leon County,US.TX.LN,10,0,
Amador County,US.CA.AM,10,0,
Orleans County,US.VT.OL,10,0,
Harrison County,US.OH.HR,10,0,
Trigg County,US.KY.TG,10,0,
Buffalo County,US.SD.BF,10,0,
Grand County,US.CO.GR,10,0,
Cumberland County,US.IL.CU,10,0,
Washington County,US.MO.WS,10,1,
Wood County,US.WI.WO,10,1,
Ouachita County,US.AR.OU,10,0,
Knox County,US.NE.KN,10,0,
Menifee County,US.KY.ME,10,0,
Lincoln County,US.OR.LC,10,0,
Franklin County,US.IA.FN,10,0,
Union County,US.KY.UN,10,0,
Stanley County,US.SD.ST,10,0,
Polk County,US.NE.PO,10,0,
Pipestone County,US.MN.PS,10,0,
Henry County,US.MO.HE,10,3,
Pocahontas County,US.IA.PC,10,0,
Gilmer County,US.WV.GI,10,0,
Swain County,US.NC.SW,10,0,
Juab County,US.UT.JU,10,0,
Meade County,US.SD.MD,10,0,
Pendleton County,US.WV.PE,10,0,
Lancaster County,US.VA.LA,10,0,
Moultrie County,US.IL.MI,10,0,
Calhoun County,US.SC.CH,10,1,
Vermillion County,US.IN.VE,10,0,
Bourbon County,US.KY.BU,10,1,
Logan County,US.IL.LO,10,0,
Tensas Parish,US.LA.TN,10,0,
Carroll County,US.KY.CL,10,0,
King and Queen County,US.VA.KA,10,1,
Ballard County,US.KY.BA,10,0,
Freestone County,US.TX.FE,10,0,
Benton County,US.MO.BN,10,0,
Garrett County,US.MD.GA,10,0,
Brown County,US.IL.BR,10,0,
Cherokee County,US.KS.CK,9,0,
Randolph County,US.MO.RN,9,0,
Ste. Genevieve County,US.MO.SG,9,1,
Surry County,US.VA.SR,9,1,
Cooper County,US.MO.CP,9,0,
Grand County,US.UT.GR,9,0,
Cedar County,US.MO.CD,9,0,
Lee County,US.VA.LE,9,0,
Wayne County,US.IL.WY,9,1,
Vernon County,US.MO.VE,9,0,
Jim Wells County,US.TX.JW,9,0,
Comanche County,US.TX.CE,9,1,
Baxter County,US.AR.BA,9,0,
Nodaway County,US.MO.NO,9,0,
Stanton County,US.KS.ST,9,0,
Bee County,US.TX.BE,9,0,
Mitchell County,US.NC.MI,9,0,
Ellis County,US.KS.EL,9,0,
Harrison County,US.MO.HS,9,0,
Marshall County,US.MN.MS,9,0,
Boone County,US.WV.BN,9,0,
Greenbrier County,US.WV.GE,9,0,
Carter County,US.KY.CR,9,0,
Van Buren County,US.IA.VA,9,0,
Lafayette County,US.AR.LF,9,1,
Greene County,US.MS.GE,9,1,
Martin County,US.IN.MN,9,0,
Carroll County,US.IA.CL,9,0,
Callahan County,US.TX.AL,9,1,
Cheyenne County,US.NE.CY,9,0,
Live Oak County,US.TX.LK,9,0,
Morgan County,US.MO.MG,9,0,
Lawrence County,US.SD.LW,9,0,
Roane County,US.WV.RO,9,0,
Montgomery County,US.GA.MM,9,0,
Montgomery County,US.MO.MM,9,0,
Montague County,US.TX.MU,9,1,
Uintah County,US.UT.UN,9,0,
Oneida County,US.WI.ON,9,0,
Pacific County,US.WA.PA,9,1,
Kossuth County,US.IA.KO,9,0,
Claiborne County,US.TN.CI,9,0,
Pamlico County,US.NC.PM,9,0,
Mason County,US.KY.MS,9,0,
Union County,US.IN.UN,8,0,
Archuleta County,US.CO.AC,8,0,
Venango County,US.PA.VE,8,0,
Ransom County,US.ND.RN,8,0,
Henderson County,US.IL.HD,8,0,
Adams County,US.OH.AD,8,1,
Menominee County,US.MI.MM,8,0,
Treutlen County,US.GA.TE,8,0,
Lampasas County,US.TX.LP,8,0,
Chickasaw County,US.IA.CC,8,0,
Adair County,US.IA.AI,8,0,
Wayne County,US.KY.WY,8,0,
Aroostook County,US.ME.AR,8,1,
Madison County,US.TX.AD,8,0,
Orange County,US.VT.OA,8,0,
Madison County,US.MT.MA,8,1,
Zapata County,US.TX.ZP,8,0,
Mackinac County,US.MI.MK,8,0,
Alexander County,US.IL.AL,8,0,
Antelope County,US.NE.AN,8,0,
McCormick County,US.SC.MC,8,1,
Knox County,US.KY.KX,8,0,
Ramsey County,US.ND.RM,8,1,
Marshall County,US.OK.MH,8,0,
Lincoln County,US.KY.LN,8,1,
Barbour County,US.WV.BB,8,1,
Stone County,US.AR.ST,8,0,
Linn County,US.KS.LN,8,0,
Burt County,US.NE.BT,8,0,
Sawyer County,US.WI.SW,8,0,
Carroll County,US.MO.CL,8,0,
Pope County,US.MN.PE,8,0,
Ouray County,US.CO.OU,8,1,
Blanco County,US.TX.BC,8,0,
Lucas County,US.IA.LU,8,0,
Bon Homme County,US.SD.BH,8,0,
Owyhee County,US.ID.OW,8,0,
Lafayette County,US.FL.LF,8,0,
Kimball County,US.NE.KB,8,0,
Sevier County,US.UT.SE,8,0,
Bourbon County,US.KS.BB,8,1,
Floyd County,US.TX.FY,8,0,
Barry County,US.MO.BR,8,0,
Park County,US.MT.PA,8,0,
Russell County,US.VA.RU,8,0,
Wadena County,US.MN.WD,8,0,
Crawford County,US.MO.CF,8,0,
Livingston County,US.KY.LV,8,0,
Duchesne County,US.UT.DU,8,0,
Furnas County,US.NE.FU,8,0,
Wetzel County,US.WV.WT,8,0,
Waushara County,US.WI.WS,8,0,
Taylor County,US.WV.TA,8,0,
Bath County,US.KY.BH,8,1,
Pendleton County,US.KY.PN,8,0,
Hancock County,US.KY.HC,7,0,
Scott County,US.VA.SC,7,2,
Adams County,US.IA.AM,7,0,
Emery County,US.UT.EM,7,0,
Marion County,US.KS.MN,7,1,
Hamilton County,US.TX.HM,7,1,
Monroe County,US.WV.ME,7,0,
Latah County,US.ID.LA,7,0,
Reeves County,US.TX.RE,7,0,
Saline County,US.IL.SE,7,0,
Lewis County,US.MO.LE,7,1,
Ripley County,US.MO.RI,7,0,
Tazewell County,US.VA.TA,7,0,
Lewis County,US.KY.LI,7,0,
Howard County,US.TX.HW,7,1,
Sharkey County,US.MS.SH,7,0,
Churchill County,US.NV.CH,7,1,
Sanpete County,US.UT.SP,7,0,
Lexington city,US.VA.LX,7,0,
Lincoln County,US.WI.LI,7,0,
Houston County,US.TN.HO,7,0,
Robertson County,US.TX.RO,7,0,
Lawrence County,US.MO.LW,7,0,
Aitkin County,US.MN.AI,7,0,
Noble County,US.OK.NB,7,0,
Massac County,US.IL.MA,7,0,
McLean County,US.ND.ML,7,0,
Searcy County,US.AR.SA,7,0,
Bates County,US.MO.BS,7,1,
Gallia County,US.OH.GA,7,1,
Miami County,US.KS.MI,7,0,
Gaines County,US.TX.GS,7,0,
Roosevelt County,US.MT.RO,7,0,
Lincoln County,US.MT.LN,7,1,
Fulton County,US.AR.FU,7,0,
Nicholas County,US.WV.NI,7,1,
Benewah County,US.ID.BA,7,0,
Cedar County,US.NE.CA,7,0,
Rooks County,US.KS.RO,7,0,
Luna County,US.NM.LU,7,1,
Benton County,US.TN.BN,7,1,
Clay County,US.KY.CY,7,0,
Larue County,US.KY.LR,7,0,
Poquoson city,US.VA.PQ,7,0,
Osage County,US.KS.OS,7,0,
Goliad County,US.TX.GI,7,0,
Upshur County,US.WV.UP,7,0,
Johnson County,US.IL.JH,7,0,
Koochiching County,US.MN.KO,7,0,
Grand Isle County,US.VT.GR,7,0,
Jefferson County,US.ID.JF,7,0,
Jefferson County,US.PA.JE,7,0,
Rowan County,US.KY.RW,7,0,
Moffat County,US.CO.MF,7,0,
Forest County,US.PA.FO,7,0,
Lake County,US.SD.LK,7,0,
Siskiyou County,US.CA.SK,6,0,
Tillamook County,US.OR.TI,6,0,
Sumner County,US.KS.SU,6,1,
Union County,US.IA.UN,6,0,
Uvalde County,US.TX.UV,6,0,
Sabine County,US.TX.SB,6,0,
Sherman County,US.KS.SH,6,0,
Union County,US.OR.UN,6,0,
Tripp County,US.SD.TR,6,0,
Jefferson County,US.NE.JE,6,0,
Washington County,US.KY.WS,6,0,
Linn County,US.MO.LN,6,1,
Vilas County,US.WI.VI,6,0,
Pike County,US.OH.PK,6,0,
Pike County,US.IN.PI,6,0,
Little River County,US.AR.LT,6,0,
Montgomery County,US.IA.MG,6,0,
Carbon County,US.MT.CB,6,0,
Carson County,US.TX.CN,6,0,
Los Alamos County,US.NM.LO,6,0,
Pembina County,US.ND.PE,6,0,
Chariton County,US.MO.CI,6,0,
Lynn County,US.TX.LY,6,1,
Madison County,US.AR.MD,6,0,
Franklin County,US.NE.FA,6,0,
Otoe County,US.NE.OT,6,0,
Clay County,US.TN.CY,6,0,
Major County,US.OK.MJ,6,1,
Falls County,US.TX.FL,6,0,
Elk County,US.PA.EL,6,0,
Effingham County,US.IL.EF,6,1,
McDowell County,US.WV.MC,6,0,
Meigs County,US.OH.MS,6,0,
Eastland County,US.TX.EA,6,0,
Millard County,US.UT.MD,6,0,
Crawford County,US.KS.CR,6,1,
Wilbarger County,US.TX.WG,6,0,
Crook County,US.OR.CR,6,0,
Curry County,US.OR.CU,6,0,
Mingo County,US.WV.MO,6,1,
DeKalb County,US.MO.DE,6,0,
Glacier County,US.MT.GC,6,0,
Woodson County,US.KS.WO,6,0,
Van Wert County,US.OH.VA,6,0,
Bosque County,US.TX.BQ,6,0,
Bingham County,US.ID.BG,6,0,
Haskell County,US.OK.HS,6,0,
Blaine County,US.OK.BL,6,0,
Howell County,US.MO.HW,6,0,
Lake County,US.MT.LA,6,0,
Bollinger County,US.MO.BI,6,0,
Radford city,US.VA.RD,6,0,
Beckham County,US.OK.BC,6,0,
Yellow Medicine County,US.MN.YE,6,0,
Leslie County,US.KY.LS,6,0,
Boone County,US.AR.BO,6,0,
Johnson County,US.NE.JO,6,0,
Lewis County,US.WV.LE,6,1,
Grainger County,US.TN.GA,6,0,
Brown County,US.KS.BR,6,0,
Bandera County,US.TX.BA,6,0,
Kiowa County,US.OK.KO,6,0,
Lake County,US.MI.LK,5,0,
Las Animas County,US.CO.LS,5,0,
Edwards County,US.KS.ED,5,0,
Monroe County,US.AR.ME,5,0,
Johnson County,US.KY.JO,5,0,
Mercer County,US.ND.ME,5,0,
Dickinson County,US.MI.DI,5,2,
Duval County,US.TX.DU,5,0,
Walworth County,US.SD.WA,5,0,
Lassen County,US.CA.LS,5,0,
Matthews County,US.VA.MT,5,0,
Lincoln County,US.WV.LI,5,0,
Marshall County,US.IL.MH,5,0,
Greene County,US.IL.GE,5,0,
Goshen County,US.WY.GO,5,0,
Webster County,US.NE.WE,5,0,
Gillespie County,US.TX.GL,5,0,
Giles County,US.VA.GI,5,0,
Lincoln County,US.MN.LI,5,0,
Garza County,US.TX.GR,5,0,
Garrard County,US.KY.GR,5,0,
Fulton County,US.KY.FU,5,0,
Evans County,US.GA.EV,5,0,
Hamilton County,US.NY.HA,5,1,
Latimer County,US.OK.LA,5,1,
Floyd County,US.VA.FO,5,0,
Fillmore County,US.NE.FI,5,0,
Mahnomen County,US.MN.MH,5,1,
Gogebic County,US.MI.GO,5,1,
Marion County,US.MO.MO,5,0,
Decatur County,US.TN.DC,5,0,
Hickman County,US.KY.HA,5,0,
Montmorency County,US.MI.MR,5,0,
Pike County,US.AR.PE,5,0,
Colfax County,US.NM.CO,5,0,
Osage County,US.MO.OS,5,0,
Oscoda County,US.MI.OO,5,1,
Clay County,US.NC.CY,5,0,
Clay County,US.KS.CY,5,1,
Cheyenne County,US.CO.CE,5,0,
Carlisle County,US.KY.CE,5,1,
Pierce County,US.NE.PI,5,0,
Rusk County,US.WI.RU,5,0,
Colusa County,US.CA.CL,5,0,
Caldwell County,US.MO.CW,5,0,
Burke County,US.ND.BK,5,0,
Buffalo County,US.WI.BF,5,1,
Rolette County,US.ND.RO,5,0,
Red Willow County,US.NE.RE,5,0,
Big Horn County,US.WY.BI,5,0,
Renville County,US.MN.RN,5,0,
Aransas County,US.TX.AA,5,0,
Collingsworth County,US.TX.CG,5,0,
Carter County,US.MO.CR,5,1,
Crook County,US.WY.CK,5,0,
Crittenden County,US.KY.CT,5,1,
Morris County,US.KS.MR,5,0,
Morgan County,US.OH.MA,5,0,
Cumberland County,US.KY.CU,5,0,
Craig County,US.VA.CG,5,0,
Nevada County,US.AR.NV,5,0,
Noble County,US.OH.NO,5,0,
Costilla County,US.CO.CS,5,0,
Coos County,US.NH.CO,5,0,
Cotton County,US.OK.CT,5,2,
Big Stone County,US.MN.BI,4,0,
Bonner County,US.ID.BR,4,0,
Boone County,US.NE.BO,4,0,
Hamlin County,US.SD.HM,4,0,
Greenlee County,US.AZ.GE,4,0,
Tucker County,US.WV.TU,4,0,
Houghton County,US.MI.HO,4,0,
De Witt County,US.IL.DW,4,0,
Sherman County,US.NE.SM,4,0,
Unicoi County,US.TN.UC,4,0,
Hutchinson County,US.SD.HT,4,0,
Jack County,US.TX.JK,4,0,
Benzie County,US.MI.BE,4,0,
Barnes County,US.ND.BA,4,0,
Jewell County,US.KS.JW,4,0,
Jim Hogg County,US.TX.JG,4,0,
Karnes County,US.TX.KS,4,0,
Young County,US.TX.YU,4,1,
Adams County,US.WI.AD,4,1,
Bristol city,US.VA.BI,4,0,
Stephens County,US.TX.SE,4,0,
Broadwater County,US.MT.BR,4,0,
Brooke County,US.WV.BO,4,0,
Corson County,US.SD.CO,4,0,
Fall River County,US.SD.FL,4,0,
Wirt County,US.WV.WI,4,0,
Cloud County,US.KS.CD,4,0,
Tyrrell County,US.NC.TY,4,0,
Cottle County,US.TX.OT,4,1,
Franklin County,US.AR.FR,4,0,
Clay County,US.AR.CY,4,0,
Clark County,US.SD.CK,4,0,
Fremont County,US.IA.FO,4,0,
Eddy County,US.ND.ED,4,0,
Chautauqua County,US.KS.CQ,4,0,
Deer Lodge County,US.MT.DE,4,0,
Spink County,US.SD.SP,4,0,
Tehama County,US.CA.TE,4,1,
Woodward County,US.OK.WW,4,0,
Cowley County,US.KS.CL,4,1,
Tuolumne County,US.CA.TO,4,0,
Stone County,US.MO.SE,4,0,
Emmons County,US.ND.EM,4,1,
Worth County,US.MO.WO,4,0,
Daviess County,US.MO.DV,4,0,
Trimble County,US.KY.TM,4,0,
Schoolcraft County,US.MI.SR,4,0,
Mineral County,US.NV.MI,4,0,
Miller County,US.MO.ML,4,0,
Metcalfe County,US.KY.MT,4,0,
Wahkiakum County,US.WA.WH,4,0,
La Salle County,US.TX.LS,4,0,
Rice County,US.KS.RC,4,0,
Newton County,US.TX.NE,4,0,
Lawrence County,US.IL.LW,4,0,
Republic County,US.KS.RP,4,0,
McCook County,US.SD.MC,4,1,
Van Buren County,US.TN.VA,4,0,
Plumas County,US.CA.PU,4,0,
Union County,US.TN.UO,4,0,
Redwood County,US.MN.RW,4,0,
Potter County,US.PA.PO,4,0,
Quay County,US.NM.QU,4,1,
Scotland County,US.MO.SO,4,0,
Murray County,US.OK.MR,4,0,
Ottawa County,US.KS.OT,4,0,
Pleasants County,US.WV.PL,4,0,
Logan County,US.AR.LG,4,0,
Mitchell County,US.IA.ME,4,0,
Knott County,US.KY.KT,4,0,
Petersburg Census Area,US.AK.PB,4,1,
Morton County,US.KS.MT,4,0,
Nance County,US.NE.NA,4,0,
Ringgold County,US.IA.RI,4,0,
Phelps County,US.MO.PH,4,0,
Stark County,US.IL.SA,3,0,
Marquette County,US.WI.MQ,3,1,
Nicholas County,US.KY.NI,3,0,
Power County,US.ID.PO,3,0,
Pend Oreille County,US.WA.PE,3,0,
Breathitt County,US.KY.BT,3,0,
Nome Census Area,US.AK.NM,3,0,
Worth County,US.IA.WT,3,0,
Madison County,US.MO.MD,3,0,
Sargent County,US.ND.SG,3,0,
Macon County,US.MO.MN,3,0,
Winkler County,US.TX.WI,3,0,
Fremont County,US.ID.FE,3,0,
Luce County,US.MI.LU,3,0,
Warren County,US.PA.WR,3,0,
Cameron Parish,US.LA.CM,3,0,
Dickinson County,US.KS.DK,3,0,
Essex County,US.VT.ES,3,0,
Newton County,US.AR.NW,3,0,
Douglas County,US.SD.DO,3,0,
Pickett County,US.TN.PI,3,0,
Mitchell County,US.KS.MC,3,0,
Tyler County,US.WV.TY,3,0,
Menominee County,US.WI.MN,3,0,
Sublette County,US.WY.SU,3,0,
Pierce County,US.ND.PI,3,0,
Nemaha County,US.NE.NE,3,0,
Garfield County,US.UT.GA,3,0,
Woods County,US.OK.WS,3,0,
McCulloch County,US.TX.MC,3,0,
Moore County,US.TN.MO,3,0,
Dallas County,US.MO.DL,3,0,
Martin County,US.TX.MT,3,1,
White Pine County,US.NV.WH,3,0,
Camden County,US.NC.CD,3,0,
Martin County,US.KY.MI,3,0,
Covington city,US.VA.CV,3,0,
Crosby County,US.TX.CB,3,1,
Clearwater County,US.MN.CE,3,0,
Lac Qui Parle County,US.MN.LC,3,0,
Clinton County,US.KY.CO,3,0,
Llano County,US.TX.LL,3,0,
Bayfield County,US.WI.BY,3,1,
Yoakum County,US.TX.YA,3,0,
Palo Alto County,US.IA.PO,3,0,
Valley County,US.NE.VA,3,0,
Clay County,US.TX.CY,3,0,
Hinsdale County,US.CO.HI,3,0,
Atchison County,US.MO.AT,3,0,
Adams County,US.ID.AM,3,0,
Howard County,US.MO.HR,3,0,
Lane County,US.KS.LE,3,0,
Arkansas County,US.AR.AR,3,0,
Huerfano County,US.CO.HU,3,0,
Traverse County,US.MN.TR,3,0,
Idaho County,US.ID.ID,3,0,
Richland County,US.IL.RI,3,0,
Richland County,US.MT.RI,3,0,
Laclede County,US.MO.LD,3,0,
Jackson County,US.SD.JA,3,0,
Jefferson County,US.MT.JE,3,0,
Greenwood County,US.KS.GW,3,0,
Letcher County,US.KY.LT,3,0,
Lewis County,US.TN.LE,3,0,
Wells County,US.ND.WE,3,0,
Union County,US.NM.UN,3,0,
Southeast Fairbanks Census Area,US.AK.SO,3,0,
Okfuskee County,US.OK.OF,3,0,
Livingston County,US.MO.LV,3,0,
Gilpin County,US.CO.GI,3,0,
Kane County,US.UT.KA,3,0,
Coleman County,US.TX.CM,3,0,
Golden Valley County,US.MT.GO,3,0,
Oldham County,US.TX.OL,3,1,
Chase County,US.KS.CS,3,0,
Bethel Census Area,US.AK.BE,3,0,
Grant County,US.MN.GR,3,0,
Rains County,US.TX.RI,3,0,
Johnston County,US.OK.JO,3,0,
Ralls County,US.MO.RL,3,0,
Red Lake County,US.MN.RD,3,0,
Slope County,US.ND.SL,3,0,
Skamania County,US.WA.SM,3,0,
Lincoln County,US.CO.LI,3,0,
Refugio County,US.TX.RF,3,0,
Jefferson County,US.OK.JE,3,0,
Park County,US.WY.PA,2,0,
Childress County,US.TX.CD,2,0,
Cheyenne County,US.KS.CN,2,0,
Wabash County,US.IL.WB,2,0,
Casey County,US.KY.CS,2,0,
Catron County,US.NM.CA,2,1,
Keith County,US.NE.KT,2,0,
Braxton County,US.WV.BX,2,0,
Cameron County,US.PA.CE,2,0,
Phillips County,US.KS.PL,2,0,
Alpine County,US.CA.AP,2,0,
Armstrong County,US.TX.AM,2,0,
Ashland County,US.WI.AS,2,0,
Atoka County,US.OK.AT,2,0,
Avery County,US.NC.AV,2,0,
Valley County,US.ID.VA,2,0,
Reynolds County,US.MO.RE,2,0,
Bent County,US.CO.BE,2,0,
Pushmataha County,US.OK.PU,2,0,
Prince of Wales-Hyder Census Area,US.AK.PH,2,0,
Wyoming County,US.WV.WY,2,0,
Price County,US.WI.PC,2,0,
Bottineau County,US.ND.BT,2,0,
Box Butte County,US.NE.BX,2,0,
Owsley County,US.KY.OS,2,0,
Roseau County,US.MN.RS,2,0,
Prairie County,US.AR.PR,2,0,
Pondera County,US.MT.PN,2,0,
Polk County,US.MO.PO,2,0,
Runnels County,US.TX.RN,2,0,
Piute County,US.UT.PT,2,0,
Calhoun County,US.IA.CO,2,0,
Calhoun County,US.WV.CH,2,0,
Chippewa County,US.MI.CP,2,0,
Montgomery County,US.AR.MT,2,0,
Franklin County,US.FL.FR,2,0,
Hamilton County,US.IL.HM,2,0,
Gallatin County,US.IL.GA,2,0,
Gasconade County,US.MO.GA,2,0,
Lipscomb County,US.TX.LM,2,0,
Lincoln County,US.WA.LI,2,0,
Graham County,US.NC.GH,2,0,
Lincoln County,US.NV.LI,2,0,
Grant County,US.ND.GT,2,0,
Lincoln County,US.NM.LI,2,0,
Grant County,US.OK.GN,2,0,
Smith County,US.KS.SM,2,0,
Greeley County,US.NE.GE,2,0,
Sitka City and Borough,US.AK.SI,2,0,
Grundy County,US.MO.GU,2,0,
Hall County,US.TX.HA,2,0,
Lawrence County,US.KY.LC,2,0,
Madison County,US.NC.MD,2,0,
Hand County,US.SD.HD,2,0,
Harper County,US.KS.HP,2,0,
Scurry County,US.TX.SU,2,0,
Haskell County,US.TX.HK,2,0,
Highland County,US.VA.HA,2,0,
Langlade County,US.WI.LN,2,0,
Houston County,US.MN.HO,2,0,
Sheridan County,US.KS.SD,2,0,
Washita County,US.OK.WT,2,0,
Washburn County,US.WI.WR,2,0,
Iron County,US.MO.IR,2,0,
Iron County,US.WI.IR,2,1,
Lake County,US.OR.LK,2,0,
Kiowa County,US.KS.KW,2,0,
Owen County,US.KY.OE,2,0,
Roberts County,US.TX.RS,2,0,
Florence County,US.WI.FL,2,0,
Custer County,US.ID.CU,2,0,
Clay County,US.IL.CY,2,0,
St. Clair County,US.MO.SC,2,0,
Osborne County,US.KS.OB,2,0,
Clay County,US.WV.CY,2,0,
Oregon County,US.MO.OR,2,0,
Norton city,US.VA.NC,2,0,
Norton County,US.KS.NT,2,0,
Northwest Arctic Borough,US.AK.NW,2,0,
Nolan County,US.TX.NO,2,0,
Niobrara County,US.WY.NI,2,0,
Neosho County,US.KS.NO,2,0,
Wallowa County,US.OR.WW,2,0,
Sullivan County,US.PA.SL,2,0,
Custer County,US.CO.CU,2,0,
Ellsworth County,US.KS.EW,2,0,
Magoffin County,US.KY.MF,2,0,
Monroe County,US.MO.MR,2,0,
Fleming County,US.KY.FE,2,0,
Dewey County,US.OK.DW,2,0,
Mineral County,US.CO.MI,2,0,
Fisher County,US.TX.FH,2,1,
Edwards County,US.IL.EW,2,0,
McHenry County,US.ND.MH,2,1,
Marshall County,US.SD.MS,2,0,
White County,US.IL.WE,2,0,
Maries County,US.MO.MS,2,0,
Trinity County,US.CA.TR,1,0,
Yukon-Koyukuk Census Area,US.AK.YU,1,0,
Weston County,US.WY.WE,1,0,
Washington County,US.ME.WS,1,0,
Wilson County,US.KS.WL,1,0,
Wayne County,US.IA.WY,1,0,
Ward County,US.TX.WD,1,0,
Woodruff County,US.AR.WO,1,0,
Wheatland County,US.MT.WH,1,0,
Wolfe County,US.KY.WL,1,0,
Ziebach County,US.SD.ZI,1,0,
Trego County,US.KS.TR,1,0,
Glascock County,US.GA.GS,1,0,
Hubbard County,US.MN.HU,1,0,
Holt County,US.MO.HL,1,0,
Hodgeman County,US.KS.HG,1,0,
Hitchcock County,US.NE.HI,1,0,
Hill County,US.MT.HI,1,0,
Hidalgo County,US.NM.HI,1,0,
Hemphill County,US.TX.HH,1,0,
Harper County,US.OK.HP,1,0,
Harney County,US.OR.HA,1,0,
Harlan County,US.KY.HL,1,0,
Harding County,US.NM.HA,1,0,
Hardin County,US.IL.HI,1,0,
Hardeman County,US.TX.RD,1,0,
Hancock County,US.TN.HC,1,0,
Gulf County,US.FL.GU,1,0,
Griggs County,US.ND.GI,1,0,
Green County,US.KY.GN,1,0,
Grant County,US.OR.GR,1,0,
Gove County,US.KS.GO,1,0,
Hudspeth County,US.TX.HU,1,0,
Hyde County,US.NC.HE,1,0,
Hyde County,US.SD.HY,1,0,
McIntosh County,US.ND.MI,1,0,
Musselshell County,US.MT.MU,1,0,
Motley County,US.TX.MY,1,0,
Morgan County,US.KY.MG,1,0,
Mitchell County,US.TX.MH,1,0,
Miner County,US.SD.ME,1,0,
Mills County,US.TX.MS,1,0,
Meagher County,US.MT.ME,1,0,
McPherson County,US.SD.MP,1,0,
Marion County,US.AR.MN,1,0,
Jackson County,US.AR.JA,1,0,
Liberty County,US.MT.LB,1,0,
Lemhi County,US.ID.LM,1,0,
Lee County,US.KY.LE,1,0,
Lake County,US.MN.LE,1,0,
Kodiak Island Borough,US.AK.KO,1,0,
Knox County,US.TX.KX,1,0,
Kittson County,US.MN.KI,1,0,
Kimble County,US.TX.KM,1,0,
Glasscock County,US.TX.GC,1,0,
Frontier County,US.NE.FO,1,0,
Ness County,US.KS.NS,1,0,
Foster County,US.ND.FO,1,0,
Cherry County,US.NE.CH,1,0,
Chase County,US.NE.CE,1,0,
Caribou County,US.ID.CR,1,0,
Camas County,US.ID.CM,1,0,
Calhoun County,US.IL.CH,1,0,
Burnett County,US.WI.BN,1,1,
Brooks County,US.TX.BK,1,0,
Briscoe County,US.TX.BO,1,0,
Brewster County,US.TX.BS,1,0,
Bowman County,US.ND.BW,1,0,
Benson County,US.ND.BE,1,0,
Bell County,US.KY.BL,1,0,
Beaverhead County,US.MT.BE,1,0,
Barber County,US.KS.AB,1,0,
Baraga County,US.MI.BA,1,0,
Baker County,US.OR.BA,1,0,
Archer County,US.TX.AC,1,0,
Anderson County,US.KS.AN,1,0,
Alfalfa County,US.OK.AL,1,0,
Cimarron County,US.OK.CO,1,0,
Clark County,US.MO.CK,1,0,
Coal County,US.OK.CL,1,0,
Dent County,US.MO.DN,1,0,
Ferry County,US.WA.FE,1,0,
Fergus County,US.MT.FE,1,0,
Faulk County,US.SD.FU,1,0,
Elliott County,US.KY.EL,1,0,
Divide County,US.ND.DV,1,0,
Dimmit County,US.TX.DM,1,0,
Dickens County,US.TX.DC,1,0,
Deuel County,US.SD.DU,1,0,
Delta County,US.TX.DT,1,0,
Cochran County,US.TX.CC,1,0,
Decatur County,US.IA.DC,1,0,
Dawes County,US.NE.DS,1,0,
Dallas County,US.AR.DA,1,0,
Conejos County,US.CO.CN,1,0,
Concho County,US.TX.ON,1,0,
Comanche County,US.KS.CM,1,0,
Columbia County,US.WA.CM,1,0,
Coke County,US.TX.OK,1,0,
Nelson County,US.ND.NE,1,0,
Holt County,US.NE.HT,1,0,
Powell County,US.KY.PO,1,0,
Shackelford County,US.TX.SC,1,0,
Shelby County,US.MO.SB,1,0,
Pike County,US.IL.PK,1,0,
Piscataquis County,US.ME.PI,1,0,
Platte County,US.WY.PL,1,0,
Taliaferro County,US.GA.TA,1,0,
Pope County,US.IL.PE,1,0,
Summers County,US.WV.SU,1,0,
Sherman County,US.OR.SH,1,0,
Ritchie County,US.WV.RI,1,0,
Rio Blanco County,US.CO.RB,1,0,
Richardson County,US.NE.RI,1,0,
Storey County,US.NV.ST,1,0,
Stillwater County,US.MT.ST,1,0,
Stevens County,US.MN.SV,1,0,
Renville County,US.ND.RE,1,0,
Steele County,US.ND.SE,1,0,
Sierra County,US.CA.SE,1,0,
Stafford County,US.KS.SF,1,0,
Pratt County,US.KS.PR,1,0,
Sierra County,US.NM.SI,1,0,
Reagan County,US.TX.RG,1,0,
Sioux County,US.ND.SI,1,0,
Presidio County,US.TX.PS,1,0,
Shannon County,US.MO.SN,1,0,
Putnam County,US.IL.PT,1,0,
Taylor County,US.WI.TA,1,0,
North Slope Borough,US.AK.NH,1,0,
Nuckolls County,US.NE.NU,1,0,
Oliver County,US.ND.OL,1,0,
Scott County,US.AR.SC,1,0,
Schuyler County,US.MO.SH,1,0,
San Saba County,US.TX.SS,1,0,
Thomas County,US.NE.TO,1,0,
San Juan County,US.CO.SJ,1,0,
Pepin County,US.WI.PE,1,0,
Scott County,US.IL.SO,0,0,
Sheridan County,US.MT.SH,0,0,
Culberson County,US.TX.UL,0,0,
Crockett County,US.TX.CT,0,0,
Dillingham Census Area,US.AK.DI,0,0,
Edgar County,US.IL.EG,0,0,
Cook County,US.MN.CO,0,0,
Shoshone County,US.ID.SH,0,0,
Edmunds County,US.SD.ED,0,0,
Doddridge County,US.WV.DO,0,0,
Edwards County,US.TX.ED,0,0,
Elk County,US.KS.EK,0,0,
Denali Borough,US.AK.DE,0,0,
Dickey County,US.ND.DC,0,0,
Deuel County,US.NE.DL,0,0,
Dickenson County,US.VA.DC,0,0,
Sioux County,US.NE.SI,0,0,
Custer County,US.MT.CU,0,0,
Custer County,US.SD.CU,0,0,
Sedgwick County,US.CO.SE,0,0,
Wibaux County,US.MT.WI,0,0,
Dade County,US.MO.DD,0,0,
Dewey County,US.SD.DW,0,0,
Wichita County,US.KS.WH,0,0,
Daggett County,US.UT.DG,0,0,
Dundy County,US.NE.DY,0,0,
Daniels County,US.MT.DN,0,0,
Douglas County,US.MO.DO,0,0,
Sheridan County,US.NE.SD,0,0,
Dawson County,US.MT.DW,0,0,
De Baca County,US.NM.DE,0,0,
Sheridan County,US.ND.SH,0,0,
Dolores County,US.CO.DO,0,0,
Decatur County,US.KS.DC,0,0,
Wallace County,US.KS.WA,0,0,
Skagway Municipality,US.AK.SW,0,0,
Texas County,US.MO.TE,0,0,
Blaine County,US.MT.BL,0,0,
Billings County,US.ND.BI,0,0,
Bennett County,US.SD.BN,0,0,
Terrell County,US.TX.TL,0,0,
Teton County,US.MT.TE,0,0,
Beaver County,US.UT.BV,0,0,
Bear Lake County,US.ID.BK,0,0,
Baylor County,US.TX.BR,0,0,
Bath County,US.VA.BA,0,0,
Barton County,US.MO.BT,0,0,
Thayer County,US.NE.TA,0,0,
Blaine County,US.NE.BL,0,0,
Banner County,US.NE.BA,0,0,
Thomas County,US.KS.TH,0,0,
Arthur County,US.NE.AR,0,0,
Throckmorton County,US.TX.TH,0,0,
Allen County,US.KS.AL,0,0,
Alger County,US.MI.AG,0,0,
Towner County,US.ND.TO,0,0,
Aleutians West Census Area,US.AK.AW,0,0,
Aleutians East Borough,US.AK.AE,0,0,
Adams County,US.ND.AD,0,0,
Yakutat City and Borough,US.AK.YA,0,0,
Bland County,US.VA.BL,0,0,
Somervell County,US.TX.SV,0,0,
Butte County,US.SD.BT,0,0,
Clearwater County,US.ID.CE,0,0,
Clark County,US.ID.CA,0,0,
Esmeralda County,US.NV.ES,0,0,
Chouteau County,US.MT.CH,0,0,
Sterling County,US.TX.SI,0,0,
Cavalier County,US.ND.CV,0,0,
Carter County,US.MT.CT,0,0,
Campbell County,US.SD.CP,0,0,
Stonewall County,US.TX.SA,0,0,
Calhoun County,US.AR.CA,0,0,
Butte County,US.ID.BT,0,0,
Boise County,US.ID.BS,0,0,
Sully County,US.SD.SU,0,0,
Brule County,US.SD.BU,0,0,
Brown County,US.NE.BW,0,0,
Wrangell City and Borough,US.AK.WG,0,0,
Bristol Bay Borough,US.AK.BR,0,0,
Sutton County,US.TX.ST,0,0,
Sweet Grass County,US.MT.SW,0,0,
Boyd County,US.NE.BY,0,0,
Boundary County,US.ID.BD,0,0,
Borden County,US.TX.BD,0,0,
Ellis County,US.OK.EL,0,0,
Franklin County,US.ID.FA,0,0,
Estill County,US.KY.ES,0,0,
King County,US.TX.KG,0,0,
Phillips County,US.MT.PH,0,0,
Lake of the Woods County,US.MN.LO,0,0,
Lake and Peninsula Borough,US.AK.LA,0,0,
Kusilvak Census Area,US.AK.WA,0,0,
Knox County,US.MO.KN,0,0,
Kiowa County,US.CO.KO,0,0,
Kinney County,US.TX.KN,0,0,
Kingsbury County,US.SD.KI,0,0,
Washington County,US.KS.WS,0,0,
Kingman County,US.KS.KM,0,0,
Potter County,US.SD.PO,0,0,
Lewis County,US.ID.LW,0,0,
Kidder County,US.ND.KI,0,0,
Keya Paha County,US.NE.KY,0,0,
Keweenaw County,US.MI.KW,0,0,
Kent County,US.TX.KT,0,0,
Kenedy County,US.TX.KE,0,0,
Kalawao County,US.HI.KL,0,0,
Judith Basin County,US.MT.JU,0,0,
Jones County,US.SD.JO,0,0,
Jeff Davis County,US.TX.JF,0,0,
Jackson County,US.CO.JA,0,0,
Petroleum County,US.MT.PO,0,0,
Pershing County,US.NV.PE,0,0,
Issaquena County,US.MS.IS,0,0,
Pawnee County,US.NE.PA,0,0,
Oneida County,US.ID.ON,0,0,
Mora County,US.NM.MO,0,0,
Modoc County,US.CA.MC,0,0,
Ontonagon County,US.MI.ON,0,0,
Mineral County,US.MT.MN,0,0,
Ozark County,US.MO.OZ,0,0,
Pawnee County,US.KS.PN,0,0,
Mercer County,US.MO.MC,0,0,
Menard County,US.TX.EN,0,0,
Mellette County,US.SD.ML,0,0,
McPherson County,US.NE.MC,0,0,
Lincoln County,US.KS.LC,0,0,
McMullen County,US.TX.MM,0,0,
Perkins County,US.NE.PE,0,0,
McCone County,US.MT.MC,0,0,
Marshall County,US.KS.MS,0,0,
Perkins County,US.SD.PR,0,0,
Loving County,US.TX.LI,0,0,
Loup County,US.NE.LU,0,0,
Logan County,US.NE.LG,0,0,
Logan County,US.ND.LO,0,0,
Logan County,US.KS.LG,0,0,
Powder River County,US.MT.PD,0,0,
Iron County,US.MI.IR,0,0,
Eureka County,US.NV.EU,0,0,
Russell County,US.KS.RS,0,0,
Valdez-Cordova Census Area,US.AK.VA,0,0,
Greeley County,US.KS.GL,0,0,
Rosebud County,US.MT.RS,0,0,
Grant County,US.NE.GA,0,0,
Webster County,US.WV.WB,0,0,
Granite County,US.MT.GN,0,0,
Graham County,US.KS.GH,0,0,
Rush County,US.KS.RH,0,0,
Golden Valley County,US.ND.GO,0,0,
Upton County,US.TX.UP,0,0,
Gilliam County,US.OR.GI,0,0,
Roger Mills County,US.OK.RR,0,0,
Garfield County,US.WA.GF,0,0,
Garfield County,US.NE.GF,0,0,
Garfield County,US.MT.GF,0,0,
Garden County,US.NE.GD,0,0,
Sanders County,US.MT.SA,0,0,
Foard County,US.TX.FD,0,0,
Wheeler County,US.NE.WH,0,0,
Wheeler County,US.OR.WE,0,0,
Schleicher County,US.TX.SH,0,0,
Fallon County,US.MT.FA,0,0,
Gregory County,US.SD.GE,0,0,
Rock County,US.NE.RO,0,0,
Irion County,US.TX.IR,0,0,
Real County,US.TX.RL,0,0,
Powell County,US.MT.PL,0,0,
Hughes County,US.OK.HU,0,0,
Prairie County,US.MT.PR,0,0,
Hoonah-Angoon Census Area,US.AK.HH,0,0,
Hooker County,US.NE.HO,0,0,
Treasure County,US.MT.TR,0,0,
Putnam County,US.MO.PN,0,0,
Rawlins County,US.KS.RA,0,0,
Hickory County,US.MO.HC,0,0,
Hettinger County,US.ND.HE,0,0,
Hayes County,US.NE.HY,0,0,
Haakon County,US.SD.HA,0,0,
Wayne County,US.MO.WY,0,0,
Rich County,US.UT.RH,0,0,
Harmon County,US.OK.HM,0,0,
Harlan County,US.NE.HR,0,0,
Harding County,US.SD.HR,0,0,
Wayne County,US.UT.WE,0,0,
Robertson County,US.KY.RB,0,0,
Hanson County,US.SD.HS,0,0,
Valley County,US.MT.VA,0,0,
Haines Borough,US.AK.HA,0,0,
LaMoure County,US.ND.LA,0,0,
