County,hasc,confirmed,death,recovered
Los Angeles County,US.CA.LO,193788,4701,
Miami-Dade County,US.FL.DA,123644,1694,
Maricopa County,US.AZ.MA,120960,2108,
Cook County,US.IL.CO,107247,4897,
Harris County,US.TX.RR,76642,1318,
Queens County,US.NY.QU,68166,7184,
Kings County,US.NY.KI,62641,7251,
Broward County,US.FL.BO,58531,748,
Dallas County,US.TX.DS,51108,650,
Bronx County,US.NY.BN,49714,4859,
Clark County,US.NV.CL,44066,702,
Suffolk County,US.NY.SF,43495,1997,
Nassau County,US.NY.NA,43480,2194,
Bexar County,US.TX.BX,41138,622,
Riverside County,US.CA.RI,38131,737,
Orange County,US.CA.OR,37813,651,
Westchester County,US.NY.WE,36014,1446,
Palm Beach County,US.FL.PL,34550,845,
San Bernardino County,US.CA.SA,33432,418,
New York County,US.NY.NE,30621,3149,
Hillsborough County,US.FL.HL,30450,348,
San Diego County,US.CA.SD,30226,565,
Orange County,US.FL.OR,29927,239,
Tarrant County,US.TX.TN,29054,386,
Wayne County,US.MI.WY,27377,2805,
Philadelphia County,US.PA.PH,25977,1681,
Middlesex County,US.MA.MI,25932,1988,
Prince George's County,US.MD.PR,22880,743,
Duval County,US.FL.DU,21830,160,
Shelby County,US.TN.SY,21492,288,
Suffolk County,US.MA.SU,21378,1059,
Travis County,US.TX.TV,21214,236,
Mecklenburg County,US.NC.MB,21015,212,
Kern County,US.CA.KE,20651,144,
Bergen County,US.NJ.BE,20552,2041,
Milwaukee County,US.WI.MU,19855,446,
Essex County,US.NJ.ES,19558,2104,
Salt Lake County,US.UT.SL,19556,178,
Hudson County,US.NJ.HD,19528,1503,
Davidson County,US.TN.DA,19400,202,
Fulton County,US.GA.FU,18224,398,
Hennepin County,US.MN.HE,18009,819,
Gwinnett County,US.GA.GW,17927,240,
Fairfield County,US.CT.FA,17870,1408,
Montgomery County,US.MD.MO,17842,793,
Middlesex County,US.NJ.MI,17735,1403,
Passaic County,US.NJ.PA,17507,1242,
Essex County,US.MA.ES,17422,1185,
Hidalgo County,US.TX.HG,17353,457,
Franklin County,US.OH.FR,17254,514,
Pinellas County,US.FL.PI,16886,442,
Pima County,US.AZ.PM,16741,462,
Union County,US.NJ.UN,16590,1348,
Fairfax County,US.VA.FX,15907,523,
Lee County,US.FL.LE,15799,300,
Fresno County,US.CA.FR,15759,138,
King County,US.WA.KN,15603,658,
El Paso County,US.TX.EP,14914,251,
Marion County,US.IN.MO,14863,719,
Oakland County,US.MI.OD,14861,1126,
Richmond County,US.NY.RI,14822,1079,
Providence County,US.RI.PR,14549,807,
Jefferson Parish,US.LA.JF,14533,518,
Rockland County,US.NY.RO,13885,507,
Cameron County,US.TX.CA,13516,368,
Worcester County,US.MA.WO,13442,993,
St. Louis County,US.MO.SL,13193,647,
Polk County,US.FL.PO,13137,271,
New Haven County,US.CT.NH,13086,1104,
Cuyahoga County,US.OH.CU,12753,477,
Hartford County,US.CT.HA,12701,1412,
DeKalb County,US.GA.DA,12604,225,
Baltimore County,US.MD.BC,12401,551,
Washington,US.DC.DI,12313,586,
Lake County,US.IL.LK,12089,440,
Jefferson County,US.AL.JE,12076,227,
San Joaquin County,US.CA.SJ,11885,180,
Alameda County,US.CA.AA,11846,189,
Cobb County,US.GA.CB,11844,298,
Baltimore City,US.MD.BA,11748,413,
Charleston County,US.SC.CS,11697,161,
DuPage County,US.IL.DU,11558,510,
East Baton Rouge Parish,US.LA.EB,11263,328,
Wake County,US.NC.WK,11235,133,
Yuma County,US.AZ.YU,11203,263,
Orange County,US.NY.OE,11096,407,
Santa Clara County,US.CA.SL,10794,191,
Douglas County,US.NE.DG,10480,131,
Ocean County,US.NJ.OC,10469,1016,
Orleans Parish,US.LA.OR,10426,560,
Norfolk County,US.MA.NO,10361,988,
Greenville County,US.SC.GV,10282,180,
Monmouth County,US.NJ.MN,10137,858,
Sacramento County,US.CA.SC,10122,145,
Nueces County,US.TX.NU,10067,102,
Yakima County,US.WA.YA,10047,205,
Montgomery County,US.PA.MG,9870,850,
Denver County,US.CO.DN,9813,412,
Collier County,US.FL.CL,9811,124,
Tulare County,US.CA.TL,9745,189,
Macomb County,US.MI.MB,9722,936,
Polk County,US.IA.PK,9719,202,
Jackson County (including other portions of Kansas City),US.MO.JC,9564,105,
Imperial County,US.CA.IM,9448,222,
Oklahoma County,US.OK.OL,9439,98,
Stanislaus County,US.CA.ST,9277,126,
Kane County,US.IL.KE,9239,298,
Hamilton County,US.OH.HM,9160,248,
Tulsa County,US.OK.TU,9159,101,
Bristol County,US.MA.BR,9153,626,
Mobile County,US.AL.MB,9144,197,
Plymouth County,US.MA.PL,9126,713,
Prince William County,US.VA.PW,8988,173,
Osceola County,US.FL.OS,8894,81,
Delaware County,US.PA.DE,8859,687,
Galveston County,US.TX.GV,8825,103,
Manatee County,US.FL.MN,8825,187,
Will County,US.IL.WL,8650,339,
Erie County,US.NY.ER,8626,595,
Camden County,US.NJ.CM,8375,575,
Allegheny County,US.PA.AL,8310,234,
Pinal County,US.AZ.PN,8301,141,
Horry County,US.SC.HO,8147,128,
Escambia County,US.FL.ES,8125,97,
Ada County,US.ID.AA,8069,64,
Mercer County,US.NJ.ME,8051,619,
Utah County,US.UT.UT,8047,35,
Contra Costa County,US.CA.CN,8033,127,
Richland County,US.SC.RI,7889,139,
Ventura County,US.CA.VE,7877,76,
Hampden County,US.MA.HD,7477,699,
Kent County,US.MI.KN,7233,154,
Jefferson County,US.KY.JF,7206,233,
Volusia County,US.FL.VO,7194,116,
Fort Bend County,US.TX.FR,7191,146,
Morris County,US.NJ.MR,7167,830,
Lake County,US.IN.LK,7101,271,
Arapahoe County,US.CO.AA,7023,363,
Bucks County,US.PA.BC,7020,579,
Anne Arundel County,US.MD.AN,7007,217,
San Francisco County,US.CA.SF,6989,61,
Ramsey County,US.MN.RA,6944,261,
New Castle County,US.DE.NE,6938,287,
Denton County,US.TX.DN,6938,75,
Brazoria County,US.TX.BI,6732,73,
Seminole County,US.FL.SE,6687,88,
Pasco County,US.FL.PS,6548,99,
Calcasieu Parish,US.LA.CC,6527,127,
Santa Barbara County,US.CA.SB,6464,61,
Lafayette Parish,US.LA.LY,6423,87,
Webb County,US.TX.WB,6411,77,
Collin County,US.TX.CI,6403,72,
Montgomery County,US.AL.MT,6347,146,
Caddo Parish,US.LA.CO,6299,281,
Montgomery County,US.TX.MG,6196,73,
Adams County,US.CO.AD,6115,171,
Rutherford County,US.TN.RU,6072,53,
Washington County,US.AR.WA,6072,47,
Durham County,US.NC.DH,5909,78,
Burlington County,US.NJ.BU,5846,470,
Sarasota County,US.FL.SR,5814,121,
San Mateo County,US.CA.SM,5744,120,
Williamson County,US.TX.WM,5715,80,
Lancaster County,US.PA.LN,5682,407,
Sussex County,US.DE.SU,5673,191,
Hamilton County,US.TN.HL,5661,47,
Brevard County,US.FL.BE,5619,117,
Lubbock County,US.TX.LU,5593,65,
Hall County,US.GA.HL,5547,79,
Jefferson County,US.TX.JE,5506,73,
Washoe County,US.NV.WA,5343,115,
Marion County,US.FL.MI,5286,64,
Navajo County,US.AZ.NA,5284,188,
Hinds County,US.MS.HI,5269,106,
St. Lucie County,US.FL.SL,5256,125,
Guilford County,US.NC.GU,5254,147,
Johnson County,US.KS.JO,5252,98,
Berks County,US.PA.BK,5218,365,
Pierce County,US.WA.PI,5216,129,
Somerset County,US.NJ.SO,5195,555,
Snohomish County,US.WA.SN,5159,190,
Madison County,US.AL.MD,5116,30,
Marin County,US.CA.MN,5115,75,
Loudoun County,US.VA.LD,5059,112,
Chatham County,US.GA.CM,5051,67,
Canyon County,US.ID.CN,4959,37,
Forsyth County,US.NC.FO,4955,48,
Lucas County,US.OH.LU,4944,318,
Monterey County,US.CA.MT,4924,30,
Chester County,US.PA.CH,4914,344,
Pulaski County,US.AR.PU,4893,79,
Bernalillo County,US.NM.BE,4879,123,
Lehigh County,US.PA.LH,4853,335,
St. Tammany Parish,US.LA.ST,4808,203,
Monroe County,US.NY.MR,4790,252,
Wyandotte County,US.KS.WY,4711,96,
Lake County,US.FL.LK,4708,51,
El Paso County,US.CO.EL,4625,136,
Lexington County,US.SC.LX,4621,102,
City of St. Louis,US.MO.SY,4620,158,
Elkhart County,US.IN.EL,4597,77,
Benton County,US.AR.BE,4572,39,
Clayton County,US.GA.CN,4557,101,
Dutchess County,US.NY.DU,4543,153,
Ouachita Parish,US.LA.OU,4509,105,
Sedgwick County,US.KS.SG,4506,43,
Multnomah County,US.OR.MU,4497,93,
Kings County,US.CA.KI,4453,56,
Leon County,US.FL.LO,4448,15,
McLennan County,US.TX.ML,4436,39,
Virginia Beach City,US.VA.VI,4427,47,
Merced County,US.CA.MD,4422,50,
Muscogee County,US.GA.MG,4368,82,
Hays County,US.TX.HY,4297,33,
Minnehaha County,US.SD.MN,4233,64,
Dane County,US.WI.DA,4230,37,
Chesterfield County,US.VA.CD,4097,75,
Montgomery County,US.OH.MT,4057,78,
Tuscaloosa County,US.AL.TU,4048,65,
Knox County,US.TN.KN,4032,36,
Brown County,US.WI.BW,4011,51,
McKinley County,US.NM.MC,4004,221,
Dakota County,US.MN.DA,3991,103,
Jefferson County,US.CO.JE,3971,227,
Brazos County,US.TX.BZ,3922,42,
Spokane County,US.WA.SP,3909,61,
Berkeley County,US.SC.BK,3871,58,
Northampton County,US.PA.NA,3863,290,
Spartanburg County,US.SC.SP,3789,85,
Richmond County,US.GA.RI,3786,83,
Hillsborough County,US.NH.HI,3775,279,
Alachua County,US.FL.AL,3749,23,
Solano County,US.CA.SN,3721,37,
Bay County,US.FL.BY,3701,22,
Waukesha County,US.WI.WK,3693,55,
Winnebago County,US.IL.WN,3688,125,
Beaufort County,US.SC.BA,3672,46,
Howard County,US.MD.HO,3660,106,
St. Clair County,US.IL.SI,3655,156,
Henrico County,US.VA.HC,3654,182,
Woodbury County,US.IA.WO,3645,51,
Martin County,US.FL.MT,3644,77,
St. Charles County,US.MO.SA,3636,87,
Allen County,US.IN.AL,3635,158,
Weld County,US.CO.WE,3552,141,
Genesee County,US.MI.GE,3522,294,
Benton County,US.WA.BE,3514,110,
Potter County,US.TX.PT,3505,39,
Bell County,US.TX.BL,3496,32,
Onondaga County,US.NY.OG,3490,174,
Santa Rosa County,US.FL.SA,3484,24,
Atlantic County,US.NJ.AT,3408,252,
Anoka County,US.MN.AN,3365,113,
St. Johns County,US.FL.SJ,3362,29,
Norfolk City,US.VA.NF,3345,26,
Luzerne County,US.PA.LU,3338,183,
DeSoto County,US.MS.DE,3326,27,
Franklin County,US.WA.FR,3325,47,
Summit County,US.OH.SU,3294,217,
Williamson County,US.TN.WL,3269,22,
Baldwin County,US.AL.BD,3265,24,
Cumberland County,US.NJ.CU,3253,157,
Racine County,US.WI.RA,3249,76,
Whitfield County,US.GA.WF,3232,27,
York County,US.SC.YO,3229,27,
Shelby County,US.AL.SH,3214,33,
Bibb County,US.GA.BI,3214,61,
Victoria County,US.TX.VI,3203,29,
Sumner County,US.TN.SN,3178,70,
Tangipahoa Parish,US.LA.TA,3159,63,
St. Joseph County,US.IN.SN,3154,79,
Sonoma County,US.CA.SO,3113,39,
Gloucester County,US.NJ.GL,3106,209,
Lancaster County,US.NE.LA,3102,15,
Florence County,US.SC.FL,3087,99,
Johnston County,US.NC.JH,3085,43,
Apache County,US.AZ.AP,3084,136,
Rapides Parish,US.LA.RA,3068,106,
Mohave County,US.AZ.MO,3040,153,
Gaston County,US.NC.GS,3035,39,
Okaloosa County,US.FL.OA,3031,30,
Davis County,US.UT.DA,3026,15,
Marshall County,US.AL.MS,3019,31,
Henry County,US.GA.HY,3019,42,
Frederick County,US.MD.FR,3010,121,
San Juan County,US.NM.SJ,3003,181,
Coconino County,US.AZ.CO,2997,116,
Black Hawk County,US.IA.BL,2997,62,
Richmond City,US.VA.RC,2992,39,
Lowndes County,US.GA.LW,2985,32,
McHenry County,US.IL.MY,2961,114,
Arlington County,US.VA.AR,2945,136,
Clay County,US.FL.CY,2935,48,
Cass County,US.ND.CS,2932,76,
Cherokee County,US.GA.CE,2885,56,
Marion County,US.OH.MR,2884,44,
Washington County,US.OR.WI,2849,23,
Alexandria City,US.VA.AX,2844,59,
Walker County,US.TX.WK,2840,38,
Stearns County,US.MN.SR,2831,20,
Dorchester County,US.SC.DO,2829,38,
Union County,US.NC.UN,2823,41,
Fayette County,US.KY.FA,2807,46,
Terrebonne Parish,US.LA.TR,2800,78,
Cumberland County,US.NC.CU,2762,50,
Cleveland County,US.OK.CV,2725,49,
Butler County,US.OH.BU,2714,59,
Marion County,US.OR.MR,2692,68,
Dauphin County,US.PA.DA,2682,155,
Livingston Parish,US.LA.LV,2680,49,
Robeson County,US.NC.RB,2658,51,
Lee County,US.AL.LE,2651,44,
Ascension Parish,US.LA.AE,2643,71,
Dougherty County,US.GA.DH,2621,169,
Chesapeake City,US.VA.CS,2617,29,
Santa Cruz County,US.AZ.SA,2610,50,
Columbia County,US.FL.CU,2598,11,
Weber County,US.UT.WB,2596,25,
Lafourche Parish,US.LA.LO,2589,96,
Albany County,US.NY.AB,2531,116,
Hamilton County,US.IN.HM,2513,104,
Kenosha County,US.WI.KN,2499,53,
Ellis County,US.TX.EI,2472,34,
Warren County,US.KY.WR,2451,22,
Cabarrus County,US.NC.CR,2430,46,
Washtenaw County,US.MI.WS,2414,112,
Mahoning County,US.OH.MH,2411,253,
Acadia Parish,US.LA.AD,2403,77,
New Hanover County,US.NC.NE,2358,19,
Pickaway County,US.OH.PC,2357,42,
Washington County,US.UT.WN,2355,12,
York County,US.PA.YO,2350,88,
Indian River County,US.FL.IN,2340,48,
Douglas County,US.GA.DL,2331,49,
Glynn County,US.GA.GY,2330,34,
Wayne County,US.NC.WY,2328,37,
Sumter County,US.SC.SU,2313,43,
Smith County,US.TX.SM,2309,17,
Anderson County,US.TX.AE,2307,9,
Madison County,US.MS.MD,2297,56,
Ector County,US.TX.EC,2276,36,
Morgan County,US.AL.MG,2257,17,
Alamance County,US.NC.AA,2248,41,
Iberia Parish,US.LA.II,2247,65,
Dona Ana County,US.NM.DO,2240,24,
Orangeburg County,US.SC.OR,2229,57,
St. Landry Parish,US.LA.SL,2226,75,
Madison County,US.IL.MD,2222,73,
Kent County,US.DE.KE,2215,107,
Midland County,US.TX.ID,2179,26,
Troup County,US.GA.TP,2175,63,
Harrison County,US.MS.HR,2152,32,
Rankin County,US.MS.RA,2146,28,
Ford County,US.KS.FO,2121,10,
Bossier Parish,US.LA.BO,2118,73,
Anderson County,US.SC.AN,2100,45,
Linn County,US.IA.LI,2097,87,
Oneida County,US.NY.OD,2090,115,
Honolulu County,US.HI.HO,2083,19,
Madera County,US.CA.ME,2075,32,
Wilson County,US.TN.WO,2072,21,
Randolph County,US.NC.RA,2065,36,
Charlotte County,US.FL.CH,2062,89,
Umatilla County,US.OR.UM,2060,24,
Cumberland County,US.ME.CU,2058,69,
Rowan County,US.NC.RW,2032,48,
Ulster County,US.NY.UL,2031,81,
Sarpy County,US.NE.SY,2028,9,
Jackson County,US.MS.JC,1994,34,
Etowah County,US.AL.ET,1989,26,
Columbia County,US.GA.CI,1969,19,
Forsyth County,US.GA.FO,1942,20,
Duplin County,US.NC.DP,1939,43,
Placer County,US.CA.PA,1938,17,
Catawba County,US.NC.CB,1933,24,
Boulder County,US.CO.BO,1927,75,
Johnson County,US.IA.JH,1922,15,
Municipality of Anchorage,US.AK.AN,1918,13,
Washington County,US.MN.WH,1917,43,
Charles County,US.MD.CH,1909,91,
San Luis Obispo County,US.CA.SS,1902,16,
Lackawanna County,US.PA.LC,1901,212,
Dakota County,US.NE.DK,1901,41,
Starr County,US.TX.SR,1894,51,
Yavapai County,US.AZ.YA,1858,62,
Sebastian County,US.AR.SB,1856,15,
Saginaw County,US.MI.SG,1855,129,
Harford County,US.MD.HA,1853,68,
Maverick County,US.TX.MV,1852,29,
Cache County,US.UT.CA,1833,4,
Kaufman County,US.TX.KU,1816,22,
Houston County,US.GA.HO,1802,49,
Pitt County,US.NC.PI,1795,11,
Dallas County,US.IA.DL,1788,35,
Buena Vista County,US.IA.BV,1784,12,
Jones County,US.MS.JO,1774,57,
Hernando County,US.FL.HA,1766,33,
Barnstable County,US.MA.BA,1764,157,
Carroll County,US.GA.CL,1756,47,
Cass County,US.IN.CS,1751,9,
Hendricks County,US.IN.HD,1750,105,
Nobles County,US.MN.NB,1746,6,
Ottawa County,US.MI.OT,1746,54,
Pickens County,US.SC.PI,1744,22,
Clarke County,US.GA.CK,1741,17,
DeKalb County,US.AL.DA,1740,14,
Finney County,US.KS.FI,1740,10,
Montgomery County,US.TN.MT,1734,11,
Vanderburgh County,US.IN.VA,1726,12,
Buncombe County,US.NC.BO,1715,46,
Sevier County,US.TN.SV,1713,5,
Hall County,US.NE.HL,1713,45,
Bradley County,US.TN.BR,1713,10,
Iredell County,US.NC.IR,1701,17,
Stark County,US.OH.ST,1690,132,
Kankakee County,US.IL.KK,1686,68,
Comal County,US.TX.OM,1679,63,
Newport News City,US.VA.NN,1671,16,
Hendry County,US.FL.HR,1667,37,
Elmore County,US.AL.EL,1665,37,
Jasper County,US.MO.JS,1659,25,
Davidson County,US.NC.DD,1653,18,
Douglas County,US.CO.DU,1653,59,
Johnson County,US.IN.JO,1652,118,
Angelina County,US.TX.AG,1647,36,
Rockingham County,US.NH.RO,1642,95,
Forrest County,US.MS.FO,1640,53,
Lorain County,US.OH.LR,1634,76,
Warren County,US.OH.WR,1634,35,
Olmsted County,US.MN.OL,1629,23,
Tom Green County,US.TX.TG,1625,20,
Clark County,US.WA.CR,1620,42,
Kootenai County,US.ID.KO,1620,13,
Newton County,US.GA.NE,1618,35,
Bartow County,US.GA.BT,1618,60,
Jackson County,US.FL.JA,1618,33,
Manassas City,US.VA.MS,1612,20,
Calhoun County,US.AL.CN,1612,9,
Rock Island County,US.IL.RO,1605,31,
Monroe County,US.PA.MR,1598,123,
Litchfield County,US.CT.LI,1598,138,
Guadalupe County,US.TX.GU,1597,44,
Scott County,US.IA.SC,1591,12,
Randall County,US.TX.RA,1586,17,
Columbiana County,US.OH.CL,1582,60,
Yolo County,US.CA.YO,1582,42,
Lebanon County,US.PA.LB,1577,54,
Gadsden County,US.FL.GA,1576,20,
Trousdale County,US.TN.TR,1572,6,
Burke County,US.NC.BK,1562,26,
Kalamazoo County,US.MI.KA,1560,82,
Cochise County,US.AZ.CH,1557,50,
Champaign County,US.IL.CM,1547,19,
Putnam County,US.TN.PU,1544,13,
Johnson County,US.TX.JH,1541,25,
Portsmouth City,US.VA.PR,1540,24,
Dubuque County,US.IA.DU,1536,29,
St. Martin Parish,US.LA.SR,1519,42,
Aiken County,US.SC.AI,1505,22,
Walker County,US.AL.WK,1500,66,
Ingham County,US.MI.IH,1493,34,
Washington County,US.MS.WS,1492,32,
Carroll County,US.MD.CR,1491,117,
Sullivan County,US.NY.SL,1483,37,
Colquitt County,US.GA.CQ,1481,22,
Hot Spring County,US.AR.HT,1465,9,
Leavenworth County,US.KS.LV,1457,8,
Westmoreland County,US.PA.WE,1457,46,
Paulding County,US.GA.PA,1452,19,
Robertson County,US.TN.RB,1450,17,
Niagara County,US.NY.NI,1449,88,
St. Mary Parish,US.LA.SM,1445,49,
Shawnee County,US.KS.SN,1443,19,
Trumbull County,US.OH.TR,1433,103,
Putnam County,US.NY.PU,1433,63,
Sampson County,US.NC.SP,1427,12,
Kent County,US.RI.KE,1421,102,
Clackamas County,US.OR.CC,1421,36,
Wilson County,US.NC.WO,1418,34,
Larimer County,US.CO.LR,1417,35,
New London County,US.CT.NL,1414,103,
Jefferson County,US.MO.JE,1395,24,
Scott County,US.MN.SC,1390,14,
Middlesex County,US.CT.MI,1388,191,
Marshall County,US.IA.MS,1384,24,
Jefferson County,US.AR.JE,1382,39,
Monroe County,US.FL.MO,1379,11,
Putnam County,US.FL.PU,1379,19,
Vermilion Parish,US.LA.VM,1378,17,
St. Charles Parish,US.LA.SC,1375,50,
Henderson County,US.NC.HN,1374,53,
Rock County,US.WI.RO,1371,26,
Houston County,US.AL.HO,1366,14,
Dallas County,US.AL.DL,1366,23,
Coweta County,US.GA.CA,1359,21,
Spotsylvania County,US.VA.SP,1357,34,
St. John the Baptist Parish,US.LA.SO,1355,88,
Coffee County,US.GA.CF,1347,25,
Peoria County,US.IL.PI,1341,35,
Val Verde County,US.TX.VL,1332,18,
Warren County,US.NJ.WA,1330,171,
Lauderdale County,US.MS.LU,1329,88,
Kenton County,US.KY.KE,1323,37,
Gregg County,US.TX.GE,1313,21,
Sussex County,US.NJ.SU,1307,195,
Georgetown County,US.SC.GR,1306,18,
St. Clair County,US.AL.SA,1305,12,
Citrus County,US.FL.CI,1299,30,
Wicomico County,US.MD.WI,1298,44,
DeSoto County,US.FL.DE,1297,15,
Bastrop County,US.TX.BP,1296,18,
Grant County,US.WA.GN,1294,13,
Orange County,US.NC.OR,1293,45,
Berrien County,US.MI.BN,1292,65,
Kendall County,US.IL.KA,1291,23,
Franklin County,US.PA.FR,1284,46,
Floyd County,US.GA.FL,1283,15,
Stafford County,US.VA.SF,1283,7,
Highlands County,US.FL.HG,1277,29,
Greenwood County,US.SC.GW,1272,12,
Kershaw County,US.SC.KE,1264,23,
Russell County,US.AL.RU,1260,1,
Walworth County,US.WI.WL,1258,21,
Greene County,US.MO.GE,1256,10,
Walton County,US.FL.WL,1256,13,
Fairfield County,US.OH.FI,1254,25,
Tift County,US.GA.TI,1249,35,
Chatham County,US.NC.CH,1245,50,
Crittenden County,US.AR.CD,1242,20,
Lee County,US.MS.LE,1239,30,
Twin Falls County,US.ID.TW,1238,32,
Beaver County,US.PA.BA,1237,89,
Boone County,US.MO.BO,1236,3,
Laurens County,US.SC.LU,1232,32,
Cumberland County,US.PA.CU,1230,70,
Hamblen County,US.TN.HB,1229,13,
Limestone County,US.AL.LI,1218,14,
Lee County,US.NC.LE,1217,10,
Pope County,US.AR.PP,1216,9,
Franklin County,US.AL.FR,1213,20,
Pottawattamie County,US.IA.PT,1212,23,
Faulkner County,US.AR.FA,1212,5,
Cullman County,US.AL.CU,1207,11,
Delaware County,US.OH.DL,1206,18,
Washington Parish,US.LA.WO,1199,58,
Brunswick County,US.NC.BS,1198,17,
Neshoba County,US.MS.NS,1197,88,
Porter County,US.IN.PR,1195,39,
Suwannee County,US.FL.SW,1190,36,
Seward County,US.KS.SW,1188,4,
Lincoln County,US.AR.LC,1186,11,
Granville County,US.NC.GN,1185,25,
Hale County,US.TX.HE,1185,22,
Chelan County,US.WA.CH,1177,10,
Rockdale County,US.GA.RO,1176,16,
Titus County,US.TX.TU,1170,14,
Harnett County,US.NC.HT,1158,36,
Allen Parish,US.LA.AL,1156,23,
Iberville Parish,US.LA.IV,1152,47,
Santa Cruz County,US.CA.SZ,1152,4,
Sumter County,US.FL.SM,1142,35,
St. Francis County,US.AR.SI,1140,3,
Hampshire County,US.MA.HS,1139,127,
Hunterdon County,US.NJ.HN,1138,126,
Caldwell County,US.NC.CL,1138,9,
Craighead County,US.AR.CG,1134,12,
Darlington County,US.SC.DA,1132,32,
Barrow County,US.GA.BW,1127,32,
Muskegon County,US.MI.MG,1127,58,
Licking County,US.OH.LI,1125,43,
Lamar County,US.MS.LM,1121,12,
Nassau County,US.FL.NA,1121,11,
Blount County,US.TN.BO,1120,7,
Outagamie County,US.WI.OU,1113,13,
Bulloch County,US.GA.BH,1112,12,
Suffolk City,US.VA.SO,1112,49,
Colbert County,US.AL.CL,1111,12,
Yellowstone County,US.MT.YS,1110,27,
Story County,US.IA.ST,1110,13,
Tipton County,US.TN.TI,1106,9,
Tippecanoe County,US.IN.TP,1103,11,
Sandoval County,US.NM.SD,1096,33,
Canadian County,US.OK.CN,1089,5,
Clark County,US.OH.CK,1086,13,
Taylor County,US.TX.TA,1085,19,
Ware County,US.GA.WE,1083,23,
Mower County,US.MN.MW,1081,2,
Maury County,US.TN.MU,1081,5,
Clark County,US.IN.CK,1081,45,
Accomack County,US.VA.AC,1080,15,
Lauderdale County,US.AL.LU,1079,12,
Talladega County,US.AL.TD,1075,14,
Caldwell County,US.TX.CW,1071,23,
Hampton city,US.VA.HM,1070,5,
Parker County,US.TX.PR,1070,12,
Eagle County,US.CO.EA,1069,9,
Autauga County,US.AL.AU,1066,21,
Washington County,US.TN.WI,1066,2,
Broome County,US.NY.BO,1064,74,
Winnebago County,US.WI.WA,1063,18,
Nash County,US.NC.NA,1063,11,
Buchanan County,US.MO.BC,1062,10,
Lancaster County,US.SC.LN,1062,18,
Hunt County,US.TX.HT,1059,20,
Harrisonburg City,US.VA.HS,1055,29,
Oktibbeha County,US.MS.OK,1054,35,
Escambia County,US.AL.ES,1053,15,
Tolland County,US.CT.TO,1050,66,
Habersham County,US.GA.HB,1048,48,
Lake County,US.OH.LK,1043,36,
Schenectady County,US.NY.SN,1037,39,
Cleveland County,US.NC.CV,1037,17,
St. Bernard Parish,US.LA.SE,1037,23,
Sangamon County,US.IL.SM,1037,33,
Texas County,US.OK.TE,1036,7,
Nacogdoches County,US.TX.NC,1035,36,
Yell County,US.AR.YE,1030,14,
Gordon County,US.GA.GO,1026,23,
Grayson County,US.TX.GO,1025,11,
Boone County,US.KY.BO,1021,24,
Orange County,US.TX.OR,1021,17,
Moore County,US.TX.MO,1013,12,
Rice County,US.MN.RI,999,8,
Thomas County,US.GA.TH,999,39,
Lowndes County,US.MS.LO,989,32,
Erie County,US.PA.ER,983,16,
Washington County,US.MD.WA,982,30,
Fayette County,US.GA.FY,980,25,
Butte County,US.CA.BU,980,7,
Burleigh County,US.ND.BL,979,5,
Baldwin County,US.GA.BD,972,38,
Walton County,US.GA.WA,969,34,
Warren County,US.MS.WR,964,27,
Jefferson Davis Parish,US.LA.JD,963,24,
Napa County,US.CA.NA,963,9,
Jackson County,US.GA.JC,958,13,
Okeechobee County,US.FL.OE,958,6,
Culpeper County,US.VA.CP,957,12,
Scott County,US.MS.SC,955,17,
Avoyelles Parish,US.LA.AV,951,27,
Dawson County,US.NE.DN,949,9,
Bolivar County,US.MS.BO,948,32,
Flagler County,US.FL.FL,945,11,
Sevier County,US.AR.SV,939,10,
Williamsburg County,US.SC.WI,936,27,
Whatcom County,US.WA.WA,936,38,
McDonald County,US.MO.MA,936,7,
Onslow County,US.NC.ON,934,10,
St. Mary's County,US.MD.SA,931,52,
Monongalia County,US.WV.MG,925,5,
Wood County,US.OH.WO,924,58,
Copiah County,US.MS.CP,917,24,
Clay County,US.MO.CY,914,20,
Panola County,US.MS.PA,912,11,
Madison County,US.TN.MD,912,13,
Roanoke city,US.VA.RO,909,11,
Moore County,US.NC.ME,909,20,
Rockingham County,US.VA.RG,908,17,
Sunflower County,US.MS.SU,908,22,
Stanly County,US.NC.SN,906,11,
Monroe County,US.MI.MO,904,22,
Wichita County,US.TX.WC,902,10,
Schuylkill County,US.PA.SC,896,49,
Chambers County,US.TX.CH,894,2,
Saline County,US.AR.SL,892,5,
Lee County,US.AR.LE,890,7,
Lafayette County,US.MS.LY,881,4,
Washington County,US.WI.WN,880,22,
Salem County,US.NJ.SA,877,85,
Chambers County,US.AL.CM,875,38,
Garland County,US.AR.GL,875,8,
Surry County,US.NC.SU,872,8,
Bedford County,US.TN.BD,871,10,
Spalding County,US.GA.SD,868,39,
Gallatin County,US.MT.GL,868,3,
Tallapoosa County,US.AL.TP,865,79,
Hardee County,US.FL.HD,857,7,
Clermont County,US.OH.CE,855,11,
Blue Earth County,US.MN.BE,852,5,
Kanawha County,US.WV.KA,851,21,
Liberty County,US.TX.LT,851,25,
DeKalb County,US.IL.DK,850,29,
Grimes County,US.TX.GM,849,20,
Holmes County,US.MS.HO,847,47,
Wapello County,US.IA.WP,847,31,
Madison County,US.IN.MD,847,65,
Pennington County,US.SD.PN,845,29,
Jackson County,US.AL.JA,842,5,
Gila County,US.AZ.GI,841,29,
Leflore County,US.MS.LL,840,59,
Franklin Parish,US.LA.FR,839,17,
LaPorte County,US.IN.LA,838,29,
Medina County,US.OH.MD,835,33,
Columbus County,US.NC.CM,833,46,
Pike County,US.MS.PI,832,32,
Macon County,US.TN.MC,832,13,
Blount County,US.AL.BU,830,3,
Douglas County,US.WA.DO,830,7,
McCurtain County,US.OK.MU,829,25,
Webster Parish,US.LA.WR,826,13,
Skagit County,US.WA.SG,826,21,
La Crosse County,US.WI.LA,825,1,
Muscatine County,US.IA.MU,824,48,
Rogers County,US.OK.RS,823,14,
Covington County,US.AL.CV,823,21,
Kosciusko County,US.IN.KO,819,12,
Cape May County,US.NJ.CP,813,87,
Wright County,US.MN.WR,813,5,
Grenada County,US.MS.GN,813,20,
Sutter County,US.CA.SU,812,6,
Hardin County,US.TX.HN,811,11,
Howard County,US.IN.HO,810,65,
Newton County,US.MO.NT,807,6,
Sullivan County,US.TN.SL,806,9,
Dale County,US.AL.DE,803,20,
Hardeman County,US.TN.HA,801,11,
Mississippi County,US.AR.MS,797,11,
San Patricio County,US.TX.SP,797,16,
Franklin County,US.NC.FR,797,25,
Beauregard Parish,US.LA.BE,789,17,
Yazoo County,US.MS.YZ,786,11,
Clarendon County,US.SC.CN,785,49,
Livingston County,US.MI.LI,784,28,
Cherokee County,US.TX.CK,783,4,
Carver County,US.MN.CV,779,2,
Newberry County,US.SC.NE,779,8,
St. Clair County,US.MI.SA,778,53,
Comanche County,US.OK.CM,778,10,
Albemarle County,US.VA.AB,775,12,
Bonneville County,US.ID.BV,774,2,
Dodge County,US.NE.DE,772,8,
Okanogan County,US.WA.OK,771,2,
Miami County,US.OH.MM,769,37,
Leake County,US.MS.LK,768,25,
Navarro County,US.TX.NV,767,8,
Butler County,US.AL.BT,767,36,
Platte County,US.NE.PL,766,3,
Colleton County,US.SC.CT,764,31,
Washington County,US.PA.WS,764,11,
Laurens County,US.GA.LR,762,4,
Oconee County,US.SC.OC,755,7,
Lincoln County,US.NC.LI,751,3,
Chilton County,US.AL.CI,750,7,
Calhoun County,US.MI.CU,749,42,
Lake County,US.TN.LK,749,0,
Tuscarawas County,US.OH.TU,747,13,
Lincoln County,US.MS.LI,745,40,
Clay County,US.MN.CA,745,40,
Bartholomew County,US.IN.BA,743,47,
Marshall County,US.IN.MS,742,22,
Rensselaer County,US.NY.RE,740,35,
Pointe Coupee Parish,US.LA.PO,739,32,
Vance County,US.NC.VA,738,40,
Wagoner County,US.OK.WG,738,22,
Pontotoc County,US.MS.PO,737,7,
Wilkes County,US.NC.WE,736,10,
Coffee County,US.AL.CF,736,5,
Boone County,US.IL.BO,735,23,
Wayne County,US.MS.WY,733,21,
Saratoga County,US.NY.SR,733,15,
Sumter County,US.GA.SU,732,56,
Evangeline Parish,US.LA.EV,732,2,
Garfield County,US.CO.GA,721,4,
Chittenden County,US.VT.CH,721,39,
Rockwall County,US.TX.RC,720,11,
Lincoln Parish,US.LA.LN,720,24,
Portage County,US.OH.PO,717,60,
Crawford County,US.IA.CW,716,3,
Daviess County,US.KY.DA,715,7,
Simpson County,US.MS.SI,712,27,
Windham County,US.CT.WI,712,15,
Webster County,US.IA.WE,711,5,
Shelby County,US.KY.SH,711,22,
Bowie County,US.TX.BW,708,31,
Chesterfield County,US.SC.CF,706,19,
Dodge County,US.WI.DD,705,5,
Vernon Parish,US.LA.VN,704,22,
Monroe County,US.MS.MR,702,50,
Summit County,US.UT.SU,697,1,
Colfax County,US.NE.CO,694,4,
Floyd County,US.IN.FL,694,44,
Natchitoches Parish,US.LA.NA,691,17,
Jackson County,US.MI.JA,690,33,
Camden County,US.GA.CD,689,4,
Monroe County,US.IN.MR,686,30,
Douglas County,US.KS.DG,685,4,
Polk County,US.GA.PO,682,9,
Shenandoah County,US.VA.SN,681,42,
Matagorda County,US.TX.MD,681,23,
Decatur County,US.GA.DC,677,8,
Morgan County,US.CO.MN,677,46,
San Benito County,US.CA.SI,676,4,
Malheur County,US.OR.ML,676,10,
Pike County,US.AL.PK,676,8,
Kandiyohi County,US.MN.KD,676,1,
Hoke County,US.NC.HO,674,8,
Payne County,US.OK.PY,672,3,
Bledsoe County,US.TN.BE,672,1,
Frederick County,US.VA.FK,670,9,
Rutherford County,US.NC.RU,668,13,
Chattahoochee County,US.GA.CH,665,1,
Coahoma County,US.MS.CH,663,10,
De Soto Parish,US.LA.DE,662,24,
West Baton Rouge Parish,US.LA.WB,661,36,
Polk County,US.TX.PK,659,9,
York County,US.ME.YO,658,12,
Kitsap County,US.WA.KS,658,4,
Berkshire County,US.MA.BE,657,46,
Berkeley County,US.WV.BE,657,11,
Lea County,US.NM.LE,656,4,
Cecil County,US.MD.CE,655,30,
Madison County,US.FL.MD,655,8,
Allen County,US.OH.AN,654,42,
Cass County,US.MO.CS,654,9,
Loudon County,US.TN.LO,653,3,
Effingham County,US.GA.EF,651,1,
Tate County,US.MS.TT,650,23,
Jackson County,US.IL.JC,650,19,
Lyon County,US.KS.LY,650,13,
St. James Parish,US.LA.SJ,649,31,
Sherburne County,US.MN.SH,649,7,
Toombs County,US.GA.TM,649,6,
Logan County,US.CO.LO,648,5,
Madison County,US.TX.AD,645,2,
Halifax County,US.NC.HL,642,6,
Thurston County,US.WA.TH,640,8,
Delaware County,US.IN.DL,638,52,
El Dorado County,US.CA.EL,637,1,
Grand Forks County,US.ND.GD,637,5,
Noble County,US.IN.NO,637,28,
Johnson County,US.AR.JO,636,0,
Boone County,US.IN.BO,635,46,
Calvert County,US.MD.CL,635,28,
Wharton County,US.TX.WN,635,21,
Craven County,US.NC.CN,634,10,
Wayne County,US.GA.WY,630,4,
Jim Wells County,US.TX.JW,630,8,
San Juan County,US.UT.SJ,628,24,
Pender County,US.NC.PD,626,3,
Greene County,US.OH.GR,626,11,
Bee County,US.TX.BE,626,9,
Dubois County,US.IN.DU,626,12,
Lamar County,US.TX.LR,625,16,
Liberty County,US.GA.LB,624,2,
Harris County,US.GA.HI,624,16,
Harrison County,US.TX.HR,624,22,
Hancock County,US.IN.HC,623,37,
Union Parish,US.LA.UN,623,33,
Jones County,US.TX.JN,622,0,
Sheboygan County,US.WI.SE,622,5,
Fayette County,US.TN.FA,620,8,
Levy County,US.FL.LV,618,3,
Gonzales County,US.TX.GA,617,7,
Mitchell County,US.GA.MT,617,41,
Pueblo County,US.CO.PU,615,34,
Coryell County,US.TX.CL,614,5,
Wakulla County,US.FL.WK,612,4,
Muhlenberg County,US.KY.MU,612,10,
Barbour County,US.AL.BR,612,5,
Worcester County,US.MD.WO,611,19,
McDowell County,US.NC.MW,609,9,
Anderson County,US.TN.AN,607,5,
Cape Girardeau County,US.MO.CG,607,3,
Butler County,US.PA.BT,605,15,
Appling County,US.GA.AP,602,16,
Marion County,US.MS.MI,601,18,
Deaf Smith County,US.TX.DI,597,17,
Washington County,US.FL.WS,597,14,
Santa Fe County,US.NM.ST,597,3,
Hanover County,US.VA.HV,597,31,
Buckingham County,US.VA.BK,596,6,
Medina County,US.TX.ME,595,24,
Dickson County,US.TN.DI,595,1,
Willacy County,US.TX.WY,594,20,
Montgomery County,US.NC.MO,594,13,
Lavaca County,US.TX.LA,593,14,
Sioux County,US.IA.SI,593,2,
Washington County,US.RI.WA,590,61,
Edgecombe County,US.NC.ED,589,11,
Belmont County,US.OH.BE,589,26,
Bladen County,US.NC.BL,589,7,
Covington County,US.MS.CV,588,11,
Beadle County,US.SD.BA,587,9,
Hamilton County,US.FL.HM,586,3,
Adams County,US.MS.AD,584,25,
Cerro Gordo County,US.IA.CG,584,17,
Saline County,US.NE.SL,583,2,
Fauquier County,US.VA.FQ,580,8,
Marathon County,US.WI.MH,580,6,
Lincoln County,US.SD.LI,579,2,
Dillon County,US.SC.DI,578,23,
Henderson County,US.TX.HD,577,9,
Washington County,US.OK.WN,575,39,
Oldham County,US.KY.OL,575,14,
Marion County,US.AL.MI,573,24,
Chester County,US.SC.CR,573,11,
McLean County,US.IL.ML,572,15,
Fond du Lac County,US.WI.FN,571,6,
Winston County,US.MS.WN,571,15,
Marshall County,US.MS.MS,571,8,
Blaine County,US.ID.BL,570,6,
Ozaukee County,US.WI.OZ,568,17,
Gibson County,US.TN.GB,567,2,
Bryan County,US.GA.BY,566,7,
Madison Parish,US.LA.MA,566,6,
Lowndes County,US.AL.LO,564,26,
Jefferson County,US.WI.JE,564,5,
James City County,US.VA.JA,562,16,
Stephens County,US.GA.SE,561,10,
St. Joseph County,US.MI.SJ,561,7,
LaSalle County,US.IL.LA,560,20,
Cherokee County,US.SC.CK,558,22,
Walker County,US.GA.WK,556,16,
Assumption Parish,US.LA.AS,555,20,
Dyer County,US.TN.DY,555,7,
Crawford County,US.AR.CW,554,3,
Jackson County,US.IN.JC,552,4,
Bay County,US.MI.BY,550,31,
Cheatham County,US.TN.CA,548,5,
Androscoggin County,US.ME.AN,548,7,
George County,US.MS.GR,547,5,
Tooele County,US.UT.TE,547,0,
Catoosa County,US.GA.CS,546,9,
Richland Parish,US.LA.RI,544,6,
LaGrange County,US.IN.LG,542,10,
Burnet County,US.TX.BT,542,7,
Franklin County,US.MO.FR,542,18,
Deschutes County,US.OR.DE,540,8,
Richland County,US.OH.RI,540,12,
Ashtabula County,US.OH.AB,539,45,
Murray County,US.GA.MA,538,2,
Tama County,US.IA.TM,537,29,
Chicot County,US.AR.CT,536,6,
Lenoir County,US.NC.LN,536,11,
Sabine Parish,US.LA.SB,535,10,
Mercer County,US.OH.MC,535,13,
Wasatch County,US.UT.WA,533,4,
Fairfield County,US.SC.FA,533,23,
Union County,US.MS.UN,531,13,
DeWitt County,US.TX.DE,531,15,
Geauga County,US.OH.GE,531,43,
Iron County,US.UT.RN,528,2,
Warren County,US.IA.WR,527,1,
Marengo County,US.AL.ME,527,14,
Pike County,US.PA.PI,526,21,
Lee County,US.SC.LE,526,27,
Campbell County,US.KY.CM,525,13,
Erie County,US.OH.ER,524,27,
Marion County,US.SC.MI,523,12,
Lane County,US.OR.LE,523,3,
Columbia County,US.NY.CU,523,47,
Hardin County,US.KY.HN,522,8,
East Feliciana Parish,US.LA.EF,522,35,
Lee County,US.GA.LE,520,22,
Gilmer County,US.GA.GI,518,3,
Warrick County,US.IN.WI,516,30,
Newton County,US.MS.NW,516,11,
Yuba County,US.CA.YU,512,4,
Graves County,US.KY.GV,511,22,
Henry County,US.VA.HY,511,6,
Shelby County,US.IN.SH,511,26,
Clarke County,US.AL.CK,509,9,
Jasper County,US.SC.JA,509,12,
Eau Claire County,US.WI.EA,507,3,
Allegan County,US.MI.AL,507,7,
Rhea County,US.TN.RH,502,1,
East Carroll Parish,US.LA.EC,501,1,
Creek County,US.OK.CE,500,13,
Manassas Park city,US.VA.MP,500,7,
Wayne County,US.OH.WE,499,58,
Attala County,US.MS.AT,498,24,
Washington County,US.TX.WH,497,38,
Uvalde County,US.TX.UV,496,7,
Grant County,US.IN.GA,496,29,
Jefferson County,US.TN.JE,496,2,
Yadkin County,US.NC.YD,496,6,
Charlottesville City,US.VA.CE,495,13,
Tallahatchie County,US.MS.TL,493,10,
Graham County,US.AZ.GA,490,9,
McMinn County,US.TN.MM,489,20,
Macon County,US.IL.MC,489,23,
Upson County,US.GA.UP,488,46,
Elko County,US.NV.EL,488,2,
Fremont County,US.WY.FR,488,11,
Jackson County,US.OK.JA,486,4,
Pearl River County,US.MS.PL,485,36,
Cassia County,US.ID.CS,483,1,
Curry County,US.NM.CU,483,2,
Richmond County,US.NC.RI,481,8,
Adams County,US.PA.AD,480,20,
Rockingham County,US.NC.RC,480,3,
Laramie County,US.WY.LA,479,3,
Lawrence County,US.TN.LW,478,6,
Christian County,US.KY.CH,476,6,
Frio County,US.TX.FO,475,5,
Vigo County,US.IN.VI,474,10,
La Paz County,US.AZ.LA,474,10,
Petersburg city,US.VA.PB,473,13,
Johnson County,US.MO.JO,473,2,
Miller County,US.AR.ML,470,4,
Lynchburg city,US.VA.LY,469,2,
Hale County,US.AL.HA,468,26,
Oceana County,US.MI.OA,467,6,
Butts County,US.GA.BU,466,37,
Dearborn County,US.IN.DR,465,28,
Columbia County,US.PA.CO,462,35,
Erath County,US.TX.ER,462,5,
Merrimack County,US.NH.ME,458,21,
Taney County,US.MO.TA,456,3,
Eaton County,US.MI.EA,456,8,
Roanoke County,US.VA.RE,456,7,
Holmes County,US.FL.HO,455,2,
Walla Walla County,US.WA.WL,454,3,
Jasper County,US.IA.JS,454,24,
Walthall County,US.MS.WT,453,18,
Calhoun County,US.TX.CU,453,3,
St. Croix County,US.WI.SI,452,2,
Perry County,US.AL.PE,452,4,
Lonoke County,US.AR.LO,452,2,
Macon County,US.NC.MN,450,2,
Jefferson County,US.GA.JR,449,6,
Riley County,US.KS.RL,449,5,
Muskogee County,US.OK.MO,448,16,
Bullock County,US.AL.BL,446,12,
Cowlitz County,US.WA.CW,446,5,
Adams County,US.IL.AD,445,4,
Minidoka County,US.ID.MI,444,2,
Bamberg County,US.SC.BM,444,17,
Marlboro County,US.SC.ML,443,4,
Morehouse Parish,US.LA.MO,443,11,
Plymouth County,US.IA.PM,443,8,
Monroe County,US.AL.MR,442,5,
Winston County,US.AL.WN,442,11,
Wright County,US.IA.WG,441,1,
Chickasaw County,US.MS.CS,438,19,
Caroline County,US.MD.CO,438,3,
Greensville County,US.VA.GS,437,10,
Hood County,US.TX.HO,437,9,
St. Louis County,US.MN.ST,436,19,
Randolph County,US.IL.RA,435,7,
Pettis County,US.MO.PS,435,3,
Obion County,US.TN.OB,435,4,
Union County,US.AR.UN,435,16,
Jerome County,US.ID.JR,433,6,
Scurry County,US.TX.SU,433,1,
Henderson County,US.TN.HS,431,0,
Monroe County,US.GA.MN,428,23,
Worth County,US.GA.WO,427,23,
Washington County,US.GA.WG,427,2,
Carter County,US.TN.CT,427,5,
Emanuel County,US.GA.EM,426,7,
Tattnall County,US.GA.TT,425,1,
Plaquemines Parish,US.LA.PL,425,19,
Morgan County,US.IN.MG,425,32,
Lauderdale County,US.TN.LU,423,6,
Lapeer County,US.MI.LP,421,32,
Wilcox County,US.AL.WC,420,9,
Todd County,US.MN.TO,420,2,
Grady County,US.GA.GD,419,5,
Madison County,US.NE.MA,419,5,
Saluda County,US.SC.SA,419,7,
Noxubee County,US.MS.NO,419,10,
Broomfield County and City,US.CO.BR,417,32,
Coffee County,US.TN.CF,417,2,
Lyon County,US.MN.LY,416,3,
Bacon County,US.GA.BC,415,6,
Saline County,US.MO.SI,415,7,
Burke County,US.GA.BE,415,7,
Clinton County,US.MI.CN,414,13,
Fayette County,US.PA.FA,414,4,
Wilson County,US.TX.WS,414,16,
Van Buren County,US.MI.VA,414,11,
Grady County,US.OK.GD,412,6,
Liberty County,US.FL.LI,412,2,
Fairbanks North Star Borough,US.AK.FA,410,5,
Brown County,US.SD.BW,410,3,
Waller County,US.TX.WR,408,3,
Northumberland County,US.PA.NU,407,11,
Atascosa County,US.TX.AT,405,15,
Franklin County,US.MA.FR,405,60,
Cook County,US.GA.CO,405,6,
Jeff Davis County,US.GA.JF,404,6,
Delaware County,US.OK.DL,403,19,
Baker County,US.FL.BK,403,4,
Hopkins County,US.KY.HO,403,33,
Warren County,US.TN.WR,403,4,
Lenawee County,US.MI.LN,402,12,
Ross County,US.OH.RO,401,4,
Coles County,US.IL.CE,401,19,
Madison County,US.NY.MA,401,9,
Hardin County,US.TN.HI,401,7,
Adams County,US.WA.AD,400,4,
Pottawatomie County,US.OK.PT,400,8,
Claiborne County,US.MS.CB,400,13,
Cocke County,US.TN.CE,400,1,
Queen Anne's County,US.MD.QU,399,25,
Randolph County,US.AL.RA,399,11,
Winn Parish,US.LA.WI,398,7,
Independence County,US.AR.IN,398,0,
McClain County,US.OK.ML,397,4,
Taylor County,US.FL.TA,396,3,
Madison County,US.KY.MD,396,1,
Okmulgee County,US.OK.OM,396,3,
Oconee County,US.GA.OC,396,15,
Jackson County,US.NC.JA,395,3,
Lincoln County,US.OR.LC,395,9,
Jackson County,US.OR.JA,394,1,
Greene County,US.AR.GE,393,1,
Winchester city,US.VA.WH,392,4,
Sauk County,US.WI.SU,392,3,
Glades County,US.FL.GL,392,3,
Hampton County,US.SC.HA,391,6,
Crawford County,US.KS.CR,391,1,
Gulf County,US.FL.GU,390,2,
Shasta County,US.CA.SH,390,9,
Charlton County,US.GA.CT,389,3,
Tazewell County,US.IL.TA,388,8,
Union County,US.OR.UN,388,2,
Conecuh County,US.AL.CO,387,10,
Yamhill County,US.OR.YA,386,11,
Bryan County,US.OK.BR,385,1,
Putnam County,US.GA.PT,384,17,
Bibb County,US.AL.BI,382,3,
Shelby County,US.TX.SY,381,16,
Pierce County,US.GA.PR,380,6,
Smith County,US.MS.SM,380,13,
Newport County,US.RI.NE,380,4,
Waupaca County,US.WI.WP,379,15,
Cumberland County,US.TN.CU,379,6,
Calhoun County,US.MS.CN,378,8,
Louisa County,US.IA.LO,378,14,
Ogle County,US.IL.OG,377,5,
Huron County,US.OH.HU,376,4,
Jasper County,US.MS.JS,376,8,
Davie County,US.NC.DV,376,3,
Franklin County,US.GA.FR,375,4,
Pittsylvania County,US.VA.PS,375,2,
Dickinson County,US.IA.DI,375,4,
Brooks County,US.GA.BO,374,15,
Pickens County,US.AL.PC,374,10,
Haywood County,US.TN.HY,374,5,
Laurel County,US.KY.LU,374,4,
Caddo County,US.OK.CD,373,14,
Valencia County,US.NM.VA,373,4,
Garfield County,US.OK.GF,372,4,
Greene County,US.TN.GE,371,5,
Clay County,US.MS.CY,370,13,
Fredericksburg City,US.VA.FB,368,2,
Talbot County,US.MD.TA,368,4,
Chaves County,US.NM.CH,367,6,
Osage County,US.OK.OS,367,11,
Sumter County,US.AL.SU,366,18,
Monroe County,US.TN.MR,366,9,
Roane County,US.TN.RA,364,2,
Barnwell County,US.SC.BN,364,3,
Crisp County,US.GA.CP,363,14,
Jefferson County,US.FL.JE,363,5,
Smith County,US.TN.SH,363,3,
Hawkins County,US.TN.HW,362,4,
Kleberg County,US.TX.KL,361,5,
Henry County,US.IN.HY,361,18,
Carbon County,US.PA.CB,360,28,
Ottawa County,US.OH.OT,359,25,
Pasquotank County,US.NC.PU,359,17,
Jackson Parish,US.LA.JA,359,18,
Centre County,US.PA.CT,358,10,
Meriwether County,US.GA.MW,358,5,
Teton County,US.WY.TE,358,1,
Alcorn County,US.MS.AL,357,4,
Clinton County,US.IN.CI,357,3,
La Salle County,US.TX.LS,357,1,
Mercer County,US.PA.ME,356,9,
Prince Edward County,US.VA.PD,356,10,
Portage County,US.WI.PT,355,0,
Freeborn County,US.MN.FR,354,1,
Isle of Wight County,US.VA.IS,353,9,
Bienville Parish,US.LA.BI,353,30,
Scott County,US.MO.ST,352,13,
Dorchester County,US.MD.DO,352,5,
Ontario County,US.NY.OR,351,27,
Giles County,US.TN.GL,351,9,
Cherokee County,US.OK.CK,351,1,
Brown County,US.TX.BN,351,14,
Beaufort County,US.NC.BA,351,2,
Ben Hill County,US.GA.BL,351,3,
Lawrence County,US.PA.LW,349,12,
Clinton County,US.IL.CN,349,17,
Haywood County,US.NC.HW,348,6,
Kerr County,US.TX.KR,348,6,
Warren County,US.VA.WR,348,6,
Big Horn County,US.MT.BI,348,11,
Kittitas County,US.WA.KT,348,17,
Ottawa County,US.OK.OT,347,2,
Buffalo County,US.NE.BF,347,1,
White County,US.IN.WH,347,10,
Early County,US.GA.EA,346,31,
Athens County,US.OH.AS,345,1,
Danville City,US.VA.DA,344,7,
Montgomery County,US.IN.MM,343,21,
Payette County,US.ID.PA,343,2,
Prentiss County,US.MS.PN,342,6,
Prince George County,US.VA.PG,341,2,
Adams County,US.NE.AD,341,11,
Madison County,US.GA.MD,341,4,
Williamson County,US.IL.WS,341,5,
Carroll County,US.AR.CL,340,6,
Bradford County,US.FL.BA,340,4,
Ohio County,US.KY.OH,340,6,
Cibola County,US.NM.CI,340,17,
Lycoming County,US.PA.LY,339,20,
Galax city,US.VA.GA,338,22,
Cabell County,US.WV.CB,338,2,
Hancock County,US.MS.HN,336,14,
Calhoun County,US.SC.CH,335,8,
Strafford County,US.NH.ST,335,13,
Union County,US.SC.UN,335,2,
Barren County,US.KY.BN,334,2,
Rusk County,US.TX.RK,334,2,
Peach County,US.GA.PH,334,12,
McCracken County,US.KY.MK,334,4,
Madison County,US.OH.MO,333,10,
Page County,US.VA.PA,333,24,
Saline County,US.KS.SA,332,5,
Glenn County,US.CA.GL,332,1,
Van Zandt County,US.TX.VN,332,3,
Box Elder County,US.UT.BE,332,2,
Sandusky County,US.OH.SA,332,17,
Marinette County,US.WI.MT,331,3,
Mendocino County,US.CA.MI,331,9,
Colusa County,US.CA.CL,331,4,
Gilchrist County,US.FL.GI,331,3,
Steele County,US.MN.SE,330,1,
Branch County,US.MI.BC,330,2,
Scott County,US.KY.SC,330,0,
Grant County,US.WI.GA,329,14,
Shiawassee County,US.MI.SH,329,28,
Calhoun County,US.FL.CA,328,7,
Lawrence County,US.IN.LW,328,27,
West Feliciana Parish,US.LA.WF,326,16,
Cole County,US.MO.CE,325,2,
Henderson County,US.KY.HE,324,4,
Elbert County,US.GA.EL,324,1,
Summit County,US.CO.SU,323,4,
Holmes County,US.OH.HL,322,6,
Darke County,US.OH.DA,321,27,
Jackson County,US.TX.JA,320,5,
Hancock County,US.OH.HN,320,2,
Tishomingo County,US.MS.TS,320,4,
Macon County,US.AL.MC,319,13,
York County,US.VA.YO,318,3,
Platte County,US.MO.PT,318,10,
Nye County,US.NV.NY,318,9,
Carson City,US.NV.CA,318,7,
Stephenson County,US.IL.SN,318,6,
Richmond County,US.VA.RI,317,4,
Clinton County,US.IA.CN,317,3,
Wayne County,US.IN.WY,317,9,
McNairy County,US.TN.MA,316,5,
Lawrence County,US.AL.LW,316,0,
Bullitt County,US.KY.BI,315,4,
Washington County,US.AL.WS,315,11,
Decatur County,US.IN.DC,314,32,
Carroll County,US.VA.CL,314,14,
Lincoln County,US.MO.LO,314,1,
Whiteside County,US.IL.WD,313,16,
Lawrence County,US.MS.LW,313,5,
Nicollet County,US.MN.NI,312,13,
Nevada County,US.CA.NE,312,1,
Bannock County,US.ID.BO,312,2,
Yalobusha County,US.MS.YL,312,10,
Tippah County,US.MS.TP,312,12,
Greene County,US.NC.GE,311,3,
Wise County,US.TX.WE,311,5,
Jefferson County,US.OR.JE,311,3,
Midland County,US.MI.MD,311,10,
Parmer County,US.TX.PM,311,7,
Tuscola County,US.MI.TU,310,28,
Camden County,US.MO.CM,309,4,
Mecklenburg County,US.VA.ME,309,32,
Hill County,US.TX.HI,308,3,
Carter County,US.OK.CR,308,3,
Bedford County,US.VA.BF,307,6,
St. Francois County,US.MO.SF,307,2,
Itawamba County,US.MS.IT,307,10,
Trempealeau County,US.WI.TR,307,2,
Manitowoc County,US.WI.MW,306,1,
Benton County,US.MN.BN,306,3,
Milam County,US.TX.MI,306,3,
DeKalb County,US.TN.DE,305,1,
Adair County,US.OK.AD,305,5,
Morrow County,US.OR.MO,305,1,
Matanuska-Susitna Borough,US.AK.MA,305,2,
Kenai Peninsula Borough,US.AK.KN,304,2,
Bristol County,US.RI.BR,304,15,
Anson County,US.NC.AN,303,2,
Union County,US.IL.UN,303,21,
Logan County,US.KY.LO,302,22,
White County,US.GA.WH,302,5,
Lumpkin County,US.GA.LP,302,6,
Crenshaw County,US.AL.CA,301,4,
Dawson County,US.GA.DW,301,3,
Carteret County,US.NC.CE,300,4,
Jessamine County,US.KY.JS,300,0,
Howard County,US.AR.HW,300,2,
Karnes County,US.TX.KS,300,4,
Clarke County,US.MS.CE,300,25,
Warren County,US.NY.WR,300,30,
Fayette County,US.TX.FT,300,13,
Watonwan County,US.MN.WT,298,0,
Abbeville County,US.SC.AB,297,6,
Polk County,US.OR.PO,296,12,
Atkinson County,US.GA.AT,296,2,
Rio Arriba County,US.NM.RI,296,5,
McDuffie County,US.GA.MU,296,9,
Butler County,US.KY.BR,295,15,
Hertford County,US.NC.HD,295,11,
Pickens County,US.GA.PE,295,5,
Orleans County,US.NY.OL,295,55,
Northampton County,US.VA.NA,294,28,
Harrison County,US.IN.HI,294,22,
Montgomery County,US.MS.MT,293,3,
Jefferson County,US.WV.JE,292,4,
Terrell County,US.GA.TL,292,30,
Cass County,US.MI.CS,292,10,
Steuben County,US.NY.ST,292,39,
Jasper County,US.TX.JR,291,5,
Wood County,US.TX.WO,291,5,
Huntingdon County,US.PA.HU,290,4,
Montgomery County,US.VA.MO,289,3,
Scotts Bluff County,US.NE.SC,289,6,
Greene County,US.NY.GR,289,13,
Chaffee County,US.CO.CA,287,19,
Concordia Parish,US.LA.CR,287,8,
Washington County,US.IA.WS,287,10,
Franklin County,US.TN.FR,286,4,
Scotland County,US.NC.SC,286,2,
Christian County,US.MO.CT,286,1,
Mayes County,US.OK.MY,285,6,
Fulton County,US.NY.FU,285,28,
Phillips County,US.AR.PH,284,6,
Fannin County,US.GA.FN,284,2,
Hancock County,US.GA.HC,283,34,
Montrose County,US.CO.MO,283,13,
Grant Parish,US.LA.GR,282,9,
Grundy County,US.IL.GU,282,5,
Bell County,US.KY.BL,281,2,
Morton County,US.ND.MR,281,3,
Edgefield County,US.SC.ED,281,5,
Northampton County,US.NC.NO,279,16,
Choctaw County,US.AL.CC,279,12,
Sussex County,US.VA.SS,279,9,
Monroe County,US.IL.MR,278,13,
Tunica County,US.MS.TU,278,6,
Dixie County,US.FL.DI,277,4,
Weakley County,US.TN.WE,276,3,
Indiana County,US.PA.IN,275,6,
Cambria County,US.PA.CI,274,3,
Allegany County,US.MD.AL,273,18,
Genesee County,US.NY.GE,273,6,
Alexander County,US.NC.AE,271,2,
Mesa County,US.CO.ME,271,3,
Humphreys County,US.MS.HU,271,11,
Jones County,US.GA.JE,270,3,
Panola County,US.TX.PN,270,17,
Hart County,US.GA.HT,269,2,
Missoula County,US.MT.MS,267,1,
Andrews County,US.TX.AR,267,6,
White County,US.AR.WH,266,2,
Stokes County,US.NC.SO,266,3,
Ionia County,US.MI.II,266,5,
Uinta County,US.WY.UI,265,0,
Marshall County,US.TN.MS,265,2,
Sequoyah County,US.OK.SQ,264,4,
Catahoula Parish,US.LA.CT,264,4,
Berrien County,US.GA.BN,263,0,
Flathead County,US.MT.FL,263,2,
Cherokee County,US.AL.CH,263,8,
St. Lawrence County,US.NY.SI,262,4,
Knox County,US.IL.KX,262,1,
Madison County,US.AR.MD,262,1,
Watauga County,US.NC.WT,261,0,
Randolph County,US.GA.RN,261,26,
Pulaski County,US.KY.PU,260,2,
West Carroll Parish,US.LA.WC,259,5,
Barron County,US.WI.BR,259,3,
Eddy County,US.NM.ED,258,4,
Calumet County,US.WI.CA,258,2,
Hopewell city,US.VA.HW,258,5,
Miami County,US.IN.MI,258,2,
Henry County,US.AL.HE,257,4,
Gunnison County,US.CO.GU,257,6,
Franklin County,US.KY.FR,257,5,
Ohio County,US.WV.OH,255,4,
Dunklin County,US.MO.DU,255,4,
Washington County,US.NY.WS,255,14,
Linn County,US.OR.LN,254,10,
Ashley County,US.AR.AS,254,4,
Lincoln County,US.TN.LI,254,1,
Greene County,US.GA.GE,254,11,
Telfair County,US.GA.TF,254,7,
Augusta County,US.VA.AU,253,4,
Hillsdale County,US.MI.HI,251,25,
Sweetwater County,US.WY.SW,250,2,
Scott County,US.IN.SC,250,10,
Stewart County,US.GA.SW,250,5,
Le Flore County,US.OK.LE,249,1,
Houston County,US.TX.HS,249,6,
Bertie County,US.NC.BT,249,5,
Iroquois County,US.IL.IR,249,7,
Oswego County,US.NY.OS,248,3,
Wayne County,US.NY.WN,247,2,
Newaygo County,US.MI.NE,247,0,
Butler County,US.MO.BE,247,2,
Winona County,US.MN.WN,247,16,
Daviess County,US.IN.DI,246,19,
Tehama County,US.CA.TE,246,1,
St. Helena Parish,US.LA.SH,246,1,
Colorado County,US.TX.CO,246,2,
Herkimer County,US.NY.HE,246,5,
Geneva County,US.AL.GE,246,1,
Carroll County,US.MS.CL,245,11,
Greene County,US.AL.GR,245,11,
Banks County,US.GA.BS,244,3,
Warren County,US.NC.WR,243,6,
Dooly County,US.GA.DO,242,14,
La Salle Parish,US.LA.LA,242,2,
Wood County,US.WI.WO,241,1,
Martin County,US.NC.MR,240,6,
Southampton County,US.VA.SA,240,13,
Greene County,US.IN.GE,239,34,
Island County,US.WA.IS,239,12,
Reno County,US.KS.RN,239,1,
Hamilton County,US.IA.HM,239,1,
Cherokee County,US.NC.CO,239,3,
Owyhee County,US.ID.OW,238,1,
Butler County,US.KS.BU,237,0,
Lamar County,US.GA.LM,237,9,
Humboldt County,US.CA.HU,236,4,
Wood County,US.WV.WO,236,4,
Kent County,US.MD.KE,235,23,
Luna County,US.NM.LU,235,3,
Chautauqua County,US.NY.CQ,234,4,
Williams County,US.ND.WI,233,2,
Blair County,US.PA.BL,233,3,
Burleson County,US.TX.BU,231,5,
Hickman County,US.TN.HN,231,0,
Tompkins County,US.NY.TO,230,0,
Barry County,US.MO.BR,230,0,
Jenkins County,US.GA.JK,230,22,
Candler County,US.GA.CR,229,4,
Carroll County,US.TN.CR,228,3,
Boone County,US.IA.BO,228,2,
Brantley County,US.GA.BA,228,4,
Johnson County,US.GA.JH,227,10,
Evans County,US.GA.EV,227,1,
Columbia County,US.WI.CO,227,1,
Turner County,US.GA.TR,227,18,
Union County,US.GA.UN,227,6,
Morgan County,US.GA.MO,226,0,
Greene County,US.MS.GE,226,11,
Crockett County,US.TN.CK,226,3,
Monroe County,US.WI.MO,226,1,
Union County,US.FL.UN,225,4,
Quitman County,US.MS.QU,225,1,
Alamosa County,US.CO.AL,224,9,
Franklin County,US.IN.FR,224,10,
Kemper County,US.MS.KE,223,15,
Perry County,US.MS.PY,222,7,
Putnam County,US.IN.PT,222,8,
Auglaize County,US.OH.AU,222,5,
DeKalb County,US.IN.DE,222,4,
Claiborne Parish,US.LA.CI,221,11,
Claiborne County,US.TN.CI,221,0,
Clay County,US.AL.CY,220,5,
Lawrence County,US.OH.LW,220,0,
Hempstead County,US.AR.HE,220,2,
Pike County,US.KY.PI,219,3,
Echols County,US.GA.EC,218,2,
Camp County,US.TX.CP,218,4,
Franklin County,US.IA.FN,218,4,
Allen County,US.KY.AL,217,8,
Kay County,US.OK.KA,217,10,
Natrona County,US.WY.NA,217,1,
Robertson County,US.TX.RO,216,1,
Wayne County,US.TN.WY,216,1,
Henry County,US.TN.HR,216,0,
Union County,US.OH.UN,216,1,
Vermilion County,US.IL.VE,215,2,
Lanier County,US.GA.LI,215,4,
Stark County,US.ND.SR,214,3,
Pemiscot County,US.MO.PM,214,8,
Fannin County,US.TX.FI,214,8,
Crow Wing County,US.MN.CW,213,13,
Campbell County,US.TN.CM,213,1,
Orange County,US.VA.OR,213,3,
Austin County,US.TX.AU,213,3,
Brunswick County,US.VA.BU,212,1,
Chenango County,US.NY.CH,211,6,
Amite County,US.MS.AM,210,5,
Chippewa County,US.WI.CH,210,0,
Jennings County,US.IN.JN,210,12,
Susquehanna County,US.PA.SS,210,26,
Pecos County,US.TX.PE,209,1,
Dinwiddie County,US.VA.DN,209,6,
Refugio County,US.TX.RF,209,0,
Stoddard County,US.MO.SD,209,9,
Lake County,US.CA.LK,208,1,
Garvin County,US.OK.GV,208,4,
Perry County,US.MO.PR,208,4,
Jasper County,US.IN.JS,208,2,
Harlan County,US.KY.HL,207,3,
Live Oak County,US.TX.LK,207,1,
Henry County,US.IL.HY,207,1,
Lyon County,US.NV.LY,206,5,
Jefferson County,US.OH.JE,206,3,
Randolph County,US.WV.RN,205,0,
Marion County,US.TN.MI,205,4,
Lamar County,US.AL.LM,204,2,
Martin County,US.MN.MT,204,5,
Lamb County,US.TX.LB,203,7,
Adair County,US.KY.AD,203,19,
Morgan County,US.IL.MG,203,5,
Cass County,US.IL.CS,202,11,
Columbia County,US.AR.CI,202,6,
Dare County,US.NC.DE,202,2,
Grand Traverse County,US.MI.GN,202,5,
Jefferson Davis County,US.MS.JD,202,6,
Le Sueur County,US.MN.LU,201,1,
Isabella County,US.MI.IB,201,9,
Knox County,US.KY.KX,201,8,
Person County,US.NC.PN,201,2,
Thurston County,US.NE.TU,201,4,
Elmore County,US.ID.EL,201,3,
Pittsburg County,US.OK.PI,201,3,
Arkansas County,US.AR.AR,201,0,
Gibson County,US.IN.GI,200,4,
Cooke County,US.TX.OO,200,3,
Steuben County,US.IN.SE,200,3,
Caldwell Parish,US.LA.CW,200,2,
Laclede County,US.MO.LD,200,1,
Webster County,US.MS.WE,199,12,
Limestone County,US.TX.LO,199,3,
Union County,US.SD.UN,199,4,
Harrison County,US.WV.HR,198,1,
Chattooga County,US.GA.CG,198,2,
La Plata County,US.CO.LA,198,2,
Washington County,US.OH.WS,197,22,
Haralson County,US.GA.HS,196,6,
Calloway County,US.KY.CW,196,3,
Raleigh County,US.WV.RL,196,1,
Klamath County,US.OR.KL,196,1,
Logan County,US.AR.LG,195,1,
Pike County,US.GA.PK,195,4,
Westmoreland County,US.VA.WM,195,2,
Palo Pinto County,US.TX.PO,194,6,
White County,US.TN.WH,194,3,
Audrain County,US.MO.AU,194,1,
Calhoun County,US.GA.CU,194,6,
New Madrid County,US.MO.NW,194,1,
Beltrami County,US.MN.BT,193,0,
Chester County,US.TN.CS,193,2,
Upshur County,US.TX.US,193,2,
Rabun County,US.GA.RB,193,3,
Allendale County,US.SC.AL,193,3,
Seminole County,US.OK.SM,193,5,
Jefferson County,US.MS.JF,193,6,
Putnam County,US.OH.PU,192,17,
Polk County,US.MO.PO,192,0,
Jefferson County,US.IL.JF,192,17,
Lawrence County,US.MO.LW,192,2,
Custer County,US.OK.CU,192,0,
Botetourt County,US.VA.BO,192,7,
Ward County,US.ND.WR,191,1,
Caroline County,US.VA.CI,191,4,
Washington County,US.ID.WA,191,2,
Tioga County,US.NY.TI,190,21,
Nelson County,US.KY.NE,190,2,
Red River Parish,US.LA.RE,189,11,
Dodge County,US.GA.DG,189,3,
Logan County,US.OK.LG,189,1,
Oglethorpe County,US.GA.OG,189,7,
Perry County,US.KY.PR,189,3,
Lewis County,US.WA.LE,189,3,
Scioto County,US.OH.SC,188,1,
Armstrong County,US.PA.AR,188,6,
Otero County,US.NM.OT,188,10,
Ripley County,US.IN.RI,188,7,
Bingham County,US.ID.BG,187,2,
Bremer County,US.IA.BR,187,7,
Wilkinson County,US.MS.WK,187,12,
Caswell County,US.NC.CS,186,2,
Clarke County,US.IA.CK,186,3,
Coshocton County,US.OH.CS,186,6,
Colonial Heights city,US.VA.CH,185,21,
Wilkinson County,US.GA.WI,185,10,
Wayne County,US.WV.WA,185,9,
Lawrence County,US.AR.LW,185,10,
Brewster County,US.TX.BS,184,2,
Warren County,US.IL.WR,183,0,
Pulaski County,US.MO.PA,183,1,
Gray County,US.TX.GY,183,2,
Oconto County,US.WI.OC,183,0,
Fayette County,US.AL.FA,182,5,
Cleburne County,US.AR.CB,182,5,
Muskingum County,US.OH.MU,181,1,
Geary County,US.KS.GE,181,1,
Hockley County,US.TX.HC,181,4,
Grayson County,US.KY.GY,181,11,
Montcalm County,US.MI.MC,181,1,
Carroll County,US.IA.CL,181,1,
Washington County,US.VA.WG,181,4,
Harvey County,US.KS.HV,180,3,
Douglas County,US.NV.DO,180,0,
Sharkey County,US.MS.SH,180,1,
Marion County,US.WV.MI,179,2,
Dallam County,US.TX.DL,179,5,
Chisago County,US.MN.CG,179,1,
Emmet County,US.IA.EM,179,1,
Wilkes County,US.GA.WS,179,3,
Maui County,US.HI.MA,178,6,
Clark County,US.WI.CL,177,7,
Pontotoc County,US.OK.PN,177,2,
Clinch County,US.GA.CC,176,4,
Otter Tail County,US.MN.OT,176,3,
Nottoway County,US.VA.NY,176,9,
Boone County,US.AR.BO,176,1,
Goodhue County,US.MN.GO,176,8,
Stephens County,US.OK.ST,175,2,
Zavala County,US.TX.ZV,175,5,
Macon County,US.GA.MC,175,10,
Fluvanna County,US.VA.FV,175,8,
Randolph County,US.AR.RA,175,3,
Screven County,US.GA.SR,175,9,
Pierce County,US.WI.PI,174,0,
Boyd County,US.KY.BD,174,3,
Union County,US.PA.UN,173,2,
Cross County,US.AR.CO,172,2,
Barry County,US.MI.BR,172,2,
Johnson County,US.TN.JO,172,0,
Perry County,US.IN.PE,172,12,
Putnam County,US.WV.PU,172,0,
Pitkin County,US.CO.PI,172,2,
Martinsville city,US.VA.MR,171,3,
Cottonwood County,US.MN.CT,171,0,
Warren County,US.MO.WR,171,0,
Gillespie County,US.TX.GL,171,4,
Clay County,US.IA.CY,171,1,
Castro County,US.TX.AS,170,3,
Wasco County,US.OR.WC,170,3,
Kennebec County,US.ME.KE,169,11,
Knox County,US.OH.KN,169,2,
Hopkins County,US.TX.HP,169,1,
Hood River County,US.OR.HO,169,0,
Grainger County,US.TN.GA,169,0,
Hardin County,US.IA.HD,168,0,
Crawford County,US.OH.CF,168,5,
Poinsett County,US.AR.PN,167,3,
Wilcox County,US.GA.WC,167,18,
Emporia city,US.VA.EM,167,15,
Livingston County,US.NY.LI,167,6,
Waynesboro city,US.VA.WS,167,3,
Louisa County,US.VA.LI,167,2,
Cameron Parish,US.LA.CM,167,0,
Preble County,US.OH.PR,166,2,
Drew County,US.AR.DR,166,2,
Choctaw County,US.OK.CA,166,1,
Mercer County,US.WV.MR,165,3,
Polk County,US.TN.PO,165,1,
Starke County,US.IN.SR,165,7,
Orange County,US.IN.OR,164,24,
Lake County,US.MT.LA,164,1,
Chemung County,US.NY.CM,163,3,
Mason County,US.WA.MA,163,1,
Cattaraugus County,US.NY.CG,162,6,
Nodaway County,US.MO.NO,162,0,
Seneca County,US.OH.SE,161,3,
Shawano County,US.WI.SA,161,0,
Wabash County,US.IN.WB,161,3,
Decatur County,US.TN.DC,161,2,
Montgomery County,US.NY.MT,160,4,
Shelby County,US.IA.SH,160,1,
Shelby County,US.OH.SH,160,4,
Franklin County,US.VA.FN,160,1,
Desha County,US.AR.DE,160,2,
Clark County,US.AR.CK,159,0,
Franklin County,US.KS.FR,159,1,
Gem County,US.ID.GE,159,0,
Lafayette County,US.MO.LF,158,2,
Wayne County,US.PA.WN,158,8,
Franklin County,US.FL.FR,158,2,
Bailey County,US.TX.BY,158,4,
Posey County,US.IN.PS,158,0,
Morrow County,US.OH.MW,158,2,
Cowley County,US.KS.CL,158,2,
Aransas County,US.TX.AA,158,12,
Marion County,US.MO.MO,157,1,
Zapata County,US.TX.ZP,157,2,
McIntosh County,US.GA.MH,157,2,
Irwin County,US.GA.IR,157,1,
Campbell County,US.VA.CM,157,2,
Benton County,US.OR.BE,157,6,
Howard County,US.TX.HW,157,3,
Cass County,US.NE.CS,157,1,
Jackson County,US.WV.JA,157,19,
Alleghany County,US.NC.AL,156,0,
Bonner County,US.ID.BR,156,0,
Little River County,US.AR.LT,156,1,
Clark County,US.KY.CK,156,7,
Fayette County,US.IN.FA,155,7,
San Augustine County,US.TX.SG,155,11,
Logan County,US.WV.LO,154,3,
Crockett County,US.TX.CT,154,3,
Casey County,US.KY.CS,154,10,
Marion County,US.IA.MI,154,0,
Lee County,US.TX.LE,153,8,
Cass County,US.TX.CS,153,7,
Duval County,US.TX.DU,152,3,
Stone County,US.MS.ST,152,3,
McIntosh County,US.OK.MI,151,1,
Goochland County,US.VA.GO,151,7,
Allamakee County,US.IA.AL,151,4,
Cascade County,US.MT.CS,150,2,
Penobscot County,US.ME.PE,150,5,
Hardin County,US.OH.HD,150,12,
Montgomery County,US.KS.MG,149,5,
Jefferson County,US.IN.JF,149,2,
Oglala Lakota County,US.SD.SH,149,1,
Franklin city,US.VA.FR,148,6,
Lee County,US.IL.LE,148,2,
San Jacinto County,US.TX.SJ,148,8,
Cayuga County,US.NY.CY,148,2,
Clinton County,US.OH.CI,148,6,
Whitley County,US.IN.WL,148,6,
Greene County,US.VA.GE,147,2,
Bradley County,US.AR.BR,147,3,
Montgomery County,US.IL.MT,147,7,
Poweshiek County,US.IA.PW,146,8,
Jefferson County,US.ID.JF,146,1,
Huron County,US.MI.HU,146,4,
Fulton County,US.IN.FU,146,2,
Marion County,US.GA.MR,145,4,
Mono County,US.CA.MO,145,1,
Gloucester County,US.VA.GL,145,2,
Gratiot County,US.MI.GT,145,15,
Seminole County,US.GA.SI,145,2,
Kendall County,US.TX.KD,145,2,
Carroll County,US.IN.CO,145,2,
Tuolumne County,US.CA.TO,144,2,
Jackson County,US.KS.JA,144,1,
Chowan County,US.NC.CW,144,1,
Whitley County,US.KY.WH,144,1,
Bureau County,US.IL.BU,144,2,
Staunton city,US.VA.SU,143,0,
Becker County,US.MN.BC,143,1,
Trinity County,US.TX.TR,143,2,
Pipestone County,US.MN.PS,143,9,
Jackson County,US.KY.JA,143,14,
Clay County,US.KY.CY,143,5,
Roosevelt County,US.NM.RO,142,1,
Gooding County,US.ID.GO,142,1,
Benton County,US.IA.BN,142,1,
Carroll County,US.KY.CL,142,2,
Halifax County,US.VA.HL,141,1,
Jackson County,US.IA.JC,141,1,
Clearfield County,US.PA.CF,141,0,
Polk County,US.NC.PO,140,5,
McPherson County,US.KS.MP,140,1,
Howell County,US.MO.HW,140,2,
Fulton County,US.OH.FU,140,1,
Freestone County,US.TX.FE,139,0,
Salem city,US.VA.SE,139,3,
Des Moines County,US.IA.DS,139,2,
Young County,US.TX.YU,139,4,
Simpson County,US.KY.SI,139,7,
Unicoi County,US.TN.UC,138,0,
Saunders County,US.NE.SU,138,2,
Leon County,US.TX.LN,138,1,
Marquette County,US.MI.MQ,138,11,
Montgomery County,US.GA.MM,138,1,
Marion County,US.IL.MO,138,0,
Champaign County,US.OH.CH,138,1,
McLeod County,US.MN.MC,138,0,
Dawson County,US.TX.DW,137,4,
Macoupin County,US.IL.MP,137,3,
Mahaska County,US.IA.MK,137,17,
Conway County,US.AR.CN,137,3,
Boyle County,US.KY.BE,137,0,
Reeves County,US.TX.RE,136,3,
Sullivan County,US.MO.SV,136,0,
Ellis County,US.KS.EL,135,1,
Douglas County,US.WI.DG,135,0,
Madison County,US.ID.MA,135,0,
Amador County,US.CA.AM,135,0,
Lewis and Clark County,US.MT.LE,135,1,
Overton County,US.TN.OV,134,1,
Douglas County,US.OR.DO,134,1,
Red River County,US.TX.RV,134,11,
Mingo County,US.WV.MO,134,2,
Wells County,US.IN.WE,134,2,
Grayson County,US.VA.GY,134,4,
Nez Perce County,US.ID.NE,134,19,
Adair County,US.MO.AD,134,0,
Jefferson County,US.NY.JE,134,1,
Nevada County,US.AR.NV,133,9,
Ashland County,US.OH.AL,133,3,
Woodford County,US.KY.WO,133,0,
Bleckley County,US.GA.BK,133,3,
Gaines County,US.TX.GS,132,0,
Highland County,US.OH.HI,132,1,
Lincoln County,US.OK.LI,132,2,
Franklin County,US.IL.FR,132,0,
Crawford County,US.PA.CW,132,1,
Itasca County,US.MN.IT,132,12,
Nolan County,US.TX.NO,131,3,
O'Brien County,US.IA.OB,131,1,
Polk County,US.MN.PL,131,3,
Mississippi County,US.MO.MI,131,0,
Fayette County,US.WV.FA,131,5,
Green County,US.WI.GN,131,1,
Heard County,US.GA.HD,131,3,
Otsego County,US.MI.OS,131,10,
Knox County,US.IN.KN,131,0,
Polk County,US.AR.PL,131,1,
Miami County,US.KS.MI,130,0,
Callaway County,US.MO.CA,130,1,
Douglas County,US.MN.DU,130,0,
Bedford County,US.PA.BO,130,4,
Defiance County,US.OH.DF,129,4,
Lincoln County,US.GA.LC,129,4,
Iosco County,US.MI.IC,129,12,
Juneau County,US.WI.JU,129,1,
Miller County,US.GA.ML,129,0,
McDonough County,US.IL.MU,128,15,
Waseca County,US.MN.WE,128,0,
Powhatan County,US.VA.PH,128,4,
Talbot County,US.GA.TB,128,3,
Bosque County,US.TX.BQ,128,2,
Transylvania County,US.NC.TR,128,1,
Clinton County,US.NY.CL,127,4,
Choctaw County,US.MS.CW,127,4,
Marion County,US.TX.MN,127,7,
Marshall County,US.WV.MH,127,0,
Grant County,US.AR.GN,127,0,
Juniata County,US.PA.JU,127,6,
Pine County,US.MN.PN,127,0,
Perry County,US.IL.PY,126,1,
Jasper County,US.GA.JS,126,1,
Guthrie County,US.IA.GH,126,5,
Floyd County,US.IA.FL,126,2,
Marshall County,US.KY.MH,125,2,
Benton County,US.MS.BE,125,0,
Carlton County,US.MN.CL,125,0,
Calaveras County,US.CA.CA,125,1,
Alpena County,US.MI.AP,125,13,
Somerset County,US.PA.SO,125,2,
King George County,US.VA.KG,124,4,
Dimmit County,US.TX.DM,124,1,
Preston County,US.WV.PR,124,3,
Williams County,US.OH.WI,124,3,
Long County,US.GA.LG,124,1,
Somerset County,US.MD.SO,123,3,
Moniteau County,US.MO.ME,123,2,
Smyth County,US.VA.SM,123,3,
Dodge County,US.MN.DD,123,0,
Jones County,US.IA.JN,123,1,
Logan County,US.OH.LG,123,1,
Cleburne County,US.AL.CB,122,1,
Pawnee County,US.OK.PW,122,3,
Murray County,US.MN.MU,122,1,
Washington County,US.NC.WI,121,3,
Perry County,US.PA.PE,120,5,
Brookings County,US.SD.BK,120,1,
Polk County,US.WI.PL,120,2,
Wyandot County,US.OH.WD,120,7,
Cedar County,US.IA.CD,120,1,
Union County,US.TN.UO,120,0,
Ashe County,US.NC.AS,120,1,
Towns County,US.GA.TW,119,1,
Codington County,US.SD.CD,119,0,
Mountrail County,US.ND.MU,119,1,
New Kent County,US.VA.NK,119,1,
Stutsman County,US.ND.SU,118,2,
Campbell County,US.WY.CM,118,1,
Millard County,US.UT.MD,118,0,
Webster County,US.MO.WE,118,1,
Clay County,US.SD.CY,118,0,
Huntington County,US.IN.HU,118,3,
Amherst County,US.VA.AH,118,0,
Cannon County,US.TN.CN,118,0,
Park County,US.WY.PA,117,0,
Franklin County,US.VT.FR,117,6,
Hawaii County,US.HI.HA,117,0,
Effingham County,US.IL.EF,116,1,
Washington County,US.IN.WS,116,1,
Terry County,US.TX.TE,116,2,
Franklin County,US.MS.FR,116,2,
Hancock County,US.IA.HN,116,2,
Harrison County,US.KY.HS,116,0,
Christian County,US.IL.CI,115,4,
Patrick County,US.VA.PK,115,3,
Tyler County,US.TX.TY,115,2,
Clinton County,US.PA.CN,115,5,
Spencer County,US.IN.SP,114,3,
Otsego County,US.NY.OO,114,4,
Williamsburg City,US.VA.WL,114,6,
Hutchinson County,US.TX.UT,114,2,
Mineral County,US.WV.ML,113,4,
Saline County,US.IL.SE,113,1,
Wyoming County,US.NY.WM,113,5,
Montgomery County,US.KY.MM,113,0,
Butler County,US.IA.BE,113,2,
Pocahontas County,US.IA.PC,113,1,
Jo Daviess County,US.IL.JO,113,1,
Teller County,US.CO.TE,113,3,
Lafayette County,US.FL.LF,113,1,
Henry County,US.IA.HE,113,3,
Fremont County,US.CO.FR,112,0,
Pottawatomie County,US.KS.PT,112,0,
Sanpete County,US.UT.SP,112,0,
Brown County,US.OH.BR,112,1,
Kingfisher County,US.OK.KN,111,0,
Hughes County,US.OK.HU,111,1,
Guernsey County,US.OH.GU,111,7,
Dade County,US.GA.DD,111,1,
Hocking County,US.OH.HC,111,9,
Kewaunee County,US.WI.KW,110,2,
Lafayette County,US.WI.LF,110,0,
Labette County,US.KS.LB,110,0,
Newton County,US.IN.NE,110,10,
Falls County,US.TX.FL,110,2,
Delta County,US.CO.DT,110,1,
Buchanan County,US.IA.BC,110,1,
Marion County,US.KY.MN,110,0,
Isanti County,US.MN.IS,110,0,
Belknap County,US.NH.BE,109,4,
Greene County,US.PA.GR,109,1,
Clay County,US.AR.CY,109,4,
Mifflin County,US.PA.MI,109,1,
Lincoln County,US.NM.LI,109,1,
Wythe County,US.VA.WY,108,3,
Routt County,US.CO.RT,108,6,
Franklin County,US.AR.FR,108,2,
Carroll County,US.OH.CO,108,5,
Buffalo County,US.SD.BF,108,3,
Montezuma County,US.CO.MZ,108,4,
Waushara County,US.WI.WS,107,0,
Comanche County,US.TX.CE,107,3,
Tipton County,US.IN.TT,107,5,
Josephine County,US.OR.JO,107,1,
Runnels County,US.TX.RN,107,1,
Saguache County,US.CO.SG,107,2,
Henry County,US.OH.HE,106,1,
Klickitat County,US.WA.KL,106,3,
Jackson County,US.TN.JA,106,1,
Washington County,US.NE.WS,106,1,
Perry County,US.OH.PE,106,2,
Sharp County,US.AR.SH,106,5,
McCormick County,US.SC.MC,105,2,
Humphreys County,US.TN.HU,105,3,
Swain County,US.NC.SW,105,2,
Dunn County,US.WI.DN,105,0,
Scott County,US.TN.SC,104,0,
Delaware County,US.NY.DE,104,4,
Miller County,US.MO.ML,104,0,
Grafton County,US.NH.GR,103,1,
Randolph County,US.IN.RA,103,4,
Yankton County,US.SD.YA,102,2,
Douglas County,US.IL.DO,102,2,
Madison County,US.IA.MD,102,2,
Spencer County,US.KY.SP,102,0,
Hancock County,US.WV.HN,102,0,
Taylor County,US.KY.TA,101,2,
Grundy County,US.TN.GU,101,2,
Barton County,US.KS.BT,101,3,
Grant County,US.KY.GT,101,5,
Windham County,US.VT.WH,101,3,
Lyon County,US.IA.LY,100,0,
Charles Mix County,US.SD.CH,100,0,
Lee County,US.VA.LE,100,1,
Russell County,US.KY.RU,100,5,
Treutlen County,US.GA.TE,100,3,
Coosa County,US.AL.CS,100,2,
Pushmataha County,US.OK.PU,100,0,
Menominee County,US.MI.MM,100,0,
Carroll County,US.MO.CL,99,0,
Taos County,US.NM.TA,99,1,
Lincoln County,US.KY.LN,99,1,
Grays Harbor County,US.WA.GY,99,1,
Gogebic County,US.MI.GO,99,1,
Sumner County,US.KS.SU,98,3,
Cooper County,US.MO.CP,98,0,
Tazewell County,US.VA.TA,98,0,
Walsh County,US.ND.WL,98,0,
Newton County,US.AR.NW,98,3,
Meigs County,US.TN.ME,98,0,
Snyder County,US.PA.SN,98,2,
Chippewa County,US.MN.CP,98,1,
Woodford County,US.IL.WO,98,3,
Blanco County,US.TX.BC,98,4,
Morris County,US.TX.MR,97,1,
Garza County,US.TX.GR,97,2,
Cherokee County,US.IA.CE,97,1,
Clay County,US.IN.CY,97,5,
Benton County,US.TN.BN,97,1,
Sanilac County,US.MI.SL,97,6,
Crawford County,US.MI.CF,97,5,
Fayette County,US.OH.FY,97,0,
Clayton County,US.IA.CT,97,3,
Mason County,US.MI.MN,97,0,
Marshall County,US.OK.MH,97,0,
Ray County,US.MO.RY,96,0,
Seward County,US.NE.SA,96,1,
Humboldt County,US.NV.HU,96,4,
Harrison County,US.IA.HR,96,0,
Hamilton County,US.NE.HM,96,12,
Edmonson County,US.KY.ED,95,12,
Carter County,US.KY.CR,95,1,
Lee County,US.IA.LE,95,3,
Lincoln County,US.NE.LI,95,2,
Henry County,US.KY.HY,94,2,
Clallam County,US.WA.CL,94,0,
Sequatchie County,US.TN.SQ,94,0,
Benson County,US.ND.BE,94,1,
Twiggs County,US.GA.TG,94,3,
Wise County,US.VA.WI,94,3,
Montour County,US.PA.MO,93,3,
Taylor County,US.IA.TY,93,0,
Richland County,US.ND.RI,93,0,
Cheshire County,US.NH.CH,92,2,
Lincoln County,US.WY.LI,92,0,
Livingston County,US.IL.LI,92,2,
Stevens County,US.WA.ST,92,1,
Cortland County,US.NY.CD,92,1,
Monroe County,US.OH.ME,91,18,
Pulaski County,US.IL.PL,91,0,
City and Borough of Juneau,US.AK.JU,91,1,
Monona County,US.IA.MO,90,0,
Tyrrell County,US.NC.TY,90,1,
Del Norte County,US.CA.DE,90,0,
Delaware County,US.IA.DA,90,1,
Carroll County,US.NH.CA,89,1,
Rutland County,US.VT.RU,89,1,
Humboldt County,US.IA.HU,89,1,
Crawford County,US.GA.CW,89,0,
Oneida County,US.WI.ON,89,0,
Greenup County,US.KY.GU,89,1,
Monroe County,US.KY.MO,88,2,
Pulaski County,US.GA.PL,88,2,
Latah County,US.ID.LA,88,0,
Iowa County,US.IA.IO,88,1,
Lyman County,US.SD.LY,88,2,
Albany County,US.WY.AL,88,0,
Stone County,US.MO.SE,88,1,
Davison County,US.SD.DV,88,0,
Hidalgo County,US.NM.HI,88,0,
Whitman County,US.WA.WI,87,0,
Greenbrier County,US.WV.GE,87,3,
Rio Grande County,US.CO.RG,87,2,
Brooks County,US.TX.BK,87,1,
Elbert County,US.CO.EB,87,2,
Seneca County,US.NY.SC,86,1,
Newton County,US.TX.NE,86,4,
Logan County,US.IL.LO,86,0,
Llano County,US.TX.LL,86,1,
Door County,US.WI.DO,85,3,
Yoakum County,US.TX.YA,85,1,
Brown County,US.MN.BR,85,2,
Meade County,US.KY.MA,85,2,
Coos County,US.OR.CO,85,0,
Avery County,US.NC.AV,84,0,
Wheeler County,US.GA.WL,84,1,
Bennington County,US.VT.BE,84,1,
Lampasas County,US.TX.LP,84,1,
Lake County,US.SD.LK,84,2,
Ochiltree County,US.TX.OC,84,2,
Hughes County,US.SD.HG,84,2,
Andrew County,US.MO.AN,84,1,
Franklin County,US.TX.FK,84,1,
Ward County,US.TX.WD,83,1,
Bandera County,US.TX.BA,83,3,
Floyd County,US.KY.FO,83,2,
Floyd County,US.TX.FY,83,5,
Meeker County,US.MN.ME,83,2,
Faribault County,US.MN.FA,83,0,
Morrison County,US.MN.MR,83,1,
Essex County,US.VA.ES,83,1,
Carbon County,US.WY.CB,82,1,
Gage County,US.NE.GG,82,4,
Fairfax city,US.VA.FC,82,7,
Clatsop County,US.OR.CT,82,0,
Winneshiek County,US.IA.WH,82,1,
Grant County,US.KS.GT,82,2,
Gentry County,US.MO.GT,82,9,
Hartley County,US.TX.HL,82,0,
Morgan County,US.TN.MG,82,1,
Jay County,US.IN.JY,82,0,
Bradford County,US.PA.BF,82,3,
Greer County,US.OK.GE,81,8,
Pike County,US.AR.PE,81,1,
Delta County,US.MI.DE,81,3,
Webster County,US.KY.WE,81,1,
Sac County,US.IA.SA,81,0,
Siskiyou County,US.CA.SK,81,0,
Douglas County,US.MO.DO,81,2,
Wabasha County,US.MN.WB,81,0,
Grant County,US.WV.GA,81,0,
Ouachita County,US.AR.OU,81,1,
Calhoun County,US.IA.CO,81,2,
Mills County,US.IA.ML,81,0,
Adams County,US.IN.AD,81,2,
Fayette County,US.IA.FT,80,0,
Hart County,US.KY.HT,80,0,
Duchesne County,US.UT.DU,80,0,
Clay County,US.GA.CY,80,2,
Sevier County,US.UT.SE,79,2,
Columbia County,US.OR.CL,79,0,
Rush County,US.IN.RU,79,4,
Gallatin County,US.KY.GL,79,8,
Boone County,US.WV.BN,79,0,
McKenzie County,US.ND.MK,79,1,
Sibley County,US.MN.SI,79,2,
Mitchell County,US.NC.MI,78,2,
Owen County,US.IN.OW,78,1,
Shoshone County,US.ID.SH,78,2,
Jefferson County,US.IA.JE,78,0,
Palo Alto County,US.IA.PO,78,0,
Osceola County,US.IA.OS,77,0,
Kossuth County,US.IA.KO,77,0,
Craig County,US.OK.CG,77,0,
Noble County,US.OK.NB,77,2,
King William County,US.VA.KW,77,2,
Uintah County,US.UT.UN,77,0,
Goliad County,US.TX.GI,77,3,
Meade County,US.SD.MD,76,1,
Sullivan County,US.IN.SU,76,1,
Mitchell County,US.IA.ME,76,0,
Clarion County,US.PA.CL,76,2,
San Miguel County,US.CO.SM,76,0,
Madison County,US.MT.MA,76,1,
Real County,US.TX.RL,76,0,
Hancock County,US.TN.HC,76,1,
Allegany County,US.NY.AL,75,2,
Swisher County,US.TX.SW,75,2,
Anderson County,US.KY.AN,75,1,
Benton County,US.MO.BN,75,1,
Winnebago County,US.IA.WB,75,0,
Crane County,US.TX.CR,75,2,
Pulaski County,US.VA.PU,75,3,
Jones County,US.NC.JN,74,3,
Phelps County,US.MO.PH,74,0,
Fentress County,US.TN.FE,74,0,
Mercer County,US.KY.MC,74,0,
Page County,US.IA.PG,74,0,
Prairie County,US.AR.PR,74,0,
Cherokee County,US.KS.CK,74,1,
Koochiching County,US.MN.KO,74,3,
York County,US.NE.YO,74,0,
Perry County,US.TN.PE,74,0,
Hampshire County,US.WV.HM,74,1,
Rock County,US.MN.RC,74,0,
Pike County,US.MO.PI,74,1,
Lake County,US.CO.LK,73,0,
Socorro County,US.NM.SO,73,6,
Adams County,US.WI.AD,73,2,
Amelia County,US.VA.AI,73,1,
Yancey County,US.NC.YN,73,0,
Ravalli County,US.MT.RA,73,1,
Henry County,US.MO.HE,72,3,
Grundy County,US.IA.GN,72,1,
Iron County,US.WI.IR,72,1,
Buchanan County,US.VA.BH,72,0,
Addison County,US.VT.AD,72,2,
Pennington County,US.MN.PI,72,1,
Crowley County,US.CO.CR,72,1,
Jefferson County,US.KS.JF,72,0,
Pulaski County,US.IN.PL,72,1,
Morgan County,US.MO.MG,71,0,
Marquette County,US.WI.MQ,71,1,
Latimer County,US.OK.LA,71,1,
Cleveland County,US.AR.CV,71,2,
Appomattox County,US.VA.AP,71,0,
Perquimans County,US.NC.PQ,71,2,
Windsor County,US.VT.WS,71,2,
Taylor County,US.GA.TY,71,2,
Stewart County,US.TN.SA,70,0,
Jackson County,US.MN.JA,70,0,
Union County,US.IA.UN,70,1,
Brown County,US.IN.BR,70,1,
Mercer County,US.IL.ME,70,0,
Jersey County,US.IL.JR,70,1,
Osceola County,US.MI.OE,70,0,
Lincoln County,US.MT.LN,70,2,
Currituck County,US.NC.CI,70,0,
Russell County,US.VA.RU,70,1,
Roberts County,US.SD.RO,70,1,
Bourbon County,US.KY.BU,69,1,
Gray County,US.KS.GY,69,0,
Van Wert County,US.OH.VA,69,1,
Clarke County,US.VA.CK,69,0,
Grant County,US.NM.GR,68,2,
Winkler County,US.TX.WI,68,1,
Coffey County,US.KS.CF,68,8,
Rowan County,US.KY.RW,68,0,
Cumberland County,US.VA.CU,68,0,
Garrard County,US.KY.GR,68,0,
Clark County,US.IL.CK,68,0,
Lincoln County,US.WV.LI,68,0,
Schoharie County,US.NY.SO,68,2,
Rockbridge County,US.VA.RB,67,0,
Jackson County,US.OH.JA,67,0,
Pike County,US.OH.PK,66,0,
Leelanau County,US.MI.LE,66,0,
Northumberland County,US.VA.NU,66,2,
Wexford County,US.MI.WE,66,4,
Silver Bow County,US.MT.SI,66,0,
Monroe County,US.IA.MR,66,7,
Todd County,US.SD.TO,66,4,
Tensas Parish,US.LA.TN,65,0,
Bristol city,US.VA.BI,65,0,
Lassen County,US.CA.LS,65,0,
Dukes County,US.MA.DU,65,0,
Lynn County,US.TX.LY,65,4,
Love County,US.OK.LV,65,0,
Barton County,US.MO.BT,65,0,
Clinton County,US.MO.CO,65,0,
Iowa County,US.WI.IO,65,0,
Mille Lacs County,US.MN.MI,65,3,
Juab County,US.UT.JU,65,1,
Inyo County,US.CA.IN,64,1,
Atoka County,US.OK.AT,64,0,
Washington County,US.KY.WS,64,0,
Lincoln County,US.WI.LI,64,0,
Fremont County,US.ID.FE,63,0,
Fountain County,US.IN.FO,63,2,
Camden County,US.NC.CD,63,2,
Baxter County,US.AR.BA,62,0,
Madison County,US.VA.MD,62,1,
Waldo County,US.ME.WL,62,14,
Crawford County,US.WI.CR,62,0,
Yuma County,US.CO.YU,62,0,
Venango County,US.PA.VE,62,0,
Rockcastle County,US.KY.RC,61,0,
Worth County,US.IA.WT,61,0,
Brooke County,US.WV.BO,61,1,
Otero County,US.CO.OT,61,6,
Sheridan County,US.WY.SH,61,0,
Paulding County,US.OH.PA,61,0,
Clare County,US.MI.CE,61,3,
Clay County,US.TN.CY,61,0,
Teton County,US.ID.TE,61,0,
Dewey County,US.SD.DW,61,0,
Fillmore County,US.MN.FI,61,0,
Benton County,US.IN.BE,60,0,
Atchison County,US.KS.AT,60,0,
Shelby County,US.IL.SB,60,1,
Scott County,US.VA.SC,60,3,
Harrison County,US.MO.HS,60,1,
Fulton County,US.KY.FU,60,1,
Torrance County,US.NM.TO,60,1,
Murray County,US.OK.MR,60,0,
Pamlico County,US.NC.PM,60,1,
Forest County,US.WI.FR,59,4,
Renville County,US.MN.RN,59,5,
Bourbon County,US.KS.BB,59,1,
Sioux County,US.ND.SI,59,0,
Hansford County,US.TX.HF,59,2,
Jackson County,US.AR.JA,59,1,
Falls Church city,US.VA.FU,59,6,
Mariposa County,US.CA.MP,58,2,
Fayette County,US.IL.FA,58,3,
Morrill County,US.NE.MO,58,0,
Dallas County,US.AR.DA,58,0,
Clay County,US.NC.CY,58,0,
Wright County,US.MO.WG,58,0,
Emmet County,US.MI.EM,58,2,
Somervell County,US.TX.SV,58,0,
Washington County,US.IL.WG,58,0,
Cass County,US.MN.CS,58,2,
Vernon County,US.WI.VE,58,0,
Cuming County,US.NE.CM,58,0,
Reagan County,US.TX.RG,58,3,
Gallia County,US.OH.GA,58,1,
Glacier County,US.MT.GC,58,1,
White County,US.IL.WE,58,0,
Baker County,US.GA.BR,58,3,
Sutton County,US.TX.ST,58,1,
Jefferson County,US.PA.JE,58,1,
Carbon County,US.MT.CB,58,0,
Randolph County,US.MO.RN,57,1,
Wyoming County,US.PA.WM,57,8,
Benewah County,US.ID.BA,57,0,
Mecosta County,US.MI.MT,57,2,
Montague County,US.TX.MU,57,1,
Johnson County,US.IL.JH,57,0,
Crawford County,US.MO.CF,57,0,
Greenlee County,US.AZ.GE,57,2,
Okfuskee County,US.OK.OF,57,0,
Bond County,US.IL.BN,57,2,
Butler County,US.NE.BE,56,0,
Tillman County,US.OK.TI,56,1,
Lewis County,US.TN.LE,56,1,
Fleming County,US.KY.FE,56,0,
Nowata County,US.OK.NW,56,1,
Bollinger County,US.MO.BI,56,0,
Dixon County,US.NE.DI,56,2,
Washington County,US.MO.WS,56,1,
Alleghany County,US.VA.AL,56,3,
Neosho County,US.KS.NO,56,0,
Kane County,US.UT.KA,56,0,
Moultrie County,US.IL.MI,55,0,
Lunenburg County,US.VA.LN,55,1,
Essex County,US.NY.ES,55,0,
Schley County,US.GA.SY,55,1,
Yates County,US.NY.YA,55,6,
Houston County,US.TN.HO,55,0,
Stone County,US.AR.ST,55,1,
Howard County,US.NE.HW,55,4,
Oxford County,US.ME.OX,55,0,
Kearny County,US.KS.KE,55,1,
Hamilton County,US.TX.HM,55,2,
Warren County,US.GA.WR,55,1,
Lincoln County,US.MN.LI,54,0,
Hardy County,US.WV.HD,54,0,
Union County,US.KY.UN,54,0,
Taylor County,US.WI.TA,54,0,
Merrick County,US.NE.ME,54,0,
Mason County,US.KY.MS,53,1,
Blackford County,US.IN.BL,53,2,
Skamania County,US.WA.SM,53,1,
Macon County,US.MO.MN,53,0,
Livingston County,US.MO.LV,53,0,
Monroe County,US.AR.ME,53,0,
Gladwin County,US.MI.GL,53,2,
Jasper County,US.IL.JS,53,7,
Adams County,US.OH.AD,53,2,
Jim Hogg County,US.TX.JG,53,1,
Lincoln County,US.ID.LI,53,0,
Jefferson County,US.WA.JE,53,0,
Wayne County,US.KY.WY,53,0,
Taylor County,US.WV.TA,53,0,
Crosby County,US.TX.CB,52,1,
Breckinridge County,US.KY.BC,52,2,
Swift County,US.MN.SW,52,1,
Park County,US.MT.PA,52,0,
Green Lake County,US.WI.GL,52,0,
Van Buren County,US.AR.VA,52,2,
Custer County,US.MT.CU,52,2,
Marion County,US.KS.MN,52,1,
Mitchell County,US.TX.MH,52,0,
Eastland County,US.TX.EA,51,1,
Ogemaw County,US.MI.OG,51,2,
Metcalfe County,US.KY.MT,51,2,
Ohio County,US.IN.OH,51,4,
Sagadahoc County,US.ME.SA,51,0,
Letcher County,US.KY.LT,51,0,
Larue County,US.KY.LR,51,1,
Franklin County,US.NY.FR,50,1,
Charles City County,US.VA.CC,50,5,
Powell County,US.KY.PO,50,0,
Wayne County,US.IL.WY,50,1,
Lander County,US.NV.LA,50,1,
Dallas County,US.MO.DL,50,1,
Wilbarger County,US.TX.WG,50,1,
Trigg County,US.KY.TG,50,0,
Chickasaw County,US.IA.CC,50,0,
Caldwell County,US.KY.CD,49,0,
Langlade County,US.WI.LN,49,1,
Lafayette County,US.AR.LF,49,2,
Jackson County,US.WI.JA,49,1,
Valdez-Cordova Census Area,US.AK.VA,49,0,
Grant County,US.MN.GR,49,1,
Washington County,US.VT.WA,49,2,
Perry County,US.AR.PY,49,0,
Charlotte County,US.VA.CT,49,0,
Yellow Medicine County,US.MN.YE,49,0,
Washakie County,US.WY.WA,49,5,
Mason County,US.WV.MN,49,1,
Menard County,US.IL.MN,48,0,
Davis County,US.IA.DV,48,1,
Piatt County,US.IL.PA,48,0,
Prowers County,US.CO.PR,48,0,
Clay County,US.NE.CL,48,0,
Churchill County,US.NV.CH,48,1,
Kalkaska County,US.MI.KK,48,4,
Buena Vista city,US.VA.BE,48,0,
Roscommon County,US.MI.RO,48,0,
Howard County,US.IA.HO,48,0,
Houghton County,US.MI.HO,48,0,
Washington County,US.CO.WA,47,0,
Nemaha County,US.KS.NM,47,0,
Ramsey County,US.ND.RM,47,2,
Kauai County,US.HI.KU,47,0,
Cumberland County,US.IL.CU,47,2,
Hancock County,US.KY.HC,47,0,
Garfield County,US.UT.GA,47,1,
Beaverhead County,US.MT.BE,47,0,
Valley County,US.ID.VA,47,1,
Cass County,US.IA.CS,47,1,
Franklin County,US.ID.FA,47,0,
Richland County,US.MT.RI,46,1,
Phillips County,US.KS.PL,46,8,
Pike County,US.IN.PI,46,0,
Vernon County,US.MO.VE,46,0,
Dickinson County,US.MI.DI,46,2,
Carroll County,US.IL.CL,46,3,
Howard County,US.MO.HR,46,0,
Ste. Genevieve County,US.MO.SG,46,1,
Yukon-Koyukuk Census Area,US.AK.YU,46,1,
Traill County,US.ND.TR,46,0,
Roseau County,US.MN.RS,46,0,
Knox County,US.TX.KX,46,0,
Meade County,US.KS.ME,45,0,
Izard County,US.AR.IZ,45,1,
Elk County,US.PA.EL,45,2,
Gallatin County,US.IL.GA,45,0,
Parke County,US.IN.PA,45,1,
Knott County,US.KY.KT,45,1,
Beckham County,US.OK.BC,45,1,
Ripley County,US.MO.RI,45,0,
Morgan County,US.UT.MN,45,0,
Rains County,US.TX.RI,45,1,
Martin County,US.TX.MT,45,3,
Gates County,US.NC.GT,45,2,
Franklin County,US.ME.FR,45,1,
Moore County,US.TN.MO,45,0,
Lucas County,US.IA.LU,45,4,
Stevens County,US.KS.SV,44,0,
Charlevoix County,US.MI.CV,44,2,
McDowell County,US.WV.MC,44,0,
Turner County,US.SD.TU,44,0,
Scott County,US.AR.SC,44,0,
Sabine County,US.TX.SB,44,6,
Grand County,US.UT.GR,44,0,
Grand County,US.CO.GR,44,1,
Clark County,US.KS.CA,44,1,
Presidio County,US.TX.PS,44,0,
Donley County,US.TX.DO,43,0,
Switzerland County,US.IN.SW,43,0,
Kit Carson County,US.CO.KT,43,3,
Garrett County,US.MD.GA,43,0,
Appanoose County,US.IA.AP,43,3,
Doniphan County,US.KS.DP,43,0,
Custer County,US.NE.CU,43,4,
Crook County,US.OR.CR,43,1,
Shannon County,US.MO.SN,43,1,
Montgomery County,US.IA.MG,43,3,
Power County,US.ID.PO,43,0,
Pope County,US.MN.PE,43,0,
Haskell County,US.OK.HS,43,0,
San Miguel County,US.NM.SM,42,0,
Lamoille County,US.VT.LA,42,1,
Lawrence County,US.IL.LW,42,0,
Martin County,US.IN.MN,42,0,
Osage County,US.MO.OS,42,0,
Mason County,US.IL.MS,42,0,
Otoe County,US.NE.OT,42,0,
Park County,US.CO.PA,42,1,
Crawford County,US.IN.CW,42,0,
Owen County,US.KY.OE,42,0,
Pocahontas County,US.WV.PO,41,0,
Hamilton County,US.KS.HM,41,0,
Arenac County,US.MI.AR,41,3,
Callahan County,US.TX.AL,41,3,
Buffalo County,US.WI.BF,41,2,
Hemphill County,US.TX.HH,41,0,
McCulloch County,US.TX.MC,41,1,
Ford County,US.IL.FO,41,1,
Brule County,US.SD.BU,40,0,
Mason County,US.TX.MA,40,0,
Wetzel County,US.WV.WT,40,0,
Jerauld County,US.SD.JE,40,1,
Jack County,US.TX.JK,40,0,
Bates County,US.MO.BS,40,1,
Sawyer County,US.WI.SW,40,0,
Rappahannock County,US.VA.RP,40,2,
Missaukee County,US.MI.MU,40,1,
Johnston County,US.OK.JO,40,0,
Wabaunsee County,US.KS.WB,40,0,
Madison County,US.NC.MD,40,0,
Hill County,US.MT.HI,40,0,
Pepin County,US.WI.PE,40,0,
Sullivan County,US.NH.SU,40,1,
Cumberland County,US.KY.CU,40,0,
Pacific County,US.WA.PA,40,2,
Boise County,US.ID.BS,39,1,
McLean County,US.ND.ML,39,0,
Poquoson city,US.VA.PQ,39,0,
Dickinson County,US.KS.DK,39,1,
Haskell County,US.KS.HS,39,0,
Coke County,US.TX.OK,39,1,
Floyd County,US.VA.FO,39,1,
Johnson County,US.KY.JO,39,0,
Houston County,US.MN.HO,39,0,
Greene County,US.IA.GE,38,0,
Montgomery County,US.MO.MM,38,0,
Cheboygan County,US.MI.CY,38,2,
Aurora County,US.SD.AU,38,0,
Pendleton County,US.WV.PE,38,1,
McLean County,US.KY.ML,38,1,
Linn County,US.KS.LN,38,0,
Upshur County,US.WV.UP,38,0,
Vermillion County,US.IN.VE,38,0,
Vilas County,US.WI.VI,38,0,
Blaine County,US.OK.BL,38,0,
Antrim County,US.MI.AN,38,0,
Surry County,US.VA.SR,38,2,
Texas County,US.MO.TE,38,0,
Hyde County,US.NC.HE,37,0,
Sublette County,US.WY.SU,37,0,
Osage County,US.KS.OS,37,0,
Webster County,US.GA.WT,37,2,
Sherman County,US.TX.SN,37,0,
McCreary County,US.KY.MR,37,0,
Wayne County,US.MO.WY,37,0,
Alexander County,US.IL.AL,36,0,
Pendleton County,US.KY.PN,36,0,
Pend Oreille County,US.WA.PE,36,0,
Fremont County,US.IA.FO,36,0,
Brown County,US.KS.BR,36,0,
Phelps County,US.NE.PH,36,0,
Big Horn County,US.WY.BI,36,0,
Lewis County,US.KY.LI,36,0,
Beaver County,US.OK.BA,36,0,
King and Queen County,US.VA.KA,36,1,
Washburn County,US.WI.WR,35,0,
Schleicher County,US.TX.SH,35,1,
Bath County,US.KY.BH,35,1,
Ketchikan Gateway Borough,US.AK.KG,35,0,
Tioga County,US.PA.TI,35,2,
Lewis County,US.NY.LE,35,5,
Haskell County,US.TX.HK,35,0,
Wayne County,US.NE.WY,35,0,
Caldwell County,US.MO.CW,35,1,
Clay County,US.TX.CY,34,1,
Chase County,US.KS.CS,34,0,
Cedar County,US.MO.CD,34,0,
Kearney County,US.NE.KA,34,0,
Nelson County,US.VA.NL,34,0,
Childress County,US.TX.CD,34,0,
Carbon County,US.UT.CR,34,0,
Massac County,US.IL.MA,34,0,
Lewis County,US.MO.LE,34,1,
Hancock County,US.IL.HC,34,1,
Lincoln County,US.ME.LI,34,1,
Somerset County,US.ME.SO,34,1,
Manistee County,US.MI.ME,34,0,
Boundary County,US.ID.BD,34,0,
Hancock County,US.ME.HA,34,1,
Norman County,US.MN.NR,34,0,
Hickman County,US.KY.HA,34,0,
Rolette County,US.ND.RO,34,0,
Barnes County,US.ND.BA,34,0,
Van Buren County,US.TN.VA,33,0,
Todd County,US.KY.TO,33,0,
Plumas County,US.CA.PU,33,0,
Nantucket County,US.MA.NA,33,1,
Pratt County,US.KS.PR,33,0,
Quay County,US.NM.QU,33,1,
Archuleta County,US.CO.AC,33,0,
McKean County,US.PA.MC,33,1,
Baker County,US.OR.BA,33,0,
Lawrence County,US.KY.LC,33,0,
Northwest Arctic Borough,US.AK.NW,33,0,
Lexington city,US.VA.LX,33,0,
Richland County,US.WI.RI,32,4,
Aroostook County,US.ME.AR,32,1,
Lake County,US.OR.LK,32,0,
Chippewa County,US.MI.CP,32,0,
Lawrence County,US.SD.LW,32,0,
Van Buren County,US.IA.VA,32,1,
Union County,US.IN.UN,32,0,
Woodward County,US.OK.WW,32,0,
Livingston County,US.KY.LV,32,1,
Nicholas County,US.WV.NI,32,1,
DeKalb County,US.MO.DE,32,1,
Trimble County,US.KY.TM,32,0,
Wabash County,US.IL.WB,32,0,
Linn County,US.MO.LN,31,1,
Ballard County,US.KY.BA,31,0,
Lancaster County,US.VA.LA,31,0,
Cavalier County,US.ND.CV,31,0,
Carlisle County,US.KY.CE,31,1,
Wheeler County,US.TX.WL,31,0,
Guadalupe County,US.NM.GU,31,0,
Converse County,US.WY.CE,31,0,
Toole County,US.MT.TO,31,6,
Republic County,US.KS.RP,31,0,
Jefferson County,US.OK.JE,31,0,
Knox County,US.NE.KN,31,0,
Cloud County,US.KS.CD,30,0,
Tillamook County,US.OR.TI,30,0,
Redwood County,US.MN.RW,30,0,
Idaho County,US.ID.ID,30,0,
Lyon County,US.KY.LY,30,4,
Martin County,US.KY.MI,30,0,
Sierra County,US.NM.SI,30,0,
Keokuk County,US.IA.KE,30,1,
Vinton County,US.OH.VI,30,2,
Griggs County,US.ND.GI,30,0,
Ottawa County,US.KS.OT,30,0,
Green County,US.KY.GN,30,2,
Morgan County,US.KY.MG,30,0,
Dunn County,US.ND.DU,30,0,
De Witt County,US.IL.DW,30,0,
Moody County,US.SD.MO,30,0,
Ida County,US.IA.ID,29,0,
Thomas County,US.KS.TH,29,0,
Corson County,US.SD.CO,29,0,
Stephens County,US.TX.SE,29,2,
Shelby County,US.MO.SB,29,0,
Fulton County,US.AR.FU,29,0,
Barbour County,US.WV.BB,29,1,
Bracken County,US.KY.BK,29,0,
Crawford County,US.IL.CW,29,0,
Menifee County,US.KY.ME,29,0,
Kanabec County,US.MN.KA,29,1,
Dickenson County,US.VA.DC,29,0,
Quitman County,US.GA.QU,29,1,
Wilkin County,US.MN.WL,28,3,
Stanton County,US.NE.ST,28,0,
Rice County,US.KS.RC,28,0,
San Juan County,US.WA.SA,28,0,
Audubon County,US.IA.AU,28,1,
Alcona County,US.MI.AC,28,1,
Middlesex County,US.VA.MI,28,1,
Hubbard County,US.MN.HU,28,0,
Marshall County,US.MN.MS,28,0,
Scott County,US.KS.SC,28,0,
Benzie County,US.MI.BE,28,1,
Searcy County,US.AR.SA,27,0,
Lewis County,US.WV.LE,27,2,
Hutchinson County,US.SD.HT,27,0,
Clear Creek County,US.CO.CL,27,1,
Aitkin County,US.MN.AI,27,0,
Clinton County,US.KY.CO,27,0,
Union County,US.NM.UN,27,0,
Coal County,US.OK.CL,27,0,
Anderson County,US.KS.AN,27,0,
Graham County,US.NC.GH,27,0,
Jefferson County,US.MT.JE,27,0,
Kiowa County,US.OK.KO,27,1,
Pembina County,US.ND.PE,27,0,
Beaver County,US.UT.BV,27,0,
Mitchell County,US.KS.MC,27,0,
Edgar County,US.IL.EG,26,0,
Faulk County,US.SD.FU,26,1,
Montgomery County,US.AR.MT,26,0,
Ransom County,US.ND.RN,26,0,
Caledonia County,US.VT.CA,26,0,
Leslie County,US.KY.LS,26,0,
McIntosh County,US.ND.MI,26,1,
Radford city,US.VA.RD,26,0,
Morgan County,US.WV.MA,26,0,
Breathitt County,US.KY.BT,26,0,
Crittenden County,US.KY.CT,26,1,
Fulton County,US.IL.FU,26,0,
Cheyenne County,US.NE.CY,26,0,
Knox County,US.ME.KN,26,1,
Concho County,US.TX.ON,26,0,
Meigs County,US.OH.MS,25,0,
Harmon County,US.OK.HM,25,0,
Burt County,US.NE.BT,25,0,
Thayer County,US.NE.TA,25,0,
Moffat County,US.CO.MF,25,1,
Major County,US.OK.MJ,25,1,
McCook County,US.SD.MC,24,1,
Asotin County,US.WA.AS,24,2,
Mellette County,US.SD.ML,24,0,
Stanton County,US.KS.ST,24,0,
Oscoda County,US.MI.OO,24,1,
Polk County,US.NE.PO,24,0,
Fulton County,US.PA.FU,24,2,
Fisher County,US.TX.FH,24,1,
Fillmore County,US.NE.FI,24,1,
Edwards County,US.TX.ED,24,0,
Washita County,US.OK.WT,24,0,
Grundy County,US.MO.GU,24,1,
Wyoming County,US.WV.WY,23,1,
Magoffin County,US.KY.MF,23,0,
Ralls County,US.MO.RL,23,0,
Glascock County,US.GA.GS,23,0,
Hamilton County,US.IL.HM,23,0,
Grant County,US.SD.GA,23,0,
Mahnomen County,US.MN.MH,23,1,
Giles County,US.VA.GI,23,0,
Caribou County,US.ID.CR,23,0,
Marion County,US.AR.MN,23,0,
Wadena County,US.MN.WD,23,0,
Sitka City and Borough,US.AK.SI,23,0,
Custer County,US.SD.CU,23,0,
Mercer County,US.ND.ME,23,0,
Conejos County,US.CO.CN,23,0,
Johnson County,US.WY.JO,22,1,
Big Stone County,US.MN.BI,22,0,
Schuyler County,US.NY.SU,22,0,
Norton County,US.KS.NT,22,0,
Bethel Census Area,US.AK.BE,22,0,
San Saba County,US.TX.SS,22,0,
Hudspeth County,US.TX.HU,22,2,
Burke County,US.ND.BK,22,0,
Pickett County,US.TN.PI,22,1,
Rosebud County,US.MT.RS,22,1,
Costilla County,US.CO.CS,22,0,
Dade County,US.MO.DD,21,0,
Cedar County,US.NE.CA,21,0,
Ringgold County,US.IA.RI,21,1,
Spink County,US.SD.SP,21,0,
Hanson County,US.SD.HS,21,0,
Price County,US.WI.PC,21,0,
Marshall County,US.IL.MH,21,0,
Adair County,US.IA.AI,21,0,
Issaquena County,US.MS.IS,21,1,
Nemaha County,US.NE.NE,21,0,
Monroe County,US.MO.MR,21,0,
Cochran County,US.TX.CC,21,0,
Decatur County,US.IA.DC,21,0,
Day County,US.SD.DY,21,0,
Greene County,US.IL.GE,20,0,
Tripp County,US.SD.TR,20,0,
Harrison County,US.OH.HR,20,1,
Red Lake County,US.MN.RD,20,0,
Richardson County,US.NE.RI,20,1,
Gasconade County,US.MO.GA,20,0,
Nicholas County,US.KY.NI,20,0,
Archer County,US.TX.AC,20,0,
Woodruff County,US.AR.WO,20,0,
Potter County,US.PA.PO,20,0,
Ashland County,US.WI.AS,20,0,
Los Alamos County,US.NM.LO,20,0,
Morgan County,US.OH.MA,20,0,
Mackinac County,US.MI.MK,20,0,
Bayfield County,US.WI.BY,20,1,
Menominee County,US.WI.MN,20,0,
Deer Lodge County,US.MT.DE,20,0,
Warren County,US.PA.WR,19,1,
Monroe County,US.WV.ME,19,0,
Goshen County,US.WY.GO,19,0,
Phillips County,US.CO.PH,19,0,
Clay County,US.KS.CY,19,2,
Roosevelt County,US.MT.RO,19,0,
Wallowa County,US.OR.WW,19,1,
Knox County,US.MO.KN,19,0,
Warren County,US.IN.WN,19,1,
Keith County,US.NE.KT,19,0,
Carter County,US.MO.CR,19,1,
Foster County,US.ND.FO,19,0,
Stillwater County,US.MT.ST,19,0,
Ellsworth County,US.KS.EW,18,0,
Adams County,US.ID.AM,18,0,
Walworth County,US.SD.WA,18,0,
Ferry County,US.WA.FE,18,0,
Lake County,US.MI.LK,18,0,
Nelson County,US.ND.NE,18,0,
St. Clair County,US.MO.SC,18,0,
Mineral County,US.CO.MI,18,0,
Antelope County,US.NE.AN,18,1,
Lake County,US.MN.LE,18,0,
Bottineau County,US.ND.BT,18,0,
Hot Springs County,US.WY.HO,18,0,
Burnett County,US.WI.BN,18,1,
Gosper County,US.NE.GO,17,0,
Hickory County,US.MO.HC,17,0,
Madison County,US.MO.MD,17,0,
Maries County,US.MO.MS,17,0,
Noble County,US.OH.NO,17,0,
Hardin County,US.IL.HI,17,0,
Nome Census Area,US.AK.NM,17,0,
Kinney County,US.TX.KN,17,0,
Cotton County,US.OK.CT,17,2,
Perkins County,US.NE.PE,17,1,
Clay County,US.WV.CY,17,1,
Shackelford County,US.TX.SC,17,0,
Graham County,US.KS.GH,17,0,
Presque Isle County,US.MI.PR,17,1,
Pierce County,US.NE.PI,17,0,
Rooks County,US.KS.RO,17,0,
Daviess County,US.MO.DV,17,0,
Iron County,US.MO.IR,17,0,
Iron County,US.MI.IR,17,1,
Wells County,US.ND.WE,17,0,
Schuyler County,US.IL.SU,17,0,
Greenwood County,US.KS.GW,16,0,
Menard County,US.TX.EN,16,0,
Coos County,US.NH.CO,16,0,
Adams County,US.IA.AM,16,0,
Chariton County,US.MO.CI,16,0,
Gilmer County,US.WV.GI,16,0,
Gilpin County,US.CO.GI,16,0,
Reynolds County,US.MO.RE,16,0,
Emmons County,US.ND.EM,16,1,
Dawson County,US.MT.DW,16,0,
Delta County,US.TX.DT,16,0,
Upton County,US.TX.UP,16,1,
Clark County,US.SD.CK,16,0,
Douglas County,US.SD.DO,16,0,
Fall River County,US.SD.FL,16,0,
Rusk County,US.WI.RU,16,1,
Wayne County,US.IA.WY,16,1,
Craig County,US.VA.CG,16,0,
Red Willow County,US.NE.RE,16,0,
Orange County,US.VT.OA,16,0,
Miner County,US.SD.ME,15,0,
Sherman County,US.OR.SH,15,0,
Furnas County,US.NE.FU,15,1,
North Slope Borough,US.AK.NH,15,0,
Mills County,US.TX.MS,15,0,
Sherman County,US.KS.SH,15,0,
Culberson County,US.TX.UL,15,2,
McHenry County,US.ND.MH,15,1,
Kimball County,US.NE.KB,15,0,
Hardeman County,US.TX.RD,15,0,
Woods County,US.OK.WS,15,0,
Teton County,US.MT.TE,15,0,
Lipscomb County,US.TX.LM,15,0,
Clearwater County,US.ID.CE,15,0,
Clearwater County,US.MN.CE,15,0,
Stevens County,US.MN.SV,15,0,
Las Animas County,US.CO.LS,15,0,
Emery County,US.UT.EM,15,0,
Matthews County,US.VA.MT,14,0,
Jefferson County,US.NE.JE,14,0,
Kingsbury County,US.SD.KI,14,0,
Oregon County,US.MO.OR,14,0,
Orleans County,US.VT.OL,14,0,
Southeast Fairbanks Census Area,US.AK.SO,14,0,
Clay County,US.IL.CY,14,0,
Cottle County,US.TX.OT,14,2,
Hamlin County,US.SD.HM,14,0,
Curry County,US.OR.CU,14,0,
Roane County,US.WV.RO,14,1,
White Pine County,US.NV.WH,14,1,
Colfax County,US.NM.CO,14,1,
Stanley County,US.SD.ST,14,0,
Allen County,US.KS.AL,14,0,
Baca County,US.CO.BA,14,0,
Clark County,US.MO.CK,14,0,
LaMoure County,US.ND.LA,14,0,
Eddy County,US.ND.ED,13,0,
Valley County,US.MT.VA,13,0,
Edwards County,US.IL.EW,13,0,
Edmunds County,US.SD.ED,13,0,
Grand Isle County,US.VT.GR,13,0,
Norton city,US.VA.NC,13,0,
Sanborn County,US.SD.SA,13,0,
Bon Homme County,US.SD.BH,13,0,
Carson County,US.TX.CN,13,0,
Pike County,US.IL.PK,13,0,
Kimble County,US.TX.KM,13,0,
Richland County,US.IL.RI,13,0,
Lincoln County,US.WA.LI,13,0,
Brown County,US.IL.BR,13,0,
Taliaferro County,US.GA.TA,13,0,
Pershing County,US.NV.PE,13,0,
Calhoun County,US.AR.CA,13,0,
Oldham County,US.TX.OL,13,1,
Columbia County,US.WA.CM,13,1,
Tyler County,US.WV.TY,12,0,
Schoolcraft County,US.MI.SR,12,0,
Estill County,US.KY.ES,12,0,
Ouray County,US.CO.OU,12,1,
Covington city,US.VA.CV,12,0,
Russell County,US.KS.RS,12,0,
Lemhi County,US.ID.LM,12,0,
Johnson County,US.NE.JO,12,0,
Garfield County,US.MT.GF,12,0,
Grant County,US.OK.GN,12,0,
Atchison County,US.MO.AT,12,0,
Scotland County,US.MO.SO,12,1,
Butte County,US.SD.BT,11,1,
Pierce County,US.ND.PI,11,0,
Mineral County,US.NV.MI,11,0,
Scott County,US.IL.SO,11,0,
Wolfe County,US.KY.WL,11,0,
Briscoe County,US.TX.BO,11,1,
Dickey County,US.ND.DC,11,0,
Box Butte County,US.NE.BX,11,0,
Sedgwick County,US.CO.SE,11,1,
Broadwater County,US.MT.BR,11,0,
Steele County,US.ND.SE,11,0,
Hodgeman County,US.KS.HG,11,0,
Tucker County,US.WV.TU,11,0,
Kidder County,US.ND.KI,11,0,
Coleman County,US.TX.CM,11,0,
Jackson County,US.SD.JA,10,1,
Traverse County,US.MN.TR,10,0,
Edwards County,US.KS.ED,10,0,
Woodson County,US.KS.WO,10,0,
Owsley County,US.KY.OS,10,0,
Custer County,US.CO.CU,10,0,
Wilson County,US.KS.WL,10,0,
Valley County,US.NE.VA,10,0,
Jewell County,US.KS.JW,10,0,
Putnam County,US.MO.PN,10,1,
Kingman County,US.KS.KM,10,0,
Sullivan County,US.PA.SL,10,0,
Crook County,US.WY.CK,9,0,
Oneida County,US.ID.ON,9,0,
Worth County,US.MO.WO,9,0,
Pondera County,US.MT.PN,9,0,
Schuyler County,US.MO.SH,9,0,
Henderson County,US.IL.HD,9,0,
Sargent County,US.ND.SG,9,0,
Webster County,US.NE.WE,9,0,
Washington County,US.ME.WS,9,0,
Harper County,US.KS.HP,9,0,
Morton County,US.KS.MT,9,2,
Morris County,US.KS.MR,9,0,
Harper County,US.OK.HP,9,0,
Forest County,US.PA.FO,9,0,
Franklin County,US.NE.FA,9,0,
Mercer County,US.MO.MC,9,0,
Wrangell City and Borough,US.AK.WG,9,0,
Blaine County,US.MT.BL,9,0,
Renville County,US.ND.RE,9,0,
Dent County,US.MO.DN,9,0,
Sheridan County,US.NE.SD,9,0,
Sanders County,US.MT.SA,9,0,
Alger County,US.MI.AG,9,0,
Irion County,US.TX.IR,9,0,
Marshall County,US.KS.MS,9,0,
Braxton County,US.WV.BX,8,0,
Deuel County,US.SD.DU,8,0,
Armstrong County,US.TX.AM,8,0,
Dawes County,US.NE.DS,8,0,
Cheyenne County,US.CO.CE,8,0,
Dewey County,US.OK.DW,8,0,
Ziebach County,US.SD.ZI,8,0,
Marshall County,US.SD.MS,8,0,
McMullen County,US.TX.MM,8,0,
Harney County,US.OR.HA,8,0,
Jackson County,US.CO.JA,8,0,
Jeff Davis County,US.TX.JF,8,0,
Pawnee County,US.KS.PN,8,0,
Hall County,US.TX.HA,8,1,
Nance County,US.NE.NA,8,0,
Greeley County,US.NE.GE,8,0,
Granite County,US.MT.GN,8,0,
Pleasants County,US.WV.PL,8,0,
Pope County,US.IL.PE,8,0,
Prince of Wales-Hyder Census Area,US.AK.PH,8,0,
Putnam County,US.IL.PT,8,0,
Montmorency County,US.MI.MR,8,0,
Holt County,US.NE.HT,8,0,
Elliott County,US.KY.EL,8,0,
Sherman County,US.NE.SM,8,0,
Roger Mills County,US.OK.RR,8,0,
Rio Blanco County,US.CO.RB,8,0,
Chouteau County,US.MT.CH,7,0,
Bland County,US.VA.BL,7,0,
Gregory County,US.SD.GE,7,0,
Hamilton County,US.NY.HA,7,1,
Hand County,US.SD.HD,7,0,
Boone County,US.NE.BO,7,0,
Pawnee County,US.NE.PA,7,0,
Baylor County,US.TX.BR,7,0,
Oliver County,US.ND.OL,7,0,
Ozark County,US.MO.OZ,7,0,
Collingsworth County,US.TX.CG,7,0,
Roberts County,US.TX.RS,7,0,
Hoonah-Angoon Census Area,US.AK.HH,7,0,
Sheridan County,US.KS.SD,7,0,
Rush County,US.KS.RH,7,0,
Fergus County,US.MT.FE,7,0,
Florence County,US.WI.FL,7,0,
Custer County,US.ID.CU,7,0,
Bear Lake County,US.ID.BK,7,0,
McPherson County,US.SD.MP,7,0,
Stark County,US.IL.SA,7,0,
Calhoun County,US.IL.CH,7,0,
Rich County,US.UT.RH,7,0,
Lac Qui Parle County,US.MN.LC,6,0,
Cameron County,US.PA.CE,6,0,
Bowman County,US.ND.BW,6,0,
Lincoln County,US.CO.LI,6,0,
Wirt County,US.WV.WI,6,0,
Calhoun County,US.WV.CH,6,0,
Kenedy County,US.TX.KE,6,1,
Bennett County,US.SD.BN,6,0,
Kodiak Island Borough,US.AK.KO,6,0,
Ness County,US.KS.NS,6,0,
Logan County,US.ND.LO,6,0,
Lake and Peninsula Borough,US.AK.LA,6,0,
Holt County,US.MO.HL,6,0,
Chase County,US.NE.CE,6,0,
Kiowa County,US.KS.KW,6,0,
Lincoln County,US.KS.LC,6,0,
Mora County,US.NM.MO,6,0,
Summers County,US.WV.SU,6,0,
Huerfano County,US.CO.HU,6,1,
Perkins County,US.SD.PR,6,0,
Petersburg Census Area,US.AK.PB,6,1,
Hettinger County,US.ND.HE,6,0,
Glasscock County,US.TX.GC,6,0,
Ontonagon County,US.MI.ON,5,0,
Platte County,US.WY.PL,5,0,
Trego County,US.KS.TR,5,0,
Decatur County,US.KS.DC,5,0,
Wahkiakum County,US.WA.WH,5,0,
Kusilvak Census Area,US.AK.WA,5,0,
Nuckolls County,US.NE.NU,5,0,
Towner County,US.ND.TO,5,0,
Sheridan County,US.ND.SH,5,0,
Chautauqua County,US.KS.CQ,5,0,
Bent County,US.CO.BE,5,0,
Baraga County,US.MI.BA,5,0,
Lane County,US.KS.LE,5,0,
Sioux County,US.NE.SI,5,0,
Aleutians West Census Area,US.AK.AW,5,0,
Trinity County,US.CA.TR,5,0,
Golden Valley County,US.ND.GO,4,0,
Catron County,US.NM.CA,4,1,
Barber County,US.KS.AB,4,0,
Grant County,US.ND.GT,4,0,
Stonewall County,US.TX.SA,4,0,
Storey County,US.NV.ST,4,0,
Doddridge County,US.WV.DO,4,0,
Piute County,US.UT.PT,4,0,
Gilliam County,US.OR.GI,4,0,
McPherson County,US.NE.MC,4,0,
Meagher County,US.MT.ME,4,0,
Lee County,US.KY.LE,4,0,
Wichita County,US.KS.WH,4,0,
Kittson County,US.MN.KI,4,0,
Haines Borough,US.AK.HA,4,0,
Essex County,US.VT.ES,4,0,
Sweet Grass County,US.MT.SW,4,1,
Throckmorton County,US.TX.TH,4,0,
Osborne County,US.KS.OB,4,0,
Hooker County,US.NE.HO,4,0,
Dickens County,US.TX.DC,4,1,
Motley County,US.TX.MY,4,0,
Garden County,US.NE.GD,4,0,
Bath County,US.VA.BA,4,0,
Cherry County,US.NE.CH,4,0,
Lincoln County,US.NV.LI,4,0,
Ellis County,US.OK.EL,3,0,
Stafford County,US.KS.SF,3,0,
Luce County,US.MI.LU,3,0,
Smith County,US.KS.SM,3,0,
Slope County,US.ND.SL,3,0,
Wibaux County,US.MT.WI,3,0,
Ritchie County,US.WV.RI,3,0,
Alfalfa County,US.OK.AL,3,0,
Sheridan County,US.MT.SH,3,0,
Hinsdale County,US.CO.HI,3,0,
Frontier County,US.NE.FO,3,0,
Keweenaw County,US.MI.KW,3,0,
Highland County,US.VA.HA,3,0,
Robertson County,US.KY.RB,3,0,
Hyde County,US.SD.HY,3,0,
Comanche County,US.KS.CM,3,0,
Clark County,US.ID.CA,3,0,
Judith Basin County,US.MT.JU,3,0,
Garfield County,US.NE.GF,3,0,
Wheatland County,US.MT.WH,3,0,
Webster County,US.WV.WB,3,0,
Greeley County,US.KS.GL,3,0,
Piscataquis County,US.ME.PI,3,0,
Gove County,US.KS.GO,3,0,
Golden Valley County,US.MT.GO,3,0,
Billings County,US.ND.BI,2,0,
Musselshell County,US.MT.MU,2,0,
Adams County,US.ND.AD,2,0,
Banner County,US.NE.BA,2,0,
San Juan County,US.CO.SJ,2,0,
Powell County,US.MT.PL,2,0,
Alpine County,US.CA.AP,2,0,
Sierra County,US.CA.SE,2,0,
Niobrara County,US.WY.NI,2,0,
Rock County,US.NE.RO,2,0,
Wayne County,US.UT.WE,2,0,
Haakon County,US.SD.HA,2,0,
Washington County,US.KS.WS,2,0,
Campbell County,US.SD.CP,2,0,
Daniels County,US.MT.DN,2,0,
Jones County,US.SD.JO,2,0,
Cook County,US.MN.CO,2,0,
Garfield County,US.WA.GF,2,0,
Foard County,US.TX.FD,2,0,
Fallon County,US.MT.FA,2,0,
Logan County,US.KS.LG,2,0,
Treasure County,US.MT.TR,2,0,
Eureka County,US.NV.EU,2,0,
Terrell County,US.TX.TL,2,0,
Kent County,US.TX.KT,2,0,
Cheyenne County,US.KS.CN,2,0,
Grant County,US.OR.GR,2,0,
Harding County,US.NM.HA,1,0,
Harlan County,US.NE.HR,1,0,
Thomas County,US.NE.TO,1,0,
Boyd County,US.NE.BY,1,0,
Powder River County,US.MT.PD,1,0,
Denali Borough,US.AK.DE,1,0,
Deuel County,US.NE.DL,1,0,
Aleutians East Borough,US.AK.AE,1,0,
Elk County,US.KS.EK,1,0,
Dundy County,US.NE.DY,1,0,
Dillingham Census Area,US.AK.DI,1,0,
Divide County,US.ND.DV,1,0,
Potter County,US.SD.PO,1,0,
Hitchcock County,US.NE.HI,1,0,
Cimarron County,US.OK.CO,1,0,
Sully County,US.SD.SU,1,0,
McCone County,US.MT.MC,1,0,
Liberty County,US.MT.LB,1,0,
Camas County,US.ID.CM,1,0,
Lake of the Woods County,US.MN.LO,1,0,
Dolores County,US.CO.DO,1,0,
Harding County,US.SD.HR,0,0,
Prairie County,US.MT.PR,0,0,
Borden County,US.TX.BD,0,0,
Bristol Bay Borough,US.AK.BR,0,0,
Keya Paha County,US.NE.KY,0,0,
Wallace County,US.KS.WA,0,0,
Loving County,US.TX.LI,0,0,
Esmeralda County,US.NV.ES,0,0,
Loup County,US.NE.LU,0,0,
Logan County,US.NE.LG,0,0,
Blaine County,US.NE.BL,0,0,
Brown County,US.NE.BW,0,0,
Rawlins County,US.KS.RA,0,0,
Butte County,US.ID.BT,0,0,
King County,US.TX.KG,0,0,
De Baca County,US.NM.DE,0,0,
Lewis County,US.ID.LW,0,0,
Kiowa County,US.CO.KO,0,0,
Sterling County,US.TX.SI,0,0,
Skagway Municipality,US.AK.SW,0,0,
Kalawao County,US.HI.KL,0,0,
Daggett County,US.UT.DG,0,0,
Hayes County,US.NE.HY,0,0,
Arthur County,US.NE.AR,0,0,
Grant County,US.NE.GA,0,0,
Modoc County,US.CA.MC,0,0,
Yakutat City and Borough,US.AK.YA,0,0,
Phillips County,US.MT.PH,0,0,
Petroleum County,US.MT.PO,0,0,
Wheeler County,US.OR.WE,0,0,
Wheeler County,US.NE.WH,0,0,
Carter County,US.MT.CT,0,0,
Mineral County,US.MT.MN,0,0,
