County,hasc,confirmed,death,recovered
Los Angeles County,US.CA.LO,107667,3454,
Cook County,US.IL.CO,91774,4618,
Queens County,US.NY.QU,65705,7070,
Kings County,US.NY.KI,59957,7120,
Maricopa County,US.AZ.MA,57929,865,
Bronx County,US.NY.BN,47838,4767,
Miami-Dade County,US.FL.DA,42311,1034,
Nassau County,US.NY.NA,41947,2185,
Suffolk County,US.NY.SF,41538,1983,
Westchester County,US.NY.WE,34980,1425,
Harris County,US.TX.RR,34108,387,
New York County,US.NY.NE,28698,3089,
Middlesex County,US.MA.MI,24083,1870,
Wayne County,US.MI.WY,23054,2728,
Dallas County,US.TX.DS,22590,387,
Philadelphia County,US.PA.PH,21885,1619,
Suffolk County,US.MA.SU,19936,1007,
Bergen County,US.NJ.BE,19532,2000,
Riverside County,US.CA.RI,19450,479,
Hudson County,US.NJ.HD,18913,1454,
Prince George's County,US.MD.PR,18861,687,
Essex County,US.NJ.ES,18842,2034,
Broward County,US.FL.BO,18229,406,
Clark County,US.NV.CL,17028,435,
Passaic County,US.NJ.PA,16927,1192,
Middlesex County,US.NJ.MI,16884,1328,
Fairfield County,US.CT.FA,16757,1377,
Union County,US.NJ.UN,16416,1326,
Essex County,US.MA.ES,16210,1116,
Orange County,US.CA.OR,15778,360,
San Diego County,US.CA.SD,15696,387,
Palm Beach County,US.FL.PL,15324,536,
Montgomery County,US.MD.MO,15021,747,
Richmond County,US.NY.RI,14164,1056,
Fairfax County,US.VA.FX,13965,494,
San Bernardino County,US.CA.SA,13676,269,
Rockland County,US.NY.RO,13623,506,
Tarrant County,US.TX.TN,13423,233,
Providence County,US.RI.PR,13144,537,
Hillsborough County,US.FL.HL,13044,148,
Bexar County,US.TX.BX,12878,115,
Worcester County,US.MA.WO,12443,935,
New Haven County,US.CT.NH,12409,1077,
Mecklenburg County,US.NC.MB,12233,151,
Oakland County,US.MI.OD,12160,1091,
Hennepin County,US.MN.HE,12150,785,
Orange County,US.FL.OR,12078,59,
Salt Lake County,US.UT.SL,12050,112,
Milwaukee County,US.WI.MU,11823,391,
Hartford County,US.CT.HA,11728,1378,
Marion County,US.IN.MO,11499,683,
Shelby County,US.TN.SY,11145,197,
Orange County,US.NY.OE,10759,403,
Travis County,US.TX.TV,10695,133,
King County,US.WA.KN,10684,618,
Davidson County,US.TN.DA,10450,118,
Washington,US.DC.DI,10435,555,
Jefferson Parish,US.LA.JF,9874,486,
Lake County,US.IL.LK,9864,421,
Franklin County,US.OH.FR,9825,417,
Ocean County,US.NJ.OC,9666,967,
Gwinnett County,US.GA.GW,9273,173,
Monmouth County,US.NJ.MN,9248,817,
Norfolk County,US.MA.NO,9242,934,
DuPage County,US.IL.DU,9192,474,
Pima County,US.AZ.PM,9024,282,
Plymouth County,US.MA.PL,8722,665,
Montgomery County,US.PA.MG,8562,810,
Bristol County,US.MA.BR,8295,587,
Baltimore County,US.MD.BC,8183,478,
Orleans Parish,US.LA.OR,8031,534,
Fulton County,US.GA.FU,8019,314,
Duval County,US.FL.DU,7961,68,
Kane County,US.IL.KE,7796,274,
Baltimore City,US.MD.BA,7789,342,
Mercer County,US.NJ.ME,7711,585,
Pinellas County,US.FL.PI,7697,183,
Macomb County,US.MI.MB,7502,919,
Prince William County,US.VA.PW,7442,146,
Erie County,US.NY.ER,7427,573,
Camden County,US.NJ.CM,7419,513,
Cuyahoga County,US.OH.CU,7392,372,
Yakima County,US.WA.YA,7349,160,
Douglas County,US.NE.DG,7312,96,
Delaware County,US.PA.DE,7288,659,
Denver County,US.CO.DN,7279,382,
Imperial County,US.CA.IM,6979,105,
Will County,US.IL.WL,6839,320,
Hampden County,US.MA.HD,6834,662,
Yuma County,US.AZ.YU,6824,97,
Morris County,US.NJ.MR,6790,805,
Lee County,US.FL.LE,6668,162,
El Paso County,US.TX.EP,6665,135,
St. Louis County,US.MO.SL,6495,579,
Alameda County,US.CA.AA,6472,140,
DeKalb County,US.GA.DA,6452,173,
Polk County,US.IA.PK,6305,178,
Fresno County,US.CA.FR,5851,77,
Bucks County,US.PA.BC,5829,567,
East Baton Rouge Parish,US.LA.EB,5684,274,
Wake County,US.NC.WK,5651,49,
Hamilton County,US.OH.HM,5605,197,
Cobb County,US.GA.CB,5557,245,
Greenville County,US.SC.GV,5488,85,
Arapahoe County,US.CO.AA,5300,345,
New Castle County,US.DE.NE,5277,245,
Burlington County,US.NJ.BU,5238,431,
Anne Arundel County,US.MD.AN,5200,209,
Kent County,US.MI.KN,5159,136,
Kern County,US.CA.KE,5100,80,
Lake County,US.IN.LK,5053,242,
Charleston County,US.SC.CS,5032,34,
Somerset County,US.NJ.SO,4919,529,
Jefferson County,US.AL.JE,4853,154,
Santa Clara County,US.CA.SL,4849,160,
Sussex County,US.DE.SU,4847,175,
Ramsey County,US.MN.RA,4805,226,
Collier County,US.FL.CL,4701,85,
Polk County,US.FL.PO,4660,105,
Tulare County,US.CA.TL,4627,136,
Berks County,US.PA.BK,4569,352,
Lancaster County,US.PA.LN,4530,365,
Hidalgo County,US.TX.HG,4520,57,
San Joaquin County,US.CA.SJ,4474,55,
Utah County,US.UT.UT,4340,22,
Lehigh County,US.PA.LH,4292,307,
Adams County,US.CO.AD,4287,156,
Dutchess County,US.NY.DU,4231,151,
Pinal County,US.AZ.PN,4139,75,
Loudoun County,US.VA.LD,4113,90,
Jefferson County,US.KY.JF,4034,197,
Fort Bend County,US.TX.FR,3999,56,
Montgomery County,US.AL.MT,3994,105,
Horry County,US.SC.HO,3963,49,
Durham County,US.NC.DH,3940,65,
Mobile County,US.AL.MB,3928,138,
Jackson County (including other portions of Kansas City),US.MO.JC,3890,55,
Monroe County,US.NY.MR,3885,245,
Washington County,US.AR.WA,3853,31,
Navajo County,US.AZ.NA,3817,132,
Richland County,US.SC.RI,3809,86,
Tulsa County,US.OK.TU,3792,71,
Chester County,US.PA.CH,3781,329,
Galveston County,US.TX.GV,3778,46,
San Francisco County,US.CA.SF,3776,50,
Minnehaha County,US.SD.MN,3655,58,
Snohomish County,US.WA.SN,3639,173,
Caddo Parish,US.LA.CO,3598,243,
Sacramento County,US.CA.SC,3559,69,
Northampton County,US.PA.NA,3458,272,
McKinley County,US.NM.MC,3450,177,
San Mateo County,US.CA.SM,3441,108,
Contra Costa County,US.CA.CN,3432,79,
Hall County,US.GA.HL,3362,60,
Hillsborough County,US.NH.HI,3312,251,
Allegheny County,US.PA.AL,3280,190,
Oklahoma County,US.OK.OL,3263,70,
Manatee County,US.FL.MN,3261,131,
Santa Barbara County,US.CA.SB,3261,29,
Ventura County,US.CA.VE,3240,47,
Woodbury County,US.IA.WO,3202,44,
Collin County,US.TX.CI,3199,45,
Forsyth County,US.NC.FO,3185,37,
Elkhart County,US.IN.EL,3164,43,
Winnebago County,US.IL.WN,3067,96,
Hays County,US.TX.HY,3050,7,
Denton County,US.TX.DN,3032,37,
Nueces County,US.TX.NU,3018,9,
Guilford County,US.NC.GU,3000,117,
Cumberland County,US.NJ.CU,2998,147,
Seminole County,US.FL.SE,2987,20,
Chesterfield County,US.VA.CD,2972,53,
Brown County,US.WI.BW,2968,42,
Luzerne County,US.PA.LU,2939,178,
Potter County,US.TX.PT,2937,39,
Atlantic County,US.NJ.AT,2924,220,
Washoe County,US.NV.WA,2923,77,
Benton County,US.AR.BE,2917,20,
Onondaga County,US.NY.OG,2909,167,
Rutherford County,US.TN.RU,2854,35,
Weld County,US.CO.WE,2853,137,
Genesee County,US.MI.GE,2789,288,
Jefferson County,US.CO.JE,2763,212,
Marion County,US.OH.MR,2730,38,
Allen County,US.IN.AL,2717,128,
Pierce County,US.WA.PI,2701,105,
Lucas County,US.OH.LU,2669,302,
Hamilton County,US.TN.HL,2665,33,
Marin County,US.CA.MN,2656,19,
Lafayette Parish,US.LA.LY,2645,47,
Henrico County,US.VA.HC,2629,157,
Lubbock County,US.TX.LU,2620,52,
Gloucester County,US.NJ.GL,2619,187,
Howard County,US.MD.HO,2618,91,
Cameron County,US.TX.CA,2611,60,
Kings County,US.CA.KI,2600,32,
Ouachita Parish,US.LA.OU,2591,80,
Stanislaus County,US.CA.ST,2531,44,
Osceola County,US.FL.OS,2526,25,
El Paso County,US.CO.EL,2525,109,
Frederick County,US.MD.FR,2520,119,
Brazoria County,US.TX.BI,2516,22,
St. Tammany Parish,US.LA.ST,2509,178,
Ada County,US.ID.AA,2507,23,
Arlington County,US.VA.AR,2500,131,
Volusia County,US.FL.VO,2496,58,
San Juan County,US.NM.SJ,2494,164,
City of St. Louis,US.MO.SY,2471,153,
Pasco County,US.FL.PS,2443,23,
Apache County,US.AZ.AP,2418,91,
Escambia County,US.FL.ES,2397,46,
Wyandotte County,US.KS.WY,2394,83,
Williamson County,US.TX.WM,2388,39,
Hinds County,US.MS.HI,2382,39,
Brevard County,US.FL.BE,2366,18,
Multnomah County,US.OR.MU,2361,69,
Montgomery County,US.TX.MG,2353,37,
Stearns County,US.MN.SR,2345,19,
Alexandria City,US.VA.AX,2338,57,
Bernalillo County,US.NM.BE,2331,87,
Cass County,US.ND.CS,2295,66,
Dakota County,US.MN.DA,2286,90,
Lexington County,US.SC.LX,2267,53,
Pulaski County,US.AR.PU,2258,59,
Richmond City,US.VA.RC,2248,29,
Jefferson County,US.TX.JE,2240,34,
Brazos County,US.TX.BZ,2228,31,
Clayton County,US.GA.CN,2221,79,
Tuscaloosa County,US.AL.TU,2209,44,
Martin County,US.FL.MT,2208,28,
Racine County,US.WI.RA,2194,65,
Black Hawk County,US.IA.BL,2191,58,
Pickaway County,US.OH.PC,2184,41,
Anoka County,US.MN.AN,2180,107,
Dane County,US.WI.DA,2175,32,
Dauphin County,US.PA.DA,2161,140,
Albany County,US.NY.AB,2130,109,
McHenry County,US.IL.MY,2088,97,
Coconino County,US.AZ.CO,2087,96,
Walker County,US.TX.WK,2080,28,
Summit County,US.OH.SU,2079,206,
Ford County,US.KS.FO,2008,10,
Calcasieu Parish,US.LA.CC,2000,59,
St. Lucie County,US.FL.SL,1983,50,
St. Clair County,US.IL.SI,1965,137,
Muscogee County,US.GA.MG,1957,52,
Dougherty County,US.GA.DH,1942,155,
Montgomery County,US.OH.MT,1918,26,
Benton County,US.WA.BE,1889,84,
Santa Cruz County,US.AZ.SA,1887,24,
Johnson County,US.KS.JO,1870,87,
Wayne County,US.NC.WY,1864,28,
St. Joseph County,US.IN.SN,1863,66,
Ulster County,US.NY.UL,1815,81,
Sarasota County,US.FL.SR,1814,98,
Mahoning County,US.OH.MH,1805,231,
Spartanburg County,US.SC.SP,1797,48,
Franklin County,US.WA.FR,1793,33,
Cumberland County,US.ME.CU,1793,62,
Lancaster County,US.NE.LA,1787,12,
Dakota County,US.NE.DK,1772,37,
Monterey County,US.CA.MT,1748,15,
Washtenaw County,US.MI.WS,1745,106,
Kent County,US.DE.KE,1730,90,
Lackawanna County,US.PA.LC,1719,207,
Oneida County,US.NY.OD,1708,97,
Buena Vista County,US.IA.BV,1707,11,
Webb County,US.TX.WB,1703,27,
Chatham County,US.GA.CM,1688,37,
Marshall County,US.AL.MS,1688,10,
Nobles County,US.MN.NB,1662,6,
Rapides Parish,US.LA.RA,1653,66,
Johnston County,US.NC.JH,1641,33,
Cass County,US.IN.CS,1636,9,
Lake County,US.FL.LK,1603,23,
Hall County,US.NE.HL,1597,47,
Marion County,US.OR.MR,1595,47,
Warren County,US.KY.WR,1583,14,
York County,US.PA.YO,1577,54,
Finney County,US.KS.FI,1574,10,
Troup County,US.GA.TP,1566,35,
Sumner County,US.TN.SN,1559,52,
Barnstable County,US.MA.BA,1553,148,
Kenosha County,US.WI.KN,1547,44,
Duplin County,US.NC.DP,1533,27,
Spokane County,US.WA.SP,1529,41,
Hamilton County,US.IN.HM,1518,100,
Butler County,US.OH.BU,1511,44,
Fayette County,US.KY.FA,1510,28,
Trousdale County,US.TN.TR,1494,5,
Litchfield County,US.CT.LI,1494,137,
Washington County,US.OR.WI,1491,20,
Rockingham County,US.NH.RO,1489,89,
DeSoto County,US.MS.DE,1486,16,
Bell County,US.TX.BL,1480,13,
Cache County,US.UT.CA,1477,2,
Solano County,US.CA.SN,1476,25,
Leon County,US.FL.LO,1466,8,
Tangipahoa Parish,US.LA.TA,1462,43,
Sullivan County,US.NY.SL,1455,35,
Monroe County,US.PA.MR,1430,109,
Manassas City,US.VA.MS,1430,18,
Charles County,US.MD.CH,1426,86,
Boulder County,US.CO.BO,1424,72,
Alachua County,US.FL.AL,1423,12,
Cherokee County,US.GA.CE,1416,44,
York County,US.SC.YO,1405,12,
Berkeley County,US.SC.BK,1392,23,
Hendricks County,US.IN.HD,1386,100,
Union County,US.NC.UN,1382,25,
Henry County,US.GA.HY,1379,33,
Lebanon County,US.PA.LB,1375,43,
Beaufort County,US.SC.BA,1372,21,
Sedgwick County,US.KS.SG,1368,28,
Mohave County,US.AZ.MO,1342,88,
Putnam County,US.NY.PU,1333,63,
Lee County,US.AL.LE,1326,38,
Davis County,US.UT.DA,1322,5,
Robeson County,US.NC.RB,1320,38,
Saginaw County,US.MI.SG,1313,123,
Lowndes County,US.GA.LW,1313,12,
Cumberland County,US.NC.CU,1311,41,
Middlesex County,US.CT.MI,1308,186,
Kankakee County,US.IL.KK,1302,65,
Madison County,US.AL.MD,1296,8,
Florence County,US.SC.FL,1296,55,
McLennan County,US.TX.ML,1292,9,
Columbiana County,US.OH.CL,1288,60,
Rowan County,US.NC.RW,1284,41,
Washington County,US.UT.WN,1280,4,
Ascension Parish,US.LA.AE,1278,58,
New London County,US.CT.NL,1277,102,
Merced County,US.CA.MD,1272,11,
Waukesha County,US.WI.WK,1272,39,
Sonoma County,US.CA.SO,1267,10,
Madison County,US.MS.MD,1267,34,
Niagara County,US.NY.NI,1262,85,
Virginia Beach City,US.VA.VI,1254,30,
Johnson County,US.IN.JO,1254,117,
Randolph County,US.NC.RA,1251,31,
Gaston County,US.NC.GS,1250,11,
Lafourche Parish,US.LA.LO,1248,89,
Warren County,US.NJ.WA,1246,161,
Linn County,US.IA.LI,1241,82,
Cabarrus County,US.NC.CR,1237,33,
Johnson County,US.IA.JH,1234,8,
Kent County,US.RI.KE,1234,72,
Whitfield County,US.GA.WF,1233,12,
Dallas County,US.IA.DL,1227,29,
Williamson County,US.TN.WL,1226,14,
Sarpy County,US.NE.SY,1212,8,
Alamance County,US.NC.AA,1207,37,
Sussex County,US.NJ.SU,1199,193,
Shelby County,US.AL.SH,1195,23,
St. Johns County,US.FL.SJ,1188,8,
Harford County,US.MD.HA,1173,63,
Leavenworth County,US.KS.LV,1173,7,
Richmond County,US.GA.RI,1158,54,
Sumter County,US.SC.SU,1156,24,
Carroll County,US.MD.CR,1155,112,
Terrebonne Parish,US.LA.TR,1147,61,
Jones County,US.MS.JO,1104,49,
Kalamazoo County,US.MI.KA,1103,68,
Livingston Parish,US.LA.LV,1102,38,
St. Charles County,US.MO.SA,1102,74,
Olmsted County,US.MN.OL,1101,15,
Canyon County,US.ID.CN,1092,6,
Knox County,US.TN.KN,1086,5,
Wicomico County,US.MD.WI,1085,40,
Hunterdon County,US.NJ.HN,1085,124,
Weber County,US.UT.WB,1084,14,
Sampson County,US.NC.SP,1084,6,
Ottawa County,US.MI.OT,1083,51,
Colquitt County,US.GA.CQ,1080,18,
Stark County,US.OH.ST,1079,112,
Bibb County,US.GA.BI,1074,41,
Burke County,US.NC.BK,1074,20,
Ingham County,US.MI.IH,1070,29,
Anderson County,US.TX.AE,1070,2,
Glynn County,US.GA.GY,1069,6,
Washington County,US.MN.WH,1069,40,
New Hanover County,US.NC.NE,1063,7,
Douglas County,US.GA.DL,1060,36,
Morgan County,US.AL.MG,1060,5,
Accomack County,US.VA.AC,1042,14,
Marshall County,US.IA.MS,1041,19,
Lincoln County,US.AR.LC,1041,11,
Dona Ana County,US.NM.DO,1039,10,
Davidson County,US.NC.DD,1035,15,
Hendry County,US.FL.HR,1021,27,
Seward County,US.KS.SW,1011,2,
Spotsylvania County,US.VA.SP,1010,31,
Cleveland County,US.OK.CV,1003,40,
Norfolk City,US.VA.NF,1000,11,
St. John the Baptist Parish,US.LA.SO,1000,87,
Stafford County,US.VA.SF,998,5,
Rock Island County,US.IL.RO,996,29,
Douglas County,US.CO.DU,993,52,
Madison County,US.IL.MD,991,69,
Texas County,US.OK.TE,990,6,
Lorain County,US.OH.LR,983,67,
Neshoba County,US.MS.NS,981,71,
Kendall County,US.IL.KA,981,21,
Ellis County,US.TX.EI,978,19,
Hampshire County,US.MA.HS,976,115,
Chatham County,US.NC.CH,975,43,
Chesapeake City,US.VA.CS,972,21,
Bossier Parish,US.LA.BO,971,33,
Acadia Parish,US.LA.AD,968,39,
Harrisonburg City,US.VA.HS,957,27,
Franklin County,US.PA.FR,954,44,
Mower County,US.MN.MW,945,2,
Champaign County,US.IL.CM,930,12,
Dorchester County,US.SC.DO,928,3,
Forsyth County,US.GA.FO,919,15,
Pickens County,US.SC.PI,918,5,
Randall County,US.TX.RA,918,7,
Walker County,US.AL.WK,918,24,
Trumbull County,US.OH.TR,916,65,
Tolland County,US.CT.TO,915,64,
Berrien County,US.MI.BN,906,60,
Lauderdale County,US.MS.LU,900,79,
Rock County,US.WI.RO,897,24,
Moore County,US.TX.MO,897,15,
Wilson County,US.TN.WO,891,17,
Rankin County,US.MS.RA,888,12,
Catawba County,US.NC.CB,887,12,
Buchanan County,US.MO.BC,883,3,
Franklin County,US.AL.FR,883,14,
Elmore County,US.AL.EL,876,14,
Dallas County,US.AL.DL,875,9,
Cumberland County,US.PA.CU,871,64,
Clay County,US.FL.CY,871,34,
Iredell County,US.NC.IR,869,7,
St. Francis County,US.AR.SI,863,3,
Yavapai County,US.AZ.YA,861,10,
Dawson County,US.NE.DN,861,8,
Charlotte County,US.FL.CH,860,76,
Lee County,US.NC.LE,856,8,
Putnam County,US.TN.PU,853,7,
Orangeburg County,US.SC.OR,852,14,
Forrest County,US.MS.FO,851,42,
Baldwin County,US.AL.BD,845,10,
Iberia Parish,US.LA.II,844,44,
Harrison County,US.MS.HR,842,10,
Muskegon County,US.MI.MG,842,51,
Rice County,US.MN.RI,835,7,
Granville County,US.NC.GN,825,21,
Schenectady County,US.NY.SN,824,35,
Indian River County,US.FL.IN,820,16,
Okaloosa County,US.FL.OA,820,8,
Marion County,US.FL.MI,817,12,
Robertson County,US.TN.RB,815,11,
Kenton County,US.KY.KE,814,36,
Warren County,US.OH.WR,814,21,
Culpeper County,US.VA.CP,814,11,
Tift County,US.GA.TI,802,26,
Clackamas County,US.OR.CC,795,24,
Salem County,US.NJ.SA,794,77,
Victoria County,US.TX.VI,793,8,
Clark County,US.WA.CR,790,30,
St. Charles Parish,US.LA.SC,789,49,
Placer County,US.CA.PA,786,11,
St. Martin Parish,US.LA.SR,779,27,
Larimer County,US.CO.LR,776,29,
Carroll County,US.GA.CL,775,40,
Midland County,US.TX.ID,772,15,
Sevier County,US.TN.SV,768,3,
Guadalupe County,US.TX.GU,768,2,
Crittenden County,US.AR.CD,765,13,
Scott County,US.MS.SC,762,15,
Lee County,US.AR.LE,761,2,
Clark County,US.OH.CK,761,9,
Pitt County,US.NC.PI,758,6,
Coweta County,US.GA.CA,757,16,
Wilson County,US.NC.WO,757,19,
Schuylkill County,US.PA.SC,753,44,
Sandoval County,US.NM.SD,753,29,
Story County,US.IA.ST,749,3,
Bartow County,US.GA.BT,748,42,
Orange County,US.NC.OR,745,42,
Westmoreland County,US.PA.WE,744,38,
Santa Rosa County,US.FL.SA,743,9,
Anderson County,US.SC.AN,742,12,
Iberville Parish,US.LA.IV,740,43,
Rockingham County,US.VA.RG,739,11,
Broome County,US.NY.BO,736,59,
Titus County,US.TX.TU,732,4,
Houston County,US.GA.HO,728,24,
Jefferson County,US.AR.JE,726,28,
Sevier County,US.AR.SV,726,7,
Kaufman County,US.TX.KU,724,5,
Pottawattamie County,US.IA.PT,719,11,
Kershaw County,US.SC.KE,718,16,
Ector County,US.TX.EC,718,9,
Etowah County,US.AL.ET,717,13,
St. Landry Parish,US.LA.SL,716,57,
Cape May County,US.NJ.CP,714,74,
Porter County,US.IN.PR,712,37,
Habersham County,US.GA.HB,712,36,
Cochise County,US.AZ.CH,710,14,
Scott County,US.IA.SC,706,10,
Beaver County,US.PA.BA,706,79,
Washington Parish,US.LA.WO,705,46,
DeKalb County,US.AL.DA,703,5,
Wapello County,US.IA.WP,702,30,
Honolulu County,US.HI.HO,701,13,
San Luis Obispo County,US.CA.SS,701,2,
Eagle County,US.CO.EA,700,8,
Scott County,US.MN.SC,700,4,
Smith County,US.TX.SM,699,4,
Winnebago County,US.WI.WA,692,13,
Washington County,US.MD.WA,691,28,
Lake County,US.TN.LK,691,0,
Dodge County,US.NE.DE,690,8,
Starr County,US.TX.SR,683,3,
Harnett County,US.NC.HT,682,30,
Newton County,US.GA.NE,682,12,
Tippecanoe County,US.IN.TP,677,8,
DeSoto County,US.FL.DE,676,10,
Henderson County,US.NC.HN,675,49,
Crawford County,US.IA.CW,675,2,
Platte County,US.NE.PL,669,3,
Shawnee County,US.KS.SN,669,11,
Yell County,US.AR.YE,668,3,
Colfax County,US.NE.CO,668,4,
Umatilla County,US.OR.UM,667,4,
Paulding County,US.GA.PA,666,16,
Clarke County,US.GA.CK,665,15,
Bradley County,US.TN.BR,662,3,
Whatcom County,US.WA.WA,659,40,
Twin Falls County,US.ID.TW,656,25,
Morgan County,US.CO.MN,654,46,
St. Mary's County,US.MD.SA,651,51,
Walworth County,US.WI.WL,650,18,
Madison County,US.IN.MD,648,64,
Erie County,US.PA.ER,642,12,
St. Bernard Parish,US.LA.SE,641,23,
Clark County,US.IN.CK,638,44,
Logan County,US.CO.LO,638,5,
Comal County,US.TX.OM,635,8,
Tipton County,US.TN.TI,633,5,
Monroe County,US.MI.MO,626,21,
Buncombe County,US.NC.BO,625,29,
Bay County,US.FL.BY,625,5,
Chambers County,US.AL.CM,625,27,
Butler County,US.AL.BT,625,28,
Muscatine County,US.IA.MU,624,44,
Chittenden County,US.VT.CH,622,39,
Bledsoe County,US.TN.BE,618,1,
Grayson County,US.TX.GO,617,5,
Windham County,US.CT.WI,616,14,
Boone County,US.KY.BO,615,23,
Dubuque County,US.IA.DU,610,22,
Jones County,US.TX.JN,604,0,
Brunswick County,US.NC.BS,603,6,
Coffee County,US.GA.CF,603,17,
Boone County,US.IL.BO,602,21,
Berkshire County,US.MA.BE,602,45,
McDonald County,US.MO.MA,598,1,
Copiah County,US.MS.CP,592,16,
Tallapoosa County,US.AL.TP,590,70,
Wilkes County,US.NC.WE,586,6,
Clay County,US.MN.CA,585,38,
Shenandoah County,US.VA.SN,584,30,
Jackson County,US.MS.JC,584,16,
Floyd County,US.GA.FL,584,15,
Livingston County,US.MI.LI,584,28,
Yolo County,US.CA.YO,583,24,
Hot Spring County,US.AR.HT,582,0,
Bartholomew County,US.IN.BA,582,44,
Suwannee County,US.FL.SW,581,21,
St. Clair County,US.MI.SA,578,50,
Columbia County,US.GA.CI,578,9,
Madera County,US.CA.ME,578,5,
Leake County,US.MS.LK,570,19,
Kandiyohi County,US.MN.KD,570,1,
Autauga County,US.AL.AU,568,13,
DeKalb County,US.IL.DK,567,19,
Sumter County,US.GA.SU,567,50,
Buckingham County,US.VA.BK,566,4,
Saratoga County,US.NY.SR,561,15,
Howard County,US.IN.HO,560,57,
Baldwin County,US.GA.BD,560,34,
Rensselaer County,US.NY.RE,559,32,
Calhoun County,US.MI.CU,557,36,
LaPorte County,US.IN.LA,553,26,
Columbus County,US.NC.CM,553,39,
Grimes County,US.TX.GM,551,2,
St. Mary Parish,US.LA.SM,550,38,
York County,US.ME.YO,549,11,
Georgetown County,US.SC.GR,549,4,
Newport News City,US.VA.NN,549,10,
Sebastian County,US.AR.SB,548,5,
Peoria County,US.IL.PI,546,28,
Pennington County,US.SD.PN,546,17,
Laurens County,US.SC.LU,545,8,
Faulkner County,US.AR.FA,545,3,
Bedford County,US.TN.BD,545,5,
Holmes County,US.MS.HO,544,41,
Belmont County,US.OH.BE,543,22,
Angelina County,US.TX.AG,541,9,
Delaware County,US.OH.DL,541,15,
Saline County,US.NE.SL,540,2,
Blaine County,US.ID.BL,539,5,
Beadle County,US.SD.BA,539,7,
Washington County,US.RI.WA,538,50,
Wayne County,US.MS.WY,535,13,
Montgomery County,US.TN.MT,534,7,
Lee County,US.MS.LE,532,18,
Oktibbeha County,US.MS.OK,532,26,
Skagit County,US.WA.SG,532,15,
Rockdale County,US.GA.RO,531,10,
Washington County,US.MS.WS,531,9,
Tuscarawas County,US.OH.TU,529,10,
Grant County,US.WA.GN,529,6,
Fairfield County,US.OH.FI,529,16,
Greenwood County,US.SC.GW,527,7,
Barrow County,US.GA.BW,527,25,
Johnson County,US.TX.JH,526,4,
Portsmouth City,US.VA.PR,526,18,
Russell County,US.AL.RU,524,0,
McCurtain County,US.OK.MU,522,7,
Vance County,US.NC.VA,521,38,
Jackson County,US.MI.JA,520,31,
Frederick County,US.VA.FK,517,6,
Jasper County,US.MO.JS,515,5,
Kosciusko County,US.IN.KO,512,4,
Lancaster County,US.SC.LN,510,12,
Muhlenberg County,US.KY.MU,510,8,
Outagamie County,US.WI.OU,508,9,
Summit County,US.UT.SU,508,1,
Moore County,US.NC.ME,506,13,
Medina County,US.OH.MD,506,32,
Hunt County,US.TX.HT,505,8,
Nash County,US.NC.NA,502,6,
Ware County,US.GA.WE,501,16,
Pike County,US.PA.PI,500,21,
La Crosse County,US.WI.LA,497,0,
Jefferson County,US.MO.JE,496,22,
Surry County,US.NC.SU,496,2,
Hardee County,US.FL.HD,496,3,
Warren County,US.MS.WR,496,18,
Androscoggin County,US.ME.AN,494,4,
Yazoo County,US.MS.YZ,493,6,
Municipality of Anchorage,US.AK.AN,493,6,
Lyon County,US.KS.LY,492,7,
Thomas County,US.GA.TH,490,32,
Putnam County,US.FL.PU,489,6,
Cecil County,US.MD.CE,487,29,
Franklin Parish,US.LA.FR,483,14,
Lake County,US.OH.LK,480,18,
Vanderburgh County,US.IN.VA,480,6,
Leflore County,US.MS.LL,480,49,
Clay County,US.MO.CY,478,11,
Dodge County,US.WI.DD,476,5,
Houston County,US.AL.HO,476,6,
Lauderdale County,US.AL.LU,475,6,
Columbia County,US.NY.CU,474,47,
Lowndes County,US.MS.LO,472,12,
Hernando County,US.FL.HA,472,5,
Limestone County,US.AL.LI,471,0,
Bulloch County,US.GA.BH,470,4,
Caldwell County,US.NC.CL,469,4,
Darlington County,US.SC.DA,469,15,
Pope County,US.AR.PP,468,4,
Craighead County,US.AR.CG,467,7,
Roanoke city,US.VA.RO,465,10,
Jackson County,US.IN.JC,465,3,
Lowndes County,US.AL.LO,465,21,
LaGrange County,US.IN.LG,465,7,
Berkeley County,US.WV.BE,462,10,
Tama County,US.IA.TM,460,29,
Sioux County,US.IA.SI,460,0,
Bastrop County,US.TX.BP,457,6,
Noble County,US.IN.NO,457,28,
Wright County,US.MN.WR,456,5,
Maverick County,US.TX.MV,455,5,
Miami County,US.OH.MM,455,31,
Mitchell County,US.GA.MT,453,38,
Blue Earth County,US.MN.BE,453,2,
Daviess County,US.KY.DA,452,8,
Newton County,US.MO.NT,451,2,
Aiken County,US.SC.AI,451,10,
Spalding County,US.GA.SD,450,32,
Walton County,US.GA.WA,449,28,
Taylor County,US.TX.TA,446,6,
Bowie County,US.TX.BW,444,12,
East Carroll Parish,US.LA.EC,444,1,
Cullman County,US.AL.CU,443,4,
Lincoln County,US.MS.LI,443,34,
Licking County,US.OH.LI,442,12,
Hanover County,US.VA.HV,442,29,
Suffolk City,US.VA.SO,441,37,
Union Parish,US.LA.UN,441,24,
Lamar County,US.MS.LM,440,7,
Sangamon County,US.IL.SM,440,32,
Stanly County,US.NC.SN,437,5,
Hancock County,US.IN.HC,437,35,
Macon County,US.TN.MC,436,3,
Clarendon County,US.SC.CN,435,43,
Manassas Park city,US.VA.MP,434,6,
Boone County,US.IN.BO,434,43,
Shelby County,US.KY.SH,433,16,
Grenada County,US.MS.GN,432,5,
Webster Parish,US.LA.WR,431,12,
Delaware County,US.IN.DL,429,49,
Gordon County,US.GA.GO,428,18,
Gadsden County,US.FL.GA,428,7,
Portage County,US.OH.PO,428,58,
Chattahoochee County,US.GA.CH,427,0,
Comanche County,US.OK.CM,427,7,
Hale County,US.TX.HE,427,7,
Marshall County,US.IN.MS,427,3,
Fauquier County,US.VA.FQ,427,7,
Ashtabula County,US.OH.AB,425,44,
Nacogdoches County,US.TX.NC,425,26,
Pike County,US.AL.PK,424,5,
Williamsburg County,US.SC.WI,421,15,
Shelby County,US.IN.SH,420,25,
Albemarle County,US.VA.AB,420,9,
Wichita County,US.TX.WC,420,2,
Jefferson Davis Parish,US.LA.JD,419,9,
Calvert County,US.MD.CL,419,27,
Wasatch County,US.UT.WA,418,3,
Jackson County,US.GA.JC,417,10,
Merrimack County,US.NH.ME,417,18,
Santa Cruz County,US.CA.SZ,417,3,
Washington County,US.WI.WN,411,16,
Pike County,US.MS.PI,407,12,
Payne County,US.OK.PY,407,1,
Columbia County,US.PA.CO,407,34,
Wood County,US.OH.WO,404,51,
San Juan County,US.UT.SJ,403,9,
Okeechobee County,US.FL.OE,402,0,
Sumter County,US.FL.SM,401,17,
Washington County,US.OK.WN,401,39,
Bay County,US.MI.BY,401,30,
Todd County,US.MN.TO,400,2,
Geauga County,US.OH.GE,399,42,
Gregg County,US.TX.GE,399,13,
Lee County,US.GA.LE,397,22,
Bladen County,US.NC.BL,397,3,
Grand Forks County,US.ND.GD,397,4,
Pueblo County,US.CO.PU,396,30,
Boone County,US.MO.BO,395,2,
Jackson County,US.FL.JA,394,2,
Colbert County,US.AL.CL,392,6,
Fayette County,US.GA.FY,391,19,
Highlands County,US.FL.HG,390,11,
St. James Parish,US.LA.SJ,390,29,
Clermont County,US.OH.CE,390,6,
Hoke County,US.NC.HO,389,3,
Chelan County,US.WA.CH,388,6,
Monroe County,US.MS.MR,388,30,
Craven County,US.NC.CN,387,6,
Chesterfield County,US.SC.CF,385,14,
Caldwell County,US.TX.CW,383,2,
Madison Parish,US.LA.MA,383,2,
Hamilton County,US.FL.HM,380,2,
Lenoir County,US.NC.LN,379,11,
Avoyelles Parish,US.LA.AV,378,14,
Lafayette County,US.MS.LY,377,4,
Wright County,US.IA.WG,377,1,
Rockwall County,US.TX.RC,377,16,
Upson County,US.GA.UP,377,43,
Franklin County,US.NC.FR,376,21,
Napa County,US.CA.NA,376,4,
Liberty County,US.TX.LT,376,3,
Coffee County,US.AL.CF,375,2,
Assumption Parish,US.LA.AS,373,15,
Bullock County,US.AL.BL,372,10,
Tom Green County,US.TX.TG,372,1,
Franklin County,US.MA.FR,372,55,
Floyd County,US.IN.FL,371,44,
Madison County,US.NE.MA,370,4,
Greensville County,US.VA.GS,366,7,
Carver County,US.MN.CV,364,1,
Citrus County,US.FL.CI,364,13,
Fremont County,US.WY.FR,362,9,
Harris County,US.GA.HI,361,10,
De Soto Parish,US.LA.DE,361,19,
Madison County,US.NY.MA,360,9,
Louisa County,US.IA.LO,360,13,
Flagler County,US.FL.FL,359,5,
Wayne County,US.OH.WE,359,51,
Attala County,US.MS.AT,358,23,
Kootenai County,US.ID.KO,357,1,
Lincoln County,US.SD.LI,357,1,
St. Clair County,US.AL.SA,357,2,
Union County,US.OR.UN,355,1,
Hampton city,US.VA.HM,354,5,
Chambers County,US.TX.CH,352,2,
Covington County,US.AL.CV,351,8,
Colleton County,US.SC.CT,351,22,
La Paz County,US.AZ.LA,351,5,
Cleveland County,US.NC.CV,349,4,
Barbour County,US.AL.BR,348,2,
Sunflower County,US.MS.SU,346,7,
Lincoln County,US.OR.LC,345,2,
Lincoln Parish,US.LA.LN,344,19,
Adams County,US.PA.AD,344,13,
Walker County,US.GA.WK,343,12,
Brown County,US.SD.BW,343,2,
St. Joseph County,US.MI.SJ,339,4,
Newton County,US.MS.NW,338,9,
Yadkin County,US.NC.YD,338,4,
Deaf Smith County,US.TX.DI,337,17,
Coryell County,US.TX.CL,336,2,
Jackson County,US.IL.JC,335,19,
Covington County,US.MS.CV,334,5,
Montgomery County,US.NC.MO,334,7,
Onslow County,US.NC.ON,334,3,
Parker County,US.TX.PR,333,1,
Kanawha County,US.WV.KA,332,20,
Escambia County,US.AL.ES,332,6,
Newport County,US.RI.NE,331,2,
Columbia County,US.FL.CU,331,3,
Calhoun County,US.AL.CN,330,5,
Winchester city,US.VA.WH,330,3,
Butler County,US.PA.BT,330,13,
Edgecombe County,US.NC.ED,329,9,
Eaton County,US.MI.EA,328,7,
Allegan County,US.MI.AL,328,7,
Harrison County,US.TX.HR,327,30,
Maury County,US.TN.MU,326,3,
Panola County,US.MS.PA,325,6,
Gila County,US.AZ.GI,325,6,
Richland County,US.OH.RI,325,5,
Morgan County,US.IN.MG,325,31,
Hardeman County,US.TN.HA,325,4,
Worth County,US.GA.WO,324,22,
Catoosa County,US.GA.CS,323,8,
Monroe County,US.FL.MO,322,5,
Caroline County,US.MD.CO,321,3,
Bolivar County,US.MS.BO,321,14,
Dillon County,US.SC.DI,321,10,
Jasper County,US.IA.JS,321,17,
Allen Parish,US.LA.AL,321,11,
Northumberland County,US.PA.NU,320,8,
Oceana County,US.MI.OA,320,3,
Saline County,US.AR.SL,319,2,
Halifax County,US.NC.HL,319,4,
Natchitoches Parish,US.LA.NA,319,14,
Rutherford County,US.NC.RU,317,9,
Lamar County,US.TX.LR,316,13,
Iron County,US.UT.RN,315,1,
Hamblen County,US.TN.HB,314,4,
Fond du Lac County,US.WI.FN,314,6,
Garfield County,US.CO.GA,313,2,
Plymouth County,US.IA.PM,313,5,
Marlboro County,US.SC.ML,311,4,
Hale County,US.AL.HA,311,21,
Fayette County,US.TN.FA,310,2,
Lyon County,US.MN.LY,309,2,
East Feliciana Parish,US.LA.EF,308,33,
Talladega County,US.AL.TD,308,8,
Greene County,US.MO.GE,308,8,
Canadian County,US.OK.CN,307,3,
Sherburne County,US.MN.SH,307,5,
Broomfield County and City,US.CO.BR,307,30,
Richmond County,US.NC.RI,306,7,
Allen County,US.OH.AN,305,40,
Oconee County,US.SC.OC,304,1,
Fairfield County,US.SC.FA,304,22,
Orange County,US.TX.OR,303,5,
Burleigh County,US.ND.BL,302,0,
Marengo County,US.AL.ME,302,11,
Lapeer County,US.MI.LP,301,31,
Lee County,US.SC.LE,301,22,
Gonzales County,US.TX.GA,301,4,
Richmond County,US.VA.RI,298,4,
Adams County,US.NE.AD,298,11,
Vermilion Parish,US.LA.VM,297,6,
Walton County,US.FL.WL,295,9,
Strafford County,US.NH.ST,294,13,
Warren County,US.VA.WR,294,7,
Montgomery County,US.IN.MM,293,20,
Adams County,US.MS.AD,293,18,
Medina County,US.TX.ME,293,2,
Pender County,US.NC.PD,291,2,
Worcester County,US.MD.WO,291,17,
Wilcox County,US.AL.WC,291,8,
Freeborn County,US.MN.FR,290,0,
West Baton Rouge Parish,US.LA.WB,290,30,
Grant County,US.IN.GA,290,26,
Wagoner County,US.OK.WG,289,19,
Butts County,US.GA.BU,289,33,
Macon County,US.NC.MN,288,1,
Newberry County,US.SC.NE,287,4,
Randolph County,US.IL.RA,287,7,
Laramie County,US.WY.LA,286,2,
Gallatin County,US.MT.GL,286,1,
Clinton County,US.IN.CI,285,2,
Sumter County,US.AL.SU,285,12,
Carbon County,US.PA.CB,284,26,
Saline County,US.MO.SI,284,4,
Lincoln County,US.NC.LI,283,1,
Simpson County,US.MS.SI,283,3,
Thurston County,US.WA.TH,282,7,
Orleans County,US.NY.OL,282,54,
Washington County,US.TX.WH,282,31,
Shelby County,US.TX.SY,281,9,
Page County,US.VA.PA,281,23,
Madison County,US.TN.MD,280,2,
Henry County,US.VA.HY,280,4,
Appling County,US.GA.AP,279,14,
Bacon County,US.GA.BC,279,4,
Crisp County,US.GA.CP,278,12,
Mercer County,US.OH.MC,278,8,
Summit County,US.CO.SU,277,4,
Loudon County,US.TN.LO,277,1,
Shiawassee County,US.MI.SH,276,28,
Rhea County,US.TN.RH,276,0,
Stephenson County,US.IL.SN,275,5,
Ontario County,US.NY.OR,275,26,
Roanoke County,US.VA.RE,274,6,
Pointe Coupee Parish,US.LA.PO,274,28,
Early County,US.GA.EA,273,31,
Plaquemines Parish,US.LA.PL,273,17,
Clarke County,US.AL.CK,273,6,
Pontotoc County,US.MS.PO,273,6,
Garland County,US.AR.GL,271,1,
Dale County,US.AL.DE,271,0,
Northampton County,US.VA.NA,271,28,
Campbell County,US.KY.CM,270,13,
Tate County,US.MS.TT,270,9,
James City County,US.VA.JA,270,15,
Marion County,US.MS.MI,270,11,
Chickasaw County,US.MS.CS,269,18,
Steuben County,US.NY.ST,268,29,
Ogle County,US.IL.OG,268,4,
McLean County,US.IL.ML,267,13,
Jackson County,US.AL.JA,267,3,
Warren County,US.NY.WR,266,30,
Monroe County,US.IN.MR,266,28,
Toombs County,US.GA.TM,265,5,
Douglas County,US.WA.DO,265,3,
Hopkins County,US.KY.HO,265,32,
Dubois County,US.IN.DU,264,6,
Eau Claire County,US.WI.EA,263,1,
Greene County,US.NY.GR,263,13,
Crawford County,US.KS.CR,263,1,
Galax city,US.VA.GA,263,15,
Cassia County,US.ID.CS,262,1,
Navarro County,US.TX.NV,262,6,
Matagorda County,US.TX.MD,261,5,
Decatur County,US.GA.DC,261,8,
Fulton County,US.NY.FU,261,26,
Stephens County,US.GA.SE,260,6,
Warren County,US.IA.WR,260,1,
Hardin County,US.TX.HN,260,5,
San Benito County,US.CA.SI,260,2,
White County,US.IN.WH,260,10,
Dickinson County,US.IA.DI,260,2,
Jefferson County,US.WI.JE,260,4,
Branch County,US.MI.BC,260,2,
Washington County,US.PA.WS,259,6,
McDowell County,US.NC.MW,259,1,
Butler County,US.KY.BR,257,14,
Jasper County,US.MS.JS,256,6,
Bristol County,US.RI.BR,256,7,
Petersburg city,US.VA.PB,256,5,
Claiborne County,US.MS.CB,256,10,
Tooele County,US.UT.TE,255,0,
Huntingdon County,US.PA.HU,254,4,
Fredericksburg City,US.VA.FB,254,0,
Winston County,US.MS.WN,254,6,
Noxubee County,US.MS.NO,253,8,
Nassau County,US.FL.NA,253,1,
Santa Fe County,US.NM.ST,253,3,
Johnson County,US.AR.JO,253,0,
Union County,US.AR.UN,252,13,
Rusk County,US.TX.RK,249,3,
Winston County,US.AL.WN,249,3,
Morehouse Parish,US.LA.MO,248,10,
Mecklenburg County,US.VA.ME,248,28,
Decatur County,US.IN.DC,248,32,
Winn Parish,US.LA.WI,248,5,
Pearl River County,US.MS.PL,248,32,
West Feliciana Parish,US.LA.WF,247,14,
Clay County,US.MS.CY,247,10,
Washington County,US.NY.WS,246,14,
Jerome County,US.ID.JR,246,5,
Darke County,US.OH.DA,245,25,
Greene County,US.OH.GR,244,9,
Henry County,US.IN.HY,243,15,
Prince George County,US.VA.PG,243,1,
Ozaukee County,US.WI.OZ,242,15,
Clinton County,US.MI.CN,241,12,
Dyer County,US.TN.DY,240,1,
Clinton County,US.IL.CN,240,17,
Kitsap County,US.WA.KS,239,2,
Genesee County,US.NY.GE,239,5,
Rockingham County,US.NC.RC,238,2,
Liberty County,US.FL.LI,238,1,
Lawrence County,US.IN.LW,236,24,
Chilton County,US.AL.CI,235,3,
Jefferson County,US.WV.JE,235,4,
Queen Anne's County,US.MD.QU,234,19,
Marion County,US.SC.MI,234,8,
Erie County,US.OH.ER,234,22,
Lenawee County,US.MI.LN,234,6,
Murray County,US.GA.MA,234,2,
Washington County,US.IA.WS,234,9,
Tuscola County,US.MI.TU,233,26,
Bienville Parish,US.LA.BI,233,27,
Monroe County,US.AL.MR,232,2,
Macon County,US.IL.MC,232,22,
Van Buren County,US.MI.VA,232,8,
Beauregard Parish,US.LA.BE,231,9,
Terrell County,US.GA.TL,231,27,
Blount County,US.AL.BU,230,1,
Steele County,US.MN.SE,228,1,
Sutter County,US.CA.SU,228,3,
Vigo County,US.IN.VI,228,8,
Dearborn County,US.IN.DR,227,23,
Yellowstone County,US.MT.YS,227,4,
McMinn County,US.TN.MM,227,18,
Logan County,US.KY.LO,227,12,
Wharton County,US.TX.WN,226,1,
El Dorado County,US.CA.EL,226,0,
Carroll County,US.VA.CL,225,9,
Cheatham County,US.TN.CA,225,1,
Frio County,US.TX.FO,225,0,
Saluda County,US.SC.SA,224,1,
Scotts Bluff County,US.NE.SC,224,3,
LaSalle County,US.IL.LA,224,17,
Polk County,US.GA.PO,224,1,
Sheboygan County,US.WI.SE,223,4,
Pickens County,US.AL.PC,223,6,
St. Lawrence County,US.NY.SI,222,3,
Cibola County,US.NM.CI,221,14,
Charlottesville City,US.VA.CE,220,6,
Madison County,US.FL.MD,220,3,
Holmes County,US.OH.HL,220,3,
Grady County,US.GA.GD,220,4,
Jackson Parish,US.LA.JA,219,16,
Graves County,US.KY.GV,219,21,
Riley County,US.KS.RL,219,3,
Hancock County,US.GA.HC,219,32,
Centre County,US.PA.CT,218,7,
Marion County,US.AL.MI,218,13,
Pasquotank County,US.NC.PU,217,17,
Marshall County,US.MS.MS,217,3,
Franklin County,US.MO.FR,217,18,
Evangeline Parish,US.LA.EV,216,1,
Smith County,US.MS.SM,216,11,
Chester County,US.SC.CR,216,1,
Watonwan County,US.MN.WT,216,0,
Laurens County,US.GA.LR,215,1,
Benton County,US.MN.BN,214,3,
Panola County,US.TX.PN,213,24,
Prince Edward County,US.VA.PD,213,6,
Parmer County,US.TX.PM,213,8,
Blount County,US.TN.BO,212,3,
Dooly County,US.GA.DO,211,12,
Warrick County,US.IN.WI,210,29,
Christian County,US.KY.CH,210,4,
Harrison County,US.IN.HI,210,22,
Davie County,US.NC.DV,208,3,
Montrose County,US.CO.MO,208,12,
Sussex County,US.VA.SS,208,5,
Meriwether County,US.GA.MW,207,3,
Willacy County,US.TX.WY,207,3,
Oswego County,US.NY.OS,206,3,
Allegany County,US.MD.AL,206,17,
Butte County,US.CA.BU,206,3,
Clarke County,US.MS.CE,205,24,
Franklin County,US.GA.FR,204,1,
Cowlitz County,US.WA.CW,204,0,
Richland Parish,US.LA.RI,204,4,
Rogers County,US.OK.RS,202,6,
Randolph County,US.AL.RA,202,9,
Randolph County,US.GA.RN,201,25,
Dickson County,US.TN.DI,201,0,
Minidoka County,US.ID.MI,201,0,
Deschutes County,US.OR.DE,201,0,
Kent County,US.MD.KE,200,23,
Alamosa County,US.CO.AL,199,4,
Huron County,US.OH.HU,199,2,
Ionia County,US.MI.II,199,4,
Conecuh County,US.AL.CO,199,7,
Madison County,US.AR.MD,198,0,
Hillsdale County,US.MI.HI,197,25,
Choctaw County,US.AL.CC,196,12,
Lane County,US.OR.LE,196,3,
Lycoming County,US.PA.LY,196,20,
Island County,US.WA.IS,196,12,
Crawford County,US.AR.CW,196,1,
Holmes County,US.FL.HO,195,0,
Monongalia County,US.WV.MG,195,5,
Mississippi County,US.AR.MS,194,3,
Catahoula Parish,US.LA.CT,194,3,
Union County,US.IL.UN,193,19,
Cape Girardeau County,US.MO.CG,193,3,
Gilmer County,US.GA.GI,193,2,
Levy County,US.FL.LV,192,1,
Whiteside County,US.IL.WD,192,15,
Buffalo County,US.NE.BF,192,1,
Madison County,US.OH.MO,192,8,
St. Croix County,US.WI.SI,191,1,
Caddo County,US.OK.CD,191,11,
Union County,US.MS.UN,191,9,
McClain County,US.OK.ML,191,4,
Coahoma County,US.MS.CH,191,6,
Augusta County,US.VA.AU,190,2,
Marathon County,US.WI.MH,189,1,
Bibb County,US.AL.BI,189,1,
Monroe County,US.GA.MN,189,18,
Cherokee County,US.TX.CK,188,2,
Gunnison County,US.CO.GU,188,6,
Douglas County,US.KS.DG,188,0,
Ohio County,US.KY.OH,188,0,
Dorchester County,US.MD.DO,188,5,
Pierce County,US.GA.PR,187,5,
Carroll County,US.AR.CL,187,5,
San Patricio County,US.TX.SP,187,0,
Hamilton County,US.IA.HM,187,1,
Isle of Wight County,US.VA.IS,186,9,
Northampton County,US.NC.NO,186,15,
Curry County,US.NM.CU,186,0,
Susquehanna County,US.PA.SS,185,24,
Macon County,US.AL.MC,185,9,
Echols County,US.GA.EC,185,0,
Hopewell city,US.VA.HW,184,2,
Greene County,US.IN.GE,184,32,
Greene County,US.AL.GR,183,8,
Ben Hill County,US.GA.BL,183,1,
Stewart County,US.GA.SW,182,3,
Greene County,US.NC.GE,182,3,
Uinta County,US.WY.UI,182,0,
Effingham County,US.GA.EF,182,1,
Miami County,US.IN.MI,181,2,
Wayne County,US.NY.WN,181,2,
Walthall County,US.MS.WT,180,4,
Tompkins County,US.NY.TO,178,0,
Cumberland County,US.TN.CU,178,4,
Turner County,US.GA.TR,178,16,
St. Louis County,US.MN.ST,177,15,
Hardin County,US.KY.HN,177,6,
Camden County,US.GA.CD,177,2,
Newaygo County,US.MI.NE,177,0,
Kemper County,US.MS.KE,177,14,
Osage County,US.OK.OS,176,8,
Walla Walla County,US.WA.WL,176,3,
Jim Wells County,US.TX.JW,176,0,
Lavaca County,US.TX.LA,175,1,
Cherokee County,US.SC.CK,173,7,
Coles County,US.IL.CE,172,17,
Scott County,US.MO.ST,172,11,
Glades County,US.FL.GL,172,1,
McCracken County,US.KY.MK,172,3,
Oconee County,US.GA.OC,172,10,
Herkimer County,US.NY.HE,172,3,
Allen County,US.KY.AL,171,7,
Midland County,US.MI.MD,171,9,
Jennings County,US.IN.JN,171,11,
Webster County,US.IA.WE,171,2,
Polk County,US.TX.PK,170,0,
Lawrence County,US.MS.LW,170,1,
Jasper County,US.SC.JA,170,3,
Grundy County,US.IL.GU,169,5,
Portage County,US.WI.PT,168,0,
Hertford County,US.NC.HD,168,10,
Putnam County,US.IN.PT,168,8,
Carson City,US.NV.CA,167,5,
Yalobusha County,US.MS.YL,167,7,
Brooks County,US.GA.BO,166,11,
Delaware County,US.OK.DL,165,16,
Houston County,US.TX.HS,165,0,
Putnam County,US.GA.PT,165,12,
Waller County,US.TX.WR,165,0,
Calhoun County,US.GA.CU,165,6,
Grant County,US.WI.GA,165,13,
Carroll County,US.MS.CL,164,11,
Vernon Parish,US.LA.VN,164,8,
Martin County,US.MN.MT,163,5,
Henderson County,US.KY.HE,163,3,
Cook County,US.GA.CO,163,2,
Perry County,US.AL.PE,162,1,
Randolph County,US.WV.RN,162,0,
Southampton County,US.VA.SA,162,7,
Lonoke County,US.AR.LO,162,1,
Warren County,US.NC.WR,161,5,
Iroquois County,US.IL.IR,160,5,
Atkinson County,US.GA.AT,160,2,
Malheur County,US.OR.ML,160,1,
Scott County,US.IN.SC,160,7,
Fairbanks North Star Borough,US.AK.FA,160,2,
Henderson County,US.TX.HD,159,4,
DeKalb County,US.IN.DE,159,4,
Lynchburg city,US.VA.LY,159,1,
Nicollet County,US.MN.NI,159,12,
Kenai Peninsula Borough,US.AK.KN,159,2,
Creek County,US.OK.CE,158,7,
Box Elder County,US.UT.BE,157,1,
Cass County,US.MI.CS,156,5,
Bryan County,US.GA.BY,156,5,
Linn County,US.OR.LN,156,9,
Phillips County,US.AR.PH,155,3,
Chicot County,US.AR.CT,154,3,
Polk County,US.OR.PO,154,12,
Bullitt County,US.KY.BI,154,4,
Montgomery County,US.VA.MO,154,2,
Grady County,US.OK.GD,153,5,
Lawrence County,US.TN.LW,152,6,
Cass County,US.MO.CS,152,8,
Burke County,US.GA.BE,152,7,
Orange County,US.VA.OR,152,3,
Johnson County,US.MO.JO,151,0,
St. Francois County,US.MO.SF,151,2,
Tattnall County,US.GA.TT,150,0,
Dawson County,US.GA.DW,150,3,
Perry County,US.MO.PR,149,0,
Dinwiddie County,US.VA.DN,148,2,
Shasta County,US.CA.SH,148,4,
Adams County,US.WA.AD,147,0,
White County,US.GA.WH,147,4,
Lea County,US.NM.LE,147,0,
Tazewell County,US.IL.TA,146,8,
Bertie County,US.NC.BT,146,4,
Lanier County,US.GA.LI,146,3,
Chenango County,US.NY.CH,146,6,
Chemung County,US.NY.CM,145,3,
Lumpkin County,US.GA.LP,145,3,
Kennebec County,US.ME.KE,145,10,
Cabell County,US.WV.CB,145,0,
Colonial Heights city,US.VA.CH,145,18,
Scotland County,US.NC.SC,144,2,
Franklin County,US.KY.FR,144,4,
Talbot County,US.MD.TA,144,4,
Humboldt County,US.CA.HU,144,4,
Jackson County,US.WV.JA,143,18,
Mercer County,US.PA.ME,143,6,
Boone County,US.IA.BO,143,1,
Brewster County,US.TX.BS,143,1,
Warren County,US.IL.WR,143,0,
Burnet County,US.TX.BT,143,3,
Tioga County,US.NY.TI,143,19,
Anson County,US.NC.AN,142,1,
Liberty County,US.GA.LB,142,1,
Washington County,US.TN.WI,142,0,
Caswell County,US.NC.CS,142,2,
Wayne County,US.PA.WN,141,8,
Emporia city,US.VA.EM,141,15,
Cerro Gordo County,US.IA.CG,141,1,
West Carroll Parish,US.LA.WC,141,5,
Stoddard County,US.MO.SD,141,8,
Banks County,US.GA.BS,141,1,
Daviess County,US.IN.DI,141,16,
Bamberg County,US.SC.BM,140,1,
Jackson County,US.OR.JA,140,0,
Grayson County,US.KY.GY,140,11,
Kittitas County,US.WA.KT,140,0,
Martin County,US.NC.MR,140,4,
Lauderdale County,US.TN.LU,139,3,
Ottawa County,US.OH.OT,139,23,
Audrain County,US.MO.AU,139,1,
Oldham County,US.KY.OL,139,7,
Emanuel County,US.GA.EM,138,3,
Monroe County,US.TN.MR,137,6,
Knox County,US.IL.KX,136,0,
Valencia County,US.NM.VA,136,2,
Orange County,US.IN.OR,135,23,
Elko County,US.NV.EL,135,1,
Teton County,US.WY.TE,135,1,
Itawamba County,US.MS.IT,134,8,
Natrona County,US.WY.NA,134,1,
Wayne County,US.IN.WY,134,6,
Cass County,US.IL.CS,134,6,
Crawford County,US.OH.CF,134,5,
Cottonwood County,US.MN.CT,134,0,
Stokes County,US.NC.SO,133,1,
Erath County,US.TX.ER,133,1,
Muskogee County,US.OK.MO,133,11,
Botetourt County,US.VA.BO,133,4,
Fayette County,US.PA.FA,132,4,
Humphreys County,US.MS.HU,132,9,
Union County,US.SD.UN,132,1,
Pittsylvania County,US.VA.PS,132,1,
Henry County,US.AL.HE,132,4,
Yamhill County,US.OR.YA,132,8,
Bedford County,US.VA.BF,131,3,
Wilcox County,US.GA.WC,131,15,
Pecos County,US.TX.PE,131,0,
Jefferson County,US.OR.JE,131,0,
Madison County,US.KY.MD,130,1,
Livingston County,US.NY.LI,130,4,
Washington County,US.OH.WS,130,20,
Washington County,US.GA.WG,130,1,
Jefferson County,US.GA.JR,130,1,
Morgan County,US.IL.MG,130,3,
Isabella County,US.MI.IB,129,8,
Lamar County,US.GA.LM,129,6,
Goodhue County,US.MN.GO,129,8,
Monroe County,US.IL.MR,129,13,
Chautauqua County,US.NY.CQ,129,3,
Nevada County,US.CA.NE,129,1,
Crenshaw County,US.AL.CA,129,3,
Caroline County,US.VA.CI,128,4,
Calhoun County,US.MS.CN,128,4,
Tippah County,US.MS.TP,128,11,
Clay County,US.IA.CY,128,0,
Clarke County,US.IA.CK,127,2,
Berrien County,US.GA.BN,127,0,
Maui County,US.HI.MA,127,6,
Pulaski County,US.MO.PA,127,1,
Perry County,US.IN.PE,127,9,
Sandusky County,US.OH.SA,126,14,
Putnam County,US.OH.PU,126,15,
Adair County,US.KY.AD,126,19,
Miller County,US.AR.ML,126,2,
Jackson County,US.NC.JA,126,1,
Goochland County,US.VA.GO,126,6,
Hancock County,US.MS.HN,126,13,
Thurston County,US.NE.TU,126,1,
Trempealeau County,US.WI.TR,126,0,
Steuben County,US.IN.SE,126,2,
Allamakee County,US.IA.AL,126,4,
Webster County,US.MS.WE,125,10,
Jefferson County,US.TN.JE,125,0,
Pettis County,US.MO.PS,125,1,
Klamath County,US.OR.KL,125,1,
Wise County,US.TX.WE,125,5,
Telfair County,US.GA.TF,125,3,
Claiborne Parish,US.LA.CI,125,10,
Graham County,US.AZ.GA,125,2,
Laurel County,US.KY.LU,124,3,
Jeff Davis County,US.GA.JF,124,3,
Franklin County,US.IN.FR,124,8,
Montgomery County,US.MS.MT,124,2,
Cattaraugus County,US.NY.CG,124,6,
Platte County,US.MO.PT,124,6,
Otsego County,US.MI.OS,123,10,
Alpena County,US.MI.AP,123,11,
Lyon County,US.NV.LY,123,2,
Tallahatchie County,US.MS.TL,122,4,
Glenn County,US.CA.GL,122,0,
Waupaca County,US.WI.WP,122,10,
Winona County,US.MN.WN,122,15,
Camp County,US.TX.CP,122,1,
Williamson County,US.IL.WS,122,4,
Payette County,US.ID.PA,122,2,
Jenkins County,US.GA.JK,121,12,
Bonneville County,US.ID.BV,121,1,
Greene County,US.AR.GE,121,0,
Gibson County,US.TN.GB,121,1,
York County,US.VA.YO,120,3,
Carter County,US.OK.CR,120,1,
Cayuga County,US.NY.CY,120,2,
Hardin County,US.OH.HD,120,12,
Montgomery County,US.NY.MT,119,4,
Macon County,US.GA.MC,119,9,
Louisa County,US.VA.LI,119,1,
Adair County,US.OK.AD,119,4,
Gray County,US.TX.GY,119,4,
Washington County,US.FL.WS,118,13,
Iosco County,US.MI.IC,118,11,
Abbeville County,US.SC.AB,118,0,
La Plata County,US.CO.LA,117,1,
Concordia Parish,US.LA.CR,117,6,
Sauk County,US.WI.SU,117,3,
Coffee County,US.TN.CF,117,0,
Peach County,US.GA.PH,116,9,
Fluvanna County,US.VA.FV,116,8,
Atascosa County,US.TX.AT,116,2,
Morrow County,US.OH.MW,116,1,
McDuffie County,US.GA.MU,116,7,
Nye County,US.NV.NY,116,3,
Anderson County,US.TN.AN,116,2,
Mahaska County,US.IA.MK,115,17,
Wayne County,US.WV.WA,115,9,
Red River County,US.TX.RV,115,12,
Sullivan County,US.MO.SV,115,0,
Nottoway County,US.VA.NY,114,2,
Jasper County,US.IN.JS,114,2,
Choctaw County,US.OK.CA,114,1,
San Augustine County,US.TX.SG,114,7,
Jackson County,US.KY.JA,114,14,
Indiana County,US.PA.IN,114,6,
Ripley County,US.IN.RI,114,7,
Penobscot County,US.ME.PE,114,2,
Washington County,US.ID.WA,113,0,
Calumet County,US.WI.CA,113,2,
Ross County,US.OH.RO,113,3,
Bryan County,US.OK.BR,113,1,
Juniata County,US.PA.JU,113,6,
Dodge County,US.GA.DG,113,2,
Wilson County,US.TX.WS,113,5,
Obion County,US.TN.OB,112,2,
Person County,US.NC.PN,112,1,
Jackson County,US.KS.JA,112,1,
Shelby County,US.IA.SH,112,0,
Bannock County,US.ID.BO,112,1,
Pottawatomie County,US.OK.PT,112,4,
Pemiscot County,US.MO.PM,111,6,
Jessamine County,US.KY.JS,111,0,
Smith County,US.TN.SH,111,1,
Clinch County,US.GA.CC,111,3,
Carroll County,US.IN.CO,110,2,
Wood County,US.WV.WO,110,2,
Wabash County,US.IN.WB,110,2,
Lawrence County,US.PA.LW,110,9,
Elbert County,US.GA.EL,110,0,
Franklin County,US.VT.FR,110,6,
Mesa County,US.CO.ME,109,0,
Gilchrist County,US.FL.GI,109,0,
Kerr County,US.TX.KR,109,1,
Fannin County,US.TX.FI,109,7,
Jefferson Davis County,US.MS.JD,109,4,
Madison County,US.GA.MD,109,4,
Lawrence County,US.AL.LW,108,0,
Barry County,US.MI.BR,108,2,
Westmoreland County,US.VA.WM,108,2,
Dunklin County,US.MO.DU,108,3,
Sullivan County,US.TN.SL,108,2,
Butler County,US.MO.BE,108,0,
Val Verde County,US.TX.VL,108,0,
Brunswick County,US.VA.BU,107,1,
Matanuska-Susitna Borough,US.AK.MA,107,1,
Missoula County,US.MT.MS,107,1,
Washington County,US.AL.WS,107,7,
Crow Wing County,US.MN.CW,106,12,
Kay County,US.OK.KA,106,7,
Caldwell Parish,US.LA.CW,106,1,
Rio Arriba County,US.NM.RI,106,1,
Jefferson County,US.IL.JF,106,17,
Saline County,US.KS.SA,106,2,
Adams County,US.IL.AD,106,1,
Yuba County,US.CA.YU,106,1,
Chaves County,US.NM.CH,105,2,
Alexander County,US.NC.AE,105,1,
Clinton County,US.IA.CN,105,1,
Nevada County,US.AR.NV,104,3,
Manitowoc County,US.WI.MW,104,1,
Brantley County,US.GA.BA,104,3,
Fannin County,US.GA.FN,104,1,
Poweshiek County,US.IA.PW,104,8,
Hardin County,US.TN.HI,104,7,
Auglaize County,US.OH.AU,104,4,
St. Helena Parish,US.LA.SH,103,1,
Pine County,US.MN.PN,103,0,
Saguache County,US.CO.SG,102,2,
Bailey County,US.TX.BY,102,1,
Lawrence County,US.AR.LW,102,9,
Prentiss County,US.MS.PN,102,3,
Pitkin County,US.CO.PI,102,2,
McDonough County,US.IL.MU,102,15,
Cleburne County,US.AR.CB,102,4,
Johnson County,US.GA.JH,102,2,
Calhoun County,US.SC.CH,102,1,
Ohio County,US.WV.OH,101,1,
Van Zandt County,US.TX.VN,101,3,
La Salle Parish,US.LA.LA,101,0,
Greene County,US.GA.GE,101,9,
Greene County,US.MS.GE,101,8,
Clinton County,US.NY.CL,101,4,
Morton County,US.ND.MR,100,2,
Sweetwater County,US.WY.SW,100,0,
Carteret County,US.NC.CE,100,3,
Pulaski County,US.KY.PU,100,2,
Beaufort County,US.NC.BA,100,0,
Colorado County,US.TX.CO,100,0,
Pike County,US.KY.PI,99,2,
Jefferson County,US.MS.JF,99,3,
King George County,US.VA.KG,99,4,
Clark County,US.KY.CK,99,5,
Scott County,US.KY.SC,99,0,
Lincoln County,US.MO.LO,98,1,
Le Sueur County,US.MN.LU,98,1,
Nez Perce County,US.ID.NE,98,19,
Jones County,US.GA.JE,98,0,
Lee County,US.IL.LE,98,2,
Pike County,US.GA.PK,98,3,
Montcalm County,US.MI.MC,98,1,
Howard County,US.AR.HW,98,1,
Fayette County,US.IN.FA,98,7,
Pickens County,US.GA.PE,98,5,
Union County,US.SC.UN,98,0,
Chisago County,US.MN.CG,97,1,
Castro County,US.TX.AS,97,1,
Uvalde County,US.TX.UV,97,1,
Newton County,US.IN.NE,97,10,
Windham County,US.VT.WH,97,3,
Screven County,US.GA.SR,97,7,
DeWitt County,US.TX.DE,96,1,
Calhoun County,US.TX.CU,96,3,
Oglethorpe County,US.GA.OG,96,7,
Fayette County,US.TX.FT,96,2,
Wyoming County,US.NY.WM,95,5,
Chippewa County,US.WI.CH,95,0,
Greene County,US.TN.GE,95,2,
Wood County,US.TX.WO,94,5,
Sabine Parish,US.LA.SB,94,1,
Union County,US.PA.UN,94,2,
Henry County,US.IL.HY,93,1,
Otter Tail County,US.MN.OT,93,1,
Green County,US.WI.GN,93,1,
Carroll County,US.IA.CL,93,1,
Tunica County,US.MS.TU,93,3,
Big Horn County,US.MT.BI,93,4,
Luna County,US.NM.LU,93,3,
Pocahontas County,US.IA.PC,93,1,
Grant Parish,US.LA.GR,93,1,
Calhoun County,US.FL.CA,93,6,
Gratiot County,US.MI.GT,93,13,
Jefferson County,US.NY.JE,93,0,
Milam County,US.TX.MI,92,1,
Haywood County,US.NC.HW,92,0,
Barren County,US.KY.BN,92,2,
Franklin County,US.VA.FN,92,1,
Wilkinson County,US.MS.WK,92,9,
Lafayette County,US.MO.LF,92,2,
White County,US.AR.WH,92,1,
Hood County,US.TX.HO,92,4,
Eddy County,US.NM.ED,92,1,
Bradford County,US.FL.BA,92,2,
Haywood County,US.TN.HY,91,2,
Hawaii County,US.HI.HA,91,0,
Benton County,US.OR.BE,91,5,
Bremer County,US.IA.BR,91,6,
Delaware County,US.NY.DE,91,4,
Columbia County,US.WI.CO,91,1,
Taylor County,US.FL.TA,91,1,
Adair County,US.MO.AD,91,0,
Danville City,US.VA.DA,91,2,
Mississippi County,US.MO.MI,91,0,
Dallam County,US.TX.DL,91,1,
Wayne County,US.GA.WY,91,0,
Charles Mix County,US.SD.CH,90,0,
Cambria County,US.PA.CI,90,3,
Coshocton County,US.OH.CS,90,2,
Cocke County,US.TN.CE,90,0,
Andrews County,US.TX.AR,90,0,
Edgefield County,US.SC.ED,89,3,
Waynesboro city,US.VA.WS,89,0,
Amite County,US.MS.AM,89,2,
Bedford County,US.PA.BO,89,4,
Oglala Lakota County,US.SD.SH,89,0,
Monroe County,US.OH.ME,88,17,
Cross County,US.AR.CO,88,1,
Tehama County,US.CA.TE,88,1,
Okanogan County,US.WA.OK,88,2,
Cherokee County,US.AL.CH,88,7,
Whitley County,US.IN.WL,88,4,
McLeod County,US.MN.MC,88,0,
Barnwell County,US.SC.BN,88,1,
Hood River County,US.OR.HO,88,0,
Grayson County,US.VA.GY,87,2,
Grafton County,US.NH.GR,87,1,
Clay County,US.SD.CY,87,0,
Cherokee County,US.OK.CK,87,1,
Brown County,US.TX.BN,87,11,
Somerset County,US.MD.SO,87,3,
Lake County,US.CA.LK,86,1,
Calloway County,US.KY.CW,86,1,
Mayes County,US.OK.MY,86,5,
Des Moines County,US.IA.DS,86,2,
Burleson County,US.TX.BU,86,0,
Perry County,US.PA.PE,86,5,
O'Brien County,US.IA.OB,86,1,
Marion County,US.GA.MR,86,2,
Starke County,US.IN.SR,85,3,
Carlton County,US.MN.CL,85,0,
Mendocino County,US.CA.MI,85,0,
Henry County,US.IA.HE,85,3,
Wasco County,US.OR.WC,85,1,
Columbia County,US.AR.CI,85,4,
Humboldt County,US.NV.HU,84,4,
Baker County,US.FL.BK,84,4,
Otsego County,US.NY.OO,84,4,
Dodge County,US.MN.DD,84,0,
Franklin County,US.IA.FN,84,0,
Powhatan County,US.VA.PH,84,2,
Delta County,US.CO.DT,83,1,
Preston County,US.WV.PR,83,2,
Jefferson County,US.OH.JE,83,2,
Haralson County,US.GA.HS,83,5,
Franklin County,US.TN.FR,82,3,
Morrow County,US.OR.MO,82,1,
Clark County,US.WI.CL,82,7,
Wayne County,US.TN.WY,82,0,
Belknap County,US.NH.BE,82,1,
Talbot County,US.GA.TB,81,3,
Garvin County,US.OK.GV,81,1,
Cole County,US.MO.CE,81,2,
Polk County,US.MN.PL,81,2,
Nelson County,US.KY.NE,81,1,
Martinsville city,US.VA.MR,81,1,
Marshall County,US.TN.MS,81,1,
Shawano County,US.WI.SA,81,0,
Clinton County,US.PA.CN,80,4,
Simpson County,US.KY.SI,80,3,
Hickman County,US.TN.HN,80,0,
Cedar County,US.IA.CD,80,1,
Emmet County,US.IA.EM,80,0,
Union County,US.OH.UN,80,1,
Yankton County,US.SD.YA,79,0,
Taylor County,US.IA.TY,79,0,
Rio Grande County,US.CO.RG,79,2,
Blair County,US.PA.BL,79,1,
Saunders County,US.NE.SU,79,2,
Kleberg County,US.TX.KL,79,1,
Hampton County,US.SC.HA,79,2,
Wilkinson County,US.GA.WI,79,8,
Chippewa County,US.MN.CP,78,1,
Ashley County,US.AR.AS,78,1,
George County,US.MS.GR,78,3,
Armstrong County,US.PA.AR,78,6,
Salem city,US.VA.SE,78,3,
Geneva County,US.AL.GE,78,0,
Randolph County,US.IN.RA,78,4,
Hancock County,US.OH.HN,78,1,
Hocking County,US.OH.HC,78,8,
Austin County,US.TX.AU,77,0,
Stark County,US.ND.SR,77,3,
Ottawa County,US.OK.OT,77,2,
Watauga County,US.NC.WT,77,0,
Chaffee County,US.CO.CA,77,19,
Vermilion County,US.IL.VE,77,2,
Lamar County,US.AL.LM,76,1,
Routt County,US.CO.RT,76,6,
Buffalo County,US.SD.BF,76,2,
Pulaski County,US.IL.PL,76,0,
Muskingum County,US.OH.MU,76,1,
Jasper County,US.GA.JS,76,1,
Union County,US.GA.UN,76,3,
Polk County,US.AR.PL,75,0,
Cherokee County,US.IA.CE,75,1,
Edmonson County,US.KY.ED,75,11,
Codington County,US.SD.CD,75,0,
Montour County,US.PA.MO,75,1,
Hill County,US.TX.HI,75,1,
Dade County,US.GA.DD,74,1,
Monona County,US.IA.MO,74,0,
Tishomingo County,US.MS.TS,74,1,
Lafayette County,US.WI.LF,74,0,
Garfield County,US.OK.GF,74,2,
Staunton city,US.VA.SU,74,0,
Clearfield County,US.PA.CF,74,0,
Reno County,US.KS.RN,74,0,
Taney County,US.MO.TA,74,2,
Polk County,US.NC.PO,74,4,
Harrison County,US.KY.HS,74,0,
Pottawatomie County,US.KS.PT,74,0,
McPherson County,US.KS.MP,74,0,
Rutland County,US.VT.RU,74,1,
Union County,US.FL.UN,74,2,
Knox County,US.KY.KX,73,0,
Bennington County,US.VT.BE,73,1,
Quitman County,US.MS.QU,73,0,
Woodford County,US.KY.WO,73,0,
Monroe County,US.WI.MO,73,1,
Wakulla County,US.FL.WK,72,1,
Franklin County,US.KS.FR,72,0,
Choctaw County,US.MS.CW,72,4,
Wilkes County,US.GA.WS,72,1,
Hart County,US.GA.HT,72,0,
Montezuma County,US.CO.MZ,72,3,
Isanti County,US.MN.IS,72,0,
Dixie County,US.FL.DI,72,4,
Warren County,US.TN.WR,72,0,
Cheshire County,US.NH.CH,72,2,
Pierce County,US.WI.PI,72,0,
Marquette County,US.MI.MQ,71,11,
Irwin County,US.GA.IR,71,1,
Huntington County,US.IN.HU,71,2,
Wells County,US.IN.WE,71,1,
Cowley County,US.KS.CL,71,1,
Barry County,US.MO.BR,71,0,
Floyd County,US.IA.FL,70,2,
Fairfax city,US.VA.FC,70,7,
Marion County,US.TN.MI,70,4,
Hopkins County,US.TX.HP,70,0,
Lewis County,US.WA.LE,70,3,
White County,US.TN.WH,70,3,
Seneca County,US.NY.SC,70,1,
Drew County,US.AR.DR,70,2,
Geary County,US.KS.GE,70,1,
Kendall County,US.TX.KD,70,0,
Colusa County,US.CA.CL,70,0,
Cass County,US.NE.CS,70,1,
Fayette County,US.AL.FA,70,1,
Crawford County,US.MI.CF,70,5,
Crowley County,US.CO.CR,70,1,
Preble County,US.OH.PR,70,1,
Jefferson County,US.IN.JF,70,1,
Brookings County,US.SD.BK,70,0,
Douglas County,US.NV.DO,70,0,
Lyman County,US.SD.LY,69,1,
Wood County,US.WI.WO,69,1,
Marion County,US.IL.MO,68,0,
Okmulgee County,US.OK.OM,68,0,
Hutchinson County,US.TX.UT,68,0,
Williams County,US.OH.WI,68,2,
Jay County,US.IN.JY,68,0,
Clay County,US.KY.CY,68,3,
Marion County,US.IA.MI,68,0,
Fulton County,US.IN.FU,68,1,
Addison County,US.VT.AD,68,2,
Roosevelt County,US.NM.RO,68,1,
McNairy County,US.TN.MA,68,0,
Greene County,US.VA.GE,67,1,
Snyder County,US.PA.SN,67,2,
Bleckley County,US.GA.BK,67,1,
Fayette County,US.WV.FA,67,4,
Boyd County,US.KY.BD,67,3,
Lawrence County,US.OH.LW,67,0,
Guernsey County,US.OH.GU,67,3,
Chattooga County,US.GA.CG,67,2,
Hardin County,US.IA.HD,67,0,
Gooding County,US.ID.GO,66,1,
Conway County,US.AR.CN,66,3,
Clinton County,US.OH.CI,66,0,
Washington County,US.IN.WS,66,1,
Huron County,US.MI.HU,66,3,
Greer County,US.OK.GE,66,7,
Harrison County,US.WV.HR,66,1,
Klickitat County,US.WA.KL,66,3,
Camden County,US.MO.CM,66,1,
Upshur County,US.TX.US,65,0,
Washington County,US.VA.WG,65,4,
Gallatin County,US.KY.GL,65,8,
Perry County,US.MS.PY,65,4,
Waseca County,US.MN.WE,64,0,
Marinette County,US.WI.MT,64,3,
Dare County,US.NC.DE,64,1,
Marion County,US.WV.MI,64,2,
Hughes County,US.SD.HG,64,0,
Clay County,US.AR.CY,64,3,
Guthrie County,US.IA.GH,64,4,
Stephens County,US.OK.ST,64,1,
McIntosh County,US.OK.MI,64,1,
Hamilton County,US.NE.HM,64,12,
Elmore County,US.ID.EL,64,2,
Itasca County,US.MN.IT,64,12,
Shelby County,US.OH.SH,64,4,
Allegany County,US.NY.AL,63,2,
Mifflin County,US.PA.MI,63,1,
Alcorn County,US.MS.AL,63,1,
Stutsman County,US.ND.SU,63,1,
Knox County,US.IN.KN,63,0,
Weakley County,US.TN.WE,63,1,
Sac County,US.IA.SA,63,0,
Lee County,US.TX.LE,63,3,
Somerset County,US.PA.SO,63,1,
Morgan County,US.GA.MO,63,0,
Perry County,US.KY.PR,62,1,
Oconto County,US.WI.OC,62,0,
Flathead County,US.MT.FL,62,2,
Pulaski County,US.IN.PL,62,1,
Benton County,US.IA.BN,62,1,
Custer County,US.OK.CU,62,0,
Crawford County,US.PA.CW,62,0,
Clay County,US.AL.CY,62,2,
Douglas County,US.MN.DU,62,0,
Red River Parish,US.LA.RE,62,8,
Meeker County,US.MN.ME,61,1,
Fulton County,US.OH.FU,61,0,
Lincoln County,US.TN.LI,61,0,
Ward County,US.ND.WR,61,1,
Labette County,US.KS.LB,61,0,
Charlton County,US.GA.CT,61,2,
Park County,US.WY.PA,61,0,
Pittsburg County,US.OK.PI,61,3,
Kewaunee County,US.WI.KW,61,1,
Williamsburg City,US.VA.WL,61,6,
Poinsett County,US.AR.PN,61,3,
Independence County,US.AR.IN,60,0,
DeKalb County,US.TN.DE,60,0,
Carroll County,US.NH.CA,60,0,
Jasper County,US.TX.JR,60,1,
New Kent County,US.VA.NK,60,1,
Marshall County,US.KY.MH,60,2,
Hockley County,US.TX.HC,60,1,
Putnam County,US.WV.PU,60,0,
Greenbrier County,US.WV.GE,60,1,
Socorro County,US.NM.SO,60,5,
Clay County,US.IN.CY,60,4,
Cooke County,US.TX.OO,60,0,
Limestone County,US.TX.LO,60,1,
Morrison County,US.MN.MR,59,1,
Dawson County,US.TX.DW,59,1,
Polk County,US.WI.PL,59,1,
Gibson County,US.IN.GI,59,2,
Grundy County,US.TN.GU,59,1,
Halifax County,US.VA.HL,59,1,
Windsor County,US.VT.WS,59,2,
Roane County,US.TN.RA,59,0,
Butler County,US.KS.BU,59,0,
Essex County,US.VA.ES,59,0,
Grant County,US.KY.GT,59,4,
Overton County,US.TN.OV,59,1,
Ashland County,US.OH.AL,58,1,
Logan County,US.OH.LG,58,1,
Coosa County,US.AL.CS,58,1,
Allendale County,US.SC.AL,58,3,
Wyandot County,US.OH.WD,58,5,
Gentry County,US.MO.GT,58,9,
Crane County,US.TX.CR,58,9,
Swain County,US.NC.SW,58,1,
Carroll County,US.OH.CO,58,3,
Lincoln County,US.NE.LI,58,2,
Heard County,US.GA.HD,58,3,
Osceola County,US.IA.OS,58,0,
Schoharie County,US.NY.SO,58,2,
Mason County,US.MI.MN,58,0,
Clark County,US.AR.CK,58,0,
Campbell County,US.WY.CM,58,0,
Murray County,US.MN.MU,58,0,
Jefferson County,US.IA.JE,58,0,
Mineral County,US.WV.ML,57,3,
Candler County,US.GA.CR,57,0,
Stone County,US.MS.ST,57,1,
Elbert County,US.CO.EB,57,2,
Todd County,US.SD.TO,57,1,
San Jacinto County,US.TX.SJ,57,0,
Cumberland County,US.VA.CU,57,0,
Jefferson County,US.FL.JE,57,4,
Pawnee County,US.OK.PW,57,2,
Hempstead County,US.AR.HE,57,1,
Sharp County,US.AR.SH,56,5,
Hawkins County,US.TN.HW,56,2,
Clay County,US.GA.CY,56,2,
Giles County,US.TN.GL,56,1,
Montgomery County,US.KY.MM,56,0,
Perry County,US.IL.PY,56,1,
Bradford County,US.PA.BF,56,3,
Jones County,US.IA.JN,56,0,
Carter County,US.TN.CT,56,1,
Cameron Parish,US.LA.CM,56,0,
Rush County,US.IN.RU,56,3,
Waldo County,US.ME.WL,56,14,
McIntosh County,US.GA.MH,55,1,
Bee County,US.TX.BE,55,0,
Rabun County,US.GA.RB,55,3,
Raleigh County,US.WV.RL,55,0,
Unicoi County,US.TN.UC,55,0,
Andrew County,US.MO.AN,55,0,
Becker County,US.MN.BC,55,0,
Gage County,US.NE.GG,55,3,
Zapata County,US.TX.ZP,55,0,
Callaway County,US.MO.CA,55,1,
Faribault County,US.MN.FA,55,0,
Barton County,US.KS.BT,55,2,
Jackson County,US.MN.JA,55,0,
Del Norte County,US.CA.DE,55,0,
Hidalgo County,US.NM.HI,54,0,
Ashe County,US.NC.AS,54,1,
Sibley County,US.MN.SI,54,2,
Wheeler County,US.GA.WL,54,0,
Falls Church city,US.VA.FU,54,8,
Robertson County,US.TX.RO,54,0,
Wythe County,US.VA.WY,54,1,
Desha County,US.AR.DE,54,1,
Macoupin County,US.IL.MP,54,3,
Clarke County,US.VA.CK,54,0,
Logan County,US.OK.LG,54,1,
Douglas County,US.IL.DO,54,0,
Brown County,US.OH.BR,54,1,
Duval County,US.TX.DU,54,0,
Humboldt County,US.IA.HU,53,1,
Grand Traverse County,US.MI.GN,53,5,
Lee County,US.IA.LE,53,2,
Ochiltree County,US.TX.OC,53,2,
Sanpete County,US.UT.SP,53,0,
Coffey County,US.KS.CF,53,8,
Randolph County,US.AR.RA,53,1,
Mason County,US.WA.MA,53,1,
Harrison County,US.IA.HR,53,0,
Logan County,US.AR.LG,53,0,
Moniteau County,US.MO.ME,53,1,
Long County,US.GA.LG,52,1,
Bradley County,US.AR.BR,52,2,
Marion County,US.KY.MN,52,0,
Franklin city,US.VA.FR,52,2,
Butler County,US.IA.BE,52,2,
Yuma County,US.CO.YU,52,0,
Karnes County,US.TX.KS,52,0,
Lake County,US.CO.LK,51,0,
Otero County,US.NM.OT,51,7,
Iowa County,US.IA.IO,51,0,
Mountrail County,US.ND.MU,51,0,
Seminole County,US.GA.SI,51,2,
Pulaski County,US.GA.PL,51,2,
Butler County,US.NE.BE,51,0,
Monroe County,US.IA.MR,50,6,
Miller County,US.GA.ML,50,0,
Dixon County,US.NE.DI,50,2,
Livingston County,US.IL.LI,50,2,
Lamb County,US.TX.LB,50,0,
Meade County,US.SD.MD,50,1,
Franklin County,US.TX.FK,50,0,
Buchanan County,US.IA.BC,50,1,
Sanilac County,US.MI.SL,50,6,
Pennington County,US.MN.PI,50,0,
Crawford County,US.GA.CW,50,0,
Washington County,US.NE.WS,50,1,
Dukes County,US.MA.DU,50,0,
Gloucester County,US.VA.GL,49,1,
Hancock County,US.IA.HN,49,0,
Roberts County,US.SD.RO,49,0,
Clatsop County,US.OR.CT,49,0,
Defiance County,US.OH.DF,49,3,
Cortland County,US.NY.CD,48,1,
Adams County,US.IN.AD,48,1,
Calhoun County,US.IA.CO,48,2,
Benton County,US.IN.BE,48,0,
Pulaski County,US.VA.PU,48,2,
Campbell County,US.VA.CM,48,1,
Patrick County,US.VA.PK,48,1,
Millard County,US.UT.MD,48,0,
Sevier County,US.UT.SE,48,0,
Bingham County,US.ID.BG,48,0,
Delaware County,US.IA.DA,48,1,
Kearny County,US.KS.KE,48,1,
Owen County,US.IN.OW,47,1,
Russell County,US.KY.RU,47,4,
Reeves County,US.TX.RE,47,0,
Jasper County,US.IL.JS,47,7,
Christian County,US.MO.CT,47,1,
Jackson County,US.TX.JA,47,1,
Montgomery County,US.IL.MT,46,1,
Yates County,US.NY.YA,46,6,
Howard County,US.NE.HW,46,4,
Mercer County,US.WV.MR,46,0,
Grant County,US.KS.GT,46,1,
Washington County,US.CO.WA,46,0,
Taos County,US.NM.TA,46,1,
Essex County,US.NY.ES,46,0,
Morrill County,US.NE.MO,46,0,
Fayette County,US.OH.FY,46,0,
Phelps County,US.MO.PH,46,0,
Amelia County,US.VA.AI,45,1,
Knox County,US.OH.KN,45,1,
Jo Daviess County,US.IL.JO,45,1,
Hardy County,US.WV.HD,45,0,
Christian County,US.IL.CI,45,4,
Warren County,US.MO.WR,45,0,
City and Borough of Juneau,US.AK.JU,45,0,
Scurry County,US.TX.SU,45,0,
Lincoln County,US.GA.LC,45,1,
York County,US.NE.YO,45,0,
Douglas County,US.OR.DO,45,0,
Towns County,US.GA.TW,45,1,
Cass County,US.TX.CS,44,2,
Henry County,US.TN.HR,44,0,
Door County,US.WI.DO,44,3,
Howell County,US.MO.HW,44,0,
Cherokee County,US.NC.CO,44,2,
Henderson County,US.TN.HS,44,0,
Polk County,US.TN.PO,44,0,
Josephine County,US.OR.JO,44,1,
Campbell County,US.TN.CM,44,1,
Grant County,US.AR.GN,44,0,
New Madrid County,US.MO.NW,44,1,
Highland County,US.OH.HI,44,1,
Yancey County,US.NC.YN,44,0,
Davison County,US.SD.DV,44,0,
Carroll County,US.TN.CR,44,1,
Owyhee County,US.ID.OW,44,0,
Sequoyah County,US.OK.SQ,44,3,
Sullivan County,US.IN.SU,44,1,
Appomattox County,US.VA.AP,43,0,
Torrance County,US.NM.TO,43,1,
Athens County,US.OH.AS,43,1,
Madison County,US.VA.MD,43,1,
Tuolumne County,US.CA.TO,43,0,
Jackson County,US.OK.JA,43,3,
Taylor County,US.KY.TA,43,1,
Baker County,US.GA.BR,43,3,
Seminole County,US.OK.SM,43,3,
Pontotoc County,US.OK.PN,43,2,
Hart County,US.KY.HT,42,0,
Mono County,US.CA.MO,42,1,
Carroll County,US.KY.CL,42,1,
Hampshire County,US.WV.HM,42,1,
Calaveras County,US.CA.CA,42,0,
Webster County,US.KY.WE,42,0,
Nolan County,US.TX.NO,42,0,
King William County,US.VA.KW,42,0,
Oxford County,US.ME.OX,42,0,
Trinity County,US.TX.TR,42,0,
Coos County,US.OR.CO,42,0,
Madison County,US.IA.MD,42,2,
Smyth County,US.VA.SM,42,1,
Howard County,US.TX.HW,42,1,
Richland County,US.ND.RI,42,0,
Juneau County,US.WI.JU,42,1,
Gillespie County,US.TX.GL,42,0,
Teller County,US.CO.TE,42,2,
Clallam County,US.WA.CL,42,0,
Washington County,US.VT.WA,41,1,
Greene County,US.PA.GR,41,0,
Morris County,US.TX.MR,41,0,
Franklin County,US.MS.FR,41,2,
Marshall County,US.WV.MH,41,0,
Claiborne County,US.TN.CI,41,0,
Lyon County,US.IA.LY,41,0,
Dunn County,US.WI.DN,41,0,
Lawrence County,US.MO.LW,41,1,
Mitchell County,US.NC.MI,40,0,
Little River County,US.AR.LT,40,0,
Grainger County,US.TN.GA,40,0,
Charles City County,US.VA.CC,40,3,
Custer County,US.NE.CU,40,3,
Clarion County,US.PA.CL,40,2,
Monroe County,US.KY.MO,40,1,
Franklin County,US.ME.FR,40,1,
Washington County,US.NC.WI,40,3,
Boyle County,US.KY.BE,40,0,
Noble County,US.OK.NB,40,1,
Johnson County,US.TN.JO,39,0,
San Miguel County,US.CO.SM,39,0,
Merrick County,US.NE.ME,39,0,
Jerauld County,US.SD.JE,39,1,
Harvey County,US.KS.HV,39,2,
Wyoming County,US.PA.WM,39,7,
Washakie County,US.WY.WA,39,5,
Webster County,US.MO.WE,39,1,
Crawford County,US.WI.CR,39,0,
Douglas County,US.WI.DG,39,0,
Forest County,US.WI.FR,39,3,
Davis County,US.IA.DV,39,1,
Clayton County,US.IA.CT,39,3,
Champaign County,US.OH.CH,39,1,
Whitman County,US.WA.WI,38,0,
Fremont County,US.CO.FR,38,0,
Scioto County,US.OH.SC,38,0,
Lynn County,US.TX.LY,38,1,
Vernon County,US.WI.VE,38,0,
Arenac County,US.MI.AR,38,2,
Madison County,US.TX.AD,38,0,
Kauai County,US.HI.KU,38,0,
Jefferson County,US.WA.JE,38,0,
Spencer County,US.KY.SP,38,0,
Williams County,US.ND.WI,38,0,
Brown County,US.IN.BR,38,1,
Ford County,US.IL.FO,37,1,
Pipestone County,US.MN.PS,37,1,
Perquimans County,US.NC.PQ,37,2,
Seward County,US.NE.SA,37,1,
Amherst County,US.VA.AH,37,0,
Arkansas County,US.AR.AR,37,0,
Lunenburg County,US.VA.LN,37,0,
Madison County,US.ID.MA,37,0,
Swisher County,US.TX.SW,37,1,
Blackford County,US.IN.BL,37,2,
Alleghany County,US.NC.AL,36,0,
Nowata County,US.OK.NW,36,1,
Pike County,US.MO.PI,36,1,
Palo Alto County,US.IA.PO,36,0,
Northumberland County,US.VA.NU,36,1,
Lincoln County,US.ID.LI,36,0,
Winneshiek County,US.IA.WH,36,0,
Barron County,US.WI.BR,36,1,
Montgomery County,US.KS.MG,36,3,
Cuming County,US.NE.CM,36,0,
Posey County,US.IN.PS,36,0,
Mills County,US.IA.ML,36,0,
Fayette County,US.IA.FT,36,0,
Henry County,US.KY.HY,36,2,
Ravalli County,US.MT.RA,36,0,
Cleburne County,US.AL.CB,36,1,
Jones County,US.NC.JN,36,3,
Hartley County,US.TX.HL,36,2,
Bonner County,US.ID.BR,36,0,
Cannon County,US.TN.CN,36,0,
Ogemaw County,US.MI.OG,35,2,
Wabaunsee County,US.KS.WB,35,0,
Columbia County,US.OR.CL,35,0,
Jersey County,US.IL.JR,35,1,
Lander County,US.NV.LA,35,0,
Green Lake County,US.WI.GL,35,0,
Albany County,US.WY.AL,35,0,
Kalkaska County,US.MI.KK,35,2,
Spencer County,US.IN.SP,35,1,
Grundy County,US.IA.GN,35,0,
Mitchell County,US.IA.ME,35,0,
Lafayette County,US.FL.LF,34,0,
Aurora County,US.SD.AU,34,0,
Gulf County,US.FL.GU,34,0,
Woodford County,US.IL.WO,34,2,
Mille Lacs County,US.MN.MI,34,2,
Miami County,US.KS.MI,34,0,
Crockett County,US.TN.CK,34,3,
Atchison County,US.KS.AT,34,0,
Sullivan County,US.NH.SU,34,1,
Le Flore County,US.OK.LE,34,1,
Sagadahoc County,US.ME.SA,34,0,
Mason County,US.TX.MA,34,0,
Gem County,US.ID.GE,34,0,
Bourbon County,US.KY.BU,34,1,
Palo Pinto County,US.TX.PO,34,2,
Alleghany County,US.VA.AL,34,2,
Clark County,US.KS.CA,34,0,
Sharkey County,US.MS.SH,34,0,
Cascade County,US.MT.CS,34,2,
Floyd County,US.TX.FY,34,0,
Lincoln County,US.WY.LI,33,0,
Marshall County,US.OK.MH,33,0,
Perry County,US.TN.PE,33,0,
Young County,US.TX.YU,33,1,
Freestone County,US.TX.FE,33,0,
Mason County,US.KY.MS,33,0,
Leon County,US.TX.LN,33,0,
Franklin County,US.NY.FR,33,0,
Van Buren County,US.AR.VA,33,2,
Laclede County,US.MO.LD,33,0,
Kossuth County,US.IA.KO,33,0,
Kit Carson County,US.CO.KT,33,3,
Hamilton County,US.KS.HM,33,0,
Montgomery County,US.GA.MM,33,0,
Greenup County,US.KY.GU,33,0,
Seneca County,US.OH.SE,33,2,
Charlotte County,US.VA.CT,33,0,
Iowa County,US.WI.IO,33,0,
Sequatchie County,US.TN.SQ,33,0,
Perry County,US.AR.PY,32,0,
Waushara County,US.WI.WS,32,0,
Whitley County,US.KY.WH,32,0,
Perry County,US.OH.PE,32,1,
Rockbridge County,US.VA.RB,32,0,
Van Wert County,US.OH.VA,32,0,
Lincoln County,US.OK.LI,32,2,
Renville County,US.MN.RN,32,2,
Meigs County,US.TN.ME,32,0,
Floyd County,US.KY.FO,32,0,
Aransas County,US.TX.AA,31,0,
Toole County,US.MT.TO,31,6,
Camden County,US.NC.CD,31,0,
Cherokee County,US.KS.CK,31,0,
Uintah County,US.UT.UN,31,0,
Buchanan County,US.VA.BH,31,0,
Love County,US.OK.LV,31,0,
Lewis and Clark County,US.MT.LE,31,0,
Hansford County,US.TX.HF,31,2,
Siskiyou County,US.CA.SK,31,0,
Blanco County,US.TX.BC,31,1,
Jackson County,US.AR.JA,31,0,
Inyo County,US.CA.IN,31,1,
Stevens County,US.KS.SV,31,0,
Lamoille County,US.VT.LA,31,1,
Falls County,US.TX.FL,31,0,
Live Oak County,US.TX.LK,31,0,
Taylor County,US.GA.TY,31,2,
Wabasha County,US.MN.WB,31,0,
Mecosta County,US.MI.MT,30,2,
Rock County,US.MN.RC,30,0,
Benton County,US.MS.BE,30,0,
Yoakum County,US.TX.YA,30,0,
Brown County,US.MN.BR,30,2,
Custer County,US.MT.CU,30,0,
Lewis County,US.NY.LE,30,5,
Chester County,US.TN.CS,30,0,
Somerset County,US.ME.SO,30,0,
Fountain County,US.IN.FO,30,2,
Yellow Medicine County,US.MN.YE,30,0,
Sherman County,US.TX.SN,30,0,
Lucas County,US.IA.LU,30,4,
Clare County,US.MI.CE,30,3,
Meade County,US.KS.ME,30,0,
Neosho County,US.KS.NO,30,0,
Wexford County,US.MI.WE,30,4,
Osceola County,US.MI.OE,30,0,
Tipton County,US.IN.TT,30,1,
Lincoln County,US.KY.LN,30,1,
Evans County,US.GA.EV,30,0,
Beaver County,US.OK.BA,30,0,
Pocahontas County,US.WV.PO,29,0,
Brule County,US.SD.BU,29,0,
Carter County,US.KY.CR,29,0,
Wise County,US.VA.WI,29,2,
Union County,US.KY.UN,29,0,
Emmet County,US.MI.EM,29,2,
Boone County,US.AR.BO,29,1,
Kingfisher County,US.OK.KN,29,0,
Howard County,US.IA.HO,29,0,
Missaukee County,US.MI.MU,29,1,
Crawford County,US.IN.CW,29,0,
Beltrami County,US.MN.BT,29,0,
Greene County,US.IA.GE,29,0,
Henry County,US.OH.HE,29,0,
Bureau County,US.IL.BU,29,2,
Anderson County,US.KY.AN,29,1,
Nemaha County,US.KS.NM,28,0,
Wayne County,US.NE.WY,28,0,
Charlevoix County,US.MI.CV,28,2,
Fillmore County,US.MN.FI,28,0,
Meade County,US.KY.MA,28,2,
Clinton County,US.MO.CO,28,0,
Marion County,US.TX.MN,28,1,
Roscommon County,US.MI.RO,28,0,
Sheridan County,US.WY.SH,27,0,
Tyler County,US.TX.TY,27,0,
Twiggs County,US.GA.TG,27,1,
Ray County,US.MO.RY,27,0,
Treutlen County,US.GA.TE,27,1,
Winnebago County,US.IA.WB,27,0,
Union County,US.IA.UN,27,0,
Cheboygan County,US.MI.CY,27,2,
Gates County,US.NC.GT,27,2,
Donley County,US.TX.DO,27,0,
Clay County,US.NE.CL,27,0,
Humphreys County,US.TN.HU,27,1,
Chickasaw County,US.IA.CC,27,0,
Delta County,US.MI.DE,27,3,
Cleveland County,US.AR.CV,27,0,
Mariposa County,US.CA.MP,27,1,
Jackson County,US.WI.JA,27,1,
Gladwin County,US.MI.GL,27,1,
Harlan County,US.KY.HL,27,2,
McKenzie County,US.ND.MK,27,0,
Bourbon County,US.KS.BB,27,1,
Park County,US.CO.PA,27,0,
Franklin County,US.IL.FR,27,0,
Jackson County,US.IA.JC,27,0,
Phelps County,US.NE.PH,26,0,
Walsh County,US.ND.WL,26,0,
Garrard County,US.KY.GR,26,0,
Franklin County,US.AR.FR,26,1,
Winkler County,US.TX.WI,26,0,
Trigg County,US.KY.TG,26,0,
Vernon County,US.MO.VE,26,0,
Tensas Parish,US.LA.TN,26,0,
Carbon County,US.MT.CB,26,0,
Crosby County,US.TX.CB,26,1,
Gray County,US.KS.GY,26,0,
McLean County,US.KY.ML,26,1,
Doniphan County,US.KS.DP,26,0,
Amador County,US.CA.AM,26,0,
Chowan County,US.NC.CW,26,0,
Warren County,US.GA.WR,26,0,
Grays Harbor County,US.WA.GY,26,0,
Barton County,US.MO.BT,26,0,
Switzerland County,US.IN.SW,26,0,
Todd County,US.KY.TO,26,0,
Converse County,US.WY.CE,26,0,
Sabine County,US.TX.SB,26,1,
Gaines County,US.TX.GS,26,0,
Tioga County,US.PA.TI,26,2,
Jefferson County,US.KS.JF,26,0,
Jackson County,US.TN.JA,26,0,
Schley County,US.GA.SY,26,1,
Franklin County,US.ID.FA,26,0,
Logan County,US.WV.LO,26,1,
Latah County,US.ID.LA,25,0,
Turner County,US.SD.TU,25,0,
Morgan County,US.TN.MG,25,1,
Sioux County,US.ND.SI,25,0,
Breckinridge County,US.KY.BC,25,2,
Washington County,US.MO.WS,25,1,
Otoe County,US.NE.OT,25,0,
Washington County,US.KY.WS,25,0,
Houston County,US.MN.HO,25,0,
Jefferson County,US.PA.JE,25,1,
Transylvania County,US.NC.TR,25,1,
Marion County,US.MO.MO,25,0,
Knox County,US.ME.KN,25,1,
Mercer County,US.KY.MC,24,0,
Fulton County,US.KY.FU,24,0,
Morgan County,US.UT.MN,24,0,
Tillman County,US.OK.TI,24,1,
Lincoln County,US.ME.LI,24,0,
Menard County,US.IL.MN,24,0,
Aroostook County,US.ME.AR,24,1,
Baxter County,US.AR.BA,24,0,
King and Queen County,US.VA.KA,24,1,
Atoka County,US.OK.AT,24,0,
Prowers County,US.CO.PR,24,0,
Haskell County,US.KS.HS,24,0,
Hancock County,US.WV.HN,24,0,
Carbon County,US.WY.CB,24,1,
Ellis County,US.KS.EL,23,0,
Pamlico County,US.NC.PM,23,0,
Bandera County,US.TX.BA,23,0,
Adams County,US.WI.AD,23,2,
Faulk County,US.SD.FU,23,1,
Fayette County,US.IL.FA,23,3,
Venango County,US.PA.VE,23,0,
Stewart County,US.TN.SA,23,0,
Rowan County,US.KY.RW,23,0,
Moody County,US.SD.MO,23,0,
Izard County,US.AR.IZ,23,1,
Ida County,US.IA.ID,23,0,
Zavala County,US.TX.ZV,23,0,
Webster County,US.GA.WT,23,2,
Paulding County,US.OH.PA,23,0,
Lewis County,US.KY.LI,22,0,
Mason County,US.IL.MS,22,0,
Lake County,US.SD.LK,22,1,
Martin County,US.IN.MN,22,0,
San Miguel County,US.NM.SM,22,0,
Decatur County,US.TN.DC,22,0,
Glacier County,US.MT.GC,22,0,
Costilla County,US.CO.CS,22,0,
Mingo County,US.WV.MO,22,2,
Parke County,US.IN.PA,22,0,
Adams County,US.OH.AD,22,1,
Otero County,US.CO.OT,22,1,
Alexander County,US.IL.AL,22,0,
Alcona County,US.MI.AC,22,1,
Vinton County,US.OH.VI,22,2,
Teton County,US.ID.TE,22,0,
Wabash County,US.IL.WB,22,0,
Fentress County,US.TN.FE,22,0,
Nodaway County,US.MO.NO,22,0,
Pike County,US.OH.PK,22,0,
Schleicher County,US.TX.SH,21,0,
Manistee County,US.MI.ME,21,0,
Fleming County,US.KY.FE,21,0,
Menominee County,US.MI.MM,21,0,
Grant County,US.NM.GR,21,0,
Upshur County,US.WV.UP,21,0,
Oscoda County,US.MI.OO,21,1,
Rappahannock County,US.VA.RP,21,0,
Asotin County,US.WA.AS,21,2,
Stanton County,US.NE.ST,21,0,
Ward County,US.TX.WD,21,0,
Washington County,US.IL.WG,21,0,
Cass County,US.IA.CS,21,0,
Hamilton County,US.TX.HM,21,1,
Casey County,US.KY.CS,21,0,
Craig County,US.OK.CG,21,0,
Montague County,US.TX.MU,21,1,
Carroll County,US.IL.CL,21,2,
Mercer County,US.IL.ME,21,0,
Prairie County,US.AR.PR,21,0,
Benewah County,US.ID.BA,21,0,
Rockcastle County,US.KY.RC,21,0,
Terry County,US.TX.TE,21,0,
La Salle County,US.TX.LS,21,0,
Lafayette County,US.AR.LF,21,1,
Swift County,US.MN.SW,21,1,
Knox County,US.NE.KN,21,0,
Comanche County,US.TX.CE,21,1,
Ketchikan Gateway Borough,US.AK.KG,21,0,
Antrim County,US.MI.AN,21,0,
Traill County,US.ND.TR,21,0,
Big Horn County,US.WY.BI,21,0,
Grand County,US.CO.GR,21,1,
Juab County,US.UT.JU,21,0,
Lampasas County,US.TX.LP,20,0,
Cooper County,US.MO.CP,20,0,
Lewis County,US.WV.LE,20,2,
Appanoose County,US.IA.AP,20,3,
Henry County,US.MO.HE,20,3,
Wright County,US.MO.WG,20,0,
Barnes County,US.ND.BA,20,0,
Page County,US.IA.PG,20,0,
Johnson County,US.IL.JH,20,0,
Ste. Genevieve County,US.MO.SG,20,1,
Caledonia County,US.VT.CA,20,0,
Keokuk County,US.IA.KE,20,1,
Lake County,US.OR.LK,20,0,
Boone County,US.WV.BN,20,0,
Norman County,US.MN.NR,20,0,
Ouachita County,US.AR.OU,20,0,
Oneida County,US.WI.ON,20,0,
Lyon County,US.KY.LY,20,3,
Johnson County,US.WY.JO,20,1,
Piatt County,US.IL.PA,20,0,
McKean County,US.PA.MC,20,1,
Morgan County,US.WV.MA,20,0,
Montgomery County,US.MO.MM,20,0,
Wilkin County,US.MN.WL,20,3,
Guadalupe County,US.NM.GU,20,0,
Grundy County,US.MO.GU,20,0,
Pendleton County,US.KY.PN,19,0,
Lake County,US.MT.LA,19,0,
Hancock County,US.KY.HC,19,0,
Cheyenne County,US.NE.CY,19,0,
Presidio County,US.TX.PS,19,0,
Poquoson city,US.VA.PQ,19,0,
Miller County,US.MO.ML,19,0,
San Juan County,US.WA.SA,19,0,
Stone County,US.MO.SE,19,0,
Stevens County,US.WA.ST,19,1,
Moultrie County,US.IL.MI,19,0,
Hancock County,US.IL.HC,19,1,
Wheeler County,US.TX.WL,19,0,
Van Buren County,US.IA.VA,19,0,
Floyd County,US.VA.FO,19,1,
Clear Creek County,US.CO.CL,19,1,
Leelanau County,US.MI.LE,19,0,
Lawrence County,US.SD.LW,19,0,
Shelby County,US.IL.SB,19,1,
Mason County,US.WV.MN,19,0,
Jefferson County,US.ID.JF,19,0,
Ripley County,US.MO.RI,19,0,
Benton County,US.MO.BN,18,0,
Pacific County,US.WA.PA,18,1,
Bath County,US.KY.BH,18,1,
Richland County,US.MT.RI,18,0,
Nantucket County,US.MA.NA,18,1,
Grand County,US.UT.GR,18,0,
Fulton County,US.PA.FU,18,1,
Cloud County,US.KS.CD,18,0,
Tripp County,US.SD.TR,18,0,
McCreary County,US.KY.MR,18,0,
Nelson County,US.VA.NL,18,0,
Murray County,US.OK.MR,18,0,
McCormick County,US.SC.MC,18,2,
Refugio County,US.TX.RF,18,0,
Crawford County,US.IL.CW,18,0,
Greenlee County,US.AZ.GE,18,1,
Callahan County,US.TX.AL,18,2,
Currituck County,US.NC.CI,18,0,
Jackson County,US.OH.JA,18,0,
Redwood County,US.MN.RW,18,0,
Silver Bow County,US.MT.SI,18,0,
Corson County,US.SD.CO,18,0,
Runnels County,US.TX.RN,17,0,
Linn County,US.MO.LN,17,1,
Harrison County,US.MO.HS,17,0,
Marquette County,US.WI.MQ,17,1,
McCulloch County,US.TX.MC,17,0,
Quitman County,US.GA.QU,17,1,
Taylor County,US.WV.TA,17,0,
Martin County,US.TX.MT,17,1,
Hancock County,US.ME.HA,17,1,
Giles County,US.VA.GI,17,0,
Bracken County,US.KY.BK,17,0,
Stone County,US.AR.ST,17,0,
Day County,US.SD.DY,17,0,
Scott County,US.TN.SC,17,0,
Cedar County,US.NE.CA,17,0,
Power County,US.ID.PO,17,0,
Ransom County,US.ND.RN,17,0,
Potter County,US.PA.PO,17,0,
Audubon County,US.IA.AU,16,1,
Tazewell County,US.VA.TA,16,0,
Bosque County,US.TX.BQ,16,0,
Grant County,US.WV.GA,16,0,
Jim Hogg County,US.TX.JG,16,0,
Union County,US.TN.UO,16,0,
Valley County,US.ID.VA,16,0,
Scott County,US.KS.SC,16,0,
Surry County,US.VA.SR,16,1,
Wayne County,US.KY.WY,16,0,
Houghton County,US.MI.HO,16,0,
Elk County,US.PA.EL,16,0,
Hudspeth County,US.TX.HU,16,0,
Pushmataha County,US.OK.PU,16,0,
Logan County,US.IL.LO,16,0,
Clay County,US.TN.CY,16,0,
Phillips County,US.CO.PH,16,0,
Monroe County,US.AR.ME,16,0,
Ringgold County,US.IA.RI,15,0,
Adair County,US.IA.AI,15,0,
Wadena County,US.MN.WD,15,0,
Okfuskee County,US.OK.OF,15,0,
Linn County,US.KS.LN,15,0,
Worth County,US.IA.WT,15,0,
Cass County,US.MN.CS,15,2,
Carbon County,US.UT.CR,15,0,
Conejos County,US.CO.CN,15,0,
Polk County,US.MO.PO,15,0,
Thomas County,US.KS.TH,15,0,
Lassen County,US.CA.LS,15,0,
Morgan County,US.MO.MG,15,0,
Livingston County,US.MO.LV,15,0,
Caldwell County,US.KY.CD,15,0,
Larue County,US.KY.LR,15,1,
Garfield County,US.UT.GA,15,1,
Massac County,US.IL.MA,15,0,
Taylor County,US.WI.TA,15,0,
Crawford County,US.MO.CF,15,0,
Fulton County,US.AR.FU,15,0,
Fulton County,US.IL.FU,15,0,
Kearney County,US.NE.KA,15,0,
Clark County,US.IL.CK,15,0,
Barbour County,US.WV.BB,15,1,
Goliad County,US.TX.GI,15,0,
Buena Vista city,US.VA.BE,15,0,
Clark County,US.SD.CK,15,0,
Middlesex County,US.VA.MI,15,0,
Richland County,US.WI.RI,15,4,
Dallas County,US.MO.DL,14,1,
Churchill County,US.NV.CH,14,1,
Aitkin County,US.MN.AI,14,0,
Radford city,US.VA.RD,14,0,
Monroe County,US.WV.ME,14,0,
Gallia County,US.OH.GA,14,1,
Koochiching County,US.MN.KO,14,1,
Fillmore County,US.NE.FI,14,1,
Latimer County,US.OK.LA,14,1,
Hemphill County,US.TX.HH,14,0,
Burt County,US.NE.BT,14,0,
Big Stone County,US.MN.BI,14,0,
Ballard County,US.KY.BA,14,0,
Baca County,US.CO.BA,14,0,
Blaine County,US.OK.BL,14,0,
Bollinger County,US.MO.BI,14,0,
Madison County,US.NC.MD,14,0,
Orleans County,US.VT.OL,14,0,
Warren County,US.IN.WN,14,1,
Walworth County,US.SD.WA,14,0,
Letcher County,US.KY.LT,14,0,
Ohio County,US.IN.OH,14,0,
Carroll County,US.MO.CL,14,0,
Houston County,US.TN.HO,14,0,
Wayne County,US.IL.WY,14,1,
Duchesne County,US.UT.DU,14,0,
Dunn County,US.ND.DU,14,0,
Kanabec County,US.MN.KA,14,1,
Crockett County,US.TX.CT,13,0,
Sierra County,US.NM.SI,13,0,
Schuyler County,US.IL.SU,13,0,
Hutchinson County,US.SD.HT,13,0,
Schuyler County,US.NY.SU,13,0,
Hyde County,US.NC.HE,13,0,
Rains County,US.TX.RI,13,0,
Hughes County,US.OK.HU,13,0,
Shannon County,US.MO.SN,13,0,
Hamlin County,US.SD.HM,13,0,
Lincoln County,US.NM.LI,13,0,
Stanley County,US.SD.ST,13,0,
Menifee County,US.KY.ME,13,0,
Park County,US.MT.PA,13,0,
Bell County,US.KY.BL,13,0,
Pendleton County,US.WV.PE,13,1,
Benton County,US.TN.BN,13,1,
Bond County,US.IL.BN,13,1,
Avery County,US.NC.AV,13,0,
Osage County,US.KS.OS,13,0,
Vermillion County,US.IN.VE,13,0,
Nicholas County,US.WV.NI,13,1,
Union County,US.IN.UN,13,0,
Dimmit County,US.TX.DM,13,0,
Effingham County,US.IL.EF,13,1,
Tillamook County,US.OR.TI,13,0,
Johnston County,US.OK.JO,13,0,
Moffat County,US.CO.MF,13,0,
Gilmer County,US.WV.GI,13,0,
Sumner County,US.KS.SU,13,1,
Presque Isle County,US.MI.PR,13,0,
Grant County,US.SD.GA,13,0,
Madison County,US.MT.MA,13,1,
Gosper County,US.NE.GO,13,0,
Roseau County,US.MN.RS,13,0,
Russell County,US.VA.RU,13,0,
LaMoure County,US.ND.LA,13,0,
Fall River County,US.SD.FL,12,0,
Hot Springs County,US.WY.HO,12,0,
Harrison County,US.OH.HR,12,1,
Sanborn County,US.SD.SA,12,0,
Tyrrell County,US.NC.TY,12,0,
Chippewa County,US.MI.CP,12,0,
Marshall County,US.MN.MS,12,0,
Sawyer County,US.WI.SW,12,0,
McCook County,US.SD.MC,12,1,
Polk County,US.NE.PO,12,0,
Crook County,US.OR.CR,12,0,
Scott County,US.AR.SC,12,0,
Woodward County,US.OK.WW,12,0,
Newton County,US.TX.NE,12,0,
Caldwell County,US.MO.CW,12,0,
Spink County,US.SD.SP,12,0,
Gasconade County,US.MO.GA,12,0,
Bates County,US.MO.BS,12,1,
Garza County,US.TX.GR,12,0,
Moore County,US.TN.MO,12,0,
Cumberland County,US.IL.CU,12,0,
Lee County,US.VA.LE,12,0,
Randolph County,US.MO.RN,12,0,
Searcy County,US.AR.SA,12,0,
Lincoln County,US.WI.LI,12,0,
Knott County,US.KY.KT,11,0,
Kiowa County,US.OK.KO,11,1,
Clay County,US.NC.CY,11,0,
Ramsey County,US.ND.RM,11,1,
Lipscomb County,US.TX.LM,11,0,
Pratt County,US.KS.PR,11,0,
Brown County,US.KS.BR,11,0,
DeKalb County,US.MO.DE,11,0,
Cedar County,US.MO.CD,11,0,
Haskell County,US.OK.HS,11,0,
Rolette County,US.ND.RO,11,0,
Noble County,US.OH.NO,11,0,
Kimball County,US.NE.KB,11,0,
Greenwood County,US.KS.GW,11,0,
Meigs County,US.OH.MS,11,0,
Sitka City and Borough,US.AK.SI,11,0,
Morgan County,US.OH.MA,11,0,
Roane County,US.WV.RO,11,1,
Rusk County,US.WI.RU,11,0,
McLean County,US.ND.ML,11,0,
Garrett County,US.MD.GA,11,0,
Metcalfe County,US.KY.MT,11,2,
Caribou County,US.ID.CR,11,0,
Sutton County,US.TX.ST,11,0,
Eastland County,US.TX.EA,11,0,
Langlade County,US.WI.LN,11,0,
Beckham County,US.OK.BC,11,0,
Wilbarger County,US.TX.WG,11,0,
Jack County,US.TX.JK,11,0,
Decatur County,US.IA.DC,11,0,
Ouray County,US.CO.OU,11,1,
Adams County,US.ID.AM,11,0,
Scotland County,US.MO.SO,11,1,
Marion County,US.AR.MN,11,0,
Lexington city,US.VA.LX,11,0,
Llano County,US.TX.LL,11,0,
Lancaster County,US.VA.LA,11,0,
Bon Homme County,US.SD.BH,11,0,
Marion County,US.KS.MN,11,1,
Franklin County,US.FL.FR,11,0,
Edgar County,US.IL.EG,10,0,
Wetzel County,US.WV.WT,10,0,
Rosebud County,US.MT.RS,10,1,
Leslie County,US.KY.LS,10,0,
Montgomery County,US.IA.MG,10,2,
Benzie County,US.MI.BE,10,0,
Fisher County,US.TX.FH,10,1,
Stanton County,US.KS.ST,10,0,
Jefferson County,US.NE.JE,10,0,
Jefferson County,US.OK.JE,10,0,
Lincoln County,US.MN.LI,10,0,
Vilas County,US.WI.VI,10,0,
Johnson County,US.KY.JO,10,0,
Custer County,US.SD.CU,10,0,
Reagan County,US.TX.RG,10,0,
Mitchell County,US.TX.MH,10,0,
Furnas County,US.NE.FU,10,1,
Wallowa County,US.OR.WW,10,0,
Pope County,US.MN.PE,10,0,
Clay County,US.WV.CY,10,1,
Graham County,US.NC.GH,10,0,
Livingston County,US.KY.LV,10,0,
Scott County,US.VA.SC,10,2,
Grand Isle County,US.VT.GR,10,0,
Dallas County,US.AR.DA,10,0,
Wayne County,US.IA.WY,10,0,
Brown County,US.IL.BR,10,0,
Ralls County,US.MO.RL,10,0,
Grant County,US.MN.GR,10,0,
Glascock County,US.GA.GS,10,0,
Somervell County,US.TX.SV,9,0,
Dawson County,US.MT.DW,9,0,
Morgan County,US.KY.MG,9,0,
Clay County,US.TX.CY,9,0,
Dickinson County,US.MI.DI,9,2,
Mineral County,US.CO.MI,9,0,
Daviess County,US.MO.DV,9,0,
Emery County,US.UT.EM,9,0,
Saline County,US.IL.SE,9,0,
Antelope County,US.NE.AN,9,1,
De Witt County,US.IL.DW,9,0,
Wells County,US.ND.WE,9,0,
Pierce County,US.NE.PI,9,0,
Las Animas County,US.CO.LS,9,0,
Lawrence County,US.KY.LC,9,0,
Pike County,US.AR.PE,9,0,
Pike County,US.IN.PI,9,0,
Miner County,US.SD.ME,9,0,
Lake County,US.MI.LK,9,0,
Colfax County,US.NM.CO,9,1,
Archuleta County,US.CO.AC,9,0,
Orange County,US.VT.OA,9,0,
Marshall County,US.IL.MH,9,0,
Hodgeman County,US.KS.HG,9,0,
Concho County,US.TX.ON,9,0,
Brooke County,US.WV.BO,9,0,
Mackinac County,US.MI.MK,9,0,
Issaquena County,US.MS.IS,9,1,
Crittenden County,US.KY.CT,9,1,
Beaver County,US.UT.BV,9,0,
Breathitt County,US.KY.BT,9,0,
Pembina County,US.ND.PE,9,0,
Republic County,US.KS.RP,9,0,
Rooks County,US.KS.RO,8,0,
Menard County,US.TX.EN,8,0,
Dewey County,US.SD.DW,8,0,
Stephens County,US.TX.SE,8,0,
Powell County,US.KY.PO,8,0,
Sheridan County,US.NE.SD,8,0,
Woodson County,US.KS.WO,8,0,
Van Buren County,US.TN.VA,8,0,
Martin County,US.KY.MI,8,0,
Buffalo County,US.WI.BF,8,2,
Adams County,US.IA.AM,8,0,
Los Alamos County,US.NM.LO,8,0,
Henderson County,US.IL.HD,8,0,
Archer County,US.TX.AC,8,0,
Union County,US.NM.UN,8,0,
Lincoln County,US.MT.LN,8,1,
Major County,US.OK.MJ,8,1,
Coal County,US.OK.CL,8,0,
Curry County,US.OR.CU,8,0,
Dickinson County,US.KS.DK,8,0,
Mahnomen County,US.MN.MH,8,1,
Columbia County,US.WA.CM,8,0,
Nicholas County,US.KY.NI,8,0,
Valley County,US.NE.VA,8,0,
Lincoln County,US.WV.LI,8,0,
Macon County,US.MO.MN,8,0,
Greene County,US.IL.GE,8,0,
Hanson County,US.SD.HS,8,0,
Gilpin County,US.CO.GI,7,0,
Clay County,US.KS.CY,7,1,
Lawrence County,US.IL.LW,7,0,
Warren County,US.PA.WR,7,1,
Osage County,US.MO.OS,7,0,
Roosevelt County,US.MT.RO,7,0,
Johnson County,US.NE.JO,7,0,
Clearwater County,US.MN.CE,7,0,
Kane County,US.UT.KA,7,0,
Boone County,US.NE.BO,7,0,
Owen County,US.KY.OE,7,0,
Morton County,US.KS.MT,7,0,
Edwards County,US.KS.ED,7,0,
Forest County,US.PA.FO,7,0,
Edmunds County,US.SD.ED,7,0,
Franklin County,US.NE.FA,7,0,
Fremont County,US.IA.FO,7,0,
Fremont County,US.ID.FE,7,0,
Childress County,US.TX.CD,7,0,
Hand County,US.SD.HD,7,0,
Plumas County,US.CA.PU,7,0,
Iron County,US.WI.IR,7,1,
Douglas County,US.SD.DO,7,0,
Newton County,US.AR.NW,7,0,
Lewis County,US.MO.LE,7,1,
Coos County,US.NH.CO,7,0,
Oregon County,US.MO.OR,7,0,
Gogebic County,US.MI.GO,7,1,
Craig County,US.VA.CG,7,0,
Wyoming County,US.WV.WY,7,0,
Skamania County,US.WA.SM,7,0,
Carson County,US.TX.CN,7,0,
Woodruff County,US.AR.WO,7,0,
Crook County,US.WY.CK,7,0,
Sherman County,US.KS.SH,7,0,
Menominee County,US.WI.MN,7,0,
Delta County,US.TX.DT,7,0,
Webster County,US.NE.WE,7,0,
Mercer County,US.ND.ME,7,0,
Pickett County,US.TN.PI,6,0,
Cotton County,US.OK.CT,6,2,
Ottawa County,US.KS.OT,6,0,
Bethel Census Area,US.AK.BE,6,0,
Kimble County,US.TX.KM,6,0,
Brooks County,US.TX.BK,6,0,
Lake County,US.MN.LE,6,0,
Pershing County,US.NV.PE,6,0,
Quay County,US.NM.QU,6,1,
Sioux County,US.NE.SI,6,0,
Jackson County,US.SD.JA,6,1,
Upton County,US.TX.UP,6,0,
Red Willow County,US.NE.RE,6,0,
Carter County,US.MO.CR,6,1,
Sargent County,US.ND.SG,6,0,
Magoffin County,US.KY.MF,6,0,
Goshen County,US.WY.GO,6,0,
McDowell County,US.WV.MC,6,0,
Collingsworth County,US.TX.CG,6,0,
Texas County,US.MO.TE,6,0,
Matthews County,US.VA.MT,6,0,
White County,US.IL.WE,6,0,
Tucker County,US.WV.TU,6,0,
Hamilton County,US.NY.HA,6,1,
Mercer County,US.MO.MC,6,0,
Madison County,US.MO.MD,6,0,
Iron County,US.MI.IR,6,1,
Lewis County,US.TN.LE,6,0,
Douglas County,US.MO.DO,6,0,
Stillwater County,US.MT.ST,6,0,
Woods County,US.OK.WS,6,0,
Sublette County,US.WY.SU,6,0,
White Pine County,US.NV.WH,6,0,
Nemaha County,US.NE.NE,6,0,
Chariton County,US.MO.CI,6,0,
Burke County,US.ND.BK,6,0,
Hubbard County,US.MN.HU,6,0,
Kingsbury County,US.SD.KI,6,0,
Cumberland County,US.KY.CU,6,0,
Sullivan County,US.PA.SL,6,0,
Trimble County,US.KY.TM,6,0,
Washita County,US.OK.WT,5,0,
Nome Census Area,US.AK.NM,5,0,
Carlisle County,US.KY.CE,5,1,
Pleasants County,US.WV.PL,5,0,
Bottineau County,US.ND.BT,5,0,
Bristol city,US.VA.BI,5,0,
Morris County,US.KS.MR,5,0,
Pierce County,US.ND.PI,5,0,
Dickenson County,US.VA.DC,5,0,
Wahkiakum County,US.WA.WH,5,0,
Coke County,US.TX.OK,5,1,
Eddy County,US.ND.ED,5,0,
Cheyenne County,US.CO.CE,5,0,
Broadwater County,US.MT.BR,5,0,
Traverse County,US.MN.TR,5,0,
Baraga County,US.MI.BA,5,0,
Lane County,US.KS.LE,5,0,
Deer Lodge County,US.MT.DE,5,0,
Mineral County,US.NV.MI,5,0,
Glasscock County,US.TX.GC,5,0,
Green County,US.KY.GN,5,1,
Mellette County,US.SD.ML,5,0,
Hamilton County,US.IL.HM,5,0,
Montmorency County,US.MI.MR,5,0,
Sherman County,US.NE.SM,5,0,
Sheridan County,US.KS.SD,5,0,
Haskell County,US.TX.HK,5,0,
Hickman County,US.KY.HA,5,0,
Covington city,US.VA.CV,5,0,
Marshall County,US.SD.MS,5,0,
Howard County,US.MO.HR,5,0,
Richardson County,US.NE.RI,5,1,
Idaho County,US.ID.ID,5,0,
Schuyler County,US.MO.SH,5,0,
Schoolcraft County,US.MI.SR,5,0,
Renville County,US.ND.RE,5,0,
San Saba County,US.TX.SS,5,0,
Clinton County,US.KY.CO,5,0,
Hardeman County,US.TX.RD,5,0,
Monroe County,US.MO.MR,5,0,
Teton County,US.MT.TE,5,0,
Montgomery County,US.AR.MT,5,0,
Valley County,US.MT.VA,4,0,
North Slope Borough,US.AK.NH,4,0,
Baker County,US.OR.BA,4,0,
Wayne County,US.MO.WY,4,0,
McPherson County,US.SD.MP,4,0,
Emmons County,US.ND.EM,4,1,
Ellsworth County,US.KS.EW,4,0,
Stark County,US.IL.SA,4,0,
Rice County,US.KS.RC,4,0,
Rio Blanco County,US.CO.RB,4,0,
Maries County,US.MO.MS,4,0,
Wolfe County,US.KY.WL,4,0,
Lincoln County,US.CO.LI,4,0,
Custer County,US.ID.CU,4,0,
Pend Oreille County,US.WA.PE,4,0,
Chase County,US.KS.CS,4,0,
Anderson County,US.KS.AN,4,0,
Northwest Arctic Borough,US.AK.NW,4,0,
McHenry County,US.ND.MH,4,1,
Norton County,US.KS.NT,4,0,
Shelby County,US.MO.SB,4,0,
Atchison County,US.MO.AT,4,0,
Shackelford County,US.TX.SC,4,0,
Roberts County,US.TX.RS,4,0,
Keith County,US.NE.KT,4,0,
Cottle County,US.TX.OT,4,1,
Oneida County,US.ID.ON,4,0,
Worth County,US.MO.WO,4,0,
Richland County,US.IL.RI,4,0,
Chautauqua County,US.KS.CQ,4,0,
Wirt County,US.WV.WI,4,0,
Petersburg Census Area,US.AK.PB,4,1,
Oldham County,US.TX.OL,4,1,
Platte County,US.WY.PL,4,0,
Washburn County,US.WI.WR,4,0,
Boise County,US.ID.BS,4,0,
Norton city,US.VA.NC,4,0,
Bent County,US.CO.BE,4,0,
Gregory County,US.SD.GE,4,0,
Stevens County,US.MN.SV,4,0,
Rich County,US.UT.RH,4,0,
Dickey County,US.ND.DC,4,0,
Tyler County,US.WV.TY,4,0,
Jefferson County,US.MT.JE,4,0,
Allen County,US.KS.AL,4,0,
Alger County,US.MI.AG,4,0,
Benson County,US.ND.BE,4,0,
Ness County,US.KS.NS,4,0,
Jeff Davis County,US.TX.JF,4,0,
Jewell County,US.KS.JW,4,0,
Garden County,US.NE.GD,4,0,
Mitchell County,US.KS.MC,4,0,
Lac Qui Parle County,US.MN.LC,4,0,
Estill County,US.KY.ES,4,0,
Nance County,US.NE.NA,4,0,
Dawes County,US.NE.DS,4,0,
Huerfano County,US.CO.HU,4,1,
Lincoln County,US.WA.LI,4,0,
Dewey County,US.OK.DW,4,0,
Granite County,US.MT.GN,4,0,
Bennett County,US.SD.BN,4,0,
Dent County,US.MO.DN,4,0,
Elliott County,US.KY.EL,3,0,
Armstrong County,US.TX.AM,3,0,
Hyde County,US.SD.HY,3,0,
Burnett County,US.WI.BN,3,1,
Luce County,US.MI.LU,3,0,
Cavalier County,US.ND.CV,3,0,
Florence County,US.WI.FL,3,0,
Ashland County,US.WI.AS,3,0,
Kodiak Island Borough,US.AK.KO,3,0,
Golden Valley County,US.MT.GO,3,0,
Highland County,US.VA.HA,3,0,
Knox County,US.TX.KX,3,0,
Hinsdale County,US.CO.HI,3,0,
Pike County,US.IL.PK,3,0,
Briscoe County,US.TX.BO,3,0,
Holt County,US.NE.HT,3,0,
Pawnee County,US.KS.PN,3,0,
Braxton County,US.WV.BX,3,0,
Grant County,US.ND.GT,3,0,
Box Butte County,US.NE.BX,3,0,
Essex County,US.VT.ES,3,0,
Red Lake County,US.MN.RD,3,0,
Phillips County,US.KS.PL,3,0,
Washington County,US.ME.WS,3,0,
Coleman County,US.TX.CM,3,0,
Piscataquis County,US.ME.PI,3,0,
Greeley County,US.NE.GE,3,0,
Southeast Fairbanks Census Area,US.AK.SO,3,0,
Owsley County,US.KY.OS,3,0,
Piute County,US.UT.PT,3,0,
Cameron County,US.PA.CE,3,0,
Kiowa County,US.KS.KW,3,0,
Hancock County,US.TN.HC,3,0,
Deuel County,US.SD.DU,3,0,
Putnam County,US.MO.PN,3,0,
Iron County,US.MO.IR,3,0,
Fergus County,US.MT.FE,3,0,
Smith County,US.KS.SM,3,0,
Slope County,US.ND.SL,3,0,
Bayfield County,US.WI.BY,3,1,
Wrangell City and Borough,US.AK.WG,3,0,
Culberson County,US.TX.UL,3,0,
San Juan County,US.CO.SJ,2,0,
Jackson County,US.CO.JA,2,0,
Cherry County,US.NE.CH,2,0,
Reynolds County,US.MO.RE,2,0,
Irion County,US.TX.IR,2,0,
Lincoln County,US.NV.LI,2,0,
Bear Lake County,US.ID.BK,2,0,
Ozark County,US.MO.OZ,2,0,
Real County,US.TX.RL,2,0,
Osborne County,US.KS.OB,2,0,
Banner County,US.NE.BA,2,0,
Cheyenne County,US.KS.CN,2,0,
Bland County,US.VA.BL,2,0,
Pondera County,US.MT.PN,2,0,
Clearwater County,US.ID.CE,2,0,
Prince of Wales-Hyder Census Area,US.AK.PH,2,0,
Kinney County,US.TX.KN,2,0,
Grant County,US.OK.GN,2,0,
Price County,US.WI.PC,2,0,
Storey County,US.NV.ST,2,0,
Rock County,US.NE.RO,2,0,
Dickens County,US.TX.DC,2,0,
Summers County,US.WV.SU,2,0,
Kittson County,US.MN.KI,2,0,
Alpine County,US.CA.AP,2,0,
Clay County,US.IL.CY,2,0,
Knox County,US.MO.KN,2,0,
Clark County,US.MO.CK,2,0,
Foster County,US.ND.FO,2,0,
Gallatin County,US.IL.GA,2,0,
Ritchie County,US.WV.RI,2,0,
Taliaferro County,US.GA.TA,2,0,
Trinity County,US.CA.TR,2,0,
Edwards County,US.IL.EW,2,0,
Treasure County,US.MT.TR,2,0,
Steele County,US.ND.SE,2,0,
Catron County,US.NM.CA,2,1,
Custer County,US.CO.CU,2,0,
Nuckolls County,US.NE.NU,2,0,
Yukon-Koyukuk Census Area,US.AK.YU,2,0,
Oliver County,US.ND.OL,2,0,
Terrell County,US.TX.TL,2,0,
Comanche County,US.KS.CM,2,0,
St. Clair County,US.MO.SC,2,0,
Sherman County,US.OR.SH,2,0,
Kidder County,US.ND.KI,2,0,
Harper County,US.KS.HP,2,0,
Wilson County,US.KS.WL,2,0,
Calhoun County,US.WV.CH,2,0,
Edwards County,US.TX.ED,2,0,
McIntosh County,US.ND.MI,2,0,
Hall County,US.TX.HA,2,1,
Haines Borough,US.AK.HA,2,0,
Meagher County,US.MT.ME,2,0,
Griggs County,US.ND.GI,2,0,
Niobrara County,US.WY.NI,2,0,
Lemhi County,US.ID.LM,2,0,
Wheatland County,US.MT.WH,1,0,
Alfalfa County,US.OK.AL,1,0,
Cimarron County,US.OK.CO,1,0,
Cochran County,US.TX.CC,1,0,
Cook County,US.MN.CO,1,0,
Dade County,US.MO.DD,1,0,
Ziebach County,US.SD.ZI,1,0,
Barber County,US.KS.AB,1,0,
Garfield County,US.NE.GF,1,0,
Russell County,US.KS.RS,1,0,
Lee County,US.KY.LE,1,0,
Rush County,US.KS.RH,1,0,
Gove County,US.KS.GO,1,0,
Sully County,US.SD.SU,1,0,
Liberty County,US.MT.LB,1,0,
Lincoln County,US.KS.LC,1,0,
Robertson County,US.KY.RB,1,0,
Ellis County,US.OK.EL,1,0,
Logan County,US.KS.LG,1,0,
Frontier County,US.NE.FO,1,0,
Ferry County,US.WA.FE,1,0,
Thomas County,US.NE.TO,1,0,
Throckmorton County,US.TX.TH,1,0,
Marshall County,US.KS.MS,1,0,
Eureka County,US.NV.EU,1,0,
Grant County,US.OR.GR,1,0,
Stafford County,US.KS.SF,1,0,
Hardin County,US.IL.HI,1,0,
Harding County,US.NM.HA,1,0,
Scott County,US.IL.SO,1,0,
Keweenaw County,US.MI.KW,1,0,
Hooker County,US.NE.HO,1,0,
Holt County,US.MO.HL,1,0,
Hitchcock County,US.NE.HI,1,0,
Hill County,US.MT.HI,1,0,
Hettinger County,US.ND.HE,1,0,
Sheridan County,US.MT.SH,1,0,
Sheridan County,US.ND.SH,1,0,
Shoshone County,US.ID.SH,1,0,
Sierra County,US.CA.SE,1,0,
Harper County,US.OK.HP,1,0,
Harney County,US.OR.HA,1,0,
Harmon County,US.OK.HM,1,0,
Harlan County,US.NE.HR,1,0,
Putnam County,US.IL.PT,1,0,
Thayer County,US.NE.TA,1,0,
Elk County,US.KS.EK,1,0,
Pope County,US.IL.PE,1,0,
Motley County,US.TX.MY,1,0,
Campbell County,US.SD.CP,1,0,
Camas County,US.ID.CM,1,0,
Calhoun County,US.IL.CH,1,0,
Calhoun County,US.AR.CA,1,0,
Musselshell County,US.MT.MU,1,0,
Nelson County,US.ND.NE,1,0,
Boyd County,US.NE.BY,1,0,
Bowman County,US.ND.BW,1,0,
Boundary County,US.ID.BD,1,0,
Pepin County,US.WI.PE,1,0,
Billings County,US.ND.BI,1,0,
Washington County,US.KS.WS,1,0,
Beaverhead County,US.MT.BE,1,0,
Baylor County,US.TX.BR,1,0,
Chase County,US.NE.CE,1,0,
Kenedy County,US.TX.KE,1,0,
Trego County,US.KS.TR,1,0,
Divide County,US.ND.DV,1,0,
Mills County,US.TX.MS,1,0,
Keya Paha County,US.NE.KY,0,0,
Perkins County,US.SD.PR,0,0,
Kalawao County,US.HI.KL,0,0,
Powder River County,US.MT.PD,0,0,
Powell County,US.MT.PL,0,0,
King County,US.TX.KG,0,0,
Perkins County,US.NE.PE,0,0,
Mineral County,US.MT.MN,0,0,
Petroleum County,US.MT.PO,0,0,
Pawnee County,US.NE.PA,0,0,
McCone County,US.MT.MC,0,0,
Prairie County,US.MT.PR,0,0,
Yakutat City and Borough,US.AK.YA,0,0,
Sanders County,US.MT.SA,0,0,
McPherson County,US.NE.MC,0,0,
Kent County,US.TX.KT,0,0,
Ontonagon County,US.MI.ON,0,0,
Potter County,US.SD.PO,0,0,
Phillips County,US.MT.PH,0,0,
Clark County,US.ID.CA,0,0,
Modoc County,US.CA.MC,0,0,
Roger Mills County,US.OK.RR,0,0,
Lewis County,US.ID.LW,0,0,
Mora County,US.NM.MO,0,0,
Logan County,US.ND.LO,0,0,
Logan County,US.NE.LG,0,0,
Loup County,US.NE.LU,0,0,
McMullen County,US.TX.MM,0,0,
Loving County,US.TX.LI,0,0,
Lake and Peninsula Borough,US.AK.LA,0,0,
Kusilvak Census Area,US.AK.WA,0,0,
Chouteau County,US.MT.CH,0,0,
Rawlins County,US.KS.RA,0,0,
Kiowa County,US.CO.KO,0,0,
Kingman County,US.KS.KM,0,0,
Lake of the Woods County,US.MN.LO,0,0,
Harding County,US.SD.HR,0,0,
Judith Basin County,US.MT.JU,0,0,
Wheeler County,US.OR.WE,0,0,
Esmeralda County,US.NV.ES,0,0,
Towner County,US.ND.TO,0,0,
Aleutians East Borough,US.AK.AE,0,0,
Aleutians West Census Area,US.AK.AW,0,0,
Dundy County,US.NE.DY,0,0,
Dolores County,US.CO.DO,0,0,
Doddridge County,US.WV.DO,0,0,
Dillingham Census Area,US.AK.DI,0,0,
Deuel County,US.NE.DL,0,0,
Denali Borough,US.AK.DE,0,0,
Webster County,US.WV.WB,0,0,
Valdez-Cordova Census Area,US.AK.VA,0,0,
Carter County,US.MT.CT,0,0,
Butte County,US.SD.BT,0,0,
Butte County,US.ID.BT,0,0,
Wallace County,US.KS.WA,0,0,
Arthur County,US.NE.AR,0,0,
Brown County,US.NE.BW,0,0,
Bristol Bay Borough,US.AK.BR,0,0,
Wayne County,US.UT.WE,0,0,
Borden County,US.TX.BD,0,0,
Blaine County,US.NE.BL,0,0,
Blaine County,US.MT.BL,0,0,
Wheeler County,US.NE.WH,0,0,
Fallon County,US.MT.FA,0,0,
Jones County,US.SD.JO,0,0,
Adams County,US.ND.AD,0,0,
Sedgwick County,US.CO.SE,0,0,
Hoonah-Angoon Census Area,US.AK.HH,0,0,
Hickory County,US.MO.HC,0,0,
Hayes County,US.NE.HY,0,0,
Skagway Municipality,US.AK.SW,0,0,
Bath County,US.VA.BA,0,0,
Greeley County,US.KS.GL,0,0,
Sterling County,US.TX.SI,0,0,
Grant County,US.NE.GA,0,0,
Daggett County,US.UT.DG,0,0,
Stonewall County,US.TX.SA,0,0,
Graham County,US.KS.GH,0,0,
Daniels County,US.MT.DN,0,0,
Golden Valley County,US.ND.GO,0,0,
Gilliam County,US.OR.GI,0,0,
Garfield County,US.WA.GF,0,0,
De Baca County,US.NM.DE,0,0,
Wichita County,US.KS.WH,0,0,
Wibaux County,US.MT.WI,0,0,
Sweet Grass County,US.MT.SW,0,0,
Decatur County,US.KS.DC,0,0,
Garfield County,US.MT.GF,0,0,
Foard County,US.TX.FD,0,0,
Haakon County,US.SD.HA,0,0,
