County,hasc,confirmed,death,recovered
Los Angeles County,US.CA.LO,97894,3305,
Cook County,US.IL.CO,89755,4542,
Queens County,US.NY.QU,65276,6609,
Kings County,US.NY.KI,59507,7031,
Bronx County,US.NY.BN,47514,4680,
Maricopa County,US.AZ.MA,44962,746,
Nassau County,US.NY.NA,41754,2182,
Suffolk County,US.NY.SF,41306,1979,
Westchester County,US.NY.WE,34780,1420,
Miami-Dade County,US.FL.DA,33714,953,
Harris County,US.TX.RR,29163,369,
New York County,US.NY.NE,28380,3065,
Middlesex County,US.MA.MI,23915,1855,
Wayne County,US.MI.WY,22621,2710,
Philadelphia County,US.PA.PH,21415,1592,
Suffolk County,US.MA.SU,19795,1004,
Dallas County,US.TX.DS,19595,351,
Bergen County,US.NJ.BE,19354,1983,
Hudson County,US.NJ.HD,18834,1449,
Essex County,US.NJ.ES,18716,2021,
Prince George's County,US.MD.PR,18414,678,
Passaic County,US.NJ.PA,16867,1181,
Middlesex County,US.NJ.MI,16764,1318,
Fairfield County,US.CT.FA,16633,1375,
Union County,US.NJ.UN,16368,1325,
Essex County,US.MA.ES,16053,1099,
Riverside County,US.CA.RI,15643,438,
Broward County,US.FL.BO,14620,382,
Montgomery County,US.MD.MO,14607,735,
Richmond County,US.NY.RI,14073,1041,
Clark County,US.NV.CL,13910,410,
Fairfax County,US.VA.FX,13778,473,
Rockland County,US.NY.RO,13576,506,
Palm Beach County,US.FL.PL,13389,503,
San Diego County,US.CA.SD,13334,361,
Providence County,US.RI.PR,12712,501,
Orange County,US.CA.OR,12608,326,
Worcester County,US.MA.WO,12324,921,
New Haven County,US.CT.NH,12299,1073,
Oakland County,US.MI.OD,11916,1085,
Hartford County,US.CT.HA,11587,1369,
Hennepin County,US.MN.HE,11556,767,
San Bernardino County,US.CA.SA,11501,249,
Marion County,US.IN.MO,11236,677,
Milwaukee County,US.WI.MU,11110,389,
Tarrant County,US.TX.TN,11083,224,
Orange County,US.NY.OE,10713,401,
Salt Lake County,US.UT.SL,10629,106,
Mecklenburg County,US.NC.MB,10592,146,
Washington,US.DC.DI,10248,550,
Hillsborough County,US.FL.HL,9918,132,
King County,US.WA.KN,9895,610,
Orange County,US.FL.OR,9671,56,
Bexar County,US.TX.BX,9652,107,
Lake County,US.IL.LK,9644,415,
Ocean County,US.NJ.OC,9570,944,
Jefferson Parish,US.LA.JF,9342,483,
Norfolk County,US.MA.NO,9151,927,
Shelby County,US.TN.SY,9139,182,
Monmouth County,US.NJ.MN,9108,805,
DuPage County,US.IL.DU,8951,469,
Franklin County,US.OH.FR,8840,393,
Davidson County,US.TN.DA,8675,110,
Plymouth County,US.MA.PL,8671,663,
Montgomery County,US.PA.MG,8377,798,
Bristol County,US.MA.BR,8198,568,
Baltimore County,US.MD.BC,7847,467,
Travis County,US.TX.TV,7825,117,
Orleans Parish,US.LA.OR,7760,531,
Gwinnett County,US.GA.GW,7688,169,
Mercer County,US.NJ.ME,7626,578,
Kane County,US.IL.KE,7626,265,
Pima County,US.AZ.PM,7525,268,
Baltimore City,US.MD.BA,7416,335,
Macomb County,US.MI.MB,7297,907,
Camden County,US.NJ.CM,7284,483,
Erie County,US.NY.ER,7228,569,
Prince William County,US.VA.PW,7204,139,
Delaware County,US.PA.DE,7154,653,
Denver County,US.CO.DN,7007,374,
Douglas County,US.NE.DG,6962,88,
Yakima County,US.WA.YA,6920,152,
Hampden County,US.MA.HD,6760,663,
Morris County,US.NJ.MR,6730,795,
Fulton County,US.GA.FU,6615,311,
Will County,US.IL.WL,6608,319,
Cuyahoga County,US.OH.CU,6571,351,
Imperial County,US.CA.IM,6041,81,
St. Louis County,US.MO.SL,6031,564,
Pinellas County,US.FL.PI,6020,154,
Polk County,US.IA.PK,5930,174,
Yuma County,US.AZ.YU,5781,80,
Bucks County,US.PA.BC,5718,564,
Alameda County,US.CA.AA,5670,133,
El Paso County,US.TX.EP,5614,127,
Duval County,US.FL.DU,5588,64,
DeKalb County,US.GA.DA,5450,171,
Lee County,US.FL.LE,5188,156,
Arapahoe County,US.CO.AA,5157,342,
Burlington County,US.NJ.BU,5136,419,
Anne Arundel County,US.MD.AN,5055,207,
East Baton Rouge Parish,US.LA.EB,4963,268,
New Castle County,US.DE.NE,4925,242,
Somerset County,US.NJ.SO,4857,527,
Kent County,US.MI.KN,4849,132,
Wake County,US.NC.WK,4816,46,
Hamilton County,US.OH.HM,4794,191,
Lake County,US.IN.LK,4741,239,
Greenville County,US.SC.GV,4733,80,
Ramsey County,US.MN.RA,4610,217,
Cobb County,US.GA.CB,4609,240,
Sussex County,US.DE.SU,4608,176,
Berks County,US.PA.BK,4498,350,
Fresno County,US.CA.FR,4478,72,
Lancaster County,US.PA.LN,4388,356,
Kern County,US.CA.KE,4340,67,
Lehigh County,US.PA.LH,4205,292,
Dutchess County,US.NY.DU,4198,151,
Santa Clara County,US.CA.SL,4162,155,
Adams County,US.CO.AD,4148,154,
Collier County,US.FL.CL,4087,71,
Loudoun County,US.VA.LD,3932,87,
Utah County,US.UT.UT,3850,22,
Jefferson County,US.KY.JF,3829,190,
Jefferson County,US.AL.JE,3729,135,
Fort Bend County,US.TX.FR,3716,53,
Tulare County,US.CA.TL,3705,122,
Monroe County,US.NY.MR,3690,244,
Chester County,US.PA.CH,3658,323,
Montgomery County,US.AL.MT,3630,95,
Minnehaha County,US.SD.MN,3598,57,
Durham County,US.NC.DH,3571,61,
Navajo County,US.AZ.NA,3537,124,
San Francisco County,US.CA.SF,3512,50,
Polk County,US.FL.PO,3495,93,
Mobile County,US.AL.MB,3441,135,
Snohomish County,US.WA.SN,3438,168,
Northampton County,US.PA.NA,3389,265,
Charleston County,US.SC.CS,3380,23,
Jackson County (including other portions of Kansas City),US.MO.JC,3368,55,
Pinal County,US.AZ.PN,3350,63,
McKinley County,US.NM.MC,3336,166,
Washington County,US.AR.WA,3320,30,
Hillsborough County,US.NH.HI,3254,242,
Tulsa County,US.OK.TU,3251,67,
Richland County,US.SC.RI,3237,81,
Caddo Parish,US.LA.CO,3211,232,
Woodbury County,US.IA.WO,3136,44,
Hall County,US.GA.HL,3117,59,
San Joaquin County,US.CA.SJ,3093,52,
San Mateo County,US.CA.SM,3083,106,
Winnebago County,US.IL.WN,3004,92,
Horry County,US.SC.HO,2985,44,
Elkhart County,US.IN.EL,2976,42,
Cumberland County,US.NJ.CU,2942,141,
Forsyth County,US.NC.FO,2935,34,
Luzerne County,US.PA.LU,2903,176,
Hidalgo County,US.TX.HG,2892,31,
Potter County,US.TX.PT,2858,39,
Chesterfield County,US.VA.CD,2856,49,
Atlantic County,US.NJ.AT,2839,211,
Brown County,US.WI.BW,2826,42,
Galveston County,US.TX.GV,2821,40,
Onondaga County,US.NY.OG,2816,164,
Contra Costa County,US.CA.CN,2802,74,
Weld County,US.CO.WE,2788,136,
Guilford County,US.NC.GU,2743,111,
Manatee County,US.FL.MN,2737,130,
Marion County,US.OH.MR,2721,37,
Santa Barbara County,US.CA.SB,2712,28,
Genesee County,US.MI.GE,2690,288,
Collin County,US.TX.CI,2671,42,
Sacramento County,US.CA.SC,2666,66,
Oklahoma County,US.OK.OL,2663,70,
Jefferson County,US.CO.JE,2656,208,
Denton County,US.TX.DN,2630,37,
Benton County,US.AR.BE,2623,18,
Allen County,US.IN.AL,2598,104,
Henrico County,US.VA.HC,2579,141,
Washoe County,US.NV.WA,2573,74,
Allegheny County,US.PA.AL,2568,183,
Lucas County,US.OH.LU,2567,299,
Gloucester County,US.NJ.GL,2557,181,
Howard County,US.MD.HO,2501,85,
Pierce County,US.WA.PI,2485,97,
Frederick County,US.MD.FR,2471,117,
Hays County,US.TX.HY,2469,6,
Arlington County,US.VA.AR,2464,132,
San Juan County,US.NM.SJ,2392,161,
Seminole County,US.FL.SE,2366,16,
Rutherford County,US.TN.RU,2362,34,
Ventura County,US.CA.VE,2336,44,
El Paso County,US.CO.EL,2327,119,
Hamilton County,US.TN.HL,2321,29,
Kings County,US.CA.KI,2318,22,
Alexandria City,US.VA.AX,2312,57,
City of St. Louis,US.MO.SY,2304,151,
Apache County,US.AZ.AP,2303,85,
St. Tammany Parish,US.LA.ST,2288,174,
Ouachita Parish,US.LA.OU,2267,73,
Cass County,US.ND.CS,2233,66,
Stearns County,US.MN.SR,2200,19,
Wyandotte County,US.KS.WY,2191,80,
Richmond City,US.VA.RC,2184,30,
Cameron County,US.TX.CA,2183,55,
Pickaway County,US.OH.PC,2164,41,
Brazoria County,US.TX.BI,2161,21,
Racine County,US.WI.RA,2151,61,
Multnomah County,US.OR.MU,2139,69,
Dakota County,US.MN.DA,2133,87,
Stanislaus County,US.CA.ST,2115,41,
Albany County,US.NY.AB,2097,108,
Bernalillo County,US.NM.BE,2064,85,
Anoka County,US.MN.AN,2053,106,
Black Hawk County,US.IA.BL,2052,57,
McHenry County,US.IL.MY,1999,97,
Lubbock County,US.TX.LU,1984,51,
Ford County,US.KS.FO,1983,10,
Lafayette Parish,US.LA.LY,1972,41,
Walker County,US.TX.WK,1967,28,
Hinds County,US.MS.HI,1957,36,
Montgomery County,US.TX.MG,1952,36,
Dauphin County,US.PA.DA,1942,132,
Volusia County,US.FL.VO,1933,54,
Martin County,US.FL.MT,1910,25,
Summit County,US.OH.SU,1896,202,
Lexington County,US.SC.LX,1889,48,
Clayton County,US.GA.CN,1884,79,
Dougherty County,US.GA.DH,1883,154,
Tuscaloosa County,US.AL.TU,1866,38,
Pulaski County,US.AR.PU,1862,56,
Williamson County,US.TX.WM,1850,35,
Ada County,US.ID.AA,1841,23,
Osceola County,US.FL.OS,1833,24,
Coconino County,US.AZ.CO,1819,92,
St. Joseph County,US.IN.SN,1812,64,
St. Clair County,US.IL.SI,1801,135,
Pasco County,US.FL.PS,1780,17,
Ulster County,US.NY.UL,1778,81,
Wayne County,US.NC.WY,1767,25,
Dakota County,US.NE.DK,1760,31,
Nueces County,US.TX.NU,1727,6,
Mahoning County,US.OH.MH,1720,228,
Brazos County,US.TX.BZ,1720,29,
Santa Cruz County,US.AZ.SA,1698,18,
Lancaster County,US.NE.LA,1692,12,
Buena Vista County,US.IA.BV,1691,11,
Benton County,US.WA.BE,1686,75,
Lackawanna County,US.PA.LC,1684,202,
Cumberland County,US.ME.CU,1682,60,
Washtenaw County,US.MI.WS,1670,104,
Kent County,US.DE.KE,1663,89,
Escambia County,US.FL.ES,1660,44,
St. Lucie County,US.FL.SL,1652,45,
Nobles County,US.MN.NB,1649,6,
Dane County,US.WI.DA,1647,32,
Cass County,US.IN.CS,1635,9,
Brevard County,US.FL.BE,1631,17,
Jefferson County,US.TX.JE,1631,32,
Johnson County,US.KS.JO,1613,86,
Montgomery County,US.OH.MT,1603,22,
Hall County,US.NE.HL,1590,46,
Oneida County,US.NY.OD,1586,93,
Franklin County,US.WA.FR,1578,32,
Finney County,US.KS.FI,1563,10,
Barnstable County,US.MA.BA,1532,144,
Muscogee County,US.GA.MG,1528,43,
Rapides Parish,US.LA.RA,1498,57,
Warren County,US.KY.WR,1491,13,
Litchfield County,US.CT.LI,1482,136,
Kenosha County,US.WI.KN,1478,43,
Trousdale County,US.TN.TR,1476,5,
Marion County,US.OR.MR,1475,41,
Spartanburg County,US.SC.SP,1470,44,
Rockingham County,US.NH.RO,1470,89,
York County,US.PA.YO,1456,44,
Sullivan County,US.NY.SL,1451,35,
Duplin County,US.NC.DP,1438,27,
Hamilton County,US.IN.HM,1432,97,
Monterey County,US.CA.MT,1429,12,
Cache County,US.UT.CA,1426,1,
Marshall County,US.AL.MS,1418,9,
Monroe County,US.PA.MR,1405,108,
Sarasota County,US.FL.SR,1401,96,
Johnston County,US.NC.JH,1393,29,
Manassas City,US.VA.MS,1387,16,
Fayette County,US.KY.FA,1378,24,
Butler County,US.OH.BU,1371,44,
Charles County,US.MD.CH,1371,86,
Boulder County,US.CO.BO,1360,71,
Hendricks County,US.IN.HD,1358,99,
Troup County,US.GA.TP,1335,31,
Lebanon County,US.PA.LB,1324,43,
Putnam County,US.NY.PU,1323,63,
Sumner County,US.TN.SN,1318,51,
Middlesex County,US.CT.MI,1292,183,
Washington County,US.OR.WI,1287,20,
Tangipahoa Parish,US.LA.TA,1273,43,
Saginaw County,US.MI.SG,1268,123,
Kankakee County,US.IL.KK,1268,65,
Webb County,US.TX.WB,1262,24,
Cherokee County,US.GA.CE,1250,44,
New London County,US.CT.NL,1244,102,
Warren County,US.NJ.WA,1228,156,
Johnson County,US.IN.JO,1227,117,
Niagara County,US.NY.NI,1226,85,
DeSoto County,US.MS.DE,1224,15,
Calcasieu Parish,US.LA.CC,1205,54,
Columbiana County,US.OH.CL,1197,59,
Spokane County,US.WA.SP,1193,39,
Lake County,US.FL.LK,1192,22,
Sussex County,US.NJ.SU,1189,192,
Linn County,US.IA.LI,1177,82,
Robeson County,US.NC.RB,1175,38,
Dallas County,US.IA.DL,1170,29,
Kent County,US.RI.KE,1169,72,
Marin County,US.CA.MN,1166,18,
Rowan County,US.NC.RW,1163,39,
Union County,US.NC.UN,1151,23,
Randolph County,US.NC.RA,1149,29,
Leavenworth County,US.KS.LV,1148,7,
Ascension Parish,US.LA.AE,1146,58,
Madison County,US.MS.MD,1145,32,
Lowndes County,US.GA.LW,1144,9,
Cumberland County,US.NC.CU,1142,41,
Henry County,US.GA.HY,1141,33,
Florence County,US.SC.FL,1134,49,
Waukesha County,US.WI.WK,1133,38,
Bell County,US.TX.BL,1128,12,
Alachua County,US.FL.AL,1124,12,
Sarpy County,US.NE.SY,1123,8,
Virginia Beach City,US.VA.VI,1123,29,
Beaufort County,US.SC.BA,1121,17,
Sedgwick County,US.KS.SG,1120,28,
Solano County,US.CA.SN,1118,23,
Davis County,US.UT.DA,1113,4,
Carroll County,US.MD.CR,1105,111,
Chatham County,US.GA.CM,1098,37,
Lafourche Parish,US.LA.LO,1097,86,
Harford County,US.MD.HA,1096,61,
York County,US.SC.YO,1094,12,
Sonoma County,US.CA.SO,1092,5,
Alamance County,US.NC.AA,1088,37,
Lee County,US.AL.LE,1083,36,
Hunterdon County,US.NJ.HN,1074,123,
Cabarrus County,US.NC.CR,1064,27,
Kalamazoo County,US.MI.KA,1063,67,
Washington County,US.UT.WN,1063,3,
Wicomico County,US.MD.WI,1060,40,
Accomack County,US.VA.AC,1039,14,
Lincoln County,US.AR.LC,1037,11,
Johnson County,US.IA.JH,1028,8,
Jones County,US.MS.JO,1027,48,
Olmsted County,US.MN.OL,1020,15,
Sampson County,US.NC.SP,1018,6,
Anderson County,US.TX.AE,1016,2,
Burke County,US.NC.BK,1016,20,
Stark County,US.OH.ST,1016,111,
Whitfield County,US.GA.WF,1013,10,
Ottawa County,US.MI.OT,1012,51,
St. Charles County,US.MO.SA,1010,73,
Marshall County,US.IA.MS,1009,18,
Gaston County,US.NC.GS,1004,11,
Mohave County,US.AZ.MO,1004,85,
Sumter County,US.SC.SU,1001,22,
Seward County,US.KS.SW,1001,2,
Ingham County,US.MI.IH,992,29,
Terrebonne Parish,US.LA.TR,988,61,
Texas County,US.OK.TE,985,6,
Washington County,US.MN.WH,984,40,
Stafford County,US.VA.SF,983,5,
Spotsylvania County,US.VA.SP,981,29,
Shelby County,US.AL.SH,972,23,
Hampshire County,US.MA.HS,958,110,
St. John the Baptist Parish,US.LA.SO,952,86,
Leon County,US.FL.LO,951,8,
Kendall County,US.IL.KA,950,20,
Berkeley County,US.SC.BK,949,21,
Williamson County,US.TN.WL,945,14,
Douglas County,US.CO.DU,939,52,
Chatham County,US.NC.CH,936,42,
Neshoba County,US.MS.NS,933,64,
Harrisonburg City,US.VA.HS,933,24,
Madison County,US.AL.MD,930,7,
Davidson County,US.NC.DD,925,15,
Morgan County,US.AL.MG,925,3,
Lorain County,US.OH.LR,925,67,
Hendry County,US.FL.HR,923,25,
Madison County,US.IL.MD,917,68,
Franklin County,US.PA.FR,913,42,
Tolland County,US.CT.TO,910,64,
Mower County,US.MN.MW,910,2,
Colquitt County,US.GA.CQ,910,18,
Rock Island County,US.IL.RO,899,28,
Doña Ana County,US.NM.DO,895,9,
Moore County,US.TX.MO,888,15,
Chesapeake City,US.VA.CS,879,20,
Knox County,US.TN.KN,878,5,
Douglas County,US.GA.DL,878,36,
Weber County,US.UT.WB,876,12,
Berrien County,US.MI.BN,870,60,
Lauderdale County,US.MS.LU,869,78,
Richmond County,US.GA.RI,862,48,
Dawson County,US.NE.DN,857,8,
Norfolk City,US.VA.NF,855,9,
Cleveland County,US.OK.CV,852,40,
Rock County,US.WI.RO,848,23,
Champaign County,US.IL.CM,847,12,
Livingston Parish,US.LA.LV,846,37,
Cumberland County,US.PA.CU,840,63,
Franklin County,US.AL.FR,839,11,
Buchanan County,US.MO.BC,838,3,
St. Johns County,US.FL.SJ,837,7,
Bossier Parish,US.LA.BO,825,29,
Randall County,US.TX.RA,825,6,
Merced County,US.CA.MD,824,11,
Acadia Parish,US.LA.AD,812,36,
New Hanover County,US.NC.NE,810,5,
St. Francis County,US.AR.SI,810,3,
Trumbull County,US.OH.TR,809,58,
Culpeper County,US.VA.CP,808,10,
Muskegon County,US.MI.MG,807,50,
Lee County,US.NC.LE,798,8,
Walker County,US.AL.WK,797,13,
Rice County,US.MN.RI,793,4,
Schenectady County,US.NY.SN,792,35,
Elmore County,US.AL.EL,789,13,
Forsyth County,US.GA.FO,788,15,
Kenton County,US.KY.KE,787,36,
Granville County,US.NC.GN,786,19,
Forrest County,US.MS.FO,777,42,
Pickens County,US.SC.PI,774,4,
Rankin County,US.MS.RA,773,12,
Salem County,US.NJ.SA,756,75,
Dallas County,US.AL.DL,753,8,
Robertson County,US.TN.RB,751,11,
Bibb County,US.GA.BI,745,38,
Schuylkill County,US.PA.SC,740,44,
St. Charles Parish,US.LA.SC,736,49,
Putnam County,US.TN.PU,735,7,
Cape May County,US.NJ.CP,732,68,
Crittenden County,US.AR.CD,731,11,
Iredell County,US.NC.IR,731,7,
Clark County,US.OH.CK,727,8,
Scott County,US.MS.SC,726,14,
Warren County,US.OH.WR,725,20,
Wilson County,US.TN.WO,725,16,
Catawba County,US.NC.CB,720,10,
Larimer County,US.CO.LR,718,29,
Sandoval County,US.NM.SD,716,29,
Charlotte County,US.FL.CH,714,76,
Ellis County,US.TX.EI,711,19,
Rockingham County,US.VA.RG,707,10,
Broome County,US.NY.BO,703,58,
Clackamas County,US.OR.CC,699,24,
Iberville Parish,US.LA.IV,699,43,
Clark County,US.WA.CR,697,30,
McLennan County,US.TX.ML,697,6,
Wapello County,US.IA.WP,696,29,
Tift County,US.GA.TI,696,25,
Washington County,US.MD.WA,694,26,
Canyon County,US.ID.CN,692,6,
Lake County,US.TN.LK,691,0,
Eagle County,US.CO.EA,686,8,
Titus County,US.TX.TU,683,4,
Jefferson County,US.AR.JE,683,28,
Wilson County,US.NC.WO,682,18,
Dodge County,US.NE.DE,681,8,
Carroll County,US.GA.CL,674,39,
Pottawattamie County,US.IA.PT,673,11,
Bartow County,US.GA.BT,672,42,
Orangeburg County,US.SC.OR,670,10,
Yavapai County,US.AZ.YA,668,8,
Porter County,US.IN.PR,668,36,
Story County,US.IA.ST,667,3,
Colfax County,US.NE.CO,666,4,
Habersham County,US.GA.HB,662,35,
Crawford County,US.IA.CW,662,2,
St. Martin Parish,US.LA.SR,661,26,
Sevier County,US.AR.SV,661,7,
Pitt County,US.NC.PI,660,6,
Platte County,US.NE.PL,660,3,
Clay County,US.FL.CY,659,34,
Indian River County,US.FL.IN,655,16,
Winnebago County,US.WI.WA,655,11,
Morgan County,US.CO.MN,652,46,
Beaver County,US.PA.BA,648,78,
Washington Parish,US.LA.WO,647,46,
Coweta County,US.GA.CA,646,15,
Harrison County,US.MS.HR,642,7,
Madison County,US.IN.MD,639,63,
Guadalupe County,US.TX.GU,638,1,
Logan County,US.CO.LO,637,5,
Scott County,US.MN.SC,637,4,
Honolulu County,US.HI.HO,636,12,
Iberia Parish,US.LA.II,636,44,
Orange County,US.NC.OR,635,41,
Marion County,US.FL.MI,631,10,
Lee County,US.AR.LE,628,2,
Kershaw County,US.SC.KE,627,15,
Placer County,US.CA.PA,627,11,
St. Mary's County,US.MD.SA,620,51,
Westmoreland County,US.PA.WE,620,38,
Bledsoe County,US.TN.BE,616,1,
Harnett County,US.NC.HT,615,30,
Clark County,US.IN.CK,613,44,
Tippecanoe County,US.IN.TP,609,8,
Jones County,US.TX.JN,607,0,
St. Bernard Parish,US.LA.SE,607,23,
Muscatine County,US.IA.MU,605,44,
St. Landry Parish,US.LA.SL,605,57,
Windham County,US.CT.WI,605,14,
Monroe County,US.MI.MO,603,21,
Butler County,US.AL.BT,602,27,
Chittenden County,US.VT.CH,602,39,
Okaloosa County,US.FL.OA,601,6,
Whatcom County,US.WA.WA,600,40,
Shawnee County,US.KS.SN,596,9,
Berkshire County,US.MA.BE,594,44,
Scott County,US.IA.SC,594,10,
Boone County,US.KY.BO,594,23,
Dorchester County,US.SC.DO,594,3,
Tipton County,US.TN.TI,593,4,
Erie County,US.PA.ER,589,10,
DeSoto County,US.FL.DE,585,10,
Yell County,US.AR.YE,582,3,
Houston County,US.GA.HO,578,23,
Boone County,US.IL.BO,577,21,
Bartholomew County,US.IN.BA,577,44,
Baldwin County,US.AL.BD,575,10,
Walworth County,US.WI.WL,572,18,
Newton County,US.GA.NE,571,11,
Wilkes County,US.NC.WE,570,6,
Henderson County,US.NC.HN,569,49,
Livingston County,US.MI.LI,566,28,
Kandiyohi County,US.MN.KD,565,1,
Grayson County,US.TX.GO,563,5,
Paulding County,US.GA.PA,563,15,
Midland County,US.TX.ID,563,14,
Anderson County,US.SC.AN,563,10,
Chambers County,US.AL.CM,561,27,
Cochise County,US.AZ.CH,561,6,
Etowah County,US.AL.ET,559,13,
Shenandoah County,US.VA.SN,558,29,
Clay County,US.MN.CA,557,37,
Buckingham County,US.VA.BK,556,4,
Twin Falls County,US.ID.TW,551,25,
Rensselaer County,US.NY.RE,551,32,
Tallapoosa County,US.AL.TP,550,70,
Sumter County,US.GA.SU,550,50,
St. Clair County,US.MI.SA,549,49,
Sevier County,US.TN.SV,549,3,
Saratoga County,US.NY.SR,548,15,
Buncombe County,US.NC.BO,547,36,
DeKalb County,US.AL.DA,544,5,
DeKalb County,US.IL.DK,541,18,
Copiah County,US.MS.CP,538,13,
Howard County,US.IN.HO,537,55,
Saline County,US.NE.SL,533,2,
Glynn County,US.GA.GY,533,4,
Leake County,US.MS.LK,533,17,
Coffee County,US.GA.CF,532,17,
Blaine County,US.ID.BL,528,5,
Calhoun County,US.MI.CU,526,32,
Washington County,US.RI.WA,523,50,
Belmont County,US.OH.BE,523,21,
Beadle County,US.SD.BA,522,6,
LaPorte County,US.IN.LA,521,25,
Kaufman County,US.TX.KU,518,4,
Columbus County,US.NC.CM,513,37,
San Luis Obispo County,US.CA.SS,508,1,
Holmes County,US.MS.HO,507,39,
Pennington County,US.SD.PN,507,16,
Ector County,US.TX.EC,506,7,
Autauga County,US.AL.AU,503,12,
Skagit County,US.WA.SG,503,15,
Dubuque County,US.IA.DU,501,22,
Newport News City,US.VA.NN,500,10,
Floyd County,US.GA.FL,500,15,
Wayne County,US.MS.WY,499,10,
York County,US.ME.YO,499,11,
Smith County,US.TX.SM,499,4,
Vance County,US.NC.VA,499,36,
McDonald County,US.MO.MA,498,1,
Muhlenberg County,US.KY.MU,496,8,
Starr County,US.TX.SR,496,3,
Jackson County,US.MI.JA,494,30,
Pike County,US.PA.PI,493,20,
Frederick County,US.VA.FK,488,5,
Clarke County,US.GA.CK,486,15,
Tuscarawas County,US.OH.TU,486,10,
Lyon County,US.KS.LY,484,7,
Summit County,US.UT.SU,483,0,
Bedford County,US.TN.BD,482,5,
Baldwin County,US.GA.BD,480,33,
Victoria County,US.TX.VI,480,8,
Brunswick County,US.NC.BS,479,4,
Androscoggin County,US.ME.AN,476,4,
Peoria County,US.IL.PI,475,28,
Jackson County,US.MS.JC,475,16,
Cecil County,US.MD.CE,473,29,
Grant County,US.WA.GN,472,6,
Delaware County,US.OH.DL,471,15,
Fairfield County,US.OH.FI,470,15,
Comal County,US.TX.OM,470,7,
Kosciusko County,US.IN.KO,468,2,
Santa Rosa County,US.FL.SA,468,9,
Umatilla County,US.OR.UM,467,4,
Barrow County,US.GA.BW,466,25,
Oktibbeha County,US.MS.OK,466,23,
Medina County,US.OH.MD,464,31,
Angelina County,US.TX.AG,464,6,
Franklin Parish,US.LA.FR,464,14,
Columbia County,US.NY.CU,463,47,
Portsmouth City,US.VA.PR,459,16,
Yolo County,US.CA.YO,458,24,
Greenwood County,US.SC.GW,457,6,
Leflore County,US.MS.LL,454,48,
Outagamie County,US.WI.OU,454,8,
Dodge County,US.WI.DD,453,5,
Lee County,US.MS.LE,452,15,
Surry County,US.NC.SU,451,2,
Berkeley County,US.WV.BE,450,10,
Jasper County,US.MO.JS,447,3,
Jackson County,US.IN.JC,446,3,
LaGrange County,US.IN.LG,446,6,
Jefferson County,US.MO.JE,445,19,
Yazoo County,US.MS.YZ,445,6,
Sioux County,US.IA.SI,445,0,
Mitchell County,US.GA.MT,444,38,
Bradley County,US.TN.BR,444,3,
St. Mary Parish,US.LA.SM,443,38,
Craighead County,US.AR.CG,442,6,
Lowndes County,US.AL.LO,442,18,
Moore County,US.NC.ME,439,13,
Montgomery County,US.TN.MT,438,7,
Houston County,US.AL.HO,438,6,
Tama County,US.IA.TM,438,29,
Nash County,US.NC.NA,437,4,
Faulkner County,US.AR.FA,437,3,
Rockdale County,US.GA.RO,436,11,
Georgetown County,US.SC.GR,435,3,
Sebastian County,US.AR.SB,435,5,
Suwannee County,US.FL.SW,433,20,
Lowndes County,US.MS.LO,431,11,
Daviess County,US.KY.DA,428,8,
Manassas Park city,US.VA.MP,428,5,
Darlington County,US.SC.DA,427,14,
Noble County,US.IN.NO,427,28,
East Carroll Parish,US.LA.EC,427,1,
Russell County,US.AL.RU,427,0,
Wright County,US.MN.WR,426,4,
Columbia County,US.GA.CI,425,9,
Miami County,US.OH.MM,425,30,
Hot Spring County,US.AR.HT,423,0,
Lincoln County,US.MS.LI,422,33,
Delaware County,US.IN.DL,422,48,
McCurtain County,US.OK.MU,421,4,
Hanover County,US.VA.HV,420,26,
Washington County,US.MS.WS,419,9,
Bowie County,US.TX.BW,418,13,
Fauquier County,US.VA.FQ,417,6,
Bastrop County,US.TX.BP,417,6,
Thomas County,US.GA.TH,417,32,
Madera County,US.CA.ME,415,5,
Ashtabula County,US.OH.AB,415,43,
Lake County,US.OH.LK,415,17,
Pope County,US.AR.PP,414,3,
Clay County,US.MO.CY,414,10,
Shelby County,US.IN.SH,412,25,
Union Parish,US.LA.UN,412,24,
Hardee County,US.FL.HD,411,3,
Boone County,US.IN.BO,411,41,
Lancaster County,US.SC.LN,411,11,
Sangamon County,US.IL.SM,411,31,
Municipality of Anchorage,US.AK.AN,411,6,
Calvert County,US.MD.CL,410,26,
Hancock County,US.IN.HC,408,35,
Clarendon County,US.SC.CN,407,42,
Merrimack County,US.NH.ME,407,18,
Portage County,US.OH.PO,407,58,
Laurens County,US.SC.LU,406,5,
Shelby County,US.KY.SH,406,11,
Chattahoochee County,US.GA.CH,404,0,
La Crosse County,US.WI.LA,403,0,
Marshall County,US.IN.MS,403,3,
Webster Parish,US.LA.WR,402,10,
Wasatch County,US.UT.WA,400,3,
Vanderburgh County,US.IN.VA,400,6,
Columbia County,US.PA.CO,399,33,
San Juan County,US.UT.SJ,399,7,
Warren County,US.MS.WR,398,17,
Suffolk City,US.VA.SO,398,34,
Caldwell County,US.NC.CL,398,4,
Todd County,US.MN.TO,397,2,
Pike County,US.AL.PK,395,5,
Washington County,US.OK.WN,395,39,
Ware County,US.GA.WE,395,15,
Albemarle County,US.VA.AB,393,8,
Hunt County,US.TX.HT,392,6,
Comanche County,US.OK.CM,392,5,
Bay County,US.MI.BY,386,30,
Lee County,US.GA.LE,385,22,
Grand Forks County,US.ND.GD,385,4,
Lamar County,US.MS.LM,384,7,
Pueblo County,US.CO.PU,383,28,
Spalding County,US.GA.SD,383,32,
Williamsburg County,US.SC.WI,383,15,
Walton County,US.GA.WA,383,28,
Cullman County,US.AL.CU,382,3,
Geauga County,US.OH.GE,382,41,
Licking County,US.OH.LI,381,11,
Nacogdoches County,US.TX.NC,381,26,
Lauderdale County,US.AL.LU,374,4,
Gadsden County,US.FL.GA,373,7,
Johnson County,US.TX.JH,372,4,
Blue Earth County,US.MN.BE,368,2,
Roanoke city,US.VA.RO,368,10,
Franklin County,US.MA.FR,366,54,
Wood County,US.OH.WO,363,51,
Lenoir County,US.NC.LN,363,10,
Wright County,US.IA.WG,363,0,
Limestone County,US.AL.LI,363,0,
Chesterfield County,US.SC.CF,359,13,
Stanly County,US.NC.SN,359,5,
Jackson County,US.FL.JA,359,2,
Madison County,US.NE.MA,359,4,
Louisa County,US.IA.LO,358,13,
Bullock County,US.AL.BL,358,11,
Floyd County,US.IN.FL,357,44,
Hoke County,US.NC.HO,357,3,
Bladen County,US.NC.BL,357,3,
Colbert County,US.AL.CL,356,5,
Fremont County,US.WY.FR,355,9,
Greensville County,US.VA.GS,355,7,
Payne County,US.OK.PY,354,1,
Craven County,US.NC.CN,354,6,
Jackson County,US.GA.JC,354,10,
Washington County,US.WI.WN,354,15,
Gordon County,US.GA.GO,353,18,
Madison County,US.NY.MA,352,9,
Wayne County,US.OH.WE,350,52,
St. James Parish,US.LA.SJ,349,28,
Santa Cruz County,US.CA.SZ,349,3,
Newton County,US.MO.NT,348,2,
Upson County,US.GA.UP,348,43,
Madison Parish,US.LA.MA,347,2,
Attala County,US.MS.AT,346,23,
Taylor County,US.TX.TA,346,5,
Hernando County,US.FL.HA,346,5,
Aiken County,US.SC.AI,345,9,
Grimes County,US.TX.GM,344,2,
Coffee County,US.AL.CF,344,1,
Assumption Parish,US.LA.AS,343,14,
Okeechobee County,US.FL.OE,343,0,
Brown County,US.SD.BW,341,2,
Monroe County,US.MS.MR,340,29,
Gregg County,US.TX.GE,339,13,
Lincoln County,US.SD.LI,339,1,
De Soto Parish,US.LA.DE,336,18,
Pike County,US.MS.PI,334,11,
Carver County,US.MN.CV,333,1,
Franklin County,US.NC.FR,332,21,
Rockwall County,US.TX.RC,331,16,
Jackson County,US.IL.JC,329,19,
Newton County,US.MS.NW,329,8,
Jefferson Davis Parish,US.LA.JD,328,8,
Adams County,US.PA.AD,328,12,
La Paz County,US.AZ.LA,328,5,
Clermont County,US.OH.CE,327,6,
Sumter County,US.FL.SM,327,17,
Coryell County,US.TX.CL,327,2,
Boone County,US.MO.BO,327,2,
Fayette County,US.GA.FY,326,17,
Hamilton County,US.FL.HM,325,2,
Highlands County,US.FL.HG,324,11,
Lafayette County,US.MS.LY,323,4,
Bay County,US.FL.BY,322,4,
Union County,US.OR.UN,322,1,
Yadkin County,US.NC.YD,322,4,
Putnam County,US.FL.PU,318,6,
Barbour County,US.AL.BR,317,1,
Chelan County,US.WA.CH,315,6,
Walker County,US.GA.WK,315,11,
Caroline County,US.MD.CO,315,3,
Eaton County,US.MI.EA,314,7,
Morgan County,US.IN.MG,314,31,
Jasper County,US.IA.JS,313,17,
Lincoln Parish,US.LA.LN,312,18,
Winchester city,US.VA.WH,311,3,
Maverick County,US.TX.MV,311,2,
Hampton city,US.VA.HM,310,5,
Lincoln County,US.OR.LC,310,2,
Richland County,US.OH.RI,310,4,
Edgecombe County,US.NC.ED,309,9,
Fond du Lac County,US.WI.FN,308,6,
Avoyelles Parish,US.LA.AV,308,11,
Caldwell County,US.TX.CW,307,2,
Harris County,US.GA.HI,306,9,
Allegan County,US.MI.AL,306,6,
Colleton County,US.SC.CT,306,21,
Worth County,US.GA.WO,303,22,
Catoosa County,US.GA.CS,303,7,
Covington County,US.AL.CV,301,5,
Wichita County,US.TX.WC,300,2,
Kanawha County,US.WV.KA,299,20,
Northumberland County,US.PA.NU,299,5,
East Feliciana Parish,US.LA.EF,298,33,
Halifax County,US.NC.HL,298,4,
Marlboro County,US.SC.ML,298,4,
Montgomery County,US.NC.MO,298,7,
Richmond County,US.VA.RI,296,4,
Grenada County,US.MS.GN,296,5,
Butler County,US.PA.BT,295,13,
Broomfield County and City,US.CO.BR,295,29,
Lyon County,US.MN.LY,294,2,
Newport County,US.RI.NE,294,2,
Macon County,US.TN.MC,293,3,
Bulloch County,US.GA.BH,293,4,
Flagler County,US.FL.FL,293,5,
Sherburne County,US.MN.SH,291,4,
Strafford County,US.NH.ST,291,13,
St. Joseph County,US.MI.SJ,289,3,
Dillon County,US.SC.DI,289,8,
Plymouth County,US.IA.PM,289,4,
Lapeer County,US.MI.LP,288,31,
Adams County,US.NE.AD,288,11,
Harrison County,US.TX.HR,288,30,
Deaf Smith County,US.TX.DI,287,16,
Warren County,US.VA.WR,285,5,
Allen Parish,US.LA.AL,284,10,
Grant County,US.IN.GA,283,26,
Lee County,US.SC.LE,283,22,
Worcester County,US.MD.WO,282,16,
Saline County,US.MO.SI,282,4,
Orleans County,US.NY.OL,281,53,
Montgomery County,US.IN.MM,281,19,
Fairfield County,US.SC.FA,280,21,
Hale County,US.AL.HA,280,20,
Freeborn County,US.MN.FR,280,0,
Natchitoches Parish,US.LA.NA,280,14,
Rutherford County,US.NC.RU,279,7,
Randolph County,US.IL.RA,279,7,
Clinton County,US.IN.CI,277,1,
Macon County,US.NC.MN,277,1,
Cleveland County,US.NC.CV,277,3,
Citrus County,US.FL.CI,277,12,
Hardeman County,US.TN.HA,276,1,
Maury County,US.TN.MU,276,3,
Liberty County,US.TX.LT,275,3,
Shelby County,US.TX.SY,275,9,
Sumter County,US.AL.SU,275,12,
Carbon County,US.PA.CB,274,25,
Richmond County,US.NC.RI,273,5,
Garfield County,US.CO.GA,273,2,
Wilcox County,US.AL.WC,272,8,
Chambers County,US.TX.CH,272,2,
Iron County,US.UT.RN,271,1,
Napa County,US.CA.NA,270,4,
Shiawassee County,US.MI.SH,269,27,
Allen County,US.OH.AN,269,38,
Northampton County,US.VA.NA,269,28,
Columbia County,US.FL.CU,269,3,
Summit County,US.CO.SU,269,3,
Tom Green County,US.TX.TG,268,1,
Covington County,US.MS.CV,268,5,
Crisp County,US.GA.CP,268,12,
Stephenson County,US.IL.SN,268,5,
Gila County,US.AZ.GI,268,5,
Marengo County,US.AL.ME,267,11,
Page County,US.VA.PA,267,24,
Mercer County,US.OH.MC,266,8,
Steuben County,US.NY.ST,266,29,
Lamar County,US.TX.LR,265,13,
Greene County,US.MO.GE,265,8,
Rusk County,US.TX.RK,264,3,
Butts County,US.GA.BU,264,33,
Oceana County,US.MI.OA,263,3,
Warren County,US.NY.WR,263,30,
Rhea County,US.TN.RH,262,0,
Washington County,US.TX.WH,261,31,
Greene County,US.NY.GR,260,13,
Early County,US.GA.EA,260,31,
Dubois County,US.IN.DU,258,6,
Canadian County,US.OK.CN,258,3,
Onslow County,US.NC.ON,258,3,
Plaquemines Parish,US.LA.PL,257,17,
Branch County,US.MI.BC,257,2,
St. Clair County,US.AL.SA,257,2,
McLean County,US.IL.ML,257,13,
Clarke County,US.AL.CK,257,5,
Ontario County,US.NY.OR,256,26,
White County,US.IN.WH,255,10,
Fulton County,US.NY.FU,255,26,
Parker County,US.TX.PR,255,1,
Appling County,US.GA.AP,254,14,
James City County,US.VA.JA,254,15,
Medina County,US.TX.ME,254,2,
Butler County,US.KY.BR,253,14,
Ogle County,US.IL.OG,252,4,
Adams County,US.MS.AD,252,18,
Galax city,US.VA.GA,252,13,
Laramie County,US.WY.LA,250,2,
Saline County,US.AR.SL,250,2,
Hopkins County,US.KY.HO,250,32,
Burleigh County,US.ND.BL,249,0,
Decatur County,US.GA.DC,249,8,
Henry County,US.VA.HY,249,4,
West Baton Rouge Parish,US.LA.WB,248,30,
Loudon County,US.TN.LO,248,1,
Campbell County,US.KY.CM,248,12,
Gonzales County,US.TX.GA,248,4,
Bristol County,US.RI.BR,247,7,
Bolivar County,US.MS.BO,247,13,
Washington County,US.NY.WS,246,14,
Fredericksburg City,US.VA.FB,246,0,
Crawford County,US.KS.CR,246,1,
Calhoun County,US.AL.CN,245,5,
Union County,US.AR.UN,245,13,
Huntingdon County,US.PA.HU,245,4,
Fayette County,US.TN.FA,244,2,
Oconee County,US.SC.OC,244,1,
Gallatin County,US.MT.GL,243,1,
West Feliciana Parish,US.LA.WF,242,14,
Wagoner County,US.OK.WG,242,19,
Decatur County,US.IN.DC,241,32,
Winn Parish,US.LA.WI,241,5,
Panola County,US.MS.PA,240,6,
Mecklenburg County,US.VA.ME,240,26,
Lincoln County,US.NC.LI,240,1,
Genesee County,US.NY.GE,238,5,
Warren County,US.IA.WR,238,2,
Sunflower County,US.MS.SU,238,6,
Garland County,US.AR.GL,237,1,
Thurston County,US.WA.TH,237,7,
Dale County,US.AL.DE,236,0,
Pearl River County,US.MS.PL,236,32,
Dickinson County,US.IA.DI,236,2,
Morehouse Parish,US.LA.MO,236,8,
Chickasaw County,US.MS.CS,235,18,
Clay County,US.MS.CY,235,7,
Pender County,US.NC.PD,235,1,
Hale County,US.TX.HE,235,7,
Tate County,US.MS.TT,234,6,
Jasper County,US.MS.JS,234,6,
Pointe Coupee Parish,US.LA.PO,234,27,
Noxubee County,US.MS.NO,234,7,
Tuscola County,US.MI.TU,233,26,
Clinton County,US.IL.CN,233,17,
Monroe County,US.IN.MR,233,28,
Darke County,US.OH.DA,233,25,
Toombs County,US.GA.TM,232,5,
Jerome County,US.ID.JR,232,4,
Talladega County,US.AL.TD,231,6,
Douglas County,US.WA.DO,230,3,
Winston County,US.MS.WN,230,4,
Vermilion Parish,US.LA.VM,229,6,
Prince George County,US.VA.PG,229,1,
Tooele County,US.UT.TE,229,0,
Madison County,US.TN.MD,228,2,
Marion County,US.MS.MI,228,11,
Santa Fe County,US.NM.ST,228,3,
Jefferson County,US.WI.JE,228,4,
Macon County,US.IL.MC,227,22,
Bacon County,US.GA.BC,227,4,
Queen Anne's County,US.MD.QU,226,17,
Terrell County,US.GA.TL,225,27,
Erie County,US.OH.ER,225,22,
Van Buren County,US.MI.VA,225,7,
McDowell County,US.NC.MW,222,1,
Jefferson County,US.WV.JE,222,4,
Ozaukee County,US.WI.OZ,222,15,
Washington County,US.IA.WS,221,9,
Petersburg city,US.VA.PB,221,3,
Newberry County,US.SC.NE,221,4,
Liberty County,US.FL.LI,221,1,
Winston County,US.AL.WN,220,3,
Henry County,US.IN.HY,220,15,
Bienville Parish,US.LA.BI,220,26,
Monroe County,US.FL.MO,219,4,
Rockingham County,US.NC.RC,218,2,
Vigo County,US.IN.VI,218,8,
St. Lawrence County,US.NY.SI,218,3,
Hardin County,US.TX.HN,217,5,
Lawrence County,US.IN.LW,217,24,
Clinton County,US.MI.CN,217,12,
Escambia County,US.AL.ES,216,6,
Logan County,US.KY.LO,213,11,
Kitsap County,US.WA.KS,213,2,
Claiborne County,US.MS.CB,212,10,
Steele County,US.MN.SE,212,0,
Stephens County,US.GA.SE,212,6,
Walton County,US.FL.WL,211,9,
Washington County,US.PA.WS,211,6,
Cibola County,US.NM.CI,211,14,
Hancock County,US.GA.HC,210,32,
Lenawee County,US.MI.LN,210,6,
Johnson County,US.AR.JO,210,0,
Cassia County,US.ID.CS,209,1,
Jackson Parish,US.LA.JA,209,16,
Charlottesville City,US.VA.CE,209,3,
Scotts Bluff County,US.NE.SC,209,3,
Benton County,US.MN.BN,208,3,
Eau Claire County,US.WI.EA,208,1,
Carroll County,US.VA.CL,206,8,
Roanoke County,US.VA.RE,206,5,
San Benito County,US.CA.SI,206,2,
Harrison County,US.IN.HI,205,22,
LaSalle County,US.IL.LA,205,17,
Polk County,US.GA.PO,205,1,
Panola County,US.TX.PN,205,25,
Smith County,US.MS.SM,204,11,
Montrose County,US.CO.MO,204,12,
Franklin County,US.MO.FR,204,18,
Allegany County,US.MD.AL,204,17,
Pasquotank County,US.NC.PU,204,15,
McMinn County,US.TN.MM,203,17,
Chilton County,US.AL.CI,203,3,
Saluda County,US.SC.SA,203,1,
Pontotoc County,US.MS.PO,202,3,
Centre County,US.PA.CT,201,7,
Dooly County,US.GA.DO,200,12,
Jackson County,US.AL.JA,200,3,
Graves County,US.KY.GV,199,21,
Sheboygan County,US.WI.SE,198,4,
Dearborn County,US.IN.DR,198,22,
Kent County,US.MD.KE,198,23,
Simpson County,US.MS.SI,198,3,
Orange County,US.TX.OR,198,3,
Randolph County,US.GA.RN,197,25,
Clarke County,US.MS.CE,196,22,
Watonwan County,US.MN.WT,196,0,
Murray County,US.GA.MA,196,2,
Oswego County,US.NY.OS,195,3,
Sussex County,US.VA.SS,195,2,
Greene County,US.OH.GR,194,9,
Marion County,US.AL.MI,194,12,
Cheatham County,US.TN.CA,194,0,
Hillsdale County,US.MI.HI,193,25,
Pickens County,US.AL.PC,193,6,
Ionia County,US.MI.II,193,4,
Dyer County,US.TN.DY,192,0,
Island County,US.WA.IS,192,12,
Marion County,US.SC.MI,191,7,
Beauregard Parish,US.LA.BE,191,8,
Christian County,US.KY.CH,190,4,
Warrick County,US.IN.WI,190,29,
Holmes County,US.OH.HL,190,3,
Monroe County,US.AL.MR,189,2,
Choctaw County,US.AL.CC,189,12,
Wharton County,US.TX.WN,189,1,
Blount County,US.AL.BU,189,1,
Davie County,US.NC.DV,188,3,
Catahoula Parish,US.LA.CT,188,3,
Parmer County,US.TX.PM,188,8,
Madison County,US.AR.MD,188,0,
Kootenai County,US.ID.KO,187,1,
Alamosa County,US.CO.AL,187,3,
Franklin County,US.GA.FR,187,1,
Madison County,US.FL.MD,187,3,
Gunnison County,US.CO.GU,186,6,
Navarro County,US.TX.NV,185,6,
Grady County,US.GA.GD,185,4,
Marshall County,US.MS.MS,185,3,
Dorchester County,US.MD.DO,185,5,
Caddo County,US.OK.CD,184,11,
Madison County,US.OH.MO,184,8,
Union County,US.IL.UN,184,19,
Echols County,US.GA.EC,183,0,
Augusta County,US.VA.AU,183,2,
Greene County,US.IN.GE,183,31,
Buffalo County,US.NE.BF,183,1,
Whiteside County,US.IL.WD,183,15,
Ohio County,US.KY.OH,183,0,
Prince Edward County,US.VA.PD,182,3,
Hamilton County,US.IA.HM,182,0,
Gilmer County,US.GA.GI,181,2,
Susquehanna County,US.PA.SS,181,22,
Hamblen County,US.TN.HB,181,4,
Northampton County,US.NC.NO,180,15,
Miami County,US.IN.MI,179,2,
Coahoma County,US.MS.CH,178,6,
Riley County,US.KS.RL,178,3,
Frio County,US.TX.FO,178,0,
Meriwether County,US.GA.MW,178,2,
Isle of Wight County,US.VA.IS,177,8,
Lycoming County,US.PA.LY,177,19,
Tompkins County,US.NY.TO,176,0,
Turner County,US.GA.TR,176,16,
Richland Parish,US.LA.RI,175,4,
Greene County,US.NC.GE,174,2,
Evangeline Parish,US.LA.EV,173,1,
Kemper County,US.MS.KE,171,13,
Levy County,US.FL.LV,171,1,
Deschutes County,US.OR.DE,170,0,
Chester County,US.SC.CR,170,1,
Cowlitz County,US.WA.CW,170,0,
Nassau County,US.FL.NA,169,1,
Hopewell city,US.VA.HW,169,2,
Jennings County,US.IN.JN,168,9,
Uinta County,US.WY.UI,168,0,
Monongalia County,US.WV.MG,167,5,
Walthall County,US.MS.WT,166,3,
Carroll County,US.AR.CL,166,5,
Allen County,US.KY.AL,165,5,
Conecuh County,US.AL.CO,165,3,
Rogers County,US.OK.RS,164,5,
Greene County,US.AL.GR,164,7,
Midland County,US.MI.MD,164,9,
Newaygo County,US.MI.NE,163,0,
Macon County,US.AL.MC,163,7,
Wayne County,US.NY.WN,162,2,
Putnam County,US.IN.PT,162,8,
Calhoun County,US.GA.CU,162,5,
Bibb County,US.AL.BI,162,1,
Holmes County,US.FL.HO,161,0,
Union County,US.MS.UN,161,8,
Scott County,US.MO.ST,161,11,
Coles County,US.IL.CE,161,17,
Pierce County,US.GA.PR,161,4,
Glades County,US.FL.GL,161,1,
Grundy County,US.IL.GU,160,4,
Hertford County,US.NC.HD,160,10,
Houston County,US.TX.HS,160,0,
Sutter County,US.CA.SU,160,3,
Cumberland County,US.TN.CU,159,3,
McCracken County,US.KY.MK,159,3,
Huron County,US.OH.HU,159,1,
Warren County,US.NC.WR,159,5,
Dickson County,US.TN.DI,159,0,
St. Croix County,US.WI.SI,158,1,
Herkimer County,US.NY.HE,158,3,
Osage County,US.OK.OS,158,8,
El Dorado County,US.CA.EL,158,0,
Walla Walla County,US.WA.WL,158,3,
Mississippi County,US.AR.MS,157,3,
St. Louis County,US.MN.ST,156,14,
Blount County,US.TN.BO,156,3,
Laurens County,US.GA.LR,156,1,
Henderson County,US.KY.HE,156,3,
Randolph County,US.AL.RA,156,9,
Monroe County,US.GA.MN,156,16,
Ben Hill County,US.GA.BL,156,1,
Iroquois County,US.IL.IR,156,5,
Randolph County,US.WV.RN,155,0,
DeKalb County,US.IN.DE,155,4,
Southampton County,US.VA.SA,155,2,
Scott County,US.IN.SC,154,6,
Martin County,US.MN.MT,154,5,
Minidoka County,US.ID.MI,153,0,
Yellowstone County,US.MT.YS,152,4,
Matagorda County,US.TX.MD,152,5,
McClain County,US.OK.ML,151,4,
Grant County,US.WI.GA,150,13,
Marathon County,US.WI.MH,150,1,
Carson City,US.NV.CA,149,5,
Yalobusha County,US.MS.YL,148,7,
Crawford County,US.AR.CW,148,0,
Bullitt County,US.KY.BI,148,4,
Carroll County,US.MS.CL,146,11,
Chenango County,US.NY.CH,146,6,
Lawrence County,US.MS.LW,146,1,
Oconee County,US.GA.OC,146,10,
Hardin County,US.KY.HN,145,5,
Webster County,US.IA.WE,145,1,
Waller County,US.TX.WR,145,0,
Cape Girardeau County,US.MO.CG,145,3,
Orange County,US.VA.OR,145,3,
Brooks County,US.GA.BO,145,11,
Kennebec County,US.ME.KE,143,9,
Colonial Heights city,US.VA.CH,143,17,
Butte County,US.CA.BU,143,2,
Jackson County,US.WV.JA,142,18,
Curry County,US.NM.CU,142,0,
Burke County,US.GA.BE,142,6,
Tioga County,US.NY.TI,142,19,
Cherokee County,US.SC.CK,142,7,
Bertie County,US.NC.BT,141,4,
Dinwiddie County,US.VA.DN,141,0,
Linn County,US.OR.LN,140,9,
Chemung County,US.NY.CM,140,3,
Creek County,US.OK.CE,140,7,
Lane County,US.OR.LE,139,3,
Polk County,US.OR.PO,139,12,
Wayne County,US.PA.WN,139,9,
White County,US.GA.WH,139,4,
St. Francois County,US.MO.SF,138,2,
Audrain County,US.MO.AU,138,1,
Box Elder County,US.UT.BE,138,1,
Putnam County,US.GA.PT,137,12,
Atkinson County,US.GA.AT,137,2,
Grayson County,US.KY.GY,137,10,
Willacy County,US.TX.WY,137,3,
Cass County,US.MI.CS,136,4,
Montgomery County,US.VA.MO,136,2,
Warren County,US.IL.WR,135,0,
Lumpkin County,US.GA.LP,135,3,
Grady County,US.OK.GD,135,5,
Caswell County,US.NC.CS,135,1,
Mercer County,US.PA.ME,135,6,
Daviess County,US.IN.DI,134,16,
Scotland County,US.NC.SC,134,0,
Stoddard County,US.MO.SD,134,8,
Lynchburg city,US.VA.LY,134,1,
Emporia city,US.VA.EM,133,10,
Boone County,US.IA.BO,133,1,
Dawson County,US.GA.DW,133,3,
Kenai Peninsula Borough,US.AK.KN,133,2,
Orange County,US.IN.OR,133,23,
Fairbanks North Star Borough,US.AK.FA,133,2,
Delaware County,US.OK.DL,132,16,
Phillips County,US.AR.PH,132,3,
Henry County,US.AL.HE,132,4,
Lonoke County,US.AR.LO,132,1,
Cottonwood County,US.MN.CT,131,0,
Cass County,US.MO.CS,130,8,
Talbot County,US.MD.TA,130,4,
Portage County,US.WI.PT,130,0,
Banks County,US.GA.BS,130,0,
Crawford County,US.OH.CF,130,6,
Cook County,US.GA.CO,130,1,
Adams County,US.WA.AD,130,0,
Oldham County,US.KY.OL,129,6,
Humboldt County,US.CA.HU,129,4,
Lanier County,US.GA.LI,129,3,
Nicollet County,US.MN.NI,128,12,
Livingston County,US.NY.LI,128,4,
Caroline County,US.VA.CI,128,4,
Tattnall County,US.GA.TT,128,0,
Franklin County,US.KY.FR,128,4,
Ottawa County,US.OH.OT,127,23,
Effingham County,US.GA.EF,127,1,
Cass County,US.IL.CS,127,1,
Wilcox County,US.GA.WC,126,15,
Morgan County,US.IL.MG,126,3,
Crenshaw County,US.AL.CA,125,3,
Anson County,US.NC.AN,125,1,
Stokes County,US.NC.SO,125,1,
Franklin County,US.IN.FR,124,8,
Knox County,US.IL.KX,124,0,
Wayne County,US.IN.WY,124,6,
Monroe County,US.IL.MR,123,13,
Lavaca County,US.TX.LA,123,1,
Perry County,US.MO.PR,123,0,
Clarke County,US.IA.CK,123,2,
Cattaraugus County,US.NY.CG,123,6,
Teton County,US.WY.TE,123,1,
Chautauqua County,US.NY.CQ,123,3,
Maui County,US.HI.MA,123,6,
Allamakee County,US.IA.AL,123,4,
Kittitas County,US.WA.KT,122,0,
Webster County,US.MS.WE,122,10,
Isabella County,US.MI.IB,122,8,
Otsego County,US.MI.OS,122,10,
Washington County,US.OH.WS,122,20,
Douglas County,US.KS.DG,121,0,
Jasper County,US.SC.JA,121,3,
Union County,US.SD.UN,121,1,
Washington County,US.TN.WI,121,0,
Martin County,US.NC.MR,120,4,
Tazewell County,US.IL.TA,120,7,
Steuben County,US.IN.SE,120,2,
Chicot County,US.AR.CT,120,3,
Pulaski County,US.MO.PA,120,1,
Goochland County,US.VA.GO,119,6,
Clay County,US.IA.CY,119,0,
Montgomery County,US.NY.MT,118,4,
Monroe County,US.TN.MR,118,4,
Alpena County,US.MI.AP,118,11,
Louisa County,US.VA.LI,118,1,
Perry County,US.IN.PE,118,7,
Natrona County,US.WY.NA,118,1,
Perry County,US.AL.PE,117,0,
Goodhue County,US.MN.GO,117,8,
Pecos County,US.TX.PE,117,0,
Burnet County,US.TX.BT,117,3,
Cabell County,US.WV.CB,117,0,
Camp County,US.TX.CP,117,1,
Mahaska County,US.IA.MK,117,16,
Henderson County,US.TX.HD,117,4,
Pettis County,US.MO.PS,116,1,
Bryan County,US.GA.BY,116,5,
Hancock County,US.MS.HN,116,13,
Tippah County,US.MS.TP,116,11,
Itawamba County,US.MS.IT,115,8,
West Carroll Parish,US.LA.WC,115,5,
Elko County,US.NV.EL,115,1,
Sandusky County,US.OH.SA,115,13,
Liberty County,US.GA.LB,114,1,
Platte County,US.MO.PT,114,6,
York County,US.VA.YO,114,3,
Greene County,US.AR.GE,114,0,
Madison County,US.KY.MD,114,1,
Gray County,US.TX.GY,114,4,
Yamhill County,US.OR.YA,114,8,
Claiborne Parish,US.LA.CI,114,11,
Lawrence County,US.TN.LW,113,4,
Berrien County,US.GA.BN,113,0,
Williamson County,US.IL.WS,113,4,
Macon County,US.GA.MC,113,9,
Morrow County,US.OH.MW,113,1,
Cayuga County,US.NY.CY,113,2,
Camden County,US.GA.CD,113,2,
Stewart County,US.GA.SW,112,3,
Trempealeau County,US.WI.TR,112,0,
Adair County,US.OK.AD,112,4,
Winona County,US.MN.WN,112,15,
Ripley County,US.IN.RI,112,7,
Johnson County,US.MO.JO,112,0,
Lamar County,US.GA.LM,112,6,
Putnam County,US.OH.PU,112,15,
Iosco County,US.MI.IC,112,10,
Adair County,US.KY.AD,111,19,
Hardin County,US.OH.HD,111,12,
Humphreys County,US.MS.HU,111,9,
Vernon Parish,US.LA.VN,111,7,
Juniata County,US.PA.JU,111,5,
Wayne County,US.WV.WA,111,9,
Fayette County,US.PA.FA,111,4,
Miller County,US.AR.ML,111,2,
Montgomery County,US.MS.MT,111,2,
Klamath County,US.OR.KL,111,0,
Washington County,US.FL.WS,110,12,
Choctaw County,US.OK.CA,110,1,
Pemiscot County,US.MO.PM,110,6,
Calhoun County,US.MS.CN,110,4,
Lyon County,US.NV.LY,110,2,
Bedford County,US.VA.BF,109,3,
Telfair County,US.GA.TF,109,3,
San Patricio County,US.TX.SP,109,0,
Nottoway County,US.VA.NY,109,2,
Fluvanna County,US.VA.FV,109,6,
Nevada County,US.CA.NE,108,1,
Sullivan County,US.MO.SV,108,0,
Val Verde County,US.TX.VL,108,0,
Pittsylvania County,US.VA.PS,108,1,
Concordia Parish,US.LA.CR,107,6,
Bonneville County,US.ID.BV,107,1,
Carroll County,US.IN.CO,107,2,
Jackson County,US.KS.JA,107,1,
Muskogee County,US.OK.MO,106,11,
Jackson County,US.OR.JA,106,0,
Wabash County,US.IN.WB,106,2,
Jasper County,US.IN.JS,106,2,
Lea County,US.NM.LE,106,0,
Jefferson County,US.IL.JF,106,17,
Polk County,US.TX.PK,106,0,
Waupaca County,US.WI.WP,106,6,
Penobscot County,US.ME.PE,105,2,
Emanuel County,US.GA.EM,105,3,
Valencia County,US.NM.VA,105,2,
Red River County,US.TX.RV,105,10,
Jim Wells County,US.TX.JW,105,0,
Shasta County,US.CA.SH,105,4,
Cherokee County,US.TX.CK,105,2,
Person County,US.NC.PN,104,1,
Franklin County,US.VT.FR,104,6,
Poweshiek County,US.IA.PW,104,8,
Jessamine County,US.KY.JS,104,0,
Westmoreland County,US.VA.WM,104,2,
Jackson County,US.KY.JA,104,13,
Caldwell Parish,US.LA.CW,103,1,
Calumet County,US.WI.CA,103,2,
Abbeville County,US.SC.AB,103,0,
San Augustine County,US.TX.SG,103,7,
Clinch County,US.GA.CC,103,3,
Coffee County,US.TN.CF,103,0,
Sauk County,US.WI.SU,102,3,
Brunswick County,US.VA.BU,102,1,
Jeff Davis County,US.GA.JF,102,2,
Crow Wing County,US.MN.CW,102,12,
Saguache County,US.CO.SG,102,2,
Indiana County,US.PA.IN,102,6,
Lawrence County,US.PA.LW,102,9,
Shelby County,US.IA.SH,102,0,
Washington County,US.AL.WS,101,6,
Nevada County,US.AR.NV,101,2,
La Plata County,US.CO.LA,101,1,
Clinton County,US.NY.CL,101,4,
Jefferson Davis County,US.MS.JD,101,4,
Ross County,US.OH.RO,100,2,
McDonough County,US.IL.MU,100,15,
Pine County,US.MN.PN,99,0,
Lauderdale County,US.TN.LU,99,2,
Lawrence County,US.AR.LW,99,9,
Elbert County,US.GA.EL,99,0,
Pottawatomie County,US.OK.PT,99,4,
Auglaize County,US.OH.AU,98,3,
Clark County,US.KY.CK,98,5,
Peach County,US.GA.PH,98,9,
Washington County,US.ID.WA,98,0,
Gilchrist County,US.FL.GI,97,0,
Greene County,US.GA.GE,97,9,
Barry County,US.MI.BR,97,2,
Lee County,US.IL.LE,97,2,
King George County,US.VA.KG,97,4,
Jefferson County,US.OR.JE,97,0,
Lawrence County,US.AL.LW,97,0,
Malheur County,US.OR.ML,96,1,
Jackson County,US.NC.JA,96,1,
Lincoln County,US.MO.LO,96,1,
Fayette County,US.IN.FA,95,7,
Bannock County,US.ID.BO,95,1,
Wyoming County,US.NY.WM,95,5,
Jenkins County,US.GA.JK,95,11,
Windham County,US.VT.WH,94,3,
Nye County,US.NV.NY,94,3,
Fannin County,US.GA.FN,94,1,
Newton County,US.IN.NE,93,10,
Nez Perce County,US.ID.NE,93,19,
Tallahatchie County,US.MS.TL,93,2,
Pitkin County,US.CO.PI,93,2,
Jefferson County,US.GA.JR,93,1,
Bailey County,US.TX.BY,93,1,
Rio Arriba County,US.NM.RI,93,1,
Gratiot County,US.MI.GT,92,13,
Dunklin County,US.MO.DU,92,3,
Dodge County,US.GA.DG,92,2,
Chisago County,US.MN.CG,92,1,
Bamberg County,US.SC.BM,91,1,
Jefferson County,US.TN.JE,91,0,
Washington County,US.GA.WG,91,1,
Delaware County,US.NY.DE,91,4,
Kay County,US.OK.KA,91,7,
Manitowoc County,US.WI.MW,91,1,
La Salle Parish,US.LA.LA,91,0,
Prentiss County,US.MS.PN,91,3,
Atascosa County,US.TX.AT,90,2,
Adair County,US.MO.AD,90,0,
Union County,US.PA.UN,90,2,
Wise County,US.TX.WE,90,5,
Anderson County,US.TN.AN,90,2,
Gibson County,US.TN.GB,90,1,
Mesa County,US.CO.ME,89,0,
Screven County,US.GA.SR,89,6,
Wilkinson County,US.MS.WK,89,9,
Pulaski County,US.KY.PU,89,2,
Pickens County,US.GA.PE,89,5,
Madison County,US.GA.MD,89,4,
McDuffie County,US.GA.MU,89,6,
St. Helena Parish,US.LA.SH,89,1,
Hardin County,US.TN.HI,89,5,
Green County,US.WI.GN,88,1,
Haywood County,US.NC.HW,88,0,
Otter Tail County,US.MN.OT,88,1,
Mississippi County,US.MO.MI,88,0,
Pike County,US.GA.PK,88,3,
Hood River County,US.OR.HO,88,0,
Cerro Gordo County,US.IA.CG,88,1,
Oglethorpe County,US.GA.OG,88,7,
Lafayette County,US.MO.LF,87,2,
Hawaii County,US.HI.HA,87,0,
Glenn County,US.CA.GL,87,0,
Johnson County,US.GA.JH,87,2,
Clinton County,US.IA.CN,87,1,
Colorado County,US.TX.CO,87,0,
Obion County,US.TN.OB,87,2,
Somerset County,US.MD.SO,86,3,
Ohio County,US.WV.OH,86,1,
Perry County,US.PA.PE,86,5,
Bremer County,US.IA.BR,86,6,
Wilson County,US.TX.WS,86,5,
Montcalm County,US.MI.MC,86,1,
Brantley County,US.GA.BA,85,2,
Cross County,US.AR.CO,85,1,
Graham County,US.AZ.GA,85,2,
Bryan County,US.OK.BR,85,1,
Laurel County,US.KY.LU,85,3,
Jefferson County,US.NY.JE,85,0,
Monroe County,US.OH.ME,85,17,
Brewster County,US.TX.BS,85,0,
Dallam County,US.TX.DL,84,1,
Grayson County,US.VA.GY,84,2,
Thurston County,US.NE.TU,84,1,
Alexander County,US.NC.AE,84,0,
Des Moines County,US.IA.DS,84,2,
Cleburne County,US.AR.CB,84,4,
Otsego County,US.NY.OO,84,4,
Columbia County,US.AR.CI,84,3,
Oglala Lakota County,US.SD.SH,84,0,
White County,US.AR.WH,84,1,
Barren County,US.KY.BN,84,2,
Grafton County,US.NH.GR,84,1,
Henry County,US.IL.HY,83,1,
Chaves County,US.NM.CH,83,2,
Sullivan County,US.TN.SL,83,2,
Adams County,US.IL.AD,83,1,
Greene County,US.MS.GE,83,7,
Calhoun County,US.SC.CH,82,1,
Bradford County,US.FL.BA,82,2,
Carter County,US.OK.CR,82,1,
Benton County,US.OR.BE,82,5,
Payette County,US.ID.PA,82,2,
Fannin County,US.TX.FI,82,7,
Grant Parish,US.LA.GR,82,1,
Humboldt County,US.NV.HU,82,4,
Chippewa County,US.WI.CH,82,0,
Tunica County,US.MS.TU,82,3,
Scott County,US.KY.SC,82,0,
Delta County,US.CO.DT,82,1,
Howard County,US.AR.HW,82,1,
Sweetwater County,US.WY.SW,82,0,
Bedford County,US.PA.BO,81,3,
Carlton County,US.MN.CL,81,0,
Henry County,US.IA.HE,81,3,
Belknap County,US.NH.BE,81,1,
Saline County,US.KS.SA,81,2,
Morton County,US.ND.MR,81,2,
O'Brien County,US.IA.OB,80,1,
Jefferson County,US.MS.JF,80,3,
Milam County,US.TX.MI,80,1,
Clay County,US.SD.CY,80,0,
Fayette County,US.TX.FT,80,2,
Wood County,US.TX.WO,80,5,
Danville City,US.VA.DA,80,2,
Columbia County,US.WI.CO,80,1,
Amite County,US.MS.AM,80,2,
Wood County,US.WV.WO,79,2,
Calloway County,US.KY.CW,79,1,
Big Horn County,US.MT.BI,79,3,
McLeod County,US.MN.MC,79,0,
Dodge County,US.MN.DD,79,0,
Carroll County,US.IA.CL,79,1,
Polk County,US.MN.PL,79,2,
Yankton County,US.SD.YA,78,0,
Van Zandt County,US.TX.VN,78,3,
Mayes County,US.OK.MY,78,4,
Whitley County,US.IN.WL,78,4,
Marion County,US.GA.MR,78,2,
Chaffee County,US.CO.CA,78,19,
Sabine Parish,US.LA.SB,77,1,
Cambria County,US.PA.CI,77,3,
Powhatan County,US.VA.PH,77,2,
Union County,US.OH.UN,77,1,
Waynesboro city,US.VA.WS,77,0,
Beaufort County,US.NC.BA,77,0,
Le Sueur County,US.MN.LU,77,1,
Taylor County,US.IA.TY,77,0,
Hocking County,US.OH.HC,76,7,
Mendocino County,US.CA.MI,76,0,
Pike County,US.KY.PI,76,2,
Carteret County,US.NC.CE,76,3,
Calhoun County,US.FL.CA,76,6,
Jefferson County,US.OH.JE,76,2,
Wilkinson County,US.GA.WI,76,8,
Matanuska-Susitna Borough,US.AK.MA,75,1,
Randolph County,US.IN.RA,75,4,
Shawano County,US.WI.SA,75,0,
Simpson County,US.KY.SI,75,3,
Barnwell County,US.SC.BN,75,1,
Butler County,US.MO.BE,75,0,
Clinton County,US.PA.CN,75,4,
Emmet County,US.IA.EM,75,0,
Preston County,US.WV.PR,74,2,
Castro County,US.TX.AS,74,1,
Burleson County,US.TX.BU,74,0,
Greene County,US.TN.GE,74,2,
Pulaski County,US.IL.PL,74,0,
Taylor County,US.FL.TA,74,0,
Cherokee County,US.OK.CK,74,1,
Chippewa County,US.MN.CP,74,1,
Saunders County,US.NE.SU,74,2,
Wayne County,US.TN.WY,74,0,
Edmonson County,US.KY.ED,74,11,
Muskingum County,US.OH.MU,74,1,
Armstrong County,US.PA.AR,73,6,
Botetourt County,US.VA.BO,73,4,
Rutland County,US.VT.RU,73,1,
Union County,US.SC.UN,73,0,
Rio Grande County,US.CO.RG,73,2,
Andrews County,US.TX.AR,73,0,
Franklin County,US.TN.FR,73,3,
Montour County,US.PA.MO,73,0,
Stark County,US.ND.SR,73,2,
Luna County,US.NM.LU,73,2,
Edgefield County,US.SC.ED,73,2,
Routt County,US.CO.RT,72,6,
Kerr County,US.TX.KR,72,1,
Cole County,US.MO.CE,72,2,
Calhoun County,US.TX.CU,72,3,
Martinsville city,US.VA.MR,72,1,
Polk County,US.NC.PO,72,4,
Buffalo County,US.SD.BF,72,1,
Polk County,US.AR.PL,72,0,
Clearfield County,US.PA.CF,72,0,
Cherokee County,US.IA.CE,71,0,
Blair County,US.PA.BL,71,1,
Bennington County,US.VT.BE,71,1,
Franklin County,US.IA.FN,71,0,
Cedar County,US.IA.CD,71,1,
Choctaw County,US.MS.CW,71,4,
Uvalde County,US.TX.UV,70,1,
Lafayette County,US.WI.LF,70,0,
Crowley County,US.CO.CR,70,1,
Fairfax city,US.VA.FC,70,7,
Montezuma County,US.CO.MZ,70,3,
Charles Mix County,US.SD.CH,70,0,
Clark County,US.WI.CL,70,6,
Cherokee County,US.AL.CH,70,7,
Coshocton County,US.OH.CS,70,0,
Pocahontas County,US.IA.PC,69,1,
Seneca County,US.NY.SC,69,1,
Nelson County,US.KY.NE,69,1,
Talbot County,US.GA.TB,69,2,
Hancock County,US.OH.HN,69,1,
Lamar County,US.AL.LM,69,1,
Reno County,US.KS.RN,69,0,
Erath County,US.TX.ER,69,1,
Fayette County,US.AL.FA,69,1,
Hickman County,US.TN.HN,69,0,
Eddy County,US.NM.ED,69,1,
Ashley County,US.AR.AS,68,1,
Monona County,US.IA.MO,68,0,
Staunton city,US.VA.SU,68,0,
Addison County,US.VT.AD,68,2,
Missoula County,US.MT.MS,68,1,
Crawford County,US.MI.CF,68,5,
Brown County,US.TX.BN,68,10,
Haralson County,US.GA.HS,68,5,
Garvin County,US.OK.GV,68,1,
Union County,US.GA.UN,68,3,
Harrison County,US.KY.HS,68,0,
Okanogan County,US.WA.OK,67,2,
Wells County,US.IN.WE,67,1,
Cheshire County,US.NH.CH,67,2,
Austin County,US.TX.AU,67,0,
Huntington County,US.IN.HU,67,2,
Smith County,US.TN.SH,67,1,
Jasper County,US.GA.JS,66,1,
Franklin County,US.VA.FN,66,1,
Pierce County,US.WI.PI,66,0,
Greer County,US.OK.GE,66,7,
Woodford County,US.KY.WO,66,0,
Starke County,US.IN.SR,66,3,
Fayette County,US.WV.FA,66,4,
Cowley County,US.KS.CL,66,1,
Cass County,US.NE.CS,65,1,
Watauga County,US.NC.WT,65,0,
Huron County,US.MI.HU,65,3,
Hampton County,US.SC.HA,65,2,
Dixie County,US.FL.DI,65,4,
Garfield County,US.OK.GF,65,2,
Franklin County,US.KS.FR,65,0,
Marion County,US.IL.MO,65,0,
George County,US.MS.GR,65,3,
Yuba County,US.CA.YU,65,1,
Jay County,US.IN.JY,65,0,
Snyder County,US.PA.SN,65,2,
Greene County,US.VA.GE,65,1,
Vermilion County,US.IL.VE,65,2,
Fulton County,US.IN.FU,65,1,
Hardin County,US.IA.HD,65,0,
Guthrie County,US.IA.GH,64,4,
Itasca County,US.MN.IT,64,12,
Dade County,US.GA.DD,64,1,
Marquette County,US.MI.MQ,64,11,
Lewis County,US.WA.LE,64,3,
Douglas County,US.NV.DO,64,0,
Knox County,US.KY.KX,63,0,
Drew County,US.AR.DR,63,1,
Quitman County,US.MS.QU,63,0,
Wasco County,US.OR.WC,63,1,
Williams County,US.OH.WI,63,1,
Washington County,US.VA.WG,63,4,
Stutsman County,US.ND.SU,63,1,
Floyd County,US.IA.FL,63,2,
Washington County,US.IN.WS,63,1,
Jefferson County,US.IN.JF,63,1,
Jones County,US.GA.JE,62,0,
Gooding County,US.ID.GO,62,1,
Mifflin County,US.PA.MI,62,1,
Haywood County,US.TN.HY,62,2,
Tehama County,US.CA.TE,62,1,
Kendall County,US.TX.KD,61,0,
Somerset County,US.PA.SO,61,1,
Union County,US.FL.UN,61,2,
Gallatin County,US.KY.GL,61,7,
Brookings County,US.SD.BK,61,0,
White County,US.TN.WH,61,3,
Monroe County,US.WI.MO,61,1,
Harrison County,US.WV.HR,61,1,
Morrow County,US.OR.MO,61,2,
Boyd County,US.KY.BD,61,3,
Camden County,US.MO.CM,60,1,
Tishomingo County,US.MS.TS,60,1,
Clinton County,US.OH.CI,60,0,
Isanti County,US.MN.IS,60,0,
Ward County,US.ND.WR,60,1,
Marshall County,US.TN.MS,60,1,
Geneva County,US.AL.GE,60,0,
Red River Parish,US.LA.RE,60,8,
Sac County,US.IA.SA,60,0,
Preble County,US.OH.PR,59,1,
Allegany County,US.NY.AL,59,2,
Pottawatomie County,US.KS.PT,59,0,
Lawrence County,US.OH.LW,59,0,
Lyman County,US.SD.LY,59,0,
Hill County,US.TX.HI,59,1,
Okmulgee County,US.OK.OM,59,0,
Socorro County,US.NM.SO,59,5,
Grundy County,US.TN.GU,59,1,
Greenbrier County,US.WV.GE,59,1,
Clay County,US.IN.CY,59,4,
Klickitat County,US.WA.KL,59,3,
McPherson County,US.KS.MP,58,0,
Bleckley County,US.GA.BK,58,1,
Guernsey County,US.OH.GU,58,3,
Douglas County,US.MN.DU,58,0,
Windsor County,US.VT.WS,58,2,
Schoharie County,US.NY.SO,58,2,
Marion County,US.IA.MI,58,0,
Knox County,US.IN.KN,58,0,
Hamilton County,US.NE.HM,58,11,
Meeker County,US.MN.ME,57,1,
Roosevelt County,US.NM.RO,57,1,
Grant County,US.KY.GT,57,4,
Poinsett County,US.AR.PN,57,3,
Fulton County,US.OH.FU,57,0,
Gentry County,US.MO.GT,57,9,
Wayne County,US.GA.WY,57,0,
Morrison County,US.MN.MR,57,1,
Clay County,US.GA.CY,57,2,
Hutchinson County,US.TX.UT,57,0,
Pittsburg County,US.OK.PI,57,3,
Marion County,US.TN.MI,57,4,
New Kent County,US.VA.NK,57,1,
Codington County,US.SD.CD,57,0,
Perry County,US.KY.PR,57,1,
Wyandot County,US.OH.WD,57,4,
Falls Church city,US.VA.FU,56,7,
Elbert County,US.CO.EB,56,2,
DeWitt County,US.TX.DE,56,1,
Hart County,US.GA.HT,56,0,
Irwin County,US.GA.IR,56,1,
Todd County,US.SD.TO,56,1,
Oconto County,US.WI.OC,56,0,
Clark County,US.AR.CK,56,0,
Chattooga County,US.GA.CG,56,2,
Logan County,US.OH.LG,56,0,
Marion County,US.WV.MI,56,2,
Shelby County,US.OH.SH,56,4,
Bradford County,US.PA.BF,56,3,
Perry County,US.MS.PY,56,4,
Essex County,US.VA.ES,56,0,
Lee County,US.TX.LE,56,3,
Labette County,US.KS.LB,55,0,
Benton County,US.IA.BN,55,1,
Warren County,US.TN.WR,55,0,
Waldo County,US.ME.WL,55,14,
Kewaunee County,US.WI.KW,55,1,
Lincoln County,US.NE.LI,55,2,
Marshall County,US.KY.MH,55,2,
Williamsburg City,US.VA.WL,55,6,
Campbell County,US.WY.CM,55,0,
Coosa County,US.AL.CS,55,1,
Waseca County,US.MN.WE,55,0,
Stephens County,US.OK.ST,55,1,
Mineral County,US.WV.ML,55,3,
Custer County,US.OK.CU,55,0,
Pulaski County,US.IN.PL,55,1,
Baker County,US.FL.BK,55,4,
Becker County,US.MN.BC,54,0,
Hopkins County,US.TX.HP,54,0,
Clay County,US.AR.CY,54,3,
Carroll County,US.NH.CA,54,0,
Barton County,US.KS.BT,54,2,
Butler County,US.KS.BU,54,0,
Independence County,US.AR.IN,54,0,
Jackson County,US.MN.JA,54,0,
Wakulla County,US.FL.WK,54,1,
Coffey County,US.KS.CF,53,8,
Crawford County,US.PA.CW,53,0,
Flathead County,US.MT.FL,53,2,
Unicoi County,US.TN.UC,53,0,
Ochiltree County,US.TX.OC,53,2,
Marinette County,US.WI.MT,53,3,
Brown County,US.OH.BR,53,1,
Rush County,US.IN.RU,53,3,
Sharp County,US.AR.SH,53,4,
Clay County,US.KY.CY,53,3,
Wilkes County,US.GA.WS,53,1,
Alcorn County,US.MS.AL,53,1,
Pawnee County,US.OK.PW,53,2,
McNairy County,US.TN.MA,52,0,
Elmore County,US.ID.EL,52,2,
Putnam County,US.WV.PU,52,0,
Ashe County,US.NC.AS,52,1,
Kleberg County,US.TX.KL,52,1,
Lincoln County,US.TN.LI,52,0,
Salem city,US.VA.SE,51,3,
Hughes County,US.SD.HG,51,0,
Osceola County,US.IA.OS,51,0,
Overton County,US.TN.OV,51,0,
Yuma County,US.CO.YU,51,0,
Jasper County,US.TX.JR,51,1,
Swain County,US.NC.SW,51,0,
Lake County,US.CA.LK,51,0,
Butler County,US.NE.BE,51,0,
Macoupin County,US.IL.MP,51,3,
Jones County,US.IA.JN,51,0,
Seminole County,US.GA.SI,50,2,
Jefferson County,US.IA.JE,50,0,
Monroe County,US.IA.MR,50,6,
Pennington County,US.MN.PI,50,0,
Del Norte County,US.CA.DE,50,0,
Crane County,US.TX.CR,50,8,
McIntosh County,US.OK.MI,50,1,
Lake County,US.CO.LK,50,0,
Cumberland County,US.VA.CU,50,0,
Gage County,US.NE.GG,50,4,
Moniteau County,US.MO.ME,49,1,
Weakley County,US.TN.WE,49,1,
Pulaski County,US.GA.PL,49,2,
Carter County,US.TN.CT,49,1,
Clatsop County,US.OR.CT,49,0,
Clarke County,US.VA.CK,49,0,
Murray County,US.MN.MU,49,0,
Morgan County,US.GA.MO,49,0,
Andrew County,US.MO.AN,49,0,
Harrison County,US.IA.HR,49,0,
Perry County,US.IL.PY,49,0,
Wythe County,US.VA.WY,49,1,
Halifax County,US.VA.HL,49,1,
Marion County,US.KY.MN,49,0,
Douglas County,US.IL.DO,48,0,
Stone County,US.MS.ST,48,1,
Allendale County,US.SC.AL,48,3,
Hempstead County,US.AR.HE,48,1,
Taney County,US.MO.TA,48,2,
Cocke County,US.TN.CE,48,0,
Carroll County,US.OH.CO,48,3,
Faribault County,US.MN.FA,48,0,
Kearny County,US.KS.KE,48,1,
Dukes County,US.MA.DU,48,0,
Heard County,US.GA.HD,48,3,
Hood County,US.TX.HO,48,4,
Raleigh County,US.WV.RL,48,0,
Mason County,US.WA.MA,47,1,
Conway County,US.AR.CN,47,3,
Franklin city,US.VA.FR,47,2,
Meade County,US.SD.MD,47,1,
Jefferson County,US.FL.JE,47,4,
DeKalb County,US.TN.DE,47,0,
Wood County,US.WI.WO,47,1,
Mountrail County,US.ND.MU,47,0,
Montgomery County,US.KY.MM,47,0,
Iowa County,US.IA.IO,47,0,
Ottawa County,US.OK.OT,47,2,
Miller County,US.GA.ML,47,0,
Lee County,US.IA.LE,46,1,
Washington County,US.NE.WS,46,1,
Jasper County,US.IL.JS,46,7,
Upshur County,US.TX.US,46,0,
Randolph County,US.AR.RA,46,1,
Polk County,US.WI.PL,46,1,
Logan County,US.AR.LG,46,0,
Wheeler County,US.GA.WL,46,0,
Ashland County,US.OH.AL,46,1,
Humboldt County,US.IA.HU,46,1,
Cortland County,US.NY.CD,46,1,
Hidalgo County,US.NM.HI,46,0,
Benton County,US.IN.BE,46,0,
Sevier County,US.UT.SE,46,0,
Dixon County,US.NE.DI,46,2,
Howard County,US.NE.HW,46,4,
Hancock County,US.IA.HN,45,0,
Hawkins County,US.TN.HW,45,2,
Charlton County,US.GA.CT,45,2,
Sullivan County,US.IN.SU,45,1,
Barry County,US.MO.BR,45,0,
Zapata County,US.TX.ZP,45,0,
Mason County,US.MI.MN,45,0,
Gloucester County,US.VA.GL,45,1,
Giles County,US.TN.GL,45,0,
Limestone County,US.TX.LO,45,1,
Defiance County,US.OH.DF,45,3,
Dawson County,US.TX.DW,45,1,
Sanpete County,US.UT.SP,45,0,
Yates County,US.NY.YA,45,6,
Fayette County,US.OH.FY,45,0,
City and Borough of Juneau,US.AK.JU,44,0,
Adams County,US.IN.AD,44,1,
Washington County,US.CO.WA,44,0,
Grand Traverse County,US.MI.GN,44,5,
Callaway County,US.MO.CA,44,1,
Sanilac County,US.MI.SL,44,6,
Desha County,US.AR.DE,44,0,
Logan County,US.OK.LG,43,1,
Christian County,US.IL.CI,43,4,
Dare County,US.NC.DE,43,1,
Baker County,US.GA.BR,43,3,
Livingston County,US.IL.LI,43,2,
Buchanan County,US.IA.BC,43,1,
Door County,US.WI.DO,43,3,
Owen County,US.IN.OW,43,1,
Roane County,US.TN.RA,43,0,
Bee County,US.TX.BE,43,0,
Marshall County,US.WV.MH,43,0,
Yancey County,US.NC.YN,43,0,
Madison County,US.VA.MD,43,1,
Campbell County,US.VA.CM,43,1,
Hardy County,US.WV.HD,43,0,
Highland County,US.OH.HI,43,1,
Sibley County,US.MN.SI,43,2,
Torrance County,US.NM.TO,42,1,
Bradley County,US.AR.BR,42,2,
Amelia County,US.VA.AI,42,1,
Butler County,US.IA.BE,42,2,
King William County,US.VA.KW,42,0,
Essex County,US.NY.ES,42,0,
Jo Daviess County,US.IL.JO,42,1,
Patrick County,US.VA.PK,42,1,
Delaware County,US.IA.DA,41,1,
Washington County,US.VT.WA,41,1,
Christian County,US.MO.CT,41,0,
Richland County,US.ND.RI,41,0,
Teller County,US.CO.TE,41,2,
Calhoun County,US.IA.CO,41,0,
Roberts County,US.SD.RO,41,0,
Franklin County,US.TX.FK,41,0,
York County,US.NE.YO,41,0,
Hampshire County,US.WV.HM,41,1,
Montgomery County,US.IL.MT,41,1,
Rabun County,US.GA.RB,41,3,
Russell County,US.KY.RU,40,4,
Taos County,US.NM.TA,40,1,
Cameron Parish,US.LA.CM,40,0,
Mono County,US.CA.MO,40,1,
Warren County,US.MO.WR,40,0,
Henry County,US.TN.HR,40,0,
Coos County,US.OR.CO,40,0,
Jackson County,US.TX.JA,40,1,
Custer County,US.NE.CU,40,4,
Webster County,US.KY.WE,40,0,
Davison County,US.SD.DV,39,0,
Charles City County,US.VA.CC,39,3,
Jerauld County,US.SD.JE,39,1,
Appomattox County,US.VA.AP,39,0,
Crawford County,US.GA.CW,39,0,
Greene County,US.PA.GR,39,0,
Lyon County,US.IA.LY,39,0,
Franklin County,US.ME.FR,39,1,
Grant County,US.KS.GT,39,1,
Washakie County,US.WY.WA,39,5,
Hart County,US.KY.HT,39,0,
Arenac County,US.MI.AR,39,2,
Pulaski County,US.VA.PU,39,2,
Clayton County,US.IA.CT,38,3,
Otero County,US.NM.OT,38,6,
Douglas County,US.OR.DO,38,0,
Dunn County,US.WI.DN,38,0,
Knox County,US.OH.KN,38,1,
Brown County,US.IN.BR,38,1,
Towns County,US.GA.TW,38,1,
Little River County,US.AR.LT,38,0,
Boyle County,US.KY.BE,38,0,
Washington County,US.NC.WI,38,3,
Taylor County,US.KY.TA,38,1,
Carroll County,US.TN.CR,38,1,
Forest County,US.WI.FR,38,3,
Polk County,US.TN.PO,38,0,
Northumberland County,US.VA.NU,38,1,
Merrick County,US.NE.ME,38,0,
New Madrid County,US.MO.NW,38,1,
Wyoming County,US.PA.WM,37,7,
Pontotoc County,US.OK.PN,37,2,
Whitman County,US.WA.WI,37,0,
Noble County,US.OK.NB,37,0,
Geary County,US.KS.GE,37,1,
Jefferson County,US.WA.JE,37,0,
Champaign County,US.OH.CH,37,1,
Kauai County,US.HI.KU,37,0,
Carroll County,US.KY.CL,37,0,
Cass County,US.TX.CS,37,2,
Long County,US.GA.LG,37,1,
Park County,US.WY.PA,37,0,
Davis County,US.IA.DV,37,1,
Morris County,US.TX.MR,37,0,
Fremont County,US.CO.FR,36,0,
Madison County,US.IA.MD,36,2,
Clallam County,US.WA.CL,36,0,
Hockley County,US.TX.HC,36,1,
Lamb County,US.TX.LB,36,0,
Perquimans County,US.NC.PQ,36,2,
Mercer County,US.WV.MR,36,0,
Seminole County,US.OK.SM,36,3,
Bingham County,US.ID.BG,36,0,
Spencer County,US.KY.SP,36,0,
Howell County,US.MO.HW,36,0,
Lincoln County,US.ID.LI,36,0,
Pike County,US.MO.PI,36,1,
Lincoln County,US.GA.LC,36,1,
San Miguel County,US.CO.SM,36,0,
Clay County,US.AL.CY,35,2,
Jackson County,US.OK.JA,35,3,
Oxford County,US.ME.OX,35,0,
Cooke County,US.TX.OO,35,0,
Clarion County,US.PA.CL,35,2,
Robertson County,US.TX.RO,35,0,
Amherst County,US.VA.AH,35,0,
Blackford County,US.IN.BL,35,2,
Cuming County,US.NE.CM,35,0,
Jones County,US.NC.JN,35,3,
Jersey County,US.IL.JR,35,1,
Monroe County,US.KY.MO,35,1,
Lander County,US.NV.LA,35,0,
Smyth County,US.VA.SM,35,1,
Wabaunsee County,US.KS.WB,34,0,
Van Buren County,US.AR.VA,34,2,
Clark County,US.KS.CA,34,0,
Owyhee County,US.ID.OW,34,0,
Nowata County,US.OK.NW,34,1,
Johnson County,US.TN.JO,34,0,
Grant County,US.AR.GN,34,0,
Aurora County,US.SD.AU,34,0,
Howard County,US.TX.HW,34,1,
Barron County,US.WI.BR,34,0,
Franklin County,US.MS.FR,34,2,
Scioto County,US.OH.SC,34,0,
Sagadahoc County,US.ME.SA,34,0,
Woodford County,US.IL.WO,33,2,
Seward County,US.NE.SA,33,1,
Henry County,US.KY.HY,33,2,
Crawford County,US.WI.CR,33,0,
Mason County,US.TX.MA,33,0,
Madison County,US.ID.MA,33,0,
Cherokee County,US.NC.CO,33,1,
Nolan County,US.TX.NO,33,0,
Gillespie County,US.TX.GL,33,0,
Calaveras County,US.CA.CA,32,0,
Trinity County,US.TX.TR,32,0,
Scurry County,US.TX.SU,32,0,
Meigs County,US.TN.ME,32,0,
Ogemaw County,US.MI.OG,32,2,
Candler County,US.GA.CR,32,0,
Kalkaska County,US.MI.KK,32,2,
Sequoyah County,US.OK.SQ,32,3,
Albany County,US.WY.AL,32,0,
Gibson County,US.IN.GI,32,2,
Williams County,US.ND.WI,32,0,
Mille Lacs County,US.MN.MI,32,1,
Mills County,US.IA.ML,32,0,
Hamilton County,US.KS.HM,32,0,
Kossuth County,US.IA.KO,32,0,
Vernon County,US.WI.VE,32,0,
Juneau County,US.WI.JU,32,1,
Green Lake County,US.WI.GL,32,0,
Toole County,US.MT.TO,31,6,
Fayette County,US.IA.FT,31,0,
Seneca County,US.OH.SE,31,2,
Kit Carson County,US.CO.KT,31,3,
Swisher County,US.TX.SW,31,1,
Sullivan County,US.NH.SU,31,1,
Josephine County,US.OR.JO,31,1,
Montgomery County,US.GA.MM,31,0,
Alleghany County,US.VA.AL,31,2,
Buchanan County,US.VA.BH,31,0,
Campbell County,US.TN.CM,31,1,
San Jacinto County,US.TX.SJ,31,0,
Henderson County,US.TN.HS,31,0,
Harvey County,US.KS.HV,31,2,
Alleghany County,US.NC.AL,31,0,
Wabasha County,US.MN.WB,30,0,
Athens County,US.OH.AS,30,1,
Beaver County,US.OK.BA,30,0,
Madison County,US.TX.AD,30,0,
Tipton County,US.IN.TT,30,1,
Lafayette County,US.FL.LF,30,0,
Spencer County,US.IN.SP,30,1,
Lunenburg County,US.VA.LN,30,0,
Lamoille County,US.VT.LA,30,1,
McIntosh County,US.GA.MH,30,1,
Uintah County,US.UT.UN,30,0,
Meade County,US.KS.ME,30,0,
Sherman County,US.TX.SN,30,0,
Rockbridge County,US.VA.RB,30,0,
Stevens County,US.KS.SV,30,0,
Charlotte County,US.VA.CT,30,0,
Lawrence County,US.MO.LW,30,0,
Bourbon County,US.KY.BU,30,1,
Le Flore County,US.OK.LE,30,1,
Ford County,US.IL.FO,30,1,
Union County,US.KY.UN,29,0,
Mason County,US.KY.MS,29,0,
Lincoln County,US.OK.LI,29,2,
Lucas County,US.IA.LU,29,3,
Franklin County,US.NY.FR,29,0,
Perry County,US.AR.PY,29,0,
Iowa County,US.WI.IO,29,0,
Columbia County,US.OR.CL,29,0,
Love County,US.OK.LV,29,0,
Perry County,US.TN.PE,29,0,
Grundy County,US.IA.GN,29,0,
Mitchell County,US.NC.MI,29,0,
Mecosta County,US.MI.MT,29,2,
Millard County,US.UT.MD,29,0,
Posey County,US.IN.PS,29,0,
Rock County,US.MN.RC,29,0,
Lewis County,US.NY.LE,29,5,
Montgomery County,US.KS.MG,29,3,
Wayne County,US.NE.WY,28,0,
Greenup County,US.KY.GU,28,0,
Lynn County,US.TX.LY,28,1,
Palo Alto County,US.IA.PO,28,0,
Crawford County,US.IN.CW,28,0,
Grainger County,US.TN.GA,28,0,
Missaukee County,US.MI.MU,28,1,
Hansford County,US.TX.HF,28,2,
Crockett County,US.TN.CK,28,3,
Greene County,US.IA.GE,28,0,
Henry County,US.OH.HE,27,0,
Taylor County,US.GA.TY,27,2,
Siskiyou County,US.CA.SK,27,0,
Wise County,US.VA.WI,27,2,
Osceola County,US.MI.OE,27,0,
Gates County,US.NC.GT,27,2,
McKenzie County,US.ND.MK,27,0,
Brown County,US.MN.BR,27,2,
Fountain County,US.IN.FO,27,2,
Yellow Medicine County,US.MN.YE,27,0,
Clay County,US.NE.CL,27,0,
Somerset County,US.ME.SO,27,0,
Webster County,US.MO.WE,27,1,
Atchison County,US.KS.AT,27,0,
Park County,US.CO.PA,27,0,
Jackson County,US.AR.JA,27,0,
Cheboygan County,US.MI.CY,27,2,
Inyo County,US.CA.IN,27,1,
Donley County,US.TX.DO,27,0,
Clare County,US.MI.CE,27,3,
Kingfisher County,US.OK.KN,27,0,
Emmet County,US.MI.EM,27,2,
Beltrami County,US.MN.BT,27,0,
Floyd County,US.KY.FO,27,0,
Cascade County,US.MT.CS,27,2,
Perry County,US.OH.PE,26,1,
Gladwin County,US.MI.GL,26,1,
Grays Harbor County,US.WA.GY,26,0,
Blanco County,US.TX.BC,26,1,
Doniphan County,US.KS.DP,26,0,
Gray County,US.KS.GY,26,0,
Charlevoix County,US.MI.CV,26,2,
Sheridan County,US.WY.SH,26,0,
Marion County,US.TX.MN,26,1,
Anderson County,US.KY.AN,26,1,
Falls County,US.TX.FL,26,0,
Roscommon County,US.MI.RO,26,0,
Union County,US.IA.UN,26,0,
Ravalli County,US.MT.RA,26,0,
Lewis and Clark County,US.MT.LE,26,0,
Jefferson County,US.KS.JF,26,0,
Converse County,US.WY.CE,26,0,
Arkansas County,US.AR.AR,26,0,
Jackson County,US.WI.JA,26,1,
Meade County,US.KY.MA,25,2,
Benton County,US.MS.BE,25,0,
Whitley County,US.KY.WH,25,0,
Winneshiek County,US.IA.WH,25,0,
Fillmore County,US.MN.FI,25,0,
Custer County,US.MT.CU,25,0,
Cleveland County,US.AR.CV,25,0,
Bureau County,US.IL.BU,25,1,
Ray County,US.MO.RY,25,0,
Cleburne County,US.AL.CB,25,1,
Lincoln County,US.KY.LN,25,1,
Cannon County,US.TN.CN,25,0,
Tyler County,US.TX.TY,25,0,
Marshall County,US.OK.MH,25,0,
Morrill County,US.NE.MO,25,0,
Laclede County,US.MO.LD,25,0,
Todd County,US.KY.TO,25,0,
Schley County,US.GA.SY,24,1,
Chickasaw County,US.IA.CC,24,0,
Sequatchie County,US.TN.SQ,24,0,
Tioga County,US.PA.TI,24,2,
Knox County,US.ME.KN,24,1,
Miami County,US.KS.MI,24,0,
Turner County,US.SD.TU,24,0,
Tensas Parish,US.LA.TN,24,0,
Cherokee County,US.KS.CK,24,0,
Breckinridge County,US.KY.BC,24,2,
Sioux County,US.ND.SI,24,0,
Camden County,US.NC.CD,24,0,
Douglas County,US.WI.DG,24,0,
Pocahontas County,US.WV.PO,24,0,
Trigg County,US.KY.TG,24,0,
Nemaha County,US.KS.NM,24,0,
McLean County,US.KY.ML,24,1,
Bonner County,US.ID.BR,24,0,
Chowan County,US.NC.CW,24,0,
Renville County,US.MN.RN,24,1,
Menard County,US.IL.MN,24,0,
Mariposa County,US.CA.MP,23,1,
King and Queen County,US.VA.KA,23,1,
Tillman County,US.OK.TI,23,1,
Switzerland County,US.IN.SW,23,0,
Neosho County,US.KS.NO,23,0,
Sharkey County,US.MS.SH,23,0,
Franklin County,US.ID.FA,23,0,
Mercer County,US.KY.MC,23,0,
Aroostook County,US.ME.AR,23,1,
Haskell County,US.KS.HS,23,0,
Morgan County,US.TN.MG,23,1,
Twiggs County,US.GA.TG,23,1,
Lincoln County,US.ME.LI,23,0,
Logan County,US.WV.LO,23,1,
Phelps County,US.NE.PH,23,0,
Fayette County,US.IL.FA,23,3,
Faulk County,US.SD.FU,23,1,
Waushara County,US.WI.WS,23,0,
Jackson County,US.IA.JC,23,0,
Sabine County,US.TX.SB,23,1,
Treutlen County,US.GA.TE,23,1,
Clinton County,US.MO.CO,23,0,
Gulf County,US.FL.GU,22,0,
Jackson County,US.TN.JA,22,0,
Walsh County,US.ND.WL,22,0,
Washington County,US.KY.WS,22,0,
Parke County,US.IN.PA,22,0,
Vinton County,US.OH.VI,22,2,
Young County,US.TX.YU,22,1,
Tuolumne County,US.CA.TO,22,0,
Harlan County,US.KY.HL,22,2,
Alexander County,US.IL.AL,22,0,
Carbon County,US.WY.CB,22,1,
Hartley County,US.TX.HL,22,2,
Mason County,US.IL.MS,22,0,
Barton County,US.MO.BT,22,0,
Boone County,US.AR.BO,22,1,
Paulding County,US.OH.PA,22,0,
Hancock County,US.WV.HN,22,0,
Floyd County,US.TX.FY,22,0,
Carter County,US.KY.CR,22,0,
Martin County,US.IN.MN,22,0,
Wabash County,US.IL.WB,22,0,
Otero County,US.CO.OT,22,1,
Rowan County,US.KY.RW,22,0,
Stanton County,US.NE.ST,21,0,
Webster County,US.GA.WT,21,1,
Transylvania County,US.NC.TR,21,1,
Claiborne County,US.TN.CI,21,0,
Wexford County,US.MI.WE,21,3,
Live Oak County,US.TX.LK,21,0,
Lewis County,US.KY.LI,21,0,
Fulton County,US.KY.FU,21,0,
Amador County,US.CA.AM,21,0,
Benewah County,US.ID.BA,21,0,
Alcona County,US.MI.AC,21,1,
Van Wert County,US.OH.VA,21,0,
Carroll County,US.IL.CL,21,2,
Yoakum County,US.TX.YA,21,0,
Houston County,US.MN.HO,21,0,
San Miguel County,US.NM.SM,21,0,
Ida County,US.IA.ID,21,0,
Asotin County,US.WA.AS,21,2,
Karnes County,US.TX.KS,21,0,
Delta County,US.MI.DE,21,3,
Jefferson County,US.PA.JE,21,1,
Ketchikan Gateway Borough,US.AK.KG,21,0,
Ouachita County,US.AR.OU,21,0,
Phelps County,US.MO.PH,21,0,
Moody County,US.SD.MO,21,0,
Washington County,US.MO.WS,21,1,
Knox County,US.NE.KN,21,0,
Humphreys County,US.TN.HU,20,1,
Costilla County,US.CO.CS,20,0,
Rappahannock County,US.VA.RP,20,0,
Swift County,US.MN.SW,20,1,
Lyon County,US.KY.LY,20,3,
Mitchell County,US.IA.ME,20,0,
Prairie County,US.AR.PR,20,0,
Morgan County,US.WV.MA,20,0,
Lake County,US.SD.LK,20,1,
Page County,US.IA.PG,20,0,
Johnson County,US.WY.JO,20,1,
Wilkin County,US.MN.WL,20,3,
Boone County,US.WV.BN,20,0,
Gem County,US.ID.GE,20,0,
Appanoose County,US.IA.AP,20,3,
Winnebago County,US.IA.WB,20,0,
Adams County,US.OH.AD,20,1,
Baxter County,US.AR.BA,20,0,
Izard County,US.AR.IZ,20,1,
Johnson County,US.IL.JH,20,0,
Howard County,US.IA.HO,20,0,
Garrard County,US.KY.GR,20,0,
Pipestone County,US.MN.PS,20,1,
Pike County,US.OH.PK,20,0,
Guadalupe County,US.NM.GU,20,0,
Freestone County,US.TX.FE,20,0,
Leon County,US.TX.LN,20,0,
Grand County,US.CO.GR,19,0,
Henry County,US.MO.HE,19,3,
Hamilton County,US.TX.HM,19,1,
San Juan County,US.WA.SA,19,0,
Keokuk County,US.IA.KE,19,1,
Mercer County,US.IL.ME,19,0,
Evans County,US.GA.EV,19,0,
Lampasas County,US.TX.LP,19,0,
Prowers County,US.CO.PR,19,0,
Chester County,US.TN.CS,19,0,
Caledonia County,US.VT.CA,19,0,
Poquoson city,US.VA.PQ,19,0,
Oneida County,US.WI.ON,19,0,
Piatt County,US.IL.PA,19,0,
Stewart County,US.TN.SA,19,0,
Warren County,US.GA.WR,19,0,
Lawrence County,US.SD.LW,19,0,
Rockcastle County,US.KY.RC,19,0,
Zavala County,US.TX.ZV,19,0,
Barnes County,US.ND.BA,19,0,
Reeves County,US.TX.RE,19,0,
Norman County,US.MN.NR,19,0,
Ellis County,US.KS.EL,19,0,
Pamlico County,US.NC.PM,19,0,
Washington County,US.IL.WG,19,0,
Atoka County,US.OK.AT,19,0,
Craig County,US.OK.CG,19,0,
Carbon County,US.MT.CB,18,0,
Greenlee County,US.AZ.GE,18,1,
Jefferson County,US.ID.JF,18,0,
Hancock County,US.IL.HC,18,1,
Crawford County,US.IL.CW,18,0,
Decatur County,US.TN.DC,18,0,
Fleming County,US.KY.FE,18,0,
Murray County,US.OK.MR,18,0,
Currituck County,US.NC.CI,18,0,
Cheyenne County,US.NE.CY,18,0,
Morgan County,US.UT.MN,18,0,
Nelson County,US.VA.NL,18,0,
Brule County,US.SD.BU,18,0,
Clear Creek County,US.CO.CL,18,1,
Venango County,US.PA.VE,18,0,
Grundy County,US.MO.GU,18,0,
Antrim County,US.MI.AN,18,0,
Van Buren County,US.IA.VA,18,0,
Shelby County,US.IL.SB,18,1,
Fulton County,US.PA.FU,18,1,
Otoe County,US.NE.OT,18,0,
Grant County,US.NM.GR,18,0,
Stevens County,US.WA.ST,17,1,
Jackson County,US.OH.JA,17,0,
McCreary County,US.KY.MR,17,0,
Nodaway County,US.MO.NO,17,0,
Mingo County,US.WV.MO,17,2,
Palo Pinto County,US.TX.PO,17,2,
Audubon County,US.IA.AU,17,1,
Franklin County,US.AR.FR,17,0,
Cass County,US.IA.CS,17,0,
Montague County,US.TX.MU,17,1,
Benton County,US.MO.BN,17,0,
Ransom County,US.ND.RN,17,0,
Lake County,US.MT.LA,17,0,
Bracken County,US.KY.BK,17,0,
Hancock County,US.KY.HC,17,0,
Ste. Genevieve County,US.MO.SG,17,1,
Lewis County,US.WV.LE,17,2,
Aransas County,US.TX.AA,17,0,
Corson County,US.SD.CO,17,0,
Ripley County,US.MO.RI,17,0,
Colusa County,US.CA.CL,17,0,
Lincoln County,US.WY.LI,17,0,
Traill County,US.ND.TR,17,0,
Moultrie County,US.IL.MI,17,0,
Fentress County,US.TN.FE,16,0,
Phillips County,US.CO.PH,16,0,
Manistee County,US.MI.ME,16,0,
Day County,US.SD.DY,16,0,
Menominee County,US.MI.MM,16,0,
Vernon County,US.MO.VE,16,0,
Grant County,US.WV.GA,16,0,
Mason County,US.WV.MN,16,0,
Bourbon County,US.KS.BB,16,1,
Floyd County,US.VA.FO,16,1,
Pendleton County,US.KY.PN,16,0,
Power County,US.ID.PO,16,0,
Lafayette County,US.AR.LF,16,1,
Upshur County,US.WV.UP,16,0,
Bandera County,US.TX.BA,16,0,
Oscoda County,US.MI.OO,16,1,
Hancock County,US.ME.HA,16,1,
Scott County,US.KS.SC,16,0,
Taylor County,US.WV.TA,16,0,
Wheeler County,US.TX.WL,16,0,
Leelanau County,US.MI.LE,16,0,
Terry County,US.TX.TE,16,0,
Callahan County,US.TX.AL,16,2,
Teton County,US.ID.TE,16,0,
Montgomery County,US.MO.MM,16,0,
Juab County,US.UT.JU,15,0,
Marion County,US.MO.MO,15,0,
Thomas County,US.KS.TH,15,0,
Fulton County,US.IL.FU,15,0,
Barbour County,US.WV.BB,15,1,
Carbon County,US.UT.CR,15,0,
Letcher County,US.KY.LT,15,0,
Duval County,US.TX.DU,15,0,
Nantucket County,US.MA.NA,15,1,
Richland County,US.WI.RI,15,4,
Tripp County,US.SD.TR,15,0,
Middlesex County,US.VA.MI,15,0,
Casey County,US.KY.CS,15,0,
Linn County,US.MO.LN,15,1,
Larue County,US.KY.LR,15,1,
McKean County,US.PA.MC,15,1,
Quitman County,US.GA.QU,15,1,
Tazewell County,US.VA.TA,15,0,
Clark County,US.IL.CK,15,0,
Potter County,US.PA.PO,15,0,
Wadena County,US.MN.WD,15,0,
Presidio County,US.TX.PS,15,0,
Adams County,US.WI.AD,15,2,
Crosby County,US.TX.CB,15,1,
Gaines County,US.TX.GS,15,0,
Hudspeth County,US.TX.HU,15,0,
Okfuskee County,US.OK.OF,14,0,
Ohio County,US.IN.OH,14,0,
Grand County,US.UT.GR,14,0,
Comanche County,US.TX.CE,14,1,
Cooper County,US.MO.CP,14,0,
Orleans County,US.VT.OL,14,0,
Adair County,US.IA.AI,14,0,
Linn County,US.KS.LN,14,0,
Wright County,US.MO.WG,14,0,
Schleicher County,US.TX.SH,14,0,
Redwood County,US.MN.RW,14,0,
Blaine County,US.OK.BL,14,0,
Buena Vista city,US.VA.BE,14,0,
Warren County,US.IN.WN,14,1,
Ballard County,US.KY.BA,14,0,
Surry County,US.VA.SR,14,1,
Big Stone County,US.MN.BI,14,0,
Ward County,US.TX.WD,14,0,
Silver Bow County,US.MT.SI,14,0,
Scott County,US.TN.SC,14,0,
Clark County,US.SD.CK,14,0,
Winkler County,US.TX.WI,14,0,
Stone County,US.AR.ST,13,0,
Wayne County,US.KY.WY,13,0,
Union County,US.IN.UN,13,0,
Vermillion County,US.IN.VE,13,0,
Schuyler County,US.IL.SU,13,0,
LaMoure County,US.ND.LA,13,0,
Caldwell County,US.KY.CD,13,0,
Garfield County,US.UT.GA,13,1,
Conejos County,US.CO.CN,13,0,
Kearney County,US.NE.KA,13,0,
Kanabec County,US.MN.KA,13,1,
Gosper County,US.NE.GO,13,0,
Fillmore County,US.NE.FI,13,1,
Franklin County,US.IL.FR,13,0,
Dunn County,US.ND.DU,13,0,
Jim Hogg County,US.TX.JG,13,0,
Polk County,US.MO.PO,13,0,
Marquette County,US.WI.MQ,13,1,
Duchesne County,US.UT.DU,13,0,
Lake County,US.OR.LK,13,0,
Baca County,US.CO.BA,13,0,
Pacific County,US.WA.PA,13,1,
Grant County,US.SD.GA,13,0,
Clay County,US.TN.CY,13,0,
Bath County,US.KY.BH,13,1,
Logan County,US.IL.LO,13,0,
Morgan County,US.MO.MG,13,0,
Elk County,US.PA.EL,13,0,
Bond County,US.IL.BN,13,1,
Harrison County,US.MO.HS,13,0,
Burt County,US.NE.BT,13,0,
Pendleton County,US.WV.PE,13,1,
Aitkin County,US.MN.AI,13,0,
Giles County,US.VA.GI,13,0,
Cedar County,US.NE.CA,13,0,
Ringgold County,US.IA.RI,13,0,
Stone County,US.MO.SE,12,0,
Bollinger County,US.MO.BI,12,0,
Fulton County,US.AR.FU,12,0,
Cass County,US.MN.CS,12,2,
Wayne County,US.IL.WY,12,1,
Benton County,US.TN.BN,12,1,
Polk County,US.NE.PO,12,0,
Woodward County,US.OK.WW,12,0,
Sanborn County,US.SD.SA,12,0,
Sierra County,US.NM.SI,12,0,
Marshall County,US.MN.MS,12,0,
McCormick County,US.SC.MC,12,1,
Lassen County,US.CA.LS,12,0,
Harrison County,US.OH.HR,12,1,
Big Horn County,US.WY.BI,12,0,
Presque Isle County,US.MI.PR,12,0,
Randolph County,US.MO.RN,12,0,
Monroe County,US.AR.ME,12,0,
Miller County,US.MO.ML,12,0,
Dallas County,US.MO.DL,12,1,
Gilmer County,US.WV.GI,12,0,
Menifee County,US.KY.ME,12,0,
Stanley County,US.SD.ST,12,0,
Schuyler County,US.NY.SU,12,0,
Bates County,US.MO.BS,12,1,
Garza County,US.TX.GR,12,0,
Goliad County,US.TX.GI,12,0,
Hutchinson County,US.SD.HT,12,0,
Sawyer County,US.WI.SW,12,0,
Taylor County,US.WI.TA,12,0,
Madison County,US.NC.MD,12,0,
Hot Springs County,US.WY.HO,12,0,
Newton County,US.TX.NE,12,0,
Koochiching County,US.MN.KO,12,1,
Crawford County,US.MO.CF,11,0,
Martin County,US.TX.MT,11,1,
Cumberland County,US.IL.CU,11,0,
McLean County,US.ND.ML,11,0,
Monroe County,US.WV.ME,11,0,
Dimmit County,US.TX.DM,11,0,
Brown County,US.KS.BR,11,0,
Meigs County,US.OH.MS,11,0,
Scotland County,US.MO.SO,11,1,
Carroll County,US.MO.CL,11,0,
Massac County,US.IL.MA,11,0,
Lancaster County,US.VA.LA,11,0,
Bon Homme County,US.SD.BH,11,0,
Osage County,US.KS.OS,11,0,
DeKalb County,US.MO.DE,11,0,
McCulloch County,US.TX.MC,11,0,
Houghton County,US.MI.HO,11,0,
Union County,US.TN.UO,11,0,
Sumner County,US.KS.SU,11,1,
Gasconade County,US.MO.GA,11,0,
Rusk County,US.WI.RU,11,0,
Radford city,US.VA.RD,11,0,
Sitka City and Borough,US.AK.SI,11,0,
Lincoln County,US.NM.LI,11,0,
Livingston County,US.MO.LV,11,0,
Garrett County,US.MD.GA,11,0,
Greenwood County,US.KS.GW,11,0,
Worth County,US.IA.WT,11,0,
Hamlin County,US.SD.HM,11,0,
Beckham County,US.OK.BC,11,0,
Fall River County,US.SD.FL,11,0,
Spink County,US.SD.SP,11,0,
Latah County,US.ID.LA,11,0,
Roane County,US.WV.RO,11,1,
Effingham County,US.IL.EF,11,1,
Refugio County,US.TX.RF,10,0,
Ramsey County,US.ND.RM,10,1,
Johnston County,US.OK.JO,10,0,
Stanton County,US.KS.ST,10,0,
Churchill County,US.NV.CH,10,1,
Valley County,US.ID.VA,10,0,
Richland County,US.MT.RI,10,0,
Adams County,US.ID.AM,10,0,
Rolette County,US.ND.RO,10,0,
Scott County,US.VA.SC,10,2,
Brown County,US.IL.BR,10,0,
Scott County,US.AR.SC,10,0,
Livingston County,US.KY.LV,10,0,
Grand Isle County,US.VT.GR,10,0,
Moffat County,US.CO.MF,10,0,
Montgomery County,US.IA.MG,10,2,
Johnson County,US.KY.JO,10,0,
Park County,US.MT.PA,10,0,
Clay County,US.WV.CY,10,1,
Furnas County,US.NE.FU,10,1,
Vilas County,US.WI.VI,10,0,
Bosque County,US.TX.BQ,10,0,
Marion County,US.KS.MN,10,1,
Ouray County,US.CO.OU,10,1,
Pope County,US.MN.PE,10,0,
La Salle County,US.TX.LS,10,0,
Crook County,US.OR.CR,10,0,
Caribou County,US.ID.CR,10,0,
Pushmataha County,US.OK.PU,10,0,
McCook County,US.SD.MC,10,1,
Houston County,US.TN.HO,10,0,
Hughes County,US.OK.HU,10,0,
Gallia County,US.OH.GA,10,1,
Lexington city,US.VA.LX,10,0,
Hyde County,US.NC.HE,10,0,
Cloud County,US.KS.CD,10,0,
Wetzel County,US.WV.WT,10,0,
Miner County,US.SD.ME,9,0,
Cedar County,US.MO.CD,9,0,
Wilbarger County,US.TX.WG,9,0,
Latimer County,US.OK.LA,9,1,
Metcalfe County,US.KY.MT,9,2,
Lipscomb County,US.TX.LM,9,0,
Colfax County,US.NM.CO,9,1,
Clay County,US.NC.CY,9,0,
Caldwell County,US.MO.CW,9,0,
Lee County,US.VA.LE,9,0,
Lincoln County,US.WI.LI,9,0,
Ralls County,US.MO.RL,9,0,
Avery County,US.NC.AV,9,0,
Antelope County,US.NE.AN,9,1,
Emery County,US.UT.EM,9,0,
Saline County,US.IL.SE,9,0,
Pembina County,US.ND.PE,9,0,
Rosebud County,US.MT.RS,9,1,
Greene County,US.IL.GE,9,0,
Edgar County,US.IL.EG,9,0,
Walworth County,US.SD.WA,9,0,
Orange County,US.VT.OA,9,0,
Eastland County,US.TX.EA,9,0,
Hodgeman County,US.KS.HG,9,0,
Graham County,US.NC.GH,9,0,
Noble County,US.OH.NO,9,0,
Glacier County,US.MT.GC,9,0,
Brooke County,US.WV.BO,9,0,
Kimball County,US.NE.KB,9,0,
Decatur County,US.IA.DC,9,0,
Dawson County,US.MT.DW,9,0,
Russell County,US.VA.RU,9,0,
Dallas County,US.AR.DA,9,0,
Jefferson County,US.NE.JE,9,0,
Tyrrell County,US.NC.TY,8,0,
Bell County,US.KY.BL,8,0,
Madison County,US.MT.MA,8,1,
Los Alamos County,US.NM.LO,8,0,
Coal County,US.OK.CL,8,0,
Marshall County,US.IL.MH,8,0,
Wayne County,US.IA.WY,8,0,
Archuleta County,US.CO.AC,8,0,
Wells County,US.ND.WE,8,0,
Beaver County,US.UT.BV,8,0,
Rains County,US.TX.RI,8,0,
Mackinac County,US.MI.MK,8,0,
Leslie County,US.KY.LS,8,0,
Valley County,US.NE.VA,8,0,
Pike County,US.AR.PE,8,0,
Major County,US.OK.MJ,8,1,
Kiowa County,US.OK.KO,8,1,
Henderson County,US.IL.HD,8,0,
Pierce County,US.NE.PI,8,0,
Breathitt County,US.KY.BT,8,0,
Adams County,US.IA.AM,8,0,
Custer County,US.SD.CU,8,0,
Crittenden County,US.KY.CT,8,1,
Daviess County,US.MO.DV,8,0,
Morgan County,US.KY.MG,8,0,
Nicholas County,US.WV.NI,8,1,
Dickinson County,US.KS.DK,8,0,
Columbia County,US.WA.CM,8,0,
Llano County,US.TX.LL,8,0,
Roosevelt County,US.MT.RO,8,0,
Wallowa County,US.OR.WW,8,0,
Haskell County,US.OK.HS,8,0,
Glascock County,US.GA.GS,7,0,
Lincoln County,US.MT.LN,7,1,
Union County,US.NM.UN,7,0,
Gilpin County,US.CO.GI,7,0,
Lincoln County,US.MN.LI,7,0,
Gogebic County,US.MI.GO,7,1,
Clearwater County,US.MN.CE,7,0,
Crockett County,US.TX.CT,7,0,
Forest County,US.PA.FO,7,0,
Lewis County,US.MO.LE,7,1,
Stephens County,US.TX.SE,7,0,
Crook County,US.WY.CK,7,0,
Curry County,US.OR.CU,7,0,
Knott County,US.KY.KT,7,0,
Lake County,US.MI.LK,7,0,
Dickinson County,US.MI.DI,7,2,
Concho County,US.TX.ON,7,0,
Edmunds County,US.SD.ED,7,0,
Langlade County,US.WI.LN,7,0,
Hemphill County,US.TX.HH,7,0,
Las Animas County,US.CO.LS,7,0,
Hand County,US.SD.HD,7,0,
Lawrence County,US.IL.LW,7,0,
Lawrence County,US.KY.LC,7,0,
Franklin County,US.NE.FA,7,0,
Fremont County,US.IA.FO,7,0,
Jack County,US.TX.JK,7,0,
Tillamook County,US.OR.TI,7,0,
Morgan County,US.OH.MA,7,0,
Buffalo County,US.WI.BF,7,2,
Sherman County,US.KS.SH,7,0,
Osage County,US.MO.OS,7,0,
Oregon County,US.MO.OR,7,0,
Boone County,US.NE.BO,7,0,
Morton County,US.KS.MT,7,0,
Mahnomen County,US.MN.MH,7,1,
Plumas County,US.CA.PU,7,0,
Wyoming County,US.WV.WY,7,0,
Benzie County,US.MI.BE,7,0,
Searcy County,US.AR.SA,7,0,
Childress County,US.TX.CD,7,0,
Republic County,US.KS.RP,7,0,
Rooks County,US.KS.RO,7,0,
Macon County,US.MO.MN,7,0,
Cumberland County,US.KY.CU,6,0,
Issaquena County,US.MS.IS,6,1,
Owen County,US.KY.OE,6,0,
Mercer County,US.MO.MC,6,0,
Mercer County,US.ND.ME,6,0,
Jackson County,US.SD.JA,6,1,
Sargent County,US.ND.SG,6,0,
Moore County,US.TN.MO,6,0,
Johnson County,US.NE.JO,6,0,
Kingsbury County,US.SD.KI,6,0,
Kane County,US.UT.KA,6,0,
Bethel Census Area,US.AK.BE,6,0,
Lincoln County,US.WV.LI,6,0,
Pershing County,US.NV.PE,6,0,
Edwards County,US.KS.ED,6,0,
Woodruff County,US.AR.WO,6,0,
Roseau County,US.MN.RS,6,0,
Red Willow County,US.NE.RE,6,0,
Archer County,US.TX.AC,6,0,
Quay County,US.NM.QU,6,1,
Grant County,US.MN.GR,6,0,
Pratt County,US.KS.PR,6,0,
Van Buren County,US.TN.VA,6,0,
Powell County,US.KY.PO,6,0,
Franklin County,US.FL.FR,6,0,
Tucker County,US.WV.TU,6,0,
Hamilton County,US.NY.HA,6,1,
Pike County,US.IN.PI,6,0,
Trimble County,US.KY.TM,6,0,
Pickett County,US.TN.PI,6,0,
Hanson County,US.SD.HS,6,0,
Woodson County,US.KS.WO,6,0,
Craig County,US.VA.CG,6,0,
Menominee County,US.WI.MN,6,0,
Webster County,US.NE.WE,6,0,
Collingsworth County,US.TX.CG,6,0,
Shannon County,US.MO.SN,6,0,
Carter County,US.MO.CR,6,1,
Sublette County,US.WY.SU,6,0,
Clay County,US.KS.CY,6,1,
Coos County,US.NH.CO,6,0,
Sioux County,US.NE.SI,6,0,
Clay County,US.TX.CY,6,0,
Lake County,US.MN.LE,6,0,
Cotton County,US.OK.CT,6,2,
Carson County,US.TX.CN,6,0,
McDowell County,US.WV.MC,6,0,
Chariton County,US.MO.CI,6,0,
Hickman County,US.KY.HA,5,0,
Newton County,US.AR.NW,5,0,
Iron County,US.WI.IR,5,1,
Iron County,US.MI.IR,5,1,
Dewey County,US.OK.DW,5,0,
Coke County,US.TX.OK,5,1,
Clinton County,US.KY.CO,5,0,
Pleasants County,US.WV.PL,5,0,
Ottawa County,US.KS.OT,5,0,
Bennett County,US.SD.BN,5,0,
Nicholas County,US.KY.NI,5,0,
Magoffin County,US.KY.MF,5,0,
Carlisle County,US.KY.CE,5,1,
Hubbard County,US.MN.HU,5,0,
Warren County,US.PA.WR,5,0,
Howard County,US.MO.HR,5,0,
Nome Census Area,US.AK.NM,5,0,
Fisher County,US.TX.FH,5,1,
Eddy County,US.ND.ED,5,0,
Lane County,US.KS.LE,5,0,
Bottineau County,US.ND.BT,5,0,
Traverse County,US.MN.TR,5,0,
Fremont County,US.ID.FE,5,0,
Sherman County,US.NE.SM,5,0,
Cheyenne County,US.CO.CE,5,0,
Lewis County,US.TN.LE,5,0,
Sullivan County,US.PA.SL,5,0,
Mineral County,US.CO.MI,5,0,
Marshall County,US.SD.MS,5,0,
Richardson County,US.NE.RI,5,1,
Burke County,US.ND.BK,5,0,
Wahkiakum County,US.WA.WH,5,0,
Woods County,US.OK.WS,5,0,
Somervell County,US.TX.SV,5,0,
Glasscock County,US.TX.GC,5,0,
Renville County,US.ND.RE,5,0,
Chippewa County,US.MI.CP,5,0,
Monroe County,US.MO.MR,5,0,
Montmorency County,US.MI.MR,5,0,
Goshen County,US.WY.GO,5,0,
Schuyler County,US.MO.SH,5,0,
Runnels County,US.TX.RN,5,0,
Garden County,US.NE.GD,5,0,
Morris County,US.KS.MR,5,0,
Delta County,US.TX.DT,5,0,
Martin County,US.KY.MI,5,0,
Broadwater County,US.MT.BR,5,0,
Matthews County,US.VA.MT,5,0,
Nemaha County,US.NE.NE,5,0,
Jefferson County,US.OK.JE,5,0,
Emmons County,US.ND.EM,4,1,
Estill County,US.KY.ES,4,0,
Hardeman County,US.TX.RD,4,0,
White County,US.IL.WE,4,0,
Chase County,US.KS.CS,4,0,
Skamania County,US.WA.SM,4,0,
Richland County,US.IL.RI,4,0,
Rice County,US.KS.RC,4,0,
Allen County,US.KS.AL,4,0,
Madison County,US.MO.MD,4,0,
Lincoln County,US.CO.LI,4,0,
Baraga County,US.MI.BA,4,0,
Tyler County,US.WV.TY,4,0,
Pierce County,US.ND.PI,4,0,
Petersburg Census Area,US.AK.PB,4,1,
Worth County,US.MO.WO,4,0,
Hamilton County,US.IL.HM,4,0,
Maries County,US.MO.MS,4,0,
Marion County,US.AR.MN,4,0,
Chautauqua County,US.KS.CQ,4,0,
Green County,US.KY.GN,4,1,
Dewey County,US.SD.DW,4,0,
Dickey County,US.ND.DC,4,0,
North Slope Borough,US.AK.NH,4,0,
Montgomery County,US.AR.MT,4,0,
Jewell County,US.KS.JW,4,0,
Lac Qui Parle County,US.MN.LC,4,0,
Cottle County,US.TX.OT,4,1,
Mitchell County,US.TX.MH,4,0,
Ness County,US.KS.NS,4,0,
Mitchell County,US.KS.MC,4,0,
De Witt County,US.IL.DW,4,0,
Bristol city,US.VA.BI,4,0,
Huerfano County,US.CO.HU,4,0,
Nance County,US.NE.NA,4,0,
Schoolcraft County,US.MI.SR,4,0,
San Saba County,US.TX.SS,4,0,
Texas County,US.MO.TE,4,0,
Washburn County,US.WI.WR,4,0,
Jefferson County,US.MT.JE,4,0,
Northwest Arctic Borough,US.AK.NW,4,0,
Norton city,US.VA.NC,4,0,
Braxton County,US.WV.BX,4,0,
Mineral County,US.NV.MI,4,0,
McPherson County,US.SD.MP,4,0,
Douglas County,US.SD.DO,4,0,
Oldham County,US.TX.OL,4,1,
Kiowa County,US.KS.KW,4,0,
Wirt County,US.WV.WI,4,0,
Deer Lodge County,US.MT.DE,4,0,
Haskell County,US.TX.HK,4,0,
Stillwater County,US.MT.ST,4,0,
Bent County,US.CO.BE,4,0,
Cameron County,US.PA.CE,3,0,
Elliott County,US.KY.EL,3,0,
Anderson County,US.KS.AN,3,0,
Custer County,US.ID.CU,3,0,
Culberson County,US.TX.UL,3,0,
Washita County,US.OK.WT,3,0,
Alger County,US.MI.AG,3,0,
Burnett County,US.WI.BN,3,1,
Armstrong County,US.TX.AM,3,0,
Bayfield County,US.WI.BY,3,1,
Ashland County,US.WI.AS,3,0,
Atchison County,US.MO.AT,3,0,
Essex County,US.VT.ES,3,0,
Box Butte County,US.NE.BX,3,0,
Fergus County,US.MT.FE,3,0,
Douglas County,US.MO.DO,3,0,
Benson County,US.ND.BE,3,0,
Florence County,US.WI.FL,3,0,
Dickenson County,US.VA.DC,3,0,
Coleman County,US.TX.CM,3,0,
Deuel County,US.SD.DU,3,0,
Wrangell City and Borough,US.AK.WG,3,0,
Ellsworth County,US.KS.EW,3,0,
White Pine County,US.NV.WH,3,0,
Dent County,US.MO.DN,3,0,
Brooks County,US.TX.BK,3,0,
Wayne County,US.MO.WY,3,0,
Covington city,US.VA.CV,3,0,
Ziebach County,US.SD.ZI,3,0,
Sheridan County,US.KS.SD,3,0,
Hancock County,US.TN.HC,3,0,
Smith County,US.KS.SM,3,0,
Lincoln County,US.WA.LI,3,0,
Menard County,US.TX.EN,3,0,
Iron County,US.MO.IR,3,0,
Southeast Fairbanks Census Area,US.AK.SO,3,0,
Slope County,US.ND.SL,3,0,
Mellette County,US.SD.ML,3,0,
Pend Oreille County,US.WA.PE,3,0,
Greeley County,US.NE.GE,3,0,
Rich County,US.UT.RH,3,0,
Shelby County,US.MO.SB,3,0,
Sutton County,US.TX.ST,3,0,
McHenry County,US.ND.MH,3,1,
Pawnee County,US.KS.PN,3,0,
Keith County,US.NE.KT,3,0,
Red Lake County,US.MN.RD,3,0,
Highland County,US.VA.HA,3,0,
Luce County,US.MI.LU,3,0,
Idaho County,US.ID.ID,3,0,
Phillips County,US.KS.PL,3,0,
Stevens County,US.MN.SV,3,0,
Hyde County,US.SD.HY,3,0,
Roberts County,US.TX.RS,3,0,
Kodiak Island Borough,US.AK.KO,3,0,
Grant County,US.ND.GT,3,0,
Piscataquis County,US.ME.PI,3,0,
Rio Blanco County,US.CO.RB,3,0,
Norton County,US.KS.NT,3,0,
Hinsdale County,US.CO.HI,3,0,
Stark County,US.IL.SA,3,0,
Holt County,US.NE.HT,3,0,
Golden Valley County,US.MT.GO,3,0,
Price County,US.WI.PC,2,0,
Taliaferro County,US.GA.TA,2,0,
Cheyenne County,US.KS.CN,2,0,
Bland County,US.VA.BL,2,0,
Prince of Wales-Hyder Census Area,US.AK.PH,2,0,
Dickens County,US.TX.DC,2,0,
Irion County,US.TX.IR,2,0,
Custer County,US.CO.CU,2,0,
Clay County,US.IL.CY,2,0,
Wolfe County,US.KY.WL,2,0,
Piute County,US.UT.PT,2,0,
Comanche County,US.KS.CM,2,0,
Storey County,US.NV.ST,2,0,
Lincoln County,US.NV.LI,2,0,
Pike County,US.IL.PK,2,0,
Summers County,US.WV.SU,2,0,
Knox County,US.MO.KN,2,0,
Kittson County,US.MN.KI,2,0,
Kinney County,US.TX.KN,2,0,
Dawes County,US.NE.DS,2,0,
Platte County,US.WY.PL,2,0,
Pondera County,US.MT.PN,2,0,
Kidder County,US.ND.KI,2,0,
St. Clair County,US.MO.SC,2,0,
Putnam County,US.MO.PN,2,0,
Washington County,US.ME.WS,2,0,
Clark County,US.MO.CK,2,0,
Sheridan County,US.NE.SD,2,0,
Cavalier County,US.ND.CV,2,0,
Lemhi County,US.ID.LM,2,0,
McIntosh County,US.ND.MI,2,0,
Foster County,US.ND.FO,2,0,
Hall County,US.TX.HA,2,1,
Griggs County,US.ND.GI,2,0,
Trinity County,US.CA.TR,2,0,
Gregory County,US.SD.GE,2,0,
Treasure County,US.MT.TR,2,0,
Calhoun County,US.WV.CH,2,0,
Reynolds County,US.MO.RE,2,0,
Alpine County,US.CA.AP,2,0,
Grant County,US.OK.GN,2,0,
Yukon-Koyukuk Census Area,US.AK.YU,2,0,
Gallatin County,US.IL.GA,2,0,
Oliver County,US.ND.OL,2,0,
Harper County,US.KS.HP,2,0,
Granite County,US.MT.GN,2,0,
Edwards County,US.TX.ED,2,0,
Edwards County,US.IL.EW,2,0,
Upton County,US.TX.UP,2,0,
Catron County,US.NM.CA,2,1,
Ritchie County,US.WV.RI,2,0,
Reagan County,US.TX.RG,2,0,
Owsley County,US.KY.OS,2,0,
Boise County,US.ID.BS,2,0,
Osborne County,US.KS.OB,2,0,
Niobrara County,US.WY.NI,2,0,
Briscoe County,US.TX.BO,2,0,
Haines Borough,US.AK.HA,2,0,
Clearwater County,US.ID.CE,1,0,
Nuckolls County,US.NE.NU,1,0,
Stafford County,US.KS.SF,1,0,
Mills County,US.TX.MS,1,0,
Boyd County,US.NE.BY,1,0,
Wilson County,US.KS.WL,1,0,
Motley County,US.TX.MY,1,0,
Cochran County,US.TX.CC,1,0,
Liberty County,US.MT.LB,1,0,
Sheridan County,US.ND.SH,1,0,
Pepin County,US.WI.PE,1,0,
San Juan County,US.CO.SJ,1,0,
Sherman County,US.OR.SH,1,0,
Weston County,US.WY.WE,1,0,
Marshall County,US.KS.MS,1,0,
Wheatland County,US.MT.WH,1,0,
Ozark County,US.MO.OZ,1,0,
Chase County,US.NE.CE,1,0,
Sierra County,US.CA.SE,1,0,
Cherry County,US.NE.CH,1,0,
Webster County,US.WV.WB,1,0,
Logan County,US.KS.LG,1,0,
Meagher County,US.MT.ME,1,0,
Camas County,US.ID.CM,1,0,
Billings County,US.ND.BI,1,0,
Boundary County,US.ID.BD,1,0,
Cimarron County,US.OK.CO,1,0,
Calhoun County,US.IL.CH,1,0,
Steele County,US.ND.SE,1,0,
Bowman County,US.ND.BW,1,0,
Shackelford County,US.TX.SC,1,0,
Musselshell County,US.MT.MU,1,0,
Barber County,US.KS.AB,1,0,
Ellis County,US.OK.EL,1,0,
Jackson County,US.CO.JA,1,0,
Ferry County,US.WA.FE,1,0,
Terrell County,US.TX.TL,1,0,
Thayer County,US.NE.TA,1,0,
Banner County,US.NE.BA,1,0,
Baker County,US.OR.BA,1,0,
Putnam County,US.IL.PT,1,0,
Thomas County,US.NE.TO,1,0,
Divide County,US.ND.DV,1,0,
Trego County,US.KS.TR,1,0,
Eureka County,US.NV.EU,1,0,
Holt County,US.MO.HL,1,0,
Hardin County,US.IL.HI,1,0,
Hitchcock County,US.NE.HI,1,0,
Hill County,US.MT.HI,1,0,
Harding County,US.NM.HA,1,0,
Hettinger County,US.ND.HE,1,0,
Real County,US.TX.RL,1,0,
Harper County,US.OK.HP,1,0,
Elk County,US.KS.EK,1,0,
Harney County,US.OR.HA,1,0,
Alfalfa County,US.OK.AL,1,0,
Harlan County,US.NE.HR,1,0,
Jeff Davis County,US.TX.JF,1,0,
Rock County,US.NE.RO,1,0,
Lee County,US.KY.LE,1,0,
Garfield County,US.NE.GF,1,0,
Cook County,US.MN.CO,1,0,
Knox County,US.TX.KX,1,0,
Sully County,US.SD.SU,1,0,
Kimble County,US.TX.KM,1,0,
Pope County,US.IL.PE,1,0,
Nelson County,US.ND.NE,1,0,
Dade County,US.MO.DD,1,0,
Keweenaw County,US.MI.KW,1,0,
Beaverhead County,US.MT.BE,1,0,
Valley County,US.MT.VA,1,0,
Washington County,US.KS.WS,1,0,
Baylor County,US.TX.BR,1,0,
Gove County,US.KS.GO,1,0,
Frontier County,US.NE.FO,1,0,
Grant County,US.OR.GR,1,0,
Aleutians West Census Area,US.AK.AW,0,0,
Adams County,US.ND.AD,0,0,
Roger Mills County,US.OK.RR,0,0,
Bristol Bay Borough,US.AK.BR,0,0,
Aleutians East Borough,US.AK.AE,0,0,
Oneida County,US.ID.ON,0,0,
Perkins County,US.SD.PR,0,0,
Russell County,US.KS.RS,0,0,
Ontonagon County,US.MI.ON,0,0,
Borden County,US.TX.BD,0,0,
Perkins County,US.NE.PE,0,0,
Phillips County,US.MT.PH,0,0,
Pawnee County,US.NE.PA,0,0,
Potter County,US.SD.PO,0,0,
Bear Lake County,US.ID.BK,0,0,
Blaine County,US.MT.BL,0,0,
Powder River County,US.MT.PD,0,0,
Bath County,US.VA.BA,0,0,
Powell County,US.MT.PL,0,0,
Prairie County,US.MT.PR,0,0,
Blaine County,US.NE.BL,0,0,
Yakutat City and Borough,US.AK.YA,0,0,
Petroleum County,US.MT.PO,0,0,
Rush County,US.KS.RH,0,0,
Arthur County,US.NE.AR,0,0,
Sanders County,US.MT.SA,0,0,
Rawlins County,US.KS.RA,0,0,
Gilliam County,US.OR.GI,0,0,
Logan County,US.ND.LO,0,0,
Mora County,US.NM.MO,0,0,
Jones County,US.SD.JO,0,0,
Doddridge County,US.WV.DO,0,0,
Dillingham Census Area,US.AK.DI,0,0,
Hooker County,US.NE.HO,0,0,
Hoonah-Angoon Census Area,US.AK.HH,0,0,
Teton County,US.MT.TE,0,0,
Deuel County,US.NE.DL,0,0,
Denali Borough,US.AK.DE,0,0,
Judith Basin County,US.MT.JU,0,0,
Scott County,US.IL.SO,0,0,
Decatur County,US.KS.DC,0,0,
Kalawao County,US.HI.KL,0,0,
De Baca County,US.NM.DE,0,0,
Sweet Grass County,US.MT.SW,0,0,
Daniels County,US.MT.DN,0,0,
Kenedy County,US.TX.KE,0,0,
Daggett County,US.UT.DG,0,0,
Dolores County,US.CO.DO,0,0,
Throckmorton County,US.TX.TH,0,0,
Dundy County,US.NE.DY,0,0,
Hickory County,US.MO.HC,0,0,
Valdez-Cordova Census Area,US.AK.VA,0,0,
Garfield County,US.MT.GF,0,0,
Golden Valley County,US.ND.GO,0,0,
Graham County,US.KS.GH,0,0,
Grant County,US.NE.GA,0,0,
Greeley County,US.KS.GL,0,0,
Haakon County,US.SD.HA,0,0,
Foard County,US.TX.FD,0,0,
Fallon County,US.MT.FA,0,0,
Esmeralda County,US.NV.ES,0,0,
Harding County,US.SD.HR,0,0,
Towner County,US.ND.TO,0,0,
Harmon County,US.OK.HM,0,0,
Wallace County,US.KS.WA,0,0,
Hayes County,US.NE.HY,0,0,
Kent County,US.TX.KT,0,0,
Keya Paha County,US.NE.KY,0,0,
King County,US.TX.KG,0,0,
Wheeler County,US.NE.WH,0,0,
Sheridan County,US.MT.SH,0,0,
Carter County,US.MT.CT,0,0,
McCone County,US.MT.MC,0,0,
McMullen County,US.TX.MM,0,0,
McPherson County,US.NE.MC,0,0,
Campbell County,US.SD.CP,0,0,
Wibaux County,US.MT.WI,0,0,
Wichita County,US.KS.WH,0,0,
Calhoun County,US.AR.CA,0,0,
Butte County,US.SD.BT,0,0,
Butte County,US.ID.BT,0,0,
Mineral County,US.MT.MN,0,0,
Sedgwick County,US.CO.SE,0,0,
Modoc County,US.CA.MC,0,0,
Brown County,US.NE.BW,0,0,
Wheeler County,US.OR.WE,0,0,
Shoshone County,US.ID.SH,0,0,
Kingman County,US.KS.KM,0,0,
Skagway Municipality,US.AK.SW,0,0,
Kiowa County,US.CO.KO,0,0,
Kusilvak Census Area,US.AK.WA,0,0,
Lake and Peninsula Borough,US.AK.LA,0,0,
Lake of the Woods County,US.MN.LO,0,0,
Stonewall County,US.TX.SA,0,0,
Sterling County,US.TX.SI,0,0,
Lewis County,US.ID.LW,0,0,
Lincoln County,US.KS.LC,0,0,
Wayne County,US.UT.WE,0,0,
Garfield County,US.WA.GF,0,0,
Logan County,US.NE.LG,0,0,
Clark County,US.ID.CA,0,0,
Loup County,US.NE.LU,0,0,
Chouteau County,US.MT.CH,0,0,
Loving County,US.TX.LI,0,0,
Robertson County,US.KY.RB,0,0,
