County,hasc,confirmed,death,recovered
Los Angeles County,US.CA.LO,107667,3454,
Cook County,US.IL.CO,92240,4622,
Queens County,US.NY.QU,65800,7074,
Kings County,US.NY.KI,60078,7130,
Maricopa County,US.AZ.MA,59829,880,
Bronx County,US.NY.BN,47902,4767,
Miami-Dade County,US.FL.DA,44729,1038,
Nassau County,US.NY.NA,41988,2185,
Suffolk County,US.NY.SF,41585,1983,
Harris County,US.TX.RR,35316,395,
Westchester County,US.NY.WE,35020,1425,
New York County,US.NY.NE,28760,3093,
Middlesex County,US.MA.MI,24115,1877,
Dallas County,US.TX.DS,23675,393,
Wayne County,US.MI.WY,23123,2728,
Philadelphia County,US.PA.PH,22016,1619,
Suffolk County,US.MA.SU,19972,1007,
Broward County,US.FL.BO,19575,409,
Bergen County,US.NJ.BE,19562,2003,
Riverside County,US.CA.RI,19450,479,
Hudson County,US.NJ.HD,18945,1455,
Prince George's County,US.MD.PR,18940,688,
Essex County,US.NJ.ES,18859,2038,
Clark County,US.NV.CL,17707,435,
Passaic County,US.NJ.PA,16941,1192,
Middlesex County,US.NJ.MI,16901,1330,
Fairfield County,US.CT.FA,16757,1377,
Union County,US.NJ.UN,16297,1327,
Essex County,US.MA.ES,16235,1119,
Orange County,US.CA.OR,16191,363,
Palm Beach County,US.FL.PL,16149,541,
San Diego County,US.CA.SD,15696,387,
Montgomery County,US.MD.MO,15082,748,
Bexar County,US.TX.BX,14212,117,
Richmond County,US.NY.RI,14190,1060,
Fairfax County,US.VA.FX,14072,495,
Hillsborough County,US.FL.HL,13700,150,
San Bernardino County,US.CA.SA,13676,269,
Rockland County,US.NY.RO,13629,506,
Tarrant County,US.TX.TN,13423,233,
Orange County,US.FL.OR,13262,59,
Providence County,US.RI.PR,13144,537,
Mecklenburg County,US.NC.MB,12576,154,
Worcester County,US.MA.WO,12481,937,
New Haven County,US.CT.NH,12409,1077,
Salt Lake County,US.UT.SL,12343,112,
Oakland County,US.MI.OD,12208,1091,
Hennepin County,US.MN.HE,12150,785,
Milwaukee County,US.WI.MU,12083,391,
Hartford County,US.CT.HA,11728,1378,
Shelby County,US.TN.SY,11560,198,
Marion County,US.IN.MO,11546,683,
Travis County,US.TX.TV,11009,134,
King County,US.WA.KN,10782,619,
Orange County,US.NY.OE,10766,403,
Davidson County,US.TN.DA,10726,118,
Washington,US.DC.DI,10447,557,
Franklin County,US.OH.FR,10023,420,
Lake County,US.IL.LK,9919,423,
Jefferson Parish,US.LA.JF,9874,486,
Ocean County,US.NJ.OC,9682,969,
Gwinnett County,US.GA.GW,9491,173,
Pima County,US.AZ.PM,9313,282,
Monmouth County,US.NJ.MN,9272,820,
DuPage County,US.IL.DU,9267,475,
Norfolk County,US.MA.NO,9260,937,
Plymouth County,US.MA.PL,8734,667,
Duval County,US.FL.DU,8614,68,
Montgomery County,US.PA.MG,8589,810,
Fulton County,US.GA.FU,8445,314,
Bristol County,US.MA.BR,8311,590,
Baltimore County,US.MD.BC,8234,480,
Pinellas County,US.FL.PI,8116,184,
Orleans Parish,US.LA.OR,8031,534,
Baltimore City,US.MD.BA,7857,344,
Kane County,US.IL.KE,7819,275,
Mercer County,US.NJ.ME,7727,586,
Cuyahoga County,US.OH.CU,7571,372,
Macomb County,US.MI.MB,7521,919,
Prince William County,US.VA.PW,7484,147,
Erie County,US.NY.ER,7462,573,
Camden County,US.NJ.CM,7434,518,
Yakima County,US.WA.YA,7396,160,
Douglas County,US.NE.DG,7392,96,
Denver County,US.CO.DN,7319,382,
Delaware County,US.PA.DE,7303,659,
Lee County,US.FL.LE,7215,162,
Yuma County,US.AZ.YU,7048,98,
Imperial County,US.CA.IM,7039,114,
El Paso County,US.TX.EP,6953,135,
Will County,US.IL.WL,6883,320,
Hampden County,US.MA.HD,6861,664,
Morris County,US.NJ.MR,6800,806,
DeKalb County,US.GA.DA,6702,173,
Alameda County,US.CA.AA,6556,140,
St. Louis County,US.MO.SL,6495,579,
Polk County,US.IA.PK,6446,179,
Fresno County,US.CA.FR,6110,77,
Bucks County,US.PA.BC,5844,567,
Wake County,US.NC.WK,5810,49,
Hamilton County,US.OH.HM,5770,197,
Cobb County,US.GA.CB,5689,246,
Greenville County,US.SC.GV,5687,85,
East Baton Rouge Parish,US.LA.EB,5684,274,
New Castle County,US.DE.NE,5398,245,
Charleston County,US.SC.CS,5375,35,
Arapahoe County,US.CO.AA,5329,345,
Burlington County,US.NJ.BU,5243,433,
Anne Arundel County,US.MD.AN,5239,209,
Kent County,US.MI.KN,5220,136,
Kern County,US.CA.KE,5130,81,
Lake County,US.IN.LK,5104,242,
Santa Clara County,US.CA.SL,5077,160,
Jefferson County,US.AL.JE,4995,154,
Somerset County,US.NJ.SO,4928,529,
Polk County,US.FL.PO,4906,105,
Sussex County,US.DE.SU,4903,175,
Collier County,US.FL.CL,4880,85,
Ramsey County,US.MN.RA,4805,226,
Hidalgo County,US.TX.HG,4798,58,
Tulare County,US.CA.TL,4627,136,
Lancaster County,US.PA.LN,4572,366,
Berks County,US.PA.BK,4571,352,
Utah County,US.UT.UT,4474,22,
San Joaquin County,US.CA.SJ,4474,55,
Adams County,US.CO.AD,4322,156,
Horry County,US.SC.HO,4321,53,
Lehigh County,US.PA.LH,4303,307,
Dutchess County,US.NY.DU,4238,151,
Pinal County,US.AZ.PN,4237,75,
Loudoun County,US.VA.LD,4175,90,
Fort Bend County,US.TX.FR,4120,56,
Montgomery County,US.AL.MT,4068,105,
Jefferson County,US.KY.JF,4034,197,
Mobile County,US.AL.MB,4029,138,
Durham County,US.NC.DH,3992,66,
Galveston County,US.TX.GV,3990,46,
Tulsa County,US.OK.TU,3974,71,
Richland County,US.SC.RI,3954,87,
Washington County,US.AR.WA,3932,32,
Monroe County,US.NY.MR,3922,245,
Jackson County (including other portions of Kansas City),US.MO.JC,3890,55,
Navajo County,US.AZ.NA,3848,133,
Chester County,US.PA.CH,3800,329,
San Francisco County,US.CA.SF,3776,50,
Snohomish County,US.WA.SN,3661,173,
Minnehaha County,US.SD.MN,3659,58,
Caddo Parish,US.LA.CO,3598,243,
Contra Costa County,US.CA.CN,3564,81,
Sacramento County,US.CA.SC,3559,69,
Manatee County,US.FL.MN,3554,131,
San Mateo County,US.CA.SM,3536,108,
McKinley County,US.NM.MC,3483,179,
Northampton County,US.PA.NA,3463,272,
Allegheny County,US.PA.AL,3430,190,
Hall County,US.GA.HL,3395,60,
Oklahoma County,US.OK.OL,3393,70,
Collin County,US.TX.CI,3321,46,
Hillsborough County,US.NH.HI,3312,251,
Nueces County,US.TX.NU,3272,10,
Santa Barbara County,US.CA.SB,3261,29,
Ventura County,US.CA.VE,3240,47,
Forsyth County,US.NC.FO,3233,37,
Elkhart County,US.IN.EL,3211,44,
Woodbury County,US.IA.WO,3209,44,
Seminole County,US.FL.SE,3205,20,
Denton County,US.TX.DN,3184,37,
Winnebago County,US.IL.WN,3084,96,
Washoe County,US.NV.WA,3073,79,
Hays County,US.TX.HY,3067,7,
Guilford County,US.NC.GU,3055,117,
Cumberland County,US.NJ.CU,3005,147,
Brown County,US.WI.BW,2997,42,
Chesterfield County,US.VA.CD,2972,53,
Benton County,US.AR.BE,2961,20,
Luzerne County,US.PA.LU,2950,178,
Potter County,US.TX.PT,2937,37,
Onondaga County,US.NY.OG,2928,166,
Atlantic County,US.NJ.AT,2926,220,
Rutherford County,US.TN.RU,2919,35,
Weld County,US.CO.WE,2862,137,
Genesee County,US.MI.GE,2797,288,
Osceola County,US.FL.OS,2781,26,
Jefferson County,US.CO.JE,2776,212,
Pierce County,US.WA.PI,2749,105,
Allen County,US.IN.AL,2737,129,
Marion County,US.OH.MR,2730,38,
Jefferson County,US.TX.JE,2727,35,
Hamilton County,US.TN.HL,2716,35,
Lucas County,US.OH.LU,2700,302,
Cameron County,US.TX.CA,2692,63,
Henrico County,US.VA.HC,2663,158,
Marin County,US.CA.MN,2656,19,
Lafayette Parish,US.LA.LY,2645,47,
Howard County,US.MD.HO,2637,91,
Kings County,US.CA.KI,2634,32,
Ada County,US.ID.AA,2631,23,
Gloucester County,US.NJ.GL,2630,187,
Brazoria County,US.TX.BI,2626,22,
Lubbock County,US.TX.LU,2620,52,
Pasco County,US.FL.PS,2608,23,
Volusia County,US.FL.VO,2604,58,
Escambia County,US.FL.ES,2597,47,
Ouachita Parish,US.LA.OU,2591,80,
Stanislaus County,US.CA.ST,2581,44,
El Paso County,US.CO.EL,2574,109,
Frederick County,US.MD.FR,2546,120,
Arlington County,US.VA.AR,2519,131,
San Juan County,US.NM.SJ,2515,164,
St. Tammany Parish,US.LA.ST,2509,178,
Hinds County,US.MS.HI,2480,39,
City of St. Louis,US.MO.SY,2471,153,
Williamson County,US.TX.WM,2469,42,
Brevard County,US.FL.BE,2453,19,
Apache County,US.AZ.AP,2423,91,
Multnomah County,US.OR.MU,2417,69,
Bernalillo County,US.NM.BE,2410,87,
Wyandotte County,US.KS.WY,2394,83,
Alexandria City,US.VA.AX,2357,56,
Montgomery County,US.TX.MG,2353,37,
Stearns County,US.MN.SR,2345,19,
Pulaski County,US.AR.PU,2345,60,
Brazos County,US.TX.BZ,2331,31,
Cass County,US.ND.CS,2323,66,
Lexington County,US.SC.LX,2306,56,
Dane County,US.WI.DA,2303,32,
Dakota County,US.MN.DA,2286,90,
Clayton County,US.GA.CN,2280,79,
Richmond City,US.VA.RC,2262,29,
Martin County,US.FL.MT,2251,28,
Tuscaloosa County,US.AL.TU,2247,44,
Black Hawk County,US.IA.BL,2245,58,
Racine County,US.WI.RA,2196,65,
Pickaway County,US.OH.PC,2188,41,
Anoka County,US.MN.AN,2180,107,
Dauphin County,US.PA.DA,2174,140,
Albany County,US.NY.AB,2145,109,
Summit County,US.OH.SU,2110,206,
St. Lucie County,US.FL.SL,2109,50,
Coconino County,US.AZ.CO,2107,96,
McHenry County,US.IL.MY,2103,97,
Walker County,US.TX.WK,2080,28,
Muscogee County,US.GA.MG,2075,52,
Sarasota County,US.FL.SR,2059,98,
Ford County,US.KS.FO,2008,10,
Calcasieu Parish,US.LA.CC,2000,59,
St. Clair County,US.IL.SI,1988,137,
Dougherty County,US.GA.DH,1978,155,
Santa Cruz County,US.AZ.SA,1932,24,
Montgomery County,US.OH.MT,1931,26,
Benton County,US.WA.BE,1915,85,
St. Joseph County,US.IN.SN,1908,66,
Wayne County,US.NC.WY,1879,28,
Johnson County,US.KS.JO,1870,87,
Franklin County,US.WA.FR,1840,33,
Spartanburg County,US.SC.SP,1834,49,
Lancaster County,US.NE.LA,1827,12,
Ulster County,US.NY.UL,1825,81,
Mahoning County,US.OH.MH,1818,231,
Cumberland County,US.ME.CU,1805,64,
Chatham County,US.GA.CM,1796,37,
Dakota County,US.NE.DK,1774,37,
Webb County,US.TX.WB,1773,27,
Washtenaw County,US.MI.WS,1748,106,
Monterey County,US.CA.MT,1748,15,
Kent County,US.DE.KE,1746,92,
Lackawanna County,US.PA.LC,1725,207,
Oneida County,US.NY.OD,1725,97,
Buena Vista County,US.IA.BV,1710,11,
Marshall County,US.AL.MS,1710,10,
Lake County,US.FL.LK,1694,23,
Johnston County,US.NC.JH,1685,33,
Nobles County,US.MN.NB,1662,6,
Rapides Parish,US.LA.RA,1653,66,
Leon County,US.FL.LO,1638,8,
Cass County,US.IN.CS,1638,9,
Marion County,US.OR.MR,1610,47,
Hall County,US.NE.HL,1599,45,
York County,US.PA.YO,1595,54,
Sumner County,US.TN.SN,1593,52,
Troup County,US.GA.TP,1584,35,
Warren County,US.KY.WR,1583,14,
Kenosha County,US.WI.KN,1574,44,
Finney County,US.KS.FI,1574,10,
DeSoto County,US.MS.DE,1572,16,
McLennan County,US.TX.ML,1563,9,
Barnstable County,US.MA.BA,1553,149,
Spokane County,US.WA.SP,1551,41,
Butler County,US.OH.BU,1547,44,
Duplin County,US.NC.DP,1542,28,
Hamilton County,US.IN.HM,1538,100,
Washington County,US.OR.WI,1534,20,
Bell County,US.TX.BL,1523,13,
Cache County,US.UT.CA,1521,2,
Fayette County,US.KY.FA,1510,28,
Alachua County,US.FL.AL,1506,12,
Trousdale County,US.TN.TR,1496,5,
Litchfield County,US.CT.LI,1494,137,
Rockingham County,US.NH.RO,1489,89,
Solano County,US.CA.SN,1476,25,
Berkeley County,US.SC.BK,1467,24,
Tangipahoa Parish,US.LA.TA,1462,43,
Sullivan County,US.NY.SL,1456,35,
York County,US.SC.YO,1455,12,
Cherokee County,US.GA.CE,1443,44,
Manassas City,US.VA.MS,1435,18,
Monroe County,US.PA.MR,1434,109,
Charles County,US.MD.CH,1430,87,
Boulder County,US.CO.BO,1428,72,
Union County,US.NC.UN,1420,25,
Henry County,US.GA.HY,1414,33,
Beaufort County,US.SC.BA,1408,21,
Hendricks County,US.IN.HD,1390,100,
Madison County,US.AL.MD,1384,8,
Lee County,US.AL.LE,1383,38,
Lebanon County,US.PA.LB,1380,44,
Davis County,US.UT.DA,1379,5,
Sedgwick County,US.KS.SG,1368,28,
Sonoma County,US.CA.SO,1359,11,
Mohave County,US.AZ.MO,1358,88,
Florence County,US.SC.FL,1355,56,
Lowndes County,US.GA.LW,1337,12,
Cumberland County,US.NC.CU,1337,41,
Putnam County,US.NY.PU,1335,63,
Robeson County,US.NC.RB,1321,38,
Waukesha County,US.WI.WK,1317,39,
Saginaw County,US.MI.SG,1315,123,
Cabarrus County,US.NC.CR,1313,33,
Middlesex County,US.CT.MI,1308,186,
Washington County,US.UT.WN,1304,4,
Kankakee County,US.IL.KK,1304,65,
Virginia Beach City,US.VA.VI,1300,30,
Madison County,US.MS.MD,1296,34,
Columbiana County,US.OH.CL,1295,60,
Whitfield County,US.GA.WF,1292,13,
Gaston County,US.NC.GS,1291,11,
Rowan County,US.NC.RW,1287,41,
Ascension Parish,US.LA.AE,1278,58,
Niagara County,US.NY.NI,1277,85,
New London County,US.CT.NL,1277,102,
Merced County,US.CA.MD,1272,11,
Williamson County,US.TN.WL,1268,15,
Randolph County,US.NC.RA,1266,31,
Dallas County,US.IA.DL,1263,29,
St. Johns County,US.FL.SJ,1259,8,
Johnson County,US.IN.JO,1256,117,
Linn County,US.IA.LI,1255,82,
Canyon County,US.ID.CN,1253,6,
Johnson County,US.IA.JH,1251,8,
Warren County,US.NJ.WA,1249,161,
Lafourche Parish,US.LA.LO,1248,89,
Shelby County,US.AL.SH,1246,23,
Alamance County,US.NC.AA,1240,37,
Kent County,US.RI.KE,1234,72,
Sarpy County,US.NE.SY,1230,8,
Richmond County,US.GA.RI,1218,54,
Sussex County,US.NJ.SU,1209,193,
Sumter County,US.SC.SU,1183,25,
Harford County,US.MD.HA,1176,63,
Leavenworth County,US.KS.LV,1173,7,
Bibb County,US.GA.BI,1163,41,
Weber County,US.UT.WB,1158,14,
Carroll County,US.MD.CR,1156,114,
Terrebonne Parish,US.LA.TR,1147,61,
Knox County,US.TN.KN,1142,5,
Glynn County,US.GA.GY,1131,6,
Jones County,US.MS.JO,1120,49,
Kalamazoo County,US.MI.KA,1108,68,
Ottawa County,US.MI.OT,1105,51,
Livingston Parish,US.LA.LV,1102,38,
St. Charles County,US.MO.SA,1102,74,
Olmsted County,US.MN.OL,1101,15,
Burke County,US.NC.BK,1099,20,
New Hanover County,US.NC.NE,1095,7,
Dona Ana County,US.NM.DO,1094,10,
Sampson County,US.NC.SP,1093,6,
Stark County,US.OH.ST,1091,112,
Wicomico County,US.MD.WI,1087,41,
Hunterdon County,US.NJ.HN,1087,124,
Colquitt County,US.GA.CQ,1086,18,
Ingham County,US.MI.IH,1085,29,
Morgan County,US.AL.MG,1084,5,
Douglas County,US.GA.DL,1082,36,
Anderson County,US.TX.AE,1070,2,
Washington County,US.MN.WH,1069,40,
Norfolk City,US.VA.NF,1067,12,
Victoria County,US.TX.VI,1063,8,
Davidson County,US.NC.DD,1056,15,
Hendry County,US.FL.HR,1052,27,
Ellis County,US.TX.EI,1046,19,
Lincoln County,US.AR.LC,1041,11,
Marshall County,US.IA.MS,1041,19,
Accomack County,US.VA.AC,1041,14,
Cleveland County,US.OK.CV,1035,40,
Spotsylvania County,US.VA.SP,1027,31,
Rock Island County,US.IL.RO,1018,29,
Seward County,US.KS.SW,1011,2,
Stafford County,US.VA.SF,1008,5,
Madison County,US.IL.MD,1007,69,
Douglas County,US.CO.DU,1006,52,
Dorchester County,US.SC.DO,1004,4,
Chesapeake City,US.VA.CS,1003,21,
St. John the Baptist Parish,US.LA.SO,1000,87,
Lorain County,US.OH.LR,997,67,
Texas County,US.OK.TE,993,6,
Kendall County,US.IL.KA,989,21,
Neshoba County,US.MS.NS,985,71,
Chatham County,US.NC.CH,984,43,
Hampshire County,US.MA.HS,982,116,
Bossier Parish,US.LA.BO,971,33,
Acadia Parish,US.LA.AD,968,39,
Harrisonburg City,US.VA.HS,963,27,
Franklin County,US.PA.FR,955,44,
Mower County,US.MN.MW,945,2,
Pickens County,US.SC.PI,939,5,
Champaign County,US.IL.CM,939,12,
Clay County,US.FL.CY,936,34,
Forsyth County,US.GA.FO,936,15,
Walker County,US.AL.WK,927,24,
Trumbull County,US.OH.TR,925,65,
Clark County,US.WA.CR,920,29,
Berrien County,US.MI.BN,918,60,
Randall County,US.TX.RA,918,7,
Rankin County,US.MS.RA,916,12,
Elmore County,US.AL.EL,915,14,
Tolland County,US.CT.TO,915,64,
Wilson County,US.TN.WO,910,17,
Lauderdale County,US.MS.LU,908,79,
Catawba County,US.NC.CB,907,12,
Indian River County,US.FL.IN,897,16,
Moore County,US.TX.MO,897,12,
Rock County,US.WI.RO,897,24,
Franklin County,US.AL.FR,894,14,
Charlotte County,US.FL.CH,887,76,
Harrison County,US.MS.HR,886,10,
Dallas County,US.AL.DL,886,9,
Buchanan County,US.MO.BC,883,3,
Putnam County,US.TN.PU,882,7,
Yavapai County,US.AZ.YA,881,10,
St. Francis County,US.AR.SI,881,3,
Cumberland County,US.PA.CU,881,64,
Orangeburg County,US.SC.OR,881,15,
Okaloosa County,US.FL.OA,880,8,
Iredell County,US.NC.IR,869,7,
Marion County,US.FL.MI,868,12,
Baldwin County,US.AL.BD,863,10,
Dawson County,US.NE.DN,861,7,
Forrest County,US.MS.FO,860,42,
Lee County,US.NC.LE,858,8,
Muskegon County,US.MI.MG,850,51,
Guadalupe County,US.TX.GU,849,3,
Iberia Parish,US.LA.II,844,44,
Rice County,US.MN.RI,835,7,
Granville County,US.NC.GN,833,21,
Schenectady County,US.NY.SN,831,35,
Placer County,US.CA.PA,828,11,
Robertson County,US.TN.RB,826,11,
Warren County,US.OH.WR,823,21,
Clackamas County,US.OR.CC,821,25,
Culpeper County,US.VA.CP,817,11,
Santa Rosa County,US.FL.SA,815,9,
Tift County,US.GA.TI,815,26,
Kenton County,US.KY.KE,814,36,
Carroll County,US.GA.CL,814,40,
Lee County,US.AR.LE,798,2,
Salem County,US.NJ.SA,797,77,
Larimer County,US.CO.LR,791,29,
Sevier County,US.TN.SV,790,3,
St. Charles Parish,US.LA.SC,789,49,
Pitt County,US.NC.PI,785,6,
St. Martin Parish,US.LA.SR,779,27,
Orange County,US.NC.OR,775,42,
Westmoreland County,US.PA.WE,774,38,
Midland County,US.TX.ID,772,15,
Scott County,US.MS.SC,770,15,
Bartow County,US.GA.BT,767,42,
Crittenden County,US.AR.CD,766,13,
Coweta County,US.GA.CA,766,16,
Clark County,US.OH.CK,765,9,
Anderson County,US.SC.AN,761,12,
Sandoval County,US.NM.SD,761,29,
Kaufman County,US.TX.KU,758,5,
Story County,US.IA.ST,757,3,
Wilson County,US.NC.WO,757,19,
Schuylkill County,US.PA.SC,754,44,
Scott County,US.IA.SC,752,10,
Broome County,US.NY.BO,752,59,
Rockingham County,US.VA.RG,743,11,
Cochise County,US.AZ.CH,740,14,
Iberville Parish,US.LA.IV,740,43,
Houston County,US.GA.HO,739,24,
Etowah County,US.AL.ET,737,13,
Jefferson County,US.AR.JE,737,28,
Kershaw County,US.SC.KE,737,16,
Titus County,US.TX.TU,737,4,
DeSoto County,US.FL.DE,733,10,
Sevier County,US.AR.SV,732,7,
Honolulu County,US.HI.HO,720,13,
Porter County,US.IN.PR,720,37,
Pottawattamie County,US.IA.PT,720,11,
Beaver County,US.PA.BA,720,79,
Ector County,US.TX.EC,718,9,
St. Landry Parish,US.LA.SL,716,57,
DeKalb County,US.AL.DA,716,5,
Umatilla County,US.OR.UM,716,6,
Cape May County,US.NJ.CP,715,74,
Habersham County,US.GA.HB,714,36,
Wapello County,US.IA.WP,706,30,
Washington Parish,US.LA.WO,705,46,
San Luis Obispo County,US.CA.SS,701,2,
Winnebago County,US.WI.WA,701,13,
Eagle County,US.CO.EA,701,8,
Newton County,US.GA.NE,701,12,
Scott County,US.MN.SC,700,4,
Smith County,US.TX.SM,699,4,
Tippecanoe County,US.IN.TP,694,8,
Dodge County,US.NE.DE,693,8,
Harnett County,US.NC.HT,692,30,
Washington County,US.MD.WA,691,29,
Lake County,US.TN.LK,691,0,
Comal County,US.TX.OM,690,9,
Henderson County,US.NC.HN,687,49,
Clarke County,US.GA.CK,686,15,
Bay County,US.FL.BY,684,5,
Starr County,US.TX.SR,683,3,
Yell County,US.AR.YE,680,3,
Walworth County,US.WI.WL,677,18,
Crawford County,US.IA.CW,677,2,
Dubuque County,US.IA.DU,675,22,
Bradley County,US.TN.BR,674,3,
Paulding County,US.GA.PA,673,16,
Platte County,US.NE.PL,669,3,
Shawnee County,US.KS.SN,669,11,
Colfax County,US.NE.CO,669,4,
Whatcom County,US.WA.WA,663,40,
Twin Falls County,US.ID.TW,662,25,
Morgan County,US.CO.MN,655,46,
Madison County,US.IN.MD,655,64,
St. Mary's County,US.MD.SA,652,51,
Buncombe County,US.NC.BO,646,29,
Erie County,US.PA.ER,646,12,
St. Bernard Parish,US.LA.SE,641,23,
Clark County,US.IN.CK,640,44,
Logan County,US.CO.LO,640,5,
Chambers County,US.AL.CM,637,27,
Tipton County,US.TN.TI,637,5,
Grayson County,US.TX.GO,630,5,
Monroe County,US.MI.MO,629,21,
Brunswick County,US.NC.BS,628,6,
Butler County,US.AL.BT,626,28,
Muscatine County,US.IA.MU,625,44,
Georgetown County,US.SC.GR,623,5,
Chittenden County,US.VT.CH,623,39,
Jasper County,US.MO.JS,620,5,
Bledsoe County,US.TN.BE,619,1,
Jackson County,US.MS.JC,616,16,
Windham County,US.CT.WI,616,14,
Boone County,US.KY.BO,615,23,
Coffee County,US.GA.CF,613,17,
Yolo County,US.CA.YO,613,25,
Boone County,US.IL.BO,608,21,
Columbia County,US.GA.CI,603,9,
Berkshire County,US.MA.BE,602,45,
Copiah County,US.MS.CP,602,16,
McDonald County,US.MO.MA,598,1,
Suwannee County,US.FL.SW,597,21,
Jones County,US.TX.JN,596,0,
Tallapoosa County,US.AL.TP,595,70,
Autauga County,US.AL.AU,591,13,
Wilkes County,US.NC.WE,588,6,
Livingston County,US.MI.LI,588,28,
Shenandoah County,US.VA.SN,587,31,
Floyd County,US.GA.FL,587,15,
Clay County,US.MN.CA,585,38,
St. Clair County,US.MI.SA,583,50,
Hot Spring County,US.AR.HT,583,1,
Bartholomew County,US.IN.BA,582,44,
Washington County,US.MS.WS,578,9,
Madera County,US.CA.ME,578,5,
Sebastian County,US.AR.SB,577,5,
Leake County,US.MS.LK,575,19,
DeKalb County,US.IL.DK,572,19,
Sumter County,US.GA.SU,571,50,
Kandiyohi County,US.MN.KD,570,1,
Newport News City,US.VA.NN,568,10,
Buckingham County,US.VA.BK,566,4,
Howard County,US.IN.HO,565,57,
Faulkner County,US.AR.FA,564,3,
Laurens County,US.SC.LU,564,9,
Baldwin County,US.GA.BD,564,34,
Rensselaer County,US.NY.RE,563,32,
LaPorte County,US.IN.LA,563,26,
Saratoga County,US.NY.SR,562,15,
Bedford County,US.TN.BD,559,5,
Calhoun County,US.MI.CU,558,37,
Grimes County,US.TX.GM,557,2,
Pennington County,US.SD.PN,556,17,
Columbus County,US.NC.CM,555,39,
Delaware County,US.OH.DL,553,15,
Johnson County,US.TX.JH,553,4,
Holmes County,US.MS.HO,551,41,
Peoria County,US.IL.PI,551,28,
Russell County,US.AL.RU,550,0,
St. Mary Parish,US.LA.SM,550,38,
Montgomery County,US.TN.MT,549,7,
Skagit County,US.WA.SG,549,15,
York County,US.ME.YO,549,11,
Lee County,US.MS.LE,547,18,
Belmont County,US.OH.BE,544,22,
Fairfield County,US.OH.FI,543,16,
Rockdale County,US.GA.RO,542,10,
Wayne County,US.MS.WY,542,13,
Oktibbeha County,US.MS.OK,541,26,
Angelina County,US.TX.AG,541,9,
Tuscarawas County,US.OH.TU,541,10,
Saline County,US.NE.SL,540,2,
Beadle County,US.SD.BA,539,7,
Blaine County,US.ID.BL,539,5,
Portsmouth City,US.VA.PR,539,18,
Washington County,US.RI.WA,538,50,
Grant County,US.WA.GN,536,6,
Lancaster County,US.SC.LN,536,12,
Kosciusko County,US.IN.KO,535,4,
Barrow County,US.GA.BW,535,25,
McCurtain County,US.OK.MU,534,7,
Greenwood County,US.SC.GW,533,7,
Hunt County,US.TX.HT,533,8,
Municipality of Anchorage,US.AK.AN,525,6,
Outagamie County,US.WI.OU,524,9,
Jackson County,US.MI.JA,523,31,
Vance County,US.NC.VA,523,38,
Moore County,US.NC.ME,522,13,
Hernando County,US.FL.HA,521,5,
Maverick County,US.TX.MV,519,5,
Frederick County,US.VA.FK,518,6,
Putnam County,US.FL.PU,516,6,
Summit County,US.UT.SU,515,1,
Nash County,US.NC.NA,514,6,
Warren County,US.MS.WR,511,18,
La Crosse County,US.WI.LA,510,0,
Muhlenberg County,US.KY.MU,510,8,
Ware County,US.GA.WE,508,16,
Medina County,US.OH.MD,508,32,
Yazoo County,US.MS.YZ,505,6,
Hardee County,US.FL.HD,504,3,
Pike County,US.PA.PI,502,21,
Vanderburgh County,US.IN.VA,502,6,
Hale County,US.TX.HE,500,7,
Surry County,US.NC.SU,497,2,
Androscoggin County,US.ME.AN,496,4,
Jefferson County,US.MO.JE,496,22,
Thomas County,US.GA.TH,496,32,
Houston County,US.AL.HO,494,6,
Lyon County,US.KS.LY,492,7,
Lake County,US.OH.LK,492,18,
Lauderdale County,US.AL.LU,491,6,
Cecil County,US.MD.CE,490,29,
Aiken County,US.SC.AI,488,10,
Leflore County,US.MS.LL,486,51,
Caldwell County,US.NC.CL,486,4,
Taylor County,US.TX.TA,486,6,
Limestone County,US.AL.LI,486,0,
Darlington County,US.SC.DA,484,15,
Lowndes County,US.MS.LO,483,12,
Bulloch County,US.GA.BH,483,4,
Franklin Parish,US.LA.FR,483,14,
Marshall County,US.IN.MS,482,3,
Grenada County,US.MS.GN,479,5,
Dodge County,US.WI.DD,478,5,
Clay County,US.MO.CY,478,11,
Pope County,US.AR.PP,476,4,
Roanoke city,US.VA.RO,476,10,
Columbia County,US.NY.CU,474,47,
Craighead County,US.AR.CG,472,7,
Berkeley County,US.WV.BE,470,10,
Jackson County,US.IN.JC,469,3,
Noble County,US.IN.NO,469,28,
Lowndes County,US.AL.LO,469,21,
Bastrop County,US.TX.BP,468,6,
LaGrange County,US.IN.LG,467,7,
Licking County,US.OH.LI,466,12,
Tama County,US.IA.TM,462,29,
Sioux County,US.IA.SI,461,0,
Spalding County,US.GA.SD,459,32,
Walton County,US.GA.WA,459,28,
Stanly County,US.NC.SN,459,5,
Albemarle County,US.VA.AB,456,9,
Lamar County,US.MS.LM,456,7,
Wright County,US.MN.WR,456,4,
Mitchell County,US.GA.MT,456,38,
Miami County,US.OH.MM,455,31,
Santa Cruz County,US.CA.SZ,455,3,
Lincoln County,US.MS.LI,454,34,
Blue Earth County,US.MN.BE,453,2,
Daviess County,US.KY.DA,452,8,
Macon County,US.TN.MC,452,3,
Newton County,US.MO.NT,451,2,
Bowie County,US.TX.BW,449,12,
Cullman County,US.AL.CU,447,4,
Gadsden County,US.FL.GA,446,7,
Sangamon County,US.IL.SM,446,32,
East Carroll Parish,US.LA.EC,444,1,
Hanover County,US.VA.HV,443,29,
Comanche County,US.OK.CM,443,7,
Suffolk City,US.VA.SO,443,37,
Clarendon County,US.SC.CN,442,43,
Union Parish,US.LA.UN,441,24,
Hancock County,US.IN.HC,440,35,
Caldwell County,US.TX.CW,437,2,
Gordon County,US.GA.GO,437,18,
Boone County,US.IN.BO,437,43,
Manassas Park city,US.VA.MP,435,6,
Nacogdoches County,US.TX.NC,435,26,
Shelby County,US.KY.SH,433,16,
Portage County,US.OH.PO,432,58,
Delaware County,US.IN.DL,431,50,
Pike County,US.MS.PI,431,12,
Ashtabula County,US.OH.AB,431,44,
Fauquier County,US.VA.FQ,431,7,
Webster Parish,US.LA.WR,431,12,
Williamsburg County,US.SC.WI,430,15,
Chattahoochee County,US.GA.CH,428,0,
Jackson County,US.GA.JC,427,10,
Pike County,US.AL.PK,427,5,
Wichita County,US.TX.WC,425,2,
Shelby County,US.IN.SH,423,25,
Washington County,US.WI.WN,422,16,
Jefferson Davis Parish,US.LA.JD,419,9,
Wasatch County,US.UT.WA,419,3,
Calvert County,US.MD.CL,419,27,
Payne County,US.OK.PY,417,1,
Merrimack County,US.NH.ME,417,18,
San Juan County,US.UT.SJ,413,9,
Okeechobee County,US.FL.OE,413,0,
Wood County,US.OH.WO,412,51,
Sumter County,US.FL.SM,408,17,
Columbia County,US.PA.CO,408,34,
Fayette County,US.GA.FY,408,19,
Tom Green County,US.TX.TG,408,1,
Pueblo County,US.CO.PU,404,30,
Washington County,US.OK.WN,403,39,
Bay County,US.MI.BY,403,30,
Grand Forks County,US.ND.GD,402,4,
Kootenai County,US.ID.KO,401,1,
Jackson County,US.FL.JA,401,2,
Colbert County,US.AL.CL,400,6,
Todd County,US.MN.TO,400,2,
Geauga County,US.OH.GE,400,42,
Gregg County,US.TX.GE,399,13,
Lee County,US.GA.LE,399,22,
Monroe County,US.MS.MR,399,30,
Bladen County,US.NC.BL,398,3,
Highlands County,US.FL.HG,397,11,
Rockwall County,US.TX.RC,395,11,
Boone County,US.MO.BO,395,2,
Clermont County,US.OH.CE,394,6,
Chelan County,US.WA.CH,392,6,
St. James Parish,US.LA.SJ,390,29,
Liberty County,US.TX.LT,390,3,
Lafayette County,US.MS.LY,389,4,
Chesterfield County,US.SC.CF,389,14,
Hoke County,US.NC.HO,389,3,
Craven County,US.NC.CN,387,6,
Madison Parish,US.LA.MA,383,2,
Hamilton County,US.FL.HM,382,2,
Lenoir County,US.NC.LN,380,11,
Wright County,US.IA.WG,379,1,
Coffee County,US.AL.CF,378,2,
Avoyelles Parish,US.LA.AV,378,14,
Franklin County,US.NC.FR,377,21,
Upson County,US.GA.UP,377,43,
Napa County,US.CA.NA,376,4,
St. Clair County,US.AL.SA,376,2,
Bullock County,US.AL.BL,373,11,
Franklin County,US.MA.FR,373,55,
Assumption Parish,US.LA.AS,373,15,
Citrus County,US.FL.CI,372,13,
Sunflower County,US.MS.SU,372,7,
Floyd County,US.IN.FL,371,44,
Madison County,US.NE.MA,371,4,
Harris County,US.GA.HI,369,11,
Flagler County,US.FL.FL,369,5,
Greensville County,US.VA.GS,367,7,
Fremont County,US.WY.FR,366,9,
Cleveland County,US.NC.CV,365,4,
Lincoln County,US.SD.LI,365,1,
Carver County,US.MN.CV,364,1,
Colleton County,US.SC.CT,363,22,
Madison County,US.NY.MA,363,9,
Covington County,US.AL.CV,362,8,
De Soto Parish,US.LA.DE,361,19,
Wayne County,US.OH.WE,360,51,
Louisa County,US.IA.LO,360,13,
Hampton city,US.VA.HM,360,5,
Attala County,US.MS.AT,359,23,
La Paz County,US.AZ.LA,357,5,
Union County,US.OR.UN,355,1,
Deaf Smith County,US.TX.DI,355,15,
Chambers County,US.TX.CH,352,2,
Barbour County,US.AL.BR,350,2,
Adams County,US.PA.AD,349,13,
Columbia County,US.FL.CU,348,3,
Covington County,US.MS.CV,347,5,
Lincoln County,US.OR.LC,346,3,
Panola County,US.MS.PA,345,6,
Walker County,US.GA.WK,344,12,
Lincoln Parish,US.LA.LN,344,19,
Parker County,US.TX.PR,344,1,
Brown County,US.SD.BW,343,2,
Maury County,US.TN.MU,342,3,
Oceana County,US.MI.OA,342,4,
Yadkin County,US.NC.YD,340,5,
St. Joseph County,US.MI.SJ,340,5,
Calhoun County,US.AL.CN,340,5,
Butler County,US.PA.BT,340,13,
Onslow County,US.NC.ON,339,3,
Newton County,US.MS.NW,339,9,
Monroe County,US.FL.MO,337,5,
Saline County,US.AR.SL,337,2,
Montgomery County,US.NC.MO,337,7,
Escambia County,US.AL.ES,337,6,
Jackson County,US.IL.JC,336,19,
Coryell County,US.TX.CL,336,2,
Eaton County,US.MI.EA,335,7,
Gila County,US.AZ.GI,335,6,
Kanawha County,US.WV.KA,335,20,
Edgecombe County,US.NC.ED,334,9,
Bolivar County,US.MS.BO,334,14,
Winchester city,US.VA.WH,332,3,
Richland County,US.OH.RI,332,5,
Harrison County,US.TX.HR,332,22,
Allegan County,US.MI.AL,331,6,
Newport County,US.RI.NE,331,2,
Dillon County,US.SC.DI,330,10,
Hardeman County,US.TN.HA,329,4,
Morgan County,US.IN.MG,327,31,
Canadian County,US.OK.CN,325,3,
Worth County,US.GA.WO,324,22,
Iron County,US.UT.RN,324,1,
Rutherford County,US.NC.RU,324,9,
Northumberland County,US.PA.NU,323,8,
Catoosa County,US.GA.CS,323,8,
Caroline County,US.MD.CO,322,3,
Jasper County,US.IA.JS,321,17,
Allen Parish,US.LA.AL,321,11,
Halifax County,US.NC.HL,321,4,
Natchitoches Parish,US.LA.NA,319,14,
Oconee County,US.SC.OC,318,1,
Fond du Lac County,US.WI.FN,318,6,
Garfield County,US.CO.GA,318,2,
Hamblen County,US.TN.HB,317,4,
Lamar County,US.TX.LR,316,13,
Hale County,US.AL.HA,315,21,
Burleigh County,US.ND.BL,314,0,
Plymouth County,US.IA.PM,313,5,
Marlboro County,US.SC.ML,313,4,
Fayette County,US.TN.FA,312,2,
Broomfield County and City,US.CO.BR,312,30,
Talladega County,US.AL.TD,311,8,
Fairfield County,US.SC.FA,310,22,
Simpson County,US.MS.SI,310,3,
Adams County,US.MS.AD,310,18,
Richmond County,US.NC.RI,309,7,
Lyon County,US.MN.LY,309,2,
Allen County,US.OH.AN,308,40,
Wagoner County,US.OK.WG,308,19,
East Feliciana Parish,US.LA.EF,308,33,
Greene County,US.MO.GE,308,8,
Sherburne County,US.MN.SH,307,5,
Lee County,US.SC.LE,307,22,
Gonzales County,US.TX.GA,306,4,
Walton County,US.FL.WL,305,9,
Lapeer County,US.MI.LP,304,31,
Marengo County,US.AL.ME,304,11,
Orange County,US.TX.OR,303,5,
Adams County,US.NE.AD,299,10,
Richmond County,US.VA.RI,298,4,
Vermilion Parish,US.LA.VM,297,6,
Pender County,US.NC.PD,296,2,
Medina County,US.TX.ME,295,2,
Warren County,US.VA.WR,295,6,
Lincoln County,US.NC.LI,295,1,
Strafford County,US.NH.ST,294,13,
Montgomery County,US.IN.MM,293,20,
Worcester County,US.MD.WO,292,17,
Wilcox County,US.AL.WC,292,8,
Gallatin County,US.MT.GL,291,1,
Newberry County,US.SC.NE,291,5,
Butts County,US.GA.BU,291,33,
Madison County,US.TN.MD,291,2,
Grant County,US.IN.GA,291,26,
Freeborn County,US.MN.FR,290,0,
West Baton Rouge Parish,US.LA.WB,290,30,
Washington County,US.TX.WH,289,31,
Clinton County,US.IN.CI,288,2,
Macon County,US.NC.MN,288,1,
Randolph County,US.IL.RA,288,7,
Crisp County,US.GA.CP,287,12,
Laramie County,US.WY.LA,287,2,
Thurston County,US.WA.TH,287,7,
Carbon County,US.PA.CB,286,26,
Appling County,US.GA.AP,286,14,
Dale County,US.AL.DE,285,0,
Sumter County,US.AL.SU,285,12,
Val Verde County,US.TX.VL,285,0,
Henry County,US.VA.HY,284,4,
Saline County,US.MO.SI,284,4,
Shelby County,US.TX.SY,283,9,
Navarro County,US.TX.NV,283,6,
Pontotoc County,US.MS.PO,283,6,
Orleans County,US.NY.OL,282,54,
Page County,US.VA.PA,281,23,
Mercer County,US.OH.MC,280,8,
Loudon County,US.TN.LO,280,1,
Bacon County,US.GA.BC,280,4,
James City County,US.VA.JA,279,15,
Eau Claire County,US.WI.EA,279,1,
Washington County,US.PA.WS,279,6,
Rhea County,US.TN.RH,278,0,
Summit County,US.CO.SU,278,4,
Tate County,US.MS.TT,278,10,
Roanoke County,US.VA.RE,278,4,
Ontario County,US.NY.OR,278,26,
Shiawassee County,US.MI.SH,277,28,
Nassau County,US.FL.NA,277,1,
Garland County,US.AR.GL,277,1,
Chickasaw County,US.MS.CS,276,18,
Monroe County,US.IN.MR,276,28,
Stephenson County,US.IL.SN,276,5,
Early County,US.GA.EA,275,31,
Marion County,US.MS.MI,275,11,
Clarke County,US.AL.CK,274,6,
Jefferson County,US.WI.JE,274,4,
Pointe Coupee Parish,US.LA.PO,274,28,
McLean County,US.IL.ML,273,13,
Warren County,US.IA.WR,273,1,
Plaquemines Parish,US.LA.PL,273,17,
Douglas County,US.WA.DO,273,3,
Jackson County,US.AL.JA,272,3,
Toombs County,US.GA.TM,272,5,
Petersburg city,US.VA.PB,271,5,
Northampton County,US.VA.NA,271,28,
Campbell County,US.KY.CM,270,13,
Claiborne County,US.MS.CB,270,10,
Steuben County,US.NY.ST,269,29,
Ogle County,US.IL.OG,269,4,
Johnson County,US.AR.JO,269,0,
Warren County,US.NY.WR,268,30,
Dubois County,US.IN.DU,266,6,
Decatur County,US.GA.DC,266,8,
Hopkins County,US.KY.HO,265,32,
Galax city,US.VA.GA,265,15,
Tooele County,US.UT.TE,265,0,
San Benito County,US.CA.SI,265,2,
Dickinson County,US.IA.DI,264,2,
McDowell County,US.NC.MW,264,2,
Crawford County,US.KS.CR,263,1,
Greene County,US.NY.GR,263,13,
Marion County,US.SC.MI,262,8,
Matagorda County,US.TX.MD,262,5,
Cassia County,US.ID.CS,262,1,
Noxubee County,US.MS.NO,261,8,
Stephens County,US.GA.SE,261,6,
Fulton County,US.NY.FU,261,26,
Jasper County,US.MS.JS,261,6,
Hardin County,US.TX.HN,260,5,
White County,US.IN.WH,260,10,
Branch County,US.MI.BC,260,2,
Winston County,US.MS.WN,259,6,
Santa Fe County,US.NM.ST,259,3,
Henry County,US.IN.HY,258,15,
Winston County,US.AL.WN,257,3,
Rockingham County,US.NC.RC,257,2,
Butler County,US.KY.BR,257,14,
Bristol County,US.RI.BR,256,7,
Fredericksburg City,US.VA.FB,255,0,
Huntingdon County,US.PA.HU,254,4,
Pearl River County,US.MS.PL,254,32,
Ozaukee County,US.WI.OZ,253,15,
Union County,US.AR.UN,252,13,
Clay County,US.MS.CY,249,10,
Rusk County,US.TX.RK,249,2,
Decatur County,US.IN.DC,249,32,
Morehouse Parish,US.LA.MO,248,10,
Mecklenburg County,US.VA.ME,248,28,
Winn Parish,US.LA.WI,248,5,
Greene County,US.OH.GR,248,9,
Dyer County,US.TN.DY,248,1,
Clinton County,US.MI.CN,247,12,
Murray County,US.GA.MA,247,2,
Jerome County,US.ID.JR,247,5,
West Feliciana Parish,US.LA.WF,247,14,
Washington County,US.NY.WS,246,14,
Yellowstone County,US.MT.YS,246,4,
Darke County,US.OH.DA,246,25,
Chilton County,US.AL.CI,246,3,
Prince George County,US.VA.PG,244,1,
Sutter County,US.CA.SU,243,3,
Lawrence County,US.IN.LW,242,25,
Clinton County,US.IL.CN,241,16,
Kitsap County,US.WA.KS,241,2,
Queen Anne's County,US.MD.QU,240,20,
Jefferson County,US.WV.JE,239,4,
Madison County,US.FL.MD,239,3,
Genesee County,US.NY.GE,239,5,
Liberty County,US.FL.LI,238,1,
Lenawee County,US.MI.LN,236,6,
Erie County,US.OH.ER,236,22,
Monroe County,US.AL.MR,235,2,
Van Buren County,US.MI.VA,234,8,
Washington County,US.IA.WS,234,9,
Macon County,US.IL.MC,234,22,
Blount County,US.AL.BU,234,1,
Frio County,US.TX.FO,233,0,
Bienville Parish,US.LA.BI,233,27,
Tuscola County,US.MI.TU,233,26,
McMinn County,US.TN.MM,232,18,
Terrell County,US.GA.TL,232,27,
Beauregard Parish,US.LA.BE,231,9,
Vigo County,US.IN.VI,231,8,
Polk County,US.GA.PO,231,1,
Cibola County,US.NM.CI,231,14,
Wharton County,US.TX.WN,230,1,
Charlottesville City,US.VA.CE,230,6,
Pickens County,US.AL.PC,228,6,
Dearborn County,US.IN.DR,228,23,
Steele County,US.MN.SE,228,1,
Logan County,US.KY.LO,227,12,
Carroll County,US.VA.CL,227,9,
Saluda County,US.SC.SA,226,1,
El Dorado County,US.CA.EL,226,0,
Holmes County,US.OH.HL,226,3,
Marshall County,US.MS.MS,226,3,
Cheatham County,US.TN.CA,225,1,
LaSalle County,US.IL.LA,225,17,
Sheboygan County,US.WI.SE,224,4,
Centre County,US.PA.CT,224,7,
Scotts Bluff County,US.NE.SC,224,3,
Marion County,US.AL.MI,223,13,
St. Lawrence County,US.NY.SI,222,3,
Grady County,US.GA.GD,221,4,
Laurens County,US.GA.LR,221,1,
Chester County,US.SC.CR,221,2,
Hancock County,US.GA.HC,220,32,
Graves County,US.KY.GV,219,21,
Jackson Parish,US.LA.JA,219,16,
Riley County,US.KS.RL,219,3,
Pasquotank County,US.NC.PU,218,17,
Smith County,US.MS.SM,218,11,
Blount County,US.TN.BO,218,3,
Franklin County,US.MO.FR,217,18,
Willacy County,US.TX.WY,217,3,
Franklin County,US.GA.FR,217,1,
Watonwan County,US.MN.WT,216,0,
Evangeline Parish,US.LA.EV,216,1,
Meriwether County,US.GA.MW,215,3,
Parmer County,US.TX.PM,215,7,
Rogers County,US.OK.RS,214,6,
Panola County,US.TX.PN,214,17,
Benton County,US.MN.BN,214,3,
Prince Edward County,US.VA.PD,213,6,
Harrison County,US.IN.HI,212,22,
Cherokee County,US.TX.CK,212,2,
Dooly County,US.GA.DO,212,12,
Warrick County,US.IN.WI,212,29,
Webster County,US.IA.WE,212,2,
Huron County,US.OH.HU,211,2,
Deschutes County,US.OR.DE,211,0,
Christian County,US.KY.CH,210,4,
Davie County,US.NC.DV,210,3,
Sussex County,US.VA.SS,209,5,
Allegany County,US.MD.AL,208,17,
Lycoming County,US.PA.LY,208,20,
Crawford County,US.AR.CW,208,1,
Monongalia County,US.WV.MG,208,5,
Montrose County,US.CO.MO,208,12,
Lane County,US.OR.LE,208,3,
Union County,US.MS.UN,207,9,
Butte County,US.CA.BU,206,3,
Clarke County,US.MS.CE,206,24,
Dickson County,US.TN.DI,206,0,
Conecuh County,US.AL.CO,206,7,
Oswego County,US.NY.OS,206,3,
Richland Parish,US.LA.RI,204,4,
Cowlitz County,US.WA.CW,204,0,
Ionia County,US.MI.II,203,4,
Levy County,US.FL.LV,202,1,
Mississippi County,US.AR.MS,202,3,
St. Croix County,US.WI.SI,202,1,
Minidoka County,US.ID.MI,202,0,
Randolph County,US.AL.RA,202,9,
Marathon County,US.WI.MH,201,1,
Randolph County,US.GA.RN,201,25,
Alamosa County,US.CO.AL,200,4,
Kent County,US.MD.KE,200,23,
Madison County,US.AR.MD,200,0,
Walthall County,US.MS.WT,199,4,
Coahoma County,US.MS.CH,199,6,
Hillsdale County,US.MI.HI,199,25,
Island County,US.WA.IS,197,12,
Choctaw County,US.AL.CC,196,12,
McClain County,US.OK.ML,196,4,
Pierce County,US.GA.PR,196,5,
Holmes County,US.FL.HO,195,0,
Gilmer County,US.GA.GI,195,2,
Buffalo County,US.NE.BF,194,1,
Union County,US.IL.UN,194,19,
Catahoula Parish,US.LA.CT,194,3,
Effingham County,US.GA.EF,194,1,
Madison County,US.OH.MO,193,8,
Whiteside County,US.IL.WD,193,15,
Cape Girardeau County,US.MO.CG,193,3,
Monroe County,US.GA.MN,193,18,
Caddo County,US.OK.CD,193,11,
Dorchester County,US.MD.DO,192,5,
Augusta County,US.VA.AU,192,2,
Malheur County,US.OR.ML,191,1,
Isle of Wight County,US.VA.IS,190,9,
Bibb County,US.AL.BI,190,1,
Curry County,US.NM.CU,190,0,
Gunnison County,US.CO.GU,189,6,
Macon County,US.AL.MC,189,9,
Ohio County,US.KY.OH,188,0,
Douglas County,US.KS.DG,188,0,
Northampton County,US.NC.NO,188,15,
Hamilton County,US.IA.HM,187,1,
San Patricio County,US.TX.SP,187,0,
Carroll County,US.AR.CL,187,5,
Camden County,US.GA.CD,186,2,
Hopewell city,US.VA.HW,185,2,
Jim Wells County,US.TX.JW,185,0,
Susquehanna County,US.PA.SS,185,24,
Echols County,US.GA.EC,185,0,
Greene County,US.IN.GE,185,32,
Ben Hill County,US.GA.BL,184,1,
Lavaca County,US.TX.LA,184,1,
Greene County,US.AL.GR,183,8,
Stewart County,US.GA.SW,183,3,
Uinta County,US.WY.UI,183,0,
Wayne County,US.NY.WN,183,2,
Miami County,US.IN.MI,182,2,
Osage County,US.OK.OS,182,8,
Greene County,US.NC.GE,182,3,
Portage County,US.WI.PT,181,0,
Cumberland County,US.TN.CU,180,4,
Cherokee County,US.SC.CK,180,7,
Newaygo County,US.MI.NE,179,0,
Kemper County,US.MS.KE,178,14,
Turner County,US.GA.TR,178,16,
Oconee County,US.GA.OC,178,10,
Tompkins County,US.NY.TO,178,0,
Hardin County,US.KY.HN,177,6,
Brooks County,US.GA.BO,177,11,
St. Louis County,US.MN.ST,177,15,
Walla Walla County,US.WA.WL,177,2,
Waller County,US.TX.WR,175,0,
Jennings County,US.IN.JN,174,11,
Lawrence County,US.MS.LW,174,1,
Glades County,US.FL.GL,174,1,
Grant County,US.WI.GA,172,13,
Cook County,US.GA.CO,172,2,
Scott County,US.MO.ST,172,11,
McCracken County,US.KY.MK,172,3,
Delaware County,US.OK.DL,172,16,
Lea County,US.NM.LE,172,0,
Carson City,US.NV.CA,172,5,
Herkimer County,US.NY.HE,172,3,
Coles County,US.IL.CE,172,17,
Houston County,US.TX.HS,171,0,
Grundy County,US.IL.GU,171,5,
Allen County,US.KY.AL,171,7,
Putnam County,US.GA.PT,171,12,
Midland County,US.MI.MD,171,9,
Box Elder County,US.UT.BE,170,1,
Polk County,US.TX.PK,170,0,
Yalobusha County,US.MS.YL,170,7,
Perry County,US.AL.PE,170,1,
Jasper County,US.SC.JA,170,3,
Hertford County,US.NC.HD,169,10,
Grady County,US.OK.GD,169,5,
Creek County,US.OK.CE,169,7,
Putnam County,US.IN.PT,168,8,
Randolph County,US.WV.RN,167,0,
Calhoun County,US.GA.CU,166,6,
Warren County,US.NC.WR,165,5,
Lonoke County,US.AR.LO,164,1,
Carroll County,US.MS.CL,164,11,
Fairbanks North Star Borough,US.AK.FA,164,2,
Vernon Parish,US.LA.VN,164,8,
Bryan County,US.GA.BY,163,5,
Southampton County,US.VA.SA,163,7,
Henderson County,US.KY.HE,163,3,
Martin County,US.MN.MT,163,5,
Lynchburg city,US.VA.LY,162,1,
Atkinson County,US.GA.AT,162,2,
Iroquois County,US.IL.IR,161,5,
Kenai Peninsula Borough,US.AK.KN,160,2,
DeKalb County,US.IN.DE,160,4,
Scott County,US.IN.SC,160,7,
Cass County,US.MI.CS,160,6,
Polk County,US.OR.PO,159,12,
Henderson County,US.TX.HD,159,4,
Nicollet County,US.MN.NI,159,12,
Chicot County,US.AR.CT,159,3,
Lawrence County,US.TN.LW,157,6,
Linn County,US.OR.LN,157,9,
Tattnall County,US.GA.TT,156,0,
Phillips County,US.AR.PH,155,4,
Montgomery County,US.VA.MO,155,2,
Cerro Gordo County,US.IA.CG,155,1,
Burke County,US.GA.BE,155,7,
Bullitt County,US.KY.BI,154,4,
Dawson County,US.GA.DW,153,3,
Orange County,US.VA.OR,153,3,
Cass County,US.MO.CS,152,8,
Johnson County,US.MO.JO,151,0,
St. Francois County,US.MO.SF,151,2,
Mercer County,US.PA.ME,150,6,
White County,US.GA.WH,150,4,
Cabell County,US.WV.CB,150,0,
Adams County,US.WA.AD,150,0,
Tazewell County,US.IL.TA,149,8,
Perry County,US.MO.PR,149,0,
Bertie County,US.NC.BT,149,4,
Washington County,US.TN.WI,149,0,
Anson County,US.NC.AN,148,1,
Lanier County,US.GA.LI,148,3,
Dinwiddie County,US.VA.DN,148,2,
Shasta County,US.CA.SH,148,4,
Boone County,US.IA.BO,147,1,
Humphreys County,US.MS.HU,147,9,
Liberty County,US.GA.LB,147,1,
Jackson County,US.OR.JA,147,0,
Talbot County,US.MD.TA,147,4,
Chenango County,US.NY.CH,146,6,
Chemung County,US.NY.CM,146,3,
Erath County,US.TX.ER,146,1,
Scotland County,US.NC.SC,146,2,
Colonial Heights city,US.VA.CH,145,18,
Kennebec County,US.ME.KE,145,10,
Burnet County,US.TX.BT,145,3,
Lumpkin County,US.GA.LP,145,3,
Tioga County,US.NY.TI,145,19,
Humboldt County,US.CA.HU,144,4,
Franklin County,US.KY.FR,144,4,
Bamberg County,US.SC.BM,144,1,
Caswell County,US.NC.CS,144,2,
Ottawa County,US.OH.OT,143,23,
Warren County,US.IL.WR,143,0,
Lauderdale County,US.TN.LU,143,3,
Brewster County,US.TX.BS,143,1,
Jackson County,US.WV.JA,143,18,
Banks County,US.GA.BS,142,1,
Daviess County,US.IN.DI,142,16,
West Carroll Parish,US.LA.WC,141,5,
Emporia city,US.VA.EM,141,15,
Stoddard County,US.MO.SD,141,8,
Martin County,US.NC.MR,141,4,
Wayne County,US.PA.WN,141,8,
Grayson County,US.KY.GY,140,11,
Valencia County,US.NM.VA,140,2,
Elko County,US.NV.EL,140,1,
Kittitas County,US.WA.KT,140,0,
Audrain County,US.MO.AU,139,1,
Oldham County,US.KY.OL,139,7,
Emanuel County,US.GA.EM,139,3,
Monroe County,US.TN.MR,138,6,
Bedford County,US.VA.BF,137,3,
Muskogee County,US.OK.MO,137,11,
Knox County,US.IL.KX,137,0,
Teton County,US.WY.TE,137,1,
Uvalde County,US.TX.UV,137,1,
Natrona County,US.WY.NA,136,1,
Cass County,US.IL.CS,136,7,
Tallahatchie County,US.MS.TL,136,4,
Wayne County,US.IN.WY,136,6,
Orange County,US.IN.OR,135,23,
Wise County,US.TX.WE,135,4,
Itawamba County,US.MS.IT,135,8,
Crawford County,US.OH.CF,135,5,
Fayette County,US.PA.FA,135,4,
Jefferson County,US.GA.JR,135,1,
Stokes County,US.NC.SO,135,1,
Atascosa County,US.TX.AT,135,2,
Cottonwood County,US.MN.CT,134,0,
Pittsylvania County,US.VA.PS,134,1,
Anderson County,US.TN.AN,134,2,
Union County,US.SD.UN,133,1,
Henry County,US.AL.HE,133,4,
Botetourt County,US.VA.BO,133,4,
Washington County,US.GA.WG,133,1,
Yamhill County,US.OR.YA,132,8,
Wilson County,US.TX.WS,132,5,
Clay County,US.IA.CY,132,0,
Jefferson County,US.OR.JE,132,0,
Wilcox County,US.GA.WC,131,15,
Payette County,US.ID.PA,131,2,
Washington County,US.OH.WS,131,20,
Montgomery County,US.MS.MT,131,2,
Bonneville County,US.ID.BV,131,1,
Pecos County,US.TX.PE,131,0,
Livingston County,US.NY.LI,131,4,
Chautauqua County,US.NY.CQ,131,3,
Isabella County,US.MI.IB,131,8,
Lamar County,US.GA.LM,130,6,
Morgan County,US.IL.MG,130,3,
Berrien County,US.GA.BN,130,0,
Tippah County,US.MS.TP,130,11,
Klamath County,US.OR.KL,130,1,
Clarke County,US.IA.CK,130,2,
Madison County,US.KY.MD,130,1,
Monroe County,US.IL.MR,129,13,
Miller County,US.AR.ML,129,2,
Nevada County,US.CA.NE,129,1,
Calhoun County,US.MS.CN,129,4,
Trempealeau County,US.WI.TR,129,0,
Goodhue County,US.MN.GO,129,8,
Crenshaw County,US.AL.CA,129,3,
Pulaski County,US.MO.PA,128,1,
Caroline County,US.VA.CI,128,4,
Steuben County,US.IN.SE,128,2,
Gibson County,US.TN.GB,128,1,
Maui County,US.HI.MA,128,6,
Waupaca County,US.WI.WP,128,10,
Jefferson County,US.TN.JE,127,0,
Jackson County,US.NC.JA,127,1,
Perry County,US.IN.PE,127,9,
Putnam County,US.OH.PU,127,15,
Louisa County,US.VA.LI,127,1,
Graham County,US.AZ.GA,127,2,
Cattaraugus County,US.NY.CG,127,6,
Thurston County,US.NE.TU,127,1,
Carter County,US.OK.CR,127,1,
Sandusky County,US.OH.SA,127,14,
Allamakee County,US.IA.AL,127,4,
Jeff Davis County,US.GA.JF,126,3,
Hancock County,US.MS.HN,126,13,
Lyon County,US.NV.LY,126,2,
Adair County,US.KY.AD,126,19,
Goochland County,US.VA.GO,126,6,
Williamson County,US.IL.WS,126,4,
Telfair County,US.GA.TF,125,3,
Claiborne Parish,US.LA.CI,125,10,
Webster County,US.MS.WE,125,10,
Pettis County,US.MO.PS,125,1,
Laurel County,US.KY.LU,124,3,
York County,US.VA.YO,124,3,
Platte County,US.MO.PT,124,6,
Franklin County,US.IN.FR,124,8,
Bryan County,US.OK.BR,123,1,
Alpena County,US.MI.AP,123,11,
Camp County,US.TX.CP,123,1,
Otsego County,US.MI.OS,123,10,
Nye County,US.NV.NY,122,3,
Glenn County,US.CA.GL,122,0,
Winona County,US.MN.WN,122,15,
Jenkins County,US.GA.JK,121,12,
La Plata County,US.CO.LA,121,1,
Greene County,US.AR.GE,121,0,
Gray County,US.TX.GY,121,2,
Washington County,US.FL.WS,120,13,
Fluvanna County,US.VA.FV,120,8,
Cayuga County,US.NY.CY,120,2,
Yuba County,US.CA.YU,120,2,
Hood County,US.TX.HO,120,4,
Adair County,US.OK.AD,120,4,
McDuffie County,US.GA.MU,120,7,
Hardin County,US.OH.HD,120,12,
Montgomery County,US.NY.MT,119,4,
Macon County,US.GA.MC,119,9,
Sauk County,US.WI.SU,119,3,
Abbeville County,US.SC.AB,119,0,
Iosco County,US.MI.IC,118,11,
Ross County,US.OH.RO,118,3,
Choctaw County,US.OK.CA,118,1,
Coffee County,US.TN.CF,117,0,
Concordia Parish,US.LA.CR,117,6,
Calumet County,US.WI.CA,117,2,
Peach County,US.GA.PH,117,9,
Penobscot County,US.ME.PE,116,2,
Smith County,US.TN.SH,116,1,
Sullivan County,US.TN.SL,116,2,
Morrow County,US.OH.MW,116,1,
Red River County,US.TX.RV,116,11,
Pottawatomie County,US.OK.PT,115,4,
Wayne County,US.WV.WA,115,9,
Mahaska County,US.IA.MK,115,17,
Ripley County,US.IN.RI,115,7,
Sullivan County,US.MO.SV,115,0,
Wood County,US.WV.WO,115,2,
San Augustine County,US.TX.SG,114,7,
Lawrence County,US.PA.LW,114,9,
Madison County,US.GA.MD,114,4,
Indiana County,US.PA.IN,114,6,
Person County,US.NC.PN,114,1,
Nottoway County,US.VA.NY,114,2,
Matanuska-Susitna Borough,US.AK.MA,114,1,
Washington County,US.ID.WA,114,0,
Jackson County,US.KY.JA,114,14,
Jasper County,US.IN.JS,114,2,
Shelby County,US.IA.SH,114,0,
Adams County,US.IL.AD,113,1,
Mesa County,US.CO.ME,113,0,
Dodge County,US.GA.DG,113,2,
Juniata County,US.PA.JU,113,6,
Elbert County,US.GA.EL,112,0,
Clinch County,US.GA.CC,112,3,
Obion County,US.TN.OB,112,2,
Chaves County,US.NM.CH,112,2,
Alexander County,US.NC.AE,112,1,
Jackson County,US.KS.JA,112,1,
Fannin County,US.TX.FI,112,7,
Gilchrist County,US.FL.GI,112,0,
Wabash County,US.IN.WB,112,2,
Bannock County,US.ID.BO,112,1,
Jessamine County,US.KY.JS,111,0,
Pemiscot County,US.MO.PM,111,6,
Kerr County,US.TX.KR,111,1,
Jefferson Davis County,US.MS.JD,111,4,
Barry County,US.MI.BR,111,2,
Brantley County,US.GA.BA,110,3,
Carroll County,US.IN.CO,110,2,
Cleburne County,US.AR.CB,110,4,
Lawrence County,US.AL.LW,110,0,
Franklin County,US.VT.FR,110,6,
Brunswick County,US.VA.BU,109,1,
Missoula County,US.MT.MS,108,0,
Butler County,US.MO.BE,108,0,
Dunklin County,US.MO.DU,108,3,
Hardin County,US.TN.HI,108,7,
Westmoreland County,US.VA.WM,108,2,
Kay County,US.OK.KA,108,7,
Prentiss County,US.MS.PN,108,3,
Manitowoc County,US.WI.MW,108,1,
Washington County,US.AL.WS,108,7,
Clinton County,US.IA.CN,107,1,
Fannin County,US.GA.FN,107,1,
Jefferson County,US.MS.JF,107,3,
Auglaize County,US.OH.AU,106,4,
Rio Arriba County,US.NM.RI,106,1,
Saline County,US.KS.SA,106,2,
Crow Wing County,US.MN.CW,106,12,
Jefferson County,US.IL.JF,106,17,
Caldwell Parish,US.LA.CW,106,1,
Greene County,US.MS.GE,105,8,
Calhoun County,US.SC.CH,104,1,
Fayette County,US.TX.FT,104,3,
Pitkin County,US.CO.PI,104,2,
Colorado County,US.TX.CO,104,0,
Nevada County,US.AR.NV,104,3,
Poweshiek County,US.IA.PW,104,8,
Beaufort County,US.NC.BA,103,0,
Jones County,US.GA.JE,103,0,
Ohio County,US.WV.OH,103,1,
St. Helena Parish,US.LA.SH,103,1,
Pine County,US.MN.PN,103,0,
Eddy County,US.NM.ED,102,1,
Sweetwater County,US.WY.SW,102,0,
Saguache County,US.CO.SG,102,2,
Johnson County,US.GA.JH,102,2,
Montcalm County,US.MI.MC,102,1,
McDonough County,US.IL.MU,102,15,
Lawrence County,US.AR.LW,102,9,
Pike County,US.GA.PK,102,3,
Bailey County,US.TX.BY,102,1,
Greene County,US.GA.GE,102,9,
La Salle Parish,US.LA.LA,101,0,
Clinton County,US.NY.CL,101,4,
Carteret County,US.NC.CE,101,3,
Greene County,US.TN.GE,101,2,
Lee County,US.IL.LE,101,1,
Union County,US.SC.UN,101,0,
Morton County,US.ND.MR,101,2,
Van Zandt County,US.TX.VN,101,1,
Tunica County,US.MS.TU,100,3,
Pulaski County,US.KY.PU,100,2,
Howard County,US.AR.HW,100,1,
King George County,US.VA.KG,99,4,
Pike County,US.KY.PI,99,2,
Chippewa County,US.WI.CH,99,0,
Wayne County,US.GA.WY,99,0,
Clark County,US.KY.CK,99,5,
Scott County,US.KY.SC,99,0,
Brown County,US.TX.BN,99,13,
Castro County,US.TX.AS,99,1,
Pickens County,US.GA.PE,98,5,
Andrews County,US.TX.AR,98,1,
Newton County,US.IN.NE,98,10,
Le Sueur County,US.MN.LU,98,1,
Lincoln County,US.MO.LO,98,1,
Baker County,US.FL.BK,98,4,
Haywood County,US.NC.HW,98,0,
Nez Perce County,US.ID.NE,98,19,
Fayette County,US.IN.FA,98,7,
Luna County,US.NM.LU,97,3,
Chisago County,US.MN.CG,97,1,
Screven County,US.GA.SR,97,7,
Windham County,US.VT.WH,97,3,
Oglethorpe County,US.GA.OG,97,7,
Taylor County,US.FL.TA,97,1,
Calhoun County,US.TX.CU,97,2,
Carroll County,US.IA.CL,96,1,
Wyoming County,US.NY.WM,96,5,
DeWitt County,US.TX.DE,96,1,
Union County,US.PA.UN,95,2,
Henry County,US.IL.HY,95,1,
Oglala Lakota County,US.SD.SH,94,0,
Coshocton County,US.OH.CS,94,2,
Wood County,US.TX.WO,94,5,
Sabine Parish,US.LA.SB,94,1,
Cambria County,US.PA.CI,94,3,
Green County,US.WI.GN,94,1,
Bradford County,US.FL.BA,94,2,
Edgefield County,US.SC.ED,94,3,
Columbia County,US.WI.CO,94,1,
Morrow County,US.OR.MO,93,1,
Hawaii County,US.HI.HA,93,0,
Otter Tail County,US.MN.OT,93,1,
Jefferson County,US.NY.JE,93,0,
Pocahontas County,US.IA.PC,93,1,
Big Horn County,US.MT.BI,93,4,
White County,US.AR.WH,93,2,
Calhoun County,US.FL.CA,93,6,
Grant Parish,US.LA.GR,93,1,
Gratiot County,US.MI.GT,93,13,
Danville City,US.VA.DA,93,2,
Benton County,US.OR.BE,93,5,
Mayes County,US.OK.MY,93,5,
Wilkinson County,US.MS.WK,93,9,
Bremer County,US.IA.BR,92,6,
Okanogan County,US.WA.OK,92,2,
Starke County,US.IN.SR,92,3,
Lafayette County,US.MO.LF,92,2,
Milam County,US.TX.MI,92,1,
Franklin County,US.VA.FN,92,1,
Barren County,US.KY.BN,92,2,
Adair County,US.MO.AD,91,0,
Cocke County,US.TN.CE,91,0,
Delaware County,US.NY.DE,91,4,
Dallam County,US.TX.DL,91,1,
Haywood County,US.TN.HY,91,2,
Mississippi County,US.MO.MI,91,0,
Barnwell County,US.SC.BN,91,1,
Waynesboro city,US.VA.WS,91,0,
Charles Mix County,US.SD.CH,90,0,
Whitley County,US.IN.WL,90,5,
Kendall County,US.TX.KD,90,0,
Cherokee County,US.OK.CK,90,1,
Bedford County,US.PA.BO,89,4,
Amite County,US.MS.AM,89,2,
Columbia County,US.AR.CI,89,4,
Marshall County,US.TN.MS,89,1,
Garvin County,US.OK.GV,89,1,
Tehama County,US.CA.TE,88,1,
Cherokee County,US.AL.CH,88,7,
Monroe County,US.OH.ME,88,17,
Grayson County,US.VA.GY,88,2,
Des Moines County,US.IA.DS,88,2,
Cross County,US.AR.CO,88,1,
Wasco County,US.OR.WC,88,1,
Hood River County,US.OR.HO,88,0,
McLeod County,US.MN.MC,88,0,
Clay County,US.SD.CY,87,0,
Kleberg County,US.TX.KL,87,1,
Jefferson County,US.OH.JE,87,2,
Lake County,US.CA.LK,87,1,
Marion County,US.GA.MR,87,2,
Burleson County,US.TX.BU,87,0,
Grafton County,US.NH.GR,87,1,
Somerset County,US.MD.SO,87,3,
Otsego County,US.NY.OO,86,4,
Henry County,US.IA.HE,86,3,
Clark County,US.WI.CL,86,7,
George County,US.MS.GR,86,3,
Perry County,US.PA.PE,86,5,
O'Brien County,US.IA.OB,86,1,
Calloway County,US.KY.CW,86,1,
Franklin County,US.IA.FN,86,0,
Preston County,US.WV.PR,85,2,
Carlton County,US.MN.CL,85,0,
Mendocino County,US.CA.MI,85,0,
Humboldt County,US.NV.HU,84,4,
Wakulla County,US.FL.WK,84,1,
Powhatan County,US.VA.PH,84,2,
Dodge County,US.MN.DD,84,0,
Franklin County,US.TN.FR,84,3,
Delta County,US.CO.DT,84,1,
Emmet County,US.IA.EM,84,0,
Haralson County,US.GA.HS,83,5,
Shawano County,US.WI.SA,83,0,
Watauga County,US.NC.WT,83,0,
Codington County,US.SD.CD,83,0,
Talbot County,US.GA.TB,82,3,
Belknap County,US.NH.BE,82,1,
Wilkinson County,US.GA.WI,82,8,
Union County,US.OH.UN,82,1,
Wayne County,US.TN.WY,82,0,
Martinsville city,US.VA.MR,82,1,
Cedar County,US.IA.CD,82,1,
Union County,US.FL.UN,82,2,
Hampton County,US.SC.HA,81,2,
Nelson County,US.KY.NE,81,1,
Cole County,US.MO.CE,81,2,
Blair County,US.PA.BL,81,1,
Polk County,US.MN.PL,81,2,
Hart County,US.GA.HT,81,0,
Muskingum County,US.OH.MU,81,1,
Austin County,US.TX.AU,81,0,
Ashley County,US.AR.AS,80,1,
Simpson County,US.KY.SI,80,3,
Clinton County,US.PA.CN,80,4,
Ottawa County,US.OK.OT,80,2,
Hickman County,US.TN.HN,80,0,
Yankton County,US.SD.YA,79,0,
Taylor County,US.IA.TY,79,0,
Wood County,US.WI.WO,79,1,
Geneva County,US.AL.GE,79,0,
Monroe County,US.WI.MO,79,1,
Rio Grande County,US.CO.RG,79,2,
Saunders County,US.NE.SU,79,2,
Randolph County,US.IN.RA,78,4,
Garfield County,US.OK.GF,78,2,
Tishomingo County,US.MS.TS,78,1,
Chippewa County,US.MN.CP,78,1,
Armstrong County,US.PA.AR,78,6,
Hancock County,US.OH.HN,78,1,
Hocking County,US.OH.HC,78,8,
Union County,US.GA.UN,78,3,
Salem city,US.VA.SE,78,3,
Routt County,US.CO.RT,77,6,
Vermilion County,US.IL.VE,77,2,
Chaffee County,US.CO.CA,77,19,
Stark County,US.ND.SR,77,3,
Staunton city,US.VA.SU,77,0,
Jasper County,US.GA.JS,77,1,
Lamar County,US.AL.LM,76,1,
Pulaski County,US.IL.PL,76,0,
Quitman County,US.MS.QU,76,0,
Lafayette County,US.WI.LF,76,0,
Hill County,US.TX.HI,76,1,
Polk County,US.AR.PL,76,0,
Buffalo County,US.SD.BF,76,2,
Irwin County,US.GA.IR,75,1,
Lewis County,US.WA.LE,75,3,
Dixie County,US.FL.DI,75,4,
Cherokee County,US.IA.CE,75,1,
Edmonson County,US.KY.ED,75,11,
Montour County,US.PA.MO,75,2,
Wilkes County,US.GA.WS,75,1,
Rutland County,US.VT.RU,74,1,
Monona County,US.IA.MO,74,0,
Harrison County,US.KY.HS,74,0,
Choctaw County,US.MS.CW,74,4,
Polk County,US.NC.PO,74,4,
Reno County,US.KS.RN,74,0,
Dade County,US.GA.DD,74,1,
Clearfield County,US.PA.CF,74,0,
McPherson County,US.KS.MP,74,0,
Taney County,US.MO.TA,74,2,
Pottawatomie County,US.KS.PT,74,0,
Huntington County,US.IN.HU,74,2,
Bennington County,US.VT.BE,73,1,
Brookings County,US.SD.BK,73,0,
Preble County,US.OH.PR,73,1,
Drew County,US.AR.DR,73,2,
Montezuma County,US.CO.MZ,73,3,
Knox County,US.KY.KX,73,0,
Woodford County,US.KY.WO,73,0,
Pierce County,US.WI.PI,73,0,
Warren County,US.TN.WR,73,0,
Floyd County,US.IA.FL,72,2,
Franklin County,US.KS.FR,72,0,
Jefferson County,US.IN.JF,72,2,
Cheshire County,US.NH.CH,72,2,
Douglas County,US.NV.DO,72,0,
Greene County,US.VA.GE,72,1,
Lee County,US.TX.LE,72,3,
Isanti County,US.MN.IS,72,0,
Fayette County,US.AL.FA,71,1,
Fairfax city,US.VA.FC,71,7,
Marquette County,US.MI.MQ,71,11,
Wells County,US.IN.WE,71,1,
Barry County,US.MO.BR,71,0,
Cowley County,US.KS.CL,71,1,
Crowley County,US.CO.CR,71,1,
Cass County,US.NE.CS,71,1,
Bleckley County,US.GA.BK,70,1,
Crawford County,US.MI.CF,70,5,
White County,US.TN.WH,70,3,
Marion County,US.IA.MI,70,0,
Marion County,US.TN.MI,70,4,
Colusa County,US.CA.CL,70,0,
Hutchinson County,US.TX.UT,70,0,
Lyman County,US.SD.LY,70,1,
Dare County,US.NC.DE,70,1,
Geary County,US.KS.GE,70,1,
Dawson County,US.TX.DW,70,1,
Seneca County,US.NY.SC,70,1,
Hardin County,US.IA.HD,70,0,
Roosevelt County,US.NM.RO,70,1,
Hopkins County,US.TX.HP,70,0,
Harrison County,US.WV.HR,69,1,
Marion County,US.IL.MO,69,0,
Williams County,US.OH.WI,69,2,
Fulton County,US.IN.FU,69,1,
McNairy County,US.TN.MA,69,0,
Conway County,US.AR.CN,69,3,
Okmulgee County,US.OK.OM,68,0,
Clay County,US.KY.CY,68,3,
Lawrence County,US.OH.LW,68,0,
Washington County,US.IN.WS,68,1,
Hockley County,US.TX.HC,68,1,
Clinton County,US.OH.CI,68,0,
Addison County,US.VT.AD,68,2,
Snyder County,US.PA.SN,68,2,
Jay County,US.IN.JY,68,0,
Alcorn County,US.MS.AL,68,2,
Guernsey County,US.OH.GU,68,3,
Gibson County,US.IN.GI,67,2,
Klickitat County,US.WA.KL,67,3,
Boyd County,US.KY.BD,67,3,
Camden County,US.MO.CM,67,1,
Chattooga County,US.GA.CG,67,2,
Fayette County,US.WV.FA,67,4,
Marion County,US.WV.MI,67,2,
Gooding County,US.ID.GO,66,1,
McIntosh County,US.OK.MI,66,1,
Greer County,US.OK.GE,66,7,
Huron County,US.MI.HU,66,3,
Washington County,US.VA.WG,66,4,
Perry County,US.MS.PY,66,4,
Upshur County,US.TX.US,66,0,
DeKalb County,US.TN.DE,66,0,
Benton County,US.IA.BN,65,1,
Morgan County,US.GA.MO,65,0,
Charlton County,US.GA.CT,65,2,
Guthrie County,US.IA.GH,65,4,
Shelby County,US.OH.SH,65,4,
Gallatin County,US.KY.GL,65,7,
Stephens County,US.OK.ST,65,1,
Clay County,US.AR.CY,65,3,
Marinette County,US.WI.MT,65,3,
Clay County,US.AL.CY,64,2,
Pulaski County,US.IN.PL,64,1,
Hamilton County,US.NE.HM,64,12,
Elmore County,US.ID.EL,64,2,
Ward County,US.ND.WR,64,1,
Mifflin County,US.PA.MI,64,1,
Williamsburg City,US.VA.WL,64,6,
Itasca County,US.MN.IT,64,12,
Knox County,US.IN.KN,64,0,
Stone County,US.MS.ST,64,1,
Pittsburg County,US.OK.PI,64,3,
Hughes County,US.SD.HG,64,0,
Waseca County,US.MN.WE,64,0,
Lincoln County,US.TN.LI,63,0,
Somerset County,US.PA.SO,63,1,
Campbell County,US.WY.CM,63,0,
Sac County,US.IA.SA,63,0,
Stutsman County,US.ND.SU,63,1,
Halifax County,US.VA.HL,63,1,
Weakley County,US.TN.WE,63,1,
Flathead County,US.MT.FL,63,2,
Allegany County,US.NY.AL,63,2,
Oconto County,US.WI.OC,63,0,
Heard County,US.GA.HD,63,3,
Kewaunee County,US.WI.KW,62,1,
Crawford County,US.PA.CW,62,0,
Douglas County,US.MN.DU,62,0,
Perry County,US.KY.PR,62,1,
Putnam County,US.WV.PU,62,0,
McIntosh County,US.GA.MH,62,1,
Custer County,US.OK.CU,62,0,
Red River Parish,US.LA.RE,62,8,
Cooke County,US.TX.OO,61,0,
Meeker County,US.MN.ME,61,1,
Park County,US.WY.PA,61,0,
Roane County,US.TN.RA,61,0,
Mason County,US.MI.MN,61,0,
Limestone County,US.TX.LO,61,1,
Overton County,US.TN.OV,61,1,
Poinsett County,US.AR.PN,61,3,
Labette County,US.KS.LB,61,0,
Fulton County,US.OH.FU,61,0,
Hempstead County,US.AR.HE,60,1,
Socorro County,US.NM.SO,60,5,
Marshall County,US.KY.MH,60,2,
San Jacinto County,US.TX.SJ,60,0,
Clay County,US.IN.CY,60,4,
Greenbrier County,US.WV.GE,60,2,
New Kent County,US.VA.NK,60,1,
Jasper County,US.TX.JR,60,1,
Independence County,US.AR.IN,60,0,
Crane County,US.TX.CR,60,2,
Carroll County,US.NH.CA,60,0,
Desha County,US.AR.DE,59,1,
Essex County,US.VA.ES,59,0,
Bee County,US.TX.BE,59,0,
Osceola County,US.IA.OS,59,0,
Windsor County,US.VT.WS,59,2,
Scurry County,US.TX.SU,59,0,
Morrison County,US.MN.MR,59,1,
Jefferson County,US.IA.JE,59,0,
Millard County,US.UT.MD,59,0,
Grundy County,US.TN.GU,59,1,
Polk County,US.WI.PL,59,1,
Butler County,US.KS.BU,59,0,
Grant County,US.KY.GT,59,4,
Lincoln County,US.NE.LI,58,2,
Logan County,US.OH.LG,58,1,
Jefferson County,US.FL.JE,58,4,
Pawnee County,US.OK.PW,58,2,
Gentry County,US.MO.GT,58,9,
Schoharie County,US.NY.SO,58,2,
Giles County,US.TN.GL,58,1,
Ashland County,US.OH.AL,58,1,
Otero County,US.NM.OT,58,7,
Logan County,US.AR.LG,58,0,
Murray County,US.MN.MU,58,0,
Hidalgo County,US.NM.HI,58,0,
Allendale County,US.SC.AL,58,3,
Carroll County,US.OH.CO,58,3,
Candler County,US.GA.CR,58,0,
Wyandot County,US.OH.WD,58,5,
Coosa County,US.AL.CS,58,1,
Del Norte County,US.CA.DE,58,0,
Swain County,US.NC.SW,58,1,
Clark County,US.AR.CK,58,0,
Rabun County,US.GA.RB,57,3,
Cumberland County,US.VA.CU,57,0,
Carter County,US.TN.CT,57,1,
Robertson County,US.TX.RO,57,0,
Mineral County,US.WV.ML,57,3,
Elbert County,US.CO.EB,57,2,
Todd County,US.SD.TO,57,1,
Montgomery County,US.KY.MM,56,0,
Hawkins County,US.TN.HW,56,2,
Grand Traverse County,US.MI.GN,56,5,
Brown County,US.OH.BR,56,1,
Perry County,US.IL.PY,56,1,
Rush County,US.IN.RU,56,3,
Raleigh County,US.WV.RL,56,0,
Jones County,US.IA.JN,56,0,
Clay County,US.GA.CY,56,2,
Bradford County,US.PA.BF,56,3,
Gage County,US.NE.GG,56,3,
Zapata County,US.TX.ZP,56,0,
Waldo County,US.ME.WL,56,14,
Cameron Parish,US.LA.CM,56,0,
Sharp County,US.AR.SH,56,5,
Duval County,US.TX.DU,56,0,
Sanpete County,US.UT.SP,56,0,
Andrew County,US.MO.AN,55,0,
Faribault County,US.MN.FA,55,0,
Barton County,US.KS.BT,55,2,
Logan County,US.OK.LG,55,1,
Callaway County,US.MO.CA,55,1,
Clarke County,US.VA.CK,55,0,
Becker County,US.MN.BC,55,0,
Jackson County,US.MN.JA,55,0,
Macoupin County,US.IL.MP,55,3,
Wheeler County,US.GA.WL,55,0,
Bradley County,US.AR.BR,55,2,
Unicoi County,US.TN.UC,55,0,
Randolph County,US.AR.RA,54,1,
Wythe County,US.VA.WY,54,1,
Long County,US.GA.LG,54,1,
Sibley County,US.MN.SI,54,2,
Douglas County,US.IL.DO,54,0,
Falls Church city,US.VA.FU,54,5,
Ashe County,US.NC.AS,54,1,
Mountrail County,US.ND.MU,54,0,
Moniteau County,US.MO.ME,53,1,
Lee County,US.IA.LE,53,2,
Pulaski County,US.GA.PL,53,2,
Ochiltree County,US.TX.OC,53,2,
Jackson County,US.TX.JA,53,1,
Coffey County,US.KS.CF,53,8,
Yuma County,US.CO.YU,53,0,
Franklin city,US.VA.FR,53,2,
Butler County,US.IA.BE,53,2,
Harrison County,US.IA.HR,53,0,
Humboldt County,US.IA.HU,53,1,
Mason County,US.WA.MA,53,1,
Karnes County,US.TX.KS,53,0,
Marion County,US.KY.MN,52,0,
Josephine County,US.OR.JO,52,1,
Livingston County,US.IL.LI,52,2,
Clatsop County,US.OR.CT,51,0,
Seminole County,US.GA.SI,51,2,
Lake County,US.CO.LK,51,0,
Campbell County,US.VA.CM,51,1,
Butler County,US.NE.BE,51,0,
Iowa County,US.IA.IO,51,0,
Lincoln County,US.GA.LC,51,1,
Miller County,US.GA.ML,51,0,
Meade County,US.SD.MD,50,1,
Washington County,US.NE.WS,50,1,
Dukes County,US.MA.DU,50,0,
Crawford County,US.GA.CW,50,0,
Sevier County,US.UT.SE,50,0,
Lamb County,US.TX.LB,50,0,
Buchanan County,US.IA.BC,50,1,
Sanilac County,US.MI.SL,50,6,
Pennington County,US.MN.PI,50,0,
Monroe County,US.IA.MR,50,6,
Hancock County,US.IA.HN,50,0,
Franklin County,US.TX.FK,50,0,
Cortland County,US.NY.CD,50,1,
Dixon County,US.NE.DI,50,1,
Owyhee County,US.ID.OW,50,0,
Defiance County,US.OH.DF,50,3,
Gloucester County,US.VA.GL,49,1,
Adams County,US.IN.AD,49,1,
Roberts County,US.SD.RO,49,0,
Towns County,US.GA.TW,49,1,
Calhoun County,US.IA.CO,49,2,
Athens County,US.OH.AS,49,1,
Montgomery County,US.IL.MT,48,1,
Taos County,US.NM.TA,48,1,
Delaware County,US.IA.DA,48,1,
Bingham County,US.ID.BG,48,0,
Benton County,US.IN.BE,48,0,
Kearny County,US.KS.KE,48,1,
Knox County,US.OH.KN,48,1,
Pulaski County,US.VA.PU,48,2,
Campbell County,US.TN.CM,48,1,
Yates County,US.NY.YA,48,6,
Patrick County,US.VA.PK,48,1,
Jasper County,US.IL.JS,47,7,
Owen County,US.IN.OW,47,1,
Reeves County,US.TX.RE,47,0,
Essex County,US.NY.ES,47,0,
Russell County,US.KY.RU,47,4,
Carroll County,US.TN.CR,47,1,
Jackson County,US.OK.JA,47,3,
Christian County,US.MO.CT,47,1,
Cass County,US.TX.CS,46,2,
Phelps County,US.MO.PH,46,0,
Howard County,US.NE.HW,46,4,
Grant County,US.KS.GT,46,1,
Fayette County,US.OH.FY,46,0,
Torrance County,US.NM.TO,46,1,
Mercer County,US.WV.MR,46,0,
Morrill County,US.NE.MO,46,0,
Washington County,US.CO.WA,46,0,
Sequoyah County,US.OK.SQ,46,3,
Douglas County,US.OR.DO,46,0,
Madison County,US.IA.MD,45,2,
Franklin County,US.MS.FR,45,2,
City and Borough of Juneau,US.AK.JU,45,0,
York County,US.NE.YO,45,0,
Christian County,US.IL.CI,45,4,
Henderson County,US.TN.HS,45,0,
Warren County,US.MO.WR,45,0,
Amelia County,US.VA.AI,45,1,
Polk County,US.TN.PO,45,0,
Fayette County,US.IA.FT,45,0,
Gillespie County,US.TX.GL,45,0,
Jo Daviess County,US.IL.JO,45,1,
Madison County,US.TX.AD,45,0,
Hardy County,US.WV.HD,45,0,
Grant County,US.AR.GN,45,0,
Mono County,US.CA.MO,44,1,
Henry County,US.TN.HR,44,0,
Door County,US.WI.DO,44,3,
Davison County,US.SD.DV,44,0,
Howell County,US.MO.HW,44,0,
Highland County,US.OH.HI,44,1,
Yancey County,US.NC.YN,44,0,
Cherokee County,US.NC.CO,44,2,
Johnson County,US.TN.JO,44,0,
Trinity County,US.TX.TR,44,0,
New Madrid County,US.MO.NW,44,1,
Claiborne County,US.TN.CI,44,0,
Sullivan County,US.IN.SU,44,1,
Pontotoc County,US.OK.PN,44,2,
Richland County,US.ND.RI,43,0,
Taylor County,US.KY.TA,43,1,
Madison County,US.VA.MD,43,1,
Teller County,US.CO.TE,43,2,
Baker County,US.GA.BR,43,3,
Seminole County,US.OK.SM,43,3,
King William County,US.VA.KW,43,0,
Tuolumne County,US.CA.TO,43,0,
Juneau County,US.WI.JU,43,1,
Appomattox County,US.VA.AP,43,0,
Mitchell County,US.NC.MI,43,0,
Howard County,US.TX.HW,43,1,
Hart County,US.KY.HT,42,0,
Nolan County,US.TX.NO,42,0,
Smyth County,US.VA.SM,42,1,
Grainger County,US.TN.GA,42,0,
Coos County,US.OR.CO,42,0,
Morris County,US.TX.MR,42,0,
Marshall County,US.WV.MH,42,0,
Clallam County,US.WA.CL,42,0,
Dunn County,US.WI.DN,42,0,
Hampshire County,US.WV.HM,42,1,
Oxford County,US.ME.OX,42,0,
Clarion County,US.PA.CL,42,2,
Calaveras County,US.CA.CA,42,0,
Carroll County,US.KY.CL,42,1,
Webster County,US.KY.WE,42,0,
Greene County,US.PA.GR,42,0,
Palo Alto County,US.IA.PO,41,0,
Crawford County,US.WI.CR,41,0,
Lawrence County,US.MO.LW,41,1,
Clayton County,US.IA.CT,41,3,
Washington County,US.VT.WA,41,1,
Lyon County,US.IA.LY,41,0,
Custer County,US.NE.CU,40,3,
Little River County,US.AR.LT,40,0,
Charles City County,US.VA.CC,40,3,
Boyle County,US.KY.BE,40,0,
Washington County,US.NC.WI,40,3,
Noble County,US.OK.NB,40,1,
Monroe County,US.KY.MO,40,1,
Kauai County,US.HI.KU,40,0,
Franklin County,US.ME.FR,40,1,
Fremont County,US.CO.FR,40,0,
Lynn County,US.TX.LY,39,1,
Jerauld County,US.SD.JE,39,1,
Harvey County,US.KS.HV,39,2,
Merrick County,US.NE.ME,39,0,
Williams County,US.ND.WI,39,0,
Whitman County,US.WA.WI,39,0,
Gem County,US.ID.GE,39,0,
Webster County,US.MO.WE,39,1,
San Miguel County,US.CO.SM,39,0,
Davis County,US.IA.DV,39,1,
Champaign County,US.OH.CH,39,1,
Seward County,US.NE.SA,39,1,
Forest County,US.WI.FR,39,3,
Douglas County,US.WI.DG,39,0,
Wyoming County,US.PA.WM,39,7,
Washakie County,US.WY.WA,39,5,
Madison County,US.ID.MA,38,0,
Posey County,US.IN.PS,38,0,
Yoakum County,US.TX.YA,38,0,
Scioto County,US.OH.SC,38,0,
Arenac County,US.MI.AR,38,2,
Vernon County,US.WI.VE,38,0,
Lander County,US.NV.LA,38,0,
Winneshiek County,US.IA.WH,38,0,
Palo Pinto County,US.TX.PO,38,2,
Spencer County,US.KY.SP,38,0,
Wexford County,US.MI.WE,38,4,
Bonner County,US.ID.BR,38,0,
Swisher County,US.TX.SW,38,1,
Brown County,US.IN.BR,38,1,
Jefferson County,US.WA.JE,38,0,
Sequatchie County,US.TN.SQ,38,0,
Pipestone County,US.MN.PS,37,1,
Arkansas County,US.AR.AR,37,0,
Ford County,US.IL.FO,37,1,
Amherst County,US.VA.AH,37,0,
Leon County,US.TX.LN,37,0,
Lunenburg County,US.VA.LN,37,0,
Spencer County,US.IN.SP,37,1,
Blackford County,US.IN.BL,37,2,
Ogemaw County,US.MI.OG,37,2,
Perquimans County,US.NC.PQ,37,2,
Green Lake County,US.WI.GL,37,0,
Mitchell County,US.IA.ME,37,0,
Northumberland County,US.VA.NU,36,1,
Henry County,US.KY.HY,36,2,
Mills County,US.IA.ML,36,0,
Marshall County,US.OK.MH,36,0,
Nowata County,US.OK.NW,36,1,
Floyd County,US.TX.FY,36,0,
Iowa County,US.WI.IO,36,0,
Cannon County,US.TN.CN,36,0,
Cleburne County,US.AL.CB,36,1,
Lincoln County,US.ID.LI,36,0,
Pike County,US.MO.PI,36,1,
Lafayette County,US.FL.LF,36,0,
Albany County,US.WY.AL,36,0,
Alleghany County,US.NC.AL,36,0,
Ravalli County,US.MT.RA,36,0,
Kalkaska County,US.MI.KK,36,2,
Columbia County,US.OR.CL,36,0,
Barron County,US.WI.BR,36,1,
Terry County,US.TX.TE,36,0,
Cuming County,US.NE.CM,36,0,
Grundy County,US.IA.GN,36,0,
Hartley County,US.TX.HL,36,0,
Montgomery County,US.KS.MG,36,3,
Jones County,US.NC.JN,36,3,
Alleghany County,US.VA.AL,35,2,
Wabaunsee County,US.KS.WB,35,0,
Jersey County,US.IL.JR,35,1,
Le Flore County,US.OK.LE,35,1,
Howard County,US.IA.HO,35,0,
Sharkey County,US.MS.SH,35,0,
Woodford County,US.IL.WO,35,2,
Crockett County,US.TN.CK,35,3,
Sullivan County,US.NH.SU,34,1,
Aransas County,US.TX.AA,34,0,
Mille Lacs County,US.MN.MI,34,2,
Falls County,US.TX.FL,34,0,
Miami County,US.KS.MI,34,0,
Young County,US.TX.YU,34,1,
Atchison County,US.KS.AT,34,0,
Cascade County,US.MT.CS,34,2,
Benton County,US.MS.BE,34,0,
Van Wert County,US.OH.VA,34,0,
Lincoln County,US.WY.LI,34,0,
Clark County,US.KS.CA,34,0,
Mason County,US.TX.MA,34,0,
Perry County,US.TN.PE,34,0,
Gulf County,US.FL.GU,34,0,
Bourbon County,US.KY.BU,34,1,
Sagadahoc County,US.ME.SA,34,0,
Aurora County,US.SD.AU,34,0,
Chester County,US.TN.CS,34,0,
Franklin County,US.NY.FR,33,0,
Freestone County,US.TX.FE,33,0,
Mason County,US.KY.MS,33,0,
Charlotte County,US.VA.CT,33,0,
Waushara County,US.WI.WS,33,0,
Seneca County,US.OH.SE,33,2,
Van Buren County,US.AR.VA,33,2,
Laclede County,US.MO.LD,33,0,
Hamilton County,US.KS.HM,33,0,
Kossuth County,US.IA.KO,33,0,
Greenup County,US.KY.GU,33,0,
Lincoln County,US.OK.LI,33,2,
Osceola County,US.MI.OE,33,0,
Rockbridge County,US.VA.RB,33,0,
Kit Carson County,US.CO.KT,33,3,
Montgomery County,US.GA.MM,33,0,
Renville County,US.MN.RN,32,2,
Whitley County,US.KY.WH,32,0,
Perry County,US.AR.PY,32,0,
Perry County,US.OH.PE,32,1,
Lamoille County,US.VT.LA,32,1,
Meigs County,US.TN.ME,32,0,
Beaver County,US.OK.BA,32,0,
Floyd County,US.KY.FO,32,0,
Jackson County,US.AR.JA,32,0,
Kingfisher County,US.OK.KN,32,0,
Lewis and Clark County,US.MT.LE,32,0,
Blanco County,US.TX.BC,31,1,
Live Oak County,US.TX.LK,31,0,
Hansford County,US.TX.HF,31,2,
Taylor County,US.GA.TY,31,2,
Cherokee County,US.KS.CK,31,0,
Mecosta County,US.MI.MT,31,2,
Wabasha County,US.MN.WB,31,0,
Buchanan County,US.VA.BH,31,0,
Camden County,US.NC.CD,31,0,
Toole County,US.MT.TO,31,6,
Siskiyou County,US.CA.SK,31,0,
Love County,US.OK.LV,31,0,
Amador County,US.CA.AM,31,0,
Inyo County,US.CA.IN,31,1,
Lewis County,US.NY.LE,31,5,
Uintah County,US.UT.UN,31,0,
Stevens County,US.KS.SV,31,0,
Bureau County,US.IL.BU,30,2,
Brown County,US.MN.BR,30,2,
Missaukee County,US.MI.MU,30,1,
Evans County,US.GA.EV,30,0,
Emmet County,US.MI.EM,30,2,
Meade County,US.KS.ME,30,0,
Fountain County,US.IN.FO,30,2,
Tipton County,US.IN.TT,30,1,
Crawford County,US.IN.CW,30,0,
Custer County,US.MT.CU,30,0,
Clare County,US.MI.CE,30,3,
Lucas County,US.IA.LU,30,4,
Lincoln County,US.KY.LN,30,1,
Sherman County,US.TX.SN,30,0,
Wise County,US.VA.WI,30,2,
Somerset County,US.ME.SO,30,0,
Yellow Medicine County,US.MN.YE,30,0,
Pocahontas County,US.WV.PO,30,0,
Neosho County,US.KS.NO,30,0,
Rock County,US.MN.RC,30,0,
Union County,US.KY.UN,29,0,
Beltrami County,US.MN.BT,29,0,
Anderson County,US.KY.AN,29,1,
Greene County,US.IA.GE,29,0,
Winkler County,US.TX.WI,29,0,
Boone County,US.AR.BO,29,1,
Brule County,US.SD.BU,29,0,
Cleveland County,US.AR.CV,29,0,
Henry County,US.OH.HE,29,0,
Carter County,US.KY.CR,29,0,
Meade County,US.KY.MA,28,2,
Clinton County,US.MO.CO,28,0,
Jefferson County,US.PA.JE,28,1,
Twiggs County,US.GA.TG,28,1,
Charlevoix County,US.MI.CV,28,2,
Marion County,US.TX.MN,28,1,
Nemaha County,US.KS.NM,28,0,
Chickasaw County,US.IA.CC,28,0,
Gaines County,US.TX.GS,28,0,
Winnebago County,US.IA.WB,28,0,
Franklin County,US.IL.FR,28,0,
Wayne County,US.NE.WY,28,0,
Roscommon County,US.MI.RO,28,0,
Fillmore County,US.MN.FI,28,0,
Ray County,US.MO.RY,27,0,
Mariposa County,US.CA.MP,27,1,
Bourbon County,US.KS.BB,27,1,
Tyler County,US.TX.TY,27,0,
Sheridan County,US.WY.SH,27,0,
Adams County,US.WI.AD,27,2,
Union County,US.IA.UN,27,0,
Harlan County,US.KY.HL,27,2,
Treutlen County,US.GA.TE,27,1,
Franklin County,US.ID.FA,27,0,
Delta County,US.MI.DE,27,3,
Jackson County,US.IA.JC,27,0,
Humphreys County,US.TN.HU,27,1,
Cheboygan County,US.MI.CY,27,2,
Gates County,US.NC.GT,27,2,
Clay County,US.NE.CL,27,0,
Jackson County,US.WI.JA,27,1,
Carbon County,US.MT.CB,27,0,
Chowan County,US.NC.CW,27,0,
Park County,US.CO.PA,27,0,
Donley County,US.TX.DO,27,0,
Gladwin County,US.MI.GL,27,1,
McKenzie County,US.ND.MK,27,0,
Bandera County,US.TX.BA,27,0,
Tensas Parish,US.LA.TN,26,0,
Phelps County,US.NE.PH,26,0,
Doniphan County,US.KS.DP,26,0,
Franklin County,US.AR.FR,26,1,
Todd County,US.KY.TO,26,0,
Trigg County,US.KY.TG,26,0,
Garrard County,US.KY.GR,26,0,
Schley County,US.GA.SY,26,1,
Switzerland County,US.IN.SW,26,0,
Transylvania County,US.NC.TR,26,1,
McLean County,US.KY.ML,26,1,
Tioga County,US.PA.TI,26,2,
Gray County,US.KS.GY,26,0,
Refugio County,US.TX.RF,26,0,
Sabine County,US.TX.SB,26,1,
Warren County,US.GA.WR,26,0,
Logan County,US.WV.LO,26,1,
Walsh County,US.ND.WL,26,0,
Barton County,US.MO.BT,26,0,
Jefferson County,US.KS.JF,26,0,
Vernon County,US.MO.VE,26,0,
Jackson County,US.TN.JA,26,0,
Grays Harbor County,US.WA.GY,26,0,
Converse County,US.WY.CE,26,0,
Crosby County,US.TX.CB,26,1,
Carbon County,US.WY.CB,26,1,
Atoka County,US.OK.AT,25,0,
Morgan County,US.TN.MG,25,1,
Lincoln County,US.ME.LI,25,0,
Sioux County,US.ND.SI,25,0,
Marion County,US.MO.MO,25,0,
Hancock County,US.WV.HN,25,0,
Latah County,US.ID.LA,25,0,
Otoe County,US.NE.OT,25,0,
Zavala County,US.TX.ZV,25,0,
Knox County,US.ME.KN,25,1,
Breckinridge County,US.KY.BC,25,2,
Pamlico County,US.NC.PM,25,0,
Turner County,US.SD.TU,25,0,
Houston County,US.MN.HO,25,0,
Washington County,US.KY.WS,25,0,
Tillman County,US.OK.TI,25,1,
Washington County,US.MO.WS,25,1,
Prowers County,US.CO.PR,24,0,
Baxter County,US.AR.BA,24,0,
Leelanau County,US.MI.LE,24,0,
Menard County,US.IL.MN,24,0,
Haskell County,US.KS.HS,24,0,
Fulton County,US.KY.FU,24,0,
King and Queen County,US.VA.KA,24,1,
Mercer County,US.KY.MC,24,0,
Morgan County,US.UT.MN,24,0,
Aroostook County,US.ME.AR,24,1,
Webster County,US.GA.WT,24,2,
Venango County,US.PA.VE,23,0,
Manistee County,US.MI.ME,23,0,
Paulding County,US.OH.PA,23,0,
Marquette County,US.WI.MQ,23,1,
Ida County,US.IA.ID,23,0,
Moody County,US.SD.MO,23,0,
Stewart County,US.TN.SA,23,0,
Benewah County,US.ID.BA,23,0,
Big Horn County,US.WY.BI,23,0,
Boone County,US.WV.BN,23,0,
Ellis County,US.KS.EL,23,0,
Mercer County,US.IL.ME,23,0,
Fayette County,US.IL.FA,23,3,
Faulk County,US.SD.FU,23,1,
Rowan County,US.KY.RW,23,0,
Pike County,US.OH.PK,23,0,
Izard County,US.AR.IZ,23,1,
Lewis County,US.KY.LI,22,0,
San Miguel County,US.NM.SM,22,0,
Rappahannock County,US.VA.RP,22,0,
Jackson County,US.OH.JA,22,0,
Hamilton County,US.TX.HM,22,1,
Lake County,US.SD.LK,22,1,
Knox County,US.NE.KN,22,0,
Grant County,US.NM.GR,22,0,
Glacier County,US.MT.GC,22,0,
Wabash County,US.IL.WB,22,0,
Costilla County,US.CO.CS,22,0,
Parke County,US.IN.PA,22,0,
Decatur County,US.TN.DC,22,0,
Nodaway County,US.MO.NO,22,0,
Teton County,US.ID.TE,22,0,
Vinton County,US.OH.VI,22,2,
Fentress County,US.TN.FE,22,0,
Cass County,US.IA.CS,22,0,
Antrim County,US.MI.AN,22,0,
Alexander County,US.IL.AL,22,0,
Otero County,US.CO.OT,22,1,
Mason County,US.IL.MS,22,0,
Ward County,US.TX.WD,22,0,
Martin County,US.IN.MN,22,0,
Alcona County,US.MI.AC,22,1,
Adams County,US.OH.AD,22,1,
Mingo County,US.WV.MO,22,2,
Juab County,US.UT.JU,21,0,
Washington County,US.IL.WG,21,0,
Ketchikan Gateway Borough,US.AK.KG,21,0,
Grand County,US.CO.GR,21,1,
Casey County,US.KY.CS,21,0,
Montague County,US.TX.MU,21,1,
Murray County,US.OK.MR,21,0,
Rockcastle County,US.KY.RC,21,0,
Ouachita County,US.AR.OU,21,0,
Lafayette County,US.AR.LF,21,1,
La Salle County,US.TX.LS,21,0,
Comanche County,US.TX.CE,21,1,
Asotin County,US.WA.AS,21,2,
Upshur County,US.WV.UP,21,0,
Stanton County,US.NE.ST,21,0,
McCormick County,US.SC.MC,21,2,
Fleming County,US.KY.FE,21,0,
Schleicher County,US.TX.SH,21,0,
Swift County,US.MN.SW,21,1,
Traill County,US.ND.TR,21,0,
Menominee County,US.MI.MM,21,0,
Craig County,US.OK.CG,21,0,
Prairie County,US.AR.PR,21,0,
Lake County,US.OR.LK,21,0,
Clear Creek County,US.CO.CL,21,1,
Oscoda County,US.MI.OO,21,1,
Wright County,US.MO.WG,20,0,
Appanoose County,US.IA.AP,20,3,
Barnes County,US.ND.BA,20,0,
Lampasas County,US.TX.LP,20,0,
Johnson County,US.IL.JH,20,0,
Lake County,US.MT.LA,20,0,
Wilkin County,US.MN.WL,20,3,
Caledonia County,US.VT.CA,20,0,
Carroll County,US.IL.CL,20,2,
Keokuk County,US.IA.KE,20,1,
Johnson County,US.WY.JO,20,1,
Ste. Genevieve County,US.MO.SG,20,1,
Cooper County,US.MO.CP,20,0,
Henry County,US.MO.HE,20,3,
Floyd County,US.VA.FO,20,1,
Guadalupe County,US.NM.GU,20,0,
Grundy County,US.MO.GU,20,0,
Lewis County,US.WV.LE,20,2,
Oneida County,US.WI.ON,20,0,
Nelson County,US.VA.NL,20,0,
Montgomery County,US.MO.MM,20,0,
Piatt County,US.IL.PA,20,0,
Norman County,US.MN.NR,20,0,
Morgan County,US.WV.MA,20,0,
Lyon County,US.KY.LY,20,3,
McKean County,US.PA.MC,20,1,
Page County,US.IA.PG,20,0,
McCulloch County,US.TX.MC,20,0,
Pendleton County,US.KY.PN,19,0,
Poquoson city,US.VA.PQ,19,0,
Elk County,US.PA.EL,19,0,
Worth County,US.IA.WT,19,0,
Wheeler County,US.TX.WL,19,0,
Stone County,US.MO.SE,19,0,
San Juan County,US.WA.SA,19,0,
Ripley County,US.MO.RI,19,0,
Mason County,US.WV.MN,19,0,
Stevens County,US.WA.ST,19,1,
Jim Hogg County,US.TX.JG,19,0,
Cheyenne County,US.NE.CY,19,0,
Shelby County,US.IL.SB,19,1,
Presidio County,US.TX.PS,19,0,
Silver Bow County,US.MT.SI,19,0,
Hancock County,US.IL.HC,19,1,
Miller County,US.MO.ML,19,0,
Jefferson County,US.ID.JF,19,0,
Callahan County,US.TX.AL,19,2,
Moultrie County,US.IL.MI,19,0,
Lawrence County,US.SD.LW,19,0,
Richland County,US.MT.RI,19,0,
Hancock County,US.KY.HC,19,0,
Van Buren County,US.IA.VA,19,0,
Corson County,US.SD.CO,19,0,
Grand County,US.UT.GR,18,0,
Pacific County,US.WA.PA,18,1,
Stone County,US.AR.ST,18,0,
Fulton County,US.PA.FU,18,1,
Bath County,US.KY.BH,18,1,
Giles County,US.VA.GI,18,0,
Nantucket County,US.MA.NA,18,1,
Greenlee County,US.AZ.GE,18,1,
Martin County,US.TX.MT,18,1,
Currituck County,US.NC.CI,18,0,
McCreary County,US.KY.MR,18,0,
Union County,US.TN.UO,18,0,
Redwood County,US.MN.RW,18,0,
Ransom County,US.ND.RN,18,0,
Cloud County,US.KS.CD,18,0,
Crawford County,US.IL.CW,18,0,
Tripp County,US.SD.TR,18,0,
Houghton County,US.MI.HO,18,0,
Quitman County,US.GA.QU,18,1,
Benton County,US.MO.BN,18,0,
Runnels County,US.TX.RN,17,0,
Power County,US.ID.PO,17,0,
Logan County,US.IL.LO,17,0,
Blaine County,US.OK.BL,17,0,
Valley County,US.ID.VA,17,0,
Hancock County,US.ME.HA,17,1,
Cedar County,US.NE.CA,17,0,
Day County,US.SD.DY,17,0,
Surry County,US.VA.SR,17,1,
Linn County,US.MO.LN,17,1,
Bracken County,US.KY.BK,17,0,
Potter County,US.PA.PO,17,0,
Taylor County,US.WV.TA,17,0,
Pushmataha County,US.OK.PU,17,0,
Effingham County,US.IL.EF,17,1,
Scott County,US.TN.SC,17,0,
Harrison County,US.MO.HS,17,0,
Gallia County,US.OH.GA,16,1,
Kearney County,US.NE.KA,16,0,
Wayne County,US.KY.WY,16,0,
Grant County,US.WV.GA,16,0,
Cumberland County,US.IL.CU,16,0,
Clay County,US.TN.CY,16,0,
Bond County,US.IL.BN,16,1,
Scott County,US.KS.SC,16,0,
Monroe County,US.AR.ME,16,0,
Churchill County,US.NV.CH,16,1,
Phillips County,US.CO.PH,16,0,
Bosque County,US.TX.BQ,16,0,
Okfuskee County,US.OK.OF,16,0,
Audubon County,US.IA.AU,16,1,
Tazewell County,US.VA.TA,16,0,
Hudspeth County,US.TX.HU,16,0,
Houston County,US.TN.HO,15,0,
Buena Vista city,US.VA.BE,15,0,
Barbour County,US.WV.BB,15,1,
Madison County,US.MT.MA,15,1,
Hemphill County,US.TX.HH,15,0,
Garfield County,US.UT.GA,15,1,
Caldwell County,US.KY.CD,15,0,
Fulton County,US.AR.FU,15,0,
Middlesex County,US.VA.MI,15,0,
Crawford County,US.MO.CF,15,0,
Adair County,US.IA.AI,15,0,
Conejos County,US.CO.CN,15,0,
Thomas County,US.KS.TH,15,0,
Taylor County,US.WI.TA,15,0,
Lassen County,US.CA.LS,15,0,
Wadena County,US.MN.WD,15,0,
Larue County,US.KY.LR,15,1,
Walworth County,US.SD.WA,15,0,
Livingston County,US.MO.LV,15,0,
Clark County,US.SD.CK,15,0,
Clark County,US.IL.CK,15,0,
Richland County,US.WI.RI,15,4,
Polk County,US.MO.PO,15,0,
Ringgold County,US.IA.RI,15,0,
Massac County,US.IL.MA,15,0,
Linn County,US.KS.LN,15,0,
Carbon County,US.UT.CR,15,0,
Cass County,US.MN.CS,15,2,
Fulton County,US.IL.FU,15,0,
Goliad County,US.TX.GI,15,0,
Morgan County,US.MO.MG,15,0,
Madison County,US.NC.MD,14,0,
Bollinger County,US.MO.BI,14,0,
Burt County,US.NE.BT,14,0,
Hutchinson County,US.SD.HT,14,0,
Sierra County,US.NM.SI,14,0,
Dallas County,US.MO.DL,14,1,
Wayne County,US.IL.WY,14,1,
Tillamook County,US.OR.TI,14,0,
Dunn County,US.ND.DU,14,0,
Vermillion County,US.IN.VE,14,0,
Duchesne County,US.UT.DU,14,0,
Carroll County,US.MO.CL,14,0,
Park County,US.MT.PA,14,0,
Fillmore County,US.NE.FI,14,1,
Monroe County,US.WV.ME,14,0,
Warren County,US.IN.WN,14,1,
Big Stone County,US.MN.BI,14,0,
Radford city,US.VA.RD,14,0,
Lincoln County,US.WI.LI,14,0,
Letcher County,US.KY.LT,14,0,
Orleans County,US.VT.OL,14,0,
Avery County,US.NC.AV,14,0,
Baca County,US.CO.BA,14,0,
Ballard County,US.KY.BA,14,0,
Latimer County,US.OK.LA,14,1,
Russell County,US.VA.RU,14,0,
Ohio County,US.IN.OH,14,0,
Aitkin County,US.MN.AI,14,0,
Kanabec County,US.MN.KA,14,1,
Koochiching County,US.MN.KO,14,1,
Shannon County,US.MO.SN,13,0,
Gosper County,US.NE.GO,13,0,
Johnston County,US.OK.JO,13,0,
Bell County,US.KY.BL,13,0,
Gilmer County,US.WV.GI,13,0,
McCook County,US.SD.MC,13,1,
Schuyler County,US.IL.SU,13,0,
Schuyler County,US.NY.SU,13,0,
LaMoure County,US.ND.LA,13,0,
Nicholas County,US.WV.NI,13,1,
Dimmit County,US.TX.DM,13,0,
Lincoln County,US.NM.LI,13,0,
Woodward County,US.OK.WW,13,0,
Reagan County,US.TX.RG,13,0,
Stanley County,US.SD.ST,13,0,
Sumner County,US.KS.SU,13,1,
Hamlin County,US.SD.HM,13,0,
Osage County,US.KS.OS,13,0,
Tyrrell County,US.NC.TY,13,0,
Benton County,US.TN.BN,13,1,
Union County,US.IN.UN,13,0,
Polk County,US.NE.PO,13,0,
Roseau County,US.MN.RS,13,0,
Pendleton County,US.WV.PE,13,1,
Rains County,US.TX.RI,13,0,
Moffat County,US.CO.MF,13,0,
Menifee County,US.KY.ME,13,0,
Grant County,US.SD.GA,13,0,
Lexington city,US.VA.LX,13,0,
Presque Isle County,US.MI.PR,13,0,
Hyde County,US.NC.HE,13,0,
Hughes County,US.OK.HU,13,0,
Garrett County,US.MD.GA,13,0,
Crockett County,US.TX.CT,13,0,
Meigs County,US.OH.MS,12,0,
Sanborn County,US.SD.SA,12,0,
Searcy County,US.AR.SA,12,0,
Bates County,US.MO.BS,12,1,
Gasconade County,US.MO.GA,12,0,
Hot Springs County,US.WY.HO,12,0,
Crook County,US.OR.CR,12,0,
Scott County,US.AR.SC,12,0,
Fall River County,US.SD.FL,12,0,
Harrison County,US.OH.HR,12,1,
Ouray County,US.CO.OU,12,1,
Kiowa County,US.OK.KO,12,1,
Garza County,US.TX.GR,12,0,
Newton County,US.TX.NE,12,0,
Wilbarger County,US.TX.WG,12,0,
Spink County,US.SD.SP,12,0,
Wetzel County,US.WV.WT,12,0,
Moore County,US.TN.MO,12,0,
Marion County,US.AR.MN,12,0,
Jack County,US.TX.JK,12,0,
Randolph County,US.MO.RN,12,0,
Lee County,US.VA.LE,12,0,
Chippewa County,US.MI.CP,12,0,
Caldwell County,US.MO.CW,12,0,
Sawyer County,US.WI.SW,12,0,
Marshall County,US.MN.MS,12,0,
Haskell County,US.OK.HS,12,0,
Kimball County,US.NE.KB,11,0,
Rusk County,US.WI.RU,11,0,
Lancaster County,US.VA.LA,11,0,
Clay County,US.NC.CY,11,0,
Roane County,US.WV.RO,11,1,
Langlade County,US.WI.LN,11,0,
Eastland County,US.TX.EA,11,0,
McLean County,US.ND.ML,11,0,
Greenwood County,US.KS.GW,11,0,
Sitka City and Borough,US.AK.SI,11,0,
Rolette County,US.ND.RO,11,0,
Ramsey County,US.ND.RM,11,1,
Llano County,US.TX.LL,11,0,
Sutton County,US.TX.ST,11,0,
Lipscomb County,US.TX.LM,11,0,
Caribou County,US.ID.CR,11,0,
Morgan County,US.OH.MA,11,0,
Cedar County,US.MO.CD,11,0,
Decatur County,US.IA.DC,11,0,
Beckham County,US.OK.BC,11,0,
Franklin County,US.FL.FR,11,0,
Beaver County,US.UT.BV,11,0,
Adams County,US.ID.AM,11,0,
De Witt County,US.IL.DW,11,0,
Bon Homme County,US.SD.BH,11,0,
Scotland County,US.MO.SO,11,1,
Marion County,US.KS.MN,11,1,
Somervell County,US.TX.SV,11,0,
Metcalfe County,US.KY.MT,11,2,
Pratt County,US.KS.PR,11,0,
Knott County,US.KY.KT,11,0,
Brown County,US.KS.BR,11,0,
DeKalb County,US.MO.DE,11,0,
Concho County,US.TX.ON,11,0,
Noble County,US.OH.NO,11,0,
Sullivan County,US.PA.SL,10,0,
Stanton County,US.KS.ST,10,0,
Clay County,US.WV.CY,10,1,
Montgomery County,US.IA.MG,10,2,
Benzie County,US.MI.BE,10,0,
Furnas County,US.NE.FU,10,1,
Marshall County,US.IL.MH,10,0,
Wallowa County,US.OR.WW,10,0,
Grant County,US.MN.GR,10,0,
Graham County,US.NC.GH,10,0,
Glascock County,US.GA.GS,10,0,
Pembina County,US.ND.PE,10,0,
Lake County,US.MI.LK,10,0,
Fisher County,US.TX.FH,10,1,
Archuleta County,US.CO.AC,10,0,
Grand Isle County,US.VT.GR,10,0,
Pope County,US.MN.PE,10,0,
Livingston County,US.KY.LV,10,0,
Edgar County,US.IL.EG,10,0,
Dallas County,US.AR.DA,10,0,
Jefferson County,US.NE.JE,10,0,
Jefferson County,US.OK.JE,10,0,
Johnson County,US.KY.JO,10,0,
Leslie County,US.KY.LS,10,0,
Custer County,US.SD.CU,10,0,
Scott County,US.VA.SC,10,2,
Brown County,US.IL.BR,10,0,
Ralls County,US.MO.RL,10,0,
Mitchell County,US.TX.MH,10,0,
Teton County,US.MT.TE,10,0,
Vilas County,US.WI.VI,10,0,
Pike County,US.AR.PE,10,0,
Dickinson County,US.MI.DI,10,2,
Pike County,US.IN.PI,10,0,
Wayne County,US.IA.WY,10,0,
Lincoln County,US.MN.LI,10,0,
Rosebud County,US.MT.RS,10,1,
Antelope County,US.NE.AN,9,1,
Emery County,US.UT.EM,9,0,
Miner County,US.SD.ME,9,0,
Mineral County,US.CO.MI,9,0,
Breathitt County,US.KY.BT,9,0,
Saline County,US.IL.SE,9,0,
Mackinac County,US.MI.MK,9,0,
Orange County,US.VT.OA,9,0,
Crittenden County,US.KY.CT,9,1,
Las Animas County,US.CO.LS,9,0,
Daviess County,US.MO.DV,9,0,
Coal County,US.OK.CL,9,0,
Wells County,US.ND.WE,9,0,
Morgan County,US.KY.MG,9,0,
Republic County,US.KS.RP,9,0,
Brooke County,US.WV.BO,9,0,
Brooks County,US.TX.BK,9,0,
Lincoln County,US.MT.LN,9,1,
Colfax County,US.NM.CO,9,1,
Hanson County,US.SD.HS,9,0,
Issaquena County,US.MS.IS,9,1,
Pierce County,US.NE.PI,9,0,
Clay County,US.TX.CY,9,0,
Pershing County,US.NV.PE,9,0,
Lawrence County,US.KY.LC,9,0,
Hodgeman County,US.KS.HG,9,0,
Dawson County,US.MT.DW,8,0,
Craig County,US.VA.CG,8,0,
Archer County,US.TX.AC,8,0,
Curry County,US.OR.CU,8,0,
Menard County,US.TX.EN,8,0,
Fremont County,US.ID.FE,8,0,
Adams County,US.IA.AM,8,0,
Valley County,US.NE.VA,8,0,
Dewey County,US.SD.DW,8,0,
Van Buren County,US.TN.VA,8,0,
Dickinson County,US.KS.DK,8,0,
Edmunds County,US.SD.ED,8,0,
Columbia County,US.WA.CM,8,0,
Union County,US.NM.UN,8,0,
Greene County,US.IL.GE,8,0,
Buffalo County,US.WI.BF,8,2,
Martin County,US.KY.MI,8,0,
Mahnomen County,US.MN.MH,8,1,
Major County,US.OK.MJ,8,1,
Rooks County,US.KS.RO,8,0,
Sheridan County,US.NE.SD,8,0,
Macon County,US.MO.MN,8,0,
Nicholas County,US.KY.NI,8,0,
Henderson County,US.IL.HD,8,0,
Woodruff County,US.AR.WO,8,0,
Woodson County,US.KS.WO,8,0,
Lincoln County,US.WV.LI,8,0,
Stephens County,US.TX.SE,8,0,
Iron County,US.WI.IR,8,1,
Powell County,US.KY.PO,8,0,
Los Alamos County,US.NM.LO,8,0,
Crook County,US.WY.CK,7,0,
Sherman County,US.KS.SH,7,0,
Delta County,US.TX.DT,7,0,
Cotton County,US.OK.CT,7,2,
Morton County,US.KS.MT,7,2,
Kane County,US.UT.KA,7,0,
Briscoe County,US.TX.BO,7,0,
Webster County,US.NE.WE,7,0,
Clearwater County,US.MN.CE,7,0,
Coos County,US.NH.CO,7,0,
Newton County,US.AR.NW,7,0,
Owen County,US.KY.OE,7,0,
Skamania County,US.WA.SM,7,0,
Warren County,US.PA.WR,7,1,
Roosevelt County,US.MT.RO,7,0,
Hand County,US.SD.HD,7,0,
Osage County,US.MO.OS,7,0,
Douglas County,US.SD.DO,7,0,
Edwards County,US.KS.ED,7,0,
Lawrence County,US.IL.LW,7,0,
Childress County,US.TX.CD,7,0,
Menominee County,US.WI.MN,7,0,
Carson County,US.TX.CN,7,0,
Clay County,US.KS.CY,7,1,
Oregon County,US.MO.OR,7,0,
Lewis County,US.MO.LE,7,1,
Franklin County,US.NE.FA,7,0,
Fremont County,US.IA.FO,7,0,
Boone County,US.NE.BO,7,0,
Gogebic County,US.MI.GO,7,1,
Goshen County,US.WY.GO,7,0,
Forest County,US.PA.FO,7,0,
Gilpin County,US.CO.GI,7,0,
Mercer County,US.ND.ME,7,0,
Johnson County,US.NE.JO,7,0,
Plumas County,US.CA.PU,7,0,
Wyoming County,US.WV.WY,7,0,
Bethel Census Area,US.AK.BE,6,0,
Hubbard County,US.MN.HU,6,0,
Texas County,US.MO.TE,6,0,
Hamilton County,US.NY.HA,6,1,
Douglas County,US.MO.DO,6,0,
Nemaha County,US.NE.NE,6,0,
Collingsworth County,US.TX.CG,6,0,
Magoffin County,US.KY.MF,6,0,
Burke County,US.ND.BK,6,0,
Quay County,US.NM.QU,6,1,
Ottawa County,US.KS.OT,6,0,
Tucker County,US.WV.TU,6,0,
Lewis County,US.TN.LE,6,0,
Pickett County,US.TN.PI,6,0,
White Pine County,US.NV.WH,6,0,
Mellette County,US.SD.ML,6,0,
Madison County,US.MO.MD,6,0,
Cumberland County,US.KY.CU,6,0,
Mercer County,US.MO.MC,6,0,
White County,US.IL.WE,6,0,
Upton County,US.TX.UP,6,0,
Iron County,US.MI.IR,6,1,
Trimble County,US.KY.TM,6,0,
Sargent County,US.ND.SG,6,0,
Jackson County,US.SD.JA,6,1,
Carter County,US.MO.CR,6,1,
Lake County,US.MN.LE,6,0,
Matthews County,US.VA.MT,6,0,
Kingsbury County,US.SD.KI,6,0,
McDowell County,US.WV.MC,6,0,
Chariton County,US.MO.CI,6,0,
Sublette County,US.WY.SU,6,0,
Kimble County,US.TX.KM,6,0,
Stillwater County,US.MT.ST,6,0,
Red Willow County,US.NE.RE,6,0,
Woods County,US.OK.WS,6,0,
Eddy County,US.ND.ED,5,0,
Haskell County,US.TX.HK,5,0,
Sioux County,US.NE.SI,5,0,
McHenry County,US.ND.MH,5,1,
Traverse County,US.MN.TR,5,0,
Morris County,US.KS.MR,5,0,
Monroe County,US.MO.MR,5,0,
Richardson County,US.NE.RI,5,1,
Hickman County,US.KY.HA,5,0,
San Saba County,US.TX.SS,5,0,
Covington city,US.VA.CV,5,0,
Bottineau County,US.ND.BT,5,0,
Lane County,US.KS.LE,5,0,
Schoolcraft County,US.MI.SR,5,0,
Deer Lodge County,US.MT.DE,5,0,
Montgomery County,US.AR.MT,5,0,
Glasscock County,US.TX.GC,5,0,
Marshall County,US.SD.MS,5,0,
Howard County,US.MO.HR,5,0,
Idaho County,US.ID.ID,5,0,
Montmorency County,US.MI.MR,5,0,
Pleasants County,US.WV.PL,5,0,
Carlisle County,US.KY.CE,5,1,
Cheyenne County,US.CO.CE,5,0,
Schuyler County,US.MO.SH,5,0,
Sherman County,US.NE.SM,5,0,
Baraga County,US.MI.BA,5,0,
Hamilton County,US.IL.HM,5,0,
Pend Oreille County,US.WA.PE,5,0,
McPherson County,US.SD.MP,5,0,
Coke County,US.TX.OK,5,1,
Green County,US.KY.GN,5,1,
Mineral County,US.NV.MI,5,0,
Renville County,US.ND.RE,5,0,
Pierce County,US.ND.PI,5,0,
Sheridan County,US.KS.SD,5,0,
Wahkiakum County,US.WA.WH,5,0,
Clinton County,US.KY.CO,5,0,
Nome Census Area,US.AK.NM,5,0,
Hardeman County,US.TX.RD,5,0,
Baker County,US.OR.BA,5,0,
Broadwater County,US.MT.BR,5,0,
Dickenson County,US.VA.DC,5,0,
Washita County,US.OK.WT,5,0,
Bristol city,US.VA.BI,5,0,
Northwest Arctic Borough,US.AK.NW,4,0,
Chase County,US.KS.CS,4,0,
North Slope Borough,US.AK.NH,4,0,
Worth County,US.MO.WO,4,0,
Chautauqua County,US.KS.CQ,4,0,
Ness County,US.KS.NS,4,0,
Wolfe County,US.KY.WL,4,0,
Wirt County,US.WV.WI,4,0,
Atchison County,US.MO.AT,4,0,
Wayne County,US.MO.WY,4,0,
Washburn County,US.WI.WR,4,0,
Cottle County,US.TX.OT,4,1,
Anderson County,US.KS.AN,4,0,
Boise County,US.ID.BS,4,0,
Bent County,US.CO.BE,4,0,
Allen County,US.KS.AL,4,0,
Benson County,US.ND.BE,4,0,
Valley County,US.MT.VA,4,0,
Oldham County,US.TX.OL,4,1,
Bennett County,US.SD.BN,4,0,
Oneida County,US.ID.ON,4,0,
Norton County,US.KS.NT,4,0,
Cameron County,US.PA.CE,4,0,
Nance County,US.NE.NA,4,0,
Alger County,US.MI.AG,4,0,
Mitchell County,US.KS.MC,4,0,
Norton city,US.VA.NC,4,0,
Burnett County,US.WI.BN,4,1,
Ellsworth County,US.KS.EW,4,0,
Dewey County,US.OK.DW,4,0,
Shackelford County,US.TX.SC,4,0,
Piute County,US.UT.PT,4,0,
Deuel County,US.SD.DU,4,0,
Emmons County,US.ND.EM,4,1,
Gregory County,US.SD.GE,4,0,
Dickey County,US.ND.DC,4,0,
Rice County,US.KS.RC,4,0,
Rich County,US.UT.RH,4,0,
Richland County,US.IL.RI,4,0,
Shelby County,US.MO.SB,4,0,
Jeff Davis County,US.TX.JF,4,0,
Lincoln County,US.WA.LI,4,0,
Rio Blanco County,US.CO.RB,4,0,
Florence County,US.WI.FL,4,0,
Lac Qui Parle County,US.MN.LC,4,0,
Maries County,US.MO.MS,4,0,
Dent County,US.MO.DN,4,0,
Custer County,US.ID.CU,4,0,
Huerfano County,US.CO.HU,4,1,
Hancock County,US.TN.HC,4,0,
Garden County,US.NE.GD,4,0,
Stark County,US.IL.SA,4,0,
Stevens County,US.MN.SV,4,0,
Lincoln County,US.CO.LI,4,0,
Tyler County,US.WV.TY,4,0,
Platte County,US.WY.PL,4,0,
Petersburg Census Area,US.AK.PB,4,1,
Dawes County,US.NE.DS,4,0,
Roberts County,US.TX.RS,4,0,
Keith County,US.NE.KT,4,0,
Jewell County,US.KS.JW,4,0,
Real County,US.TX.RL,4,0,
Jefferson County,US.MT.JE,4,0,
Estill County,US.KY.ES,4,0,
Granite County,US.MT.GN,4,0,
Slope County,US.ND.SL,3,0,
Grant County,US.ND.GT,3,0,
Essex County,US.VT.ES,3,0,
Kiowa County,US.KS.KW,3,0,
Hyde County,US.SD.HY,3,0,
Luce County,US.MI.LU,3,0,
Smith County,US.KS.SM,3,0,
Piscataquis County,US.ME.PI,3,0,
Iron County,US.MO.IR,3,0,
Washington County,US.ME.WS,3,0,
Cavalier County,US.ND.CV,3,0,
Golden Valley County,US.MT.GO,3,0,
Southeast Fairbanks Census Area,US.AK.SO,3,0,
Bayfield County,US.WI.BY,3,1,
Holt County,US.NE.HT,3,0,
Pawnee County,US.KS.PN,3,0,
Greeley County,US.NE.GE,3,0,
Wrangell City and Borough,US.AK.WG,3,0,
Box Butte County,US.NE.BX,3,0,
Putnam County,US.MO.PN,3,0,
Highland County,US.VA.HA,3,0,
Armstrong County,US.TX.AM,3,0,
Owsley County,US.KY.OS,3,0,
Ashland County,US.WI.AS,3,0,
Braxton County,US.WV.BX,3,0,
Hinsdale County,US.CO.HI,3,0,
Phillips County,US.KS.PL,3,0,
Kodiak Island Borough,US.AK.KO,3,0,
Culberson County,US.TX.UL,3,0,
Coleman County,US.TX.CM,3,0,
Knox County,US.TX.KX,3,0,
Elliott County,US.KY.EL,3,0,
Pike County,US.IL.PK,3,0,
Red Lake County,US.MN.RD,3,0,
Price County,US.WI.PC,2,0,
St. Clair County,US.MO.SC,2,0,
Wilson County,US.KS.WL,2,0,
Harper County,US.KS.HP,2,0,
Steele County,US.ND.SE,2,0,
Hall County,US.TX.HA,2,1,
Haines Borough,US.AK.HA,2,0,
Sherman County,US.OR.SH,2,0,
Ozark County,US.MO.OZ,2,0,
Griggs County,US.ND.GI,2,0,
Catron County,US.NM.CA,2,1,
Shoshone County,US.ID.SH,2,0,
Jackson County,US.CO.JA,2,0,
Irion County,US.TX.IR,2,0,
Pondera County,US.MT.PN,2,0,
Calhoun County,US.AR.CA,2,0,
Calhoun County,US.WV.CH,2,0,
Bland County,US.VA.BL,2,0,
Bear Lake County,US.ID.BK,2,0,
Grant County,US.OK.GN,2,0,
San Juan County,US.CO.SJ,2,0,
Custer County,US.CO.CU,2,0,
Harmon County,US.OK.HM,2,0,
Banner County,US.NE.BA,2,0,
Ritchie County,US.WV.RI,2,0,
McIntosh County,US.ND.MI,2,0,
Kidder County,US.ND.KI,2,0,
Alpine County,US.CA.AP,2,0,
Kinney County,US.TX.KN,2,0,
Kittson County,US.MN.KI,2,0,
Clearwater County,US.ID.CE,2,0,
Rock County,US.NE.RO,2,0,
Taliaferro County,US.GA.TA,2,0,
Treasure County,US.MT.TR,2,0,
Comanche County,US.KS.CM,2,0,
Knox County,US.MO.KN,2,0,
Cherry County,US.NE.CH,2,0,
Edwards County,US.TX.ED,2,0,
Trinity County,US.CA.TR,2,0,
Edwards County,US.IL.EW,2,0,
Terrell County,US.TX.TL,2,0,
Fergus County,US.MT.FE,2,0,
Oliver County,US.ND.OL,2,0,
Prince of Wales-Hyder Census Area,US.AK.PH,2,0,
Clay County,US.IL.CY,2,0,
Dickens County,US.TX.DC,2,0,
Cheyenne County,US.KS.CN,2,0,
Reynolds County,US.MO.RE,2,0,
Niobrara County,US.WY.NI,2,0,
Gallatin County,US.IL.GA,2,0,
Storey County,US.NV.ST,2,0,
Nuckolls County,US.NE.NU,2,0,
Meagher County,US.MT.ME,2,0,
Lincoln County,US.NV.LI,2,0,
Osborne County,US.KS.OB,2,0,
Clark County,US.MO.CK,2,0,
Lemhi County,US.ID.LM,2,0,
Summers County,US.WV.SU,2,0,
Foster County,US.ND.FO,2,0,
Yukon-Koyukuk Census Area,US.AK.YU,2,0,
Alfalfa County,US.OK.AL,1,0,
Logan County,US.KS.LG,1,0,
Lincoln County,US.KS.LC,1,0,
Lee County,US.KY.LE,1,0,
Boyd County,US.NE.BY,1,0,
Hettinger County,US.ND.HE,1,0,
Harper County,US.OK.HP,1,0,
Liberty County,US.MT.LB,1,0,
Scott County,US.IL.SO,1,0,
Bowman County,US.ND.BW,1,0,
Robertson County,US.KY.RB,1,0,
Nelson County,US.ND.NE,1,0,
Rush County,US.KS.RH,1,0,
Beaverhead County,US.MT.BE,1,0,
Baylor County,US.TX.BR,1,0,
Harney County,US.OR.HA,1,0,
Russell County,US.KS.RS,1,0,
Keweenaw County,US.MI.KW,1,0,
Billings County,US.ND.BI,1,0,
Barber County,US.KS.AB,1,0,
Wheatland County,US.MT.WH,1,0,
Hooker County,US.NE.HO,1,0,
Holt County,US.MO.HL,1,0,
Hitchcock County,US.NE.HI,1,0,
Hill County,US.MT.HI,1,0,
Boundary County,US.ID.BD,1,0,
Putnam County,US.IL.PT,1,0,
Kenedy County,US.TX.KE,1,0,
Ziebach County,US.SD.ZI,1,0,
Campbell County,US.SD.CP,1,0,
Divide County,US.ND.DV,1,0,
Motley County,US.TX.MY,1,0,
Trego County,US.KS.TR,1,0,
Sierra County,US.CA.SE,1,0,
Ontonagon County,US.MI.ON,1,0,
Ellis County,US.OK.EL,1,0,
Cochran County,US.TX.CC,1,0,
Elk County,US.KS.EK,1,0,
Garfield County,US.NE.GF,1,0,
Chase County,US.NE.CE,1,0,
Grant County,US.OR.GR,1,0,
Thayer County,US.NE.TA,1,0,
Gove County,US.KS.GO,1,0,
Thomas County,US.NE.TO,1,0,
Marshall County,US.KS.MS,1,0,
Cook County,US.MN.CO,1,0,
Throckmorton County,US.TX.TH,1,0,
Pepin County,US.WI.PE,1,0,
Washington County,US.KS.WS,1,0,
Stafford County,US.KS.SF,1,0,
Gilliam County,US.OR.GI,1,0,
Eureka County,US.NV.EU,1,0,
Mills County,US.TX.MS,1,0,
Musselshell County,US.MT.MU,1,0,
Ferry County,US.WA.FE,1,0,
Sully County,US.SD.SU,1,0,
Camas County,US.ID.CM,1,0,
Pope County,US.IL.PE,1,0,
Harding County,US.NM.HA,1,0,
Dade County,US.MO.DD,1,0,
Hardin County,US.IL.HI,1,0,
Frontier County,US.NE.FO,1,0,
Harlan County,US.NE.HR,1,0,
Cimarron County,US.OK.CO,1,0,
Sheridan County,US.MT.SH,1,0,
Calhoun County,US.IL.CH,1,0,
Sheridan County,US.ND.SH,1,0,
Arthur County,US.NE.AR,0,0,
McPherson County,US.NE.MC,0,0,
Dundy County,US.NE.DY,0,0,
Kingman County,US.KS.KM,0,0,
McMullen County,US.TX.MM,0,0,
Kusilvak Census Area,US.AK.WA,0,0,
Modoc County,US.CA.MC,0,0,
Kiowa County,US.CO.KO,0,0,
Esmeralda County,US.NV.ES,0,0,
Wallace County,US.KS.WA,0,0,
Webster County,US.WV.WB,0,0,
Perkins County,US.SD.PR,0,0,
Dolores County,US.CO.DO,0,0,
Mineral County,US.MT.MN,0,0,
Lewis County,US.ID.LW,0,0,
Daggett County,US.UT.DG,0,0,
Daniels County,US.MT.DN,0,0,
Adams County,US.ND.AD,0,0,
De Baca County,US.NM.DE,0,0,
Decatur County,US.KS.DC,0,0,
Petroleum County,US.MT.PO,0,0,
Rawlins County,US.KS.RA,0,0,
Aleutians East Borough,US.AK.AE,0,0,
Aleutians West Census Area,US.AK.AW,0,0,
Valdez-Cordova Census Area,US.AK.VA,0,0,
Doddridge County,US.WV.DO,0,0,
Denali Borough,US.AK.DE,0,0,
Towner County,US.ND.TO,0,0,
Deuel County,US.NE.DL,0,0,
Phillips County,US.MT.PH,0,0,
Dillingham Census Area,US.AK.DI,0,0,
King County,US.TX.KG,0,0,
Lake of the Woods County,US.MN.LO,0,0,
Lake and Peninsula Borough,US.AK.LA,0,0,
Yakutat City and Borough,US.AK.YA,0,0,
Perkins County,US.NE.PE,0,0,
Roger Mills County,US.OK.RR,0,0,
Stonewall County,US.TX.SA,0,0,
Sweet Grass County,US.MT.SW,0,0,
Borden County,US.TX.BD,0,0,
Blaine County,US.NE.BL,0,0,
Carter County,US.MT.CT,0,0,
Powder River County,US.MT.PD,0,0,
Skagway Municipality,US.AK.SW,0,0,
Grant County,US.NE.GA,0,0,
Potter County,US.SD.PO,0,0,
Wichita County,US.KS.WH,0,0,
Wibaux County,US.MT.WI,0,0,
Sanders County,US.MT.SA,0,0,
Hoonah-Angoon Census Area,US.AK.HH,0,0,
Wheeler County,US.OR.WE,0,0,
Fallon County,US.MT.FA,0,0,
Wheeler County,US.NE.WH,0,0,
Greeley County,US.KS.GL,0,0,
Butte County,US.SD.BT,0,0,
Butte County,US.ID.BT,0,0,
Wayne County,US.UT.WE,0,0,
Brown County,US.NE.BW,0,0,
Hickory County,US.MO.HC,0,0,
Sedgwick County,US.CO.SE,0,0,
Hayes County,US.NE.HY,0,0,
Harding County,US.SD.HR,0,0,
Blaine County,US.MT.BL,0,0,
Graham County,US.KS.GH,0,0,
Powell County,US.MT.PL,0,0,
Loving County,US.TX.LI,0,0,
Keya Paha County,US.NE.KY,0,0,
Foard County,US.TX.FD,0,0,
McCone County,US.MT.MC,0,0,
Clark County,US.ID.CA,0,0,
Kent County,US.TX.KT,0,0,
Bath County,US.VA.BA,0,0,
Bristol Bay Borough,US.AK.BR,0,0,
Chouteau County,US.MT.CH,0,0,
Pawnee County,US.NE.PA,0,0,
Sterling County,US.TX.SI,0,0,
Garfield County,US.MT.GF,0,0,
Kalawao County,US.HI.KL,0,0,
Judith Basin County,US.MT.JU,0,0,
Logan County,US.ND.LO,0,0,
Jones County,US.SD.JO,0,0,
Logan County,US.NE.LG,0,0,
Garfield County,US.WA.GF,0,0,
Mora County,US.NM.MO,0,0,
Golden Valley County,US.ND.GO,0,0,
Loup County,US.NE.LU,0,0,
Prairie County,US.MT.PR,0,0,
Haakon County,US.SD.HA,0,0,
