County,hasc,confirmed,death,recovered
Los Angeles County,US.CA.LO,100772,3326,
Cook County,US.IL.CO,90122,4554,
Queens County,US.NY.QU,65325,6609,
Kings County,US.NY.KI,59576,7031,
Bronx County,US.NY.BN,47555,4680,
Maricopa County,US.AZ.MA,45178,746,
Nassau County,US.NY.NA,41780,2182,
Suffolk County,US.NY.SF,41339,1979,
Miami-Dade County,US.FL.DA,35222,975,
Westchester County,US.NY.WE,34789,1420,
Harris County,US.TX.RR,29276,371,
New York County,US.NY.NE,28401,3065,
Middlesex County,US.MA.MI,23946,1851,
Wayne County,US.MI.WY,22662,2711,
Philadelphia County,US.PA.PH,21512,1595,
Dallas County,US.TX.DS,20165,352,
Suffolk County,US.MA.SU,19795,1002,
Bergen County,US.NJ.BE,19375,1985,
Hudson County,US.NJ.HD,18838,1449,
Essex County,US.NJ.ES,18731,2021,
Prince George's County,US.MD.PR,18505,680,
Passaic County,US.NJ.PA,16876,1183,
Middlesex County,US.NJ.MI,16764,1319,
Fairfield County,US.CT.FA,16664,1376,
Riverside County,US.CA.RI,16634,440,
Union County,US.NJ.UN,16297,1325,
Essex County,US.MA.ES,16069,1104,
Broward County,US.FL.BO,15045,382,
Montgomery County,US.MD.MO,14675,736,
Clark County,US.NV.CL,14607,414,
Richmond County,US.NY.RI,14082,1041,
Fairfax County,US.VA.FX,13840,478,
San Diego County,US.CA.SD,13832,361,
Palm Beach County,US.FL.PL,13711,503,
Rockland County,US.NY.RO,13580,506,
Orange County,US.CA.OR,13064,330,
Providence County,US.RI.PR,12937,537,
Worcester County,US.MA.WO,12324,920,
New Haven County,US.CT.NH,12318,1073,
Oakland County,US.MI.OD,11942,1085,
San Bernardino County,US.CA.SA,11797,249,
Hennepin County,US.MN.HE,11656,773,
Hartford County,US.CT.HA,11623,1370,
Tarrant County,US.TX.TN,11476,225,
Marion County,US.IN.MO,11279,677,
Milwaukee County,US.WI.MU,11216,389,
Salt Lake County,US.UT.SL,10887,106,
Mecklenburg County,US.NC.MB,10863,146,
Orange County,US.NY.OE,10716,401,
Hillsborough County,US.FL.HL,10323,135,
Washington,US.DC.DI,10292,551,
Bexar County,US.TX.BX,10147,109,
King County,US.WA.KN,10019,610,
Orange County,US.FL.OR,10014,56,
Lake County,US.IL.LK,9695,415,
Shelby County,US.TN.SY,9671,186,
Ocean County,US.NJ.OC,9575,946,
Jefferson Parish,US.LA.JF,9403,483,
Norfolk County,US.MA.NO,9161,923,
Monmouth County,US.NJ.MN,9110,805,
Davidson County,US.TN.DA,9016,110,
DuPage County,US.IL.DU,8993,470,
Franklin County,US.OH.FR,8982,395,
Plymouth County,US.MA.PL,8676,663,
Travis County,US.TX.TV,8461,117,
Montgomery County,US.PA.MG,8413,798,
Bristol County,US.MA.BR,8208,575,
Gwinnett County,US.GA.GW,7963,170,
Baltimore County,US.MD.BC,7929,470,
Orleans Parish,US.LA.OR,7796,532,
Kane County,US.IL.KE,7674,265,
Mercer County,US.NJ.ME,7634,577,
Pima County,US.AZ.PM,7568,268,
Baltimore City,US.MD.BA,7498,335,
Macomb County,US.MI.MB,7317,907,
Camden County,US.NJ.CM,7297,485,
Erie County,US.NY.ER,7249,569,
Prince William County,US.VA.PW,7210,139,
Delaware County,US.PA.DE,7170,653,
Denver County,US.CO.DN,7065,376,
Douglas County,US.NE.DG,7019,88,
Yakima County,US.WA.YA,7008,154,
Fulton County,US.GA.FU,6848,312,
Hampden County,US.MA.HD,6765,655,
Morris County,US.NJ.MR,6735,796,
Cuyahoga County,US.OH.CU,6694,352,
Will County,US.IL.WL,6635,319,
Pinellas County,US.FL.PI,6260,154,
Imperial County,US.CA.IM,6187,81,
St. Louis County,US.MO.SL,6181,564,
Polk County,US.IA.PK,5968,174,
Yuma County,US.AZ.YU,5882,80,
Duval County,US.FL.DU,5839,64,
Alameda County,US.CA.AA,5762,133,
El Paso County,US.TX.EP,5745,128,
Bucks County,US.PA.BC,5729,563,
DeKalb County,US.GA.DA,5589,172,
Lee County,US.FL.LE,5363,156,
Arapahoe County,US.CO.AA,5172,343,
Burlington County,US.NJ.BU,5142,421,
Anne Arundel County,US.MD.AN,5092,207,
East Baton Rouge Parish,US.LA.EB,5034,270,
New Castle County,US.DE.NE,5031,242,
Wake County,US.NC.WK,4952,46,
Hamilton County,US.OH.HM,4922,191,
Greenville County,US.SC.GV,4887,80,
Kent County,US.MI.KN,4862,132,
Somerset County,US.NJ.SO,4858,528,
Fresno County,US.CA.FR,4811,72,
Lake County,US.IN.LK,4781,239,
Cobb County,US.GA.CB,4777,243,
Sussex County,US.DE.SU,4637,175,
Ramsey County,US.MN.RA,4629,217,
Kern County,US.CA.KE,4548,68,
Berks County,US.PA.BK,4521,350,
Lancaster County,US.PA.LN,4414,356,
Santa Clara County,US.CA.SL,4265,156,
Lehigh County,US.PA.LH,4220,294,
Dutchess County,US.NY.DU,4201,151,
Adams County,US.CO.AD,4170,155,
Collier County,US.FL.CL,4147,71,
Jefferson County,US.AL.JE,4099,136,
Loudoun County,US.VA.LD,3968,87,
Utah County,US.UT.UT,3965,22,
Tulare County,US.CA.TL,3872,124,
Jefferson County,US.KY.JF,3852,190,
Montgomery County,US.AL.MT,3777,96,
Fort Bend County,US.TX.FR,3716,53,
Monroe County,US.NY.MR,3709,244,
Polk County,US.FL.PO,3682,93,
Chester County,US.PA.CH,3677,323,
Charleston County,US.SC.CS,3653,23,
Durham County,US.NC.DH,3624,61,
Minnehaha County,US.SD.MN,3600,57,
Navajo County,US.AZ.NA,3570,124,
Mobile County,US.AL.MB,3562,137,
San Francisco County,US.CA.SF,3561,50,
Jackson County (including other portions of Kansas City),US.MO.JC,3517,55,
Snohomish County,US.WA.SN,3463,170,
Washington County,US.AR.WA,3417,30,
Northampton County,US.PA.NA,3407,266,
Pinal County,US.AZ.PN,3382,63,
McKinley County,US.NM.MC,3347,166,
Richland County,US.SC.RI,3315,82,
Tulsa County,US.OK.TU,3304,67,
Hidalgo County,US.TX.HG,3294,32,
San Joaquin County,US.CA.SJ,3291,52,
Hillsborough County,US.NH.HI,3263,242,
Caddo Parish,US.LA.CO,3260,232,
Hall County,US.GA.HL,3175,60,
Horry County,US.SC.HO,3150,44,
Woodbury County,US.IA.WO,3147,43,
San Mateo County,US.CA.SM,3141,106,
Winnebago County,US.IL.WN,3014,92,
Sacramento County,US.CA.SC,3004,68,
Elkhart County,US.IN.EL,3003,42,
Forsyth County,US.NC.FO,2978,34,
Contra Costa County,US.CA.CN,2971,76,
Cumberland County,US.NJ.CU,2946,141,
Galveston County,US.TX.GV,2923,40,
Luzerne County,US.PA.LU,2906,177,
Chesterfield County,US.VA.CD,2869,49,
Potter County,US.TX.PT,2858,37,
Atlantic County,US.NJ.AT,2845,214,
Brown County,US.WI.BW,2825,42,
Onondaga County,US.NY.OG,2822,164,
Manatee County,US.FL.MN,2810,129,
Weld County,US.CO.WE,2798,137,
Guilford County,US.NC.GU,2775,111,
Collin County,US.TX.CI,2763,42,
Ventura County,US.CA.VE,2740,45,
Oklahoma County,US.OK.OL,2732,70,
Marion County,US.OH.MR,2724,37,
Genesee County,US.MI.GE,2715,288,
Santa Barbara County,US.CA.SB,2712,28,
Benton County,US.AR.BE,2679,18,
Jefferson County,US.CO.JE,2671,209,
Denton County,US.TX.DN,2670,37,
Allegheny County,US.PA.AL,2651,183,
Allen County,US.IN.AL,2621,106,
Washoe County,US.NV.WA,2600,74,
Hays County,US.TX.HY,2586,6,
Lucas County,US.OH.LU,2584,299,
Henrico County,US.VA.HC,2584,141,
Gloucester County,US.NJ.GL,2563,182,
Howard County,US.MD.HO,2527,84,
Pierce County,US.WA.PI,2510,98,
Frederick County,US.MD.FR,2486,117,
Seminole County,US.FL.SE,2477,16,
Arlington County,US.VA.AR,2466,131,
Rutherford County,US.TN.RU,2450,34,
Hamilton County,US.TN.HL,2433,30,
San Juan County,US.NM.SJ,2405,162,
Kings County,US.CA.KI,2394,28,
City of St. Louis,US.MO.SY,2376,151,
El Paso County,US.CO.EL,2360,109,
Ouachita Parish,US.LA.OU,2331,73,
Alexandria City,US.VA.AX,2317,56,
Apache County,US.AZ.AP,2309,85,
St. Tammany Parish,US.LA.ST,2308,175,
Wyandotte County,US.KS.WY,2293,82,
Cass County,US.ND.CS,2233,66,
Stearns County,US.MN.SR,2228,19,
Brazoria County,US.TX.BI,2217,21,
Richmond City,US.VA.RC,2195,29,
Cameron County,US.TX.CA,2183,55,
Pickaway County,US.OH.PC,2169,41,
Multnomah County,US.OR.MU,2167,69,
Stanislaus County,US.CA.ST,2165,42,
Dakota County,US.MN.DA,2157,87,
Racine County,US.WI.RA,2155,61,
Bernalillo County,US.NM.BE,2109,85,
Albany County,US.NY.AB,2099,108,
Anoka County,US.MN.AN,2076,107,
Black Hawk County,US.IA.BL,2070,57,
Lafayette Parish,US.LA.LY,2058,41,
Hinds County,US.MS.HI,2048,38,
Lubbock County,US.TX.LU,2041,51,
Ada County,US.ID.AA,2040,23,
Volusia County,US.FL.VO,2024,56,
Williamson County,US.TX.WM,2019,35,
McHenry County,US.IL.MY,2010,97,
Ford County,US.KS.FO,2006,10,
Walker County,US.TX.WK,1981,28,
Martin County,US.FL.MT,1979,25,
Dauphin County,US.PA.DA,1971,133,
Lexington County,US.SC.LX,1959,48,
Montgomery County,US.TX.MG,1952,36,
Tuscaloosa County,US.AL.TU,1946,38,
Summit County,US.OH.SU,1920,204,
Osceola County,US.FL.OS,1919,24,
Pulaski County,US.AR.PU,1916,57,
Nueces County,US.TX.NU,1915,7,
Pasco County,US.FL.PS,1909,17,
Dougherty County,US.GA.DH,1895,154,
Clayton County,US.GA.CN,1889,79,
St. Clair County,US.IL.SI,1863,135,
Coconino County,US.AZ.CO,1850,92,
Brazos County,US.TX.BZ,1822,29,
St. Joseph County,US.IN.SN,1819,65,
Wayne County,US.NC.WY,1795,25,
Ulster County,US.NY.UL,1778,81,
Dakota County,US.NE.DK,1759,31,
Mahoning County,US.OH.MH,1736,228,
Dane County,US.WI.DA,1727,32,
Johnson County,US.KS.JO,1722,86,
Benton County,US.WA.BE,1718,79,
Santa Cruz County,US.AZ.SA,1717,18,
Brevard County,US.FL.BE,1716,17,
Lancaster County,US.NE.LA,1708,12,
Escambia County,US.FL.ES,1702,44,
Cumberland County,US.ME.CU,1697,60,
Buena Vista County,US.IA.BV,1695,11,
Lackawanna County,US.PA.LC,1694,202,
St. Lucie County,US.FL.SL,1691,45,
Washtenaw County,US.MI.WS,1683,104,
Kent County,US.DE.KE,1672,89,
Nobles County,US.MN.NB,1651,6,
Montgomery County,US.OH.MT,1646,23,
Jefferson County,US.TX.JE,1638,32,
Cass County,US.IN.CS,1636,9,
Oneida County,US.NY.OD,1616,93,
Franklin County,US.WA.FR,1610,33,
Monterey County,US.CA.MT,1605,14,
Muscogee County,US.GA.MG,1589,43,
Hall County,US.NE.HL,1587,45,
Finney County,US.KS.FI,1563,10,
Spartanburg County,US.SC.SP,1543,45,
Barnstable County,US.MA.BA,1535,144,
Warren County,US.KY.WR,1508,13,
Rapides Parish,US.LA.RA,1499,57,
Kenosha County,US.WI.KN,1490,43,
Marion County,US.OR.MR,1489,43,
Litchfield County,US.CT.LI,1487,136,
Trousdale County,US.TN.TR,1482,5,
York County,US.PA.YO,1477,45,
Rockingham County,US.NH.RO,1470,89,
Marshall County,US.AL.MS,1463,9,
Duplin County,US.NC.DP,1460,27,
Webb County,US.TX.WB,1457,25,
Sullivan County,US.NY.SL,1451,35,
Sarasota County,US.FL.SR,1447,96,
Hamilton County,US.IN.HM,1447,98,
Cache County,US.UT.CA,1445,1,
Johnston County,US.NC.JH,1431,29,
Monroe County,US.PA.MR,1409,108,
Butler County,US.OH.BU,1388,44,
Fayette County,US.KY.FA,1387,26,
Manassas City,US.VA.MS,1385,16,
Charles County,US.MD.CH,1383,86,
Troup County,US.GA.TP,1380,32,
Sumner County,US.TN.SN,1371,51,
Boulder County,US.CO.BO,1367,71,
Hendricks County,US.IN.HD,1361,99,
Lebanon County,US.PA.LB,1331,43,
Putnam County,US.NY.PU,1325,63,
Washington County,US.OR.WI,1315,20,
Cherokee County,US.GA.CE,1300,43,
Tangipahoa Parish,US.LA.TA,1295,43,
Middlesex County,US.CT.MI,1295,183,
DeSoto County,US.MS.DE,1293,15,
Saginaw County,US.MI.SG,1275,123,
Kankakee County,US.IL.KK,1269,65,
Sedgwick County,US.KS.SG,1260,28,
Calcasieu Parish,US.LA.CC,1257,54,
New London County,US.CT.NL,1255,102,
Lake County,US.FL.LK,1252,22,
Spokane County,US.WA.SP,1236,39,
Johnson County,US.IN.JO,1231,117,
Warren County,US.NJ.WA,1230,156,
Niagara County,US.NY.NI,1228,85,
Columbiana County,US.OH.CL,1202,59,
Kent County,US.RI.KE,1199,72,
Marin County,US.CA.MN,1195,18,
Linn County,US.IA.LI,1191,82,
Sussex County,US.NJ.SU,1190,191,
Chatham County,US.GA.CM,1188,37,
Lowndes County,US.GA.LW,1186,11,
Rowan County,US.NC.RW,1183,39,
Madison County,US.MS.MD,1181,32,
Robeson County,US.NC.RB,1178,38,
Dallas County,US.IA.DL,1174,29,
Henry County,US.GA.HY,1174,33,
Union County,US.NC.UN,1173,23,
Leavenworth County,US.KS.LV,1162,7,
Florence County,US.SC.FL,1159,49,
Alachua County,US.FL.AL,1159,12,
Cumberland County,US.NC.CU,1157,41,
Ascension Parish,US.LA.AE,1157,58,
Lee County,US.AL.LE,1157,37,
Washington County,US.UT.WN,1156,3,
Randolph County,US.NC.RA,1155,29,
Davis County,US.UT.DA,1155,4,
York County,US.SC.YO,1155,12,
Waukesha County,US.WI.WK,1151,38,
Beaufort County,US.SC.BA,1148,18,
Sarpy County,US.NE.SY,1145,8,
Virginia Beach City,US.VA.VI,1145,29,
Bell County,US.TX.BL,1128,12,
Solano County,US.CA.SN,1126,24,
Lafourche Parish,US.LA.LO,1119,86,
Sonoma County,US.CA.SO,1118,5,
Carroll County,US.MD.CR,1114,112,
Alamance County,US.NC.AA,1114,37,
Harford County,US.MD.HA,1108,62,
Cabarrus County,US.NC.CR,1105,28,
Johnson County,US.IA.JH,1098,8,
Hunterdon County,US.NJ.HN,1076,123,
Whitfield County,US.GA.WF,1073,10,
Kalamazoo County,US.MI.KA,1069,67,
Wicomico County,US.MD.WI,1062,41,
Gaston County,US.NC.GS,1041,11,
Shelby County,US.AL.SH,1039,23,
Accomack County,US.VA.AC,1039,14,
Lincoln County,US.AR.LC,1038,11,
St. Charles County,US.MO.SA,1037,73,
Jones County,US.MS.JO,1033,49,
Sampson County,US.NC.SP,1030,6,
Mohave County,US.AZ.MO,1028,85,
Olmsted County,US.MN.OL,1027,15,
Stark County,US.OH.ST,1026,111,
Burke County,US.NC.BK,1022,20,
Madison County,US.AL.MD,1021,7,
Sumter County,US.SC.SU,1020,22,
Anderson County,US.TX.AE,1016,2,
Ottawa County,US.MI.OT,1013,51,
Terrebonne Parish,US.LA.TR,1011,61,
Marshall County,US.IA.MS,1011,18,
Berkeley County,US.SC.BK,1007,21,
Ingham County,US.MI.IH,1002,29,
Seward County,US.KS.SW,1001,2,
Williamson County,US.TN.WL,1001,14,
Leon County,US.FL.LO,998,8,
Washington County,US.MN.WH,995,40,
Texas County,US.OK.TE,986,6,
Stafford County,US.VA.SF,985,5,
Spotsylvania County,US.VA.SP,985,29,
St. John the Baptist Parish,US.LA.SO,960,86,
Hampshire County,US.MA.HS,959,110,
Kendall County,US.IL.KA,955,20,
Morgan County,US.AL.MG,948,3,
Chatham County,US.NC.CH,947,42,
Knox County,US.TN.KN,947,5,
Douglas County,US.CO.DU,946,52,
Neshoba County,US.MS.NS,938,68,
Hendry County,US.FL.HR,938,25,
Lorain County,US.OH.LR,937,67,
Davidson County,US.NC.DD,936,15,
Harrisonburg City,US.VA.HS,936,24,
Richmond County,US.GA.RI,933,48,
Madison County,US.IL.MD,931,68,
Dona Ana County,US.NM.DO,929,9,
Colquitt County,US.GA.CQ,927,18,
Franklin County,US.PA.FR,915,42,
Rock Island County,US.IL.RO,912,28,
Mower County,US.MN.MW,911,2,
Weber County,US.UT.WB,910,12,
Tolland County,US.CT.TO,909,64,
Douglas County,US.GA.DL,901,36,
St. Johns County,US.FL.SJ,895,7,
Norfolk City,US.VA.NF,889,9,
Moore County,US.TX.MO,888,12,
Chesapeake City,US.VA.CS,887,20,
Berrien County,US.MI.BN,879,60,
Cleveland County,US.OK.CV,873,40,
Lauderdale County,US.MS.LU,872,78,
Buchanan County,US.MO.BC,862,3,
Livingston Parish,US.LA.LV,860,37,
Dawson County,US.NE.DN,857,7,
Champaign County,US.IL.CM,854,12,
Rock County,US.WI.RO,853,23,
Acadia Parish,US.LA.AD,850,36,
Cumberland County,US.PA.CU,847,63,
Bibb County,US.GA.BI,843,39,
New Hanover County,US.NC.NE,840,5,
Walker County,US.AL.WK,840,15,
Bossier Parish,US.LA.BO,836,29,
Franklin County,US.AL.FR,835,11,
Randall County,US.TX.RA,825,6,
Merced County,US.CA.MD,824,11,
Trumbull County,US.OH.TR,824,61,
Lee County,US.NC.LE,821,8,
Forsyth County,US.GA.FO,819,15,
St. Francis County,US.AR.SI,811,3,
Elmore County,US.AL.EL,811,14,
Muskegon County,US.MI.MG,811,50,
Culpeper County,US.VA.CP,808,10,
Pickens County,US.SC.PI,805,4,
Rice County,US.MN.RI,804,6,
Schenectady County,US.NY.SN,799,35,
Rankin County,US.MS.RA,798,12,
Granville County,US.NC.GN,788,19,
Dallas County,US.AL.DL,787,8,
Kenton County,US.KY.KE,787,36,
Forrest County,US.MS.FO,786,42,
Putnam County,US.TN.PU,773,7,
Robertson County,US.TN.RB,768,11,
Canyon County,US.ID.CN,763,6,
Wilson County,US.TN.WO,762,17,
Salem County,US.NJ.SA,762,75,
Catawba County,US.NC.CB,759,10,
Yavapai County,US.AZ.YA,755,8,
Charlotte County,US.FL.CH,749,76,
Iredell County,US.NC.IR,748,7,
McLennan County,US.TX.ML,744,6,
Tift County,US.GA.TI,743,26,
St. Charles Parish,US.LA.SC,741,49,
Schuylkill County,US.PA.SC,741,44,
Crittenden County,US.AR.CD,737,11,
Scott County,US.MS.SC,733,15,
Warren County,US.OH.WR,731,20,
Clark County,US.OH.CK,728,8,
Larimer County,US.CO.LR,723,29,
Sandoval County,US.NM.SD,720,29,
Clackamas County,US.OR.CC,716,24,
Rockingham County,US.VA.RG,713,10,
Cape May County,US.NJ.CP,712,68,
Ellis County,US.TX.EI,711,19,
Broome County,US.NY.BO,710,58,
Iberville Parish,US.LA.IV,702,43,
Clark County,US.WA.CR,700,29,
Wapello County,US.IA.WP,698,29,
Titus County,US.TX.TU,697,4,
Wilson County,US.NC.WO,696,18,
Washington County,US.MD.WA,695,26,
Orangeburg County,US.SC.OR,694,10,
Jefferson County,US.AR.JE,693,28,
Sevier County,US.AR.SV,693,7,
Carroll County,US.GA.CL,692,39,
Lake County,US.TN.LK,690,0,
Harrison County,US.MS.HR,688,7,
Eagle County,US.CO.EA,688,8,
Indian River County,US.FL.IN,686,16,
St. Martin Parish,US.LA.SR,685,26,
Dodge County,US.NE.DE,684,8,
Clay County,US.FL.CY,682,34,
Bartow County,US.GA.BT,681,42,
Pitt County,US.NC.PI,679,6,
Story County,US.IA.ST,677,3,
Porter County,US.IN.PR,676,36,
Pottawattamie County,US.IA.PT,675,11,
Iberia Parish,US.LA.II,673,44,
Habersham County,US.GA.HB,672,35,
Colfax County,US.NE.CO,667,4,
Platte County,US.NE.PL,663,3,
Crawford County,US.IA.CW,663,2,
Washington Parish,US.LA.WO,663,46,
Winnebago County,US.WI.WA,662,11,
Coweta County,US.GA.CA,660,15,
Marion County,US.FL.MI,655,10,
Morgan County,US.CO.MN,652,46,
Beaver County,US.PA.BA,651,78,
Orange County,US.NC.OR,651,41,
Baldwin County,US.AL.BD,643,10,
Placer County,US.CA.PA,643,11,
Madison County,US.IN.MD,642,63,
Lee County,US.AR.LE,641,2,
Scott County,US.MN.SC,641,4,
Westmoreland County,US.PA.WE,640,38,
Kershaw County,US.SC.KE,639,15,
Guadalupe County,US.TX.GU,638,1,
Honolulu County,US.HI.HO,638,12,
Logan County,US.CO.LO,637,5,
Okaloosa County,US.FL.OA,636,6,
Houston County,US.GA.HO,633,23,
St. Mary's County,US.MD.SA,633,51,
Shawnee County,US.KS.SN,630,9,
Dorchester County,US.SC.DO,627,3,
Glynn County,US.GA.GY,626,6,
Tippecanoe County,US.IN.TP,624,8,
Harnett County,US.NC.HT,621,30,
Scott County,US.IA.SC,619,10,
St. Landry Parish,US.LA.SL,619,57,
Bledsoe County,US.TN.BE,616,1,
Whatcom County,US.WA.WA,615,40,
Clark County,US.IN.CK,614,44,
St. Bernard Parish,US.LA.SE,611,23,
Muscatine County,US.IA.MU,610,44,
Chittenden County,US.VT.CH,607,39,
Monroe County,US.MI.MO,606,21,
Windham County,US.CT.WI,606,14,
Tipton County,US.TN.TI,605,4,
Etowah County,US.AL.ET,605,13,
Butler County,US.AL.BT,605,27,
DeSoto County,US.FL.DE,600,10,
Jones County,US.TX.JN,596,0,
Erie County,US.PA.ER,595,10,
Berkshire County,US.MA.BE,594,44,
Boone County,US.KY.BO,594,23,
Henderson County,US.NC.HN,593,49,
Yell County,US.AR.YE,591,3,
Sevier County,US.TN.SV,588,3,
Newton County,US.GA.NE,586,11,
Chambers County,US.AL.CM,585,27,
Cochise County,US.AZ.CH,580,6,
Boone County,US.IL.BO,579,21,
Anderson County,US.SC.AN,578,11,
Bartholomew County,US.IN.BA,578,44,
Wilkes County,US.NC.WE,576,6,
Buncombe County,US.NC.BO,574,29,
Walworth County,US.WI.WL,574,18,
Paulding County,US.GA.PA,573,15,
DeKalb County,US.AL.DA,569,5,
Livingston County,US.MI.LI,568,28,
San Luis Obispo County,US.CA.SS,567,1,
Twin Falls County,US.ID.TW,566,25,
Grayson County,US.TX.GO,566,5,
Kandiyohi County,US.MN.KD,565,1,
Midland County,US.TX.ID,563,14,
Tallapoosa County,US.AL.TP,563,70,
Clay County,US.MN.CA,560,37,
Shenandoah County,US.VA.SN,559,29,
Copiah County,US.MS.CP,558,13,
Buckingham County,US.VA.BK,556,4,
Rensselaer County,US.NY.RE,553,32,
Sumter County,US.GA.SU,552,50,
St. Clair County,US.MI.SA,552,49,
Starr County,US.TX.SR,551,3,
Saratoga County,US.NY.SR,549,15,
DeKalb County,US.IL.DK,542,18,
McDonald County,US.MO.MA,540,1,
Coffee County,US.GA.CF,538,17,
Howard County,US.IN.HO,538,55,
Saline County,US.NE.SL,533,2,
Leake County,US.MS.LK,533,19,
Washington County,US.RI.WA,532,50,
Blaine County,US.ID.BL,532,5,
Calhoun County,US.MI.CU,532,33,
Autauga County,US.AL.AU,527,12,
Belmont County,US.OH.BE,524,21,
Beadle County,US.SD.BA,523,6,
LaPorte County,US.IN.LA,522,25,
Clarke County,US.GA.CK,522,15,
Kaufman County,US.TX.KU,518,4,
Columbus County,US.NC.CM,517,37,
Holmes County,US.MS.HO,514,40,
Pennington County,US.SD.PN,513,16,
Newport News City,US.VA.NN,513,10,
Skagit County,US.WA.SG,512,15,
Barrow County,US.GA.BW,511,25,
Floyd County,US.GA.FL,510,15,
Wayne County,US.MS.WY,509,10,
Ector County,US.TX.EC,506,7,
Yolo County,US.CA.YO,505,24,
York County,US.ME.YO,504,11,
Bedford County,US.TN.BD,502,5,
Vance County,US.NC.VA,501,36,
Dubuque County,US.IA.DU,501,22,
Jasper County,US.MO.JS,500,3,
Brunswick County,US.NC.BS,499,5,
Smith County,US.TX.SM,499,4,
Muhlenberg County,US.KY.MU,498,8,
Tuscarawas County,US.OH.TU,498,10,
Jackson County,US.MI.JA,497,30,
Pike County,US.PA.PI,494,20,
Baldwin County,US.GA.BD,493,33,
Jackson County,US.MS.JC,493,16,
Bradley County,US.TN.BR,493,3,
Frederick County,US.VA.FK,491,5,
Lyon County,US.KS.LY,489,7,
Madera County,US.CA.ME,488,5,
Grant County,US.WA.GN,487,6,
Peoria County,US.IL.PI,487,28,
Summit County,US.UT.SU,485,0,
Delaware County,US.OH.DL,482,15,
Santa Rosa County,US.FL.SA,482,9,
Umatilla County,US.OR.UM,482,4,
Androscoggin County,US.ME.AN,481,4,
Victoria County,US.TX.VI,480,8,
Cecil County,US.MD.CE,478,29,
Oktibbeha County,US.MS.OK,477,24,
Kosciusko County,US.IN.KO,477,2,
Fairfield County,US.OH.FI,476,15,
Portsmouth City,US.VA.PR,471,16,
Comal County,US.TX.OM,470,7,
Medina County,US.OH.MD,469,31,
Franklin Parish,US.LA.FR,467,14,
Greenwood County,US.SC.GW,466,6,
Montgomery County,US.TN.MT,464,7,
Angelina County,US.TX.AG,464,6,
Surry County,US.NC.SU,464,2,
Columbia County,US.NY.CU,463,47,
Outagamie County,US.WI.OU,463,8,
Columbia County,US.GA.CI,461,9,
Lowndes County,US.AL.LO,461,19,
Nash County,US.NC.NA,461,4,
Lee County,US.MS.LE,460,15,
Russell County,US.AL.RU,457,0,
St. Mary Parish,US.LA.SM,457,38,
Sebastian County,US.AR.SB,457,5,
Dodge County,US.WI.DD,456,5,
Leflore County,US.MS.LL,455,48,
Yazoo County,US.MS.YZ,454,6,
Berkeley County,US.WV.BE,453,10,
Faulkner County,US.AR.FA,453,3,
Rockdale County,US.GA.RO,452,10,
Jefferson County,US.MO.JE,452,19,
Jackson County,US.IN.JC,451,3,
Moore County,US.NC.ME,450,13,
LaGrange County,US.IN.LG,449,6,
Mitchell County,US.GA.MT,447,38,
Craighead County,US.AR.CG,447,6,
Sioux County,US.IA.SI,446,0,
Clay County,US.MO.CY,443,11,
Georgetown County,US.SC.GR,440,3,
Bastrop County,US.TX.BP,439,6,
Suwannee County,US.FL.SW,439,20,
Lowndes County,US.MS.LO,438,11,
Wright County,US.MN.WR,438,4,
Tama County,US.IA.TM,438,29,
Lancaster County,US.SC.LN,437,11,
McCurtain County,US.OK.MU,436,4,
Houston County,US.AL.HO,435,6,
Thomas County,US.GA.TH,433,32,
Darlington County,US.SC.DA,433,14,
East Carroll Parish,US.LA.EC,432,1,
Miami County,US.OH.MM,431,31,
Noble County,US.IN.NO,431,28,
Daviess County,US.KY.DA,431,8,
Lincoln County,US.MS.LI,430,33,
Bowie County,US.TX.BW,427,11,
Manassas Park city,US.VA.MP,427,5,
Washington County,US.MS.WS,427,9,
Hardee County,US.FL.HD,426,3,
Hot Spring County,US.AR.HT,426,0,
Hanover County,US.VA.HV,423,26,
Delaware County,US.IN.DL,423,48,
Lake County,US.OH.LK,422,16,
Laurens County,US.SC.LU,421,5,
Sangamon County,US.IL.SM,419,31,
Ashtabula County,US.OH.AB,419,43,
Municipality of Anchorage,US.AK.AN,418,6,
Fauquier County,US.VA.FQ,417,6,
Union Parish,US.LA.UN,417,24,
Pope County,US.AR.PP,416,3,
Boone County,US.IN.BO,416,41,
Ware County,US.GA.WE,414,15,
Shelby County,US.IN.SH,413,25,
Hancock County,US.IN.HC,413,35,
Calvert County,US.MD.CL,413,26,
Caldwell County,US.NC.CL,411,4,
Merrimack County,US.NH.ME,409,18,
Webster Parish,US.LA.WR,409,10,
Warren County,US.MS.WR,409,17,
Portage County,US.OH.PO,409,58,
Clarendon County,US.SC.CN,409,42,
Shelby County,US.KY.SH,408,11,
Chattahoochee County,US.GA.CH,407,0,
Marshall County,US.IN.MS,407,3,
Vanderburgh County,US.IN.VA,407,6,
Wasatch County,US.UT.WA,406,3,
La Crosse County,US.WI.LA,404,0,
Suffolk City,US.VA.SO,403,34,
Roanoke city,US.VA.RO,403,9,
Cullman County,US.AL.CU,402,3,
Pike County,US.AL.PK,401,5,
Columbia County,US.PA.CO,400,33,
Comanche County,US.OK.CM,399,5,
San Juan County,US.UT.SJ,399,8,
Limestone County,US.AL.LI,398,0,
Todd County,US.MN.TO,397,2,
Licking County,US.OH.LI,396,11,
Washington County,US.OK.WN,396,39,
Walton County,US.GA.WA,394,28,
Lauderdale County,US.AL.LU,394,4,
Albemarle County,US.VA.AB,394,8,
Lamar County,US.MS.LM,393,7,
Hunt County,US.TX.HT,392,6,
Spalding County,US.GA.SD,389,32,
Williamsburg County,US.SC.WI,389,15,
Bay County,US.MI.BY,387,30,
Lee County,US.GA.LE,386,22,
Pueblo County,US.CO.PU,385,28,
Grand Forks County,US.ND.GD,385,4,
Geauga County,US.OH.GE,383,41,
Nacogdoches County,US.TX.NC,381,26,
Gordon County,US.GA.GO,378,18,
Blue Earth County,US.MN.BE,377,2,
Gadsden County,US.FL.GA,376,7,
Stanly County,US.NC.SN,373,5,
Johnson County,US.TX.JH,372,4,
Wright County,US.IA.WG,369,0,
Newton County,US.MO.NT,368,2,
Wood County,US.OH.WO,368,51,
Lenoir County,US.NC.LN,367,10,
Colbert County,US.AL.CL,367,5,
Jackson County,US.GA.JC,367,10,
Franklin County,US.MA.FR,366,54,
Bladen County,US.NC.BL,366,3,
Bullock County,US.AL.BL,365,10,
Craven County,US.NC.CN,365,6,
Chesterfield County,US.SC.CF,363,14,
Hoke County,US.NC.HO,361,3,
Macon County,US.TN.MC,361,3,
Madison County,US.NE.MA,361,4,
Hernando County,US.FL.HA,361,5,
Okeechobee County,US.FL.OE,360,0,
Louisa County,US.IA.LO,359,13,
Jackson County,US.FL.JA,359,2,
Payne County,US.OK.PY,358,1,
Aiken County,US.SC.AI,358,9,
Floyd County,US.IN.FL,358,44,
Washington County,US.WI.WN,358,15,
Fremont County,US.WY.FR,355,9,
Grenada County,US.MS.GN,355,5,
Grimes County,US.TX.GM,355,2,
Greensville County,US.VA.GS,354,7,
Upson County,US.GA.UP,353,43,
Madison County,US.NY.MA,353,9,
Madison Parish,US.LA.MA,352,2,
Wayne County,US.OH.WE,352,52,
Taylor County,US.TX.TA,352,5,
Coffee County,US.AL.CF,351,1,
St. James Parish,US.LA.SJ,351,28,
Assumption Parish,US.LA.AS,351,14,
Santa Cruz County,US.CA.SZ,349,3,
Pike County,US.MS.PI,347,11,
Attala County,US.MS.AT,347,23,
Bay County,US.FL.BY,347,4,
Highlands County,US.FL.HG,345,11,
Boone County,US.MO.BO,343,2,
Monroe County,US.MS.MR,342,29,
Brown County,US.SD.BW,342,2,
De Soto Parish,US.LA.DE,341,18,
Lincoln County,US.SD.LI,341,1,
Jefferson Davis Parish,US.LA.JD,339,8,
Gregg County,US.TX.GE,339,13,
Franklin County,US.NC.FR,338,21,
Carver County,US.MN.CV,338,1,
Fayette County,US.GA.FY,337,17,
Clermont County,US.OH.CE,336,6,
Sumter County,US.FL.SM,334,17,
Caldwell County,US.TX.CW,332,2,
Adams County,US.PA.AD,332,12,
La Paz County,US.AZ.LA,332,5,
Rockwall County,US.TX.RC,331,11,
Coryell County,US.TX.CL,330,2,
Yadkin County,US.NC.YD,330,4,
Lafayette County,US.MS.LY,330,4,
Jackson County,US.IL.JC,329,19,
Newton County,US.MS.NW,328,9,
Union County,US.OR.UN,327,1,
Hamilton County,US.FL.HM,327,2,
Putnam County,US.FL.PU,327,6,
Chelan County,US.WA.CH,325,6,
Colleton County,US.SC.CT,323,21,
Barbour County,US.AL.BR,322,1,
Eaton County,US.MI.EA,319,7,
Caroline County,US.MD.CO,318,3,
Walker County,US.GA.WK,318,11,
Morgan County,US.IN.MG,316,31,
Hampton city,US.VA.HM,316,5,
Bulloch County,US.GA.BH,314,4,
Winchester city,US.VA.WH,314,3,
Jasper County,US.IA.JS,314,17,
Lincoln Parish,US.LA.LN,314,18,
Harris County,US.GA.HI,313,9,
Edgecombe County,US.NC.ED,313,9,
Richland County,US.OH.RI,312,4,
Worth County,US.GA.WO,311,22,
Maverick County,US.TX.MV,311,2,
Catoosa County,US.GA.CS,311,8,
Napa County,US.CA.NA,310,4,
Lincoln County,US.OR.LC,310,2,
Avoyelles Parish,US.LA.AV,309,11,
Fond du Lac County,US.WI.FN,309,6,
Covington County,US.AL.CV,309,5,
Newport County,US.RI.NE,308,2,
Allegan County,US.MI.AL,308,6,
St. Joseph County,US.MI.SJ,307,4,
Halifax County,US.NC.HL,306,4,
Montgomery County,US.NC.MO,305,7,
Kanawha County,US.WV.KA,305,20,
Flagler County,US.FL.FL,302,5,
Butler County,US.PA.BT,302,13,
Northumberland County,US.PA.NU,302,5,
Marlboro County,US.SC.ML,301,4,
Wichita County,US.TX.WC,300,2,
Dillon County,US.SC.DI,298,8,
Broomfield County and City,US.CO.BR,297,30,
East Feliciana Parish,US.LA.EF,297,33,
Richmond County,US.VA.RI,296,4,
Lyon County,US.MN.LY,295,2,
Plymouth County,US.IA.PM,295,4,
Strafford County,US.NH.ST,292,13,
Adams County,US.NE.AD,292,10,
Rutherford County,US.NC.RU,291,7,
Sherburne County,US.MN.SH,291,4,
Lapeer County,US.MI.LP,291,31,
Harrison County,US.TX.HR,289,22,
Fairfield County,US.SC.FA,288,21,
Liberty County,US.TX.LT,287,3,
Allen Parish,US.LA.AL,287,10,
Deaf Smith County,US.TX.DI,287,15,
Hardeman County,US.TN.HA,287,1,
Hale County,US.AL.HA,286,20,
Worcester County,US.MD.WO,286,16,
Lee County,US.SC.LE,285,22,
St. Clair County,US.AL.SA,285,2,
Citrus County,US.FL.CI,284,13,
Allen County,US.OH.AN,284,38,
Warren County,US.VA.WR,284,5,
Montgomery County,US.IN.MM,284,20,
Grant County,US.IN.GA,283,26,
Saline County,US.MO.SI,283,4,
Cleveland County,US.NC.CV,283,4,
Iron County,US.UT.RN,283,1,
Maury County,US.TN.MU,282,3,
Greene County,US.MO.GE,282,8,
Freeborn County,US.MN.FR,281,0,
Randolph County,US.IL.RA,281,7,
Orleans County,US.NY.OL,281,53,
Columbia County,US.FL.CU,281,3,
Oceana County,US.MI.OA,280,3,
Natchitoches Parish,US.LA.NA,280,14,
Wilcox County,US.AL.WC,280,8,
Tom Green County,US.TX.TG,280,1,
Macon County,US.NC.MN,280,1,
Carbon County,US.PA.CB,278,25,
Clinton County,US.IN.CI,278,1,
Garfield County,US.CO.GA,277,2,
Richmond County,US.NC.RI,276,5,
Shelby County,US.TX.SY,275,9,
Sumter County,US.AL.SU,275,12,
Marengo County,US.AL.ME,274,11,
Crisp County,US.GA.CP,273,12,
Shiawassee County,US.MI.SH,272,27,
Chambers County,US.TX.CH,272,2,
Gila County,US.AZ.GI,271,5,
Butts County,US.GA.BU,270,33,
Onslow County,US.NC.ON,270,3,
Northampton County,US.VA.NA,269,28,
Summit County,US.CO.SU,269,3,
Calhoun County,US.AL.CN,269,5,
Covington County,US.MS.CV,269,5,
Stephenson County,US.IL.SN,268,5,
Page County,US.VA.PA,267,24,
Steuben County,US.NY.ST,266,29,
Mercer County,US.OH.MC,266,8,
Rhea County,US.TN.RH,266,0,
Canadian County,US.OK.CN,266,3,
Lamar County,US.TX.LR,265,13,
Washington County,US.TX.WH,265,31,
Fayette County,US.TN.FA,263,2,
Warren County,US.NY.WR,263,30,
Clarke County,US.AL.CK,262,5,
Saline County,US.AR.SL,261,2,
Early County,US.GA.EA,260,31,
Greene County,US.NY.GR,260,13,
Plaquemines Parish,US.LA.PL,260,17,
James City County,US.VA.JA,258,15,
Dubois County,US.IN.DU,258,6,
Appling County,US.GA.AP,257,14,
Branch County,US.MI.BC,257,2,
Ontario County,US.NY.OR,257,26,
McLean County,US.IL.ML,257,13,
Ogle County,US.IL.OG,256,4,
Fulton County,US.NY.FU,256,26,
Gallatin County,US.MT.GL,256,1,
Crawford County,US.KS.CR,256,1,
Laramie County,US.WY.LA,256,2,
Parker County,US.TX.PR,255,1,
White County,US.IN.WH,255,10,
Butler County,US.KY.BR,255,14,
Medina County,US.TX.ME,254,2,
Loudon County,US.TN.LO,254,1,
Bolivar County,US.MS.BO,254,13,
Bristol County,US.RI.BR,253,7,
Decatur County,US.GA.DC,253,8,
Talladega County,US.AL.TD,253,6,
Adams County,US.MS.AD,253,18,
Galax city,US.VA.GA,253,13,
West Baton Rouge Parish,US.LA.WB,252,30,
Oconee County,US.SC.OC,252,1,
Huntingdon County,US.PA.HU,251,4,
Hopkins County,US.KY.HO,250,32,
Henry County,US.VA.HY,250,4,
Campbell County,US.KY.CM,249,12,
Rusk County,US.TX.RK,249,2,
Burleigh County,US.ND.BL,249,0,
Escambia County,US.AL.ES,248,6,
Gonzales County,US.TX.GA,248,4,
Union County,US.AR.UN,247,13,
Sunflower County,US.MS.SU,247,6,
Chickasaw County,US.MS.CS,246,18,
Lincoln County,US.NC.LI,246,1,
Panola County,US.MS.PA,246,6,
Newberry County,US.SC.NE,246,4,
Fredericksburg City,US.VA.FB,246,0,
Wagoner County,US.OK.WG,246,19,
Washington County,US.NY.WS,246,14,
Pender County,US.NC.PD,243,1,
West Feliciana Parish,US.LA.WF,242,14,
Noxubee County,US.MS.NO,242,8,
Decatur County,US.IN.DC,242,32,
Tate County,US.MS.TT,242,6,
Winn Parish,US.LA.WI,242,5,
Thurston County,US.WA.TH,241,7,
Toombs County,US.GA.TM,240,5,
Mecklenburg County,US.VA.ME,240,26,
Garland County,US.AR.GL,240,1,
Jasper County,US.MS.JS,239,6,
Warren County,US.IA.WR,239,2,
Dickinson County,US.IA.DI,238,2,
Dale County,US.AL.DE,238,0,
Genesee County,US.NY.GE,238,5,
Vermilion Parish,US.LA.VM,238,6,
Jerome County,US.ID.JR,237,4,
Pearl River County,US.MS.PL,237,32,
Monroe County,US.IN.MR,237,28,
Pointe Coupee Parish,US.LA.PO,237,27,
Clay County,US.MS.CY,237,8,
Monroe County,US.FL.MO,236,4,
Clinton County,US.IL.CN,236,16,
Hale County,US.TX.HE,235,7,
Morehouse Parish,US.LA.MO,235,8,
Prince George County,US.VA.PG,235,1,
Tooele County,US.UT.TE,234,0,
Roanoke County,US.VA.RE,234,4,
Santa Fe County,US.NM.ST,234,3,
Kootenai County,US.ID.KO,234,1,
Jefferson County,US.WI.JE,234,4,
Marion County,US.MS.MI,233,11,
Madison County,US.TN.MD,233,2,
Douglas County,US.WA.DO,233,3,
Darke County,US.OH.DA,233,25,
Bacon County,US.GA.BC,232,4,
Henry County,US.IN.HY,232,15,
Tuscola County,US.MI.TU,232,26,
Winston County,US.MS.WN,230,5,
Winston County,US.AL.WN,228,3,
Cassia County,US.ID.CS,228,1,
Macon County,US.IL.MC,228,22,
Queen Anne's County,US.MD.QU,227,17,
Erie County,US.OH.ER,226,22,
Petersburg city,US.VA.PB,226,3,
McDowell County,US.NC.MW,226,1,
Terrell County,US.GA.TL,225,27,
Washington County,US.IA.WS,225,9,
Van Buren County,US.MI.VA,225,7,
Jefferson County,US.WV.JE,224,4,
Rockingham County,US.NC.RC,223,2,
Ozaukee County,US.WI.OZ,223,15,
Liberty County,US.FL.LI,222,1,
Claiborne County,US.MS.CB,220,10,
Bienville Parish,US.LA.BI,220,26,
Vigo County,US.IN.VI,220,8,
Stephens County,US.GA.SE,220,6,
Clinton County,US.MI.CN,220,12,
St. Lawrence County,US.NY.SI,219,3,
Lawrence County,US.IN.LW,218,24,
Eau Claire County,US.WI.EA,218,1,
Hardin County,US.TX.HN,217,5,
Washington County,US.PA.WS,216,6,
Logan County,US.KY.LO,216,11,
Steele County,US.MN.SE,215,0,
Lenawee County,US.MI.LN,214,6,
San Benito County,US.CA.SI,213,2,
Walton County,US.FL.WL,213,9,
Scotts Bluff County,US.NE.SC,213,3,
Murray County,US.GA.MA,212,2,
Hancock County,US.GA.HC,212,32,
Kitsap County,US.WA.KS,212,2,
Charlottesville City,US.VA.CE,211,3,
Johnson County,US.AR.JO,211,0,
Jackson Parish,US.LA.JA,211,16,
Chilton County,US.AL.CI,211,3,
Cibola County,US.NM.CI,211,14,
Dooly County,US.GA.DO,210,12,
McMinn County,US.TN.MM,210,17,
Carroll County,US.VA.CL,209,8,
Panola County,US.TX.PN,209,17,
Simpson County,US.MS.SI,209,3,
Benton County,US.MN.BN,208,3,
Jackson County,US.AL.JA,208,3,
LaSalle County,US.IL.LA,208,17,
Dyer County,US.TN.DY,206,0,
Harrison County,US.IN.HI,206,22,
Polk County,US.GA.PO,206,1,
Saluda County,US.SC.SA,206,1,
Franklin County,US.MO.FR,206,18,
Montrose County,US.CO.MO,205,12,
Riley County,US.KS.RL,205,3,
Allegany County,US.MD.AL,204,17,
Hamblen County,US.TN.HB,204,4,
Smith County,US.MS.SM,203,11,
Pasquotank County,US.NC.PU,203,15,
Pontotoc County,US.MS.PO,203,3,
Marion County,US.AL.MI,202,12,
Centre County,US.PA.CT,201,7,
Sheboygan County,US.WI.SE,201,4,
Greene County,US.OH.GR,201,9,
Watonwan County,US.MN.WT,200,0,
Graves County,US.KY.GV,200,21,
Blount County,US.AL.BU,199,1,
Dearborn County,US.IN.DR,199,22,
Pickens County,US.AL.PC,199,6,
Orange County,US.TX.OR,198,3,
Kent County,US.MD.KE,198,23,
Randolph County,US.GA.RN,197,25,
Holmes County,US.OH.HL,197,3,
Clarke County,US.MS.CE,196,24,
Oswego County,US.NY.OS,196,3,
Marshall County,US.MS.MS,195,3,
Cheatham County,US.TN.CA,195,1,
Ionia County,US.MI.II,194,4,
Sussex County,US.VA.SS,194,2,
Warrick County,US.IN.WI,194,29,
Hillsdale County,US.MI.HI,194,25,
Marion County,US.SC.MI,193,7,
Davie County,US.NC.DV,193,3,
Beauregard Parish,US.LA.BE,193,8,
Wharton County,US.TX.WN,192,1,
Island County,US.WA.IS,192,12,
Christian County,US.KY.CH,192,4,
Choctaw County,US.AL.CC,192,12,
Madison County,US.FL.MD,191,3,
Madison County,US.AR.MD,190,0,
Grady County,US.GA.GD,190,4,
Monroe County,US.AL.MR,190,2,
Catahoula Parish,US.LA.CT,190,3,
Dorchester County,US.MD.DO,188,5,
Alamosa County,US.CO.AL,188,3,
Parmer County,US.TX.PM,188,7,
Franklin County,US.GA.FR,187,1,
Gunnison County,US.CO.GU,186,6,
Prince Edward County,US.VA.PD,186,3,
Madison County,US.OH.MO,185,8,
Navarro County,US.TX.NV,185,6,
Caddo County,US.OK.CD,185,11,
Union County,US.IL.UN,184,19,
Ohio County,US.KY.OH,184,0,
Gilmer County,US.GA.GI,184,2,
Buffalo County,US.NE.BF,184,1,
Greene County,US.IN.GE,183,31,
Whiteside County,US.IL.WD,183,15,
Echols County,US.GA.EC,183,0,
Richland Parish,US.LA.RI,183,4,
Augusta County,US.VA.AU,183,2,
Hamilton County,US.IA.HM,182,1,
Susquehanna County,US.PA.SS,182,22,
Meriwether County,US.GA.MW,181,2,
Coahoma County,US.MS.CH,180,6,
Northampton County,US.NC.NO,180,15,
Miami County,US.IN.MI,180,2,
Lycoming County,US.PA.LY,179,19,
Frio County,US.TX.FO,178,0,
Isle of Wight County,US.VA.IS,178,8,
El Dorado County,US.CA.EL,178,0,
Conecuh County,US.AL.CO,178,4,
Turner County,US.GA.TR,177,16,
Tompkins County,US.NY.TO,177,0,
Evangeline Parish,US.LA.EV,177,1,
Sutter County,US.CA.SU,176,3,
Minidoka County,US.ID.MI,175,0,
Nassau County,US.FL.NA,175,1,
Uinta County,US.WY.UI,174,0,
Greene County,US.NC.GE,173,2,
Levy County,US.FL.LV,173,1,
Cowlitz County,US.WA.CW,172,0,
Kemper County,US.MS.KE,172,13,
Deschutes County,US.OR.DE,172,0,
Chester County,US.SC.CR,172,1,
Jennings County,US.IN.JN,169,9,
Hopewell city,US.VA.HW,169,2,
Butte County,US.CA.BU,168,2,
Dickson County,US.TN.DI,168,0,
Carroll County,US.AR.CL,168,5,
Walthall County,US.MS.WT,168,3,
Monongalia County,US.WV.MG,167,5,
Macon County,US.AL.MC,167,8,
Rogers County,US.OK.RS,167,5,
Laurens County,US.GA.LR,166,1,
Union County,US.MS.UN,166,9,
Yellowstone County,US.MT.YS,166,4,
Pierce County,US.GA.PR,166,4,
Newaygo County,US.MI.NE,165,0,
Allen County,US.KY.AL,165,5,
Huron County,US.OH.HU,165,1,
Randolph County,US.AL.RA,165,9,
Wayne County,US.NY.WN,165,2,
Cumberland County,US.TN.CU,165,3,
Bibb County,US.AL.BI,165,1,
Putnam County,US.IN.PT,164,8,
Scott County,US.MO.ST,164,11,
Midland County,US.MI.MD,164,9,
Glades County,US.FL.GL,164,1,
Greene County,US.AL.GR,164,7,
Blount County,US.TN.BO,162,3,
Ben Hill County,US.GA.BL,162,1,
Calhoun County,US.GA.CU,162,5,
Hertford County,US.NC.HD,161,10,
McCracken County,US.KY.MK,161,3,
Coles County,US.IL.CE,161,17,
Mississippi County,US.AR.MS,161,3,
Holmes County,US.FL.HO,161,0,
Walla Walla County,US.WA.WL,161,2,
Osage County,US.OK.OS,160,8,
Grundy County,US.IL.GU,160,4,
Houston County,US.TX.HS,160,0,
Monroe County,US.GA.MN,159,17,
Warren County,US.NC.WR,159,5,
Herkimer County,US.NY.HE,159,3,
St. Croix County,US.WI.SI,159,1,
St. Louis County,US.MN.ST,158,14,
Marathon County,US.WI.MH,158,1,
Matagorda County,US.TX.MD,158,5,
Iroquois County,US.IL.IR,157,5,
DeKalb County,US.IN.DE,156,4,
Douglas County,US.KS.DG,156,0,
Henderson County,US.KY.HE,156,3,
Crawford County,US.AR.CW,155,0,
Southampton County,US.VA.SA,155,2,
Randolph County,US.WV.RN,155,0,
Martin County,US.MN.MT,155,5,
Scott County,US.IN.SC,154,6,
McClain County,US.OK.ML,154,4,
Webster County,US.IA.WE,154,2,
Cape Girardeau County,US.MO.CG,153,3,
Curry County,US.NM.CU,153,0,
Oconee County,US.GA.OC,152,10,
Grant County,US.WI.GA,152,13,
Willacy County,US.TX.WY,151,3,
Brooks County,US.GA.BO,151,11,
Yalobusha County,US.MS.YL,151,7,
Carson City,US.NV.CA,151,5,
Bullitt County,US.KY.BI,149,4,
Waller County,US.TX.WR,149,0,
Carroll County,US.MS.CL,149,11,
Lawrence County,US.MS.LW,149,1,
Hardin County,US.KY.HN,146,5,
Chenango County,US.NY.CH,146,6,
Putnam County,US.GA.PT,146,12,
Orange County,US.VA.OR,146,3,
Kennebec County,US.ME.KE,145,10,
Lane County,US.OR.LE,145,3,
Bertie County,US.NC.BT,145,4,
Cherokee County,US.SC.CK,145,7,
Atkinson County,US.GA.AT,145,2,
Box Elder County,US.UT.BE,144,1,
Montgomery County,US.VA.MO,143,2,
Jackson County,US.WV.JA,143,18,
Burke County,US.GA.BE,143,6,
Colonial Heights city,US.VA.CH,143,17,
White County,US.GA.WH,142,4,
Tioga County,US.NY.TI,142,19,
Kenai Peninsula Borough,US.AK.KN,141,2,
St. Francois County,US.MO.SF,140,2,
Dinwiddie County,US.VA.DN,140,0,
Chemung County,US.NY.CM,140,3,
Linn County,US.OR.LN,140,9,
Phillips County,US.AR.PH,140,3,
Creek County,US.OK.CE,139,7,
Wayne County,US.PA.WN,139,8,
Polk County,US.OR.PO,139,12,
Lynchburg city,US.VA.LY,139,1,
Fairbanks North Star Borough,US.AK.FA,139,2,
Cass County,US.MI.CS,139,5,
Lumpkin County,US.GA.LP,138,3,
Audrain County,US.MO.AU,138,1,
Dawson County,US.GA.DW,138,3,
Grayson County,US.KY.GY,137,10,
Grady County,US.OK.GD,137,5,
Stoddard County,US.MO.SD,136,8,
Talbot County,US.MD.TA,136,4,
Scotland County,US.NC.SC,136,0,
Mercer County,US.PA.ME,136,6,
Delaware County,US.OK.DL,136,16,
Nicollet County,US.MN.NI,136,12,
Portage County,US.WI.PT,135,0,
Caswell County,US.NC.CS,135,1,
Warren County,US.IL.WR,135,0,
Boone County,US.IA.BO,135,1,
Daviess County,US.IN.DI,135,16,
Cass County,US.MO.CS,135,8,
Lonoke County,US.AR.LO,134,1,
Perry County,US.MO.PR,134,0,
Effingham County,US.GA.EF,134,1,
Emporia city,US.VA.EM,133,12,
Humboldt County,US.CA.HU,133,4,
Tattnall County,US.GA.TT,133,0,
Orange County,US.IN.OR,133,23,
Cook County,US.GA.CO,132,1,
Cottonwood County,US.MN.CT,132,0,
Lanier County,US.GA.LI,132,3,
Crawford County,US.OH.CF,132,6,
Perry County,US.AL.PE,132,0,
Banks County,US.GA.BS,131,0,
Adams County,US.WA.AD,130,0,
Cherokee County,US.TX.CK,130,2,
Henry County,US.AL.HE,129,4,
Oldham County,US.KY.OL,129,6,
Chicot County,US.AR.CT,129,3,
Cass County,US.IL.CS,129,1,
Burnet County,US.TX.BT,129,3,
Washington County,US.TN.WI,128,0,
Franklin County,US.KY.FR,128,4,
Martin County,US.NC.MR,128,4,
Livingston County,US.NY.LI,128,4,
Caroline County,US.VA.CI,128,4,
Teton County,US.WY.TE,128,1,
Kittitas County,US.WA.KT,127,0,
Morgan County,US.IL.MG,127,3,
Ottawa County,US.OH.OT,127,23,
Monroe County,US.IL.MR,126,13,
Wilcox County,US.GA.WC,126,15,
Anson County,US.NC.AN,126,1,
Wayne County,US.IN.WY,126,6,
Crenshaw County,US.AL.CA,126,3,
Knox County,US.IL.KX,125,0,
Stokes County,US.NC.SO,125,1,
Franklin County,US.IN.FR,124,8,
Camden County,US.GA.CD,124,2,
Jim Wells County,US.TX.JW,124,0,
Washington County,US.OH.WS,124,20,
Chautauqua County,US.NY.CQ,123,3,
Cattaraugus County,US.NY.CG,123,6,
Bryan County,US.GA.BY,123,5,
Clarke County,US.IA.CK,123,2,
Lavaca County,US.TX.LA,123,1,
Allamakee County,US.IA.AL,123,4,
Isabella County,US.MI.IB,122,8,
Tazewell County,US.IL.TA,122,7,
Maui County,US.HI.MA,122,6,
Jasper County,US.SC.JA,122,3,
Webster County,US.MS.WE,122,10,
Otsego County,US.MI.OS,122,10,
Steuben County,US.IN.SE,121,2,
Union County,US.SD.UN,121,1,
Natrona County,US.WY.NA,120,1,
Pecos County,US.TX.PE,120,0,
Sandusky County,US.OH.SA,120,13,
Pulaski County,US.MO.PA,120,1,
Hancock County,US.MS.HN,120,13,
Alpena County,US.MI.AP,119,11,
Tippah County,US.MS.TP,119,11,
Itawamba County,US.MS.IT,119,8,
Goochland County,US.VA.GO,119,6,
Clay County,US.IA.CY,119,0,
West Carroll Parish,US.LA.WC,118,5,
Louisa County,US.VA.LI,118,1,
Perry County,US.IN.PE,118,7,
Cabell County,US.WV.CB,118,0,
Monroe County,US.TN.MR,118,4,
Montgomery County,US.NY.MT,118,4,
Platte County,US.MO.PT,117,6,
Camp County,US.TX.CP,117,1,
Pittsylvania County,US.VA.PS,117,1,
Telfair County,US.GA.TF,117,3,
Goodhue County,US.MN.GO,117,8,
Henderson County,US.TX.HD,117,4,
Liberty County,US.GA.LB,116,1,
Pettis County,US.MO.PS,116,1,
Vernon Parish,US.LA.VN,116,7,
Claiborne Parish,US.LA.CI,116,10,
Klamath County,US.OR.KL,116,0,
Lawrence County,US.TN.LW,116,4,
Berrien County,US.GA.BN,116,0,
Valencia County,US.NM.VA,116,2,
Yamhill County,US.OR.YA,115,8,
York County,US.VA.YO,115,3,
Madison County,US.KY.MD,115,1,
Lamar County,US.GA.LM,115,6,
Humphreys County,US.MS.HU,115,9,
Mahaska County,US.IA.MK,115,17,
Stewart County,US.GA.SW,115,3,
Adair County,US.KY.AD,115,19,
Johnson County,US.MO.JO,114,0,
Morrow County,US.OH.MW,114,1,
Adair County,US.OK.AD,114,4,
Calhoun County,US.MS.CN,114,4,
Gray County,US.TX.GY,114,2,
Miller County,US.AR.ML,114,2,
Williamson County,US.IL.WS,114,4,
Cayuga County,US.NY.CY,114,2,
Bedford County,US.VA.BF,114,3,
Greene County,US.AR.GE,114,0,
Bonneville County,US.ID.BV,113,1,
Iosco County,US.MI.IC,113,10,
Putnam County,US.OH.PU,113,15,
Winona County,US.MN.WN,113,15,
Lea County,US.NM.LE,113,0,
Macon County,US.GA.MC,113,9,
Washington County,US.FL.WS,112,12,
Lyon County,US.NV.LY,112,2,
Montgomery County,US.MS.MT,112,2,
Shasta County,US.CA.SH,112,4,
Fayette County,US.PA.FA,112,4,
Ripley County,US.IN.RI,112,7,
Trempealeau County,US.WI.TR,111,0,
Juniata County,US.PA.JU,111,5,
Hardin County,US.OH.HD,111,12,
Lauderdale County,US.TN.LU,111,2,
Wayne County,US.WV.WA,111,9,
Emanuel County,US.GA.EM,111,3,
Elko County,US.NV.EL,111,1,
Pemiscot County,US.MO.PM,110,6,
Concordia Parish,US.LA.CR,110,6,
Nottoway County,US.VA.NY,110,2,
Fluvanna County,US.VA.FV,110,6,
Choctaw County,US.OK.CA,110,1,
San Patricio County,US.TX.SP,109,0,
Sullivan County,US.MO.SV,109,0,
Jackson County,US.OR.JA,109,0,
Jackson County,US.KS.JA,109,1,
Nevada County,US.CA.NE,108,1,
Val Verde County,US.TX.VL,108,0,
Jasper County,US.IN.JS,107,2,
Carroll County,US.IN.CO,107,2,
Jefferson County,US.IL.JF,107,17,
Calumet County,US.WI.CA,106,2,
Polk County,US.TX.PK,106,0,
Penobscot County,US.ME.PE,106,2,
Person County,US.NC.PN,106,1,
Wabash County,US.IN.WB,106,2,
La Plata County,US.CO.LA,106,1,
Clinch County,US.GA.CC,106,3,
Waupaca County,US.WI.WP,106,6,
Muskogee County,US.OK.MO,106,11,
Jeff Davis County,US.GA.JF,106,2,
Abbeville County,US.SC.AB,106,0,
Ross County,US.OH.RO,105,2,
Red River County,US.TX.RV,105,10,
Sauk County,US.WI.SU,105,3,
Coffee County,US.TN.CF,105,0,
Westmoreland County,US.VA.WM,105,2,
Jackson County,US.NC.JA,105,1,
Jessamine County,US.KY.JS,104,0,
Poweshiek County,US.IA.PW,104,8,
Franklin County,US.VT.FR,104,6,
Jackson County,US.KY.JA,104,13,
Indiana County,US.PA.IN,104,6,
Caldwell Parish,US.LA.CW,104,1,
Elbert County,US.GA.EL,103,0,
Bamberg County,US.SC.BM,103,1,
Peach County,US.GA.PH,103,9,
Shelby County,US.IA.SH,103,0,
Glenn County,US.CA.GL,103,0,
San Augustine County,US.TX.SG,103,7,
Saguache County,US.CO.SG,102,2,
Crow Wing County,US.MN.CW,102,12,
Jefferson Davis County,US.MS.JD,102,4,
Brunswick County,US.VA.BU,102,1,
Washington County,US.GA.WG,102,1,
Pottawatomie County,US.OK.PT,102,4,
Clinton County,US.NY.CL,101,4,
Jenkins County,US.GA.JK,101,11,
Lawrence County,US.PA.LW,101,9,
Washington County,US.AL.WS,101,6,
Nevada County,US.AR.NV,101,2,
Malheur County,US.OR.ML,101,1,
Washington County,US.ID.WA,100,0,
Pine County,US.MN.PN,100,0,
McDonough County,US.IL.MU,100,15,
Nye County,US.NV.NY,100,3,
Jefferson County,US.OR.JE,100,0,
Lawrence County,US.AL.LW,100,0,
Butler County,US.MO.BE,99,0,
Dodge County,US.GA.DG,99,2,
Lawrence County,US.AR.LW,99,9,
Jefferson County,US.TN.JE,99,0,
Barry County,US.MI.BR,98,2,
Clark County,US.KY.CK,98,5,
Auglaize County,US.OH.AU,98,3,
Cerro Gordo County,US.IA.CG,98,1,
Jefferson County,US.GA.JR,97,1,
Anderson County,US.TN.AN,97,2,
King George County,US.VA.KG,97,4,
Greene County,US.GA.GE,97,9,
Gibson County,US.TN.GB,97,1,
Lee County,US.IL.LE,97,1,
Gilchrist County,US.FL.GI,96,0,
Rio Arriba County,US.NM.RI,96,1,
Lincoln County,US.MO.LO,96,1,
Fannin County,US.GA.FN,96,1,
La Salle Parish,US.LA.LA,96,0,
Fayette County,US.IN.FA,95,7,
Mesa County,US.CO.ME,95,0,
Nez Perce County,US.ID.NE,95,19,
Bannock County,US.ID.BO,95,1,
Wyoming County,US.NY.WM,95,5,
Saline County,US.KS.SA,94,2,
Windham County,US.VT.WH,94,3,
Pitkin County,US.CO.PI,94,2,
Prentiss County,US.MS.PN,94,3,
Pulaski County,US.KY.PU,94,2,
Obion County,US.TN.OB,93,2,
Newton County,US.IN.NE,93,10,
Bailey County,US.TX.BY,93,1,
Chisago County,US.MN.CG,93,1,
Dunklin County,US.MO.DU,93,3,
Tallahatchie County,US.MS.TL,93,3,
Pickens County,US.GA.PE,92,5,
Manitowoc County,US.WI.MW,92,1,
Gratiot County,US.MI.GT,92,13,
Graham County,US.AZ.GA,92,2,
Kay County,US.OK.KA,92,7,
Otter Tail County,US.MN.OT,91,1,
McDuffie County,US.GA.MU,91,6,
Delaware County,US.NY.DE,91,4,
Screven County,US.GA.SR,91,6,
Union County,US.PA.UN,91,2,
Laurel County,US.KY.LU,90,3,
Madison County,US.GA.MD,90,4,
Clinton County,US.IA.CN,90,1,
Atascosa County,US.TX.AT,90,2,
St. Helena Parish,US.LA.SH,90,1,
Wise County,US.TX.WE,90,4,
Adair County,US.MO.AD,90,0,
Wilkinson County,US.MS.WK,89,9,
Hardin County,US.TN.HI,89,5,
Payette County,US.ID.PA,89,2,
Chaves County,US.NM.CH,89,2,
Haywood County,US.NC.HW,89,0,
Mississippi County,US.MO.MI,89,0,
Ohio County,US.WV.OH,89,1,
Pike County,US.GA.PK,89,3,
Tunica County,US.MS.TU,88,3,
Green County,US.WI.GN,88,1,
Hood River County,US.OR.HO,88,0,
Johnson County,US.GA.JH,88,2,
Brantley County,US.GA.BA,88,2,
Lafayette County,US.MO.LF,88,2,
Oglethorpe County,US.GA.OG,88,7,
Greene County,US.MS.GE,88,7,
Colorado County,US.TX.CO,87,0,
Somerset County,US.MD.SO,87,3,
Alexander County,US.NC.AE,87,0,
Hawaii County,US.HI.HA,87,0,
Adams County,US.IL.AD,87,1,
Sullivan County,US.TN.SL,87,2,
Montcalm County,US.MI.MC,87,1,
Botetourt County,US.VA.BO,86,4,
Perry County,US.PA.PE,86,5,
Bremer County,US.IA.BR,86,6,
Fayette County,US.TX.FT,86,2,
Sweetwater County,US.WY.SW,86,0,
Jefferson County,US.NY.JE,86,0,
Howard County,US.AR.HW,86,1,
Bryan County,US.OK.BR,86,1,
Wilson County,US.TX.WS,86,5,
Cross County,US.AR.CO,85,1,
Brewster County,US.TX.BS,85,0,
White County,US.AR.WH,85,1,
Cleburne County,US.AR.CB,85,4,
Oglala Lakota County,US.SD.SH,85,0,
Monroe County,US.OH.ME,85,17,
Barren County,US.KY.BN,85,2,
Henry County,US.IL.HY,84,1,
Carteret County,US.NC.CE,84,3,
Grafton County,US.NH.GR,84,1,
Grayson County,US.VA.GY,84,2,
Union County,US.SC.UN,84,0,
Otsego County,US.NY.OO,84,4,
Thurston County,US.NE.TU,84,1,
Des Moines County,US.IA.DS,84,2,
Chippewa County,US.WI.CH,84,0,
Calhoun County,US.SC.CH,83,1,
Columbia County,US.AR.CI,83,3,
Wood County,US.WV.WO,83,2,
Dallam County,US.TX.DL,83,1,
Jefferson County,US.MS.JF,83,3,
Scott County,US.KY.SC,83,0,
Columbia County,US.WI.CO,83,1,
Bradford County,US.FL.BA,83,2,
Humboldt County,US.NV.HU,83,4,
Grant Parish,US.LA.GR,83,1,
Danville City,US.VA.DA,82,2,
Carter County,US.OK.CR,82,1,
Fannin County,US.TX.FI,82,7,
Delta County,US.CO.DT,82,1,
Benton County,US.OR.BE,82,5,
Bedford County,US.PA.BO,81,3,
Carroll County,US.IA.CL,81,1,
Carlton County,US.MN.CL,81,0,
Henry County,US.IA.HE,81,3,
O'Brien County,US.IA.OB,81,1,
Belknap County,US.NH.BE,81,1,
McLeod County,US.MN.MC,81,0,
Waynesboro city,US.VA.WS,81,0,
Greene County,US.TN.GE,81,2,
Morton County,US.ND.MR,81,2,
Beaufort County,US.NC.BA,80,0,
Amite County,US.MS.AM,80,2,
Milam County,US.TX.MI,80,1,
Big Horn County,US.MT.BI,80,3,
Clay County,US.SD.CY,80,0,
Wood County,US.TX.WO,80,5,
Mayes County,US.OK.MY,79,4,
Dodge County,US.MN.DD,79,0,
Le Sueur County,US.MN.LU,79,1,
Powhatan County,US.VA.PH,79,2,
Smith County,US.TN.SH,79,1,
Calloway County,US.KY.CW,79,1,
Polk County,US.MN.PL,79,2,
Whitley County,US.IN.WL,79,4,
Marion County,US.GA.MR,79,2,
Van Zandt County,US.TX.VN,78,1,
Eddy County,US.NM.ED,78,1,
Taylor County,US.IA.TY,78,0,
Cambria County,US.PA.CI,78,3,
Matanuska-Susitna Borough,US.AK.MA,78,1,
Chaffee County,US.CO.CA,77,19,
Clinton County,US.PA.CN,77,4,
Barnwell County,US.SC.BN,77,1,
Sabine Parish,US.LA.SB,77,1,
Luna County,US.NM.LU,77,2,
Union County,US.OH.UN,77,1,
Yankton County,US.SD.YA,77,0,
Shawano County,US.WI.SA,76,0,
Preston County,US.WV.PR,76,2,
Burleson County,US.TX.BU,76,0,
Pike County,US.KY.PI,76,2,
Jefferson County,US.OH.JE,76,2,
Taylor County,US.FL.TA,76,0,
Simpson County,US.KY.SI,76,3,
Mendocino County,US.CA.MI,76,0,
Hocking County,US.OH.HC,76,7,
Edgefield County,US.SC.ED,76,2,
Edmonson County,US.KY.ED,75,11,
Wayne County,US.TN.WY,75,0,
Emmet County,US.IA.EM,75,0,
Wilkinson County,US.GA.WI,75,8,
Coshocton County,US.OH.CS,75,1,
Tehama County,US.CA.TE,75,1,
Charles Mix County,US.SD.CH,75,0,
Calhoun County,US.FL.CA,75,6,
Cole County,US.MO.CE,75,2,
Randolph County,US.IN.RA,75,4,
Martinsville city,US.VA.MR,74,1,
Pulaski County,US.IL.PL,74,0,
Rio Grande County,US.CO.RG,74,2,
Franklin County,US.IA.FN,74,0,
Chippewa County,US.MN.CP,74,1,
Reno County,US.KS.RN,74,0,
Castro County,US.TX.AS,74,1,
Polk County,US.AR.PL,74,0,
Saunders County,US.NE.SU,74,2,
Armstrong County,US.PA.AR,73,6,
Cedar County,US.IA.CD,73,1,
Uvalde County,US.TX.UV,73,1,
Rutland County,US.VT.RU,73,1,
Polk County,US.NC.PO,73,4,
Routt County,US.CO.RT,73,6,
Stark County,US.ND.SR,73,2,
Montour County,US.PA.MO,73,0,
Andrews County,US.TX.AR,73,0,
Cherokee County,US.AL.CH,73,7,
Cherokee County,US.OK.CK,73,1,
Franklin County,US.TN.FR,73,3,
Muskingum County,US.OH.MU,73,1,
Franklin County,US.VA.FN,72,1,
Hancock County,US.OH.HN,72,1,
Staunton city,US.VA.SU,72,0,
McPherson County,US.KS.MP,72,0,
George County,US.MS.GR,72,3,
Bennington County,US.VT.BE,72,1,
Calhoun County,US.TX.CU,72,2,
Clearfield County,US.PA.CF,72,0,
Jones County,US.GA.JE,72,0,
Kerr County,US.TX.KR,72,1,
Lamar County,US.AL.LM,71,1,
Cherokee County,US.IA.CE,71,0,
Buffalo County,US.SD.BF,71,1,
Yuba County,US.CA.YU,71,1,
Choctaw County,US.MS.CW,71,4,
Montezuma County,US.CO.MZ,71,3,
Union County,US.GA.UN,71,3,
Blair County,US.PA.BL,71,1,
Crawford County,US.MI.CF,70,5,
Haralson County,US.GA.HS,70,5,
Fairfax city,US.VA.FC,70,7,
Clark County,US.WI.CL,70,6,
Nelson County,US.KY.NE,70,1,
Monona County,US.IA.MO,70,0,
Cowley County,US.KS.CL,70,1,
Huntington County,US.IN.HU,70,2,
Pocahontas County,US.IA.PC,70,1,
Hickman County,US.TN.HN,70,0,
Lafayette County,US.WI.LF,70,0,
Okanogan County,US.WA.OK,70,2,
Ashley County,US.AR.AS,70,1,
Crowley County,US.CO.CR,70,1,
Garvin County,US.OK.GV,69,1,
Cheshire County,US.NH.CH,69,2,
Fayette County,US.AL.FA,69,1,
Franklin County,US.KS.FR,69,0,
Seneca County,US.NY.SC,69,1,
Austin County,US.TX.AU,69,0,
Talbot County,US.GA.TB,69,2,
Erath County,US.TX.ER,69,1,
Wasco County,US.OR.WC,68,1,
Brown County,US.TX.BN,68,10,
Addison County,US.VT.AD,68,2,
Pottawatomie County,US.KS.PT,68,0,
Hampton County,US.SC.HA,68,2,
Pierce County,US.WI.PI,68,0,
Missoula County,US.MT.MS,68,0,
Harrison County,US.KY.HS,68,0,
Jasper County,US.GA.JS,67,1,
Marshall County,US.TN.MS,67,1,
Haywood County,US.TN.HY,67,2,
Watauga County,US.NC.WT,67,0,
Wells County,US.IN.WE,67,1,
Woodford County,US.KY.WO,67,0,
Starke County,US.IN.SR,67,3,
Cass County,US.NE.CS,66,1,
Fayette County,US.WV.FA,66,4,
Garfield County,US.OK.GF,66,2,
Greer County,US.OK.GE,66,7,
Jay County,US.IN.JY,66,0,
Hill County,US.TX.HI,66,1,
Snyder County,US.PA.SN,65,2,
Dixie County,US.FL.DI,65,4,
Marion County,US.IL.MO,65,0,
Wayne County,US.GA.WY,65,0,
Dade County,US.GA.DD,65,1,
Greene County,US.VA.GE,65,1,
Quitman County,US.MS.QU,65,0,
Huron County,US.MI.HU,65,3,
Fulton County,US.IN.FU,65,1,
Floyd County,US.IA.FL,65,2,
Vermilion County,US.IL.VE,65,2,
Lewis County,US.WA.LE,64,3,
Knox County,US.KY.KX,64,0,
Guthrie County,US.IA.GH,64,4,
Drew County,US.AR.DR,64,1,
Douglas County,US.NV.DO,64,0,
Itasca County,US.MN.IT,64,12,
Gooding County,US.ID.GO,64,1,
Marquette County,US.MI.MQ,64,11,
Hamilton County,US.NE.HM,64,12,
Mifflin County,US.PA.MI,63,1,
Jefferson County,US.IN.JF,63,1,
Hardin County,US.IA.HD,63,0,
Stutsman County,US.ND.SU,63,1,
White County,US.TN.WH,63,3,
Washington County,US.VA.WG,63,4,
Camden County,US.MO.CM,63,1,
Williams County,US.OH.WI,63,1,
Monroe County,US.WI.MO,63,1,
Washington County,US.IN.WS,63,1,
Irwin County,US.GA.IR,62,1,
Boyd County,US.KY.BD,61,3,
Somerset County,US.PA.SO,61,1,
Kendall County,US.TX.KD,61,0,
Brookings County,US.SD.BK,61,0,
Codington County,US.SD.CD,61,0,
Morrow County,US.OR.MO,61,1,
Okmulgee County,US.OK.OM,61,0,
Isanti County,US.MN.IS,61,0,
Union County,US.FL.UN,61,2,
Marion County,US.TN.MI,61,4,
Gallatin County,US.KY.GL,61,7,
Tishomingo County,US.MS.TS,61,1,
Sac County,US.IA.SA,61,0,
Marion County,US.IA.MI,60,0,
Red River Parish,US.LA.RE,60,8,
Preble County,US.OH.PR,60,1,
Lawrence County,US.OH.LW,60,0,
Taney County,US.MO.TA,60,2,
Ward County,US.ND.WR,60,1,
Clinton County,US.OH.CI,60,0,
Socorro County,US.NM.SO,60,5,
Harrison County,US.WV.HR,60,1,
Knox County,US.IN.KN,59,0,
Bleckley County,US.GA.BK,59,1,
Clay County,US.IN.CY,59,4,
Salem city,US.VA.SE,59,3,
Chattooga County,US.GA.CG,59,2,
Kleberg County,US.TX.KL,59,1,
Perry County,US.MS.PY,59,4,
Geneva County,US.AL.GE,59,0,
Allegany County,US.NY.AL,59,2,
Guernsey County,US.OH.GU,59,3,
Lyman County,US.SD.LY,59,0,
Klickitat County,US.WA.KL,59,3,
Flathead County,US.MT.FL,58,2,
Schoharie County,US.NY.SO,58,2,
Butler County,US.KS.BU,58,0,
Pittsburg County,US.OK.PI,58,3,
Warren County,US.TN.WR,58,0,
Shelby County,US.OH.SH,58,4,
Lee County,US.TX.LE,58,3,
Douglas County,US.MN.DU,58,0,
Grundy County,US.TN.GU,58,1,
Windsor County,US.VT.WS,58,2,
Greenbrier County,US.WV.GE,58,1,
Todd County,US.SD.TO,57,1,
Benton County,US.IA.BN,57,1,
Meeker County,US.MN.ME,57,1,
Geary County,US.KS.GE,57,1,
Lincoln County,US.NE.LI,57,2,
Hutchinson County,US.TX.UT,57,0,
Grant County,US.KY.GT,57,4,
Hart County,US.GA.HT,57,0,
Morrison County,US.MN.MR,57,1,
Roosevelt County,US.NM.RO,57,1,
Perry County,US.KY.PR,57,1,
New Kent County,US.VA.NK,57,1,
Poinsett County,US.AR.PN,57,3,
Gentry County,US.MO.GT,57,9,
Wyandot County,US.OH.WD,57,4,
Essex County,US.VA.ES,57,0,
Fulton County,US.OH.FU,57,0,
Baker County,US.FL.BK,57,4,
Waseca County,US.MN.WE,57,0,
Labette County,US.KS.LB,57,0,
Weakley County,US.TN.WE,56,1,
McNairy County,US.TN.MA,56,0,
Bradford County,US.PA.BF,56,3,
Clark County,US.AR.CK,56,0,
Marshall County,US.KY.MH,56,2,
Mineral County,US.WV.ML,56,3,
Marion County,US.WV.MI,56,2,
Elbert County,US.CO.EB,56,2,
DeWitt County,US.TX.DE,56,1,
Williamsburg City,US.VA.WL,56,6,
Clay County,US.GA.CY,56,2,
Logan County,US.OH.LG,56,0,
Lake County,US.CA.LK,56,0,
Oconto County,US.WI.OC,56,0,
Wakulla County,US.FL.WK,55,1,
Pulaski County,US.IN.PL,55,1,
Stephens County,US.OK.ST,55,1,
Waldo County,US.ME.WL,55,14,
Overton County,US.TN.OV,55,0,
Kewaunee County,US.WI.KW,55,1,
Barton County,US.KS.BT,55,2,
Coosa County,US.AL.CS,55,1,
Independence County,US.AR.IN,55,0,
Wilkes County,US.GA.WS,55,1,
Campbell County,US.WY.CM,55,0,
Pawnee County,US.OK.PW,54,2,
Custer County,US.OK.CU,54,0,
Elmore County,US.ID.EL,54,2,
Clay County,US.AR.CY,54,3,
Jackson County,US.MN.JA,54,0,
Becker County,US.MN.BC,54,0,
Hopkins County,US.TX.HP,54,0,
Carroll County,US.NH.CA,54,0,
Alcorn County,US.MS.AL,53,1,
Faribault County,US.MN.FA,53,0,
Lincoln County,US.TN.LI,53,0,
Clay County,US.KY.CY,53,3,
Ochiltree County,US.TX.OC,53,2,
Rush County,US.IN.RU,53,3,
Unicoi County,US.TN.UC,53,0,
Crawford County,US.PA.CW,53,0,
Coffey County,US.KS.CF,53,8,
Sharp County,US.AR.SH,53,4,
Marinette County,US.WI.MT,53,3,
Jones County,US.IA.JN,52,0,
Ashe County,US.NC.AS,52,1,
Putnam County,US.WV.PU,52,0,
Brown County,US.OH.BR,52,1,
McIntosh County,US.OK.MI,52,1,
Hughes County,US.SD.HG,52,0,
Raleigh County,US.WV.RL,52,0,
Carter County,US.TN.CT,52,1,
Falls Church city,US.VA.FU,52,5,
Yuma County,US.CO.YU,52,0,
Macoupin County,US.IL.MP,51,3,
Bradley County,US.AR.BR,51,2,
Lake County,US.CO.LK,51,0,
Jefferson County,US.IA.JE,51,0,
Morgan County,US.GA.MO,51,0,
Jasper County,US.TX.JR,51,1,
Swain County,US.NC.SW,51,0,
Ashland County,US.OH.AL,51,1,
Butler County,US.NE.BE,51,0,
Cocke County,US.TN.CE,51,0,
Marion County,US.KY.MN,51,0,
Osceola County,US.IA.OS,51,0,
Franklin city,US.VA.FR,50,2,
Pennington County,US.MN.PI,50,0,
Pulaski County,US.GA.PL,50,2,
Monroe County,US.IA.MR,50,6,
Andrew County,US.MO.AN,50,0,
Ottawa County,US.OK.OT,50,2,
Charlton County,US.GA.CT,50,2,
Moniteau County,US.MO.ME,50,1,
Seminole County,US.GA.SI,50,2,
Perry County,US.IL.PY,50,1,
DeKalb County,US.TN.DE,50,0,
Murray County,US.MN.MU,50,0,
Halifax County,US.VA.HL,50,1,
Crane County,US.TX.CR,50,2,
Giles County,US.TN.GL,50,1,
Cumberland County,US.VA.CU,50,0,
Hempstead County,US.AR.HE,50,1,
Carroll County,US.OH.CO,50,3,
Stone County,US.MS.ST,50,1,
Del Norte County,US.CA.DE,50,0,
Douglas County,US.IL.DO,50,0,
Dukes County,US.MA.DU,49,0,
Hidalgo County,US.NM.HI,49,0,
Gage County,US.NE.GG,49,3,
Clarke County,US.VA.CK,49,0,
Wood County,US.WI.WO,49,1,
Harrison County,US.IA.HR,49,0,
Wythe County,US.VA.WY,49,1,
Hawkins County,US.TN.HW,49,2,
Wheeler County,US.GA.WL,49,0,
Washington County,US.NE.WS,48,1,
Humboldt County,US.IA.HU,48,1,
Allendale County,US.SC.AL,48,3,
Montgomery County,US.KY.MM,48,0,
Clay County,US.AL.CY,48,2,
Clatsop County,US.OR.CT,48,0,
Polk County,US.WI.PL,48,1,
Dare County,US.NC.DE,48,1,
Gloucester County,US.VA.GL,48,1,
Hood County,US.TX.HO,48,4,
Heard County,US.GA.HD,48,3,
Conway County,US.AR.CN,48,3,
Kearny County,US.KS.KE,48,1,
Lee County,US.IA.LE,47,1,
Mason County,US.WA.MA,47,1,
Dixon County,US.NE.DI,47,1,
Barry County,US.MO.BR,47,0,
Limestone County,US.TX.LO,47,1,
Mountrail County,US.ND.MU,47,0,
Sanpete County,US.UT.SP,47,0,
Randolph County,US.AR.RA,47,1,
Iowa County,US.IA.IO,47,0,
Miller County,US.GA.ML,47,0,
Grand Traverse County,US.MI.GN,47,5,
Meade County,US.SD.MD,47,1,
Sevier County,US.UT.SE,47,0,
Benton County,US.IN.BE,46,0,
Sanilac County,US.MI.SL,46,6,
Cortland County,US.NY.CD,46,1,
Hancock County,US.IA.HN,46,0,
Jefferson County,US.FL.JE,46,4,
Howard County,US.NE.HW,46,4,
Upshur County,US.TX.US,46,0,
Bee County,US.TX.BE,46,0,
Mason County,US.MI.MN,46,0,
Grant County,US.KS.GT,46,1,
Sibley County,US.MN.SI,46,2,
Yates County,US.NY.YA,46,6,
Jasper County,US.IL.JS,46,7,
Fayette County,US.OH.FY,46,0,
Zapata County,US.TX.ZP,45,0,
Dawson County,US.TX.DW,45,1,
Logan County,US.AR.LG,45,0,
Butler County,US.IA.BE,45,2,
Callaway County,US.MO.CA,45,1,
Desha County,US.AR.DE,45,0,
Defiance County,US.OH.DF,45,3,
Pulaski County,US.VA.PU,45,2,
Roberts County,US.SD.RO,45,0,
Adams County,US.IN.AD,45,1,
Amelia County,US.VA.AI,44,1,
Buchanan County,US.IA.BC,44,1,
Washington County,US.CO.WA,44,0,
Campbell County,US.VA.CM,44,1,
City and Borough of Juneau,US.AK.JU,44,0,
Logan County,US.OK.LG,44,1,
Sullivan County,US.IN.SU,44,1,
Yancey County,US.NC.YN,43,0,
Door County,US.WI.DO,43,3,
Owen County,US.IN.OW,43,1,
Livingston County,US.IL.LI,43,2,
Hardy County,US.WV.HD,43,0,
Baker County,US.GA.BR,43,3,
Roane County,US.TN.RA,43,0,
Russell County,US.KY.RU,43,4,
Calhoun County,US.IA.CO,43,0,
Torrance County,US.NM.TO,43,1,
Madison County,US.VA.MD,43,1,
Christian County,US.MO.CT,43,0,
Christian County,US.IL.CI,43,4,
Patrick County,US.VA.PK,42,1,
Highland County,US.OH.HI,42,1,
Jo Daviess County,US.IL.JO,42,1,
Montgomery County,US.IL.MT,42,1,
Essex County,US.NY.ES,42,0,
New Madrid County,US.MO.NW,42,1,
Rabun County,US.GA.RB,42,3,
Crawford County,US.GA.CW,42,0,
Robertson County,US.TX.RO,42,0,
Henry County,US.TN.HR,42,0,
King William County,US.VA.KW,42,0,
Marshall County,US.WV.MH,41,0,
Mono County,US.CA.MO,41,1,
Hampshire County,US.WV.HM,41,1,
Franklin County,US.TX.FK,41,0,
Polk County,US.TN.PO,41,0,
Otero County,US.NM.OT,41,6,
Washington County,US.VT.WA,41,1,
Richland County,US.ND.RI,41,0,
York County,US.NE.YO,41,0,
Teller County,US.CO.TE,41,2,
Warren County,US.MO.WR,40,0,
Delaware County,US.IA.DA,40,1,
Jackson County,US.TX.JA,40,1,
Douglas County,US.OR.DO,40,0,
Taos County,US.NM.TA,40,1,
Coos County,US.OR.CO,40,0,
Grant County,US.AR.GN,40,0,
Hart County,US.KY.HT,40,0,
Cameron Parish,US.LA.CM,40,0,
Franklin County,US.ME.FR,40,1,
Custer County,US.NE.CU,40,3,
Davison County,US.SD.DV,40,0,
Park County,US.WY.PA,40,0,
Webster County,US.KY.WE,40,0,
Owyhee County,US.ID.OW,40,0,
Appomattox County,US.VA.AP,39,0,
Charles City County,US.VA.CC,39,3,
Washakie County,US.WY.WA,39,5,
Jerauld County,US.SD.JE,39,1,
Carroll County,US.TN.CR,39,1,
Lyon County,US.IA.LY,39,0,
Greene County,US.PA.GR,39,0,
Harvey County,US.KS.HV,39,2,
Towns County,US.GA.TW,39,1,
Taylor County,US.KY.TA,38,1,
Arenac County,US.MI.AR,38,2,
Morris County,US.TX.MR,38,0,
Brown County,US.IN.BR,38,1,
Noble County,US.OK.NB,38,0,
Long County,US.GA.LG,38,1,
Little River County,US.AR.LT,38,0,
Forest County,US.WI.FR,38,3,
Clayton County,US.IA.CT,38,3,
Merrick County,US.NE.ME,38,0,
Knox County,US.OH.KN,38,1,
Boyle County,US.KY.BE,38,0,
Millard County,US.UT.MD,38,0,
Pontotoc County,US.OK.PN,38,2,
Washington County,US.NC.WI,38,3,
Cass County,US.TX.CS,38,2,
Jefferson County,US.WA.JE,38,0,
Champaign County,US.OH.CH,37,1,
Lincoln County,US.GA.LC,37,1,
Kauai County,US.HI.KU,37,0,
Seminole County,US.OK.SM,37,3,
Davis County,US.IA.DV,37,1,
San Miguel County,US.CO.SM,37,0,
Howell County,US.MO.HW,37,0,
Wyoming County,US.PA.WM,37,7,
Northumberland County,US.VA.NU,37,1,
Oxford County,US.ME.OX,37,0,
Dunn County,US.WI.DN,37,0,
Whitman County,US.WA.WI,37,0,
Bingham County,US.ID.BG,37,0,
Madison County,US.IA.MD,37,2,
Carroll County,US.KY.CL,37,0,
Clallam County,US.WA.CL,36,0,
Smyth County,US.VA.SM,36,1,
Pike County,US.MO.PI,36,1,
Hockley County,US.TX.HC,36,1,
Gibson County,US.IN.GI,36,2,
Lamb County,US.TX.LB,36,0,
Spencer County,US.KY.SP,36,0,
Mercer County,US.WV.MR,36,0,
Perquimans County,US.NC.PQ,36,2,
Lincoln County,US.ID.LI,36,0,
Montgomery County,US.KS.MG,36,3,
Fremont County,US.CO.FR,36,0,
Cooke County,US.TX.OO,35,0,
Jersey County,US.IL.JR,35,1,
Candler County,US.GA.CR,35,0,
Johnson County,US.TN.JO,35,0,
Blackford County,US.IN.BL,35,2,
Madison County,US.ID.MA,35,0,
Lander County,US.NV.LA,35,0,
Jones County,US.NC.JN,35,3,
Cuming County,US.NE.CM,35,0,
Franklin County,US.MS.FR,35,2,
Jackson County,US.OK.JA,35,3,
Amherst County,US.VA.AH,35,0,
Wabaunsee County,US.KS.WB,35,0,
Juneau County,US.WI.JU,35,1,
McIntosh County,US.GA.MH,35,1,
Colusa County,US.CA.CL,35,0,
Monroe County,US.KY.MO,35,1,
Howard County,US.TX.HW,34,1,
Nowata County,US.OK.NW,34,1,
Scioto County,US.OH.SC,34,0,
Aurora County,US.SD.AU,34,0,
Sagadahoc County,US.ME.SA,34,0,
Clarion County,US.PA.CL,34,2,
Albany County,US.WY.AL,34,0,
Clark County,US.KS.CA,34,0,
Barron County,US.WI.BR,34,0,
Van Buren County,US.AR.VA,33,2,
Nolan County,US.TX.NO,33,0,
Cherokee County,US.NC.CO,33,1,
Seward County,US.NE.SA,33,1,
Crawford County,US.WI.CR,33,0,
Henry County,US.KY.HY,33,2,
Gillespie County,US.TX.GL,33,0,
Ogemaw County,US.MI.OG,33,2,
Mason County,US.TX.MA,33,0,
Woodford County,US.IL.WO,33,2,
Green Lake County,US.WI.GL,32,0,
Lawrence County,US.MO.LW,32,1,
Hamilton County,US.KS.HM,32,0,
Kalkaska County,US.MI.KK,32,2,
Atchison County,US.KS.AT,32,0,
Josephine County,US.OR.JO,32,1,
Kossuth County,US.IA.KO,32,0,
Vernon County,US.WI.VE,32,0,
Fayette County,US.IA.FT,32,0,
Grainger County,US.TN.GA,32,0,
Calaveras County,US.CA.CA,32,0,
Trinity County,US.TX.TR,32,0,
Sequoyah County,US.OK.SQ,32,3,
Mille Lacs County,US.MN.MI,32,1,
Seneca County,US.OH.SE,32,2,
Athens County,US.OH.AS,32,1,
Williams County,US.ND.WI,32,0,
Mills County,US.IA.ML,32,0,
Scurry County,US.TX.SU,32,0,
Meigs County,US.TN.ME,32,0,
Grundy County,US.IA.GN,31,0,
Swisher County,US.TX.SW,31,1,
Sullivan County,US.NH.SU,31,1,
Inyo County,US.CA.IN,31,1,
Stevens County,US.KS.SV,31,0,
Ford County,US.IL.FO,31,1,
Henderson County,US.TN.HS,31,0,
Toole County,US.MT.TO,31,6,
San Jacinto County,US.TX.SJ,31,0,
Morrill County,US.NE.MO,31,0,
Kit Carson County,US.CO.KT,31,3,
Campbell County,US.TN.CM,31,1,
Montgomery County,US.GA.MM,31,0,
Miami County,US.KS.MI,31,0,
Lafayette County,US.FL.LF,31,0,
Alleghany County,US.NC.AL,31,0,
Alleghany County,US.VA.AL,31,2,
Bonner County,US.ID.BR,31,0,
Le Flore County,US.OK.LE,31,1,
Buchanan County,US.VA.BH,31,0,
Charlotte County,US.VA.CT,31,0,
Lunenburg County,US.VA.LN,31,0,
Perry County,US.TN.PE,30,0,
Uintah County,US.UT.UN,30,0,
Sherman County,US.TX.SN,30,0,
Ravalli County,US.MT.RA,30,0,
Posey County,US.IN.PS,30,0,
Wabasha County,US.MN.WB,30,0,
Tipton County,US.IN.TT,30,1,
Rockbridge County,US.VA.RB,30,0,
Spencer County,US.IN.SP,30,1,
Lamoille County,US.VT.LA,30,1,
Beaver County,US.OK.BA,30,0,
Love County,US.OK.LV,30,0,
Meade County,US.KS.ME,30,0,
Mitchell County,US.NC.MI,30,0,
Mason County,US.KY.MS,30,0,
Franklin County,US.NY.FR,30,0,
Bourbon County,US.KY.BU,30,1,
Lewis County,US.NY.LE,30,5,
Crockett County,US.TN.CK,30,3,
Lincoln County,US.OK.LI,29,2,
Columbia County,US.OR.CL,29,0,
Missaukee County,US.MI.MU,29,1,
Mecosta County,US.MI.MT,29,2,
Perry County,US.AR.PY,29,0,
Iowa County,US.WI.IO,29,0,
Palo Alto County,US.IA.PO,29,0,
Rock County,US.MN.RC,29,0,
Cleburne County,US.AL.CB,29,1,
Neosho County,US.KS.NO,29,0,
Madison County,US.TX.AD,29,0,
Union County,US.KY.UN,29,0,
Lucas County,US.IA.LU,29,4,
Osceola County,US.MI.OE,29,0,
Freestone County,US.TX.FE,28,0,
Somerset County,US.ME.SO,28,0,
Crawford County,US.IN.CW,28,0,
Hansford County,US.TX.HF,28,2,
Greene County,US.IA.GE,28,0,
Arkansas County,US.AR.AR,28,0,
Fountain County,US.IN.FO,28,2,
Winneshiek County,US.IA.WH,28,0,
Greenup County,US.KY.GU,28,0,
Webster County,US.MO.WE,28,1,
Henry County,US.OH.HE,28,0,
Perry County,US.OH.PE,28,1,
Wayne County,US.NE.WY,28,0,
Taylor County,US.GA.TY,28,2,
Lynn County,US.TX.LY,28,1,
Cascade County,US.MT.CS,28,2,
Cherokee County,US.KS.CK,28,0,
Falls County,US.TX.FL,28,0,
Siskiyou County,US.CA.SK,28,0,
Beltrami County,US.MN.BT,27,0,
Jackson County,US.AR.JA,27,0,
Benton County,US.MS.BE,27,0,
Wise County,US.VA.WI,27,2,
Cheboygan County,US.MI.CY,27,2,
Clare County,US.MI.CE,27,3,
Whitley County,US.KY.WH,27,0,
Blanco County,US.TX.BC,27,1,
Brown County,US.MN.BR,27,2,
Park County,US.CO.PA,27,0,
Clay County,US.NE.CL,27,0,
Leon County,US.TX.LN,27,0,
McKenzie County,US.ND.MK,27,0,
Custer County,US.MT.CU,27,0,
Gates County,US.NC.GT,27,2,
Donley County,US.TX.DO,27,0,
Yellow Medicine County,US.MN.YE,27,0,
Emmet County,US.MI.EM,27,2,
Floyd County,US.KY.FO,27,0,
Camden County,US.NC.CD,26,0,
Cannon County,US.TN.CN,26,0,
Grays Harbor County,US.WA.GY,26,0,
Gray County,US.KS.GY,26,0,
Converse County,US.WY.CE,26,0,
Charlevoix County,US.MI.CV,26,2,
Laclede County,US.MO.LD,26,0,
Roscommon County,US.MI.RO,26,0,
Kingfisher County,US.OK.KN,26,0,
Doniphan County,US.KS.DP,26,0,
Marshall County,US.OK.MH,26,0,
Sheridan County,US.WY.SH,26,0,
Jackson County,US.WI.JA,26,1,
Gladwin County,US.MI.GL,26,1,
Lewis and Clark County,US.MT.LE,26,0,
Marion County,US.TX.MN,26,1,
Jefferson County,US.KS.JF,26,0,
Anderson County,US.KY.AN,26,1,
Twiggs County,US.GA.TG,26,1,
Meade County,US.KY.MA,25,2,
Schley County,US.GA.SY,25,1,
Todd County,US.KY.TO,25,0,
Phelps County,US.NE.PH,25,0,
Cleveland County,US.AR.CV,25,0,
Fillmore County,US.MN.FI,25,0,
Tioga County,US.PA.TI,25,2,
Mariposa County,US.CA.MP,25,1,
Chickasaw County,US.IA.CC,25,0,
Union County,US.IA.UN,25,0,
Ray County,US.MO.RY,25,0,
Tyler County,US.TX.TY,25,0,
Bureau County,US.IL.BU,25,1,
Lincoln County,US.KY.LN,25,1,
Franklin County,US.ID.FA,25,0,
Barton County,US.MO.BT,24,0,
Trigg County,US.KY.TG,24,0,
Pocahontas County,US.WV.PO,24,0,
Nemaha County,US.KS.NM,24,0,
Breckinridge County,US.KY.BC,24,2,
Knox County,US.ME.KN,24,1,
Claiborne County,US.TN.CI,24,0,
McLean County,US.KY.ML,24,1,
Douglas County,US.WI.DG,24,0,
Sharkey County,US.MS.SH,24,0,
Sequatchie County,US.TN.SQ,24,0,
Renville County,US.MN.RN,24,2,
Tensas Parish,US.LA.TN,24,0,
Chowan County,US.NC.CW,24,0,
Sioux County,US.ND.SI,24,0,
Menard County,US.IL.MN,24,0,
Turner County,US.SD.TU,24,0,
Switzerland County,US.IN.SW,23,0,
Houston County,US.MN.HO,23,0,
Jackson County,US.TN.JA,23,0,
Faulk County,US.SD.FU,23,1,
Lincoln County,US.ME.LI,23,0,
Fayette County,US.IL.FA,23,3,
Jackson County,US.IA.JC,23,0,
Sabine County,US.TX.SB,23,1,
Fulton County,US.KY.FU,23,0,
Morgan County,US.TN.MG,23,1,
Haskell County,US.KS.HS,23,0,
Washington County,US.KY.WS,23,0,
Treutlen County,US.GA.TE,23,1,
Logan County,US.WV.LO,23,1,
Van Wert County,US.OH.VA,23,0,
King and Queen County,US.VA.KA,23,1,
Waushara County,US.WI.WS,23,0,
Clinton County,US.MO.CO,23,0,
Gem County,US.ID.GE,23,0,
Mercer County,US.KY.MC,23,0,
Harlan County,US.KY.HL,23,2,
Tillman County,US.OK.TI,23,1,
Alexander County,US.IL.AL,22,0,
Carter County,US.KY.CR,22,0,
Carbon County,US.WY.CB,22,1,
Washington County,US.MO.WS,22,1,
Lewis County,US.KY.LI,22,0,
Boone County,US.AR.BO,22,1,
Rowan County,US.KY.RW,22,0,
Young County,US.TX.YU,22,1,
Amador County,US.CA.AM,22,0,
Martin County,US.IN.MN,22,0,
Transylvania County,US.NC.TR,22,1,
Gulf County,US.FL.GU,22,0,
Vinton County,US.OH.VI,22,2,
Paulding County,US.OH.PA,22,0,
Winnebago County,US.IA.WB,22,0,
Walsh County,US.ND.WL,22,0,
Hancock County,US.WV.HN,22,0,
Hartley County,US.TX.HL,22,0,
Otero County,US.CO.OT,22,1,
Tuolumne County,US.CA.TO,22,0,
Mason County,US.IL.MS,22,0,
Aroostook County,US.ME.AR,22,1,
Parke County,US.IN.PA,22,0,
Floyd County,US.TX.FY,22,0,
Wabash County,US.IL.WB,22,0,
Moody County,US.SD.MO,21,0,
Ellis County,US.KS.EL,21,0,
Adams County,US.OH.AD,21,1,
Grand County,US.CO.GR,21,1,
Live Oak County,US.TX.LK,21,0,
Knox County,US.NE.KN,21,0,
Stanton County,US.NE.ST,21,0,
Lake County,US.SD.LK,21,1,
Wexford County,US.MI.WE,21,3,
Garrard County,US.KY.GR,21,0,
Webster County,US.GA.WT,21,1,
Mitchell County,US.IA.ME,21,0,
Asotin County,US.WA.AS,21,2,
Ketchikan Gateway Borough,US.AK.KG,21,0,
San Miguel County,US.NM.SM,21,0,
Delta County,US.MI.DE,21,3,
Yoakum County,US.TX.YA,21,0,
Benewah County,US.ID.BA,21,0,
Chester County,US.TN.CS,21,0,
Jefferson County,US.PA.JE,21,1,
Howard County,US.IA.HO,21,0,
Warren County,US.GA.WR,21,0,
Phelps County,US.MO.PH,21,0,
Alcona County,US.MI.AC,21,1,
Ida County,US.IA.ID,21,0,
Karnes County,US.TX.KS,21,0,
Swift County,US.MN.SW,20,1,
Baxter County,US.AR.BA,20,0,
Brule County,US.SD.BU,20,0,
Lampasas County,US.TX.LP,20,0,
Wilkin County,US.MN.WL,20,3,
Costilla County,US.CO.CS,20,0,
Rappahannock County,US.VA.RP,20,0,
Ouachita County,US.AR.OU,20,0,
Boone County,US.WV.BN,20,0,
Otoe County,US.NE.OT,20,0,
Stewart County,US.TN.SA,20,0,
Reeves County,US.TX.RE,20,0,
Humphreys County,US.TN.HU,20,1,
Duval County,US.TX.DU,20,0,
Guadalupe County,US.NM.GU,20,0,
Morgan County,US.WV.MA,20,0,
Evans County,US.GA.EV,20,0,
Pike County,US.OH.PK,20,0,
Lyon County,US.KY.LY,20,3,
Carroll County,US.IL.CL,20,2,
Pipestone County,US.MN.PS,20,1,
Prairie County,US.AR.PR,20,0,
Izard County,US.AR.IZ,20,1,
Johnson County,US.WY.JO,20,1,
Johnson County,US.IL.JH,20,0,
Appanoose County,US.IA.AP,20,3,
Aransas County,US.TX.AA,20,0,
Henry County,US.MO.HE,20,3,
Hamilton County,US.TX.HM,20,1,
Page County,US.IA.PG,20,0,
Prowers County,US.CO.PR,20,0,
Decatur County,US.TN.DC,19,0,
Ripley County,US.MO.RI,19,0,
Upshur County,US.WV.UP,19,0,
Lawrence County,US.SD.LW,19,0,
Craig County,US.OK.CG,19,0,
Ste. Genevieve County,US.MO.SG,19,1,
Grundy County,US.MO.GU,19,0,
Caledonia County,US.VT.CA,19,0,
Van Buren County,US.IA.VA,19,0,
Carbon County,US.MT.CB,19,0,
Rockcastle County,US.KY.RC,19,0,
San Juan County,US.WA.SA,19,0,
Keokuk County,US.IA.KE,19,1,
Norman County,US.MN.NR,19,0,
Washington County,US.IL.WG,19,0,
Mercer County,US.IL.ME,19,0,
Zavala County,US.TX.ZV,19,0,
Pamlico County,US.NC.PM,19,0,
Piatt County,US.IL.PA,19,0,
Nodaway County,US.MO.NO,19,0,
Barnes County,US.ND.BA,19,0,
Bourbon County,US.KS.BB,19,1,
Adams County,US.WI.AD,19,2,
Poquoson city,US.VA.PQ,19,0,
Oneida County,US.WI.ON,19,0,
Atoka County,US.OK.AT,19,0,
Morgan County,US.UT.MN,19,0,
Currituck County,US.NC.CI,18,0,
Murray County,US.OK.MR,18,0,
Antrim County,US.MI.AN,18,0,
Cloud County,US.KS.CD,18,0,
Nelson County,US.VA.NL,18,0,
Grant County,US.NM.GR,18,0,
Greenlee County,US.AZ.GE,18,1,
Fleming County,US.KY.FE,18,0,
McCreary County,US.KY.MR,18,0,
Casey County,US.KY.CS,18,0,
Clear Creek County,US.CO.CL,18,1,
Glacier County,US.MT.GC,18,0,
Franklin County,US.AR.FR,18,0,
Jefferson County,US.ID.JF,18,0,
Crawford County,US.IL.CW,18,0,
Lincoln County,US.WY.LI,18,0,
Venango County,US.PA.VE,18,0,
Cheyenne County,US.NE.CY,18,0,
Shelby County,US.IL.SB,18,1,
Hancock County,US.IL.HC,18,1,
Fulton County,US.PA.FU,18,1,
Ransom County,US.ND.RN,17,0,
Floyd County,US.VA.FO,17,1,
Lake County,US.MT.LA,17,0,
Stevens County,US.WA.ST,17,1,
Montague County,US.TX.MU,17,1,
Mason County,US.WV.MN,17,0,
Traill County,US.ND.TR,17,0,
Palo Pinto County,US.TX.PO,17,2,
Juab County,US.UT.JU,17,0,
Lewis County,US.WV.LE,17,2,
Bracken County,US.KY.BK,17,0,
Corson County,US.SD.CO,17,0,
Hancock County,US.KY.HC,17,0,
Jackson County,US.OH.JA,17,0,
Cedar County,US.NE.CA,17,0,
Mingo County,US.WV.MO,17,2,
Cass County,US.IA.CS,17,0,
Moultrie County,US.IL.MI,17,0,
Audubon County,US.IA.AU,17,1,
Fentress County,US.TN.FE,17,0,
Phillips County,US.CO.PH,16,0,
Oscoda County,US.MI.OO,16,1,
Vernon County,US.MO.VE,16,0,
Benton County,US.MO.BN,16,0,
Redwood County,US.MN.RW,16,0,
Bandera County,US.TX.BA,16,0,
Marion County,US.MO.MO,16,0,
Taylor County,US.WV.TA,16,0,
Menominee County,US.MI.MM,16,0,
Manistee County,US.MI.ME,16,0,
Terry County,US.TX.TE,16,0,
Teton County,US.ID.TE,16,0,
Scott County,US.KS.SC,16,0,
Leelanau County,US.MI.LE,16,0,
Tripp County,US.SD.TR,16,0,
Pendleton County,US.KY.PN,16,0,
Day County,US.SD.DY,16,0,
Power County,US.ID.PO,16,0,
Callahan County,US.TX.AL,16,2,
Grant County,US.WV.GA,16,0,
Winkler County,US.TX.WI,16,0,
Montgomery County,US.MO.MM,16,0,
Lafayette County,US.AR.LF,16,1,
Wheeler County,US.TX.WL,16,0,
Hancock County,US.ME.HA,16,1,
Hudspeth County,US.TX.HU,15,0,
Carbon County,US.UT.CR,15,0,
Richland County,US.WI.RI,15,4,
Middlesex County,US.VA.MI,15,0,
Potter County,US.PA.PO,15,0,
Fulton County,US.IL.FU,15,0,
Barbour County,US.WV.BB,15,1,
Linn County,US.MO.LN,15,1,
Adair County,US.IA.AI,15,0,
Tazewell County,US.VA.TA,15,0,
Presidio County,US.TX.PS,15,0,
Thomas County,US.KS.TH,15,0,
Nantucket County,US.MA.NA,15,1,
Wadena County,US.MN.WD,15,0,
McCormick County,US.SC.MC,15,1,
Larue County,US.KY.LR,15,1,
Schleicher County,US.TX.SH,15,0,
McKean County,US.PA.MC,15,1,
Quitman County,US.GA.QU,15,1,
Lake County,US.OR.LK,15,0,
Gaines County,US.TX.GS,15,0,
Wright County,US.MO.WG,15,0,
Crosby County,US.TX.CB,15,1,
Linn County,US.KS.LN,15,0,
Big Horn County,US.WY.BI,14,0,
Jim Hogg County,US.TX.JG,14,0,
Clark County,US.SD.CK,14,0,
Kanabec County,US.MN.KA,14,1,
Clay County,US.TN.CY,14,0,
Giles County,US.VA.GI,14,0,
Ballard County,US.KY.BA,14,0,
Buena Vista city,US.VA.BE,14,0,
Surry County,US.VA.SR,14,1,
Letcher County,US.KY.LT,14,0,
Ohio County,US.IN.OH,14,0,
Latah County,US.ID.LA,14,0,
Fillmore County,US.NE.FI,14,1,
Stone County,US.MO.SE,14,0,
Stone County,US.AR.ST,14,0,
Warren County,US.IN.WN,14,1,
Okfuskee County,US.OK.OF,14,0,
Wayne County,US.KY.WY,14,0,
Franklin County,US.IL.FR,14,0,
Garfield County,US.UT.GA,14,1,
Clark County,US.IL.CK,14,0,
Baca County,US.CO.BA,14,0,
Orleans County,US.VT.OL,14,0,
Ward County,US.TX.WD,14,0,
Silver Bow County,US.MT.SI,14,0,
Miller County,US.MO.ML,14,0,
Grand County,US.UT.GR,14,0,
Cooper County,US.MO.CP,14,0,
Martin County,US.TX.MT,14,1,
Comanche County,US.TX.CE,14,1,
Scott County,US.TN.SC,14,0,
Blaine County,US.OK.BL,14,0,
Big Stone County,US.MN.BI,14,0,
Bath County,US.KY.BH,13,1,
Pendleton County,US.WV.PE,13,1,
Union County,US.IN.UN,13,0,
Harrison County,US.MO.HS,13,0,
Pacific County,US.WA.PA,13,1,
Schuyler County,US.IL.SU,13,0,
Grant County,US.SD.GA,13,0,
Conejos County,US.CO.CN,13,0,
Gosper County,US.NE.GO,13,0,
Osage County,US.KS.OS,13,0,
Worth County,US.IA.WT,13,0,
Morgan County,US.MO.MG,13,0,
Dallas County,US.MO.DL,13,1,
Aitkin County,US.MN.AI,13,0,
Elk County,US.PA.EL,13,0,
Dunn County,US.ND.DU,13,0,
Marquette County,US.WI.MQ,13,1,
Vermillion County,US.IN.VE,13,0,
Duchesne County,US.UT.DU,13,0,
LaMoure County,US.ND.LA,13,0,
Burt County,US.NE.BT,13,0,
Polk County,US.MO.PO,13,0,
Logan County,US.IL.LO,13,0,
Bond County,US.IL.BN,13,1,
Wayne County,US.IL.WY,13,1,
Ringgold County,US.IA.RI,13,0,
Caldwell County,US.KY.CD,13,0,
Bosque County,US.TX.BQ,13,0,
Kearney County,US.NE.KA,13,0,
Sawyer County,US.WI.SW,12,0,
Schuyler County,US.NY.SU,12,0,
Crawford County,US.MO.CF,12,0,
Madison County,US.NC.MD,12,0,
Bollinger County,US.MO.BI,12,0,
Union County,US.TN.UO,12,0,
Richland County,US.MT.RI,12,0,
Cass County,US.MN.CS,12,2,
Livingston County,US.MO.LV,12,0,
Goliad County,US.TX.GI,12,0,
Johnston County,US.OK.JO,12,0,
Menifee County,US.KY.ME,12,0,
Woodward County,US.OK.WW,12,0,
Sanborn County,US.SD.SA,12,0,
Gilmer County,US.WV.GI,12,0,
Randolph County,US.MO.RN,12,0,
Gasconade County,US.MO.GA,12,0,
Garza County,US.TX.GR,12,0,
Monroe County,US.AR.ME,12,0,
Koochiching County,US.MN.KO,12,1,
Polk County,US.NE.PO,12,0,
Fulton County,US.AR.FU,12,0,
Stanley County,US.SD.ST,12,0,
Lassen County,US.CA.LS,12,0,
Fall River County,US.SD.FL,12,0,
Newton County,US.TX.NE,12,0,
Presque Isle County,US.MI.PR,12,0,
Taylor County,US.WI.TA,12,0,
Harrison County,US.OH.HR,12,1,
Refugio County,US.TX.RF,12,0,
Bates County,US.MO.BS,12,1,
Hot Springs County,US.WY.HO,12,0,
Hutchinson County,US.SD.HT,12,0,
Marshall County,US.MN.MS,12,0,
Benton County,US.TN.BN,12,1,
Houston County,US.TN.HO,12,0,
Sierra County,US.NM.SI,11,0,
Bon Homme County,US.SD.BH,11,0,
Sitka City and Borough,US.AK.SI,11,0,
Hyde County,US.NC.HE,11,0,
Massac County,US.IL.MA,11,0,
Greenwood County,US.KS.GW,11,0,
Churchill County,US.NV.CH,11,1,
Garrett County,US.MD.GA,11,0,
Carroll County,US.MO.CL,11,0,
Scott County,US.AR.SC,11,0,
Scotland County,US.MO.SO,11,1,
Houghton County,US.MI.HO,11,0,
Beckham County,US.OK.BC,11,0,
Cumberland County,US.IL.CU,11,0,
Roane County,US.WV.RO,11,1,
Gallia County,US.OH.GA,11,1,
Monroe County,US.WV.ME,11,0,
Spink County,US.SD.SP,11,0,
Radford city,US.VA.RD,11,0,
Lancaster County,US.VA.LA,11,0,
Lincoln County,US.NM.LI,11,0,
Brown County,US.KS.BR,11,0,
DeKalb County,US.MO.DE,11,0,
Sumner County,US.KS.SU,11,1,
Marion County,US.KS.MN,11,1,
Effingham County,US.IL.EF,11,1,
Pratt County,US.KS.PR,11,0,
Russell County,US.VA.RU,11,0,
Dimmit County,US.TX.DM,11,0,
Hamlin County,US.SD.HM,11,0,
Rusk County,US.WI.RU,11,0,
McLean County,US.ND.ML,11,0,
McCulloch County,US.TX.MC,11,0,
Meigs County,US.OH.MS,11,0,
Rolette County,US.ND.RO,10,0,
Stanton County,US.KS.ST,10,0,
Caribou County,US.ID.CR,10,0,
Grand Isle County,US.VT.GR,10,0,
Hughes County,US.OK.HU,10,0,
Livingston County,US.KY.LV,10,0,
Crook County,US.OR.CR,10,0,
Moffat County,US.CO.MF,10,0,
Furnas County,US.NE.FU,10,1,
Ramsey County,US.ND.RM,10,1,
Montgomery County,US.IA.MG,10,2,
Scott County,US.VA.SC,10,2,
Vilas County,US.WI.VI,10,0,
Wetzel County,US.WV.WT,10,0,
Dallas County,US.AR.DA,10,0,
La Salle County,US.TX.LS,10,0,
Pushmataha County,US.OK.PU,10,0,
Brown County,US.IL.BR,10,0,
Pope County,US.MN.PE,10,0,
Adams County,US.ID.AM,10,0,
Edgar County,US.IL.EG,10,0,
Lexington city,US.VA.LX,10,0,
Ouray County,US.CO.OU,10,1,
Clay County,US.WV.CY,10,1,
Valley County,US.ID.VA,10,0,
Park County,US.MT.PA,10,0,
McCook County,US.SD.MC,10,1,
Lipscomb County,US.TX.LM,9,0,
Miner County,US.SD.ME,9,0,
Republic County,US.KS.RP,9,0,
Jefferson County,US.NE.JE,9,0,
Graham County,US.NC.GH,9,0,
Llano County,US.TX.LL,9,0,
Caldwell County,US.MO.CW,9,0,
Benzie County,US.MI.BE,9,0,
Lee County,US.VA.LE,9,0,
Johnson County,US.KY.JO,9,0,
Hodgeman County,US.KS.HG,9,0,
Tyrrell County,US.NC.TY,9,0,
Clay County,US.NC.CY,9,0,
Tillamook County,US.OR.TI,9,0,
Pembina County,US.ND.PE,9,0,
Walworth County,US.SD.WA,9,0,
Rosebud County,US.MT.RS,9,1,
Orange County,US.VT.OA,9,0,
Brooke County,US.WV.BO,9,0,
Emery County,US.UT.EM,9,0,
Kimball County,US.NE.KB,9,0,
Saline County,US.IL.SE,9,0,
Latimer County,US.OK.LA,9,1,
Haskell County,US.OK.HS,9,0,
Wilbarger County,US.TX.WG,9,0,
Noble County,US.OH.NO,9,0,
Eastland County,US.TX.EA,9,0,
Lincoln County,US.WI.LI,9,0,
Decatur County,US.IA.DC,9,0,
Cedar County,US.MO.CD,9,0,
Antelope County,US.NE.AN,9,1,
Avery County,US.NC.AV,9,0,
Ralls County,US.MO.RL,9,0,
Colfax County,US.NM.CO,9,1,
Metcalfe County,US.KY.MT,9,2,
Macon County,US.MO.MN,8,0,
Marshall County,US.IL.MH,8,0,
Valley County,US.NE.VA,8,0,
Coal County,US.OK.CL,8,0,
Lincoln County,US.MT.LN,8,1,
Daviess County,US.MO.DV,8,0,
Lincoln County,US.MN.LI,8,0,
Dawson County,US.MT.DW,8,0,
Custer County,US.SD.CU,8,0,
Morgan County,US.KY.MG,8,0,
Archuleta County,US.CO.AC,8,0,
Wayne County,US.IA.WY,8,0,
Lincoln County,US.WV.LI,8,0,
Henderson County,US.IL.HD,8,0,
Rains County,US.TX.RI,8,0,
Bell County,US.KY.BL,8,0,
Madison County,US.MT.MA,8,1,
Crockett County,US.TX.CT,8,0,
Langlade County,US.WI.LN,8,0,
Adams County,US.IA.AM,8,0,
Mackinac County,US.MI.MK,8,0,
Breathitt County,US.KY.BT,8,0,
Wells County,US.ND.WE,8,0,
Los Alamos County,US.NM.LO,8,0,
Dickinson County,US.KS.DK,8,0,
Pierce County,US.NE.PI,8,0,
Kiowa County,US.OK.KO,8,1,
Nicholas County,US.WV.NI,8,1,
Columbia County,US.WA.CM,8,0,
Leslie County,US.KY.LS,8,0,
Major County,US.OK.MJ,8,1,
Crittenden County,US.KY.CT,8,1,
Wallowa County,US.OR.WW,8,0,
Greene County,US.IL.GE,8,0,
Woodson County,US.KS.WO,8,0,
Beaver County,US.UT.BV,8,0,
Rooks County,US.KS.RO,8,0,
Van Buren County,US.TN.VA,7,0,
Hanson County,US.SD.HS,7,0,
Fremont County,US.IA.FO,7,0,
Concho County,US.TX.ON,7,0,
Morton County,US.KS.MT,7,2,
Lawrence County,US.IL.LW,7,0,
Wyoming County,US.WV.WY,7,0,
Roosevelt County,US.MT.RO,7,0,
Lawrence County,US.KY.LC,7,0,
Stephens County,US.TX.SE,7,0,
Forest County,US.PA.FO,7,0,
Morgan County,US.OH.MA,7,0,
Las Animas County,US.CO.LS,7,0,
Searcy County,US.AR.SA,7,0,
Jack County,US.TX.JK,7,0,
Lewis County,US.MO.LE,7,1,
Union County,US.NM.UN,7,0,
Clearwater County,US.MN.CE,7,0,
Lake County,US.MI.LK,7,0,
Gogebic County,US.MI.GO,7,1,
Gilpin County,US.CO.GI,7,0,
Osage County,US.MO.OS,7,0,
Glascock County,US.GA.GS,7,0,
Buffalo County,US.WI.BF,7,2,
Knott County,US.KY.KT,7,0,
Crook County,US.WY.CK,7,0,
Oregon County,US.MO.OR,7,0,
Sherman County,US.KS.SH,7,0,
Pike County,US.AR.PE,7,0,
Childress County,US.TX.CD,7,0,
Craig County,US.VA.CG,7,0,
Dickinson County,US.MI.DI,7,2,
Boone County,US.NE.BO,7,0,
Hand County,US.SD.HD,7,0,
Mahnomen County,US.MN.MH,7,1,
Edmunds County,US.SD.ED,7,0,
Shannon County,US.MO.SN,7,0,
Plumas County,US.CA.PU,7,0,
Curry County,US.OR.CU,7,0,
Hemphill County,US.TX.HH,7,0,
Pershing County,US.NV.PE,6,0,
Delta County,US.TX.DT,6,0,
Johnson County,US.NE.JO,6,0,
Carter County,US.MO.CR,6,1,
Hamilton County,US.NY.HA,6,1,
Edwards County,US.KS.ED,6,0,
Sublette County,US.WY.SU,6,0,
Sargent County,US.ND.SG,6,0,
Powell County,US.KY.PO,6,0,
Clay County,US.KS.CY,6,1,
Clay County,US.TX.CY,6,0,
Pike County,US.IN.PI,6,0,
Roseau County,US.MN.RS,6,0,
Webster County,US.NE.WE,6,0,
Woodruff County,US.AR.WO,6,0,
Kane County,US.UT.KA,6,0,
Red Willow County,US.NE.RE,6,0,
Pickett County,US.TN.PI,6,0,
Jackson County,US.SD.JA,6,1,
Ottawa County,US.KS.OT,6,0,
Coos County,US.NH.CO,6,0,
Grant County,US.MN.GR,6,0,
Kingsbury County,US.SD.KI,6,0,
Mercer County,US.ND.ME,6,0,
Jefferson County,US.OK.JE,6,0,
Mercer County,US.MO.MC,6,0,
Menominee County,US.WI.MN,6,0,
Collingsworth County,US.TX.CG,6,0,
Owen County,US.KY.OE,6,0,
Carson County,US.TX.CN,6,0,
Chariton County,US.MO.CI,6,0,
Cumberland County,US.KY.CU,6,0,
McDowell County,US.WV.MC,6,0,
Bethel Census Area,US.AK.BE,6,0,
Madison County,US.MO.MD,6,0,
Quay County,US.NM.QU,6,1,
Moore County,US.TN.MO,6,0,
Franklin County,US.FL.FR,6,0,
Archer County,US.TX.AC,6,0,
Franklin County,US.NE.FA,6,0,
Lake County,US.MN.LE,6,0,
Fremont County,US.ID.FE,6,0,
Issaquena County,US.MS.IS,6,1,
Trimble County,US.KY.TM,6,0,
Iron County,US.WI.IR,6,1,
Tucker County,US.WV.TU,6,0,
Bottineau County,US.ND.BT,5,0,
Traverse County,US.MN.TR,5,0,
Chippewa County,US.MI.CP,5,0,
Carlisle County,US.KY.CE,5,1,
Broadwater County,US.MT.BR,5,0,
Baraga County,US.MI.BA,5,0,
Wayne County,US.MO.WY,5,0,
Wahkiakum County,US.WA.WH,5,0,
Cotton County,US.OK.CT,5,2,
Burke County,US.ND.BK,5,0,
Woods County,US.OK.WS,5,0,
Cheyenne County,US.CO.CE,5,0,
Clinton County,US.KY.CO,5,0,
Warren County,US.PA.WR,5,0,
Coke County,US.TX.OK,5,1,
Goshen County,US.WY.GO,5,0,
Sullivan County,US.PA.SL,5,0,
Mineral County,US.NV.MI,5,0,
Fisher County,US.TX.FH,5,1,
Howard County,US.MO.HR,5,0,
Matthews County,US.VA.MT,5,0,
Martin County,US.KY.MI,5,0,
Marshall County,US.SD.MS,5,0,
Hubbard County,US.MN.HU,5,0,
Iron County,US.MI.IR,5,1,
Runnels County,US.TX.RN,5,0,
Magoffin County,US.KY.MF,5,0,
Sioux County,US.NE.SI,5,0,
Pleasants County,US.WV.PL,5,0,
Lewis County,US.TN.LE,5,0,
Stillwater County,US.MT.ST,5,0,
Lane County,US.KS.LE,5,0,
Renville County,US.ND.RE,5,0,
Mineral County,US.CO.MI,5,0,
Hickman County,US.KY.HA,5,0,
Richardson County,US.NE.RI,5,1,
Morris County,US.KS.MR,5,0,
Newton County,US.AR.NW,5,0,
Eddy County,US.ND.ED,5,0,
Nemaha County,US.NE.NE,5,0,
Glasscock County,US.TX.GC,5,0,
Nome Census Area,US.AK.NM,5,0,
Somervell County,US.TX.SV,5,0,
Schuyler County,US.MO.SH,5,0,
Montmorency County,US.MI.MR,5,0,
Sherman County,US.NE.SM,5,0,
Monroe County,US.MO.MR,5,0,
Nicholas County,US.KY.NI,5,0,
Washburn County,US.WI.WR,4,0,
Sheridan County,US.NE.SD,4,0,
Sheridan County,US.KS.SD,4,0,
Kimble County,US.TX.KM,4,0,
Douglas County,US.MO.DO,4,0,
Richland County,US.IL.RI,4,0,
Hamilton County,US.IL.HM,4,0,
Jewell County,US.KS.JW,4,0,
Chase County,US.KS.CS,4,0,
Chautauqua County,US.KS.CQ,4,0,
San Saba County,US.TX.SS,4,0,
Idaho County,US.ID.ID,4,0,
Huerfano County,US.CO.HU,4,0,
Green County,US.KY.GN,4,1,
Haskell County,US.TX.HK,4,0,
Schoolcraft County,US.MI.SR,4,0,
Hardeman County,US.TX.RD,4,0,
Cottle County,US.TX.OT,4,1,
Douglas County,US.SD.DO,4,0,
Rice County,US.KS.RC,4,0,
Lac Qui Parle County,US.MN.LC,4,0,
North Slope Borough,US.AK.NH,4,0,
Northwest Arctic Borough,US.AK.NW,4,0,
Norton County,US.KS.NT,4,0,
Norton city,US.VA.NC,4,0,
Ness County,US.KS.NS,4,0,
Nance County,US.NE.NA,4,0,
Allen County,US.KS.AL,4,0,
Anderson County,US.KS.AN,4,0,
Oldham County,US.TX.OL,4,1,
Montgomery County,US.AR.MT,4,0,
Worth County,US.MO.WO,4,0,
Mitchell County,US.TX.MH,4,0,
Mitchell County,US.KS.MC,4,0,
McPherson County,US.SD.MP,4,0,
Wirt County,US.WV.WI,4,0,
Pend Oreille County,US.WA.PE,4,0,
Petersburg Census Area,US.AK.PB,4,1,
Bennett County,US.SD.BN,4,0,
Bent County,US.CO.BE,4,0,
Marion County,US.AR.MN,4,0,
Maries County,US.MO.MS,4,0,
Pierce County,US.ND.PI,4,0,
White Pine County,US.NV.WH,4,0,
Boise County,US.ID.BS,4,0,
White County,US.IL.WE,4,0,
Lincoln County,US.CO.LI,4,0,
Bristol city,US.VA.BI,4,0,
Tyler County,US.WV.TY,4,0,
Keith County,US.NE.KT,4,0,
Texas County,US.MO.TE,4,0,
Sutton County,US.TX.ST,4,0,
Skamania County,US.WA.SM,4,0,
Deer Lodge County,US.MT.DE,4,0,
Custer County,US.ID.CU,4,0,
Dewey County,US.SD.DW,4,0,
De Witt County,US.IL.DW,4,0,
Dickey County,US.ND.DC,4,0,
Emmons County,US.ND.EM,4,1,
Dewey County,US.OK.DW,4,0,
Estill County,US.KY.ES,4,0,
Garden County,US.NE.GD,4,0,
Dickenson County,US.VA.DC,4,0,
Hancock County,US.TN.HC,3,0,
Brooks County,US.TX.BK,3,0,
Rio Blanco County,US.CO.RB,3,0,
Piute County,US.UT.PT,3,0,
McHenry County,US.ND.MH,3,1,
Florence County,US.WI.FL,3,0,
Wrangell City and Borough,US.AK.WG,3,0,
Elliott County,US.KY.EL,3,0,
Southeast Fairbanks Census Area,US.AK.SO,3,0,
Lincoln County,US.WA.LI,3,0,
Pawnee County,US.KS.PN,3,0,
Armstrong County,US.TX.AM,3,0,
Kodiak Island Borough,US.AK.KO,3,0,
Jefferson County,US.MT.JE,3,0,
Box Butte County,US.NE.BX,3,0,
Iron County,US.MO.IR,3,0,
Hyde County,US.SD.HY,3,0,
Stevens County,US.MN.SV,3,0,
Stark County,US.IL.SA,3,0,
Alger County,US.MI.AG,3,0,
Deuel County,US.SD.DU,3,0,
Holt County,US.NE.HT,3,0,
Roberts County,US.TX.RS,3,0,
Mellette County,US.SD.ML,3,0,
Hinsdale County,US.CO.HI,3,0,
Ashland County,US.WI.AS,3,0,
Highland County,US.VA.HA,3,0,
Rich County,US.UT.RH,3,0,
Braxton County,US.WV.BX,3,0,
Coleman County,US.TX.CM,3,0,
Kiowa County,US.KS.KW,3,0,
Grant County,US.ND.GT,3,0,
Luce County,US.MI.LU,3,0,
Granite County,US.MT.GN,3,0,
Red Lake County,US.MN.RD,3,0,
Shelby County,US.MO.SB,3,0,
Essex County,US.VT.ES,3,0,
Dent County,US.MO.DN,3,0,
Golden Valley County,US.MT.GO,3,0,
Covington city,US.VA.CV,3,0,
Culberson County,US.TX.UL,3,0,
Phillips County,US.KS.PL,3,0,
Burnett County,US.WI.BN,3,1,
Smith County,US.KS.SM,3,0,
Slope County,US.ND.SL,3,0,
Benson County,US.ND.BE,3,0,
Washita County,US.OK.WT,3,0,
Menard County,US.TX.EN,3,0,
Atchison County,US.MO.AT,3,0,
Gregory County,US.SD.GE,3,0,
Bayfield County,US.WI.BY,3,1,
Greeley County,US.NE.GE,3,0,
Cameron County,US.PA.CE,3,0,
Piscataquis County,US.ME.PI,3,0,
Ellsworth County,US.KS.EW,3,0,
Briscoe County,US.TX.BO,2,0,
Reagan County,US.TX.RG,2,0,
Price County,US.WI.PC,2,0,
Dickens County,US.TX.DC,2,0,
Wolfe County,US.KY.WL,2,0,
Fergus County,US.MT.FE,2,0,
Kinney County,US.TX.KN,2,0,
Putnam County,US.MO.PN,2,0,
Owsley County,US.KY.OS,2,0,
Knox County,US.MO.KN,2,0,
Washington County,US.ME.WS,2,0,
Cavalier County,US.ND.CV,2,0,
Reynolds County,US.MO.RE,2,0,
Oliver County,US.ND.OL,2,0,
Kittson County,US.MN.KI,2,0,
Catron County,US.NM.CA,2,1,
Storey County,US.NV.ST,2,0,
Calhoun County,US.WV.CH,2,0,
Kidder County,US.ND.KI,2,0,
Lemhi County,US.ID.LM,2,0,
Dawes County,US.NE.DS,2,0,
Osborne County,US.KS.OB,2,0,
Prince of Wales-Hyder Census Area,US.AK.PH,2,0,
Ritchie County,US.WV.RI,2,0,
Alpine County,US.CA.AP,2,0,
Lincoln County,US.NV.LI,2,0,
Pondera County,US.MT.PN,2,0,
Niobrara County,US.WY.NI,2,0,
Grant County,US.OK.GN,2,0,
Harper County,US.KS.HP,2,0,
Platte County,US.WY.PL,2,0,
McIntosh County,US.ND.MI,2,0,
Comanche County,US.KS.CM,2,0,
Edwards County,US.IL.EW,2,0,
Summers County,US.WV.SU,2,0,
Trinity County,US.CA.TR,2,0,
Hall County,US.TX.HA,2,1,
Bland County,US.VA.BL,2,0,
Custer County,US.CO.CU,2,0,
Gallatin County,US.IL.GA,2,0,
Haines Borough,US.AK.HA,2,0,
Valley County,US.MT.VA,2,0,
Griggs County,US.ND.GI,2,0,
Upton County,US.TX.UP,2,0,
Clay County,US.IL.CY,2,0,
Pike County,US.IL.PK,2,0,
Clark County,US.MO.CK,2,0,
Edwards County,US.TX.ED,2,0,
Yukon-Koyukuk Census Area,US.AK.YU,2,0,
Taliaferro County,US.GA.TA,2,0,
Cheyenne County,US.KS.CN,2,0,
Foster County,US.ND.FO,2,0,
Irion County,US.TX.IR,2,0,
Treasure County,US.MT.TR,2,0,
St. Clair County,US.MO.SC,2,0,
Thomas County,US.NE.TO,1,0,
Baker County,US.OR.BA,1,0,
Wilson County,US.KS.WL,1,0,
Beaverhead County,US.MT.BE,1,0,
Billings County,US.ND.BI,1,0,
Pepin County,US.WI.PE,1,0,
Ozark County,US.MO.OZ,1,0,
Baylor County,US.TX.BR,1,0,
Banner County,US.NE.BA,1,0,
Sully County,US.SD.SU,1,0,
Ferry County,US.WA.FE,1,0,
Lincoln County,US.KS.LC,1,0,
Webster County,US.WV.WB,1,0,
Bowman County,US.ND.BW,1,0,
Barber County,US.KS.AB,1,0,
Liberty County,US.MT.LB,1,0,
Meagher County,US.MT.ME,1,0,
Boundary County,US.ID.BD,1,0,
Pope County,US.IL.PE,1,0,
Thayer County,US.NE.TA,1,0,
Logan County,US.KS.LG,1,0,
Wheatland County,US.MT.WH,1,0,
Lee County,US.KY.LE,1,0,
Putnam County,US.IL.PT,1,0,
Boyd County,US.NE.BY,1,0,
Eureka County,US.NV.EU,1,0,
Mills County,US.TX.MS,1,0,
Ziebach County,US.SD.ZI,1,0,
Knox County,US.TX.KX,1,0,
Cimarron County,US.OK.CO,1,0,
Holt County,US.MO.HL,1,0,
Hitchcock County,US.NE.HI,1,0,
Hill County,US.MT.HI,1,0,
Alfalfa County,US.OK.AL,1,0,
Frontier County,US.NE.FO,1,0,
Stafford County,US.KS.SF,1,0,
Nelson County,US.ND.NE,1,0,
Harper County,US.OK.HP,1,0,
Clearwater County,US.ID.CE,1,0,
Harney County,US.OR.HA,1,0,
San Juan County,US.CO.SJ,1,0,
Harlan County,US.NE.HR,1,0,
Harding County,US.NM.HA,1,0,
Hardin County,US.IL.HI,1,0,
Cochran County,US.TX.CC,1,0,
Nuckolls County,US.NE.NU,1,0,
Divide County,US.ND.DV,1,0,
Grant County,US.OR.GR,1,0,
Cook County,US.MN.CO,1,0,
Shackelford County,US.TX.SC,1,0,
Gove County,US.KS.GO,1,0,
Garfield County,US.NE.GF,1,0,
Sheridan County,US.ND.SH,1,0,
Sherman County,US.OR.SH,1,0,
Sierra County,US.CA.SE,1,0,
Musselshell County,US.MT.MU,1,0,
Hettinger County,US.ND.HE,1,0,
Marshall County,US.KS.MS,1,0,
Cherry County,US.NE.CH,1,0,
Washington County,US.KS.WS,1,0,
Terrell County,US.TX.TL,1,0,
Camas County,US.ID.CM,1,0,
Steele County,US.ND.SE,1,0,
Ellis County,US.OK.EL,1,0,
Rock County,US.NE.RO,1,0,
Dade County,US.MO.DD,1,0,
Calhoun County,US.IL.CH,1,0,
Chase County,US.NE.CE,1,0,
Motley County,US.TX.MY,1,0,
Jackson County,US.CO.JA,1,0,
Trego County,US.KS.TR,1,0,
Elk County,US.KS.EK,1,0,
Real County,US.TX.RL,1,0,
Keweenaw County,US.MI.KW,1,0,
Rush County,US.KS.RH,1,0,
Jeff Davis County,US.TX.JF,1,0,
Dundy County,US.NE.DY,0,0,
Perkins County,US.NE.PE,0,0,
Perkins County,US.SD.PR,0,0,
Doddridge County,US.WV.DO,0,0,
Dolores County,US.CO.DO,0,0,
Bear Lake County,US.ID.BK,0,0,
Arthur County,US.NE.AR,0,0,
Adams County,US.ND.AD,0,0,
Mineral County,US.MT.MN,0,0,
McMullen County,US.TX.MM,0,0,
Modoc County,US.CA.MC,0,0,
Ontonagon County,US.MI.ON,0,0,
Sweet Grass County,US.MT.SW,0,0,
Bath County,US.VA.BA,0,0,
Dillingham Census Area,US.AK.DI,0,0,
Aleutians East Borough,US.AK.AE,0,0,
Oneida County,US.ID.ON,0,0,
Aleutians West Census Area,US.AK.AW,0,0,
Mora County,US.NM.MO,0,0,
Pawnee County,US.NE.PA,0,0,
Yakutat City and Borough,US.AK.YA,0,0,
Teton County,US.MT.TE,0,0,
McPherson County,US.NE.MC,0,0,
McCone County,US.MT.MC,0,0,
Skagway Municipality,US.AK.SW,0,0,
Esmeralda County,US.NV.ES,0,0,
Judith Basin County,US.MT.JU,0,0,
Wallace County,US.KS.WA,0,0,
Chouteau County,US.MT.CH,0,0,
Russell County,US.KS.RS,0,0,
Sterling County,US.TX.SI,0,0,
Roger Mills County,US.OK.RR,0,0,
Foard County,US.TX.FD,0,0,
Jones County,US.SD.JO,0,0,
Kalawao County,US.HI.KL,0,0,
Hooker County,US.NE.HO,0,0,
Robertson County,US.KY.RB,0,0,
Towner County,US.ND.TO,0,0,
Daggett County,US.UT.DG,0,0,
Carter County,US.MT.CT,0,0,
Kenedy County,US.TX.KE,0,0,
Kent County,US.TX.KT,0,0,
Keya Paha County,US.NE.KY,0,0,
Hoonah-Angoon Census Area,US.AK.HH,0,0,
Clark County,US.ID.CA,0,0,
Throckmorton County,US.TX.TH,0,0,
Greeley County,US.KS.GL,0,0,
Shoshone County,US.ID.SH,0,0,
Sheridan County,US.MT.SH,0,0,
Garfield County,US.WA.GF,0,0,
Golden Valley County,US.ND.GO,0,0,
Garfield County,US.MT.GF,0,0,
Graham County,US.KS.GH,0,0,
Grant County,US.NE.GA,0,0,
Sedgwick County,US.CO.SE,0,0,
Hickory County,US.MO.HC,0,0,
Valdez-Cordova Census Area,US.AK.VA,0,0,
Scott County,US.IL.SO,0,0,
Haakon County,US.SD.HA,0,0,
Harding County,US.SD.HR,0,0,
Harmon County,US.OK.HM,0,0,
Sanders County,US.MT.SA,0,0,
Hayes County,US.NE.HY,0,0,
King County,US.TX.KG,0,0,
Kingman County,US.KS.KM,0,0,
Daniels County,US.MT.DN,0,0,
Loving County,US.TX.LI,0,0,
Fallon County,US.MT.FA,0,0,
Borden County,US.TX.BD,0,0,
Wheeler County,US.NE.WH,0,0,
Wheeler County,US.OR.WE,0,0,
Logan County,US.ND.LO,0,0,
Logan County,US.NE.LG,0,0,
Loup County,US.NE.LU,0,0,
Blaine County,US.NE.BL,0,0,
Stonewall County,US.TX.SA,0,0,
Blaine County,US.MT.BL,0,0,
Wibaux County,US.MT.WI,0,0,
Wichita County,US.KS.WH,0,0,
Denali Borough,US.AK.DE,0,0,
Phillips County,US.MT.PH,0,0,
Petroleum County,US.MT.PO,0,0,
Deuel County,US.NE.DL,0,0,
Potter County,US.SD.PO,0,0,
Decatur County,US.KS.DC,0,0,
Powder River County,US.MT.PD,0,0,
Powell County,US.MT.PL,0,0,
Campbell County,US.SD.CP,0,0,
Calhoun County,US.AR.CA,0,0,
Kiowa County,US.CO.KO,0,0,
Butte County,US.SD.BT,0,0,
Butte County,US.ID.BT,0,0,
Rawlins County,US.KS.RA,0,0,
Gilliam County,US.OR.GI,0,0,
De Baca County,US.NM.DE,0,0,
Lake and Peninsula Borough,US.AK.LA,0,0,
Brown County,US.NE.BW,0,0,
Lake of the Woods County,US.MN.LO,0,0,
Wayne County,US.UT.WE,0,0,
Bristol Bay Borough,US.AK.BR,0,0,
Lewis County,US.ID.LW,0,0,
Prairie County,US.MT.PR,0,0,
Kusilvak Census Area,US.AK.WA,0,0,
