County,hasc,confirmed,death,recovered
Los Angeles County,US.CA.LO,89490,3205,
Cook County,US.IL.CO,88138,4478,
Queens County,US.NY.QU,64881,6572,
Kings County,US.NY.KI,59111,6995,
Bronx County,US.NY.BN,47230,4658,
Nassau County,US.NY.NA,41585,2180,
Suffolk County,US.NY.SF,41101,1972,
Maricopa County,US.AZ.MA,34992,690,
Westchester County,US.NY.WE,34597,1416,
New York County,US.NY.NE,28132,3049,
Miami-Dade County,US.FL.DA,27779,926,
Harris County,US.TX.RR,24421,335,
Middlesex County,US.MA.MI,23697,1820,
Wayne County,US.MI.WY,22324,2693,
Philadelphia County,US.PA.PH,20949,1576,
Suffolk County,US.MA.SU,19628,984,
Bergen County,US.NJ.BE,19097,1714,
Hudson County,US.NJ.HD,18771,1272,
Essex County,US.NJ.ES,18617,1764,
Prince George's County,US.MD.PR,18151,662,
Dallas County,US.TX.DS,17744,324,
Passaic County,US.NJ.PA,16788,1025,
Middlesex County,US.NJ.MI,16640,1107,
Fairfield County,US.CT.FA,16527,1370,
Union County,US.NJ.UN,16297,1140,
Essex County,US.MA.ES,15920,1083,
Riverside County,US.CA.RI,14905,432,
Montgomery County,US.MD.MO,14283,728,
Richmond County,US.NY.RI,13994,1033,
Fairfax County,US.VA.FX,13588,450,
Rockland County,US.NY.RO,13534,506,
Providence County,US.RI.PR,12712,501,
New Haven County,US.CT.NH,12227,1066,
Broward County,US.FL.BO,12217,378,
Worcester County,US.MA.WO,12207,914,
Oakland County,US.MI.OD,11805,1081,
San Diego County,US.CA.SD,11626,347,
Palm Beach County,US.FL.PL,11536,482,
Clark County,US.NV.CL,11481,404,
Hartford County,US.CT.HA,11450,1356,
Hennepin County,US.MN.HE,11057,752,
Orange County,US.CA.OR,11016,299,
Marion County,US.IN.MO,10996,673,
Orange County,US.NY.OE,10669,398,
Milwaukee County,US.WI.MU,10544,377,
San Bernardino County,US.CA.SA,10407,245,
Washington,US.DC.DI,10128,541,
Ocean County,US.NJ.OC,9486,866,
Salt Lake County,US.UT.SL,9460,105,
King County,US.WA.KN,9453,604,
Lake County,US.IL.LK,9447,409,
Tarrant County,US.TX.TN,9386,211,
Mecklenburg County,US.NC.MB,9333,140,
Norfolk County,US.MA.NO,9056,923,
Monmouth County,US.NJ.MN,9008,702,
Jefferson Parish,US.LA.JF,9003,479,
DuPage County,US.IL.DU,8780,458,
Plymouth County,US.MA.PL,8610,651,
Shelby County,US.TN.SY,8490,170,
Montgomery County,US.PA.MG,8188,791,
Franklin County,US.OH.FR,8144,376,
Bristol County,US.MA.BR,8086,555,
Davidson County,US.TN.DA,8062,102,
Orleans Parish,US.LA.OR,7610,529,
Mercer County,US.NJ.ME,7572,535,
Kane County,US.IL.KE,7496,255,
Bexar County,US.TX.BX,7467,100,
Baltimore County,US.MD.BC,7363,460,
Baltimore City,US.MD.BA,7210,325,
Macomb County,US.MI.MB,7191,898,
Camden County,US.NJ.CM,7185,425,
Gwinnett County,US.GA.GW,7116,165,
Erie County,US.NY.ER,7108,568,
Delaware County,US.PA.DE,7079,643,
Prince William County,US.VA.PW,7038,136,
Hillsborough County,US.FL.HL,6892,121,
Denver County,US.CO.DN,6775,369,
Morris County,US.NJ.MR,6685,643,
Hampden County,US.MA.HD,6633,654,
Travis County,US.TX.TV,6596,114,
Douglas County,US.NE.DG,6524,83,
Yakima County,US.WA.YA,6490,146,
Will County,US.IL.WL,6459,313,
Pima County,US.AZ.PM,6318,255,
Fulton County,US.GA.FU,6125,303,
Orange County,US.FL.OR,6056,53,
Cuyahoga County,US.OH.CU,5964,343,
St. Louis County,US.MO.SL,5721,554,
Bucks County,US.PA.BC,5619,559,
Polk County,US.IA.PK,5593,169,
Imperial County,US.CA.IM,5549,70,
Alameda County,US.CA.AA,5275,122,
DeKalb County,US.GA.DA,5179,167,
Burlington County,US.NJ.BU,5068,373,
Arapahoe County,US.CO.AA,5022,342,
Anne Arundel County,US.MD.AN,4956,201,
Yuma County,US.AZ.YU,4915,68,
Somerset County,US.NJ.SO,4819,443,
El Paso County,US.TX.EP,4809,122,
New Castle County,US.DE.NE,4720,240,
Kent County,US.MI.KN,4666,129,
East Baton Rouge Parish,US.LA.EB,4637,266,
Lake County,US.IN.LK,4525,238,
Sussex County,US.DE.SU,4519,175,
Berks County,US.PA.BK,4453,347,
Ramsey County,US.MN.RA,4424,215,
Pinellas County,US.FL.PI,4387,132,
Cobb County,US.GA.CB,4294,236,
Wake County,US.NC.WK,4253,44,
Hamilton County,US.OH.HM,4189,189,
Dutchess County,US.NY.DU,4158,151,
Lancaster County,US.PA.LN,4152,352,
Lehigh County,US.PA.LH,4130,284,
Kern County,US.CA.KE,4108,63,
Greenville County,US.SC.GV,4066,77,
Adams County,US.CO.AD,3971,154,
Lee County,US.FL.LE,3944,148,
Fresno County,US.CA.FR,3892,71,
Santa Clara County,US.CA.SL,3832,154,
Loudoun County,US.VA.LD,3683,84,
Jefferson County,US.KY.JF,3682,185,
Monroe County,US.NY.MR,3567,240,
Chester County,US.PA.CH,3559,319,
Minnehaha County,US.SD.MN,3550,56,
Tulare County,US.CA.TL,3533,118,
Collier County,US.FL.CL,3456,67,
Utah County,US.UT.UT,3447,22,
Montgomery County,US.AL.MT,3441,90,
Duval County,US.FL.DU,3419,62,
Snohomish County,US.WA.SN,3346,165,
Northampton County,US.PA.NA,3339,259,
Durham County,US.NC.DH,3319,60,
San Francisco County,US.CA.SF,3249,48,
Navajo County,US.AZ.NA,3248,114,
Jefferson County,US.AL.JE,3232,130,
Mobile County,US.AL.MB,3186,135,
McKinley County,US.NM.MC,3179,161,
Fort Bend County,US.TX.FR,3176,50,
Hillsborough County,US.NH.HI,3163,226,
Jackson County (including other portions of Kansas City),US.MO.JC,3133,54,
Woodbury County,US.IA.WO,3087,43,
Hall County,US.GA.HL,3037,58,
Caddo Parish,US.LA.CO,2995,228,
San Mateo County,US.CA.SM,2961,104,
Winnebago County,US.IL.WN,2911,88,
Cumberland County,US.NJ.CU,2908,126,
Luzerne County,US.PA.LU,2874,173,
Richland County,US.SC.RI,2859,80,
Potter County,US.TX.PT,2838,37,
Pinal County,US.AZ.PN,2778,55,
Atlantic County,US.NJ.AT,2771,192,
Washington County,US.AR.WA,2767,23,
Weld County,US.CO.WE,2746,136,
San Joaquin County,US.CA.SJ,2742,49,
Tulsa County,US.OK.TU,2742,66,
Onondaga County,US.NY.OG,2734,163,
Marion County,US.OH.MR,2714,35,
Chesterfield County,US.VA.CD,2710,49,
Elkhart County,US.IN.EL,2705,40,
Forsyth County,US.NC.FO,2679,31,
Genesee County,US.MI.GE,2668,285,
Brown County,US.WI.BW,2661,40,
Santa Barbara County,US.CA.SB,2590,27,
Jefferson County,US.CO.JE,2569,207,
Guilford County,US.NC.GU,2527,110,
Lucas County,US.OH.LU,2527,299,
Contra Costa County,US.CA.CN,2523,67,
Gloucester County,US.NJ.GL,2497,172,
Allen County,US.IN.AL,2466,97,
Henrico County,US.VA.HC,2463,138,
Polk County,US.FL.PO,2454,80,
Sacramento County,US.CA.SC,2440,66,
Arlington County,US.VA.AR,2438,126,
Howard County,US.MD.HO,2436,81,
Frederick County,US.MD.FR,2425,116,
Charleston County,US.SC.CS,2416,21,
Horry County,US.SC.HO,2370,42,
Pierce County,US.WA.PI,2361,96,
Collin County,US.TX.CI,2359,38,
Oklahoma County,US.OK.OL,2317,65,
Denton County,US.TX.DN,2302,36,
Washoe County,US.NV.WA,2286,74,
Allegheny County,US.PA.AL,2284,180,
Ventura County,US.CA.VE,2260,44,
Alexandria City,US.VA.AX,2258,50,
San Juan County,US.NM.SJ,2250,157,
Kings County,US.CA.KI,2234,20,
Rutherford County,US.TN.RU,2211,33,
Benton County,US.AR.BE,2196,14,
Apache County,US.AZ.AP,2194,73,
Hamilton County,US.TN.HL,2176,29,
El Paso County,US.CO.EL,2173,109,
Cass County,US.ND.CS,2171,65,
City of St. Louis,US.MO.SY,2170,148,
Pickaway County,US.OH.PC,2148,41,
Stearns County,US.MN.SR,2140,19,
Manatee County,US.FL.MN,2132,127,
St. Tammany Parish,US.LA.ST,2131,172,
Hidalgo County,US.TX.HG,2130,25,
Racine County,US.WI.RA,2114,61,
Richmond City,US.VA.RC,2071,29,
Ouachita Parish,US.LA.OU,2066,71,
Albany County,US.NY.AB,2065,108,
Galveston County,US.TX.GV,2040,40,
Wyandotte County,US.KS.WY,2030,78,
Hays County,US.TX.HY,2001,5,
Dakota County,US.MN.DA,1982,84,
Ford County,US.KS.FO,1963,10,
Walker County,US.TX.WK,1950,28,
Anoka County,US.MN.AN,1940,103,
Multnomah County,US.OR.MU,1938,68,
McHenry County,US.IL.MY,1937,93,
Black Hawk County,US.IA.BL,1919,56,
Bernalillo County,US.NM.BE,1879,84,
Dougherty County,US.GA.DH,1866,153,
Dauphin County,US.PA.DA,1864,127,
Brazoria County,US.TX.BI,1838,19,
Summit County,US.OH.SU,1809,202,
Stanislaus County,US.CA.ST,1789,38,
Ulster County,US.NY.UL,1760,81,
Cameron County,US.TX.CA,1758,50,
Dakota County,US.NE.DK,1745,30,
Clayton County,US.GA.CN,1740,79,
Montgomery County,US.TX.MG,1737,34,
St. Joseph County,US.IN.SN,1705,59,
Wayne County,US.NC.WY,1703,24,
Tuscaloosa County,US.AL.TU,1680,35,
Mahoning County,US.OH.MH,1680,226,
Buena Vista County,US.IA.BV,1673,10,
St. Clair County,US.IL.SI,1671,130,
Lafayette Parish,US.LA.LY,1654,36,
Lancaster County,US.NE.LA,1649,10,
Hinds County,US.MS.HI,1646,34,
Martin County,US.FL.MT,1639,22,
Lackawanna County,US.PA.LC,1638,201,
Nobles County,US.MN.NB,1635,6,
Washtenaw County,US.MI.WS,1633,103,
Kent County,US.DE.KE,1628,89,
Cass County,US.IN.CS,1625,9,
Seminole County,US.FL.SE,1624,16,
Lexington County,US.SC.LX,1619,44,
Coconino County,US.AZ.CO,1611,91,
Pulaski County,US.AR.PU,1607,53,
Hall County,US.NE.HL,1577,45,
Cumberland County,US.ME.CU,1564,59,
Finney County,US.KS.FI,1558,10,
Lubbock County,US.TX.LU,1547,51,
Santa Cruz County,US.AZ.SA,1538,14,
Barnstable County,US.MA.BA,1525,140,
Benton County,US.WA.BE,1524,75,
Williamson County,US.TX.WM,1498,32,
Jefferson County,US.TX.JE,1486,32,
Ada County,US.ID.AA,1484,23,
Trousdale County,US.TN.TR,1469,5,
Litchfield County,US.CT.LI,1469,136,
Sullivan County,US.NY.SL,1447,35,
Oneida County,US.NY.OD,1445,91,
Rockingham County,US.NH.RO,1443,85,
Kenosha County,US.WI.KN,1436,40,
Johnson County,US.KS.JO,1409,81,
Rapides Parish,US.LA.RA,1408,55,
Franklin County,US.WA.FR,1406,31,
Muscogee County,US.GA.MG,1400,40,
York County,US.PA.YO,1400,40,
Warren County,US.KY.WR,1398,10,
Hamilton County,US.IN.HM,1398,97,
Monterey County,US.CA.MT,1397,12,
Montgomery County,US.OH.MT,1392,21,
Monroe County,US.PA.MR,1384,108,
Marion County,US.OR.MR,1378,36,
Manassas City,US.VA.MS,1370,16,
Duplin County,US.NC.DP,1369,20,
Volusia County,US.FL.VO,1369,53,
Charles County,US.MD.CH,1341,86,
Hendricks County,US.IN.HD,1337,95,
St. Lucie County,US.FL.SL,1333,43,
Cache County,US.UT.CA,1328,1,
Escambia County,US.FL.ES,1312,43,
Putnam County,US.NY.PU,1306,62,
Brazos County,US.TX.BZ,1305,25,
Boulder County,US.CO.BO,1305,71,
Spartanburg County,US.SC.SP,1278,44,
Lebanon County,US.PA.LB,1278,42,
Middlesex County,US.CT.MI,1273,179,
Butler County,US.OH.BU,1269,40,
Fayette County,US.KY.FA,1240,20,
Dane County,US.WI.DA,1235,32,
Sumner County,US.TN.SN,1231,51,
Troup County,US.GA.TP,1228,29,
Saginaw County,US.MI.SG,1224,123,
Warren County,US.NJ.WA,1222,144,
Osceola County,US.FL.OS,1222,24,
New London County,US.CT.NL,1219,102,
Johnston County,US.NC.JH,1208,29,
Johnson County,US.IN.JO,1205,117,
Niagara County,US.NY.NI,1199,85,
Marshall County,US.AL.MS,1192,9,
Tangipahoa Parish,US.LA.TA,1184,43,
Sussex County,US.NJ.SU,1180,153,
Kent County,US.RI.KE,1169,72,
Kankakee County,US.IL.KK,1168,62,
Cherokee County,US.GA.CE,1158,43,
Washington County,US.OR.WI,1151,20,
Leavenworth County,US.KS.LV,1137,7,
Robeson County,US.NC.RB,1114,31,
Linn County,US.IA.LI,1112,80,
Sarasota County,US.FL.SR,1091,95,
Pasco County,US.FL.PS,1084,17,
Dallas County,US.IA.DL,1084,29,
Carroll County,US.MD.CR,1082,109,
Randolph County,US.NC.RA,1077,28,
Rowan County,US.NC.RW,1076,38,
Harford County,US.MD.HA,1072,61,
Henry County,US.GA.HY,1070,31,
Ascension Parish,US.LA.AE,1070,58,
Spokane County,US.WA.SP,1069,38,
Solano County,US.CA.SN,1064,23,
Hunterdon County,US.NJ.HN,1064,67,
Sarpy County,US.NE.SY,1060,8,
Waukesha County,US.WI.WK,1056,37,
Lafourche Parish,US.LA.LO,1056,83,
Cumberland County,US.NC.CU,1053,39,
Wicomico County,US.MD.WI,1053,39,
Virginia Beach City,US.VA.VI,1038,27,
Lincoln County,US.AR.LC,1036,11,
Madison County,US.MS.MD,1034,31,
Accomack County,US.VA.AC,1034,14,
Brevard County,US.FL.BE,1022,17,
Lowndes County,US.GA.LW,1018,7,
Kalamazoo County,US.MI.KA,1017,67,
Florence County,US.SC.FL,1014,47,
Marin County,US.CA.MN,1014,18,
Anderson County,US.TX.AE,1013,2,
Calcasieu Parish,US.LA.CC,1010,54,
Webb County,US.TX.WB,1003,23,
Union County,US.NC.UN,995,23,
Alamance County,US.NC.AA,994,36,
DeSoto County,US.MS.DE,990,15,
Marshall County,US.IA.MS,988,18,
Columbiana County,US.OH.CL,984,59,
Texas County,US.OK.TE,983,6,
Ottawa County,US.MI.OT,977,51,
Lee County,US.AL.LE,976,36,
St. Charles County,US.MO.SA,974,73,
Sedgwick County,US.KS.SG,974,26,
Seward County,US.KS.SW,968,2,
Jones County,US.MS.JO,965,48,
Stark County,US.OH.ST,963,107,
Sonoma County,US.CA.SO,956,5,
Hampshire County,US.MA.HS,950,108,
Stafford County,US.VA.SF,949,5,
Beaufort County,US.SC.BA,947,17,
Davis County,US.UT.DA,938,4,
Olmsted County,US.MN.OL,938,15,
Chatham County,US.GA.CM,936,35,
Washington County,US.UT.WN,936,3,
Burke County,US.NC.BK,934,17,
Sampson County,US.NC.SP,932,5,
St. John the Baptist Parish,US.LA.SO,930,86,
Kendall County,US.IL.KA,928,20,
Bell County,US.TX.BL,925,11,
Spotsylvania County,US.VA.SP,924,26,
Washington County,US.MN.WH,917,39,
Neshoba County,US.MS.NS,916,62,
York County,US.SC.YO,913,11,
Cabarrus County,US.NC.CR,912,27,
Harrisonburg City,US.VA.HS,901,23,
Chatham County,US.NC.CH,901,42,
Tolland County,US.CT.TO,898,64,
Ingham County,US.MI.IH,896,29,
Franklin County,US.PA.FR,896,42,
Moore County,US.TX.MO,881,12,
Lorain County,US.OH.LR,878,66,
Terrebonne Parish,US.LA.TR,874,60,
Douglas County,US.CO.DU,873,52,
Sumter County,US.SC.SU,866,21,
Shelby County,US.AL.SH,862,23,
Whitfield County,US.GA.WF,857,10,
Lauderdale County,US.MS.LU,856,78,
Berrien County,US.MI.BN,855,60,
Dawson County,US.NE.DN,854,7,
Mohave County,US.AZ.MO,841,78,
Madison County,US.IL.MD,841,68,
Williamson County,US.TN.WL,840,14,
Lake County,US.FL.LK,838,21,
Gaston County,US.NC.GS,837,11,
Johnson County,US.IA.JH,833,8,
Mower County,US.MN.MW,828,2,
Morgan County,US.AL.MG,825,2,
Buchanan County,US.MO.BC,819,3,
Rock County,US.WI.RO,816,23,
Nueces County,US.TX.NU,813,6,
Cumberland County,US.PA.CU,809,61,
Rock Island County,US.IL.RO,809,28,
Alachua County,US.FL.AL,807,11,
Franklin County,US.AL.FR,803,10,
Culpeper County,US.VA.CP,803,9,
Champaign County,US.IL.CM,801,12,
Douglas County,US.GA.DL,799,35,
Davidson County,US.NC.DD,797,15,
Hendry County,US.FL.HR,796,24,
St. Francis County,US.AR.SI,795,3,
Muskegon County,US.MI.MG,793,49,
Randall County,US.TX.RA,793,6,
Colquitt County,US.GA.CQ,792,18,
Chesapeake City,US.VA.CS,792,16,
Richmond County,US.GA.RI,789,48,
Madison County,US.AL.MD,775,6,
Schenectady County,US.NY.SN,772,33,
Norfolk City,US.VA.NF,771,7,
Livingston Parish,US.LA.LV,768,36,
Rice County,US.MN.RI,761,4,
Dona Ana County,US.NM.DO,760,8,
Trumbull County,US.OH.TR,756,56,
Granville County,US.NC.GN,755,17,
Salem County,US.NJ.SA,750,67,
Forrest County,US.MS.FO,742,42,
Kenton County,US.KY.KE,741,36,
Walker County,US.AL.WK,741,12,
Merced County,US.CA.MD,741,10,
Knox County,US.TN.KN,740,5,
Berkeley County,US.SC.BK,740,20,
Cleveland County,US.OK.CV,735,40,
Lee County,US.NC.LE,731,7,
Forsyth County,US.GA.FO,728,14,
Acadia Parish,US.LA.AD,726,35,
Robertson County,US.TN.RB,722,10,
Schuylkill County,US.PA.SC,721,43,
Bossier Parish,US.LA.BO,720,28,
Elmore County,US.AL.EL,720,12,
Weber County,US.UT.WB,719,10,
Scott County,US.MS.SC,709,14,
St. Charles Parish,US.LA.SC,699,46,
Cape May County,US.NJ.CP,697,63,
Clark County,US.OH.CK,697,8,
Sandoval County,US.NM.SD,693,29,
Dallas County,US.AL.DL,692,7,
Wapello County,US.IA.WP,691,28,
Lake County,US.TN.LK,690,0,
Larimer County,US.CO.LR,686,29,
Ellis County,US.TX.EI,684,19,
Iberville Parish,US.LA.IV,677,43,
Putnam County,US.TN.PU,675,7,
Clark County,US.WA.CR,671,29,
Broome County,US.NY.BO,671,58,
Eagle County,US.CO.EA,665,8,
Titus County,US.TX.TU,665,4,
Dodge County,US.NE.DE,664,8,
Colfax County,US.NE.CO,663,4,
Rockingham County,US.VA.RG,663,9,
Jefferson County,US.AR.JE,661,28,
Wilson County,US.TN.WO,658,15,
Platte County,US.NE.PL,651,3,
Carroll County,US.GA.CL,651,39,
Morgan County,US.CO.MN,649,46,
Habersham County,US.GA.HB,648,35,
Bibb County,US.GA.BI,647,38,
Crawford County,US.IA.CW,643,2,
Clackamas County,US.OR.CC,640,24,
Pickens County,US.SC.PI,639,4,
Rankin County,US.MS.RA,636,12,
Bartow County,US.GA.BT,636,40,
Logan County,US.CO.LO,635,5,
Washington County,US.MD.WA,634,26,
Beaver County,US.PA.BA,634,78,
Wilson County,US.NC.WO,633,18,
Porter County,US.IN.PR,630,36,
Warren County,US.OH.WR,629,20,
New Hanover County,US.NC.NE,626,5,
Pottawattamie County,US.IA.PT,626,11,
Winnebago County,US.WI.WA,626,11,
Madison County,US.IN.MD,624,63,
Lee County,US.AR.LE,621,1,
Crittenden County,US.AR.CD,621,10,
Charlotte County,US.FL.CH,617,76,
Bledsoe County,US.TN.BE,616,1,
Tift County,US.GA.TI,614,25,
Leon County,US.FL.LO,614,8,
Sevier County,US.AR.SV,614,6,
Washington Parish,US.LA.WO,607,45,
St. Mary's County,US.MD.SA,606,48,
Scott County,US.MN.SC,603,4,
Pitt County,US.NC.PI,602,5,
Coweta County,US.GA.CA,601,15,
St. Bernard Parish,US.LA.SE,601,23,
Catawba County,US.NC.CB,600,10,
Clark County,US.IN.CK,600,43,
Chittenden County,US.VT.CH,598,39,
Jones County,US.TX.JN,596,0,
Iredell County,US.NC.IR,593,7,
Berkshire County,US.MA.BE,591,44,
Muscatine County,US.IA.MU,590,43,
Windham County,US.CT.WI,588,14,
St. Martin Parish,US.LA.SR,586,26,
Honolulu County,US.HI.HO,584,11,
Butler County,US.AL.BT,584,27,
Monroe County,US.MI.MO,583,21,
Kershaw County,US.SC.KE,580,15,
Boone County,US.KY.BO,580,23,
Tipton County,US.TN.TI,571,4,
Orange County,US.NC.OR,568,41,
Bartholomew County,US.IN.BA,568,43,
Orangeburg County,US.SC.OR,567,9,
Westmoreland County,US.PA.WE,563,38,
Kandiyohi County,US.MN.KD,561,1,
Boone County,US.IL.BO,560,21,
Wilkes County,US.NC.WE,560,6,
Placer County,US.CA.PA,556,10,
Whatcom County,US.WA.WA,554,40,
Buckingham County,US.VA.BK,553,4,
Erie County,US.PA.ER,551,9,
St. Johns County,US.FL.SJ,548,7,
Livingston County,US.MI.LI,548,28,
Shenandoah County,US.VA.SN,547,27,
Canyon County,US.ID.CN,546,6,
Tippecanoe County,US.IN.TP,544,8,
Shawnee County,US.KS.SN,543,9,
Chambers County,US.AL.CM,543,27,
Story County,US.IA.ST,542,3,
Sumter County,US.GA.SU,541,50,
Houston County,US.GA.HO,541,22,
Saratoga County,US.NY.SR,538,15,
Clay County,US.MN.CA,537,37,
Grayson County,US.TX.GO,537,5,
Harnett County,US.NC.HT,536,30,
Iberia Parish,US.LA.II,535,42,
Newton County,US.GA.NE,534,11,
Rensselaer County,US.NY.RE,534,31,
Twin Falls County,US.ID.TW,532,25,
St. Clair County,US.MI.SA,532,49,
Tallapoosa County,US.AL.TP,531,70,
St. Landry Parish,US.LA.SL,530,57,
Saline County,US.NE.SL,530,2,
DeKalb County,US.IL.DK,527,18,
Blaine County,US.ID.BL,524,5,
Washington County,US.RI.WA,523,50,
Clay County,US.FL.CY,523,33,
Walworth County,US.WI.WL,522,18,
Henderson County,US.NC.HN,522,49,
Yavapai County,US.AZ.YA,521,7,
Paulding County,US.GA.PA,518,15,
Buncombe County,US.NC.BO,514,29,
Calhoun County,US.MI.CU,514,31,
Harrison County,US.MS.HR,514,7,
DeSoto County,US.FL.DE,513,10,
Leake County,US.MS.LK,510,17,
Howard County,US.IN.HO,509,50,
Belmont County,US.OH.BE,506,21,
Anderson County,US.SC.AN,505,10,
Beadle County,US.SD.BA,504,6,
Copiah County,US.MS.CP,503,12,
Holmes County,US.MS.HO,496,39,
LaPorte County,US.IN.LA,494,25,
Muhlenberg County,US.KY.MU,492,8,
Kaufman County,US.TX.KU,490,4,
Pike County,US.PA.PI,489,20,
Jackson County,US.MI.JA,489,30,
Sevier County,US.TN.SV,489,3,
Skagit County,US.WA.SG,488,15,
Columbus County,US.NC.CM,484,35,
Lyon County,US.KS.LY,481,6,
Coffee County,US.GA.CF,479,16,
York County,US.ME.YO,478,11,
Yell County,US.AR.YE,475,3,
Pennington County,US.SD.PN,475,12,
Vance County,US.NC.VA,475,35,
Summit County,US.UT.SU,474,0,
San Luis Obispo County,US.CA.SS,473,1,
Autauga County,US.AL.AU,469,11,
Guadalupe County,US.TX.GU,467,1,
Scott County,US.IA.SC,467,10,
Marion County,US.FL.MI,467,10,
Baldwin County,US.AL.BD,464,9,
Baldwin County,US.GA.BD,464,32,
Newport News City,US.VA.NN,463,10,
Dubuque County,US.IA.DU,462,22,
Frederick County,US.VA.FK,461,4,
Floyd County,US.GA.FL,461,15,
Etowah County,US.AL.ET,461,12,
Cecil County,US.MD.CE,460,29,
Indian River County,US.FL.IN,457,15,
Okaloosa County,US.FL.OA,457,6,
Androscoggin County,US.ME.AN,455,4,
Columbia County,US.NY.CU,454,47,
Midland County,US.TX.ID,454,14,
Dorchester County,US.SC.DO,452,3,
DeKalb County,US.AL.DA,449,5,
Barrow County,US.GA.BW,449,25,
Tuscarawas County,US.OH.TU,449,10,
Peoria County,US.IL.PI,447,26,
Franklin Parish,US.LA.FR,447,14,
Wayne County,US.MS.WY,446,8,
Bedford County,US.TN.BD,445,4,
Dodge County,US.WI.DD,444,5,
Mitchell County,US.GA.MT,442,38,
Cochise County,US.AZ.CH,441,6,
Delaware County,US.OH.DL,441,15,
Jackson County,US.MS.JC,439,16,
Berkeley County,US.WV.BE,438,10,
Leflore County,US.MS.LL,434,48,
Medina County,US.OH.MD,434,31,
Fairfield County,US.OH.FI,433,15,
Jackson County,US.IN.JC,433,3,
Tama County,US.IA.TM,432,29,
Oktibbeha County,US.MS.OK,431,20,
Lowndes County,US.AL.LO,429,18,
Jefferson County,US.MO.JE,428,19,
Clarke County,US.GA.CK,428,15,
Angelina County,US.TX.AG,426,6,
Portsmouth City,US.VA.PR,426,16,
Sioux County,US.IA.SI,423,0,
McDonald County,US.MO.MA,422,1,
McLennan County,US.TX.ML,421,5,
Manassas Park city,US.VA.MP,416,5,
Outagamie County,US.WI.OU,415,8,
Craighead County,US.AR.CG,415,6,
Fauquier County,US.VA.FQ,415,6,
Grant County,US.WA.GN,414,6,
Surry County,US.NC.SU,413,2,
LaGrange County,US.IN.LG,412,6,
Yazoo County,US.MS.YZ,412,6,
Delaware County,US.IN.DL,412,47,
Ashtabula County,US.OH.AB,412,42,
Miami County,US.OH.MM,411,30,
Hanover County,US.VA.HV,410,25,
St. Mary Parish,US.LA.SM,410,37,
Wright County,US.MN.WR,409,3,
Shelby County,US.IN.SH,408,24,
Montgomery County,US.TN.MT,407,6,
Daviess County,US.KY.DA,407,8,
Rockdale County,US.GA.RO,407,10,
Glynn County,US.GA.GY,406,3,
Kosciusko County,US.IN.KO,406,2,
Bradley County,US.TN.BR,406,3,
Bowie County,US.TX.BW,406,11,
Lee County,US.MS.LE,403,15,
Calvert County,US.MD.CL,402,25,
Merrimack County,US.NH.ME,400,18,
Boone County,US.IN.BO,400,41,
Lowndes County,US.MS.LO,399,10,
Columbia County,US.PA.CO,398,33,
Sangamon County,US.IL.SM,397,31,
Thomas County,US.GA.TH,397,32,
Lincoln County,US.MS.LI,396,32,
Hot Spring County,US.AR.HT,396,0,
Ector County,US.TX.EC,396,7,
Russell County,US.AL.RU,395,0,
Union Parish,US.LA.UN,395,23,
Todd County,US.MN.TO,394,2,
Hancock County,US.IN.HC,394,34,
Darlington County,US.SC.DA,393,14,
Smith County,US.TX.SM,392,4,
Greenwood County,US.SC.GW,392,6,
Brunswick County,US.NC.BS,391,3,
San Juan County,US.UT.SJ,389,7,
Wasatch County,US.UT.WA,389,3,
Yolo County,US.CA.YO,386,24,
Lee County,US.GA.LE,385,22,
Washington County,US.OK.WN,385,38,
Suffolk City,US.VA.SO,385,34,
Houston County,US.AL.HO,384,5,
Noble County,US.IN.NO,383,28,
Bay County,US.MI.BY,381,29,
East Carroll Parish,US.LA.EC,381,0,
Lake County,US.OH.LK,381,14,
Comanche County,US.OK.CM,381,5,
Portage County,US.OH.PO,379,58,
Shelby County,US.KY.SH,378,7,
Nash County,US.NC.NA,378,4,
Pike County,US.AL.PK,378,4,
Clarendon County,US.SC.CN,378,42,
Moore County,US.NC.ME,377,12,
Clay County,US.MO.CY,375,8,
Marshall County,US.IN.MS,374,3,
Grand Forks County,US.ND.GD,373,4,
Bastrop County,US.TX.BP,373,5,
Santa Rosa County,US.FL.SA,371,9,
Madera County,US.CA.ME,370,5,
Columbia County,US.GA.CI,369,9,
Geauga County,US.OH.GE,369,40,
Pueblo County,US.CO.PU,368,26,
Ware County,US.GA.WE,365,15,
Pope County,US.AR.PP,363,3,
Chattahoochee County,US.GA.CH,363,0,
Walton County,US.GA.WA,363,27,
McCurtain County,US.OK.MU,363,2,
Spalding County,US.GA.SD,362,32,
Webster Parish,US.LA.WR,361,9,
Roanoke city,US.VA.RO,359,9,
Franklin County,US.MA.FR,359,53,
Vanderburgh County,US.IN.VA,359,6,
Albemarle County,US.VA.AB,359,8,
Warren County,US.MS.WR,358,15,
Municipality of Anchorage,US.AK.AN,355,6,
Louisa County,US.IA.LO,355,13,
Lamar County,US.MS.LM,355,7,
Starr County,US.TX.SR,355,3,
Madison County,US.NE.MA,355,4,
Williamsburg County,US.SC.WI,354,15,
Nacogdoches County,US.TX.NC,353,26,
Floyd County,US.IN.FL,350,43,
Greensville County,US.VA.GS,350,7,
Suwannee County,US.FL.SW,349,18,
Madison County,US.NY.MA,347,9,
Lancaster County,US.SC.LN,346,10,
Victoria County,US.TX.VI,346,8,
Lenoir County,US.NC.LN,344,10,
Licking County,US.OH.LI,344,11,
Wood County,US.OH.WO,344,51,
Upson County,US.GA.UP,343,43,
Jackson County,US.FL.JA,342,2,
Wright County,US.IA.WG,341,0,
Fremont County,US.WY.FR,340,9,
Faulkner County,US.AR.FA,339,3,
Attala County,US.MS.AT,338,23,
St. James Parish,US.LA.SJ,338,28,
Wayne County,US.OH.WE,338,52,
Bullock County,US.AL.BL,336,10,
Chesterfield County,US.SC.CF,335,12,
Assumption Parish,US.LA.AS,334,14,
Jasper County,US.MO.JS,334,0,
Cullman County,US.AL.CU,334,3,
Hardee County,US.FL.HD,334,2,
Bladen County,US.NC.BL,333,2,
Jackson County,US.GA.JC,333,8,
Umatilla County,US.OR.UM,333,4,
Hoke County,US.NC.HO,332,3,
Gadsden County,US.FL.GA,332,6,
Comal County,US.TX.OM,332,7,
Santa Cruz County,US.CA.SZ,330,2,
Brown County,US.SD.BW,330,2,
Coffee County,US.AL.CF,330,1,
Washington County,US.WI.WN,330,14,
Washington County,US.MS.WS,329,9,
Caldwell County,US.NC.CL,328,4,
Craven County,US.NC.CN,328,6,
Gordon County,US.GA.GO,327,18,
Lincoln County,US.SD.LI,326,1,
Newton County,US.MS.NW,325,8,
Lauderdale County,US.AL.LU,325,4,
Jackson County,US.IL.JC,325,19,
De Soto Parish,US.LA.DE,324,18,
Colbert County,US.AL.CL,323,5,
Madison Parish,US.LA.MA,322,2,
Adams County,US.PA.AD,321,12,
Coryell County,US.TX.CL,321,2,
Hunt County,US.TX.HT,319,5,
Monroe County,US.MS.MR,318,28,
La Crosse County,US.WI.LA,316,0,
Hamilton County,US.FL.HM,315,2,
Johnson County,US.TX.JH,314,4,
Gregg County,US.TX.GE,313,12,
Taylor County,US.TX.TA,313,5,
Grimes County,US.TX.GM,312,2,
Fayette County,US.GA.FY,308,16,
Morgan County,US.IN.MG,307,30,
Carver County,US.MN.CV,305,1,
Jasper County,US.IA.JS,304,17,
Georgetown County,US.SC.GR,303,3,
Aiken County,US.SC.AI,302,9,
Allegan County,US.MI.AL,301,6,
Lincoln County,US.OR.LC,301,2,
Newton County,US.MO.NT,301,2,
Winchester city,US.VA.WH,300,3,
Sumter County,US.FL.SM,299,17,
Walker County,US.GA.WK,299,9,
Sebastian County,US.AR.SB,298,2,
Pike County,US.MS.PI,298,11,
Stanly County,US.NC.SN,298,5,
Caroline County,US.MD.CO,297,3,
Limestone County,US.AL.LI,297,0,
Fond du Lac County,US.WI.FN,297,6,
Richmond County,US.VA.RI,295,4,
Franklin County,US.NC.FR,295,21,
Worth County,US.GA.WO,294,21,
Payne County,US.OK.PY,294,1,
Newport County,US.RI.NE,294,2,
Clermont County,US.OH.CE,294,6,
Catoosa County,US.GA.CS,293,6,
Chelan County,US.WA.CH,293,6,
Lincoln Parish,US.LA.LN,290,18,
Lafayette County,US.MS.LY,289,4,
La Paz County,US.AZ.LA,289,4,
Barbour County,US.AL.BR,288,1,
Boone County,US.MO.BO,288,2,
Marlboro County,US.SC.ML,287,4,
Union County,US.OR.UN,287,0,
Eaton County,US.MI.EA,287,7,
Caldwell County,US.TX.CW,286,1,
Strafford County,US.NH.ST,286,13,
Yadkin County,US.NC.YD,286,4,
Richland County,US.OH.RI,285,4,
Edgecombe County,US.NC.ED,284,9,
Broomfield County and City,US.CO.BR,284,29,
Harris County,US.GA.HI,284,9,
Adams County,US.NE.AD,283,10,
Northumberland County,US.PA.NU,281,5,
Grant County,US.IN.GA,280,26,
Lyon County,US.MN.LY,279,2,
Harrison County,US.TX.HR,279,22,
Randolph County,US.IL.RA,278,7,
Worcester County,US.MD.WO,278,16,
Saline County,US.MO.SI,278,4,
Butler County,US.PA.BT,277,13,
Sherburne County,US.MN.SH,277,4,
Laurens County,US.SC.LU,277,4,
Orleans County,US.NY.OL,277,51,
Hampton city,US.VA.HM,276,5,
East Feliciana Parish,US.LA.EF,276,33,
Rockwall County,US.TX.RC,276,11,
Okeechobee County,US.FL.OE,276,0,
Montgomery County,US.IN.MM,275,19,
Lapeer County,US.MI.LP,274,31,
Clinton County,US.IN.CI,274,1,
Halifax County,US.NC.HL,272,4,
Sumter County,US.AL.SU,272,12,
Carbon County,US.PA.CB,271,25,
Highlands County,US.FL.HG,270,10,
Kanawha County,US.WV.KA,270,20,
Fairfield County,US.SC.FA,269,21,
Northampton County,US.VA.NA,269,28,
Hale County,US.AL.HA,269,19,
Warren County,US.VA.WR,266,4,
Blue Earth County,US.MN.BE,265,2,
Shiawassee County,US.MI.SH,265,27,
Crisp County,US.GA.CP,265,12,
Page County,US.VA.PA,264,24,
Lee County,US.SC.LE,264,21,
Summit County,US.CO.SU,264,3,
Steuben County,US.NY.ST,263,29,
Rutherford County,US.NC.RU,263,7,
Warren County,US.NY.WR,262,30,
Deaf Smith County,US.TX.DI,262,15,
Putnam County,US.FL.PU,261,6,
Montgomery County,US.NC.MO,260,7,
Hardeman County,US.TN.HA,260,1,
Shelby County,US.TX.SY,260,9,
Covington County,US.AL.CV,260,4,
Macon County,US.NC.MN,259,1,
Mercer County,US.OH.MC,259,8,
Freeborn County,US.MN.FR,259,0,
Wilcox County,US.AL.WC,259,8,
Butts County,US.GA.BU,258,33,
Allen Parish,US.LA.AL,257,10,
Allen County,US.OH.AN,257,38,
Rhea County,US.TN.RH,257,0,
Stephenson County,US.IL.SN,257,5,
Early County,US.GA.EA,257,31,
Colleton County,US.SC.CT,257,20,
Greene County,US.NY.GR,256,13,
Dubois County,US.IN.DU,255,6,
Medina County,US.TX.ME,254,2,
Plymouth County,US.IA.PM,254,4,
Branch County,US.MI.BC,254,2,
Avoyelles Parish,US.LA.AV,254,11,
McLean County,US.IL.ML,253,13,
Napa County,US.CA.NA,251,4,
Flagler County,US.FL.FL,250,5,
Maverick County,US.TX.MV,250,2,
Jefferson Davis Parish,US.LA.JD,250,7,
White County,US.IN.WH,249,10,
Rusk County,US.TX.RK,249,2,
Marengo County,US.AL.ME,249,11,
Covington County,US.MS.CV,248,5,
Maury County,US.TN.MU,248,2,
Bristol County,US.RI.BR,247,7,
Decatur County,US.GA.DC,247,8,
Butler County,US.KY.BR,247,14,
James City County,US.VA.JA,247,15,
Ontario County,US.NY.OR,246,26,
Plaquemines Parish,US.LA.PL,245,17,
Fulton County,US.NY.FU,244,26,
Washington County,US.NY.WS,244,14,
Loudon County,US.TN.LO,243,1,
Iron County,US.UT.RN,243,1,
Columbia County,US.FL.CU,243,3,
Garfield County,US.CO.GA,243,2,
St. Joseph County,US.MI.SJ,242,3,
Richmond County,US.NC.RI,242,5,
Cleveland County,US.NC.CV,242,2,
Huntingdon County,US.PA.HU,242,4,
West Feliciana Parish,US.LA.WF,241,14,
Hopkins County,US.KY.HO,241,32,
Decatur County,US.IN.DC,241,32,
Washington County,US.TX.WH,241,27,
Bay County,US.FL.BY,240,4,
West Baton Rouge Parish,US.LA.WB,239,30,
Greene County,US.MO.GE,238,8,
Ogle County,US.IL.OG,238,4,
Dillon County,US.SC.DI,237,6,
Mecklenburg County,US.VA.ME,237,26,
Campbell County,US.KY.CM,236,12,
Fredericksburg City,US.VA.FB,235,0,
Macon County,US.TN.MC,235,3,
Adams County,US.MS.AD,234,18,
Galax city,US.VA.GA,233,13,
Union County,US.AR.UN,232,13,
Gonzales County,US.TX.GA,231,4,
Jerome County,US.ID.JR,231,3,
Clarke County,US.AL.CK,231,5,
Lamar County,US.TX.LR,230,13,
Genesee County,US.NY.GE,230,5,
Henry County,US.VA.HY,230,4,
Bolivar County,US.MS.BO,230,13,
Winn Parish,US.LA.WI,230,5,
Wichita County,US.TX.WC,230,2,
Tuscola County,US.MI.TU,229,26,
Darke County,US.OH.DA,228,25,
Pearl River County,US.MS.PL,228,32,
Appling County,US.GA.AP,228,13,
St. Clair County,US.AL.SA,227,2,
Noxubee County,US.MS.NO,227,7,
Grenada County,US.MS.GN,226,4,
Pointe Coupee Parish,US.LA.PO,226,27,
Fayette County,US.TN.FA,224,2,
Onslow County,US.NC.ON,224,3,
Thurston County,US.WA.TH,224,7,
Clinton County,US.IL.CN,224,16,
Wagoner County,US.OK.WG,223,18,
Macon County,US.IL.MC,223,22,
Clay County,US.MS.CY,222,7,
Bulloch County,US.GA.BH,222,3,
Van Buren County,US.MI.VA,221,7,
Crawford County,US.KS.CR,220,1,
Liberty County,US.FL.LI,220,1,
Calhoun County,US.AL.CN,220,5,
Terrell County,US.GA.TL,220,27,
Erie County,US.OH.ER,219,22,
Laramie County,US.WY.LA,219,2,
Citrus County,US.FL.CI,219,12,
Jasper County,US.MS.JS,218,6,
Canadian County,US.OK.CN,218,3,
Gallatin County,US.MT.GL,218,1,
Hernando County,US.FL.HA,218,5,
St. Lawrence County,US.NY.SI,217,3,
Jefferson County,US.WV.JE,217,4,
Burleigh County,US.ND.BL,217,0,
Saline County,US.AR.SL,217,2,
Washington County,US.IA.WS,216,9,
Morehouse Parish,US.LA.MO,216,7,
Prince George County,US.VA.PG,215,0,
Warren County,US.IA.WR,215,2,
Monroe County,US.IN.MR,214,26,
Vigo County,US.IN.VI,214,8,
Queen Anne's County,US.MD.QU,213,15,
Dickinson County,US.IA.DI,212,2,
Dale County,US.AL.DE,212,0,
Tate County,US.MS.TT,211,5,
Henry County,US.IN.HY,211,15,
Petersburg city,US.VA.PB,211,3,
Bienville Parish,US.LA.BI,210,26,
Bacon County,US.GA.BC,210,4,
Ozaukee County,US.WI.OZ,210,15,
Oceana County,US.MI.OA,210,3,
Hancock County,US.GA.HC,209,32,
Tooele County,US.UT.TE,208,0,
Logan County,US.KY.LO,208,11,
Toombs County,US.GA.TM,208,5,
Liberty County,US.TX.LT,207,3,
Tom Green County,US.TX.TG,206,1,
McDowell County,US.NC.MW,206,1,
Clinton County,US.MI.CN,205,11,
Douglas County,US.WA.DO,205,3,
Hardin County,US.TX.HN,205,5,
Panola County,US.MS.PA,204,5,
Chickasaw County,US.MS.CS,203,18,
Marion County,US.MS.MI,203,10,
Santa Fe County,US.NM.ST,203,3,
Benton County,US.MN.BN,203,3,
Scotts Bluff County,US.NE.SC,202,3,
Steele County,US.MN.SE,202,0,
Jackson Parish,US.LA.JA,202,16,
Gila County,US.AZ.GI,201,5,
Harrison County,US.IN.HI,201,22,
Madison County,US.TN.MD,201,2,
Montrose County,US.CO.MO,201,12,
Talladega County,US.AL.TD,200,6,
Cibola County,US.NM.CI,200,13,
Lenawee County,US.MI.LN,200,6,
Roanoke County,US.VA.RE,200,4,
Lincoln County,US.NC.LI,199,0,
Kitsap County,US.WA.KS,198,2,
Walton County,US.FL.WL,198,9,
Randolph County,US.GA.RN,197,25,
Natchitoches Parish,US.LA.NA,197,14,
Lawrence County,US.IN.LW,197,24,
Centre County,US.PA.CT,196,6,
Carroll County,US.VA.CL,196,6,
Panola County,US.TX.PN,196,17,
LaSalle County,US.IL.LA,195,16,
Dooly County,US.GA.DO,195,12,
Winston County,US.AL.WN,195,2,
Jefferson County,US.WI.JE,194,4,
Kent County,US.MD.KE,194,23,
Allegany County,US.MD.AL,194,17,
Winston County,US.MS.WN,194,4,
Polk County,US.GA.PO,194,1,
McMinn County,US.TN.MM,192,17,
Franklin County,US.MO.FR,192,18,
Smith County,US.MS.SM,192,11,
Sussex County,US.VA.SS,191,2,
Saluda County,US.SC.SA,191,1,
Ionia County,US.MI.II,191,4,
Cassia County,US.ID.CS,191,1,
San Benito County,US.CA.SI,191,2,
Garland County,US.AR.GL,191,1,
Clarke County,US.MS.CE,190,22,
Dearborn County,US.IN.DR,190,22,
Stephens County,US.GA.SE,190,6,
Sunflower County,US.MS.SU,189,6,
Graves County,US.KY.GV,188,21,
Island County,US.WA.IS,188,12,
Oswego County,US.NY.OS,188,3,
Sheboygan County,US.WI.SE,187,4,
Hillsdale County,US.MI.HI,187,25,
Pender County,US.NC.PD,187,1,
Choctaw County,US.AL.CC,186,12,
Gunnison County,US.CO.GU,186,6,
Chilton County,US.AL.CI,185,3,
Marion County,US.AL.MI,184,12,
Greene County,US.OH.GR,183,9,
Greene County,US.IN.GE,183,29,
Christian County,US.KY.CH,183,3,
Dorchester County,US.MD.DO,183,5,
Charlottesville City,US.VA.CE,182,3,
Warrick County,US.IN.WI,182,29,
Caddo County,US.OK.CD,182,10,
Chambers County,US.TX.CH,181,2,
Dyer County,US.TN.DY,181,0,
Buffalo County,US.NE.BF,181,1,
Union County,US.IL.UN,181,18,
Claiborne County,US.MS.CB,180,9,
Gilmer County,US.GA.GI,180,2,
Whiteside County,US.IL.WD,178,15,
Hale County,US.TX.HE,178,6,
Murray County,US.GA.MA,178,1,
Susquehanna County,US.PA.SS,178,21,
Madison County,US.OH.MO,177,8,
Alamosa County,US.CO.AL,177,3,
Parker County,US.TX.PR,177,1,
Cheatham County,US.TN.CA,177,0,
Simpson County,US.MS.SI,177,2,
Northampton County,US.NC.NO,177,15,
Echols County,US.GA.EC,177,0,
Miami County,US.IN.MI,176,2,
Washington County,US.PA.WS,176,6,
Prince Edward County,US.VA.PD,176,3,
Tompkins County,US.NY.TO,175,0,
Lycoming County,US.PA.LY,175,19,
Vermilion Parish,US.LA.VM,175,5,
Pickens County,US.AL.PC,175,6,
Newberry County,US.SC.NE,175,4,
Augusta County,US.VA.AU,174,2,
Monroe County,US.FL.MO,174,4,
Watonwan County,US.MN.WT,173,0,
Rockingham County,US.NC.RC,173,2,
Ohio County,US.KY.OH,173,0,
Pasquotank County,US.NC.PU,172,15,
Monroe County,US.AL.MR,172,2,
Turner County,US.GA.TR,172,16,
Escambia County,US.AL.ES,172,6,
Grady County,US.GA.GD,172,4,
Hamilton County,US.IA.HM,171,0,
Eau Claire County,US.WI.EA,170,1,
Kemper County,US.MS.KE,169,13,
Franklin County,US.GA.FR,169,1,
Blount County,US.AL.BU,168,1,
Beauregard Parish,US.LA.BE,168,8,
Coahoma County,US.MS.CH,167,6,
Parmer County,US.TX.PM,167,3,
Johnson County,US.AR.JO,166,0,
Jackson County,US.AL.JA,166,3,
Meriwether County,US.GA.MW,166,2,
Isle of Wight County,US.VA.IS,165,8,
Orange County,US.TX.OR,164,3,
Marion County,US.SC.MI,164,6,
Jennings County,US.IN.JN,164,9,
Hopewell city,US.VA.HW,163,2,
Madison County,US.AR.MD,163,0,
Davie County,US.NC.DV,163,3,
Holmes County,US.OH.HL,162,3,
Calhoun County,US.GA.CU,161,5,
Monongalia County,US.WV.MG,160,5,
Midland County,US.MI.MD,160,9,
Scott County,US.MO.ST,159,11,
Putnam County,US.IN.PT,159,8,
Greene County,US.NC.GE,159,2,
Frio County,US.TX.FO,157,0,
Houston County,US.TX.HS,157,0,
Allen County,US.KY.AL,157,5,
Oconee County,US.SC.OC,157,1,
Uinta County,US.WY.UI,157,0,
Greene County,US.AL.GR,157,6,
Pontotoc County,US.MS.PO,156,3,
Hertford County,US.NC.HD,156,8,
Navarro County,US.TX.NV,156,4,
Hamblen County,US.TN.HB,156,4,
Kootenai County,US.ID.KO,155,1,
Richland Parish,US.LA.RI,155,4,
Southampton County,US.VA.SA,155,2,
Levy County,US.FL.LV,154,1,
Randolph County,US.WV.RN,154,0,
Warren County,US.NC.WR,154,5,
Osage County,US.OK.OS,154,8,
Coles County,US.IL.CE,154,17,
Catahoula Parish,US.LA.CT,154,3,
Henderson County,US.KY.HE,154,3,
Conecuh County,US.AL.CO,153,3,
El Dorado County,US.CA.EL,153,0,
Cowlitz County,US.WA.CW,153,0,
Deschutes County,US.OR.DE,153,0,
Chester County,US.SC.CR,153,1,
Cumberland County,US.TN.CU,152,3,
Scott County,US.IN.SC,152,6,
Macon County,US.AL.MC,152,7,
Riley County,US.KS.RL,152,3,
Newaygo County,US.MI.NE,151,0,
Wayne County,US.NY.WN,150,2,
Dickson County,US.TN.DI,150,0,
McCracken County,US.KY.MK,150,3,
Randolph County,US.AL.RA,149,9,
Marshall County,US.MS.MS,148,3,
Pierce County,US.GA.PR,148,4,
Bullitt County,US.KY.BI,148,4,
Martin County,US.MN.MT,148,5,
Walthall County,US.MS.WT,147,3,
St. Louis County,US.MN.ST,146,14,
Grundy County,US.IL.GU,144,4,
Iroquois County,US.IL.IR,144,5,
Walla Walla County,US.WA.WL,144,2,
Wharton County,US.TX.WN,144,1,
Madison County,US.FL.MD,143,3,
Glades County,US.FL.GL,143,1,
Rogers County,US.OK.RS,142,5,
Herkimer County,US.NY.HE,142,3,
Laurens County,US.GA.LR,142,1,
Chenango County,US.NY.CH,142,6,
Blount County,US.TN.BO,142,3,
Tioga County,US.NY.TI,141,19,
Jackson County,US.WV.JA,141,18,
Orange County,US.VA.OR,141,2,
Bibb County,US.AL.BI,141,1,
Carroll County,US.AR.CL,141,4,
Oconee County,US.GA.OC,140,10,
Kennebec County,US.ME.KE,140,9,
Evangeline Parish,US.LA.EV,140,1,
DeKalb County,US.IN.DE,140,4,
Monroe County,US.GA.MN,139,16,
Colonial Heights city,US.VA.CH,139,17,
Chemung County,US.NY.CM,139,3,
Union County,US.MS.UN,138,8,
Bertie County,US.NC.BT,138,4,
Carroll County,US.MS.CL,138,11,
Burke County,US.GA.BE,137,6,
Holmes County,US.FL.HO,137,0,
Audrain County,US.MO.AU,137,1,
Grayson County,US.KY.GY,137,10,
Minidoka County,US.ID.MI,136,0,
Yalobusha County,US.MS.YL,136,7,
Hardin County,US.KY.HN,136,5,
St. Croix County,US.WI.SI,135,1,
Lawrence County,US.MS.LW,135,1,
Grant County,US.WI.GA,134,12,
Carson City,US.NV.CA,134,5,
White County,US.GA.WH,134,4,
McClain County,US.OK.ML,133,4,
Ben Hill County,US.GA.BL,132,1,
Webster County,US.IA.WE,132,1,
Polk County,US.OR.PO,132,12,
Orange County,US.IN.OR,132,23,
Daviess County,US.IN.DI,132,16,
Matagorda County,US.TX.MD,131,5,
Wayne County,US.PA.WN,131,8,
Marathon County,US.WI.MH,130,1,
Linn County,US.OR.LN,130,9,
Warren County,US.IL.WR,130,0,
Yellowstone County,US.MT.YS,130,4,
Stoddard County,US.MO.SD,129,8,
Huron County,US.OH.HU,129,1,
Dinwiddie County,US.VA.DN,129,0,
Scotland County,US.NC.SC,129,0,
Creek County,US.OK.CE,128,7,
Putnam County,US.GA.PT,128,11,
Waller County,US.TX.WR,128,0,
Mississippi County,US.AR.MS,128,3,
Nassau County,US.FL.NA,128,1,
Butte County,US.CA.BU,127,1,
Sutter County,US.CA.SU,127,3,
Dawson County,US.GA.DW,127,3,
Cottonwood County,US.MN.CT,126,0,
Cass County,US.MI.CS,126,4,
Oldham County,US.KY.OL,126,6,
Caroline County,US.VA.CI,125,4,
Crawford County,US.OH.CF,125,5,
Livingston County,US.NY.LI,125,4,
Lumpkin County,US.GA.LP,125,3,
Banks County,US.GA.BS,124,0,
Grady County,US.OK.GD,124,5,
Morgan County,US.IL.MG,123,3,
Wilcox County,US.GA.WC,123,15,
Cape Girardeau County,US.MO.CG,123,3,
Ottawa County,US.OH.OT,123,22,
Henry County,US.AL.HE,123,4,
Curry County,US.NM.CU,123,0,
Emporia city,US.VA.EM,123,6,
Brooks County,US.GA.BO,123,11,
Humboldt County,US.CA.HU,122,4,
Maui County,US.HI.MA,122,6,
Caswell County,US.NC.CS,122,1,
Crenshaw County,US.AL.CA,122,3,
Otsego County,US.MI.OS,122,10,
Webster County,US.MS.WE,122,10,
Franklin County,US.IN.FR,121,8,
Cherokee County,US.SC.CK,121,6,
Allamakee County,US.IA.AL,121,4,
Franklin County,US.KY.FR,120,3,
Isabella County,US.MI.IB,120,8,
Mercer County,US.PA.ME,120,6,
Washington County,US.OH.WS,120,20,
Cattaraugus County,US.NY.CG,120,6,
Kenai Peninsula Borough,US.AK.KN,120,2,
Lanier County,US.GA.LI,119,3,
Martin County,US.NC.MR,119,4,
Delaware County,US.OK.DL,119,16,
Knox County,US.IL.KX,119,0,
Chautauqua County,US.NY.CQ,118,3,
Goochland County,US.VA.GO,118,6,
Union County,US.SD.UN,118,1,
Fairbanks North Star Borough,US.AK.FA,117,2,
Monroe County,US.IL.MR,117,12,
Cass County,US.IL.CS,117,0,
Boone County,US.IA.BO,117,1,
Montgomery County,US.VA.MO,116,2,
Alpena County,US.MI.AP,116,11,
Talbot County,US.MD.TA,116,4,
Cass County,US.MO.CS,116,8,
Lynchburg city,US.VA.LY,116,1,
Monroe County,US.TN.MR,115,4,
Box Elder County,US.UT.BE,115,1,
Pulaski County,US.MO.PA,115,1,
Willacy County,US.TX.WY,114,3,
Macon County,US.GA.MC,113,9,
Camp County,US.TX.CP,113,1,
Effingham County,US.GA.EF,113,1,
Pecos County,US.TX.PE,113,0,
Teton County,US.WY.TE,113,1,
Tazewell County,US.IL.TA,113,7,
Gray County,US.TX.GY,113,2,
Liberty County,US.GA.LB,112,1,
Stokes County,US.NC.SO,112,1,
Wayne County,US.IN.WY,112,6,
Mahaska County,US.IA.MK,112,15,
Steuben County,US.IN.SE,112,2,
Nicollet County,US.MN.NI,112,12,
Itawamba County,US.MS.IT,112,8,
Crawford County,US.AR.CW,112,0,
Perry County,US.MO.PR,111,0,
Iosco County,US.MI.IC,111,10,
Ripley County,US.IN.RI,111,7,
West Carroll Parish,US.LA.WC,111,3,
Louisa County,US.VA.LI,111,1,
Cook County,US.GA.CO,111,1,
Clarke County,US.IA.CK,111,2,
Sandusky County,US.OH.SA,110,13,
Morrow County,US.OH.MW,110,1,
Montgomery County,US.NY.MT,110,4,
Adair County,US.OK.AD,110,4,
Clay County,US.IA.CY,110,0,
Goodhue County,US.MN.GO,109,8,
Juniata County,US.PA.JU,109,5,
Claiborne Parish,US.LA.CI,109,10,
Washington County,US.TN.WI,109,0,
Cayuga County,US.NY.CY,109,2,
Adams County,US.WA.AD,109,0,
Kittitas County,US.WA.KT,109,0,
Tippah County,US.MS.TP,109,11,
Atkinson County,US.GA.AT,109,2,
Pemiscot County,US.MO.PM,108,6,
Choctaw County,US.OK.CA,108,1,
Adair County,US.KY.AD,108,19,
Bryan County,US.GA.BY,108,5,
Perry County,US.IN.PE,108,4,
Anson County,US.NC.AN,108,1,
Montgomery County,US.MS.MT,107,2,
Fluvanna County,US.VA.FV,107,6,
Platte County,US.MO.PT,107,4,
Hardin County,US.OH.HD,107,11,
Wayne County,US.WV.WA,107,9,
Lane County,US.OR.LE,107,3,
Lamar County,US.GA.LM,106,6,
Nottoway County,US.VA.NY,106,2,
Hancock County,US.MS.HN,106,13,
York County,US.VA.YO,106,3,
Douglas County,US.KS.DG,106,0,
Putnam County,US.OH.PU,106,15,
Jackson County,US.KS.JA,105,1,
Concordia Parish,US.LA.CR,105,5,
Jefferson County,US.IL.JF,105,17,
Fayette County,US.PA.FA,104,4,
Camden County,US.GA.CD,104,1,
Penobscot County,US.ME.PE,104,2,
Henderson County,US.TX.HD,104,4,
Bedford County,US.VA.BF,104,3,
Bonneville County,US.ID.BV,103,1,
Carroll County,US.IN.CO,103,2,
Madison County,US.KY.MD,103,1,
Caldwell Parish,US.LA.CW,102,1,
Pettis County,US.MO.PS,102,1,
Yamhill County,US.OR.YA,102,8,
Lyon County,US.NV.LY,102,2,
Sullivan County,US.MO.SV,102,0,
Muskogee County,US.OK.MO,102,9,
Natrona County,US.WY.NA,102,1,
Coffee County,US.TN.CF,102,0,
Franklin County,US.VT.FR,102,6,
Portage County,US.WI.PT,101,0,
Washington County,US.FL.WS,101,11,
Berrien County,US.GA.BN,101,0,
Clinton County,US.NY.CL,101,4,
Humphreys County,US.MS.HU,101,9,
Stewart County,US.GA.SW,100,3,
Jessamine County,US.KY.JS,100,0,
Winona County,US.MN.WN,100,15,
Calhoun County,US.MS.CN,100,4,
Tattnall County,US.GA.TT,100,0,
McDonough County,US.IL.MU,100,15,
Burnet County,US.TX.BT,100,3,
Greene County,US.AR.GE,99,0,
San Augustine County,US.TX.SG,99,6,
Lavaca County,US.TX.LA,99,1,
Saguache County,US.CO.SG,99,2,
Red River County,US.TX.RV,99,8,
Williamson County,US.IL.WS,99,4,
Indiana County,US.PA.IN,98,6,
Lawrence County,US.AR.LW,98,9,
Trempealeau County,US.WI.TR,98,0,
Klamath County,US.OR.KL,98,0,
Valencia County,US.NM.VA,98,2,
Clinch County,US.GA.CC,98,3,
Sauk County,US.WI.SU,97,3,
Lawrence County,US.TN.LW,97,3,
Miller County,US.AR.ML,97,2,
Crow Wing County,US.MN.CW,97,11,
St. Francois County,US.MO.SF,97,2,
Pine County,US.MN.PN,97,0,
Washington County,US.AL.WS,97,6,
Washington County,US.ID.WA,97,0,
Poweshiek County,US.IA.PW,97,8,
Chicot County,US.AR.CT,96,2,
Wabash County,US.IN.WB,96,2,
Lonoke County,US.AR.LO,96,0,
Waupaca County,US.WI.WP,96,6,
King George County,US.VA.KG,96,4,
Lee County,US.IL.LE,96,1,
Perry County,US.AL.PE,96,0,
Person County,US.NC.PN,96,1,
Jasper County,US.IN.JS,96,2,
Nevada County,US.AR.NV,95,2,
Peach County,US.GA.PH,95,9,
Barry County,US.MI.BR,95,2,
Lincoln County,US.MO.LO,95,1,
Jackson County,US.KY.JA,94,13,
Lawrence County,US.PA.LW,94,9,
Clark County,US.KY.CK,94,4,
Elbert County,US.GA.EL,94,0,
Wyoming County,US.NY.WM,93,5,
Jackson County,US.OR.JA,93,0,
Cabell County,US.WV.CB,93,0,
Brunswick County,US.VA.BU,93,1,
Jefferson Davis County,US.MS.JD,93,3,
Jenkins County,US.GA.JK,92,10,
Westmoreland County,US.VA.WM,92,1,
Calumet County,US.WI.CA,92,2,
Gratiot County,US.MI.GT,92,13,
Windham County,US.VT.WH,92,3,
Shasta County,US.CA.SH,92,4,
Fannin County,US.GA.FN,92,1,
Jasper County,US.SC.JA,92,3,
Nevada County,US.CA.NE,91,1,
Nez Perce County,US.ID.NE,91,19,
Phillips County,US.AR.PH,91,3,
Johnson County,US.MO.JO,91,0,
Abbeville County,US.SC.AB,91,0,
Delaware County,US.NY.DE,91,4,
Greene County,US.GA.GE,91,9,
Auglaize County,US.OH.AU,91,3,
Vernon Parish,US.LA.VN,91,6,
Newton County,US.IN.NE,90,10,
La Plata County,US.CO.LA,89,1,
Union County,US.PA.UN,89,2,
Pottawatomie County,US.OK.PT,89,4,
Pittsylvania County,US.VA.PS,88,1,
St. Helena Parish,US.LA.SH,88,1,
Polk County,US.TX.PK,88,0,
Wise County,US.TX.WE,88,4,
La Salle Parish,US.LA.LA,88,0,
Gilchrist County,US.FL.GI,88,0,
Hood River County,US.OR.HO,88,0,
Ross County,US.OH.RO,87,2,
Bannock County,US.ID.BO,87,1,
Oglethorpe County,US.GA.OG,87,7,
Adair County,US.MO.AD,87,0,
Chisago County,US.MN.CG,87,1,
Rio Arriba County,US.NM.RI,86,1,
Hawaii County,US.HI.HA,86,0,
Wilkinson County,US.MS.WK,86,9,
Pike County,US.GA.PK,86,3,
Screven County,US.GA.SR,86,5,
Fayette County,US.IN.FA,86,7,
Pitkin County,US.CO.PI,86,2,
Bailey County,US.TX.BY,86,1,
Lea County,US.NM.LE,86,0,
Lafayette County,US.MO.LF,86,2,
Bremer County,US.IA.BR,85,6,
Val Verde County,US.TX.VL,85,0,
Madison County,US.GA.MD,85,4,
San Patricio County,US.TX.SP,85,0,
Mesa County,US.CO.ME,85,0,
Perry County,US.PA.PE,85,5,
Otter Tail County,US.MN.OT,85,1,
Shelby County,US.IA.SH,85,0,
McDuffie County,US.GA.MU,84,6,
Lawrence County,US.AL.LW,84,0,
Somerset County,US.MD.SO,84,3,
Lauderdale County,US.TN.LU,84,1,
Jefferson County,US.OR.JE,84,0,
Atascosa County,US.TX.AT,84,2,
Emanuel County,US.GA.EM,84,3,
Jefferson County,US.NY.JE,84,0,
Pickens County,US.GA.PE,84,5,
Monroe County,US.OH.ME,83,16,
Cross County,US.AR.CO,83,1,
Johnson County,US.GA.JH,83,2,
Washington County,US.GA.WG,83,1,
Montcalm County,US.MI.MC,83,1,
Kay County,US.OK.KA,83,7,
Otsego County,US.NY.OO,83,4,
Pulaski County,US.KY.PU,83,2,
Cherokee County,US.TX.CK,82,2,
Dunklin County,US.MO.DU,82,3,
Fannin County,US.TX.FI,82,7,
Grant Parish,US.LA.GR,81,1,
Carlton County,US.MN.CL,81,0,
Manitowoc County,US.WI.MW,81,1,
Prentiss County,US.MS.PN,81,3,
Green County,US.WI.GN,81,1,
Humboldt County,US.NV.HU,81,4,
Grayson County,US.VA.GY,81,2,
Nye County,US.NV.NY,81,3,
Delta County,US.CO.DT,81,1,
Gibson County,US.TN.GB,80,1,
Brantley County,US.GA.BA,80,2,
Wilson County,US.TX.WS,80,5,
Mississippi County,US.MO.MI,80,0,
Henry County,US.IA.HE,79,3,
Anderson County,US.TN.AN,79,2,
Des Moines County,US.IA.DS,79,2,
Amite County,US.MS.AM,79,2,
White County,US.AR.WH,79,1,
Tunica County,US.MS.TU,78,3,
Belknap County,US.NH.BE,78,1,
Cleburne County,US.AR.CB,78,4,
Jackson County,US.NC.JA,78,1,
Jefferson County,US.GA.JR,78,1,
Henry County,US.IL.HY,77,1,
Jeff Davis County,US.GA.JF,77,2,
Sullivan County,US.TN.SL,77,2,
Wood County,US.TX.WO,77,5,
Marion County,US.GA.MR,77,2,
Chaffee County,US.CO.CA,77,19,
Grafton County,US.NH.GR,77,1,
Barren County,US.KY.BN,76,2,
Bamberg County,US.SC.BM,76,0,
Hardin County,US.TN.HI,76,5,
Elko County,US.NV.EL,76,1,
Scott County,US.KY.SC,76,0,
Taylor County,US.IA.TY,76,0,
Clay County,US.SD.CY,76,0,
Fayette County,US.TX.FT,75,2,
Bryan County,US.OK.BR,75,1,
Big Horn County,US.MT.BI,75,3,
Polk County,US.MN.PL,75,2,
Clinton County,US.IA.CN,75,1,
Dallam County,US.TX.DL,75,0,
Carter County,US.OK.CR,75,1,
Calhoun County,US.SC.CH,74,1,
Glenn County,US.CA.GL,74,0,
Edmonson County,US.KY.ED,74,11,
O'Brien County,US.IA.OB,74,1,
Obion County,US.TN.OB,74,1,
Jefferson County,US.OH.JE,74,2,
Haywood County,US.NC.HW,74,0,
Ohio County,US.WV.OH,74,1,
Wilkinson County,US.GA.WI,74,8,
Randolph County,US.IN.RA,74,4,
Hocking County,US.OH.HC,74,7,
Clinton County,US.PA.CN,73,3,
Danville City,US.VA.DA,73,2,
Thurston County,US.NE.TU,73,1,
Jefferson County,US.TN.JE,73,0,
Alexander County,US.NC.AE,73,0,
Union County,US.OH.UN,73,1,
Morton County,US.ND.MR,73,2,
Edgefield County,US.SC.ED,73,2,
Dodge County,US.GA.DG,73,2,
Tallahatchie County,US.MS.TL,72,1,
Whitley County,US.IN.WL,72,4,
Columbia County,US.AR.CI,72,3,
Mendocino County,US.CA.MI,72,0,
Powhatan County,US.VA.PH,71,2,
Rutland County,US.VT.RU,71,1,
Mayes County,US.OK.MY,71,4,
Chippewa County,US.WI.CH,71,0,
Greene County,US.MS.GE,71,5,
Bedford County,US.PA.BO,71,2,
McLeod County,US.MN.MC,71,0,
Calloway County,US.KY.CW,71,1,
Columbia County,US.WI.CO,70,1,
Taylor County,US.FL.TA,70,0,
Yankton County,US.SD.YA,70,0,
Benton County,US.OR.BE,70,5,
Carroll County,US.IA.CL,70,1,
Le Sueur County,US.MN.LU,70,1,
Shawano County,US.WI.SA,70,0,
Clearfield County,US.PA.CF,70,0,
Calhoun County,US.FL.CA,70,6,
Howard County,US.AR.HW,70,0,
Graham County,US.AZ.GA,70,2,
Martinsville city,US.VA.MR,70,1,
Stark County,US.ND.SR,70,2,
Armstrong County,US.PA.AR,70,6,
Franklin County,US.TN.FR,69,3,
Bennington County,US.VT.BE,69,1,
Botetourt County,US.VA.BO,69,4,
Crowley County,US.CO.CR,69,1,
Cherokee County,US.IA.CE,69,0,
Blair County,US.PA.BL,69,1,
Chaves County,US.NM.CH,69,2,
Wayne County,US.TN.WY,69,0,
Fairfax city,US.VA.FC,69,7,
Chippewa County,US.MN.CP,69,1,
Bradford County,US.FL.BA,69,2,
Erath County,US.TX.ER,69,1,
Muskingum County,US.OH.MU,69,1,
Simpson County,US.KY.SI,69,3,
Polk County,US.AR.PL,69,0,
Addison County,US.VT.AD,68,2,
Cherokee County,US.OK.CK,68,1,
Pike County,US.KY.PI,68,2,
Milam County,US.TX.MI,68,1,
Montour County,US.PA.MO,68,0,
Buffalo County,US.SD.BF,68,0,
Crawford County,US.MI.CF,68,5,
Union County,US.SC.UN,68,0,
Staunton city,US.VA.SU,68,0,
Butler County,US.MO.BE,68,0,
Montezuma County,US.CO.MZ,68,3,
Choctaw County,US.MS.CW,67,3,
Polk County,US.NC.PO,67,4,
Adams County,US.IL.AD,67,1,
Dodge County,US.MN.DD,67,0,
Pulaski County,US.IL.PL,67,0,
Rio Grande County,US.CO.RG,67,1,
Routt County,US.CO.RT,67,6,
Waynesboro city,US.VA.WS,67,0,
Burleson County,US.TX.BU,67,0,
Haralson County,US.GA.HS,67,4,
Reno County,US.KS.RN,67,0,
Greer County,US.OK.GE,66,7,
Talbot County,US.GA.TB,66,2,
Franklin County,US.IA.FN,66,0,
Sabine Parish,US.LA.SB,66,1,
Saunders County,US.NE.SU,66,2,
Hickman County,US.TN.HN,66,0,
Cheshire County,US.NH.CH,66,2,
Barnwell County,US.SC.BN,66,1,
Saline County,US.KS.SA,66,2,
Wells County,US.IN.WE,66,1,
Jay County,US.IN.JY,65,0,
Franklin County,US.KS.FR,65,0,
Brown County,US.TX.BN,65,10,
Telfair County,US.GA.TF,65,3,
Sweetwater County,US.WY.SW,65,0,
Jefferson County,US.MS.JF,65,3,
Nelson County,US.KY.NE,65,1,
Hancock County,US.OH.HN,65,1,
Harrison County,US.KY.HS,65,0,
Castro County,US.TX.AS,65,1,
Preston County,US.WV.PR,65,2,
Cedar County,US.IA.CD,64,1,
Clark County,US.WI.CL,64,6,
Fulton County,US.IN.FU,64,1,
Seneca County,US.NY.SC,64,1,
Huron County,US.MI.HU,64,3,
Coshocton County,US.OH.CS,64,0,
Jasper County,US.GA.JS,64,1,
Monona County,US.IA.MO,64,0,
Guthrie County,US.IA.GH,63,4,
Cole County,US.MO.CE,63,2,
Fayette County,US.AL.FA,63,1,
Laurel County,US.KY.LU,63,3,
Okanogan County,US.WA.OK,63,2,
Emmet County,US.IA.EM,63,0,
Marquette County,US.MI.MQ,63,11,
Marion County,US.IL.MO,63,0,
Huntington County,US.IN.HU,63,2,
Woodford County,US.KY.WO,63,0,
Union County,US.GA.UN,62,3,
Stutsman County,US.ND.SU,62,1,
Starke County,US.IN.SR,62,3,
Dixie County,US.FL.DI,62,3,
Cambria County,US.PA.CI,62,3,
Cass County,US.NE.CS,62,0,
Washington County,US.IN.WS,62,1,
Garfield County,US.OK.GF,62,2,
Cerro Gordo County,US.IA.CG,62,1,
Fayette County,US.WV.FA,62,4,
Cowley County,US.KS.CL,61,1,
Eddy County,US.NM.ED,61,1,
Snyder County,US.PA.SN,61,2,
Beaufort County,US.NC.BA,61,0,
Brewster County,US.TX.BS,61,0,
Carteret County,US.NC.CE,61,3,
Gooding County,US.ID.GO,61,1,
Mifflin County,US.PA.MI,61,1,
Lafayette County,US.WI.LF,61,0,
Dade County,US.GA.DD,60,1,
Wood County,US.WV.WO,60,2,
Lamar County,US.AL.LM,60,0,
Oglala Lakota County,US.SD.SH,60,0,
Itasca County,US.MN.IT,60,12,
Washington County,US.VA.WG,60,4,
Payette County,US.ID.PA,60,2,
Williams County,US.OH.WI,60,1,
Tehama County,US.CA.TE,59,1,
Van Zandt County,US.TX.VN,59,1,
Hampton County,US.SC.HA,58,1,
Douglas County,US.NV.DO,58,0,
Hamilton County,US.NE.HM,58,11,
Ashley County,US.AR.AS,58,1,
Greene County,US.TN.GE,58,2,
Colorado County,US.TX.CO,58,0,
Cherokee County,US.AL.CH,58,7,
George County,US.MS.GR,58,3,
Ward County,US.ND.WR,58,1,
Socorro County,US.NM.SO,58,5,
Malheur County,US.OR.ML,58,1,
Calhoun County,US.TX.CU,58,2,
Jefferson County,US.IN.JF,58,1,
Allegany County,US.NY.AL,58,2,
Gallatin County,US.KY.GL,58,7,
Matanuska-Susitna Borough,US.AK.MA,57,1,
Meeker County,US.MN.ME,57,1,
Schoharie County,US.NY.SO,57,2,
Austin County,US.TX.AU,57,0,
Luna County,US.NM.LU,57,2,
Pierce County,US.WI.PI,57,0,
Haywood County,US.TN.HY,57,2,
Isanti County,US.MN.IS,56,0,
Perry County,US.MS.PY,56,4,
Missoula County,US.MT.MS,56,0,
Clay County,US.IN.CY,56,4,
Kendall County,US.TX.KD,56,0,
Morrison County,US.MN.MR,56,1,
Charles Mix County,US.SD.CH,56,0,
Clay County,US.GA.CY,56,2,
Gentry County,US.MO.GT,56,9,
Lyman County,US.SD.LY,55,0,
Wyandot County,US.OH.WD,55,4,
Hardin County,US.IA.HD,55,0,
Tishomingo County,US.MS.TS,55,1,
Bleckley County,US.GA.BK,55,1,
Camden County,US.MO.CM,55,1,
Grundy County,US.TN.GU,55,1,
White County,US.TN.WH,55,3,
Clinton County,US.OH.CI,55,0,
Greene County,US.VA.GE,55,1,
Windsor County,US.VT.WS,55,2,
Grant County,US.KY.GT,55,4,
Klickitat County,US.WA.KL,55,3,
Waldo County,US.ME.WL,55,14,
Douglas County,US.MN.DU,54,0,
Red River Parish,US.LA.RE,54,8,
Wasco County,US.OR.WC,54,1,
Boyd County,US.KY.BD,54,3,
Mineral County,US.WV.ML,54,3,
Hutchinson County,US.TX.UT,54,0,
Elbert County,US.CO.EB,54,2,
Lincoln County,US.NE.LI,54,2,
Brookings County,US.SD.BK,54,0,
Campbell County,US.WY.CM,54,0,
Fulton County,US.OH.FU,54,0,
Pottawatomie County,US.KS.PT,54,0,
Williamsburg City,US.VA.WL,54,5,
Marion County,US.TN.MI,54,4,
Pulaski County,US.IN.PL,54,1,
Essex County,US.VA.ES,54,0,
Marion County,US.WV.MI,54,2,
Roosevelt County,US.NM.RO,54,1,
Franklin County,US.VA.FN,53,1,
Lee County,US.TX.LE,53,3,
Smith County,US.TN.SH,53,1,
Barton County,US.KS.BT,53,2,
Chattooga County,US.GA.CG,53,2,
Poinsett County,US.AR.PN,53,3,
Clark County,US.AR.CK,53,0,
Unicoi County,US.TN.UC,53,0,
Ochiltree County,US.TX.OC,53,2,
Harrison County,US.WV.HR,53,1,
Geneva County,US.AL.GE,53,0,
Marshall County,US.KY.MH,53,2,
Becker County,US.MN.BC,53,0,
Coffey County,US.KS.CF,53,8,
Jackson County,US.MN.JA,53,0,
Perry County,US.KY.PR,53,1,
Coosa County,US.AL.CS,52,1,
Carroll County,US.NH.CA,52,0,
Wayne County,US.GA.WY,52,0,
Butler County,US.KS.BU,52,0,
Garvin County,US.OK.GV,52,1,
Greenbrier County,US.WV.GE,52,0,
Jones County,US.GA.JE,52,0,
Benton County,US.IA.BN,52,1,
Shelby County,US.OH.SH,52,4,
Lewis County,US.WA.LE,52,3,
Hart County,US.GA.HT,52,0,
Rush County,US.IN.RU,52,3,
Falls Church city,US.VA.FU,52,5,
Lawrence County,US.OH.LW,52,0,
Sharp County,US.AR.SH,52,4,
Hopkins County,US.TX.HP,51,0,
Bradford County,US.PA.BF,51,3,
Monroe County,US.WI.MO,51,1,
Pittsburg County,US.OK.PI,51,3,
Lincoln County,US.TN.LI,51,0,
Preble County,US.OH.PR,51,1,
Watauga County,US.NC.WT,51,0,
Todd County,US.SD.TO,51,1,
Wilkes County,US.GA.WS,51,1,
Butler County,US.NE.BE,51,0,
Yuma County,US.CO.YU,51,0,
Custer County,US.OK.CU,51,0,
Pawnee County,US.OK.PW,51,2,
Jim Wells County,US.TX.JW,50,0,
Marion County,US.IA.MI,50,0,
Stephens County,US.OK.ST,50,1,
Labette County,US.KS.LB,50,0,
Pennington County,US.MN.PI,50,0,
Cumberland County,US.VA.CU,50,0,
Kerr County,US.TX.KR,50,1,
Floyd County,US.IA.FL,50,1,
Salem city,US.VA.SE,50,3,
Oconto County,US.WI.OC,50,0,
Sac County,US.IA.SA,50,0,
Swain County,US.NC.SW,50,0,
Okmulgee County,US.OK.OM,50,0,
Hill County,US.TX.HI,50,1,
McPherson County,US.KS.MP,50,0,
New Kent County,US.VA.NK,50,1,
Vermilion County,US.IL.VE,50,2,
Logan County,US.OH.LG,50,0,
Flathead County,US.MT.FL,49,2,
Osceola County,US.IA.OS,49,0,
Somerset County,US.PA.SO,49,1,
Monroe County,US.IA.MR,49,6,
Clay County,US.AR.CY,49,3,
Moniteau County,US.MO.ME,49,1,
Ashe County,US.NC.AS,49,1,
Marshall County,US.TN.MS,49,1,
Jefferson County,US.IA.JE,49,0,
Quitman County,US.MS.QU,49,0,
Codington County,US.SD.CD,49,0,
Del Norte County,US.CA.DE,49,0,
Yuba County,US.CA.YU,49,1,
Lake County,US.CO.LK,48,0,
Seminole County,US.GA.SI,48,2,
Marion County,US.KY.MN,48,0,
Independence County,US.AR.IN,48,0,
Crane County,US.TX.CR,48,2,
Crawford County,US.PA.CW,48,0,
Macoupin County,US.IL.MP,48,3,
Gage County,US.NE.GG,47,3,
Murray County,US.MN.MU,47,0,
Pulaski County,US.GA.PL,47,2,
Guernsey County,US.OH.GU,47,3,
Brown County,US.OH.BR,47,1,
Elmore County,US.ID.EL,47,2,
Knox County,US.IN.KN,47,0,
Jones County,US.IA.JN,47,0,
Kearny County,US.KS.KE,47,1,
Irwin County,US.GA.IR,47,1,
McNairy County,US.TN.MA,47,0,
Clarke County,US.VA.CK,47,0,
Clatsop County,US.OR.CT,47,0,
Montgomery County,US.KY.MM,46,0,
Andrews County,US.TX.AR,46,0,
Warren County,US.TN.WR,46,0,
Franklin city,US.VA.FR,46,2,
Allendale County,US.SC.AL,46,3,
Heard County,US.GA.HD,46,3,
Wythe County,US.VA.WY,46,1,
Jasper County,US.IL.JS,46,7,
Perry County,US.IL.PY,46,0,
Kewaunee County,US.WI.KW,46,1,
Upshur County,US.TX.US,46,0,
Howard County,US.NE.HW,46,4,
Hempstead County,US.AR.HE,46,1,
Dawson County,US.TX.DW,45,1,
Washington County,US.NE.WS,45,1,
Miller County,US.GA.ML,45,0,
Waseca County,US.MN.WE,45,0,
Morgan County,US.GA.MO,45,0,
Overton County,US.TN.OV,45,0,
Hood County,US.TX.HO,45,4,
Andrew County,US.MO.AN,45,0,
Putnam County,US.WV.PU,45,0,
Ashland County,US.OH.AL,45,0,
Marinette County,US.WI.MT,45,3,
Dukes County,US.MA.DU,45,0,
Fayette County,US.OH.FY,45,0,
Washington County,US.CO.WA,44,0,
DeKalb County,US.TN.DE,44,0,
Weakley County,US.TN.WE,44,1,
Yates County,US.NY.YA,44,6,
Callaway County,US.MO.CA,44,1,
Gloucester County,US.VA.GL,44,1,
Sanpete County,US.UT.SP,44,0,
Stone County,US.MS.ST,44,1,
Lee County,US.IA.LE,44,1,
Benton County,US.IN.BE,44,0,
Union County,US.FL.UN,44,2,
Harrison County,US.IA.HR,44,0,
Cortland County,US.NY.CD,44,1,
Mason County,US.MI.MN,43,0,
Mountrail County,US.ND.MU,43,0,
Defiance County,US.OH.DF,43,3,
Humboldt County,US.IA.HU,43,1,
Madison County,US.VA.MD,43,1,
Meade County,US.SD.MD,43,1,
Dixon County,US.NE.DI,43,1,
McIntosh County,US.OK.MI,43,1,
Carroll County,US.OH.CO,43,3,
Douglas County,US.IL.DO,43,0,
Sanilac County,US.MI.SL,43,6,
Ottawa County,US.OK.OT,43,2,
Mason County,US.WA.MA,43,1,
Giles County,US.TN.GL,42,0,
Christian County,US.IL.CI,42,4,
Uvalde County,US.TX.UV,42,0,
Baker County,US.FL.BK,42,4,
Hawkins County,US.TN.HW,42,2,
Hardy County,US.WV.HD,42,0,
DeWitt County,US.TX.DE,42,1,
Limestone County,US.TX.LO,42,1,
Amelia County,US.VA.AI,42,1,
Halifax County,US.VA.HL,41,1,
Pocahontas County,US.IA.PC,41,1,
Drew County,US.AR.DR,41,1,
Jasper County,US.TX.JR,41,1,
Sullivan County,US.IN.SU,41,1,
Richland County,US.ND.RI,41,0,
Charlton County,US.GA.CT,41,2,
Alcorn County,US.MS.AL,41,1,
York County,US.NE.YO,41,0,
Roane County,US.TN.RA,41,0,
Montgomery County,US.IL.MT,41,1,
Wakulla County,US.FL.WK,41,1,
Lake County,US.CA.LK,41,0,
Wheeler County,US.GA.WL,41,0,
Washington County,US.VT.WA,41,1,
Essex County,US.NY.ES,41,0,
Polk County,US.WI.PL,41,1,
Zapata County,US.TX.ZP,40,0,
Buchanan County,US.IA.BC,40,1,
Mono County,US.CA.MO,40,1,
Custer County,US.NE.CU,40,3,
Door County,US.WI.DO,40,3,
Iowa County,US.IA.IO,40,0,
Torrance County,US.NM.TO,40,1,
Owen County,US.IN.OW,40,1,
Teller County,US.CO.TE,40,2,
Roberts County,US.SD.RO,40,0,
Hampshire County,US.WV.HM,40,1,
Livingston County,US.IL.LI,40,2,
Hidalgo County,US.NM.HI,39,0,
Webster County,US.KY.WE,39,0,
Clay County,US.KY.CY,39,3,
Jerauld County,US.SD.JE,39,1,
Jo Daviess County,US.IL.JO,39,1,
Patrick County,US.VA.PK,39,1,
City and Borough of Juneau,US.AK.JU,39,0,
Rabun County,US.GA.RB,39,3,
Conway County,US.AR.CN,39,3,
Crawford County,US.GA.CW,39,0,
Highland County,US.OH.HI,39,1,
Randolph County,US.AR.RA,39,1,
Russell County,US.KY.RU,39,4,
Hart County,US.KY.HT,39,0,
Charles City County,US.VA.CC,39,3,
Sevier County,US.UT.SE,39,0,
Washakie County,US.WY.WA,39,5,
Grand Traverse County,US.MI.GN,39,5,
Marshall County,US.WV.MH,39,0,
Pulaski County,US.VA.PU,39,1,
Jefferson County,US.FL.JE,38,4,
Hancock County,US.IA.HN,38,0,
Arenac County,US.MI.AR,38,2,
Franklin County,US.ME.FR,38,1,
Hughes County,US.SD.HG,38,0,
Merrick County,US.NE.ME,38,0,
Bradley County,US.AR.BR,38,2,
Adams County,US.IN.AD,38,1,
Yancey County,US.NC.YN,37,0,
Little River County,US.AR.LT,37,0,
Baker County,US.GA.BR,37,3,
King William County,US.VA.KW,37,0,
Taos County,US.NM.TA,37,1,
Henry County,US.TN.HR,37,0,
Desha County,US.AR.DE,37,0,
Wood County,US.WI.WO,37,1,
Wyoming County,US.PA.WM,37,7,
Washington County,US.NC.WI,37,3,
Towns County,US.GA.TW,37,1,
Coos County,US.OR.CO,37,0,
Morris County,US.TX.MR,37,0,
Lyon County,US.IA.LY,37,0,
Christian County,US.MO.CT,37,0,
Brown County,US.IN.BR,37,1,
Champaign County,US.OH.CH,37,1,
Boyle County,US.KY.BE,37,0,
Bee County,US.TX.BE,36,0,
Appomattox County,US.VA.AP,36,0,
New Madrid County,US.MO.NW,36,1,
Lincoln County,US.ID.LI,36,0,
Davis County,US.IA.DV,36,1,
Logan County,US.AR.LG,36,0,
Cass County,US.TX.CS,36,2,
Carroll County,US.TN.CR,36,1,
Cameron Parish,US.LA.CM,36,0,
Butler County,US.IA.BE,36,2,
Polk County,US.TN.PO,36,0,
Morrow County,US.OR.MO,35,1,
Greene County,US.PA.GR,35,0,
Forest County,US.WI.FR,35,3,
Faribault County,US.MN.FA,35,0,
Franklin County,US.TX.FK,35,0,
Seminole County,US.OK.SM,35,3,
Taney County,US.MO.TA,35,2,
Jefferson County,US.WA.JE,35,0,
Oxford County,US.ME.OX,35,0,
Logan County,US.OK.LG,35,1,
Clayton County,US.IA.CT,35,3,
Davison County,US.SD.DV,35,0,
Madison County,US.IA.MD,35,2,
Clark County,US.KS.CA,34,0,
Cuming County,US.NE.CM,34,0,
Knox County,US.OH.KN,34,1,
Aurora County,US.SD.AU,34,0,
Geary County,US.KS.GE,34,1,
Raleigh County,US.WV.RL,34,0,
Grant County,US.KS.GT,34,1,
Carter County,US.TN.CT,34,1,
Monroe County,US.KY.MO,34,0,
Warren County,US.MO.WR,34,0,
Pike County,US.MO.PI,34,1,
Taylor County,US.KY.TA,34,1,
Delaware County,US.IA.DA,34,1,
Clay County,US.AL.CY,34,2,
Howell County,US.MO.HW,34,0,
Douglas County,US.OR.DO,34,0,
Hockley County,US.TX.HC,33,1,
Robertson County,US.TX.RO,33,0,
Jersey County,US.IL.JR,33,1,
Jackson County,US.OK.JA,33,3,
Spencer County,US.KY.SP,33,0,
Otero County,US.NM.OT,33,6,
Bingham County,US.ID.BG,33,0,
Clarion County,US.PA.CL,33,2,
Clallam County,US.WA.CL,33,0,
Mason County,US.TX.MA,33,0,
Wabaunsee County,US.KS.WB,33,0,
Long County,US.GA.LG,33,1,
Smyth County,US.VA.SM,33,1,
Blackford County,US.IN.BL,33,2,
Cherokee County,US.NC.CO,32,1,
Seward County,US.NE.SA,32,1,
Perquimans County,US.NC.PQ,32,2,
Sagadahoc County,US.ME.SA,32,0,
Ogemaw County,US.MI.OG,32,2,
Barron County,US.WI.BR,32,0,
Barry County,US.MO.BR,32,0,
Crawford County,US.WI.CR,32,0,
Franklin County,US.MS.FR,32,2,
Nowata County,US.OK.NW,32,1,
Lander County,US.NV.LA,32,0,
Hamilton County,US.KS.HM,32,0,
Cocke County,US.TN.CE,32,0,
San Miguel County,US.CO.SM,32,0,
Campbell County,US.VA.CM,32,1,
Kleberg County,US.TX.KL,32,1,
Lamb County,US.TX.LB,32,0,
Woodford County,US.IL.WO,32,2,
Howard County,US.TX.HW,32,1,
Seneca County,US.OH.SE,31,2,
Vernon County,US.WI.VE,31,0,
Noble County,US.OK.NB,31,0,
Meigs County,US.TN.ME,31,0,
Albany County,US.WY.AL,31,0,
Toole County,US.MT.TO,31,6,
Madison County,US.ID.MA,31,0,
Alleghany County,US.NC.AL,31,0,
Alleghany County,US.VA.AL,31,2,
Mills County,US.IA.ML,31,0,
Henry County,US.KY.HY,31,2,
Amherst County,US.VA.AH,31,0,
Juneau County,US.WI.JU,31,1,
Fremont County,US.CO.FR,31,0,
Kit Carson County,US.CO.KT,31,3,
Van Buren County,US.AR.VA,30,2,
Whitman County,US.WA.WI,30,0,
Sibley County,US.MN.SI,30,2,
Sherman County,US.TX.SN,30,0,
Stevens County,US.KS.SV,30,0,
Lamoille County,US.VT.LA,30,1,
Fayette County,US.IA.FT,30,0,
Beaver County,US.OK.BA,30,0,
Charlotte County,US.VA.CT,30,0,
Lincoln County,US.GA.LC,30,1,
Lunenburg County,US.VA.LN,30,0,
Mille Lacs County,US.MN.MI,30,1,
Kalkaska County,US.MI.KK,30,2,
Meade County,US.KS.ME,30,0,
Cooke County,US.TX.OO,30,0,
Carroll County,US.KY.CL,30,0,
Gillespie County,US.TX.GL,29,0,
Le Flore County,US.OK.LE,29,1,
Gibson County,US.IN.GI,29,2,
Dunn County,US.WI.DN,29,0,
Jones County,US.NC.JN,29,3,
Pontotoc County,US.OK.PN,29,2,
Calaveras County,US.CA.CA,29,0,
Dare County,US.NC.DE,29,1,
Scurry County,US.TX.SU,29,0,
Kauai County,US.HI.KU,29,0,
Athens County,US.OH.AS,28,1,
Wabasha County,US.MN.WB,28,0,
Mason County,US.KY.MS,28,0,
Rock County,US.MN.RC,28,0,
Mercer County,US.WV.MR,28,0,
Greene County,US.IA.GE,28,0,
Perry County,US.TN.PE,28,0,
Sequoyah County,US.OK.SQ,28,3,
Owyhee County,US.ID.OW,28,0,
Scioto County,US.OH.SC,28,0,
Grant County,US.AR.GN,28,0,
Lucas County,US.IA.LU,28,3,
Northumberland County,US.VA.NU,28,1,
Mecosta County,US.MI.MT,28,2,
Crockett County,US.TN.CK,28,3,
Montgomery County,US.GA.MM,28,0,
Franklin County,US.NY.FR,28,0,
Lincoln County,US.OK.LI,28,2,
Williams County,US.ND.WI,28,0,
Tipton County,US.IN.TT,28,1,
McIntosh County,US.GA.MH,27,1,
Clare County,US.MI.CE,27,2,
Emmet County,US.MI.EM,27,2,
McKenzie County,US.ND.MK,27,0,
Spencer County,US.IN.SP,27,1,
Johnson County,US.TN.JO,27,0,
Clay County,US.NE.CL,27,0,
Inyo County,US.CA.IN,27,1,
Donley County,US.TX.DO,27,0,
Calhoun County,US.IA.CO,27,0,
Love County,US.OK.LV,27,0,
Wayne County,US.NE.WY,27,0,
Kossuth County,US.IA.KO,27,0,
Jackson County,US.TX.JA,27,1,
Campbell County,US.TN.CM,27,1,
Uintah County,US.UT.UN,27,0,
Bourbon County,US.KY.BU,27,1,
Park County,US.CO.PA,27,0,
Beltrami County,US.MN.BT,27,0,
Crawford County,US.IN.CW,27,0,
Atchison County,US.KS.AT,27,0,
Wise County,US.VA.WI,27,2,
Ford County,US.IL.FO,26,1,
Green Lake County,US.WI.GL,26,0,
Cascade County,US.MT.CS,26,2,
Anderson County,US.KY.AN,26,1,
Gladwin County,US.MI.GL,26,1,
Grundy County,US.IA.GN,26,0,
Somerset County,US.ME.SO,26,0,
Gates County,US.NC.GT,26,2,
Madison County,US.TX.AD,26,0,
Cheboygan County,US.MI.CY,26,2,
Posey County,US.IN.PS,26,0,
Floyd County,US.KY.FO,26,0,
Siskiyou County,US.CA.SK,26,0,
Perry County,US.OH.PE,26,1,
Blanco County,US.TX.BC,26,1,
Roscommon County,US.MI.RO,26,0,
Trinity County,US.TX.TR,26,0,
Taylor County,US.GA.TY,26,2,
Harvey County,US.KS.HV,26,2,
Josephine County,US.OR.JO,26,1,
Henderson County,US.TN.HS,26,0,
Columbia County,US.OR.CL,26,0,
Ray County,US.MO.RY,25,0,
Mitchell County,US.NC.MI,25,0,
Converse County,US.WY.CE,25,0,
Osceola County,US.MI.OE,25,0,
San Jacinto County,US.TX.SJ,25,0,
Cleveland County,US.AR.CV,25,0,
Marshall County,US.OK.MH,25,0,
Jefferson County,US.KS.JF,25,0,
Union County,US.KY.UN,25,0,
Lewis and Clark County,US.MT.LE,25,0,
Candler County,US.GA.CR,25,0,
Doniphan County,US.KS.DP,25,0,
Jackson County,US.AR.JA,25,0,
Falls County,US.TX.FL,25,0,
Montgomery County,US.KS.MG,25,2,
Sullivan County,US.NH.SU,25,1,
Meade County,US.KY.MA,25,2,
Grainger County,US.TN.GA,25,0,
Breckinridge County,US.KY.BC,24,2,
Rockbridge County,US.VA.RB,24,0,
Grays Harbor County,US.WA.GY,24,0,
Gray County,US.KS.GY,24,0,
Todd County,US.KY.TO,24,0,
Turner County,US.SD.TU,24,0,
Whitley County,US.KY.WH,24,0,
Yellow Medicine County,US.MN.YE,24,0,
Knox County,US.ME.KN,24,1,
Missaukee County,US.MI.MU,24,1,
Jackson County,US.WI.JA,24,1,
Sequatchie County,US.TN.SQ,24,0,
Fountain County,US.IN.FO,24,2,
Tensas Parish,US.LA.TN,24,0,
Hansford County,US.TX.HF,24,2,
Swisher County,US.TX.SW,24,1,
Winneshiek County,US.IA.WH,24,0,
McLean County,US.KY.ML,24,1,
Pocahontas County,US.WV.PO,24,0,
Bureau County,US.IL.BU,24,1,
Lewis County,US.NY.LE,24,5,
Fayette County,US.IL.FA,23,3,
Tioga County,US.PA.TI,23,2,
Custer County,US.MT.CU,23,0,
Twiggs County,US.GA.TG,23,1,
King and Queen County,US.VA.KA,23,1,
Nemaha County,US.KS.NM,23,0,
Henry County,US.OH.HE,23,0,
Faulk County,US.SD.FU,23,0,
Trigg County,US.KY.TG,23,0,
Palo Alto County,US.IA.PO,23,0,
Tillman County,US.OK.TI,23,1,
Haskell County,US.KS.HS,23,0,
Cannon County,US.TN.CN,23,0,
Webster County,US.MO.WE,23,1,
Lynn County,US.TX.LY,23,1,
Menard County,US.IL.MN,23,0,
Camden County,US.NC.CD,23,0,
Fillmore County,US.MN.FI,23,0,
Marion County,US.TX.MN,23,1,
Phelps County,US.NE.PH,23,0,
Clinton County,US.MO.CO,23,0,
Cleburne County,US.AL.CB,23,1,
Iowa County,US.WI.IO,23,0,
Vinton County,US.OH.VI,22,2,
Benton County,US.MS.BE,22,0,
Schley County,US.GA.SY,22,1,
Greenup County,US.KY.GU,22,0,
Morgan County,US.TN.MG,22,1,
Brown County,US.MN.BR,22,2,
Martin County,US.IN.MN,22,0,
Switzerland County,US.IN.SW,22,0,
Otero County,US.CO.OT,22,1,
Perry County,US.AR.PY,22,0,
Charlevoix County,US.MI.CV,22,2,
Carbon County,US.WY.CB,22,1,
Arkansas County,US.AR.AR,22,0,
Young County,US.TX.YU,22,1,
Jackson County,US.TN.JA,22,0,
Wabash County,US.IL.WB,22,0,
Franklin County,US.ID.FA,21,0,
Alexander County,US.IL.AL,21,0,
Paulding County,US.OH.PA,21,0,
Ida County,US.IA.ID,21,0,
Jefferson County,US.PA.JE,21,1,
Ketchikan Gateway Borough,US.AK.KG,21,0,
Floyd County,US.TX.FY,21,0,
Carter County,US.KY.CR,21,0,
Logan County,US.WV.LO,21,1,
Benewah County,US.ID.BA,21,0,
Mariposa County,US.CA.MP,21,1,
Delta County,US.MI.DE,21,2,
Stanton County,US.NE.ST,21,0,
Lincoln County,US.KY.LN,21,1,
Lincoln County,US.ME.LI,21,0,
Tyler County,US.TX.TY,21,0,
Alcona County,US.MI.AC,21,1,
Aroostook County,US.ME.AR,21,1,
Kingfisher County,US.OK.KN,21,0,
Washington County,US.KY.WS,21,0,
Jackson County,US.IA.JC,21,0,
Mason County,US.IL.MS,21,0,
Sabine County,US.TX.SB,21,1,
Moody County,US.SD.MO,21,0,
Lafayette County,US.FL.LF,20,0,
Guadalupe County,US.NM.GU,20,0,
Laclede County,US.MO.LD,20,0,
Izard County,US.AR.IZ,20,1,
Waushara County,US.WI.WS,20,0,
Lawrence County,US.MO.LW,20,0,
Hancock County,US.WV.HN,20,0,
Walsh County,US.ND.WL,20,0,
Wilkin County,US.MN.WL,20,3,
Appanoose County,US.IA.AP,20,3,
Freestone County,US.TX.FE,20,0,
Ravalli County,US.MT.RA,20,0,
Douglas County,US.WI.DG,20,0,
Swift County,US.MN.SW,20,1,
Cherokee County,US.KS.CK,20,0,
Sioux County,US.ND.SI,20,0,
Asotin County,US.WA.AS,20,2,
Chickasaw County,US.IA.CC,20,0,
Parke County,US.IN.PA,20,0,
Morgan County,US.WV.MA,20,0,
Carroll County,US.IL.CL,20,2,
Johnson County,US.IL.JH,20,0,
Rappahannock County,US.VA.RP,19,0,
Stewart County,US.TN.SA,19,0,
Van Wert County,US.OH.VA,19,0,
San Juan County,US.WA.SA,19,0,
Leon County,US.TX.LN,19,0,
Mercer County,US.IL.ME,19,0,
Bonner County,US.ID.BR,19,0,
Lampasas County,US.TX.LP,19,0,
Adams County,US.OH.AD,19,1,
Transylvania County,US.NC.TR,19,1,
Treutlen County,US.GA.TE,19,1,
Johnson County,US.WY.JO,19,1,
Amador County,US.CA.AM,19,0,
Chowan County,US.NC.CW,19,0,
Boone County,US.WV.BN,19,0,
Gem County,US.ID.GE,19,0,
Warren County,US.GA.WR,19,0,
Sheridan County,US.WY.SH,19,0,
Hamilton County,US.TX.HM,19,1,
Washington County,US.IL.WG,19,0,
Buchanan County,US.VA.BH,18,0,
Grundy County,US.MO.GU,18,0,
Nelson County,US.VA.NL,18,0,
Page County,US.IA.PG,18,0,
Wexford County,US.MI.WE,18,3,
Ouachita County,US.AR.OU,18,0,
Crawford County,US.IL.CW,18,0,
Renville County,US.MN.RN,18,1,
Rowan County,US.KY.RW,18,0,
Grand County,US.CO.GR,18,0,
Rockcastle County,US.KY.RC,18,0,
Craig County,US.OK.CG,18,0,
Costilla County,US.CO.CS,18,0,
Miami County,US.KS.MI,18,0,
Clear Creek County,US.CO.CL,18,1,
Sharkey County,US.MS.SH,18,0,
Norman County,US.MN.NR,18,0,
Cheyenne County,US.NE.CY,18,0,
Claiborne County,US.TN.CI,18,0,
Hancock County,US.IL.HC,18,1,
Prairie County,US.AR.PR,18,0,
San Miguel County,US.NM.SM,18,0,
Webster County,US.GA.WT,18,1,
Lake County,US.SD.LK,18,1,
Harlan County,US.KY.HL,18,2,
Caledonia County,US.VT.CA,18,0,
Fulton County,US.PA.FU,18,1,
Barnes County,US.ND.BA,18,0,
Humphreys County,US.TN.HU,18,1,
Keokuk County,US.IA.KE,17,1,
Knox County,US.NE.KN,17,0,
Reeves County,US.TX.RE,17,0,
Bracken County,US.KY.BK,17,0,
Palo Pinto County,US.TX.PO,17,2,
Washington County,US.MO.WS,17,1,
Evans County,US.GA.EV,17,0,
Venango County,US.PA.VE,17,0,
Lyon County,US.KY.LY,17,3,
Ellis County,US.KS.EL,17,0,
Park County,US.WY.PA,17,0,
Grant County,US.NM.GR,17,0,
Mercer County,US.KY.MC,17,0,
Oneida County,US.WI.ON,17,0,
Montague County,US.TX.MU,17,1,
Neosho County,US.KS.NO,17,0,
Nodaway County,US.MO.NO,17,0,
Morgan County,US.UT.MN,17,0,
Lawrence County,US.SD.LW,17,0,
Winnebago County,US.IA.WB,17,0,
Henry County,US.MO.HE,17,3,
Barton County,US.MO.BT,17,0,
Piatt County,US.IL.PA,17,0,
Pike County,US.OH.PK,17,0,
Currituck County,US.NC.CI,16,0,
McCreary County,US.KY.MR,16,0,
Boone County,US.AR.BO,16,1,
Power County,US.ID.PO,16,0,
Benton County,US.MO.BN,16,0,
Antrim County,US.MI.AN,16,0,
Stevens County,US.WA.ST,16,1,
Ransom County,US.ND.RN,16,0,
Van Buren County,US.IA.VA,16,0,
Zavala County,US.TX.ZV,16,0,
Nolan County,US.TX.NO,16,0,
Corson County,US.SD.CO,16,0,
Decatur County,US.TN.DC,16,0,
Prowers County,US.CO.PR,16,0,
Mason County,US.WV.MN,16,0,
Knox County,US.KY.KX,16,0,
Chester County,US.TN.CS,16,0,
Wheeler County,US.TX.WL,16,0,
Ripley County,US.MO.RI,16,0,
Ste. Genevieve County,US.MO.SG,16,1,
Lewis County,US.KY.LI,16,0,
Callahan County,US.TX.AL,16,2,
Jackson County,US.OH.JA,16,0,
Jefferson County,US.ID.JF,16,0,
Grant County,US.WV.GA,16,0,
Scott County,US.KS.SC,16,0,
Pamlico County,US.NC.PM,16,0,
Greenlee County,US.AZ.GE,16,1,
Cass County,US.IA.CS,16,0,
Manistee County,US.MI.ME,16,0,
Garrard County,US.KY.GR,16,0,
Shelby County,US.IL.SB,16,1,
Fulton County,US.KY.FU,16,0,
Brule County,US.SD.BU,16,0,
Poquoson city,US.VA.PQ,16,0,
Tuolumne County,US.CA.TO,15,0,
Fentress County,US.TN.FE,15,0,
Karnes County,US.TX.KS,15,0,
Fulton County,US.IL.FU,15,0,
Hancock County,US.ME.HA,15,1,
Traill County,US.ND.TR,15,0,
Juab County,US.UT.JU,15,0,
Quitman County,US.GA.QU,15,1,
Richland County,US.WI.RI,15,4,
Hancock County,US.KY.HC,15,0,
Carbon County,US.MT.CB,15,0,
Houston County,US.MN.HO,15,0,
Moultrie County,US.IL.MI,15,0,
Audubon County,US.IA.AU,15,1,
Pendleton County,US.KY.PN,15,0,
Phillips County,US.CO.PH,15,0,
Yoakum County,US.TX.YA,15,0,
Lewis County,US.WV.LE,15,2,
Barbour County,US.WV.BB,15,1,
Live Oak County,US.TX.LK,15,0,
Baxter County,US.AR.BA,15,0,
Middlesex County,US.VA.MI,15,0,
Lincoln County,US.WY.LI,15,0,
Montgomery County,US.MO.MM,15,0,
Bandera County,US.TX.BA,15,0,
Pipestone County,US.MN.PS,15,0,
Mingo County,US.WV.MO,15,2,
McKean County,US.PA.MC,15,1,
Otoe County,US.NE.OT,15,0,
Atoka County,US.OK.AT,14,0,
Ballard County,US.KY.BA,14,0,
Terry County,US.TX.TE,14,0,
Millard County,US.UT.MD,14,0,
Teton County,US.ID.TE,14,0,
Thomas County,US.KS.TH,14,0,
Gulf County,US.FL.GU,14,0,
Lafayette County,US.AR.LF,14,1,
Comanche County,US.TX.CE,14,1,
Potter County,US.PA.PO,14,0,
Linn County,US.MO.LN,14,1,
Buena Vista city,US.VA.BE,14,0,
Carbon County,US.UT.CR,14,0,
Howard County,US.IA.HO,14,0,
Colusa County,US.CA.CL,14,0,
Surry County,US.VA.SR,14,1,
Warren County,US.IN.WN,14,1,
Nantucket County,US.MA.NA,14,1,
Taylor County,US.WV.TA,14,0,
Blaine County,US.OK.BL,14,0,
Morrill County,US.NE.MO,14,0,
Murray County,US.OK.MR,14,0,
Gaines County,US.TX.GS,14,0,
Wright County,US.MO.WG,14,0,
Orleans County,US.VT.OL,14,0,
Big Stone County,US.MN.BI,14,0,
Clark County,US.IL.CK,14,0,
Hudspeth County,US.TX.HU,14,0,
Union County,US.IA.UN,14,0,
Scott County,US.TN.SC,14,0,
Presidio County,US.TX.PS,14,0,
Floyd County,US.VA.FO,14,1,
Wadena County,US.MN.WD,14,0,
Fleming County,US.KY.FE,14,0,
Dunn County,US.ND.DU,13,0,
Vermillion County,US.IN.VE,13,0,
Stone County,US.AR.ST,13,0,
Day County,US.SD.DY,13,0,
Letcher County,US.KY.LT,13,0,
Caldwell County,US.KY.CD,13,0,
Clark County,US.SD.CK,13,0,
Aitkin County,US.MN.AI,13,0,
Lake County,US.MT.LA,13,0,
Grant County,US.SD.GA,13,0,
Vernon County,US.MO.VE,13,0,
Pendleton County,US.WV.PE,13,1,
Kearney County,US.NE.KA,13,0,
Tripp County,US.SD.TR,13,0,
Kanabec County,US.MN.KA,13,1,
Morgan County,US.MO.MG,13,0,
Marion County,US.MO.MO,13,0,
Franklin County,US.AR.FR,13,0,
Upshur County,US.WV.UP,13,0,
Casey County,US.KY.CS,13,0,
Gosper County,US.NE.GO,13,0,
Fillmore County,US.NE.FI,13,1,
Schuyler County,US.IL.SU,13,0,
Logan County,US.IL.LO,13,0,
Wayne County,US.KY.WY,13,0,
Crosby County,US.TX.CB,13,1,
Cooper County,US.MO.CP,13,0,
Linn County,US.KS.LN,13,0,
Ohio County,US.IN.OH,13,0,
Hartley County,US.TX.HL,13,0,
Leelanau County,US.MI.LE,12,0,
Bates County,US.MO.BS,12,1,
Clay County,US.TN.CY,12,0,
Bollinger County,US.MO.BI,12,0,
Harrison County,US.OH.HR,12,1,
Harrison County,US.MO.HS,12,0,
Menifee County,US.KY.ME,12,0,
Phelps County,US.MO.PH,12,0,
Sanborn County,US.SD.SA,12,0,
Baca County,US.CO.BA,12,0,
Stanley County,US.SD.ST,12,0,
Grand County,US.UT.GR,12,0,
Schleicher County,US.TX.SH,12,0,
Schuyler County,US.NY.SU,12,0,
Woodward County,US.OK.WW,12,0,
Marshall County,US.MN.MS,12,0,
Pacific County,US.WA.PA,12,1,
Franklin County,US.IL.FR,12,0,
Hot Springs County,US.WY.HO,12,0,
Oscoda County,US.MI.OO,12,1,
Conejos County,US.CO.CN,12,0,
Ringgold County,US.IA.RI,12,0,
Adair County,US.IA.AI,12,0,
Newton County,US.TX.NE,12,0,
Bond County,US.IL.BN,12,1,
Union County,US.IN.UN,12,0,
Presque Isle County,US.MI.PR,12,0,
Redwood County,US.MN.RW,12,0,
Randolph County,US.MO.RN,12,0,
Dallas County,US.MO.DL,12,1,
Polk County,US.NE.PO,12,0,
Bourbon County,US.KS.BB,12,1,
Greenwood County,US.KS.GW,11,0,
Adams County,US.WI.AD,11,2,
Hamlin County,US.SD.HM,11,0,
Okfuskee County,US.OK.OF,11,0,
McCormick County,US.SC.MC,11,1,
Carroll County,US.MO.CL,11,0,
Effingham County,US.IL.EF,11,1,
Roane County,US.WV.RO,11,1,
Tazewell County,US.VA.TA,11,0,
Polk County,US.MO.PO,11,0,
Burt County,US.NE.BT,11,0,
Menominee County,US.MI.MM,11,0,
Garfield County,US.UT.GA,11,1,
Beckham County,US.OK.BC,11,0,
McLean County,US.ND.ML,11,0,
Stone County,US.MO.SE,11,0,
LaMoure County,US.ND.LA,11,0,
Silver Bow County,US.MT.SI,11,0,
Wayne County,US.IL.WY,11,1,
Rusk County,US.WI.RU,11,0,
Lassen County,US.CA.LS,11,0,
Larue County,US.KY.LR,11,1,
Cass County,US.MN.CS,11,2,
Bath County,US.KY.BH,11,1,
Radford city,US.VA.RD,11,0,
Sitka City and Borough,US.AK.SI,11,0,
Brown County,US.KS.BR,11,0,
Big Horn County,US.WY.BI,11,0,
Bon Homme County,US.SD.BH,11,0,
Cedar County,US.NE.CA,11,0,
Houghton County,US.MI.HO,11,0,
Duchesne County,US.UT.DU,11,0,
Miller County,US.MO.ML,11,0,
Ouray County,US.CO.OU,10,1,
Gilmer County,US.WV.GI,10,0,
Garrett County,US.MD.GA,10,0,
Osage County,US.KS.OS,10,0,
Marquette County,US.WI.MQ,10,1,
Churchill County,US.NV.CH,10,1,
Pope County,US.MN.PE,10,0,
Adams County,US.ID.AM,10,0,
Crawford County,US.MO.CF,10,0,
Aransas County,US.TX.AA,10,0,
Bosque County,US.TX.BQ,10,0,
Vilas County,US.WI.VI,10,0,
Montgomery County,US.IA.MG,10,2,
Johnston County,US.OK.JO,10,0,
Livingston County,US.MO.LV,10,0,
Ramsey County,US.ND.RM,10,1,
Stanton County,US.KS.ST,10,0,
Cumberland County,US.IL.CU,10,0,
Houston County,US.TN.HO,10,0,
Lexington city,US.VA.LX,10,0,
Sumner County,US.KS.SU,10,1,
Elk County,US.PA.EL,10,0,
Taylor County,US.WI.TA,10,0,
Clay County,US.WV.CY,10,1,
Furnas County,US.NE.FU,10,1,
Lancaster County,US.VA.LA,10,0,
Brown County,US.IL.BR,10,0,
Rolette County,US.ND.RO,10,0,
Hutchinson County,US.SD.HT,10,0,
DeKalb County,US.MO.DE,10,0,
Scott County,US.VA.SC,9,2,
Rosebud County,US.MT.RS,9,0,
Johnson County,US.KY.JO,9,0,
Wilbarger County,US.TX.WG,9,0,
Jim Hogg County,US.TX.JG,9,0,
Ralls County,US.MO.RL,9,0,
Lee County,US.VA.LE,9,0,
Grand Isle County,US.VT.GR,9,0,
Spink County,US.SD.SP,9,0,
Latah County,US.ID.LA,9,0,
Metcalfe County,US.KY.MT,9,2,
Benton County,US.TN.BN,9,1,
Hodgeman County,US.KS.HG,9,0,
Lipscomb County,US.TX.LM,9,0,
Jefferson County,US.NE.JE,9,0,
Crook County,US.OR.CR,9,0,
Colfax County,US.NM.CO,9,1,
Park County,US.MT.PA,9,0,
Sawyer County,US.WI.SW,9,0,
Russell County,US.VA.RU,9,0,
Orange County,US.VT.OA,9,0,
Union County,US.TN.UO,9,0,
Mitchell County,US.IA.ME,9,0,
Wetzel County,US.WV.WT,9,0,
Richland County,US.MT.RI,9,0,
Antelope County,US.NE.AN,9,1,
Meigs County,US.OH.MS,9,0,
Moffat County,US.CO.MF,9,0,
Ward County,US.TX.WD,9,0,
Cedar County,US.MO.CD,9,0,
Koochiching County,US.MN.KO,9,0,
Emery County,US.UT.EM,9,0,
Gallia County,US.OH.GA,9,1,
Refugio County,US.TX.RF,9,0,
Monroe County,US.WV.ME,9,0,
Decatur County,US.IA.DC,9,0,
Fulton County,US.AR.FU,9,0,
Marion County,US.KS.MN,9,1,
Clay County,US.NC.CY,9,0,
Pembina County,US.ND.PE,9,0,
Caldwell County,US.MO.CW,9,0,
Caribou County,US.ID.CR,9,0,
Morgan County,US.KY.MG,8,0,
Madison County,US.MT.MA,8,1,
Pushmataha County,US.OK.PU,8,0,
Nicholas County,US.WV.NI,8,1,
Worth County,US.IA.WT,8,0,
Major County,US.OK.MJ,8,1,
Cloud County,US.KS.CD,8,0,
Rains County,US.TX.RI,8,0,
Mackinac County,US.MI.MK,8,0,
Dickinson County,US.KS.DK,8,0,
McCook County,US.SD.MC,8,1,
Martin County,US.TX.MT,8,1,
Archuleta County,US.CO.AC,8,0,
Kimball County,US.NE.KB,8,0,
Lincoln County,US.NM.LI,8,0,
Monroe County,US.AR.ME,8,0,
Columbia County,US.WA.CM,8,0,
Lincoln County,US.WI.LI,8,0,
Greene County,US.IL.GE,8,0,
La Salle County,US.TX.LS,8,0,
Leslie County,US.KY.LS,8,0,
Wallowa County,US.OR.WW,8,0,
Wells County,US.ND.WE,8,0,
Winkler County,US.TX.WI,8,0,
Livingston County,US.KY.LV,8,0,
Walworth County,US.SD.WA,8,0,
Henderson County,US.IL.HD,8,0,
Madison County,US.NC.MD,8,0,
Saline County,US.IL.SE,8,0,
Eastland County,US.TX.EA,8,0,
Crittenden County,US.KY.CT,8,1,
Graham County,US.NC.GH,8,0,
Scotland County,US.MO.SO,8,1,
Massac County,US.IL.MA,8,0,
Scott County,US.AR.SC,8,0,
Avery County,US.NC.AV,8,0,
Sherman County,US.KS.SH,7,0,
Fall River County,US.SD.FL,7,0,
Sierra County,US.NM.SI,7,0,
Tillamook County,US.OR.TI,7,0,
Dickinson County,US.MI.DI,7,2,
Clearwater County,US.MN.CE,7,0,
Duval County,US.TX.DU,7,0,
Valley County,US.NE.VA,7,0,
Daviess County,US.MO.DV,7,0,
Stephens County,US.TX.SE,7,0,
Custer County,US.SD.CU,7,0,
Childress County,US.TX.CD,7,0,
Curry County,US.OR.CU,7,0,
Adams County,US.IA.AM,7,0,
McCulloch County,US.TX.MC,7,0,
Crook County,US.WY.CK,7,0,
Wyoming County,US.WV.WY,7,0,
Forest County,US.PA.FO,7,0,
Edgar County,US.IL.EG,7,0,
Glacier County,US.MT.GC,7,0,
Latimer County,US.OK.LA,7,1,
Macon County,US.MO.MN,7,0,
Lake County,US.MI.LK,7,0,
Boone County,US.NE.BO,7,0,
Lincoln County,US.MT.LN,7,1,
Goliad County,US.TX.GI,7,0,
Lincoln County,US.MN.LI,7,0,
Los Alamos County,US.NM.LO,7,0,
Jack County,US.TX.JK,7,0,
Plumas County,US.CA.PU,7,0,
Searcy County,US.AR.SA,7,0,
Hand County,US.SD.HD,7,0,
Pierce County,US.NE.PI,7,0,
Giles County,US.VA.GI,7,0,
Pike County,US.AR.PE,7,0,
Lewis County,US.MO.LE,7,1,
Langlade County,US.WI.LN,7,0,
Garza County,US.TX.GR,7,0,
Buffalo County,US.WI.BF,7,2,
Las Animas County,US.CO.LS,7,0,
Roosevelt County,US.MT.RO,7,0,
Rooks County,US.KS.RO,7,0,
Haskell County,US.OK.HS,7,0,
Llano County,US.TX.LL,7,0,
Brooke County,US.WV.BO,7,0,
Carson County,US.TX.CN,6,0,
Lawrence County,US.IL.LW,6,0,
Bell County,US.KY.BL,6,0,
Wayne County,US.IA.WY,6,0,
Grant County,US.MN.GR,6,0,
Dallas County,US.AR.DA,6,0,
Tyrrell County,US.NC.TY,6,0,
McDowell County,US.WV.MC,6,0,
Jackson County,US.SD.JA,6,1,
Roseau County,US.MN.RS,6,0,
Noble County,US.OH.NO,6,0,
Coal County,US.OK.CL,6,0,
Clay County,US.KS.CY,6,1,
Van Buren County,US.TN.VA,6,0,
Edwards County,US.KS.ED,6,0,
Pershing County,US.NV.PE,6,0,
Union County,US.NM.UN,6,0,
Hamilton County,US.NY.HA,6,1,
Breathitt County,US.KY.BT,6,0,
Pike County,US.IN.PI,6,0,
Hughes County,US.OK.HU,6,0,
Hyde County,US.NC.HE,6,0,
Edmunds County,US.SD.ED,6,0,
Lake County,US.OR.LK,6,0,
Mercer County,US.ND.ME,6,0,
Woodruff County,US.AR.WO,6,0,
Kingsbury County,US.SD.KI,6,0,
Gilpin County,US.CO.GI,6,0,
Marshall County,US.IL.MH,6,0,
Benzie County,US.MI.BE,6,0,
Bethel Census Area,US.AK.BE,6,0,
Owen County,US.KY.OE,6,0,
Oregon County,US.MO.OR,6,0,
Gasconade County,US.MO.GA,6,0,
Shannon County,US.MO.SN,6,0,
Morgan County,US.OH.MA,6,0,
Trimble County,US.KY.TM,6,0,
Osage County,US.MO.OS,6,0,
Chariton County,US.MO.CI,6,0,
Kane County,US.UT.KA,6,0,
Craig County,US.VA.CG,6,0,
Morton County,US.KS.MT,6,2,
Tucker County,US.WV.TU,6,0,
Mahnomen County,US.MN.MH,6,1,
Franklin County,US.NE.FA,6,0,
Webster County,US.NE.WE,6,0,
Kiowa County,US.OK.KO,6,1,
Coos County,US.NH.CO,6,0,
Carter County,US.MO.CR,6,1,
Red Willow County,US.NE.RE,6,0,
Pratt County,US.KS.PR,6,0,
Woodson County,US.KS.WO,6,0,
Cumberland County,US.KY.CU,6,0,
Johnson County,US.NE.JO,6,0,
Gogebic County,US.MI.GO,6,1,
Hubbard County,US.MN.HU,5,0,
Howard County,US.MO.HR,5,0,
Clinton County,US.KY.CO,5,0,
Traverse County,US.MN.TR,5,0,
Knott County,US.KY.KT,5,0,
Morris County,US.KS.MR,5,0,
Nemaha County,US.NE.NE,5,0,
Bottineau County,US.ND.BT,5,0,
Runnels County,US.TX.RN,5,0,
Richardson County,US.NE.RI,5,1,
Quay County,US.NM.QU,5,1,
Nicholas County,US.KY.NI,5,0,
Broadwater County,US.MT.BR,5,0,
Powell County,US.KY.PO,5,0,
Crockett County,US.TX.CT,5,0,
Lake County,US.MN.LE,5,0,
Coke County,US.TX.OK,5,1,
Montmorency County,US.MI.MR,5,0,
Pleasants County,US.WV.PL,5,0,
Monroe County,US.MO.MR,5,0,
Moore County,US.TN.MO,5,0,
Lane County,US.KS.LE,5,0,
Delta County,US.TX.DT,5,0,
Miner County,US.SD.ME,5,0,
Collingsworth County,US.TX.CG,5,0,
Cotton County,US.OK.CT,5,2,
Pickett County,US.TN.PI,5,0,
Burke County,US.ND.BK,5,0,
Lincoln County,US.WV.LI,5,0,
Carlisle County,US.KY.CE,5,1,
Sargent County,US.ND.SG,5,0,
Matthews County,US.VA.MT,5,0,
Lewis County,US.TN.LE,5,0,
Woods County,US.OK.WS,5,0,
Archer County,US.TX.AC,5,0,
Warren County,US.PA.WR,5,0,
Goshen County,US.WY.GO,5,0,
Hanson County,US.SD.HS,5,0,
Somervell County,US.TX.SV,5,0,
Martin County,US.KY.MI,5,0,
Marshall County,US.SD.MS,5,0,
Glasscock County,US.TX.GC,5,0,
Nome Census Area,US.AK.NM,5,0,
Magoffin County,US.KY.MF,5,0,
Sublette County,US.WY.SU,5,0,
Lawrence County,US.KY.LC,5,0,
Sherman County,US.NE.SM,5,0,
Clay County,US.TX.CY,5,0,
Cheyenne County,US.CO.CE,5,0,
Eddy County,US.ND.ED,5,0,
Mercer County,US.MO.MC,5,0,
Hickman County,US.KY.HA,5,0,
Renville County,US.ND.RE,4,0,
Schoolcraft County,US.MI.SR,4,0,
San Saba County,US.TX.SS,4,0,
Republic County,US.KS.RP,4,0,
Schuyler County,US.MO.SH,4,0,
Mitchell County,US.KS.MC,4,0,
Rice County,US.KS.RC,4,0,
Beaver County,US.UT.BV,4,0,
Lac Qui Parle County,US.MN.LC,4,0,
Ness County,US.KS.NS,4,0,
Worth County,US.MO.WO,4,0,
Maries County,US.MO.MS,4,0,
Oldham County,US.TX.OL,4,1,
Garden County,US.NE.GD,4,0,
Ottawa County,US.KS.OT,4,0,
Fremont County,US.ID.FE,4,0,
Fremont County,US.IA.FO,4,0,
Bent County,US.CO.BE,4,0,
Jefferson County,US.OK.JE,4,0,
Washburn County,US.WI.WR,4,0,
Jewell County,US.KS.JW,4,0,
Wahkiakum County,US.WA.WH,4,0,
Nance County,US.NE.NA,4,0,
Franklin County,US.FL.FR,4,0,
Douglas County,US.SD.DO,4,0,
Texas County,US.MO.TE,4,0,
Richland County,US.IL.RI,4,0,
Deer Lodge County,US.MT.DE,4,0,
Hardeman County,US.TX.RD,4,0,
Stillwater County,US.MT.ST,4,0,
Green County,US.KY.GN,4,1,
Dewey County,US.OK.DW,4,0,
Dewey County,US.SD.DW,4,0,
De Witt County,US.IL.DW,4,0,
Northwest Arctic Borough,US.AK.NW,4,0,
Pierce County,US.ND.PI,4,0,
Dickey County,US.ND.DC,4,0,
North Slope Borough,US.AK.NH,4,0,
Huerfano County,US.CO.HU,4,0,
Menominee County,US.WI.MN,4,0,
Haskell County,US.TX.HK,4,0,
Valley County,US.ID.VA,4,0,
Chase County,US.KS.CS,4,0,
McPherson County,US.SD.MP,4,0,
Norton city,US.VA.NC,4,0,
Chautauqua County,US.KS.CQ,4,0,
Estill County,US.KY.ES,4,0,
Mineral County,US.NV.MI,4,0,
Iron County,US.MI.IR,4,0,
Cottle County,US.TX.OT,4,1,
Newton County,US.AR.NW,4,0,
Wirt County,US.WV.WI,4,0,
Petersburg Census Area,US.AK.PB,4,1,
Emmons County,US.ND.EM,4,1,
Bristol city,US.VA.BI,4,0,
Lincoln County,US.CO.LI,4,0,
Brooks County,US.TX.BK,3,0,
Washita County,US.OK.WT,3,0,
Box Butte County,US.NE.BX,3,0,
White Pine County,US.NV.WH,3,0,
Wayne County,US.MO.WY,3,0,
Wrangell City and Borough,US.AK.WG,3,0,
White County,US.IL.WE,3,0,
Benson County,US.ND.BE,3,0,
Tyler County,US.WV.TY,3,0,
Atchison County,US.MO.AT,3,0,
Bennett County,US.SD.BN,3,0,
Armstrong County,US.TX.AM,3,0,
Braxton County,US.WV.BX,3,0,
Bayfield County,US.WI.BY,3,1,
Coleman County,US.TX.CM,3,0,
Chippewa County,US.MI.CP,3,0,
Anderson County,US.KS.AN,3,0,
Ashland County,US.WI.AS,3,0,
Golden Valley County,US.MT.GO,3,0,
Covington city,US.VA.CV,3,0,
Sullivan County,US.PA.SL,3,0,
Highland County,US.VA.HA,3,0,
Hemphill County,US.TX.HH,3,0,
Hancock County,US.TN.HC,3,0,
Greeley County,US.NE.GE,3,0,
Glascock County,US.GA.GS,3,0,
Shelby County,US.MO.SB,3,0,
Sheridan County,US.KS.SD,3,0,
Sioux County,US.NE.SI,3,0,
Skamania County,US.WA.SM,3,0,
Slope County,US.ND.SL,3,0,
Smith County,US.KS.SM,3,0,
Southeast Fairbanks Census Area,US.AK.SO,3,0,
Florence County,US.WI.FL,3,0,
Stark County,US.IL.SA,3,0,
Essex County,US.VT.ES,3,0,
Stevens County,US.MN.SV,3,0,
Ellsworth County,US.KS.EW,3,0,
Holt County,US.NE.HT,3,0,
Roberts County,US.TX.RS,3,0,
Hyde County,US.SD.HY,3,0,
Luce County,US.MI.LU,3,0,
Mitchell County,US.TX.MH,3,0,
Mineral County,US.CO.MI,3,0,
Norton County,US.KS.NT,3,0,
Menard County,US.TX.EN,3,0,
Mellette County,US.SD.ML,3,0,
McHenry County,US.ND.MH,3,1,
Madison County,US.MO.MD,3,0,
Pawnee County,US.KS.PN,3,0,
Idaho County,US.ID.ID,3,0,
Pend Oreille County,US.WA.PE,3,0,
Phillips County,US.KS.PL,3,0,
Kodiak Island Borough,US.AK.KO,3,0,
Kiowa County,US.KS.KW,3,0,
Jefferson County,US.MT.JE,3,0,
Red Lake County,US.MN.RD,3,0,
Rich County,US.UT.RH,3,0,
Elliott County,US.KY.EL,3,0,
Hinsdale County,US.CO.HI,3,0,
Dawson County,US.MT.DW,3,0,
Dimmit County,US.TX.DM,3,0,
Douglas County,US.MO.DO,3,0,
Sutton County,US.TX.ST,3,0,
Culberson County,US.TX.UL,3,0,
Iron County,US.MO.IR,2,0,
Grant County,US.ND.GT,2,0,
Kidder County,US.ND.KI,2,0,
Griggs County,US.ND.GI,2,0,
Prince of Wales-Hyder Census Area,US.AK.PH,2,0,
Price County,US.WI.PC,2,0,
Kinney County,US.TX.KN,2,0,
Grant County,US.OK.GN,2,0,
Knox County,US.MO.KN,2,0,
Hall County,US.TX.HA,2,1,
Pondera County,US.MT.PN,2,0,
Platte County,US.WY.PL,2,0,
Catron County,US.NM.CA,2,1,
Cavalier County,US.ND.CV,2,0,
Piute County,US.UT.PT,2,0,
Pike County,US.IL.PK,2,0,
Lemhi County,US.ID.LM,2,0,
Dickens County,US.TX.DC,2,0,
Haines Borough,US.AK.HA,2,0,
Hamilton County,US.IL.HM,2,0,
Bland County,US.VA.BL,2,0,
Taliaferro County,US.GA.TA,2,0,
Dawes County,US.NE.DS,2,0,
Ritchie County,US.WV.RI,2,0,
St. Clair County,US.MO.SC,2,0,
Burnett County,US.WI.BN,2,1,
Rio Blanco County,US.CO.RB,2,0,
Iron County,US.WI.IR,2,1,
Harper County,US.KS.HP,2,0,
Comanche County,US.KS.CM,2,0,
Reynolds County,US.MO.RE,2,0,
Reagan County,US.TX.RG,2,0,
Concho County,US.TX.ON,2,0,
Calhoun County,US.WV.CH,2,0,
Putnam County,US.MO.PN,2,0,
Keith County,US.NE.KT,2,0,
Washington County,US.ME.WS,2,0,
Dent County,US.MO.DN,2,0,
Cameron County,US.PA.CE,2,0,
Gallatin County,US.IL.GA,2,0,
Piscataquis County,US.ME.PI,2,0,
Trinity County,US.CA.TR,2,0,
Treasure County,US.MT.TR,2,0,
Alpine County,US.CA.AP,2,0,
Alger County,US.MI.AG,2,0,
Fergus County,US.MT.FE,2,0,
Custer County,US.ID.CU,2,0,
Clark County,US.MO.CK,2,0,
Clay County,US.IL.CY,2,0,
Upton County,US.TX.UP,2,0,
Fisher County,US.TX.FH,2,1,
Osborne County,US.KS.OB,2,0,
Marion County,US.AR.MN,2,0,
Foster County,US.ND.FO,2,0,
Niobrara County,US.WY.NI,2,0,
Owsley County,US.KY.OS,2,0,
Storey County,US.NV.ST,2,0,
Lincoln County,US.WA.LI,2,0,
Yukon-Koyukuk Census Area,US.AK.YU,2,0,
Wolfe County,US.KY.WL,2,0,
Montgomery County,US.AR.MT,2,0,
Lincoln County,US.NV.LI,2,0,
Custer County,US.CO.CU,2,0,
Edwards County,US.IL.EW,2,0,
Cheyenne County,US.KS.CN,2,0,
Mills County,US.TX.MS,1,0,
Bowman County,US.ND.BW,1,0,
Holt County,US.MO.HL,1,0,
Allen County,US.KS.AL,1,0,
Rock County,US.NE.RO,1,0,
Musselshell County,US.MT.MU,1,0,
Putnam County,US.IL.PT,1,0,
Alfalfa County,US.OK.AL,1,0,
Briscoe County,US.TX.BO,1,0,
Nuckolls County,US.NE.NU,1,0,
Boyd County,US.NE.BY,1,0,
Terrell County,US.TX.TL,1,0,
Nelson County,US.ND.NE,1,0,
Real County,US.TX.RL,1,0,
Irion County,US.TX.IR,1,0,
Trego County,US.KS.TR,1,0,
Liberty County,US.MT.LB,1,0,
Wheatland County,US.MT.WH,1,0,
Wilson County,US.KS.WL,1,0,
Baraga County,US.MI.BA,1,0,
Thomas County,US.NE.TO,1,0,
Barber County,US.KS.AB,1,0,
Baker County,US.OR.BA,1,0,
Pepin County,US.WI.PE,1,0,
Lee County,US.KY.LE,1,0,
Hitchcock County,US.NE.HI,1,0,
Logan County,US.KS.LG,1,0,
Dade County,US.MO.DD,1,0,
Ozark County,US.MO.OZ,1,0,
Baylor County,US.TX.BR,1,0,
Beaverhead County,US.MT.BE,1,0,
Meagher County,US.MT.ME,1,0,
Thayer County,US.NE.TA,1,0,
Pope County,US.IL.PE,1,0,
Knox County,US.TX.KX,1,0,
Cook County,US.MN.CO,1,0,
Kittson County,US.MN.KI,1,0,
Marshall County,US.KS.MS,1,0,
Kimble County,US.TX.KM,1,0,
Billings County,US.ND.BI,1,0,
Oliver County,US.ND.OL,1,0,
Banner County,US.NE.BA,1,0,
McIntosh County,US.ND.MI,1,0,
Keweenaw County,US.MI.KW,1,0,
Ziebach County,US.SD.ZI,1,0,
Shackelford County,US.TX.SC,1,0,
Harney County,US.OR.HA,1,0,
Gregory County,US.SD.GE,1,0,
Frontier County,US.NE.FO,1,0,
Steele County,US.ND.SE,1,0,
Sierra County,US.CA.SE,1,0,
Cherry County,US.NE.CH,1,0,
Divide County,US.ND.DV,1,0,
Calhoun County,US.IL.CH,1,0,
Cimarron County,US.OK.CO,1,0,
Ferry County,US.WA.FE,1,0,
Harding County,US.NM.HA,1,0,
Hardin County,US.IL.HI,1,0,
Camas County,US.ID.CM,1,0,
Washington County,US.KS.WS,1,0,
Grant County,US.OR.GR,1,0,
Stafford County,US.KS.SF,1,0,
Cochran County,US.TX.CC,1,0,
Dickenson County,US.VA.DC,1,0,
Gove County,US.KS.GO,1,0,
Harlan County,US.NE.HR,1,0,
Sherman County,US.OR.SH,1,0,
Chase County,US.NE.CE,1,0,
Summers County,US.WV.SU,1,0,
Garfield County,US.NE.GF,1,0,
Valley County,US.MT.VA,1,0,
Sully County,US.SD.SU,1,0,
Hill County,US.MT.HI,1,0,
Motley County,US.TX.MY,1,0,
Sheridan County,US.ND.SH,1,0,
Deuel County,US.SD.DU,1,0,
Ellis County,US.OK.EL,1,0,
Harper County,US.OK.HP,1,0,
San Juan County,US.CO.SJ,1,0,
Perkins County,US.NE.PE,0,0,
Petroleum County,US.MT.PO,0,0,
Perkins County,US.SD.PR,0,0,
Loup County,US.NE.LU,0,0,
Logan County,US.NE.LG,0,0,
Logan County,US.ND.LO,0,0,
Shoshone County,US.ID.SH,0,0,
Daggett County,US.UT.DG,0,0,
Pawnee County,US.NE.PA,0,0,
Throckmorton County,US.TX.TH,0,0,
Sheridan County,US.NE.SD,0,0,
Garfield County,US.MT.GF,0,0,
Lewis County,US.ID.LW,0,0,
Sheridan County,US.MT.SH,0,0,
Phillips County,US.MT.PH,0,0,
Lincoln County,US.KS.LC,0,0,
Wallace County,US.KS.WA,0,0,
Rush County,US.KS.RH,0,0,
Loving County,US.TX.LI,0,0,
Skagway Municipality,US.AK.SW,0,0,
Mora County,US.NM.MO,0,0,
Clearwater County,US.ID.CE,0,0,
Adams County,US.ND.AD,0,0,
Modoc County,US.CA.MC,0,0,
Edwards County,US.TX.ED,0,0,
Mineral County,US.MT.MN,0,0,
Elk County,US.KS.EK,0,0,
Stonewall County,US.TX.SA,0,0,
Aleutians East Borough,US.AK.AE,0,0,
Aleutians West Census Area,US.AK.AW,0,0,
Towner County,US.ND.TO,0,0,
Dolores County,US.CO.DO,0,0,
Esmeralda County,US.NV.ES,0,0,
Sterling County,US.TX.SI,0,0,
Doddridge County,US.WV.DO,0,0,
Eureka County,US.NV.EU,0,0,
Clark County,US.ID.CA,0,0,
Fallon County,US.MT.FA,0,0,
McPherson County,US.NE.MC,0,0,
Yakutat City and Borough,US.AK.YA,0,0,
McMullen County,US.TX.MM,0,0,
McCone County,US.MT.MC,0,0,
Oneida County,US.ID.ON,0,0,
Garfield County,US.WA.GF,0,0,
Chouteau County,US.MT.CH,0,0,
Foard County,US.TX.FD,0,0,
Arthur County,US.NE.AR,0,0,
Dillingham Census Area,US.AK.DI,0,0,
Sweet Grass County,US.MT.SW,0,0,
Ontonagon County,US.MI.ON,0,0,
Bear Lake County,US.ID.BK,0,0,
Gilliam County,US.OR.GI,0,0,
Butte County,US.SD.BT,0,0,
Kalawao County,US.HI.KL,0,0,
Judith Basin County,US.MT.JU,0,0,
Jones County,US.SD.JO,0,0,
Rawlins County,US.KS.RA,0,0,
Harding County,US.SD.HR,0,0,
Borden County,US.TX.BD,0,0,
Calhoun County,US.AR.CA,0,0,
Teton County,US.MT.TE,0,0,
Jeff Davis County,US.TX.JF,0,0,
Webster County,US.WV.WB,0,0,
Boundary County,US.ID.BD,0,0,
Harmon County,US.OK.HM,0,0,
Jackson County,US.CO.JA,0,0,
Issaquena County,US.MS.IS,0,0,
Dundy County,US.NE.DY,0,0,
Wheeler County,US.NE.WH,0,0,
Butte County,US.ID.BT,0,0,
Hayes County,US.NE.HY,0,0,
Denali Borough,US.AK.DE,0,0,
Wayne County,US.UT.WE,0,0,
Hettinger County,US.ND.HE,0,0,
Hickory County,US.MO.HC,0,0,
Decatur County,US.KS.DC,0,0,
Bristol Bay Borough,US.AK.BR,0,0,
Robertson County,US.KY.RB,0,0,
Brown County,US.NE.BW,0,0,
Roger Mills County,US.OK.RR,0,0,
Hoonah-Angoon Census Area,US.AK.HH,0,0,
Hooker County,US.NE.HO,0,0,
De Baca County,US.NM.DE,0,0,
Boise County,US.ID.BS,0,0,
Wheeler County,US.OR.WE,0,0,
Bath County,US.VA.BA,0,0,
Daniels County,US.MT.DN,0,0,
Sedgwick County,US.CO.SE,0,0,
Lake of the Woods County,US.MN.LO,0,0,
Russell County,US.KS.RS,0,0,
Lake and Peninsula Borough,US.AK.LA,0,0,
Kusilvak Census Area,US.AK.WA,0,0,
Golden Valley County,US.ND.GO,0,0,
Carter County,US.MT.CT,0,0,
Scott County,US.IL.SO,0,0,
Graham County,US.KS.GH,0,0,
Granite County,US.MT.GN,0,0,
Grant County,US.NE.GA,0,0,
Potter County,US.SD.PO,0,0,
Powder River County,US.MT.PD,0,0,
Powell County,US.MT.PL,0,0,
Kiowa County,US.CO.KO,0,0,
Kenedy County,US.TX.KE,0,0,
Prairie County,US.MT.PR,0,0,
Kingman County,US.KS.KM,0,0,
Greeley County,US.KS.GL,0,0,
Wichita County,US.KS.WH,0,0,
Wibaux County,US.MT.WI,0,0,
King County,US.TX.KG,0,0,
Deuel County,US.NE.DL,0,0,
Blaine County,US.MT.BL,0,0,
Sanders County,US.MT.SA,0,0,
Blaine County,US.NE.BL,0,0,
Keya Paha County,US.NE.KY,0,0,
Haakon County,US.SD.HA,0,0,
Kent County,US.TX.KT,0,0,
Campbell County,US.SD.CP,0,0,
Valdez-Cordova Census Area,US.AK.VA,0,0,
