County,hasc,confirmed,death,recovered
Los Angeles County,US.CA.LO,133549,3809,
Cook County,US.IL.CO,95557,4725,
Maricopa County,US.AZ.MA,80146,1133,
Queens County,US.NY.QU,66410,7099,
Miami-Dade County,US.FL.DA,64444,1139,
Kings County,US.NY.KI,60748,7171,
Bronx County,US.NY.BN,48327,4792,
Harris County,US.TX.RR,43939,455,
Nassau County,US.NY.NA,42307,2190,
Suffolk County,US.NY.SF,42028,1993,
Westchester County,US.NY.WE,35297,1435,
Dallas County,US.TX.DS,32626,449,
Broward County,US.FL.BO,30025,464,
New York County,US.NY.NE,29237,3120,
Riverside County,US.CA.RI,24765,537,
Orange County,US.CA.OR,24715,423,
Middlesex County,US.MA.MI,24483,1916,
Wayne County,US.MI.WY,23996,2759,
Clark County,US.NV.CL,23048,483,
Philadelphia County,US.PA.PH,22839,1637,
Palm Beach County,US.FL.PL,21018,606,
Suffolk County,US.MA.SU,20301,1020,
San Diego County,US.CA.SD,19929,422,
Bergen County,US.NJ.BE,19871,2028,
Prince George's County,US.MD.PR,19713,712,
Hillsborough County,US.FL.HL,19150,188,
Bexar County,US.TX.BX,19137,175,
Hudson County,US.NJ.HD,19121,1482,
San Bernardino County,US.CA.SA,19043,306,
Essex County,US.NJ.ES,19008,2070,
Orange County,US.FL.OR,18001,80,
Tarrant County,US.TX.TN,17757,268,
Passaic County,US.NJ.PA,17064,1219,
Middlesex County,US.NJ.MI,17035,1375,
Fairfield County,US.CT.FA,16906,1380,
Union County,US.NJ.UN,16501,1343,
Essex County,US.MA.ES,16469,1137,
Montgomery County,US.MD.MO,15727,759,
Mecklenburg County,US.NC.MB,15024,159,
Travis County,US.TX.TV,14622,168,
Salt Lake County,US.UT.SL,14609,130,
Fairfax County,US.VA.FX,14556,500,
Richmond County,US.NY.RI,14329,1068,
Milwaukee County,US.WI.MU,13928,398,
Rockland County,US.NY.RO,13716,506,
Shelby County,US.TN.SY,13594,224,
Hennepin County,US.MN.HE,13568,791,
Davidson County,US.TN.DA,13309,143,
Providence County,US.RI.PR,13144,773,
Duval County,US.FL.DU,12864,81,
Oakland County,US.MI.OD,12700,1108,
Worcester County,US.MA.WO,12648,958,
New Haven County,US.CT.NH,12532,1079,
Marion County,US.IN.MO,12074,693,
Franklin County,US.OH.FR,12035,447,
Hartford County,US.CT.HA,11892,1385,
King County,US.WA.KN,11825,637,
Pima County,US.AZ.PM,11767,327,
Gwinnett County,US.GA.GW,11326,183,
Jefferson Parish,US.LA.JF,11100,493,
Washington,US.DC.DI,10847,568,
Pinellas County,US.FL.PI,10844,229,
Orange County,US.NY.OE,10835,404,
Fulton County,US.GA.FU,10611,323,
Lake County,US.IL.LK,10378,428,
Lee County,US.FL.LE,10123,187,
Ocean County,US.NJ.OC,9820,997,
DuPage County,US.IL.DU,9719,486,
El Paso County,US.TX.EP,9510,151,
Monmouth County,US.NJ.MN,9482,834,
Norfolk County,US.MA.NO,9462,958,
Cuyahoga County,US.OH.CU,9208,399,
Montgomery County,US.PA.MG,8856,829,
Plymouth County,US.MA.PL,8811,679,
Baltimore County,US.MD.BC,8797,496,
Orleans Parish,US.LA.OR,8665,540,
Baltimore City,US.MD.BA,8489,365,
Bristol County,US.MA.BR,8460,601,
Yuma County,US.AZ.YU,8302,154,
Fresno County,US.CA.FR,8282,88,
DeKalb County,US.GA.DA,8255,180,
Yakima County,US.WA.YA,8122,190,
Kane County,US.IL.KE,8107,281,
Douglas County,US.NE.DG,8024,97,
Denver County,US.CO.DN,7902,394,
Prince William County,US.VA.PW,7847,157,
Macomb County,US.MI.MB,7830,928,
Imperial County,US.CA.IM,7827,135,
Mercer County,US.NJ.ME,7789,600,
Erie County,US.NY.ER,7742,576,
Hidalgo County,US.TX.HG,7727,142,
Alameda County,US.CA.AA,7725,148,
Camden County,US.NJ.CM,7692,546,
Charleston County,US.SC.CS,7552,58,
Delaware County,US.PA.DE,7548,668,
St. Louis County,US.MO.SL,7514,593,
Wake County,US.NC.WK,7447,71,
Polk County,US.IA.PK,7437,185,
Will County,US.IL.WL,7278,326,
Polk County,US.FL.PO,7246,140,
Greenville County,US.SC.GV,7137,104,
East Baton Rouge Parish,US.LA.EB,7100,279,
Cobb County,US.GA.CB,7061,253,
Hampden County,US.MA.HD,7000,678,
Hamilton County,US.OH.HM,6950,208,
Morris County,US.NJ.MR,6902,818,
Jefferson County,US.AL.JE,6823,172,
Kern County,US.CA.KE,6502,97,
Santa Clara County,US.CA.SL,6298,166,
San Joaquin County,US.CA.SJ,6279,68,
Collier County,US.FL.CL,6220,94,
Bucks County,US.PA.BC,6083,572,
Nueces County,US.TX.NU,5965,50,
Galveston County,US.TX.GV,5873,54,
Kent County,US.MI.KN,5851,144,
Horry County,US.SC.HO,5791,73,
New Castle County,US.DE.NE,5759,248,
Tulare County,US.CA.TL,5678,152,
Lake County,US.IN.LK,5650,249,
Arapahoe County,US.CO.AA,5647,349,
Pinal County,US.AZ.PN,5614,88,
Anne Arundel County,US.MD.AN,5514,210,
Sacramento County,US.CA.SC,5489,83,
Burlington County,US.NJ.BU,5375,447,
Utah County,US.UT.UT,5369,28,
Ramsey County,US.MN.RA,5256,233,
Manatee County,US.FL.MN,5112,138,
Tulsa County,US.OK.TU,5099,75,
Sussex County,US.DE.SU,5093,175,
Somerset County,US.NJ.SO,5014,551,
Stanislaus County,US.CA.ST,4973,51,
Allegheny County,US.PA.AL,4962,195,
Mobile County,US.AL.MB,4929,145,
Lancaster County,US.PA.LN,4844,383,
Oklahoma County,US.OK.OL,4802,74,
Richland County,US.SC.RI,4799,98,
Fort Bend County,US.TX.FR,4758,62,
Adams County,US.CO.AD,4757,158,
Jackson County (including other portions of Kansas City),US.MO.JC,4699,59,
Berks County,US.PA.BK,4692,358,
Contra Costa County,US.CA.CN,4661,90,
Montgomery County,US.AL.MT,4595,114,
Jefferson County,US.KY.JF,4561,206,
Washington County,US.AR.WA,4526,36,
San Francisco County,US.CA.SF,4522,50,
Durham County,US.NC.DH,4499,68,
Collin County,US.TX.CI,4459,56,
Loudoun County,US.VA.LD,4431,99,
Lehigh County,US.PA.LH,4430,326,
Navajo County,US.AZ.NA,4337,143,
Caddo Parish,US.LA.CO,4323,247,
Dutchess County,US.NY.DU,4276,152,
Ventura County,US.CA.VE,4246,53,
Seminole County,US.FL.SE,4229,24,
Monroe County,US.NY.MR,4177,247,
Osceola County,US.FL.OS,4167,31,
Escambia County,US.FL.ES,4146,53,
Chester County,US.PA.CH,4012,333,
Ada County,US.ID.AA,3975,25,
Snohomish County,US.WA.SN,3966,179,
San Mateo County,US.CA.SM,3949,112,
Denton County,US.TX.DN,3937,40,
Santa Barbara County,US.CA.SB,3931,31,
Pasco County,US.FL.PS,3875,28,
Cameron County,US.TX.CA,3854,79,
Lafayette Parish,US.LA.LY,3834,54,
Hall County,US.GA.HL,3833,63,
Volusia County,US.FL.VO,3805,77,
Minnehaha County,US.SD.MN,3756,60,
Williamson County,US.TX.WM,3745,52,
Forsyth County,US.NC.FO,3675,40,
Lubbock County,US.TX.LU,3668,60,
McKinley County,US.NM.MC,3634,190,
Elkhart County,US.IN.EL,3618,60,
Guilford County,US.NC.GU,3604,123,
Rutherford County,US.TN.RU,3602,39,
Washoe County,US.NV.WA,3574,93,
Northampton County,US.PA.NA,3554,279,
Jefferson County,US.TX.JE,3548,39,
Hays County,US.TX.HY,3534,11,
Benton County,US.AR.BE,3470,22,
Brazoria County,US.TX.BI,3458,25,
Hillsborough County,US.NH.HI,3427,260,
Brevard County,US.FL.BE,3369,29,
Hamilton County,US.TN.HL,3364,38,
Woodbury County,US.IA.WO,3342,44,
Brown County,US.WI.BW,3228,44,
Chesterfield County,US.VA.CD,3216,62,
Pierce County,US.WA.PI,3185,113,
St. Tammany Parish,US.LA.ST,3169,187,
Winnebago County,US.IL.WN,3169,106,
Calcasieu Parish,US.LA.CC,3127,71,
Onondaga County,US.NY.OG,3124,169,
Ouachita Parish,US.LA.OU,3120,86,
Sarasota County,US.FL.SR,3106,100,
Bernalillo County,US.NM.BE,3076,96,
El Paso County,US.CO.EL,3059,115,
Cumberland County,US.NJ.CU,3051,149,
Wyandotte County,US.KS.WY,3050,88,
Potter County,US.TX.PT,3048,39,
Jefferson County,US.CO.JE,3026,215,
Marin County,US.CA.MN,3024,30,
Luzerne County,US.PA.LU,3017,181,
Atlantic County,US.NJ.AT,3015,232,
Lucas County,US.OH.LU,3007,306,
Montgomery County,US.TX.MG,3007,41,
Weld County,US.CO.WE,2999,138,
Dane County,US.WI.DA,2995,33,
Hinds County,US.MS.HI,2992,54,
Johnson County,US.KS.JO,2967,93,
Brazos County,US.TX.BZ,2961,35,
Allen County,US.IN.AL,2952,134,
Pulaski County,US.AR.PU,2938,65,
Lexington County,US.SC.LX,2919,60,
Kings County,US.CA.KI,2918,39,
Genesee County,US.MI.GE,2910,291,
Henrico County,US.VA.HC,2891,173,
Multnomah County,US.OR.MU,2888,72,
St. Lucie County,US.FL.SL,2862,62,
Howard County,US.MD.HO,2825,95,
Clayton County,US.GA.CN,2806,82,
City of St. Louis,US.MO.SY,2804,158,
Muscogee County,US.GA.MG,2776,56,
Gloucester County,US.NJ.GL,2758,193,
Marion County,US.OH.MR,2748,39,
Martin County,US.FL.MT,2734,42,
Webb County,US.TX.WB,2722,43,
Dakota County,US.MN.DA,2713,96,
Tuscaloosa County,US.AL.TU,2712,55,
San Juan County,US.NM.SJ,2711,171,
Arlington County,US.VA.AR,2626,134,
Frederick County,US.MD.FR,2598,120,
Apache County,US.AZ.AP,2579,104,
Chatham County,US.GA.CM,2552,38,
McLennan County,US.TX.ML,2537,16,
Stearns County,US.MN.SR,2523,19,
Lake County,US.FL.LK,2517,27,
Montgomery County,US.OH.MT,2513,36,
Black Hawk County,US.IA.BL,2510,59,
Cass County,US.ND.CS,2464,72,
Spartanburg County,US.SC.SP,2459,57,
Coconino County,US.AZ.CO,2457,102,
Alexandria City,US.VA.AX,2456,57,
Richmond City,US.VA.RC,2432,35,
Anoka County,US.MN.AN,2422,111,
Monterey County,US.CA.MT,2419,18,
Franklin County,US.WA.FR,2397,36,
Summit County,US.OH.SU,2351,209,
Leon County,US.FL.LO,2348,8,
Benton County,US.WA.BE,2341,94,
Racine County,US.WI.RA,2339,65,
St. Clair County,US.IL.SI,2304,144,
Madison County,US.AL.MD,2304,10,
Dauphin County,US.PA.DA,2290,149,
McHenry County,US.IL.MY,2266,102,
Walker County,US.TX.WK,2239,28,
Pickaway County,US.OH.PC,2227,41,
Albany County,US.NY.AB,2219,109,
Berkeley County,US.SC.BK,2204,25,
Santa Cruz County,US.AZ.SA,2180,29,
Dougherty County,US.GA.DH,2158,156,
St. Joseph County,US.IN.SN,2148,69,
Lancaster County,US.NE.LA,2114,13,
Alachua County,US.FL.AL,2098,12,
Bell County,US.TX.BL,2083,14,
Solano County,US.CA.SN,2075,28,
Sedgwick County,US.KS.SG,2074,28,
Spokane County,US.WA.SP,2063,43,
Johnston County,US.NC.JH,2044,35,
Ford County,US.KS.FO,2028,10,
Canyon County,US.ID.CN,2010,11,
Rapides Parish,US.LA.RA,2001,79,
Marshall County,US.AL.MS,1996,11,
Wayne County,US.NC.WY,1990,30,
Beaufort County,US.SC.BA,1981,22,
Virginia Beach City,US.VA.VI,1978,32,
DeSoto County,US.MS.DE,1959,20,
Mahoning County,US.OH.MH,1948,239,
Sumner County,US.TN.SN,1945,56,
Washtenaw County,US.MI.WS,1914,108,
Tangipahoa Parish,US.LA.TA,1894,44,
Cumberland County,US.ME.CU,1890,67,
Merced County,US.CA.MD,1884,12,
York County,US.SC.YO,1881,12,
Butler County,US.OH.BU,1863,47,
Marion County,US.OR.MR,1859,53,
Ulster County,US.NY.UL,1859,81,
York County,US.PA.YO,1850,63,
Kent County,US.DE.KE,1848,92,
Washington County,US.OR.WI,1847,21,
Lowndes County,US.GA.LW,1847,18,
Davis County,US.UT.DA,1846,6,
St. Johns County,US.FL.SJ,1843,12,
Fayette County,US.KY.FA,1834,33,
Mohave County,US.AZ.MO,1825,98,
Oneida County,US.NY.OD,1823,106,
Union County,US.NC.UN,1821,26,
Gaston County,US.NC.GS,1811,15,
Whitfield County,US.GA.WF,1802,15,
Anderson County,US.TX.AE,1796,3,
Dakota County,US.NE.DK,1790,36,
Henry County,US.GA.HY,1769,34,
Williamson County,US.TN.WL,1763,16,
Lackawanna County,US.PA.LC,1761,209,
Cherokee County,US.GA.CE,1760,48,
Troup County,US.GA.TP,1750,38,
Buena Vista County,US.IA.BV,1737,11,
Kenosha County,US.WI.KN,1734,46,
Warren County,US.KY.WR,1733,17,
Shelby County,US.AL.SH,1724,25,
Hamilton County,US.IN.HM,1708,101,
Sonoma County,US.CA.SO,1703,14,
Nobles County,US.MN.NB,1688,6,
Waukesha County,US.WI.WK,1680,40,
Bibb County,US.GA.BI,1672,43,
Duplin County,US.NC.DP,1667,33,
Terrebonne Parish,US.LA.TR,1661,66,
Cass County,US.IN.CS,1645,9,
Cache County,US.UT.CA,1640,2,
Cabarrus County,US.NC.CR,1640,33,
Lee County,US.AL.LE,1636,38,
Robeson County,US.NC.RB,1632,43,
Florence County,US.SC.FL,1621,58,
Knox County,US.TN.KN,1620,9,
Hall County,US.NE.HL,1620,47,
Richmond County,US.GA.RI,1613,60,
Cumberland County,US.NC.CU,1613,41,
Finney County,US.KS.FI,1604,10,
Victoria County,US.TX.VI,1599,10,
Ascension Parish,US.LA.AE,1597,63,
Norfolk City,US.VA.NF,1588,16,
Washington County,US.UT.WN,1588,7,
Weber County,US.UT.WB,1581,14,
Barnstable County,US.MA.BA,1578,151,
Lafourche Parish,US.LA.LO,1567,91,
Glynn County,US.GA.GY,1553,9,
Livingston Parish,US.LA.LV,1528,40,
Dorchester County,US.SC.DO,1527,8,
Rockingham County,US.NH.RO,1523,92,
Boulder County,US.CO.BO,1517,73,
Charles County,US.MD.CH,1517,90,
Ellis County,US.TX.EI,1510,20,
Trousdale County,US.TN.TR,1510,5,
Litchfield County,US.CT.LI,1510,137,
Clay County,US.FL.CY,1508,36,
Rowan County,US.NC.RW,1499,43,
Manassas City,US.VA.MS,1493,19,
Marion County,US.FL.MI,1489,15,
Madison County,US.MS.MD,1484,39,
Randolph County,US.NC.RA,1475,32,
Monroe County,US.PA.MR,1471,111,
Hendricks County,US.IN.HD,1466,100,
Sullivan County,US.NY.SL,1465,36,
New Hanover County,US.NC.NE,1451,7,
Johnson County,US.IA.JH,1449,8,
Lebanon County,US.PA.LB,1441,50,
Kankakee County,US.IL.KK,1431,66,
Alamance County,US.NC.AA,1428,37,
Sumter County,US.SC.SU,1419,29,
Douglas County,US.GA.DL,1410,39,
Dona Ana County,US.NM.DO,1404,11,
Dallas County,US.IA.DL,1402,31,
Saginaw County,US.MI.SG,1401,124,
Columbiana County,US.OH.CL,1385,60,
Linn County,US.IA.LI,1384,83,
Putnam County,US.NY.PU,1361,63,
Morgan County,US.AL.MG,1352,5,
Sarpy County,US.NE.SY,1348,8,
Johnson County,US.IN.JO,1345,118,
St. Charles County,US.MO.SA,1341,75,
Niagara County,US.NY.NI,1340,85,
Acadia Parish,US.LA.AD,1339,45,
Middlesex County,US.CT.MI,1335,187,
Santa Rosa County,US.FL.SA,1331,11,
Chesapeake City,US.VA.CS,1326,22,
New London County,US.CT.NL,1322,102,
Cleveland County,US.OK.CV,1319,40,
Smith County,US.TX.SM,1299,7,
Baldwin County,US.AL.BD,1294,12,
Ottawa County,US.MI.OT,1294,52,
Okaloosa County,US.FL.OA,1285,10,
Washington County,US.MN.WH,1283,41,
Colquitt County,US.GA.CQ,1280,20,
Harford County,US.MD.HA,1279,65,
Olmsted County,US.MN.OL,1276,20,
Bossier Parish,US.LA.BO,1274,39,
Iberia Parish,US.LA.II,1272,51,
Hot Spring County,US.AR.HT,1266,1,
Warren County,US.NJ.WA,1265,167,
Davidson County,US.NC.DD,1247,15,
Ector County,US.TX.EC,1235,14,
Kent County,US.RI.KE,1234,97,
Kalamazoo County,US.MI.KA,1234,70,
Leavenworth County,US.KS.LV,1232,7,
Sussex County,US.NJ.SU,1229,194,
Stark County,US.OH.ST,1225,116,
Jones County,US.MS.JO,1224,49,
Carroll County,US.MD.CR,1217,116,
Burke County,US.NC.BK,1206,21,
Madison County,US.IL.MD,1198,70,
Hendry County,US.FL.HR,1196,28,
Rock Island County,US.IL.RO,1194,30,
Bay County,US.FL.BY,1193,8,
Sampson County,US.NC.SP,1190,7,
Wilson County,US.TN.WO,1187,17,
Indian River County,US.FL.IN,1185,20,
Catawba County,US.NC.CB,1184,14,
Pickens County,US.SC.PI,1178,7,
Harrison County,US.MS.HR,1177,16,
Ingham County,US.MI.IH,1174,30,
Orangeburg County,US.SC.OR,1173,21,
Douglas County,US.CO.DU,1161,52,
Forsyth County,US.GA.FO,1154,15,
Lorain County,US.OH.LR,1152,69,
Wicomico County,US.MD.WI,1136,42,
St. Landry Parish,US.LA.SL,1128,59,
Rankin County,US.MS.RA,1126,19,
Yavapai County,US.AZ.YA,1123,15,
Charlotte County,US.FL.CH,1117,79,
Iredell County,US.NC.IR,1108,10,
Midland County,US.TX.ID,1104,19,
Marshall County,US.IA.MS,1096,19,
Hunterdon County,US.NJ.HN,1094,125,
Walker County,US.AL.WK,1091,32,
Elmore County,US.AL.EL,1086,21,
Spotsylvania County,US.VA.SP,1083,31,
Seward County,US.KS.SW,1082,2,
St. John the Baptist Parish,US.LA.SO,1081,87,
Placer County,US.CA.PA,1077,11,
Clark County,US.WA.CR,1065,32,
Stafford County,US.VA.SF,1065,6,
Scott County,US.IA.SC,1063,10,
Kendall County,US.IL.KA,1063,23,
Trumbull County,US.OH.TR,1053,78,
Chatham County,US.NC.CH,1052,45,
Carroll County,US.GA.CL,1050,40,
Cochise County,US.AZ.CH,1049,22,
Lincoln County,US.AR.LC,1048,11,
Neshoba County,US.MS.NS,1046,77,
Randall County,US.TX.RA,1045,7,
Guadalupe County,US.TX.GU,1044,3,
Accomack County,US.VA.AC,1041,14,
Rock County,US.WI.RO,1041,24,
Champaign County,US.IL.CM,1040,17,
Forrest County,US.MS.FO,1038,43,
Etowah County,US.AL.ET,1024,14,
Anderson County,US.SC.AN,1021,20,
St. Martin Parish,US.LA.SR,1021,27,
Putnam County,US.TN.PU,1019,7,
Dallas County,US.AL.DL,1015,9,
Umatilla County,US.OR.UM,1013,7,
Warren County,US.OH.WR,1009,26,
Jasper County,US.MO.JS,1008,11,
Hampshire County,US.MA.HS,1008,117,
Berrien County,US.MI.BN,1006,60,
Texas County,US.OK.TE,1005,6,
Franklin County,US.PA.FR,1003,46,
Westmoreland County,US.PA.WE,994,39,
Shawnee County,US.KS.SN,990,13,
Houston County,US.GA.HO,990,30,
Harrisonburg City,US.VA.HS,988,28,
Clackamas County,US.OR.CC,987,27,
Tift County,US.GA.TI,983,28,
Mower County,US.MN.MW,983,2,
DeKalb County,US.AL.DA,977,7,
Comal County,US.TX.OM,977,22,
Bradley County,US.TN.BR,972,4,
Kaufman County,US.TX.KU,971,5,
Lauderdale County,US.MS.LU,966,81,
Bartow County,US.GA.BT,962,44,
Orange County,US.NC.OR,961,43,
Dubuque County,US.IA.DU,961,23,
Starr County,US.TX.SR,953,4,
Robertson County,US.TN.RB,948,13,
Cumberland County,US.PA.CU,947,66,
Pitt County,US.NC.PI,946,6,
Franklin County,US.AL.FR,943,16,
Clarke County,US.GA.CK,939,15,
Granville County,US.NC.GN,938,24,
Buchanan County,US.MO.BC,938,5,
Coffee County,US.GA.CF,931,17,
Yolo County,US.CA.YO,929,28,
Tolland County,US.CT.TO,928,64,
Muskegon County,US.MI.MG,927,54,
Lee County,US.NC.LE,927,8,
Honolulu County,US.HI.HO,923,13,
Wilson County,US.NC.WO,920,24,
Larimer County,US.CO.LR,917,30,
Moore County,US.TX.MO,916,15,
Newton County,US.GA.NE,914,15,
Sevier County,US.TN.SV,912,3,
St. Francis County,US.AR.SI,906,3,
San Luis Obispo County,US.CA.SS,905,4,
Madera County,US.CA.ME,893,8,
Coweta County,US.GA.CA,889,16,
Kenton County,US.KY.KE,886,37,
Henderson County,US.NC.HN,885,50,
Rice County,US.MN.RI,884,8,
Scott County,US.MN.SC,881,4,
Dawson County,US.NE.DN,877,8,
St. Charles Parish,US.LA.SC,871,49,
Titus County,US.TX.TU,870,6,
Buncombe County,US.NC.BO,865,31,
Schenectady County,US.NY.SN,864,36,
Jefferson County,US.AR.JE,861,29,
Hernando County,US.FL.HA,861,8,
Story County,US.IA.ST,860,5,
Paulding County,US.GA.PA,858,16,
Culpeper County,US.VA.CP,857,12,
Columbia County,US.GA.CI,856,12,
Kershaw County,US.SC.KE,851,17,
Crittenden County,US.AR.CD,841,14,
Porter County,US.IN.PR,840,38,
Washington Parish,US.LA.WO,839,51,
Sandoval County,US.NM.SD,838,30,
Beaver County,US.PA.BA,837,79,
Sebastian County,US.AR.SB,834,7,
Yell County,US.AR.YE,832,5,
DeSoto County,US.FL.DE,831,11,
Iberville Parish,US.LA.IV,831,43,
Pottawattamie County,US.IA.PT,830,12,
Lee County,US.AR.LE,827,4,
Scott County,US.MS.SC,824,15,
Broome County,US.NY.BO,820,60,
Twin Falls County,US.ID.TW,816,25,
Clark County,US.OH.CK,816,10,
Salem County,US.NJ.SA,815,78,
Newport News City,US.VA.NN,815,10,
Sevier County,US.AR.SV,807,9,
Jackson County,US.MS.JC,798,19,
Greenwood County,US.SC.GW,798,7,
Grant County,US.WA.GN,796,8,
Rockingham County,US.VA.RG,795,12,
Georgetown County,US.SC.GR,791,7,
Johnson County,US.TX.JH,788,4,
Harnett County,US.NC.HT,784,32,
Brunswick County,US.NC.BS,781,8,
Tippecanoe County,US.IN.TP,779,9,
Montgomery County,US.TN.MT,778,7,
Maverick County,US.TX.MV,776,7,
Schuylkill County,US.PA.SC,776,47,
Winnebago County,US.WI.WA,771,13,
Faulkner County,US.AR.FA,771,3,
Vanderburgh County,US.IN.VA,768,6,
Hale County,US.TX.HE,763,11,
Eagle County,US.CO.EA,763,8,
Habersham County,US.GA.HB,762,41,
Gregg County,US.TX.GE,762,13,
St. Mary Parish,US.LA.SM,762,39,
Laurens County,US.SC.LU,755,14,
Walworth County,US.WI.WL,754,18,
Angelina County,US.TX.AG,743,9,
Putnam County,US.FL.PU,738,7,
Washington County,US.MS.WS,737,13,
Grayson County,US.TX.GO,736,7,
Suwannee County,US.FL.SW,735,22,
Bastrop County,US.TX.BP,734,11,
Cape May County,US.NJ.CP,732,77,
Washington County,US.MD.WA,727,29,
Boone County,US.KY.BO,726,23,
Floyd County,US.GA.FL,725,15,
Delaware County,US.OH.DL,724,15,
Hunt County,US.TX.HT,720,8,
Wapello County,US.IA.WP,715,31,
Portsmouth City,US.VA.PR,714,19,
Tom Green County,US.TX.TG,713,1,
Erie County,US.PA.ER,712,13,
Clark County,US.IN.CK,711,44,
Whatcom County,US.WA.WA,710,41,
Dodge County,US.NE.DE,709,8,
Taylor County,US.TX.TA,708,7,
McDonald County,US.MO.MA,707,1,
St. Bernard Parish,US.LA.SE,706,24,
Autauga County,US.AL.AU,706,16,
Municipality of Anchorage,US.AK.AN,705,6,
Rockdale County,US.GA.RO,700,11,
St. Mary's County,US.MD.SA,700,51,
Tipton County,US.TN.TI,698,7,
Lake County,US.TN.LK,696,0,
Aiken County,US.SC.AI,695,12,
Russell County,US.AL.RU,694,0,
Chambers County,US.AL.CM,693,30,
Fairfield County,US.OH.FI,692,17,
Platte County,US.NE.PL,692,3,
Muscatine County,US.IA.MU,690,45,
Crawford County,US.IA.CW,680,3,
Colfax County,US.NE.CO,678,4,
Madison County,US.IN.MD,678,64,
Kootenai County,US.ID.KO,678,1,
Copiah County,US.MS.CP,670,16,
Peoria County,US.IL.PI,666,30,
Monroe County,US.MI.MO,661,21,
Ware County,US.GA.WE,659,16,
Chittenden County,US.VT.CH,658,39,
Morgan County,US.CO.MN,656,46,
Sumter County,US.FL.SM,655,18,
Pope County,US.AR.PP,655,4,
Butler County,US.AL.BT,655,29,
Outagamie County,US.WI.OU,654,9,
Caldwell County,US.TX.CW,652,5,
Baldwin County,US.GA.BD,646,35,
Grimes County,US.TX.GM,646,2,
Limestone County,US.AL.LI,645,4,
DeKalb County,US.IL.DK,642,20,
Lancaster County,US.SC.LN,642,13,
Logan County,US.CO.LO,641,5,
Tallapoosa County,US.AL.TP,640,70,
Boone County,US.IL.BO,637,21,
Pennington County,US.SD.PN,635,21,
Moore County,US.NC.ME,635,14,
Barrow County,US.GA.BW,634,26,
Leake County,US.MS.LK,634,20,
Windham County,US.CT.WI,632,14,
Bledsoe County,US.TN.BE,629,1,
Lee County,US.MS.LE,628,22,
Cullman County,US.AL.CU,625,6,
Nash County,US.NC.NA,625,6,
Bulloch County,US.GA.BH,624,6,
Bedford County,US.TN.BD,624,9,
LaPorte County,US.IN.LA,623,28,
Houston County,US.AL.HO,622,9,
Wilkes County,US.NC.WE,620,7,
Caldwell County,US.NC.CL,619,6,
Oktibbeha County,US.MS.OK,619,28,
Rensselaer County,US.NY.RE,616,33,
Livingston County,US.MI.LI,615,28,
Shenandoah County,US.VA.SN,615,35,
Columbus County,US.NC.CM,615,39,
Berkshire County,US.MA.BE,613,45,
Clay County,US.MN.CA,613,38,
McCurtain County,US.OK.MU,610,11,
Sumter County,US.GA.SU,610,50,
Lake County,US.OH.LK,609,23,
Tuscarawas County,US.OH.TU,609,10,
St. Clair County,US.MI.SA,608,53,
Calhoun County,US.MI.CU,608,39,
Howard County,US.IN.HO,607,58,
Jefferson Davis Parish,US.LA.JD,606,13,
Skagit County,US.WA.SG,605,16,
Grenada County,US.MS.GN,604,9,
Jones County,US.TX.JN,604,0,
Macon County,US.TN.MC,603,7,
Saratoga County,US.NY.SR,602,15,
Hardee County,US.FL.HD,602,4,
Bartholomew County,US.IN.BA,601,45,
Wichita County,US.TX.WC,601,3,
Warren County,US.MS.WR,600,21,
Holmes County,US.MS.HO,595,41,
Kandiyohi County,US.MN.KD,593,1,
Thomas County,US.GA.TH,592,32,
Chambers County,US.TX.CH,590,2,
Medina County,US.OH.MD,589,32,
Roanoke city,US.VA.RO,588,10,
Gadsden County,US.FL.GA,588,8,
Jackson County,US.FL.JA,587,2,
Nacogdoches County,US.TX.NC,586,32,
La Crosse County,US.WI.LA,586,0,
Summit County,US.UT.SU,584,1,
Lamar County,US.MS.LM,583,7,
Jefferson County,US.MO.JE,583,22,
Licking County,US.OH.LI,583,12,
Kosciusko County,US.IN.KO,582,4,
Lauderdale County,US.AL.LU,580,6,
Surry County,US.NC.SU,580,2,
York County,US.ME.YO,578,11,
Buckingham County,US.VA.BK,577,6,
Blue Earth County,US.MN.BE,575,2,
Suffolk City,US.VA.SO,573,42,
Monroe County,US.FL.MO,572,6,
Boone County,US.MO.BO,570,2,
Belmont County,US.OH.BE,570,24,
Santa Cruz County,US.CA.SZ,569,3,
Shelby County,US.KY.SH,569,19,
Wayne County,US.MS.WY,565,19,
Spalding County,US.GA.SD,565,33,
Vance County,US.NC.VA,563,40,
Albemarle County,US.VA.AB,563,10,
Darlington County,US.SC.DA,563,17,
Stanly County,US.NC.SN,563,5,
Walton County,US.FL.WL,561,9,
Yazoo County,US.MS.YZ,560,7,
St. Clair County,US.AL.SA,560,3,
Franklin Parish,US.LA.FR,558,14,
Clay County,US.MO.CY,558,13,
Marshall County,US.IN.MS,557,9,
Parker County,US.TX.PR,556,1,
Chelan County,US.WA.CH,553,7,
Beadle County,US.SD.BA,553,8,
Frederick County,US.VA.FK,553,6,
Newton County,US.MO.NT,552,2,
Jackson County,US.MI.JA,551,32,
Blaine County,US.ID.BL,549,5,
Lowndes County,US.MS.LO,548,17,
Saline County,US.NE.SL,546,2,
Citrus County,US.FL.CI,546,14,
Craighead County,US.AR.CG,545,7,
Hampton city,US.VA.HM,544,4,
Vermilion Parish,US.LA.VM,542,7,
Walton County,US.GA.WA,542,29,
Wright County,US.MN.WR,539,5,
Washington County,US.RI.WA,538,61,
Muhlenberg County,US.KY.MU,537,8,
Monongalia County,US.WV.MG,536,5,
Webster Parish,US.LA.WR,535,12,
Leflore County,US.MS.LL,534,56,
Berkeley County,US.WV.BE,533,10,
Lincoln County,US.MS.LI,533,35,
Highlands County,US.FL.HG,532,13,
Sangamon County,US.IL.SM,531,33,
Gordon County,US.GA.GO,531,18,
Okeechobee County,US.FL.OE,527,2,
Cecil County,US.MD.CE,527,29,
Calhoun County,US.AL.CN,526,5,
Nassau County,US.FL.NA,524,2,
Liberty County,US.TX.LT,522,3,
Jackson County,US.GA.JC,520,12,
Noble County,US.IN.NO,520,28,
Colbert County,US.AL.CL,519,6,
Cleveland County,US.NC.CV,519,8,
Dodge County,US.WI.DD,515,5,
Fayette County,US.GA.FY,514,19,
Miami County,US.OH.MM,510,31,
Lyon County,US.KS.LY,508,7,
Lafayette County,US.MS.LY,506,4,
Pike County,US.MS.PI,505,20,
Bowie County,US.TX.BW,504,15,
Sunflower County,US.MS.SU,504,8,
Pike County,US.PA.PI,504,21,
Val Verde County,US.TX.VL,503,3,
Sioux County,US.IA.SI,503,0,
Portage County,US.OH.PO,502,60,
Androscoggin County,US.ME.AN,502,4,
Canadian County,US.OK.CN,502,3,
Daviess County,US.KY.DA,499,8,
Orange County,US.TX.OR,498,5,
Comanche County,US.OK.CM,498,9,
Clermont County,US.OH.CE,497,7,
Fauquier County,US.VA.FQ,497,8,
Carver County,US.MN.CV,494,2,
Wood County,US.OH.WO,494,51,
Flagler County,US.FL.FL,493,5,
Yellowstone County,US.MT.YS,492,9,
Mitchell County,US.GA.MT,492,40,
Boone County,US.IN.BO,491,44,
Washington County,US.WI.WN,490,19,
Lowndes County,US.AL.LO,488,24,
Escambia County,US.AL.ES,488,8,
Clarendon County,US.SC.CN,487,46,
Williamsburg County,US.SC.WI,487,15,
Tama County,US.IA.TM,486,29,
LaGrange County,US.IN.LG,486,10,
Columbia County,US.NY.CU,486,47,
Pike County,US.AL.PK,485,5,
Hanover County,US.VA.HV,483,31,
Avoyelles Parish,US.LA.AV,482,17,
Franklin County,US.NC.FR,480,21,
Payne County,US.OK.PY,480,1,
Jackson County,US.IN.JC,478,3,
Napa County,US.CA.NA,477,4,
San Juan County,US.UT.SJ,477,11,
Union Parish,US.LA.UN,476,28,
Delaware County,US.IN.DL,475,52,
Columbia County,US.FL.CU,475,4,
Hamblen County,US.TN.HB,474,4,
Colleton County,US.SC.CT,472,22,
Saline County,US.AR.SL,471,3,
Hancock County,US.IN.HC,468,36,
Allen Parish,US.LA.AL,467,12,
Chattahoochee County,US.GA.CH,463,0,
Maury County,US.TN.MU,462,3,
Manassas Park city,US.VA.MP,462,6,
Monroe County,US.MS.MR,461,35,
Shelby County,US.IN.SH,459,25,
Hoke County,US.NC.HO,458,4,
Wasatch County,US.UT.WA,456,4,
East Carroll Parish,US.LA.EC,456,1,
Panola County,US.MS.PA,454,6,
Calvert County,US.MD.CL,449,27,
Chesterfield County,US.SC.CF,449,15,
Ashtabula County,US.OH.AB,448,44,
Washington County,US.OK.WN,448,39,
Grand Forks County,US.ND.GD,447,4,
Washington County,US.PA.WS,447,6,
Covington County,US.MS.CV,446,5,
Navarro County,US.TX.NV,446,7,
Gila County,US.AZ.GI,445,12,
Burleigh County,US.ND.BL,444,0,
St. James Parish,US.LA.SJ,444,30,
Craven County,US.NC.CN,443,8,
Simpson County,US.MS.SI,443,3,
Oconee County,US.SC.OC,443,1,
Jackson County,US.AL.JA,440,3,
Covington County,US.AL.CV,439,13,
Lincoln Parish,US.LA.LN,438,19,
Bladen County,US.NC.BL,438,5,
Greene County,US.MO.GE,435,8,
Rockwall County,US.TX.RC,433,16,
Coffee County,US.AL.CF,433,4,
Pueblo County,US.CO.PU,432,31,
De Soto Parish,US.LA.DE,431,20,
Bay County,US.MI.BY,431,31,
Geauga County,US.OH.GE,428,43,
Madison Parish,US.LA.MA,428,4,
Lenoir County,US.NC.LN,427,11,
Merrimack County,US.NH.ME,427,19,
Harrison County,US.TX.HR,425,31,
Hamilton County,US.FL.HM,425,2,
Lee County,US.GA.LE,425,22,
Harris County,US.GA.HI,425,12,
Halifax County,US.NC.HL,425,4,
Assumption Parish,US.LA.AS,424,16,
Talladega County,US.AL.TD,423,8,
Butler County,US.PA.BT,421,13,
Columbia County,US.PA.CO,419,35,
Newberry County,US.SC.NE,419,5,
Hardeman County,US.TN.HA,418,4,
Douglas County,US.KS.DG,415,0,
Garfield County,US.CO.GA,415,3,
Floyd County,US.IN.FL,414,44,
Lincoln County,US.NC.LI,414,2,
Bolivar County,US.MS.BO,412,18,
Onslow County,US.NC.ON,412,3,
Kanawha County,US.WV.KA,412,20,
Deaf Smith County,US.TX.DI,409,17,
La Paz County,US.AZ.LA,407,7,
Gallatin County,US.MT.GL,407,1,
Oceana County,US.MI.OA,404,5,
Hardin County,US.TX.HN,404,5,
Natchitoches Parish,US.LA.NA,403,14,
Todd County,US.MN.TO,403,2,
Barbour County,US.AL.BR,403,2,
Coryell County,US.TX.CL,401,2,
Montgomery County,US.NC.MO,399,9,
Dale County,US.AL.DE,398,1,
Lamar County,US.TX.LR,397,14,
Wright County,US.IA.WG,397,1,
Lincoln County,US.SD.LI,396,1,
Fond du Lac County,US.WI.FN,396,6,
Adams County,US.PA.AD,396,14,
Tate County,US.MS.TT,392,13,
Upson County,US.GA.UP,390,45,
Sutter County,US.CA.SU,388,4,
Fremont County,US.WY.FR,386,9,
Attala County,US.MS.AT,386,24,
Franklin County,US.MA.FR,384,57,
Dillon County,US.SC.DI,384,14,
Madison County,US.NE.MA,384,4,
Rutherford County,US.NC.RU,383,9,
Bullock County,US.AL.BL,383,11,
St. Joseph County,US.MI.SJ,382,5,
Greensville County,US.VA.GS,381,9,
Douglas County,US.WA.DO,380,3,
Edgecombe County,US.NC.ED,379,9,
Richland County,US.OH.RI,378,6,
West Baton Rouge Parish,US.LA.WB,378,31,
Yadkin County,US.NC.YD,377,5,
Pointe Coupee Parish,US.LA.PO,377,28,
Newton County,US.MS.NW,376,10,
Walker County,US.GA.WK,376,12,
Madison County,US.NY.MA,374,9,
Webster County,US.IA.WE,374,5,
Allegan County,US.MI.AL,373,7,
Wayne County,US.OH.WE,373,55,
Malheur County,US.OR.ML,373,2,
Fayette County,US.TN.FA,370,5,
Wagoner County,US.OK.WG,370,19,
Iron County,US.UT.RN,370,1,
Union County,US.OR.UN,369,2,
Sherburne County,US.MN.SH,369,5,
Fairfield County,US.SC.FA,368,22,
Allen County,US.OH.AN,366,41,
Johnson County,US.AR.JO,366,0,
Laurens County,US.GA.LR,365,1,
Pender County,US.NC.PD,365,2,
Louisa County,US.IA.LO,365,13,
Richmond County,US.NC.RI,365,7,
Cherokee County,US.TX.CK,364,2,
Madison County,US.TN.MD,363,2,
San Benito County,US.CA.SI,362,2,
Beauregard Parish,US.LA.BE,361,9,
James City County,US.VA.JA,361,16,
Lincoln County,US.OR.LC,361,5,
Jefferson County,US.WI.JE,360,4,
Hale County,US.AL.HA,359,23,
Catoosa County,US.GA.CS,359,8,
Matagorda County,US.TX.MD,358,5,
Brown County,US.SD.BW,358,2,
Adams County,US.MS.AD,358,20,
Marengo County,US.AL.ME,356,11,
Winchester city,US.VA.WH,356,3,
Jackson County,US.IL.JC,356,19,
Eaton County,US.MI.EA,356,7,
Worth County,US.GA.WO,355,22,
East Feliciana Parish,US.LA.EF,355,33,
Pontotoc County,US.MS.PO,355,6,
Thurston County,US.WA.TH,352,8,
Jasper County,US.IA.JS,350,17,
Henry County,US.VA.HY,350,5,
Plymouth County,US.IA.PM,349,5,
Washington County,US.TX.WH,349,33,
Gonzales County,US.TX.GA,348,4,
Monroe County,US.IN.MR,348,28,
Tooele County,US.UT.TE,346,0,
Northumberland County,US.PA.NU,346,9,
Greene County,US.OH.GR,346,9,
Marion County,US.MS.MI,345,12,
Morgan County,US.IN.MG,345,31,
Lee County,US.SC.LE,345,23,
Lyon County,US.MN.LY,344,2,
Appling County,US.GA.AP,344,14,
Medina County,US.TX.ME,343,3,
Rhea County,US.TN.RH,343,0,
Butts County,US.GA.BU,342,35,
Broomfield County and City,US.CO.BR,341,30,
Blount County,US.TN.BO,339,3,
Wharton County,US.TX.WN,339,1,
Chilton County,US.AL.CI,339,3,
Eau Claire County,US.WI.EA,338,1,
Butte County,US.CA.BU,338,4,
Lavaca County,US.TX.LA,337,1,
Santa Fe County,US.NM.ST,337,3,
Caroline County,US.MD.CO,336,3,
Frio County,US.TX.FO,336,0,
Petersburg city,US.VA.PB,335,8,
Madison County,US.FL.MD,335,4,
Marlboro County,US.SC.ML,334,4,
Garland County,US.AR.GL,332,3,
Evangeline Parish,US.LA.EV,332,1,
Newport County,US.RI.NE,331,4,
Blount County,US.AL.BU,331,1,
Rogers County,US.OK.RS,331,7,
Campbell County,US.KY.CM,330,13,
Laramie County,US.WY.LA,329,3,
Cape Girardeau County,US.MO.CG,328,3,
Loudon County,US.TN.LO,328,2,
Roanoke County,US.VA.RE,328,6,
Polk County,US.GA.PO,325,1,
Willacy County,US.TX.WY,325,3,
Warren County,US.IA.WR,325,1,
Toombs County,US.GA.TM,325,5,
Macon County,US.NC.MN,323,1,
Cassia County,US.ID.CS,323,1,
McLean County,US.IL.ML,322,15,
Grant County,US.IN.GA,322,26,
Scurry County,US.TX.SU,321,1,
Lapeer County,US.MI.LP,321,31,
Worcester County,US.MD.WO,321,18,
Polk County,US.TX.PK,321,0,
Stephens County,US.GA.SE,321,6,
Marion County,US.SC.MI,321,9,
Clarke County,US.AL.CK,318,6,
McDowell County,US.NC.MW,317,2,
Ozaukee County,US.WI.OZ,315,16,
Randolph County,US.IL.RA,315,7,
Ogle County,US.IL.OG,314,4,
Mississippi County,US.AR.MS,314,3,
Decatur County,US.GA.DC,313,8,
Freeborn County,US.MN.FR,313,0,
Warren County,US.VA.WR,313,8,
Richmond County,US.VA.RI,312,6,
Riley County,US.KS.RL,312,3,
Adams County,US.NE.AD,312,11,
Crisp County,US.GA.CP,311,13,
Saline County,US.MO.SI,310,5,
San Patricio County,US.TX.SP,310,0,
Plaquemines Parish,US.LA.PL,310,18,
Dubois County,US.IN.DU,309,6,
Claiborne County,US.MS.CB,308,11,
Dickinson County,US.IA.DI,307,3,
El Dorado County,US.CA.EL,307,0,
Wilcox County,US.AL.WC,306,8,
Bacon County,US.GA.BC,306,5,
Hopkins County,US.KY.HO,305,33,
Graves County,US.KY.GV,305,21,
Lane County,US.OR.LE,305,3,
Early County,US.GA.EA,305,31,
Winston County,US.AL.WN,303,5,
Pearl River County,US.MS.PL,303,32,
Page County,US.VA.PA,302,23,
Mercer County,US.OH.MC,302,10,
Strafford County,US.NH.ST,301,13,
Crawford County,US.KS.CR,301,1,
Winston County,US.MS.WN,301,11,
Chickasaw County,US.MS.CS,300,19,
Ontario County,US.NY.OR,300,26,
Montgomery County,US.IN.MM,298,20,
Carbon County,US.PA.CB,298,27,
Shelby County,US.TX.SY,297,14,
Henry County,US.IN.HY,296,18,
Jerome County,US.ID.JR,296,5,
Rockingham County,US.NC.RC,294,2,
Marion County,US.AL.MI,294,14,
Murray County,US.GA.MA,294,2,
Summit County,US.CO.SU,293,4,
Sumter County,US.AL.SU,293,13,
Marshall County,US.MS.MS,292,3,
Dyer County,US.TN.DY,292,3,
Kitsap County,US.WA.KS,291,2,
Clinton County,US.MI.CN,291,12,
Cerro Gordo County,US.IA.CG,290,1,
Clinton County,US.IN.CI,290,3,
Winn Parish,US.LA.WI,290,5,
Queen Anne's County,US.MD.QU,290,23,
Galax city,US.VA.GA,289,16,
Orleans County,US.NY.OL,287,55,
Sheboygan County,US.WI.SE,287,4,
Erie County,US.OH.ER,286,22,
Fredericksburg City,US.VA.FB,285,0,
Stephenson County,US.IL.SN,285,6,
Shiawassee County,US.MI.SH,285,28,
Christian County,US.KY.CH,285,4,
Charlottesville City,US.VA.CE,285,7,
Effingham County,US.GA.EF,284,1,
McMinn County,US.TN.MM,284,19,
Morehouse Parish,US.LA.MO,283,10,
Richland Parish,US.LA.RI,283,5,
Chester County,US.SC.CR,283,4,
Camden County,US.GA.CD,283,2,
Jasper County,US.MS.JS,281,6,
Saluda County,US.SC.SA,281,2,
Lea County,US.NM.LE,280,0,
St. Croix County,US.WI.SI,280,2,
Franklin County,US.MO.FR,279,18,
Noxubee County,US.MS.NO,279,9,
Marathon County,US.WI.MH,278,1,
Lenawee County,US.MI.LN,278,11,
Pickens County,US.AL.PC,277,6,
Vernon Parish,US.LA.VN,277,9,
Warren County,US.NY.WR,277,30,
White County,US.IN.WH,276,10,
Dickson County,US.TN.DI,275,0,
Atascosa County,US.TX.AT,275,2,
Cheatham County,US.TN.CA,275,3,
Crawford County,US.AR.CW,275,3,
Northampton County,US.VA.NA,274,28,
Union County,US.AR.UN,274,14,
Steuben County,US.NY.ST,274,29,
Liberty County,US.FL.LI,274,1,
Van Buren County,US.MI.VA,273,9,
Watonwan County,US.MN.WT,271,0,
Jim Wells County,US.TX.JW,271,0,
Walthall County,US.MS.WT,270,8,
Branch County,US.MI.BC,269,2,
Deschutes County,US.OR.DE,268,0,
Cowlitz County,US.WA.CW,268,0,
Greene County,US.NY.GR,266,13,
Hardin County,US.KY.HN,266,6,
Fulton County,US.NY.FU,265,26,
Dearborn County,US.IN.DR,265,23,
Miller County,US.AR.ML,265,2,
Prince George County,US.VA.PG,265,2,
Randolph County,US.AL.RA,265,9,
Butler County,US.KY.BR,265,14,
Jasper County,US.SC.JA,265,3,
Bienville Parish,US.LA.BI,265,28,
Minidoka County,US.ID.MI,264,0,
Monroe County,US.AL.MR,264,4,
Levy County,US.FL.LV,263,2,
Mecklenburg County,US.VA.ME,262,29,
Washington County,US.TN.WI,262,0,
West Feliciana Parish,US.LA.WF,261,14,
Warrick County,US.IN.WI,261,29,
Clay County,US.MS.CY,261,11,
Franklin County,US.GA.FR,261,1,
Holmes County,US.OH.HL,261,5,
Darke County,US.OH.DA,259,26,
LaSalle County,US.IL.LA,259,17,
Huntingdon County,US.PA.HU,258,4,
Vigo County,US.IN.VI,258,8,
Pierce County,US.GA.PR,256,5,
Henderson County,US.TX.HD,256,4,
Jefferson County,US.WV.JE,256,4,
Bristol County,US.RI.BR,256,15,
Decatur County,US.IN.DC,256,32,
Bryan County,US.GA.BY,255,5,
Union County,US.MS.UN,254,12,
Macon County,US.IL.MC,253,22,
Rusk County,US.TX.RK,253,3,
Davie County,US.NC.DV,252,3,
Smith County,US.MS.SM,252,12,
Lawrence County,US.IN.LW,252,25,
Curry County,US.NM.CU,251,1,
Washington County,US.IA.WS,251,9,
Perry County,US.AL.PE,251,2,
Liberty County,US.GA.LB,251,1,
Carroll County,US.VA.CL,251,9,
Meriwether County,US.GA.MW,251,3,
Genesee County,US.NY.GE,250,6,
Grady County,US.GA.GD,250,4,
Portage County,US.WI.PT,250,0,
Cibola County,US.NM.CI,249,14,
Washington County,US.NY.WS,249,14,
Gilmer County,US.GA.GI,249,2,
Terrell County,US.GA.TL,249,28,
Cherokee County,US.SC.CK,248,9,
Huron County,US.OH.HU,247,2,
Tuscola County,US.MI.TU,247,27,
Waller County,US.TX.WR,247,0,
Steele County,US.MN.SE,247,1,
Johnson County,US.MO.JO,246,1,
Clinton County,US.IL.CN,246,16,
Logan County,US.KY.LO,246,13,
Fairbanks North Star Borough,US.AK.FA,245,2,
Elko County,US.NV.EL,244,1,
Centre County,US.PA.CT,243,8,
Pasquotank County,US.NC.PU,243,17,
Lycoming County,US.PA.LY,242,20,
Cook County,US.GA.CO,242,4,
Delaware County,US.OK.DL,242,17,
Grady County,US.OK.GD,241,5,
Scotts Bluff County,US.NE.SC,241,5,
Benton County,US.MN.BN,239,3,
Lawrence County,US.TN.LW,239,6,
McClain County,US.OK.ML,238,4,
Prince Edward County,US.VA.PD,238,6,
Adams County,US.WA.AD,238,0,
Burnet County,US.TX.BT,238,3,
Uvalde County,US.TX.UV,237,2,
Box Elder County,US.UT.BE,236,1,
Oconee County,US.GA.OC,236,13,
Parmer County,US.TX.PM,236,8,
Jackson Parish,US.LA.JA,235,17,
St. Louis County,US.MN.ST,235,16,
Conecuh County,US.AL.CO,233,8,
Coahoma County,US.MS.CH,230,6,
Ben Hill County,US.GA.BL,230,1,
St. Lawrence County,US.NY.SI,230,3,
Panola County,US.TX.PN,229,24,
Hancock County,US.GA.HC,229,33,
Carroll County,US.AR.CL,228,6,
Bibb County,US.AL.BI,228,1,
Holmes County,US.FL.HO,227,1,
Isle of Wight County,US.VA.IS,226,9,
Monroe County,US.GA.MN,225,19,
Macon County,US.AL.MC,225,9,
Brooks County,US.GA.BO,224,11,
Clarke County,US.MS.CE,223,25,
Madison County,US.AR.MD,223,1,
Madison County,US.OH.MO,222,9,
Cumberland County,US.TN.CU,221,4,
Putnam County,US.GA.PT,221,12,
Sullivan County,US.TN.SL,221,4,
Dooly County,US.GA.DO,220,13,
Oswego County,US.NY.OS,220,3,
Walla Walla County,US.WA.WL,219,3,
Harrison County,US.IN.HI,218,22,
Choctaw County,US.AL.CC,218,12,
Ohio County,US.KY.OH,218,0,
Montrose County,US.CO.MO,218,12,
Dorchester County,US.MD.DO,217,5,
Chicot County,US.AR.CT,217,3,
Allegany County,US.MD.AL,216,18,
Erath County,US.TX.ER,216,1,
Osage County,US.OK.OS,215,8,
Catahoula Parish,US.LA.CT,215,3,
Sussex County,US.VA.SS,214,7,
Stewart County,US.GA.SW,214,3,
Augusta County,US.VA.AU,213,2,
Greene County,US.NC.GE,213,3,
Lawrence County,US.MS.LW,213,2,
Carson City,US.NV.CA,213,6,
Union County,US.IL.UN,212,19,
Whiteside County,US.IL.WD,212,15,
Buffalo County,US.NE.BF,212,1,
Creek County,US.OK.CE,212,8,
Randolph County,US.GA.RN,212,25,
Sabine Parish,US.LA.SB,210,1,
Emanuel County,US.GA.EM,210,3,
Hopewell city,US.VA.HW,209,5,
Ionia County,US.MI.II,209,5,
Yalobusha County,US.MS.YL,208,9,
Scott County,US.MO.ST,207,12,
Island County,US.WA.IS,206,12,
Nicollet County,US.MN.NI,206,12,
Caddo County,US.OK.CD,206,11,
Wayne County,US.NY.WN,205,2,
Cass County,US.MO.CS,205,8,
Hillsdale County,US.MI.HI,205,25,
Kent County,US.MD.KE,204,23,
Grant County,US.WI.GA,204,13,
Alamosa County,US.CO.AL,204,6,
Jefferson County,US.GA.JR,204,2,
Graham County,US.AZ.GA,204,2,
Glades County,US.FL.GL,203,1,
Henderson County,US.KY.HE,203,3,
Okanogan County,US.WA.OK,203,2,
McCracken County,US.KY.MK,203,3,
Uinta County,US.WY.UI,202,0,
Wilson County,US.TX.WS,201,5,
Hamilton County,US.IA.HM,201,1,
Shasta County,US.CA.SH,200,6,
Kenai Peninsula Borough,US.AK.KN,200,2,
Anderson County,US.TN.AN,200,2,
Cabell County,US.WV.CB,199,0,
Jackson County,US.NC.JA,198,1,
Greene County,US.AL.GR,198,9,
Yamhill County,US.OR.YA,198,9,
Echols County,US.GA.EC,197,0,
Newaygo County,US.MI.NE,197,0,
Lonoke County,US.AR.LO,197,1,
Montgomery County,US.VA.MO,197,3,
Northampton County,US.NC.NO,196,16,
Muskogee County,US.OK.MO,196,14,
Greene County,US.IN.GE,196,32,
Fayette County,US.PA.FA,196,4,
Tallahatchie County,US.MS.TL,195,4,
Atkinson County,US.GA.AT,195,2,
Susquehanna County,US.PA.SS,195,25,
Grundy County,US.IL.GU,194,5,
Lynchburg city,US.VA.LY,194,1,
Anson County,US.NC.AN,194,1,
Tattnall County,US.GA.TT,194,0,
Miami County,US.IN.MI,194,2,
Ottawa County,US.OH.OT,193,24,
Herkimer County,US.NY.HE,192,3,
Yuba County,US.CA.YU,192,3,
Gunnison County,US.CO.GU,192,6,
Saline County,US.KS.SA,192,2,
Warren County,US.NC.WR,191,6,
Coles County,US.IL.CE,191,17,
Bonneville County,US.ID.BV,190,1,
Kerr County,US.TX.KR,190,1,
Allen County,US.KY.AL,189,7,
Turner County,US.GA.TR,189,18,
Randolph County,US.WV.RN,188,0,
Laurel County,US.KY.LU,188,3,
Jefferson County,US.TN.JE,187,1,
Madison County,US.KY.MD,187,1,
Washington County,US.GA.WG,187,1,
Cass County,US.MI.CS,187,6,
Valencia County,US.NM.VA,186,2,
Tompkins County,US.NY.TO,186,0,
Nye County,US.NV.NY,186,3,
Houston County,US.TX.HS,185,0,
Talbot County,US.MD.TA,185,4,
Wood County,US.WV.WO,185,2,
Hood County,US.TX.HO,185,5,
Kemper County,US.MS.KE,184,14,
Bamberg County,US.SC.BM,184,2,
Wise County,US.TX.WE,184,5,
Southampton County,US.VA.SA,184,10,
Westmoreland County,US.VA.WM,183,2,
Bryan County,US.OK.BR,183,1,
Midland County,US.MI.MD,183,9,
Burke County,US.GA.BE,183,7,
Carroll County,US.MS.CL,182,11,
Lauderdale County,US.TN.LU,182,4,
Elbert County,US.GA.EL,182,0,
Carter County,US.OK.CR,182,2,
Van Zandt County,US.TX.VN,182,3,
Linn County,US.OR.LN,181,10,
Gibson County,US.TN.GB,181,1,
Trempealeau County,US.WI.TR,180,0,
Montgomery County,US.MS.MT,179,3,
Jennings County,US.IN.JN,179,12,
Jackson County,US.OR.JA,179,0,
Hertford County,US.NC.HD,179,10,
Thurston County,US.NE.TU,179,1,
Telfair County,US.GA.TF,178,3,
Kleberg County,US.TX.KL,177,1,
Polk County,US.OR.PO,177,12,
West Carroll Parish,US.LA.WC,176,5,
Kittitas County,US.WA.KT,176,0,
Waupaca County,US.WI.WP,175,13,
Iroquois County,US.IL.IR,175,5,
Tazewell County,US.IL.TA,175,8,
Dawson County,US.GA.DW,175,3,
Martin County,US.MN.MT,175,5,
White County,US.GA.WH,174,5,
Lawrence County,US.PA.LW,174,9,
Calhoun County,US.FL.CA,174,7,
Berrien County,US.GA.BN,173,0,
Pittsylvania County,US.VA.PS,173,2,
Phillips County,US.AR.PH,173,5,
Putnam County,US.IN.PT,173,8,
Oldham County,US.KY.OL,173,7,
Bullitt County,US.KY.BI,173,4,
Lumpkin County,US.GA.LP,172,4,
Payette County,US.ID.PA,172,2,
Brown County,US.TX.BN,171,13,
Chautauqua County,US.NY.CQ,170,3,
Knox County,US.IL.KX,170,0,
Calhoun County,US.MS.CN,170,5,
Martin County,US.NC.MR,170,5,
Perry County,US.MO.PR,170,3,
Humphreys County,US.MS.HU,169,10,
Adams County,US.IL.AD,169,1,
Andrews County,US.TX.AR,169,2,
Mercer County,US.PA.ME,169,6,
Calhoun County,US.GA.CU,169,6,
DeKalb County,US.IN.DE,169,4,
Boone County,US.IA.BO,169,1,
Sandusky County,US.OH.SA,169,15,
Stokes County,US.NC.SO,168,1,
York County,US.VA.YO,168,3,
Jefferson County,US.OR.JE,168,0,
Bedford County,US.VA.BF,167,4,
Colorado County,US.TX.CO,167,0,
Athens County,US.OH.AS,167,1,
Chenango County,US.NY.CH,166,6,
Madison County,US.GA.MD,166,4,
Scotland County,US.NC.SC,166,2,
St. Francois County,US.MO.SF,165,2,
Humboldt County,US.CA.HU,165,4,
Scott County,US.IN.SC,165,9,
Natrona County,US.WY.NA,165,1,
Sauk County,US.WI.SU,164,3,
Glenn County,US.CA.GL,164,0,
Lanier County,US.GA.LI,164,3,
Franklin County,US.KY.FR,163,4,
Nevada County,US.CA.NE,163,1,
Washington County,US.FL.WS,163,13,
Alexander County,US.NC.AE,163,1,
Baker County,US.FL.BK,162,4,
Chaves County,US.NM.CH,162,2,
Orange County,US.VA.OR,161,3,
Tioga County,US.NY.TI,161,20,
Williamson County,US.IL.WS,161,4,
Smith County,US.TN.SH,160,2,
Wayne County,US.GA.WY,160,0,
Isabella County,US.MI.IB,159,8,
Monroe County,US.IL.MR,159,13,
DeWitt County,US.TX.DE,159,3,
Pottawatomie County,US.OK.PT,158,4,
Colonial Heights city,US.VA.CH,158,20,
Jeff Davis County,US.GA.JF,158,3,
Wayne County,US.IN.WY,158,6,
Teton County,US.WY.TE,157,1,
Bertie County,US.NC.BT,156,4,
Dinwiddie County,US.VA.DN,156,2,
Botetourt County,US.VA.BO,156,4,
Fayette County,US.TX.FT,156,3,
McDuffie County,US.GA.MU,156,8,
Banks County,US.GA.BS,156,1,
Henry County,US.AL.HE,156,4,
Monroe County,US.TN.MR,155,6,
Calhoun County,US.SC.CH,155,1,
Platte County,US.MO.PT,154,6,
Calumet County,US.WI.CA,154,2,
Calhoun County,US.TX.CU,154,3,
Union County,US.SC.UN,154,0,
Abbeville County,US.SC.AB,153,1,
Stoddard County,US.MO.SD,153,9,
Manitowoc County,US.WI.MW,152,1,
Concordia Parish,US.LA.CR,151,7,
Washington County,US.AL.WS,151,8,
Daviess County,US.IN.DI,151,17,
Union County,US.SD.UN,151,1,
Greene County,US.TN.GE,151,2,
Okmulgee County,US.OK.OM,151,0,
Burleson County,US.TX.BU,151,0,
Indiana County,US.PA.IN,150,6,
Clay County,US.IA.CY,150,1,
Caswell County,US.NC.CS,150,2,
Brewster County,US.TX.BS,150,1,
Warren County,US.IL.WR,149,0,
Perry County,US.IN.PE,149,10,
Claiborne Parish,US.LA.CI,149,10,
Milam County,US.TX.MI,149,1,
Peach County,US.GA.PH,148,10,
Lamar County,US.GA.LM,148,6,
Greene County,US.AR.GE,148,0,
Ross County,US.OH.RO,148,3,
Ottawa County,US.OK.OT,148,2,
Jackson County,US.WV.JA,148,18,
Pettis County,US.MO.PS,148,1,
Hancock County,US.MS.HN,148,13,
Beaufort County,US.NC.BA,148,0,
Chemung County,US.NY.CM,148,3,
Itawamba County,US.MS.IT,147,8,
Grayson County,US.KY.GY,147,11,
Livingston County,US.NY.LI,147,4,
Emporia city,US.VA.EM,146,15,
Matanuska-Susitna Borough,US.AK.MA,146,1,
Bee County,US.TX.BE,146,0,
Tippah County,US.MS.TP,146,11,
Kennebec County,US.ME.KE,146,10,
Washington County,US.OH.WS,146,20,
Morrow County,US.OR.MO,145,1,
Hill County,US.TX.HI,145,2,
Winona County,US.MN.WN,144,15,
Pulaski County,US.MO.PA,143,1,
Coffee County,US.TN.CF,143,0,
Ohio County,US.WV.OH,143,2,
Clarke County,US.IA.CK,143,3,
Adair County,US.KY.AD,142,19,
Caroline County,US.VA.CI,142,4,
Brantley County,US.GA.BA,142,3,
Putnam County,US.OH.PU,142,15,
Audrain County,US.MO.AU,142,1,
Mesa County,US.CO.ME,142,0,
Coshocton County,US.OH.CS,142,4,
Goodhue County,US.MN.GO,142,8,
Lyon County,US.NV.LY,142,2,
Crawford County,US.OH.CF,141,5,
White County,US.AR.WH,141,2,
Wayne County,US.PA.WN,141,8,
Dodge County,US.GA.DG,141,2,
Cottonwood County,US.MN.CT,141,0,
Cass County,US.IL.CS,140,9,
Eddy County,US.NM.ED,140,1,
Bannock County,US.ID.BO,140,1,
Jenkins County,US.GA.JK,139,13,
Chippewa County,US.WI.CH,139,0,
Rio Arriba County,US.NM.RI,139,1,
Pecos County,US.TX.PE,139,1,
Lawrence County,US.AL.LW,139,0,
Jessamine County,US.KY.JS,138,0,
Allamakee County,US.IA.AL,138,4,
Fluvanna County,US.VA.FV,138,8,
Steuben County,US.IN.SE,138,2,
Louisa County,US.VA.LI,138,2,
Danville City,US.VA.DA,138,2,
Macon County,US.GA.MC,138,9,
Cattaraugus County,US.NY.CG,138,6,
Sweetwater County,US.WY.SW,138,0,
Brunswick County,US.VA.BU,138,1,
Cocke County,US.TN.CE,138,0,
Klamath County,US.OR.KL,137,1,
Adair County,US.OK.AD,137,4,
Camp County,US.TX.CP,137,2,
Howard County,US.AR.HW,137,1,
Fannin County,US.TX.FI,137,8,
Orange County,US.IN.OR,137,23,
Taylor County,US.FL.TA,136,1,
Crenshaw County,US.AL.CA,136,3,
Jasper County,US.IN.JS,136,2,
Cambria County,US.PA.CI,136,3,
Clinton County,US.IA.CN,136,1,
La Plata County,US.CO.LA,136,1,
Wilcox County,US.GA.WC,135,15,
Gilchrist County,US.FL.GI,135,0,
Maui County,US.HI.MA,134,6,
Morgan County,US.IL.MG,134,4,
Monroe County,US.WI.MO,134,1,
Barry County,US.MI.BR,134,2,
Jones County,US.GA.JE,134,0,
Webster County,US.MS.WE,134,11,
Ripley County,US.IN.RI,134,7,
Gray County,US.TX.GY,133,4,
Bradford County,US.FL.BA,133,2,
Cleburne County,US.AR.CB,132,4,
Mendocino County,US.CA.MI,132,0,
Barnwell County,US.SC.BN,132,1,
Le Sueur County,US.MN.LU,132,1,
Montgomery County,US.NY.MT,132,4,
Pitkin County,US.CO.PI,132,2,
Goochland County,US.VA.GO,131,6,
Washington County,US.ID.WA,131,2,
Morton County,US.ND.MR,131,2,
Person County,US.NC.PN,130,1,
Austin County,US.TX.AU,130,0,
Carteret County,US.NC.CE,130,3,
Fannin County,US.GA.FN,129,1,
Cherokee County,US.AL.CH,129,7,
Hardin County,US.TN.HI,128,7,
Franklin County,US.IN.FR,128,8,
Jefferson County,US.MS.JF,128,3,
Caldwell Parish,US.LA.CW,128,1,
Grant Parish,US.LA.GR,128,2,
Wakulla County,US.FL.WK,128,1,
Barren County,US.KY.BN,128,2,
Prentiss County,US.MS.PN,127,4,
Dunklin County,US.MO.DU,127,3,
Warren County,US.TN.WR,127,0,
Pulaski County,US.KY.PU,127,2,
Scott County,US.KY.SC,127,0,
Haywood County,US.NC.HW,127,0,
Johnson County,US.GA.JH,126,2,
San Augustine County,US.TX.SG,126,9,
Cayuga County,US.NY.CY,126,2,
Missoula County,US.MT.MS,126,1,
Otsego County,US.MI.OS,125,10,
Jefferson Davis County,US.MS.JD,125,4,
Waynesboro city,US.VA.WS,125,0,
Tunica County,US.MS.TU,125,3,
Montcalm County,US.MI.MC,125,1,
Wayne County,US.WV.WA,124,9,
Edgefield County,US.SC.ED,124,4,
Obion County,US.TN.OB,124,3,
Gibson County,US.IN.GI,124,2,
Penobscot County,US.ME.PE,124,4,
Kay County,US.OK.KA,124,8,
Taney County,US.MO.TA,123,3,
Wood County,US.TX.WO,123,5,
Alpena County,US.MI.AP,123,12,
Hardin County,US.OH.HD,123,12,
George County,US.MS.GR,123,3,
Big Horn County,US.MT.BI,123,4,
Mayes County,US.OK.MY,122,5,
Garvin County,US.OK.GV,122,3,
Choctaw County,US.OK.CA,122,1,
Luna County,US.NM.LU,122,3,
Iosco County,US.MI.IC,122,11,
St. Helena Parish,US.LA.SH,121,1,
Haywood County,US.TN.HY,121,3,
La Salle Parish,US.LA.LA,121,0,
Reno County,US.KS.RN,121,0,
Morrow County,US.OH.MW,121,1,
Watauga County,US.NC.WT,120,0,
Nottoway County,US.VA.NY,120,5,
Cherokee County,US.OK.CK,120,1,
Harrison County,US.WV.HR,120,1,
Pike County,US.KY.PI,120,3,
Columbia County,US.WI.CO,120,1,
Red River County,US.TX.RV,120,12,
Castro County,US.TX.AS,120,1,
Shelby County,US.IA.SH,119,0,
Lincoln County,US.MO.LO,119,1,
Mahaska County,US.IA.MK,119,17,
Pickens County,US.GA.PE,118,5,
Marshall County,US.TN.MS,118,2,
Butler County,US.MO.BE,117,0,
Jackson County,US.KY.JA,117,14,
Greene County,US.GA.GE,117,10,
Sullivan County,US.MO.SV,117,0,
Wasco County,US.OR.WC,117,1,
Jackson County,US.KS.JA,117,1,
Chaffee County,US.CO.CA,116,19,
Wabash County,US.IN.WB,116,3,
Pemiscot County,US.MO.PM,116,6,
Henry County,US.IL.HY,116,1,
Greene County,US.MS.GE,116,10,
Franklin County,US.TN.FR,116,3,
Dallam County,US.TX.DL,116,1,
Madison County,US.TX.AD,116,0,
Juniata County,US.PA.JU,116,6,
Wayne County,US.TN.WY,116,0,
Geary County,US.KS.GE,115,1,
Pike County,US.GA.PK,115,3,
Lawrence County,US.AR.LW,115,9,
Carroll County,US.IA.CL,115,1,
Nelson County,US.KY.NE,115,2,
Jefferson County,US.OH.JE,115,2,
Clinch County,US.GA.CC,115,3,
Union County,US.FL.UN,114,2,
Jefferson County,US.IL.JF,114,17,
Carroll County,US.IN.CO,114,2,
Otter Tail County,US.MN.OT,114,1,
Benton County,US.OR.BE,114,6,
Clark County,US.KY.CK,113,6,
Crow Wing County,US.MN.CW,113,12,
Colusa County,US.CA.CL,113,0,
Pine County,US.MN.PN,113,0,
Martinsville city,US.VA.MR,112,1,
Bremer County,US.IA.BR,112,7,
Poweshiek County,US.IA.PW,112,8,
Oglala Lakota County,US.SD.SH,112,0,
Robertson County,US.TX.RO,112,0,
Bailey County,US.TX.BY,112,1,
Dare County,US.NC.DE,112,1,
Amite County,US.MS.AM,112,3,
Hart County,US.GA.HT,112,0,
Calloway County,US.KY.CW,111,1,
Auglaize County,US.OH.AU,111,4,
Wilkinson County,US.GA.WI,111,9,
Chisago County,US.MN.CG,110,1,
Franklin County,US.VT.FR,110,6,
Green County,US.WI.GN,110,1,
Union County,US.GA.UN,109,4,
Nevada County,US.AR.NV,109,3,
Screven County,US.GA.SR,109,7,
Marion County,US.WV.MI,109,2,
Columbia County,US.AR.CI,109,5,
Charlton County,US.GA.CT,109,2,
Clinton County,US.NY.CL,109,4,
Wilkes County,US.GA.WS,109,1,
Dixie County,US.FL.DI,108,4,
Starke County,US.IN.SR,108,3,
Nez Perce County,US.ID.NE,108,19,
Hockley County,US.TX.HC,108,1,
McDonough County,US.IL.MU,108,15,
Lake County,US.CA.LK,108,1,
Pocahontas County,US.IA.PC,107,1,
Wood County,US.WI.WO,107,1,
Haralson County,US.GA.HS,107,5,
Tehama County,US.CA.TE,107,1,
Alcorn County,US.MS.AL,107,2,
Whitley County,US.IN.WL,107,6,
Lee County,US.IL.LE,107,2,
McNairy County,US.TN.MA,107,1,
Kendall County,US.TX.KD,106,0,
Oglethorpe County,US.GA.OG,106,7,
Tishomingo County,US.MS.TS,106,1,
Fayette County,US.IN.FA,106,7,
Hampton County,US.SC.HA,106,3,
Franklin County,US.VA.FN,106,1,
Hickman County,US.TN.HN,105,0,
Franklin County,US.IA.FN,105,0,
Carter County,US.TN.CT,105,2,
Giles County,US.TN.GL,105,1,
King George County,US.VA.KG,105,4,
Hood River County,US.OR.HO,105,0,
Gratiot County,US.MI.GT,105,14,
Blair County,US.PA.BL,104,1,
Muskingum County,US.OH.MU,104,1,
Garfield County,US.OK.GF,104,2,
Irwin County,US.GA.IR,104,1,
Cole County,US.MO.CE,103,2,
Saguache County,US.CO.SG,103,2,
Bell County,US.KY.BL,103,0,
McLeod County,US.MN.MC,103,0,
Lafayette County,US.MO.LF,103,2,
Union County,US.OH.UN,102,1,
Limestone County,US.TX.LO,102,1,
Hawaii County,US.HI.HA,101,0,
Newton County,US.IN.NE,101,10,
Cross County,US.AR.CO,101,1,
Wyoming County,US.NY.WM,101,5,
Quitman County,US.MS.QU,101,1,
Clark County,US.WI.CL,101,7,
Des Moines County,US.IA.DS,101,2,
Adair County,US.MO.AD,100,0,
Preston County,US.WV.PR,100,2,
Pierce County,US.WI.PI,100,0,
Marion County,US.GA.MR,100,3,
Ashley County,US.AR.AS,100,3,
Cameron Parish,US.LA.CM,100,0,
Mississippi County,US.MO.MI,99,0,
Windham County,US.VT.WH,99,3,
Union County,US.PA.UN,99,2,
Polk County,US.NC.PO,99,4,
Somerset County,US.MD.SO,99,3,
Stark County,US.ND.SR,98,3,
Geneva County,US.AL.GE,98,0,
Logan County,US.OK.LG,98,1,
Lee County,US.TX.LE,98,3,
Staunton city,US.VA.SU,98,0,
Wilkinson County,US.MS.WK,98,9,
Clinton County,US.PA.CN,97,4,
Leon County,US.TX.LN,97,0,
Dodge County,US.MN.DD,97,0,
Jefferson County,US.NY.JE,97,0,
O'Brien County,US.IA.OB,96,1,
Cedar County,US.IA.CD,96,1,
Barry County,US.MO.BR,96,0,
Emmet County,US.IA.EM,96,0,
Charles Mix County,US.SD.CH,96,0,
Salem city,US.VA.SE,96,3,
Marion County,US.TN.MI,95,4,
Marinette County,US.WI.MT,95,3,
Upshur County,US.TX.US,95,0,
Brookings County,US.SD.BK,95,0,
Shawano County,US.WI.SA,95,0,
Huntington County,US.IN.HU,94,2,
Lewis County,US.WA.LE,94,3,
Carlton County,US.MN.CL,94,0,
Knox County,US.KY.KX,94,5,
Talbot County,US.GA.TB,93,3,
Clay County,US.SD.CY,93,0,
Henry County,US.IA.HE,93,3,
Codington County,US.SD.CD,92,0,
Grayson County,US.VA.GY,92,4,
Perry County,US.PA.PE,92,5,
Butler County,US.KS.BU,92,0,
Drew County,US.AR.DR,92,2,
Conway County,US.AR.CN,92,3,
Powhatan County,US.VA.PH,92,2,
Bedford County,US.PA.BO,92,4,
Delaware County,US.NY.DE,92,4,
Grafton County,US.NH.GR,91,1,
Elmore County,US.ID.EL,91,2,
Preble County,US.OH.PR,91,1,
Hardin County,US.IA.HD,91,0,
Perry County,US.MS.PY,91,4,
Hawkins County,US.TN.HW,91,2,
Grand Traverse County,US.MI.GN,90,5,
McPherson County,US.KS.MP,90,0,
Humboldt County,US.NV.HU,90,4,
Lamar County,US.AL.LM,90,1,
Clearfield County,US.PA.CF,90,0,
Polk County,US.MN.PL,90,3,
Gulf County,US.FL.GU,90,0,
Belknap County,US.NH.BE,90,3,
Otsego County,US.NY.OO,89,4,
Saunders County,US.NE.SU,89,2,
Vermilion County,US.IL.VE,89,2,
Jackson County,US.TX.JA,89,1,
Pottawatomie County,US.KS.PT,89,0,
Monroe County,US.OH.ME,89,17,
Jasper County,US.GA.JS,89,1,
Clinton County,US.OH.CI,89,2,
Franklin County,US.KS.FR,89,1,
Marquette County,US.MI.MQ,88,11,
Candler County,US.GA.CR,88,0,
Fayette County,US.AL.FA,88,1,
Polk County,US.AR.PL,88,0,
Bleckley County,US.GA.BK,88,1,
Campbell County,US.WY.CM,88,0,
Washington County,US.VA.WG,88,4,
Simpson County,US.KY.SI,88,3,
Putnam County,US.WV.PU,87,0,
Cooke County,US.TX.OO,87,0,
Halifax County,US.VA.HL,87,1,
Greene County,US.VA.GE,87,2,
Lincoln County,US.TN.LI,87,0,
Jefferson County,US.IN.JF,87,2,
Owyhee County,US.ID.OW,87,0,
Laclede County,US.MO.LD,87,1,
Boyd County,US.KY.BD,86,3,
Armstrong County,US.PA.AR,86,6,
White County,US.TN.WH,86,3,
Perry County,US.KY.PR,86,2,
Cass County,US.NE.CS,86,1,
Douglas County,US.NV.DO,86,0,
McIntosh County,US.OK.MI,86,1,
Buffalo County,US.SD.BF,86,3,
Crawford County,US.MI.CF,86,5,
Lawrence County,US.OH.LW,86,0,
Hancock County,US.OH.HN,86,1,
Carroll County,US.KY.CL,85,1,
Park County,US.WY.PA,85,0,
Allendale County,US.SC.AL,85,3,
Clay County,US.AL.CY,85,2,
Oconto County,US.WI.OC,85,0,
San Jacinto County,US.TX.SJ,85,2,
Roane County,US.TN.RA,85,0,
DeKalb County,US.TN.DE,85,0,
Camden County,US.MO.CM,85,2,
Yankton County,US.SD.YA,85,2,
Gooding County,US.ID.GO,84,1,
Delta County,US.CO.DT,84,1,
Pulaski County,US.IL.PL,84,0,
Dawson County,US.TX.DW,83,1,
Isanti County,US.MN.IS,83,0,
Cherokee County,US.IA.CE,83,1,
Woodford County,US.KY.WO,83,0,
Marion County,US.IA.MI,83,0,
Millard County,US.UT.MD,83,0,
Lyman County,US.SD.LY,82,1,
Murray County,US.MN.MU,82,0,
Heard County,US.GA.HD,82,3,
Floyd County,US.IA.FL,82,2,
Wells County,US.IN.WE,82,1,
Clay County,US.KY.CY,82,4,
Stephens County,US.OK.ST,82,1,
Williamsburg City,US.VA.WL,82,6,
Routt County,US.CO.RT,82,6,
Hopkins County,US.TX.HP,82,1,
Hocking County,US.OH.HC,81,9,
Rabun County,US.GA.RB,81,3,
Logan County,US.AR.LG,81,0,
Taylor County,US.IA.TY,81,0,
Chippewa County,US.MN.CP,81,1,
Harrison County,US.KY.HS,81,0,
Chattooga County,US.GA.CG,81,2,
Lafayette County,US.WI.LF,81,0,
Karnes County,US.TX.KS,81,0,
Somerset County,US.PA.SO,81,1,
Jefferson County,US.FL.JE,81,4,
Rio Grande County,US.CO.RG,81,2,
Guernsey County,US.OH.GU,81,3,
Clay County,US.AR.CY,81,3,
Desha County,US.AR.DE,81,1,
Duval County,US.TX.DU,80,0,
Morgan County,US.GA.MO,80,0,
Montezuma County,US.CO.MZ,80,3,
Bradley County,US.AR.BR,80,2,
Red River Parish,US.LA.RE,80,9,
Randolph County,US.IN.RA,80,4,
Cowley County,US.KS.CL,79,1,
Dade County,US.GA.DD,79,1,
Montour County,US.PA.MO,79,2,
McIntosh County,US.GA.MH,79,1,
Fayette County,US.WV.FA,79,4,
Roosevelt County,US.NM.RO,79,1,
Hempstead County,US.AR.HE,79,1,
Custer County,US.OK.CU,78,0,
Waseca County,US.MN.WE,78,0,
Monona County,US.IA.MO,78,0,
Bingham County,US.ID.BG,78,1,
Raleigh County,US.WV.RL,78,0,
Klickitat County,US.WA.KL,78,3,
Stone County,US.MS.ST,77,2,
Marion County,US.IL.MO,77,0,
Kewaunee County,US.WI.KW,77,1,
Franklin city,US.VA.FR,77,3,
Crawford County,US.PA.CW,77,1,
Huron County,US.MI.HU,77,3,
Otero County,US.NM.OT,77,9,
Reeves County,US.TX.RE,77,1,
Cheshire County,US.NH.CH,76,2,
Mason County,US.MI.MN,76,0,
Guthrie County,US.IA.GH,76,4,
Zapata County,US.TX.ZP,76,0,
Randolph County,US.AR.RA,76,1,
Choctaw County,US.MS.CW,76,4,
Williams County,US.OH.WI,76,2,
Edmonson County,US.KY.ED,76,12,
La Salle County,US.TX.LS,76,0,
Christian County,US.MO.CT,76,1,
Rutland County,US.VT.RU,76,1,
Benton County,US.IA.BN,75,1,
Shelby County,US.OH.SH,75,4,
Lamb County,US.TX.LB,75,0,
Poinsett County,US.AR.PN,75,3,
New Kent County,US.VA.NK,74,1,
Weakley County,US.TN.WE,74,1,
Bennington County,US.VT.BE,74,1,
Henderson County,US.TN.HS,74,0,
Pipestone County,US.MN.PS,74,4,
Seneca County,US.NY.SC,74,1,
Montgomery County,US.IL.MT,74,1,
Douglas County,US.MN.DU,73,0,
Fulton County,US.IN.FU,73,1,
Tuolumne County,US.CA.TO,73,0,
Ward County,US.ND.WR,73,1,
Overton County,US.TN.OV,73,1,
Fairfax city,US.VA.FC,73,7,
Independence County,US.AR.IN,73,0,
Hutchinson County,US.TX.UT,73,0,
Freestone County,US.TX.FE,73,0,
Hidalgo County,US.NM.HI,72,0,
Snyder County,US.PA.SN,72,2,
Mifflin County,US.PA.MI,72,1,
Jay County,US.IN.JY,72,0,
Clark County,US.AR.CK,71,0,
Pittsburg County,US.OK.PI,71,3,
Logan County,US.OH.LG,71,1,
Jones County,US.IA.JN,71,0,
Knox County,US.IN.KN,71,0,
Jasper County,US.TX.JR,71,1,
Sanpete County,US.UT.SP,71,0,
Itasca County,US.MN.IT,71,12,
Swain County,US.NC.SW,71,1,
Greenbrier County,US.WV.GE,71,3,
Scioto County,US.OH.SC,71,0,
Crowley County,US.CO.CR,71,1,
Pontotoc County,US.OK.PN,70,2,
Pawnee County,US.OK.PW,70,3,
Butler County,US.IA.BE,70,2,
Seminole County,US.OK.SM,70,3,
Marshall County,US.KY.MH,70,2,
Hughes County,US.SD.HG,70,2,
Greene County,US.PA.GR,70,0,
Carroll County,US.OH.CO,70,3,
Towns County,US.GA.TW,70,1,
Campbell County,US.TN.CM,70,1,
Osceola County,US.IA.OS,69,0,
Chester County,US.TN.CS,69,0,
Hamilton County,US.NE.HM,69,12,
Williams County,US.ND.WI,69,0,
Live Oak County,US.TX.LK,69,0,
Trinity County,US.TX.TR,69,0,
Gloucester County,US.VA.GL,69,1,
Polk County,US.WI.PL,69,2,
Macoupin County,US.IL.MP,69,3,
Claiborne County,US.TN.CI,68,0,
Sac County,US.IA.SA,68,0,
Gallatin County,US.KY.GL,68,8,
Addison County,US.VT.AD,68,2,
Washington County,US.IN.WS,68,1,
Long County,US.GA.LG,68,1,
Greer County,US.OK.GE,68,7,
Moniteau County,US.MO.ME,68,1,
Sharp County,US.AR.SH,68,5,
Ashland County,US.OH.AL,68,2,
Howard County,US.TX.HW,67,1,
Carroll County,US.NH.CA,67,0,
Mineral County,US.WV.ML,67,3,
Flathead County,US.MT.FL,67,2,
Grant County,US.KY.GT,67,5,
Fulton County,US.OH.FU,67,0,
Nolan County,US.TX.NO,67,0,
Calaveras County,US.CA.CA,67,0,
Cherokee County,US.NC.CO,66,2,
Labette County,US.KS.LB,66,0,
Harvey County,US.KS.HV,66,2,
Becker County,US.MN.BC,66,0,
Stutsman County,US.ND.SU,66,2,
Allegany County,US.NY.AL,66,2,
Todd County,US.SD.TO,66,2,
Morrison County,US.MN.MR,66,1,
Coosa County,US.AL.CS,66,1,
Pulaski County,US.IN.PL,66,1,
Madison County,US.ID.MA,66,0,
Campbell County,US.VA.CM,66,1,
Lincoln County,US.NE.LI,66,2,
Gentry County,US.MO.GT,66,9,
Gillespie County,US.TX.GL,65,0,
Grundy County,US.TN.GU,65,2,
Marshall County,US.WV.MH,65,0,
Montgomery County,US.KY.MM,64,0,
Essex County,US.VA.ES,64,0,
Socorro County,US.NM.SO,64,5,
Calhoun County,US.IA.CO,64,2,
Douglas County,US.OR.DO,64,0,
Lincoln County,US.GA.LC,64,2,
Buchanan County,US.IA.BC,64,1,
Crane County,US.TX.CR,64,9,
Mountrail County,US.ND.MU,64,0,
Clay County,US.IN.CY,64,5,
Meeker County,US.MN.ME,64,1,
Ochiltree County,US.TX.OC,63,2,
Callaway County,US.MO.CA,63,1,
Brown County,US.OH.BR,63,1,
Iowa County,US.IA.IO,63,1,
Ashe County,US.NC.AS,63,1,
Gage County,US.NE.GG,63,3,
Wyandot County,US.OH.WD,63,5,
Marion County,US.KY.MN,63,0,
Sequoyah County,US.OK.SQ,63,3,
Faribault County,US.MN.FA,62,0,
Elbert County,US.CO.EB,62,2,
Russell County,US.KY.RU,62,5,
Jefferson County,US.IA.JE,62,0,
Rush County,US.IN.RU,62,3,
Windsor County,US.VT.WS,62,2,
Clarion County,US.PA.CL,62,2,
Mercer County,US.WV.MR,62,0,
Schoharie County,US.NY.SO,62,2,
Cumberland County,US.VA.CU,61,0,
Perry County,US.IL.PY,61,1,
Harrison County,US.IA.HR,61,0,
Barton County,US.KS.BT,61,2,
Jackson County,US.IA.JC,61,0,
Posey County,US.IN.PS,61,0,
Palo Pinto County,US.TX.PO,61,2,
Douglas County,US.IL.DO,61,0,
Teller County,US.CO.TE,61,2,
Clay County,US.GA.CY,61,2,
Clarke County,US.VA.CK,61,0,
Hancock County,US.IA.HN,60,1,
Douglas County,US.WI.DG,60,0,
Zavala County,US.TX.ZV,60,0,
Del Norte County,US.CA.DE,60,0,
Humboldt County,US.IA.HU,60,1,
Pulaski County,US.GA.PL,60,2,
Mason County,US.WA.MA,60,1,
Miller County,US.GA.ML,60,0,
Sevier County,US.UT.SE,59,0,
Waldo County,US.ME.WL,59,14,
Lawrence County,US.MO.LW,59,1,
Arkansas County,US.AR.AR,59,0,
Wythe County,US.VA.WY,59,1,
Bradford County,US.PA.BF,59,3,
Bonner County,US.ID.BR,59,0,
Yancey County,US.NC.YN,59,0,
Montgomery County,US.KS.MG,58,3,
Unicoi County,US.TN.UC,58,0,
Dukes County,US.MA.DU,58,0,
Washington County,US.NE.WS,58,1,
Sibley County,US.MN.SI,58,2,
Cortland County,US.NY.CD,58,1,
Cass County,US.TX.CS,58,3,
Lyon County,US.IA.LY,58,0,
Spencer County,US.IN.SP,57,1,
Franklin County,US.TX.FK,57,1,
Roberts County,US.SD.RO,57,0,
Miami County,US.KS.MI,57,0,
Jackson County,US.MN.JA,57,0,
Le Flore County,US.OK.LE,57,1,
Fayette County,US.IA.FT,57,0,
Jackson County,US.OK.JA,57,3,
Warren County,US.MO.WR,57,0,
Wheeler County,US.GA.WL,57,0,
Sanilac County,US.MI.SL,57,6,
Dunn County,US.WI.DN,57,0,
Josephine County,US.OR.JO,57,1,
Gem County,US.ID.GE,57,0,
Grainger County,US.TN.GA,56,0,
Clallam County,US.WA.CL,56,0,
King William County,US.VA.KW,56,2,
Falls County,US.TX.FL,56,0,
Delaware County,US.IA.DA,56,1,
Crawford County,US.GA.CW,56,0,
Hartley County,US.TX.HL,55,2,
Knox County,US.OH.KN,55,1,
Grant County,US.AR.GN,55,0,
Jo Daviess County,US.IL.JO,55,1,
Fayette County,US.OH.FY,55,0,
Seminole County,US.GA.SI,55,2,
Webster County,US.KY.WE,55,0,
Polk County,US.TN.PO,55,0,
Livingston County,US.IL.LI,55,2,
Champaign County,US.OH.CH,55,1,
Mitchell County,US.NC.MI,55,0,
Andrew County,US.MO.AN,55,1,
Davison County,US.SD.DV,55,0,
Aransas County,US.TX.AA,55,0,
Madison County,US.IA.MD,55,2,
Clatsop County,US.OR.CT,55,0,
Franklin County,US.MS.FR,54,2,
Lee County,US.IA.LE,54,2,
Crockett County,US.TN.CK,54,3,
Pennington County,US.MN.PI,54,0,
Defiance County,US.OH.DF,54,3,
Yuma County,US.CO.YU,54,0,
Door County,US.WI.DO,54,3,
Whitley County,US.KY.WH,54,0,
Montgomery County,US.GA.MM,54,0,
Lake County,US.CO.LK,54,0,
Swisher County,US.TX.SW,53,1,
Coos County,US.OR.CO,53,0,
Phelps County,US.MO.PH,53,0,
Palo Alto County,US.IA.PO,53,0,
Henry County,US.TN.HR,53,0,
Lafayette County,US.FL.LF,53,0,
Highland County,US.OH.HI,53,1,
Beltrami County,US.MN.BT,53,0,
Pulaski County,US.VA.PU,53,2,
Young County,US.TX.YU,53,1,
Wexford County,US.MI.WE,53,4,
Meade County,US.SD.MD,53,1,
Taos County,US.NM.TA,53,1,
Lincoln County,US.KY.LN,53,1,
Dixon County,US.NE.DI,53,2,
Coffey County,US.KS.CF,53,8,
Lynn County,US.TX.LY,53,1,
Falls Church city,US.VA.FU,53,7,
Owen County,US.IN.OW,52,1,
Noble County,US.OK.NB,52,1,
New Madrid County,US.MO.NW,52,1,
Butler County,US.NE.BE,52,0,
Evans County,US.GA.EV,52,0,
Carroll County,US.TN.CR,52,1,
York County,US.NE.YO,52,0,
Morrill County,US.NE.MO,52,0,
Lake County,US.MT.LA,52,0,
Taylor County,US.KY.TA,52,1,
Floyd County,US.TX.FY,52,1,
Alleghany County,US.VA.AL,52,2,
Monroe County,US.IA.MR,52,7,
Juneau County,US.WI.JU,51,1,
Benton County,US.IN.BE,51,0,
Boone County,US.AR.BO,51,1,
Mills County,US.IA.ML,51,0,
City and Borough of Juneau,US.AK.JU,51,0,
Refugio County,US.TX.RF,51,0,
Christian County,US.IL.CI,51,4,
Webster County,US.MO.WE,51,1,
Amelia County,US.VA.AI,51,1,
Mono County,US.CA.MO,51,1,
Essex County,US.NY.ES,51,0,
Grant County,US.KS.GT,51,2,
Clayton County,US.IA.CT,50,3,
Cannon County,US.TN.CN,50,0,
Sullivan County,US.IN.SU,50,1,
Morris County,US.TX.MR,50,0,
Monroe County,US.KY.MO,50,2,
Tyrrell County,US.NC.TY,50,1,
Washington County,US.NC.WI,50,3,
McCormick County,US.SC.MC,49,2,
Howell County,US.MO.HW,49,0,
San Miguel County,US.CO.SM,49,0,
Marquette County,US.WI.MQ,49,1,
Sequatchie County,US.TN.SQ,49,0,
Torrance County,US.NM.TO,49,1,
Winneshiek County,US.IA.WH,49,0,
Van Wert County,US.OH.VA,49,1,
Blanco County,US.TX.BC,49,1,
Adams County,US.IN.AD,49,1,
Albany County,US.WY.AL,49,0,
Spencer County,US.KY.SP,48,0,
Transylvania County,US.NC.TR,48,1,
Terry County,US.TX.TE,48,0,
Yates County,US.NY.YA,48,6,
Patrick County,US.VA.PK,48,1,
Forest County,US.WI.FR,48,3,
Appomattox County,US.VA.AP,48,0,
Madison County,US.VA.MD,48,1,
Lewis and Clark County,US.MT.LE,48,0,
Woodford County,US.IL.WO,48,2,
Seward County,US.NE.SA,48,1,
Hart County,US.KY.HT,48,0,
Walsh County,US.ND.WL,48,0,
Columbia County,US.OR.CL,48,0,
Sharkey County,US.MS.SH,48,0,
Kearny County,US.KS.KE,48,1,
Cascade County,US.MT.CS,48,2,
Grundy County,US.IA.GN,48,0,
Howard County,US.NE.HW,47,4,
Humphreys County,US.TN.HU,47,2,
Cherokee County,US.KS.CK,47,1,
Richland County,US.ND.RI,47,0,
Northumberland County,US.VA.NU,47,1,
Ravalli County,US.MT.RA,47,1,
Jackson County,US.TN.JA,47,0,
Boyle County,US.KY.BE,47,0,
Benton County,US.MS.BE,47,0,
Jasper County,US.IL.JS,47,7,
Hardy County,US.WV.HD,47,0,
Ogemaw County,US.MI.OG,46,2,
Osceola County,US.MI.OE,46,0,
Barron County,US.WI.BR,46,1,
Oxford County,US.ME.OX,46,0,
Johnson County,US.TN.JO,46,0,
Treutlen County,US.GA.TE,46,1,
Perry County,US.OH.PE,46,1,
Llano County,US.TX.LL,46,0,
Love County,US.OK.LV,46,0,
Ward County,US.TX.WD,46,0,
Kingfisher County,US.OK.KN,46,0,
Franklin County,US.IL.FR,46,0,
Washington County,US.CO.WA,46,0,
Brown County,US.MN.BR,46,2,
Mitchell County,US.IA.ME,45,0,
Wyoming County,US.PA.WM,45,7,
Crawford County,US.WI.CR,45,0,
Iowa County,US.WI.IO,45,0,
Cleburne County,US.AL.CB,45,1,
Smyth County,US.VA.SM,45,1,
Whitman County,US.WA.WI,45,0,
Waushara County,US.WI.WS,44,0,
Greenup County,US.KY.GU,44,0,
Bandera County,US.TX.BA,44,0,
Baker County,US.GA.BR,44,3,
Lincoln County,US.OK.LI,44,2,
Henry County,US.KY.HY,44,2,
Ellis County,US.KS.EL,44,0,
Bourbon County,US.KY.BU,44,1,
Green Lake County,US.WI.GL,43,0,
Little River County,US.AR.LT,43,0,
Uintah County,US.UT.UN,43,0,
Fremont County,US.CO.FR,43,0,
Kauai County,US.HI.KU,43,0,
Lincoln County,US.ID.LI,43,0,
Marshall County,US.OK.MH,43,0,
Jersey County,US.IL.JR,43,1,
Washakie County,US.WY.WA,43,5,
Lander County,US.NV.LA,43,0,
Brown County,US.IN.BR,43,1,
Grays Harbor County,US.WA.GY,43,0,
Menominee County,US.MI.MM,43,0,
Jones County,US.NC.JN,43,3,
Washington County,US.VT.WA,43,1,
Gaines County,US.TX.GS,43,0,
Leelanau County,US.MI.LE,42,0,
Hampshire County,US.WV.HM,42,1,
Franklin County,US.ME.FR,42,1,
Yoakum County,US.TX.YA,42,0,
Ford County,US.IL.FO,42,1,
Kalkaska County,US.MI.KK,42,2,
Davis County,US.IA.DV,42,1,
Buchanan County,US.VA.BH,42,0,
Hancock County,US.WV.HN,42,0,
Atchison County,US.KS.AT,42,0,
Lincoln County,US.WY.LI,41,0,
Seneca County,US.OH.SE,41,2,
Kossuth County,US.IA.KO,41,0,
Bosque County,US.TX.BQ,41,0,
Lunenburg County,US.VA.LN,41,0,
Jackson County,US.AR.JA,41,0,
Siskiyou County,US.CA.SK,41,0,
Brooks County,US.TX.BK,41,0,
Clark County,US.IL.CK,41,0,
Charles City County,US.VA.CC,41,3,
Jefferson County,US.WA.JE,41,0,
Adams County,US.WI.AD,41,2,
Casey County,US.KY.CS,41,1,
Alleghany County,US.NC.AL,41,0,
Vernon County,US.WI.VE,40,0,
Floyd County,US.KY.FO,40,0,
Amador County,US.CA.AM,40,0,
Amherst County,US.VA.AH,40,0,
Twiggs County,US.GA.TG,40,1,
Logan County,US.WV.LO,40,1,
Winkler County,US.TX.WI,40,0,
Custer County,US.NE.CU,40,4,
Marion County,US.TX.MN,40,1,
Mille Lacs County,US.MN.MI,40,2,
Pike County,US.MO.PI,40,1,
Blackford County,US.IN.BL,40,2,
Wise County,US.VA.WI,40,2,
Jerauld County,US.SD.JE,39,1,
Perquimans County,US.NC.PQ,39,2,
Union County,US.IA.UN,39,0,
Garrard County,US.KY.GR,39,0,
Lampasas County,US.TX.LP,39,0,
Emmet County,US.MI.EM,39,2,
Wabasha County,US.MN.WB,39,0,
Mason County,US.KY.MS,39,1,
Mecosta County,US.MI.MT,39,2,
Merrick County,US.NE.ME,39,0,
Bourbon County,US.KS.BB,39,1,
Neosho County,US.KS.NO,39,0,
Wright County,US.MO.WG,38,0,
Perry County,US.TN.PE,38,0,
Wabaunsee County,US.KS.WB,38,0,
Lamoille County,US.VT.LA,38,1,
Nowata County,US.OK.NW,38,1,
Arenac County,US.MI.AR,38,2,
Dimmit County,US.TX.DM,38,0,
Charlotte County,US.VA.CT,38,0,
Cuming County,US.NE.CM,38,0,
Custer County,US.MT.CU,38,0,
Carter County,US.KY.CR,38,0,
Meigs County,US.TN.ME,38,0,
Bureau County,US.IL.BU,37,2,
Sioux County,US.ND.SI,37,0,
Renville County,US.MN.RN,37,2,
Harlan County,US.KY.HL,37,2,
Howard County,US.IA.HO,37,0,
Tyler County,US.TX.TY,37,0,
Chowan County,US.NC.CW,37,0,
Jefferson County,US.KS.JF,37,0,
Cleveland County,US.AR.CV,37,0,
Jefferson County,US.PA.JE,37,1,
Pocahontas County,US.WV.PO,37,0,
Fountain County,US.IN.FO,36,2,
Latah County,US.ID.LA,36,0,
Venango County,US.PA.VE,36,0,
Kit Carson County,US.CO.KT,36,3,
Missaukee County,US.MI.MU,36,1,
Fillmore County,US.MN.FI,36,0,
Prowers County,US.CO.PR,36,0,
Taylor County,US.GA.TY,36,2,
Franklin County,US.NY.FR,36,0,
Winnebago County,US.IA.WB,36,0,
Mason County,US.TX.MA,35,0,
Camden County,US.NC.CD,35,1,
Van Buren County,US.AR.VA,35,2,
Sullivan County,US.NH.SU,35,1,
Crosby County,US.TX.CB,35,2,
Lucas County,US.IA.LU,35,4,
Dewey County,US.SD.DW,35,0,
Hamilton County,US.KS.HM,35,0,
Hansford County,US.TX.HF,35,2,
Lassen County,US.CA.LS,35,0,
Jackson County,US.WI.JA,35,1,
Rockbridge County,US.VA.RB,35,0,
Henry County,US.OH.HE,35,0,
Crockett County,US.TX.CT,35,0,
Hyde County,US.NC.HE,34,0,
Sagadahoc County,US.ME.SA,34,0,
Juab County,US.UT.JU,34,0,
Ouachita County,US.AR.OU,34,0,
Pamlico County,US.NC.PM,34,0,
Rock County,US.MN.RC,34,0,
Barton County,US.MO.BT,34,0,
Inyo County,US.CA.IN,34,1,
Caldwell County,US.KY.CD,34,0,
Atoka County,US.OK.AT,34,0,
Haskell County,US.KS.HS,34,0,
Brule County,US.SD.BU,34,0,
Aurora County,US.SD.AU,34,0,
Wetzel County,US.WV.WT,34,0,
Clark County,US.KS.CA,34,0,
Perry County,US.AR.PY,34,0,
Carbon County,US.MT.CB,34,0,
Boone County,US.WV.BN,34,0,
Franklin County,US.FL.FR,33,0,
Swift County,US.MN.SW,33,1,
Jim Hogg County,US.TX.JG,33,0,
Roscommon County,US.MI.RO,33,0,
Stevens County,US.KS.SV,33,0,
Meade County,US.KY.MA,33,2,
Grant County,US.NM.GR,33,0,
Goliad County,US.TX.GI,33,0,
McKenzie County,US.ND.MK,33,0,
Crawford County,US.IN.CW,33,0,
Park County,US.CO.PA,33,0,
Clinton County,US.MO.CO,33,0,
Grant County,US.MN.GR,32,0,
Franklin County,US.ID.FA,32,0,
Charlevoix County,US.MI.CV,32,2,
Delta County,US.MI.DE,32,3,
Mingo County,US.WV.MO,32,2,
Tensas Parish,US.LA.TN,32,0,
Menard County,US.IL.MN,32,0,
Rockcastle County,US.KY.RC,32,0,
Union County,US.KY.UN,32,0,
Meade County,US.KS.ME,32,0,
Switzerland County,US.IN.SW,32,0,
Houston County,US.MN.HO,32,0,
Wayne County,US.NE.WY,32,0,
Paulding County,US.OH.PA,32,0,
Sherman County,US.TX.SN,32,0,
Greenlee County,US.AZ.GE,32,1,
Hamilton County,US.TX.HM,32,1,
Vernon County,US.MO.VE,32,0,
Tipton County,US.IN.TT,32,1,
Clare County,US.MI.CE,32,3,
Rappahannock County,US.VA.RP,32,1,
Beaver County,US.OK.BA,32,0,
Donley County,US.TX.DO,32,0,
Morgan County,US.TN.MG,32,1,
Ray County,US.MO.RY,31,0,
Somerset County,US.ME.SO,31,0,
Sabine County,US.TX.SB,31,1,
Marion County,US.MO.MO,31,0,
Yellow Medicine County,US.MN.YE,31,0,
Mariposa County,US.CA.MP,31,1,
Reagan County,US.TX.RG,31,0,
Webster County,US.GA.WT,31,2,
Greene County,US.IA.GE,31,0,
Toole County,US.MT.TO,31,6,
Effingham County,US.IL.EF,31,1,
Nemaha County,US.KS.NM,31,0,
Warren County,US.GA.WR,31,0,
Carroll County,US.MO.CL,31,0,
Anderson County,US.KY.AN,31,1,
Lewis County,US.NY.LE,31,5,
Richland County,US.MT.RI,30,0,
Franklin County,US.AR.FR,30,1,
Breckinridge County,US.KY.BC,30,2,
Cheboygan County,US.MI.CY,30,2,
Jackson County,US.OH.JA,30,0,
Baxter County,US.AR.BA,30,0,
Prairie County,US.AR.PR,30,0,
Morgan County,US.UT.MN,30,0,
Fleming County,US.KY.FE,30,0,
Mercer County,US.KY.MC,30,0,
Madison County,US.MT.MA,30,1,
Rowan County,US.KY.RW,30,0,
Chickasaw County,US.IA.CC,30,0,
Tazewell County,US.VA.TA,30,0,
Washington County,US.KY.WS,30,0,
Gray County,US.KS.GY,30,0,
Big Horn County,US.WY.BI,30,0,
Gates County,US.NC.GT,29,2,
Clay County,US.NE.CL,29,0,
Carbon County,US.WY.CB,29,1,
Elk County,US.PA.EL,29,0,
Turner County,US.SD.TU,29,0,
Lafayette County,US.AR.LF,29,2,
Lake County,US.SD.LK,29,1,
Tioga County,US.PA.TI,29,2,
Schley County,US.GA.SY,29,1,
Mercer County,US.IL.ME,29,0,
Benewah County,US.ID.BA,29,0,
Sheridan County,US.WY.SH,29,0,
Trigg County,US.KY.TG,29,0,
Pike County,US.OH.PK,29,0,
Teton County,US.ID.TE,29,0,
Decatur County,US.TN.DC,29,0,
Cumberland County,US.IL.CU,29,0,
Manistee County,US.MI.ME,29,0,
Oneida County,US.WI.ON,28,0,
Scott County,US.TN.SC,28,0,
Glacier County,US.MT.GC,28,0,
Phillips County,US.KS.PL,28,0,
Grand County,US.CO.GR,28,1,
Harrison County,US.MO.HS,28,0,
King and Queen County,US.VA.KA,28,1,
Converse County,US.WY.CE,28,0,
Osage County,US.KS.OS,28,0,
McLean County,US.KY.ML,28,1,
Morgan County,US.MO.MG,28,0,
Cooper County,US.MO.CP,28,0,
Cass County,US.IA.CS,28,0,
Fulton County,US.KY.FU,28,1,
Todd County,US.KY.TO,28,0,
Traill County,US.ND.TR,28,0,
Roseau County,US.MN.RS,28,0,
Hancock County,US.KY.HC,27,0,
Callahan County,US.TX.AL,27,2,
Stevens County,US.WA.ST,27,1,
Churchill County,US.NV.CH,27,1,
Fentress County,US.TN.FE,27,0,
Parke County,US.IN.PA,27,0,
Doniphan County,US.KS.DP,27,0,
Otoe County,US.NE.OT,27,0,
Shannon County,US.MO.SN,27,0,
Phelps County,US.NE.PH,27,0,
Craig County,US.OK.CG,27,0,
Houghton County,US.MI.HO,27,0,
Gladwin County,US.MI.GL,27,1,
Cloud County,US.KS.CD,26,0,
Johnson County,US.IL.JH,26,0,
Tillman County,US.OK.TI,26,1,
Grand County,US.UT.GR,26,0,
Montague County,US.TX.MU,26,1,
Presidio County,US.TX.PS,26,0,
Avery County,US.NC.AV,26,0,
Comanche County,US.TX.CE,26,1,
Brooke County,US.WV.BO,26,0,
Upshur County,US.WV.UP,26,0,
Lincoln County,US.ME.LI,26,0,
Nodaway County,US.MO.NO,26,0,
Washington County,US.MO.WS,26,1,
Adams County,US.OH.AD,26,1,
San Miguel County,US.NM.SM,26,0,
Martin County,US.IN.MN,26,0,
Stewart County,US.TN.SA,26,0,
Sumner County,US.KS.SU,26,1,
Garrett County,US.MD.GA,26,0,
Redwood County,US.MN.RW,25,0,
Izard County,US.AR.IZ,25,1,
Knox County,US.ME.KN,25,1,
Henry County,US.MO.HE,25,3,
Silver Bow County,US.MT.SI,25,0,
Livingston County,US.MO.LV,25,0,
Knox County,US.NE.KN,25,0,
Murray County,US.OK.MR,25,0,
Mitchell County,US.TX.MH,25,0,
Somervell County,US.TX.SV,25,0,
Alexander County,US.IL.AL,25,0,
Macon County,US.MO.MN,25,0,
Martin County,US.TX.MT,25,1,
Washington County,US.IL.WG,25,0,
Pushmataha County,US.OK.PU,25,0,
Nelson County,US.VA.NL,25,0,
Antrim County,US.MI.AN,25,0,
Floyd County,US.VA.FO,24,1,
Fayette County,US.IL.FA,24,3,
Valley County,US.ID.VA,24,0,
Ste. Genevieve County,US.MO.SG,24,1,
Union County,US.TN.UO,24,0,
Lincoln County,US.NM.LI,24,0,
Mason County,US.IL.MS,24,0,
Aroostook County,US.ME.AR,24,1,
Alcona County,US.MI.AC,24,1,
Currituck County,US.NC.CI,24,0,
Mason County,US.WV.MN,24,0,
Runnels County,US.TX.RN,24,0,
Lake County,US.OR.LK,24,0,
Moultrie County,US.IL.MI,24,0,
Miller County,US.MO.ML,24,0,
Jefferson County,US.ID.JF,24,0,
Duchesne County,US.UT.DU,24,0,
Faulk County,US.SD.FU,24,1,
Barnes County,US.ND.BA,24,0,
Schleicher County,US.TX.SH,24,1,
Taylor County,US.WV.TA,24,0,
McCulloch County,US.TX.MC,23,0,
Dunn County,US.ND.DU,23,0,
Keokuk County,US.IA.KE,23,1,
Lewis County,US.WV.LE,23,2,
Otero County,US.CO.OT,23,1,
Wabash County,US.IL.WB,23,0,
Ida County,US.IA.ID,23,0,
Vinton County,US.OH.VI,23,2,
Russell County,US.VA.RU,23,0,
Moody County,US.SD.MO,23,0,
Buena Vista city,US.VA.BE,23,0,
Skamania County,US.WA.SM,23,0,
Ohio County,US.IN.OH,23,0,
Lyon County,US.KY.LY,23,3,
Oscoda County,US.MI.OO,23,1,
Worth County,US.IA.WT,23,0,
Poquoson city,US.VA.PQ,22,0,
Bond County,US.IL.BN,22,2,
Wilkin County,US.MN.WL,22,3,
Bollinger County,US.MO.BI,22,0,
Nantucket County,US.MA.NA,22,1,
Lewis County,US.KY.LI,22,0,
Stone County,US.MO.SE,22,0,
Blaine County,US.OK.BL,22,0,
Stone County,US.AR.ST,22,1,
Pendleton County,US.KY.PN,22,0,
Crawford County,US.MO.CF,22,0,
Quitman County,US.GA.QU,22,1,
Marion County,US.KS.MN,22,1,
Appanoose County,US.IA.AP,22,3,
Page County,US.IA.PG,22,0,
Montgomery County,US.MO.MM,22,0,
Lincoln County,US.WI.LI,22,0,
Benton County,US.MO.BN,22,0,
Costilla County,US.CO.CS,22,0,
Polk County,US.MO.PO,21,0,
Johnson County,US.WY.JO,21,1,
Ketchikan Gateway Borough,US.AK.KG,21,0,
Moore County,US.TN.MO,21,0,
Cheyenne County,US.NE.CY,21,0,
Monroe County,US.AR.ME,21,0,
Piatt County,US.IL.PA,21,0,
Clear Creek County,US.CO.CL,21,1,
Gallia County,US.OH.GA,21,1,
Grundy County,US.MO.GU,21,1,
Van Buren County,US.IA.VA,21,0,
Caledonia County,US.VT.CA,21,0,
Carroll County,US.IL.CL,21,2,
Sutton County,US.TX.ST,21,0,
Asotin County,US.WA.AS,21,2,
Ransom County,US.ND.RN,21,0,
Garza County,US.TX.GR,21,1,
Koochiching County,US.MN.KO,21,1,
Logan County,US.IL.LO,21,0,
Norman County,US.MN.NR,21,0,
Nicholas County,US.WV.NI,21,1,
Hancock County,US.IL.HC,21,1,
Carbon County,US.UT.CR,21,0,
Bath County,US.KY.BH,21,1,
Stanton County,US.NE.ST,21,0,
San Juan County,US.WA.SA,20,0,
Guadalupe County,US.NM.GU,20,0,
Grant County,US.WV.GA,20,0,
Hemphill County,US.TX.HH,20,0,
Crawford County,US.IL.CW,20,0,
Wheeler County,US.TX.WL,20,0,
Shelby County,US.IL.SB,20,1,
Eastland County,US.TX.EA,20,0,
Wayne County,US.KY.WY,20,0,
Houston County,US.TN.HO,20,0,
Corson County,US.SD.CO,20,0,
Vermillion County,US.IN.VE,20,0,
Clay County,US.TN.CY,20,0,
Linn County,US.MO.LN,20,1,
Power County,US.ID.PO,20,0,
Morgan County,US.WV.MA,20,0,
Ripley County,US.MO.RI,20,0,
Letcher County,US.KY.LT,20,0,
Ramsey County,US.ND.RM,20,1,
Lee County,US.VA.LE,20,0,
Latimer County,US.OK.LA,20,1,
McKean County,US.PA.MC,20,1,
Lawrence County,US.SD.LW,20,0,
Larue County,US.KY.LR,19,1,
Day County,US.SD.DY,19,0,
Beckham County,US.OK.BC,19,0,
Tripp County,US.SD.TR,19,0,
Cass County,US.MN.CS,19,2,
Pike County,US.AR.PE,19,0,
Bracken County,US.KY.BK,19,0,
Edgar County,US.IL.EG,19,0,
Okfuskee County,US.OK.OF,19,0,
Lexington city,US.VA.LX,19,0,
Barbour County,US.WV.BB,19,1,
Cedar County,US.NE.CA,19,0,
Fulton County,US.PA.FU,19,1,
Lincoln County,US.MN.LI,19,0,
Wayne County,US.IL.WY,19,1,
Surry County,US.VA.SR,19,1,
Brown County,US.KS.BR,19,0,
McCreary County,US.KY.MR,18,0,
Chippewa County,US.MI.CP,18,0,
Fulton County,US.AR.FU,18,0,
Dallas County,US.MO.DL,18,1,
Ballard County,US.KY.BA,18,0,
Audubon County,US.IA.AU,18,1,
Conejos County,US.CO.CN,18,0,
Crook County,US.OR.CR,18,1,
De Witt County,US.IL.DW,18,0,
Potter County,US.PA.PO,18,0,
Hancock County,US.ME.HA,18,1,
Pacific County,US.WA.PA,18,1,
Kearney County,US.NE.KA,18,0,
Garfield County,US.UT.GA,18,1,
Giles County,US.VA.GI,18,0,
Fillmore County,US.NE.FI,18,1,
Park County,US.MT.PA,18,0,
Searcy County,US.AR.SA,17,0,
Madison County,US.NC.MD,17,0,
Scott County,US.KS.SC,17,0,
Grant County,US.SD.GA,17,0,
Randolph County,US.MO.RN,17,0,
Hutchinson County,US.SD.HT,17,0,
Hudspeth County,US.TX.HU,17,0,
Wilbarger County,US.TX.WG,17,0,
Wadena County,US.MN.WD,17,0,
Vilas County,US.WI.VI,17,0,
Dickinson County,US.MI.DI,17,2,
Livingston County,US.KY.LV,17,0,
Knott County,US.KY.KT,17,0,
Radford city,US.VA.RD,17,0,
Big Stone County,US.MN.BI,17,0,
Adair County,US.IA.AI,17,0,
Saline County,US.IL.SE,17,0,
Kanabec County,US.MN.KA,17,1,
McCook County,US.SD.MC,17,1,
Middlesex County,US.VA.MI,17,0,
Mineral County,US.CO.MI,17,0,
Metcalfe County,US.KY.MT,17,2,
Richland County,US.WI.RI,17,4,
Kane County,US.UT.KA,17,0,
Taylor County,US.WI.TA,17,0,
Thomas County,US.KS.TH,17,0,
Linn County,US.KS.LN,17,0,
Scott County,US.AR.SC,16,0,
Walworth County,US.SD.WA,16,0,
Lancaster County,US.VA.LA,16,0,
Phillips County,US.CO.PH,16,0,
Caribou County,US.ID.CR,16,0,
Scott County,US.VA.SC,16,2,
Aitkin County,US.MN.AI,16,0,
Benson County,US.ND.BE,16,0,
Ringgold County,US.IA.RI,16,1,
Clay County,US.TX.CY,16,0,
Tillamook County,US.OR.TI,16,0,
Johnston County,US.OK.JO,16,0,
DeKalb County,US.MO.DE,16,0,
Massac County,US.IL.MA,16,0,
Marshall County,US.MN.MS,16,0,
Quay County,US.NM.QU,16,1,
Pendleton County,US.WV.PE,16,1,
Haskell County,US.OK.HS,16,0,
Jefferson County,US.OK.JE,16,0,
Iron County,US.WI.IR,16,1,
Fulton County,US.IL.FU,16,0,
Rains County,US.TX.RI,16,0,
Kiowa County,US.OK.KO,16,1,
Caldwell County,US.MO.CW,15,1,
Antelope County,US.NE.AN,15,1,
Dickinson County,US.KS.DK,15,0,
Woodward County,US.OK.WW,15,0,
Trimble County,US.KY.TM,15,0,
Morgan County,US.KY.MG,15,0,
Monroe County,US.WV.ME,15,0,
Moffat County,US.CO.MF,15,1,
Clark County,US.SD.CK,15,0,
Cavalier County,US.ND.CV,15,0,
Stephens County,US.TX.SE,15,0,
Teton County,US.MT.TE,15,0,
Glascock County,US.GA.GS,15,0,
Gasconade County,US.MO.GA,15,0,
Breathitt County,US.KY.BT,15,0,
Sawyer County,US.WI.SW,15,0,
Ottawa County,US.KS.OT,15,0,
Schuyler County,US.NY.SU,15,0,
Warren County,US.IN.WN,15,1,
Pepin County,US.WI.PE,15,0,
Benton County,US.TN.BN,15,1,
Noble County,US.OH.NO,14,0,
Menard County,US.TX.EN,14,0,
Hughes County,US.OK.HU,14,0,
Bon Homme County,US.SD.BH,14,0,
Buffalo County,US.WI.BF,14,2,
Pembina County,US.ND.PE,14,0,
Benzie County,US.MI.BE,14,0,
Baca County,US.CO.BA,14,0,
Montgomery County,US.IA.MG,14,2,
Union County,US.IN.UN,14,0,
Menifee County,US.KY.ME,14,0,
Burt County,US.NE.BT,14,0,
Sierra County,US.NM.SI,14,0,
Orleans County,US.VT.OL,14,0,
Lincoln County,US.MT.LN,14,1,
Major County,US.OK.MJ,14,1,
Spink County,US.SD.SP,14,0,
Harrison County,US.OH.HR,14,1,
Wallowa County,US.OR.WW,14,0,
Stanley County,US.SD.ST,14,0,
Concho County,US.TX.ON,13,0,
Grand Isle County,US.VT.GR,13,0,
Osage County,US.MO.OS,13,0,
Mahnomen County,US.MN.MH,13,1,
Presque Isle County,US.MI.PR,13,0,
Clay County,US.NC.CY,13,0,
Fisher County,US.TX.FH,13,1,
Bates County,US.MO.BS,13,1,
Hamlin County,US.SD.HM,13,0,
Polk County,US.NE.PO,13,0,
Fall River County,US.SD.FL,13,0,
Gosper County,US.NE.GO,13,0,
LaMoure County,US.ND.LA,13,0,
Gilmer County,US.WV.GI,13,0,
Marion County,US.AR.MN,13,0,
Bristol city,US.VA.BI,13,0,
Pratt County,US.KS.PR,13,0,
Schuyler County,US.IL.SU,13,0,
Hanson County,US.SD.HS,13,0,
Meigs County,US.OH.MS,13,0,
Norton County,US.KS.NT,13,0,
Clearwater County,US.MN.CE,13,0,
Hill County,US.MT.HI,13,0,
Decatur County,US.IA.DC,13,0,
Pope County,US.MN.PE,13,0,
Jack County,US.TX.JK,12,0,
Martin County,US.KY.MI,12,0,
Clay County,US.WV.CY,12,1,
Lake County,US.MI.LK,12,0,
Sanborn County,US.SD.SA,12,0,
Rosebud County,US.MT.RS,12,1,
Dallas County,US.AR.DA,12,0,
Newton County,US.TX.NE,12,0,
Beaver County,US.UT.BV,12,0,
Nicholas County,US.KY.NI,12,0,
Marshall County,US.IL.MH,12,0,
Rolette County,US.ND.RO,12,0,
Lawrence County,US.IL.LW,12,0,
Cedar County,US.MO.CD,12,0,
Stanton County,US.KS.ST,12,0,
Roane County,US.WV.RO,12,1,
Hancock County,US.TN.HC,12,0,
Los Alamos County,US.NM.LO,12,0,
Adams County,US.ID.AM,12,0,
Kimball County,US.NE.KB,12,0,
Republic County,US.KS.RP,12,0,
Ouray County,US.CO.OU,12,1,
Crittenden County,US.KY.CT,12,1,
Baker County,US.OR.BA,12,0,
Hot Springs County,US.WY.HO,12,0,
Douglas County,US.MO.DO,12,0,
Pike County,US.IN.PI,12,0,
Woodruff County,US.AR.WO,12,0,
Archuleta County,US.CO.AC,12,0,
Pershing County,US.NV.PE,12,0,
Gogebic County,US.MI.GO,12,1,
Stevens County,US.MN.SV,11,0,
Texas County,US.MO.TE,11,0,
Johnson County,US.KY.JO,11,0,
Carlisle County,US.KY.CE,11,1,
Wayne County,US.IA.WY,11,0,
Fremont County,US.ID.FE,11,0,
McLean County,US.ND.ML,11,0,
Langlade County,US.WI.LN,11,1,
Rusk County,US.WI.RU,11,1,
Plumas County,US.CA.PU,11,0,
Jefferson County,US.NE.JE,11,0,
Mitchell County,US.KS.MC,11,0,
Daviess County,US.MO.DV,11,0,
Lipscomb County,US.TX.LM,11,0,
Scotland County,US.MO.SO,11,1,
Lewis County,US.TN.LE,11,0,
Sitka City and Borough,US.AK.SI,11,0,
Cotton County,US.OK.CT,11,2,
Idaho County,US.ID.ID,11,0,
Jefferson County,US.MT.JE,11,0,
Morgan County,US.OH.MA,11,0,
Leslie County,US.KY.LS,11,0,
Greenwood County,US.KS.GW,11,0,
Fremont County,US.IA.FO,11,0,
Lawrence County,US.KY.LC,11,0,
Coos County,US.NH.CO,11,0,
Ellsworth County,US.KS.EW,11,0,
Archer County,US.TX.AC,10,0,
Owen County,US.KY.OE,10,0,
Hubbard County,US.MN.HU,10,0,
Tyler County,US.WV.TY,10,0,
Reynolds County,US.MO.RE,10,0,
Emery County,US.UT.EM,10,0,
Brown County,US.IL.BR,10,0,
Carson County,US.TX.CN,10,0,
Furnas County,US.NE.FU,10,1,
San Saba County,US.TX.SS,10,0,
Powell County,US.KY.PO,10,0,
Clay County,US.KS.CY,10,2,
White County,US.IL.WE,10,0,
Newton County,US.AR.NW,10,0,
Warren County,US.PA.WR,10,1,
Custer County,US.SD.CU,10,0,
Upton County,US.TX.UP,10,0,
Woodson County,US.KS.WO,10,0,
Pierce County,US.NE.PI,10,0,
Wells County,US.ND.WE,10,0,
Miner County,US.SD.ME,10,0,
Issaquena County,US.MS.IS,10,1,
Green County,US.KY.GN,10,1,
Ralls County,US.MO.RL,10,0,
Sullivan County,US.PA.SL,10,0,
Roosevelt County,US.MT.RO,10,0,
Douglas County,US.SD.DO,10,0,
Orange County,US.VT.OA,10,0,
Las Animas County,US.CO.LS,10,0,
Coal County,US.OK.CL,10,0,
Graham County,US.NC.GH,10,0,
Edwards County,US.TX.ED,10,0,
Mellette County,US.SD.ML,9,0,
Columbia County,US.WA.CM,9,0,
Van Buren County,US.TN.VA,9,0,
Craig County,US.VA.CG,9,0,
Oregon County,US.MO.OR,9,0,
Dawson County,US.MT.DW,9,0,
Colfax County,US.NM.CO,9,1,
Mercer County,US.ND.ME,9,0,
Curry County,US.OR.CU,9,0,
Menominee County,US.WI.MN,9,0,
Thayer County,US.NE.TA,9,0,
Pend Oreille County,US.WA.PE,9,0,
McDowell County,US.WV.MC,9,0,
Hodgeman County,US.KS.HG,9,0,
Lake County,US.MN.LE,9,0,
Goshen County,US.WY.GO,9,0,
Kimble County,US.TX.KM,9,0,
Broadwater County,US.MT.BR,9,0,
Richardson County,US.NE.RI,9,1,
McHenry County,US.ND.MH,9,1,
Rooks County,US.KS.RO,9,0,
Greene County,US.IL.GE,9,0,
Richland County,US.IL.RI,9,0,
Stillwater County,US.MT.ST,9,0,
Briscoe County,US.TX.BO,9,1,
Lincoln County,US.WV.LI,9,0,
Mackinac County,US.MI.MK,9,0,
Woods County,US.OK.WS,9,0,
Franklin County,US.NE.FA,8,0,
Adams County,US.IA.AM,8,0,
Boise County,US.ID.BS,8,0,
Edwards County,US.KS.ED,8,0,
Red Willow County,US.NE.RE,8,0,
Pierce County,US.ND.PI,8,0,
Shoshone County,US.ID.SH,8,0,
Lewis County,US.MO.LE,8,1,
Kingsbury County,US.SD.KI,8,0,
Edmunds County,US.SD.ED,8,0,
Sargent County,US.ND.SG,8,0,
Sheridan County,US.NE.SD,8,0,
Washita County,US.OK.WT,8,0,
Delta County,US.TX.DT,8,0,
Anderson County,US.KS.AN,8,0,
Henderson County,US.IL.HD,8,0,
Ashland County,US.WI.AS,8,0,
Shackelford County,US.TX.SC,8,0,
Valley County,US.NE.VA,8,0,
Union County,US.NM.UN,8,0,
Price County,US.WI.PC,8,0,
Gilpin County,US.CO.GI,8,0,
Pike County,US.IL.PK,7,0,
White Pine County,US.NV.WH,7,0,
Montmorency County,US.MI.MR,7,0,
Webster County,US.NE.WE,7,0,
Burke County,US.ND.BK,7,0,
Hamilton County,US.IL.HM,7,0,
Schoolcraft County,US.MI.SR,7,0,
Iron County,US.MI.IR,7,1,
Cumberland County,US.KY.CU,7,0,
Hand County,US.SD.HD,7,0,
Rice County,US.KS.RC,7,0,
Renville County,US.ND.RE,7,0,
Deer Lodge County,US.MT.DE,7,0,
Pickett County,US.TN.PI,7,0,
Childress County,US.TX.CD,7,0,
Boone County,US.NE.BO,7,0,
Morton County,US.KS.MT,7,2,
Sherman County,US.KS.SH,7,0,
Crook County,US.WY.CK,7,0,
Montgomery County,US.AR.MT,7,0,
Hickman County,US.KY.HA,7,0,
Maries County,US.MO.MS,7,0,
Clinton County,US.KY.CO,7,0,
Matthews County,US.VA.MT,7,0,
Magoffin County,US.KY.MF,7,0,
Forest County,US.PA.FO,7,0,
Mills County,US.TX.MS,7,0,
Johnson County,US.NE.JO,7,0,
Madison County,US.MO.MD,7,0,
Jackson County,US.CO.JA,7,0,
Sublette County,US.WY.SU,7,0,
Wyoming County,US.WV.WY,7,0,
Jackson County,US.SD.JA,7,1,
Mercer County,US.MO.MC,7,0,
McIntosh County,US.ND.MI,7,0,
Carter County,US.MO.CR,7,1,
Graham County,US.KS.GH,6,0,
Rio Blanco County,US.CO.RB,6,0,
Estill County,US.KY.ES,6,0,
Mineral County,US.NV.MI,6,0,
Atchison County,US.MO.AT,6,0,
Sheridan County,US.KS.SD,6,0,
Coke County,US.TX.OK,6,1,
Nance County,US.NE.NA,6,0,
Allen County,US.KS.AL,6,0,
Culberson County,US.TX.UL,6,1,
Glasscock County,US.TX.GC,6,0,
Bayfield County,US.WI.BY,6,1,
Cochran County,US.TX.CC,6,0,
Roberts County,US.TX.RS,6,0,
Dickenson County,US.VA.DC,6,0,
Granite County,US.MT.GN,6,0,
McPherson County,US.SD.MP,6,0,
Washburn County,US.WI.WR,6,0,
Traverse County,US.MN.TR,6,0,
Gallatin County,US.IL.GA,6,0,
Wirt County,US.WV.WI,6,0,
Chariton County,US.MO.CI,6,0,
Hamilton County,US.NY.HA,6,1,
Real County,US.TX.RL,6,0,
Knox County,US.TX.KX,6,0,
Sioux County,US.NE.SI,6,0,
Stark County,US.IL.SA,6,0,
Collingsworth County,US.TX.CG,6,0,
Haskell County,US.TX.HK,6,0,
Tucker County,US.WV.TU,6,0,
Bethel Census Area,US.AK.BE,6,0,
Oneida County,US.ID.ON,6,0,
St. Clair County,US.MO.SC,5,0,
Lac Qui Parle County,US.MN.LC,5,0,
Braxton County,US.WV.BX,5,0,
Nome Census Area,US.AK.NM,5,0,
Baraga County,US.MI.BA,5,0,
Boundary County,US.ID.BD,5,0,
Bottineau County,US.ND.BT,5,0,
Clearwater County,US.ID.CE,5,0,
Lane County,US.KS.LE,5,0,
Howard County,US.MO.HR,5,0,
Coleman County,US.TX.CM,5,0,
Schuyler County,US.MO.SH,5,0,
Pawnee County,US.KS.PN,5,0,
Covington city,US.VA.CV,5,0,
Jeff Davis County,US.TX.JF,5,0,
Clay County,US.IL.CY,5,0,
Wahkiakum County,US.WA.WH,5,0,
Dent County,US.MO.DN,5,0,
Beaverhead County,US.MT.BE,5,0,
Custer County,US.ID.CU,5,0,
Sherman County,US.NE.SM,5,0,
Monroe County,US.MO.MR,5,0,
Eddy County,US.ND.ED,5,0,
Piscataquis County,US.ME.PI,5,0,
Chase County,US.KS.CS,5,0,
Chautauqua County,US.KS.CQ,5,0,
Burnett County,US.WI.BN,5,1,
Cheyenne County,US.CO.CE,5,0,
Pleasants County,US.WV.PL,5,0,
Washington County,US.ME.WS,5,0,
Morris County,US.KS.MR,5,0,
Greeley County,US.NE.GE,5,0,
Dickey County,US.ND.DC,5,0,
Sherman County,US.OR.SH,5,0,
Edwards County,US.IL.EW,5,0,
Gregory County,US.SD.GE,5,0,
Wayne County,US.MO.WY,5,0,
Deuel County,US.SD.DU,5,0,
Essex County,US.VT.ES,5,0,
Hardeman County,US.TX.RD,5,0,
Marshall County,US.SD.MS,5,0,
Nemaha County,US.NE.NE,5,0,
Calhoun County,US.WV.CH,4,0,
Garden County,US.NE.GD,4,0,
Florence County,US.WI.FL,4,0,
Ferry County,US.WA.FE,4,0,
Piute County,US.UT.PT,4,0,
Jewell County,US.KS.JW,4,0,
Bent County,US.CO.BE,4,0,
Bennett County,US.SD.BN,4,0,
Platte County,US.WY.PL,4,0,
Steele County,US.ND.SE,4,0,
Cameron County,US.PA.CE,4,0,
Kingman County,US.KS.KM,4,0,
Wilson County,US.KS.WL,4,0,
Keith County,US.NE.KT,4,0,
Emmons County,US.ND.EM,4,1,
Worth County,US.MO.WO,4,0,
Wolfe County,US.KY.WL,4,0,
Holt County,US.NE.HT,4,0,
Valley County,US.MT.VA,4,0,
Lincoln County,US.WA.LI,4,0,
Ness County,US.KS.NS,4,0,
Box Butte County,US.NE.BX,4,0,
North Slope Borough,US.AK.NH,4,0,
Dawes County,US.NE.DS,4,0,
Northwest Arctic Borough,US.AK.NW,4,0,
Shelby County,US.MO.SB,4,0,
Petersburg Census Area,US.AK.PB,4,1,
Rich County,US.UT.RH,4,0,
Meagher County,US.MT.ME,4,0,
Lincoln County,US.CO.LI,4,0,
Norton city,US.VA.NC,4,0,
Dewey County,US.OK.DW,4,0,
Oldham County,US.TX.OL,4,1,
Huerfano County,US.CO.HU,4,1,
Red Lake County,US.MN.RD,4,0,
Cottle County,US.TX.OT,4,1,
Alger County,US.MI.AG,4,0,
Butte County,US.SD.BT,3,0,
Catron County,US.NM.CA,3,1,
Calhoun County,US.AR.CA,3,0,
Bland County,US.VA.BL,3,0,
Cherry County,US.NE.CH,3,0,
Armstrong County,US.TX.AM,3,0,
Wrangell City and Borough,US.AK.WG,3,0,
Owsley County,US.KY.OS,3,0,
Comanche County,US.KS.CM,3,0,
Elliott County,US.KY.EL,3,0,
Foster County,US.ND.FO,3,0,
Garfield County,US.NE.GF,3,0,
Golden Valley County,US.MT.GO,3,0,
Grant County,US.ND.GT,3,0,
Southeast Fairbanks Census Area,US.AK.SO,3,0,
Smith County,US.KS.SM,3,0,
Slope County,US.ND.SL,3,0,
Harmon County,US.OK.HM,3,0,
Highland County,US.VA.HA,3,0,
Hinsdale County,US.CO.HI,3,0,
Hyde County,US.SD.HY,3,0,
Irion County,US.TX.IR,3,0,
Iron County,US.MO.IR,3,0,
Kenedy County,US.TX.KE,3,0,
Kidder County,US.ND.KI,3,0,
Kinney County,US.TX.KN,3,0,
Kiowa County,US.KS.KW,3,0,
Kodiak Island Borough,US.AK.KO,3,0,
Rush County,US.KS.RH,3,0,
Lemhi County,US.ID.LM,3,0,
Luce County,US.MI.LU,3,0,
Putnam County,US.MO.PN,3,0,
McPherson County,US.NE.MC,3,0,
Mora County,US.NM.MO,3,0,
Osborne County,US.KS.OB,3,0,
Fergus County,US.MT.FE,3,0,
Ziebach County,US.SD.ZI,3,0,
Custer County,US.CO.CU,3,0,
Towner County,US.ND.TO,3,0,
San Juan County,US.CO.SJ,2,0,
Griggs County,US.ND.GI,2,0,
Prince of Wales-Hyder Census Area,US.AK.PH,2,0,
Harney County,US.OR.HA,2,0,
Marshall County,US.KS.MS,2,0,
Trinity County,US.CA.TR,2,0,
Dade County,US.MO.DD,2,0,
Grant County,US.OK.GN,2,0,
Lincoln County,US.NV.LI,2,0,
Kittson County,US.MN.KI,2,0,
Cheyenne County,US.KS.CN,2,0,
Banner County,US.NE.BA,2,0,
Harper County,US.KS.HP,2,0,
Ozark County,US.MO.OZ,2,0,
Knox County,US.MO.KN,2,0,
Barber County,US.KS.AB,2,0,
Haines Borough,US.AK.HA,2,0,
Hall County,US.TX.HA,2,1,
Ritchie County,US.WV.RI,2,0,
Wheatland County,US.MT.WH,2,0,
Rock County,US.NE.RO,2,0,
Sheridan County,US.ND.SH,2,0,
Gove County,US.KS.GO,2,0,
Clark County,US.MO.CK,2,0,
Taliaferro County,US.GA.TA,2,0,
Frontier County,US.NE.FO,2,0,
Ellis County,US.OK.EL,2,0,
Dickens County,US.TX.DC,2,0,
Hooker County,US.NE.HO,2,0,
Yukon-Koyukuk Census Area,US.AK.YU,2,0,
Oliver County,US.ND.OL,2,0,
Terrell County,US.TX.TL,2,0,
Nuckolls County,US.NE.NU,2,0,
Niobrara County,US.WY.NI,2,0,
Storey County,US.NV.ST,2,0,
Bear Lake County,US.ID.BK,2,0,
Alpine County,US.CA.AP,2,0,
Nelson County,US.ND.NE,2,0,
Treasure County,US.MT.TR,2,0,
Summers County,US.WV.SU,2,0,
Motley County,US.TX.MY,2,0,
Trego County,US.KS.TR,2,0,
Pondera County,US.MT.PN,2,0,
Keweenaw County,US.MI.KW,1,0,
Washington County,US.KS.WS,1,0,
Billings County,US.ND.BI,1,0,
Jones County,US.SD.JO,1,0,
Scott County,US.IL.SO,1,0,
Cimarron County,US.OK.CO,1,0,
Russell County,US.KS.RS,1,0,
Baylor County,US.TX.BR,1,0,
Logan County,US.KS.LG,1,0,
Roger Mills County,US.OK.RR,1,0,
Pope County,US.IL.PE,1,0,
Cook County,US.MN.CO,1,0,
Ontonagon County,US.MI.ON,1,0,
Pawnee County,US.NE.PA,1,0,
Perkins County,US.SD.PR,1,0,
Alfalfa County,US.OK.AL,1,0,
Musselshell County,US.MT.MU,1,0,
Putnam County,US.IL.PT,1,0,
Bath County,US.VA.BA,1,0,
Logan County,US.ND.LO,1,0,
Bowman County,US.ND.BW,1,0,
Lincoln County,US.KS.LC,1,0,
Liberty County,US.MT.LB,1,0,
Robertson County,US.KY.RB,1,0,
Lee County,US.KY.LE,1,0,
Holt County,US.MO.HL,1,0,
Elk County,US.KS.EK,1,0,
Hitchcock County,US.NE.HI,1,0,
Campbell County,US.SD.CP,1,0,
Hardin County,US.IL.HI,1,0,
Sheridan County,US.MT.SH,1,0,
Sierra County,US.CA.SE,1,0,
Webster County,US.WV.WB,1,0,
Stafford County,US.KS.SF,1,0,
Grant County,US.OR.GR,1,0,
Calhoun County,US.IL.CH,1,0,
Camas County,US.ID.CM,1,0,
Gilliam County,US.OR.GI,1,0,
Harlan County,US.NE.HR,1,0,
Sully County,US.SD.SU,1,0,
Garfield County,US.WA.GF,1,0,
Foard County,US.TX.FD,1,0,
Chase County,US.NE.CE,1,0,
Fallon County,US.MT.FA,1,0,
Eureka County,US.NV.EU,1,0,
Thomas County,US.NE.TO,1,0,
Throckmorton County,US.TX.TH,1,0,
Harding County,US.NM.HA,1,0,
Haakon County,US.SD.HA,1,0,
Boyd County,US.NE.BY,1,0,
Divide County,US.ND.DV,1,0,
Harper County,US.OK.HP,1,0,
Hettinger County,US.ND.HE,1,0,
Hickory County,US.MO.HC,1,0,
Adams County,US.ND.AD,0,0,
Wichita County,US.KS.WH,0,0,
Sterling County,US.TX.SI,0,0,
Prairie County,US.MT.PR,0,0,
Powell County,US.MT.PL,0,0,
Powder River County,US.MT.PD,0,0,
McMullen County,US.TX.MM,0,0,
Arthur County,US.NE.AR,0,0,
Esmeralda County,US.NV.ES,0,0,
Potter County,US.SD.PO,0,0,
Denali Borough,US.AK.DE,0,0,
Yakutat City and Borough,US.AK.YA,0,0,
Stonewall County,US.TX.SA,0,0,
Golden Valley County,US.ND.GO,0,0,
Mineral County,US.MT.MN,0,0,
Modoc County,US.CA.MC,0,0,
Deuel County,US.NE.DL,0,0,
Wallace County,US.KS.WA,0,0,
Phillips County,US.MT.PH,0,0,
Hayes County,US.NE.HY,0,0,
Garfield County,US.MT.GF,0,0,
Sedgwick County,US.CO.SE,0,0,
Sweet Grass County,US.MT.SW,0,0,
Petroleum County,US.MT.PO,0,0,
Dundy County,US.NE.DY,0,0,
Hoonah-Angoon Census Area,US.AK.HH,0,0,
Carter County,US.MT.CT,0,0,
Aleutians West Census Area,US.AK.AW,0,0,
Aleutians East Borough,US.AK.AE,0,0,
Perkins County,US.NE.PE,0,0,
Borden County,US.TX.BD,0,0,
Dillingham Census Area,US.AK.DI,0,0,
McCone County,US.MT.MC,0,0,
Wheeler County,US.OR.WE,0,0,
Valdez-Cordova Census Area,US.AK.VA,0,0,
Keya Paha County,US.NE.KY,0,0,
Daggett County,US.UT.DG,0,0,
Lake of the Woods County,US.MN.LO,0,0,
Kalawao County,US.HI.KL,0,0,
Decatur County,US.KS.DC,0,0,
Harding County,US.SD.HR,0,0,
Lake and Peninsula Borough,US.AK.LA,0,0,
Kusilvak Census Area,US.AK.WA,0,0,
Kent County,US.TX.KT,0,0,
Bristol Bay Borough,US.AK.BR,0,0,
Wheeler County,US.NE.WH,0,0,
Daniels County,US.MT.DN,0,0,
Kiowa County,US.CO.KO,0,0,
De Baca County,US.NM.DE,0,0,
King County,US.TX.KG,0,0,
Chouteau County,US.MT.CH,0,0,
Brown County,US.NE.BW,0,0,
Blaine County,US.MT.BL,0,0,
Clark County,US.ID.CA,0,0,
Judith Basin County,US.MT.JU,0,0,
Grant County,US.NE.GA,0,0,
Loving County,US.TX.LI,0,0,
Loup County,US.NE.LU,0,0,
Rawlins County,US.KS.RA,0,0,
Logan County,US.NE.LG,0,0,
Sanders County,US.MT.SA,0,0,
Greeley County,US.KS.GL,0,0,
Skagway Municipality,US.AK.SW,0,0,
Butte County,US.ID.BT,0,0,
Wibaux County,US.MT.WI,0,0,
Blaine County,US.NE.BL,0,0,
Dolores County,US.CO.DO,0,0,
Doddridge County,US.WV.DO,0,0,
Lewis County,US.ID.LW,0,0,
Wayne County,US.UT.WE,0,0,
