County,hasc,confirmed,death,recovered
Cook County,US.IL.CO,85184,4206,
Los Angeles County,US.CA.LO,73791,2926,
Queens County,US.NY.QU,63932,6452,
Kings County,US.NY.KI,58177,6936,
Bronx County,US.NY.BN,46645,4604,
Nassau County,US.NY.NA,41240,2167,
Suffolk County,US.NY.SF,40692,1955,
Westchester County,US.NY.WE,34327,1405,
New York County,US.NY.NE,27627,3023,
Middlesex County,US.MA.MI,23227,1763,
Miami-Dade County,US.FL.DA,22197,826,
Wayne County,US.MI.WY,21793,2670,
Philadelphia County,US.PA.PH,20007,1509,
Maricopa County,US.AZ.MA,19372,557,
Suffolk County,US.MA.SU,19334,951,
Bergen County,US.NJ.BE,18848,1664,
Hudson County,US.NJ.HD,18744,1255,
Essex County,US.NJ.ES,18375,1751,
Prince George's County,US.MD.PR,17400,640,
Harris County,US.TX.RR,16778,275,
Passaic County,US.NJ.PA,16649,1001,
Middlesex County,US.NJ.MI,16458,1083,
Fairfield County,US.CT.FA,16338,1347,
Union County,US.NJ.UN,16291,1128,
Essex County,US.MA.ES,15627,1051,
Dallas County,US.TX.DS,14232,284,
Richmond County,US.NY.RI,13878,1024,
Montgomery County,US.MD.MO,13657,694,
Rockland County,US.NY.RO,13441,503,
Fairfax County,US.VA.FX,13092,423,
Providence County,US.RI.PR,12363,404,
New Haven County,US.CT.NH,12055,1045,
Worcester County,US.MA.WO,11991,871,
Oakland County,US.MI.OD,11313,1067,
Riverside County,US.CA.RI,11285,384,
Hartford County,US.CT.HA,11231,1328,
Marion County,US.IN.MO,10788,651,
Orange County,US.NY.OE,10573,369,
Hennepin County,US.MN.HE,10281,720,
Washington,US.DC.DI,9799,515,
San Diego County,US.CA.SD,9610,320,
Milwaukee County,US.WI.MU,9588,350,
Ocean County,US.NJ.OC,9258,820,
Lake County,US.IL.LK,9109,375,
Broward County,US.FL.BO,9086,358,
Palm Beach County,US.FL.PL,9015,429,
Norfolk County,US.MA.NO,8872,890,
Clark County,US.NV.CL,8815,379,
King County,US.WA.KN,8785,591,
Monmouth County,US.NJ.MN,8761,678,
Orange County,US.CA.OR,8759,221,
Plymouth County,US.MA.PL,8512,626,
DuPage County,US.IL.DU,8465,431,
Jefferson Parish,US.LA.JF,8416,467,
Montgomery County,US.PA.MG,7930,764,
Bristol County,US.MA.BR,7925,518,
San Bernardino County,US.CA.SA,7515,228,
Orleans Parish,US.LA.OR,7411,519,
Mercer County,US.NJ.ME,7371,517,
Tarrant County,US.TX.TN,7334,197,
Mecklenburg County,US.NC.MB,7321,124,
Salt Lake County,US.UT.SL,7309,94,
Franklin County,US.OH.FR,7202,332,
Baltimore County,US.MD.BC,7199,424,
Kane County,US.IL.KE,7128,229,
Macomb County,US.MI.MB,7060,889,
Camden County,US.NJ.CM,7025,415,
Shelby County,US.TN.SY,6954,153,
Delaware County,US.PA.DE,6921,620,
Davidson County,US.TN.DA,6818,88,
Erie County,US.NY.ER,6817,554,
Baltimore City,US.MD.BA,6747,301,
Prince William County,US.VA.PW,6608,122,
Morris County,US.NJ.MR,6588,638,
Hampden County,US.MA.HD,6489,640,
Denver County,US.CO.DN,6376,363,
Will County,US.IL.WL,6158,302,
Douglas County,US.NE.DG,5734,61,
Yakima County,US.WA.YA,5450,121,
Bucks County,US.PA.BC,5439,542,
St. Louis County,US.MO.SL,5363,498,
Gwinnett County,US.GA.GW,5361,155,
Cuyahoga County,US.OH.CU,5220,315,
Polk County,US.IA.PK,5177,161,
Fulton County,US.GA.FU,5111,291,
Burlington County,US.NJ.BU,4894,364,
Arapahoe County,US.CO.AA,4818,335,
Somerset County,US.NJ.SO,4764,437,
Anne Arundel County,US.MD.AN,4623,194,
Travis County,US.TX.TV,4545,104,
Kent County,US.MI.KN,4463,115,
Sussex County,US.DE.SU,4416,150,
Bexar County,US.TX.BX,4393,88,
Alameda County,US.CA.AA,4373,112,
DeKalb County,US.GA.DA,4371,149,
New Castle County,US.DE.NE,4345,190,
Berks County,US.PA.BK,4324,338,
Imperial County,US.CA.IM,4298,47,
East Baton Rouge Parish,US.LA.EB,4218,259,
Lake County,US.IN.LK,4172,230,
Dutchess County,US.NY.DU,4068,147,
Ramsey County,US.MN.RA,3992,190,
Lehigh County,US.PA.LH,3957,269,
Pima County,US.AZ.PM,3944,223,
El Paso County,US.TX.EP,3911,102,
Hillsborough County,US.FL.HL,3826,99,
Lancaster County,US.PA.LN,3777,331,
Adams County,US.CO.AD,3759,144,
Cobb County,US.GA.CB,3626,218,
Minnehaha County,US.SD.MN,3485,53,
Loudoun County,US.VA.LD,3404,71,
Monroe County,US.NY.MR,3380,230,
Kern County,US.CA.KE,3367,53,
Jefferson County,US.KY.JF,3363,176,
Chester County,US.PA.CH,3315,307,
Orange County,US.FL.OR,3282,46,
Yuma County,US.AZ.YU,3265,42,
Hamilton County,US.OH.HM,3250,179,
Northampton County,US.PA.NA,3246,243,
Santa Clara County,US.CA.SL,3230,151,
Snohomish County,US.WA.SN,3152,156,
Wake County,US.NC.WK,3099,42,
Greenville County,US.SC.GV,3011,69,
Woodbury County,US.IA.WO,3005,39,
Hillsborough County,US.NH.HI,2963,205,
San Francisco County,US.CA.SF,2952,45,
McKinley County,US.NM.MC,2936,148,
Montgomery County,US.AL.MT,2910,69,
Lee County,US.FL.LE,2877,132,
Luzerne County,US.PA.LU,2835,168,
Caddo Parish,US.LA.CO,2831,214,
Potter County,US.TX.PT,2785,36,
Hall County,US.GA.HL,2770,55,
Winnebago County,US.IL.WN,2744,79,
Mobile County,US.AL.MB,2742,129,
Durham County,US.NC.DH,2712,56,
Fresno County,US.CA.FR,2706,55,
Marion County,US.OH.MR,2706,33,
Cumberland County,US.NJ.CU,2697,108,
Weld County,US.CO.WE,2666,136,
Tulare County,US.CA.TL,2664,98,
Navajo County,US.AZ.NA,2636,86,
Utah County,US.UT.UT,2607,19,
Jackson County (including other portions of Kansas City),US.MO.JC,2602,51,
San Mateo County,US.CA.SM,2594,99,
Collier County,US.FL.CL,2592,60,
Genesee County,US.MI.GE,2583,282,
Jefferson County,US.AL.JE,2571,118,
Onondaga County,US.NY.OG,2531,155,
Atlantic County,US.NJ.AT,2497,180,
Brown County,US.WI.BW,2469,38,
Jefferson County,US.CO.JE,2466,198,
Lucas County,US.OH.LU,2457,282,
Gloucester County,US.NJ.GL,2416,163,
Pinellas County,US.FL.PI,2389,102,
Fort Bend County,US.TX.FR,2385,49,
Arlington County,US.VA.AR,2346,124,
Howard County,US.MD.HO,2327,75,
Frederick County,US.MD.FR,2298,114,
Henrico County,US.VA.HC,2289,136,
Richland County,US.SC.RI,2257,72,
Forsyth County,US.NC.FO,2250,25,
Allen County,US.IN.AL,2224,85,
Chesterfield County,US.VA.CD,2194,39,
Elkhart County,US.IN.EL,2168,34,
Alexandria City,US.VA.AX,2160,47,
Pierce County,US.WA.PI,2143,89,
Pickaway County,US.OH.PC,2125,40,
San Juan County,US.NM.SJ,2123,148,
Stearns County,US.MN.SR,2108,19,
Allegheny County,US.PA.AL,2086,174,
Santa Barbara County,US.CA.SB,2069,18,
Guilford County,US.NC.GU,2061,91,
Cass County,US.ND.CS,2058,62,
City of St. Louis,US.MO.SY,2038,136,
Duval County,US.FL.DU,2032,57,
Albany County,US.NY.AB,2022,106,
Racine County,US.WI.RA,1991,54,
Contra Costa County,US.CA.CN,1983,44,
Washoe County,US.NV.WA,1977,70,
Apache County,US.AZ.AP,1975,56,
St. Tammany Parish,US.LA.ST,1954,169,
El Paso County,US.CO.EL,1941,103,
Washington County,US.AR.WA,1925,12,
Ford County,US.KS.FO,1882,10,
Walker County,US.TX.WK,1873,27,
McHenry County,US.IL.MY,1856,85,
Dougherty County,US.GA.DH,1837,151,
Black Hawk County,US.IA.BL,1834,53,
Richmond City,US.VA.RC,1832,28,
Kings County,US.CA.KI,1831,8,
Ouachita Parish,US.LA.OU,1813,59,
Sacramento County,US.CA.SC,1794,63,
Rutherford County,US.TN.RU,1775,30,
Anoka County,US.MN.AN,1760,90,
Ulster County,US.NY.UL,1741,80,
Wyandotte County,US.KS.WY,1736,76,
Denton County,US.TX.DN,1736,36,
Hamilton County,US.TN.HL,1731,20,
Dakota County,US.MN.DA,1730,74,
Dakota County,US.NE.DK,1724,27,
San Joaquin County,US.CA.SJ,1716,42,
Bernalillo County,US.NM.BE,1705,80,
Summit County,US.OH.SU,1675,194,
Collin County,US.TX.CI,1667,37,
Dauphin County,US.PA.DA,1655,107,
Tulsa County,US.OK.TU,1653,62,
Oklahoma County,US.OK.OL,1643,64,
Ventura County,US.CA.VE,1633,41,
Nobles County,US.MN.NB,1620,6,
Cass County,US.IN.CS,1606,9,
Lackawanna County,US.PA.LC,1602,196,
Mahoning County,US.OH.MH,1600,216,
Buena Vista County,US.IA.BV,1590,6,
Washtenaw County,US.MI.WS,1571,101,
Pinal County,US.AZ.PN,1568,44,
Kent County,US.DE.KE,1565,83,
Hall County,US.NE.HL,1562,45,
Multnomah County,US.OR.MU,1556,68,
St. Joseph County,US.IN.SN,1552,50,
Finney County,US.KS.FI,1540,10,
Wayne County,US.NC.WY,1533,20,
Polk County,US.FL.PO,1509,75,
Barnstable County,US.MA.BA,1489,130,
Benton County,US.AR.BE,1480,8,
Lancaster County,US.NE.LA,1480,10,
St. Clair County,US.IL.SI,1465,112,
Trousdale County,US.TN.TR,1458,4,
Cumberland County,US.ME.CU,1445,57,
Clayton County,US.GA.CN,1444,72,
Litchfield County,US.CT.LI,1441,135,
Sullivan County,US.NY.SL,1432,35,
Manatee County,US.FL.MN,1421,115,
Rockingham County,US.NH.RO,1416,79,
Coconino County,US.AZ.CO,1373,88,
Kenosha County,US.WI.KN,1357,36,
Tuscaloosa County,US.AL.TU,1356,25,
Monroe County,US.PA.MR,1350,105,
Hamilton County,US.IN.HM,1349,96,
Manassas City,US.VA.MS,1314,13,
Hinds County,US.MS.HI,1308,27,
Pulaski County,US.AR.PU,1302,42,
Putnam County,US.NY.PU,1291,62,
Oneida County,US.NY.OD,1280,81,
Hendricks County,US.IN.HD,1276,92,
Warren County,US.KY.WR,1275,10,
Charles County,US.MD.CH,1272,83,
Montgomery County,US.TX.MG,1258,32,
Galveston County,US.TX.GV,1255,40,
Jefferson County,US.TX.JE,1242,31,
Stanislaus County,US.CA.ST,1242,35,
Middlesex County,US.CT.MI,1233,171,
Martin County,US.FL.MT,1218,18,
Duplin County,US.NC.DP,1213,20,
Brazoria County,US.TX.BI,1206,13,
New London County,US.CT.NL,1203,101,
Warren County,US.NJ.WA,1202,138,
Lafayette Parish,US.LA.LY,1202,32,
Horry County,US.SC.HO,1194,34,
Rapides Parish,US.LA.RA,1193,41,
Lebanon County,US.PA.LB,1190,40,
Lexington County,US.SC.LX,1184,40,
Marion County,US.OR.MR,1179,30,
Johnson County,US.IN.JO,1172,114,
Benton County,US.WA.BE,1171,73,
Niagara County,US.NY.NI,1169,83,
York County,US.PA.YO,1169,32,
Charleston County,US.SC.CS,1165,16,
Saginaw County,US.MI.SG,1160,119,
Sussex County,US.NJ.SU,1155,149,
Cameron County,US.TX.CA,1138,44,
Kent County,US.RI.KE,1128,56,
Leavenworth County,US.KS.LV,1109,7,
Johnson County,US.KS.JO,1106,71,
Sumner County,US.TN.SN,1105,48,
Butler County,US.OH.BU,1103,34,
Boulder County,US.CO.BO,1088,70,
Kankakee County,US.IL.KK,1071,58,
Fayette County,US.KY.FA,1064,17,
Hidalgo County,US.TX.HG,1050,12,
Tangipahoa Parish,US.LA.TA,1048,42,
Cherokee County,US.GA.CE,1041,38,
Hunterdon County,US.NJ.HN,1041,66,
Muscogee County,US.GA.MG,1038,29,
Dallas County,US.IA.DL,1027,26,
Wicomico County,US.MD.WI,1027,35,
Cache County,US.UT.CA,1020,1,
Harford County,US.MD.HA,1019,58,
Linn County,US.IA.LI,1018,80,
Escambia County,US.FL.ES,999,38,
Accomack County,US.VA.AC,996,14,
Monterey County,US.CA.MT,995,12,
Lincoln County,US.AR.LC,995,11,
Montgomery County,US.OH.MT,992,17,
Spartanburg County,US.SC.SP,992,36,
Santa Cruz County,US.AZ.SA,988,12,
Carroll County,US.MD.CR,987,105,
Lafourche Parish,US.LA.LO,983,77,
Texas County,US.OK.TE,975,6,
Dane County,US.WI.DA,968,30,
Robeson County,US.NC.RB,967,20,
Kalamazoo County,US.MI.KA,955,63,
Ascension Parish,US.LA.AE,948,58,
Franklin County,US.WA.FR,946,26,
Volusia County,US.FL.VO,946,48,
Marshall County,US.IA.MS,941,18,
Ottawa County,US.MI.OT,936,50,
Randolph County,US.NC.RA,927,18,
Hampshire County,US.MA.HS,926,103,
St. Lucie County,US.FL.SL,926,36,
Columbiana County,US.OH.CL,920,57,
Waukesha County,US.WI.WK,915,35,
Ada County,US.ID.AA,915,22,
St. Charles County,US.MO.SA,910,63,
Seward County,US.KS.SW,907,2,
Sarpy County,US.NE.SY,907,7,
Williamson County,US.TX.WM,904,30,
Rowan County,US.NC.RW,901,37,
Marshall County,US.AL.MS,901,9,
Virginia Beach City,US.VA.VI,899,27,
Cumberland County,US.NC.CU,895,30,
Stafford County,US.VA.SF,893,5,
St. John the Baptist Parish,US.LA.SO,892,83,
Washington County,US.OR.WI,891,20,
Madison County,US.MS.MD,889,30,
Tolland County,US.CT.TO,888,62,
Jones County,US.MS.JO,881,39,
Neshoba County,US.MS.NS,881,50,
Kendall County,US.IL.KA,881,19,
Johnston County,US.NC.JH,875,25,
Moore County,US.TX.MO,872,14,
Stark County,US.OH.ST,870,105,
Lubbock County,US.TX.LU,857,51,
Harrisonburg City,US.VA.HS,856,22,
Henry County,US.GA.HY,852,30,
Osceola County,US.FL.OS,848,21,
Dawson County,US.NE.DN,845,8,
Franklin County,US.PA.FR,843,42,
Spotsylvania County,US.VA.SP,837,16,
Spokane County,US.WA.SP,833,37,
Florence County,US.SC.FL,826,43,
Berrien County,US.MI.BN,824,57,
Ingham County,US.MI.IH,817,29,
Terrebonne Parish,US.LA.TR,812,57,
Lauderdale County,US.MS.LU,811,75,
Chatham County,US.NC.CH,808,37,
Douglas County,US.CO.DU,807,49,
Lorain County,US.OH.LR,804,62,
Brazos County,US.TX.BZ,803,25,
Washington County,US.MN.WH,799,37,
Troup County,US.GA.TP,793,22,
Seminole County,US.FL.SE,790,13,
Buchanan County,US.MO.BC,787,2,
Culpeper County,US.VA.CP,783,9,
Sarasota County,US.FL.SR,780,91,
Sampson County,US.NC.SP,779,4,
Olmsted County,US.MN.OL,778,12,
St. Francis County,US.AR.SI,778,2,
Alamance County,US.NC.AA,778,34,
Calcasieu Parish,US.LA.CC,772,51,
Sedgwick County,US.KS.SG,760,25,
Sonoma County,US.CA.SO,758,4,
Rock Island County,US.IL.RO,757,28,
Rock County,US.WI.RO,754,21,
Randall County,US.TX.RA,751,6,
Muskegon County,US.MI.MG,742,42,
Cumberland County,US.PA.CU,738,60,
Champaign County,US.IL.CM,736,9,
Franklin County,US.AL.FR,734,10,
Madison County,US.IL.MD,733,65,
Union County,US.NC.UN,733,21,
Schenectady County,US.NY.SN,732,32,
Burke County,US.NC.BK,726,16,
Lee County,US.AL.LE,726,35,
Marin County,US.CA.MN,725,17,
DeSoto County,US.MS.DE,718,13,
Cabarrus County,US.NC.CR,716,24,
Salem County,US.NJ.SA,708,57,
Williamson County,US.TN.WL,703,12,
Rice County,US.MN.RI,694,3,
Schuylkill County,US.PA.SC,691,43,
Kenton County,US.KY.KE,690,36,
Scott County,US.MS.SC,690,12,
Lake County,US.TN.LK,689,0,
Colquitt County,US.GA.CQ,688,17,
Solano County,US.CA.SN,685,23,
Richmond County,US.GA.RI,684,38,
Forrest County,US.MS.FO,681,41,
Granville County,US.NC.GN,680,15,
Lowndes County,US.GA.LW,676,4,
Webb County,US.TX.WB,675,20,
Wapello County,US.IA.WP,675,26,
Shelby County,US.AL.SH,674,20,
Hays County,US.TX.HY,673,5,
Chesapeake City,US.VA.CS,672,16,
Cape May County,US.NJ.CP,672,61,
Norfolk City,US.VA.NF,668,7,
Douglas County,US.GA.DL,665,31,
St. Charles Parish,US.LA.SC,661,46,
Davis County,US.UT.DA,660,4,
Trumbull County,US.OH.TR,658,54,
Doña Ana County,US.NM.DO,657,6,
Davidson County,US.NC.DD,655,14,
Broome County,US.NY.BO,655,56,
Larimer County,US.CO.LR,652,27,
Mower County,US.MN.MW,651,2,
York County,US.SC.YO,651,10,
Hendry County,US.FL.HR,650,20,
Robertson County,US.TN.RB,649,9,
Colfax County,US.NE.CO,647,4,
Platte County,US.NE.PL,647,1,
Morgan County,US.CO.MN,646,45,
Chatham County,US.GA.CM,645,31,
Morgan County,US.AL.MG,644,2,
Johnson County,US.IA.JH,643,8,
Washington County,US.UT.WN,640,3,
Dodge County,US.NE.DE,638,3,
Sandoval County,US.NM.SD,634,27,
Sumter County,US.SC.SU,633,19,
Jefferson County,US.AR.JE,633,28,
Logan County,US.CO.LO,633,5,
Bell County,US.TX.BL,629,6,
Rockingham County,US.VA.RG,629,7,
Titus County,US.TX.TU,629,2,
Eagle County,US.CO.EA,626,8,
Whitfield County,US.GA.WF,623,10,
Clark County,US.WA.CR,620,27,
Crawford County,US.IA.CW,619,2,
Mohave County,US.AZ.MO,618,67,
Carroll County,US.GA.CL,617,37,
Iberville Parish,US.LA.IV,615,43,
Beaufort County,US.SC.BA,615,14,
Madison County,US.IN.MD,614,61,
Beaver County,US.PA.BA,613,77,
Bledsoe County,US.TN.BE,613,1,
Jones County,US.TX.JN,610,0,
Putnam County,US.TN.PU,610,6,
Forsyth County,US.GA.FO,599,13,
Habersham County,US.GA.HB,597,31,
Acadia Parish,US.LA.AD,597,31,
Lee County,US.NC.LE,596,5,
Porter County,US.IN.PR,589,34,
Walker County,US.AL.WK,588,6,
Madison County,US.AL.MD,587,5,
St. Mary's County,US.MD.SA,582,40,
Washington County,US.MD.WA,579,22,
Berkshire County,US.MA.BE,578,42,
Muscatine County,US.IA.MU,574,43,
St. Bernard Parish,US.LA.SE,571,23,
Monroe County,US.MI.MO,570,21,
Chittenden County,US.VT.CH,570,39,
Clark County,US.IN.CK,568,42,
Brevard County,US.FL.BE,565,15,
Knox County,US.TN.KN,560,5,
Elmore County,US.AL.EL,560,9,
Bibb County,US.GA.BI,554,35,
Bartholomew County,US.IN.BA,554,41,
Cleveland County,US.OK.CV,552,40,
Alachua County,US.FL.AL,551,10,
Bartow County,US.GA.BT,550,39,
Livingston Parish,US.LA.LV,546,32,
Kandiyohi County,US.MN.KD,546,1,
Washington Parish,US.LA.WO,546,43,
Butler County,US.AL.BT,544,25,
Wilkes County,US.NC.WE,544,6,
Lee County,US.AR.LE,543,1,
Pasco County,US.FL.PS,543,15,
Boone County,US.KY.BO,541,21,
Rankin County,US.MS.RA,539,10,
Charlotte County,US.FL.CH,537,73,
Crittenden County,US.AR.CD,537,9,
Scott County,US.MN.SC,536,4,
Winnebago County,US.WI.WA,532,9,
Boone County,US.IL.BO,525,19,
Gaston County,US.NC.GS,525,8,
Livingston County,US.MI.LI,521,28,
Buckingham County,US.VA.BK,521,3,
Sumter County,US.GA.SU,520,49,
Saline County,US.NE.SL,520,2,
Tipton County,US.TN.TI,520,3,
St. Clair County,US.MI.SA,518,46,
Wilson County,US.TN.WO,518,13,
Wilson County,US.NC.WO,518,13,
Warren County,US.OH.WR,517,20,
Saratoga County,US.NY.SR,517,15,
Washington County,US.RI.WA,516,45,
Coweta County,US.GA.CA,515,12,
Blaine County,US.ID.BL,515,5,
Rensselaer County,US.NY.RE,514,27,
Weber County,US.UT.WB,513,9,
Shenandoah County,US.VA.SN,511,26,
Bossier Parish,US.LA.BO,510,28,
Pottawattamie County,US.IA.PT,509,11,
Dallas County,US.AL.DL,507,6,
Clay County,US.MN.CA,506,36,
Honolulu County,US.HI.HO,501,11,
Pitt County,US.NC.PI,493,2,
Westmoreland County,US.PA.WE,492,38,
Tippecanoe County,US.IN.TP,491,5,
DeKalb County,US.IL.DK,490,15,
Clackamas County,US.OR.CC,488,18,
Leake County,US.MS.LK,487,15,
Calhoun County,US.MI.CU,487,27,
Jackson County,US.MI.JA,486,30,
Twin Falls County,US.ID.TW,483,25,
Pike County,US.PA.PI,482,20,
Lake County,US.FL.LK,482,16,
Muhlenberg County,US.KY.MU,481,8,
Tallapoosa County,US.AL.TP,480,67,
Orange County,US.NC.OR,478,40,
Chambers County,US.AL.CM,475,26,
Leon County,US.FL.LO,474,8,
Howard County,US.IN.HO,472,45,
Walworth County,US.WI.WL,471,17,
Holmes County,US.MS.HO,471,34,
LaPorte County,US.IN.LA,470,24,
Belmont County,US.OH.BE,469,20,
Erie County,US.PA.ER,468,8,
Windham County,US.CT.WI,467,14,
Lyon County,US.KS.LY,465,6,
Sevier County,US.AR.SV,465,5,
Skagit County,US.WA.SG,463,15,
Shawnee County,US.KS.SN,461,8,
Iberia Parish,US.LA.II,459,42,
Houston County,US.GA.HO,457,20,
Buncombe County,US.NC.BO,456,34,
Whatcom County,US.WA.WA,453,38,
Kershaw County,US.SC.KE,448,15,
Summit County,US.UT.SU,448,0,
Beadle County,US.SD.BA,448,6,
Ellis County,US.TX.EI,448,19,
Henderson County,US.NC.HN,447,48,
Iredell County,US.NC.IR,446,5,
York County,US.ME.YO,446,11,
Cecil County,US.MD.CE,445,29,
Clay County,US.FL.CY,440,32,
Columbia County,US.NY.CU,439,46,
Grayson County,US.TX.GO,438,4,
Catawba County,US.NC.CB,435,10,
Frederick County,US.VA.FK,435,4,
Mitchell County,US.GA.MT,432,37,
Androscoggin County,US.ME.AN,428,4,
Baldwin County,US.GA.BD,428,32,
Tama County,US.IA.TM,428,29,
Columbus County,US.NC.CM,427,31,
Clark County,US.OH.CK,425,8,
Tift County,US.GA.TI,425,22,
Dodge County,US.WI.DD,424,4,
Newton County,US.GA.NE,420,11,
Jackson County,US.IN.JC,419,2,
Vance County,US.NC.VA,415,32,
Franklin Parish,US.LA.FR,412,13,
Copiah County,US.MS.CP,412,6,
Harnett County,US.NC.HT,411,30,
Paulding County,US.GA.PA,410,13,
Merced County,US.CA.MD,409,7,
Scott County,US.IA.SC,406,10,
Shelby County,US.IN.SH,406,22,
Berkeley County,US.SC.BK,406,19,
Tuscarawas County,US.OH.TU,405,8,
Delaware County,US.OH.DL,402,15,
Delaware County,US.IN.DL,402,44,
Medina County,US.OH.MD,398,30,
Lowndes County,US.AL.LO,397,15,
Peoria County,US.IL.PI,395,20,
Orangeburg County,US.SC.OR,394,6,
Pennington County,US.SD.PN,392,8,
Merrimack County,US.NH.ME,392,18,
Barrow County,US.GA.BW,391,23,
Placer County,US.CA.PA,390,9,
Ashtabula County,US.OH.AB,390,39,
Wayne County,US.MS.WY,389,7,
Miami County,US.OH.MM,388,30,
Berkeley County,US.WV.BE,387,9,
DeSoto County,US.FL.DE,387,10,
Fauquier County,US.VA.FQ,386,6,
Portsmouth City,US.VA.PR,386,12,
New Hanover County,US.NC.NE,385,5,
Dubuque County,US.IA.DU,385,22,
Manassas Park city,US.VA.MP,384,5,
Baldwin County,US.AL.BD,383,9,
Sangamon County,US.IL.SM,382,31,
Newport News City,US.VA.NN,381,10,
Hancock County,US.IN.HC,381,29,
Columbia County,US.PA.CO,380,33,
Boone County,US.IN.BO,380,38,
Bedford County,US.TN.BD,379,4,
Jefferson County,US.MO.JE,378,19,
Wright County,US.MN.WR,378,2,
Bay County,US.MI.BY,376,29,
Calvert County,US.MD.CL,376,21,
Yavapai County,US.AZ.YA,374,7,
Hanover County,US.VA.HV,374,25,
Todd County,US.MN.TO,373,2,
Lee County,US.GA.LE,373,22,
Floyd County,US.GA.FL,373,15,
Bowie County,US.TX.BW,372,7,
Union Parish,US.LA.UN,372,20,
Fairfield County,US.OH.FI,370,10,
St. Landry Parish,US.LA.SL,370,55,
Leflore County,US.MS.LL,368,45,
Autauga County,US.AL.AU,368,6,
Jackson County,US.MS.JC,367,16,
Harrison County,US.MS.HR,367,7,
Thomas County,US.GA.TH,363,33,
Oktibbeha County,US.MS.OK,363,17,
Craighead County,US.AR.CG,363,2,
Canyon County,US.ID.CN,360,6,
Daviess County,US.KY.DA,360,8,
St. Mary Parish,US.LA.SM,359,33,
Sioux County,US.IA.SI,358,0,
San Juan County,US.UT.SJ,357,6,
Louisa County,US.IA.LO,354,11,
Franklin County,US.MA.FR,353,51,
Coffee County,US.GA.CF,353,14,
Darlington County,US.SC.DA,353,13,
Portage County,US.OH.PO,353,58,
St. Martin Parish,US.LA.SR,351,27,
Pueblo County,US.CO.PU,351,22,
Clarke County,US.GA.CK,350,15,
Washington County,US.OK.WN,350,37,
Wasatch County,US.UT.WA,349,2,
Yazoo County,US.MS.YZ,348,6,
Lake County,US.OH.LK,348,12,
Anderson County,US.SC.AN,347,9,
San Luis Obispo County,US.CA.SS,347,1,
Rockdale County,US.GA.RO,347,9,
Grand Forks County,US.ND.GD,345,4,
Suffolk City,US.VA.SO,345,34,
Outagamie County,US.WI.OU,343,8,
Greensville County,US.VA.GS,342,7,
Clarendon County,US.SC.CN,342,41,
Montgomery County,US.TN.MT,339,5,
Surry County,US.NC.SU,339,2,
Comanche County,US.OK.CM,339,4,
Geauga County,US.OH.GE,337,35,
Noble County,US.IN.NO,337,27,
Okaloosa County,US.FL.OA,337,6,
Pike County,US.AL.PK,336,2,
Nueces County,US.TX.NU,336,3,
Madison County,US.NY.MA,335,9,
Floyd County,US.IN.FL,335,42,
Etowah County,US.AL.ET,335,12,
Madison County,US.NE.MA,333,4,
Attala County,US.MS.AT,332,23,
Walton County,US.GA.WA,330,23,
Kaufman County,US.TX.KU,330,3,
Vanderburgh County,US.IN.VA,329,5,
Lincoln County,US.MS.LI,327,32,
DeKalb County,US.AL.DA,326,5,
Houston County,US.AL.HO,325,5,
Nacogdoches County,US.TX.NC,324,25,
Newton County,US.MS.NW,322,6,
Wood County,US.OH.WO,321,50,
Municipality of Anchorage,US.AK.AN,320,6,
Jackson County,US.FL.JA,320,1,
Spalding County,US.GA.SD,319,25,
Moore County,US.NC.ME,318,10,
Lowndes County,US.MS.LO,317,9,
Jackson County,US.IL.JC,317,13,
St. Johns County,US.FL.SJ,315,6,
Marion County,US.FL.MI,315,8,
Licking County,US.OH.LI,314,11,
Brown County,US.SD.BW,313,2,
Greenwood County,US.SC.GW,312,5,
Kosciusko County,US.IN.KO,311,2,
Angelina County,US.TX.AG,309,5,
Yell County,US.AR.YE,308,2,
Fremont County,US.WY.FR,308,9,
St. James Parish,US.LA.SJ,308,27,
Wayne County,US.OH.WE,308,52,
Bullock County,US.AL.BL,307,9,
Marshall County,US.IN.MS,305,3,
Gadsden County,US.FL.GA,305,4,
Pickens County,US.SC.PI,303,4,
Columbia County,US.GA.CI,302,8,
Russell County,US.AL.RU,301,0,
Lee County,US.MS.LE,301,11,
Coryell County,US.TX.CL,300,2,
Hoke County,US.NC.HO,300,1,
Upson County,US.GA.UP,299,42,
Morgan County,US.IN.MG,299,29,
Lenoir County,US.NC.LN,298,8,
Adams County,US.PA.AD,296,9,
Monroe County,US.MS.MR,295,25,
Bastrop County,US.TX.BP,295,4,
Coffee County,US.AL.CF,294,1,
Washington County,US.WI.WN,294,11,
Santa Rosa County,US.FL.SA,293,9,
Clay County,US.MO.CY,293,3,
Richmond County,US.VA.RI,292,5,
Wright County,US.IA.WG,292,0,
Nash County,US.NC.NA,292,4,
Chesterfield County,US.SC.CF,292,7,
Albemarle County,US.VA.AB,290,8,
Williamsburg County,US.SC.WI,289,15,
Ware County,US.GA.WE,288,14,
Bradley County,US.TN.BR,288,2,
Lamar County,US.MS.LM,288,6,
Allegan County,US.MI.AL,287,6,
Madison Parish,US.LA.MA,286,2,
Caroline County,US.MD.CO,283,2,
Jasper County,US.IA.JS,282,17,
Cullman County,US.AL.CU,281,1,
Pope County,US.AR.PP,281,2,
Strafford County,US.NH.ST,279,13,
Randolph County,US.IL.RA,278,7,
Gregg County,US.TX.GE,278,11,
Newport County,US.RI.NE,277,1,
LaGrange County,US.IN.LG,277,2,
Shelby County,US.KY.SH,277,6,
Adams County,US.NE.AD,277,11,
Dorchester County,US.SC.DO,276,3,
Craven County,US.NC.CN,275,5,
Grimes County,US.TX.GM,274,2,
Assumption Parish,US.LA.AS,274,14,
Chelan County,US.WA.CH,273,6,
Hamilton County,US.FL.HM,272,2,
Colbert County,US.AL.CL,272,5,
Smith County,US.TX.SM,271,4,
Carver County,US.MN.CV,271,1,
De Soto Parish,US.LA.DE,271,17,
Lincoln County,US.SD.LI,270,0,
Chattahoochee County,US.GA.CH,270,0,
Saline County,US.MO.SI,270,4,
Fond du Lac County,US.WI.FN,269,6,
Harrison County,US.TX.HR,268,28,
Orleans County,US.NY.OL,268,49,
Sumter County,US.FL.SM,267,17,
Sherburne County,US.MN.SH,267,2,
Montgomery County,US.IN.MM,266,19,
Washington County,US.MS.WS,266,8,
Winchester city,US.VA.WH,265,3,
Broomfield County and City,US.CO.BR,265,28,
Sumter County,US.AL.SU,264,11,
Grant County,US.WA.GN,264,4,
Jackson County,US.GA.JC,264,7,
Shiawassee County,US.MI.SH,264,27,
Fayette County,US.GA.FY,262,15,
Northampton County,US.VA.NA,262,27,
Worth County,US.GA.WO,262,21,
Grant County,US.IN.GA,262,24,
Clinton County,US.IN.CI,261,1,
Warren County,US.MS.WR,259,12,
Carbon County,US.PA.CB,259,24,
Gordon County,US.GA.GO,258,18,
Worcester County,US.MD.WO,258,17,
Eaton County,US.MI.EA,258,7,
Warren County,US.NY.WR,257,30,
Santa Cruz County,US.CA.SZ,257,2,
Summit County,US.CO.SU,257,2,
Butler County,US.PA.BT,257,12,
Steuben County,US.NY.ST,256,29,
Taylor County,US.TX.TA,255,5,
Yolo County,US.CA.YO,255,24,
Story County,US.IA.ST,253,2,
Early County,US.GA.EA,253,31,
Page County,US.VA.PA,252,24,
Edgecombe County,US.NC.ED,252,9,
Richland County,US.OH.RI,252,4,
Greene County,US.NY.GR,251,13,
Lauderdale County,US.AL.LU,251,3,
Roanoke city,US.VA.RO,250,10,
Caldwell County,US.NC.CL,249,3,
Lancaster County,US.SC.LN,248,6,
Yadkin County,US.NC.YD,248,4,
Sevier County,US.TN.SV,248,2,
Webster Parish,US.LA.WR,248,8,
Mercer County,US.OH.MC,246,8,
Kanawha County,US.WV.KA,246,20,
Crisp County,US.GA.CP,246,10,
Butts County,US.GA.BU,246,32,
Pike County,US.MS.PI,244,11,
Butler County,US.KY.BR,244,13,
East Carroll Parish,US.LA.EC,243,0,
Washington County,US.NY.WS,243,14,
White County,US.IN.WH,242,10,
Catoosa County,US.GA.CS,242,1,
Allen County,US.OH.AN,241,36,
Lincoln Parish,US.LA.LN,241,18,
Hampton city,US.VA.HM,241,5,
Dubois County,US.IN.DU,241,4,
Brunswick County,US.NC.BS,241,3,
McLean County,US.IL.ML,241,13,
Bristol County,US.RI.BR,240,3,
Hale County,US.AL.HA,240,15,
Clermont County,US.OH.CE,240,6,
Halifax County,US.NC.HL,239,1,
Huntingdon County,US.PA.HU,239,4,
Rhea County,US.TN.RH,239,0,
Barbour County,US.AL.BR,238,1,
Ector County,US.TX.EC,238,6,
Decatur County,US.IN.DC,237,32,
Marlboro County,US.SC.ML,237,3,
Lee County,US.SC.LE,236,19,
Branch County,US.MI.BC,235,2,
Fulton County,US.NY.FU,235,26,
Aiken County,US.SC.AI,234,9,
James City County,US.VA.JA,233,15,
Ontario County,US.NY.OR,233,23,
Johnson County,US.TX.JH,232,4,
Macon County,US.NC.MN,231,1,
Warren County,US.VA.WR,231,4,
Fairfield County,US.SC.FA,231,20,
Franklin County,US.NC.FR,231,21,
Stephenson County,US.IL.SN,231,5,
Shelby County,US.TX.SY,230,8,
Hopkins County,US.KY.HO,229,31,
Lapeer County,US.MI.LP,229,31,
Mecklenburg County,US.VA.ME,229,24,
Plaquemines Parish,US.LA.PL,228,17,
Northumberland County,US.PA.NU,228,4,
Limestone County,US.AL.LI,228,0,
Ogle County,US.IL.OG,227,4,
East Feliciana Parish,US.LA.EF,227,32,
Madera County,US.CA.ME,226,3,
West Feliciana Parish,US.LA.WF,226,14,
Adams County,US.MS.AD,226,17,
Walker County,US.GA.WK,226,2,
Decatur County,US.GA.DC,226,8,
Wilcox County,US.AL.WC,225,8,
Rutherford County,US.NC.RU,224,6,
Allen Parish,US.LA.AL,223,10,
Pearl River County,US.MS.PL,223,31,
Marengo County,US.AL.ME,222,9,
La Paz County,US.AZ.LA,222,0,
Darke County,US.OH.DA,222,25,
Cochise County,US.AZ.CH,221,4,
Medina County,US.TX.ME,221,2,
Liberty County,US.FL.LI,220,1,
Hardeman County,US.TN.HA,220,0,
Freeborn County,US.MN.FR,220,0,
Pointe Coupee Parish,US.LA.PO,218,25,
Washington County,US.TX.WH,218,26,
Terrell County,US.GA.TL,217,27,
Indian River County,US.FL.IN,216,12,
Boone County,US.MO.BO,215,2,
St. Lawrence County,US.NY.SI,215,3,
Lyon County,US.MN.LY,214,2,
Winn Parish,US.LA.WI,214,3,
Genesee County,US.NY.GE,213,5,
Erie County,US.OH.ER,213,20,
Clinton County,US.IL.CN,213,17,
Noxubee County,US.MS.NO,212,6,
Deaf Smith County,US.TX.DI,212,14,
Tuscola County,US.MI.TU,211,26,
Richmond County,US.NC.RI,211,5,
Fredericksburg City,US.VA.FB,211,0,
Montgomery County,US.NC.MO,210,5,
Macon County,US.IL.MC,209,21,
Union County,US.AR.UN,208,11,
Washington County,US.IA.WS,208,9,
Jerome County,US.ID.JR,208,3,
Macon County,US.TN.MC,207,3,
Appling County,US.GA.AP,207,13,
Jefferson County,US.WV.JE,207,4,
Campbell County,US.KY.CM,207,12,
Flagler County,US.FL.FL,207,5,
Lincoln County,US.OR.LC,206,0,
Covington County,US.MS.CV,206,3,
Harris County,US.GA.HI,206,6,
Van Buren County,US.MI.VA,205,7,
Galax city,US.VA.GA,205,10,
Hardee County,US.FL.HD,205,0,
West Baton Rouge Parish,US.LA.WB,204,30,
Rockwall County,US.TX.RC,204,14,
Henry County,US.IN.HY,204,14,
Calhoun County,US.AL.CN,204,3,
Hancock County,US.GA.HC,203,30,
Plymouth County,US.IA.PM,202,4,
Dillon County,US.SC.DI,202,4,
Henry County,US.VA.HY,202,3,
Midland County,US.TX.ID,201,13,
Colleton County,US.SC.CT,201,16,
Vigo County,US.IN.VI,200,8,
Suwannee County,US.FL.SW,200,18,
Logan County,US.KY.LO,199,9,
Victoria County,US.TX.VI,199,8,
Loudon County,US.TN.LO,199,1,
Harrison County,US.IN.HI,198,22,
Lenawee County,US.MI.LN,198,6,
Jasper County,US.MS.JS,197,4,
Warren County,US.IA.WR,197,1,
Bladen County,US.NC.BL,196,2,
Laramie County,US.WY.LA,196,2,
Glynn County,US.GA.GY,195,3,
Montrose County,US.CO.MO,195,12,
Bolivar County,US.MS.BO,194,12,
Greene County,US.MO.GE,193,8,
Garfield County,US.CO.GA,193,2,
Benton County,US.MN.BN,193,3,
Ozaukee County,US.WI.OZ,193,13,
Kent County,US.MD.KE,192,23,
Clarke County,US.AL.CK,192,3,
Randolph County,US.GA.RN,191,22,
Petersburg city,US.VA.PB,191,3,
Putnam County,US.FL.PU,191,6,
Gallatin County,US.MT.GL,190,1,
Thurston County,US.WA.TH,190,4,
Napa County,US.CA.NA,190,3,
Clinton County,US.MI.CN,190,11,
Natchitoches Parish,US.LA.NA,190,13,
Dooly County,US.GA.DO,189,12,
Okeechobee County,US.FL.OE,189,0,
Avoyelles Parish,US.LA.AV,188,9,
Monroe County,US.IN.MR,188,18,
Panola County,US.TX.PN,187,23,
Allegany County,US.MD.AL,187,17,
St. Joseph County,US.MI.SJ,186,3,
Hunt County,US.TX.HT,185,5,
Cibola County,US.NM.CI,185,8,
Douglas County,US.WA.DO,183,3,
Columbia County,US.FL.CU,183,2,
Queen Anne's County,US.MD.QU,183,12,
Madison County,US.TN.MD,183,2,
Sussex County,US.VA.SS,183,2,
Lawrence County,US.IN.LW,182,24,
Hillsdale County,US.MI.HI,182,25,
Island County,US.WA.IS,182,11,
Gunnison County,US.CO.GU,181,6,
LaSalle County,US.IL.LA,181,16,
Saline County,US.AR.SL,181,2,
Greene County,US.IN.GE,181,29,
Dale County,US.AL.DE,181,0,
Lafayette County,US.MS.LY,181,4,
St. Clair County,US.AL.SA,181,2,
Smith County,US.MS.SM,180,11,
Ionia County,US.MI.II,180,4,
Umatilla County,US.OR.UM,180,4,
Georgetown County,US.SC.GR,180,3,
Dearborn County,US.IN.DR,179,22,
Bacon County,US.GA.BC,178,3,
Kitsap County,US.WA.KS,178,2,
Iron County,US.UT.RN,178,1,
Scotts Bluff County,US.NE.SC,177,2,
Fayette County,US.TN.FA,177,2,
Caddo County,US.OK.CD,176,10,
Covington County,US.AL.CV,176,1,
Buffalo County,US.NE.BF,176,1,
Choctaw County,US.AL.CC,176,11,
Bienville Parish,US.LA.BI,175,24,
Warrick County,US.IN.WI,175,29,
Graves County,US.KY.GV,175,20,
Steele County,US.MN.SE,175,0,
Union County,US.IL.UN,174,17,
Clay County,US.MS.CY,174,6,
Santa Fe County,US.NM.ST,173,3,
Carroll County,US.VA.CL,173,5,
Tompkins County,US.NY.TO,173,0,
Highlands County,US.FL.HG,172,9,
Faulkner County,US.AR.FA,172,3,
Centre County,US.PA.CT,171,6,
Susquehanna County,US.PA.SS,171,17,
Lycoming County,US.PA.LY,171,17,
Wagoner County,US.OK.WG,171,17,
Guadalupe County,US.TX.GU,171,0,
Miami County,US.IN.MI,170,1,
Prince Edward County,US.VA.PD,170,3,
Talladega County,US.AL.TD,170,5,
Gilmer County,US.GA.GI,169,2,
Northampton County,US.NC.NO,169,14,
Madison County,US.OH.MO,168,7,
Kemper County,US.MS.KE,168,12,
McMinn County,US.TN.MM,168,14,
Chickasaw County,US.MS.CS,168,16,
Franklin County,US.MO.FR,168,18,
Burleigh County,US.ND.BL,167,0,
Polk County,US.GA.PO,167,1,
Prince George County,US.VA.PG,167,0,
Gonzales County,US.TX.GA,166,4,
Clarke County,US.MS.CE,166,21,
Saluda County,US.SC.SA,166,1,
Garland County,US.AR.GL,165,1,
Dorchester County,US.MD.DO,165,4,
Lamar County,US.TX.LR,165,11,
Sebastian County,US.AR.SB,165,2,
Tooele County,US.UT.TE,165,0,
Stanly County,US.NC.SN,164,5,
Ohio County,US.KY.OH,164,0,
Grenada County,US.MS.GN,164,4,
Laurens County,US.SC.LU,163,4,
Whiteside County,US.IL.WD,163,15,
Maury County,US.TN.MU,163,1,
Blue Earth County,US.MN.BE,163,2,
McLennan County,US.TX.ML,163,4,
Jackson Parish,US.LA.JA,162,15,
Morehouse Parish,US.LA.MO,161,6,
Echols County,US.GA.EC,161,0,
Maverick County,US.TX.MV,160,2,
Onslow County,US.NC.ON,160,3,
Jefferson County,US.WI.JE,160,4,
Cleveland County,US.NC.CV,159,2,
McDowell County,US.NC.MW,159,1,
Comal County,US.TX.OM,159,7,
Sheboygan County,US.WI.SE,158,4,
Putnam County,US.IN.PT,156,8,
Washington County,US.PA.WS,156,6,
Isle of Wight County,US.VA.IS,156,8,
Canadian County,US.OK.CN,156,3,
Stephens County,US.GA.SE,155,5,
Cheatham County,US.TN.CA,155,0,
Southampton County,US.VA.SA,154,2,
Charlottesville City,US.VA.CE,154,3,
Bay County,US.FL.BY,153,4,
Turner County,US.GA.TR,153,14,
Midland County,US.MI.MD,152,9,
Dickinson County,US.IA.DI,151,0,
McCurtain County,US.OK.MU,151,2,
Hertford County,US.NC.HD,151,6,
Citrus County,US.FL.CI,150,12,
Coahoma County,US.MS.CH,150,4,
Walton County,US.FL.WL,150,9,
Winston County,US.MS.WN,150,2,
Calhoun County,US.GA.CU,148,5,
Houston County,US.TX.HS,147,0,
Caldwell County,US.TX.CW,147,0,
Marion County,US.AL.MI,146,12,
Murray County,US.GA.MA,146,1,
Hardin County,US.TX.HN,146,5,
Augusta County,US.VA.AU,146,2,
Monongalia County,US.WV.MG,145,5,
Marion County,US.MS.MI,145,9,
Scott County,US.MO.ST,145,10,
Scott County,US.IN.SC,144,3,
Richland Parish,US.LA.RI,144,3,
Pender County,US.NC.PD,143,1,
Greene County,US.OH.GR,143,6,
Cassia County,US.ID.CS,143,1,
Coles County,US.IL.CE,143,17,
Randolph County,US.AL.RA,143,8,
Martin County,US.MN.MT,143,5,
Pickens County,US.AL.PC,142,6,
Davie County,US.NC.DV,142,2,
Jennings County,US.IN.JN,142,4,
Chilton County,US.AL.CI,141,2,
Jackson County,US.WV.JA,141,18,
Hopewell city,US.VA.HW,141,2,
Hernando County,US.FL.HA,141,5,
Grady County,US.GA.GD,140,4,
Lincoln County,US.NC.LI,140,0,
Franklin County,US.GA.FR,140,1,
Randolph County,US.WV.RN,140,0,
Claiborne County,US.MS.CB,140,8,
Jasper County,US.MO.JS,139,0,
Tioga County,US.NY.TI,139,19,
Dickson County,US.TN.DI,138,0,
Iroquois County,US.IL.IR,138,5,
Christian County,US.KY.CH,138,3,
Chenango County,US.NY.CH,138,6,
Chemung County,US.NY.CM,138,3,
Grayson County,US.KY.GY,137,10,
Eau Claire County,US.WI.EA,137,0,
Deschutes County,US.OR.DE,137,0,
Rockingham County,US.NC.RC,137,2,
Monroe County,US.AL.MR,136,2,
Kennebec County,US.ME.KE,136,9,
Beauregard Parish,US.LA.BE,136,6,
Bullitt County,US.KY.BI,135,4,
Allen County,US.KY.AL,135,3,
Bertie County,US.NC.BT,134,4,
Tate County,US.MS.TT,134,1,
Roanoke County,US.VA.RE,134,5,
Jefferson Davis Parish,US.LA.JD,133,7,
Henderson County,US.KY.HE,133,3,
Hardin County,US.KY.HN,133,4,
Wayne County,US.NY.WN,133,2,
Cumberland County,US.TN.CU,133,2,
Warren County,US.NC.WR,133,2,
Yalobusha County,US.MS.YL,132,7,
Orange County,US.IN.OR,132,23,
Greene County,US.AL.GR,132,5,
Pasquotank County,US.NC.PU,131,14,
Monroe County,US.GA.MN,131,14,
Orange County,US.VA.OR,131,2,
Catahoula Parish,US.LA.CT,131,3,
Pierce County,US.GA.PR,131,4,
Oconee County,US.GA.OC,130,9,
Monroe County,US.FL.MO,130,4,
Meriwether County,US.GA.MW,129,2,
Grundy County,US.IL.GU,129,2,
San Benito County,US.CA.SI,129,2,
Winston County,US.AL.WN,128,1,
Rusk County,US.TX.RK,128,2,
Herkimer County,US.NY.HE,128,3,
Warren County,US.IL.WR,127,0,
Macon County,US.AL.MC,127,6,
Alamosa County,US.CO.AL,127,3,
Newaygo County,US.MI.NE,127,0,
Liberty County,US.TX.LT,127,3,
Polk County,US.OR.PO,127,12,
Panola County,US.MS.PA,127,4,
Oswego County,US.NY.OS,126,2,
Wayne County,US.PA.WN,126,9,
Burke County,US.GA.BE,126,6,
Toombs County,US.GA.TM,125,5,
Linn County,US.OR.LN,125,9,
Jackson County,US.AL.JA,125,3,
White County,US.GA.WH,124,4,
McCracken County,US.KY.MK,123,3,
Chester County,US.SC.CR,123,1,
St. Louis County,US.MN.ST,123,14,
Daviess County,US.IN.DI,123,16,
Livingston County,US.NY.LI,123,4,
La Crosse County,US.WI.LA,123,0,
Hamilton County,US.IA.HM,122,0,
Carroll County,US.MS.CL,122,11,
Audrain County,US.MO.AU,122,1,
Greene County,US.NC.GE,122,2,
Crawford County,US.OH.CF,122,5,
Allamakee County,US.IA.AL,121,4,
Union County,US.OR.UN,121,0,
Sunflower County,US.MS.SU,121,4,
DeKalb County,US.IN.DE,121,3,
Franklin County,US.IN.FR,120,8,
Parmer County,US.TX.PM,120,0,
Walla Walla County,US.WA.WL,120,3,
Maui County,US.HI.MA,120,6,
Dawson County,US.GA.DW,120,3,
Otsego County,US.MI.OS,120,10,
Carson City,US.NV.CA,120,5,
Madison County,US.AR.MD,119,0,
Starr County,US.TX.SR,119,0,
Simpson County,US.MS.SI,119,1,
Wilcox County,US.GA.WC,118,14,
Lawrence County,US.MS.LW,118,1,
Washington County,US.OH.WS,118,19,
Laurens County,US.GA.LR,118,1,
Stoddard County,US.MO.SD,118,7,
Grady County,US.OK.GD,118,3,
Ottawa County,US.OH.OT,118,21,
El Dorado County,US.CA.EL,117,0,
Blount County,US.AL.BU,116,1,
Glades County,US.FL.GL,116,1,
McClain County,US.OK.ML,116,4,
Mercer County,US.PA.ME,115,6,
Cass County,US.MI.CS,115,4,
Goochland County,US.VA.GO,115,6,
Crenshaw County,US.AL.CA,115,3,
Colonial Heights city,US.VA.CH,115,17,
Alpena County,US.MI.AP,114,11,
Osage County,US.OK.OS,114,8,
Union County,US.SD.UN,113,1,
Oldham County,US.KY.OL,113,6,
Knox County,US.IL.KX,113,0,
Oceana County,US.MI.OA,112,3,
Macon County,US.GA.MC,112,8,
Parker County,US.TX.PR,112,1,
Bibb County,US.AL.BI,111,1,
Caroline County,US.VA.CI,111,4,
St. Croix County,US.WI.SI,111,0,
Scotland County,US.NC.SC,111,0,
Iosco County,US.MI.IC,111,10,
Gray County,US.TX.GY,111,3,
Dinwiddie County,US.VA.DN,110,0,
Cottonwood County,US.MN.CT,110,0,
Morrow County,US.OH.MW,110,1,
Putnam County,US.GA.PT,110,11,
Bulloch County,US.GA.BH,109,3,
Webster County,US.MS.WE,109,8,
Monroe County,US.IL.MR,109,12,
Delaware County,US.OK.DL,109,16,
Chambers County,US.TX.CH,109,0,
Yellowstone County,US.MT.YS,109,3,
Cass County,US.MO.CS,109,8,
Ripley County,US.IN.RI,109,6,
Cowlitz County,US.WA.CW,109,0,
Kenai Peninsula Borough,US.AK.KN,109,2,
Cape Girardeau County,US.MO.CG,108,3,
Henry County,US.AL.HE,108,2,
Camp County,US.TX.CP,108,1,
Mahaska County,US.IA.MK,108,14,
Banks County,US.GA.BS,108,0,
Juniata County,US.PA.JU,108,5,
Lumpkin County,US.GA.LP,108,1,
Marshall County,US.MS.MS,107,3,
Chautauqua County,US.NY.CQ,107,3,
Talbot County,US.MD.TA,107,4,
Escambia County,US.AL.ES,107,3,
Grant County,US.WI.GA,107,12,
Pecos County,US.TX.PE,107,0,
Morgan County,US.IL.MG,106,2,
Cattaraugus County,US.NY.CG,106,6,
Orange County,US.TX.OR,106,2,
Creek County,US.OK.CE,106,7,
Blount County,US.TN.BO,106,3,
Tom Green County,US.TX.TG,106,1,
Humboldt County,US.CA.HU,106,4,
Cayuga County,US.NY.CY,106,2,
Pulaski County,US.MO.PA,106,1,
Marion County,US.SC.MI,105,5,
Teton County,US.WY.TE,105,1,
Steuben County,US.IN.SE,105,2,
Newberry County,US.SC.NE,105,2,
Walthall County,US.MS.WT,105,1,
Wayne County,US.WV.WA,105,9,
Payne County,US.OK.PY,104,1,
Pemiscot County,US.MO.PM,104,6,
Montgomery County,US.NY.MT,104,4,
Jefferson County,US.IL.JF,104,16,
Sandusky County,US.OH.SA,104,13,
Ben Hill County,US.GA.BL,104,1,
Jackson County,US.KS.JA,103,1,
Wayne County,US.IN.WY,103,6,
Minidoka County,US.ID.MI,103,0,
Itawamba County,US.MS.IT,103,8,
Caswell County,US.NC.CS,103,1,
West Carroll Parish,US.LA.WC,103,3,
Union County,US.MS.UN,102,8,
Anderson County,US.TX.AE,102,0,
Franklin County,US.VT.FR,102,5,
Choctaw County,US.OK.CA,102,1,
Fluvanna County,US.VA.FV,102,6,
Conecuh County,US.AL.CO,102,1,
Levy County,US.FL.LV,101,1,
Penobscot County,US.ME.PE,101,2,
Kootenai County,US.ID.KO,101,0,
Boone County,US.IA.BO,101,0,
Putnam County,US.OH.PU,101,15,
Carroll County,US.IN.CO,101,2,
Adair County,US.KY.AD,101,19,
McDonough County,US.IL.MU,100,15,
Hancock County,US.MS.HN,100,12,
Martin County,US.NC.MR,100,4,
Concordia Parish,US.LA.CR,100,5,
Dyer County,US.TN.DY,99,0,
Louisa County,US.VA.LI,99,1,
Wichita County,US.TX.WC,99,2,
Brooks County,US.GA.BO,99,11,
Emporia city,US.VA.EM,98,6,
Lanier County,US.GA.LI,98,2,
Watonwan County,US.MN.WT,98,0,
Clinton County,US.NY.CL,98,4,
Rogers County,US.OK.RS,98,5,
Platte County,US.MO.PT,98,3,
Saguache County,US.CO.SG,98,2,
Franklin County,US.KY.FR,98,2,
Isabella County,US.MI.IB,97,8,
Webster County,US.IA.WE,97,1,
Montgomery County,US.MS.MT,97,1,
Crawford County,US.KS.CR,96,1,
Adair County,US.OK.AD,96,4,
Pine County,US.MN.PN,96,0,
Mississippi County,US.AR.MS,96,2,
Fairbanks North Star Borough,US.AK.FA,96,2,
Liberty County,US.GA.LB,96,1,
Nicollet County,US.MN.NI,95,11,
Poweshiek County,US.IA.PW,95,8,
Fayette County,US.PA.FA,95,4,
Montgomery County,US.VA.MO,95,2,
Stokes County,US.NC.SO,95,0,
Coffee County,US.TN.CF,94,0,
Wharton County,US.TX.WN,94,1,
Goodhue County,US.MN.GO,94,7,
Tippah County,US.MS.TP,94,11,
Nassau County,US.FL.NA,93,1,
Indiana County,US.PA.IN,93,5,
Adams County,US.WA.AD,93,0,
Red River County,US.TX.RV,93,8,
Cherokee County,US.SC.CK,93,6,
Hardin County,US.OH.HD,93,4,
York County,US.VA.YO,93,3,
Tazewell County,US.IL.TA,92,6,
Perry County,US.IN.PE,92,1,
Lyon County,US.NV.LY,92,2,
Kittitas County,US.WA.KT,92,0,
Wyoming County,US.NY.WM,92,5,
Lynchburg city,US.VA.LY,92,1,
Johnson County,US.AR.JO,92,0,
Yamhill County,US.OR.YA,92,8,
Washington County,US.FL.WS,91,9,
Peach County,US.GA.PH,91,8,
Barry County,US.MI.BR,91,2,
Lawrence County,US.AR.LW,91,9,
Bedford County,US.VA.BF,91,2,
Evangeline Parish,US.LA.EV,91,1,
Washington County,US.TN.WI,90,0,
Gratiot County,US.MI.GT,90,12,
Holmes County,US.OH.HL,90,3,
Waller County,US.TX.WR,90,0,
Crow Wing County,US.MN.CW,90,9,
Washington County,US.AL.WS,89,6,
Clarke County,US.IA.CK,89,1,
Lane County,US.OR.LE,89,3,
Valencia County,US.NM.VA,89,2,
Lee County,US.IL.LE,89,1,
Wabash County,US.IN.WB,88,2,
Carroll County,US.AR.CL,88,1,
King George County,US.VA.KG,88,4,
Delaware County,US.NY.DE,88,3,
Sutter County,US.CA.SU,88,3,
Uinta County,US.WY.UI,88,0,
Westmoreland County,US.VA.WM,87,1,
Lincoln County,US.MO.LO,87,1,
Newton County,US.IN.NE,87,10,
Lawrence County,US.PA.LW,87,8,
Elbert County,US.GA.EL,87,0,
Navarro County,US.TX.NV,87,3,
Gila County,US.AZ.GI,87,3,
Anson County,US.NC.AN,87,1,
Natrona County,US.WY.NA,87,1,
Oconee County,US.SC.OC,87,0,
Effingham County,US.GA.EF,86,1,
Greene County,US.GA.GE,86,8,
Bryan County,US.GA.BY,86,5,
Calumet County,US.WI.CA,86,2,
Pettis County,US.MO.PS,86,1,
Bonneville County,US.ID.BV,86,1,
Monroe County,US.TN.MR,86,4,
Williamson County,US.IL.WS,86,3,
Sauk County,US.WI.SU,85,3,
Lafayette County,US.MO.LF,85,2,
Wilkinson County,US.MS.WK,85,9,
Auglaize County,US.OH.AU,85,3,
Perry County,US.MO.PR,85,0,
La Plata County,US.CO.LA,85,1,
Hale County,US.TX.HE,85,5,
Windham County,US.VT.WH,85,3,
Douglas County,US.KS.DG,85,0,
Fayette County,US.IN.FA,84,7,
Winona County,US.MN.WN,84,15,
Nez Perce County,US.ID.NE,84,19,
Jefferson Davis County,US.MS.JD,84,3,
Jasper County,US.IN.JS,84,1,
Nevada County,US.AR.NV,83,0,
Caldwell Parish,US.LA.CW,83,1,
Adair County,US.MO.AD,83,0,
Jessamine County,US.KY.JS,83,0,
Curry County,US.NM.CU,83,0,
Union County,US.PA.UN,83,2,
Otter Tail County,US.MN.OT,83,1,
Monroe County,US.OH.ME,82,15,
Hawaii County,US.HI.HA,82,0,
Hood River County,US.OR.HO,82,0,
Humphreys County,US.MS.HU,82,8,
Madison County,US.FL.MD,82,3,
Box Elder County,US.UT.BE,82,1,
Marathon County,US.WI.MH,82,1,
Jackson County,US.OR.JA,82,0,
Butte County,US.CA.BU,82,1,
Jefferson County,US.NY.JE,81,0,
Matagorda County,US.TX.MD,81,5,
Vermilion Parish,US.LA.VM,81,5,
Carlton County,US.MN.CL,80,0,
La Salle Parish,US.LA.LA,80,0,
Henderson County,US.TX.HD,80,3,
Clinch County,US.GA.CC,80,2,
Montcalm County,US.MI.MC,80,1,
Calhoun County,US.MS.CN,80,4,
Somerset County,US.MD.SO,80,3,
Johnson County,US.MO.JO,80,0,
Otsego County,US.NY.OO,80,4,
Chisago County,US.MN.CG,80,1,
Ross County,US.OH.RO,79,2,
Frio County,US.TX.FO,79,0,
Cross County,US.AR.CO,79,0,
Newton County,US.MO.NT,79,1,
Portage County,US.WI.PT,79,0,
Lamar County,US.GA.LM,79,5,
Waupaca County,US.WI.WP,79,3,
Person County,US.NC.PN,79,1,
Delta County,US.CO.DT,78,1,
McDonald County,US.MO.MA,78,0,
Chaffee County,US.CO.CA,78,20,
Johnson County,US.GA.JH,78,2,
Claiborne Parish,US.LA.CI,78,10,
Humboldt County,US.NV.HU,78,4,
Riley County,US.KS.RL,78,3,
Muskogee County,US.OK.MO,77,8,
Madison County,US.KY.MD,77,1,
Berrien County,US.GA.BN,77,0,
Pontotoc County,US.MS.PO,77,3,
Clark County,US.KY.CK,77,0,
Huron County,US.OH.HU,77,1,
Sullivan County,US.MO.SV,77,0,
Atkinson County,US.GA.AT,76,2,
Oglethorpe County,US.GA.OG,76,7,
Washington County,US.GA.WG,76,1,
Cook County,US.GA.CO,76,1,
Clay County,US.IA.CY,76,0,
Cass County,US.IL.CS,76,0,
Camden County,US.GA.CD,75,1,
Hamblen County,US.TN.HB,75,3,
Cleburne County,US.AR.CB,75,4,
Grafton County,US.NH.GR,75,1,
Green County,US.WI.GN,75,1,
Perry County,US.AL.PE,75,0,
Madison County,US.GA.MD,74,2,
Bremer County,US.IA.BR,74,6,
Mississippi County,US.MO.MI,74,0,
Belknap County,US.NH.BE,74,1,
Taylor County,US.IA.TY,74,0,
McDuffie County,US.GA.MU,74,5,
Lonoke County,US.AR.LO,73,0,
Hocking County,US.OH.HC,73,7,
Henry County,US.IA.HE,73,2,
Wilkinson County,US.GA.WI,73,7,
Greene County,US.AR.GE,73,0,
Perry County,US.PA.PE,72,5,
Mesa County,US.CO.ME,72,0,
Pottawatomie County,US.OK.PT,72,4,
Pulaski County,US.KY.PU,72,2,
Nye County,US.NV.NY,72,2,
Cabell County,US.WV.CB,72,0,
Henry County,US.IL.HY,71,1,
Miller County,US.AR.ML,71,1,
Amite County,US.MS.AM,71,2,
Jefferson County,US.OH.JE,71,2,
Pike County,US.GA.PK,70,3,
Pittsylvania County,US.VA.PS,70,1,
Sullivan County,US.TN.SL,70,2,
Abbeville County,US.SC.AB,70,0,
Brantley County,US.GA.BA,69,2,
Gibson County,US.TN.GB,69,1,
Crowley County,US.CO.CR,68,1,
Randolph County,US.IN.RA,68,3,
Pickens County,US.GA.PE,68,4,
Clinton County,US.IA.CN,68,1,
Jefferson County,US.OR.JE,68,0,
Bennington County,US.VT.BE,67,1,
Polk County,US.MN.PL,67,2,
Fairfax city,US.VA.FC,67,6,
Nottoway County,US.VA.NY,67,0,
Fannin County,US.GA.FN,67,1,
Morton County,US.ND.MR,67,2,
Edmonson County,US.KY.ED,67,11,
Pitkin County,US.CO.PI,67,2,
Addison County,US.VT.AD,66,2,
Grayson County,US.VA.GY,66,2,
Prentiss County,US.MS.PN,66,3,
Clay County,US.SD.CY,66,0,
Lawrence County,US.AL.LW,66,0,
Greer County,US.OK.GE,66,7,
Barren County,US.KY.BN,66,2,
Des Moines County,US.IA.DS,66,2,
O'Brien County,US.IA.OB,66,1,
Armstrong County,US.PA.AR,66,5,
Tunica County,US.MS.TU,66,3,
Thurston County,US.NE.TU,66,1,
Danville City,US.VA.DA,66,2,
Kay County,US.OK.KA,65,7,
Lawrence County,US.TN.LW,65,1,
Screven County,US.GA.SR,65,4,
Polk County,US.TX.PK,65,0,
Crawford County,US.MI.CF,65,5,
Haywood County,US.NC.HW,65,0,
Lauderdale County,US.TN.LU,65,1,
Stewart County,US.GA.SW,65,1,
Montour County,US.PA.MO,65,0,
Calhoun County,US.FL.CA,65,5,
Choctaw County,US.MS.CW,65,2,
Trempealeau County,US.WI.TR,64,0,
Whitley County,US.IN.WL,64,3,
Seneca County,US.NY.SC,64,1,
Bannock County,US.ID.BO,64,1,
Wayne County,US.TN.WY,64,0,
Shawano County,US.WI.SA,64,0,
Clinton County,US.PA.CN,64,3,
Marion County,US.GA.MR,63,2,
Franklin County,US.TN.FR,63,2,
Jackson County,US.KY.JA,63,13,
Obion County,US.TN.OB,63,1,
Benton County,US.OR.BE,63,5,
Stark County,US.ND.SR,63,2,
Routt County,US.CO.RT,63,6,
Union County,US.OH.UN,62,1,
Montezuma County,US.CO.MZ,62,3,
Jay County,US.IN.JY,62,0,
Burnet County,US.TX.BT,62,1,
Chippewa County,US.WI.CH,62,0,
Hickman County,US.TN.HN,62,0,
Grant Parish,US.LA.GR,61,1,
Cambria County,US.PA.CI,61,3,
Edgefield County,US.SC.ED,61,2,
Dunklin County,US.MO.DU,61,3,
Crawford County,US.AR.CW,61,0,
Hancock County,US.OH.HN,61,1,
Brown County,US.TX.BN,60,10,
Snyder County,US.PA.SN,60,1,
Calloway County,US.KY.CW,60,1,
Dixie County,US.FL.DI,60,3,
Huron County,US.MI.HU,60,1,
Cheshire County,US.NH.CH,60,2,
Anderson County,US.TN.AN,60,2,
Staunton city,US.VA.SU,60,0,
Carter County,US.OK.CR,60,1,
Cass County,US.NE.CS,59,0,
Chaves County,US.NM.CH,59,2,
Dodge County,US.MN.DD,59,0,
Rio Arriba County,US.NM.RI,59,1,
Mifflin County,US.PA.MI,59,1,
Itasca County,US.MN.IT,59,12,
White County,US.AR.WH,59,1,
Williams County,US.OH.WI,59,1,
Simpson County,US.KY.SI,59,3,
Willacy County,US.TX.WY,59,3,
Taylor County,US.FL.TA,59,0,
Pulaski County,US.IL.PL,59,0,
Rutland County,US.VT.RU,59,1,
Marquette County,US.MI.MQ,59,11,
Sabine Parish,US.LA.SB,59,1,
Gooding County,US.ID.GO,59,1,
Cherokee County,US.IA.CE,59,0,
Muskingum County,US.OH.MU,58,1,
Washington County,US.IN.WS,58,1,
Yankton County,US.SD.YA,58,0,
Washington County,US.VA.WG,58,4,
Okanogan County,US.WA.OK,58,1,
Guthrie County,US.IA.GH,58,3,
Jackson County,US.NC.JA,58,1,
Haralson County,US.GA.HS,58,4,
St. Helena Parish,US.LA.SH,58,1,
Jeff Davis County,US.GA.JF,57,2,
Pierce County,US.WI.PI,57,0,
Saunders County,US.NE.SU,57,1,
Jefferson County,US.GA.JR,57,1,
Gallatin County,US.KY.GL,57,7,
Cole County,US.MO.CE,57,1,
Dodge County,US.GA.DG,57,2,
Reno County,US.KS.RN,57,0,
Washington County,US.ID.WA,57,0,
Hamilton County,US.NE.HM,56,11,
Clay County,US.IN.CY,56,3,
Polk County,US.AR.PL,56,0,
Chippewa County,US.MN.CP,56,1,
Falls Church city,US.VA.FU,56,7,
Tattnall County,US.GA.TT,56,0,
Jasper County,US.GA.JS,56,1,
Wells County,US.IN.WE,56,0,
Columbia County,US.WI.CO,56,1,
Mayes County,US.OK.MY,56,4,
Ohio County,US.WV.OH,56,1,
Wise County,US.TX.WE,56,5,
Allegany County,US.NY.AL,55,2,
Waldo County,US.ME.WL,55,14,
Wood County,US.WV.WO,55,2,
San Augustine County,US.TX.SG,55,4,
Nevada County,US.CA.NE,55,1,
Windsor County,US.VT.WS,55,2,
Marion County,US.IL.MO,55,0,
Telfair County,US.GA.TF,55,2,
Polk County,US.NC.PO,55,4,
Union County,US.GA.UN,55,3,
Barnwell County,US.SC.BN,55,1,
Fulton County,US.IN.FU,55,1,
Socorro County,US.NM.SO,55,5,
Blair County,US.PA.BL,55,1,
Jasper County,US.SC.JA,55,3,
Clearfield County,US.PA.CF,55,0,
Waynesboro city,US.VA.WS,54,0,
Schoharie County,US.NY.SO,54,2,
Clinton County,US.OH.CI,54,0,
Martinsville city,US.VA.MR,54,1,
Cherokee County,US.TX.CK,54,2,
McLeod County,US.MN.MC,54,0,
Vernon Parish,US.LA.VN,54,3,
Fannin County,US.TX.FI,54,2,
Chicot County,US.AR.CT,54,2,
Cedar County,US.IA.CD,54,1,
Elbert County,US.CO.EB,54,2,
Jefferson County,US.MS.JF,54,2,
Gentry County,US.MO.GT,54,8,
Morrison County,US.MN.MR,54,1,
Greene County,US.MS.GE,54,3,
Rio Grande County,US.CO.RG,54,0,
Fayette County,US.WV.FA,54,4,
Perry County,US.MS.PY,54,3,
Clay County,US.GA.CY,53,2,
Marion County,US.WV.MI,53,2,
Klamath County,US.OR.KL,53,0,
Essex County,US.VA.ES,53,0,
Wood County,US.TX.WO,53,5,
Greene County,US.TN.GE,53,2,
Grant County,US.KY.GT,53,4,
Cherokee County,US.AL.CH,53,5,
Fulton County,US.OH.FU,53,0,
Roosevelt County,US.NM.RO,53,1,
Pulaski County,US.IN.PL,53,1,
Jefferson County,US.IN.JF,53,1,
Buffalo County,US.SD.BF,53,0,
Lincoln County,US.NE.LI,53,2,
Ochiltree County,US.TX.OC,53,2,
Bleckley County,US.GA.BK,52,1,
Huntington County,US.IN.HU,52,2,
Le Sueur County,US.MN.LU,52,1,
Coffey County,US.KS.CF,52,8,
Bedford County,US.PA.BO,52,2,
Red River Parish,US.LA.RE,52,7,
Stutsman County,US.ND.SU,52,0,
Unicoi County,US.TN.UC,52,0,
Starke County,US.IN.SR,52,3,
Wilson County,US.TX.WS,52,5,
Bradford County,US.FL.BA,52,2,
Rush County,US.IN.RU,51,3,
Mineral County,US.WV.ML,51,2,
Butler County,US.NE.BE,51,0,
Clark County,US.WI.CL,51,4,
Coshocton County,US.OH.CS,51,0,
Powhatan County,US.VA.PH,51,0,
Jones County,US.GA.JE,51,0,
Poinsett County,US.AR.PN,51,3,
Shasta County,US.CA.SH,51,4,
Beaufort County,US.NC.BA,51,0,
Woodford County,US.KY.WO,51,0,
Franklin County,US.KS.FR,51,0,
Hampton County,US.SC.HA,50,1,
Sharp County,US.AR.SH,50,3,
Isanti County,US.MN.IS,50,0,
Pennington County,US.MN.PI,50,0,
Williamsburg City,US.VA.WL,50,5,
Graham County,US.AZ.GA,50,2,
Meeker County,US.MN.ME,50,1,
Franklin County,US.IA.FN,49,0,
Osceola County,US.IA.OS,49,0,
Yuma County,US.CO.YU,49,0,
Alexander County,US.NC.AE,49,0,
Shelby County,US.IA.SH,49,0,
Shelby County,US.OH.SH,49,3,
Moniteau County,US.MO.ME,49,1,
Quitman County,US.MS.QU,49,0,
Cumberland County,US.VA.CU,49,0,
Carroll County,US.NH.CA,49,0,
Phillips County,US.AR.PH,49,1,
White County,US.TN.WH,48,2,
Big Horn County,US.MT.BI,48,2,
Harrison County,US.WV.HR,48,1,
Nelson County,US.KY.NE,48,1,
Cherokee County,US.OK.CK,48,1,
Pike County,US.KY.PI,48,2,
Bryan County,US.OK.BR,48,1,
Carroll County,US.IA.CL,48,1,
Dade County,US.GA.DD,48,1,
Logan County,US.OH.LG,48,0,
Jackson County,US.MN.JA,48,0,
Douglas County,US.MN.DU,48,0,
Seminole County,US.GA.SI,48,2,
Becker County,US.MN.BC,48,0,
Clark County,US.AR.CK,48,0,
Barton County,US.KS.BT,48,2,
Wyandot County,US.OH.WD,48,4,
Fayette County,US.AL.FA,48,0,
Bamberg County,US.SC.BM,48,0,
Marion County,US.TN.MI,48,2,
Del Norte County,US.CA.DE,47,0,
Tishomingo County,US.MS.TS,47,0,
Eddy County,US.NM.ED,47,1,
Jenkins County,US.GA.JK,47,7,
Lincoln County,US.TN.LI,47,0,
Union County,US.SC.UN,47,0,
Monroe County,US.IA.MR,47,6,
Carteret County,US.NC.CE,47,3,
Manitowoc County,US.WI.MW,47,1,
Todd County,US.SD.TO,47,1,
Ward County,US.ND.WR,47,1,
Monona County,US.IA.MO,47,0,
Talbot County,US.GA.TB,47,2,
Garfield County,US.OK.GF,47,1,
Bradford County,US.PA.BF,47,3,
Botetourt County,US.VA.BO,47,4,
Oglala Lakota County,US.SD.SH,46,0,
Butler County,US.MO.BE,46,0,
Clatsop County,US.OR.CT,46,0,
Pulaski County,US.GA.PL,46,2,
Geneva County,US.AL.GE,46,0,
Benton County,US.IA.BN,46,1,
Emanuel County,US.GA.EM,46,2,
Calhoun County,US.TX.CU,46,3,
Brunswick County,US.VA.BU,46,1,
New Kent County,US.VA.NK,46,1,
Van Zandt County,US.TX.VN,46,1,
Jefferson County,US.IA.JE,46,0,
Lamar County,US.AL.LM,46,0,
Coosa County,US.AL.CS,46,1,
Jasper County,US.IL.JS,46,7,
Klickitat County,US.WA.KL,46,3,
Codington County,US.SD.CD,46,0,
Kearny County,US.KS.KE,46,1,
Gage County,US.NE.GG,45,4,
Dawson County,US.TX.DW,45,1,
Fayette County,US.OH.FY,45,0,
Mendocino County,US.CA.MI,45,0,
Macoupin County,US.IL.MP,45,2,
Oconto County,US.WI.OC,45,0,
Greene County,US.VA.GE,45,1,
Miller County,US.GA.ML,45,0,
Stephens County,US.OK.ST,45,1,
Matanuska-Susitna Borough,US.AK.MA,45,1,
Campbell County,US.WY.CM,45,0,
Hutchinson County,US.TX.UT,45,0,
Hardin County,US.IA.HD,45,0,
Jefferson County,US.TN.JE,45,0,
Adams County,US.IL.AD,45,1,
Ashley County,US.AR.AS,45,1,
Washington County,US.CO.WA,44,0,
Marshall County,US.KY.MH,44,2,
Howard County,US.NE.HW,44,4,
Milam County,US.TX.MI,44,1,
Preble County,US.OH.PR,44,1,
Hart County,US.GA.HT,44,0,
Guernsey County,US.OH.GU,44,3,
Lea County,US.NM.LE,44,0,
Franklin city,US.VA.FR,44,2,
Cerro Gordo County,US.IA.CG,44,1,
Fayette County,US.TX.FT,44,2,
Perry County,US.IL.PY,44,0,
Salem city,US.VA.SE,44,3,
Vermilion County,US.IL.VE,44,1,
Pittsburg County,US.OK.PI,43,3,
Sanilac County,US.MI.SL,43,6,
Heard County,US.GA.HD,43,3,
Ashe County,US.NC.AS,43,1,
Scott County,US.KY.SC,43,0,
Tallahatchie County,US.MS.TL,43,1,
Murray County,US.MN.MU,43,0,
Franklin County,US.VA.FN,43,1,
Lafayette County,US.WI.LF,43,0,
Mountrail County,US.ND.MU,43,0,
Independence County,US.AR.IN,42,0,
Dukes County,US.MA.DU,42,0,
Madison County,US.VA.MD,42,1,
St. Francois County,US.MO.SF,42,2,
Castro County,US.TX.AS,42,1,
Douglas County,US.NV.DO,42,0,
Atascosa County,US.TX.AT,42,2,
Hot Spring County,US.AR.HT,42,0,
Cortland County,US.NY.CD,42,1,
Wythe County,US.VA.WY,42,1,
Marion County,US.KY.MN,42,0,
Montgomery County,US.IL.MT,41,1,
Watauga County,US.NC.WT,41,0,
Cowley County,US.KS.CL,41,1,
Washington County,US.VT.WA,41,1,
Smith County,US.TN.SH,41,1,
Marion County,US.IA.MI,41,0,
Pawnee County,US.OK.PW,41,2,
DeKalb County,US.TN.DE,41,0,
Howard County,US.AR.HW,41,0,
Butler County,US.KS.BU,41,0,
Custer County,US.OK.CU,41,0,
Chattooga County,US.GA.CG,41,2,
Jones County,US.IA.JN,41,0,
San Patricio County,US.TX.SP,41,0,
Boyd County,US.KY.BD,41,3,
Somerset County,US.PA.SO,41,1,
Wasco County,US.OR.WC,41,1,
Marshall County,US.TN.MS,41,1,
Washington County,US.NE.WS,41,1,
Hopkins County,US.TX.HP,41,0,
Missoula County,US.MT.MS,41,1,
Burleson County,US.TX.BU,41,0,
Sullivan County,US.IN.SU,41,1,
Morgan County,US.GA.MO,40,0,
Yates County,US.NY.YA,40,6,
Callaway County,US.MO.CA,40,1,
Hardy County,US.WV.HD,40,0,
Marinette County,US.WI.MT,40,3,
Mason County,US.WA.MA,40,1,
Wilkes County,US.GA.WS,40,1,
Allendale County,US.SC.AL,40,3,
Sweetwater County,US.WY.SW,40,0,
Camden County,US.MO.CM,40,1,
Defiance County,US.OH.DF,40,2,
Emmet County,US.IA.EM,40,0,
Putnam County,US.WV.PU,40,0,
Roberts County,US.SD.RO,40,0,
Essex County,US.NY.ES,40,0,
Washakie County,US.WY.WA,39,3,
McPherson County,US.KS.MP,39,0,
Flathead County,US.MT.FL,39,2,
Lake County,US.CO.LK,39,0,
Hempstead County,US.AR.HE,39,1,
Dixon County,US.NE.DI,39,1,
Limestone County,US.TX.LO,39,1,
Door County,US.WI.DO,39,3,
Hampshire County,US.WV.HM,39,1,
Jerauld County,US.SD.JE,39,1,
Lewis County,US.WA.LE,39,3,
Wayne County,US.GA.WY,39,0,
Christian County,US.IL.CI,39,4,
Harrison County,US.IA.HR,39,0,
Clarke County,US.VA.CK,38,0,
Overton County,US.TN.OV,38,0,
Upshur County,US.TX.US,38,0,
Swain County,US.NC.SW,38,0,
Russell County,US.KY.RU,38,4,
Lee County,US.IA.LE,38,1,
Gloucester County,US.VA.GL,38,1,
Pottawatomie County,US.KS.PT,38,0,
Arenac County,US.MI.AR,38,1,
Brown County,US.OH.BR,38,1,
Teller County,US.CO.TE,38,2,
Irwin County,US.GA.IR,38,1,
Union County,US.FL.UN,38,1,
Malheur County,US.OR.ML,38,1,
Mason County,US.MI.MN,38,0,
Sac County,US.IA.SA,38,0,
Douglas County,US.IL.DO,38,0,
Calhoun County,US.SC.CH,38,1,
Amelia County,US.VA.AI,38,1,
Mono County,US.CA.MO,37,1,
Kewaunee County,US.WI.KW,37,1,
City and Borough of Juneau,US.AK.JU,37,0,
York County,US.NE.YO,37,0,
Halifax County,US.VA.HL,37,1,
Saline County,US.KS.SA,37,2,
Montgomery County,US.KY.MM,37,0,
Ottawa County,US.OK.OT,37,2,
Owen County,US.IN.OW,37,1,
Richland County,US.ND.RI,37,0,
George County,US.MS.GR,37,2,
Hardin County,US.TN.HI,37,4,
Haywood County,US.TN.HY,37,2,
Webster County,US.KY.WE,37,0,
Carroll County,US.OH.CO,37,3,
Meade County,US.SD.MD,37,1,
Benton County,US.IN.BE,37,0,
Franklin County,US.ME.FR,37,1,
Marshall County,US.WV.MH,37,0,
Erath County,US.TX.ER,36,1,
Grundy County,US.TN.GU,36,1,
Grand Traverse County,US.MI.GN,36,5,
Yuba County,US.CA.YU,36,1,
Merrick County,US.NE.ME,36,0,
Brown County,US.IN.BR,36,1,
Brookings County,US.SD.BK,36,0,
Kendall County,US.TX.KD,36,0,
Baker County,US.GA.BR,36,3,
Charlton County,US.GA.CT,36,1,
Polk County,US.WI.PL,36,1,
Wyoming County,US.PA.WM,36,7,
Carroll County,US.TN.CR,36,1,
Hill County,US.TX.HI,36,1,
Bradley County,US.AR.BR,35,1,
Dallam County,US.TX.DL,35,0,
Towns County,US.GA.TW,35,1,
Knox County,US.IN.KN,35,0,
Buchanan County,US.IA.BC,35,1,
Lee County,US.TX.LE,35,2,
Lincoln County,US.ID.LI,35,0,
Clayton County,US.IA.CT,35,3,
Champaign County,US.OH.CH,35,1,
Hood County,US.TX.HO,35,4,
Crawford County,US.PA.CW,35,0,
Henry County,US.TN.HR,35,0,
Wakulla County,US.FL.WK,35,1,
Andrew County,US.MO.AN,35,0,
Elmore County,US.ID.EL,35,2,
Livingston County,US.IL.LI,35,2,
Colorado County,US.TX.CO,34,0,
Custer County,US.NE.CU,34,4,
Cuming County,US.NE.CM,34,0,
Lawrence County,US.OH.LW,34,0,
Torrance County,US.NM.TO,34,1,
Harrison County,US.KY.HS,34,0,
Madison County,US.IA.MD,34,2,
Elko County,US.NV.EL,34,1,
Davis County,US.IA.DV,34,1,
Hawkins County,US.TN.HW,34,2,
Highland County,US.OH.HI,34,1,
Stone County,US.MS.ST,34,0,
Iowa County,US.IA.IO,34,0,
New Madrid County,US.MO.NW,34,1,
Lake County,US.CA.LK,34,0,
Austin County,US.TX.AU,34,0,
Washington County,US.NC.WI,34,3,
Forest County,US.WI.FR,34,2,
Bailey County,US.TX.BY,34,0,
Little River County,US.AR.LT,34,0,
Clark County,US.KS.CA,34,0,
Appomattox County,US.VA.AP,34,0,
Cass County,US.TX.CS,34,2,
Jo Daviess County,US.IL.JO,34,1,
Oxford County,US.ME.OX,33,0,
Taos County,US.NM.TA,33,0,
Humboldt County,US.IA.HU,33,1,
Warren County,US.TN.WR,33,0,
Monroe County,US.WI.MO,33,1,
Waseca County,US.MN.WE,33,0,
King William County,US.VA.KW,33,0,
Lyman County,US.SD.LY,33,0,
Aurora County,US.SD.AU,33,0,
Davison County,US.SD.DV,33,0,
Mason County,US.TX.MA,33,0,
Patrick County,US.VA.PK,32,0,
Charles City County,US.VA.CC,32,2,
Roane County,US.TN.RA,32,0,
Glenn County,US.CA.GL,32,0,
Jefferson County,US.FL.JE,32,4,
Rabun County,US.GA.RB,32,3,
Ogemaw County,US.MI.OG,32,2,
Coos County,US.OR.CO,32,0,
Crane County,US.TX.CR,32,5,
Knox County,US.OH.KN,32,1,
Jasper County,US.TX.JR,32,1,
Charles Mix County,US.SD.CH,32,0,
Jefferson County,US.WA.JE,32,0,
Crawford County,US.GA.CW,32,0,
Seward County,US.NE.SA,32,1,
Clarion County,US.PA.CL,31,2,
Bee County,US.TX.BE,31,0,
Lyon County,US.IA.LY,31,0,
Hamilton County,US.KS.HM,31,0,
Kit Carson County,US.CO.KT,31,3,
Morris County,US.TX.MR,31,0,
Pike County,US.MO.PI,31,1,
Seminole County,US.OK.SM,31,3,
Holmes County,US.FL.HO,31,0,
McNairy County,US.TN.MA,31,0,
Monroe County,US.KY.MO,31,0,
Wabaunsee County,US.KS.WB,31,0,
Alleghany County,US.NC.AL,30,0,
Boyle County,US.KY.BE,30,0,
Pulaski County,US.VA.PU,30,1,
Warren County,US.MO.WR,30,0,
Stevens County,US.KS.SV,30,0,
Kalkaska County,US.MI.KK,30,2,
Baker County,US.FL.BK,30,4,
Okmulgee County,US.OK.OM,30,0,
Garvin County,US.OK.GV,30,1,
Hancock County,US.IA.HN,30,0,
Christian County,US.MO.CT,30,0,
Alcorn County,US.MS.AL,30,1,
Clay County,US.AL.CY,30,2,
Franklin County,US.MS.FR,30,2,
Greene County,US.PA.GR,30,0,
Otero County,US.NM.OT,30,4,
Meade County,US.KS.ME,30,0,
Van Buren County,US.AR.VA,30,2,
Beaver County,US.OK.BA,30,0,
Weakley County,US.TN.WE,30,0,
Laurel County,US.KY.LU,30,2,
Pocahontas County,US.IA.PC,30,0,
Hart County,US.KY.HT,30,0,
Sagadahoc County,US.ME.SA,30,0,
Charlotte County,US.VA.CT,30,0,
Jackson County,US.OK.JA,30,3,
Cherokee County,US.NC.CO,30,1,
Lamoille County,US.VT.LA,29,1,
Luna County,US.NM.LU,29,1,
Perquimans County,US.NC.PQ,29,2,
Polk County,US.TN.PO,29,0,
Dunn County,US.WI.DN,29,0,
Toole County,US.MT.TO,29,6,
Madison County,US.ID.MA,29,0,
Seneca County,US.OH.SE,29,2,
Fremont County,US.CO.FR,29,0,
Blackford County,US.IN.BL,29,2,
Douglas County,US.OR.DO,29,0,
Meigs County,US.TN.ME,29,0,
Clallam County,US.WA.CL,29,0,
Sevier County,US.UT.SE,28,0,
Fayette County,US.IA.FT,28,0,
Randolph County,US.AR.RA,28,0,
DeWitt County,US.TX.DE,28,1,
Alleghany County,US.VA.AL,28,2,
Tipton County,US.IN.TT,28,1,
Sherman County,US.TX.SN,28,0,
Scurry County,US.TX.SU,28,0,
Hockley County,US.TX.HC,28,1,
Andrews County,US.TX.AR,28,0,
Mille Lacs County,US.MN.MI,28,1,
Ashland County,US.OH.AL,28,0,
Columbia County,US.AR.CI,28,2,
Payette County,US.ID.PA,28,2,
Jersey County,US.IL.JR,28,1,
Crawford County,US.IN.CW,27,0,
Delaware County,US.IA.DA,27,1,
Adams County,US.IN.AD,27,1,
Crawford County,US.WI.CR,27,0,
Yancey County,US.NC.YN,27,0,
Northumberland County,US.VA.NU,27,1,
Donley County,US.TX.DO,27,0,
Albany County,US.WY.AL,27,0,
Woodford County,US.IL.WO,27,2,
Faribault County,US.MN.FA,27,0,
Franklin County,US.TX.FK,27,0,
Sanpete County,US.UT.SP,27,0,
Whitman County,US.WA.WI,27,0,
Amherst County,US.VA.AH,27,0,
Wheeler County,US.GA.WL,27,0,
Perry County,US.TN.PE,27,0,
Tehama County,US.CA.TE,27,1,
Wise County,US.VA.WI,27,2,
Labette County,US.KS.LB,27,0,
Calaveras County,US.CA.CA,26,0,
Williams County,US.ND.WI,26,0,
Howell County,US.MO.HW,26,0,
Uvalde County,US.TX.UV,26,0,
Spencer County,US.KY.SP,26,0,
Gilchrist County,US.FL.GI,26,0,
Wayne County,US.NE.WY,26,0,
Raleigh County,US.WV.RL,26,0,
Taylor County,US.GA.TY,26,2,
Cheboygan County,US.MI.CY,26,1,
Jones County,US.NC.JN,26,3,
Atchison County,US.KS.AT,26,0,
Henry County,US.KY.HY,26,2,
Emmet County,US.MI.EM,26,2,
Cocke County,US.TN.CE,26,0,
Drew County,US.AR.DR,26,1,
Campbell County,US.VA.CM,25,1,
Ray County,US.MO.RY,25,0,
Sibley County,US.MN.SI,25,2,
Nowata County,US.OK.NW,25,1,
Clare County,US.MI.CE,25,2,
Love County,US.OK.LV,25,0,
Rock County,US.MN.RC,25,0,
Bingham County,US.ID.BG,25,0,
Anderson County,US.KY.AN,25,1,
Mecosta County,US.MI.MT,25,2,
Johnson County,US.TN.JO,25,0,
Somerset County,US.ME.SO,25,0,
Franklin County,US.NY.FR,25,0,
Barron County,US.WI.BR,25,0,
Bourbon County,US.KY.BU,25,1,
Roscommon County,US.MI.RO,25,0,
Juneau County,US.WI.JU,25,1,
Gates County,US.NC.GT,24,1,
Perry County,US.KY.PR,24,0,
Gibson County,US.IN.GI,24,2,
Grant County,US.AR.GN,24,0,
Fountain County,US.IN.FO,24,2,
Green Lake County,US.WI.GL,24,0,
Winneshiek County,US.IA.WH,24,0,
Turner County,US.SD.TU,24,0,
Preston County,US.WV.PR,24,2,
Dare County,US.NC.DE,24,1,
King and Queen County,US.VA.KA,24,1,
Sullivan County,US.NH.SU,24,1,
Geary County,US.KS.GE,24,1,
Lucas County,US.IA.LU,24,3,
Campbell County,US.TN.CM,24,1,
Calhoun County,US.IA.CO,24,0,
Mills County,US.IA.ML,24,0,
San Miguel County,US.CO.SM,24,0,
Meade County,US.KY.MA,24,2,
Lincoln County,US.OK.LI,24,2,
Conway County,US.AR.CN,24,2,
Inyo County,US.CA.IN,24,1,
Missaukee County,US.MI.MU,24,1,
Converse County,US.WY.CE,24,0,
Vernon County,US.WI.VE,24,0,
Clay County,US.NE.CL,24,0,
Logan County,US.OK.LG,24,1,
Taney County,US.MO.TA,24,2,
Cannon County,US.TN.CN,23,0,
Tillman County,US.OK.TI,23,1,
Beltrami County,US.MN.BT,23,0,
Perry County,US.OH.PE,23,1,
Spencer County,US.IN.SP,23,1,
Wood County,US.WI.WO,23,1,
McLean County,US.KY.ML,23,1,
Breckinridge County,US.KY.BC,23,2,
Butler County,US.IA.BE,23,2,
Knox County,US.ME.KN,23,1,
Gray County,US.KS.GY,23,0,
Athens County,US.OH.AS,23,1,
Menard County,US.IL.MN,23,0,
Cooke County,US.TX.OO,23,0,
Todd County,US.KY.TO,23,0,
Bureau County,US.IL.BU,23,1,
Josephine County,US.OR.JO,23,1,
Jefferson County,US.KS.JF,23,0,
Long County,US.GA.LG,23,1,
Grundy County,US.IA.GN,23,0,
Park County,US.CO.PA,23,0,
Lander County,US.NV.LA,22,0,
Fayette County,US.IL.FA,22,3,
Lavaca County,US.TX.LA,22,1,
Ford County,US.IL.FO,22,1,
Otero County,US.CO.OT,22,1,
Desha County,US.AR.DE,22,0,
Twiggs County,US.GA.TG,22,1,
Columbia County,US.OR.CL,22,0,
Osceola County,US.MI.OE,22,0,
Tensas Parish,US.LA.TN,22,0,
Hughes County,US.SD.HG,22,0,
Haskell County,US.KS.HS,22,0,
Montgomery County,US.KS.MG,22,2,
Switzerland County,US.IN.SW,22,0,
Vinton County,US.OH.VI,22,2,
Giles County,US.TN.GL,22,0,
Sequatchie County,US.TN.SQ,22,0,
Cleburne County,US.AL.CB,22,1,
Pocahontas County,US.WV.PO,21,0,
Delta County,US.MI.DE,21,2,
Logan County,US.WV.LO,21,1,
Clinton County,US.MO.CO,21,0,
Wabasha County,US.MN.WB,21,0,
Scioto County,US.OH.SC,21,0,
Greene County,US.IA.GE,21,0,
Pontotoc County,US.OK.PN,21,2,
Jackson County,US.WI.JA,21,1,
Jackson County,US.TX.JA,21,1,
Val Verde County,US.TX.VL,21,0,
Marion County,US.TX.MN,21,1,
Lincoln County,US.ME.LI,21,0,
Sequoyah County,US.OK.SQ,21,3,
Nemaha County,US.KS.NM,21,0,
Greenbrier County,US.WV.GE,21,0,
Lewis and Clark County,US.MT.LE,21,0,
McKenzie County,US.ND.MK,21,0,
Alcona County,US.MI.AC,21,1,
Stanton County,US.NE.ST,21,0,
Lunenburg County,US.VA.LN,21,0,
Hansford County,US.TX.HF,21,2,
Carbon County,US.WY.CB,21,1,
Kauai County,US.HI.KU,21,0,
Montgomery County,US.GA.MM,21,0,
Swisher County,US.TX.SW,21,1,
Douglas County,US.WI.DG,20,0,
Morgan County,US.TN.MG,20,0,
Madison County,US.TX.AD,20,0,
Parke County,US.IN.PA,20,0,
Cleveland County,US.AR.CV,20,0,
Fillmore County,US.MN.FI,20,0,
Kerr County,US.TX.KR,20,1,
Asotin County,US.WA.AS,20,2,
Hidalgo County,US.NM.HI,20,0,
Charlevoix County,US.MI.CV,20,2,
Schley County,US.GA.SY,20,1,
Le Flore County,US.OK.LE,20,1,
Logan County,US.AR.LG,20,0,
Kleberg County,US.TX.KL,20,1,
Clay County,US.AR.CY,20,0,
Hancock County,US.WV.HN,20,0,
Henry County,US.OH.HE,20,0,
Tioga County,US.PA.TI,20,2,
Swift County,US.MN.SW,20,1,
Moody County,US.SD.MO,20,0,
Lewis County,US.NY.LE,20,5,
Phelps County,US.NE.PH,20,0,
Carter County,US.TN.CT,20,1,
Izard County,US.AR.IZ,20,1,
Grainger County,US.TN.GA,20,0,
Grays Harbor County,US.WA.GY,20,0,
Smyth County,US.VA.SM,20,0,
Gladwin County,US.MI.GL,20,1,
Floyd County,US.IA.FL,20,1,
Faulk County,US.SD.FU,20,0,
Guadalupe County,US.NM.GU,20,0,
Jackson County,US.TN.JA,20,0,
Doniphan County,US.KS.DP,20,0,
Washington County,US.IL.WG,19,0,
McIntosh County,US.GA.MH,19,1,
Henderson County,US.TN.HS,19,0,
Lynn County,US.TX.LY,19,1,
Sheridan County,US.WY.SH,19,0,
Warren County,US.GA.WR,19,0,
Cascade County,US.MT.CS,19,2,
Posey County,US.IN.PS,19,0,
Union County,US.KY.UN,19,0,
Mercer County,US.IL.ME,19,0,
Ketchikan Gateway Borough,US.AK.KG,19,0,
Chowan County,US.NC.CW,19,0,
Johnson County,US.IL.JH,19,0,
Brown County,US.MN.BR,19,2,
Jefferson County,US.PA.JE,19,1,
Morgan County,US.WV.MA,19,0,
San Jacinto County,US.TX.SJ,19,0,
Floyd County,US.KY.FO,19,0,
Uintah County,US.UT.UN,19,0,
Lamb County,US.TX.LB,18,0,
Carter County,US.KY.CR,18,0,
Buchanan County,US.VA.BH,18,0,
Rockbridge County,US.VA.RB,18,0,
Siskiyou County,US.CA.SK,18,0,
Jim Wells County,US.TX.JW,18,0,
Mason County,US.IL.MS,18,0,
Ida County,US.IA.ID,18,0,
Kossuth County,US.IA.KO,18,0,
Ravalli County,US.MT.RA,18,0,
Nelson County,US.VA.NL,18,0,
Webster County,US.MO.WE,18,0,
Howard County,US.TX.HW,18,1,
Lincoln County,US.GA.LC,18,1,
Hancock County,US.IL.HC,18,1,
Johnson County,US.WY.JO,18,1,
Lyon County,US.KY.LY,18,3,
Humphreys County,US.TN.HU,18,1,
Crockett County,US.TN.CK,18,3,
Benewah County,US.ID.BA,18,0,
Carroll County,US.IL.CL,18,2,
Transylvania County,US.NC.TR,17,1,
Gem County,US.ID.GE,17,0,
Candler County,US.GA.CR,17,0,
Robertson County,US.TX.RO,17,0,
Treutlen County,US.GA.TE,17,0,
Alexander County,US.IL.AL,17,0,
Iowa County,US.WI.IO,17,0,
Wexford County,US.MI.WE,17,3,
Trigg County,US.KY.TG,17,0,
Mariposa County,US.CA.MP,17,1,
Crawford County,US.IL.CW,17,0,
Appanoose County,US.IA.AP,17,3,
Grand County,US.CO.GR,17,0,
Venango County,US.PA.VE,17,0,
Benton County,US.MS.BE,17,0,
Clay County,US.KY.CY,17,2,
Boone County,US.WV.BN,17,0,
Norman County,US.MN.NR,17,0,
Clear Creek County,US.CO.CL,17,1,
Grant County,US.KS.GT,17,1,
Taylor County,US.KY.TA,17,1,
Whitley County,US.KY.WH,17,0,
Carroll County,US.KY.CL,17,0,
Falls County,US.TX.FL,17,0,
Trinity County,US.TX.TR,17,0,
Grant County,US.NM.GR,16,0,
Rappahannock County,US.VA.RP,16,0,
McIntosh County,US.OK.MI,16,1,
Floyd County,US.TX.FY,16,0,
Henry County,US.MO.HE,16,3,
Mason County,US.KY.MS,16,0,
Martin County,US.IN.MN,16,0,
Scott County,US.KS.SC,16,0,
San Miguel County,US.NM.SM,16,0,
Fulton County,US.PA.FU,16,1,
Walsh County,US.ND.WL,16,0,
Perry County,US.AR.PY,16,0,
Grant County,US.WV.GA,16,0,
Caledonia County,US.VT.CA,16,0,
Waushara County,US.WI.WS,16,0,
Currituck County,US.NC.CI,16,0,
Greenup County,US.KY.GU,16,0,
Prowers County,US.CO.PR,16,0,
Jackson County,US.AR.JA,16,0,
Shelby County,US.IL.SB,16,1,
Paulding County,US.OH.PA,16,0,
Page County,US.IA.PG,16,0,
Mitchell County,US.NC.MI,16,0,
Craig County,US.OK.CG,16,0,
Mercer County,US.KY.MC,16,0,
Stewart County,US.TN.SA,16,0,
Oneida County,US.WI.ON,16,0,
Marshall County,US.OK.MH,16,0,
Jackson County,US.OH.JA,16,0,
Moultrie County,US.IL.MI,15,0,
Ellis County,US.KS.EL,15,0,
Costilla County,US.CO.CS,15,0,
Mason County,US.WV.MN,15,0,
Lake County,US.SD.LK,15,1,
Cherokee County,US.KS.CK,15,0,
Rowan County,US.KY.RW,15,0,
Young County,US.TX.YU,15,1,
Wilkin County,US.MN.WL,15,3,
Morgan County,US.UT.MN,15,0,
Claiborne County,US.TN.CI,15,0,
Webster County,US.GA.WT,15,1,
Morrow County,US.OR.MO,15,0,
Lincoln County,US.WY.LI,15,0,
Adams County,US.OH.AD,15,1,
Lincoln County,US.KY.LN,15,1,
Pamlico County,US.NC.PM,15,0,
Wheeler County,US.TX.WL,15,0,
Traill County,US.ND.TR,15,0,
Zapata County,US.TX.ZP,15,0,
Stevens County,US.WA.ST,15,1,
Franklin County,US.ID.FA,15,0,
Freestone County,US.TX.FE,15,0,
Keokuk County,US.IA.KE,15,0,
Ouachita County,US.AR.OU,15,0,
Sabine County,US.TX.SB,15,1,
Chickasaw County,US.IA.CC,15,0,
Nodaway County,US.MO.NO,15,0,
San Juan County,US.WA.SA,15,0,
Phillips County,US.CO.PH,15,0,
Ste. Genevieve County,US.MO.SG,14,1,
Warren County,US.IN.WN,14,1,
Scott County,US.TN.SC,14,0,
Washington County,US.KY.WS,14,0,
Barry County,US.MO.BR,14,0,
Bracken County,US.KY.BK,14,0,
Middlesex County,US.VA.MI,14,0,
Jackson County,US.IA.JC,14,0,
Quitman County,US.GA.QU,14,1,
Lewis County,US.KY.LI,14,0,
Fentress County,US.TN.FE,14,0,
Palo Pinto County,US.TX.PO,14,2,
Palo Alto County,US.IA.PO,14,0,
Baxter County,US.AR.BA,14,0,
Decatur County,US.TN.DC,14,0,
Wright County,US.MO.WG,14,0,
Richland County,US.WI.RI,14,4,
Rockcastle County,US.KY.RC,14,0,
Tyler County,US.TX.TY,14,0,
Cass County,US.IA.CS,14,0,
Audubon County,US.IA.AU,14,1,
Van Wert County,US.OH.VA,14,0,
Noble County,US.OK.NB,14,0,
Harvey County,US.KS.HV,14,2,
Gaines County,US.TX.GS,14,0,
Mercer County,US.WV.MR,14,0,
Pipestone County,US.MN.PS,14,0,
Antrim County,US.MI.AN,14,0,
Benton County,US.MO.BN,14,0,
Pendleton County,US.KY.PN,14,0,
Ballard County,US.KY.BA,14,0,
Miami County,US.KS.MI,14,0,
Potter County,US.PA.PO,13,0,
Wabash County,US.IL.WB,13,0,
Hudspeth County,US.TX.HU,13,0,
Day County,US.SD.DY,13,0,
Clark County,US.IL.CK,13,0,
Hartley County,US.TX.HL,13,2,
Linn County,US.KS.LN,13,0,
Orleans County,US.VT.OL,13,0,
Kingfisher County,US.OK.KN,13,0,
Surry County,US.VA.SR,13,1,
Washington County,US.MO.WS,13,1,
Big Stone County,US.MN.BI,13,0,
Ohio County,US.IN.OH,13,0,
Zavala County,US.TX.ZV,13,0,
Terry County,US.TX.TE,13,0,
Schuyler County,US.IL.SU,13,0,
Pendleton County,US.WV.PE,13,1,
Grant County,US.SD.GA,13,0,
McKean County,US.PA.MC,13,1,
Harlan County,US.KY.HL,13,0,
Knox County,US.NE.KN,13,0,
McCreary County,US.KY.MR,13,0,
Lafayette County,US.FL.LF,13,0,
Hancock County,US.ME.HA,13,1,
Aitkin County,US.MN.AI,13,0,
Gosper County,US.NE.GO,13,0,
Nantucket County,US.MA.NA,13,1,
Carbon County,US.UT.CR,13,0,
Callahan County,US.TX.AL,13,2,
Kanabec County,US.MN.KA,13,1,
Montgomery County,US.MO.MM,12,0,
Caldwell County,US.KY.CD,12,0,
Howard County,US.IA.HO,12,0,
Franklin County,US.IL.FR,12,0,
Renville County,US.MN.RN,12,0,
Bond County,US.IL.BN,12,1,
Morrill County,US.NE.MO,12,0,
Reeves County,US.TX.RE,12,0,
Mingo County,US.WV.MO,12,2,
Hot Springs County,US.WY.HO,12,0,
Sanborn County,US.SD.SA,12,0,
Greenlee County,US.AZ.GE,12,0,
Buena Vista city,US.VA.BE,12,0,
Winnebago County,US.IA.WB,12,0,
Polk County,US.NE.PO,12,0,
Chester County,US.TN.CS,12,0,
Kearney County,US.NE.KA,12,0,
Poquoson city,US.VA.PQ,12,0,
Fulton County,US.KY.FU,12,0,
Lawrence County,US.SD.LW,12,0,
Grand County,US.UT.GR,12,0,
Leelanau County,US.MI.LE,12,0,
Otoe County,US.NE.OT,12,0,
Ransom County,US.ND.RN,12,0,
Baca County,US.CO.BA,12,0,
Marshall County,US.MN.MS,12,0,
Union County,US.IN.UN,12,0,
Schuyler County,US.NY.SU,12,0,
Manistee County,US.MI.ME,12,0,
Bates County,US.MO.BS,12,1,
Pacific County,US.WA.PA,12,1,
Comanche County,US.TX.CE,12,1,
Presque Isle County,US.MI.PR,12,0,
Vernon County,US.MO.VE,12,0,
Adair County,US.IA.AI,11,0,
Clark County,US.SD.CK,11,0,
Silver Bow County,US.MT.SI,11,0,
Linn County,US.MO.LN,11,1,
Jefferson County,US.ID.JF,11,0,
Logan County,US.IL.LO,11,0,
Randolph County,US.MO.RN,11,0,
Ripley County,US.MO.RI,11,0,
Murray County,US.OK.MR,11,0,
Custer County,US.MT.CU,11,0,
Clay County,US.TN.CY,11,0,
Larue County,US.KY.LR,11,1,
Stone County,US.AR.ST,11,0,
Big Horn County,US.WY.BI,11,0,
Cameron Parish,US.LA.CM,11,0,
Stanley County,US.SD.ST,11,0,
Grundy County,US.MO.GU,11,0,
Lancaster County,US.VA.LA,11,0,
Blaine County,US.OK.BL,11,0,
Blanco County,US.TX.BC,11,1,
Knox County,US.KY.KX,11,0,
Corson County,US.SD.CO,11,0,
Burt County,US.NE.BT,11,0,
Brewster County,US.TX.BS,11,0,
Lafayette County,US.AR.LF,11,1,
Hamilton County,US.TX.HM,11,1,
Van Buren County,US.IA.VA,11,0,
Greenwood County,US.KS.GW,11,0,
Teton County,US.ID.TE,11,0,
Juab County,US.UT.JU,11,0,
Fulton County,US.IL.FU,11,0,
Garrard County,US.KY.GR,11,0,
Amador County,US.CA.AM,11,0,
Leon County,US.TX.LN,11,0,
Dunn County,US.ND.DU,11,0,
Woodward County,US.OK.WW,11,0,
Fillmore County,US.NE.FI,11,1,
Vermillion County,US.IN.VE,11,0,
McCormick County,US.SC.MC,11,1,
Piatt County,US.IL.PA,11,0,
Cass County,US.MN.CS,11,2,
Wadena County,US.MN.WD,10,0,
Rusk County,US.WI.RU,10,0,
Taylor County,US.WV.TA,10,0,
Yellow Medicine County,US.MN.YE,10,0,
Union County,US.IA.UN,10,0,
Roane County,US.WV.RO,10,1,
Wayne County,US.KY.WY,10,0,
LaMoure County,US.ND.LA,10,0,
Carroll County,US.MO.CL,10,0,
Menifee County,US.KY.ME,10,0,
Houston County,US.TN.HO,10,0,
Duchesne County,US.UT.DU,10,0,
Cumberland County,US.IL.CU,10,0,
Floyd County,US.VA.FO,10,1,
Cheyenne County,US.NE.CY,10,0,
Churchill County,US.NV.CH,10,1,
Harrison County,US.OH.HR,10,0,
Gilmer County,US.WV.GI,10,0,
McLean County,US.ND.ML,10,0,
Hamlin County,US.SD.HM,10,0,
Aroostook County,US.ME.AR,10,1,
Pope County,US.MN.PE,10,0,
Clay County,US.WV.CY,10,0,
Bollinger County,US.MO.BI,10,0,
Brown County,US.IL.BR,10,0,
Boone County,US.AR.BO,10,0,
Redwood County,US.MN.RW,10,0,
Brown County,US.KS.BR,10,0,
Barbour County,US.WV.BB,10,1,
Brule County,US.SD.BU,10,0,
Lake County,US.MT.LA,10,0,
Osage County,US.KS.OS,10,0,
Casey County,US.KY.CS,10,0,
Garrett County,US.MD.GA,10,0,
Bath County,US.KY.BH,10,1,
Furnas County,US.NE.FU,9,1,
Hancock County,US.KY.HC,9,0,
Marquette County,US.WI.MQ,9,1,
Barnes County,US.ND.BA,9,0,
Pike County,US.OH.PK,9,0,
Fulton County,US.AR.FU,9,0,
Gulf County,US.FL.GU,9,0,
Morgan County,US.MO.MG,9,0,
Cooper County,US.MO.CP,9,0,
Gallia County,US.OH.GA,9,1,
Montgomery County,US.IA.MG,9,2,
Menominee County,US.MI.MM,9,0,
Sawyer County,US.WI.SW,9,0,
Crawford County,US.MO.CF,9,0,
Tuolumne County,US.CA.TO,9,0,
Bon Homme County,US.SD.BH,9,0,
Montague County,US.TX.MU,9,1,
Owyhee County,US.ID.OW,9,0,
Monroe County,US.WV.ME,9,0,
Orange County,US.VT.OA,9,0,
Tazewell County,US.VA.TA,9,0,
Clay County,US.NC.CY,9,0,
Lassen County,US.CA.LS,9,0,
Hutchinson County,US.SD.HT,9,0,
Stanton County,US.KS.ST,9,0,
Lampasas County,US.TX.LP,9,0,
Laclede County,US.MO.LD,9,0,
Harrison County,US.MO.HS,9,0,
Koochiching County,US.MN.KO,9,0,
Power County,US.ID.PO,9,0,
Cedar County,US.MO.CD,9,0,
DeKalb County,US.MO.DE,9,0,
Live Oak County,US.TX.LK,9,0,
Yoakum County,US.TX.YA,9,0,
Jefferson County,US.NE.JE,9,0,
Wayne County,US.IL.WY,9,1,
Polk County,US.MO.PO,9,0,
Sumner County,US.KS.SU,9,1,
Wetzel County,US.WV.WT,9,0,
Lee County,US.VA.LE,9,0,
Wells County,US.ND.WE,8,0,
Mitchell County,US.IA.ME,8,0,
Neosho County,US.KS.NO,8,0,
Cedar County,US.NE.CA,8,0,
Kimball County,US.NE.KB,8,0,
Houghton County,US.MI.HO,8,0,
Moffat County,US.CO.MF,8,0,
Crook County,US.OR.CR,8,0,
Lewis County,US.WV.LE,8,1,
Benton County,US.TN.BN,8,1,
Mackinac County,US.MI.MK,8,0,
Bourbon County,US.KS.BB,8,1,
Marion County,US.MO.MO,8,0,
Livingston County,US.KY.LV,8,0,
Colfax County,US.NM.CO,8,0,
McCook County,US.SD.MC,8,1,
Scott County,US.VA.SC,8,2,
Scotland County,US.MO.SO,8,1,
Lexington city,US.VA.LX,8,0,
Sitka City and Borough,US.AK.SI,8,0,
Henderson County,US.IL.HD,8,0,
Beckham County,US.OK.BC,8,0,
Grand Isle County,US.VT.GR,8,0,
Metcalfe County,US.KY.MT,8,2,
Sharkey County,US.MS.SH,8,0,
Millard County,US.UT.MD,8,0,
Madison County,US.MT.MA,8,1,
Latah County,US.ID.LA,8,0,
Ringgold County,US.IA.RI,8,0,
Ramsey County,US.ND.RM,8,1,
Radford city,US.VA.RD,8,0,
Emery County,US.UT.EM,8,0,
Archuleta County,US.CO.AC,8,0,
Evans County,US.GA.EV,8,0,
Union County,US.TN.UO,8,0,
Vilas County,US.WI.VI,8,0,
Arkansas County,US.AR.AR,8,0,
Adams County,US.WI.AD,8,2,
Effingham County,US.IL.EF,8,1,
Park County,US.MT.PA,8,0,
Antelope County,US.NE.AN,8,0,
Ouray County,US.CO.OU,8,1,
Oscoda County,US.MI.OO,8,1,
Atoka County,US.OK.AT,8,0,
Russell County,US.VA.RU,8,0,
Curry County,US.OR.CU,7,0,
Wilbarger County,US.TX.WG,7,0,
Greene County,US.IL.GE,7,0,
Pike County,US.AR.PE,7,0,
Searcy County,US.AR.SA,7,0,
Tripp County,US.SD.TR,7,0,
Massac County,US.IL.MA,7,0,
Las Animas County,US.CO.LS,7,0,
Valley County,US.NE.VA,7,0,
Marion County,US.KS.MN,7,1,
Colusa County,US.CA.CL,7,0,
Decatur County,US.IA.DC,7,0,
Roosevelt County,US.MT.RO,7,0,
Pushmataha County,US.OK.PU,7,0,
Daviess County,US.MO.DV,7,0,
Lincoln County,US.MT.LN,7,1,
Lewis County,US.MO.LE,7,1,
Prairie County,US.AR.PR,7,0,
Clay County,US.KS.CY,7,1,
Lincoln County,US.WI.LI,7,0,
Lipscomb County,US.TX.LM,7,0,
Sherman County,US.KS.SH,7,0,
Rooks County,US.KS.RO,7,0,
Lawrence County,US.MO.LW,7,0,
Bosque County,US.TX.BQ,7,0,
Boone County,US.NE.BO,7,0,
Los Alamos County,US.NM.LO,7,0,
Bonner County,US.ID.BR,7,0,
Rolette County,US.ND.RO,7,0,
Adams County,US.IA.AM,7,0,
Lake County,US.MI.LK,7,0,
Macon County,US.MO.MN,7,0,
Eastland County,US.TX.EA,7,0,
Goliad County,US.TX.GI,7,0,
Upshur County,US.WV.UP,7,0,
Stone County,US.MO.SE,7,0,
Crittenden County,US.KY.CT,7,1,
Forest County,US.PA.FO,7,0,
Monroe County,US.AR.ME,7,0,
Pembina County,US.ND.PE,7,0,
Saline County,US.IL.SE,7,0,
Dickinson County,US.MI.DI,7,2,
Nicholas County,US.WV.NI,7,1,
Bandera County,US.TX.BA,7,0,
Barton County,US.MO.BT,7,0,
Caldwell County,US.MO.CW,7,0,
Franklin County,US.NE.FA,6,0,
Elk County,US.PA.EL,6,0,
Giles County,US.VA.GI,6,0,
Gillespie County,US.TX.GL,6,0,
Latimer County,US.OK.LA,6,1,
Coal County,US.OK.CL,6,0,
Lincoln County,US.MN.LI,6,0,
Franklin County,US.AR.FR,6,0,
Crook County,US.WY.CK,6,0,
Camden County,US.NC.CD,6,0,
Mahnomen County,US.MN.MH,6,1,
Morton County,US.KS.MT,6,0,
Shannon County,US.MO.SN,6,0,
Dickinson County,US.KS.DK,6,0,
Garza County,US.TX.GR,6,0,
Okfuskee County,US.OK.OF,6,0,
Childress County,US.TX.CD,6,0,
Carson County,US.TX.CN,6,0,
Tillamook County,US.OR.TI,6,0,
Newton County,US.TX.NE,6,0,
Livingston County,US.MO.LV,6,0,
Morgan County,US.OH.MA,6,0,
Lincoln County,US.NM.LI,6,0,
Brooke County,US.WV.BO,6,0,
Aransas County,US.TX.AA,6,0,
Leslie County,US.KY.LS,6,0,
Noble County,US.OH.NO,6,0,
Carbon County,US.MT.CB,6,0,
Haskell County,US.OK.HS,6,0,
Dallas County,US.MO.DL,6,0,
Hodgeman County,US.KS.HG,6,0,
Hand County,US.SD.HD,6,0,
Major County,US.OK.MJ,6,1,
Morgan County,US.KY.MG,6,0,
Johnson County,US.KY.JO,6,0,
Grant County,US.MN.GR,6,0,
Kiowa County,US.OK.KO,6,0,
Coos County,US.NH.CO,6,0,
Meigs County,US.OH.MS,6,0,
Phelps County,US.MO.PH,6,0,
Adams County,US.ID.AM,6,0,
Mercer County,US.ND.ME,6,0,
Graham County,US.NC.GH,6,0,
Avery County,US.NC.AV,6,0,
Pierce County,US.NE.PI,6,0,
Webster County,US.NE.WE,6,0,
Buffalo County,US.WI.BF,6,2,
Craig County,US.VA.CG,6,0,
Fall River County,US.SD.FL,6,0,
McDowell County,US.WV.MC,6,0,
Langlade County,US.WI.LN,6,0,
Glacier County,US.MT.GC,6,0,
Gilpin County,US.CO.GI,6,0,
Roseau County,US.MN.RS,6,0,
Woodson County,US.KS.WO,6,0,
Pike County,US.IN.PI,6,0,
Hamilton County,US.NY.HA,6,1,
Fleming County,US.KY.FE,6,0,
Miller County,US.MO.ML,6,0,
Chariton County,US.MO.CI,6,0,
Johnson County,US.NE.JO,6,0,
Duval County,US.TX.DU,5,0,
Caribou County,US.ID.CR,5,0,
Carlisle County,US.KY.CE,5,1,
Burke County,US.ND.BK,5,0,
Lewis County,US.TN.LE,5,0,
Jackson County,US.SD.JA,5,0,
Taylor County,US.WI.TA,5,0,
Refugio County,US.TX.RF,5,0,
Cheyenne County,US.CO.CE,5,0,
Lake County,US.OR.LK,5,0,
Carter County,US.MO.CR,5,1,
Stephens County,US.TX.SE,5,0,
Walworth County,US.SD.WA,5,0,
Houston County,US.MN.HO,5,0,
Lawrence County,US.KY.LC,5,0,
Warren County,US.PA.WR,5,0,
Ralls County,US.MO.RL,5,0,
Johnston County,US.OK.JO,5,0,
Spink County,US.SD.SP,5,0,
Hubbard County,US.MN.HU,5,0,
Rains County,US.TX.RI,5,0,
Red Willow County,US.NE.RE,5,0,
Mercer County,US.MO.MC,5,0,
Matthews County,US.VA.MT,5,0,
Moore County,US.TN.MO,5,0,
Wyoming County,US.WV.WY,5,0,
Estill County,US.KY.ES,5,0,
Woodruff County,US.AR.WO,5,0,
Collingsworth County,US.TX.CG,5,0,
Benzie County,US.MI.BE,5,0,
Van Buren County,US.TN.VA,5,0,
Traverse County,US.MN.TR,5,0,
Conejos County,US.CO.CN,5,0,
Crockett County,US.TX.CT,5,0,
Goshen County,US.WY.GO,5,0,
Scott County,US.AR.SC,5,0,
Hickman County,US.KY.HA,5,0,
Cumberland County,US.KY.CU,5,0,
Pershing County,US.NV.PE,5,0,
Tucker County,US.WV.TU,5,0,
Tyrrell County,US.NC.TY,5,0,
Cotton County,US.OK.CT,5,2,
Marshall County,US.IL.MH,5,0,
Montmorency County,US.MI.MR,5,0,
Madison County,US.NC.MD,5,0,
Park County,US.WY.PA,5,0,
Eddy County,US.ND.ED,5,0,
Gogebic County,US.MI.GO,5,1,
Edwards County,US.KS.ED,5,0,
Union County,US.NM.UN,5,0,
Lincoln County,US.WV.LI,5,0,
Clay County,US.TX.CY,5,0,
Powell County,US.KY.PO,5,0,
Sherman County,US.NE.SM,5,0,
Woods County,US.OK.WS,5,0,
Nome Census Area,US.AK.NM,5,0,
Plumas County,US.CA.PU,5,0,
Wayne County,US.IA.WY,5,0,
Clearwater County,US.MN.CE,5,0,
Clinton County,US.KY.CO,5,0,
Cloud County,US.KS.CD,5,0,
Osage County,US.MO.OS,5,0,
Morris County,US.KS.MR,5,0,
Wahkiakum County,US.WA.WH,4,0,
Garfield County,US.UT.GA,4,0,
Jim Hogg County,US.TX.JG,4,0,
Garden County,US.NE.GD,4,0,
Kane County,US.UT.KA,4,0,
Ward County,US.TX.WD,4,0,
Fremont County,US.IA.FO,4,0,
De Witt County,US.IL.DW,4,0,
Crosby County,US.TX.CB,4,1,
Karnes County,US.TX.KS,4,0,
Jewell County,US.KS.JW,4,0,
Jefferson County,US.OK.JE,4,0,
Covington city,US.VA.CV,4,0,
Jack County,US.TX.JK,4,0,
Wallowa County,US.OR.WW,4,0,
Cottle County,US.TX.OT,4,1,
Deer Lodge County,US.MT.DE,4,0,
Trimble County,US.KY.TM,4,0,
Emmons County,US.ND.EM,4,1,
Hardeman County,US.TX.RD,4,0,
Coke County,US.TX.OK,4,0,
Douglas County,US.SD.DO,4,0,
Chautauqua County,US.KS.CQ,4,0,
Haskell County,US.TX.HK,4,0,
Edmunds County,US.SD.ED,4,0,
Fremont County,US.ID.FE,4,0,
Dewey County,US.OK.DW,4,0,
Northwest Arctic Borough,US.AK.NW,4,0,
Sargent County,US.ND.SG,4,0,
Menominee County,US.WI.MN,4,0,
Bell County,US.KY.BL,4,0,
Quay County,US.NM.QU,4,1,
La Salle County,US.TX.LS,4,0,
Nolan County,US.TX.NO,4,0,
Lawrence County,US.IL.LW,4,0,
Petersburg Census Area,US.AK.PB,4,1,
Pickett County,US.TN.PI,4,0,
Letcher County,US.KY.LT,4,0,
Wirt County,US.WV.WI,4,0,
Broadwater County,US.MT.BR,4,0,
Bethel Census Area,US.AK.BE,4,0,
Martin County,US.TX.MT,4,1,
Bristol city,US.VA.BI,4,0,
Magoffin County,US.KY.MF,4,0,
Breathitt County,US.KY.BT,4,0,
Sioux County,US.ND.SI,4,0,
Pleasants County,US.WV.PL,4,0,
Sierra County,US.NM.SI,4,0,
Winkler County,US.TX.WI,4,0,
Bottineau County,US.ND.BT,4,0,
Schoolcraft County,US.MI.SR,4,0,
Llano County,US.TX.LL,4,0,
Oldham County,US.TX.OL,4,1,
Republic County,US.KS.RP,4,0,
Knott County,US.KY.KT,4,0,
Lane County,US.KS.LE,4,0,
Nemaha County,US.NE.NE,4,0,
Ness County,US.KS.NS,4,0,
Oregon County,US.MO.OR,4,0,
Worth County,US.IA.WT,4,0,
Worth County,US.MO.WO,4,0,
Rice County,US.KS.RC,4,0,
Nance County,US.NE.NA,4,0,
Ottawa County,US.KS.OT,4,0,
Richland County,US.IL.RI,4,0,
Nicholas County,US.KY.NI,4,0,
Mitchell County,US.KS.MC,4,0,
Mineral County,US.NV.MI,4,0,
Owen County,US.KY.OE,4,0,
Coleman County,US.TX.CM,3,0,
Hanson County,US.SD.HS,3,0,
Miner County,US.SD.ME,3,0,
Norton County,US.KS.NT,3,0,
Madison County,US.MO.MD,3,0,
Martin County,US.KY.MI,3,0,
Essex County,US.VT.ES,3,0,
Luce County,US.MI.LU,3,0,
Newton County,US.AR.NW,3,0,
Marshall County,US.SD.MS,3,0,
Tyler County,US.WV.TY,3,0,
Ashland County,US.WI.AS,3,0,
Bayfield County,US.WI.BY,3,1,
McCulloch County,US.TX.MC,3,0,
Pierce County,US.ND.PI,3,0,
Greeley County,US.NE.GE,3,0,
Atchison County,US.MO.AT,3,0,
McPherson County,US.SD.MP,3,0,
Bent County,US.CO.BE,3,0,
Valley County,US.ID.VA,3,0,
Benson County,US.ND.BE,3,0,
Monroe County,US.MO.MR,3,0,
Golden Valley County,US.MT.GO,3,0,
Pawnee County,US.KS.PN,3,0,
Pend Oreille County,US.WA.PE,3,0,
Sullivan County,US.PA.SL,3,0,
Washburn County,US.WI.WR,3,0,
Red Lake County,US.MN.RD,3,0,
Huerfano County,US.CO.HU,3,0,
Hughes County,US.OK.HU,3,0,
Hyde County,US.NC.HE,3,0,
Hyde County,US.SD.HY,3,0,
Idaho County,US.ID.ID,3,0,
Chase County,US.KS.CS,3,0,
Iron County,US.MI.IR,3,0,
Stark County,US.IL.SA,3,0,
Lac Qui Parle County,US.MN.LC,3,0,
Renville County,US.ND.RE,3,0,
Southeast Fairbanks Census Area,US.AK.SO,3,0,
White Pine County,US.NV.WH,3,0,
Jefferson County,US.MT.JE,3,0,
Stillwater County,US.MT.ST,3,0,
Kiowa County,US.KS.KW,3,0,
White County,US.IL.WE,3,0,
Kingsbury County,US.SD.KI,3,0,
Richland County,US.MT.RI,3,0,
Dickey County,US.ND.DC,3,0,
Sublette County,US.WY.SU,3,0,
Howard County,US.MO.HR,3,0,
Douglas County,US.MO.DO,3,0,
Chippewa County,US.MI.CP,3,0,
Hinsdale County,US.CO.HI,3,0,
Box Butte County,US.NE.BX,3,0,
Braxton County,US.WV.BX,3,0,
Dallas County,US.AR.DA,3,0,
Archer County,US.TX.AC,3,0,
Skamania County,US.WA.SM,3,0,
Slope County,US.ND.SL,3,0,
Smith County,US.KS.SM,3,0,
Highland County,US.VA.HA,3,0,
Lincoln County,US.CO.LI,3,0,
Ellsworth County,US.KS.EW,3,0,
Piute County,US.UT.PT,2,0,
Custer County,US.CO.CU,2,0,
Gallatin County,US.IL.GA,2,0,
Dewey County,US.SD.DW,2,0,
Armstrong County,US.TX.AM,2,0,
Dickens County,US.TX.DC,2,0,
Roberts County,US.TX.RS,2,0,
Elliott County,US.KY.EL,2,0,
Norton city,US.VA.NC,2,0,
Fisher County,US.TX.FH,2,1,
Pondera County,US.MT.PN,2,0,
Reynolds County,US.MO.RE,2,0,
Price County,US.WI.PC,2,0,
Florence County,US.WI.FL,2,0,
Alpine County,US.CA.AP,2,0,
Edwards County,US.IL.EW,2,0,
Delta County,US.TX.DT,2,0,
Osborne County,US.KS.OB,2,0,
Pike County,US.IL.PK,2,0,
Prince of Wales-Hyder Census Area,US.AK.PH,2,0,
Franklin County,US.FL.FR,2,0,
Custer County,US.SD.CU,2,0,
Presidio County,US.TX.PS,2,0,
Reagan County,US.TX.RG,2,0,
Ritchie County,US.WV.RI,2,0,
Phillips County,US.KS.PL,2,0,
Owsley County,US.KY.OS,2,0,
St. Clair County,US.MO.SC,2,0,
Runnels County,US.TX.RN,2,0,
Custer County,US.ID.CU,2,0,
Pratt County,US.KS.PR,2,0,
Edgar County,US.IL.EG,2,0,
Ziebach County,US.SD.ZI,2,0,
Green County,US.KY.GN,2,0,
Clay County,US.IL.CY,2,0,
Kodiak Island Borough,US.AK.KO,2,0,
Comanche County,US.KS.CM,2,0,
Somervell County,US.TX.SV,2,0,
McHenry County,US.ND.MH,2,1,
Burnett County,US.WI.BN,2,1,
Washita County,US.OK.WT,2,0,
Hall County,US.TX.HA,2,1,
Hamilton County,US.IL.HM,2,0,
Marion County,US.AR.MN,2,0,
Maries County,US.MO.MS,2,0,
Iron County,US.WI.IR,2,1,
Iron County,US.MO.IR,2,0,
Sheridan County,US.KS.SD,2,0,
Harper County,US.KS.HP,2,0,
Niobrara County,US.WY.NI,2,0,
Taliaferro County,US.GA.TA,2,0,
Lincoln County,US.WA.LI,2,0,
Knox County,US.MO.KN,2,0,
Lincoln County,US.NV.LI,2,0,
Grant County,US.OK.GN,2,0,
Grant County,US.ND.GT,2,0,
Gasconade County,US.MO.GA,2,0,
Wrangell City and Borough,US.AK.WG,2,0,
Lemhi County,US.ID.LM,2,0,
Kidder County,US.ND.KI,2,0,
Montgomery County,US.AR.MT,2,0,
Glasscock County,US.TX.GC,2,0,
San Saba County,US.TX.SS,2,0,
Mitchell County,US.TX.MH,2,0,
Mineral County,US.CO.MI,2,0,
Cheyenne County,US.KS.CN,2,0,
Cameron County,US.PA.CE,2,0,
Brooks County,US.TX.BK,2,0,
Keith County,US.NE.KT,2,0,
Catron County,US.NM.CA,2,1,
Trinity County,US.CA.TR,2,0,
Calhoun County,US.WV.CH,2,0,
Alfalfa County,US.OK.AL,1,0,
Deuel County,US.SD.DU,1,0,
Yukon-Koyukuk Census Area,US.AK.YU,1,0,
Washington County,US.ME.WS,1,0,
Dawes County,US.NE.DS,1,0,
Calhoun County,US.IL.CH,1,0,
Camas County,US.ID.CM,1,0,
Dent County,US.MO.DN,1,0,
Wheatland County,US.MT.WH,1,0,
Weston County,US.WY.WE,1,0,
Chase County,US.NE.CE,1,0,
Wilson County,US.KS.WL,1,0,
Alger County,US.MI.AG,1,0,
Concho County,US.TX.ON,1,0,
Baylor County,US.TX.BR,1,0,
Barber County,US.KS.AB,1,0,
Beaver County,US.UT.BV,1,0,
Beaverhead County,US.MT.BE,1,0,
Baraga County,US.MI.BA,1,0,
Banner County,US.NE.BA,1,0,
Washington County,US.KS.WS,1,0,
Baker County,US.OR.BA,1,0,
Cook County,US.MN.CO,1,0,
Wolfe County,US.KY.WL,1,0,
Cherry County,US.NE.CH,1,0,
Columbia County,US.WA.CM,1,0,
Cochran County,US.TX.CC,1,0,
Dade County,US.MO.DD,1,0,
Bowman County,US.ND.BW,1,0,
Boyd County,US.NE.BY,1,0,
Clark County,US.MO.CK,1,0,
Anderson County,US.KS.AN,1,0,
Cimarron County,US.OK.CO,1,0,
Briscoe County,US.TX.BO,1,0,
Bennett County,US.SD.BN,1,0,
Rich County,US.UT.RH,1,0,
Kinney County,US.TX.KN,1,0,
Thayer County,US.NE.TA,1,0,
Holt County,US.NE.HT,1,0,
Holt County,US.MO.HL,1,0,
Hitchcock County,US.NE.HI,1,0,
Hill County,US.MT.HI,1,0,
Mills County,US.TX.MS,1,0,
San Juan County,US.CO.SJ,1,0,
Hemphill County,US.TX.HH,1,0,
Richardson County,US.NE.RI,1,1,
Motley County,US.TX.MY,1,0,
Harper County,US.OK.HP,1,0,
Schuyler County,US.MO.SH,1,0,
Musselshell County,US.MT.MU,1,0,
Thomas County,US.NE.TO,1,0,
Nelson County,US.ND.NE,1,0,
Harney County,US.OR.HA,1,0,
North Slope Borough,US.AK.NH,1,0,
Nuckolls County,US.NE.NU,1,0,
Oliver County,US.ND.OL,1,0,
Harding County,US.NM.HA,1,0,
Hardin County,US.IL.HI,1,0,
Schleicher County,US.TX.SH,1,0,
Irion County,US.TX.IR,1,0,
Haines Borough,US.AK.HA,1,0,
Stevens County,US.MN.SV,1,0,
Lee County,US.KY.LE,1,0,
Stafford County,US.KS.SF,1,0,
Sioux County,US.NE.SI,1,0,
Sierra County,US.CA.SE,1,0,
Lake County,US.MN.LE,1,0,
Steele County,US.ND.SE,1,0,
Sherman County,US.OR.SH,1,0,
Sheridan County,US.ND.SH,1,0,
Knox County,US.TX.KX,1,0,
Kittson County,US.MN.KI,1,0,
Mellette County,US.SD.ML,1,0,
Storey County,US.NV.ST,1,0,
Shelby County,US.MO.SB,1,0,
Shackelford County,US.TX.SC,1,0,
Kimble County,US.TX.KM,1,0,
Keweenaw County,US.MI.KW,1,0,
Sully County,US.SD.SU,1,0,
Summers County,US.WV.SU,1,0,
McIntosh County,US.ND.MI,1,0,
Meagher County,US.MT.ME,1,0,
Hancock County,US.TN.HC,1,0,
Texas County,US.MO.TE,1,0,
Liberty County,US.MT.LB,1,0,
Rio Blanco County,US.CO.RB,1,0,
Rosebud County,US.MT.RS,1,0,
Piscataquis County,US.ME.PI,1,0,
Putnam County,US.IL.PT,1,0,
Foster County,US.ND.FO,1,0,
Frontier County,US.NE.FO,1,0,
Fergus County,US.MT.FE,1,0,
Garfield County,US.NE.GF,1,0,
Griggs County,US.ND.GI,1,0,
Putnam County,US.MO.PN,1,0,
Ferry County,US.WA.FE,1,0,
Glascock County,US.GA.GS,1,0,
Platte County,US.WY.PL,1,0,
Grant County,US.OR.GR,1,0,
Gregory County,US.SD.GE,1,0,
Divide County,US.ND.DV,1,0,
Dimmit County,US.TX.DM,1,0,
Pope County,US.IL.PE,1,0,
Pepin County,US.WI.PE,1,0,
Gove County,US.KS.GO,1,0,
Real County,US.TX.RL,1,0,
Trego County,US.KS.TR,1,0,
Powell County,US.MT.PL,0,0,
Borden County,US.TX.BD,0,0,
Rock County,US.NE.RO,0,0,
Marshall County,US.KS.MS,0,0,
Logan County,US.NE.LG,0,0,
Prairie County,US.MT.PR,0,0,
Loup County,US.NE.LU,0,0,
Loving County,US.TX.LI,0,0,
Allen County,US.KS.AL,0,0,
Aleutians West Census Area,US.AK.AW,0,0,
Logan County,US.ND.LO,0,0,
Robertson County,US.KY.RB,0,0,
Logan County,US.KS.LG,0,0,
Powder River County,US.MT.PD,0,0,
Boundary County,US.ID.BD,0,0,
Sheridan County,US.MT.SH,0,0,
Aleutians East Borough,US.AK.AE,0,0,
Sheridan County,US.NE.SD,0,0,
Shoshone County,US.ID.SH,0,0,
Adams County,US.ND.AD,0,0,
Skagway Municipality,US.AK.SW,0,0,
Rawlins County,US.KS.RA,0,0,
Lincoln County,US.KS.LC,0,0,
Boise County,US.ID.BS,0,0,
Oneida County,US.ID.ON,0,0,
Bland County,US.VA.BL,0,0,
Blaine County,US.NE.BL,0,0,
Ontonagon County,US.MI.ON,0,0,
Ozark County,US.MO.OZ,0,0,
Pawnee County,US.NE.PA,0,0,
Sanders County,US.MT.SA,0,0,
Perkins County,US.NE.PE,0,0,
Perkins County,US.SD.PR,0,0,
Petroleum County,US.MT.PO,0,0,
Bath County,US.VA.BA,0,0,
Bristol Bay Borough,US.AK.BR,0,0,
Mora County,US.NM.MO,0,0,
Bear Lake County,US.ID.BK,0,0,
Yakutat City and Borough,US.AK.YA,0,0,
Phillips County,US.MT.PH,0,0,
Modoc County,US.CA.MC,0,0,
Mineral County,US.MT.MN,0,0,
Russell County,US.KS.RS,0,0,
Rush County,US.KS.RH,0,0,
Arthur County,US.NE.AR,0,0,
Menard County,US.TX.EN,0,0,
Scott County,US.IL.SO,0,0,
McPherson County,US.NE.MC,0,0,
McMullen County,US.TX.MM,0,0,
Roger Mills County,US.OK.RR,0,0,
Sedgwick County,US.CO.SE,0,0,
Billings County,US.ND.BI,0,0,
Blaine County,US.MT.BL,0,0,
Potter County,US.SD.PO,0,0,
McCone County,US.MT.MC,0,0,
Deuel County,US.NE.DL,0,0,
Lewis County,US.ID.LW,0,0,
Culberson County,US.TX.UL,0,0,
Upton County,US.TX.UP,0,0,
Garfield County,US.MT.GF,0,0,
Garfield County,US.WA.GF,0,0,
Gilliam County,US.OR.GI,0,0,
Golden Valley County,US.ND.GO,0,0,
Graham County,US.KS.GH,0,0,
Granite County,US.MT.GN,0,0,
Grant County,US.NE.GA,0,0,
Treasure County,US.MT.TR,0,0,
Greeley County,US.KS.GL,0,0,
Towner County,US.ND.TO,0,0,
Haakon County,US.SD.HA,0,0,
Harding County,US.SD.HR,0,0,
Harlan County,US.NE.HR,0,0,
Harmon County,US.OK.HM,0,0,
Clearwater County,US.ID.CE,0,0,
Throckmorton County,US.TX.TH,0,0,
Foard County,US.TX.FD,0,0,
Valdez-Cordova Census Area,US.AK.VA,0,0,
Wayne County,US.MO.WY,0,0,
Valley County,US.MT.VA,0,0,
Denali Borough,US.AK.DE,0,0,
Dillingham Census Area,US.AK.DI,0,0,
Decatur County,US.KS.DC,0,0,
Doddridge County,US.WV.DO,0,0,
Wallace County,US.KS.WA,0,0,
De Baca County,US.NM.DE,0,0,
Dawson County,US.MT.DW,0,0,
Dolores County,US.CO.DO,0,0,
Dundy County,US.NE.DY,0,0,
Daniels County,US.MT.DN,0,0,
Edwards County,US.TX.ED,0,0,
Elk County,US.KS.EK,0,0,
Ellis County,US.OK.EL,0,0,
Daggett County,US.UT.DG,0,0,
Esmeralda County,US.NV.ES,0,0,
Eureka County,US.NV.EU,0,0,
Fallon County,US.MT.FA,0,0,
Thomas County,US.KS.TH,0,0,
Teton County,US.MT.TE,0,0,
Lake of the Woods County,US.MN.LO,0,0,
Kent County,US.TX.KT,0,0,
King County,US.TX.KG,0,0,
Campbell County,US.SD.CP,0,0,
Wheeler County,US.NE.WH,0,0,
Wheeler County,US.OR.WE,0,0,
Kingman County,US.KS.KM,0,0,
Stonewall County,US.TX.SA,0,0,
Dickenson County,US.VA.DC,0,0,
Kiowa County,US.CO.KO,0,0,
Calhoun County,US.AR.CA,0,0,
Butte County,US.SD.BT,0,0,
Butte County,US.ID.BT,0,0,
Sterling County,US.TX.SI,0,0,
Wibaux County,US.MT.WI,0,0,
Wichita County,US.KS.WH,0,0,
Kusilvak Census Area,US.AK.WA,0,0,
Lake and Peninsula Borough,US.AK.LA,0,0,
Brown County,US.NE.BW,0,0,
Keya Paha County,US.NE.KY,0,0,
Kenedy County,US.TX.KE,0,0,
Terrell County,US.TX.TL,0,0,
Kalawao County,US.HI.KL,0,0,
Clark County,US.ID.CA,0,0,
Chouteau County,US.MT.CH,0,0,
Wayne County,US.UT.WE,0,0,
Hettinger County,US.ND.HE,0,0,
Hickory County,US.MO.HC,0,0,
Hooker County,US.NE.HO,0,0,
Hoonah-Angoon Census Area,US.AK.HH,0,0,
Sweet Grass County,US.MT.SW,0,0,
Issaquena County,US.MS.IS,0,0,
Sutton County,US.TX.ST,0,0,
Webster County,US.WV.WB,0,0,
Jackson County,US.CO.JA,0,0,
Cavalier County,US.ND.CV,0,0,
Jeff Davis County,US.TX.JF,0,0,
Jones County,US.SD.JO,0,0,
Judith Basin County,US.MT.JU,0,0,
Carter County,US.MT.CT,0,0,
Hayes County,US.NE.HY,0,0,
