County,hasc,confirmed,death,recovered
Cook County,US.IL.CO,86551,4363,
Los Angeles County,US.CA.LO,79609,3063,
Queens County,US.NY.QU,64380,6487,
Kings County,US.NY.KI,58634,6977,
Bronx County,US.NY.BN,46915,4628,
Nassau County,US.NY.NA,41387,2175,
Suffolk County,US.NY.SF,40864,1962,
Westchester County,US.NY.WE,34455,1410,
New York County,US.NY.NE,27824,3045,
Maricopa County,US.AZ.MA,25999,615,
Miami-Dade County,US.FL.DA,24376,864,
Middlesex County,US.MA.MI,23464,1791,
Wayne County,US.MI.WY,21995,2681,
Philadelphia County,US.PA.PH,20404,1550,
Suffolk County,US.MA.SU,19493,971,
Bergen County,US.NJ.BE,18967,1691,
Hudson County,US.NJ.HD,18761,1261,
Harris County,US.TX.RR,18552,305,
Essex County,US.NJ.ES,18533,1758,
Prince George's County,US.MD.PR,17709,653,
Passaic County,US.NJ.PA,16725,1013,
Middlesex County,US.NJ.MI,16563,1097,
Fairfield County,US.CT.FA,16425,1355,
Union County,US.NJ.UN,16291,1131,
Essex County,US.MA.ES,15778,1065,
Dallas County,US.TX.DS,15648,307,
Montgomery County,US.MD.MO,13928,710,
Richmond County,US.NY.RI,13917,1031,
Rockland County,US.NY.RO,13486,506,
Fairfax County,US.VA.FX,13244,432,
Riverside County,US.CA.RI,12778,410,
Providence County,US.RI.PR,12363,467,
New Haven County,US.CT.NH,12136,1056,
Worcester County,US.MA.WO,12085,893,
Oakland County,US.MI.OD,11485,1071,
Hartford County,US.CT.HA,11358,1341,
Marion County,US.IN.MO,10885,665,
Orange County,US.NY.OE,10620,397,
Hennepin County,US.MN.HE,10607,740,
Broward County,US.FL.BO,10448,367,
San Diego County,US.CA.SD,10350,332,
Palm Beach County,US.FL.PL,10116,464,
Milwaukee County,US.WI.MU,10049,362,
Washington,US.DC.DI,9952,530,
Clark County,US.NV.CL,9852,390,
Orange County,US.CA.OR,9576,257,
Ocean County,US.NJ.OC,9382,842,
Lake County,US.IL.LK,9242,395,
King County,US.WA.KN,9061,600,
Norfolk County,US.MA.NO,8962,907,
Monmouth County,US.NJ.MN,8876,694,
San Bernardino County,US.CA.SA,8714,230,
DuPage County,US.IL.DU,8609,444,
Plymouth County,US.MA.PL,8566,640,
Jefferson Parish,US.LA.JF,8542,474,
Salt Lake County,US.UT.SL,8363,102,
Mecklenburg County,US.NC.MB,8166,131,
Tarrant County,US.TX.TN,8099,205,
Montgomery County,US.PA.MG,8046,780,
Bristol County,US.MA.BR,8002,537,
Shelby County,US.TN.SY,7623,160,
Franklin County,US.OH.FR,7590,348,
Davidson County,US.TN.DA,7502,93,
Mercer County,US.NJ.ME,7463,525,
Orleans Parish,US.LA.OR,7448,526,
Baltimore County,US.MD.BC,7403,442,
Kane County,US.IL.KE,7274,245,
Macomb County,US.MI.MB,7123,897,
Camden County,US.NJ.CM,7088,415,
Delaware County,US.PA.DE,7003,634,
Erie County,US.NY.ER,6955,561,
Baltimore City,US.MD.BA,6938,310,
Prince William County,US.VA.PW,6756,131,
Morris County,US.NJ.MR,6679,639,
Denver County,US.CO.DN,6565,366,
Hampden County,US.MA.HD,6556,647,
Will County,US.IL.WL,6284,309,
Douglas County,US.NE.DG,6169,77,
Gwinnett County,US.GA.GW,6032,161,
Yakima County,US.WA.YA,5915,131,
Bexar County,US.TX.BX,5550,92,
St. Louis County,US.MO.SL,5520,543,
Bucks County,US.PA.BC,5510,551,
Cuyahoga County,US.OH.CU,5481,334,
Fulton County,US.GA.FU,5435,304,
Polk County,US.IA.PK,5344,165,
Pima County,US.AZ.PM,5019,240,
Travis County,US.TX.TV,4991,108,
Hillsborough County,US.FL.HL,4982,109,
Burlington County,US.NJ.BU,4981,370,
Arapahoe County,US.CO.AA,4905,339,
Anne Arundel County,US.MD.AN,4862,198,
Somerset County,US.NJ.SO,4796,438,
Imperial County,US.CA.IM,4744,64,
Alameda County,US.CA.AA,4702,118,
DeKalb County,US.GA.DA,4656,165,
Kent County,US.MI.KN,4551,122,
New Castle County,US.DE.NE,4522,196,
Sussex County,US.DE.SU,4470,153,
Berks County,US.PA.BK,4374,343,
Lake County,US.IN.LK,4326,233,
Orange County,US.FL.OR,4274,48,
East Baton Rouge Parish,US.LA.EB,4218,262,
Ramsey County,US.MN.RA,4180,207,
El Paso County,US.TX.EP,4178,119,
Dutchess County,US.NY.DU,4110,150,
Lehigh County,US.PA.LH,4024,277,
Lancaster County,US.PA.LN,3911,344,
Yuma County,US.AZ.YU,3857,52,
Adams County,US.CO.AD,3852,150,
Cobb County,US.GA.CB,3834,229,
Kern County,US.CA.KE,3706,58,
Hamilton County,US.OH.HM,3634,184,
Wake County,US.NC.WK,3529,43,
Jefferson County,US.KY.JF,3528,183,
Minnehaha County,US.SD.MN,3526,54,
Loudoun County,US.VA.LD,3504,82,
Lee County,US.FL.LE,3475,139,
Monroe County,US.NY.MR,3461,233,
Chester County,US.PA.CH,3437,313,
Greenville County,US.SC.GV,3413,73,
Santa Clara County,US.CA.SL,3398,152,
Northampton County,US.PA.NA,3284,250,
Snohomish County,US.WA.SN,3208,162,
Fresno County,US.CA.FR,3187,66,
Pinellas County,US.FL.PI,3153,113,
Montgomery County,US.AL.MT,3149,77,
Hillsborough County,US.NH.HI,3087,219,
San Francisco County,US.CA.SF,3057,47,
Woodbury County,US.IA.WO,3052,42,
Tulare County,US.CA.TL,3046,111,
McKinley County,US.NM.MC,3009,157,
Collier County,US.FL.CL,2992,61,
Durham County,US.NC.DH,2983,60,
Utah County,US.UT.UT,2957,19,
Navajo County,US.AZ.NA,2928,95,
Mobile County,US.AL.MB,2921,132,
Hall County,US.GA.HL,2919,58,
Luzerne County,US.PA.LU,2850,170,
Jackson County (including other portions of Kansas City),US.MO.JC,2848,52,
Jefferson County,US.AL.JE,2835,124,
Caddo Parish,US.LA.CO,2831,219,
Potter County,US.TX.PT,2819,39,
Winnebago County,US.IL.WN,2810,82,
Cumberland County,US.NJ.CU,2767,119,
Fort Bend County,US.TX.FR,2726,50,
San Mateo County,US.CA.SM,2721,103,
Marion County,US.OH.MR,2715,34,
Weld County,US.CO.WE,2705,136,
Onondaga County,US.NY.OG,2634,158,
Atlantic County,US.NJ.AT,2619,188,
Genesee County,US.MI.GE,2619,283,
Brown County,US.WI.BW,2538,39,
Richland County,US.SC.RI,2531,74,
Jefferson County,US.CO.JE,2522,203,
Duval County,US.FL.DU,2484,60,
Lucas County,US.OH.LU,2478,293,
Elkhart County,US.IN.EL,2477,38,
Forsyth County,US.NC.FO,2463,27,
Chesterfield County,US.VA.CD,2456,46,
Gloucester County,US.NJ.GL,2451,169,
Arlington County,US.VA.AR,2396,126,
Howard County,US.MD.HO,2382,79,
Henrico County,US.VA.HC,2368,138,
Frederick County,US.MD.FR,2361,116,
Allen County,US.IN.AL,2331,91,
Santa Barbara County,US.CA.SB,2319,22,
Guilford County,US.NC.GU,2281,105,
Pierce County,US.WA.PI,2230,89,
Washington County,US.AR.WA,2222,17,
Alexandria City,US.VA.AX,2198,48,
San Juan County,US.NM.SJ,2165,154,
Contra Costa County,US.CA.CN,2148,56,
Allegheny County,US.PA.AL,2139,178,
Pickaway County,US.OH.PC,2135,40,
Pinal County,US.AZ.PN,2130,49,
Stearns County,US.MN.SR,2126,19,
Washoe County,US.NV.WA,2106,72,
Cass County,US.ND.CS,2104,64,
Apache County,US.AZ.AP,2103,63,
City of St. Louis,US.MO.SY,2102,148,
Tulsa County,US.OK.TU,2070,65,
Racine County,US.WI.RA,2066,57,
El Paso County,US.CO.EL,2063,116,
Kings County,US.CA.KI,2057,12,
Albany County,US.NY.AB,2049,108,
Collin County,US.TX.CI,2026,38,
Hamilton County,US.TN.HL,2000,24,
Rutherford County,US.TN.RU,1990,32,
Denton County,US.TX.DN,1980,36,
Sacramento County,US.CA.SC,1976,67,
St. Tammany Parish,US.LA.ST,1966,170,
Oklahoma County,US.OK.OL,1946,65,
Richmond City,US.VA.RC,1929,29,
San Joaquin County,US.CA.SJ,1926,48,
Ford County,US.KS.FO,1916,10,
McHenry County,US.IL.MY,1891,89,
Walker County,US.TX.WK,1890,28,
Ouachita Parish,US.LA.OU,1881,66,
Wyandotte County,US.KS.WY,1872,77,
Black Hawk County,US.IA.BL,1868,56,
Polk County,US.FL.PO,1856,77,
Dakota County,US.MN.DA,1847,81,
Dougherty County,US.GA.DH,1843,151,
Benton County,US.AR.BE,1841,11,
Anoka County,US.MN.AN,1836,96,
Bernalillo County,US.NM.BE,1777,82,
Ventura County,US.CA.VE,1753,42,
Ulster County,US.NY.UL,1749,81,
Dakota County,US.NE.DK,1737,29,
Summit County,US.OH.SU,1735,199,
Dauphin County,US.PA.DA,1725,118,
Multnomah County,US.OR.MU,1714,68,
Horry County,US.SC.HO,1697,39,
Manatee County,US.FL.MN,1649,124,
Buena Vista County,US.IA.BV,1635,10,
Mahoning County,US.OH.MH,1632,223,
St. Joseph County,US.IN.SN,1628,53,
Nobles County,US.MN.NB,1628,6,
Lackawanna County,US.PA.LC,1617,200,
Cass County,US.IN.CS,1613,9,
Brazoria County,US.TX.BI,1609,18,
Washtenaw County,US.MI.WS,1604,103,
Kent County,US.DE.KE,1602,84,
Wayne County,US.NC.WY,1587,21,
Lancaster County,US.NE.LA,1586,10,
Hall County,US.NE.HL,1571,45,
Clayton County,US.GA.CN,1564,76,
St. Clair County,US.IL.SI,1561,123,
Charleston County,US.SC.CS,1554,19,
Finney County,US.KS.FI,1546,10,
Tuscaloosa County,US.AL.TU,1541,29,
Galveston County,US.TX.GV,1535,40,
Cumberland County,US.ME.CU,1516,58,
Barnstable County,US.MA.BA,1508,136,
Montgomery County,US.TX.MG,1484,33,
Stanislaus County,US.CA.ST,1473,35,
Coconino County,US.AZ.CO,1470,90,
Trousdale County,US.TN.TR,1464,5,
Hays County,US.TX.HY,1448,5,
Litchfield County,US.CT.LI,1448,135,
Hidalgo County,US.TX.HG,1447,20,
Pulaski County,US.AR.PU,1445,48,
Sullivan County,US.NY.SL,1434,35,
Rockingham County,US.NH.RO,1427,82,
Martin County,US.FL.MT,1421,19,
Kenosha County,US.WI.KN,1400,37,
Hinds County,US.MS.HI,1390,29,
Lexington County,US.SC.LX,1377,42,
Cameron County,US.TX.CA,1371,48,
Monroe County,US.PA.MR,1366,106,
Hamilton County,US.IN.HM,1359,96,
Oneida County,US.NY.OD,1357,87,
Jefferson County,US.TX.JE,1356,32,
Manassas City,US.VA.MS,1352,16,
Warren County,US.KY.WR,1323,10,
Benton County,US.WA.BE,1313,75,
Lafayette Parish,US.LA.LY,1310,32,
Putnam County,US.NY.PU,1299,62,
Hendricks County,US.IN.HD,1296,94,
Charles County,US.MD.CH,1294,86,
Santa Cruz County,US.AZ.SA,1293,14,
Rapides Parish,US.LA.RA,1290,48,
Duplin County,US.NC.DP,1279,20,
Marion County,US.OR.MR,1264,34,
Middlesex County,US.CT.MI,1254,172,
Johnson County,US.KS.JO,1229,73,
York County,US.PA.YO,1229,35,
Lebanon County,US.PA.LB,1226,40,
Boulder County,US.CO.BO,1211,71,
Warren County,US.NJ.WA,1209,141,
Cache County,US.UT.CA,1205,1,
New London County,US.CT.NL,1203,101,
Niagara County,US.NY.NI,1185,84,
Johnson County,US.IN.JO,1185,116,
Saginaw County,US.MI.SG,1182,120,
Sussex County,US.NJ.SU,1176,151,
Montgomery County,US.OH.MT,1174,19,
Butler County,US.OH.BU,1166,37,
Monterey County,US.CA.MT,1156,12,
Sumner County,US.TN.SN,1155,49,
Muscogee County,US.GA.MG,1146,34,
Spartanburg County,US.SC.SP,1146,38,
Lubbock County,US.TX.LU,1136,51,
Fayette County,US.KY.FA,1135,18,
St. Lucie County,US.FL.SL,1131,40,
Kankakee County,US.IL.KK,1130,61,
Kent County,US.RI.KE,1128,67,
Escambia County,US.FL.ES,1127,41,
Leavenworth County,US.KS.LV,1122,7,
Volusia County,US.FL.VO,1117,53,
Williamson County,US.TX.WM,1114,32,
Franklin County,US.WA.FR,1113,29,
Seminole County,US.FL.SE,1101,14,
Ada County,US.ID.AA,1100,22,
Brazos County,US.TX.BZ,1095,25,
Cherokee County,US.GA.CE,1085,39,
Tangipahoa Parish,US.LA.TA,1078,42,
Linn County,US.IA.LI,1057,80,
Dallas County,US.IA.DL,1054,28,
Hunterdon County,US.NJ.HN,1050,67,
Harford County,US.MD.HA,1041,61,
Robeson County,US.NC.RB,1040,24,
Marshall County,US.AL.MS,1038,9,
Wicomico County,US.MD.WI,1036,37,
Dane County,US.WI.DA,1034,32,
Carroll County,US.MD.CR,1028,108,
Lincoln County,US.AR.LC,1023,11,
Accomack County,US.VA.AC,1022,14,
Randolph County,US.NC.RA,1013,23,
Anderson County,US.TX.AE,1007,2,
Lafourche Parish,US.LA.LO,998,83,
Washington County,US.OR.WI,992,20,
Johnston County,US.NC.JH,991,26,
Kalamazoo County,US.MI.KA,984,64,
Sarpy County,US.NE.SY,982,8,
Rowan County,US.NC.RW,978,38,
Texas County,US.OK.TE,977,6,
Waukesha County,US.WI.WK,972,38,
Cumberland County,US.NC.CU,965,30,
Marshall County,US.IA.MS,962,18,
Ascension Parish,US.LA.AE,961,58,
Osceola County,US.FL.OS,960,23,
Columbiana County,US.OH.CL,954,58,
Ottawa County,US.MI.OT,951,51,
Virginia Beach City,US.VA.VI,950,27,
St. Charles County,US.MO.SA,943,69,
Hampshire County,US.MA.HS,941,106,
Troup County,US.GA.TP,937,26,
Seward County,US.KS.SW,935,2,
Henry County,US.GA.HY,929,31,
Madison County,US.MS.MD,922,31,
Stafford County,US.VA.SF,921,5,
Neshoba County,US.MS.NS,921,56,
Stark County,US.OH.ST,918,105,
St. John the Baptist Parish,US.LA.SO,917,85,
Jones County,US.MS.JO,910,44,
Kendall County,US.IL.KA,903,20,
Spokane County,US.WA.SP,902,37,
Tolland County,US.CT.TO,893,64,
Alamance County,US.NC.AA,883,35,
Burke County,US.NC.BK,882,17,
Florence County,US.SC.FL,878,44,
Moore County,US.TX.MO,877,14,
Harrisonburg City,US.VA.HS,874,23,
Spotsylvania County,US.VA.SP,874,19,
Franklin County,US.PA.FR,872,42,
Sarasota County,US.FL.SR,868,92,
Solano County,US.CA.SN,860,23,
Lowndes County,US.GA.LW,856,4,
Webb County,US.TX.WB,854,22,
Union County,US.NC.UN,852,23,
Chatham County,US.NC.CH,848,39,
Berrien County,US.MI.BN,848,60,
Dawson County,US.NE.DN,848,8,
Olmsted County,US.MN.OL,846,14,
Sedgwick County,US.KS.SG,846,25,
Washington County,US.MN.WH,843,37,
Marin County,US.CA.MN,837,18,
Sampson County,US.NC.SP,835,4,
Calcasieu Parish,US.LA.CC,831,52,
Douglas County,US.CO.DU,831,51,
Ingham County,US.MI.IH,831,29,
Lee County,US.AL.LE,827,35,
Terrebonne Parish,US.LA.TR,826,59,
Lorain County,US.OH.LR,825,65,
Sonoma County,US.CA.SO,822,4,
Lauderdale County,US.MS.LU,818,75,
Cabarrus County,US.NC.CR,805,25,
Buchanan County,US.MO.BC,802,3,
Culpeper County,US.VA.CP,792,9,
DeSoto County,US.MS.DE,790,14,
Madison County,US.IL.MD,785,66,
St. Francis County,US.AR.SI,783,3,
Rock County,US.WI.RO,777,23,
Davis County,US.UT.DA,775,4,
Franklin County,US.AL.FR,773,10,
Randall County,US.TX.RA,771,6,
Rock Island County,US.IL.RO,769,28,
Bell County,US.TX.BL,769,9,
Muskegon County,US.MI.MG,768,46,
Cumberland County,US.PA.CU,768,61,
Williamson County,US.TN.WL,767,12,
Champaign County,US.IL.CM,765,11,
Beaufort County,US.SC.BA,760,15,
Shelby County,US.AL.SH,759,21,
Chatham County,US.GA.CM,758,32,
Mower County,US.MN.MW,755,2,
Brevard County,US.FL.BE,748,16,
Schenectady County,US.NY.SN,746,32,
Salem County,US.NJ.SA,745,64,
York County,US.SC.YO,740,11,
Rice County,US.MN.RI,740,4,
Richmond County,US.GA.RI,739,42,
Sumter County,US.SC.SU,736,20,
Whitfield County,US.GA.WF,726,10,
Davidson County,US.NC.DD,725,15,
Colquitt County,US.GA.CQ,725,17,
Hendry County,US.FL.HR,724,22,
Morgan County,US.AL.MG,717,2,
Granville County,US.NC.GN,713,17,
Kenton County,US.KY.KE,709,36,
Chesapeake City,US.VA.CS,709,16,
Douglas County,US.GA.DL,709,35,
Norfolk City,US.VA.NF,707,7,
Johnson County,US.IA.JH,707,8,
Schuylkill County,US.PA.SC,703,43,
Robertson County,US.TN.RB,703,9,
Forrest County,US.MS.FO,697,41,
Scott County,US.MS.SC,696,12,
Trumbull County,US.OH.TR,693,55,
Doña Ana County,US.NM.DO,692,6,
Lake County,US.TN.LK,689,0,
Washington County,US.UT.WN,689,3,
Pasco County,US.FL.PS,686,16,
Mohave County,US.AZ.MO,686,72,
St. Charles Parish,US.LA.SC,685,46,
Cape May County,US.NJ.CP,681,62,
Wapello County,US.IA.WP,681,26,
Walker County,US.AL.WK,674,8,
Madison County,US.AL.MD,671,6,
Gaston County,US.NC.GS,671,9,
Larimer County,US.CO.LR,668,29,
Broome County,US.NY.BO,663,56,
Iberville Parish,US.LA.IV,662,43,
Sandoval County,US.NM.SD,662,28,
Colfax County,US.NE.CO,655,4,
Platte County,US.NE.PL,652,2,
Dodge County,US.NE.DE,652,6,
Morgan County,US.CO.MN,649,46,
Lake County,US.FL.LK,646,19,
Elmore County,US.AL.EL,646,11,
Rockingham County,US.VA.RG,646,7,
Titus County,US.TX.TU,645,4,
Putnam County,US.TN.PU,643,7,
Bossier Parish,US.LA.BO,643,28,
Jefferson County,US.AR.JE,640,28,
Eagle County,US.CO.EA,639,8,
Acadia Parish,US.LA.AD,639,32,
Forsyth County,US.GA.FO,639,14,
Livingston Parish,US.LA.LV,638,34,
Logan County,US.CO.LO,635,5,
Crawford County,US.IA.CW,635,2,
Clark County,US.WA.CR,635,29,
Habersham County,US.GA.HB,634,34,
Lee County,US.NC.LE,634,7,
Alachua County,US.FL.AL,633,11,
Carroll County,US.GA.CL,621,39,
Cleveland County,US.OK.CV,620,40,
Beaver County,US.PA.BA,619,77,
Madison County,US.IN.MD,618,63,
Weber County,US.UT.WB,616,9,
Bledsoe County,US.TN.BE,614,1,
Porter County,US.IN.PR,611,36,
Jones County,US.TX.JN,610,0,
Knox County,US.TN.KN,609,5,
Clark County,US.OH.CK,606,8,
Washington County,US.MD.WA,601,25,
St. Mary's County,US.MD.SA,599,44,
St. Bernard Parish,US.LA.SE,598,23,
Dallas County,US.AL.DL,596,6,
Bibb County,US.GA.BI,592,37,
Clark County,US.IN.CK,586,43,
Bartow County,US.GA.BT,585,39,
Berkshire County,US.MA.BE,585,44,
Wilson County,US.TN.WO,580,14,
Chittenden County,US.VT.CH,579,39,
Winnebago County,US.WI.WA,579,10,
Muscatine County,US.IA.MU,578,43,
Pottawattamie County,US.IA.PT,577,11,
Monroe County,US.MI.MO,575,21,
Crittenden County,US.AR.CD,573,10,
Charlotte County,US.FL.CH,570,75,
Washington Parish,US.LA.WO,570,43,
Lee County,US.AR.LE,570,1,
Butler County,US.AL.BT,569,26,
Windham County,US.CT.WI,567,14,
Bartholomew County,US.IN.BA,566,43,
Merced County,US.CA.MD,564,8,
Rankin County,US.MS.RA,563,10,
Boone County,US.KY.BO,561,23,
Clackamas County,US.OR.CC,561,22,
Warren County,US.OH.WR,559,20,
Wilson County,US.NC.WO,556,15,
Scott County,US.MN.SC,555,4,
Wilkes County,US.NC.WE,554,6,
Kandiyohi County,US.MN.KD,554,1,
Buckingham County,US.VA.BK,552,3,
Boone County,US.IL.BO,551,19,
Honolulu County,US.HI.HO,551,11,
Tipton County,US.TN.TI,551,4,
Sevier County,US.AR.SV,550,5,
Coweta County,US.GA.CA,544,14,
Shenandoah County,US.VA.SN,534,27,
Livingston County,US.MI.LI,534,28,
Sumter County,US.GA.SU,532,49,
Saratoga County,US.NY.SR,528,15,
Pitt County,US.NC.PI,528,3,
Saline County,US.NE.SL,525,2,
St. Clair County,US.MI.SA,524,48,
Iredell County,US.NC.IR,523,6,
Clay County,US.MN.CA,521,37,
Rensselaer County,US.NY.RE,519,30,
Catawba County,US.NC.CB,519,10,
Blaine County,US.ID.BL,518,5,
Washington County,US.RI.WA,516,50,
Erie County,US.PA.ER,515,9,
Berkeley County,US.SC.BK,515,20,
Tallapoosa County,US.AL.TP,513,69,
DeKalb County,US.IL.DK,513,18,
Tift County,US.GA.TI,511,25,
Ellis County,US.TX.EI,510,19,
Westmoreland County,US.PA.WE,510,38,
Tippecanoe County,US.IN.TP,510,7,
Leon County,US.FL.LO,508,8,
Chambers County,US.AL.CM,507,28,
Twin Falls County,US.ID.TW,507,25,
Orange County,US.NC.OR,506,41,
Calhoun County,US.MI.CU,503,30,
Kershaw County,US.SC.KE,502,16,
Leake County,US.MS.LK,496,16,
Howard County,US.IN.HO,494,48,
Grayson County,US.TX.GO,491,5,
Muhlenberg County,US.KY.MU,491,8,
New Hanover County,US.NC.NE,489,5,
Walworth County,US.WI.WL,488,18,
Jackson County,US.MI.JA,488,30,
Houston County,US.GA.HO,487,20,
Pike County,US.PA.PI,487,20,
Shawnee County,US.KS.SN,485,8,
Nueces County,US.TX.NU,485,5,
Buncombe County,US.NC.BO,484,35,
St. Martin Parish,US.LA.SR,483,28,
LaPorte County,US.IN.LA,482,25,
Henderson County,US.NC.HN,480,48,
Skagit County,US.WA.SG,479,15,
Holmes County,US.MS.HO,477,35,
Belmont County,US.OH.BE,476,21,
Beadle County,US.SD.BA,476,6,
Placer County,US.CA.PA,476,9,
Lyon County,US.KS.LY,475,6,
Whatcom County,US.WA.WA,474,39,
Clay County,US.FL.CY,468,32,
Newton County,US.GA.NE,466,11,
Cecil County,US.MD.CE,459,29,
Iberia Parish,US.LA.II,459,42,
Paulding County,US.GA.PA,458,14,
Orangeburg County,US.SC.OR,457,8,
Harnett County,US.NC.HT,457,30,
York County,US.ME.YO,457,11,
Summit County,US.UT.SU,455,0,
St. Landry Parish,US.LA.SL,453,55,
Columbus County,US.NC.CM,452,33,
Frederick County,US.VA.FK,446,4,
Columbia County,US.NY.CU,446,47,
Androscoggin County,US.ME.AN,445,4,
Baldwin County,US.GA.BD,441,33,
Vance County,US.NC.VA,437,35,
Pennington County,US.SD.PN,437,11,
Mitchell County,US.GA.MT,433,38,
DeSoto County,US.FL.DE,431,10,
Dodge County,US.WI.DD,429,5,
Tama County,US.IA.TM,429,29,
Pickens County,US.SC.PI,429,4,
Jackson County,US.IN.JC,427,3,
Copiah County,US.MS.CP,425,7,
Scott County,US.IA.SC,423,10,
Berkeley County,US.WV.BE,419,9,
Peoria County,US.IL.PI,419,22,
Yavapai County,US.AZ.YA,417,7,
Bedford County,US.TN.BD,416,4,
Barrow County,US.GA.BW,415,25,
Lowndes County,US.AL.LO,414,15,
Baldwin County,US.AL.BD,413,9,
Delaware County,US.OH.DL,412,15,
Franklin Parish,US.LA.FR,412,14,
Autauga County,US.AL.AU,411,8,
Newport News City,US.VA.NN,410,10,
Wayne County,US.MS.WY,409,8,
Tuscarawas County,US.OH.TU,409,9,
Shelby County,US.IN.SH,408,24,
Delaware County,US.IN.DL,407,45,
Ashtabula County,US.OH.AB,406,42,
Medina County,US.OH.MD,406,31,
Sioux County,US.IA.SI,406,0,
Portsmouth City,US.VA.PR,405,13,
San Luis Obispo County,US.CA.SS,404,1,
Coffee County,US.GA.CF,403,15,
Canyon County,US.ID.CN,403,6,
Manassas Park city,US.VA.MP,402,5,
Dubuque County,US.IA.DU,402,22,
Floyd County,US.GA.FL,402,15,
Fauquier County,US.VA.FQ,401,6,
Anderson County,US.SC.AN,400,10,
St. Johns County,US.FL.SJ,398,7,
Fairfield County,US.OH.FI,398,12,
DeKalb County,US.AL.DA,398,5,
Miami County,US.OH.MM,397,30,
Bowie County,US.TX.BW,394,10,
Wright County,US.MN.WR,394,2,
Merrimack County,US.NH.ME,393,18,
Harrison County,US.MS.HR,393,7,
Okaloosa County,US.FL.OA,391,6,
Jefferson County,US.MO.JE,391,19,
Columbia County,US.PA.CO,390,33,
Calvert County,US.MD.CL,389,23,
Sangamon County,US.IL.SM,387,31,
Sevier County,US.TN.SV,387,3,
Hanover County,US.VA.HV,387,25,
Todd County,US.MN.TO,386,2,
Oktibbeha County,US.MS.OK,386,18,
Jackson County,US.MS.JC,385,16,
Craighead County,US.AR.CG,385,5,
Leflore County,US.MS.LL,385,47,
Hancock County,US.IN.HC,385,31,
Boone County,US.IN.BO,381,39,
San Juan County,US.UT.SJ,380,7,
Bay County,US.MI.BY,379,29,
Etowah County,US.AL.ET,378,12,
Outagamie County,US.WI.OU,377,8,
Lee County,US.GA.LE,377,22,
Clarke County,US.GA.CK,375,15,
Story County,US.IA.ST,374,3,
St. Mary Parish,US.LA.SM,373,35,
Daviess County,US.KY.DA,373,8,
Union Parish,US.LA.UN,372,20,
Darlington County,US.SC.DA,371,13,
Thomas County,US.GA.TH,371,33,
Wasatch County,US.UT.WA,371,3,
Surry County,US.NC.SU,370,2,
Angelina County,US.TX.AG,366,6,
Portage County,US.OH.PO,366,58,
Marion County,US.FL.MI,365,10,
Washington County,US.OK.WN,365,38,
Montgomery County,US.TN.MT,363,5,
Kosciusko County,US.IN.KO,362,2,
Yell County,US.AR.YE,361,2,
Rockdale County,US.GA.RO,361,9,
Comanche County,US.OK.CM,361,5,
Kaufman County,US.TX.KU,360,4,
Noble County,US.IN.NO,358,27,
Grand Forks County,US.ND.GD,358,4,
Lake County,US.OH.LK,358,13,
Franklin County,US.MA.FR,357,52,
Pike County,US.AL.PK,356,3,
Yazoo County,US.MS.YZ,354,6,
Louisa County,US.IA.LO,354,13,
LaGrange County,US.IN.LG,354,3,
Geauga County,US.OH.GE,353,37,
Suffolk City,US.VA.SO,353,34,
Lowndes County,US.MS.LO,352,10,
Houston County,US.AL.HO,352,5,
Pueblo County,US.CO.PU,351,23,
Russell County,US.AL.RU,349,0,
Clarendon County,US.SC.CN,349,41,
Grant County,US.WA.GN,348,4,
Shelby County,US.KY.SH,347,6,
Greenwood County,US.SC.GW,345,5,
Marshall County,US.IN.MS,344,3,
Madison County,US.NE.MA,344,4,
Greensville County,US.VA.GS,344,7,
Walton County,US.GA.WA,343,25,
Madison County,US.NY.MA,342,9,
Floyd County,US.IN.FL,342,43,
Nacogdoches County,US.TX.NC,341,25,
Municipality of Anchorage,US.AK.AN,338,6,
Bastrop County,US.TX.BP,338,4,
Spalding County,US.GA.SD,337,31,
Vanderburgh County,US.IN.VA,337,6,
Columbia County,US.GA.CI,337,8,
Moore County,US.NC.ME,337,11,
Attala County,US.MS.AT,335,23,
Clay County,US.MO.CY,334,3,
Wood County,US.OH.WO,332,51,
Cochise County,US.AZ.CH,332,6,
St. James Parish,US.LA.SJ,331,28,
Santa Rosa County,US.FL.SA,330,9,
Lee County,US.MS.LE,330,14,
Lincoln County,US.MS.LI,330,32,
Jackson County,US.FL.JA,329,2,
Licking County,US.OH.LI,329,11,
Fremont County,US.WY.FR,326,9,
Newton County,US.MS.NW,325,8,
Lenoir County,US.NC.LN,324,10,
Assumption Parish,US.LA.AS,324,14,
Dorchester County,US.SC.DO,323,3,
Nash County,US.NC.NA,323,4,
Williamsburg County,US.SC.WI,322,15,
Brown County,US.SD.BW,321,2,
Jackson County,US.IL.JC,321,18,
Wayne County,US.OH.WE,321,52,
Bullock County,US.AL.BL,320,10,
Gadsden County,US.FL.GA,319,6,
Hoke County,US.NC.HO,319,3,
Upson County,US.GA.UP,318,43,
Smith County,US.TX.SM,318,4,
Indian River County,US.FL.IN,317,13,
Wright County,US.IA.WG,315,0,
Bradley County,US.TN.BR,314,2,
Coffee County,US.AL.CF,314,1,
Madera County,US.CA.ME,314,4,
Chattahoochee County,US.GA.CH,312,1,
Brunswick County,US.NC.BS,312,3,
Webster Parish,US.LA.WR,311,9,
De Soto Parish,US.LA.DE,311,17,
Yolo County,US.CA.YO,310,24,
Ware County,US.GA.WE,309,15,
Adams County,US.PA.AD,309,11,
Washington County,US.WI.WN,307,13,
Chesterfield County,US.SC.CF,306,9,
Cullman County,US.AL.CU,306,1,
Coryell County,US.TX.CL,305,2,
Albemarle County,US.VA.AB,304,8,
Pope County,US.AR.PP,304,2,
Gregg County,US.TX.GE,304,12,
Monroe County,US.MS.MR,301,26,
Morgan County,US.IN.MG,301,30,
Richmond County,US.VA.RI,301,7,
Ector County,US.TX.EC,300,7,
Lamar County,US.MS.LM,300,6,
Lancaster County,US.SC.LN,298,10,
Colbert County,US.AL.CL,297,5,
Caldwell County,US.NC.CL,296,4,
Jackson County,US.GA.JC,296,7,
Allegan County,US.MI.AL,292,6,
Craven County,US.NC.CN,292,5,
Roanoke city,US.VA.RO,291,10,
Jasper County,US.IA.JS,291,17,
Lauderdale County,US.AL.LU,290,4,
Madison Parish,US.LA.MA,289,2,
Caroline County,US.MD.CO,288,2,
Grimes County,US.TX.GM,288,2,
Midland County,US.TX.ID,287,13,
Carver County,US.MN.CV,287,1,
Hamilton County,US.FL.HM,285,2,
Gordon County,US.GA.GO,285,18,
Santa Cruz County,US.CA.SZ,283,2,
Worth County,US.GA.WO,282,21,
Walker County,US.GA.WK,281,5,
Strafford County,US.NH.ST,281,13,
Guadalupe County,US.TX.GU,280,1,
Warren County,US.MS.WR,280,14,
Adams County,US.NE.AD,280,11,
Randolph County,US.IL.RA,278,7,
Fayette County,US.GA.FY,278,16,
Fond du Lac County,US.WI.FN,278,6,
Lincoln County,US.SD.LI,278,1,
Chelan County,US.WA.CH,278,6,
Winchester city,US.VA.WH,278,3,
Saline County,US.MO.SI,278,4,
Newport County,US.RI.NE,277,1,
Sumter County,US.FL.SM,277,17,
Washington County,US.MS.WS,276,9,
Catoosa County,US.GA.CS,275,6,
Broomfield County and City,US.CO.BR,274,28,
Orleans County,US.NY.OL,274,50,
Grant County,US.IN.GA,272,25,
Sherburne County,US.MN.SH,272,4,
Montgomery County,US.IN.MM,270,19,
Lincoln Parish,US.LA.LN,269,19,
Yadkin County,US.NC.YD,269,4,
Harrison County,US.TX.HR,268,31,
Clinton County,US.IN.CI,268,1,
Sumter County,US.AL.SU,268,12,
Taylor County,US.TX.TA,268,5,
Northampton County,US.VA.NA,267,27,
Worcester County,US.MD.WO,267,17,
Clermont County,US.OH.CE,266,6,
Richland County,US.OH.RI,266,4,
Barbour County,US.AL.BR,266,1,
Eaton County,US.MI.EA,265,7,
Shiawassee County,US.MI.SH,265,27,
Carbon County,US.PA.CB,264,24,
Glynn County,US.GA.GY,263,3,
Butler County,US.PA.BT,263,13,
East Feliciana Parish,US.LA.EF,263,32,
Edgecombe County,US.NC.ED,262,9,
Limestone County,US.AL.LI,262,0,
Summit County,US.CO.SU,262,3,
Aiken County,US.SC.AI,261,9,
Page County,US.VA.PA,261,24,
Hale County,US.AL.HA,261,16,
Lincoln County,US.OR.LC,261,0,
Warren County,US.NY.WR,261,30,
East Carroll Parish,US.LA.EC,260,0,
Kanawha County,US.WV.KA,259,20,
Franklin County,US.NC.FR,259,21,
Lyon County,US.MN.LY,258,2,
La Paz County,US.AZ.LA,257,3,
Steuben County,US.NY.ST,257,29,
Crisp County,US.GA.CP,256,11,
Early County,US.GA.EA,256,31,
Mercer County,US.OH.MC,255,8,
Greene County,US.NY.GR,254,13,
Northumberland County,US.PA.NU,254,4,
Johnson County,US.TX.JH,254,4,
Halifax County,US.NC.HL,253,3,
Union County,US.OR.UN,253,0,
Marlboro County,US.SC.ML,253,3,
Hampton city,US.VA.HM,252,5,
Hardeman County,US.TN.HA,252,1,
Dubois County,US.IN.DU,249,6,
Pike County,US.MS.PI,248,11,
Butler County,US.KY.BR,247,13,
Rhea County,US.TN.RH,247,0,
Allen County,US.OH.AN,247,37,
Branch County,US.MI.BC,247,2,
Fairfield County,US.SC.FA,246,20,
Tuscola County,US.MI.TU,246,26,
McLean County,US.IL.ML,246,13,
Boone County,US.MO.BO,246,2,
Lee County,US.SC.LE,246,19,
Butts County,US.GA.BU,246,32,
Rusk County,US.TX.RK,245,2,
McLennan County,US.TX.ML,245,5,
White County,US.IN.WH,245,10,
Medina County,US.TX.ME,244,2,
Hardee County,US.FL.HD,244,1,
Decatur County,US.GA.DC,243,8,
Macon County,US.NC.MN,243,1,
Freeborn County,US.MN.FR,243,0,
Washington County,US.NY.WS,243,14,
Lapeer County,US.MI.LP,243,31,
Stephenson County,US.IL.SN,242,5,
Wilcox County,US.AL.WC,242,8,
Victoria County,US.TX.VI,241,8,
Shelby County,US.TX.SY,241,8,
Bristol County,US.RI.BR,240,7,
Huntingdon County,US.PA.HU,240,4,
Ontario County,US.NY.OR,239,23,
Harris County,US.GA.HI,239,8,
Decatur County,US.IN.DC,238,32,
James City County,US.VA.JA,238,15,
Marengo County,US.AL.ME,238,10,
Fulton County,US.NY.FU,237,26,
Warren County,US.VA.WR,235,4,
Montgomery County,US.NC.MO,234,5,
Mecklenburg County,US.VA.ME,234,24,
Plaquemines Parish,US.LA.PL,234,17,
Rutherford County,US.NC.RU,234,7,
Deaf Smith County,US.TX.DI,233,16,
Bladen County,US.NC.BL,232,2,
West Baton Rouge Parish,US.LA.WB,231,30,
Hopkins County,US.KY.HO,231,31,
Ogle County,US.IL.OG,231,4,
Umatilla County,US.OR.UM,230,4,
Okeechobee County,US.FL.OE,230,0,
Suwannee County,US.FL.SW,229,18,
Rockwall County,US.TX.RC,228,16,
Darke County,US.OH.DA,227,25,
Georgetown County,US.SC.GR,227,3,
Faulkner County,US.AR.FA,227,3,
Adams County,US.MS.AD,227,18,
Hunt County,US.TX.HT,227,5,
West Feliciana Parish,US.LA.WF,226,14,
Loudon County,US.TN.LO,226,1,
Winn Parish,US.LA.WI,224,5,
Henry County,US.VA.HY,224,3,
Pearl River County,US.MS.PL,224,32,
Plymouth County,US.IA.PM,223,4,
Allen Parish,US.LA.AL,223,10,
Richmond County,US.NC.RI,223,5,
Washington County,US.TX.WH,222,26,
Clinton County,US.IL.CN,220,17,
Union County,US.AR.UN,220,13,
Liberty County,US.FL.LI,220,1,
Comal County,US.TX.OM,219,7,
Campbell County,US.KY.CM,219,12,
Dillon County,US.SC.DI,219,5,
Sebastian County,US.AR.SB,219,2,
Fredericksburg City,US.VA.FB,219,0,
Noxubee County,US.MS.NO,218,6,
Genesee County,US.NY.GE,218,5,
Pointe Coupee Parish,US.LA.PO,218,27,
Covington County,US.AL.CV,217,1,
Macon County,US.TN.MC,217,3,
Terrell County,US.GA.TL,217,27,
Colleton County,US.SC.CT,217,19,
Galax city,US.VA.GA,217,11,
Jerome County,US.ID.JR,216,3,
Flagler County,US.FL.FL,216,5,
Macon County,US.IL.MC,216,21,
Appling County,US.GA.AP,216,13,
Napa County,US.CA.NA,216,4,
Erie County,US.OH.ER,216,22,
St. Lawrence County,US.NY.SI,215,3,
Jefferson County,US.WV.JE,214,4,
Garfield County,US.CO.GA,214,2,
Greene County,US.MO.GE,214,8,
Van Buren County,US.MI.VA,213,7,
Putnam County,US.FL.PU,213,6,
Covington County,US.MS.CV,213,3,
Washington County,US.IA.WS,210,9,
Calhoun County,US.AL.CN,210,4,
St. Joseph County,US.MI.SJ,210,3,
Clarke County,US.AL.CK,209,4,
Thurston County,US.WA.TH,209,6,
Lafayette County,US.MS.LY,209,4,
Payne County,US.OK.PY,208,1,
Vigo County,US.IN.VI,207,8,
Monroe County,US.IN.MR,207,26,
Maverick County,US.TX.MV,206,2,
Highlands County,US.FL.HG,206,9,
Columbia County,US.FL.CU,205,3,
Henry County,US.IN.HY,205,15,
Maury County,US.TN.MU,205,2,
Laramie County,US.WY.LA,204,2,
Gonzales County,US.TX.GA,203,4,
Starr County,US.TX.SR,203,0,
Jasper County,US.MS.JS,203,4,
La Crosse County,US.WI.LA,203,0,
Queen Anne's County,US.MD.QU,203,14,
Hancock County,US.GA.HC,203,32,
Laurens County,US.SC.LU,202,4,
Cleveland County,US.NC.CV,202,2,
St. Clair County,US.AL.SA,201,2,
Logan County,US.KY.LO,201,10,
Warren County,US.IA.WR,201,2,
Ozaukee County,US.WI.OZ,201,15,
Harrison County,US.IN.HI,200,22,
McCurtain County,US.OK.MU,200,2,
Benton County,US.MN.BN,200,3,
Avoyelles Parish,US.LA.AV,200,10,
Lamar County,US.TX.LR,199,13,
Lenawee County,US.MI.LN,199,6,
Gallatin County,US.MT.GL,199,1,
Montrose County,US.CO.MO,198,12,
Dale County,US.AL.DE,198,0,
Petersburg city,US.VA.PB,197,3,
Caldwell County,US.TX.CW,197,1,
Bolivar County,US.MS.BO,197,13,
Jasper County,US.MO.JS,196,0,
Bienville Parish,US.LA.BI,196,25,
Stanly County,US.NC.SN,195,5,
Saline County,US.AR.SL,195,2,
Clinton County,US.MI.CN,195,11,
Bacon County,US.GA.BC,194,4,
Cibola County,US.NM.CI,194,11,
Randolph County,US.GA.RN,194,23,
Dooly County,US.GA.DO,194,12,
Wagoner County,US.OK.WG,194,17,
Fayette County,US.TN.FA,193,2,
Kent County,US.MD.KE,193,23,
Iron County,US.UT.RN,191,1,
Panola County,US.TX.PN,191,23,
Natchitoches Parish,US.LA.NA,190,13,
Madison County,US.TN.MD,190,2,
Jefferson Davis Parish,US.LA.JD,189,7,
LaSalle County,US.IL.LA,188,16,
Onslow County,US.NC.ON,188,3,
Dickinson County,US.IA.DI,188,1,
Burleigh County,US.ND.BL,188,0,
Santa Fe County,US.NM.ST,188,3,
Ionia County,US.MI.II,188,4,
Tooele County,US.UT.TE,188,0,
Lawrence County,US.IN.LW,187,24,
Carroll County,US.VA.CL,187,5,
Scotts Bluff County,US.NE.SC,187,2,
Allegany County,US.MD.AL,187,17,
Canadian County,US.OK.CN,186,3,
Douglas County,US.WA.DO,186,3,
Jackson Parish,US.LA.JA,186,15,
Choctaw County,US.AL.CC,186,11,
Island County,US.WA.IS,186,12,
Kitsap County,US.WA.KS,185,2,
Clay County,US.MS.CY,185,6,
Sussex County,US.VA.SS,185,2,
Dearborn County,US.IN.DR,184,22,
Steele County,US.MN.SE,183,0,
Graves County,US.KY.GV,183,20,
Hillsdale County,US.MI.HI,183,25,
Greene County,US.IN.GE,183,29,
Union County,US.IL.UN,183,18,
Smith County,US.MS.SM,182,11,
Gunnison County,US.CO.GU,182,6,
Morehouse Parish,US.LA.MO,182,6,
Caddo County,US.OK.CD,181,10,
Franklin County,US.MO.FR,180,18,
Prince George County,US.VA.PG,179,0,
Saluda County,US.SC.SA,179,1,
Polk County,US.GA.PO,178,1,
Warrick County,US.IN.WI,178,29,
Susquehanna County,US.PA.SS,178,20,
Buffalo County,US.NE.BF,178,1,
Gilmer County,US.GA.GI,177,2,
Talladega County,US.AL.TD,177,6,
Miami County,US.IN.MI,177,1,
Chickasaw County,US.MS.CS,177,16,
Northampton County,US.NC.NO,176,15,
Sheboygan County,US.WI.SE,176,4,
Centre County,US.PA.CT,176,6,
Bay County,US.FL.BY,175,4,
McDowell County,US.NC.MW,174,1,
Blue Earth County,US.MN.BE,174,2,
Dorchester County,US.MD.DO,174,4,
Prince Edward County,US.VA.PD,173,3,
Winston County,US.AL.WN,173,1,
Tompkins County,US.NY.TO,173,0,
Lycoming County,US.PA.LY,172,19,
McMinn County,US.TN.MM,172,15,
Garland County,US.AR.GL,172,1,
Madison County,US.OH.MO,172,7,
Lincoln County,US.NC.LI,172,0,
Ohio County,US.KY.OH,171,0,
Tom Green County,US.TX.TG,171,1,
Whiteside County,US.IL.WD,171,15,
Echols County,US.GA.EC,171,0,
Marion County,US.AL.MI,170,12,
Grenada County,US.MS.GN,170,4,
Liberty County,US.TX.LT,169,3,
Kemper County,US.MS.KE,169,13,
Citrus County,US.FL.CI,168,12,
Clarke County,US.MS.CE,168,21,
Jefferson County,US.WI.JE,168,4,
Hardin County,US.TX.HN,167,5,
Oswego County,US.NY.OS,167,2,
Crawford County,US.KS.CR,167,1,
Turner County,US.GA.TR,166,16,
Augusta County,US.VA.AU,166,2,
Stephens County,US.GA.SE,165,5,
Walton County,US.FL.WL,165,9,
Pender County,US.NC.PD,165,1,
Cheatham County,US.TN.CA,164,0,
Charlottesville City,US.VA.CE,164,3,
Marion County,US.MS.MI,163,9,
Oceana County,US.MI.OA,163,3,
Cassia County,US.ID.CS,163,1,
Grady County,US.GA.GD,162,4,
Washington County,US.PA.WS,162,6,
Murray County,US.GA.MA,162,1,
Roanoke County,US.VA.RE,161,5,
San Benito County,US.CA.SI,161,2,
Isle of Wight County,US.VA.IS,159,8,
Winston County,US.MS.WN,158,2,
Hernando County,US.FL.HA,158,5,
Jennings County,US.IN.JN,158,4,
Chilton County,US.AL.CI,158,3,
Putnam County,US.IN.PT,158,8,
Greene County,US.OH.GR,158,8,
Calhoun County,US.GA.CU,157,6,
Rockingham County,US.NC.RC,157,2,
Coahoma County,US.MS.CH,156,6,
Midland County,US.MI.MD,156,9,
Parmer County,US.TX.PM,155,0,
Tate County,US.MS.TT,155,1,
Scott County,US.MO.ST,155,10,
Pickens County,US.AL.PC,154,6,
Davie County,US.NC.DV,154,2,
Monroe County,US.AL.MR,154,2,
Franklin County,US.GA.FR,154,1,
Southampton County,US.VA.SA,154,2,
Hertford County,US.NC.HD,153,7,
Pasquotank County,US.NC.PU,153,15,
Catahoula Parish,US.LA.CT,151,3,
Greene County,US.AL.GR,151,5,
Eau Claire County,US.WI.EA,151,0,
Hopewell city,US.VA.HW,151,2,
Alamosa County,US.CO.AL,150,3,
Monroe County,US.FL.MO,150,4,
Jackson County,US.AL.JA,150,3,
Wichita County,US.TX.WC,150,2,
Monongalia County,US.WV.MG,148,5,
Martin County,US.MN.MT,147,5,
Scott County,US.IN.SC,147,6,
Houston County,US.TX.HS,147,0,
Beauregard Parish,US.LA.BE,147,7,
Panola County,US.MS.PA,146,4,
Randolph County,US.WV.RN,146,0,
Coles County,US.IL.CE,146,17,
Allen County,US.KY.AL,145,4,
Dickson County,US.TN.DI,145,0,
Hamilton County,US.IA.HM,145,0,
Bulloch County,US.GA.BH,145,3,
Meriwether County,US.GA.MW,145,2,
Richland Parish,US.LA.RI,144,3,
Randolph County,US.AL.RA,144,8,
Warren County,US.NC.WR,144,4,
Claiborne County,US.MS.CB,144,9,
Christian County,US.KY.CH,144,3,
Iroquois County,US.IL.IR,143,5,
Henderson County,US.KY.HE,143,3,
Deschutes County,US.OR.DE,142,0,
Toombs County,US.GA.TM,142,5,
Dyer County,US.TN.DY,141,0,
Bullitt County,US.KY.BI,141,4,
Jackson County,US.WV.JA,141,18,
Wayne County,US.NY.WN,141,2,
Grundy County,US.IL.GU,140,3,
Tioga County,US.NY.TI,140,19,
Macon County,US.AL.MC,140,6,
Yalobusha County,US.MS.YL,139,7,
Chenango County,US.NY.CH,139,6,
Chemung County,US.NY.CM,139,3,
Blount County,US.AL.BU,139,1,
Kennebec County,US.ME.KE,138,9,
Chambers County,US.TX.CH,138,0,
Escambia County,US.AL.ES,137,5,
Grayson County,US.KY.GY,137,10,
Cumberland County,US.TN.CU,137,3,
Madison County,US.AR.MD,137,0,
Levy County,US.FL.LV,137,1,
Bertie County,US.NC.BT,136,4,
Orange County,US.VA.OR,136,2,
Orange County,US.TX.OR,135,3,
Pierce County,US.GA.PR,135,4,
Monroe County,US.GA.MN,135,15,
Hardin County,US.KY.HN,135,5,
Conecuh County,US.AL.CO,134,1,
Greene County,US.NC.GE,134,2,
McCracken County,US.KY.MK,134,3,
Audrain County,US.MO.AU,133,1,
DeKalb County,US.IN.DE,133,3,
Burke County,US.GA.BE,132,6,
Orange County,US.IN.OR,132,23,
Oconee County,US.GA.OC,132,10,
McDonald County,US.MO.MA,132,0,
St. Louis County,US.MN.ST,132,14,
Newaygo County,US.MI.NE,131,0,
Chester County,US.SC.CR,131,1,
Polk County,US.OR.PO,131,12,
Herkimer County,US.NY.HE,131,3,
Laurens County,US.GA.LR,130,1,
El Dorado County,US.CA.EL,130,0,
Cowlitz County,US.WA.CW,130,0,
Wayne County,US.PA.WN,129,9,
Daviess County,US.IN.DI,129,16,
Walla Walla County,US.WA.WL,129,3,
White County,US.GA.WH,129,4,
Watonwan County,US.MN.WT,128,0,
Uinta County,US.WY.UI,128,0,
Sunflower County,US.MS.SU,128,4,
Linn County,US.OR.LN,127,9,
Stoddard County,US.MO.SD,127,7,
Warren County,US.IL.WR,127,0,
Bibb County,US.AL.BI,126,1,
Colonial Heights city,US.VA.CH,126,17,
Simpson County,US.MS.SI,126,1,
Carson City,US.NV.CA,126,5,
Gila County,US.AZ.GI,125,3,
Osage County,US.OK.OS,125,8,
Dawson County,US.GA.DW,124,3,
Parker County,US.TX.PR,124,1,
Grady County,US.OK.GD,123,4,
Newton County,US.MO.NT,123,2,
Livingston County,US.NY.LI,123,4,
Carroll County,US.MS.CL,122,11,
Hale County,US.TX.HE,122,5,
Crawford County,US.OH.CF,122,5,
Marion County,US.SC.MI,122,5,
St. Croix County,US.WI.SI,122,1,
Rogers County,US.OK.RS,122,5,
Marshall County,US.MS.MS,122,3,
Maui County,US.HI.MA,121,6,
Vermilion Parish,US.LA.VM,121,5,
Creek County,US.OK.CE,121,7,
Johnson County,US.AR.JO,121,0,
Lawrence County,US.MS.LW,121,1,
McClain County,US.OK.ML,121,4,
Caroline County,US.VA.CI,121,4,
Glades County,US.FL.GL,121,1,
Allamakee County,US.IA.AL,121,4,
Franklin County,US.IN.FR,120,8,
Otsego County,US.MI.OS,120,10,
Evangeline Parish,US.LA.EV,120,1,
Wilcox County,US.GA.WC,120,15,
Scotland County,US.NC.SC,120,0,
Cass County,US.MI.CS,119,4,
Ben Hill County,US.GA.BL,119,1,
Frio County,US.TX.FO,119,0,
Washington County,US.OH.WS,119,20,
Blount County,US.TN.BO,119,3,
Morgan County,US.IL.MG,119,3,
Lumpkin County,US.GA.LP,118,2,
Mercer County,US.PA.ME,118,6,
Ottawa County,US.OH.OT,118,22,
Dinwiddie County,US.VA.DN,118,0,
Cottonwood County,US.MN.CT,118,0,
Kenai Peninsula Borough,US.AK.KN,117,2,
Newberry County,US.SC.NE,117,3,
Cape Girardeau County,US.MO.CG,117,3,
Oldham County,US.KY.OL,116,6,
Crenshaw County,US.AL.CA,116,3,
Navarro County,US.TX.NV,116,4,
Yellowstone County,US.MT.YS,116,3,
Putnam County,US.GA.PT,115,11,
Knox County,US.IL.KX,115,0,
Goochland County,US.VA.GO,115,6,
Minidoka County,US.ID.MI,115,0,
Kootenai County,US.ID.KO,115,1,
Alpena County,US.MI.AP,115,11,
Grant County,US.WI.GA,114,12,
Wharton County,US.TX.WN,114,1,
Union County,US.SD.UN,114,1,
Banks County,US.GA.BS,114,0,
Delaware County,US.OK.DL,114,16,
Gray County,US.TX.GY,113,4,
Talbot County,US.MD.TA,113,4,
Caswell County,US.NC.CS,112,1,
Chautauqua County,US.NY.CQ,112,3,
Cass County,US.MO.CS,112,8,
Lanier County,US.GA.LI,112,2,
Emporia city,US.VA.EM,112,6,
Macon County,US.GA.MC,112,9,
Pecos County,US.TX.PE,112,0,
Monroe County,US.IL.MR,111,12,
Iosco County,US.MI.IC,111,10,
Ripley County,US.IN.RI,111,7,
Walthall County,US.MS.WT,111,1,
Henry County,US.AL.HE,111,2,
Brooks County,US.GA.BO,111,11,
Morrow County,US.OH.MW,110,1,
Humboldt County,US.CA.HU,110,4,
Webster County,US.IA.WE,110,1,
Holmes County,US.OH.HL,109,3,
Union County,US.MS.UN,109,8,
Juniata County,US.PA.JU,109,5,
Camp County,US.TX.CP,109,1,
Cattaraugus County,US.NY.CG,109,6,
Webster County,US.MS.WE,109,8,
Teton County,US.WY.TE,109,1,
Sandusky County,US.OH.SA,109,13,
Mahaska County,US.IA.MK,108,15,
Monroe County,US.TN.MR,108,4,
Steuben County,US.IN.SE,108,2,
Tazewell County,US.IL.TA,108,7,
Franklin County,US.KY.FR,108,3,
Choctaw County,US.OK.CA,107,1,
Cayuga County,US.NY.CY,107,2,
Mississippi County,US.AR.MS,107,3,
Wayne County,US.IN.WY,107,6,
Fairbanks North Star Borough,US.AK.FA,107,2,
Boone County,US.IA.BO,106,1,
Montgomery County,US.NY.MT,106,4,
Martin County,US.NC.MR,106,4,
Pulaski County,US.MO.PA,106,1,
Wayne County,US.WV.WA,106,9,
Isabella County,US.MI.IB,106,8,
Hardin County,US.OH.HD,106,5,
Itawamba County,US.MS.IT,106,8,
Claiborne Parish,US.LA.CI,105,10,
Pemiscot County,US.MO.PM,105,6,
Lynchburg city,US.VA.LY,105,1,
Nicollet County,US.MN.NI,105,12,
Oconee County,US.SC.OC,105,0,
Jefferson County,US.IL.JF,104,16,
Jackson County,US.KS.JA,104,1,
Matagorda County,US.TX.MD,104,5,
Waller County,US.TX.WR,104,0,
Adair County,US.KY.AD,104,19,
West Carroll Parish,US.LA.WC,103,3,
Adair County,US.OK.AD,103,4,
Carroll County,US.IN.CO,103,2,
Fayette County,US.PA.FA,103,4,
Fluvanna County,US.VA.FV,103,6,
Putnam County,US.OH.PU,103,15,
Louisa County,US.VA.LI,102,1,
Carroll County,US.AR.CL,102,3,
Platte County,US.MO.PT,102,4,
Franklin County,US.VT.FR,102,6,
Adams County,US.WA.AD,102,0,
Penobscot County,US.ME.PE,102,2,
Stokes County,US.NC.SO,101,0,
McDonough County,US.IL.MU,101,15,
Goodhue County,US.MN.GO,101,7,
Nassau County,US.FL.NA,101,1,
Marathon County,US.WI.MH,101,1,
Perry County,US.IN.PE,101,2,
Curry County,US.NM.CU,101,0,
Clarke County,US.IA.CK,101,2,
Washington County,US.TN.WI,101,0,
Cass County,US.IL.CS,100,0,
Tippah County,US.MS.TP,100,11,
Saguache County,US.CO.SG,100,2,
Concordia Parish,US.LA.CR,100,5,
Liberty County,US.GA.LB,100,1,
Hancock County,US.MS.HN,100,13,
Sutter County,US.CA.SU,99,3,
Coffee County,US.TN.CF,99,0,
Cherokee County,US.SC.CK,99,6,
Riley County,US.KS.RL,99,3,
Clinton County,US.NY.CL,99,4,
Montgomery County,US.MS.MT,98,1,
Clay County,US.IA.CY,98,0,
Indiana County,US.PA.IN,98,5,
Madison County,US.FL.MD,98,3,
Yamhill County,US.OR.YA,97,8,
Montgomery County,US.VA.MO,97,2,
York County,US.VA.YO,97,3,
Box Elder County,US.UT.BE,97,2,
Red River County,US.TX.RV,96,8,
Hamblen County,US.TN.HB,96,4,
Lyon County,US.NV.LY,96,2,
Washington County,US.FL.WS,96,11,
Huron County,US.OH.HU,96,1,
Pine County,US.MN.PN,96,0,
Poweshiek County,US.IA.PW,95,8,
Valencia County,US.NM.VA,95,2,
Jessamine County,US.KY.JS,95,0,
King George County,US.VA.KG,95,4,
Natrona County,US.WY.NA,95,1,
Pettis County,US.MO.PS,95,1,
Bedford County,US.VA.BF,95,2,
Anson County,US.NC.AN,95,1,
Effingham County,US.GA.EF,95,1,
Lee County,US.IL.LE,94,1,
Henderson County,US.TX.HD,94,3,
Barry County,US.MI.BR,94,2,
Bryan County,US.GA.BY,94,5,
Washington County,US.AL.WS,94,6,
Kittitas County,US.WA.KT,94,0,
Butte County,US.CA.BU,94,1,
Winona County,US.MN.WN,93,15,
Wyoming County,US.NY.WM,93,5,
Lane County,US.OR.LE,93,3,
Sullivan County,US.MO.SV,93,0,
Pontotoc County,US.MS.PO,93,3,
Caldwell Parish,US.LA.CW,93,1,
Lawrence County,US.AR.LW,93,9,
Gratiot County,US.MI.GT,92,13,
Peach County,US.GA.PH,92,9,
Crow Wing County,US.MN.CW,92,11,
Camden County,US.GA.CD,91,1,
Bonneville County,US.ID.BV,91,1,
Williamson County,US.IL.WS,91,4,
Madison County,US.KY.MD,91,1,
Lincoln County,US.MO.LO,91,1,
Johnson County,US.MO.JO,90,0,
Lawrence County,US.PA.LW,90,9,
Douglas County,US.KS.DG,90,0,
Calumet County,US.WI.CA,90,2,
Brunswick County,US.VA.BU,90,1,
Atkinson County,US.GA.AT,90,2,
Sauk County,US.WI.SU,90,3,
Cook County,US.GA.CO,90,1,
Wabash County,US.IN.WB,89,2,
Delaware County,US.NY.DE,89,4,
Jasper County,US.IN.JS,89,1,
Auglaize County,US.OH.AU,89,3,
Elbert County,US.GA.EL,89,0,
Muskogee County,US.OK.MO,88,9,
Person County,US.NC.PN,88,1,
Perry County,US.MO.PR,88,0,
Greene County,US.GA.GE,88,9,
Berrien County,US.GA.BN,88,0,
Hood River County,US.OR.HO,87,0,
Westmoreland County,US.VA.WM,87,1,
Greene County,US.AR.GE,87,0,
Portage County,US.WI.PT,87,0,
Nevada County,US.AR.NV,87,2,
Lamar County,US.GA.LM,87,6,
Waupaca County,US.WI.WP,87,5,
Newton County,US.IN.NE,87,10,
Lafayette County,US.MO.LF,86,2,
Jefferson Davis County,US.MS.JD,86,3,
Trempealeau County,US.WI.TR,86,0,
La Salle Parish,US.LA.LA,86,0,
Perry County,US.AL.PE,86,0,
San Augustine County,US.TX.SG,86,6,
Wilkinson County,US.MS.WK,85,9,
Fayette County,US.IN.FA,85,7,
Jackson County,US.OR.JA,85,0,
Clinch County,US.GA.CC,85,2,
Adair County,US.MO.AD,85,0,
Jackson County,US.KY.JA,85,13,
St. Helena Parish,US.LA.SH,85,1,
Windham County,US.VT.WH,85,3,
La Plata County,US.CO.LA,85,1,
Washington County,US.ID.WA,84,0,
Nez Perce County,US.ID.NE,84,19,
Union County,US.PA.UN,84,2,
Lonoke County,US.AR.LO,84,0,
Calhoun County,US.MS.CN,83,4,
Crawford County,US.AR.CW,83,0,
Otter Tail County,US.MN.OT,83,1,
Hawaii County,US.HI.HA,83,0,
Bailey County,US.TX.BY,83,0,
Humphreys County,US.MS.HU,83,8,
Somerset County,US.MD.SO,83,3,
Otsego County,US.NY.OO,82,4,
Chisago County,US.MN.CG,82,1,
Ross County,US.OH.RO,82,2,
Monroe County,US.OH.ME,82,15,
Cross County,US.AR.CO,82,1,
Stewart County,US.GA.SW,82,1,
Jefferson County,US.NY.JE,82,0,
Carlton County,US.MN.CL,81,0,
Pike County,US.GA.PK,81,3,
Montcalm County,US.MI.MC,81,1,
Oglethorpe County,US.GA.OG,81,7,
Bremer County,US.IA.BR,81,6,
Klamath County,US.OR.KL,80,0,
Pottawatomie County,US.OK.PT,80,4,
Clark County,US.KY.CK,80,0,
Nottoway County,US.VA.NY,80,0,
Pitkin County,US.CO.PI,80,2,
Delta County,US.CO.DT,80,1,
Johnson County,US.GA.JH,80,2,
Cabell County,US.WV.CB,79,0,
Perry County,US.PA.PE,79,5,
Humboldt County,US.NV.HU,79,4,
Burnet County,US.TX.BT,79,3,
Lawrence County,US.TN.LW,78,2,
Pickens County,US.GA.PE,78,5,
Chaffee County,US.CO.CA,78,20,
Washington County,US.GA.WG,78,1,
McDuffie County,US.GA.MU,78,5,
Mesa County,US.CO.ME,78,0,
Green County,US.WI.GN,78,1,
Miller County,US.AR.ML,78,2,
Tattnall County,US.GA.TT,78,0,
Jefferson County,US.OR.JE,77,0,
Kay County,US.OK.KA,77,7,
Bannock County,US.ID.BO,77,1,
Belknap County,US.NH.BE,77,1,
Madison County,US.GA.MD,77,4,
Mississippi County,US.MO.MI,77,0,
Cleburne County,US.AR.CB,76,4,
Shasta County,US.CA.SH,76,4,
Nye County,US.NV.NY,76,3,
Grant Parish,US.LA.GR,76,1,
Pittsylvania County,US.VA.PS,76,1,
Grafton County,US.NH.GR,76,1,
Taylor County,US.IA.TY,75,0,
Fannin County,US.GA.FN,75,1,
Henry County,US.IA.HE,75,3,
Phillips County,US.AR.PH,75,1,
Nevada County,US.CA.NE,75,1,
Screven County,US.GA.SR,75,4,
Gilchrist County,US.FL.GI,75,0,
Willacy County,US.TX.WY,75,3,
Pulaski County,US.KY.PU,74,2,
Grayson County,US.VA.GY,74,2,
Gibson County,US.TN.GB,74,1,
Jefferson County,US.OH.JE,74,2,
Lawrence County,US.AL.LW,74,0,
Anderson County,US.TN.AN,74,2,
Amite County,US.MS.AM,73,2,
Rio Arriba County,US.NM.RI,73,1,
Wilkinson County,US.GA.WI,73,7,
Brantley County,US.GA.BA,73,2,
Polk County,US.TX.PK,73,0,
Abbeville County,US.SC.AB,73,0,
Hocking County,US.OH.HC,73,7,
Vernon Parish,US.LA.VN,73,4,
Henry County,US.IL.HY,73,1,
Thurston County,US.NE.TU,72,1,
Jenkins County,US.GA.JK,72,9,
Sullivan County,US.TN.SL,72,2,
Obion County,US.TN.OB,71,1,
Haywood County,US.NC.HW,71,0,
Lauderdale County,US.TN.LU,71,1,
Randolph County,US.IN.RA,71,3,
Edmonson County,US.KY.ED,71,11,
Choctaw County,US.MS.CW,71,2,
Marion County,US.GA.MR,71,3,
Jeff Davis County,US.GA.JF,71,2,
Clay County,US.SD.CY,70,0,
Clinton County,US.IA.CN,70,1,
Morton County,US.ND.MR,70,2,
Barren County,US.KY.BN,70,2,
White County,US.AR.WH,70,1,
Wood County,US.TX.WO,70,5,
Prentiss County,US.MS.PN,70,3,
Union County,US.OH.UN,69,1,
Armstrong County,US.PA.AR,69,6,
O'Brien County,US.IA.OB,69,1,
Bennington County,US.VT.BE,69,1,
Whitley County,US.IN.WL,69,4,
Danville City,US.VA.DA,68,2,
Montour County,US.PA.MO,68,0,
Stark County,US.ND.SR,68,2,
Bryan County,US.OK.BR,68,1,
Crowley County,US.CO.CR,68,1,
Fairfax city,US.VA.FC,67,6,
Des Moines County,US.IA.DS,67,2,
Polk County,US.MN.PL,67,2,
Cherokee County,US.TX.CK,67,2,
Chicot County,US.AR.CT,67,2,
Addison County,US.VT.AD,67,2,
Clinton County,US.PA.CN,67,3,
Tunica County,US.MS.TU,67,3,
Jefferson County,US.GA.JR,67,1,
Montezuma County,US.CO.MZ,67,3,
Jasper County,US.SC.JA,67,3,
Shawano County,US.WI.SA,66,0,
San Patricio County,US.TX.SP,66,0,
Dunklin County,US.MO.DU,66,3,
Benton County,US.OR.BE,66,5,
Greer County,US.OK.GE,66,7,
Crawford County,US.MI.CF,66,5,
Calhoun County,US.FL.CA,65,5,
Wells County,US.IN.WE,65,0,
Fannin County,US.TX.FI,65,6,
Franklin County,US.TN.FR,65,2,
Chippewa County,US.WI.CH,65,0,
Wilson County,US.TX.WS,65,5,
Shelby County,US.IA.SH,65,0,
Pulaski County,US.IL.PL,65,0,
Jackson County,US.NC.JA,65,1,
Chaves County,US.NM.CH,64,2,
Cherokee County,US.IA.CE,64,0,
Seneca County,US.NY.SC,64,1,
Chippewa County,US.MN.CP,64,1,
Wayne County,US.TN.WY,64,0,
Yankton County,US.SD.YA,64,0,
McLeod County,US.MN.MC,64,0,
Carroll County,US.IA.CL,64,1,
Okanogan County,US.WA.OK,63,2,
Bedford County,US.PA.BO,63,2,
Carter County,US.OK.CR,63,1,
Jay County,US.IN.JY,63,0,
Calloway County,US.KY.CW,63,1,
Edgefield County,US.SC.ED,63,2,
Haralson County,US.GA.HS,63,4,
Columbia County,US.WI.CO,63,1,
Hickman County,US.TN.HN,63,0,
Polk County,US.NC.PO,63,4,
Routt County,US.CO.RT,63,6,
Clearfield County,US.PA.CF,63,0,
Telfair County,US.GA.TF,63,2,
Cheshire County,US.NH.CH,63,2,
Atascosa County,US.TX.AT,62,2,
Hancock County,US.OH.HN,62,1,
Simpson County,US.KY.SI,62,3,
Wise County,US.TX.WE,62,5,
Cambria County,US.PA.CI,62,3,
Polk County,US.AR.PL,62,0,
Brown County,US.TX.BN,62,10,
Rio Grande County,US.CO.RG,62,0,
Taylor County,US.FL.TA,62,0,
Staunton city,US.VA.SU,62,0,
Ohio County,US.WV.OH,62,1,
Dodge County,US.GA.DG,62,2,
Dodge County,US.MN.DD,62,0,
Guthrie County,US.IA.GH,61,4,
Rutland County,US.VT.RU,61,1,
Snyder County,US.PA.SN,61,1,
Mifflin County,US.PA.MI,61,1,
Dixie County,US.FL.DI,61,3,
Muskingum County,US.OH.MU,61,1,
Washington County,US.IN.WS,61,1,
Marquette County,US.MI.MQ,61,11,
Jasper County,US.GA.JS,61,1,
Waynesboro city,US.VA.WS,61,0,
Mayes County,US.OK.MY,60,4,
Cherokee County,US.OK.CK,60,1,
Scott County,US.KY.SC,60,0,
Huron County,US.MI.HU,60,1,
Fayette County,US.AL.FA,60,1,
Woodford County,US.KY.WO,60,0,
Saunders County,US.NE.SU,60,2,
Stutsman County,US.ND.SU,60,0,
Cass County,US.NE.CS,60,0,
Fulton County,US.IN.FU,60,1,
Gooding County,US.ID.GO,60,1,
Powhatan County,US.VA.PH,59,2,
Jefferson County,US.TN.JE,59,0,
Graham County,US.AZ.GA,59,2,
Pike County,US.KY.PI,59,2,
Sabine Parish,US.LA.SB,59,1,
Itasca County,US.MN.IT,59,12,
Martinsville city,US.VA.MR,59,1,
Butler County,US.MO.BE,59,0,
Williams County,US.OH.WI,59,1,
Alexander County,US.NC.AE,59,0,
Falls Church city,US.VA.FU,58,7,
Huntington County,US.IN.HU,58,2,
Cole County,US.MO.CE,58,1,
Cerro Gordo County,US.IA.CG,58,1,
Cherokee County,US.AL.CH,58,6,
Starke County,US.IN.SR,58,3,
Calhoun County,US.SC.CH,58,1,
Reno County,US.KS.RN,58,0,
Buffalo County,US.SD.BF,58,0,
Bradford County,US.FL.BA,58,2,
Washington County,US.VA.WG,58,4,
Lea County,US.NM.LE,58,0,
Manitowoc County,US.WI.MW,58,1,
Allegany County,US.NY.AL,58,2,
Dade County,US.GA.DD,58,1,
Pierce County,US.WI.PI,57,0,
Jefferson County,US.MS.JF,57,2,
Franklin County,US.IA.FN,57,0,
Emanuel County,US.GA.EM,57,2,
Hamilton County,US.NE.HM,57,11,
Marion County,US.IL.MO,57,0,
Gallatin County,US.KY.GL,57,7,
Barnwell County,US.SC.BN,57,1,
Elko County,US.NV.EL,56,1,
Blair County,US.PA.BL,56,1,
Clark County,US.WI.CL,56,6,
Clay County,US.GA.CY,56,2,
Milam County,US.TX.MI,56,1,
Union County,US.GA.UN,56,3,
Greene County,US.MS.GE,56,4,
Franklin County,US.KS.FR,56,0,
Coshocton County,US.OH.CS,56,0,
Monona County,US.IA.MO,56,0,
Clay County,US.IN.CY,56,3,
Fayette County,US.WV.FA,56,4,
Wood County,US.WV.WO,56,2,
Waldo County,US.ME.WL,55,14,
Lamar County,US.AL.LM,55,0,
Cedar County,US.IA.CD,55,1,
Schoharie County,US.NY.SO,55,2,
Perry County,US.MS.PY,55,3,
Greene County,US.TN.GE,55,2,
Jefferson County,US.IN.JF,55,1,
Talbot County,US.GA.TB,55,2,
Socorro County,US.NM.SO,55,5,
Botetourt County,US.VA.BO,55,4,
Windsor County,US.VT.WS,55,2,
Wyandot County,US.OH.WD,55,4,
Lincoln County,US.NE.LI,54,2,
Red River Parish,US.LA.RE,54,8,
Morrison County,US.MN.MR,54,1,
Le Sueur County,US.MN.LU,54,1,
Mendocino County,US.CA.MI,54,0,
Roosevelt County,US.NM.RO,54,1,
Union County,US.SC.UN,54,0,
Williamsburg City,US.VA.WL,54,5,
Howard County,US.AR.HW,54,0,
Harrison County,US.KY.HS,54,0,
Bamberg County,US.SC.BM,54,0,
Beaufort County,US.NC.BA,54,0,
Gentry County,US.MO.GT,54,9,
Garfield County,US.OK.GF,54,1,
Big Horn County,US.MT.BI,54,3,
Bleckley County,US.GA.BK,54,1,
Essex County,US.VA.ES,54,0,
Elbert County,US.CO.EB,54,2,
Van Zandt County,US.TX.VN,54,3,
Clinton County,US.OH.CI,54,0,
Oglala Lakota County,US.SD.SH,53,0,
Grant County,US.KY.GT,53,4,
Douglas County,US.MN.DU,53,0,
Marion County,US.WV.MI,53,2,
Burleson County,US.TX.BU,53,0,
Matanuska-Susitna Borough,US.AK.MA,53,1,
Hardin County,US.IA.HD,53,0,
Hampton County,US.SC.HA,53,1,
Fulton County,US.OH.FU,53,0,
Pulaski County,US.IN.PL,53,1,
Ochiltree County,US.TX.OC,53,2,
Isanti County,US.MN.IS,52,0,
White County,US.TN.WH,52,2,
Unicoi County,US.TN.UC,52,0,
Quitman County,US.MS.QU,52,0,
Laurel County,US.KY.LU,52,2,
Mineral County,US.WV.ML,52,2,
Poinsett County,US.AR.PN,52,3,
Cowley County,US.KS.CL,52,1,
Coffey County,US.KS.CF,52,8,
Fayette County,US.TX.FT,52,2,
Calhoun County,US.TX.CU,52,3,
Jones County,US.GA.JE,51,0,
Carteret County,US.NC.CE,51,3,
Ward County,US.ND.WR,51,1,
Ashley County,US.AR.AS,51,1,
Hardin County,US.TN.HI,51,5,
Castro County,US.TX.AS,51,1,
Meeker County,US.MN.ME,51,1,
Butler County,US.NE.BE,51,0,
Shelby County,US.OH.SH,51,3,
Barton County,US.KS.BT,51,2,
Klickitat County,US.WA.KL,51,3,
Rush County,US.IN.RU,51,3,
Carroll County,US.NH.CA,51,0,
Sharp County,US.AR.SH,50,4,
St. Francois County,US.MO.SF,50,2,
Cumberland County,US.VA.CU,50,0,
Clark County,US.AR.CK,50,0,
Marshall County,US.KY.MH,50,2,
Jackson County,US.MN.JA,50,0,
Benton County,US.IA.BN,50,1,
Pennington County,US.MN.PI,50,0,
Nelson County,US.KY.NE,50,1,
Todd County,US.SD.TO,50,1,
Lafayette County,US.WI.LF,49,0,
Dallam County,US.TX.DL,49,0,
Geneva County,US.AL.GE,49,0,
Salem city,US.VA.SE,49,3,
Harrison County,US.WV.HR,49,1,
Yuma County,US.CO.YU,49,0,
Eddy County,US.NM.ED,49,1,
Tallahatchie County,US.MS.TL,49,1,
Osceola County,US.IA.OS,49,0,
Bradford County,US.PA.BF,49,3,
Hutchinson County,US.TX.UT,49,0,
Preble County,US.OH.PR,49,1,
Chattooga County,US.GA.CG,49,2,
Moniteau County,US.MO.ME,49,1,
Monroe County,US.IA.MR,49,6,
Del Norte County,US.CA.DE,48,0,
Coosa County,US.AL.CS,48,1,
Becker County,US.MN.BC,48,0,
Butler County,US.KS.BU,48,0,
Franklin County,US.VA.FN,48,1,
Smith County,US.TN.SH,48,1,
Missoula County,US.MT.MS,48,1,
Douglas County,US.NV.DO,48,0,
New Kent County,US.VA.NK,48,1,
Seminole County,US.GA.SI,48,2,
Logan County,US.OH.LG,48,0,
Hopkins County,US.TX.HP,48,1,
Greene County,US.VA.GE,48,1,
Marion County,US.TN.MI,48,2,
Sweetwater County,US.WY.SW,48,0,
Lincoln County,US.TN.LI,48,0,
Hart County,US.GA.HT,48,0,
Stephens County,US.OK.ST,48,1,
Lewis County,US.WA.LE,47,3,
Pittsburg County,US.OK.PI,47,3,
Brookings County,US.SD.BK,47,0,
Murray County,US.MN.MU,47,0,
Pottawatomie County,US.KS.PT,47,0,
Vermilion County,US.IL.VE,47,2,
Tishomingo County,US.MS.TS,47,1,
Boyd County,US.KY.BD,47,3,
Macoupin County,US.IL.MP,47,3,
Lee County,US.TX.LE,47,3,
Adams County,US.IL.AD,47,1,
Hill County,US.TX.HI,47,1,
Codington County,US.SD.CD,47,0,
Luna County,US.NM.LU,47,2,
Jefferson County,US.IA.JE,46,0,
Kearny County,US.KS.KE,46,1,
Hot Spring County,US.AR.HT,46,0,
Emmet County,US.IA.EM,46,0,
Gage County,US.NE.GG,46,4,
Jasper County,US.IL.JS,46,7,
Oconto County,US.WI.OC,46,0,
Pulaski County,US.GA.PL,46,2,
Clatsop County,US.OR.CT,46,0,
Somerset County,US.PA.SO,46,1,
Campbell County,US.WY.CM,46,0,
Lake County,US.CO.LK,46,0,
Colorado County,US.TX.CO,46,0,
Pawnee County,US.OK.PW,46,2,
Irwin County,US.GA.IR,45,1,
Camden County,US.MO.CM,45,1,
Fayette County,US.OH.FY,45,0,
Ashe County,US.NC.AS,45,1,
Flathead County,US.MT.FL,45,2,
Marion County,US.IA.MI,45,0,
Charles Mix County,US.SD.CH,45,0,
Custer County,US.OK.CU,45,0,
Holmes County,US.FL.HO,45,0,
Dawson County,US.TX.DW,45,1,
Crane County,US.TX.CR,45,5,
Miller County,US.GA.ML,45,0,
Marion County,US.KY.MN,45,0,
Allendale County,US.SC.AL,45,3,
Heard County,US.GA.HD,45,3,
Guernsey County,US.OH.GU,44,3,
Perry County,US.IL.PY,44,0,
Clarke County,US.VA.CK,44,0,
Cortland County,US.NY.CD,44,1,
Wayne County,US.GA.WY,44,0,
Howard County,US.NE.HW,44,4,
Morgan County,US.GA.MO,44,0,
Independence County,US.AR.IN,44,0,
Saline County,US.KS.SA,44,2,
Kendall County,US.TX.KD,44,0,
Franklin city,US.VA.FR,44,2,
Lyman County,US.SD.LY,44,0,
Dukes County,US.MA.DU,44,0,
Washington County,US.CO.WA,44,0,
Marshall County,US.TN.MS,44,1,
Erath County,US.TX.ER,44,1,
Mountrail County,US.ND.MU,43,0,
Sanilac County,US.MI.SL,43,6,
Washington County,US.NE.WS,43,1,
Lavaca County,US.TX.LA,43,1,
Wilkes County,US.GA.WS,43,1,
Malheur County,US.OR.ML,43,1,
Hempstead County,US.AR.HE,43,1,
Jones County,US.IA.JN,43,0,
Watauga County,US.NC.WT,43,0,
Montgomery County,US.IL.MT,42,1,
Marinette County,US.WI.MT,42,3,
Ottawa County,US.OK.OT,42,2,
Glenn County,US.CA.GL,42,0,
Kewaunee County,US.WI.KW,42,1,
Lawrence County,US.OH.LW,42,0,
Austin County,US.TX.AU,42,0,
Wythe County,US.VA.WY,42,1,
Christian County,US.IL.CI,42,4,
Callaway County,US.MO.CA,42,1,
Greenbrier County,US.WV.GE,42,0,
Madison County,US.VA.MD,42,1,
Douglas County,US.IL.DO,42,0,
Wasco County,US.OR.WC,42,1,
Sac County,US.IA.SA,42,0,
McPherson County,US.KS.MP,41,0,
Harrison County,US.IA.HR,41,0,
Mason County,US.WA.MA,41,1,
George County,US.MS.GR,41,2,
Yuba County,US.CA.YU,41,1,
Garvin County,US.OK.GV,41,1,
Meade County,US.SD.MD,41,1,
Upshur County,US.TX.US,41,0,
Gloucester County,US.VA.GL,41,1,
Hardy County,US.WV.HD,41,0,
Amelia County,US.VA.AI,41,1,
DeKalb County,US.TN.DE,41,0,
Lee County,US.IA.LE,41,1,
Montgomery County,US.KY.MM,41,0,
Brown County,US.OH.BR,41,1,
Washington County,US.VT.WA,41,1,
Sullivan County,US.IN.SU,41,1,
Overton County,US.TN.OV,40,0,
Putnam County,US.WV.PU,40,0,
Mason County,US.MI.MN,40,0,
Monroe County,US.WI.MO,40,1,
Yates County,US.NY.YA,40,6,
Hampshire County,US.WV.HM,40,1,
Payette County,US.ID.PA,40,2,
Limestone County,US.TX.LO,40,1,
Roberts County,US.SD.RO,40,0,
Haywood County,US.TN.HY,40,2,
Knox County,US.IN.KN,40,0,
Defiance County,US.OH.DF,40,2,
Essex County,US.NY.ES,40,0,
Dixon County,US.NE.DI,40,1,
Door County,US.WI.DO,40,3,
Jerauld County,US.SD.JE,39,1,
Polk County,US.WI.PL,39,1,
Baker County,US.FL.BK,39,4,
Val Verde County,US.TX.VL,39,0,
York County,US.NE.YO,39,0,
Teller County,US.CO.TE,39,2,
Andrew County,US.MO.AN,39,0,
Halifax County,US.VA.HL,39,1,
Union County,US.FL.UN,39,2,
Grundy County,US.TN.GU,39,1,
Owen County,US.IN.OW,39,1,
Weakley County,US.TN.WE,39,0,
City and Borough of Juneau,US.AK.JU,39,0,
Washakie County,US.WY.WA,39,3,
Grand Traverse County,US.MI.GN,38,5,
Preston County,US.WV.PR,38,2,
Perry County,US.KY.PR,38,1,
Charlton County,US.GA.CT,38,2,
Benton County,US.IN.BE,38,0,
McNairy County,US.TN.MA,38,0,
Carroll County,US.OH.CO,38,3,
Crawford County,US.PA.CW,38,0,
Franklin County,US.ME.FR,38,1,
Elmore County,US.ID.EL,38,2,
Hawkins County,US.TN.HW,38,2,
Arenac County,US.MI.AR,38,1,
Russell County,US.KY.RU,38,4,
Swain County,US.NC.SW,38,0,
Humboldt County,US.IA.HU,38,1,
Merrick County,US.NE.ME,37,0,
Champaign County,US.OH.CH,37,1,
Brown County,US.IN.BR,37,1,
Webster County,US.KY.WE,37,0,
Wakulla County,US.FL.WK,37,1,
Richland County,US.ND.RI,37,0,
Marshall County,US.WV.MH,37,0,
Highland County,US.OH.HI,37,1,
Ashland County,US.OH.AL,37,0,
Mono County,US.CA.MO,37,1,
Okmulgee County,US.OK.OM,36,0,
Davis County,US.IA.DV,36,1,
Jefferson County,US.FL.JE,36,4,
Waseca County,US.MN.WE,36,0,
Henry County,US.TN.HR,36,0,
Buchanan County,US.IA.BC,36,1,
Towns County,US.GA.TW,36,1,
Wyoming County,US.PA.WM,36,7,
Livingston County,US.IL.LI,36,2,
Warren County,US.TN.WR,36,0,
Carroll County,US.TN.CR,36,1,
Patrick County,US.VA.PK,36,0,
Baker County,US.GA.BR,36,3,
Crawford County,US.GA.CW,36,0,
Cass County,US.TX.CS,36,2,
Little River County,US.AR.LT,35,0,
Bradley County,US.AR.BR,35,2,
Wheeler County,US.GA.WL,35,0,
Appomattox County,US.VA.AP,35,0,
Iowa County,US.IA.IO,35,0,
Charles City County,US.VA.CC,35,2,
Lincoln County,US.ID.LI,35,0,
Hood County,US.TX.HO,35,4,
Clayton County,US.IA.CT,35,3,
Rabun County,US.GA.RB,35,4,
Jo Daviess County,US.IL.JO,35,1,
Washington County,US.NC.WI,35,3,
Hancock County,US.IA.HN,35,0,
Stone County,US.MS.ST,35,1,
Andrews County,US.TX.AR,35,0,
DeWitt County,US.TX.DE,35,1,
Yancey County,US.NC.YN,35,0,
Forest County,US.WI.FR,34,2,
Torrance County,US.NM.TO,34,1,
Roane County,US.TN.RA,34,0,
Madison County,US.IA.MD,34,2,
Clark County,US.KS.CA,34,0,
Cannon County,US.TN.CN,34,0,
Oxford County,US.ME.OX,34,0,
New Madrid County,US.MO.NW,34,2,
Lake County,US.CA.LK,34,0,
Tehama County,US.CA.TE,34,1,
Custer County,US.NE.CU,34,4,
Cuming County,US.NE.CM,34,0,
Pocahontas County,US.IA.PC,34,0,
Aurora County,US.SD.AU,34,0,
Jefferson County,US.WA.JE,33,0,
Clallam County,US.WA.CL,33,0,
Hart County,US.KY.HT,33,0,
Seminole County,US.OK.SM,33,3,
King William County,US.VA.KW,33,0,
Mason County,US.TX.MA,33,0,
Davison County,US.SD.DV,33,0,
Coos County,US.OR.CO,33,0,
Jasper County,US.TX.JR,33,1,
Knox County,US.OH.KN,33,1,
Pike County,US.MO.PI,33,1,
Taos County,US.NM.TA,33,0,
Bee County,US.TX.BE,33,0,
Ogemaw County,US.MI.OG,32,2,
Wabaunsee County,US.KS.WB,32,0,
Blackford County,US.IN.BL,32,2,
Seward County,US.NE.SA,32,1,
Otero County,US.NM.OT,32,6,
Jackson County,US.OK.JA,32,3,
Polk County,US.TN.PO,32,0,
Alcorn County,US.MS.AL,32,1,
Douglas County,US.OR.DO,32,0,
Drew County,US.AR.DR,32,1,
Warren County,US.MO.WR,32,0,
Kerr County,US.TX.KR,32,1,
Lyon County,US.IA.LY,32,0,
Monroe County,US.KY.MO,32,0,
Cherokee County,US.NC.CO,32,1,
Christian County,US.MO.CT,31,0,
Butler County,US.IA.BE,31,2,
Uvalde County,US.TX.UV,31,0,
Kit Carson County,US.CO.KT,31,3,
Howell County,US.MO.HW,31,0,
Woodford County,US.IL.WO,31,2,
Randolph County,US.AR.RA,31,1,
Columbia County,US.AR.CI,31,2,
Boyle County,US.KY.BE,31,0,
Pulaski County,US.VA.PU,31,1,
Delaware County,US.IA.DA,31,1,
Hamilton County,US.KS.HM,31,0,
Zapata County,US.TX.ZP,31,0,
Clay County,US.AR.CY,31,0,
Morris County,US.TX.MR,31,0,
Clarion County,US.PA.CL,31,2,
Geary County,US.KS.GE,31,1,
Alleghany County,US.VA.AL,30,2,
Clay County,US.AL.CY,30,2,
Faribault County,US.MN.FA,30,0,
Fremont County,US.CO.FR,30,0,
Clay County,US.KY.CY,30,3,
Kalkaska County,US.MI.KK,30,2,
Madison County,US.ID.MA,30,0,
Taney County,US.MO.TA,30,2,
Franklin County,US.TX.FK,30,0,
Lamoille County,US.VT.LA,30,1,
Franklin County,US.MS.FR,30,2,
Smyth County,US.VA.SM,30,0,
Campbell County,US.VA.CM,30,1,
Perquimans County,US.NC.PQ,30,2,
Meade County,US.KS.ME,30,0,
Van Buren County,US.AR.VA,30,2,
Seneca County,US.OH.SE,30,2,
Meigs County,US.TN.ME,30,0,
Charlotte County,US.VA.CT,30,0,
Stevens County,US.KS.SV,30,0,
Alleghany County,US.NC.AL,30,0,
Greene County,US.PA.GR,30,0,
Beaver County,US.OK.BA,30,0,
Barron County,US.WI.BR,30,0,
Sagadahoc County,US.ME.SA,30,0,
Sherman County,US.TX.SN,30,0,
Lamb County,US.TX.LB,29,0,
Wood County,US.WI.WO,29,1,
Scurry County,US.TX.SU,29,0,
Jersey County,US.IL.JR,29,1,
Vernon County,US.WI.VE,29,0,
Sevier County,US.UT.SE,29,0,
Toole County,US.MT.TO,29,6,
Mills County,US.IA.ML,29,0,
Hughes County,US.SD.HG,29,0,
Dunn County,US.WI.DN,29,0,
Floyd County,US.IA.FL,29,1,
Mille Lacs County,US.MN.MI,29,1,
Raleigh County,US.WV.RL,29,0,
Hockley County,US.TX.HC,29,1,
Long County,US.GA.LG,28,1,
Northumberland County,US.VA.NU,28,1,
Labette County,US.KS.LB,28,0,
Fayette County,US.IA.FT,28,0,
Amherst County,US.VA.AH,28,0,
Spencer County,US.KY.SP,28,0,
Sanpete County,US.UT.SP,28,0,
Henry County,US.KY.HY,28,2,
Barry County,US.MO.BR,28,0,
Sibley County,US.MN.SI,28,2,
Albany County,US.WY.AL,28,0,
Whitman County,US.WA.WI,28,0,
Perry County,US.TN.PE,28,0,
Adams County,US.IN.AD,28,1,
Tipton County,US.IN.TT,28,1,
Calaveras County,US.CA.CA,28,0,
San Miguel County,US.CO.SM,28,0,
McIntosh County,US.OK.MI,27,1,
Cooke County,US.TX.OO,27,0,
Juneau County,US.WI.JU,27,1,
Donley County,US.TX.DO,27,0,
Wabasha County,US.MN.WB,27,0,
Crawford County,US.IN.CW,27,0,
Morrow County,US.OR.MO,27,0,
Anderson County,US.KY.AN,27,1,
Crawford County,US.WI.CR,27,0,
Mecosta County,US.MI.MT,27,2,
Nowata County,US.OK.NW,27,1,
Bingham County,US.ID.BG,27,0,
Cocke County,US.TN.CE,27,0,
Wise County,US.VA.WI,27,2,
Taylor County,US.GA.TY,27,2,
Carter County,US.TN.CT,27,1,
Franklin County,US.NY.FR,27,0,
Greene County,US.IA.GE,27,0,
Dare County,US.NC.DE,27,1,
Cameron Parish,US.LA.CM,26,0,
Grundy County,US.IA.GN,26,0,
Atchison County,US.KS.AT,26,0,
Williams County,US.ND.WI,26,0,
Noble County,US.OK.NB,26,0,
Logan County,US.OK.LG,26,1,
Desha County,US.AR.DE,26,0,
Josephine County,US.OR.JO,26,1,
Lucas County,US.IA.LU,26,3,
Jones County,US.NC.JN,26,3,
Columbia County,US.OR.CL,26,0,
Wayne County,US.NE.WY,26,0,
Johnson County,US.TN.JO,26,0,
Lander County,US.NV.LA,26,0,
Emmet County,US.MI.EM,26,2,
Conway County,US.AR.CN,26,3,
Rock County,US.MN.RC,26,0,
Somerset County,US.ME.SO,26,0,
Cheboygan County,US.MI.CY,26,2,
Bourbon County,US.KY.BU,26,1,
Clare County,US.MI.CE,26,2,
Campbell County,US.TN.CM,26,1,
Roscommon County,US.MI.RO,26,0,
Carroll County,US.KY.CL,26,0,
Hidalgo County,US.NM.HI,26,0,
Turner County,US.SD.TU,25,0,
Crockett County,US.TN.CK,25,3,
Le Flore County,US.OK.LE,25,1,
Osceola County,US.MI.OE,25,0,
Taylor County,US.KY.TA,25,1,
Madison County,US.TX.AD,25,0,
Grainger County,US.TN.GA,25,0,
Ray County,US.MO.RY,25,0,
Floyd County,US.KY.FO,25,0,
Lincoln County,US.OK.LI,25,2,
Gibson County,US.IN.GI,25,2,
Perry County,US.OH.PE,25,1,
Love County,US.OK.LV,25,0,
Montgomery County,US.GA.MM,25,0,
Gates County,US.NC.GT,25,2,
Clay County,US.NE.CL,25,0,
Calhoun County,US.IA.CO,25,0,
Meade County,US.KY.MA,24,2,
Kleberg County,US.TX.KL,24,1,
Sullivan County,US.NH.SU,24,1,
Winneshiek County,US.IA.WH,24,0,
Athens County,US.OH.AS,24,1,
Converse County,US.WY.CE,24,0,
Fountain County,US.IN.FO,24,2,
Howard County,US.TX.HW,24,1,
McLean County,US.KY.ML,24,1,
Bureau County,US.IL.BU,24,1,
Mitchell County,US.NC.MI,24,0,
Montgomery County,US.KS.MG,24,2,
Giles County,US.TN.GL,24,0,
Tensas Parish,US.LA.TN,24,0,
Perry County,US.AR.PY,24,0,
Pontotoc County,US.OK.PN,24,2,
Gray County,US.KS.GY,24,0,
King and Queen County,US.VA.KA,24,1,
Union County,US.KY.UN,24,0,
Inyo County,US.CA.IN,24,1,
Green Lake County,US.WI.GL,24,0,
Grant County,US.AR.GN,24,0,
Jackson County,US.WI.JA,24,1,
Jackson County,US.TX.JA,24,1,
Brewster County,US.TX.BS,24,0,
Spencer County,US.IN.SP,24,1,
Missaukee County,US.MI.MU,24,1,
Lewis and Clark County,US.MT.LE,23,0,
Hansford County,US.TX.HF,23,2,
Park County,US.CO.PA,23,0,
Breckinridge County,US.KY.BC,23,2,
McIntosh County,US.GA.MH,23,1,
Fayette County,US.IL.FA,23,3,
Gladwin County,US.MI.GL,23,1,
Todd County,US.KY.TO,23,0,
San Jacinto County,US.TX.SJ,23,0,
Tillman County,US.OK.TI,23,1,
Haskell County,US.KS.HS,23,0,
Posey County,US.IN.PS,23,0,
McKenzie County,US.ND.MK,23,0,
Swisher County,US.TX.SW,23,1,
Beltrami County,US.MN.BT,23,0,
Menard County,US.IL.MN,23,0,
Doniphan County,US.KS.DP,23,0,
Jefferson County,US.KS.JF,23,0,
Kossuth County,US.IA.KO,23,0,
Twiggs County,US.GA.TG,23,1,
Knox County,US.ME.KN,23,1,
Ford County,US.IL.FO,22,1,
Nemaha County,US.KS.NM,22,0,
Pocahontas County,US.WV.PO,22,0,
Clinton County,US.MO.CO,22,0,
Charlevoix County,US.MI.CV,22,2,
Robertson County,US.TX.RO,22,0,
Cleburne County,US.AL.CB,22,1,
Falls County,US.TX.FL,22,0,
Grays Harbor County,US.WA.GY,22,0,
Cleveland County,US.AR.CV,22,0,
Carbon County,US.WY.CB,22,1,
Kauai County,US.HI.KU,22,0,
Owyhee County,US.ID.OW,22,0,
Morgan County,US.TN.MG,22,1,
Sequatchie County,US.TN.SQ,22,0,
Sequoyah County,US.OK.SQ,22,3,
Uintah County,US.UT.UN,22,0,
Switzerland County,US.IN.SW,22,0,
Vinton County,US.OH.VI,22,2,
Otero County,US.CO.OT,22,1,
Carter County,US.KY.CR,21,0,
Logan County,US.WV.LO,21,1,
Logan County,US.AR.LG,21,0,
Phelps County,US.NE.PH,21,0,
Ketchikan Gateway Borough,US.AK.KG,21,0,
Stanton County,US.NE.ST,21,0,
Trinity County,US.TX.TR,21,0,
Delta County,US.MI.DE,21,2,
Lunenburg County,US.VA.LN,21,0,
Schley County,US.GA.SY,21,1,
Jackson County,US.TN.JA,21,0,
Marion County,US.TX.MN,21,1,
Lincoln County,US.ME.LI,21,0,
Lincoln County,US.GA.LC,21,1,
Lewis County,US.NY.LE,21,5,
Lynn County,US.TX.LY,21,1,
Henry County,US.OH.HE,21,0,
Benewah County,US.ID.BA,21,0,
Brown County,US.MN.BR,21,2,
Scioto County,US.OH.SC,21,0,
Marshall County,US.OK.MH,21,0,
Grant County,US.KS.GT,21,1,
Jim Wells County,US.TX.JW,21,0,
Fillmore County,US.MN.FI,21,0,
Alcona County,US.MI.AC,21,1,
Faulk County,US.SD.FU,21,0,
Siskiyou County,US.CA.SK,21,0,
Hancock County,US.WV.HN,21,0,
Moody County,US.SD.MO,21,0,
Wilkin County,US.MN.WL,20,3,
Boone County,US.WV.BN,20,0,
Parke County,US.IN.PA,20,0,
Izard County,US.AR.IZ,20,1,
Morgan County,US.WV.MA,20,0,
Tioga County,US.PA.TI,20,2,
Trigg County,US.KY.TG,20,0,
Swift County,US.MN.SW,20,1,
Candler County,US.GA.CR,20,0,
Martin County,US.IN.MN,20,0,
Asotin County,US.WA.AS,20,2,
Guadalupe County,US.NM.GU,20,0,
Cascade County,US.MT.CS,20,2,
Webster County,US.MO.WE,20,0,
Jackson County,US.AR.JA,20,0,
Jefferson County,US.PA.JE,20,1,
Custer County,US.MT.CU,20,0,
Johnson County,US.IL.JH,20,0,
Douglas County,US.WI.DG,20,0,
Johnson County,US.WY.JO,19,1,
Ida County,US.IA.ID,19,0,
Washington County,US.IL.WG,19,0,
Chowan County,US.NC.CW,19,0,
Henderson County,US.TN.HS,19,0,
Mason County,US.IL.MS,19,0,
Mercer County,US.IL.ME,19,0,
Whitley County,US.KY.WH,19,0,
Warren County,US.GA.WR,19,0,
Waushara County,US.WI.WS,19,0,
Ravalli County,US.MT.RA,19,0,
Sheridan County,US.WY.SH,19,0,
Grand County,US.CO.GR,18,0,
Palo Alto County,US.IA.PO,18,0,
Treutlen County,US.GA.TE,18,1,
Mariposa County,US.CA.MP,18,1,
Hancock County,US.IL.HC,18,1,
Buchanan County,US.VA.BH,18,0,
San Miguel County,US.NM.SM,18,0,
Adams County,US.OH.AD,18,1,
Carroll County,US.IL.CL,18,2,
Transylvania County,US.NC.TR,18,1,
Lafayette County,US.FL.LF,18,0,
Hamilton County,US.TX.HM,18,1,
Mason County,US.KY.MS,18,0,
Wexford County,US.MI.WE,18,3,
Lyon County,US.KY.LY,18,3,
Page County,US.IA.PG,18,0,
Cherokee County,US.KS.CK,18,0,
Iowa County,US.WI.IO,18,0,
Franklin County,US.ID.FA,18,0,
Clear Creek County,US.CO.CL,18,1,
Floyd County,US.TX.FY,18,0,
Arkansas County,US.AR.AR,18,0,
Freestone County,US.TX.FE,18,0,
Humphreys County,US.TN.HU,18,1,
Norman County,US.MN.NR,18,0,
Appanoose County,US.IA.AP,18,3,
Alexander County,US.IL.AL,18,0,
Rockbridge County,US.VA.RB,18,0,
Benton County,US.MS.BE,18,0,
Nelson County,US.VA.NL,18,0,
Paulding County,US.OH.PA,18,0,
Lake County,US.SD.LK,17,1,
Lincoln County,US.KY.LN,17,1,
Mercer County,US.KY.MC,17,0,
Oneida County,US.WI.ON,17,0,
Walsh County,US.ND.WL,17,0,
Gem County,US.ID.GE,17,0,
Kingfisher County,US.OK.KN,17,0,
Nodaway County,US.MO.NO,17,0,
Rowan County,US.KY.RW,17,0,
Ouachita County,US.AR.OU,17,0,
Venango County,US.PA.VE,17,0,
Washington County,US.KY.WS,17,0,
Henry County,US.MO.HE,17,3,
Craig County,US.OK.CG,17,0,
Costilla County,US.CO.CS,17,0,
Fulton County,US.PA.FU,17,1,
Stewart County,US.TN.SA,17,0,
Webster County,US.GA.WT,17,1,
Currituck County,US.NC.CI,17,0,
Crawford County,US.IL.CW,17,0,
Prowers County,US.CO.PR,16,0,
Barnes County,US.ND.BA,16,0,
Rockcastle County,US.KY.RC,16,0,
Caledonia County,US.VT.CA,16,0,
Rappahannock County,US.VA.RP,16,0,
Young County,US.TX.YU,16,1,
Lawrence County,US.SD.LW,16,0,
Mercer County,US.WV.MR,16,0,
Chickasaw County,US.IA.CC,16,0,
Garrard County,US.KY.GR,16,0,
Knox County,US.NE.KN,16,0,
Stevens County,US.WA.ST,16,1,
Gillespie County,US.TX.GL,16,0,
Greenup County,US.KY.GU,16,0,
San Juan County,US.WA.SA,16,0,
Grundy County,US.MO.GU,16,0,
Morgan County,US.UT.MN,16,0,
Lewis County,US.KY.LI,16,0,
Pamlico County,US.NC.PM,16,0,
Shelby County,US.IL.SB,16,1,
Grant County,US.NM.GR,16,0,
Miami County,US.KS.MI,16,0,
Claiborne County,US.TN.CI,16,0,
Jackson County,US.OH.JA,16,0,
Grant County,US.WV.GA,16,0,
Ellis County,US.KS.EL,16,0,
Harlan County,US.KY.HL,16,1,
Piatt County,US.IL.PA,16,0,
Scott County,US.KS.SC,16,0,
Wheeler County,US.TX.WL,16,0,
Keokuk County,US.IA.KE,16,1,
Cass County,US.IA.CS,16,0,
Quitman County,US.GA.QU,15,1,
Mason County,US.WV.MN,15,0,
Decatur County,US.TN.DC,15,0,
Brule County,US.SD.BU,15,0,
Wabash County,US.IL.WB,15,0,
Fulton County,US.KY.FU,15,0,
Fentress County,US.TN.FE,15,0,
Sabine County,US.TX.SB,15,1,
Traill County,US.ND.TR,15,0,
Evans County,US.GA.EV,15,0,
Neosho County,US.KS.NO,15,0,
Bracken County,US.KY.BK,15,0,
Lincoln County,US.WY.LI,15,0,
Moultrie County,US.IL.MI,15,0,
Lampasas County,US.TX.LP,15,0,
Barton County,US.MO.BT,15,0,
Phillips County,US.CO.PH,15,0,
Richland County,US.WI.RI,15,4,
Lewis County,US.WV.LE,15,1,
Scott County,US.TN.SC,15,0,
Harvey County,US.KS.HV,15,2,
Jackson County,US.IA.JC,15,0,
Van Wert County,US.OH.VA,15,0,
Audubon County,US.IA.AU,15,1,
Manistee County,US.MI.ME,14,0,
Ste. Genevieve County,US.MO.SG,14,1,
Hudspeth County,US.TX.HU,14,0,
Power County,US.ID.PO,14,0,
Gaines County,US.TX.GS,14,0,
Teton County,US.ID.TE,14,0,
Yellow Medicine County,US.MN.YE,14,0,
Blanco County,US.TX.BC,14,1,
Benton County,US.MO.BN,14,0,
Antrim County,US.MI.AN,14,0,
Terry County,US.TX.TE,14,0,
Morrill County,US.NE.MO,14,0,
Palo Pinto County,US.TX.PO,14,2,
Comanche County,US.TX.CE,14,1,
Chester County,US.TN.CS,14,0,
Ballard County,US.KY.BA,14,0,
Tyler County,US.TX.TY,14,0,
Pendleton County,US.KY.PN,14,0,
Pipestone County,US.MN.PS,14,0,
Wright County,US.MO.WG,14,0,
Orleans County,US.VT.OL,14,0,
Big Stone County,US.MN.BI,14,0,
Reeves County,US.TX.RE,14,0,
Greenlee County,US.AZ.GE,14,1,
Washington County,US.MO.WS,14,1,
Baxter County,US.AR.BA,14,0,
Middlesex County,US.VA.MI,14,0,
Warren County,US.IN.WN,14,1,
Hartley County,US.TX.HL,13,2,
Bandera County,US.TX.BA,13,0,
Grant County,US.SD.GA,13,0,
McCreary County,US.KY.MR,13,0,
Montgomery County,US.MO.MM,13,0,
Hancock County,US.ME.HA,13,1,
Gosper County,US.NE.GO,13,0,
Nantucket County,US.MA.NA,13,1,
Schuyler County,US.IL.SU,13,0,
Clay County,US.TN.CY,13,0,
Knox County,US.KY.KX,13,0,
Day County,US.SD.DY,13,0,
Surry County,US.VA.SR,13,1,
Ohio County,US.IN.OH,13,0,
Corson County,US.SD.CO,13,0,
Lafayette County,US.AR.LF,13,1,
Otoe County,US.NE.OT,13,0,
Aitkin County,US.MN.AI,13,0,
Linn County,US.KS.LN,13,0,
Callahan County,US.TX.AL,13,2,
Clark County,US.IL.CK,13,0,
Leon County,US.TX.LN,13,0,
Pendleton County,US.WV.PE,13,1,
Cheyenne County,US.NE.CY,13,0,
Zavala County,US.TX.ZV,13,0,
Carbon County,US.UT.CR,13,0,
Vermillion County,US.IN.VE,13,0,
Ransom County,US.ND.RN,13,0,
Linn County,US.MO.LN,13,1,
Fillmore County,US.NE.FI,13,1,
Blaine County,US.OK.BL,13,0,
Kanabec County,US.MN.KA,13,1,
McKean County,US.PA.MC,13,1,
Winnebago County,US.IA.WB,13,0,
Potter County,US.PA.PO,13,0,
Murray County,US.OK.MR,13,0,
Laclede County,US.MO.LD,12,0,
Renville County,US.MN.RN,12,0,
Redwood County,US.MN.RW,12,0,
Ripley County,US.MO.RI,12,0,
Logan County,US.IL.LO,12,0,
Sioux County,US.ND.SI,12,0,
Amador County,US.CA.AM,12,0,
Marshall County,US.MN.MS,12,0,
Juab County,US.UT.JU,12,0,
Hot Springs County,US.WY.HO,12,0,
Leelanau County,US.MI.LE,12,0,
Taylor County,US.WV.TA,12,0,
Kearney County,US.NE.KA,12,0,
Adair County,US.IA.AI,12,0,
Howard County,US.IA.HO,12,0,
Grand County,US.UT.GR,12,0,
Baca County,US.CO.BA,12,0,
Morgan County,US.MO.MG,12,0,
Fulton County,US.IL.FU,12,0,
Vernon County,US.MO.VE,12,0,
Franklin County,US.IL.FR,12,0,
Caldwell County,US.KY.CD,12,0,
Cooper County,US.MO.CP,12,0,
Presque Isle County,US.MI.PR,12,0,
Buena Vista city,US.VA.BE,12,0,
Woodward County,US.OK.WW,12,0,
Prairie County,US.AR.PR,12,0,
Polk County,US.NE.PO,12,0,
Bond County,US.IL.BN,12,1,
Schuyler County,US.NY.SU,12,0,
Dunn County,US.ND.DU,12,0,
Fleming County,US.KY.FE,12,0,
Poquoson city,US.VA.PQ,12,0,
Pacific County,US.WA.PA,12,1,
Montague County,US.TX.MU,12,1,
Bates County,US.MO.BS,12,1,
Cass County,US.MN.CS,12,2,
Randolph County,US.MO.RN,12,0,
Pike County,US.OH.PK,12,0,
Camden County,US.NC.CD,12,0,
Sanborn County,US.SD.SA,12,0,
Union County,US.IA.UN,12,0,
Union County,US.IN.UN,12,0,
Mingo County,US.WV.MO,12,2,
Effingham County,US.IL.EF,12,1,
Burt County,US.NE.BT,11,0,
Wayne County,US.IL.WY,11,1,
Stone County,US.AR.ST,11,0,
Lancaster County,US.VA.LA,11,0,
Clark County,US.SD.CK,11,0,
Larue County,US.KY.LR,11,1,
Roane County,US.WV.RO,11,1,
Lawrence County,US.MO.LW,11,0,
Lake County,US.MT.LA,11,0,
Casey County,US.KY.CS,11,0,
Brown County,US.KS.BR,11,0,
Bon Homme County,US.SD.BH,11,0,
Karnes County,US.TX.KS,11,0,
Big Horn County,US.WY.BI,11,0,
McLean County,US.ND.ML,11,0,
Hancock County,US.KY.HC,11,0,
McCormick County,US.SC.MC,11,1,
Harrison County,US.OH.HR,11,0,
Atoka County,US.OK.AT,11,0,
Gulf County,US.FL.GU,11,0,
Barbour County,US.WV.BB,11,1,
Greenwood County,US.KS.GW,11,0,
Upshur County,US.WV.UP,11,0,
Van Buren County,US.IA.VA,11,0,
Aroostook County,US.ME.AR,11,1,
Yoakum County,US.TX.YA,11,0,
Presidio County,US.TX.PS,11,0,
Bollinger County,US.MO.BI,11,0,
Jefferson County,US.ID.JF,11,0,
Silver Bow County,US.MT.SI,11,0,
Stanley County,US.SD.ST,11,0,
Bonner County,US.ID.BR,11,0,
Carroll County,US.MO.CL,11,0,
Wadena County,US.MN.WD,10,0,
Rusk County,US.WI.RU,10,0,
Wayne County,US.KY.WY,10,0,
Vilas County,US.WI.VI,10,0,
Stone County,US.MO.SE,10,0,
Schleicher County,US.TX.SH,10,0,
LaMoure County,US.ND.LA,10,0,
Gilmer County,US.WV.GI,10,0,
Churchill County,US.NV.CH,10,1,
DeKalb County,US.MO.DE,10,0,
Boone County,US.AR.BO,10,0,
Duchesne County,US.UT.DU,10,0,
Hutchinson County,US.SD.HT,10,0,
Houston County,US.TN.HO,10,0,
Pope County,US.MN.PE,10,0,
Menifee County,US.KY.ME,10,0,
Marion County,US.MO.MO,10,0,
Bath County,US.KY.BH,10,1,
Clay County,US.WV.CY,10,0,
Cumberland County,US.IL.CU,10,0,
Floyd County,US.VA.FO,10,1,
Carbon County,US.MT.CB,10,0,
Crawford County,US.MO.CF,10,0,
Ringgold County,US.IA.RI,10,0,
Hamlin County,US.SD.HM,10,0,
Brown County,US.IL.BR,10,0,
Polk County,US.MO.PO,10,0,
Conejos County,US.CO.CN,10,0,
Franklin County,US.AR.FR,10,0,
Adams County,US.WI.AD,10,2,
Osage County,US.KS.OS,10,0,
Garrett County,US.MD.GA,10,0,
Marquette County,US.WI.MQ,9,1,
Live Oak County,US.TX.LK,9,0,
Clay County,US.NC.CY,9,0,
Lipscomb County,US.TX.LM,9,0,
Stanton County,US.KS.ST,9,0,
Sitka City and Borough,US.AK.SI,9,0,
Cedar County,US.MO.CD,9,0,
Wetzel County,US.WV.WT,9,0,
Meigs County,US.OH.MS,9,0,
Cedar County,US.NE.CA,9,0,
Menominee County,US.MI.MM,9,0,
Park County,US.WY.PA,9,0,
Sharkey County,US.MS.SH,9,0,
Mitchell County,US.IA.ME,9,0,
Bourbon County,US.KS.BB,9,1,
Ouray County,US.CO.OU,9,1,
Moffat County,US.CO.MF,9,0,
Oscoda County,US.MI.OO,9,1,
Monroe County,US.WV.ME,9,0,
Montgomery County,US.IA.MG,9,2,
Orange County,US.VT.OA,9,0,
Sawyer County,US.WI.SW,9,0,
Lee County,US.VA.LE,9,0,
Jefferson County,US.NE.JE,9,0,
Harrison County,US.MO.HS,9,0,
Radford city,US.VA.RD,9,0,
Tazewell County,US.VA.TA,9,0,
Dallas County,US.MO.DL,9,0,
Gallia County,US.OH.GA,9,1,
Adams County,US.ID.AM,9,0,
Tuolumne County,US.CA.TO,9,0,
Russell County,US.VA.RU,9,0,
Fulton County,US.AR.FU,9,0,
Koochiching County,US.MN.KO,9,0,
Crook County,US.OR.CR,9,0,
Tripp County,US.SD.TR,9,0,
Union County,US.TN.UO,9,0,
Sumner County,US.KS.SU,9,1,
Lassen County,US.CA.LS,9,0,
Furnas County,US.NE.FU,9,1,
Latah County,US.ID.LA,8,0,
Caribou County,US.ID.CR,8,0,
Miller County,US.MO.ML,8,0,
Emery County,US.UT.EM,8,0,
Greene County,US.IL.GE,8,0,
Millard County,US.UT.MD,8,0,
Scott County,US.VA.SC,8,2,
Grand Isle County,US.VT.GR,8,0,
Caldwell County,US.MO.CW,8,0,
Scotland County,US.MO.SO,8,1,
Henderson County,US.IL.HD,8,0,
Houghton County,US.MI.HO,8,0,
Metcalfe County,US.KY.MT,8,2,
Decatur County,US.IA.DC,8,0,
Colfax County,US.NM.CO,8,0,
Lincoln County,US.WI.LI,8,0,
Livingston County,US.KY.LV,8,0,
Crosby County,US.TX.CB,8,1,
Kimball County,US.NE.KB,8,0,
Mackinac County,US.MI.MK,8,0,
Madison County,US.MT.MA,8,1,
Johnston County,US.OK.JO,8,0,
Elk County,US.PA.EL,8,0,
Wells County,US.ND.WE,8,0,
McCook County,US.SD.MC,8,1,
Johnson County,US.KY.JO,8,0,
Taylor County,US.WI.TA,8,0,
Dickinson County,US.KS.DK,8,0,
Lexington city,US.VA.LX,8,0,
Hodgeman County,US.KS.HG,8,0,
Nolan County,US.TX.NO,8,0,
Rolette County,US.ND.RO,8,0,
Park County,US.MT.PA,8,0,
Archuleta County,US.CO.AC,8,0,
Beckham County,US.OK.BC,8,0,
Avery County,US.NC.AV,8,0,
Pushmataha County,US.OK.PU,8,0,
Saline County,US.IL.SE,8,0,
Antelope County,US.NE.AN,8,0,
Ramsey County,US.ND.RM,8,1,
Benton County,US.TN.BN,8,1,
Rooks County,US.KS.RO,7,0,
Lewis County,US.MO.LE,7,1,
Monroe County,US.AR.ME,7,0,
Latimer County,US.OK.LA,7,1,
Sherman County,US.KS.SH,7,0,
Massac County,US.IL.MA,7,0,
Leslie County,US.KY.LS,7,0,
Ward County,US.TX.WD,7,0,
Dickinson County,US.MI.DI,7,2,
Wilbarger County,US.TX.WG,7,0,
Macon County,US.MO.MN,7,0,
Eastland County,US.TX.EA,7,0,
Colusa County,US.CA.CL,7,0,
Lincoln County,US.MT.LN,7,1,
Lincoln County,US.NM.LI,7,0,
Bosque County,US.TX.BQ,7,0,
Pike County,US.AR.PE,7,0,
Los Alamos County,US.NM.LO,7,0,
Houston County,US.MN.HO,7,0,
Cloud County,US.KS.CD,7,0,
Pembina County,US.ND.PE,7,0,
Searcy County,US.AR.SA,7,0,
Las Animas County,US.CO.LS,7,0,
Boone County,US.NE.BO,7,0,
Aransas County,US.TX.AA,7,0,
Daviess County,US.MO.DV,7,0,
Valley County,US.NE.VA,7,0,
Curry County,US.OR.CU,7,0,
Roosevelt County,US.MT.RO,7,0,
Rains County,US.TX.RI,7,0,
Haskell County,US.OK.HS,7,0,
Clay County,US.KS.CY,7,1,
Nicholas County,US.WV.NI,7,1,
Goliad County,US.TX.GI,7,0,
Morgan County,US.KY.MG,7,0,
Marion County,US.KS.MN,7,1,
Walworth County,US.SD.WA,7,0,
Garza County,US.TX.GR,7,0,
Adams County,US.IA.AM,7,0,
La Salle County,US.TX.LS,7,0,
Langlade County,US.WI.LN,7,0,
Major County,US.OK.MJ,7,1,
Scott County,US.AR.SC,7,0,
Crittenden County,US.KY.CT,7,1,
Buffalo County,US.WI.BF,7,2,
Lake County,US.MI.LK,7,0,
Forest County,US.PA.FO,7,0,
Edwards County,US.KS.ED,6,0,
Spink County,US.SD.SP,6,0,
Clearwater County,US.MN.CE,6,0,
Webster County,US.NE.WE,6,0,
Mahnomen County,US.MN.MH,6,1,
Pierce County,US.NE.PI,6,0,
Coal County,US.OK.CL,6,0,
Plumas County,US.CA.PU,6,0,
Edgar County,US.IL.EG,6,0,
Woodson County,US.KS.WO,6,0,
Wyoming County,US.WV.WY,6,0,
Kiowa County,US.OK.KO,6,0,
Johnson County,US.NE.JO,6,0,
Jim Hogg County,US.TX.JG,6,0,
Crook County,US.WY.CK,6,0,
Pratt County,US.KS.PR,6,0,
Lake County,US.OR.LK,6,0,
Craig County,US.VA.CG,6,0,
Jackson County,US.SD.JA,6,1,
Brooke County,US.WV.BO,6,0,
Worth County,US.IA.WT,6,0,
Letcher County,US.KY.LT,6,0,
Coos County,US.NH.CO,6,0,
Lincoln County,US.MN.LI,6,0,
Red Willow County,US.NE.RE,6,0,
Tillamook County,US.OR.TI,6,0,
Refugio County,US.TX.RF,6,0,
Pike County,US.IN.PI,6,0,
Livingston County,US.MO.LV,6,0,
Woodruff County,US.AR.WO,6,0,
Marshall County,US.IL.MH,6,0,
Carter County,US.MO.CR,6,1,
Carson County,US.TX.CN,6,0,
Morton County,US.KS.MT,6,0,
Franklin County,US.NE.FA,6,0,
Roseau County,US.MN.RS,6,0,
Oregon County,US.MO.OR,6,0,
Graham County,US.NC.GH,6,0,
Chariton County,US.MO.CI,6,0,
Shannon County,US.MO.SN,6,0,
Fall River County,US.SD.FL,6,0,
Childress County,US.TX.CD,6,0,
Morgan County,US.OH.MA,6,0,
Newton County,US.TX.NE,6,0,
Winkler County,US.TX.WI,6,0,
Hand County,US.SD.HD,6,0,
Giles County,US.VA.GI,6,0,
Gogebic County,US.MI.GO,6,1,
McDowell County,US.WV.MC,6,0,
Noble County,US.OH.NO,6,0,
Grant County,US.MN.GR,6,0,
Bethel Census Area,US.AK.BE,6,0,
Okfuskee County,US.OK.OF,6,0,
Mercer County,US.ND.ME,6,0,
Glacier County,US.MT.GC,6,0,
Gilpin County,US.CO.GI,6,0,
Phelps County,US.MO.PH,6,0,
Hamilton County,US.NY.HA,6,1,
Duval County,US.TX.DU,5,0,
Cotton County,US.OK.CT,5,2,
Lawrence County,US.KY.LC,5,0,
Wayne County,US.IA.WY,5,0,
Osage County,US.MO.OS,5,0,
Warren County,US.PA.WR,5,0,
Lewis County,US.TN.LE,5,0,
Owen County,US.KY.OE,5,0,
Van Buren County,US.TN.VA,5,0,
Morris County,US.KS.MR,5,0,
Montmorency County,US.MI.MR,5,0,
Union County,US.NM.UN,5,0,
Glasscock County,US.TX.GC,5,0,
Cumberland County,US.KY.CU,5,0,
Nome Census Area,US.AK.NM,5,0,
Ralls County,US.MO.RL,5,0,
Nicholas County,US.KY.NI,5,0,
Goshen County,US.WY.GO,5,0,
Nemaha County,US.NE.NE,5,0,
Lawrence County,US.IL.LW,5,0,
Burke County,US.ND.BK,5,0,
Crockett County,US.TX.CT,5,0,
Powell County,US.KY.PO,5,0,
Lane County,US.KS.LE,5,0,
Tyrrell County,US.NC.TY,5,0,
Moore County,US.TN.MO,5,0,
Matthews County,US.VA.MT,5,0,
Quay County,US.NM.QU,5,1,
Sherman County,US.NE.SM,5,0,
Tucker County,US.WV.TU,5,0,
Clay County,US.TX.CY,5,0,
Pershing County,US.NV.PE,5,0,
Sierra County,US.NM.SI,5,0,
Magoffin County,US.KY.MF,5,0,
Woods County,US.OK.WS,5,0,
Madison County,US.NC.MD,5,0,
Estill County,US.KY.ES,5,0,
Fremont County,US.IA.FO,5,0,
Cheyenne County,US.CO.CE,5,0,
Marshall County,US.SD.MS,5,0,
Hickman County,US.KY.HA,5,0,
Richardson County,US.NE.RI,5,1,
Clinton County,US.KY.CO,5,0,
Wallowa County,US.OR.WW,5,0,
Traverse County,US.MN.TR,5,0,
Skamania County,US.WA.SM,5,0,
Martin County,US.TX.MT,5,1,
Richland County,US.MT.RI,5,0,
Llano County,US.TX.LL,5,0,
Mercer County,US.MO.MC,5,0,
Eddy County,US.ND.ED,5,0,
Lincoln County,US.WV.LI,5,0,
Hubbard County,US.MN.HU,5,0,
Collingsworth County,US.TX.CG,5,0,
Carlisle County,US.KY.CE,5,1,
Stephens County,US.TX.SE,5,0,
Benzie County,US.MI.BE,5,0,
Dewey County,US.OK.DW,4,0,
Kane County,US.UT.KA,4,0,
Deer Lodge County,US.MT.DE,4,0,
Delta County,US.TX.DT,4,0,
Emmons County,US.ND.EM,4,1,
Rice County,US.KS.RC,4,0,
De Witt County,US.IL.DW,4,0,
Dewey County,US.SD.DW,4,0,
Fremont County,US.ID.FE,4,0,
Jewell County,US.KS.JW,4,0,
Dickey County,US.ND.DC,4,0,
Douglas County,US.SD.DO,4,0,
Green County,US.KY.GN,4,1,
Garden County,US.NE.GD,4,0,
Garfield County,US.UT.GA,4,1,
Iron County,US.MI.IR,4,0,
Hardeman County,US.TX.RD,4,0,
Jack County,US.TX.JK,4,0,
Jefferson County,US.OK.JE,4,0,
Richland County,US.IL.RI,4,0,
Edmunds County,US.SD.ED,4,0,
Trimble County,US.KY.TM,4,0,
Wahkiakum County,US.WA.WH,4,0,
Washburn County,US.WI.WR,4,0,
Republic County,US.KS.RP,4,0,
Haskell County,US.TX.HK,4,0,
Broadwater County,US.MT.BR,4,0,
Petersburg Census Area,US.AK.PB,4,1,
Ottawa County,US.KS.OT,4,0,
Sublette County,US.WY.SU,4,0,
Covington city,US.VA.CV,4,0,
Chautauqua County,US.KS.CQ,4,0,
Cottle County,US.TX.OT,4,1,
Chase County,US.KS.CS,4,0,
Monroe County,US.MO.MR,4,0,
McCulloch County,US.TX.MC,4,0,
Mitchell County,US.KS.MC,4,0,
Ness County,US.KS.NS,4,0,
Bottineau County,US.ND.BT,4,0,
Mineral County,US.NV.MI,4,0,
Pleasants County,US.WV.PL,4,0,
Miner County,US.SD.ME,4,0,
Coke County,US.TX.OK,4,0,
Wirt County,US.WV.WI,4,0,
Menominee County,US.WI.MN,4,0,
Nance County,US.NE.NA,4,0,
Worth County,US.MO.WO,4,0,
Pierce County,US.ND.PI,4,0,
Breathitt County,US.KY.BT,4,0,
Bell County,US.KY.BL,4,0,
Dallas County,US.AR.DA,4,0,
Bristol city,US.VA.BI,4,0,
Lake County,US.MN.LE,4,0,
Lac Qui Parle County,US.MN.LC,4,0,
Sargent County,US.ND.SG,4,0,
Schoolcraft County,US.MI.SR,4,0,
Pickett County,US.TN.PI,4,0,
Knott County,US.KY.KT,4,0,
Oldham County,US.TX.OL,4,1,
Northwest Arctic Borough,US.AK.NW,4,0,
McHenry County,US.ND.MH,3,1,
Rich County,US.UT.RH,3,0,
White County,US.IL.WE,3,0,
Fergus County,US.MT.FE,3,0,
Chippewa County,US.MI.CP,3,0,
McPherson County,US.SD.MP,3,0,
Pend Oreille County,US.WA.PE,3,0,
Sheridan County,US.KS.SD,3,0,
Essex County,US.VT.ES,3,0,
White Pine County,US.NV.WH,3,0,
Atchison County,US.MO.AT,3,0,
Hanson County,US.SD.HS,3,0,
Pawnee County,US.KS.PN,3,0,
Runnels County,US.TX.RN,3,0,
Tyler County,US.WV.TY,3,0,
Anderson County,US.KS.AN,3,0,
Rosebud County,US.MT.RS,3,0,
Box Butte County,US.NE.BX,3,0,
Braxton County,US.WV.BX,3,0,
Gasconade County,US.MO.GA,3,0,
Newton County,US.AR.NW,3,0,
Golden Valley County,US.MT.GO,3,0,
North Slope Borough,US.AK.NH,3,0,
Glascock County,US.GA.GS,3,0,
Norton County,US.KS.NT,3,0,
Greeley County,US.NE.GE,3,0,
Ellsworth County,US.KS.EW,3,0,
Madison County,US.MO.MD,3,0,
Dimmit County,US.TX.DM,3,0,
Coleman County,US.TX.CM,3,0,
Huerfano County,US.CO.HU,3,0,
Washita County,US.OK.WT,3,0,
Hughes County,US.OK.HU,3,0,
Kodiak Island Borough,US.AK.KO,3,0,
Lincoln County,US.CO.LI,3,0,
Ashland County,US.WI.AS,3,0,
Hyde County,US.NC.HE,3,0,
Red Lake County,US.MN.RD,3,0,
Jefferson County,US.MT.JE,3,0,
Armstrong County,US.TX.AM,3,0,
Hyde County,US.SD.HY,3,0,
Sullivan County,US.PA.SL,3,0,
Idaho County,US.ID.ID,3,0,
Douglas County,US.MO.DO,3,0,
Stillwater County,US.MT.ST,3,0,
Wrangell City and Borough,US.AK.WG,3,0,
Benson County,US.ND.BE,3,0,
Howard County,US.MO.HR,3,0,
Bent County,US.CO.BE,3,0,
Southeast Fairbanks Census Area,US.AK.SO,3,0,
Martin County,US.KY.MI,3,0,
Highland County,US.VA.HA,3,0,
Custer County,US.SD.CU,3,0,
Hinsdale County,US.CO.HI,3,0,
Stark County,US.IL.SA,3,0,
Somervell County,US.TX.SV,3,0,
Valley County,US.ID.VA,3,0,
Archer County,US.TX.AC,3,0,
Kingsbury County,US.SD.KI,3,0,
Kiowa County,US.KS.KW,3,0,
Luce County,US.MI.LU,3,0,
Slope County,US.ND.SL,3,0,
Bayfield County,US.WI.BY,3,1,
Renville County,US.ND.RE,3,0,
Smith County,US.KS.SM,3,0,
Custer County,US.CO.CU,2,0,
Dickens County,US.TX.DC,2,0,
Custer County,US.ID.CU,2,0,
Brooks County,US.TX.BK,2,0,
Burnett County,US.WI.BN,2,1,
Dawes County,US.NE.DS,2,0,
Calhoun County,US.WV.CH,2,0,
Catron County,US.NM.CA,2,1,
Elliott County,US.KY.EL,2,0,
Cheyenne County,US.KS.CN,2,0,
Edwards County,US.IL.EW,2,0,
Fisher County,US.TX.FH,2,1,
Florence County,US.WI.FL,2,0,
Wolfe County,US.KY.WL,2,0,
Franklin County,US.FL.FR,2,0,
Cameron County,US.PA.CE,2,0,
Columbia County,US.WA.CM,2,0,
Clay County,US.IL.CY,2,0,
Alpine County,US.CA.AP,2,0,
Alger County,US.MI.AG,2,0,
Bennett County,US.SD.BN,2,0,
Gallatin County,US.IL.GA,2,0,
Comanche County,US.KS.CM,2,0,
Ziebach County,US.SD.ZI,2,0,
Mitchell County,US.TX.MH,2,0,
Lincoln County,US.NV.LI,2,0,
Niobrara County,US.WY.NI,2,0,
Harper County,US.KS.HP,2,0,
Reynolds County,US.MO.RE,2,0,
Norton city,US.VA.NC,2,0,
Reagan County,US.TX.RG,2,0,
Marion County,US.AR.MN,2,0,
Maries County,US.MO.MS,2,0,
Taliaferro County,US.GA.TA,2,0,
Hemphill County,US.TX.HH,2,0,
St. Clair County,US.MO.SC,2,0,
San Saba County,US.TX.SS,2,0,
Osborne County,US.KS.OB,2,0,
Lincoln County,US.WA.LI,2,0,
Prince of Wales-Hyder Census Area,US.AK.PH,2,0,
Rio Blanco County,US.CO.RB,2,0,
Owsley County,US.KY.OS,2,0,
Stevens County,US.MN.SV,2,0,
Price County,US.WI.PC,2,0,
Lemhi County,US.ID.LM,2,0,
Iron County,US.MO.IR,2,0,
Iron County,US.WI.IR,2,1,
Knox County,US.MO.KN,2,0,
Pondera County,US.MT.PN,2,0,
Piute County,US.UT.PT,2,0,
Keith County,US.NE.KT,2,0,
Pike County,US.IL.PK,2,0,
Kidder County,US.ND.KI,2,0,
Montgomery County,US.AR.MT,2,0,
Trinity County,US.CA.TR,2,0,
Putnam County,US.MO.PN,2,0,
Grant County,US.OK.GN,2,0,
Hancock County,US.TN.HC,2,0,
Mineral County,US.CO.MI,2,0,
Shelby County,US.MO.SB,2,0,
Grant County,US.ND.GT,2,0,
Mellette County,US.SD.ML,2,0,
Ritchie County,US.WV.RI,2,0,
Haines Borough,US.AK.HA,2,0,
Hall County,US.TX.HA,2,1,
Hamilton County,US.IL.HM,2,0,
Phillips County,US.KS.PL,2,0,
Roberts County,US.TX.RS,2,0,
Schuyler County,US.MO.SH,2,0,
Weston County,US.WY.WE,1,0,
Kittson County,US.MN.KI,1,0,
Sioux County,US.NE.SI,1,0,
Lee County,US.KY.LE,1,0,
Sully County,US.SD.SU,1,0,
Summers County,US.WV.SU,1,0,
Pepin County,US.WI.PE,1,0,
Knox County,US.TX.KX,1,0,
Sierra County,US.CA.SE,1,0,
Clark County,US.MO.CK,1,0,
Sutton County,US.TX.ST,1,0,
Storey County,US.NV.ST,1,0,
Kinney County,US.TX.KN,1,0,
Calhoun County,US.IL.CH,1,0,
Mills County,US.TX.MS,1,0,
Bland County,US.VA.BL,1,0,
Dade County,US.MO.DD,1,0,
Shackelford County,US.TX.SC,1,0,
Kimble County,US.TX.KM,1,0,
Wilson County,US.KS.WL,1,0,
Camas County,US.ID.CM,1,0,
Meagher County,US.MT.ME,1,0,
Motley County,US.TX.MY,1,0,
McIntosh County,US.ND.MI,1,0,
Cherry County,US.NE.CH,1,0,
Nuckolls County,US.NE.NU,1,0,
Oliver County,US.ND.OL,1,0,
Briscoe County,US.TX.BO,1,0,
Stafford County,US.KS.SF,1,0,
Sherman County,US.OR.SH,1,0,
Cochran County,US.TX.CC,1,0,
Boyd County,US.NE.BY,1,0,
Nelson County,US.ND.NE,1,0,
Steele County,US.ND.SE,1,0,
San Juan County,US.CO.SJ,1,0,
Wheatland County,US.MT.WH,1,0,
Bowman County,US.ND.BW,1,0,
Musselshell County,US.MT.MU,1,0,
Chase County,US.NE.CE,1,0,
Sheridan County,US.ND.SH,1,0,
Concho County,US.TX.ON,1,0,
Liberty County,US.MT.LB,1,0,
Cook County,US.MN.CO,1,0,
Cimarron County,US.OK.CO,1,0,
Holt County,US.NE.HT,1,0,
Baraga County,US.MI.BA,1,0,
Texas County,US.MO.TE,1,0,
Thomas County,US.NE.TO,1,0,
Putnam County,US.IL.PT,1,0,
Barber County,US.KS.AB,1,0,
Holt County,US.MO.HL,1,0,
Hitchcock County,US.NE.HI,1,0,
Hill County,US.MT.HI,1,0,
Banner County,US.NE.BA,1,0,
Baker County,US.OR.BA,1,0,
Real County,US.TX.RL,1,0,
Trego County,US.KS.TR,1,0,
Harper County,US.OK.HP,1,0,
Harney County,US.OR.HA,1,0,
Ferry County,US.WA.FE,1,0,
Allen County,US.KS.AL,1,0,
Harding County,US.NM.HA,1,0,
Hardin County,US.IL.HI,1,0,
Foster County,US.ND.FO,1,0,
Alfalfa County,US.OK.AL,1,0,
Frontier County,US.NE.FO,1,0,
Griggs County,US.ND.GI,1,0,
Gregory County,US.SD.GE,1,0,
Grant County,US.OR.GR,1,0,
Garfield County,US.NE.GF,1,0,
Yukon-Koyukuk Census Area,US.AK.YU,1,0,
Gove County,US.KS.GO,1,0,
Upton County,US.TX.UP,1,0,
Valley County,US.MT.VA,1,0,
Thayer County,US.NE.TA,1,0,
Washington County,US.ME.WS,1,0,
Baylor County,US.TX.BR,1,0,
Beaverhead County,US.MT.BE,1,0,
Piscataquis County,US.ME.PI,1,0,
Deuel County,US.SD.DU,1,0,
Pope County,US.IL.PE,1,0,
Washington County,US.KS.WS,1,0,
Platte County,US.WY.PL,1,0,
Dickenson County,US.VA.DC,1,0,
Dent County,US.MO.DN,1,0,
Keweenaw County,US.MI.KW,1,0,
Beaver County,US.UT.BV,1,0,
Divide County,US.ND.DV,1,0,
Irion County,US.TX.IR,1,0,
Rock County,US.NE.RO,0,0,
Butte County,US.SD.BT,0,0,
Boise County,US.ID.BS,0,0,
Campbell County,US.SD.CP,0,0,
Sedgwick County,US.CO.SE,0,0,
Mora County,US.NM.MO,0,0,
Aleutians West Census Area,US.AK.AW,0,0,
Butte County,US.ID.BT,0,0,
Blaine County,US.NE.BL,0,0,
Phillips County,US.MT.PH,0,0,
Aleutians East Borough,US.AK.AE,0,0,
Roger Mills County,US.OK.RR,0,0,
Blaine County,US.MT.BL,0,0,
Robertson County,US.KY.RB,0,0,
Calhoun County,US.AR.CA,0,0,
Billings County,US.ND.BI,0,0,
Adams County,US.ND.AD,0,0,
Brown County,US.NE.BW,0,0,
Scott County,US.IL.SO,0,0,
Arthur County,US.NE.AR,0,0,
Bath County,US.VA.BA,0,0,
Bear Lake County,US.ID.BK,0,0,
Yakutat City and Borough,US.AK.YA,0,0,
Ozark County,US.MO.OZ,0,0,
Ontonagon County,US.MI.ON,0,0,
Perkins County,US.SD.PR,0,0,
Oneida County,US.ID.ON,0,0,
Prairie County,US.MT.PR,0,0,
Rawlins County,US.KS.RA,0,0,
Bristol Bay Borough,US.AK.BR,0,0,
Perkins County,US.NE.PE,0,0,
Powell County,US.MT.PL,0,0,
Borden County,US.TX.BD,0,0,
Pawnee County,US.NE.PA,0,0,
Russell County,US.KS.RS,0,0,
Rush County,US.KS.RH,0,0,
Powder River County,US.MT.PD,0,0,
Potter County,US.SD.PO,0,0,
Boundary County,US.ID.BD,0,0,
Sanders County,US.MT.SA,0,0,
Petroleum County,US.MT.PO,0,0,
Gilliam County,US.OR.GI,0,0,
Modoc County,US.CA.MC,0,0,
Elk County,US.KS.EK,0,0,
Edwards County,US.TX.ED,0,0,
Hooker County,US.NE.HO,0,0,
Hoonah-Angoon Census Area,US.AK.HH,0,0,
Throckmorton County,US.TX.TH,0,0,
Thomas County,US.KS.TH,0,0,
Dundy County,US.NE.DY,0,0,
Teton County,US.MT.TE,0,0,
Dolores County,US.CO.DO,0,0,
Doddridge County,US.WV.DO,0,0,
Terrell County,US.TX.TL,0,0,
Dillingham Census Area,US.AK.DI,0,0,
Issaquena County,US.MS.IS,0,0,
Jackson County,US.CO.JA,0,0,
Jeff Davis County,US.TX.JF,0,0,
Jones County,US.SD.JO,0,0,
Judith Basin County,US.MT.JU,0,0,
Kalawao County,US.HI.KL,0,0,
Deuel County,US.NE.DL,0,0,
Denali Borough,US.AK.DE,0,0,
Hickory County,US.MO.HC,0,0,
Hettinger County,US.ND.HE,0,0,
Kent County,US.TX.KT,0,0,
Ellis County,US.OK.EL,0,0,
Golden Valley County,US.ND.GO,0,0,
Graham County,US.KS.GH,0,0,
Granite County,US.MT.GN,0,0,
Garfield County,US.WA.GF,0,0,
Grant County,US.NE.GA,0,0,
Garfield County,US.MT.GF,0,0,
Greeley County,US.KS.GL,0,0,
Haakon County,US.SD.HA,0,0,
Foard County,US.TX.FD,0,0,
Harding County,US.SD.HR,0,0,
Harlan County,US.NE.HR,0,0,
Harmon County,US.OK.HM,0,0,
Fallon County,US.MT.FA,0,0,
Eureka County,US.NV.EU,0,0,
Esmeralda County,US.NV.ES,0,0,
Wallace County,US.KS.WA,0,0,
Treasure County,US.MT.TR,0,0,
Hayes County,US.NE.HY,0,0,
Towner County,US.ND.TO,0,0,
Kenedy County,US.TX.KE,0,0,
Decatur County,US.KS.DC,0,0,
Mineral County,US.MT.MN,0,0,
Valdez-Cordova Census Area,US.AK.VA,0,0,
Loving County,US.TX.LI,0,0,
Marshall County,US.KS.MS,0,0,
Skagway Municipality,US.AK.SW,0,0,
Webster County,US.WV.WB,0,0,
McCone County,US.MT.MC,0,0,
Clark County,US.ID.CA,0,0,
Chouteau County,US.MT.CH,0,0,
Shoshone County,US.ID.SH,0,0,
McMullen County,US.TX.MM,0,0,
McPherson County,US.NE.MC,0,0,
Sheridan County,US.NE.SD,0,0,
Wheeler County,US.NE.WH,0,0,
Wheeler County,US.OR.WE,0,0,
Sheridan County,US.MT.SH,0,0,
Menard County,US.TX.EN,0,0,
Cavalier County,US.ND.CV,0,0,
Carter County,US.MT.CT,0,0,
Wibaux County,US.MT.WI,0,0,
Wichita County,US.KS.WH,0,0,
Clearwater County,US.ID.CE,0,0,
Logan County,US.NE.LG,0,0,
De Baca County,US.NM.DE,0,0,
Logan County,US.ND.LO,0,0,
Dawson County,US.MT.DW,0,0,
Keya Paha County,US.NE.KY,0,0,
Daniels County,US.MT.DN,0,0,
Daggett County,US.UT.DG,0,0,
King County,US.TX.KG,0,0,
Kingman County,US.KS.KM,0,0,
Sweet Grass County,US.MT.SW,0,0,
Kiowa County,US.CO.KO,0,0,
Culberson County,US.TX.UL,0,0,
Kusilvak Census Area,US.AK.WA,0,0,
Lake and Peninsula Borough,US.AK.LA,0,0,
Lake of the Woods County,US.MN.LO,0,0,
Stonewall County,US.TX.SA,0,0,
Lewis County,US.ID.LW,0,0,
Wayne County,US.MO.WY,0,0,
Lincoln County,US.KS.LC,0,0,
Sterling County,US.TX.SI,0,0,
Wayne County,US.UT.WE,0,0,
Logan County,US.KS.LG,0,0,
Loup County,US.NE.LU,0,0,
