County,hasc,confirmed,death,recovered
Los Angeles County,US.CA.LO,253176,6197,
Miami-Dade County,US.FL.DA,163790,2882,
Maricopa County,US.AZ.MA,137292,3158,
Cook County,US.IL.CO,134352,5128,
Harris County,US.TX.RR,114761,2414,
Dallas County,US.TX.DS,74887,1043,
Broward County,US.FL.BO,74273,1279,
Queens County,US.NY.QU,71040,7231,
Kings County,US.NY.KI,66124,7306,
Clark County,US.NV.CL,62402,1259,
Riverside County,US.CA.RI,55073,1103,
Bronx County,US.NY.BN,52186,4931,
Orange County,US.CA.OR,50760,1093,
San Bernardino County,US.CA.SA,50543,814,
Bexar County,US.TX.BX,48198,1200,
Nassau County,US.NY.NA,45633,2200,
Suffolk County,US.NY.SF,45615,2008,
Palm Beach County,US.FL.PL,43873,1196,
San Diego County,US.CA.SD,42414,734,
Tarrant County,US.TX.TN,41118,660,
Hillsborough County,US.FL.HL,39298,585,
Orange County,US.FL.OR,37846,409,
Westchester County,US.NY.WE,37486,1452,
Wayne County,US.MI.WY,33251,2941,
New York County,US.NY.NE,32643,3176,
Kern County,US.CA.KE,30622,326,
Philadelphia County,US.PA.PH,30278,1784,
Hidalgo County,US.TX.HG,29335,1340,
Shelby County,US.TN.SY,28626,421,
Middlesex County,US.MA.MI,28466,2102,
Duval County,US.FL.DU,28370,319,
Prince George's County,US.MD.PR,27589,810,
Travis County,US.TX.TV,27525,390,
Fresno County,US.CA.FR,26917,337,
Mecklenburg County,US.NC.MB,26781,331,
Fulton County,US.GA.FU,26108,554,
Salt Lake County,US.UT.SL,25814,242,
Gwinnett County,US.GA.GW,25726,372,
Milwaukee County,US.WI.MU,25440,513,
Davidson County,US.TN.DA,25097,277,
Hennepin County,US.MN.HE,24611,903,
Franklin County,US.OH.FR,24419,579,
Suffolk County,US.MA.SU,24313,1116,
Pima County,US.AZ.PM,22357,602,
Cameron County,US.TX.CA,21983,841,
Bergen County,US.NJ.BE,21935,2041,
El Paso County,US.TX.EP,21559,479,
Montgomery County,US.MD.MO,21089,834,
Pinellas County,US.FL.PI,20872,701,
King County,US.WA.KN,20774,744,
St. Louis County,US.MO.SL,20634,756,
Essex County,US.NJ.ES,20633,2123,
Hudson County,US.NJ.HD,20362,1512,
Sacramento County,US.CA.SC,20063,350,
Alameda County,US.CA.AA,19837,320,
Marion County,US.IN.MO,19822,805,
Fairfax County,US.VA.FX,19495,568,
Essex County,US.MA.ES,19467,1258,
Lee County,US.FL.LE,19451,448,
Santa Clara County,US.CA.SL,19417,280,
Fairfield County,US.CT.FA,19360,1418,
Oakland County,US.MI.OD,19348,1184,
Middlesex County,US.NJ.MI,18814,1422,
San Joaquin County,US.CA.SJ,18687,383,
Passaic County,US.NJ.PA,18640,1249,
Cobb County,US.GA.CB,18433,410,
Polk County,US.FL.PO,18337,488,
Jefferson County,US.AL.JE,18039,318,
Providence County,US.RI.PR,17500,853,
DeKalb County,US.GA.DA,17477,335,
Union County,US.NJ.UN,17299,1354,
Jefferson Parish,US.LA.JF,16974,559,
Baltimore County,US.MD.BC,16648,610,
Cuyahoga County,US.OH.CU,16630,621,
Jackson County (including other portions of Kansas City),US.MO.JC,16495,171,
Wake County,US.NC.WK,16219,213,
DuPage County,US.IL.DU,15938,543,
Stanislaus County,US.CA.ST,15926,310,
Lake County,US.IL.LK,15700,478,
Richmond County,US.NY.RI,15565,1084,
Nueces County,US.TX.NU,15362,329,
Fort Bend County,US.TX.FR,15352,266,
Contra Costa County,US.CA.CN,15203,191,
Baltimore City,US.MD.BA,15183,472,
Tulare County,US.CA.TL,15114,247,
Tulsa County,US.OK.TU,15048,144,
Oklahoma County,US.OK.OL,15021,174,
Charleston County,US.SC.CS,14699,252,
Washington,US.DC.DI,14552,616,
Rockland County,US.NY.RO,14530,509,
East Baton Rouge Parish,US.LA.EB,14507,430,
Worcester County,US.MA.WO,14484,1073,
Douglas County,US.NE.DG,14416,173,
Polk County,US.IA.PK,14385,248,
New Haven County,US.CT.NH,13961,1110,
Hartford County,US.CT.HA,13886,1430,
Macomb County,US.MI.MB,13673,1002,
Jefferson County,US.KY.JF,13579,289,
Richland County,US.SC.RI,13375,215,
Greenville County,US.SC.GV,13115,279,
Utah County,US.UT.UT,12816,52,
Mobile County,US.AL.MB,12791,283,
Will County,US.IL.WL,12770,367,
Webb County,US.TX.WB,12532,229,
Yuma County,US.AZ.YU,12378,335,
Hamilton County,US.OH.HM,12171,292,
Collier County,US.FL.CL,12169,192,
Orleans Parish,US.LA.OR,12125,584,
Kane County,US.IL.KE,12034,322,
Collin County,US.TX.CI,11986,122,
Ada County,US.ID.AA,11923,140,
Escambia County,US.FL.ES,11818,203,
Denver County,US.CO.DN,11760,430,
Osceola County,US.FL.OS,11740,136,
Ocean County,US.NJ.OC,11713,1036,
Orange County,US.NY.OE,11611,410,
Prince William County,US.VA.PW,11608,191,
Montgomery County,US.PA.MG,11578,867,
Ventura County,US.CA.VE,11482,129,
Norfolk County,US.MA.NO,11296,1030,
Imperial County,US.CA.IM,11274,308,
Galveston County,US.TX.GV,11249,150,
Monmouth County,US.NJ.MN,11158,863,
Yakima County,US.WA.YA,11141,251,
Allegheny County,US.PA.AL,11126,331,
Denton County,US.TX.DN,10977,141,
Manatee County,US.FL.MN,10868,275,
Delaware County,US.PA.DE,10857,739,
Erie County,US.NY.ER,10567,615,
Brazoria County,US.TX.BI,10347,155,
San Francisco County,US.CA.SF,10263,90,
Pinal County,US.AZ.PN,10170,194,
Bristol County,US.MA.BR,10144,673,
Volusia County,US.FL.VO,10103,206,
Ramsey County,US.MN.RA,9987,310,
Plymouth County,US.MA.PL,9889,749,
Lake County,US.IN.LK,9852,326,
Horry County,US.SC.HO,9804,191,
Montgomery County,US.TX.MG,9790,144,
Honolulu County,US.HI.HO,9559,84,
Lubbock County,US.TX.LU,9500,108,
Camden County,US.NJ.CM,9460,596,
Johnson County,US.KS.JO,9350,134,
Marion County,US.FL.MI,9108,237,
San Mateo County,US.CA.SM,9077,139,
Anne Arundel County,US.MD.AN,9065,240,
Kent County,US.MI.KN,9009,172,
New Castle County,US.DE.NE,8989,305,
Leon County,US.FL.LO,8837,44,
Monterey County,US.CA.MT,8761,64,
Hamilton County,US.TN.HL,8722,82,
Lafayette Parish,US.LA.LY,8612,116,
Santa Barbara County,US.CA.SB,8608,105,
Merced County,US.CA.MD,8541,127,
Seminole County,US.FL.SE,8532,193,
Pasco County,US.FL.PS,8507,195,
Rutherford County,US.TN.RU,8492,84,
Mercer County,US.NJ.ME,8481,634,
Arapahoe County,US.CO.AA,8470,369,
Montgomery County,US.AL.MT,8390,170,
Hall County,US.GA.HL,8341,136,
Bucks County,US.PA.BC,8229,594,
Hampden County,US.MA.HD,8174,767,
Williamson County,US.TX.WM,8143,134,
Adams County,US.CO.AD,7996,211,
Knox County,US.TN.KN,7988,67,
Washington County,US.AR.WA,7935,84,
Washoe County,US.NV.WA,7930,147,
Brevard County,US.FL.BE,7926,254,
Caddo Parish,US.LA.CO,7843,334,
Sedgwick County,US.KS.SG,7839,63,
Pulaski County,US.AR.PU,7795,118,
Chatham County,US.GA.CM,7728,136,
Canyon County,US.ID.CN,7671,90,
Morris County,US.NJ.MR,7630,831,
Guilford County,US.NC.GU,7607,174,
Calcasieu Parish,US.LA.CC,7592,198,
Sarasota County,US.FL.SR,7585,233,
St. Lucie County,US.FL.SL,7521,256,
Dane County,US.WI.DA,7389,41,
Lancaster County,US.PA.LN,7273,445,
Durham County,US.NC.DH,7266,87,
Pierce County,US.WA.PI,7262,185,
Madison County,US.AL.MD,7111,72,
McLennan County,US.TX.ML,7059,91,
Kings County,US.CA.KI,7057,77,
Montgomery County,US.OH.MT,7026,144,
Lake County,US.FL.LK,7021,147,
Jefferson County,US.TX.JE,6951,125,
Lucas County,US.OH.LU,6859,350,
Clayton County,US.GA.CN,6819,153,
Hinds County,US.MS.HI,6804,149,
Dakota County,US.MN.DA,6716,120,
Burlington County,US.NJ.BU,6694,487,
Tuscaloosa County,US.AL.TU,6646,107,
Sonoma County,US.CA.SO,6623,108,
Forsyth County,US.NC.FO,6579,86,
St. Tammany Parish,US.LA.ST,6578,246,
St. Charles County,US.MO.SA,6559,105,
Multnomah County,US.OR.MU,6522,128,
Berks County,US.PA.BK,6521,385,
Richmond County,US.GA.RI,6506,147,
Snohomish County,US.WA.SN,6499,205,
Wyandotte County,US.KS.WY,6492,122,
Sussex County,US.DE.SU,6491,197,
City of St. Louis,US.MO.SY,6435,196,
Marin County,US.CA.MN,6428,99,
Virginia Beach City,US.VA.VI,6421,72,
Loudoun County,US.VA.LD,6409,118,
Brown County,US.WI.BW,6366,58,
El Paso County,US.CO.EL,6346,159,
Lexington County,US.SC.LX,6321,151,
Alachua County,US.FL.AL,6241,40,
Chester County,US.PA.CH,6173,356,
Elkhart County,US.IN.EL,6090,108,
Waukesha County,US.WI.WK,6053,85,
Bernalillo County,US.NM.BE,6038,165,
St. Clair County,US.IL.SI,5966,178,
Spartanburg County,US.SC.SP,5872,181,
Minnehaha County,US.SD.MN,5839,74,
Solano County,US.CA.SN,5820,48,
Spokane County,US.WA.SP,5784,143,
Ouachita Parish,US.LA.OU,5782,137,
Benton County,US.AR.BE,5752,61,
Muscogee County,US.GA.MG,5716,157,
Monroe County,US.NY.MR,5712,258,
Bibb County,US.GA.BI,5693,148,
Navajo County,US.AZ.NA,5683,226,
Bay County,US.FL.BY,5659,91,
St. Joseph County,US.IN.SN,5658,102,
Allen County,US.IN.AL,5620,203,
Brazos County,US.TX.BZ,5617,60,
Hays County,US.TX.HY,5598,60,
Somerset County,US.NJ.SO,5552,568,
Chesterfield County,US.VA.CD,5500,85,
Cherokee County,US.GA.CE,5473,87,
Lee County,US.AL.LE,5450,59,
Lehigh County,US.PA.LH,5366,345,
Anoka County,US.MN.AN,5289,128,
Shelby County,US.AL.SH,5238,48,
Butler County,US.OH.BU,5217,88,
DeSoto County,US.MS.DE,5129,50,
Beaufort County,US.SC.BA,5127,73,
Santa Rosa County,US.FL.SA,5103,66,
Bell County,US.TX.BL,5100,74,
Jefferson County,US.CO.JE,5086,245,
Lancaster County,US.NE.LA,5082,22,
Berkeley County,US.SC.BK,5047,87,
Henrico County,US.VA.HC,5000,195,
Dutchess County,US.NY.DU,4984,154,
Baldwin County,US.AL.BD,4922,47,
Cleveland County,US.OK.CV,4919,67,
Fayette County,US.KY.FA,4886,60,
Madison County,US.IL.MD,4872,118,
St. Johns County,US.FL.SJ,4858,63,
Summit County,US.OH.SU,4844,244,
Winnebago County,US.IL.WN,4757,148,
Williamson County,US.TN.WL,4755,35,
York County,US.SC.YO,4744,58,
Howard County,US.MD.HO,4743,119,
Johnson County,US.IA.JH,4729,26,
Henry County,US.GA.HY,4710,91,
Cumberland County,US.NC.CU,4683,74,
Norfolk City,US.VA.NF,4630,61,
Florence County,US.SC.FL,4625,171,
Greene County,US.MO.GE,4585,19,
Okaloosa County,US.FL.OA,4579,94,
Martin County,US.FL.MT,4549,127,
Clay County,US.FL.CY,4534,86,
Gaston County,US.NC.GS,4515,69,
Sumner County,US.TN.SN,4458,91,
Hamilton County,US.IN.HM,4457,117,
Clarke County,US.GA.CK,4430,36,
Woodbury County,US.IA.WO,4417,58,
Union County,US.NC.UN,4323,56,
Davis County,US.UT.DA,4317,28,
Benton County,US.WA.BE,4315,126,
Potter County,US.TX.PT,4310,51,
Richmond City,US.VA.RC,4291,50,
Weld County,US.CO.WE,4285,149,
McKinley County,US.NM.MC,4264,251,
Pitt County,US.NC.PI,4261,25,
Whitfield County,US.GA.WF,4261,57,
Tangipahoa Parish,US.LA.TA,4255,108,
Racine County,US.WI.RA,4243,93,
McHenry County,US.IL.MY,4235,116,
Northampton County,US.PA.NA,4224,302,
Marion County,US.OR.MR,4222,85,
Hillsborough County,US.NH.HI,4180,288,
Madera County,US.CA.ME,4150,58,
Cass County,US.ND.CS,4131,77,
York County,US.PA.YO,4124,132,
Black Hawk County,US.IA.BL,4117,81,
Johnston County,US.NC.JH,4108,54,
Genesee County,US.MI.GE,4104,306,
Franklin County,US.WA.FR,4101,59,
Washington County,US.OR.WI,4073,53,
Onondaga County,US.NY.OG,4060,179,
Chesapeake City,US.VA.CS,4048,49,
Gloucester County,US.NJ.GL,4027,224,
Robeson County,US.NC.RB,4025,66,
Ellis County,US.TX.EI,3998,62,
Champaign County,US.IL.CM,3992,20,
Rapides Parish,US.LA.RA,3988,137,
Luzerne County,US.PA.LU,3941,189,
Warren County,US.KY.WR,3928,37,
Victoria County,US.TX.VI,3925,85,
Boone County,US.MO.BO,3918,6,
Atlantic County,US.NJ.AT,3875,253,
Dorchester County,US.SC.DO,3803,87,
Mohave County,US.AZ.MO,3787,216,
Marshall County,US.AL.MS,3718,42,
Frederick County,US.MD.FR,3717,128,
Arlington County,US.VA.AR,3710,145,
Lowndes County,US.GA.LW,3691,72,
Cumberland County,US.NJ.CU,3684,157,
Weber County,US.UT.WB,3637,29,
New Hanover County,US.NC.NE,3609,25,
Harrison County,US.MS.HR,3607,69,
Alexandria City,US.VA.AX,3594,62,
Anderson County,US.SC.AN,3581,145,
Cabarrus County,US.NC.CR,3565,57,
Dauphin County,US.PA.DA,3559,169,
Ascension Parish,US.LA.AE,3538,94,
Livingston Parish,US.LA.LV,3537,70,
Maverick County,US.TX.MV,3535,102,
Stearns County,US.MN.SR,3530,23,
Alamance County,US.NC.AA,3526,48,
Forsyth County,US.GA.FO,3515,40,
Municipality of Anchorage,US.AK.AN,3515,27,
Columbia County,US.FL.CU,3503,44,
Coconino County,US.AZ.CO,3491,132,
Terrebonne Parish,US.LA.TR,3485,106,
Smith County,US.TX.SM,3484,85,
Columbia County,US.GA.CI,3443,55,
Midland County,US.TX.ID,3441,57,
Lafourche Parish,US.LA.LO,3404,118,
Linn County,US.IA.LI,3400,100,
Apache County,US.AZ.AP,3384,154,
Walker County,US.TX.WK,3370,52,
Jefferson County,US.MO.JE,3369,47,
Washington County,US.MN.WH,3361,55,
Douglas County,US.GA.DL,3343,68,
Glynn County,US.GA.GY,3308,85,
Placer County,US.CA.PA,3301,39,
Jackson County,US.MS.JC,3285,66,
Starr County,US.TX.SR,3242,146,
San Juan County,US.NM.SJ,3233,194,
San Luis Obispo County,US.CA.SS,3222,23,
St. Landry Parish,US.LA.SL,3220,116,
Etowah County,US.AL.ET,3169,44,
Washtenaw County,US.MI.WS,3162,114,
Wilson County,US.TN.WO,3162,36,
Sebastian County,US.AR.SB,3128,39,
Madison County,US.MS.MD,3123,84,
Kenosha County,US.WI.KN,3122,65,
Sarpy County,US.NE.SY,3108,15,
Jasper County,US.MO.JS,3068,39,
Rankin County,US.MS.RA,3067,72,
Dougherty County,US.GA.DH,3064,181,
Morgan County,US.AL.MG,3062,25,
Story County,US.IA.ST,3058,16,
Calhoun County,US.AL.CN,3047,38,
Marion County,US.OH.MR,3034,46,
Dona Ana County,US.NM.DO,3020,51,
Rowan County,US.NC.RW,3020,79,
Wayne County,US.NC.WY,3002,62,
Washington County,US.UT.WN,2985,24,
Sumter County,US.SC.SU,2985,74,
Vanderburgh County,US.IN.VA,2984,24,
Indian River County,US.FL.IN,2971,105,
Orangeburg County,US.SC.OR,2962,118,
Ector County,US.TX.EC,2955,74,
Mahoning County,US.OH.MH,2942,274,
Kaufman County,US.TX.KU,2915,44,
Albany County,US.NY.AB,2896,123,
Bossier Parish,US.LA.BO,2894,101,
Acadia Parish,US.LA.AD,2887,94,
McLean County,US.IL.ML,2881,18,
Ottawa County,US.MI.OT,2877,65,
Charlotte County,US.FL.CH,2858,123,
Hernando County,US.FL.HA,2856,105,
Houston County,US.GA.HO,2851,74,
Peoria County,US.IL.PI,2845,44,
Umatilla County,US.OR.UM,2839,41,
Iberia Parish,US.LA.II,2826,89,
Catawba County,US.NC.CB,2804,48,
Santa Cruz County,US.AZ.SA,2784,61,
Kent County,US.DE.KE,2782,111,
Harford County,US.MD.HA,2781,75,
Anderson County,US.TX.AE,2763,20,
Montgomery County,US.TN.MT,2761,39,
Saginaw County,US.MI.SG,2757,134,
Buncombe County,US.NC.BO,2728,72,
Putnam County,US.TN.PU,2695,36,
Warren County,US.OH.WR,2692,46,
Troup County,US.GA.TP,2692,92,
Boulder County,US.CO.BO,2687,79,
Bradley County,US.TN.BR,2683,16,
Floyd County,US.GA.FL,2675,39,
Bartow County,US.GA.BT,2666,76,
Johnson County,US.TX.JH,2663,48,
Outagamie County,US.WI.OU,2655,24,
Yolo County,US.CA.YO,2650,53,
Bulloch County,US.GA.BH,2602,24,
Jackson County,US.FL.JA,2593,73,
Gadsden County,US.FL.GA,2583,44,
Rock Island County,US.IL.RO,2582,67,
Grant County,US.WA.GN,2581,17,
Paulding County,US.GA.PA,2576,44,
Randolph County,US.NC.RA,2571,49,
Hendricks County,US.IN.HD,2560,137,
Stark County,US.OH.ST,2558,158,
Charles County,US.MD.CH,2554,95,
Burleigh County,US.ND.BL,2554,25,
Butte County,US.CA.BU,2550,28,
Pickens County,US.SC.PI,2550,38,
Newport News City,US.VA.NN,2548,28,
Pickaway County,US.OH.PC,2548,44,
Dallas County,US.IA.DL,2544,38,
Iredell County,US.NC.IR,2536,25,
Suwannee County,US.FL.SW,2534,65,
Ingham County,US.MI.IH,2525,42,
Kankakee County,US.IL.KK,2511,72,
Carroll County,US.GA.CL,2509,63,
Aiken County,US.SC.AI,2502,76,
Orange County,US.NC.OR,2501,54,
Comal County,US.TX.OM,2495,102,
Ford County,US.KS.FO,2486,10,
Scott County,US.IA.SC,2457,25,
Yellowstone County,US.MT.YS,2457,51,
Shawnee County,US.KS.SN,2448,27,
Lee County,US.MS.LE,2444,65,
Citrus County,US.FL.CI,2443,72,
Newton County,US.GA.NE,2435,74,
Jefferson County,US.AR.JE,2431,55,
Houston County,US.AL.HO,2429,20,
Randall County,US.TX.RA,2426,34,
Clark County,US.WA.CR,2420,59,
Yavapai County,US.AZ.YA,2418,79,
Davidson County,US.NC.DD,2416,32,
Elmore County,US.AL.EL,2410,47,
Sevier County,US.TN.SV,2401,13,
Coweta County,US.GA.CA,2396,37,
Portsmouth City,US.VA.PR,2373,45,
Kootenai County,US.ID.KO,2357,32,
Oneida County,US.NY.OD,2341,120,
Cache County,US.UT.CA,2321,6,
Blount County,US.TN.BO,2306,20,
Dubuque County,US.IA.DU,2302,37,
Lackawanna County,US.PA.LC,2301,214,
Jones County,US.MS.JO,2288,76,
Kalamazoo County,US.MI.KA,2276,91,
Craighead County,US.AR.CG,2276,16,
Forrest County,US.MS.FO,2272,68,
Madison County,US.TN.MD,2272,54,
DeKalb County,US.AL.DA,2265,18,
Cumberland County,US.ME.CU,2251,70,
Scott County,US.MN.SC,2246,32,
Ulster County,US.NY.UL,2215,83,
Lorain County,US.OH.LR,2197,85,
Douglas County,US.CO.DU,2190,60,
Johnson County,US.IN.JO,2176,131,
Larimer County,US.CO.LR,2168,46,
Bonneville County,US.ID.BV,2165,14,
Olmsted County,US.MN.OL,2160,26,
Liberty County,US.TX.LT,2153,46,
Harrisonburg City,US.VA.HS,2143,34,
Clackamas County,US.OR.CC,2142,58,
Tom Green County,US.TX.TG,2127,61,
Walker County,US.AL.WK,2124,80,
Washington County,US.MS.WS,2121,70,
Duplin County,US.NC.DP,2116,52,
Sumter County,US.FL.SM,2101,60,
Sangamon County,US.IL.SM,2098,42,
St. Clair County,US.AL.SA,2083,34,
Dakota County,US.NE.DK,2078,43,
Angelina County,US.TX.AG,2072,74,
Walworth County,US.WI.WL,2058,32,
Robertson County,US.TN.RB,2055,31,
Greenwood County,US.SC.GW,2046,65,
Santa Cruz County,US.CA.SZ,2043,7,
St. Martin Parish,US.LA.SR,2037,58,
Hendry County,US.FL.HR,2014,41,
Gregg County,US.TX.GE,2012,58,
Maury County,US.TN.MU,2010,19,
Spotsylvania County,US.VA.SP,2002,39,
Clark County,US.IN.CK,1989,60,
Highlands County,US.FL.HG,1986,77,
Rock County,US.WI.RO,1980,29,
Vermilion Parish,US.LA.VM,1967,53,
Tippecanoe County,US.IN.TP,1967,14,
Barrow County,US.GA.BW,1965,43,
Westmoreland County,US.PA.WE,1962,49,
Burke County,US.NC.BK,1959,33,
Val Verde County,US.TX.VL,1957,92,
Monroe County,US.IN.MR,1953,40,
Finney County,US.KS.FI,1946,12,
Delaware County,US.OH.DL,1946,20,
Lauderdale County,US.MS.LU,1944,119,
Washington County,US.TN.WI,1944,24,
Guadalupe County,US.TX.GU,1941,76,
Sullivan County,US.TN.SL,1935,31,
Putnam County,US.FL.PU,1935,38,
Kanawha County,US.WV.KA,1934,51,
Talladega County,US.AL.TD,1933,25,
Wilson County,US.NC.WO,1932,44,
Winnebago County,US.WI.WA,1926,22,
Porter County,US.IN.PR,1926,45,
Washington County,US.WI.WN,1921,32,
Lafayette County,US.MS.LY,1921,39,
Pope County,US.AR.PP,1919,22,
Hall County,US.NE.HL,1916,47,
Nash County,US.NC.NA,1915,31,
Nassau County,US.FL.NA,1914,31,
Cass County,US.IN.CS,1913,10,
Fairfield County,US.OH.FI,1909,44,
Coffee County,US.GA.CF,1907,41,
Barnstable County,US.MA.BA,1906,169,
Nobles County,US.MN.NB,1906,15,
Rockingham County,US.NH.RO,1905,101,
Baldwin County,US.GA.BD,1905,55,
Columbiana County,US.OH.CL,1893,71,
Grand Forks County,US.ND.GD,1887,12,
Buena Vista County,US.IA.BV,1881,12,
Lancaster County,US.SC.LN,1875,42,
Faulkner County,US.AR.FA,1873,10,
Twin Falls County,US.ID.TW,1871,35,
Colquitt County,US.GA.CQ,1868,32,
Cochise County,US.AZ.CH,1860,66,
Kenton County,US.KY.KE,1860,44,
Manassas City,US.VA.MS,1852,24,
Harnett County,US.NC.HT,1847,49,
Stafford County,US.VA.SF,1846,13,
Carroll County,US.MD.CR,1842,123,
Limestone County,US.AL.LI,1835,19,
Douglas County,US.KS.DG,1823,10,
Orange County,US.TX.OR,1822,39,
Leavenworth County,US.KS.LV,1819,9,
Georgetown County,US.SC.GR,1815,41,
Lebanon County,US.PA.LB,1814,57,
Henderson County,US.NC.HN,1814,60,
Cleveland County,US.NC.CV,1813,52,
St. Mary Parish,US.LA.SM,1812,75,
Suffolk City,US.VA.SO,1810,63,
Darlington County,US.SC.DA,1809,47,
Trumbull County,US.OH.TR,1806,127,
Bee County,US.TX.BE,1805,27,
Walton County,US.FL.WL,1803,22,
Kendall County,US.IL.KA,1797,25,
Crittenden County,US.AR.CD,1785,36,
Monroe County,US.FL.MO,1780,20,
Chelan County,US.WA.CH,1779,13,
Lincoln County,US.AR.LC,1774,13,
Litchfield County,US.CT.LI,1773,139,
Hot Spring County,US.AR.HT,1772,23,
Beaver County,US.PA.BA,1767,106,
Pennington County,US.SD.PN,1766,33,
Coryell County,US.TX.CL,1766,11,
Licking County,US.OH.LI,1762,58,
Wicomico County,US.MD.WI,1754,48,
Monroe County,US.PA.MR,1753,129,
Hamblen County,US.TN.HB,1753,22,
Pottawattamie County,US.IA.PT,1753,35,
Cullman County,US.AL.CU,1750,17,
Saline County,US.AR.SL,1747,16,
Kershaw County,US.SC.KE,1746,35,
Kent County,US.RI.KE,1746,104,
Rockdale County,US.GA.RO,1745,32,
Parker County,US.TX.PR,1742,29,
Payne County,US.OK.PY,1738,5,
Marshall County,US.IA.MS,1734,32,
Jackson County,US.GA.JC,1730,27,
Berrien County,US.MI.BN,1729,72,
St. Charles Parish,US.LA.SC,1720,58,
Dallas County,US.AL.DL,1717,26,
Canadian County,US.OK.CN,1716,13,
Bolivar County,US.MS.BO,1706,60,
Hampton city,US.VA.HM,1706,17,
Delaware County,US.IN.DL,1706,60,
Stanly County,US.NC.SN,1705,52,
Hale County,US.TX.HE,1704,49,
Sampson County,US.NC.SP,1695,22,
Onslow County,US.NC.ON,1695,18,
Bastrop County,US.TX.BP,1685,28,
Oktibbeha County,US.MS.OK,1683,47,
Russell County,US.AL.RU,1678,2,
Niagara County,US.NY.NI,1678,89,
Franklin County,US.AL.FR,1672,28,
Gordon County,US.GA.GO,1668,35,
Walton County,US.GA.WA,1667,51,
Fayette County,US.GA.FY,1667,45,
Monongalia County,US.WV.MG,1661,5,
Cumberland County,US.PA.CU,1661,73,
New London County,US.CT.NL,1651,110,
Franklin County,US.PA.FR,1642,49,
Vigo County,US.IN.VI,1640,21,
Trousdale County,US.TN.TR,1638,7,
Granville County,US.NC.GN,1631,48,
Tift County,US.GA.TI,1628,52,
La Crosse County,US.WI.LA,1625,2,
Tipton County,US.TN.TI,1605,15,
Clark County,US.OH.CK,1599,36,
Garland County,US.AR.GL,1589,36,
Clay County,US.MO.CY,1589,39,
Chattahoochee County,US.GA.CH,1584,2,
Grayson County,US.TX.GO,1577,33,
Muskogee County,US.OK.MO,1574,19,
Autauga County,US.AL.AU,1565,24,
Sutter County,US.CA.SU,1564,10,
Chatham County,US.NC.CH,1562,57,
St. John the Baptist Parish,US.LA.SO,1556,97,
Putnam County,US.NY.PU,1554,63,
Laurens County,US.SC.LU,1553,54,
Lauderdale County,US.AL.LU,1552,31,
Washington Parish,US.LA.WO,1550,61,
Sullivan County,US.NY.SL,1549,37,
Colbert County,US.AL.CL,1542,24,
Napa County,US.CA.NA,1540,13,
Lamar County,US.MS.LM,1535,33,
Flagler County,US.FL.FL,1533,18,
DeSoto County,US.FL.DE,1533,23,
Rogers County,US.OK.RS,1533,45,
Wood County,US.OH.WO,1528,65,
Buchanan County,US.MO.BC,1521,13,
East Feliciana Parish,US.LA.EF,1518,57,
Caldwell County,US.NC.CL,1516,17,
Escambia County,US.AL.ES,1513,23,
Hunt County,US.TX.HT,1512,32,
Middlesex County,US.CT.MI,1512,193,
Lee County,US.NC.LE,1512,13,
Lake County,US.OH.LK,1502,45,
Wichita County,US.TX.WC,1498,19,
Allen Parish,US.LA.AL,1498,45,
Neshoba County,US.MS.NS,1495,102,
Madison County,US.IN.MD,1489,85,
Clermont County,US.OH.CE,1481,17,
Blue Earth County,US.MN.BE,1481,6,
Seward County,US.KS.SW,1479,5,
Laurens County,US.GA.LR,1478,54,
Mississippi County,US.AR.MS,1477,35,
LaSalle County,US.IL.LA,1475,54,
Washington County,US.MD.WA,1474,35,
Wayne County,US.TN.WY,1472,4,
Brunswick County,US.NC.BS,1472,26,
Cherokee County,US.TX.CK,1467,24,
Nacogdoches County,US.TX.NC,1459,58,
Hardeman County,US.TN.HA,1447,25,
Moore County,US.NC.ME,1446,22,
Rockwall County,US.TX.RC,1446,24,
Blount County,US.AL.BU,1446,13,
Habersham County,US.GA.HB,1442,63,
Muskegon County,US.MI.MG,1436,69,
St. Francois County,US.MO.SF,1434,7,
Wright County,US.MN.WR,1428,6,
Thomas County,US.GA.TH,1428,58,
Monroe County,US.MI.MO,1427,29,
Sussex County,US.NJ.SU,1425,198,
Erie County,US.PA.ER,1421,37,
Warren County,US.NJ.WA,1418,171,
Caldwell County,US.TX.CW,1411,34,
Broome County,US.NY.BO,1410,85,
Jackson County,US.AL.JA,1410,10,
Titus County,US.TX.TU,1410,28,
Ware County,US.GA.WE,1409,49,
Boone County,US.KY.BO,1406,25,
Fond du Lac County,US.WI.FN,1405,12,
Taylor County,US.TX.TA,1398,43,
Avoyelles Parish,US.LA.AV,1398,49,
Dodge County,US.WI.DD,1389,8,
Madison County,US.KY.MD,1388,4,
Chilton County,US.AL.CI,1387,18,
San Patricio County,US.TX.SP,1384,64,
St. Francis County,US.AR.SI,1384,4,
Malheur County,US.OR.ML,1381,22,
Iberville Parish,US.LA.IV,1380,57,
Comanche County,US.OK.CM,1380,12,
Jim Wells County,US.TX.JW,1369,31,
Tazewell County,US.IL.TA,1367,12,
Roanoke city,US.VA.RO,1365,15,
Panola County,US.MS.PA,1362,26,
Lowndes County,US.MS.LO,1360,56,
Warren County,US.MS.WR,1352,47,
Schenectady County,US.NY.SN,1351,46,
Medina County,US.OH.MD,1351,38,
Riley County,US.KS.RL,1347,6,
Montgomery County,US.VA.MO,1341,4,
Sunflower County,US.MS.SU,1338,42,
Polk County,US.GA.PO,1334,17,
Lincoln County,US.NC.LI,1334,13,
Okeechobee County,US.FL.OE,1325,21,
Gibson County,US.TN.GB,1323,19,
Leflore County,US.MS.LL,1320,77,
St. Bernard Parish,US.LA.SE,1317,28,
Texas County,US.OK.TE,1311,8,
DeKalb County,US.IL.DK,1309,36,
Wagoner County,US.OK.WG,1308,23,
Baker County,US.FL.BK,1307,7,
LaPorte County,US.IN.LA,1306,37,
Hampshire County,US.MA.HS,1301,141,
Allen County,US.OH.AN,1295,61,
Franklin County,US.MO.FR,1282,23,
Sandoval County,US.NM.SD,1281,38,
Garfield County,US.OK.GF,1276,17,
Walker County,US.GA.WK,1274,26,
Wharton County,US.TX.WN,1270,48,
Williamsburg County,US.SC.WI,1269,39,
Hardin County,US.TX.HN,1258,27,
Effingham County,US.GA.EF,1257,21,
Rice County,US.MN.RI,1255,8,
Rockingham County,US.VA.RG,1254,20,
Hunterdon County,US.NJ.HN,1253,125,
Spalding County,US.GA.SD,1248,54,
Lea County,US.NM.LE,1247,19,
Columbus County,US.NC.CM,1246,52,
Evangeline Parish,US.LA.EV,1246,29,
Carver County,US.MN.CV,1245,7,
Oconee County,US.SC.OC,1245,23,
Cass County,US.MO.CS,1243,16,
Taylor County,US.FL.TA,1243,11,
Covington County,US.AL.CV,1242,27,
Livingston County,US.MI.LI,1242,29,
Miami County,US.OH.MM,1242,48,
Cape Girardeau County,US.MO.CG,1239,9,
Surry County,US.NC.SU,1238,20,
Dale County,US.AL.DE,1237,42,
Tolland County,US.CT.TO,1232,65,
Mower County,US.MN.MW,1228,4,
Sheboygan County,US.WI.SE,1227,11,
San Benito County,US.CA.SI,1223,10,
Howard County,US.IN.HO,1222,65,
Floyd County,US.IN.FL,1220,63,
Lafayette County,US.FL.LF,1219,10,
Coles County,US.IL.CE,1219,26,
Bedford County,US.TN.BD,1217,14,
Chambers County,US.TX.CH,1215,8,
Toombs County,US.GA.TM,1213,35,
Coffee County,US.AL.CF,1212,7,
Hardee County,US.FL.HD,1211,9,
Macon County,US.IL.MC,1209,32,
Eagle County,US.CO.EA,1207,9,
Newton County,US.MO.NT,1206,13,
Greene County,US.OH.GR,1201,25,
Yell County,US.AR.YE,1193,25,
Whatcom County,US.WA.WA,1192,39,
Jefferson Davis Parish,US.LA.JD,1191,37,
Washington County,US.PA.WS,1190,28,
St. Mary's County,US.MD.SA,1186,57,
Pike County,US.MS.PI,1185,48,
Navarro County,US.TX.NV,1185,23,
Willacy County,US.TX.WY,1180,46,
Sevier County,US.AR.SV,1176,16,
Cole County,US.MO.CE,1172,7,
Eau Claire County,US.WI.EA,1171,6,
Lynchburg city,US.VA.LY,1169,5,
Gila County,US.AZ.GI,1167,51,
Wapello County,US.IA.WP,1167,56,
Douglas County,US.WA.DO,1167,9,
Bowie County,US.TX.BW,1167,46,
Accomack County,US.VA.AC,1158,19,
Edgecombe County,US.NC.ED,1157,30,
Kosciusko County,US.IN.KO,1157,19,
Pontotoc County,US.MS.PO,1157,15,
Culpeper County,US.VA.CP,1152,14,
Grant County,US.IN.GA,1151,35,
Gallatin County,US.MT.GL,1148,3,
Medina County,US.TX.ME,1147,39,
Monroe County,US.MS.MR,1143,64,
Camden County,US.GA.CD,1142,7,
Williamson County,US.IL.WS,1141,26,
Scott County,US.MS.SC,1138,23,
Moore County,US.TX.MO,1137,19,
Franklin County,US.NC.FR,1137,30,
McCurtain County,US.OK.MU,1136,32,
Copiah County,US.MS.CP,1136,33,
Franklin Parish,US.LA.FR,1135,34,
Centre County,US.PA.CT,1135,11,
Jackson County,US.IL.JC,1135,24,
Calhoun County,US.MI.CU,1130,44,
Bartholomew County,US.IN.BA,1130,60,
Albemarle County,US.VA.AB,1128,19,
Craven County,US.NC.CN,1127,29,
Dyer County,US.TN.DY,1125,10,
Daviess County,US.KY.DA,1125,12,
Webster County,US.IA.WE,1120,13,
Webster Parish,US.LA.WR,1119,20,
St. Louis County,US.MN.ST,1118,26,
Shelby County,US.IN.SH,1114,37,
Clay County,US.MN.CA,1111,40,
Dickson County,US.TN.DI,1110,12,
Pike County,US.AL.PK,1108,9,
Tallapoosa County,US.AL.TP,1106,84,
Chesterfield County,US.SC.CF,1103,31,
Wilkes County,US.NC.WE,1102,28,
Kitsap County,US.WA.KS,1099,11,
Chambers County,US.AL.CM,1094,42,
Hardin County,US.KY.HN,1083,10,
Holmes County,US.MS.HO,1074,56,
Coahoma County,US.MS.CH,1070,24,
Hanover County,US.VA.HV,1068,35,
Ozaukee County,US.WI.OZ,1067,18,
Lincoln County,US.SD.LI,1064,2,
Newberry County,US.SC.NE,1064,16,
Skagit County,US.WA.SG,1060,22,
Decatur County,US.GA.DC,1060,23,
Yuba County,US.CA.YU,1057,7,
Grimes County,US.TX.GM,1057,31,
Cumberland County,US.TN.CU,1055,10,
Wayne County,US.GA.WY,1053,27,
Marshall County,US.MS.MS,1052,14,
Washington County,US.FL.WS,1048,18,
Rutherford County,US.NC.RU,1048,21,
Wayne County,US.IN.WY,1047,13,
Jefferson County,US.WI.JE,1047,7,
Carter County,US.TN.CT,1045,26,
Stark County,US.ND.SR,1045,6,
Crawford County,US.AR.CW,1044,10,
Sioux County,US.IA.SI,1044,3,
Dawson County,US.NE.DN,1043,12,
Rockingham County,US.NC.RC,1042,11,
Clarke County,US.AL.CK,1040,16,
Fayette County,US.TN.FA,1039,14,
Pottawatomie County,US.OK.PT,1035,9,
Taney County,US.MO.TA,1034,22,
El Dorado County,US.CA.EL,1032,2,
Schuylkill County,US.PA.SC,1029,51,
Henderson County,US.TN.HS,1027,18,
Loudon County,US.TN.LO,1027,4,
Clarendon County,US.SC.CN,1027,65,
Muscatine County,US.IA.MU,1024,52,
Lincoln County,US.MS.LI,1019,52,
Lee County,US.AR.LE,1018,14,
Salem County,US.NJ.SA,1014,89,
McDonald County,US.MO.MA,1014,10,
Anderson County,US.TN.AN,1014,10,
Weakley County,US.TN.WE,1009,15,
Yazoo County,US.MS.YZ,1009,23,
Natchitoches Parish,US.LA.NA,1009,24,
Lincoln Parish,US.LA.LN,1008,43,
Whitman County,US.WA.WI,1008,0,
Sherburne County,US.MN.SH,1007,13,
Grenada County,US.MS.GN,1007,32,
Pointe Coupee Parish,US.LA.PO,1006,39,
Okanogan County,US.WA.OK,1004,9,
Christian County,US.MO.CT,1003,3,
Jefferson County,US.TN.JE,1002,13,
Catoosa County,US.GA.CS,1002,16,
Wakulla County,US.FL.WK,1001,9,
Vernon Parish,US.LA.VN,1001,43,
Christian County,US.KY.CH,1000,14,
Liberty County,US.GA.LB,997,19,
Simpson County,US.MS.SI,993,40,
Thurston County,US.WA.TH,993,15,
Dodge County,US.NE.DE,992,11,
York County,US.ME.YO,987,15,
Madison County,US.FL.MD,981,16,
Chester County,US.SC.CR,980,19,
Portage County,US.OH.PO,980,65,
Bryan County,US.GA.BY,979,9,
Shelby County,US.KY.SH,977,23,
Greene County,US.TN.GE,976,28,
Vance County,US.NC.VA,975,43,
Matagorda County,US.TX.MD,975,40,
Montgomery County,US.NC.MO,975,23,
Chicot County,US.AR.CT,973,11,
Macon County,US.TN.MC,972,19,
Obion County,US.TN.OB,971,8,
Lyon County,US.KS.LY,971,19,
Pueblo County,US.CO.PU,969,34,
Cape May County,US.NJ.CP,964,94,
Creek County,US.OK.CE,964,27,
Beauregard Parish,US.LA.BE,964,36,
Hoke County,US.NC.HO,963,13,
Clinton County,US.IA.CN,963,15,
Levy County,US.FL.LV,962,8,
Cherokee County,US.SC.CK,960,34,
Lamar County,US.TX.LR,959,30,
Kleberg County,US.TX.KL,956,37,
Platte County,US.NE.PL,956,3,
Appling County,US.GA.AP,956,26,
Boone County,US.IL.BO,956,23,
Mercer County,US.OH.MC,956,17,
Saratoga County,US.NY.SR,955,15,
Jackson County,US.OR.JA,954,3,
St. Clair County,US.MI.SA,954,53,
Henry County,US.VA.HY,953,16,
Marshall County,US.IN.MS,951,23,
Union County,US.MS.UN,951,23,
Colleton County,US.SC.CT,951,40,
Warren County,US.TN.WR,947,8,
Monroe County,US.TN.MR,943,17,
Oldham County,US.KY.OL,942,25,
Warrick County,US.IN.WI,939,33,
Boone County,US.IN.BO,938,49,
DeWitt County,US.TX.DE,937,28,
Clinton County,US.IL.CN,936,19,
McMinn County,US.TN.MM,933,24,
Butler County,US.PA.BT,932,21,
Jackson County,US.MI.JA,930,42,
Worcester County,US.MD.WO,930,26,
Leake County,US.MS.LK,925,33,
Cerro Gordo County,US.IA.CG,923,21,
Stephens County,US.GA.SE,922,31,
Halifax County,US.NC.HL,921,17,
Chaves County,US.NM.CH,918,7,
Tate County,US.MS.TT,911,35,
Bradford County,US.FL.BA,911,6,
Coffee County,US.TN.CF,910,9,
Washington County,US.OK.WN,907,40,
Dubois County,US.IN.DU,906,18,
Summit County,US.UT.SU,905,1,
Brown County,US.SD.BW,905,3,
Cecil County,US.MD.CE,904,31,
Bay County,US.MI.BY,903,46,
Emanuel County,US.GA.EM,903,27,
Pittsylvania County,US.VA.PS,901,6,
Sumter County,US.GA.SU,900,60,
Charlottesville City,US.VA.CE,899,24,
Butler County,US.AL.BT,898,38,
Union Parish,US.LA.UN,898,41,
Santa Fe County,US.NM.ST,893,4,
Plymouth County,US.IA.PM,893,20,
Reno County,US.KS.RN,893,3,
Henderson County,US.TX.HD,892,20,
Lenoir County,US.NC.LN,892,22,
Garfield County,US.CO.GA,891,5,
Tuscarawas County,US.OH.TU,885,19,
Warren County,US.IA.WR,883,6,
Marion County,US.AL.MI,883,28,
Pettis County,US.MO.PS,882,8,
Crawford County,US.IA.CW,881,3,
Kandiyohi County,US.MN.KD,879,2,
Rensselaer County,US.NY.RE,876,42,
Elko County,US.NV.EL,876,7,
Morton County,US.ND.MR,875,8,
Adams County,US.IL.AD,874,10,
Dillon County,US.SC.DI,874,28,
Hancock County,US.IN.HC,873,45,
Hardin County,US.TN.HI,872,14,
West Baton Rouge Parish,US.LA.WB,871,41,
Portage County,US.WI.PT,870,3,
Lauderdale County,US.TN.LU,867,14,
Berkeley County,US.WV.BE,866,11,
Cherokee County,US.OK.CK,864,7,
Independence County,US.AR.IN,863,12,
Wayne County,US.MS.WY,863,21,
Wayne County,US.OH.WE,861,65,
Adams County,US.MS.AD,859,32,
Marathon County,US.WI.MH,859,14,
McDowell County,US.NC.MW,858,25,
Gulf County,US.FL.GU,858,13,
Buffalo County,US.NE.BF,858,3,
Fairbanks North Star Borough,US.AK.FA,856,9,
Lake County,US.TN.LK,856,2,
Crawford County,US.KS.CR,855,4,
Calvert County,US.MD.CL,854,28,
Fauquier County,US.VA.FQ,854,21,
Noble County,US.IN.NO,852,33,
Lawrence County,US.TN.LW,848,11,
Le Flore County,US.OK.LE,848,16,
Madison Parish,US.LA.MA,848,8,
Haywood County,US.TN.HY,847,15,
Hood County,US.TX.HO,847,25,
De Soto Parish,US.LA.DE,846,34,
Windham County,US.CT.WI,844,15,
Randolph County,US.IL.RA,841,8,
Marlboro County,US.SC.ML,839,6,
Lane County,US.OR.LE,838,12,
Deaf Smith County,US.TX.DI,838,20,
Harrison County,US.TX.HR,838,30,
Erie County,US.OH.ER,836,42,
Columbia County,US.PA.CO,836,35,
Pender County,US.NC.PD,824,5,
Bledsoe County,US.TN.BE,822,4,
Gonzales County,US.TX.GA,822,14,
Walla Walla County,US.WA.WL,822,5,
Marion County,US.MS.MI,820,29,
Ross County,US.OH.RO,820,19,
Lonoke County,US.AR.LO,819,5,
Pearl River County,US.MS.PL,819,49,
Chittenden County,US.VT.CH,811,39,
Scotland County,US.NC.SC,811,12,
Polk County,US.TX.PK,811,21,
Frederick County,US.VA.FK,809,11,
Richmond County,US.NC.RI,807,12,
Waupaca County,US.WI.WP,806,19,
Lumpkin County,US.GA.LP,803,12,
Johnson County,US.MO.JO,800,4,
Northumberland County,US.PA.NU,799,43,
Bladen County,US.NC.BL,798,11,
Sabine Parish,US.LA.SB,798,14,
Johnson County,US.AR.JO,795,4,
Rusk County,US.TX.RK,793,6,
James City County,US.VA.JA,792,18,
Barbour County,US.AL.BR,792,7,
Union County,US.FL.UN,790,7,
Dixie County,US.FL.DI,788,5,
Shenandoah County,US.VA.SN,787,50,
Mendocino County,US.CA.MI,785,17,
St. James Parish,US.LA.SJ,783,38,
Gilmer County,US.GA.GI,780,10,
Covington County,US.MS.CV,774,18,
Graham County,US.AZ.GA,773,24,
Campbell County,US.KY.CM,772,16,
Waller County,US.TX.WR,771,11,
Big Horn County,US.MT.BI,770,19,
Union County,US.AR.UN,769,25,
Payette County,US.ID.PA,765,4,
Marion County,US.SC.MI,762,19,
Beaufort County,US.NC.BA,761,10,
Harris County,US.GA.HI,760,21,
Erath County,US.TX.ER,760,11,
Tooele County,US.UT.TE,756,0,
Bannock County,US.ID.BO,754,4,
Karnes County,US.TX.KS,752,16,
Dawson County,US.GA.DW,752,6,
Murray County,US.GA.MA,751,5,
Hamilton County,US.FL.HM,749,7,
Cheatham County,US.TN.CA,749,10,
Madison County,US.OH.MO,747,11,
Mitchell County,US.GA.MT,747,45,
Roane County,US.TN.RA,744,4,
Logan County,US.CO.LO,743,5,
Jefferson County,US.GA.JR,743,21,
Colfax County,US.NE.CO,742,5,
Richland County,US.OH.RI,741,18,
Fayette County,US.PA.FA,740,7,
Tattnall County,US.GA.TT,740,9,
Uvalde County,US.TX.UV,737,29,
Effingham County,US.IL.EF,737,1,
Carroll County,US.TN.CR,736,15,
Adams County,US.WA.AD,735,9,
Greensville County,US.VA.GS,735,11,
Adams County,US.PA.AD,734,24,
Franklin County,US.TN.FR,734,7,
Jasper County,US.SC.JA,734,18,
Washington County,US.RI.WA,733,65,
Scott County,US.MO.ST,732,15,
Prentiss County,US.MS.PN,731,16,
Lenawee County,US.MI.LN,730,14,
Osage County,US.OK.OS,729,13,
Flathead County,US.MT.FL,729,13,
Danville City,US.VA.DA,729,17,
Newton County,US.MS.NW,729,20,
Richland Parish,US.LA.RI,728,10,
Bullitt County,US.KY.BI,727,8,
Lassen County,US.CA.LS,727,0,
Morgan County,US.CO.MN,727,48,
George County,US.MS.GR,726,13,
Burke County,US.GA.BE,725,9,
Alcorn County,US.MS.AL,725,9,
Jackson County,US.IN.JC,725,10,
Curry County,US.NM.CU,722,5,
Berkshire County,US.MA.BE,721,46,
Rhea County,US.TN.RH,721,8,
Deschutes County,US.OR.DE,720,12,
Bryan County,US.OK.BR,717,4,
Grady County,US.GA.GD,716,19,
Winston County,US.MS.WN,715,19,
Butler County,US.KS.BU,712,4,
Hawkins County,US.TN.HW,712,14,
Ward County,US.ND.WR,711,3,
St. Croix County,US.WI.SI,711,7,
Madison County,US.NE.MA,710,5,
Assumption Parish,US.LA.AS,710,23,
Madison County,US.TX.AD,709,5,
St. Joseph County,US.MI.SJ,708,11,
Sauk County,US.WI.SU,708,3,
Cocke County,US.TN.CE,708,9,
Darke County,US.OH.DA,707,37,
Upson County,US.GA.UP,706,59,
Fairfield County,US.SC.FA,704,32,
Okmulgee County,US.OK.OM,703,5,
Henry County,US.IN.HY,703,24,
Tallahatchie County,US.MS.TL,702,14,
Lavaca County,US.TX.LA,701,32,
Greene County,US.AR.GE,700,7,
Van Buren County,US.MI.VA,700,17,
Holmes County,US.FL.HO,699,5,
Sequoyah County,US.OK.SQ,699,8,
Belmont County,US.OH.BE,698,27,
Pittsburg County,US.OK.PI,698,19,
Yamhill County,US.OR.YA,697,14,
Roanoke County,US.VA.RE,696,5,
Ben Hill County,US.GA.BL,696,18,
Ottawa County,US.OK.OT,696,4,
McNairy County,US.TN.MA,696,15,
Allegan County,US.MI.AL,694,7,
Iron County,US.UT.RN,693,2,
Muhlenberg County,US.KY.MU,689,12,
Wise County,US.TX.WE,689,13,
McClain County,US.OK.ML,688,5,
Laurel County,US.KY.LU,687,5,
Ellis County,US.KS.EL,685,3,
Morehouse Parish,US.LA.MO,685,19,
Marengo County,US.AL.ME,685,19,
Petersburg city,US.VA.PB,684,23,
Graves County,US.KY.GV,684,29,
Miller County,US.AR.ML,684,10,
Prince George County,US.VA.PG,682,2,
Jerome County,US.ID.JR,681,6,
Pulaski County,US.KY.PU,681,8,
Yadkin County,US.NC.YD,681,7,
Lee County,US.SC.LE,680,32,
San Juan County,US.UT.SJ,680,29,
Burnet County,US.TX.BT,680,12,
Geauga County,US.OH.GE,680,46,
Jeff Davis County,US.GA.JF,677,15,
Grady County,US.OK.GD,676,7,
Scott County,US.KY.SC,676,8,
Itawamba County,US.MS.IT,676,18,
Manitowoc County,US.WI.MW,676,2,
Camden County,US.MO.CM,672,9,
Chattooga County,US.GA.CG,672,7,
Des Moines County,US.IA.DS,670,6,
Calumet County,US.WI.CA,668,2,
White County,US.TN.WH,668,8,
Lee County,US.GA.LE,667,25,
Wasatch County,US.UT.WA,666,7,
Buckingham County,US.VA.BK,665,8,
Frio County,US.TX.FO,664,8,
Tama County,US.IA.TM,663,30,
Winona County,US.MN.WN,663,17,
Saline County,US.NE.SL,663,2,
Beadle County,US.SD.BA,662,9,
Jasper County,US.IA.JS,661,31,
Marinette County,US.WI.MT,660,7,
Saluda County,US.SC.SA,658,19,
Morgan County,US.IN.MG,658,39,
Plaquemines Parish,US.LA.PL,657,19,
Putnam County,US.GA.PT,656,22,
Oconee County,US.GA.OC,656,22,
Franklin County,US.GA.FR,655,11,
Bedford County,US.VA.BF,655,9,
Radford city,US.VA.RD,654,0,
White County,US.GA.WH,653,17,
Winston County,US.AL.WN,652,12,
Lincoln County,US.MO.LO,650,2,
Cabell County,US.WV.CB,647,8,
Jackson County,US.OK.JA,646,9,
Isle of Wight County,US.VA.IS,644,11,
Fannin County,US.TX.FI,641,12,
Androscoggin County,US.ME.AN,641,10,
Williams County,US.ND.WI,639,5,
Washington County,US.GA.WG,637,7,
Mercer County,US.PA.ME,636,13,
Hertford County,US.NC.HD,636,24,
Caddo County,US.OK.CD,633,20,
Lowndes County,US.AL.LO,632,27,
Marion County,US.IA.MI,630,3,
Whiteside County,US.IL.WD,629,19,
Delaware County,US.OK.DL,629,23,
Dunklin County,US.MO.DU,628,6,
Mecklenburg County,US.VA.ME,628,33,
West Feliciana Parish,US.LA.WF,628,23,
LaGrange County,US.IN.LG,627,11,
Tishomingo County,US.MS.TS,625,34,
Marshall County,US.TN.MS,624,4,
Ashtabula County,US.OH.AB,624,47,
Monroe County,US.GA.MN,624,44,
Fremont County,US.WY.FR,623,14,
Pasquotank County,US.NC.PU,622,26,
Eddy County,US.NM.ED,619,5,
Laramie County,US.WY.LA,619,4,
Attala County,US.MS.AT,619,25,
Chickasaw County,US.MS.CS,619,24,
Calhoun County,US.TX.CU,618,7,
Atascosa County,US.TX.AT,615,30,
Saline County,US.MO.SI,614,9,
Smith County,US.TN.SH,614,10,
Madison County,US.GA.MD,613,8,
Shasta County,US.CA.SH,612,12,
Peach County,US.GA.PH,611,19,
Blaine County,US.ID.BL,610,6,
Dearborn County,US.IN.DR,609,30,
Butts County,US.GA.BU,608,41,
Caroline County,US.MD.CO,606,3,
Isabella County,US.MI.IB,606,10,
Queen Anne's County,US.MD.QU,606,26,
Pickens County,US.AL.PC,605,13,
Bibb County,US.AL.BI,604,9,
Tippah County,US.MS.TP,603,16,
McCracken County,US.KY.MK,600,6,
Union County,US.GA.UN,599,17,
Hancock County,US.OH.HN,598,7,
Lyon County,US.MN.LY,596,4,
Calhoun County,US.FL.CA,596,9,
Cassia County,US.ID.CS,596,5,
Washington County,US.TX.WH,594,47,
Manassas Park city,US.VA.MP,594,8,
Overton County,US.TN.OV,593,3,
Charlton County,US.GA.CT,592,6,
Clinton County,US.MI.CN,591,13,
Bingham County,US.ID.BG,591,9,
Morgan County,US.IL.MG,590,21,
Hale County,US.AL.HA,589,28,
Brookings County,US.SD.BK,589,1,
White County,US.AR.WH,587,14,
Clinton County,US.IN.CI,587,15,
Winn Parish,US.LA.WI,586,17,
Lycoming County,US.PA.LY,585,23,
Minidoka County,US.ID.MI,584,7,
Marion County,US.MO.MO,583,7,
Bamberg County,US.SC.BM,580,33,
Walthall County,US.MS.WT,579,24,
Hampton County,US.SC.HA,578,25,
Daviess County,US.IN.DI,578,27,
Franklin County,US.FL.FR,578,3,
Columbia County,US.NY.CU,577,47,
Cowlitz County,US.WA.CW,575,6,
Scurry County,US.TX.SU,574,2,
Monroe County,US.IL.MR,574,15,
Bullock County,US.AL.BL,574,14,
Henry County,US.IL.HY,574,4,
Barnwell County,US.SC.BN,573,16,
Carteret County,US.NC.CE,573,5,
Hawaii County,US.HI.HA,572,3,
Barren County,US.KY.BN,570,13,
Eaton County,US.MI.EA,569,10,
Monroe County,US.AL.MR,569,9,
Pickens County,US.GA.PE,568,8,
Platte County,US.MO.PT,568,10,
Grundy County,US.IL.GU,567,5,
Wilson County,US.TX.WS,566,26,
Hopkins County,US.KY.HO,566,37,
Nodaway County,US.MO.NO,565,1,
Lapeer County,US.MI.LP,565,37,
Broomfield County and City,US.CO.BR,564,33,
Randolph County,US.AL.RA,563,12,
Wood County,US.WI.WO,563,3,
Saline County,US.KS.SA,562,9,
Jones County,US.TX.JN,562,0,
Macon County,US.NC.MN,561,2,
Grant County,US.WI.GA,561,19,
Franklin County,US.KY.FR,559,11,
Pierce County,US.GA.PR,559,15,
Henderson County,US.KY.HE,559,3,
Bacon County,US.GA.BC,559,10,
Codington County,US.SD.CD,557,2,
Ogle County,US.IL.OG,557,5,
Pike County,US.PA.PI,554,21,
Elbert County,US.GA.EL,553,2,
McDuffie County,US.GA.MU,552,13,
Lawrence County,US.AL.LW,551,12,
Jackson Parish,US.LA.JA,551,23,
Haywood County,US.NC.HW,550,31,
Poinsett County,US.AR.PN,549,6,
Branch County,US.MI.BC,545,4,
Henry County,US.TN.HR,545,8,
Sandusky County,US.OH.SA,544,20,
Oconto County,US.WI.OC,543,4,
Van Zandt County,US.TX.VN,540,18,
Carroll County,US.AR.CL,538,8,
Noxubee County,US.MS.NO,538,14,
Logan County,US.WV.LO,537,36,
Hancock County,US.MS.HN,537,20,
Washington County,US.AL.WS,536,13,
East Carroll Parish,US.LA.EC,534,3,
Jessamine County,US.KY.JS,534,0,
Perry County,US.AL.PE,534,5,
Wright County,US.IA.WG,534,1,
Johnson County,US.TN.JO,533,2,
Clay County,US.MS.CY,533,16,
Merrimack County,US.NH.ME,532,23,
Matanuska-Susitna Borough,US.AK.MA,531,2,
Harrison County,US.IN.HI,531,26,
Lee County,US.IA.LE,531,6,
Cook County,US.GA.CO,531,12,
Jefferson County,US.FL.JE,530,7,
Valencia County,US.NM.VA,530,4,
Fannin County,US.GA.FN,529,9,
Wilcox County,US.AL.WC,528,11,
Prince Edward County,US.VA.PD,528,12,
Lawrence County,US.OH.LW,527,17,
La Paz County,US.AZ.LA,525,15,
Indiana County,US.PA.IN,523,11,
Glenn County,US.CA.GL,522,3,
DeKalb County,US.TN.DE,522,9,
Jasper County,US.MS.JS,522,13,
Adair County,US.OK.AD,521,10,
Carroll County,US.IA.CL,521,5,
Knox County,US.IL.KX,521,3,
Cherokee County,US.NC.CO,519,6,
Cambria County,US.PA.CI,518,6,
Jackson County,US.TX.JA,518,15,
Blair County,US.PA.BL,517,13,
Jackson County,US.NC.JA,517,7,
Edgefield County,US.SC.ED,516,15,
Meriwether County,US.GA.MW,516,11,
Worth County,US.GA.WO,516,29,
Lincoln County,US.TN.LI,515,1,
Davie County,US.NC.DV,515,6,
Limestone County,US.TX.LO,515,9,
Watauga County,US.NC.WT,514,0,
Dorchester County,US.MD.DO,514,9,
Fredericksburg City,US.VA.FB,512,4,
Bertie County,US.NC.BT,512,7,
Crisp County,US.GA.CP,510,17,
Conecuh County,US.AL.CO,510,11,
Brown County,US.TX.BN,509,20,
Jefferson County,US.IL.JF,509,37,
Talbot County,US.MD.TA,508,5,
Midland County,US.MI.MD,508,11,
Smith County,US.MS.SM,508,13,
Giles County,US.TN.GL,507,15,
Clarke County,US.MS.CE,507,37,
Chautauqua County,US.NY.CQ,507,4,
Auglaize County,US.OH.AU,506,8,
Union County,US.SC.UN,505,10,
Anson County,US.NC.AN,505,3,
Huron County,US.OH.HU,504,7,
Chester County,US.TN.CS,504,8,
Fayette County,US.IN.FA,503,13,
Perry County,US.MO.PR,503,4,
York County,US.VA.YO,503,6,
Crenshaw County,US.AL.CA,502,31,
Jones County,US.GA.JE,501,4,
Athens County,US.OH.AS,501,2,
Oceana County,US.MI.OA,501,6,
Calhoun County,US.MS.CN,500,12,
Clay County,US.SD.CY,499,4,
Putnam County,US.IN.PT,499,8,
Steele County,US.MN.SE,496,2,
Shelby County,US.OH.SH,494,6,
Callaway County,US.MO.CA,492,2,
Montgomery County,US.IN.MM,492,22,
Lawrence County,US.IN.LW,492,29,
Brooks County,US.GA.BO,492,26,
Geneva County,US.AL.GE,491,4,
Cherokee County,US.AL.CH,490,14,
Colusa County,US.CA.CL,489,6,
Mesa County,US.CO.ME,488,6,
Nye County,US.NV.NY,488,14,
Kittitas County,US.WA.KT,488,22,
Abbeville County,US.SC.AB,488,12,
Bureau County,US.IL.BU,488,9,
Concordia Parish,US.LA.CR,488,11,
Mayes County,US.OK.MY,487,10,
Jefferson County,US.OR.JE,486,8,
Calloway County,US.KY.CW,485,8,
Gilchrist County,US.FL.GI,485,12,
Nevada County,US.CA.NE,482,5,
Greene County,US.GA.GE,482,21,
Lawrence County,US.PA.LW,481,21,
Logan County,US.KY.LO,479,27,
Madison County,US.NY.MA,478,9,
Newport County,US.RI.NE,476,4,
Liberty County,US.FL.LI,475,7,
New Madrid County,US.MO.NW,475,12,
Glades County,US.FL.GL,474,4,
Box Elder County,US.UT.BE,474,5,
Nicollet County,US.MN.NI,474,16,
Polk County,US.OR.PO,474,15,
Butler County,US.MO.BE,473,4,
Missoula County,US.MT.MS,472,3,
Lincoln County,US.OR.LC,472,13,
Shiawassee County,US.MI.SH,472,30,
Alexander County,US.NC.AE,471,3,
Watonwan County,US.MN.WT,471,4,
Tuscola County,US.MI.TU,471,29,
Greene County,US.NC.GE,471,5,
Palo Pinto County,US.TX.PO,470,14,
Morrow County,US.OR.MO,470,4,
Putnam County,US.OH.PU,468,18,
Hill County,US.TX.HI,467,12,
Grant Parish,US.LA.GR,466,30,
Cass County,US.MI.CS,466,16,
Decatur County,US.IN.DC,466,41,
Winchester city,US.VA.WH,465,4,
Tehama County,US.CA.TE,465,1,
Carter County,US.OK.CR,465,8,
Teton County,US.WY.TE,465,1,
White County,US.IN.WH,464,14,
Clay County,US.AL.CY,464,7,
Union County,US.IL.UN,464,24,
Macon County,US.AL.MC,464,19,
Milam County,US.TX.MI,463,5,
Todd County,US.MN.TO,463,2,
Tunica County,US.MS.TU,463,13,
Hart County,US.GA.HT,463,11,
Washington County,US.VA.WG,462,12,
Ottawa County,US.OH.OT,461,30,
Austin County,US.TX.AU,460,8,
Hickman County,US.TN.HN,459,4,
Adams County,US.NE.AD,458,11,
Crockett County,US.TN.CK,458,19,
Carroll County,US.VA.CL,457,19,
Claiborne Parish,US.LA.CI,457,16,
Colorado County,US.TX.CO,456,4,
Boone County,US.AR.BO,456,5,
Trempealeau County,US.WI.TR,455,2,
Shelby County,US.TX.SY,455,21,
Strafford County,US.NH.ST,453,13,
Henry County,US.IA.HE,452,4,
Benton County,US.MN.BN,452,3,
Wood County,US.TX.WO,452,18,
Humboldt County,US.CA.HU,452,5,
Pulaski County,US.MO.PA,451,3,
Fayette County,US.WV.FA,450,10,
Vermilion County,US.IL.VE,450,4,
Morgan County,US.GA.MO,448,2,
Dickinson County,US.IA.DI,447,6,
Bell County,US.KY.BL,447,11,
Claiborne County,US.MS.CB,446,16,
Early County,US.GA.EA,445,32,
Kerr County,US.TX.KR,444,10,
Freeborn County,US.MN.FR,442,1,
Bienville Parish,US.LA.BI,441,32,
Howard County,US.AR.HW,440,8,
Nelson County,US.KY.NE,438,4,
Cascade County,US.MT.CS,438,5,
Montgomery County,US.MS.MT,437,19,
Franklin County,US.MA.FR,436,66,
Carbon County,US.PA.CB,436,28,
Union County,US.OH.UN,435,2,
Ontario County,US.NY.OR,435,28,
Lawrence County,US.MO.LW,434,2,
Henry County,US.AL.HE,432,4,
Grand Traverse County,US.MI.GN,432,7,
Macoupin County,US.IL.MP,432,6,
Banks County,US.GA.BS,432,6,
Union County,US.OR.UN,431,2,
Atkinson County,US.GA.AT,431,3,
Calhoun County,US.SC.CH,430,17,
Marion County,US.TN.MI,430,7,
Le Sueur County,US.MN.LU,428,3,
Linn County,US.OR.LN,427,13,
Knox County,US.IN.KN,427,8,
Lewis County,US.WA.LE,427,4,
Phillips County,US.AR.PH,427,10,
Rosebud County,US.MT.RS,427,6,
Kenai Peninsula Borough,US.AK.KN,426,2,
Union County,US.PA.UN,425,6,
Scioto County,US.OH.SC,423,5,
Augusta County,US.VA.AU,421,4,
Stephenson County,US.IL.SN,421,6,
Lawrence County,US.MS.LW,420,12,
Columbia County,US.WI.CO,418,2,
Berrien County,US.GA.BN,418,10,
Miami County,US.IN.MI,415,2,
Franklin County,US.IL.FR,415,1,
Pemiscot County,US.MO.PM,415,9,
Allegany County,US.MD.AL,415,22,
Adams County,US.IN.AD,415,4,
Bleckley County,US.GA.BK,415,19,
Marion County,US.IL.MO,414,0,
Bremer County,US.IA.BR,414,7,
Sumter County,US.AL.SU,413,19,
Raleigh County,US.WV.RL,412,5,
Stutsman County,US.ND.SU,411,3,
Jasper County,US.TX.JR,411,21,
McLeod County,US.MN.MC,411,1,
Chippewa County,US.WI.CH,409,0,
Stewart County,US.GA.SW,409,12,
Ohio County,US.KY.OH,408,9,
Kay County,US.OK.KA,408,13,
Carson City,US.NV.CA,408,8,
La Salle Parish,US.LA.LA,407,7,
Jefferson County,US.ID.JF,407,1,
Howard County,US.TX.HW,406,10,
Barry County,US.MO.BR,406,5,
Duval County,US.TX.DU,405,14,
Parmer County,US.TX.PM,404,7,
Galax city,US.VA.GA,404,28,
Catahoula Parish,US.LA.CT,404,6,
Louisa County,US.IA.LO,403,14,
DeKalb County,US.IN.DE,402,10,
Warren County,US.VA.WR,402,6,
Yalobusha County,US.MS.YL,402,13,
Cibola County,US.NM.CI,402,20,
Southampton County,US.VA.SA,401,14,
Jefferson County,US.WV.JE,401,4,
Johnson County,US.GA.JH,401,18,
Andrews County,US.TX.AR,400,8,
Evans County,US.GA.EV,400,5,
Boone County,US.IA.BO,399,5,
Custer County,US.OK.CU,399,0,
McDonough County,US.IL.MU,398,15,
Candler County,US.GA.CR,397,16,
Claiborne County,US.TN.CI,397,4,
Preble County,US.OH.PR,397,10,
Ashley County,US.AR.AS,397,8,
Warren County,US.MO.WR,397,0,
Seneca County,US.OH.SE,396,14,
Decatur County,US.TN.DC,396,5,
Fayette County,US.TX.FT,396,18,
Barron County,US.WI.BR,395,4,
Haralson County,US.GA.HS,394,8,
Knox County,US.KY.KX,394,9,
Martin County,US.NC.MR,394,9,
Putnam County,US.WV.PU,393,2,
Huntingdon County,US.PA.HU,393,6,
Freestone County,US.TX.FE,393,1,
Laclede County,US.MO.LD,392,1,
Greene County,US.IN.GE,392,38,
Waseca County,US.MN.WE,391,6,
Polk County,US.MO.PO,390,1,
Lake County,US.CA.LK,390,7,
Campbell County,US.TN.CM,389,3,
Chisago County,US.MN.CG,389,1,
Stokes County,US.NC.SO,388,3,
St. Helena Parish,US.LA.SH,388,3,
Scotts Bluff County,US.NE.SC,387,7,
Howell County,US.MO.HW,386,3,
Fayette County,US.AL.FA,383,7,
Gibson County,US.IN.GI,380,4,
Washington County,US.IA.WS,380,11,
Armstrong County,US.PA.AR,380,13,
Logan County,US.IL.LO,380,1,
Person County,US.NC.PN,379,6,
Shawano County,US.WI.SA,378,0,
Meade County,US.SD.MD,378,2,
Wise County,US.VA.WI,377,6,
Campbell County,US.VA.CM,377,3,
Logan County,US.AR.LG,376,1,
Northampton County,US.NC.NO,375,17,
Smyth County,US.VA.SM,375,6,
Tompkins County,US.NY.TO,375,0,
Hancock County,US.GA.HC,374,41,
Cherokee County,US.KS.CK,374,2,
Seminole County,US.OK.SM,374,5,
Perry County,US.MS.PY,373,15,
Rio Arriba County,US.NM.RI,373,13,
Maui County,US.HI.MA,373,9,
Mercer County,US.WV.MR,373,24,
Nez Perce County,US.ID.NE,372,20,
Lyon County,US.NV.LY,371,6,
Webster County,US.MO.WE,370,2,
Page County,US.VA.PA,370,27,
Summit County,US.CO.SU,370,4,
Jenkins County,US.GA.JK,369,28,
Bristol County,US.RI.BR,369,16,
Telfair County,US.GA.TF,368,16,
Dodge County,US.GA.DG,368,9,
Jasper County,US.IN.JS,367,2,
Hopewell city,US.VA.HW,367,5,
Sussex County,US.VA.SS,367,9,
Polk County,US.TN.PO,365,11,
Crow Wing County,US.MN.CW,365,18,
Franklin city,US.VA.FR,363,7,
Oswego County,US.NY.OS,362,3,
Geary County,US.KS.GE,361,2,
Holmes County,US.OH.HL,361,7,
Pike County,US.KY.PI,360,3,
Humphreys County,US.MS.HU,360,15,
Upshur County,US.TX.US,360,9,
Live Oak County,US.TX.LK,359,8,
Martinsville city,US.VA.MR,359,6,
La Salle County,US.TX.LS,359,10,
Cooke County,US.TX.OO,358,5,
Luna County,US.NM.LU,358,5,
Natrona County,US.WY.NA,356,2,
Logan County,US.OK.LG,355,1,
Quitman County,US.MS.QU,354,5,
Montrose County,US.CO.MO,353,13,
Jersey County,US.IL.JR,353,12,
Stoddard County,US.MO.SD,353,9,
Mason County,US.WA.MA,352,3,
Houston County,US.TX.HS,351,9,
Miller County,US.MO.ML,350,1,
Cross County,US.AR.CO,350,5,
Warren County,US.NY.WR,348,30,
Grays Harbor County,US.WA.GY,348,6,
Beltrami County,US.MN.BT,348,3,
Lincoln County,US.OK.LI,348,9,
Cass County,US.IL.CS,348,11,
Woodford County,US.IL.WO,348,4,
Pecos County,US.TX.PE,348,4,
Harlan County,US.KY.HL,347,10,
Barton County,US.KS.BT,347,5,
Livingston County,US.MO.LV,345,1,
Panola County,US.TX.PN,345,24,
Lincoln County,US.NE.LI,342,2,
Stone County,US.MO.SE,342,2,
Scott County,US.IN.SC,342,12,
Lamar County,US.GA.LM,342,17,
Red River Parish,US.LA.RE,341,20,
Grayson County,US.KY.GY,341,13,
Stone County,US.MS.ST,341,11,
Green County,US.WI.GN,340,2,
Boyd County,US.KY.BD,340,4,
Muskingum County,US.OH.MU,340,2,
Audrain County,US.MO.AU,340,2,
Amherst County,US.VA.AH,339,1,
Ionia County,US.MI.II,338,7,
Choctaw County,US.AL.CC,338,12,
Fentress County,US.TN.FE,337,3,
Hempstead County,US.AR.HE,337,4,
Dinwiddie County,US.VA.DN,336,8,
Screven County,US.GA.SR,336,9,
Richmond County,US.VA.RI,336,4,
Camp County,US.TX.CP,335,9,
Otter Tail County,US.MN.OT,333,4,
Randolph County,US.AR.RA,333,18,
West Carroll Parish,US.LA.WC,332,9,
Columbia County,US.AR.CI,331,16,
Madison County,US.ID.MA,331,1,
Wood County,US.WV.WO,330,5,
Clinch County,US.GA.CC,329,5,
Iroquois County,US.IL.IR,329,19,
Phelps County,US.MO.PH,328,1,
Butler County,US.KY.BR,328,16,
Steuben County,US.IN.SE,328,7,
Randolph County,US.GA.RN,327,27,
Brunswick County,US.VA.BU,327,2,
Steuben County,US.NY.ST,326,39,
Drew County,US.AR.DR,326,5,
Ohio County,US.WV.OH,325,6,
Pierce County,US.WI.PI,325,6,
Greene County,US.MS.GE,325,16,
Seminole County,US.GA.SI,324,8,
Terrell County,US.GA.TL,324,31,
Brantley County,US.GA.BA,324,8,
Sullivan County,US.IN.SU,323,12,
Jackson County,US.KY.JA,323,15,
Orleans County,US.NY.OL,321,55,
Webster County,US.MS.WE,321,13,
Owyhee County,US.ID.OW,320,5,
Sweetwater County,US.WY.SW,320,2,
Harvey County,US.KS.HV,320,5,
Douglas County,US.WI.DG,319,0,
Union County,US.SD.UN,318,5,
Chaffee County,US.CO.CA,318,19,
Perry County,US.IL.PY,318,13,
Little River County,US.AR.LT,318,18,
Harrison County,US.WV.HR,318,3,
Franklin County,US.IA.FN,317,17,
Greene County,US.NY.GR,317,14,
Zapata County,US.TX.ZP,317,5,
Stephens County,US.OK.ST,317,5,
Bradley County,US.AR.BR,317,6,
Washington County,US.ID.WA,317,4,
Fulton County,US.NY.FU,316,28,
Monroe County,US.WI.MO,315,2,
Allendale County,US.SC.AL,315,6,
Cooper County,US.MO.CP,314,2,
Lafayette County,US.MO.LF,314,2,
Jefferson Davis County,US.MS.JD,313,10,
Hillsdale County,US.MI.HI,313,27,
Wayne County,US.WV.WA,313,10,
Madison County,US.AR.MD,313,2,
Burleson County,US.TX.BU,312,6,
Herkimer County,US.NY.HE,312,10,
Saunders County,US.NE.SU,312,3,
Otsego County,US.NY.OO,312,4,
Grainger County,US.TN.GA,311,1,
Elmore County,US.ID.EL,311,3,
Wilkinson County,US.GA.WI,310,17,
Uinta County,US.WY.UI,310,2,
Lamar County,US.AL.LM,310,2,
Newaygo County,US.MI.NE,309,1,
Garvin County,US.OK.GV,308,4,
Lamb County,US.TX.LB,308,21,
Genesee County,US.NY.GE,307,6,
Rabun County,US.GA.RB,307,7,
Perry County,US.KY.PR,306,8,
Jefferson County,US.OH.JE,305,4,
Greenup County,US.KY.GU,305,2,
Wheeler County,US.GA.WL,305,11,
Jennings County,US.IN.JN,304,14,
Dooly County,US.GA.DO,304,14,
Northampton County,US.VA.NA,304,29,
Hamilton County,US.IA.HM,304,2,
St. Lawrence County,US.NY.SI,304,4,
Carroll County,US.MS.CL,303,12,
Arkansas County,US.AR.AR,302,4,
Aransas County,US.TX.AA,302,18,
Hockley County,US.TX.HC,302,6,
Wayne County,US.NY.WN,301,3,
Refugio County,US.TX.RF,301,10,
Kingfisher County,US.OK.KN,298,2,
Lee County,US.IL.LE,298,1,
Calaveras County,US.CA.CA,298,10,
Warren County,US.NC.WR,298,7,
Christian County,US.IL.CI,297,9,
Oglethorpe County,US.GA.OG,297,11,
Mingo County,US.WV.MO,297,7,
Pike County,US.GA.PK,297,8,
Benton County,US.TN.BN,297,9,
Franklin County,US.IN.FR,297,26,
Gunnison County,US.CO.GU,296,7,
Miami County,US.KS.MI,295,0,
Washington County,US.MO.WS,295,1,
Caroline County,US.VA.CI,294,5,
Caldwell Parish,US.LA.CW,294,3,
Shelby County,US.IL.SB,294,3,
Pulaski County,US.GA.PL,294,11,
Greene County,US.AL.GR,293,15,
Amite County,US.MS.AM,291,10,
Adair County,US.MO.AD,290,0,
Wilkinson County,US.MS.WK,290,17,
Pontotoc County,US.OK.PN,290,3,
Allen County,US.KY.AL,289,9,
Montgomery County,US.KS.MG,289,5,
Kent County,US.MD.KE,288,24,
Montgomery County,US.IL.MT,288,12,
Transylvania County,US.NC.TR,288,6,
Yankton County,US.SD.YA,288,3,
Goodhue County,US.MN.GO,288,9,
Turner County,US.GA.TR,287,21,
Hopkins County,US.TX.HP,287,8,
Cowley County,US.KS.CL,286,3,
Susquehanna County,US.PA.SS,286,28,
Cass County,US.NE.CS,285,2,
Marquette County,US.MI.MQ,284,11,
Clark County,US.KY.CK,284,8,
Lanier County,US.GA.LI,284,5,
Clark County,US.WI.CL,283,8,
Mahaska County,US.IA.MK,283,18,
Cleburne County,US.AR.CB,283,7,
Lawrence County,US.AR.LW,283,11,
Lawrence County,US.SD.LW,283,4,
Washington County,US.NY.WS,283,14,
Cass County,US.TX.CS,283,14,
Zavala County,US.TX.ZV,282,14,
Brooks County,US.TX.BK,282,20,
Warren County,US.IL.WR,282,1,
Adair County,US.KY.AD,281,19,
Orange County,US.VA.OR,281,4,
Morgan County,US.TN.MG,281,2,
Franklin County,US.KS.FR,280,3,
Kemper County,US.MS.KE,280,14,
Cleburne County,US.AL.CB,280,6,
Gaines County,US.TX.GS,279,8,
Jackson County,US.TN.JA,279,2,
Island County,US.WA.IS,278,11,
Halifax County,US.VA.HL,277,4,
Botetourt County,US.VA.BO,274,10,
Orange County,US.IN.OR,273,26,
Delaware County,US.IA.DA,273,3,
McIntosh County,US.GA.MH,273,7,
Latah County,US.ID.LA,273,0,
Robertson County,US.TX.RO,272,4,
Chowan County,US.NC.CW,272,3,
Posey County,US.IN.PS,272,0,
Henry County,US.OH.HE,272,10,
Clearfield County,US.PA.CF,271,1,
Champaign County,US.OH.CH,271,3,
Clay County,US.IN.CY,271,5,
McIntosh County,US.OK.MI,271,4,
Choctaw County,US.OK.CA,271,2,
Louisa County,US.VA.LI,270,3,
Clark County,US.AR.CK,270,4,
Logan County,US.OH.LG,270,3,
Grayson County,US.VA.GY,269,8,
Clinton County,US.OH.CI,269,12,
Union County,US.TN.UO,268,1,
Dawson County,US.TX.DW,268,8,
Juneau County,US.WI.JU,267,1,
Menominee County,US.MI.MM,267,0,
Knox County,US.OH.KN,267,15,
Douglas County,US.NV.DO,267,1,
Caswell County,US.NC.CS,266,3,
Casey County,US.KY.CS,266,15,
Franklin County,US.VA.FN,266,1,
Carroll County,US.IN.CO,265,13,
Pawnee County,US.KS.PN,263,0,
Gem County,US.ID.GE,263,2,
Livingston County,US.IL.LI,263,4,
Oneida County,US.WI.ON,263,2,
Bosque County,US.TX.BQ,263,6,
Ripley County,US.IN.RI,262,8,
Benson County,US.ND.BE,261,4,
Mississippi County,US.MO.MI,260,3,
Perry County,US.OH.PE,260,9,
Martin County,US.MN.MT,259,9,
Stone County,US.AR.ST,259,5,
Montgomery County,US.GA.MM,258,5,
Avery County,US.NC.AV,258,0,
Gray County,US.TX.GY,258,5,
Sharkey County,US.MS.SH,257,11,
Montcalm County,US.MI.MC,257,4,
Hughes County,US.OK.HU,257,4,
Barry County,US.MI.BR,257,2,
Desha County,US.AR.DE,257,5,
Hardin County,US.IA.HD,256,1,
Irwin County,US.GA.IR,255,4,
Jackson County,US.IA.JC,255,2,
Brown County,US.OH.BR,255,2,
Douglas County,US.IL.DO,254,5,
Floyd County,US.IA.FL,254,3,
Towns County,US.GA.TW,254,7,
Dare County,US.NC.DE,253,2,
Winneshiek County,US.IA.WH,252,5,
Unicoi County,US.TN.UC,251,1,
Penobscot County,US.ME.PE,251,6,
Defiance County,US.OH.DF,250,9,
Patrick County,US.VA.PK,250,13,
Polk County,US.NC.PO,250,7,
Wabash County,US.IN.WB,250,7,
Gooding County,US.ID.GO,249,1,
Clarke County,US.IA.CK,249,3,
La Plata County,US.CO.LA,248,2,
Wilkes County,US.GA.WS,247,3,
Clay County,US.IA.CY,247,3,
Chemung County,US.NY.CM,247,2,
Wells County,US.IN.WE,246,2,
Fluvanna County,US.VA.FV,246,9,
Kewaunee County,US.WI.KW,246,2,
Lee County,US.VA.LE,246,5,
Fayette County,US.IL.FA,246,3,
Young County,US.TX.YU,246,6,
Bonner County,US.ID.BR,246,0,
Crawford County,US.PA.CW,245,2,
Salem city,US.VA.SE,245,4,
Simpson County,US.KY.SI,245,8,
Chenango County,US.NY.CH,245,6,
Polk County,US.AR.PL,244,4,
Washington County,US.IN.WS,243,1,
Benton County,US.OR.BE,243,6,
Klamath County,US.OR.KL,242,2,
Crawford County,US.MO.CF,242,2,
Goochland County,US.VA.GO,242,7,
Hardin County,US.OH.HD,242,13,
Amador County,US.CA.AM,242,16,
Emporia city,US.VA.EM,242,19,
Castro County,US.TX.AS,241,5,
Bollinger County,US.MO.BI,241,1,
Cannon County,US.TN.CN,240,0,
Ashe County,US.NC.AS,240,1,
Thurston County,US.NE.TU,240,4,
Alamosa County,US.CO.AL,240,9,
Marion County,US.WV.MI,240,3,
Morrow County,US.OH.MW,240,2,
Washington County,US.OH.WS,240,23,
Crawford County,US.IL.CW,239,1,
Cattaraugus County,US.NY.CG,239,6,
Waynesboro city,US.VA.WS,239,3,
O'Brien County,US.IA.OB,239,8,
Colonial Heights city,US.VA.CH,239,23,
Otero County,US.NM.OT,238,12,
Comanche County,US.TX.CE,238,3,
Madison County,US.MO.MD,238,0,
McPherson County,US.KS.MP,238,1,
Echols County,US.GA.EC,238,2,
Dade County,US.GA.DD,238,4,
Hood River County,US.OR.HO,238,0,
Whitley County,US.IN.WL,237,6,
Whitley County,US.KY.WH,237,2,
Clay County,US.KY.CY,237,6,
Boyle County,US.KY.BE,237,0,
Dunn County,US.WI.DN,237,0,
Polk County,US.MN.PL,237,4,
Westmoreland County,US.VA.WM,237,3,
Treutlen County,US.GA.TE,237,6,
Taylor County,US.KY.TA,237,5,
Butler County,US.IA.BE,236,2,
Atchison County,US.KS.AT,236,1,
Marshall County,US.KY.MH,235,2,
Emmet County,US.IA.EM,234,9,
Itasca County,US.MN.IT,234,13,
Wilcox County,US.GA.WC,234,20,
Benton County,US.IA.BN,234,1,
Miller County,US.GA.ML,232,1,
Lake County,US.MT.LA,232,1,
Runnels County,US.TX.RN,232,4,
Jefferson County,US.MS.JF,231,9,
Calhoun County,US.GA.CU,231,7,
Randolph County,US.IN.RA,230,7,
Tazewell County,US.VA.TA,230,2,
Jefferson County,US.IN.JF,230,3,
Randolph County,US.WV.RN,230,2,
Woodford County,US.KY.WO,230,0,
Shelby County,US.IA.SH,230,1,
City and Borough of Juneau,US.AK.JU,229,1,
Pawnee County,US.OK.PW,229,3,
Green County,US.KY.GN,229,8,
Roosevelt County,US.NM.RO,229,3,
Waushara County,US.WI.WS,229,2,
Jackson County,US.AR.JA,227,1,
Coshocton County,US.OH.CS,227,10,
Conway County,US.AR.CN,226,3,
Jackson County,US.WV.JA,226,22,
Bond County,US.IL.BN,226,4,
Wasco County,US.OR.WC,226,3,
Lawrence County,US.IL.LW,225,0,
Starke County,US.IN.SR,225,8,
Becker County,US.MN.BC,223,2,
Jackson County,US.KS.JA,223,1,
King George County,US.VA.KG,222,4,
Gloucester County,US.VA.GL,222,2,
Nottoway County,US.VA.NY,221,15,
Clay County,US.AR.CY,221,5,
Campbell County,US.WY.CM,221,1,
Fulton County,US.IN.FU,221,2,
Moniteau County,US.MO.ME,220,4,
Macon County,US.GA.MC,220,10,
Russell County,US.KY.RU,220,6,
Albany County,US.WY.AL,220,0,
Dallam County,US.TX.DL,219,8,
Tioga County,US.NY.TI,219,21,
Montgomery County,US.KY.MM,219,1,
Montgomery County,US.NY.MT,218,9,
Tipton County,US.IN.TT,217,25,
San Jacinto County,US.TX.SJ,217,9,
Pamlico County,US.NC.PM,217,2,
Gratiot County,US.MI.GT,216,15,
Somerset County,US.MD.SO,216,4,
Terry County,US.TX.TE,215,4,
Clallam County,US.WA.CL,215,1,
Alleghany County,US.NC.AL,215,0,
Fayette County,US.OH.FY,215,5,
Tuolumne County,US.CA.TO,213,3,
Grant County,US.AR.GN,213,1,
Fulton County,US.OH.FU,212,1,
Brewster County,US.TX.BS,212,2,
Carlton County,US.MN.CL,211,1,
Allamakee County,US.IA.AL,211,5,
Poweshiek County,US.IA.PW,211,8,
Delta County,US.MI.DE,211,4,
Leon County,US.TX.LN,210,5,
Perry County,US.IN.PE,210,15,
Houghton County,US.MI.HO,210,1,
Gillespie County,US.TX.GL,210,9,
Jo Daviess County,US.IL.JO,210,2,
Pike County,US.AR.PE,209,1,
Russell County,US.VA.RU,209,4,
Shoshone County,US.ID.SH,209,17,
Cameron Parish,US.LA.CM,209,1,
Long County,US.GA.LG,209,3,
Clayton County,US.IA.CT,209,3,
Highland County,US.OH.HI,209,3,
Lewis and Clark County,US.MT.LE,208,3,
Lee County,US.TX.LE,208,14,
Cottonwood County,US.MN.CT,208,0,
Jones County,US.IA.JN,208,3,
Haskell County,US.OK.HS,207,4,
Lewis County,US.KY.LI,207,14,
Crawford County,US.OH.CF,207,6,
Greene County,US.VA.GE,207,3,
Ouachita County,US.AR.OU,206,5,
Benton County,US.MS.BE,205,1,
Huron County,US.MI.HU,205,5,
Labette County,US.KS.LB,205,3,
Lampasas County,US.TX.LP,205,7,
Isanti County,US.MN.IS,204,0,
Staunton city,US.VA.SU,204,0,
Pitkin County,US.CO.PI,204,2,
Polk County,US.WI.PL,204,2,
Bailey County,US.TX.BY,204,4,
Marion County,US.KY.MN,203,7,
Saline County,US.IL.SE,203,3,
Lincoln County,US.GA.LC,203,7,
Wythe County,US.VA.WY,203,3,
Snyder County,US.PA.SN,203,3,
Kendall County,US.TX.KD,203,6,
Powhatan County,US.VA.PH,202,5,
Jasper County,US.GA.JS,202,4,
Bedford County,US.PA.BO,202,6,
Buchanan County,US.IA.BC,202,1,
Wayne County,US.PA.WN,201,10,
Pipestone County,US.MN.PS,201,9,
Meigs County,US.TN.ME,200,3,
Oglala Lakota County,US.SD.SH,200,3,
Kennebec County,US.ME.KE,200,11,
Union County,US.KY.UN,200,1,
Humphreys County,US.TN.HU,199,3,
Franklin County,US.AR.FR,199,2,
Sheridan County,US.WY.SH,199,1,
Douglas County,US.MN.DU,197,1,
San Augustine County,US.TX.SG,197,13,
Jackson County,US.OH.JA,197,2,
Huntington County,US.IN.HU,196,3,
Wyandot County,US.OH.WD,196,11,
Craig County,US.OK.CG,196,1,
Ashland County,US.OH.AL,195,4,
Carroll County,US.KY.CL,195,5,
Somerset County,US.PA.SO,195,3,
McLean County,US.ND.ML,194,2,
Livingston County,US.NY.LI,194,6,
Washington County,US.NC.WI,194,7,
Carbon County,US.WY.CB,194,2,
Sequatchie County,US.TN.SQ,193,2,
Lafayette County,US.WI.LF,192,0,
Tyler County,US.TX.TY,192,4,
Appomattox County,US.VA.AP,192,1,
Barnes County,US.ND.BA,190,0,
Winnebago County,US.IA.WB,190,10,
Washington County,US.NE.WS,190,2,
Dimmit County,US.TX.DM,190,7,
Cedar County,US.IA.CD,190,1,
Moultrie County,US.IL.MI,189,3,
Guthrie County,US.IA.GH,189,5,
Morgan County,US.MO.MG,189,1,
Mifflin County,US.PA.MI,189,1,
Spencer County,US.KY.SP,188,0,
Mountrail County,US.ND.MU,188,2,
Rowan County,US.KY.RW,188,1,
Rush County,US.IN.RU,188,4,
McCormick County,US.SC.MC,187,5,
Park County,US.WY.PA,187,1,
Seward County,US.NE.SA,187,3,
Cayuga County,US.NY.CY,187,2,
Klickitat County,US.WA.KL,187,3,
Trinity County,US.TX.TR,187,6,
Douglas County,US.OR.DO,187,3,
Inyo County,US.CA.IN,186,14,
Pike County,US.MO.PI,186,2,
Falls County,US.TX.FL,186,3,
Perry County,US.PA.PE,186,6,
Texas County,US.MO.TE,185,2,
Nolan County,US.TX.NO,185,4,
Sullivan County,US.MO.SV,184,0,
Sanpete County,US.UT.SP,183,1,
Pottawatomie County,US.KS.PT,183,0,
Spencer County,US.IN.SP,183,3,
Yoakum County,US.TX.YA,183,4,
Reeves County,US.TX.RE,183,6,
Greene County,US.IL.GE,182,2,
Franklin County,US.MS.FR,182,3,
Scott County,US.TN.SC,182,2,
Heard County,US.GA.HD,181,5,
Monroe County,US.KY.MO,181,4,
Jasper County,US.IL.JS,180,7,
Cumberland County,US.IL.CU,179,4,
Williams County,US.OH.WI,179,3,
Lyon County,US.IA.LY,179,3,
Madison County,US.IA.MD,178,2,
Floyd County,US.VA.FO,178,3,
Marion County,US.GA.MR,178,7,
Wayne County,US.IL.WY,177,4,
Lincoln County,US.NM.LI,177,3,
Dodge County,US.MN.DD,177,0,
Baxter County,US.AR.BA,177,1,
Taylor County,US.GA.TY,176,8,
Twiggs County,US.GA.TG,176,7,
Door County,US.WI.DO,176,3,
Sawyer County,US.WI.SW,176,1,
Pine County,US.MN.PN,176,0,
Boone County,US.WV.BN,176,0,
Clinton County,US.MO.CO,176,0,
Henry County,US.KY.HY,175,2,
Atoka County,US.OK.AT,175,1,
Grundy County,US.TN.GU,175,4,
Morris County,US.TX.MR,174,3,
Benton County,US.MO.BN,174,1,
Josephine County,US.OR.JO,174,2,
Delta County,US.CO.DT,174,2,
Choctaw County,US.MS.CW,173,5,
Pulaski County,US.VA.PU,172,3,
Scott County,US.VA.SC,172,4,
Nevada County,US.AR.NV,172,12,
Andrew County,US.MO.AN,172,1,
Hancock County,US.IL.HC,171,2,
Randolph County,US.MO.RN,171,1,
Chickasaw County,US.IA.CC,169,0,
Clinton County,US.PA.CN,169,5,
Ramsey County,US.ND.RM,169,2,
Davison County,US.SD.DV,169,2,
Chippewa County,US.MN.CP,168,1,
Gallia County,US.OH.GA,168,9,
Todd County,US.KY.TO,168,8,
Iosco County,US.MI.IC,167,12,
Hancock County,US.IA.HN,167,2,
Beckham County,US.OK.BC,167,1,
Teller County,US.CO.TE,166,4,
Fremont County,US.CO.FR,166,1,
Morrison County,US.MN.MR,166,1,
Richland County,US.ND.RI,166,1,
Harrison County,US.KY.HS,164,0,
Juniata County,US.PA.JU,164,6,
Newton County,US.TX.NE,164,8,
Fayette County,US.IA.FT,164,1,
New Kent County,US.VA.NK,164,2,
Crockett County,US.TX.CT,164,6,
Mecosta County,US.MI.MT,163,2,
Hutchinson County,US.TX.UT,163,3,
Gage County,US.NE.GG,163,5,
Mono County,US.CA.MO,163,2,
Glacier County,US.MT.GC,162,1,
Williamsburg City,US.VA.WL,162,6,
Howard County,US.IA.HO,162,4,
Meigs County,US.OH.MS,162,6,
Humboldt County,US.IA.HU,162,2,
Crawford County,US.GA.CW,162,4,
Owen County,US.IN.OW,162,2,
Floyd County,US.KY.FO,162,2,
Sharp County,US.AR.SH,162,6,
Mercer County,US.KY.MC,162,1,
Grundy County,US.IA.GN,161,2,
Newton County,US.AR.NW,161,15,
Walsh County,US.ND.WL,161,1,
Adams County,US.WI.AD,160,3,
Hughes County,US.SD.HG,160,4,
Essex County,US.VA.ES,160,2,
Montour County,US.PA.MO,160,5,
Lincoln County,US.KY.LN,160,12,
Greene County,US.PA.GR,159,1,
Harrison County,US.IA.HR,159,2,
Silver Bow County,US.MT.SI,158,0,
Perquimans County,US.NC.PQ,158,3,
Carroll County,US.IL.CL,158,4,
Montague County,US.TX.MU,157,3,
Red River County,US.TX.RV,157,14,
Otsego County,US.MI.OS,157,11,
Jay County,US.IN.JY,157,0,
Jefferson County,US.NY.JE,157,1,
Hart County,US.KY.HT,157,1,
Bristol city,US.VA.BI,157,2,
Meade County,US.KY.MA,156,3,
Sumner County,US.KS.SU,156,3,
Talbot County,US.GA.TB,156,5,
Sibley County,US.MN.SI,155,3,
Siskiyou County,US.CA.SK,155,0,
Lewis County,US.TN.LE,155,1,
Tensas Parish,US.LA.TN,155,1,
Cherokee County,US.IA.CE,154,2,
Hocking County,US.OH.HC,153,9,
Newton County,US.IN.NE,153,11,
Van Buren County,US.AR.VA,153,2,
Mitchell County,US.IA.ME,153,0,
Kossuth County,US.IA.KO,153,0,
Custer County,US.SD.CU,153,2,
Cleveland County,US.AR.CV,152,7,
Washington County,US.IL.WG,152,1,
Clinton County,US.NY.CL,152,5,
Rockcastle County,US.KY.RC,152,1,
Essex County,US.NY.ES,151,10,
Power County,US.ID.PO,151,0,
Grant County,US.KS.GT,150,3,
Iowa County,US.IA.IO,150,1,
Millard County,US.UT.MD,150,0,
Mineral County,US.WV.ML,149,4,
Gogebic County,US.MI.GO,149,1,
Woodward County,US.OK.WW,149,0,
Coosa County,US.AL.CS,148,3,
Dallas County,US.AR.DA,148,2,
White County,US.IL.WE,147,0,
Marion County,US.TX.MN,147,13,
Grant County,US.WV.GA,147,6,
Murray County,US.MN.MU,147,2,
Marshall County,US.OK.MH,147,1,
Forest County,US.WI.FR,147,4,
Dallas County,US.MO.DL,146,1,
Pulaski County,US.IL.PL,146,1,
Ste. Genevieve County,US.MO.SG,146,1,
Guernsey County,US.OH.GU,146,7,
Howard County,US.MO.HR,145,2,
Mills County,US.IA.ML,145,1,
Henry County,US.MO.HE,145,4,
Grant County,US.KY.GT,145,6,
Lake County,US.SD.LK,145,6,
Wabasha County,US.MN.WB,145,0,
McKenzie County,US.ND.MK,144,2,
Calhoun County,US.IA.CO,144,2,
Carter County,US.KY.CR,144,3,
Eastland County,US.TX.EA,144,3,
Bourbon County,US.KY.BU,144,1,
Jefferson County,US.KS.JF,144,0,
Brown County,US.MN.BR,143,2,
Columbia County,US.OR.CL,143,1,
Pocahontas County,US.IA.PC,143,2,
Monroe County,US.WV.ME,143,7,
Clay County,US.TN.CY,142,4,
Barton County,US.MO.BT,142,0,
Preston County,US.WV.PR,142,4,
Love County,US.OK.LV,142,1,
Jones County,US.NC.JN,142,11,
Martin County,US.IN.MN,141,0,
Meeker County,US.MN.ME,140,2,
Cheshire County,US.NH.CH,140,3,
Teton County,US.ID.TE,140,0,
Washington County,US.KY.WS,139,1,
Ray County,US.MO.RY,139,0,
Routt County,US.CO.RT,138,8,
Marshall County,US.WV.MH,138,1,
Fremont County,US.ID.FE,138,3,
Garrard County,US.KY.GR,138,3,
Rolette County,US.ND.RO,138,3,
Lincoln County,US.WV.LI,137,2,
Palo Alto County,US.IA.PO,137,0,
Hancock County,US.WV.HN,137,0,
Marquette County,US.WI.MQ,136,1,
Elbert County,US.CO.EB,136,2,
Johnson County,US.KY.JO,136,1,
Vilas County,US.WI.VI,136,1,
Carroll County,US.OH.CO,136,7,
Vernon County,US.WI.VE,136,0,
Blanco County,US.TX.BC,135,5,
Currituck County,US.NC.CI,135,0,
Emmet County,US.MI.EM,135,4,
Swain County,US.NC.SW,135,3,
Pushmataha County,US.OK.PU,134,1,
Douglas County,US.MO.DO,134,3,
King William County,US.VA.KW,134,2,
York County,US.NE.YO,134,1,
Trigg County,US.KY.TG,134,0,
Gasconade County,US.MO.GA,133,6,
Ralls County,US.MO.RL,133,0,
Wabash County,US.IL.WB,133,1,
Clark County,US.IL.CK,133,2,
Somervell County,US.TX.SV,133,5,
Wright County,US.MO.WG,133,0,
Sac County,US.IA.SA,133,0,
Stevens County,US.WA.ST,132,2,
Iron County,US.WI.IR,132,1,
McCulloch County,US.TX.MC,132,3,
Perry County,US.TN.PE,132,0,
Alpena County,US.MI.AP,132,14,
Sanilac County,US.MI.SL,132,7,
Anderson County,US.KY.AN,132,1,
Houston County,US.TN.HO,132,0,
Coos County,US.OR.CO,131,0,
Iowa County,US.WI.IO,131,0,
Wayne County,US.MO.WY,131,0,
Sioux County,US.ND.SI,130,3,
Otoe County,US.NE.OT,130,1,
Page County,US.IA.PG,130,0,
Belknap County,US.NH.BE,130,4,
Johnson County,US.IL.JH,130,0,
Del Norte County,US.CA.DE,129,1,
Mason County,US.MI.MN,129,0,
Rock County,US.MN.RC,129,0,
Goliad County,US.TX.GI,129,6,
Fulton County,US.KY.FU,129,2,
Jack County,US.TX.JK,129,2,
Noble County,US.OK.NB,129,2,
Taylor County,US.WI.TA,129,3,
Green Lake County,US.WI.GL,128,0,
Wyoming County,US.NY.WM,128,5,
Charles Mix County,US.SD.CH,128,0,
Webster County,US.KY.WE,128,2,
Rutland County,US.VT.RU,128,1,
Delaware County,US.NY.DE,128,4,
McCreary County,US.KY.MR,128,0,
Van Buren County,US.TN.VA,128,0,
Mille Lacs County,US.MN.MI,128,3,
Ripley County,US.MO.RI,127,0,
Clay County,US.IL.CY,127,0,
Monroe County,US.IA.MR,127,8,
Fairfax city,US.VA.FC,127,7,
Montezuma County,US.CO.MZ,127,5,
Grafton County,US.NH.GR,126,1,
Faribault County,US.MN.FA,126,0,
Grundy County,US.MO.GU,126,1,
Benewah County,US.ID.BA,126,2,
Kearney County,US.NE.KA,126,0,
Crawford County,US.WI.CR,125,0,
Pike County,US.IN.PI,125,1,
Moore County,US.TN.MO,125,1,
Vernon County,US.MO.VE,125,0,
Taos County,US.NM.TA,124,3,
Jefferson County,US.IA.JE,124,1,
Johnston County,US.OK.JO,124,3,
Stephens County,US.TX.SE,124,4,
Mason County,US.WV.MN,124,1,
Yellow Medicine County,US.MN.YE,124,1,
Prairie County,US.AR.PR,124,1,
Warren County,US.GA.WR,124,5,
Wilbarger County,US.TX.WG,124,2,
Hyde County,US.NC.HE,123,3,
Latimer County,US.OK.LA,123,2,
Lincoln County,US.WY.LI,123,1,
Franklin County,US.TX.FK,123,6,
Windham County,US.VT.WH,123,3,
Izard County,US.AR.IZ,123,0,
Franklin County,US.VT.FR,123,7,
Carroll County,US.MO.CL,123,1,
Edmonson County,US.KY.ED,123,12,
Searcy County,US.AR.SA,122,0,
Roberts County,US.SD.RO,122,1,
Pike County,US.OH.PK,121,0,
Montgomery County,US.AR.MT,120,4,
Amelia County,US.VA.AI,120,3,
Nowata County,US.OK.NW,120,2,
Harper County,US.KS.HP,120,2,
Cass County,US.IA.CS,119,2,
Cortland County,US.NY.CD,119,1,
Stewart County,US.TN.SA,119,2,
Okfuskee County,US.OK.OF,118,4,
Mason County,US.KY.MS,118,2,
Fulton County,US.IL.FU,117,0,
Humboldt County,US.NV.HU,117,4,
Vermillion County,US.IN.VE,117,0,
Bourbon County,US.KS.BB,117,2,
Clay County,US.GA.CY,116,2,
Lucas County,US.IA.LU,116,6,
Crawford County,US.MI.CF,116,5,
Mercer County,US.IL.ME,116,5,
Carroll County,US.NH.CA,116,1,
Ravalli County,US.MT.RA,115,2,
Ochiltree County,US.TX.OC,115,4,
Wexford County,US.MI.WE,115,4,
Ward County,US.TX.WD,115,1,
Northumberland County,US.VA.NU,114,5,
Phillips County,US.MT.PH,114,0,
Greenbrier County,US.WV.GE,114,3,
Taylor County,US.IA.TY,114,1,
Churchill County,US.NV.CH,113,1,
Yancey County,US.NC.YN,113,0,
Taylor County,US.WV.TA,113,6,
Bandera County,US.TX.BA,113,6,
Buffalo County,US.SD.BF,113,3,
Wayne County,US.KY.WY,113,0,
Cass County,US.MN.CS,113,3,
Llano County,US.TX.LL,112,1,
Juab County,US.UT.JU,112,1,
Breckinridge County,US.KY.BC,112,2,
Washakie County,US.WY.WA,111,6,
Monona County,US.IA.MO,111,1,
Neosho County,US.KS.NO,111,0,
Saguache County,US.CO.SG,111,2,
Hamilton County,US.NE.HM,110,12,
Hill County,US.MT.HI,110,2,
Clarion County,US.PA.CL,110,3,
Tyrrell County,US.NC.TY,110,2,
Nemaha County,US.NE.NE,109,0,
Pulaski County,US.IN.PL,109,1,
Richland County,US.IL.RI,109,4,
Buchanan County,US.VA.BH,109,2,
Fountain County,US.IN.FO,109,2,
Dawes County,US.NE.DS,108,0,
Gentry County,US.MO.GT,108,9,
Hamilton County,US.TX.HM,108,4,
Hansford County,US.TX.HF,108,4,
Van Buren County,US.IA.VA,108,1,
Piatt County,US.IL.PA,108,0,
Hartley County,US.TX.HL,107,0,
Clare County,US.MI.CE,107,4,
Uintah County,US.UT.UN,107,1,
Bennington County,US.VT.BE,107,1,
Mason County,US.IL.MS,107,1,
Lyman County,US.SD.LY,106,3,
Gates County,US.NC.GT,106,3,
Graham County,US.NC.GH,106,0,
Lunenburg County,US.VA.LN,106,2,
Renville County,US.MN.RN,106,6,
Murray County,US.OK.MR,106,1,
Monroe County,US.OH.ME,106,18,
Appanoose County,US.IA.AP,106,3,
Winkler County,US.TX.WI,106,1,
Turner County,US.SD.TU,105,0,
Real County,US.TX.RL,105,6,
Cuming County,US.NE.CM,105,0,
Bradford County,US.PA.BF,104,3,
Blackford County,US.IN.BL,104,2,
Van Wert County,US.OH.VA,104,3,
Larue County,US.KY.LR,104,1,
Seneca County,US.NY.SC,104,1,
Camden County,US.NC.CD,104,3,
Osage County,US.MO.OS,104,1,
Lincoln County,US.WI.LI,104,1,
Brooke County,US.WV.BO,104,1,
Lincoln County,US.MT.LN,103,3,
Leelanau County,US.MI.LE,103,1,
Davis County,US.IA.DV,103,4,
Dewey County,US.SD.DW,103,0,
Jackson County,US.MN.JA,103,1,
Hancock County,US.TN.HC,103,2,
Monroe County,US.AR.ME,102,0,
Pennington County,US.MN.PI,102,1,
Schley County,US.GA.SY,102,2,
Clay County,US.NC.CY,102,1,
Cumberland County,US.VA.CU,102,0,
Garza County,US.TX.GR,102,4,
Clatsop County,US.OR.CT,102,1,
Osceola County,US.IA.OS,102,0,
Knott County,US.KY.KT,102,1,
Roseau County,US.MN.RS,102,0,
Macon County,US.MO.MN,101,0,
Gray County,US.KS.GY,101,0,
Edgar County,US.IL.EG,101,3,
Surry County,US.VA.SR,101,3,
Caldwell County,US.KY.CD,101,0,
Swisher County,US.TX.SW,101,3,
Jefferson County,US.PA.JE,101,2,
Coffey County,US.KS.CF,101,8,
Butler County,US.NE.BE,100,1,
Buffalo County,US.WI.BF,100,2,
Adams County,US.OH.AD,100,4,
Floyd County,US.TX.FY,100,9,
Duchesne County,US.UT.DU,100,0,
Pike County,US.IL.PK,99,1,
Issaquena County,US.MS.IS,98,3,
Hidalgo County,US.NM.HI,98,2,
Carbon County,US.MT.CB,98,0,
Crittenden County,US.KY.CT,98,1,
Grant County,US.NM.GR,98,2,
Blaine County,US.OK.BL,97,1,
Union County,US.IA.UN,97,3,
Sevier County,US.UT.SE,97,1,
Lancaster County,US.VA.LA,96,0,
Union County,US.IN.UN,96,0,
Koochiching County,US.MN.KO,96,3,
Greer County,US.OK.GE,96,8,
Charlotte County,US.VA.CT,96,0,
Mitchell County,US.NC.MI,96,3,
Madison County,US.MT.MA,96,1,
Madison County,US.VA.MD,96,2,
Jim Hogg County,US.TX.JG,96,2,
Clinton County,US.KY.CO,95,2,
Rio Grande County,US.CO.RG,95,2,
Hampshire County,US.WV.HM,95,1,
Parke County,US.IN.PA,94,2,
Fulton County,US.AR.FU,94,1,
Langlade County,US.WI.LN,94,2,
Metcalfe County,US.KY.MT,94,2,
Allegany County,US.NY.AL,94,2,
Paulding County,US.OH.PA,93,0,
Harrison County,US.MO.HS,93,1,
Crawford County,US.IN.CW,93,1,
Gallatin County,US.KY.GL,93,8,
Houston County,US.MN.HO,93,0,
Menard County,US.IL.MN,93,0,
San Miguel County,US.CO.SM,93,0,
Letcher County,US.KY.LT,93,2,
Carbon County,US.UT.CR,92,0,
Cumberland County,US.KY.CU,92,0,
Meade County,US.KS.ME,92,1,
Nelson County,US.VA.NL,92,0,
Scott County,US.AR.SC,91,1,
Fillmore County,US.MN.FI,91,0,
DeKalb County,US.MO.DE,91,2,
Brown County,US.IN.BR,91,3,
Presidio County,US.TX.PS,91,5,
Worth County,US.IA.WT,91,0,
Baker County,US.OR.BA,90,2,
Rockbridge County,US.VA.RB,90,2,
Prowers County,US.CO.PR,90,0,
Todd County,US.SD.TO,90,5,
Phelps County,US.NE.PH,89,0,
Knox County,US.NE.KN,89,0,
San Miguel County,US.NM.SM,89,0,
Charlevoix County,US.MI.CV,89,3,
Jackson County,US.WI.JA,89,1,
Swift County,US.MN.SW,89,1,
Lynn County,US.TX.LY,89,5,
Owen County,US.KY.OE,89,2,
Pickett County,US.TN.PI,88,1,
Scott County,US.KS.SC,88,1,
Clarke County,US.VA.CK,87,0,
Benton County,US.IN.BE,87,0,
Osceola County,US.MI.OE,86,0,
Reagan County,US.TX.RG,86,6,
Cheboygan County,US.MI.CY,86,2,
Lake County,US.CO.LK,86,0,
Valley County,US.ID.VA,86,1,
Stevens County,US.MN.SV,85,1,
Powell County,US.KY.PO,85,0,
Deer Lodge County,US.MT.DE,85,0,
Doniphan County,US.KS.DP,84,0,
Gladwin County,US.MI.GL,84,2,
Marion County,US.KS.MN,84,1,
Ford County,US.IL.FO,84,4,
Pierce County,US.NE.PI,84,7,
Otero County,US.CO.OT,83,6,
Montgomery County,US.IA.MG,83,5,
Madison County,US.NC.MD,83,1,
Lincoln County,US.ID.LI,83,0,
Crosby County,US.TX.CB,83,1,
Roscommon County,US.MI.RO,83,4,
Massac County,US.IL.MA,83,1,
Oxford County,US.ME.OX,83,0,
Redwood County,US.MN.RW,83,0,
Monroe County,US.MO.MR,82,0,
Windsor County,US.VT.WS,82,2,
Bates County,US.MO.BS,82,1,
Traill County,US.ND.TR,82,0,
Addison County,US.VT.AD,82,2,
Morgan County,US.UT.MN,82,0,
Ozark County,US.MO.OZ,81,0,
Brown County,US.KS.BR,81,3,
Dickinson County,US.KS.DK,81,1,
Kanabec County,US.MN.KA,81,7,
Washburn County,US.WI.WR,80,1,
Dent County,US.MO.DN,80,0,
Brule County,US.SD.BU,80,0,
Bethel Census Area,US.AK.BE,80,1,
Mitchell County,US.TX.MH,80,1,
Kearny County,US.KS.KE,80,1,
Lafayette County,US.AR.LF,79,2,
McDowell County,US.WV.MC,79,0,
Lincoln County,US.MN.LI,79,0,
Stevens County,US.KS.SV,79,0,
Dickenson County,US.VA.DC,79,1,
Sutton County,US.TX.ST,79,3,
Keokuk County,US.IA.KE,79,1,
Spink County,US.SD.SP,79,0,
Custer County,US.NE.CU,79,4,
Tillman County,US.OK.TI,78,1,
Merrick County,US.NE.ME,78,1,
Pendleton County,US.KY.PN,78,0,
Chase County,US.KS.CS,78,1,
Osage County,US.KS.OS,78,0,
Kit Carson County,US.CO.KT,78,3,
Socorro County,US.NM.SO,78,6,
Buena Vista city,US.VA.BE,77,1,
Wayne County,US.NE.WY,77,0,
Middlesex County,US.VA.MI,77,3,
Custer County,US.MT.CU,77,2,
Schoharie County,US.NY.SO,77,2,
Mason County,US.TX.MA,76,2,
Pacific County,US.WA.PA,76,3,
Wyoming County,US.WV.WY,76,3,
Dukes County,US.MA.DU,76,0,
Charles City County,US.VA.CC,76,5,
Park County,US.MT.PA,76,0,
Hamlin County,US.SD.HM,76,0,
Kalkaska County,US.MI.KK,75,4,
Oregon County,US.MO.OR,75,0,
Fall River County,US.SD.FL,75,1,
Valdez-Cordova Census Area,US.AK.VA,75,0,
Ohio County,US.IN.OH,75,7,
Callahan County,US.TX.AL,75,3,
Martin County,US.TX.MT,75,6,
Sabine County,US.TX.SB,75,8,
Dixon County,US.NE.DI,75,2,
Fleming County,US.KY.FE,75,0,
Hardy County,US.WV.HD,75,0,
Mariposa County,US.CA.MP,75,2,
Pope County,US.MN.PE,74,0,
Roosevelt County,US.MT.RO,74,1,
Magoffin County,US.KY.MF,74,0,
Yukon-Koyukuk Census Area,US.AK.YU,74,1,
Alleghany County,US.VA.AL,74,4,
Venango County,US.PA.VE,74,1,
Beaverhead County,US.MT.BE,74,1,
Somerset County,US.ME.SO,74,3,
Crowley County,US.CO.CR,73,1,
Northwest Arctic Borough,US.AK.NW,73,0,
Baker County,US.GA.BR,73,3,
Poquoson city,US.VA.PQ,73,1,
Dickinson County,US.MI.DI,73,2,
Waldo County,US.ME.WL,73,14,
Thomas County,US.KS.TH,73,0,
Kane County,US.UT.KA,73,1,
Lemhi County,US.ID.LM,72,0,
Wyoming County,US.PA.WM,72,8,
De Witt County,US.IL.DW,72,1,
Corson County,US.SD.CO,72,1,
Clay County,US.TX.CY,72,1,
Hickory County,US.MO.HC,72,2,
Burt County,US.NE.BT,72,0,
Holt County,US.MO.HL,72,0,
Cedar County,US.NE.CA,72,0,
Hickman County,US.KY.HA,71,0,
Mercer County,US.ND.ME,71,0,
Hemphill County,US.TX.HH,71,0,
Morrill County,US.NE.MO,71,0,
Crane County,US.TX.CR,71,2,
Jefferson County,US.WA.JE,71,0,
Howard County,US.NE.HW,71,5,
Bath County,US.KY.BH,70,1,
Livingston County,US.KY.LV,70,1,
Yuma County,US.CO.YU,70,0,
Richland County,US.WI.RI,70,4,
Greene County,US.IA.GE,69,0,
Washington County,US.VT.WA,69,2,
Manistee County,US.MI.ME,69,2,
Quay County,US.NM.QU,69,2,
Goshen County,US.WY.GO,69,1,
Wayne County,US.IA.WY,69,2,
Grand County,US.CO.GR,69,1,
Lewis County,US.MO.LE,68,2,
Phillips County,US.KS.PL,68,8,
McCook County,US.SD.MC,68,1,
Gallatin County,US.IL.GA,68,2,
Richland County,US.MT.RI,68,2,
Breathitt County,US.KY.BT,68,0,
Burnett County,US.WI.BN,68,2,
Cedar County,US.MO.CD,68,0,
Estill County,US.KY.ES,68,0,
Giles County,US.VA.GI,67,0,
Lander County,US.NV.LA,67,1,
Marshall County,US.IL.MH,67,0,
Archer County,US.TX.AC,67,1,
Hancock County,US.KY.HC,67,0,
Knox County,US.TX.KX,67,8,
Montgomery County,US.MO.MM,67,1,
Perry County,US.AR.PY,67,0,
Switzerland County,US.IN.SW,67,0,
Garrett County,US.MD.GA,67,1,
Walworth County,US.SD.WA,66,0,
Arenac County,US.MI.AR,66,3,
Elk County,US.PA.EL,66,2,
Carlisle County,US.KY.CE,66,1,
Shannon County,US.MO.SN,66,1,
Chippewa County,US.MI.CP,66,0,
Haskell County,US.KS.HS,66,0,
Falls Church city,US.VA.FU,66,7,
Nemaha County,US.KS.NM,66,1,
Bayfield County,US.WI.BY,66,1,
Butte County,US.SD.BT,65,1,
Boise County,US.ID.BS,65,1,
Nantucket County,US.MA.NA,65,1,
Wabaunsee County,US.KS.WB,65,0,
Aitkin County,US.MN.AI,65,1,
Major County,US.OK.MJ,65,1,
Antrim County,US.MI.AN,64,0,
Coal County,US.OK.CL,64,0,
Toole County,US.MT.TO,64,6,
Clay County,US.NE.CL,64,0,
Deuel County,US.SD.DU,64,0,
Daviess County,US.MO.DV,64,0,
Bland County,US.VA.BL,64,1,
King and Queen County,US.VA.KA,64,1,
Nicholas County,US.WV.NI,64,3,
Childress County,US.TX.CD,63,0,
Benzie County,US.MI.BE,63,2,
Fremont County,US.IA.FO,63,0,
Cotton County,US.OK.CT,63,2,
Moody County,US.SD.MO,63,0,
McLean County,US.KY.ML,63,1,
Torrance County,US.NM.TO,63,1,
Bon Homme County,US.SD.BH,63,1,
Franklin County,US.ID.FA,63,0,
Sagadahoc County,US.ME.SA,62,0,
Asotin County,US.WA.AS,62,2,
Concho County,US.TX.ON,62,2,
Yates County,US.NY.YA,62,6,
Fisher County,US.TX.FH,62,1,
Coleman County,US.TX.CM,61,3,
Converse County,US.WY.CE,61,0,
Hutchinson County,US.SD.HT,61,1,
Franklin County,US.NY.FR,61,1,
Martin County,US.KY.MI,61,2,
Cloud County,US.KS.CD,61,1,
Linn County,US.KS.LN,60,0,
Grant County,US.SD.GA,60,1,
Ida County,US.IA.ID,60,0,
Ogemaw County,US.MI.OG,60,5,
Rains County,US.TX.RI,60,3,
Skamania County,US.WA.SM,60,1,
North Slope Borough,US.AK.NH,60,0,
Henderson County,US.IL.HD,60,0,
Greenlee County,US.AZ.GE,59,2,
Rappahannock County,US.VA.RP,59,2,
Dawson County,US.MT.DW,59,1,
Scott County,US.IL.SO,59,0,
Crook County,US.OR.CR,59,1,
Haskell County,US.TX.HK,59,2,
Donley County,US.TX.DO,59,1,
Upshur County,US.WV.UP,58,0,
Wadena County,US.MN.WD,58,0,
Ziebach County,US.SD.ZI,58,0,
Sherman County,US.TX.SN,58,0,
Kiowa County,US.OK.KO,58,2,
Kauai County,US.HI.KU,58,0,
Eddy County,US.ND.ED,58,0,
Dunn County,US.ND.DU,58,1,
Lyon County,US.KY.LY,57,4,
Alexander County,US.IL.AL,57,1,
Maries County,US.MO.MS,57,0,
Marion County,US.AR.MN,57,0,
Grant County,US.MN.GR,57,4,
Grand County,US.UT.GR,57,1,
Edmunds County,US.SD.ED,57,0,
Shelby County,US.MO.SB,56,1,
Pocahontas County,US.WV.PO,56,0,
Pend Oreille County,US.WA.PE,56,0,
Pratt County,US.KS.PR,56,0,
Adair County,US.IA.AI,55,1,
Wilkin County,US.MN.WL,55,3,
Caldwell County,US.MO.CW,55,1,
Washington County,US.CO.WA,55,0,
Franklin County,US.ME.FR,54,1,
Kingman County,US.KS.KM,54,0,
Idaho County,US.ID.ID,54,0,
Gregory County,US.SD.GE,54,1,
Ransom County,US.ND.RN,54,0,
Clark County,US.MO.CK,54,0,
Custer County,US.ID.CU,54,0,
Missaukee County,US.MI.MU,54,1,
Edwards County,US.IL.EW,53,0,
Lawrence County,US.KY.LC,53,0,
Sublette County,US.WY.SU,53,1,
Fergus County,US.MT.FE,53,1,
McHenry County,US.ND.MH,53,1,
Pepin County,US.WI.PE,52,0,
Foster County,US.ND.FO,52,0,
Rice County,US.KS.RC,52,1,
Decatur County,US.IA.DC,52,0,
Hamilton County,US.IL.HM,52,0,
Hancock County,US.ME.HA,52,1,
Hubbard County,US.MN.HU,52,0,
Mackinac County,US.MI.MK,51,0,
Keith County,US.NE.KT,51,0,
Trimble County,US.KY.TM,51,0,
Valley County,US.MT.VA,51,0,
Big Horn County,US.WY.BI,51,1,
Schleicher County,US.TX.SH,51,2,
Tioga County,US.PA.TI,51,3,
Coke County,US.TX.OK,50,3,
Morgan County,US.KY.MG,50,0,
Nome Census Area,US.AK.NM,50,0,
Lewis County,US.NY.LE,50,5,
Caribou County,US.ID.CR,50,0,
Sullivan County,US.NH.SU,49,1,
Harrison County,US.OH.HR,49,1,
Anderson County,US.KS.AN,49,0,
Jerauld County,US.SD.JE,49,1,
Clark County,US.KS.CA,49,1,
Linn County,US.MO.LN,48,1,
Ness County,US.KS.NS,48,1,
Archuleta County,US.CO.AC,48,0,
Ottawa County,US.KS.OT,48,0,
Norman County,US.MN.NR,48,0,
Dickens County,US.TX.DC,48,2,
McIntosh County,US.ND.MI,48,3,
Russell County,US.KS.RS,48,0,
Iron County,US.MI.IR,48,1,
Ketchikan Gateway Borough,US.AK.KG,48,0,
Faulk County,US.SD.FU,47,1,
Lexington city,US.VA.LX,47,1,
Cochran County,US.TX.CC,47,1,
McKean County,US.PA.MC,47,2,
Carter County,US.MO.CR,47,1,
Big Stone County,US.MN.BI,47,0,
Lake County,US.MN.LE,47,0,
Iron County,US.MO.IR,47,0,
Lamoille County,US.VT.LA,47,1,
Stillwater County,US.MT.ST,47,2,
Ballard County,US.KY.BA,46,1,
Garfield County,US.UT.GA,46,2,
Day County,US.SD.DY,46,0,
Pendleton County,US.WV.PE,46,1,
Morgan County,US.OH.MA,46,0,
Fillmore County,US.NE.FI,46,1,
Park County,US.CO.PA,46,1,
Wetzel County,US.WV.WT,46,0,
Marshall County,US.MN.MS,46,1,
Richardson County,US.NE.RI,46,1,
Plumas County,US.CA.PU,46,0,
Stafford County,US.KS.SF,46,1,
White Pine County,US.NV.WH,46,1,
Beaver County,US.OK.BA,46,0,
Boone County,US.NE.BO,45,0,
Washita County,US.OK.WT,45,0,
Tillamook County,US.OR.TI,45,0,
Jefferson County,US.MT.JE,45,0,
Knox County,US.MO.KN,45,0,
Boundary County,US.ID.BD,45,1,
Leslie County,US.KY.LS,44,0,
Stanton County,US.KS.ST,44,2,
Hamilton County,US.KS.HM,44,0,
Morgan County,US.WV.MA,44,0,
Stark County,US.IL.SA,43,1,
Hudspeth County,US.TX.HU,43,2,
Harmon County,US.OK.HM,43,0,
Pembina County,US.ND.PE,43,0,
Douglas County,US.SD.DO,42,0,
San Saba County,US.TX.SS,42,0,
Polk County,US.NE.PO,42,1,
Webster County,US.GA.WT,42,2,
Bennett County,US.SD.BN,42,1,
Aurora County,US.SD.AU,42,0,
Hettinger County,US.ND.HE,42,0,
Box Butte County,US.NE.BX,42,0,
Audubon County,US.IA.AU,42,1,
Mills County,US.TX.MS,42,0,
Wheeler County,US.TX.WL,42,0,
Sanders County,US.MT.SA,42,1,
Florence County,US.WI.FL,41,0,
Mahnomen County,US.MN.MH,41,1,
Dade County,US.MO.DD,41,0,
Atchison County,US.MO.AT,41,0,
Vinton County,US.OH.VI,41,3,
Griggs County,US.ND.GI,41,1,
Emmons County,US.ND.EM,40,1,
Fulton County,US.PA.FU,40,2,
Alcona County,US.MI.AC,40,2,
Chariton County,US.MO.CI,40,0,
Menifee County,US.KY.ME,40,0,
Aroostook County,US.ME.AR,40,1,
Sitka City and Borough,US.AK.SI,40,0,
Golden Valley County,US.ND.GO,40,0,
Warren County,US.PA.WR,40,1,
Rooks County,US.KS.RO,39,0,
Roane County,US.WV.RO,39,1,
Republic County,US.KS.RP,39,1,
Culberson County,US.TX.UL,39,2,
Greenwood County,US.KS.GW,39,0,
Warren County,US.IN.WN,39,1,
Clay County,US.KS.CY,39,2,
Mitchell County,US.KS.MC,38,0,
Lincoln County,US.ME.LI,38,1,
Kidder County,US.ND.KI,38,0,
Ashland County,US.WI.AS,38,1,
Sheridan County,US.NE.SD,38,0,
Sierra County,US.NM.SI,38,1,
Lincoln County,US.WA.LI,37,1,
Tripp County,US.SD.TR,37,0,
Cavalier County,US.ND.CV,37,0,
Cherry County,US.NE.CH,37,4,
Bracken County,US.KY.BK,37,0,
Jefferson County,US.OK.JE,37,0,
Ontonagon County,US.MI.ON,37,0,
Glascock County,US.GA.GS,37,2,
Owsley County,US.KY.OS,37,1,
Price County,US.WI.PC,37,0,
Lewis County,US.WV.LE,37,2,
Rush County,US.KS.RH,36,0,
Rusk County,US.WI.RU,36,1,
Antelope County,US.NE.AN,36,1,
Red Lake County,US.MN.RD,36,0,
Alfalfa County,US.OK.AL,36,0,
Sweet Grass County,US.MT.SW,36,1,
Clear Creek County,US.CO.CL,36,1,
Stanton County,US.NE.ST,35,0,
Ringgold County,US.IA.RI,35,2,
Barbour County,US.WV.BB,35,1,
Wilson County,US.KS.WL,35,0,
Holt County,US.NE.HT,35,0,
Allen County,US.KS.AL,35,0,
Moffat County,US.CO.MF,35,1,
Edwards County,US.TX.ED,34,1,
Dickey County,US.ND.DC,34,0,
Beaver County,US.UT.BV,34,0,
LaMoure County,US.ND.LA,34,0,
Bottineau County,US.ND.BT,34,0,
Nelson County,US.ND.NE,34,0,
Caledonia County,US.VT.CA,34,0,
Calhoun County,US.IL.CH,33,0,
St. Clair County,US.MO.SC,33,0,
Knox County,US.ME.KN,33,1,
Schuyler County,US.IL.SU,33,0,
Johnson County,US.NE.JO,33,0,
Rock County,US.NE.RO,33,0,
Guadalupe County,US.NM.GU,32,1,
Perkins County,US.NE.PE,32,9,
Dewey County,US.OK.DW,32,1,
Costilla County,US.CO.CS,32,1,
Norton city,US.VA.NC,32,0,
Wells County,US.ND.WE,32,0,
Elliott County,US.KY.EL,32,0,
Lake County,US.MI.LK,32,0,
Schuyler County,US.NY.SU,32,0,
Menominee County,US.WI.MN,32,0,
Woods County,US.OK.WS,32,0,
Putnam County,US.IL.PT,31,0,
Grant County,US.OK.GN,31,0,
Cheyenne County,US.NE.CY,31,0,
Union County,US.NM.UN,31,2,
Kingsbury County,US.SD.KI,31,0,
Conejos County,US.CO.CN,31,0,
Bear Lake County,US.ID.BK,31,0,
Quitman County,US.GA.QU,31,1,
Hot Springs County,US.WY.HO,31,0,
Gosper County,US.NE.GO,30,0,
Clay County,US.WV.CY,30,2,
Furnas County,US.NE.FU,30,1,
Edwards County,US.KS.ED,30,0,
Phillips County,US.CO.PH,30,0,
Putnam County,US.MO.PN,30,1,
Wolfe County,US.KY.WL,30,0,
Los Alamos County,US.NM.LO,29,0,
Covington city,US.VA.CV,29,0,
Woodruff County,US.AR.WO,29,0,
Nicholas County,US.KY.NI,29,1,
Oscoda County,US.MI.OO,29,1,
Ferry County,US.WA.FE,29,0,
San Juan County,US.WA.SA,29,0,
Johnson County,US.WY.JO,29,1,
Lake County,US.OR.LK,29,0,
Sargent County,US.ND.SG,29,0,
Lipscomb County,US.TX.LM,29,0,
Prince of Wales-Hyder Census Area,US.AK.PH,29,0,
Potter County,US.SD.PO,28,0,
Thayer County,US.NE.TA,28,0,
Summers County,US.WV.SU,28,0,
Pierce County,US.ND.PI,28,0,
Traverse County,US.MN.TR,28,0,
Clark County,US.SD.CK,27,0,
Clearwater County,US.ID.CE,27,0,
Lac Qui Parle County,US.MN.LC,27,0,
Mercer County,US.MO.MC,27,0,
Reynolds County,US.MO.RE,26,0,
Butte County,US.ID.BT,26,0,
Jefferson County,US.NE.JE,26,0,
Calhoun County,US.AR.CA,26,0,
Adams County,US.ID.AM,26,1,
Brown County,US.IL.BR,26,0,
Mellette County,US.SD.ML,25,0,
Stanley County,US.SD.ST,25,0,
Burke County,US.ND.BK,25,1,
Valley County,US.NE.VA,25,0,
Ellsworth County,US.KS.EW,25,0,
Bowman County,US.ND.BW,25,0,
Hardin County,US.IL.HI,25,0,
Ouray County,US.CO.OU,25,1,
Graham County,US.KS.GH,25,1,
Morris County,US.KS.MR,25,0,
Emery County,US.UT.EM,25,0,
Curry County,US.OR.CU,25,0,
Norton County,US.KS.NT,25,0,
Steele County,US.ND.SE,25,0,
Trego County,US.KS.TR,25,1,
Craig County,US.VA.CG,25,0,
Potter County,US.PA.PO,25,0,
Perkins County,US.SD.PR,24,0,
Marshall County,US.SD.MS,24,0,
Clark County,US.ID.CA,24,0,
Rio Blanco County,US.CO.RB,24,0,
Kinney County,US.TX.KN,24,1,
Harper County,US.OK.HP,24,0,
Hanson County,US.SD.HS,24,0,
Adams County,US.IA.AM,24,0,
Hardeman County,US.TX.RD,24,0,
Scotland County,US.MO.SO,23,1,
Wallowa County,US.OR.WW,23,1,
Pope County,US.IL.PE,23,1,
Matthews County,US.VA.MT,23,0,
Clearwater County,US.MN.CE,23,0,
Presque Isle County,US.MI.PR,23,1,
Musselshell County,US.MT.MU,23,1,
Colfax County,US.NM.CO,23,1,
Shackelford County,US.TX.SC,23,0,
Menard County,US.TX.EN,23,0,
Noble County,US.OH.NO,23,0,
Granite County,US.MT.GN,22,0,
Delta County,US.TX.DT,22,0,
Oneida County,US.ID.ON,22,0,
Orange County,US.VT.OA,22,0,
Orleans County,US.VT.OL,22,0,
Calhoun County,US.WV.CH,22,0,
Las Animas County,US.CO.LS,21,0,
Upton County,US.TX.UP,21,2,
Red Willow County,US.NE.RE,21,0,
Pershing County,US.NV.PE,21,0,
Schuyler County,US.MO.SH,21,0,
Hoonah-Angoon Census Area,US.AK.HH,21,0,
Southeast Fairbanks Census Area,US.AK.SO,21,0,
Coos County,US.NH.CO,20,0,
Franklin County,US.NE.FA,20,0,
Cottle County,US.TX.OT,20,2,
Mineral County,US.CO.MI,20,0,
Crook County,US.WY.CK,20,0,
McMullen County,US.TX.MM,19,0,
Teton County,US.MT.TE,19,0,
Sherman County,US.NE.SM,19,1,
Gilmer County,US.WV.GI,19,0,
Gove County,US.KS.GO,19,0,
Sherman County,US.KS.SH,19,0,
Lake and Peninsula Borough,US.AK.LA,19,0,
Kodiak Island Borough,US.AK.KO,19,0,
Taliaferro County,US.GA.TA,19,0,
Hall County,US.TX.HA,19,1,
Greeley County,US.NE.GE,18,0,
Hand County,US.SD.HD,18,0,
Sherman County,US.OR.SH,18,0,
Gilpin County,US.CO.GI,18,0,
Worth County,US.MO.WO,18,0,
Cimarron County,US.OK.CO,18,0,
McPherson County,US.SD.MP,18,0,
Lake of the Woods County,US.MN.LO,18,1,
Collingsworth County,US.TX.CG,18,0,
Schoolcraft County,US.MI.SR,17,0,
Baca County,US.CO.BA,17,0,
Kiowa County,US.KS.KW,17,0,
Miner County,US.SD.ME,17,0,
Doddridge County,US.WV.DO,17,0,
Custer County,US.CO.CU,17,0,
Marshall County,US.KS.MS,17,0,
Nance County,US.NE.NA,17,0,
Broadwater County,US.MT.BR,17,0,
Carson County,US.TX.CN,17,0,
Pondera County,US.MT.PN,17,0,
Alger County,US.MI.AG,17,0,
Sanborn County,US.SD.SA,16,0,
Chase County,US.NE.CE,16,0,
Hodgeman County,US.KS.HG,16,0,
Garfield County,US.MT.GF,16,0,
Renville County,US.ND.RE,16,0,
Kimble County,US.TX.KM,16,1,
Roger Mills County,US.OK.RR,16,1,
Tucker County,US.WV.TU,15,0,
Pleasants County,US.WV.PL,15,2,
Chouteau County,US.MT.CH,15,0,
Kimball County,US.NE.KB,15,0,
Oldham County,US.TX.OL,15,1,
Washington County,US.ME.WS,15,0,
Liberty County,US.MT.LB,15,0,
Tyler County,US.WV.TY,15,0,
McCone County,US.MT.MC,15,0,
Blaine County,US.MT.BL,15,0,
Forest County,US.PA.FO,14,0,
Jeff Davis County,US.TX.JF,14,0,
Jewell County,US.KS.JW,14,1,
Baylor County,US.TX.BR,14,0,
Washington County,US.KS.WS,14,0,
Lee County,US.KY.LE,14,0,
Columbia County,US.WA.CM,14,1,
Logan County,US.ND.LO,14,0,
Webster County,US.NE.WE,14,0,
Trinity County,US.CA.TR,14,0,
Hamilton County,US.NY.HA,14,1,
Grand Isle County,US.VT.GR,13,0,
Chautauqua County,US.KS.CQ,13,0,
Pawnee County,US.NE.PA,13,0,
Woodson County,US.KS.WO,13,0,
Nuckolls County,US.NE.NU,13,0,
Morton County,US.KS.MT,13,2,
Rich County,US.UT.RH,13,0,
Montmorency County,US.MI.MR,13,0,
Mineral County,US.NV.MI,13,0,
Harney County,US.OR.HA,12,0,
Robertson County,US.KY.RB,12,0,
Jackson County,US.SD.JA,12,1,
Wrangell City and Borough,US.AK.WG,12,0,
Boyd County,US.NE.BY,12,0,
Modoc County,US.CA.MC,12,0,
Kittson County,US.MN.KI,12,0,
Briscoe County,US.TX.BO,12,1,
Wallace County,US.KS.WA,12,0,
Lewis County,US.ID.LW,12,0,
Sedgwick County,US.CO.SE,12,1,
Armstrong County,US.TX.AM,12,1,
Catron County,US.NM.CA,11,1,
Lincoln County,US.KS.LC,11,0,
Towner County,US.ND.TO,11,0,
Bent County,US.CO.BE,11,0,
Oliver County,US.ND.OL,11,0,
Adams County,US.ND.AD,11,0,
Brown County,US.NE.BW,10,0,
Baraga County,US.MI.BA,10,0,
Lane County,US.KS.LE,10,0,
Irion County,US.TX.IR,10,0,
Luce County,US.MI.LU,10,0,
Huerfano County,US.CO.HU,10,1,
Haakon County,US.SD.HA,10,0,
Powell County,US.MT.PL,10,0,
Stonewall County,US.TX.SA,10,1,
Sheridan County,US.KS.SD,10,0,
Cheyenne County,US.KS.CN,10,0,
Sullivan County,US.PA.SL,10,0,
Eureka County,US.NV.EU,10,0,
Dundy County,US.NE.DY,10,1,
Meagher County,US.MT.ME,9,1,
Cheyenne County,US.CO.CE,9,0,
Platte County,US.WY.PL,9,1,
Storey County,US.NV.ST,9,0,
Kusilvak Census Area,US.AK.WA,9,0,
Ritchie County,US.WV.RI,9,0,
Jackson County,US.CO.JA,9,0,
Braxton County,US.WV.BX,9,0,
Garden County,US.NE.GD,9,0,
Comanche County,US.KS.CM,9,0,
Garfield County,US.WA.GF,9,0,
Roberts County,US.TX.RS,9,0,
Grant County,US.ND.GT,9,0,
Sheridan County,US.ND.SH,9,0,
Cameron County,US.PA.CE,8,0,
Sully County,US.SD.SU,8,0,
Piscataquis County,US.ME.PI,8,0,
Grant County,US.OR.GR,8,0,
Harlan County,US.NE.HR,8,0,
Wirt County,US.WV.WI,8,0,
Wibaux County,US.MT.WI,8,0,
Hyde County,US.SD.HY,8,0,
Lincoln County,US.CO.LI,8,0,
Keweenaw County,US.MI.KW,7,0,
Slope County,US.ND.SL,7,0,
Sioux County,US.NE.SI,7,0,
Motley County,US.TX.MY,7,0,
Mora County,US.NM.MO,7,0,
Petersburg Census Area,US.AK.PB,7,1,
Aleutians West Census Area,US.AK.AW,7,0,
Hooker County,US.NE.HO,7,0,
Webster County,US.WV.WB,7,0,
Kenedy County,US.TX.KE,7,1,
Kent County,US.TX.KT,7,0,
Sheridan County,US.MT.SH,6,0,
Billings County,US.ND.BI,6,0,
Sierra County,US.CA.SE,6,0,
Divide County,US.ND.DV,6,0,
McPherson County,US.NE.MC,6,0,
Jones County,US.SD.JO,6,0,
Judith Basin County,US.MT.JU,6,0,
Glasscock County,US.TX.GC,6,0,
Garfield County,US.NE.GF,6,0,
Frontier County,US.NE.FO,6,0,
San Juan County,US.CO.SJ,6,0,
Essex County,US.VT.ES,6,0,
Lincoln County,US.NV.LI,6,0,
Ellis County,US.OK.EL,6,0,
Logan County,US.KS.LG,6,0,
Wahkiakum County,US.WA.WH,6,0,
Dillingham Census Area,US.AK.DI,6,0,
Logan County,US.NE.LG,6,0,
Highland County,US.VA.HA,6,0,
Decatur County,US.KS.DC,6,0,
Cook County,US.MN.CO,6,0,
Wheatland County,US.MT.WH,6,0,
Osborne County,US.KS.OB,6,0,
Throckmorton County,US.TX.TH,6,2,
Piute County,US.UT.PT,6,0,
Foard County,US.TX.FD,5,0,
Thomas County,US.NE.TO,5,0,
Greeley County,US.KS.GL,5,0,
Smith County,US.KS.SM,5,0,
Wichita County,US.KS.WH,5,0,
Campbell County,US.SD.CP,5,0,
Camas County,US.ID.CM,5,0,
Gilliam County,US.OR.GI,4,0,
Bath County,US.VA.BA,4,0,
Sterling County,US.TX.SI,4,0,
Barber County,US.KS.AB,4,0,
Fallon County,US.MT.FA,4,0,
Haines Borough,US.AK.HA,4,0,
Niobrara County,US.WY.NI,3,0,
Treasure County,US.MT.TR,3,0,
Terrell County,US.TX.TL,3,0,
Hinsdale County,US.CO.HI,3,0,
Harding County,US.SD.HR,3,0,
Deuel County,US.NE.DL,3,0,
Golden Valley County,US.MT.GO,3,0,
Daniels County,US.MT.DN,3,0,
Dolores County,US.CO.DO,3,0,
Aleutians East Borough,US.AK.AE,2,0,
Alpine County,US.CA.AP,2,0,
Rawlins County,US.KS.RA,2,0,
Denali Borough,US.AK.DE,2,0,
Loup County,US.NE.LU,2,0,
De Baca County,US.NM.DE,2,0,
Mineral County,US.MT.MN,2,0,
Wayne County,US.UT.WE,2,0,
Banner County,US.NE.BA,2,0,
Keya Paha County,US.NE.KY,2,0,
Powder River County,US.MT.PD,2,0,
Hitchcock County,US.NE.HI,2,0,
Harding County,US.NM.HA,2,0,
Prairie County,US.MT.PR,1,0,
Daggett County,US.UT.DG,1,0,
Elk County,US.KS.EK,1,0,
Wheeler County,US.NE.WH,1,0,
Arthur County,US.NE.AR,1,0,
Petroleum County,US.MT.PO,0,0,
Wheeler County,US.OR.WE,0,0,
Hayes County,US.NE.HY,0,0,
Loving County,US.TX.LI,0,0,
Carter County,US.MT.CT,0,0,
Bristol Bay Borough,US.AK.BR,0,0,
Esmeralda County,US.NV.ES,0,0,
Kiowa County,US.CO.KO,0,0,
King County,US.TX.KG,0,0,
Yakutat City and Borough,US.AK.YA,0,0,
Borden County,US.TX.BD,0,0,
Kalawao County,US.HI.KL,0,0,
Blaine County,US.NE.BL,0,0,
Grant County,US.NE.GA,0,0,
Skagway Municipality,US.AK.SW,0,0,
