County,hasc,confirmed,death,recovered
Cook County,US.IL.CO,83271,4010,
Los Angeles County,US.CA.LO,65822,2707,
Queens County,US.NY.QU,63194,6373,
Kings County,US.NY.KI,57367,6859,
Bronx County,US.NY.BN,46127,4549,
Nassau County,US.NY.NA,40980,2150,
Suffolk County,US.NY.SF,40426,1939,
Westchester County,US.NY.WE,34035,1396,
New York County,US.NY.NE,27258,2986,
Middlesex County,US.MA.MI,22845,1720,
Wayne County,US.MI.WY,21533,2651,
Miami-Dade County,US.FL.DA,19980,774,
Philadelphia County,US.PA.PH,19388,1436,
Suffolk County,US.MA.SU,19067,935,
Hudson County,US.NJ.HD,18607,1235,
Bergen County,US.NJ.BE,18573,1628,
Essex County,US.NJ.ES,18151,1722,
Prince George's County,US.MD.PR,16636,607,
Passaic County,US.NJ.PA,16492,977,
Union County,US.NJ.UN,16302,1100,
Middlesex County,US.NJ.MI,16251,1053,
Fairfield County,US.CT.FA,16108,1319,
Essex County,US.MA.ES,15271,1016,
Harris County,US.TX.RR,14918,262,
Maricopa County,US.AZ.MA,14374,504,
Richmond County,US.NY.RI,13747,1015,
Rockland County,US.NY.RO,13353,502,
Montgomery County,US.MD.MO,12968,667,
Fairfax County,US.VA.FX,12695,416,
Dallas County,US.TX.DS,12347,264,
Providence County,US.RI.PR,11959,404,
New Haven County,US.CT.NH,11875,1016,
Worcester County,US.MA.WO,11803,834,
Oakland County,US.MI.OD,11255,1056,
Hartford County,US.CT.HA,10859,1291,
Orange County,US.NY.OE,10533,369,
Marion County,US.IN.MO,10444,630,
Riverside County,US.CA.RI,9590,365,
Hennepin County,US.MN.HE,9567,686,
Washington,US.DC.DI,9474,495,
Ocean County,US.NJ.OC,9059,787,
Milwaukee County,US.WI.MU,8973,331,
Lake County,US.IL.LK,8861,356,
Norfolk County,US.MA.NO,8753,870,
San Diego County,US.CA.SD,8729,301,
King County,US.WA.KN,8529,580,
Monmouth County,US.NJ.MN,8512,650,
Plymouth County,US.MA.PL,8404,603,
DuPage County,US.IL.DU,8215,411,
Broward County,US.FL.BO,8035,346,
Jefferson Parish,US.LA.JF,7940,462,
Clark County,US.NV.CL,7799,365,
Bristol County,US.MA.BR,7728,481,
Montgomery County,US.PA.MG,7672,734,
Orange County,US.CA.OR,7614,185,
Palm Beach County,US.FL.PL,7518,388,
Orleans Parish,US.LA.OR,7247,513,
Mercer County,US.NJ.ME,7204,509,
Macomb County,US.MI.MB,6997,873,
Kane County,US.IL.KE,6897,214,
Baltimore County,US.MD.BC,6852,398,
Camden County,US.NJ.CM,6849,381,
Delaware County,US.PA.DE,6733,602,
Franklin County,US.OH.FR,6667,303,
Erie County,US.NY.ER,6595,538,
Morris County,US.NJ.MR,6556,626,
Salt Lake County,US.UT.SL,6421,85,
San Bernardino County,US.CA.SA,6417,224,
Hampden County,US.MA.HD,6380,625,
Tarrant County,US.TX.TN,6369,178,
Baltimore City,US.MD.BA,6355,287,
Prince William County,US.VA.PW,6336,118,
Denver County,US.CO.DN,6176,349,
Davidson County,US.TN.DA,6125,80,
Shelby County,US.TN.SY,6125,134,
Will County,US.IL.WL,5961,295,
Mecklenburg County,US.NC.MB,5744,111,
Bucks County,US.PA.BC,5304,532,
Douglas County,US.NE.DG,5164,42,
St. Louis County,US.MO.SL,5123,478,
Fulton County,US.GA.FU,4964,271,
Cuyahoga County,US.OH.CU,4939,287,
Polk County,US.IA.PK,4862,149,
Yakima County,US.WA.YA,4834,104,
Burlington County,US.NJ.BU,4808,334,
Gwinnett County,US.GA.GW,4751,142,
Arapahoe County,US.CO.AA,4687,329,
Somerset County,US.NJ.SO,4679,430,
Sussex County,US.DE.SU,4361,149,
Anne Arundel County,US.MD.AN,4309,186,
Berks County,US.PA.BK,4236,334,
Kent County,US.MI.KN,4225,107,
DeKalb County,US.GA.DA,4167,134,
New Castle County,US.DE.NE,4125,185,
East Baton Rouge Parish,US.LA.EB,4023,252,
Dutchess County,US.NY.DU,4016,145,
Lake County,US.IN.LK,4005,217,
Alameda County,US.CA.AA,3985,102,
Lehigh County,US.PA.LH,3890,253,
Travis County,US.TX.TV,3815,98,
Adams County,US.CO.AD,3627,140,
Ramsey County,US.MN.RA,3626,164,
Lancaster County,US.PA.LN,3554,320,
El Paso County,US.TX.EP,3512,93,
Minnehaha County,US.SD.MN,3418,51,
Cobb County,US.GA.CB,3348,203,
Bexar County,US.TX.BX,3333,78,
Monroe County,US.NY.MR,3243,218,
Jefferson County,US.KY.JF,3186,169,
Northampton County,US.PA.NA,3175,236,
Loudoun County,US.VA.LD,3174,67,
Pima County,US.AZ.PM,3161,212,
Chester County,US.PA.CH,3134,303,
Imperial County,US.CA.IM,3133,38,
Snohomish County,US.WA.SN,3064,155,
Santa Clara County,US.CA.SL,3017,146,
Woodbury County,US.IA.WO,2946,37,
Hillsborough County,US.FL.HL,2923,93,
Hamilton County,US.OH.HM,2918,173,
Kern County,US.CA.KE,2870,47,
Luzerne County,US.PA.LU,2798,160,
San Francisco County,US.CA.SF,2793,44,
Hillsborough County,US.NH.HI,2792,181,
Potter County,US.TX.PT,2763,32,
McKinley County,US.NM.MC,2757,134,
Caddo Parish,US.LA.CO,2755,210,
Marion County,US.OH.MR,2695,32,
Hall County,US.GA.HL,2677,52,
Weld County,US.CO.WE,2604,135,
Winnebago County,US.IL.WN,2602,72,
Cumberland County,US.NJ.CU,2583,95,
Genesee County,US.MI.GE,2552,281,
Mobile County,US.AL.MB,2487,126,
Orange County,US.FL.OR,2449,45,
San Mateo County,US.CA.SM,2437,93,
Onondaga County,US.NY.OG,2427,141,
Atlantic County,US.NJ.AT,2401,167,
Brown County,US.WI.BW,2399,38,
Jefferson County,US.CO.JE,2398,185,
Lee County,US.FL.LE,2388,124,
Tulare County,US.CA.TL,2381,94,
Yuma County,US.AZ.YU,2378,33,
Lucas County,US.OH.LU,2372,267,
Wake County,US.NC.WK,2371,41,
Gloucester County,US.NJ.GL,2340,153,
Utah County,US.UT.UT,2337,17,
Jackson County (including other portions of Kansas City),US.MO.JC,2321,50,
Fresno County,US.CA.FR,2286,48,
Arlington County,US.VA.AR,2265,121,
Navajo County,US.AZ.NA,2253,72,
Durham County,US.NC.DH,2227,51,
Greenville County,US.SC.GV,2222,62,
Montgomery County,US.AL.MT,2221,56,
Howard County,US.MD.HO,2191,71,
Frederick County,US.MD.FR,2152,111,
Henrico County,US.VA.HC,2146,134,
Fort Bend County,US.TX.FR,2138,47,
Jefferson County,US.AL.JE,2131,110,
Collier County,US.FL.CL,2128,57,
Alexandria City,US.VA.AX,2115,47,
Pickaway County,US.OH.PC,2109,39,
Stearns County,US.MN.SR,2076,17,
Pierce County,US.WA.PI,2050,87,
Allegheny County,US.PA.AL,2027,169,
San Juan County,US.NM.SJ,1999,134,
Albany County,US.NY.AB,1983,101,
City of St. Louis,US.MO.SY,1961,132,
Allen County,US.IN.AL,1956,77,
Chesterfield County,US.VA.CD,1942,37,
Racine County,US.WI.RA,1939,51,
Cass County,US.ND.CS,1930,60,
El Paso County,US.CO.EL,1880,99,
Forsyth County,US.NC.FO,1874,18,
Richland County,US.SC.RI,1873,70,
St. Tammany Parish,US.LA.ST,1863,166,
Ford County,US.KS.FO,1852,10,
Santa Barbara County,US.CA.SB,1847,15,
Walker County,US.TX.WK,1842,27,
Duval County,US.FL.DU,1824,54,
Dougherty County,US.GA.DH,1819,149,
Black Hawk County,US.IA.BL,1801,51,
Elkhart County,US.IN.EL,1800,29,
Washoe County,US.NV.WA,1788,66,
Contra Costa County,US.CA.CN,1774,43,
McHenry County,US.IL.MY,1752,84,
Apache County,US.AZ.AP,1747,49,
Guilford County,US.NC.GU,1743,81,
Ulster County,US.NY.UL,1724,80,
Dakota County,US.NE.DK,1716,27,
Pinellas County,US.FL.PI,1679,99,
Richmond City,US.VA.RC,1667,26,
Kings County,US.CA.KI,1637,6,
Anoka County,US.MN.AN,1627,85,
Sacramento County,US.CA.SC,1624,61,
Bernalillo County,US.NM.BE,1612,76,
Nobles County,US.MN.NB,1597,5,
Cass County,US.IN.CS,1592,9,
Summit County,US.OH.SU,1592,185,
Lackawanna County,US.PA.LC,1587,189,
Rutherford County,US.TN.RU,1568,29,
Wyandotte County,US.KS.WY,1560,75,
Dakota County,US.MN.DA,1554,70,
Hall County,US.NE.HL,1550,44,
Ouachita Parish,US.LA.OU,1543,56,
Washtenaw County,US.MI.WS,1539,101,
Finney County,US.KS.FI,1536,10,
Collin County,US.TX.CI,1528,37,
Dauphin County,US.PA.DA,1525,96,
Denton County,US.TX.DN,1524,34,
Kent County,US.DE.KE,1522,76,
Mahoning County,US.OH.MH,1522,195,
Barnstable County,US.MA.BA,1462,123,
St. Joseph County,US.IN.SN,1437,43,
Litchfield County,US.CT.LI,1430,134,
Sullivan County,US.NY.SL,1418,35,
Oklahoma County,US.OK.OL,1404,64,
Trousdale County,US.TN.TR,1397,4,
Rockingham County,US.NH.RO,1392,78,
Ventura County,US.CA.VE,1381,35,
Lancaster County,US.NE.LA,1376,10,
Clayton County,US.GA.CN,1368,54,
Monroe County,US.PA.MR,1342,102,
St. Clair County,US.IL.SI,1340,98,
Wayne County,US.NC.WY,1337,20,
Multnomah County,US.OR.MU,1329,66,
Cumberland County,US.ME.CU,1324,57,
Kenosha County,US.WI.KN,1295,36,
Coconino County,US.AZ.CO,1289,85,
Putnam County,US.NY.PU,1280,62,
Tulsa County,US.OK.TU,1261,61,
Manassas City,US.VA.MS,1254,11,
Polk County,US.FL.PO,1243,70,
Manatee County,US.FL.MN,1229,111,
Hendricks County,US.IN.HD,1223,82,
Buena Vista County,US.IA.BV,1223,4,
Hamilton County,US.IN.HM,1221,94,
Charles County,US.MD.CH,1216,82,
San Joaquin County,US.CA.SJ,1195,39,
Middlesex County,US.CT.MI,1194,163,
Warren County,US.NJ.WA,1193,135,
Hinds County,US.MS.HI,1186,26,
Washington County,US.AR.WA,1185,7,
Oneida County,US.NY.OD,1185,70,
Pinal County,US.AZ.PN,1164,41,
Warren County,US.KY.WR,1157,7,
Johnson County,US.IN.JO,1143,114,
Sussex County,US.NJ.SU,1140,149,
Saginaw County,US.MI.SG,1137,115,
Pulaski County,US.AR.PU,1131,40,
Niagara County,US.NY.NI,1125,74,
New London County,US.CT.NL,1122,96,
Hamilton County,US.TN.HL,1122,19,
Kent County,US.RI.KE,1105,56,
Leavenworth County,US.KS.LV,1102,7,
York County,US.PA.YO,1094,30,
Montgomery County,US.TX.MG,1090,31,
Benton County,US.AR.BE,1090,5,
Lebanon County,US.PA.LB,1086,38,
Marion County,US.OR.MR,1066,30,
Duplin County,US.NC.DP,1062,20,
Butler County,US.OH.BU,1034,32,
Hunterdon County,US.NJ.HN,1027,64,
Boulder County,US.CO.BO,1027,67,
Galveston County,US.TX.GV,1026,38,
Kankakee County,US.IL.KK,1019,55,
Brazoria County,US.TX.BI,1012,9,
Sumner County,US.TN.SN,1011,46,
Linn County,US.IA.LI,1001,80,
Rapides Parish,US.LA.RA,992,38,
Stanislaus County,US.CA.ST,991,33,
Wicomico County,US.MD.WI,990,33,
Lincoln County,US.AR.LC,985,11,
Accomack County,US.VA.AC,983,13,
Cherokee County,US.GA.CE,983,35,
Benton County,US.WA.BE,979,67,
Johnson County,US.KS.JO,977,71,
Tuscaloosa County,US.AL.TU,976,23,
Harford County,US.MD.HA,969,55,
Dallas County,US.IA.DL,965,26,
Tangipahoa Parish,US.LA.TA,965,39,
Carroll County,US.MD.CR,963,102,
Texas County,US.OK.TE,954,6,
Kalamazoo County,US.MI.KA,935,61,
Martin County,US.FL.MT,934,15,
Marshall County,US.IA.MS,931,18,
Lafourche Parish,US.LA.LO,922,76,
Fayette County,US.KY.FA,920,14,
Cameron County,US.TX.CA,919,39,
Lexington County,US.SC.LX,913,37,
Lafayette Parish,US.LA.LY,908,30,
Escambia County,US.FL.ES,907,36,
Hampshire County,US.MA.HS,905,100,
Columbiana County,US.OH.CL,901,55,
Ascension Parish,US.LA.AE,900,58,
Seward County,US.KS.SW,897,2,
Ottawa County,US.MI.OT,892,48,
Muscogee County,US.GA.MG,883,22,
St. John the Baptist Parish,US.LA.SO,881,83,
Robeson County,US.NC.RB,876,14,
Tolland County,US.CT.TO,873,61,
Dane County,US.WI.DA,871,30,
Moore County,US.TX.MO,864,14,
Kendall County,US.IL.KA,853,19,
St. Charles County,US.MO.SA,851,60,
Ada County,US.ID.AA,848,22,
Dawson County,US.NE.DN,843,8,
Volusia County,US.FL.VO,837,46,
Harrisonburg City,US.VA.HS,837,22,
Charleston County,US.SC.CS,835,14,
Montgomery County,US.OH.MT,835,17,
Madison County,US.MS.MD,832,29,
Waukesha County,US.WI.WK,829,34,
Stark County,US.OH.ST,827,103,
Spartanburg County,US.SC.SP,825,31,
Stafford County,US.VA.SF,824,5,
Virginia Beach City,US.VA.VI,815,27,
Randolph County,US.NC.RA,809,15,
Ingham County,US.MI.IH,808,28,
Washington County,US.OR.WI,807,18,
Berrien County,US.MI.BN,806,57,
Neshoba County,US.MS.NS,805,48,
Cache County,US.UT.CA,805,1,
Franklin County,US.PA.FR,800,39,
Cumberland County,US.NC.CU,798,26,
Sarpy County,US.NE.SY,796,4,
Lauderdale County,US.MS.LU,793,71,
Jones County,US.MS.JO,792,36,
Henry County,US.GA.HY,780,22,
Rowan County,US.NC.RW,773,35,
Culpeper County,US.VA.CP,772,8,
Spokane County,US.WA.SP,769,37,
Franklin County,US.WA.FR,764,22,
Douglas County,US.CO.DU,764,47,
Monterey County,US.CA.MT,763,11,
Osceola County,US.FL.OS,762,21,
St. Francis County,US.AR.SI,761,1,
Hidalgo County,US.TX.HG,759,12,
Lorain County,US.OH.LR,757,61,
Terrebonne Parish,US.LA.TR,756,55,
Lubbock County,US.TX.LU,756,50,
Buchanan County,US.MO.BC,755,2,
Marshall County,US.AL.MS,752,9,
Chatham County,US.NC.CH,745,37,
Randall County,US.TX.RA,737,6,
Washington County,US.MN.WH,732,36,
Olmsted County,US.MN.OL,727,12,
Florence County,US.SC.FL,727,41,
Horry County,US.SC.HO,720,33,
Rock Island County,US.IL.RO,717,26,
Schenectady County,US.NY.SN,715,31,
Muskegon County,US.MI.MG,714,40,
Rock County,US.WI.RO,714,21,
Spotsylvania County,US.VA.SP,712,9,
Williamson County,US.TX.WM,698,28,
Champaign County,US.IL.CM,695,8,
Sarasota County,US.FL.SR,694,86,
Lake County,US.TN.LK,688,0,
Salem County,US.NJ.SA,686,54,
Cumberland County,US.PA.CU,683,58,
Kenton County,US.KY.KE,680,34,
Scott County,US.MS.SC,677,12,
Sonoma County,US.CA.SO,671,4,
St. Lucie County,US.FL.SL,669,31,
Calcasieu Parish,US.LA.CC,661,51,
Sedgwick County,US.KS.SG,660,21,
Schuylkill County,US.PA.SC,659,41,
Richmond County,US.GA.RI,655,34,
Wapello County,US.IA.WP,655,21,
Cape May County,US.NJ.CP,654,54,
St. Charles Parish,US.LA.SC,652,45,
Johnston County,US.NC.JH,650,20,
Forrest County,US.MS.FO,649,40,
Williamson County,US.TN.WL,648,11,
Madison County,US.IL.MD,647,65,
Jefferson County,US.TX.JE,647,30,
Morgan County,US.CO.MN,644,45,
DeSoto County,US.MS.DE,642,11,
Colfax County,US.NE.CO,638,4,
Brazos County,US.TX.BZ,634,22,
Santa Cruz County,US.AZ.SA,633,3,
Larimer County,US.CO.LR,632,27,
Logan County,US.CO.LO,631,5,
Franklin County,US.AL.FR,631,10,
Platte County,US.NE.PL,630,1,
Johnson County,US.IA.JH,628,8,
Broome County,US.NY.BO,627,54,
Sampson County,US.NC.SP,626,4,
Marin County,US.CA.MN,620,17,
Trumbull County,US.OH.TR,618,53,
Douglas County,US.GA.DL,615,26,
Cabarrus County,US.NC.CR,612,23,
Eagle County,US.CO.EA,612,8,
Bledsoe County,US.TN.BE,611,1,
Solano County,US.CA.SN,610,23,
Jones County,US.TX.JN,610,0,
Beaver County,US.PA.BA,608,74,
Webb County,US.TX.WB,608,20,
Chesapeake City,US.VA.CS,605,15,
Madison County,US.IN.MD,605,61,
Sandoval County,US.NM.SD,604,27,
Iberville Parish,US.LA.IV,603,43,
Colquitt County,US.GA.CQ,602,16,
Union County,US.NC.UN,599,21,
Lee County,US.AL.LE,599,34,
Norfolk City,US.VA.NF,596,7,
Rockingham County,US.VA.RG,596,6,
Rice County,US.MN.RI,593,3,
Carroll County,US.GA.CL,589,33,
Doña Ana County,US.NM.DO,589,3,
Burke County,US.NC.BK,584,16,
Dodge County,US.NE.DE,582,1,
Davis County,US.UT.DA,580,3,
Robertson County,US.TN.RB,580,7,
Crawford County,US.IA.CW,579,2,
Porter County,US.IN.PR,575,33,
Forsyth County,US.GA.FO,575,12,
Berkshire County,US.MA.BE,574,41,
Hendry County,US.FL.HR,572,19,
Habersham County,US.GA.HB,571,26,
Clark County,US.WA.CR,571,27,
Putnam County,US.TN.PU,569,6,
Muscatine County,US.IA.MU,566,41,
St. Mary's County,US.MD.SA,561,34,
Monroe County,US.MI.MO,560,21,
Shelby County,US.AL.SH,560,20,
Jefferson County,US.AR.JE,559,28,
Chatham County,US.GA.CM,558,29,
Titus County,US.TX.TU,558,2,
Granville County,US.NC.GN,557,13,
Seminole County,US.FL.SE,556,12,
St. Bernard Parish,US.LA.SE,555,23,
Clark County,US.IN.CK,547,42,
Washington County,US.MD.WA,545,17,
Lee County,US.NC.LE,541,4,
Bartholomew County,US.IN.BA,539,40,
Mower County,US.MN.MW,537,2,
Chittenden County,US.VT.CH,535,39,
Cleveland County,US.OK.CV,529,39,
Bartow County,US.GA.BT,529,39,
Davidson County,US.NC.DD,529,12,
Boone County,US.KY.BO,527,18,
Kandiyohi County,US.MN.KD,526,1,
Alamance County,US.NC.AA,519,23,
Livingston County,US.MI.LI,519,28,
Acadia Parish,US.LA.AD,517,29,
Saline County,US.NE.SL,517,2,
Bibb County,US.GA.BI,515,31,
Blaine County,US.ID.BL,514,5,
Washington County,US.RI.WA,513,45,
Mohave County,US.AZ.MO,513,58,
Wilkes County,US.NC.WE,513,6,
Saratoga County,US.NY.SR,511,15,
St. Clair County,US.MI.SA,511,45,
Washington County,US.UT.WN,511,1,
York County,US.SC.YO,510,10,
Troup County,US.GA.TP,508,11,
Whitfield County,US.GA.WF,507,9,
Boone County,US.IL.BO,507,18,
Rensselaer County,US.NY.RE,505,26,
Charlotte County,US.FL.CH,501,72,
Sumter County,US.GA.SU,499,48,
Rankin County,US.MS.RA,498,10,
Scott County,US.MN.SC,496,2,
Sumter County,US.SC.SU,494,19,
Lowndes County,US.GA.LW,493,4,
Knox County,US.TN.KN,491,5,
Washington Parish,US.LA.WO,489,42,
Wilson County,US.TN.WO,488,10,
Shenandoah County,US.VA.SN,487,24,
Tipton County,US.TN.TI,487,3,
Buckingham County,US.VA.BK,484,3,
Jackson County,US.MI.JA,483,30,
Pike County,US.PA.PI,482,20,
Muhlenberg County,US.KY.MU,481,8,
Livingston Parish,US.LA.LV,481,31,
Clay County,US.MN.CA,481,30,
Coweta County,US.GA.CA,474,10,
Bell County,US.TX.BL,473,5,
Crittenden County,US.AR.CD,473,9,
Bossier Parish,US.LA.BO,473,26,
Brevard County,US.FL.BE,471,13,
Calhoun County,US.MI.CU,470,26,
Leake County,US.MS.LK,469,12,
Walker County,US.AL.WK,467,6,
Westmoreland County,US.PA.WE,467,38,
Beaufort County,US.SC.BA,464,14,
Butler County,US.AL.BT,464,24,
Twin Falls County,US.ID.TW,463,25,
LaPorte County,US.IN.LA,462,24,
Tippecanoe County,US.IN.TP,460,5,
DeKalb County,US.IL.DK,457,11,
Holmes County,US.MS.HO,457,31,
Belmont County,US.OH.BE,455,15,
Walworth County,US.WI.WL,452,17,
Wilson County,US.NC.WO,452,13,
Lyon County,US.KS.LY,451,6,
Skagit County,US.WA.SG,450,15,
Howard County,US.IN.HO,449,41,
Honolulu County,US.HI.HO,448,11,
Leon County,US.FL.LO,448,7,
Tallapoosa County,US.AL.TP,448,66,
Warren County,US.OH.WR,443,20,
Pasco County,US.FL.PS,442,15,
Hays County,US.TX.HY,441,5,
Summit County,US.UT.SU,440,0,
Elmore County,US.AL.EL,437,9,
Winnebago County,US.WI.WA,431,7,
Windham County,US.CT.WI,430,14,
Morgan County,US.AL.MG,429,1,
Iberia Parish,US.LA.II,428,41,
York County,US.ME.YO,428,11,
Mitchell County,US.GA.MT,425,36,
Whatcom County,US.WA.WA,420,38,
Tama County,US.IA.TM,417,29,
Cecil County,US.MD.CE,417,25,
Columbia County,US.NY.CU,414,44,
Frederick County,US.VA.FK,413,4,
Clay County,US.FL.CY,411,32,
Orange County,US.NC.OR,408,40,
Dodge County,US.WI.DD,406,4,
Houston County,US.GA.HO,406,20,
Jackson County,US.IN.JC,406,2,
Pitt County,US.NC.PI,404,2,
Alachua County,US.FL.AL,404,8,
Shelby County,US.IN.SH,402,22,
Buncombe County,US.NC.BO,401,34,
Ellis County,US.TX.EI,399,16,
Delaware County,US.IN.DL,399,42,
Madison County,US.AL.MD,397,5,
Baldwin County,US.GA.BD,396,29,
Erie County,US.PA.ER,396,7,
Newton County,US.GA.NE,396,11,
Scott County,US.IA.SC,393,10,
Clackamas County,US.OR.CC,393,13,
Weber County,US.UT.WB,392,8,
Chambers County,US.AL.CM,391,26,
Kershaw County,US.SC.KE,391,15,
Franklin Parish,US.LA.FR,390,12,
Medina County,US.OH.MD,390,25,
Beadle County,US.SD.BA,386,5,
Shawnee County,US.KS.SN,384,7,
Grayson County,US.TX.GO,384,3,
Pottawattamie County,US.IA.PT,383,10,
Tuscarawas County,US.OH.TU,382,6,
Androscoggin County,US.ME.AN,381,3,
Merrimack County,US.NH.ME,380,18,
Henderson County,US.NC.HN,379,47,
Delaware County,US.OH.DL,378,14,
Paulding County,US.GA.PA,378,13,
Clark County,US.OH.CK,377,8,
Miami County,US.OH.MM,376,30,
Vance County,US.NC.VA,375,26,
Ashtabula County,US.OH.AB,375,38,
Columbus County,US.NC.CM,374,28,
Jefferson County,US.MO.JE,373,18,
Bay County,US.MI.BY,372,27,
Dubuque County,US.IA.DU,372,21,
Merced County,US.CA.MD,372,7,
Lee County,US.GA.LE,369,22,
Gaston County,US.NC.GS,368,8,
Hancock County,US.IN.HC,367,28,
Columbia County,US.PA.CO,367,31,
Sangamon County,US.IL.SM,366,31,
Union Parish,US.LA.UN,366,20,
Sevier County,US.AR.SV,366,2,
Fauquier County,US.VA.FQ,365,6,
Calvert County,US.MD.CL,363,21,
Barrow County,US.GA.BW,361,20,
Wright County,US.MN.WR,361,2,
Todd County,US.MN.TO,361,2,
Copiah County,US.MS.CP,360,4,
Manassas Park city,US.VA.MP,359,5,
Thomas County,US.GA.TH,357,33,
Iredell County,US.NC.IR,354,5,
Dallas County,US.AL.DL,353,5,
Louisa County,US.IA.LO,351,11,
Hanover County,US.VA.HV,351,24,
Portsmouth City,US.VA.PR,351,11,
Bowie County,US.TX.BW,351,7,
Berkeley County,US.WV.BE,350,8,
Floyd County,US.GA.FL,346,15,
Harnett County,US.NC.HT,345,30,
Canyon County,US.ID.CN,345,6,
Portage County,US.OH.PO,344,58,
Washington County,US.OK.WN,343,37,
St. Mary Parish,US.LA.SM,342,32,
Daviess County,US.KY.DA,341,8,
Franklin County,US.MA.FR,341,49,
Bedford County,US.TN.BD,341,4,
Yavapai County,US.AZ.YA,340,6,
Lake County,US.FL.LK,339,15,
Grand Forks County,US.ND.GD,339,4,
Jackson County,US.MS.JC,338,16,
San Juan County,US.UT.SJ,337,5,
Boone County,US.IN.BO,337,36,
Lake County,US.OH.LK,337,12,
Fairfield County,US.OH.FI,336,9,
Wasatch County,US.UT.WA,335,2,
Wayne County,US.MS.WY,335,5,
Darlington County,US.SC.DA,333,12,
Tift County,US.GA.TI,332,22,
Madison County,US.NY.MA,331,9,
Clarke County,US.GA.CK,330,15,
Peoria County,US.IL.PI,328,13,
Madison County,US.NE.MA,328,4,
Floyd County,US.IN.FL,327,42,
Suffolk City,US.VA.SO,325,33,
Baldwin County,US.AL.BD,325,9,
Newport News City,US.VA.NN,323,10,
Pueblo County,US.CO.PU,323,19,
Leflore County,US.MS.LL,322,43,
Sioux County,US.IA.SI,322,0,
Yazoo County,US.MS.YZ,321,6,
Pennington County,US.SD.PN,321,6,
Rockdale County,US.GA.RO,320,8,
Attala County,US.MS.AT,319,21,
Craighead County,US.AR.CG,318,1,
Geauga County,US.OH.GE,317,34,
St. Landry Parish,US.LA.SL,316,54,
Comanche County,US.OK.CM,311,3,
Catawba County,US.NC.CB,310,10,
Jackson County,US.FL.JA,310,1,
Montgomery County,US.TN.MT,309,4,
Clarendon County,US.SC.CN,309,41,
Coffee County,US.GA.CF,309,14,
Wood County,US.OH.WO,308,49,
Lincoln County,US.MS.LI,308,32,
Vanderburgh County,US.IN.VA,308,4,
Walton County,US.GA.WA,307,20,
Newton County,US.MS.NW,307,5,
Oktibbeha County,US.MS.OK,307,16,
St. James Parish,US.LA.SJ,305,27,
Nacogdoches County,US.TX.NC,305,21,
Noble County,US.IN.NO,305,23,
Jackson County,US.IL.JC,304,11,
Placer County,US.CA.PA,304,9,
Brown County,US.SD.BW,303,1,
San Luis Obispo County,US.CA.SS,302,1,
Spalding County,US.GA.SD,301,22,
Wayne County,US.OH.WE,301,51,
Nueces County,US.TX.NU,300,3,
Harrison County,US.MS.HR,299,7,
Lowndes County,US.AL.LO,298,13,
DeSoto County,US.FL.DE,296,7,
Gadsden County,US.FL.GA,296,4,
Coryell County,US.TX.CL,296,2,
Fremont County,US.WY.FR,295,8,
Morgan County,US.IN.MG,294,28,
Surry County,US.NC.SU,292,2,
St. Martin Parish,US.LA.SR,291,25,
Berkeley County,US.SC.BK,291,19,
Upson County,US.GA.UP,290,36,
Outagamie County,US.WI.OU,289,8,
Columbia County,US.GA.CI,289,8,
Richmond County,US.VA.RI,289,5,
Municipality of Anchorage,US.AK.AN,288,5,
Anderson County,US.SC.AN,287,9,
St. Johns County,US.FL.SJ,287,6,
Monroe County,US.MS.MR,285,25,
Licking County,US.OH.LI,284,10,
Marion County,US.FL.MI,284,8,
Hoke County,US.NC.HO,283,1,
Orangeburg County,US.SC.OR,283,5,
Autauga County,US.AL.AU,282,5,
Washington County,US.WI.WN,281,10,
Strafford County,US.NH.ST,278,13,
Greensville County,US.VA.GS,277,7,
Adams County,US.NE.AD,277,11,
Etowah County,US.AL.ET,277,12,
Lowndes County,US.MS.LO,277,9,
DeKalb County,US.AL.DA,276,5,
Randolph County,US.IL.RA,276,5,
Kaufman County,US.TX.KU,275,2,
Adams County,US.PA.AD,275,9,
Okaloosa County,US.FL.OA,274,6,
Jasper County,US.IA.JS,274,17,
Caroline County,US.MD.CO,273,1,
Allegan County,US.MI.AL,273,6,
Lamar County,US.MS.LM,272,5,
Gregg County,US.TX.GE,272,11,
Saline County,US.MO.SI,270,3,
Bastrop County,US.TX.BP,270,4,
New Hanover County,US.NC.NE,269,5,
Newport County,US.RI.NE,269,1,
Chelan County,US.WA.CH,264,6,
Sumter County,US.FL.SM,264,17,
De Soto Parish,US.LA.DE,263,17,
Hamilton County,US.FL.HM,263,1,
Shiawassee County,US.MI.SH,261,27,
Williamsburg County,US.SC.WI,261,15,
Santa Rosa County,US.FL.SA,261,9,
Sherburne County,US.MN.SH,260,2,
Moore County,US.NC.ME,259,10,
Pike County,US.AL.PK,259,1,
Montgomery County,US.IN.MM,259,19,
Broomfield County and City,US.CO.BR,258,27,
Assumption Parish,US.LA.AS,258,13,
Harrison County,US.TX.HR,258,28,
Albemarle County,US.VA.AB,258,8,
Orleans County,US.NY.OL,257,46,
Carver County,US.MN.CV,257,1,
Warren County,US.NY.WR,257,30,
Northampton County,US.VA.NA,256,27,
Chesterfield County,US.SC.CF,256,6,
Lincoln County,US.SD.LI,255,0,
Lenoir County,US.NC.LN,254,8,
Houston County,US.AL.HO,253,5,
Fayette County,US.GA.FY,253,14,
Carbon County,US.PA.CB,253,24,
Eaton County,US.MI.EA,252,7,
Steuben County,US.NY.ST,252,29,
Early County,US.GA.EA,252,31,
Ware County,US.GA.WE,252,14,
Coffee County,US.AL.CF,249,1,
Clay County,US.MO.CY,249,3,
Butler County,US.PA.BT,249,12,
Clinton County,US.IN.CI,249,1,
Summit County,US.CO.SU,248,2,
Sumter County,US.AL.SU,248,9,
Greene County,US.NY.GR,248,13,
Yell County,US.AR.YE,248,2,
Lee County,US.MS.LE,248,9,
Taylor County,US.TX.TA,247,5,
Worth County,US.GA.WO,246,21,
Page County,US.VA.PA,246,24,
Grimes County,US.TX.GM,245,1,
Wright County,US.IA.WG,245,0,
Nash County,US.NC.NA,244,4,
Grant County,US.IN.GA,244,23,
Bullock County,US.AL.BL,243,8,
Butts County,US.GA.BU,242,25,
Kosciusko County,US.IN.KO,242,2,
Kanawha County,US.WV.KA,241,19,
Worcester County,US.MD.WO,241,15,
Fond du Lac County,US.WI.FN,241,6,
White County,US.IN.WH,240,9,
Washington County,US.NY.WS,240,14,
Butler County,US.KY.BR,239,13,
Jackson County,US.GA.JC,239,7,
Crisp County,US.GA.CP,239,8,
Winchester city,US.VA.WH,238,2,
Craven County,US.NC.CN,238,5,
Mercer County,US.OH.MC,237,8,
Angelina County,US.TX.AG,237,5,
Huntingdon County,US.PA.HU,236,4,
Decatur County,US.IN.DC,235,32,
Smith County,US.TX.SM,235,4,
Santa Cruz County,US.CA.SZ,235,2,
Clermont County,US.OH.CE,234,6,
Shelby County,US.KY.SH,233,6,
Bradley County,US.TN.BR,233,2,
Richland County,US.OH.RI,232,4,
Bristol County,US.RI.BR,231,3,
Dubois County,US.IN.DU,231,4,
Lee County,US.SC.LE,231,19,
McLean County,US.IL.ML,230,13,
Edgecombe County,US.NC.ED,230,9,
Marshall County,US.IN.MS,230,2,
Fulton County,US.NY.FU,228,25,
Hampton city,US.VA.HM,228,4,
Allen County,US.OH.AN,227,34,
Yolo County,US.CA.YO,226,24,
Lapeer County,US.MI.LP,225,31,
James City County,US.VA.JA,224,15,
Hopkins County,US.KY.HO,224,31,
Ogle County,US.IL.OG,224,4,
West Feliciana Parish,US.LA.WF,224,13,
Mecklenburg County,US.VA.ME,224,24,
Warren County,US.MS.WR,223,12,
Ontario County,US.NY.OR,222,23,
Adams County,US.MS.AD,222,17,
Warren County,US.VA.WR,222,4,
Grant County,US.WA.GN,222,4,
Russell County,US.AL.RU,221,0,
Yadkin County,US.NC.YD,221,3,
Washington County,US.MS.WS,221,8,
Stephenson County,US.IL.SN,220,5,
Pearl River County,US.MS.PL,219,31,
Madison Parish,US.LA.MA,219,2,
Plaquemines Parish,US.LA.PL,219,17,
Rhea County,US.TN.RH,219,0,
Decatur County,US.GA.DC,218,6,
Liberty County,US.FL.LI,218,1,
Pope County,US.AR.PP,218,2,
Terrell County,US.GA.TL,217,26,
Fairfield County,US.SC.FA,216,19,
Medina County,US.TX.ME,216,2,
Colbert County,US.AL.CL,216,5,
Pointe Coupee Parish,US.LA.PO,215,25,
Lancaster County,US.SC.LN,214,6,
Caldwell County,US.NC.CL,214,3,
Dorchester County,US.SC.DO,214,3,
Shelby County,US.TX.SY,214,8,
Gordon County,US.GA.GO,213,16,
Aiken County,US.SC.AI,213,8,
Hardeman County,US.TN.HA,212,0,
Pickens County,US.SC.PI,212,4,
Marlboro County,US.SC.ML,211,3,
Pike County,US.MS.PI,211,11,
Northumberland County,US.PA.NU,211,3,
Genesee County,US.NY.GE,210,5,
Halifax County,US.NC.HL,209,1,
St. Lawrence County,US.NY.SI,209,2,
Johnson County,US.TX.JH,209,4,
Hale County,US.AL.HA,209,11,
Washington County,US.TX.WH,208,25,
East Feliciana Parish,US.LA.EF,207,31,
Noxubee County,US.MS.NO,206,6,
Ector County,US.TX.EC,206,6,
East Carroll Parish,US.LA.EC,205,0,
Tuscola County,US.MI.TU,205,25,
Walker County,US.GA.WK,204,1,
Jefferson County,US.WV.JE,204,4,
Roanoke city,US.VA.RO,204,10,
Macon County,US.IL.MC,203,21,
Cullman County,US.AL.CU,203,1,
Jerome County,US.ID.JR,201,2,
Washington County,US.IA.WS,201,9,
Hancock County,US.GA.HC,201,29,
Barbour County,US.AL.BR,199,1,
Harrison County,US.IN.HI,198,22,
Greenwood County,US.SC.GW,198,4,
Vigo County,US.IN.VI,197,8,
Appling County,US.GA.AP,197,13,
Campbell County,US.KY.CM,197,12,
Rutherford County,US.NC.RU,197,6,
Clinton County,US.IL.CN,196,17,
Webster Parish,US.LA.WR,195,8,
Flagler County,US.FL.FL,195,4,
Boone County,US.MO.BO,194,1,
Darke County,US.OH.DA,194,25,
Franklin County,US.NC.FR,193,21,
Fredericksburg City,US.VA.FB,193,0,
Lauderdale County,US.AL.LU,192,3,
West Baton Rouge Parish,US.LA.WB,192,30,
Lenawee County,US.MI.LN,191,6,
Erie County,US.OH.ER,191,16,
Chattahoochee County,US.GA.CH,191,0,
Union County,US.AR.UN,190,11,
Winn Parish,US.LA.WI,190,2,
Benton County,US.MN.BN,190,3,
Henry County,US.IN.HY,190,12,
Montrose County,US.CO.MO,190,12,
Allen Parish,US.LA.AL,189,10,
Rockwall County,US.TX.RC,189,14,
Dooly County,US.GA.DO,189,12,
La Paz County,US.AZ.LA,189,0,
Dillon County,US.SC.DI,189,4,
Covington County,US.MS.CV,189,2,
Laramie County,US.WY.LA,188,2,
Kent County,US.MD.KE,188,19,
Freeborn County,US.MN.FR,188,0,
Randolph County,US.GA.RN,187,20,
Panola County,US.TX.PN,187,23,
Marengo County,US.AL.ME,187,6,
Clinton County,US.MI.CN,186,11,
Allegany County,US.MD.AL,185,17,
Macon County,US.TN.MC,185,3,
Jasper County,US.MS.JS,185,4,
Ozaukee County,US.WI.OZ,184,13,
Lincoln Parish,US.LA.LN,184,18,
Richmond County,US.NC.RI,184,4,
Deaf Smith County,US.TX.DI,183,13,
Island County,US.WA.IS,181,11,
LaGrange County,US.IN.LG,181,2,
Gunnison County,US.CO.GU,181,6,
Madison County,US.TN.MD,181,2,
Calhoun County,US.AL.CN,180,3,
Bolivar County,US.MS.BO,179,11,
Monroe County,US.IN.MR,179,17,
Hillsdale County,US.MI.HI,179,25,
Wilcox County,US.AL.WC,179,7,
Van Buren County,US.MI.VA,179,7,
Natchitoches Parish,US.LA.NA,179,13,
Douglas County,US.WA.DO,178,3,
Queen Anne's County,US.MD.QU,177,12,
Ionia County,US.MI.II,176,4,
Suwannee County,US.FL.SW,176,18,
Putnam County,US.FL.PU,175,6,
Sussex County,US.VA.SS,175,2,
Avoyelles Parish,US.LA.AV,175,9,
Dearborn County,US.IN.DR,175,22,
Greene County,US.IN.GE,175,28,
Buffalo County,US.NE.BF,175,1,
Warren County,US.IA.WR,174,1,
Madera County,US.CA.ME,174,3,
Columbia County,US.FL.CU,174,2,
Henry County,US.VA.HY,174,3,
Victoria County,US.TX.VI,174,7,
Caddo County,US.OK.CD,173,10,
Logan County,US.KY.LO,173,5,
Steele County,US.MN.SE,173,0,
Lawrence County,US.IN.LW,172,24,
Greene County,US.MO.GE,172,8,
Smith County,US.MS.SM,172,11,
Plymouth County,US.IA.PM,172,4,
Harris County,US.GA.HI,172,6,
Catoosa County,US.GA.CS,172,0,
Loudon County,US.TN.LO,171,0,
Thurston County,US.WA.TH,171,4,
Tompkins County,US.NY.TO,171,0,
Gallatin County,US.MT.GL,170,1,
Union County,US.IL.UN,170,14,
Petersburg city,US.VA.PB,170,3,
Kitsap County,US.WA.KS,170,2,
Midland County,US.TX.ID,169,13,
Cibola County,US.NM.CI,169,7,
Lycoming County,US.PA.LY,168,17,
LaSalle County,US.IL.LA,168,16,
Warrick County,US.IN.WI,168,29,
Madison County,US.OH.MO,167,7,
Graves County,US.KY.GV,167,20,
Indian River County,US.FL.IN,167,11,
Kemper County,US.MS.KE,166,11,
Garfield County,US.CO.GA,166,2,
Glynn County,US.GA.GY,165,2,
Gilmer County,US.GA.GI,164,1,
Montgomery County,US.NC.MO,164,5,
Clarke County,US.MS.CE,163,21,
Bladen County,US.NC.BL,163,2,
Clarke County,US.AL.CK,161,3,
Fayette County,US.TN.FA,159,2,
McMinn County,US.TN.MM,159,14,
St. Joseph County,US.MI.SJ,158,3,
Sevier County,US.TN.SV,158,2,
Northampton County,US.NC.NO,158,14,
Wagoner County,US.OK.WG,158,17,
Bienville Parish,US.LA.BI,157,24,
Centre County,US.PA.CT,157,6,
Choctaw County,US.AL.CC,157,10,
Napa County,US.CA.NA,157,3,
Story County,US.IA.ST,157,2,
Lincoln County,US.OR.LC,157,0,
Macon County,US.NC.MN,157,1,
Dorchester County,US.MD.DO,157,4,
Cochise County,US.AZ.CH,156,4,
Whiteside County,US.IL.WD,156,13,
Lamar County,US.TX.LR,156,11,
Lafayette County,US.MS.LY,156,4,
Brunswick County,US.NC.BS,156,3,
Franklin County,US.MO.FR,155,18,
Santa Fe County,US.NM.ST,155,3,
Susquehanna County,US.PA.SS,154,16,
Chickasaw County,US.MS.CS,154,15,
Ohio County,US.KY.OH,154,0,
Saluda County,US.SC.SA,154,1,
Polk County,US.GA.PO,154,1,
Blue Earth County,US.MN.BE,153,1,
Prince George County,US.VA.PG,153,0,
Branch County,US.MI.BC,153,2,
Tooele County,US.UT.TE,153,0,
Southampton County,US.VA.SA,153,2,
Hardee County,US.FL.HD,153,0,
Gonzales County,US.TX.GA,153,3,
Miami County,US.IN.MI,152,1,
Bacon County,US.GA.BC,152,3,
Prince Edward County,US.VA.PD,151,2,
Saline County,US.AR.SL,150,2,
Highlands County,US.FL.HG,150,9,
Garland County,US.AR.GL,150,1,
Washington County,US.PA.WS,150,6,
Isle of Wight County,US.VA.IS,149,8,
Scotts Bluff County,US.NE.SC,149,1,
Carroll County,US.VA.CL,149,5,
Colleton County,US.SC.CT,148,14,
Galax city,US.VA.GA,148,1,
Houston County,US.TX.HS,147,0,
Stephens County,US.GA.SE,147,3,
Guadalupe County,US.TX.GU,147,0,
Putnam County,US.IN.PT,147,7,
Echols County,US.GA.EC,147,0,
Cheatham County,US.TN.CA,146,0,
Lyon County,US.MN.LY,145,2,
Umatilla County,US.OR.UM,144,3,
Limestone County,US.AL.LI,144,0,
Richland Parish,US.LA.RI,144,3,
Burleigh County,US.ND.BL,144,0,
Okeechobee County,US.FL.OE,143,0,
Canadian County,US.OK.CN,143,3,
Hardin County,US.TX.HN,142,5,
Martin County,US.MN.MT,142,5,
Turner County,US.GA.TR,141,13,
Coahoma County,US.MS.CH,141,4,
Jackson County,US.WV.JA,141,18,
Monongalia County,US.WV.MG,141,5,
St. Clair County,US.AL.SA,141,2,
Charlottesville City,US.VA.CE,141,3,
Coles County,US.IL.CE,140,17,
Jackson Parish,US.LA.JA,139,15,
Calhoun County,US.GA.CU,139,5,
Hertford County,US.NC.HD,138,6,
Dale County,US.AL.DE,138,0,
Chemung County,US.NY.CM,138,3,
Clay County,US.MS.CY,137,4,
Randolph County,US.WV.RN,137,0,
Augusta County,US.VA.AU,137,2,
Talladega County,US.AL.TD,136,5,
Winston County,US.MS.WN,136,1,
Onslow County,US.NC.ON,136,2,
Iron County,US.UT.RN,136,1,
Iroquois County,US.IL.IR,136,5,
Grayson County,US.KY.GY,135,10,
Morehouse Parish,US.LA.MO,135,5,
Chenango County,US.NY.CH,135,6,
Franklin County,US.GA.FR,134,1,
Bertie County,US.NC.BT,134,4,
Deschutes County,US.OR.DE,134,0,
Jefferson County,US.WI.JE,134,3,
Tioga County,US.NY.TI,134,19,
Maverick County,US.TX.MV,133,2,
Bay County,US.FL.BY,133,4,
Walton County,US.FL.WL,133,9,
Grenada County,US.MS.GN,133,4,
Jennings County,US.IN.JN,133,4,
Randolph County,US.AL.RA,132,8,
Orange County,US.IN.OR,132,23,
McLennan County,US.TX.ML,132,4,
Scott County,US.IN.SC,131,3,
Kennebec County,US.ME.KE,131,9,
Christian County,US.KY.CH,131,3,
Claiborne County,US.MS.CB,129,7,
Marion County,US.MS.MI,129,9,
Grady County,US.GA.GD,128,4,
Midland County,US.MI.MD,128,9,
Citrus County,US.FL.CI,128,12,
Oconee County,US.GA.OC,127,9,
Hernando County,US.FL.HA,127,5,
Scott County,US.MO.ST,127,10,
Cleveland County,US.NC.CV,127,2,
Dickson County,US.TN.DI,127,0,
Warren County,US.IL.WR,127,0,
Marion County,US.AL.MI,126,11,
Wayne County,US.NY.WN,126,2,
Cumberland County,US.TN.CU,126,2,
Pickens County,US.AL.PC,126,6,
Roanoke County,US.VA.RE,125,5,
Burke County,US.GA.BE,125,6,
Monroe County,US.GA.MN,125,12,
Herkimer County,US.NY.HE,125,3,
Bullitt County,US.KY.BI,124,4,
Linn County,US.OR.LN,124,9,
Eau Claire County,US.WI.EA,124,0,
Maury County,US.TN.MU,124,1,
Grundy County,US.IL.GU,124,2,
Wayne County,US.PA.WN,123,9,
Yalobusha County,US.MS.YL,123,7,
Newaygo County,US.MI.NE,122,0,
Hardin County,US.KY.HN,122,3,
Davie County,US.NC.DV,122,2,
Catahoula Parish,US.LA.CT,121,3,
Livingston County,US.NY.LI,121,4,
Comal County,US.TX.OM,121,7,
Pierce County,US.GA.PR,121,4,
Crawford County,US.OH.CF,121,4,
Carroll County,US.MS.CL,121,11,
Hunt County,US.TX.HT,121,5,
Otsego County,US.MI.OS,120,10,
Allamakee County,US.IA.AL,120,4,
Greene County,US.OH.GR,120,6,
Maui County,US.HI.MA,120,6,
Faulkner County,US.AR.FA,119,3,
Henderson County,US.KY.HE,119,3,
Stanly County,US.NC.SN,119,4,
St. Louis County,US.MN.ST,119,14,
Franklin County,US.IN.FR,118,8,
Hopewell city,US.VA.HW,118,2,
Cassia County,US.ID.CS,118,1,
Orange County,US.VA.OR,118,2,
Sheboygan County,US.WI.SE,118,3,
Walla Walla County,US.WA.WL,117,2,
Audrain County,US.MO.AU,117,1,
Washington County,US.OH.WS,117,19,
Chilton County,US.AL.CI,117,2,
White County,US.GA.WH,117,3,
Allen County,US.KY.AL,116,3,
Wilcox County,US.GA.WC,116,14,
Dawson County,US.GA.DW,116,1,
Grady County,US.OK.GD,115,3,
Pasquotank County,US.NC.PU,115,13,
Pender County,US.NC.PD,115,1,
Oswego County,US.NY.OS,115,2,
Rockingham County,US.NC.RC,115,2,
Murray County,US.GA.MA,115,1,
Monroe County,US.FL.MO,114,4,
Beauregard Parish,US.LA.BE,114,4,
McCracken County,US.KY.MK,113,3,
Mercer County,US.PA.ME,113,6,
Laurens County,US.GA.LR,112,1,
Oldham County,US.KY.OL,112,5,
Tate County,US.MS.TT,112,1,
Simpson County,US.MS.SI,112,0,
Meriwether County,US.GA.MW,112,2,
Ottawa County,US.OH.OT,111,19,
Carson City,US.NV.CA,111,5,
El Dorado County,US.CA.EL,111,0,
Daviess County,US.IN.DI,111,16,
Warren County,US.NC.WR,110,2,
Iosco County,US.MI.IC,110,10,
McClain County,US.OK.ML,110,4,
Chester County,US.SC.CR,110,1,
San Benito County,US.CA.SI,109,2,
Lawrence County,US.MS.LW,109,1,
Ripley County,US.IN.RI,109,6,
McCurtain County,US.OK.MU,109,1,
Morrow County,US.OH.MW,108,1,
Liberty County,US.TX.LT,108,3,
Cass County,US.MI.CS,108,4,
Alpena County,US.MI.AP,107,9,
St. Croix County,US.WI.SI,107,0,
Talbot County,US.MD.TA,107,4,
Macon County,US.GA.MC,106,7,
Greene County,US.NC.GE,106,2,
Lincoln County,US.NC.LI,106,0,
Goochland County,US.VA.GO,106,6,
Stoddard County,US.MO.SD,106,5,
Yellowstone County,US.MT.YS,106,3,
Sunflower County,US.MS.SU,105,4,
Cass County,US.MO.CS,105,8,
Humboldt County,US.CA.HU,105,4,
Monroe County,US.IL.MR,105,12,
Gray County,US.TX.GY,105,3,
Knox County,US.IL.KX,105,0,
Pecos County,US.TX.PE,105,0,
Lumpkin County,US.GA.LP,105,1,
Panola County,US.MS.PA,105,3,
Macon County,US.AL.MC,104,5,
Colonial Heights city,US.VA.CH,104,17,
Polk County,US.OR.PO,104,12,
Parker County,US.TX.PR,104,1,
Chautauqua County,US.NY.CQ,103,3,
Delaware County,US.OK.DL,103,16,
Union County,US.SD.UN,103,0,
Mahaska County,US.IA.MK,103,14,
Wayne County,US.WV.WA,103,9,
Oceana County,US.MI.OA,102,3,
Greene County,US.AL.GR,102,5,
Putnam County,US.GA.PT,102,10,
Cayuga County,US.NY.CY,102,2,
Osage County,US.OK.OS,102,8,
Jackson County,US.KS.JA,102,1,
Jefferson County,US.IL.JF,101,16,
Juniata County,US.PA.JU,101,5,
Alamosa County,US.CO.AL,101,2,
McDowell County,US.NC.MW,101,1,
Creek County,US.OK.CE,101,7,
Penobscot County,US.ME.PE,101,2,
Choctaw County,US.OK.CA,100,1,
Banks County,US.GA.BS,100,0,
Georgetown County,US.SC.GR,100,3,
Montgomery County,US.NY.MT,100,4,
Teton County,US.WY.TE,100,1,
Orange County,US.TX.OR,100,2,
Adair County,US.KY.AD,100,19,
Franklin County,US.VT.FR,100,5,
Grant County,US.WI.GA,99,12,
Dinwiddie County,US.VA.DN,99,0,
Sebastian County,US.AR.SB,98,1,
Sandusky County,US.OH.SA,98,13,
Webster County,US.MS.WE,98,7,
Putnam County,US.OH.PU,98,14,
Parmer County,US.TX.PM,98,0,
Scotland County,US.NC.SC,98,0,
Pemiscot County,US.MO.PM,97,5,
Caroline County,US.VA.CI,97,3,
Caswell County,US.NC.CS,97,1,
Laurens County,US.SC.LU,97,4,
Concordia Parish,US.LA.CR,97,5,
Lee County,US.AR.LE,97,1,
Jackson County,US.AL.JA,97,3,
Clinton County,US.NY.CL,97,4,
Winston County,US.AL.WN,96,0,
Jefferson Davis Parish,US.LA.JD,96,7,
Marshall County,US.MS.MS,96,3,
Blount County,US.TN.BO,96,3,
Hamilton County,US.IA.HM,96,0,
Carroll County,US.IN.CO,95,2,
Cattaraugus County,US.NY.CG,95,5,
Montgomery County,US.VA.MO,95,1,
Fluvanna County,US.VA.FV,95,6,
Steuben County,US.IN.SE,95,2,
Adair County,US.OK.AD,95,4,
Fayette County,US.PA.FA,95,4,
Camp County,US.TX.CP,95,0,
Louisa County,US.VA.LI,94,1,
Cottonwood County,US.MN.CT,94,0,
Poweshiek County,US.IA.PW,94,8,
Pine County,US.MN.PN,94,0,
Saguache County,US.CO.SG,94,2,
Isabella County,US.MI.IB,93,7,
Itawamba County,US.MS.IT,93,8,
Ben Hill County,US.GA.BL,93,1,
Hancock County,US.MS.HN,93,12,
Indiana County,US.PA.IN,92,5,
McDonough County,US.IL.MU,92,15,
Emporia city,US.VA.EM,91,6,
Anderson County,US.TX.AE,91,0,
Wyoming County,US.NY.WM,91,5,
Kootenai County,US.ID.KO,91,0,
Nicollet County,US.MN.NI,91,11,
Wayne County,US.IN.WY,90,6,
Wichita County,US.TX.WC,90,2,
Levy County,US.FL.LV,90,1,
Kittitas County,US.WA.KT,90,0,
West Carroll Parish,US.LA.WC,90,1,
Union County,US.MS.UN,90,7,
Henry County,US.AL.HE,89,2,
Covington County,US.AL.CV,89,1,
Cowlitz County,US.WA.CW,89,0,
Stokes County,US.NC.SO,89,0,
Lynchburg city,US.VA.LY,89,1,
Crenshaw County,US.AL.CA,89,3,
Rogers County,US.OK.RS,89,5,
Lawrence County,US.AR.LW,89,9,
Gratiot County,US.MI.GT,88,11,
Montgomery County,US.MS.MT,88,1,
Lee County,US.IL.LE,88,1,
Escambia County,US.AL.ES,88,3,
Natrona County,US.WY.NA,87,1,
Lincoln County,US.MO.LO,87,1,
Barry County,US.MI.BR,87,2,
Webster County,US.IA.WE,87,1,
Newberry County,US.SC.NE,87,1,
Tippah County,US.MS.TP,87,11,
Lyon County,US.NV.LY,87,1,
Brooks County,US.GA.BO,87,8,
Glades County,US.FL.GL,86,1,
Washington County,US.TN.WI,86,0,
Wabash County,US.IN.WB,86,2,
Delaware County,US.NY.DE,86,3,
Cape Girardeau County,US.MO.CG,86,3,
York County,US.VA.YO,86,3,
Crow Wing County,US.MN.CW,86,7,
Liberty County,US.GA.LB,86,1,
Washington County,US.FL.WS,85,8,
Wilkinson County,US.MS.WK,85,9,
Yamhill County,US.OR.YA,85,7,
Fairbanks North Star Borough,US.AK.FA,85,2,
Evangeline Parish,US.LA.EV,85,1,
Kenai Peninsula Borough,US.AK.KN,85,2,
Lawrence County,US.PA.LW,85,8,
Bibb County,US.AL.BI,85,1,
Mississippi County,US.AR.MS,85,2,
Jefferson Davis County,US.MS.JD,84,3,
Winona County,US.MN.WN,84,15,
Wharton County,US.TX.WN,84,1,
La Plata County,US.CO.LA,84,1,
Watonwan County,US.MN.WT,84,0,
Bulloch County,US.GA.BH,84,3,
Sauk County,US.WI.SU,84,3,
Franklin County,US.KY.FR,84,2,
Coffee County,US.TN.CF,84,0,
Nassau County,US.FL.NA,83,1,
Westmoreland County,US.VA.WM,83,1,
Marion County,US.SC.MI,83,5,
Chambers County,US.TX.CH,83,0,
Nez Perce County,US.ID.NE,83,19,
Lafayette County,US.MO.LF,83,2,
Greene County,US.GA.GE,83,7,
Windham County,US.VT.WH,83,3,
Goodhue County,US.MN.GO,83,7,
Pettis County,US.MO.PS,82,1,
Tom Green County,US.TX.TG,82,1,
Elbert County,US.GA.EL,82,0,
Walthall County,US.MS.WT,82,0,
Washington County,US.AL.WS,82,6,
Tazewell County,US.IL.TA,82,6,
Newton County,US.IN.NE,81,10,
Bedford County,US.VA.BF,81,2,
Valencia County,US.NM.VA,81,2,
Red River County,US.TX.RV,81,8,
Lane County,US.OR.LE,81,3,
Hawaii County,US.HI.HA,81,0,
Monroe County,US.OH.ME,81,15,
Calumet County,US.WI.CA,81,1,
Effingham County,US.GA.EF,81,1,
Bryan County,US.GA.BY,80,5,
Platte County,US.MO.PT,80,3,
Jasper County,US.IN.JS,80,1,
Fayette County,US.IN.FA,80,7,
Minidoka County,US.ID.MI,80,0,
Adams County,US.WA.AD,80,0,
Peach County,US.GA.PH,80,7,
Williamson County,US.IL.WS,80,3,
Auglaize County,US.OH.AU,80,3,
King George County,US.VA.KG,79,4,
Caldwell County,US.TX.CW,79,0,
Jefferson County,US.NY.JE,79,0,
Montcalm County,US.MI.MC,79,1,
DeKalb County,US.IN.DE,79,1,
Johnson County,US.MO.JO,78,0,
Humboldt County,US.NV.HU,78,4,
Otter Tail County,US.MN.OT,78,1,
Carlton County,US.MN.CL,78,0,
Anson County,US.NC.AN,78,1,
Clarke County,US.IA.CK,78,1,
Boone County,US.IA.BO,78,0,
Chaffee County,US.CO.CA,78,20,
Martin County,US.NC.MR,78,4,
Waller County,US.TX.WR,77,0,
La Crosse County,US.WI.LA,77,0,
Hardin County,US.OH.HD,77,3,
Somerset County,US.MD.SO,77,3,
Johnson County,US.GA.JH,77,2,
Lamar County,US.GA.LM,76,4,
Delta County,US.CO.DT,76,1,
Toombs County,US.GA.TM,76,4,
Ross County,US.OH.RO,75,2,
Washington County,US.GA.WG,75,1,
Grafton County,US.NH.GR,75,1,
Monroe County,US.TN.MR,75,4,
Perry County,US.MO.PR,75,0,
Otsego County,US.NY.OO,75,4,
Blount County,US.AL.BU,75,1,
Humphreys County,US.MS.HU,75,8,
Adair County,US.MO.AD,74,0,
Bremer County,US.IA.BR,74,6,
Jessamine County,US.KY.JS,74,0,
Union County,US.PA.UN,74,2,
Douglas County,US.KS.DG,74,0,
Caldwell Parish,US.LA.CW,74,1,
Cass County,US.IL.CS,74,0,
Calhoun County,US.MS.CN,74,4,
Cleburne County,US.AR.CB,74,4,
Cherokee County,US.SC.CK,74,5,
McDuffie County,US.GA.MU,73,5,
Henry County,US.IA.HE,73,2,
Hocking County,US.OH.HC,73,6,
Matagorda County,US.TX.MD,72,5,
Clinch County,US.GA.CC,72,2,
Madison County,US.FL.MD,71,3,
Butte County,US.CA.BU,71,1,
Green County,US.WI.GN,71,0,
Henderson County,US.TX.HD,71,3,
Wilkinson County,US.GA.WI,71,7,
Jackson County,US.OR.JA,71,0,
Henry County,US.IL.HY,71,0,
Cabell County,US.WV.CB,70,0,
Camden County,US.GA.CD,70,1,
Jasper County,US.MO.JS,70,0,
Belknap County,US.NH.BE,70,0,
Navarro County,US.TX.NV,70,2,
Chisago County,US.MN.CG,70,1,
Riley County,US.KS.RL,70,1,
Claiborne Parish,US.LA.CI,70,10,
Dyer County,US.TN.DY,70,0,
Madison County,US.KY.MD,70,1,
Oglethorpe County,US.GA.OG,70,7,
Holmes County,US.OH.HL,69,3,
Jefferson County,US.OH.JE,69,2,
Johnson County,US.AR.JO,69,0,
Sullivan County,US.MO.SV,68,0,
Bonneville County,US.ID.BV,68,0,
Monroe County,US.AL.MR,68,2,
Perry County,US.PA.PE,68,3,
Nevada County,US.AR.NV,68,0,
Taylor County,US.IA.TY,68,0,
Greene County,US.AR.GE,67,0,
Polk County,US.MN.PL,67,2,
Fairfax city,US.VA.FC,67,5,
Muskogee County,US.OK.MO,67,7,
Clinton County,US.IA.CN,67,1,
Sutter County,US.CA.SU,66,2,
Addison County,US.VT.AD,66,2,
Nye County,US.NV.NY,66,2,
Marathon County,US.WI.MH,66,1,
Crowley County,US.CO.CR,66,1,
Amite County,US.MS.AM,66,2,
Madison County,US.GA.MD,66,2,
Des Moines County,US.IA.DS,66,2,
La Salle Parish,US.LA.LA,66,0,
Bennington County,US.VT.BE,66,1,
Greer County,US.OK.GE,66,7,
Sullivan County,US.TN.SL,66,2,
Mississippi County,US.MO.MI,65,0,
Pulaski County,US.KY.PU,65,2,
Armstrong County,US.PA.AR,65,5,
Hood River County,US.OR.HO,65,0,
Cross County,US.AR.CO,65,0,
Rusk County,US.TX.RK,65,2,
Pottawatomie County,US.OK.PT,65,4,
Wayne County,US.TN.WY,64,0,
Huron County,US.OH.HU,64,1,
Mesa County,US.CO.ME,64,0,
Calhoun County,US.FL.CA,64,4,
Pike County,US.GA.PK,64,3,
Curry County,US.NM.CU,64,0,
Gibson County,US.TN.GB,64,1,
Benton County,US.OR.BE,63,5,
Person County,US.NC.PN,63,1,
Crawford County,US.MI.CF,63,5,
Stark County,US.ND.SR,63,2,
Haywood County,US.NC.HW,63,0,
Brantley County,US.GA.BA,63,2,
Lonoke County,US.AR.LO,63,0,
Pitkin County,US.CO.PI,62,2,
Atkinson County,US.GA.AT,62,2,
Edmonson County,US.KY.ED,62,11,
Pontotoc County,US.MS.PO,62,3,
Hamblen County,US.TN.HB,62,3,
Prentiss County,US.MS.PN,62,3,
Dickinson County,US.IA.DI,62,0,
Routt County,US.CO.RT,62,6,
Choctaw County,US.MS.CW,62,2,
Seneca County,US.NY.SC,61,1,
Vermilion Parish,US.LA.VM,61,4,
Union County,US.OH.UN,61,1,
Jackson County,US.KY.JA,61,13,
Clinton County,US.PA.CN,61,3,
Oconee County,US.SC.OC,61,0,
Hale County,US.TX.HE,61,4,
Polk County,US.TX.PK,61,0,
Kay County,US.OK.KA,60,7,
Shawano County,US.WI.SA,60,0,
Tunica County,US.MS.TU,60,3,
Morton County,US.ND.MR,60,2,
Lauderdale County,US.TN.LU,60,1,
Abbeville County,US.SC.AB,60,0,
Brown County,US.TX.BN,60,10,
Clark County,US.KY.CK,60,0,
Danville City,US.VA.DA,60,2,
Dixie County,US.FL.DI,60,2,
Hickman County,US.TN.HN,60,0,
Cambria County,US.PA.CI,60,2,
Hancock County,US.OH.HN,60,1,
Box Elder County,US.UT.BE,59,1,
Pulaski County,US.IL.PL,59,0,
Marquette County,US.MI.MQ,59,11,
Huron County,US.MI.HU,59,1,
Mifflin County,US.PA.MI,59,1,
Miller County,US.AR.ML,59,1,
Marion County,US.GA.MR,59,2,
Jay County,US.IN.JY,59,0,
Cheshire County,US.NH.CH,59,2,
Stewart County,US.GA.SW,59,1,
Chippewa County,US.WI.CH,59,0,
Screven County,US.GA.SR,59,3,
Berrien County,US.GA.BN,59,0,
Montezuma County,US.CO.MZ,58,3,
Jefferson County,US.OR.JE,58,0,
Williams County,US.OH.WI,58,1,
Waupaca County,US.WI.WP,58,1,
Fannin County,US.GA.FN,58,1,
Yankton County,US.SD.YA,58,0,
Washington County,US.VA.WG,57,4,
Starr County,US.TX.SR,57,0,
Itasca County,US.MN.IT,57,11,
Snyder County,US.PA.SN,57,1,
Rutland County,US.VT.RU,57,1,
Rio Arriba County,US.NM.RI,57,1,
Gooding County,US.ID.GO,57,0,
Cass County,US.NE.CS,57,0,
Madison County,US.AR.MD,57,0,
Randolph County,US.IN.RA,57,3,
Cook County,US.GA.CO,57,1,
Cole County,US.MO.CE,57,1,
Lawrence County,US.AL.LW,56,0,
Hamilton County,US.NE.HM,56,11,
Calloway County,US.KY.CW,56,1,
Falls Church city,US.VA.FU,56,7,
Haralson County,US.GA.HS,56,4,
Okanogan County,US.WA.OK,56,1,
Simpson County,US.KY.SI,56,3,
Barren County,US.KY.BN,56,2,
Thurston County,US.NE.TU,56,0,
St. Helena Parish,US.LA.SH,55,1,
Muskingum County,US.OH.MU,55,1,
Dodge County,US.MN.DD,55,0,
Socorro County,US.NM.SO,55,5,
Whitley County,US.IN.WL,55,3,
Morgan County,US.IL.MG,55,1,
Edgefield County,US.SC.ED,55,2,
Staunton city,US.VA.SU,55,0,
Burnet County,US.TX.BT,55,1,
Guthrie County,US.IA.GH,55,3,
Grayson County,US.VA.GY,55,1,
Conecuh County,US.AL.CO,55,1,
Franklin County,US.TN.FR,55,1,
Jackson County,US.NC.JA,55,1,
Windsor County,US.VT.WS,55,2,
Clay County,US.IN.CY,55,3,
Marion County,US.IL.MO,55,0,
Carter County,US.OK.CR,55,1,
Elbert County,US.CO.EB,54,2,
Cherokee County,US.TX.CK,54,2,
Barnwell County,US.SC.BN,54,1,
O'Brien County,US.IA.OB,54,0,
Gentry County,US.MO.GT,54,4,
Reno County,US.KS.RN,54,0,
Fayette County,US.WV.FA,54,4,
Schoharie County,US.NY.SO,54,2,
Saunders County,US.NE.SU,54,1,
Pickens County,US.GA.PE,53,4,
Blair County,US.PA.BL,53,1,
Dodge County,US.GA.DG,53,2,
Wood County,US.WV.WO,53,2,
Marion County,US.WV.MI,53,2,
Waldo County,US.ME.WL,53,14,
Montour County,US.PA.MO,53,0,
Wise County,US.TX.WE,53,4,
Chippewa County,US.MN.CP,53,1,
Obion County,US.TN.OB,53,1,
Jefferson County,US.GA.JR,52,1,
Red River Parish,US.LA.RE,52,7,
Perry County,US.AL.PE,52,0,
Essex County,US.VA.ES,52,0,
Washington County,US.IN.WS,52,1,
Greene County,US.TN.GE,52,2,
Pulaski County,US.IN.PL,52,1,
Ochiltree County,US.TX.OC,52,2,
Sabine Parish,US.LA.SB,52,0,
Bradford County,US.FL.BA,52,2,
Payne County,US.OK.PY,52,1,
Coffey County,US.KS.CF,52,8,
Cedar County,US.IA.CD,52,1,
Bleckley County,US.GA.BK,52,0,
Perry County,US.MS.PY,52,3,
Unicoi County,US.TN.UC,52,0,
Jefferson County,US.IN.JF,51,1,
Fulton County,US.OH.FU,51,0,
Fulton County,US.IN.FU,51,1,
Grant County,US.KY.GT,51,4,
Ohio County,US.WV.OH,51,1,
Jasper County,US.GA.JS,51,1,
Allegany County,US.NY.AL,51,2,
Morrison County,US.MN.MR,51,0,
Pierce County,US.WI.PI,51,0,
Wood County,US.TX.WO,51,4,
Lincoln County,US.NE.LI,50,2,
White County,US.AR.WH,50,1,
Anderson County,US.TN.AN,50,2,
Jasper County,US.SC.JA,50,2,
Waynesboro city,US.VA.WS,50,0,
Pittsylvania County,US.VA.PS,50,1,
Martinsville city,US.VA.MR,50,1,
Mineral County,US.WV.ML,50,1,
Union County,US.GA.UN,50,1,
Frio County,US.TX.FO,50,0,
Nevada County,US.CA.NE,50,1,
Nottoway County,US.VA.NY,50,0,
Le Sueur County,US.MN.LU,50,1,
Butler County,US.NE.BE,50,0,
Bannock County,US.ID.BO,49,1,
Carroll County,US.NH.CA,49,0,
Rush County,US.IN.RU,49,3,
Shelby County,US.OH.SH,49,3,
Jones County,US.GA.JE,49,0,
Clay County,US.GA.CY,49,2,
Gallatin County,US.KY.GL,49,6,
Stutsman County,US.ND.SU,49,0,
Sharp County,US.AR.SH,49,3,
Fannin County,US.TX.FI,49,2,
Moniteau County,US.MO.ME,49,1,
Jefferson County,US.MS.JF,49,1,
Chaves County,US.NM.CH,48,2,
Douglas County,US.MN.DU,48,0,
Polk County,US.NC.PO,48,4,
Clearfield County,US.PA.CF,48,0,
Clinton County,US.OH.CI,48,0,
Dunklin County,US.MO.DU,48,2,
Williamsburg City,US.VA.WL,48,5,
Wyandot County,US.OH.WD,48,2,
Grant Parish,US.LA.GR,48,1,
Coshocton County,US.OH.CS,48,0,
Jeff Davis County,US.GA.JF,48,1,
Seminole County,US.GA.SI,47,2,
Shasta County,US.CA.SH,47,4,
Columbia County,US.WI.CO,47,1,
Rio Grande County,US.CO.RG,47,0,
Gila County,US.AZ.GI,47,0,
Taylor County,US.FL.TA,47,0,
Meeker County,US.MN.ME,47,1,
Del Norte County,US.CA.DE,47,0,
Yuma County,US.CO.YU,47,0,
Perry County,US.IN.PE,47,1,
Powhatan County,US.VA.PH,47,0,
Pulaski County,US.GA.PL,46,2,
Washington County,US.ID.WA,46,0,
Huntington County,US.IN.HU,46,2,
Jasper County,US.IL.JS,46,7,
Klamath County,US.OR.KL,46,0,
Bradford County,US.PA.BF,46,3,
Logan County,US.OH.LG,46,0,
Benton County,US.IA.BN,46,1,
Kearny County,US.KS.KE,46,0,
Cherokee County,US.IA.CE,46,0,
Barton County,US.KS.BT,46,2,
Starke County,US.IN.SR,46,3,
Geneva County,US.AL.GE,46,0,
Miller County,US.GA.ML,45,0,
Clatsop County,US.OR.CT,45,0,
Polk County,US.AR.PL,45,0,
Clark County,US.WI.CL,45,4,
Cumberland County,US.VA.CU,45,0,
San Augustine County,US.TX.SG,45,4,
Macoupin County,US.IL.MP,45,2,
McLeod County,US.MN.MC,45,0,
Hampton County,US.SC.HA,45,1,
Marion County,US.TN.MI,45,1,
Gage County,US.NE.GG,45,4,
Roosevelt County,US.NM.RO,45,0,
Dawson County,US.TX.DW,45,1,
Bedford County,US.PA.BO,45,2,
Nelson County,US.KY.NE,45,1,
Becker County,US.MN.BC,45,0,
Wilson County,US.TX.WS,45,5,
Adams County,US.IL.AD,45,1,
Guernsey County,US.OH.GU,44,2,
Poinsett County,US.AR.PN,44,2,
Hutchinson County,US.TX.UT,44,0,
New Kent County,US.VA.NK,44,1,
Ward County,US.ND.WR,44,1,
Greene County,US.VA.GE,44,1,
Monroe County,US.IA.MR,44,6,
Talbot County,US.GA.TB,44,2,
Greene County,US.MS.GE,44,2,
White County,US.TN.WH,44,0,
Washington County,US.CO.WA,43,0,
Fayette County,US.OH.FY,43,0,
Beaufort County,US.NC.BA,43,0,
Wells County,US.IN.WE,43,0,
Crawford County,US.AR.CW,43,0,
Codington County,US.SD.CD,43,0,
Vermilion County,US.IL.VE,43,1,
Pittsburg County,US.OK.PI,43,3,
Isanti County,US.MN.IS,43,0,
Dade County,US.GA.DD,43,1,
Howard County,US.NE.HW,43,4,
Alexander County,US.NC.AE,43,0,
Mountrail County,US.ND.MU,43,0,
Trempealeau County,US.WI.TR,43,0,
Stephens County,US.OK.ST,43,1,
Franklin city,US.VA.FR,42,2,
Willacy County,US.TX.WY,42,2,
Dukes County,US.MA.DU,42,0,
Jackson County,US.MN.JA,42,0,
Perry County,US.IL.PY,42,0,
Sanilac County,US.MI.SL,42,6,
Woodford County,US.KY.WO,42,0,
Oconto County,US.WI.OC,42,0,
Cortland County,US.NY.CD,42,1,
Todd County,US.SD.TO,42,1,
Cherokee County,US.AL.CH,42,4,
Tishomingo County,US.MS.TS,42,0,
Graham County,US.AZ.GA,42,2,
Atascosa County,US.TX.AT,42,2,
Union County,US.SC.UN,41,0,
Boyd County,US.KY.BD,41,3,
Brunswick County,US.VA.BU,41,1,
San Patricio County,US.TX.SP,41,0,
Franklin County,US.VA.FN,41,1,
DeKalb County,US.TN.DE,41,0,
Osceola County,US.IA.OS,41,0,
Calhoun County,US.TX.CU,41,3,
Salem city,US.VA.SE,41,3,
Clark County,US.AR.CK,41,0,
Madison County,US.VA.MD,41,1,
Murray County,US.MN.MU,41,0,
Montgomery County,US.IL.MT,41,1,
Big Horn County,US.MT.BI,41,1,
Ashe County,US.NC.AS,41,0,
Lawrence County,US.TN.LW,41,0,
Coosa County,US.AL.CS,40,1,
Bryan County,US.OK.BR,40,1,
Hardy County,US.WV.HD,40,0,
Oglala Lakota County,US.SD.SH,40,0,
Jefferson County,US.IA.JE,40,0,
Putnam County,US.WV.PU,40,0,
Butler County,US.KS.BU,40,0,
McDonald County,US.MO.MA,40,0,
Essex County,US.NY.ES,40,0,
Carteret County,US.NC.CE,40,3,
Van Zandt County,US.TX.VN,40,1,
Morgan County,US.GA.MO,40,0,
Harrison County,US.WV.HR,40,1,
Botetourt County,US.VA.BO,40,4,
St. Francois County,US.MO.SF,40,2,
Jenkins County,US.GA.JK,40,5,
Missoula County,US.MT.MS,40,1,
Manitowoc County,US.WI.MW,40,1,
Carroll County,US.AR.CL,40,1,
Hart County,US.GA.HT,39,0,
Telfair County,US.GA.TF,39,1,
Washakie County,US.WY.WA,39,3,
Jerauld County,US.SD.JE,39,1,
Clay County,US.SD.CY,39,0,
Pulaski County,US.MO.PA,39,1,
Shelby County,US.IA.SH,39,0,
Butler County,US.MO.BE,39,0,
Somerset County,US.PA.SO,39,1,
Hopkins County,US.TX.HP,39,0,
Door County,US.WI.DO,39,3,
Heard County,US.GA.HD,39,3,
Mason County,US.WA.MA,39,1,
Portage County,US.WI.PT,39,0,
Vernon Parish,US.LA.VN,39,3,
Allendale County,US.SC.AL,39,3,
Sullivan County,US.IN.SU,39,1,
Roberts County,US.SD.RO,39,0,
Washington County,US.VT.WA,39,1,
Preble County,US.OH.PR,39,1,
Yates County,US.NY.YA,39,6,
Scott County,US.KY.SC,38,0,
Eddy County,US.NM.ED,38,1,
Franklin County,US.KS.FR,38,0,
Defiance County,US.OH.DF,38,2,
Fayette County,US.TX.FT,38,2,
Pike County,US.KY.PI,38,2,
Mason County,US.MI.MN,38,0,
Wythe County,US.VA.WY,38,1,
Lake County,US.CO.LK,38,0,
Douglas County,US.NV.DO,38,0,
Arenac County,US.MI.AR,38,1,
Jones County,US.IA.JN,38,0,
Union County,US.FL.UN,38,1,
Cherokee County,US.OK.CK,37,1,
Marshall County,US.TN.MS,37,1,
Marshall County,US.KY.MH,37,2,
Pennington County,US.MN.PI,37,0,
Marinette County,US.WI.MT,37,3,
Kewaunee County,US.WI.KW,37,1,
Camden County,US.MO.CM,37,1,
Marion County,US.IA.MI,37,0,
Mono County,US.CA.MO,37,1,
Matanuska-Susitna Borough,US.AK.MA,37,1,
Teller County,US.CO.TE,37,2,
Flathead County,US.MT.FL,37,2,
Watauga County,US.NC.WT,37,0,
Smith County,US.TN.SH,37,1,
Lewis County,US.WA.LE,37,3,
Klickitat County,US.WA.KL,37,3,
Baker County,US.GA.BR,36,3,
Owen County,US.IN.OW,36,1,
Wyoming County,US.PA.WM,36,7,
Franklin County,US.ME.FR,36,1,
York County,US.NE.YO,36,0,
Mendocino County,US.CA.MI,36,0,
Marion County,US.KY.MN,36,0,
Carroll County,US.OH.CO,36,3,
Bamberg County,US.SC.BM,36,0,
Washington County,US.NE.WS,36,1,
Clay County,US.IA.CY,36,0,
Merrick County,US.NE.ME,36,0,
Charlton County,US.GA.CT,36,1,
Castro County,US.TX.AS,36,1,
Independence County,US.AR.IN,36,0,
Newton County,US.MO.NT,36,1,
Haywood County,US.TN.HY,35,2,
Overton County,US.TN.OV,35,0,
Tallahatchie County,US.MS.TL,35,1,
Burleson County,US.TX.BU,35,0,
Ottawa County,US.OK.OT,35,2,
Milam County,US.TX.MI,35,1,
Uinta County,US.WY.UI,35,0,
Mayes County,US.OK.MY,35,4,
Livingston County,US.IL.LI,35,2,
Grand Traverse County,US.MI.GN,35,5,
Clarke County,US.VA.CK,35,0,
City and Borough of Juneau,US.AK.JU,35,0,
Custer County,US.OK.CU,35,0,
Christian County,US.IL.CI,35,4,
Lafayette County,US.WI.LF,35,0,
Campbell County,US.WY.CM,35,0,
Wakulla County,US.FL.WK,35,1,
Upshur County,US.TX.US,35,0,
Lanier County,US.GA.LI,35,2,
Howard County,US.AR.HW,35,0,
Brown County,US.IN.BR,35,1,
Forest County,US.WI.FR,34,2,
Hot Spring County,US.AR.HT,34,0,
Polk County,US.WI.PL,34,1,
Emmet County,US.IA.EM,34,0,
Franklin County,US.IA.FN,34,0,
Wasco County,US.OR.WC,34,1,
Clayton County,US.IA.CT,34,3,
Champaign County,US.OH.CH,34,1,
Tattnall County,US.GA.TT,34,0,
Torrance County,US.NM.TO,34,1,
Ashley County,US.AR.AS,34,0,
Emanuel County,US.GA.EM,34,2,
Webster County,US.KY.WE,34,0,
Hawkins County,US.TN.HW,34,2,
Cuming County,US.NE.CM,34,0,
Buchanan County,US.IA.BC,34,1,
Lincoln County,US.ID.LI,34,0,
Custer County,US.NE.CU,34,4,
Limestone County,US.TX.LO,34,1,
Pawnee County,US.OK.PW,34,2,
Wilkes County,US.GA.WS,34,1,
Sweetwater County,US.WY.SW,34,0,
Irwin County,US.GA.IR,34,1,
Kendall County,US.TX.KD,33,0,
Knox County,US.IN.KN,33,0,
Jo Daviess County,US.IL.JO,33,1,
Henry County,US.TN.HR,33,0,
Sac County,US.IA.SA,33,0,
Malheur County,US.OR.ML,33,1,
Stone County,US.MS.ST,33,0,
Lincoln County,US.TN.LI,33,0,
Lee County,US.IA.LE,33,0,
Hempstead County,US.AR.HE,33,1,
Elmore County,US.ID.EL,33,2,
Lea County,US.NM.LE,33,0,
Amelia County,US.VA.AI,33,1,
Benton County,US.IN.BE,33,0,
Hardin County,US.IA.HD,33,0,
Gloucester County,US.VA.GL,33,1,
Clark County,US.KS.CA,33,0,
Iowa County,US.IA.IO,33,0,
McPherson County,US.KS.MP,33,0,
Andrew County,US.MO.AN,33,0,
Hampshire County,US.WV.HM,33,1,
Appomattox County,US.VA.AP,33,0,
Waseca County,US.MN.WE,32,0,
Callaway County,US.MO.CA,32,1,
Coos County,US.OR.CO,32,0,
Mason County,US.TX.MA,32,0,
Dixon County,US.NE.DI,32,1,
Warren County,US.TN.WR,32,0,
Grundy County,US.TN.GU,32,1,
Brown County,US.OH.BR,32,1,
Washington County,US.NC.WI,32,3,
Bradley County,US.AR.BR,32,1,
Halifax County,US.VA.HL,32,1,
King William County,US.VA.KW,32,0,
Cerro Gordo County,US.IA.CG,32,1,
Quitman County,US.MS.QU,32,0,
Russell County,US.KY.RU,32,4,
Marshall County,US.WV.MH,32,0,
Cass County,US.TX.CS,32,1,
Yuba County,US.CA.YU,32,1,
George County,US.MS.GR,32,2,
Pottawatomie County,US.KS.PT,31,0,
Wayne County,US.GA.WY,31,0,
Jefferson County,US.WA.JE,31,0,
Jefferson County,US.FL.JE,31,4,
Crawford County,US.PA.CW,31,0,
Wabaunsee County,US.KS.WB,31,0,
Saline County,US.KS.SA,31,2,
Jasper County,US.TX.JR,31,1,
Crawford County,US.GA.CW,31,0,
Garfield County,US.OK.GF,31,1,
Towns County,US.GA.TW,31,1,
Austin County,US.TX.AU,31,0,
Taos County,US.NM.TA,31,0,
Oxford County,US.ME.OX,31,0,
Ogemaw County,US.MI.OG,31,2,
Jefferson County,US.TN.JE,31,0,
Hood County,US.TX.HO,31,4,
Seminole County,US.OK.SM,30,2,
Lake County,US.CA.LK,30,0,
Richland County,US.ND.RI,30,0,
Montgomery County,US.KY.MM,30,0,
Kalkaska County,US.MI.KK,30,2,
Meade County,US.KS.ME,30,0,
Kit Carson County,US.CO.KT,30,3,
Phillips County,US.AR.PH,30,1,
Davison County,US.SD.DV,30,0,
Warren County,US.MO.WR,30,0,
Alleghany County,US.NC.AL,30,0,
Holmes County,US.FL.HO,30,0,
Hill County,US.TX.HI,30,1,
Van Buren County,US.AR.VA,30,2,
Highland County,US.OH.HI,30,1,
Hardin County,US.TN.HI,30,2,
Clay County,US.AL.CY,30,2,
Lawrence County,US.OH.LW,30,0,
Sagadahoc County,US.ME.SA,30,0,
Okmulgee County,US.OK.OM,29,0,
Toole County,US.MT.TO,29,6,
Seward County,US.NE.SA,29,1,
Blackford County,US.IN.BL,29,2,
Douglas County,US.IL.DO,29,0,
Buffalo County,US.SD.BF,29,0,
Lamoille County,US.VT.LA,29,1,
Franklin County,US.MS.FR,29,2,
Lamar County,US.AL.LM,29,0,
Douglas County,US.OR.DO,29,0,
Dunn County,US.WI.DN,29,0,
Madison County,US.IA.MD,29,2,
Knox County,US.OH.KN,29,1,
Davis County,US.IA.DV,29,1,
Charlotte County,US.VA.CT,29,0,
Baker County,US.FL.BK,29,4,
Stevens County,US.KS.SV,29,0,
Dallam County,US.TX.DL,29,0,
Jackson County,US.OK.JA,29,3,
Erath County,US.TX.ER,29,1,
Clarion County,US.PA.CL,29,2,
Aurora County,US.SD.AU,29,0,
Sherman County,US.TX.SN,28,0,
Harrison County,US.KY.HS,28,0,
Otero County,US.NM.OT,28,4,
Seneca County,US.OH.SE,28,2,
Little River County,US.AR.LT,28,0,
Carroll County,US.TN.CR,28,1,
Charles City County,US.VA.CC,28,2,
Patrick County,US.VA.PK,28,0,
Pulaski County,US.VA.PU,28,1,
Greene County,US.PA.GR,28,0,
Pike County,US.MO.PI,28,1,
Crane County,US.TX.CR,28,5,
Christian County,US.MO.CT,28,0,
Boyle County,US.KY.BE,28,0,
Fayette County,US.IA.FT,28,0,
Monona County,US.IA.MO,27,0,
Crawford County,US.IN.CW,27,0,
Morris County,US.TX.MR,27,0,
Elko County,US.NV.EL,27,1,
Monroe County,US.KY.MO,27,0,
Donley County,US.TX.DO,27,0,
Tipton County,US.IN.TT,27,1,
Andrews County,US.TX.AR,27,0,
Madison County,US.ID.MA,27,0,
Beaver County,US.OK.BA,27,0,
Chattooga County,US.GA.CG,27,2,
Wise County,US.VA.WI,27,2,
Rabun County,US.GA.RB,27,1,
Hockley County,US.TX.HC,27,1,
Amherst County,US.VA.AH,27,0,
Meigs County,US.TN.ME,27,0,
Lyman County,US.SD.LY,27,0,
Clallam County,US.WA.CL,27,0,
Harrison County,US.IA.HR,27,0,
Wayne County,US.NE.WY,26,0,
Lyon County,US.IA.LY,26,0,
Chicot County,US.AR.CT,26,0,
Cheboygan County,US.MI.CY,26,1,
Jersey County,US.IL.JR,26,1,
Lee County,US.TX.LE,26,2,
Randolph County,US.AR.RA,26,0,
Cowley County,US.KS.CL,26,1,
Colorado County,US.TX.CO,26,0,
Scurry County,US.TX.SU,26,0,
Emmet County,US.MI.EM,26,2,
Hart County,US.KY.HT,26,0,
Payette County,US.ID.PA,26,2,
Bailey County,US.TX.BY,26,0,
Alleghany County,US.VA.AL,26,2,
Weakley County,US.TN.WE,26,0,
Columbia County,US.AR.CI,26,2,
Crawford County,US.WI.CR,26,0,
Meade County,US.SD.MD,26,1,
Fremont County,US.CO.FR,26,0,
Perquimans County,US.NC.PQ,25,2,
Jones County,US.NC.JN,25,3,
Spencer County,US.KY.SP,25,0,
Albany County,US.WY.AL,25,0,
Northumberland County,US.VA.NU,25,1,
Anderson County,US.KY.AN,25,1,
Humboldt County,US.IA.HU,25,1,
Williams County,US.ND.WI,25,0,
Ashland County,US.OH.AL,25,0,
Hamilton County,US.KS.HM,25,0,
Faribault County,US.MN.FA,25,0,
Preston County,US.WV.PR,24,2,
Bee County,US.TX.BE,24,0,
Mecosta County,US.MI.MT,24,2,
Perry County,US.TN.PE,24,0,
Somerset County,US.ME.SO,24,0,
Roscommon County,US.MI.RO,24,0,
Converse County,US.WY.CE,24,0,
Winneshiek County,US.IA.WH,24,0,
Ray County,US.MO.RY,24,0,
Nowata County,US.OK.NW,24,1,
Henry County,US.KY.HY,24,1,
Turner County,US.SD.TU,24,0,
Mille Lacs County,US.MN.MI,24,1,
Polk County,US.TN.PO,24,0,
Brookings County,US.SD.BK,24,0,
Clay County,US.NE.CL,24,0,
Fountain County,US.IN.FO,23,2,
King and Queen County,US.VA.KA,23,1,
Adams County,US.IN.AD,23,1,
San Miguel County,US.CO.SM,23,0,
Todd County,US.KY.TO,23,0,
Park County,US.CO.PA,23,0,
Calhoun County,US.SC.CH,23,1,
Rock County,US.MN.RC,23,0,
Jefferson County,US.KS.JF,23,0,
Green Lake County,US.WI.GL,23,0,
Bingham County,US.ID.BG,23,0,
Cannon County,US.TN.CN,23,0,
Clare County,US.MI.CE,23,2,
Taylor County,US.GA.TY,23,2,
New Madrid County,US.MO.NW,23,1,
Meade County,US.KY.MA,23,2,
Gates County,US.NC.GT,23,1,
Franklin County,US.NY.FR,23,0,
Josephine County,US.OR.JO,23,1,
Tillman County,US.OK.TI,23,1,
Labette County,US.KS.LB,23,0,
Juneau County,US.WI.JU,23,1,
McNairy County,US.TN.MA,23,0,
DeWitt County,US.TX.DE,23,1,
Alcorn County,US.MS.AL,23,1,
Atchison County,US.KS.AT,23,0,
Swain County,US.NC.SW,23,0,
Roane County,US.TN.RA,23,0,
Hancock County,US.IA.HN,22,0,
McLean County,US.KY.ML,22,1,
Franklin County,US.TX.FK,22,0,
Lincoln County,US.OK.LI,22,2,
Cocke County,US.TN.CE,22,0,
Vernon County,US.WI.VE,22,0,
Otero County,US.CO.OT,22,1,
Perry County,US.KY.PR,22,0,
Laurel County,US.KY.LU,22,2,
Spencer County,US.IN.SP,22,1,
Haskell County,US.KS.HS,22,0,
Missaukee County,US.MI.MU,22,1,
Lucas County,US.IA.LU,22,2,
Grant County,US.AR.GN,22,0,
Menard County,US.IL.MN,22,0,
Lander County,US.NV.LA,22,0,
Woodford County,US.IL.WO,22,2,
Johnson County,US.TN.JO,22,0,
Dare County,US.NC.DE,22,1,
Gray County,US.KS.GY,22,0,
Inyo County,US.CA.IN,22,1,
Yancey County,US.NC.YN,21,0,
Stanton County,US.NE.ST,21,0,
Vinton County,US.OH.VI,21,2,
Sequatchie County,US.TN.SQ,21,0,
Hughes County,US.SD.HG,21,0,
Beltrami County,US.MN.BT,21,0,
Sullivan County,US.NH.SU,21,1,
Knox County,US.ME.KN,21,1,
Geary County,US.KS.GE,21,1,
Drew County,US.AR.DR,21,1,
Gibson County,US.IN.GI,21,2,
Calaveras County,US.CA.CA,21,0,
Kauai County,US.HI.KU,21,0,
Logan County,US.OK.LG,21,1,
Bureau County,US.IL.BU,21,1,
Cherokee County,US.NC.CO,21,1,
Perry County,US.OH.PE,21,1,
Fayette County,US.AL.FA,21,0,
Fayette County,US.IL.FA,21,3,
Mills County,US.IA.ML,21,0,
Pocahontas County,US.WV.PO,21,0,
Pocahontas County,US.IA.PC,21,0,
Switzerland County,US.IN.SW,21,0,
Glenn County,US.CA.GL,21,0,
Tensas Parish,US.LA.TN,21,0,
Ford County,US.IL.FO,21,1,
Val Verde County,US.TX.VL,21,0,
Alcona County,US.MI.AC,20,1,
Garvin County,US.OK.GV,20,1,
Charles Mix County,US.SD.CH,20,0,
Lewis County,US.NY.LE,20,5,
Pontotoc County,US.OK.PN,20,2,
Desha County,US.AR.DE,20,0,
Montgomery County,US.KS.MG,20,2,
Phelps County,US.NE.PH,20,0,
Delaware County,US.IA.DA,20,1,
Kleberg County,US.TX.KL,20,1,
Fillmore County,US.MN.FI,20,0,
Delta County,US.MI.DE,20,2,
Whitman County,US.WA.WI,20,0,
Barron County,US.WI.BR,20,0,
Logan County,US.WV.LO,20,1,
Douglas County,US.WI.DG,20,0,
Hancock County,US.WV.HN,20,0,
Hansford County,US.TX.HF,20,2,
Lincoln County,US.ME.LI,20,0,
Guadalupe County,US.NM.GU,20,0,
Grundy County,US.IA.GN,20,0,
Doniphan County,US.KS.DP,20,0,
Wabasha County,US.MN.WB,20,0,
Love County,US.OK.LV,20,0,
Cooke County,US.TX.OO,20,0,
Campbell County,US.VA.CM,20,1,
Kerr County,US.TX.KR,20,1,
Bourbon County,US.KY.BU,19,1,
Scioto County,US.OH.SC,19,0,
Twiggs County,US.GA.TG,19,1,
Swift County,US.MN.SW,19,1,
Parke County,US.IN.PA,19,0,
Cleburne County,US.AL.CB,19,1,
Sibley County,US.MN.SI,19,1,
Cleveland County,US.AR.CV,19,0,
Clinton County,US.MO.CO,19,0,
Charlevoix County,US.MI.CV,19,1,
Asotin County,US.WA.AS,19,2,
Carter County,US.TN.CT,19,1,
San Jacinto County,US.TX.SJ,19,0,
Breckinridge County,US.KY.BC,19,2,
Tioga County,US.PA.TI,19,2,
Moody County,US.SD.MO,19,0,
Warren County,US.GA.WR,19,0,
Giles County,US.TN.GL,19,0,
Henry County,US.OH.HE,19,0,
Gilchrist County,US.FL.GI,19,0,
Lewis and Clark County,US.MT.LE,19,0,
Lavaca County,US.TX.LA,19,1,
Grays Harbor County,US.WA.GY,19,0,
Morgan County,US.WV.MA,19,0,
Gladwin County,US.MI.GL,19,1,
Nemaha County,US.KS.NM,19,0,
Floyd County,US.IA.FL,19,1,
Washington County,US.IL.WG,19,0,
Jackson County,US.TN.JA,19,0,
Jackson County,US.TX.JA,19,1,
Jackson County,US.WI.JA,19,1,
Monroe County,US.WI.MO,19,1,
Rockbridge County,US.VA.RB,18,0,
Long County,US.GA.LG,18,1,
Campbell County,US.TN.CM,18,1,
Buchanan County,US.VA.BH,18,0,
Webster County,US.MO.WE,18,0,
Carroll County,US.IL.CL,18,2,
Marion County,US.TX.MN,18,1,
Raleigh County,US.WV.RL,18,0,
Mason County,US.IL.MS,18,0,
Osceola County,US.MI.OE,18,0,
McKenzie County,US.ND.MK,18,0,
Mercer County,US.IL.ME,18,0,
Morgan County,US.TN.MG,18,0,
Hancock County,US.IL.HC,18,1,
Lunenburg County,US.VA.LN,18,0,
Sheridan County,US.WY.SH,18,0,
Johnson County,US.WY.JO,18,1,
Schley County,US.GA.SY,18,1,
Swisher County,US.TX.SW,18,1,
Sequoyah County,US.OK.SQ,18,3,
Athens County,US.OH.AS,18,1,
Humphreys County,US.TN.HU,17,1,
Treutlen County,US.GA.TE,17,0,
Carter County,US.KY.CR,17,0,
Cascade County,US.MT.CS,17,2,
Gem County,US.ID.GE,17,0,
Nelson County,US.VA.NL,17,0,
Chowan County,US.NC.CW,17,0,
Trinity County,US.TX.TR,17,0,
Uvalde County,US.TX.UV,17,0,
Izard County,US.AR.IZ,17,1,
Floyd County,US.KY.FO,17,0,
Clear Creek County,US.CO.CL,17,1,
Columbia County,US.OR.CL,17,0,
Posey County,US.IN.PS,17,0,
Lamb County,US.TX.LB,17,0,
Robertson County,US.TX.RO,17,0,
Carroll County,US.IA.CL,17,1,
Benewah County,US.ID.BA,17,0,
Lincoln County,US.GA.LC,17,1,
Lyon County,US.KY.LY,17,3,
Grant County,US.KS.GT,17,1,
Brown County,US.MN.BR,17,2,
Le Flore County,US.OK.LE,16,1,
McIntosh County,US.GA.MH,16,1,
Butler County,US.IA.BE,16,1,
Iowa County,US.WI.IO,16,0,
Floyd County,US.TX.FY,16,0,
Sanpete County,US.UT.SP,16,0,
San Miguel County,US.NM.SM,16,0,
Jackson County,US.OH.JA,16,0,
Ketchikan Gateway Borough,US.AK.KG,16,0,
Boone County,US.WV.BN,16,0,
Montgomery County,US.GA.MM,16,0,
Venango County,US.PA.VE,16,0,
Conway County,US.AR.CN,16,1,
Shelby County,US.IL.SB,16,1,
Norman County,US.MN.NR,16,0,
Caledonia County,US.VT.CA,16,0,
Fulton County,US.PA.FU,16,1,
Appanoose County,US.IA.AP,16,3,
Prowers County,US.CO.PR,16,0,
Benton County,US.MS.BE,16,0,
Page County,US.IA.PG,16,0,
Kossuth County,US.IA.KO,16,0,
Mariposa County,US.CA.MP,16,1,
Transylvania County,US.NC.TR,16,1,
Rappahannock County,US.VA.RP,16,0,
Henderson County,US.TN.HS,16,0,
Madison County,US.TX.AD,16,0,
Grainger County,US.TN.GA,16,0,
Carbon County,US.WY.CB,16,1,
Carroll County,US.KY.CL,16,0,
Walsh County,US.ND.WL,16,0,
Jefferson County,US.PA.JE,16,0,
Crockett County,US.TN.CK,16,3,
Craig County,US.OK.CG,16,0,
Chickasaw County,US.IA.CC,15,0,
Smyth County,US.VA.SM,15,0,
Lincoln County,US.WY.LI,15,0,
Taylor County,US.KY.TA,15,1,
Candler County,US.GA.CR,15,0,
Perry County,US.AR.PY,15,0,
Grand County,US.CO.GR,15,0,
Wheeler County,US.GA.WL,15,0,
Scott County,US.KS.SC,15,0,
Howard County,US.TX.HW,15,1,
Union County,US.KY.UN,15,0,
Wheeler County,US.TX.WL,15,0,
Mason County,US.WV.MN,15,0,
Ida County,US.IA.ID,15,0,
Phillips County,US.CO.PH,15,0,
Alexander County,US.IL.AL,15,0,
Sabine County,US.TX.SB,15,1,
Martin County,US.IN.MN,15,0,
Grant County,US.NM.GR,15,0,
Mercer County,US.KY.MC,15,0,
Currituck County,US.NC.CI,15,0,
Keokuk County,US.IA.KE,15,0,
Webster County,US.GA.WT,14,1,
Bracken County,US.KY.BK,14,0,
Traill County,US.ND.TR,14,0,
Grant County,US.WV.GA,14,0,
Whitley County,US.KY.WH,14,0,
Quitman County,US.GA.QU,14,1,
Wexford County,US.MI.WE,14,3,
Middlesex County,US.VA.MI,14,0,
Lincoln County,US.KY.LN,14,1,
Howell County,US.MO.HW,14,0,
Claiborne County,US.TN.CI,14,0,
Ravalli County,US.MT.RA,14,0,
McIntosh County,US.OK.MI,14,1,
Siskiyou County,US.CA.SK,14,0,
Jackson County,US.IA.JC,14,0,
Nodaway County,US.MO.NO,14,0,
Wright County,US.MO.WG,14,0,
Paulding County,US.OH.PA,14,0,
Greene County,US.IA.GE,14,0,
Tyler County,US.TX.TY,14,0,
San Juan County,US.WA.SA,14,0,
Pipestone County,US.MN.PS,14,0,
Greenup County,US.KY.GU,14,0,
Morgan County,US.UT.MN,14,0,
Richland County,US.WI.RI,14,4,
Logan County,US.AR.LG,14,0,
Pendleton County,US.KY.PN,14,0,
Stewart County,US.TN.SA,14,0,
Fentress County,US.TN.FE,13,0,
Benton County,US.MO.BN,13,0,
Taney County,US.MO.TA,13,2,
Scott County,US.TN.SC,13,0,
Day County,US.SD.DY,13,0,
Antrim County,US.MI.AN,13,0,
Orleans County,US.VT.OL,13,0,
Morrow County,US.OR.MO,13,0,
Mercer County,US.WV.MR,13,0,
McKean County,US.PA.MC,13,1,
Johnson County,US.IL.JH,13,0,
Waushara County,US.WI.WS,13,0,
Sevier County,US.UT.SE,13,0,
Cass County,US.IA.CS,13,0,
Washington County,US.MO.WS,13,1,
Mitchell County,US.NC.MI,13,0,
Moultrie County,US.IL.MI,13,0,
Calhoun County,US.IA.CO,13,0,
Palo Pinto County,US.TX.PO,13,2,
Pamlico County,US.NC.PM,13,0,
Grant County,US.SD.GA,13,0,
Baxter County,US.AR.BA,13,0,
Schuyler County,US.IL.SU,13,0,
Mason County,US.KY.MS,13,0,
Oneida County,US.WI.ON,13,0,
Nantucket County,US.MA.NA,13,1,
Ohio County,US.IN.OH,13,0,
Warren County,US.IN.WN,13,1,
Lake County,US.SD.LK,13,1,
Stevens County,US.WA.ST,13,1,
Pendleton County,US.WV.PE,13,1,
Ballard County,US.KY.BA,13,0,
Audubon County,US.IA.AU,13,1,
Falls County,US.TX.FL,13,0,
Terry County,US.TX.TE,13,0,
Gosper County,US.NE.GO,13,0,
Harvey County,US.KS.HV,13,2,
Jim Wells County,US.TX.JW,13,0,
Aitkin County,US.MN.AI,13,0,
Carbon County,US.UT.CR,13,0,
Rockcastle County,US.KY.RC,13,0,
McCreary County,US.KY.MR,13,0,
Hancock County,US.ME.HA,12,1,
Polk County,US.NE.PO,12,0,
Kanabec County,US.MN.KA,12,1,
Freestone County,US.TX.FE,12,0,
Bond County,US.IL.BN,12,1,
Manistee County,US.MI.ME,12,0,
Kearney County,US.NE.KA,12,0,
Marshall County,US.MN.MS,12,0,
Lafayette County,US.FL.LF,12,0,
Chester County,US.TN.CS,12,0,
Schuyler County,US.NY.SU,12,0,
Howard County,US.IA.HO,12,0,
Baca County,US.CO.BA,12,0,
Fulton County,US.KY.FU,12,0,
Franklin County,US.IL.FR,12,0,
Clark County,US.IL.CK,12,0,
Bates County,US.MO.BS,12,1,
Lawrence County,US.SD.LW,12,0,
Winnebago County,US.IA.WB,12,0,
Zapata County,US.TX.ZP,12,0,
Vernon County,US.MO.VE,12,0,
Hot Springs County,US.WY.HO,12,0,
Trigg County,US.KY.TG,12,0,
Ste. Genevieve County,US.MO.SG,12,1,
Hartley County,US.TX.HL,12,2,
Luna County,US.NM.LU,12,1,
Sanborn County,US.SD.SA,12,0,
Buena Vista city,US.VA.BE,12,0,
Grand County,US.UT.GR,12,0,
Zavala County,US.TX.ZV,12,0,
Comanche County,US.TX.CE,12,1,
Ellis County,US.KS.EL,12,0,
Uintah County,US.UT.UN,12,0,
Caldwell County,US.KY.CD,12,0,
Kingfisher County,US.OK.KN,12,0,
Ouachita County,US.AR.OU,12,0,
Henry County,US.MO.HE,12,3,
Leelanau County,US.MI.LE,12,0,
Big Stone County,US.MN.BI,12,0,
Union County,US.IN.UN,12,0,
Wabash County,US.IL.WB,12,0,
Montgomery County,US.MO.MM,12,0,
Wood County,US.WI.WO,12,1,
Adams County,US.OH.AD,11,1,
Juab County,US.UT.JU,11,0,
Larue County,US.KY.LR,11,0,
Rowan County,US.KY.RW,11,0,
Cass County,US.MN.CS,11,2,
Wilkin County,US.MN.WL,11,3,
Crawford County,US.IL.CW,11,0,
Presque Isle County,US.MI.PR,11,0,
Knox County,US.NE.KN,11,0,
Ripley County,US.MO.RI,11,0,
McCormick County,US.SC.MC,11,1,
Silver Bow County,US.MT.SI,11,0,
Otoe County,US.NE.OT,11,0,
Tehama County,US.CA.TE,11,1,
Stone County,US.AR.ST,11,0,
Reeves County,US.TX.RE,11,0,
Dunn County,US.ND.DU,11,0,
Marshall County,US.OK.MH,11,0,
Leon County,US.TX.LN,11,0,
Fulton County,US.IL.FU,11,0,
Ransom County,US.ND.RN,11,0,
Morrill County,US.NE.MO,11,0,
Potter County,US.PA.PO,11,0,
Linn County,US.KS.LN,11,0,
Piatt County,US.IL.PA,11,0,
Blanco County,US.TX.BC,11,1,
Teton County,US.ID.TE,11,0,
Greenlee County,US.AZ.GE,10,0,
Callahan County,US.TX.AL,10,1,
Gilmer County,US.WV.GI,10,0,
Logan County,US.IL.LO,10,0,
Cameron Parish,US.LA.CM,10,0,
Garrett County,US.MD.GA,10,0,
Hamilton County,US.TX.HM,10,1,
Aroostook County,US.ME.AR,10,1,
Randolph County,US.MO.RN,10,0,
Cumberland County,US.IL.CU,10,0,
Surry County,US.VA.SR,10,1,
Union County,US.IA.UN,10,0,
Vermillion County,US.IN.VE,10,0,
Brown County,US.IL.BR,10,0,
Linn County,US.MO.LN,10,1,
Knox County,US.KY.KX,10,0,
Wadena County,US.MN.WD,10,0,
Pacific County,US.WA.PA,10,1,
Stanley County,US.SD.ST,10,0,
Clay County,US.KY.CY,10,2,
Churchill County,US.NV.CH,10,1,
Harrison County,US.OH.HR,10,0,
Van Buren County,US.IA.VA,10,0,
Lafayette County,US.AR.LF,10,1,
Amador County,US.CA.AM,10,0,
Pope County,US.MN.PE,10,0,
Menifee County,US.KY.ME,10,0,
Lancaster County,US.VA.LA,10,0,
Cherokee County,US.KS.CK,10,0,
Cheyenne County,US.NE.CY,10,0,
Menominee County,US.MI.MM,9,0,
Big Horn County,US.WY.BI,9,0,
Franklin County,US.ID.FA,9,0,
Barnes County,US.ND.BA,9,0,
Greenwood County,US.KS.GW,9,0,
Taylor County,US.WV.TA,9,0,
Lee County,US.VA.LE,9,0,
Houston County,US.TN.HO,9,0,
Burt County,US.NE.BT,9,0,
Harrison County,US.MO.HS,9,0,
Wayne County,US.KY.WY,9,0,
Carroll County,US.MO.CL,9,0,
Clay County,US.TN.CY,9,0,
Orange County,US.VT.OA,9,0,
Pike County,US.OH.PK,9,0,
Live Oak County,US.TX.LK,9,0,
Stanton County,US.KS.ST,9,0,
Duchesne County,US.UT.DU,9,0,
Mingo County,US.WV.MO,9,1,
Tazewell County,US.VA.TA,9,0,
Wetzel County,US.WV.WT,9,0,
Koochiching County,US.MN.KO,9,0,
Brown County,US.KS.BR,9,0,
Blaine County,US.OK.BL,9,0,
Wayne County,US.IL.WY,9,1,
Roane County,US.WV.RO,9,1,
Gaines County,US.TX.GS,9,0,
Lampasas County,US.TX.LP,9,0,
Adair County,US.IA.AI,9,0,
Cooper County,US.MO.CP,9,0,
Osage County,US.KS.OS,9,0,
Furnas County,US.NE.FU,9,0,
Sawyer County,US.WI.SW,9,0,
Greenbrier County,US.WV.GE,9,0,
Bath County,US.KY.BH,9,1,
Power County,US.ID.PO,9,0,
Montgomery County,US.IA.MG,9,2,
Jefferson County,US.NE.JE,9,0,
Montague County,US.TX.MU,9,1,
Cedar County,US.MO.CD,9,0,
Gallia County,US.OH.GA,9,1,
Poquoson city,US.VA.PQ,9,0,
Jefferson County,US.ID.JF,9,0,
Morgan County,US.MO.MG,9,0,
Owyhee County,US.ID.OW,8,0,
Crawford County,US.MO.CF,8,0,
Palo Alto County,US.IA.PO,8,0,
Sumner County,US.KS.SU,8,1,
Monroe County,US.WV.ME,8,0,
Park County,US.MT.PA,8,0,
Russell County,US.VA.RU,8,0,
Effingham County,US.IL.EF,8,1,
Livingston County,US.KY.LV,8,0,
Mackinac County,US.MI.MK,8,0,
Woodward County,US.OK.WW,8,0,
Van Wert County,US.OH.VA,8,0,
Henderson County,US.IL.HD,8,0,
Barbour County,US.WV.BB,8,1,
Lynn County,US.TX.LY,8,1,
Barry County,US.MO.BR,8,0,
Ouray County,US.CO.OU,8,1,
Moffat County,US.CO.MF,8,0,
Vilas County,US.WI.VI,8,0,
Washington County,US.KY.WS,8,0,
Cedar County,US.NE.CA,8,0,
Wells County,US.ND.WE,8,0,
Costilla County,US.CO.CS,8,0,
Renville County,US.MN.RN,8,0,
Madison County,US.MT.MA,8,1,
Redwood County,US.MN.RW,8,0,
McLean County,US.ND.ML,8,0,
Antelope County,US.NE.AN,8,0,
Hamlin County,US.SD.HM,8,0,
Casey County,US.KY.CS,8,0,
Ramsey County,US.ND.RM,8,1,
Bourbon County,US.KS.BB,8,1,
Oscoda County,US.MI.OO,8,1,
Scotland County,US.MO.SO,8,0,
Kimball County,US.NE.KB,8,0,
Lexington city,US.VA.LX,8,0,
Lewis County,US.WV.LE,8,1,
Harlan County,US.KY.HL,8,0,
Bon Homme County,US.SD.BH,8,0,
Floyd County,US.VA.FO,8,1,
Clay County,US.NC.CY,8,0,
Archuleta County,US.CO.AC,8,0,
Houghton County,US.MI.HO,8,0,
Benton County,US.TN.BN,8,1,
Beckham County,US.OK.BC,7,0,
Lake County,US.MI.LK,7,0,
Laclede County,US.MO.LD,7,0,
Boone County,US.NE.BO,7,0,
Yellow Medicine County,US.MN.YE,7,0,
Lawrence County,US.MO.LW,7,0,
Lincoln County,US.WI.LI,7,0,
Boone County,US.AR.BO,7,0,
Bosque County,US.TX.BQ,7,0,
Hancock County,US.KY.HC,7,0,
Tuolumne County,US.CA.TO,7,0,
Saline County,US.IL.SE,7,0,
Bonner County,US.ID.BR,7,0,
Latah County,US.ID.LA,7,0,
Lewis County,US.MO.LE,7,1,
Bollinger County,US.MO.BI,7,0,
Lewis County,US.KY.LI,7,0,
Lipscomb County,US.TX.LM,7,0,
Scott County,US.VA.SC,7,2,
Wilbarger County,US.TX.WG,7,0,
Searcy County,US.AR.SA,7,0,
Curry County,US.OR.CU,7,0,
Stone County,US.MO.SE,7,0,
Sharkey County,US.MS.SH,7,0,
Sherman County,US.KS.SH,7,0,
Gulf County,US.FL.GU,7,0,
Lincoln County,US.MT.LN,7,1,
Greene County,US.IL.GE,7,0,
Jackson County,US.AR.JA,7,0,
Eastland County,US.TX.EA,7,0,
Adams County,US.IA.AM,7,0,
Emery County,US.UT.EM,7,0,
Goliad County,US.TX.GI,7,0,
Arkansas County,US.AR.AR,7,0,
Nicholas County,US.WV.NI,7,1,
Miami County,US.KS.MI,7,0,
Marion County,US.KS.MN,7,1,
Radford city,US.VA.RD,7,0,
Massac County,US.IL.MA,7,0,
Rolette County,US.ND.RO,7,0,
Union County,US.OR.UN,7,0,
Upshur County,US.WV.UP,7,0,
Fulton County,US.AR.FU,7,0,
Fillmore County,US.NE.FI,7,1,
Noble County,US.OK.NB,7,0,
Clay County,US.WV.CY,7,0,
Clay County,US.AR.CY,7,0,
Forest County,US.PA.FO,7,0,
Crittenden County,US.KY.CT,7,1,
Metcalfe County,US.KY.MT,7,2,
Rooks County,US.KS.RO,7,0,
Colusa County,US.CA.CL,7,0,
Roosevelt County,US.MT.RO,7,0,
Grand Isle County,US.VT.GR,7,0,
Newton County,US.TX.NE,6,0,
McCook County,US.SD.MC,6,1,
Young County,US.TX.YU,6,1,
Woodson County,US.KS.WO,6,0,
Bandera County,US.TX.BA,6,0,
Tillamook County,US.OR.TI,6,0,
Dickinson County,US.MI.DI,6,2,
Decatur County,US.TN.DC,6,0,
Pierce County,US.NE.PI,6,0,
Crook County,US.OR.CR,6,0,
Macon County,US.MO.MN,6,0,
Craig County,US.VA.CG,6,0,
Marquette County,US.WI.MQ,6,1,
Garrard County,US.KY.GR,6,0,
Faulk County,US.SD.FU,6,0,
Johnson County,US.NE.JO,6,0,
Los Alamos County,US.NM.LO,6,0,
Pike County,US.AR.PE,6,0,
Chariton County,US.MO.CI,6,0,
Valley County,US.NE.VA,6,0,
Coos County,US.NH.CO,6,0,
Clay County,US.KS.CY,6,1,
Shannon County,US.MO.SN,6,0,
Caldwell County,US.MO.CW,6,0,
Morgan County,US.OH.MA,6,0,
Mercer County,US.ND.ME,6,0,
Meigs County,US.OH.MS,6,0,
Pike County,US.IN.PI,6,0,
Franklin County,US.NE.FA,6,0,
Kiowa County,US.OK.KO,6,0,
Leslie County,US.KY.LS,6,0,
Noble County,US.OH.NO,6,0,
Millard County,US.UT.MD,6,0,
McDowell County,US.WV.MC,6,0,
Garza County,US.TX.GR,6,0,
Avery County,US.NC.AV,6,0,
Marion County,US.MO.MO,6,0,
Adams County,US.WI.AD,6,1,
Hutchinson County,US.SD.HT,6,0,
Daviess County,US.MO.DV,6,0,
DeKalb County,US.MO.DE,6,0,
Mahnomen County,US.MN.MH,6,1,
Las Animas County,US.CO.LS,6,0,
Morton County,US.KS.MT,6,0,
Carson County,US.TX.CN,6,0,
Ringgold County,US.IA.RI,6,0,
Glacier County,US.MT.GC,6,0,
Crawford County,US.KS.CR,6,1,
Pembina County,US.ND.PE,6,0,
Dallas County,US.MO.DL,6,0,
Buffalo County,US.WI.BF,6,2,
Murray County,US.OK.MR,6,0,
Carbon County,US.MT.CB,6,0,
Major County,US.OK.MJ,6,1,
Tripp County,US.SD.TR,6,0,
Lake County,US.MT.LA,6,0,
Haskell County,US.OK.HS,6,0,
Lincoln County,US.MN.LI,6,0,
Lassen County,US.CA.LS,6,0,
Okfuskee County,US.OK.OF,6,0,
Evans County,US.GA.EV,6,0,
Elk County,US.PA.EL,6,0,
Fall River County,US.SD.FL,6,0,
Hodgeman County,US.KS.HG,5,0,
Edwards County,US.KS.ED,5,0,
Clay County,US.TX.CY,5,0,
Hickman County,US.KY.HA,5,0,
Tucker County,US.WV.TU,5,0,
Montmorency County,US.MI.MR,5,0,
Monroe County,US.AR.ME,5,0,
Spink County,US.SD.SP,5,0,
Collingsworth County,US.TX.CG,5,0,
Lawrence County,US.KY.LC,5,0,
Coal County,US.OK.CL,5,0,
Clinton County,US.KY.CO,5,0,
Cloud County,US.KS.CD,5,0,
Benzie County,US.MI.BE,5,0,
Colfax County,US.NM.CO,5,0,
Yoakum County,US.TX.YA,5,0,
Langlade County,US.WI.LN,5,0,
Phelps County,US.MO.PH,5,0,
Mitchell County,US.IA.ME,5,0,
Latimer County,US.OK.LA,5,1,
Conejos County,US.CO.CN,5,0,
Johnson County,US.KY.JO,5,0,
Eddy County,US.ND.ED,5,0,
Dickinson County,US.KS.DK,5,0,
Woods County,US.OK.WS,5,0,
Houston County,US.MN.HO,5,0,
Gogebic County,US.MI.GO,5,1,
Franklin County,US.AR.FR,5,0,
Gillespie County,US.TX.GL,5,0,
Warren County,US.PA.WR,5,0,
Lincoln County,US.NM.LI,5,0,
Aransas County,US.TX.AA,5,0,
Brooke County,US.WV.BO,5,0,
Gilpin County,US.CO.GI,5,0,
Carter County,US.MO.CR,5,1,
Lincoln County,US.WV.LI,5,0,
Cumberland County,US.KY.CU,5,0,
Goshen County,US.WY.GO,5,0,
Giles County,US.VA.GI,5,0,
Carlisle County,US.KY.CE,5,1,
Graham County,US.NC.GH,5,0,
Burke County,US.ND.BK,5,0,
Atoka County,US.OK.AT,5,0,
Roseau County,US.MN.RS,5,0,
Rusk County,US.WI.RU,5,0,
Grant County,US.MN.GR,5,0,
Hubbard County,US.MN.HU,5,0,
Crook County,US.WY.CK,5,0,
Moore County,US.TN.MO,5,0,
Red Willow County,US.NE.RE,5,0,
Refugio County,US.TX.RF,5,0,
Duval County,US.TX.DU,5,0,
Matthews County,US.VA.MT,5,0,
Clark County,US.SD.CK,5,0,
Hand County,US.SD.HD,5,0,
Traverse County,US.MN.TR,5,0,
Cotton County,US.OK.CT,5,2,
Prairie County,US.AR.PR,5,0,
Union County,US.TN.UO,5,0,
Hamilton County,US.NY.HA,5,1,
Morris County,US.KS.MR,5,0,
Cheyenne County,US.CO.CE,5,0,
Walworth County,US.SD.WA,5,0,
Union County,US.NM.UN,5,0,
Webster County,US.NE.WE,5,0,
Osage County,US.MO.OS,5,0,
Marshall County,US.IL.MH,5,0,
Pushmataha County,US.OK.PU,5,0,
Ralls County,US.MO.RL,5,0,
Deer Lodge County,US.MT.DE,4,0,
Nome Census Area,US.AK.NM,4,0,
Hudspeth County,US.TX.HU,4,0,
Jefferson County,US.OK.JE,4,0,
Knott County,US.KY.KT,4,0,
Stephens County,US.TX.SE,4,0,
Jackson County,US.SD.JA,4,0,
Kane County,US.UT.KA,4,0,
Karnes County,US.TX.KS,4,0,
Jim Hogg County,US.TX.JG,4,0,
Jack County,US.TX.JK,4,0,
Jewell County,US.KS.JW,4,0,
Nicholas County,US.KY.NI,4,0,
Edmunds County,US.SD.ED,4,0,
Bristol city,US.VA.BI,4,0,
Fremont County,US.ID.FE,4,0,
Schoolcraft County,US.MI.SR,4,0,
Bottineau County,US.ND.BT,4,0,
Sargent County,US.ND.SG,4,0,
Lane County,US.KS.LE,4,0,
Wirt County,US.WV.WI,4,0,
Nance County,US.NE.NA,4,0,
Covington city,US.VA.CV,4,0,
Miller County,US.MO.ML,4,0,
Corson County,US.SD.CO,4,0,
Garfield County,US.UT.GA,4,0,
Broadwater County,US.MT.BR,4,0,
Worth County,US.MO.WO,4,0,
Crockett County,US.TX.CT,4,0,
Pleasants County,US.WV.PL,4,0,
Grundy County,US.MO.GU,4,0,
Livingston County,US.MO.LV,4,0,
Plumas County,US.CA.PU,4,0,
Oldham County,US.TX.OL,4,1,
Mercer County,US.MO.MC,4,0,
Childress County,US.TX.CD,4,0,
Douglas County,US.SD.DO,4,0,
Tyrrell County,US.NC.TY,4,0,
Polk County,US.MO.PO,4,0,
Ottawa County,US.KS.OT,4,0,
Cottle County,US.TX.OT,4,1,
Pickett County,US.TN.PI,4,0,
Fremont County,US.IA.FO,4,0,
Lewis County,US.TN.LE,4,0,
Rice County,US.KS.RC,4,0,
Quay County,US.NM.QU,4,1,
Owen County,US.KY.OE,4,0,
Rains County,US.TX.RI,4,0,
Garden County,US.NE.GD,4,0,
Morgan County,US.KY.MG,4,0,
Chautauqua County,US.KS.CQ,4,0,
Trimble County,US.KY.TM,4,0,
Republic County,US.KS.RP,4,0,
De Witt County,US.IL.DW,4,0,
Emmons County,US.ND.EM,4,1,
Wahkiakum County,US.WA.WH,4,0,
La Salle County,US.TX.LS,4,0,
Sherman County,US.NE.SM,4,0,
Richland County,US.IL.RI,4,0,
Lawrence County,US.IL.LW,4,0,
Ness County,US.KS.NS,4,0,
Petersburg Census Area,US.AK.PB,4,1,
Hardeman County,US.TX.RD,4,0,
Van Buren County,US.TN.VA,4,0,
Mitchell County,US.KS.MC,4,0,
Nemaha County,US.NE.NE,4,0,
Mineral County,US.NV.MI,4,0,
Northwest Arctic Borough,US.AK.NW,3,0,
Martin County,US.KY.MI,3,0,
Marshall County,US.SD.MS,3,0,
Chippewa County,US.MI.CP,3,0,
McCulloch County,US.TX.MC,3,0,
Martin County,US.TX.MT,3,1,
Newton County,US.AR.NW,3,0,
Wallowa County,US.OR.WW,3,0,
McPherson County,US.SD.MP,3,0,
White Pine County,US.NV.WH,3,0,
Pawnee County,US.KS.PN,3,0,
Adams County,US.ID.AM,3,0,
Jefferson County,US.MT.JE,3,0,
Winkler County,US.TX.WI,3,0,
Pend Oreille County,US.WA.PE,3,0,
Coleman County,US.TX.CM,3,0,
Monroe County,US.MO.MR,3,0,
Essex County,US.VT.ES,3,0,
Pershing County,US.NV.PE,3,0,
Miner County,US.SD.ME,3,0,
Johnston County,US.OK.JO,3,0,
Clearwater County,US.MN.CE,3,0,
Pierce County,US.ND.PI,3,0,
Valley County,US.ID.VA,3,0,
Menominee County,US.WI.MN,3,0,
Nolan County,US.TX.NO,3,0,
Idaho County,US.ID.ID,3,0,
Madison County,US.MO.MD,3,0,
Chase County,US.KS.CS,3,0,
Bethel Census Area,US.AK.BE,3,0,
Douglas County,US.MO.DO,3,0,
Howard County,US.MO.HR,3,0,
Lincoln County,US.CO.LI,3,0,
Box Butte County,US.NE.BX,3,0,
Lac Qui Parle County,US.MN.LC,3,0,
Wyoming County,US.WV.WY,3,0,
Letcher County,US.KY.LT,3,0,
Wayne County,US.IA.WY,3,0,
Hanson County,US.SD.HS,3,0,
Neosho County,US.KS.NO,3,0,
Stark County,US.IL.SA,3,0,
Tyler County,US.WV.TY,3,0,
Bent County,US.CO.BE,3,0,
Benson County,US.ND.BE,3,0,
Bell County,US.KY.BL,3,0,
Haskell County,US.TX.HK,3,0,
Skamania County,US.WA.SM,3,0,
Hinsdale County,US.CO.HI,3,0,
Slope County,US.ND.SL,3,0,
Dallas County,US.AR.DA,3,0,
Southeast Fairbanks Census Area,US.AK.SO,3,0,
Bayfield County,US.WI.BY,3,1,
Hyde County,US.SD.HY,3,0,
Breathitt County,US.KY.BT,3,0,
Worth County,US.IA.WT,3,0,
Kiowa County,US.KS.KW,3,0,
Washburn County,US.WI.WR,3,0,
Red Lake County,US.MN.RD,3,0,
Renville County,US.ND.RE,3,0,
Richland County,US.MT.RI,3,0,
Archer County,US.TX.AC,3,0,
Madison County,US.NC.MD,3,0,
Golden Valley County,US.MT.GO,3,0,
Caribou County,US.ID.CR,3,0,
Camden County,US.NC.CD,3,0,
Llano County,US.TX.LL,3,0,
Kingsbury County,US.SD.KI,3,0,
Luce County,US.MI.LU,3,0,
Ashland County,US.WI.AS,3,0,
Sullivan County,US.PA.SL,3,0,
Hughes County,US.OK.HU,3,0,
Greeley County,US.NE.GE,3,0,
Huerfano County,US.CO.HU,3,0,
Crosby County,US.TX.CB,3,1,
Atchison County,US.MO.AT,3,0,
Sublette County,US.WY.SU,3,0,
Decatur County,US.IA.DC,3,0,
Trinity County,US.CA.TR,2,0,
Washita County,US.OK.WT,2,0,
White County,US.IL.WE,2,0,
Ward County,US.TX.WD,2,0,
Ziebach County,US.SD.ZI,2,0,
Edwards County,US.IL.EW,2,0,
Niobrara County,US.WY.NI,2,0,
Reagan County,US.TX.RG,2,0,
Brule County,US.SD.BU,2,0,
Reynolds County,US.MO.RE,2,0,
Norton city,US.VA.NC,2,0,
Harper County,US.KS.HP,2,0,
Roberts County,US.TX.RS,2,0,
Norton County,US.KS.NT,2,0,
Runnels County,US.TX.RN,2,0,
Oregon County,US.MO.OR,2,0,
Hamilton County,US.IL.HM,2,0,
Hall County,US.TX.HA,2,0,
St. Clair County,US.MO.SC,2,0,
Clay County,US.IL.CY,2,0,
Delta County,US.TX.DT,2,0,
Custer County,US.CO.CU,2,0,
Green County,US.KY.GN,2,0,
Highland County,US.VA.HA,2,0,
Prince of Wales-Hyder Census Area,US.AK.PH,2,0,
Montgomery County,US.AR.MT,2,0,
Iron County,US.MO.IR,2,0,
Phillips County,US.KS.PL,2,0,
Braxton County,US.WV.BX,2,0,
Keith County,US.NE.KT,2,0,
Piute County,US.UT.PT,2,0,
Comanche County,US.KS.CM,2,0,
Iron County,US.WI.IR,2,1,
Pondera County,US.MT.PN,2,0,
Iron County,US.MI.IR,2,0,
Price County,US.WI.PC,2,0,
Park County,US.WY.PA,2,0,
Hyde County,US.NC.HE,2,0,
Powell County,US.KY.PO,2,0,
Owsley County,US.KY.OS,2,0,
Osborne County,US.KS.OB,2,0,
Pratt County,US.KS.PR,2,0,
Presidio County,US.TX.PS,2,0,
Scott County,US.AR.SC,2,0,
Custer County,US.ID.CU,2,0,
Gallatin County,US.IL.GA,2,0,
Armstrong County,US.TX.AM,2,0,
Fleming County,US.KY.FE,2,0,
Florence County,US.WI.FL,2,0,
Stillwater County,US.MT.ST,2,0,
Alpine County,US.CA.AP,2,0,
Franklin County,US.FL.FR,2,0,
Calhoun County,US.WV.CH,2,0,
McHenry County,US.ND.MH,2,1,
Grant County,US.OK.GN,2,0,
Cheyenne County,US.KS.CN,2,0,
Cameron County,US.PA.CE,2,0,
Smith County,US.KS.SM,2,0,
Lincoln County,US.NV.LI,2,0,
Marion County,US.AR.MN,2,0,
Sitka City and Borough,US.AK.SI,2,0,
Mineral County,US.CO.MI,2,0,
Gasconade County,US.MO.GA,2,0,
Catron County,US.NM.CA,2,1,
Sheridan County,US.KS.SD,2,0,
Lincoln County,US.WA.LI,2,0,
Grant County,US.ND.GT,2,0,
Dewey County,US.OK.DW,2,0,
Ellsworth County,US.KS.EW,2,0,
Fisher County,US.TX.FH,2,1,
Lake County,US.OR.LK,2,0,
Magoffin County,US.KY.MF,2,0,
Maries County,US.MO.MS,2,0,
Taylor County,US.WI.TA,2,0,
Sioux County,US.ND.SI,2,0,
Concho County,US.TX.ON,1,0,
Cherry County,US.NE.CH,1,0,
Columbia County,US.WA.CM,1,0,
Knox County,US.TX.KX,1,0,
Liberty County,US.MT.LB,1,0,
Coke County,US.TX.OK,1,0,
Lemhi County,US.ID.LM,1,0,
Kidder County,US.ND.KI,1,0,
Kimble County,US.TX.KM,1,0,
Cochran County,US.TX.CC,1,0,
Lee County,US.KY.LE,1,0,
Kinney County,US.TX.KN,1,0,
Cimarron County,US.OK.CO,1,0,
Lake County,US.MN.LE,1,0,
Kittson County,US.MN.KI,1,0,
Kodiak Island Borough,US.AK.KO,1,0,
Clark County,US.MO.CK,1,0,
Hitchcock County,US.NE.HI,1,0,
Wilson County,US.KS.WL,1,0,
Foster County,US.ND.FO,1,0,
Dewey County,US.SD.DW,1,0,
Gove County,US.KS.GO,1,0,
Dickens County,US.TX.DC,1,0,
Glasscock County,US.TX.GC,1,0,
Glascock County,US.GA.GS,1,0,
Dickey County,US.ND.DC,1,0,
Garfield County,US.NE.GF,1,0,
Frontier County,US.NE.FO,1,0,
Ferry County,US.WA.FE,1,0,
Washington County,US.ME.WS,1,0,
Weston County,US.WY.WE,1,0,
Fergus County,US.MT.FE,1,0,
Dimmit County,US.TX.DM,1,0,
Divide County,US.ND.DV,1,0,
Estill County,US.KY.ES,1,0,
Wheatland County,US.MT.WH,1,0,
Edgar County,US.IL.EG,1,0,
Elliott County,US.KY.EL,1,0,
Deuel County,US.SD.DU,1,0,
Grant County,US.OR.GR,1,0,
Dent County,US.MO.DN,1,0,
Gregory County,US.SD.GE,1,0,
Custer County,US.SD.CU,1,0,
Irion County,US.TX.IR,1,0,
Thomas County,US.NE.TO,1,0,
Holt County,US.NE.HT,1,0,
Holt County,US.MO.HL,1,0,
Wolfe County,US.KY.WL,1,0,
Hill County,US.MT.HI,1,0,
Hidalgo County,US.NM.HI,1,0,
Hemphill County,US.TX.HH,1,0,
Dawes County,US.NE.DS,1,0,
Harper County,US.OK.HP,1,0,
Harney County,US.OR.HA,1,0,
Harding County,US.NM.HA,1,0,
Hardin County,US.IL.HI,1,0,
Hancock County,US.TN.HC,1,0,
Haines Borough,US.AK.HA,1,0,
Griggs County,US.ND.GI,1,0,
Chase County,US.NE.CE,1,0,
LaMoure County,US.ND.LA,1,0,
McIntosh County,US.ND.MI,1,0,
Trego County,US.KS.TR,1,0,
Platte County,US.WY.PL,1,0,
Shelby County,US.MO.SB,1,0,
Pope County,US.IL.PE,1,0,
Storey County,US.NV.ST,1,0,
Stevens County,US.MN.SV,1,0,
Steele County,US.ND.SE,1,0,
Putnam County,US.IL.PT,1,0,
Putnam County,US.MO.PN,1,0,
Stafford County,US.KS.SF,1,0,
Real County,US.TX.RL,1,0,
Anderson County,US.KS.AN,1,0,
Richardson County,US.NE.RI,1,0,
Rio Blanco County,US.CO.RB,1,0,
Ritchie County,US.WV.RI,1,0,
Somervell County,US.TX.SV,1,0,
Piscataquis County,US.ME.PI,1,0,
Sierra County,US.NM.SI,1,0,
Beaverhead County,US.MT.BE,1,0,
Rosebud County,US.MT.RS,1,0,
Sierra County,US.CA.SE,1,0,
Baker County,US.OR.BA,1,0,
Baylor County,US.TX.BR,1,0,
San Juan County,US.CO.SJ,1,0,
Sherman County,US.OR.SH,1,0,
San Saba County,US.TX.SS,1,0,
Banner County,US.NE.BA,1,0,
Schuyler County,US.MO.SH,1,0,
Sheridan County,US.ND.SH,1,0,
Barber County,US.KS.AB,1,0,
Shackelford County,US.TX.SC,1,0,
Boyd County,US.NE.BY,1,0,
Bowman County,US.ND.BW,1,0,
Pike County,US.IL.PK,1,0,
Nuckolls County,US.NE.NU,1,0,
Thayer County,US.NE.TA,1,0,
Camas County,US.ID.CM,1,0,
Woodruff County,US.AR.WO,1,0,
Meagher County,US.MT.ME,1,0,
Calhoun County,US.IL.CH,1,0,
Texas County,US.MO.TE,1,0,
Mills County,US.TX.MS,1,0,
Mitchell County,US.TX.MH,1,0,
Burnett County,US.WI.BN,1,1,
Motley County,US.TX.MY,1,0,
Musselshell County,US.MT.MU,1,0,
Sully County,US.SD.SU,1,0,
North Slope Borough,US.AK.NH,1,0,
Nelson County,US.ND.NE,1,0,
Baraga County,US.MI.BA,1,0,
Oliver County,US.ND.OL,1,0,
Taliaferro County,US.GA.TA,1,0,
Brooks County,US.TX.BK,1,0,
Wrangell City and Borough,US.AK.WG,1,0,
Brewster County,US.TX.BS,1,0,
Briscoe County,US.TX.BO,1,0,
Pepin County,US.WI.PE,1,0,
Summers County,US.WV.SU,1,0,
Alfalfa County,US.OK.AL,1,0,
Yukon-Koyukuk Census Area,US.AK.YU,1,0,
Dundy County,US.NE.DY,0,0,
Adams County,US.ND.AD,0,0,
Alger County,US.MI.AG,0,0,
Allen County,US.KS.AL,0,0,
Wichita County,US.KS.WH,0,0,
Wibaux County,US.MT.WI,0,0,
Dolores County,US.CO.DO,0,0,
Dillingham Census Area,US.AK.DI,0,0,
Aleutians East Borough,US.AK.AE,0,0,
Dickenson County,US.VA.DC,0,0,
Arthur County,US.NE.AR,0,0,
Aleutians West Census Area,US.AK.AW,0,0,
Doddridge County,US.WV.DO,0,0,
Cavalier County,US.ND.CV,0,0,
Deuel County,US.NE.DL,0,0,
Clearwater County,US.ID.CE,0,0,
Boundary County,US.ID.BD,0,0,
Custer County,US.MT.CU,0,0,
Culberson County,US.TX.UL,0,0,
Cook County,US.MN.CO,0,0,
Bristol Bay Borough,US.AK.BR,0,0,
Brown County,US.NE.BW,0,0,
Butte County,US.ID.BT,0,0,
Boise County,US.ID.BS,0,0,
Clark County,US.ID.CA,0,0,
Butte County,US.SD.BT,0,0,
Calhoun County,US.AR.CA,0,0,
Chouteau County,US.MT.CH,0,0,
Edwards County,US.TX.ED,0,0,
Campbell County,US.SD.CP,0,0,
Borden County,US.TX.BD,0,0,
Dade County,US.MO.DD,0,0,
Barton County,US.MO.BT,0,0,
De Baca County,US.NM.DE,0,0,
Bath County,US.VA.BA,0,0,
Denali Borough,US.AK.DE,0,0,
Bear Lake County,US.ID.BK,0,0,
Beaver County,US.UT.BV,0,0,
Bennett County,US.SD.BN,0,0,
Decatur County,US.KS.DC,0,0,
Dawson County,US.MT.DW,0,0,
Bland County,US.VA.BL,0,0,
Carter County,US.MT.CT,0,0,
Blaine County,US.MT.BL,0,0,
Daniels County,US.MT.DN,0,0,
Daggett County,US.UT.DG,0,0,
Yakutat City and Borough,US.AK.YA,0,0,
Blaine County,US.NE.BL,0,0,
Billings County,US.ND.BI,0,0,
Throckmorton County,US.TX.TH,0,0,
Elk County,US.KS.EK,0,0,
Pawnee County,US.NE.PA,0,0,
Powell County,US.MT.PL,0,0,
Powder River County,US.MT.PD,0,0,
Upton County,US.TX.UP,0,0,
Potter County,US.SD.PO,0,0,
Valdez-Cordova Census Area,US.AK.VA,0,0,
Valley County,US.MT.VA,0,0,
Phillips County,US.MT.PH,0,0,
Petroleum County,US.MT.PO,0,0,
Perkins County,US.SD.PR,0,0,
Perkins County,US.NE.PE,0,0,
Ozark County,US.MO.OZ,0,0,
Rawlins County,US.KS.RA,0,0,
Ontonagon County,US.MI.ON,0,0,
Oneida County,US.ID.ON,0,0,
Mora County,US.NM.MO,0,0,
Modoc County,US.CA.MC,0,0,
Mineral County,US.MT.MN,0,0,
Menard County,US.TX.EN,0,0,
Mellette County,US.SD.ML,0,0,
McPherson County,US.NE.MC,0,0,
Wallace County,US.KS.WA,0,0,
McMullen County,US.TX.MM,0,0,
Prairie County,US.MT.PR,0,0,
Rich County,US.UT.RH,0,0,
Marshall County,US.KS.MS,0,0,
Sioux County,US.NE.SI,0,0,
Thomas County,US.KS.TH,0,0,
Teton County,US.MT.TE,0,0,
Terrell County,US.TX.TL,0,0,
Sweet Grass County,US.MT.SW,0,0,
Sutton County,US.TX.ST,0,0,
Stonewall County,US.TX.SA,0,0,
Towner County,US.ND.TO,0,0,
Sterling County,US.TX.SI,0,0,
Treasure County,US.MT.TR,0,0,
Skagway Municipality,US.AK.SW,0,0,
Shoshone County,US.ID.SH,0,0,
Robertson County,US.KY.RB,0,0,
Sheridan County,US.NE.SD,0,0,
Sheridan County,US.MT.SH,0,0,
Sedgwick County,US.CO.SE,0,0,
Scott County,US.IL.SO,0,0,
Schleicher County,US.TX.SH,0,0,
Sanders County,US.MT.SA,0,0,
Russell County,US.KS.RS,0,0,
Rush County,US.KS.RH,0,0,
Roger Mills County,US.OK.RR,0,0,
Rock County,US.NE.RO,0,0,
McCone County,US.MT.MC,0,0,
Loving County,US.TX.LI,0,0,
Ellis County,US.OK.EL,0,0,
Graham County,US.KS.GH,0,0,
Hayes County,US.NE.HY,0,0,
Harmon County,US.OK.HM,0,0,
Harlan County,US.NE.HR,0,0,
Harding County,US.SD.HR,0,0,
Haakon County,US.SD.HA,0,0,
Wayne County,US.MO.WY,0,0,
Greeley County,US.KS.GL,0,0,
Grant County,US.NE.GA,0,0,
Wayne County,US.UT.WE,0,0,
Granite County,US.MT.GN,0,0,
Golden Valley County,US.ND.GO,0,0,
Hickory County,US.MO.HC,0,0,
Gilliam County,US.OR.GI,0,0,
Garfield County,US.WA.GF,0,0,
Garfield County,US.MT.GF,0,0,
Webster County,US.WV.WB,0,0,
Foard County,US.TX.FD,0,0,
Fallon County,US.MT.FA,0,0,
Eureka County,US.NV.EU,0,0,
Esmeralda County,US.NV.ES,0,0,
Wheeler County,US.NE.WH,0,0,
Wheeler County,US.OR.WE,0,0,
Hettinger County,US.ND.HE,0,0,
Hooker County,US.NE.HO,0,0,
Loup County,US.NE.LU,0,0,
Kingman County,US.KS.KM,0,0,
Logan County,US.NE.LG,0,0,
Logan County,US.ND.LO,0,0,
Logan County,US.KS.LG,0,0,
Lincoln County,US.KS.LC,0,0,
Lewis County,US.ID.LW,0,0,
Lake of the Woods County,US.MN.LO,0,0,
Lake and Peninsula Borough,US.AK.LA,0,0,
Kusilvak Census Area,US.AK.WA,0,0,
Knox County,US.MO.KN,0,0,
Kiowa County,US.CO.KO,0,0,
King County,US.TX.KG,0,0,
Issaquena County,US.MS.IS,0,0,
Keya Paha County,US.NE.KY,0,0,
Keweenaw County,US.MI.KW,0,0,
Kent County,US.TX.KT,0,0,
Kenedy County,US.TX.KE,0,0,
Kalawao County,US.HI.KL,0,0,
Judith Basin County,US.MT.JU,0,0,
Washington County,US.KS.WS,0,0,
Jones County,US.SD.JO,0,0,
Jeff Davis County,US.TX.JF,0,0,
Jackson County,US.CO.JA,0,0,
Hoonah-Angoon Census Area,US.AK.HH,0,0,
