County,hasc,confirmed,death,recovered
Los Angeles County,US.CA.LO,185872,4552,
Miami-Dade County,US.FL.DA,115916,1515,
Maricopa County,US.AZ.MA,114852,2011,
Cook County,US.IL.CO,104687,4872,
Harris County,US.TX.RR,69126,1206,
Queens County,US.NY.QU,67894,7173,
Kings County,US.NY.KI,62295,7245,
Broward County,US.FL.BO,54312,676,
Bronx County,US.NY.BN,49527,4851,
Dallas County,US.TX.DS,48732,609,
Suffolk County,US.NY.SF,43170,1996,
Nassau County,US.NY.NA,43158,2194,
Bexar County,US.TX.BX,40253,545,
Clark County,US.NV.CL,40193,664,
Riverside County,US.CA.RI,36629,688,
Westchester County,US.NY.WE,35913,1445,
Orange County,US.CA.OR,35778,604,
Palm Beach County,US.FL.PL,32696,806,
San Bernardino County,US.CA.SA,31688,403,
New York County,US.NY.NE,30399,3144,
Hillsborough County,US.FL.HL,28742,331,
San Diego County,US.CA.SD,28668,558,
Orange County,US.FL.OR,28591,212,
Tarrant County,US.TX.TN,27151,359,
Wayne County,US.MI.WY,26924,2798,
Middlesex County,US.MA.MI,25617,1974,
Philadelphia County,US.PA.PH,25534,1676,
Prince George's County,US.MD.PR,22183,734,
Suffolk County,US.MA.SU,21113,1055,
Duval County,US.FL.DU,20816,152,
Bergen County,US.NJ.BE,20412,2040,
Mecklenburg County,US.NC.MB,20261,195,
Travis County,US.TX.TV,20187,220,
Shelby County,US.TN.SY,20082,275,
Essex County,US.NJ.ES,19441,2100,
Hudson County,US.NJ.HD,19434,1499,
Milwaukee County,US.WI.MU,19069,433,
Salt Lake County,US.UT.SL,18817,171,
Davidson County,US.TN.DA,18676,195,
Kern County,US.CA.KE,18411,139,
Fairfield County,US.CT.FA,17786,1406,
Middlesex County,US.NJ.MI,17626,1403,
Montgomery County,US.MD.MO,17397,789,
Passaic County,US.NJ.PA,17384,1242,
Fulton County,US.GA.FU,17286,383,
Essex County,US.MA.ES,17169,1177,
Hennepin County,US.MN.HE,17092,810,
Gwinnett County,US.GA.GW,16711,228,
Franklin County,US.OH.FR,16630,507,
Union County,US.NJ.UN,16456,1346,
Hidalgo County,US.TX.HG,16375,312,
Pinellas County,US.FL.PI,16114,418,
Pima County,US.AZ.PM,15884,450,
Fairfax County,US.VA.FX,15606,519,
Lee County,US.FL.LE,15137,286,
King County,US.WA.KN,15025,649,
Richmond County,US.NY.RI,14748,1075,
Providence County,US.RI.PR,14549,807,
Oakland County,US.MI.OD,14494,1126,
Fresno County,US.CA.FR,14312,120,
Marion County,US.IN.MO,14270,717,
Jefferson Parish,US.LA.JF,14026,513,
El Paso County,US.TX.EP,13939,232,
Rockland County,US.NY.RO,13860,507,
Worcester County,US.MA.WO,13243,988,
New Haven County,US.CT.NH,13013,1101,
Hartford County,US.CT.HA,12561,1411,
St. Louis County,US.MO.SL,12297,644,
Polk County,US.FL.PO,12281,262,
Cuyahoga County,US.OH.CU,12212,465,
Washington,US.DC.DI,12126,585,
DeKalb County,US.GA.DA,11916,213,
Lake County,US.IL.LK,11752,440,
Baltimore County,US.MD.BC,11615,545,
San Joaquin County,US.CA.SJ,11342,151,
Charleston County,US.SC.CS,11245,148,
DuPage County,US.IL.DU,11177,509,
Alameda County,US.CA.AA,11131,182,
Jefferson County,US.AL.JE,11111,222,
Orange County,US.NY.OE,11072,407,
Baltimore City,US.MD.BA,11004,406,
Cobb County,US.GA.CB,10920,297,
Yuma County,US.AZ.YU,10761,247,
Wake County,US.NC.WK,10641,126,
East Baton Rouge Parish,US.LA.EB,10576,325,
Ocean County,US.NJ.OC,10356,1014,
Orleans Parish,US.LA.OR,10204,560,
Norfolk County,US.MA.NO,10160,982,
Douglas County,US.NE.DG,10050,127,
Monmouth County,US.NJ.MN,10004,858,
Yakima County,US.WA.YA,9865,204,
Greenville County,US.SC.GV,9853,167,
Santa Clara County,US.CA.SL,9731,190,
Montgomery County,US.PA.MG,9723,847,
Sacramento County,US.CA.SC,9664,127,
Denver County,US.CO.DN,9529,408,
Cameron County,US.TX.CA,9424,304,
Collier County,US.FL.CL,9355,121,
Polk County,US.IA.PK,9322,193,
Macomb County,US.MI.MB,9314,936,
Imperial County,US.CA.IM,9298,200,
Tulare County,US.CA.TL,9241,173,
Plymouth County,US.MA.PL,9058,708,
Bristol County,US.MA.BR,9029,623,
Kane County,US.IL.KE,8964,295,
Hamilton County,US.OH.HM,8872,241,
Jackson County (including other portions of Kansas City),US.MO.JC,8861,99,
Nueces County,US.TX.NU,8792,88,
Prince William County,US.VA.PW,8784,169,
Stanislaus County,US.CA.ST,8745,104,
Oklahoma County,US.OK.OL,8669,96,
Tulsa County,US.OK.TU,8636,98,
Delaware County,US.PA.DE,8610,684,
Galveston County,US.TX.GV,8494,92,
Erie County,US.NY.ER,8434,594,
Will County,US.IL.WL,8352,338,
Manatee County,US.FL.MN,8337,176,
Osceola County,US.FL.OS,8281,64,
Camden County,US.NJ.CM,8240,571,
Mercer County,US.NJ.ME,8000,612,
Mobile County,US.AL.MB,7915,186,
Pinal County,US.AZ.PN,7875,132,
Horry County,US.SC.HO,7857,119,
Allegheny County,US.PA.AL,7850,227,
Ada County,US.ID.AA,7681,55,
Escambia County,US.FL.ES,7598,92,
Utah County,US.UT.UT,7584,33,
Contra Costa County,US.CA.CN,7577,116,
Richland County,US.SC.RI,7482,127,
Hampden County,US.MA.HD,7381,692,
Morris County,US.NJ.MR,7109,828,
Ventura County,US.CA.VE,7103,74,
Kent County,US.MI.KN,6991,154,
Lake County,US.IN.LK,6878,266,
Fort Bend County,US.TX.FR,6852,136,
Bucks County,US.PA.BC,6847,577,
Arapahoe County,US.CO.AA,6798,362,
New Castle County,US.DE.NE,6743,285,
Volusia County,US.FL.VO,6707,109,
Jefferson County,US.KY.JF,6687,231,
Anne Arundel County,US.MD.AN,6684,216,
Ramsey County,US.MN.RA,6607,258,
Denton County,US.TX.DN,6493,68,
San Francisco County,US.CA.SF,6423,58,
Seminole County,US.FL.SE,6419,72,
Brazoria County,US.TX.BI,6218,62,
Pasco County,US.FL.PS,6201,94,
Collin County,US.TX.CI,6177,67,
Lafayette Parish,US.LA.LY,6096,83,
Santa Barbara County,US.CA.SB,6094,32,
Montgomery County,US.AL.MT,6045,142,
Caddo Parish,US.LA.CO,6007,276,
Montgomery County,US.TX.MG,5990,69,
Calcasieu Parish,US.LA.CC,5913,117,
Adams County,US.CO.AD,5868,168,
Washington County,US.AR.WA,5855,43,
Rutherford County,US.TN.RU,5753,49,
Burlington County,US.NJ.BU,5732,469,
Durham County,US.NC.DH,5687,77,
Webb County,US.TX.WB,5676,72,
Sussex County,US.DE.SU,5583,191,
Williamson County,US.TX.WM,5551,76,
Lancaster County,US.PA.LN,5488,406,
Sarasota County,US.FL.SR,5443,119,
San Mateo County,US.CA.SM,5398,118,
Hamilton County,US.TN.HL,5395,45,
Jefferson County,US.TX.JE,5369,64,
Brevard County,US.FL.BE,5333,108,
Lubbock County,US.TX.LU,5328,63,
Hall County,US.GA.HL,5272,72,
Navajo County,US.AZ.NA,5182,187,
Somerset County,US.NJ.SO,5170,554,
Berks County,US.PA.BK,5125,364,
Guilford County,US.NC.GU,5042,142,
Hinds County,US.MS.HI,5001,97,
Loudoun County,US.VA.LD,4985,109,
Washoe County,US.NV.WA,4965,111,
Snohomish County,US.WA.SN,4949,186,
Marin County,US.CA.MN,4931,64,
St. Lucie County,US.FL.SL,4903,118,
Pierce County,US.WA.PI,4836,125,
Johnson County,US.KS.JO,4813,98,
Lehigh County,US.PA.LH,4795,335,
Forsyth County,US.NC.FO,4791,48,
Chester County,US.PA.CH,4786,343,
Madison County,US.AL.MD,4744,30,
Chatham County,US.GA.CM,4707,66,
Bernalillo County,US.NM.BE,4688,117,
Marion County,US.FL.MI,4682,56,
Monroe County,US.NY.MR,4677,250,
Pulaski County,US.AR.PU,4654,76,
Canyon County,US.ID.CN,4595,34,
St. Tammany Parish,US.LA.ST,4568,201,
Lucas County,US.OH.LU,4521,313,
Dutchess County,US.NY.DU,4468,153,
Elkhart County,US.IN.EL,4467,75,
Monterey County,US.CA.MT,4457,26,
Wyandotte County,US.KS.WY,4439,95,
Lexington County,US.SC.LX,4438,95,
Benton County,US.AR.BE,4408,35,
Lake County,US.FL.LK,4408,51,
El Paso County,US.CO.EL,4381,130,
City of St. Louis,US.MO.SY,4351,157,
Clayton County,US.GA.CN,4339,95,
Ouachita Parish,US.LA.OU,4304,104,
Hays County,US.TX.HY,4276,29,
Multnomah County,US.OR.MU,4260,90,
McLennan County,US.TX.ML,4192,39,
Kings County,US.CA.KI,4146,54,
Muscogee County,US.GA.MG,4137,80,
Minnehaha County,US.SD.MN,4133,63,
Leon County,US.FL.LO,4102,14,
Merced County,US.CA.MD,4065,39,
Dane County,US.WI.DA,4007,35,
Virginia Beach City,US.VA.VI,3979,43,
McKinley County,US.NM.MC,3977,219,
Sedgwick County,US.KS.SG,3962,39,
Brown County,US.WI.BW,3896,50,
Chesterfield County,US.VA.CD,3877,71,
Montgomery County,US.OH.MT,3845,70,
Tuscaloosa County,US.AL.TU,3822,63,
Jefferson County,US.CO.JE,3821,226,
Northampton County,US.PA.NA,3816,289,
Brazos County,US.TX.BZ,3813,42,
Berkeley County,US.SC.BK,3725,56,
Hillsborough County,US.NH.HI,3717,277,
Dakota County,US.MN.DA,3710,102,
Spokane County,US.WA.SP,3613,57,
Winnebago County,US.IL.WN,3610,122,
Spartanburg County,US.SC.SP,3606,80,
Woodbury County,US.IA.WO,3589,47,
Knox County,US.TN.KN,3575,28,
Martin County,US.FL.MT,3561,73,
Solano County,US.CA.SN,3520,37,
Henrico County,US.VA.HC,3509,178,
Allen County,US.IN.AL,3480,155,
Weld County,US.CO.WE,3477,141,
Howard County,US.MD.HO,3472,105,
Onondaga County,US.NY.OG,3459,171,
Potter County,US.TX.PT,3454,37,
Alachua County,US.FL.AL,3448,20,
Benton County,US.WA.BE,3434,107,
St. Clair County,US.IL.SI,3419,154,
Genesee County,US.MI.GE,3415,294,
Beaufort County,US.SC.BA,3387,40,
Waukesha County,US.WI.WK,3380,51,
Bell County,US.TX.BL,3375,29,
Bay County,US.FL.BY,3357,21,
Richmond County,US.GA.RI,3334,77,
Atlantic County,US.NJ.AT,3331,250,
St. Charles County,US.MO.SA,3288,87,
Santa Rosa County,US.FL.SA,3279,22,
Luzerne County,US.PA.LU,3239,183,
Franklin County,US.WA.FR,3210,46,
Anoka County,US.MN.AN,3190,112,
Cumberland County,US.NJ.CU,3184,157,
St. Johns County,US.FL.SJ,3168,24,
Summit County,US.OH.SU,3131,216,
Victoria County,US.TX.VI,3120,27,
Norfolk City,US.VA.NF,3080,22,
DeSoto County,US.MS.DE,3062,26,
Racine County,US.WI.RA,3058,75,
Williamson County,US.TN.WL,3056,22,
Sumner County,US.TN.SN,3044,68,
Gloucester County,US.NJ.GL,3031,206,
Baldwin County,US.AL.BD,3028,21,
York County,US.SC.YO,3009,26,
Tangipahoa Parish,US.LA.TA,3001,61,
Bibb County,US.GA.BI,2997,58,
San Juan County,US.NM.SJ,2986,179,
Shelby County,US.AL.SH,2979,32,
Apache County,US.AZ.AP,2969,129,
Lancaster County,US.NE.LA,2967,14,
St. Joseph County,US.IN.SN,2967,78,
Frederick County,US.MD.FR,2964,121,
Whitfield County,US.GA.WF,2961,24,
Coconino County,US.AZ.CO,2933,117,
Black Hawk County,US.IA.BL,2923,62,
Rapides Parish,US.LA.RA,2901,101,
Johnston County,US.NC.JH,2895,43,
Arlington County,US.VA.AR,2874,135,
Cass County,US.ND.CS,2872,76,
Mohave County,US.AZ.MO,2865,149,
Gaston County,US.NC.GS,2863,33,
Davis County,US.UT.DA,2859,13,
Richmond City,US.VA.RC,2857,38,
Marion County,US.OH.MR,2855,42,
Marshall County,US.AL.MS,2843,29,
Henry County,US.GA.HY,2841,39,
Lowndes County,US.GA.LW,2825,26,
McHenry County,US.IL.MY,2824,112,
Florence County,US.SC.FL,2786,91,
Alexandria City,US.VA.AX,2779,57,
Walker County,US.TX.WK,2772,39,
Stearns County,US.MN.SR,2763,19,
Clay County,US.FL.CY,2758,47,
Sonoma County,US.CA.SO,2748,31,
Okaloosa County,US.FL.OA,2704,24,
Washington County,US.OR.WI,2700,22,
Cherokee County,US.GA.CE,2687,53,
Union County,US.NC.UN,2671,38,
Terrebonne Parish,US.LA.TR,2653,73,
Dorchester County,US.SC.DO,2647,34,
Dauphin County,US.PA.DA,2628,155,
Butler County,US.OH.BU,2605,58,
Fayette County,US.KY.FA,2604,45,
Santa Cruz County,US.AZ.SA,2577,50,
Cumberland County,US.NC.CU,2560,50,
Dougherty County,US.GA.DH,2554,167,
Marion County,US.OR.MR,2533,67,
Robeson County,US.NC.RB,2531,50,
Livingston Parish,US.LA.LV,2521,48,
Lee County,US.AL.LE,2520,43,
Albany County,US.NY.AB,2493,115,
Cleveland County,US.OK.CV,2487,47,
Weber County,US.UT.WB,2478,25,
Lafourche Parish,US.LA.LO,2468,96,
Ascension Parish,US.LA.AE,2444,67,
Columbia County,US.FL.CU,2437,10,
Ellis County,US.TX.EI,2407,33,
Chesapeake City,US.VA.CS,2391,27,
Kenosha County,US.WI.KN,2374,51,
Hamilton County,US.IN.HM,2366,104,
Mahoning County,US.OH.MH,2349,249,
Washtenaw County,US.MI.WS,2345,112,
Pickaway County,US.OH.PC,2342,42,
Warren County,US.KY.WR,2327,22,
Cabarrus County,US.NC.CR,2316,41,
Acadia Parish,US.LA.AD,2299,71,
Wayne County,US.NC.WY,2262,37,
New Hanover County,US.NC.NE,2254,18,
Smith County,US.TX.SM,2251,15,
York County,US.PA.YO,2243,85,
Glynn County,US.GA.GY,2236,26,
Washington County,US.UT.WN,2233,12,
Madison County,US.MS.MD,2211,50,
Douglas County,US.GA.DL,2203,47,
Sumter County,US.SC.SU,2199,41,
Ector County,US.TX.EC,2174,32,
Anderson County,US.TX.AE,2174,7,
Indian River County,US.FL.IN,2167,41,
Kent County,US.DE.KE,2151,105,
Troup County,US.GA.TP,2140,54,
Dona Ana County,US.NM.DO,2139,19,
Iberia Parish,US.LA.II,2126,61,
Morgan County,US.AL.MG,2125,15,
Alamance County,US.NC.AA,2101,41,
Ford County,US.KS.FO,2087,10,
Oneida County,US.NY.OD,2062,115,
Orangeburg County,US.SC.OR,2059,51,
St. Landry Parish,US.LA.SL,2054,70,
Rankin County,US.MS.RA,2048,27,
Madison County,US.IL.MD,2047,72,
Cumberland County,US.ME.CU,2039,68,
Bossier Parish,US.LA.BO,2017,66,
Ulster County,US.NY.UL,2010,81,
Randolph County,US.NC.RA,1999,36,
Harrison County,US.MS.HR,1982,29,
Wilson County,US.TN.WO,1973,20,
Rowan County,US.NC.RW,1940,46,
Linn County,US.IA.LI,1937,87,
Sarpy County,US.NE.SY,1918,9,
Umatilla County,US.OR.UM,1902,22,
Duplin County,US.NC.DP,1900,42,
Dakota County,US.NE.DK,1896,41,
Charlotte County,US.FL.CH,1889,85,
Madera County,US.CA.ME,1886,28,
Lackawanna County,US.PA.LC,1885,212,
Anderson County,US.SC.AN,1881,40,
Etowah County,US.AL.ET,1846,19,
Boulder County,US.CO.BO,1840,75,
Johnson County,US.IA.JH,1835,14,
Catawba County,US.NC.CB,1829,24,
Placer County,US.CA.PA,1822,15,
Jackson County,US.MS.JC,1820,34,
Charles County,US.MD.CH,1819,90,
Saginaw County,US.MI.SG,1807,129,
Cache County,US.UT.CA,1798,3,
Forsyth County,US.GA.FO,1796,19,
Washington County,US.MN.WH,1792,40,
Starr County,US.TX.SR,1784,38,
Buena Vista County,US.IA.BV,1780,12,
Barnstable County,US.MA.BA,1742,156,
Cass County,US.IN.CS,1740,9,
San Luis Obispo County,US.CA.SS,1740,14,
Columbia County,US.GA.CI,1739,19,
Nobles County,US.MN.NB,1737,6,
Maverick County,US.TX.MV,1730,29,
Dallas County,US.IA.DL,1718,34,
Harford County,US.MD.HA,1716,67,
Finney County,US.KS.FI,1716,10,
Hall County,US.NE.HL,1701,46,
Yavapai County,US.AZ.YA,1698,59,
Hendricks County,US.IN.HD,1683,105,
Kaufman County,US.TX.KU,1681,19,
Carroll County,US.GA.CL,1675,43,
Jones County,US.MS.JO,1674,57,
Ottawa County,US.MI.OT,1657,54,
Pickens County,US.SC.PI,1650,19,
Kankakee County,US.IL.KK,1643,68,
Pitt County,US.NC.PI,1639,11,
Honolulu County,US.HI.HO,1637,19,
Comal County,US.TX.OM,1635,58,
Houston County,US.GA.HO,1627,44,
DeKalb County,US.AL.DA,1622,11,
Stark County,US.OH.ST,1619,127,
Hendry County,US.FL.HR,1618,35,
Hernando County,US.FL.HA,1617,29,
Rockingham County,US.NH.RO,1613,95,
Jasper County,US.MO.JS,1608,23,
Davidson County,US.NC.DD,1606,17,
Angelina County,US.TX.AG,1606,32,
Iredell County,US.NC.IR,1605,16,
Sebastian County,US.AR.SB,1601,14,
Johnson County,US.IN.JO,1600,118,
Litchfield County,US.CT.LI,1599,138,
Manassas City,US.VA.MS,1596,20,
Douglas County,US.CO.DU,1594,58,
Bradley County,US.TN.BR,1593,10,
Guadalupe County,US.TX.GU,1593,37,
Clarke County,US.GA.CK,1591,16,
Vanderburgh County,US.IN.VA,1579,8,
Buncombe County,US.NC.BO,1576,45,
Municipality of Anchorage,US.AK.AN,1576,10,
Monroe County,US.PA.MR,1573,123,
Sevier County,US.TN.SV,1572,5,
Elmore County,US.AL.EL,1568,35,
Montgomery County,US.TN.MT,1568,11,
Trousdale County,US.TN.TR,1567,6,
Olmsted County,US.MN.OL,1567,22,
Lorain County,US.OH.LR,1563,75,
Lebanon County,US.PA.LB,1562,54,
Jackson County,US.FL.JA,1553,28,
Columbiana County,US.OH.CL,1547,60,
Newport News City,US.VA.NN,1544,16,
Forrest County,US.MS.FO,1540,50,
Randall County,US.TX.RA,1528,16,
Scott County,US.IA.SC,1527,11,
Rock Island County,US.IL.RO,1524,30,
Warren County,US.OH.WR,1517,34,
Burke County,US.NC.BK,1514,25,
Tom Green County,US.TX.TG,1512,16,
Newton County,US.GA.NE,1503,29,
Putnam County,US.TN.PU,1502,13,
Kootenai County,US.ID.KO,1499,8,
Bartow County,US.GA.BT,1495,55,
Yolo County,US.CA.YO,1494,41,
Kalamazoo County,US.MI.KA,1489,78,
Sullivan County,US.NY.SL,1479,37,
Midland County,US.TX.ID,1476,25,
Cochise County,US.AZ.CH,1467,47,
St. Martin Parish,US.LA.SR,1461,43,
Champaign County,US.IL.CM,1453,19,
Colquitt County,US.GA.CQ,1445,21,
Walker County,US.AL.WK,1445,63,
Ingham County,US.MI.IH,1438,31,
Carroll County,US.MD.CR,1435,116,
Niagara County,US.NY.NI,1434,88,
Johnson County,US.TX.JH,1432,22,
Dubuque County,US.IA.DU,1431,28,
Hot Spring County,US.AR.HT,1429,7,
Kent County,US.RI.KE,1421,102,
Putnam County,US.NY.PU,1418,63,
Portsmouth City,US.VA.PR,1417,22,
Clark County,US.WA.CR,1411,39,
Leavenworth County,US.KS.LV,1406,7,
Sampson County,US.NC.SP,1402,11,
New London County,US.CT.NL,1396,103,
Washington County,US.MS.WS,1389,28,
Westmoreland County,US.PA.WE,1382,45,
Aiken County,US.SC.AI,1377,20,
Middlesex County,US.CT.MI,1377,191,
Robertson County,US.TN.RB,1374,16,
Shawnee County,US.KS.SN,1374,19,
Trumbull County,US.OH.TR,1374,98,
Marshall County,US.IA.MS,1357,24,
St. Mary Parish,US.LA.SM,1356,47,
Wilson County,US.NC.WO,1354,32,
Paulding County,US.GA.PA,1343,18,
Clackamas County,US.OR.CC,1339,36,
Calhoun County,US.AL.CN,1336,8,
Larimer County,US.CO.LR,1335,34,
Rock County,US.WI.RO,1330,26,
Warren County,US.NJ.WA,1326,170,
St. John the Baptist Parish,US.LA.SO,1325,88,
Henderson County,US.NC.HN,1325,53,
St. Charles Parish,US.LA.SC,1320,50,
Gadsden County,US.FL.GA,1315,17,
Dallas County,US.AL.DL,1301,23,
Sussex County,US.NJ.SU,1293,195,
Spotsylvania County,US.VA.SP,1291,33,
Lauderdale County,US.MS.LU,1281,88,
Coffee County,US.GA.CF,1281,24,
Bastrop County,US.TX.BP,1277,18,
Coweta County,US.GA.CA,1275,18,
Scott County,US.MN.SC,1272,7,
Gregg County,US.TX.GE,1270,19,
Jefferson County,US.AR.JE,1270,37,
Wicomico County,US.MD.WI,1269,44,
Putnam County,US.FL.PU,1261,15,
Berrien County,US.MI.BN,1260,64,
Franklin County,US.PA.FR,1259,46,
Kenton County,US.KY.KE,1252,37,
DeSoto County,US.FL.DE,1251,14,
Houston County,US.AL.HO,1251,14,
Orange County,US.NC.OR,1250,45,
Kendall County,US.IL.KA,1247,22,
Stafford County,US.VA.SF,1237,7,
Jefferson County,US.MO.JE,1231,24,
Monroe County,US.FL.MO,1230,6,
Kershaw County,US.SC.KE,1217,22,
Georgetown County,US.SC.GR,1210,16,
Tift County,US.GA.TI,1208,34,
Vermilion Parish,US.LA.VM,1204,16,
Chatham County,US.NC.CH,1200,49,
Citrus County,US.FL.CI,1192,26,
Cumberland County,US.PA.CU,1189,70,
Beaver County,US.PA.BA,1189,88,
Peoria County,US.IL.PI,1189,34,
Grant County,US.WA.GN,1186,12,
St. Clair County,US.AL.SA,1179,9,
Fairfield County,US.OH.FI,1177,22,
Laurens County,US.SC.LU,1173,31,
Greenwood County,US.SC.GW,1171,12,
Twin Falls County,US.ID.TW,1171,30,
Seward County,US.KS.SW,1169,4,
Russell County,US.AL.RU,1168,1,
Floyd County,US.GA.FL,1168,15,
Neshoba County,US.MS.NS,1167,85,
Val Verde County,US.TX.VL,1163,14,
Hale County,US.TX.HE,1162,20,
Lincoln County,US.AR.LC,1161,11,
Faulkner County,US.AR.FA,1158,5,
Franklin County,US.AL.FR,1156,20,
Washington Parish,US.LA.WO,1151,58,
Pope County,US.AR.PP,1150,8,
Brunswick County,US.NC.BS,1150,16,
Walton County,US.FL.WL,1149,12,
Walworth County,US.WI.WL,1142,21,
Delaware County,US.OH.DL,1141,17,
Titus County,US.TX.TU,1141,13,
Granville County,US.NC.GN,1138,25,
Crittenden County,US.AR.CD,1135,17,
Limestone County,US.AL.LI,1134,12,
Highlands County,US.FL.HG,1132,26,
Greene County,US.MO.GE,1126,10,
Boone County,US.MO.BO,1125,3,
Hunterdon County,US.NJ.HN,1125,126,
Hamblen County,US.TN.HB,1125,13,
Lee County,US.NC.LE,1124,9,
Porter County,US.IN.PR,1121,39,
Lee County,US.MS.LE,1115,28,
Hampshire County,US.MA.HS,1107,127,
Muskegon County,US.MI.MG,1107,57,
Pottawattamie County,US.IA.PT,1106,21,
St. Francis County,US.AR.SI,1104,3,
Cullman County,US.AL.CU,1099,11,
Rockdale County,US.GA.RO,1090,15,
Iberville Parish,US.LA.IV,1083,47,
Suwannee County,US.FL.SW,1082,32,
Story County,US.IA.ST,1077,13,
Santa Cruz County,US.CA.SZ,1076,4,
Accomack County,US.VA.AC,1074,15,
Harnett County,US.NC.HT,1074,36,
Caldwell County,US.NC.CL,1066,9,
Sandoval County,US.NM.SD,1063,33,
Lamar County,US.MS.LM,1063,12,
Craighead County,US.AR.CG,1062,11,
Licking County,US.OH.LI,1059,31,
Mower County,US.MN.MW,1059,2,
Sumter County,US.FL.SM,1058,27,
Caldwell County,US.TX.CW,1056,22,
Buchanan County,US.MO.BC,1049,10,
Taylor County,US.TX.TA,1049,18,
Clark County,US.OH.CK,1046,13,
Ware County,US.GA.WE,1046,23,
Tipton County,US.TN.TI,1040,9,
Outagamie County,US.WI.OU,1037,12,
Harrisonburg City,US.VA.HS,1037,29,
Nassau County,US.FL.NA,1037,10,
Bulloch County,US.GA.BH,1032,11,
Tippecanoe County,US.IN.TP,1031,11,
Barrow County,US.GA.BW,1030,32,
Texas County,US.OK.TE,1029,7,
Broome County,US.NY.BO,1029,72,
Allen Parish,US.LA.AL,1029,19,
Parker County,US.TX.PR,1026,12,
Oktibbeha County,US.MS.OK,1024,31,
Colbert County,US.AL.CL,1023,11,
Chelan County,US.WA.CH,1019,9,
Schenectady County,US.NY.SN,1018,38,
Tolland County,US.CT.TO,1011,66,
Hunt County,US.TX.HT,1010,20,
Moore County,US.TX.MO,1008,12,
Eagle County,US.CO.EA,1006,9,
Habersham County,US.GA.HB,1002,47,
Autauga County,US.AL.AU,1002,21,
Suffolk City,US.VA.SO,1001,48,
Orange County,US.TX.OR,999,15,
St. Bernard Parish,US.LA.SE,998,23,
Winnebago County,US.WI.WA,997,16,
Lauderdale County,US.AL.LU,996,10,
Clark County,US.IN.CK,994,45,
Darlington County,US.SC.DA,993,32,
Yell County,US.AR.YE,991,14,
Canadian County,US.OK.CN,988,5,
Lancaster County,US.SC.LN,984,18,
Yellowstone County,US.MT.YS,983,25,
Lake County,US.OH.LK,983,33,
Hampton city,US.VA.HM,973,5,
Escambia County,US.AL.ES,972,15,
Blount County,US.TN.BO,972,7,
Grayson County,US.TX.GO,972,11,
Maury County,US.TN.MU,971,5,
Rice County,US.MN.RI,970,8,
Boone County,US.KY.BO,965,24,
Nash County,US.NC.NA,963,10,
Gordon County,US.GA.GO,958,23,
Nacogdoches County,US.TX.NC,957,33,
Scott County,US.MS.SC,944,17,
Talladega County,US.AL.TD,944,13,
Dawson County,US.NE.DN,939,9,
Culpeper County,US.VA.CP,938,12,
Washington County,US.MD.WA,936,30,
Cleveland County,US.NC.CV,936,13,
Jefferson Davis Parish,US.LA.JD,934,24,
Warren County,US.MS.WR,930,24,
Sevier County,US.AR.SV,927,10,
Lowndes County,US.MS.LO,922,26,
McDonald County,US.MO.MA,916,7,
Baldwin County,US.GA.BD,913,38,
Thomas County,US.GA.TH,912,39,
Butte County,US.CA.BU,907,7,
Sangamon County,US.IL.SM,906,33,
Erie County,US.PA.ER,905,15,
Fayette County,US.GA.FY,898,24,
Avoyelles Parish,US.LA.AV,895,26,
Whatcom County,US.WA.WA,894,37,
Bolivar County,US.MS.BO,889,29,
Copiah County,US.MS.CP,885,23,
Jackson County,US.GA.JC,884,13,
Rockingham County,US.VA.RG,883,17,
Walton County,US.GA.WA,880,32,
Lee County,US.AR.LE,879,6,
Okeechobee County,US.FL.OE,878,2,
Burleigh County,US.ND.BL,877,4,
Schuylkill County,US.PA.SC,875,49,
Wichita County,US.TX.WC,874,9,
St. Mary's County,US.MD.SA,874,53,
Sunflower County,US.MS.SU,873,20,
Washington County,US.TN.WI,870,2,
Chambers County,US.TX.CH,870,2,
Monongalia County,US.WV.MG,869,5,
Salem County,US.NJ.SA,867,83,
Panola County,US.MS.PA,867,11,
Flagler County,US.FL.FL,867,10,
Napa County,US.CA.NA,865,8,
Moore County,US.NC.ME,858,20,
Clay County,US.MO.CY,857,19,
Monroe County,US.MI.MO,854,21,
Wood County,US.OH.WO,852,58,
Chambers County,US.AL.CM,848,38,
Stanly County,US.NC.SN,848,10,
Williamsburg County,US.SC.WI,845,23,
Gallatin County,US.MT.GL,833,2,
Surry County,US.NC.SU,832,7,
Grimes County,US.TX.GM,832,19,
Saline County,US.AR.SL,827,4,
Tallapoosa County,US.AL.TP,824,79,
Spalding County,US.GA.SD,823,38,
Lafayette County,US.MS.LY,821,6,
Onslow County,US.NC.ON,820,10,
Hardee County,US.FL.HD,819,7,
Liberty County,US.TX.LT,815,24,
McCurtain County,US.OK.MU,814,25,
Wapello County,US.IA.WP,814,31,
Holmes County,US.MS.HO,809,45,
Bedford County,US.TN.BD,808,10,
Roanoke city,US.VA.RO,805,10,
Pennington County,US.SD.PN,804,26,
Cape May County,US.NJ.CP,803,86,
Pike County,US.MS.PI,803,30,
Macon County,US.TN.MC,803,13,
DeKalb County,US.IL.DK,801,28,
Blue Earth County,US.MN.BE,801,4,
Webster Parish,US.LA.WR,800,13,
Hardin County,US.TX.HN,800,10,
Columbus County,US.NC.CM,799,44,
Medina County,US.OH.MD,795,33,
Clermont County,US.OH.CE,792,10,
Muscatine County,US.IA.MU,791,47,
Leflore County,US.MS.LL,791,59,
Washington County,US.WI.WN,791,22,
Grenada County,US.MS.GN,789,19,
Madison County,US.IN.MD,789,64,
Kosciusko County,US.IN.KO,788,11,
LaPorte County,US.IN.LA,787,29,
Garland County,US.AR.GL,786,7,
Skagit County,US.WA.SG,783,20,
Newton County,US.MO.NT,781,4,
Gila County,US.AZ.GI,778,29,
Howard County,US.IN.HO,777,63,
La Crosse County,US.WI.LA,775,1,
Franklin Parish,US.LA.FR,759,16,
Wright County,US.MN.WR,759,4,
Kanawha County,US.WV.KA,756,20,
Sutter County,US.CA.SU,755,6,
Platte County,US.NE.PL,754,3,
Navarro County,US.TX.NV,751,8,
Dale County,US.AL.DE,751,18,
Comanche County,US.OK.CM,751,10,
Dodge County,US.NE.DE,750,8,
Covington County,US.AL.CV,749,21,
Butler County,US.AL.BT,747,36,
Hardeman County,US.TN.HA,747,11,
Yazoo County,US.MS.YZ,747,11,
Franklin County,US.NC.FR,747,25,
Cherokee County,US.TX.CK,746,4,
St. Clair County,US.MI.SA,746,53,
Rogers County,US.OK.RS,745,13,
Livingston County,US.MI.LI,745,28,
Leake County,US.MS.LK,740,25,
Madison County,US.TN.MD,739,11,
Clarendon County,US.SC.CN,739,49,
Newberry County,US.SC.NE,735,7,
Clay County,US.MN.CA,734,39,
Albemarle County,US.VA.AB,733,10,
Blount County,US.AL.BU,731,3,
Jackson County,US.AL.JA,730,5,
Tuscarawas County,US.OH.TU,730,13,
Miami County,US.OH.MM,728,36,
Douglas County,US.WA.DO,726,7,
Colleton County,US.SC.CT,726,31,
Lake County,US.TN.LK,726,0,
Carver County,US.MN.CV,723,2,
Washington County,US.PA.WS,723,11,
Marshall County,US.IN.MS,722,21,
Wilkes County,US.NC.WE,721,9,
Rockwall County,US.TX.RC,718,11,
Rensselaer County,US.NY.RE,718,35,
Wayne County,US.MS.WY,717,21,
Calhoun County,US.MI.CU,717,41,
Lincoln County,US.MS.LI,716,38,
Bartholomew County,US.IN.BA,715,47,
Chittenden County,US.VT.CH,715,39,
Sumter County,US.GA.SU,713,56,
Boone County,US.IL.BO,712,23,
Lincoln County,US.NC.LI,710,2,
Vance County,US.NC.VA,710,40,
Saratoga County,US.NY.SR,709,15,
Crawford County,US.IA.CW,706,3,
Oconee County,US.SC.OC,699,6,
Coffee County,US.AL.CF,697,5,
Beauregard Parish,US.LA.BE,697,13,
San Patricio County,US.TX.SP,694,15,
Bowie County,US.TX.BW,693,26,
Portage County,US.OH.PO,693,60,
Colfax County,US.NE.CO,692,4,
Okanogan County,US.WA.OK,689,2,
Shelby County,US.KY.SH,688,22,
Evangeline Parish,US.LA.EV,686,2,
Chilton County,US.AL.CI,686,6,
Simpson County,US.MS.SI,685,17,
Windham County,US.CT.WI,685,15,
Daviess County,US.KY.DA,685,7,
Sullivan County,US.TN.SL,684,7,
Pointe Coupee Parish,US.LA.PO,683,32,
Summit County,US.UT.SU,683,1,
Garfield County,US.CO.GA,682,4,
Morgan County,US.CO.MN,673,46,
Wagoner County,US.OK.WG,673,22,
Pontotoc County,US.MS.PO,673,6,
Lincoln Parish,US.LA.LN,672,23,
Laurens County,US.GA.LR,669,3,
Webster County,US.IA.WE,668,5,
Jackson County,US.MI.JA,666,33,
Shenandoah County,US.VA.SN,665,40,
Chesterfield County,US.SC.CF,660,19,
Polk County,US.TX.PK,656,8,
Bledsoe County,US.TN.BE,656,1,
Vernon Parish,US.LA.VN,654,21,
Natchitoches Parish,US.LA.NA,654,16,
Kandiyohi County,US.MN.KD,653,1,
Monroe County,US.IN.MR,652,30,
Monroe County,US.MS.MR,649,49,
Frederick County,US.VA.FK,649,7,
Hoke County,US.NC.HO,648,8,
Berkshire County,US.MA.BE,648,46,
Mississippi County,US.AR.MS,648,8,
Logan County,US.CO.LO,647,5,
York County,US.ME.YO,645,12,
Matagorda County,US.TX.MD,644,20,
Dodge County,US.WI.DD,642,5,
Pike County,US.AL.PK,641,7,
Lyon County,US.KS.LY,640,11,
Payne County,US.OK.PY,638,3,
Madison County,US.TX.AD,637,0,
Berkeley County,US.WV.BE,637,11,
Bonneville County,US.ID.BV,636,1,
Floyd County,US.IN.FL,636,44,
Malheur County,US.OR.ML,634,9,
Douglas County,US.KS.DG,632,3,
Coahoma County,US.MS.CH,626,7,
De Soto Parish,US.LA.DE,623,24,
Jones County,US.TX.JN,621,0,
Cecil County,US.MD.CE,619,30,
Rutherford County,US.NC.RU,619,13,
Polk County,US.GA.PO,614,6,
El Dorado County,US.CA.EL,613,1,
Noble County,US.IN.NO,613,28,
Gonzales County,US.TX.GA,613,7,
St. James Parish,US.LA.SJ,611,30,
Craven County,US.NC.CN,610,9,
San Benito County,US.CA.SI,609,4,
West Baton Rouge Parish,US.LA.WB,609,35,
Boone County,US.IN.BO,609,45,
Grand Forks County,US.ND.GD,608,4,
Muhlenberg County,US.KY.MU,607,9,
San Juan County,US.UT.SJ,606,22,
Johnson County,US.AR.JO,606,0,
Lamar County,US.TX.LR,605,16,
Harrison County,US.TX.HR,604,22,
Allen County,US.OH.AN,603,42,
Thurston County,US.WA.TH,603,7,
Sherburne County,US.MN.SH,602,5,
Harris County,US.GA.HI,599,15,
Greene County,US.OH.GR,599,11,
Kitsap County,US.WA.KS,598,3,
Pender County,US.NC.PD,597,3,
Delaware County,US.IN.DL,597,52,
Lea County,US.NM.LE,596,3,
Halifax County,US.NC.HL,595,6,
Tate County,US.MS.TT,594,21,
Mitchell County,US.GA.MT,594,41,
Lavaca County,US.TX.LA,593,13,
Butler County,US.PA.BT,593,15,
Buckingham County,US.VA.BK,592,6,
Cass County,US.MO.CS,592,9,
Wharton County,US.TX.WN,591,19,
Jackson County,US.IL.JC,591,19,
Hancock County,US.IN.HC,591,37,
Camden County,US.GA.CD,591,4,
Loudon County,US.TN.LO,590,3,
Pueblo County,US.CO.PU,590,34,
Washington County,US.RI.WA,590,61,
Coryell County,US.TX.CL,589,5,
Belmont County,US.OH.BE,588,26,
Decatur County,US.GA.DC,588,8,
Dubois County,US.IN.DU,587,10,
Effingham County,US.GA.EF,587,1,
Barbour County,US.AL.BR,585,5,
Beadle County,US.SD.BA,585,9,
Fayette County,US.TN.FA,584,8,
Madison County,US.FL.MD,583,7,
Hanover County,US.VA.HV,583,30,
Medina County,US.TX.ME,582,20,
Saline County,US.NE.SL,578,2,
Chattahoochee County,US.GA.CH,578,1,
Cape Girardeau County,US.MO.CG,578,3,
Willacy County,US.TX.WY,577,18,
Sioux County,US.IA.SI,574,2,
Union Parish,US.LA.UN,573,32,
Jim Wells County,US.TX.JW,573,5,
Sheboygan County,US.WI.SE,573,5,
Toombs County,US.GA.TM,571,6,
Fauquier County,US.VA.FQ,571,8,
Marion County,US.MS.MI,569,16,
Covington County,US.MS.CV,569,10,
Blaine County,US.ID.BL,567,6,
Hamilton County,US.FL.HM,567,3,
Wakulla County,US.FL.WK,565,2,
Deaf Smith County,US.TX.DI,565,17,
Calvert County,US.MD.CL,565,27,
Bladen County,US.NC.BL,563,6,
Cerro Gordo County,US.IA.CG,563,17,
Montgomery County,US.NC.MO,563,13,
Liberty County,US.GA.LB,562,2,
Edgecombe County,US.NC.ED,560,11,
Lowndes County,US.AL.LO,559,26,
Washington County,US.OK.WN,556,39,
Adams County,US.MS.AD,552,23,
Wayne County,US.GA.WY,552,4,
St. Joseph County,US.MI.SJ,551,7,
Anderson County,US.TN.AN,550,5,
Dickson County,US.TN.DI,550,1,
Santa Fe County,US.NM.ST,550,3,
Androscoggin County,US.ME.AN,548,7,
Levy County,US.FL.LV,546,3,
Appling County,US.GA.AP,544,16,
Winston County,US.MS.WN,544,14,
Henderson County,US.TX.HD,542,8,
Jefferson County,US.WI.JE,542,5,
McDowell County,US.NC.MW,539,8,
Jackson County,US.IN.JC,539,4,
Marion County,US.AL.MI,537,24,
Bay County,US.MI.BY,536,31,
Madison Parish,US.LA.MA,536,6,
Burnet County,US.TX.BT,536,7,
LaGrange County,US.IN.LG,535,10,
Dillon County,US.SC.DI,535,23,
Marathon County,US.WI.MH,532,5,
Assumption Parish,US.LA.AS,531,19,
James City County,US.VA.JA,531,16,
Ashtabula County,US.OH.AB,530,44,
Oldham County,US.KY.OL,530,10,
Tama County,US.IA.TM,529,29,
Stephens County,US.GA.SE,528,10,
Marshall County,US.MS.MS,526,8,
Pike County,US.PA.PI,524,21,
Tooele County,US.UT.TE,524,0,
Wasatch County,US.UT.WA,523,4,
Lincoln County,US.SD.LI,523,2,
DeWitt County,US.TX.DE,522,13,
Fond du Lac County,US.WI.FN,522,6,
Walker County,US.GA.WK,521,14,
McLean County,US.IL.ML,520,15,
Chester County,US.SC.CR,519,9,
Worcester County,US.MD.WO,518,18,
Bryan County,US.GA.BY,518,6,
George County,US.MS.GR,517,5,
Geauga County,US.OH.GE,515,43,
Ozaukee County,US.WI.OZ,514,16,
Columbia County,US.NY.CU,513,47,
Catoosa County,US.GA.CS,513,9,
Cherokee County,US.SC.CK,512,21,
Lenoir County,US.NC.LN,511,11,
Fairfield County,US.SC.FA,511,23,
Deschutes County,US.OR.DE,509,5,
Richland County,US.OH.RI,509,10,
Newton County,US.MS.NW,509,11,
Marengo County,US.AL.ME,509,14,
Murray County,US.GA.MA,507,2,
Sabine Parish,US.LA.SB,506,7,
Gibson County,US.TN.GB,500,1,
Iron County,US.UT.RN,500,2,
Richland Parish,US.LA.RI,500,6,
Shelby County,US.IN.SH,499,26,
Marion County,US.SC.MI,498,12,
Chicot County,US.AR.CT,498,5,
Lee County,US.GA.LE,496,22,
Manassas Park city,US.VA.MP,495,7,
Crawford County,US.AR.CW,495,3,
Hardin County,US.KY.HN,495,8,
Warren County,US.IA.WR,494,1,
Cheatham County,US.TN.CA,494,4,
East Carroll Parish,US.LA.EC,492,1,
Franklin County,US.MO.FR,490,18,
Erie County,US.OH.ER,488,25,
Grant County,US.IN.GA,488,29,
Washington County,US.FL.WS,488,13,
Clarke County,US.AL.CK,487,9,
Dyer County,US.TN.DY,487,5,
East Feliciana Parish,US.LA.EF,486,35,
Lee County,US.SC.LE,485,26,
Allegan County,US.MI.AL,485,7,
Lane County,US.OR.LE,484,3,
Campbell County,US.KY.CM,483,13,
Bee County,US.TX.BE,482,7,
Attala County,US.MS.AT,480,23,
Mercer County,US.OH.MC,476,13,
Yadkin County,US.NC.YD,473,6,
Jasper County,US.SC.JA,473,10,
Wayne County,US.OH.WE,472,58,
Graves County,US.KY.GV,471,22,
Gilmer County,US.GA.GI,470,3,
Christian County,US.KY.CH,469,6,
Creek County,US.OK.CE,468,12,
Richmond County,US.NC.RI,468,8,
La Paz County,US.AZ.LA,468,10,
Union County,US.MS.UN,467,13,
Henry County,US.VA.HY,467,5,
Rhea County,US.TN.RH,466,1,
Yuba County,US.CA.YU,465,4,
Fremont County,US.WY.FR,464,10,
LaSalle County,US.IL.LA,463,18,
Eau Claire County,US.WI.EA,462,3,
Oceana County,US.MI.OA,462,6,
Pearl River County,US.MS.PL,462,35,
Adams County,US.PA.AD,461,19,
Upson County,US.GA.UP,460,45,
Frio County,US.TX.FO,458,5,
Warrick County,US.IN.WI,458,29,
Merrimack County,US.NH.ME,456,21,
Uvalde County,US.TX.UV,456,3,
Columbia County,US.PA.CO,456,35,
Calhoun County,US.TX.CU,453,3,
Washington County,US.TX.WH,452,37,
McMinn County,US.TN.MM,452,20,
Charlottesville City,US.VA.CE,451,9,
Jefferson County,US.TN.JE,451,2,
Laramie County,US.WY.LA,449,3,
Cassia County,US.ID.CS,448,1,
Erath County,US.TX.ER,447,5,
Hale County,US.AL.HA,447,25,
Riley County,US.KS.RL,445,5,
Johnson County,US.MO.JO,445,1,
Butts County,US.GA.BU,444,36,
Jasper County,US.IA.JS,443,24,
Elko County,US.NV.EL,443,2,
Eaton County,US.MI.EA,442,7,
Jackson County,US.OK.JA,442,3,
Miller County,US.AR.ML,442,4,
Dearborn County,US.IN.DR,441,27,
Rockingham County,US.NC.RC,441,3,
Macon County,US.NC.MN,439,2,
Wright County,US.IA.WG,437,1,
Graham County,US.AZ.GA,435,8,
Bullock County,US.AL.BL,435,12,
St. Croix County,US.WI.SI,433,2,
Perry County,US.AL.PE,432,3,
Curry County,US.NM.CU,431,2,
Cowlitz County,US.WA.CW,426,5,
Petersburg city,US.VA.PB,426,10,
Roanoke County,US.VA.RE,425,7,
Plymouth County,US.IA.PM,425,8,
Macon County,US.IL.MC,424,23,
Winston County,US.AL.WN,422,10,
Morehouse Parish,US.LA.MO,422,11,
Lawrence County,US.TN.LW,421,6,
Walthall County,US.MS.WT,420,17,
Monroe County,US.AL.MR,420,4,
Plaquemines Parish,US.LA.PL,419,18,
Caroline County,US.MD.CO,418,3,
Minidoka County,US.ID.MI,416,2,
Randolph County,US.IL.RA,416,7,
Greensville County,US.VA.GS,415,9,
Scurry County,US.TX.SU,415,1,
Worth County,US.GA.WO,415,23,
Wilson County,US.TX.WS,414,16,
Lyon County,US.MN.LY,414,3,
Todd County,US.MN.TO,413,2,
Chickasaw County,US.MS.CS,413,19,
Holmes County,US.FL.HO,413,2,
Bamberg County,US.SC.BM,412,15,
Muskogee County,US.OK.MO,411,16,
Jerome County,US.ID.JR,409,6,
Marlboro County,US.SC.ML,409,4,
Morgan County,US.IN.MG,408,32,
Madison County,US.NE.MA,407,5,
Vigo County,US.IN.VI,406,10,
Atascosa County,US.TX.AT,405,13,
Wilcox County,US.AL.WC,404,9,
Monroe County,US.GA.MN,404,23,
Noxubee County,US.MS.NO,403,10,
Hood County,US.TX.HO,402,7,
Jefferson County,US.GA.JR,400,5,
Northumberland County,US.PA.NU,400,11,
Saline County,US.MO.SI,399,6,
Lapeer County,US.MI.LP,399,32,
Bacon County,US.GA.BC,399,6,
Franklin County,US.MA.FR,398,60,
Clinton County,US.MI.CN,397,13,
Union County,US.AR.UN,396,16,
Madison County,US.NY.MA,396,9,
Lynchburg city,US.VA.LY,396,2,
Tallahatchie County,US.MS.TL,395,9,
Brown County,US.SD.BW,395,3,
Walla Walla County,US.WA.WL,395,3,
Saluda County,US.SC.SA,394,6,
Lonoke County,US.AR.LO,393,2,
Broomfield County and City,US.CO.BR,392,32,
Henderson County,US.TN.HS,392,0,
Waller County,US.TX.WR,391,2,
Grady County,US.OK.GD,391,6,
Hopkins County,US.KY.HO,390,33,
Winchester city,US.VA.WH,390,4,
Claiborne County,US.MS.CB,390,12,
Glades County,US.FL.GL,389,3,
Lauderdale County,US.TN.LU,389,6,
Randolph County,US.AL.RA,388,11,
Lenawee County,US.MI.LN,387,12,
Grady County,US.GA.GD,387,4,
Washington County,US.GA.WG,387,1,
Emanuel County,US.GA.EM,387,7,
Fairbanks North Star Borough,US.AK.FA,386,5,
Union County,US.OR.UN,386,2,
Delaware County,US.OK.DL,385,19,
Van Buren County,US.MI.VA,385,11,
Lincoln County,US.OR.LC,385,8,
Jackson County,US.NC.JA,382,3,
Pettis County,US.MO.PS,382,3,
Cook County,US.GA.CO,381,6,
Newport County,US.RI.NE,380,4,
Burke County,US.GA.BE,380,7,
McClain County,US.OK.ML,379,4,
Queen Anne's County,US.MD.QU,378,25,
Tattnall County,US.GA.TT,378,1,
Louisa County,US.IA.LO,376,14,
Crawford County,US.KS.CR,375,1,
Adams County,US.WA.AD,374,3,
Taney County,US.MO.TA,374,3,
Winn Parish,US.LA.WI,371,7,
Shelby County,US.TX.SY,371,16,
Pierce County,US.GA.PR,370,6,
Okmulgee County,US.OK.OM,369,2,
Bryan County,US.OK.BR,368,1,
Oconee County,US.GA.OC,368,15,
Dickinson County,US.IA.DI,366,4,
Coles County,US.IL.CE,366,19,
Smith County,US.MS.SM,366,12,
St. Louis County,US.MN.ST,366,18,
Ogle County,US.IL.OG,365,5,
Conecuh County,US.AL.CO,365,10,
Calhoun County,US.MS.CN,364,8,
Fayette County,US.PA.FA,363,4,
Hardin County,US.TN.HI,363,7,
Adams County,US.IL.AD,363,1,
Laurel County,US.KY.LU,361,4,
Jasper County,US.MS.JS,360,8,
Clay County,US.MS.CY,360,13,
Shasta County,US.CA.SH,360,8,
Ross County,US.OH.RO,359,5,
Huron County,US.OH.HU,359,4,
La Salle County,US.TX.LS,357,1,
Sumter County,US.AL.SU,357,17,
Carbon County,US.PA.CB,356,28,
Liberty County,US.FL.LI,356,2,
Crisp County,US.GA.CP,356,14,
Cumberland County,US.TN.CU,356,6,
Putnam County,US.GA.PT,355,17,
Brooks County,US.GA.BO,355,15,
Carter County,US.TN.CT,354,4,
Henry County,US.IN.HY,354,18,
Centre County,US.PA.CT,353,10,
Coffee County,US.TN.CF,353,0,
Pickens County,US.AL.PC,353,10,
Obion County,US.TN.OB,352,4,
Freeborn County,US.MN.FR,352,1,
Bibb County,US.AL.BI,352,2,
Ontario County,US.NY.OR,349,27,
Warren County,US.TN.WR,349,3,
Charlton County,US.GA.CT,349,3,
Brown County,US.TX.BN,348,13,
Cocke County,US.TN.CE,348,1,
Kerr County,US.TX.KR,348,5,
Bienville Parish,US.LA.BI,348,29,
Jackson Parish,US.LA.JA,347,18,
Pottawatomie County,US.OK.PT,347,6,
Osage County,US.OK.OS,346,11,
Franklin County,US.GA.FR,346,4,
Valencia County,US.NM.VA,346,4,
Fredericksburg City,US.VA.FB,345,2,
Warren County,US.VA.WR,345,7,
Meriwether County,US.GA.MW,344,5,
Waupaca County,US.WI.WP,344,14,
Madison County,US.KY.MD,344,1,
Nye County,US.NV.NY,343,7,
Baker County,US.FL.BK,343,4,
Haywood County,US.TN.HY,342,5,
Davie County,US.NC.DV,341,3,
Early County,US.GA.EA,339,31,
Jeff Davis County,US.GA.JF,338,5,
Sauk County,US.WI.SU,338,3,
Adams County,US.NE.AD,336,11,
Ohio County,US.KY.OH,336,6,
Pasquotank County,US.NC.PU,336,17,
Jackson County,US.OR.JA,335,1,
Ottawa County,US.OH.OT,335,25,
Athens County,US.OH.AS,334,1,
White County,US.IN.WH,334,10,
Clinton County,US.IN.CI,332,3,
Caddo County,US.OK.CD,332,14,
Smith County,US.TN.SH,332,2,
Page County,US.VA.PA,331,24,
Teton County,US.WY.TE,331,1,
Carroll County,US.AR.CL,331,6,
Beaufort County,US.NC.BA,331,2,
Alcorn County,US.MS.AL,331,3,
Portage County,US.WI.PT,330,0,
Talbot County,US.MD.TA,330,4,
Scott County,US.MO.ST,330,13,
Galax city,US.VA.GA,329,17,
Prince George County,US.VA.PG,328,2,
Kleberg County,US.TX.KL,328,4,
Rusk County,US.TX.RK,328,2,
Ben Hill County,US.GA.BL,327,3,
Kittitas County,US.WA.KT,326,17,
Montgomery County,US.IN.MM,326,21,
Dorchester County,US.MD.DO,326,5,
Lawrence County,US.PA.LW,324,11,
Greene County,US.TN.GE,324,5,
Garfield County,US.OK.GF,324,4,
Isle of Wight County,US.VA.IS,323,9,
Strafford County,US.NH.ST,323,13,
Van Zandt County,US.TX.VN,321,2,
Summit County,US.CO.SU,321,4,
Clinton County,US.IL.CN,321,17,
Tazewell County,US.IL.TA,321,8,
West Feliciana Parish,US.LA.WF,321,15,
Taylor County,US.FL.TA,319,3,
Jackson County,US.TX.JA,319,4,
Buffalo County,US.NE.BF,319,1,
Mercer County,US.PA.ME,318,9,
Cibola County,US.NM.CI,318,17,
Yamhill County,US.OR.YA,318,10,
Steele County,US.MN.SE,318,1,
Richmond County,US.VA.RI,317,4,
Chaves County,US.NM.CH,317,5,
Saline County,US.KS.SA,316,4,
Bradford County,US.FL.BA,316,3,
Glenn County,US.CA.GL,315,1,
Holmes County,US.OH.HL,315,5,
Shiawassee County,US.MI.SH,315,28,
Lycoming County,US.PA.LY,314,20,
Elbert County,US.GA.EL,314,1,
Grant County,US.WI.GA,313,14,
McCracken County,US.KY.MK,313,4,
Branch County,US.MI.BC,313,2,
Colusa County,US.CA.CL,312,4,
Stephenson County,US.IL.SN,312,6,
Ottawa County,US.OK.OT,311,2,
Payette County,US.ID.PA,311,2,
Lawrence County,US.IN.LW,311,27,
Henderson County,US.KY.HE,310,4,
Hancock County,US.MS.HN,310,14,
Barnwell County,US.SC.BN,309,3,
Pittsylvania County,US.VA.PS,309,2,
Cabell County,US.WV.CB,309,2,
Box Elder County,US.UT.BE,308,2,
Macon County,US.AL.MC,308,12,
Madison County,US.OH.MO,308,9,
Giles County,US.TN.GL,308,8,
Hampton County,US.SC.HA,308,7,
Darke County,US.OH.DA,308,26,
Union County,US.SC.UN,307,2,
Prentiss County,US.MS.PN,307,6,
Parmer County,US.TX.PM,305,7,
Gilchrist County,US.FL.GI,305,3,
Monroe County,US.TN.MR,305,9,
Carroll County,US.VA.CL,305,11,
Bristol County,US.RI.BR,304,15,
Madison County,US.GA.MD,304,4,
Decatur County,US.IN.DC,304,32,
Mecklenburg County,US.VA.ME,303,31,
Yalobusha County,US.MS.YL,303,10,
Wise County,US.TX.WE,303,5,
Whiteside County,US.IL.WD,302,16,
Roane County,US.TN.RA,302,1,
Carson City,US.NV.CA,302,7,
Barren County,US.KY.BN,302,2,
Big Horn County,US.MT.BI,301,6,
Hill County,US.TX.HI,301,1,
Washington County,US.AL.WS,301,10,
Gulf County,US.FL.GU,301,1,
Prince Edward County,US.VA.PD,300,9,
Bannock County,US.ID.BO,299,2,
Independence County,US.AR.IN,299,0,
Mendocino County,US.CA.MI,299,9,
Anson County,US.NC.AN,298,2,
Watonwan County,US.MN.WT,298,0,
Scott County,US.KY.SC,298,0,
Warren County,US.NY.WR,298,30,
Sandusky County,US.OH.SA,298,16,
Logan County,US.KY.LO,297,22,
Milam County,US.TX.MI,297,3,
Tuscola County,US.MI.TU,297,27,
Lawrence County,US.MS.LW,297,4,
Fayette County,US.TX.FT,297,13,
Platte County,US.MO.PT,295,7,
Peach County,US.GA.PH,294,11,
Benton County,US.MN.BN,294,3,
Nevada County,US.CA.NE,293,1,
Jefferson County,US.OR.JE,293,3,
York County,US.VA.YO,293,3,
Tishomingo County,US.MS.TS,293,3,
Cherokee County,US.OK.CK,292,1,
Rio Arriba County,US.NM.RI,292,4,
Wayne County,US.IN.WY,292,8,
Kenai Peninsula Borough,US.AK.KN,292,2,
Northampton County,US.VA.NA,292,28,
Danville City,US.VA.DA,291,5,
Orleans County,US.NY.OL,291,55,
Hancock County,US.OH.HN,291,2,
Steuben County,US.NY.ST,290,29,
Butler County,US.KY.BR,290,15,
DeKalb County,US.TN.DE,289,1,
Midland County,US.MI.MD,289,9,
Williamson County,US.IL.WS,289,5,
Clarke County,US.MS.CE,288,25,
Terrell County,US.GA.TL,288,29,
Itawamba County,US.MS.IT,288,9,
Howard County,US.AR.HW,287,2,
Nicollet County,US.MN.NI,287,13,
Huntingdon County,US.PA.HU,287,4,
Greene County,US.NC.GE,287,3,
Greene County,US.NY.GR,287,13,
Lawrence County,US.AL.LW,286,0,
Jefferson County,US.WV.JE,286,4,
Jasper County,US.TX.JR,286,5,
White County,US.GA.WH,285,5,
Carter County,US.OK.CR,285,3,
Trempealeau County,US.WI.TR,285,1,
Abbeville County,US.SC.AB,284,6,
Bullitt County,US.KY.BI,284,4,
McNairy County,US.TN.MA,283,5,
Washington County,US.IA.WS,282,10,
Chaffee County,US.CO.CA,281,19,
Calhoun County,US.SC.CH,281,3,
Manitowoc County,US.WI.MW,281,1,
Hancock County,US.GA.HC,280,34,
Greene County,US.AR.GE,280,1,
Carteret County,US.NC.CE,279,4,
Crenshaw County,US.AL.CA,279,4,
Calhoun County,US.FL.CA,278,7,
Scotts Bluff County,US.NE.SC,278,6,
Camden County,US.MO.CM,277,4,
Sussex County,US.VA.SS,276,8,
Union County,US.IL.UN,276,21,
Atkinson County,US.GA.AT,276,2,
Polk County,US.OR.PO,276,12,
Wood County,US.TX.WO,276,5,
Fulton County,US.NY.FU,275,28,
Lumpkin County,US.GA.LP,275,6,
Adair County,US.OK.AD,274,5,
Marinette County,US.WI.MT,272,3,
McDuffie County,US.GA.MU,272,9,
Cass County,US.MI.CS,272,9,
St. Francois County,US.MO.SF,272,2,
Lincoln County,US.MO.LO,272,1,
Morrow County,US.OR.MO,271,2,
Northampton County,US.NC.NO,270,16,
Genesee County,US.NY.GE,270,6,
Mayes County,US.OK.MY,270,6,
Clinton County,US.IA.CN,270,2,
Choctaw County,US.AL.CC,270,12,
Cole County,US.MO.CE,269,2,
Tippah County,US.MS.TP,269,12,
Harrison County,US.IN.HI,268,22,
Haywood County,US.NC.HW,268,2,
Panola County,US.TX.PN,267,17,
Hawkins County,US.TN.HW,267,3,
Montgomery County,US.MS.MT,266,3,
Grant Parish,US.LA.GR,266,8,
Karnes County,US.TX.KS,266,3,
Pickens County,US.GA.PE,266,5,
Hertford County,US.NC.HD,265,11,
Dawson County,US.GA.DW,265,3,
Montrose County,US.CO.MO,265,13,
Phillips County,US.AR.PH,265,6,
Ionia County,US.MI.II,264,5,
Allegany County,US.MD.AL,264,18,
Montgomery County,US.VA.MO,264,3,
Bell County,US.KY.BL,262,2,
Bedford County,US.VA.BF,261,5,
St. Lawrence County,US.NY.SI,260,4,
Grundy County,US.IL.GU,260,5,
Scotland County,US.NC.SC,259,2,
Matanuska-Susitna Borough,US.AK.MA,259,2,
Alexander County,US.NC.AE,259,2,
Fannin County,US.GA.FN,259,2,
Jessamine County,US.KY.JS,258,0,
Humphreys County,US.MS.HU,257,11,
Edgefield County,US.SC.ED,256,5,
Morton County,US.ND.MR,254,3,
Washington County,US.NY.WS,254,14,
Hopewell city,US.VA.HW,253,5,
Andrews County,US.TX.AR,253,6,
Madison County,US.AR.MD,253,1,
Berrien County,US.GA.BN,252,0,
Mesa County,US.CO.ME,250,2,
Concordia Parish,US.LA.CR,250,7,
Indiana County,US.PA.IN,250,6,
Christian County,US.MO.CT,249,1,
Catahoula Parish,US.LA.CT,249,3,
Monroe County,US.IL.MR,248,13,
Dixie County,US.FL.DI,247,4,
Uinta County,US.WY.UI,247,0,
Augusta County,US.VA.AU,246,4,
Gunnison County,US.CO.GU,246,6,
Newaygo County,US.MI.NE,246,0,
Randolph County,US.GA.RN,246,26,
Stewart County,US.GA.SW,245,5,
Hillsdale County,US.MI.HI,244,25,
Miami County,US.IN.MI,244,2,
Ohio County,US.WV.OH,244,4,
White County,US.AR.WH,243,2,
Wayne County,US.NY.WN,243,2,
Jones County,US.GA.JE,242,2,
West Carroll Parish,US.LA.WC,242,5,
Franklin County,US.TN.FR,242,4,
Henry County,US.AL.HE,242,4,
Marshall County,US.TN.MS,242,2,
Hart County,US.GA.HT,241,1,
Greene County,US.AL.GR,241,11,
Watauga County,US.NC.WT,241,0,
Oswego County,US.NY.OS,240,3,
Iroquois County,US.IL.IR,240,7,
Houston County,US.TX.HS,240,4,
Cambria County,US.PA.CI,239,3,
Stokes County,US.NC.SO,239,3,
Eddy County,US.NM.ED,239,3,
Herkimer County,US.NY.HE,239,4,
Winona County,US.MN.WN,239,16,
Franklin County,US.KY.FR,238,5,
Dooly County,US.GA.DO,238,14,
Colorado County,US.TX.CO,238,2,
Sweetwater County,US.WY.SW,237,2,
Carroll County,US.MS.CL,237,11,
Scott County,US.IN.SC,236,10,
Telfair County,US.GA.TF,236,6,
Hamilton County,US.IA.HM,236,1,
Warren County,US.NC.WR,235,6,
Knox County,US.IL.KX,235,1,
Martin County,US.NC.MR,235,6,
Island County,US.WA.IS,234,11,
Missoula County,US.MT.MS,234,1,
St. Helena Parish,US.LA.SH,234,1,
Cherokee County,US.AL.CH,234,8,
Dunklin County,US.MO.DU,234,4,
Linn County,US.OR.LN,233,10,
Greene County,US.IN.GE,231,34,
Wood County,US.WV.WO,231,4,
Humboldt County,US.CA.HU,231,4,
Calumet County,US.WI.CA,230,2,
Kent County,US.MD.KE,229,23,
Southampton County,US.VA.SA,229,12,
Banks County,US.GA.BS,228,3,
Burleson County,US.TX.BU,228,5,
Tehama County,US.CA.TE,227,1,
Butler County,US.MO.BE,227,2,
Tompkins County,US.NY.TO,227,0,
Lincoln County,US.TN.LI,226,1,
Bertie County,US.NC.BT,226,4,
Greene County,US.GA.GE,225,11,
Tunica County,US.MS.TU,224,5,
Daviess County,US.IN.DI,224,19,
Chautauqua County,US.NY.CQ,224,4,
Owyhee County,US.ID.OW,223,0,
Jenkins County,US.GA.JK,223,20,
Alamosa County,US.CO.AL,222,8,
Kemper County,US.MS.KE,222,15,
Pulaski County,US.KY.PU,222,2,
Boone County,US.IA.BO,221,2,
Echols County,US.GA.EC,221,1,
Luna County,US.NM.LU,220,3,
Flathead County,US.MT.FL,220,2,
Williams County,US.ND.WI,220,2,
Greene County,US.MS.GE,219,10,
Cherokee County,US.NC.CO,219,3,
Brantley County,US.GA.BA,218,4,
Lamar County,US.GA.LM,217,9,
Reno County,US.KS.RN,217,1,
Johnson County,US.GA.JH,216,8,
Turner County,US.GA.TR,216,18,
Allen County,US.KY.AL,215,8,
Ashley County,US.AR.AS,214,4,
Claiborne Parish,US.LA.CI,214,11,
Sequoyah County,US.OK.SQ,214,4,
Natrona County,US.WY.NA,214,1,
Putnam County,US.IN.PT,213,8,
Barry County,US.MO.BR,213,0,
La Salle Parish,US.LA.LA,213,2,
Pike County,US.KY.PI,211,3,
Fannin County,US.TX.FI,211,7,
Austin County,US.TX.AU,211,3,
Geneva County,US.AL.GE,210,1,
Columbia County,US.WI.CO,210,1,
DeKalb County,US.IN.DE,209,4,
Susquehanna County,US.PA.SS,208,26,
Pecos County,US.TX.PE,208,1,
Lanier County,US.GA.LI,207,4,
Barron County,US.WI.BR,207,3,
Live Oak County,US.TX.LK,207,1,
Chenango County,US.NY.CH,206,6,
Randolph County,US.WV.RN,206,0,
Union County,US.FL.UN,206,4,
Stoddard County,US.MO.SD,205,9,
Kay County,US.OK.KA,205,10,
Perry County,US.MS.PY,205,7,
Orange County,US.VA.OR,205,3,
Candler County,US.GA.CR,205,4,
Quitman County,US.MS.QU,204,1,
Union County,US.OH.UN,204,1,
Robertson County,US.TX.RO,204,1,
Wood County,US.WI.WO,204,1,
Chippewa County,US.WI.CH,203,0,
Hickman County,US.TN.HN,203,0,
Jennings County,US.IN.JN,203,12,
Blair County,US.PA.BL,201,3,
Isabella County,US.MI.IB,200,8,
Monroe County,US.WI.MO,200,1,
Camp County,US.TX.CP,199,4,
Lawrence County,US.OH.LW,199,0,
Crockett County,US.TN.CK,199,3,
Martin County,US.MN.MT,198,5,
Thurston County,US.NE.TU,198,4,
Wayne County,US.TN.WY,197,1,
Union County,US.GA.UN,197,6,
La Plata County,US.CO.LA,197,2,
Adair County,US.KY.AD,197,19,
Brunswick County,US.VA.BU,197,1,
Le Sueur County,US.MN.LU,196,1,
Lamb County,US.TX.LB,196,5,
Weakley County,US.TN.WE,196,2,
Dinwiddie County,US.VA.DN,196,4,
Garvin County,US.OK.GV,196,4,
Butler County,US.KS.BU,195,0,
Evans County,US.GA.EV,195,1,
Claiborne County,US.TN.CI,195,0,
Lamar County,US.AL.LM,194,2,
Pemiscot County,US.MO.PM,194,8,
Jasper County,US.IN.JS,194,2,
Perry County,US.MO.PR,194,4,
Westmoreland County,US.VA.WM,193,2,
Clay County,US.AL.CY,193,5,
Gibson County,US.IN.GI,193,3,
Jefferson County,US.FL.JE,192,5,
Auglaize County,US.OH.AU,192,5,
Franklin County,US.IA.FN,192,4,
Hempstead County,US.AR.HE,192,2,
Amite County,US.MS.AM,192,4,
Jefferson County,US.OH.JE,191,2,
Washington County,US.OH.WS,191,21,
Steuben County,US.IN.SE,191,3,
Audrain County,US.MO.AU,190,1,
Jefferson Davis County,US.MS.JD,190,5,
Marion County,US.TN.MI,190,4,
Cooke County,US.TX.OO,189,2,
Cass County,US.IL.CS,189,11,
Lyon County,US.NV.LY,188,3,
Vermilion County,US.IL.VE,188,2,
Grand Traverse County,US.MI.GN,188,5,
Dare County,US.NC.DE,188,1,
Knox County,US.KY.KX,188,8,
Franklin County,US.IN.FR,187,8,
Laclede County,US.MO.LD,187,1,
Union County,US.SD.UN,187,3,
Person County,US.NC.PN,187,2,
Elmore County,US.ID.EL,186,2,
Henry County,US.IL.HY,186,1,
Caldwell Parish,US.LA.CW,186,1,
Polk County,US.MO.PO,186,0,
Calhoun County,US.GA.CU,185,6,
Klamath County,US.OR.KL,185,1,
Jefferson County,US.MS.JF,185,5,
Tioga County,US.NY.TI,184,21,
Haralson County,US.GA.HS,184,6,
Le Flore County,US.OK.LE,184,1,
Morgan County,US.GA.MO,183,0,
Arkansas County,US.AR.AR,183,1,
Crow Wing County,US.MN.CW,183,12,
Dodge County,US.GA.DG,183,2,
Lake County,US.CA.LK,183,1,
Botetourt County,US.VA.BO,183,5,
Refugio County,US.TX.RF,182,0,
Coshocton County,US.OH.CS,182,5,
Ripley County,US.IN.RI,182,7,
Nelson County,US.KY.NE,181,2,
Putnam County,US.OH.PU,181,17,
Washington County,US.ID.WA,181,2,
White County,US.TN.WH,181,3,
Carroll County,US.TN.CR,181,3,
Pike County,US.GA.PK,180,3,
Beltrami County,US.MN.BT,180,0,
Brewster County,US.TX.BS,180,2,
Upshur County,US.TX.US,180,2,
Caroline County,US.VA.CI,179,4,
Caswell County,US.NC.CS,179,2,
Seminole County,US.OK.SM,179,5,
Otero County,US.NM.OT,178,10,
Wayne County,US.WV.WA,178,9,
Harlan County,US.KY.HL,178,3,
Columbia County,US.AR.CI,178,6,
Armstrong County,US.PA.AR,178,6,
Hockley County,US.TX.HC,177,4,
Dallam County,US.TX.DL,177,5,
Colonial Heights city,US.VA.CH,177,21,
Geary County,US.KS.GE,177,1,
Oglethorpe County,US.GA.OG,177,7,
Pulaski County,US.MO.PA,176,1,
Rabun County,US.GA.RB,176,3,
Harrison County,US.WV.HR,176,1,
Webster County,US.MS.WE,176,12,
Morgan County,US.IL.MG,176,5,
Cleburne County,US.AR.CB,175,5,
Montcalm County,US.MI.MC,175,1,
Warren County,US.IL.WR,175,0,
Bremer County,US.IA.BR,175,7,
Carroll County,US.IA.CL,174,1,
Bingham County,US.ID.BG,173,2,
Custer County,US.OK.CU,173,0,
Lawrence County,US.AR.LW,173,9,
Wilkinson County,US.MS.WK,173,12,
Allendale County,US.SC.AL,172,3,
Lawrence County,US.MO.LW,172,2,
Clarke County,US.IA.CK,171,3,
Chester County,US.TN.CS,171,1,
Red River Parish,US.LA.RE,171,10,
Gillespie County,US.TX.GL,171,2,
Grayson County,US.KY.GY,171,11,
Jefferson County,US.IL.JF,171,17,
Fluvanna County,US.VA.FV,170,8,
Macon County,US.GA.MC,170,10,
Zavala County,US.TX.ZV,170,5,
Fayette County,US.AL.FA,170,5,
Marion County,US.WV.MI,170,2,
Perry County,US.KY.PR,170,2,
Perry County,US.IN.PE,170,12,
Wilkes County,US.GA.WS,169,3,
Limestone County,US.TX.LO,169,3,
Nottoway County,US.VA.NY,169,8,
Barry County,US.MI.BR,169,2,
Clinch County,US.GA.CC,168,4,
Stephens County,US.OK.ST,168,2,
Clay County,US.IA.CY,168,1,
Maui County,US.HI.MA,167,6,
Emmet County,US.IA.EM,167,1,
Clark County,US.WI.CL,167,7,
Gray County,US.TX.GY,167,2,
Scioto County,US.OH.SC,167,1,
Wilkinson County,US.GA.WI,167,10,
Chattooga County,US.GA.CG,166,2,
Palo Pinto County,US.TX.PO,166,5,
Lewis County,US.WA.LE,166,3,
Stark County,US.ND.SR,166,3,
Calloway County,US.KY.CW,166,2,
Screven County,US.GA.SR,165,9,
Cottonwood County,US.MN.CT,165,0,
Louisa County,US.VA.LI,165,2,
Ward County,US.ND.WR,165,1,
Waynesboro city,US.VA.WS,165,2,
Campbell County,US.TN.CM,165,1,
Logan County,US.OK.LG,164,1,
Livingston County,US.NY.LI,164,4,
Kennebec County,US.ME.KE,164,11,
Oconto County,US.WI.OC,164,0,
Washington County,US.VA.WG,164,4,
Boyd County,US.KY.BD,164,3,
Pontotoc County,US.OK.PN,164,2,
Emporia city,US.VA.EM,163,15,
Castro County,US.TX.AS,163,2,
Goodhue County,US.MN.GO,163,8,
Muskingum County,US.OH.MU,163,1,
Chemung County,US.NY.CM,162,3,
Hood River County,US.OR.HO,162,0,
Pitkin County,US.CO.PI,162,2,
Otter Tail County,US.MN.OT,162,1,
New Madrid County,US.MO.NW,161,1,
Choctaw County,US.OK.CA,161,1,
Pittsburg County,US.OK.PI,160,3,
Lake County,US.MT.LA,160,1,
Chisago County,US.MN.CG,160,1,
Henry County,US.TN.HR,160,0,
Crawford County,US.OH.CF,160,5,
Pierce County,US.WI.PI,160,0,
Martinsville city,US.VA.MR,159,3,
Hopkins County,US.TX.HP,159,1,
Douglas County,US.NV.DO,158,0,
Orange County,US.IN.OR,158,24,
Cameron Parish,US.LA.CM,158,0,
Wayne County,US.PA.WN,157,8,
Cattaraugus County,US.NY.CG,157,6,
Jackson County,US.WV.JA,157,19,
Cross County,US.AR.CO,157,1,
Raleigh County,US.WV.RL,156,0,
Wilcox County,US.GA.WC,155,18,
Randolph County,US.AR.RA,155,2,
Morrow County,US.OH.MW,155,2,
Starke County,US.IN.SR,154,7,
Posey County,US.IN.PS,153,0,
San Augustine County,US.TX.SG,153,10,
Zapata County,US.TX.ZP,153,1,
Clark County,US.AR.CK,153,0,
Montgomery County,US.NY.MT,152,4,
Wasco County,US.OR.WC,152,3,
Drew County,US.AR.DR,152,2,
Putnam County,US.WV.PU,152,0,
Cass County,US.NE.CS,152,1,
Bailey County,US.TX.BY,151,3,
Harvey County,US.KS.HV,150,3,
Crockett County,US.TX.CT,150,2,
Irwin County,US.GA.IR,150,1,
Franklin County,US.VA.FN,150,1,
Hardin County,US.IA.HD,149,0,
Howard County,US.TX.HW,149,3,
Aransas County,US.TX.AA,149,12,
Goochland County,US.VA.GO,149,7,
Wabash County,US.IN.WB,148,3,
Lee County,US.TX.LE,148,8,
Benton County,US.OR.BE,148,6,
Duval County,US.TX.DU,148,2,
Shelby County,US.IA.SH,147,0,
Hardin County,US.OH.HD,147,12,
Franklin County,US.KS.FR,147,1,
Grainger County,US.TN.GA,147,0,
Cowley County,US.KS.CL,146,2,
Allamakee County,US.IA.AL,146,4,
Penobscot County,US.ME.PE,145,5,
Little River County,US.AR.LT,145,1,
Kendall County,US.TX.KD,145,1,
Mason County,US.WA.MA,145,1,
Jefferson County,US.IN.JF,145,2,
Lafayette County,US.MO.LF,145,2,
Casey County,US.KY.CS,144,10,
Gem County,US.ID.GE,144,0,
Warren County,US.MO.WR,144,0,
Shawano County,US.WI.SA,143,0,
Fayette County,US.IN.FA,143,7,
Huron County,US.MI.HU,143,3,
Bonner County,US.ID.BR,143,0,
Cass County,US.TX.CS,143,5,
San Jacinto County,US.TX.SJ,143,7,
Clark County,US.KY.CK,143,7,
Gratiot County,US.MI.GT,142,15,
Clinton County,US.OH.CI,142,6,
Knox County,US.OH.KN,142,2,
Boone County,US.AR.BO,142,1,
Whitley County,US.IN.WL,141,6,
Poinsett County,US.AR.PN,141,3,
McIntosh County,US.OK.MI,141,1,
McIntosh County,US.GA.MH,141,2,
Clay County,US.KY.CY,141,5,
Cayuga County,US.NY.CY,141,2,
Mono County,US.CA.MO,141,1,
Pipestone County,US.MN.PS,140,5,
Staunton city,US.VA.SU,140,0,
Marion County,US.IA.MI,140,0,
Gloucester County,US.VA.GL,140,2,
Oglala Lakota County,US.SD.SH,140,1,
Preble County,US.OH.PR,140,2,
Carroll County,US.KY.CL,138,2,
Desha County,US.AR.DE,138,2,
Stone County,US.MS.ST,138,3,
Shelby County,US.OH.SH,138,4,
Jackson County,US.KS.JA,138,1,
Freestone County,US.TX.FE,137,0,
Jackson County,US.KY.JA,137,14,
Nodaway County,US.MO.NO,137,0,
Leon County,US.TX.LN,137,1,
Lee County,US.IL.LE,136,2,
Sharkey County,US.MS.SH,136,1,
Poweshiek County,US.IA.PW,135,8,
Cascade County,US.MT.CS,135,2,
Union County,US.PA.UN,135,2,
Tuolumne County,US.CA.TO,134,2,
Roosevelt County,US.NM.RO,134,1,
Polk County,US.TN.PO,134,1,
Greene County,US.VA.GE,134,2,
Bradley County,US.AR.BR,134,3,
Logan County,US.AR.LG,134,0,
Simpson County,US.KY.SI,134,6,
Mahaska County,US.IA.MK,133,17,
Decatur County,US.TN.DC,133,1,
Conway County,US.AR.CN,133,3,
Des Moines County,US.IA.DS,133,2,
Fulton County,US.OH.FU,133,0,
Dawson County,US.TX.DW,133,4,
Red River County,US.TX.RV,133,11,
Montgomery County,US.IL.MT,133,6,
Sullivan County,US.MO.SV,132,0,
Campbell County,US.VA.CM,132,2,
Otsego County,US.MI.OS,131,10,
McPherson County,US.KS.MP,131,0,
Madison County,US.ID.MA,131,0,
Marion County,US.GA.MR,131,4,
Polk County,US.NC.PO,131,5,
Halifax County,US.VA.HL,130,1,
Adair County,US.MO.AD,130,0,
Jackson County,US.IA.JC,130,1,
Fulton County,US.IN.FU,130,1,
Nez Perce County,US.ID.NE,129,19,
Seminole County,US.GA.SI,129,2,
Mississippi County,US.MO.MI,129,0,
Becker County,US.MN.BC,129,1,
Trinity County,US.TX.TR,129,2,
Seneca County,US.OH.SE,129,3,
Salem city,US.VA.SE,129,3,
Reeves County,US.TX.RE,128,3,
Mercer County,US.WV.MR,128,3,
Gooding County,US.ID.GO,128,1,
Nevada County,US.AR.NV,128,9,
Jefferson County,US.NY.JE,128,0,
Montgomery County,US.KS.MG,128,4,
Iosco County,US.MI.IC,128,12,
Nolan County,US.TX.NO,127,3,
Ellis County,US.KS.EL,127,1,
Woodford County,US.KY.WO,127,0,
Marion County,US.MO.MO,127,1,
Bedford County,US.PA.BO,127,4,
Heard County,US.GA.HD,127,3,
Polk County,US.AR.PL,125,0,
Marion County,US.IL.MO,125,0,
Juniata County,US.PA.JU,125,6,
Carroll County,US.IN.CO,125,2,
Boyle County,US.KY.BE,125,0,
Clinton County,US.NY.CL,125,4,
Alpena County,US.MI.AP,125,13,
Miller County,US.GA.ML,124,0,
Grayson County,US.VA.GY,124,4,
Fayette County,US.WV.FA,124,5,
Polk County,US.MN.PL,124,3,
Defiance County,US.OH.DF,124,4,
Saunders County,US.NE.SU,123,2,
McDonough County,US.IL.MU,123,15,
Overton County,US.TN.OV,123,1,
Talbot County,US.GA.TB,123,3,
Macoupin County,US.IL.MP,123,3,
Howell County,US.MO.HW,123,1,
Pine County,US.MN.PN,123,0,
Guthrie County,US.IA.GH,123,5,
Douglas County,US.OR.DO,123,1,
Ashland County,US.OH.AL,123,3,
Waseca County,US.MN.WE,123,0,
Bleckley County,US.GA.BK,123,3,
Itasca County,US.MN.IT,123,12,
Crawford County,US.PA.CW,122,1,
Jefferson County,US.ID.JF,122,1,
Marion County,US.TX.MN,122,7,
Grant County,US.AR.GN,122,0,
Marquette County,US.MI.MQ,122,11,
Unicoi County,US.TN.UC,122,0,
Clearfield County,US.PA.CF,122,0,
McLeod County,US.MN.MC,121,0,
Marshall County,US.WV.MH,121,0,
Dodge County,US.MN.DD,121,0,
King George County,US.VA.KG,121,4,
Dimmit County,US.TX.DM,121,0,
Green County,US.WI.GN,121,1,
Preston County,US.WV.PR,120,3,
Powhatan County,US.VA.PH,120,4,
Wells County,US.IN.WE,120,2,
Douglas County,US.MN.DU,120,0,
Carlton County,US.MN.CL,120,0,
Benton County,US.IA.BN,120,1,
Knox County,US.IN.KN,120,0,
Choctaw County,US.MS.CW,120,4,
Jasper County,US.GA.JS,120,1,
Murray County,US.MN.MU,119,0,
Huntington County,US.IN.HU,119,3,
Lewis and Clark County,US.MT.LE,119,1,
Lincoln County,US.GA.LC,117,4,
Juneau County,US.WI.JU,117,1,
Codington County,US.SD.CD,117,0,
Franklin County,US.VT.FR,117,6,
Franklin city,US.VA.FR,117,6,
Montgomery County,US.GA.MM,117,0,
Somerset County,US.MD.SO,117,3,
Somerset County,US.PA.SO,117,2,
Young County,US.TX.YU,116,3,
Millard County,US.UT.MD,116,0,
Transylvania County,US.NC.TR,116,1,
Amador County,US.CA.AM,115,0,
Jones County,US.IA.JN,115,1,
O'Brien County,US.IA.OB,115,1,
Campbell County,US.WY.CM,115,1,
Cedar County,US.IA.CD,115,1,
Hawaii County,US.HI.HA,115,0,
Marshall County,US.KY.MH,115,2,
Benton County,US.MS.BE,115,0,
Highland County,US.OH.HI,114,1,
Gaines County,US.TX.GS,114,0,
Wyandot County,US.OH.WD,114,5,
Pawnee County,US.OK.PW,113,3,
Clinton County,US.PA.CN,113,5,
New Kent County,US.VA.NK,113,1,
Washington County,US.NC.WI,113,3,
Miami County,US.KS.MI,113,0,
Harrison County,US.KY.HS,113,0,
Mingo County,US.WV.MO,113,2,
Williams County,US.OH.WI,112,3,
Brookings County,US.SD.BK,112,0,
Logan County,US.WV.LO,112,3,
Lincoln County,US.OK.LI,112,2,
Pocahontas County,US.IA.PC,112,1,
Bosque County,US.TX.BQ,112,2,
Whitley County,US.KY.WH,112,1,
Tyler County,US.TX.TY,112,1,
Clay County,US.SD.CY,111,0,
Long County,US.GA.LG,111,1,
Park County,US.WY.PA,111,0,
Wyoming County,US.NY.WM,111,5,
Perry County,US.PA.PE,111,5,
Spencer County,US.IN.SP,110,3,
Cleburne County,US.AL.CB,110,1,
Douglas County,US.WI.DG,110,0,
Labette County,US.KS.LB,110,0,
Franklin County,US.IL.FR,110,0,
Hutchinson County,US.TX.UT,110,2,
Logan County,US.OH.LG,109,1,
Chowan County,US.NC.CW,109,1,
Kewaunee County,US.WI.KW,109,2,
Calaveras County,US.CA.CA,108,1,
Polk County,US.WI.PL,108,2,
Newton County,US.IN.NE,108,10,
Jo Daviess County,US.IL.JO,108,1,
Mountrail County,US.ND.MU,108,1,
Bureau County,US.IL.BU,108,2,
Falls County,US.TX.FL,108,2,
Saguache County,US.CO.SG,107,2,
Hancock County,US.IA.HN,107,2,
Webster County,US.MO.WE,107,1,
Ashe County,US.NC.AS,107,1,
Montezuma County,US.CO.MZ,107,4,
Towns County,US.GA.TW,107,1,
Cannon County,US.TN.CN,107,0,
Pottawatomie County,US.KS.PT,107,0,
Henry County,US.IA.HE,107,3,
Otsego County,US.NY.OO,107,4,
Comanche County,US.TX.CE,106,3,
Callaway County,US.MO.CA,106,1,
Moniteau County,US.MO.ME,106,2,
Williamsburg City,US.VA.WL,106,6,
Patrick County,US.VA.PK,106,3,
Dade County,US.GA.DD,105,1,
Teller County,US.CO.TE,105,2,
Union County,US.TN.UO,105,0,
Terry County,US.TX.TE,105,1,
Greene County,US.PA.GR,105,0,
Buffalo County,US.SD.BF,105,3,
Franklin County,US.FL.FR,105,1,
Stutsman County,US.ND.SU,104,2,
Mineral County,US.WV.ML,104,4,
Montgomery County,US.KY.MM,104,0,
Belknap County,US.NH.BE,104,4,
Hocking County,US.OH.HC,104,9,
Carroll County,US.OH.CO,104,5,
Guernsey County,US.OH.GU,103,6,
Douglas County,US.IL.DO,103,2,
Jackson County,US.TN.JA,103,0,
Clay County,US.AR.CY,103,4,
Grafton County,US.NH.GR,103,1,
Lafayette County,US.WI.LF,102,0,
Smyth County,US.VA.SM,102,3,
Butler County,US.IA.BE,102,2,
Isanti County,US.MN.IS,102,0,
Franklin County,US.MS.FR,101,3,
Delaware County,US.NY.DE,101,4,
Dunn County,US.WI.DN,101,0,
Windham County,US.VT.WH,101,3,
Fremont County,US.CO.FR,101,0,
Franklin County,US.AR.FR,101,2,
Delta County,US.CO.DT,101,1,
Yankton County,US.SD.YA,101,2,
Runnels County,US.TX.RN,101,1,
Amherst County,US.VA.AH,101,0,
Floyd County,US.IA.FL,101,2,
Klickitat County,US.WA.KL,100,3,
Randolph County,US.IN.RA,100,4,
Lafayette County,US.FL.LF,100,1,
McCormick County,US.SC.MC,99,2,
Henry County,US.OH.HE,99,1,
Swain County,US.NC.SW,99,2,
Washington County,US.IN.WS,99,1,
Charles Mix County,US.SD.CH,99,0,
Perry County,US.IL.PY,99,1,
Washington County,US.NE.WS,99,1,
Sanpete County,US.UT.SP,99,0,
Brown County,US.OH.BR,99,1,
Wythe County,US.VA.WY,98,3,
Routt County,US.CO.RT,98,6,
Josephine County,US.OR.JO,98,1,
Mifflin County,US.PA.MI,98,1,
Cherokee County,US.IA.CE,97,1,
Christian County,US.IL.CI,97,4,
Marion County,US.KY.MN,97,0,
Sharp County,US.AR.SH,97,5,
Kingfisher County,US.OK.KN,96,0,
Hughes County,US.OK.HU,96,1,
Champaign County,US.OH.CH,95,1,
Buchanan County,US.IA.BC,95,1,
Garza County,US.TX.GR,95,2,
Taylor County,US.KY.TA,95,1,
Humboldt County,US.NV.HU,95,4,
Lyon County,US.IA.LY,95,0,
Waushara County,US.WI.WS,95,0,
Coosa County,US.AL.CS,94,2,
Taylor County,US.IA.TY,94,0,
Saline County,US.IL.SE,94,1,
Walsh County,US.ND.WL,94,0,
Grundy County,US.TN.GU,94,2,
Mason County,US.MI.MN,94,0,
Montour County,US.PA.MO,93,3,
Russell County,US.KY.RU,93,5,
Blanco County,US.TX.BC,93,2,
Crawford County,US.MI.CF,93,5,
Humphreys County,US.TN.HU,92,3,
Hamilton County,US.NE.HM,92,12,
Johnson County,US.TN.JO,92,0,
Chippewa County,US.MN.CP,92,1,
Hancock County,US.WV.HN,92,0,
Grays Harbor County,US.WA.GY,92,2,
Sumner County,US.KS.SU,92,3,
Snyder County,US.PA.SN,92,2,
Lincoln County,US.KY.LN,92,1,
Madison County,US.IA.MD,92,2,
Clay County,US.IN.CY,92,5,
Lincoln County,US.NM.LI,91,1,
Taos County,US.NM.TA,91,1,
Carter County,US.KY.CR,91,1,
Clallam County,US.WA.CL,91,0,
Cortland County,US.NY.CD,90,1,
Sanilac County,US.MI.SL,90,6,
Pulaski County,US.IL.PL,90,0,
Tipton County,US.IN.TT,90,5,
Lincoln County,US.WY.LI,90,0,
Grant County,US.KY.GT,90,5,
Carroll County,US.MO.CL,89,0,
Monroe County,US.OH.ME,89,17,
Newton County,US.AR.NW,89,3,
Rutland County,US.VT.RU,89,1,
Sequatchie County,US.TN.SQ,89,0,
Harrison County,US.IA.HR,89,0,
Monona County,US.IA.MO,89,0,
Tyrrell County,US.NC.TY,89,1,
Edmonson County,US.KY.ED,89,12,
Lincoln County,US.NE.LI,88,2,
Del Norte County,US.CA.DE,88,0,
Meigs County,US.TN.ME,87,0,
Rio Grande County,US.CO.RG,87,2,
Crawford County,US.GA.CW,87,0,
City and Borough of Juneau,US.AK.JU,87,2,
Henry County,US.KY.HY,87,2,
Spencer County,US.KY.SP,87,0,
Twiggs County,US.GA.TG,87,3,
Carroll County,US.NH.CA,86,1,
Menominee County,US.MI.MM,86,0,
Lee County,US.VA.LE,86,0,
Monroe County,US.KY.MO,86,2,
Cheshire County,US.NH.CH,85,2,
Llano County,US.TX.LL,85,0,
Hidalgo County,US.NM.HI,85,0,
Barton County,US.KS.BT,85,3,
Morris County,US.TX.MR,85,1,
Lyman County,US.SD.LY,85,2,
Coos County,US.OR.CO,84,0,
Perry County,US.OH.PE,84,1,
Greenbrier County,US.WV.GE,84,3,
Davison County,US.SD.DV,84,0,
Franklin County,US.TX.FK,84,1,
Seneca County,US.NY.SC,84,1,
Whitman County,US.WA.WI,84,0,
Clayton County,US.IA.CT,84,3,
Door County,US.WI.DO,84,3,
Lee County,US.IA.LE,84,2,
Woodford County,US.IL.WO,84,3,
Wheeler County,US.GA.WL,84,1,
Iowa County,US.IA.IO,83,1,
Meeker County,US.MN.ME,83,1,
Bennington County,US.VT.BE,83,1,
Lampasas County,US.TX.LP,83,0,
Newton County,US.TX.NE,83,4,
Marshall County,US.OK.MH,83,0,
Elbert County,US.CO.EB,83,2,
Livingston County,US.IL.LI,83,2,
Bandera County,US.TX.BA,83,1,
Albany County,US.WY.AL,83,0,
Hughes County,US.SD.HG,83,2,
Humboldt County,US.IA.HU,83,1,
Pushmataha County,US.OK.PU,83,0,
Miller County,US.MO.ML,82,0,
Stevens County,US.WA.ST,82,1,
Ward County,US.TX.WD,82,1,
Hartley County,US.TX.HL,82,0,
Richland County,US.ND.RI,82,0,
Floyd County,US.TX.FY,82,4,
Gentry County,US.MO.GT,82,9,
Treutlen County,US.GA.TE,82,3,
Effingham County,US.IL.EF,81,1,
Brooks County,US.TX.BK,81,1,
Fairfax city,US.VA.FC,81,7,
Tazewell County,US.VA.TA,81,0,
Delaware County,US.IA.DA,81,1,
Bradford County,US.PA.BF,80,3,
Andrew County,US.MO.AN,80,1,
Greenup County,US.KY.GU,80,1,
Scott County,US.TN.SC,80,0,
Rush County,US.IN.RU,80,4,
Morrison County,US.MN.MR,80,1,
Fayette County,US.OH.FY,80,0,
Greer County,US.OK.GE,79,7,
Sac County,US.IA.SA,79,0,
Oneida County,US.WI.ON,79,0,
Stone County,US.MO.SE,79,1,
Ray County,US.MO.RY,79,0,
Grant County,US.KS.GT,79,2,
Lake County,US.SD.LK,79,2,
Meade County,US.KY.MA,78,2,
Yoakum County,US.TX.YA,78,1,
Ochiltree County,US.TX.OC,78,2,
Brown County,US.MN.BR,78,2,
Floyd County,US.KY.FO,78,1,
Gogebic County,US.MI.GO,78,1,
Gage County,US.NE.GG,78,4,
Pulaski County,US.GA.PL,78,2,
Faribault County,US.MN.FA,78,0,
Gallatin County,US.KY.GL,77,8,
Webster County,US.KY.WE,77,1,
Seward County,US.NE.SA,77,1,
Goliad County,US.TX.GI,77,3,
Calhoun County,US.IA.CO,77,2,
Cooper County,US.MO.CP,77,0,
Jay County,US.IN.JY,77,0,
Sibley County,US.MN.SI,76,2,
Real County,US.TX.RL,76,0,
King William County,US.VA.KW,76,2,
Mitchell County,US.IA.ME,76,0,
Duchesne County,US.UT.DU,76,0,
Avery County,US.NC.AV,75,0,
Fayette County,US.IA.FT,75,0,
Wise County,US.VA.WI,75,3,
Osceola County,US.IA.OS,75,0,
Kossuth County,US.IA.KO,75,0,
Winneshiek County,US.IA.WH,74,1,
Ouachita County,US.AR.OU,74,1,
Sevier County,US.UT.SE,74,2,
Latah County,US.ID.LA,74,0,
Benson County,US.ND.BE,74,1,
Jefferson County,US.IA.JE,74,0,
Essex County,US.VA.ES,74,1,
Swisher County,US.TX.SW,74,2,
Noble County,US.OK.NB,74,2,
Wabasha County,US.MN.WB,74,0,
Logan County,US.IL.LO,74,0,
Pulaski County,US.VA.PU,74,3,
Allegany County,US.NY.AL,74,2,
Socorro County,US.NM.SO,73,5,
Adams County,US.IN.AD,73,1,
Columbia County,US.OR.CL,73,0,
Clarion County,US.PA.CL,73,2,
Mitchell County,US.NC.MI,73,2,
Clatsop County,US.OR.CT,73,0,
McKenzie County,US.ND.MK,73,1,
Hart County,US.KY.HT,73,0,
San Miguel County,US.CO.SM,73,0,
Amelia County,US.VA.AI,72,1,
Siskiyou County,US.CA.SK,72,0,
Owen County,US.IN.OW,72,1,
Crane County,US.TX.CR,72,2,
Mills County,US.IA.ML,72,0,
Crowley County,US.CO.CR,72,1,
Boone County,US.WV.BN,71,0,
Uintah County,US.UT.UN,71,0,
Palo Alto County,US.IA.PO,71,0,
Carbon County,US.WY.CB,71,1,
Yancey County,US.NC.YN,71,0,
Addison County,US.VT.AD,71,2,
Currituck County,US.NC.CI,70,0,
Hampshire County,US.WV.HM,70,1,
Clay County,US.GA.CY,70,2,
Benton County,US.TN.BN,70,1,
Winnebago County,US.IA.WB,70,0,
Pulaski County,US.IN.PL,70,1,
Rock County,US.MN.RC,70,0,
Grundy County,US.IA.GN,70,1,
Buchanan County,US.VA.BH,69,0,
Roberts County,US.SD.RO,69,1,
Hancock County,US.TN.HC,69,2,
Pike County,US.AR.PE,69,1,
Windsor County,US.VT.WS,69,2,
Iron County,US.WI.IR,69,1,
Meade County,US.SD.MD,69,1,
Phelps County,US.MO.PH,69,0,
Pennington County,US.MN.PI,69,0,
Sullivan County,US.IN.SU,69,1,
Madison County,US.MT.MA,69,1,
Lake County,US.CO.LK,69,0,
Jackson County,US.MN.JA,69,0,
Perry County,US.TN.PE,68,0,
Schoharie County,US.NY.SO,68,2,
Cherokee County,US.KS.CK,68,1,
Taylor County,US.GA.TY,68,2,
Craig County,US.OK.CG,68,0,
Anderson County,US.KY.AN,67,1,
York County,US.NE.YO,67,0,
Pike County,US.MO.PI,67,1,
Appomattox County,US.VA.AP,67,0,
Rowan County,US.KY.RW,67,0,
Marquette County,US.WI.MQ,67,1,
Garrard County,US.KY.GR,67,0,
Brown County,US.IN.BR,67,1,
Union County,US.IA.UN,67,1,
Grant County,US.NM.GR,66,2,
Clarke County,US.VA.CK,66,0,
Bourbon County,US.KY.BU,66,1,
Monroe County,US.IA.MR,66,7,
Winkler County,US.TX.WI,66,1,
Koochiching County,US.MN.KO,66,2,
Alleghany County,US.NC.AL,66,0,
Todd County,US.SD.TO,66,4,
Adams County,US.WI.AD,66,2,
Grant County,US.WV.GA,66,0,
Fentress County,US.TN.FE,66,0,
Benton County,US.MO.BN,66,1,
Delta County,US.MI.DE,65,3,
Coffey County,US.KS.CF,65,8,
Osceola County,US.MI.OE,65,0,
Page County,US.IA.PG,65,0,
Clark County,US.IL.CK,65,0,
Morgan County,US.TN.MG,65,1,
Dukes County,US.MA.DU,65,0,
Van Wert County,US.OH.VA,65,1,
Rockbridge County,US.VA.RB,65,0,
Barton County,US.MO.BT,64,0,
Love County,US.OK.LV,64,0,
Henry County,US.MO.HE,64,3,
Cumberland County,US.VA.CU,64,0,
Ravalli County,US.MT.RA,64,1,
Lynn County,US.TX.LY,63,4,
Stewart County,US.TN.SA,63,0,
Cleveland County,US.AR.CV,63,1,
Lassen County,US.CA.LS,63,0,
Juab County,US.UT.JU,63,0,
Jackson County,US.OH.JA,63,0,
Northumberland County,US.VA.NU,62,2,
Leelanau County,US.MI.LE,62,0,
Perquimans County,US.NC.PQ,62,2,
Wexford County,US.MI.WE,62,4,
Iowa County,US.WI.IO,62,0,
Waldo County,US.ME.WL,62,14,
Falls Church city,US.VA.FU,61,6,
Morgan County,US.MO.MG,61,0,
Pike County,US.OH.PK,61,0,
Jersey County,US.IL.JR,61,1,
Baxter County,US.AR.BA,61,0,
Douglas County,US.MO.DO,61,2,
Venango County,US.PA.VE,60,0,
Fountain County,US.IN.FO,60,2,
Russell County,US.VA.RU,60,1,
Atoka County,US.OK.AT,60,0,
Shoshone County,US.ID.SH,60,0,
Lincoln County,US.WI.LI,60,0,
Lincoln County,US.MT.LN,60,2,
Clinton County,US.MO.CO,59,0,
Torrance County,US.NM.TO,59,1,
Sutton County,US.TX.ST,59,1,
Hansford County,US.TX.HF,59,2,
Murray County,US.OK.MR,59,0,
Fillmore County,US.MN.FI,58,0,
Madison County,US.VA.MD,58,1,
Latimer County,US.OK.LA,58,1,
Harrison County,US.MO.HS,58,1,
Morrill County,US.NE.MO,58,0,
Forest County,US.WI.FR,57,4,
Jefferson County,US.PA.JE,57,1,
Wyoming County,US.PA.WM,57,8,
Gray County,US.KS.GY,57,0,
Prairie County,US.AR.PR,57,0,
Yuma County,US.CO.YU,57,0,
Sioux County,US.ND.SI,57,0,
Paulding County,US.OH.PA,57,0,
Worth County,US.IA.WT,56,0,
Clare County,US.MI.CE,56,3,
Jefferson County,US.KS.JF,56,0,
Alleghany County,US.VA.AL,56,3,
Jackson County,US.AR.JA,56,1,
Rockcastle County,US.KY.RC,56,0,
Clay County,US.NC.CY,56,0,
Benton County,US.IN.BE,56,0,
Dixon County,US.NE.DI,56,2,
Dewey County,US.SD.DW,56,0,
Sheridan County,US.WY.SH,56,0,
Emmet County,US.MI.EM,56,2,
Lincoln County,US.WV.LI,56,0,
Atchison County,US.KS.AT,56,0,
Camden County,US.NC.CD,55,2,
Mecosta County,US.MI.MT,55,2,
Crawford County,US.WI.CR,55,0,
Baker County,US.GA.BR,55,3,
Howard County,US.NE.HW,55,4,
Bollinger County,US.MO.BI,55,0,
Essex County,US.NY.ES,55,0,
Teton County,US.ID.TE,55,0,
Dallas County,US.AR.DA,55,0,
Reagan County,US.TX.RG,55,3,
Jones County,US.NC.JN,55,3,
White County,US.IL.WE,55,0,
Renville County,US.MN.RN,54,4,
Tillman County,US.OK.TI,54,1,
Kane County,US.UT.KA,54,0,
Wayne County,US.KY.WY,54,0,
Washington County,US.MO.WS,54,1,
Hardy County,US.WV.HD,54,0,
Brooke County,US.WV.BO,54,1,
Lunenburg County,US.VA.LN,54,1,
Wright County,US.MO.WG,54,0,
Vernon County,US.WI.VE,54,0,
Hamilton County,US.TX.HM,54,1,
Greenlee County,US.AZ.GE,54,1,
Kearny County,US.KS.KE,54,1,
Butler County,US.NE.BE,54,0,
Tensas Parish,US.LA.TN,54,0,
Oxford County,US.ME.OX,54,0,
Washington County,US.KY.WS,54,0,
Mercer County,US.IL.ME,54,0,
Adams County,US.OH.AD,53,2,
Washington County,US.IL.WG,53,0,
Mariposa County,US.CA.MP,53,2,
Lincoln County,US.MN.LI,53,0,
Mille Lacs County,US.MN.MI,53,2,
Clay County,US.TN.CY,53,0,
Bourbon County,US.KS.BB,52,1,
Fayette County,US.IL.FA,52,3,
Glacier County,US.MT.GC,52,1,
Union County,US.KY.UN,52,0,
Moultrie County,US.IL.MI,52,0,
Custer County,US.MT.CU,52,2,
Cuming County,US.NE.CM,52,0,
Yates County,US.NY.YA,52,6,
Shelby County,US.IL.SB,52,1,
Crosby County,US.TX.CB,51,1,
Silver Bow County,US.MT.SI,51,0,
Pamlico County,US.NC.PM,51,1,
Blackford County,US.IN.BL,51,2,
Somervell County,US.TX.SV,51,0,
Jefferson County,US.WA.JE,51,0,
Johnson County,US.IL.JH,51,0,
Nowata County,US.OK.NW,51,1,
Swift County,US.MN.SW,51,1,
Mercer County,US.KY.MC,51,0,
Lincoln County,US.ID.LI,50,0,
Randolph County,US.MO.RN,50,1,
Houston County,US.TN.HO,50,0,
Stone County,US.AR.ST,50,1,
Van Buren County,US.AR.VA,50,2,
Bristol city,US.VA.BI,50,0,
Carbon County,US.MT.CB,50,0,
Jasper County,US.IL.JS,50,7,
Marion County,US.KS.MN,50,1,
Warren County,US.GA.WR,50,0,
Cass County,US.MN.CS,50,2,
Inyo County,US.CA.IN,50,1,
Ogemaw County,US.MI.OG,50,2,
Jim Hogg County,US.TX.JG,50,1,
Green Lake County,US.WI.GL,50,0,
Charlotte County,US.VA.CT,49,0,
Gallia County,US.OH.GA,49,1,
Eastland County,US.TX.EA,49,1,
Fleming County,US.KY.FE,49,0,
Benewah County,US.ID.BA,49,0,
Lander County,US.NV.LA,49,1,
Davis County,US.IA.DV,49,1,
Gladwin County,US.MI.GL,49,2,
Neosho County,US.KS.NO,49,0,
Montague County,US.TX.MU,49,1,
Otero County,US.CO.OT,49,4,
Perry County,US.AR.PY,48,0,
Okfuskee County,US.OK.OF,48,0,
Franklin County,US.NY.FR,48,1,
Chickasaw County,US.IA.CC,48,0,
Monroe County,US.AR.ME,48,0,
Mason County,US.KY.MS,48,1,
Kalkaska County,US.MI.KK,48,4,
Lafayette County,US.AR.LF,48,2,
Trigg County,US.KY.TG,48,0,
Breckinridge County,US.KY.BC,48,2,
Kauai County,US.HI.KU,47,0,
Roscommon County,US.MI.RO,47,0,
Houghton County,US.MI.HO,47,0,
Livingston County,US.MO.LV,47,0,
Howard County,US.IA.HO,47,0,
Schley County,US.GA.SY,47,1,
Skamania County,US.WA.SM,47,1,
Washington County,US.VT.WA,47,1,
Fulton County,US.KY.FU,47,1,
Buena Vista city,US.VA.BE,47,0,
Charles City County,US.VA.CC,47,3,
Park County,US.MT.PA,47,0,
Mitchell County,US.TX.MH,47,0,
Franklin County,US.ID.FA,47,0,
Macon County,US.MO.MN,47,0,
Yellow Medicine County,US.MN.YE,47,0,
Scott County,US.VA.SC,47,3,
Prowers County,US.CO.PR,47,0,
Dallas County,US.MO.DL,46,1,
Clay County,US.NE.CL,46,0,
Washington County,US.CO.WA,46,0,
Sagadahoc County,US.ME.SA,46,0,
Washakie County,US.WY.WA,46,5,
Vernon County,US.MO.VE,46,0,
Taylor County,US.WV.TA,46,0,
Valley County,US.ID.VA,46,1,
Merrick County,US.NE.ME,46,0,
Letcher County,US.KY.LT,45,0,
Bond County,US.IL.BN,45,2,
Mason County,US.WV.MN,45,1,
Ste. Genevieve County,US.MO.SG,45,1,
Garrett County,US.MD.GA,45,0,
Jackson County,US.WI.JA,45,1,
Richland County,US.MT.RI,45,0,
Larue County,US.KY.LR,45,1,
Franklin County,US.ME.FR,45,1,
Caldwell County,US.KY.CD,45,0,
Martin County,US.TX.MT,44,2,
Fremont County,US.ID.FE,44,0,
Churchill County,US.NV.CH,44,1,
Grant County,US.MN.GR,44,1,
Dickinson County,US.MI.DI,44,2,
Parke County,US.IN.PA,44,1,
Knox County,US.TX.KX,44,0,
Taylor County,US.WI.TA,44,0,
Nemaha County,US.KS.NM,44,0,
Cumberland County,US.IL.CU,43,2,
Carroll County,US.IL.CL,43,3,
Donley County,US.TX.DO,43,0,
Shannon County,US.MO.SN,43,1,
Menard County,US.IL.MN,43,0,
Wilbarger County,US.TX.WG,43,1,
Hill County,US.MT.HI,43,0,
Stevens County,US.KS.SV,43,0,
Hancock County,US.KY.HC,43,0,
Custer County,US.NE.CU,43,4,
Traill County,US.ND.TR,42,0,
Roseau County,US.MN.RS,42,0,
Valdez-Cordova Census Area,US.AK.VA,42,0,
Yukon-Koyukuk Census Area,US.AK.YU,42,1,
Turner County,US.SD.TU,42,0,
Lamoille County,US.VT.LA,42,1,
Garfield County,US.UT.GA,42,1,
Langlade County,US.WI.LN,42,1,
Rains County,US.TX.RI,42,1,
Metcalfe County,US.KY.MT,42,2,
Clark County,US.KS.CA,42,0,
Charlevoix County,US.MI.CV,42,2,
Gallatin County,US.IL.GA,42,0,
Grand County,US.UT.GR,42,0,
Ohio County,US.IN.OH,42,3,
Howard County,US.MO.HR,42,0,
Mason County,US.IL.MS,42,0,
Martin County,US.IN.MN,42,0,
Owen County,US.KY.OE,42,0,
Presidio County,US.TX.PS,42,0,
Elk County,US.PA.EL,42,2,
Kit Carson County,US.CO.KT,42,3,
Phillips County,US.KS.PL,42,8,
Morgan County,US.UT.MN,42,0,
Powell County,US.KY.PO,41,0,
Moore County,US.TN.MO,41,0,
Grand County,US.CO.GR,41,1,
Beckham County,US.OK.BC,41,0,
Pocahontas County,US.WV.PO,41,0,
Park County,US.CO.PA,41,1,
San Miguel County,US.NM.SM,41,0,
Lewis County,US.TN.LE,41,1,
Lawrence County,US.IL.LW,41,0,
Doniphan County,US.KS.DP,41,0,
Buffalo County,US.WI.BF,41,2,
Crawford County,US.MO.CF,40,0,
Power County,US.ID.PO,40,0,
Hemphill County,US.TX.HH,40,0,
Pepin County,US.WI.PE,40,0,
Arenac County,US.MI.AR,40,3,
Rappahannock County,US.VA.RP,40,2,
Hamilton County,US.KS.HM,40,0,
Wetzel County,US.WV.WT,40,0,
Meade County,US.KS.ME,40,0,
Lucas County,US.IA.LU,40,4,
Missaukee County,US.MI.MU,40,1,
Crawford County,US.IN.CW,40,0,
Crook County,US.OR.CR,40,1,
Otoe County,US.NE.OT,40,0,
Sabine County,US.TX.SB,39,6,
Brule County,US.SD.BU,39,0,
Wabaunsee County,US.KS.WB,39,0,
Montgomery County,US.IA.MG,39,2,
Mason County,US.TX.MA,39,0,
Switzerland County,US.IN.SW,39,0,
Ripley County,US.MO.RI,39,0,
Blaine County,US.OK.BL,39,0,
Jerauld County,US.SD.JE,39,1,
Callahan County,US.TX.AL,38,3,
Sullivan County,US.NH.SU,38,1,
Haskell County,US.KS.HS,38,0,
McLean County,US.KY.ML,38,1,
Cass County,US.IA.CS,38,0,
Izard County,US.AR.IZ,38,1,
Upshur County,US.WV.UP,38,0,
Gates County,US.NC.GT,38,2,
Ford County,US.IL.FO,38,1,
Appanoose County,US.IA.AP,38,3,
Hyde County,US.NC.HE,37,0,
Coke County,US.TX.OK,37,1,
Osage County,US.KS.OS,37,0,
Houston County,US.MN.HO,37,0,
Greene County,US.IA.GE,37,0,
Pendleton County,US.WV.PE,37,1,
Johnston County,US.OK.JO,37,0,
Sherman County,US.TX.SN,37,0,
Cheboygan County,US.MI.CY,37,2,
Dickinson County,US.KS.DK,37,1,
Aurora County,US.SD.AU,37,0,
Beaver County,US.OK.BA,36,0,
Pend Oreille County,US.WA.PE,36,0,
Webster County,US.GA.WT,36,2,
Madison County,US.NC.MD,36,0,
Pope County,US.MN.PE,35,0,
Wayne County,US.NE.WY,35,0,
Big Horn County,US.WY.BI,35,0,
Ramsey County,US.ND.RM,35,2,
McCulloch County,US.TX.MC,35,1,
King and Queen County,US.VA.KA,35,1,
Wayne County,US.IL.WY,35,1,
Scott County,US.AR.SC,35,0,
Poquoson city,US.VA.PQ,35,0,
Boise County,US.ID.BS,35,1,
Surry County,US.VA.SR,35,2,
Alexander County,US.IL.AL,35,0,
Schleicher County,US.TX.SH,34,1,
Lewis County,US.NY.LE,34,5,
Ketchikan Gateway Borough,US.AK.KG,34,0,
Piatt County,US.IL.PA,34,0,
Tioga County,US.PA.TI,34,2,
Antrim County,US.MI.AN,34,0,
Knott County,US.KY.KT,34,1,
Somerset County,US.ME.SO,34,1,
Cedar County,US.MO.CD,34,0,
Bates County,US.MO.BS,34,1,
Haskell County,US.TX.HK,33,0,
Childress County,US.TX.CD,33,0,
Boundary County,US.ID.BD,33,0,
Norman County,US.MN.NR,33,0,
Montgomery County,US.MO.MM,33,0,
Nantucket County,US.MA.NA,33,1,
Lincoln County,US.ME.LI,33,1,
Phelps County,US.NE.PH,33,0,
Pendleton County,US.KY.PN,33,0,
Pratt County,US.KS.PR,33,0,
Pacific County,US.WA.PA,33,2,
Beaverhead County,US.MT.BE,33,0,
Massac County,US.IL.MA,33,0,
Lawrence County,US.KY.LC,32,0,
Clay County,US.TX.CY,32,1,
Nelson County,US.VA.NL,32,0,
Sublette County,US.WY.SU,32,0,
Pike County,US.IN.PI,32,0,
Lake County,US.OR.LK,32,0,
Osage County,US.MO.OS,32,0,
Bath County,US.KY.BH,32,1,
Plumas County,US.CA.PU,32,0,
Livingston County,US.KY.LV,32,1,
Cumberland County,US.KY.CU,32,0,
Trimble County,US.KY.TM,32,0,
Aroostook County,US.ME.AR,32,1,
Haskell County,US.OK.HS,32,0,
Lewis County,US.KY.LI,31,0,
Quay County,US.NM.QU,31,1,
Manistee County,US.MI.ME,31,0,
Archuleta County,US.CO.AC,31,0,
Todd County,US.KY.TO,31,0,
Wheeler County,US.TX.WL,31,0,
Floyd County,US.VA.FO,31,1,
Sawyer County,US.WI.SW,31,0,
Texas County,US.MO.TE,31,0,
DeKalb County,US.MO.DE,31,1,
Guadalupe County,US.NM.GU,31,0,
Toole County,US.MT.TO,31,6,
Barnes County,US.ND.BA,31,0,
Ballard County,US.KY.BA,30,0,
Cavalier County,US.ND.CV,30,0,
Nicholas County,US.WV.NI,30,1,
Redwood County,US.MN.RW,30,0,
Woodward County,US.OK.WW,30,0,
Converse County,US.WY.CE,30,0,
Ottawa County,US.KS.OT,30,0,
Linn County,US.MO.LN,30,1,
Linn County,US.KS.LN,30,0,
McLean County,US.ND.ML,30,0,
Moody County,US.SD.MO,30,0,
Quitman County,US.GA.QU,29,1,
Martin County,US.KY.MI,29,0,
Fremont County,US.IA.FO,29,0,
Lancaster County,US.VA.LA,29,0,
Caldwell County,US.MO.CW,29,1,
Vinton County,US.OH.VI,29,2,
Lyon County,US.KY.LY,29,4,
Barbour County,US.WV.BB,29,1,
Ida County,US.IA.ID,29,0,
Knox County,US.NE.KN,29,0,
Johnson County,US.KY.JO,29,0,
Crawford County,US.IL.CW,29,0,
Green County,US.KY.GN,28,2,
Van Buren County,US.TN.VA,28,0,
Jack County,US.TX.JK,28,0,
Cloud County,US.KS.CD,28,0,
Northwest Arctic Borough,US.AK.NW,28,0,
Sierra County,US.NM.SI,28,0,
Lexington city,US.VA.LX,28,0,
Bracken County,US.KY.BK,28,0,
Keokuk County,US.IA.KE,28,1,
Morgan County,US.KY.MG,28,0,
Benzie County,US.MI.BE,28,1,
Menifee County,US.KY.ME,28,0,
San Juan County,US.WA.SA,28,0,
Union County,US.IN.UN,28,0,
Vilas County,US.WI.VI,28,0,
Alcona County,US.MI.AC,28,1,
Brown County,US.KS.BR,28,0,
Stephens County,US.TX.SE,28,2,
Hancock County,US.IL.HC,28,1,
McCreary County,US.KY.MR,28,0,
Thomas County,US.KS.TH,27,0,
Pembina County,US.ND.PE,27,0,
Dunn County,US.ND.DU,27,0,
Marshall County,US.MN.MS,27,0,
Audubon County,US.IA.AU,27,1,
Carbon County,US.UT.CR,27,0,
Idaho County,US.ID.ID,27,0,
Hancock County,US.ME.HA,27,1,
Jefferson County,US.OK.JE,27,0,
Mitchell County,US.KS.MC,27,0,
Chippewa County,US.MI.CP,27,0,
Coal County,US.OK.CL,27,0,
Knox County,US.ME.KN,26,1,
Fulton County,US.AR.FU,26,0,
Vermillion County,US.IN.VE,26,0,
Lawrence County,US.SD.LW,26,0,
De Witt County,US.IL.DW,26,0,
Lewis County,US.MO.LE,26,1,
Lewis County,US.WV.LE,26,2,
Clear Creek County,US.CO.CL,26,1,
Faulk County,US.SD.FU,26,1,
Corson County,US.SD.CO,26,0,
Caledonia County,US.VT.CA,26,0,
Stanton County,US.NE.ST,26,0,
Wabash County,US.IL.WB,26,0,
Middlesex County,US.VA.MI,26,1,
Beaver County,US.UT.BV,26,0,
McKean County,US.PA.MC,26,1,
Ransom County,US.ND.RN,26,0,
Thayer County,US.NE.TA,25,0,
Cheyenne County,US.NE.CY,25,0,
Kearney County,US.NE.KA,25,0,
Republic County,US.KS.RP,25,0,
Richland County,US.WI.RI,25,4,
Baker County,US.OR.BA,25,0,
Union County,US.NM.UN,25,0,
Searcy County,US.AR.SA,25,0,
Morgan County,US.WV.MA,25,0,
Fulton County,US.IL.FU,25,0,
Aitkin County,US.MN.AI,25,0,
Radford city,US.VA.RD,25,0,
Hutchinson County,US.SD.HT,25,0,
Anderson County,US.KS.AN,25,0,
Edgar County,US.IL.EG,25,0,
Wilkin County,US.MN.WL,25,3,
Van Buren County,US.IA.VA,25,1,
Hubbard County,US.MN.HU,25,0,
Kiowa County,US.OK.KO,24,1,
Scott County,US.KS.SC,24,0,
Mellette County,US.SD.ML,24,0,
Edwards County,US.TX.ED,24,0,
Breathitt County,US.KY.BT,24,0,
Montgomery County,US.AR.MT,24,0,
Hickman County,US.KY.HA,24,0,
Grundy County,US.MO.GU,24,1,
Moffat County,US.CO.MF,24,1,
Ralls County,US.MO.RL,24,0,
McCook County,US.SD.MC,24,1,
Tillamook County,US.OR.TI,24,0,
Wayne County,US.MO.WY,24,0,
Asotin County,US.WA.AS,24,2,
Oscoda County,US.MI.OO,24,1,
Major County,US.OK.MJ,23,1,
Rice County,US.KS.RC,23,0,
Washita County,US.OK.WT,23,0,
Kanabec County,US.MN.KA,23,1,
Fisher County,US.TX.FH,23,1,
Conejos County,US.CO.CN,23,0,
Concho County,US.TX.ON,23,0,
Crittenden County,US.KY.CT,23,1,
Graham County,US.NC.GH,23,0,
Leslie County,US.KY.LS,23,0,
Meigs County,US.OH.MS,23,0,
Wadena County,US.MN.WD,23,0,
Fulton County,US.PA.FU,22,2,
Norton County,US.KS.NT,22,0,
Fillmore County,US.NE.FI,22,1,
Costilla County,US.CO.CS,22,0,
Big Stone County,US.MN.BI,22,0,
Polk County,US.NE.PO,22,0,
Rolette County,US.ND.RO,22,0,
Marion County,US.AR.MN,22,0,
Clinton County,US.KY.CO,22,0,
Caribou County,US.ID.CR,22,0,
Johnson County,US.WY.JO,22,1,
Day County,US.SD.DY,21,0,
Dickenson County,US.VA.DC,21,0,
Ringgold County,US.IA.RI,21,1,
McDowell County,US.WV.MC,21,0,
Sitka City and Borough,US.AK.SI,21,0,
Griggs County,US.ND.GI,21,0,
Stanton County,US.KS.ST,21,0,
Cedar County,US.NE.CA,21,0,
Giles County,US.VA.GI,21,0,
San Saba County,US.TX.SS,21,0,
Glascock County,US.GA.GS,21,0,
Jefferson County,US.MT.JE,21,0,
Adair County,US.IA.AI,20,0,
Mackinac County,US.MI.MK,20,0,
Rosebud County,US.MT.RS,20,1,
Hanson County,US.SD.HS,20,0,
Mahnomen County,US.MN.MH,20,1,
Mercer County,US.ND.ME,20,0,
Cochran County,US.TX.CC,20,0,
Issaquena County,US.MS.IS,20,1,
Nicholas County,US.KY.NI,20,0,
Deer Lodge County,US.MT.DE,20,0,
Potter County,US.PA.PO,20,0,
Schuyler County,US.NY.SU,20,0,
Tripp County,US.SD.TR,20,0,
Harrison County,US.OH.HR,19,1,
Wallowa County,US.OR.WW,19,1,
Pickett County,US.TN.PI,19,1,
Hudspeth County,US.TX.HU,19,2,
Gasconade County,US.MO.GA,19,0,
Wyoming County,US.WV.WY,19,1,
Warren County,US.IN.WN,19,1,
Spink County,US.SD.SP,19,0,
Monroe County,US.WV.ME,19,0,
Phillips County,US.CO.PH,19,0,
Bethel Census Area,US.AK.BE,19,0,
Hot Springs County,US.WY.HO,18,0,
Keith County,US.NE.KT,18,0,
Bayfield County,US.WI.BY,18,1,
Grant County,US.SD.GA,18,0,
Burt County,US.NE.BT,18,0,
Menominee County,US.WI.MN,18,0,
Ellsworth County,US.KS.EW,18,0,
Pierce County,US.NE.PI,18,0,
Richardson County,US.NE.RI,18,1,
Mineral County,US.CO.MI,18,0,
Marshall County,US.IL.MH,18,0,
Price County,US.WI.PC,18,0,
Walworth County,US.SD.WA,18,0,
Carlisle County,US.KY.CE,18,1,
Adams County,US.ID.AM,18,0,
Stillwater County,US.MT.ST,18,0,
Los Alamos County,US.NM.LO,18,0,
Antelope County,US.NE.AN,18,1,
Woodruff County,US.AR.WO,17,0,
Nome Census Area,US.AK.NM,17,0,
Shackelford County,US.TX.SC,17,0,
Archer County,US.TX.AC,17,0,
Decatur County,US.IA.DC,17,0,
Daviess County,US.MO.DV,17,0,
Clay County,US.WV.CY,17,1,
Greene County,US.IL.GE,17,0,
Washburn County,US.WI.WR,17,0,
Hamilton County,US.IL.HM,17,0,
Roosevelt County,US.MT.RO,17,0,
Cotton County,US.OK.CT,17,2,
Kinney County,US.TX.KN,17,0,
Clay County,US.KS.CY,17,2,
Morgan County,US.OH.MA,17,0,
Hardin County,US.IL.HI,16,0,
Hickory County,US.MO.HC,16,0,
Douglas County,US.SD.DO,16,0,
Gilmer County,US.WV.GI,16,0,
Coos County,US.NH.CO,16,0,
Graham County,US.KS.GH,16,0,
Magoffin County,US.KY.MF,16,0,
Reynolds County,US.MO.RE,16,0,
Lake County,US.MI.LK,16,0,
McIntosh County,US.ND.MI,16,1,
Iron County,US.MI.IR,16,1,
Madison County,US.MO.MD,16,0,
Menard County,US.TX.EN,16,0,
Clark County,US.SD.CK,16,0,
Noble County,US.OH.NO,16,0,
Nemaha County,US.NE.NE,16,0,
Rooks County,US.KS.RO,15,0,
Greenwood County,US.KS.GW,15,0,
Teton County,US.MT.TE,15,0,
Warren County,US.PA.WR,15,1,
Emery County,US.UT.EM,15,0,
Ashland County,US.WI.AS,15,0,
Harmon County,US.OK.HM,15,0,
Craig County,US.VA.CG,15,0,
Adams County,US.IA.AM,15,0,
Emmons County,US.ND.EM,15,1,
Burke County,US.ND.BK,15,0,
Kimball County,US.NE.KB,15,0,
Culberson County,US.TX.UL,15,2,
Orange County,US.VT.OA,15,0,
Stevens County,US.MN.SV,15,0,
St. Clair County,US.MO.SC,15,0,
Clearwater County,US.ID.CE,15,0,
Furnas County,US.NE.FU,15,1,
Woods County,US.OK.WS,15,0,
Upton County,US.TX.UP,15,1,
Las Animas County,US.CO.LS,15,0,
Gosper County,US.NE.GO,15,0,
Lipscomb County,US.TX.LM,15,0,
Schuyler County,US.IL.SU,15,0,
Dawson County,US.MT.DW,14,0,
Red Willow County,US.NE.RE,14,0,
Chariton County,US.MO.CI,14,0,
Mills County,US.TX.MS,14,0,
McHenry County,US.ND.MH,14,1,
Roane County,US.WV.RO,14,1,
Carter County,US.MO.CR,14,1,
Curry County,US.OR.CU,14,0,
Presque Isle County,US.MI.PR,14,1,
Fall River County,US.SD.FL,14,0,
Wells County,US.ND.WE,14,0,
Southeast Fairbanks Census Area,US.AK.SO,14,0,
Hamlin County,US.SD.HM,14,0,
LaMoure County,US.ND.LA,14,0,
Dade County,US.MO.DD,14,0,
Goshen County,US.WY.GO,14,0,
Stanley County,US.SD.ST,14,0,
Lake County,US.MN.LE,14,0,
Clearwater County,US.MN.CE,14,0,
Jefferson County,US.NE.JE,14,0,
Hardeman County,US.TX.RD,14,0,
Orleans County,US.VT.OL,14,0,
Wayne County,US.IA.WY,14,1,
Baca County,US.CO.BA,14,0,
Sanborn County,US.SD.SA,13,0,
Custer County,US.SD.CU,13,0,
Pershing County,US.NV.PE,13,0,
Oldham County,US.TX.OL,13,1,
Colfax County,US.NM.CO,13,1,
Gilpin County,US.CO.GI,13,0,
Delta County,US.TX.DT,13,0,
Miner County,US.SD.ME,13,0,
North Slope Borough,US.AK.NH,13,0,
Columbia County,US.WA.CM,13,0,
Bon Homme County,US.SD.BH,13,0,
Grand Isle County,US.VT.GR,13,0,
Burnett County,US.WI.BN,13,1,
Rusk County,US.WI.RU,13,1,
Red Lake County,US.MN.RD,13,0,
Allen County,US.KS.AL,13,0,
Monroe County,US.MO.MR,13,0,
Oregon County,US.MO.OR,13,0,
Carson County,US.TX.CN,13,0,
Kimble County,US.TX.KM,13,0,
Eddy County,US.ND.ED,13,0,
Brown County,US.IL.BR,13,0,
Tyler County,US.WV.TY,12,0,
Ouray County,US.CO.OU,12,1,
Calhoun County,US.AR.CA,12,0,
Johnson County,US.NE.JO,12,0,
Matthews County,US.VA.MT,12,0,
Perkins County,US.NE.PE,12,1,
Edwards County,US.IL.EW,12,0,
Foster County,US.ND.FO,12,0,
Garfield County,US.MT.GF,12,0,
Ferry County,US.WA.FE,12,0,
Richland County,US.IL.RI,12,0,
Sherman County,US.KS.SH,12,0,
Clay County,US.IL.CY,12,0,
Pike County,US.IL.PK,12,0,
Scotland County,US.MO.SO,12,1,
Lemhi County,US.ID.LM,11,0,
Coleman County,US.TX.CM,11,0,
White Pine County,US.NV.WH,11,1,
Kingsbury County,US.SD.KI,11,0,
Hodgeman County,US.KS.HG,11,0,
Briscoe County,US.TX.BO,11,1,
Shelby County,US.MO.SB,11,0,
Atchison County,US.MO.AT,11,0,
Valley County,US.MT.VA,11,0,
Nelson County,US.ND.NE,11,0,
Maries County,US.MO.MS,11,0,
Cottle County,US.TX.OT,11,2,
Covington city,US.VA.CV,11,0,
Mineral County,US.NV.MI,11,0,
Estill County,US.KY.ES,11,0,
Sedgwick County,US.CO.SE,11,1,
Butte County,US.SD.BT,10,1,
Broadwater County,US.MT.BR,10,0,
Edmunds County,US.SD.ED,10,0,
Lincoln County,US.WA.LI,10,0,
Woodson County,US.KS.WO,10,0,
Custer County,US.CO.CU,10,0,
Sullivan County,US.PA.SL,10,0,
Steele County,US.ND.SE,10,0,
Traverse County,US.MN.TR,10,0,
Kidder County,US.ND.KI,10,0,
Bottineau County,US.ND.BT,10,0,
Norton city,US.VA.NC,10,0,
Box Butte County,US.NE.BX,10,0,
Iron County,US.MO.IR,10,0,
Dickey County,US.ND.DC,10,0,
Renville County,US.ND.RE,9,0,
Henderson County,US.IL.HD,9,0,
Marshall County,US.KS.MS,9,0,
Sheridan County,US.NE.SD,9,0,
Sargent County,US.ND.SG,9,0,
Owsley County,US.KY.OS,9,0,
Sanders County,US.MT.SA,9,0,
Wolfe County,US.KY.WL,9,0,
Morton County,US.KS.MT,9,2,
Crook County,US.WY.CK,9,0,
Taliaferro County,US.GA.TA,9,0,
Schuyler County,US.MO.SH,9,0,
Forest County,US.PA.FO,9,0,
Franklin County,US.NE.FA,9,0,
Webster County,US.NE.WE,9,0,
Pondera County,US.MT.PN,9,0,
Valley County,US.NE.VA,9,0,
Grant County,US.OK.GN,9,0,
Tucker County,US.WV.TU,9,0,
Knox County,US.MO.KN,9,0,
Dent County,US.MO.DN,9,0,
Edwards County,US.KS.ED,9,0,
Deuel County,US.SD.DU,9,0,
Cheyenne County,US.CO.CE,8,0,
Wilson County,US.KS.WL,8,0,
Worth County,US.MO.WO,8,0,
Clark County,US.MO.CK,8,0,
Braxton County,US.WV.BX,8,0,
Ziebach County,US.SD.ZI,8,0,
Roger Mills County,US.OK.RR,8,0,
Stark County,US.IL.SA,8,0,
Sherman County,US.OR.SH,8,0,
Greeley County,US.NE.GE,8,0,
Hall County,US.TX.HA,8,1,
Mercer County,US.MO.MC,8,0,
Schoolcraft County,US.MI.SR,8,0,
Oneida County,US.ID.ON,8,0,
Harper County,US.KS.HP,8,0,
Russell County,US.KS.RS,8,0,
Harney County,US.OR.HA,8,0,
Jeff Davis County,US.TX.JF,8,0,
Nance County,US.NE.NA,8,0,
Kingman County,US.KS.KM,8,0,
Pierce County,US.ND.PI,8,0,
Jewell County,US.KS.JW,8,0,
Marshall County,US.SD.MS,8,0,
Jackson County,US.CO.JA,8,0,
Irion County,US.TX.IR,8,0,
Washington County,US.ME.WS,7,0,
Hand County,US.SD.HD,7,0,
Hamilton County,US.NY.HA,7,1,
Jackson County,US.SD.JA,7,1,
Collingsworth County,US.TX.CG,7,0,
Custer County,US.ID.CU,7,0,
Gregory County,US.SD.GE,7,0,
Pleasants County,US.WV.PL,7,0,
Pawnee County,US.KS.PN,7,0,
Elliott County,US.KY.EL,7,0,
Sherman County,US.NE.SM,7,0,
Sheridan County,US.KS.SD,7,0,
Holt County,US.NE.HT,7,0,
Pope County,US.IL.PE,7,0,
Putnam County,US.IL.PT,7,0,
Florence County,US.WI.FL,7,0,
Montmorency County,US.MI.MR,7,0,
McMullen County,US.TX.MM,7,0,
Morris County,US.KS.MR,7,0,
Putnam County,US.MO.PN,7,0,
Boone County,US.NE.BO,7,0,
Blaine County,US.MT.BL,7,0,
Dewey County,US.OK.DW,7,0,
Bland County,US.VA.BL,7,0,
Scott County,US.IL.SO,7,0,
Hettinger County,US.ND.HE,6,0,
Lake and Peninsula Borough,US.AK.LA,6,0,
Holt County,US.MO.HL,6,0,
Lac Qui Parle County,US.MN.LC,6,0,
Hoonah-Angoon Census Area,US.AK.HH,6,0,
Chase County,US.KS.CS,6,0,
Huerfano County,US.CO.HU,6,1,
Fergus County,US.MT.FE,6,0,
Kodiak Island Borough,US.AK.KO,6,0,
Rio Blanco County,US.CO.RB,6,0,
Mora County,US.NM.MO,6,0,
Rich County,US.UT.RH,6,0,
Kiowa County,US.KS.KW,6,0,
Wirt County,US.WV.WI,6,0,
Alger County,US.MI.AG,6,0,
Granite County,US.MT.GN,6,0,
Calhoun County,US.WV.CH,6,0,
Petersburg Census Area,US.AK.PB,6,1,
Bowman County,US.ND.BW,6,0,
Glasscock County,US.TX.GC,6,0,
McPherson County,US.SD.MP,6,0,
Perkins County,US.SD.PR,6,0,
Bear Lake County,US.ID.BK,6,0,
Pawnee County,US.NE.PA,6,0,
Roberts County,US.TX.RS,6,0,
Ozark County,US.MO.OZ,6,0,
Lincoln County,US.KS.LC,6,0,
Oliver County,US.ND.OL,6,0,
Lincoln County,US.CO.LI,6,0,
Calhoun County,US.IL.CH,6,0,
Bent County,US.CO.BE,5,0,
Sheridan County,US.ND.SH,5,0,
Baylor County,US.TX.BR,5,0,
Platte County,US.WY.PL,5,0,
Nuckolls County,US.NE.NU,5,0,
Chautauqua County,US.KS.CQ,5,0,
Baraga County,US.MI.BA,5,0,
Cameron County,US.PA.CE,5,0,
Wrangell City and Borough,US.AK.WG,5,0,
Rush County,US.KS.RH,5,0,
Lane County,US.KS.LE,5,0,
Ness County,US.KS.NS,5,0,
Sioux County,US.NE.SI,5,0,
Bennett County,US.SD.BN,5,0,
Towner County,US.ND.TO,5,0,
Trinity County,US.CA.TR,5,0,
Harper County,US.OK.HP,5,0,
Decatur County,US.KS.DC,5,0,
Armstrong County,US.TX.AM,5,0,
Wahkiakum County,US.WA.WH,5,0,
Trego County,US.KS.TR,5,0,
Summers County,US.WV.SU,5,0,
Kenedy County,US.TX.KE,5,1,
Dawes County,US.NE.DS,5,0,
Prince of Wales-Hyder Census Area,US.AK.PH,5,0,
Haines Borough,US.AK.HA,4,0,
Aleutians West Census Area,US.AK.AW,4,0,
Ontonagon County,US.MI.ON,4,0,
Alfalfa County,US.OK.AL,4,0,
Grant County,US.ND.GT,4,0,
Bath County,US.VA.BA,4,0,
Catron County,US.NM.CA,4,1,
Golden Valley County,US.ND.GO,4,0,
McPherson County,US.NE.MC,4,0,
Barber County,US.KS.AB,4,0,
Meagher County,US.MT.ME,4,0,
Storey County,US.NV.ST,4,0,
Kusilvak Census Area,US.AK.WA,4,0,
Hooker County,US.NE.HO,4,0,
Essex County,US.VT.ES,4,0,
Doddridge County,US.WV.DO,4,0,
Chase County,US.NE.CE,4,0,
Dickens County,US.TX.DC,4,1,
Sweet Grass County,US.MT.SW,4,1,
Motley County,US.TX.MY,4,0,
Stonewall County,US.TX.SA,4,0,
Cherry County,US.NE.CH,4,0,
Garden County,US.NE.GD,4,0,
Piute County,US.UT.PT,4,0,
Gilliam County,US.OR.GI,3,0,
Wichita County,US.KS.WH,3,0,
Ellis County,US.OK.EL,3,0,
Greeley County,US.KS.GL,3,0,
Frontier County,US.NE.FO,3,0,
Osborne County,US.KS.OB,3,0,
Sheridan County,US.MT.SH,3,0,
Luce County,US.MI.LU,3,0,
Garfield County,US.NE.GF,3,0,
Gove County,US.KS.GO,3,0,
Ritchie County,US.WV.RI,3,0,
Golden Valley County,US.MT.GO,3,0,
Logan County,US.ND.LO,3,0,
Lee County,US.KY.LE,3,0,
Hinsdale County,US.CO.HI,3,0,
Slope County,US.ND.SL,3,0,
Webster County,US.WV.WB,3,0,
Kittson County,US.MN.KI,3,0,
Stafford County,US.KS.SF,3,0,
Highland County,US.VA.HA,3,0,
Judith Basin County,US.MT.JU,3,0,
Hyde County,US.SD.HY,3,0,
Wheatland County,US.MT.WH,3,0,
Smith County,US.KS.SM,3,0,
Piscataquis County,US.ME.PI,3,0,
Robertson County,US.KY.RB,3,0,
Lincoln County,US.NV.LI,3,0,
Chouteau County,US.MT.CH,3,0,
Keweenaw County,US.MI.KW,3,0,
Comanche County,US.KS.CM,3,0,
Eureka County,US.NV.EU,2,0,
San Juan County,US.CO.SJ,2,0,
Fallon County,US.MT.FA,2,0,
Adams County,US.ND.AD,2,0,
Wayne County,US.UT.WE,2,0,
Foard County,US.TX.FD,2,0,
Niobrara County,US.WY.NI,2,0,
Cheyenne County,US.KS.CN,2,0,
Garfield County,US.WA.GF,2,0,
Musselshell County,US.MT.MU,2,0,
Logan County,US.KS.LG,2,0,
Throckmorton County,US.TX.TH,2,0,
Powell County,US.MT.PL,2,0,
Treasure County,US.MT.TR,2,0,
Daniels County,US.MT.DN,2,0,
Alpine County,US.CA.AP,2,0,
Washington County,US.KS.WS,2,0,
Wheeler County,US.NE.WH,2,0,
Grant County,US.OR.GR,2,0,
Kent County,US.TX.KT,2,0,
Rock County,US.NE.RO,2,0,
Banner County,US.NE.BA,2,0,
Terrell County,US.TX.TL,2,0,
Cook County,US.MN.CO,2,0,
Sierra County,US.CA.SE,2,0,
Potter County,US.SD.PO,1,0,
Aleutians East Borough,US.AK.AE,1,0,
Powder River County,US.MT.PD,1,0,
Elk County,US.KS.EK,1,0,
Billings County,US.ND.BI,1,0,
Denali Borough,US.AK.DE,1,0,
Jones County,US.SD.JO,1,0,
Hitchcock County,US.NE.HI,1,0,
Thomas County,US.NE.TO,1,0,
Cimarron County,US.OK.CO,1,0,
Harlan County,US.NE.HR,1,0,
Lake of the Woods County,US.MN.LO,1,0,
Harding County,US.NM.HA,1,0,
Haakon County,US.SD.HA,1,0,
Liberty County,US.MT.LB,1,0,
Sully County,US.SD.SU,1,0,
Camas County,US.ID.CM,1,0,
Campbell County,US.SD.CP,1,0,
Wibaux County,US.MT.WI,1,0,
Dundy County,US.NE.DY,1,0,
Boyd County,US.NE.BY,1,0,
Divide County,US.ND.DV,1,0,
Dolores County,US.CO.DO,1,0,
Deuel County,US.NE.DL,1,0,
McCone County,US.MT.MC,1,0,
Prairie County,US.MT.PR,0,0,
Esmeralda County,US.NV.ES,0,0,
Rawlins County,US.KS.RA,0,0,
Harding County,US.SD.HR,0,0,
Wallace County,US.KS.WA,0,0,
Dillingham Census Area,US.AK.DI,0,0,
Daggett County,US.UT.DG,0,0,
De Baca County,US.NM.DE,0,0,
Grant County,US.NE.GA,0,0,
Kalawao County,US.HI.KL,0,0,
Clark County,US.ID.CA,0,0,
Arthur County,US.NE.AR,0,0,
Petroleum County,US.MT.PO,0,0,
Modoc County,US.CA.MC,0,0,
Mineral County,US.MT.MN,0,0,
Borden County,US.TX.BD,0,0,
Bristol Bay Borough,US.AK.BR,0,0,
Loving County,US.TX.LI,0,0,
Brown County,US.NE.BW,0,0,
Loup County,US.NE.LU,0,0,
Butte County,US.ID.BT,0,0,
Logan County,US.NE.LG,0,0,
Skagway Municipality,US.AK.SW,0,0,
Keya Paha County,US.NE.KY,0,0,
Wheeler County,US.OR.WE,0,0,
Lewis County,US.ID.LW,0,0,
Carter County,US.MT.CT,0,0,
Phillips County,US.MT.PH,0,0,
Sterling County,US.TX.SI,0,0,
Kiowa County,US.CO.KO,0,0,
Blaine County,US.NE.BL,0,0,
King County,US.TX.KG,0,0,
Yakutat City and Borough,US.AK.YA,0,0,
Hayes County,US.NE.HY,0,0,
