County,hasc,confirmed,death,recovered
Cook County,US.IL.CO,85858,4304,
Los Angeles County,US.CA.LO,77189,2991,
Queens County,US.NY.QU,64176,6463,
Kings County,US.NY.KI,58386,6957,
Bronx County,US.NY.BN,46778,4618,
Nassau County,US.NY.NA,41320,2171,
Suffolk County,US.NY.SF,40770,1958,
Westchester County,US.NY.WE,34385,1407,
New York County,US.NY.NE,27708,3033,
Middlesex County,US.MA.MI,23346,1781,
Miami-Dade County,US.FL.DA,23273,850,
Maricopa County,US.AZ.MA,22272,579,
Wayne County,US.MI.WY,21897,2676,
Philadelphia County,US.PA.PH,20184,1528,
Suffolk County,US.MA.SU,19434,959,
Bergen County,US.NJ.BE,18928,1681,
Hudson County,US.NJ.HD,18744,1256,
Essex County,US.NJ.ES,18421,1755,
Harris County,US.TX.RR,17707,289,
Prince George's County,US.MD.PR,17611,648,
Passaic County,US.NJ.PA,16683,1007,
Middlesex County,US.NJ.MI,16513,1094,
Fairfield County,US.CT.FA,16381,1352,
Union County,US.NJ.UN,16291,1131,
Essex County,US.MA.ES,15703,1057,
Dallas County,US.TX.DS,14843,293,
Richmond County,US.NY.RI,13893,1026,
Montgomery County,US.MD.MO,13819,704,
Rockland County,US.NY.RO,13467,506,
Fairfax County,US.VA.FX,13153,429,
Providence County,US.RI.PR,12363,404,
New Haven County,US.CT.NH,12089,1052,
Worcester County,US.MA.WO,12032,888,
Riverside County,US.CA.RI,11951,399,
Oakland County,US.MI.OD,11384,1069,
Hartford County,US.CT.HA,11284,1331,
Marion County,US.IN.MO,10852,657,
Orange County,US.NY.OE,10599,369,
Hennepin County,US.MN.HE,10415,727,
San Diego County,US.CA.SD,9854,327,
Washington,US.DC.DI,9847,523,
Broward County,US.FL.BO,9812,360,
Milwaukee County,US.WI.MU,9750,356,
Palm Beach County,US.FL.PL,9472,444,
Clark County,US.NV.CL,9318,386,
Ocean County,US.NJ.OC,9306,828,
Orange County,US.CA.OR,9197,243,
Lake County,US.IL.LK,9154,389,
Norfolk County,US.MA.NO,8908,903,
King County,US.WA.KN,8885,591,
Monmouth County,US.NJ.MN,8804,688,
DuPage County,US.IL.DU,8546,435,
Plymouth County,US.MA.PL,8522,631,
Jefferson Parish,US.LA.JF,8507,472,
San Bernardino County,US.CA.SA,8014,229,
Montgomery County,US.PA.MG,7990,770,
Bristol County,US.MA.BR,7956,528,
Salt Lake County,US.UT.SL,7809,99,
Tarrant County,US.TX.TN,7642,198,
Mecklenburg County,US.NC.MB,7563,130,
Orleans Parish,US.LA.OR,7448,523,
Mercer County,US.NJ.ME,7393,523,
Franklin County,US.OH.FR,7365,337,
Baltimore County,US.MD.BC,7329,432,
Kane County,US.IL.KE,7202,236,
Shelby County,US.TN.SY,7183,154,
Macomb County,US.MI.MB,7102,892,
Davidson County,US.TN.DA,7082,91,
Camden County,US.NJ.CM,7047,415,
Delaware County,US.PA.DE,6967,629,
Erie County,US.NY.ER,6882,558,
Baltimore City,US.MD.BA,6866,307,
Prince William County,US.VA.PW,6654,127,
Morris County,US.NJ.MR,6627,638,
Hampden County,US.MA.HD,6518,645,
Denver County,US.CO.DN,6445,364,
Will County,US.IL.WL,6222,308,
Douglas County,US.NE.DG,5953,69,
Gwinnett County,US.GA.GW,5685,159,
Yakima County,US.WA.YA,5651,122,
Bucks County,US.PA.BC,5466,546,
St. Louis County,US.MO.SL,5410,518,
Cuyahoga County,US.OH.CU,5336,319,
Fulton County,US.GA.FU,5307,300,
Polk County,US.IA.PK,5230,163,
Burlington County,US.NJ.BU,4935,364,
Bexar County,US.TX.BX,4876,89,
Arapahoe County,US.CO.AA,4861,339,
Anne Arundel County,US.MD.AN,4796,195,
Somerset County,US.NJ.SO,4780,438,
Travis County,US.TX.TV,4771,106,
Alameda County,US.CA.AA,4533,116,
DeKalb County,US.GA.DA,4508,155,
Kent County,US.MI.KN,4491,115,
Imperial County,US.CA.IM,4478,54,
Sussex County,US.DE.SU,4429,151,
New Castle County,US.DE.NE,4422,191,
Pima County,US.AZ.PM,4385,229,
Berks County,US.PA.BK,4350,340,
Hillsborough County,US.FL.HL,4273,104,
Lake County,US.IN.LK,4222,231,
East Baton Rouge Parish,US.LA.EB,4218,260,
Ramsey County,US.MN.RA,4079,199,
Dutchess County,US.NY.DU,4077,148,
El Paso County,US.TX.EP,3999,113,
Lehigh County,US.PA.LH,3978,273,
Lancaster County,US.PA.LN,3830,336,
Adams County,US.CO.AD,3791,149,
Cobb County,US.GA.CB,3723,222,
Orange County,US.FL.OR,3584,48,
Kern County,US.CA.KE,3512,57,
Minnehaha County,US.SD.MN,3499,54,
Loudoun County,US.VA.LD,3458,80,
Yuma County,US.AZ.YU,3454,43,
Jefferson County,US.KY.JF,3451,182,
Monroe County,US.NY.MR,3418,231,
Hamilton County,US.OH.HM,3374,181,
Chester County,US.PA.CH,3367,311,
Santa Clara County,US.CA.SL,3288,151,
Northampton County,US.PA.NA,3255,247,
Wake County,US.NC.WK,3241,43,
Snohomish County,US.WA.SN,3187,159,
Lee County,US.FL.LE,3187,137,
Greenville County,US.SC.GV,3143,70,
Hillsborough County,US.NH.HI,3048,213,
Woodbury County,US.IA.WO,3021,40,
Montgomery County,US.AL.MT,2996,72,
San Francisco County,US.CA.SF,2982,47,
McKinley County,US.NM.MC,2968,152,
Fresno County,US.CA.FR,2900,61,
Tulare County,US.CA.TL,2881,106,
Hall County,US.GA.HL,2844,58,
Durham County,US.NC.DH,2841,57,
Luzerne County,US.PA.LU,2841,169,
Caddo Parish,US.LA.CO,2831,217,
Collier County,US.FL.CL,2817,60,
Mobile County,US.AL.MB,2808,130,
Potter County,US.TX.PT,2798,37,
Utah County,US.UT.UT,2776,19,
Winnebago County,US.IL.WN,2776,81,
Navajo County,US.AZ.NA,2771,88,
Cumberland County,US.NJ.CU,2745,118,
Jackson County (including other portions of Kansas City),US.MO.JC,2718,52,
Marion County,US.OH.MR,2712,33,
Weld County,US.CO.WE,2693,136,
Jefferson County,US.AL.JE,2687,121,
Pinellas County,US.FL.PI,2684,110,
San Mateo County,US.CA.SM,2653,99,
Genesee County,US.MI.GE,2596,283,
Onondaga County,US.NY.OG,2558,156,
Atlantic County,US.NJ.AT,2553,184,
Brown County,US.WI.BW,2507,39,
Fort Bend County,US.TX.FR,2496,50,
Jefferson County,US.CO.JE,2488,200,
Lucas County,US.OH.LU,2462,289,
Gloucester County,US.NJ.GL,2428,166,
Arlington County,US.VA.AR,2372,124,
Richland County,US.SC.RI,2368,74,
Howard County,US.MD.HO,2343,77,
Frederick County,US.MD.FR,2336,115,
Forsyth County,US.NC.FO,2333,26,
Henrico County,US.VA.HC,2332,138,
Chesterfield County,US.VA.CD,2316,40,
Elkhart County,US.IN.EL,2280,35,
Allen County,US.IN.AL,2277,90,
Duval County,US.FL.DU,2194,59,
Pierce County,US.WA.PI,2179,89,
Alexandria City,US.VA.AX,2175,48,
Santa Barbara County,US.CA.SB,2171,22,
Guilford County,US.NC.GU,2167,98,
San Juan County,US.NM.SJ,2140,152,
Pickaway County,US.OH.PC,2128,40,
Allegheny County,US.PA.AL,2113,177,
Stearns County,US.MN.SR,2111,19,
Cass County,US.ND.CS,2091,62,
Washington County,US.AR.WA,2080,15,
Contra Costa County,US.CA.CN,2071,50,
City of St. Louis,US.MO.SY,2069,140,
Racine County,US.WI.RA,2039,56,
Albany County,US.NY.AB,2029,108,
Washoe County,US.NV.WA,2023,71,
El Paso County,US.CO.EL,2001,113,
Apache County,US.AZ.AP,1998,58,
St. Tammany Parish,US.LA.ST,1966,170,
Kings County,US.CA.KI,1940,10,
Ford County,US.KS.FO,1897,10,
Sacramento County,US.CA.SC,1892,66,
San Joaquin County,US.CA.SJ,1888,45,
Ouachita Parish,US.LA.OU,1881,66,
Hamilton County,US.TN.HL,1881,21,
Walker County,US.TX.WK,1879,27,
Richmond City,US.VA.RC,1872,28,
McHenry County,US.IL.MY,1872,88,
Collin County,US.TX.CI,1866,38,
Rutherford County,US.TN.RU,1851,31,
Black Hawk County,US.IA.BL,1841,55,
Dougherty County,US.GA.DH,1837,151,
Tulsa County,US.OK.TU,1825,64,
Denton County,US.TX.DN,1812,36,
Pinal County,US.AZ.PN,1793,47,
Anoka County,US.MN.AN,1786,91,
Wyandotte County,US.KS.WY,1783,76,
Dakota County,US.MN.DA,1776,75,
Oklahoma County,US.OK.OL,1754,65,
Bernalillo County,US.NM.BE,1752,81,
Ulster County,US.NY.UL,1744,80,
Dakota County,US.NE.DK,1729,28,
Summit County,US.OH.SU,1712,195,
Ventura County,US.CA.VE,1706,41,
Dauphin County,US.PA.DA,1693,111,
Polk County,US.FL.PO,1634,75,
Multnomah County,US.OR.MU,1632,68,
Nobles County,US.MN.NB,1620,6,
Benton County,US.AR.BE,1612,9,
Buena Vista County,US.IA.BV,1612,10,
Lackawanna County,US.PA.LC,1611,199,
Cass County,US.IN.CS,1608,9,
Mahoning County,US.OH.MH,1606,218,
Washtenaw County,US.MI.WS,1592,101,
St. Joseph County,US.IN.SN,1583,53,
Kent County,US.DE.KE,1579,84,
Hall County,US.NE.HL,1567,45,
Finney County,US.KS.FI,1545,10,
Wayne County,US.NC.WY,1540,20,
Lancaster County,US.NE.LA,1538,10,
Brazoria County,US.TX.BI,1525,18,
Manatee County,US.FL.MN,1523,117,
St. Clair County,US.IL.SI,1520,122,
Barnstable County,US.MA.BA,1497,133,
Clayton County,US.GA.CN,1497,74,
Cumberland County,US.ME.CU,1461,58,
Trousdale County,US.TN.TR,1460,4,
Litchfield County,US.CT.LI,1444,135,
Sullivan County,US.NY.SL,1433,35,
Tuscaloosa County,US.AL.TU,1432,25,
Rockingham County,US.NH.RO,1422,81,
Horry County,US.SC.HO,1417,35,
Coconino County,US.AZ.CO,1410,88,
Hinds County,US.MS.HI,1390,29,
Kenosha County,US.WI.KN,1382,36,
Galveston County,US.TX.GV,1378,40,
Pulaski County,US.AR.PU,1365,46,
Montgomery County,US.TX.MG,1359,33,
Monroe County,US.PA.MR,1357,105,
Hamilton County,US.IN.HM,1349,96,
Stanislaus County,US.CA.ST,1322,35,
Manassas City,US.VA.MS,1320,14,
Jefferson County,US.TX.JE,1319,32,
Martin County,US.FL.MT,1311,18,
Oneida County,US.NY.OD,1307,84,
Lafayette Parish,US.LA.LY,1302,32,
Warren County,US.KY.WR,1299,10,
Putnam County,US.NY.PU,1294,62,
Charles County,US.MD.CH,1291,85,
Hendricks County,US.IN.HD,1283,93,
Charleston County,US.SC.CS,1264,17,
Hidalgo County,US.TX.HG,1255,17,
Lexington County,US.SC.LX,1254,42,
Middlesex County,US.CT.MI,1241,171,
Benton County,US.WA.BE,1236,74,
Cameron County,US.TX.CA,1236,45,
Duplin County,US.NC.DP,1231,20,
Rapides Parish,US.LA.RA,1229,47,
Marion County,US.OR.MR,1218,31,
Warren County,US.NJ.WA,1205,139,
New London County,US.CT.NL,1203,101,
Lebanon County,US.PA.LB,1200,40,
York County,US.PA.YO,1195,34,
Johnson County,US.IN.JO,1177,115,
Niagara County,US.NY.NI,1177,83,
Saginaw County,US.MI.SG,1171,120,
Sussex County,US.NJ.SU,1167,150,
Santa Cruz County,US.AZ.SA,1165,13,
Johnson County,US.KS.JO,1139,73,
Boulder County,US.CO.BO,1137,70,
Butler County,US.OH.BU,1129,35,
Kent County,US.RI.KE,1128,56,
Sumner County,US.TN.SN,1119,48,
Leavenworth County,US.KS.LV,1118,7,
Kankakee County,US.IL.KK,1109,60,
Fayette County,US.KY.FA,1106,18,
Muscogee County,US.GA.MG,1104,32,
Hays County,US.TX.HY,1093,5,
Cache County,US.UT.CA,1087,1,
Tangipahoa Parish,US.LA.TA,1078,42,
Monterey County,US.CA.MT,1075,12,
Cherokee County,US.GA.CE,1062,39,
Montgomery County,US.OH.MT,1058,18,
Escambia County,US.FL.ES,1052,38,
Hunterdon County,US.NJ.HN,1049,67,
Spartanburg County,US.SC.SP,1046,36,
Franklin County,US.WA.FR,1044,26,
St. Lucie County,US.FL.SL,1037,40,
Dallas County,US.IA.DL,1036,28,
Wicomico County,US.MD.WI,1035,36,
Harford County,US.MD.HA,1032,61,
Linn County,US.IA.LI,1029,80,
Williamson County,US.TX.WM,1021,30,
Robeson County,US.NC.RB,1019,23,
Accomack County,US.VA.AC,1018,14,
Carroll County,US.MD.CR,1006,105,
Dane County,US.WI.DA,1000,31,
Lafourche Parish,US.LA.LO,998,78,
Lincoln County,US.AR.LC,995,11,
Volusia County,US.FL.VO,995,50,
Anderson County,US.TX.AE,990,2,
Ada County,US.ID.AA,986,22,
Texas County,US.OK.TE,975,6,
Kalamazoo County,US.MI.KA,969,63,
Randolph County,US.NC.RA,969,21,
Marshall County,US.AL.MS,962,9,
Ascension Parish,US.LA.AE,961,58,
Lubbock County,US.TX.LU,955,51,
Washington County,US.OR.WI,950,20,
Sarpy County,US.NE.SY,948,8,
Marshall County,US.IA.MS,944,18,
Waukesha County,US.WI.WK,942,35,
Rowan County,US.NC.RW,937,38,
Hampshire County,US.MA.HS,936,105,
Ottawa County,US.MI.OT,936,51,
Cumberland County,US.NC.CU,935,30,
St. Charles County,US.MO.SA,926,64,
Johnston County,US.NC.JH,926,25,
Columbiana County,US.OH.CL,923,58,
Virginia Beach City,US.VA.VI,923,27,
Madison County,US.MS.MD,922,31,
Seward County,US.KS.SW,920,2,
Jones County,US.MS.JO,910,44,
Stafford County,US.VA.SF,906,5,
St. John the Baptist Parish,US.LA.SO,904,83,
Kendall County,US.IL.KA,897,20,
Henry County,US.GA.HY,893,31,
Neshoba County,US.MS.NS,893,56,
Osceola County,US.FL.OS,892,22,
Stark County,US.OH.ST,891,105,
Tolland County,US.CT.TO,889,63,
Brazos County,US.TX.BZ,880,25,
Seminole County,US.FL.SE,876,13,
Moore County,US.TX.MO,872,14,
Spokane County,US.WA.SP,870,37,
Harrisonburg City,US.VA.HS,864,23,
Spotsylvania County,US.VA.SP,858,17,
Florence County,US.SC.FL,855,43,
Franklin County,US.PA.FR,852,42,
Troup County,US.GA.TP,849,24,
Dawson County,US.NE.DN,847,8,
Burke County,US.NC.BK,838,16,
Berrien County,US.MI.BN,829,57,
Terrebonne Parish,US.LA.TR,826,58,
Washington County,US.MN.WH,826,37,
Calcasieu Parish,US.LA.CC,824,52,
Chatham County,US.NC.CH,821,39,
Douglas County,US.CO.DU,820,50,
Ingham County,US.MI.IH,818,29,
Lauderdale County,US.MS.LU,818,75,
Lorain County,US.OH.LR,814,63,
Alamance County,US.NC.AA,810,35,
Olmsted County,US.MN.OL,810,12,
Sarasota County,US.FL.SR,803,92,
Marin County,US.CA.MN,796,18,
Buchanan County,US.MO.BC,793,3,
Solano County,US.CA.SN,792,23,
Sampson County,US.NC.SP,791,4,
Sedgwick County,US.KS.SG,790,25,
Culpeper County,US.VA.CP,790,9,
DeSoto County,US.MS.DE,790,14,
St. Francis County,US.AR.SI,779,3,
Lowndes County,US.GA.LW,774,4,
Sonoma County,US.CA.SO,774,4,
Lee County,US.AL.LE,769,35,
Rock County,US.WI.RO,767,22,
Union County,US.NC.UN,764,22,
Randall County,US.TX.RA,763,6,
Rock Island County,US.IL.RO,760,28,
Franklin County,US.AL.FR,758,10,
Webb County,US.TX.WB,756,21,
Champaign County,US.IL.CM,754,10,
Cumberland County,US.PA.CU,751,61,
Madison County,US.IL.MD,750,66,
Muskegon County,US.MI.MG,748,43,
Cabarrus County,US.NC.CR,746,25,
Schenectady County,US.NY.SN,737,32,
Mower County,US.MN.MW,733,2,
Williamson County,US.TN.WL,730,12,
Salem County,US.NJ.SA,723,60,
Davis County,US.UT.DA,715,4,
Richmond County,US.GA.RI,709,40,
Colquitt County,US.GA.CQ,708,17,
Shelby County,US.AL.SH,706,20,
Rice County,US.MN.RI,701,3,
Kenton County,US.KY.KE,699,36,
York County,US.SC.YO,699,11,
Schuylkill County,US.PA.SC,698,43,
Norfolk City,US.VA.NF,698,7,
Forrest County,US.MS.FO,697,41,
Scott County,US.MS.SC,696,12,
Granville County,US.NC.GN,693,16,
Douglas County,US.GA.DL,691,33,
Lake County,US.TN.LK,689,0,
Washington County,US.UT.WN,689,3,
Chatham County,US.GA.CM,688,31,
Chesapeake City,US.VA.CS,684,16,
Morgan County,US.AL.MG,682,2,
Cape May County,US.NJ.CP,680,61,
Wapello County,US.IA.WP,679,26,
Davidson County,US.NC.DD,678,15,
Doña Ana County,US.NM.DO,676,6,
Hendry County,US.FL.HR,675,21,
Trumbull County,US.OH.TR,675,54,
Beaufort County,US.SC.BA,673,15,
Whitfield County,US.GA.WF,673,10,
Bell County,US.TX.BL,672,7,
St. Charles Parish,US.LA.SC,667,46,
Johnson County,US.IA.JH,661,8,
Larimer County,US.CO.LR,658,29,
Robertson County,US.TN.RB,658,9,
Broome County,US.NY.BO,657,56,
Sumter County,US.SC.SU,655,19,
Colfax County,US.NE.CO,653,4,
Sandoval County,US.NM.SD,651,27,
Brevard County,US.FL.BE,650,16,
Platte County,US.NE.PL,649,1,
Morgan County,US.CO.MN,646,45,
Dodge County,US.NE.DE,642,6,
Rockingham County,US.VA.RG,636,7,
Mohave County,US.AZ.MO,636,71,
Titus County,US.TX.TU,635,4,
Logan County,US.CO.LO,634,5,
Jefferson County,US.AR.JE,634,28,
Eagle County,US.CO.EA,632,8,
Clark County,US.WA.CR,630,27,
Walker County,US.AL.WK,626,6,
Acadia Parish,US.LA.AD,625,32,
Crawford County,US.IA.CW,623,2,
Carroll County,US.GA.CL,620,39,
Iberville Parish,US.LA.IV,618,43,
Forsyth County,US.GA.FO,618,13,
Beaver County,US.PA.BA,615,77,
Habersham County,US.GA.HB,615,33,
Madison County,US.IN.MD,615,62,
Bledsoe County,US.TN.BE,613,1,
Putnam County,US.TN.PU,612,6,
Jones County,US.TX.JN,610,0,
Lee County,US.NC.LE,606,6,
Madison County,US.AL.MD,598,6,
Porter County,US.IN.PR,597,35,
Washington County,US.MD.WA,593,22,
Elmore County,US.AL.EL,589,10,
St. Mary's County,US.MD.SA,587,41,
Pasco County,US.FL.PS,583,16,
Berkshire County,US.MA.BE,582,42,
Clark County,US.IN.CK,581,43,
Alachua County,US.FL.AL,580,10,
St. Bernard Parish,US.LA.SE,580,23,
Cleveland County,US.OK.CV,576,40,
Gaston County,US.NC.GS,576,9,
Muscatine County,US.IA.MU,575,43,
Livingston Parish,US.LA.LV,573,33,
Knox County,US.TN.KN,573,5,
Chittenden County,US.VT.CH,572,39,
Bartow County,US.GA.BT,571,39,
Bibb County,US.GA.BI,570,37,
Monroe County,US.MI.MO,570,21,
Lee County,US.AR.LE,569,1,
Rankin County,US.MS.RA,563,10,
Bartholomew County,US.IN.BA,561,42,
Washington Parish,US.LA.WO,560,43,
Crittenden County,US.AR.CD,554,10,
Butler County,US.AL.BT,554,25,
Boone County,US.KY.BO,552,23,
Lake County,US.FL.LK,552,16,
Kandiyohi County,US.MN.KD,552,1,
Charlotte County,US.FL.CH,551,73,
Winnebago County,US.WI.WA,551,10,
Wilkes County,US.NC.WE,550,6,
Scott County,US.MN.SC,546,4,
Wilson County,US.TN.WO,544,14,
Buckingham County,US.VA.BK,542,3,
Boone County,US.IL.BO,542,19,
Weber County,US.UT.WB,541,9,
Dallas County,US.AL.DL,536,6,
Tipton County,US.TN.TI,534,4,
Warren County,US.OH.WR,532,20,
Sumter County,US.GA.SU,529,49,
Bossier Parish,US.LA.BO,528,28,
Wilson County,US.NC.WO,527,15,
Pottawattamie County,US.IA.PT,527,11,
Livingston County,US.MI.LI,527,28,
Coweta County,US.GA.CA,527,14,
Clackamas County,US.OR.CC,526,20,
Saline County,US.NE.SL,525,2,
Saratoga County,US.NY.SR,523,15,
Shenandoah County,US.VA.SN,522,27,
St. Clair County,US.MI.SA,518,48,
Merced County,US.CA.MD,518,8,
Washington County,US.RI.WA,516,45,
Blaine County,US.ID.BL,515,5,
Rensselaer County,US.NY.RE,515,30,
Clay County,US.MN.CA,512,37,
Honolulu County,US.HI.HO,508,11,
Pitt County,US.NC.PI,502,3,
Clark County,US.OH.CK,502,8,
DeKalb County,US.IL.DK,499,16,
Twin Falls County,US.ID.TW,499,25,
Westmoreland County,US.PA.WE,498,38,
Sevier County,US.AR.SV,498,5,
Tippecanoe County,US.IN.TP,497,6,
Leake County,US.MS.LK,496,16,
Calhoun County,US.MI.CU,495,28,
Tallapoosa County,US.AL.TP,489,69,
Orange County,US.NC.OR,487,40,
Jackson County,US.MI.JA,487,30,
Pike County,US.PA.PI,486,20,
Chambers County,US.AL.CM,486,26,
Leon County,US.FL.LO,485,8,
Muhlenberg County,US.KY.MU,482,8,
Walworth County,US.WI.WL,481,17,
Howard County,US.IN.HO,479,47,
Erie County,US.PA.ER,478,9,
Holmes County,US.MS.HO,477,35,
Iredell County,US.NC.IR,475,6,
Grayson County,US.TX.GO,473,4,
LaPorte County,US.IN.LA,473,25,
Houston County,US.GA.HO,472,20,
Belmont County,US.OH.BE,472,21,
Windham County,US.CT.WI,471,14,
Ellis County,US.TX.EI,470,19,
Lyon County,US.KS.LY,469,6,
Skagit County,US.WA.SG,469,15,
Kershaw County,US.SC.KE,469,15,
Beadle County,US.SD.BA,467,6,
Catawba County,US.NC.CB,465,10,
Shawnee County,US.KS.SN,465,8,
Buncombe County,US.NC.BO,464,35,
Henderson County,US.NC.HN,463,48,
Iberia Parish,US.LA.II,459,42,
Whatcom County,US.WA.WA,457,39,
Cecil County,US.MD.CE,455,29,
Summit County,US.UT.SU,451,0,
Tift County,US.GA.TI,451,22,
York County,US.ME.YO,450,11,
Clay County,US.FL.CY,450,32,
Newton County,US.GA.NE,443,11,
Columbia County,US.NY.CU,442,47,
St. Martin Parish,US.LA.SR,441,28,
Frederick County,US.VA.FK,440,4,
Berkeley County,US.SC.BK,434,20,
Androscoggin County,US.ME.AN,434,4,
Columbus County,US.NC.CM,432,33,
Baldwin County,US.GA.BD,432,32,
Mitchell County,US.GA.MT,432,38,
Placer County,US.CA.PA,432,9,
Paulding County,US.GA.PA,431,13,
Tama County,US.IA.TM,429,29,
Copiah County,US.MS.CP,425,7,
Dodge County,US.WI.DD,425,5,
Pennington County,US.SD.PN,424,9,
Jackson County,US.IN.JC,422,2,
Harnett County,US.NC.HT,422,30,
Vance County,US.NC.VA,421,32,
Orangeburg County,US.SC.OR,417,6,
New Hanover County,US.NC.NE,414,5,
Franklin Parish,US.LA.FR,412,14,
Scott County,US.IA.SC,411,10,
Wayne County,US.MS.WY,409,8,
Shelby County,US.IN.SH,407,23,
DeSoto County,US.FL.DE,406,10,
Lowndes County,US.AL.LO,406,15,
Tuscarawas County,US.OH.TU,405,9,
Peoria County,US.IL.PI,405,21,
Barrow County,US.GA.BW,403,25,
Berkeley County,US.WV.BE,403,9,
Bedford County,US.TN.BD,403,4,
Delaware County,US.IN.DL,403,44,
Delaware County,US.OH.DL,403,15,
Medina County,US.OH.MD,402,31,
Newport News City,US.VA.NN,399,10,
Fauquier County,US.VA.FQ,398,6,
Ashtabula County,US.OH.AB,397,41,
Portsmouth City,US.VA.PR,395,13,
Dubuque County,US.IA.DU,393,22,
St. Landry Parish,US.LA.SL,393,55,
Harrison County,US.MS.HR,393,7,
Baldwin County,US.AL.BD,392,9,
Miami County,US.OH.MM,392,30,
Merrimack County,US.NH.ME,392,18,
Nueces County,US.TX.NU,391,4,
Manassas Park city,US.VA.MP,390,5,
Wright County,US.MN.WR,390,2,
Jefferson County,US.MO.JE,388,19,
Yavapai County,US.AZ.YA,387,7,
Columbia County,US.PA.CO,387,33,
Floyd County,US.GA.FL,387,15,
Fairfield County,US.OH.FI,387,12,
Oktibbeha County,US.MS.OK,386,18,
Leflore County,US.MS.LL,385,47,
Jackson County,US.MS.JC,385,16,
Sangamon County,US.IL.SM,382,31,
Hancock County,US.IN.HC,382,30,
Calvert County,US.MD.CL,382,22,
Bowie County,US.TX.BW,381,8,
Boone County,US.IN.BO,380,39,
Todd County,US.MN.TO,379,2,
Bay County,US.MI.BY,378,29,
Coffee County,US.GA.CF,378,15,
Hanover County,US.VA.HV,378,25,
San Luis Obispo County,US.CA.SS,376,1,
Autauga County,US.AL.AU,375,7,
Lee County,US.GA.LE,373,22,
Union Parish,US.LA.UN,372,20,
Craighead County,US.AR.CG,369,2,
Canyon County,US.ID.CN,369,6,
Daviess County,US.KY.DA,368,8,
San Juan County,US.UT.SJ,367,6,
Sioux County,US.IA.SI,363,0,
Darlington County,US.SC.DA,363,13,
Thomas County,US.GA.TH,363,33,
St. Mary Parish,US.LA.SM,363,35,
Wasatch County,US.UT.WA,362,2,
Anderson County,US.SC.AN,361,10,
Clarke County,US.GA.CK,361,15,
Portage County,US.OH.PO,359,58,
Washington County,US.OK.WN,357,38,
DeKalb County,US.AL.DA,356,5,
Grand Forks County,US.ND.GD,356,4,
Lake County,US.OH.LK,354,12,
Outagamie County,US.WI.OU,354,8,
Yazoo County,US.MS.YZ,354,6,
Louisa County,US.IA.LO,354,13,
Franklin County,US.MA.FR,354,52,
Rockdale County,US.GA.RO,353,9,
Angelina County,US.TX.AG,352,5,
Lowndes County,US.MS.LO,352,10,
Pueblo County,US.CO.PU,351,23,
Okaloosa County,US.FL.OA,351,6,
Etowah County,US.AL.ET,349,12,
Suffolk City,US.VA.SO,348,34,
Pickens County,US.SC.PI,348,4,
St. Johns County,US.FL.SJ,347,6,
Surry County,US.NC.SU,346,2,
Clarendon County,US.SC.CN,346,41,
Noble County,US.IN.NO,346,27,
Pike County,US.AL.PK,345,2,
Geauga County,US.OH.GE,344,37,
Kaufman County,US.TX.KU,343,4,
Greensville County,US.VA.GS,343,7,
Comanche County,US.OK.CM,342,4,
Montgomery County,US.TN.MT,341,5,
Madison County,US.NE.MA,339,4,
Floyd County,US.IN.FL,338,42,
Houston County,US.AL.HO,338,5,
Bastrop County,US.TX.BP,338,4,
Madison County,US.NY.MA,338,9,
Walton County,US.GA.WA,337,25,
Attala County,US.MS.AT,335,23,
Kosciusko County,US.IN.KO,335,2,
Vanderburgh County,US.IN.VA,335,5,
Spalding County,US.GA.SD,333,31,
Marion County,US.FL.MI,331,8,
Municipality of Anchorage,US.AK.AN,330,6,
Lincoln County,US.MS.LI,330,32,
Lee County,US.MS.LE,330,14,
Wood County,US.OH.WO,329,51,
Nacogdoches County,US.TX.NC,329,25,
Jackson County,US.FL.JA,327,2,
Columbia County,US.GA.CI,324,8,
Yell County,US.AR.YE,324,2,
Newton County,US.MS.NW,323,8,
Marshall County,US.IN.MS,322,3,
Jackson County,US.IL.JC,321,18,
Licking County,US.OH.LI,321,11,
LaGrange County,US.IN.LG,320,2,
Moore County,US.NC.ME,320,11,
Greenwood County,US.SC.GW,320,5,
Russell County,US.AL.RU,316,0,
Fremont County,US.WY.FR,315,9,
Brown County,US.SD.BW,315,2,
St. James Parish,US.LA.SJ,313,28,
Bullock County,US.AL.BL,313,9,
Wayne County,US.OH.WE,313,52,
Gadsden County,US.FL.GA,312,5,
Webster Parish,US.LA.WR,311,9,
Grant County,US.WA.GN,310,4,
Upson County,US.GA.UP,309,42,
Hoke County,US.NC.HO,308,2,
Santa Rosa County,US.FL.SA,305,9,
Lenoir County,US.NC.LN,305,10,
Chattahoochee County,US.GA.CH,305,0,
Coryell County,US.TX.CL,303,2,
Bradley County,US.TN.BR,303,2,
Williamsburg County,US.SC.WI,302,15,
Coffee County,US.AL.CF,301,1,
Monroe County,US.MS.MR,301,26,
Clay County,US.MO.CY,301,3,
Nash County,US.NC.NA,301,4,
Morgan County,US.IN.MG,300,30,
Lamar County,US.MS.LM,300,6,
Adams County,US.PA.AD,300,10,
Washington County,US.WI.WN,299,12,
Ware County,US.GA.WE,298,15,
Smith County,US.TX.SM,297,4,
Sevier County,US.TN.SV,297,3,
Gregg County,US.TX.GE,296,12,
Chesterfield County,US.SC.CF,295,8,
Richmond County,US.VA.RI,294,5,
Albemarle County,US.VA.AB,293,8,
Wright County,US.IA.WG,292,0,
Yolo County,US.CA.YO,291,24,
Pope County,US.AR.PP,291,2,
Story County,US.IA.ST,291,3,
Cullman County,US.AL.CU,290,1,
Allegan County,US.MI.AL,288,6,
Grimes County,US.TX.GM,287,2,
Madison Parish,US.LA.MA,287,2,
Dorchester County,US.SC.DO,286,3,
Caroline County,US.MD.CO,284,2,
Jasper County,US.IA.JS,283,17,
Colbert County,US.AL.CL,283,5,
Assumption Parish,US.LA.AS,282,14,
Shelby County,US.KY.SH,281,6,
Strafford County,US.NH.ST,280,13,
Jackson County,US.GA.JC,280,7,
Warren County,US.MS.WR,280,14,
Craven County,US.NC.CN,280,5,
Hamilton County,US.FL.HM,279,2,
Randolph County,US.IL.RA,278,7,
Carver County,US.MN.CV,278,1,
Adams County,US.NE.AD,277,11,
Newport County,US.RI.NE,277,1,
Roanoke city,US.VA.RO,277,10,
Chelan County,US.WA.CH,276,6,
Washington County,US.MS.WS,276,9,
De Soto Parish,US.LA.DE,275,17,
Ector County,US.TX.EC,275,7,
Madera County,US.CA.ME,275,4,
Saline County,US.MO.SI,274,4,
Fond du Lac County,US.WI.FN,274,6,
Winchester city,US.VA.WH,273,3,
Gordon County,US.GA.GO,272,18,
Lincoln County,US.SD.LI,272,1,
Fayette County,US.GA.FY,271,16,
Sherburne County,US.MN.SH,271,3,
Broomfield County and City,US.CO.BR,270,28,
Orleans County,US.NY.OL,270,49,
Lancaster County,US.SC.LN,270,7,
Santa Cruz County,US.CA.SZ,269,2,
Sumter County,US.FL.SM,269,17,
Harrison County,US.TX.HR,268,29,
Montgomery County,US.IN.MM,268,19,
Brunswick County,US.NC.BS,268,3,
Worth County,US.GA.WO,267,21,
Lauderdale County,US.AL.LU,267,4,
Grant County,US.IN.GA,265,24,
Worcester County,US.MD.WO,265,17,
Northampton County,US.VA.NA,265,27,
Sumter County,US.AL.SU,265,11,
Shiawassee County,US.MI.SH,264,27,
Butler County,US.PA.BT,263,13,
Walker County,US.GA.WK,263,4,
Clinton County,US.IN.CI,262,1,
Summit County,US.CO.SU,262,3,
Carbon County,US.PA.CB,262,24,
Eaton County,US.MI.EA,261,7,
Lincoln Parish,US.LA.LN,259,18,
Taylor County,US.TX.TA,259,5,
Caldwell County,US.NC.CL,258,4,
Warren County,US.NY.WR,257,30,
Steuben County,US.NY.ST,257,29,
Richland County,US.OH.RI,257,4,
Edgecombe County,US.NC.ED,256,9,
Indian River County,US.FL.IN,256,12,
Page County,US.VA.PA,256,24,
Yadkin County,US.NC.YD,255,4,
Crisp County,US.GA.CP,255,11,
Catoosa County,US.GA.CS,255,5,
Mercer County,US.OH.MC,253,8,
Early County,US.GA.EA,253,31,
Kanawha County,US.WV.KA,252,20,
Greene County,US.NY.GR,252,13,
Clermont County,US.OH.CE,252,6,
Barbour County,US.AL.BR,251,1,
Hampton city,US.VA.HM,248,5,
Pike County,US.MS.PI,248,11,
Cochise County,US.AZ.CH,248,5,
Aiken County,US.SC.AI,246,9,
Butts County,US.GA.BU,246,32,
Butler County,US.KY.BR,246,13,
McLean County,US.IL.ML,246,13,
Limestone County,US.AL.LI,244,0,
Johnson County,US.TX.JH,244,4,
East Carroll Parish,US.LA.EC,244,0,
Dubois County,US.IN.DU,243,5,
Washington County,US.NY.WS,243,14,
Rhea County,US.TN.RH,243,0,
Union County,US.OR.UN,242,0,
Allen County,US.OH.AN,242,36,
White County,US.IN.WH,242,10,
Hale County,US.AL.HA,242,15,
Halifax County,US.NC.HL,241,2,
Marlboro County,US.SC.ML,241,3,
Bristol County,US.RI.BR,240,3,
Huntingdon County,US.PA.HU,239,4,
La Paz County,US.AZ.LA,238,3,
Decatur County,US.IN.DC,238,32,
Branch County,US.MI.BC,238,2,
Lee County,US.SC.LE,238,19,
Franklin County,US.NC.FR,237,21,
Fulton County,US.NY.FU,236,26,
Decatur County,US.GA.DC,236,8,
James City County,US.VA.JA,236,15,
Freeborn County,US.MN.FR,235,0,
Macon County,US.NC.MN,235,1,
Ontario County,US.NY.OR,234,23,
Northumberland County,US.PA.NU,234,4,
Fairfield County,US.SC.FA,233,20,
Stephenson County,US.IL.SN,233,5,
Rusk County,US.TX.RK,233,2,
Warren County,US.VA.WR,233,4,
Wilcox County,US.AL.WC,232,8,
Lapeer County,US.MI.LP,231,31,
Mecklenburg County,US.VA.ME,231,24,
East Feliciana Parish,US.LA.EF,231,32,
Tuscola County,US.MI.TU,230,26,
Hopkins County,US.KY.HO,230,31,
Ogle County,US.IL.OG,230,4,
Shelby County,US.TX.SY,230,8,
Lyon County,US.MN.LY,229,2,
Harris County,US.GA.HI,229,6,
Plaquemines Parish,US.LA.PL,228,17,
Medina County,US.TX.ME,227,2,
Adams County,US.MS.AD,227,18,
Rutherford County,US.NC.RU,226,7,
Lincoln County,US.OR.LC,226,0,
Hardeman County,US.TN.HA,226,0,
Marengo County,US.AL.ME,226,9,
West Feliciana Parish,US.LA.WF,226,14,
Pearl River County,US.MS.PL,224,32,
Deaf Smith County,US.TX.DI,223,16,
Darke County,US.OH.DA,223,25,
Allen Parish,US.LA.AL,223,10,
Boone County,US.MO.BO,222,2,
Midland County,US.TX.ID,222,13,
Hardee County,US.FL.HD,221,1,
Liberty County,US.FL.LI,220,1,
Washington County,US.TX.WH,219,26,
Pointe Coupee Parish,US.LA.PO,218,27,
Montgomery County,US.NC.MO,218,5,
Noxubee County,US.MS.NO,218,6,
Suwannee County,US.FL.SW,217,18,
Hunt County,US.TX.HT,217,5,
Terrell County,US.GA.TL,217,27,
Rockwall County,US.TX.RC,216,15,
Clinton County,US.IL.CN,216,17,
Genesee County,US.NY.GE,216,5,
Erie County,US.OH.ER,215,22,
Richmond County,US.NC.RI,215,5,
St. Lawrence County,US.NY.SI,215,3,
Winn Parish,US.LA.WI,215,5,
Fredericksburg City,US.VA.FB,215,0,
Loudon County,US.TN.LO,214,1,
Glynn County,US.GA.GY,214,3,
Flagler County,US.FL.FL,214,5,
Bladen County,US.NC.BL,214,2,
Jerome County,US.ID.JR,214,3,
Macon County,US.IL.MC,213,21,
Covington County,US.MS.CV,213,3,
Union County,US.AR.UN,213,11,
Henry County,US.VA.HY,212,3,
Campbell County,US.KY.CM,212,12,
Jefferson County,US.WV.JE,211,4,
Colleton County,US.SC.CT,211,18,
Van Buren County,US.MI.VA,210,7,
Lafayette County,US.MS.LY,209,4,
Macon County,US.TN.MC,209,3,
Appling County,US.GA.AP,208,13,
Washington County,US.IA.WS,208,9,
Galax city,US.VA.GA,208,11,
Calhoun County,US.AL.CN,208,4,
Dillon County,US.SC.DI,207,5,
Victoria County,US.TX.VI,207,8,
Plymouth County,US.IA.PM,205,4,
West Baton Rouge Parish,US.LA.WB,205,30,
Putnam County,US.FL.PU,205,6,
Henry County,US.IN.HY,204,15,
Hancock County,US.GA.HC,203,30,
Jasper County,US.MS.JS,203,4,
Vigo County,US.IN.VI,202,8,
Napa County,US.CA.NA,202,4,
Monroe County,US.IN.MR,202,23,
Georgetown County,US.SC.GR,202,3,
Columbia County,US.FL.CU,202,3,
Logan County,US.KY.LO,201,9,
Harrison County,US.IN.HI,200,22,
Okeechobee County,US.FL.OE,200,0,
Warren County,US.IA.WR,200,1,
St. Joseph County,US.MI.SJ,200,3,
Maverick County,US.TX.MV,199,2,
Garfield County,US.CO.GA,199,2,
Ozaukee County,US.WI.OZ,199,15,
Greene County,US.MO.GE,199,8,
Lenawee County,US.MI.LN,198,6,
Clarke County,US.AL.CK,198,3,
Montrose County,US.CO.MO,198,12,
Laramie County,US.WY.LA,197,2,
Highlands County,US.FL.HG,197,9,
Thurston County,US.WA.TH,197,4,
Bolivar County,US.MS.BO,197,13,
Comal County,US.TX.OM,197,7,
McLennan County,US.TX.ML,196,4,
Benton County,US.MN.BN,195,3,
Faulkner County,US.AR.FA,195,3,
Petersburg city,US.VA.PB,194,3,
Dooly County,US.GA.DO,193,12,
Avoyelles Parish,US.LA.AV,193,10,
Gallatin County,US.MT.GL,193,1,
Umatilla County,US.OR.UM,193,4,
Kent County,US.MD.KE,192,23,
Randolph County,US.GA.RN,191,23,
Iron County,US.UT.RN,191,1,
Clinton County,US.MI.CN,191,11,
Natchitoches Parish,US.LA.NA,190,13,
Saline County,US.AR.SL,189,2,
Panola County,US.TX.PN,188,23,
St. Clair County,US.AL.SA,188,2,
Madison County,US.TN.MD,188,2,
Allegany County,US.MD.AL,187,17,
Queen Anne's County,US.MD.QU,187,14,
Sebastian County,US.AR.SB,187,2,
Covington County,US.AL.CV,187,1,
Fayette County,US.TN.FA,186,2,
Cibola County,US.NM.CI,186,10,
Dale County,US.AL.DE,186,0,
Lawrence County,US.IN.LW,186,24,
Clay County,US.MS.CY,185,6,
Island County,US.WA.IS,184,11,
Scotts Bluff County,US.NE.SC,184,2,
Guadalupe County,US.TX.GU,184,0,
Sussex County,US.VA.SS,184,2,
Douglas County,US.WA.DO,184,3,
Jasper County,US.MO.JS,184,0,
LaSalle County,US.IL.LA,183,16,
Bienville Parish,US.LA.BI,183,24,
Hillsdale County,US.MI.HI,182,25,
Smith County,US.MS.SM,182,11,
Morehouse Parish,US.LA.MO,182,6,
Santa Fe County,US.NM.ST,182,3,
Ionia County,US.MI.II,182,4,
Greene County,US.IN.GE,182,29,
Tooele County,US.UT.TE,181,0,
Choctaw County,US.AL.CC,181,11,
Wagoner County,US.OK.WG,181,17,
Gunnison County,US.CO.GU,181,6,
Lamar County,US.TX.LR,180,12,
Burleigh County,US.ND.BL,180,0,
Dearborn County,US.IN.DR,180,22,
Kitsap County,US.WA.KS,180,2,
Cleveland County,US.NC.CV,180,2,
Laurens County,US.SC.LU,179,4,
Bacon County,US.GA.BC,179,3,
Steele County,US.MN.SE,179,0,
Caddo County,US.OK.CD,178,10,
Onslow County,US.NC.ON,178,3,
Carroll County,US.VA.CL,177,5,
Chickasaw County,US.MS.CS,177,16,
Miami County,US.IN.MI,177,1,
Maury County,US.TN.MU,177,1,
Warrick County,US.IN.WI,176,29,
Graves County,US.KY.GV,176,20,
Buffalo County,US.NE.BF,176,1,
Gilmer County,US.GA.GI,175,2,
Polk County,US.GA.PO,175,1,
Union County,US.IL.UN,174,18,
Stanly County,US.NC.SN,174,5,
Talladega County,US.AL.TD,173,6,
Tompkins County,US.NY.TO,173,0,
Franklin County,US.MO.FR,173,18,
Jackson Parish,US.LA.JA,173,15,
Centre County,US.PA.CT,172,6,
Gonzales County,US.TX.GA,172,4,
Susquehanna County,US.PA.SS,172,18,
Lycoming County,US.PA.LY,172,18,
Sheboygan County,US.WI.SE,171,4,
Saluda County,US.SC.SA,171,1,
Northampton County,US.NC.NO,171,15,
Prince Edward County,US.VA.PD,171,3,
Grenada County,US.MS.GN,170,4,
Dorchester County,US.MD.DO,170,4,
McMinn County,US.TN.MM,170,15,
Caldwell County,US.TX.CW,170,1,
Blue Earth County,US.MN.BE,169,2,
Madison County,US.OH.MO,169,7,
Prince George County,US.VA.PG,169,0,
Kemper County,US.MS.KE,168,13,
Clarke County,US.MS.CE,168,21,
Garland County,US.AR.GL,168,1,
McDowell County,US.NC.MW,168,1,
Ohio County,US.KY.OH,168,0,
Canadian County,US.OK.CN,167,3,
McCurtain County,US.OK.MU,166,2,
Dickinson County,US.IA.DI,166,1,
Echols County,US.GA.EC,165,0,
Whiteside County,US.IL.WD,163,15,
Marion County,US.MS.MI,163,9,
Jefferson Davis Parish,US.LA.JD,162,7,
Bay County,US.FL.BY,161,4,
Jefferson County,US.WI.JE,161,4,
Turner County,US.GA.TR,161,15,
Charlottesville City,US.VA.CE,161,3,
Stephens County,US.GA.SE,161,5,
Starr County,US.TX.SR,159,0,
Cheatham County,US.TN.CA,159,0,
Washington County,US.PA.WS,158,6,
Isle of Wight County,US.VA.IS,158,8,
Winston County,US.MS.WN,158,2,
Putnam County,US.IN.PT,158,8,
Augusta County,US.VA.AU,157,2,
Walton County,US.FL.WL,157,9,
Citrus County,US.FL.CI,157,12,
Lincoln County,US.NC.LI,157,0,
Liberty County,US.TX.LT,156,3,
Coahoma County,US.MS.CH,156,6,
Payne County,US.OK.PY,156,1,
Crawford County,US.KS.CR,156,1,
Tate County,US.MS.TT,155,1,
Hardin County,US.TX.HN,155,5,
Calhoun County,US.GA.CU,154,5,
Southampton County,US.VA.SA,154,2,
Murray County,US.GA.MA,154,1,
Midland County,US.MI.MD,153,9,
Marion County,US.AL.MI,153,12,
Hertford County,US.NC.HD,152,6,
La Crosse County,US.WI.LA,152,0,
Cassia County,US.ID.CS,152,1,
Catahoula Parish,US.LA.CT,151,3,
Winston County,US.AL.WN,150,1,
Greene County,US.OH.GR,150,6,
Hopewell city,US.VA.HW,149,2,
Scott County,US.MO.ST,149,10,
Chilton County,US.AL.CI,149,2,
Roanoke County,US.VA.RE,148,5,
Monroe County,US.AL.MR,148,2,
Houston County,US.TX.HS,147,0,
Rockingham County,US.NC.RC,147,2,
Martin County,US.MN.MT,147,5,
Grady County,US.GA.GD,147,4,
Hernando County,US.FL.HA,147,5,
Pasquotank County,US.NC.PU,147,15,
Panola County,US.MS.PA,146,4,
Coles County,US.IL.CE,145,17,
Davie County,US.NC.DV,145,2,
Pender County,US.NC.PD,145,1,
Scott County,US.IN.SC,145,4,
Monongalia County,US.WV.MG,145,5,
Claiborne County,US.MS.CB,144,9,
Randolph County,US.WV.RN,144,0,
Richland Parish,US.LA.RI,144,3,
Franklin County,US.GA.FR,144,1,
Pickens County,US.AL.PC,143,6,
Randolph County,US.AL.RA,143,8,
Iroquois County,US.IL.IR,142,5,
Jennings County,US.IN.JN,142,4,
Jackson County,US.WV.JA,141,18,
Eau Claire County,US.WI.EA,140,0,
Tioga County,US.NY.TI,140,19,
Henderson County,US.KY.HE,140,3,
Dickson County,US.TN.DI,140,0,
San Benito County,US.CA.SI,140,2,
Chenango County,US.NY.CH,139,6,
Deschutes County,US.OR.DE,139,0,
Oswego County,US.NY.OS,139,2,
Beauregard Parish,US.LA.BE,139,6,
Christian County,US.KY.CH,138,3,
Chemung County,US.NY.CM,138,3,
Cumberland County,US.TN.CU,137,3,
Jackson County,US.AL.JA,137,3,
Wayne County,US.NY.WN,137,2,
Grayson County,US.KY.GY,137,10,
Kennebec County,US.ME.KE,137,9,
Monroe County,US.FL.MO,137,4,
Meriwether County,US.GA.MW,136,2,
Bullitt County,US.KY.BI,136,4,
Allen County,US.KY.AL,136,4,
Orange County,US.VA.OR,135,2,
Bertie County,US.NC.BT,135,4,
Greene County,US.AL.GR,135,5,
Macon County,US.AL.MC,134,6,
Monroe County,US.GA.MN,134,15,
Warren County,US.NC.WR,134,2,
Hardin County,US.KY.HN,134,5,
Grundy County,US.IL.GU,133,2,
Orange County,US.IN.OR,132,23,
Pierce County,US.GA.PR,132,4,
Yalobusha County,US.MS.YL,132,7,
Parmer County,US.TX.PM,132,0,
Toombs County,US.GA.TM,131,5,
Levy County,US.FL.LV,131,1,
Tom Green County,US.TX.TG,131,1,
Oconee County,US.GA.OC,131,10,
Newaygo County,US.MI.NE,130,0,
Alamosa County,US.CO.AL,130,3,
Hamilton County,US.IA.HM,129,0,
Greene County,US.NC.GE,128,2,
Herkimer County,US.NY.HE,128,3,
Sunflower County,US.MS.SU,128,4,
Chambers County,US.TX.CH,128,0,
Madison County,US.AR.MD,128,0,
Polk County,US.OR.PO,128,12,
Daviess County,US.IN.DI,127,16,
Burke County,US.GA.BE,127,6,
Chester County,US.SC.CR,127,1,
St. Louis County,US.MN.ST,127,14,
Warren County,US.IL.WR,127,0,
McCracken County,US.KY.MK,126,3,
Simpson County,US.MS.SI,126,1,
Wayne County,US.PA.WN,126,9,
Linn County,US.OR.LN,125,9,
Laurens County,US.GA.LR,124,1,
Walla Walla County,US.WA.WL,124,3,
Stoddard County,US.MO.SD,124,7,
Carson City,US.NV.CA,124,5,
White County,US.GA.WH,124,4,
Blount County,US.AL.BU,123,1,
Livingston County,US.NY.LI,123,4,
DeKalb County,US.IN.DE,123,3,
Carroll County,US.MS.CL,122,11,
Audrain County,US.MO.AU,122,1,
Crawford County,US.OH.CF,122,5,
Marshall County,US.MS.MS,122,3,
Lawrence County,US.MS.LW,121,1,
Dawson County,US.GA.DW,121,3,
Allamakee County,US.IA.AL,121,4,
El Dorado County,US.CA.EL,121,0,
Maui County,US.HI.MA,120,6,
Grady County,US.OK.GD,120,4,
Wilcox County,US.GA.WC,120,14,
Otsego County,US.MI.OS,120,10,
Franklin County,US.IN.FR,120,8,
Wichita County,US.TX.WC,120,2,
Cowlitz County,US.WA.CW,120,0,
Oceana County,US.MI.OA,119,3,
Glades County,US.FL.GL,119,1,
Parker County,US.TX.PR,118,1,
Ottawa County,US.OH.OT,118,22,
Cass County,US.MI.CS,118,4,
Washington County,US.OH.WS,118,19,
Bibb County,US.AL.BI,118,1,
Orange County,US.TX.OR,118,3,
McClain County,US.OK.ML,118,4,
Colonial Heights city,US.VA.CH,117,17,
Mercer County,US.PA.ME,117,6,
McDonald County,US.MO.MA,116,0,
Caroline County,US.VA.CI,116,4,
Crenshaw County,US.AL.CA,116,3,
Osage County,US.OK.OS,116,8,
St. Croix County,US.WI.SI,116,0,
Dyer County,US.TN.DY,116,0,
Blount County,US.TN.BO,115,3,
Goochland County,US.VA.GO,115,6,
Kenai Peninsula Borough,US.AK.KN,115,2,
Cottonwood County,US.MN.CT,115,0,
Bulloch County,US.GA.BH,115,3,
Oldham County,US.KY.OL,114,6,
Lumpkin County,US.GA.LP,114,1,
Alpena County,US.MI.AP,114,11,
Escambia County,US.AL.ES,113,4,
Scotland County,US.NC.SC,113,0,
Knox County,US.IL.KX,113,0,
Marion County,US.SC.MI,113,5,
Dinwiddie County,US.VA.DN,113,0,
Grant County,US.WI.GA,113,12,
Union County,US.SD.UN,113,1,
Delaware County,US.OK.DL,112,16,
Macon County,US.GA.MC,112,8,
Putnam County,US.GA.PT,112,11,
Iosco County,US.MI.IC,111,10,
Ripley County,US.IN.RI,111,6,
Pecos County,US.TX.PE,111,0,
Cape Girardeau County,US.MO.CG,111,3,
Gray County,US.TX.GY,111,4,
Walthall County,US.MS.WT,111,1,
Ben Hill County,US.GA.BL,111,1,
Conecuh County,US.AL.CO,111,1,
Morrow County,US.OH.MW,110,1,
Newberry County,US.SC.NE,110,2,
Hale County,US.TX.HE,110,5,
Yellowstone County,US.MT.YS,110,3,
Talbot County,US.MD.TA,110,4,
Morgan County,US.IL.MG,110,2,
Henry County,US.AL.HE,109,2,
Camp County,US.TX.CP,109,1,
Union County,US.MS.UN,109,8,
Cattaraugus County,US.NY.CG,109,6,
Webster County,US.MS.WE,109,8,
Cass County,US.MO.CS,109,8,
Minidoka County,US.ID.MI,109,0,
Monroe County,US.IL.MR,109,12,
Banks County,US.GA.BS,108,0,
Mahaska County,US.IA.MK,108,15,
Humboldt County,US.CA.HU,108,4,
Creek County,US.OK.CE,108,7,
Watonwan County,US.MN.WT,108,0,
Chautauqua County,US.NY.CQ,108,3,
Juniata County,US.PA.JU,108,5,
Steuben County,US.IN.SE,107,2,
Brooks County,US.GA.BO,107,11,
Teton County,US.WY.TE,107,1,
Caswell County,US.NC.CS,106,1,
Itawamba County,US.MS.IT,106,8,
Wayne County,US.WV.WA,106,9,
Cayuga County,US.NY.CY,106,2,
Emporia city,US.VA.EM,106,6,
Choctaw County,US.OK.CA,106,1,
Pulaski County,US.MO.PA,106,1,
Franklin County,US.KY.FR,105,2,
Kootenai County,US.ID.KO,105,0,
Wayne County,US.IN.WY,104,6,
Sandusky County,US.OH.SA,104,13,
Montgomery County,US.NY.MT,104,4,
Uinta County,US.WY.UI,104,0,
Jefferson County,US.IL.JF,104,16,
Pemiscot County,US.MO.PM,104,6,
Lanier County,US.GA.LI,104,2,
West Carroll Parish,US.LA.WC,103,3,
Jackson County,US.KS.JA,103,1,
Fluvanna County,US.VA.FV,103,6,
Carroll County,US.IN.CO,102,2,
Franklin County,US.VT.FR,102,5,
Mississippi County,US.AR.MS,102,2,
Adair County,US.KY.AD,102,19,
Webster County,US.IA.WE,102,1,
Fairbanks North Star Borough,US.AK.FA,102,2,
Martin County,US.NC.MR,101,4,
Louisa County,US.VA.LI,101,1,
Penobscot County,US.ME.PE,101,2,
Boone County,US.IA.BO,101,1,
Putnam County,US.OH.PU,101,15,
Adams County,US.WA.AD,101,0,
Concordia Parish,US.LA.CR,100,5,
Evangeline Parish,US.LA.EV,100,1,
Tippah County,US.MS.TP,100,11,
McDonough County,US.IL.MU,100,15,
Hancock County,US.MS.HN,100,13,
Platte County,US.MO.PT,99,3,
Isabella County,US.MI.IB,99,8,
Johnson County,US.AR.JO,99,0,
Vermilion Parish,US.LA.VM,99,5,
Clinton County,US.NY.CL,99,4,
Gila County,US.AZ.GI,99,3,
Waller County,US.TX.WR,99,0,
Wharton County,US.TX.WN,98,1,
Montgomery County,US.MS.MT,98,1,
Rogers County,US.OK.RS,98,5,
Saguache County,US.CO.SG,98,2,
Fayette County,US.PA.FA,98,4,
Navarro County,US.TX.NV,98,4,
Montgomery County,US.VA.MO,97,2,
Coffee County,US.TN.CF,97,0,
Liberty County,US.GA.LB,97,1,
Goodhue County,US.MN.GO,97,7,
Tazewell County,US.IL.TA,97,7,
Nassau County,US.FL.NA,96,1,
Pine County,US.MN.PN,96,0,
Lynchburg city,US.VA.LY,96,1,
Cherokee County,US.SC.CK,96,6,
Adair County,US.OK.AD,96,4,
Stokes County,US.NC.SO,96,0,
Hardin County,US.OH.HD,96,4,
Red River County,US.TX.RV,95,8,
Nicollet County,US.MN.NI,95,11,
Indiana County,US.PA.IN,95,5,
Carroll County,US.AR.CL,95,1,
Washington County,US.FL.WS,95,9,
Oconee County,US.SC.OC,95,0,
Poweshiek County,US.IA.PW,95,8,
Perry County,US.IN.PE,94,1,
Bedford County,US.VA.BF,94,2,
York County,US.VA.YO,94,3,
Yamhill County,US.OR.YA,94,8,
Lyon County,US.NV.LY,94,2,
Valencia County,US.NM.VA,94,2,
Matagorda County,US.TX.MD,94,5,
Pontotoc County,US.MS.PO,93,3,
Washington County,US.TN.WI,93,0,
Wyoming County,US.NY.WM,93,5,
Monroe County,US.TN.MR,93,4,
King George County,US.VA.KG,93,4,
Curry County,US.NM.CU,92,0,
Sutter County,US.CA.SU,92,3,
Barry County,US.MI.BR,92,2,
Kittitas County,US.WA.KT,92,0,
Peach County,US.GA.PH,92,9,
Holmes County,US.OH.HL,92,3,
Lawrence County,US.AR.LW,92,9,
Anson County,US.NC.AN,91,1,
Gratiot County,US.MI.GT,91,12,
Crow Wing County,US.MN.CW,91,10,
Hamblen County,US.TN.HB,91,4,
Washington County,US.AL.WS,91,6,
Sullivan County,US.MO.SV,91,0,
Lane County,US.OR.LE,90,3,
Lincoln County,US.MO.LO,90,1,
Lee County,US.IL.LE,90,1,
Butte County,US.CA.BU,90,1,
Bonneville County,US.ID.BV,90,1,
Pettis County,US.MO.PS,89,1,
Winona County,US.MN.WN,89,15,
Bryan County,US.GA.BY,89,5,
Clarke County,US.IA.CK,89,1,
Williamson County,US.IL.WS,89,3,
Effingham County,US.GA.EF,89,1,
Delaware County,US.NY.DE,89,3,
Riley County,US.KS.RL,88,3,
Elbert County,US.GA.EL,88,0,
Marathon County,US.WI.MH,88,1,
Natrona County,US.WY.NA,88,1,
Wabash County,US.IN.WB,88,2,
Newton County,US.MO.NT,88,2,
Calumet County,US.WI.CA,88,2,
Jessamine County,US.KY.JS,88,0,
Lawrence County,US.PA.LW,88,8,
Westmoreland County,US.VA.WM,87,1,
Sauk County,US.WI.SU,87,3,
Newton County,US.IN.NE,87,10,
Greene County,US.GA.GE,87,8,
Perry County,US.MO.PR,87,0,
Caldwell Parish,US.LA.CW,86,1,
Nevada County,US.AR.NV,86,1,
Madison County,US.FL.MD,86,3,
Auglaize County,US.OH.AU,86,3,
La Salle Parish,US.LA.LA,86,0,
Jasper County,US.IN.JS,86,1,
Lafayette County,US.MO.LF,86,2,
Jefferson Davis County,US.MS.JD,86,3,
Box Elder County,US.UT.BE,85,1,
Windham County,US.VT.WH,85,3,
La Plata County,US.CO.LA,85,1,
Jackson County,US.OR.JA,85,0,
Wilkinson County,US.MS.WK,85,9,
Fayette County,US.IN.FA,85,7,
Lamar County,US.GA.LM,85,5,
Henderson County,US.TX.HD,85,3,
Clay County,US.IA.CY,85,0,
Douglas County,US.KS.DG,85,0,
Claiborne Parish,US.LA.CI,85,10,
Cook County,US.GA.CO,84,1,
Nez Perce County,US.ID.NE,84,19,
Adair County,US.MO.AD,84,0,
Johnson County,US.MO.JO,84,0,
Calhoun County,US.MS.CN,83,4,
Humphreys County,US.MS.HU,83,8,
Union County,US.PA.UN,83,2,
Hawaii County,US.HI.HA,83,0,
Clinch County,US.GA.CC,83,2,
Person County,US.NC.PN,83,1,
Otter Tail County,US.MN.OT,83,1,
Portage County,US.WI.PT,82,0,
Atkinson County,US.GA.AT,82,2,
Berrien County,US.GA.BN,82,0,
Monroe County,US.OH.ME,82,15,
Hood River County,US.OR.HO,82,0,
Jefferson County,US.NY.JE,82,0,
Waupaca County,US.WI.WP,82,5,
Otsego County,US.NY.OO,82,4,
Madison County,US.KY.MD,82,1,
Somerset County,US.MD.SO,82,3,
Chisago County,US.MN.CG,81,1,
Huron County,US.OH.HU,81,1,
Montcalm County,US.MI.MC,81,1,
Ross County,US.OH.RO,81,2,
Carlton County,US.MN.CL,81,0,
Frio County,US.TX.FO,80,0,
Trempealeau County,US.WI.TR,80,0,
Cross County,US.AR.CO,79,1,
Delta County,US.CO.DT,79,1,
Perry County,US.AL.PE,79,0,
Johnson County,US.GA.JH,78,2,
Cass County,US.IL.CS,78,0,
Clark County,US.KY.CK,78,0,
Humboldt County,US.NV.HU,78,4,
Green County,US.WI.GN,78,1,
Pottawatomie County,US.OK.PT,78,4,
Chaffee County,US.CO.CA,78,20,
Lonoke County,US.AR.LO,78,0,
Muskogee County,US.OK.MO,77,8,
Oglethorpe County,US.GA.OG,77,7,
Miller County,US.AR.ML,77,2,
Cabell County,US.WV.CB,76,0,
Perry County,US.PA.PE,76,5,
McDuffie County,US.GA.MU,76,5,
Greene County,US.AR.GE,76,0,
Pike County,US.GA.PK,76,3,
Camden County,US.GA.CD,76,1,
Washington County,US.GA.WG,76,1,
Mississippi County,US.MO.MI,75,0,
Cleburne County,US.AR.CB,75,4,
Madison County,US.GA.MD,75,2,
Bremer County,US.IA.BR,75,6,
Pitkin County,US.CO.PI,75,2,
Grafton County,US.NH.GR,75,1,
Belknap County,US.NH.BE,74,1,
San Augustine County,US.TX.SG,74,5,
Taylor County,US.IA.TY,74,0,
Henry County,US.IA.HE,74,2,
Jackson County,US.KY.JA,74,13,
Pickens County,US.GA.PE,73,4,
Pittsylvania County,US.VA.PS,73,1,
Pulaski County,US.KY.PU,73,2,
Mesa County,US.CO.ME,73,0,
Abbeville County,US.SC.AB,73,0,
Gilchrist County,US.FL.GI,73,0,
Amite County,US.MS.AM,73,2,
Hocking County,US.OH.HC,73,7,
Wilkinson County,US.GA.WI,73,7,
Brantley County,US.GA.BA,72,2,
Nye County,US.NV.NY,72,2,
Lawrence County,US.TN.LW,72,2,
Polk County,US.TX.PK,72,0,
Stewart County,US.GA.SW,71,1,
Henry County,US.IL.HY,71,1,
Thurston County,US.NE.TU,71,1,
Lauderdale County,US.TN.LU,71,1,
Sullivan County,US.TN.SL,71,2,
Jefferson County,US.OH.JE,71,2,
Screven County,US.GA.SR,71,4,
Fannin County,US.GA.FN,70,1,
Morton County,US.ND.MR,70,2,
Washington County,US.ID.WA,70,0,
Kay County,US.OK.KA,70,7,
Prentiss County,US.MS.PN,70,3,
Bannock County,US.ID.BO,69,1,
Crawford County,US.AR.CW,69,0,
Clay County,US.SD.CY,69,0,
Jefferson County,US.OR.JE,69,0,
Gibson County,US.TN.GB,69,1,
Edmonson County,US.KY.ED,69,11,
Nottoway County,US.VA.NY,68,0,
Grayson County,US.VA.GY,68,2,
Crowley County,US.CO.CR,68,1,
Randolph County,US.IN.RA,68,3,
Lawrence County,US.AL.LW,68,0,
Clinton County,US.IA.CN,68,1,
Armstrong County,US.PA.AR,68,5,
Nevada County,US.CA.NE,67,1,
Haywood County,US.NC.HW,67,0,
O'Brien County,US.IA.OB,67,1,
Fairfax city,US.VA.FC,67,6,
Obion County,US.TN.OB,67,1,
Barren County,US.KY.BN,67,2,
Tunica County,US.MS.TU,67,3,
Bennington County,US.VT.BE,67,1,
Montour County,US.PA.MO,67,0,
Polk County,US.MN.PL,67,2,
Vernon Parish,US.LA.VN,67,3,
Burnet County,US.TX.BT,66,1,
Danville City,US.VA.DA,66,2,
Benton County,US.OR.BE,66,5,
Des Moines County,US.IA.DS,66,2,
Marion County,US.GA.MR,66,2,
Jeff Davis County,US.GA.JF,66,2,
Greer County,US.OK.GE,66,7,
Addison County,US.VT.AD,66,2,
Anderson County,US.TN.AN,66,2,
Calhoun County,US.FL.CA,65,5,
Willacy County,US.TX.WY,65,3,
Montezuma County,US.CO.MZ,65,3,
Choctaw County,US.MS.CW,65,2,
White County,US.AR.WH,65,1,
Whitley County,US.IN.WL,65,3,
Crawford County,US.MI.CF,65,5,
Stark County,US.ND.SR,65,2,
Clinton County,US.PA.CN,64,3,
Klamath County,US.OR.KL,64,0,
Dunklin County,US.MO.DU,64,3,
Seneca County,US.NY.SC,64,1,
Wayne County,US.TN.WY,64,0,
Shawano County,US.WI.SA,64,0,
Franklin County,US.TN.FR,64,2,
Routt County,US.CO.RT,63,6,
Chippewa County,US.WI.CH,63,0,
Wells County,US.IN.WE,63,0,
Jay County,US.IN.JY,63,0,
Union County,US.OH.UN,63,1,
Dodge County,US.GA.DG,62,2,
Tattnall County,US.GA.TT,62,0,
Cheshire County,US.NH.CH,62,2,
Hickman County,US.TN.HN,62,0,
Yankton County,US.SD.YA,62,0,
Cherokee County,US.IA.CE,62,0,
Haralson County,US.GA.HS,62,4,
Wood County,US.TX.WO,62,5,
Pulaski County,US.IL.PL,62,0,
Taylor County,US.FL.TA,62,0,
Chicot County,US.AR.CT,62,2,
Staunton city,US.VA.SU,61,0,
Chaves County,US.NM.CH,61,2,
Hancock County,US.OH.HN,61,1,
Calloway County,US.KY.CW,61,1,
Jefferson County,US.GA.JR,61,1,
Rio Arriba County,US.NM.RI,61,1,
Cherokee County,US.TX.CK,61,2,
Grant Parish,US.LA.GR,61,1,
Dodge County,US.MN.DD,61,0,
Brown County,US.TX.BN,61,10,
Okanogan County,US.WA.OK,61,1,
Jackson County,US.NC.JA,61,1,
Edgefield County,US.SC.ED,61,2,
Cambria County,US.PA.CI,61,3,
Telfair County,US.GA.TF,61,2,
Carter County,US.OK.CR,60,1,
St. Helena Parish,US.LA.SH,60,1,
Huron County,US.MI.HU,60,1,
Jasper County,US.GA.JS,60,1,
Mifflin County,US.PA.MI,60,1,
Stutsman County,US.ND.SU,60,0,
Gooding County,US.ID.GO,60,1,
Muskingum County,US.OH.MU,60,1,
Polk County,US.AR.PL,60,0,
Snyder County,US.PA.SN,60,1,
Dixie County,US.FL.DI,60,3,
Jenkins County,US.GA.JK,60,9,
Guthrie County,US.IA.GH,60,3,
Simpson County,US.KY.SI,60,3,
Williams County,US.OH.WI,59,1,
Columbia County,US.WI.CO,59,1,
Bedford County,US.PA.BO,59,2,
Saunders County,US.NE.SU,59,2,
Washington County,US.IN.WS,59,1,
Mayes County,US.OK.MY,59,4,
Sabine Parish,US.LA.SB,59,1,
Cass County,US.NE.CS,59,0,
Brunswick County,US.VA.BU,59,1,
Rutland County,US.VT.RU,59,1,
Itasca County,US.MN.IT,59,12,
Marquette County,US.MI.MQ,59,11,
Fannin County,US.TX.FI,59,6,
Shasta County,US.CA.SH,58,4,
Washington County,US.VA.WG,58,4,
Falls Church city,US.VA.FU,58,7,
Martinsville city,US.VA.MR,58,1,
Chippewa County,US.MN.CP,58,1,
Wise County,US.TX.WE,58,5,
Reno County,US.KS.RN,58,0,
Waynesboro city,US.VA.WS,58,0,
Rio Grande County,US.CO.RG,57,0,
Bryan County,US.OK.BR,57,1,
Jefferson County,US.MS.JF,57,2,
Gallatin County,US.KY.GL,57,7,
Cole County,US.MO.CE,57,1,
Ohio County,US.WV.OH,57,1,
Clearfield County,US.PA.CF,57,0,
Hamilton County,US.NE.HM,57,11,
Pierce County,US.WI.PI,57,0,
Jasper County,US.SC.JA,57,3,
Carroll County,US.IA.CL,57,1,
Fulton County,US.IN.FU,56,1,
Polk County,US.NC.PO,56,4,
Wood County,US.WV.WO,56,2,
Union County,US.GA.UN,56,3,
Greene County,US.MS.GE,56,4,
Bradford County,US.FL.BA,56,2,
Shelby County,US.IA.SH,56,0,
McLeod County,US.MN.MC,56,0,
Barnwell County,US.SC.BN,56,1,
Graham County,US.AZ.GA,56,2,
Clay County,US.IN.CY,56,3,
Clay County,US.GA.CY,55,2,
Greene County,US.TN.GE,55,2,
Buffalo County,US.SD.BF,55,0,
Waldo County,US.ME.WL,55,14,
Starke County,US.IN.SR,55,3,
Allegany County,US.NY.AL,55,2,
Lea County,US.NM.LE,55,0,
Perry County,US.MS.PY,55,3,
Windsor County,US.VT.WS,55,2,
Blair County,US.PA.BL,55,1,
Huntington County,US.IN.HU,55,2,
Woodford County,US.KY.WO,55,0,
Marion County,US.IL.MO,55,0,
Socorro County,US.NM.SO,55,5,
Schoharie County,US.NY.SO,55,2,
Fayette County,US.WV.FA,54,4,
Lincoln County,US.NE.LI,54,2,
Elbert County,US.CO.EB,54,2,
Powhatan County,US.VA.PH,54,0,
Clinton County,US.OH.CI,54,0,
Cedar County,US.IA.CD,54,1,
Williamsburg City,US.VA.WL,54,5,
Dade County,US.GA.DD,54,1,
Morrison County,US.MN.MR,54,1,
Gentry County,US.MO.GT,54,8,
Jefferson County,US.IN.JF,54,1,
Wilson County,US.TX.WS,53,5,
Roosevelt County,US.NM.RO,53,1,
Pike County,US.KY.PI,53,2,
Essex County,US.VA.ES,53,0,
Marion County,US.WV.MI,53,2,
Beaufort County,US.NC.BA,53,0,
Phillips County,US.AR.PH,53,1,
Butler County,US.MO.BE,53,0,
Coshocton County,US.OH.CS,53,0,
Le Sueur County,US.MN.LU,53,1,
Bleckley County,US.GA.BK,53,1,
Pulaski County,US.IN.PL,53,1,
Franklin County,US.KS.FR,53,0,
Ochiltree County,US.TX.OC,53,2,
Clark County,US.WI.CL,53,4,
Grant County,US.KY.GT,53,4,
Cherokee County,US.AL.CH,53,5,
Fulton County,US.OH.FU,53,0,
Bailey County,US.TX.BY,52,0,
Unicoi County,US.TN.UC,52,0,
Fayette County,US.AL.FA,52,0,
Talbot County,US.GA.TB,52,2,
Cherokee County,US.OK.CK,52,1,
Poinsett County,US.AR.PN,52,3,
Red River Parish,US.LA.RE,52,8,
Coffey County,US.KS.CF,52,8,
Van Zandt County,US.TX.VN,52,1,
Botetourt County,US.VA.BO,51,4,
Jones County,US.GA.JE,51,0,
Alexander County,US.NC.AE,51,0,
Garfield County,US.OK.GF,51,1,
Butler County,US.NE.BE,51,0,
Rush County,US.IN.RU,51,3,
Fayette County,US.TX.FT,51,2,
Lamar County,US.AL.LM,51,0,
Franklin County,US.IA.FN,51,0,
Douglas County,US.MN.DU,51,0,
Mineral County,US.WV.ML,51,2,
Monona County,US.IA.MO,50,0,
Meeker County,US.MN.ME,50,1,
White County,US.TN.WH,50,2,
Manitowoc County,US.WI.MW,50,1,
Big Horn County,US.MT.BI,50,3,
Pennington County,US.MN.PI,50,0,
Emanuel County,US.GA.EM,50,2,
Shelby County,US.OH.SH,50,3,
Wyandot County,US.OH.WD,50,4,
Bamberg County,US.SC.BM,50,0,
Union County,US.SC.UN,50,0,
Todd County,US.SD.TO,50,1,
Sharp County,US.AR.SH,50,3,
Cumberland County,US.VA.CU,50,0,
Isanti County,US.MN.IS,50,0,
Hampton County,US.SC.HA,50,1,
Ward County,US.ND.WR,50,1,
Clark County,US.AR.CK,50,0,
Barton County,US.KS.BT,50,2,
Carroll County,US.NH.CA,49,0,
Tallahatchie County,US.MS.TL,49,1,
Quitman County,US.MS.QU,49,0,
Cerro Gordo County,US.IA.CG,49,1,
Klickitat County,US.WA.KL,49,3,
Moniteau County,US.MO.ME,49,1,
Yuma County,US.CO.YU,49,0,
Osceola County,US.IA.OS,49,0,
Oglala Lakota County,US.SD.SH,49,0,
Nelson County,US.KY.NE,49,1,
Harrison County,US.WV.HR,49,1,
Geneva County,US.AL.GE,48,0,
Burleson County,US.TX.BU,48,0,
Logan County,US.OH.LG,48,0,
Marion County,US.TN.MI,48,2,
Seminole County,US.GA.SI,48,2,
Lincoln County,US.TN.LI,48,0,
Castro County,US.TX.AS,48,1,
Matanuska-Susitna Borough,US.AK.MA,48,1,
Eddy County,US.NM.ED,48,1,
Salem city,US.VA.SE,48,3,
Del Norte County,US.CA.DE,48,0,
Monroe County,US.IA.MR,48,6,
Milam County,US.TX.MI,48,1,
Ashley County,US.AR.AS,48,1,
Jefferson County,US.TN.JE,48,0,
Benton County,US.IA.BN,48,1,
Jackson County,US.MN.JA,48,0,
San Patricio County,US.TX.SP,48,0,
Stephens County,US.OK.ST,48,1,
Becker County,US.MN.BC,48,0,
Tishomingo County,US.MS.TS,47,1,
Calhoun County,US.SC.CH,47,1,
Carteret County,US.NC.CE,47,3,
Elko County,US.NV.EL,47,1,
Hardin County,US.IA.HD,47,0,
Hutchinson County,US.TX.UT,47,0,
Douglas County,US.NV.DO,47,0,
New Kent County,US.VA.NK,47,1,
Bradford County,US.PA.BF,47,3,
Mendocino County,US.CA.MI,47,0,
Marshall County,US.KY.MH,47,2,
Codington County,US.SD.CD,47,0,
Vermilion County,US.IL.VE,47,2,
Laurel County,US.KY.LU,47,2,
Kearny County,US.KS.KE,46,1,
Pulaski County,US.GA.PL,46,2,
Greene County,US.VA.GE,46,1,
Gage County,US.NE.GG,46,4,
Coosa County,US.AL.CS,46,1,
Clatsop County,US.OR.CT,46,0,
Franklin County,US.VA.FN,46,1,
Jefferson County,US.IA.JE,46,0,
Campbell County,US.WY.CM,46,0,
Jasper County,US.IL.JS,46,7,
Missoula County,US.MT.MS,46,1,
Calhoun County,US.TX.CU,46,3,
Oconto County,US.WI.OC,45,0,
Chattooga County,US.GA.CG,45,2,
Cowley County,US.KS.CL,45,1,
Dawson County,US.TX.DW,45,1,
Hart County,US.GA.HT,45,0,
Scott County,US.KY.SC,45,0,
Adams County,US.IL.AD,45,1,
Preble County,US.OH.PR,45,1,
Camden County,US.MO.CM,45,1,
Miller County,US.GA.ML,45,0,
Macoupin County,US.IL.MP,45,3,
Heard County,US.GA.HD,45,3,
Fayette County,US.OH.FY,45,0,
Howard County,US.AR.HW,45,0,
Perry County,US.IL.PY,44,0,
Hardin County,US.TN.HI,44,5,
Marshall County,US.TN.MS,44,1,
Boyd County,US.KY.BD,44,3,
Pittsburg County,US.OK.PI,44,3,
Washington County,US.CO.WA,44,0,
Hopkins County,US.TX.HP,44,0,
Hot Spring County,US.AR.HT,44,0,
Guernsey County,US.OH.GU,44,3,
Dukes County,US.MA.DU,44,0,
Emmet County,US.IA.EM,44,0,
Howard County,US.NE.HW,44,4,
Franklin city,US.VA.FR,44,2,
Independence County,US.AR.IN,43,0,
Sweetwater County,US.WY.SW,43,0,
Murray County,US.MN.MU,43,0,
Mountrail County,US.ND.MU,43,0,
Marion County,US.KY.MN,43,0,
Lafayette County,US.WI.LF,43,0,
Sanilac County,US.MI.SL,43,6,
Ashe County,US.NC.AS,43,1,
St. Francois County,US.MO.SF,43,2,
Smith County,US.TN.SH,43,1,
Cortland County,US.NY.CD,42,1,
Wilkes County,US.GA.WS,42,1,
Atascosa County,US.TX.AT,42,2,
Irwin County,US.GA.IR,42,1,
Morgan County,US.GA.MO,42,0,
Butler County,US.KS.BU,42,0,
Ottawa County,US.OK.OT,42,2,
Wasco County,US.OR.WC,42,1,
Custer County,US.OK.CU,42,0,
Wythe County,US.VA.WY,42,1,
Madison County,US.VA.MD,42,1,
Hardy County,US.WV.HD,41,0,
Upshur County,US.TX.US,41,0,
Mason County,US.WA.MA,41,1,
Wayne County,US.GA.WY,41,0,
Watauga County,US.NC.WT,41,0,
George County,US.MS.GR,41,2,
Sullivan County,US.IN.SU,41,1,
Marion County,US.IA.MI,41,0,
Lewis County,US.WA.LE,41,3,
Pawnee County,US.OK.PW,41,2,
Hill County,US.TX.HI,41,1,
Erath County,US.TX.ER,41,1,
Washington County,US.VT.WA,41,1,
Montgomery County,US.IL.MT,41,1,
Colorado County,US.TX.CO,41,0,
Jones County,US.IA.JN,41,0,
Flathead County,US.MT.FL,41,2,
Washington County,US.NE.WS,41,1,
Somerset County,US.PA.SO,41,1,
DeKalb County,US.TN.DE,41,0,
Allendale County,US.SC.AL,41,3,
Hampshire County,US.WV.HM,40,1,
Montgomery County,US.KY.MM,40,0,
McPherson County,US.KS.MP,40,0,
Yates County,US.NY.YA,40,6,
Clarke County,US.VA.CK,40,0,
Marinette County,US.WI.MT,40,3,
Essex County,US.NY.ES,40,0,
Lee County,US.IA.LE,40,1,
Putnam County,US.WV.PU,40,0,
Harrison County,US.IA.HR,40,0,
Lake County,US.CO.LK,40,0,
Hempstead County,US.AR.HE,40,1,
Limestone County,US.TX.LO,40,1,
Callaway County,US.MO.CA,40,1,
Pottawatomie County,US.KS.PT,40,0,
Roberts County,US.SD.RO,40,0,
Defiance County,US.OH.DF,40,2,
Brookings County,US.SD.BK,39,0,
Sac County,US.IA.SA,39,0,
Lyman County,US.SD.LY,39,0,
Washakie County,US.WY.WA,39,3,
Dallam County,US.TX.DL,39,0,
Meade County,US.SD.MD,39,1,
Christian County,US.IL.CI,39,4,
Owen County,US.IN.OW,39,1,
Jerauld County,US.SD.JE,39,1,
Crane County,US.TX.CR,39,5,
Kewaunee County,US.WI.KW,39,1,
Douglas County,US.IL.DO,39,0,
Halifax County,US.VA.HL,39,1,
Yuba County,US.CA.YU,39,1,
Door County,US.WI.DO,39,3,
Dixon County,US.NE.DI,39,1,
Brown County,US.OH.BR,39,1,
Haywood County,US.TN.HY,39,2,
Lee County,US.TX.LE,39,3,
Teller County,US.CO.TE,39,2,
Overton County,US.TN.OV,38,0,
Mason County,US.MI.MN,38,0,
Amelia County,US.VA.AI,38,1,
City and Borough of Juneau,US.AK.JU,38,0,
Gloucester County,US.VA.GL,38,1,
Swain County,US.NC.SW,38,0,
Malheur County,US.OR.ML,38,1,
Monroe County,US.WI.MO,38,1,
Union County,US.FL.UN,38,1,
Glenn County,US.CA.GL,38,0,
Arenac County,US.MI.AR,38,1,
Russell County,US.KY.RU,38,4,
Knox County,US.IN.KN,38,0,
Polk County,US.WI.PL,37,1,
Lawrence County,US.OH.LW,37,0,
York County,US.NE.YO,37,0,
Elmore County,US.ID.EL,37,2,
Benton County,US.IN.BE,37,0,
Hawkins County,US.TN.HW,37,2,
Austin County,US.TX.AU,37,0,
Harrison County,US.KY.HS,37,0,
Carroll County,US.OH.CO,37,3,
Webster County,US.KY.WE,37,0,
Greenbrier County,US.WV.GE,37,0,
Saline County,US.KS.SA,37,2,
Richland County,US.ND.RI,37,0,
Charles Mix County,US.SD.CH,37,0,
Marshall County,US.WV.MH,37,0,
Grundy County,US.TN.GU,37,1,
Mono County,US.CA.MO,37,1,
Franklin County,US.ME.FR,37,1,
Wakulla County,US.FL.WK,36,1,
Baker County,US.GA.BR,36,3,
Jefferson County,US.FL.JE,36,4,
Champaign County,US.OH.CH,36,1,
Brown County,US.IN.BR,36,1,
Merrick County,US.NE.ME,36,0,
Grand Traverse County,US.MI.GN,36,5,
Kendall County,US.TX.KD,36,0,
Charlton County,US.GA.CT,36,2,
Wyoming County,US.PA.WM,36,7,
Carroll County,US.TN.CR,36,1,
Weakley County,US.TN.WE,35,0,
Livingston County,US.IL.LI,35,2,
Jo Daviess County,US.IL.JO,35,1,
Lincoln County,US.ID.LI,35,0,
Bradley County,US.AR.BR,35,2,
Hood County,US.TX.HO,35,4,
Henry County,US.TN.HR,35,0,
Buchanan County,US.IA.BC,35,1,
Stone County,US.MS.ST,35,1,
Towns County,US.GA.TW,35,1,
Andrew County,US.MO.AN,35,0,
Crawford County,US.PA.CW,35,0,
Clayton County,US.IA.CT,35,3,
Highland County,US.OH.HI,35,1,
Cass County,US.TX.CS,35,2,
Baker County,US.FL.BK,35,4,
Washington County,US.NC.WI,35,3,
Custer County,US.NE.CU,34,4,
Waseca County,US.MN.WE,34,0,
Madison County,US.IA.MD,34,2,
New Madrid County,US.MO.NW,34,1,
Forest County,US.WI.FR,34,2,
Clark County,US.KS.CA,34,0,
Lake County,US.CA.LK,34,0,
Torrance County,US.NM.TO,34,1,
Cuming County,US.NE.CM,34,0,
Little River County,US.AR.LT,34,0,
Iowa County,US.IA.IO,34,0,
Charles City County,US.VA.CC,34,2,
Humboldt County,US.IA.HU,34,1,
Appomattox County,US.VA.AP,34,0,
Davis County,US.IA.DV,34,1,
Oxford County,US.ME.OX,33,0,
Mason County,US.TX.MA,33,0,
McNairy County,US.TN.MA,33,0,
Davison County,US.SD.DV,33,0,
Knox County,US.OH.KN,33,1,
Aurora County,US.SD.AU,33,0,
Warren County,US.TN.WR,33,0,
Taos County,US.NM.TA,33,0,
Garvin County,US.OK.GV,33,1,
Rabun County,US.GA.RB,33,3,
King William County,US.VA.KW,33,0,
Jasper County,US.TX.JR,33,1,
Patrick County,US.VA.PK,33,0,
Roane County,US.TN.RA,32,0,
Warren County,US.MO.WR,32,0,
Jefferson County,US.WA.JE,32,0,
Ogemaw County,US.MI.OG,32,2,
Luna County,US.NM.LU,32,1,
Coos County,US.OR.CO,32,0,
Holmes County,US.FL.HO,32,0,
Jackson County,US.OK.JA,32,3,
Clallam County,US.WA.CL,32,0,
Alcorn County,US.MS.AL,32,1,
Crawford County,US.GA.CW,32,0,
Bee County,US.TX.BE,32,0,
Wabaunsee County,US.KS.WB,32,0,
Seward County,US.NE.SA,32,1,
Polk County,US.TN.PO,32,0,
Morris County,US.TX.MR,31,0,
Monroe County,US.KY.MO,31,0,
Wheeler County,US.GA.WL,31,0,
Okmulgee County,US.OK.OM,31,0,
Clarion County,US.PA.CL,31,2,
Blackford County,US.IN.BL,31,2,
Hamilton County,US.KS.HM,31,0,
Ashland County,US.OH.AL,31,0,
Lyon County,US.IA.LY,31,0,
Yancey County,US.NC.YN,31,0,
Hart County,US.KY.HT,31,0,
Seminole County,US.OK.SM,31,3,
Hancock County,US.IA.HN,31,0,
Kit Carson County,US.CO.KT,31,3,
Pike County,US.MO.PI,31,1,
DeWitt County,US.TX.DE,31,1,
Madison County,US.ID.MA,30,0,
Franklin County,US.MS.FR,30,2,
Beaver County,US.OK.BA,30,0,
Pocahontas County,US.IA.PC,30,0,
Payette County,US.ID.PA,30,2,
Stevens County,US.KS.SV,30,0,
Faribault County,US.MN.FA,30,0,
Greene County,US.PA.GR,30,0,
Pulaski County,US.VA.PU,30,1,
Geary County,US.KS.GE,30,1,
Cherokee County,US.NC.CO,30,1,
Fremont County,US.CO.FR,30,0,
Perquimans County,US.NC.PQ,30,2,
Sagadahoc County,US.ME.SA,30,0,
Alleghany County,US.VA.AL,30,2,
Meade County,US.KS.ME,30,0,
Boyle County,US.KY.BE,30,0,
Clay County,US.AL.CY,30,2,
Christian County,US.MO.CT,30,0,
Kalkaska County,US.MI.KK,30,2,
Alleghany County,US.NC.AL,30,0,
Charlotte County,US.VA.CT,30,0,
Van Buren County,US.AR.VA,30,2,
Seneca County,US.OH.SE,30,2,
Otero County,US.NM.OT,30,5,
Andrews County,US.TX.AR,30,0,
Douglas County,US.OR.DO,29,0,
Lamoille County,US.VT.LA,29,1,
Sevier County,US.UT.SE,29,0,
Toole County,US.MT.TO,29,6,
Meigs County,US.TN.ME,29,0,
Randolph County,US.AR.RA,29,0,
Uvalde County,US.TX.UV,29,0,
Franklin County,US.TX.FK,29,0,
Dunn County,US.WI.DN,29,0,
Jersey County,US.IL.JR,29,1,
Hockley County,US.TX.HC,29,1,
Woodford County,US.IL.WO,28,2,
Delaware County,US.IA.DA,28,1,
Columbia County,US.AR.CI,28,2,
Sanpete County,US.UT.SP,28,0,
Tehama County,US.CA.TE,28,1,
Howell County,US.MO.HW,28,0,
Amherst County,US.VA.AH,28,0,
Albany County,US.WY.AL,28,0,
Adams County,US.IN.AD,28,1,
Tipton County,US.IN.TT,28,1,
Mille Lacs County,US.MN.MI,28,1,
Scurry County,US.TX.SU,28,0,
Fayette County,US.IA.FT,28,0,
Sherman County,US.TX.SN,28,0,
Campbell County,US.VA.CM,28,1,
Perry County,US.TN.PE,28,0,
Whitman County,US.WA.WI,28,0,
Henry County,US.KY.HY,27,2,
Labette County,US.KS.LB,27,0,
Northumberland County,US.VA.NU,27,1,
Crawford County,US.WI.CR,27,0,
Butler County,US.IA.BE,27,2,
Donley County,US.TX.DO,27,0,
Preston County,US.WV.PR,27,2,
Dare County,US.NC.DE,27,1,
Drew County,US.AR.DR,27,1,
Taney County,US.MO.TA,27,2,
Cocke County,US.TN.CE,27,0,
Anderson County,US.KY.AN,27,1,
Crawford County,US.IN.CW,27,0,
Wise County,US.VA.WI,27,2,
Vernon County,US.WI.VE,26,0,
Smyth County,US.VA.SM,26,0,
Emmet County,US.MI.EM,26,2,
Somerset County,US.ME.SO,26,0,
Calaveras County,US.CA.CA,26,0,
Mecosta County,US.MI.MT,26,2,
Williams County,US.ND.WI,26,0,
Bingham County,US.ID.BG,26,0,
Nowata County,US.OK.NW,26,1,
Cheboygan County,US.MI.CY,26,1,
Taylor County,US.GA.TY,26,2,
Sibley County,US.MN.SI,26,2,
Barron County,US.WI.BR,26,0,
Raleigh County,US.WV.RL,26,0,
Wayne County,US.NE.WY,26,0,
Bourbon County,US.KY.BU,26,1,
Josephine County,US.OR.JO,26,1,
Long County,US.GA.LG,26,1,
Jones County,US.NC.JN,26,3,
Cooke County,US.TX.OO,26,0,
Spencer County,US.KY.SP,26,0,
Atchison County,US.KS.AT,26,0,
Ray County,US.MO.RY,25,0,
Clare County,US.MI.CE,25,2,
Hughes County,US.SD.HG,25,0,
Desha County,US.AR.DE,25,0,
Roscommon County,US.MI.RO,25,0,
Johnson County,US.TN.JO,25,0,
Perry County,US.KY.PR,25,0,
Love County,US.OK.LV,25,0,
Carroll County,US.KY.CL,25,0,
Lucas County,US.IA.LU,25,3,
Lamb County,US.TX.LB,25,0,
Rock County,US.MN.RC,25,0,
Wood County,US.WI.WO,25,1,
San Miguel County,US.CO.SM,25,0,
Campbell County,US.TN.CM,25,1,
Franklin County,US.NY.FR,25,0,
Juneau County,US.WI.JU,25,1,
Meade County,US.KY.MA,24,2,
Clay County,US.NE.CL,24,0,
Inyo County,US.CA.IN,24,1,
Mills County,US.IA.ML,24,0,
Missaukee County,US.MI.MU,24,1,
Zapata County,US.TX.ZP,24,0,
Gates County,US.NC.GT,24,2,
Athens County,US.OH.AS,24,1,
Howard County,US.TX.HW,24,1,
Green Lake County,US.WI.GL,24,0,
Logan County,US.OK.LG,24,1,
Gibson County,US.IN.GI,24,2,
Winneshiek County,US.IA.WH,24,0,
Lincoln County,US.OK.LI,24,2,
Turner County,US.SD.TU,24,0,
Conway County,US.AR.CN,24,3,
Converse County,US.WY.CE,24,0,
Perry County,US.OH.PE,24,1,
McLean County,US.KY.ML,24,1,
Grant County,US.AR.GN,24,0,
Grundy County,US.IA.GN,24,0,
Fountain County,US.IN.FO,24,2,
Bureau County,US.IL.BU,24,1,
Montgomery County,US.GA.MM,24,0,
Wabasha County,US.MN.WB,24,0,
Calhoun County,US.IA.CO,24,0,
Sullivan County,US.NH.SU,24,1,
King and Queen County,US.VA.KA,24,1,
Beltrami County,US.MN.BT,23,0,
Park County,US.CO.PA,23,0,
Cannon County,US.TN.CN,23,0,
Breckinridge County,US.KY.BC,23,2,
Jefferson County,US.KS.JF,23,0,
Doniphan County,US.KS.DP,23,0,
Hansford County,US.TX.HF,23,2,
Menard County,US.IL.MN,23,0,
Gray County,US.KS.GY,23,0,
Greene County,US.IA.GE,23,0,
Fayette County,US.IL.FA,23,3,
Spencer County,US.IN.SP,23,1,
Tillman County,US.OK.TI,23,1,
Madison County,US.TX.AD,23,0,
Clay County,US.KY.CY,23,3,
McIntosh County,US.OK.MI,23,1,
Swisher County,US.TX.SW,23,1,
Hidalgo County,US.NM.HI,23,0,
Todd County,US.KY.TO,23,0,
Giles County,US.TN.GL,23,0,
Clay County,US.AR.CY,23,0,
Knox County,US.ME.KN,23,1,
Montgomery County,US.KS.MG,23,2,
Lander County,US.NV.LA,23,0,
Posey County,US.IN.PS,22,0,
Columbia County,US.OR.CL,22,0,
Lavaca County,US.TX.LA,22,1,
Vinton County,US.OH.VI,22,2,
Osceola County,US.MI.OE,22,0,
Tensas Parish,US.LA.TN,22,0,
Otero County,US.CO.OT,22,1,
McKenzie County,US.ND.MK,22,0,
Pontotoc County,US.OK.PN,22,2,
Sequatchie County,US.TN.SQ,22,0,
Haskell County,US.KS.HS,22,0,
Cleburne County,US.AL.CB,22,1,
Charlevoix County,US.MI.CV,22,2,
Floyd County,US.KY.FO,22,0,
Jackson County,US.WI.JA,22,1,
Ford County,US.IL.FO,22,1,
Grainger County,US.TN.GA,22,0,
Twiggs County,US.GA.TG,22,1,
San Jacinto County,US.TX.SJ,22,0,
Uintah County,US.UT.UN,22,0,
Carter County,US.TN.CT,22,1,
Switzerland County,US.IN.SW,22,0,
Delta County,US.MI.DE,21,2,
Carbon County,US.WY.CB,21,1,
Grays Harbor County,US.WA.GY,21,0,
Sequoyah County,US.OK.SQ,21,3,
Stanton County,US.NE.ST,21,0,
Lewis County,US.NY.LE,21,5,
Pocahontas County,US.WV.PO,21,0,
Marion County,US.TX.MN,21,1,
Lewis and Clark County,US.MT.LE,21,0,
Lincoln County,US.ME.LI,21,0,
Floyd County,US.IA.FL,21,1,
Val Verde County,US.TX.VL,21,0,
Lynn County,US.TX.LY,21,1,
Lunenburg County,US.VA.LN,21,0,
Scioto County,US.OH.SC,21,0,
Logan County,US.WV.LO,21,1,
Phelps County,US.NE.PH,21,0,
Jackson County,US.TX.JA,21,1,
Morgan County,US.TN.MG,21,1,
Alcona County,US.MI.AC,21,1,
Clinton County,US.MO.CO,21,0,
Taylor County,US.KY.TA,21,1,
Kauai County,US.HI.KU,21,0,
Nemaha County,US.KS.NM,21,0,
Swift County,US.MN.SW,20,1,
Parke County,US.IN.PA,20,0,
Moody County,US.SD.MO,20,0,
Izard County,US.AR.IZ,20,1,
Jackson County,US.AR.JA,20,0,
Hancock County,US.WV.HN,20,0,
Siskiyou County,US.CA.SK,20,0,
Barry County,US.MO.BR,20,0,
Trinity County,US.TX.TR,20,0,
Le Flore County,US.OK.LE,20,1,
Marshall County,US.OK.MH,20,0,
Logan County,US.AR.LG,20,0,
Noble County,US.OK.NB,20,0,
Jackson County,US.TN.JA,20,0,
Faulk County,US.SD.FU,20,0,
Douglas County,US.WI.DG,20,0,
Johnson County,US.IL.JH,20,0,
Benewah County,US.ID.BA,20,0,
Union County,US.KY.UN,20,0,
Fillmore County,US.MN.FI,20,0,
Gladwin County,US.MI.GL,20,1,
Brown County,US.MN.BR,20,2,
Cleveland County,US.AR.CV,20,0,
Ketchikan Gateway Borough,US.AK.KG,20,0,
Guadalupe County,US.NM.GU,20,0,
Cascade County,US.MT.CS,20,2,
Kossuth County,US.IA.KO,20,0,
Tioga County,US.PA.TI,20,2,
Schley County,US.GA.SY,20,1,
Asotin County,US.WA.AS,20,2,
Henry County,US.OH.HE,20,0,
Carter County,US.KY.CR,20,0,
Kleberg County,US.TX.KL,20,1,
Kerr County,US.TX.KR,20,1,
Warren County,US.GA.WR,19,0,
Mitchell County,US.NC.MI,19,0,
Falls County,US.TX.FL,19,0,
Ravalli County,US.MT.RA,19,0,
Ida County,US.IA.ID,19,0,
Crockett County,US.TN.CK,19,3,
Boone County,US.WV.BN,19,0,
Jefferson County,US.PA.JE,19,1,
Washington County,US.IL.WG,19,0,
Mercer County,US.IL.ME,19,0,
Morgan County,US.WV.MA,19,0,
Henderson County,US.TN.HS,19,0,
Webster County,US.MO.WE,19,0,
Custer County,US.MT.CU,19,0,
Johnson County,US.WY.JO,19,1,
Sheridan County,US.WY.SH,19,0,
Jim Wells County,US.TX.JW,19,0,
McIntosh County,US.GA.MH,19,1,
Chowan County,US.NC.CW,19,0,
Lincoln County,US.GA.LC,18,1,
Norman County,US.MN.NR,18,0,
Benton County,US.MS.BE,18,0,
Buchanan County,US.VA.BH,18,0,
Carroll County,US.IL.CL,18,2,
Clear Creek County,US.CO.CL,18,1,
Brewster County,US.TX.BS,18,0,
Nelson County,US.VA.NL,18,0,
Lyon County,US.KY.LY,18,3,
Humphreys County,US.TN.HU,18,1,
Robertson County,US.TX.RO,18,0,
Mason County,US.IL.MS,18,0,
Rockbridge County,US.VA.RB,18,0,
Iowa County,US.WI.IO,18,0,
Hancock County,US.IL.HC,18,1,
Whitley County,US.KY.WH,18,0,
Hamilton County,US.TX.HM,18,1,
Owyhee County,US.ID.OW,18,0,
Candler County,US.GA.CR,18,0,
Mariposa County,US.CA.MP,18,1,
Morrow County,US.OR.MO,18,0,
Waushara County,US.WI.WS,18,0,
Henry County,US.MO.HE,17,3,
Venango County,US.PA.VE,17,0,
Appanoose County,US.IA.AP,17,3,
Gem County,US.ID.GE,17,0,
Fulton County,US.PA.FU,17,1,
Webster County,US.GA.WT,17,1,
Lake County,US.SD.LK,17,1,
Freestone County,US.TX.FE,17,0,
Wexford County,US.MI.WE,17,3,
Crawford County,US.IL.CW,17,0,
Ouachita County,US.AR.OU,17,0,
Oneida County,US.WI.ON,17,0,
Franklin County,US.ID.FA,17,0,
Trigg County,US.KY.TG,17,0,
Grand County,US.CO.GR,17,0,
Treutlen County,US.GA.TE,17,0,
Paulding County,US.OH.PA,17,0,
Cherokee County,US.KS.CK,17,0,
Page County,US.IA.PG,17,0,
Adams County,US.OH.AD,17,1,
Transylvania County,US.NC.TR,17,1,
Alexander County,US.IL.AL,17,0,
Walsh County,US.ND.WL,17,0,
Grant County,US.KS.GT,17,1,
Mason County,US.KY.MS,17,0,
Grant County,US.WV.GA,16,0,
Prowers County,US.CO.PR,16,0,
Rappahannock County,US.VA.RP,16,0,
Grant County,US.NM.GR,16,0,
Greenup County,US.KY.GU,16,0,
Stevens County,US.WA.ST,16,1,
Stewart County,US.TN.SA,16,0,
Barnes County,US.ND.BA,16,0,
Keokuk County,US.IA.KE,16,1,
Jackson County,US.OH.JA,16,0,
San Juan County,US.WA.SA,16,0,
Martin County,US.IN.MN,16,0,
Palo Alto County,US.IA.PO,16,0,
Craig County,US.OK.CG,16,0,
Currituck County,US.NC.CI,16,0,
Shelby County,US.IL.SB,16,1,
Morgan County,US.UT.MN,16,0,
Wheeler County,US.TX.WL,16,0,
Perry County,US.AR.PY,16,0,
Scott County,US.KS.SC,16,0,
Floyd County,US.TX.FY,16,0,
Caledonia County,US.VT.CA,16,0,
San Miguel County,US.NM.SM,16,0,
Mercer County,US.KY.MC,16,0,
Nodaway County,US.MO.NO,16,0,
Lafayette County,US.FL.LF,15,0,
Wilkin County,US.MN.WL,15,3,
Phillips County,US.CO.PH,15,0,
Lincoln County,US.KY.LN,15,1,
Washington County,US.KY.WS,15,0,
Fentress County,US.TN.FE,15,0,
Ellis County,US.KS.EL,15,0,
Traill County,US.ND.TR,15,0,
Lewis County,US.KY.LI,15,0,
Quitman County,US.GA.QU,15,1,
Sabine County,US.TX.SB,15,1,
Mason County,US.WV.MN,15,0,
Pamlico County,US.NC.PM,15,0,
Rowan County,US.KY.RW,15,0,
Harlan County,US.KY.HL,15,0,
Young County,US.TX.YU,15,1,
Moultrie County,US.IL.MI,15,0,
Rockcastle County,US.KY.RC,15,0,
Lincoln County,US.WY.LI,15,0,
Chickasaw County,US.IA.CC,15,0,
Costilla County,US.CO.CS,15,0,
Claiborne County,US.TN.CI,15,0,
Richland County,US.WI.RI,14,4,
Jackson County,US.IA.JC,14,0,
Chester County,US.TN.CS,14,0,
Audubon County,US.IA.AU,14,1,
Wabash County,US.IL.WB,14,0,
Decatur County,US.TN.DC,14,0,
Pipestone County,US.MN.PS,14,0,
Arkansas County,US.AR.AR,14,0,
Baxter County,US.AR.BA,14,0,
Wright County,US.MO.WG,14,0,
Middlesex County,US.VA.MI,14,0,
Miami County,US.KS.MI,14,0,
Scott County,US.TN.SC,14,0,
Bracken County,US.KY.BK,14,0,
Harvey County,US.KS.HV,14,2,
Palo Pinto County,US.TX.PO,14,2,
Gaines County,US.TX.GS,14,0,
Warren County,US.IN.WN,14,1,
Benton County,US.MO.BN,14,0,
Van Wert County,US.OH.VA,14,0,
Morrill County,US.NE.MO,14,0,
Antrim County,US.MI.AN,14,0,
Comanche County,US.TX.CE,14,1,
Tyler County,US.TX.TY,14,0,
Piatt County,US.IL.PA,14,0,
Mercer County,US.WV.MR,14,0,
Reeves County,US.TX.RE,14,0,
Cass County,US.IA.CS,14,0,
Ste. Genevieve County,US.MO.SG,14,1,
Pendleton County,US.KY.PN,14,0,
Big Stone County,US.MN.BI,14,0,
Ballard County,US.KY.BA,14,0,
Lampasas County,US.TX.LP,13,0,
Otoe County,US.NE.OT,13,0,
Orleans County,US.VT.OL,13,0,
Zavala County,US.TX.ZV,13,0,
Hartley County,US.TX.HL,13,2,
Knox County,US.NE.KN,13,0,
Carbon County,US.UT.CR,13,0,
Nantucket County,US.MA.NA,13,1,
Aitkin County,US.MN.AI,13,0,
Day County,US.SD.DY,13,0,
Terry County,US.TX.TE,13,0,
Kingfisher County,US.OK.KN,13,0,
McKean County,US.PA.MC,13,1,
Kanabec County,US.MN.KA,13,1,
Hudspeth County,US.TX.HU,13,0,
Ransom County,US.ND.RN,13,0,
Washington County,US.MO.WS,13,1,
Ohio County,US.IN.OH,13,0,
Surry County,US.VA.SR,13,1,
Schuyler County,US.IL.SU,13,0,
Garrard County,US.KY.GR,13,0,
Lawrence County,US.SD.LW,13,0,
McCreary County,US.KY.MR,13,0,
Grant County,US.SD.GA,13,0,
Leon County,US.TX.LN,13,0,
Hancock County,US.ME.HA,13,1,
Fillmore County,US.NE.FI,13,1,
Gosper County,US.NE.GO,13,0,
Linn County,US.KS.LN,13,0,
Clark County,US.IL.CK,13,0,
Callahan County,US.TX.AL,13,2,
Pendleton County,US.WV.PE,13,1,
Potter County,US.PA.PO,13,0,
Winnebago County,US.IA.WB,13,0,
Linn County,US.MO.LN,12,1,
Schuyler County,US.NY.SU,12,0,
Vernon County,US.MO.VE,12,0,
Howard County,US.IA.HO,12,0,
Hot Springs County,US.WY.HO,12,0,
Vermillion County,US.IN.VE,12,0,
Sanborn County,US.SD.SA,12,0,
Blanco County,US.TX.BC,12,1,
Murray County,US.OK.MR,12,0,
Taylor County,US.WV.TA,12,0,
Buena Vista city,US.VA.BE,12,0,
Manistee County,US.MI.ME,12,0,
Brule County,US.SD.BU,12,0,
Grand County,US.UT.GR,12,0,
Union County,US.IN.UN,12,0,
Amador County,US.CA.AM,12,0,
Montgomery County,US.MO.MM,12,0,
Kearney County,US.NE.KA,12,0,
Franklin County,US.IL.FR,12,0,
Corson County,US.SD.CO,12,0,
Redwood County,US.MN.RW,12,0,
Renville County,US.MN.RN,12,0,
Teton County,US.ID.TE,12,0,
Knox County,US.KY.KX,12,0,
Mingo County,US.WV.MO,12,2,
Fulton County,US.KY.FU,12,0,
Presque Isle County,US.MI.PR,12,0,
Prairie County,US.AR.PR,12,0,
Adair County,US.IA.AI,12,0,
Baca County,US.CO.BA,12,0,
Cameron Parish,US.LA.CM,12,0,
Ripley County,US.MO.RI,12,0,
Pacific County,US.WA.PA,12,1,
Caldwell County,US.KY.CD,12,0,
Lafayette County,US.AR.LF,12,1,
Bond County,US.IL.BN,12,1,
Bates County,US.MO.BS,12,1,
Leelanau County,US.MI.LE,12,0,
Greenlee County,US.AZ.GE,12,1,
Marshall County,US.MN.MS,12,0,
Polk County,US.NE.PO,12,0,
Juab County,US.UT.JU,12,0,
Poquoson city,US.VA.PQ,12,0,
Fulton County,US.IL.FU,11,0,
Bon Homme County,US.SD.BH,11,0,
Clay County,US.TN.CY,11,0,
Logan County,US.IL.LO,11,0,
Cheyenne County,US.NE.CY,11,0,
Silver Bow County,US.MT.SI,11,0,
Blaine County,US.OK.BL,11,0,
Clark County,US.SD.CK,11,0,
Roane County,US.WV.RO,11,1,
Jefferson County,US.ID.JF,11,0,
Van Buren County,US.IA.VA,11,0,
Morgan County,US.MO.MG,11,0,
Dunn County,US.ND.DU,11,0,
Cooper County,US.MO.CP,11,0,
Burt County,US.NE.BT,11,0,
Larue County,US.KY.LR,11,1,
McLean County,US.ND.ML,11,0,
Lancaster County,US.VA.LA,11,0,
Hancock County,US.KY.HC,11,0,
McCormick County,US.SC.MC,11,1,
Gulf County,US.FL.GU,11,0,
Stone County,US.AR.ST,11,0,
Grundy County,US.MO.GU,11,0,
Carroll County,US.MO.CL,11,0,
Pike County,US.OH.PK,11,0,
Greenwood County,US.KS.GW,11,0,
Woodward County,US.OK.WW,11,0,
Stanley County,US.SD.ST,11,0,
Cass County,US.MN.CS,11,2,
Evans County,US.GA.EV,11,0,
Presidio County,US.TX.PS,11,0,
Randolph County,US.MO.RN,11,0,
Big Horn County,US.WY.BI,11,0,
Harrison County,US.OH.HR,11,0,
Yellow Medicine County,US.MN.YE,10,0,
Wayne County,US.KY.WY,10,0,
Yoakum County,US.TX.YA,10,0,
Union County,US.IA.UN,10,0,
Rusk County,US.WI.RU,10,0,
Wadena County,US.MN.WD,10,0,
Sioux County,US.ND.SI,10,0,
LaMoure County,US.ND.LA,10,0,
Garrett County,US.MD.GA,10,0,
Brown County,US.KS.BR,10,0,
Cumberland County,US.IL.CU,10,0,
Floyd County,US.VA.FO,10,1,
Neosho County,US.KS.NO,10,0,
Hamlin County,US.SD.HM,10,0,
Aroostook County,US.ME.AR,10,1,
Houston County,US.TN.HO,10,0,
Duchesne County,US.UT.DU,10,0,
Menifee County,US.KY.ME,10,0,
Polk County,US.MO.PO,10,0,
Casey County,US.KY.CS,10,0,
Barbour County,US.WV.BB,10,1,
Barton County,US.MO.BT,10,0,
Bath County,US.KY.BH,10,1,
Boone County,US.AR.BO,10,0,
Pope County,US.MN.PE,10,0,
Churchill County,US.NV.CH,10,1,
Brown County,US.IL.BR,10,0,
Osage County,US.KS.OS,10,0,
Laclede County,US.MO.LD,10,0,
Gilmer County,US.WV.GI,10,0,
Bonner County,US.ID.BR,10,0,
Lake County,US.MT.LA,10,0,
Clay County,US.WV.CY,10,0,
Bollinger County,US.MO.BI,10,0,
Tazewell County,US.VA.TA,9,0,
Lee County,US.VA.LE,9,0,
Lassen County,US.CA.LS,9,0,
Wetzel County,US.WV.WT,9,0,
Marquette County,US.WI.MQ,9,1,
Wayne County,US.IL.WY,9,1,
Stanton County,US.KS.ST,9,0,
Bourbon County,US.KS.BB,9,1,
Koochiching County,US.MN.KO,9,0,
Hutchinson County,US.SD.HT,9,0,
Crawford County,US.MO.CF,9,0,
DeKalb County,US.MO.DE,9,0,
Jefferson County,US.NE.JE,9,0,
Cedar County,US.MO.CD,9,0,
Lipscomb County,US.TX.LM,9,0,
Live Oak County,US.TX.LK,9,0,
Clay County,US.NC.CY,9,0,
Sumner County,US.KS.SU,9,1,
Crook County,US.OR.CR,9,0,
Sitka City and Borough,US.AK.SI,9,0,
Marion County,US.MO.MO,9,0,
Russell County,US.VA.RU,9,0,
Sharkey County,US.MS.SH,9,0,
Radford city,US.VA.RD,9,0,
Ringgold County,US.IA.RI,9,0,
Gillespie County,US.TX.GL,9,0,
Adams County,US.ID.AM,9,0,
Adams County,US.WI.AD,9,2,
Union County,US.TN.UO,9,0,
Gallia County,US.OH.GA,9,1,
Furnas County,US.NE.FU,9,1,
Fulton County,US.AR.FU,9,0,
Tuolumne County,US.CA.TO,9,0,
Power County,US.ID.PO,9,0,
Tripp County,US.SD.TR,9,0,
Franklin County,US.AR.FR,9,0,
Menominee County,US.MI.MM,9,0,
Orange County,US.VT.OA,9,0,
Montgomery County,US.IA.MG,9,2,
Atoka County,US.OK.AT,9,0,
Montague County,US.TX.MU,9,1,
Harrison County,US.MO.HS,9,0,
Effingham County,US.IL.EF,9,1,
Sawyer County,US.WI.SW,9,0,
Fleming County,US.KY.FE,9,0,
Monroe County,US.WV.ME,9,0,
Lexington city,US.VA.LX,8,0,
Lawrence County,US.MO.LW,8,0,
Millard County,US.UT.MD,8,0,
Lewis County,US.WV.LE,8,1,
Metcalfe County,US.KY.MT,8,2,
Mackinac County,US.MI.MK,8,0,
Mitchell County,US.IA.ME,8,0,
McCook County,US.SD.MC,8,1,
Scotland County,US.MO.SO,8,1,
Cedar County,US.NE.CA,8,0,
Livingston County,US.KY.LV,8,0,
Scott County,US.VA.SC,8,2,
Wells County,US.ND.WE,8,0,
Madison County,US.MT.MA,8,1,
Moffat County,US.CO.MF,8,0,
Schleicher County,US.TX.SH,8,0,
Meigs County,US.OH.MS,8,0,
Lincoln County,US.WI.LI,8,0,
Caldwell County,US.MO.CW,8,0,
Greene County,US.IL.GE,8,0,
Archuleta County,US.CO.AC,8,0,
Vilas County,US.WI.VI,8,0,
Kimball County,US.NE.KB,8,0,
Crosby County,US.TX.CB,8,1,
Ramsey County,US.ND.RM,8,1,
Decatur County,US.IA.DC,8,0,
Benton County,US.TN.BN,8,1,
Antelope County,US.NE.AN,8,0,
Emery County,US.UT.EM,8,0,
Latah County,US.ID.LA,8,0,
Park County,US.WY.PA,8,0,
Park County,US.MT.PA,8,0,
Grand Isle County,US.VT.GR,8,0,
Beckham County,US.OK.BC,8,0,
Colfax County,US.NM.CO,8,0,
Ouray County,US.CO.OU,8,1,
Henderson County,US.IL.HD,8,0,
Houghton County,US.MI.HO,8,0,
Oscoda County,US.MI.OO,8,1,
Rolette County,US.ND.RO,8,0,
Eastland County,US.TX.EA,7,0,
Latimer County,US.OK.LA,7,1,
Forest County,US.PA.FO,7,0,
Carbon County,US.MT.CB,7,0,
Hodgeman County,US.KS.HG,7,0,
Searcy County,US.AR.SA,7,0,
Valley County,US.NE.VA,7,0,
Upshur County,US.WV.UP,7,0,
Goliad County,US.TX.GI,7,0,
Garza County,US.TX.GR,7,0,
Miller County,US.MO.ML,7,0,
Walworth County,US.SD.WA,7,0,
Johnson County,US.KY.JO,7,0,
Ward County,US.TX.WD,7,0,
Crittenden County,US.KY.CT,7,1,
Las Animas County,US.CO.LS,7,0,
Leslie County,US.KY.LS,7,0,
Lewis County,US.MO.LE,7,1,
Colusa County,US.CA.CL,7,0,
Lincoln County,US.MT.LN,7,1,
Lake County,US.MI.LK,7,0,
Camden County,US.NC.CD,7,0,
Conejos County,US.CO.CN,7,0,
Los Alamos County,US.NM.LO,7,0,
Massac County,US.IL.MA,7,0,
Curry County,US.OR.CU,7,0,
Macon County,US.MO.MN,7,0,
Karnes County,US.TX.KS,7,0,
Sherman County,US.KS.SH,7,0,
Daviess County,US.MO.DV,7,0,
Marion County,US.KS.MN,7,1,
Houston County,US.MN.HO,7,0,
Dickinson County,US.MI.DI,7,2,
Stone County,US.MO.SE,7,0,
Clay County,US.KS.CY,7,1,
Boone County,US.NE.BO,7,0,
Pembina County,US.ND.PE,7,0,
Rooks County,US.KS.RO,7,0,
Morgan County,US.KY.MG,7,0,
Adams County,US.IA.AM,7,0,
Roosevelt County,US.MT.RO,7,0,
Saline County,US.IL.SE,7,0,
Bosque County,US.TX.BQ,7,0,
Pike County,US.AR.PE,7,0,
Monroe County,US.AR.ME,7,0,
Aransas County,US.TX.AA,7,0,
Wilbarger County,US.TX.WG,7,0,
Pushmataha County,US.OK.PU,7,0,
Bandera County,US.TX.BA,7,0,
Nicholas County,US.WV.NI,7,1,
Livingston County,US.MO.LV,6,0,
Graham County,US.NC.GH,6,0,
Lake County,US.OR.LK,6,0,
Franklin County,US.NE.FA,6,0,
Langlade County,US.WI.LN,6,0,
Grant County,US.MN.GR,6,0,
Noble County,US.OH.NO,6,0,
Oregon County,US.MO.OR,6,0,
Clearwater County,US.MN.CE,6,0,
Coal County,US.OK.CL,6,0,
Cloud County,US.KS.CD,6,0,
Refugio County,US.TX.RF,6,0,
Lincoln County,US.MN.LI,6,0,
Red Willow County,US.NE.RE,6,0,
Lincoln County,US.NM.LI,6,0,
Okfuskee County,US.OK.OF,6,0,
Craig County,US.VA.CG,6,0,
Coos County,US.NH.CO,6,0,
Johnson County,US.NE.JO,6,0,
Avery County,US.NC.AV,6,0,
Tillamook County,US.OR.TI,6,0,
Dickinson County,US.KS.DK,6,0,
Haskell County,US.OK.HS,6,0,
Elk County,US.PA.EL,6,0,
Roseau County,US.MN.RS,6,0,
Jackson County,US.SD.JA,6,0,
Woodson County,US.KS.WO,6,0,
Pike County,US.IN.PI,6,0,
Johnston County,US.OK.JO,6,0,
Rains County,US.TX.RI,6,0,
Pierce County,US.NE.PI,6,0,
Dallas County,US.MO.DL,6,0,
Hand County,US.SD.HD,6,0,
Phelps County,US.MO.PH,6,0,
Crook County,US.WY.CK,6,0,
Hamilton County,US.NY.HA,6,1,
Fall River County,US.SD.FL,6,0,
Childress County,US.TX.CD,6,0,
Kiowa County,US.OK.KO,6,0,
Newton County,US.TX.NE,6,0,
Pratt County,US.KS.PR,6,0,
Carson County,US.TX.CN,6,0,
Gilpin County,US.CO.GI,6,0,
Brooke County,US.WV.BO,6,0,
Chariton County,US.MO.CI,6,0,
Morton County,US.KS.MT,6,0,
Major County,US.OK.MJ,6,1,
Mahnomen County,US.MN.MH,6,1,
Buffalo County,US.WI.BF,6,2,
Morgan County,US.OH.MA,6,0,
Glacier County,US.MT.GC,6,0,
Webster County,US.NE.WE,6,0,
Mercer County,US.ND.ME,6,0,
Giles County,US.VA.GI,6,0,
Caribou County,US.ID.CR,6,0,
Shannon County,US.MO.SN,6,0,
McDowell County,US.WV.MC,6,0,
Burke County,US.ND.BK,5,0,
Morris County,US.KS.MR,5,0,
Carter County,US.MO.CR,5,1,
Owen County,US.KY.OE,5,0,
La Salle County,US.TX.LS,5,0,
Stephens County,US.TX.SE,5,0,
Osage County,US.MO.OS,5,0,
Estill County,US.KY.ES,5,0,
Carlisle County,US.KY.CE,5,1,
Warren County,US.PA.WR,5,0,
Woodruff County,US.AR.WO,5,0,
Cumberland County,US.KY.CU,5,0,
Lawrence County,US.KY.LC,5,0,
Collingsworth County,US.TX.CG,5,0,
Traverse County,US.MN.TR,5,0,
Montmorency County,US.MI.MR,5,0,
Marshall County,US.IL.MH,5,0,
Marshall County,US.SD.MS,5,0,
Bethel Census Area,US.AK.BE,5,0,
Van Buren County,US.TN.VA,5,0,
Crockett County,US.TX.CT,5,0,
Wayne County,US.IA.WY,5,0,
Benzie County,US.MI.BE,5,0,
Ralls County,US.MO.RL,5,0,
Moore County,US.TN.MO,5,0,
Matthews County,US.VA.MT,5,0,
Pershing County,US.NV.PE,5,0,
Cotton County,US.OK.CT,5,2,
Woods County,US.OK.WS,5,0,
Eddy County,US.ND.ED,5,0,
Goshen County,US.WY.GO,5,0,
Edwards County,US.KS.ED,5,0,
Clinton County,US.KY.CO,5,0,
Lincoln County,US.WV.LI,5,0,
Nolan County,US.TX.NO,5,0,
Nome Census Area,US.AK.NM,5,0,
Hickman County,US.KY.HA,5,0,
Plumas County,US.CA.PU,5,0,
Union County,US.NM.UN,5,0,
Cheyenne County,US.CO.CE,5,0,
Scott County,US.AR.SC,5,0,
Madison County,US.NC.MD,5,0,
Gogebic County,US.MI.GO,5,1,
Hubbard County,US.MN.HU,5,0,
Sherman County,US.NE.SM,5,0,
Wyoming County,US.WV.WY,5,0,
Taylor County,US.WI.TA,5,0,
Mercer County,US.MO.MC,5,0,
Spink County,US.SD.SP,5,0,
Tyrrell County,US.NC.TY,5,0,
Lewis County,US.TN.LE,5,0,
Worth County,US.IA.WT,5,0,
Duval County,US.TX.DU,5,0,
Powell County,US.KY.PO,5,0,
Letcher County,US.KY.LT,5,0,
Llano County,US.TX.LL,5,0,
Clay County,US.TX.CY,5,0,
Tucker County,US.WV.TU,5,0,
Douglas County,US.SD.DO,4,0,
Richland County,US.IL.RI,4,0,
Garden County,US.NE.GD,4,0,
Mineral County,US.NV.MI,4,0,
Wallowa County,US.OR.WW,4,0,
Dallas County,US.AR.DA,4,0,
Kane County,US.UT.KA,4,0,
Mitchell County,US.KS.MC,4,0,
Dewey County,US.SD.DW,4,0,
Schoolcraft County,US.MI.SR,4,0,
Haskell County,US.TX.HK,4,0,
De Witt County,US.IL.DW,4,0,
Hardeman County,US.TX.RD,4,0,
Wahkiakum County,US.WA.WH,4,0,
Jack County,US.TX.JK,4,0,
Menominee County,US.WI.MN,4,0,
Garfield County,US.UT.GA,4,1,
Pleasants County,US.WV.PL,4,0,
Jim Hogg County,US.TX.JG,4,0,
Deer Lodge County,US.MT.DE,4,0,
Emmons County,US.ND.EM,4,1,
Worth County,US.MO.WO,4,0,
Jefferson County,US.OK.JE,4,0,
Edmunds County,US.SD.ED,4,0,
Jewell County,US.KS.JW,4,0,
Dewey County,US.OK.DW,4,0,
Quay County,US.NM.QU,4,1,
Coke County,US.TX.OK,4,0,
Bristol city,US.VA.BI,4,0,
Nance County,US.NE.NA,4,0,
Lawrence County,US.IL.LW,4,0,
Winkler County,US.TX.WI,4,0,
Oldham County,US.TX.OL,4,1,
Republic County,US.KS.RP,4,0,
Nicholas County,US.KY.NI,4,0,
Bottineau County,US.ND.BT,4,0,
Lane County,US.KS.LE,4,0,
Fremont County,US.IA.FO,4,0,
Northwest Arctic Borough,US.AK.NW,4,0,
Fremont County,US.ID.FE,4,0,
Breathitt County,US.KY.BT,4,0,
Broadwater County,US.MT.BR,4,0,
Chautauqua County,US.KS.CQ,4,0,
Ottawa County,US.KS.OT,4,0,
Rice County,US.KS.RC,4,0,
Wirt County,US.WV.WI,4,0,
Knott County,US.KY.KT,4,0,
Pickett County,US.TN.PI,4,0,
Bell County,US.KY.BL,4,0,
McCulloch County,US.TX.MC,4,0,
Sargent County,US.ND.SG,4,0,
Petersburg Census Area,US.AK.PB,4,1,
Covington city,US.VA.CV,4,0,
Ness County,US.KS.NS,4,0,
Nemaha County,US.NE.NE,4,0,
Cottle County,US.TX.OT,4,1,
Sierra County,US.NM.SI,4,0,
Martin County,US.TX.MT,4,1,
Trimble County,US.KY.TM,4,0,
Lake County,US.MN.LE,4,0,
Magoffin County,US.KY.MF,4,0,
Tyler County,US.WV.TY,3,0,
Renville County,US.ND.RE,3,0,
Anderson County,US.KS.AN,3,0,
Highland County,US.VA.HA,3,0,
Hanson County,US.SD.HS,3,0,
Atchison County,US.MO.AT,3,0,
Valley County,US.ID.VA,3,0,
Golden Valley County,US.MT.GO,3,0,
Red Lake County,US.MN.RD,3,0,
Ashland County,US.WI.AS,3,0,
Armstrong County,US.TX.AM,3,0,
Richland County,US.MT.RI,3,0,
Ellsworth County,US.KS.EW,3,0,
Glasscock County,US.TX.GC,3,0,
Greeley County,US.NE.GE,3,0,
Archer County,US.TX.AC,3,0,
Essex County,US.VT.ES,3,0,
Miner County,US.SD.ME,3,0,
Sullivan County,US.PA.SL,3,0,
Hinsdale County,US.CO.HI,3,0,
Kiowa County,US.KS.KW,3,0,
Kodiak Island Borough,US.AK.KO,3,0,
Bent County,US.CO.BE,3,0,
Washita County,US.OK.WT,3,0,
Pend Oreille County,US.WA.PE,3,0,
Lac Qui Parle County,US.MN.LC,3,0,
Sheridan County,US.KS.SD,3,0,
Stillwater County,US.MT.ST,3,0,
Pawnee County,US.KS.PN,3,0,
Chase County,US.KS.CS,3,0,
Coleman County,US.TX.CM,3,0,
Stark County,US.IL.SA,3,0,
Norton County,US.KS.NT,3,0,
Lincoln County,US.CO.LI,3,0,
Southeast Fairbanks Census Area,US.AK.SO,3,0,
Box Butte County,US.NE.BX,3,0,
Somervell County,US.TX.SV,3,0,
Braxton County,US.WV.BX,3,0,
Smith County,US.KS.SM,3,0,
Slope County,US.ND.SL,3,0,
Skamania County,US.WA.SM,3,0,
Madison County,US.MO.MD,3,0,
Newton County,US.AR.NW,3,0,
Chippewa County,US.MI.CP,3,0,
Sublette County,US.WY.SU,3,0,
Luce County,US.MI.LU,3,0,
Martin County,US.KY.MI,3,0,
Iron County,US.MI.IR,3,0,
Douglas County,US.MO.DO,3,0,
Bayfield County,US.WI.BY,3,1,
Dickey County,US.ND.DC,3,0,
Wrangell City and Borough,US.AK.WG,3,0,
Howard County,US.MO.HR,3,0,
Huerfano County,US.CO.HU,3,0,
Hughes County,US.OK.HU,3,0,
Hyde County,US.NC.HE,3,0,
Hyde County,US.SD.HY,3,0,
Idaho County,US.ID.ID,3,0,
White Pine County,US.NV.WH,3,0,
Delta County,US.TX.DT,3,0,
Jefferson County,US.MT.JE,3,0,
Washburn County,US.WI.WR,3,0,
Pierce County,US.ND.PI,3,0,
White County,US.IL.WE,3,0,
McPherson County,US.SD.MP,3,0,
Monroe County,US.MO.MR,3,0,
Benson County,US.ND.BE,3,0,
Kingsbury County,US.SD.KI,3,0,
Cheyenne County,US.KS.CN,2,0,
Catron County,US.NM.CA,2,1,
Cameron County,US.PA.CE,2,0,
Burnett County,US.WI.BN,2,1,
Alpine County,US.CA.AP,2,0,
Brooks County,US.TX.BK,2,0,
Alger County,US.MI.AG,2,0,
Franklin County,US.FL.FR,2,0,
Gallatin County,US.IL.GA,2,0,
Clay County,US.IL.CY,2,0,
Comanche County,US.KS.CM,2,0,
Edgar County,US.IL.EG,2,0,
Florence County,US.WI.FL,2,0,
Fisher County,US.TX.FH,2,1,
Calhoun County,US.WV.CH,2,0,
Bennett County,US.SD.BN,2,0,
Custer County,US.CO.CU,2,0,
Custer County,US.ID.CU,2,0,
Custer County,US.SD.CU,2,0,
Elliott County,US.KY.EL,2,0,
Edwards County,US.IL.EW,2,0,
Dickens County,US.TX.DC,2,0,
Ritchie County,US.WV.RI,2,0,
Ziebach County,US.SD.ZI,2,0,
Iron County,US.MO.IR,2,0,
Knox County,US.MO.KN,2,0,
Hamilton County,US.IL.HM,2,0,
Reagan County,US.TX.RG,2,0,
Putnam County,US.MO.PN,2,0,
Osborne County,US.KS.OB,2,0,
Mellette County,US.SD.ML,2,0,
Pike County,US.IL.PK,2,0,
Owsley County,US.KY.OS,2,0,
Price County,US.WI.PC,2,0,
Harper County,US.KS.HP,2,0,
Runnels County,US.TX.RN,2,0,
Hemphill County,US.TX.HH,2,0,
Mitchell County,US.TX.MH,2,0,
Rio Blanco County,US.CO.RB,2,0,
Hall County,US.TX.HA,2,1,
Maries County,US.MO.MS,2,0,
Marion County,US.AR.MN,2,0,
Kidder County,US.ND.KI,2,0,
McHenry County,US.ND.MH,2,1,
San Saba County,US.TX.SS,2,0,
Keith County,US.NE.KT,2,0,
Iron County,US.WI.IR,2,1,
Pondera County,US.MT.PN,2,0,
Phillips County,US.KS.PL,2,0,
Montgomery County,US.AR.MT,2,0,
Taliaferro County,US.GA.TA,2,0,
Piute County,US.UT.PT,2,0,
Lemhi County,US.ID.LM,2,0,
Prince of Wales-Hyder Census Area,US.AK.PH,2,0,
St. Clair County,US.MO.SC,2,0,
Lincoln County,US.NV.LI,2,0,
Grant County,US.ND.GT,2,0,
Mineral County,US.CO.MI,2,0,
Gasconade County,US.MO.GA,2,0,
Grant County,US.OK.GN,2,0,
Roberts County,US.TX.RS,2,0,
Lincoln County,US.WA.LI,2,0,
Norton city,US.VA.NC,2,0,
Trinity County,US.CA.TR,2,0,
Green County,US.KY.GN,2,1,
North Slope Borough,US.AK.NH,2,0,
Reynolds County,US.MO.RE,2,0,
Niobrara County,US.WY.NI,2,0,
Glascock County,US.GA.GS,2,0,
Clark County,US.MO.CK,1,0,
Shelby County,US.MO.SB,1,0,
Keweenaw County,US.MI.KW,1,0,
Wilson County,US.KS.WL,1,0,
Wolfe County,US.KY.WL,1,0,
Shackelford County,US.TX.SC,1,0,
Washington County,US.ME.WS,1,0,
Weston County,US.WY.WE,1,0,
Dawes County,US.NE.DS,1,0,
Boyd County,US.NE.BY,1,0,
Dade County,US.MO.DD,1,0,
Washington County,US.KS.WS,1,0,
Pepin County,US.WI.PE,1,0,
Kimble County,US.TX.KM,1,0,
Motley County,US.TX.MY,1,0,
Cimarron County,US.OK.CO,1,0,
Sioux County,US.NE.SI,1,0,
Nelson County,US.ND.NE,1,0,
Bowman County,US.ND.BW,1,0,
Musselshell County,US.MT.MU,1,0,
Stafford County,US.KS.SF,1,0,
Oliver County,US.ND.OL,1,0,
Lee County,US.KY.LE,1,0,
Steele County,US.ND.SE,1,0,
Cherry County,US.NE.CH,1,0,
Columbia County,US.WA.CM,1,0,
Liberty County,US.MT.LB,1,0,
Stevens County,US.MN.SV,1,0,
Nuckolls County,US.NE.NU,1,0,
Concho County,US.TX.ON,1,0,
Storey County,US.NV.ST,1,0,
Cook County,US.MN.CO,1,0,
Sherman County,US.OR.SH,1,0,
Sheridan County,US.ND.SH,1,0,
Knox County,US.TX.KX,1,0,
Briscoe County,US.TX.BO,1,0,
Kittson County,US.MN.KI,1,0,
Chase County,US.NE.CE,1,0,
Cochran County,US.TX.CC,1,0,
Sully County,US.SD.SU,1,0,
Summers County,US.WV.SU,1,0,
Kinney County,US.TX.KN,1,0,
Thomas County,US.NE.TO,1,0,
Piscataquis County,US.ME.PI,1,0,
Griggs County,US.ND.GI,1,0,
Beaverhead County,US.MT.BE,1,0,
Rosebud County,US.MT.RS,1,0,
Putnam County,US.IL.PT,1,0,
Harding County,US.NM.HA,1,0,
Hardin County,US.IL.HI,1,0,
Hancock County,US.TN.HC,1,0,
Fergus County,US.MT.FE,1,0,
Ferry County,US.WA.FE,1,0,
Real County,US.TX.RL,1,0,
Trego County,US.KS.TR,1,0,
Haines Borough,US.AK.HA,1,0,
Foster County,US.ND.FO,1,0,
Gregory County,US.SD.GE,1,0,
Baker County,US.OR.BA,1,0,
Allen County,US.KS.AL,1,0,
Grant County,US.OR.GR,1,0,
Mills County,US.TX.MS,1,0,
Alfalfa County,US.OK.AL,1,0,
Frontier County,US.NE.FO,1,0,
Camas County,US.ID.CM,1,0,
Yukon-Koyukuk Census Area,US.AK.YU,1,0,
Gove County,US.KS.GO,1,0,
Calhoun County,US.IL.CH,1,0,
Rich County,US.UT.RH,1,0,
Richardson County,US.NE.RI,1,1,
Garfield County,US.NE.GF,1,0,
Harper County,US.OK.HP,1,0,
Harney County,US.OR.HA,1,0,
Meagher County,US.MT.ME,1,0,
Banner County,US.NE.BA,1,0,
Beaver County,US.UT.BV,1,0,
Dent County,US.MO.DN,1,0,
Platte County,US.WY.PL,1,0,
Deuel County,US.SD.DU,1,0,
Sierra County,US.CA.SE,1,0,
Irion County,US.TX.IR,1,0,
Pope County,US.IL.PE,1,0,
Dickenson County,US.VA.DC,1,0,
Baylor County,US.TX.BR,1,0,
Holt County,US.NE.HT,1,0,
Wheatland County,US.MT.WH,1,0,
Dimmit County,US.TX.DM,1,0,
Divide County,US.ND.DV,1,0,
Holt County,US.MO.HL,1,0,
Schuyler County,US.MO.SH,1,0,
McIntosh County,US.ND.MI,1,0,
Hitchcock County,US.NE.HI,1,0,
Texas County,US.MO.TE,1,0,
Thayer County,US.NE.TA,1,0,
Barber County,US.KS.AB,1,0,
Hill County,US.MT.HI,1,0,
Baraga County,US.MI.BA,1,0,
San Juan County,US.CO.SJ,1,0,
Scott County,US.IL.SO,0,0,
Brown County,US.NE.BW,0,0,
Butte County,US.SD.BT,0,0,
Butte County,US.ID.BT,0,0,
Bristol Bay Borough,US.AK.BR,0,0,
Mora County,US.NM.MO,0,0,
Modoc County,US.CA.MC,0,0,
Petroleum County,US.MT.PO,0,0,
Sanders County,US.MT.SA,0,0,
Arthur County,US.NE.AR,0,0,
Powder River County,US.MT.PD,0,0,
Russell County,US.KS.RS,0,0,
Powell County,US.MT.PL,0,0,
Rush County,US.KS.RH,0,0,
Prairie County,US.MT.PR,0,0,
Yakutat City and Borough,US.AK.YA,0,0,
Roger Mills County,US.OK.RR,0,0,
Boundary County,US.ID.BD,0,0,
Rawlins County,US.KS.RA,0,0,
Rock County,US.NE.RO,0,0,
Robertson County,US.KY.RB,0,0,
Aleutians West Census Area,US.AK.AW,0,0,
Aleutians East Borough,US.AK.AE,0,0,
Adams County,US.ND.AD,0,0,
Bath County,US.VA.BA,0,0,
Potter County,US.SD.PO,0,0,
Bear Lake County,US.ID.BK,0,0,
Phillips County,US.MT.PH,0,0,
Calhoun County,US.AR.CA,0,0,
Perkins County,US.SD.PR,0,0,
Perkins County,US.NE.PE,0,0,
Pawnee County,US.NE.PA,0,0,
Billings County,US.ND.BI,0,0,
Blaine County,US.MT.BL,0,0,
Ozark County,US.MO.OZ,0,0,
Blaine County,US.NE.BL,0,0,
Bland County,US.VA.BL,0,0,
Boise County,US.ID.BS,0,0,
Ontonagon County,US.MI.ON,0,0,
Oneida County,US.ID.ON,0,0,
Borden County,US.TX.BD,0,0,
Mineral County,US.MT.MN,0,0,
Garfield County,US.WA.GF,0,0,
Wichita County,US.KS.WH,0,0,
Dillingham Census Area,US.AK.DI,0,0,
Hettinger County,US.ND.HE,0,0,
Hickory County,US.MO.HC,0,0,
Wallace County,US.KS.WA,0,0,
Throckmorton County,US.TX.TH,0,0,
Thomas County,US.KS.TH,0,0,
Dundy County,US.NE.DY,0,0,
Teton County,US.MT.TE,0,0,
Dolores County,US.CO.DO,0,0,
Doddridge County,US.WV.DO,0,0,
Terrell County,US.TX.TL,0,0,
Edwards County,US.TX.ED,0,0,
Hooker County,US.NE.HO,0,0,
Hoonah-Angoon Census Area,US.AK.HH,0,0,
Issaquena County,US.MS.IS,0,0,
Deuel County,US.NE.DL,0,0,
Denali Borough,US.AK.DE,0,0,
Jackson County,US.CO.JA,0,0,
Jeff Davis County,US.TX.JF,0,0,
Decatur County,US.KS.DC,0,0,
Sweet Grass County,US.MT.SW,0,0,
Hayes County,US.NE.HY,0,0,
Elk County,US.KS.EK,0,0,
Wibaux County,US.MT.WI,0,0,
Greeley County,US.KS.GL,0,0,
Garfield County,US.MT.GF,0,0,
Gilliam County,US.OR.GI,0,0,
Golden Valley County,US.ND.GO,0,0,
Graham County,US.KS.GH,0,0,
Upton County,US.TX.UP,0,0,
Granite County,US.MT.GN,0,0,
Valdez-Cordova Census Area,US.AK.VA,0,0,
Grant County,US.NE.GA,0,0,
Valley County,US.MT.VA,0,0,
Haakon County,US.SD.HA,0,0,
Harmon County,US.OK.HM,0,0,
Foard County,US.TX.FD,0,0,
Treasure County,US.MT.TR,0,0,
Fallon County,US.MT.FA,0,0,
Eureka County,US.NV.EU,0,0,
Towner County,US.ND.TO,0,0,
Esmeralda County,US.NV.ES,0,0,
Harding County,US.SD.HR,0,0,
Harlan County,US.NE.HR,0,0,
Ellis County,US.OK.EL,0,0,
Sutton County,US.TX.ST,0,0,
De Baca County,US.NM.DE,0,0,
Dawson County,US.MT.DW,0,0,
Cavalier County,US.ND.CV,0,0,
Logan County,US.NE.LG,0,0,
Clark County,US.ID.CA,0,0,
Chouteau County,US.MT.CH,0,0,
Loup County,US.NE.LU,0,0,
Loving County,US.TX.LI,0,0,
Shoshone County,US.ID.SH,0,0,
Webster County,US.WV.WB,0,0,
Sheridan County,US.NE.SD,0,0,
Sheridan County,US.MT.SH,0,0,
Marshall County,US.KS.MS,0,0,
Jones County,US.SD.JO,0,0,
McCone County,US.MT.MC,0,0,
Carter County,US.MT.CT,0,0,
Wheeler County,US.NE.WH,0,0,
Wheeler County,US.OR.WE,0,0,
McMullen County,US.TX.MM,0,0,
McPherson County,US.NE.MC,0,0,
Campbell County,US.SD.CP,0,0,
Menard County,US.TX.EN,0,0,
Sedgwick County,US.CO.SE,0,0,
Skagway Municipality,US.AK.SW,0,0,
Logan County,US.ND.LO,0,0,
Logan County,US.KS.LG,0,0,
Clearwater County,US.ID.CE,0,0,
Daniels County,US.MT.DN,0,0,
Judith Basin County,US.MT.JU,0,0,
Kalawao County,US.HI.KL,0,0,
Daggett County,US.UT.DG,0,0,
Kenedy County,US.TX.KE,0,0,
Kent County,US.TX.KT,0,0,
Keya Paha County,US.NE.KY,0,0,
Culberson County,US.TX.UL,0,0,
King County,US.TX.KG,0,0,
Kingman County,US.KS.KM,0,0,
Kiowa County,US.CO.KO,0,0,
Kusilvak Census Area,US.AK.WA,0,0,
Stonewall County,US.TX.SA,0,0,
Lake and Peninsula Borough,US.AK.LA,0,0,
Lake of the Woods County,US.MN.LO,0,0,
Sterling County,US.TX.SI,0,0,
Lewis County,US.ID.LW,0,0,
Wayne County,US.MO.WY,0,0,
Lincoln County,US.KS.LC,0,0,
Wayne County,US.UT.WE,0,0,
