County,hasc,confirmed,death,recovered
Cook County,US.IL.CO,86179,4333,
Los Angeles County,US.CA.LO,78227,3027,
Queens County,US.NY.QU,64268,6463,
Kings County,US.NY.KI,58502,6965,
Bronx County,US.NY.BN,46830,4619,
Nassau County,US.NY.NA,41349,2171,
Suffolk County,US.NY.SF,40810,1961,
Westchester County,US.NY.WE,34409,1410,
New York County,US.NY.NE,27760,3038,
Maricopa County,US.AZ.MA,23880,598,
Miami-Dade County,US.FL.DA,23854,859,
Middlesex County,US.MA.MI,23407,1788,
Wayne County,US.MI.WY,21941,2680,
Philadelphia County,US.PA.PH,20276,1540,
Suffolk County,US.MA.SU,19477,963,
Bergen County,US.NJ.BE,18949,1684,
Hudson County,US.NJ.HD,18744,1256,
Essex County,US.NJ.ES,18499,1758,
Harris County,US.TX.RR,18157,298,
Prince George's County,US.MD.PR,17666,649,
Passaic County,US.NJ.PA,16706,1009,
Middlesex County,US.NJ.MI,16547,1094,
Fairfield County,US.CT.FA,16398,1352,
Union County,US.NJ.UN,16291,1131,
Essex County,US.MA.ES,15739,1063,
Dallas County,US.TX.DS,15256,302,
Richmond County,US.NY.RI,13900,1029,
Montgomery County,US.MD.MO,13862,707,
Rockland County,US.NY.RO,13474,506,
Fairfax County,US.VA.FX,13209,431,
Riverside County,US.CA.RI,12467,408,
Providence County,US.RI.PR,12363,467,
New Haven County,US.CT.NH,12105,1052,
Worcester County,US.MA.WO,12050,889,
Oakland County,US.MI.OD,11425,1071,
Hartford County,US.CT.HA,11322,1336,
Marion County,US.IN.MO,10852,661,
Orange County,US.NY.OE,10604,369,
Hennepin County,US.MN.HE,10512,732,
Broward County,US.FL.BO,10111,365,
San Diego County,US.CA.SD,10092,331,
Milwaukee County,US.WI.MU,9945,360,
Washington,US.DC.DI,9903,527,
Palm Beach County,US.FL.PL,9854,450,
Clark County,US.NV.CL,9535,387,
Ocean County,US.NJ.OC,9351,835,
Orange County,US.CA.OR,9292,250,
Lake County,US.IL.LK,9207,392,
King County,US.WA.KN,8963,597,
Norfolk County,US.MA.NO,8935,905,
Monmouth County,US.NJ.MN,8830,692,
DuPage County,US.IL.DU,8574,443,
Plymouth County,US.MA.PL,8555,636,
Jefferson Parish,US.LA.JF,8507,472,
San Bernardino County,US.CA.SA,8454,230,
Salt Lake County,US.UT.SL,8140,100,
Montgomery County,US.PA.MG,8014,773,
Bristol County,US.MA.BR,7979,534,
Tarrant County,US.TX.TN,7822,199,
Mecklenburg County,US.NC.MB,7804,130,
Franklin County,US.OH.FR,7487,342,
Orleans Parish,US.LA.OR,7448,523,
Mercer County,US.NJ.ME,7416,524,
Baltimore County,US.MD.BC,7363,437,
Shelby County,US.TN.SY,7290,158,
Davidson County,US.TN.DA,7253,93,
Kane County,US.IL.KE,7233,241,
Macomb County,US.MI.MB,7112,897,
Camden County,US.NJ.CM,7061,415,
Delaware County,US.PA.DE,6981,631,
Erie County,US.NY.ER,6920,560,
Baltimore City,US.MD.BA,6906,309,
Prince William County,US.VA.PW,6684,127,
Morris County,US.NJ.MR,6652,638,
Hampden County,US.MA.HD,6537,646,
Denver County,US.CO.DN,6493,366,
Will County,US.IL.WL,6256,309,
Douglas County,US.NE.DG,6058,72,
Gwinnett County,US.GA.GW,5843,159,
Yakima County,US.WA.YA,5777,128,
Bucks County,US.PA.BC,5498,549,
St. Louis County,US.MO.SL,5474,541,
Cuyahoga County,US.OH.CU,5404,327,
Fulton County,US.GA.FU,5382,301,
Polk County,US.IA.PK,5297,164,
Bexar County,US.TX.BX,5142,90,
Travis County,US.TX.TV,4991,108,
Burlington County,US.NJ.BU,4954,367,
Arapahoe County,US.CO.AA,4885,339,
Anne Arundel County,US.MD.AN,4835,196,
Somerset County,US.NJ.SO,4786,438,
Pima County,US.AZ.PM,4682,235,
Imperial County,US.CA.IM,4659,60,
Alameda County,US.CA.AA,4638,117,
Hillsborough County,US.FL.HL,4610,105,
DeKalb County,US.GA.DA,4590,159,
Kent County,US.MI.KN,4526,118,
New Castle County,US.DE.NE,4470,196,
Sussex County,US.DE.SU,4431,151,
Berks County,US.PA.BK,4359,342,
Lake County,US.IN.LK,4297,232,
East Baton Rouge Parish,US.LA.EB,4218,260,
Ramsey County,US.MN.RA,4128,205,
Dutchess County,US.NY.DU,4088,148,
El Paso County,US.TX.EP,4088,119,
Lehigh County,US.PA.LH,3997,276,
Orange County,US.FL.OR,3900,48,
Lancaster County,US.PA.LN,3867,341,
Adams County,US.CO.AD,3819,149,
Cobb County,US.GA.CB,3773,224,
Yuma County,US.AZ.YU,3635,43,
Kern County,US.CA.KE,3590,58,
Hamilton County,US.OH.HM,3508,181,
Minnehaha County,US.SD.MN,3503,54,
Loudoun County,US.VA.LD,3499,82,
Jefferson County,US.KY.JF,3481,182,
Monroe County,US.NY.MR,3439,232,
Chester County,US.PA.CH,3397,312,
Wake County,US.NC.WK,3385,43,
Santa Clara County,US.CA.SL,3363,152,
Lee County,US.FL.LE,3354,138,
Greenville County,US.SC.GV,3306,70,
Northampton County,US.PA.NA,3270,249,
Snohomish County,US.WA.SN,3200,160,
Montgomery County,US.AL.MT,3101,75,
Hillsborough County,US.NH.HI,3060,214,
Fresno County,US.CA.FR,3058,62,
Woodbury County,US.IA.WO,3035,42,
San Francisco County,US.CA.SF,3020,47,
Tulare County,US.CA.TL,3004,107,
McKinley County,US.NM.MC,2987,152,
Durham County,US.NC.DH,2912,57,
Hall County,US.GA.HL,2894,58,
Pinellas County,US.FL.PI,2887,112,
Collier County,US.FL.CL,2883,61,
Navajo County,US.AZ.NA,2874,93,
Utah County,US.UT.UT,2861,19,
Mobile County,US.AL.MB,2856,131,
Luzerne County,US.PA.LU,2845,170,
Caddo Parish,US.LA.CO,2831,217,
Potter County,US.TX.PT,2811,38,
Winnebago County,US.IL.WN,2796,81,
Jackson County (including other portions of Kansas City),US.MO.JC,2764,52,
Cumberland County,US.NJ.CU,2755,118,
Jefferson County,US.AL.JE,2749,124,
Marion County,US.OH.MR,2713,34,
Weld County,US.CO.WE,2698,136,
San Mateo County,US.CA.SM,2678,99,
Fort Bend County,US.TX.FR,2667,50,
Onondaga County,US.NY.OG,2615,158,
Genesee County,US.MI.GE,2605,283,
Atlantic County,US.NJ.AT,2583,187,
Brown County,US.WI.BW,2520,39,
Jefferson County,US.CO.JE,2508,202,
Lucas County,US.OH.LU,2468,291,
Richland County,US.SC.RI,2446,74,
Gloucester County,US.NJ.GL,2438,167,
Elkhart County,US.IN.EL,2400,36,
Arlington County,US.VA.AR,2382,126,
Chesterfield County,US.VA.CD,2375,40,
Forsyth County,US.NC.FO,2372,27,
Howard County,US.MD.HO,2348,79,
Henrico County,US.VA.HC,2342,138,
Frederick County,US.MD.FR,2342,115,
Allen County,US.IN.AL,2324,91,
Duval County,US.FL.DU,2309,60,
Santa Barbara County,US.CA.SB,2253,22,
Guilford County,US.NC.GU,2230,98,
Pierce County,US.WA.PI,2199,89,
Alexandria City,US.VA.AX,2186,48,
San Juan County,US.NM.SJ,2148,152,
Washington County,US.AR.WA,2141,15,
Pickaway County,US.OH.PC,2131,40,
Stearns County,US.MN.SR,2122,19,
Allegheny County,US.PA.AL,2122,177,
Contra Costa County,US.CA.CN,2111,55,
Washoe County,US.NV.WA,2106,72,
Cass County,US.ND.CS,2091,63,
City of St. Louis,US.MO.SY,2086,148,
Apache County,US.AZ.AP,2059,61,
Racine County,US.WI.RA,2053,56,
Albany County,US.NY.AB,2034,108,
El Paso County,US.CO.EL,2024,109,
Kings County,US.CA.KI,1976,10,
Collin County,US.TX.CI,1967,38,
St. Tammany Parish,US.LA.ST,1966,170,
Hamilton County,US.TN.HL,1956,22,
Tulsa County,US.OK.TU,1945,65,
Sacramento County,US.CA.SC,1940,66,
San Joaquin County,US.CA.SJ,1926,45,
Ford County,US.KS.FO,1897,10,
Richmond City,US.VA.RC,1895,29,
Denton County,US.TX.DN,1893,36,
Rutherford County,US.TN.RU,1888,32,
Pinal County,US.AZ.PN,1888,47,
Walker County,US.TX.WK,1885,28,
McHenry County,US.IL.MY,1884,89,
Ouachita Parish,US.LA.OU,1881,66,
Oklahoma County,US.OK.OL,1861,65,
Black Hawk County,US.IA.BL,1853,56,
Dougherty County,US.GA.DH,1840,151,
Anoka County,US.MN.AN,1810,94,
Dakota County,US.MN.DA,1805,76,
Wyandotte County,US.KS.WY,1783,76,
Bernalillo County,US.NM.BE,1763,81,
Ventura County,US.CA.VE,1753,42,
Ulster County,US.NY.UL,1746,81,
Dakota County,US.NE.DK,1735,29,
Summit County,US.OH.SU,1722,196,
Dauphin County,US.PA.DA,1708,116,
Polk County,US.FL.PO,1702,76,
Multnomah County,US.OR.MU,1665,68,
Benton County,US.AR.BE,1657,11,
Buena Vista County,US.IA.BV,1623,10,
Nobles County,US.MN.NB,1621,6,
Mahoning County,US.OH.MH,1619,218,
St. Joseph County,US.IN.SN,1612,53,
Lackawanna County,US.PA.LC,1611,200,
Cass County,US.IN.CS,1609,9,
Washtenaw County,US.MI.WS,1598,103,
Kent County,US.DE.KE,1584,84,
Hall County,US.NE.HL,1569,45,
Lancaster County,US.NE.LA,1569,10,
Wayne County,US.NC.WY,1565,20,
Horry County,US.SC.HO,1560,35,
Brazoria County,US.TX.BI,1558,18,
Manatee County,US.FL.MN,1548,122,
Finney County,US.KS.FI,1545,10,
St. Clair County,US.IL.SI,1538,123,
Clayton County,US.GA.CN,1532,75,
Barnstable County,US.MA.BA,1502,135,
Cumberland County,US.ME.CU,1493,58,
Galveston County,US.TX.GV,1486,40,
Tuscaloosa County,US.AL.TU,1481,28,
Trousdale County,US.TN.TR,1464,5,
Litchfield County,US.CT.LI,1447,135,
Coconino County,US.AZ.CO,1439,88,
Sullivan County,US.NY.SL,1434,35,
Montgomery County,US.TX.MG,1428,33,
Rockingham County,US.NH.RO,1424,81,
Stanislaus County,US.CA.ST,1404,35,
Charleston County,US.SC.CS,1403,17,
Pulaski County,US.AR.PU,1394,48,
Kenosha County,US.WI.KN,1392,36,
Hinds County,US.MS.HI,1390,29,
Monroe County,US.PA.MR,1363,105,
Hamilton County,US.IN.HM,1349,96,
Hidalgo County,US.TX.HG,1347,19,
Jefferson County,US.TX.JE,1340,32,
Manassas City,US.VA.MS,1337,14,
Oneida County,US.NY.OD,1332,84,
Martin County,US.FL.MT,1324,19,
Lafayette Parish,US.LA.LY,1302,32,
Warren County,US.KY.WR,1302,10,
Cameron County,US.TX.CA,1301,47,
Lexington County,US.SC.LX,1298,42,
Putnam County,US.NY.PU,1295,62,
Charles County,US.MD.CH,1294,86,
Hendricks County,US.IN.HD,1286,93,
Benton County,US.WA.BE,1268,75,
Duplin County,US.NC.DP,1257,20,
Middlesex County,US.CT.MI,1246,172,
Marion County,US.OR.MR,1244,33,
Hays County,US.TX.HY,1238,5,
Rapides Parish,US.LA.RA,1229,47,
Lebanon County,US.PA.LB,1210,40,
Santa Cruz County,US.AZ.SA,1210,13,
York County,US.PA.YO,1209,35,
Warren County,US.NJ.WA,1205,139,
New London County,US.CT.NL,1203,101,
Johnson County,US.IN.JO,1185,116,
Niagara County,US.NY.NI,1183,84,
Saginaw County,US.MI.SG,1174,120,
Boulder County,US.CO.BO,1173,70,
Sussex County,US.NJ.SU,1170,151,
Butler County,US.OH.BU,1153,36,
Johnson County,US.KS.JO,1139,73,
Muscogee County,US.GA.MG,1136,33,
Cache County,US.UT.CA,1136,1,
Sumner County,US.TN.SN,1130,49,
Kent County,US.RI.KE,1128,67,
Kankakee County,US.IL.KK,1121,61,
Monterey County,US.CA.MT,1121,12,
Fayette County,US.KY.FA,1120,18,
Montgomery County,US.OH.MT,1118,18,
Leavenworth County,US.KS.LV,1118,7,
Escambia County,US.FL.ES,1089,40,
Spartanburg County,US.SC.SP,1088,36,
Franklin County,US.WA.FR,1081,28,
Tangipahoa Parish,US.LA.TA,1078,42,
Cherokee County,US.GA.CE,1073,39,
Williamson County,US.TX.WM,1068,32,
St. Lucie County,US.FL.SL,1057,40,
Volusia County,US.FL.VO,1057,51,
Hunterdon County,US.NJ.HN,1049,67,
Linn County,US.IA.LI,1048,80,
Dallas County,US.IA.DL,1048,28,
Ada County,US.ID.AA,1043,22,
Wicomico County,US.MD.WI,1036,37,
Harford County,US.MD.HA,1036,61,
Lubbock County,US.TX.LU,1031,51,
Robeson County,US.NC.RB,1027,23,
Brazos County,US.TX.BZ,1025,25,
Accomack County,US.VA.AC,1018,14,
Dane County,US.WI.DA,1017,32,
Carroll County,US.MD.CR,1010,108,
Anderson County,US.TX.AE,1003,2,
Marshall County,US.AL.MS,1001,9,
Lafourche Parish,US.LA.LO,998,78,
Randolph County,US.NC.RA,997,22,
Lincoln County,US.AR.LC,995,11,
Kalamazoo County,US.MI.KA,977,64,
Seminole County,US.FL.SE,976,14,
Texas County,US.OK.TE,976,6,
Washington County,US.OR.WI,975,20,
Johnston County,US.NC.JH,968,26,
Sarpy County,US.NE.SY,967,8,
Ascension Parish,US.LA.AE,961,58,
Waukesha County,US.WI.WK,958,36,
Rowan County,US.NC.RW,957,38,
Marshall County,US.IA.MS,952,18,
Cumberland County,US.NC.CU,948,30,
Ottawa County,US.MI.OT,941,51,
Columbiana County,US.OH.CL,940,58,
Virginia Beach City,US.VA.VI,936,27,
Hampshire County,US.MA.HS,936,106,
St. Charles County,US.MO.SA,933,68,
Osceola County,US.FL.OS,926,22,
Madison County,US.MS.MD,922,31,
Seward County,US.KS.SW,920,2,
Stafford County,US.VA.SF,917,5,
Jones County,US.MS.JO,910,44,
Stark County,US.OH.ST,908,105,
Henry County,US.GA.HY,907,31,
St. John the Baptist Parish,US.LA.SO,904,83,
Kendall County,US.IL.KA,899,20,
Neshoba County,US.MS.NS,893,56,
Tolland County,US.CT.TO,892,64,
Troup County,US.GA.TP,887,25,
Spokane County,US.WA.SP,880,37,
Moore County,US.TX.MO,876,14,
Burke County,US.NC.BK,872,16,
Florence County,US.SC.FL,871,44,
Harrisonburg City,US.VA.HS,870,23,
Spotsylvania County,US.VA.SP,862,17,
Franklin County,US.PA.FR,855,42,
Dawson County,US.NE.DN,847,8,
Berrien County,US.MI.BN,843,60,
Chatham County,US.NC.CH,841,39,
Alamance County,US.NC.AA,838,35,
Marin County,US.CA.MN,837,18,
Sarasota County,US.FL.SR,833,92,
Washington County,US.MN.WH,833,37,
Olmsted County,US.MN.OL,832,13,
Lowndes County,US.GA.LW,829,4,
Terrebonne Parish,US.LA.TR,826,58,
Douglas County,US.CO.DU,825,50,
Calcasieu Parish,US.LA.CC,824,52,
Lorain County,US.OH.LR,822,64,
Ingham County,US.MI.IH,819,29,
Lauderdale County,US.MS.LU,818,75,
Solano County,US.CA.SN,811,23,
Sonoma County,US.CA.SO,803,4,
Webb County,US.TX.WB,803,22,
Sampson County,US.NC.SP,802,4,
Union County,US.NC.UN,802,22,
Lee County,US.AL.LE,800,35,
Buchanan County,US.MO.BC,800,3,
Culpeper County,US.VA.CP,790,9,
DeSoto County,US.MS.DE,790,14,
Sedgwick County,US.KS.SG,790,25,
St. Francis County,US.AR.SI,781,3,
Rock County,US.WI.RO,773,22,
Cabarrus County,US.NC.CR,773,25,
Madison County,US.IL.MD,771,66,
Randall County,US.TX.RA,769,6,
Rock Island County,US.IL.RO,766,28,
Franklin County,US.AL.FR,764,10,
Champaign County,US.IL.CM,761,10,
Muskegon County,US.MI.MG,759,46,
Cumberland County,US.PA.CU,758,61,
Mower County,US.MN.MW,744,2,
Williamson County,US.TN.WL,742,12,
Davis County,US.UT.DA,739,4,
Schenectady County,US.NY.SN,738,32,
Salem County,US.NJ.SA,736,64,
Rice County,US.MN.RI,733,4,
Shelby County,US.AL.SH,730,20,
York County,US.SC.YO,728,11,
Bell County,US.TX.BL,722,9,
Beaufort County,US.SC.BA,721,15,
Richmond County,US.GA.RI,721,41,
Colquitt County,US.GA.CQ,720,17,
Morgan County,US.AL.MG,708,2,
Kenton County,US.KY.KE,706,36,
Chatham County,US.GA.CM,705,31,
Norfolk City,US.VA.NF,704,7,
Schuylkill County,US.PA.SC,702,43,
Granville County,US.NC.GN,701,17,
Douglas County,US.GA.DL,701,34,
Hendry County,US.FL.HR,700,21,
Forrest County,US.MS.FO,697,41,
Chesapeake City,US.VA.CS,697,16,
Scott County,US.MS.SC,696,12,
Whitfield County,US.GA.WF,693,10,
Davidson County,US.NC.DD,691,15,
Sumter County,US.SC.SU,690,19,
Lake County,US.TN.LK,689,0,
Washington County,US.UT.WN,689,3,
Brevard County,US.FL.BE,688,16,
Dona Ana County,US.NM.DO,685,6,
Johnson County,US.IA.JH,685,8,
Trumbull County,US.OH.TR,682,54,
Wapello County,US.IA.WP,681,26,
Cape May County,US.NJ.CP,680,62,
Mohave County,US.AZ.MO,676,72,
Robertson County,US.TN.RB,670,9,
St. Charles Parish,US.LA.SC,667,46,
Larimer County,US.CO.LR,661,29,
Broome County,US.NY.BO,657,56,
Sandoval County,US.NM.SD,656,27,
Colfax County,US.NE.CO,653,4,
Walker County,US.AL.WK,652,8,
Platte County,US.NE.PL,649,2,
Morgan County,US.CO.MN,647,46,
Madison County,US.AL.MD,646,6,
Dodge County,US.NE.DE,645,6,
Rockingham County,US.VA.RG,641,7,
Jefferson County,US.AR.JE,637,28,
Titus County,US.TX.TU,636,4,
Clark County,US.WA.CR,635,28,
Logan County,US.CO.LO,634,5,
Eagle County,US.CO.EA,633,8,
Putnam County,US.TN.PU,630,6,
Crawford County,US.IA.CW,629,2,
Habersham County,US.GA.HB,628,33,
Forsyth County,US.GA.FO,627,14,
Pasco County,US.FL.PS,627,16,
Acadia Parish,US.LA.AD,625,32,
Lee County,US.NC.LE,625,6,
Carroll County,US.GA.CL,621,39,
Gaston County,US.NC.GS,621,9,
Iberville Parish,US.LA.IV,618,43,
Madison County,US.IN.MD,618,62,
Beaver County,US.PA.BA,616,77,
Elmore County,US.AL.EL,616,10,
Bledsoe County,US.TN.BE,613,1,
Porter County,US.IN.PR,606,36,
Cleveland County,US.OK.CV,605,40,
Jones County,US.TX.JN,604,0,
Alachua County,US.FL.AL,600,11,
St. Mary's County,US.MD.SA,595,44,
Washington County,US.MD.WA,595,24,
Knox County,US.TN.KN,594,5,
Weber County,US.UT.WB,588,9,
Bibb County,US.GA.BI,586,37,
Clark County,US.IN.CK,585,43,
Berkshire County,US.MA.BE,584,42,
Lake County,US.FL.LK,583,19,
St. Bernard Parish,US.LA.SE,580,23,
Bartow County,US.GA.BT,579,39,
Muscatine County,US.IA.MU,577,43,
Chittenden County,US.VT.CH,574,39,
Livingston Parish,US.LA.LV,573,33,
Monroe County,US.MI.MO,571,21,
Lee County,US.AR.LE,570,1,
Dallas County,US.AL.DL,570,6,
Winnebago County,US.WI.WA,569,10,
Clark County,US.OH.CK,568,8,
Butler County,US.AL.BT,566,25,
Wilson County,US.TN.WO,565,14,
Rankin County,US.MS.RA,563,10,
Crittenden County,US.AR.CD,562,10,
Bartholomew County,US.IN.BA,562,42,
Washington Parish,US.LA.WO,560,43,
Boone County,US.KY.BO,557,23,
Kandiyohi County,US.MN.KD,553,1,
Charlotte County,US.FL.CH,553,74,
Buckingham County,US.VA.BK,552,3,
Wilkes County,US.NC.WE,551,6,
Scott County,US.MN.SC,551,4,
Warren County,US.OH.WR,549,20,
Pottawattamie County,US.IA.PT,549,11,
Boone County,US.IL.BO,546,19,
Wilson County,US.NC.WO,545,15,
Coweta County,US.GA.CA,544,14,
Tipton County,US.TN.TI,541,4,
Merced County,US.CA.MD,538,8,
Clackamas County,US.OR.CC,538,22,
Sumter County,US.GA.SU,531,49,
Livingston County,US.MI.LI,530,28,
Shenandoah County,US.VA.SN,530,27,
Bossier Parish,US.LA.BO,528,28,
Honolulu County,US.HI.HO,526,11,
Saratoga County,US.NY.SR,526,15,
Saline County,US.NE.SL,525,2,
St. Clair County,US.MI.SA,518,48,
Blaine County,US.ID.BL,517,5,
Washington County,US.RI.WA,516,50,
Clay County,US.MN.CA,516,37,
Rensselaer County,US.NY.RE,515,30,
Pitt County,US.NC.PI,507,3,
Tippecanoe County,US.IN.TP,506,7,
Sevier County,US.AR.SV,506,5,
DeKalb County,US.IL.DK,505,18,
Tallapoosa County,US.AL.TP,505,69,
Twin Falls County,US.ID.TW,504,25,
Westmoreland County,US.PA.WE,502,38,
Calhoun County,US.MI.CU,501,30,
Chambers County,US.AL.CM,501,26,
Erie County,US.PA.ER,497,9,
Orange County,US.NC.OR,497,40,
Leake County,US.MS.LK,496,16,
Leon County,US.FL.LO,495,8,
Howard County,US.IN.HO,492,47,
Ellis County,US.TX.EI,490,19,
Jackson County,US.MI.JA,488,30,
Pike County,US.PA.PI,487,20,
Walworth County,US.WI.WL,487,17,
Kershaw County,US.SC.KE,485,15,
Catawba County,US.NC.CB,485,10,
Muhlenberg County,US.KY.MU,482,8,
Grayson County,US.TX.GO,481,4,
Houston County,US.GA.HO,481,20,
Iredell County,US.NC.IR,479,6,
LaPorte County,US.IN.LA,479,25,
Buncombe County,US.NC.BO,478,29,
Holmes County,US.MS.HO,477,35,
Skagit County,US.WA.SG,474,15,
Beadle County,US.SD.BA,472,6,
Windham County,US.CT.WI,472,14,
Belmont County,US.OH.BE,472,21,
Henderson County,US.NC.HN,471,48,
Tift County,US.GA.TI,470,23,
Lyon County,US.KS.LY,469,6,
Whatcom County,US.WA.WA,467,39,
Shawnee County,US.KS.SN,465,8,
Placer County,US.CA.PA,460,9,
Iberia Parish,US.LA.II,459,42,
Berkeley County,US.SC.BK,458,20,
Newton County,US.GA.NE,458,11,
Cecil County,US.MD.CE,456,29,
Clay County,US.FL.CY,456,32,
Summit County,US.UT.SU,453,0,
York County,US.ME.YO,451,11,
New Hanover County,US.NC.NE,449,5,
Columbus County,US.NC.CM,446,33,
Frederick County,US.VA.FK,444,4,
Paulding County,US.GA.PA,443,13,
Columbia County,US.NY.CU,443,47,
Androscoggin County,US.ME.AN,441,4,
St. Martin Parish,US.LA.SR,441,26,
Harnett County,US.NC.HT,435,30,
Vance County,US.NC.VA,434,35,
Baldwin County,US.GA.BD,433,32,
Mitchell County,US.GA.MT,432,38,
Pennington County,US.SD.PN,430,9,
Orangeburg County,US.SC.OR,430,6,
Tama County,US.IA.TM,429,29,
Jackson County,US.IN.JC,427,3,
Dodge County,US.WI.DD,426,5,
Copiah County,US.MS.CP,425,7,
Nueces County,US.TX.NU,420,4,
Scott County,US.IA.SC,417,10,
Barrow County,US.GA.BW,412,25,
DeSoto County,US.FL.DE,412,10,
Franklin Parish,US.LA.FR,412,14,
Peoria County,US.IL.PI,411,21,
Delaware County,US.OH.DL,410,15,
Lowndes County,US.AL.LO,410,15,
Wayne County,US.MS.WY,409,8,
Tuscarawas County,US.OH.TU,408,9,
Berkeley County,US.WV.BE,408,9,
Shelby County,US.IN.SH,407,24,
Delaware County,US.IN.DL,405,44,
Bedford County,US.TN.BD,404,4,
Medina County,US.OH.MD,404,31,
Ashtabula County,US.OH.AB,402,41,
Yavapai County,US.AZ.YA,402,7,
Portsmouth City,US.VA.PR,402,13,
Newport News City,US.VA.NN,402,10,
Baldwin County,US.AL.BD,401,9,
Autauga County,US.AL.AU,400,8,
Fauquier County,US.VA.FQ,399,6,
Floyd County,US.GA.FL,397,15,
Dubuque County,US.IA.DU,396,22,
St. Landry Parish,US.LA.SL,393,55,
Manassas Park city,US.VA.MP,393,5,
Harrison County,US.MS.HR,393,7,
Miami County,US.OH.MM,393,30,
Fairfield County,US.OH.FI,392,12,
Merrimack County,US.NH.ME,392,18,
Wright County,US.MN.WR,391,2,
Jefferson County,US.MO.JE,389,19,
San Luis Obispo County,US.CA.SS,389,1,
Columbia County,US.PA.CO,389,33,
Oktibbeha County,US.MS.OK,386,18,
Jackson County,US.MS.JC,385,16,
Leflore County,US.MS.LL,385,47,
Calvert County,US.MD.CL,385,23,
Bowie County,US.TX.BW,384,8,
Sangamon County,US.IL.SM,383,31,
Coffee County,US.GA.CF,382,15,
Hancock County,US.IN.HC,382,30,
Todd County,US.MN.TO,381,2,
Boone County,US.IN.BO,380,39,
Hanover County,US.VA.HV,380,25,
Bay County,US.MI.BY,378,29,
Canyon County,US.ID.CN,376,6,
Anderson County,US.SC.AN,375,10,
Lee County,US.GA.LE,375,22,
San Juan County,US.UT.SJ,374,7,
Union Parish,US.LA.UN,372,20,
Sioux County,US.IA.SI,372,0,
Craighead County,US.AR.CG,372,5,
Daviess County,US.KY.DA,370,8,
Wasatch County,US.UT.WA,368,2,
Clarke County,US.GA.CK,367,15,
Pickens County,US.SC.PI,367,4,
Darlington County,US.SC.DA,366,13,
Okaloosa County,US.FL.OA,366,6,
DeKalb County,US.AL.DA,366,5,
Thomas County,US.GA.TH,366,32,
Outagamie County,US.WI.OU,366,8,
St. Johns County,US.FL.SJ,365,7,
Portage County,US.OH.PO,364,58,
St. Mary Parish,US.LA.SM,363,35,
Etowah County,US.AL.ET,363,12,
Washington County,US.OK.WN,361,38,
Comanche County,US.OK.CM,360,5,
Lake County,US.OH.LK,356,13,
Grand Forks County,US.ND.GD,356,4,
Franklin County,US.MA.FR,356,52,
Montgomery County,US.TN.MT,356,5,
Rockdale County,US.GA.RO,355,9,
Kosciusko County,US.IN.KO,354,2,
Louisa County,US.IA.LO,354,13,
Yazoo County,US.MS.YZ,354,6,
Noble County,US.IN.NO,354,27,
Surry County,US.NC.SU,353,2,
Lowndes County,US.MS.LO,352,10,
Angelina County,US.TX.AG,352,6,
Pueblo County,US.CO.PU,351,23,
Suffolk City,US.VA.SO,349,34,
Kaufman County,US.TX.KU,349,4,
Geauga County,US.OH.GE,349,37,
Pike County,US.AL.PK,347,3,
Clarendon County,US.SC.CN,346,41,
Marion County,US.FL.MI,345,8,
Madison County,US.NE.MA,344,4,
Greensville County,US.VA.GS,343,7,
Houston County,US.AL.HO,343,5,
Sevier County,US.TN.SV,342,3,
Walton County,US.GA.WA,341,25,
Madison County,US.NY.MA,341,9,
Yell County,US.AR.YE,340,2,
Floyd County,US.IN.FL,339,43,
Marshall County,US.IN.MS,338,3,
Bastrop County,US.TX.BP,338,4,
Nacogdoches County,US.TX.NC,337,25,
Spalding County,US.GA.SD,337,31,
Vanderburgh County,US.IN.VA,336,5,
LaGrange County,US.IN.LG,336,2,
Attala County,US.MS.AT,335,23,
Moore County,US.NC.ME,335,11,
Story County,US.IA.ST,332,3,
Columbia County,US.GA.CI,332,8,
Municipality of Anchorage,US.AK.AN,332,6,
Wood County,US.OH.WO,331,51,
Russell County,US.AL.RU,330,0,
Lee County,US.MS.LE,330,14,
Lincoln County,US.MS.LI,330,32,
Grant County,US.WA.GN,328,4,
Jackson County,US.FL.JA,327,2,
Licking County,US.OH.LI,324,11,
Newton County,US.MS.NW,323,8,
Greenwood County,US.SC.GW,322,5,
Jackson County,US.IL.JC,321,18,
Bullock County,US.AL.BL,320,9,
Clay County,US.MO.CY,319,3,
Santa Rosa County,US.FL.SA,319,9,
Fremont County,US.WY.FR,319,9,
Brown County,US.SD.BW,319,2,
Wayne County,US.OH.WE,316,52,
Gadsden County,US.FL.GA,316,5,
Lenoir County,US.NC.LN,316,10,
Shelby County,US.KY.SH,314,6,
St. James Parish,US.LA.SJ,313,28,
Hoke County,US.NC.HO,312,2,
Webster Parish,US.LA.WR,311,9,
Upson County,US.GA.UP,311,42,
Nash County,US.NC.NA,311,4,
Smith County,US.TX.SM,310,4,
Williamsburg County,US.SC.WI,309,15,
Dorchester County,US.SC.DO,307,3,
Ware County,US.GA.WE,306,15,
Bradley County,US.TN.BR,305,2,
Chattahoochee County,US.GA.CH,305,0,
Coffee County,US.AL.CF,304,1,
Adams County,US.PA.AD,304,11,
Coryell County,US.TX.CL,304,2,
Washington County,US.WI.WN,303,12,
Yolo County,US.CA.YO,302,24,
Gregg County,US.TX.GE,302,12,
Albemarle County,US.VA.AB,302,8,
Monroe County,US.MS.MR,301,26,
Pope County,US.AR.PP,301,2,
Morgan County,US.IN.MG,301,30,
Chesterfield County,US.SC.CF,300,8,
Lamar County,US.MS.LM,300,6,
Cullman County,US.AL.CU,299,1,
Richmond County,US.VA.RI,295,4,
Madera County,US.CA.ME,295,4,
Wright County,US.IA.WG,294,0,
Brunswick County,US.NC.BS,293,3,
Colbert County,US.AL.CL,291,5,
Allegan County,US.MI.AL,291,6,
Jackson County,US.GA.JC,289,7,
Ector County,US.TX.EC,289,7,
Grimes County,US.TX.GM,288,2,
Jasper County,US.IA.JS,287,17,
Madison Parish,US.LA.MA,287,2,
Caroline County,US.MD.CO,285,2,
Carver County,US.MN.CV,285,1,
Indian River County,US.FL.IN,284,12,
Craven County,US.NC.CN,283,5,
Lauderdale County,US.AL.LU,282,4,
Assumption Parish,US.LA.AS,282,14,
Hamilton County,US.FL.HM,281,2,
Gordon County,US.GA.GO,281,18,
Warren County,US.MS.WR,280,14,
Strafford County,US.NH.ST,280,13,
Chelan County,US.WA.CH,278,6,
Randolph County,US.IL.RA,278,7,
Fayette County,US.GA.FY,277,16,
Adams County,US.NE.AD,277,11,
Roanoke city,US.VA.RO,277,9,
Newport County,US.RI.NE,277,1,
Fond du Lac County,US.WI.FN,277,6,
Saline County,US.MO.SI,277,4,
Lancaster County,US.SC.LN,277,9,
Winchester city,US.VA.WH,276,3,
Washington County,US.MS.WS,276,9,
Walker County,US.GA.WK,275,5,
De Soto Parish,US.LA.DE,275,17,
Lincoln County,US.SD.LI,275,1,
Worth County,US.GA.WO,274,21,
Santa Cruz County,US.CA.SZ,273,2,
Caldwell County,US.NC.CL,273,4,
Sherburne County,US.MN.SH,271,3,
Broomfield County and City,US.CO.BR,271,28,
Orleans County,US.NY.OL,271,50,
Sumter County,US.FL.SM,270,17,
Grant County,US.IN.GA,269,24,
Catoosa County,US.GA.CS,269,6,
Montgomery County,US.IN.MM,268,19,
Harrison County,US.TX.HR,268,30,
Cochise County,US.AZ.CH,267,5,
Worcester County,US.MD.WO,267,16,
Sumter County,US.AL.SU,267,12,
Northampton County,US.VA.NA,267,27,
Shiawassee County,US.MI.SH,265,27,
Midland County,US.TX.ID,264,13,
Clinton County,US.IN.CI,264,1,
Butler County,US.PA.BT,263,13,
Barbour County,US.AL.BR,263,1,
Eaton County,US.MI.EA,263,7,
Carbon County,US.PA.CB,262,24,
Summit County,US.CO.SU,262,3,
Taylor County,US.TX.TA,261,5,
Richland County,US.OH.RI,260,4,
Page County,US.VA.PA,259,24,
Lincoln Parish,US.LA.LN,259,18,
Yadkin County,US.NC.YD,259,4,
Warren County,US.NY.WR,258,30,
Limestone County,US.AL.LI,257,0,
Edgecombe County,US.NC.ED,257,9,
Steuben County,US.NY.ST,257,29,
Aiken County,US.SC.AI,256,9,
Clermont County,US.OH.CE,256,6,
Crisp County,US.GA.CP,255,11,
Early County,US.GA.EA,253,31,
Mercer County,US.OH.MC,253,8,
Hale County,US.AL.HA,253,15,
Kanawha County,US.WV.KA,252,20,
Greene County,US.NY.GR,252,13,
Northumberland County,US.PA.NU,252,4,
Hampton city,US.VA.HM,251,5,
Lyon County,US.MN.LY,250,2,
Johnson County,US.TX.JH,249,4,
Pike County,US.MS.PI,248,11,
Union County,US.OR.UN,247,0,
Dubois County,US.IN.DU,246,5,
Allen County,US.OH.AN,246,36,
McLean County,US.IL.ML,246,13,
Butts County,US.GA.BU,246,32,
Butler County,US.KY.BR,246,13,
La Paz County,US.AZ.LA,245,3,
Lee County,US.SC.LE,245,19,
Marlboro County,US.SC.ML,245,3,
East Carroll Parish,US.LA.EC,244,0,
Franklin County,US.NC.FR,244,21,
Halifax County,US.NC.HL,244,2,
Rhea County,US.TN.RH,243,0,
Washington County,US.NY.WS,243,14,
Lapeer County,US.MI.LP,242,31,
White County,US.IN.WH,242,10,
Rusk County,US.TX.RK,241,2,
Bristol County,US.RI.BR,240,7,
Wilcox County,US.AL.WC,240,8,
Freeborn County,US.MN.FR,240,0,
Branch County,US.MI.BC,239,2,
Decatur County,US.GA.DC,239,8,
Huntingdon County,US.PA.HU,239,4,
Fairfield County,US.SC.FA,238,20,
Decatur County,US.IN.DC,238,32,
James City County,US.VA.JA,237,15,
Stephenson County,US.IL.SN,236,5,
Harris County,US.GA.HI,236,8,
Fulton County,US.NY.FU,236,26,
Ontario County,US.NY.OR,235,23,
Shelby County,US.TX.SY,235,8,
Macon County,US.NC.MN,235,1,
Marengo County,US.AL.ME,235,10,
Warren County,US.VA.WR,234,4,
Glynn County,US.GA.GY,234,3,
Mecklenburg County,US.VA.ME,233,24,
Rutherford County,US.NC.RU,233,7,
East Feliciana Parish,US.LA.EF,231,32,
Ogle County,US.IL.OG,230,4,
Hopkins County,US.KY.HO,230,31,
Lincoln County,US.OR.LC,230,0,
Montgomery County,US.NC.MO,229,5,
Tuscola County,US.MI.TU,229,26,
Hardee County,US.FL.HD,228,1,
Medina County,US.TX.ME,228,2,
Plaquemines Parish,US.LA.PL,228,17,
Darke County,US.OH.DA,227,25,
Adams County,US.MS.AD,227,18,
Georgetown County,US.SC.GR,227,3,
West Feliciana Parish,US.LA.WF,226,14,
Boone County,US.MO.BO,226,2,
Deaf Smith County,US.TX.DI,226,16,
Hardeman County,US.TN.HA,226,0,
Suwannee County,US.FL.SW,224,18,
Pearl River County,US.MS.PL,224,32,
Victoria County,US.TX.VI,223,8,
Hunt County,US.TX.HT,223,5,
Allen Parish,US.LA.AL,223,10,
McLennan County,US.TX.ML,222,4,
Rockwall County,US.TX.RC,222,15,
Washington County,US.TX.WH,222,26,
Richmond County,US.NC.RI,221,5,
Loudon County,US.TN.LO,221,1,
Clinton County,US.IL.CN,220,17,
Bladen County,US.NC.BL,220,2,
Liberty County,US.FL.LI,220,1,
Pointe Coupee Parish,US.LA.PO,218,27,
Noxubee County,US.MS.NO,218,6,
Fredericksburg City,US.VA.FB,218,0,
Union County,US.AR.UN,218,13,
Terrell County,US.GA.TL,217,27,
Genesee County,US.NY.GE,217,5,
Dillon County,US.SC.DI,217,5,
Macon County,US.TN.MC,216,3,
Flagler County,US.FL.FL,216,5,
Jerome County,US.ID.JR,216,3,
Winn Parish,US.LA.WI,215,5,
Erie County,US.OH.ER,215,22,
St. Lawrence County,US.NY.SI,215,3,
Henry County,US.VA.HY,214,3,
Colleton County,US.SC.CT,214,18,
Macon County,US.IL.MC,214,21,
Appling County,US.GA.AP,214,13,
Campbell County,US.KY.CM,213,12,
Covington County,US.MS.CV,213,3,
Jefferson County,US.WV.JE,213,4,
Van Buren County,US.MI.VA,212,7,
Galax city,US.VA.GA,211,11,
Plymouth County,US.IA.PM,211,4,
Calhoun County,US.AL.CN,210,4,
Greene County,US.MO.GE,210,8,
Putnam County,US.FL.PU,209,6,
Washington County,US.IA.WS,209,9,
Lafayette County,US.MS.LY,209,4,
Comal County,US.TX.OM,207,7,
Okeechobee County,US.FL.OE,207,0,
Umatilla County,US.OR.UM,206,4,
Napa County,US.CA.NA,206,4,
Columbia County,US.FL.CU,205,3,
Faulkner County,US.AR.FA,205,3,
Garfield County,US.CO.GA,205,2,
West Baton Rouge Parish,US.LA.WB,205,30,
St. Joseph County,US.MI.SJ,204,3,
Henry County,US.IN.HY,204,15,
Hancock County,US.GA.HC,203,30,
Vigo County,US.IN.VI,203,8,
Monroe County,US.IN.MR,203,23,
Jasper County,US.MS.JS,203,4,
Laramie County,US.WY.LA,203,2,
Covington County,US.AL.CV,203,1,
Clarke County,US.AL.CK,202,4,
Thurston County,US.WA.TH,201,4,
Warren County,US.IA.WR,201,1,
Logan County,US.KY.LO,201,10,
Maverick County,US.TX.MV,200,2,
Harrison County,US.IN.HI,200,22,
Highlands County,US.FL.HG,200,9,
Ozaukee County,US.WI.OZ,199,15,
Lenawee County,US.MI.LN,198,6,
Maury County,US.TN.MU,198,2,
Montrose County,US.CO.MO,198,12,
Benton County,US.MN.BN,198,3,
Gallatin County,US.MT.GL,197,1,
Bolivar County,US.MS.BO,197,13,
Petersburg city,US.VA.PB,196,3,
Randolph County,US.GA.RN,194,23,
Dooly County,US.GA.DO,194,12,
Dale County,US.AL.DE,193,0,
Kent County,US.MD.KE,193,23,
Sebastian County,US.AR.SB,193,2,
Avoyelles Parish,US.LA.AV,193,10,
Clinton County,US.MI.CN,193,11,
Jasper County,US.MO.JS,192,0,
Panola County,US.TX.PN,191,23,
Iron County,US.UT.RN,191,1,
Saline County,US.AR.SL,190,2,
Natchitoches Parish,US.LA.NA,190,13,
Bacon County,US.GA.BC,190,3,
Caldwell County,US.TX.CW,190,1,
St. Clair County,US.AL.SA,190,2,
Wagoner County,US.OK.WG,189,17,
Laurens County,US.SC.LU,189,4,
McCurtain County,US.OK.MU,189,2,
Cleveland County,US.NC.CV,189,2,
Fayette County,US.TN.FA,189,2,
Madison County,US.TN.MD,188,2,
Ionia County,US.MI.II,188,4,
LaSalle County,US.IL.LA,188,16,
Cibola County,US.NM.CI,188,10,
Queen Anne's County,US.MD.QU,187,14,
Allegany County,US.MD.AL,187,17,
Lawrence County,US.IN.LW,187,24,
Scotts Bluff County,US.NE.SC,187,2,
Starr County,US.TX.SR,186,0,
Douglas County,US.WA.DO,186,3,
Guadalupe County,US.TX.GU,186,0,
Clay County,US.MS.CY,185,6,
Sussex County,US.VA.SS,185,2,
Island County,US.WA.IS,184,12,
Tooele County,US.UT.TE,184,0,
Santa Fe County,US.NM.ST,184,3,
Choctaw County,US.AL.CC,183,11,
Bienville Parish,US.LA.BI,183,24,
Kitsap County,US.WA.KS,182,2,
Morehouse Parish,US.LA.MO,182,6,
Hillsdale County,US.MI.HI,182,25,
Smith County,US.MS.SM,182,11,
Greene County,US.IN.GE,182,29,
Gunnison County,US.CO.GU,181,6,
Steele County,US.MN.SE,181,0,
Dearborn County,US.IN.DR,181,22,
Burleigh County,US.ND.BL,180,0,
Stanly County,US.NC.SN,180,5,
Caddo County,US.OK.CD,180,10,
Graves County,US.KY.GV,180,20,
Onslow County,US.NC.ON,180,3,
Lamar County,US.TX.LR,180,12,
Payne County,US.OK.PY,179,1,
La Crosse County,US.WI.LA,179,0,
Warrick County,US.IN.WI,178,29,
Franklin County,US.MO.FR,178,18,
Carroll County,US.VA.CL,178,5,
Buffalo County,US.NE.BF,177,1,
Chickasaw County,US.MS.CS,177,16,
Polk County,US.GA.PO,177,1,
Dickinson County,US.IA.DI,176,1,
Miami County,US.IN.MI,176,1,
Sheboygan County,US.WI.SE,176,4,
Gilmer County,US.GA.GI,176,2,
Talladega County,US.AL.TD,175,6,
Gonzales County,US.TX.GA,175,4,
Canadian County,US.OK.CN,175,3,
Saluda County,US.SC.SA,174,1,
Union County,US.IL.UN,174,18,
Prince Edward County,US.VA.PD,173,3,
Susquehanna County,US.PA.SS,173,18,
Northampton County,US.NC.NO,173,15,
Jackson Parish,US.LA.JA,173,15,
Tompkins County,US.NY.TO,173,0,
Blue Earth County,US.MN.BE,172,2,
Centre County,US.PA.CT,172,6,
McDowell County,US.NC.MW,172,1,
Lycoming County,US.PA.LY,172,18,
McMinn County,US.TN.MM,171,15,
Prince George County,US.VA.PG,170,0,
Garland County,US.AR.GL,170,1,
Grenada County,US.MS.GN,170,4,
Madison County,US.OH.MO,170,7,
Dorchester County,US.MD.DO,170,4,
Clarke County,US.MS.CE,168,21,
Ohio County,US.KY.OH,168,0,
Kemper County,US.MS.KE,168,13,
Bay County,US.FL.BY,167,4,
Winston County,US.AL.WN,166,1,
Marion County,US.AL.MI,165,12,
Echols County,US.GA.EC,165,0,
Jefferson County,US.WI.JE,164,4,
Augusta County,US.VA.AU,164,2,
Lincoln County,US.NC.LI,164,0,
Charlottesville City,US.VA.CE,164,3,
Marion County,US.MS.MI,163,9,
Stephens County,US.GA.SE,163,5,
Whiteside County,US.IL.WD,163,15,
Liberty County,US.TX.LT,163,3,
Jefferson Davis Parish,US.LA.JD,162,7,
Citrus County,US.FL.CI,162,12,
Turner County,US.GA.TR,161,15,
Cheatham County,US.TN.CA,161,0,
Cassia County,US.ID.CS,158,1,
Putnam County,US.IN.PT,158,8,
Washington County,US.PA.WS,158,6,
Isle of Wight County,US.VA.IS,158,8,
Winston County,US.MS.WN,158,2,
Walton County,US.FL.WL,157,9,
Grady County,US.GA.GD,156,4,
Crawford County,US.KS.CR,156,1,
Hardin County,US.TX.HN,156,5,
Coahoma County,US.MS.CH,156,6,
Murray County,US.GA.MA,156,1,
Greene County,US.OH.GR,156,6,
Tate County,US.MS.TT,155,1,
Southampton County,US.VA.SA,154,2,
Calhoun County,US.GA.CU,154,5,
San Benito County,US.CA.SI,153,2,
Midland County,US.MI.MD,153,9,
Hertford County,US.NC.HD,153,6,
Pasquotank County,US.NC.PU,152,15,
Chilton County,US.AL.CI,152,3,
Davie County,US.NC.DV,152,2,
Monroe County,US.AL.MR,152,2,
Catahoula Parish,US.LA.CT,151,3,
Hernando County,US.FL.HA,151,5,
Franklin County,US.GA.FR,151,1,
Tom Green County,US.TX.TG,151,1,
Rockingham County,US.NC.RC,150,2,
Pickens County,US.AL.PC,150,6,
Hopewell city,US.VA.HW,150,2,
Scott County,US.MO.ST,149,10,
Eau Claire County,US.WI.EA,149,0,
Pender County,US.NC.PD,149,1,
Roanoke County,US.VA.RE,149,5,
Monongalia County,US.WV.MG,147,5,
Martin County,US.MN.MT,147,5,
Scott County,US.IN.SC,147,6,
Houston County,US.TX.HS,147,0,
Panola County,US.MS.PA,146,4,
Monroe County,US.FL.MO,146,4,
Randolph County,US.WV.RN,146,0,
Coles County,US.IL.CE,146,17,
Jennings County,US.IN.JN,145,4,
Oceana County,US.MI.OA,145,3,
Greene County,US.AL.GR,144,5,
Claiborne County,US.MS.CB,144,9,
Randolph County,US.AL.RA,144,8,
Richland Parish,US.LA.RI,144,3,
Oswego County,US.NY.OS,144,2,
Iroquois County,US.IL.IR,142,5,
Jackson County,US.AL.JA,142,3,
Warren County,US.NC.WR,142,3,
Meriwether County,US.GA.MW,142,2,
Henderson County,US.KY.HE,141,3,
Jackson County,US.WV.JA,141,18,
Dickson County,US.TN.DI,140,0,
Alamosa County,US.CO.AL,140,3,
Tioga County,US.NY.TI,140,19,
Beauregard Parish,US.LA.BE,139,6,
Wayne County,US.NY.WN,139,2,
Chenango County,US.NY.CH,139,6,
Toombs County,US.GA.TM,139,5,
Deschutes County,US.OR.DE,139,0,
Grundy County,US.IL.GU,139,3,
Parmer County,US.TX.PM,139,0,
Chemung County,US.NY.CM,138,3,
Macon County,US.AL.MC,138,6,
Bullitt County,US.KY.BI,138,4,
Christian County,US.KY.CH,138,3,
Grayson County,US.KY.GY,137,10,
Cumberland County,US.TN.CU,137,3,
Wichita County,US.TX.WC,137,2,
Kennebec County,US.ME.KE,137,9,
Orange County,US.VA.OR,136,2,
Allen County,US.KY.AL,136,4,
Monroe County,US.GA.MN,135,15,
Hamilton County,US.IA.HM,135,0,
Bertie County,US.NC.BT,135,4,
Hardin County,US.KY.HN,134,5,
Pierce County,US.GA.PR,133,4,
Greene County,US.NC.GE,132,2,
Orange County,US.IN.OR,132,23,
Yalobusha County,US.MS.YL,132,7,
Levy County,US.FL.LV,132,1,
Newaygo County,US.MI.NE,131,0,
Oconee County,US.GA.OC,131,10,
Polk County,US.OR.PO,130,12,
Chambers County,US.TX.CH,130,0,
Burke County,US.GA.BE,130,6,
Blount County,US.AL.BU,130,1,
St. Louis County,US.MN.ST,129,14,
McCracken County,US.KY.MK,129,3,
DeKalb County,US.IN.DE,129,3,
Herkimer County,US.NY.HE,128,3,
Wayne County,US.PA.WN,128,8,
White County,US.GA.WH,128,4,
Madison County,US.AR.MD,128,0,
Sunflower County,US.MS.SU,128,4,
Daviess County,US.IN.DI,127,16,
Chester County,US.SC.CR,127,1,
Warren County,US.IL.WR,127,0,
Walla Walla County,US.WA.WL,127,3,
Stoddard County,US.MO.SD,126,7,
Carson City,US.NV.CA,126,5,
Linn County,US.OR.LN,126,9,
Laurens County,US.GA.LR,126,1,
Orange County,US.TX.OR,126,3,
Simpson County,US.MS.SI,126,1,
El Dorado County,US.CA.EL,125,0,
Osage County,US.OK.OS,124,8,
McDonald County,US.MO.MA,124,0,
Dawson County,US.GA.DW,124,3,
Cowlitz County,US.WA.CW,124,0,
Livingston County,US.NY.LI,123,4,
Audrain County,US.MO.AU,123,1,
Conecuh County,US.AL.CO,123,1,
Escambia County,US.AL.ES,123,4,
Dyer County,US.TN.DY,122,0,
Crawford County,US.OH.CF,122,5,
Marshall County,US.MS.MS,122,3,
Carroll County,US.MS.CL,122,11,
Grady County,US.OK.GD,122,4,
Glades County,US.FL.GL,121,1,
Allamakee County,US.IA.AL,121,4,
Bulloch County,US.GA.BH,121,3,
Lawrence County,US.MS.LW,121,1,
Bibb County,US.AL.BI,121,1,
Franklin County,US.IN.FR,120,8,
Parker County,US.TX.PR,120,1,
Otsego County,US.MI.OS,120,10,
Maui County,US.HI.MA,120,6,
Wilcox County,US.GA.WC,120,15,
McClain County,US.OK.ML,120,4,
St. Croix County,US.WI.SI,119,0,
Colonial Heights city,US.VA.CH,119,17,
Caroline County,US.VA.CI,119,4,
Washington County,US.OH.WS,119,20,
Cass County,US.MI.CS,119,4,
Mercer County,US.PA.ME,118,6,
Morgan County,US.IL.MG,118,2,
Blount County,US.TN.BO,118,3,
Ottawa County,US.OH.OT,118,22,
Creek County,US.OK.CE,118,7,
Marion County,US.SC.MI,118,5,
Kenai Peninsula Borough,US.AK.KN,116,2,
Crenshaw County,US.AL.CA,116,3,
Lumpkin County,US.GA.LP,116,1,
Newberry County,US.SC.NE,116,2,
Uinta County,US.WY.UI,116,0,
Goochland County,US.VA.GO,115,6,
Knox County,US.IL.KX,115,0,
Alpena County,US.MI.AP,115,11,
Cottonwood County,US.MN.CT,115,0,
Watonwan County,US.MN.WT,115,0,
Gila County,US.AZ.GI,115,3,
Oldham County,US.KY.OL,114,6,
Cape Girardeau County,US.MO.CG,114,3,
Dinwiddie County,US.VA.DN,114,0,
Rogers County,US.OK.RS,113,5,
Ben Hill County,US.GA.BL,113,1,
Yellowstone County,US.MT.YS,113,3,
Minidoka County,US.ID.MI,113,0,
Scotland County,US.NC.SC,113,0,
Grant County,US.WI.GA,113,12,
Union County,US.SD.UN,113,1,
Macon County,US.GA.MC,112,8,
Banks County,US.GA.BS,112,0,
Putnam County,US.GA.PT,112,11,
Gray County,US.TX.GY,112,4,
Delaware County,US.OK.DL,112,16,
Ripley County,US.IN.RI,111,6,
Walthall County,US.MS.WT,111,1,
Pecos County,US.TX.PE,111,0,
Iosco County,US.MI.IC,111,10,
Cass County,US.MO.CS,110,8,
Henry County,US.AL.HE,110,2,
Morrow County,US.OH.MW,110,1,
Caswell County,US.NC.CS,110,1,
Talbot County,US.MD.TA,110,4,
Monroe County,US.IL.MR,110,12,
Chautauqua County,US.NY.CQ,110,3,
Hale County,US.TX.HE,110,5,
Cattaraugus County,US.NY.CG,109,6,
Union County,US.MS.UN,109,8,
Lanier County,US.GA.LI,109,2,
Brooks County,US.GA.BO,109,11,
Camp County,US.TX.CP,109,1,
Webster County,US.MS.WE,109,8,
Mahaska County,US.IA.MK,108,15,
Juniata County,US.PA.JU,108,5,
Teton County,US.WY.TE,108,1,
Humboldt County,US.CA.HU,108,4,
Franklin County,US.KY.FR,108,2,
Newton County,US.MO.NT,108,2,
Emporia city,US.VA.EM,107,6,
Johnson County,US.AR.JO,107,0,
Steuben County,US.IN.SE,107,2,
Choctaw County,US.OK.CA,107,1,
Kootenai County,US.ID.KO,107,1,
Cayuga County,US.NY.CY,106,2,
Itawamba County,US.MS.IT,106,8,
Sandusky County,US.OH.SA,106,13,
Fairbanks North Star Borough,US.AK.FA,106,2,
Wayne County,US.WV.WA,106,9,
Pulaski County,US.MO.PA,106,1,
Mississippi County,US.AR.MS,105,2,
Montgomery County,US.NY.MT,105,4,
Pemiscot County,US.MO.PM,105,6,
Hardin County,US.OH.HD,105,5,
Wayne County,US.IN.WY,104,6,
Jefferson County,US.IL.JF,104,16,
Webster County,US.IA.WE,104,1,
Boone County,US.IA.BO,103,1,
West Carroll Parish,US.LA.WC,103,3,
Adair County,US.KY.AD,103,19,
Carroll County,US.IN.CO,103,2,
Tazewell County,US.IL.TA,103,7,
Jackson County,US.KS.JA,103,1,
Martin County,US.NC.MR,103,4,
Fluvanna County,US.VA.FV,103,6,
Isabella County,US.MI.IB,102,8,
Louisa County,US.VA.LI,102,1,
Franklin County,US.VT.FR,102,6,
Putnam County,US.OH.PU,102,15,
Adams County,US.WA.AD,101,0,
Penobscot County,US.ME.PE,101,2,
Holmes County,US.OH.HL,101,3,
Adair County,US.OK.AD,101,4,
Navarro County,US.TX.NV,101,4,
Platte County,US.MO.PT,101,4,
Perry County,US.IN.PE,101,1,
Hancock County,US.MS.HN,100,13,
Tippah County,US.MS.TP,100,11,
Concordia Parish,US.LA.CR,100,5,
McDonough County,US.IL.MU,100,15,
Carroll County,US.AR.CL,100,1,
Waller County,US.TX.WR,100,0,
Oconee County,US.SC.OC,100,0,
Evangeline Parish,US.LA.EV,100,1,
Fayette County,US.PA.FA,100,4,
Liberty County,US.GA.LB,99,1,
Lynchburg city,US.VA.LY,99,1,
Washington County,US.TN.WI,99,0,
Wharton County,US.TX.WN,99,1,
Clinton County,US.NY.CL,99,4,
Vermilion Parish,US.LA.VM,99,5,
Montgomery County,US.MS.MT,98,1,
Stokes County,US.NC.SO,98,0,
Nicollet County,US.MN.NI,98,12,
Goodhue County,US.MN.GO,98,7,
Saguache County,US.CO.SG,98,2,
Yamhill County,US.OR.YA,97,8,
Montgomery County,US.VA.MO,97,2,
Coffee County,US.TN.CF,97,0,
Curry County,US.NM.CU,97,0,
Sutter County,US.CA.SU,97,3,
Cherokee County,US.SC.CK,97,6,
Indiana County,US.PA.IN,97,5,
Nassau County,US.FL.NA,97,1,
Monroe County,US.TN.MR,97,4,
Matagorda County,US.TX.MD,96,5,
Lyon County,US.NV.LY,96,2,
Pine County,US.MN.PN,96,0,
Huron County,US.OH.HU,95,1,
Marathon County,US.WI.MH,95,1,
King George County,US.VA.KG,95,4,
Red River County,US.TX.RV,95,8,
Poweshiek County,US.IA.PW,95,8,
Washington County,US.FL.WS,95,9,
Pettis County,US.MO.PS,94,1,
Washington County,US.AL.WS,94,6,
Valencia County,US.NM.VA,94,2,
York County,US.VA.YO,94,3,
Bedford County,US.VA.BF,94,2,
Madison County,US.FL.MD,93,3,
Pontotoc County,US.MS.PO,93,3,
Bryan County,US.GA.BY,93,5,
Wyoming County,US.NY.WM,93,5,
Barry County,US.MI.BR,93,2,
Crow Wing County,US.MN.CW,92,10,
Gratiot County,US.MI.GT,92,12,
Peach County,US.GA.PH,92,9,
Kittitas County,US.WA.KT,92,0,
Lawrence County,US.AR.LW,92,9,
Winona County,US.MN.WN,91,15,
Sullivan County,US.MO.SV,91,0,
Anson County,US.NC.AN,91,1,
Bonneville County,US.ID.BV,91,1,
Clarke County,US.IA.CK,91,1,
Lincoln County,US.MO.LO,91,1,
Williamson County,US.IL.WS,91,3,
Hamblen County,US.TN.HB,91,4,
Effingham County,US.GA.EF,91,1,
Natrona County,US.WY.NA,90,1,
Lee County,US.IL.LE,90,1,
Jessamine County,US.KY.JS,90,0,
Butte County,US.CA.BU,90,1,
Box Elder County,US.UT.BE,90,1,
Calumet County,US.WI.CA,90,2,
Henderson County,US.TX.HD,90,3,
Lane County,US.OR.LE,90,3,
Wabash County,US.IN.WB,89,2,
Lawrence County,US.PA.LW,89,8,
Delaware County,US.NY.DE,89,4,
Elbert County,US.GA.EL,89,0,
Sauk County,US.WI.SU,88,3,
Riley County,US.KS.RL,88,3,
Cook County,US.GA.CO,87,1,
Greene County,US.GA.GE,87,8,
Jasper County,US.IN.JS,87,1,
Westmoreland County,US.VA.WM,87,1,
Newton County,US.IN.NE,87,10,
Johnson County,US.MO.JO,87,0,
Nevada County,US.AR.NV,87,1,
Perry County,US.MO.PR,87,0,
Auglaize County,US.OH.AU,87,3,
Caldwell Parish,US.LA.CW,86,1,
Frio County,US.TX.FO,86,0,
Madison County,US.KY.MD,86,1,
Jefferson Davis County,US.MS.JD,86,3,
Lamar County,US.GA.LM,86,5,
La Salle Parish,US.LA.LA,86,0,
Portage County,US.WI.PT,86,0,
Clay County,US.IA.CY,86,0,
Person County,US.NC.PN,86,1,
Lafayette County,US.MO.LF,86,2,
Berrien County,US.GA.BN,86,0,
San Augustine County,US.TX.SG,86,6,
Wilkinson County,US.MS.WK,85,9,
Claiborne Parish,US.LA.CI,85,10,
La Plata County,US.CO.LA,85,1,
Windham County,US.VT.WH,85,3,
Jackson County,US.OR.JA,85,0,
Trempealeau County,US.WI.TR,85,0,
Fayette County,US.IN.FA,85,7,
Hood River County,US.OR.HO,85,0,
Douglas County,US.KS.DG,85,0,
Nez Perce County,US.ID.NE,84,19,
Perry County,US.AL.PE,84,0,
Adair County,US.MO.AD,84,0,
Waupaca County,US.WI.WP,84,5,
Hawaii County,US.HI.HA,83,0,
Atkinson County,US.GA.AT,83,2,
Clinch County,US.GA.CC,83,2,
Bailey County,US.TX.BY,83,0,
Humphreys County,US.MS.HU,83,8,
Somerset County,US.MD.SO,83,3,
Union County,US.PA.UN,83,2,
Otter Tail County,US.MN.OT,83,1,
Calhoun County,US.MS.CN,83,4,
Otsego County,US.NY.OO,82,4,
Monroe County,US.OH.ME,82,15,
Jefferson County,US.NY.JE,82,0,
Ross County,US.OH.RO,82,2,
Carlton County,US.MN.CL,81,0,
Jackson County,US.KY.JA,81,13,
Bremer County,US.IA.BR,81,6,
Cross County,US.AR.CO,81,1,
Montcalm County,US.MI.MC,81,1,
Chisago County,US.MN.CG,81,1,
Delta County,US.CO.DT,80,1,
Lonoke County,US.AR.LO,80,0,
Muskogee County,US.OK.MO,80,8,
Camden County,US.GA.CD,79,1,
Humboldt County,US.NV.HU,79,4,
Pottawatomie County,US.OK.PT,79,4,
Johnson County,US.GA.JH,79,2,
Cass County,US.IL.CS,79,0,
Clark County,US.KY.CK,79,0,
Pitkin County,US.CO.PI,78,2,
Oglethorpe County,US.GA.OG,78,7,
Greene County,US.AR.GE,78,0,
Cabell County,US.WV.CB,78,0,
Stewart County,US.GA.SW,78,1,
Green County,US.WI.GN,78,1,
Washington County,US.ID.WA,78,0,
Mesa County,US.CO.ME,77,0,
Miller County,US.AR.ML,77,2,
Pickens County,US.GA.PE,77,4,
Mississippi County,US.MO.MI,77,0,
McDuffie County,US.GA.MU,77,5,
Perry County,US.PA.PE,77,5,
Washington County,US.GA.WG,77,1,
Chaffee County,US.CO.CA,77,19,
Grafton County,US.NH.GR,76,1,
Belknap County,US.NH.BE,76,1,
Madison County,US.GA.MD,76,2,
Pike County,US.GA.PK,76,3,
Cleburne County,US.AR.CB,76,4,
Pittsylvania County,US.VA.PS,76,1,
Lawrence County,US.TN.LW,76,2,
Burnet County,US.TX.BT,75,2,
Nye County,US.NV.NY,75,3,
Crawford County,US.AR.CW,75,0,
Henry County,US.IA.HE,75,3,
Pulaski County,US.KY.PU,74,2,
Taylor County,US.IA.TY,74,0,
Gilchrist County,US.FL.GI,74,0,
Bannock County,US.ID.BO,74,1,
Nottoway County,US.VA.NY,74,0,
Fannin County,US.GA.FN,73,1,
Screven County,US.GA.SR,73,4,
Wilkinson County,US.GA.WI,73,7,
Hocking County,US.OH.HC,73,7,
Abbeville County,US.SC.AB,73,0,
Amite County,US.MS.AM,73,2,
Jefferson County,US.OR.JE,73,0,
Tattnall County,US.GA.TT,73,0,
Polk County,US.TX.PK,73,0,
Henry County,US.IL.HY,72,1,
Kay County,US.OK.KA,72,7,
Brunswick County,US.VA.BU,72,1,
Lawrence County,US.AL.LW,72,0,
Brantley County,US.GA.BA,72,2,
Nevada County,US.CA.NE,71,1,
Sullivan County,US.TN.SL,71,2,
Lauderdale County,US.TN.LU,71,1,
Edmonson County,US.KY.ED,71,11,
Thurston County,US.NE.TU,71,1,
Willacy County,US.TX.WY,71,3,
Jefferson County,US.OH.JE,71,2,
Clinton County,US.IA.CN,70,1,
Gibson County,US.TN.GB,70,1,
Morton County,US.ND.MR,70,2,
Clay County,US.SD.CY,70,0,
Prentiss County,US.MS.PN,70,3,
Jenkins County,US.GA.JK,70,9,
Randolph County,US.IN.RA,69,3,
White County,US.AR.WH,69,1,
O'Brien County,US.IA.OB,69,1,
Grayson County,US.VA.GY,69,2,
Anderson County,US.TN.AN,69,2,
Haywood County,US.NC.HW,69,0,
Barren County,US.KY.BN,68,2,
Marion County,US.GA.MR,68,2,
Obion County,US.TN.OB,68,1,
Armstrong County,US.PA.AR,68,5,
Crowley County,US.CO.CR,68,1,
Bennington County,US.VT.BE,68,1,
Klamath County,US.OR.KL,68,0,
Montour County,US.PA.MO,68,0,
Danville City,US.VA.DA,68,2,
Jeff Davis County,US.GA.JF,68,2,
Union County,US.OH.UN,67,1,
Polk County,US.MN.PL,67,2,
Addison County,US.VT.AD,67,2,
Fairfax city,US.VA.FC,67,6,
Tunica County,US.MS.TU,67,3,
Vernon Parish,US.LA.VN,67,3,
Benton County,US.OR.BE,66,5,
Greer County,US.OK.GE,66,7,
Des Moines County,US.IA.DS,66,2,
Shawano County,US.WI.SA,66,0,
Wood County,US.TX.WO,66,5,
Chicot County,US.AR.CT,66,2,
Rio Arriba County,US.NM.RI,66,1,
Montezuma County,US.CO.MZ,66,3,
Chippewa County,US.WI.CH,65,0,
Cherokee County,US.TX.CK,65,2,
Pulaski County,US.IL.PL,65,0,
Choctaw County,US.MS.CW,65,2,
Crawford County,US.MI.CF,65,5,
Calhoun County,US.FL.CA,65,5,
Fannin County,US.TX.FI,65,6,
Wells County,US.IN.WE,65,0,
Jasper County,US.SC.JA,65,3,
Whitley County,US.IN.WL,65,3,
Dunklin County,US.MO.DU,65,3,
Stark County,US.ND.SR,65,2,
Clinton County,US.PA.CN,65,3,
Wayne County,US.TN.WY,64,0,
Bryan County,US.OK.BR,64,1,
Franklin County,US.TN.FR,64,2,
Seneca County,US.NY.SC,64,1,
Jackson County,US.NC.JA,64,1,
Jefferson County,US.GA.JR,64,1,
Phillips County,US.AR.PH,64,1,
Calloway County,US.KY.CW,63,1,
Yankton County,US.SD.YA,63,0,
Carroll County,US.IA.CL,63,1,
Routt County,US.CO.RT,63,6,
Jay County,US.IN.JY,63,0,
Haralson County,US.GA.HS,62,4,
Cherokee County,US.IA.CE,62,0,
Hancock County,US.OH.HN,62,1,
San Patricio County,US.TX.SP,62,0,
Cheshire County,US.NH.CH,62,2,
Chippewa County,US.MN.CP,62,1,
Taylor County,US.FL.TA,62,0,
Dodge County,US.GA.DG,62,2,
Wise County,US.TX.WE,62,5,
Hickman County,US.TN.HN,62,0,
Telfair County,US.GA.TF,62,2,
Staunton city,US.VA.SU,62,0,
Shasta County,US.CA.SH,62,4,
Carter County,US.OK.CR,62,1,
Okanogan County,US.WA.OK,62,2,
Bedford County,US.PA.BO,61,2,
Grant Parish,US.LA.GR,61,1,
Brown County,US.TX.BN,61,10,
Polk County,US.NC.PO,61,4,
Dodge County,US.MN.DD,61,0,
Edgefield County,US.SC.ED,61,2,
Chaves County,US.NM.CH,61,2,
Muskingum County,US.OH.MU,61,1,
Waynesboro city,US.VA.WS,61,0,
Snyder County,US.PA.SN,61,1,
Cambria County,US.PA.CI,61,3,
Clearfield County,US.PA.CF,61,0,
Simpson County,US.KY.SI,61,3,
Mifflin County,US.PA.MI,61,1,
Stutsman County,US.ND.SU,60,0,
Gooding County,US.ID.GO,60,1,
Jasper County,US.GA.JS,60,1,
Cass County,US.NE.CS,60,0,
Saunders County,US.NE.SU,60,2,
Rutland County,US.VT.RU,60,1,
Dixie County,US.FL.DI,60,3,
Polk County,US.AR.PL,60,0,
Guthrie County,US.IA.GH,60,3,
Huron County,US.MI.HU,60,1,
Columbia County,US.WI.CO,60,1,
Washington County,US.IN.WS,60,1,
Mayes County,US.OK.MY,60,4,
St. Helena Parish,US.LA.SH,60,1,
Ohio County,US.WV.OH,59,1,
Sabine Parish,US.LA.SB,59,1,
Itasca County,US.MN.IT,59,12,
Marquette County,US.MI.MQ,59,11,
Williams County,US.OH.WI,59,1,
McLeod County,US.MN.MC,58,0,
Butler County,US.MO.BE,58,0,
Fulton County,US.IN.FU,58,1,
Graham County,US.AZ.GA,58,2,
Washington County,US.VA.WG,58,4,
Starke County,US.IN.SR,58,3,
Cherokee County,US.OK.CK,58,1,
Buffalo County,US.SD.BF,58,0,
Reno County,US.KS.RN,58,0,
Woodford County,US.KY.WO,58,0,
Martinsville city,US.VA.MR,58,1,
Scott County,US.KY.SC,57,0,
Rio Grande County,US.CO.RG,57,0,
Hamilton County,US.NE.HM,57,11,
Dade County,US.GA.DD,57,1,
Allegany County,US.NY.AL,57,2,
Jefferson County,US.MS.JF,57,2,
Gallatin County,US.KY.GL,57,7,
Huntington County,US.IN.HU,57,2,
Cole County,US.MO.CE,57,1,
Shelby County,US.IA.SH,57,0,
Pierce County,US.WI.PI,57,0,
Clark County,US.WI.CL,56,5,
Elko County,US.NV.EL,56,1,
Wood County,US.WV.WO,56,2,
Clay County,US.IN.CY,56,3,
Greene County,US.MS.GE,56,4,
Bradford County,US.FL.BA,56,2,
Union County,US.GA.UN,56,3,
Barnwell County,US.SC.BN,56,1,
Fayette County,US.WV.FA,56,4,
Manitowoc County,US.WI.MW,56,1,
Alexander County,US.NC.AE,56,0,
Clay County,US.GA.CY,55,2,
Cherokee County,US.AL.CH,55,5,
Marion County,US.IL.MO,55,0,
Perry County,US.MS.PY,55,3,
Waldo County,US.ME.WL,55,14,
Lea County,US.NM.LE,55,0,
Greene County,US.TN.GE,55,2,
Socorro County,US.NM.SO,55,5,
Emanuel County,US.GA.EM,55,2,
Schoharie County,US.NY.SO,55,2,
Wilson County,US.TX.WS,55,5,
Windsor County,US.VT.WS,55,2,
Blair County,US.PA.BL,55,1,
Jefferson County,US.IN.JF,55,1,
Powhatan County,US.VA.PH,55,0,
Clinton County,US.OH.CI,54,0,
Pike County,US.KY.PI,54,2,
Cedar County,US.IA.CD,54,1,
Lincoln County,US.NE.LI,54,2,
Bleckley County,US.GA.BK,54,1,
Gentry County,US.MO.GT,54,9,
Beaufort County,US.NC.BA,54,0,
Morrison County,US.MN.MR,54,1,
Big Horn County,US.MT.BI,54,3,
Mendocino County,US.CA.MI,54,0,
Essex County,US.VA.ES,54,0,
Williamsburg City,US.VA.WL,54,5,
Coshocton County,US.OH.CS,54,0,
Elbert County,US.CO.EB,54,2,
Fulton County,US.OH.FU,53,0,
Douglas County,US.MN.DU,53,0,
Cerro Gordo County,US.IA.CG,53,1,
Harrison County,US.KY.HS,53,0,
Bamberg County,US.SC.BM,53,0,
Ochiltree County,US.TX.OC,53,2,
Oglala Lakota County,US.SD.SH,53,0,
Roosevelt County,US.NM.RO,53,1,
Union County,US.SC.UN,53,0,
Grant County,US.KY.GT,53,4,
Franklin County,US.KS.FR,53,0,
Talbot County,US.GA.TB,53,2,
Garfield County,US.OK.GF,53,1,
Le Sueur County,US.MN.LU,53,1,
Burleson County,US.TX.BU,53,0,
Marion County,US.WV.MI,53,2,
Lamar County,US.AL.LM,53,0,
Pulaski County,US.IN.PL,53,1,
Falls Church city,US.VA.FU,52,7,
Fayette County,US.AL.FA,52,1,
Van Zandt County,US.TX.VN,52,1,
Poinsett County,US.AR.PN,52,3,
Mineral County,US.WV.ML,52,2,
Monona County,US.IA.MO,52,0,
Unicoi County,US.TN.UC,52,0,
Franklin County,US.IA.FN,52,0,
Red River Parish,US.LA.RE,52,8,
Coffey County,US.KS.CF,52,8,
Isanti County,US.MN.IS,51,0,
Butler County,US.NE.BE,51,0,
Klickitat County,US.WA.KL,51,3,
White County,US.TN.WH,51,2,
Matanuska-Susitna Borough,US.AK.MA,51,1,
Botetourt County,US.VA.BO,51,4,
Rush County,US.IN.RU,51,3,
Ashley County,US.AR.AS,51,1,
Fayette County,US.TX.FT,51,2,
Milam County,US.TX.MI,51,1,
Jefferson County,US.TN.JE,51,0,
Jones County,US.GA.JE,51,0,
Ward County,US.ND.WR,50,1,
Cumberland County,US.VA.CU,50,0,
Pennington County,US.MN.PI,50,0,
Shelby County,US.OH.SH,50,3,
Barton County,US.KS.BT,50,2,
Castro County,US.TX.AS,50,1,
Clark County,US.AR.CK,50,0,
Nelson County,US.KY.NE,50,1,
Wyandot County,US.OH.WD,50,4,
Todd County,US.SD.TO,50,1,
Hampton County,US.SC.HA,50,1,
Jackson County,US.MN.JA,50,0,
Sharp County,US.AR.SH,50,4,
Meeker County,US.MN.ME,50,1,
Yuma County,US.CO.YU,49,0,
Geneva County,US.AL.GE,49,0,
Chattooga County,US.GA.CG,49,2,
Harrison County,US.WV.HR,49,1,
Carroll County,US.NH.CA,49,0,
Moniteau County,US.MO.ME,49,1,
Benton County,US.IA.BN,49,1,
Eddy County,US.NM.ED,49,1,
Quitman County,US.MS.QU,49,0,
Tallahatchie County,US.MS.TL,49,1,
St. Francois County,US.MO.SF,49,2,
Bradford County,US.PA.BF,49,3,
Carteret County,US.NC.CE,49,3,
Osceola County,US.IA.OS,49,0,
Stephens County,US.OK.ST,48,1,
Missoula County,US.MT.MS,48,1,
Del Norte County,US.CA.DE,48,0,
Logan County,US.OH.LG,48,0,
Laurel County,US.KY.LU,48,2,
Greene County,US.VA.GE,48,1,
Seminole County,US.GA.SI,48,2,
Lafayette County,US.WI.LF,48,0,
New Kent County,US.VA.NK,48,1,
Marion County,US.TN.MI,48,2,
Calhoun County,US.SC.CH,48,1,
Salem city,US.VA.SE,48,3,
Marshall County,US.KY.MH,48,2,
Douglas County,US.NV.DO,48,0,
Monroe County,US.IA.MR,48,6,
Becker County,US.MN.BC,48,0,
Lincoln County,US.TN.LI,48,0,
Hutchinson County,US.TX.UT,47,0,
Vermilion County,US.IL.VE,47,2,
Hart County,US.GA.HT,47,0,
Pittsburg County,US.OK.PI,47,3,
Codington County,US.SD.CD,47,0,
Howard County,US.AR.HW,47,0,
Tishomingo County,US.MS.TS,47,1,
Lee County,US.TX.LE,47,3,
Hardin County,US.IA.HD,47,0,
Hardin County,US.TN.HI,46,5,
Coosa County,US.AL.CS,46,1,
Brookings County,US.SD.BK,46,0,
Emmet County,US.IA.EM,46,0,
Smith County,US.TN.SH,46,1,
Kearny County,US.KS.KE,46,1,
Pulaski County,US.GA.PL,46,2,
Adams County,US.IL.AD,46,1,
Calhoun County,US.TX.CU,46,3,
Jasper County,US.IL.JS,46,7,
Franklin County,US.VA.FN,46,1,
Oconto County,US.WI.OC,46,0,
Macoupin County,US.IL.MP,46,3,
Clatsop County,US.OR.CT,46,0,
Gage County,US.NE.GG,46,3,
Campbell County,US.WY.CM,46,0,
Hot Spring County,US.AR.HT,46,0,
Preble County,US.OH.PR,46,1,
Hill County,US.TX.HI,46,1,
Jefferson County,US.IA.JE,46,0,
Dallam County,US.TX.DL,45,0,
Camden County,US.MO.CM,45,1,
Boyd County,US.KY.BD,45,3,
Miller County,US.GA.ML,45,0,
Dawson County,US.TX.DW,45,1,
Flathead County,US.MT.FL,45,2,
Heard County,US.GA.HD,45,3,
Custer County,US.OK.CU,45,0,
Marion County,US.KY.MN,45,0,
Fayette County,US.OH.FY,45,0,
Cowley County,US.KS.CL,45,1,
Crane County,US.TX.CR,45,5,
Atascosa County,US.TX.AT,45,2,
Guernsey County,US.OH.GU,44,3,
Colorado County,US.TX.CO,44,0,
Luna County,US.NM.LU,44,1,
Washington County,US.CO.WA,44,0,
Dukes County,US.MA.DU,44,0,
Sweetwater County,US.WY.SW,44,0,
Murray County,US.MN.MU,44,0,
Hopkins County,US.TX.HP,44,0,
Howard County,US.NE.HW,44,4,
Ashe County,US.NC.AS,44,1,
Marshall County,US.TN.MS,44,1,
Perry County,US.IL.PY,44,0,
Franklin city,US.VA.FR,44,2,
Cortland County,US.NY.CD,44,1,
Wayne County,US.GA.WY,44,0,
Morgan County,US.GA.MO,43,0,
Mountrail County,US.ND.MU,43,0,
Erath County,US.TX.ER,43,1,
Watauga County,US.NC.WT,43,0,
Independence County,US.AR.IN,43,0,
Sanilac County,US.MI.SL,43,6,
Lewis County,US.WA.LE,43,3,
Clarke County,US.VA.CK,43,0,
Wilkes County,US.GA.WS,42,1,
Wythe County,US.VA.WY,42,1,
Austin County,US.TX.AU,42,0,
Wasco County,US.OR.WC,42,1,
Butler County,US.KS.BU,42,0,
Malheur County,US.OR.ML,42,1,
Somerset County,US.PA.SO,42,1,
Glenn County,US.CA.GL,42,0,
Greenbrier County,US.WV.GE,42,0,
Christian County,US.IL.CI,42,4,
Irwin County,US.GA.IR,42,1,
Jones County,US.IA.JN,42,0,
Lake County,US.CO.LK,42,0,
Callaway County,US.MO.CA,42,1,
Ottawa County,US.OK.OT,42,2,
Madison County,US.VA.MD,42,1,
George County,US.MS.GR,41,2,
Pawnee County,US.OK.PW,41,2,
Sac County,US.IA.SA,41,0,
Upshur County,US.TX.US,41,0,
DeKalb County,US.TN.DE,41,0,
Sullivan County,US.IN.SU,41,1,
Washington County,US.NE.WS,41,1,
Marion County,US.IA.MI,41,0,
Washington County,US.VT.WA,41,1,
Lee County,US.IA.LE,41,1,
Allendale County,US.SC.AL,41,3,
Montgomery County,US.IL.MT,41,1,
Montgomery County,US.KY.MM,41,0,
Hardy County,US.WV.HD,41,0,
Harrison County,US.IA.HR,41,0,
Hempstead County,US.AR.HE,41,1,
Mason County,US.WA.MA,41,1,
Charles Mix County,US.SD.CH,41,0,
Gloucester County,US.VA.GL,40,1,
Limestone County,US.TX.LO,40,1,
McPherson County,US.KS.MP,40,0,
Meade County,US.SD.MD,40,1,
Roberts County,US.SD.RO,40,0,
Hampshire County,US.WV.HM,40,1,
Essex County,US.NY.ES,40,0,
Douglas County,US.IL.DO,40,0,
Brown County,US.OH.BR,40,1,
Marinette County,US.WI.MT,40,3,
Knox County,US.IN.KN,40,0,
Lawrence County,US.OH.LW,40,0,
Yates County,US.NY.YA,40,6,
Lyman County,US.SD.LY,40,0,
Defiance County,US.OH.DF,40,2,
Pottawatomie County,US.KS.PT,40,0,
Mason County,US.MI.MN,40,0,
Kewaunee County,US.WI.KW,40,1,
Putnam County,US.WV.PU,40,0,
Garvin County,US.OK.GV,39,1,
Amelia County,US.VA.AI,39,1,
Val Verde County,US.TX.VL,39,0,
Owen County,US.IN.OW,39,1,
Halifax County,US.VA.HL,39,1,
Monroe County,US.WI.MO,39,1,
Washakie County,US.WY.WA,39,3,
Haywood County,US.TN.HY,39,2,
Yuba County,US.CA.YU,39,1,
Door County,US.WI.DO,39,3,
Teller County,US.CO.TE,39,2,
Dixon County,US.NE.DI,39,1,
City and Borough of Juneau,US.AK.JU,39,0,
Jerauld County,US.SD.JE,39,1,
Swain County,US.NC.SW,38,0,
Benton County,US.IN.BE,38,0,
Arenac County,US.MI.AR,38,1,
Overton County,US.TN.OV,38,0,
Russell County,US.KY.RU,38,4,
Union County,US.FL.UN,38,1,
Franklin County,US.ME.FR,37,1,
Webster County,US.KY.WE,37,0,
Grand Traverse County,US.MI.GN,37,5,
York County,US.NE.YO,37,0,
Richland County,US.ND.RI,37,0,
Grundy County,US.TN.GU,37,1,
Carroll County,US.OH.CO,37,3,
Mono County,US.CA.MO,37,1,
Ashland County,US.OH.AL,37,0,
Elmore County,US.ID.EL,37,2,
Saline County,US.KS.SA,37,2,
Merrick County,US.NE.ME,37,0,
Brown County,US.IN.BR,37,1,
Hawkins County,US.TN.HW,37,2,
Marshall County,US.WV.MH,37,0,
Polk County,US.WI.PL,37,1,
Humboldt County,US.IA.HU,37,1,
Champaign County,US.OH.CH,37,1,
Wakulla County,US.FL.WK,37,1,
Charlton County,US.GA.CT,36,2,
Kendall County,US.TX.KD,36,0,
Patrick County,US.VA.PK,36,0,
Cass County,US.TX.CS,36,2,
Wyoming County,US.PA.WM,36,7,
Jefferson County,US.FL.JE,36,4,
Carroll County,US.TN.CR,36,1,
Davis County,US.IA.DV,36,1,
Baker County,US.GA.BR,36,3,
Weakley County,US.TN.WE,36,0,
Andrew County,US.MO.AN,36,0,
Livingston County,US.IL.LI,35,2,
Highland County,US.OH.HI,35,1,
Jo Daviess County,US.IL.JO,35,1,
DeWitt County,US.TX.DE,35,1,
Hood County,US.TX.HO,35,4,
Henry County,US.TN.HR,35,0,
Crawford County,US.PA.CW,35,0,
Stone County,US.MS.ST,35,1,
Towns County,US.GA.TW,35,1,
Clayton County,US.IA.CT,35,3,
Buchanan County,US.IA.BC,35,1,
Bradley County,US.AR.BR,35,2,
Lincoln County,US.ID.LI,35,0,
McNairy County,US.TN.MA,35,0,
Waseca County,US.MN.WE,35,0,
Washington County,US.NC.WI,35,3,
Iowa County,US.IA.IO,35,0,
Baker County,US.FL.BK,35,4,
Crawford County,US.GA.CW,34,0,
Torrance County,US.NM.TO,34,1,
Lake County,US.CA.LK,34,0,
New Madrid County,US.MO.NW,34,1,
Custer County,US.NE.CU,34,3,
Cuming County,US.NE.CM,34,0,
Forest County,US.WI.FR,34,2,
Charles City County,US.VA.CC,34,2,
Madison County,US.IA.MD,34,2,
Little River County,US.AR.LT,34,0,
Appomattox County,US.VA.AP,34,0,
Clark County,US.KS.CA,34,0,
Rabun County,US.GA.RB,33,3,
King William County,US.VA.KW,33,0,
Warren County,US.TN.WR,33,0,
Wheeler County,US.GA.WL,33,0,
Mason County,US.TX.MA,33,0,
Taos County,US.NM.TA,33,0,
Hancock County,US.IA.HN,33,0,
Preston County,US.WV.PR,33,2,
Yancey County,US.NC.YN,33,0,
Holmes County,US.FL.HO,33,0,
Knox County,US.OH.KN,33,1,
Oxford County,US.ME.OX,33,0,
Aurora County,US.SD.AU,33,0,
Andrews County,US.TX.AR,33,0,
Davison County,US.SD.DV,33,0,
Jasper County,US.TX.JR,33,1,
Polk County,US.TN.PO,32,0,
Lyon County,US.IA.LY,32,0,
Wabaunsee County,US.KS.WB,32,0,
Tehama County,US.CA.TE,32,1,
Okmulgee County,US.OK.OM,32,0,
Hart County,US.KY.HT,32,0,
Pocahontas County,US.IA.PC,32,0,
Monroe County,US.KY.MO,32,0,
Payette County,US.ID.PA,32,2,
Ogemaw County,US.MI.OG,32,2,
Clallam County,US.WA.CL,32,0,
Seward County,US.NE.SA,32,1,
Roane County,US.TN.RA,32,0,
Jackson County,US.OK.JA,32,3,
Bee County,US.TX.BE,32,0,
Warren County,US.MO.WR,32,0,
Jefferson County,US.WA.JE,32,0,
Blackford County,US.IN.BL,32,2,
Coos County,US.OR.CO,32,0,
Alcorn County,US.MS.AL,32,1,
Pulaski County,US.VA.PU,31,1,
Boyle County,US.KY.BE,31,0,
Kit Carson County,US.CO.KT,31,3,
Seminole County,US.OK.SM,31,3,
Clarion County,US.PA.CL,31,2,
Zapata County,US.TX.ZP,31,0,
Cherokee County,US.NC.CO,31,1,
Morris County,US.TX.MR,31,0,
Pike County,US.MO.PI,31,1,
Hamilton County,US.KS.HM,31,0,
Christian County,US.MO.CT,31,0,
Kalkaska County,US.MI.KK,30,2,
Sherman County,US.TX.SN,30,0,
Geary County,US.KS.GE,30,1,
Seneca County,US.OH.SE,30,2,
Greene County,US.PA.GR,30,0,
Madison County,US.ID.MA,30,0,
Franklin County,US.TX.FK,30,0,
Perquimans County,US.NC.PQ,30,2,
Sagadahoc County,US.ME.SA,30,0,
Fremont County,US.CO.FR,30,0,
Barron County,US.WI.BR,30,0,
Van Buren County,US.AR.VA,30,2,
Franklin County,US.MS.FR,30,2,
Meade County,US.KS.ME,30,0,
Clay County,US.AL.CY,30,2,
Beaver County,US.OK.BA,30,0,
Faribault County,US.MN.FA,30,0,
Stevens County,US.KS.SV,30,0,
Meigs County,US.TN.ME,30,0,
Woodford County,US.IL.WO,30,2,
Alleghany County,US.VA.AL,30,2,
Charlotte County,US.VA.CT,30,0,
Alleghany County,US.NC.AL,30,0,
Butler County,US.IA.BE,30,2,
Uvalde County,US.TX.UV,30,0,
Otero County,US.NM.OT,30,5,
Columbia County,US.AR.CI,29,2,
Hockley County,US.TX.HC,29,1,
Drew County,US.AR.DR,29,1,
Randolph County,US.AR.RA,29,1,
Howell County,US.MO.HW,29,0,
Scurry County,US.TX.SU,29,0,
Sevier County,US.UT.SE,29,0,
Dunn County,US.WI.DN,29,0,
Douglas County,US.OR.DO,29,0,
Jersey County,US.IL.JR,29,1,
Taney County,US.MO.TA,29,2,
Delaware County,US.IA.DA,29,1,
Lamoille County,US.VT.LA,29,1,
Toole County,US.MT.TO,29,6,
Tipton County,US.IN.TT,28,1,
Albany County,US.WY.AL,28,0,
Henry County,US.KY.HY,28,2,
Vernon County,US.WI.VE,28,0,
San Miguel County,US.CO.SM,28,0,
Sanpete County,US.UT.SP,28,0,
Lamb County,US.TX.LB,28,0,
Smyth County,US.VA.SM,28,0,
Spencer County,US.KY.SP,28,0,
Fayette County,US.IA.FT,28,0,
Perry County,US.TN.PE,28,0,
Wood County,US.WI.WO,28,1,
Amherst County,US.VA.AH,28,0,
Campbell County,US.VA.CM,28,1,
Mille Lacs County,US.MN.MI,28,1,
Whitman County,US.WA.WI,28,0,
Adams County,US.IN.AD,28,1,
Bingham County,US.ID.BG,27,0,
Cooke County,US.TX.OO,27,0,
Dare County,US.NC.DE,27,1,
Labette County,US.KS.LB,27,0,
Hughes County,US.SD.HG,27,0,
Juneau County,US.WI.JU,27,1,
Sibley County,US.MN.SI,27,2,
Donley County,US.TX.DO,27,0,
Northumberland County,US.VA.NU,27,1,
Crawford County,US.WI.CR,27,0,
Crawford County,US.IN.CW,27,0,
Clay County,US.KY.CY,27,3,
Mecosta County,US.MI.MT,27,2,
Nowata County,US.OK.NW,27,1,
Raleigh County,US.WV.RL,27,0,
Cocke County,US.TN.CE,27,0,
Wise County,US.VA.WI,27,2,
Wayne County,US.NE.WY,26,0,
Taylor County,US.GA.TY,26,2,
Rock County,US.MN.RC,26,0,
Williams County,US.ND.WI,26,0,
Somerset County,US.ME.SO,26,0,
Cheboygan County,US.MI.CY,26,2,
Franklin County,US.NY.FR,26,0,
Anderson County,US.KY.AN,26,1,
Emmet County,US.MI.EM,26,2,
Josephine County,US.OR.JO,26,1,
Long County,US.GA.LG,26,1,
Johnson County,US.TN.JO,26,0,
Atchison County,US.KS.AT,26,0,
Campbell County,US.TN.CM,26,1,
Mills County,US.IA.ML,26,0,
Greene County,US.IA.GE,26,0,
Columbia County,US.OR.CL,26,0,
Bourbon County,US.KY.BU,26,1,
Calaveras County,US.CA.CA,26,0,
Jones County,US.NC.JN,26,3,
Carroll County,US.KY.CL,26,0,
Osceola County,US.MI.OE,25,0,
Love County,US.OK.LV,25,0,
Desha County,US.AR.DE,25,0,
Perry County,US.KY.PR,25,1,
Clare County,US.MI.CE,25,2,
Logan County,US.OK.LG,25,1,
Grundy County,US.IA.GN,25,0,
Lincoln County,US.OK.LI,25,2,
Roscommon County,US.MI.RO,25,0,
Ray County,US.MO.RY,25,0,
Calhoun County,US.IA.CO,25,0,
Le Flore County,US.OK.LE,25,1,
Barry County,US.MO.BR,25,0,
Perry County,US.OH.PE,25,1,
Lucas County,US.IA.LU,25,3,
McIntosh County,US.OK.MI,25,1,
Conway County,US.AR.CN,25,3,
Gates County,US.NC.GT,25,2,
Taylor County,US.KY.TA,25,1,
Clay County,US.NE.CL,24,0,
Turner County,US.SD.TU,24,0,
McLean County,US.KY.ML,24,1,
Floyd County,US.IA.FL,24,1,
Wabasha County,US.MN.WB,24,0,
Bureau County,US.IL.BU,24,1,
Green Lake County,US.WI.GL,24,0,
Grant County,US.AR.GN,24,0,
Howard County,US.TX.HW,24,1,
Sullivan County,US.NH.SU,24,1,
Jackson County,US.WI.JA,24,1,
Montgomery County,US.GA.MM,24,0,
Giles County,US.TN.GL,24,0,
Clay County,US.AR.CY,24,0,
Meade County,US.KY.MA,24,2,
Missaukee County,US.MI.MU,24,1,
Inyo County,US.CA.IN,24,1,
Winneshiek County,US.IA.WH,24,0,
Fountain County,US.IN.FO,24,2,
Madison County,US.TX.AD,24,0,
Gibson County,US.IN.GI,24,2,
Athens County,US.OH.AS,24,1,
Noble County,US.OK.NB,24,0,
Converse County,US.WY.CE,24,0,
Fayette County,US.IL.FA,23,3,
Gray County,US.KS.GY,23,0,
Cannon County,US.TN.CN,23,0,
Menard County,US.IL.MN,23,0,
Todd County,US.KY.TO,23,0,
Swisher County,US.TX.SW,23,1,
King and Queen County,US.VA.KA,23,1,
Hidalgo County,US.NM.HI,23,0,
Kleberg County,US.TX.KL,23,1,
Breckinridge County,US.KY.BC,23,2,
Knox County,US.ME.KN,23,1,
Posey County,US.IN.PS,23,0,
Pontotoc County,US.OK.PN,23,2,
Montgomery County,US.KS.MG,23,2,
Jefferson County,US.KS.JF,23,0,
Gladwin County,US.MI.GL,23,1,
Tillman County,US.OK.TI,23,1,
Hansford County,US.TX.HF,23,2,
Spencer County,US.IN.SP,23,1,
Carter County,US.TN.CT,23,1,
Park County,US.CO.PA,23,0,
Beltrami County,US.MN.BT,23,0,
Lander County,US.NV.LA,23,0,
Mitchell County,US.NC.MI,23,0,
Doniphan County,US.KS.DP,23,0,
McIntosh County,US.GA.MH,22,1,
Tensas Parish,US.LA.TN,22,0,
Robertson County,US.TX.RO,22,0,
Switzerland County,US.IN.SW,22,0,
Charlevoix County,US.MI.CV,22,2,
Haskell County,US.KS.HS,22,0,
Otero County,US.CO.OT,22,1,
Vinton County,US.OH.VI,22,2,
San Jacinto County,US.TX.SJ,22,0,
Carbon County,US.WY.CB,22,1,
Grainger County,US.TN.GA,22,0,
McKenzie County,US.ND.MK,22,0,
Morrow County,US.OR.MO,22,0,
Twiggs County,US.GA.TG,22,1,
Union County,US.KY.UN,22,0,
Morgan County,US.TN.MG,22,1,
Brewster County,US.TX.BS,22,0,
Lavaca County,US.TX.LA,22,1,
Cleburne County,US.AL.CB,22,1,
Floyd County,US.KY.FO,22,0,
Clinton County,US.MO.CO,22,0,
Uintah County,US.UT.UN,22,0,
Sequatchie County,US.TN.SQ,22,0,
Ford County,US.IL.FO,22,1,
Logan County,US.WV.LO,21,1,
Marion County,US.TX.MN,21,1,
Pocahontas County,US.WV.PO,21,0,
Phelps County,US.NE.PH,21,0,
Jim Wells County,US.TX.JW,21,0,
Sequoyah County,US.OK.SQ,21,3,
Siskiyou County,US.CA.SK,21,0,
Brown County,US.MN.BR,21,2,
Kauai County,US.HI.KU,21,0,
Delta County,US.MI.DE,21,2,
Ketchikan Gateway Borough,US.AK.KG,21,0,
Henry County,US.OH.HE,21,0,
Nemaha County,US.KS.NM,21,0,
Scioto County,US.OH.SC,21,0,
Logan County,US.AR.LG,21,0,
Jackson County,US.TX.JA,21,1,
Lewis and Clark County,US.MT.LE,21,0,
Lewis County,US.NY.LE,21,5,
Grays Harbor County,US.WA.GY,21,0,
Falls County,US.TX.FL,21,0,
Faulk County,US.SD.FU,21,0,
Lincoln County,US.ME.LI,21,0,
Lunenburg County,US.VA.LN,21,0,
Jackson County,US.TN.JA,21,0,
Trinity County,US.TX.TR,21,0,
Fillmore County,US.MN.FI,21,0,
Alcona County,US.MI.AC,21,1,
Stanton County,US.NE.ST,21,0,
Marshall County,US.OK.MH,21,0,
Lynn County,US.TX.LY,21,1,
Crockett County,US.TN.CK,21,3,
Johnson County,US.IL.JH,20,0,
Jefferson County,US.PA.JE,20,1,
Tioga County,US.PA.TI,20,2,
Kossuth County,US.IA.KO,20,0,
Carter County,US.KY.CR,20,0,
Parke County,US.IN.PA,20,0,
Izard County,US.AR.IZ,20,1,
Candler County,US.GA.CR,20,0,
Kerr County,US.TX.KR,20,1,
Cascade County,US.MT.CS,20,2,
Jackson County,US.AR.JA,20,0,
Asotin County,US.WA.AS,20,2,
Benewah County,US.ID.BA,20,0,
Owyhee County,US.ID.OW,20,0,
Schley County,US.GA.SY,20,1,
Martin County,US.IN.MN,20,0,
Hancock County,US.WV.HN,20,0,
Cleveland County,US.AR.CV,20,0,
Douglas County,US.WI.DG,20,0,
Moody County,US.SD.MO,20,0,
Swift County,US.MN.SW,20,1,
Guadalupe County,US.NM.GU,20,0,
Boone County,US.WV.BN,19,0,
Johnson County,US.WY.JO,19,1,
Ida County,US.IA.ID,19,0,
Washington County,US.IL.WG,19,0,
Webster County,US.MO.WE,19,0,
Whitley County,US.KY.WH,19,0,
Warren County,US.GA.WR,19,0,
Chowan County,US.NC.CW,19,0,
Morgan County,US.WV.MA,19,0,
Custer County,US.MT.CU,19,0,
Mercer County,US.IL.ME,19,0,
Sheridan County,US.WY.SH,19,0,
Henderson County,US.TN.HS,19,0,
Waushara County,US.WI.WS,18,0,
Clear Creek County,US.CO.CL,18,1,
Rockbridge County,US.VA.RB,18,0,
Treutlen County,US.GA.TE,18,1,
Carroll County,US.IL.CL,18,2,
Lincoln County,US.GA.LC,18,1,
Alexander County,US.IL.AL,18,0,
Trigg County,US.KY.TG,18,0,
Wilkin County,US.MN.WL,18,3,
Norman County,US.MN.NR,18,0,
Mason County,US.KY.MS,18,0,
Mason County,US.IL.MS,18,0,
Iowa County,US.WI.IO,18,0,
Humphreys County,US.TN.HU,18,1,
San Miguel County,US.NM.SM,18,0,
Mariposa County,US.CA.MP,18,1,
Benton County,US.MS.BE,18,0,
Freestone County,US.TX.FE,18,0,
Buchanan County,US.VA.BH,18,0,
Nelson County,US.VA.NL,18,0,
Hamilton County,US.TX.HM,18,1,
Page County,US.IA.PG,18,0,
Hancock County,US.IL.HC,18,1,
Wexford County,US.MI.WE,18,3,
Adams County,US.OH.AD,18,1,
Fulton County,US.PA.FU,17,1,
Cherokee County,US.KS.CK,17,0,
Gem County,US.ID.GE,17,0,
Stewart County,US.TN.SA,17,0,
Lyon County,US.KY.LY,17,3,
Walsh County,US.ND.WL,17,0,
Venango County,US.PA.VE,17,0,
Grand County,US.CO.GR,17,0,
Washington County,US.KY.WS,17,0,
Mercer County,US.KY.MC,17,0,
Franklin County,US.ID.FA,17,0,
Lake County,US.SD.LK,17,1,
Nodaway County,US.MO.NO,17,0,
Ravalli County,US.MT.RA,17,0,
Transylvania County,US.NC.TR,17,1,
Grant County,US.KS.GT,17,1,
Floyd County,US.TX.FY,17,0,
Ouachita County,US.AR.OU,17,0,
Paulding County,US.OH.PA,17,0,
Perry County,US.AR.PY,17,0,
Oneida County,US.WI.ON,17,0,
Craig County,US.OK.CG,17,0,
Appanoose County,US.IA.AP,17,3,
Webster County,US.GA.WT,17,1,
Costilla County,US.CO.CS,17,0,
Crawford County,US.IL.CW,17,0,
Henry County,US.MO.HE,17,3,
Shelby County,US.IL.SB,16,1,
Morgan County,US.UT.MN,16,0,
Barnes County,US.ND.BA,16,0,
Prowers County,US.CO.PR,16,0,
Caledonia County,US.VT.CA,16,0,
Rockcastle County,US.KY.RC,16,0,
Scott County,US.KS.SC,16,0,
Keokuk County,US.IA.KE,16,1,
Cass County,US.IA.CS,16,0,
Rappahannock County,US.VA.RP,16,0,
Wheeler County,US.TX.WL,16,0,
Claiborne County,US.TN.CI,16,0,
Knox County,US.NE.KN,16,0,
Currituck County,US.NC.CI,16,0,
Palo Alto County,US.IA.PO,16,0,
Lafayette County,US.FL.LF,16,0,
Grant County,US.NM.GR,16,0,
Grant County,US.WV.GA,16,0,
San Juan County,US.WA.SA,16,0,
Piatt County,US.IL.PA,16,0,
Stevens County,US.WA.ST,16,1,
Greenup County,US.KY.GU,16,0,
Jackson County,US.OH.JA,16,0,
Arkansas County,US.AR.AR,16,0,
Lewis County,US.KY.LI,16,0,
Bracken County,US.KY.BK,15,0,
Sabine County,US.TX.SB,15,1,
Young County,US.TX.YU,15,1,
Quitman County,US.GA.QU,15,1,
Lincoln County,US.KY.LN,15,1,
Decatur County,US.TN.DC,15,0,
Chickasaw County,US.IA.CC,15,0,
Phillips County,US.CO.PH,15,0,
Pamlico County,US.NC.PM,15,0,
Mason County,US.WV.MN,15,0,
Harlan County,US.KY.HL,15,0,
Rowan County,US.KY.RW,15,0,
Moultrie County,US.IL.MI,15,0,
Traill County,US.ND.TR,15,0,
Mercer County,US.WV.MR,15,0,
Fentress County,US.TN.FE,15,0,
Ellis County,US.KS.EL,15,0,
Lincoln County,US.WY.LI,15,0,
Lawrence County,US.SD.LW,15,0,
Wright County,US.MO.WG,14,0,
Fulton County,US.KY.FU,14,0,
Washington County,US.MO.WS,14,1,
Baxter County,US.AR.BA,14,0,
Pendleton County,US.KY.PN,14,0,
Big Stone County,US.MN.BI,14,0,
Terry County,US.TX.TE,14,0,
Chester County,US.TN.CS,14,0,
Garrard County,US.KY.GR,14,0,
Harvey County,US.KS.HV,14,2,
Lewis County,US.WV.LE,14,1,
Ste. Genevieve County,US.MO.SG,14,1,
Power County,US.ID.PO,14,0,
Van Wert County,US.OH.VA,14,0,
Antrim County,US.MI.AN,14,0,
Morrill County,US.NE.MO,14,0,
Gaines County,US.TX.GS,14,0,
Wabash County,US.IL.WB,14,0,
Pipestone County,US.MN.PS,14,0,
Ballard County,US.KY.BA,14,0,
Evans County,US.GA.EV,14,0,
Reeves County,US.TX.RE,14,0,
Hudspeth County,US.TX.HU,14,0,
Audubon County,US.IA.AU,14,1,
Middlesex County,US.VA.MI,14,0,
Scott County,US.TN.SC,14,0,
Miami County,US.KS.MI,14,0,
Warren County,US.IN.WN,14,1,
Benton County,US.MO.BN,14,0,
Palo Pinto County,US.TX.PO,14,2,
Tyler County,US.TX.TY,14,0,
Jackson County,US.IA.JC,14,0,
Comanche County,US.TX.CE,14,1,
Richland County,US.WI.RI,14,4,
Brule County,US.SD.BU,13,0,
Hancock County,US.ME.HA,13,1,
Ransom County,US.ND.RN,13,0,
Fillmore County,US.NE.FI,13,1,
Gosper County,US.NE.GO,13,0,
Surry County,US.VA.SR,13,1,
Callahan County,US.TX.AL,13,2,
Grant County,US.SD.GA,13,0,
Vermillion County,US.IN.VE,13,0,
Kanabec County,US.MN.KA,13,1,
Greenlee County,US.AZ.GE,13,1,
Hartley County,US.TX.HL,13,2,
Carbon County,US.UT.CR,13,0,
Kingfisher County,US.OK.KN,13,0,
Schuyler County,US.IL.SU,13,0,
Blanco County,US.TX.BC,13,1,
Pendleton County,US.WV.PE,13,1,
Nantucket County,US.MA.NA,13,1,
Linn County,US.MO.LN,13,1,
Linn County,US.KS.LN,13,0,
Aitkin County,US.MN.AI,13,0,
Potter County,US.PA.PO,13,0,
Zavala County,US.TX.ZV,13,0,
Day County,US.SD.DY,13,0,
Lampasas County,US.TX.LP,13,0,
Ohio County,US.IN.OH,13,0,
McCreary County,US.KY.MR,13,0,
Manistee County,US.MI.ME,13,0,
Orleans County,US.VT.OL,13,0,
McKean County,US.PA.MC,13,1,
Clark County,US.IL.CK,13,0,
Winnebago County,US.IA.WB,13,0,
Leon County,US.TX.LN,13,0,
Otoe County,US.NE.OT,13,0,
Teton County,US.ID.TE,12,0,
Pacific County,US.WA.PA,12,1,
Union County,US.IN.UN,12,0,
Polk County,US.NE.PO,12,0,
Hot Springs County,US.WY.HO,12,0,
Taylor County,US.WV.TA,12,0,
Buena Vista city,US.VA.BE,12,0,
Cheyenne County,US.NE.CY,12,0,
Franklin County,US.IL.FR,12,0,
Renville County,US.MN.RN,12,0,
Adair County,US.IA.AI,12,0,
Redwood County,US.MN.RW,12,0,
Bates County,US.MO.BS,12,1,
Howard County,US.IA.HO,12,0,
Caldwell County,US.KY.CD,12,0,
Montgomery County,US.MO.MM,12,0,
Amador County,US.CA.AM,12,0,
Pike County,US.OH.PK,12,0,
Fulton County,US.IL.FU,12,0,
Ripley County,US.MO.RI,12,0,
Leelanau County,US.MI.LE,12,0,
Cameron Parish,US.LA.CM,12,0,
Randolph County,US.MO.RN,12,0,
Baca County,US.CO.BA,12,0,
Murray County,US.OK.MR,12,0,
Juab County,US.UT.JU,12,0,
Knox County,US.KY.KX,12,0,
Corson County,US.SD.CO,12,0,
Kearney County,US.NE.KA,12,0,
Grundy County,US.MO.GU,12,0,
Bond County,US.IL.BN,12,1,
Sanborn County,US.SD.SA,12,0,
Poquoson city,US.VA.PQ,12,0,
Prairie County,US.AR.PR,12,0,
Cooper County,US.MO.CP,12,0,
Marshall County,US.MN.MS,12,0,
Schuyler County,US.NY.SU,12,0,
Vernon County,US.MO.VE,12,0,
Grand County,US.UT.GR,12,0,
Mingo County,US.WV.MO,12,2,
Presque Isle County,US.MI.PR,12,0,
Laclede County,US.MO.LD,12,0,
Lafayette County,US.AR.LF,12,1,
Blaine County,US.OK.BL,12,0,
McLean County,US.ND.ML,11,0,
Stone County,US.AR.ST,11,0,
Aroostook County,US.ME.AR,11,1,
Roane County,US.WV.RO,11,1,
McCormick County,US.SC.MC,11,1,
Atoka County,US.OK.AT,11,0,
Greenwood County,US.KS.GW,11,0,
Clark County,US.SD.CK,11,0,
Logan County,US.IL.LO,11,0,
Yoakum County,US.TX.YA,11,0,
Gulf County,US.FL.GU,11,0,
Yellow Medicine County,US.MN.YE,11,0,
Stanley County,US.SD.ST,11,0,
Casey County,US.KY.CS,11,0,
Effingham County,US.IL.EF,11,1,
Cass County,US.MN.CS,11,2,
Hancock County,US.KY.HC,11,0,
Dunn County,US.ND.DU,11,0,
Clay County,US.TN.CY,11,0,
Harrison County,US.OH.HR,11,0,
Carroll County,US.MO.CL,11,0,
Woodward County,US.OK.WW,11,0,
Lake County,US.MT.LA,11,0,
Van Buren County,US.IA.VA,11,0,
Burt County,US.NE.BT,11,0,
Union County,US.IA.UN,11,0,
Jefferson County,US.ID.JF,11,0,
Big Horn County,US.WY.BI,11,0,
Barbour County,US.WV.BB,11,1,
Morgan County,US.MO.MG,11,0,
Silver Bow County,US.MT.SI,11,0,
Larue County,US.KY.LR,11,1,
Bollinger County,US.MO.BI,11,0,
Presidio County,US.TX.PS,11,0,
Bon Homme County,US.SD.BH,11,0,
Osage County,US.KS.OS,10,0,
Neosho County,US.KS.NO,10,0,
Menifee County,US.KY.ME,10,0,
Clay County,US.WV.CY,10,0,
Sioux County,US.ND.SI,10,0,
Bath County,US.KY.BH,10,1,
Rusk County,US.WI.RU,10,0,
Lancaster County,US.VA.LA,10,0,
LaMoure County,US.ND.LA,10,0,
Polk County,US.MO.PO,10,0,
Garrett County,US.MD.GA,10,0,
Floyd County,US.VA.FO,10,1,
Cumberland County,US.IL.CU,10,0,
Brown County,US.KS.BR,10,0,
Duchesne County,US.UT.DU,10,0,
Boone County,US.AR.BO,10,0,
Churchill County,US.NV.CH,10,1,
Wadena County,US.MN.WD,10,0,
Brown County,US.IL.BR,10,0,
Pope County,US.MN.PE,10,0,
Bonner County,US.ID.BR,10,0,
Fleming County,US.KY.FE,10,0,
Upshur County,US.WV.UP,10,0,
Crawford County,US.MO.CF,10,0,
Hamlin County,US.SD.HM,10,0,
Vilas County,US.WI.VI,10,0,
Houston County,US.TN.HO,10,0,
Adams County,US.WI.AD,10,2,
Hutchinson County,US.SD.HT,10,0,
Gilmer County,US.WV.GI,10,0,
Wayne County,US.KY.WY,10,0,
Lawrence County,US.MO.LW,10,0,
Gillespie County,US.TX.GL,10,0,
Wayne County,US.IL.WY,10,1,
Barton County,US.MO.BT,10,0,
Ringgold County,US.IA.RI,10,0,
Stanton County,US.KS.ST,9,0,
Sumner County,US.KS.SU,9,1,
Lipscomb County,US.TX.LM,9,0,
Clay County,US.NC.CY,9,0,
Koochiching County,US.MN.KO,9,0,
Jefferson County,US.NE.JE,9,0,
Menominee County,US.MI.MM,9,0,
Montgomery County,US.IA.MG,9,2,
Marion County,US.MO.MO,9,0,
Radford city,US.VA.RD,9,0,
Marquette County,US.WI.MQ,9,1,
Crook County,US.OR.CR,9,0,
Fulton County,US.AR.FU,9,0,
Meigs County,US.OH.MS,9,0,
Bourbon County,US.KS.BB,9,1,
Union County,US.TN.UO,9,0,
Carbon County,US.MT.CB,9,0,
Oscoda County,US.MI.OO,9,1,
Tuolumne County,US.CA.TO,9,0,
Furnas County,US.NE.FU,9,1,
Sitka City and Borough,US.AK.SI,9,0,
Lee County,US.VA.LE,9,0,
Camden County,US.NC.CD,9,0,
Gallia County,US.OH.GA,9,1,
Harrison County,US.MO.HS,9,0,
Orange County,US.VT.OA,9,0,
Moffat County,US.CO.MF,9,0,
Ouray County,US.CO.OU,9,1,
Park County,US.WY.PA,9,0,
Monroe County,US.WV.ME,9,0,
Lassen County,US.CA.LS,9,0,
Adams County,US.ID.AM,9,0,
Cedar County,US.MO.CD,9,0,
Russell County,US.VA.RU,9,0,
Franklin County,US.AR.FR,9,0,
Montague County,US.TX.MU,9,1,
Sawyer County,US.WI.SW,9,0,
Tazewell County,US.VA.TA,9,0,
DeKalb County,US.MO.DE,9,0,
Tripp County,US.SD.TR,9,0,
Sharkey County,US.MS.SH,9,0,
Wetzel County,US.WV.WT,9,0,
Live Oak County,US.TX.LK,9,0,
Henderson County,US.IL.HD,8,0,
Bandera County,US.TX.BA,8,0,
Madison County,US.MT.MA,8,1,
McCook County,US.SD.MC,8,1,
Beckham County,US.OK.BC,8,0,
Lexington city,US.VA.LX,8,0,
Archuleta County,US.CO.AC,8,0,
Greene County,US.IL.GE,8,0,
Metcalfe County,US.KY.MT,8,2,
Kimball County,US.NE.KB,8,0,
Ramsey County,US.ND.RM,8,1,
Stone County,US.MO.SE,8,0,
Rolette County,US.ND.RO,8,0,
Park County,US.MT.PA,8,0,
Houghton County,US.MI.HO,8,0,
Colfax County,US.NM.CO,8,0,
Schleicher County,US.TX.SH,8,0,
Johnston County,US.OK.JO,8,0,
Scott County,US.VA.SC,8,2,
Nolan County,US.TX.NO,8,0,
Antelope County,US.NE.AN,8,0,
Cedar County,US.NE.CA,8,0,
Mitchell County,US.IA.ME,8,0,
Saline County,US.IL.SE,8,0,
Caribou County,US.ID.CR,8,0,
Grand Isle County,US.VT.GR,8,0,
Lincoln County,US.WI.LI,8,0,
Latah County,US.ID.LA,8,0,
Millard County,US.UT.MD,8,0,
Miller County,US.MO.ML,8,0,
Livingston County,US.KY.LV,8,0,
Wells County,US.ND.WE,8,0,
Decatur County,US.IA.DC,8,0,
Mackinac County,US.MI.MK,8,0,
Emery County,US.UT.EM,8,0,
Benton County,US.TN.BN,8,1,
Caldwell County,US.MO.CW,8,0,
Scotland County,US.MO.SO,8,1,
Crosby County,US.TX.CB,8,1,
Garza County,US.TX.GR,7,0,
Searcy County,US.AR.SA,7,0,
Nicholas County,US.WV.NI,7,1,
Goliad County,US.TX.GI,7,0,
Forest County,US.PA.FO,7,0,
Morgan County,US.KY.MG,7,0,
Monroe County,US.AR.ME,7,0,
Sherman County,US.KS.SH,7,0,
Curry County,US.OR.CU,7,0,
Pike County,US.AR.PE,7,0,
Haskell County,US.OK.HS,7,0,
Las Animas County,US.CO.LS,7,0,
Macon County,US.MO.MN,7,0,
Daviess County,US.MO.DV,7,0,
Bosque County,US.TX.BQ,7,0,
Hodgeman County,US.KS.HG,7,0,
Latimer County,US.OK.LA,7,1,
Los Alamos County,US.NM.LO,7,0,
Houston County,US.MN.HO,7,0,
Major County,US.OK.MJ,7,1,
Adams County,US.IA.AM,7,0,
Roosevelt County,US.MT.RO,7,0,
Rooks County,US.KS.RO,7,0,
Leslie County,US.KY.LS,7,0,
Pembina County,US.ND.PE,7,0,
Lincoln County,US.NM.LI,7,0,
Lincoln County,US.MT.LN,7,1,
Aransas County,US.TX.AA,7,0,
Dallas County,US.MO.DL,7,0,
Lewis County,US.MO.LE,7,1,
Crittenden County,US.KY.CT,7,1,
Johnson County,US.KY.JO,7,0,
Conejos County,US.CO.CN,7,0,
Karnes County,US.TX.KS,7,0,
Massac County,US.IL.MA,7,0,
Valley County,US.NE.VA,7,0,
Langlade County,US.WI.LN,7,0,
Ward County,US.TX.WD,7,0,
Eastland County,US.TX.EA,7,0,
Colusa County,US.CA.CL,7,0,
Pushmataha County,US.OK.PU,7,0,
Marion County,US.KS.MN,7,1,
Wilbarger County,US.TX.WG,7,0,
Dickinson County,US.MI.DI,7,2,
Lake County,US.MI.LK,7,0,
Boone County,US.NE.BO,7,0,
Walworth County,US.SD.WA,7,0,
Avery County,US.NC.AV,6,0,
Brooke County,US.WV.BO,6,0,
Childress County,US.TX.CD,6,0,
Buffalo County,US.WI.BF,6,2,
Woodson County,US.KS.WO,6,0,
Tillamook County,US.OR.TI,6,0,
Carson County,US.TX.CN,6,0,
Elk County,US.PA.EL,6,0,
Clearwater County,US.MN.CE,6,0,
Worth County,US.IA.WT,6,0,
Coal County,US.OK.CL,6,0,
Fall River County,US.SD.FL,6,0,
Coos County,US.NH.CO,6,0,
Craig County,US.VA.CG,6,0,
Crook County,US.WY.CK,6,0,
Franklin County,US.NE.FA,6,0,
Wyoming County,US.WV.WY,6,0,
Clay County,US.KS.CY,6,1,
Dickinson County,US.KS.DK,6,0,
Taylor County,US.WI.TA,6,0,
Webster County,US.NE.WE,6,0,
Cloud County,US.KS.CD,6,0,
Chariton County,US.MO.CI,6,0,
Morton County,US.KS.MT,6,0,
Shannon County,US.MO.SN,6,0,
Giles County,US.VA.GI,6,0,
Lincoln County,US.MN.LI,6,0,
Lake County,US.OR.LK,6,0,
Red Willow County,US.NE.RE,6,0,
Newton County,US.TX.NE,6,0,
Refugio County,US.TX.RF,6,0,
Graham County,US.NC.GH,6,0,
McDowell County,US.WV.MC,6,0,
Grant County,US.MN.GR,6,0,
Gilpin County,US.CO.GI,6,0,
Glacier County,US.MT.GC,6,0,
Jackson County,US.SD.JA,6,0,
Okfuskee County,US.OK.OF,6,0,
Noble County,US.OH.NO,6,0,
Phelps County,US.MO.PH,6,0,
Mercer County,US.ND.ME,6,0,
Pike County,US.IN.PI,6,0,
Oregon County,US.MO.OR,6,0,
Mahnomen County,US.MN.MH,6,1,
Plumas County,US.CA.PU,6,0,
Hand County,US.SD.HD,6,0,
Letcher County,US.KY.LT,6,0,
Rains County,US.TX.RI,6,0,
Morgan County,US.OH.MA,6,0,
Livingston County,US.MO.LV,6,0,
Pierce County,US.NE.PI,6,0,
Kiowa County,US.OK.KO,6,0,
Hamilton County,US.NY.HA,6,1,
Johnson County,US.NE.JO,6,0,
Scott County,US.AR.SC,6,0,
Jim Hogg County,US.TX.JG,6,0,
Roseau County,US.MN.RS,6,0,
Pratt County,US.KS.PR,6,0,
Clay County,US.TX.CY,5,0,
Stephens County,US.TX.SE,5,0,
Lincoln County,US.WV.LI,5,0,
Lewis County,US.TN.LE,5,0,
Van Buren County,US.TN.VA,5,0,
Tyrrell County,US.NC.TY,5,0,
Cotton County,US.OK.CT,5,2,
Burke County,US.ND.BK,5,0,
Duval County,US.TX.DU,5,0,
Eddy County,US.ND.ED,5,0,
Quay County,US.NM.QU,5,1,
Ralls County,US.MO.RL,5,0,
Edwards County,US.KS.ED,5,0,
Wayne County,US.IA.WY,5,0,
Winkler County,US.TX.WI,5,0,
Matthews County,US.VA.MT,5,0,
Pershing County,US.NV.PE,5,0,
Clinton County,US.KY.CO,5,0,
Woodruff County,US.AR.WO,5,0,
Woods County,US.OK.WS,5,0,
Nome Census Area,US.AK.NM,5,0,
Mercer County,US.MO.MC,5,0,
Hickman County,US.KY.HA,5,0,
Union County,US.NM.UN,5,0,
La Salle County,US.TX.LS,5,0,
Sherman County,US.NE.SM,5,0,
Traverse County,US.MN.TR,5,0,
Owen County,US.KY.OE,5,0,
Benzie County,US.MI.BE,5,0,
Bethel Census Area,US.AK.BE,5,0,
Madison County,US.NC.MD,5,0,
Osage County,US.MO.OS,5,0,
Moore County,US.TN.MO,5,0,
Glasscock County,US.TX.GC,5,0,
Sierra County,US.NM.SI,5,0,
Cheyenne County,US.CO.CE,5,0,
Gogebic County,US.MI.GO,5,1,
Carter County,US.MO.CR,5,1,
Lawrence County,US.IL.LW,5,0,
Carlisle County,US.KY.CE,5,1,
Hubbard County,US.MN.HU,5,0,
Lawrence County,US.KY.LC,5,0,
Powell County,US.KY.PO,5,0,
Collingsworth County,US.TX.CG,5,0,
Llano County,US.TX.LL,5,0,
Tucker County,US.WV.TU,5,0,
Richland County,US.MT.RI,5,0,
Marshall County,US.SD.MS,5,0,
Spink County,US.SD.SP,5,0,
Morris County,US.KS.MR,5,0,
Crockett County,US.TX.CT,5,0,
Goshen County,US.WY.GO,5,0,
Marshall County,US.IL.MH,5,0,
Cumberland County,US.KY.CU,5,0,
Warren County,US.PA.WR,5,0,
Montmorency County,US.MI.MR,5,0,
Ottawa County,US.KS.OT,4,0,
Magoffin County,US.KY.MF,4,0,
Douglas County,US.SD.DO,4,0,
Jewell County,US.KS.JW,4,0,
Chautauqua County,US.KS.CQ,4,0,
Jefferson County,US.OK.JE,4,0,
Iron County,US.MI.IR,4,0,
Trimble County,US.KY.TM,4,0,
McCulloch County,US.TX.MC,4,0,
Oldham County,US.TX.OL,4,1,
Republic County,US.KS.RP,4,0,
De Witt County,US.IL.DW,4,0,
Jack County,US.TX.JK,4,0,
Dewey County,US.SD.DW,4,0,
Dewey County,US.OK.DW,4,0,
Rice County,US.KS.RC,4,0,
Cottle County,US.TX.OT,4,1,
Haskell County,US.TX.HK,4,0,
Martin County,US.TX.MT,4,1,
Richland County,US.IL.RI,4,0,
Northwest Arctic Borough,US.AK.NW,4,0,
Hardeman County,US.TX.RD,4,0,
Nemaha County,US.NE.NE,4,0,
Estill County,US.KY.ES,4,0,
Lane County,US.KS.LE,4,0,
Worth County,US.MO.WO,4,0,
Lake County,US.MN.LE,4,0,
Fremont County,US.ID.FE,4,0,
Nicholas County,US.KY.NI,4,0,
Sargent County,US.ND.SG,4,0,
Wirt County,US.WV.WI,4,0,
Bottineau County,US.ND.BT,4,0,
Pickett County,US.TN.PI,4,0,
Fremont County,US.IA.FO,4,0,
Schoolcraft County,US.MI.SR,4,0,
Wallowa County,US.OR.WW,4,0,
Mineral County,US.NV.MI,4,0,
Mitchell County,US.KS.MC,4,0,
Wahkiakum County,US.WA.WH,4,0,
Ness County,US.KS.NS,4,0,
Petersburg Census Area,US.AK.PB,4,1,
Nance County,US.NE.NA,4,0,
Garfield County,US.UT.GA,4,1,
Dallas County,US.AR.DA,4,0,
Edmunds County,US.SD.ED,4,0,
Kane County,US.UT.KA,4,0,
Broadwater County,US.MT.BR,4,0,
Coke County,US.TX.OK,4,0,
Garden County,US.NE.GD,4,0,
Pleasants County,US.WV.PL,4,0,
Bristol city,US.VA.BI,4,0,
Bell County,US.KY.BL,4,0,
Emmons County,US.ND.EM,4,1,
Knott County,US.KY.KT,4,0,
Sublette County,US.WY.SU,4,0,
Breathitt County,US.KY.BT,4,0,
Menominee County,US.WI.MN,4,0,
Washburn County,US.WI.WR,3,0,
Hyde County,US.SD.HY,3,0,
Lac Qui Parle County,US.MN.LC,3,0,
Kodiak Island Borough,US.AK.KO,3,0,
Luce County,US.MI.LU,3,0,
Benson County,US.ND.BE,3,0,
Idaho County,US.ID.ID,3,0,
Madison County,US.MO.MD,3,0,
Bent County,US.CO.BE,3,0,
Atchison County,US.MO.AT,3,0,
Deer Lodge County,US.MT.DE,3,0,
Renville County,US.ND.RE,3,0,
Red Lake County,US.MN.RD,3,0,
Anderson County,US.KS.AN,3,0,
Lincoln County,US.CO.LI,3,0,
Pend Oreille County,US.WA.PE,3,0,
Valley County,US.ID.VA,3,0,
Jefferson County,US.MT.JE,3,0,
Archer County,US.TX.AC,3,0,
Tyler County,US.WV.TY,3,0,
Washita County,US.OK.WT,3,0,
Kiowa County,US.KS.KW,3,0,
Braxton County,US.WV.BX,3,0,
Armstrong County,US.TX.AM,3,0,
Ashland County,US.WI.AS,3,0,
Pawnee County,US.KS.PN,3,0,
Box Butte County,US.NE.BX,3,0,
Rich County,US.UT.RH,3,0,
Kingsbury County,US.SD.KI,3,0,
Pierce County,US.ND.PI,3,0,
Hyde County,US.NC.HE,3,0,
Bayfield County,US.WI.BY,3,1,
Hughes County,US.OK.HU,3,0,
Wrangell City and Borough,US.AK.WG,3,0,
Highland County,US.VA.HA,3,0,
Chase County,US.KS.CS,3,0,
Delta County,US.TX.DT,3,0,
Sullivan County,US.PA.SL,3,0,
Miner County,US.SD.ME,3,0,
Stark County,US.IL.SA,3,0,
Dickey County,US.ND.DC,3,0,
Newton County,US.AR.NW,3,0,
McPherson County,US.SD.MP,3,0,
Greeley County,US.NE.GE,3,0,
Hinsdale County,US.CO.HI,3,0,
Green County,US.KY.GN,3,1,
Stillwater County,US.MT.ST,3,0,
Essex County,US.VT.ES,3,0,
Douglas County,US.MO.DO,3,0,
Hanson County,US.SD.HS,3,0,
Ellsworth County,US.KS.EW,3,0,
Norton County,US.KS.NT,3,0,
Edgar County,US.IL.EG,3,0,
Coleman County,US.TX.CM,3,0,
Martin County,US.KY.MI,3,0,
Covington city,US.VA.CV,3,0,
Southeast Fairbanks Census Area,US.AK.SO,3,0,
Monroe County,US.MO.MR,3,0,
Howard County,US.MO.HR,3,0,
Sheridan County,US.KS.SD,3,0,
White County,US.IL.WE,3,0,
Chippewa County,US.MI.CP,3,0,
Skamania County,US.WA.SM,3,0,
Slope County,US.ND.SL,3,0,
Smith County,US.KS.SM,3,0,
Somervell County,US.TX.SV,3,0,
White Pine County,US.NV.WH,3,0,
Huerfano County,US.CO.HU,3,0,
Golden Valley County,US.MT.GO,3,0,
Mineral County,US.CO.MI,2,0,
Montgomery County,US.AR.MT,2,0,
Knox County,US.MO.KN,2,0,
Hall County,US.TX.HA,2,1,
Mitchell County,US.TX.MH,2,0,
Gallatin County,US.IL.GA,2,0,
Putnam County,US.MO.PN,2,0,
Keith County,US.NE.KT,2,0,
Elliott County,US.KY.EL,2,0,
Cheyenne County,US.KS.CN,2,0,
North Slope Borough,US.AK.NH,2,0,
Bennett County,US.SD.BN,2,0,
Gasconade County,US.MO.GA,2,0,
Pike County,US.IL.PK,2,0,
Clay County,US.IL.CY,2,0,
San Saba County,US.TX.SS,2,0,
Lemhi County,US.ID.LM,2,0,
Florence County,US.WI.FL,2,0,
Niobrara County,US.WY.NI,2,0,
Grant County,US.OK.GN,2,0,
Kidder County,US.ND.KI,2,0,
Franklin County,US.FL.FR,2,0,
Phillips County,US.KS.PL,2,0,
Prince of Wales-Hyder Census Area,US.AK.PH,2,0,
Fergus County,US.MT.FE,2,0,
Glascock County,US.GA.GS,2,0,
Grant County,US.ND.GT,2,0,
Fisher County,US.TX.FH,2,1,
Price County,US.WI.PC,2,0,
Pondera County,US.MT.PN,2,0,
Piute County,US.UT.PT,2,0,
Hamilton County,US.IL.HM,2,0,
Maries County,US.MO.MS,2,0,
Hemphill County,US.TX.HH,2,0,
Iron County,US.MO.IR,2,0,
Taliaferro County,US.GA.TA,2,0,
Harper County,US.KS.HP,2,0,
Dickens County,US.TX.DC,2,0,
Catron County,US.NM.CA,2,1,
Reynolds County,US.MO.RE,2,0,
Iron County,US.WI.IR,2,1,
St. Clair County,US.MO.SC,2,0,
Richardson County,US.NE.RI,2,1,
Custer County,US.ID.CU,2,0,
Edwards County,US.IL.EW,2,0,
Calhoun County,US.WV.CH,2,0,
Custer County,US.CO.CU,2,0,
Rio Blanco County,US.CO.RB,2,0,
Cameron County,US.PA.CE,2,0,
Owsley County,US.KY.OS,2,0,
Osborne County,US.KS.OB,2,0,
Trinity County,US.CA.TR,2,0,
Ritchie County,US.WV.RI,2,0,
McHenry County,US.ND.MH,2,1,
Custer County,US.SD.CU,2,0,
Alger County,US.MI.AG,2,0,
Brooks County,US.TX.BK,2,0,
Lincoln County,US.NV.LI,2,0,
Norton city,US.VA.NC,2,0,
Alpine County,US.CA.AP,2,0,
Mellette County,US.SD.ML,2,0,
Roberts County,US.TX.RS,2,0,
Marion County,US.AR.MN,2,0,
Reagan County,US.TX.RG,2,0,
Runnels County,US.TX.RN,2,0,
Comanche County,US.KS.CM,2,0,
Burnett County,US.WI.BN,2,1,
Lincoln County,US.WA.LI,2,0,
Yukon-Koyukuk Census Area,US.AK.YU,1,0,
Baylor County,US.TX.BR,1,0,
Cherry County,US.NE.CH,1,0,
Musselshell County,US.MT.MU,1,0,
Dade County,US.MO.DD,1,0,
Wheatland County,US.MT.WH,1,0,
Piscataquis County,US.ME.PI,1,0,
Platte County,US.WY.PL,1,0,
Nelson County,US.ND.NE,1,0,
Dawes County,US.NE.DS,1,0,
Wolfe County,US.KY.WL,1,0,
Barber County,US.KS.AB,1,0,
Concho County,US.TX.ON,1,0,
Cochran County,US.TX.CC,1,0,
Pepin County,US.WI.PE,1,0,
Liberty County,US.MT.LB,1,0,
Allen County,US.KS.AL,1,0,
Columbia County,US.WA.CM,1,0,
Meagher County,US.MT.ME,1,0,
Alfalfa County,US.OK.AL,1,0,
Nuckolls County,US.NE.NU,1,0,
Mills County,US.TX.MS,1,0,
McIntosh County,US.ND.MI,1,0,
Cimarron County,US.OK.CO,1,0,
Cook County,US.MN.CO,1,0,
Baker County,US.OR.BA,1,0,
Wilson County,US.KS.WL,1,0,
Washington County,US.ME.WS,1,0,
Oliver County,US.ND.OL,1,0,
Banner County,US.NE.BA,1,0,
Washington County,US.KS.WS,1,0,
Baraga County,US.MI.BA,1,0,
Lee County,US.KY.LE,1,0,
Clark County,US.MO.CK,1,0,
Sheridan County,US.ND.SH,1,0,
Ziebach County,US.SD.ZI,1,0,
Storey County,US.NV.ST,1,0,
Hancock County,US.TN.HC,1,0,
Summers County,US.WV.SU,1,0,
Sully County,US.SD.SU,1,0,
Haines Borough,US.AK.HA,1,0,
Camas County,US.ID.CM,1,0,
Calhoun County,US.IL.CH,1,0,
Griggs County,US.ND.GI,1,0,
Gregory County,US.SD.GE,1,0,
Harding County,US.NM.HA,1,0,
San Juan County,US.CO.SJ,1,0,
Real County,US.TX.RL,1,0,
Stevens County,US.MN.SV,1,0,
Grant County,US.OR.GR,1,0,
Steele County,US.ND.SE,1,0,
Ferry County,US.WA.FE,1,0,
Schuyler County,US.MO.SH,1,0,
Hardin County,US.IL.HI,1,0,
Trego County,US.KS.TR,1,0,
Valley County,US.MT.VA,1,0,
Beaver County,US.UT.BV,1,0,
Hitchcock County,US.NE.HI,1,0,
Chase County,US.NE.CE,1,0,
Holt County,US.MO.HL,1,0,
Texas County,US.MO.TE,1,0,
Dent County,US.MO.DN,1,0,
Harper County,US.OK.HP,1,0,
Thayer County,US.NE.TA,1,0,
Thomas County,US.NE.TO,1,0,
Divide County,US.ND.DV,1,0,
Holt County,US.NE.HT,1,0,
Deuel County,US.SD.DU,1,0,
Dickenson County,US.VA.DC,1,0,
Harney County,US.OR.HA,1,0,
Rosebud County,US.MT.RS,1,0,
Dimmit County,US.TX.DM,1,0,
Irion County,US.TX.IR,1,0,
Briscoe County,US.TX.BO,1,0,
Hill County,US.MT.HI,1,0,
Putnam County,US.IL.PT,1,0,
Gove County,US.KS.GO,1,0,
Beaverhead County,US.MT.BE,1,0,
Sherman County,US.OR.SH,1,0,
Pope County,US.IL.PE,1,0,
Knox County,US.TX.KX,1,0,
Sierra County,US.CA.SE,1,0,
Garfield County,US.NE.GF,1,0,
Shelby County,US.MO.SB,1,0,
Sioux County,US.NE.SI,1,0,
Shackelford County,US.TX.SC,1,0,
Kittson County,US.MN.KI,1,0,
Kinney County,US.TX.KN,1,0,
Foster County,US.ND.FO,1,0,
Kimble County,US.TX.KM,1,0,
Bowman County,US.ND.BW,1,0,
Frontier County,US.NE.FO,1,0,
Boyd County,US.NE.BY,1,0,
Motley County,US.TX.MY,1,0,
Stafford County,US.KS.SF,1,0,
Keweenaw County,US.MI.KW,1,0,
Deuel County,US.NE.DL,0,0,
Harlan County,US.NE.HR,0,0,
Harmon County,US.OK.HM,0,0,
Dillingham Census Area,US.AK.DI,0,0,
Fallon County,US.MT.FA,0,0,
Sterling County,US.TX.SI,0,0,
Greeley County,US.KS.GL,0,0,
Garfield County,US.WA.GF,0,0,
McCone County,US.MT.MC,0,0,
Yakutat City and Borough,US.AK.YA,0,0,
Graham County,US.KS.GH,0,0,
Harding County,US.SD.HR,0,0,
Garfield County,US.MT.GF,0,0,
Grant County,US.NE.GA,0,0,
Mora County,US.NM.MO,0,0,
Denali Borough,US.AK.DE,0,0,
Shoshone County,US.ID.SH,0,0,
Hayes County,US.NE.HY,0,0,
Scott County,US.IL.SO,0,0,
Hettinger County,US.ND.HE,0,0,
Sheridan County,US.MT.SH,0,0,
Hickory County,US.MO.HC,0,0,
Granite County,US.MT.GN,0,0,
McMullen County,US.TX.MM,0,0,
Skagway Municipality,US.AK.SW,0,0,
Stonewall County,US.TX.SA,0,0,
Edwards County,US.TX.ED,0,0,
Oneida County,US.ID.ON,0,0,
Clearwater County,US.ID.CE,0,0,
Haakon County,US.SD.HA,0,0,
Ellis County,US.OK.EL,0,0,
Clark County,US.ID.CA,0,0,
Modoc County,US.CA.MC,0,0,
Menard County,US.TX.EN,0,0,
Sanders County,US.MT.SA,0,0,
Foard County,US.TX.FD,0,0,
Elk County,US.KS.EK,0,0,
Sedgwick County,US.CO.SE,0,0,
McPherson County,US.NE.MC,0,0,
Golden Valley County,US.ND.GO,0,0,
Dundy County,US.NE.DY,0,0,
Mineral County,US.MT.MN,0,0,
Dolores County,US.CO.DO,0,0,
Sutton County,US.TX.ST,0,0,
Gilliam County,US.OR.GI,0,0,
Doddridge County,US.WV.DO,0,0,
Eureka County,US.NV.EU,0,0,
Sweet Grass County,US.MT.SW,0,0,
Chouteau County,US.MT.CH,0,0,
Esmeralda County,US.NV.ES,0,0,
Bear Lake County,US.ID.BK,0,0,
Terrell County,US.TX.TL,0,0,
Perkins County,US.SD.PR,0,0,
Keya Paha County,US.NE.KY,0,0,
Arthur County,US.NE.AR,0,0,
Petroleum County,US.MT.PO,0,0,
Kent County,US.TX.KT,0,0,
Sheridan County,US.NE.SD,0,0,
Kenedy County,US.TX.KE,0,0,
Lincoln County,US.KS.LC,0,0,
Valdez-Cordova Census Area,US.AK.VA,0,0,
Bristol Bay Borough,US.AK.BR,0,0,
Aleutians West Census Area,US.AK.AW,0,0,
Upton County,US.TX.UP,0,0,
Perkins County,US.NE.PE,0,0,
Kalawao County,US.HI.KL,0,0,
Judith Basin County,US.MT.JU,0,0,
Jones County,US.SD.JO,0,0,
Wayne County,US.MO.WY,0,0,
Brown County,US.NE.BW,0,0,
Rawlins County,US.KS.RA,0,0,
King County,US.TX.KG,0,0,
Phillips County,US.MT.PH,0,0,
Lewis County,US.ID.LW,0,0,
Boundary County,US.ID.BD,0,0,
Bath County,US.VA.BA,0,0,
Lake of the Woods County,US.MN.LO,0,0,
Lake and Peninsula Borough,US.AK.LA,0,0,
Kusilvak Census Area,US.AK.WA,0,0,
Billings County,US.ND.BI,0,0,
Blaine County,US.MT.BL,0,0,
Blaine County,US.NE.BL,0,0,
Wallace County,US.KS.WA,0,0,
Potter County,US.SD.PO,0,0,
Bland County,US.VA.BL,0,0,
Boise County,US.ID.BS,0,0,
Powder River County,US.MT.PD,0,0,
Powell County,US.MT.PL,0,0,
Prairie County,US.MT.PR,0,0,
Kiowa County,US.CO.KO,0,0,
Borden County,US.TX.BD,0,0,
Kingman County,US.KS.KM,0,0,
Butte County,US.ID.BT,0,0,
Aleutians East Borough,US.AK.AE,0,0,
Ontonagon County,US.MI.ON,0,0,
Rush County,US.KS.RH,0,0,
Robertson County,US.KY.RB,0,0,
Rock County,US.NE.RO,0,0,
Carter County,US.MT.CT,0,0,
Daggett County,US.UT.DG,0,0,
Wheeler County,US.NE.WH,0,0,
Wheeler County,US.OR.WE,0,0,
Roger Mills County,US.OK.RR,0,0,
Hoonah-Angoon Census Area,US.AK.HH,0,0,
Hooker County,US.NE.HO,0,0,
Butte County,US.SD.BT,0,0,
Throckmorton County,US.TX.TH,0,0,
Thomas County,US.KS.TH,0,0,
Russell County,US.KS.RS,0,0,
Wibaux County,US.MT.WI,0,0,
Wichita County,US.KS.WH,0,0,
Culberson County,US.TX.UL,0,0,
Teton County,US.MT.TE,0,0,
Marshall County,US.KS.MS,0,0,
Towner County,US.ND.TO,0,0,
Daniels County,US.MT.DN,0,0,
Treasure County,US.MT.TR,0,0,
Dawson County,US.MT.DW,0,0,
Wayne County,US.UT.WE,0,0,
Calhoun County,US.AR.CA,0,0,
Pawnee County,US.NE.PA,0,0,
Jeff Davis County,US.TX.JF,0,0,
Adams County,US.ND.AD,0,0,
Logan County,US.KS.LG,0,0,
Logan County,US.ND.LO,0,0,
Jackson County,US.CO.JA,0,0,
Logan County,US.NE.LG,0,0,
Loup County,US.NE.LU,0,0,
Ozark County,US.MO.OZ,0,0,
Webster County,US.WV.WB,0,0,
Decatur County,US.KS.DC,0,0,
Issaquena County,US.MS.IS,0,0,
Campbell County,US.SD.CP,0,0,
De Baca County,US.NM.DE,0,0,
Loving County,US.TX.LI,0,0,
Cavalier County,US.ND.CV,0,0,
