County,hasc,confirmed,death,recovered
Los Angeles County,US.CA.LO,164870,4213,
Maricopa County,US.AZ.MA,100543,1599,
Cook County,US.IL.CO,100124,4801,
Miami-Dade County,US.FL.DA,95068,1354,
Queens County,US.NY.QU,67265,7148,
Kings County,US.NY.KI,61662,7212,
Harris County,US.TX.RR,58480,560,
Bronx County,US.NY.BN,49017,4818,
Broward County,US.FL.BO,45010,536,
Dallas County,US.TX.DS,43026,537,
Nassau County,US.NY.NA,42765,2193,
Suffolk County,US.NY.SF,42621,1995,
Westchester County,US.NY.WE,35636,1442,
Bexar County,US.TX.BX,33555,274,
Clark County,US.NV.CL,33057,577,
Riverside County,US.CA.RI,31982,617,
Orange County,US.CA.OR,31743,521,
New York County,US.NY.NE,29943,3138,
Palm Beach County,US.FL.PL,28267,727,
San Bernardino County,US.CA.SA,25775,337,
Wayne County,US.MI.WY,25520,2784,
Hillsborough County,US.FL.HL,25432,278,
Orange County,US.FL.OR,25254,156,
San Diego County,US.CA.SD,25107,505,
Middlesex County,US.MA.MI,25084,1951,
Philadelphia County,US.PA.PH,24092,1664,
Tarrant County,US.TX.TN,22665,304,
Prince George's County,US.MD.PR,20958,725,
Suffolk County,US.MA.SU,20678,1039,
Bergen County,US.NJ.BE,20099,2031,
Hudson County,US.NJ.HD,19281,1491,
Essex County,US.NJ.ES,19173,2089,
Travis County,US.TX.TV,18394,218,
Duval County,US.FL.DU,18357,113,
Mecklenburg County,US.NC.MB,18075,179,
Middlesex County,US.NJ.MI,17379,1392,
Passaic County,US.NJ.PA,17196,1238,
Fairfield County,US.CT.FA,17164,1399,
Salt Lake County,US.UT.SL,17123,145,
Shelby County,US.TN.SY,16966,257,
Essex County,US.MA.ES,16815,1152,
Milwaukee County,US.WI.MU,16777,417,
Davidson County,US.TN.DA,16695,173,
Montgomery County,US.MD.MO,16593,781,
Union County,US.NJ.UN,16351,1342,
Hennepin County,US.MN.HE,15273,801,
Fairfax County,US.VA.FX,15078,510,
Franklin County,US.OH.FR,14736,478,
Richmond County,US.NY.RI,14557,1075,
Pinellas County,US.FL.PI,14371,364,
Fulton County,US.GA.FU,14169,350,
Gwinnett County,US.GA.GW,14099,209,
Providence County,US.RI.PR,14033,800,
Pima County,US.AZ.PM,13990,392,
Rockland County,US.NY.RO,13812,506,
Lee County,US.FL.LE,13768,247,
Oakland County,US.MI.OD,13644,1121,
King County,US.WA.KN,13627,638,
Hidalgo County,US.TX.HG,13126,367,
Marion County,US.IN.MO,13094,711,
Worcester County,US.MA.WO,12933,971,
New Haven County,US.CT.NH,12825,1092,
Jefferson Parish,US.LA.JF,12812,507,
El Paso County,US.TX.EP,12297,196,
Hartford County,US.CT.HA,12147,1407,
Washington,US.DC.DI,11571,581,
Fresno County,US.CA.FR,11412,104,
Kern County,US.CA.KE,11188,115,
Lake County,US.IL.LK,11079,435,
Cuyahoga County,US.OH.CU,11015,432,
Orange County,US.NY.OE,10960,404,
Polk County,US.FL.PO,10545,203,
DuPage County,US.IL.DU,10531,500,
DeKalb County,US.GA.DA,10203,196,
Baltimore County,US.MD.BC,10153,520,
Ocean County,US.NJ.OC,10054,1011,
Charleston County,US.SC.CS,9958,110,
Norfolk County,US.MA.NO,9821,972,
Baltimore City,US.MD.BA,9738,392,
Monmouth County,US.NJ.MN,9720,851,
Yuma County,US.AZ.YU,9713,206,
Alameda County,US.CA.AA,9643,171,
San Joaquin County,US.CA.SJ,9595,98,
Orleans Parish,US.LA.OR,9586,546,
Jefferson County,US.AL.JE,9400,192,
St. Louis County,US.MO.SL,9377,619,
Yakima County,US.WA.YA,9312,194,
Montgomery County,US.PA.MG,9282,839,
Wake County,US.NC.WK,9252,99,
Nueces County,US.TX.NU,9105,108,
Douglas County,US.NE.DG,9022,117,
Cobb County,US.GA.CB,8966,274,
East Baton Rouge Parish,US.LA.EB,8919,300,
Plymouth County,US.MA.PL,8917,700,
Greenville County,US.SC.GV,8820,136,
Imperial County,US.CA.IM,8799,165,
Bristol County,US.MA.BR,8761,615,
Denver County,US.CO.DN,8650,402,
Macomb County,US.MI.MB,8586,936,
Polk County,US.IA.PK,8572,189,
Kane County,US.IL.KE,8481,293,
Collier County,US.FL.CL,8401,114,
Santa Clara County,US.CA.SL,8321,180,
Prince William County,US.VA.PW,8265,165,
Erie County,US.NY.ER,8135,587,
Hamilton County,US.OH.HM,8071,220,
Delaware County,US.PA.DE,8003,675,
Sacramento County,US.CA.SC,7971,96,
Camden County,US.NJ.CM,7888,563,
Mercer County,US.NJ.ME,7858,608,
Will County,US.IL.WL,7845,336,
Tulare County,US.CA.TL,7603,168,
Galveston County,US.TX.GV,7479,66,
Manatee County,US.FL.MN,7252,152,
Hampden County,US.MA.HD,7180,680,
Horry County,US.SC.HO,7082,93,
Morris County,US.NJ.MR,7010,825,
Stanislaus County,US.CA.ST,6984,77,
Pinal County,US.AZ.PN,6910,113,
Osceola County,US.FL.OS,6844,49,
Oklahoma County,US.OK.OL,6762,85,
Tulsa County,US.OK.TU,6744,89,
Allegheny County,US.PA.AL,6670,214,
Utah County,US.UT.UT,6659,31,
Cameron County,US.TX.CA,6520,126,
Bucks County,US.PA.BC,6513,573,
Kent County,US.MI.KN,6486,150,
Richland County,US.SC.RI,6477,114,
Mobile County,US.AL.MB,6473,174,
Escambia County,US.FL.ES,6461,73,
Ada County,US.ID.AA,6423,40,
Lake County,US.IN.LK,6379,258,
New Castle County,US.DE.NE,6231,252,
Jackson County (including other portions of Kansas City),US.MO.JC,6217,89,
Contra Costa County,US.CA.CN,6202,102,
Arapahoe County,US.CO.AA,6197,352,
Fort Bend County,US.TX.FR,6130,75,
Anne Arundel County,US.MD.AN,6105,214,
Ventura County,US.CA.VE,6049,63,
Ramsey County,US.MN.RA,5890,247,
Volusia County,US.FL.VO,5803,92,
Seminole County,US.FL.SE,5736,56,
Collin County,US.TX.CI,5614,66,
Jefferson County,US.KY.JF,5519,215,
Burlington County,US.NJ.BU,5490,467,
San Francisco County,US.CA.SF,5459,53,
Montgomery County,US.AL.MT,5397,130,
Sussex County,US.DE.SU,5375,179,
Pasco County,US.FL.PS,5363,65,
Washington County,US.AR.WA,5350,39,
Lafayette Parish,US.LA.LY,5339,67,
Denton County,US.TX.DN,5316,45,
Santa Barbara County,US.CA.SB,5282,32,
Caddo Parish,US.LA.CO,5254,263,
Adams County,US.CO.AD,5248,164,
Durham County,US.NC.DH,5220,73,
Montgomery County,US.TX.MG,5169,49,
Lancaster County,US.PA.LN,5158,393,
Somerset County,US.NJ.SO,5082,550,
Brazoria County,US.TX.BI,5068,34,
Williamson County,US.TX.WM,4981,77,
Navajo County,US.AZ.NA,4898,163,
Berks County,US.PA.BK,4889,362,
Rutherford County,US.TN.RU,4828,43,
San Mateo County,US.CA.SM,4776,114,
Calcasieu Parish,US.LA.CC,4742,92,
Loudoun County,US.VA.LD,4738,106,
Brevard County,US.FL.BE,4658,60,
Lubbock County,US.TX.LU,4656,67,
Sarasota County,US.FL.SR,4644,110,
Jefferson County,US.TX.JE,4622,49,
Hall County,US.GA.HL,4620,69,
Lehigh County,US.PA.LH,4600,334,
Hamilton County,US.TN.HL,4523,40,
Snohomish County,US.WA.SN,4512,181,
Monroe County,US.NY.MR,4492,250,
Chester County,US.PA.CH,4414,337,
Guilford County,US.NC.GU,4412,134,
Dutchess County,US.NY.DU,4387,153,
Forsyth County,US.NC.FO,4343,41,
Washoe County,US.NV.WA,4332,105,
Webb County,US.TX.WB,4276,71,
Johnson County,US.KS.JO,4158,96,
Elkhart County,US.IN.EL,4150,69,
Bernalillo County,US.NM.BE,4005,104,
St. Lucie County,US.FL.SL,4004,94,
Hays County,US.TX.HY,4004,21,
Pierce County,US.WA.PI,4003,115,
Benton County,US.AR.BE,3985,29,
St. Tammany Parish,US.LA.ST,3954,190,
Hinds County,US.MS.HI,3952,77,
Wyandotte County,US.KS.WY,3937,90,
Pulaski County,US.AR.PU,3923,69,
Minnehaha County,US.SD.MN,3907,62,
McKinley County,US.NM.MC,3818,208,
Lexington County,US.SC.LX,3813,73,
Madison County,US.AL.MD,3792,20,
El Paso County,US.CO.EL,3786,122,
Ouachita Parish,US.LA.OU,3778,98,
Lake County,US.FL.LK,3757,37,
Lucas County,US.OH.LU,3742,308,
Chatham County,US.GA.CM,3723,43,
Multnomah County,US.OR.MU,3678,76,
Northampton County,US.PA.NA,3669,288,
Dane County,US.WI.DA,3633,33,
Clayton County,US.GA.CN,3630,88,
Brown County,US.WI.BW,3629,47,
Kings County,US.CA.KI,3600,45,
Canyon County,US.ID.CN,3598,22,
McLennan County,US.TX.ML,3575,25,
Hillsborough County,US.NH.HI,3575,267,
Chesterfield County,US.VA.CD,3564,65,
Muscogee County,US.GA.MG,3550,71,
Monterey County,US.CA.MT,3545,21,
Woodbury County,US.IA.WO,3493,46,
Leon County,US.FL.LO,3480,13,
City of St. Louis,US.MO.SY,3448,161,
Brazos County,US.TX.BZ,3442,42,
Jefferson County,US.CO.JE,3395,219,
Winnebago County,US.IL.WN,3386,113,
Sedgwick County,US.KS.SG,3368,33,
Onondaga County,US.NY.OG,3326,169,
Martin County,US.FL.MT,3314,58,
Tuscaloosa County,US.AL.TU,3308,59,
Marin County,US.CA.MN,3294,49,
Weld County,US.CO.WE,3293,139,
Potter County,US.TX.PT,3263,41,
Spartanburg County,US.SC.SP,3249,67,
Allen County,US.IN.AL,3217,148,
Montgomery County,US.OH.MT,3200,50,
Howard County,US.MD.HO,3198,100,
Dakota County,US.MN.DA,3194,100,
Genesee County,US.MI.GE,3183,293,
Berkeley County,US.SC.BK,3177,39,
Atlantic County,US.NJ.AT,3161,240,
Henrico County,US.VA.HC,3112,177,
Cumberland County,US.NJ.CU,3095,154,
Luzerne County,US.PA.LU,3085,183,
Merced County,US.CA.MD,2994,26,
Benton County,US.WA.BE,2983,102,
Solano County,US.CA.SN,2982,35,
Virginia Beach City,US.VA.VI,2968,39,
Marion County,US.FL.MI,2927,38,
Spokane County,US.WA.SP,2896,45,
Alachua County,US.FL.AL,2890,16,
St. Clair County,US.IL.SI,2883,152,
Franklin County,US.WA.FR,2882,44,
Bell County,US.TX.BL,2875,18,
Gloucester County,US.NJ.GL,2870,199,
San Juan County,US.NM.SJ,2869,176,
Marion County,US.OH.MR,2805,41,
Frederick County,US.MD.FR,2797,120,
Apache County,US.AZ.AP,2797,115,
Anoka County,US.MN.AN,2790,109,
Arlington County,US.VA.AR,2763,135,
Racine County,US.WI.RA,2739,69,
Coconino County,US.AZ.CO,2736,107,
Black Hawk County,US.IA.BL,2724,61,
Cass County,US.ND.CS,2715,75,
Summit County,US.OH.SU,2712,212,
St. Johns County,US.FL.SJ,2708,17,
Sumner County,US.TN.SN,2670,62,
Stearns County,US.MN.SR,2666,19,
Beaufort County,US.SC.BA,2659,28,
Walker County,US.TX.WK,2649,28,
Williamson County,US.TN.WL,2648,19,
Richmond City,US.VA.RC,2643,35,
DeSoto County,US.MS.DE,2619,20,
Alexandria City,US.VA.AX,2618,56,
Lancaster County,US.NE.LA,2605,14,
St. Joseph County,US.IN.SN,2605,74,
Knox County,US.TN.KN,2578,21,
Victoria County,US.TX.VI,2578,24,
York County,US.SC.YO,2561,17,
McHenry County,US.IL.MY,2559,110,
Waukesha County,US.WI.WK,2540,42,
Tangipahoa Parish,US.LA.TA,2536,53,
Marshall County,US.AL.MS,2494,21,
Rapides Parish,US.LA.RA,2492,94,
Johnston County,US.NC.JH,2490,41,
Shelby County,US.AL.SH,2482,28,
Davis County,US.UT.DA,2468,9,
Dauphin County,US.PA.DA,2466,152,
Mohave County,US.AZ.MO,2464,123,
Richmond County,US.GA.RI,2437,73,
Gaston County,US.NC.GS,2432,21,
Whitfield County,US.GA.WF,2410,23,
Santa Cruz County,US.AZ.SA,2401,43,
Bibb County,US.GA.BI,2390,47,
Norfolk City,US.VA.NF,2389,20,
Albany County,US.NY.AB,2369,112,
Dougherty County,US.GA.DH,2365,158,
Bay County,US.FL.BY,2356,14,
Lowndes County,US.GA.LW,2344,23,
Clay County,US.FL.CY,2330,45,
Washington County,US.OR.WI,2319,22,
Henry County,US.GA.HY,2301,36,
Pickaway County,US.OH.PC,2290,42,
Union County,US.NC.UN,2287,33,
Cherokee County,US.GA.CE,2267,50,
Sonoma County,US.CA.SO,2241,22,
Dorchester County,US.SC.DO,2241,21,
Marion County,US.OR.MR,2238,62,
Butler County,US.OH.BU,2230,52,
Fayette County,US.KY.FA,2205,41,
Lee County,US.AL.LE,2202,39,
Baldwin County,US.AL.BD,2196,16,
Florence County,US.SC.FL,2193,68,
Mahoning County,US.OH.MH,2187,247,
Terrebonne Parish,US.LA.TR,2173,69,
Washtenaw County,US.MI.WS,2169,110,
Weber County,US.UT.WB,2163,24,
Santa Rosa County,US.FL.SA,2147,19,
Wayne County,US.NC.WY,2142,35,
Lafourche Parish,US.LA.LO,2140,95,
Okaloosa County,US.FL.OA,2134,16,
Ellis County,US.TX.EI,2129,21,
Kenosha County,US.WI.KN,2102,47,
Cumberland County,US.NC.CU,2101,47,
Livingston Parish,US.LA.LV,2097,45,
Ascension Parish,US.LA.AE,2077,65,
York County,US.PA.YO,2067,76,
Ford County,US.KS.FO,2065,10,
Anderson County,US.TX.AE,2062,4,
Warren County,US.KY.WR,2057,19,
Hamilton County,US.IN.HM,2032,102,
Cabarrus County,US.NC.CR,2028,35,
Kent County,US.DE.KE,2025,96,
Robeson County,US.NC.RB,2015,46,
St. Charles County,US.MO.SA,2012,79,
Acadia Parish,US.LA.AD,2011,59,
Washington County,US.UT.WN,2007,9,
Cumberland County,US.ME.CU,1986,68,
Oneida County,US.NY.OD,1975,113,
Smith County,US.TX.SM,1960,11,
Troup County,US.GA.TP,1957,49,
Glynn County,US.GA.GY,1948,12,
New Hanover County,US.NC.NE,1932,14,
Ulster County,US.NY.UL,1909,81,
Dakota County,US.NE.DK,1877,37,
Sumter County,US.SC.SU,1875,34,
Douglas County,US.GA.DL,1853,43,
Madison County,US.MS.MD,1852,47,
Chesapeake City,US.VA.CS,1850,24,
Cleveland County,US.OK.CV,1847,40,
Dona Ana County,US.NM.DO,1838,14,
Lackawanna County,US.PA.LC,1823,212,
Iberia Parish,US.LA.II,1813,55,
Randolph County,US.NC.RA,1810,35,
Alamance County,US.NC.AA,1809,40,
Morgan County,US.AL.MG,1808,11,
Duplin County,US.NC.DP,1807,35,
Columbia County,US.FL.CU,1792,7,
Rowan County,US.NC.RW,1778,43,
Indian River County,US.FL.IN,1767,31,
Buena Vista County,US.IA.BV,1758,12,
Nobles County,US.MN.NB,1713,6,
Bossier Parish,US.LA.BO,1701,53,
Orangeburg County,US.SC.OR,1695,38,
Wilson County,US.TN.WO,1688,19,
Cache County,US.UT.CA,1685,3,
Boulder County,US.CO.BO,1683,74,
Cass County,US.IN.CS,1677,9,
Charles County,US.MD.CH,1659,90,
Hall County,US.NE.HL,1658,47,
St. Landry Parish,US.LA.SL,1655,67,
Finney County,US.KS.FI,1652,10,
Johnson County,US.IA.JH,1651,10,
Barnstable County,US.MA.BA,1644,154,
Ector County,US.TX.EC,1643,33,
Linn County,US.IA.LI,1642,87,
Rankin County,US.MS.RA,1623,23,
Saginaw County,US.MI.SG,1617,125,
Sarpy County,US.NE.SY,1612,8,
Madison County,US.IL.MD,1604,71,
Dallas County,US.IA.DL,1589,34,
Hendricks County,US.IN.HD,1574,104,
Catawba County,US.NC.CB,1574,15,
Harrison County,US.MS.HR,1573,21,
Rockingham County,US.NH.RO,1562,93,
Charlotte County,US.FL.CH,1560,82,
Washington County,US.MN.WH,1550,40,
Trousdale County,US.TN.TR,1548,6,
Manassas City,US.VA.MS,1544,20,
Kankakee County,US.IL.KK,1534,66,
Monroe County,US.PA.MR,1534,120,
Litchfield County,US.CT.LI,1530,138,
Madera County,US.CA.ME,1530,16,
Ottawa County,US.MI.OT,1524,53,
Anderson County,US.SC.AN,1519,28,
Lebanon County,US.PA.LB,1518,52,
Pickens County,US.SC.PI,1481,16,
Placer County,US.CA.PA,1479,12,
Columbiana County,US.OH.CL,1477,62,
Johnson County,US.IN.JO,1476,118,
Starr County,US.TX.SR,1475,19,
Sullivan County,US.NY.SL,1473,37,
Harford County,US.MD.HA,1472,66,
Etowah County,US.AL.ET,1471,15,
Yavapai County,US.AZ.YA,1463,49,
Umatilla County,US.OR.UM,1462,12,
Davidson County,US.NC.DD,1457,16,
Forsyth County,US.GA.FO,1454,16,
Hendry County,US.FL.HR,1451,32,
Olmsted County,US.MN.OL,1448,20,
Jones County,US.MS.JO,1432,53,
Carroll County,US.GA.CL,1414,42,
Guadalupe County,US.TX.GU,1412,6,
Stark County,US.OH.ST,1412,121,
Douglas County,US.CO.DU,1410,54,
Comal County,US.TX.OM,1406,43,
Iredell County,US.NC.IR,1399,13,
Niagara County,US.NY.NI,1395,87,
Putnam County,US.NY.PU,1394,63,
San Luis Obispo County,US.CA.SS,1393,7,
Colquitt County,US.GA.CQ,1377,20,
DeKalb County,US.AL.DA,1377,8,
Rock Island County,US.IL.RO,1375,30,
Lorain County,US.OH.LR,1375,75,
Kalamazoo County,US.MI.KA,1370,74,
Jackson County,US.MS.JC,1368,23,
Hot Spring County,US.AR.HT,1367,2,
New London County,US.CT.NL,1364,102,
Middlesex County,US.CT.MI,1362,188,
Burke County,US.NC.BK,1360,24,
Randall County,US.TX.RA,1355,15,
Elmore County,US.AL.EL,1353,33,
Kent County,US.RI.KE,1351,101,
Sampson County,US.NC.SP,1340,8,
Scott County,US.IA.SC,1337,11,
Leavenworth County,US.KS.LV,1333,7,
St. Martin Parish,US.LA.SR,1333,32,
Jasper County,US.MO.JS,1323,20,
Columbia County,US.GA.CI,1323,17,
Kaufman County,US.TX.KU,1317,5,
Carroll County,US.MD.CR,1311,115,
Ingham County,US.MI.IH,1308,29,
Warren County,US.OH.WR,1307,28,
Clarke County,US.GA.CK,1306,15,
Houston County,US.GA.HO,1297,36,
Hernando County,US.FL.HA,1296,19,
Cochise County,US.AZ.CH,1296,29,
Warren County,US.NJ.WA,1295,169,
Champaign County,US.IL.CM,1293,17,
Pitt County,US.NC.PI,1293,6,
Walker County,US.AL.WK,1290,54,
Bradley County,US.TN.BR,1284,8,
Maverick County,US.TX.MV,1283,19,
Newport News City,US.VA.NN,1276,14,
Putnam County,US.TN.PU,1275,8,
Tom Green County,US.TX.TG,1271,13,
Clark County,US.WA.CR,1271,32,
Forrest County,US.MS.FO,1267,45,
Newton County,US.GA.NE,1263,22,
Sussex County,US.NJ.SU,1256,195,
Midland County,US.TX.ID,1249,29,
Buncombe County,US.NC.BO,1248,41,
Dubuque County,US.IA.DU,1239,24,
Shawnee County,US.KS.SN,1237,14,
Vanderburgh County,US.IN.VA,1236,6,
Angelina County,US.TX.AG,1234,14,
Rock County,US.WI.RO,1228,25,
Yolo County,US.CA.YO,1225,35,
Montgomery County,US.TN.MT,1222,9,
Westmoreland County,US.PA.WE,1214,41,
Bartow County,US.GA.BT,1214,50,
Sebastian County,US.AR.SB,1214,11,
Trumbull County,US.OH.TR,1210,85,
Marshall County,US.IA.MS,1208,21,
Dallas County,US.AL.DL,1205,16,
Wicomico County,US.MD.WI,1201,42,
Wilson County,US.NC.WO,1200,28,
Spotsylvania County,US.VA.SP,1197,33,
Henderson County,US.NC.HN,1191,52,
St. John the Baptist Parish,US.LA.SO,1191,88,
St. Mary Parish,US.LA.SM,1189,39,
Robertson County,US.TN.RB,1184,15,
Clackamas County,US.OR.CC,1181,33,
Sevier County,US.TN.SV,1174,4,
Kootenai County,US.ID.KO,1161,1,
Larimer County,US.CO.LR,1158,32,
Berrien County,US.MI.BN,1155,61,
Lauderdale County,US.MS.LU,1154,83,
Stafford County,US.VA.SF,1151,6,
Kendall County,US.IL.KA,1151,21,
Lincoln County,US.AR.LC,1132,11,
Neshoba County,US.MS.NS,1129,82,
Washington County,US.MS.WS,1128,20,
Orange County,US.NC.OR,1127,45,
Chatham County,US.NC.CH,1124,47,
DeSoto County,US.FL.DE,1123,14,
Gregg County,US.TX.GE,1122,15,
Seward County,US.KS.SW,1121,4,
Honolulu County,US.HI.HO,1117,18,
Paulding County,US.GA.PA,1110,18,
Franklin County,US.PA.FR,1109,46,
Hunterdon County,US.NJ.HN,1102,126,
Kenton County,US.KY.KE,1100,37,
Tift County,US.GA.TI,1089,32,
St. Charles Parish,US.LA.SC,1088,50,
Aiken County,US.SC.AI,1085,16,
Johnson County,US.TX.JH,1085,7,
Portsmouth City,US.VA.PR,1085,21,
Putnam County,US.FL.PU,1083,12,
Coffee County,US.GA.CF,1080,21,
Scott County,US.MN.SC,1072,7,
Jefferson County,US.AR.JE,1069,32,
Municipality of Anchorage,US.AK.AN,1068,9,
Hampshire County,US.MA.HS,1063,125,
Cumberland County,US.PA.CU,1058,69,
Accomack County,US.VA.AC,1057,15,
Coweta County,US.GA.CA,1056,17,
Bastrop County,US.TX.BP,1056,12,
Granville County,US.NC.GN,1055,25,
Greenwood County,US.SC.GW,1053,11,
Muskegon County,US.MI.MG,1052,55,
Kershaw County,US.SC.KE,1052,19,
Franklin County,US.AL.FR,1050,17,
Beaver County,US.PA.BA,1046,82,
Gadsden County,US.FL.GA,1040,12,
Lee County,US.NC.LE,1037,8,
Washington Parish,US.LA.WO,1033,54,
Georgetown County,US.SC.GR,1033,13,
Titus County,US.TX.TU,1025,6,
Mower County,US.MN.MW,1019,2,
Harrisonburg City,US.VA.HS,1013,29,
Texas County,US.OK.TE,1009,7,
Grant County,US.WA.GN,1004,8,
Monroe County,US.FL.MO,998,6,
Laurens County,US.SC.LU,998,19,
Buchanan County,US.MO.BC,997,9,
Crittenden County,US.AR.CD,994,15,
Brunswick County,US.NC.BS,992,12,
Russell County,US.AL.RU,984,1,
Walworth County,US.WI.WL,983,19,
Delaware County,US.OH.DL,977,15,
Hale County,US.TX.HE,974,21,
Story County,US.IA.ST,973,10,
Fairfield County,US.OH.FI,970,18,
Faulkner County,US.AR.FA,970,4,
St. Francis County,US.AR.SI,968,3,
Houston County,US.AL.HO,968,10,
Iberville Parish,US.LA.IV,964,44,
Jackson County,US.FL.JA,963,17,
Moore County,US.TX.MO,961,15,
Twin Falls County,US.ID.TW,960,26,
Sandoval County,US.NM.SD,957,32,
Porter County,US.IN.PR,954,38,
Citrus County,US.FL.CI,954,18,
Clark County,US.OH.CK,951,11,
Taylor County,US.TX.TA,947,11,
Vermilion Parish,US.LA.VM,947,12,
Tolland County,US.CT.TO,946,65,
Pottawattamie County,US.IA.PT,945,16,
Suwannee County,US.FL.SW,940,27,
Limestone County,US.AL.LI,940,8,
Pope County,US.AR.PP,937,5,
Harnett County,US.NC.HT,932,34,
Walton County,US.FL.WL,931,11,
Broome County,US.NY.BO,930,66,
Yell County,US.AR.YE,928,14,
St. Clair County,US.AL.SA,928,5,
Schenectady County,US.NY.SN,926,36,
Rockdale County,US.GA.RO,926,12,
Rice County,US.MN.RI,924,8,
Ware County,US.GA.WE,914,17,
Highlands County,US.FL.HG,912,16,
Culpeper County,US.VA.CP,912,12,
Scott County,US.MS.SC,911,16,
Tippecanoe County,US.IN.TP,907,11,
Floyd County,US.GA.FL,905,15,
Caldwell County,US.TX.CW,904,7,
Sumter County,US.FL.SM,902,21,
Hunt County,US.TX.HT,898,8,
Dawson County,US.NE.DN,892,8,
Calhoun County,US.AL.CN,891,6,
Habersham County,US.GA.HB,890,43,
Autauga County,US.AL.AU,886,21,
Eagle County,US.CO.EA,884,9,
Winnebago County,US.WI.WA,884,15,
Sevier County,US.AR.SV,880,9,
Grayson County,US.TX.GO,880,8,
Lee County,US.MS.LE,879,26,
Cullman County,US.AL.CU,879,7,
Peoria County,US.IL.PI,878,32,
St. Bernard Parish,US.LA.SE,874,24,
Boone County,US.KY.BO,871,23,
Lee County,US.AR.LE,867,6,
Nassau County,US.FL.NA,865,7,
Outagamie County,US.WI.OU,858,11,
Santa Cruz County,US.CA.SZ,848,3,
Lamar County,US.MS.LM,845,9,
Jefferson Davis Parish,US.LA.JD,845,20,
Salem County,US.NJ.SA,841,81,
Tipton County,US.TN.TI,840,8,
Lake County,US.OH.LK,837,25,
Rockingham County,US.VA.RG,836,16,
Caldwell County,US.NC.CL,835,6,
Bulloch County,US.GA.BH,834,8,
Craighead County,US.AR.CG,828,8,
Schuylkill County,US.PA.SC,828,49,
McDonald County,US.MO.MA,824,1,
Clark County,US.IN.CK,821,45,
Chelan County,US.WA.CH,818,6,
Lauderdale County,US.AL.LU,818,9,
Washington County,US.MD.WA,818,29,
Barrow County,US.GA.BW,817,31,
Colbert County,US.AL.CL,816,10,
Erie County,US.PA.ER,813,13,
Licking County,US.OH.LI,808,17,
Whatcom County,US.WA.WA,807,37,
Lancaster County,US.SC.LN,806,16,
Boone County,US.MO.BO,800,2,
Suffolk City,US.VA.SO,797,45,
Nash County,US.NC.NA,794,10,
Nacogdoches County,US.TX.NC,793,35,
Monongalia County,US.WV.MG,790,5,
Jefferson County,US.MO.JE,789,23,
St. Mary's County,US.MD.SA,789,52,
Orange County,US.TX.OR,784,8,
Darlington County,US.SC.DA,783,22,
Copiah County,US.MS.CP,783,21,
Chambers County,US.AL.CM,782,34,
Allen Parish,US.LA.AL,777,16,
Hampton city,US.VA.HM,772,4,
Okeechobee County,US.FL.OE,770,2,
Baldwin County,US.GA.BD,770,37,
Grimes County,US.TX.GM,766,2,
Wichita County,US.TX.WC,764,9,
Warren County,US.MS.WR,762,23,
Cape May County,US.NJ.CP,762,85,
Wapello County,US.IA.WP,758,31,
Pennington County,US.SD.PN,756,24,
Yellowstone County,US.MT.YS,756,19,
Chambers County,US.TX.CH,756,5,
Thomas County,US.GA.TH,755,36,
Moore County,US.NC.ME,755,18,
Parker County,US.TX.PR,754,1,
Monroe County,US.MI.MO,754,21,
Tallapoosa County,US.AL.TP,751,75,
Hamblen County,US.TN.HB,743,6,
Avoyelles Parish,US.LA.AV,741,23,
Muscatine County,US.IA.MU,740,45,
Macon County,US.TN.MC,736,9,
Cleveland County,US.NC.CV,735,11,
Hardee County,US.FL.HD,733,4,
Grenada County,US.MS.GN,730,16,
McCurtain County,US.OK.MU,728,17,
DeKalb County,US.IL.DK,728,24,
Escambia County,US.AL.ES,728,15,
Dodge County,US.NE.DE,727,8,
Flagler County,US.FL.FL,724,8,
Gordon County,US.GA.GO,723,20,
Webster Parish,US.LA.WR,721,12,
Platte County,US.NE.PL,721,3,
Madison County,US.IN.MD,720,64,
Canadian County,US.OK.CN,717,4,
Sangamon County,US.IL.SM,717,33,
Lowndes County,US.MS.LO,714,19,
Columbus County,US.NC.CM,714,40,
Oktibbeha County,US.MS.OK,712,30,
Maury County,US.TN.MU,712,4,
Skagit County,US.WA.SG,712,17,
Kosciusko County,US.IN.KO,711,8,
Blue Earth County,US.MN.BE,710,2,
Medina County,US.OH.MD,709,32,
Stanly County,US.NC.SN,708,5,
LaPorte County,US.IN.LA,706,28,
Talladega County,US.AL.TD,705,9,
Fayette County,US.GA.FY,702,21,
Lake County,US.TN.LK,702,0,
Butler County,US.AL.BT,701,34,
Sunflower County,US.MS.SU,699,13,
Surry County,US.NC.SU,699,4,
Leake County,US.MS.LK,699,23,
Newton County,US.MO.NT,699,3,
Bedford County,US.TN.BD,696,10,
Chittenden County,US.VT.CH,695,39,
Tuscarawas County,US.OH.TU,694,11,
Crawford County,US.IA.CW,688,3,
Holmes County,US.MS.HO,687,43,
Howard County,US.IN.HO,687,60,
Napa County,US.CA.NA,685,7,
La Crosse County,US.WI.LA,685,1,
Greene County,US.MO.GE,684,9,
Colfax County,US.NE.CO,684,4,
Livingston County,US.MI.LI,683,28,
Butte County,US.CA.BU,683,5,
Marshall County,US.IN.MS,682,16,
Liberty County,US.TX.LT,682,3,
Leflore County,US.MS.LL,681,57,
Sumter County,US.GA.SU,680,55,
Roanoke city,US.VA.RO,679,10,
Clay County,US.MN.CA,679,38,
Spalding County,US.GA.SD,676,33,
Calhoun County,US.MI.CU,676,39,
Walton County,US.GA.WA,675,32,
Wilkes County,US.NC.WE,672,7,
Clermont County,US.OH.CE,671,9,
Williamsburg County,US.SC.WI,669,18,
Rensselaer County,US.NY.RE,668,35,
St. Clair County,US.MI.SA,668,53,
Jackson County,US.GA.JC,667,13,
Morgan County,US.CO.MN,666,46,
Gallatin County,US.MT.GL,664,1,
Boone County,US.IL.BO,663,21,
Blount County,US.TN.BO,663,6,
Val Verde County,US.TX.VL,657,8,
Shenandoah County,US.VA.SN,655,40,
Windham County,US.CT.WI,655,15,
Clay County,US.MO.CY,655,13,
Wayne County,US.MS.WY,654,21,
Jones County,US.TX.JN,653,0,
Yazoo County,US.MS.YZ,653,8,
Wright County,US.MN.WR,652,4,
Saratoga County,US.NY.SR,650,15,
Vance County,US.NC.VA,650,40,
Bowie County,US.TX.BW,649,17,
Franklin Parish,US.LA.FR,649,16,
Pike County,US.MS.PI,649,26,
Wood County,US.OH.WO,648,54,
Bartholomew County,US.IN.BA,648,45,
Albemarle County,US.VA.AB,647,10,
Summit County,US.UT.SU,645,1,
Logan County,US.CO.LO,643,5,
Bledsoe County,US.TN.BE,643,1,
Franklin County,US.NC.FR,641,23,
Saline County,US.AR.SL,637,3,
Shelby County,US.KY.SH,635,22,
Bolivar County,US.MS.BO,634,22,
Lafayette County,US.MS.LY,633,4,
Burleigh County,US.ND.BL,633,2,
Kandiyohi County,US.MN.KD,627,1,
Berkshire County,US.MA.BE,626,45,
Navarro County,US.TX.NV,626,10,
Hardin County,US.TX.HN,624,5,
Covington County,US.AL.CV,624,18,
Lincoln County,US.MS.LI,622,37,
Onslow County,US.NC.ON,618,7,
Panola County,US.MS.PA,617,7,
Colleton County,US.SC.CT,616,29,
Rockwall County,US.TX.RC,610,16,
Comanche County,US.OK.CM,609,9,
Washington County,US.WI.WN,608,19,
Clarendon County,US.SC.CN,607,47,
Frederick County,US.VA.FK,607,7,
Newberry County,US.SC.NE,607,6,
York County,US.ME.YO,604,12,
Jackson County,US.AL.JA,604,4,
Washington County,US.PA.WS,603,10,
Carver County,US.MN.CV,602,2,
Gila County,US.AZ.GI,600,20,
Miami County,US.OH.MM,599,33,
Jackson County,US.MI.JA,597,32,
Kanawha County,US.WV.KA,596,20,
Daviess County,US.KY.DA,595,7,
Lincoln County,US.NC.LI,589,2,
Berkeley County,US.WV.BE,587,10,
Buckingham County,US.VA.BK,587,6,
Portage County,US.OH.PO,586,59,
Oconee County,US.SC.OC,585,2,
Muhlenberg County,US.KY.MU,584,9,
Dodge County,US.WI.DD,584,5,
Cherokee County,US.TX.CK,583,2,
Noble County,US.IN.NO,579,28,
Hardeman County,US.TN.HA,579,8,
Belmont County,US.OH.BE,578,26,
Hoke County,US.NC.HO,577,7,
Douglas County,US.WA.DO,576,4,
Simpson County,US.MS.SI,576,10,
Washington County,US.RI.WA,574,61,
Beadle County,US.SD.BA,574,9,
Dale County,US.AL.DE,572,8,
Pike County,US.AL.PK,570,6,
Cecil County,US.MD.CE,570,30,
Lincoln Parish,US.LA.LN,568,20,
Sutter County,US.CA.SU,567,4,
Webster County,US.IA.WE,565,5,
Coffee County,US.AL.CF,565,4,
Chesterfield County,US.SC.CF,565,17,
Evangeline Parish,US.LA.EV,562,2,
Blaine County,US.ID.BL,562,6,
Garfield County,US.CO.GA,561,4,
Payne County,US.OK.PY,560,2,
Saline County,US.NE.SL,560,2,
Lyon County,US.KS.LY,558,7,
Pointe Coupee Parish,US.LA.PO,555,29,
Grand Forks County,US.ND.GD,555,4,
Boone County,US.IN.BO,554,45,
Douglas County,US.KS.DG,552,0,
San Juan County,US.UT.SJ,550,19,
Garland County,US.AR.GL,549,5,
Natchitoches Parish,US.LA.NA,548,15,
Blount County,US.AL.BU,547,1,
Fauquier County,US.VA.FQ,545,8,
Sioux County,US.IA.SI,538,0,
Pontotoc County,US.MS.PO,538,6,
Laurens County,US.GA.LR,537,1,
Monroe County,US.MS.MR,536,44,
Pueblo County,US.CO.PU,535,33,
De Soto Parish,US.LA.DE,534,23,
Polk County,US.TX.PK,533,1,
St. James Parish,US.LA.SJ,533,30,
Lowndes County,US.AL.LO,532,26,
Hanover County,US.VA.HV,531,30,
Harris County,US.GA.HI,530,14,
Malheur County,US.OR.ML,530,6,
Madison County,US.TN.MD,530,3,
Beauregard Parish,US.LA.BE,529,9,
Mitchell County,US.GA.MT,528,41,
Craven County,US.NC.CN,528,8,
Hancock County,US.IN.HC,528,36,
Harrison County,US.TX.HR,527,34,
Hamilton County,US.FL.HM,527,2,
Medina County,US.TX.ME,526,7,
Rutherford County,US.NC.RU,524,11,
Chilton County,US.AL.CI,523,5,
Willacy County,US.TX.WY,520,4,
Union Parish,US.LA.UN,519,30,
Pender County,US.NC.PD,518,3,
Barbour County,US.AL.BR,518,4,
Delaware County,US.IN.DL,518,52,
Pike County,US.PA.PI,517,21,
Androscoggin County,US.ME.AN,515,5,
Johnson County,US.AR.JO,515,0,
Butler County,US.PA.BT,513,14,
Matagorda County,US.TX.MD,513,5,
Tama County,US.IA.TM,511,29,
Tate County,US.MS.TT,511,19,
Lavaca County,US.TX.LA,510,1,
Floyd County,US.IN.FL,510,44,
Jackson County,US.IN.JC,510,3,
Bladen County,US.NC.BL,509,5,
Wagoner County,US.OK.WG,507,19,
Okanogan County,US.WA.OK,506,2,
Washington County,US.OK.WN,505,39,
Chattahoochee County,US.GA.CH,504,1,
LaGrange County,US.IN.LG,504,10,
Madison County,US.FL.MD,504,5,
Calvert County,US.MD.CL,503,27,
Greene County,US.OH.GR,503,10,
Washington County,US.TN.WI,502,0,
Halifax County,US.NC.HL,499,4,
Madison Parish,US.LA.MA,499,6,
Gonzales County,US.TX.GA,499,6,
Covington County,US.MS.CV,498,7,
Columbia County,US.NY.CU,497,47,
Wasatch County,US.UT.WA,497,4,
Cape Girardeau County,US.MO.CG,496,3,
Monroe County,US.IN.MR,496,29,
Fayette County,US.TN.FA,495,8,
San Benito County,US.CA.SI,494,2,
Bay County,US.MI.BY,493,31,
San Patricio County,US.TX.SP,492,0,
West Baton Rouge Parish,US.LA.WB,490,33,
Mississippi County,US.AR.MS,489,7,
Ashtabula County,US.OH.AB,489,44,
Rogers County,US.OK.RS,488,11,
Deaf Smith County,US.TX.DI,486,19,
Allen County,US.OH.AN,486,41,
El Dorado County,US.CA.EL,486,1,
Thurston County,US.WA.TH,484,5,
Lamar County,US.TX.LR,483,15,
Shelby County,US.IN.SH,480,25,
East Carroll Parish,US.LA.EC,480,1,
Manassas Park city,US.VA.MP,478,7,
Vernon Parish,US.LA.VN,478,16,
Geauga County,US.OH.GE,474,43,
Edgecombe County,US.NC.ED,473,10,
Coryell County,US.TX.CL,472,3,
Dubois County,US.IN.DU,469,8,
Montgomery County,US.NC.MO,466,11,
Coahoma County,US.MS.CH,465,7,
James City County,US.VA.JA,464,16,
Assumption Parish,US.LA.AS,463,18,
Lenoir County,US.NC.LN,462,11,
Dillon County,US.SC.DI,462,19,
St. Joseph County,US.MI.SJ,461,6,
Richland County,US.OH.RI,461,8,
Sherburne County,US.MN.SH,459,5,
Fond du Lac County,US.WI.FN,458,6,
Winston County,US.MS.WN,458,14,
Lee County,US.GA.LE,457,22,
Cerro Gordo County,US.IA.CG,457,14,
Sullivan County,US.TN.SL,457,6,
Santa Fe County,US.NM.ST,456,3,
Adams County,US.MS.AD,455,22,
Appling County,US.GA.AP,455,16,
Marion County,US.AL.MI,453,21,
Fairfield County,US.SC.FA,452,23,
Newton County,US.MS.NW,452,10,
Jim Wells County,US.TX.JW,449,0,
Jefferson County,US.WI.JE,449,4,
Marion County,US.MS.MI,449,15,
Tooele County,US.UT.TE,448,0,
Wharton County,US.TX.WN,446,1,
La Paz County,US.AZ.LA,445,9,
Oceana County,US.MI.OA,445,5,
Henderson County,US.TX.HD,444,5,
Toombs County,US.GA.TM,444,6,
Effingham County,US.GA.EF,444,1,
Wayne County,US.GA.WY,443,1,
Merrimack County,US.NH.ME,443,20,
Allegan County,US.MI.AL,443,8,
Loudon County,US.TN.LO,443,3,
DeWitt County,US.TX.DE,442,11,
Stephens County,US.GA.SE,442,6,
Marengo County,US.AL.ME,440,11,
Polk County,US.GA.PO,439,3,
Iron County,US.UT.RN,439,2,
Columbia County,US.PA.CO,438,35,
Fremont County,US.WY.FR,438,10,
Liberty County,US.GA.LB,437,2,
Worcester County,US.MD.WO,435,18,
Jackson County,US.IL.JC,434,19,
Upson County,US.GA.UP,434,45,
Attala County,US.MS.AT,432,23,
Lea County,US.NM.LE,431,1,
Lincoln County,US.SD.LI,431,1,
Washington County,US.TX.WH,426,34,
Adams County,US.PA.AD,424,15,
Levy County,US.FL.LV,424,2,
Camden County,US.GA.CD,423,3,
Catoosa County,US.GA.CS,423,8,
Kitsap County,US.WA.KS,423,3,
Ozaukee County,US.WI.OZ,422,16,
Campbell County,US.KY.CM,421,13,
Grant County,US.IN.GA,421,28,
Wright County,US.IA.WG,420,1,
East Feliciana Parish,US.LA.EF,419,34,
Sheboygan County,US.WI.SE,419,5,
Warren County,US.IA.WR,419,1,
Marion County,US.SC.MI,419,11,
Yadkin County,US.NC.YD,419,6,
Wakulla County,US.FL.WK,419,1,
Walker County,US.GA.WK,419,14,
Richmond County,US.NC.RI,418,8,
Wayne County,US.OH.WE,418,57,
McLean County,US.IL.ML,418,15,
Sabine Parish,US.LA.SB,417,4,
Decatur County,US.GA.DC,417,8,
McDowell County,US.NC.MW,416,3,
Jasper County,US.IA.JS,414,18,
Henry County,US.VA.HY,413,5,
Oldham County,US.KY.OL,413,8,
Murray County,US.GA.MA,412,2,
Riley County,US.KS.RL,411,3,
Marathon County,US.WI.MH,410,3,
Eau Claire County,US.WI.EA,409,2,
Richland Parish,US.LA.RI,409,5,
Rhea County,US.TN.RH,409,1,
Hale County,US.AL.HA,408,22,
Marshall County,US.MS.MS,407,5,
Clarke County,US.AL.CK,407,8,
Bullock County,US.AL.BL,407,12,
Lane County,US.OR.LE,407,3,
Todd County,US.MN.TO,405,2,
Lee County,US.SC.LE,404,25,
Dickson County,US.TN.DI,402,0,
Graves County,US.KY.GV,397,21,
Macon County,US.NC.MN,397,1,
Bryan County,US.GA.BY,396,6,
Chester County,US.SC.CR,395,6,
Franklin County,US.MO.FR,394,18,
Eaton County,US.MI.EA,394,7,
Madison County,US.NE.MA,394,5,
Bonneville County,US.ID.BV,394,1,
Hardin County,US.KY.HN,394,7,
Laramie County,US.WY.LA,392,3,
Gilmer County,US.GA.GI,392,3,
Pearl River County,US.MS.PL,391,32,
Erie County,US.OH.ER,390,22,
Greensville County,US.VA.GS,390,9,
Franklin County,US.MA.FR,390,57,
Washington County,US.FL.WS,389,13,
Johnson County,US.MO.JO,389,1,
Madison County,US.NY.MA,388,9,
Deschutes County,US.OR.DE,387,1,
Plymouth County,US.IA.PM,387,6,
Union County,US.OR.UN,385,2,
Lyon County,US.MN.LY,385,3,
McMinn County,US.TN.MM,384,19,
Dyer County,US.TN.DY,383,5,
Worth County,US.GA.WO,383,23,
Cassia County,US.ID.CS,383,1,
Frio County,US.TX.FO,382,1,
Cheatham County,US.TN.CA,382,4,
Warrick County,US.IN.WI,381,29,
Jasper County,US.SC.JA,380,4,
Winchester city,US.VA.WH,380,4,
Wilson County,US.TX.WS,379,6,
Atascosa County,US.TX.AT,379,3,
Butts County,US.GA.BU,379,36,
Crawford County,US.AR.CW,379,3,
Mercer County,US.OH.MC,379,11,
Roanoke County,US.VA.RE,377,6,
Scurry County,US.TX.SU,376,1,
Cherokee County,US.SC.CK,376,11,
Rockingham County,US.NC.RC,375,3,
Petersburg city,US.VA.PB,374,9,
Randolph County,US.IL.RA,374,7,
Lincoln County,US.OR.LC,373,8,
Louisa County,US.IA.LO,372,13,
Walthall County,US.MS.WT,372,14,
Marlboro County,US.SC.ML,372,4,
Broomfield County and City,US.CO.BR,371,32,
Charlottesville City,US.VA.CE,371,8,
Brown County,US.SD.BW,369,2,
Wilcox County,US.AL.WC,369,9,
Caroline County,US.MD.CO,368,3,
Miller County,US.AR.ML,368,2,
Christian County,US.KY.CH,367,4,
Cowlitz County,US.WA.CW,367,2,
Morgan County,US.IN.MG,367,31,
Northumberland County,US.PA.NU,366,11,
Newport County,US.RI.NE,365,4,
Saluda County,US.SC.SA,365,3,
Winston County,US.AL.WN,365,9,
LaSalle County,US.IL.LA,362,18,
Perry County,US.AL.PE,362,3,
Burnet County,US.TX.BT,361,6,
Jerome County,US.ID.JR,361,6,
Crawford County,US.KS.CR,360,1,
Hopkins County,US.KY.HO,359,33,
Monroe County,US.AL.MR,359,4,
Claiborne County,US.MS.CB,359,12,
Morehouse Parish,US.LA.MO,358,11,
Plaquemines Parish,US.LA.PL,357,18,
Bacon County,US.GA.BC,355,5,
Dearborn County,US.IN.DR,355,25,
Union County,US.MS.UN,353,11,
Uvalde County,US.TX.UV,352,5,
Saline County,US.MO.SI,351,6,
Chickasaw County,US.MS.CS,350,19,
Cass County,US.MO.CS,349,8,
Holmes County,US.FL.HO,348,1,
Randolph County,US.AL.RA,347,11,
St. Croix County,US.WI.SI,346,2,
Dickinson County,US.IA.DI,346,4,
Ogle County,US.IL.OG,345,5,
Lapeer County,US.MI.LP,343,32,
Elko County,US.NV.EL,343,2,
Noxubee County,US.MS.NO,341,10,
Crisp County,US.GA.CP,340,13,
Warren County,US.VA.WR,340,8,
Queen Anne's County,US.MD.QU,340,23,
Winn Parish,US.LA.WI,339,5,
La Salle County,US.TX.LS,339,0,
Early County,US.GA.EA,337,31,
Union County,US.AR.UN,335,14,
Anderson County,US.TN.AN,335,3,
Carbon County,US.PA.CB,335,28,
Lenawee County,US.MI.LN,334,11,
Clinton County,US.MI.CN,334,12,
Ontario County,US.NY.OR,333,27,
Shelby County,US.TX.SY,332,14,
Freeborn County,US.MN.FR,331,1,
Fairbanks North Star Borough,US.AK.FA,331,3,
Gibson County,US.TN.GB,330,1,
Bamberg County,US.SC.BM,328,3,
Henry County,US.IN.HY,328,18,
Minidoka County,US.ID.MI,328,1,
Curry County,US.NM.CU,328,1,
Bienville Parish,US.LA.BI,327,28,
Sumter County,US.AL.SU,326,13,
Jackson Parish,US.LA.JA,325,18,
Grady County,US.OK.GD,325,5,
Van Buren County,US.MI.VA,325,9,
Smith County,US.MS.SM,325,12,
Page County,US.VA.PA,324,23,
Monroe County,US.GA.MN,324,20,
Lawrence County,US.TN.LW,324,6,
Pierce County,US.GA.PR,324,5,
Liberty County,US.FL.LI,320,2,
Adams County,US.NE.AD,320,11,
Jefferson County,US.GA.JR,319,5,
Richmond County,US.VA.RI,319,4,
Yuba County,US.CA.YU,319,3,
Tallahatchie County,US.MS.TL,318,4,
Waller County,US.TX.WR,318,0,
Adams County,US.WA.AD,318,0,
Vigo County,US.IN.VI,317,9,
Delaware County,US.OK.DL,316,19,
Pickens County,US.AL.PC,315,9,
McClain County,US.OK.ML,315,4,
Oconee County,US.GA.OC,314,15,
Erath County,US.TX.ER,314,1,
Graham County,US.AZ.GA,314,5,
West Feliciana Parish,US.LA.WF,313,15,
Clinton County,US.IN.CI,313,3,
Grady County,US.GA.GD,312,4,
Summit County,US.CO.SU,311,4,
Huron County,US.OH.HU,311,3,
Clay County,US.MS.CY,310,13,
Strafford County,US.NH.ST,310,13,
Jasper County,US.MS.JS,308,6,
Franklin County,US.GA.FR,308,3,
Walla Walla County,US.WA.WL,308,3,
Montgomery County,US.IN.MM,307,21,
White County,US.IN.WH,307,10,
Jackson County,US.NC.JA,306,3,
Galax city,US.VA.GA,305,16,
Kittitas County,US.WA.KT,304,4,
Conecuh County,US.AL.CO,304,9,
Calhoun County,US.MS.CN,303,5,
Portage County,US.WI.PT,303,0,
Branch County,US.MI.BC,303,2,
Fredericksburg City,US.VA.FB,302,1,
Cook County,US.GA.CO,301,5,
Ohio County,US.KY.OH,300,1,
Centre County,US.PA.CT,299,9,
Brown County,US.TX.BN,299,13,
Creek County,US.OK.CE,299,9,
St. Louis County,US.MN.ST,299,16,
Holmes County,US.OH.HL,297,5,
Shiawassee County,US.MI.SH,296,28,
Carroll County,US.AR.CL,294,6,
Lynchburg city,US.VA.LY,294,1,
Brooks County,US.GA.BO,293,12,
Prince George County,US.VA.PG,293,2,
Meriwether County,US.GA.MW,293,5,
Stephenson County,US.IL.SN,292,6,
Athens County,US.OH.AS,292,1,
Glades County,US.FL.GL,292,2,
Steele County,US.MN.SE,291,1,
Bristol County,US.RI.BR,290,15,
Jefferson County,US.TN.JE,289,1,
Muskogee County,US.OK.MO,288,16,
Warren County,US.NY.WR,288,30,
Fayette County,US.PA.FA,288,4,
Dorchester County,US.MD.DO,288,5,
Macon County,US.IL.MC,288,22,
Orleans County,US.NY.OL,288,55,
Isle of Wight County,US.VA.IS,288,9,
Madison County,US.KY.MD,287,1,
Bibb County,US.AL.BI,287,2,
Adams County,US.IL.AD,286,1,
Northampton County,US.VA.NA,285,28,
Davie County,US.NC.DV,284,3,
Ben Hill County,US.GA.BL,284,1,
Saline County,US.KS.SA,284,3,
Kleberg County,US.TX.KL,283,2,
Gilchrist County,US.FL.GI,283,0,
Butler County,US.KY.BR,283,14,
Mecklenburg County,US.VA.ME,283,30,
Steuben County,US.NY.ST,283,29,
Lawrence County,US.IN.LW,283,26,
Watonwan County,US.MN.WT,282,0,
Tattnall County,US.GA.TT,282,0,
Carroll County,US.VA.CL,281,10,
Rusk County,US.TX.RK,280,3,
Putnam County,US.GA.PT,279,16,
Kerr County,US.TX.KR,279,1,
Lycoming County,US.PA.LY,279,20,
Pasquotank County,US.NC.PU,278,17,
Logan County,US.KY.LO,278,19,
Cibola County,US.NM.CI,278,17,
Clinton County,US.IL.CN,278,17,
Valencia County,US.NM.VA,278,2,
Ottawa County,US.OH.OT,277,24,
Parmer County,US.TX.PM,277,8,
Calhoun County,US.TX.CU,277,3,
Jefferson County,US.WV.JE,276,4,
Mercer County,US.PA.ME,276,9,
Macon County,US.AL.MC,276,12,
Cumberland County,US.TN.CU,276,6,
Lonoke County,US.AR.LO,276,2,
Box Elder County,US.UT.BE,274,2,
Benton County,US.MN.BN,274,3,
Laurel County,US.KY.LU,273,4,
Huntingdon County,US.PA.HU,272,4,
Greene County,US.NY.GR,272,13,
Hood County,US.TX.HO,272,5,
Emanuel County,US.GA.EM,271,5,
Darke County,US.OH.DA,271,26,
Nye County,US.NV.NY,270,5,
Burke County,US.GA.BE,270,7,
Van Zandt County,US.TX.VN,269,3,
Washington County,US.IA.WS,269,9,
Talbot County,US.MD.TA,268,4,
Terrell County,US.GA.TL,268,29,
Lauderdale County,US.TN.LU,268,5,
Bee County,US.TX.BE,268,1,
Shasta County,US.CA.SH,268,7,
Anson County,US.NC.AN,267,1,
Fulton County,US.NY.FU,267,27,
McCracken County,US.KY.MK,267,3,
Scott County,US.MO.ST,266,13,
Chicot County,US.AR.CT,266,3,
Decatur County,US.IN.DC,266,32,
Scotts Bluff County,US.NE.SC,265,5,
Greene County,US.NC.GE,264,3,
Clarke County,US.MS.CE,263,25,
Coles County,US.IL.CE,261,17,
Smith County,US.TN.SH,261,2,
Cabell County,US.WV.CB,260,2,
Carson City,US.NV.CA,260,7,
Bryan County,US.OK.BR,259,1,
Madison County,US.OH.MO,259,9,
Payette County,US.ID.PA,259,2,
Tuscola County,US.MI.TU,258,27,
Genesee County,US.NY.GE,258,6,
Jackson County,US.OR.JA,257,0,
Lawrence County,US.PA.LW,257,9,
Milam County,US.TX.MI,257,2,
Osage County,US.OK.OS,257,9,
Yalobusha County,US.MS.YL,256,9,
Rio Arriba County,US.NM.RI,256,1,
Grant County,US.WI.GA,256,14,
Kenai Peninsula Borough,US.AK.KN,255,2,
Union County,US.IL.UN,255,21,
Washington County,US.GA.WG,254,1,
Baker County,US.FL.BK,254,4,
Buffalo County,US.NE.BF,253,1,
Fayette County,US.TX.FT,253,5,
Panola County,US.TX.PN,252,24,
Yamhill County,US.OR.YA,252,9,
Washington County,US.NY.WS,251,14,
Glenn County,US.CA.GL,251,1,
Wise County,US.TX.WE,250,5,
St. Lawrence County,US.NY.SI,250,4,
Pittsylvania County,US.VA.PS,248,2,
Abbeville County,US.SC.AB,248,1,
Warren County,US.TN.WR,248,3,
Waupaca County,US.WI.WP,248,14,
Henderson County,US.KY.HE,247,4,
Sauk County,US.WI.SU,247,3,
Elbert County,US.GA.EL,247,1,
Hancock County,US.GA.HC,246,33,
Atkinson County,US.GA.AT,246,2,
Whiteside County,US.IL.WD,246,16,
Choctaw County,US.AL.CC,246,12,
Montrose County,US.CO.MO,245,13,
Taylor County,US.FL.TA,244,2,
Midland County,US.MI.MD,243,9,
Tazewell County,US.IL.TA,243,8,
Nicollet County,US.MN.NI,243,13,
Nevada County,US.CA.NE,242,1,
Prince Edward County,US.VA.PD,242,6,
Trempealeau County,US.WI.TR,242,1,
Ionia County,US.MI.II,242,5,
Okmulgee County,US.OK.OM,242,0,
Colusa County,US.CA.CL,242,2,
Allegany County,US.MD.AL,240,18,
Sandusky County,US.OH.SA,240,15,
Northampton County,US.NC.NO,240,16,
Madison County,US.GA.MD,239,4,
Union County,US.SC.UN,238,0,
Washington County,US.AL.WS,238,9,
Sussex County,US.VA.SS,238,7,
Cocke County,US.TN.CE,238,1,
Hardin County,US.TN.HI,238,7,
Madison County,US.AR.MD,238,1,
Cass County,US.MI.CS,237,8,
Greene County,US.TN.GE,237,4,
Pottawatomie County,US.OK.PT,237,6,
York County,US.VA.YO,237,3,
Montgomery County,US.MS.MT,237,3,
White County,US.GA.WH,236,5,
Caddo County,US.OK.CD,236,11,
Hopewell city,US.VA.HW,236,5,
Wayne County,US.NY.WN,236,2,
Harrison County,US.IN.HI,235,22,
Stewart County,US.GA.SW,235,4,
Catahoula Parish,US.LA.CT,235,3,
Teton County,US.WY.TE,234,1,
Ottawa County,US.OK.OT,233,2,
Calhoun County,US.FL.CA,232,7,
Newaygo County,US.MI.NE,232,0,
Oswego County,US.NY.OS,232,3,
Jeff Davis County,US.GA.JF,232,4,
Carter County,US.OK.CR,231,3,
Calhoun County,US.SC.CH,231,1,
Barnwell County,US.SC.BN,230,1,
Augusta County,US.VA.AU,230,2,
Chaves County,US.NM.CH,229,4,
Randolph County,US.GA.RN,229,26,
Jackson County,US.OK.JA,228,3,
Humphreys County,US.MS.HU,227,10,
Mendocino County,US.CA.MI,227,3,
Telfair County,US.GA.TF,226,5,
Dooly County,US.GA.DO,226,14,
Grundy County,US.IL.GU,226,5,
Greene County,US.AL.GR,225,10,
Alexander County,US.NC.AE,225,2,
Carroll County,US.MS.CL,225,11,
Carter County,US.TN.CT,225,2,
Montgomery County,US.VA.MO,224,3,
Houston County,US.TX.HS,224,0,
Uinta County,US.WY.UI,224,0,
Platte County,US.MO.PT,223,6,
Giles County,US.TN.GL,223,4,
Lumpkin County,US.GA.LP,222,5,
Lawrence County,US.MS.LW,222,3,
Kent County,US.MD.KE,221,23,
Coffee County,US.TN.CF,221,0,
Bullitt County,US.KY.BI,221,4,
Bannock County,US.ID.BO,221,1,
Itawamba County,US.MS.IT,220,9,
Hillsdale County,US.MI.HI,220,25,
Chaffee County,US.CO.CA,220,19,
Island County,US.WA.IS,219,11,
Prentiss County,US.MS.PN,219,6,
Wayne County,US.IN.WY,219,7,
Jefferson County,US.OR.JE,219,0,
Phillips County,US.AR.PH,219,6,
Hertford County,US.NC.HD,219,11,
Williamson County,US.IL.WS,218,4,
Miami County,US.IN.MI,218,2,
Echols County,US.GA.EC,217,0,
Wood County,US.WV.WO,216,3,
Beaufort County,US.NC.BA,216,0,
Colorado County,US.TX.CO,216,0,
Gunnison County,US.CO.GU,216,6,
Hill County,US.TX.HI,215,2,
St. Francois County,US.MO.SF,214,2,
Barren County,US.KY.BN,214,2,
Hancock County,US.MS.HN,214,14,
Lawrence County,US.AL.LW,214,0,
Danville City,US.VA.DA,214,3,
Hamilton County,US.IA.HM,214,1,
Alamosa County,US.CO.AL,214,7,
Monroe County,US.TN.MR,213,7,
Bradford County,US.FL.BA,212,2,
Polk County,US.OR.PO,212,12,
Tippah County,US.MS.TP,212,11,
Gulf County,US.FL.GU,212,0,
Warren County,US.NC.WR,212,6,
Andrews County,US.TX.AR,212,3,
Manitowoc County,US.WI.MW,212,1,
Ross County,US.OH.RO,212,5,
West Carroll Parish,US.LA.WC,211,5,
Henderson County,US.TN.HS,211,0,
Herkimer County,US.NY.HE,211,3,
McDuffie County,US.GA.MU,211,8,
Ohio County,US.WV.OH,210,3,
Crenshaw County,US.AL.CA,210,3,
Dawson County,US.GA.DW,210,3,
Chautauqua County,US.NY.CQ,210,3,
Greene County,US.IN.GE,210,33,
Tompkins County,US.NY.TO,209,0,
Howard County,US.AR.HW,209,1,
Peach County,US.GA.PH,209,9,
Morrow County,US.OR.MO,208,1,
Madison County,US.TX.AD,208,0,
Concordia Parish,US.LA.CR,208,7,
Henry County,US.AL.HE,208,4,
Dixie County,US.FL.DI,208,4,
Bedford County,US.VA.BF,207,4,
Charlton County,US.GA.CT,207,2,
Haywood County,US.TN.HY,206,4,
Pettis County,US.MO.PS,206,2,
Fannin County,US.GA.FN,206,2,
Monroe County,US.IL.MR,205,13,
Matanuska-Susitna Borough,US.AK.MA,205,2,
Berrien County,US.GA.BN,205,0,
Southampton County,US.VA.SA,205,11,
Allen County,US.KY.AL,205,8,
Adair County,US.OK.AD,205,4,
Taney County,US.MO.TA,205,3,
Kemper County,US.MS.KE,204,15,
Linn County,US.OR.LN,204,10,
Turner County,US.GA.TR,204,18,
Scotland County,US.NC.SC,203,2,
Randolph County,US.WV.RN,203,0,
Stokes County,US.NC.SO,202,1,
Scott County,US.IN.SC,202,10,
Hampton County,US.SC.HA,202,4,
Mayes County,US.OK.MY,202,5,
Susquehanna County,US.PA.SS,202,26,
Eddy County,US.NM.ED,202,2,
Sweetwater County,US.WY.SW,201,2,
Iroquois County,US.IL.IR,201,5,
Burleson County,US.TX.BU,201,0,
Humboldt County,US.CA.HU,200,4,
St. Helena Parish,US.LA.SH,200,1,
Mesa County,US.CO.ME,199,0,
Jones County,US.GA.JE,199,1,
Knox County,US.IL.KX,199,1,
Franklin County,US.KY.FR,198,5,
Putnam County,US.IN.PT,197,8,
Jenkins County,US.GA.JK,197,15,
Wood County,US.TX.WO,196,5,
Banks County,US.GA.BS,196,3,
George County,US.MS.GR,196,3,
Marinette County,US.WI.MT,196,3,
Winona County,US.MN.WN,193,16,
Scott County,US.KY.SC,193,0,
Calumet County,US.WI.CA,192,2,
Jessamine County,US.KY.JS,192,0,
Haywood County,US.NC.HW,192,0,
Pickens County,US.GA.PE,191,5,
Chenango County,US.NY.CH,191,6,
Obion County,US.TN.OB,191,3,
Greene County,US.AR.GE,191,0,
Martin County,US.NC.MR,191,6,
Alcorn County,US.MS.AL,190,2,
Martin County,US.MN.MT,190,5,
Bertie County,US.NC.BT,190,4,
Boone County,US.IA.BO,189,1,
Watauga County,US.NC.WT,189,0,
Jennings County,US.IN.JN,188,12,
Orange County,US.VA.OR,187,3,
Morton County,US.ND.MR,187,3,
Westmoreland County,US.VA.WM,187,2,
Johnson County,US.GA.JH,187,2,
Claiborne Parish,US.LA.CI,186,10,
Garfield County,US.OK.GF,186,2,
Cole County,US.MO.CE,186,2,
Isabella County,US.MI.IB,186,8,
Lanier County,US.GA.LI,185,3,
Greene County,US.GA.GE,185,11,
Indiana County,US.PA.IN,185,6,
Pecos County,US.TX.PE,185,1,
Clinton County,US.IA.CN,184,2,
Tishomingo County,US.MS.TS,184,3,
Cherokee County,US.AL.CH,184,7,
DeKalb County,US.TN.DE,184,1,
Perry County,US.MO.PR,184,3,
Grant Parish,US.LA.GR,184,3,
Edgefield County,US.SC.ED,183,4,
White County,US.AR.WH,182,2,
Cambria County,US.PA.CI,182,3,
Natrona County,US.WY.NA,182,1,
Cherokee County,US.OK.CK,182,1,
Brantley County,US.GA.BA,181,3,
Thurston County,US.NE.TU,181,2,
Fannin County,US.TX.FI,181,8,
DeKalb County,US.IN.DE,180,4,
Dodge County,US.GA.DG,179,2,
Reno County,US.KS.RN,179,0,
Calhoun County,US.GA.CU,178,6,
Carteret County,US.NC.CE,178,4,
Robertson County,US.TX.RO,178,0,
McNairy County,US.TN.MA,178,1,
Daviess County,US.IN.DI,178,17,
Stoddard County,US.MO.SD,177,9,
Williams County,US.ND.WI,177,1,
Camp County,US.TX.CP,175,2,
Hart County,US.GA.HT,175,0,
Tioga County,US.NY.TI,175,20,
La Plata County,US.CO.LA,174,2,
Bell County,US.KY.BL,174,1,
La Salle Parish,US.LA.LA,174,1,
Barry County,US.MO.BR,173,0,
Big Horn County,US.MT.BI,173,5,
Lamar County,US.GA.LM,173,8,
Marshall County,US.TN.MS,173,2,
Pemiscot County,US.MO.PM,172,6,
Lincoln County,US.MO.LO,172,1,
Dinwiddie County,US.VA.DN,172,2,
Chippewa County,US.WI.CH,172,0,
Adair County,US.KY.AD,171,19,
Karnes County,US.TX.KS,171,0,
Columbia County,US.WI.CO,171,1,
Washington County,US.OH.WS,171,21,
Greene County,US.MS.GE,170,10,
Gibson County,US.IN.GI,170,2,
Austin County,US.TX.AU,169,0,
Union County,US.FL.UN,169,3,
Missoula County,US.MT.MS,169,1,
Tunica County,US.MS.TU,168,3,
Dunklin County,US.MO.DU,168,3,
Audrain County,US.MO.AU,168,1,
Colonial Heights city,US.VA.CH,168,20,
Luna County,US.NM.LU,168,3,
Franklin County,US.TN.FR,168,3,
Caswell County,US.NC.CS,167,2,
Coshocton County,US.OH.CS,167,4,
Wayne County,US.WV.WA,166,9,
Owyhee County,US.ID.OW,166,0,
Botetourt County,US.VA.BO,166,4,
Pike County,US.KY.PI,166,3,
Caldwell Parish,US.LA.CW,166,1,
Union County,US.SD.UN,166,2,
Putnam County,US.OH.PU,165,16,
Steuben County,US.IN.SE,165,3,
Tehama County,US.CA.TE,165,1,
Jasper County,US.IN.JS,164,2,
Pulaski County,US.KY.PU,164,2,
Grayson County,US.KY.GY,163,11,
Monroe County,US.WI.MO,163,1,
Dare County,US.NC.DE,163,1,
Caroline County,US.VA.CI,163,4,
Klamath County,US.OR.KL,162,1,
Lawrence County,US.OH.LW,162,0,
Pitkin County,US.CO.PI,162,2,
Pulaski County,US.MO.PA,162,1,
Union County,US.OH.UN,162,1,
Le Sueur County,US.MN.LU,162,1,
Jefferson County,US.OH.JE,162,2,
Brunswick County,US.VA.BU,162,1,
Brewster County,US.TX.BS,162,1,
Perry County,US.IN.PE,161,12,
Lyon County,US.NV.LY,161,2,
Livingston County,US.NY.LI,161,4,
Clay County,US.IA.CY,161,1,
Geneva County,US.AL.GE,161,1,
Ripley County,US.IN.RI,160,7,
Cleburne County,US.AR.CB,160,5,
Cass County,US.IL.CS,160,11,
Geary County,US.KS.GE,160,1,
Montcalm County,US.MI.MC,160,1,
Barry County,US.MI.BR,160,2,
Blair County,US.PA.BL,159,1,
Washington County,US.ID.WA,159,2,
Jackson County,US.TX.JA,159,1,
Nelson County,US.KY.NE,159,2,
Jefferson Davis County,US.MS.JD,159,4,
Wayne County,US.TN.WY,159,0,
Lake County,US.CA.LK,158,1,
Warren County,US.IL.WR,158,0,
Dallam County,US.TX.DL,158,1,
Nottoway County,US.VA.NY,157,6,
Person County,US.NC.PN,157,1,
Kay County,US.OK.KA,156,9,
Cooke County,US.TX.OO,156,0,
Jefferson County,US.FL.JE,156,5,
Roane County,US.TN.RA,156,0,
Chemung County,US.NY.CM,156,3,
Louisa County,US.VA.LI,155,2,
Hawkins County,US.TN.HW,155,2,
Butler County,US.MO.BE,154,0,
Hickman County,US.TN.HN,154,0,
Emporia city,US.VA.EM,154,15,
Kennebec County,US.ME.KE,154,10,
Macon County,US.GA.MC,153,10,
Franklin County,US.IN.FR,153,8,
Crawford County,US.OH.CF,153,5,
Goodhue County,US.MN.GO,153,8,
Lincoln County,US.TN.LI,152,0,
Clarke County,US.IA.CK,152,3,
Garvin County,US.OK.GV,152,3,
Amite County,US.MS.AM,151,4,
Jefferson County,US.MS.JF,151,4,
Laclede County,US.MO.LD,151,1,
Fluvanna County,US.VA.FV,151,8,
Jackson County,US.WV.JA,151,19,
Cherokee County,US.NC.CO,151,2,
Cottonwood County,US.MN.CT,150,0,
Wilkes County,US.GA.WS,150,3,
Oglethorpe County,US.GA.OG,150,7,
Waynesboro city,US.VA.WS,150,2,
Orange County,US.IN.OR,150,24,
Harrison County,US.WV.HR,149,1,
Flathead County,US.MT.FL,149,2,
Hancock County,US.OH.HN,148,2,
Wayne County,US.PA.WN,148,8,
Webster County,US.MS.WE,148,11,
Lawrence County,US.AR.LW,148,9,
Wilcox County,US.GA.WC,148,17,
Choctaw County,US.OK.CA,148,1,
Auglaize County,US.OH.AU,147,5,
Clark County,US.WI.CL,147,7,
Union County,US.GA.UN,147,4,
Cameron Parish,US.LA.CM,147,0,
Columbia County,US.AR.CI,147,5,
Cattaraugus County,US.NY.CG,147,6,
Lamar County,US.AL.LM,147,1,
Henry County,US.IL.HY,146,1,
Lamb County,US.TX.LB,146,4,
Franklin County,US.IA.FN,146,3,
Castro County,US.TX.AS,146,1,
Pike County,US.GA.PK,146,3,
Marion County,US.WV.MI,146,2,
Arkansas County,US.AR.AR,146,1,
Morgan County,US.IL.MG,146,5,
Martinsville city,US.VA.MR,145,1,
Carroll County,US.IA.CL,145,1,
Hempstead County,US.AR.HE,145,2,
Wilkinson County,US.GA.WI,145,10,
Butler County,US.KS.BU,144,0,
Montgomery County,US.NY.MT,144,4,
Perry County,US.MS.PY,143,6,
Hockley County,US.TX.HC,143,4,
Allamakee County,US.IA.AL,143,4,
Bremer County,US.IA.BR,143,7,
Candler County,US.GA.CR,143,1,
Knox County,US.KY.KX,143,7,
San Augustine County,US.TX.SG,142,12,
Haralson County,US.GA.HS,142,6,
Ashley County,US.AR.AS,142,4,
Upshur County,US.TX.US,142,0,
Goochland County,US.VA.GO,142,6,
Vermilion County,US.IL.VE,141,2,
Gray County,US.TX.GY,141,4,
Starke County,US.IN.SR,141,4,
Clinch County,US.GA.CC,141,4,
Perry County,US.KY.PR,141,2,
Hardin County,US.OH.HD,140,12,
Wood County,US.WI.WO,140,1,
Calloway County,US.KY.CW,139,2,
Maui County,US.HI.MA,139,6,
Camden County,US.MO.CM,139,2,
Hood River County,US.OR.HO,139,0,
Jefferson County,US.IL.JF,138,17,
Grand Traverse County,US.MI.GN,138,5,
Quitman County,US.MS.QU,138,1,
Morrow County,US.OH.MW,138,1,
White County,US.TN.WH,138,3,
Screven County,US.GA.SR,138,8,
Clay County,US.AL.CY,137,2,
Crow Wing County,US.MN.CW,137,12,
Hopkins County,US.TX.HP,137,0,
Pierce County,US.WI.PI,136,0,
Penobscot County,US.ME.PE,136,5,
Jefferson County,US.IN.JF,136,2,
Red River Parish,US.LA.RE,136,9,
Marion County,US.TN.MI,135,4,
Chisago County,US.MN.CG,135,1,
Cayuga County,US.NY.CY,134,2,
Otter Tail County,US.MN.OT,134,1,
Wilkinson County,US.MS.WK,134,12,
Rabun County,US.GA.RB,134,3,
Gillespie County,US.TX.GL,133,0,
Benton County,US.OR.BE,132,6,
Wasco County,US.OR.WC,132,3,
Lewis County,US.WA.LE,132,3,
Allendale County,US.SC.AL,132,3,
Wabash County,US.IN.WB,132,3,
Oglala Lakota County,US.SD.SH,132,1,
Franklin County,US.VA.FN,132,1,
Jackson County,US.KS.JA,131,1,
Elmore County,US.ID.EL,131,2,
Stephens County,US.OK.ST,130,1,
Kendall County,US.TX.KD,129,0,
Boyd County,US.KY.BD,129,3,
Bingham County,US.ID.BG,129,2,
Limestone County,US.TX.LO,129,1,
Oconto County,US.WI.OC,129,0,
Fayette County,US.AL.FA,129,5,
Mahaska County,US.IA.MK,129,17,
Armstrong County,US.PA.AR,129,6,
Red River County,US.TX.RV,129,12,
Posey County,US.IN.PS,128,0,
Carroll County,US.KY.CL,128,2,
Logan County,US.OK.LG,128,1,
Christian County,US.MO.CT,128,1,
Evans County,US.GA.EV,128,0,
Otsego County,US.MI.OS,128,10,
Claiborne County,US.TN.CI,127,0,
Putnam County,US.WV.PU,127,0,
Harvey County,US.KS.HV,127,3,
San Jacinto County,US.TX.SJ,127,2,
Chester County,US.TN.CS,126,0,
Custer County,US.OK.CU,126,0,
Bailey County,US.TX.BY,126,1,
Independence County,US.AR.IN,126,0,
Shelby County,US.IA.SH,125,0,
Cass County,US.NE.CS,125,1,
Polk County,US.MO.PO,125,0,
Lee County,US.TX.LE,125,3,
Muskingum County,US.OH.MU,125,1,
Sullivan County,US.MO.SV,125,0,
Alpena County,US.MI.AP,125,13,
Leon County,US.TX.LN,125,0,
Pipestone County,US.MN.PS,124,5,
Franklin County,US.KS.FR,124,1,
Iosco County,US.MI.IC,124,11,
Cross County,US.AR.CO,124,1,
Stark County,US.ND.SR,124,3,
Jackson County,US.KY.JA,123,14,
Clark County,US.KY.CK,122,7,
Staunton city,US.VA.SU,122,0,
Casey County,US.KY.CS,122,7,
Whitley County,US.IN.WL,122,6,
Lafayette County,US.MO.LF,122,2,
Fayette County,US.IN.FA,121,7,
Polk County,US.NC.PO,121,5,
Mississippi County,US.MO.MI,121,0,
Clay County,US.KY.CY,121,4,
Lee County,US.IL.LE,120,2,
Carroll County,US.IN.CO,120,2,
Nez Perce County,US.ID.NE,120,19,
Emmet County,US.IA.EM,120,0,
Otero County,US.NM.OT,120,10,
Juniata County,US.PA.JU,120,6,
Ward County,US.ND.WR,119,1,
Morgan County,US.GA.MO,119,0,
McDonough County,US.IL.MU,119,15,
Clinton County,US.OH.CI,119,4,
Pine County,US.MN.PN,119,0,
McPherson County,US.KS.MP,118,0,
Refugio County,US.TX.RF,118,0,
Shawano County,US.WI.SA,118,0,
Green County,US.WI.GN,118,1,
Raleigh County,US.WV.RL,118,0,
Cowley County,US.KS.CL,118,2,
Crockett County,US.TX.CT,118,1,
Washington County,US.VA.WG,118,4,
Gratiot County,US.MI.GT,118,15,
Desha County,US.AR.DE,117,1,
Drew County,US.AR.DR,117,2,
Irwin County,US.GA.IR,117,1,
Des Moines County,US.IA.DS,117,2,
Conway County,US.AR.CN,117,3,
Nevada County,US.AR.NV,117,8,
Adair County,US.MO.AD,117,0,
Salem city,US.VA.SE,116,3,
Lake County,US.MT.LA,116,0,
Zapata County,US.TX.ZP,115,1,
Pontotoc County,US.OK.PN,115,2,
Randolph County,US.AR.RA,115,2,
Beltrami County,US.MN.BT,115,0,
Poweshiek County,US.IA.PW,115,8,
Crockett County,US.TN.CK,115,3,
Dodge County,US.MN.DD,114,0,
Preble County,US.OH.PR,114,2,
McLeod County,US.MN.MC,114,0,
Crawford County,US.PA.CW,114,1,
Preston County,US.WV.PR,114,2,
Hawaii County,US.HI.HA,114,0,
Clinton County,US.NY.CL,114,4,
New Madrid County,US.MO.NW,114,1,
Jefferson County,US.NY.JE,113,0,
Simpson County,US.KY.SI,113,5,
Marion County,US.GA.MR,113,4,
Union County,US.PA.UN,113,2,
Huntington County,US.IN.HU,112,2,
Montgomery County,US.IL.MT,112,3,
Gloucester County,US.VA.GL,112,1,
Logan County,US.AR.LG,112,0,
Dawson County,US.TX.DW,112,1,
Aransas County,US.TX.AA,111,0,
Zavala County,US.TX.ZV,111,0,
Marion County,US.TX.MN,111,4,
Sequoyah County,US.OK.SQ,111,3,
Franklin County,US.VT.FR,111,6,
Stone County,US.MS.ST,111,2,
Marion County,US.IA.MI,111,0,
Somerset County,US.MD.SO,110,3,
McIntosh County,US.GA.MH,110,1,
Lawrence County,US.MO.LW,110,2,
Guthrie County,US.IA.GH,110,5,
Nolan County,US.TX.NO,110,1,
Scioto County,US.OH.SC,110,0,
King George County,US.VA.KG,110,4,
Tuolumne County,US.CA.TO,109,0,
Bedford County,US.PA.BO,109,4,
Weakley County,US.TN.WE,109,1,
Douglas County,US.NV.DO,109,0,
Hardin County,US.IA.HD,109,0,
Halifax County,US.VA.HL,109,1,
Poinsett County,US.AR.PN,109,3,
McIntosh County,US.OK.MI,109,1,
Duval County,US.TX.DU,109,0,
Pocahontas County,US.IA.PC,109,1,
Wyoming County,US.NY.WM,108,5,
Freestone County,US.TX.FE,108,0,
Itasca County,US.MN.IT,108,12,
Talbot County,US.GA.TB,108,3,
Palo Pinto County,US.TX.PO,108,2,
Huron County,US.MI.HU,108,3,
Madison County,US.ID.MA,108,0,
Codington County,US.SD.CD,108,0,
O'Brien County,US.IA.OB,108,1,
Fayette County,US.WV.FA,107,4,
Harlan County,US.KY.HL,107,2,
Carlton County,US.MN.CL,107,0,
Brookings County,US.SD.BK,107,0,
Gem County,US.ID.GE,107,0,
Clark County,US.AR.CK,107,0,
Marquette County,US.MI.MQ,107,11,
Saunders County,US.NE.SU,107,2,
Grayson County,US.VA.GY,107,4,
Trinity County,US.TX.TR,107,0,
Montgomery County,US.KS.MG,106,3,
Live Oak County,US.TX.LK,106,1,
Saguache County,US.CO.SG,106,2,
Polk County,US.AR.PL,106,0,
Campbell County,US.TN.CM,106,1,
Clearfield County,US.PA.CF,105,0,
Greene County,US.VA.GE,105,2,
Harrison County,US.KY.HS,105,0,
Clinton County,US.PA.CN,105,5,
Powhatan County,US.VA.PH,105,3,
Buffalo County,US.SD.BF,105,3,
Douglas County,US.MN.DU,105,0,
Bradley County,US.AR.BR,104,2,
Howard County,US.TX.HW,104,2,
Mason County,US.MI.MN,104,0,
Heard County,US.GA.HD,104,3,
Murray County,US.MN.MU,104,0,
Wells County,US.IN.WE,103,1,
Labette County,US.KS.LB,103,0,
Bonner County,US.ID.BR,103,0,
Cedar County,US.IA.CD,103,1,
Jasper County,US.GA.JS,103,1,
Woodford County,US.KY.WO,103,0,
Ashland County,US.OH.AL,103,4,
Bleckley County,US.GA.BK,103,1,
Fulton County,US.OH.FU,102,0,
Pottawatomie County,US.KS.PT,102,0,
Seminole County,US.OK.SM,102,5,
Newton County,US.IN.NE,102,10,
Le Flore County,US.OK.LE,102,1,
Jackson County,US.IA.JC,101,0,
Otsego County,US.NY.OO,101,4,
Millard County,US.UT.MD,101,0,
Chattooga County,US.GA.CG,101,2,
Jones County,US.IA.JN,100,1,
Macoupin County,US.IL.MP,100,3,
Overton County,US.TN.OV,100,1,
Windham County,US.VT.WH,100,3,
Gooding County,US.ID.GO,100,1,
Henry County,US.IA.HE,100,3,
Somerset County,US.PA.SO,100,1,
Clay County,US.SD.CY,100,0,
Fulton County,US.IN.FU,100,1,
Pittsburg County,US.OK.PI,100,3,
Grafton County,US.NH.GR,99,1,
Reeves County,US.TX.RE,99,2,
Warren County,US.MO.WR,99,0,
Ellis County,US.KS.EL,99,0,
Charles Mix County,US.SD.CH,98,0,
Hocking County,US.OH.HC,98,9,
Marshall County,US.KY.MH,98,2,
Perry County,US.PA.PE,98,5,
Belknap County,US.NH.BE,98,4,
New Kent County,US.VA.NK,98,1,
Transylvania County,US.NC.TR,98,1,
Waseca County,US.MN.WE,98,0,
Choctaw County,US.MS.CW,97,4,
Mountrail County,US.ND.MU,97,1,
Benton County,US.IA.BN,97,1,
Williamsburg City,US.VA.WL,97,6,
Marion County,US.IL.MO,97,0,
Campbell County,US.WY.CM,96,1,
Hutchinson County,US.TX.UT,96,1,
Cass County,US.TX.CS,96,3,
Polk County,US.MN.PL,96,3,
Williams County,US.OH.WI,96,3,
Shelby County,US.OH.SH,96,4,
Franklin city,US.VA.FR,96,4,
Knox County,US.OH.KN,95,2,
Floyd County,US.IA.FL,95,2,
Jasper County,US.TX.JR,95,1,
Spencer County,US.IN.SP,95,1,
Roosevelt County,US.NM.RO,95,1,
Isanti County,US.MN.IS,94,0,
Grant County,US.AR.GN,94,0,
Park County,US.WY.PA,94,0,
Montgomery County,US.GA.MM,94,0,
Calaveras County,US.CA.CA,94,1,
Clay County,US.AR.CY,94,4,
Routt County,US.CO.RT,93,6,
Knox County,US.IN.KN,93,0,
Delaware County,US.NY.DE,93,4,
Kewaunee County,US.WI.KW,93,1,
Grainger County,US.TN.GA,92,0,
Douglas County,US.OR.DO,92,1,
Crawford County,US.MI.CF,92,5,
Delta County,US.CO.DT,92,1,
Greene County,US.PA.GR,91,0,
Humboldt County,US.NV.HU,91,4,
Logan County,US.OH.LG,91,1,
Montezuma County,US.CO.MZ,91,4,
Mono County,US.CA.MO,91,1,
Yankton County,US.SD.YA,91,2,
Lincoln County,US.GA.LC,91,2,
Carroll County,US.OH.CO,90,4,
Jackson County,US.TN.JA,90,0,
Carroll County,US.TN.CR,90,2,
Guernsey County,US.OH.GU,90,6,
Long County,US.GA.LG,90,1,
Campbell County,US.VA.CM,89,1,
Monroe County,US.OH.ME,89,17,
Montgomery County,US.KY.MM,89,0,
Miami County,US.KS.MI,89,0,
Washington County,US.NC.WI,89,3,
Cherokee County,US.IA.CE,89,1,
Douglas County,US.IL.DO,89,0,
Dade County,US.GA.DD,89,1,
Seneca County,US.OH.SE,88,2,
Marshall County,US.WV.MH,88,0,
Pulaski County,US.IL.PL,88,0,
Mason County,US.WA.MA,88,1,
Defiance County,US.OH.DF,88,4,
Lewis and Clark County,US.MT.LE,88,1,
Polk County,US.WI.PL,88,2,
Chippewa County,US.MN.CP,87,1,
Lafayette County,US.WI.LF,87,0,
Teller County,US.CO.TE,87,2,
Pawnee County,US.OK.PW,86,3,
Swain County,US.NC.SW,86,2,
Sharkey County,US.MS.SH,86,0,
Montour County,US.PA.MO,86,3,
Sanpete County,US.UT.SP,86,0,
Webster County,US.MO.WE,86,1,
Hancock County,US.IA.HN,86,2,
Butler County,US.IA.BE,85,2,
Randolph County,US.IN.RA,85,4,
Mineral County,US.WV.ML,85,3,
Walsh County,US.ND.WL,85,0,
Becker County,US.MN.BC,85,0,
Klickitat County,US.WA.KL,85,3,
Snyder County,US.PA.SN,85,2,
Towns County,US.GA.TW,85,1,
Marion County,US.KY.MN,85,0,
McCormick County,US.SC.MC,85,2,
Stutsman County,US.ND.SU,84,2,
Lyman County,US.SD.LY,84,1,
Benton County,US.MS.BE,84,0,
Edmonson County,US.KY.ED,84,12,
Rio Grande County,US.CO.RG,84,2,
Taylor County,US.IA.TY,83,0,
Highland County,US.OH.HI,83,1,
Boone County,US.AR.BO,83,1,
Sharp County,US.AR.SH,83,5,
Bosque County,US.TX.BQ,83,0,
Callaway County,US.MO.CA,83,1,
Cleburne County,US.AL.CB,82,1,
Lyon County,US.IA.LY,82,0,
Fremont County,US.CO.FR,82,0,
Franklin County,US.FL.FR,82,1,
Mifflin County,US.PA.MI,82,1,
Barron County,US.WI.BR,82,2,
Garza County,US.TX.GR,82,1,
Cascade County,US.MT.CS,81,2,
Greenbrier County,US.WV.GE,81,3,
Monona County,US.IA.MO,81,0,
Hidalgo County,US.NM.HI,81,0,
Young County,US.TX.YU,81,1,
Hamilton County,US.NE.HM,81,12,
Juneau County,US.WI.JU,80,1,
Tyrrell County,US.NC.TY,80,1,
Rutland County,US.VT.RU,80,1,
Bennington County,US.VT.BE,80,1,
Jo Daviess County,US.IL.JO,80,1,
Grant County,US.KY.GT,80,5,
Seneca County,US.NY.SC,80,1,
Cheshire County,US.NH.CH,80,2,
Washington County,US.NE.WS,79,1,
Del Norte County,US.CA.DE,79,0,
Russell County,US.KY.RU,79,5,
Sanilac County,US.MI.SL,79,6,
Franklin County,US.IL.FR,79,0,
Polk County,US.TN.PO,79,0,
Henry County,US.OH.HE,78,0,
Cannon County,US.TN.CN,78,0,
Wythe County,US.VA.WY,78,2,
Falls County,US.TX.FL,78,0,
Franklin County,US.MS.FR,78,2,
Hughes County,US.SD.HG,78,2,
Buchanan County,US.IA.BC,77,1,
Champaign County,US.OH.CH,77,1,
Cortland County,US.NY.CD,77,1,
Douglas County,US.WI.DG,77,0,
Coosa County,US.AL.CS,77,1,
Whitley County,US.KY.WH,77,0,
Miller County,US.GA.ML,77,0,
Washington County,US.IN.WS,77,1,
Seminole County,US.GA.SI,77,2,
Madison County,US.IA.MD,77,2,
Meeker County,US.MN.ME,76,1,
Wheeler County,US.GA.WL,76,0,
Blanco County,US.TX.BC,76,1,
Mercer County,US.WV.MR,76,0,
Carroll County,US.NH.CA,76,1,
Brown County,US.OH.BR,76,1,
Ashe County,US.NC.AS,75,1,
Sac County,US.IA.SA,75,0,
Unicoi County,US.TN.UC,75,0,
Albany County,US.WY.AL,75,0,
Lafayette County,US.FL.LF,75,0,
Decatur County,US.TN.DC,75,0,
Carter County,US.KY.CR,75,1,
Josephine County,US.OR.JO,75,1,
Henry County,US.TN.HR,75,1,
Door County,US.WI.DO,75,3,
Elbert County,US.CO.EB,75,2,
Lincoln County,US.KY.LN,75,1,
Gallatin County,US.KY.GL,74,8,
Dunn County,US.WI.DN,74,0,
Smyth County,US.VA.SM,74,1,
Grundy County,US.TN.GU,74,2,
Fairfax city,US.VA.FC,74,7,
Morrison County,US.MN.MR,74,1,
Taos County,US.NM.TA,74,1,
Wyandot County,US.OH.WD,74,5,
Barton County,US.KS.BT,74,3,
Taylor County,US.KY.TA,73,1,
Jay County,US.IN.JY,73,0,
Rush County,US.IN.RU,73,4,
Clay County,US.IN.CY,73,5,
Davison County,US.SD.DV,73,0,
Perry County,US.IL.PY,73,1,
Coos County,US.OR.CO,73,0,
Mingo County,US.WV.MO,73,2,
Crowley County,US.CO.CR,73,1,
Essex County,US.VA.ES,72,0,
Chowan County,US.NC.CW,72,0,
Little River County,US.AR.LT,72,1,
Greer County,US.OK.GE,72,7,
Allegany County,US.NY.AL,72,2,
Sumner County,US.KS.SU,72,1,
Faribault County,US.MN.FA,72,0,
Osceola County,US.IA.OS,72,0,
Hartley County,US.TX.HL,72,2,
Clallam County,US.WA.CL,71,0,
Addison County,US.VT.AD,71,2,
Grant County,US.KS.GT,71,2,
Kossuth County,US.IA.KO,71,0,
Calhoun County,US.IA.CO,71,2,
Gentry County,US.MO.GT,71,9,
Humboldt County,US.IA.HU,71,1,
City and Borough of Juneau,US.AK.JU,71,2,
Moniteau County,US.MO.ME,71,2,
Gage County,US.NE.GG,71,4,
Harrison County,US.IA.HR,71,0,
Mitchell County,US.IA.ME,70,0,
Hancock County,US.WV.HN,70,0,
Sevier County,US.UT.SE,70,0,
Franklin County,US.TX.FK,70,1,
Pulaski County,US.GA.PL,70,2,
Lincoln County,US.WY.LI,70,0,
Kingfisher County,US.OK.KN,70,0,
Clarion County,US.PA.CL,70,2,
Webster County,US.KY.WE,69,1,
San Miguel County,US.CO.SM,69,0,
Lincoln County,US.NE.LI,69,2,
Swisher County,US.TX.SW,69,1,
Llano County,US.TX.LL,69,0,
Bradford County,US.PA.BF,69,3,
Sibley County,US.MN.SI,69,2,
Pulaski County,US.IN.PL,69,1,
Andrew County,US.MO.AN,69,1,
Sequatchie County,US.TN.SQ,68,0,
Yancey County,US.NC.YN,68,0,
Iowa County,US.IA.IO,68,1,
Howell County,US.MO.HW,68,0,
Windsor County,US.VT.WS,68,2,
Crawford County,US.GA.CW,68,0,
Gaines County,US.TX.GS,68,0,
Clay County,US.GA.CY,68,2,
Clatsop County,US.OR.CT,68,0,
Morris County,US.TX.MR,68,0,
Jefferson County,US.IA.JE,68,0,
Terry County,US.TX.TE,67,0,
Patrick County,US.VA.PK,67,2,
Ward County,US.TX.WD,67,1,
King William County,US.VA.KW,67,2,
Delaware County,US.IA.DA,67,1,
Socorro County,US.NM.SO,67,5,
Grays Harbor County,US.WA.GY,66,2,
Todd County,US.SD.TO,66,3,
Amherst County,US.VA.AH,66,0,
Woodford County,US.IL.WO,66,3,
Crane County,US.TX.CR,65,10,
Monroe County,US.KY.MO,65,2,
Sullivan County,US.IN.SU,65,1,
Noble County,US.OK.NB,65,2,
Amador County,US.CA.AM,65,0,
Fayette County,US.IA.FT,65,0,
Dukes County,US.MA.DU,64,0,
Schoharie County,US.NY.SO,64,2,
Clarke County,US.VA.CK,64,0,
Henry County,US.KY.HY,64,2,
Fayette County,US.OH.FY,64,0,
Lincoln County,US.OK.LI,63,2,
Humphreys County,US.TN.HU,63,2,
Adams County,US.IN.AD,63,1,
Clayton County,US.IA.CT,63,3,
Spencer County,US.KY.SP,63,0,
Livingston County,US.IL.LI,63,2,
Osceola County,US.MI.OE,63,0,
Lee County,US.IA.LE,63,2,
Ochiltree County,US.TX.OC,63,2,
Columbia County,US.OR.CL,63,0,
Cherokee County,US.KS.CK,63,1,
Perry County,US.OH.PE,63,1,
Greenup County,US.KY.GU,63,0,
Floyd County,US.TX.FY,63,4,
Boone County,US.WV.BN,63,0,
Uintah County,US.UT.UN,62,0,
Treutlen County,US.GA.TE,62,2,
Bureau County,US.IL.BU,62,2,
Coffey County,US.KS.CF,62,8,
Roberts County,US.SD.RO,62,0,
Palo Alto County,US.IA.PO,62,0,
Boyle County,US.KY.BE,62,0,
Winneshiek County,US.IA.WH,62,1,
Floyd County,US.KY.FO,61,1,
Pulaski County,US.VA.PU,61,2,
Jefferson County,US.ID.JF,61,1,
Brown County,US.MN.BR,61,2,
Menominee County,US.MI.MM,61,0,
York County,US.NE.YO,61,0,
Meigs County,US.TN.ME,61,0,
Dimmit County,US.TX.DM,61,0,
Monroe County,US.IA.MR,61,7,
Buchanan County,US.VA.BH,61,0,
Seward County,US.NE.SA,61,1,
Twiggs County,US.GA.TG,61,1,
Jackson County,US.MN.JA,60,0,
Phelps County,US.MO.PH,60,0,
Owen County,US.IN.OW,60,1,
Mitchell County,US.NC.MI,60,1,
Marquette County,US.WI.MQ,60,1,
Pennington County,US.MN.PI,60,0,
Franklin County,US.AR.FR,60,1,
Hart County,US.KY.HT,60,0,
Christian County,US.IL.CI,60,4,
Amelia County,US.VA.AI,60,1,
Saline County,US.IL.SE,60,0,
Meade County,US.SD.MD,60,1,
Lake County,US.CO.LK,60,0,
Waldo County,US.ME.WL,60,14,
Mills County,US.IA.ML,60,0,
Bourbon County,US.KY.BU,60,1,
Cumberland County,US.VA.CU,60,0,
Wabasha County,US.MN.WB,59,0,
Winnebago County,US.IA.WB,59,0,
Union County,US.TN.UO,59,0,
Grant County,US.NM.GR,59,1,
Marion County,US.MO.MO,58,1,
Brown County,US.IN.BR,58,1,
McKenzie County,US.ND.MK,58,0,
Van Wert County,US.OH.VA,58,1,
Winkler County,US.TX.WI,58,0,
Marshall County,US.OK.MH,58,0,
Grundy County,US.IA.GN,58,1,
Wise County,US.VA.WI,58,3,
Lynn County,US.TX.LY,57,3,
Whitman County,US.WA.WI,57,0,
Logan County,US.IL.LO,57,0,
Brooks County,US.TX.BK,57,0,
Richland County,US.ND.RI,57,0,
Waushara County,US.WI.WS,57,0,
Love County,US.OK.LV,57,0,
Alleghany County,US.VA.AL,56,2,
Latah County,US.ID.LA,56,0,
Jersey County,US.IL.JR,56,1,
Dixon County,US.NE.DI,56,2,
Leelanau County,US.MI.LE,56,0,
Currituck County,US.NC.CI,56,0,
Union County,US.IA.UN,56,1,
Yuma County,US.CO.YU,56,0,
Delta County,US.MI.DE,55,3,
Siskiyou County,US.CA.SK,55,0,
Northumberland County,US.VA.NU,55,1,
Ouachita County,US.AR.OU,55,1,
Appomattox County,US.VA.AP,55,0,
Hampshire County,US.WV.HM,55,1,
Yoakum County,US.TX.YA,55,1,
Morrill County,US.NE.MO,55,0,
Wexford County,US.MI.WE,55,4,
Bandera County,US.TX.BA,54,0,
Lake County,US.SD.LK,54,1,
Adams County,US.WI.AD,54,2,
Iowa County,US.WI.IO,54,0,
Falls Church city,US.VA.FU,54,6,
Tazewell County,US.VA.TA,54,0,
Lampasas County,US.TX.LP,54,0,
Essex County,US.NY.ES,54,0,
Taylor County,US.GA.TY,54,2,
Benton County,US.IN.BE,54,0,
Venango County,US.PA.VE,53,0,
Wyoming County,US.PA.WM,53,7,
Alleghany County,US.NC.AL,53,0,
Perry County,US.TN.PE,53,0,
Logan County,US.WV.LO,53,1,
Carroll County,US.MO.CL,53,0,
Oneida County,US.WI.ON,53,0,
Kearny County,US.KS.KE,53,1,
Avery County,US.NC.AV,53,0,
Butler County,US.NE.BE,53,0,
Prairie County,US.AR.PR,52,0,
Madison County,US.VA.MD,52,1,
Johnson County,US.TN.JO,52,0,
Meade County,US.KY.MA,52,2,
Lee County,US.VA.LE,52,0,
Goliad County,US.TX.GI,52,0,
Wright County,US.MO.WG,52,0,
Tipton County,US.IN.TT,52,2,
Reagan County,US.TX.RG,51,2,
Ravalli County,US.MT.RA,51,1,
Lincoln County,US.MN.LI,51,0,
Nodaway County,US.MO.NO,51,0,
Forest County,US.WI.FR,51,4,
Comanche County,US.TX.CE,51,1,
Emmet County,US.MI.EM,51,2,
Barton County,US.MO.BT,51,0,
Rockbridge County,US.VA.RB,51,0,
Howard County,US.NE.HW,51,4,
Yates County,US.NY.YA,51,6,
Torrance County,US.NM.TO,51,1,
Perquimans County,US.NC.PQ,50,2,
Tyler County,US.TX.TY,50,0,
Jefferson County,US.WA.JE,50,0,
Fillmore County,US.MN.FI,50,0,
Clark County,US.IL.CK,50,0,
Hardy County,US.WV.HD,50,0,
Jasper County,US.IL.JS,49,7,
Teton County,US.ID.TE,49,0,
Neosho County,US.KS.NO,49,0,
Cleveland County,US.AR.CV,49,0,
Pike County,US.MO.PI,49,1,
Jackson County,US.OH.JA,49,0,
Hamilton County,US.TX.HM,49,1,
Carbon County,US.WY.CB,49,1,
Green Lake County,US.WI.GL,49,0,
Duchesne County,US.UT.DU,49,0,
Crawford County,US.WI.CR,49,0,
Stewart County,US.TN.SA,48,0,
Atoka County,US.OK.AT,48,0,
Lincoln County,US.MT.LN,48,1,
Mille Lacs County,US.MN.MI,48,2,
Atchison County,US.KS.AT,48,0,
Jefferson County,US.PA.JE,48,1,
Koochiching County,US.MN.KO,48,2,
Ogemaw County,US.MI.OG,48,2,
Oxford County,US.ME.OX,48,0,
Camden County,US.NC.CD,48,2,
Mecosta County,US.MI.MT,48,2,
Kalkaska County,US.MI.KK,48,4,
Stevens County,US.WA.ST,48,1,
Baxter County,US.AR.BA,48,0,
Garrard County,US.KY.GR,48,0,
Effingham County,US.IL.EF,48,1,
Lassen County,US.CA.LS,48,0,
Sioux County,US.ND.SI,47,0,
Bollinger County,US.MO.BI,47,0,
Jackson County,US.AR.JA,47,1,
Fountain County,US.IN.FO,47,2,
Stone County,US.MO.SE,47,1,
Sutton County,US.TX.ST,47,0,
Swift County,US.MN.SW,47,1,
Juab County,US.UT.JU,47,0,
Madison County,US.MT.MA,47,1,
Bourbon County,US.KS.BB,47,1,
Dewey County,US.SD.DW,47,0,
Lander County,US.NV.LA,47,0,
Runnels County,US.TX.RN,47,0,
Morgan County,US.TN.MG,46,1,
Fentress County,US.TN.FE,46,0,
Paulding County,US.OH.PA,46,0,
Davis County,US.IA.DV,46,1,
Baker County,US.GA.BR,46,3,
Rowan County,US.KY.RW,46,0,
Vernon County,US.WI.VE,46,0,
Worth County,US.IA.WT,46,0,
Pamlico County,US.NC.PM,46,1,
Lincoln County,US.WI.LI,46,0,
Pushmataha County,US.OK.PU,46,0,
Washington County,US.CO.WA,46,0,
Washington County,US.VT.WA,45,1,
Mason County,US.KY.MS,45,1,
Prowers County,US.CO.PR,45,0,
Washakie County,US.WY.WA,45,5,
Charles City County,US.VA.CC,45,3,
Blackford County,US.IN.BL,45,2,
Franklin County,US.ME.FR,45,1,
Gogebic County,US.MI.GO,45,1,
Nowata County,US.OK.NW,45,1,
Hansford County,US.TX.HF,45,2,
Tensas Parish,US.LA.TN,45,0,
Rock County,US.MN.RC,45,0,
Craig County,US.OK.CG,44,0,
Warren County,US.GA.WR,44,0,
Jones County,US.NC.JN,44,3,
Lunenburg County,US.VA.LN,44,0,
Rockcastle County,US.KY.RC,44,0,
Jim Hogg County,US.TX.JG,44,0,
Gray County,US.KS.GY,44,0,
Lincoln County,US.NM.LI,44,1,
Jefferson County,US.KS.JF,44,0,
Roscommon County,US.MI.RO,44,0,
Renville County,US.MN.RN,44,4,
Lincoln County,US.ID.LI,44,0,
Pike County,US.OH.PK,43,0,
Washington County,US.KY.WS,43,0,
Henry County,US.MO.HE,43,3,
Miller County,US.MO.ML,43,0,
Skamania County,US.WA.SM,43,1,
Clinton County,US.MO.CO,43,0,
Kane County,US.UT.KA,43,0,
Custer County,US.MT.CU,43,0,
Kauai County,US.HI.KU,43,0,
Pike County,US.AR.PE,43,0,
Wayne County,US.KY.WY,42,0,
Lamoille County,US.VT.LA,42,1,
Howard County,US.IA.HO,42,0,
Johnson County,US.IL.JH,42,0,
Franklin County,US.NY.FR,42,1,
Charlevoix County,US.MI.CV,42,2,
Charlotte County,US.VA.CT,42,0,
Carbon County,US.MT.CB,42,0,
Cuming County,US.NE.CM,42,0,
Clare County,US.MI.CE,42,3,
Merrick County,US.NE.ME,41,0,
Vernon County,US.MO.VE,41,0,
Morgan County,US.UT.MN,41,0,
Washington County,US.MO.WS,41,1,
Anderson County,US.KY.AN,41,1,
Mariposa County,US.CA.MP,41,1,
Wetzel County,US.WV.WT,41,0,
Nemaha County,US.KS.NM,41,0,
Brooke County,US.WV.BO,41,0,
Lafayette County,US.AR.LF,41,2,
Caldwell County,US.KY.CD,41,0,
Union County,US.KY.UN,40,0,
Valley County,US.ID.VA,40,1,
Van Buren County,US.AR.VA,40,2,
Custer County,US.NE.CU,40,4,
Stevens County,US.KS.SV,40,0,
Fleming County,US.KY.FE,40,0,
Sheridan County,US.WY.SH,40,0,
Missaukee County,US.MI.MU,40,1,
Pocahontas County,US.WV.PO,40,0,
Inyo County,US.CA.IN,40,1,
Clay County,US.NE.CL,40,0,
Adams County,US.OH.AD,39,2,
Clay County,US.TN.CY,39,0,
Sabine County,US.TX.SB,39,1,
Grand County,US.CO.GR,39,1,
Ray County,US.MO.RY,39,0,
Arenac County,US.MI.AR,39,2,
Hancock County,US.TN.HC,39,0,
Clay County,US.NC.CY,39,0,
Lucas County,US.IA.LU,39,4,
Scott County,US.TN.SC,39,0,
Murray County,US.OK.MR,39,0,
Greenlee County,US.AZ.GE,39,1,
Fayette County,US.IL.FA,39,3,
Jerauld County,US.SD.JE,39,1,
Mercer County,US.IL.ME,39,0,
Perry County,US.AR.PY,39,0,
Chickasaw County,US.IA.CC,39,0,
Somervell County,US.TX.SV,39,0,
Breckinridge County,US.KY.BC,38,2,
Elk County,US.PA.EL,38,2,
Trigg County,US.KY.TG,38,0,
Brule County,US.SD.BU,38,0,
Mason County,US.TX.MA,38,0,
Sullivan County,US.NH.SU,38,1,
Page County,US.IA.PG,38,0,
Benton County,US.MO.BN,38,0,
Hancock County,US.KY.HC,38,0,
Clark County,US.KS.CA,38,0,
Cooper County,US.MO.CP,38,0,
Wabaunsee County,US.KS.WB,38,0,
Sagadahoc County,US.ME.SA,38,0,
Hamilton County,US.KS.HM,38,0,
Houghton County,US.MI.HO,38,0,
Greene County,US.IA.GE,37,0,
Jackson County,US.WI.JA,37,1,
Gallia County,US.OH.GA,37,1,
Benewah County,US.ID.BA,37,0,
Harrison County,US.MO.HS,37,1,
Morgan County,US.MO.MG,37,0,
Garrett County,US.MD.GA,37,0,
Stone County,US.AR.ST,37,1,
Iron County,US.WI.IR,37,1,
Montague County,US.TX.MU,37,1,
Richland County,US.MT.RI,37,0,
Franklin County,US.ID.FA,37,0,
Yellow Medicine County,US.MN.YE,37,0,
Callahan County,US.TX.AL,37,2,
Donley County,US.TX.DO,37,0,
Crosby County,US.TX.CB,37,3,
Meade County,US.KS.ME,37,0,
Crawford County,US.IN.CW,37,0,
Menard County,US.IL.MN,36,0,
Macon County,US.MO.MN,36,0,
Aurora County,US.SD.AU,36,0,
Marion County,US.KS.MN,36,1,
Otoe County,US.NE.OT,36,0,
Rappahannock County,US.VA.RP,36,1,
Cumberland County,US.IL.CU,36,1,
Kit Carson County,US.CO.KT,36,3,
Switzerland County,US.IN.SW,36,0,
Martin County,US.IN.MN,36,0,
Buena Vista city,US.VA.BE,36,0,
Mason County,US.IL.MS,36,0,
San Miguel County,US.NM.SM,36,0,
Monroe County,US.AR.ME,36,0,
Fulton County,US.KY.FU,36,1,
Phillips County,US.KS.PL,36,6,
Churchill County,US.NV.CH,36,1,
Tillman County,US.OK.TI,36,1,
Parke County,US.IN.PA,35,0,
Haskell County,US.KS.HS,35,0,
Sherman County,US.TX.SN,35,0,
Park County,US.CO.PA,35,1,
McLean County,US.KY.ML,35,1,
Wayne County,US.NE.WY,35,0,
Lincoln County,US.WV.LI,35,0,
Dickinson County,US.MI.DI,35,2,
Taylor County,US.WV.TA,35,0,
Webster County,US.GA.WT,35,2,
Shannon County,US.MO.SN,35,0,
Grant County,US.WV.GA,35,0,
Hyde County,US.NC.HE,35,0,
Russell County,US.VA.RU,35,0,
Glacier County,US.MT.GC,35,0,
Washington County,US.IL.WG,35,0,
Martin County,US.TX.MT,35,1,
Mitchell County,US.TX.MH,34,0,
Ripley County,US.MO.RI,34,0,
Hill County,US.MT.HI,34,0,
Roseau County,US.MN.RS,34,0,
Upshur County,US.WV.UP,34,0,
Moore County,US.TN.MO,34,0,
Appanoose County,US.IA.AP,34,3,
Mercer County,US.KY.MC,34,0,
Gates County,US.NC.GT,34,2,
Taylor County,US.WI.TA,34,0,
Eastland County,US.TX.EA,34,0,
Grand County,US.UT.GR,34,0,
Doniphan County,US.KS.DP,34,0,
Park County,US.MT.PA,33,0,
Lewis County,US.NY.LE,33,5,
White County,US.IL.WE,33,0,
Schleicher County,US.TX.SH,33,1,
Tioga County,US.PA.TI,33,2,
Ohio County,US.IN.OH,33,2,
Traill County,US.ND.TR,33,0,
Turner County,US.SD.TU,33,0,
Big Horn County,US.WY.BI,33,0,
Cass County,US.MN.CS,33,2,
Houston County,US.MN.HO,33,0,
Ford County,US.IL.FO,33,1,
Benton County,US.TN.BN,33,1,
Grant County,US.MN.GR,33,1,
Beaver County,US.OK.BA,33,0,
Moultrie County,US.IL.MI,33,0,
Schley County,US.GA.SY,32,1,
Aroostook County,US.ME.AR,32,1,
King and Queen County,US.VA.KA,32,1,
Mason County,US.WV.MN,32,0,
Shoshone County,US.ID.SH,32,0,
Osage County,US.KS.OS,32,0,
Cheboygan County,US.MI.CY,32,2,
Phelps County,US.NE.PH,32,0,
Yukon-Koyukuk Census Area,US.AK.YU,32,0,
Dallas County,US.MO.DL,32,1,
Alexander County,US.IL.AL,32,0,
Dickinson County,US.KS.DK,32,1,
Douglas County,US.MO.DO,32,1,
Somerset County,US.ME.SO,32,0,
Benson County,US.ND.BE,32,1,
Antrim County,US.MI.AN,31,0,
Toole County,US.MT.TO,31,6,
Houston County,US.TN.HO,31,0,
Lincoln County,US.ME.LI,31,0,
Ste. Genevieve County,US.MO.SG,31,1,
Silver Bow County,US.MT.SI,31,0,
Powell County,US.KY.PO,31,0,
Crawford County,US.MO.CF,31,0,
Larue County,US.KY.LR,31,1,
McCulloch County,US.TX.MC,31,0,
Fremont County,US.ID.FE,31,0,
Shelby County,US.IL.SB,31,1,
Manistee County,US.MI.ME,31,0,
Crook County,US.OR.CR,30,1,
Poquoson city,US.VA.PQ,30,0,
Converse County,US.WY.CE,30,0,
Piatt County,US.IL.PA,30,0,
Cass County,US.IA.CS,30,0,
Livingston County,US.MO.LV,30,0,
Surry County,US.VA.SR,30,1,
Otero County,US.CO.OT,30,2,
Lawrence County,US.IL.LW,30,0,
Scott County,US.VA.SC,30,2,
Lake County,US.OR.LK,30,0,
Todd County,US.KY.TO,30,0,
Newton County,US.TX.NE,30,0,
Gladwin County,US.MI.GL,30,2,
Howard County,US.MO.HR,29,0,
Valdez-Cordova Census Area,US.AK.VA,29,0,
Latimer County,US.OK.LA,29,1,
Garfield County,US.UT.GA,29,1,
Cedar County,US.MO.CD,29,0,
Bond County,US.IL.BN,29,1,
Izard County,US.AR.IZ,29,1,
Rains County,US.TX.RI,29,1,
Nelson County,US.VA.NL,29,0,
Nantucket County,US.MA.NA,29,1,
Pepin County,US.WI.PE,29,0,
Ketchikan Gateway Borough,US.AK.KG,28,0,
Pratt County,US.KS.PR,28,0,
Presidio County,US.TX.PS,28,0,
Buffalo County,US.WI.BF,28,2,
Barnes County,US.ND.BA,28,0,
Quay County,US.NM.QU,28,1,
Pope County,US.MN.PE,28,0,
Wheeler County,US.TX.WL,28,0,
Pendleton County,US.KY.PN,28,0,
Livingston County,US.KY.LV,27,0,
Redwood County,US.MN.RW,27,0,
Wilbarger County,US.TX.WG,27,0,
Floyd County,US.VA.FO,27,1,
Plumas County,US.CA.PU,27,0,
Dunn County,US.ND.DU,27,0,
Wayne County,US.IL.WY,27,1,
Beckham County,US.OK.BC,27,0,
Barbour County,US.WV.BB,27,1,
Osage County,US.MO.OS,27,0,
Alcona County,US.MI.AC,27,1,
Hemphill County,US.TX.HH,27,0,
Bristol city,US.VA.BI,27,0,
Knott County,US.KY.KT,27,0,
Knox County,US.NE.KN,26,0,
Cloud County,US.KS.CD,26,0,
Lexington city,US.VA.LX,26,0,
Pacific County,US.WA.PA,26,1,
Ottawa County,US.KS.OT,26,0,
Moody County,US.SD.MO,26,0,
Guadalupe County,US.NM.GU,26,0,
Crawford County,US.IL.CW,26,0,
Pend Oreille County,US.WA.PE,26,0,
Ramsey County,US.ND.RM,26,1,
Ida County,US.IA.ID,26,0,
Lewis County,US.KY.LI,26,0,
McKean County,US.PA.MC,26,1,
Letcher County,US.KY.LT,26,0,
Ballard County,US.KY.BA,26,0,
San Juan County,US.WA.SA,25,0,
Johnston County,US.OK.JO,25,0,
Quitman County,US.GA.QU,25,1,
Lewis County,US.WV.LE,25,2,
Vinton County,US.OH.VI,25,2,
Pendleton County,US.WV.PE,25,1,
Haskell County,US.TX.HK,25,0,
Chippewa County,US.MI.CP,25,0,
Lyon County,US.KY.LY,25,3,
Power County,US.ID.PO,25,0,
Cavalier County,US.ND.CV,25,0,
Knox County,US.ME.KN,25,1,
Trimble County,US.KY.TM,25,0,
Hughes County,US.OK.HU,25,1,
Caledonia County,US.VT.CA,25,0,
Madison County,US.NC.MD,25,0,
Morgan County,US.WV.MA,25,0,
Boise County,US.ID.BS,25,0,
Linn County,US.MO.LN,25,1,
Linn County,US.KS.LN,25,0,
Brown County,US.KS.BR,25,0,
Wabash County,US.IL.WB,25,0,
Keokuk County,US.IA.KE,24,1,
Morgan County,US.KY.MG,24,0,
Blaine County,US.OK.BL,24,0,
Bath County,US.KY.BH,24,1,
Archuleta County,US.CO.AC,24,0,
Clear Creek County,US.CO.CL,24,1,
Benzie County,US.MI.BE,24,1,
Bates County,US.MO.BS,24,1,
Okfuskee County,US.OK.OF,24,0,
Caldwell County,US.MO.CW,24,1,
Anderson County,US.KS.AN,24,0,
Montgomery County,US.MO.MM,24,0,
De Witt County,US.IL.DW,24,0,
Carroll County,US.IL.CL,24,2,
Norman County,US.MN.NR,24,0,
Bracken County,US.KY.BK,24,0,
Owen County,US.KY.OE,24,0,
Montgomery County,US.IA.MG,24,2,
Ransom County,US.ND.RN,24,0,
Grundy County,US.MO.GU,24,1,
Faulk County,US.SD.FU,24,1,
Lawrence County,US.SD.LW,24,0,
Massac County,US.IL.MA,24,0,
Carbon County,US.UT.CR,24,0,
Randolph County,US.MO.RN,23,1,
Stanton County,US.NE.ST,23,0,
Haskell County,US.OK.HS,23,0,
Marshall County,US.MN.MS,23,0,
Corson County,US.SD.CO,23,0,
Fisher County,US.TX.FH,23,1,
Wilkin County,US.MN.WL,23,3,
Oscoda County,US.MI.OO,23,1,
Thomas County,US.KS.TH,23,0,
Nicholas County,US.WV.NI,23,1,
Gallatin County,US.IL.GA,23,0,
Woodward County,US.OK.WW,23,0,
Tillamook County,US.OR.TI,23,0,
Jefferson County,US.OK.JE,23,0,
Lancaster County,US.VA.LA,23,0,
Jack County,US.TX.JK,23,0,
Green County,US.KY.GN,22,1,
Costilla County,US.CO.CS,22,0,
Idaho County,US.ID.ID,22,0,
Johnson County,US.WY.JO,22,1,
Dallas County,US.AR.DA,22,0,
Van Buren County,US.IA.VA,22,1,
Audubon County,US.IA.AU,22,1,
Hancock County,US.IL.HC,22,1,
DeKalb County,US.MO.DE,22,1,
Asotin County,US.WA.AS,22,2,
Lewis County,US.TN.LE,22,0,
Aitkin County,US.MN.AI,22,0,
Thayer County,US.NE.TA,22,0,
Hutchinson County,US.SD.HT,21,0,
Norton County,US.KS.NT,21,0,
Fillmore County,US.NE.FI,21,1,
Conejos County,US.CO.CN,21,0,
Republic County,US.KS.RP,21,0,
Cheyenne County,US.NE.CY,21,0,
Middlesex County,US.VA.MI,21,1,
Pembina County,US.ND.PE,21,0,
Crittenden County,US.KY.CT,21,1,
Scott County,US.KS.SC,21,0,
Radford city,US.VA.RD,21,0,
Lawrence County,US.KY.LC,21,0,
Caribou County,US.ID.CR,21,0,
McCreary County,US.KY.MR,21,0,
Pike County,US.IN.PI,21,0,
McCook County,US.SD.MC,21,1,
Scott County,US.AR.SC,21,0,
Fulton County,US.AR.FU,21,0,
Sierra County,US.NM.SI,21,0,
Mitchell County,US.KS.MC,21,0,
Adair County,US.IA.AI,20,0,
Fulton County,US.IL.FU,20,0,
Moffat County,US.CO.MF,20,1,
Big Stone County,US.MN.BI,20,0,
Meigs County,US.OH.MS,20,0,
Vilas County,US.WI.VI,20,0,
Day County,US.SD.DY,20,0,
Metcalfe County,US.KY.MT,20,2,
Vermillion County,US.IN.VE,20,0,
Union County,US.IN.UN,20,0,
Cedar County,US.NE.CA,20,0,
Searcy County,US.AR.SA,20,0,
Wadena County,US.MN.WD,20,0,
Cumberland County,US.KY.CU,20,0,
Kanabec County,US.MN.KA,20,1,
Kearney County,US.NE.KA,20,0,
Concho County,US.TX.ON,20,0,
Potter County,US.PA.PO,20,0,
Clay County,US.TX.CY,20,0,
Coal County,US.OK.CL,20,0,
Schuyler County,US.NY.SU,20,0,
Martin County,US.KY.MI,20,0,
Boundary County,US.ID.BD,19,0,
Tripp County,US.SD.TR,19,0,
Richland County,US.WI.RI,19,4,
Hancock County,US.ME.HA,19,1,
Kiowa County,US.OK.KO,19,1,
Sawyer County,US.WI.SW,19,0,
Fulton County,US.PA.FU,19,1,
Menifee County,US.KY.ME,19,0,
Hudspeth County,US.TX.HU,18,0,
Sublette County,US.WY.SU,18,0,
Newton County,US.AR.NW,18,0,
Giles County,US.VA.GI,18,0,
Stephens County,US.TX.SE,18,0,
Breathitt County,US.KY.BT,18,0,
Major County,US.OK.MJ,18,1,
Wallowa County,US.OR.WW,18,1,
Mahnomen County,US.MN.MH,18,1,
Ringgold County,US.IA.RI,18,1,
Walworth County,US.SD.WA,18,0,
Monroe County,US.WV.ME,18,0,
Edwards County,US.TX.ED,18,0,
Beaver County,US.UT.BV,18,0,
Sitka City and Borough,US.AK.SI,18,0,
Edgar County,US.IL.EG,18,0,
Antelope County,US.NE.AN,17,1,
Warren County,US.IN.WN,17,1,
Stanton County,US.KS.ST,17,0,
Clay County,US.WV.CY,17,1,
Knox County,US.TX.KX,17,0,
Polk County,US.NE.PO,17,0,
Shackelford County,US.TX.SC,17,0,
Glascock County,US.GA.GS,17,0,
Spink County,US.SD.SP,17,0,
Pierce County,US.NE.PI,17,0,
Phillips County,US.CO.PH,17,0,
Burt County,US.NE.BT,17,0,
Marion County,US.AR.MN,17,0,
Johnson County,US.KY.JO,17,0,
Bethel Census Area,US.AK.BE,17,0,
Rosebud County,US.MT.RS,17,1,
Jefferson County,US.MT.JE,17,0,
Mellette County,US.SD.ML,17,0,
Grant County,US.SD.GA,17,0,
Mineral County,US.CO.MI,17,0,
Woodruff County,US.AR.WO,17,0,
Hickman County,US.KY.HA,16,0,
Montgomery County,US.AR.MT,16,0,
Rice County,US.KS.RC,16,0,
Nicholas County,US.KY.NI,16,0,
McLean County,US.ND.ML,16,0,
Los Alamos County,US.NM.LO,16,0,
Baker County,US.OR.BA,16,0,
Carlisle County,US.KY.CE,16,1,
Leslie County,US.KY.LS,16,0,
Menard County,US.TX.EN,16,0,
Nome Census Area,US.AK.NM,16,0,
Clark County,US.SD.CK,16,0,
Texas County,US.MO.TE,16,0,
Noble County,US.OH.NO,16,0,
Issaquena County,US.MS.IS,16,1,
Price County,US.WI.PC,16,0,
Teton County,US.MT.TE,15,0,
Morgan County,US.OH.MA,15,0,
Hanson County,US.SD.HS,15,0,
Marshall County,US.IL.MH,15,0,
Graham County,US.NC.GH,15,0,
Fremont County,US.IA.FO,15,0,
Daviess County,US.MO.DV,15,0,
Douglas County,US.SD.DO,15,0,
Ralls County,US.MO.RL,15,0,
Van Buren County,US.TN.VA,15,0,
Stillwater County,US.MT.ST,15,0,
Kimball County,US.NE.KB,15,0,
Adams County,US.ID.AM,15,0,
Woods County,US.OK.WS,15,0,
Decatur County,US.IA.DC,15,0,
Presque Isle County,US.MI.PR,14,0,
Orleans County,US.VT.OL,14,0,
Union County,US.NM.UN,14,0,
Ellsworth County,US.KS.EW,14,0,
Hamlin County,US.SD.HM,14,0,
Gasconade County,US.MO.GA,14,0,
Fall River County,US.SD.FL,14,0,
Lake County,US.MN.LE,14,0,
Schuyler County,US.IL.SU,14,0,
Lake County,US.MI.LK,14,0,
Mercer County,US.ND.ME,14,0,
Coos County,US.NH.CO,14,0,
Stanley County,US.SD.ST,14,0,
LaMoure County,US.ND.LA,14,0,
Clearwater County,US.MN.CE,14,0,
Clinton County,US.KY.CO,14,0,
Hot Springs County,US.WY.HO,14,0,
Childress County,US.TX.CD,14,0,
Baca County,US.CO.BA,14,0,
Stevens County,US.MN.SV,14,0,
Harrison County,US.OH.HR,14,1,
Bayfield County,US.WI.BY,14,1,
Coke County,US.TX.OK,14,1,
Warren County,US.PA.WR,14,1,
Gilmer County,US.WV.GI,13,0,
Gosper County,US.NE.GO,13,0,
Gilpin County,US.CO.GI,13,0,
Real County,US.TX.RL,13,0,
Pershing County,US.NV.PE,13,0,
Clay County,US.KS.CY,13,2,
Langlade County,US.WI.LN,13,1,
San Saba County,US.TX.SS,13,0,
Pickett County,US.TN.PI,13,1,
Lewis County,US.MO.LE,13,1,
Rolette County,US.ND.RO,13,0,
Mackinac County,US.MI.MK,13,0,
Madison County,US.MO.MD,13,0,
Rusk County,US.WI.RU,13,1,
Grand Isle County,US.VT.GR,13,0,
Greenwood County,US.KS.GW,13,0,
Culberson County,US.TX.UL,13,1,
Beaverhead County,US.MT.BE,13,0,
Bon Homme County,US.SD.BH,13,0,
Upton County,US.TX.UP,13,0,
Archer County,US.TX.AC,13,0,
Greene County,US.IL.GE,13,0,
Wyoming County,US.WV.WY,12,0,
Kimble County,US.TX.KM,12,0,
Washita County,US.OK.WT,12,0,
Southeast Fairbanks Census Area,US.AK.SO,12,0,
Adams County,US.IA.AM,12,0,
Ouray County,US.CO.OU,12,1,
Garfield County,US.MT.GF,12,0,
Oldham County,US.TX.OL,12,1,
Furnas County,US.NE.FU,12,1,
Delta County,US.TX.DT,12,0,
Wells County,US.ND.WE,12,0,
Sanborn County,US.SD.SA,12,0,
Chariton County,US.MO.CI,12,0,
Lipscomb County,US.TX.LM,12,0,
Hubbard County,US.MN.HU,12,0,
Jefferson County,US.NE.JE,12,0,
Cotton County,US.OK.CT,12,2,
Roane County,US.WV.RO,12,1,
McDowell County,US.WV.MC,12,0,
Curry County,US.OR.CU,11,0,
Craig County,US.VA.CG,11,0,
Red Willow County,US.NE.RE,11,0,
Rooks County,US.KS.RO,11,0,
Custer County,US.SD.CU,11,0,
Las Animas County,US.CO.LS,11,0,
St. Clair County,US.MO.SC,11,0,
Burke County,US.ND.BK,11,0,
White Pine County,US.NV.WH,11,1,
Hamilton County,US.IL.HM,11,0,
Allen County,US.KS.AL,11,0,
Miner County,US.SD.ME,11,0,
Brown County,US.IL.BR,11,0,
Wayne County,US.IA.WY,11,1,
Ashland County,US.WI.AS,11,0,
Richardson County,US.NE.RI,11,1,
McIntosh County,US.ND.MI,11,0,
McHenry County,US.ND.MH,11,1,
Kinney County,US.TX.KN,11,0,
Colfax County,US.NM.CO,11,1,
Scotland County,US.MO.SO,11,1,
Goshen County,US.WY.GO,11,0,
Emery County,US.UT.EM,11,0,
Oregon County,US.MO.OR,11,0,
Orange County,US.VT.OA,11,0,
Sedgwick County,US.CO.SE,11,0,
Emmons County,US.ND.EM,10,1,
Sullivan County,US.PA.SL,10,0,
Tyler County,US.WV.TY,10,0,
Dent County,US.MO.DN,10,0,
Mineral County,US.NV.MI,10,0,
Edmunds County,US.SD.ED,10,0,
Menominee County,US.WI.MN,10,0,
Iron County,US.MI.IR,10,1,
Graham County,US.KS.GH,10,0,
Mills County,US.TX.MS,10,0,
Johnson County,US.NE.JO,10,0,
Columbia County,US.WA.CM,10,0,
Keith County,US.NE.KT,10,0,
Nemaha County,US.NE.NE,10,0,
Dickenson County,US.VA.DC,10,0,
Hardeman County,US.TX.RD,10,0,
Reynolds County,US.MO.RE,10,0,
Woodson County,US.KS.WO,10,0,
Hodgeman County,US.KS.HG,10,0,
Carson County,US.TX.CN,10,0,
Custer County,US.CO.CU,10,0,
Edwards County,US.KS.ED,9,0,
Valley County,US.NE.VA,9,0,
Cochran County,US.TX.CC,9,0,
Clay County,US.IL.CY,9,0,
Dade County,US.MO.DD,9,0,
Webster County,US.NE.WE,9,0,
Pike County,US.IL.PK,9,0,
Carter County,US.MO.CR,9,1,
Crook County,US.WY.CK,9,0,
Matthews County,US.VA.MT,9,0,
Briscoe County,US.TX.BO,9,1,
Richland County,US.IL.RI,9,0,
Sargent County,US.ND.SG,9,0,
Hardin County,US.IL.HI,9,0,
Traverse County,US.MN.TR,9,0,
Sherman County,US.KS.SH,9,0,
Broadwater County,US.MT.BR,9,0,
Northwest Arctic Borough,US.AK.NW,9,0,
Magoffin County,US.KY.MF,9,0,
Calhoun County,US.AR.CA,8,0,
Estill County,US.KY.ES,8,0,
Clearwater County,US.ID.CE,8,0,
Renville County,US.ND.RE,8,0,
Schuyler County,US.MO.SH,8,0,
Kingsbury County,US.SD.KI,8,0,
Dickey County,US.ND.DC,8,0,
Box Butte County,US.NE.BX,8,0,
Schoolcraft County,US.MI.SR,8,0,
Mercer County,US.MO.MC,8,0,
Dawson County,US.MT.DW,8,0,
Pierce County,US.ND.PI,8,0,
Deer Lodge County,US.MT.DE,8,0,
Henderson County,US.IL.HD,8,0,
Perkins County,US.NE.PE,8,0,
Monroe County,US.MO.MR,8,0,
Franklin County,US.NE.FA,8,0,
Shelby County,US.MO.SB,8,0,
Pondera County,US.MT.PN,8,0,
Sheridan County,US.NE.SD,8,0,
Washburn County,US.WI.WR,8,0,
Sherman County,US.OR.SH,8,0,
Maries County,US.MO.MS,8,0,
North Slope Borough,US.AK.NH,8,0,
Jackson County,US.CO.JA,8,0,
Roosevelt County,US.MT.RO,8,0,
Custer County,US.ID.CU,7,0,
Hand County,US.SD.HD,7,0,
Jeff Davis County,US.TX.JF,7,0,
Sheridan County,US.KS.SD,7,0,
Bland County,US.VA.BL,7,0,
Coleman County,US.TX.CM,7,0,
Jackson County,US.SD.JA,7,1,
Wolfe County,US.KY.WL,7,0,
Wilson County,US.KS.WL,7,0,
Pawnee County,US.KS.PN,7,0,
Bottineau County,US.ND.BT,7,0,
Stark County,US.IL.SA,7,0,
Covington city,US.VA.CV,7,0,
Montmorency County,US.MI.MR,7,0,
Tucker County,US.WV.TU,7,0,
Boone County,US.NE.BO,7,0,
Elliott County,US.KY.EL,7,0,
Valley County,US.MT.VA,7,0,
Morton County,US.KS.MT,7,2,
Atchison County,US.MO.AT,7,0,
Cheyenne County,US.CO.CE,7,0,
Forest County,US.PA.FO,7,0,
Marshall County,US.KS.MS,7,0,
Butte County,US.SD.BT,7,1,
Oneida County,US.ID.ON,7,0,
Braxton County,US.WV.BX,7,0,
Lemhi County,US.ID.LM,7,0,
Iron County,US.MO.IR,6,0,
Glasscock County,US.TX.GC,6,0,
Roberts County,US.TX.RS,6,0,
Kiowa County,US.KS.KW,6,0,
Pleasants County,US.WV.PL,6,0,
Granite County,US.MT.GN,6,0,
Hamilton County,US.NY.HA,6,1,
Edwards County,US.IL.EW,6,0,
Eddy County,US.ND.ED,6,0,
Rio Blanco County,US.CO.RB,6,0,
Cottle County,US.TX.OT,6,1,
Ferry County,US.WA.FE,6,0,
Collingsworth County,US.TX.CG,6,0,
Burnett County,US.WI.BN,6,1,
Marshall County,US.SD.MS,6,0,
Chase County,US.KS.CS,6,0,
Wirt County,US.WV.WI,6,0,
Nance County,US.NE.NA,6,0,
Blaine County,US.MT.BL,6,0,
Morris County,US.KS.MR,6,0,
Lake and Peninsula Borough,US.AK.LA,6,0,
McPherson County,US.SD.MP,6,0,
Gregory County,US.SD.GE,6,0,
Lac Qui Parle County,US.MN.LC,6,0,
Lincoln County,US.CO.LI,6,0,
Washington County,US.ME.WS,6,0,
Harper County,US.KS.HP,6,0,
Petersburg Census Area,US.AK.PB,6,1,
Roger Mills County,US.OK.RR,6,0,
Greeley County,US.NE.GE,6,0,
Lincoln County,US.WA.LI,6,0,
Steele County,US.ND.SE,6,0,
Wahkiakum County,US.WA.WH,6,0,
Mora County,US.NM.MO,6,0,
Hettinger County,US.ND.HE,6,0,
Worth County,US.MO.WO,5,0,
Wayne County,US.MO.WY,5,0,
Rush County,US.KS.RH,5,0,
Baraga County,US.MI.BA,5,0,
Platte County,US.WY.PL,5,0,
Kidder County,US.ND.KI,5,0,
Sanders County,US.MT.SA,5,0,
Lincoln County,US.KS.LC,5,0,
Lane County,US.KS.LE,5,0,
Kodiak Island Borough,US.AK.KO,5,0,
Kingman County,US.KS.KM,5,0,
Chautauqua County,US.KS.CQ,5,0,
Bent County,US.CO.BE,5,0,
Jewell County,US.KS.JW,5,0,
Rich County,US.UT.RH,5,0,
Decatur County,US.KS.DC,5,0,
Taliaferro County,US.GA.TA,5,0,
Ness County,US.KS.NS,5,0,
Harney County,US.OR.HA,5,0,
Grant County,US.OK.GN,5,0,
Norton city,US.VA.NC,5,0,
Nuckolls County,US.NE.NU,5,0,
Calhoun County,US.WV.CH,5,0,
Florence County,US.WI.FL,5,0,
Huerfano County,US.CO.HU,5,1,
Cameron County,US.PA.CE,5,0,
Bennett County,US.SD.BN,5,0,
Sioux County,US.NE.SI,5,0,
Sherman County,US.NE.SM,5,0,
Deuel County,US.SD.DU,5,0,
Red Lake County,US.MN.RD,5,0,
Alger County,US.MI.AG,4,0,
McMullen County,US.TX.MM,4,0,
Sweet Grass County,US.MT.SW,4,1,
Dickens County,US.TX.DC,4,0,
Garden County,US.NE.GD,4,0,
Chase County,US.NE.CE,4,0,
Grant County,US.ND.GT,4,0,
Russell County,US.KS.RS,4,0,
Putnam County,US.MO.PN,4,0,
Towner County,US.ND.TO,4,0,
Oliver County,US.ND.OL,4,0,
Fergus County,US.MT.FE,4,0,
Catron County,US.NM.CA,4,1,
Essex County,US.VT.ES,4,0,
McPherson County,US.NE.MC,4,0,
Piute County,US.UT.PT,4,0,
Dewey County,US.OK.DW,4,0,
Harmon County,US.OK.HM,4,0,
Hooker County,US.NE.HO,4,0,
Scott County,US.IL.SO,4,0,
Perkins County,US.SD.PR,4,0,
Knox County,US.MO.KN,4,0,
Holt County,US.NE.HT,4,0,
Owsley County,US.KY.OS,4,0,
Stonewall County,US.TX.SA,4,0,
Dawes County,US.NE.DS,4,0,
Sheridan County,US.ND.SH,4,0,
Meagher County,US.MT.ME,4,0,
Barber County,US.KS.AB,4,0,
Hall County,US.TX.HA,4,1,
Griggs County,US.ND.GI,4,0,
Irion County,US.TX.IR,4,0,
Armstrong County,US.TX.AM,3,0,
Bear Lake County,US.ID.BK,3,0,
Webster County,US.WV.WB,3,0,
Calhoun County,US.IL.CH,3,0,
Wrangell City and Borough,US.AK.WG,3,0,
Bowman County,US.ND.BW,3,0,
Ziebach County,US.SD.ZI,3,0,
Hickory County,US.MO.HC,3,0,
Golden Valley County,US.ND.GO,3,0,
Trinity County,US.CA.TR,3,0,
Trego County,US.KS.TR,3,0,
Lincoln County,US.NV.LI,3,0,
Hyde County,US.SD.HY,3,0,
Frontier County,US.NE.FO,3,0,
Garfield County,US.NE.GF,3,0,
Lee County,US.KY.LE,3,0,
Kusilvak Census Area,US.AK.WA,3,0,
Golden Valley County,US.MT.GO,3,0,
Greeley County,US.KS.GL,3,0,
Ritchie County,US.WV.RI,3,0,
Haines Borough,US.AK.HA,3,0,
Piscataquis County,US.ME.PI,3,0,
Kenedy County,US.TX.KE,3,0,
Sheridan County,US.MT.SH,3,0,
Slope County,US.ND.SL,3,0,
Cherry County,US.NE.CH,3,0,
Highland County,US.VA.HA,3,0,
Hinsdale County,US.CO.HI,3,0,
Smith County,US.KS.SM,3,0,
Luce County,US.MI.LU,3,0,
Foster County,US.ND.FO,3,0,
Comanche County,US.KS.CM,3,0,
Putnam County,US.IL.PT,3,0,
Osborne County,US.KS.OB,3,0,
Chouteau County,US.MT.CH,3,0,
Ozark County,US.MO.OZ,3,0,
Nelson County,US.ND.NE,3,0,
Kittson County,US.MN.KI,2,0,
Keweenaw County,US.MI.KW,2,0,
Grant County,US.OR.GR,2,0,
Cook County,US.MN.CO,2,0,
Bath County,US.VA.BA,2,0,
Summers County,US.WV.SU,2,0,
Kent County,US.TX.KT,2,0,
Motley County,US.TX.MY,2,0,
Baylor County,US.TX.BR,2,0,
Robertson County,US.KY.RB,2,0,
Washington County,US.KS.WS,2,0,
Storey County,US.NV.ST,2,0,
Harper County,US.OK.HP,2,0,
Clark County,US.MO.CK,2,0,
Cheyenne County,US.KS.CN,2,0,
Pope County,US.IL.PE,2,0,
Holt County,US.MO.HL,2,0,
Gove County,US.KS.GO,2,0,
Stafford County,US.KS.SF,2,0,
Treasure County,US.MT.TR,2,0,
Rock County,US.NE.RO,2,0,
Logan County,US.KS.LG,2,0,
Wheatland County,US.MT.WH,2,0,
Gilliam County,US.OR.GI,2,0,
Niobrara County,US.WY.NI,2,0,
Eureka County,US.NV.EU,2,0,
Throckmorton County,US.TX.TH,2,0,
Banner County,US.NE.BA,2,0,
Prince of Wales-Hyder Census Area,US.AK.PH,2,0,
San Juan County,US.CO.SJ,2,0,
Garfield County,US.WA.GF,2,0,
Alpine County,US.CA.AP,2,0,
Terrell County,US.TX.TL,2,0,
Dolores County,US.CO.DO,2,0,
Sierra County,US.CA.SE,1,0,
McCone County,US.MT.MC,1,0,
Pawnee County,US.NE.PA,1,0,
Alfalfa County,US.OK.AL,1,0,
Logan County,US.ND.LO,1,0,
Jones County,US.SD.JO,1,0,
Musselshell County,US.MT.MU,1,0,
Judith Basin County,US.MT.JU,1,0,
Liberty County,US.MT.LB,1,0,
Ontonagon County,US.MI.ON,1,0,
Aleutians East Borough,US.AK.AE,1,0,
Aleutians West Census Area,US.AK.AW,1,0,
Harding County,US.NM.HA,1,0,
Haakon County,US.SD.HA,1,0,
Fallon County,US.MT.FA,1,0,
Denali Borough,US.AK.DE,1,0,
Wibaux County,US.MT.WI,1,0,
Deuel County,US.NE.DL,1,0,
Wichita County,US.KS.WH,1,0,
Camas County,US.ID.CM,1,0,
Campbell County,US.SD.CP,1,0,
Divide County,US.ND.DV,1,0,
Boyd County,US.NE.BY,1,0,
Foard County,US.TX.FD,1,0,
Thomas County,US.NE.TO,1,0,
Sully County,US.SD.SU,1,0,
Hitchcock County,US.NE.HI,1,0,
Cimarron County,US.OK.CO,1,0,
Harlan County,US.NE.HR,1,0,
Ellis County,US.OK.EL,1,0,
Elk County,US.KS.EK,1,0,
Dundy County,US.NE.DY,1,0,
Billings County,US.ND.BI,1,0,
Dillingham Census Area,US.AK.DI,0,0,
Doddridge County,US.WV.DO,0,0,
De Baca County,US.NM.DE,0,0,
Hoonah-Angoon Census Area,US.AK.HH,0,0,
Wallace County,US.KS.WA,0,0,
Daniels County,US.MT.DN,0,0,
Daggett County,US.UT.DG,0,0,
Prairie County,US.MT.PR,0,0,
Modoc County,US.CA.MC,0,0,
Powell County,US.MT.PL,0,0,
Powder River County,US.MT.PD,0,0,
Clark County,US.ID.CA,0,0,
Potter County,US.SD.PO,0,0,
Adams County,US.ND.AD,0,0,
Wayne County,US.UT.WE,0,0,
Petroleum County,US.MT.PO,0,0,
Phillips County,US.MT.PH,0,0,
Rawlins County,US.KS.RA,0,0,
Esmeralda County,US.NV.ES,0,0,
Yakutat City and Borough,US.AK.YA,0,0,
Grant County,US.NE.GA,0,0,
Skagway Municipality,US.AK.SW,0,0,
Hayes County,US.NE.HY,0,0,
Blaine County,US.NE.BL,0,0,
Sterling County,US.TX.SI,0,0,
Kalawao County,US.HI.KL,0,0,
Harding County,US.SD.HR,0,0,
Borden County,US.TX.BD,0,0,
Keya Paha County,US.NE.KY,0,0,
King County,US.TX.KG,0,0,
Kiowa County,US.CO.KO,0,0,
Lake of the Woods County,US.MN.LO,0,0,
Mineral County,US.MT.MN,0,0,
Bristol Bay Borough,US.AK.BR,0,0,
Lewis County,US.ID.LW,0,0,
Brown County,US.NE.BW,0,0,
Wheeler County,US.OR.WE,0,0,
Wheeler County,US.NE.WH,0,0,
Logan County,US.NE.LG,0,0,
Loup County,US.NE.LU,0,0,
Loving County,US.TX.LI,0,0,
Arthur County,US.NE.AR,0,0,
Butte County,US.ID.BT,0,0,
Carter County,US.MT.CT,0,0,
