County,hasc,confirmed,death,recovered
Los Angeles County,US.CA.LO,271371,6610,
Miami-Dade County,US.FL.DA,170882,3284,
Cook County,US.IL.CO,146152,5229,
Harris County,US.TX.RR,142681,2607,
Maricopa County,US.AZ.MA,142287,3405,
Dallas County,US.TX.DS,82410,1137,
Broward County,US.FL.BO,77433,1406,
Queens County,US.NY.QU,72692,7256,
Kings County,US.NY.KI,69062,7329,
Clark County,US.NV.CL,67499,1394,
Riverside County,US.CA.RI,59488,1226,
Bexar County,US.TX.BX,57936,1318,
San Bernardino County,US.CA.SA,55394,955,
Orange County,US.CA.OR,53909,1275,
Bronx County,US.NY.BN,53169,4955,
San Diego County,US.CA.SD,47485,792,
Nassau County,US.NY.NA,46929,2202,
Tarrant County,US.TX.TN,46850,725,
Palm Beach County,US.FL.PL,46698,1383,
Suffolk County,US.NY.SF,46563,2015,
Hillsborough County,US.FL.HL,42380,654,
Orange County,US.FL.OR,40485,470,
Westchester County,US.NY.WE,38300,1456,
Wayne County,US.MI.WY,35588,2990,
New York County,US.NY.NE,33626,3181,
Philadelphia County,US.PA.PH,32483,1832,
Kern County,US.CA.KE,32184,371,
Salt Lake County,US.UT.SL,32019,253,
Hidalgo County,US.TX.HG,31984,1542,
Shelby County,US.TN.SY,31321,479,
Milwaukee County,US.WI.MU,31280,538,
Duval County,US.FL.DU,30666,407,
Middlesex County,US.MA.MI,30036,2156,
Prince George's County,US.MD.PR,29617,828,
Travis County,US.TX.TV,29514,421,
Mecklenburg County,US.NC.MB,29132,359,
Fresno County,US.CA.FR,28706,390,
Hennepin County,US.MN.HE,27873,937,
Fulton County,US.GA.FU,27790,577,
Gwinnett County,US.GA.GW,27733,409,
Franklin County,US.OH.FR,27600,615,
Davidson County,US.TN.DA,26940,313,
Suffolk County,US.MA.SU,25708,1142,
Pima County,US.AZ.PM,25706,622,
El Paso County,US.TX.EP,24666,528,
St. Louis County,US.MO.SL,23417,807,
Cameron County,US.TX.CA,22876,915,
Sacramento County,US.CA.SC,22755,426,
Montgomery County,US.MD.MO,22679,850,
Bergen County,US.NJ.BE,22579,2045,
King County,US.WA.KN,22529,759,
Pinellas County,US.FL.PI,22266,755,
Marion County,US.IN.MO,21953,822,
Alameda County,US.CA.AA,21458,420,
Santa Clara County,US.CA.SL,21457,325,
Essex County,US.NJ.ES,21157,2128,
Fairfax County,US.VA.FX,21018,588,
Oakland County,US.MI.OD,20922,1206,
Essex County,US.MA.ES,20863,1293,
Hudson County,US.NJ.HD,20767,1518,
Lee County,US.FL.LE,20586,477,
San Joaquin County,US.CA.SJ,20457,466,
Jefferson County,US.AL.JE,20308,354,
Fairfield County,US.CT.FA,20264,1422,
Polk County,US.FL.PO,20120,531,
Cobb County,US.GA.CB,19829,427,
Utah County,US.UT.UT,19757,57,
Middlesex County,US.NJ.MI,19679,1429,
Jackson County (including other portions of Kansas City),US.MO.JC,19550,236,
Passaic County,US.NJ.PA,19135,1254,
DeKalb County,US.GA.DA,18938,369,
Providence County,US.RI.PR,18927,893,
Oklahoma County,US.OK.OL,18580,196,
Baltimore County,US.MD.BC,18148,632,
Wake County,US.NC.WK,17878,256,
DuPage County,US.IL.DU,17873,565,
Union County,US.NJ.UN,17761,1356,
Cuyahoga County,US.OH.CU,17704,658,
Jefferson Parish,US.LA.JF,17683,570,
Tulsa County,US.OK.TU,17482,166,
Lake County,US.IL.LK,17246,490,
Contra Costa County,US.CA.CN,16973,209,
Douglas County,US.NE.DG,16600,195,
Stanislaus County,US.CA.ST,16573,365,
Fort Bend County,US.TX.FR,16472,292,
Tulare County,US.CA.TL,16322,263,
Polk County,US.IA.PK,16235,264,
Jefferson County,US.KY.JF,16143,311,
Richmond County,US.NY.RI,16025,1086,
Nueces County,US.TX.NU,15925,377,
Charleston County,US.SC.CS,15899,263,
Baltimore City,US.MD.BA,15793,486,
Rockland County,US.NY.RO,15636,509,
Richland County,US.SC.RI,15475,246,
Washington,US.DC.DI,15358,628,
East Baton Rouge Parish,US.LA.EB,15242,443,
Worcester County,US.MA.WO,15166,1117,
Macomb County,US.MI.MB,14909,1025,
Hartford County,US.CT.HA,14874,1439,
Greenville County,US.SC.GV,14577,307,
New Haven County,US.CT.NH,14520,1115,
Will County,US.IL.WL,14331,382,
Collin County,US.TX.CI,14109,150,
Webb County,US.TX.WB,13902,279,
Ocean County,US.NJ.OC,13718,1050,
Mobile County,US.AL.MB,13619,295,
Hamilton County,US.OH.HM,13537,322,
Denver County,US.CO.DN,13474,435,
Kane County,US.IL.KE,13344,326,
Ada County,US.ID.AA,13256,148,
Ventura County,US.CA.VE,12867,152,
Collier County,US.FL.CL,12789,224,
Yuma County,US.AZ.YU,12765,346,
Orleans Parish,US.LA.OR,12738,588,
Osceola County,US.FL.OS,12605,156,
Prince William County,US.VA.PW,12594,207,
Allegheny County,US.PA.AL,12454,361,
Escambia County,US.FL.ES,12393,237,
Montgomery County,US.PA.MG,12325,881,
Denton County,US.TX.DN,12242,153,
Orange County,US.NY.OE,12199,413,
Lubbock County,US.TX.LU,12139,128,
Monmouth County,US.NJ.MN,12025,868,
Imperial County,US.CA.IM,11993,323,
Norfolk County,US.MA.NO,11836,1068,
Galveston County,US.TX.GV,11697,159,
Manatee County,US.FL.MN,11619,291,
Delaware County,US.PA.DE,11578,756,
Johnson County,US.KS.JO,11575,154,
Erie County,US.NY.ER,11574,627,
Brazoria County,US.TX.BI,11485,169,
Yakima County,US.WA.YA,11442,262,
San Francisco County,US.CA.SF,11332,106,
Honolulu County,US.HI.HO,11296,114,
Ramsey County,US.MN.RA,11278,326,
Volusia County,US.FL.VO,10991,252,
Lake County,US.IN.LK,10931,345,
Montgomery County,US.TX.MG,10845,161,
Bristol County,US.MA.BR,10764,702,
Leon County,US.FL.LO,10710,80,
Dane County,US.WI.DA,10672,43,
Pinal County,US.AZ.PN,10672,210,
New Castle County,US.DE.NE,10520,312,
Horry County,US.SC.HO,10416,200,
Plymouth County,US.MA.PL,10318,773,
Kent County,US.MI.KN,10279,174,
Anne Arundel County,US.MD.AN,10186,251,
Monterey County,US.CA.MT,10181,74,
San Mateo County,US.CA.SM,10069,150,
Camden County,US.NJ.CM,9996,611,
Brown County,US.WI.BW,9980,66,
Marion County,US.FL.MI,9806,295,
Washington County,US.AR.WA,9763,118,
Hamilton County,US.TN.HL,9741,95,
Knox County,US.TN.KN,9737,80,
Washoe County,US.NV.WA,9617,159,
Pulaski County,US.AR.PU,9612,154,
Rutherford County,US.TN.RU,9579,95,
Hall County,US.GA.HL,9498,158,
Adams County,US.CO.AD,9491,227,
Arapahoe County,US.CO.AA,9481,372,
Pasco County,US.FL.PS,9371,208,
Santa Barbara County,US.CA.SB,9223,115,
Brevard County,US.FL.BE,9154,299,
Seminole County,US.FL.SE,9107,216,
Sedgwick County,US.KS.SG,9102,93,
Lafayette Parish,US.LA.LY,9050,133,
Tuscaloosa County,US.AL.TU,9040,118,
Merced County,US.CA.MD,9019,145,
Bucks County,US.PA.BC,8929,610,
Montgomery County,US.AL.MT,8918,187,
Guilford County,US.NC.GU,8859,185,
Caddo Parish,US.LA.CO,8765,365,
Mercer County,US.NJ.ME,8675,636,
Williamson County,US.TX.WM,8663,144,
Hampden County,US.MA.HD,8627,786,
Chatham County,US.GA.CM,8548,166,
Waukesha County,US.WI.WK,8512,92,
Alachua County,US.FL.AL,8352,61,
Canyon County,US.ID.CN,8328,102,
Sarasota County,US.FL.SR,8233,261,
McLennan County,US.TX.ML,8179,107,
St. Lucie County,US.FL.SL,8120,291,
Montgomery County,US.OH.MT,8120,166,
Pierce County,US.WA.PI,8116,207,
Madison County,US.AL.MD,8056,78,
Lancaster County,US.PA.LN,8052,459,
Morris County,US.NJ.MR,7920,830,
Calcasieu Parish,US.LA.CC,7907,213,
Durham County,US.NC.DH,7878,95,
St. Charles County,US.MO.SA,7857,115,
Kings County,US.CA.KI,7851,104,
Dakota County,US.MN.DA,7771,127,
Sonoma County,US.CA.SO,7578,122,
Lake County,US.FL.LK,7567,193,
Jefferson County,US.TX.JE,7540,134,
Lexington County,US.SC.LX,7490,164,
Lucas County,US.OH.LU,7429,364,
Multnomah County,US.OR.MU,7345,140,
Hinds County,US.MS.HI,7227,161,
Berks County,US.PA.BK,7215,395,
Burlington County,US.NJ.BU,7208,502,
Forsyth County,US.NC.FO,7182,104,
Richmond County,US.GA.RI,7180,164,
Wyandotte County,US.KS.WY,7163,134,
City of St. Louis,US.MO.SY,7119,213,
St. Tammany Parish,US.LA.ST,7118,259,
Clayton County,US.GA.CN,7114,161,
Spokane County,US.WA.SP,7079,170,
Snohomish County,US.WA.SN,7035,212,
El Paso County,US.CO.EL,7027,175,
Spartanburg County,US.SC.SP,6974,204,
Chester County,US.PA.CH,6959,366,
Virginia Beach City,US.VA.VI,6957,93,
Minnehaha County,US.SD.MN,6931,82,
Elkhart County,US.IN.EL,6894,118,
Loudoun County,US.VA.LD,6887,126,
St. Joseph County,US.IN.SN,6876,123,
Sussex County,US.DE.SU,6807,207,
St. Clair County,US.IL.SI,6796,193,
Benton County,US.AR.BE,6767,93,
Marin County,US.CA.MN,6729,117,
Bernalillo County,US.NM.BE,6660,178,
Fayette County,US.KY.FA,6612,75,
Greene County,US.MO.GE,6590,60,
Lancaster County,US.NE.LA,6573,24,
Brazos County,US.TX.BZ,6492,64,
Allen County,US.IN.AL,6488,217,
Solano County,US.CA.SN,6475,71,
Winnebago County,US.IL.WN,6455,152,
Anoka County,US.MN.AN,6403,138,
Ouachita Parish,US.LA.OU,6364,148,
Butler County,US.OH.BU,6312,113,
Cleveland County,US.OK.CV,6266,72,
Shelby County,US.AL.SH,6221,50,
Cherokee County,US.GA.CE,6159,93,
Bay County,US.FL.BY,6146,111,
Monroe County,US.NY.MR,6121,260,
Bibb County,US.GA.BI,6097,173,
Muscogee County,US.GA.MG,6070,170,
Chesterfield County,US.VA.CD,6057,95,
Lee County,US.AL.LE,6043,61,
Baldwin County,US.AL.BD,5997,53,
Potter County,US.TX.PT,5989,60,
Hays County,US.TX.HY,5940,65,
Jefferson County,US.CO.JE,5902,252,
Madison County,US.IL.MD,5888,144,
Somerset County,US.NJ.SO,5850,577,
Navajo County,US.AZ.NA,5802,236,
DeSoto County,US.MS.DE,5724,66,
Woodbury County,US.IA.WO,5705,68,
Lehigh County,US.PA.LH,5704,353,
Beaufort County,US.SC.BA,5704,83,
Cumberland County,US.NC.CU,5664,80,
Bell County,US.TX.BL,5590,87,
Racine County,US.WI.RA,5557,98,
Berkeley County,US.SC.BK,5515,89,
Henrico County,US.VA.HC,5501,217,
York County,US.SC.YO,5486,76,
Summit County,US.OH.SU,5464,253,
Williamson County,US.TN.WL,5455,38,
St. Johns County,US.FL.SJ,5423,70,
Cass County,US.ND.CS,5416,77,
Davis County,US.UT.DA,5405,30,
Santa Rosa County,US.FL.SA,5378,77,
Gaston County,US.NC.GS,5352,85,
Outagamie County,US.WI.OU,5333,30,
Henry County,US.GA.HY,5307,103,
Johnson County,US.IA.JH,5205,27,
Clay County,US.FL.CY,5193,103,
Howard County,US.MD.HO,5149,122,
Dutchess County,US.NY.DU,5148,157,
Clarke County,US.GA.CK,5105,44,
Okaloosa County,US.FL.OA,5082,116,
Hamilton County,US.IN.HM,5062,118,
Pitt County,US.NC.PI,5019,29,
York County,US.PA.YO,4971,159,
Florence County,US.SC.FL,4968,191,
Sumner County,US.TN.SN,4968,102,
Union County,US.NC.UN,4943,59,
Martin County,US.FL.MT,4942,143,
Norfolk City,US.VA.NF,4891,78,
Champaign County,US.IL.CM,4879,22,
Weld County,US.CO.WE,4834,151,
Marion County,US.OR.MR,4813,96,
Genesee County,US.MI.GE,4772,309,
Gloucester County,US.NJ.GL,4710,229,
McHenry County,US.IL.MY,4683,119,
Richmond City,US.VA.RC,4683,62,
Robeson County,US.NC.RB,4677,83,
Boone County,US.MO.BO,4656,11,
Whitfield County,US.GA.WF,4651,61,
Washington County,US.OR.WI,4648,60,
Madera County,US.CA.ME,4614,58,
Benton County,US.WA.BE,4606,132,
Johnston County,US.NC.JH,4602,57,
Black Hawk County,US.IA.BL,4578,92,
Anderson County,US.SC.AN,4561,181,
Tangipahoa Parish,US.LA.TA,4538,120,
Northampton County,US.PA.NA,4532,305,
Winnebago County,US.WI.WA,4479,32,
Boulder County,US.CO.BO,4478,79,
Municipality of Anchorage,US.AK.AN,4474,36,
Ellis County,US.TX.EI,4459,68,
Onondaga County,US.NY.OG,4456,182,
Hillsborough County,US.NH.HI,4451,291,
Warren County,US.KY.WR,4418,54,
Jefferson County,US.MO.JE,4413,63,
Weber County,US.UT.WB,4385,31,
New Hanover County,US.NC.NE,4379,32,
Chesapeake City,US.VA.CS,4357,72,
McKinley County,US.NM.MC,4346,257,
Franklin County,US.WA.FR,4344,66,
Rapides Parish,US.LA.RA,4302,149,
Aiken County,US.SC.AI,4290,82,
Linn County,US.IA.LI,4219,115,
Dorchester County,US.SC.DO,4201,91,
Coconino County,US.AZ.CO,4198,144,
Stearns County,US.MN.SR,4178,25,
Forsyth County,US.GA.FO,4160,46,
Atlantic County,US.NJ.AT,4152,256,
Luzerne County,US.PA.LU,4147,190,
Frederick County,US.MD.FR,4117,133,
Cabarrus County,US.NC.CR,4112,74,
Jasper County,US.MO.JS,4111,51,
Victoria County,US.TX.VI,4076,96,
Kenosha County,US.WI.KN,4026,68,
Alamance County,US.NC.AA,4018,55,
Mohave County,US.AZ.MO,4017,227,
Arlington County,US.VA.AR,3997,150,
Marshall County,US.AL.MS,3995,46,
Washington County,US.MN.WH,3989,55,
Vanderburgh County,US.IN.VA,3970,32,
Harrison County,US.MS.HR,3965,75,
Lowndes County,US.GA.LW,3942,82,
Midland County,US.TX.ID,3890,66,
Dauphin County,US.PA.DA,3879,181,
Alexandria City,US.VA.AX,3859,69,
Sebastian County,US.AR.SB,3856,61,
Columbia County,US.FL.CU,3852,59,
Smith County,US.TX.SM,3838,107,
Burleigh County,US.ND.BL,3833,50,
Sarpy County,US.NE.SY,3832,27,
Livingston Parish,US.LA.LV,3831,76,
Washtenaw County,US.MI.WS,3810,116,
Ascension Parish,US.LA.AE,3804,98,
Cumberland County,US.NJ.CU,3802,160,
Columbia County,US.GA.CI,3796,61,
Walker County,US.TX.WK,3750,57,
Maverick County,US.TX.MV,3712,125,
Lafourche Parish,US.LA.LO,3693,122,
Terrebonne Parish,US.LA.TR,3661,118,
San Luis Obispo County,US.CA.SS,3649,31,
Jackson County,US.MS.JC,3643,70,
Guadalupe County,US.TX.GU,3642,76,
Wilson County,US.TN.WO,3636,48,
Ingham County,US.MI.IH,3632,50,
Douglas County,US.GA.DL,3621,71,
Placer County,US.CA.PA,3617,48,
Etowah County,US.AL.ET,3616,45,
Calhoun County,US.AL.CN,3587,44,
Peoria County,US.IL.PI,3583,52,
Apache County,US.AZ.AP,3569,165,
Ottawa County,US.MI.OT,3548,67,
Story County,US.IA.ST,3512,17,
Rowan County,US.NC.RW,3501,102,
Glynn County,US.GA.GY,3494,96,
Dubuque County,US.IA.DU,3486,43,
Dona Ana County,US.NM.DO,3476,56,
Wayne County,US.NC.WY,3459,69,
Starr County,US.TX.SR,3446,169,
Yellowstone County,US.MT.YS,3424,68,
Putnam County,US.TN.PU,3419,47,
Jefferson County,US.AR.JE,3413,80,
Washington County,US.UT.WN,3411,28,
Bossier Parish,US.LA.BO,3401,108,
Rankin County,US.MS.RA,3401,80,
St. Landry Parish,US.LA.SL,3391,125,
San Juan County,US.NM.SJ,3366,199,
Madison County,US.MS.MD,3363,90,
Morgan County,US.AL.MG,3362,29,
Clark County,US.WA.CR,3356,69,
La Crosse County,US.WI.LA,3351,3,
McLean County,US.IL.ML,3346,24,
Indian River County,US.FL.IN,3279,120,
Floyd County,US.GA.FL,3259,45,
Catawba County,US.NC.CB,3255,53,
Sumter County,US.SC.SU,3247,78,
Buncombe County,US.NC.BO,3224,84,
Hernando County,US.FL.HA,3194,132,
Kaufman County,US.TX.KU,3192,47,
Warren County,US.OH.WR,3189,56,
Montgomery County,US.TN.MT,3178,46,
Ector County,US.TX.EC,3172,86,
Pickens County,US.SC.PI,3169,45,
Houston County,US.GA.HO,3166,82,
Dougherty County,US.GA.DH,3163,187,
Mahoning County,US.OH.MH,3155,282,
Marion County,US.OH.MR,3138,48,
Iredell County,US.NC.IR,3138,33,
Orangeburg County,US.SC.OR,3137,126,
Scott County,US.IA.SC,3136,29,
Albany County,US.NY.AB,3133,123,
Johnson County,US.TX.JH,3130,52,
Craighead County,US.AR.CG,3124,23,
Rock Island County,US.IL.RO,3112,77,
Kalamazoo County,US.MI.KA,3100,96,
Charlotte County,US.FL.CH,3097,136,
Madison County,US.TN.MD,3096,67,
Harford County,US.MD.HA,3086,76,
Umatilla County,US.OR.UM,3052,41,
Randall County,US.TX.RA,3045,43,
Saginaw County,US.MI.SG,3031,140,
Bradley County,US.TN.BR,2998,17,
Grant County,US.WA.GN,2988,22,
Acadia Parish,US.LA.AD,2982,99,
Stark County,US.OH.ST,2979,176,
Iberia Parish,US.LA.II,2971,89,
Kent County,US.DE.KE,2969,117,
Lee County,US.MS.LE,2967,73,
Houston County,US.AL.HO,2962,23,
Bartow County,US.GA.BT,2960,87,
Randolph County,US.NC.RA,2908,54,
Ford County,US.KS.FO,2902,10,
Bulloch County,US.GA.BH,2895,28,
Davidson County,US.NC.DD,2883,37,
Bonneville County,US.ID.BV,2882,17,
Dallas County,US.IA.DL,2872,38,
Rock County,US.WI.RO,2864,33,
Santa Cruz County,US.AZ.SA,2857,63,
Anderson County,US.TX.AE,2844,33,
Gadsden County,US.FL.GA,2840,47,
Jackson County,US.FL.JA,2840,81,
Yolo County,US.CA.YO,2836,55,
Hendricks County,US.IN.HD,2836,143,
Troup County,US.GA.TP,2833,100,
Washington County,US.WI.WN,2833,36,
Paulding County,US.GA.PA,2827,55,
Butte County,US.CA.BU,2824,45,
Charles County,US.MD.CH,2819,101,
Carroll County,US.GA.CL,2819,68,
Shawnee County,US.KS.SN,2804,32,
Walworth County,US.WI.WL,2803,35,
Cache County,US.UT.CA,2803,6,
Citrus County,US.FL.CI,2793,107,
Kankakee County,US.IL.KK,2788,77,
Kootenai County,US.ID.KO,2773,34,
Kanawha County,US.WV.KA,2772,82,
Newport News City,US.VA.NN,2762,43,
Elmore County,US.AL.EL,2759,49,
Centre County,US.PA.CT,2755,11,
Comal County,US.TX.OM,2748,103,
Suwannee County,US.FL.SW,2745,71,
Monroe County,US.IN.MR,2730,41,
Orange County,US.NC.OR,2703,56,
Sevier County,US.TN.SV,2698,16,
Pickaway County,US.OH.PC,2692,45,
Tippecanoe County,US.IN.TP,2690,14,
Douglas County,US.CO.DU,2687,61,
Scott County,US.MN.SC,2681,33,
Harrisonburg City,US.VA.HS,2670,34,
Larimer County,US.CO.LR,2662,53,
Coweta County,US.GA.CA,2637,48,
Lackawanna County,US.PA.LC,2619,217,
Newton County,US.GA.NE,2617,91,
Blount County,US.TN.BO,2616,27,
Portsmouth City,US.VA.PR,2599,59,
Faulkner County,US.AR.FA,2596,20,
Olmsted County,US.MN.OL,2588,28,
Yavapai County,US.AZ.YA,2583,84,
Forrest County,US.MS.FO,2568,75,
Jones County,US.MS.JO,2546,81,
Sangamon County,US.IL.SM,2521,45,
Clackamas County,US.OR.CC,2491,63,
DeKalb County,US.AL.DA,2481,21,
Pennington County,US.SD.PN,2479,37,
Maury County,US.TN.MU,2472,27,
Nash County,US.NC.NA,2463,43,
Oneida County,US.NY.OD,2460,123,
Johnson County,US.IN.JO,2448,135,
Santa Cruz County,US.CA.SZ,2427,12,
Twin Falls County,US.ID.TW,2424,38,
Canadian County,US.OK.CN,2415,17,
Duplin County,US.NC.DP,2414,54,
Washington County,US.TN.WI,2406,38,
Sumter County,US.FL.SM,2397,70,
Douglas County,US.KS.DG,2391,13,
St. Clair County,US.AL.SA,2389,37,
Walker County,US.AL.WK,2376,88,
Delaware County,US.OH.DL,2360,21,
Lorain County,US.OH.LR,2355,86,
Fond du Lac County,US.WI.FN,2351,14,
Payne County,US.OK.PY,2346,7,
Clark County,US.IN.CK,2334,64,
Cumberland County,US.ME.CU,2333,70,
Harnett County,US.NC.HT,2331,54,
Cleveland County,US.NC.CV,2328,68,
Grand Forks County,US.ND.GD,2301,13,
Westmoreland County,US.PA.WE,2299,56,
Wilson County,US.NC.WO,2296,54,
Washington County,US.MS.WS,2292,80,
Sullivan County,US.TN.SL,2290,33,
Tom Green County,US.TX.TG,2288,69,
Sampson County,US.NC.SP,2287,28,
Ulster County,US.NY.UL,2282,84,
Onslow County,US.NC.ON,2281,25,
Gregg County,US.TX.GE,2277,72,
Porter County,US.IN.PR,2275,49,
Robertson County,US.TN.RB,2266,39,
Leavenworth County,US.KS.LV,2258,11,
Dakota County,US.NE.DK,2250,43,
Liberty County,US.TX.LT,2248,51,
Pottawattamie County,US.IA.PT,2244,39,
Barrow County,US.GA.BW,2240,48,
Greenwood County,US.SC.GW,2239,73,
Lafayette County,US.MS.LY,2228,40,
Finney County,US.KS.FI,2210,12,
Val Verde County,US.TX.VL,2208,108,
Saline County,US.AR.SL,2197,23,
Fairfield County,US.OH.FI,2194,54,
Talladega County,US.AL.TD,2192,30,
Highlands County,US.FL.HG,2186,90,
Lancaster County,US.SC.LN,2185,53,
Pope County,US.AR.PP,2180,33,
Limestone County,US.AL.LI,2174,20,
Angelina County,US.TX.AG,2163,83,
Spotsylvania County,US.VA.SP,2161,46,
Burke County,US.NC.BK,2155,42,
St. Francois County,US.MO.SF,2150,12,
Putnam County,US.FL.PU,2145,40,
Nassau County,US.FL.NA,2139,46,
Baldwin County,US.GA.BD,2127,57,
Buchanan County,US.MO.BC,2114,27,
St. Martin Parish,US.LA.SR,2102,61,
Lebanon County,US.PA.LB,2091,60,
Lauderdale County,US.MS.LU,2090,126,
New London County,US.CT.NL,2087,118,
Kenton County,US.KY.KE,2079,49,
Coffee County,US.GA.CF,2079,50,
Hendry County,US.FL.HR,2077,42,
Darlington County,US.SC.DA,2075,57,
Delaware County,US.IN.DL,2069,64,
Henderson County,US.NC.HN,2063,64,
Hall County,US.NE.HL,2061,47,
Kendall County,US.IL.KA,2060,26,
Monongalia County,US.WV.MG,2059,5,
Vermilion Parish,US.LA.VM,2051,63,
Rockingham County,US.NH.RO,2049,103,
Dodge County,US.WI.DD,2043,17,
Sheboygan County,US.WI.SE,2042,18,
Kershaw County,US.SC.KE,2041,38,
Stafford County,US.VA.SF,2039,17,
Eau Claire County,US.WI.EA,2038,7,
Jackson County,US.GA.JC,2035,33,
Stanly County,US.NC.SN,2033,56,
Parker County,US.TX.PR,2030,35,
Buena Vista County,US.IA.BV,2028,12,
Lincoln County,US.AR.LC,2026,15,
Barnstable County,US.MA.BA,2023,174,
Montgomery County,US.VA.MO,2022,4,
Wicomico County,US.MD.WI,2016,49,
Orange County,US.TX.OR,2003,44,
Wood County,US.OH.WO,2002,73,
Walton County,US.FL.WL,1989,25,
Cass County,US.IN.CS,1987,10,
Nobles County,US.MN.NB,1985,16,
Suffolk City,US.VA.SO,1984,73,
Crittenden County,US.AR.CD,1983,46,
Garland County,US.AR.GL,1977,53,
Licking County,US.OH.LI,1977,63,
Carroll County,US.MD.CR,1975,126,
Hamblen County,US.TN.HB,1971,30,
Columbiana County,US.OH.CL,1966,80,
Trumbull County,US.OH.TR,1949,132,
Rogers County,US.OK.RS,1948,52,
St. Mary Parish,US.LA.SM,1947,77,
Kent County,US.RI.KE,1945,110,
Beaver County,US.PA.BA,1940,123,
Vigo County,US.IN.VI,1938,29,
Manassas City,US.VA.MS,1931,26,
Hot Spring County,US.AR.HT,1928,27,
Hale County,US.TX.HE,1926,55,
Berrien County,US.MI.BN,1925,75,
Cullman County,US.AL.CU,1923,20,
Cumberland County,US.PA.CU,1918,77,
Grayson County,US.TX.GO,1916,47,
Cochise County,US.AZ.CH,1912,73,
Georgetown County,US.SC.GR,1911,45,
Colquitt County,US.GA.CQ,1898,34,
Fayette County,US.GA.FY,1896,50,
Clark County,US.OH.CK,1895,41,
Litchfield County,US.CT.LI,1890,141,
Muskogee County,US.OK.MO,1885,24,
Bolivar County,US.MS.BO,1882,71,
Gordon County,US.GA.GO,1880,37,
Tipton County,US.TN.TI,1874,20,
Rockdale County,US.GA.RO,1872,37,
Wichita County,US.TX.WC,1872,25,
Riley County,US.KS.RL,1857,8,
Monroe County,US.FL.MO,1855,22,
Franklin County,US.MO.FR,1855,32,
Chelan County,US.WA.CH,1853,16,
Bastrop County,US.TX.BP,1853,30,
Cape Girardeau County,US.MO.CG,1851,18,
Hampton city,US.VA.HM,1851,27,
Madison County,US.KY.MD,1851,7,
Walton County,US.GA.WA,1847,55,
Tazewell County,US.IL.TA,1839,29,
Washington County,US.MD.WA,1837,39,
Coryell County,US.TX.CL,1834,12,
St. Charles Parish,US.LA.SC,1834,60,
Oktibbeha County,US.MS.OK,1828,52,
Bee County,US.TX.BE,1816,34,
Monroe County,US.PA.MR,1809,134,
Franklin County,US.AL.FR,1808,30,
Tift County,US.GA.TI,1805,57,
Marshall County,US.IA.MS,1804,35,
Lamar County,US.MS.LM,1802,37,
Roanoke city,US.VA.RO,1801,28,
St. Louis County,US.MN.ST,1800,43,
Dallas County,US.AL.DL,1799,26,
Niagara County,US.NY.NI,1799,89,
Autauga County,US.AL.AU,1798,28,
Franklin County,US.PA.FR,1798,51,
Russell County,US.AL.RU,1796,3,
Madison County,US.IN.MD,1785,86,
Clay County,US.MO.CY,1783,40,
Clermont County,US.OH.CE,1779,24,
Gibson County,US.TN.GB,1773,24,
Lauderdale County,US.AL.LU,1772,34,
Granville County,US.NC.GN,1770,50,
Blue Earth County,US.MN.BE,1768,7,
LaSalle County,US.IL.LA,1768,57,
Garfield County,US.OK.GF,1767,21,
Oconee County,US.SC.OC,1767,28,
Sioux County,US.IA.SI,1765,3,
Flagler County,US.FL.FL,1762,26,
Moore County,US.NC.ME,1753,33,
East Feliciana Parish,US.LA.EF,1746,72,
Marathon County,US.WI.MH,1740,15,
Sutter County,US.CA.SU,1733,11,
Seward County,US.KS.SW,1731,7,
Wright County,US.MN.WR,1730,7,
Broome County,US.NY.BO,1729,85,
Mississippi County,US.AR.MS,1728,51,
Napa County,US.CA.NA,1727,13,
Lincoln County,US.NC.LI,1714,15,
Craven County,US.NC.CN,1711,39,
Caldwell County,US.NC.CL,1710,18,
Chatham County,US.NC.CH,1703,58,
Habersham County,US.GA.HB,1700,71,
Comanche County,US.OK.CM,1697,13,
Colbert County,US.AL.CL,1696,26,
Laurens County,US.SC.LU,1691,56,
Lee County,US.NC.LE,1683,15,
Stark County,US.ND.SR,1682,14,
Brunswick County,US.NC.BS,1681,27,
Chattahoochee County,US.GA.CH,1678,1,
Allen Parish,US.LA.AL,1678,50,
Lake County,US.OH.LK,1677,53,
Trousdale County,US.TN.TR,1676,7,
Macon County,US.IL.MC,1672,45,
Laurens County,US.GA.LR,1671,75,
Hunt County,US.TX.HT,1669,38,
Malheur County,US.OR.ML,1661,30,
Cole County,US.MO.CE,1660,14,
Rockwall County,US.TX.RC,1659,28,
Washington Parish,US.LA.WO,1654,67,
DeKalb County,US.IL.DK,1649,39,
Nacogdoches County,US.TX.NC,1635,63,
Blount County,US.AL.BU,1634,15,
Putnam County,US.NY.PU,1629,63,
Jackson County,US.AL.JA,1624,12,
Escambia County,US.AL.ES,1623,24,
Jefferson County,US.WI.JE,1621,8,
Boone County,US.KY.BO,1621,25,
Lowndes County,US.MS.LO,1621,58,
Neshoba County,US.MS.NS,1620,104,
Chilton County,US.AL.CI,1610,30,
Sullivan County,US.NY.SL,1607,37,
Middlesex County,US.CT.MI,1604,193,
Hardeman County,US.TN.HA,1598,26,
St. John the Baptist Parish,US.LA.SO,1595,101,
Walker County,US.GA.WK,1591,38,
Greene County,US.OH.GR,1589,34,
Portage County,US.WI.PT,1585,7,
Erie County,US.PA.ER,1579,38,
Texas County,US.OK.TE,1576,10,
Okeechobee County,US.FL.OE,1576,28,
DeSoto County,US.FL.DE,1573,25,
Muskegon County,US.MI.MG,1572,71,
Cherokee County,US.TX.CK,1569,30,
Avoyelles Parish,US.LA.AV,1564,57,
LaPorte County,US.IN.LA,1562,42,
Monroe County,US.MI.MO,1557,28,
Caldwell County,US.TX.CW,1550,35,
St. Francis County,US.AR.SI,1547,6,
Cass County,US.MO.CS,1536,26,
Christian County,US.MO.CT,1532,6,
Miami County,US.OH.MM,1526,53,
Taylor County,US.TX.TA,1525,58,
Panola County,US.MS.PA,1525,31,
Calhoun County,US.MI.CU,1522,47,
Coles County,US.IL.CE,1522,31,
Wagoner County,US.OK.WG,1519,26,
Sussex County,US.NJ.SU,1517,197,
Medina County,US.OH.MD,1514,39,
Ware County,US.GA.WE,1512,60,
Wayne County,US.TN.WY,1509,5,
Ozaukee County,US.WI.OZ,1507,19,
Crawford County,US.AR.CW,1503,16,
Thomas County,US.GA.TH,1500,65,
Polk County,US.GA.PO,1498,18,
Sunflower County,US.MS.SU,1497,46,
Allen County,US.OH.AN,1496,72,
Baker County,US.FL.BK,1492,13,
Jim Wells County,US.TX.JW,1490,37,
Clay County,US.MN.CA,1480,41,
Titus County,US.TX.TU,1478,28,
Rockingham County,US.VA.RG,1477,22,
Lincoln County,US.SD.LI,1474,2,
San Patricio County,US.TX.SP,1466,77,
Dyer County,US.TN.DY,1465,18,
Lea County,US.NM.LE,1464,24,
Effingham County,US.GA.EF,1464,24,
Carver County,US.MN.CV,1459,7,
Lynchburg city,US.VA.LY,1454,15,
Daviess County,US.KY.DA,1452,14,
Warren County,US.NJ.WA,1449,171,
Warrick County,US.IN.WI,1449,50,
Leflore County,US.MS.LL,1443,82,
Williamson County,US.IL.WS,1442,50,
St. Bernard Parish,US.LA.SE,1441,30,
Floyd County,US.IN.FL,1439,67,
Pottawatomie County,US.OK.PT,1434,10,
Bowie County,US.TX.BW,1430,54,
Livingston County,US.MI.LI,1430,32,
Gallatin County,US.MT.GL,1428,4,
Covington County,US.AL.CV,1424,28,
Warren County,US.MS.WR,1423,50,
Dale County,US.AL.DE,1421,44,
Schenectady County,US.NY.SN,1417,46,
Iberville Parish,US.LA.IV,1414,58,
Edgecombe County,US.NC.ED,1412,50,
Columbus County,US.NC.CM,1409,57,
Lincoln Parish,US.LA.LN,1408,48,
Coffee County,US.AL.CF,1394,5,
Hampshire County,US.MA.HS,1391,145,
Washington County,US.PA.WS,1388,30,
Bedford County,US.TN.BD,1387,17,
Newton County,US.MO.NT,1385,13,
Calumet County,US.WI.CA,1384,5,
Sandoval County,US.NM.SD,1380,42,
Wharton County,US.TX.WN,1375,53,
Hardee County,US.FL.HD,1375,11,
Gila County,US.AZ.GI,1372,57,
Hardin County,US.KY.HN,1371,11,
Howard County,US.IN.HO,1371,67,
Tolland County,US.CT.TO,1370,67,
Whatcom County,US.WA.WA,1370,46,
Rice County,US.MN.RI,1364,8,
Surry County,US.NC.SU,1363,23,
Manitowoc County,US.WI.MW,1359,5,
Chambers County,US.TX.CH,1356,8,
Mower County,US.MN.MW,1354,6,
Hardin County,US.TX.HN,1352,32,
Christian County,US.KY.CH,1351,22,
Wapello County,US.IA.WP,1350,57,
Hunterdon County,US.NJ.HN,1349,125,
Spalding County,US.GA.SD,1347,61,
Morton County,US.ND.MR,1347,33,
Toombs County,US.GA.TM,1343,50,
Taney County,US.MO.TA,1339,36,
Taylor County,US.FL.TA,1338,13,
Williamsburg County,US.SC.WI,1338,45,
Evangeline Parish,US.LA.EV,1336,34,
Whitman County,US.WA.WI,1336,0,
Grant County,US.IN.GA,1334,40,
Webster County,US.IA.WE,1330,14,
Kosciusko County,US.IN.KO,1327,19,
Hanover County,US.VA.HV,1326,38,
Lane County,US.OR.LE,1323,17,
Rockingham County,US.NC.RC,1323,14,
McCurtain County,US.OK.MU,1321,34,
Albemarle County,US.VA.AB,1321,21,
Waupaca County,US.WI.WP,1321,21,
Coffee County,US.TN.CF,1318,14,
St. Mary's County,US.MD.SA,1317,57,
Navarro County,US.TX.NV,1312,27,
San Benito County,US.CA.SI,1310,11,
Dickson County,US.TN.DI,1309,17,
Webster Parish,US.LA.WR,1307,27,
Pontotoc County,US.MS.PO,1307,16,
Camden County,US.GA.CD,1306,13,
Newberry County,US.SC.NE,1287,27,
Jackson County,US.IL.JC,1281,24,
Brown County,US.SD.BW,1275,4,
Charlottesville City,US.VA.CE,1274,29,
Wilkes County,US.NC.WE,1270,34,
Monroe County,US.MS.MR,1268,69,
Eagle County,US.CO.EA,1265,10,
Jefferson Davis Parish,US.LA.JD,1264,39,
Lonoke County,US.AR.LO,1263,17,
Chaves County,US.NM.CH,1261,12,
Rutherford County,US.NC.RU,1260,32,
Yell County,US.AR.YE,1260,30,
Scotland County,US.NC.SC,1257,16,
Pike County,US.MS.PI,1251,54,
Chesterfield County,US.SC.CF,1249,37,
Weakley County,US.TN.WE,1248,21,
Obion County,US.TN.OB,1244,13,
Hoke County,US.NC.HO,1243,18,
Franklin County,US.NC.FR,1243,31,
Anderson County,US.TN.AN,1243,13,
Flathead County,US.MT.FL,1242,19,
Dodge County,US.NE.DE,1240,12,
Fayette County,US.TN.FA,1239,21,
Clinton County,US.IL.CN,1239,21,
Loudon County,US.TN.LO,1239,7,
Lamar County,US.TX.LR,1236,37,
Cumberland County,US.TN.CU,1234,19,
Lafayette County,US.FL.LF,1233,12,
Kitsap County,US.WA.KS,1231,14,
Franklin Parish,US.LA.FR,1228,40,
Medina County,US.TX.ME,1227,46,
Bartholomew County,US.IN.BA,1224,61,
Pike County,US.AL.PK,1224,12,
Culpeper County,US.VA.CP,1217,17,
Jackson County,US.OR.JA,1217,6,
Copiah County,US.MS.CP,1216,33,
Plymouth County,US.IA.PM,1213,21,
Catoosa County,US.GA.CS,1212,18,
York County,US.ME.YO,1211,16,
Adams County,US.IL.AD,1209,10,
Sevier County,US.AR.SV,1208,18,
Sherburne County,US.MN.SH,1208,15,
Henderson County,US.TN.HS,1206,24,
Portage County,US.OH.PO,1205,67,
Schuylkill County,US.PA.SC,1204,53,
Willacy County,US.TX.WY,1203,51,
Natchitoches Parish,US.LA.NA,1200,26,
Le Flore County,US.OK.LE,1199,19,
Carter County,US.TN.CT,1199,28,
Creek County,US.OK.CE,1199,34,
Douglas County,US.WA.DO,1191,9,
Greene County,US.TN.GE,1189,46,
Moore County,US.TX.MO,1183,22,
Yuba County,US.CA.YU,1183,8,
Accomack County,US.VA.AC,1182,19,
Scott County,US.MS.SC,1182,27,
Shelby County,US.IN.SH,1182,37,
Chambers County,US.AL.CM,1181,42,
McMinn County,US.TN.MM,1179,26,
Coahoma County,US.MS.CH,1178,30,
Tallapoosa County,US.AL.TP,1178,85,
Cherokee County,US.SC.CK,1175,40,
Decatur County,US.GA.DC,1173,29,
Jefferson County,US.TN.JE,1171,14,
Mercer County,US.OH.MC,1167,19,
Atascosa County,US.TX.AT,1165,32,
Fairbanks North Star Borough,US.AK.FA,1163,11,
Pettis County,US.MO.PS,1163,12,
Independence County,US.AR.IN,1162,21,
Boone County,US.IL.BO,1160,23,
Bryan County,US.GA.BY,1159,11,
El Dorado County,US.CA.EL,1158,4,
Clinton County,US.IA.CN,1156,22,
Reno County,US.KS.RN,1155,4,
Grant County,US.WI.GA,1155,19,
Wayne County,US.IN.WY,1153,15,
Oldham County,US.KY.OL,1151,25,
Grady County,US.OK.GD,1151,11,
Ward County,US.ND.WR,1151,11,
Platte County,US.NE.PL,1147,4,
Wakulla County,US.FL.WK,1147,10,
Pueblo County,US.CO.PU,1146,37,
Wayne County,US.GA.WY,1145,30,
Buffalo County,US.NE.BF,1145,6,
Muscatine County,US.IA.MU,1140,56,
Jackson County,US.MI.JA,1140,45,
Williams County,US.ND.WI,1137,7,
Bradford County,US.FL.BA,1135,9,
Thurston County,US.WA.TH,1133,18,
Liberty County,US.GA.LB,1129,23,
Lincoln County,US.MS.LI,1127,53,
Cherokee County,US.OK.CK,1125,8,
Clarke County,US.AL.CK,1125,16,
Lawrence County,US.TN.LW,1122,14,
Marshall County,US.MS.MS,1121,22,
Crawford County,US.IA.CW,1117,6,
Skagit County,US.WA.SG,1117,22,
Woodward County,US.OK.WW,1108,4,
Grenada County,US.MS.GN,1107,36,
Clarendon County,US.SC.CN,1107,67,
McDonald County,US.MO.MA,1105,11,
Bannock County,US.ID.BO,1105,5,
Holmes County,US.MS.HO,1104,60,
Crawford County,US.KS.CR,1098,8,
Dawson County,US.NE.DN,1094,13,
Monroe County,US.TN.MR,1094,20,
Stephens County,US.GA.SE,1094,38,
Shelby County,US.KY.SH,1092,24,
Warren County,US.TN.WR,1091,7,
Cecil County,US.MD.CE,1090,35,
Hardin County,US.TN.HI,1089,16,
Grimes County,US.TX.GM,1088,32,
Lyon County,US.KS.LY,1088,35,
Shawano County,US.WI.SA,1087,1,
Washington County,US.FL.WS,1084,23,
Northumberland County,US.PA.NU,1083,63,
Emanuel County,US.GA.EM,1083,32,
Butler County,US.PA.BT,1082,25,
Henry County,US.VA.HY,1081,25,
Oconto County,US.WI.OC,1081,4,
Cerro Gordo County,US.IA.CG,1080,22,
Vernon Parish,US.LA.VN,1078,51,
Salem County,US.NJ.SA,1076,88,
Macon County,US.TN.MC,1073,21,
Saratoga County,US.NY.SR,1073,15,
Vance County,US.NC.VA,1072,44,
Kandiyohi County,US.MN.KD,1071,3,
Lee County,US.AR.LE,1068,18,
Yazoo County,US.MS.YZ,1067,33,
Simpson County,US.MS.SI,1065,47,
Halifax County,US.NC.HL,1065,21,
Gonzales County,US.TX.GA,1063,18,
Dillon County,US.SC.DI,1063,39,
Pointe Coupee Parish,US.LA.PO,1063,40,
Worcester County,US.MD.WO,1059,28,
Okanogan County,US.WA.OK,1057,10,
Marinette County,US.WI.MT,1055,8,
St. Clair County,US.MI.SA,1055,57,
Colleton County,US.SC.CT,1054,42,
Montgomery County,US.NC.MO,1053,33,
Richmond County,US.NC.RI,1049,17,
Berkeley County,US.WV.BE,1049,17,
Chester County,US.SC.CR,1049,21,
Matagorda County,US.TX.MD,1048,48,
Camden County,US.MO.CM,1046,13,
Levy County,US.FL.LV,1046,10,
Appling County,US.GA.AP,1043,29,
Dubois County,US.IN.DU,1043,19,
Bay County,US.MI.BY,1035,52,
St. Croix County,US.WI.SI,1034,9,
McDowell County,US.NC.MW,1034,27,
Santa Fe County,US.NM.ST,1032,7,
Boone County,US.IN.BO,1031,49,
Lenoir County,US.NC.LN,1031,33,
Lauderdale County,US.TN.LU,1030,16,
Marshall County,US.IN.MS,1030,24,
Summit County,US.UT.SU,1029,1,
Ellis County,US.KS.EL,1026,5,
Cape May County,US.NJ.CP,1026,97,
Pittsylvania County,US.VA.PS,1025,10,
Sauk County,US.WI.SU,1023,4,
Haywood County,US.TN.HY,1020,23,
Tate County,US.MS.TT,1020,38,
Beauregard Parish,US.LA.BE,1018,38,
Madison County,US.FL.MD,1017,20,
Franklin County,US.TN.FR,1017,10,
Washington County,US.OK.WN,1016,40,
Bryan County,US.OK.BR,1015,5,
Osage County,US.OK.OS,1015,13,
Union County,US.MS.UN,1013,24,
Chicot County,US.AR.CT,1009,22,
Kleberg County,US.TX.KL,1007,44,
Lavaca County,US.TX.LA,1005,35,
Windham County,US.CT.WI,1004,16,
Henderson County,US.TX.HD,998,23,
Union Parish,US.LA.UN,997,46,
DeWitt County,US.TX.DE,997,40,
Pender County,US.NC.PD,985,7,
Butler County,US.KS.BU,985,3,
Beaufort County,US.NC.BA,985,26,
Frio County,US.TX.FO,984,9,
Erie County,US.OH.ER,983,50,
Richland County,US.OH.RI,982,19,
Marion County,US.AL.MI,981,29,
Hood County,US.TX.HO,980,28,
Union County,US.FL.UN,980,16,
Calvert County,US.MD.CL,980,28,
Warren County,US.IA.WR,978,6,
Elko County,US.NV.EL,978,10,
Pittsburg County,US.OK.PI,978,20,
Johnson County,US.MO.JO,978,5,
Bingham County,US.ID.BG,977,10,
Laurel County,US.KY.LU,974,6,
Mendocino County,US.CA.MI,971,19,
Hancock County,US.IN.HC,971,46,
Leake County,US.MS.LK,969,38,
Rusk County,US.TX.RK,967,11,
Randolph County,US.IL.RA,966,11,
Wayne County,US.OH.WE,961,68,
Tuscarawas County,US.OH.TU,959,20,
Garfield County,US.CO.GA,958,5,
Adams County,US.MS.AD,956,38,
Fauquier County,US.VA.FQ,945,25,
Codington County,US.SD.CD,942,7,
Sequoyah County,US.OK.SQ,940,11,
Big Horn County,US.MT.BI,940,22,
Noble County,US.IN.NO,940,33,
McNairy County,US.TN.MA,938,19,
Karnes County,US.TX.KS,938,17,
Sumter County,US.GA.SU,935,62,
Ross County,US.OH.RO,934,27,
Carroll County,US.TN.CR,934,20,
Winona County,US.MN.WN,933,18,
Marlboro County,US.SC.ML,932,11,
Bladen County,US.NC.BL,930,16,
Lumpkin County,US.GA.LP,930,14,
Lake County,US.TN.LK,929,2,
Greene County,US.AR.GE,928,11,
Wood County,US.WI.WO,928,5,
Watauga County,US.NC.WT,927,1,
Shasta County,US.CA.SH,927,20,
Roane County,US.TN.RA,926,6,
Columbia County,US.PA.CO,926,35,
White County,US.AR.WH,925,29,
Union County,US.AR.UN,924,46,
Roanoke County,US.VA.RE,924,9,
Rensselaer County,US.NY.RE,923,42,
Scott County,US.MO.ST,923,16,
Bullitt County,US.KY.BI,921,11,
Payette County,US.ID.PA,919,9,
Butler County,US.AL.BT,919,40,
McClain County,US.OK.ML,918,7,
Wayne County,US.MS.WY,918,21,
Walla Walla County,US.WA.WL,917,5,
Harrison County,US.TX.HR,916,32,
Pearl River County,US.MS.PL,916,53,
West Baton Rouge Parish,US.LA.WB,915,42,
De Soto Parish,US.LA.DE,914,35,
Wilson County,US.TX.WS,912,26,
Danville City,US.VA.DA,910,28,
Frederick County,US.VA.FK,905,13,
Tooele County,US.UT.TE,902,0,
Deaf Smith County,US.TX.DI,901,22,
Campbell County,US.KY.CM,900,16,
Barbour County,US.AL.BR,898,7,
Marion County,US.SC.MI,898,26,
Ottawa County,US.OK.OT,897,6,
Effingham County,US.IL.EF,896,3,
Madison County,US.ID.MA,892,2,
Erath County,US.TX.ER,889,12,
Prentiss County,US.MS.PN,889,19,
Logan County,US.CO.LO,889,6,
Madison County,US.OH.MO,887,12,
Madison Parish,US.LA.MA,886,8,
Jasper County,US.IA.JS,884,34,
Marion County,US.MS.MI,883,37,
Vermilion County,US.IL.VE,882,4,
Deschutes County,US.OR.DE,879,12,
Gulf County,US.FL.GU,879,14,
Sabine Parish,US.LA.SB,879,14,
Washington County,US.RI.WA,877,68,
Itawamba County,US.MS.IT,876,21,
Eddy County,US.NM.ED,875,12,
White County,US.GA.WH,873,19,
Rhea County,US.TN.RH,870,15,
Adams County,US.WA.AD,870,10,
Waller County,US.TX.WR,869,14,
Graham County,US.AZ.GA,868,25,
Miller County,US.AR.ML,867,11,
Bledsoe County,US.TN.BE,866,4,
Johnson County,US.AR.JO,866,7,
Darke County,US.OH.DA,865,44,
Okmulgee County,US.OK.OM,864,8,
White County,US.TN.WH,864,10,
Polk County,US.TX.PK,863,22,
Hamilton County,US.FL.HM,861,8,
Cabell County,US.WV.CB,858,10,
Missoula County,US.MT.MS,857,3,
Madison County,US.NE.MA,857,5,
Henry County,US.IN.HY,856,27,
James City County,US.VA.JA,855,21,
Lenawee County,US.MI.LN,855,18,
Curry County,US.NM.CU,854,6,
Adams County,US.PA.AD,854,26,
Hawkins County,US.TN.HW,850,22,
Dunklin County,US.MO.DU,845,8,
Murray County,US.GA.MA,844,6,
Tattnall County,US.GA.TT,844,11,
Alcorn County,US.MS.AL,842,11,
Dawson County,US.GA.DW,838,8,
Chittenden County,US.VT.CH,837,39,
Dixie County,US.FL.DI,835,9,
Covington County,US.MS.CV,834,23,
Cheatham County,US.TN.CA,832,9,
Des Moines County,US.IA.DS,831,9,
Gilmer County,US.GA.GI,830,12,
Calhoun County,US.TX.CU,828,8,
Howard County,US.TX.HW,827,16,
Burke County,US.GA.BE,826,10,
Lincoln County,US.MO.LO,825,3,
Prince George County,US.VA.PG,824,5,
Edgefield County,US.SC.ED,823,19,
Beadle County,US.SD.BA,822,10,
Caddo County,US.OK.CD,821,21,
Jasper County,US.SC.JA,820,22,
St. Joseph County,US.MI.SJ,820,11,
Mitchell County,US.GA.MT,818,45,
Pulaski County,US.KY.PU,817,10,
Brookings County,US.SD.BK,815,2,
Fayette County,US.PA.FA,815,7,
Henderson County,US.KY.HE,812,4,
Shenandoah County,US.VA.SN,811,59,
St. James Parish,US.LA.SJ,810,40,
Morehouse Parish,US.LA.MO,809,22,
Jefferson County,US.GA.JR,805,29,
Delaware County,US.OK.DL,804,25,
Upson County,US.GA.UP,804,62,
George County,US.MS.GR,803,13,
Scott County,US.KY.SC,803,14,
Barren County,US.KY.BN,802,13,
Harris County,US.GA.HI,799,22,
Wasatch County,US.UT.WA,799,7,
Jackson County,US.OK.JA,799,10,
Grady County,US.GA.GD,796,22,
Cascade County,US.MT.CS,796,5,
Colfax County,US.NE.CO,795,5,
Greensville County,US.VA.GS,795,11,
Whiteside County,US.IL.WD,795,21,
Marshall County,US.TN.MS,794,5,
Richland Parish,US.LA.RI,794,12,
Bedford County,US.VA.BF,793,13,
Uvalde County,US.TX.UV,793,34,
Chattooga County,US.GA.CG,792,22,
Allegan County,US.MI.AL,791,7,
Ben Hill County,US.GA.BL,791,25,
Overton County,US.TN.OV,791,6,
Jerome County,US.ID.JR,791,7,
Jackson County,US.IN.JC,789,11,
Muhlenberg County,US.KY.MU,787,12,
Tallahatchie County,US.MS.TL,786,24,
Yamhill County,US.OR.YA,784,14,
Newton County,US.MS.NW,783,24,
Van Buren County,US.MI.VA,782,17,
Hertford County,US.NC.HD,779,30,
Union County,US.GA.UN,779,20,
Marion County,US.IA.MI,779,9,
Henry County,US.IA.HE,778,4,
McCracken County,US.KY.MK,777,10,
Saline County,US.KS.SA,776,11,
Wise County,US.TX.WE,776,14,
Fairfield County,US.SC.FA,774,36,
Boone County,US.AR.BO,774,14,
Southampton County,US.VA.SA,774,26,
Athens County,US.OH.AS,773,2,
Cassia County,US.ID.CS,772,6,
Iron County,US.UT.RN,769,3,
Waseca County,US.MN.WE,768,9,
Oconee County,US.GA.OC,766,26,
Assumption Parish,US.LA.AS,766,24,
Cocke County,US.TN.CE,765,10,
Franklin County,US.GA.FR,765,13,
Tama County,US.IA.TM,762,32,
Smith County,US.TN.SH,762,11,
Morgan County,US.IN.MG,760,43,
Berkshire County,US.MA.BE,759,50,
Ogle County,US.IL.OG,758,6,
Johnson County,US.TN.JO,757,3,
Saline County,US.NE.SL,756,2,
Holmes County,US.FL.HO,756,8,
Burnet County,US.TX.BT,756,12,
Morgan County,US.CO.MN,755,48,
Winston County,US.AL.WN,753,12,
Graves County,US.KY.GV,753,29,
Isle of Wight County,US.VA.IS,753,18,
Yadkin County,US.NC.YD,752,9,
Fremont County,US.WY.FR,751,14,
Androscoggin County,US.ME.AN,751,10,
Saline County,US.MO.SI,751,9,
Winston County,US.MS.WN,749,19,
Columbia County,US.WI.CO,749,3,
Petersburg city,US.VA.PB,749,29,
Mercer County,US.PA.ME,747,20,
Radford city,US.VA.RD,746,1,
Hancock County,US.OH.HN,745,12,
Barnwell County,US.SC.BN,744,17,
Carteret County,US.NC.CE,744,5,
Lyon County,US.MN.LY,743,4,
Scurry County,US.TX.SU,743,5,
Lassen County,US.CA.LS,742,0,
Indiana County,US.PA.IN,740,12,
Geauga County,US.OH.GE,739,49,
Hawaii County,US.HI.HA,736,15,
Mecklenburg County,US.VA.ME,735,33,
Custer County,US.OK.CU,734,0,
Plaquemines Parish,US.LA.PL,734,19,
Minidoka County,US.ID.MI,733,8,
Marengo County,US.AL.ME,732,19,
West Feliciana Parish,US.LA.WF,729,25,
Blair County,US.PA.BL,728,18,
Isabella County,US.MI.IB,728,14,
Laclede County,US.MO.LD,725,9,
Jeff Davis County,US.GA.JF,725,20,
Laramie County,US.WY.LA,725,4,
Carroll County,US.AR.CL,725,10,
Madison County,US.TX.AD,724,6,
Belmont County,US.OH.BE,723,27,
Tippah County,US.MS.TP,720,18,
Lee County,US.SC.LE,719,35,
Knox County,US.IL.KX,718,3,
Lycoming County,US.PA.LY,718,26,
Pasquotank County,US.NC.PU,717,31,
Tishomingo County,US.MS.TS,715,39,
Platte County,US.MO.PT,713,10,
Carroll County,US.IA.CL,711,5,
Webster County,US.MO.WE,711,5,
Madison County,US.GA.MD,706,8,
Howell County,US.MO.HW,705,3,
Trempealeau County,US.WI.TR,705,2,
Lee County,US.GA.LE,703,26,
Eaton County,US.MI.EA,703,10,
Lawrence County,US.OH.LW,703,22,
San Juan County,US.UT.SJ,703,29,
Clinton County,US.MI.CN,703,14,
Pierce County,US.WI.PI,702,7,
Chickasaw County,US.MS.CS,701,24,
Marion County,US.MO.MO,700,14,
Monroe County,US.GA.MN,700,52,
Putnam County,US.GA.PT,699,25,
Grundy County,US.IL.GU,698,6,
Elbert County,US.GA.EL,698,5,
Pulaski County,US.MO.PA,697,6,
Monroe County,US.IL.MR,697,16,
Polk County,US.MO.PO,696,3,
Dearborn County,US.IN.DR,695,30,
Hill County,US.TX.HI,695,14,
Poinsett County,US.AR.PN,693,14,
Lawrence County,US.MO.LW,692,3,
Daviess County,US.IN.DI,691,32,
Fannin County,US.TX.FI,691,15,
Shelby County,US.OH.SH,690,10,
Saluda County,US.SC.SA,690,22,
Cowlitz County,US.WA.CW,688,7,
Blaine County,US.ID.BL,687,6,
Fannin County,US.GA.FN,686,24,
Bureau County,US.IL.BU,685,12,
Washington County,US.GA.WG,685,8,
Henry County,US.IL.HY,684,5,
Attala County,US.MS.AT,684,25,
Callaway County,US.MO.CA,684,3,
Mayes County,US.OK.MY,683,11,
Buckingham County,US.VA.BK,682,9,
Morgan County,US.IL.MG,680,23,
Butler County,US.MO.BE,679,6,
Randolph County,US.AL.RA,678,13,
Franklin County,US.KY.FR,677,12,
Jackson Parish,US.LA.JA,675,22,
Peach County,US.GA.PH,674,24,
Pickens County,US.AL.PC,674,15,
Broomfield County and City,US.CO.BR,674,33,
Bibb County,US.AL.BI,672,10,
Lee County,US.IA.LE,671,7,
Jackson County,US.NC.JA,670,7,
Queen Anne's County,US.MD.QU,669,26,
Hampton County,US.SC.HA,669,27,
Butts County,US.GA.BU,669,42,
Ashtabula County,US.OH.AB,667,48,
Mesa County,US.CO.ME,663,7,
Geneva County,US.AL.GE,662,6,
LaGrange County,US.IN.LG,660,11,
Cherokee County,US.NC.CO,659,12,
Lowndes County,US.AL.LO,659,27,
Caroline County,US.MD.CO,659,7,
Giles County,US.TN.GL,659,18,
Dunn County,US.WI.DN,658,1,
Hopkins County,US.KY.HO,656,39,
Chester County,US.TN.CS,656,12,
Hale County,US.AL.HA,656,28,
Kay County,US.OK.KA,656,13,
Clinton County,US.IN.CI,655,18,
Rosebud County,US.MT.RS,652,19,
Lincoln County,US.TN.LI,651,1,
Jefferson County,US.IL.JF,650,38,
Bamberg County,US.SC.BM,649,35,
Adair County,US.OK.AD,649,10,
Branch County,US.MI.BC,645,6,
Lapeer County,US.MI.LP,644,36,
Henry County,US.TN.HR,644,10,
Lawrence County,US.AL.LW,644,25,
Perry County,US.MO.PR,643,7,
Washington County,US.TX.WH,641,48,
Midland County,US.MI.MD,641,11,
Auglaize County,US.OH.AU,639,13,
Winn Parish,US.LA.WI,639,18,
Charlton County,US.GA.CT,638,7,
Jessamine County,US.KY.JS,638,0,
Putnam County,US.OH.PU,636,25,
Matanuska-Susitna Borough,US.AK.MA,634,2,
Fayette County,US.WV.FA,634,14,
Kewaunee County,US.WI.KW,634,2,
Greene County,US.NC.GE,633,5,
Anson County,US.NC.AN,630,6,
Calloway County,US.KY.CW,630,9,
Macon County,US.NC.MN,630,2,
Franklin County,US.FL.FR,628,4,
Logan County,US.WV.LO,627,42,
Natrona County,US.WY.NA,626,6,
Haywood County,US.NC.HW,624,31,
Cherokee County,US.AL.CH,624,13,
Hickman County,US.TN.HN,624,8,
Chippewa County,US.WI.CH,623,0,
Calhoun County,US.FL.CA,622,12,
Pickens County,US.GA.PE,621,10,
Nodaway County,US.MO.NO,618,7,
Jefferson County,US.ID.JF,618,3,
Cambria County,US.PA.CI,617,7,
Clarke County,US.MS.CE,615,49,
Pierce County,US.GA.PR,614,20,
Manassas Park city,US.VA.MP,613,8,
Cass County,US.MI.CS,612,17,
Jackson County,US.TX.JA,612,16,
Bullock County,US.AL.BL,612,16,
Harrison County,US.IN.HI,609,26,
Monroe County,US.WI.MO,609,3,
Bertie County,US.NC.BT,608,11,
Hancock County,US.MS.HN,607,22,
McDuffie County,US.GA.MU,607,14,
Putnam County,US.IN.PT,606,11,
Walthall County,US.MS.WT,605,26,
Wright County,US.IA.WG,603,1,
Chautauqua County,US.NY.CQ,602,4,
Clay County,US.MS.CY,601,20,
Kerr County,US.TX.KR,601,10,
Sandusky County,US.OH.SA,600,20,
Bacon County,US.GA.BC,599,14,
Huron County,US.OH.HU,598,7,
Washington County,US.VA.WG,598,21,
Dorchester County,US.MD.DO,598,10,
Glenn County,US.CA.GL,598,3,
Merrimack County,US.NH.ME,596,23,
Tehama County,US.CA.TE,595,5,
Marion County,US.IL.MO,595,2,
Abbeville County,US.SC.AB,595,13,
Christian County,US.IL.CI,595,13,
Columbia County,US.NY.CU,595,47,
Delta County,US.MI.DE,595,8,
Clay County,US.AL.CY,594,9,
Fentress County,US.TN.FE,593,4,
Van Zandt County,US.TX.VN,593,20,
Valencia County,US.NM.VA,592,4,
Monroe County,US.AL.MR,592,8,
Teton County,US.WY.TE,591,1,
Putnam County,US.WV.PU,590,9,
Albany County,US.WY.AL,589,0,
Brown County,US.TX.BN,587,25,
Jasper County,US.MS.JS,587,15,
Davie County,US.NC.DV,587,6,
Green County,US.WI.GN,587,3,
Pike County,US.PA.PI,585,22,
Meade County,US.SD.MD,584,5,
Prince Edward County,US.VA.PD,584,12,
Houghton County,US.MI.HO,582,3,
Palo Pinto County,US.TX.PO,582,15,
Union County,US.SC.UN,581,13,
Crow Wing County,US.MN.CW,581,18,
Adams County,US.NE.AD,580,12,
Benton County,US.MN.BN,579,3,
Limestone County,US.TX.LO,579,14,
DeKalb County,US.TN.DE,578,14,
Box Elder County,US.UT.BE,576,5,
Macoupin County,US.IL.MP,576,7,
Beckham County,US.OK.BC,575,4,
Gibson County,US.IN.GI,575,6,
Crisp County,US.GA.CP,573,17,
Union County,US.OH.UN,573,2,
Clay County,US.SD.CY,572,7,
Logan County,US.KY.LO,570,28,
Talbot County,US.MD.TA,570,6,
Carter County,US.OK.CR,570,9,
Strafford County,US.NH.ST,567,13,
Steele County,US.MN.SE,567,2,
Crockett County,US.TN.CK,565,19,
Jones County,US.GA.JE,565,9,
Jones County,US.TX.JN,565,0,
Noxubee County,US.MS.NO,562,16,
Jefferson County,US.FL.JE,562,9,
Nicollet County,US.MN.NI,562,17,
Washington County,US.AL.WS,562,12,
Marion County,US.TN.MI,560,8,
Chemung County,US.NY.CM,560,5,
New Madrid County,US.MO.NW,558,16,
Lewis County,US.WA.LE,557,5,
Franklin County,US.IL.FR,556,4,
Dickinson County,US.IA.DI,556,6,
Lafayette County,US.MO.LF,555,2,
Jefferson County,US.OR.JE,554,8,
York County,US.VA.YO,554,8,
Freeborn County,US.MN.FR,554,4,
Cook County,US.GA.CO,553,13,
Knox County,US.IN.KN,553,10,
Stephenson County,US.IL.SN,552,6,
Smith County,US.MS.SM,552,15,
Pemiscot County,US.MO.PM,551,10,
Fredericksburg City,US.VA.FB,549,5,
East Carroll Parish,US.LA.EC,549,4,
Linn County,US.OR.LN,548,13,
Carson City,US.NV.CA,547,8,
Scioto County,US.OH.SC,547,7,
Latah County,US.ID.LA,547,0,
Meriwether County,US.GA.MW,546,13,
Kittitas County,US.WA.KT,545,22,
Decatur County,US.TN.DC,545,7,
La Paz County,US.AZ.LA,545,15,
Glades County,US.FL.GL,545,4,
Nevada County,US.CA.NE,544,7,
Crenshaw County,US.AL.CA,543,30,
Perry County,US.AL.PE,543,6,
Alexander County,US.NC.AE,541,7,
Stoddard County,US.MO.SD,540,14,
Lawrence County,US.PA.LW,540,23,
Fayette County,US.IN.FA,539,14,
Colusa County,US.CA.CL,538,6,
Raleigh County,US.WV.RL,538,8,
Conecuh County,US.AL.CO,538,12,
Logan County,US.OK.LG,538,1,
Wood County,US.TX.WO,538,25,
Polk County,US.OR.PO,538,15,
Miller County,US.MO.ML,537,1,
Lawrence County,US.IN.LW,537,31,
Worth County,US.GA.WO,536,30,
Chisago County,US.MN.CG,536,1,
Watonwan County,US.MN.WT,535,4,
Calhoun County,US.MS.CN,534,12,
Wilcox County,US.AL.WC,534,11,
Boone County,US.IA.BO,533,8,
Claiborne Parish,US.LA.CI,532,23,
Shiawassee County,US.MI.SH,531,32,
Union County,US.IL.UN,530,24,
Newport County,US.RI.NE,530,5,
Phillips County,US.AR.PH,529,13,
Stutsman County,US.ND.SU,529,4,
Oceana County,US.MI.OA,529,6,
Douglas County,US.WI.DG,527,0,
Grays Harbor County,US.WA.GY,527,10,
Oneida County,US.WI.ON,526,3,
Smyth County,US.VA.SM,526,20,
Brooks County,US.GA.BO,524,26,
Stewart County,US.GA.SW,523,14,
Sussex County,US.VA.SS,523,12,
Hart County,US.GA.HT,522,13,
Nelson County,US.KY.NE,522,4,
Concordia Parish,US.LA.CR,521,14,
Barron County,US.WI.BR,521,6,
Columbia County,US.AR.CI,520,18,
Knox County,US.KY.KX,520,9,
Liberty County,US.FL.LI,518,8,
Henry County,US.AL.HE,518,5,
Humboldt County,US.CA.HU,515,8,
Morrow County,US.OR.MO,515,6,
Montgomery County,US.IN.MM,515,23,
Nye County,US.NV.NY,515,15,
Tuscola County,US.MI.TU,514,31,
Bremer County,US.IA.BR,514,7,
Todd County,US.MN.TO,514,2,
Bell County,US.KY.BL,513,15,
Gilchrist County,US.FL.GI,513,13,
Adams County,US.IN.AD,512,4,
Cherokee County,US.KS.CK,511,8,
Craig County,US.OK.CG,511,1,
Winchester city,US.VA.WH,510,4,
Milam County,US.TX.MI,509,6,
Greene County,US.GA.GE,509,24,
Barry County,US.MO.BR,508,6,
Barton County,US.KS.BT,507,7,
Augusta County,US.VA.AU,507,7,
Oswego County,US.NY.OS,506,3,
Early County,US.GA.EA,506,33,
Carroll County,US.VA.CL,505,24,
DeKalb County,US.IN.DE,504,12,
Grand Traverse County,US.MI.GN,503,9,
McLeod County,US.MN.MC,503,2,
Tunica County,US.MS.TU,500,15,
Austin County,US.TX.AU,499,9,
Muskingum County,US.OH.MU,498,3,
Madison County,US.NY.MA,498,9,
McDonough County,US.IL.MU,498,15,
Seneca County,US.OH.SE,498,14,
Banks County,US.GA.BS,498,8,
Saunders County,US.NE.SU,497,3,
Grant Parish,US.LA.GR,495,30,
Bienville Parish,US.LA.BI,495,32,
Washington County,US.IA.WS,494,11,
Haralson County,US.GA.HS,493,9,
White County,US.IN.WH,493,15,
Howard County,US.AR.HW,493,12,
Stone County,US.MO.SE,492,6,
Fayette County,US.TX.FT,492,21,
Beltrami County,US.MN.BT,490,5,
Decatur County,US.IN.DC,490,42,
Morgan County,US.GA.MO,487,3,
Lincoln County,US.OK.LI,486,10,
Colorado County,US.TX.CO,486,4,
Martin County,US.NC.MR,486,9,
Seminole County,US.OK.SM,485,6,
Shelby County,US.TX.SY,485,27,
Macon County,US.AL.MC,485,18,
Allegany County,US.MD.AL,484,23,
Warren County,US.MO.WR,484,1,
Phelps County,US.MO.PH,484,12,
Hughes County,US.SD.HG,483,5,
Le Sueur County,US.MN.LU,483,4,
Jasper County,US.TX.JR,483,29,
Lincoln County,US.OR.LC,481,13,
Ontario County,US.NY.OR,481,28,
Otter Tail County,US.MN.OT,479,6,
Union County,US.PA.UN,477,6,
Clark County,US.WI.CL,476,8,
Boyd County,US.KY.BD,476,9,
Ottawa County,US.OH.OT,475,30,
Montgomery County,US.MS.MT,475,20,
Campbell County,US.TN.CM,474,4,
Logan County,US.IL.LO,473,1,
Fayette County,US.AL.FA,473,11,
Pike County,US.KY.PI,472,3,
Crawford County,US.IL.CW,472,5,
Summit County,US.CO.SU,471,4,
Martin County,US.MN.MT,471,11,
Lawrence County,US.AR.LW,471,12,
Carbon County,US.PA.CB,471,28,
Delaware County,US.IA.DA,468,3,
Stokes County,US.NC.SO,468,4,
Candler County,US.GA.CR,466,19,
Nez Perce County,US.ID.NE,465,24,
Claiborne County,US.MS.CB,465,16,
Ohio County,US.KY.OH,465,9,
Preble County,US.OH.PR,464,16,
Steuben County,US.NY.ST,464,43,
Northampton County,US.NC.NO,464,17,
Cooke County,US.TX.OO,462,6,
Dawson County,US.TX.DW,462,10,
Campbell County,US.VA.CM,461,4,
Cross County,US.AR.CO,461,13,
Berrien County,US.GA.BN,460,12,
Pontotoc County,US.OK.PN,459,3,
Stephens County,US.OK.ST,458,5,
Cooper County,US.MO.CP,457,2,
Kenai Peninsula Borough,US.AK.KN,456,3,
Calhoun County,US.SC.CH,456,17,
Armstrong County,US.PA.AR,452,18,
Franklin County,US.MA.FR,451,68,
Yankton County,US.SD.YA,451,4,
Claiborne County,US.TN.CI,450,5,
Yalobusha County,US.MS.YL,449,14,
Lincoln County,US.NE.LI,449,4,
Fayette County,US.IL.FA,449,7,
Randolph County,US.AR.RA,448,22,
Duval County,US.TX.DU,448,17,
Miami County,US.IN.MI,447,4,
Person County,US.NC.PN,446,8,
Harlan County,US.KY.HL,446,10,
Union County,US.OR.UN,446,2,
Atkinson County,US.GA.AT,446,3,
Lyon County,US.NV.LY,445,7,
Washington County,US.MO.WS,444,11,
Parmer County,US.TX.PM,443,8,
Ashley County,US.AR.AS,443,11,
Lawrence County,US.SD.LW,442,5,
Union County,US.SD.UN,442,8,
Menominee County,US.MI.MM,442,2,
Warren County,US.VA.WR,442,10,
Greene County,US.IN.GE,441,39,
Woodford County,US.IL.WO,441,7,
Catahoula Parish,US.LA.CT,440,11,
Greenup County,US.KY.GU,439,4,
Louisa County,US.IA.LO,439,15,
Lawrence County,US.MS.LW,439,14,
Jefferson County,US.WV.JE,439,4,
Bleckley County,US.GA.BK,438,21,
Perry County,US.MS.PY,436,21,
Mahaska County,US.IA.MK,436,20,
Sumter County,US.AL.SU,436,21,
Jenkins County,US.GA.JK,435,30,
Audrain County,US.MO.AU,435,5,
Montgomery County,US.KS.MG,435,6,
Dodge County,US.GA.DG,434,12,
Evans County,US.GA.EV,433,6,
Lake County,US.CA.LK,433,10,
Juneau County,US.WI.JU,432,2,
Arkansas County,US.AR.AR,432,10,
Cibola County,US.NM.CI,431,21,
Mercer County,US.WV.MR,430,28,
Whitley County,US.KY.WH,430,2,
Geary County,US.KS.GE,427,3,
Scotts Bluff County,US.NE.SC,427,8,
La Salle Parish,US.LA.LA,427,8,
Wise County,US.VA.WI,426,9,
Tompkins County,US.NY.TO,426,0,
Andrews County,US.TX.AR,425,10,
Luna County,US.NM.LU,425,7,
Logan County,US.AR.LG,425,1,
O'Brien County,US.IA.OB,423,9,
Franklin city,US.VA.FR,422,9,
Huntingdon County,US.PA.HU,422,6,
Screven County,US.GA.SR,420,10,
Galax city,US.VA.GA,419,30,
Waushara County,US.WI.WS,419,3,
Livingston County,US.IL.LI,418,6,
St. Helena Parish,US.LA.SH,417,4,
Freestone County,US.TX.FE,417,2,
Johnson County,US.GA.JH,416,22,
Crawford County,US.MO.CF,416,5,
Shelby County,US.IL.SB,415,4,
Bristol County,US.RI.BR,414,16,
Cleburne County,US.AL.CB,414,5,
Steuben County,US.IN.SE,414,7,
Mason County,US.WA.MA,413,6,
Polk County,US.TN.PO,413,11,
Lee County,US.IL.LE,412,1,
Door County,US.WI.DO,412,3,
Miami County,US.KS.MI,412,1,
Grayson County,US.KY.GY,411,14,
Cass County,US.IL.CS,409,11,
Livingston County,US.MO.LV,409,2,
Grainger County,US.TN.GA,408,3,
Jasper County,US.IN.JS,408,3,
Wayne County,US.WV.WA,407,10,
Roosevelt County,US.MT.RO,407,4,
Scott County,US.IN.SC,406,13,
Holmes County,US.OH.HL,405,9,
Page County,US.VA.PA,405,29,
Amherst County,US.VA.AH,405,4,
Hopewell city,US.VA.HW,402,7,
Harrison County,US.WV.HR,402,9,
Glacier County,US.MT.GC,401,1,
Rio Arriba County,US.NM.RI,401,14,
Marquette County,US.MI.MQ,400,12,
Jersey County,US.IL.JR,400,18,
Dinwiddie County,US.VA.DN,399,11,
Upshur County,US.TX.US,399,10,
Montgomery County,US.IL.MT,398,13,
Hancock County,US.GA.HC,397,43,
Greene County,US.MS.GE,396,17,
Goodhue County,US.MN.GO,396,9,
Allendale County,US.SC.AL,396,6,
Newaygo County,US.MI.NE,395,2,
Hempstead County,US.AR.HE,393,4,
Telfair County,US.GA.TF,393,20,
Quitman County,US.MS.QU,393,5,
Franklin County,US.KS.FR,393,3,
Panola County,US.TX.PN,393,26,
Mingo County,US.WV.MO,392,9,
Maui County,US.HI.MA,391,9,
Morgan County,US.MO.MG,391,1,
Garvin County,US.OK.GV,391,5,
Warren County,US.NY.WR,391,30,
Union County,US.TN.UO,390,2,
Lyon County,US.IA.LY,390,4,
Martinsville city,US.VA.MR,389,19,
Cowley County,US.KS.CL,389,5,
Lamar County,US.AL.LM,386,2,
Montrose County,US.CO.MO,385,13,
Pawnee County,US.KS.PN,385,0,
Stone County,US.MS.ST,384,13,
Baxter County,US.AR.BA,383,2,
Pecos County,US.TX.PE,383,5,
Hopkins County,US.TX.HP,383,11,
Cass County,US.TX.CS,383,16,
Douglas County,US.MN.DU,382,3,
Fluvanna County,US.VA.FV,381,9,
Posey County,US.IN.PS,381,2,
Caswell County,US.NC.CS,381,5,
Wright County,US.MO.WG,380,0,
Jackson County,US.AR.JA,380,1,
Clinch County,US.GA.CC,380,6,
Ionia County,US.MI.II,379,7,
Franklin County,US.VA.FN,379,4,
Humphreys County,US.MS.HU,379,15,
Green Lake County,US.WI.GL,378,0,
Houston County,US.TX.HS,377,11,
Chowan County,US.NC.CW,375,4,
Jackson County,US.KY.JA,375,17,
Wood County,US.WV.WO,375,6,
Allen County,US.KY.AL,375,9,
Ohio County,US.WV.OH,375,7,
Washington County,US.ID.WA,374,6,
Lamar County,US.GA.LM,374,18,
Live Oak County,US.TX.LK,374,9,
Zavala County,US.TX.ZV,373,16,
Kingfisher County,US.OK.KN,373,2,
Saline County,US.IL.SE,372,4,
Madison County,US.AR.MD,370,3,
Elmore County,US.ID.EL,370,3,
Jackson County,US.IA.JC,370,3,
Adair County,US.MO.AD,369,0,
Iroquois County,US.IL.IR,368,19,
Avery County,US.NC.AV,367,0,
Stone County,US.AR.ST,367,13,
Clark County,US.AR.CK,367,4,
Rabun County,US.GA.RB,366,10,
Pine County,US.MN.PN,366,0,
Little River County,US.AR.LT,366,26,
Seminole County,US.GA.SI,366,9,
Itasca County,US.MN.IT,366,16,
Red River Parish,US.LA.RE,365,23,
Caroline County,US.VA.CI,365,5,
Brunswick County,US.VA.BU,363,5,
Halifax County,US.VA.HL,363,7,
Hillsdale County,US.MI.HI,362,27,
Harvey County,US.KS.HV,361,8,
Hockley County,US.TX.HC,361,9,
Camp County,US.TX.CP,360,11,
Floyd County,US.IA.FL,360,5,
Perry County,US.IL.PY,360,15,
Drew County,US.AR.DR,359,7,
Clay County,US.IA.CY,359,4,
Davison County,US.SD.DV,359,2,
Choctaw County,US.AL.CC,357,12,
La Salle County,US.TX.LS,357,11,
Uinta County,US.WY.UI,356,2,
Richmond County,US.VA.RI,356,4,
Gaines County,US.TX.GS,356,9,
Bonner County,US.ID.BR,355,0,
Union County,US.KY.UN,355,3,
Warren County,US.NC.WR,355,7,
Benton County,US.MO.BN,354,5,
Franklin County,US.IA.FN,353,18,
West Carroll Parish,US.LA.WC,350,10,
Defiance County,US.OH.DF,350,12,
Bollinger County,US.MO.BI,349,1,
Jefferson County,US.OH.JE,349,4,
Bond County,US.IL.BN,349,7,
Brantley County,US.GA.BA,347,10,
Burleson County,US.TX.BU,347,6,
Sullivan County,US.IN.SU,347,12,
Benson County,US.ND.BE,347,6,
Montcalm County,US.MI.MC,347,7,
Snyder County,US.PA.SN,347,7,
Cass County,US.NE.CS,347,3,
Benton County,US.IA.BN,346,1,
Jefferson Davis County,US.MS.JD,346,11,
Henry County,US.OH.HE,346,17,
Winneshiek County,US.IA.WH,346,8,
Gem County,US.ID.GE,345,3,
McIntosh County,US.OK.MI,344,6,
Bradley County,US.AR.BR,344,8,
Texas County,US.MO.TE,343,2,
Cleburne County,US.AR.CB,343,9,
Jackson County,US.TN.JA,343,5,
Pike County,US.GA.PK,343,10,
Benton County,US.TN.BN,343,8,
Grundy County,US.TN.GU,343,6,
Perry County,US.KY.PR,343,9,
Otsego County,US.NY.OO,342,4,
Bosque County,US.TX.BQ,342,6,
Sweetwater County,US.WY.SW,342,2,
Towns County,US.GA.TW,342,10,
Amite County,US.MS.AM,342,10,
Lamb County,US.TX.LB,341,23,
Campbell County,US.WY.CM,341,2,
Wilkinson County,US.GA.WI,341,18,
Butler County,US.KY.BR,341,16,
Kendall County,US.TX.KD,341,8,
Wheeler County,US.GA.WL,340,11,
Webster County,US.MS.WE,340,13,
Herkimer County,US.NY.HE,340,10,
Dooly County,US.GA.DO,340,14,
Oglethorpe County,US.GA.OG,339,11,
Fulton County,US.NY.FU,339,28,
Lafayette County,US.WI.LF,338,0,
Warren County,US.IL.WR,338,2,
Moniteau County,US.MO.ME,337,5,
Polk County,US.MN.PL,337,4,
Young County,US.TX.YU,337,6,
Hamilton County,US.IA.HM,337,3,
Choctaw County,US.OK.CA,336,2,
Chaffee County,US.CO.CA,336,19,
Orleans County,US.NY.OL,336,55,
Clay County,US.KY.CY,335,6,
Owyhee County,US.ID.OW,335,5,
Genesee County,US.NY.GE,335,6,
Zapata County,US.TX.ZP,335,6,
Transylvania County,US.NC.TR,335,8,
Clearfield County,US.PA.CF,334,6,
Benton County,US.OR.BE,333,6,
Barry County,US.MI.BR,333,4,
Carroll County,US.MS.CL,332,12,
Poweshiek County,US.IA.PW,332,8,
Randolph County,US.GA.RN,331,29,
Orange County,US.VA.OR,331,5,
St. Lawrence County,US.NY.SI,330,4,
Terrell County,US.GA.TL,329,32,
Greene County,US.NY.GR,328,14,
Clark County,US.KY.CK,328,10,
Morgan County,US.TN.MG,327,4,
Isanti County,US.MN.IS,326,1,
Wayne County,US.NY.WN,326,3,
Winnebago County,US.IA.WB,326,14,
Franklin County,US.IN.FR,326,26,
Douglas County,US.IL.DO,326,7,
Tazewell County,US.VA.TA,325,2,
Clay County,US.AR.CY,324,8,
Lewis and Clark County,US.MT.LE,324,3,
Marshall County,US.KY.MH,324,4,
Aransas County,US.TX.AA,323,18,
Grayson County,US.VA.GY,322,15,
Brooks County,US.TX.BK,322,22,
Calaveras County,US.CA.CA,322,14,
Jennings County,US.IN.JN,322,14,
Polk County,US.NC.PO,322,11,
Gillespie County,US.TX.GL,321,10,
Marquette County,US.WI.MQ,321,1,
Logan County,US.OH.LG,321,3,
Gray County,US.TX.GY,319,6,
Champaign County,US.OH.CH,318,3,
Robertson County,US.TX.RO,317,3,
Crawford County,US.PA.CW,317,3,
Montgomery County,US.GA.MM,317,5,
Clay County,US.IN.CY,317,5,
Adair County,US.KY.AD,316,19,
Hardin County,US.IA.HD,315,1,
Island County,US.WA.IS,315,12,
Ripley County,US.IN.RI,314,8,
Pulaski County,US.GA.PL,314,22,
Clinton County,US.OH.CI,314,14,
Irwin County,US.GA.IR,313,4,
Fulton County,US.OH.FU,312,1,
Douglas County,US.NV.DO,312,1,
Gooding County,US.ID.GO,312,1,
Atoka County,US.OK.AT,312,1,
Oglala Lakota County,US.SD.SH,312,3,
Comanche County,US.TX.CE,312,4,
Wayne County,US.IL.WY,310,5,
Wilkinson County,US.MS.WK,309,18,
Mississippi County,US.MO.MI,309,3,
Cannon County,US.TN.CN,309,1,
Perry County,US.OH.PE,309,9,
Taylor County,US.KY.TA,309,7,
Refugio County,US.TX.RF,308,14,
Atchison County,US.KS.AT,308,2,
Desha County,US.AR.DE,307,6,
Botetourt County,US.VA.BO,307,10,
Turner County,US.GA.TR,306,24,
Greene County,US.AL.GR,306,15,
Northampton County,US.VA.NA,306,31,
Kent County,US.MD.KE,305,24,
Franklin County,US.AR.FR,304,2,
Sheridan County,US.WY.SH,304,4,
Washington County,US.NY.WS,302,14,
Wasco County,US.OR.WC,301,4,
Caldwell Parish,US.LA.CW,301,3,
Hughes County,US.OK.HU,300,4,
Buchanan County,US.IA.BC,300,1,
Forest County,US.WI.FR,300,6,
Becker County,US.MN.BC,299,2,
McLean County,US.ND.ML,299,4,
Jones County,US.IA.JN,298,3,
Gratiot County,US.MI.GT,298,15,
Boyle County,US.KY.BE,297,0,
Susquehanna County,US.PA.SS,297,28,
Lanier County,US.GA.LI,297,5,
Wells County,US.IN.WE,296,4,
Louisa County,US.VA.LI,296,6,
Gunnison County,US.CO.GU,296,7,
Brown County,US.OH.BR,296,3,
Whitley County,US.IN.WL,295,6,
Knox County,US.OH.KN,295,15,
City and Borough of Juneau,US.AK.JU,295,1,
McIntosh County,US.GA.MH,294,7,
Falls County,US.TX.FL,293,5,
Unicoi County,US.TN.UC,293,1,
Morrison County,US.MN.MR,293,3,
Marion County,US.WV.MI,292,4,
Orange County,US.IN.OR,292,26,
Kossuth County,US.IA.KO,292,0,
Montgomery County,US.KY.MM,291,3,
Kemper County,US.MS.KE,291,15,
Klamath County,US.OR.KL,291,3,
Randolph County,US.MO.RN,290,2,
Harrison County,US.IA.HR,290,5,
Lee County,US.VA.LE,290,7,
Carlton County,US.MN.CL,290,1,
Roosevelt County,US.NM.RO,289,4,
Haskell County,US.OK.HS,289,4,
Spencer County,US.IN.SP,288,3,
Woodford County,US.KY.WO,287,0,
Madison County,US.MO.MD,287,1,
Simpson County,US.KY.SI,286,8,
Dade County,US.GA.DD,286,5,
Emmet County,US.IA.EM,285,10,
Carroll County,US.IN.CO,285,13,
Lake County,US.MT.LA,284,1,
Jo Daviess County,US.IL.JO,282,2,
Somerset County,US.MD.SO,282,5,
Washington County,US.NE.WS,282,4,
Dare County,US.NC.DE,282,3,
Butler County,US.IA.BE,281,2,
Adams County,US.WI.AD,281,4,
Starke County,US.IN.SR,280,8,
Wabash County,US.IN.WB,280,8,
Humphreys County,US.TN.HU,279,3,
Conway County,US.AR.CN,279,3,
Cattaraugus County,US.NY.CG,279,8,
Ashe County,US.NC.AS,279,1,
Runnels County,US.TX.RN,279,7,
Chickasaw County,US.IA.CC,279,1,
Pottawatomie County,US.KS.PT,278,0,
Patrick County,US.VA.PK,278,25,
Jackson County,US.OH.JA,278,7,
Jackson County,US.WV.JA,278,23,
Shelby County,US.IA.SH,278,1,
Salem city,US.VA.SE,277,6,
Sac County,US.IA.SA,277,0,
Waynesboro city,US.VA.WS,277,3,
Green County,US.KY.GN,277,8,
Casey County,US.KY.CS,276,15,
Mountrail County,US.ND.MU,276,2,
Goochland County,US.VA.GO,276,7,
Cherokee County,US.IA.CE,275,2,
Westmoreland County,US.VA.WM,275,3,
Russell County,US.VA.RU,275,5,
Grant County,US.AR.GN,274,2,
Lincoln County,US.WI.LI,274,1,
Grant County,US.KS.GT,274,5,
Polk County,US.WI.PL,273,2,
Clayton County,US.IA.CT,273,3,
Guthrie County,US.IA.GH,273,10,
Washington County,US.IN.WS,273,2,
Polk County,US.AR.PL,272,4,
Houston County,US.TN.HO,272,4,
Otero County,US.NM.OT,271,13,
Dodge County,US.MN.DD,271,0,
Ashland County,US.OH.AL,271,4,
Gage County,US.NE.GG,270,5,
Clarke County,US.IA.CK,270,3,
Andrew County,US.MO.AN,270,3,
Silver Bow County,US.MT.SI,270,0,
Ouachita County,US.AR.OU,270,6,
Staunton city,US.VA.SU,270,0,
Miller County,US.GA.ML,270,1,
McPherson County,US.KS.MP,270,1,
Pamlico County,US.NC.PM,269,2,
Thurston County,US.NE.TU,269,4,
Randolph County,US.IN.RA,268,8,
Wilkes County,US.GA.WS,267,5,
Lawrence County,US.IL.LW,267,3,
Sharkey County,US.MS.SH,267,14,
La Plata County,US.CO.LA,266,2,
Nottoway County,US.VA.NY,266,18,
Allamakee County,US.IA.AL,265,6,
Nolan County,US.TX.NO,265,5,
Morrow County,US.OH.MW,264,2,
Washington County,US.OH.WS,264,23,
Huntington County,US.IN.HU,263,3,
Treutlen County,US.GA.TE,263,10,
Castro County,US.TX.AS,263,5,
Colonial Heights city,US.VA.CH,263,26,
Vernon County,US.WI.VE,262,1,
Cedar County,US.IA.CD,262,1,
Lampasas County,US.TX.LP,261,8,
Emporia city,US.VA.EM,260,26,
Izard County,US.AR.IZ,260,0,
Randolph County,US.WV.RN,259,1,
Russell County,US.KY.RU,259,6,
Pawnee County,US.OK.PW,259,3,
Amador County,US.CA.AM,259,16,
Hardin County,US.OH.HD,258,13,
Dallam County,US.TX.DL,258,9,
Dimmit County,US.TX.DM,257,7,
Penobscot County,US.ME.PE,257,6,
McKenzie County,US.ND.MK,256,2,
Tioga County,US.NY.TI,256,22,
Fayette County,US.OH.FY,256,6,
Crawford County,US.OH.CF,256,7,
Mercer County,US.KY.MC,255,4,
Jefferson County,US.IN.JF,255,3,
Ramsey County,US.ND.RM,255,2,
Power County,US.ID.PO,254,1,
Long County,US.GA.LG,253,3,
Chenango County,US.NY.CH,253,6,
Terry County,US.TX.TE,253,4,
Hood River County,US.OR.HO,252,0,
Park County,US.WY.PA,252,2,
Leon County,US.TX.LN,252,6,
Rowan County,US.KY.RW,251,1,
Gloucester County,US.VA.GL,250,2,
Vilas County,US.WI.VI,250,1,
Richland County,US.ND.RI,250,2,
Clinton County,US.MO.CO,250,0,
Newton County,US.AR.NW,250,19,
Fulton County,US.IN.FU,250,2,
Bedford County,US.PA.BO,250,6,
Sequatchie County,US.TN.SQ,249,3,
Pipestone County,US.MN.PS,249,12,
Wilcox County,US.GA.WC,248,22,
Douglas County,US.OR.DO,248,4,
Wythe County,US.VA.WY,247,4,
Calhoun County,US.GA.CU,247,8,
Madison County,US.IA.MD,247,2,
Labette County,US.KS.LB,246,4,
Jackson County,US.KS.JA,246,2,
Clay County,US.TN.CY,246,5,
Alamosa County,US.CO.AL,245,9,
Wayne County,US.PA.WN,245,10,
Pike County,US.MO.PI,244,4,
Barnes County,US.ND.BA,244,0,
Jefferson County,US.MS.JF,243,9,
Sharp County,US.AR.SH,242,6,
Carroll County,US.IL.CL,242,6,
Seward County,US.NE.SA,242,3,
Chippewa County,US.MN.CP,242,1,
Echols County,US.GA.EC,241,2,
Fayette County,US.IA.FT,241,2,
Marion County,US.KY.MN,240,8,
Boone County,US.WV.BN,240,1,
Perry County,US.IN.PE,240,14,
Tipton County,US.IN.TT,239,26,
Greene County,US.IL.GE,238,13,
Alleghany County,US.NC.AL,238,0,
Yoakum County,US.TX.YA,238,5,
Benton County,US.MS.BE,238,3,
Perry County,US.PA.PE,237,6,
Langlade County,US.WI.LN,237,2,
McCormick County,US.SC.MC,237,7,
Highland County,US.OH.HI,237,4,
Pulaski County,US.VA.PU,236,5,
Montgomery County,US.NY.MT,235,9,
Macon County,US.GA.MC,235,10,
Coshocton County,US.OH.CS,235,11,
Clallam County,US.WA.CL,235,1,
Meade County,US.KY.MA,234,3,
King George County,US.VA.KG,234,4,
Mecosta County,US.MI.MT,234,3,
Pike County,US.AR.PE,234,3,
Carbon County,US.WY.CB,233,2,
Meigs County,US.TN.ME,232,3,
Powhatan County,US.VA.PH,231,5,
Hancock County,US.IL.HC,231,3,
Iosco County,US.MI.IC,231,13,
Lee County,US.TX.LE,231,14,
Cameron Parish,US.LA.CM,231,2,
Mifflin County,US.PA.MI,231,2,
Moultrie County,US.IL.MI,230,4,
Cottonwood County,US.MN.CT,230,0,
Iowa County,US.IA.IO,230,1,
Grundy County,US.IA.GN,230,4,
Tyler County,US.TX.TY,230,4,
Tuolumne County,US.CA.TO,229,4,
Sawyer County,US.WI.SW,229,1,
Scott County,US.TN.SC,227,2,
Huron County,US.MI.HU,227,5,
Richland County,US.IL.RI,227,6,
San Jacinto County,US.TX.SJ,227,9,
Henry County,US.MO.HE,226,5,
Nevada County,US.AR.NV,226,13,
Wayne County,US.MO.WY,226,0,
Bailey County,US.TX.BY,226,5,
Williams County,US.OH.WI,226,3,
Somerset County,US.PA.SO,225,3,
Pitkin County,US.CO.PI,225,2,
Hutchinson County,US.TX.UT,224,6,
Washington County,US.IL.WG,224,1,
Knott County,US.KY.KT,223,1,
Greene County,US.VA.GE,223,3,
Iowa County,US.WI.IO,222,0,
Lewis County,US.KY.LI,222,15,
Sanpete County,US.UT.SP,222,1,
Walsh County,US.ND.WL,222,1,
Kennebec County,US.ME.KE,221,11,
Clatsop County,US.OR.CT,221,0,
Brewster County,US.TX.BS,221,4,
Cayuga County,US.NY.CY,221,2,
Cumberland County,US.IL.CU,221,5,
Jasper County,US.GA.JS,221,4,
Stewart County,US.TN.SA,221,2,
Meeker County,US.MN.ME,220,2,
Roberts County,US.SD.RO,220,1,
Lincoln County,US.NM.LI,219,3,
Douglas County,US.MO.DO,219,3,
Pike County,US.IN.PI,219,1,
Spencer County,US.KY.SP,218,0,
Iron County,US.MI.IR,218,5,
Palo Alto County,US.IA.PO,218,0,
Appomattox County,US.VA.AP,217,3,
Yancey County,US.NC.YN,217,0,
Wyandot County,US.OH.WD,217,12,
Fremont County,US.ID.FE,217,3,
Shoshone County,US.ID.SH,216,18,
Burnett County,US.WI.BN,216,4,
Lincoln County,US.WY.LI,216,1,
Washington County,US.NC.WI,214,8,
Wabasha County,US.MN.WB,214,0,
Taylor County,US.GA.TY,214,11,
Monroe County,US.KY.MO,214,4,
Lewis County,US.TN.LE,214,1,
Idaho County,US.ID.ID,213,0,
Lincoln County,US.GA.LC,213,7,
Jasper County,US.IL.JS,213,10,
Lincoln County,US.KY.LN,213,13,
Barton County,US.MO.BT,212,0,
Gallia County,US.OH.GA,212,13,
Rolette County,US.ND.RO,211,5,
Ste. Genevieve County,US.MO.SG,211,1,
Wilbarger County,US.TX.WG,210,2,
Sullivan County,US.MO.SV,210,0,
Pike County,US.OH.PK,210,0,
Taylor County,US.WI.TA,209,4,
Brown County,US.MN.BR,208,2,
Livingston County,US.NY.LI,208,6,
Sumner County,US.KS.SU,208,3,
Dickinson County,US.KS.DK,208,1,
Clinton County,US.PA.CN,208,6,
Page County,US.IA.PG,208,0,
Vernon County,US.MO.VE,206,1,
Lake County,US.SD.LK,206,7,
Floyd County,US.VA.FO,206,10,
Hancock County,US.IA.HN,205,2,
Mills County,US.IA.ML,205,1,
Jay County,US.IN.JY,205,1,
Josephine County,US.OR.JO,204,2,
Rush County,US.IN.RU,204,4,
Bourbon County,US.KY.BU,204,1,
San Augustine County,US.TX.SG,204,15,
Sibley County,US.MN.SI,204,3,
Yellow Medicine County,US.MN.YE,203,3,
Henry County,US.KY.HY,202,2,
Grundy County,US.MO.GU,202,4,
Cass County,US.MN.CS,202,4,
Carroll County,US.KY.CL,202,5,
Carter County,US.KY.CR,201,3,
Franklin County,US.MS.FR,201,3,
Reeves County,US.TX.RE,200,6,
Dallas County,US.MO.DL,200,1,
Love County,US.OK.LV,200,1,
Heard County,US.GA.HD,199,5,
Twiggs County,US.GA.TG,199,8,
Jefferson County,US.KS.JF,198,4,
Floyd County,US.KY.FO,198,4,
Calhoun County,US.IA.CO,198,3,
Trinity County,US.TX.TR,197,7,
Fulton County,US.IL.FU,197,0,
Charles Mix County,US.SD.CH,196,0,
Millard County,US.UT.MD,196,0,
Mitchell County,US.IA.ME,196,0,
Humboldt County,US.IA.HU,196,3,
Montour County,US.PA.MO,195,5,
Custer County,US.SD.CU,195,3,
Klickitat County,US.WA.KL,195,3,
Cortland County,US.NY.CD,195,1,
New Kent County,US.VA.NK,194,3,
Bourbon County,US.KS.BB,194,3,
Scott County,US.VA.SC,194,4,
Juniata County,US.PA.JU,194,7,
Hill County,US.MT.HI,194,3,
Johnston County,US.OK.JO,193,4,
Howard County,US.IA.HO,193,7,
Delta County,US.CO.DT,192,3,
Marion County,US.GA.MR,192,8,
Teton County,US.ID.TE,192,1,
Morris County,US.TX.MR,191,3,
Inyo County,US.CA.IN,190,15,
Todd County,US.KY.TO,190,8,
Columbia County,US.OR.CL,190,1,
Greene County,US.PA.GR,190,1,
Marshall County,US.OK.MH,190,2,
Perquimans County,US.NC.PQ,189,3,
Moore County,US.TN.MO,188,1,
Montague County,US.TX.MU,188,4,
McCreary County,US.KY.MR,188,0,
Crawford County,US.WI.CR,188,0,
Bristol city,US.VA.BI,188,6,
Pulaski County,US.IL.PL,187,1,
Redwood County,US.MN.RW,187,6,
Choctaw County,US.MS.CW,187,6,
Cleveland County,US.AR.CV,187,12,
Fulton County,US.AR.FU,186,4,
Rock County,US.MN.RC,186,1,
Howard County,US.MO.HR,186,2,
Emmons County,US.ND.EM,186,2,
Otsego County,US.MI.OS,186,12,
Currituck County,US.NC.CI,186,3,
Williamsburg City,US.VA.WL,185,7,
Hart County,US.KY.HT,184,1,
Clark County,US.IL.CK,184,3,
York County,US.NE.YO,184,2,
Knox County,US.NE.KN,184,0,
Eastland County,US.TX.EA,183,4,
Stevens County,US.WA.ST,183,3,
Cass County,US.IA.CS,183,2,
Dickinson County,US.MI.DI,183,2,
Harrison County,US.KY.HS,183,0,
Marshall County,US.WV.MH,182,1,
Trigg County,US.KY.TG,182,0,
White County,US.IL.WE,182,0,
Murray County,US.MN.MU,182,2,
Newton County,US.TX.NE,182,13,
Meigs County,US.OH.MS,181,11,
Osceola County,US.IA.OS,181,0,
Guernsey County,US.OH.GU,180,8,
Essex County,US.VA.ES,180,2,
Lincoln County,US.WV.LI,179,2,
Richland County,US.WI.RI,179,4,
Van Buren County,US.AR.VA,178,3,
Rockcastle County,US.KY.RC,178,1,
Graham County,US.NC.GH,177,3,
Turner County,US.SD.TU,177,3,
Teller County,US.CO.TE,177,4,
Fremont County,US.CO.FR,176,1,
Tripp County,US.SD.TR,176,1,
Newton County,US.IN.NE,176,12,
Bradford County,US.PA.BF,176,5,
Mille Lacs County,US.MN.MI,176,3,
Webster County,US.KY.WE,175,3,
Owen County,US.IN.OW,175,2,
Mineral County,US.WV.ML,174,4,
Coosa County,US.AL.CS,174,3,
Wayne County,US.NE.WY,174,0,
Clay County,US.IL.CY,173,0,
Neosho County,US.KS.NO,173,0,
Northumberland County,US.VA.NU,173,6,
Estill County,US.KY.ES,173,0,
Letcher County,US.KY.LT,173,2,
Martin County,US.IN.MN,172,0,
Jefferson County,US.NY.JE,172,1,
Grant County,US.KY.GT,172,6,
Lyman County,US.SD.LY,172,3,
Anderson County,US.KY.AN,171,1,
Osage County,US.MO.OS,170,1,
Hocking County,US.OH.HC,170,9,
Otoe County,US.NE.OT,170,1,
Garrard County,US.KY.GR,170,3,
Pushmataha County,US.OK.PU,170,2,
Ray County,US.MO.RY,170,0,
Gogebic County,US.MI.GO,169,2,
Mercer County,US.ND.ME,169,1,
Caldwell County,US.KY.CD,169,0,
Essex County,US.NY.ES,169,14,
Jackson County,US.WI.JA,168,1,
Pocahontas County,US.IA.PC,168,2,
Johnson County,US.IL.JH,168,0,
Van Buren County,US.TN.VA,168,0,
Red River County,US.TX.RV,168,14,
Crawford County,US.GA.CW,168,5,
Mason County,US.IL.MS,167,1,
Dallas County,US.AR.DA,167,5,
Monona County,US.IA.MO,167,1,
Mono County,US.CA.MO,167,2,
Renville County,US.MN.RN,167,8,
Siskiyou County,US.CA.SK,166,0,
Mitchell County,US.NC.MI,166,3,
Talbot County,US.GA.TB,166,6,
Coos County,US.OR.CO,165,0,
Dewey County,US.SD.DW,165,0,
Crockett County,US.TX.CT,164,7,
Wabash County,US.IL.WB,164,3,
Monroe County,US.IA.MR,164,11,
Tensas Parish,US.LA.TN,163,2,
Emmet County,US.MI.EM,163,4,
Gasconade County,US.MO.GA,163,20,
Elbert County,US.CO.EB,163,3,
McCulloch County,US.TX.MC,163,4,
Johnson County,US.KY.JO,162,2,
Noble County,US.OK.NB,162,3,
Clinton County,US.NY.CL,162,5,
Grant County,US.WV.GA,162,7,
King William County,US.VA.KW,161,2,
Macon County,US.MO.MN,161,0,
Bandera County,US.TX.BA,160,8,
Montgomery County,US.AR.MT,160,6,
Jones County,US.NC.JN,160,14,
Wayne County,US.KY.WY,160,0,
Routt County,US.CO.RT,159,8,
Lucas County,US.IA.LU,159,6,
Cuming County,US.NE.CM,159,0,
Fulton County,US.KY.FU,159,3,
Ravalli County,US.MT.RA,158,2,
Buchanan County,US.VA.BH,158,2,
Sioux County,US.ND.SI,158,3,
Grant County,US.SD.GA,158,1,
Prairie County,US.AR.PR,158,2,
Preston County,US.WV.PR,158,4,
Jackson County,US.MN.JA,157,1,
Murray County,US.OK.MR,155,1,
Goliad County,US.TX.GI,155,6,
Churchill County,US.NV.CH,154,3,
Swain County,US.NC.SW,154,3,
Perry County,US.TN.PE,154,0,
Faribault County,US.MN.FA,153,0,
Nowata County,US.OK.NW,153,4,
Warren County,US.GA.WR,153,5,
Lancaster County,US.VA.LA,153,0,
Oxford County,US.ME.OX,152,1,
Thomas County,US.KS.TH,152,0,
Kearney County,US.NE.KA,152,0,
Sanilac County,US.MI.SL,152,7,
Cheshire County,US.NH.CH,152,3,
Carroll County,US.OH.CO,152,7,
Benewah County,US.ID.BA,151,3,
Searcy County,US.AR.SA,151,1,
Marion County,US.TX.MN,151,14,
Buffalo County,US.WI.BF,151,2,
Monroe County,US.WV.ME,151,8,
Hancock County,US.WV.HN,150,0,
Iron County,US.WI.IR,150,1,
DeKalb County,US.MO.DE,150,2,
Ralls County,US.MO.RL,150,0,
Belknap County,US.NH.BE,149,4,
Spink County,US.SD.SP,149,0,
Alpena County,US.MI.AP,149,14,
Union County,US.IA.UN,148,3,
Juab County,US.UT.JU,148,2,
Somervell County,US.TX.SV,148,5,
Taos County,US.NM.TA,148,4,
Taylor County,US.IA.TY,148,1,
Hamilton County,US.TX.HM,148,4,
Okfuskee County,US.OK.OF,147,5,
Swift County,US.MN.SW,147,1,
Washington County,US.KY.WS,147,1,
Montezuma County,US.CO.MZ,145,5,
Blanco County,US.TX.BC,145,5,
Piatt County,US.IL.PA,145,0,
Grafton County,US.NH.GR,145,1,
Mercer County,US.IL.ME,145,5,
Converse County,US.WY.CE,145,0,
Gates County,US.NC.GT,144,3,
Mason County,US.WV.MN,144,6,
Del Norte County,US.CA.DE,144,1,
Butler County,US.NE.BE,144,1,
Pike County,US.IL.PK,144,1,
Adams County,US.OH.AD,144,4,
Appanoose County,US.IA.AP,144,3,
Ashland County,US.WI.AS,143,2,
Hamilton County,US.NE.HM,142,12,
Latimer County,US.OK.LA,142,2,
Jefferson County,US.IA.JE,142,1,
Buffalo County,US.SD.BF,142,3,
Jack County,US.TX.JK,141,3,
Fillmore County,US.MN.FI,141,0,
Breckinridge County,US.KY.BC,140,2,
Gregory County,US.SD.GE,140,3,
Ochiltree County,US.TX.OC,140,5,
Monroe County,US.AR.ME,139,0,
Larue County,US.KY.LR,139,1,
Ripley County,US.MO.RI,139,1,
Dent County,US.MO.DN,139,2,
Stevens County,US.KS.SV,138,1,
Edmonson County,US.KY.ED,138,12,
Blaine County,US.OK.BL,138,1,
Bates County,US.MO.BS,138,2,
Todd County,US.SD.TO,138,5,
Price County,US.WI.PC,138,0,
Brule County,US.SD.BU,138,1,
Vermillion County,US.IN.VE,137,0,
Wyoming County,US.NY.WM,137,5,
Fairfax city,US.VA.FC,137,8,
Hartley County,US.TX.HL,137,0,
Delaware County,US.NY.DE,137,5,
Hubbard County,US.MN.HU,137,1,
Brown County,US.KS.BR,137,3,
North Slope Borough,US.AK.NH,137,0,
Stephens County,US.TX.SE,136,4,
Kanabec County,US.MN.KA,136,8,
Mason County,US.MI.MN,136,0,
Meade County,US.KS.ME,136,1,
Franklin County,US.TX.FK,136,6,
Walworth County,US.SD.WA,136,1,
Houston County,US.MN.HO,136,0,
Ida County,US.IA.ID,135,2,
Ward County,US.TX.WD,135,1,
Fountain County,US.IN.FO,134,2,
Blackford County,US.IN.BL,134,3,
Llano County,US.TX.LL,134,2,
Carbon County,US.UT.CR,134,0,
Concho County,US.TX.ON,134,2,
Roseau County,US.MN.RS,133,0,
Daviess County,US.MO.DV,133,1,
De Witt County,US.IL.DW,133,2,
Dawes County,US.NE.DS,132,0,
Nemaha County,US.NE.NE,132,0,
Ozark County,US.MO.OZ,132,1,
Van Wert County,US.OH.VA,131,3,
Oregon County,US.MO.OR,131,0,
Taylor County,US.WV.TA,131,8,
Rutland County,US.VT.RU,131,1,
Caribou County,US.ID.CR,131,0,
Lincoln County,US.MT.LN,131,3,
Wexford County,US.MI.WE,130,4,
Cedar County,US.MO.CD,130,0,
Davis County,US.IA.DV,130,4,
Pickett County,US.TN.PI,130,2,
Humboldt County,US.NV.HU,130,4,
Bayfield County,US.WI.BY,129,1,
Menard County,US.IL.MN,129,1,
Clarion County,US.PA.CL,129,3,
Greenbrier County,US.WV.GE,129,3,
Franklin County,US.ID.FA,129,0,
Carroll County,US.MO.CL,129,2,
Nemaha County,US.KS.NM,128,1,
Franklin County,US.VT.FR,128,7,
Grant County,US.NM.GR,128,2,
Hyde County,US.NC.HE,128,5,
Gray County,US.KS.GY,127,0,
Carbon County,US.MT.CB,127,0,
Fremont County,US.IA.FO,127,0,
Clinton County,US.KY.CO,127,2,
Yuma County,US.CO.YU,126,1,
Crawford County,US.MI.CF,126,5,
Northwest Arctic Borough,US.AK.NW,126,0,
Mason County,US.KY.MS,126,2,
Haskell County,US.KS.HS,126,1,
Gentry County,US.MO.GT,126,9,
Asotin County,US.WA.AS,125,2,
Hansford County,US.TX.HF,125,5,
Clay County,US.NC.CY,125,2,
Traill County,US.ND.TR,125,0,
Amelia County,US.VA.AI,124,5,
Surry County,US.VA.SR,124,3,
Carroll County,US.NH.CA,124,2,
Coffey County,US.KS.CF,124,8,
Koochiching County,US.MN.KO,123,4,
Paulding County,US.OH.PA,123,0,
Windham County,US.VT.WH,123,3,
Van Buren County,US.IA.VA,122,1,
Crittenden County,US.KY.CT,122,1,
Washburn County,US.WI.WR,122,1,
Phillips County,US.MT.PH,122,0,
Phillips County,US.KS.PL,122,8,
Middlesex County,US.VA.MI,122,10,
Clay County,US.GA.CY,121,2,
Metcalfe County,US.KY.MT,121,2,
Keokuk County,US.IA.KE,121,1,
Wyoming County,US.WV.WY,121,4,
Massac County,US.IL.MA,121,2,
Butte County,US.SD.BT,121,3,
Harper County,US.KS.HP,120,2,
Parke County,US.IN.PA,120,2,
Toole County,US.MT.TO,120,6,
Pennington County,US.MN.PI,120,1,
Shannon County,US.MO.SN,120,1,
Rockbridge County,US.VA.RB,120,2,
Harrison County,US.MO.HS,120,1,
Custer County,US.MT.CU,119,2,
Allegany County,US.NY.AL,119,4,
Nantucket County,US.MA.NA,119,1,
Lafayette County,US.AR.LF,118,2,
Lincoln County,US.MN.LI,118,0,
Winkler County,US.TX.WI,118,4,
Deer Lodge County,US.MT.DE,118,0,
Edgar County,US.IL.EG,118,8,
Real County,US.TX.RL,118,8,
Lunenburg County,US.VA.LN,118,3,
Phelps County,US.NE.PH,117,0,
Dickey County,US.ND.DC,117,0,
Sevier County,US.UT.SE,117,1,
Sublette County,US.WY.SU,117,1,
Bennington County,US.VT.BE,116,1,
Pulaski County,US.IN.PL,116,1,
Jefferson County,US.PA.JE,116,3,
Washakie County,US.WY.WA,116,6,
Camden County,US.NC.CD,116,3,
Tyrrell County,US.NC.TY,116,3,
Bethel Census Area,US.AK.BE,115,1,
Dunn County,US.ND.DU,115,1,
Leelanau County,US.MI.LE,115,1,
Crawford County,US.IN.CW,115,2,
Brooke County,US.WV.BO,114,1,
Clare County,US.MI.CE,114,4,
Nicholas County,US.WV.NI,114,3,
Osage County,US.KS.OS,114,0,
Doniphan County,US.KS.DP,114,0,
Hickory County,US.MO.HC,113,3,
Marshall County,US.IL.MH,113,0,
McCook County,US.SD.MC,113,1,
Woods County,US.OK.WS,113,0,
Hutchinson County,US.SD.HT,112,2,
Madison County,US.NC.MD,112,1,
Stevens County,US.MN.SV,112,1,
Saguache County,US.CO.SG,111,2,
Scott County,US.AR.SC,111,1,
Worth County,US.IA.WT,111,0,
Floyd County,US.TX.FY,111,9,
Madison County,US.MT.MA,111,1,
Uintah County,US.UT.UN,111,1,
Jim Hogg County,US.TX.JG,111,3,
Beaverhead County,US.MT.BE,110,1,
Hancock County,US.TN.HC,110,3,
Madison County,US.VA.MD,110,3,
Monroe County,US.OH.ME,110,18,
Duchesne County,US.UT.DU,109,1,
Gladwin County,US.MI.GL,109,2,
Ford County,US.IL.FO,109,5,
Charlevoix County,US.MI.CV,109,3,
Pierce County,US.NE.PI,109,8,
Greer County,US.OK.GE,109,8,
Hampshire County,US.WV.HM,109,1,
Socorro County,US.NM.SO,109,6,
Lemhi County,US.ID.LM,109,0,
Greene County,US.IA.GE,109,0,
Lewis County,US.MO.LE,109,2,
Tillman County,US.OK.TI,108,2,
Lynn County,US.TX.LY,108,5,
Seneca County,US.NY.SC,108,1,
Linn County,US.MO.LN,107,1,
Goshen County,US.WY.GO,107,2,
Swisher County,US.TX.SW,107,3,
Richland County,US.MT.RI,107,2,
Nelson County,US.VA.NL,107,2,
Charlotte County,US.VA.CT,107,0,
Morgan County,US.UT.MN,107,0,
Lexington city,US.VA.LX,107,1,
Caldwell County,US.MO.CW,107,1,
Park County,US.MT.PA,106,0,
Issaquena County,US.MS.IS,106,3,
Union County,US.IN.UN,105,0,
Scott County,US.KS.SC,105,1,
Garza County,US.TX.GR,105,4,
Cumberland County,US.VA.CU,105,2,
Schley County,US.GA.SY,105,2,
Marion County,US.AR.MN,105,0,
Hamlin County,US.SD.HM,104,0,
Cumberland County,US.KY.CU,104,0,
Pope County,US.MN.PE,103,0,
Roscommon County,US.MI.RO,103,4,
Owen County,US.KY.OE,103,2,
Brown County,US.IN.BR,103,3,
Dickenson County,US.VA.DC,102,1,
Howard County,US.NE.HW,102,5,
Pendleton County,US.KY.PN,102,0,
Marion County,US.KS.MN,102,1,
San Miguel County,US.NM.SM,101,0,
Osceola County,US.MI.OE,101,0,
Moody County,US.SD.MO,101,0,
Hidalgo County,US.NM.HI,101,2,
Kearny County,US.KS.KE,100,1,
Knox County,US.TX.KX,100,8,
Powell County,US.KY.PO,100,0,
Bottineau County,US.ND.BT,100,4,
Kingman County,US.KS.KM,100,1,
Edmunds County,US.SD.ED,100,0,
Montgomery County,US.IA.MG,100,5,
Otero County,US.CO.OT,100,6,
Menominee County,US.WI.MN,99,0,
Florence County,US.WI.FL,99,2,
Gallatin County,US.KY.GL,99,8,
Rooks County,US.KS.RO,99,0,
Baker County,US.OR.BA,99,2,
Fall River County,US.SD.FL,99,4,
Lake County,US.CO.LK,99,0,
Jerauld County,US.SD.JE,99,1,
Box Butte County,US.NE.BX,98,1,
Valley County,US.ID.VA,97,1,
Presidio County,US.TX.PS,97,7,
Valley County,US.MT.VA,97,1,
Russell County,US.KS.RS,97,1,
Holt County,US.NE.HT,97,1,
Callahan County,US.TX.AL,97,3,
Pembina County,US.ND.PE,97,0,
Custer County,US.NE.CU,97,4,
Clarke County,US.VA.CK,97,1,
Major County,US.OK.MJ,96,1,
Rio Grande County,US.CO.RG,96,2,
Carter County,US.MO.CR,96,2,
Magoffin County,US.KY.MF,96,0,
Dixon County,US.NE.DI,96,2,
Lincoln County,US.ID.LI,95,0,
Mitchell County,US.TX.MH,94,1,
Prowers County,US.CO.PR,94,0,
Antelope County,US.NE.AN,94,1,
Bon Homme County,US.SD.BH,94,1,
San Miguel County,US.CO.SM,94,0,
Corson County,US.SD.CO,93,1,
Venango County,US.PA.VE,93,1,
Douglas County,US.SD.DO,93,1,
Washita County,US.OK.WT,93,0,
Cheboygan County,US.MI.CY,93,2,
Breathitt County,US.KY.BT,92,0,
Ness County,US.KS.NS,92,6,
Audubon County,US.IA.AU,92,1,
Hardy County,US.WV.HD,92,1,
Upshur County,US.WV.UP,91,0,
Kalkaska County,US.MI.KK,91,4,
Livingston County,US.KY.LV,91,1,
Aitkin County,US.MN.AI,91,1,
Hancock County,US.KY.HC,90,0,
Cedar County,US.NE.CA,90,0,
Bath County,US.KY.BH,90,1,
Perry County,US.AR.PY,90,0,
McDowell County,US.WV.MC,90,0,
Giles County,US.VA.GI,90,0,
McHenry County,US.ND.MH,90,1,
Day County,US.SD.DY,89,0,
Buena Vista city,US.VA.BE,89,1,
Windsor County,US.VT.WS,89,2,
Wayne County,US.IA.WY,89,3,
Eddy County,US.ND.ED,89,3,
Boone County,US.NE.BO,88,0,
Deuel County,US.SD.DU,88,0,
Crosby County,US.TX.CB,88,3,
Reagan County,US.TX.RG,88,6,
Alexander County,US.IL.AL,87,1,
Montgomery County,US.MO.MM,87,1,
Maries County,US.MO.MS,87,0,
Monroe County,US.MO.MR,87,1,
Benton County,US.IN.BE,87,0,
Archer County,US.TX.AC,87,1,
Pacific County,US.WA.PA,86,3,
Somerset County,US.ME.SO,86,8,
Schoharie County,US.NY.SO,85,2,
Fleming County,US.KY.FE,85,0,
Jefferson County,US.MT.JE,84,0,
Kane County,US.UT.KA,84,1,
Sutton County,US.TX.ST,84,3,
Addison County,US.VT.AD,84,2,
Rice County,US.KS.RC,84,1,
Baker County,US.GA.BR,84,4,
Carlisle County,US.KY.CE,84,1,
Charles City County,US.VA.CC,83,5,
Benzie County,US.MI.BE,83,2,
Big Stone County,US.MN.BI,83,0,
Ransom County,US.ND.RN,83,0,
Grand County,US.CO.GR,83,1,
Merrick County,US.NE.ME,83,1,
Linn County,US.KS.LN,83,0,
Barbour County,US.WV.BB,83,1,
Holt County,US.MO.HL,82,1,
Manistee County,US.MI.ME,82,3,
McLean County,US.KY.ML,82,1,
Stillwater County,US.MT.ST,82,2,
Sabine County,US.TX.SB,82,8,
Burt County,US.NE.BT,82,1,
Chase County,US.KS.CS,82,1,
Martin County,US.KY.MI,82,3,
Leslie County,US.KY.LS,81,0,
Matthews County,US.VA.MT,81,0,
Tioga County,US.PA.TI,81,3,
Clay County,US.NE.CL,81,0,
Yukon-Koyukuk Census Area,US.AK.YU,81,2,
Kit Carson County,US.CO.KT,81,3,
Chippewa County,US.MI.CP,81,0,
Dukes County,US.MA.DU,80,0,
Scott County,US.IL.SO,80,0,
Anderson County,US.KS.AN,80,0,
Valdez-Cordova Census Area,US.AK.VA,79,0,
Kiowa County,US.OK.KO,79,2,
Clay County,US.TX.CY,79,2,
Coleman County,US.TX.CM,79,4,
Sargent County,US.ND.SG,79,0,
Ohio County,US.IN.OH,79,7,
Nome Census Area,US.AK.NM,79,0,
Morrill County,US.NE.MO,79,0,
Alleghany County,US.VA.AL,79,4,
Lyon County,US.KY.LY,78,4,
Hickman County,US.KY.HA,78,1,
Mason County,US.TX.MA,78,2,
Wyoming County,US.PA.WM,78,8,
Washington County,US.VT.WA,78,2,
Dawson County,US.MT.DW,78,1,
Martin County,US.TX.MT,77,6,
Torrance County,US.NM.TO,77,1,
Faulk County,US.SD.FU,76,1,
Mariposa County,US.CA.MP,76,2,
Gallatin County,US.IL.GA,76,2,
Lac Qui Parle County,US.MN.LC,76,2,
McIntosh County,US.ND.MI,76,3,
Adair County,US.IA.AI,76,1,
Lander County,US.NV.LA,76,1,
Quay County,US.NM.QU,75,2,
Poquoson city,US.VA.PQ,75,2,
Dade County,US.MO.DD,75,0,
Wilkin County,US.MN.WL,75,3,
Waldo County,US.ME.WL,75,14,
King and Queen County,US.VA.KA,75,1,
Garrett County,US.MD.GA,75,1,
Alfalfa County,US.OK.AL,75,0,
Childress County,US.TX.CD,75,0,
Hemphill County,US.TX.HH,74,0,
Pratt County,US.KS.PR,74,0,
Hamilton County,US.IL.HM,74,2,
Nelson County,US.ND.NE,74,0,
Wadena County,US.MN.WD,74,0,
LaMoure County,US.ND.LA,74,0,
Crowley County,US.CO.CR,74,1,
Rusk County,US.WI.RU,73,1,
Arenac County,US.MI.AR,73,3,
Elk County,US.PA.EL,73,2,
Clark County,US.MO.CK,73,0,
Henderson County,US.IL.HD,72,0,
Rains County,US.TX.RI,72,4,
Boise County,US.ID.BS,72,2,
Crane County,US.TX.CR,72,2,
Wabaunsee County,US.KS.WB,72,1,
Custer County,US.ID.CU,71,1,
Falls Church city,US.VA.FU,71,7,
Coal County,US.OK.CL,71,0,
Antrim County,US.MI.AN,71,0,
Jefferson County,US.WA.JE,71,0,
St. Clair County,US.MO.SC,71,0,
Cloud County,US.KS.CD,71,1,
Switzerland County,US.IN.SW,71,0,
Edwards County,US.IL.EW,70,0,
Shelby County,US.MO.SB,70,1,
Pepin County,US.WI.PE,70,0,
Renville County,US.ND.RE,70,1,
Brown County,US.IL.BR,70,0,
Haskell County,US.TX.HK,69,2,
Mackinac County,US.MI.MK,69,0,
Bennett County,US.SD.BN,69,3,
Logan County,US.ND.LO,69,0,
Trimble County,US.KY.TM,69,0,
Sagadahoc County,US.ME.SA,69,0,
Cotton County,US.OK.CT,69,3,
Ogemaw County,US.MI.OG,69,5,
Dewey County,US.OK.DW,69,1,
Polk County,US.NE.PO,68,1,
Pend Oreille County,US.WA.PE,68,0,
Harrison County,US.OH.HR,68,3,
Cheyenne County,US.KS.CN,68,0,
Decatur County,US.IA.DC,67,0,
Hettinger County,US.ND.HE,67,0,
Edwards County,US.TX.ED,67,2,
Fisher County,US.TX.FH,67,3,
Fergus County,US.MT.FE,67,1,
Washington County,US.CO.WA,67,0,
Stanton County,US.KS.ST,67,2,
San Saba County,US.TX.SS,66,0,
Rush County,US.KS.RH,66,0,
Donley County,US.TX.DO,66,1,
Foster County,US.ND.FO,66,0,
Sherman County,US.TX.SN,66,1,
White Pine County,US.NV.WH,66,1,
Franklin County,US.NY.FR,66,1,
Skamania County,US.WA.SM,65,1,
Missaukee County,US.MI.MU,65,1,
Johnson County,US.NE.JO,65,0,
Morgan County,US.KY.MG,65,0,
Keith County,US.NE.KT,65,0,
Grant County,US.MN.GR,65,4,
Calhoun County,US.IL.CH,64,0,
Wilson County,US.KS.WL,64,2,
Rappahannock County,US.VA.RP,64,2,
Putnam County,US.IL.PT,64,0,
Yates County,US.NY.YA,64,6,
Big Horn County,US.WY.BI,64,2,
Bland County,US.VA.BL,64,5,
Ziebach County,US.SD.ZI,63,0,
Aurora County,US.SD.AU,63,0,
Crook County,US.OR.CR,63,1,
Franklin County,US.ME.FR,62,1,
Allen County,US.KS.AL,61,1,
Beaver County,US.OK.BA,61,0,
Wetzel County,US.WV.WT,61,0,
Lake County,US.MN.LE,61,0,
Kingsbury County,US.SD.KI,61,0,
Richardson County,US.NE.RI,60,1,
Norman County,US.MN.NR,60,0,
McKean County,US.PA.MC,60,2,
Griggs County,US.ND.GI,60,1,
Roger Mills County,US.OK.RR,59,1,
Pocahontas County,US.WV.PO,59,0,
Mills County,US.TX.MS,59,0,
Kauai County,US.HI.KU,59,0,
Lamoille County,US.VT.LA,59,1,
Grand County,US.UT.GR,59,1,
Stafford County,US.KS.SF,59,1,
Boundary County,US.ID.BD,59,1,
Greenlee County,US.AZ.GE,59,2,
Fillmore County,US.NE.FI,58,1,
Ellsworth County,US.KS.EW,58,0,
Lawrence County,US.KY.LC,58,0,
Morgan County,US.WV.MA,58,0,
Ballard County,US.KY.BA,58,1,
Ottawa County,US.KS.OT,58,0,
Park County,US.CO.PA,58,1,
Sullivan County,US.NH.SU,58,1,
Pondera County,US.MT.PN,58,0,
Woodruff County,US.AR.WO,57,0,
Kidder County,US.ND.KI,56,0,
Summers County,US.WV.SU,56,0,
Stark County,US.IL.SA,56,2,
Cavalier County,US.ND.CV,55,0,
Culberson County,US.TX.UL,55,2,
Roane County,US.WV.RO,55,2,
Iron County,US.MO.IR,55,0,
Hancock County,US.ME.HA,54,1,
Archuleta County,US.CO.AC,54,0,
Marshall County,US.MN.MS,54,1,
Coke County,US.TX.OK,54,3,
Pendleton County,US.WV.PE,53,1,
Ringgold County,US.IA.RI,53,2,
Knox County,US.MO.KN,53,1,
Cochran County,US.TX.CC,53,1,
Grant County,US.OK.GN,53,1,
Menifee County,US.KY.ME,53,0,
Schuyler County,US.IL.SU,53,0,
Clearwater County,US.ID.CE,53,0,
Tillamook County,US.OR.TI,53,0,
Golden Valley County,US.ND.GO,53,0,
Schleicher County,US.TX.SH,53,2,
Atchison County,US.MO.AT,53,0,
Sitka City and Borough,US.AK.SI,53,0,
Hand County,US.SD.HD,53,0,
Chariton County,US.MO.CI,52,0,
Cherry County,US.NE.CH,52,4,
Hudspeth County,US.TX.HU,52,3,
Clay County,US.KS.CY,52,2,
Clark County,US.KS.CA,52,1,
Sheridan County,US.NE.SD,52,0,
Fulton County,US.PA.FU,52,2,
Nance County,US.NE.NA,51,0,
Morgan County,US.OH.MA,51,0,
Lincoln County,US.WA.LI,51,1,
Edwards County,US.KS.ED,51,0,
Lewis County,US.NY.LE,50,5,
Plumas County,US.CA.PU,50,0,
Garfield County,US.UT.GA,50,2,
Dickens County,US.TX.DC,50,2,
Mahnomen County,US.MN.MH,50,1,
Ketchikan Gateway Borough,US.AK.KG,50,0,
Republic County,US.KS.RP,49,1,
Greenwood County,US.KS.GW,49,0,
Noble County,US.OH.NO,48,0,
Sanders County,US.MT.SA,48,1,
Vinton County,US.OH.VI,48,3,
Wheeler County,US.TX.WL,48,0,
Gilmer County,US.WV.GI,48,0,
Schuyler County,US.NY.SU,47,0,
Crook County,US.WY.CK,47,0,
Brown County,US.NE.BW,47,0,
Lincoln County,US.ME.LI,47,1,
Potter County,US.SD.PO,47,0,
Sweet Grass County,US.MT.SW,47,2,
Sierra County,US.NM.SI,47,1,
Marshall County,US.SD.MS,46,0,
Kinney County,US.TX.KN,46,1,
Alcona County,US.MI.AC,46,2,
Hamilton County,US.KS.HM,46,0,
Harmon County,US.OK.HM,46,0,
Mitchell County,US.KS.MC,46,0,
Red Willow County,US.NE.RE,46,0,
Bear Lake County,US.ID.BK,46,1,
Rock County,US.NE.RO,45,1,
Valley County,US.NE.VA,45,0,
Red Lake County,US.MN.RD,45,1,
Jefferson County,US.OK.JE,44,0,
Stanley County,US.SD.ST,44,0,
Emery County,US.UT.EM,44,0,
Rawlins County,US.KS.RA,44,0,
Warren County,US.PA.WR,44,1,
Hanson County,US.SD.HS,44,1,
Clark County,US.SD.CK,44,0,
Stanton County,US.NE.ST,43,0,
Webster County,US.GA.WT,43,2,
Warren County,US.IN.WN,43,1,
Moffat County,US.CO.MF,43,1,
Perkins County,US.SD.PR,43,0,
Aroostook County,US.ME.AR,43,1,
Bowman County,US.ND.BW,43,0,
Ontonagon County,US.MI.ON,43,0,
Cheyenne County,US.NE.CY,43,0,
Wolfe County,US.KY.WL,42,0,
Elliott County,US.KY.EL,42,0,
Sherman County,US.KS.SH,42,0,
Johnson County,US.WY.JO,42,1,
Knox County,US.ME.KN,42,1,
Owsley County,US.KY.OS,42,1,
Bracken County,US.KY.BK,41,0,
Gosper County,US.NE.GO,41,0,
Morris County,US.KS.MR,41,0,
Beaver County,US.UT.BV,40,0,
Clear Creek County,US.CO.CL,40,1,
Furnas County,US.NE.FU,40,2,
Hardin County,US.IL.HI,40,0,
Glascock County,US.GA.GS,39,2,
Baraga County,US.MI.BA,39,2,
Nicholas County,US.KY.NI,39,1,
Wells County,US.ND.WE,39,0,
Blaine County,US.MT.BL,38,0,
Adams County,US.IA.AM,38,0,
Platte County,US.WY.PL,38,1,
Trego County,US.KS.TR,38,1,
Lewis County,US.WV.LE,38,2,
Hot Springs County,US.WY.HO,38,0,
Conejos County,US.CO.CN,37,0,
Clay County,US.WV.CY,37,2,
Jackson County,US.SD.JA,37,1,
Musselshell County,US.MT.MU,37,1,
Campbell County,US.SD.CP,37,0,
Camas County,US.ID.CM,37,0,
Reynolds County,US.MO.RE,37,0,
Tucker County,US.WV.TU,37,0,
McPherson County,US.SD.MP,37,0,
Gove County,US.KS.GO,37,0,
Colfax County,US.NM.CO,36,1,
Lake County,US.MI.LK,36,0,
Pierce County,US.ND.PI,36,0,
Calhoun County,US.AR.CA,36,0,
Traverse County,US.MN.TR,36,0,
Graham County,US.KS.GH,35,1,
Scotland County,US.MO.SO,35,1,
Clark County,US.ID.CA,35,0,
Lewis County,US.ID.LW,35,1,
Burke County,US.ND.BK,35,1,
Norton city,US.VA.NC,35,0,
Norton County,US.KS.NT,35,0,
Hall County,US.TX.HA,34,1,
Clearwater County,US.MN.CE,34,0,
Jefferson County,US.NE.JE,34,0,
Perkins County,US.NE.PE,34,10,
Wallowa County,US.OR.WW,34,1,
Quitman County,US.GA.QU,34,1,
Guadalupe County,US.NM.GU,34,1,
Caledonia County,US.VT.CA,34,0,
Phillips County,US.CO.PH,33,0,
Franklin County,US.NE.FA,33,0,
Butte County,US.ID.BT,33,0,
Lake County,US.OR.LK,33,0,
Sanborn County,US.SD.SA,33,0,
Los Alamos County,US.NM.LO,33,0,
Greeley County,US.NE.GE,32,0,
Curry County,US.OR.CU,32,0,
Chouteau County,US.MT.CH,32,0,
Oscoda County,US.MI.OO,32,1,
Costilla County,US.CO.CS,32,1,
Covington city,US.VA.CV,32,0,
Mellette County,US.SD.ML,32,0,
Lipscomb County,US.TX.LM,32,1,
Prince of Wales-Hyder Census Area,US.AK.PH,31,0,
Union County,US.NM.UN,31,2,
Thayer County,US.NE.TA,31,0,
Craig County,US.VA.CG,31,0,
Schoolcraft County,US.MI.SR,31,0,
Potter County,US.PA.PO,30,0,
Hardeman County,US.TX.RD,30,0,
Pope County,US.IL.PE,30,1,
Putnam County,US.MO.PN,30,1,
Grant County,US.ND.GT,30,1,
Ferry County,US.WA.FE,30,0,
Marshall County,US.KS.MS,30,0,
Harper County,US.OK.HP,30,1,
Boyd County,US.NE.BY,30,0,
Teton County,US.MT.TE,29,0,
San Juan County,US.WA.SA,29,0,
Carson County,US.TX.CN,29,0,
Adams County,US.ID.AM,29,2,
Steele County,US.ND.SE,29,0,
Delta County,US.TX.DT,29,0,
Logan County,US.KS.LG,29,0,
Cottle County,US.TX.OT,29,3,
Mercer County,US.MO.MC,29,0,
Meagher County,US.MT.ME,29,2,
Haakon County,US.SD.HA,28,1,
Ouray County,US.CO.OU,28,1,
Kiowa County,US.KS.KW,28,0,
Sheridan County,US.KS.SD,28,0,
Doddridge County,US.WV.DO,28,1,
Lake and Peninsula Borough,US.AK.LA,28,0,
Southeast Fairbanks Census Area,US.AK.SO,28,0,
Shackelford County,US.TX.SC,28,0,
Cimarron County,US.OK.CO,27,0,
Schuyler County,US.MO.SH,27,0,
Menard County,US.TX.EN,27,0,
Miner County,US.SD.ME,27,0,
Presque Isle County,US.MI.PR,27,1,
Sherman County,US.NE.SM,27,2,
Kodiak Island Borough,US.AK.KO,26,0,
Rio Blanco County,US.CO.RB,26,0,
Oneida County,US.ID.ON,26,0,
Adams County,US.ND.AD,26,0,
Harlan County,US.NE.HR,25,0,
Chase County,US.NE.CE,25,0,
Orange County,US.VT.OA,25,0,
Las Animas County,US.CO.LS,25,0,
Calhoun County,US.WV.CH,25,0,
Upton County,US.TX.UP,25,2,
Decatur County,US.KS.DC,25,1,
Lake of the Woods County,US.MN.LO,24,1,
McMullen County,US.TX.MM,24,1,
Huerfano County,US.CO.HU,24,1,
Hodgeman County,US.KS.HG,24,0,
Hoonah-Angoon Census Area,US.AK.HH,24,0,
Oliver County,US.ND.OL,24,0,
McCone County,US.MT.MC,23,0,
Woodson County,US.KS.WO,23,0,
Granite County,US.MT.GN,22,0,
Pershing County,US.NV.PE,22,0,
Washington County,US.KS.WS,22,0,
Taliaferro County,US.GA.TA,22,0,
Coos County,US.NH.CO,22,0,
Towner County,US.ND.TO,22,0,
Orleans County,US.VT.OL,21,0,
Alger County,US.MI.AG,21,0,
Worth County,US.MO.WO,20,0,
Baylor County,US.TX.BR,20,1,
Hyde County,US.SD.HY,20,0,
Powder River County,US.MT.PD,20,0,
Wheatland County,US.MT.WH,20,1,
Mineral County,US.CO.MI,20,0,
Liberty County,US.MT.LB,20,0,
Rich County,US.UT.RH,19,0,
Kimball County,US.NE.KB,19,0,
Collingsworth County,US.TX.CG,19,0,
Chautauqua County,US.KS.CQ,19,0,
Sheridan County,US.MT.SH,19,0,
Pawnee County,US.NE.PA,19,0,
Gilpin County,US.CO.GI,19,0,
Wallace County,US.KS.WA,19,0,
Garfield County,US.MT.GF,18,0,
Baca County,US.CO.BA,18,0,
Sherman County,US.OR.SH,18,0,
Webster County,US.NE.WE,18,0,
Oldham County,US.TX.OL,18,1,
Lee County,US.KY.LE,18,0,
Custer County,US.CO.CU,18,0,
Pleasants County,US.WV.PL,18,3,
Broadwater County,US.MT.BR,18,0,
Morton County,US.KS.MT,17,2,
Jones County,US.SD.JO,17,0,
Jewell County,US.KS.JW,17,1,
Nuckolls County,US.NE.NU,17,0,
Stonewall County,US.TX.SA,16,1,
Bath County,US.VA.BA,16,0,
Billings County,US.ND.BI,16,0,
Washington County,US.ME.WS,16,0,
Tyler County,US.WV.TY,16,0,
Kimble County,US.TX.KM,16,1,
Grand Isle County,US.VT.GR,16,0,
Trinity County,US.CA.TR,16,0,
Sedgwick County,US.CO.SE,15,1,
Montmorency County,US.MI.MR,15,0,
Sheridan County,US.ND.SH,15,0,
Forest County,US.PA.FO,15,0,
Hamilton County,US.NY.HA,15,1,
Lane County,US.KS.LE,14,0,
Sully County,US.SD.SU,14,0,
Briscoe County,US.TX.BO,14,1,
Jeff Davis County,US.TX.JF,14,0,
Cheyenne County,US.CO.CE,14,0,
Lincoln County,US.KS.LC,14,0,
Kusilvak Census Area,US.AK.WA,14,0,
Columbia County,US.WA.CM,14,1,
Mineral County,US.NV.MI,13,0,
Luce County,US.MI.LU,13,0,
Hooker County,US.NE.HO,13,1,
Wrangell City and Borough,US.AK.WG,13,0,
Garfield County,US.WA.GF,13,0,
Braxton County,US.WV.BX,13,0,
Sullivan County,US.PA.SL,13,0,
Ellis County,US.OK.EL,13,0,
Lincoln County,US.CO.LI,13,0,
Ritchie County,US.WV.RI,13,0,
Foard County,US.TX.FD,13,0,
Armstrong County,US.TX.AM,13,1,
Dundy County,US.NE.DY,12,1,
Powell County,US.MT.PL,12,0,
Robertson County,US.KY.RB,12,0,
Comanche County,US.KS.CM,12,0,
Harney County,US.OR.HA,12,0,
Modoc County,US.CA.MC,12,0,
Kittson County,US.MN.KI,12,0,
Wirt County,US.WV.WI,12,0,
Garden County,US.NE.GD,11,0,
Garfield County,US.NE.GF,11,0,
Slope County,US.ND.SL,11,0,
Bent County,US.CO.BE,11,0,
Osborne County,US.KS.OB,11,0,
Keweenaw County,US.MI.KW,11,0,
Roberts County,US.TX.RS,11,0,
Eureka County,US.NV.EU,10,0,
Storey County,US.NV.ST,10,0,
Irion County,US.TX.IR,10,0,
Grant County,US.OR.GR,10,0,
Dillingham Census Area,US.AK.DI,9,0,
Motley County,US.TX.MY,9,0,
Catron County,US.NM.CA,9,1,
Glasscock County,US.TX.GC,9,0,
Kent County,US.TX.KT,9,0,
Greeley County,US.KS.GL,9,0,
Piscataquis County,US.ME.PI,9,0,
Piute County,US.UT.PT,9,0,
Jackson County,US.CO.JA,9,0,
Wibaux County,US.MT.WI,9,0,
Barber County,US.KS.AB,9,0,
Denali Borough,US.AK.DE,9,0,
Cameron County,US.PA.CE,8,0,
Judith Basin County,US.MT.JU,8,0,
Hitchcock County,US.NE.HI,8,0,
Aleutians West Census Area,US.AK.AW,8,0,
Divide County,US.ND.DV,8,1,
Gilliam County,US.OR.GI,8,0,
Throckmorton County,US.TX.TH,8,2,
Fallon County,US.MT.FA,8,0,
Smith County,US.KS.SM,8,0,
Frontier County,US.NE.FO,8,0,
Sioux County,US.NE.SI,7,0,
Cook County,US.MN.CO,7,0,
Highland County,US.VA.HA,7,0,
Petersburg Census Area,US.AK.PB,7,1,
Webster County,US.WV.WB,7,0,
Kenedy County,US.TX.KE,7,2,
Mora County,US.NM.MO,7,0,
Lincoln County,US.NV.LI,7,0,
Wahkiakum County,US.WA.WH,6,0,
Sierra County,US.CA.SE,6,0,
Carter County,US.MT.CT,6,0,
McPherson County,US.NE.MC,6,0,
Essex County,US.VT.ES,6,0,
Elk County,US.KS.EK,6,0,
Daniels County,US.MT.DN,6,0,
San Juan County,US.CO.SJ,6,0,
Logan County,US.NE.LG,6,0,
Sterling County,US.TX.SI,5,0,
Thomas County,US.NE.TO,5,0,
Wichita County,US.KS.WH,5,0,
Haines Borough,US.AK.HA,5,0,
Keya Paha County,US.NE.KY,5,0,
Golden Valley County,US.MT.GO,5,0,
Mineral County,US.MT.MN,5,0,
Deuel County,US.NE.DL,4,0,
Prairie County,US.MT.PR,4,0,
Niobrara County,US.WY.NI,4,0,
Harding County,US.SD.HR,4,0,
Aleutians East Borough,US.AK.AE,3,0,
Treasure County,US.MT.TR,3,0,
Loup County,US.NE.LU,3,0,
Hinsdale County,US.CO.HI,3,0,
Terrell County,US.TX.TL,3,0,
Dolores County,US.CO.DO,3,0,
Banner County,US.NE.BA,2,0,
Wayne County,US.UT.WE,2,0,
Alpine County,US.CA.AP,2,0,
De Baca County,US.NM.DE,1,0,
Harding County,US.NM.HA,1,0,
Wheeler County,US.NE.WH,1,0,
Daggett County,US.UT.DG,1,0,
Blaine County,US.NE.BL,1,0,
Kiowa County,US.CO.KO,1,0,
Arthur County,US.NE.AR,1,0,
Borden County,US.TX.BD,1,0,
Grant County,US.NE.GA,1,0,
Kalawao County,US.HI.KL,0,0,
Hayes County,US.NE.HY,0,0,
Bristol Bay Borough,US.AK.BR,0,0,
Skagway Municipality,US.AK.SW,0,0,
King County,US.TX.KG,0,0,
Wheeler County,US.OR.WE,0,0,
Loving County,US.TX.LI,0,0,
Yakutat City and Borough,US.AK.YA,0,0,
Petroleum County,US.MT.PO,0,0,
Esmeralda County,US.NV.ES,0,0,
