County,hasc,confirmed,death,recovered
Los Angeles County,US.CA.LO,247542,6000,
Miami-Dade County,US.FL.DA,161018,2650,
Maricopa County,US.AZ.MA,135856,3088,
Cook County,US.IL.CO,130616,5092,
Harris County,US.TX.RR,109834,2327,
Broward County,US.FL.BO,73112,1215,
Dallas County,US.TX.DS,73055,1002,
Queens County,US.NY.QU,70549,7234,
Kings County,US.NY.KI,65540,7293,
Clark County,US.NV.CL,60819,1203,
Riverside County,US.CA.RI,53987,1067,
Bronx County,US.NY.BN,51860,4918,
Orange County,US.CA.OR,49509,1051,
San Bernardino County,US.CA.SA,49325,765,
Bexar County,US.TX.BX,47315,1159,
Suffolk County,US.NY.SF,45200,2006,
Nassau County,US.NY.NA,45115,2198,
Palm Beach County,US.FL.PL,42905,1162,
San Diego County,US.CA.SD,40342,704,
Tarrant County,US.TX.TN,39973,636,
Hillsborough County,US.FL.HL,38262,559,
Westchester County,US.NY.WE,37205,1452,
Orange County,US.FL.OR,36966,387,
New York County,US.NY.NE,32372,3172,
Wayne County,US.MI.WY,31958,2896,
Kern County,US.CA.KE,30040,296,
Philadelphia County,US.PA.PH,29776,1773,
Hidalgo County,US.TX.HG,28369,1244,
Middlesex County,US.MA.MI,27823,2082,
Shelby County,US.TN.SY,27631,400,
Duval County,US.FL.DU,27544,270,
Prince George's County,US.MD.PR,26858,801,
Travis County,US.TX.TV,26854,380,
Fresno County,US.CA.FR,26147,312,
Mecklenburg County,US.NC.MB,26128,309,
Fulton County,US.GA.FU,25540,541,
Gwinnett County,US.GA.GW,25019,356,
Milwaukee County,US.WI.MU,24706,502,
Salt Lake County,US.UT.SL,24584,235,
Hennepin County,US.MN.HE,24026,889,
Davidson County,US.TN.DA,24001,264,
Suffolk County,US.MA.SU,23712,1110,
Franklin County,US.OH.FR,22935,565,
Pima County,US.AZ.PM,21834,596,
Bergen County,US.NJ.BE,21755,2037,
Cameron County,US.TX.CA,21563,812,
El Paso County,US.TX.EP,20850,459,
Montgomery County,US.MD.MO,20500,823,
Essex County,US.NJ.ES,20488,2120,
Pinellas County,US.FL.PI,20355,671,
Hudson County,US.NJ.HD,20243,1511,
King County,US.WA.KN,20166,736,
St. Louis County,US.MO.SL,19596,741,
Marion County,US.IN.MO,19240,801,
Alameda County,US.CA.AA,19131,299,
Lee County,US.FL.LE,19099,438,
Fairfield County,US.CT.FA,19031,1415,
Essex County,US.MA.ES,19010,1251,
Fairfax County,US.VA.FX,18876,562,
Sacramento County,US.CA.SC,18813,327,
Middlesex County,US.NJ.MI,18553,1419,
Oakland County,US.MI.OD,18513,1171,
Passaic County,US.NJ.PA,18484,1248,
Santa Clara County,US.CA.SL,18423,257,
San Joaquin County,US.CA.SJ,18099,368,
Polk County,US.FL.PO,17693,468,
Cobb County,US.GA.CB,17595,401,
Union County,US.NJ.UN,17196,1353,
Jefferson County,US.AL.JE,17171,312,
Providence County,US.RI.PR,17107,845,
DeKalb County,US.GA.DA,17004,313,
Jefferson Parish,US.LA.JF,16678,553,
Cuyahoga County,US.OH.CU,16190,599,
Baltimore County,US.MD.BC,16081,608,
Wake County,US.NC.WK,15655,210,
Jackson County (including other portions of Kansas City),US.MO.JC,15587,160,
Richmond County,US.NY.RI,15393,1085,
Stanislaus County,US.CA.ST,15277,282,
DuPage County,US.IL.DU,15247,539,
Nueces County,US.TX.NU,15181,299,
Lake County,US.IL.LK,15151,473,
Fort Bend County,US.TX.FR,15100,247,
Baltimore City,US.MD.BA,14767,469,
Tulare County,US.CA.TL,14677,243,
Contra Costa County,US.CA.CN,14527,186,
Charleston County,US.SC.CS,14391,246,
Rockland County,US.NY.RO,14382,508,
Worcester County,US.MA.WO,14282,1059,
Washington,US.DC.DI,14238,611,
Tulsa County,US.OK.TU,14123,139,
Oklahoma County,US.OK.OL,14107,165,
East Baton Rouge Parish,US.LA.EB,14089,420,
Douglas County,US.NE.DG,13903,161,
Polk County,US.IA.PK,13877,240,
New Haven County,US.CT.NH,13793,1109,
Hartford County,US.CT.HA,13635,1426,
Macomb County,US.MI.MB,13190,982,
Jefferson County,US.KY.JF,12818,274,
Mobile County,US.AL.MB,12536,270,
Greenville County,US.SC.GV,12524,267,
Yuma County,US.AZ.YU,12311,330,
Will County,US.IL.WL,12189,361,
Richland County,US.SC.RI,12152,203,
Collier County,US.FL.CL,11951,182,
Webb County,US.TX.WB,11828,201,
Orleans Parish,US.LA.OR,11816,578,
Hamilton County,US.OH.HM,11663,289,
Kane County,US.IL.KE,11660,316,
Ada County,US.ID.AA,11558,129,
Utah County,US.UT.UT,11525,50,
Orange County,US.NY.OE,11504,410,
Escambia County,US.FL.ES,11482,193,
Osceola County,US.FL.OS,11472,133,
Ocean County,US.NJ.OC,11427,1030,
Collin County,US.TX.CI,11424,117,
Denver County,US.CO.DN,11417,429,
Montgomery County,US.PA.MG,11300,863,
Prince William County,US.VA.PW,11125,188,
Norfolk County,US.MA.NO,11084,1022,
Imperial County,US.CA.IM,11041,296,
Yakima County,US.WA.YA,11034,243,
Ventura County,US.CA.VE,10943,118,
Monmouth County,US.NJ.MN,10890,859,
Galveston County,US.TX.GV,10780,144,
Allegheny County,US.PA.AL,10709,325,
Manatee County,US.FL.MN,10633,266,
Delaware County,US.PA.DE,10581,728,
Denton County,US.TX.DN,10514,136,
Erie County,US.NY.ER,10212,607,
Pinal County,US.AZ.PN,9939,188,
Bristol County,US.MA.BR,9892,662,
San Francisco County,US.CA.SF,9839,86,
Volusia County,US.FL.VO,9735,196,
Plymouth County,US.MA.PL,9688,746,
Brazoria County,US.TX.BI,9642,146,
Ramsey County,US.MN.RA,9574,302,
Horry County,US.SC.HO,9562,188,
Lake County,US.IN.LK,9490,316,
Camden County,US.NJ.CM,9292,593,
Montgomery County,US.TX.MG,9164,133,
Marion County,US.FL.MI,8794,212,
Honolulu County,US.HI.HO,8765,72,
Anne Arundel County,US.MD.AN,8699,240,
Johnson County,US.KS.JO,8695,121,
Kent County,US.MI.KN,8678,170,
San Mateo County,US.CA.SM,8617,135,
Lubbock County,US.TX.LU,8606,102,
New Castle County,US.DE.NE,8516,302,
Hamilton County,US.TN.HL,8427,77,
Lafayette Parish,US.LA.LY,8402,113,
Mercer County,US.NJ.ME,8401,631,
Santa Barbara County,US.CA.SB,8361,97,
Monterey County,US.CA.MT,8326,58,
Seminole County,US.FL.SE,8325,179,
Merced County,US.CA.MD,8277,120,
Pasco County,US.FL.PS,8267,183,
Arapahoe County,US.CO.AA,8241,368,
Montgomery County,US.AL.MT,8171,166,
Hall County,US.GA.HL,8118,130,
Rutherford County,US.TN.RU,8110,80,
Hampden County,US.MA.HD,8026,756,
Williamson County,US.TX.WM,8024,130,
Bucks County,US.PA.BC,8003,589,
Adams County,US.CO.AD,7703,206,
Brevard County,US.FL.BE,7598,234,
Caddo Parish,US.LA.CO,7581,328,
Washington County,US.AR.WA,7577,78,
Morris County,US.NJ.MR,7562,829,
Sedgwick County,US.KS.SG,7550,55,
Washoe County,US.NV.WA,7507,142,
Leon County,US.FL.LO,7476,39,
Calcasieu Parish,US.LA.CC,7465,193,
Pulaski County,US.AR.PU,7441,113,
Canyon County,US.ID.CN,7435,85,
Sarasota County,US.FL.SR,7378,216,
Chatham County,US.GA.CM,7355,131,
St. Lucie County,US.FL.SL,7272,244,
Guilford County,US.NC.GU,7241,171,
Durham County,US.NC.DH,7101,85,
Knox County,US.TN.KN,7053,64,
Pierce County,US.WA.PI,7039,177,
Lancaster County,US.PA.LN,7002,439,
Madison County,US.AL.MD,6818,64,
Jefferson County,US.TX.JE,6772,111,
Lake County,US.FL.LK,6754,129,
Kings County,US.CA.KI,6737,76,
McLennan County,US.TX.ML,6668,85,
Hinds County,US.MS.HI,6660,143,
Lucas County,US.OH.LU,6660,348,
Clayton County,US.GA.CN,6647,143,
Montgomery County,US.OH.MT,6565,133,
Burlington County,US.NJ.BU,6541,482,
Sonoma County,US.CA.SO,6421,93,
Dakota County,US.MN.DA,6388,114,
Forsyth County,US.NC.FO,6374,82,
Sussex County,US.DE.SU,6374,196,
Snohomish County,US.WA.SN,6343,207,
Marin County,US.CA.MN,6297,96,
Wyandotte County,US.KS.WY,6280,117,
St. Tammany Parish,US.LA.ST,6267,242,
Berks County,US.PA.BK,6261,383,
Richmond County,US.GA.RI,6233,138,
City of St. Louis,US.MO.SY,6232,195,
Multnomah County,US.OR.MU,6224,124,
Tuscaloosa County,US.AL.TU,6215,104,
Virginia Beach City,US.VA.VI,6183,71,
Loudoun County,US.VA.LD,6166,118,
El Paso County,US.CO.EL,6156,155,
St. Charles County,US.MO.SA,6076,105,
Lexington County,US.SC.LX,6052,144,
Dane County,US.WI.DA,5961,40,
Bernalillo County,US.NM.BE,5937,160,
Elkhart County,US.IN.EL,5883,103,
Chester County,US.PA.CH,5835,355,
Waukesha County,US.WI.WK,5788,78,
Brown County,US.WI.BW,5787,58,
Solano County,US.CA.SN,5671,48,
Navajo County,US.AZ.NA,5650,222,
St. Clair County,US.IL.SI,5647,175,
Benton County,US.AR.BE,5599,59,
Muscogee County,US.GA.MG,5598,149,
Ouachita Parish,US.LA.OU,5579,130,
Monroe County,US.NY.MR,5551,258,
Minnehaha County,US.SD.MN,5548,71,
Spartanburg County,US.SC.SP,5540,171,
Spokane County,US.WA.SP,5509,138,
Bibb County,US.GA.BI,5500,133,
Alachua County,US.FL.AL,5498,33,
Bay County,US.FL.BY,5491,85,
Hays County,US.TX.HY,5471,58,
Somerset County,US.NJ.SO,5451,566,
St. Joseph County,US.IN.SN,5409,101,
Allen County,US.IN.AL,5277,192,
Lehigh County,US.PA.LH,5272,345,
Chesterfield County,US.VA.CD,5251,83,
Cherokee County,US.GA.CE,5144,80,
Lee County,US.AL.LE,5101,58,
Brazos County,US.TX.BZ,5100,58,
Bell County,US.TX.BL,4987,67,
Anoka County,US.MN.AN,4979,123,
Berkeley County,US.SC.BK,4939,84,
Beaufort County,US.SC.BA,4928,71,
Dutchess County,US.NY.DU,4914,153,
Jefferson County,US.CO.JE,4911,241,
Santa Rosa County,US.FL.SA,4891,59,
DeSoto County,US.MS.DE,4870,48,
Shelby County,US.AL.SH,4865,48,
Henrico County,US.VA.HC,4757,194,
Butler County,US.OH.BU,4702,80,
Baldwin County,US.AL.BD,4686,46,
Summit County,US.OH.SU,4639,236,
St. Johns County,US.FL.SJ,4587,60,
Henry County,US.GA.HY,4567,88,
Martin County,US.FL.MT,4545,120,
Howard County,US.MD.HO,4542,117,
Fayette County,US.KY.FA,4522,57,
Williamson County,US.TN.WL,4501,30,
Norfolk City,US.VA.NF,4481,60,
York County,US.SC.YO,4470,54,
Winnebago County,US.IL.WN,4469,147,
Florence County,US.SC.FL,4464,163,
Madison County,US.IL.MD,4448,108,
Johnson County,US.IA.JH,4442,26,
Cleveland County,US.OK.CV,4405,66,
Cumberland County,US.NC.CU,4386,69,
Lancaster County,US.NE.LA,4377,21,
Okaloosa County,US.FL.OA,4361,85,
Gaston County,US.NC.GS,4283,66,
Woodbury County,US.IA.WO,4280,56,
Clay County,US.FL.CY,4251,79,
Sumner County,US.TN.SN,4246,87,
McKinley County,US.NM.MC,4239,246,
Benton County,US.WA.BE,4210,125,
Hamilton County,US.IN.HM,4184,116,
Potter County,US.TX.PT,4181,49,
Northampton County,US.PA.NA,4152,301,
Racine County,US.WI.RA,4147,91,
Weld County,US.CO.WE,4136,147,
Tangipahoa Parish,US.LA.TA,4134,104,
Union County,US.NC.UN,4126,52,
Whitfield County,US.GA.WF,4106,55,
Richmond City,US.VA.RC,4099,49,
Hillsborough County,US.NH.HI,4095,286,
Davis County,US.UT.DA,4081,25,
McHenry County,US.IL.MY,4060,116,
Genesee County,US.MI.GE,4031,305,
Franklin County,US.WA.FR,4023,58,
Marion County,US.OR.MR,4013,82,
Black Hawk County,US.IA.BL,3967,78,
Johnston County,US.NC.JH,3967,52,
Onondaga County,US.NY.OG,3964,179,
Pitt County,US.NC.PI,3953,19,
Madera County,US.CA.ME,3953,58,
Washington County,US.OR.WI,3932,49,
Chesapeake City,US.VA.CS,3899,49,
Ellis County,US.TX.EI,3888,60,
Rapides Parish,US.LA.RA,3875,135,
Luzerne County,US.PA.LU,3867,189,
Victoria County,US.TX.VI,3836,82,
Walker County,US.TX.WK,3828,48,
Cass County,US.ND.CS,3813,76,
Robeson County,US.NC.RB,3808,63,
Greene County,US.MO.GE,3807,15,
Atlantic County,US.NJ.AT,3792,252,
Gloucester County,US.NJ.GL,3783,223,
Mohave County,US.AZ.MO,3747,212,
York County,US.PA.YO,3739,130,
Dorchester County,US.SC.DO,3693,82,
Clarke County,US.GA.CK,3687,34,
Marshall County,US.AL.MS,3655,42,
Arlington County,US.VA.AR,3620,143,
Cumberland County,US.NJ.CU,3615,156,
Warren County,US.KY.WR,3600,29,
Frederick County,US.MD.FR,3591,127,
Lowndes County,US.GA.LW,3587,71,
Alexandria City,US.VA.AX,3476,62,
Harrison County,US.MS.HR,3469,62,
Livingston Parish,US.LA.LV,3457,66,
Weber County,US.UT.WB,3443,29,
Columbia County,US.FL.CU,3429,38,
Dauphin County,US.PA.DA,3429,165,
Ascension Parish,US.LA.AE,3429,92,
Stearns County,US.MN.SR,3415,22,
Smith County,US.TX.SM,3407,77,
Coconino County,US.AZ.CO,3392,127,
Cabarrus County,US.NC.CR,3391,55,
Terrebonne Parish,US.LA.TR,3385,99,
Alamance County,US.NC.AA,3379,46,
Champaign County,US.IL.CM,3371,20,
Midland County,US.TX.ID,3362,55,
Apache County,US.AZ.AP,3359,154,
Boone County,US.MO.BO,3359,6,
Anderson County,US.SC.AN,3340,129,
Maverick County,US.TX.MV,3335,92,
Lafourche Parish,US.LA.LO,3326,111,
Forsyth County,US.GA.FO,3324,36,
New Hanover County,US.NC.NE,3317,24,
Columbia County,US.GA.CI,3297,46,
Municipality of Anchorage,US.AK.AN,3245,25,
Douglas County,US.GA.DL,3238,67,
San Juan County,US.NM.SJ,3209,192,
Washington County,US.MN.WH,3203,55,
Glynn County,US.GA.GY,3172,80,
Placer County,US.CA.PA,3154,35,
Jackson County,US.MS.JC,3147,60,
Starr County,US.TX.SR,3147,140,
Linn County,US.IA.LI,3141,95,
St. Landry Parish,US.LA.SL,3141,115,
San Luis Obispo County,US.CA.SS,3074,22,
Madison County,US.MS.MD,3048,83,
Etowah County,US.AL.ET,3044,43,
Kenosha County,US.WI.KN,3039,65,
Marion County,US.OH.MR,3022,46,
Dougherty County,US.GA.DH,3010,180,
Washtenaw County,US.MI.WS,3008,114,
Jefferson County,US.MO.JE,3002,45,
Wilson County,US.TN.WO,2993,31,
Rankin County,US.MS.RA,2987,69,
Sebastian County,US.AR.SB,2983,35,
Morgan County,US.AL.MG,2982,24,
Sarpy County,US.NE.SY,2945,15,
Dona Ana County,US.NM.DO,2944,47,
Rowan County,US.NC.RW,2911,77,
Sumter County,US.SC.SU,2909,69,
Wayne County,US.NC.WY,2902,57,
Washington County,US.UT.WN,2896,23,
Ector County,US.TX.EC,2895,69,
Indian River County,US.FL.IN,2894,104,
Mahoning County,US.OH.MH,2888,272,
Orangeburg County,US.SC.OR,2881,106,
Kaufman County,US.TX.KU,2845,42,
Calhoun County,US.AL.CN,2830,39,
Acadia Parish,US.LA.AD,2828,94,
Story County,US.IA.ST,2826,16,
Albany County,US.NY.AB,2823,122,
Charlotte County,US.FL.CH,2778,116,
Bossier Parish,US.LA.BO,2776,94,
Santa Cruz County,US.AZ.SA,2773,59,
Umatilla County,US.OR.UM,2767,39,
Hernando County,US.FL.HA,2764,99,
Iberia Parish,US.LA.II,2752,87,
Houston County,US.GA.HO,2744,71,
Vanderburgh County,US.IN.VA,2725,23,
Catawba County,US.NC.CB,2701,47,
Kent County,US.DE.KE,2699,110,
Jasper County,US.MO.JS,2650,36,
Troup County,US.GA.TP,2642,90,
Saginaw County,US.MI.SG,2638,133,
Harford County,US.MD.HA,2612,72,
Buncombe County,US.NC.BO,2606,72,
Johnson County,US.TX.JH,2587,45,
Peoria County,US.IL.PI,2581,41,
Montgomery County,US.TN.MT,2576,31,
Bradley County,US.TN.BR,2569,16,
Anderson County,US.TX.AE,2554,18,
McLean County,US.IL.ML,2550,17,
Bartow County,US.GA.BT,2542,74,
Yolo County,US.CA.YO,2524,53,
Gadsden County,US.FL.GA,2522,33,
Pickaway County,US.OH.PC,2516,43,
Ottawa County,US.MI.OT,2504,64,
Suwannee County,US.FL.SW,2495,63,
Randolph County,US.NC.RA,2486,45,
Floyd County,US.GA.FL,2484,34,
Jackson County,US.FL.JA,2478,67,
Warren County,US.OH.WR,2475,42,
Hendricks County,US.IN.HD,2467,133,
Dallas County,US.IA.DL,2464,38,
Putnam County,US.TN.PU,2454,31,
Charles County,US.MD.CH,2450,94,
Iredell County,US.NC.IR,2450,24,
Newport News City,US.VA.NN,2450,28,
Comal County,US.TX.OM,2440,97,
Stark County,US.OH.ST,2439,155,
Aiken County,US.SC.AI,2432,67,
Carroll County,US.GA.CL,2424,63,
Paulding County,US.GA.PA,2423,40,
Grant County,US.WA.GN,2422,17,
Orange County,US.NC.OR,2399,51,
Ford County,US.KS.FO,2395,10,
Boulder County,US.CO.BO,2382,79,
Newton County,US.GA.NE,2375,64,
Kankakee County,US.IL.KK,2371,72,
Rock Island County,US.IL.RO,2362,63,
Pickens County,US.SC.PI,2359,36,
Yavapai County,US.AZ.YA,2354,79,
Scott County,US.IA.SC,2352,23,
Bulloch County,US.GA.BH,2336,22,
Butte County,US.CA.BU,2327,23,
Coweta County,US.GA.CA,2325,31,
Randall County,US.TX.RA,2323,31,
Lee County,US.MS.LE,2315,61,
Sevier County,US.TN.SV,2315,13,
Shawnee County,US.KS.SN,2305,23,
Elmore County,US.AL.EL,2302,47,
Oneida County,US.NY.OD,2298,120,
Citrus County,US.FL.CI,2297,64,
Clark County,US.WA.CR,2283,57,
Davidson County,US.NC.DD,2277,32,
Portsmouth City,US.VA.PR,2277,43,
Kootenai County,US.ID.KO,2263,30,
Houston County,US.AL.HO,2256,20,
Jefferson County,US.AR.JE,2241,51,
Yellowstone County,US.MT.YS,2239,47,
Forrest County,US.MS.FO,2224,68,
DeKalb County,US.AL.DA,2220,18,
Jones County,US.MS.JO,2218,75,
Cumberland County,US.ME.CU,2212,70,
Burleigh County,US.ND.BL,2212,20,
Outagamie County,US.WI.OU,2209,21,
Ulster County,US.NY.UL,2199,82,
Cache County,US.UT.CA,2194,6,
Lackawanna County,US.PA.LC,2176,214,
Lorain County,US.OH.LR,2163,83,
Scott County,US.MN.SC,2163,32,
Dubuque County,US.IA.DU,2143,36,
Blount County,US.TN.BO,2128,17,
Johnson County,US.IN.JO,2115,131,
Olmsted County,US.MN.OL,2103,25,
Duplin County,US.NC.DP,2092,52,
Tom Green County,US.TX.TG,2077,58,
Douglas County,US.CO.DU,2076,60,
Washington County,US.MS.WS,2071,66,
Kalamazoo County,US.MI.KA,2069,89,
Dakota County,US.NE.DK,2050,43,
Clackamas County,US.OR.CC,2045,58,
Larimer County,US.CO.LR,2043,44,
Madison County,US.TN.MD,2043,48,
Craighead County,US.AR.CG,2022,16,
Sumter County,US.FL.SM,2021,55,
Angelina County,US.TX.AG,2013,71,
Walker County,US.AL.WK,2008,77,
St. Martin Parish,US.LA.SR,1996,57,
Hendry County,US.FL.HR,1994,39,
Robertson County,US.TN.RB,1971,30,
Sangamon County,US.IL.SM,1970,39,
Gregg County,US.TX.GE,1960,51,
St. Clair County,US.AL.SA,1959,32,
Ingham County,US.MI.IH,1958,40,
Val Verde County,US.TX.VL,1957,80,
Greenwood County,US.SC.GW,1946,56,
Santa Cruz County,US.CA.SZ,1931,7,
Bonneville County,US.ID.BV,1926,11,
Finney County,US.KS.FI,1905,12,
Guadalupe County,US.TX.GU,1903,74,
Vermilion Parish,US.LA.VM,1901,48,
Burke County,US.NC.BK,1897,31,
Cass County,US.IN.CS,1891,10,
Highlands County,US.FL.HG,1888,69,
Nobles County,US.MN.NB,1888,13,
Hall County,US.NE.HL,1882,46,
Barrow County,US.GA.BW,1880,41,
Liberty County,US.TX.LT,1879,46,
Barnstable County,US.MA.BA,1876,169,
Spotsylvania County,US.VA.SP,1871,39,
Westmoreland County,US.PA.WE,1868,49,
Columbiana County,US.OH.CL,1866,68,
Clark County,US.IN.CK,1862,60,
Lauderdale County,US.MS.LU,1861,113,
Coffee County,US.GA.CF,1859,38,
Maury County,US.TN.MU,1856,18,
Buena Vista County,US.IA.BV,1853,12,
Putnam County,US.FL.PU,1842,38,
Cochise County,US.AZ.CH,1842,64,
Talladega County,US.AL.TD,1841,24,
Rockingham County,US.NH.RO,1837,100,
Sullivan County,US.TN.SL,1837,26,
Porter County,US.IN.PR,1835,44,
Pope County,US.AR.PP,1832,20,
Manassas City,US.VA.MS,1830,24,
Wilson County,US.NC.WO,1819,40,
Washington County,US.TN.WI,1819,14,
Colquitt County,US.GA.CQ,1809,27,
Nash County,US.NC.NA,1807,27,
Kenton County,US.KY.KE,1806,44,
Fairfield County,US.OH.FI,1802,42,
Nassau County,US.FL.NA,1794,24,
Bee County,US.TX.BE,1791,24,
Walworth County,US.WI.WL,1790,32,
Baldwin County,US.GA.BD,1790,53,
Rock County,US.WI.RO,1786,28,
Georgetown County,US.SC.GR,1780,37,
St. Mary Parish,US.LA.SM,1778,72,
Trumbull County,US.OH.TR,1777,125,
Delaware County,US.OH.DL,1771,20,
Faulkner County,US.AR.FA,1770,9,
Carroll County,US.MD.CR,1769,123,
Twin Falls County,US.ID.TW,1768,35,
Orange County,US.TX.OR,1767,37,
Lebanon County,US.PA.LB,1763,57,
Stafford County,US.VA.SF,1762,13,
Washington County,US.WI.WN,1762,29,
Monroe County,US.FL.MO,1758,16,
Lincoln County,US.AR.LC,1754,13,
Limestone County,US.AL.LI,1754,19,
Leavenworth County,US.KS.LV,1750,9,
Harnett County,US.NC.HT,1748,46,
Lancaster County,US.SC.LN,1747,43,
Chelan County,US.WA.CH,1743,12,
Henderson County,US.NC.HN,1742,60,
Hot Spring County,US.AR.HT,1741,21,
Monroe County,US.PA.MR,1735,129,
Grand Forks County,US.ND.GD,1729,12,
Litchfield County,US.CT.LI,1728,139,
Darlington County,US.SC.DA,1727,46,
Walton County,US.FL.WL,1723,20,
Kendall County,US.IL.KA,1722,25,
Suffolk City,US.VA.SO,1719,63,
Tippecanoe County,US.IN.TP,1709,14,
Pottawattamie County,US.IA.PT,1707,34,
Lafayette County,US.MS.LY,1707,38,
Kent County,US.RI.KE,1706,103,
Crittenden County,US.AR.CD,1703,35,
Beaver County,US.PA.BA,1702,102,
Rockdale County,US.GA.RO,1701,33,
Marshall County,US.IA.MS,1699,32,
Kershaw County,US.SC.KE,1697,31,
Parker County,US.TX.PR,1689,27,
Cullman County,US.AL.CU,1689,17,
Hamblen County,US.TN.HB,1685,21,
Saline County,US.AR.SL,1676,14,
Hale County,US.TX.HE,1675,49,
Cleveland County,US.NC.CV,1671,46,
St. Charles Parish,US.LA.SC,1669,57,
Licking County,US.OH.LI,1668,57,
Dallas County,US.AL.DL,1666,26,
Berrien County,US.MI.BN,1665,70,
Harrisonburg City,US.VA.HS,1665,33,
Winnebago County,US.WI.WA,1663,21,
Sampson County,US.NC.SP,1659,21,
Russell County,US.AL.RU,1658,2,
Kanawha County,US.WV.KA,1650,43,
Niagara County,US.NY.NI,1643,89,
Jackson County,US.GA.JC,1640,27,
Bastrop County,US.TX.BP,1638,27,
Wicomico County,US.MD.WI,1634,47,
Bolivar County,US.MS.BO,1634,57,
Trousdale County,US.TN.TR,1629,7,
Fayette County,US.GA.FY,1624,41,
Franklin County,US.AL.FR,1620,27,
New London County,US.CT.NL,1620,107,
Canadian County,US.OK.CN,1615,13,
Hampton city,US.VA.HM,1614,16,
Stanly County,US.NC.SN,1612,53,
Onslow County,US.NC.ON,1608,17,
Pennington County,US.SD.PN,1598,33,
Cumberland County,US.PA.CU,1596,72,
Gordon County,US.GA.GO,1586,31,
Granville County,US.NC.GN,1585,47,
Walton County,US.GA.WA,1578,48,
Franklin County,US.PA.FR,1572,47,
Grayson County,US.TX.GO,1568,30,
Tift County,US.GA.TI,1566,51,
Douglas County,US.KS.DG,1566,9,
Oktibbeha County,US.MS.OK,1562,46,
Sullivan County,US.NY.SL,1543,37,
Chatham County,US.NC.CH,1534,56,
Tipton County,US.TN.TI,1532,15,
Laurens County,US.SC.LU,1531,54,
St. John the Baptist Parish,US.LA.SO,1528,96,
Putnam County,US.NY.PU,1528,63,
DeSoto County,US.FL.DE,1522,22,
Delaware County,US.IN.DL,1516,58,
Coryell County,US.TX.CL,1515,11,
Lamar County,US.MS.LM,1512,32,
Clark County,US.OH.CK,1509,30,
Colbert County,US.AL.CL,1507,22,
Washington Parish,US.LA.WO,1504,60,
Garland County,US.AR.GL,1501,31,
Lauderdale County,US.AL.LU,1499,26,
Autauga County,US.AL.AU,1492,24,
Wayne County,US.TN.WY,1487,2,
Middlesex County,US.CT.MI,1484,192,
Clay County,US.MO.CY,1481,39,
Lee County,US.NC.LE,1479,13,
Payne County,US.OK.PY,1475,5,
Vigo County,US.IN.VI,1471,18,
Caldwell County,US.NC.CL,1470,17,
Napa County,US.CA.NA,1465,13,
Sutter County,US.CA.SU,1465,10,
Neshoba County,US.MS.NS,1460,101,
Escambia County,US.AL.ES,1459,22,
Allen Parish,US.LA.AL,1458,40,
Hunt County,US.TX.HT,1458,32,
Thomas County,US.GA.TH,1455,55,
Cherokee County,US.TX.CK,1450,21,
Muskogee County,US.OK.MO,1446,17,
Wood County,US.OH.WO,1427,64,
Chattahoochee County,US.GA.CH,1427,2,
Seward County,US.KS.SW,1425,5,
Brunswick County,US.NC.BS,1424,24,
Muskegon County,US.MI.MG,1415,68,
Sussex County,US.NJ.SU,1413,197,
Lake County,US.OH.LK,1412,45,
Rockwall County,US.TX.RC,1411,22,
Mississippi County,US.AR.MS,1405,32,
Warren County,US.NJ.WA,1404,171,
Madison County,US.IN.MD,1403,85,
Rogers County,US.OK.RS,1403,42,
Blue Earth County,US.MN.BE,1402,5,
Habersham County,US.GA.HB,1399,65,
Flagler County,US.FL.FL,1393,15,
Wichita County,US.TX.WC,1392,16,
Nacogdoches County,US.TX.NC,1390,53,
Monroe County,US.IN.MR,1390,40,
Laurens County,US.GA.LR,1387,50,
Erie County,US.PA.ER,1387,36,
Titus County,US.TX.TU,1385,25,
Buchanan County,US.MO.BC,1383,12,
Washington County,US.MD.WA,1378,35,
Monroe County,US.MI.MO,1377,28,
Blount County,US.AL.BU,1376,12,
LaSalle County,US.IL.LA,1376,52,
Ware County,US.GA.WE,1373,47,
Jackson County,US.AL.JA,1367,9,
Clermont County,US.OH.CE,1366,15,
Moore County,US.NC.ME,1364,22,
St. Francis County,US.AR.SI,1364,4,
Caldwell County,US.TX.CW,1358,34,
Taylor County,US.TX.TA,1355,36,
San Patricio County,US.TX.SP,1351,61,
Boone County,US.KY.BO,1351,25,
Broome County,US.NY.BO,1350,83,
Iberville Parish,US.LA.IV,1347,55,
Monongalia County,US.WV.MG,1342,5,
Wright County,US.MN.WR,1341,6,
Warren County,US.MS.WR,1340,47,
Panola County,US.MS.PA,1328,25,
East Feliciana Parish,US.LA.EF,1328,46,
Avoyelles Parish,US.LA.AV,1320,46,
Lowndes County,US.MS.LO,1314,56,
La Crosse County,US.WI.LA,1312,2,
Jim Wells County,US.TX.JW,1312,28,
Sunflower County,US.MS.SU,1306,39,
Schenectady County,US.NY.SN,1299,44,
Comanche County,US.OK.CM,1293,11,
Hampshire County,US.MA.HS,1285,141,
Chilton County,US.AL.CI,1282,16,
Medina County,US.OH.MD,1281,38,
Malheur County,US.OR.ML,1280,20,
Okeechobee County,US.FL.OE,1279,20,
Hardeman County,US.TN.HA,1278,22,
Polk County,US.GA.PO,1275,17,
St. Bernard Parish,US.LA.SE,1268,27,
Leflore County,US.MS.LL,1264,76,
Sandoval County,US.NM.SD,1261,37,
St. Francois County,US.MO.SF,1257,5,
Dodge County,US.WI.DD,1249,6,
Baker County,US.FL.BK,1248,6,
Tazewell County,US.IL.TA,1247,11,
Fond du Lac County,US.WI.FN,1241,12,
Roanoke city,US.VA.RO,1235,15,
Williamsburg County,US.SC.WI,1230,39,
Madison County,US.KY.MD,1228,4,
Hunterdon County,US.NJ.HN,1228,125,
LaPorte County,US.IN.LA,1226,37,
Wharton County,US.TX.WN,1225,43,
Texas County,US.OK.TE,1224,7,
Rice County,US.MN.RI,1223,8,
Taylor County,US.FL.TA,1223,10,
DeKalb County,US.IL.DK,1215,36,
Wagoner County,US.OK.WG,1214,23,
Lafayette County,US.FL.LF,1211,10,
Spalding County,US.GA.SD,1210,54,
Mower County,US.MN.MW,1206,3,
Allen County,US.OH.AN,1206,61,
Hardin County,US.TX.HN,1205,21,
Surry County,US.NC.SU,1204,19,
Lea County,US.NM.LE,1192,16,
Lincoln County,US.NC.LI,1191,13,
Eagle County,US.CO.EA,1189,9,
Covington County,US.AL.CV,1184,27,
Carver County,US.MN.CV,1181,5,
Yell County,US.AR.YE,1177,25,
San Benito County,US.CA.SI,1177,9,
Columbus County,US.NC.CM,1177,52,
Riley County,US.KS.RL,1174,6,
Gibson County,US.TN.GB,1174,17,
Jefferson Davis Parish,US.LA.JD,1169,36,
Sevier County,US.AR.SV,1167,14,
Livingston County,US.MI.LI,1167,29,
Pike County,US.MS.PI,1167,46,
Willacy County,US.TX.WY,1167,44,
Chambers County,US.TX.CH,1166,5,
Tolland County,US.CT.TO,1161,65,
Oconee County,US.SC.OC,1159,20,
Douglas County,US.WA.DO,1158,8,
Dale County,US.AL.DE,1157,42,
Evangeline Parish,US.LA.EV,1154,27,
Sheboygan County,US.WI.SE,1153,9,
Effingham County,US.GA.EF,1152,18,
Accomack County,US.VA.AC,1152,19,
Hardee County,US.FL.HD,1150,9,
Bedford County,US.TN.BD,1149,14,
St. Mary's County,US.MD.SA,1144,56,
Howard County,US.IN.HO,1144,65,
Toombs County,US.GA.TM,1140,28,
Floyd County,US.IN.FL,1138,60,
Navarro County,US.TX.NV,1136,21,
Medina County,US.TX.ME,1134,38,
Franklin County,US.MO.FR,1133,22,
Whatcom County,US.WA.WA,1133,39,
Coffee County,US.AL.CF,1133,7,
Cass County,US.MO.CS,1131,16,
Culpeper County,US.VA.CP,1131,14,
Newton County,US.MO.NT,1130,14,
Garfield County,US.OK.GF,1130,14,
Washington County,US.PA.WS,1128,28,
Gila County,US.AZ.GI,1128,49,
Moore County,US.TX.MO,1126,18,
Miami County,US.OH.MM,1125,44,
Walker County,US.GA.WK,1123,25,
Scott County,US.MS.SC,1123,22,
Wapello County,US.IA.WP,1121,54,
Rockingham County,US.VA.RG,1119,20,
Coles County,US.IL.CE,1114,23,
Copiah County,US.MS.CP,1113,31,
Pontotoc County,US.MS.PO,1106,13,
Franklin Parish,US.LA.FR,1105,31,
Gallatin County,US.MT.GL,1105,3,
Franklin County,US.NC.FR,1105,30,
Kosciusko County,US.IN.KO,1103,19,
Bartholomew County,US.IN.BA,1100,58,
Bowie County,US.TX.BW,1097,44,
Macon County,US.IL.MC,1094,28,
Shelby County,US.IN.SH,1094,36,
Monroe County,US.MS.MR,1092,61,
Tallapoosa County,US.AL.TP,1087,83,
Camden County,US.GA.CD,1087,7,
McCurtain County,US.OK.MU,1085,31,
Greene County,US.OH.GR,1084,20,
Albemarle County,US.VA.AB,1079,19,
Wilkes County,US.NC.WE,1073,26,
Calhoun County,US.MI.CU,1070,44,
Webster County,US.IA.WE,1068,11,
Webster Parish,US.LA.WR,1064,20,
Lynchburg city,US.VA.LY,1063,5,
Edgecombe County,US.NC.ED,1062,22,
Chambers County,US.AL.CM,1059,41,
Holmes County,US.MS.HO,1058,54,
Daviess County,US.KY.DA,1056,11,
Chesterfield County,US.SC.CF,1055,29,
Cape Girardeau County,US.MO.CG,1051,8,
Craven County,US.NC.CN,1045,26,
Pike County,US.AL.PK,1044,9,
Skagit County,US.WA.SG,1044,22,
Jackson County,US.IL.JC,1043,22,
Grant County,US.IN.GA,1043,34,
Coahoma County,US.MS.CH,1041,21,
Kitsap County,US.WA.KS,1040,11,
Dyer County,US.TN.DY,1034,10,
Washington County,US.FL.WS,1029,17,
Williamson County,US.IL.WS,1024,18,
Dawson County,US.NE.DN,1021,11,
Newberry County,US.SC.NE,1021,15,
Clarke County,US.AL.CK,1020,14,
Decatur County,US.GA.DC,1014,22,
Lee County,US.AR.LE,1010,11,
Rutherford County,US.NC.RU,1008,20,
Schuylkill County,US.PA.SC,1007,51,
Wayne County,US.GA.WY,1005,26,
Okanogan County,US.WA.OK,1003,7,
Lincoln County,US.MS.LI,1002,52,
El Dorado County,US.CA.EL,1001,2,
Clarendon County,US.SC.CN,1000,63,
Grimes County,US.TX.GM,1000,31,
McDonald County,US.MO.MA,998,10,
Marshall County,US.MS.MS,996,14,
Yuba County,US.CA.YU,994,6,
Salem County,US.NJ.SA,992,89,
Muscatine County,US.IA.MU,991,52,
Dickson County,US.TN.DI,988,9,
Ozaukee County,US.WI.OZ,988,18,
Hardin County,US.KY.HN,985,10,
Cumberland County,US.TN.CU,985,9,
Clay County,US.MN.CA,984,40,
Fayette County,US.TN.FA,983,11,
Cole County,US.MO.CE,981,7,
Carter County,US.TN.CT,980,24,
Jefferson County,US.WI.JE,979,7,
Grenada County,US.MS.GN,976,32,
Yazoo County,US.MS.YZ,974,21,
Lincoln County,US.SD.LI,972,2,
St. Louis County,US.MN.ST,972,24,
Wayne County,US.IN.WY,971,10,
Crawford County,US.AR.CW,971,9,
Pointe Coupee Parish,US.LA.PO,970,38,
Chicot County,US.AR.CT,969,11,
Loudon County,US.TN.LO,969,4,
Rockingham County,US.NC.RC,968,8,
Vernon Parish,US.LA.VN,966,40,
Simpson County,US.MS.SI,959,40,
Sioux County,US.IA.SI,957,3,
Sherburne County,US.MN.SH,956,13,
Thurston County,US.WA.TH,955,16,
Weakley County,US.TN.WE,954,14,
Taney County,US.MO.TA,953,19,
Henderson County,US.TN.HS,951,11,
Beauregard Parish,US.LA.BE,949,31,
Liberty County,US.GA.LB,949,18,
Wakulla County,US.FL.WK,947,8,
Matagorda County,US.TX.MD,946,39,
Macon County,US.TN.MC,946,16,
St. Clair County,US.MI.SA,943,53,
Natchitoches Parish,US.LA.NA,942,23,
Vance County,US.NC.VA,942,42,
Lincoln Parish,US.LA.LN,941,40,
Dodge County,US.NE.DE,939,11,
Shelby County,US.KY.SH,939,23,
Anderson County,US.TN.AN,936,8,
Levy County,US.FL.LV,935,7,
Appling County,US.GA.AP,930,23,
Montgomery County,US.NC.MO,930,18,
Cape May County,US.NJ.CP,930,94,
Chester County,US.SC.CR,927,19,
Portage County,US.OH.PO,926,65,
Marshall County,US.IN.MS,926,23,
Catoosa County,US.GA.CS,925,16,
Pottawatomie County,US.OK.PT,924,9,
Obion County,US.TN.OB,917,8,
Greene County,US.TN.GE,916,19,
Colleton County,US.SC.CT,916,39,
Lamar County,US.TX.LR,914,29,
Lyon County,US.KS.LY,913,19,
Kleberg County,US.TX.KL,911,30,
Clinton County,US.IA.CN,909,13,
Union County,US.MS.UN,909,23,
Madison County,US.FL.MD,907,16,
Henry County,US.VA.HY,907,16,
Boone County,US.IL.BO,907,23,
Hoke County,US.NC.HO,906,13,
Eau Claire County,US.WI.EA,905,6,
Pueblo County,US.CO.PU,905,34,
Boone County,US.IN.BO,905,49,
Leake County,US.MS.LK,902,31,
Bryan County,US.GA.BY,900,9,
Halifax County,US.NC.HL,899,13,
Cherokee County,US.SC.CK,899,33,
Platte County,US.NE.PL,896,3,
Warren County,US.TN.WR,894,7,
Stephens County,US.GA.SE,894,28,
Christian County,US.KY.CH,890,13,
Jefferson County,US.TN.JE,887,7,
Butler County,US.AL.BT,886,38,
Jackson County,US.OR.JA,882,3,
Sumter County,US.GA.SU,881,60,
Stark County,US.ND.SR,880,6,
Tate County,US.MS.TT,878,35,
Saratoga County,US.NY.SR,877,15,
Creek County,US.OK.CE,877,22,
Tuscarawas County,US.OH.TU,877,18,
Mercer County,US.OH.MC,877,17,
Worcester County,US.MD.WO,876,26,
Cerro Gordo County,US.IA.CG,874,20,
Oldham County,US.KY.OL,873,24,
York County,US.ME.YO,871,15,
Dubois County,US.IN.DU,870,17,
Jackson County,US.MI.JA,870,40,
DeWitt County,US.TX.DE,870,25,
Bay County,US.MI.BY,870,43,
Butler County,US.PA.BT,864,19,
Washington County,US.OK.WN,863,40,
Crawford County,US.IA.CW,861,3,
Elko County,US.NV.EL,860,6,
Monroe County,US.TN.MR,859,15,
Rensselaer County,US.NY.RE,858,42,
Wayne County,US.MS.WY,858,21,
Garfield County,US.CO.GA,857,4,
Santa Fe County,US.NM.ST,857,4,
McMinn County,US.TN.MM,856,24,
Summit County,US.UT.SU,856,1,
Hanover County,US.VA.HV,855,35,
Hancock County,US.IN.HC,855,45,
Union Parish,US.LA.UN,855,39,
Kandiyohi County,US.MN.KD,850,1,
Henderson County,US.TX.HD,850,19,
Reno County,US.KS.RN,850,1,
Lake County,US.TN.LK,846,2,
Lenoir County,US.NC.LN,845,19,
Warrick County,US.IN.WI,843,33,
Gulf County,US.FL.GU,842,13,
West Baton Rouge Parish,US.LA.WB,841,39,
Cecil County,US.MD.CE,838,31,
Noble County,US.IN.NO,838,32,
Bradford County,US.FL.BA,835,5,
Pettis County,US.MO.PS,833,8,
Pittsylvania County,US.VA.PS,833,5,
Madison Parish,US.LA.MA,832,7,
Clinton County,US.IL.CN,832,17,
Plymouth County,US.IA.PM,831,18,
Warren County,US.IA.WR,830,5,
Montgomery County,US.VA.MO,828,4,
De Soto Parish,US.LA.DE,826,33,
Berkeley County,US.WV.BE,822,11,
Marion County,US.AL.MI,822,28,
Adams County,US.MS.AD,820,32,
McDowell County,US.NC.MW,820,24,
Gonzales County,US.TX.GA,819,14,
Deaf Smith County,US.TX.DI,816,20,
Harrison County,US.TX.HR,816,29,
Emanuel County,US.GA.EM,815,22,
Windham County,US.CT.WI,813,15,
Coffee County,US.TN.CF,813,7,
Adams County,US.IL.AD,812,9,
Calvert County,US.MD.CL,812,28,
Erie County,US.OH.ER,811,37,
Wayne County,US.OH.WE,810,64,
Marathon County,US.WI.MH,810,14,
Dillon County,US.SC.DI,808,28,
Independence County,US.AR.IN,806,8,
Chittenden County,US.VT.CH,802,39,
Hood County,US.TX.HO,802,24,
Chaves County,US.NM.CH,800,7,
Haywood County,US.TN.HY,798,12,
Marion County,US.MS.MI,798,26,
Bledsoe County,US.TN.BE,798,4,
Christian County,US.MO.CT,794,2,
Randolph County,US.IL.RA,794,7,
Fauquier County,US.VA.FQ,794,15,
Marlboro County,US.SC.ML,793,5,
Pender County,US.NC.PD,792,4,
Hardin County,US.TN.HI,788,12,
Pearl River County,US.MS.PL,787,48,
Lumpkin County,US.GA.LP,786,12,
Walla Walla County,US.WA.WL,786,5,
Lawrence County,US.TN.LW,785,10,
Ross County,US.OH.RO,779,14,
Polk County,US.TX.PK,778,19,
Frederick County,US.VA.FK,777,11,
Johnson County,US.AR.JO,777,4,
Columbia County,US.PA.CO,776,35,
Shenandoah County,US.VA.SN,776,50,
Barbour County,US.AL.BR,776,7,
Lane County,US.OR.LE,775,6,
Brown County,US.SD.BW,774,3,
Dixie County,US.FL.DI,769,4,
St. James Parish,US.LA.SJ,769,37,
Sabine Parish,US.LA.SB,769,13,
Charlottesville City,US.VA.CE,768,23,
Gilmer County,US.GA.GI,768,9,
Lonoke County,US.AR.LO,767,5,
Crawford County,US.KS.CR,766,1,
Bladen County,US.NC.BL,762,10,
Whitman County,US.WA.WI,760,0,
Northumberland County,US.PA.NU,760,39,
James City County,US.VA.JA,760,18,
Graham County,US.AZ.GA,756,22,
Mendocino County,US.CA.MI,754,17,
Cherokee County,US.OK.CK,750,7,
Karnes County,US.TX.KS,750,13,
Waupaca County,US.WI.WP,750,19,
Buffalo County,US.NE.BF,750,3,
Morton County,US.ND.MR,746,7,
Harris County,US.GA.HI,743,21,
Lauderdale County,US.TN.LU,739,12,
Rusk County,US.TX.RK,739,5,
Le Flore County,US.OK.LE,738,10,
Covington County,US.MS.CV,737,17,
Marion County,US.SC.MI,737,17,
Scotland County,US.NC.SC,734,8,
Campbell County,US.KY.CM,733,15,
Colfax County,US.NE.CO,732,5,
Fairbanks North Star Borough,US.AK.FA,730,9,
Murray County,US.GA.MA,729,4,
Mitchell County,US.GA.MT,728,45,
Union County,US.AR.UN,724,21,
Cheatham County,US.TN.CA,723,10,
Dawson County,US.GA.DW,723,7,
Payette County,US.ID.PA,722,4,
Washington County,US.RI.WA,722,63,
Erath County,US.TX.ER,722,10,
Madison County,US.OH.MO,721,11,
Lassen County,US.CA.LS,720,0,
Richland County,US.OH.RI,720,18,
Uvalde County,US.TX.UV,719,27,
Morgan County,US.CO.MN,718,48,
Greensville County,US.VA.GS,716,11,
Richland Parish,US.LA.RI,716,9,
Jackson County,US.IN.JC,716,10,
Big Horn County,US.MT.BI,714,16,
Richmond County,US.NC.RI,711,11,
Hamilton County,US.FL.HM,711,7,
Winston County,US.MS.WN,709,19,
Tattnall County,US.GA.TT,708,8,
Fayette County,US.PA.FA,708,6,
Tooele County,US.UT.TE,708,0,
George County,US.MS.GR,708,13,
Berkshire County,US.MA.BE,707,46,
Jefferson County,US.GA.JR,706,19,
Adams County,US.PA.AD,706,23,
Jasper County,US.SC.JA,705,18,
Curry County,US.NM.CU,705,5,
Deschutes County,US.OR.DE,700,11,
Portage County,US.WI.PT,699,2,
Waller County,US.TX.WR,698,8,
Madison County,US.TX.AD,696,5,
St. Joseph County,US.MI.SJ,696,11,
Logan County,US.CO.LO,694,5,
Newton County,US.MS.NW,693,18,
Belmont County,US.OH.BE,691,27,
Hawkins County,US.TN.HW,691,13,
Adams County,US.WA.AD,690,8,
Lavaca County,US.TX.LA,688,32,
Grady County,US.GA.GD,688,16,
Burke County,US.GA.BE,687,9,
Osage County,US.OK.OS,684,12,
Upson County,US.GA.UP,681,58,
Fairfield County,US.SC.FA,680,29,
Scott County,US.MO.ST,679,14,
Iron County,US.UT.RN,678,2,
Flathead County,US.MT.FL,678,9,
Carroll County,US.TN.CR,677,10,
Holmes County,US.FL.HO,677,5,
Lee County,US.SC.LE,676,32,
Sauk County,US.WI.SU,675,3,
Assumption Parish,US.LA.AS,675,22,
Lenawee County,US.MI.LN,674,13,
Van Buren County,US.MI.VA,674,17,
Roane County,US.TN.RA,674,2,
Alcorn County,US.MS.AL,672,6,
Tallahatchie County,US.MS.TL,672,13,
Bullitt County,US.KY.BI,671,5,
Bannock County,US.ID.BO,671,4,
Rhea County,US.TN.RH,671,5,
Wise County,US.TX.WE,670,12,
San Juan County,US.UT.SJ,670,29,
St. Croix County,US.WI.SI,670,7,
Prentiss County,US.MS.PN,669,15,
Muhlenberg County,US.KY.MU,668,11,
Darke County,US.OH.DA,667,36,
Marengo County,US.AL.ME,666,19,
Cocke County,US.TN.CE,665,7,
Graves County,US.KY.GV,665,29,
Burnet County,US.TX.BT,663,12,
Allegan County,US.MI.AL,663,6,
Yamhill County,US.OR.YA,662,14,
Ben Hill County,US.GA.BL,662,17,
Henry County,US.IN.HY,661,22,
Jeff Davis County,US.GA.JF,661,12,
Greene County,US.AR.GE,660,5,
Geauga County,US.OH.GE,660,46,
Yadkin County,US.NC.YD,659,7,
Buckingham County,US.VA.BK,655,8,
Union County,US.FL.UN,654,5,
Okmulgee County,US.OK.OM,654,5,
Petersburg city,US.VA.PB,652,23,
Centre County,US.PA.CT,652,11,
Danville City,US.VA.DA,652,16,
Lee County,US.GA.LE,651,25,
Bryan County,US.OK.BR,649,3,
Wasatch County,US.UT.WA,649,7,
Beaufort County,US.NC.BA,648,10,
Miller County,US.AR.ML,646,10,
Tama County,US.IA.TM,646,29,
Beadle County,US.SD.BA,645,9,
Saline County,US.NE.SL,645,2,
Frio County,US.TX.FO,644,7,
Roanoke County,US.VA.RE,643,5,
Plaquemines Parish,US.LA.PL,643,19,
Johnson County,US.MO.JO,643,4,
Effingham County,US.IL.EF,642,1,
Madison County,US.NE.MA,640,5,
Putnam County,US.GA.PT,638,20,
Chattooga County,US.GA.CG,632,6,
Itawamba County,US.MS.IT,631,17,
Marinette County,US.WI.MT,631,7,
Lowndes County,US.AL.LO,629,27,
Pittsburg County,US.OK.PI,629,18,
Morgan County,US.IN.MG,628,38,
Scott County,US.KY.SC,628,6,
Jerome County,US.ID.JR,627,6,
Laurel County,US.KY.LU,625,5,
Morehouse Parish,US.LA.MO,625,17,
McNairy County,US.TN.MA,624,14,
Washington County,US.GA.WG,624,6,
Pulaski County,US.KY.PU,623,7,
Ashtabula County,US.OH.AB,620,46,
Androscoggin County,US.ME.AN,620,10,
LaGrange County,US.IN.LG,619,11,
Jasper County,US.IA.JS,618,30,
White County,US.TN.WH,616,7,
Jackson County,US.OK.JA,616,9,
Fannin County,US.TX.FI,615,12,
Lincoln County,US.MO.LO,614,1,
Des Moines County,US.IA.DS,614,5,
Calhoun County,US.TX.CU,614,7,
Franklin County,US.TN.FR,614,5,
McClain County,US.OK.ML,613,4,
Fremont County,US.WY.FR,612,14,
Sequoyah County,US.OK.SQ,611,8,
West Feliciana Parish,US.LA.WF,611,21,
Oconee County,US.GA.OC,609,20,
Saluda County,US.SC.SA,606,15,
Chickasaw County,US.MS.CS,606,22,
Blaine County,US.ID.BL,606,6,
Franklin County,US.GA.FR,604,11,
Winston County,US.AL.WN,603,11,
Monroe County,US.GA.MN,603,43,
Isle of Wight County,US.VA.IS,603,11,
Bedford County,US.VA.BF,602,9,
Prince George County,US.VA.PG,601,2,
Ottawa County,US.OK.OT,600,4,
Attala County,US.MS.AT,599,25,
Pasquotank County,US.NC.PU,593,26,
Caddo County,US.OK.CD,593,20,
Dearborn County,US.IN.DR,592,30,
White County,US.GA.WH,590,15,
Manitowoc County,US.WI.MW,590,2,
Jones County,US.TX.JN,588,0,
Calhoun County,US.FL.CA,587,10,
Cassia County,US.ID.CS,587,4,
Camden County,US.MO.CM,586,9,
Marshall County,US.TN.MS,585,4,
Peach County,US.GA.PH,585,18,
Charlton County,US.GA.CT,583,6,
Laramie County,US.WY.LA,583,4,
Mecklenburg County,US.VA.ME,582,33,
Tishomingo County,US.MS.TS,581,30,
Hertford County,US.NC.HD,581,18,
Shasta County,US.CA.SH,581,12,
Saline County,US.MO.SI,581,9,
Washington County,US.TX.WH,579,45,
Butts County,US.GA.BU,579,41,
Whiteside County,US.IL.WD,577,19,
Queen Anne's County,US.MD.QU,577,26,
Cabell County,US.WV.CB,577,8,
Atascosa County,US.TX.AT,576,29,
Bibb County,US.AL.BI,576,9,
Pickens County,US.AL.PC,576,12,
Walthall County,US.MS.WT,576,24,
Columbia County,US.NY.CU,575,47,
Morgan County,US.IL.MG,575,20,
Manassas Park city,US.VA.MP,575,7,
Eddy County,US.NM.ED,575,5,
Mercer County,US.PA.ME,574,13,
Calumet County,US.WI.CA,574,2,
Clinton County,US.IN.CI,574,15,
Winn Parish,US.LA.WI,573,16,
Minidoka County,US.ID.MI,570,4,
Hale County,US.AL.HA,570,28,
Delaware County,US.OK.DL,569,22,
Ward County,US.ND.WR,568,2,
Winona County,US.MN.WN,568,17,
Smith County,US.TN.SH,567,8,
Bullock County,US.AL.BL,566,14,
Franklin County,US.FL.FR,565,3,
Marion County,US.IA.MI,565,2,
Tippah County,US.MS.TP,564,16,
White County,US.AR.WH,564,12,
Radford city,US.VA.RD,564,0,
Scurry County,US.TX.SU,563,2,
Isabella County,US.MI.IB,563,10,
Caroline County,US.MD.CO,563,3,
Lyon County,US.MN.LY,562,3,
Hancock County,US.OH.HN,562,7,
Lapeer County,US.MI.LP,561,36,
Madison County,US.GA.MD,560,8,
Grady County,US.OK.GD,558,7,
Dunklin County,US.MO.DU,557,6,
Hampton County,US.SC.HA,557,25,
Bamberg County,US.SC.BM,556,30,
Lycoming County,US.PA.LY,556,23,
Cowlitz County,US.WA.CW,555,6,
McCracken County,US.KY.MK,554,6,
Monroe County,US.AL.MR,552,7,
Macon County,US.NC.MN,549,2,
Barnwell County,US.SC.BN,549,14,
Clinton County,US.MI.CN,546,13,
Wilson County,US.TX.WS,545,26,
Pike County,US.PA.PI,544,21,
Grundy County,US.IL.GU,543,5,
Broomfield County and City,US.CO.BR,542,33,
Randolph County,US.AL.RA,542,12,
Eaton County,US.MI.EA,540,9,
Carteret County,US.NC.CE,540,5,
Daviess County,US.IN.DI,539,26,
Pickens County,US.GA.PE,538,8,
Pierce County,US.GA.PR,537,14,
Bacon County,US.GA.BC,535,10,
Sandusky County,US.OH.SA,534,19,
Ellis County,US.KS.EL,532,1,
Hopkins County,US.KY.HO,532,36,
Noxubee County,US.MS.NO,531,14,
Marion County,US.MO.MO,531,7,
East Carroll Parish,US.LA.EC,530,3,
Barren County,US.KY.BN,530,10,
McDuffie County,US.GA.MU,529,13,
Overton County,US.TN.OV,528,2,
Van Zandt County,US.TX.VN,528,18,
Washington County,US.AL.WS,527,13,
Henry County,US.IL.HY,527,3,
Valencia County,US.NM.VA,526,4,
Haywood County,US.NC.HW,525,31,
Platte County,US.MO.PT,524,10,
Perry County,US.AL.PE,524,5,
Wright County,US.IA.WG,524,1,
Henry County,US.TN.HR,523,7,
Saline County,US.KS.SA,522,9,
Cook County,US.GA.CO,521,11,
Wilcox County,US.AL.WC,520,11,
Butler County,US.KS.BU,520,2,
Lawrence County,US.AL.LW,518,5,
Ogle County,US.IL.OG,517,5,
La Paz County,US.AZ.LA,517,15,
Elbert County,US.GA.EL,516,1,
Logan County,US.WV.LO,516,33,
Union County,US.GA.UN,516,14,
Wood County,US.WI.WO,516,3,
Williams County,US.ND.WI,515,4,
Worth County,US.GA.WO,513,29,
Hancock County,US.MS.HN,513,20,
Jackson Parish,US.LA.JA,513,21,
Merrimack County,US.NH.ME,513,23,
Jefferson County,US.FL.JE,513,6,
Poinsett County,US.AR.PN,511,6,
Franklin County,US.KY.FR,510,11,
Nodaway County,US.MO.NO,509,1,
Monroe County,US.IL.MR,509,15,
Prince Edward County,US.VA.PD,508,12,
Harrison County,US.IN.HI,508,26,
Jackson County,US.NC.JA,506,7,
Jackson County,US.TX.JA,505,14,
Edgefield County,US.SC.ED,505,14,
Branch County,US.MI.BC,504,4,
Jasper County,US.MS.JS,504,13,
Matanuska-Susitna Borough,US.AK.MA,504,2,
DeKalb County,US.TN.DE,501,6,
Oceana County,US.MI.OA,501,6,
Meriwether County,US.GA.MW,500,11,
Brown County,US.TX.BN,500,20,
Bingham County,US.ID.BG,499,7,
Clay County,US.MS.CY,498,16,
Davie County,US.NC.DV,497,6,
Conecuh County,US.AL.CO,496,11,
Adair County,US.OK.AD,494,10,
Crisp County,US.GA.CP,494,15,
Blair County,US.PA.BL,493,12,
Hawaii County,US.HI.HA,493,3,
Huron County,US.OH.HU,493,6,
Smith County,US.MS.SM,492,13,
Cambria County,US.PA.CI,492,6,
Fredericksburg City,US.VA.FB,491,4,
Clarke County,US.MS.CE,489,32,
Talbot County,US.MD.TA,488,4,
Carroll County,US.AR.CL,486,8,
Jefferson County,US.IL.JF,486,35,
Union County,US.SC.UN,486,9,
Henderson County,US.KY.HE,486,3,
Calhoun County,US.MS.CN,485,11,
Dorchester County,US.MD.DO,485,7,
Brooks County,US.GA.BO,485,22,
Knox County,US.IL.KX,484,3,
Watauga County,US.NC.WT,484,0,
Fannin County,US.GA.FN,483,8,
York County,US.VA.YO,482,6,
Jones County,US.GA.JE,482,4,
Cherokee County,US.NC.CO,481,6,
Crenshaw County,US.AL.CA,481,32,
Nye County,US.NV.NY,480,15,
Jessamine County,US.KY.JS,480,0,
Gilchrist County,US.FL.GI,479,10,
Limestone County,US.TX.LO,478,8,
Lee County,US.IA.LE,477,6,
Lawrence County,US.OH.LW,477,14,
Lawrence County,US.IN.LW,476,29,
Glenn County,US.CA.GL,475,3,
Lawrence County,US.PA.LW,474,20,
Madison County,US.NY.MA,474,9,
Giles County,US.TN.GL,473,15,
Oconto County,US.WI.OC,471,3,
Chautauqua County,US.NY.CQ,471,4,
Colusa County,US.CA.CL,470,6,
Jefferson County,US.OR.JE,470,7,
Lincoln County,US.OR.LC,469,13,
Anson County,US.NC.AN,468,3,
Geneva County,US.AL.GE,468,4,
Bertie County,US.NC.BT,468,6,
Brookings County,US.SD.BK,468,1,
Greene County,US.GA.GE,468,20,
Tuscola County,US.MI.TU,467,29,
Montgomery County,US.IN.MM,465,22,
Midland County,US.MI.MD,463,11,
Steele County,US.MN.SE,463,2,
Abbeville County,US.SC.AB,462,11,
Grant County,US.WI.GA,461,18,
White County,US.IN.WH,461,13,
Auglaize County,US.OH.AU,461,8,
Shiawassee County,US.MI.SH,461,30,
Glades County,US.FL.GL,460,4,
Carroll County,US.IA.CL,460,3,
Fayette County,US.IN.FA,459,10,
Concordia Parish,US.LA.CR,458,10,
Newport County,US.RI.NE,457,4,
Indiana County,US.PA.IN,457,10,
Putnam County,US.IN.PT,457,8,
Tunica County,US.MS.TU,457,13,
Todd County,US.MN.TO,456,2,
Nevada County,US.CA.NE,456,5,
Ottawa County,US.OH.OT,456,30,
Mayes County,US.OK.MY,456,10,
Nicollet County,US.MN.NI,455,15,
Winchester city,US.VA.WH,455,4,
Morrow County,US.OR.MO,454,3,
Macon County,US.AL.MC,453,19,
Chester County,US.TN.CS,453,6,
Kittitas County,US.WA.KT,452,21,
Decatur County,US.IN.DC,452,39,
Box Elder County,US.UT.BE,451,5,
Greene County,US.NC.GE,449,5,
Logan County,US.KY.LO,449,26,
Colorado County,US.TX.CO,449,4,
Cherokee County,US.AL.CH,449,12,
Watonwan County,US.MN.WT,449,4,
Palo Pinto County,US.TX.PO,447,12,
Milam County,US.TX.MI,447,5,
Union County,US.IL.UN,446,24,
Clay County,US.SD.CY,446,3,
Calloway County,US.KY.CW,445,7,
Polk County,US.OR.PO,445,15,
Shelby County,US.TX.SY,445,21,
Lincoln County,US.TN.LI,444,1,
Liberty County,US.FL.LI,444,7,
Missoula County,US.MT.MS,443,3,
Claiborne County,US.MS.CB,443,16,
New Madrid County,US.MO.NW,443,9,
Teton County,US.WY.TE,441,1,
Trempealeau County,US.WI.TR,441,2,
Austin County,US.TX.AU,440,6,
Kerr County,US.TX.KR,439,9,
Dickinson County,US.IA.DI,438,6,
Carroll County,US.VA.CL,436,19,
Grant Parish,US.LA.GR,436,30,
Johnson County,US.TN.JO,435,1,
Bureau County,US.IL.BU,435,9,
Howard County,US.AR.HW,435,5,
Perry County,US.MO.PR,435,4,
Mesa County,US.CO.ME,434,5,
Morgan County,US.GA.MO,434,2,
Hart County,US.GA.HT,434,11,
Alexander County,US.NC.AE,433,3,
Franklin County,US.MA.FR,432,66,
Benton County,US.MN.BN,431,3,
Tehama County,US.CA.TE,430,1,
Cass County,US.MI.CS,430,16,
Adams County,US.NE.AD,429,11,
Carbon County,US.PA.CB,429,28,
Carter County,US.OK.CR,429,7,
Shelby County,US.OH.SH,429,4,
Early County,US.GA.EA,428,32,
Crockett County,US.TN.CK,427,14,
Bienville Parish,US.LA.BI,426,32,
Union County,US.OR.UN,423,2,
Bell County,US.KY.BL,423,9,
Calhoun County,US.SC.CH,423,15,
Montgomery County,US.MS.MT,422,18,
Freeborn County,US.MN.FR,420,1,
Wood County,US.TX.WO,420,17,
Athens County,US.OH.AS,419,2,
Pulaski County,US.MO.PA,419,2,
Kenai Peninsula Borough,US.AK.KN,419,2,
Clay County,US.AL.CY,416,6,
Atkinson County,US.GA.AT,416,3,
Strafford County,US.NH.ST,415,13,
Phillips County,US.AR.PH,414,10,
Codington County,US.SD.CD,414,2,
Lawrence County,US.MS.LW,413,11,
Sumter County,US.AL.SU,411,19,
Jasper County,US.TX.JR,411,19,
Butler County,US.MO.BE,410,4,
Berrien County,US.GA.BN,410,9,
Humboldt County,US.CA.HU,409,4,
Henry County,US.AL.HE,408,4,
Claiborne Parish,US.LA.CI,408,13,
Carson City,US.NV.CA,408,8,
Union County,US.PA.UN,407,6,
Callaway County,US.MO.CA,407,2,
Putnam County,US.OH.PU,407,17,
Washington County,US.VA.WG,404,9,
Allegany County,US.MD.AL,403,22,
Banks County,US.GA.BS,403,6,
Le Sueur County,US.MN.LU,402,2,
Hickman County,US.TN.HN,402,4,
Ontario County,US.NY.OR,401,28,
Galax city,US.VA.GA,401,28,
Louisa County,US.IA.LO,399,14,
Linn County,US.OR.LN,399,13,
Cibola County,US.NM.CI,399,20,
Stephenson County,US.IL.SN,398,6,
Fayette County,US.WV.FA,398,9,
Bleckley County,US.GA.BK,397,17,
Ohio County,US.KY.OH,395,9,
Vermilion County,US.IL.VE,395,4,
La Salle Parish,US.LA.LA,395,5,
Nelson County,US.KY.NE,394,3,
Warren County,US.VA.WR,393,6,
Union County,US.OH.UN,393,1,
Boone County,US.AR.BO,393,4,
Hill County,US.TX.HI,392,11,
Parmer County,US.TX.PM,392,7,
Adams County,US.IN.AD,391,4,
Macoupin County,US.IL.MP,391,6,
Scioto County,US.OH.SC,391,3,
Lawrence County,US.MO.LW,389,2,
Raleigh County,US.WV.RL,389,4,
Ashley County,US.AR.AS,389,7,
Yalobusha County,US.MS.YL,389,13,
Andrews County,US.TX.AR,388,8,
Freestone County,US.TX.FE,386,1,
Jefferson County,US.WV.JE,386,4,
Barron County,US.WI.BR,385,3,
Catahoula Parish,US.LA.CT,384,6,
Huntingdon County,US.PA.HU,383,5,
Grand Traverse County,US.MI.GN,383,7,
Augusta County,US.VA.AU,382,4,
Evans County,US.GA.EV,382,5,
Henry County,US.IA.HE,381,4,
Greene County,US.IN.GE,381,38,
Knox County,US.IN.KN,380,6,
Fayette County,US.TX.FT,379,18,
Knox County,US.KY.KX,377,9,
Stewart County,US.GA.SW,377,11,
McLeod County,US.MN.MC,377,1,
Franklin County,US.IL.FR,377,1,
Columbia County,US.WI.CO,377,2,
Marion County,US.TN.MI,377,7,
Chippewa County,US.WI.CH,376,0,
Southampton County,US.VA.SA,375,13,
Preble County,US.OH.PR,374,6,
Barry County,US.MO.BR,374,5,
Claiborne County,US.TN.CI,374,3,
Seneca County,US.OH.SE,374,12,
Bremer County,US.IA.BR,372,7,
Cascade County,US.MT.CS,372,5,
Jefferson County,US.ID.JF,372,1,
St. Helena Parish,US.LA.SH,371,2,
DeKalb County,US.IN.DE,371,8,
Scotts Bluff County,US.NE.SC,371,6,
Hancock County,US.GA.HC,370,39,
Candler County,US.GA.CR,369,16,
Martin County,US.NC.MR,369,7,
Pemiscot County,US.MO.PM,367,9,
Rio Arriba County,US.NM.RI,367,13,
Boone County,US.IA.BO,367,4,
Logan County,US.AR.LG,367,1,
Summit County,US.CO.SU,366,4,
La Salle County,US.TX.LS,366,4,
Page County,US.VA.PA,365,27,
Howard County,US.TX.HW,364,8,
Lewis County,US.WA.LE,362,4,
Lake County,US.CA.LK,360,5,
Washington County,US.IA.WS,360,11,
Kay County,US.OK.KA,359,12,
Haralson County,US.GA.HS,359,8,
Duval County,US.TX.DU,359,10,
Telfair County,US.GA.TF,358,14,
Bristol County,US.RI.BR,358,16,
Campbell County,US.TN.CM,357,3,
Johnson County,US.GA.JH,356,14,
Stokes County,US.NC.SO,355,3,
Warren County,US.MO.WR,355,0,
Hopewell city,US.VA.HW,355,5,
Holmes County,US.OH.HL,354,7,
Person County,US.NC.PN,354,6,
Live Oak County,US.TX.LK,353,8,
Wise County,US.VA.WI,353,5,
Maui County,US.HI.MA,352,8,
Lyon County,US.NV.LY,351,6,
Polk County,US.TN.PO,350,10,
Montrose County,US.CO.MO,350,13,
Custer County,US.OK.CU,350,0,
Sussex County,US.VA.SS,350,9,
Armstrong County,US.PA.AR,349,12,
Humphreys County,US.MS.HU,349,15,
Quitman County,US.MS.QU,348,4,
Northampton County,US.NC.NO,348,17,
Campbell County,US.VA.CM,348,3,
Perry County,US.MS.PY,346,11,
Fayette County,US.AL.FA,345,6,
Seminole County,US.OK.SM,345,5,
Mercer County,US.WV.MR,344,24,
Gibson County,US.IN.GI,344,4,
Miami County,US.IN.MI,344,2,
Dodge County,US.GA.DG,343,8,
Jenkins County,US.GA.JK,342,26,
Chisago County,US.MN.CG,342,1,
Cooke County,US.TX.OO,341,5,
Houston County,US.TX.HS,341,9,
Decatur County,US.TN.DC,340,4,
Jasper County,US.IN.JS,340,2,
Luna County,US.NM.LU,339,5,
Martinsville city,US.VA.MR,339,6,
Rosebud County,US.MT.RS,338,5,
Putnam County,US.WV.PU,338,0,
Meade County,US.SD.MD,338,1,
Livingston County,US.MO.LV,336,1,
Polk County,US.MO.PO,336,0,
Pike County,US.KY.PI,336,3,
Hempstead County,US.AR.HE,335,3,
Choctaw County,US.AL.CC,334,12,
Mason County,US.WA.MA,334,1,
Beltrami County,US.MN.BT,333,1,
Crow Wing County,US.MN.CW,333,16,
Lincoln County,US.NE.LI,333,2,
Marion County,US.IL.MO,332,0,
Upshur County,US.TX.US,332,8,
Cass County,US.IL.CS,332,11,
Stone County,US.MS.ST,331,10,
Lamar County,US.GA.LM,331,16,
Panola County,US.TX.PN,330,23,
Scott County,US.IN.SC,329,12,
Red River Parish,US.LA.RE,329,20,
Franklin city,US.VA.FR,329,7,
Richmond County,US.VA.RI,327,4,
Geary County,US.KS.GE,326,2,
Warren County,US.NY.WR,325,30,
Oswego County,US.NY.OS,325,3,
Butler County,US.KY.BR,324,16,
Nez Perce County,US.ID.NE,324,19,
Lincoln County,US.OK.LI,324,9,
Howell County,US.MO.HW,324,3,
Laclede County,US.MO.LD,321,1,
Tompkins County,US.NY.TO,321,0,
Terrell County,US.GA.TL,321,31,
Wood County,US.WV.WO,321,5,
Pecos County,US.TX.PE,321,4,
Harlan County,US.KY.HL,320,8,
Amherst County,US.VA.AH,320,1,
Randolph County,US.GA.RN,320,27,
Logan County,US.OK.LG,320,1,
Camp County,US.TX.CP,319,8,
Randolph County,US.AR.RA,319,17,
Stoddard County,US.MO.SD,319,9,
Steuben County,US.NY.ST,319,39,
Iroquois County,US.IL.IR,318,19,
Chaffee County,US.CO.CA,317,19,
West Carroll Parish,US.LA.WC,317,9,
Jersey County,US.IL.JR,317,6,
Woodford County,US.IL.WO,316,3,
Ionia County,US.MI.II,316,7,
Brantley County,US.GA.BA,315,8,
Columbia County,US.AR.CI,315,15,
Otter Tail County,US.MN.OT,315,4,
Muskingum County,US.OH.MU,314,2,
Greene County,US.MS.GE,314,14,
Dinwiddie County,US.VA.DN,314,8,
Webster County,US.MS.WE,313,13,
Greene County,US.NY.GR,313,14,
Fulton County,US.NY.FU,312,28,
Steuben County,US.IN.SE,312,6,
McDonough County,US.IL.MU,312,15,
Owyhee County,US.ID.OW,311,5,
Barton County,US.KS.BT,311,5,
Orleans County,US.NY.OL,310,55,
Logan County,US.IL.LO,310,1,
Drew County,US.AR.DR,309,5,
Natrona County,US.WY.NA,309,2,
Audrain County,US.MO.AU,309,2,
Harvey County,US.KS.HV,308,5,
Clinch County,US.GA.CC,308,5,
Shawano County,US.WI.SA,308,0,
Waseca County,US.MN.WE,308,3,
Brunswick County,US.VA.BU,308,2,
Jefferson Davis County,US.MS.JD,308,9,
Perry County,US.IL.PY,308,12,
Franklin County,US.IA.FN,308,17,
Sweetwater County,US.WY.SW,308,2,
Uinta County,US.WY.UI,308,2,
Sullivan County,US.IN.SU,308,10,
Madison County,US.AR.MD,308,2,
Smyth County,US.VA.SM,307,5,
Stone County,US.MO.SE,307,2,
Herkimer County,US.NY.HE,306,10,
Screven County,US.GA.SR,305,9,
Hillsdale County,US.MI.HI,305,26,
Northampton County,US.VA.NA,304,29,
Seminole County,US.GA.SI,304,8,
Bradley County,US.AR.BR,303,6,
Newaygo County,US.MI.NE,303,1,
Allendale County,US.SC.AL,303,6,
Washington County,US.ID.WA,303,4,
Cross County,US.AR.CO,303,5,
Monroe County,US.WI.MO,302,2,
Pierce County,US.WI.PI,302,6,
Lamar County,US.AL.LM,301,2,
Refugio County,US.TX.RF,301,10,
Burleson County,US.TX.BU,301,6,
Little River County,US.AR.LT,300,15,
Genesee County,US.NY.GE,300,6,
Cherokee County,US.KS.CK,300,2,
Lamb County,US.TX.LB,299,20,
Elmore County,US.ID.EL,298,3,
Wilkinson County,US.GA.WI,298,17,
Carroll County,US.MS.CL,296,12,
Warren County,US.NC.WR,296,7,
Harrison County,US.WV.HR,296,2,
Aransas County,US.TX.AA,295,18,
Zapata County,US.TX.ZP,295,4,
Perry County,US.KY.PR,294,8,
Dooly County,US.GA.DO,294,14,
Ohio County,US.WV.OH,294,6,
Gunnison County,US.CO.GU,294,7,
Arkansas County,US.AR.AR,294,3,
St. Lawrence County,US.NY.SI,293,4,
Rabun County,US.GA.RB,293,6,
Miller County,US.MO.ML,292,1,
Greene County,US.AL.GR,292,15,
Jefferson County,US.OH.JE,292,4,
Grayson County,US.KY.GY,291,12,
Fentress County,US.TN.FE,291,0,
Grainger County,US.TN.GA,290,1,
Union County,US.SD.UN,290,5,
Oglethorpe County,US.GA.OG,290,11,
Hamilton County,US.IA.HM,290,2,
Franklin County,US.IN.FR,289,26,
Wayne County,US.NY.WN,288,3,
Pike County,US.GA.PK,288,8,
Caldwell Parish,US.LA.CW,286,3,
Hockley County,US.TX.HC,286,6,
Stutsman County,US.ND.SU,286,3,
Wayne County,US.WV.WA,285,10,
Jennings County,US.IN.JN,285,14,
Jackson County,US.KY.JA,285,15,
Amite County,US.MS.AM,285,7,
Wilkinson County,US.MS.WK,284,17,
Green County,US.WI.GN,282,2,
Turner County,US.GA.TR,282,21,
Douglas County,US.WI.DG,280,0,
Cooper County,US.MO.CP,280,2,
Boyd County,US.KY.BD,280,4,
Susquehanna County,US.PA.SS,280,28,
Benton County,US.TN.BN,279,7,
Grays Harbor County,US.WA.GY,277,6,
Kemper County,US.MS.KE,277,15,
Adair County,US.KY.AD,277,19,
Kingfisher County,US.OK.KN,275,2,
Lanier County,US.GA.LI,275,5,
Madison County,US.ID.MA,275,0,
Webster County,US.MO.WE,275,1,
Lee County,US.IL.LE,274,1,
Garvin County,US.OK.GV,274,4,
Island County,US.WA.IS,274,11,
Caroline County,US.VA.CI,274,5,
Calaveras County,US.CA.CA,273,2,
Mingo County,US.WV.MO,272,7,
Brooks County,US.TX.BK,272,19,
Franklin County,US.KS.FR,271,3,
Kent County,US.MD.KE,271,24,
Warren County,US.IL.WR,270,1,
Cowley County,US.KS.CL,270,3,
Goodhue County,US.MN.GO,269,9,
Cass County,US.NE.CS,269,2,
Orange County,US.VA.OR,269,4,
Clark County,US.KY.CK,269,8,
Washington County,US.NY.WS,269,14,
Gaines County,US.TX.GS,268,8,
Christian County,US.IL.CI,267,6,
Transylvania County,US.NC.TR,267,5,
Cass County,US.TX.CS,267,12,
Stephens County,US.OK.ST,267,4,
Zavala County,US.TX.ZV,266,13,
Lafayette County,US.MO.LF,266,2,
Montgomery County,US.IL.MT,266,10,
Marquette County,US.MI.MQ,265,11,
Cleburne County,US.AR.CB,264,7,
McIntosh County,US.GA.MH,264,6,
Lawrence County,US.AR.LW,263,11,
Montgomery County,US.KS.MG,262,5,
Adair County,US.MO.AD,262,0,
Washington County,US.MO.WS,262,1,
Allen County,US.KY.AL,261,9,
Jackson County,US.TN.JA,261,2,
Menominee County,US.MI.MM,261,0,
Morgan County,US.TN.MG,261,2,
Orange County,US.IN.OR,260,26,
Louisa County,US.VA.LI,260,3,
Carroll County,US.IN.CO,260,13,
Greenup County,US.KY.GU,259,2,
Douglas County,US.NV.DO,259,1,
Pontotoc County,US.OK.PN,259,3,
Caswell County,US.NC.CS,258,3,
Lawrence County,US.SD.LW,258,4,
Choctaw County,US.OK.CA,258,2,
Casey County,US.KY.CS,257,15,
Clark County,US.WI.CL,257,8,
Latah County,US.ID.LA,257,0,
Champaign County,US.OH.CH,257,3,
Saunders County,US.NE.SU,257,2,
Knox County,US.OH.KN,257,15,
Clinton County,US.OH.CI,257,11,
Botetourt County,US.VA.BO,256,10,
Phelps County,US.MO.PH,256,1,
Hopkins County,US.TX.HP,256,8,
Clark County,US.AR.CK,255,4,
Sharkey County,US.MS.SH,254,9,
Delaware County,US.IA.DA,254,3,
Robertson County,US.TX.RO,254,5,
Yankton County,US.SD.YA,253,3,
Desha County,US.AR.DE,252,5,
Logan County,US.OH.LG,251,2,
Ripley County,US.IN.RI,251,8,
Gray County,US.TX.GY,250,5,
McIntosh County,US.OK.MI,250,4,
Mahaska County,US.IA.MK,249,18,
Pawnee County,US.KS.PN,249,0,
Otsego County,US.NY.OO,249,4,
Benson County,US.ND.BE,249,4,
Pulaski County,US.GA.PL,248,9,
Martin County,US.MN.MT,248,9,
Juneau County,US.WI.JU,248,1,
Clay County,US.IN.CY,248,5,
Perry County,US.OH.PE,248,9,
Shelby County,US.IL.SB,248,3,
Dare County,US.NC.DE,246,2,
Miami County,US.KS.MI,245,0,
Chowan County,US.NC.CW,245,2,
Union County,US.TN.UO,245,1,
Dawson County,US.TX.DW,245,8,
Mississippi County,US.MO.MI,245,0,
Hardin County,US.IA.HD,245,1,
Patrick County,US.VA.PK,244,13,
Clarke County,US.IA.CK,244,3,
Clay County,US.IA.CY,243,3,
Clearfield County,US.PA.CF,243,1,
La Plata County,US.CO.LA,242,2,
Cleburne County,US.AL.CB,242,5,
Gooding County,US.ID.GO,242,1,
Bosque County,US.TX.BQ,241,5,
Montcalm County,US.MI.MC,241,4,
Grayson County,US.VA.GY,241,8,
Irwin County,US.GA.IR,240,4,
Penobscot County,US.ME.PE,240,6,
Franklin County,US.VA.FN,240,1,
Washington County,US.IN.WS,239,1,
Alamosa County,US.CO.AL,238,9,
Hood River County,US.OR.HO,238,0,
Montgomery County,US.GA.MM,238,4,
Echols County,US.GA.EC,238,2,
Gem County,US.ID.GE,238,2,
Emporia city,US.VA.EM,238,19,
Amador County,US.CA.AM,237,14,
Douglas County,US.IL.DO,237,5,
Castro County,US.TX.AS,236,4,
Young County,US.TX.YU,236,6,
Klamath County,US.OR.KL,236,2,
Hughes County,US.OK.HU,236,4,
Polk County,US.NC.PO,235,7,
Morrow County,US.OH.MW,235,2,
Unicoi County,US.TN.UC,235,1,
Winneshiek County,US.IA.WH,235,4,
Simpson County,US.KY.SI,234,7,
Brown County,US.OH.BR,234,2,
Thurston County,US.NE.TU,234,4,
Polk County,US.AR.PL,234,4,
Wells County,US.IN.WE,233,2,
Hardin County,US.OH.HD,233,13,
Floyd County,US.IA.FL,233,3,
Chenango County,US.NY.CH,233,6,
Washington County,US.OH.WS,233,23,
Wilkes County,US.GA.WS,232,3,
Colonial Heights city,US.VA.CH,232,23,
Jackson County,US.IA.JC,231,2,
Stone County,US.AR.ST,231,4,
Westmoreland County,US.VA.WM,231,3,
Henry County,US.OH.HE,230,8,
Halifax County,US.VA.HL,230,4,
Calhoun County,US.GA.CU,229,7,
Pawnee County,US.OK.PW,229,3,
Fluvanna County,US.VA.FV,229,9,
Livingston County,US.IL.LI,229,4,
Marion County,US.WV.MI,228,2,
Posey County,US.IN.PS,228,0,
Otero County,US.NM.OT,227,12,
Clay County,US.KY.CY,227,6,
Wilcox County,US.GA.WC,227,20,
Defiance County,US.OH.DF,227,7,
Cattaraugus County,US.NY.CG,227,6,
Wabash County,US.IN.WB,227,6,
Randolph County,US.WV.RN,227,1,
Cannon County,US.TN.CN,227,0,
Emmet County,US.IA.EM,227,8,
Whitley County,US.IN.WL,226,6,
Miller County,US.GA.ML,226,1,
Bonner County,US.ID.BR,226,0,
Barry County,US.MI.BR,225,2,
Treutlen County,US.GA.TE,225,5,
Goochland County,US.VA.GO,224,7,
Jefferson County,US.MS.JF,224,9,
Waynesboro city,US.VA.WS,224,3,
Lee County,US.VA.LE,224,4,
Benton County,US.OR.BE,223,6,
O'Brien County,US.IA.OB,223,8,
Towns County,US.GA.TW,223,6,
Randolph County,US.IN.RA,222,7,
Shelby County,US.IA.SH,222,1,
Woodford County,US.KY.WO,222,0,
Ashe County,US.NC.AS,222,1,
Oneida County,US.WI.ON,222,1,
Crawford County,US.PA.CW,222,2,
Lake County,US.MT.LA,222,1,
Comanche County,US.TX.CE,221,3,
Polk County,US.MN.PL,221,4,
Boyle County,US.KY.BE,220,0,
Jefferson County,US.IN.JF,220,3,
Avery County,US.NC.AV,220,0,
Butler County,US.IA.BE,220,2,
Crawford County,US.MO.CF,219,1,
Wasco County,US.OR.WC,219,3,
Coshocton County,US.OH.CS,219,9,
Salem city,US.VA.SE,218,4,
Whitley County,US.KY.WH,218,2,
Dade County,US.GA.DD,218,4,
Benton County,US.IA.BN,217,1,
Starke County,US.IN.SR,217,8,
Clallam County,US.WA.CL,217,1,
Conway County,US.AR.CN,216,3,
Montgomery County,US.NY.MT,214,8,
Jackson County,US.KS.JA,213,1,
Taylor County,US.KY.TA,213,5,
Itasca County,US.MN.IT,212,13,
Tioga County,US.NY.TI,211,21,
Macon County,US.GA.MC,211,10,
Dallam County,US.TX.DL,211,8,
Roosevelt County,US.NM.RO,210,3,
Fulton County,US.IN.FU,210,2,
Runnels County,US.TX.RN,210,3,
Jackson County,US.WV.JA,210,20,
King George County,US.VA.KG,210,4,
Montgomery County,US.KY.MM,210,1,
Terry County,US.TX.TE,209,3,
Carlton County,US.MN.CL,208,1,
Perry County,US.IN.PE,208,15,
Huron County,US.MI.HU,208,4,
Alleghany County,US.NC.AL,207,0,
Tazewell County,US.VA.TA,207,2,
Gloucester County,US.VA.GL,207,2,
Lewis and Clark County,US.MT.LE,207,3,
Becker County,US.MN.BC,207,2,
Chemung County,US.NY.CM,206,2,
Cameron Parish,US.LA.CM,206,1,
Nottoway County,US.VA.NY,206,15,
Gillespie County,US.TX.GL,205,8,
Somerset County,US.MD.SO,205,4,
Leon County,US.TX.LN,205,5,
Kewaunee County,US.WI.KW,205,2,
San Jacinto County,US.TX.SJ,205,8,
Campbell County,US.WY.CM,204,1,
Shoshone County,US.ID.SH,204,16,
Marshall County,US.KY.MH,204,2,
Moniteau County,US.MO.ME,204,4,
McPherson County,US.KS.MP,204,1,
Brewster County,US.TX.BS,203,2,
Pamlico County,US.NC.PM,203,2,
Crawford County,US.OH.CF,203,5,
Cottonwood County,US.MN.CT,203,0,
Clay County,US.AR.CY,203,5,
Bailey County,US.TX.BY,203,4,
Atchison County,US.KS.AT,202,1,
Fayette County,US.IL.FA,202,3,
Fayette County,US.OH.FY,202,5,
Bond County,US.IL.BN,202,4,
Grant County,US.AR.GN,202,1,
Lee County,US.TX.LE,202,14,
Tipton County,US.IN.TT,202,24,
Pitkin County,US.CO.PI,201,2,
Benton County,US.MS.BE,201,1,
Green County,US.KY.GN,200,7,
Lincoln County,US.GA.LC,200,7,
Greene County,US.VA.GE,200,3,
Poweshiek County,US.IA.PW,198,8,
Madison County,US.MO.MD,198,0,
Pipestone County,US.MN.PS,198,9,
Russell County,US.KY.RU,198,6,
Kendall County,US.TX.KD,197,5,
Highland County,US.OH.HI,197,3,
Fulton County,US.OH.FU,197,1,
Carroll County,US.KY.CL,195,5,
Jo Daviess County,US.IL.JO,195,2,
Powhatan County,US.VA.PH,195,4,
Lewis County,US.KY.LI,195,12,
Labette County,US.KS.LB,195,3,
Russell County,US.VA.RU,194,4,
Gratiot County,US.MI.GT,194,15,
Jackson County,US.AR.JA,194,1,
Jasper County,US.GA.JS,193,4,
Kennebec County,US.ME.KE,193,11,
Oglala Lakota County,US.SD.SH,193,2,
Lawrence County,US.IL.LW,193,0,
Tyler County,US.TX.TY,192,4,
Long County,US.GA.LG,192,3,
San Augustine County,US.TX.SG,192,12,
Isanti County,US.MN.IS,192,0,
Wyandot County,US.OH.WD,191,11,
Carbon County,US.WY.CB,191,2,
Clayton County,US.IA.CT,189,3,
Dunn County,US.WI.DN,189,0,
Wythe County,US.VA.WY,189,3,
Wayne County,US.PA.WN,188,10,
Livingston County,US.NY.LI,188,6,
Marion County,US.KY.MN,187,4,
Allamakee County,US.IA.AL,187,5,
Tuolumne County,US.CA.TO,187,2,
Washington County,US.NC.WI,186,6,
Lafayette County,US.WI.LF,186,0,
City and Borough of Juneau,US.AK.JU,186,1,
Dimmit County,US.TX.DM,186,7,
Jones County,US.IA.JN,185,2,
Buchanan County,US.IA.BC,184,1,
Huntington County,US.IN.HU,184,3,
Polk County,US.WI.PL,183,2,
Inyo County,US.CA.IN,183,13,
Rowan County,US.KY.RW,183,0,
Pike County,US.AR.PE,183,1,
Trinity County,US.TX.TR,182,6,
Cayuga County,US.NY.CY,182,2,
Douglas County,US.MN.DU,182,1,
Franklin County,US.AR.FR,182,2,
Delta County,US.MI.DE,182,3,
Saline County,US.IL.SE,182,3,
Mountrail County,US.ND.MU,181,1,
Somerset County,US.PA.SO,181,3,
Waushara County,US.WI.WS,181,2,
Jackson County,US.OH.JA,181,2,
Moultrie County,US.IL.MI,180,3,
Haskell County,US.OK.HS,180,4,
Douglas County,US.OR.DO,180,3,
Washington County,US.NE.WS,180,1,
Franklin County,US.MS.FR,180,3,
Reeves County,US.TX.RE,180,5,
Appomattox County,US.VA.AP,180,1,
Rush County,US.IN.RU,180,4,
Heard County,US.GA.HD,179,5,
Guthrie County,US.IA.GH,178,5,
Ashland County,US.OH.AL,178,4,
Perry County,US.PA.PE,178,5,
Klickitat County,US.WA.KL,178,3,
Sullivan County,US.MO.SV,178,0,
Marion County,US.GA.MR,178,6,
Snyder County,US.PA.SN,177,3,
Bedford County,US.PA.BO,177,5,
Staunton city,US.VA.SU,177,0,
Ouachita County,US.AR.OU,175,5,
Lincoln County,US.NM.LI,175,2,
Humphreys County,US.TN.HU,175,3,
Meigs County,US.TN.ME,175,2,
Sanpete County,US.UT.SP,174,1,
McLean County,US.ND.ML,174,2,
Falls County,US.TX.FL,174,3,
Spencer County,US.KY.SP,173,0,
Yoakum County,US.TX.YA,173,4,
Seward County,US.NE.SA,173,2,
Cedar County,US.IA.CD,173,1,
Madison County,US.IA.MD,172,2,
Park County,US.WY.PA,172,1,
Spencer County,US.IN.SP,172,3,
McCormick County,US.SC.MC,172,5,
Josephine County,US.OR.JO,171,2,
Sheridan County,US.WY.SH,171,1,
Pottawatomie County,US.KS.PT,171,0,
Mifflin County,US.PA.MI,171,1,
Twiggs County,US.GA.TG,170,7,
Sequatchie County,US.TN.SQ,170,2,
Albany County,US.WY.AL,170,0,
Winnebago County,US.IA.WB,169,10,
Monroe County,US.KY.MO,168,3,
Nolan County,US.TX.NO,168,4,
Delta County,US.CO.DT,168,2,
Henry County,US.KY.HY,167,2,
Scott County,US.TN.SC,167,2,
Williams County,US.OH.WI,165,3,
Nevada County,US.AR.NV,165,12,
Sawyer County,US.WI.SW,165,0,
Taylor County,US.GA.TY,164,7,
Atoka County,US.OK.AT,164,1,
Crockett County,US.TX.CT,164,6,
Newton County,US.TX.NE,164,8,
Teller County,US.CO.TE,163,4,
Craig County,US.OK.CG,163,1,
Lyon County,US.IA.LY,162,2,
Scott County,US.VA.SC,162,4,
Mono County,US.CA.MO,162,2,
Hancock County,US.IA.HN,162,2,
Fremont County,US.CO.FR,162,0,
Choctaw County,US.MS.CW,161,4,
Pine County,US.MN.PN,161,0,
Dodge County,US.MN.DD,160,0,
Todd County,US.KY.TO,160,6,
Benton County,US.MO.BN,159,1,
Morris County,US.TX.MR,159,3,
Cumberland County,US.IL.CU,159,4,
Harrison County,US.KY.HS,158,0,
New Kent County,US.VA.NK,158,1,
Lampasas County,US.TX.LP,158,7,
Hancock County,US.IL.HC,158,2,
Williamsburg City,US.VA.WL,157,6,
Greene County,US.IL.GE,157,1,
Clinton County,US.PA.CN,156,5,
Jasper County,US.IL.JS,156,7,
Crawford County,US.GA.CW,156,3,
Sibley County,US.MN.SI,155,3,
Owen County,US.IN.OW,155,2,
Union County,US.KY.UN,155,1,
Talbot County,US.GA.TB,155,5,
Chippewa County,US.MN.CP,155,1,
Fayette County,US.IA.FT,155,1,
Floyd County,US.KY.FO,155,2,
Grundy County,US.TN.GU,155,3,
Jefferson County,US.NY.JE,154,1,
Sharp County,US.AR.SH,154,5,
Otsego County,US.MI.OS,154,11,
Wheeler County,US.GA.WL,154,8,
Floyd County,US.VA.FO,154,2,
Humboldt County,US.IA.HU,153,2,
Gallia County,US.OH.GA,153,4,
Hutchinson County,US.TX.UT,153,3,
Iosco County,US.MI.IC,153,12,
Pike County,US.MO.PI,153,2,
Harrison County,US.IA.HR,153,2,
Walsh County,US.ND.WL,152,1,
Clinton County,US.NY.CL,152,5,
Clinton County,US.MO.CO,152,0,
Davison County,US.SD.DV,152,2,
Bollinger County,US.MO.BI,152,1,
Boone County,US.WV.BN,152,0,
Meigs County,US.OH.MS,151,4,
Newton County,US.IN.NE,151,11,
Red River County,US.TX.RV,151,14,
Juniata County,US.PA.JU,151,6,
Tensas Parish,US.LA.TN,151,1,
Ramsey County,US.ND.RM,150,2,
Crawford County,US.IL.CW,149,1,
Richland County,US.ND.RI,149,1,
Montague County,US.TX.MU,148,3,
Perquimans County,US.NC.PQ,148,2,
Lewis County,US.TN.LE,148,1,
Carroll County,US.IL.CL,148,4,
Baxter County,US.AR.BA,147,1,
Essex County,US.NY.ES,147,7,
Gogebic County,US.MI.GO,147,1,
Greene County,US.PA.GR,146,1,
Mineral County,US.WV.ML,146,4,
Murray County,US.MN.MU,146,2,
Marion County,US.TX.MN,146,12,
Cherokee County,US.IA.CE,146,2,
Andrew County,US.MO.AN,146,1,
Pulaski County,US.VA.PU,146,3,
Lincoln County,US.KY.LN,145,10,
Jay County,US.IN.JY,145,0,
Morgan County,US.MO.MG,145,1,
Randolph County,US.MO.RN,144,1,
Door County,US.WI.DO,144,3,
Hocking County,US.OH.HC,144,9,
Howard County,US.IA.HO,144,3,
Siskiyou County,US.CA.SK,143,0,
Grant County,US.WV.GA,143,6,
Glacier County,US.MT.GC,143,1,
Essex County,US.VA.ES,143,2,
Montour County,US.PA.MO,143,5,
Texas County,US.MO.TE,142,1,
Hart County,US.KY.HT,142,1,
Hughes County,US.SD.HG,141,4,
Coosa County,US.AL.CS,141,3,
Grant County,US.KS.GT,141,3,
White County,US.IL.WE,141,0,
Millard County,US.UT.MD,141,0,
Grant County,US.KY.GT,141,6,
Preston County,US.WV.PR,141,4,
Cleveland County,US.AR.CV,141,6,
Van Buren County,US.AR.VA,140,2,
Jones County,US.NC.JN,140,7,
Mercer County,US.KY.MC,140,1,
Barnes County,US.ND.BA,140,0,
Adams County,US.WI.AD,139,3,
Guernsey County,US.OH.GU,139,7,
Gage County,US.NE.GG,138,4,
Sumner County,US.KS.SU,138,3,
Newton County,US.AR.NW,138,15,
Grundy County,US.IA.GN,137,1,
Brown County,US.MN.BR,137,2,
Pocahontas County,US.IA.PC,137,2,
Custer County,US.SD.CU,136,1,
Mills County,US.IA.ML,136,1,
Pulaski County,US.IL.PL,136,1,
Meade County,US.KY.MA,136,3,
Swain County,US.NC.SW,135,3,
Rockcastle County,US.KY.RC,135,1,
Cheshire County,US.NH.CH,135,3,
Howard County,US.MO.HR,135,1,
Power County,US.ID.PO,135,0,
McKenzie County,US.ND.MK,135,2,
Ray County,US.MO.RY,135,0,
Marshall County,US.OK.MH,135,1,
Dallas County,US.AR.DA,135,2,
Routt County,US.CO.RT,134,8,
Columbia County,US.OR.CL,134,1,
Teton County,US.ID.TE,133,0,
Calhoun County,US.IA.CO,133,2,
Monroe County,US.WV.ME,133,5,
Marshall County,US.WV.MH,133,1,
Beckham County,US.OK.BC,132,1,
Blanco County,US.TX.BC,132,5,
Alpena County,US.MI.AP,132,14,
Carroll County,US.OH.CO,132,6,
Pushmataha County,US.OK.PU,131,1,
Garrard County,US.KY.GR,131,2,
Wabasha County,US.MN.WB,131,0,
Wayne County,US.IL.WY,131,2,
Morrison County,US.MN.MR,131,1,
Emmet County,US.MI.EM,131,3,
Clay County,US.TN.CY,130,2,
Washington County,US.KY.WS,130,1,
Iron County,US.WI.IR,130,1,
Rolette County,US.ND.RO,129,3,
Bourbon County,US.KY.BU,129,1,
Mitchell County,US.IA.ME,129,0,
Jefferson County,US.KS.JF,129,0,
Sanilac County,US.MI.SL,128,7,
Johnson County,US.KY.JO,128,1,
Washington County,US.IL.WG,128,1,
Jack County,US.TX.JK,128,1,
Carter County,US.KY.CR,128,3,
Elbert County,US.CO.EB,128,2,
Stevens County,US.WA.ST,128,2,
Martin County,US.IN.MN,127,0,
Ste. Genevieve County,US.MO.SG,127,1,
Silver Bow County,US.MT.SI,127,0,
Rutland County,US.VT.RU,126,1,
Eastland County,US.TX.EA,126,3,
Mason County,US.MI.MN,126,0,
Wyoming County,US.NY.WM,126,5,
Stephens County,US.TX.SE,126,4,
Belknap County,US.NH.BE,126,4,
Fairfax city,US.VA.FC,126,7,
Sioux County,US.ND.SI,126,2,
Coos County,US.OR.CO,126,0,
Montezuma County,US.CO.MZ,126,5,
Lake County,US.SD.LK,126,6,
Hancock County,US.WV.HN,125,0,
Somervell County,US.TX.SV,125,4,
Otoe County,US.NE.OT,125,1,
Henry County,US.MO.HE,125,3,
Meeker County,US.MN.ME,125,2,
Lincoln County,US.WV.LI,125,2,
Vilas County,US.WI.VI,124,0,
Kossuth County,US.IA.KO,124,0,
Charles Mix County,US.SD.CH,124,0,
Del Norte County,US.CA.DE,124,1,
Fulton County,US.KY.FU,124,2,
Johnson County,US.IL.JH,124,0,
Love County,US.OK.LV,123,1,
Bristol city,US.VA.BI,123,2,
Warren County,US.GA.WR,123,5,
Sac County,US.IA.SA,123,0,
Iowa County,US.WI.IO,123,0,
Windham County,US.VT.WH,123,3,
Delaware County,US.NY.DE,123,4,
Fremont County,US.ID.FE,123,2,
Franklin County,US.VT.FR,123,7,
Jefferson County,US.IA.JE,123,1,
Wabash County,US.IL.WB,122,1,
Anderson County,US.KY.AN,122,1,
Iowa County,US.IA.IO,122,1,
Page County,US.IA.PG,122,0,
Palo Alto County,US.IA.PO,122,0,
Chickasaw County,US.IA.CC,121,0,
Prairie County,US.AR.PR,121,1,
Goliad County,US.TX.GI,121,6,
Benewah County,US.ID.BA,121,2,
McCulloch County,US.TX.MC,121,1,
Houghton County,US.MI.HO,121,3,
Clark County,US.IL.CK,121,2,
Dallas County,US.MO.DL,121,1,
Wilbarger County,US.TX.WG,120,2,
York County,US.NE.YO,120,0,
Perry County,US.TN.PE,120,0,
Mason County,US.WV.MN,119,1,
King William County,US.VA.KW,119,2,
Edmonson County,US.KY.ED,119,12,
Monroe County,US.IA.MR,119,8,
Currituck County,US.NC.CI,119,0,
Webster County,US.KY.WE,119,2,
Taylor County,US.WI.TA,119,3,
Grafton County,US.NH.GR,118,1,
Montgomery County,US.AR.MT,118,4,
Crawford County,US.WI.CR,118,0,
Taos County,US.NM.TA,118,3,
Cass County,US.IA.CS,118,2,
Ralls County,US.MO.RL,118,0,
Douglas County,US.MO.DO,117,2,
Carroll County,US.MO.CL,117,1,
Faribault County,US.MN.FA,117,0,
Noble County,US.OK.NB,117,2,
Franklin County,US.TX.FK,117,6,
Harper County,US.KS.HP,117,1,
Latimer County,US.OK.LA,116,2,
Lincoln County,US.WY.LI,116,1,
Moore County,US.TN.MO,116,1,
Kearney County,US.NE.KA,116,0,
Johnston County,US.OK.JO,116,2,
Houston County,US.TN.HO,115,0,
Vernon County,US.WI.VE,115,0,
Searcy County,US.AR.SA,114,0,
Barton County,US.MO.BT,114,0,
Taylor County,US.IA.TY,114,1,
Clay County,US.GA.CY,114,2,
Phillips County,US.MT.PH,114,0,
Rock County,US.MN.RC,114,0,
Mercer County,US.IL.ME,114,5,
Churchill County,US.NV.CH,113,1,
McCreary County,US.KY.MR,113,0,
Humboldt County,US.NV.HU,113,4,
Crawford County,US.MI.CF,113,5,
Pike County,US.IN.PI,113,1,
Ravalli County,US.MT.RA,113,2,
Pike County,US.OH.PK,113,0,
Wexford County,US.MI.WE,112,4,
Ward County,US.TX.WD,112,1,
Clay County,US.IL.CY,112,0,
Nowata County,US.OK.NW,111,1,
Saguache County,US.CO.SG,111,2,
Ochiltree County,US.TX.OC,111,4,
Mille Lacs County,US.MN.MI,110,3,
Washakie County,US.WY.WA,110,6,
Buffalo County,US.SD.BF,110,3,
Mason County,US.KY.MS,110,2,
Monona County,US.IA.MO,109,1,
Yellow Medicine County,US.MN.YE,109,1,
Izard County,US.AR.IZ,109,0,
Okfuskee County,US.OK.OF,109,3,
Taylor County,US.WV.TA,109,6,
Bandera County,US.TX.BA,109,6,
Tyrrell County,US.NC.TY,108,2,
Woodward County,US.OK.WW,108,0,
Carroll County,US.NH.CA,108,1,
Hyde County,US.NC.HE,108,3,
Hamilton County,US.NE.HM,107,12,
Juab County,US.UT.JU,107,1,
Vermillion County,US.IN.VE,107,0,
Van Buren County,US.IA.VA,106,1,
Van Buren County,US.TN.VA,106,0,
Pulaski County,US.IN.PL,106,1,
Stewart County,US.TN.SA,106,0,
Clare County,US.MI.CE,106,4,
Greenbrier County,US.WV.GE,106,3,
Monroe County,US.OH.ME,105,18,
Hartley County,US.TX.HL,105,0,
Bourbon County,US.KS.BB,105,2,
Bennington County,US.VT.BE,105,1,
Cass County,US.MN.CS,105,3,
Roberts County,US.SD.RO,105,1,
Real County,US.TX.RL,105,5,
Hansford County,US.TX.HF,105,3,
Hamilton County,US.TX.HM,105,4,
Wright County,US.MO.WG,104,0,
Llano County,US.TX.LL,104,1,
Lyman County,US.SD.LY,104,3,
Yancey County,US.NC.YN,104,0,
Uintah County,US.UT.UN,104,1,
Green Lake County,US.WI.GL,104,0,
Mecosta County,US.MI.MT,103,2,
Breckinridge County,US.KY.BC,103,2,
Trigg County,US.KY.TG,103,0,
Forest County,US.WI.FR,103,4,
Vernon County,US.MO.VE,103,0,
Garza County,US.TX.GR,102,3,
Bradford County,US.PA.BF,102,3,
Ripley County,US.MO.RI,102,0,
Fulton County,US.IL.FU,102,0,
Seneca County,US.NY.SC,102,1,
Cortland County,US.NY.CD,102,1,
Fountain County,US.IN.FO,101,2,
Marquette County,US.WI.MQ,101,1,
Camden County,US.NC.CD,101,3,
Gentry County,US.MO.GT,101,9,
Wayne County,US.KY.WY,101,0,
Gasconade County,US.MO.GA,101,4,
Amelia County,US.VA.AI,101,3,
Cumberland County,US.VA.CU,101,0,
Lunenburg County,US.VA.LN,100,2,
Osceola County,US.IA.OS,100,0,
Clarion County,US.PA.CL,100,3,
Monroe County,US.AR.ME,100,0,
Neosho County,US.KS.NO,100,0,
Pennington County,US.MN.PI,100,1,
Wayne County,US.MO.WY,99,0,
Brooke County,US.WV.BO,99,1,
Floyd County,US.TX.FY,99,9,
Jefferson County,US.PA.JE,99,1,
Lucas County,US.IA.LU,99,5,
Buchanan County,US.VA.BH,99,2,
Piatt County,US.IL.PA,99,0,
Winkler County,US.TX.WI,98,1,
Hill County,US.MT.HI,98,2,
Issaquena County,US.MS.IS,98,3,
Hidalgo County,US.NM.HI,98,2,
Gray County,US.KS.GY,98,0,
Jackson County,US.MN.JA,98,1,
Hancock County,US.TN.HC,98,2,
Schley County,US.GA.SY,97,2,
Clatsop County,US.OR.CT,97,0,
Northumberland County,US.VA.NU,97,5,
Duchesne County,US.UT.DU,97,0,
Nemaha County,US.NE.NE,97,0,
Butler County,US.NE.BE,96,0,
Van Wert County,US.OH.VA,96,2,
Mason County,US.IL.MS,96,1,
Cuming County,US.NE.CM,96,0,
Leelanau County,US.MI.LE,96,1,
Gates County,US.NC.GT,95,3,
Swisher County,US.TX.SW,95,3,
Adams County,US.OH.AD,95,4,
Clay County,US.NC.CY,95,1,
Madison County,US.MT.MA,95,1,
Rio Grande County,US.CO.RG,94,2,
Knott County,US.KY.KT,94,1,
Renville County,US.MN.RN,94,6,
Edgar County,US.IL.EG,94,2,
San Miguel County,US.CO.SM,94,0,
Larue County,US.KY.LR,94,1,
Union County,US.IA.UN,93,3,
Sevier County,US.UT.SE,93,1,
Murray County,US.OK.MR,93,1,
Mitchell County,US.NC.MI,93,3,
Carbon County,US.MT.CB,93,0,
Hampshire County,US.WV.HM,92,1,
Lincoln County,US.MT.LN,92,2,
Madison County,US.VA.MD,92,2,
Gallatin County,US.KY.GL,92,8,
Allegany County,US.NY.AL,92,2,
Turner County,US.SD.TU,92,0,
Dawes County,US.NE.DS,91,0,
Presidio County,US.TX.PS,91,5,
Dewey County,US.SD.DW,91,0,
Koochiching County,US.MN.KO,91,3,
Greer County,US.OK.GE,91,8,
Brown County,US.IN.BR,91,2,
Osage County,US.MO.OS,91,1,
Appanoose County,US.IA.AP,90,3,
Davis County,US.IA.DV,90,3,
Cumberland County,US.KY.CU,90,0,
Union County,US.IN.UN,90,0,
Blackford County,US.IN.BL,89,2,
Caldwell County,US.KY.CD,89,0,
Scott County,US.AR.SC,89,0,
Buffalo County,US.WI.BF,89,2,
Grundy County,US.MO.GU,89,1,
Fillmore County,US.MN.FI,89,0,
Nelson County,US.VA.NL,88,0,
Prowers County,US.CO.PR,88,0,
Lincoln County,US.WI.LI,88,1,
Coffey County,US.KS.CF,88,8,
Scott County,US.KS.SC,87,1,
Metcalfe County,US.KY.MT,87,2,
Todd County,US.SD.TO,87,5,
Parke County,US.IN.PA,87,2,
Grant County,US.NM.GR,87,2,
Lynn County,US.TX.LY,87,4,
Reagan County,US.TX.RG,86,6,
Surry County,US.VA.SR,86,3,
San Miguel County,US.NM.SM,86,0,
Carbon County,US.UT.CR,85,0,
Owen County,US.KY.OE,85,1,
Valley County,US.ID.VA,85,1,
Harrison County,US.MO.HS,85,1,
Powell County,US.KY.PO,85,0,
Langlade County,US.WI.LN,84,2,
Benton County,US.IN.BE,84,0,
Fulton County,US.AR.FU,84,1,
Paulding County,US.OH.PA,84,0,
Rockbridge County,US.VA.RB,84,1,
Montgomery County,US.IA.MG,84,5,
Houston County,US.MN.HO,84,0,
Cheboygan County,US.MI.CY,83,2,
Clarke County,US.VA.CK,83,0,
Worth County,US.IA.WT,83,0,
Addison County,US.VT.AD,82,2,
Macon County,US.MO.MN,82,0,
Otero County,US.CO.OT,82,6,
Blaine County,US.OK.BL,82,1,
Marion County,US.KS.MN,82,1,
Crosby County,US.TX.CB,81,1,
Morgan County,US.UT.MN,81,0,
Lancaster County,US.VA.LA,81,0,
Gladwin County,US.MI.GL,81,2,
Osceola County,US.MI.OE,81,0,
Lake County,US.CO.LK,81,0,
Brown County,US.KS.BR,80,3,
Ford County,US.IL.FO,80,3,
Windsor County,US.VT.WS,80,2,
Deer Lodge County,US.MT.DE,80,0,
Charlotte County,US.VA.CT,79,0,
Pickett County,US.TN.PI,79,1,
Charlevoix County,US.MI.CV,79,3,
Phelps County,US.NE.PH,79,0,
Menard County,US.IL.MN,79,0,
Jim Hogg County,US.TX.JG,79,2,
Crittenden County,US.KY.CT,79,1,
Letcher County,US.KY.LT,79,2,
Pike County,US.IL.PK,79,0,
DeKalb County,US.MO.DE,79,1,
Knox County,US.NE.KN,79,0,
Bates County,US.MO.BS,78,1,
Socorro County,US.NM.SO,78,6,
Roscommon County,US.MI.RO,78,4,
Richland County,US.IL.RI,78,4,
Graham County,US.NC.GH,77,0,
Sutton County,US.TX.ST,77,2,
Traill County,US.ND.TR,77,0,
Jackson County,US.WI.JA,77,1,
Baker County,US.OR.BA,77,2,
Roseau County,US.MN.RS,77,0,
Kearny County,US.KS.KE,77,1,
Custer County,US.NE.CU,76,4,
Kit Carson County,US.CO.KT,76,3,
Buena Vista city,US.VA.BE,76,1,
Chase County,US.KS.CS,75,1,
Monroe County,US.MO.MR,75,0,
Sabine County,US.TX.SB,75,8,
Mitchell County,US.TX.MH,75,1,
Hardy County,US.WV.HD,75,0,
Dickinson County,US.KS.DK,75,1,
Redwood County,US.MN.RW,75,0,
Valdez-Cordova Census Area,US.AK.VA,75,0,
Merrick County,US.NE.ME,75,1,
Clinton County,US.KY.CO,75,2,
Mason County,US.TX.MA,75,1,
Lafayette County,US.AR.LF,74,2,
Madison County,US.NC.MD,74,1,
Ohio County,US.IN.OH,74,7,
Brule County,US.SD.BU,74,0,
Lincoln County,US.ID.LI,74,0,
Mariposa County,US.CA.MP,74,2,
Crawford County,US.IN.CW,74,1,
Martin County,US.TX.MT,74,5,
McDowell County,US.WV.MC,74,0,
Meade County,US.KS.ME,74,0,
Crowley County,US.CO.CR,73,1,
Fleming County,US.KY.FE,73,0,
Callahan County,US.TX.AL,73,3,
Massac County,US.IL.MA,73,1,
Beaverhead County,US.MT.BE,72,1,
Yukon-Koyukuk Census Area,US.AK.YU,72,1,
Schoharie County,US.NY.SO,72,2,
Dukes County,US.MA.DU,72,0,
Venango County,US.PA.VE,72,1,
Doniphan County,US.KS.DP,72,0,
Oxford County,US.ME.OX,71,0,
Washburn County,US.WI.WR,71,0,
Clay County,US.TX.CY,71,1,
Wyoming County,US.WV.WY,71,3,
Crane County,US.TX.CR,71,2,
Stevens County,US.MN.SV,71,1,
Osage County,US.KS.OS,71,0,
Poquoson city,US.VA.PQ,71,0,
Baker County,US.GA.BR,71,3,
Lincoln County,US.MN.LI,71,0,
Hickman County,US.KY.HA,70,0,
Keokuk County,US.IA.KE,70,1,
Jefferson County,US.WA.JE,70,0,
Waldo County,US.ME.WL,70,14,
Kanabec County,US.MN.KA,70,6,
Wyoming County,US.PA.WM,70,8,
Kalkaska County,US.MI.KK,70,4,
Lemhi County,US.ID.LM,70,0,
Northwest Arctic Borough,US.AK.NW,70,0,
Tillman County,US.OK.TI,70,1,
Charles City County,US.VA.CC,69,5,
Alleghany County,US.VA.AL,69,4,
Holt County,US.MO.HL,69,0,
Dickenson County,US.VA.DC,69,1,
Magoffin County,US.KY.MF,69,0,
Custer County,US.MT.CU,69,2,
Burt County,US.NE.BT,69,0,
Pendleton County,US.KY.PN,69,0,
Swift County,US.MN.SW,69,1,
Bath County,US.KY.BH,68,1,
Pierce County,US.NE.PI,68,4,
Pope County,US.MN.PE,68,0,
Knox County,US.TX.KX,67,8,
Hickory County,US.MO.HC,67,1,
Dickinson County,US.MI.DI,67,2,
Corson County,US.SD.CO,67,0,
Gallatin County,US.IL.GA,67,2,
Kane County,US.UT.KA,67,1,
Park County,US.MT.PA,67,0,
Morrill County,US.NE.MO,67,0,
Dixon County,US.NE.DI,67,2,
Goshen County,US.WY.GO,66,1,
Grand County,US.CO.GR,66,1,
Switzerland County,US.IN.SW,66,0,
Falls Church city,US.VA.FU,66,7,
Pacific County,US.WA.PA,66,3,
Yuma County,US.CO.YU,65,0,
Hancock County,US.KY.HC,65,0,
Howard County,US.NE.HW,65,5,
Hamlin County,US.SD.HM,65,0,
Lander County,US.NV.LA,65,1,
Hemphill County,US.TX.HH,64,0,
Washington County,US.VT.WA,64,2,
Elk County,US.PA.EL,64,2,
Arenac County,US.MI.AR,64,3,
Stevens County,US.KS.SV,64,0,
Richland County,US.MT.RI,64,2,
Garrett County,US.MD.GA,64,0,
Chippewa County,US.MI.CP,64,0,
Lewis County,US.MO.LE,64,2,
Greene County,US.IA.GE,64,0,
Quay County,US.NM.QU,64,2,
Fall River County,US.SD.FL,63,1,
Torrance County,US.NM.TO,63,1,
Perry County,US.AR.PY,63,0,
Coal County,US.OK.CL,63,0,
Clay County,US.NE.CL,62,0,
Boise County,US.ID.BS,62,1,
Fremont County,US.IA.FO,62,0,
Yates County,US.NY.YA,62,6,
Haskell County,US.KS.HS,62,0,
McLean County,US.KY.ML,62,1,
Oregon County,US.MO.OR,62,0,
Carlisle County,US.KY.CE,62,1,
Cloud County,US.KS.CD,61,1,
Manistee County,US.MI.ME,61,1,
Wabaunsee County,US.KS.WB,61,0,
Somerset County,US.ME.SO,61,3,
Richland County,US.WI.RI,61,4,
Antrim County,US.MI.AN,61,0,
Middlesex County,US.VA.MI,61,1,
Roosevelt County,US.MT.RO,61,1,
Sagadahoc County,US.ME.SA,61,0,
Estill County,US.KY.ES,60,0,
Franklin County,US.ID.FA,60,0,
Fisher County,US.TX.FH,60,1,
Wayne County,US.IA.WY,60,2,
Cedar County,US.MO.CD,60,0,
Spink County,US.SD.SP,60,0,
Skamania County,US.WA.SM,60,1,
Archer County,US.TX.AC,60,1,
Childress County,US.TX.CD,60,0,
Bland County,US.VA.BL,60,1,
Rains County,US.TX.RI,60,3,
Shannon County,US.MO.SN,59,1,
Livingston County,US.KY.LV,59,1,
Ozark County,US.MO.OZ,59,0,
Bethel Census Area,US.AK.BE,59,1,
Linn County,US.KS.LN,59,0,
Franklin County,US.NY.FR,59,1,
Greenlee County,US.AZ.GE,58,2,
Montgomery County,US.MO.MM,58,1,
Concho County,US.TX.ON,58,1,
Ogemaw County,US.MI.OG,58,5,
Aitkin County,US.MN.AI,58,1,
McCook County,US.SD.MC,58,1,
Giles County,US.VA.GI,58,0,
Toole County,US.MT.TO,57,6,
Asotin County,US.WA.AS,57,2,
Grand County,US.UT.GR,57,1,
Phillips County,US.KS.PL,57,8,
Crook County,US.OR.CR,57,1,
Nicholas County,US.WV.NI,57,3,
Nemaha County,US.KS.NM,57,1,
Major County,US.OK.MJ,57,1,
Breathitt County,US.KY.BT,57,0,
Martin County,US.KY.MI,57,2,
Kauai County,US.HI.KU,57,0,
Benzie County,US.MI.BE,57,2,
Bon Homme County,US.SD.BH,57,1,
Wayne County,US.NE.WY,56,0,
Haskell County,US.TX.HK,56,2,
Rappahannock County,US.VA.RP,56,2,
Pend Oreille County,US.WA.PE,56,0,
De Witt County,US.IL.DW,56,1,
Grant County,US.MN.GR,56,4,
Coleman County,US.TX.CM,56,3,
Sherman County,US.TX.SN,55,0,
Ziebach County,US.SD.ZI,55,0,
Donley County,US.TX.DO,55,1,
Hutchinson County,US.SD.HT,55,1,
King and Queen County,US.VA.KA,54,1,
Washington County,US.CO.WA,54,0,
Marshall County,US.IL.MH,54,0,
Deuel County,US.SD.DU,53,0,
Franklin County,US.ME.FR,53,1,
Thomas County,US.KS.TH,53,0,
Walworth County,US.SD.WA,52,0,
Henderson County,US.IL.HD,52,0,
Wilkin County,US.MN.WL,52,3,
Cedar County,US.NE.CA,52,0,
Dunn County,US.ND.DU,52,0,
Butte County,US.SD.BT,52,1,
Bayfield County,US.WI.BY,52,1,
Shelby County,US.MO.SB,52,0,
Schleicher County,US.TX.SH,51,2,
Linn County,US.MO.LN,51,1,
Marion County,US.AR.MN,51,0,
Missaukee County,US.MI.MU,51,1,
Wadena County,US.MN.WD,51,0,
Moody County,US.SD.MO,51,0,
Dent County,US.MO.DN,51,0,
Scott County,US.IL.SO,51,0,
Valley County,US.MT.VA,51,0,
Grant County,US.SD.GA,50,0,
Morgan County,US.KY.MG,50,0,
Eddy County,US.ND.ED,50,0,
Hancock County,US.ME.HA,50,1,
Dawson County,US.MT.DW,50,1,
Big Horn County,US.WY.BI,50,1,
Clark County,US.MO.CK,50,0,
Alexander County,US.IL.AL,50,1,
Lewis County,US.NY.LE,49,5,
Kiowa County,US.OK.KO,49,1,
Trimble County,US.KY.TM,49,0,
Maries County,US.MO.MS,49,0,
Coke County,US.TX.OK,49,3,
Pratt County,US.KS.PR,49,0,
Adair County,US.IA.AI,49,1,
Caldwell County,US.MO.CW,49,1,
Archuleta County,US.CO.AC,48,0,
North Slope Borough,US.AK.NH,48,0,
Sullivan County,US.NH.SU,48,1,
Tioga County,US.PA.TI,48,3,
Burnett County,US.WI.BN,48,2,
Decatur County,US.IA.DC,48,0,
Sublette County,US.WY.SU,48,1,
Pepin County,US.WI.PE,48,0,
Keith County,US.NE.KT,48,0,
Cotton County,US.OK.CT,48,2,
Ida County,US.IA.ID,48,0,
Ottawa County,US.KS.OT,47,0,
Lawrence County,US.KY.LC,47,0,
Hamilton County,US.IL.HM,47,0,
Clark County,US.KS.CA,47,1,
Norman County,US.MN.NR,47,0,
Ketchikan Gateway Borough,US.AK.KG,47,0,
Mercer County,US.ND.ME,46,0,
Converse County,US.WY.CE,46,0,
Hubbard County,US.MN.HU,46,0,
Upshur County,US.WV.UP,46,0,
Ransom County,US.ND.RN,46,0,
Garfield County,US.UT.GA,46,2,
Edwards County,US.IL.EW,45,0,
Park County,US.CO.PA,45,1,
Pendleton County,US.WV.PE,45,1,
Kingman County,US.KS.KM,45,0,
Nantucket County,US.MA.NA,45,1,
Morgan County,US.OH.MA,45,0,
Wetzel County,US.WV.WT,45,0,
Plumas County,US.CA.PU,45,0,
McHenry County,US.ND.MH,45,1,
Ballard County,US.KY.BA,45,1,
Boundary County,US.ID.BD,45,1,
Dickens County,US.TX.DC,45,1,
Lamoille County,US.VT.LA,45,1,
Pocahontas County,US.WV.PO,45,0,
Idaho County,US.ID.ID,44,0,
Beaver County,US.OK.BA,44,0,
Nome Census Area,US.AK.NM,44,0,
McIntosh County,US.ND.MI,44,3,
Jerauld County,US.SD.JE,44,1,
Anderson County,US.KS.AN,44,0,
Marshall County,US.MN.MS,44,1,
Hamilton County,US.KS.HM,44,0,
Rice County,US.KS.RC,44,1,
Stanton County,US.KS.ST,44,2,
Daviess County,US.MO.DV,43,0,
Lexington city,US.VA.LX,43,1,
Washita County,US.OK.WT,43,0,
Lyon County,US.KY.LY,43,4,
Mackinac County,US.MI.MK,43,0,
Custer County,US.ID.CU,43,0,
Caribou County,US.ID.CR,43,0,
Iron County,US.MO.IR,43,0,
Foster County,US.ND.FO,42,0,
Carter County,US.MO.CR,42,1,
Aurora County,US.SD.AU,42,0,
Day County,US.SD.DY,42,0,
Wheeler County,US.TX.WL,42,0,
Cochran County,US.TX.CC,42,1,
Leslie County,US.KY.LS,42,0,
Knox County,US.MO.KN,42,0,
Sanders County,US.MT.SA,41,0,
Tillamook County,US.OR.TI,41,0,
McKean County,US.PA.MC,41,2,
San Saba County,US.TX.SS,41,0,
Hudspeth County,US.TX.HU,41,2,
Jefferson County,US.MT.JE,41,0,
Audubon County,US.IA.AU,40,1,
Harmon County,US.OK.HM,40,0,
Stillwater County,US.MT.ST,40,2,
Webster County,US.GA.WT,40,2,
Morgan County,US.WV.MA,40,0,
Big Stone County,US.MN.BI,40,0,
Fulton County,US.PA.FU,39,2,
Warren County,US.IN.WN,39,1,
Vinton County,US.OH.VI,39,2,
Griggs County,US.ND.GI,39,1,
Pembina County,US.ND.PE,39,0,
Alcona County,US.MI.AC,38,2,
Sierra County,US.NM.SI,38,1,
Aroostook County,US.ME.AR,38,1,
Fergus County,US.MT.FE,38,0,
Republic County,US.KS.RP,38,0,
Sitka City and Borough,US.AK.SI,38,0,
Golden Valley County,US.ND.GO,38,0,
Culberson County,US.TX.UL,37,2,
Richardson County,US.NE.RI,37,1,
Lake County,US.MN.LE,37,0,
Faulk County,US.SD.FU,37,1,
Owsley County,US.KY.OS,37,1,
Ashland County,US.WI.AS,37,1,
Stark County,US.IL.SA,37,1,
Bracken County,US.KY.BK,37,0,
Iron County,US.MI.IR,37,1,
Mahnomen County,US.MN.MH,37,1,
Kidder County,US.ND.KI,37,0,
Lincoln County,US.ME.LI,36,1,
Lewis County,US.WV.LE,36,2,
Warren County,US.PA.WR,36,1,
Price County,US.WI.PC,36,0,
Clear Creek County,US.CO.CL,36,1,
Roane County,US.WV.RO,36,1,
Stafford County,US.KS.SF,36,1,
Ontonagon County,US.MI.ON,36,0,
Clay County,US.KS.CY,36,2,
Atchison County,US.MO.AT,36,0,
Mills County,US.TX.MS,35,0,
Gregory County,US.SD.GE,35,1,
Ness County,US.KS.NS,35,1,
Glascock County,US.GA.GS,35,2,
Chariton County,US.MO.CI,35,0,
Moffat County,US.CO.MF,35,1,
Menifee County,US.KY.ME,35,0,
Jefferson County,US.OK.JE,35,0,
Greenwood County,US.KS.GW,34,0,
Polk County,US.NE.PO,34,1,
Edmunds County,US.SD.ED,34,0,
Ringgold County,US.IA.RI,34,1,
Cavalier County,US.ND.CV,34,0,
Nelson County,US.ND.NE,34,0,
Edwards County,US.TX.ED,34,1,
Stanton County,US.NE.ST,34,0,
Sweet Grass County,US.MT.SW,34,1,
Barbour County,US.WV.BB,34,1,
Fillmore County,US.NE.FI,34,1,
Dade County,US.MO.DD,34,0,
Caledonia County,US.VT.CA,33,0,
Rooks County,US.KS.RO,33,0,
Calhoun County,US.IL.CH,33,0,
Beaver County,US.UT.BV,33,0,
Knox County,US.ME.KN,33,1,
Mitchell County,US.KS.MC,33,0,
Boone County,US.NE.BO,32,0,
Red Lake County,US.MN.RD,32,0,
Emmons County,US.ND.EM,32,1,
White Pine County,US.NV.WH,32,1,
Bennett County,US.SD.BN,32,0,
Lincoln County,US.WA.LI,32,1,
Douglas County,US.SD.DO,32,0,
Guadalupe County,US.NM.GU,32,1,
Costilla County,US.CO.CS,32,1,
Elliott County,US.KY.EL,31,0,
Harrison County,US.OH.HR,31,1,
Conejos County,US.CO.CN,31,0,
Bear Lake County,US.ID.BK,31,0,
Sheridan County,US.NE.SD,31,0,
Perkins County,US.NE.PE,31,7,
Box Butte County,US.NE.BX,31,0,
Union County,US.NM.UN,31,2,
Quitman County,US.GA.QU,31,1,
Allen County,US.KS.AL,31,0,
Lake County,US.OR.LK,31,0,
Hettinger County,US.ND.HE,30,0,
Cheyenne County,US.NE.CY,30,0,
Schuyler County,US.IL.SU,30,0,
Cherry County,US.NE.CH,30,1,
Hot Springs County,US.WY.HO,30,0,
Wilson County,US.KS.WL,30,0,
Florence County,US.WI.FL,30,0,
Russell County,US.KS.RS,30,0,
Rush County,US.KS.RH,30,0,
Bottineau County,US.ND.BT,30,0,
Edwards County,US.KS.ED,30,0,
Oscoda County,US.MI.OO,29,1,
Lake County,US.MI.LK,29,0,
Clay County,US.WV.CY,29,2,
Rusk County,US.WI.RU,29,1,
Menominee County,US.WI.MN,29,0,
Dickey County,US.ND.DC,29,0,
Wolfe County,US.KY.WL,29,0,
San Juan County,US.WA.SA,29,0,
St. Clair County,US.MO.SC,29,0,
Wells County,US.ND.WE,29,0,
Johnson County,US.NE.JO,28,0,
Woodruff County,US.AR.WO,28,0,
Putnam County,US.MO.PN,28,1,
Antelope County,US.NE.AN,28,1,
Ferry County,US.WA.FE,28,0,
Furnas County,US.NE.FU,28,1,
Pierce County,US.ND.PI,28,0,
Nicholas County,US.KY.NI,27,1,
Los Alamos County,US.NM.LO,27,0,
Norton city,US.VA.NC,27,0,
Johnson County,US.WY.JO,27,1,
Schuyler County,US.NY.SU,27,0,
Grant County,US.OK.GN,27,0,
Prince of Wales-Hyder Census Area,US.AK.PH,27,0,
Thayer County,US.NE.TA,27,0,
Lipscomb County,US.TX.LM,26,0,
Ouray County,US.CO.OU,26,1,
Woods County,US.OK.WS,26,0,
Reynolds County,US.MO.RE,26,0,
Covington city,US.VA.CV,26,0,
Holt County,US.NE.HT,25,0,
Mellette County,US.SD.ML,25,0,
Adams County,US.ID.AM,25,1,
Burke County,US.ND.BK,25,1,
Potter County,US.PA.PO,25,0,
Tripp County,US.SD.TR,25,0,
Ellsworth County,US.KS.EW,25,0,
Steele County,US.ND.SE,25,0,
Hanson County,US.SD.HS,25,0,
Kingsbury County,US.SD.KI,24,0,
Colfax County,US.NM.CO,24,1,
Gosper County,US.NE.GO,24,0,
Norton County,US.KS.NT,24,0,
LaMoure County,US.ND.LA,24,0,
Dewey County,US.OK.DW,24,1,
Rio Blanco County,US.CO.RB,24,0,
Brown County,US.IL.BR,24,0,
Potter County,US.SD.PO,24,0,
Emery County,US.UT.EM,23,0,
Wallowa County,US.OR.WW,23,1,
Calhoun County,US.AR.CA,23,0,
Adams County,US.IA.AM,23,0,
Shackelford County,US.TX.SC,23,0,
Jefferson County,US.NE.JE,23,0,
Morris County,US.KS.MR,23,0,
Kinney County,US.TX.KN,23,1,
Noble County,US.OH.NO,23,0,
Matthews County,US.VA.MT,23,0,
Pope County,US.IL.PE,23,1,
Perkins County,US.SD.PR,23,0,
Mercer County,US.MO.MC,23,0,
Graham County,US.KS.GH,22,1,
Presque Isle County,US.MI.PR,22,1,
Clearwater County,US.ID.CE,22,0,
Menard County,US.TX.EN,22,0,
Hardeman County,US.TX.RD,22,0,
Clark County,US.SD.CK,22,0,
Curry County,US.OR.CU,22,0,
Clark County,US.ID.CA,22,0,
Stanley County,US.SD.ST,22,0,
Upton County,US.TX.UP,22,2,
Craig County,US.VA.CG,22,0,
Oneida County,US.ID.ON,22,0,
Putnam County,US.IL.PT,21,0,
Traverse County,US.MN.TR,21,0,
Granite County,US.MT.GN,21,0,
Summers County,US.WV.SU,21,0,
Clearwater County,US.MN.CE,21,0,
Lac Qui Parle County,US.MN.LC,21,0,
Phillips County,US.CO.PH,21,0,
Scotland County,US.MO.SO,21,1,
Hardin County,US.IL.HI,21,0,
Gilmer County,US.WV.GI,20,0,
Coos County,US.NH.CO,20,0,
Butte County,US.ID.BT,20,0,
Bowman County,US.ND.BW,20,0,
Orange County,US.VT.OA,20,0,
Las Animas County,US.CO.LS,20,0,
Hoonah-Angoon Census Area,US.AK.HH,20,0,
Schuyler County,US.MO.SH,20,0,
Pershing County,US.NV.PE,20,0,
Franklin County,US.NE.FA,20,0,
Valley County,US.NE.VA,20,0,
Rock County,US.NE.RO,19,0,
Red Willow County,US.NE.RE,19,0,
Sargent County,US.ND.SG,19,0,
Mineral County,US.CO.MI,19,0,
Alfalfa County,US.OK.AL,19,0,
Southeast Fairbanks Census Area,US.AK.SO,19,0,
Delta County,US.TX.DT,19,0,
Taliaferro County,US.GA.TA,19,0,
Marshall County,US.SD.MS,19,0,
Harper County,US.OK.HP,19,0,
Musselshell County,US.MT.MU,19,0,
Gilpin County,US.CO.GI,18,0,
Marshall County,US.KS.MS,18,0,
McMullen County,US.TX.MM,18,0,
Sherman County,US.KS.SH,18,0,
Sherman County,US.NE.SM,18,1,
Teton County,US.MT.TE,18,0,
Sherman County,US.OR.SH,18,0,
Cottle County,US.TX.OT,18,2,
Kodiak Island Borough,US.AK.KO,17,0,
Trego County,US.KS.TR,17,1,
Custer County,US.CO.CU,17,0,
Miner County,US.SD.ME,17,0,
Carson County,US.TX.CN,17,0,
Alger County,US.MI.AG,17,0,
Collingsworth County,US.TX.CG,17,0,
Baca County,US.CO.BA,17,0,
Sanborn County,US.SD.SA,16,0,
Schoolcraft County,US.MI.SR,16,0,
Kimble County,US.TX.KM,16,1,
Hall County,US.TX.HA,16,1,
Chase County,US.NE.CE,16,0,
Broadwater County,US.MT.BR,16,0,
Pondera County,US.MT.PN,16,0,
Garfield County,US.MT.GF,16,0,
Orleans County,US.VT.OL,16,0,
Columbia County,US.WA.CM,15,1,
Blaine County,US.MT.BL,15,0,
Oldham County,US.TX.OL,15,1,
Calhoun County,US.WV.CH,15,0,
Washington County,US.ME.WS,15,0,
Pleasants County,US.WV.PL,15,2,
Kiowa County,US.KS.KW,15,0,
Tyler County,US.WV.TY,15,0,
Kimball County,US.NE.KB,15,0,
Hand County,US.SD.HD,15,0,
Roger Mills County,US.OK.RR,14,1,
Webster County,US.NE.WE,14,0,
McCone County,US.MT.MC,14,0,
Cimarron County,US.OK.CO,14,0,
Hamilton County,US.NY.HA,14,1,
Crook County,US.WY.CK,14,0,
Worth County,US.MO.WO,14,0,
Baylor County,US.TX.BR,14,0,
Hodgeman County,US.KS.HG,14,0,
Forest County,US.PA.FO,14,0,
Jewell County,US.KS.JW,14,1,
Jeff Davis County,US.TX.JF,14,0,
Lake of the Woods County,US.MN.LO,14,1,
Nance County,US.NE.NA,13,0,
Greeley County,US.NE.GE,13,0,
Logan County,US.ND.LO,13,0,
Trinity County,US.CA.TR,13,0,
Washington County,US.KS.WS,13,0,
Grand Isle County,US.VT.GR,13,0,
Gove County,US.KS.GO,13,0,
Lee County,US.KY.LE,13,0,
Harney County,US.OR.HA,12,0,
Briscoe County,US.TX.BO,12,1,
Woodson County,US.KS.WO,12,0,
Jackson County,US.SD.JA,12,1,
Montmorency County,US.MI.MR,12,0,
Baraga County,US.MI.BA,12,0,
Modoc County,US.CA.MC,12,0,
Sedgwick County,US.CO.SE,12,1,
Mineral County,US.NV.MI,12,0,
Wrangell City and Borough,US.AK.WG,12,0,
Lake and Peninsula Borough,US.AK.LA,12,0,
Pawnee County,US.NE.PA,12,0,
McPherson County,US.SD.MP,12,0,
Rich County,US.UT.RH,11,0,
Catron County,US.NM.CA,11,1,
Renville County,US.ND.RE,11,0,
Morton County,US.KS.MT,11,2,
Armstrong County,US.TX.AM,11,0,
Bent County,US.CO.BE,11,0,
Nuckolls County,US.NE.NU,11,0,
Chouteau County,US.MT.CH,11,0,
Tucker County,US.WV.TU,11,0,
Doddridge County,US.WV.DO,11,0,
Irion County,US.TX.IR,10,0,
Lincoln County,US.KS.LC,10,0,
Oliver County,US.ND.OL,10,0,
Sullivan County,US.PA.SL,10,0,
Boyd County,US.NE.BY,10,0,
Powell County,US.MT.PL,10,0,
Towner County,US.ND.TO,10,0,
Wallace County,US.KS.WA,10,0,
Grant County,US.ND.GT,9,0,
Sheridan County,US.ND.SH,9,0,
Braxton County,US.WV.BX,9,0,
Chautauqua County,US.KS.CQ,9,0,
Cheyenne County,US.CO.CE,9,0,
Comanche County,US.KS.CM,9,0,
Robertson County,US.KY.RB,9,0,
Dundy County,US.NE.DY,9,0,
Lewis County,US.ID.LW,9,0,
Sheridan County,US.KS.SD,9,0,
Jackson County,US.CO.JA,9,0,
Kittson County,US.MN.KI,9,0,
Stonewall County,US.TX.SA,9,1,
Huerfano County,US.CO.HU,9,1,
Lincoln County,US.CO.LI,8,0,
Piscataquis County,US.ME.PI,8,0,
Hyde County,US.SD.HY,8,0,
Roberts County,US.TX.RS,8,0,
Cameron County,US.PA.CE,8,0,
Kenedy County,US.TX.KE,8,1,
Garden County,US.NE.GD,8,0,
Wibaux County,US.MT.WI,8,0,
Eureka County,US.NV.EU,8,0,
Harlan County,US.NE.HR,8,0,
Grant County,US.OR.GR,8,0,
Wirt County,US.WV.WI,8,0,
Storey County,US.NV.ST,8,0,
Sully County,US.SD.SU,8,0,
Cheyenne County,US.KS.CN,8,0,
Kusilvak Census Area,US.AK.WA,8,0,
Liberty County,US.MT.LB,7,0,
Kent County,US.TX.KT,7,0,
Petersburg Census Area,US.AK.PB,7,1,
Adams County,US.ND.AD,7,0,
Lane County,US.KS.LE,7,0,
Motley County,US.TX.MY,7,0,
Slope County,US.ND.SL,7,0,
Webster County,US.WV.WB,7,0,
Platte County,US.WY.PL,7,1,
Lincoln County,US.NV.LI,6,0,
McPherson County,US.NE.MC,6,0,
Judith Basin County,US.MT.JU,6,0,
Cook County,US.MN.CO,6,0,
Ritchie County,US.WV.RI,6,0,
Garfield County,US.NE.GF,6,0,
Decatur County,US.KS.DC,6,0,
Highland County,US.VA.HA,6,0,
Ellis County,US.OK.EL,6,0,
Frontier County,US.NE.FO,6,0,
Hooker County,US.NE.HO,6,0,
Essex County,US.VT.ES,6,0,
Luce County,US.MI.LU,6,0,
Glasscock County,US.TX.GC,6,0,
Aleutians West Census Area,US.AK.AW,6,0,
Piute County,US.UT.PT,6,0,
San Juan County,US.CO.SJ,6,0,
Sierra County,US.CA.SE,6,0,
Mora County,US.NM.MO,6,0,
Haakon County,US.SD.HA,6,0,
Wahkiakum County,US.WA.WH,6,0,
Sioux County,US.NE.SI,6,0,
Logan County,US.NE.LG,5,0,
Thomas County,US.NE.TO,5,0,
Dillingham Census Area,US.AK.DI,5,0,
Divide County,US.ND.DV,5,0,
Jones County,US.SD.JO,5,0,
Billings County,US.ND.BI,5,0,
Sheridan County,US.MT.SH,5,0,
Throckmorton County,US.TX.TH,5,2,
Brown County,US.NE.BW,5,0,
Bath County,US.VA.BA,4,0,
Greeley County,US.KS.GL,4,0,
Gilliam County,US.OR.GI,4,0,
Barber County,US.KS.AB,4,0,
Osborne County,US.KS.OB,4,0,
Meagher County,US.MT.ME,4,0,
Haines Borough,US.AK.HA,4,0,
Keweenaw County,US.MI.KW,4,0,
Wichita County,US.KS.WH,4,0,
Campbell County,US.SD.CP,4,0,
Garfield County,US.WA.GF,4,0,
Smith County,US.KS.SM,4,0,
Camas County,US.ID.CM,4,0,
Sterling County,US.TX.SI,4,0,
Niobrara County,US.WY.NI,3,0,
Hinsdale County,US.CO.HI,3,0,
Deuel County,US.NE.DL,3,0,
Daniels County,US.MT.DN,3,0,
Treasure County,US.MT.TR,3,0,
Golden Valley County,US.MT.GO,3,0,
Terrell County,US.TX.TL,3,0,
Fallon County,US.MT.FA,3,0,
Foard County,US.TX.FD,3,0,
Wheatland County,US.MT.WH,3,0,
Harding County,US.NM.HA,2,0,
Alpine County,US.CA.AP,2,0,
Banner County,US.NE.BA,2,0,
Wayne County,US.UT.WE,2,0,
Harding County,US.SD.HR,2,0,
Denali Borough,US.AK.DE,2,0,
Hitchcock County,US.NE.HI,2,0,
Mineral County,US.MT.MN,2,0,
Dolores County,US.CO.DO,2,0,
Logan County,US.KS.LG,2,0,
Powder River County,US.MT.PD,2,0,
Loup County,US.NE.LU,2,0,
Rawlins County,US.KS.RA,2,0,
Aleutians East Borough,US.AK.AE,2,0,
Prairie County,US.MT.PR,1,0,
Elk County,US.KS.EK,1,0,
Keya Paha County,US.NE.KY,1,0,
Arthur County,US.NE.AR,1,0,
Wheeler County,US.NE.WH,1,0,
Skagway Municipality,US.AK.SW,0,0,
Petroleum County,US.MT.PO,0,0,
Daggett County,US.UT.DG,0,0,
Bristol Bay Borough,US.AK.BR,0,0,
Loving County,US.TX.LI,0,0,
De Baca County,US.NM.DE,0,0,
Esmeralda County,US.NV.ES,0,0,
Yakutat City and Borough,US.AK.YA,0,0,
Carter County,US.MT.CT,0,0,
Wheeler County,US.OR.WE,0,0,
Hayes County,US.NE.HY,0,0,
Blaine County,US.NE.BL,0,0,
King County,US.TX.KG,0,0,
Borden County,US.TX.BD,0,0,
Grant County,US.NE.GA,0,0,
Kalawao County,US.HI.KL,0,0,
Kiowa County,US.CO.KO,0,0,
