County,hasc,confirmed,death,recovered
Cook County,US.IL.CO,63690,2889,
Queens County,US.NY.QU,59324,5964,
Kings County,US.NY.KI,52485,6412,
Bronx County,US.NY.BN,43158,4267,
Nassau County,US.NY.NA,39225,2053,
Los Angeles County,US.CA.LO,38451,1839,
Suffolk County,US.NY.SF,38224,1754,
Westchester County,US.NY.WE,32323,1295,
New York County,US.NY.NE,25216,2761,
Middlesex County,US.MA.MI,19345,1412,
Wayne County,US.MI.WY,19128,2226,
Hudson County,US.NJ.HD,17574,1068,
Bergen County,US.NJ.BE,17459,1460,
Suffolk County,US.MA.SU,16671,793,
Essex County,US.NJ.ES,16600,1546,
Philadelphia County,US.PA.PH,16340,1080,
Miami-Dade County,US.FL.DA,15864,566,
Passaic County,US.NJ.PA,15278,839,
Union County,US.NJ.UN,14903,962,
Middlesex County,US.NJ.MI,14752,888,
Fairfield County,US.CT.FA,14439,1153,
Richmond County,US.NY.RI,13047,935,
Rockland County,US.NY.RO,12777,479,
Essex County,US.MA.ES,12587,790,
Prince George's County,US.MD.PR,11608,415,
New Haven County,US.CT.NH,10338,830,
Orange County,US.NY.OE,9965,350,
Harris County,US.TX.RR,9465,204,
Worcester County,US.MA.WO,9442,581,
Providence County,US.RI.PR,9112,250,
Hartford County,US.CT.HA,8957,1084,
Montgomery County,US.MD.MO,8417,442,
Marion County,US.IN.MO,8406,480,
Oakland County,US.MI.OD,8050,913,
Ocean County,US.NJ.OC,7994,633,
Fairfax County,US.VA.FX,7843,284,
Norfolk County,US.MA.NO,7524,728,
King County,US.WA.KN,7515,528,
Dallas County,US.TX.DS,7455,176,
Monmouth County,US.NJ.MN,7408,513,
Maricopa County,US.AZ.MA,7340,324,
Washington,US.DC.DI,7270,392,
Plymouth County,US.MA.PL,7139,464,
Jefferson Parish,US.LA.JF,7059,429,
Orleans Parish,US.LA.OR,6822,494,
Lake County,US.IL.LK,6645,215,
Macomb County,US.MI.MB,6357,740,
Broward County,US.FL.BO,6322,281,
Morris County,US.NJ.MR,6092,569,
DuPage County,US.IL.DU,6076,300,
Montgomery County,US.PA.MG,6012,556,
Bristol County,US.MA.BR,5996,324,
Riverside County,US.CA.RI,5952,261,
Mercer County,US.NJ.ME,5950,408,
San Diego County,US.CA.SD,5946,211,
Delaware County,US.PA.DE,5689,436,
Camden County,US.NJ.CM,5573,275,
Hennepin County,US.MN.HE,5409,467,
Clark County,US.NV.CL,5366,296,
Hampden County,US.MA.HD,5264,517,
Milwaukee County,US.WI.MU,5005,256,
Erie County,US.NY.ER,4993,426,
Baltimore County,US.MD.BC,4749,237,
Denver County,US.CO.DN,4720,272,
Palm Beach County,US.FL.PL,4658,275,
Kane County,US.IL.KE,4584,115,
Franklin County,US.OH.FR,4574,177,
Bucks County,US.PA.BC,4516,417,
Will County,US.IL.WL,4455,240,
Tarrant County,US.TX.TN,4447,123,
Orange County,US.CA.OR,4434,88,
Somerset County,US.NJ.SO,4278,375,
St. Louis County,US.MO.SL,4182,336,
Davidson County,US.TN.DA,4066,44,
Burlington County,US.NJ.BU,3986,245,
Salt Lake County,US.UT.SL,3942,55,
Sussex County,US.DE.SU,3861,114,
Shelby County,US.TN.SY,3846,87,
Baltimore City,US.MD.BA,3830,200,
Arapahoe County,US.CO.AA,3767,253,
Prince William County,US.VA.PW,3759,70,
Fulton County,US.GA.FU,3752,172,
Berks County,US.PA.BK,3719,248,
San Bernardino County,US.CA.SA,3593,155,
Dutchess County,US.NY.DU,3552,126,
Lehigh County,US.PA.LH,3491,173,
Cuyahoga County,US.OH.CU,3410,175,
Minnehaha County,US.SD.MN,3150,39,
East Baton Rouge Parish,US.LA.EB,3056,216,
Polk County,US.IA.PK,3001,81,
Anne Arundel County,US.MD.AN,2893,134,
Lake County,US.IN.LK,2886,140,
Kent County,US.MI.KN,2868,56,
DeKalb County,US.GA.DA,2856,86,
Snohomish County,US.WA.SN,2797,125,
New Castle County,US.DE.NE,2738,130,
Northampton County,US.PA.NA,2727,171,
Gwinnett County,US.GA.GW,2686,105,
Mecklenburg County,US.NC.MB,2652,63,
Adams County,US.CO.AD,2640,102,
Lancaster County,US.PA.LN,2552,252,
Luzerne County,US.PA.LU,2532,122,
Marion County,US.OH.MR,2513,15,
Santa Clara County,US.CA.SL,2470,135,
Travis County,US.TX.TV,2459,77,
Alameda County,US.CA.AA,2457,83,
Douglas County,US.NE.DG,2446,23,
Cobb County,US.GA.CB,2429,132,
Yakima County,US.WA.YA,2370,75,
Weld County,US.CO.WE,2305,123,
Monroe County,US.NY.MR,2303,158,
Woodbury County,US.IA.WO,2278,17,
Hall County,US.GA.HL,2164,40,
Chester County,US.PA.CH,2153,227,
San Francisco County,US.CA.SF,2131,36,
Potter County,US.TX.PT,2129,23,
Bexar County,US.TX.BX,2120,62,
Brown County,US.WI.BW,2102,23,
Hamilton County,US.OH.HM,2082,112,
Pickaway County,US.OH.PC,2021,25,
Lucas County,US.OH.LU,1986,207,
McKinley County,US.NM.MC,1953,78,
Jefferson County,US.KY.JF,1916,129,
Gloucester County,US.NJ.GL,1907,117,
Caddo Parish,US.LA.CO,1898,155,
Genesee County,US.MI.GE,1869,231,
Jefferson County,US.CO.JE,1849,128,
Pima County,US.AZ.PM,1825,157,
Atlantic County,US.NJ.AT,1807,112,
El Paso County,US.TX.EP,1772,47,
Hillsborough County,US.NH.HI,1764,85,
Stearns County,US.MN.SR,1740,10,
Mobile County,US.AL.MB,1735,101,
Pierce County,US.WA.PI,1687,62,
Cumberland County,US.NJ.CU,1679,53,
Orange County,US.FL.OR,1679,38,
San Mateo County,US.CA.SM,1671,66,
Dougherty County,US.GA.DH,1664,135,
Hillsborough County,US.FL.HL,1653,55,
Allegheny County,US.PA.AL,1641,143,
Arlington County,US.VA.AR,1638,77,
Ramsey County,US.MN.RA,1625,72,
Albany County,US.NY.AB,1610,90,
City of St. Louis,US.MO.SY,1607,100,
Black Hawk County,US.IA.BL,1603,30,
Fort Bend County,US.TX.FR,1559,40,
Ulster County,US.NY.UL,1557,69,
Cass County,US.IN.CS,1552,5,
St. Tammany Parish,US.LA.ST,1544,147,
Winnebago County,US.IL.WN,1537,37,
Kern County,US.CA.KE,1537,25,
Utah County,US.UT.UT,1520,11,
Onondaga County,US.NY.OG,1520,88,
Alexandria City,US.VA.AX,1510,34,
Santa Barbara County,US.CA.SB,1496,11,
Loudoun County,US.VA.LD,1486,48,
Lee County,US.FL.LE,1481,88,
Dakota County,US.NE.DK,1475,10,
Frederick County,US.MD.FR,1460,83,
Tulare County,US.CA.TL,1436,67,
Hall County,US.NE.HL,1433,39,
Howard County,US.MD.HO,1416,42,
Ford County,US.KS.FO,1403,8,
Nobles County,US.MN.NB,1387,2,
Trousdale County,US.TN.TR,1383,4,
San Juan County,US.NM.SJ,1376,87,
Lackawanna County,US.PA.LC,1363,125,
Jefferson County,US.AL.JE,1355,74,
Jackson County (including other portions of Kansas City),US.MO.JC,1355,35,
El Paso County,US.CO.EL,1348,83,
Finney County,US.KS.FI,1316,6,
Duval County,US.FL.DU,1300,35,
Navajo County,US.AZ.NA,1285,48,
Litchfield County,US.CT.LI,1280,115,
Henrico County,US.VA.HC,1272,113,
Fresno County,US.CA.FR,1263,17,
Monroe County,US.PA.MR,1259,88,
Richland County,US.SC.RI,1250,61,
Sullivan County,US.NY.SL,1246,28,
Washtenaw County,US.MI.WS,1245,89,
Sacramento County,US.CA.SC,1245,56,
Wake County,US.NC.WK,1239,28,
Mahoning County,US.OH.MH,1226,148,
Kent County,US.DE.KE,1219,52,
Bernalillo County,US.NM.BE,1218,59,
McHenry County,US.IL.MY,1209,62,
Washoe County,US.NV.WA,1202,46,
Wyandotte County,US.KS.WY,1178,70,
Cass County,US.ND.CS,1173,33,
Contra Costa County,US.CA.CN,1155,33,
Barnstable County,US.MA.BA,1155,95,
Putnam County,US.NY.PU,1141,57,
Greenville County,US.SC.GV,1116,46,
Rockingham County,US.NH.RO,1113,60,
Warren County,US.NJ.WA,1086,121,
Oklahoma County,US.OK.OL,1075,46,
Denton County,US.TX.DN,1069,28,
Sussex County,US.NJ.SU,1061,138,
Pinellas County,US.FL.PI,1051,68,
Leavenworth County,US.KS.LV,1051,6,
Hendricks County,US.IN.HD,1039,61,
Racine County,US.WI.RA,1034,18,
Allen County,US.IN.AL,1033,61,
Hamilton County,US.IN.HM,1033,90,
Summit County,US.OH.SU,1028,112,
Collin County,US.TX.CI,1028,31,
Durham County,US.NC.DH,1009,38,
Clayton County,US.GA.CN,1009,38,
Collier County,US.FL.CL,1006,37,
Chesterfield County,US.VA.CD,1002,29,
Johnson County,US.IN.JO,1002,94,
Multnomah County,US.OR.MU,996,55,
Apache County,US.AZ.AP,988,20,
St. Joseph County,US.IN.SN,984,28,
Dauphin County,US.PA.DA,978,50,
Lincoln County,US.AR.LC,965,8,
Ouachita Parish,US.LA.OU,956,31,
Middlesex County,US.CT.MI,936,130,
Saginaw County,US.MI.SG,930,99,
Coconino County,US.AZ.CO,901,65,
Linn County,US.IA.LI,899,70,
Lancaster County,US.NE.LA,892,4,
Rutherford County,US.TN.RU,884,19,
Kent County,US.RI.KE,883,37,
Lebanon County,US.PA.LB,877,21,
New London County,US.CT.NL,876,66,
Imperial County,US.CA.IM,876,15,
Anoka County,US.MN.AN,869,42,
Charles County,US.MD.CH,867,60,
Manatee County,US.FL.MN,867,81,
Wayne County,US.NC.WY,867,15,
Montgomery County,US.AL.MT,863,20,
Guilford County,US.NC.GU,861,47,
Boulder County,US.CO.BO,857,60,
York County,US.PA.YO,857,18,
Cumberland County,US.ME.CU,852,36,
Kenosha County,US.WI.KN,848,18,
Hunterdon County,US.NJ.HN,846,52,
Marion County,US.OR.MR,843,24,
Wicomico County,US.MD.WI,837,21,
St. John the Baptist Parish,US.LA.SO,830,77,
Ventura County,US.CA.VE,825,25,
Niagara County,US.NY.NI,818,54,
St. Clair County,US.IL.SI,815,66,
Warren County,US.KY.WR,810,2,
Dawson County,US.NE.DN,810,7,
Marshall County,US.IA.MS,804,5,
Dakota County,US.MN.DA,802,23,
Montgomery County,US.TX.MG,798,18,
Dallas County,US.IA.DL,788,11,
Tulsa County,US.OK.TU,787,37,
Seward County,US.KS.SW,780,1,
Ada County,US.ID.AA,780,22,
Richmond City,US.VA.RC,779,18,
Hampshire County,US.MA.HS,774,72,
Hinds County,US.MS.HI,772,22,
Oneida County,US.NY.OD,772,38,
Brazoria County,US.TX.BI,767,9,
Ascension Parish,US.LA.AE,760,50,
Texas County,US.OK.TE,752,4,
Sumner County,US.TN.SN,749,41,
Polk County,US.FL.PO,746,43,
Lafourche Parish,US.LA.LO,744,64,
Tolland County,US.CT.TO,735,54,
Tangipahoa Parish,US.LA.TA,732,30,
Cherokee County,US.GA.CE,732,26,
Kalamazoo County,US.MI.KA,719,42,
Escambia County,US.FL.ES,707,20,
Carroll County,US.MD.CR,703,68,
Galveston County,US.TX.GV,702,31,
Pinal County,US.AZ.PN,702,31,
San Joaquin County,US.CA.SJ,699,32,
St. Charles County,US.MO.SA,695,53,
Harford County,US.MD.HA,695,31,
Pulaski County,US.AR.PU,693,25,
Accomack County,US.VA.AC,690,9,
Forsyth County,US.NC.FO,687,7,
Elkhart County,US.IN.EL,687,23,
Kankakee County,US.IL.KK,673,31,
Johnson County,US.KS.JO,666,56,
Douglas County,US.CO.DU,649,39,
Ingham County,US.MI.IH,649,23,
Benton County,US.WA.BE,643,55,
Washington County,US.OR.WI,638,15,
Harrisonburg City,US.VA.HS,633,21,
Marshall County,US.AL.MS,632,9,
Franklin County,US.PA.FR,631,25,
Schenectady County,US.NY.SN,629,25,
Manassas City,US.VA.MS,628,5,
Osceola County,US.FL.OS,627,17,
Lubbock County,US.TX.LU,619,50,
Cameron County,US.TX.CA,619,27,
St. Charles Parish,US.LA.SC,615,42,
Henry County,US.GA.HY,611,19,
Butler County,US.OH.BU,610,16,
Bledsoe County,US.TN.BE,606,1,
Volusia County,US.FL.VO,605,30,
Lorain County,US.OH.LR,605,57,
Randall County,US.TX.RA,602,4,
Lafayette Parish,US.LA.LY,598,23,
Stark County,US.OH.ST,595,77,
Rock Island County,US.IL.RO,590,18,
Terrebonne Parish,US.LA.TR,590,43,
Lauderdale County,US.MS.LU,589,46,
Stanislaus County,US.CA.ST,587,26,
Kendall County,US.IL.KA,579,18,
Johnson County,US.IA.JH,574,7,
Eagle County,US.CO.EA,570,8,
Morgan County,US.CO.MN,565,32,
Fayette County,US.KY.FA,564,12,
Ottawa County,US.MI.OT,558,24,
Virginia Beach City,US.VA.VI,557,19,
Madison County,US.IN.MD,551,57,
Madison County,US.MS.MD,543,17,
Rowan County,US.NC.RW,540,25,
Florence County,US.SC.FL,540,29,
Dane County,US.WI.DA,538,25,
Sedgwick County,US.KS.SG,535,20,
Beaver County,US.PA.BA,533,70,
Scott County,US.MS.SC,532,8,
Muscatine County,US.IA.MU,531,33,
Schuylkill County,US.PA.SC,529,20,
Berrien County,US.MI.BN,528,30,
Colfax County,US.NE.CO,528,1,
Iberville Parish,US.LA.IV,527,38,
Cumberland County,US.PA.CU,525,41,
Calcasieu Parish,US.LA.CC,520,40,
Montgomery County,US.OH.MT,520,13,
Buchanan County,US.MO.BC,520,2,
Robeson County,US.NC.RB,520,6,
Sarasota County,US.FL.SR,518,58,
Lexington County,US.SC.LX,516,27,
St. Bernard Parish,US.LA.SE,513,19,
Muskegon County,US.MI.MG,513,24,
Chatham County,US.NC.CH,512,24,
Charleston County,US.SC.CS,509,11,
Blaine County,US.ID.BL,508,5,
Moore County,US.TX.MO,508,12,
Cape May County,US.NJ.CP,506,41,
Rapides Parish,US.LA.RA,499,14,
Berkshire County,US.MA.BE,497,37,
Sandoval County,US.NM.SD,495,24,
Larimer County,US.CO.LR,495,21,
Madison County,US.IL.MD,493,42,
Richmond County,US.GA.RI,491,17,
Jefferson County,US.AR.JE,491,19,
Logan County,US.CO.LO,488,3,
Stafford County,US.VA.SF,484,4,
Waukesha County,US.WI.WK,482,23,
Williamson County,US.TX.WM,481,19,
Williamson County,US.TN.WL,480,10,
Webb County,US.TX.WB,477,18,
Kenton County,US.KY.KE,472,30,
Cumberland County,US.NC.CU,471,12,
Cleveland County,US.OK.CV,468,36,
Muhlenberg County,US.KY.MU,468,7,
Salem County,US.NJ.SA,465,20,
Platte County,US.NE.PL,462,1,
Trumbull County,US.OH.TR,461,39,
Randolph County,US.NC.RA,461,6,
Olmsted County,US.MN.OL,461,9,
Pike County,US.PA.PI,461,15,
Franklin County,US.WA.FR,456,17,
Habersham County,US.GA.HB,455,14,
Lee County,US.AL.LE,450,31,
Rensselaer County,US.NY.RE,444,25,
Muscogee County,US.GA.MG,440,16,
Hidalgo County,US.TX.HG,440,10,
Chittenden County,US.VT.CH,439,38,
Douglas County,US.GA.DL,439,18,
Duplin County,US.NC.DP,438,8,
Jefferson County,US.TX.JE,436,26,
Seminole County,US.FL.SE,435,12,
Forrest County,US.MS.FO,435,27,
Saratoga County,US.NY.SR,434,14,
Columbiana County,US.OH.CL,434,43,
Monroe County,US.MI.MO,433,18,
Bartholomew County,US.IN.BA,432,30,
Saline County,US.NE.SL,432,1,
Rock County,US.WI.RO,432,14,
Westmoreland County,US.PA.WE,431,38,
Skagit County,US.WA.SG,426,14,
Washington County,US.RI.WA,425,21,
Wilkes County,US.NC.WE,425,1,
Solano County,US.CA.SN,424,16,
Clark County,US.IN.CK,424,30,
Walker County,US.TX.WK,423,26,
Broome County,US.NY.BO,423,36,
Neshoba County,US.MS.NS,423,24,
Monterey County,US.CA.MT,422,8,
Sumter County,US.GA.SU,419,39,
Champaign County,US.IL.CM,418,7,
Buckingham County,US.VA.BK,417,2,
Kandiyohi County,US.MN.KD,415,1,
Jackson County,US.MI.JA,415,26,
Honolulu County,US.HI.HO,414,11,
Kings County,US.CA.KI,412,2,
Carroll County,US.GA.CL,408,21,
St. Clair County,US.MI.SA,407,31,
Spartanburg County,US.SC.SP,407,13,
Tipton County,US.TN.TI,405,2,
Yuma County,US.AZ.YU,405,4,
Forsyth County,US.GA.FO,405,11,
Porter County,US.IN.PR,405,12,
Shelby County,US.AL.SH,404,19,
Lake County,US.TN.LK,403,0,
Spokane County,US.WA.SP,403,30,
Summit County,US.UT.SU,401,0,
Rockingham County,US.VA.RG,397,2,
Bibb County,US.GA.BI,397,17,
Bartow County,US.GA.BT,396,35,
Wapello County,US.IA.WP,396,2,
Mitchell County,US.GA.MT,391,32,
DeSoto County,US.MS.DE,391,5,
Charlotte County,US.FL.CH,389,41,
Culpeper County,US.VA.CP,388,5,
Clark County,US.WA.CR,388,22,
Chesapeake City,US.VA.CS,387,10,
Sonoma County,US.CA.SO,387,4,
Livingston County,US.MI.LI,385,25,
Crawford County,US.IA.CW,384,1,
Cabarrus County,US.NC.CR,379,19,
Washington County,US.MN.WH,378,19,
Martin County,US.FL.MT,371,7,
Washington Parish,US.LA.WO,370,32,
Davis County,US.UT.DA,368,2,
Tuscaloosa County,US.AL.TU,368,8,
Brevard County,US.FL.BE,367,11,
Tallapoosa County,US.AL.TP,366,57,
Chatham County,US.GA.CM,363,14,
Leake County,US.MS.LK,361,6,
Norfolk City,US.VA.NF,361,5,
LaPorte County,US.IN.LA,360,16,
Lyon County,US.KS.LY,359,3,
Whatcom County,US.WA.WA,358,35,
Tama County,US.IA.TM,358,17,
Hamilton County,US.TN.HL,357,13,
Iberia Parish,US.LA.II,355,33,
Boone County,US.KY.BO,355,8,
Union County,US.NC.UN,354,16,
Livingston Parish,US.LA.LV,350,25,
Sarpy County,US.NE.SY,349,2,
St. Francis County,US.AR.SI,349,0,
Columbia County,US.NY.CU,346,33,
Bossier Parish,US.LA.BO,346,24,
Franklin County,US.AL.FR,344,4,
Washington County,US.MD.WA,343,8,
Jones County,US.MS.JO,342,9,
Belmont County,US.OH.BE,341,8,
Lee County,US.GA.LE,339,22,
Columbia County,US.PA.CO,337,29,
Alachua County,US.FL.AL,337,7,
St. Lucie County,US.FL.SL,334,27,
Miami County,US.OH.MM,332,30,
Jackson County,US.IN.JC,332,1,
Chambers County,US.AL.CM,329,22,
Marin County,US.CA.MN,329,14,
Wilson County,US.TN.WO,327,8,
St. Mary's County,US.MD.SA,326,11,
Twin Falls County,US.ID.TW,326,15,
Brazos County,US.TX.BZ,325,18,
Sumter County,US.SC.SU,322,17,
Lee County,US.NC.LE,322,3,
Houston County,US.GA.HO,322,16,
Windham County,US.CT.WI,322,14,
Clay County,US.FL.CY,320,25,
Shenandoah County,US.VA.SN,319,12,
Pasco County,US.FL.PS,319,9,
Spotsylvania County,US.VA.SP,319,4,
Cecil County,US.MD.CE,318,17,
Grand Forks County,US.ND.GD,317,3,
Jefferson County,US.MO.JE,311,13,
Clay County,US.MN.CA,310,20,
Louisa County,US.IA.LO,310,3,
Dona Ana County,US.NM.DO,309,2,
Sangamon County,US.IL.SM,309,25,
Scott County,US.IA.SC,309,8,
Franklin County,US.MA.FR,308,45,
Knox County,US.TN.KN,308,5,
Tippecanoe County,US.IN.TP,307,2,
Boone County,US.IL.BO,307,14,
Calhoun County,US.MI.CU,304,18,
York County,US.SC.YO,304,5,
Washington County,US.OK.WN,303,30,
York County,US.ME.YO,302,8,
Floyd County,US.IN.FL,301,37,
Horry County,US.SC.HO,299,19,
Holmes County,US.MS.HO,298,20,
Howard County,US.IN.HO,297,12,
Shelby County,US.IN.SH,297,20,
Delaware County,US.IN.DL,296,23,
Portage County,US.OH.PO,296,53,
Beaufort County,US.SC.BA,294,12,
Robertson County,US.TN.RB,294,0,
Daviess County,US.KY.DA,293,4,
Davidson County,US.NC.DD,293,10,
Hancock County,US.IN.HC,292,23,
Leon County,US.FL.LO,290,6,
Baldwin County,US.GA.BD,290,14,
Thomas County,US.GA.TH,288,30,
Clarendon County,US.SC.CN,288,34,
Henderson County,US.NC.HN,287,38,
Jackson County,US.MS.JC,287,13,
Rankin County,US.MS.RA,287,6,
Butler County,US.AL.BT,285,10,
Coweta County,US.GA.CA,285,4,
Clackamas County,US.OR.CC,284,9,
St. James Parish,US.LA.SJ,284,23,
Walworth County,US.WI.WL,284,11,
Warren County,US.OH.WR,283,15,
Merrimack County,US.NH.ME,282,12,
Madison County,US.AL.MD,278,4,
Orange County,US.NC.OR,277,36,
Canyon County,US.ID.CN,276,6,
Dubuque County,US.IA.DU,276,10,
St. Mary Parish,US.LA.SM,275,29,
St. Martin Parish,US.LA.SR,274,22,
Franklin Parish,US.LA.FR,273,8,
Kershaw County,US.SC.KE,270,12,
Tuscarawas County,US.OH.TU,269,1,
Madison County,US.NE.MA,269,3,
Suffolk City,US.VA.SO,269,22,
Yavapai County,US.AZ.YA,267,5,
Dodge County,US.NE.DE,266,1,
Newton County,US.GA.NE,264,10,
Barrow County,US.GA.BW,263,8,
Richmond County,US.VA.RI,263,4,
Delaware County,US.OH.DL,263,9,
DeKalb County,US.IL.DK,262,2,
Upson County,US.GA.UP,261,31,
Rice County,US.MN.RI,260,2,
Boone County,US.IN.BO,260,33,
Baldwin County,US.AL.BD,260,8,
Scott County,US.MN.SC,259,1,
Sampson County,US.NC.SP,259,1,
Madison County,US.NY.MA,258,7,
Johnston County,US.NC.JH,257,17,
Acadia Parish,US.LA.AD,257,12,
Lake County,US.FL.LK,254,14,
Wood County,US.OH.WO,254,42,
Bedford County,US.TN.BD,254,4,
Colquitt County,US.GA.CQ,253,11,
Sumter County,US.FL.SM,252,16,
Adams County,US.NE.AD,252,10,
Mohave County,US.AZ.MO,251,28,
Rockdale County,US.GA.RO,250,7,
Jasper County,US.IA.JS,249,13,
Saline County,US.MO.SI,249,0,
Attala County,US.MS.AT,248,7,
Bell County,US.TX.BL,248,3,
Bay County,US.MI.BY,248,16,
Morgan County,US.IN.MG,247,19,
Harnett County,US.NC.HT,247,17,
Ellis County,US.TX.EI,247,12,
San Luis Obispo County,US.CA.SS,246,1,
Wilson County,US.NC.WO,246,9,
Calvert County,US.MD.CL,245,12,
Union Parish,US.LA.UN,243,14,
Columbus County,US.NC.CM,242,18,
Spalding County,US.GA.SD,241,14,
Paulding County,US.GA.PA,241,10,
Putnam County,US.TN.PU,240,5,
Gadsden County,US.FL.GA,240,1,
Nacogdoches County,US.TX.NC,239,17,
Randolph County,US.IL.RA,237,3,
Crittenden County,US.AR.CD,237,7,
St. Landry Parish,US.LA.SL,235,51,
Steuben County,US.NY.ST,235,27,
Warren County,US.NY.WR,234,26,
Nueces County,US.TX.NU,234,3,
Strafford County,US.NH.ST,234,12,
St. Johns County,US.FL.SJ,232,5,
Ashtabula County,US.OH.AB,232,26,
Early County,US.GA.EA,231,28,
Assumption Parish,US.LA.AS,230,11,
Portsmouth City,US.VA.PR,228,10,
Shiawassee County,US.MI.SH,227,20,
San Juan County,US.UT.SJ,227,4,
Lake County,US.OH.LK,226,9,
Comanche County,US.OK.CM,225,3,
Hanover County,US.VA.HV,225,19,
De Soto Parish,US.LA.DE,224,16,
Coryell County,US.TX.CL,224,2,
Weber County,US.UT.WB,224,3,
Medina County,US.OH.MD,224,18,
Marion County,US.FL.MI,223,5,
Fauquier County,US.VA.FQ,223,5,
Darlington County,US.SC.DA,222,5,
Hendry County,US.FL.HR,222,12,
Geauga County,US.OH.GE,221,24,
Monroe County,US.MS.MR,220,23,
Decatur County,US.IN.DC,220,31,
Merced County,US.CA.MD,220,6,
Hays County,US.TX.HY,219,3,
Vanderburgh County,US.IN.VA,219,2,
Washington County,US.NY.WS,219,14,
Lincoln County,US.MS.LI,218,18,
Pueblo County,US.CO.PU,217,14,
Taylor County,US.TX.TA,217,5,
Butler County,US.KY.BR,217,6,
Frederick County,US.VA.FK,217,3,
Harrison County,US.MS.HR,216,6,
Alamance County,US.NC.AA,215,11,
Carbon County,US.PA.CB,214,22,
Hopkins County,US.KY.HO,214,27,
Huntingdon County,US.PA.HU,214,0,
Greene County,US.NY.GR,213,11,
Pitt County,US.NC.PI,213,2,
Montgomery County,US.TN.MT,213,2,
Broomfield County and City,US.CO.BR,213,22,
Columbia County,US.GA.CI,212,6,
Fayette County,US.GA.FY,210,11,
Berkeley County,US.WV.BE,210,6,
Fairfield County,US.OH.FI,208,3,
Lowndes County,US.GA.LW,208,4,
Newport News City,US.VA.NN,206,10,
Anderson County,US.SC.AN,206,8,
Etowah County,US.AL.ET,206,10,
Municipality of Anchorage,US.AK.AN,205,4,
Copiah County,US.MS.CP,204,2,
Butler County,US.PA.BT,203,12,
Fremont County,US.WY.FR,203,5,
Gaston County,US.NC.GS,203,6,
Berkeley County,US.SC.BK,203,15,
Wasatch County,US.UT.WA,203,1,
Kanawha County,US.WV.KA,203,16,
Harrison County,US.TX.HR,202,19,
Wayne County,US.OH.WE,202,48,
Granville County,US.NC.GN,201,6,
Coffee County,US.GA.CF,201,12,
Lincoln County,US.SD.LI,201,0,
Troup County,US.GA.TP,201,6,
Brown County,US.SD.BW,200,0,
Clarke County,US.GA.CK,200,13,
Leflore County,US.MS.LL,200,22,
Caroline County,US.MD.CO,200,0,
Terrell County,US.GA.TL,199,24,
Liberty County,US.FL.LI,199,0,
Butts County,US.GA.BU,199,16,
Manassas Park city,US.VA.MP,198,3,
Shawnee County,US.KS.SN,198,5,
Burke County,US.NC.BK,198,14,
Northampton County,US.VA.NA,198,9,
Washington County,US.UT.WN,198,1,
Worth County,US.GA.WO,197,17,
Elmore County,US.AL.EL,197,6,
Crisp County,US.GA.CP,197,7,
Newport County,US.RI.NE,197,1,
Vance County,US.NC.VA,195,16,
Pearl River County,US.MS.PL,195,26,
DeKalb County,US.AL.DA,195,2,
Adams County,US.PA.AD,194,5,
Plaquemines Parish,US.LA.PL,194,16,
St. Lawrence County,US.NY.SI,192,2,
Iredell County,US.NC.IR,192,5,
Newton County,US.MS.NW,192,3,
Yazoo County,US.MS.YZ,190,2,
Licking County,US.OH.LI,190,8,
Smith County,US.TX.SM,189,3,
Whitfield County,US.GA.WF,188,7,
West Feliciana Parish,US.LA.WF,188,8,
James City County,US.VA.JA,187,15,
Floyd County,US.GA.FL,187,13,
McLean County,US.IL.ML,186,6,
Grant County,US.WA.GN,186,3,
Summit County,US.CO.SU,186,1,
Tift County,US.GA.TI,185,14,
Santa Rosa County,US.FL.SA,185,9,
Yolo County,US.CA.YO,184,22,
Allegan County,US.MI.AL,184,2,
Hardeman County,US.TN.HA,183,0,
White County,US.IN.WH,183,5,
Fulton County,US.NY.FU,182,15,
Jackson County,US.IL.JC,181,10,
Washington County,US.TX.WH,181,22,
Genesee County,US.NY.GE,180,4,
Lapeer County,US.MI.LP,180,30,
Okaloosa County,US.FL.OA,178,5,
Williamsburg County,US.SC.WI,178,10,
Chelan County,US.WA.CH,178,6,
Pike County,US.MS.PI,178,11,
East Feliciana Parish,US.LA.EF,177,23,
Gunnison County,US.CO.GU,176,6,
Island County,US.WA.IS,176,10,
Buncombe County,US.NC.BO,176,4,
Shelby County,US.TX.SY,175,5,
Lamar County,US.MS.LM,175,4,
Placer County,US.CA.PA,175,8,
Ware County,US.GA.WE,174,13,
Montgomery County,US.IN.MM,173,13,
Adams County,US.MS.AD,173,15,
Harrison County,US.IN.HI,173,16,
Bristol County,US.RI.BR,172,2,
Washington County,US.IA.WS,172,8,
Wright County,US.MN.WR,172,1,
Tuscola County,US.MI.TU,172,19,
Ogle County,US.IL.OG,172,2,
Coffee County,US.AL.CF,171,1,
Lee County,US.SC.LE,170,11,
Gregg County,US.TX.GE,170,0,
Pottawattamie County,US.IA.PT,170,2,
Edgecombe County,US.NC.ED,170,8,
Macon County,US.IL.MC,169,17,
Mecklenburg County,US.VA.ME,169,16,
Randolph County,US.GA.RN,169,19,
Pointe Coupee Parish,US.LA.PO,169,20,
Allen County,US.OH.AN,168,30,
Orleans County,US.NY.OL,167,24,
Grant County,US.IN.GA,166,18,
Eaton County,US.MI.EA,165,6,
Hillsdale County,US.MI.HI,165,23,
Walton County,US.GA.WA,164,9,
Worcester County,US.MD.WO,164,5,
Allegany County,US.MD.AL,164,14,
Hampton city,US.VA.HM,163,3,
Santa Cruz County,US.CA.SZ,163,2,
Madison County,US.TN.MD,162,2,
Dooly County,US.GA.DO,162,12,
Panola County,US.TX.PN,162,15,
Richland County,US.OH.RI,161,2,
Dubois County,US.IN.DU,161,2,
Clinton County,US.IL.CN,161,14,
Hancock County,US.GA.HC,161,5,
Page County,US.VA.PA,161,16,
Peoria County,US.IL.PI,160,6,
Greene County,US.IN.GE,160,21,
Kitsap County,US.WA.KS,160,2,
Suwannee County,US.FL.SW,160,18,
Flagler County,US.FL.FL,160,4,
Lenoir County,US.NC.LN,158,5,
Dearborn County,US.IN.DR,158,19,
Stephenson County,US.IL.SN,156,1,
Victoria County,US.TX.VI,156,7,
Aiken County,US.SC.AI,155,7,
Sherburne County,US.MN.SH,155,1,
Rutherford County,US.NC.RU,153,5,
Nash County,US.NC.NA,153,3,
Grayson County,US.TX.GO,152,0,
Graves County,US.KY.GV,152,18,
Clermont County,US.OH.CE,152,5,
Hoke County,US.NC.HO,152,0,
Noble County,US.IN.NO,152,20,
Dallas County,US.AL.DL,151,3,
Warrick County,US.IN.WI,151,24,
Benton County,US.AR.BE,150,0,
Lycoming County,US.PA.LY,149,8,
Washington County,US.WI.WN,149,4,
Gallatin County,US.MT.GL,149,1,
Monroe County,US.IN.MR,149,9,
West Baton Rouge Parish,US.LA.WB,148,30,
Ontario County,US.NY.OR,148,8,
Clark County,US.OH.CK,148,3,
Kaufman County,US.TX.KU,147,1,
Hamilton County,US.FL.HM,147,0,
Washington County,US.AR.WA,145,5,
Erie County,US.PA.ER,145,4,
Northumberland County,US.PA.NU,143,2,
Fond du Lac County,US.WI.FN,142,3,
Clinton County,US.IN.CI,142,1,
Outagamie County,US.WI.OU,142,5,
Tompkins County,US.NY.TO,141,0,
Mercer County,US.OH.MC,141,2,
Craighead County,US.AR.CG,141,0,
Kent County,US.MD.KE,140,14,
Noxubee County,US.MS.NO,140,3,
Albemarle County,US.VA.AB,139,4,
Lawrence County,US.IN.LW,139,21,
Sioux County,US.IA.SI,139,0,
Androscoggin County,US.ME.AN,139,2,
Walker County,US.AL.WK,139,0,
Angelina County,US.TX.AG,139,1,
Benton County,US.MN.BN,138,2,
Southampton County,US.VA.SA,137,2,
Wagoner County,US.OK.WG,137,17,
Houston County,US.AL.HO,137,3,
Buffalo County,US.NE.BF,136,1,
Sumter County,US.AL.SU,136,4,
Lenawee County,US.MI.LN,136,3,
Montrose County,US.CO.MO,136,11,
Franklin County,US.MO.FR,135,14,
Jackson County,US.WV.JA,135,17,
Clinton County,US.MI.CN,135,10,
Campbell County,US.KY.CM,134,10,
Rockwall County,US.TX.RC,134,5,
Chemung County,US.NY.CM,134,3,
Putnam County,US.FL.PU,134,3,
Lowndes County,US.AL.LO,133,9,
Bowie County,US.TX.BW,133,3,
Warren County,US.MS.WR,133,4,
Calhoun County,US.AL.CN,133,3,
Bastrop County,US.TX.BP,132,2,
Jackson County,US.GA.JC,132,3,
Centre County,US.PA.CT,132,5,
Jackson County,US.FL.JA,131,0,
Dillon County,US.SC.DI,131,1,
Washington County,US.PA.WS,130,4,
Miami County,US.IN.MI,130,1,
Northampton County,US.NC.NO,130,10,
Garland County,US.AR.GL,130,1,
Bolivar County,US.MS.BO,129,10,
Douglas County,US.WA.DO,129,3,
Gordon County,US.GA.GO,129,15,
Queen Anne's County,US.MD.QU,129,10,
Roanoke city,US.VA.RO,128,8,
Decatur County,US.GA.DC,128,4,
Fairfield County,US.SC.FA,128,8,
Henry County,US.IN.HY,128,3,
Craven County,US.NC.CN,127,4,
Lowndes County,US.MS.LO,126,6,
Thurston County,US.WA.TH,124,1,
Winnebago County,US.WI.WA,124,1,
Santa Fe County,US.NM.ST,124,3,
Franklin County,US.NC.FR,124,20,
Whiteside County,US.IL.WD,123,8,
McMinn County,US.TN.MM,123,12,
Washington County,US.MS.WS,123,4,
Saluda County,US.SC.SA,123,0,
Johnson County,US.TX.JH,123,4,
Deaf Smith County,US.TX.DI,122,6,
Ozaukee County,US.WI.OZ,122,11,
New Hanover County,US.NC.NE,122,3,
Dorchester County,US.MD.DO,122,2,
Union County,US.IL.UN,122,4,
Orange County,US.IN.OR,122,19,
Calhoun County,US.GA.CU,121,5,
Lincoln Parish,US.LA.LN,121,13,
Darke County,US.OH.DA,121,16,
LaSalle County,US.IL.LA,121,8,
Erie County,US.OH.ER,121,3,
Randolph County,US.AL.RA,120,7,
Autauga County,US.AL.AU,120,3,
Martin County,US.MN.MT,120,5,
Caddo County,US.OK.CD,120,10,
Midland County,US.TX.ID,120,12,
Kennebec County,US.ME.KE,120,8,
Putnam County,US.IN.PT,120,5,
Ionia County,US.MI.II,119,3,
Laramie County,US.WY.LA,119,2,
Isle of Wight County,US.VA.IS,119,3,
Canadian County,US.OK.CN,118,3,
Vigo County,US.IN.VI,118,6,
Iroquois County,US.IL.IR,118,3,
Allen Parish,US.LA.AL,118,10,
Chenango County,US.NY.CH,118,3,
Hardin County,US.TX.HN,117,4,
Moore County,US.NC.ME,117,10,
Carver County,US.MN.CV,117,1,
Clay County,US.MO.CY,117,1,
Webster Parish,US.LA.WR,117,5,
Maui County,US.HI.MA,117,6,
Chickasaw County,US.MS.CS,116,12,
Morgan County,US.AL.MG,116,1,
Ohio County,US.KY.OH,116,0,
Washington County,US.OH.WS,116,17,
Burke County,US.GA.BE,116,4,
Lamar County,US.TX.LR,116,9,
Burleigh County,US.ND.BL,116,0,
Monongalia County,US.WV.MG,116,4,
Jennings County,US.IN.JN,116,4,
Lauderdale County,US.AL.LU,115,2,
Smith County,US.MS.SM,115,7,
Van Buren County,US.MI.VA,115,6,
Richmond County,US.NC.RI,115,2,
Jasper County,US.MS.JS,114,3,
Dorchester County,US.SC.DO,114,3,
Garfield County,US.CO.GA,114,2,
Allamakee County,US.IA.AL,114,4,
Ector County,US.TX.EC,114,4,
Orangeburg County,US.SC.OR,113,2,
Columbia County,US.FL.CU,113,2,
Halifax County,US.NC.HL,113,1,
Stephens County,US.GA.SE,113,2,
Tioga County,US.NY.TI,113,16,
Buena Vista County,US.IA.BV,113,0,
Citrus County,US.FL.CI,112,12,
Appling County,US.GA.AP,112,11,
Gilmer County,US.GA.GI,111,0,
Steele County,US.MN.SE,111,0,
Guadalupe County,US.TX.GU,110,0,
Carroll County,US.MS.CL,110,7,
Livingston County,US.NY.LI,110,3,
Yadkin County,US.NC.YD,109,1,
Warren County,US.IL.WR,109,0,
Lafayette County,US.MS.LY,109,3,
Linn County,US.OR.LN,109,8,
Covington County,US.MS.CV,108,0,
Wayne County,US.PA.WN,108,6,
Lancaster County,US.SC.LN,108,5,
Dodge County,US.WI.DD,108,1,
Union County,US.AR.UN,107,4,
Grayson County,US.KY.GY,107,8,
Ripley County,US.IN.RI,107,6,
Hernando County,US.FL.HA,107,5,
Richland Parish,US.LA.RI,107,1,
Pike County,US.AL.PK,107,0,
Catahoula Parish,US.LA.CT,106,3,
Indian River County,US.FL.IN,106,9,
Franklin County,US.IN.FR,106,7,
Walla Walla County,US.WA.WL,106,2,
Boone County,US.MO.BO,105,1,
Russell County,US.AL.RU,105,0,
St. Louis County,US.MN.ST,105,13,
Oktibbeha County,US.MS.OK,105,6,
Marengo County,US.AL.ME,104,6,
Highlands County,US.FL.HG,104,8,
Catawba County,US.NC.CB,104,2,
Natchitoches Parish,US.LA.NA,103,12,
Cibola County,US.NM.CI,103,4,
Marion County,US.AL.MI,103,9,
Jerome County,US.ID.JR,102,2,
Titus County,US.TX.TU,102,1,
Clarke County,US.MS.CE,102,13,
Kemper County,US.MS.KE,102,9,
Deschutes County,US.OR.DE,101,0,
Jones County,US.TX.JN,101,0,
Jefferson County,US.WV.JE,100,1,
Monroe County,US.FL.MO,99,3,
Franklin County,US.VT.FR,99,5,
Madison County,US.OH.MO,99,5,
Otsego County,US.MI.OS,99,10,
Jefferson County,US.IL.JF,99,16,
Warren County,US.VA.WR,99,2,
McLennan County,US.TX.ML,98,4,
Morrow County,US.OH.MW,98,1,
Umatilla County,US.OR.UM,98,2,
Bullitt County,US.KY.BI,98,4,
Chesterfield County,US.SC.CF,98,1,
Wayne County,US.NY.WN,97,2,
Christian County,US.KY.CH,97,3,
Scott County,US.IN.SC,97,2,
Crawford County,US.OH.CF,97,2,
Wayne County,US.WV.WA,96,9,
Greene County,US.MO.GE,96,7,
Fredericksburg City,US.VA.FB,96,0,
Delaware County,US.OK.DL,95,16,
Branch County,US.MI.BC,95,2,
Wilcox County,US.AL.WC,95,5,
Wilcox County,US.GA.WC,95,12,
Surry County,US.NC.SU,95,1,
Monroe County,US.GA.MN,95,7,
Fayette County,US.TN.FA,94,2,
Faulkner County,US.AR.FA,94,3,
Laurens County,US.GA.LR,94,1,
Juniata County,US.PA.JU,94,2,
Loudon County,US.TN.LO,94,0,
Tooele County,US.UT.TE,94,0,
Clinton County,US.NY.CL,94,4,
Mercer County,US.PA.ME,94,4,
Adair County,US.KY.AD,94,14,
Penobscot County,US.ME.PE,93,1,
Pickens County,US.SC.PI,93,3,
Polk County,US.OR.PO,93,9,
Macon County,US.GA.MC,93,6,
Gray County,US.TX.GY,93,0,
Morehouse Parish,US.LA.MO,93,5,
Lee County,US.MS.LE,93,4,
Cumberland County,US.TN.CU,93,1,
Colbert County,US.AL.CL,93,2,
Dickson County,US.TN.DI,93,0,
Avoyelles Parish,US.LA.AV,93,9,
Herkimer County,US.NY.HE,92,3,
Napa County,US.CA.NA,92,3,
Cheatham County,US.TN.CA,92,0,
Grady County,US.GA.GD,92,4,
Logan County,US.KY.LO,92,1,
St. Clair County,US.AL.SA,91,1,
Henderson County,US.KY.HE,91,3,
Osage County,US.OK.OS,91,8,
Alpena County,US.MI.AP,91,9,
Sussex County,US.VA.SS,91,1,
Hale County,US.AL.HA,91,2,
Fayette County,US.PA.FA,91,4,
Macon County,US.TN.MC,90,3,
Knox County,US.IL.KX,89,0,
Bertie County,US.NC.BT,89,3,
Marion County,US.MS.MI,89,8,
Monroe County,US.IL.MR,89,11,
Winn Parish,US.LA.WI,89,2,
Goochland County,US.VA.GO,88,5,
Orange County,US.TX.OR,87,2,
Yellowstone County,US.MT.YS,87,2,
St. Joseph County,US.MI.SJ,87,1,
Pasquotank County,US.NC.PU,87,7,
White County,US.GA.WH,87,3,
Blue Earth County,US.MN.BE,87,0,
Roanoke County,US.VA.RE,86,3,
Scott County,US.MO.ST,86,7,
McClain County,US.OK.ML,86,2,
Greene County,US.AL.GR,86,4,
Plymouth County,US.IA.PM,86,0,
Caldwell County,US.NC.CL,86,2,
Poweshiek County,US.IA.PW,86,8,
Choctaw County,US.AL.CC,85,3,
Bay County,US.FL.BY,85,3,
Augusta County,US.VA.AU,85,1,
Barbour County,US.AL.BR,85,1,
Gonzales County,US.TX.GA,85,2,
Coles County,US.IL.CE,85,5,
Susquehanna County,US.PA.SS,85,15,
McCracken County,US.KY.MK,85,2,
Fairbanks North Star Borough,US.AK.FA,85,2,
Creek County,US.OK.CE,85,7,
Oswego County,US.NY.OS,84,2,
Winchester city,US.VA.WH,84,1,
Turner County,US.GA.TR,84,12,
Hardin County,US.KY.HN,84,2,
Dawson County,US.GA.DW,84,1,
Putnam County,US.OH.PU,84,13,
Bienville Parish,US.LA.BI,84,20,
Indiana County,US.PA.IN,84,4,
Pine County,US.MN.PN,83,0,
Lumpkin County,US.GA.LP,83,1,
Winston County,US.MS.WN,83,0,
Bradley County,US.TN.BR,83,1,
Pickens County,US.AL.PC,82,3,
Fluvanna County,US.VA.FV,82,6,
Galax city,US.VA.GA,82,0,
Saline County,US.AR.SL,82,1,
Talladega County,US.AL.TD,81,2,
Hancock County,US.MS.HN,81,10,
Walton County,US.FL.WL,81,3,
Humboldt County,US.CA.HU,81,1,
Oconee County,US.GA.OC,80,3,
Polk County,US.GA.PO,80,0,
Putnam County,US.GA.PT,79,7,
Clay County,US.MS.CY,79,3,
Coahoma County,US.MS.CH,79,3,
Wyoming County,US.NY.WM,79,5,
Nez Perce County,US.ID.NE,79,19,
Story County,US.IA.ST,79,1,
Chilton County,US.AL.CI,79,1,
Carroll County,US.IN.CO,79,2,
Itawamba County,US.MS.IT,79,7,
Lawrence County,US.MS.LW,78,0,
Wichita County,US.TX.WC,78,2,
Wilkinson County,US.MS.WK,78,9,
Santa Cruz County,US.AZ.SA,78,0,
Lincoln County,US.MO.LO,78,1,
Simpson County,US.MS.SI,78,0,
Madera County,US.CA.ME,78,2,
Greene County,US.OH.GR,78,5,
Glynn County,US.GA.GY,77,1,
Sauk County,US.WI.SU,77,3,
Warren County,US.IA.WR,77,0,
Hawaii County,US.HI.HA,77,0,
Prince Edward County,US.VA.PD,77,2,
Shelby County,US.KY.SH,76,3,
Blount County,US.TN.BO,76,3,
Pope County,US.AR.PP,76,0,
Colonial Heights city,US.VA.CH,76,7,
Windham County,US.VT.WH,76,3,
Clarke County,US.AL.CK,75,2,
Onslow County,US.NC.ON,75,2,
Winona County,US.MN.WN,75,15,
Montgomery County,US.NY.MT,75,4,
Pierce County,US.GA.PR,75,3,
Liberty County,US.TX.LT,75,3,
Adair County,US.OK.AD,75,3,
Marlboro County,US.SC.ML,75,0,
Grundy County,US.IL.GU,75,1,
Maverick County,US.TX.MV,74,0,
Grant County,US.WI.GA,74,10,
Johnson County,US.GA.JH,74,2,
Lee County,US.IL.LE,74,1,
Lynchburg city,US.VA.LY,74,1,
Harris County,US.GA.HI,74,3,
Walker County,US.GA.WK,74,0,
Lawrence County,US.AR.LW,73,4,
Yalobusha County,US.MS.YL,73,1,
Todd County,US.MN.TO,73,0,
Bladen County,US.NC.BL,73,2,
Lawrence County,US.PA.LW,72,8,
Cleburne County,US.AR.CB,72,4,
Montgomery County,US.MS.MT,72,1,
Rogers County,US.OK.RS,72,5,
Charlottesville City,US.VA.CE,72,2,
Humboldt County,US.NV.HU,71,3,
Johnson County,US.MO.JO,71,0,
Catoosa County,US.GA.CS,71,0,
Wabash County,US.IN.WB,71,2,
Jefferson County,US.NY.JE,71,0,
Newton County,US.IN.NE,71,9,
Midland County,US.MI.MD,71,8,
Greenwood County,US.SC.GW,71,1,
Cass County,US.MO.CS,71,7,
Daviess County,US.IN.DI,71,15,
Meriwether County,US.GA.MW,70,1,
Jefferson Davis Parish,US.LA.JD,70,6,
Comal County,US.TX.OM,70,6,
Eau Claire County,US.WI.EA,70,0,
Jackson Parish,US.LA.JA,70,10,
Pettis County,US.MO.PS,69,1,
Chaffee County,US.CO.CA,69,17,
Teton County,US.WY.TE,69,1,
Sheboygan County,US.WI.SE,69,3,
Peach County,US.GA.PH,69,2,
Cullman County,US.AL.CU,69,0,
Tippah County,US.MS.TP,69,11,
Delaware County,US.NY.DE,69,2,
Lafayette County,US.MO.LF,68,1,
Sevier County,US.TN.SV,68,2,
Valencia County,US.NM.VA,68,1,
Maury County,US.TN.MU,68,0,
La Plata County,US.CO.LA,68,1,
Cowlitz County,US.WA.CW,68,0,
Pemiscot County,US.MO.PM,68,3,
Talbot County,US.MD.TA,68,1,
Jefferson Davis County,US.MS.JD,68,2,
Sunflower County,US.MS.SU,68,3,
DeSoto County,US.FL.DE,68,7,
Washington County,US.GA.WG,67,1,
Otsego County,US.NY.OO,67,3,
Marshall County,US.MS.MS,67,3,
Cattaraugus County,US.NY.CG,67,2,
El Dorado County,US.CA.EL,67,0,
Steuben County,US.IN.SE,67,2,
Kootenai County,US.ID.KO,66,0,
Greer County,US.OK.GE,66,7,
Hunt County,US.TX.HT,66,3,
Evangeline Parish,US.LA.EV,66,1,
Nassau County,US.FL.NA,66,1,
Washington County,US.TN.WI,66,0,
Carlton County,US.MN.CL,66,0,
Montgomery County,US.VA.MO,66,1,
Bacon County,US.GA.BC,65,2,
Mower County,US.MN.MW,65,0,
Grimes County,US.TX.GM,65,1,
Carson City,US.NV.CA,65,2,
Cayuga County,US.NY.CY,65,2,
Bryan County,US.GA.BY,65,4,
Limestone County,US.AL.LI,65,0,
Lane County,US.OR.LE,65,2,
Brooks County,US.GA.BO,64,8,
Cass County,US.IL.CS,64,0,
Henry County,US.IL.HY,64,0,
Cache County,US.UT.CA,64,0,
Bremer County,US.IA.BR,64,5,
Ottawa County,US.OH.OT,64,3,
McDonough County,US.IL.MU,64,2,
Grady County,US.OK.GD,64,2,
Madison County,US.FL.MD,64,3,
Wayne County,US.TN.WY,63,0,
York County,US.VA.YO,63,3,
Jackson County,US.AL.JA,63,2,
Tazewell County,US.IL.TA,63,3,
Matagorda County,US.TX.MD,63,5,
Grafton County,US.NH.GR,62,1,
Addison County,US.VT.AD,62,2,
Isabella County,US.MI.IB,62,7,
Union County,US.SD.UN,62,0,
Mississippi County,US.AR.MS,62,0,
Union County,US.MS.UN,62,4,
Douglas County,US.KS.DG,61,0,
Jefferson County,US.OH.JE,61,2,
Freeborn County,US.MN.FR,61,0,
Dale County,US.AL.DE,61,0,
Tom Green County,US.TX.TG,61,1,
Washington County,US.AL.WS,61,5,
Wayne County,US.IN.WY,61,5,
Hocking County,US.OH.HC,61,2,
Jefferson County,US.WI.JE,61,2,
Stark County,US.ND.SR,61,2,
Somerset County,US.MD.SO,61,0,
Coffee County,US.TN.CF,61,0,
Murray County,US.GA.MA,61,1,
San Benito County,US.CA.SI,61,2,
Orange County,US.VA.OR,60,0,
Louisa County,US.VA.LI,60,0,
Grenada County,US.MS.GN,60,2,
Petersburg city,US.VA.PB,60,2,
Clinton County,US.IA.CN,60,1,
Greene County,US.GA.GE,60,6,
Cass County,US.MI.CS,60,2,
Bennington County,US.VT.BE,60,1,
Riley County,US.KS.RL,60,1,
Iosco County,US.MI.IC,59,8,
Routt County,US.CO.RT,59,6,
Gibson County,US.TN.GB,59,1,
Yamhill County,US.OR.YA,59,7,
Claiborne Parish,US.LA.CI,58,10,
Kosciusko County,US.IN.KO,58,1,
Cottonwood County,US.MN.CT,58,0,
Colleton County,US.SC.CT,58,4,
Pennington County,US.SD.PN,58,1,
Covington County,US.AL.CV,58,1,
Armstrong County,US.PA.AR,58,2,
Calhoun County,US.MS.CN,58,4,
Calumet County,US.WI.CA,58,1,
Ross County,US.OH.RO,58,1,
Medina County,US.TX.ME,58,2,
Mifflin County,US.PA.MI,57,1,
Laurens County,US.SC.LU,57,3,
Pitkin County,US.CO.PI,57,2,
Concordia Parish,US.LA.CR,57,5,
Sandusky County,US.OH.SA,57,9,
Barry County,US.MI.BR,57,1,
Montgomery County,US.NC.MO,57,3,
Crawford County,US.MI.CF,57,4,
Sullivan County,US.TN.SL,57,2,
Jackson County,US.KY.JA,57,12,
Kittitas County,US.WA.KT,57,0,
Brunswick County,US.NC.BS,57,2,
Parker County,US.TX.PR,57,0,
Monroe County,US.OH.ME,56,2,
Polk County,US.MN.PL,56,2,
Pottawatomie County,US.OK.PT,56,4,
Auglaize County,US.OH.AU,55,3,
McDuffie County,US.GA.MU,55,5,
Cleveland County,US.NC.CV,55,2,
Cole County,US.MO.CE,55,1,
Cabell County,US.WV.CB,55,0,
Oglethorpe County,US.GA.OG,55,4,
Montcalm County,US.MI.MC,55,1,
Delta County,US.CO.DT,55,1,
Tate County,US.MS.TT,55,0,
Nye County,US.NV.NY,55,0,
Emporia city,US.VA.EM,55,3,
Oceana County,US.MI.OA,54,2,
Cambria County,US.PA.CI,54,2,
Oldham County,US.KY.OL,54,0,
Cape Girardeau County,US.MO.CG,54,2,
Anderson County,US.TX.AE,54,0,
Scotts Bluff County,US.NE.SC,54,0,
Benton County,US.OR.BE,54,5,
Macon County,US.AL.MC,54,2,
Stoddard County,US.MO.SD,53,0,
Hopewell city,US.VA.HW,53,0,
Belknap County,US.NH.BE,53,0,
Hertford County,US.NC.HD,53,1,
Chambers County,US.TX.CH,53,0,
Scotland County,US.NC.SC,53,0,
Platte County,US.MO.PT,53,0,
Hickman County,US.TN.HN,52,0,
Beauregard Parish,US.LA.BE,52,4,
Prince George County,US.VA.PG,52,0,
Marion County,US.SC.MI,52,4,
Williamson County,US.IL.WS,52,1,
Crenshaw County,US.AL.CA,52,1,
Georgetown County,US.SC.GR,52,3,
Marquette County,US.MI.MQ,52,10,
Seneca County,US.NY.SC,51,1,
Reno County,US.KS.RN,51,0,
Brown County,US.TX.BN,51,7,
Hamilton County,US.NE.HM,51,8,
Jackson County,US.OR.JA,51,0,
Rutland County,US.VT.RU,50,1,
Adams County,US.WA.AD,50,0,
Mesa County,US.CO.ME,50,0,
Greensville County,US.VA.GS,50,7,
Greene County,US.NC.GE,50,1,
Montour County,US.PA.MO,50,0,
Washington County,US.IN.WS,50,1,
Waldo County,US.ME.WL,50,14,
Edmonson County,US.KY.ED,50,6,
LaGrange County,US.IN.LG,50,2,
Union County,US.PA.UN,50,1,
Panola County,US.MS.PA,50,2,
Bibb County,US.AL.BI,50,1,
Caldwell Parish,US.LA.CW,50,0,
Pulaski County,US.KY.PU,50,2,
Newaygo County,US.MI.NE,50,0,
Jessamine County,US.KY.JS,50,0,
Camden County,US.GA.CD,50,1,
Kay County,US.OK.KA,50,7,
Coffey County,US.KS.CF,50,8,
Washington County,US.VA.WG,49,3,
Claiborne County,US.MS.CB,49,0,
Socorro County,US.NM.SO,49,4,
Pender County,US.NC.PD,49,1,
Gratiot County,US.MI.GT,49,4,
Bradford County,US.FL.BA,49,2,
Itasca County,US.MN.IT,49,5,
Monroe County,US.TN.MR,49,1,
Chautauqua County,US.NY.CQ,49,2,
Natrona County,US.WY.NA,49,0,
Carroll County,US.VA.CL,49,0,
Cheshire County,US.NH.CH,48,2,
Marion County,US.WV.MI,48,2,
Anson County,US.NC.AN,48,0,
Henderson County,US.TX.HD,48,0,
Schoharie County,US.NY.SO,48,2,
St. Croix County,US.WI.SI,48,0,
Elbert County,US.GA.EL,48,0,
Marion County,US.IL.MO,48,0,
Lincoln County,US.NC.LI,48,0,
King George County,US.VA.KG,48,4,
Liberty County,US.GA.LB,47,0,
Fairfax city,US.VA.FC,47,3,
Perry County,US.MO.PR,47,0,
Polk County,US.TX.PK,47,0,
Williams County,US.OH.WI,47,1,
Ben Hill County,US.GA.BL,47,1,
Wood County,US.WV.WO,47,2,
Blount County,US.AL.BU,47,1,
Lyon County,US.NV.LY,47,0,
Elbert County,US.CO.EB,47,2,
Windsor County,US.VT.WS,47,2,
Otter Tail County,US.MN.OT,47,0,
Cochise County,US.AZ.CH,46,1,
Davie County,US.NC.DV,46,2,
Humphreys County,US.MS.HU,46,5,
Greene County,US.TN.GE,46,2,
Hancock County,US.OH.HN,46,1,
Calloway County,US.KY.CW,46,1,
Henry County,US.IA.HE,46,1,
Marion County,US.GA.MR,46,2,
Toombs County,US.GA.TM,46,4,
Rockingham County,US.NC.RC,46,2,
Amite County,US.MS.AM,45,0,
La Crosse County,US.WI.LA,45,0,
Bulloch County,US.GA.BH,45,2,
Madison County,US.KY.MD,45,1,
Lonoke County,US.AR.LO,45,0,
Payne County,US.OK.PY,45,1,
Green County,US.WI.GN,45,0,
Wilkinson County,US.GA.WI,45,3,
Jasper County,US.IL.JS,45,7,
Effingham County,US.GA.EF,45,1,
Lincoln County,US.NE.LI,45,2,
Vermilion Parish,US.LA.VM,45,3,
Fulton County,US.IN.FU,44,1,
Tunica County,US.MS.TU,44,2,
Dodge County,US.GA.DG,44,2,
Danville City,US.VA.DA,44,1,
Hale County,US.TX.HE,44,4,
Caswell County,US.NC.CS,44,1,
Allegany County,US.NY.AL,44,2,
Falls Church city,US.VA.FU,44,4,
Edgefield County,US.SC.ED,44,2,
Moniteau County,US.MO.ME,44,1,
Dyer County,US.TN.DY,44,0,
Walthall County,US.MS.WT,44,0,
Lauderdale County,US.TN.LU,44,1,
Pike County,US.GA.PK,44,2,
Carroll County,US.NH.CA,44,0,
Clinton County,US.PA.CN,44,0,
Franklin County,US.TN.FR,43,1,
Wharton County,US.TX.WN,43,0,
Okeechobee County,US.FL.OE,43,0,
Banks County,US.GA.BS,43,0,
Williamsburg City,US.VA.WL,43,3,
Henry County,US.VA.HY,43,2,
Red River Parish,US.LA.RE,43,6,
Clinch County,US.GA.CC,42,1,
Caroline County,US.VA.CI,42,2,
Adams County,US.IL.AD,42,1,
Rusk County,US.TX.RK,42,1,
Boone County,US.IA.BO,42,0,
Hardee County,US.FL.HD,42,0,
Alamosa County,US.CO.AL,42,2,
Miller County,US.AR.ML,42,1,
Marshall County,US.IN.MS,42,1,
Rush County,US.IN.RU,42,2,
Huron County,US.OH.HU,42,1,
Westmoreland County,US.VA.WM,42,0,
Fayette County,US.IN.FA,42,4,
Gage County,US.NE.GG,42,3,
Jasper County,US.IN.JS,42,1,
Cedar County,US.IA.CD,41,1,
St. Helena Parish,US.LA.SH,41,1,
Bedford County,US.VA.BF,41,1,
Curry County,US.NM.CU,41,0,
Chippewa County,US.WI.CH,41,0,
Bradford County,US.PA.BF,41,3,
Klamath County,US.OR.KL,41,0,
Watonwan County,US.MN.WT,41,0,
Perry County,US.PA.PE,41,1,
Nevada County,US.CA.NE,41,1,
Yankton County,US.SD.YA,41,0,
Huron County,US.MI.HU,41,1,
Chester County,US.SC.CR,41,0,
Lamar County,US.GA.LM,41,1,
Oconee County,US.SC.OC,41,0,
Waller County,US.TX.WR,40,0,
Pulaski County,US.IL.PL,40,0,
Morton County,US.ND.MR,40,2,
Ochiltree County,US.TX.OC,40,2,
Bullock County,US.AL.BL,40,1,
La Salle Parish,US.LA.LA,40,0,
Macoupin County,US.IL.MP,40,1,
Henry County,US.AL.HE,40,1,
Calhoun County,US.FL.CA,40,1,
Sutter County,US.CA.SU,40,2,
Houston County,US.TX.HS,40,0,
Okanogan County,US.WA.OK,40,1,
Seminole County,US.GA.SI,40,2,
Barnwell County,US.SC.BN,40,1,
Clinton County,US.OH.CI,40,0,
Sanilac County,US.MI.SL,39,5,
Pittsburg County,US.OK.PI,39,3,
Wayne County,US.MS.WY,39,0,
Escambia County,US.AL.ES,39,3,
Missoula County,US.MT.MS,39,0,
Stewart County,US.GA.SW,39,0,
Winston County,US.AL.WN,39,0,
Nicollet County,US.MN.NI,39,3,
Jefferson County,US.IN.JF,39,1,
Allen County,US.KY.AL,39,1,
Des Moines County,US.IA.DS,39,1,
Perry County,US.IL.PY,39,0,
Crowley County,US.CO.CR,39,1,
Boyd County,US.KY.BD,39,3,
Brantley County,US.GA.BA,39,2,
Mountrail County,US.ND.MU,39,0,
Dinwiddie County,US.VA.DN,38,0,
Clatsop County,US.OR.CT,38,0,
Kearny County,US.KS.KE,38,0,
Simpson County,US.KY.SI,38,2,
Washington County,US.VT.WA,38,1,
Montgomery County,US.IL.MT,38,1,
Fannin County,US.GA.FN,38,1,
Guthrie County,US.IA.GH,38,2,
Blair County,US.PA.BL,38,1,
Pickens County,US.GA.PE,38,3,
Dawson County,US.TX.DW,38,1,
Fayette County,US.WV.FA,38,3,
Navarro County,US.TX.NV,38,2,
La Paz County,US.AZ.LA,38,0,
Flathead County,US.MT.FL,37,2,
Beadle County,US.SD.BA,37,2,
Chisago County,US.MN.CG,37,1,
White County,US.AR.WH,37,1,
East Carroll Parish,US.LA.EC,37,0,
Anderson County,US.TN.AN,37,1,
Jefferson County,US.MS.JF,37,0,
Ohio County,US.WV.OH,37,1,
Union County,US.GA.UN,37,1,
Sharp County,US.AR.SH,37,2,
Columbia County,US.WI.CO,36,1,
Muskingum County,US.OH.MU,36,0,
Sullivan County,US.MO.SV,36,0,
Wilson County,US.TX.WS,36,5,
Stokes County,US.NC.SO,36,0,
Martin County,US.NC.MR,36,0,
Perry County,US.MS.PY,36,2,
Cross County,US.AR.CO,36,0,
Dodge County,US.MN.DD,36,0,
Jones County,US.IA.JN,36,0,
Union County,US.OH.UN,36,0,
Benton County,US.IA.BN,36,1,
Marshall County,US.KY.MH,36,2,
Howard County,US.NE.HW,36,0,
Miller County,US.GA.ML,36,0,
Camden County,US.MO.CM,36,1,
Somerset County,US.PA.SO,36,0,
Wise County,US.TX.WE,36,2,
Calhoun County,US.TX.CU,36,2,
Prentiss County,US.MS.PN,36,3,
Jackson County,US.MN.JA,36,0,
Caldwell County,US.TX.CW,36,0,
Meeker County,US.MN.ME,36,0,
Le Sueur County,US.MN.LU,35,1,
Lewis County,US.WA.LE,35,3,
Abbeville County,US.SC.AB,35,0,
Frio County,US.TX.FO,35,0,
Pulaski County,US.IN.PL,35,0,
Johnson County,US.AR.JO,35,0,
Grant County,US.KY.GT,35,3,
Cortland County,US.NY.CD,35,1,
Fulton County,US.OH.FU,35,0,
Harrison County,US.WV.HR,35,1,
Ottawa County,US.OK.OT,35,2,
Carteret County,US.NC.CE,35,3,
Pulaski County,US.GA.PL,35,2,
Red River County,US.TX.RV,35,0,
Clark County,US.AR.CK,35,0,
Cherokee County,US.TX.CK,34,1,
Parmer County,US.TX.PM,34,0,
Barren County,US.KY.BN,34,0,
Morgan County,US.GA.MO,34,0,
Mono County,US.CA.MO,34,1,
Goodhue County,US.MN.GO,34,0,
Shelby County,US.OH.SH,34,1,
Haralson County,US.GA.HS,34,2,
Shasta County,US.CA.SH,34,4,
Morgan County,US.IL.MG,34,1,
Person County,US.NC.PN,33,1,
Door County,US.WI.DO,33,3,
Franklin County,US.ME.FR,33,1,
Franklin County,US.GA.FR,33,1,
Nelson County,US.KY.NE,33,0,
Essex County,US.NY.ES,33,0,
Pulaski County,US.MO.PA,33,1,
Rio Arriba County,US.NM.RI,33,0,
Snyder County,US.PA.SN,33,1,
Marathon County,US.WI.MH,33,1,
Clearfield County,US.PA.CF,33,0,
Shawano County,US.WI.SA,33,0,
Coosa County,US.AL.CS,33,1,
Newberry County,US.SC.NE,33,1,
Scott County,US.KY.SC,33,0,
Murray County,US.MN.MU,33,0,
Lawrence County,US.AL.LW,33,0,
Marion County,US.TN.MI,33,1,
Allendale County,US.SC.AL,33,3,
Mason County,US.WA.MA,33,1,
Bleckley County,US.GA.BK,33,0,
Iron County,US.UT.RN,32,1,
Chippewa County,US.MN.CP,32,0,
Christian County,US.IL.CI,32,4,
Baker County,US.GA.BR,32,1,
Wakulla County,US.FL.WK,32,1,
McDowell County,US.NC.MW,32,1,
Stanly County,US.NC.SN,32,4,
Webster County,US.KY.WE,32,0,
Jay County,US.IN.JY,32,0,
Salem city,US.VA.SE,32,0,
Franklin County,US.KS.FR,32,0,
Staunton city,US.VA.SU,32,0,
Franklin city,US.VA.FR,32,1,
Becker County,US.MN.BC,32,0,
Bonneville County,US.ID.BV,32,0,
Sevier County,US.AR.SV,32,1,
Bedford County,US.PA.BO,32,1,
Teller County,US.CO.TE,31,2,
Chaves County,US.NM.CH,31,2,
Cook County,US.GA.CO,31,1,
Botetourt County,US.VA.BO,31,3,
Union County,US.SC.UN,31,0,
Clay County,US.IN.CY,31,1,
Mason County,US.TX.MA,31,0,
Arenac County,US.MI.AR,31,1,
Butler County,US.NE.BE,31,0,
Essex County,US.VA.ES,31,0,
Brown County,US.IN.BR,31,1,
Elmore County,US.ID.EL,31,2,
Barton County,US.KS.BT,31,0,
Hawkins County,US.TN.HW,31,2,
Polk County,US.NC.PO,31,3,
Fayette County,US.OH.FY,31,0,
Vermilion County,US.IL.VE,30,1,
York County,US.NE.YO,30,0,
Wyoming County,US.PA.WM,30,4,
Washington County,US.ID.WA,30,0,
Atascosa County,US.TX.AT,30,1,
Clayton County,US.IA.CT,30,3,
Talbot County,US.GA.TB,30,1,
Wyandot County,US.OH.WD,30,2,
Clay County,US.GA.CY,30,2,
Wilkes County,US.GA.WS,30,1,
Beaufort County,US.NC.BA,30,0,
Jones County,US.GA.JE,30,0,
Coos County,US.OR.CO,30,0,
Preble County,US.OH.PR,30,1,
City and Borough of Juneau,US.AK.JU,30,0,
Jefferson County,US.WA.JE,30,0,
Hardin County,US.OH.HD,30,0,
Muskogee County,US.OK.MO,30,6,
Hampton County,US.SC.HA,30,0,
Grundy County,US.TN.GU,30,1,
Crow Wing County,US.MN.CW,30,1,
Kewaunee County,US.WI.KW,30,1,
Franklin County,US.VA.FN,30,1,
Oconto County,US.WI.OC,30,0,
DeKalb County,US.TN.DE,30,0,
Randolph County,US.IN.RA,30,3,
Toole County,US.MT.TO,29,6,
Iowa County,US.IA.IO,29,0,
Merrick County,US.NE.ME,29,0,
Mineral County,US.WV.ML,29,0,
Hot Spring County,US.AR.HT,29,0,
Madison County,US.GA.MD,29,1,
Haywood County,US.TN.HY,29,1,
Putnam County,US.WV.PU,29,0,
Warren County,US.NC.WR,29,0,
Lincoln County,US.ID.LI,29,0,
Sabine Parish,US.LA.SB,29,0,
St. Francois County,US.MO.SF,29,2,
Jasper County,US.MO.JS,29,0,
Fayette County,US.TX.FT,29,2,
Mahaska County,US.IA.MK,29,1,
Telfair County,US.GA.TF,29,1,
Adair County,US.MO.AD,29,0,
Pawnee County,US.OK.PW,29,2,
Yell County,US.AR.YE,28,1,
Ashe County,US.NC.AS,28,0,
Mayes County,US.OK.MY,28,4,
Jackson County,US.KS.JA,28,0,
Saline County,US.KS.SA,28,2,
Hutchinson County,US.TX.UT,28,0,
Pike County,US.KY.PI,28,2,
Cherokee County,US.OK.CK,28,1,
Sullivan County,US.IN.SU,28,0,
Gloucester County,US.VA.GL,28,1,
Cherokee County,US.AL.CH,28,0,
Butler County,US.MO.BE,28,0,
Custer County,US.NE.CU,28,3,
Ward County,US.ND.WR,28,1,
Wabaunsee County,US.KS.WB,28,0,
Jefferson County,US.FL.JE,28,2,
Yuba County,US.CA.YU,28,1,
Van Buren County,US.AR.VA,28,2,
Burnet County,US.TX.BT,28,0,
Clark County,US.WI.CL,28,4,
Lawrence County,US.OH.LW,27,0,
Starke County,US.IN.SR,27,2,
Mason County,US.MI.MN,27,0,
Whitley County,US.IN.WL,27,2,
Montezuma County,US.CO.MZ,27,3,
Morrison County,US.MN.MR,27,0,
Sagadahoc County,US.ME.SA,27,0,
Osceola County,US.IA.OS,27,0,
Owen County,US.IN.OW,27,1,
Poinsett County,US.AR.PN,27,2,
Livingston County,US.IL.LI,27,1,
Lamoille County,US.VT.LA,27,1,
Jasper County,US.SC.JA,27,1,
Halifax County,US.VA.HL,27,0,
Defiance County,US.OH.DF,27,1,
Clay County,US.AL.CY,27,2,
Castro County,US.TX.AS,27,1,
Greene County,US.PA.GR,27,0,
Lake County,US.CO.LK,26,0,
New Kent County,US.VA.NK,26,1,
Stevens County,US.KS.SV,26,0,
Kenai Peninsula Borough,US.AK.KN,26,2,
Emanuel County,US.GA.EM,26,1,
Donley County,US.TX.DO,26,0,
Jasper County,US.GA.JS,26,0,
Weakley County,US.TN.WE,26,0,
Marshall County,US.TN.MS,26,1,
Douglas County,US.IL.DO,26,0,
San Patricio County,US.TX.SP,26,0,
Jefferson County,US.TN.JE,26,0,
Baker County,US.FL.BK,26,3,
McPherson County,US.KS.MP,26,0,
Roosevelt County,US.NM.RO,26,0,
Buchanan County,US.IA.BC,26,0,
Seward County,US.NE.SA,26,1,
Carroll County,US.OH.CO,26,2,
Washington County,US.NC.WI,26,3,
Independence County,US.AR.IN,26,0,
Charlton County,US.GA.CT,26,1,
Kit Carson County,US.CO.KT,26,3,
Dukes County,US.MA.DU,26,0,
Lyon County,US.MN.LY,26,0,
Gooding County,US.ID.GO,26,0,
Haywood County,US.NC.HW,26,0,
Douglas County,US.OR.DO,25,0,
Fannin County,US.TX.FI,25,2,
Yates County,US.NY.YA,25,5,
Marinette County,US.WI.MT,25,2,
Amherst County,US.VA.AH,25,0,
Guernsey County,US.OH.GU,25,0,
Dixie County,US.FL.DI,25,0,
Dunklin County,US.MO.DU,25,2,
Smith County,US.TN.SH,25,1,
Hardy County,US.WV.HD,25,0,
Levy County,US.FL.LV,25,0,
Box Elder County,US.UT.BE,25,1,
Fremont County,US.CO.FR,25,0,
Warren County,US.MO.WR,25,0,
Stephens County,US.OK.ST,25,1,
Jeff Davis County,US.GA.JF,25,1,
Union County,US.FL.UN,25,0,
Pontotoc County,US.MS.PO,25,2,
Carroll County,US.TN.CR,25,1,
Fayette County,US.IA.FT,25,0,
DeKalb County,US.IN.DE,25,1,
Appomattox County,US.VA.AP,24,0,
Washington County,US.NE.WS,24,1,
Logan County,US.OH.LG,24,0,
Douglas County,US.NV.DO,24,0,
Klickitat County,US.WA.KL,24,3,
Butte County,US.CA.BU,24,0,
Milam County,US.TX.MI,24,1,
Jefferson County,US.OR.JE,24,0,
Cherokee County,US.SC.CK,24,1,
Clarion County,US.PA.CL,24,2,
Pittsylvania County,US.VA.PS,24,1,
Jackson County,US.NC.JA,24,1,
Madison Parish,US.LA.MA,24,0,
Hamblen County,US.TN.HB,24,2,
Madison County,US.VA.MD,24,1,
Waynesboro city,US.VA.WS,24,0,
Marshall County,US.WV.MH,24,0,
Powhatan County,US.VA.PH,24,0,
Stone County,US.MS.ST,24,0,
Greene County,US.AR.GE,24,0,
Dixon County,US.NE.DI,24,0,
Camp County,US.TX.CP,24,0,
Callaway County,US.MO.CA,23,1,
Hockley County,US.TX.HC,23,1,
Butler County,US.KS.BU,23,0,
Beaver County,US.OK.BA,23,0,
Grand Traverse County,US.MI.GN,23,5,
Benton County,US.IN.BE,23,0,
Jasper County,US.TX.JR,23,1,
Pottawatomie County,US.KS.PT,23,0,
Shelby County,US.IA.SH,23,0,
Crawford County,US.WI.CR,23,0,
Champaign County,US.OH.CH,23,1,
Jefferson County,US.GA.JR,23,1,
Garfield County,US.OK.GF,23,1,
Wise County,US.VA.WI,23,2,
Cumberland County,US.VA.CU,23,0,
Nowata County,US.OK.NW,23,0,
Choctaw County,US.MS.CW,23,2,
Charles City County,US.VA.CC,23,1,
Brown County,US.OH.BR,23,1,
Josephine County,US.OR.JO,23,1,
Hood County,US.TX.HO,22,3,
Payette County,US.ID.PA,22,2,
Atkinson County,US.GA.AT,22,2,
Crawford County,US.IN.CW,22,0,
Monroe County,US.IA.MR,22,1,
Randolph County,US.AR.RA,22,0,
San Miguel County,US.CO.SM,22,0,
Van Zandt County,US.TX.VN,22,1,
Webster County,US.MS.WE,22,1,
Geneva County,US.AL.GE,22,0,
Marion County,US.IA.MI,22,0,
Hill County,US.TX.HI,22,1,
Manitowoc County,US.WI.MW,22,1,
Jones County,US.NC.JN,22,2,
Taos County,US.NM.TA,22,0,
Juneau County,US.WI.JU,22,1,
Matanuska-Susitna Borough,US.AK.MA,22,1,
Hart County,US.GA.HT,22,0,
Gila County,US.AZ.GI,22,0,
San Augustine County,US.TX.SG,22,1,
Knox County,US.OH.KN,22,1,
Meade County,US.KS.ME,22,0,
Berrien County,US.GA.BN,22,0,
Irwin County,US.GA.IR,22,1,
Knox County,US.IN.KN,22,0,
Andrews County,US.TX.AR,22,0,
Perquimans County,US.NC.PQ,22,2,
Labette County,US.KS.LB,22,0,
Meigs County,US.TN.ME,22,0,
Tillman County,US.OK.TI,22,1,
Grant Parish,US.LA.GR,22,1,
Russell County,US.KY.RU,22,4,
Clark County,US.KY.CK,21,0,
Alexander County,US.NC.AE,21,0,
Quitman County,US.MS.QU,21,0,
Kendall County,US.TX.KD,21,0,
Saunders County,US.NE.SU,21,1,
Clark County,US.KS.CA,21,0,
Douglas County,US.MN.DU,21,0,
Taylor County,US.GA.TY,21,2,
Grayson County,US.VA.GY,21,0,
Vernon Parish,US.LA.VN,21,2,
Malheur County,US.OR.ML,21,0,
O'Brien County,US.IA.OB,21,0,
Sherman County,US.TX.SN,21,0,
Cass County,US.NE.CS,21,0,
Pierce County,US.WI.PI,21,0,
Perry County,US.AL.PE,21,0,
Franklin County,US.MS.FR,21,1,
Roscommon County,US.MI.RO,21,0,
Jackson County,US.OK.JA,21,1,
Williams County,US.ND.WI,21,0,
Laurel County,US.KY.LU,21,2,
Tipton County,US.IN.TT,21,1,
Emmet County,US.MI.EM,21,2,
Tallahatchie County,US.MS.TL,21,1,
Towns County,US.GA.TW,21,1,
Seminole County,US.OK.SM,21,2,
Crawford County,US.PA.CW,21,0,
Lawrence County,US.TN.LW,21,0,
Clallam County,US.WA.CL,21,0,
Christian County,US.MO.CT,20,0,
Huntington County,US.IN.HU,20,2,
Dade County,US.GA.DD,20,1,
Waseca County,US.MN.WE,20,0,
Coshocton County,US.OH.CS,20,0,
Monroe County,US.AL.MR,20,2,
Cass County,US.TX.CS,20,0,
Jefferson County,US.KS.JF,20,0,
Meade County,US.KY.MA,20,2,
Pecos County,US.TX.PE,20,0,
Somerset County,US.ME.SO,20,0,
Rock County,US.MN.RC,20,0,
Dunn County,US.WI.DN,20,0,
Knox County,US.ME.KN,20,0,
Brunswick County,US.VA.BU,20,1,
Cocke County,US.TN.CE,20,0,
Amelia County,US.VA.AI,20,1,
Screven County,US.GA.SR,20,1,
Winneshiek County,US.IA.WH,20,0,
Kauai County,US.HI.KU,20,0,
Elko County,US.NV.EL,20,1,
Wright County,US.IA.WG,20,0,
Graham County,US.AZ.GA,20,0,
Fayette County,US.IL.FA,19,2,
Carter County,US.TN.CT,19,1,
Perry County,US.IN.PE,19,0,
Lander County,US.NV.LA,19,0,
Obion County,US.TN.OB,19,1,
Guadalupe County,US.NM.GU,19,0,
Cassia County,US.ID.CS,19,1,
Isanti County,US.MN.IS,19,0,
Thurston County,US.NE.TU,19,0,
Lyon County,US.IA.LY,19,0,
Turner County,US.SD.TU,19,0,
Conecuh County,US.AL.CO,19,0,
Roberts County,US.SD.RO,19,0,
Crawford County,US.GA.CW,19,0,
Austin County,US.TX.AU,19,0,
Drew County,US.AR.DR,19,1,
Greene County,US.VA.GE,19,1,
Montgomery County,US.KS.MG,19,2,
Perry County,US.KY.PR,19,0,
Cheboygan County,US.MI.CY,19,1,
Lincoln County,US.OK.LI,19,2,
Inyo County,US.CA.IN,19,1,
Lee County,US.IA.LE,19,0,
Jo Daviess County,US.IL.JO,19,0,
Henry County,US.TN.HR,19,0,
Madison County,US.ID.MA,19,0,
Chattahoochee County,US.GA.CH,19,0,
Woodford County,US.KY.WO,19,0,
Jersey County,US.IL.JR,19,1,
White County,US.TN.WH,19,0,
Colorado County,US.TX.CO,18,0,
McLean County,US.KY.ML,18,1,
Harrison County,US.KY.HS,18,0,
Harrison County,US.IA.HR,18,0,
Clay County,US.NE.CL,18,0,
Lea County,US.NM.LE,18,0,
Franklin County,US.KY.FR,18,0,
Boyle County,US.KY.BE,18,0,
Ashley County,US.AR.AS,18,0,
Dallam County,US.TX.DL,18,0,
Burleson County,US.TX.BU,18,0,
Nottoway County,US.VA.NY,18,0,
Logan County,US.OK.LG,18,1,
Asotin County,US.WA.AS,18,1,
Torrance County,US.NM.TO,18,1,
Franklin County,US.NY.FR,18,0,
Clarke County,US.VA.CK,18,0,
Wasco County,US.OR.WC,18,1,
Northumberland County,US.VA.NU,18,1,
Dare County,US.NC.DE,18,1,
Wood County,US.TX.WO,18,0,
West Carroll Parish,US.LA.WC,18,0,
Upshur County,US.TX.US,18,0,
Clarke County,US.IA.CK,18,0,
Moody County,US.SD.MO,18,0,
Desha County,US.AR.DE,18,0,
McLeod County,US.MN.MC,18,0,
Okmulgee County,US.OK.OM,18,0,
Mecosta County,US.MI.MT,18,2,
Ford County,US.IL.FO,18,1,
Ogemaw County,US.MI.OG,17,0,
Menard County,US.IL.MN,17,0,
Fountain County,US.IN.FO,17,2,
Waupaca County,US.WI.WP,17,1,
Cherokee County,US.NC.CO,17,1,
Andrew County,US.MO.AN,17,0,
Saguache County,US.CO.SG,17,0,
Morgan County,US.WV.MA,17,0,
George County,US.MS.GR,17,1,
Switzerland County,US.IN.SW,17,0,
Eddy County,US.NM.ED,17,1,
Marion County,US.KY.MN,17,0,
Bamberg County,US.SC.BM,17,0,
Cascade County,US.MT.CS,17,2,
Washington County,US.IL.WG,17,0,
Gladwin County,US.MI.GL,17,1,
Cerro Gordo County,US.IA.CG,17,0,
Lewis County,US.NY.LE,17,5,
Webster County,US.MO.WE,17,0,
Heard County,US.GA.HD,17,1,
Bryan County,US.OK.BR,17,1,
DeWitt County,US.TX.DE,17,1,
Codington County,US.SD.CD,17,0,
Parke County,US.IN.PA,17,0,
Cuming County,US.NE.CM,17,0,
Todd County,US.SD.TO,17,0,
Fillmore County,US.MN.FI,17,0,
Lincoln County,US.ME.LI,17,0,
Starr County,US.TX.SR,17,0,
Grundy County,US.IA.GN,17,0,
Oxford County,US.ME.OX,17,0,
Kalkaska County,US.MI.KK,17,2,
Campbell County,US.TN.CM,17,1,
Park County,US.CO.PA,16,0,
Vinton County,US.OH.VI,16,0,
Hughes County,US.SD.HG,16,0,
Montgomery County,US.KY.MM,16,0,
Hansford County,US.TX.HF,16,2,
Grant County,US.AR.GN,16,0,
Warren County,US.TN.WR,16,0,
Overton County,US.TN.OV,16,0,
Tioga County,US.PA.TI,16,2,
Wabasha County,US.MN.WB,16,0,
Gem County,US.ID.GE,16,0,
Buchanan County,US.VA.BH,16,0,
Haskell County,US.KS.HS,16,0,
Todd County,US.KY.TO,16,0,
Hart County,US.KY.HT,16,0,
Missaukee County,US.MI.MU,16,1,
Warren County,US.GA.WR,16,0,
Sweetwater County,US.WY.SW,16,0,
Geary County,US.KS.GE,16,0,
Lincoln County,US.TN.LI,16,0,
Jenkins County,US.GA.JK,16,1,
Campbell County,US.WY.CM,16,0,
Echols County,US.GA.EC,16,0,
Schley County,US.GA.SY,16,1,
Whitman County,US.WA.WI,16,0,
Clinton County,US.MO.CO,16,0,
Floyd County,US.KY.FO,16,0,
Bannock County,US.ID.BO,16,0,
Madison County,US.IA.MD,16,1,
Mason County,US.IL.MS,16,0,
Cleveland County,US.AR.CV,16,0,
Lafayette County,US.WI.LF,16,0,
Clear Creek County,US.CO.CL,16,1,
Wythe County,US.VA.WY,16,1,
Posey County,US.IN.PS,16,0,
Spencer County,US.KY.SP,16,0,
Lewis and Clark County,US.MT.LE,16,0,
Wells County,US.IN.WE,16,0,
Newton County,US.MO.NT,16,1,
Woodford County,US.IL.WO,16,1,
Ketchikan Gateway Borough,US.AK.KG,16,0,
Columbia County,US.AR.CI,16,2,
Sullivan County,US.NH.SU,16,0,
Columbia County,US.OR.CL,16,0,
Stutsman County,US.ND.SU,16,0,
Sebastian County,US.AR.SB,16,0,
Atchison County,US.KS.AT,15,0,
Limestone County,US.TX.LO,15,1,
Logan County,US.WV.LO,15,1,
Perry County,US.OH.PE,15,1,
Lamar County,US.AL.LM,15,0,
Monona County,US.IA.MO,15,0,
Clare County,US.MI.CE,15,2,
Chattooga County,US.GA.CG,15,2,
Mason County,US.WV.MN,15,0,
Mariposa County,US.CA.MP,15,1,
Marion County,US.TX.MN,15,0,
Clay County,US.SD.CY,15,0,
Erath County,US.TX.ER,15,1,
Bureau County,US.IL.BU,15,1,
Smyth County,US.VA.SM,15,0,
Highland County,US.OH.HI,15,1,
Monroe County,US.WI.MO,15,1,
King William County,US.VA.KW,15,0,
Blackford County,US.IN.BL,15,1,
Garvin County,US.OK.GV,15,1,
Preston County,US.WV.PR,15,0,
McKenzie County,US.ND.MK,15,0,
Seneca County,US.OH.SE,15,2,
Ashland County,US.OH.AL,15,0,
Grant County,US.NM.GR,15,0,
Grays Harbor County,US.WA.GY,15,0,
Minidoka County,US.ID.MI,15,0,
Johnson County,US.TN.JO,15,0,
Swisher County,US.TX.SW,15,0,
Rabun County,US.GA.RB,15,1,
Jackson County,US.TX.JA,15,1,
Stanton County,US.NE.ST,15,0,
Scioto County,US.OH.SC,14,0,
Tishomingo County,US.MS.TS,14,0,
Willacy County,US.TX.WY,14,1,
Converse County,US.WY.CE,14,0,
Grant County,US.KS.GT,14,0,
Sequoyah County,US.OK.SQ,14,3,
Butler County,US.IA.BE,14,0,
Ray County,US.MO.RY,14,0,
Conway County,US.AR.CN,14,1,
New Madrid County,US.MO.NW,14,1,
Richland County,US.WI.RI,14,3,
Kleberg County,US.TX.KL,14,1,
Wheeler County,US.TX.WL,14,0,
Lyon County,US.KY.LY,14,3,
Chowan County,US.NC.CW,14,0,
Polk County,US.TN.PO,14,0,
Delta County,US.MI.DE,14,2,
Wayne County,US.GA.WY,14,0,
Jackson County,US.WI.JA,14,1,
Bradley County,US.AR.BR,14,1,
Charlotte County,US.VA.CT,14,0,
Breckinridge County,US.KY.BC,14,0,
Mendocino County,US.CA.MI,14,0,
Brookings County,US.SD.BK,14,0,
San Juan County,US.WA.SA,14,0,
Caledonia County,US.VT.CA,14,0,
Pike County,US.MO.PI,14,1,
Gray County,US.KS.GY,14,0,
Howard County,US.AR.HW,14,0,
Gates County,US.NC.GT,14,0,
Craig County,US.OK.CG,14,0,
Charlevoix County,US.MI.CV,14,1,
Washakie County,US.WY.WA,13,0,
Greene County,US.IA.GE,13,0,
Benton County,US.MS.BE,13,0,
Gosper County,US.NE.GO,13,0,
Crockett County,US.TN.CK,13,1,
Washington County,US.FL.WS,13,1,
Perry County,US.TN.PE,13,0,
Campbell County,US.VA.CM,13,1,
Douglas County,US.WI.DG,13,0,
Carroll County,US.IL.CL,13,2,
Calaveras County,US.CA.CA,13,0,
Val Verde County,US.TX.VL,13,0,
Mercer County,US.IL.ME,13,0,
Anderson County,US.KY.AN,13,1,
Izard County,US.AR.IZ,13,0,
Carter County,US.OK.CR,13,1,
Davis County,US.IA.DV,13,0,
Cannon County,US.TN.CN,13,0,
Holmes County,US.OH.HL,13,1,
Webster County,US.IA.WE,13,1,
Cleburne County,US.AL.CB,13,1,
Ohio County,US.IN.OH,13,0,
Greenup County,US.KY.GU,13,0,
Shelby County,US.IL.SB,13,1,
Le Flore County,US.OK.LE,13,1,
Lincoln County,US.GA.LC,13,0,
Phelps County,US.NE.PH,13,0,
Swift County,US.MN.SW,13,0,
McCreary County,US.KY.MR,13,0,
Cooke County,US.TX.OO,13,0,
McDonald County,US.MO.MA,13,0,
Harvey County,US.KS.HV,13,1,
Hampshire County,US.WV.HM,12,1,
Hancock County,US.WV.HN,12,0,
Hancock County,US.IL.HC,12,0,
Nantucket County,US.MA.NA,12,1,
Caldwell County,US.KY.CD,12,0,
Nelson County,US.VA.NL,12,0,
Hardin County,US.IA.HD,12,0,
Custer County,US.OK.CU,12,0,
Morgan County,US.TN.MG,12,0,
Spencer County,US.IN.SP,12,1,
Mercer County,US.KY.MC,12,0,
Chester County,US.TN.CS,12,0,
McNairy County,US.TN.MA,12,0,
Lee County,US.AR.LE,12,1,
Delaware County,US.IA.DA,12,0,
Del Norte County,US.CA.DE,12,0,
Jefferson County,US.IA.JE,12,0,
San Jacinto County,US.TX.SJ,12,0,
Mercer County,US.WV.MR,12,0,
Johnson County,US.WY.JO,12,1,
Sheridan County,US.WY.SH,12,0,
Whitley County,US.KY.WH,12,0,
Baca County,US.CO.BA,12,0,
Rappahannock County,US.VA.RP,12,0,
Alcorn County,US.MS.AL,12,1,
Scott County,US.KS.SC,12,0,
Rockcastle County,US.KY.RC,12,0,
Alleghany County,US.NC.AL,12,0,
Humphreys County,US.TN.HU,12,1,
Middlesex County,US.VA.MI,12,0,
Terry County,US.TX.TE,12,0,
Glenn County,US.CA.GL,12,0,
Henderson County,US.TN.HS,12,0,
Henry County,US.KY.HY,12,0,
Tattnall County,US.GA.TT,12,0,
Giles County,US.TN.GL,12,0,
Taney County,US.MO.TA,12,2,
Hood River County,US.OR.HO,12,0,
Warren County,US.IN.WN,12,1,
Mills County,US.IA.ML,12,0,
Howard County,US.IA.HO,12,0,
Mille Lacs County,US.MN.MI,12,1,
Perry County,US.AR.PY,12,0,
Green Lake County,US.WI.GL,11,0,
Crawford County,US.IL.CW,11,0,
Day County,US.SD.DY,11,0,
Currituck County,US.NC.CI,11,0,
Crawford County,US.AR.CW,11,0,
Norman County,US.MN.NR,11,0,
Pontotoc County,US.OK.PN,11,2,
Rockbridge County,US.VA.RB,11,0,
Scott County,US.TN.SC,11,0,
Dunn County,US.ND.DU,11,0,
Silver Bow County,US.MT.SI,11,0,
Presque Isle County,US.MI.PR,11,0,
Teton County,US.ID.TE,11,0,
Floyd County,US.IA.FL,11,1,
Chicot County,US.AR.CT,11,0,
Franklin County,US.IL.FR,11,0,
Fulton County,US.PA.FU,11,1,
Paulding County,US.OH.PA,11,0,
Otero County,US.CO.OT,11,1,
Trempealeau County,US.WI.TR,11,0,
Raleigh County,US.WV.RL,11,0,
Hamilton County,US.KS.HM,11,0,
Wilkin County,US.MN.WL,11,3,
Morris County,US.TX.MR,11,0,
Morrow County,US.OR.MO,11,0,
Vernon County,US.WI.VE,11,0,
Lanier County,US.GA.LI,11,2,
Yuma County,US.CO.YU,11,0,
Lincoln County,US.WY.LI,11,0,
Washington County,US.CO.WA,11,0,
Hancock County,US.ME.HA,11,1,
Lamb County,US.TX.LB,11,0,
Iowa County,US.WI.IO,11,0,
Watauga County,US.NC.WT,11,0,
McKean County,US.PA.MC,11,1,
Audubon County,US.IA.AU,11,1,
McCurtain County,US.OK.MU,11,0,
Antrim County,US.MI.AN,11,0,
Hamilton County,US.IA.HM,11,0,
Jackson County,US.OH.JA,11,0,
Trinity County,US.TX.TR,11,0,
Jackson County,US.TN.JA,11,0,
Webster County,US.GA.WT,11,1,
Barron County,US.WI.BR,11,0,
Wexford County,US.MI.WE,11,2,
Manistee County,US.MI.ME,11,0,
Kearney County,US.NE.KA,11,0,
Keokuk County,US.IA.KE,11,0,
Cass County,US.MN.CS,10,2,
Brown County,US.MN.BR,10,2,
Prowers County,US.CO.PR,10,0,
Gibson County,US.IN.GI,10,0,
Sibley County,US.MN.SI,10,0,
Brown County,US.IL.BR,10,0,
Page County,US.IA.PG,10,0,
Yancey County,US.NC.YN,10,0,
Henry County,US.OH.HE,10,0,
Ouachita County,US.AR.OU,10,0,
Glades County,US.FL.GL,10,1,
San Miguel County,US.NM.SM,10,0,
Osceola County,US.MI.OE,10,0,
Lake County,US.CA.LK,10,0,
Amador County,US.CA.AM,10,0,
Holmes County,US.FL.HO,10,0,
Walsh County,US.ND.WL,10,0,
Wright County,US.MO.WG,10,0,
Kingfisher County,US.OK.KN,10,0,
Bracken County,US.KY.BK,10,0,
Schuyler County,US.NY.SU,10,0,
Bond County,US.IL.BN,10,1,
Kerr County,US.TX.KR,10,0,
Phillips County,US.CO.PH,10,0,
Faribault County,US.MN.FA,10,0,
Rhea County,US.TN.RH,10,0,
Logan County,US.IL.LO,10,0,
McIntosh County,US.OK.MI,10,0,
McIntosh County,US.GA.MH,10,0,
Pipestone County,US.MN.PS,10,0,
Albany County,US.WY.AL,10,0,
Pulaski County,US.VA.PU,10,0,
Adams County,US.IN.AD,10,1,
Hardin County,US.TN.HI,10,0,
Morrill County,US.NE.MO,10,0,
Leelanau County,US.MI.LE,10,0,
Morgan County,US.UT.MN,10,0,
Candler County,US.GA.CR,10,0,
Union County,US.KY.UN,10,0,
Oglala Lakota County,US.SD.SH,10,0,
Palo Pinto County,US.TX.PO,9,2,
Buena Vista city,US.VA.BE,9,0,
Stanley County,US.SD.ST,9,0,
Roane County,US.TN.RA,9,0,
Richland County,US.ND.RI,9,0,
Pacific County,US.WA.PA,9,1,
Lee County,US.VA.LE,9,0,
Grant County,US.SD.GA,9,0,
Tyler County,US.TX.TY,9,0,
Pamlico County,US.NC.PM,9,0,
Cherokee County,US.IA.CE,9,0,
Davison County,US.SD.DV,9,0,
Montague County,US.TX.MU,9,1,
Cedar County,US.MO.CD,9,0,
Washington County,US.MO.WS,9,1,
Polk County,US.NE.PO,9,0,
Ballard County,US.KY.BA,9,0,
Cumberland County,US.IL.CU,9,0,
Cooper County,US.MO.CP,9,0,
Alleghany County,US.VA.AL,9,0,
Fayette County,US.AL.FA,9,0,
Lafayette County,US.AR.LF,9,1,
Calhoun County,US.SC.CH,9,1,
Benton County,US.MO.BN,9,0,
Clay County,US.IA.CY,9,0,
Kanabec County,US.MN.KA,9,0,
Ellis County,US.KS.EL,9,0,
Forest County,US.WI.FR,9,0,
Stevens County,US.WA.ST,9,1,
Harrison County,US.OH.HR,9,0,
Hartley County,US.TX.HL,9,0,
Lawrence County,US.SD.LW,9,0,
Orleans County,US.VT.OL,9,0,
Wayne County,US.IL.WY,9,1,
Cheyenne County,US.NE.CY,9,0,
Leon County,US.TX.LN,9,0,
Twiggs County,US.GA.TG,9,0,
Athens County,US.OH.AS,9,1,
Greenbrier County,US.WV.GE,9,0,
Henry County,US.MO.HE,9,1,
Clark County,US.IL.CK,9,0,
Beltrami County,US.MN.BT,9,0,
Doniphan County,US.KS.DP,9,0,
Charles Mix County,US.SD.CH,9,0,
Taylor County,US.KY.TA,9,0,
Zavala County,US.TX.ZV,9,0,
Boone County,US.WV.BN,9,0,
Uintah County,US.UT.UN,9,0,
Sequatchie County,US.TN.SQ,9,0,
Hempstead County,US.AR.HE,9,1,
Trigg County,US.KY.TG,9,0,
Martin County,US.IN.MN,8,0,
Mason County,US.KY.MS,8,0,
Ste. Genevieve County,US.MO.SG,8,1,
Stanton County,US.KS.ST,8,0,
Martinsville city,US.VA.MR,8,0,
Knox County,US.NE.KN,8,0,
Appanoose County,US.IA.AP,8,3,
Lampasas County,US.TX.LP,8,0,
Knox County,US.KY.KX,8,0,
Duchesne County,US.UT.DU,8,0,
Stone County,US.AR.ST,8,0,
Pocahontas County,US.WV.PO,8,0,
Union County,US.IN.UN,8,0,
Uinta County,US.WY.UI,8,0,
Sevier County,US.UT.SE,8,0,
Polk County,US.AR.PL,8,0,
Treutlen County,US.GA.TE,8,0,
Archuleta County,US.CO.AC,8,0,
Claiborne County,US.TN.CI,8,0,
Carbon County,US.UT.CR,8,0,
Randolph County,US.MO.RN,8,0,
Cherokee County,US.KS.CK,8,0,
Fulton County,US.IL.FU,8,0,
Piatt County,US.IL.PA,8,0,
Menominee County,US.MI.MM,8,0,
Big Horn County,US.MT.BI,8,0,
Kimball County,US.NE.KB,8,0,
Quitman County,US.GA.QU,8,1,
Crawford County,US.MO.CF,8,0,
Jim Wells County,US.TX.JW,8,0,
Lincoln County,US.OR.LC,8,0,
Montgomery County,US.GA.MM,8,0,
Owyhee County,US.ID.OW,8,0,
Lavaca County,US.TX.LA,8,1,
Madison County,US.MT.MA,8,1,
Gilmer County,US.WV.GI,8,0,
Henderson County,US.IL.HD,8,0,
Taylor County,US.WV.TA,8,0,
Alexander County,US.IL.AL,8,0,
Juab County,US.UT.JU,8,0,
Otero County,US.NM.OT,8,1,
Venango County,US.PA.VE,8,0,
Russell County,US.VA.RU,8,0,
Carter County,US.KY.CR,8,0,
Madison County,US.TX.AD,8,0,
Orange County,US.VT.OA,8,0,
Adams County,US.OH.AD,8,1,
Park County,US.MT.PA,8,0,
Jackson County,US.IA.JC,8,0,
Hopkins County,US.TX.HP,8,0,
Patrick County,US.VA.PK,8,0,
Van Buren County,US.IA.VA,8,0,
Bourbon County,US.KY.BU,8,1,
Marshall County,US.MN.MS,8,0,
Callahan County,US.TX.AL,8,1,
Roane County,US.WV.RO,8,0,
Wayne County,US.KY.WY,8,0,
Bailey County,US.TX.BY,8,0,
Moultrie County,US.IL.MI,8,0,
Rio Grande County,US.CO.RG,8,0,
Emery County,US.UT.EM,7,0,
Randolph County,US.WV.RN,7,0,
Noble County,US.OK.NB,7,0,
Lawrence County,US.MO.LW,7,0,
McCormick County,US.SC.MC,7,1,
Poquoson city,US.VA.PQ,7,0,
Jefferson County,US.ID.JF,7,0,
Portage County,US.WI.PT,7,0,
Marion County,US.KS.MN,7,1,
Nicholas County,US.WV.NI,7,1,
Ramsey County,US.ND.RM,7,1,
Lunenburg County,US.VA.LN,7,0,
Barbour County,US.WV.BB,7,1,
Wheeler County,US.GA.WL,7,0,
Jefferson County,US.PA.JE,7,0,
Bates County,US.MO.BS,7,1,
Luna County,US.NM.LU,7,1,
Greene County,US.MS.GE,7,1,
Johnson County,US.IL.JH,7,0,
Transylvania County,US.NC.TR,7,0,
Bath County,US.KY.BH,7,1,
King and Queen County,US.VA.KA,7,0,
Ripley County,US.MO.RI,7,0,
Forest County,US.PA.FO,7,0,
Live Oak County,US.TX.LK,7,0,
Linn County,US.KS.LN,7,0,
Zapata County,US.TX.ZP,7,0,
Vermillion County,US.IN.VE,7,0,
Lincoln County,US.MT.LN,7,1,
Wetzel County,US.WV.WT,7,0,
Carbon County,US.WY.CB,7,1,
Schuyler County,US.IL.SU,7,0,
Stewart County,US.TN.SA,7,0,
Garrett County,US.MD.GA,7,0,
Mitchell County,US.NC.MI,7,0,
Ouray County,US.CO.OU,7,1,
Lincoln County,US.KY.LN,7,1,
Montgomery County,US.MO.MM,7,0,
Lewis County,US.MO.LE,7,1,
Lancaster County,US.VA.LA,7,0,
Roosevelt County,US.MT.RO,7,0,
Carroll County,US.IA.CL,7,0,
Carroll County,US.MO.CL,7,0,
Rooks County,US.KS.RO,7,0,
Oneida County,US.WI.ON,7,0,
Wood County,US.WI.WO,7,0,
Gallia County,US.OH.GA,7,1,
Freestone County,US.TX.FE,7,0,
Chickasaw County,US.IA.CC,7,0,
Franklin County,US.IA.FN,7,0,
Waushara County,US.WI.WS,7,0,
Hamilton County,US.TX.HM,7,0,
Goliad County,US.TX.GI,7,0,
Osage County,US.KS.OS,7,0,
Aroostook County,US.ME.AR,7,0,
Humboldt County,US.IA.HU,7,0,
Gilchrist County,US.FL.GI,7,0,
Winnebago County,US.IA.WB,7,0,
Benton County,US.TN.BN,7,1,
Morgan County,US.MO.MG,7,0,
Scott County,US.VA.SC,7,2,
Ida County,US.IA.ID,7,0,
Lewis County,US.KY.LI,7,0,
Livingston County,US.KY.LV,7,0,
Crawford County,US.KS.CR,6,1,
Sanpete County,US.UT.SP,6,0,
Sherman County,US.KS.SH,6,0,
Alcona County,US.MI.AC,6,0,
Elk County,US.PA.EL,6,0,
Leslie County,US.KY.LS,6,0,
Effingham County,US.IL.EF,6,1,
Rowan County,US.KY.RW,6,0,
Larue County,US.KY.LR,6,0,
Lexington city,US.VA.LX,6,0,
Woodson County,US.KS.WO,6,0,
Latah County,US.ID.LA,6,0,
Kiowa County,US.OK.KO,6,0,
Los Alamos County,US.NM.LO,6,0,
Saline County,US.IL.SE,6,0,
Long County,US.GA.LG,6,0,
Ravalli County,US.MT.RA,6,0,
Antelope County,US.NE.AN,6,0,
Sharkey County,US.MS.SH,6,0,
Lee County,US.TX.LE,6,0,
Sanborn County,US.SD.SA,6,0,
Mackinac County,US.MI.MK,6,0,
Adair County,US.IA.AI,6,0,
Robertson County,US.TX.RO,6,0,
Lafayette County,US.FL.LF,6,0,
Dickinson County,US.IA.DI,6,0,
Bandera County,US.TX.BA,6,0,
Searcy County,US.AR.SA,6,0,
Beckham County,US.OK.BC,6,0,
Clay County,US.TN.CY,6,0,
Surry County,US.VA.SR,6,1,
Pendleton County,US.KY.PN,6,0,
Bourbon County,US.KS.BB,6,1,
Cedar County,US.NE.CA,6,0,
Bosque County,US.TX.BQ,6,0,
Millard County,US.UT.MD,6,0,
Howard County,US.TX.HW,6,1,
Miami County,US.KS.MI,6,0,
Pembina County,US.ND.PE,6,0,
Furnas County,US.NE.FU,6,0,
Sumner County,US.KS.SU,6,1,
Blanco County,US.TX.BC,6,0,
Bingham County,US.ID.BG,6,0,
Franklin County,US.TX.FK,6,0,
McLean County,US.ND.ML,6,0,
Houston County,US.TN.HO,6,0,
Moffat County,US.CO.MF,6,0,
Bee County,US.TX.BE,6,0,
Uvalde County,US.TX.UV,6,0,
Carbon County,US.MT.CB,6,0,
Hancock County,US.KY.HC,6,0,
Grant County,US.WV.GA,6,0,
Union County,US.OR.UN,6,0,
Upshur County,US.WV.UP,6,0,
Carroll County,US.AR.CL,6,0,
Tillamook County,US.OR.TI,6,0,
Monroe County,US.KY.MO,6,0,
Grainger County,US.TN.GA,6,0,
Harrison County,US.MO.HS,6,0,
Tazewell County,US.VA.TA,6,0,
Otoe County,US.NE.OT,6,0,
Glacier County,US.MT.GC,6,0,
Monroe County,US.WV.ME,6,0,
McDowell County,US.WV.MC,6,0,
Swain County,US.NC.SW,6,0,
Jerauld County,US.SD.JE,6,1,
Churchill County,US.NV.CH,6,1,
Marshall County,US.OK.MH,6,0,
Johnson County,US.NE.JO,6,0,
Major County,US.OK.MJ,6,1,
Polk County,US.WI.PL,6,0,
Jefferson County,US.NE.JE,6,0,
Baxter County,US.AR.BA,6,0,
Massac County,US.IL.MA,6,0,
Fentress County,US.TN.FE,6,0,
Barry County,US.MO.BR,6,0,
Siskiyou County,US.CA.SK,6,0,
Falls County,US.TX.FL,6,0,
Hickman County,US.KY.HA,5,0,
Decatur County,US.TN.DC,5,0,
Edwards County,US.KS.ED,5,0,
Lake County,US.MT.LA,5,0,
Dickinson County,US.MI.DI,5,2,
Cotton County,US.OK.CT,5,2,
Brown County,US.KS.BR,5,0,
Macon County,US.NC.MN,5,0,
Monroe County,US.AR.ME,5,0,
Wadena County,US.MN.WD,5,0,
Burt County,US.NE.BT,5,0,
Webster County,US.NE.WE,5,0,
Vernon County,US.MO.VE,5,0,
Montgomery County,US.IA.MG,5,0,
Burke County,US.ND.BK,5,0,
Lewis County,US.WV.LE,5,0,
Sac County,US.IA.SA,5,0,
Morgan County,US.OH.MA,5,0,
Carson County,US.TX.CN,5,0,
Johnson County,US.KY.JO,5,0,
Buffalo County,US.WI.BF,5,1,
Osage County,US.MO.OS,5,0,
Evans County,US.GA.EV,5,0,
Tensas Parish,US.LA.TN,5,0,
Gogebic County,US.MI.GO,5,1,
Haskell County,US.OK.HS,5,0,
Oscoda County,US.MI.OO,5,1,
Montmorency County,US.MI.MR,5,0,
Marion County,US.MO.MO,5,0,
Clay County,US.KS.CY,5,1,
Giles County,US.VA.GI,5,0,
Lake County,US.SD.LK,5,0,
Taylor County,US.FL.TA,5,0,
Crook County,US.WY.CK,5,0,
Nodaway County,US.MO.NO,5,0,
Walworth County,US.SD.WA,5,0,
Gaines County,US.TX.GS,5,0,
Phillips County,US.AR.PH,5,1,
Latimer County,US.OK.LA,5,1,
Duval County,US.TX.DU,5,0,
Meade County,US.SD.MD,5,0,
Ransom County,US.ND.RN,5,0,
Renville County,US.MN.RN,5,0,
Cheyenne County,US.CO.CE,5,0,
Pike County,US.IN.PI,5,0,
Franklin County,US.NE.FA,5,0,
Pike County,US.OH.PK,5,0,
Red Willow County,US.NE.RE,5,0,
Noble County,US.OH.NO,5,0,
Matthews County,US.VA.MT,5,0,
Choctaw County,US.OK.CA,5,0,
Colfax County,US.NM.CO,5,0,
Washington County,US.KY.WS,5,0,
Eastland County,US.TX.EA,5,0,
Hamilton County,US.NY.HA,5,1,
Wilbarger County,US.TX.WG,5,0,
Clay County,US.NC.CY,5,0,
Mahnomen County,US.MN.MH,5,1,
Pendleton County,US.WV.PE,5,0,
Cumberland County,US.KY.CU,5,0,
Marshall County,US.IL.MH,5,0,
Hancock County,US.IA.HN,5,0,
Chariton County,US.MO.CI,5,0,
Lynn County,US.TX.LY,5,1,
Lincoln County,US.WV.LI,5,0,
Linn County,US.MO.LN,5,1,
Howell County,US.MO.HW,5,0,
Pope County,US.MN.PE,5,0,
Grand County,US.CO.GR,5,0,
Tyrrell County,US.NC.TY,4,0,
Tucker County,US.WV.TU,4,0,
Young County,US.TX.YU,4,1,
Union County,US.TN.UO,4,0,
Crittenden County,US.KY.CT,4,1,
Caldwell County,US.MO.CW,4,0,
Curry County,US.OR.CU,4,0,
Van Buren County,US.TN.VA,4,0,
Wayne County,US.NE.WY,4,0,
Clay County,US.AR.CY,4,0,
Cloud County,US.KS.CD,4,0,
Collingsworth County,US.TX.CG,4,0,
Stone County,US.MO.SE,4,0,
Benzie County,US.MI.BE,4,0,
Chautauqua County,US.KS.CQ,4,0,
Bollinger County,US.MO.BI,4,0,
Bon Homme County,US.SD.BH,4,0,
Bonner County,US.ID.BR,4,0,
Boone County,US.AR.BO,4,0,
Scotland County,US.MO.SO,4,0,
Barnes County,US.ND.BA,4,0,
Spink County,US.SD.SP,4,0,
Broadwater County,US.MT.BR,4,0,
Van Wert County,US.OH.VA,4,0,
Schoolcraft County,US.MI.SR,4,0,
Wahkiakum County,US.WA.WH,4,0,
Sawyer County,US.WI.SW,4,0,
Vilas County,US.WI.VI,4,0,
Corson County,US.SD.CO,4,0,
Cottle County,US.TX.OT,4,1,
Cowley County,US.KS.CL,4,1,
Craig County,US.VA.CG,4,0,
Clark County,US.SD.CK,4,0,
Aitkin County,US.MN.AI,4,0,
Adams County,US.WI.AD,4,1,
Coos County,US.NH.CO,4,0,
Lawrence County,US.IL.LW,4,0,
Grand County,US.UT.GR,4,0,
Logan County,US.AR.LG,4,0,
Mineral County,US.NV.MI,4,0,
Rice County,US.KS.RC,4,0,
Love County,US.OK.LV,4,0,
Grand Isle County,US.VT.GR,4,0,
Fillmore County,US.NE.FI,4,0,
Knott County,US.KY.KT,4,0,
Nance County,US.NE.NA,4,0,
Republic County,US.KS.RP,4,0,
Koochiching County,US.MN.KO,4,0,
Miller County,US.MO.ML,4,0,
Kossuth County,US.IA.KO,4,0,
Floyd County,US.TX.FY,4,0,
De Witt County,US.IL.DW,4,0,
Rolette County,US.ND.RO,4,0,
Morton County,US.KS.MT,4,0,
Goshen County,US.WY.GO,4,0,
Mercer County,US.ND.ME,4,0,
Jim Hogg County,US.TX.JG,4,0,
Hot Springs County,US.WY.HO,4,0,
Mitchell County,US.IA.ME,4,0,
Petersburg Census Area,US.AK.PB,4,1,
McCook County,US.SD.MC,4,1,
Fulton County,US.AR.FU,4,0,
Jewell County,US.KS.JW,4,0,
Garza County,US.TX.GR,4,0,
Menifee County,US.KY.ME,4,0,
Quay County,US.NM.QU,4,1,
Potter County,US.PA.PO,4,0,
Gillespie County,US.TX.GL,4,0,
Newton County,US.TX.NE,4,0,
Ottawa County,US.KS.OT,4,0,
Lyman County,US.SD.LY,4,0,
Greene County,US.IL.GE,4,0,
Jack County,US.TX.JK,4,0,
Floyd County,US.VA.FO,4,0,
Las Animas County,US.CO.LS,4,0,
Plumas County,US.CA.PU,4,0,
Lincoln County,US.MN.LI,4,0,
Nevada County,US.AR.NV,4,0,
Rusk County,US.WI.RU,4,0,
DeKalb County,US.MO.DE,4,0,
La Salle County,US.TX.LS,4,0,
Adams County,US.ID.AM,3,0,
Madison County,US.MO.MD,3,0,
Worth County,US.IA.WT,3,0,
Karnes County,US.TX.KS,3,0,
Gentry County,US.MO.GT,3,0,
Fremont County,US.ID.FE,3,0,
Kane County,US.UT.KA,3,0,
Hinsdale County,US.CO.HI,3,0,
Daviess County,US.MO.DV,3,0,
Fremont County,US.IA.FO,3,0,
Radford city,US.VA.RD,3,0,
Clinton County,US.KY.CO,3,0,
Pierce County,US.ND.PI,3,0,
Tyler County,US.WV.TY,3,0,
Mingo County,US.WV.MO,3,1,
Crosby County,US.TX.CB,3,1,
Gilpin County,US.CO.GI,3,0,
White Pine County,US.NV.WH,3,0,
Moore County,US.TN.MO,3,0,
Big Stone County,US.MN.BI,3,0,
Meigs County,US.OH.MS,3,0,
Johnston County,US.OK.JO,3,0,
Southeast Fairbanks Census Area,US.AK.SO,3,0,
Power County,US.ID.PO,3,0,
Garrard County,US.KY.GR,3,0,
Chase County,US.KS.CS,3,0,
Mitchell County,US.KS.MC,3,0,
Newton County,US.AR.NW,3,0,
McCulloch County,US.TX.MC,3,0,
Slope County,US.ND.SL,3,0,
Skamania County,US.WA.SM,3,0,
Gallatin County,US.KY.GL,3,0,
Metcalfe County,US.KY.MT,3,0,
Martin County,US.TX.MT,3,1,
Martin County,US.KY.MI,3,0,
Bayfield County,US.WI.BY,3,1,
Bristol city,US.VA.BI,3,0,
Jefferson County,US.MT.JE,3,0,
Clay County,US.TX.CY,3,0,
Brooke County,US.WV.BO,3,0,
Marquette County,US.WI.MQ,3,1,
Jefferson County,US.OK.JE,3,0,
Cameron Parish,US.LA.CM,3,0,
Huerfano County,US.CO.HU,3,0,
Idaho County,US.ID.ID,3,0,
Garfield County,US.UT.GA,3,0,
Golden Valley County,US.MT.GO,3,0,
Carter County,US.MO.CR,3,1,
Yellow Medicine County,US.MN.YE,3,0,
Hamlin County,US.SD.HM,3,0,
Morris County,US.KS.MR,3,0,
Aransas County,US.TX.AA,3,0,
Lincoln County,US.CO.LI,3,0,
Llano County,US.TX.LL,3,0,
Livingston County,US.MO.LV,3,0,
Wirt County,US.WV.WI,3,0,
Carlisle County,US.KY.CE,3,1,
Blaine County,US.OK.BL,3,0,
Union County,US.NM.UN,3,0,
Lincoln County,US.WI.LI,3,0,
Lac Qui Parle County,US.MN.LC,3,0,
Lake County,US.MI.LK,3,0,
Sargent County,US.ND.SG,3,0,
Boone County,US.NE.BO,3,0,
Costilla County,US.CO.CS,3,0,
Woods County,US.OK.WS,3,0,
Laclede County,US.MO.LD,3,0,
Nemaha County,US.KS.NM,3,0,
Pocahontas County,US.IA.PC,3,0,
Traverse County,US.MN.TR,3,0,
Nemaha County,US.NE.NE,3,0,
Worth County,US.MO.WO,3,0,
Oldham County,US.TX.OL,3,1,
Winkler County,US.TX.WI,3,0,
Richland County,US.MT.RI,3,0,
Deer Lodge County,US.MT.DE,3,0,
Aurora County,US.SD.AU,3,0,
Red Lake County,US.MN.RD,3,0,
Redwood County,US.MN.RW,3,0,
Reeves County,US.TX.RE,3,0,
Refugio County,US.TX.RF,3,0,
Letcher County,US.KY.LT,3,0,
Unicoi County,US.TN.UC,3,0,
Trimble County,US.KY.TM,3,0,
Greenwood County,US.KS.GW,3,0,
Valley County,US.NE.VA,3,0,
Hutchinson County,US.SD.HT,3,0,
Carroll County,US.KY.CL,3,0,
Sabine County,US.TX.SB,3,0,
Colusa County,US.CA.CL,3,0,
Comanche County,US.TX.CE,3,1,
Richland County,US.IL.RI,3,0,
Pike County,US.AR.PE,3,0,
Warren County,US.PA.WR,2,0,
Cheyenne County,US.KS.CN,2,0,
Sullivan County,US.PA.SL,2,0,
Franklin County,US.AR.FR,2,0,
Houston County,US.MN.HO,2,0,
Houghton County,US.MI.HO,2,0,
Howard County,US.MO.HR,2,0,
Pickett County,US.TN.PI,2,0,
Phillips County,US.KS.PL,2,0,
Mineral County,US.CO.MI,2,0,
Franklin County,US.FL.FR,2,0,
Big Horn County,US.WY.BI,2,0,
Fulton County,US.KY.FU,2,0,
Union County,US.IA.UN,2,0,
Grant County,US.MN.GR,2,0,
Grant County,US.ND.GT,2,0,
Grant County,US.OK.GN,2,0,
Greeley County,US.NE.GE,2,0,
Norton city,US.VA.NC,2,0,
Norton County,US.KS.NT,2,0,
Traill County,US.ND.TR,2,0,
Greenlee County,US.AZ.GE,2,0,
Murray County,US.OK.MR,2,0,
Neosho County,US.KS.NO,2,0,
Nolan County,US.TX.NO,2,0,
Tripp County,US.SD.TR,2,0,
Hamilton County,US.IL.HM,2,0,
Cameron County,US.PA.CE,2,0,
Camden County,US.NC.CD,2,0,
Tuolumne County,US.CA.TO,2,0,
Okfuskee County,US.OK.OF,2,0,
Valley County,US.ID.VA,2,0,
Phelps County,US.MO.PH,2,0,
Palo Alto County,US.IA.PO,2,0,
Braxton County,US.WV.BX,2,0,
Gallatin County,US.IL.GA,2,0,
Breathitt County,US.KY.BT,2,0,
Pennington County,US.MN.PI,2,0,
Pend Oreille County,US.WA.PE,2,0,
Catron County,US.NM.CA,2,1,
Gasconade County,US.MO.GA,2,0,
Highland County,US.VA.HA,2,0,
Graham County,US.NC.GH,2,0,
Cass County,US.IA.CS,2,0,
Casey County,US.KY.CS,2,0,
Owsley County,US.KY.OS,2,0,
Taylor County,US.IA.TY,2,0,
Tehama County,US.CA.TE,2,1,
Pleasants County,US.WV.PL,2,0,
Oregon County,US.MO.OR,2,0,
Osborne County,US.KS.OB,2,0,
Calhoun County,US.WV.CH,2,0,
Childress County,US.TX.CD,2,0,
Wyoming County,US.WV.WY,2,0,
Clearwater County,US.MN.CE,2,0,
Lincoln County,US.WA.LI,2,0,
Dickinson County,US.KS.DK,2,0,
Sheridan County,US.KS.SD,2,0,
Madison County,US.NC.MD,2,0,
Lincoln County,US.NV.LI,2,0,
Maries County,US.MO.MS,2,0,
Sherman County,US.NE.SM,2,0,
Covington city,US.VA.CV,2,0,
Wells County,US.ND.WE,2,0,
Lincoln County,US.NM.LI,2,0,
Ellsworth County,US.KS.EW,2,0,
Dewey County,US.OK.DW,2,0,
Crane County,US.TX.CR,2,0,
Runnels County,US.TX.RN,2,0,
Rains County,US.TX.RI,2,0,
Ralls County,US.MO.RL,2,0,
Lipscomb County,US.TX.LM,2,0,
Coleman County,US.TX.CM,2,0,
Reynolds County,US.MO.RE,2,0,
Atchison County,US.MO.AT,2,0,
Kiowa County,US.KS.KW,2,0,
Ashland County,US.WI.AS,2,0,
Audrain County,US.MO.AU,2,0,
Luce County,US.MI.LU,2,0,
Eddy County,US.ND.ED,2,0,
Keith County,US.NE.KT,2,0,
Armstrong County,US.TX.AM,2,0,
Arkansas County,US.AR.AR,2,0,
Macon County,US.MO.MN,2,0,
Roberts County,US.TX.RS,2,0,
Edwards County,US.IL.EW,2,0,
White County,US.IL.WE,2,0,
Alpine County,US.CA.AP,2,0,
Clay County,US.WV.CY,2,0,
Iron County,US.WI.IR,2,1,
Polk County,US.MO.PO,2,0,
Yoakum County,US.TX.YA,2,0,
Iron County,US.MO.IR,2,0,
Dallas County,US.MO.DL,2,0,
Bethel Census Area,US.AK.BE,2,0,
Pondera County,US.MT.PN,2,0,
Stark County,US.IL.SA,2,0,
Custer County,US.CO.CU,2,0,
St. Clair County,US.MO.SC,2,0,
Menominee County,US.WI.MN,2,0,
Fleming County,US.KY.FE,2,0,
Florence County,US.WI.FL,2,0,
Stephens County,US.TX.SE,2,0,
Custer County,US.ID.CU,2,0,
Chippewa County,US.MI.CP,2,0,
Prairie County,US.AR.PR,2,0,
Scurry County,US.TX.SU,2,0,
Lewis County,US.TN.LE,2,0,
Essex County,US.VT.ES,2,0,
McHenry County,US.ND.MH,2,1,
Prince of Wales-Hyder Census Area,US.AK.PH,2,0,
Fall River County,US.SD.FL,2,0,
Clay County,US.KY.CY,2,0,
Clay County,US.IL.CY,2,0,
Smith County,US.KS.SM,2,0,
Wilson County,US.KS.WL,1,0,
Kittson County,US.MN.KI,1,0,
Woodward County,US.OK.WW,1,0,
Harding County,US.NM.HA,1,0,
Gulf County,US.FL.GU,1,0,
Hardin County,US.IL.HI,1,0,
Burnett County,US.WI.BN,1,1,
Liberty County,US.MT.LB,1,0,
Harlan County,US.KY.HL,1,0,
Anderson County,US.KS.AN,1,0,
Calhoun County,US.IA.CO,1,0,
Archer County,US.TX.AC,1,0,
Nelson County,US.ND.NE,1,0,
Yukon-Koyukuk Census Area,US.AK.YU,1,0,
Little River County,US.AR.LT,1,0,
Lake County,US.MN.LE,1,0,
Musselshell County,US.MT.MU,1,0,
Knox County,US.TX.KX,1,0,
Alfalfa County,US.OK.AL,1,0,
Calhoun County,US.IL.CH,1,0,
Hand County,US.SD.HD,1,0,
Adams County,US.IA.AM,1,0,
Lemhi County,US.ID.LM,1,0,
Kodiak Island Borough,US.AK.KO,1,0,
Woodruff County,US.AR.WO,1,0,
Ness County,US.KS.NS,1,0,
Madison County,US.AR.MD,1,0,
Motley County,US.TX.MY,1,0,
Harney County,US.OR.HA,1,0,
Marshall County,US.SD.MS,1,0,
Briscoe County,US.TX.BO,1,0,
Brewster County,US.TX.BS,1,0,
Wallowa County,US.OR.WW,1,0,
Mitchell County,US.TX.MH,1,0,
Beaverhead County,US.MT.BE,1,0,
Bell County,US.KY.BL,1,0,
Jackson County,US.AR.JA,1,0,
Wayne County,US.IA.WY,1,0,
McIntosh County,US.ND.MI,1,0,
Benson County,US.ND.BE,1,0,
Bent County,US.CO.BE,1,0,
Washita County,US.OK.WT,1,0,
Box Butte County,US.NE.BX,1,0,
McPherson County,US.SD.MP,1,0,
Meagher County,US.MT.ME,1,0,
Bowman County,US.ND.BW,1,0,
Washington County,US.ME.WS,1,0,
Miner County,US.SD.ME,1,0,
Hyde County,US.SD.HY,1,0,
Hyde County,US.NC.HE,1,0,
Holt County,US.NE.HT,1,0,
Brooks County,US.TX.BK,1,0,
Marion County,US.AR.MN,1,0,
Washburn County,US.WI.WR,1,0,
Buffalo County,US.SD.BF,1,0,
Atoka County,US.OK.AT,1,0,
Harper County,US.KS.HP,1,0,
Lucas County,US.IA.LU,1,0,
Harper County,US.OK.HP,1,0,
Morgan County,US.KY.MG,1,0,
Kimble County,US.TX.KM,1,0,
Baker County,US.OR.BA,1,0,
Haskell County,US.TX.HK,1,0,
Hemphill County,US.TX.HH,1,0,
Holt County,US.MO.HL,1,0,
Montgomery County,US.AR.MT,1,0,
Hidalgo County,US.NM.HI,1,0,
Baraga County,US.MI.BA,1,0,
Wheatland County,US.MT.WH,1,0,
Hill County,US.MT.HI,1,0,
Barber County,US.KS.AB,1,0,
Wabash County,US.IL.WB,1,0,
Hitchcock County,US.NE.HI,1,0,
Magoffin County,US.KY.MF,1,0,
Niobrara County,US.WY.NI,1,0,
Ziebach County,US.SD.ZI,1,0,
Pushmataha County,US.OK.PU,1,0,
Stafford County,US.KS.SF,1,0,
Ferry County,US.WA.FE,1,0,
Pepin County,US.WI.PE,1,0,
Ritchie County,US.WV.RI,1,0,
Schuyler County,US.MO.SH,1,0,
Pope County,US.IL.PE,1,0,
Divide County,US.ND.DV,1,0,
Dimmit County,US.TX.DM,1,0,
Taliaferro County,US.GA.TA,1,0,
Faulk County,US.SD.FU,1,0,
Park County,US.WY.PA,1,0,
San Juan County,US.CO.SJ,1,0,
Dickens County,US.TX.DC,1,0,
Owen County,US.KY.OE,1,0,
Roseau County,US.MN.RS,1,0,
Coke County,US.TX.OK,1,0,
Powell County,US.KY.PO,1,0,
Glascock County,US.GA.GS,1,0,
Glasscock County,US.TX.GC,1,0,
Deuel County,US.SD.DU,1,0,
Cochran County,US.TX.CC,1,0,
Rio Blanco County,US.CO.RB,1,0,
Cimarron County,US.OK.CO,1,0,
Fisher County,US.TX.FH,1,0,
Shackelford County,US.TX.SC,1,0,
Stillwater County,US.MT.ST,1,0,
Renville County,US.ND.RE,1,0,
Columbia County,US.WA.CM,1,0,
Piute County,US.UT.PT,1,0,
Piscataquis County,US.ME.PI,1,0,
Steele County,US.ND.SE,1,0,
Storey County,US.NV.ST,1,0,
Richardson County,US.NE.RI,1,0,
Pike County,US.IL.PK,1,0,
Sublette County,US.WY.SU,1,0,
Pierce County,US.NE.PI,1,0,
Cherry County,US.NE.CH,1,0,
Frontier County,US.NE.FO,1,0,
Concho County,US.TX.ON,1,0,
Summers County,US.WV.SU,1,0,
Douglas County,US.SD.DO,1,0,
Conejos County,US.CO.CN,1,0,
Sierra County,US.NM.SI,1,0,
Scott County,US.AR.SC,1,0,
Clark County,US.MO.CK,1,0,
Foster County,US.ND.FO,1,0,
Crook County,US.OR.CR,1,0,
Dallas County,US.AR.DA,1,0,
Green County,US.KY.GN,1,0,
Nuckolls County,US.NE.NU,1,0,
Grant County,US.OR.GR,1,0,
Gove County,US.KS.GO,1,0,
Caribou County,US.ID.CR,1,0,
Emmons County,US.ND.EM,1,1,
Sherman County,US.OR.SH,1,0,
Oliver County,US.ND.OL,1,0,
Putnam County,US.IL.PT,1,0,
Dawes County,US.NE.DS,1,0,
Nome Census Area,US.AK.NM,1,0,
Trinity County,US.CA.TR,1,0,
Sitka City and Borough,US.AK.SI,1,0,
Thomas County,US.NE.TO,1,0,
Dent County,US.MO.DN,1,0,
Price County,US.WI.PC,1,0,
Lawrence County,US.KY.LC,1,0,
Shelby County,US.MO.SB,1,0,
Camas County,US.ID.CM,1,0,
Nicholas County,US.KY.NI,1,0,
Pratt County,US.KS.PR,1,0,
Sioux County,US.ND.SI,1,0,
Delta County,US.TX.DT,1,0,
Emmet County,US.IA.EM,1,0,
Sierra County,US.CA.SE,0,0,
King County,US.TX.KG,0,0,
Putnam County,US.MO.PN,0,0,
Real County,US.TX.RL,0,0,
Kingman County,US.KS.KM,0,0,
Dundy County,US.NE.DY,0,0,
Avery County,US.NC.AV,0,0,
Shoshone County,US.ID.SH,0,0,
Webster County,US.WV.WB,0,0,
Rawlins County,US.KS.RA,0,0,
Ellis County,US.OK.EL,0,0,
Reagan County,US.TX.RG,0,0,
Coal County,US.OK.CL,0,0,
Elliott County,US.KY.EL,0,0,
Sheridan County,US.MT.SH,0,0,
Wheeler County,US.OR.WE,0,0,
Banner County,US.NE.BA,0,0,
Wheeler County,US.NE.WH,0,0,
Kingsbury County,US.SD.KI,0,0,
Kenedy County,US.TX.KE,0,0,
Edwards County,US.TX.ED,0,0,
Kent County,US.TX.KT,0,0,
Clearwater County,US.ID.CE,0,0,
Elk County,US.KS.EK,0,0,
Edgar County,US.IL.EG,0,0,
Sheridan County,US.ND.SH,0,0,
Barton County,US.MO.BT,0,0,
Keweenaw County,US.MI.KW,0,0,
Kalawao County,US.HI.KL,0,0,
Sheridan County,US.NE.SD,0,0,
Keya Paha County,US.NE.KY,0,0,
Wibaux County,US.MT.WI,0,0,
Wichita County,US.KS.WH,0,0,
Judith Basin County,US.MT.JU,0,0,
Shannon County,US.MO.SN,0,0,
Kidder County,US.ND.KI,0,0,
Jones County,US.SD.JO,0,0,
Edmunds County,US.SD.ED,0,0,
Grundy County,US.MO.GU,0,0,
Kinney County,US.TX.KN,0,0,
Rush County,US.KS.RH,0,0,
Lincoln County,US.KS.LC,0,0,
Russell County,US.KS.RS,0,0,
Denali Borough,US.AK.DE,0,0,
Alger County,US.MI.AG,0,0,
Decatur County,US.KS.DC,0,0,
Yakutat City and Borough,US.AK.YA,0,0,
Sanders County,US.MT.SA,0,0,
Decatur County,US.IA.DC,0,0,
Lake County,US.OR.LK,0,0,
Aleutians West Census Area,US.AK.AW,0,0,
Crockett County,US.TX.CT,0,0,
Aleutians East Borough,US.AK.AE,0,0,
Lewis County,US.ID.LW,0,0,
De Baca County,US.NM.DE,0,0,
Lake and Peninsula Borough,US.AK.LA,0,0,
Culberson County,US.TX.UL,0,0,
Lake of the Woods County,US.MN.LO,0,0,
Dawson County,US.MT.DW,0,0,
LaMoure County,US.ND.LA,0,0,
Adams County,US.ND.AD,0,0,
Lane County,US.KS.LE,0,0,
Lee County,US.KY.LE,0,0,
Daniels County,US.MT.DN,0,0,
Langlade County,US.WI.LN,0,0,
Daggett County,US.UT.DG,0,0,
Custer County,US.MT.CU,0,0,
Lassen County,US.CA.LS,0,0,
Allen County,US.KS.AL,0,0,
Deuel County,US.NE.DL,0,0,
Kiowa County,US.CO.KO,0,0,
Wrangell City and Borough,US.AK.WG,0,0,
Loving County,US.TX.LI,0,0,
Sedgwick County,US.CO.SE,0,0,
Rich County,US.UT.RH,0,0,
Loup County,US.NE.LU,0,0,
Comanche County,US.KS.CM,0,0,
Arthur County,US.NE.AR,0,0,
Douglas County,US.MO.DO,0,0,
Logan County,US.NE.LG,0,0,
Logan County,US.ND.LO,0,0,
Ringgold County,US.IA.RI,0,0,
Logan County,US.KS.LG,0,0,
Dolores County,US.CO.DO,0,0,
Cook County,US.MN.CO,0,0,
Knox County,US.MO.KN,0,0,
Doddridge County,US.WV.DO,0,0,
Wolfe County,US.KY.WL,0,0,
Robertson County,US.KY.RB,0,0,
Schleicher County,US.TX.SH,0,0,
Rock County,US.NE.RO,0,0,
Dillingham Census Area,US.AK.DI,0,0,
Dickey County,US.ND.DC,0,0,
Dickenson County,US.VA.DC,0,0,
Roger Mills County,US.OK.RR,0,0,
San Saba County,US.TX.SS,0,0,
Rosebud County,US.MT.RS,0,0,
Kusilvak Census Area,US.AK.WA,0,0,
Dewey County,US.SD.DW,0,0,
Scott County,US.IL.SO,0,0,
Fallon County,US.MT.FA,0,0,
Bath County,US.VA.BA,0,0,
Perkins County,US.SD.PR,0,0,
Texas County,US.MO.TE,0,0,
Teton County,US.MT.TE,0,0,
Terrell County,US.TX.TL,0,0,
Golden Valley County,US.ND.GO,0,0,
Carter County,US.MT.CT,0,0,
Mora County,US.NM.MO,0,0,
Hayes County,US.NE.HY,0,0,
Taylor County,US.WI.TA,0,0,
Gilliam County,US.OR.GI,0,0,
Hettinger County,US.ND.HE,0,0,
Hickory County,US.MO.HC,0,0,
Brule County,US.SD.BU,0,0,
Ozark County,US.MO.OZ,0,0,
Brown County,US.NE.BW,0,0,
Pawnee County,US.KS.PN,0,0,
Pawnee County,US.NE.PA,0,0,
Monroe County,US.MO.MR,0,0,
Hodgeman County,US.KS.HG,0,0,
Garfield County,US.WA.GF,0,0,
Sweet Grass County,US.MT.SW,0,0,
Cavalier County,US.ND.CV,0,0,
Hooker County,US.NE.HO,0,0,
Sutton County,US.TX.ST,0,0,
Modoc County,US.CA.MC,0,0,
Bristol Bay Borough,US.AK.BR,0,0,
Garfield County,US.NE.GF,0,0,
Garfield County,US.MT.GF,0,0,
Wallace County,US.KS.WA,0,0,
Hoonah-Angoon Census Area,US.AK.HH,0,0,
Graham County,US.KS.GH,0,0,
Thayer County,US.NE.TA,0,0,
Harmon County,US.OK.HM,0,0,
Butte County,US.ID.BT,0,0,
Haakon County,US.SD.HA,0,0,
Gregory County,US.SD.GE,0,0,
Haines Borough,US.AK.HA,0,0,
Hall County,US.TX.HA,0,0,
Campbell County,US.SD.CP,0,0,
Dade County,US.MO.DD,0,0,
Calhoun County,US.AR.CA,0,0,
Trego County,US.KS.TR,0,0,
Treasure County,US.MT.TR,0,0,
North Slope Borough,US.AK.NH,0,0,
Towner County,US.ND.TO,0,0,
Northwest Arctic Borough,US.AK.NW,0,0,
Butte County,US.SD.BT,0,0,
Hancock County,US.TN.HC,0,0,
Thomas County,US.KS.TH,0,0,
Greeley County,US.KS.GL,0,0,
Grant County,US.NE.GA,0,0,
Hanson County,US.SD.HS,0,0,
Hardeman County,US.TX.RD,0,0,
Granite County,US.MT.GN,0,0,
Oneida County,US.ID.ON,0,0,
Ontonagon County,US.MI.ON,0,0,
Upton County,US.TX.UP,0,0,
Harding County,US.SD.HR,0,0,
Throckmorton County,US.TX.TH,0,0,
Valdez-Cordova Census Area,US.AK.VA,0,0,
Harlan County,US.NE.HR,0,0,
Valley County,US.MT.VA,0,0,
Perkins County,US.NE.PE,0,0,
Garden County,US.NE.GD,0,0,
Marshall County,US.KS.MS,0,0,
Pershing County,US.NV.PE,0,0,
Billings County,US.ND.BI,0,0,
Iron County,US.MI.IR,0,0,
Clark County,US.ID.CA,0,0,
Potter County,US.SD.PO,0,0,
Powder River County,US.MT.PD,0,0,
Powell County,US.MT.PL,0,0,
McPherson County,US.NE.MC,0,0,
McMullen County,US.TX.MM,0,0,
Somervell County,US.TX.SV,0,0,
Issaquena County,US.MS.IS,0,0,
Prairie County,US.MT.PR,0,0,
Bennett County,US.SD.BN,0,0,
Presidio County,US.TX.PS,0,0,
Griggs County,US.ND.GI,0,0,
Eureka County,US.NV.EU,0,0,
Benewah County,US.ID.BA,0,0,
Jackson County,US.CO.JA,0,0,
Estill County,US.KY.ES,0,0,
Wayne County,US.MO.WY,0,0,
Skagway Municipality,US.AK.SW,0,0,
Esmeralda County,US.NV.ES,0,0,
McCone County,US.MT.MC,0,0,
Jackson County,US.SD.JA,0,0,
Beaver County,US.UT.BV,0,0,
Wayne County,US.UT.WE,0,0,
Bear Lake County,US.ID.BK,0,0,
Jeff Davis County,US.TX.JF,0,0,
Sioux County,US.NE.SI,0,0,
Baylor County,US.TX.BR,0,0,
Irion County,US.TX.IR,0,0,
Mellette County,US.SD.ML,0,0,
Menard County,US.TX.EN,0,0,
Franklin County,US.ID.FA,0,0,
Petroleum County,US.MT.PO,0,0,
Chase County,US.NE.CE,0,0,
Phillips County,US.MT.PH,0,0,
Mississippi County,US.MO.MI,0,0,
Boyd County,US.NE.BY,0,0,
Ward County,US.TX.WD,0,0,
Sully County,US.SD.SU,0,0,
Mineral County,US.MT.MN,0,0,
Boundary County,US.ID.BD,0,0,
Bottineau County,US.ND.BT,0,0,
Borden County,US.TX.BD,0,0,
Stonewall County,US.TX.SA,0,0,
Mills County,US.TX.MS,0,0,
Hubbard County,US.MN.HU,0,0,
Blaine County,US.MT.BL,0,0,
Hudspeth County,US.TX.HU,0,0,
Hughes County,US.OK.HU,0,0,
Platte County,US.WY.PL,0,0,
Stevens County,US.MN.SV,0,0,
Sterling County,US.TX.SI,0,0,
Foard County,US.TX.FD,0,0,
Boise County,US.ID.BS,0,0,
Chouteau County,US.MT.CH,0,0,
Bland County,US.VA.BL,0,0,
Washington County,US.KS.WS,0,0,
Mercer County,US.MO.MC,0,0,
Blaine County,US.NE.BL,0,0,
Fergus County,US.MT.FE,0,0,
Custer County,US.SD.CU,0,0,
