County,hasc,confirmed,death,recovered
Los Angeles County,US.CA.LO,246407,5977,
Miami-Dade County,US.FL.DA,160469,2632,
Maricopa County,US.AZ.MA,135495,3064,
Cook County,US.IL.CO,129545,5086,
Harris County,US.TX.RR,108819,2300,
Broward County,US.FL.BO,72880,1212,
Dallas County,US.TX.DS,72860,991,
Queens County,US.NY.QU,70496,7231,
Kings County,US.NY.KI,65440,7290,
Clark County,US.NV.CL,60514,1190,
Riverside County,US.CA.RI,53987,1067,
Bronx County,US.NY.BN,51820,4917,
Orange County,US.CA.OR,49258,1042,
San Bernardino County,US.CA.SA,48615,744,
Bexar County,US.TX.BX,47184,1145,
Suffolk County,US.NY.SF,45102,2005,
Nassau County,US.NY.NA,45008,2198,
Palm Beach County,US.FL.PL,42762,1160,
San Diego County,US.CA.SD,39899,701,
Tarrant County,US.TX.TN,39819,630,
Hillsborough County,US.FL.HL,37981,558,
Westchester County,US.NY.WE,37152,1452,
Orange County,US.FL.OR,36827,386,
New York County,US.NY.NE,32310,3172,
Wayne County,US.MI.WY,31825,2895,
Kern County,US.CA.KE,29858,296,
Philadelphia County,US.PA.PH,29652,1771,
Hidalgo County,US.TX.HG,28178,1228,
Middlesex County,US.MA.MI,27823,2075,
Shelby County,US.TN.SY,27474,398,
Duval County,US.FL.DU,27405,268,
Travis County,US.TX.TV,26726,378,
Prince George's County,US.MD.PR,26697,798,
Fresno County,US.CA.FR,25978,312,
Mecklenburg County,US.NC.MB,25856,301,
Fulton County,US.GA.FU,25439,535,
Gwinnett County,US.GA.GW,24870,351,
Milwaukee County,US.WI.MU,24601,496,
Salt Lake County,US.UT.SL,24584,234,
Davidson County,US.TN.DA,23830,261,
Hennepin County,US.MN.HE,23798,888,
Suffolk County,US.MA.SU,23712,1107,
Franklin County,US.OH.FR,22629,565,
Bergen County,US.NJ.BE,21752,2036,
Pima County,US.AZ.PM,21574,593,
Cameron County,US.TX.CA,21460,806,
El Paso County,US.TX.EP,20686,449,
Essex County,US.NJ.ES,20463,2119,
Montgomery County,US.MD.MO,20399,822,
Pinellas County,US.FL.PI,20259,669,
Hudson County,US.NJ.HD,20227,1509,
King County,US.WA.KN,20022,735,
St. Louis County,US.MO.SL,19376,737,
Marion County,US.IN.MO,19123,801,
Fairfield County,US.CT.FA,19031,1415,
Lee County,US.FL.LE,19018,437,
Essex County,US.MA.ES,19010,1249,
Alameda County,US.CA.AA,18977,296,
Sacramento County,US.CA.SC,18813,327,
Fairfax County,US.VA.FX,18740,562,
Middlesex County,US.NJ.MI,18531,1418,
Passaic County,US.NJ.PA,18469,1248,
Oakland County,US.MI.OD,18455,1170,
Santa Clara County,US.CA.SL,18190,254,
San Joaquin County,US.CA.SJ,18099,368,
Polk County,US.FL.PO,17566,464,
Cobb County,US.GA.CB,17479,401,
Union County,US.NJ.UN,17187,1352,
Providence County,US.RI.PR,17107,845,
Jefferson County,US.AL.JE,17024,312,
DeKalb County,US.GA.DA,16900,311,
Jefferson Parish,US.LA.JF,16678,553,
Cuyahoga County,US.OH.CU,16066,599,
Baltimore County,US.MD.BC,15959,608,
Jackson County (including other portions of Kansas City),US.MO.JC,15398,138,
Wake County,US.NC.WK,15391,202,
Richmond County,US.NY.RI,15369,1085,
Nueces County,US.TX.NU,15170,291,
Stanislaus County,US.CA.ST,15162,282,
DuPage County,US.IL.DU,15109,536,
Fort Bend County,US.TX.FR,15081,244,
Lake County,US.IL.LK,15006,471,
Baltimore City,US.MD.BA,14692,465,
Tulare County,US.CA.TL,14677,243,
Contra Costa County,US.CA.CN,14411,186,
Rockland County,US.NY.RO,14358,508,
Charleston County,US.SC.CS,14325,244,
Worcester County,US.MA.WO,14282,1059,
Washington,US.DC.DI,14186,611,
East Baton Rouge Parish,US.LA.EB,14089,420,
Oklahoma County,US.OK.OL,13923,163,
Tulsa County,US.OK.TU,13923,137,
Douglas County,US.NE.DG,13852,161,
New Haven County,US.CT.NH,13793,1109,
Polk County,US.IA.PK,13769,227,
Hartford County,US.CT.HA,13635,1426,
Macomb County,US.MI.MB,13104,982,
Jefferson County,US.KY.JF,12617,274,
Mobile County,US.AL.MB,12453,268,
Greenville County,US.SC.GV,12447,266,
Yuma County,US.AZ.YU,12297,326,
Will County,US.IL.WL,12047,361,
Richland County,US.SC.RI,12012,197,
Collier County,US.FL.CL,11893,181,
Orleans Parish,US.LA.OR,11816,578,
Webb County,US.TX.WB,11642,199,
Hamilton County,US.OH.HM,11580,289,
Kane County,US.IL.KE,11552,317,
Utah County,US.UT.UT,11525,48,
Orange County,US.NY.OE,11487,410,
Ada County,US.ID.AA,11468,129,
Escambia County,US.FL.ES,11418,192,
Denver County,US.CO.DN,11417,429,
Osceola County,US.FL.OS,11406,133,
Ocean County,US.NJ.OC,11358,1030,
Collin County,US.TX.CI,11306,115,
Montgomery County,US.PA.MG,11237,863,
Prince William County,US.VA.PW,11085,188,
Norfolk County,US.MA.NO,11084,1022,
Yakima County,US.WA.YA,11007,243,
Imperial County,US.CA.IM,11001,296,
Ventura County,US.CA.VE,10943,118,
Monmouth County,US.NJ.MN,10862,859,
Galveston County,US.TX.GV,10715,143,
Allegheny County,US.PA.AL,10641,324,
Manatee County,US.FL.MN,10601,266,
Delaware County,US.PA.DE,10546,728,
Denton County,US.TX.DN,10422,135,
Erie County,US.NY.ER,10156,607,
Bristol County,US.MA.BR,9892,661,
Pinal County,US.AZ.PN,9839,188,
San Francisco County,US.CA.SF,9755,84,
Plymouth County,US.MA.PL,9688,745,
Brazoria County,US.TX.BI,9670,145,
Volusia County,US.FL.VO,9648,196,
Horry County,US.SC.HO,9504,188,
Ramsey County,US.MN.RA,9492,301,
Lake County,US.IN.LK,9406,316,
Camden County,US.NJ.CM,9270,593,
Montgomery County,US.TX.MG,9046,132,
Marion County,US.FL.MI,8738,209,
Johnson County,US.KS.JO,8695,120,
Kent County,US.MI.KN,8640,169,
Anne Arundel County,US.MD.AN,8625,239,
Honolulu County,US.HI.HO,8575,69,
San Mateo County,US.CA.SM,8452,135,
New Castle County,US.DE.NE,8415,301,
Lafayette Parish,US.LA.LY,8402,113,
Mercer County,US.NJ.ME,8390,631,
Santa Barbara County,US.CA.SB,8361,97,
Lubbock County,US.TX.LU,8331,102,
Hamilton County,US.TN.HL,8326,77,
Monterey County,US.CA.MT,8326,58,
Seminole County,US.FL.SE,8299,177,
Merced County,US.CA.MD,8277,120,
Arapahoe County,US.CO.AA,8241,368,
Pasco County,US.FL.PS,8230,183,
Montgomery County,US.AL.MT,8131,166,
Rutherford County,US.TN.RU,8059,77,
Hampden County,US.MA.HD,8026,755,
Hall County,US.GA.HL,8023,130,
Williamson County,US.TX.WM,8006,128,
Bucks County,US.PA.BC,7961,589,
Adams County,US.CO.AD,7703,206,
Caddo Parish,US.LA.CO,7581,328,
Sedgwick County,US.KS.SG,7550,55,
Morris County,US.NJ.MR,7548,829,
Brevard County,US.FL.BE,7532,228,
Calcasieu Parish,US.LA.CC,7465,193,
Washoe County,US.NV.WA,7446,142,
Washington County,US.AR.WA,7429,78,
Canyon County,US.ID.CN,7385,85,
Pulaski County,US.AR.PU,7367,113,
Sarasota County,US.FL.SR,7338,216,
Chatham County,US.GA.CM,7282,130,
St. Lucie County,US.FL.SL,7234,243,
Leon County,US.FL.LO,7149,38,
Guilford County,US.NC.GU,7076,170,
Durham County,US.NC.DH,7017,84,
Pierce County,US.WA.PI,6990,177,
Lancaster County,US.PA.LN,6960,438,
Knox County,US.TN.KN,6863,64,
Jefferson County,US.TX.JE,6722,109,
Madison County,US.AL.MD,6705,63,
Kings County,US.CA.KI,6688,76,
Lake County,US.FL.LK,6683,128,
Hinds County,US.MS.HI,6635,143,
McLennan County,US.TX.ML,6629,85,
Lucas County,US.OH.LU,6625,348,
Clayton County,US.GA.CN,6618,146,
Burlington County,US.NJ.BU,6521,482,
Montgomery County,US.OH.MT,6441,133,
Sussex County,US.DE.SU,6365,195,
Snohomish County,US.WA.SN,6310,207,
Dakota County,US.MN.DA,6303,113,
Marin County,US.CA.MN,6297,96,
Forsyth County,US.NC.FO,6287,82,
Wyandotte County,US.KS.WY,6280,117,
St. Tammany Parish,US.LA.ST,6267,242,
Berks County,US.PA.BK,6214,382,
City of St. Louis,US.MO.SY,6200,187,
Richmond County,US.GA.RI,6191,137,
Multnomah County,US.OR.MU,6185,123,
Virginia Beach City,US.VA.VI,6160,71,
El Paso County,US.CO.EL,6156,155,
Loudoun County,US.VA.LD,6146,118,
Sonoma County,US.CA.SO,6142,93,
Tuscaloosa County,US.AL.TU,6124,104,
St. Charles County,US.MO.SA,6002,105,
Lexington County,US.SC.LX,5983,142,
Bernalillo County,US.NM.BE,5914,160,
Elkhart County,US.IN.EL,5838,103,
Dane County,US.WI.DA,5799,40,
Chester County,US.PA.CH,5781,354,
Waukesha County,US.WI.WK,5754,77,
Brown County,US.WI.BW,5689,58,
Solano County,US.CA.SN,5671,48,
Navajo County,US.AZ.NA,5641,222,
St. Clair County,US.IL.SI,5580,173,
Muscogee County,US.GA.MG,5580,146,
Ouachita Parish,US.LA.OU,5579,130,
Benton County,US.AR.BE,5564,58,
Monroe County,US.NY.MR,5529,258,
Minnehaha County,US.SD.MN,5496,71,
Bibb County,US.GA.BI,5486,131,
Bay County,US.FL.BY,5473,84,
Spokane County,US.WA.SP,5469,138,
Somerset County,US.NJ.SO,5446,566,
Hays County,US.TX.HY,5446,58,
Spartanburg County,US.SC.SP,5442,166,
Alachua County,US.FL.AL,5409,33,
St. Joseph County,US.IN.SN,5355,100,
Lehigh County,US.PA.LH,5249,345,
Allen County,US.IN.AL,5212,192,
Chesterfield County,US.VA.CD,5209,83,
Cherokee County,US.GA.CE,5095,80,
Lee County,US.AL.LE,5013,58,
Brazos County,US.TX.BZ,4975,57,
Bell County,US.TX.BL,4974,67,
Anoka County,US.MN.AN,4923,123,
Jefferson County,US.CO.JE,4911,241,
Berkeley County,US.SC.BK,4910,84,
Dutchess County,US.NY.DU,4902,153,
Beaufort County,US.SC.BA,4892,71,
Santa Rosa County,US.FL.SA,4845,59,
DeSoto County,US.MS.DE,4823,48,
Shelby County,US.AL.SH,4803,48,
Henrico County,US.VA.HC,4738,194,
Baldwin County,US.AL.BD,4654,46,
Butler County,US.OH.BU,4621,80,
Summit County,US.OH.SU,4615,236,
St. Johns County,US.FL.SJ,4535,60,
Martin County,US.FL.MT,4530,120,
Henry County,US.GA.HY,4529,84,
Howard County,US.MD.HO,4502,117,
Norfolk City,US.VA.NF,4468,59,
Williamson County,US.TN.WL,4455,30,
Fayette County,US.KY.FA,4446,57,
York County,US.SC.YO,4435,51,
Florence County,US.SC.FL,4434,161,
Winnebago County,US.IL.WN,4422,147,
Madison County,US.IL.MD,4380,105,
Lancaster County,US.NE.LA,4354,21,
Johnson County,US.IA.JH,4329,26,
Okaloosa County,US.FL.OA,4328,83,
Cumberland County,US.NC.CU,4238,67,
Woodbury County,US.IA.WO,4237,56,
McKinley County,US.NM.MC,4230,243,
Sumner County,US.TN.SN,4220,87,
Clay County,US.FL.CY,4214,79,
Gaston County,US.NC.GS,4208,66,
Benton County,US.WA.BE,4200,125,
Cleveland County,US.OK.CV,4179,66,
Potter County,US.TX.PT,4143,49,
Northampton County,US.PA.NA,4141,301,
Weld County,US.CO.WE,4136,147,
Tangipahoa Parish,US.LA.TA,4134,104,
Hamilton County,US.IN.HM,4132,116,
Racine County,US.WI.RA,4129,91,
Davis County,US.UT.DA,4081,24,
Hillsborough County,US.NH.HI,4080,286,
Whitfield County,US.GA.WF,4079,55,
Union County,US.NC.UN,4068,52,
Richmond City,US.VA.RC,4052,49,
Genesee County,US.MI.GE,4021,305,
McHenry County,US.IL.MY,4013,116,
Franklin County,US.WA.FR,4007,58,
Marion County,US.OR.MR,3964,81,
Madera County,US.CA.ME,3953,58,
Onondaga County,US.NY.OG,3947,179,
Johnston County,US.NC.JH,3907,52,
Black Hawk County,US.IA.BL,3906,76,
Washington County,US.OR.WI,3898,48,
Chesapeake City,US.VA.CS,3887,49,
Rapides Parish,US.LA.RA,3875,135,
Ellis County,US.TX.EI,3856,60,
Victoria County,US.TX.VI,3836,82,
Luzerne County,US.PA.LU,3831,188,
Atlantic County,US.NJ.AT,3784,252,
Gloucester County,US.NJ.GL,3762,222,
Pitt County,US.NC.PI,3761,19,
Cass County,US.ND.CS,3740,76,
Mohave County,US.AZ.MO,3700,210,
Dorchester County,US.SC.DO,3689,80,
Robeson County,US.NC.RB,3674,61,
York County,US.PA.YO,3667,127,
Marshall County,US.AL.MS,3647,42,
Greene County,US.MO.GE,3633,10,
Cumberland County,US.NJ.CU,3606,156,
Arlington County,US.VA.AR,3605,142,
Lowndes County,US.GA.LW,3565,72,
Frederick County,US.MD.FR,3562,126,
Warren County,US.KY.WR,3498,29,
Alexandria City,US.VA.AX,3459,62,
Livingston Parish,US.LA.LV,3457,66,
Harrison County,US.MS.HR,3445,61,
Ascension Parish,US.LA.AE,3429,92,
Walker County,US.TX.WK,3415,48,
Clarke County,US.GA.CK,3410,32,
Weber County,US.UT.WB,3410,29,
Dauphin County,US.PA.DA,3410,165,
Columbia County,US.FL.CU,3402,38,
Smith County,US.TX.SM,3389,73,
Terrebonne Parish,US.LA.TR,3385,99,
Stearns County,US.MN.SR,3384,22,
Coconino County,US.AZ.CO,3373,127,
Apache County,US.AZ.AP,3360,154,
Midland County,US.TX.ID,3336,54,
Maverick County,US.TX.MV,3335,84,
Lafourche Parish,US.LA.LO,3326,111,
Anderson County,US.SC.AN,3320,127,
Cabarrus County,US.NC.CR,3308,54,
Alamance County,US.NC.AA,3294,46,
Forsyth County,US.GA.FO,3281,36,
Columbia County,US.GA.CI,3266,46,
Douglas County,US.GA.DL,3227,67,
Champaign County,US.IL.CM,3225,20,
New Hanover County,US.NC.NE,3214,23,
San Juan County,US.NM.SJ,3206,192,
Municipality of Anchorage,US.AK.AN,3189,24,
Boone County,US.MO.BO,3169,6,
Washington County,US.MN.WH,3168,54,
Glynn County,US.GA.GY,3141,78,
St. Landry Parish,US.LA.SL,3141,115,
Starr County,US.TX.SR,3138,140,
Jackson County,US.MS.JC,3126,60,
Placer County,US.CA.PA,3115,35,
San Luis Obispo County,US.CA.SS,3074,22,
Linn County,US.IA.LI,3063,94,
Madison County,US.MS.MD,3039,83,
Kenosha County,US.WI.KN,3024,65,
Marion County,US.OH.MR,3020,46,
Dougherty County,US.GA.DH,3001,180,
Washtenaw County,US.MI.WS,2982,114,
Sebastian County,US.AR.SB,2967,35,
Morgan County,US.AL.MG,2962,24,
Rankin County,US.MS.RA,2956,69,
Wilson County,US.TN.WO,2954,31,
Dona Ana County,US.NM.DO,2933,45,
Sarpy County,US.NE.SY,2930,15,
Jefferson County,US.MO.JE,2913,40,
Sumter County,US.SC.SU,2899,69,
Indian River County,US.FL.IN,2884,104,
Washington County,US.UT.WN,2881,23,
Mahoning County,US.OH.MH,2879,272,
Etowah County,US.AL.ET,2877,42,
Ector County,US.TX.EC,2876,69,
Rowan County,US.NC.RW,2867,70,
Orangeburg County,US.SC.OR,2865,105,
Wayne County,US.NC.WY,2859,56,
Kaufman County,US.TX.KU,2839,41,
Acadia Parish,US.LA.AD,2828,94,
Albany County,US.NY.AB,2819,122,
Bossier Parish,US.LA.BO,2776,94,
Santa Cruz County,US.AZ.SA,2771,58,
Charlotte County,US.FL.CH,2762,116,
Umatilla County,US.OR.UM,2753,38,
Iberia Parish,US.LA.II,2752,87,
Calhoun County,US.AL.CN,2747,38,
Story County,US.IA.ST,2742,16,
Hernando County,US.FL.HA,2742,98,
Houston County,US.GA.HO,2735,71,
Vanderburgh County,US.IN.VA,2690,21,
Kent County,US.DE.KE,2678,110,
Catawba County,US.NC.CB,2658,47,
Troup County,US.GA.TP,2634,89,
Saginaw County,US.MI.SG,2623,132,
Harford County,US.MD.HA,2586,72,
Jasper County,US.MO.JS,2586,35,
Johnson County,US.TX.JH,2577,45,
Buncombe County,US.NC.BO,2565,72,
Montgomery County,US.TN.MT,2555,30,
Peoria County,US.IL.PI,2544,41,
Anderson County,US.TX.AE,2538,18,
Bradley County,US.TN.BR,2535,16,
Bartow County,US.GA.BT,2520,73,
Pickaway County,US.OH.PC,2511,43,
Yolo County,US.CA.YO,2495,53,
Suwannee County,US.FL.SW,2490,63,
McLean County,US.IL.ML,2454,17,
Randolph County,US.NC.RA,2453,44,
Floyd County,US.GA.FL,2446,34,
Jackson County,US.FL.JA,2445,67,
Hendricks County,US.IN.HD,2445,130,
Warren County,US.OH.WR,2444,42,
Comal County,US.TX.OM,2440,97,
Charles County,US.MD.CH,2439,95,
Dallas County,US.IA.DL,2438,38,
Newport News City,US.VA.NN,2438,28,
Iredell County,US.NC.IR,2423,24,
Aiken County,US.SC.AI,2420,68,
Stark County,US.OH.ST,2416,155,
Putnam County,US.TN.PU,2415,29,
Gadsden County,US.FL.GA,2414,31,
Carroll County,US.GA.CL,2404,63,
Paulding County,US.GA.PA,2403,39,
Ford County,US.KS.FO,2395,10,
Grant County,US.WA.GN,2391,17,
Boulder County,US.CO.BO,2382,79,
Newton County,US.GA.NE,2371,63,
Ottawa County,US.MI.OT,2371,63,
Kankakee County,US.IL.KK,2354,72,
Yavapai County,US.AZ.YA,2345,79,
Orange County,US.NC.OR,2344,50,
Pickens County,US.SC.PI,2338,36,
Rock Island County,US.IL.RO,2331,61,
Butte County,US.CA.BU,2327,23,
Coweta County,US.GA.CA,2308,31,
Shawnee County,US.KS.SN,2305,22,
Scott County,US.IA.SC,2303,21,
Randall County,US.TX.RA,2303,31,
Sevier County,US.TN.SV,2302,13,
Bulloch County,US.GA.BH,2299,22,
Oneida County,US.NY.OD,2295,120,
Lee County,US.MS.LE,2294,61,
Elmore County,US.AL.EL,2281,46,
Portsmouth City,US.VA.PR,2269,42,
Clark County,US.WA.CR,2266,57,
Kootenai County,US.ID.KO,2243,30,
Davidson County,US.NC.DD,2236,32,
Yellowstone County,US.MT.YS,2230,46,
Houston County,US.AL.HO,2229,20,
Forrest County,US.MS.FO,2219,68,
Jones County,US.MS.JO,2212,75,
Cumberland County,US.ME.CU,2212,70,
Citrus County,US.FL.CI,2211,62,
DeKalb County,US.AL.DA,2207,18,
Ulster County,US.NY.UL,2196,82,
Jefferson County,US.AR.JE,2191,51,
Cache County,US.UT.CA,2184,6,
Burleigh County,US.ND.BL,2157,19,
Lackawanna County,US.PA.LC,2154,214,
Scott County,US.MN.SC,2141,32,
Lorain County,US.OH.LR,2140,83,
Outagamie County,US.WI.OU,2137,21,
Blount County,US.TN.BO,2111,17,
Dubuque County,US.IA.DU,2110,36,
Johnson County,US.IN.JO,2103,131,
Duplin County,US.NC.DP,2086,52,
Olmsted County,US.MN.OL,2080,25,
Douglas County,US.CO.DU,2076,60,
Tom Green County,US.TX.TG,2067,57,
Washington County,US.MS.WS,2062,64,
Larimer County,US.CO.LR,2043,44,
Dakota County,US.NE.DK,2040,43,
Kalamazoo County,US.MI.KA,2037,88,
Clackamas County,US.OR.CC,2022,57,
Angelina County,US.TX.AG,2013,70,
Craighead County,US.AR.CG,2009,16,
Walker County,US.AL.WK,2000,77,
St. Martin Parish,US.LA.SR,1996,57,
Madison County,US.TN.MD,1988,46,
Hendry County,US.FL.HR,1987,39,
Sumter County,US.FL.SM,1985,55,
Val Verde County,US.TX.VL,1957,78,
Robertson County,US.TN.RB,1956,29,
Gregg County,US.TX.GE,1952,51,
Greenwood County,US.SC.GW,1936,54,
St. Clair County,US.AL.SA,1933,32,
Santa Cruz County,US.CA.SZ,1923,7,
Sangamon County,US.IL.SM,1917,39,
Bonneville County,US.ID.BV,1907,11,
Finney County,US.KS.FI,1905,12,
Guadalupe County,US.TX.GU,1903,74,
Vermilion Parish,US.LA.VM,1901,48,
Ingham County,US.MI.IH,1889,40,
Cass County,US.IN.CS,1888,10,
Nobles County,US.MN.NB,1882,13,
Hall County,US.NE.HL,1879,46,
Barnstable County,US.MA.BA,1876,168,
Burke County,US.NC.BK,1874,30,
Highlands County,US.FL.HG,1873,69,
Columbiana County,US.OH.CL,1865,68,
Spotsylvania County,US.VA.SP,1863,39,
Westmoreland County,US.PA.WE,1861,49,
Barrow County,US.GA.BW,1857,41,
Clark County,US.IN.CK,1848,60,
Coffee County,US.GA.CF,1845,38,
Liberty County,US.TX.LT,1843,44,
Lauderdale County,US.MS.LU,1841,110,
Buena Vista County,US.IA.BV,1841,12,
Cochise County,US.AZ.CH,1838,62,
Maury County,US.TN.MU,1831,17,
Rockingham County,US.NH.RO,1829,100,
Putnam County,US.FL.PU,1829,38,
Talladega County,US.AL.TD,1826,24,
Manassas City,US.VA.MS,1826,24,
Sullivan County,US.TN.SL,1820,26,
Pope County,US.AR.PP,1819,19,
Orange County,US.TX.OR,1809,36,
Porter County,US.IN.PR,1805,44,
Colquitt County,US.GA.CQ,1804,27,
Kenton County,US.KY.KE,1792,44,
Bee County,US.TX.BE,1792,24,
Fairfield County,US.OH.FI,1782,42,
Wilson County,US.NC.WO,1779,38,
St. Mary Parish,US.LA.SM,1778,72,
Nassau County,US.FL.NA,1777,22,
Washington County,US.TN.WI,1773,14,
Trumbull County,US.OH.TR,1772,125,
Georgetown County,US.SC.GR,1770,37,
Baldwin County,US.GA.BD,1765,52,
Walworth County,US.WI.WL,1765,32,
Rock County,US.WI.RO,1763,27,
Twin Falls County,US.ID.TW,1758,35,
Faulkner County,US.AR.FA,1758,9,
Monroe County,US.FL.MO,1754,16,
Stafford County,US.VA.SF,1752,12,
Nash County,US.NC.NA,1752,27,
Leavenworth County,US.KS.LV,1750,9,
Delaware County,US.OH.DL,1748,20,
Lebanon County,US.PA.LB,1748,57,
Carroll County,US.MD.CR,1744,123,
Chelan County,US.WA.CH,1742,12,
Lincoln County,US.AR.LC,1737,13,
Washington County,US.WI.WN,1737,29,
Hot Spring County,US.AR.HT,1736,21,
Monroe County,US.PA.MR,1731,129,
Litchfield County,US.CT.LI,1728,139,
Limestone County,US.AL.LI,1728,19,
Lancaster County,US.SC.LN,1728,43,
Henderson County,US.NC.HN,1717,60,
Darlington County,US.SC.DA,1713,46,
Kent County,US.RI.KE,1706,103,
Harnett County,US.NC.HT,1705,46,
Kendall County,US.IL.KA,1705,24,
Suffolk City,US.VA.SO,1705,63,
Walton County,US.FL.WL,1703,20,
Pottawattamie County,US.IA.PT,1695,34,
Rockdale County,US.GA.RO,1695,33,
Beaver County,US.PA.BA,1694,99,
Crittenden County,US.AR.CD,1693,35,
Tippecanoe County,US.IN.TP,1693,14,
Marshall County,US.IA.MS,1687,32,
Kershaw County,US.SC.KE,1686,31,
Cullman County,US.AL.CU,1683,17,
Grand Forks County,US.ND.GD,1679,11,
Parker County,US.TX.PR,1677,27,
Hamblen County,US.TN.HB,1675,22,
Hale County,US.TX.HE,1675,49,
St. Charles Parish,US.LA.SC,1669,57,
Saline County,US.AR.SL,1666,14,
Lafayette County,US.MS.LY,1664,38,
Dallas County,US.AL.DL,1659,25,
Berrien County,US.MI.BN,1656,70,
Licking County,US.OH.LI,1654,57,
Russell County,US.AL.RU,1653,2,
Winnebago County,US.WI.WA,1645,21,
Niagara County,US.NY.NI,1638,89,
Cleveland County,US.NC.CV,1636,44,
Sampson County,US.NC.SP,1633,21,
Bastrop County,US.TX.BP,1633,27,
Trousdale County,US.TN.TR,1630,7,
New London County,US.CT.NL,1620,107,
Wicomico County,US.MD.WI,1614,47,
Fayette County,US.GA.FY,1613,40,
Jackson County,US.GA.JC,1609,27,
Franklin County,US.AL.FR,1608,27,
Bolivar County,US.MS.BO,1605,56,
Hampton city,US.VA.HM,1603,16,
Canadian County,US.OK.CN,1599,13,
Harrisonburg City,US.VA.HS,1587,33,
Kanawha County,US.WV.KA,1582,43,
Cumberland County,US.PA.CU,1578,72,
Gordon County,US.GA.GO,1577,31,
Douglas County,US.KS.DG,1566,9,
Walton County,US.GA.WA,1562,48,
Pennington County,US.SD.PN,1560,33,
Tift County,US.GA.TI,1560,51,
Franklin County,US.PA.FR,1559,47,
Granville County,US.NC.GN,1558,46,
Stanly County,US.NC.SN,1556,31,
Grayson County,US.TX.GO,1550,29,
Oktibbeha County,US.MS.OK,1550,46,
Sullivan County,US.NY.SL,1540,37,
St. John the Baptist Parish,US.LA.SO,1528,96,
Onslow County,US.NC.ON,1527,14,
Putnam County,US.NY.PU,1523,63,
Tipton County,US.TN.TI,1522,15,
Laurens County,US.SC.LU,1518,54,
Chatham County,US.NC.CH,1514,56,
Lamar County,US.MS.LM,1505,31,
Washington Parish,US.LA.WO,1504,60,
DeSoto County,US.FL.DE,1503,22,
Garland County,US.AR.GL,1499,31,
Colbert County,US.AL.CL,1496,22,
Clark County,US.OH.CK,1488,29,
Lauderdale County,US.AL.LU,1486,26,
Wayne County,US.TN.WY,1485,2,
Middlesex County,US.CT.MI,1484,192,
Autauga County,US.AL.AU,1475,24,
Napa County,US.CA.NA,1465,13,
Sutter County,US.CA.SU,1461,10,
Allen Parish,US.LA.AL,1458,40,
Escambia County,US.AL.ES,1457,22,
Lee County,US.NC.LE,1455,13,
Clay County,US.MO.CY,1455,31,
Delaware County,US.IN.DL,1455,58,
Vigo County,US.IN.VI,1455,18,
Caldwell County,US.NC.CL,1453,17,
Neshoba County,US.MS.NS,1451,101,
Hunt County,US.TX.HT,1450,31,
Thomas County,US.GA.TH,1446,54,
Cherokee County,US.TX.CK,1444,19,
Coryell County,US.TX.CL,1443,10,
Muskogee County,US.OK.MO,1427,17,
Seward County,US.KS.SW,1425,5,
Brunswick County,US.NC.BS,1410,24,
Sussex County,US.NJ.SU,1408,197,
Rockwall County,US.TX.RC,1405,21,
Wood County,US.OH.WO,1404,64,
Mississippi County,US.AR.MS,1401,32,
Warren County,US.NJ.WA,1399,171,
Payne County,US.OK.PY,1396,5,
Madison County,US.IN.MD,1390,85,
Habersham County,US.GA.HB,1390,65,
Nacogdoches County,US.TX.NC,1386,50,
Titus County,US.TX.TU,1381,25,
Laurens County,US.GA.LR,1379,50,
Wichita County,US.TX.WC,1377,16,
Chattahoochee County,US.GA.CH,1376,2,
Erie County,US.PA.ER,1376,36,
Lake County,US.OH.LK,1373,45,
Rogers County,US.OK.RS,1369,42,
Washington County,US.MD.WA,1369,34,
Ware County,US.GA.WE,1367,46,
Monroe County,US.MI.MO,1367,28,
Flagler County,US.FL.FL,1367,15,
Muskegon County,US.MI.MG,1363,68,
Blue Earth County,US.MN.BE,1363,5,
St. Francis County,US.AR.SI,1362,4,
Blount County,US.AL.BU,1361,12,
Jackson County,US.AL.JA,1360,9,
Buchanan County,US.MO.BC,1359,11,
LaSalle County,US.IL.LA,1357,52,
Clermont County,US.OH.CE,1349,15,
Iberville Parish,US.LA.IV,1347,55,
Broome County,US.NY.BO,1342,83,
Taylor County,US.TX.TA,1342,35,
Boone County,US.KY.BO,1339,25,
Warren County,US.MS.WR,1335,47,
San Patricio County,US.TX.SP,1333,60,
Moore County,US.NC.ME,1331,21,
East Feliciana Parish,US.LA.EF,1328,46,
Wright County,US.MN.WR,1321,6,
Avoyelles Parish,US.LA.AV,1320,46,
Panola County,US.MS.PA,1319,25,
Jim Wells County,US.TX.JW,1312,26,
Lowndes County,US.MS.LO,1309,56,
Monroe County,US.IN.MR,1308,40,
Sunflower County,US.MS.SU,1300,39,
Schenectady County,US.NY.SN,1298,44,
Monongalia County,US.WV.MG,1294,5,
Comanche County,US.OK.CM,1286,11,
La Crosse County,US.WI.LA,1286,2,
Hampshire County,US.MA.HS,1285,141,
Caldwell County,US.TX.CW,1281,34,
Hardeman County,US.TN.HA,1277,22,
Okeechobee County,US.FL.OE,1271,20,
St. Bernard Parish,US.LA.SE,1268,27,
Medina County,US.OH.MD,1266,38,
Polk County,US.GA.PO,1265,16,
Leflore County,US.MS.LL,1262,76,
Sandoval County,US.NM.SD,1259,37,
Malheur County,US.OR.ML,1249,20,
Baker County,US.FL.BK,1238,6,
Chilton County,US.AL.CI,1236,16,
Dodge County,US.WI.DD,1233,5,
Fond du Lac County,US.WI.FN,1225,10,
Hunterdon County,US.NJ.HN,1223,125,
Williamsburg County,US.SC.WI,1221,39,
Roanoke city,US.VA.RO,1220,15,
Taylor County,US.FL.TA,1217,10,
Rice County,US.MN.RI,1216,8,
LaPorte County,US.IN.LA,1216,35,
Wharton County,US.TX.WN,1215,43,
Texas County,US.OK.TE,1213,7,
Lafayette County,US.FL.LF,1210,10,
Tazewell County,US.IL.TA,1209,11,
St. Francois County,US.MO.SF,1207,5,
Spalding County,US.GA.SD,1202,54,
Wagoner County,US.OK.WG,1200,23,
Mower County,US.MN.MW,1198,3,
Madison County,US.KY.MD,1196,3,
Allen County,US.OH.AN,1195,61,
Hardin County,US.TX.HN,1195,21,
DeKalb County,US.IL.DK,1190,36,
Eagle County,US.CO.EA,1189,9,
Surry County,US.NC.SU,1187,17,
Lea County,US.NM.LE,1178,15,
Riley County,US.KS.RL,1174,6,
Yell County,US.AR.YE,1173,25,
Carver County,US.MN.CV,1169,5,
Covington County,US.AL.CV,1169,27,
Jefferson Davis Parish,US.LA.JD,1169,36,
Chambers County,US.TX.CH,1166,5,
Livingston County,US.MI.LI,1164,29,
Sevier County,US.AR.SV,1164,14,
Pike County,US.MS.PI,1163,46,
San Benito County,US.CA.SI,1162,8,
Tolland County,US.CT.TO,1161,65,
Columbus County,US.NC.CM,1158,52,
Lincoln County,US.NC.LI,1157,13,
Douglas County,US.WA.DO,1157,8,
Evangeline Parish,US.LA.EV,1154,27,
Gibson County,US.TN.GB,1152,16,
Accomack County,US.VA.AC,1151,19,
Bedford County,US.TN.BD,1144,14,
Dale County,US.AL.DE,1144,41,
Willacy County,US.TX.WY,1142,43,
Sheboygan County,US.WI.SE,1141,9,
Effingham County,US.GA.EF,1140,18,
Howard County,US.IN.HO,1139,65,
St. Mary's County,US.MD.SA,1139,56,
Oconee County,US.SC.OC,1136,20,
Medina County,US.TX.ME,1134,37,
Culpeper County,US.VA.CP,1128,14,
Toombs County,US.GA.TM,1128,28,
Newton County,US.MO.NT,1127,14,
Hardee County,US.FL.HD,1125,9,
Whatcom County,US.WA.WA,1125,39,
Gila County,US.AZ.GI,1125,49,
Coffee County,US.AL.CF,1124,7,
Moore County,US.TX.MO,1124,18,
Cass County,US.MO.CS,1122,12,
Washington County,US.PA.WS,1117,28,
Scott County,US.MS.SC,1116,22,
Floyd County,US.IN.FL,1115,60,
Miami County,US.OH.MM,1113,44,
Copiah County,US.MS.CP,1111,31,
Navarro County,US.TX.NV,1110,18,
Franklin County,US.MO.FR,1110,22,
Rockingham County,US.VA.RG,1108,20,
Wapello County,US.IA.WP,1108,51,
Walker County,US.GA.WK,1107,24,
Franklin Parish,US.LA.FR,1105,31,
Pontotoc County,US.MS.PO,1102,13,
Gallatin County,US.MT.GL,1097,3,
Bartholomew County,US.IN.BA,1095,58,
Coles County,US.IL.CE,1094,23,
Shelby County,US.IN.SH,1091,36,
Kosciusko County,US.IN.KO,1090,19,
Monroe County,US.MS.MR,1086,61,
Garfield County,US.OK.GF,1084,14,
Franklin County,US.NC.FR,1084,29,
Tallapoosa County,US.AL.TP,1081,83,
McCurtain County,US.OK.MU,1076,31,
Macon County,US.IL.MC,1072,28,
Camden County,US.GA.CD,1071,7,
Albemarle County,US.VA.AB,1067,19,
Webster Parish,US.LA.WR,1064,20,
Greene County,US.OH.GR,1063,20,
Wilkes County,US.NC.WE,1061,25,
Holmes County,US.MS.HO,1056,54,
Webster County,US.IA.WE,1056,9,
Calhoun County,US.MI.CU,1054,44,
Chambers County,US.AL.CM,1054,41,
Lynchburg city,US.VA.LY,1048,5,
Chesterfield County,US.SC.CF,1044,29,
Skagit County,US.WA.SG,1042,22,
Daviess County,US.KY.DA,1040,11,
Coahoma County,US.MS.CH,1033,20,
Kitsap County,US.WA.KS,1031,11,
Cape Girardeau County,US.MO.CG,1028,8,
Dyer County,US.TN.DY,1025,10,
Washington County,US.FL.WS,1024,17,
Pike County,US.AL.PK,1024,9,
Edgecombe County,US.NC.ED,1023,21,
Grant County,US.IN.GA,1022,34,
Dawson County,US.NE.DN,1021,11,
Jackson County,US.IL.JC,1021,22,
Williamson County,US.IL.WS,1017,16,
Clarke County,US.AL.CK,1016,14,
Bowie County,US.TX.BW,1013,44,
Craven County,US.NC.CN,1013,26,
Decatur County,US.GA.DC,1012,22,
Newberry County,US.SC.NE,1009,15,
Lee County,US.AR.LE,1009,11,
Okanogan County,US.WA.OK,1003,7,
El Dorado County,US.CA.EL,1001,2,
Grimes County,US.TX.GM,998,31,
Wayne County,US.GA.WY,998,26,
Schuylkill County,US.PA.SC,997,51,
Lincoln County,US.MS.LI,995,52,
McDonald County,US.MO.MA,995,10,
Clarendon County,US.SC.CN,993,63,
Marshall County,US.MS.MS,988,14,
Salem County,US.NJ.SA,988,89,
Muscatine County,US.IA.MU,983,52,
Fayette County,US.TN.FA,976,11,
Yuba County,US.CA.YU,975,6,
Ozaukee County,US.WI.OZ,974,18,
Grenada County,US.MS.GN,974,32,
Hardin County,US.KY.HN,973,10,
Pointe Coupee Parish,US.LA.PO,970,38,
Cumberland County,US.TN.CU,970,9,
Dickson County,US.TN.DI,970,9,
Chicot County,US.AR.CT,968,11,
Vernon Parish,US.LA.VN,966,40,
Crawford County,US.AR.CW,966,9,
Yazoo County,US.MS.YZ,965,21,
Jefferson County,US.WI.JE,963,7,
Clay County,US.MN.CA,960,40,
Carter County,US.TN.CT,959,24,
Lincoln County,US.SD.LI,958,2,
Loudon County,US.TN.LO,955,4,
Simpson County,US.MS.SI,955,40,
Thurston County,US.WA.TH,950,16,
Beauregard Parish,US.LA.BE,949,31,
Sherburne County,US.MN.SH,947,13,
St. Louis County,US.MN.ST,947,24,
Liberty County,US.GA.LB,945,18,
Rutherford County,US.NC.RU,943,20,
Wakulla County,US.FL.WK,942,8,
Sioux County,US.IA.SI,942,3,
Natchitoches Parish,US.LA.NA,942,23,
Lincoln Parish,US.LA.LN,941,40,
Henderson County,US.TN.HS,940,10,
Matagorda County,US.TX.MD,940,39,
Taney County,US.MO.TA,939,15,
St. Clair County,US.MI.SA,939,53,
Weakley County,US.TN.WE,939,13,
Wayne County,US.IN.WY,938,10,
Macon County,US.TN.MC,935,16,
Dodge County,US.NE.DE,934,11,
Shelby County,US.KY.SH,933,23,
Cole County,US.MO.CE,931,6,
Levy County,US.FL.LV,930,7,
Vance County,US.NC.VA,922,42,
Cape May County,US.NJ.CP,921,94,
Anderson County,US.TN.AN,920,8,
Appling County,US.GA.AP,920,23,
Chester County,US.SC.CR,920,18,
Marshall County,US.IN.MS,916,23,
Catoosa County,US.GA.CS,914,16,
Lyon County,US.KS.LY,913,19,
Portage County,US.OH.PO,912,65,
Pottawatomie County,US.OK.PT,911,9,
Lamar County,US.TX.LR,908,28,
Colleton County,US.SC.CT,908,39,
Obion County,US.TN.OB,908,8,
Pueblo County,US.CO.PU,905,34,
Union County,US.MS.UN,903,23,
Kleberg County,US.TX.KL,902,29,
Leake County,US.MS.LK,900,31,
Madison County,US.FL.MD,898,16,
Boone County,US.IL.BO,898,23,
Montgomery County,US.NC.MO,895,18,
Warren County,US.TN.WR,894,7,
Platte County,US.NE.PL,893,3,
Boone County,US.IN.BO,893,49,
Clinton County,US.IA.CN,892,13,
Bryan County,US.GA.BY,891,9,
Greene County,US.TN.GE,890,18,
Hoke County,US.NC.HO,887,13,
Rockingham County,US.NC.RC,886,8,
Christian County,US.KY.CH,885,13,
Stephens County,US.GA.SE,882,28,
Eau Claire County,US.WI.EA,882,6,
Butler County,US.AL.BT,881,38,
Henry County,US.VA.HY,880,16,
Cherokee County,US.SC.CK,879,33,
Halifax County,US.NC.HL,878,13,
Sumter County,US.GA.SU,877,60,
Tate County,US.MS.TT,874,35,
Tuscarawas County,US.OH.TU,872,18,
Worcester County,US.MD.WO,872,26,
York County,US.ME.YO,871,15,
DeWitt County,US.TX.DE,870,25,
Saratoga County,US.NY.SR,868,15,
Bay County,US.MI.BY,866,43,
Mercer County,US.OH.MC,866,17,
Jackson County,US.OR.JA,864,3,
Dubois County,US.IN.DU,863,17,
Stark County,US.ND.SR,862,6,
Cerro Gordo County,US.IA.CG,862,20,
Crawford County,US.IA.CW,861,3,
Oldham County,US.KY.OL,861,24,
Creek County,US.OK.CE,860,22,
Jackson County,US.MI.JA,859,40,
Jefferson County,US.TN.JE,859,7,
Garfield County,US.CO.GA,857,4,
Summit County,US.UT.SU,856,1,
Union Parish,US.LA.UN,855,39,
Rensselaer County,US.NY.RE,854,42,
Elko County,US.NV.EL,853,6,
Wayne County,US.MS.WY,852,21,
Hancock County,US.IN.HC,851,44,
Reno County,US.KS.RN,850,1,
Santa Fe County,US.NM.ST,849,4,
Monroe County,US.TN.MR,848,15,
Hanover County,US.VA.HV,846,35,
Washington County,US.OK.WN,846,40,
Lake County,US.TN.LK,844,2,
Henderson County,US.TX.HD,842,18,
Kandiyohi County,US.MN.KD,842,1,
West Baton Rouge Parish,US.LA.WB,841,39,
McMinn County,US.TN.MM,840,23,
Gulf County,US.FL.GU,836,13,
Butler County,US.PA.BT,833,19,
Madison Parish,US.LA.MA,832,7,
Noble County,US.IN.NO,829,32,
Pittsylvania County,US.VA.PS,827,4,
De Soto Parish,US.LA.DE,826,33,
Cecil County,US.MD.CE,824,31,
Pettis County,US.MO.PS,824,8,
Lenoir County,US.NC.LN,824,18,
Warrick County,US.IN.WI,819,33,
Gonzales County,US.TX.GA,819,13,
Berkeley County,US.WV.BE,819,11,
Bradford County,US.FL.BA,818,5,
Deaf Smith County,US.TX.DI,816,20,
Harrison County,US.TX.HR,816,28,
Warren County,US.IA.WR,814,6,
Windham County,US.CT.WI,813,15,
Emanuel County,US.GA.EM,810,22,
Plymouth County,US.IA.PM,810,18,
Adams County,US.MS.AD,809,32,
Clinton County,US.IL.CN,809,17,
McDowell County,US.NC.MW,808,24,
Marion County,US.AL.MI,807,28,
Calvert County,US.MD.CL,807,28,
Adams County,US.IL.AD,805,9,
Marathon County,US.WI.MH,804,14,
Independence County,US.AR.IN,803,8,
Wayne County,US.OH.WE,801,63,
Chittenden County,US.VT.CH,801,39,
Erie County,US.OH.ER,799,37,
Marion County,US.MS.MI,798,26,
Bledsoe County,US.TN.BE,797,4,
Hood County,US.TX.HO,794,23,
Dillon County,US.SC.DI,792,28,
Fauquier County,US.VA.FQ,792,9,
Coffee County,US.TN.CF,790,6,
Haywood County,US.TN.HY,787,12,
Chaves County,US.NM.CH,787,7,
Pearl River County,US.MS.PL,786,48,
Pender County,US.NC.PD,786,4,
Randolph County,US.IL.RA,783,7,
Marlboro County,US.SC.ML,783,5,
Walla Walla County,US.WA.WL,781,5,
Polk County,US.TX.PK,778,18,
Barbour County,US.AL.BR,776,7,
Shenandoah County,US.VA.SN,776,50,
Johnson County,US.AR.JO,775,4,
Frederick County,US.VA.FK,775,11,
Lumpkin County,US.GA.LP,772,12,
Hardin County,US.TN.HI,772,12,
Sabine Parish,US.LA.SB,769,13,
St. James Parish,US.LA.SJ,769,37,
Lane County,US.OR.LE,769,6,
Lawrence County,US.TN.LW,768,9,
Montgomery County,US.VA.MO,766,4,
Ross County,US.OH.RO,766,14,
Crawford County,US.KS.CR,766,1,
Gilmer County,US.GA.GI,763,9,
Lonoke County,US.AR.LO,762,4,
James City County,US.VA.JA,759,18,
Charlottesville City,US.VA.CE,758,23,
Dixie County,US.FL.DI,757,4,
Columbia County,US.PA.CO,754,35,
Christian County,US.MO.CT,753,1,
Karnes County,US.TX.KS,750,13,
Graham County,US.AZ.GA,750,22,
Brown County,US.SD.BW,742,3,
Buffalo County,US.NE.BF,740,3,
Northumberland County,US.PA.NU,740,38,
Cherokee County,US.OK.CK,739,7,
Bladen County,US.NC.BL,738,10,
Mendocino County,US.CA.MI,737,17,
Harris County,US.GA.HI,737,21,
Waupaca County,US.WI.WP,734,18,
Lauderdale County,US.TN.LU,733,12,
Colfax County,US.NE.CO,732,5,
Le Flore County,US.OK.LE,732,10,
Rusk County,US.TX.RK,732,5,
Covington County,US.MS.CV,731,17,
Marion County,US.SC.MI,731,17,
Morton County,US.ND.MR,729,7,
Campbell County,US.KY.CM,728,15,
Murray County,US.GA.MA,725,4,
Washington County,US.RI.WA,722,63,
Union County,US.AR.UN,721,21,
Mitchell County,US.GA.MT,721,45,
Lassen County,US.CA.LS,720,0,
Madison County,US.OH.MO,718,11,
Cheatham County,US.TN.CA,718,10,
Morgan County,US.CO.MN,718,48,
Jackson County,US.IN.JC,717,10,
Payette County,US.ID.PA,717,4,
Richland Parish,US.LA.RI,716,9,
Greensville County,US.VA.GS,716,11,
Uvalde County,US.TX.UV,715,25,
Richland County,US.OH.RI,714,18,
Erath County,US.TX.ER,712,10,
Fairbanks North Star Borough,US.AK.FA,712,8,
Dawson County,US.GA.DW,711,7,
Hamilton County,US.FL.HM,709,6,
Tooele County,US.UT.TE,708,0,
Winston County,US.MS.WN,708,19,
Berkshire County,US.MA.BE,707,46,
George County,US.MS.GR,707,13,
Whitman County,US.WA.WI,706,0,
Fayette County,US.PA.FA,705,6,
Tattnall County,US.GA.TT,704,7,
Curry County,US.NM.CU,703,5,
Big Horn County,US.MT.BI,700,16,
Jefferson County,US.GA.JR,700,19,
Jasper County,US.SC.JA,699,18,
Deschutes County,US.OR.DE,699,11,
Adams County,US.PA.AD,697,23,
Scotland County,US.NC.SC,697,8,
Logan County,US.CO.LO,694,5,
Madison County,US.TX.AD,693,5,
Newton County,US.MS.NW,692,18,
Waller County,US.TX.WR,692,8,
Belmont County,US.OH.BE,691,27,
St. Joseph County,US.MI.SJ,691,11,
Lavaca County,US.TX.LA,688,32,
Portage County,US.WI.PT,686,2,
Grady County,US.GA.GD,686,15,
Richmond County,US.NC.RI,685,11,
Hawkins County,US.TN.HW,684,13,
Burke County,US.GA.BE,683,9,
Fairfield County,US.SC.FA,678,29,
Holmes County,US.FL.HO,676,5,
Assumption Parish,US.LA.AS,675,22,
Sauk County,US.WI.SU,673,3,
Upson County,US.GA.UP,672,58,
Adams County,US.WA.AD,671,8,
Wise County,US.TX.WE,670,12,
San Juan County,US.UT.SJ,670,28,
Alcorn County,US.MS.AL,669,6,
Roane County,US.TN.RA,669,2,
Lee County,US.SC.LE,668,32,
Bullitt County,US.KY.BI,668,5,
Tallahatchie County,US.MS.TL,668,13,
Muhlenberg County,US.KY.MU,667,11,
Carroll County,US.TN.CR,667,9,
Iron County,US.UT.RN,667,2,
Osage County,US.OK.OS,666,12,
Lenawee County,US.MI.LN,665,13,
St. Croix County,US.WI.SI,665,7,
Burnet County,US.TX.BT,664,12,
Marengo County,US.AL.ME,664,19,
Graves County,US.KY.GV,663,29,
Prentiss County,US.MS.PN,663,15,
Rhea County,US.TN.RH,663,5,
Flathead County,US.MT.FL,663,9,
Scott County,US.MO.ST,662,14,
Jeff Davis County,US.GA.JF,659,12,
Darke County,US.OH.DA,658,36,
Greene County,US.AR.GE,658,5,
Van Buren County,US.MI.VA,658,16,
Allegan County,US.MI.AL,658,6,
Cocke County,US.TN.CE,655,7,
Buckingham County,US.VA.BK,654,8,
Yadkin County,US.NC.YD,653,7,
Yamhill County,US.OR.YA,652,14,
Petersburg city,US.VA.PB,652,23,
Bannock County,US.ID.BO,651,3,
Ben Hill County,US.GA.BL,650,16,
Okmulgee County,US.OK.OM,649,5,
Wasatch County,US.UT.WA,649,7,
Henry County,US.IN.HY,649,22,
Danville City,US.VA.DA,647,16,
Tama County,US.IA.TM,646,29,
Frio County,US.TX.FO,644,7,
Union County,US.FL.UN,644,5,
Bryan County,US.OK.BR,644,3,
Saline County,US.NE.SL,644,2,
Beadle County,US.SD.BA,644,9,
Plaquemines Parish,US.LA.PL,643,19,
Miller County,US.AR.ML,642,9,
Geauga County,US.OH.GE,642,46,
Lee County,US.GA.LE,641,25,
Madison County,US.NE.MA,640,5,
Putnam County,US.GA.PT,634,20,
Roanoke County,US.VA.RE,634,5,
Marinette County,US.WI.MT,627,6,
Lowndes County,US.AL.LO,627,27,
Morehouse Parish,US.LA.MO,625,17,
Scott County,US.KY.SC,625,5,
Jerome County,US.ID.JR,624,6,
Morgan County,US.IN.MG,622,38,
Johnson County,US.MO.JO,622,4,
Itawamba County,US.MS.IT,621,17,
Androscoggin County,US.ME.AN,620,10,
Washington County,US.GA.WG,619,6,
Ashtabula County,US.OH.AB,619,46,
Pittsburg County,US.OK.PI,619,18,
Effingham County,US.IL.EF,616,1,
Chattooga County,US.GA.CG,615,6,
Centre County,US.PA.CT,615,11,
Calhoun County,US.TX.CU,614,7,
LaGrange County,US.IN.LG,614,11,
Pulaski County,US.KY.PU,614,7,
Jackson County,US.OK.JA,614,9,
Sequoyah County,US.OK.SQ,613,8,
Fannin County,US.TX.FI,612,12,
Laurel County,US.KY.LU,611,5,
Fremont County,US.WY.FR,611,14,
West Feliciana Parish,US.LA.WF,611,21,
McNairy County,US.TN.MA,610,13,
White County,US.TN.WH,608,7,
Beaufort County,US.NC.BA,608,10,
Blaine County,US.ID.BL,606,6,
Jasper County,US.IA.JS,605,30,
Chickasaw County,US.MS.CS,604,22,
Lincoln County,US.MO.LO,602,1,
McClain County,US.OK.ML,602,4,
Jones County,US.TX.JN,601,0,
Monroe County,US.GA.MN,601,43,
Saluda County,US.SC.SA,600,14,
Winston County,US.AL.WN,600,11,
Attala County,US.MS.AT,599,25,
Franklin County,US.GA.FR,596,11,
Des Moines County,US.IA.DS,596,5,
Isle of Wight County,US.VA.IS,595,11,
Bedford County,US.VA.BF,593,9,
Oconee County,US.GA.OC,593,20,
Prince George County,US.VA.PG,591,2,
Dearborn County,US.IN.DR,590,30,
Cassia County,US.ID.CS,587,4,
Caddo County,US.OK.CD,587,20,
Laramie County,US.WY.LA,583,4,
Calhoun County,US.FL.CA,583,10,
Shasta County,US.CA.SH,581,12,
Pasquotank County,US.NC.PU,580,23,
Charlton County,US.GA.CT,580,6,
Tishomingo County,US.MS.TS,578,30,
Peach County,US.GA.PH,578,18,
Camden County,US.MO.CM,577,8,
Marshall County,US.TN.MS,576,4,
Ottawa County,US.OK.OT,576,4,
Atascosa County,US.TX.AT,576,28,
Washington County,US.TX.WH,576,45,
Morgan County,US.IL.MG,575,20,
Whiteside County,US.IL.WD,575,19,
Pickens County,US.AL.PC,575,12,
Franklin County,US.TN.FR,574,4,
Walthall County,US.MS.WT,574,24,
Columbia County,US.NY.CU,574,47,
Winn Parish,US.LA.WI,573,16,
Mecklenburg County,US.VA.ME,573,33,
Hertford County,US.NC.HD,572,18,
Manassas Park city,US.VA.MP,572,7,
Queen Anne's County,US.MD.QU,571,26,
White County,US.GA.WH,571,14,
Butts County,US.GA.BU,571,41,
Manitowoc County,US.WI.MW,570,2,
Bibb County,US.AL.BI,570,9,
Minidoka County,US.ID.MI,569,4,
Saline County,US.MO.SI,569,8,
Hale County,US.AL.HA,567,28,
Clinton County,US.IN.CI,566,14,
Mercer County,US.PA.ME,565,13,
Cabell County,US.WV.CB,564,8,
Delaware County,US.OK.DL,564,22,
White County,US.AR.WH,564,12,
Tippah County,US.MS.TP,563,16,
Bullock County,US.AL.BL,563,14,
Franklin County,US.FL.FR,562,3,
Scurry County,US.TX.SU,559,2,
Smith County,US.TN.SH,559,8,
Isabella County,US.MI.IB,557,10,
Hancock County,US.OH.HN,556,8,
Lyon County,US.MN.LY,556,3,
Hampton County,US.SC.HA,554,25,
Madison County,US.GA.MD,554,8,
Calumet County,US.WI.CA,554,2,
Eddy County,US.NM.ED,553,5,
Bamberg County,US.SC.BM,553,29,
Lapeer County,US.MI.LP,552,36,
Cowlitz County,US.WA.CW,552,6,
Radford city,US.VA.RD,550,0,
Winona County,US.MN.WN,550,17,
Monroe County,US.AL.MR,550,7,
Grady County,US.OK.GD,549,7,
Macon County,US.NC.MN,548,2,
Marion County,US.IA.MI,547,2,
Barnwell County,US.SC.BN,547,14,
Wilson County,US.TX.WS,545,26,
McCracken County,US.KY.MK,545,6,
Dunklin County,US.MO.DU,545,4,
Lycoming County,US.PA.LY,544,23,
Pike County,US.PA.PI,543,21,
Ward County,US.ND.WR,543,1,
Broomfield County and City,US.CO.BR,542,33,
Caroline County,US.MD.CO,535,3,
Clinton County,US.MI.CN,535,13,
Bacon County,US.GA.BC,533,10,
Randolph County,US.AL.RA,533,12,
Pickens County,US.GA.PE,533,7,
Ellis County,US.KS.EL,532,1,
Pierce County,US.GA.PR,532,14,
Daviess County,US.IN.DI,531,26,
Sandusky County,US.OH.SA,531,19,
Hopkins County,US.KY.HO,530,36,
East Carroll Parish,US.LA.EC,530,3,
Noxubee County,US.MS.NO,529,14,
McDuffie County,US.GA.MU,528,13,
Van Zandt County,US.TX.VN,527,18,
Eaton County,US.MI.EA,526,9,
Grundy County,US.IL.GU,526,5,
Carteret County,US.NC.CE,526,5,
Washington County,US.AL.WS,526,13,
Valencia County,US.NM.VA,523,4,
Wright County,US.IA.WG,523,1,
Perry County,US.AL.PE,523,5,
Barren County,US.KY.BN,523,10,
Saline County,US.KS.SA,522,9,
Butler County,US.KS.BU,520,2,
Wilcox County,US.AL.WC,520,11,
Overton County,US.TN.OV,519,2,
Haywood County,US.NC.HW,518,28,
Cook County,US.GA.CO,517,11,
Ogle County,US.IL.OG,514,5,
Henry County,US.IL.HY,514,2,
La Paz County,US.AZ.LA,514,15,
Henry County,US.TN.HR,513,7,
Jackson Parish,US.LA.JA,513,21,
Elbert County,US.GA.EL,512,1,
Worth County,US.GA.WO,511,29,
Logan County,US.WV.LO,511,32,
Union County,US.GA.UN,511,14,
Hancock County,US.MS.HN,510,20,
Jefferson County,US.FL.JE,510,6,
Platte County,US.MO.PT,510,10,
Poinsett County,US.AR.PN,509,6,
Merrimack County,US.NH.ME,508,23,
Franklin County,US.KY.FR,507,11,
Wood County,US.WI.WO,506,3,
Prince Edward County,US.VA.PD,506,12,
Harrison County,US.IN.HI,506,26,
Lawrence County,US.AL.LW,505,5,
Branch County,US.MI.BC,505,4,
Jackson County,US.TX.JA,505,14,
Marion County,US.MO.MO,505,4,
Edgefield County,US.SC.ED,504,14,
Oceana County,US.MI.OA,501,6,
Jasper County,US.MS.JS,501,13,
Meriwether County,US.GA.MW,499,11,
Monroe County,US.IL.MR,499,14,
DeKalb County,US.TN.DE,498,6,
Jackson County,US.NC.JA,496,7,
Matanuska-Susitna Borough,US.AK.MA,495,2,
Williams County,US.ND.WI,494,4,
Nodaway County,US.MO.NO,494,1,
Adair County,US.OK.AD,493,10,
Conecuh County,US.AL.CO,493,11,
Davie County,US.NC.DV,493,6,
Clay County,US.MS.CY,492,16,
Brown County,US.TX.BN,491,20,
Blair County,US.PA.BL,490,12,
Smith County,US.MS.SM,490,13,
Fredericksburg City,US.VA.FB,488,5,
Huron County,US.OH.HU,487,6,
Cambria County,US.PA.CI,486,6,
Calhoun County,US.MS.CN,485,11,
Fannin County,US.GA.FN,484,8,
Talbot County,US.MD.TA,484,4,
Union County,US.SC.UN,483,9,
Knox County,US.IL.KX,483,3,
Brooks County,US.GA.BO,483,22,
Clarke County,US.MS.CE,482,30,
Carroll County,US.AR.CL,482,8,
Bingham County,US.ID.BG,481,6,
Crenshaw County,US.AL.CA,480,31,
Crisp County,US.GA.CP,480,15,
York County,US.VA.YO,480,6,
Jefferson County,US.IL.JF,479,35,
Nye County,US.NV.NY,478,15,
Jessamine County,US.KY.JS,477,0,
Henderson County,US.KY.HE,476,3,
Jones County,US.GA.JE,475,4,
Glenn County,US.CA.GL,475,3,
Madison County,US.NY.MA,474,9,
Gilchrist County,US.FL.GI,474,10,
Dorchester County,US.MD.DO,473,7,
Limestone County,US.TX.LO,473,8,
Watauga County,US.NC.WT,471,0,
Lawrence County,US.IN.LW,471,29,
Colusa County,US.CA.CL,470,6,
Lawrence County,US.OH.LW,470,14,
Lawrence County,US.PA.LW,470,19,
Hawaii County,US.HI.HA,469,3,
Jefferson County,US.OR.JE,468,7,
Giles County,US.TN.GL,467,15,
Lincoln County,US.OR.LC,467,13,
Colorado County,US.TX.CO,466,4,
Cherokee County,US.NC.CO,466,5,
Lee County,US.IA.LE,466,6,
Tuscola County,US.MI.TU,466,29,
Greene County,US.GA.GE,465,20,
Chautauqua County,US.NY.CQ,464,4,
Abbeville County,US.SC.AB,463,10,
Glades County,US.FL.GL,460,4,
Geneva County,US.AL.GE,460,4,
Anson County,US.NC.AN,458,3,
Steele County,US.MN.SE,458,2,
Concordia Parish,US.LA.CR,458,10,
Newport County,US.RI.NE,457,4,
Tunica County,US.MS.TU,457,13,
Bertie County,US.NC.BT,457,6,
Montgomery County,US.IN.MM,457,22,
Nevada County,US.CA.NE,456,5,
Indiana County,US.PA.IN,456,10,
Oconto County,US.WI.OC,455,2,
Winchester city,US.VA.WH,455,4,
White County,US.IN.WH,455,13,
Ottawa County,US.OH.OT,455,30,
Putnam County,US.IN.PT,453,8,
Morrow County,US.OR.MO,453,3,
Shiawassee County,US.MI.SH,452,30,
Todd County,US.MN.TO,452,2,
Kittitas County,US.WA.KT,452,21,
Nicollet County,US.MN.NI,452,15,
Box Elder County,US.UT.BE,451,5,
Auglaize County,US.OH.AU,451,8,
Macon County,US.AL.MC,450,19,
Carroll County,US.IA.CL,450,3,
Midland County,US.MI.MD,449,11,
Watonwan County,US.MN.WT,449,4,
Decatur County,US.IN.DC,447,38,
Fayette County,US.IN.FA,447,10,
Milam County,US.TX.MI,445,5,
Shelby County,US.TX.SY,445,20,
Logan County,US.KY.LO,444,26,
Claiborne County,US.MS.CB,443,16,
Grant County,US.WI.GA,443,18,
Palo Pinto County,US.TX.PO,442,11,
Cherokee County,US.AL.CH,442,12,
Union County,US.IL.UN,442,24,
Chester County,US.TN.CS,441,6,
Polk County,US.OR.PO,440,15,
Calloway County,US.KY.CW,440,7,
Teton County,US.WY.TE,440,1,
Liberty County,US.FL.LI,440,7,
Kerr County,US.TX.KR,439,9,
Lincoln County,US.TN.LI,438,1,
Missoula County,US.MT.MS,438,3,
Mayes County,US.OK.MY,437,10,
Trempealeau County,US.WI.TR,437,2,
Grant Parish,US.LA.GR,436,30,
Dickinson County,US.IA.DI,436,6,
Austin County,US.TX.AU,434,6,
Mesa County,US.CO.ME,434,5,
Franklin County,US.MA.FR,432,66,
Howard County,US.AR.HW,431,5,
Brookings County,US.SD.BK,431,1,
Hart County,US.GA.HT,431,11,
Greene County,US.NC.GE,431,4,
Johnson County,US.TN.JO,430,1,
Tehama County,US.CA.TE,430,1,
New Madrid County,US.MO.NW,430,9,
Bureau County,US.IL.BU,429,9,
Adams County,US.NE.AD,429,11,
Morgan County,US.GA.MO,429,2,
Cass County,US.MI.CS,427,16,
Alexander County,US.NC.AE,427,3,
Clay County,US.SD.CY,427,2,
Carbon County,US.PA.CB,427,28,
Bienville Parish,US.LA.BI,426,32,
Carter County,US.OK.CR,424,7,
Early County,US.GA.EA,423,32,
Bell County,US.KY.BL,423,8,
Perry County,US.MO.PR,423,4,
Carroll County,US.VA.CL,421,19,
Calhoun County,US.SC.CH,421,15,
Union County,US.OR.UN,420,2,
Benton County,US.MN.BN,419,3,
Kenai Peninsula Borough,US.AK.KN,419,2,
Wood County,US.TX.WO,418,16,
Montgomery County,US.MS.MT,418,18,
Crockett County,US.TN.CK,417,14,
Atkinson County,US.GA.AT,416,3,
Phillips County,US.AR.PH,414,10,
Shelby County,US.OH.SH,414,4,
Freeborn County,US.MN.FR,413,1,
Lawrence County,US.MS.LW,412,11,
Pulaski County,US.MO.PA,411,2,
Jasper County,US.TX.JR,411,19,
Sumter County,US.AL.SU,409,19,
Humboldt County,US.CA.HU,409,4,
Athens County,US.OH.AS,408,2,
Carson City,US.NV.CA,408,8,
Claiborne Parish,US.LA.CI,408,13,
Henry County,US.AL.HE,406,4,
Berrien County,US.GA.BN,404,9,
Washington County,US.VA.WG,402,9,
Galax city,US.VA.GA,401,28,
Allegany County,US.MD.AL,401,21,
Le Sueur County,US.MN.LU,401,2,
Strafford County,US.NH.ST,400,13,
Cibola County,US.NM.CI,399,20,
Clay County,US.AL.CY,399,6,
Codington County,US.SD.CD,399,2,
Hickman County,US.TN.HN,399,4,
Louisa County,US.IA.LO,399,14,
Linn County,US.OR.LN,398,13,
Ontario County,US.NY.OR,398,28,
Butler County,US.MO.BE,398,3,
Union County,US.PA.UN,397,6,
Stephenson County,US.IL.SN,395,6,
La Salle Parish,US.LA.LA,395,5,
Banks County,US.GA.BS,395,6,
Ohio County,US.KY.OH,393,9,
Warren County,US.VA.WR,393,6,
Boone County,US.AR.BO,392,3,
Parmer County,US.TX.PM,391,7,
Hill County,US.TX.HI,390,11,
Freestone County,US.TX.FE,389,1,
Ashley County,US.AR.AS,389,7,
Adams County,US.IN.AD,389,4,
Macoupin County,US.IL.MP,388,6,
Scioto County,US.OH.SC,387,3,
Yalobusha County,US.MS.YL,386,13,
Andrews County,US.TX.AR,386,8,
Raleigh County,US.WV.RL,386,4,
Ionia County,US.MI.II,385,7,
Union County,US.OH.UN,385,1,
Vermilion County,US.IL.VE,385,4,
Putnam County,US.OH.PU,385,17,
Catahoula Parish,US.LA.CT,384,6,
Callaway County,US.MO.CA,382,2,
Barron County,US.WI.BR,382,3,
Huntingdon County,US.PA.HU,382,5,
Nelson County,US.KY.NE,381,2,
Grand Traverse County,US.MI.GN,380,7,
Augusta County,US.VA.AU,380,4,
Evans County,US.GA.EV,380,5,
Greene County,US.IN.GE,379,38,
Fayette County,US.TX.FT,379,17,
Lawrence County,US.MO.LW,378,2,
Jefferson County,US.WV.JE,378,4,
Fayette County,US.WV.FA,377,10,
Franklin County,US.IL.FR,377,1,
Bleckley County,US.GA.BK,375,17,
McLeod County,US.MN.MC,375,1,
Preble County,US.OH.PR,373,6,
Stewart County,US.GA.SW,373,11,
Southampton County,US.VA.SA,372,13,
Columbia County,US.WI.CO,372,2,
Jefferson County,US.ID.JF,372,1,
St. Helena Parish,US.LA.SH,371,2,
Seneca County,US.OH.SE,371,12,
Knox County,US.IN.KN,371,6,
Scotts Bluff County,US.NE.SC,371,6,
Knox County,US.KY.KX,371,9,
Chippewa County,US.WI.CH,371,0,
Claiborne County,US.TN.CI,368,3,
Hancock County,US.GA.HC,368,39,
Barry County,US.MO.BR,367,5,
Bremer County,US.IA.BR,367,7,
Logan County,US.AR.LG,367,1,
Candler County,US.GA.CR,367,16,
Summit County,US.CO.SU,366,4,
La Salle County,US.TX.LS,366,4,
Page County,US.VA.PA,365,26,
Cascade County,US.MT.CS,364,5,
DeKalb County,US.IN.DE,362,8,
Pemiscot County,US.MO.PM,362,9,
Marion County,US.TN.MI,361,7,
Boone County,US.IA.BO,361,4,
Rio Arriba County,US.NM.RI,361,13,
Lake County,US.CA.LK,360,5,
Martin County,US.NC.MR,360,7,
Duval County,US.TX.DU,358,10,
Bristol County,US.RI.BR,358,16,
Telfair County,US.GA.TF,355,13,
Lewis County,US.WA.LE,354,4,
Live Oak County,US.TX.LK,353,8,
Holmes County,US.OH.HL,353,7,
Johnson County,US.GA.JH,353,14,
Washington County,US.IA.WS,353,11,
Hopewell city,US.VA.HW,351,5,
Campbell County,US.TN.CM,351,3,
Montrose County,US.CO.MO,350,13,
Haralson County,US.GA.HS,350,8,
Sussex County,US.VA.SS,349,9,
Warren County,US.MO.WR,349,0,
Custer County,US.OK.CU,348,0,
Kay County,US.OK.KA,348,12,
Maui County,US.HI.MA,347,8,
Lyon County,US.NV.LY,347,6,
Northampton County,US.NC.NO,346,17,
Humphreys County,US.MS.HU,346,15,
Quitman County,US.MS.QU,346,4,
Wise County,US.VA.WI,346,5,
Miami County,US.IN.MI,344,2,
Polk County,US.TN.PO,344,10,
Dodge County,US.GA.DG,344,7,
Person County,US.NC.PN,343,6,
Armstrong County,US.PA.AR,343,10,
Jenkins County,US.GA.JK,342,25,
Houston County,US.TX.HS,342,9,
Stokes County,US.NC.SO,342,3,
Campbell County,US.VA.CM,342,3,
Fayette County,US.AL.FA,341,6,
Perry County,US.MS.PY,341,10,
Seminole County,US.OK.SM,339,5,
Jasper County,US.IN.JS,337,2,
Gibson County,US.IN.GI,337,4,
Cooke County,US.TX.OO,335,5,
Hempstead County,US.AR.HE,335,3,
Martinsville city,US.VA.MR,334,6,
Mason County,US.WA.MA,333,1,
Cass County,US.IL.CS,332,11,
Decatur County,US.TN.DC,332,4,
Meade County,US.SD.MD,332,1,
Upshur County,US.TX.US,332,8,
Lincoln County,US.NE.LI,332,2,
Mercer County,US.WV.MR,331,24,
Choctaw County,US.AL.CC,330,12,
Red River Parish,US.LA.RE,329,20,
Pike County,US.KY.PI,329,3,
Chisago County,US.MN.CG,329,1,
Beltrami County,US.MN.BT,329,1,
Stone County,US.MS.ST,329,10,
Rosebud County,US.MT.RS,329,5,
Lamar County,US.GA.LM,328,16,
Polk County,US.MO.PO,328,0,
Panola County,US.TX.PN,328,22,
Crow Wing County,US.MN.CW,327,16,
Richmond County,US.VA.RI,327,4,
Scott County,US.IN.SC,326,12,
Geary County,US.KS.GE,326,2,
Franklin city,US.VA.FR,326,7,
Nez Perce County,US.ID.NE,324,19,
Warren County,US.NY.WR,324,30,
Butler County,US.KY.BR,324,16,
Putnam County,US.WV.PU,323,0,
Luna County,US.NM.LU,321,5,
Terrell County,US.GA.TL,321,31,
Harlan County,US.KY.HL,320,8,
Pecos County,US.TX.PE,320,4,
Lincoln County,US.OK.LI,319,9,
Steuben County,US.NY.ST,319,39,
Amherst County,US.VA.AH,319,1,
Randolph County,US.GA.RN,318,27,
Camp County,US.TX.CP,318,8,
Wood County,US.WV.WO,318,5,
Chaffee County,US.CO.CA,317,19,
Randolph County,US.AR.RA,317,13,
West Carroll Parish,US.LA.WC,317,9,
Logan County,US.OK.LG,316,1,
Iroquois County,US.IL.IR,316,19,
Jersey County,US.IL.JR,315,6,
Brantley County,US.GA.BA,315,8,
Oswego County,US.NY.OS,314,3,
Laclede County,US.MO.LD,314,1,
Muskingum County,US.OH.MU,313,2,
Greene County,US.NY.GR,313,14,
Fulton County,US.NY.FU,312,28,
Webster County,US.MS.WE,312,13,
Columbia County,US.AR.CI,312,15,
Marion County,US.IL.MO,311,0,
Barton County,US.KS.BT,311,5,
Henry County,US.IA.HE,311,4,
Otter Tail County,US.MN.OT,310,4,
Drew County,US.AR.DR,309,5,
Owyhee County,US.ID.OW,309,5,
Dinwiddie County,US.VA.DN,309,8,
Tompkins County,US.NY.TO,308,0,
Stoddard County,US.MO.SD,308,9,
Uinta County,US.WY.UI,308,2,
Harvey County,US.KS.HV,308,5,
Jefferson Davis County,US.MS.JD,308,9,
Madison County,US.AR.MD,308,2,
Sweetwater County,US.WY.SW,307,2,
Orleans County,US.NY.OL,307,55,
Natrona County,US.WY.NA,307,2,
Shawano County,US.WI.SA,307,0,
Clinch County,US.GA.CC,306,4,
Logan County,US.IL.LO,306,1,
Brunswick County,US.VA.BU,306,2,
Perry County,US.IL.PY,306,11,
Herkimer County,US.NY.HE,306,10,
Screven County,US.GA.SR,305,9,
Hillsdale County,US.MI.HI,305,26,
Sullivan County,US.IN.SU,305,9,
Northampton County,US.VA.NA,304,29,
Franklin County,US.IA.FN,304,17,
Stone County,US.MO.SE,304,2,
Audrain County,US.MO.AU,304,2,
Seminole County,US.GA.SI,303,8,
Howard County,US.TX.HW,302,8,
Allendale County,US.SC.AL,302,6,
Steuben County,US.IN.SE,302,5,
Greene County,US.MS.GE,302,14,
Newaygo County,US.MI.NE,302,1,
Woodford County,US.IL.WO,302,3,
Refugio County,US.TX.RF,301,10,
Cherokee County,US.KS.CK,300,2,
Genesee County,US.NY.GE,300,6,
Bradley County,US.AR.BR,300,6,
Little River County,US.AR.LT,299,15,
Lamar County,US.AL.LM,299,2,
Monroe County,US.WI.MO,298,2,
Washington County,US.ID.WA,298,4,
Lamb County,US.TX.LB,298,20,
Waseca County,US.MN.WE,298,3,
Smyth County,US.VA.SM,297,5,
Carroll County,US.MS.CL,296,12,
Burleson County,US.TX.BU,296,6,
Cross County,US.AR.CO,296,5,
Pierce County,US.WI.PI,296,6,
Elmore County,US.ID.EL,295,3,
Wilkinson County,US.GA.WI,295,17,
Gunnison County,US.CO.GU,294,7,
Arkansas County,US.AR.AR,293,3,
Howell County,US.MO.HW,293,3,
Aransas County,US.TX.AA,293,18,
Perry County,US.KY.PR,293,8,
Rabun County,US.GA.RB,293,6,
Ohio County,US.WV.OH,292,6,
Dooly County,US.GA.DO,292,14,
Jefferson County,US.OH.JE,292,4,
St. Lawrence County,US.NY.SI,291,4,
Grainger County,US.TN.GA,291,1,
Warren County,US.NC.WR,291,7,
Franklin County,US.IN.FR,289,26,
Wayne County,US.NY.WN,288,3,
Greene County,US.AL.GR,288,15,
Union County,US.SD.UN,288,5,
Grayson County,US.KY.GY,288,12,
Hamilton County,US.IA.HM,287,2,
Harrison County,US.WV.HR,287,2,
Pike County,US.GA.PK,287,8,
Oglethorpe County,US.GA.OG,286,11,
Caldwell Parish,US.LA.CW,286,3,
Wilkinson County,US.MS.WK,284,17,
Jennings County,US.IN.JN,284,14,
Amite County,US.MS.AM,282,7,
Zapata County,US.TX.ZP,282,4,
Turner County,US.GA.TR,281,21,
Hockley County,US.TX.HC,281,5,
Wayne County,US.WV.WA,280,10,
Miller County,US.MO.ML,280,1,
Jackson County,US.KY.JA,279,15,
Fentress County,US.TN.FE,278,0,
McDonough County,US.IL.MU,278,15,
Benton County,US.TN.BN,278,6,
Green County,US.WI.GN,278,2,
Kemper County,US.MS.KE,277,15,
Susquehanna County,US.PA.SS,277,27,
Livingston County,US.MO.LV,276,1,
Lanier County,US.GA.LI,275,5,
Kingfisher County,US.OK.KN,274,2,
Calaveras County,US.CA.CA,273,2,
Island County,US.WA.IS,273,11,
Adair County,US.KY.AD,272,19,
Franklin County,US.KS.FR,271,3,
Caroline County,US.VA.CI,270,5,
Boyd County,US.KY.BD,270,4,
Cowley County,US.KS.CL,270,3,
Douglas County,US.WI.DG,270,0,
Warren County,US.IL.WR,270,1,
Kent County,US.MD.KE,270,24,
Washington County,US.NY.WS,269,14,
Brooks County,US.TX.BK,269,16,
Garvin County,US.OK.GV,269,4,
Goodhue County,US.MN.GO,269,9,
Orange County,US.VA.OR,269,4,
Stutsman County,US.ND.SU,268,3,
Lee County,US.IL.LE,268,1,
Madison County,US.ID.MA,268,0,
Grays Harbor County,US.WA.GY,268,6,
Cass County,US.NE.CS,268,2,
Webster County,US.MO.WE,266,1,
Mingo County,US.WV.MO,266,7,
Zavala County,US.TX.ZV,266,12,
Cooper County,US.MO.CP,265,2,
Christian County,US.IL.CI,264,6,
Marquette County,US.MI.MQ,264,11,
Gaines County,US.TX.GS,264,8,
Montgomery County,US.IL.MT,263,10,
Montgomery County,US.KS.MG,262,5,
Clark County,US.KY.CK,262,8,
Cass County,US.TX.CS,262,12,
Lawrence County,US.AR.LW,262,11,
McIntosh County,US.GA.MH,261,6,
Transylvania County,US.NC.TR,260,2,
Cleburne County,US.AR.CB,260,7,
Menominee County,US.MI.MM,260,0,
Lafayette County,US.MO.LF,259,2,
Carroll County,US.IN.CO,259,13,
Jackson County,US.TN.JA,258,2,
Allen County,US.KY.AL,258,9,
Stephens County,US.OK.ST,258,4,
Clark County,US.WI.CL,257,8,
Clinton County,US.OH.CI,257,11,
Douglas County,US.NV.DO,257,1,
Louisa County,US.VA.LI,257,3,
Latah County,US.ID.LA,256,0,
Choctaw County,US.OK.CA,256,2,
Casey County,US.KY.CS,255,15,
Champaign County,US.OH.CH,255,3,
Morgan County,US.TN.MG,255,2,
Botetourt County,US.VA.BO,255,10,
Knox County,US.OH.KN,255,15,
Saunders County,US.NE.SU,255,2,
Adair County,US.MO.AD,254,0,
Sharkey County,US.MS.SH,254,9,
Orange County,US.IN.OR,254,26,
Robertson County,US.TX.RO,254,5,
Hopkins County,US.TX.HP,253,8,
Washington County,US.MO.WS,253,1,
Pontotoc County,US.OK.PN,253,3,
Clark County,US.AR.CK,253,4,
Lawrence County,US.SD.LW,252,3,
Ripley County,US.IN.RI,252,8,
Yankton County,US.SD.YA,252,3,
Desha County,US.AR.DE,252,5,
Gray County,US.TX.GY,249,5,
Logan County,US.OH.LG,249,2,
Caswell County,US.NC.CS,249,3,
Pawnee County,US.KS.PN,249,0,
Juneau County,US.WI.JU,248,1,
Greenup County,US.KY.GU,248,2,
Martin County,US.MN.MT,248,9,
Clay County,US.IN.CY,246,5,
Miami County,US.KS.MI,245,0,
Dare County,US.NC.DE,245,2,
Union County,US.TN.UO,245,1,
Perry County,US.OH.PE,245,8,
Mahaska County,US.IA.MK,245,18,
Clarke County,US.IA.CK,244,3,
Phelps County,US.MO.PH,244,0,
Delaware County,US.IA.DA,244,3,
Patrick County,US.VA.PK,242,13,
Shelby County,US.IL.SB,242,3,
McIntosh County,US.OK.MI,242,4,
Benson County,US.ND.BE,242,4,
La Plata County,US.CO.LA,242,2,
Hardin County,US.IA.HD,242,1,
Mississippi County,US.MO.MI,241,0,
Clay County,US.IA.CY,241,3,
Gooding County,US.ID.GO,240,1,
Bosque County,US.TX.BQ,240,5,
Penobscot County,US.ME.PE,240,6,
Washington County,US.IN.WS,239,1,
Clearfield County,US.PA.CF,239,1,
Pulaski County,US.GA.PL,238,8,
Alamosa County,US.CO.AL,238,9,
Echols County,US.GA.EC,238,2,
Hood River County,US.OR.HO,238,0,
Cleburne County,US.AL.CB,238,5,
Montcalm County,US.MI.MC,238,4,
Morrow County,US.OH.MW,237,2,
Amador County,US.CA.AM,237,14,
Dawson County,US.TX.DW,237,8,
Emporia city,US.VA.EM,236,18,
Montgomery County,US.GA.MM,236,3,
Klamath County,US.OR.KL,235,2,
Douglas County,US.IL.DO,235,5,
Otsego County,US.NY.OO,235,4,
Franklin County,US.VA.FN,235,1,
Polk County,US.NC.PO,234,7,
Wells County,US.IN.WE,233,2,
Thurston County,US.NE.TU,233,4,
Irwin County,US.GA.IR,233,4,
Unicoi County,US.TN.UC,232,1,
Polk County,US.AR.PL,232,4,
Chowan County,US.NC.CW,231,2,
Hardin County,US.OH.HD,231,13,
Wilkes County,US.GA.WS,231,3,
Gem County,US.ID.GE,231,2,
Brown County,US.OH.BR,231,2,
Chenango County,US.NY.CH,231,6,
Simpson County,US.KY.SI,231,7,
Young County,US.TX.YU,231,6,
Westmoreland County,US.VA.WM,231,3,
Colonial Heights city,US.VA.CH,231,23,
Castro County,US.TX.AS,231,4,
Winneshiek County,US.IA.WH,229,4,
Washington County,US.OH.WS,229,23,
Fluvanna County,US.VA.FV,229,9,
Grayson County,US.VA.GY,228,8,
Calhoun County,US.GA.CU,228,7,
Otero County,US.NM.OT,227,12,
Floyd County,US.IA.FL,227,3,
Randolph County,US.WV.RN,227,1,
Hughes County,US.OK.HU,226,4,
Wilcox County,US.GA.WC,226,20,
Henry County,US.OH.HE,226,3,
Bonner County,US.ID.BR,225,0,
Clay County,US.KY.CY,225,6,
Wabash County,US.IN.WB,225,6,
Emmet County,US.IA.EM,225,8,
Treutlen County,US.GA.TE,225,5,
Posey County,US.IN.PS,225,1,
Barry County,US.MI.BR,224,2,
Goochland County,US.VA.GO,224,7,
Marion County,US.WV.MI,224,2,
Livingston County,US.IL.LI,224,4,
Jefferson County,US.MS.JF,224,9,
Pawnee County,US.OK.PW,223,3,
Defiance County,US.OH.DF,223,7,
Cattaraugus County,US.NY.CG,223,6,
Jackson County,US.IA.JC,223,2,
Shelby County,US.IA.SH,223,1,
Cannon County,US.TN.CN,222,0,
Crawford County,US.PA.CW,222,2,
Whitley County,US.IN.WL,222,6,
Miller County,US.GA.ML,222,1,
Oneida County,US.WI.ON,222,0,
Lee County,US.VA.LE,222,3,
Benton County,US.OR.BE,221,6,
Towns County,US.GA.TW,221,6,
Waynesboro city,US.VA.WS,221,3,
Halifax County,US.VA.HL,219,2,
Woodford County,US.KY.WO,219,0,
Boyle County,US.KY.BE,219,0,
Comanche County,US.TX.CE,218,3,
Salem city,US.VA.SE,218,4,
Polk County,US.MN.PL,218,4,
Jefferson County,US.IN.JF,218,3,
Coshocton County,US.OH.CS,217,9,
Lake County,US.MT.LA,217,1,
Butler County,US.IA.BE,217,2,
Starke County,US.IN.SR,217,8,
Clallam County,US.WA.CL,216,1,
Randolph County,US.IN.RA,216,7,
Benton County,US.IA.BN,216,1,
Crawford County,US.MO.CF,215,1,
Dade County,US.GA.DD,214,4,
Whitley County,US.KY.WH,214,2,
O'Brien County,US.IA.OB,214,8,
Wasco County,US.OR.WC,214,3,
Jackson County,US.KS.JA,213,1,
Conway County,US.AR.CN,213,3,
Itasca County,US.MN.IT,212,13,
Stone County,US.AR.ST,212,4,
Montgomery County,US.NY.MT,212,8,
Tioga County,US.NY.TI,211,21,
Macon County,US.GA.MC,211,10,
Taylor County,US.KY.TA,210,5,
Dallam County,US.TX.DL,210,8,
Ashe County,US.NC.AS,210,1,
Fulton County,US.IN.FU,210,2,
Runnels County,US.TX.RN,209,3,
Terry County,US.TX.TE,209,3,
Perry County,US.IN.PE,208,15,
Jackson County,US.WV.JA,208,20,
Gloucester County,US.VA.GL,207,2,
Lewis and Clark County,US.MT.LE,206,3,
Roosevelt County,US.NM.RO,206,3,
King George County,US.VA.KG,206,4,
Chemung County,US.NY.CM,206,2,
Cameron Parish,US.LA.CM,206,1,
Becker County,US.MN.BC,205,2,
Gillespie County,US.TX.GL,205,7,
Huron County,US.MI.HU,205,4,
San Jacinto County,US.TX.SJ,205,8,
Leon County,US.TX.LN,205,5,
Nottoway County,US.VA.NY,205,15,
Alleghany County,US.NC.AL,205,0,
McPherson County,US.KS.MP,204,1,
Montgomery County,US.KY.MM,203,1,
Somerset County,US.MD.SO,203,4,
Brewster County,US.TX.BS,203,2,
Bailey County,US.TX.BY,203,4,
Kewaunee County,US.WI.KW,202,2,
Cottonwood County,US.MN.CT,202,0,
Crawford County,US.OH.CF,202,5,
Campbell County,US.WY.CM,202,1,
Atchison County,US.KS.AT,202,1,
Carlton County,US.MN.CL,202,1,
Tazewell County,US.VA.TA,202,2,
Marshall County,US.KY.MH,202,2,
Pitkin County,US.CO.PI,201,2,
Fayette County,US.OH.FY,201,5,
Tipton County,US.IN.TT,201,24,
Benton County,US.MS.BE,200,1,
Shoshone County,US.ID.SH,200,16,
Lincoln County,US.GA.LC,200,7,
Grant County,US.AR.GN,199,1,
Greene County,US.VA.GE,199,3,
Clay County,US.AR.CY,198,5,
Kendall County,US.TX.KD,197,5,
Lee County,US.TX.LE,197,14,
Moniteau County,US.MO.ME,197,4,
Fayette County,US.IL.FA,196,3,
Green County,US.KY.GN,196,7,
Fulton County,US.OH.FU,196,1,
Labette County,US.KS.LB,195,1,
Russell County,US.KY.RU,195,6,
Powhatan County,US.VA.PH,194,4,
Highland County,US.OH.HI,194,3,
Jackson County,US.AR.JA,194,1,
Carroll County,US.KY.CL,194,5,
Russell County,US.VA.RU,193,4,
Pipestone County,US.MN.PS,193,9,
Gratiot County,US.MI.GT,193,15,
Kennebec County,US.ME.KE,193,11,
Tyler County,US.TX.TY,192,4,
Jasper County,US.GA.JS,192,4,
Poweshiek County,US.IA.PW,192,8,
San Augustine County,US.TX.SG,192,12,
Bond County,US.IL.BN,191,4,
Carbon County,US.WY.CB,191,2,
Wyandot County,US.OH.WD,191,11,
Long County,US.GA.LG,191,3,
Jo Daviess County,US.IL.JO,190,2,
Livingston County,US.NY.LI,188,6,
Oglala Lakota County,US.SD.SH,187,2,
Isanti County,US.MN.IS,187,0,
Dunn County,US.WI.DN,187,0,
Clayton County,US.IA.CT,187,3,
Tuolumne County,US.CA.TO,187,2,
Lafayette County,US.WI.LF,186,0,
Dimmit County,US.TX.DM,186,7,
Wayne County,US.PA.WN,185,10,
Allamakee County,US.IA.AL,185,5,
Wythe County,US.VA.WY,185,3,
Marion County,US.KY.MN,184,3,
Lewis County,US.KY.LI,183,12,
Inyo County,US.CA.IN,183,13,
City and Borough of Juneau,US.AK.JU,183,1,
Pike County,US.AR.PE,182,1,
Rowan County,US.KY.RW,182,0,
Franklin County,US.AR.FR,182,2,
Madison County,US.MO.MD,182,0,
Jones County,US.IA.JN,181,2,
Washington County,US.NC.WI,181,6,
Cayuga County,US.NY.CY,181,2,
Buchanan County,US.IA.BC,180,1,
Douglas County,US.OR.DO,180,3,
Jackson County,US.OH.JA,180,1,
Trinity County,US.TX.TR,180,6,
Washington County,US.NE.WS,180,1,
Huntington County,US.IN.HU,179,3,
Klickitat County,US.WA.KL,179,3,
Somerset County,US.PA.SO,179,3,
Franklin County,US.MS.FR,179,3,
Douglas County,US.MN.DU,179,1,
Waushara County,US.WI.WS,179,2,
Mountrail County,US.ND.MU,179,1,
Polk County,US.WI.PL,179,2,
Appomattox County,US.VA.AP,179,1,
Moultrie County,US.IL.MI,178,3,
Rush County,US.IN.RU,178,4,
Sullivan County,US.MO.SV,178,0,
Haskell County,US.OK.HS,178,4,
Perry County,US.PA.PE,178,5,
Marion County,US.GA.MR,178,6,
Ashland County,US.OH.AL,177,4,
Reeves County,US.TX.RE,177,5,
Bedford County,US.PA.BO,176,5,
Heard County,US.GA.HD,176,5,
Saline County,US.IL.SE,176,3,
Delta County,US.MI.DE,176,3,
Ouachita County,US.AR.OU,175,5,
Lawrence County,US.IL.LW,175,0,
Sanpete County,US.UT.SP,174,1,
Staunton city,US.VA.SU,174,0,
McLean County,US.ND.ML,174,1,
Snyder County,US.PA.SN,174,3,
Guthrie County,US.IA.GH,174,5,
Spencer County,US.KY.SP,173,0,
Lincoln County,US.NM.LI,173,2,
Humphreys County,US.TN.HU,173,3,
Falls County,US.TX.FL,173,3,
Seward County,US.NE.SA,172,2,
Park County,US.WY.PA,172,1,
Meigs County,US.TN.ME,171,2,
Spencer County,US.IN.SP,171,3,
McCormick County,US.SC.MC,171,5,
Pottawatomie County,US.KS.PT,171,0,
Pamlico County,US.NC.PM,171,2,
Mifflin County,US.PA.MI,170,1,
Sheridan County,US.WY.SH,170,1,
Delta County,US.CO.DT,168,2,
Twiggs County,US.GA.TG,168,7,
Josephine County,US.OR.JO,168,2,
Sequatchie County,US.TN.SQ,168,2,
Madison County,US.IA.MD,168,2,
Winnebago County,US.IA.WB,167,10,
Scott County,US.TN.SC,166,2,
Henry County,US.KY.HY,166,2,
Sawyer County,US.WI.SW,165,0,
Nevada County,US.AR.NV,165,12,
Albany County,US.WY.AL,164,0,
Nolan County,US.TX.NO,164,4,
Williams County,US.OH.WI,164,3,
Newton County,US.TX.NE,164,8,
Cedar County,US.IA.CD,163,1,
Taylor County,US.GA.TY,163,7,
Teller County,US.CO.TE,163,4,
Yoakum County,US.TX.YA,163,4,
Fremont County,US.CO.FR,162,0,
Mono County,US.CA.MO,162,2,
Crockett County,US.TX.CT,162,6,
Monroe County,US.KY.MO,162,3,
Choctaw County,US.MS.CW,161,4,
Lyon County,US.IA.LY,161,2,
Scott County,US.VA.SC,161,4,
Atoka County,US.OK.AT,161,1,
Hancock County,US.IA.HN,160,2,
Pine County,US.MN.PN,160,0,
Dodge County,US.MN.DD,160,0,
Morris County,US.TX.MR,159,3,
Lampasas County,US.TX.LP,158,7,
Harrison County,US.KY.HS,158,0,
Benton County,US.MO.BN,158,1,
New Kent County,US.VA.NK,157,1,
Todd County,US.KY.TO,157,5,
Williamsburg City,US.VA.WL,156,6,
Owen County,US.IN.OW,155,2,
Jasper County,US.IL.JS,155,7,
Talbot County,US.GA.TB,155,5,
Hancock County,US.IL.HC,155,2,
Wheeler County,US.GA.WL,154,8,
Craig County,US.OK.CG,154,1,
Jefferson County,US.NY.JE,154,1,
Cumberland County,US.IL.CU,154,4,
Crawford County,US.GA.CW,154,3,
Sharp County,US.AR.SH,153,5,
Floyd County,US.VA.FO,153,2,
Humboldt County,US.IA.HU,153,2,
Harrison County,US.IA.HR,152,2,
Gallia County,US.OH.GA,152,4,
Greene County,US.IL.GE,152,1,
Clinton County,US.NY.CL,152,5,
Grundy County,US.TN.GU,152,3,
Juniata County,US.PA.JU,151,6,
Otsego County,US.MI.OS,151,11,
Floyd County,US.KY.FO,151,2,
Boone County,US.WV.BN,151,0,
Red River County,US.TX.RV,151,14,
Tensas Parish,US.LA.TN,151,1,
Fayette County,US.IA.FT,150,1,
Hutchinson County,US.TX.UT,150,3,
Clinton County,US.PA.CN,150,5,
Newton County,US.IN.NE,150,11,
Avery County,US.NC.AV,150,0,
Chippewa County,US.MN.CP,149,1,
Iosco County,US.MI.IC,149,12,
Davison County,US.SD.DV,148,2,
Walsh County,US.ND.WL,148,1,
Baxter County,US.AR.BA,147,1,
Cherokee County,US.IA.CE,147,2,
Gogebic County,US.MI.GO,146,1,
Lewis County,US.TN.LE,146,1,
Carroll County,US.IL.CL,146,4,
Mineral County,US.WV.ML,146,4,
Meigs County,US.OH.MS,146,4,
Clinton County,US.MO.CO,146,0,
Marion County,US.TX.MN,146,12,
Pulaski County,US.VA.PU,145,3,
Greene County,US.PA.GR,145,1,
Essex County,US.NY.ES,145,7,
Pike County,US.MO.PI,145,2,
Richland County,US.ND.RI,144,1,
Montague County,US.TX.MU,144,3,
Hocking County,US.OH.HC,144,9,
Murray County,US.MN.MU,144,2,
Jay County,US.IN.JY,144,0,
Perquimans County,US.NC.PQ,144,2,
Sibley County,US.MN.SI,144,3,
Lincoln County,US.KY.LN,144,10,
Siskiyou County,US.CA.SK,143,0,
Grant County,US.WV.GA,143,6,
Door County,US.WI.DO,143,3,
Bollinger County,US.MO.BI,142,1,
Union County,US.KY.UN,142,1,
Andrew County,US.MO.AN,142,1,
Howard County,US.IA.HO,142,3,
Grant County,US.KS.GT,141,3,
Millard County,US.UT.MD,141,0,
Coosa County,US.AL.CS,141,3,
Hart County,US.KY.HT,141,1,
Montour County,US.PA.MO,141,5,
Glacier County,US.MT.GC,140,1,
Essex County,US.VA.ES,140,2,
Preston County,US.WV.PR,140,4,
Cleveland County,US.AR.CV,140,6,
Grant County,US.KY.GT,139,6,
White County,US.IL.WE,139,0,
Morgan County,US.MO.MG,138,0,
Hughes County,US.SD.HG,138,4,
Mills County,US.IA.ML,138,1,
Guernsey County,US.OH.GU,138,7,
Ramsey County,US.ND.RM,138,2,
Van Buren County,US.AR.VA,138,2,
Sumner County,US.KS.SU,138,3,
Gage County,US.NE.GG,138,4,
Jones County,US.NC.JN,138,7,
Brown County,US.MN.BR,136,2,
Newton County,US.AR.NW,136,15,
Pulaski County,US.IL.PL,136,1,
Pocahontas County,US.IA.PC,135,2,
Randolph County,US.MO.RN,135,1,
Grundy County,US.IA.GN,135,1,
Adams County,US.WI.AD,134,3,
Swain County,US.NC.SW,134,3,
Routt County,US.CO.RT,134,8,
Rockcastle County,US.KY.RC,134,1,
Power County,US.ID.PO,134,0,
Marshall County,US.WV.MH,133,1,
Marshall County,US.OK.MH,133,1,
Cheshire County,US.NH.CH,133,3,
Alpena County,US.MI.AP,132,14,
Dallas County,US.AR.DA,132,2,
Columbia County,US.OR.CL,132,1,
Meade County,US.KY.MA,132,3,
Blanco County,US.TX.BC,132,5,
Pushmataha County,US.OK.PU,131,1,
Garrard County,US.KY.GR,131,2,
Calhoun County,US.IA.CO,131,2,
Howard County,US.MO.HR,131,0,
Mercer County,US.KY.MC,131,1,
Custer County,US.SD.CU,131,0,
McKenzie County,US.ND.MK,130,2,
Iron County,US.WI.IR,130,1,
Beckham County,US.OK.BC,129,1,
Wabasha County,US.MN.WB,129,0,
Jefferson County,US.KS.JF,129,0,
Teton County,US.ID.TE,129,0,
Emmet County,US.MI.EM,129,3,
Clay County,US.TN.CY,129,2,
Sanilac County,US.MI.SL,128,7,
Bourbon County,US.KY.BU,128,1,
Jack County,US.TX.JK,128,1,
Johnson County,US.KY.JO,128,1,
Stevens County,US.WA.ST,128,2,
Ray County,US.MO.RY,128,0,
Rolette County,US.ND.RO,128,2,
Carroll County,US.OH.CO,128,6,
Elbert County,US.CO.EB,128,2,
Washington County,US.KY.WS,127,1,
Monroe County,US.WV.ME,127,5,
Carter County,US.KY.CR,127,3,
Belknap County,US.NH.BE,126,4,
Washington County,US.IL.WG,126,1,
Wyoming County,US.NY.WM,126,5,
Hancock County,US.WV.HN,126,0,
Montezuma County,US.CO.MZ,126,5,
Martin County,US.IN.MN,125,0,
Otoe County,US.NE.OT,125,1,
Mitchell County,US.IA.ME,125,0,
Barnes County,US.ND.BA,125,0,
Sioux County,US.ND.SI,125,2,
Rutland County,US.VT.RU,125,1,
Morrison County,US.MN.MR,125,1,
Wayne County,US.IL.WY,125,2,
Vilas County,US.WI.VI,124,0,
Del Norte County,US.CA.DE,124,1,
Fulton County,US.KY.FU,124,2,
Fairfax city,US.VA.FC,124,7,
Lincoln County,US.WV.LI,124,2,
Windham County,US.VT.WH,123,3,
Sac County,US.IA.SA,123,0,
Somervell County,US.TX.SV,123,4,
Kossuth County,US.IA.KO,123,0,
Warren County,US.GA.WR,123,5,
Coos County,US.OR.CO,123,0,
Franklin County,US.VT.FR,123,7,
Iowa County,US.WI.IO,123,0,
Ste. Genevieve County,US.MO.SG,122,1,
Charles Mix County,US.SD.CH,122,0,
Mason County,US.MI.MN,122,0,
Iowa County,US.IA.IO,122,1,
Lake County,US.SD.LK,122,6,
Johnson County,US.IL.JH,122,0,
Bristol city,US.VA.BI,121,2,
Delaware County,US.NY.DE,121,4,
Benewah County,US.ID.BA,121,2,
Anderson County,US.KY.AN,121,1,
Henry County,US.MO.HE,121,3,
Goliad County,US.TX.GI,121,6,
Texas County,US.MO.TE,121,1,
York County,US.NE.YO,120,0,
Eastland County,US.TX.EA,120,3,
McCulloch County,US.TX.MC,120,1,
Wabash County,US.IL.WB,120,1,
Clark County,US.IL.CK,120,2,
Silver Bow County,US.MT.SI,120,0,
Mason County,US.WV.MN,120,1,
Prairie County,US.AR.PR,120,1,
Jefferson County,US.IA.JE,120,0,
Meeker County,US.MN.ME,119,2,
Monroe County,US.IA.MR,119,8,
Page County,US.IA.PG,119,0,
Fremont County,US.ID.FE,119,2,
Palo Alto County,US.IA.PO,119,0,
Montgomery County,US.AR.MT,118,4,
Edmonson County,US.KY.ED,118,12,
Taos County,US.NM.TA,118,3,
Dallas County,US.MO.DL,118,1,
Perry County,US.TN.PE,117,0,
Franklin County,US.TX.FK,117,6,
Douglas County,US.MO.DO,117,2,
King William County,US.VA.KW,117,2,
Taylor County,US.WI.TA,117,3,
Love County,US.OK.LV,117,1,
Webster County,US.KY.WE,117,2,
Faribault County,US.MN.FA,117,0,
Harper County,US.KS.HP,117,1,
Cass County,US.IA.CS,116,2,
Lincoln County,US.WY.LI,116,1,
Ralls County,US.MO.RL,116,0,
Kearney County,US.NE.KA,115,0,
Chickasaw County,US.IA.CC,115,0,
Moore County,US.TN.MO,115,1,
Noble County,US.OK.NB,115,2,
Carroll County,US.MO.CL,115,0,
Vernon County,US.WI.VE,115,0,
Grafton County,US.NH.GR,115,1,
Mercer County,US.IL.ME,114,5,
Taylor County,US.IA.TY,114,1,
Latimer County,US.OK.LA,114,2,
Wilbarger County,US.TX.WG,114,2,
Clay County,US.GA.CY,114,2,
Phillips County,US.MT.PH,114,0,
Houston County,US.TN.HO,113,0,
Crawford County,US.WI.CR,113,0,
Ravalli County,US.MT.RA,113,2,
Searcy County,US.AR.SA,113,0,
Currituck County,US.NC.CI,113,0,
Churchill County,US.NV.CH,113,1,
Crawford County,US.MI.CF,113,5,
Wexford County,US.MI.WE,112,4,
McCreary County,US.KY.MR,112,0,
Rock County,US.MN.RC,112,0,
Pike County,US.OH.PK,112,0,
Stephens County,US.TX.SE,112,4,
Saguache County,US.CO.SG,111,2,
Humboldt County,US.NV.HU,111,4,
Crawford County,US.IL.CW,111,1,
Ward County,US.TX.WD,111,1,
Barton County,US.MO.BT,111,0,
Pike County,US.IN.PI,110,1,
Buffalo County,US.SD.BF,110,3,
Ochiltree County,US.TX.OC,110,4,
Washakie County,US.WY.WA,110,6,
Houghton County,US.MI.HO,110,2,
Izard County,US.AR.IZ,109,0,
Bandera County,US.TX.BA,109,6,
Okfuskee County,US.OK.OF,109,3,
Taylor County,US.WV.TA,108,6,
Clay County,US.IL.CY,108,0,
Monona County,US.IA.MO,108,1,
Tyrrell County,US.NC.TY,108,2,
Johnston County,US.OK.JO,107,2,
Nowata County,US.OK.NW,107,1,
Mason County,US.KY.MS,107,2,
Hamilton County,US.NE.HM,107,12,
Mille Lacs County,US.MN.MI,107,3,
Juab County,US.UT.JU,107,1,
Carroll County,US.NH.CA,107,1,
Greenbrier County,US.WV.GE,106,3,
Woodward County,US.OK.WW,106,0,
Van Buren County,US.IA.VA,106,1,
Yellow Medicine County,US.MN.YE,105,1,
Bennington County,US.VT.BE,105,1,
Pulaski County,US.IN.PL,105,1,
Bourbon County,US.KS.BB,105,2,
Real County,US.TX.RL,105,5,
Monroe County,US.OH.ME,105,18,
Cass County,US.MN.CS,105,3,
Hamilton County,US.TX.HM,105,3,
Vermillion County,US.IN.VE,105,0,
Uintah County,US.UT.UN,104,1,
Hartley County,US.TX.HL,104,0,
Llano County,US.TX.LL,104,1,
Roberts County,US.SD.RO,104,1,
Clare County,US.MI.CE,104,4,
Lyman County,US.SD.LY,104,3,
Van Buren County,US.TN.VA,104,0,
Hyde County,US.NC.HE,104,0,
Hansford County,US.TX.HF,104,3,
Stewart County,US.TN.SA,103,0,
Cortland County,US.NY.CD,102,1,
Seneca County,US.NY.SC,102,1,
Garza County,US.TX.GR,102,3,
Breckinridge County,US.KY.BC,102,2,
Gentry County,US.MO.GT,101,9,
Trigg County,US.KY.TG,101,0,
Green Lake County,US.WI.GL,101,0,
Amelia County,US.VA.AI,101,3,
Fountain County,US.IN.FO,101,2,
Gasconade County,US.MO.GA,100,3,
Cumberland County,US.VA.CU,100,0,
Ripley County,US.MO.RI,100,0,
Camden County,US.NC.CD,100,3,
Clarion County,US.PA.CL,100,3,
Wayne County,US.KY.WY,100,0,
Marquette County,US.WI.MQ,100,1,
Bradford County,US.PA.BF,100,3,
Neosho County,US.KS.NO,100,0,
Yancey County,US.NC.YN,99,0,
Buchanan County,US.VA.BH,99,2,
Osceola County,US.IA.OS,99,0,
Fulton County,US.IL.FU,99,0,
Floyd County,US.TX.FY,99,9,
Jefferson County,US.PA.JE,99,1,
Issaquena County,US.MS.IS,98,3,
Jackson County,US.MN.JA,98,1,
Lunenburg County,US.VA.LN,98,2,
Gray County,US.KS.GY,98,0,
Brooke County,US.WV.BO,98,1,
Mecosta County,US.MI.MT,98,2,
Winkler County,US.TX.WI,98,1,
Hidalgo County,US.NM.HI,98,2,
Pennington County,US.MN.PI,98,1,
Northumberland County,US.VA.NU,97,5,
Nemaha County,US.NE.NE,97,0,
Lucas County,US.IA.LU,97,5,
Clatsop County,US.OR.CT,97,0,
Hancock County,US.TN.HC,97,2,
Monroe County,US.AR.ME,97,0,
Butler County,US.NE.BE,96,0,
Duchesne County,US.UT.DU,96,0,
Wright County,US.MO.WG,96,0,
Schley County,US.GA.SY,96,2,
Hill County,US.MT.HI,96,2,
Wayne County,US.MO.WY,95,0,
Leelanau County,US.MI.LE,95,1,
Adams County,US.OH.AD,95,4,
Mason County,US.IL.MS,95,1,
Madison County,US.MT.MA,95,1,
Vernon County,US.MO.VE,95,0,
Cuming County,US.NE.CM,95,0,
Swisher County,US.TX.SW,95,3,
Van Wert County,US.OH.VA,94,2,
Gates County,US.NC.GT,94,3,
Rio Grande County,US.CO.RG,94,2,
Forest County,US.WI.FR,94,4,
San Miguel County,US.CO.SM,94,0,
Union County,US.IA.UN,94,3,
Knott County,US.KY.KT,93,1,
Edgar County,US.IL.EG,93,2,
Mitchell County,US.NC.MI,93,3,
Sevier County,US.UT.SE,93,1,
Hampshire County,US.WV.HM,92,1,
Gallatin County,US.KY.GL,92,8,
Piatt County,US.IL.PA,92,0,
Dewey County,US.SD.DW,92,0,
Larue County,US.KY.LR,92,1,
Madison County,US.VA.MD,92,2,
Dawes County,US.NE.DS,91,0,
Carbon County,US.MT.CB,91,0,
Greer County,US.OK.GE,91,8,
Renville County,US.MN.RN,91,6,
Murray County,US.OK.MR,91,1,
Lincoln County,US.MT.LN,91,2,
Brown County,US.IN.BR,91,2,
Presidio County,US.TX.PS,91,5,
Cumberland County,US.KY.CU,90,0,
Koochiching County,US.MN.KO,90,3,
Allegany County,US.NY.AL,90,2,
Appanoose County,US.IA.AP,90,3,
Clay County,US.NC.CY,90,1,
Scott County,US.AR.SC,89,0,
Osage County,US.MO.OS,88,1,
Prowers County,US.CO.PR,88,0,
Fillmore County,US.MN.FI,88,0,
Turner County,US.SD.TU,88,0,
Union County,US.IN.UN,88,0,
Coffey County,US.KS.CF,88,8,
Caldwell County,US.KY.CD,87,0,
Davis County,US.IA.DV,87,3,
Parke County,US.IN.PA,87,2,
Scott County,US.KS.SC,87,1,
Lincoln County,US.WI.LI,87,1,
Nelson County,US.VA.NL,87,0,
San Miguel County,US.NM.SM,86,0,
Reagan County,US.TX.RG,86,6,
Todd County,US.SD.TO,86,5,
Metcalfe County,US.KY.MT,86,2,
Blaine County,US.OK.BL,85,1,
Blackford County,US.IN.BL,85,2,
Owen County,US.KY.OE,85,1,
Valley County,US.ID.VA,85,1,
Surry County,US.VA.SR,85,3,
Grant County,US.NM.GR,84,2,
Langlade County,US.WI.LN,84,2,
Benton County,US.IN.BE,84,0,
Rockbridge County,US.VA.RB,84,1,
Buffalo County,US.WI.BF,84,2,
Carbon County,US.UT.CR,84,0,
Paulding County,US.OH.PA,84,0,
Houston County,US.MN.HO,83,0,
Lynn County,US.TX.LY,83,4,
Cheboygan County,US.MI.CY,83,2,
Worth County,US.IA.WT,82,0,
Marion County,US.KS.MN,82,1,
Clarke County,US.VA.CK,82,0,
Otero County,US.CO.OT,82,6,
Montgomery County,US.IA.MG,82,5,
Macon County,US.MO.MN,82,0,
Addison County,US.VT.AD,82,2,
Crosby County,US.TX.CB,81,1,
Gladwin County,US.MI.GL,81,2,
Harrison County,US.MO.HS,81,1,
Lake County,US.CO.LK,81,0,
Powell County,US.KY.PO,81,0,
Osceola County,US.MI.OE,80,0,
Windsor County,US.VT.WS,80,2,
Fulton County,US.AR.FU,80,1,
Morgan County,US.UT.MN,80,0,
Brown County,US.KS.BR,80,1,
Jim Hogg County,US.TX.JG,79,2,
Knox County,US.NE.KN,78,0,
Pike County,US.IL.PK,78,0,
Socorro County,US.NM.SO,78,6,
Charlotte County,US.VA.CT,78,0,
Crittenden County,US.KY.CT,78,1,
Phelps County,US.NE.PH,78,0,
Letcher County,US.KY.LT,77,2,
Baker County,US.OR.BA,77,2,
Sutton County,US.TX.ST,77,2,
Menard County,US.IL.MN,77,0,
Kearny County,US.KS.KE,77,1,
Ford County,US.IL.FO,77,3,
Jackson County,US.WI.JA,77,1,
Buena Vista city,US.VA.BE,76,1,
Lancaster County,US.VA.LA,76,0,
Roseau County,US.MN.RS,76,0,
Roscommon County,US.MI.RO,76,4,
Bates County,US.MO.BS,76,1,
Kit Carson County,US.CO.KT,76,3,
Custer County,US.NE.CU,76,4,
Richland County,US.IL.RI,76,4,
Mitchell County,US.TX.MH,75,1,
Dickinson County,US.KS.DK,75,1,
Chase County,US.KS.CS,75,1,
Mason County,US.TX.MA,75,1,
Sabine County,US.TX.SB,75,8,
Traill County,US.ND.TR,75,0,
Hardy County,US.WV.HD,75,0,
DeKalb County,US.MO.DE,75,1,
Valdez-Cordova Census Area,US.AK.VA,75,0,
Merrick County,US.NE.ME,74,1,
Charlevoix County,US.MI.CV,74,3,
Martin County,US.TX.MT,74,5,
Lafayette County,US.AR.LF,74,2,
Ohio County,US.IN.OH,74,7,
Mariposa County,US.CA.MP,74,2,
Grundy County,US.MO.GU,74,1,
Monroe County,US.MO.MR,74,0,
Meade County,US.KS.ME,74,0,
Callahan County,US.TX.AL,73,3,
McDowell County,US.WV.MC,73,0,
Fleming County,US.KY.FE,73,0,
Redwood County,US.MN.RW,73,0,
Pickett County,US.TN.PI,73,1,
Crowley County,US.CO.CR,73,1,
Lincoln County,US.ID.LI,73,0,
Dukes County,US.MA.DU,72,0,
Crawford County,US.IN.CW,72,1,
Doniphan County,US.KS.DP,72,0,
Venango County,US.PA.VE,72,1,
Beaverhead County,US.MT.BE,71,1,
Washburn County,US.WI.WR,71,0,
Schoharie County,US.NY.SO,71,2,
Lincoln County,US.MN.LI,71,0,
Crane County,US.TX.CR,71,2,
Madison County,US.NC.MD,71,1,
Kanabec County,US.MN.KA,71,6,
Baker County,US.GA.BR,71,3,
Oxford County,US.ME.OX,71,0,
Yukon-Koyukuk Census Area,US.AK.YU,71,1,
Osage County,US.KS.OS,71,0,
Clinton County,US.KY.CO,71,2,
Brule County,US.SD.BU,70,0,
Wyoming County,US.WV.WY,70,3,
Waldo County,US.ME.WL,70,14,
Clay County,US.TX.CY,70,1,
Keokuk County,US.IA.KE,70,1,
Lemhi County,US.ID.LM,70,0,
Swift County,US.MN.SW,70,1,
Massac County,US.IL.MA,70,1,
Wyoming County,US.PA.WM,70,8,
Jefferson County,US.WA.JE,70,0,
Tillman County,US.OK.TI,70,1,
Burt County,US.NE.BT,69,0,
Magoffin County,US.KY.MF,69,0,
Holt County,US.MO.HL,69,0,
Hickman County,US.KY.HA,69,0,
Graham County,US.NC.GH,69,0,
Poquoson city,US.VA.PQ,69,0,
Alleghany County,US.VA.AL,69,4,
Northwest Arctic Borough,US.AK.NW,69,0,
Charles City County,US.VA.CC,69,5,
Dickenson County,US.VA.DC,69,1,
Kalkaska County,US.MI.KK,68,4,
Bath County,US.KY.BH,68,1,
Dixon County,US.NE.DI,67,2,
Custer County,US.MT.CU,67,2,
Pope County,US.MN.PE,67,0,
Knox County,US.TX.KX,67,8,
Dickinson County,US.MI.DI,67,2,
Corson County,US.SD.CO,67,0,
Morrill County,US.NE.MO,67,0,
Falls Church city,US.VA.FU,66,7,
Hickory County,US.MO.HC,66,1,
Kane County,US.UT.KA,66,1,
Park County,US.MT.PA,66,0,
Switzerland County,US.IN.SW,66,0,
Grand County,US.CO.GR,66,1,
Pierce County,US.NE.PI,66,4,
Pendleton County,US.KY.PN,65,0,
Gallatin County,US.IL.GA,65,2,
Lander County,US.NV.LA,65,1,
Yuma County,US.CO.YU,65,0,
Hamlin County,US.SD.HM,65,0,
Chippewa County,US.MI.CP,64,0,
Stevens County,US.MN.SV,64,1,
Howard County,US.NE.HW,64,5,
Hancock County,US.KY.HC,64,0,
Stevens County,US.KS.SV,64,0,
Elk County,US.PA.EL,64,2,
Goshen County,US.WY.GO,64,1,
Hemphill County,US.TX.HH,64,0,
Quay County,US.NM.QU,64,2,
Pacific County,US.WA.PA,64,3,
Garrett County,US.MD.GA,64,0,
Torrance County,US.NM.TO,63,1,
Washington County,US.VT.WA,63,2,
Clay County,US.NE.CL,63,0,
Boise County,US.ID.BS,63,1,
Haskell County,US.KS.HS,62,0,
Perry County,US.AR.PY,62,0,
Coal County,US.OK.CL,62,0,
McLean County,US.KY.ML,62,1,
Yates County,US.NY.YA,62,6,
Wabaunsee County,US.KS.WB,61,0,
Carlisle County,US.KY.CE,61,1,
Cloud County,US.KS.CD,61,1,
Manistee County,US.MI.ME,61,1,
Somerset County,US.ME.SO,61,3,
Fremont County,US.IA.FO,61,0,
Lewis County,US.MO.LE,61,2,
Skamania County,US.WA.SM,61,1,
Arenac County,US.MI.AR,61,3,
Sagadahoc County,US.ME.SA,61,0,
Middlesex County,US.VA.MI,61,1,
Greene County,US.IA.GE,60,0,
Richland County,US.MT.RI,60,2,
Fall River County,US.SD.FL,60,1,
Childress County,US.TX.CD,60,0,
Fisher County,US.TX.FH,60,1,
Antrim County,US.MI.AN,60,0,
Rains County,US.TX.RI,60,3,
Bland County,US.VA.BL,59,1,
Bethel Census Area,US.AK.BE,59,1,
Cedar County,US.MO.CD,59,0,
Estill County,US.KY.ES,59,0,
Oregon County,US.MO.OR,59,0,
Franklin County,US.ID.FA,59,0,
Linn County,US.KS.LN,59,0,
Deer Lodge County,US.MT.DE,59,0,
Franklin County,US.NY.FR,59,1,
Greenlee County,US.AZ.GE,58,2,
Concho County,US.TX.ON,58,1,
Archer County,US.TX.AC,58,1,
Wayne County,US.IA.WY,58,2,
Ogemaw County,US.MI.OG,58,5,
Martin County,US.KY.MI,58,2,
Asotin County,US.WA.AS,57,2,
Phillips County,US.KS.PL,57,8,
Major County,US.OK.MJ,57,1,
Breathitt County,US.KY.BT,57,0,
Crook County,US.OR.CR,57,1,
Kauai County,US.HI.KU,57,0,
Nemaha County,US.KS.NM,57,1,
Wayne County,US.NE.WY,57,0,
Spink County,US.SD.SP,57,0,
Rappahannock County,US.VA.RP,56,2,
Richland County,US.WI.RI,56,4,
Grant County,US.MN.GR,56,4,
Shannon County,US.MO.SN,56,1,
Coleman County,US.TX.CM,56,3,
Grand County,US.UT.GR,56,1,
Nicholas County,US.WV.NI,56,3,
Haskell County,US.TX.HK,56,2,
Montgomery County,US.MO.MM,56,1,
Benzie County,US.MI.BE,56,2,
Donley County,US.TX.DO,55,1,
Pend Oreille County,US.WA.PE,55,0,
Aitkin County,US.MN.AI,55,1,
Toole County,US.MT.TO,55,6,
Sherman County,US.TX.SN,55,0,
Bon Homme County,US.SD.BH,54,1,
McCook County,US.SD.MC,54,1,
Giles County,US.VA.GI,54,0,
Washington County,US.CO.WA,54,0,
Livingston County,US.KY.LV,54,1,
Thomas County,US.KS.TH,53,0,
Ziebach County,US.SD.ZI,53,0,
Deuel County,US.SD.DU,53,0,
Franklin County,US.ME.FR,53,1,
Marshall County,US.IL.MH,53,0,
King and Queen County,US.VA.KA,53,1,
De Witt County,US.IL.DW,52,1,
Dunn County,US.ND.DU,52,0,
Cedar County,US.NE.CA,52,0,
Roosevelt County,US.MT.RO,51,1,
Henderson County,US.IL.HD,51,0,
Hutchinson County,US.SD.HT,51,1,
Wilkin County,US.MN.WL,51,3,
Schleicher County,US.TX.SH,51,2,
Valley County,US.MT.VA,51,0,
Marion County,US.AR.MN,51,0,
Butte County,US.SD.BT,51,1,
Big Horn County,US.WY.BI,50,1,
Bayfield County,US.WI.BY,50,1,
Hancock County,US.ME.HA,50,1,
Morgan County,US.KY.MG,50,0,
Trimble County,US.KY.TM,49,0,
Lewis County,US.NY.LE,49,5,
Linn County,US.MO.LN,49,1,
Wadena County,US.MN.WD,49,0,
Missaukee County,US.MI.MU,49,1,
Pratt County,US.KS.PR,49,0,
Walworth County,US.SD.WA,49,0,
Dawson County,US.MT.DW,49,0,
Scott County,US.IL.SO,49,0,
Shelby County,US.MO.SB,49,0,
Adair County,US.IA.AI,49,1,
Coke County,US.TX.OK,49,3,
Kiowa County,US.OK.KO,48,1,
Keith County,US.NE.KT,48,0,
Sublette County,US.WY.SU,48,1,
Sullivan County,US.NH.SU,48,1,
Norman County,US.MN.NR,48,0,
Moody County,US.SD.MO,48,0,
Archuleta County,US.CO.AC,48,0,
Maries County,US.MO.MS,48,0,
Tioga County,US.PA.TI,48,3,
Pepin County,US.WI.PE,48,0,
Clark County,US.MO.CK,48,0,
Decatur County,US.IA.DC,48,0,
Clark County,US.KS.CA,47,1,
Ottawa County,US.KS.OT,47,0,
Grant County,US.SD.GA,47,0,
Ida County,US.IA.ID,47,0,
Hamilton County,US.IL.HM,47,0,
Alexander County,US.IL.AL,47,1,
Caldwell County,US.MO.CW,47,1,
Ketchikan Gateway Borough,US.AK.KG,47,0,
Garfield County,US.UT.GA,46,2,
Hubbard County,US.MN.HU,46,0,
Eddy County,US.ND.ED,46,0,
Lawrence County,US.KY.LC,46,0,
Dent County,US.MO.DN,46,0,
Kingman County,US.KS.KM,45,0,
Mercer County,US.ND.ME,45,0,
Plumas County,US.CA.PU,45,0,
Wetzel County,US.WV.WT,45,0,
Dickens County,US.TX.DC,45,1,
Morgan County,US.OH.MA,45,0,
Nantucket County,US.MA.NA,45,1,
Converse County,US.WY.CE,45,0,
Edwards County,US.IL.EW,45,0,
Ballard County,US.KY.BA,45,1,
Boundary County,US.ID.BD,45,1,
Upshur County,US.WV.UP,45,0,
Park County,US.CO.PA,45,1,
Pendleton County,US.WV.PE,45,1,
Burnett County,US.WI.BN,45,2,
Lamoille County,US.VT.LA,45,1,
Marshall County,US.MN.MS,44,1,
Hamilton County,US.KS.HM,44,0,
Nome Census Area,US.AK.NM,44,0,
Stanton County,US.KS.ST,44,2,
Beaver County,US.OK.BA,44,0,
Rice County,US.KS.RC,44,1,
Idaho County,US.ID.ID,44,0,
McIntosh County,US.ND.MI,44,3,
Jerauld County,US.SD.JE,44,1,
McHenry County,US.ND.MH,44,1,
Washita County,US.OK.WT,44,0,
Anderson County,US.KS.AN,44,0,
Ransom County,US.ND.RN,44,0,
Day County,US.SD.DY,43,0,
Lyon County,US.KY.LY,43,4,
Custer County,US.ID.CU,43,0,
Lexington city,US.VA.LX,43,1,
North Slope Borough,US.AK.NH,43,0,
Pocahontas County,US.WV.PO,43,0,
Iron County,US.MO.IR,43,0,
Cotton County,US.OK.CT,42,2,
Mackinac County,US.MI.MK,42,0,
Wheeler County,US.TX.WL,42,0,
Aurora County,US.SD.AU,42,0,
Leslie County,US.KY.LS,42,0,
Ozark County,US.MO.OZ,41,0,
Foster County,US.ND.FO,41,0,
Caribou County,US.ID.CR,41,0,
McKean County,US.PA.MC,41,2,
Jefferson County,US.MT.JE,41,0,
Morgan County,US.WV.MA,40,0,
Tillamook County,US.OR.TI,40,0,
Cochran County,US.TX.CC,40,1,
Sanders County,US.MT.SA,40,0,
San Saba County,US.TX.SS,40,0,
Knox County,US.MO.KN,40,0,
Harmon County,US.OK.HM,40,0,
Stillwater County,US.MT.ST,40,2,
Webster County,US.GA.WT,40,2,
Pembina County,US.ND.PE,39,0,
Warren County,US.IN.WN,39,1,
Carter County,US.MO.CR,39,1,
Vinton County,US.OH.VI,39,2,
Audubon County,US.IA.AU,39,1,
Hudspeth County,US.TX.HU,39,2,
Aroostook County,US.ME.AR,38,1,
Big Stone County,US.MN.BI,38,0,
Sierra County,US.NM.SI,38,1,
Sitka City and Borough,US.AK.SI,38,0,
Republic County,US.KS.RP,38,0,
Griggs County,US.ND.GI,38,1,
Kidder County,US.ND.KI,37,0,
Golden Valley County,US.ND.GO,37,0,
Richardson County,US.NE.RI,37,1,
Bracken County,US.KY.BK,37,0,
Alcona County,US.MI.AC,37,2,
Lake County,US.MN.LE,37,0,
Culberson County,US.TX.UL,37,2,
Ashland County,US.WI.AS,37,1,
Daviess County,US.MO.DV,37,0,
Stark County,US.IL.SA,37,1,
Clear Creek County,US.CO.CL,36,1,
Clay County,US.KS.CY,36,2,
Warren County,US.PA.WR,36,1,
Lewis County,US.WV.LE,36,2,
Mahnomen County,US.MN.MH,36,1,
Faulk County,US.SD.FU,36,1,
Stafford County,US.KS.SF,36,1,
Owsley County,US.KY.OS,36,1,
Iron County,US.MI.IR,36,1,
Lincoln County,US.ME.LI,36,1,
Price County,US.WI.PC,36,0,
Ontonagon County,US.MI.ON,36,0,
Fulton County,US.PA.FU,36,2,
Menifee County,US.KY.ME,35,0,
Glascock County,US.GA.GS,35,2,
Gregory County,US.SD.GE,35,1,
Chariton County,US.MO.CI,35,0,
Mills County,US.TX.MS,35,0,
Fergus County,US.MT.FE,35,0,
Moffat County,US.CO.MF,35,1,
Jefferson County,US.OK.JE,35,0,
Ness County,US.KS.NS,35,1,
Edmunds County,US.SD.ED,34,0,
Edwards County,US.TX.ED,34,1,
Fillmore County,US.NE.FI,34,1,
Roane County,US.WV.RO,34,1,
Barbour County,US.WV.BB,34,1,
Cavalier County,US.ND.CV,34,0,
Stanton County,US.NE.ST,34,0,
Greenwood County,US.KS.GW,34,0,
Polk County,US.NE.PO,34,1,
Atchison County,US.MO.AT,34,0,
Knox County,US.ME.KN,33,1,
Beaver County,US.UT.BV,33,0,
Mitchell County,US.KS.MC,33,0,
Rooks County,US.KS.RO,33,0,
Caledonia County,US.VT.CA,33,0,
Guadalupe County,US.NM.GU,32,1,
Red Lake County,US.MN.RD,32,0,
Dade County,US.MO.DD,32,0,
Lincoln County,US.WA.LI,32,1,
Florence County,US.WI.FL,32,0,
Douglas County,US.SD.DO,32,0,
Nelson County,US.ND.NE,32,0,
Calhoun County,US.IL.CH,32,0,
Costilla County,US.CO.CS,32,1,
Lake County,US.OR.LK,31,0,
Union County,US.NM.UN,31,2,
Bear Lake County,US.ID.BK,31,0,
Box Butte County,US.NE.BX,31,0,
Harrison County,US.OH.HR,31,1,
Quitman County,US.GA.QU,31,1,
Elliott County,US.KY.EL,31,0,
Allen County,US.KS.AL,31,0,
Ringgold County,US.IA.RI,31,1,
Conejos County,US.CO.CN,31,0,
Russell County,US.KS.RS,30,0,
Schuyler County,US.IL.SU,30,0,
Hot Springs County,US.WY.HO,30,0,
Edwards County,US.KS.ED,30,0,
Perkins County,US.NE.PE,30,7,
Rush County,US.KS.RH,30,0,
Hettinger County,US.ND.HE,30,0,
Boone County,US.NE.BO,30,0,
Bennett County,US.SD.BN,30,0,
Sheridan County,US.NE.SD,30,0,
Sweet Grass County,US.MT.SW,30,1,
Wilson County,US.KS.WL,30,0,
Cherry County,US.NE.CH,30,1,
Oscoda County,US.MI.OO,29,1,
Lake County,US.MI.LK,29,0,
Menominee County,US.WI.MN,29,0,
Bottineau County,US.ND.BT,29,0,
Cheyenne County,US.NE.CY,29,0,
White Pine County,US.NV.WH,29,1,
San Juan County,US.WA.SA,29,0,
Johnson County,US.NE.JO,28,0,
Furnas County,US.NE.FU,28,1,
Putnam County,US.MO.PN,28,1,
Dickey County,US.ND.DC,28,0,
Pierce County,US.ND.PI,28,0,
St. Clair County,US.MO.SC,28,0,
Antelope County,US.NE.AN,28,1,
Wells County,US.ND.WE,28,0,
Wolfe County,US.KY.WL,28,0,
Woodruff County,US.AR.WO,28,0,
Grant County,US.OK.GN,27,0,
Thayer County,US.NE.TA,27,0,
Emmons County,US.ND.EM,27,1,
Nicholas County,US.KY.NI,27,1,
Johnson County,US.WY.JO,27,1,
Norton city,US.VA.NC,27,0,
Prince of Wales-Hyder Census Area,US.AK.PH,27,0,
Clay County,US.WV.CY,27,2,
Los Alamos County,US.NM.LO,27,0,
Ferry County,US.WA.FE,27,0,
Schuyler County,US.NY.SU,27,0,
Covington city,US.VA.CV,26,0,
Woods County,US.OK.WS,26,0,
Ouray County,US.CO.OU,26,1,
Adams County,US.ID.AM,25,1,
Potter County,US.PA.PO,25,0,
Tripp County,US.SD.TR,25,0,
Mellette County,US.SD.ML,25,0,
Lipscomb County,US.TX.LM,25,0,
Ellsworth County,US.KS.EW,25,0,
Kingsbury County,US.SD.KI,25,0,
Gosper County,US.NE.GO,24,0,
Dewey County,US.OK.DW,24,1,
Holt County,US.NE.HT,24,0,
Burke County,US.ND.BK,24,1,
Rio Blanco County,US.CO.RB,24,0,
Hanson County,US.SD.HS,24,0,
Brown County,US.IL.BR,24,0,
Rusk County,US.WI.RU,24,1,
Norton County,US.KS.NT,24,0,
Adams County,US.IA.AM,23,0,
LaMoure County,US.ND.LA,23,0,
Steele County,US.ND.SE,23,0,
Perkins County,US.SD.PR,23,0,
Kinney County,US.TX.KN,23,1,
Reynolds County,US.MO.RE,23,0,
Noble County,US.OH.NO,23,0,
Matthews County,US.VA.MT,23,0,
Wallowa County,US.OR.WW,23,1,
Colfax County,US.NM.CO,23,1,
Calhoun County,US.AR.CA,23,0,
Morris County,US.KS.MR,23,0,
Shackelford County,US.TX.SC,23,0,
Hardeman County,US.TX.RD,22,0,
Curry County,US.OR.CU,22,0,
Craig County,US.VA.CG,22,0,
Graham County,US.KS.GH,22,1,
Clearwater County,US.ID.CE,22,0,
Pope County,US.IL.PE,22,1,
Stanley County,US.SD.ST,22,0,
Oneida County,US.ID.ON,22,0,
Jefferson County,US.NE.JE,22,0,
Presque Isle County,US.MI.PR,22,1,
Mercer County,US.MO.MC,22,0,
Putnam County,US.IL.PT,21,0,
Traverse County,US.MN.TR,21,0,
Clark County,US.ID.CA,21,0,
Clark County,US.SD.CK,21,0,
Phillips County,US.CO.PH,21,0,
Emery County,US.UT.EM,21,0,
Scotland County,US.MO.SO,21,1,
Summers County,US.WV.SU,21,0,
Hardin County,US.IL.HI,20,0,
Granite County,US.MT.GN,20,0,
Franklin County,US.NE.FA,20,0,
Menard County,US.TX.EN,20,0,
Gilmer County,US.WV.GI,20,0,
Butte County,US.ID.BT,20,0,
Clearwater County,US.MN.CE,20,0,
Coos County,US.NH.CO,20,0,
Orange County,US.VT.OA,20,0,
Upton County,US.TX.UP,20,2,
Pershing County,US.NV.PE,20,0,
Schuyler County,US.MO.SH,20,0,
Las Animas County,US.CO.LS,20,0,
Potter County,US.SD.PO,20,0,
Valley County,US.NE.VA,20,0,
Lac Qui Parle County,US.MN.LC,20,0,
Hoonah-Angoon Census Area,US.AK.HH,20,0,
Marshall County,US.SD.MS,19,0,
Harper County,US.OK.HP,19,0,
Southeast Fairbanks Census Area,US.AK.SO,19,0,
Taliaferro County,US.GA.TA,19,0,
Bowman County,US.ND.BW,19,0,
Mineral County,US.CO.MI,19,0,
Red Willow County,US.NE.RE,19,0,
McMullen County,US.TX.MM,18,0,
Alger County,US.MI.AG,18,0,
Delta County,US.TX.DT,18,0,
Sargent County,US.ND.SG,18,0,
Sherman County,US.OR.SH,18,0,
Gilpin County,US.CO.GI,18,0,
Sherman County,US.NE.SM,18,1,
Sherman County,US.KS.SH,18,0,
Marshall County,US.KS.MS,18,0,
Teton County,US.MT.TE,18,0,
Cottle County,US.TX.OT,18,2,
Baca County,US.CO.BA,17,0,
Miner County,US.SD.ME,17,0,
Carson County,US.TX.CN,17,0,
Trego County,US.KS.TR,17,1,
Rock County,US.NE.RO,17,0,
Collingsworth County,US.TX.CG,17,0,
Kodiak Island Borough,US.AK.KO,17,0,
Custer County,US.CO.CU,17,0,
Kimble County,US.TX.KM,16,1,
Hall County,US.TX.HA,16,1,
Sanborn County,US.SD.SA,16,0,
Musselshell County,US.MT.MU,16,0,
Broadwater County,US.MT.BR,16,0,
Pondera County,US.MT.PN,16,0,
Kiowa County,US.KS.KW,15,0,
Washington County,US.ME.WS,15,0,
Tyler County,US.WV.TY,15,0,
Baylor County,US.TX.BR,15,0,
Columbia County,US.WA.CM,15,1,
Kimball County,US.NE.KB,15,0,
Pleasants County,US.WV.PL,15,2,
Alfalfa County,US.OK.AL,15,0,
Chase County,US.NE.CE,15,0,
Hand County,US.SD.HD,15,0,
Schoolcraft County,US.MI.SR,15,0,
Oldham County,US.TX.OL,15,1,
Blaine County,US.MT.BL,15,0,
Orleans County,US.VT.OL,15,0,
Lee County,US.KY.LE,14,0,
Webster County,US.NE.WE,14,0,
Lake of the Woods County,US.MN.LO,14,1,
McCone County,US.MT.MC,14,0,
Cimarron County,US.OK.CO,14,0,
Crook County,US.WY.CK,14,0,
Roger Mills County,US.OK.RR,14,1,
Hodgeman County,US.KS.HG,14,0,
Garfield County,US.MT.GF,14,0,
Jeff Davis County,US.TX.JF,14,0,
Jewell County,US.KS.JW,14,1,
Forest County,US.PA.FO,14,0,
Hamilton County,US.NY.HA,14,1,
Gove County,US.KS.GO,13,0,
Grand Isle County,US.VT.GR,13,0,
Trinity County,US.CA.TR,13,0,
Worth County,US.MO.WO,13,0,
Washington County,US.KS.WS,13,0,
Nance County,US.NE.NA,13,0,
Briscoe County,US.TX.BO,12,1,
Calhoun County,US.WV.CH,12,0,
Logan County,US.ND.LO,12,0,
Woodson County,US.KS.WO,12,0,
Montmorency County,US.MI.MR,12,0,
Modoc County,US.CA.MC,12,0,
Greeley County,US.NE.GE,12,0,
Jackson County,US.SD.JA,12,1,
Mineral County,US.NV.MI,12,0,
Wrangell City and Borough,US.AK.WG,12,0,
Sedgwick County,US.CO.SE,12,1,
Pawnee County,US.NE.PA,12,0,
Lake and Peninsula Borough,US.AK.LA,12,0,
Harney County,US.OR.HA,12,0,
Armstrong County,US.TX.AM,11,0,
Renville County,US.ND.RE,11,0,
Tucker County,US.WV.TU,11,0,
Morton County,US.KS.MT,11,2,
Chouteau County,US.MT.CH,11,0,
Rich County,US.UT.RH,11,0,
Nuckolls County,US.NE.NU,11,0,
McPherson County,US.SD.MP,11,0,
Bent County,US.CO.BE,11,0,
Sullivan County,US.PA.SL,10,0,
Lincoln County,US.KS.LC,10,0,
Powell County,US.MT.PL,10,0,
Irion County,US.TX.IR,10,0,
Boyd County,US.NE.BY,10,0,
Oliver County,US.ND.OL,10,0,
Towner County,US.ND.TO,10,0,
Wallace County,US.KS.WA,10,0,
Cheyenne County,US.CO.CE,9,0,
Grant County,US.ND.GT,9,0,
Jackson County,US.CO.JA,9,0,
Chautauqua County,US.KS.CQ,9,0,
Catron County,US.NM.CA,9,1,
Stonewall County,US.TX.SA,9,1,
Sheridan County,US.KS.SD,9,0,
Sheridan County,US.ND.SH,9,0,
Braxton County,US.WV.BX,9,0,
Comanche County,US.KS.CM,9,0,
Robertson County,US.KY.RB,9,0,
Huerfano County,US.CO.HU,9,1,
Doddridge County,US.WV.DO,9,0,
Dundy County,US.NE.DY,9,0,
Lewis County,US.ID.LW,9,0,
Harlan County,US.NE.HR,8,0,
Wirt County,US.WV.WI,8,0,
Grant County,US.OR.GR,8,0,
Wibaux County,US.MT.WI,8,0,
Baraga County,US.MI.BA,8,0,
Garden County,US.NE.GD,8,0,
Kusilvak Census Area,US.AK.WA,8,0,
Piscataquis County,US.ME.PI,8,0,
Cheyenne County,US.KS.CN,8,0,
Lincoln County,US.CO.LI,8,0,
Cameron County,US.PA.CE,8,0,
Eureka County,US.NV.EU,8,0,
Kenedy County,US.TX.KE,8,1,
Roberts County,US.TX.RS,8,0,
Kittson County,US.MN.KI,8,0,
Hyde County,US.SD.HY,8,0,
Sully County,US.SD.SU,8,0,
Lane County,US.KS.LE,7,0,
Storey County,US.NV.ST,7,0,
Motley County,US.TX.MY,7,0,
Petersburg Census Area,US.AK.PB,7,1,
Slope County,US.ND.SL,7,0,
Kent County,US.TX.KT,7,0,
Webster County,US.WV.WB,7,0,
Liberty County,US.MT.LB,7,0,
Platte County,US.WY.PL,7,1,
Lincoln County,US.NV.LI,6,0,
Haakon County,US.SD.HA,6,0,
Wahkiakum County,US.WA.WH,6,0,
Cook County,US.MN.CO,6,0,
Frontier County,US.NE.FO,6,0,
Mora County,US.NM.MO,6,0,
Sioux County,US.NE.SI,6,0,
Decatur County,US.KS.DC,6,0,
Glasscock County,US.TX.GC,6,0,
Judith Basin County,US.MT.JU,6,0,
Essex County,US.VT.ES,6,0,
Sierra County,US.CA.SE,6,0,
Hooker County,US.NE.HO,6,0,
San Juan County,US.CO.SJ,6,0,
Adams County,US.ND.AD,6,0,
Aleutians West Census Area,US.AK.AW,6,0,
Piute County,US.UT.PT,6,0,
McPherson County,US.NE.MC,6,0,
Garfield County,US.NE.GF,6,0,
Ellis County,US.OK.EL,6,0,
Ritchie County,US.WV.RI,6,0,
Highland County,US.VA.HA,6,0,
Luce County,US.MI.LU,6,0,
Dillingham Census Area,US.AK.DI,5,0,
Divide County,US.ND.DV,5,0,
Throckmorton County,US.TX.TH,5,2,
Jones County,US.SD.JO,5,0,
Thomas County,US.NE.TO,5,0,
Brown County,US.NE.BW,5,0,
Logan County,US.NE.LG,5,0,
Sheridan County,US.MT.SH,5,0,
Osborne County,US.KS.OB,4,0,
Sterling County,US.TX.SI,4,0,
Gilliam County,US.OR.GI,4,0,
Keweenaw County,US.MI.KW,4,0,
Campbell County,US.SD.CP,4,0,
Wichita County,US.KS.WH,4,0,
Smith County,US.KS.SM,4,0,
Garfield County,US.WA.GF,4,0,
Camas County,US.ID.CM,4,0,
Billings County,US.ND.BI,4,0,
Bath County,US.VA.BA,4,0,
Greeley County,US.KS.GL,4,0,
Haines Borough,US.AK.HA,4,0,
Barber County,US.KS.AB,4,0,
Meagher County,US.MT.ME,4,0,
Foard County,US.TX.FD,3,0,
Treasure County,US.MT.TR,3,0,
Hinsdale County,US.CO.HI,3,0,
Fallon County,US.MT.FA,3,0,
Daniels County,US.MT.DN,3,0,
Terrell County,US.TX.TL,3,0,
Deuel County,US.NE.DL,3,0,
Golden Valley County,US.MT.GO,3,0,
Niobrara County,US.WY.NI,3,0,
Wheatland County,US.MT.WH,3,0,
Alpine County,US.CA.AP,2,0,
Hitchcock County,US.NE.HI,2,0,
Rawlins County,US.KS.RA,2,0,
Loup County,US.NE.LU,2,0,
Powder River County,US.MT.PD,2,0,
Aleutians East Borough,US.AK.AE,2,0,
Banner County,US.NE.BA,2,0,
Harding County,US.SD.HR,2,0,
Wayne County,US.UT.WE,2,0,
Logan County,US.KS.LG,2,0,
Denali Borough,US.AK.DE,2,0,
Harding County,US.NM.HA,2,0,
Dolores County,US.CO.DO,2,0,
Mineral County,US.MT.MN,2,0,
Keya Paha County,US.NE.KY,1,0,
Wheeler County,US.NE.WH,1,0,
Elk County,US.KS.EK,1,0,
Prairie County,US.MT.PR,1,0,
Arthur County,US.NE.AR,1,0,
Wheeler County,US.OR.WE,0,0,
King County,US.TX.KG,0,0,
Grant County,US.NE.GA,0,0,
Carter County,US.MT.CT,0,0,
Loving County,US.TX.LI,0,0,
Petroleum County,US.MT.PO,0,0,
Kalawao County,US.HI.KL,0,0,
Esmeralda County,US.NV.ES,0,0,
Blaine County,US.NE.BL,0,0,
Hayes County,US.NE.HY,0,0,
Daggett County,US.UT.DG,0,0,
Yakutat City and Borough,US.AK.YA,0,0,
De Baca County,US.NM.DE,0,0,
Kiowa County,US.CO.KO,0,0,
Skagway Municipality,US.AK.SW,0,0,
Borden County,US.TX.BD,0,0,
Bristol Bay Borough,US.AK.BR,0,0,
