County,hasc,confirmed,death,recovered
Los Angeles County,US.CA.LO,173995,4360,
Maricopa County,US.AZ.MA,108677,1808,
Miami-Dade County,US.FL.DA,104755,1388,
Cook County,US.IL.CO,102583,4830,
Queens County,US.NY.QU,67595,7165,
Harris County,US.TX.RR,64113,636,
Kings County,US.NY.KI,61988,7234,
Broward County,US.FL.BO,49350,605,
Bronx County,US.NY.BN,49336,4837,
Dallas County,US.TX.DS,46013,604,
Nassau County,US.NY.NA,42960,2193,
Suffolk County,US.NY.SF,42883,1996,
Clark County,US.NV.CL,36593,601,
Bexar County,US.TX.BX,36083,322,
Westchester County,US.NY.WE,35777,1443,
Orange County,US.CA.OR,34373,564,
Riverside County,US.CA.RI,33467,637,
Palm Beach County,US.FL.PL,30325,755,
New York County,US.NY.NE,30193,3142,
San Bernardino County,US.CA.SA,27992,383,
Hillsborough County,US.FL.HL,27077,295,
San Diego County,US.CA.SD,26984,533,
Orange County,US.FL.OR,26980,173,
Wayne County,US.MI.WY,26084,2782,
Middlesex County,US.MA.MI,25333,1957,
Tarrant County,US.TX.TN,25146,344,
Philadelphia County,US.PA.PH,24955,1671,
Prince George's County,US.MD.PR,21770,730,
Suffolk County,US.MA.SU,20896,1048,
Bergen County,US.NJ.BE,20226,2044,
Duval County,US.FL.DU,19753,139,
Travis County,US.TX.TV,19401,241,
Hudson County,US.NJ.HD,19363,1501,
Essex County,US.NJ.ES,19310,2103,
Mecklenburg County,US.NC.MB,19268,183,
Shelby County,US.TN.SY,18331,267,
Milwaukee County,US.WI.MU,18140,427,
Salt Lake County,US.UT.SL,18090,156,
Davidson County,US.TN.DA,17836,186,
Middlesex County,US.NJ.MI,17535,1402,
Fairfield County,US.CT.FA,17421,1402,
Passaic County,US.NJ.PA,17312,1242,
Montgomery County,US.MD.MO,17164,787,
Essex County,US.MA.ES,16952,1167,
Union County,US.NJ.UN,16359,1345,
Hennepin County,US.MN.HE,16316,801,
Fulton County,US.GA.FU,15843,372,
Franklin County,US.OH.FR,15682,489,
Fairfax County,US.VA.FX,15455,517,
Gwinnett County,US.GA.GW,15315,216,
Hidalgo County,US.TX.HG,15153,456,
Pinellas County,US.FL.PI,15147,373,
Pima County,US.AZ.PM,14963,418,
Richmond County,US.NY.RI,14649,1076,
Kern County,US.CA.KE,14561,123,
King County,US.WA.KN,14417,644,
Lee County,US.FL.LE,14415,258,
Oakland County,US.MI.OD,14035,1127,
Providence County,US.RI.PR,14033,800,
Rockland County,US.NY.RO,13839,507,
Marion County,US.IN.MO,13700,712,
Jefferson Parish,US.LA.JF,13448,510,
El Paso County,US.TX.EP,13240,224,
Worcester County,US.MA.WO,13093,980,
New Haven County,US.CT.NH,12884,1095,
Fresno County,US.CA.FR,12564,112,
Hartford County,US.CT.HA,12340,1408,
Washington,US.DC.DI,11858,582,
Cuyahoga County,US.OH.CU,11697,449,
Lake County,US.IL.LK,11448,439,
Polk County,US.FL.PO,11423,217,
DeKalb County,US.GA.DA,11159,207,
Baltimore County,US.MD.BC,11124,528,
Orange County,US.NY.OE,10998,406,
St. Louis County,US.MO.SL,10995,632,
DuPage County,US.IL.DU,10875,507,
Charleston County,US.SC.CS,10611,125,
Baltimore City,US.MD.BA,10579,401,
Jefferson County,US.AL.JE,10405,204,
Alameda County,US.CA.AA,10370,178,
Yuma County,US.AZ.YU,10289,221,
Ocean County,US.NJ.OC,10206,1011,
San Joaquin County,US.CA.SJ,10126,110,
Cobb County,US.GA.CB,10120,287,
Wake County,US.NC.WK,9991,108,
Norfolk County,US.MA.NO,9971,977,
Orleans Parish,US.LA.OR,9898,552,
Monmouth County,US.NJ.MN,9857,854,
East Baton Rouge Parish,US.LA.EB,9636,306,
Yakima County,US.WA.YA,9629,194,
Douglas County,US.NE.DG,9558,120,
Montgomery County,US.PA.MG,9492,844,
Greenville County,US.SC.GV,9343,153,
Denver County,US.CO.DN,9205,405,
Imperial County,US.CA.IM,9067,181,
Santa Clara County,US.CA.SL,9041,184,
Polk County,US.IA.PK,9023,191,
Plymouth County,US.MA.PL,8985,704,
Sacramento County,US.CA.SC,8903,108,
Macomb County,US.MI.MB,8891,936,
Bristol County,US.MA.BR,8882,617,
Collier County,US.FL.CL,8795,117,
Kane County,US.IL.KE,8714,293,
Prince William County,US.VA.PW,8580,167,
Hamilton County,US.OH.HM,8497,225,
Erie County,US.NY.ER,8301,591,
Delaware County,US.PA.DE,8285,681,
Tulare County,US.CA.TL,8210,168,
Nueces County,US.TX.NU,8127,137,
Will County,US.IL.WL,8101,338,
Camden County,US.NJ.CM,8087,566,
Galveston County,US.TX.GV,8046,68,
Stanislaus County,US.CA.ST,7994,90,
Mercer County,US.NJ.ME,7917,612,
Manatee County,US.FL.MN,7859,154,
Cameron County,US.TX.CA,7827,177,
Oklahoma County,US.OK.OL,7621,90,
Osceola County,US.FL.OS,7614,51,
Tulsa County,US.OK.TU,7557,90,
Pinal County,US.AZ.PN,7468,123,
Horry County,US.SC.HO,7450,103,
Allegheny County,US.PA.AL,7294,218,
Jackson County (including other portions of Kansas City),US.MO.JC,7292,92,
Hampden County,US.MA.HD,7283,687,
Mobile County,US.AL.MB,7226,180,
Utah County,US.UT.UT,7194,31,
Ada County,US.ID.AA,7092,45,
Morris County,US.NJ.MR,7065,827,
Escambia County,US.FL.ES,7018,80,
Contra Costa County,US.CA.CN,6933,104,
Richland County,US.SC.RI,6893,125,
Kent County,US.MI.KN,6781,152,
Bucks County,US.PA.BC,6690,574,
Lake County,US.IN.LK,6678,265,
Arapahoe County,US.CO.AA,6541,360,
Fort Bend County,US.TX.FR,6530,90,
New Castle County,US.DE.NE,6480,284,
Anne Arundel County,US.MD.AN,6469,214,
Ventura County,US.CA.VE,6392,67,
Ramsey County,US.MN.RA,6253,247,
Volusia County,US.FL.VO,6240,99,
Jefferson County,US.KY.JF,6135,220,
Denton County,US.TX.DN,6043,49,
Seminole County,US.FL.SE,6034,66,
San Francisco County,US.CA.SF,5932,56,
Pasco County,US.FL.PS,5803,69,
Lafayette Parish,US.LA.LY,5769,75,
Collin County,US.TX.CI,5762,74,
Montgomery County,US.AL.MT,5724,140,
Washington County,US.AR.WA,5662,40,
Caddo Parish,US.LA.CO,5652,266,
Montgomery County,US.TX.MG,5597,53,
Burlington County,US.NJ.BU,5594,470,
Adams County,US.CO.AD,5587,167,
Santa Barbara County,US.CA.SB,5576,32,
Sussex County,US.DE.SU,5506,190,
Durham County,US.NC.DH,5487,76,
Calcasieu Parish,US.LA.CC,5459,96,
Brazoria County,US.TX.BI,5443,38,
Rutherford County,US.TN.RU,5389,47,
Lancaster County,US.PA.LN,5311,401,
Williamson County,US.TX.WM,5246,92,
Somerset County,US.NJ.SO,5131,556,
Sarasota County,US.FL.SR,5103,113,
Navajo County,US.AZ.NA,5078,177,
Hamilton County,US.TN.HL,5055,43,
Webb County,US.TX.WB,5042,99,
San Mateo County,US.CA.SM,5022,117,
Berks County,US.PA.BK,5017,362,
Lubbock County,US.TX.LU,5014,68,
Brevard County,US.FL.BE,4966,64,
Loudoun County,US.VA.LD,4914,106,
Jefferson County,US.TX.JE,4895,57,
Hall County,US.GA.HL,4860,71,
Snohomish County,US.WA.SN,4746,184,
Washoe County,US.NV.WA,4724,107,
Guilford County,US.NC.GU,4691,139,
Lehigh County,US.PA.LH,4688,335,
Chester County,US.PA.CH,4608,339,
Monroe County,US.NY.MR,4591,250,
Forsyth County,US.NC.FO,4556,41,
Hinds County,US.MS.HI,4553,82,
Johnson County,US.KS.JO,4455,94,
Pierce County,US.WA.PI,4454,119,
Dutchess County,US.NY.DU,4425,153,
Bernalillo County,US.NM.BE,4405,111,
St. Lucie County,US.FL.SL,4401,97,
Pulaski County,US.AR.PU,4346,71,
Elkhart County,US.IN.EL,4346,70,
Madison County,US.AL.MD,4303,25,
St. Tammany Parish,US.LA.ST,4285,194,
Chatham County,US.GA.CM,4261,48,
Benton County,US.AR.BE,4209,32,
Wyandotte County,US.KS.WY,4162,91,
Lexington County,US.SC.LX,4159,85,
Hays County,US.TX.HY,4133,24,
El Paso County,US.CO.EL,4128,125,
Canyon County,US.ID.CN,4108,27,
Ouachita Parish,US.LA.OU,4102,99,
Lake County,US.FL.LK,4090,39,
Lucas County,US.OH.LU,4077,311,
Minnehaha County,US.SD.MN,4018,62,
Clayton County,US.GA.CN,4002,92,
McLennan County,US.TX.ML,3957,35,
Multnomah County,US.OR.MU,3921,82,
McKinley County,US.NM.MC,3909,214,
City of St. Louis,US.MO.SY,3881,156,
Monterey County,US.CA.MT,3865,22,
Kings County,US.CA.KI,3842,47,
Muscogee County,US.GA.MG,3840,75,
Dane County,US.WI.DA,3831,33,
Brown County,US.WI.BW,3766,50,
Chesterfield County,US.VA.CD,3766,66,
Leon County,US.FL.LO,3760,13,
Northampton County,US.PA.NA,3746,289,
Virginia Beach City,US.VA.VI,3742,43,
Brazos County,US.TX.BZ,3688,43,
Hillsborough County,US.NH.HI,3668,272,
Jefferson County,US.CO.JE,3654,221,
Sedgwick County,US.KS.SG,3646,36,
Tuscaloosa County,US.AL.TU,3576,60,
Woodbury County,US.IA.WO,3539,47,
Winnebago County,US.IL.WN,3516,115,
Montgomery County,US.OH.MT,3501,53,
Dakota County,US.MN.DA,3475,100,
Berkeley County,US.SC.BK,3446,52,
Spartanburg County,US.SC.SP,3429,74,
Marion County,US.FL.MI,3426,49,
Martin County,US.FL.MT,3420,64,
Weld County,US.CO.WE,3408,139,
Onondaga County,US.NY.OG,3389,170,
Marin County,US.CA.MN,3388,54,
Howard County,US.MD.HO,3373,102,
Henrico County,US.VA.HC,3371,178,
Potter County,US.TX.PT,3353,42,
Allen County,US.IN.AL,3345,152,
Genesee County,US.MI.GE,3309,294,
Spokane County,US.WA.SP,3269,48,
Merced County,US.CA.MD,3245,27,
Atlantic County,US.NJ.AT,3245,240,
Benton County,US.WA.BE,3166,104,
St. Clair County,US.IL.SI,3152,153,
Luzerne County,US.PA.LU,3144,183,
Alachua County,US.FL.AL,3144,20,
Solano County,US.CA.SN,3129,35,
Cumberland County,US.NJ.CU,3127,154,
Knox County,US.TN.KN,3100,23,
Franklin County,US.WA.FR,3026,44,
Anoka County,US.MN.AN,3010,109,
Waukesha County,US.WI.WK,3001,43,
Bell County,US.TX.BL,2990,18,
Beaufort County,US.SC.BA,2986,33,
Bay County,US.FL.BY,2972,15,
Gloucester County,US.NJ.GL,2969,203,
St. Johns County,US.FL.SJ,2929,19,
Apache County,US.AZ.AP,2920,128,
San Juan County,US.NM.SJ,2915,178,
Summit County,US.OH.SU,2914,212,
Frederick County,US.MD.FR,2909,120,
Racine County,US.WI.RA,2906,72,
Williamson County,US.TN.WL,2896,21,
Sumner County,US.TN.SN,2889,67,
Victoria County,US.TX.VI,2870,27,
Coconino County,US.AZ.CO,2858,112,
Black Hawk County,US.IA.BL,2841,61,
Arlington County,US.VA.AR,2823,135,
Marion County,US.OH.MR,2821,41,
DeSoto County,US.MS.DE,2818,23,
Richmond County,US.GA.RI,2815,74,
York County,US.SC.YO,2805,24,
St. Joseph County,US.IN.SN,2801,76,
Cass County,US.ND.CS,2794,75,
Lancaster County,US.NE.LA,2785,14,
Norfolk City,US.VA.NF,2779,20,
Tangipahoa Parish,US.LA.TA,2777,56,
Richmond City,US.VA.RC,2762,36,
Shelby County,US.AL.SH,2760,29,
Alexandria City,US.VA.AX,2735,57,
Stearns County,US.MN.SR,2721,19,
Walker County,US.TX.WK,2714,38,
Baldwin County,US.AL.BD,2708,18,
Marshall County,US.AL.MS,2707,26,
Mohave County,US.AZ.MO,2698,135,
Davis County,US.UT.DA,2695,11,
McHenry County,US.IL.MY,2694,111,
Gaston County,US.NC.GS,2692,25,
Bibb County,US.GA.BI,2689,53,
Rapides Parish,US.LA.RA,2687,98,
St. Charles County,US.MO.SA,2663,84,
Lowndes County,US.GA.LW,2645,25,
Whitfield County,US.GA.WF,2643,22,
Johnston County,US.NC.JH,2620,43,
Henry County,US.GA.HY,2591,38,
Sonoma County,US.CA.SO,2559,24,
Clay County,US.FL.CY,2538,47,
Dauphin County,US.PA.DA,2537,153,
Santa Cruz County,US.AZ.SA,2517,49,
Santa Rosa County,US.FL.SA,2507,19,
Union County,US.NC.UN,2503,35,
Washington County,US.OR.WI,2495,22,
Florence County,US.SC.FL,2475,83,
Dougherty County,US.GA.DH,2459,162,
Cherokee County,US.GA.CE,2453,52,
Terrebonne Parish,US.LA.TR,2453,72,
Albany County,US.NY.AB,2451,112,
Dorchester County,US.SC.DO,2444,29,
Butler County,US.OH.BU,2418,54,
Marion County,US.OR.MR,2413,65,
Fayette County,US.KY.FA,2381,44,
Lee County,US.AL.LE,2370,43,
Okaloosa County,US.FL.OA,2368,20,
Weber County,US.UT.WB,2326,24,
Lafourche Parish,US.LA.LO,2319,95,
Cumberland County,US.NC.CU,2318,49,
Pickaway County,US.OH.PC,2308,42,
Livingston Parish,US.LA.LV,2298,47,
Ellis County,US.TX.EI,2268,21,
Washtenaw County,US.MI.WS,2259,110,
Mahoning County,US.OH.MH,2258,244,
Robeson County,US.NC.RB,2250,48,
Ascension Parish,US.LA.AE,2249,65,
Chesapeake City,US.VA.CS,2246,25,
Kenosha County,US.WI.KN,2245,50,
Hamilton County,US.IN.HM,2230,103,
Warren County,US.KY.WR,2223,21,
Wayne County,US.NC.WY,2207,36,
Acadia Parish,US.LA.AD,2173,62,
Cabarrus County,US.NC.CR,2164,38,
York County,US.PA.YO,2161,80,
Washington County,US.UT.WN,2151,10,
Anderson County,US.TX.AE,2140,4,
Columbia County,US.FL.CU,2122,10,
Cleveland County,US.OK.CV,2120,41,
Kent County,US.DE.KE,2117,105,
Smith County,US.TX.SM,2106,13,
Glynn County,US.GA.GY,2097,20,
New Hanover County,US.NC.NE,2086,15,
Troup County,US.GA.TP,2085,52,
Ford County,US.KS.FO,2069,10,
Sumter County,US.SC.SU,2066,38,
Madison County,US.MS.MD,2058,50,
Douglas County,US.GA.DL,2057,46,
Cumberland County,US.ME.CU,2016,68,
Iberia Parish,US.LA.II,2003,57,
Oneida County,US.NY.OD,2000,114,
Dona Ana County,US.NM.DO,1990,16,
Indian River County,US.FL.IN,1974,35,
Morgan County,US.AL.MG,1957,13,
Alamance County,US.NC.AA,1954,41,
Ulster County,US.NY.UL,1925,81,
Randolph County,US.NC.RA,1911,35,
Ector County,US.TX.EC,1900,35,
Orangeburg County,US.SC.OR,1892,47,
Dakota County,US.NE.DK,1887,39,
St. Landry Parish,US.LA.SL,1880,69,
Duplin County,US.NC.DP,1862,40,
Rowan County,US.NC.RW,1859,46,
Bossier Parish,US.LA.BO,1855,60,
Lackawanna County,US.PA.LC,1854,212,
Wilson County,US.TN.WO,1840,20,
Madison County,US.IL.MD,1840,71,
Rankin County,US.MS.RA,1830,23,
Harrison County,US.MS.HR,1810,26,
Linn County,US.IA.LI,1810,87,
Buena Vista County,US.IA.BV,1775,12,
Boulder County,US.CO.BO,1772,74,
Cache County,US.UT.CA,1758,3,
Charles County,US.MD.CH,1753,90,
Sarpy County,US.NE.SY,1745,8,
Johnson County,US.IA.JH,1739,10,
Saginaw County,US.MI.SG,1738,124,
Nobles County,US.MN.NB,1727,6,
Catawba County,US.NC.CB,1727,15,
Cass County,US.IN.CS,1715,9,
Barnstable County,US.MA.BA,1693,155,
Charlotte County,US.FL.CH,1683,82,
Etowah County,US.AL.ET,1682,17,
Hall County,US.NE.HL,1681,46,
Anderson County,US.SC.AN,1678,36,
Umatilla County,US.OR.UM,1678,16,
Washington County,US.MN.WH,1672,40,
Finney County,US.KS.FI,1672,10,
Dallas County,US.IA.DL,1660,34,
Placer County,US.CA.PA,1648,14,
Hendricks County,US.IN.HD,1644,105,
Starr County,US.TX.SR,1637,22,
Harford County,US.MD.HA,1631,67,
Madera County,US.CA.ME,1630,19,
Forsyth County,US.GA.FO,1617,16,
Ottawa County,US.MI.OT,1600,53,
Kankakee County,US.IL.KK,1598,66,
Jackson County,US.MS.JC,1582,27,
Rockingham County,US.NH.RO,1582,94,
Manassas City,US.VA.MS,1575,20,
Yavapai County,US.AZ.YA,1567,55,
Jones County,US.MS.JO,1563,56,
Pickens County,US.SC.PI,1560,16,
Litchfield County,US.CT.LI,1560,138,
Trousdale County,US.TN.TR,1559,6,
Monroe County,US.PA.MR,1553,121,
Johnson County,US.IN.JO,1549,118,
Lebanon County,US.PA.LB,1544,54,
Carroll County,US.GA.CL,1542,42,
Comal County,US.TX.OM,1539,45,
Davidson County,US.NC.DD,1527,16,
Guadalupe County,US.TX.GU,1519,6,
Douglas County,US.CO.DU,1519,56,
Stark County,US.OH.ST,1516,123,
Olmsted County,US.MN.OL,1515,20,
DeKalb County,US.AL.DA,1514,10,
Hendry County,US.FL.HR,1512,33,
Jasper County,US.MO.JS,1509,23,
Iredell County,US.NC.IR,1501,16,
San Luis Obispo County,US.CA.SS,1500,8,
Columbia County,US.GA.CI,1495,18,
Columbiana County,US.OH.CL,1492,60,
Elmore County,US.AL.EL,1488,34,
Sullivan County,US.NY.SL,1476,37,
Houston County,US.GA.HO,1476,40,
Newport News City,US.VA.NN,1474,15,
Lorain County,US.OH.LR,1474,75,
Pitt County,US.NC.PI,1472,10,
Scott County,US.IA.SC,1463,11,
Hernando County,US.FL.HA,1454,22,
Bradley County,US.TN.BR,1449,9,
Clarke County,US.GA.CK,1449,15,
Tom Green County,US.TX.TG,1448,16,
Buncombe County,US.NC.BO,1445,42,
Rock Island County,US.IL.RO,1445,30,
Randall County,US.TX.RA,1442,17,
Kalamazoo County,US.MI.KA,1441,76,
Kaufman County,US.TX.KU,1440,5,
Montgomery County,US.TN.MT,1439,9,
Vanderburgh County,US.IN.VA,1433,7,
Burke County,US.NC.BK,1424,24,
Niagara County,US.NY.NI,1422,88,
Colquitt County,US.GA.CQ,1419,21,
Forrest County,US.MS.FO,1405,46,
Angelina County,US.TX.AG,1405,14,
Putnam County,US.NY.PU,1404,63,
Sebastian County,US.AR.SB,1402,13,
Warren County,US.OH.WR,1400,30,
St. Martin Parish,US.LA.SR,1399,36,
Hot Spring County,US.AR.HT,1397,4,
Yolo County,US.CA.YO,1394,37,
Carroll County,US.MD.CR,1391,115,
Maverick County,US.TX.MV,1390,23,
Cochise County,US.AZ.CH,1388,42,
Champaign County,US.IL.CM,1388,17,
Ingham County,US.MI.IH,1387,29,
Walker County,US.AL.WK,1385,58,
Sampson County,US.NC.SP,1381,10,
Leavenworth County,US.KS.LV,1372,7,
Newton County,US.GA.NE,1368,24,
Middlesex County,US.CT.MI,1365,188,
Midland County,US.TX.ID,1364,33,
New London County,US.CT.NL,1362,102,
Putnam County,US.TN.PU,1361,11,
Sevier County,US.TN.SV,1357,4,
Bartow County,US.GA.BT,1354,51,
Kent County,US.RI.KE,1351,101,
Honolulu County,US.HI.HO,1345,19,
Dubuque County,US.IA.DU,1342,26,
Municipality of Anchorage,US.AK.AN,1338,9,
Clark County,US.WA.CR,1328,34,
Warren County,US.NJ.WA,1312,169,
Kootenai County,US.ID.KO,1308,1,
Westmoreland County,US.PA.WE,1302,43,
Trumbull County,US.OH.TR,1300,95,
Shawnee County,US.KS.SN,1295,19,
Portsmouth City,US.VA.PR,1291,21,
Rock County,US.WI.RO,1290,25,
Marshall County,US.IA.MS,1290,22,
Wilson County,US.NC.WO,1288,28,
St. Mary Parish,US.LA.SM,1287,42,
St. John the Baptist Parish,US.LA.SO,1285,88,
Washington County,US.MS.WS,1285,24,
Henderson County,US.NC.HN,1279,53,
Robertson County,US.TN.RB,1278,16,
Sussex County,US.NJ.SU,1277,195,
Clackamas County,US.OR.CC,1276,34,
Jackson County,US.FL.JA,1266,18,
Larimer County,US.CO.LR,1255,32,
Dallas County,US.AL.DL,1250,20,
Wicomico County,US.MD.WI,1249,42,
Spotsylvania County,US.VA.SP,1244,33,
Johnson County,US.TX.JH,1234,7,
St. Charles Parish,US.LA.SC,1229,50,
Berrien County,US.MI.BN,1224,63,
Aiken County,US.SC.AI,1224,19,
Paulding County,US.GA.PA,1222,18,
Lauderdale County,US.MS.LU,1218,84,
Kendall County,US.IL.KA,1209,21,
Stafford County,US.VA.SF,1202,7,
Coffee County,US.GA.CF,1198,22,
Orange County,US.NC.OR,1197,45,
Gregg County,US.TX.GE,1195,16,
Kenton County,US.KY.KE,1194,37,
Franklin County,US.PA.FR,1191,46,
Bastrop County,US.TX.BP,1190,12,
Gadsden County,US.FL.GA,1188,13,
Coweta County,US.GA.CA,1184,17,
Scott County,US.MN.SC,1176,7,
Chatham County,US.NC.CH,1175,49,
DeSoto County,US.FL.DE,1172,14,
Jefferson County,US.AR.JE,1171,34,
Putnam County,US.FL.PU,1169,13,
Seward County,US.KS.SW,1154,4,
Tift County,US.GA.TI,1153,34,
Lincoln County,US.AR.LC,1148,11,
Neshoba County,US.MS.NS,1148,82,
Greenwood County,US.SC.GW,1127,11,
Kershaw County,US.SC.KE,1127,21,
Monroe County,US.FL.MO,1126,6,
Hunterdon County,US.NJ.HN,1120,126,
Cumberland County,US.PA.CU,1119,70,
Beaver County,US.PA.BA,1116,82,
Calhoun County,US.AL.CN,1113,6,
Granville County,US.NC.GN,1109,25,
Laurens County,US.SC.LU,1105,27,
Houston County,US.AL.HO,1102,14,
Georgetown County,US.SC.GR,1100,15,
Grant County,US.WA.GN,1095,11,
Washington Parish,US.LA.WO,1093,55,
Crittenden County,US.AR.CD,1090,16,
Hampshire County,US.MA.HS,1090,126,
Franklin County,US.AL.FR,1088,19,
Hale County,US.TX.HE,1085,24,
Citrus County,US.FL.CI,1083,20,
Vermilion Parish,US.LA.VM,1081,14,
Muskegon County,US.MI.MG,1080,56,
Titus County,US.TX.TU,1077,6,
Russell County,US.AL.RU,1071,1,
Lee County,US.NC.LE,1068,9,
St. Francis County,US.AR.SI,1067,3,
Accomack County,US.VA.AC,1065,15,
Faulkner County,US.AR.FA,1063,4,
Delaware County,US.OH.DL,1060,17,
Walton County,US.FL.WL,1057,12,
Fairfield County,US.OH.FI,1057,20,
Brunswick County,US.NC.BS,1052,13,
Walworth County,US.WI.WL,1051,21,
Floyd County,US.GA.FL,1047,15,
Pope County,US.AR.PP,1045,6,
St. Clair County,US.AL.SA,1042,8,
Porter County,US.IN.PR,1041,38,
Highlands County,US.FL.HG,1039,22,
Story County,US.IA.ST,1038,11,
Mower County,US.MN.MW,1038,2,
Pottawattamie County,US.IA.PT,1030,18,
Harrisonburg City,US.VA.HS,1028,29,
Twin Falls County,US.ID.TW,1028,27,
Iberville Parish,US.LA.IV,1026,46,
Limestone County,US.AL.LI,1023,10,
Texas County,US.OK.TE,1018,7,
Peoria County,US.IL.PI,1018,32,
Buchanan County,US.MO.BC,1017,10,
Suwannee County,US.FL.SW,1013,27,
Sandoval County,US.NM.SD,1009,33,
Taylor County,US.TX.TA,1007,14,
Harnett County,US.NC.HT,1003,35,
Lee County,US.MS.LE,1002,26,
Ware County,US.GA.WE,997,19,
Caldwell County,US.TX.CW,997,7,
Sumter County,US.FL.SM,992,25,
Clark County,US.OH.CK,988,11,
Schenectady County,US.NY.SN,987,38,
Allen Parish,US.LA.AL,986,16,
Rockdale County,US.GA.RO,982,12,
Broome County,US.NY.BO,978,69,
Moore County,US.TX.MO,978,15,
Cullman County,US.AL.CU,976,9,
Tippecanoe County,US.IN.TP,972,11,
Outagamie County,US.WI.OU,965,12,
Tolland County,US.CT.TO,964,65,
Eagle County,US.CO.EA,964,9,
Caldwell County,US.NC.CL,961,7,
Yell County,US.AR.YE,960,14,
St. Bernard Parish,US.LA.SE,957,23,
Jefferson County,US.MO.JE,954,24,
Lamar County,US.MS.LM,954,11,
Winnebago County,US.WI.WA,954,16,
Hunt County,US.TX.HT,948,8,
Suffolk City,US.VA.SO,948,45,
Rice County,US.MN.RI,947,8,
Craighead County,US.AR.CG,945,8,
Autauga County,US.AL.AU,942,21,
Nassau County,US.FL.NA,941,8,
Habersham County,US.GA.HB,937,48,
Tipton County,US.TN.TI,931,8,
Scott County,US.MS.SC,930,16,
Boone County,US.KY.BO,929,24,
Boone County,US.MO.BO,928,3,
Culpeper County,US.VA.CP,926,12,
Bulloch County,US.GA.BH,925,10,
Grayson County,US.TX.GO,923,8,
Chelan County,US.WA.CH,923,8,
Barrow County,US.GA.BW,918,32,
Licking County,US.OH.LI,918,25,
Hampton city,US.VA.HM,916,4,
Lake County,US.OH.LK,914,27,
Dawson County,US.NE.DN,914,9,
Clark County,US.IN.CK,912,45,
Santa Cruz County,US.CA.SZ,907,4,
Jefferson Davis Parish,US.LA.JD,903,22,
Lancaster County,US.SC.LN,901,17,
Sevier County,US.AR.SV,900,9,
Washington County,US.MD.WA,897,30,
Lauderdale County,US.AL.LU,897,9,
Oktibbeha County,US.MS.OK,893,31,
Colbert County,US.AL.CL,889,11,
Hamblen County,US.TN.HB,883,10,
McDonald County,US.MO.MA,882,7,
Maury County,US.TN.MU,881,4,
Lee County,US.AR.LE,876,6,
Nacogdoches County,US.TX.NC,875,37,
Yellowstone County,US.MT.YS,872,21,
Darlington County,US.SC.DA,866,28,
Escambia County,US.AL.ES,864,15,
Rockingham County,US.VA.RG,860,16,
Greene County,US.MO.GE,859,9,
Salem County,US.NJ.SA,856,81,
Erie County,US.PA.ER,856,15,
Warren County,US.MS.WR,853,24,
St. Mary's County,US.MD.SA,849,52,
Schuylkill County,US.PA.SC,848,49,
Thomas County,US.GA.TH,847,38,
Whatcom County,US.WA.WA,844,37,
Nash County,US.NC.NA,843,10,
Baldwin County,US.GA.BD,840,37,
Cleveland County,US.NC.CV,839,13,
Canadian County,US.OK.CN,830,4,
Copiah County,US.MS.CP,829,21,
Orange County,US.TX.OR,827,8,
Gordon County,US.GA.GO,827,21,
Avoyelles Parish,US.LA.AV,827,24,
Monongalia County,US.WV.MG,827,5,
Parker County,US.TX.PR,824,2,
Chambers County,US.AL.CM,821,37,
Talladega County,US.AL.TD,821,10,
Okeechobee County,US.FL.OE,812,2,
Chambers County,US.TX.CH,812,5,
Lowndes County,US.MS.LO,811,22,
Wichita County,US.TX.WC,808,9,
Moore County,US.NC.ME,805,20,
Fayette County,US.GA.FY,805,23,
Flagler County,US.FL.FL,801,8,
Tallapoosa County,US.AL.TP,801,79,
Grimes County,US.TX.GM,800,2,
Monroe County,US.MI.MO,794,21,
Sangamon County,US.IL.SM,793,33,
Sunflower County,US.MS.SU,790,14,
Cape May County,US.NJ.CP,788,86,
Wapello County,US.IA.WP,786,31,
Blount County,US.TN.BO,784,7,
McCurtain County,US.OK.MU,783,20,
Hardee County,US.FL.HD,781,5,
Jackson County,US.GA.JC,779,13,
DeKalb County,US.IL.DK,779,24,
Stanly County,US.NC.SN,778,6,
Pennington County,US.SD.PN,778,26,
Webster Parish,US.LA.WR,768,12,
Blue Earth County,US.MN.BE,767,2,
Gallatin County,US.MT.GL,767,1,
Grenada County,US.MS.GN,766,17,
Muscatine County,US.IA.MU,764,46,
Burleigh County,US.ND.BL,763,3,
Bedford County,US.TN.BD,763,10,
Macon County,US.TN.MC,762,11,
Williamsburg County,US.SC.WI,760,18,
Kosciusko County,US.IN.KO,760,11,
Holmes County,US.MS.HO,760,45,
Madison County,US.IN.MD,760,64,
Bolivar County,US.MS.BO,758,25,
Butte County,US.CA.BU,758,5,
Surry County,US.NC.SU,757,4,
Medina County,US.OH.MD,757,32,
Walton County,US.GA.WA,754,32,
Columbus County,US.NC.CM,753,42,
LaPorte County,US.IN.LA,751,29,
Spalding County,US.GA.SD,750,36,
Skagit County,US.WA.SG,742,18,
Saline County,US.AR.SL,741,3,
Liberty County,US.TX.LT,741,17,
Dodge County,US.NE.DE,741,8,
Howard County,US.IN.HO,738,63,
Napa County,US.CA.NA,737,8,
Roanoke city,US.VA.RO,737,10,
Newton County,US.MO.NT,736,3,
Platte County,US.NE.PL,735,3,
Leflore County,US.MS.LL,735,57,
La Crosse County,US.WI.LA,735,1,
Panola County,US.MS.PA,732,9,
Wood County,US.OH.WO,725,55,
Butler County,US.AL.BT,724,35,
Leake County,US.MS.LK,724,24,
Clermont County,US.OH.CE,723,9,
Lafayette County,US.MS.LY,723,4,
Tuscarawas County,US.OH.TU,722,11,
Pike County,US.MS.PI,720,29,
Franklin Parish,US.LA.FR,719,16,
Albemarle County,US.VA.AB,718,10,
Clay County,US.MO.CY,717,19,
Gila County,US.AZ.GI,714,21,
Chittenden County,US.VT.CH,713,39,
Onslow County,US.NC.ON,712,9,
Livingston County,US.MI.LI,712,28,
Lake County,US.TN.LK,710,0,
Covington County,US.AL.CV,710,19,
Wright County,US.MN.WR,705,4,
Clay County,US.MN.CA,703,38,
St. Clair County,US.MI.SA,702,53,
Marshall County,US.IN.MS,702,19,
Washington County,US.WI.WN,700,19,
Crawford County,US.IA.CW,697,3,
Boone County,US.IL.BO,696,23,
Calhoun County,US.MI.CU,694,39,
Wilkes County,US.NC.WE,694,9,
Washington County,US.TN.WI,694,0,
Sumter County,US.GA.SU,693,55,
Comanche County,US.OK.CM,693,9,
Franklin County,US.NC.FR,693,25,
Kanawha County,US.WV.KA,692,20,
Yazoo County,US.MS.YZ,689,9,
Wayne County,US.MS.WY,689,21,
Colfax County,US.NE.CO,689,4,
Dale County,US.AL.DE,686,16,
Saratoga County,US.NY.SR,685,15,
Vance County,US.NC.VA,685,40,
Rensselaer County,US.NY.RE,684,35,
Bartholomew County,US.IN.BA,683,45,
Hardin County,US.TX.HN,682,6,
Lincoln County,US.MS.LI,681,38,
Bowie County,US.TX.BW,679,17,
Clarendon County,US.SC.CN,676,48,
Morgan County,US.CO.MN,672,46,
Navarro County,US.TX.NV,672,11,
Hardeman County,US.TN.HA,670,11,
Washington County,US.PA.WS,669,10,
Summit County,US.UT.SU,669,1,
San Patricio County,US.TX.SP,666,0,
Colleton County,US.SC.CT,663,29,
Carver County,US.MN.CV,663,2,
Shelby County,US.KY.SH,662,22,
Shenandoah County,US.VA.SN,660,40,
Newberry County,US.SC.NE,660,6,
Miami County,US.OH.MM,659,35,
Windham County,US.CT.WI,658,15,
Jackson County,US.AL.JA,658,5,
Val Verde County,US.TX.VL,657,8,
Coffee County,US.AL.CF,654,5,
Garland County,US.AR.GL,652,5,
Lincoln County,US.NC.LI,651,2,
Portage County,US.OH.PO,648,59,
Bledsoe County,US.TN.BE,648,1,
Oconee County,US.SC.OC,647,3,
Cherokee County,US.TX.CK,647,2,
Sutter County,US.CA.SU,647,4,
Blount County,US.AL.BU,646,1,
Logan County,US.CO.LO,645,5,
Kandiyohi County,US.MN.KD,644,1,
Berkshire County,US.MA.BE,643,45,
Evangeline Parish,US.LA.EV,639,2,
Frederick County,US.VA.FK,639,7,
Lincoln Parish,US.LA.LN,639,23,
Douglas County,US.WA.DO,638,6,
Rockwall County,US.TX.RC,635,16,
Daviess County,US.KY.DA,633,7,
Jackson County,US.MI.JA,629,32,
York County,US.ME.YO,625,12,
Beauregard Parish,US.LA.BE,624,13,
Garfield County,US.CO.GA,624,4,
Pointe Coupee Parish,US.LA.PO,623,29,
Simpson County,US.MS.SI,623,13,
Jones County,US.TX.JN,621,0,
Dodge County,US.WI.DD,617,5,
Hoke County,US.NC.HO,616,7,
Payne County,US.OK.PY,614,3,
Berkeley County,US.WV.BE,613,10,
Chesterfield County,US.SC.CF,612,19,
Madison County,US.TN.MD,611,10,
Chilton County,US.AL.CI,609,5,
Pontotoc County,US.MS.PO,607,6,
Pike County,US.AL.PK,606,7,
Okanogan County,US.WA.OK,605,2,
Rogers County,US.OK.RS,603,12,
Polk County,US.TX.PK,601,1,
Cecil County,US.MD.CE,601,30,
Lyon County,US.KS.LY,600,8,
Natchitoches Parish,US.LA.NA,600,15,
Noble County,US.IN.NO,599,28,
Douglas County,US.KS.DG,597,0,
Muhlenberg County,US.KY.MU,597,9,
Grand Forks County,US.ND.GD,596,4,
Monroe County,US.IN.MR,596,29,
Laurens County,US.GA.LR,596,2,
Monroe County,US.MS.MR,592,45,
Buckingham County,US.VA.BK,592,6,
Vernon Parish,US.LA.VN,587,19,
Sullivan County,US.TN.SL,585,6,
Belmont County,US.OH.BE,584,26,
Webster County,US.IA.WE,582,5,
San Juan County,US.UT.SJ,582,19,
St. James Parish,US.LA.SJ,582,30,
Beadle County,US.SD.BA,582,9,
Boone County,US.IN.BO,579,45,
Wagoner County,US.OK.WG,577,20,
Floyd County,US.IN.FL,577,44,
Malheur County,US.OR.ML,576,8,
Hanover County,US.VA.HV,575,30,
Johnson County,US.AR.JO,574,0,
Washington County,US.RI.WA,574,61,
Matagorda County,US.TX.MD,572,5,
Craven County,US.NC.CN,572,8,
Saline County,US.NE.SL,571,2,
De Soto Parish,US.LA.DE,571,24,
Hancock County,US.IN.HC,570,37,
Gonzales County,US.TX.GA,569,6,
Fauquier County,US.VA.FQ,567,8,
Willacy County,US.TX.WY,567,4,
Harrison County,US.TX.HR,566,34,
Tate County,US.MS.TT,565,19,
Sherburne County,US.MN.SH,564,5,
Barbour County,US.AL.BR,562,4,
Blaine County,US.ID.BL,560,6,
Pueblo County,US.CO.PU,559,33,
Pender County,US.NC.PD,557,3,
Hamilton County,US.FL.HM,557,2,
Sioux County,US.IA.SI,557,1,
Mitchell County,US.GA.MT,556,41,
Delaware County,US.IN.DL,556,52,
Butler County,US.PA.BT,556,14,
Harris County,US.GA.HI,556,14,
Coryell County,US.TX.CL,553,3,
Halifax County,US.NC.HL,551,5,
Dubois County,US.IN.DU,550,10,
Medina County,US.TX.ME,546,8,
Calvert County,US.MD.CL,546,27,
Thurston County,US.WA.TH,546,6,
Lavaca County,US.TX.LA,545,1,
West Baton Rouge Parish,US.LA.WB,545,33,
Greene County,US.OH.GR,545,11,
Androscoggin County,US.ME.AN,543,5,
Union Parish,US.LA.UN,543,31,
Rutherford County,US.NC.RU,542,11,
Lowndes County,US.AL.LO,541,26,
Mississippi County,US.AR.MS,539,8,
Lamar County,US.TX.LR,537,15,
San Benito County,US.CA.SI,536,2,
Coahoma County,US.MS.CH,535,7,
Washington County,US.OK.WN,534,39,
Effingham County,US.GA.EF,533,1,
Allen County,US.OH.AN,532,41,
Covington County,US.MS.CV,531,8,
Jackson County,US.IL.JC,530,19,
Bladen County,US.NC.BL,528,5,
Madison County,US.FL.MD,526,6,
Cerro Gordo County,US.IA.CG,526,16,
St. Joseph County,US.MI.SJ,526,6,
Fayette County,US.TN.FA,525,8,
Jackson County,US.IN.JC,525,4,
LaGrange County,US.IN.LG,524,10,
Pike County,US.PA.PI,523,21,
Lea County,US.NM.LE,523,2,
Madison Parish,US.LA.MA,523,6,
Cape Girardeau County,US.MO.CG,521,3,
Polk County,US.GA.PO,521,5,
Bay County,US.MI.BY,521,31,
Tama County,US.IA.TM,520,29,
Jim Wells County,US.TX.JW,520,0,
Kitsap County,US.WA.KS,520,2,
Wasatch County,US.UT.WA,515,4,
Loudon County,US.TN.LO,515,3,
Edgecombe County,US.NC.ED,514,10,
Montgomery County,US.NC.MO,514,13,
El Dorado County,US.CA.EL,513,1,
Jefferson County,US.WI.JE,511,4,
Adams County,US.MS.AD,511,22,
James City County,US.VA.JA,510,16,
Ashtabula County,US.OH.AB,510,44,
Deaf Smith County,US.TX.DI,510,19,
Chattahoochee County,US.GA.CH,509,1,
Wakulla County,US.FL.WK,507,1,
Worcester County,US.MD.WO,506,18,
Wayne County,US.GA.WY,506,2,
Bonneville County,US.ID.BV,506,1,
Toombs County,US.GA.TM,506,6,
Decatur County,US.GA.DC,505,8,
Geauga County,US.OH.GE,502,43,
Marion County,US.MS.MI,502,16,
DeWitt County,US.TX.DE,501,14,
Wharton County,US.TX.WN,500,14,
Henderson County,US.TX.HD,500,7,
Columbia County,US.NY.CU,500,47,
Dillon County,US.SC.DI,498,21,
Santa Fe County,US.NM.ST,497,3,
Camden County,US.GA.CD,496,4,
Marathon County,US.WI.MH,494,4,
Fond du Lac County,US.WI.FN,493,6,
Marion County,US.AL.MI,493,24,
Assumption Parish,US.LA.AS,493,18,
Shelby County,US.IN.SH,491,25,
Appling County,US.GA.AP,491,16,
Dickson County,US.TN.DI,491,0,
East Carroll Parish,US.LA.EC,489,1,
Lenoir County,US.NC.LN,487,11,
Tooele County,US.UT.TE,487,0,
Manassas Park city,US.VA.MP,486,7,
Marengo County,US.AL.ME,481,12,
Lincoln County,US.SD.LI,481,1,
Lee County,US.GA.LE,480,22,
Richland County,US.OH.RI,480,8,
Winston County,US.MS.WN,479,14,
Oldham County,US.KY.OL,478,9,
Liberty County,US.GA.LB,476,2,
Stephens County,US.GA.SE,476,6,
Cherokee County,US.SC.CK,474,16,
Sheboygan County,US.WI.SE,473,5,
Fairfield County,US.SC.FA,473,23,
Richland Parish,US.LA.RI,472,5,
Newton County,US.MS.NW,472,10,
Allegan County,US.MI.AL,470,7,
Ozaukee County,US.WI.OZ,468,16,
Bryan County,US.GA.BY,467,6,
Murray County,US.GA.MA,465,2,
Iron County,US.UT.RN,464,2,
Sabine Parish,US.LA.SB,463,5,
La Paz County,US.AZ.LA,463,9,
Levy County,US.FL.LV,462,2,
Walker County,US.GA.WK,462,14,
McLean County,US.IL.ML,461,15,
Campbell County,US.KY.CM,460,13,
McDowell County,US.NC.MW,460,5,
Deschutes County,US.OR.DE,460,3,
Grant County,US.IN.GA,460,29,
Oceana County,US.MI.OA,458,5,
Warren County,US.IA.WR,458,1,
East Feliciana Parish,US.LA.EF,458,35,
Attala County,US.MS.AT,457,23,
Chester County,US.SC.CR,454,7,
Marshall County,US.MS.MS,454,5,
Marion County,US.SC.MI,453,12,
Fremont County,US.WY.FR,453,10,
Catoosa County,US.GA.CS,452,8,
Merrimack County,US.NH.ME,451,21,
Columbia County,US.PA.CO,451,35,
Richmond County,US.NC.RI,449,8,
Lane County,US.OR.LE,448,3,
Upson County,US.GA.UP,448,45,
Franklin County,US.MO.FR,447,18,
Crawford County,US.AR.CW,447,3,
Wayne County,US.OH.WE,446,58,
Cheatham County,US.TN.CA,446,4,
Hardin County,US.KY.HN,445,8,
Clarke County,US.AL.CK,445,9,
Rhea County,US.TN.RH,444,1,
Adams County,US.PA.AD,442,17,
Washington County,US.TX.WH,441,34,
Yadkin County,US.NC.YD,441,6,
Cass County,US.MO.CS,440,8,
Mercer County,US.OH.MC,438,11,
Dyer County,US.TN.DY,436,5,
Lee County,US.SC.LE,435,25,
Henry County,US.VA.HY,434,5,
Graves County,US.KY.GV,434,21,
Charlottesville City,US.VA.CE,433,8,
Eau Claire County,US.WI.EA,433,3,
Washington County,US.FL.WS,433,13,
Erie County,US.OH.ER,433,24,
Hale County,US.AL.HA,431,22,
Anderson County,US.TN.AN,430,4,
Jasper County,US.IA.JS,429,22,
Wright County,US.IA.WG,427,1,
Pearl River County,US.MS.PL,427,34,
Warrick County,US.IN.WI,426,29,
Gilmer County,US.GA.GI,426,3,
Frio County,US.TX.FO,425,2,
McMinn County,US.TN.MM,423,20,
Macon County,US.NC.MN,422,1,
Riley County,US.KS.RL,419,4,
Johnson County,US.MO.JO,417,1,
Jasper County,US.SC.JA,417,6,
Miller County,US.AR.ML,416,3,
Bullock County,US.AL.BL,415,12,
Laramie County,US.WY.LA,415,3,
LaSalle County,US.IL.LA,414,18,
Caroline County,US.MD.CO,412,3,
Uvalde County,US.TX.UV,412,5,
Elko County,US.NV.EL,411,2,
Eaton County,US.MI.EA,410,7,
Christian County,US.KY.CH,409,5,
Gibson County,US.TN.GB,409,1,
Plymouth County,US.IA.PM,408,6,
Union County,US.MS.UN,408,12,
Todd County,US.MN.TO,408,2,
Greensville County,US.VA.GS,406,9,
Roanoke County,US.VA.RE,405,6,
Cassia County,US.ID.CS,405,1,
Butts County,US.GA.BU,405,36,
Petersburg city,US.VA.PB,404,9,
Randolph County,US.IL.RA,403,7,
Wilson County,US.TX.WS,403,6,
Madison County,US.NE.MA,403,5,
Rockingham County,US.NC.RC,402,3,
Perry County,US.AL.PE,402,3,
Monroe County,US.AL.MR,401,4,
Lyon County,US.MN.LY,401,3,
Bee County,US.TX.BE,400,1,
Dearborn County,US.IN.DR,398,27,
Worth County,US.GA.WO,398,23,
Burnet County,US.TX.BT,397,7,
Walthall County,US.MS.WT,396,15,
Franklin County,US.MA.FR,396,59,
Cowlitz County,US.WA.CW,395,3,
Atascosa County,US.TX.AT,393,3,
Calhoun County,US.TX.CU,393,3,
Wilcox County,US.AL.WC,393,9,
Morgan County,US.IN.MG,393,31,
Marlboro County,US.SC.ML,391,4,
Madison County,US.NY.MA,390,9,
Winchester city,US.VA.WH,390,4,
Chickasaw County,US.MS.CS,390,19,
St. Croix County,US.WI.SI,390,2,
Creek County,US.OK.CE,388,12,
Winston County,US.AL.WN,388,10,
Scurry County,US.TX.SU,387,1,
Morehouse Parish,US.LA.MO,387,11,
Glades County,US.FL.GL,385,3,
Union County,US.OR.UN,385,2,
Lapeer County,US.MI.LP,383,32,
Yuba County,US.CA.YU,382,3,
Bacon County,US.GA.BC,382,5,
Broomfield County and City,US.CO.BR,382,32,
Northumberland County,US.PA.NU,381,11,
Lincoln County,US.OR.LC,380,8,
Curry County,US.NM.CU,379,2,
Brown County,US.SD.BW,379,2,
Claiborne County,US.MS.CB,379,12,
Vigo County,US.IN.VI,379,9,
Plaquemines Parish,US.LA.PL,378,18,
Holmes County,US.FL.HO,375,1,
Lawrence County,US.TN.LW,375,6,
Saluda County,US.SC.SA,375,5,
Louisa County,US.IA.LO,374,13,
Hopkins County,US.KY.HO,374,33,
Jefferson County,US.GA.JR,372,5,
Queen Anne's County,US.MD.QU,370,23,
Jackson County,US.OK.JA,370,3,
Randolph County,US.AL.RA,369,11,
Lenawee County,US.MI.LN,369,11,
Fairbanks North Star Borough,US.AK.FA,369,4,
Union County,US.AR.UN,369,15,
Saline County,US.MO.SI,369,6,
Minidoka County,US.ID.MI,368,1,
Crawford County,US.KS.CR,367,1,
Monroe County,US.GA.MN,367,22,
Jerome County,US.ID.JR,367,6,
Grady County,US.OK.GD,366,6,
Graham County,US.AZ.GA,366,6,
Newport County,US.RI.NE,365,4,
Noxubee County,US.MS.NO,365,10,
Jefferson County,US.TN.JE,363,2,
Delaware County,US.OK.DL,363,19,
Van Buren County,US.MI.VA,362,10,
Adams County,US.WA.AD,360,1,
Bamberg County,US.SC.BM,360,9,
Clinton County,US.MI.CN,359,12,
Winn Parish,US.LA.WI,358,7,
Grady County,US.GA.GD,357,4,
Dickinson County,US.IA.DI,356,4,
Centre County,US.PA.CT,356,9,
Erath County,US.TX.ER,355,1,
Ogle County,US.IL.OG,355,5,
Macon County,US.IL.MC,354,22,
Lynchburg city,US.VA.LY,354,1,
Pierce County,US.GA.PR,353,5,
Carbon County,US.PA.CB,352,28,
Jackson County,US.NC.JA,352,3,
La Salle County,US.TX.LS,351,0,
Shelby County,US.TX.SY,350,14,
Smith County,US.MS.SM,349,12,
Tallahatchie County,US.MS.TL,349,6,
Waller County,US.TX.WR,349,6,
Crisp County,US.GA.CP,348,14,
Walla Walla County,US.WA.WL,347,3,
Lonoke County,US.AR.LO,345,2,
Warren County,US.VA.WR,345,7,
McClain County,US.OK.ML,342,4,
Sumter County,US.AL.SU,342,15,
Henry County,US.IN.HY,342,18,
Conecuh County,US.AL.CO,341,9,
Ontario County,US.NY.OR,341,27,
Bienville Parish,US.LA.BI,340,29,
Clay County,US.MS.CY,340,13,
Oconee County,US.GA.OC,340,15,
Calhoun County,US.MS.CN,339,8,
Cook County,US.GA.CO,339,5,
Freeborn County,US.MN.FR,338,1,
Jackson Parish,US.LA.JA,338,18,
Adams County,US.IL.AD,336,1,
Pickens County,US.AL.PC,336,9,
Jasper County,US.MS.JS,336,6,
Liberty County,US.FL.LI,335,2,
Muskogee County,US.OK.MO,333,16,
Washington County,US.GA.WG,332,1,
Burke County,US.GA.BE,329,7,
Ohio County,US.KY.OH,329,5,
Huron County,US.OH.HU,329,3,
Page County,US.VA.PA,329,24,
Fredericksburg City,US.VA.FB,329,2,
Lauderdale County,US.TN.LU,327,6,
Galax city,US.VA.GA,326,16,
Tattnall County,US.GA.TT,326,1,
White County,US.IN.WH,326,10,
Clinton County,US.IN.CI,326,3,
Adams County,US.NE.AD,326,11,
Emanuel County,US.GA.EM,326,4,
Early County,US.GA.EA,326,31,
St. Louis County,US.MN.ST,325,16,
Kerr County,US.TX.KR,324,1,
Bibb County,US.AL.BI,324,2,
Carroll County,US.AR.CL,322,6,
Franklin County,US.GA.FR,322,3,
Laurel County,US.KY.LU,321,4,
Portage County,US.WI.PT,321,0,
Meriwether County,US.GA.MW,321,5,
West Feliciana Parish,US.LA.WF,319,15,
Dorchester County,US.MD.DO,319,5,
Prince George County,US.VA.PG,319,2,
Strafford County,US.NH.ST,319,13,
Athens County,US.OH.AS,318,1,
Brooks County,US.GA.BO,317,13,
Talbot County,US.MD.TA,317,4,
Montgomery County,US.IN.MM,317,21,
Summit County,US.CO.SU,316,4,
Richmond County,US.VA.RI,316,4,
Kittitas County,US.WA.KT,316,8,
Bryan County,US.OK.BR,316,1,
Isle of Wight County,US.VA.IS,315,9,
Ottawa County,US.OH.OT,313,24,
Holmes County,US.OH.HL,313,5,
Henderson County,US.TN.HS,313,0,
Valencia County,US.NM.VA,313,3,
Waupaca County,US.WI.WP,312,14,
Okmulgee County,US.OK.OM,312,0,
Fayette County,US.PA.FA,311,4,
Shasta County,US.CA.SH,311,8,
Brown County,US.TX.BN,311,16,
Steele County,US.MN.SE,309,1,
Gilchrist County,US.FL.GI,308,0,
Madison County,US.KY.MD,308,1,
Hood County,US.TX.HO,308,5,
Putnam County,US.GA.PT,307,17,
Branch County,US.MI.BC,307,2,
Chicot County,US.AR.CT,306,4,
Stephenson County,US.IL.SN,306,6,
Osage County,US.OK.OS,304,10,
Shiawassee County,US.MI.SH,303,28,
Kleberg County,US.TX.KL,302,3,
Ben Hill County,US.GA.BL,302,1,
Carter County,US.TN.CT,301,3,
Cumberland County,US.TN.CU,300,6,
Baker County,US.FL.BK,300,4,
Pottawatomie County,US.OK.PT,300,6,
Hardin County,US.TN.HI,299,7,
Carroll County,US.VA.CL,299,10,
Nye County,US.NV.NY,298,7,
Saline County,US.KS.SA,298,3,
Clinton County,US.IL.CN,298,17,
Pasquotank County,US.NC.PU,298,17,
Northampton County,US.VA.NA,297,28,
Box Elder County,US.UT.BE,297,2,
Coles County,US.IL.CE,297,17,
Van Zandt County,US.TX.VN,297,4,
Davie County,US.NC.DV,296,3,
Mercer County,US.PA.ME,296,9,
Lawrence County,US.IN.LW,296,27,
Jeff Davis County,US.GA.JF,296,5,
Rusk County,US.TX.RK,295,3,
Mecklenburg County,US.VA.ME,295,30,
Lycoming County,US.PA.LY,294,20,
Cibola County,US.NM.CI,294,17,
Warren County,US.NY.WR,294,30,
McCracken County,US.KY.MK,294,3,
Warren County,US.TN.WR,293,3,
Macon County,US.AL.MC,293,12,
Pittsylvania County,US.VA.PS,291,2,
Watonwan County,US.MN.WT,291,0,
Coffee County,US.TN.CF,291,0,
Jackson County,US.OR.JA,291,0,
Bristol County,US.RI.BR,290,15,
Orleans County,US.NY.OL,290,55,
Cocke County,US.TN.CE,289,1,
Parmer County,US.TX.PM,289,8,
Logan County,US.KY.LO,288,19,
Sauk County,US.WI.SU,288,3,
Steuben County,US.NY.ST,288,29,
Lawrence County,US.PA.LW,288,11,
Benton County,US.MN.BN,287,3,
Cabell County,US.WV.CB,286,2,
Grant County,US.WI.GA,286,14,
Butler County,US.KY.BR,286,14,
Huntingdon County,US.PA.HU,285,4,
Smith County,US.TN.SH,285,2,
Scott County,US.MO.ST,285,13,
Caddo County,US.OK.CD,285,12,
Jefferson County,US.WV.JE,284,4,
Greene County,US.TN.GE,284,5,
Elbert County,US.GA.EL,282,1,
York County,US.VA.YO,282,3,
Henderson County,US.KY.HE,281,4,
Payette County,US.ID.PA,281,2,
Greene County,US.NY.GR,281,13,
Fayette County,US.TX.FT,281,5,
Buffalo County,US.NE.BF,280,1,
Garfield County,US.OK.GF,280,3,
Barnwell County,US.SC.BN,280,2,
Anson County,US.NC.AN,280,2,
Teton County,US.WY.TE,279,1,
Whiteside County,US.IL.WD,278,16,
Clarke County,US.MS.CE,277,25,
Washington County,US.IA.WS,277,9,
Darke County,US.OH.DA,277,26,
Yamhill County,US.OR.YA,277,9,
Chaffee County,US.CO.CA,277,19,
Decatur County,US.IN.DC,277,32,
Yalobusha County,US.MS.YL,276,9,
Obion County,US.TN.OB,276,4,
Carson City,US.NV.CA,275,7,
Washington County,US.AL.WS,275,10,
Sandusky County,US.OH.SA,275,15,
Rio Arriba County,US.NM.RI,275,3,
Madison County,US.GA.MD,275,4,
Terrell County,US.GA.TL,275,29,
Scotts Bluff County,US.NE.SC,274,6,
Tazewell County,US.IL.TA,274,8,
Greene County,US.NC.GE,274,3,
Calhoun County,US.SC.CH,274,2,
Alcorn County,US.MS.AL,274,3,
Pettis County,US.MO.PS,274,3,
Milam County,US.TX.MI,273,2,
Wise County,US.TX.WE,272,5,
Beaufort County,US.NC.BA,272,1,
Kenai Peninsula Borough,US.AK.KN,272,2,
Lawrence County,US.MS.LW,271,3,
Ross County,US.OH.RO,271,5,
Madison County,US.OH.MO,271,9,
Fulton County,US.NY.FU,270,28,
Union County,US.SC.UN,270,1,
Tuscola County,US.MI.TU,270,27,
Abbeville County,US.SC.AB,269,3,
Ottawa County,US.OK.OT,269,2,
Hancock County,US.MS.HN,269,14,
Union County,US.IL.UN,269,21,
Danville City,US.VA.DA,269,3,
Giles County,US.TN.GL,268,5,
Atkinson County,US.GA.AT,267,2,
Chaves County,US.NM.CH,267,4,
Taylor County,US.FL.TA,266,3,
Nicollet County,US.MN.NI,266,13,
Glenn County,US.CA.GL,265,1,
Williamson County,US.IL.WS,265,4,
Mendocino County,US.CA.MI,265,6,
Midland County,US.MI.MD,265,9,
Jasper County,US.TX.JR,265,4,
Genesee County,US.NY.GE,264,6,
Hill County,US.TX.HI,264,2,
Sussex County,US.VA.SS,264,7,
Hampton County,US.SC.HA,263,6,
Colusa County,US.CA.CL,263,2,
Wayne County,US.IN.WY,262,7,
Montrose County,US.CO.MO,262,13,
Trempealeau County,US.WI.TR,262,1,
Carteret County,US.NC.CE,262,4,
Bullitt County,US.KY.BI,261,4,
Scott County,US.KY.SC,261,0,
Cass County,US.MI.CS,261,8,
Allegany County,US.MD.AL,260,18,
Choctaw County,US.AL.CC,260,12,
Haywood County,US.TN.HY,260,4,
Hancock County,US.GA.HC,259,34,
Charlton County,US.GA.CT,258,3,
Prince Edward County,US.VA.PD,258,6,
St. Lawrence County,US.NY.SI,258,4,
Jefferson County,US.OR.JE,258,0,
Montgomery County,US.VA.MO,257,3,
Panola County,US.TX.PN,257,24,
Monroe County,US.TN.MR,257,7,
Northampton County,US.NC.NO,256,16,
Nevada County,US.CA.NE,255,1,
Carter County,US.OK.CR,255,3,
Ionia County,US.MI.II,255,5,
Calhoun County,US.FL.CA,254,7,
Itawamba County,US.MS.IT,254,9,
White County,US.GA.WH,253,5,
Washington County,US.NY.WS,253,14,
Alexander County,US.NC.AE,253,2,
Platte County,US.MO.PT,252,6,
Prentiss County,US.MS.PN,251,6,
Phillips County,US.AR.PH,250,6,
Barren County,US.KY.BN,250,2,
Peach County,US.GA.PH,250,10,
Montgomery County,US.MS.MT,250,3,
Taney County,US.MO.TA,249,3,
Lawrence County,US.AL.LW,248,0,
Hopewell city,US.VA.HW,248,5,
Harrison County,US.IN.HI,248,22,
Manitowoc County,US.WI.MW,247,1,
Mayes County,US.OK.MY,246,5,
Humphreys County,US.MS.HU,245,10,
Madison County,US.AR.MD,245,1,
Morrow County,US.OR.MO,245,1,
Polk County,US.OR.PO,245,12,
Grundy County,US.IL.GU,244,5,
George County,US.MS.GR,243,5,
Catahoula Parish,US.LA.CT,243,3,
Bannock County,US.ID.BO,243,1,
Augusta County,US.VA.AU,243,3,
Newaygo County,US.MI.NE,242,0,
Madison County,US.TX.AD,241,0,
Wood County,US.TX.WO,241,6,
Gulf County,US.FL.GU,241,0,
Wayne County,US.NY.WN,241,2,
Adair County,US.OK.AD,241,5,
Lumpkin County,US.GA.LP,240,5,
Oswego County,US.NY.OS,238,3,
Hancock County,US.OH.HN,238,2,
Randolph County,US.GA.RN,237,26,
Dawson County,US.GA.DW,237,3,
Stewart County,US.GA.SW,237,5,
Bedford County,US.VA.BF,236,4,
Howard County,US.AR.HW,236,2,
Houston County,US.TX.HS,236,0,
Miami County,US.IN.MI,236,2,
Tippah County,US.MS.TP,236,11,
McNairy County,US.TN.MA,235,2,
Fannin County,US.GA.FN,235,2,
Telfair County,US.GA.TF,234,5,
Concordia Parish,US.LA.CR,234,7,
St. Francois County,US.MO.SF,234,2,
Hertford County,US.NC.HD,234,11,
Crenshaw County,US.AL.CA,234,4,
McDuffie County,US.GA.MU,234,9,
Jessamine County,US.KY.JS,233,0,
Greene County,US.AL.GR,233,10,
Uinta County,US.WY.UI,233,0,
Bradford County,US.FL.BA,233,3,
Grant Parish,US.LA.GR,232,3,
Dooly County,US.GA.DO,231,14,
Mesa County,US.CO.ME,231,1,
Marinette County,US.WI.MT,231,3,
Carroll County,US.MS.CL,231,11,
Haywood County,US.NC.HW,231,0,
Ohio County,US.WV.OH,230,3,
Herkimer County,US.NY.HE,230,3,
Dixie County,US.FL.DI,230,4,
Bell County,US.KY.BL,230,1,
Roane County,US.TN.RA,230,1,
Kent County,US.MD.KE,229,23,
Hillsdale County,US.MI.HI,229,25,
Greene County,US.AR.GE,228,1,
Cherokee County,US.OK.CK,228,1,
Berrien County,US.GA.BN,228,0,
Scotland County,US.NC.SC,227,2,
Matanuska-Susitna Borough,US.AK.MA,227,2,
Tishomingo County,US.MS.TS,226,3,
Southampton County,US.VA.SA,226,11,
Morton County,US.ND.MR,226,3,
Warren County,US.NC.WR,226,6,
Cole County,US.MO.CE,226,2,
West Carroll Parish,US.LA.WC,225,5,
Andrews County,US.TX.AR,225,4,
Colorado County,US.TX.CO,225,1,
Island County,US.WA.IS,225,11,
Edgefield County,US.SC.ED,225,5,
Tompkins County,US.NY.TO,224,0,
Clinton County,US.IA.CN,224,2,
Henry County,US.AL.HE,224,4,
Monroe County,US.IL.MR,224,13,
Scott County,US.IN.SC,223,10,
Linn County,US.OR.LN,223,10,
Wood County,US.WV.WO,223,3,
Greene County,US.IN.GE,222,34,
Jones County,US.GA.JE,222,1,
Eddy County,US.NM.ED,221,2,
Lincoln County,US.MO.LO,221,1,
White County,US.AR.WH,220,2,
Knox County,US.IL.KX,219,1,
Alamosa County,US.CO.AL,219,7,
Gunnison County,US.CO.GU,219,6,
Cambria County,US.PA.CI,219,3,
Pickens County,US.GA.PE,218,5,
Indiana County,US.PA.IN,218,6,
Stokes County,US.NC.SO,218,2,
Chautauqua County,US.NY.CQ,218,3,
Burleson County,US.TX.BU,217,0,
Hamilton County,US.IA.HM,217,1,
Echols County,US.GA.EC,217,0,
Winona County,US.MN.WN,217,16,
Big Horn County,US.MT.BI,217,5,
Sweetwater County,US.WY.SW,215,2,
Calumet County,US.WI.CA,215,2,
Bertie County,US.NC.BT,214,4,
St. Helena Parish,US.LA.SH,214,1,
Franklin County,US.KY.FR,213,5,
Boone County,US.IA.BO,212,1,
Union County,US.FL.UN,212,4,
Hawkins County,US.TN.HW,211,2,
Allen County,US.KY.AL,211,8,
Iroquois County,US.IL.IR,210,5,
Jenkins County,US.GA.JK,210,19,
Watauga County,US.NC.WT,210,0,
Independence County,US.AR.IN,210,0,
Cherokee County,US.AL.CH,209,8,
Marshall County,US.TN.MS,209,2,
Kemper County,US.MS.KE,209,15,
Johnson County,US.GA.JH,208,4,
Martin County,US.NC.MR,207,6,
Putnam County,US.IN.PT,207,8,
Turner County,US.GA.TR,206,18,
Karnes County,US.TX.KS,206,0,
Randolph County,US.WV.RN,206,0,
Banks County,US.GA.BS,205,3,
Humboldt County,US.CA.HU,205,4,
Susquehanna County,US.PA.SS,204,26,
Missoula County,US.MT.MS,204,1,
Daviess County,US.IN.DI,204,19,
DeKalb County,US.TN.DE,204,1,
Chenango County,US.NY.CH,203,6,
Franklin County,US.TN.FR,203,3,
Greene County,US.GA.GE,203,11,
Camden County,US.MO.CM,203,3,
Jackson County,US.TX.JA,202,1,
Orange County,US.VA.OR,201,3,
Dodge County,US.GA.DG,201,2,
Lanier County,US.GA.LI,201,4,
Brantley County,US.GA.BA,200,3,
Claiborne Parish,US.LA.CI,200,10,
Hart County,US.GA.HT,200,0,
DeKalb County,US.IN.DE,198,4,
Reno County,US.KS.RN,197,1,
Williams County,US.ND.WI,196,2,
Lamar County,US.GA.LM,196,8,
Cherokee County,US.NC.CO,195,3,
Robertson County,US.TX.RO,195,0,
Natrona County,US.WY.NA,195,1,
Columbia County,US.WI.CO,195,1,
Dunklin County,US.MO.DU,194,3,
Jennings County,US.IN.JN,194,12,
Pike County,US.KY.PI,194,3,
Isabella County,US.MI.IB,193,8,
Pecos County,US.TX.PE,193,1,
Geneva County,US.AL.GE,192,1,
Chippewa County,US.WI.CH,192,0,
Greene County,US.MS.GE,192,10,
La Salle Parish,US.LA.LA,192,2,
Butler County,US.MO.BE,192,2,
Martin County,US.MN.MT,192,5,
Thurston County,US.NE.TU,191,3,
Westmoreland County,US.VA.WM,191,2,
Luna County,US.NM.LU,190,3,
Flathead County,US.MT.FL,190,2,
Stoddard County,US.MO.SD,189,9,
Tehama County,US.CA.TE,189,1,
Camp County,US.TX.CP,188,2,
Barry County,US.MO.BR,188,0,
Perry County,US.MO.PR,187,3,
Dinwiddie County,US.VA.DN,187,2,
Jasper County,US.IN.JS,187,2,
La Plata County,US.CO.LA,187,2,
Lincoln County,US.TN.LI,186,1,
Fannin County,US.TX.FI,186,8,
Owyhee County,US.ID.OW,186,0,
Steuben County,US.IN.SE,185,3,
Wayne County,US.TN.WY,183,1,
Adair County,US.KY.AD,183,19,
Audrain County,US.MO.AU,182,1,
Austin County,US.TX.AU,182,4,
Lawrence County,US.OH.LW,182,0,
Pulaski County,US.KY.PU,182,2,
Tunica County,US.MS.TU,182,4,
Klamath County,US.OR.KL,181,1,
Calhoun County,US.GA.CU,181,6,
Kay County,US.OK.KA,181,9,
Le Sueur County,US.MN.LU,181,1,
Gibson County,US.IN.GI,180,2,
Ashley County,US.AR.AS,180,4,
Brunswick County,US.VA.BU,179,1,
Ripley County,US.IN.RI,179,7,
Washington County,US.OH.WS,179,21,
Amite County,US.MS.AM,179,4,
Botetourt County,US.VA.BO,179,4,
Pemiscot County,US.MO.PM,179,6,
Tioga County,US.NY.TI,179,20,
Caldwell Parish,US.LA.CW,178,1,
Union County,US.OH.UN,178,1,
Monroe County,US.WI.MO,177,1,
Candler County,US.GA.CR,177,1,
Jefferson County,US.OH.JE,176,2,
Blair County,US.PA.BL,176,2,
Lyon County,US.NV.LY,176,3,
Brewster County,US.TX.BS,176,1,
Wayne County,US.WV.WA,176,9,
Perry County,US.MS.PY,175,6,
Union County,US.SD.UN,175,2,
Lamb County,US.TX.LB,175,7,
Dare County,US.NC.DE,175,1,
Nelson County,US.KY.NE,175,2,
Person County,US.NC.PN,174,1,
Jefferson Davis County,US.MS.JD,174,5,
Cleburne County,US.AR.CB,174,5,
Jefferson County,US.FL.JE,174,5,
Vermilion County,US.IL.VE,174,2,
Union County,US.GA.UN,174,6,
Colonial Heights city,US.VA.CH,173,20,
Geary County,US.KS.GE,173,1,
Franklin County,US.IN.FR,173,8,
Auglaize County,US.OH.AU,173,5,
Garvin County,US.OK.GV,173,4,
Hickman County,US.TN.HN,173,0,
Coshocton County,US.OH.CS,173,5,
Dallam County,US.TX.DL,173,2,
Caswell County,US.NC.CS,173,2,
Putnam County,US.OH.PU,173,16,
Butler County,US.KS.BU,172,0,
Christian County,US.MO.CT,172,1,
Cooke County,US.TX.OO,172,0,
Marion County,US.TN.MI,172,4,
Caroline County,US.VA.CI,171,4,
Laclede County,US.MO.LD,171,1,
Pulaski County,US.MO.PA,171,1,
Barry County,US.MI.BR,170,2,
Cass County,US.IL.CS,170,11,
Warren County,US.IL.WR,170,0,
Haralson County,US.GA.HS,169,6,
Clay County,US.AL.CY,169,3,
Montcalm County,US.MI.MC,168,1,
Arkansas County,US.AR.AR,168,1,
Quitman County,US.MS.QU,168,1,
Lake County,US.CA.LK,168,1,
Red River Parish,US.LA.RE,167,9,
Franklin County,US.IA.FN,167,3,
Hempstead County,US.AR.HE,167,2,
Webster County,US.MS.WE,166,11,
Columbia County,US.AR.CI,166,5,
Clay County,US.IA.CY,166,1,
Grayson County,US.KY.GY,166,11,
Bremer County,US.IA.BR,166,7,
Washington County,US.ID.WA,166,2,
Evans County,US.GA.EV,165,1,
Fluvanna County,US.VA.FV,165,8,
Lamar County,US.AL.LM,165,1,
Louisa County,US.VA.LI,165,2,
Wood County,US.WI.WO,165,1,
Waynesboro city,US.VA.WS,164,2,
Pike County,US.GA.PK,164,3,
Armstrong County,US.PA.AR,163,6,
Jefferson County,US.MS.JF,163,4,
Wilkes County,US.GA.WS,163,3,
Perry County,US.IN.PE,163,12,
Harlan County,US.KY.HL,162,3,
Henry County,US.IL.HY,162,1,
Livingston County,US.NY.LI,162,4,
Knox County,US.KY.KX,162,8,
Oglethorpe County,US.GA.OG,162,7,
Harrison County,US.WV.HR,162,1,
Carroll County,US.IA.CL,161,1,
Emporia city,US.VA.EM,161,15,
Upshur County,US.TX.US,161,1,
Clarke County,US.IA.CK,161,3,
Macon County,US.GA.MC,160,10,
Chemung County,US.NY.CM,160,3,
Hockley County,US.TX.HC,160,4,
Grand Traverse County,US.MI.GN,160,5,
Nottoway County,US.VA.NY,159,6,
Goodhue County,US.MN.GO,159,8,
Cottonwood County,US.MN.CT,159,0,
Clinch County,US.GA.CC,159,4,
Kennebec County,US.ME.KE,159,10,
Crawford County,US.OH.CF,158,5,
Orange County,US.IN.OR,158,24,
White County,US.TN.WH,157,3,
Claiborne County,US.TN.CI,157,0,
Lawrence County,US.AR.LW,157,9,
Cameron Parish,US.LA.CM,157,0,
Clark County,US.WI.CL,157,7,
Marion County,US.WV.MI,157,2,
Wilkinson County,US.GA.WI,156,10,
Morgan County,US.IL.MG,156,5,
Crow Wing County,US.MN.CW,156,12,
Custer County,US.OK.CU,156,0,
Gillespie County,US.TX.GL,156,0,
Refugio County,US.TX.RF,156,0,
Morgan County,US.GA.MO,155,0,
Jefferson County,US.IL.JF,155,17,
Perry County,US.KY.PR,154,2,
Rabun County,US.GA.RB,154,3,
Chisago County,US.MN.CG,154,1,
Hopkins County,US.TX.HP,154,0,
Choctaw County,US.OK.CA,154,1,
Calloway County,US.KY.CW,153,2,
Wayne County,US.PA.WN,153,8,
Maui County,US.HI.MA,153,6,
Pitkin County,US.CO.PI,153,2,
Jackson County,US.WV.JA,153,19,
Cattaraugus County,US.NY.CG,151,6,
Wilkinson County,US.MS.WK,151,12,
Beltrami County,US.MN.BT,151,0,
Morrow County,US.OH.MW,151,1,
Screven County,US.GA.SR,151,9,
Wilcox County,US.GA.WC,150,18,
Gray County,US.TX.GY,150,4,
Starke County,US.IN.SR,150,4,
Polk County,US.MO.PO,150,0,
Hood River County,US.OR.HO,150,0,
Cross County,US.AR.CO,150,1,
Crockett County,US.TN.CK,150,3,
Weakley County,US.TN.WE,149,1,
Martinsville city,US.VA.MR,149,2,
Stark County,US.ND.SR,149,3,
Montgomery County,US.NY.MT,148,4,
Otter Tail County,US.MN.OT,148,1,
Pierce County,US.WI.PI,148,0,
Goochland County,US.VA.GO,147,6,
Logan County,US.OK.LG,147,1,
Lewis County,US.WA.LE,147,3,
Sequoyah County,US.OK.SQ,147,3,
Ward County,US.ND.WR,147,1,
Putnam County,US.WV.PU,147,0,
Otero County,US.NM.OT,147,10,
Elmore County,US.ID.EL,147,2,
Stephens County,US.OK.ST,147,1,
Castro County,US.TX.AS,147,1,
San Augustine County,US.TX.SG,147,12,
Wasco County,US.OR.WC,146,3,
Washington County,US.VA.WG,146,4,
Allendale County,US.SC.AL,146,3,
Chester County,US.TN.CS,146,0,
Fayette County,US.AL.FA,144,5,
Allamakee County,US.IA.AL,144,4,
Wabash County,US.IN.WB,144,3,
Bingham County,US.ID.BG,144,2,
Chattooga County,US.GA.CG,144,2,
Limestone County,US.TX.LO,144,2,
Campbell County,US.TN.CM,144,1,
Lee County,US.TX.LE,143,3,
Muskingum County,US.OH.MU,143,1,
Posey County,US.IN.PS,143,0,
Zavala County,US.TX.ZV,143,0,
Palo Pinto County,US.TX.PO,142,2,
Hardin County,US.OH.HD,142,12,
Jefferson County,US.IN.JF,142,2,
Emmet County,US.IA.EM,141,1,
Seminole County,US.OK.SM,141,5,
Franklin County,US.VA.FN,141,1,
Oconto County,US.WI.OC,140,0,
Boyd County,US.KY.BD,140,3,
Harvey County,US.KS.HV,140,3,
Cass County,US.NE.CS,139,1,
Drew County,US.AR.DR,139,2,
Penobscot County,US.ME.PE,139,5,
Lake County,US.MT.LA,139,1,
Cayuga County,US.NY.CY,139,2,
Kendall County,US.TX.KD,137,0,
Randolph County,US.AR.RA,137,2,
Fayette County,US.IN.FA,136,7,
Whitley County,US.IN.WL,136,6,
Lawrence County,US.MO.LW,136,2,
Casey County,US.KY.CS,135,9,
Staunton city,US.VA.SU,135,0,
Crockett County,US.TX.CT,135,4,
Cass County,US.TX.CS,135,4,
San Jacinto County,US.TX.SJ,135,2,
Franklin County,US.KS.FR,135,1,
Greene County,US.VA.GE,134,2,
Marion County,US.IA.MI,134,0,
Raleigh County,US.WV.RL,134,0,
Douglas County,US.NV.DO,134,0,
Clay County,US.KY.CY,134,4,
Benton County,US.OR.BE,134,6,
Oglala Lakota County,US.SD.SH,134,1,
Carroll County,US.KY.CL,134,2,
Shelby County,US.IA.SH,133,0,
Pipestone County,US.MN.PS,133,5,
Scioto County,US.OH.SC,132,0,
Bailey County,US.TX.BY,132,3,
Mahaska County,US.IA.MK,132,17,
Gloucester County,US.VA.GL,132,1,
Clark County,US.AR.CK,132,0,
Hardin County,US.IA.HD,132,0,
Pittsburg County,US.OK.PI,132,3,
Huron County,US.MI.HU,132,3,
Pontotoc County,US.OK.PN,131,2,
Jackson County,US.KS.JA,131,1,
New Madrid County,US.MO.NW,131,1,
Bonner County,US.ID.BR,131,0,
Red River County,US.TX.RV,131,12,
Shawano County,US.WI.SA,129,0,
Freestone County,US.TX.FE,129,0,
Duval County,US.TX.DU,128,0,
Carroll County,US.TN.CR,128,2,
Salem city,US.VA.SE,128,3,
Stone County,US.MS.ST,128,2,
Desha County,US.AR.DE,128,1,
Gratiot County,US.MI.GT,128,15,
Cowley County,US.KS.CL,128,2,
Clark County,US.KY.CK,128,7,
Leon County,US.TX.LN,128,1,
Otsego County,US.MI.OS,128,10,
Jackson County,US.KY.JA,127,14,
Des Moines County,US.IA.DS,127,2,
Clinton County,US.OH.CI,127,4,
Jefferson County,US.NY.JE,127,0,
Montgomery County,US.IL.MT,126,3,
McIntosh County,US.OK.MI,126,1,
Aransas County,US.TX.AA,126,0,
Irwin County,US.GA.IR,126,1,
Lee County,US.IL.LE,126,2,
Tuolumne County,US.CA.TO,126,0,
Howard County,US.TX.HW,126,3,
Lafayette County,US.MO.LF,125,2,
Alpena County,US.MI.AP,125,13,
Marion County,US.GA.MR,125,4,
Knox County,US.OH.KN,124,2,
McIntosh County,US.GA.MH,124,2,
Sullivan County,US.MO.SV,124,0,
Le Flore County,US.OK.LE,124,1,
Nevada County,US.AR.NV,124,8,
Iosco County,US.MI.IC,124,11,
Gem County,US.ID.GE,124,0,
Polk County,US.NC.PO,124,5,
Bedford County,US.PA.BO,123,4,
Preble County,US.OH.PR,123,2,
Halifax County,US.VA.HL,123,1,
Poweshiek County,US.IA.PW,123,8,
Simpson County,US.KY.SI,123,5,
Zapata County,US.TX.ZP,123,1,
Juniata County,US.PA.JU,123,6,
Union County,US.PA.UN,123,2,
Mississippi County,US.MO.MI,122,0,
Dawson County,US.TX.DW,122,1,
Nolan County,US.TX.NO,122,2,
Logan County,US.AR.LG,122,0,
Conway County,US.AR.CN,122,3,
Nez Perce County,US.ID.NE,122,19,
Carroll County,US.IN.CO,121,2,
McPherson County,US.KS.MP,121,0,
Pine County,US.MN.PN,121,0,
McDonough County,US.IL.MU,121,15,
Warren County,US.MO.WR,120,0,
Grayson County,US.VA.GY,120,4,
Preston County,US.WV.PR,120,2,
Polk County,US.AR.PL,120,0,
Green County,US.WI.GN,120,1,
Clinton County,US.NY.CL,120,4,
Jackson County,US.IA.JC,120,0,
Talbot County,US.GA.TB,119,3,
Poinsett County,US.AR.PN,119,3,
Heard County,US.GA.HD,119,3,
Itasca County,US.MN.IT,119,12,
Adair County,US.MO.AD,119,0,
Dodge County,US.MN.DD,118,0,
Crawford County,US.PA.CW,118,1,
Guthrie County,US.IA.GH,118,5,
King George County,US.VA.KG,118,4,
Murray County,US.MN.MU,118,0,
Fayette County,US.WV.FA,117,5,
Marion County,US.TX.MN,117,7,
Campbell County,US.VA.CM,117,1,
Fulton County,US.OH.FU,117,0,
Madison County,US.ID.MA,117,0,
Trinity County,US.TX.TR,117,0,
Hawaii County,US.HI.HA,117,0,
Ashland County,US.OH.AL,116,4,
McLeod County,US.MN.MC,116,0,
Shelby County,US.OH.SH,116,4,
Bleckley County,US.GA.BK,116,3,
Barron County,US.WI.BR,116,3,
Clearfield County,US.PA.CF,116,0,
Douglas County,US.OR.DO,116,1,
Huntington County,US.IN.HU,115,3,
Cascade County,US.MT.CS,115,2,
Somerset County,US.MD.SO,115,3,
Douglas County,US.MN.DU,115,0,
Gooding County,US.ID.GO,115,1,
Wells County,US.IN.WE,115,1,
Live Oak County,US.TX.LK,115,1,
Saunders County,US.NE.SU,115,2,
Carlton County,US.MN.CL,114,0,
Marion County,US.IL.MO,114,0,
Bradley County,US.AR.BR,114,2,
Franklin County,US.VT.FR,114,6,
Woodford County,US.KY.WO,114,0,
Waseca County,US.MN.WE,113,0,
Marquette County,US.MI.MQ,113,11,
Grant County,US.AR.GN,113,0,
Mason County,US.WA.MA,112,1,
Mono County,US.CA.MO,112,1,
Marshall County,US.KY.MH,112,2,
Powhatan County,US.VA.PH,112,4,
Brookings County,US.SD.BK,111,0,
Codington County,US.SD.CD,111,0,
Pocahontas County,US.IA.PC,111,1,
Millard County,US.UT.MD,110,0,
Benton County,US.IA.BN,110,1,
Wyoming County,US.NY.WM,110,5,
Clinton County,US.PA.CN,110,5,
Becker County,US.MN.BC,110,0,
Polk County,US.MN.PL,110,3,
Defiance County,US.OH.DF,110,4,
Roosevelt County,US.NM.RO,110,1,
O'Brien County,US.IA.OB,110,1,
Macoupin County,US.IL.MP,109,3,
Montgomery County,US.KS.MG,109,3,
Franklin city,US.VA.FR,109,4,
Fulton County,US.IN.FU,109,1,
Cedar County,US.IA.CD,109,1,
Jasper County,US.GA.JS,109,1,
Harrison County,US.KY.HS,108,0,
Boone County,US.AR.BO,108,1,
New Kent County,US.VA.NK,108,1,
Miller County,US.GA.ML,108,0,
Saguache County,US.CO.SG,107,2,
Transylvania County,US.NC.TR,107,1,
Overton County,US.TN.OV,107,1,
Campbell County,US.WY.CM,107,1,
Ellis County,US.KS.EL,107,1,
Pawnee County,US.OK.PW,107,3,
Juneau County,US.WI.JU,107,1,
Somerset County,US.PA.SO,106,2,
Perry County,US.PA.PE,106,5,
Jones County,US.IA.JN,106,1,
Reeves County,US.TX.RE,106,2,
Labette County,US.KS.LB,106,0,
Clay County,US.SD.CY,106,0,
Henry County,US.TN.HR,106,1,
Williams County,US.OH.WI,106,3,
Buffalo County,US.SD.BF,105,3,
Williamsburg City,US.VA.WL,105,6,
Polk County,US.TN.PO,105,0,
Newton County,US.IN.NE,105,10,
Knox County,US.IN.KN,105,0,
Montgomery County,US.GA.MM,105,0,
Choctaw County,US.MS.CW,105,4,
Hutchinson County,US.TX.UT,105,1,
Pottawatomie County,US.KS.PT,105,0,
Henry County,US.IA.HE,104,3,
Seneca County,US.OH.SE,104,2,
Lewis and Clark County,US.MT.LE,104,1,
Clay County,US.AR.CY,104,4,
Bosque County,US.TX.BQ,103,0,
Falls County,US.TX.FL,103,0,
Lincoln County,US.GA.LC,103,3,
Sharkey County,US.MS.SH,103,1,
Otsego County,US.NY.OO,103,4,
Mountrail County,US.ND.MU,102,1,
Spencer County,US.IN.SP,102,1,
Hocking County,US.OH.HC,102,9,
Hancock County,US.IA.HN,102,2,
Tyler County,US.TX.TY,102,1,
Windham County,US.VT.WH,101,3,
Franklin County,US.IL.FR,101,0,
Grafton County,US.NH.GR,101,1,
Boyle County,US.KY.BE,101,0,
Logan County,US.OH.LG,101,1,
Grainger County,US.TN.GA,101,0,
Isanti County,US.MN.IS,101,0,
Young County,US.TX.YU,101,1,
Montezuma County,US.CO.MZ,101,4,
Belknap County,US.NH.BE,101,4,
Washington County,US.NC.WI,100,3,
Towns County,US.GA.TW,100,1,
Yankton County,US.SD.YA,100,2,
Marshall County,US.WV.MH,100,0,
Chowan County,US.NC.CW,100,0,
Kewaunee County,US.WI.KW,100,1,
Park County,US.WY.PA,99,0,
Patrick County,US.VA.PK,99,3,
Charles Mix County,US.SD.CH,99,0,
Wyandot County,US.OH.WD,99,5,
Lafayette County,US.WI.LF,99,0,
Guernsey County,US.OH.GU,98,6,
Mineral County,US.WV.ML,98,3,
Greene County,US.PA.GR,98,0,
Unicoi County,US.TN.UC,98,0,
Delaware County,US.NY.DE,98,4,
Howell County,US.MO.HW,98,0,
Mingo County,US.WV.MO,97,2,
Webster County,US.MO.WE,97,1,
Montgomery County,US.KY.MM,97,0,
Delta County,US.CO.DT,97,1,
Jackson County,US.TN.JA,97,0,
Polk County,US.WI.PL,97,2,
Teller County,US.CO.TE,97,2,
Miami County,US.KS.MI,96,0,
Cherokee County,US.IA.CE,96,1,
Calaveras County,US.CA.CA,96,1,
Jo Daviess County,US.IL.JO,96,1,
Cleburne County,US.AL.CB,95,1,
Walsh County,US.ND.WL,95,0,
Long County,US.GA.LG,95,1,
Dade County,US.GA.DD,95,1,
Butler County,US.IA.BE,95,2,
Highland County,US.OH.HI,95,1,
Floyd County,US.IA.FL,95,2,
Garza County,US.TX.GR,94,2,
Douglas County,US.IL.DO,94,1,
Decatur County,US.TN.DC,94,0,
Crawford County,US.MI.CF,94,5,
Routt County,US.CO.RT,94,6,
Whitley County,US.KY.WH,94,1,
McCormick County,US.SC.MC,94,2,
Callaway County,US.MO.CA,94,1,
Stutsman County,US.ND.SU,94,2,
Moniteau County,US.MO.ME,93,2,
Mason County,US.MI.MN,93,0,
Sanpete County,US.UT.SP,93,0,
Wythe County,US.VA.WY,93,3,
Carroll County,US.OH.CO,92,4,
Douglas County,US.WI.DG,92,0,
Lincoln County,US.OK.LI,92,2,
Sharp County,US.AR.SH,92,5,
Randolph County,US.IN.RA,92,4,
Perry County,US.IL.PY,92,1,
Seminole County,US.GA.SI,91,2,
Coosa County,US.AL.CS,91,2,
Fremont County,US.CO.FR,91,0,
Swain County,US.NC.SW,91,2,
Mifflin County,US.PA.MI,91,1,
Montour County,US.PA.MO,91,3,
Marion County,US.KY.MN,91,0,
Smyth County,US.VA.SM,91,2,
Jefferson County,US.ID.JF,90,1,
Nodaway County,US.MO.NO,90,0,
Chippewa County,US.MN.CP,90,1,
Cannon County,US.TN.CN,90,0,
Klickitat County,US.WA.KL,90,3,
Henry County,US.OH.HE,90,0,
Logan County,US.WV.LO,89,1,
Washington County,US.NE.WS,89,1,
Lyon County,US.IA.LY,89,0,
Monroe County,US.OH.ME,89,17,
Pulaski County,US.IL.PL,89,0,
Dunn County,US.WI.DN,88,0,
Benton County,US.MS.BE,88,0,
Taylor County,US.IA.TY,88,0,
Franklin County,US.FL.FR,88,1,
Buchanan County,US.IA.BC,88,1,
Amherst County,US.VA.AH,88,0,
Lincoln County,US.WY.LI,88,0,
Rio Grande County,US.CO.RG,87,2,
Tyrrell County,US.NC.TY,87,1,
Hamilton County,US.NE.HM,87,12,
Dimmit County,US.TX.DM,87,0,
Snyder County,US.PA.SN,87,2,
Del Norte County,US.CA.DE,87,0,
Sanilac County,US.MI.SL,87,6,
Washington County,US.IN.WS,87,1,
Edmonson County,US.KY.ED,87,12,
Monona County,US.IA.MO,86,0,
Terry County,US.TX.TE,86,0,
Russell County,US.KY.RU,86,5,
Gaines County,US.TX.GS,86,0,
Blanco County,US.TX.BC,85,1,
Hidalgo County,US.NM.HI,85,0,
Hancock County,US.WV.HN,85,0,
Cortland County,US.NY.CD,85,1,
Grundy County,US.TN.GU,85,2,
Franklin County,US.MS.FR,85,2,
Mercer County,US.WV.MR,85,0,
Madison County,US.IA.MD,85,2,
Humboldt County,US.NV.HU,85,4,
Marion County,US.MO.MO,85,1,
Taos County,US.NM.TA,84,1,
Grant County,US.KY.GT,84,5,
Lyman County,US.SD.LY,84,1,
Josephine County,US.OR.JO,84,1,
Champaign County,US.OH.CH,84,1,
Newton County,US.AR.NW,84,0,
Rutland County,US.VT.RU,84,1,
Ashe County,US.NC.AS,84,1,
Brown County,US.OH.BR,83,1,
Seneca County,US.NY.SC,83,1,
Clay County,US.IN.CY,83,5,
Lincoln County,US.KY.LN,83,1,
Lafayette County,US.FL.LF,83,0,
Hughes County,US.SD.HG,83,2,
Bennington County,US.VT.BE,82,1,
Greenbrier County,US.WV.GE,82,3,
Comanche County,US.TX.CE,82,1,
Harrison County,US.IA.HR,82,0,
Door County,US.WI.DO,82,3,
Amador County,US.CA.AM,81,0,
Crawford County,US.GA.CW,81,0,
Grays Harbor County,US.WA.GY,81,2,
Cheshire County,US.NH.CH,81,2,
Hartley County,US.TX.HL,81,2,
Davison County,US.SD.DV,81,0,
Saline County,US.IL.SE,81,0,
Llano County,US.TX.LL,81,0,
Meeker County,US.MN.ME,80,1,
Little River County,US.AR.LT,80,1,
Coos County,US.OR.CO,80,0,
Barton County,US.KS.BT,80,3,
Wheeler County,US.GA.WL,80,1,
Carter County,US.KY.CR,80,1,
Taylor County,US.KY.TA,80,1,
Monroe County,US.KY.MO,79,2,
Kingfisher County,US.OK.KN,79,0,
Carroll County,US.NH.CA,79,1,
Morris County,US.TX.MR,79,0,
Sequatchie County,US.TN.SQ,79,0,
Greer County,US.OK.GE,78,7,
Franklin County,US.AR.FR,78,1,
Delaware County,US.IA.DA,78,1,
Clayton County,US.IA.CT,78,3,
Franklin County,US.TX.FK,78,1,
Runnels County,US.TX.RN,78,2,
Clallam County,US.WA.CL,78,0,
Lee County,US.VA.LE,78,0,
Sumner County,US.KS.SU,78,2,
Newton County,US.TX.NE,78,2,
Lincoln County,US.NE.LI,78,2,
Bureau County,US.IL.BU,78,2,
Christian County,US.IL.CI,78,4,
Grant County,US.KS.GT,78,2,
Albany County,US.WY.AL,78,0,
Treutlen County,US.GA.TE,77,2,
Spencer County,US.KY.SP,77,0,
Gallatin County,US.KY.GL,77,8,
Union County,US.TN.UO,77,0,
Elbert County,US.CO.EB,77,2,
Brooks County,US.TX.BK,76,1,
Rush County,US.IN.RU,76,4,
Meigs County,US.TN.ME,76,0,
Fairfax city,US.VA.FC,76,7,
Mitchell County,US.IA.ME,76,0,
Bradford County,US.PA.BF,75,3,
Ochiltree County,US.TX.OC,75,2,
Lincoln County,US.NM.LI,75,1,
Morrison County,US.MN.MR,75,1,
Sac County,US.IA.SA,75,0,
Floyd County,US.KY.FO,75,1,
Jay County,US.IN.JY,75,0,
Osceola County,US.IA.OS,75,0,
City and Borough of Juneau,US.AK.JU,75,2,
Andrew County,US.MO.AN,74,1,
Henry County,US.KY.HY,74,2,
Pulaski County,US.GA.PL,74,2,
Tipton County,US.IN.TT,74,2,
Allegany County,US.NY.AL,74,2,
Ward County,US.TX.WD,74,2,
Gage County,US.NE.GG,74,4,
Gentry County,US.MO.GT,74,9,
Webster County,US.KY.WE,73,1,
Faribault County,US.MN.FA,73,0,
Humphreys County,US.TN.HU,73,3,
San Miguel County,US.CO.SM,73,0,
King William County,US.VA.KW,73,2,
Iowa County,US.IA.IO,73,1,
Noble County,US.OK.NB,73,2,
Hughes County,US.OK.HU,73,1,
Essex County,US.VA.ES,73,1,
Kossuth County,US.IA.KO,72,0,
Fayette County,US.IA.FT,72,0,
Lee County,US.IA.LE,72,2,
Humboldt County,US.IA.HU,72,1,
Clarion County,US.PA.CL,72,2,
Sibley County,US.MN.SI,72,2,
Swisher County,US.TX.SW,72,1,
Crowley County,US.CO.CR,72,1,
Calhoun County,US.IA.CO,72,2,
Jefferson County,US.IA.JE,71,0,
Livingston County,US.IL.LI,71,2,
Woodford County,US.IL.WO,71,3,
Lampasas County,US.TX.LP,71,0,
Sevier County,US.UT.SE,71,2,
Bandera County,US.TX.BA,71,0,
Real County,US.TX.RL,71,0,
Richland County,US.ND.RI,71,0,
Pulaski County,US.VA.PU,71,2,
Carroll County,US.MO.CL,71,0,
Socorro County,US.NM.SO,71,5,
Addison County,US.VT.AD,71,2,
Winneshiek County,US.IA.WH,71,1,
Perry County,US.OH.PE,70,1,
Adams County,US.IN.AD,70,1,
Wise County,US.VA.WI,70,3,
Boone County,US.WV.BN,70,0,
Brown County,US.MN.BR,70,2,
Owen County,US.IN.OW,70,1,
Windsor County,US.VT.WS,69,2,
Yancey County,US.NC.YN,69,0,
Pulaski County,US.IN.PL,69,1,
Clay County,US.GA.CY,69,2,
Menominee County,US.MI.MM,69,0,
Oneida County,US.WI.ON,69,0,
Columbia County,US.OR.CL,69,0,
Waushara County,US.WI.WS,69,0,
Meade County,US.KY.MA,68,2,
Goliad County,US.TX.GI,68,1,
Schoharie County,US.NY.SO,68,2,
Mitchell County,US.NC.MI,68,2,
Uintah County,US.UT.UN,68,0,
Tazewell County,US.VA.TA,68,0,
Clatsop County,US.OR.CT,68,0,
Hart County,US.KY.HT,68,0,
Fayette County,US.OH.FY,68,0,
Winnebago County,US.IA.WB,67,0,
Twiggs County,US.GA.TG,67,2,
Marquette County,US.WI.MQ,67,1,
Amelia County,US.VA.AI,66,1,
Sullivan County,US.IN.SU,66,1,
Todd County,US.SD.TO,66,4,
Mills County,US.IA.ML,66,0,
Lake County,US.SD.LK,66,2,
Logan County,US.IL.LO,65,0,
Latah County,US.ID.LA,65,0,
Wabasha County,US.MN.WB,65,0,
Winkler County,US.TX.WI,65,0,
Floyd County,US.TX.FY,65,4,
McKenzie County,US.ND.MK,65,0,
Monroe County,US.IA.MR,65,7,
Greenup County,US.KY.GU,65,0,
Currituck County,US.NC.CI,65,0,
Seward County,US.NE.SA,65,1,
Carbon County,US.WY.CB,65,1,
Crane County,US.TX.CR,65,10,
Grundy County,US.IA.GN,65,1,
Meade County,US.SD.MD,65,1,
Union County,US.IA.UN,65,1,
Dukes County,US.MA.DU,64,0,
Jackson County,US.MN.JA,64,0,
Clarke County,US.VA.CK,64,0,
Hancock County,US.TN.HC,64,0,
Ouachita County,US.AR.OU,64,1,
Buchanan County,US.VA.BH,64,0,
Osceola County,US.MI.OE,64,0,
Marshall County,US.OK.MH,64,0,
Yoakum County,US.TX.YA,63,1,
Brown County,US.IN.BR,63,1,
Roberts County,US.SD.RO,63,0,
Palo Alto County,US.IA.PO,63,0,
Grant County,US.NM.GR,63,1,
Coffey County,US.KS.CF,63,8,
Bourbon County,US.KY.BU,63,1,
Johnson County,US.TN.JO,63,0,
York County,US.NE.YO,62,0,
Rockbridge County,US.VA.RB,62,0,
Alleghany County,US.NC.AL,62,0,
Miller County,US.MO.ML,62,0,
Cherokee County,US.KS.CK,62,1,
Pennington County,US.MN.PI,62,0,
Ravalli County,US.MT.RA,62,1,
Van Wert County,US.OH.VA,61,1,
Avery County,US.NC.AV,61,0,
Duchesne County,US.UT.DU,61,0,
Adams County,US.WI.AD,61,2,
Love County,US.OK.LV,61,0,
Siskiyou County,US.CA.SK,61,0,
Madison County,US.MT.MA,61,1,
Lake County,US.CO.LK,61,0,
Leelanau County,US.MI.LE,61,0,
Appomattox County,US.VA.AP,61,0,
Pushmataha County,US.OK.PU,60,0,
Rock County,US.MN.RC,60,0,
Waldo County,US.ME.WL,60,14,
Delta County,US.MI.DE,60,3,
Cumberland County,US.VA.CU,60,0,
Perry County,US.TN.PE,60,0,
Iron County,US.WI.IR,60,1,
Phelps County,US.MO.PH,59,0,
Jersey County,US.IL.JR,59,1,
Stevens County,US.WA.ST,59,1,
Lynn County,US.TX.LY,59,3,
Northumberland County,US.VA.NU,59,1,
Whitman County,US.WA.WI,59,0,
Taylor County,US.GA.TY,59,2,
Effingham County,US.IL.EF,59,1,
Stewart County,US.TN.SA,58,0,
Hampshire County,US.WV.HM,58,1,
Stone County,US.MO.SE,58,1,
Alleghany County,US.VA.AL,57,2,
Atoka County,US.OK.AT,57,0,
Morrill County,US.NE.MO,57,0,
Wexford County,US.MI.WE,57,4,
Iowa County,US.WI.IO,57,0,
Rowan County,US.KY.RW,57,0,
Forest County,US.WI.FR,57,4,
Clark County,US.IL.CK,57,0,
Cleveland County,US.AR.CV,57,1,
Garrard County,US.KY.GR,57,0,
Yuma County,US.CO.YU,57,0,
Gogebic County,US.MI.GO,57,1,
Benson County,US.ND.BE,57,1,
Pike County,US.AR.PE,57,0,
Madison County,US.VA.MD,56,1,
Koochiching County,US.MN.KO,56,2,
Prairie County,US.AR.PR,56,0,
Dixon County,US.NE.DI,56,2,
Benton County,US.IN.BE,56,0,
Wyoming County,US.PA.WM,56,7,
Perquimans County,US.NC.PQ,56,2,
Lassen County,US.CA.LS,55,0,
Venango County,US.PA.VE,55,0,
Falls Church city,US.VA.FU,55,6,
Juab County,US.UT.JU,55,0,
Lincoln County,US.MT.LN,55,1,
Jackson County,US.OH.JA,55,0,
Morgan County,US.TN.MG,55,1,
Baxter County,US.AR.BA,55,0,
Wright County,US.MO.WG,54,0,
Sutton County,US.TX.ST,54,0,
Fountain County,US.IN.FO,54,2,
Essex County,US.NY.ES,54,0,
Pike County,US.MO.PI,54,1,
Fillmore County,US.MN.FI,53,0,
Kearny County,US.KS.KE,53,1,
Clinton County,US.MO.CO,53,0,
Dewey County,US.SD.DW,53,0,
Butler County,US.NE.BE,53,0,
Craig County,US.OK.CG,53,0,
Barton County,US.MO.BT,53,0,
Howard County,US.NE.HW,53,4,
Hamilton County,US.TX.HM,53,2,
Renville County,US.MN.RN,53,4,
Camden County,US.NC.CD,52,2,
Emmet County,US.MI.EM,52,2,
Jackson County,US.AR.JA,52,1,
Torrance County,US.NM.TO,52,1,
Lincoln County,US.MN.LI,52,0,
Clay County,US.NC.CY,52,0,
Teton County,US.ID.TE,52,0,
Paulding County,US.OH.PA,52,0,
Lincoln County,US.WI.LI,52,0,
Baker County,US.GA.BR,52,3,
Crawford County,US.WI.CR,52,0,
Yates County,US.NY.YA,51,6,
Sioux County,US.ND.SI,51,0,
Glacier County,US.MT.GC,51,1,
Benton County,US.MO.BN,51,0,
Lander County,US.NV.LA,51,1,
Murray County,US.OK.MR,51,0,
Ogemaw County,US.MI.OG,51,2,
Reagan County,US.TX.RG,51,5,
Jefferson County,US.PA.JE,51,1,
Hardy County,US.WV.HD,51,0,
Mille Lacs County,US.MN.MI,50,2,
Bollinger County,US.MO.BI,50,0,
Wayne County,US.KY.WY,50,0,
Atchison County,US.KS.AT,50,0,
Russell County,US.VA.RU,50,1,
Clare County,US.MI.CE,50,3,
Swift County,US.MN.SW,50,1,
Jefferson County,US.WA.JE,50,0,
Pamlico County,US.NC.PM,50,1,
Henry County,US.MO.HE,50,3,
Scott County,US.TN.SC,50,0,
Cooper County,US.MO.CP,50,0,
Johnson County,US.IL.JH,50,0,
Fentress County,US.TN.FE,50,0,
Mecosta County,US.MI.MT,50,2,
Washington County,US.KY.WS,49,0,
Anderson County,US.KY.AN,49,1,
Oxford County,US.ME.OX,49,0,
Lincoln County,US.WV.LI,49,0,
Bourbon County,US.KS.BB,49,1,
Worth County,US.IA.WT,49,0,
Neosho County,US.KS.NO,49,0,
Green Lake County,US.WI.GL,49,0,
Ray County,US.MO.RY,48,0,
Lincoln County,US.ID.LI,48,0,
Blackford County,US.IN.BL,48,2,
Cuming County,US.NE.CM,48,0,
Brooke County,US.WV.BO,48,0,
Pike County,US.OH.PK,48,0,
Jasper County,US.IL.JS,48,7,
Tensas Parish,US.LA.TN,48,0,
Jim Hogg County,US.TX.JG,48,0,
Vernon County,US.WI.VE,48,0,
Greenlee County,US.AZ.GE,48,1,
White County,US.IL.WE,48,0,
Davis County,US.IA.DV,48,1,
Kane County,US.UT.KA,47,0,
Gray County,US.KS.GY,47,0,
Kalkaska County,US.MI.KK,47,4,
Carbon County,US.MT.CB,47,0,
Skamania County,US.WA.SM,47,1,
Hansford County,US.TX.HF,47,2,
Custer County,US.MT.CU,47,0,
Washington County,US.VT.WA,47,1,
Benton County,US.TN.BN,47,1,
Lafayette County,US.AR.LF,46,2,
Douglas County,US.MO.DO,46,1,
Crosby County,US.TX.CB,46,3,
Lunenburg County,US.VA.LN,46,0,
Prowers County,US.CO.PR,46,0,
Jefferson County,US.KS.JF,46,0,
Mercer County,US.IL.ME,46,0,
Tillman County,US.OK.TI,46,1,
Mariposa County,US.CA.MP,46,2,
Jones County,US.NC.JN,46,3,
Union County,US.KY.UN,46,0,
Moultrie County,US.IL.MI,46,0,
Charlotte County,US.VA.CT,46,0,
Washington County,US.MO.WS,46,1,
Mason County,US.KY.MS,46,1,
Rockcastle County,US.KY.RC,46,0,
Somervell County,US.TX.SV,46,0,
Washington County,US.CO.WA,46,0,
Buena Vista city,US.VA.BE,45,0,
Roscommon County,US.MI.RO,45,0,
Nowata County,US.OK.NW,45,1,
Vernon County,US.MO.VE,45,0,
Franklin County,US.ID.FA,45,0,
Fleming County,US.KY.FE,45,0,
Morgan County,US.MO.MG,45,0,
Charles City County,US.VA.CC,45,3,
Montague County,US.TX.MU,45,1,
Washakie County,US.WY.WA,45,5,
Charlevoix County,US.MI.CV,45,2,
Chickasaw County,US.IA.CC,45,0,
Franklin County,US.ME.FR,45,1,
Trigg County,US.KY.TG,45,0,
Clay County,US.NE.CL,45,0,
Warren County,US.GA.WR,45,0,
Kauai County,US.HI.KU,45,0,
Franklin County,US.NY.FR,44,1,
Howard County,US.IA.HO,44,0,
Merrick County,US.NE.ME,44,0,
Knox County,US.TX.KX,44,0,
Schley County,US.GA.SY,44,1,
Harrison County,US.MO.HS,44,1,
Sagadahoc County,US.ME.SA,43,0,
Monroe County,US.AR.ME,43,0,
Churchill County,US.NV.CH,43,1,
Garrett County,US.MD.GA,43,0,
Turner County,US.SD.TU,43,0,
Cass County,US.MN.CS,43,2,
Fayette County,US.IL.FA,43,3,
Van Buren County,US.AR.VA,43,2,
Washington County,US.IL.WG,43,0,
Stone County,US.AR.ST,43,1,
Gallia County,US.OH.GA,43,1,
Yukon-Koyukuk Census Area,US.AK.YU,42,0,
Valley County,US.ID.VA,42,1,
Lamoille County,US.VT.LA,42,1,
Caldwell County,US.KY.CD,42,0,
Kit Carson County,US.CO.KT,42,3,
Marion County,US.KS.MN,42,1,
Custer County,US.NE.CU,42,4,
Grant County,US.WV.GA,42,0,
Adams County,US.OH.AD,42,2,
Benewah County,US.ID.BA,42,0,
Perry County,US.AR.PY,42,0,
Houghton County,US.MI.HO,42,0,
Dickinson County,US.MI.DI,42,2,
Martin County,US.TX.MT,42,1,
Yellow Medicine County,US.MN.YE,41,0,
Breckinridge County,US.KY.BC,41,2,
Dallas County,US.MO.DL,41,1,
Houston County,US.TN.HO,41,0,
Taylor County,US.WI.TA,41,0,
Nemaha County,US.KS.NM,41,0,
Morgan County,US.UT.MN,41,0,
Roseau County,US.MN.RS,41,0,
Mitchell County,US.TX.MH,41,0,
Sheridan County,US.WY.SH,41,0,
Bristol city,US.VA.BI,41,0,
Arenac County,US.MI.AR,41,2,
Fulton County,US.KY.FU,41,1,
Richland County,US.MT.RI,41,0,
Phillips County,US.KS.PL,41,6,
Page County,US.IA.PG,41,0,
Clay County,US.TN.CY,41,0,
Park County,US.CO.PA,40,1,
Mason County,US.WV.MN,40,1,
Shannon County,US.MO.SN,40,0,
Wetzel County,US.WV.WT,40,0,
Park County,US.MT.PA,40,0,
Parke County,US.IN.PA,40,0,
Hancock County,US.KY.HC,40,0,
Mason County,US.IL.MS,40,0,
Taylor County,US.WV.TA,40,0,
Pocahontas County,US.WV.PO,40,0,
Missaukee County,US.MI.MU,40,1,
Inyo County,US.CA.IN,40,1,
Scott County,US.VA.SC,40,3,
Crawford County,US.IN.CW,40,0,
Stevens County,US.KS.SV,40,0,
Larue County,US.KY.LR,40,1,
Lucas County,US.IA.LU,40,4,
Menard County,US.IL.MN,40,0,
Shoshone County,US.ID.SH,40,0,
Clark County,US.KS.CA,40,0,
Grand County,US.CO.GR,39,1,
Macon County,US.MO.MN,39,0,
Jackson County,US.WI.JA,39,1,
Cumberland County,US.IL.CU,39,2,
Silver Bow County,US.MT.SI,39,0,
Jerauld County,US.SD.JE,39,1,
Wabaunsee County,US.KS.WB,39,0,
Valdez-Cordova Census Area,US.AK.VA,39,0,
Martin County,US.IN.MN,39,0,
Hill County,US.MT.HI,39,0,
Elk County,US.PA.EL,39,2,
Eastland County,US.TX.EA,39,0,
San Miguel County,US.NM.SM,39,0,
Doniphan County,US.KS.DP,39,0,
Rappahannock County,US.VA.RP,39,2,
Hamilton County,US.KS.HM,38,0,
Ste. Genevieve County,US.MO.SG,38,1,
Otero County,US.CO.OT,38,3,
Bond County,US.IL.BN,38,2,
Latimer County,US.OK.LA,38,1,
Brule County,US.SD.BU,38,0,
Haskell County,US.KS.HS,38,0,
Grant County,US.MN.GR,38,1,
Shelby County,US.IL.SB,38,1,
Meade County,US.KS.ME,38,0,
Sullivan County,US.NH.SU,38,1,
Okfuskee County,US.OK.OF,38,0,
McLean County,US.KY.ML,38,1,
Otoe County,US.NE.OT,38,0,
Mason County,US.TX.MA,38,0,
Callahan County,US.TX.AL,38,2,
Pepin County,US.WI.PE,38,0,
Donley County,US.TX.DO,38,0,
Howard County,US.MO.HR,37,0,
Ford County,US.IL.FO,37,1,
Garfield County,US.UT.GA,37,1,
Grand County,US.UT.GR,37,0,
Switzerland County,US.IN.SW,37,0,
Greene County,US.IA.GE,37,0,
Mercer County,US.KY.MC,37,0,
Rains County,US.TX.RI,37,1,
Sabine County,US.TX.SB,37,2,
Livingston County,US.MO.LV,37,0,
Gates County,US.NC.GT,37,2,
Aurora County,US.SD.AU,37,0,
Fremont County,US.ID.FE,37,0,
Cass County,US.IA.CS,36,0,
Moore County,US.TN.MO,36,0,
Wayne County,US.NE.WY,36,0,
Ohio County,US.IN.OH,36,2,
Powell County,US.KY.PO,36,0,
Webster County,US.GA.WT,36,2,
Buffalo County,US.WI.BF,36,2,
Ripley County,US.MO.RI,36,0,
Gallatin County,US.IL.GA,36,0,
Appanoose County,US.IA.AP,36,3,
Wilbarger County,US.TX.WG,35,0,
Lawrence County,US.IL.LW,35,0,
Presidio County,US.TX.PS,35,0,
Beaver County,US.OK.BA,35,0,
Traill County,US.ND.TR,35,0,
Sherman County,US.TX.SN,35,0,
Alexander County,US.IL.AL,35,0,
Surry County,US.VA.SR,35,1,
Hyde County,US.NC.HE,35,0,
Upshur County,US.WV.UP,35,0,
McCulloch County,US.TX.MC,35,0,
Letcher County,US.KY.LT,35,0,
Beckham County,US.OK.BC,34,0,
Izard County,US.AR.IZ,34,1,
Pope County,US.MN.PE,34,0,
Johnston County,US.OK.JO,34,0,
Pend Oreille County,US.WA.PE,34,0,
Antrim County,US.MI.AN,34,0,
Crawford County,US.MO.CF,34,0,
Gladwin County,US.MI.GL,34,2,
King and Queen County,US.VA.KA,34,1,
Somerset County,US.ME.SO,34,1,
Lewis County,US.NY.LE,34,5,
Hemphill County,US.TX.HH,34,0,
Tioga County,US.PA.TI,34,2,
Big Horn County,US.WY.BI,33,0,
Cheboygan County,US.MI.CY,33,2,
Poquoson city,US.VA.PQ,33,0,
Schleicher County,US.TX.SH,33,1,
Ketchikan Gateway Borough,US.AK.KG,33,0,
Carroll County,US.IL.CL,33,2,
Houston County,US.MN.HO,33,0,
Boise County,US.ID.BS,33,0,
Dickinson County,US.KS.DK,33,1,
Nelson County,US.VA.NL,33,0,
Lincoln County,US.ME.LI,33,0,
Lewis County,US.TN.LE,33,1,
Osage County,US.KS.OS,32,0,
Pendleton County,US.KY.PN,32,0,
Phelps County,US.NE.PH,32,0,
Crook County,US.OR.CR,32,1,
Coke County,US.TX.OK,32,1,
Osage County,US.MO.OS,32,0,
Dallas County,US.AR.DA,32,0,
Manistee County,US.MI.ME,32,0,
Livingston County,US.KY.LV,32,0,
Piatt County,US.IL.PA,31,0,
Knott County,US.KY.KT,31,0,
Todd County,US.KY.TO,31,0,
Cedar County,US.MO.CD,31,0,
Quay County,US.NM.QU,31,1,
Lake County,US.OR.LK,31,0,
Nantucket County,US.MA.NA,31,1,
Scott County,US.AR.SC,31,0,
Wheeler County,US.TX.WL,31,0,
Montgomery County,US.IA.MG,31,2,
Aroostook County,US.ME.AR,31,1,
Toole County,US.MT.TO,31,6,
Langlade County,US.WI.LN,30,1,
Barnes County,US.ND.BA,30,0,
Massac County,US.IL.MA,30,0,
Madison County,US.NC.MD,30,0,
Pratt County,US.KS.PR,30,0,
Converse County,US.WY.CE,30,0,
Crawford County,US.IL.CW,30,0,
Redwood County,US.MN.RW,30,0,
Sublette County,US.WY.SU,30,0,
Pacific County,US.WA.PA,30,1,
Haskell County,US.TX.HK,30,0,
Bates County,US.MO.BS,29,1,
Norman County,US.MN.NR,29,0,
Power County,US.ID.PO,29,0,
Ramsey County,US.ND.RM,29,1,
Randolph County,US.MO.RN,29,1,
Floyd County,US.VA.FO,29,1,
Guadalupe County,US.NM.GU,29,0,
Lewis County,US.KY.LI,29,0,
Wayne County,US.IL.WY,29,1,
Ida County,US.IA.ID,29,0,
Blaine County,US.OK.BL,29,0,
Plumas County,US.CA.PU,28,0,
Alcona County,US.MI.AC,28,1,
Linn County,US.MO.LN,28,1,
Barbour County,US.WV.BB,28,1,
Cavalier County,US.ND.CV,28,0,
Woodward County,US.OK.WW,28,0,
Morgan County,US.KY.MG,28,0,
Pendleton County,US.WV.PE,28,1,
San Juan County,US.WA.SA,28,0,
Lancaster County,US.VA.LA,28,0,
Ballard County,US.KY.BA,28,0,
Lexington city,US.VA.LX,28,0,
Boundary County,US.ID.BD,28,0,
Bath County,US.KY.BH,28,1,
Owen County,US.KY.OE,28,0,
Ottawa County,US.KS.OT,28,0,
Benzie County,US.MI.BE,28,1,
Knox County,US.NE.KN,28,0,
Moody County,US.SD.MO,28,0,
Jefferson County,US.OK.JE,27,0,
Lyon County,US.KY.LY,27,3,
Hancock County,US.IL.HC,27,1,
Cumberland County,US.KY.CU,27,0,
DeKalb County,US.MO.DE,27,1,
Caldwell County,US.MO.CW,27,1,
Haskell County,US.OK.HS,27,0,
Lawrence County,US.KY.LC,27,0,
Bracken County,US.KY.BK,27,0,
Trimble County,US.KY.TM,27,0,
Keokuk County,US.IA.KE,27,1,
Montgomery County,US.MO.MM,27,0,
Archuleta County,US.CO.AC,27,0,
McKean County,US.PA.MC,26,1,
Clear Creek County,US.CO.CL,26,1,
Linn County,US.KS.LN,26,0,
McCreary County,US.KY.MR,26,0,
Vinton County,US.OH.VI,26,2,
Dunn County,US.ND.DU,26,0,
Beaverhead County,US.MT.BE,26,0,
Cloud County,US.KS.CD,26,0,
Stanton County,US.NE.ST,26,0,
Audubon County,US.IA.AU,26,1,
Chippewa County,US.MI.CP,26,0,
Faulk County,US.SD.FU,26,1,
Pembina County,US.ND.PE,26,0,
Sierra County,US.NM.SI,26,0,
Morgan County,US.WV.MA,25,0,
McLean County,US.ND.ML,25,0,
Knox County,US.ME.KN,25,1,
Marshall County,US.MN.MS,25,0,
Martin County,US.KY.MI,25,0,
Metcalfe County,US.KY.MT,25,2,
Radford city,US.VA.RD,25,0,
Quitman County,US.GA.QU,25,1,
De Witt County,US.IL.DW,25,0,
Thomas County,US.KS.TH,25,0,
Clay County,US.TX.CY,25,0,
Lawrence County,US.SD.LW,25,0,
Carbon County,US.UT.CR,25,0,
Brown County,US.KS.BR,25,0,
Pike County,US.IN.PI,25,0,
Caledonia County,US.VT.CA,25,0,
Wabash County,US.IL.WB,25,0,
Ransom County,US.ND.RN,25,0,
Lewis County,US.WV.LE,25,2,
Coal County,US.OK.CL,24,0,
Kiowa County,US.OK.KO,24,1,
Sawyer County,US.WI.SW,24,0,
Edgar County,US.IL.EG,24,0,
Johnson County,US.KY.JO,24,0,
Jack County,US.TX.JK,24,0,
Idaho County,US.ID.ID,24,0,
Hutchinson County,US.SD.HT,24,0,
Nicholas County,US.WV.NI,24,1,
Wilkin County,US.MN.WL,24,3,
Grundy County,US.MO.GU,24,1,
Thayer County,US.NE.TA,24,0,
Green County,US.KY.GN,24,1,
Tillamook County,US.OR.TI,24,0,
Fulton County,US.IL.FU,24,0,
Aitkin County,US.MN.AI,24,0,
Corson County,US.SD.CO,24,0,
Union County,US.NM.UN,23,0,
Moffat County,US.CO.MF,23,1,
Menifee County,US.KY.ME,23,0,
Fulton County,US.AR.FU,23,0,
Beaver County,US.UT.BV,23,0,
Meigs County,US.OH.MS,23,0,
Fisher County,US.TX.FH,23,1,
Republic County,US.KS.RP,23,0,
Anderson County,US.KS.AN,23,0,
Fremont County,US.IA.FO,23,0,
Stephens County,US.TX.SE,23,0,
Van Buren County,US.IA.VA,23,1,
Oscoda County,US.MI.OO,23,1,
Crittenden County,US.KY.CT,23,1,
Kanabec County,US.MN.KA,23,1,
Cheyenne County,US.NE.CY,23,0,
McCook County,US.SD.MC,23,1,
Johnson County,US.WY.JO,22,1,
Asotin County,US.WA.AS,22,2,
Concho County,US.TX.ON,22,0,
Mitchell County,US.KS.MC,22,0,
Vilas County,US.WI.VI,22,0,
Middlesex County,US.VA.MI,22,1,
Vermillion County,US.IN.VE,22,0,
Union County,US.IN.UN,22,0,
Searcy County,US.AR.SA,22,0,
Costilla County,US.CO.CS,22,0,
Rice County,US.KS.RC,22,0,
Edwards County,US.TX.ED,22,0,
Baker County,US.OR.BA,22,0,
Major County,US.OK.MJ,22,1,
Van Buren County,US.TN.VA,22,0,
Big Stone County,US.MN.BI,21,0,
Conejos County,US.CO.CN,21,0,
Ringgold County,US.IA.RI,21,1,
Day County,US.SD.DY,21,0,
Caribou County,US.ID.CR,21,0,
Richland County,US.WI.RI,21,4,
Texas County,US.MO.TE,21,0,
Norton County,US.KS.NT,21,0,
Scott County,US.KS.SC,21,0,
Fillmore County,US.NE.FI,21,1,
Fulton County,US.PA.FU,21,2,
Mellette County,US.SD.ML,21,0,
Lewis County,US.MO.LE,21,1,
Tripp County,US.SD.TR,20,0,
Breathitt County,US.KY.BT,20,0,
Childress County,US.TX.CD,20,0,
Schuyler County,US.NY.SU,20,0,
Polk County,US.NE.PO,20,0,
Giles County,US.VA.GI,20,0,
Cedar County,US.NE.CA,20,0,
Wadena County,US.MN.WD,20,0,
Leslie County,US.KY.LS,20,0,
Nicholas County,US.KY.NI,20,0,
Adair County,US.IA.AI,20,0,
Potter County,US.PA.PO,20,0,
Kearney County,US.NE.KA,19,0,
Monroe County,US.WV.ME,19,0,
Sitka City and Borough,US.AK.SI,19,0,
Glascock County,US.GA.GS,19,0,
San Saba County,US.TX.SS,19,0,
Rosebud County,US.MT.RS,19,1,
Jefferson County,US.MT.JE,19,0,
Hancock County,US.ME.HA,19,1,
Montgomery County,US.AR.MT,19,0,
Price County,US.WI.PC,19,0,
Warren County,US.IN.WN,19,1,
Hubbard County,US.MN.HU,19,0,
Phillips County,US.CO.PH,19,0,
Hudspeth County,US.TX.HU,19,0,
Issaquena County,US.MS.IS,18,1,
Pickett County,US.TN.PI,18,1,
Grant County,US.SD.GA,18,0,
Mahnomen County,US.MN.MH,18,1,
Stanton County,US.KS.ST,18,0,
Marion County,US.AR.MN,18,0,
Mercer County,US.ND.ME,18,0,
Bethel Census Area,US.AK.BE,18,0,
Bayfield County,US.WI.BY,18,1,
Walworth County,US.SD.WA,18,0,
Spink County,US.SD.SP,18,0,
Washita County,US.OK.WT,18,0,
Mineral County,US.CO.MI,18,0,
Wallowa County,US.OR.WW,18,1,
Decatur County,US.IA.DC,17,0,
Clay County,US.WV.CY,17,1,
Woodruff County,US.AR.WO,17,0,
Marshall County,US.IL.MH,17,0,
Carlisle County,US.KY.CE,17,1,
Graham County,US.NC.GH,17,0,
Daviess County,US.MO.DV,17,0,
Menominee County,US.WI.MN,17,0,
Lake County,US.MI.LK,17,0,
Pierce County,US.NE.PI,17,0,
Rolette County,US.ND.RO,17,0,
Richardson County,US.NE.RI,17,1,
Burt County,US.NE.BT,17,0,
Antelope County,US.NE.AN,17,1,
Nome Census Area,US.AK.NM,17,0,
Hickman County,US.KY.HA,16,0,
Los Alamos County,US.NM.LO,16,0,
Ralls County,US.MO.RL,16,0,
Hot Springs County,US.WY.HO,16,0,
Hanson County,US.SD.HS,16,0,
Greene County,US.IL.GE,16,0,
Harrison County,US.OH.HR,16,1,
Noble County,US.OH.NO,16,0,
Cotton County,US.OK.CT,16,2,
Coos County,US.NH.CO,16,0,
Dickenson County,US.VA.DC,16,0,
Shackelford County,US.TX.SC,16,0,
Mackinac County,US.MI.MK,16,0,
Clinton County,US.KY.CO,16,0,
Adams County,US.ID.AM,16,0,
Stillwater County,US.MT.ST,16,0,
Menard County,US.TX.EN,16,0,
Wyoming County,US.WV.WY,16,0,
Clark County,US.SD.CK,16,0,
Douglas County,US.SD.DO,16,0,
Morgan County,US.OH.MA,16,0,
Teton County,US.MT.TE,15,0,
Archer County,US.TX.AC,15,0,
Ashland County,US.WI.AS,15,0,
Ellsworth County,US.KS.EW,15,0,
Lipscomb County,US.TX.LM,15,0,
Kimball County,US.NE.KB,15,0,
McDowell County,US.WV.MC,15,0,
Stevens County,US.MN.SV,15,0,
Madison County,US.MO.MD,15,0,
Clay County,US.KS.CY,15,2,
Stanley County,US.SD.ST,14,0,
Gilmer County,US.WV.GI,14,0,
Kinney County,US.TX.KN,14,0,
Northwest Arctic Borough,US.AK.NW,14,0,
Hardin County,US.IL.HI,14,0,
Greenwood County,US.KS.GW,14,0,
Baca County,US.CO.BA,14,0,
Hamlin County,US.SD.HM,14,0,
Fall River County,US.SD.FL,14,0,
Craig County,US.VA.CG,14,0,
Magoffin County,US.KY.MF,14,0,
Woods County,US.OK.WS,14,0,
LaMoure County,US.ND.LA,14,0,
Roane County,US.WV.RO,14,1,
Orleans County,US.VT.OL,14,0,
Clearwater County,US.ID.CE,14,0,
Clearwater County,US.MN.CE,14,0,
Culberson County,US.TX.UL,14,1,
Presque Isle County,US.MI.PR,14,1,
Deer Lodge County,US.MT.DE,14,0,
Orange County,US.VT.OA,14,0,
Warren County,US.PA.WR,14,1,
Schuyler County,US.IL.SU,14,0,
Rooks County,US.KS.RO,14,0,
Emmons County,US.ND.EM,14,1,
Furnas County,US.NE.FU,13,1,
Gilpin County,US.CO.GI,13,0,
Gosper County,US.NE.GO,13,0,
Chariton County,US.MO.CI,13,0,
Gasconade County,US.MO.GA,13,0,
Grand Isle County,US.VT.GR,13,0,
Wayne County,US.IA.WY,13,1,
Las Animas County,US.CO.LS,13,0,
Rusk County,US.WI.RU,13,1,
St. Clair County,US.MO.SC,13,0,
Bon Homme County,US.SD.BH,13,0,
Lake County,US.MN.LE,13,0,
Sanborn County,US.SD.SA,13,0,
Atchison County,US.MO.AT,13,0,
Iron County,US.MI.IR,13,1,
Red Willow County,US.NE.RE,13,0,
Curry County,US.OR.CU,13,0,
Mills County,US.TX.MS,13,0,
Wells County,US.ND.WE,13,0,
Jefferson County,US.NE.JE,13,0,
Pershing County,US.NV.PE,13,0,
Upton County,US.TX.UP,13,0,
Emery County,US.UT.EM,13,0,
Keith County,US.NE.KT,13,0,
Southeast Fairbanks Census Area,US.AK.SO,13,0,
Hamilton County,US.IL.HM,13,0,
Kimble County,US.TX.KM,13,0,
Ouray County,US.CO.OU,12,1,
Garfield County,US.MT.GF,12,0,
Burke County,US.ND.BK,12,0,
Colfax County,US.NM.CO,12,1,
Adams County,US.IA.AM,12,0,
Columbia County,US.WA.CM,12,0,
Delta County,US.TX.DT,12,0,
Richland County,US.IL.RI,12,0,
Miner County,US.SD.ME,12,0,
Nemaha County,US.NE.NE,12,0,
Oregon County,US.MO.OR,12,0,
Oldham County,US.TX.OL,12,1,
Brown County,US.IL.BR,12,0,
Wayne County,US.MO.WY,12,0,
Reynolds County,US.MO.RE,12,0,
McHenry County,US.ND.MH,12,1,
White Pine County,US.NV.WH,11,1,
Hardeman County,US.TX.RD,11,0,
Johnson County,US.NE.JO,11,0,
Steele County,US.ND.SE,11,0,
Pike County,US.IL.PK,11,0,
McIntosh County,US.ND.MI,11,1,
Allen County,US.KS.AL,11,0,
Matthews County,US.VA.MT,11,0,
Mineral County,US.NV.MI,11,0,
Scotland County,US.MO.SO,11,1,
Sedgwick County,US.CO.SE,11,0,
Goshen County,US.WY.GO,11,0,
Cochran County,US.TX.CC,11,0,
Griggs County,US.ND.GI,11,0,
Tyler County,US.WV.TY,11,0,
Custer County,US.SD.CU,11,0,
Webster County,US.NE.WE,10,0,
Shelby County,US.MO.SB,10,0,
Woodson County,US.KS.WO,10,0,
Kingsbury County,US.SD.KI,10,0,
Calhoun County,US.AR.CA,10,0,
Briscoe County,US.TX.BO,10,1,
Estill County,US.KY.ES,10,0,
Carson County,US.TX.CN,10,0,
Washburn County,US.WI.WR,10,0,
Dade County,US.MO.DD,10,0,
Broadwater County,US.MT.BR,10,0,
Dawson County,US.MT.DW,10,0,
Maries County,US.MO.MS,10,0,
Custer County,US.CO.CU,10,0,
Roosevelt County,US.MT.RO,10,0,
Edmunds County,US.SD.ED,10,0,
Hodgeman County,US.KS.HG,10,0,
Sullivan County,US.PA.SL,10,0,
Graham County,US.KS.GH,10,0,
Covington city,US.VA.CV,10,0,
Carter County,US.MO.CR,10,1,
Norton city,US.VA.NC,10,0,
Red Lake County,US.MN.RD,9,0,
Ferry County,US.WA.FE,9,0,
Edwards County,US.KS.ED,9,0,
Renville County,US.ND.RE,9,0,
Perkins County,US.NE.PE,9,0,
Valley County,US.NE.VA,9,0,
Crook County,US.WY.CK,9,0,
Dent County,US.MO.DN,9,0,
Clay County,US.IL.CY,9,0,
Iron County,US.MO.IR,9,0,
Foster County,US.ND.FO,9,0,
Morton County,US.KS.MT,9,2,
Bottineau County,US.ND.BT,9,0,
Coleman County,US.TX.CM,9,0,
Henderson County,US.IL.HD,9,0,
Box Butte County,US.NE.BX,9,0,
Sheridan County,US.NE.SD,9,0,
Sherman County,US.KS.SH,9,0,
Traverse County,US.MN.TR,9,0,
Burnett County,US.WI.BN,9,1,
Lincoln County,US.WA.LI,9,0,
Schuyler County,US.MO.SH,9,0,
Monroe County,US.MO.MR,9,0,
Lemhi County,US.ID.LM,8,0,
Marshall County,US.SD.MS,8,0,
Jeff Davis County,US.TX.JF,8,0,
Sherman County,US.OR.SH,8,0,
Mercer County,US.MO.MC,8,0,
Wolfe County,US.KY.WL,8,0,
Kidder County,US.ND.KI,8,0,
Cheyenne County,US.CO.CE,8,0,
Eddy County,US.ND.ED,8,0,
Schoolcraft County,US.MI.SR,8,0,
Sargent County,US.ND.SG,8,0,
Dickey County,US.ND.DC,8,0,
North Slope Borough,US.AK.NH,8,0,
Butte County,US.SD.BT,8,1,
Pondera County,US.MT.PN,8,0,
Pierce County,US.ND.PI,8,0,
Valley County,US.MT.VA,8,0,
Hickory County,US.MO.HC,8,0,
Franklin County,US.NE.FA,8,0,
Harper County,US.KS.HP,8,0,
Pawnee County,US.KS.PN,8,0,
Braxton County,US.WV.BX,8,0,
Jackson County,US.CO.JA,8,0,
Greeley County,US.NE.GE,8,0,
Oneida County,US.ID.ON,8,0,
Tucker County,US.WV.TU,8,0,
Putnam County,US.IL.PT,7,0,
Deuel County,US.SD.DU,7,0,
Custer County,US.ID.CU,7,0,
Pleasants County,US.WV.PL,7,0,
Washington County,US.ME.WS,7,0,
Cottle County,US.TX.OT,7,1,
Ziebach County,US.SD.ZI,7,0,
Bland County,US.VA.BL,7,0,
Blaine County,US.MT.BL,7,0,
Hand County,US.SD.HD,7,0,
Boone County,US.NE.BO,7,0,
Hamilton County,US.NY.HA,7,1,
Wilson County,US.KS.WL,7,0,
McMullen County,US.TX.MM,7,0,
Sanders County,US.MT.SA,7,0,
Taliaferro County,US.GA.TA,7,0,
Morris County,US.KS.MR,7,0,
Irion County,US.TX.IR,7,0,
Sheridan County,US.KS.SD,7,0,
Montmorency County,US.MI.MR,7,0,
Forest County,US.PA.FO,7,0,
Jackson County,US.SD.JA,7,1,
Marshall County,US.KS.MS,7,0,
Jewell County,US.KS.JW,7,0,
Elliott County,US.KY.EL,7,0,
Holt County,US.NE.HT,6,0,
Bowman County,US.ND.BW,6,0,
Collingsworth County,US.TX.CG,6,0,
Hettinger County,US.ND.HE,6,0,
Wirt County,US.WV.WI,6,0,
Bear Lake County,US.ID.BK,6,0,
Lac Qui Parle County,US.MN.LC,6,0,
Stark County,US.IL.SA,6,0,
Mora County,US.NM.MO,6,0,
Petersburg Census Area,US.AK.PB,6,1,
Pope County,US.IL.PE,6,0,
Nance County,US.NE.NA,6,0,
Huerfano County,US.CO.HU,6,1,
Harney County,US.OR.HA,6,0,
Kingman County,US.KS.KM,6,0,
Kiowa County,US.KS.KW,6,0,
Roberts County,US.TX.RS,6,0,
Edwards County,US.IL.EW,6,0,
Scott County,US.IL.SO,6,0,
Calhoun County,US.IL.CH,6,0,
Lincoln County,US.KS.LC,6,0,
Rich County,US.UT.RH,6,0,
Owsley County,US.KY.OS,6,0,
Glasscock County,US.TX.GC,6,0,
Lincoln County,US.CO.LI,6,0,
Lake and Peninsula Borough,US.AK.LA,6,0,
Granite County,US.MT.GN,6,0,
Rio Blanco County,US.CO.RB,6,0,
Grant County,US.OK.GN,6,0,
Chase County,US.KS.CS,6,0,
Gregory County,US.SD.GE,6,0,
Hall County,US.TX.HA,6,1,
McPherson County,US.SD.MP,6,0,
Roger Mills County,US.OK.RR,6,0,
Kodiak Island Borough,US.AK.KO,5,0,
Sherman County,US.NE.SM,5,0,
Lane County,US.KS.LE,5,0,
Sioux County,US.NE.SI,5,0,
Sheridan County,US.ND.SH,5,0,
Baraga County,US.MI.BA,5,0,
Worth County,US.MO.WO,5,0,
Baylor County,US.TX.BR,5,0,
Wrangell City and Borough,US.AK.WG,5,0,
Alger County,US.MI.AG,5,0,
Russell County,US.KS.RS,5,0,
Bennett County,US.SD.BN,5,0,
Platte County,US.WY.PL,5,0,
Wahkiakum County,US.WA.WH,5,0,
Cameron County,US.PA.CE,5,0,
Calhoun County,US.WV.CH,5,0,
Florence County,US.WI.FL,5,0,
Pawnee County,US.NE.PA,5,0,
Towner County,US.ND.TO,5,0,
Oliver County,US.ND.OL,5,0,
Bent County,US.CO.BE,5,0,
Nuckolls County,US.NE.NU,5,0,
Chautauqua County,US.KS.CQ,5,0,
Harmon County,US.OK.HM,5,0,
Ness County,US.KS.NS,5,0,
Rush County,US.KS.RH,5,0,
Nelson County,US.ND.NE,5,0,
Summers County,US.WV.SU,5,0,
Armstrong County,US.TX.AM,4,0,
Barber County,US.KS.AB,4,0,
Catron County,US.NM.CA,4,1,
Cherry County,US.NE.CH,4,0,
Chase County,US.NE.CE,4,0,
Sweet Grass County,US.MT.SW,4,1,
Golden Valley County,US.ND.GO,4,0,
Decatur County,US.KS.DC,4,0,
Stonewall County,US.TX.SA,4,0,
Ellis County,US.OK.EL,4,0,
Knox County,US.MO.KN,4,0,
Fergus County,US.MT.FE,4,0,
Hooker County,US.NE.HO,4,0,
Garden County,US.NE.GD,4,0,
Dickens County,US.TX.DC,4,0,
Dewey County,US.OK.DW,4,0,
Essex County,US.VT.ES,4,0,
Meagher County,US.MT.ME,4,0,
McPherson County,US.NE.MC,4,0,
Motley County,US.TX.MY,4,0,
Ozark County,US.MO.OZ,4,0,
Putnam County,US.MO.PN,4,0,
Piute County,US.UT.PT,4,0,
Grant County,US.ND.GT,4,0,
Dawes County,US.NE.DS,4,0,
Perkins County,US.SD.PR,4,0,
Haines Borough,US.AK.HA,4,0,
Harper County,US.OK.HP,4,0,
Kenedy County,US.TX.KE,4,0,
Hinsdale County,US.CO.HI,3,0,
Greeley County,US.KS.GL,3,0,
Hoonah-Angoon Census Area,US.AK.HH,3,0,
Gove County,US.KS.GO,3,0,
Hyde County,US.SD.HY,3,0,
Storey County,US.NV.ST,3,0,
Highland County,US.VA.HA,3,0,
Chouteau County,US.MT.CH,3,0,
Kittson County,US.MN.KI,3,0,
Smith County,US.KS.SM,3,0,
Slope County,US.ND.SL,3,0,
Golden Valley County,US.MT.GO,3,0,
Kusilvak Census Area,US.AK.WA,3,0,
Sheridan County,US.MT.SH,3,0,
Lee County,US.KY.LE,3,0,
Lincoln County,US.NV.LI,3,0,
Luce County,US.MI.LU,3,0,
Ontonagon County,US.MI.ON,3,0,
Osborne County,US.KS.OB,3,0,
Ritchie County,US.WV.RI,3,0,
Piscataquis County,US.ME.PI,3,0,
Aleutians West Census Area,US.AK.AW,3,0,
Bath County,US.VA.BA,3,0,
Prince of Wales-Hyder Census Area,US.AK.PH,3,0,
Trinity County,US.CA.TR,3,0,
Gilliam County,US.OR.GI,3,0,
Comanche County,US.KS.CM,3,0,
Trego County,US.KS.TR,3,0,
Webster County,US.WV.WB,3,0,
Frontier County,US.NE.FO,3,0,
Garfield County,US.NE.GF,3,0,
Treasure County,US.MT.TR,2,0,
Logan County,US.KS.LG,2,0,
Fallon County,US.MT.FA,2,0,
Eureka County,US.NV.EU,2,0,
Stafford County,US.KS.SF,2,0,
Kent County,US.TX.KT,2,0,
Keweenaw County,US.MI.KW,2,0,
Doddridge County,US.WV.DO,2,0,
San Juan County,US.CO.SJ,2,0,
Banner County,US.NE.BA,2,0,
Niobrara County,US.WY.NI,2,0,
Rock County,US.NE.RO,2,0,
Robertson County,US.KY.RB,2,0,
Washington County,US.KS.WS,2,0,
Cook County,US.MN.CO,2,0,
Alpine County,US.CA.AP,2,0,
Clark County,US.MO.CK,2,0,
Cheyenne County,US.KS.CN,2,0,
Foard County,US.TX.FD,2,0,
Holt County,US.MO.HL,2,0,
Wheatland County,US.MT.WH,2,0,
Wichita County,US.KS.WH,2,0,
Grant County,US.OR.GR,2,0,
Garfield County,US.WA.GF,2,0,
Throckmorton County,US.TX.TH,2,0,
Terrell County,US.TX.TL,2,0,
Cimarron County,US.OK.CO,1,0,
Thomas County,US.NE.TO,1,0,
Divide County,US.ND.DV,1,0,
Lake of the Woods County,US.MN.LO,1,0,
Liberty County,US.MT.LB,1,0,
Haakon County,US.SD.HA,1,0,
Logan County,US.ND.LO,1,0,
Hitchcock County,US.NE.HI,1,0,
Deuel County,US.NE.DL,1,0,
Musselshell County,US.MT.MU,1,0,
McCone County,US.MT.MC,1,0,
Denali Borough,US.AK.DE,1,0,
Harding County,US.NM.HA,1,0,
Daniels County,US.MT.DN,1,0,
Alfalfa County,US.OK.AL,1,0,
Wibaux County,US.MT.WI,1,0,
Aleutians East Borough,US.AK.AE,1,0,
Potter County,US.SD.PO,1,0,
Powder River County,US.MT.PD,1,0,
Sierra County,US.CA.SE,1,0,
Dolores County,US.CO.DO,1,0,
Camas County,US.ID.CM,1,0,
Wheeler County,US.NE.WH,1,0,
Harlan County,US.NE.HR,1,0,
Jones County,US.SD.JO,1,0,
Billings County,US.ND.BI,1,0,
Campbell County,US.SD.CP,1,0,
Boyd County,US.NE.BY,1,0,
Judith Basin County,US.MT.JU,1,0,
Elk County,US.KS.EK,1,0,
Sully County,US.SD.SU,1,0,
Clark County,US.ID.CA,0,0,
Borden County,US.TX.BD,0,0,
Prairie County,US.MT.PR,0,0,
Powell County,US.MT.PL,0,0,
Daggett County,US.UT.DG,0,0,
Sterling County,US.TX.SI,0,0,
Grant County,US.NE.GA,0,0,
Petroleum County,US.MT.PO,0,0,
Adams County,US.ND.AD,0,0,
Butte County,US.ID.BT,0,0,
Rawlins County,US.KS.RA,0,0,
Phillips County,US.MT.PH,0,0,
Wayne County,US.UT.WE,0,0,
Blaine County,US.NE.BL,0,0,
Brown County,US.NE.BW,0,0,
Harding County,US.SD.HR,0,0,
Bristol Bay Borough,US.AK.BR,0,0,
Kalawao County,US.HI.KL,0,0,
King County,US.TX.KG,0,0,
Skagway Municipality,US.AK.SW,0,0,
Dillingham Census Area,US.AK.DI,0,0,
Lewis County,US.ID.LW,0,0,
Dundy County,US.NE.DY,0,0,
Carter County,US.MT.CT,0,0,
Esmeralda County,US.NV.ES,0,0,
Logan County,US.NE.LG,0,0,
Kiowa County,US.CO.KO,0,0,
Loving County,US.TX.LI,0,0,
Hayes County,US.NE.HY,0,0,
Keya Paha County,US.NE.KY,0,0,
Wheeler County,US.OR.WE,0,0,
Wallace County,US.KS.WA,0,0,
Mineral County,US.MT.MN,0,0,
Modoc County,US.CA.MC,0,0,
De Baca County,US.NM.DE,0,0,
Arthur County,US.NE.AR,0,0,
Yakutat City and Borough,US.AK.YA,0,0,
Loup County,US.NE.LU,0,0,
