County,hasc,confirmed,death,recovered
Los Angeles County,US.CA.LO,91467,3246,
Cook County,US.IL.CO,88650,4500,
Queens County,US.NY.QU,64987,6580,
Kings County,US.NY.KI,59206,7001,
Bronx County,US.NY.BN,47294,4662,
Nassau County,US.NY.NA,41646,2180,
Suffolk County,US.NY.SF,41151,1974,
Maricopa County,US.AZ.MA,37135,694,
Westchester County,US.NY.WE,34642,1416,
Miami-Dade County,US.FL.DA,28664,935,
New York County,US.NY.NE,28192,3054,
Harris County,US.TX.RR,25786,346,
Middlesex County,US.MA.MI,23741,1825,
Wayne County,US.MI.WY,22453,2701,
Philadelphia County,US.PA.PH,21072,1583,
Suffolk County,US.MA.SU,19664,990,
Bergen County,US.NJ.BE,19167,1716,
Hudson County,US.NJ.HD,18775,1273,
Essex County,US.NJ.ES,18637,1774,
Prince George's County,US.MD.PR,18249,669,
Dallas County,US.TX.DS,18135,328,
Passaic County,US.NJ.PA,16819,1025,
Middlesex County,US.NJ.MI,16667,1107,
Fairfield County,US.CT.FA,16547,1373,
Union County,US.NJ.UN,16334,1141,
Essex County,US.MA.ES,15952,1086,
Riverside County,US.CA.RI,15142,435,
Montgomery County,US.MD.MO,14381,731,
Richmond County,US.NY.RI,14020,1035,
Fairfax County,US.VA.FX,13611,457,
Rockland County,US.NY.RO,13549,506,
Providence County,US.RI.PR,12712,501,
Broward County,US.FL.BO,12584,379,
New Haven County,US.CT.NH,12245,1068,
Worcester County,US.MA.WO,12236,917,
San Diego County,US.CA.SD,11961,352,
Clark County,US.NV.CL,11878,405,
Palm Beach County,US.FL.PL,11840,486,
Oakland County,US.MI.OD,11826,1084,
Orange County,US.CA.OR,11511,306,
Hartford County,US.CT.HA,11483,1362,
Hennepin County,US.MN.HE,11178,758,
Marion County,US.IN.MO,11042,675,
San Bernardino County,US.CA.SA,10769,248,
Orange County,US.NY.OE,10679,399,
Milwaukee County,US.WI.MU,10674,381,
Washington,US.DC.DI,10159,543,
Tarrant County,US.TX.TN,9846,215,
Salt Lake County,US.UT.SL,9763,105,
Mecklenburg County,US.NC.MB,9614,144,
King County,US.WA.KN,9573,606,
Lake County,US.IL.LK,9514,411,
Ocean County,US.NJ.OC,9508,868,
Norfolk County,US.MA.NO,9082,923,
Jefferson Parish,US.LA.JF,9074,480,
Monmouth County,US.NJ.MN,9030,704,
DuPage County,US.IL.DU,8825,463,
Shelby County,US.TN.SY,8643,175,
Plymouth County,US.MA.PL,8625,654,
Franklin County,US.OH.FR,8310,378,
Davidson County,US.TN.DA,8258,103,
Montgomery County,US.PA.MG,8244,792,
Bristol County,US.MA.BR,8107,558,
Bexar County,US.TX.BX,7814,104,
Orleans Parish,US.LA.OR,7638,529,
Mercer County,US.NJ.ME,7595,535,
Kane County,US.IL.KE,7529,257,
Baltimore County,US.MD.BC,7363,460,
Hillsborough County,US.FL.HL,7329,127,
Gwinnett County,US.GA.GW,7271,167,
Baltimore City,US.MD.BA,7258,327,
Macomb County,US.MI.MB,7225,900,
Camden County,US.NJ.CM,7212,427,
Erie County,US.NY.ER,7138,569,
Delaware County,US.PA.DE,7095,648,
Prince William County,US.VA.PW,7064,137,
Travis County,US.TX.TV,6914,116,
Denver County,US.CO.DN,6835,369,
Orange County,US.FL.OR,6786,55,
Morris County,US.NJ.MR,6685,643,
Hampden County,US.MA.HD,6658,654,
Yakima County,US.WA.YA,6607,149,
Douglas County,US.NE.DG,6588,84,
Pima County,US.AZ.PM,6546,266,
Will County,US.IL.WL,6493,315,
Fulton County,US.GA.FU,6250,310,
Cuyahoga County,US.OH.CU,6111,346,
St. Louis County,US.MO.SL,5837,557,
Imperial County,US.CA.IM,5744,73,
Polk County,US.IA.PK,5680,171,
Bucks County,US.PA.BC,5649,560,
Alameda County,US.CA.AA,5382,128,
DeKalb County,US.GA.DA,5279,168,
Yuma County,US.AZ.YU,5113,68,
Burlington County,US.NJ.BU,5084,376,
Arapahoe County,US.CO.AA,5066,342,
Anne Arundel County,US.MD.AN,4985,201,
El Paso County,US.TX.EP,4984,125,
Somerset County,US.NJ.SO,4828,443,
New Castle County,US.DE.NE,4791,242,
East Baton Rouge Parish,US.LA.EB,4724,266,
Kent County,US.MI.KN,4717,130,
Pinellas County,US.FL.PI,4669,137,
Lake County,US.IN.LK,4596,238,
Sussex County,US.DE.SU,4519,175,
Ramsey County,US.MN.RA,4474,217,
Berks County,US.PA.BK,4461,348,
Cobb County,US.GA.CB,4378,239,
Wake County,US.NC.WK,4347,44,
Hamilton County,US.OH.HM,4337,191,
Lancaster County,US.PA.LN,4212,354,
Greenville County,US.SC.GV,4192,77,
Kern County,US.CA.KE,4182,64,
Dutchess County,US.NY.DU,4176,151,
Lehigh County,US.PA.LH,4164,285,
Lee County,US.FL.LE,4062,149,
Fresno County,US.CA.FR,4053,71,
Adams County,US.CO.AD,4013,154,
Santa Clara County,US.CA.SL,3888,155,
Loudoun County,US.VA.LD,3739,85,
Duval County,US.FL.DU,3724,64,
Jefferson County,US.KY.JF,3714,187,
Tulare County,US.CA.TL,3646,119,
Monroe County,US.NY.MR,3602,241,
Chester County,US.PA.CH,3578,321,
Minnehaha County,US.SD.MN,3560,56,
Utah County,US.UT.UT,3541,22,
Collier County,US.FL.CL,3521,70,
Montgomery County,US.AL.MT,3514,91,
Jefferson County,US.AL.JE,3378,131,
Snohomish County,US.WA.SN,3371,165,
Northampton County,US.PA.NA,3352,262,
Durham County,US.NC.DH,3319,60,
Navajo County,US.AZ.NA,3311,115,
San Francisco County,US.CA.SF,3297,48,
Fort Bend County,US.TX.FR,3267,51,
Mobile County,US.AL.MB,3241,135,
Jackson County (including other portions of Kansas City),US.MO.JC,3236,54,
McKinley County,US.NM.MC,3215,162,
Hillsborough County,US.NH.HI,3163,234,
Caddo Parish,US.LA.CO,3096,230,
Woodbury County,US.IA.WO,3095,43,
Hall County,US.GA.HL,3054,59,
San Mateo County,US.CA.SM,2996,104,
Tulsa County,US.OK.TU,2949,66,
Winnebago County,US.IL.WN,2935,89,
Richland County,US.SC.RI,2934,80,
Cumberland County,US.NJ.CU,2917,126,
Pinal County,US.AZ.PN,2912,58,
San Joaquin County,US.CA.SJ,2884,49,
Luzerne County,US.PA.LU,2883,174,
Washington County,US.AR.WA,2880,23,
Potter County,US.TX.PT,2843,39,
Elkhart County,US.IN.EL,2805,41,
Atlantic County,US.NJ.AT,2787,192,
Weld County,US.CO.WE,2757,136,
Onondaga County,US.NY.OG,2751,163,
Chesterfield County,US.VA.CD,2735,49,
Marion County,US.OH.MR,2717,36,
Forsyth County,US.NC.FO,2715,31,
Brown County,US.WI.BW,2698,41,
Genesee County,US.MI.GE,2669,285,
Santa Barbara County,US.CA.SB,2631,28,
Charleston County,US.SC.CS,2628,22,
Jefferson County,US.CO.JE,2594,207,
Guilford County,US.NC.GU,2586,111,
Contra Costa County,US.CA.CN,2576,72,
Polk County,US.FL.PO,2571,84,
Lucas County,US.OH.LU,2534,299,
Gloucester County,US.NJ.GL,2518,173,
Sacramento County,US.CA.SC,2512,66,
Allen County,US.IN.AL,2507,97,
Hidalgo County,US.TX.HG,2503,29,
Henrico County,US.VA.HC,2500,140,
Horry County,US.SC.HO,2495,42,
Howard County,US.MD.HO,2453,83,
Collin County,US.TX.CI,2449,39,
Arlington County,US.VA.AR,2445,127,
Frederick County,US.MD.FR,2441,116,
Denton County,US.TX.DN,2417,37,
Oklahoma County,US.OK.OL,2410,68,
Washoe County,US.NV.WA,2404,74,
Pierce County,US.WA.PI,2400,97,
Allegheny County,US.PA.AL,2321,182,
Ventura County,US.CA.VE,2287,44,
Kings County,US.CA.KI,2284,21,
Alexandria City,US.VA.AX,2271,50,
San Juan County,US.NM.SJ,2268,160,
Galveston County,US.TX.GV,2266,40,
Rutherford County,US.TN.RU,2266,34,
Benton County,US.AR.BE,2262,14,
City of St. Louis,US.MO.SY,2252,151,
Apache County,US.AZ.AP,2235,73,
El Paso County,US.CO.EL,2220,109,
Manatee County,US.FL.MN,2202,128,
Hays County,US.TX.HY,2194,5,
Hamilton County,US.TN.HL,2185,29,
Cass County,US.ND.CS,2181,65,
St. Tammany Parish,US.LA.ST,2166,172,
Pickaway County,US.OH.PC,2150,41,
Stearns County,US.MN.SR,2141,19,
Ouachita Parish,US.LA.OU,2125,72,
Racine County,US.WI.RA,2124,61,
Richmond City,US.VA.RC,2089,29,
Albany County,US.NY.AB,2076,108,
Wyandotte County,US.KS.WY,2030,78,
Dakota County,US.MN.DA,2012,85,
Multnomah County,US.OR.MU,1967,68,
Ford County,US.KS.FO,1963,10,
Anoka County,US.MN.AN,1961,103,
Walker County,US.TX.WK,1950,28,
McHenry County,US.IL.MY,1949,95,
Bernalillo County,US.NM.BE,1937,85,
Black Hawk County,US.IA.BL,1937,56,
Brazoria County,US.TX.BI,1913,19,
Dauphin County,US.PA.DA,1893,131,
Cameron County,US.TX.CA,1881,52,
Stanislaus County,US.CA.ST,1871,38,
Dougherty County,US.GA.DH,1871,154,
Summit County,US.OH.SU,1839,202,
Montgomery County,US.TX.MG,1831,36,
Clayton County,US.GA.CN,1782,79,
Hinds County,US.MS.HI,1772,34,
Seminole County,US.FL.SE,1768,16,
Ulster County,US.NY.UL,1765,81,
Tuscaloosa County,US.AL.TU,1758,37,
Dakota County,US.NE.DK,1749,31,
St. Joseph County,US.IN.SN,1740,59,
Lafayette Parish,US.LA.LY,1723,37,
Wayne County,US.NC.WY,1712,24,
St. Clair County,US.IL.SI,1694,132,
Mahoning County,US.OH.MH,1682,227,
Coconino County,US.AZ.CO,1676,91,
Buena Vista County,US.IA.BV,1675,10,
Martin County,US.FL.MT,1673,23,
Lubbock County,US.TX.LU,1665,51,
Lancaster County,US.NE.LA,1660,10,
Lexington County,US.SC.LX,1659,45,
Pulaski County,US.AR.PU,1655,53,
Lackawanna County,US.PA.LC,1648,202,
Washtenaw County,US.MI.WS,1639,103,
Nobles County,US.MN.NB,1637,6,
Kent County,US.DE.KE,1630,89,
Cass County,US.IN.CS,1629,9,
Cumberland County,US.ME.CU,1627,59,
Williamson County,US.TX.WM,1614,32,
Santa Cruz County,US.AZ.SA,1587,14,
Ada County,US.ID.AA,1585,23,
Hall County,US.NE.HL,1584,46,
Finney County,US.KS.FI,1562,10,
Benton County,US.WA.BE,1556,75,
Barnstable County,US.MA.BA,1525,141,
Jefferson County,US.TX.JE,1520,32,
Oneida County,US.NY.OD,1479,91,
Trousdale County,US.TN.TR,1471,5,
Litchfield County,US.CT.LI,1469,136,
Montgomery County,US.OH.MT,1465,22,
Volusia County,US.FL.VO,1464,53,
Franklin County,US.WA.FR,1451,32,
Rockingham County,US.NH.RO,1450,87,
Sullivan County,US.NY.SL,1448,35,
Muscogee County,US.GA.MG,1444,41,
Kenosha County,US.WI.KN,1440,41,
Johnson County,US.KS.JO,1427,81,
Warren County,US.KY.WR,1426,11,
Rapides Parish,US.LA.RA,1423,56,
York County,US.PA.YO,1418,41,
Monterey County,US.CA.MT,1416,12,
Hamilton County,US.IN.HM,1411,97,
Escambia County,US.FL.ES,1404,43,
Monroe County,US.PA.MR,1388,108,
St. Lucie County,US.FL.SL,1384,45,
Marion County,US.OR.MR,1382,38,
Brazos County,US.TX.BZ,1377,26,
Manassas City,US.VA.MS,1374,16,
Duplin County,US.NC.DP,1373,20,
Cache County,US.UT.CA,1357,1,
Charles County,US.MD.CH,1350,86,
Hendricks County,US.IN.HD,1346,97,
Dane County,US.WI.DA,1324,32,
Osceola County,US.FL.OS,1321,24,
Boulder County,US.CO.BO,1321,71,
Spartanburg County,US.SC.SP,1312,44,
Putnam County,US.NY.PU,1311,62,
Butler County,US.OH.BU,1301,41,
Fayette County,US.KY.FA,1293,21,
Lebanon County,US.PA.LB,1291,43,
Middlesex County,US.CT.MI,1277,179,
Marshall County,US.AL.MS,1275,9,
Sumner County,US.TN.SN,1260,51,
Troup County,US.GA.TP,1253,30,
Saginaw County,US.MI.SG,1247,123,
Johnston County,US.NC.JH,1234,29,
Warren County,US.NJ.WA,1224,144,
New London County,US.CT.NL,1219,102,
Tangipahoa Parish,US.LA.TA,1218,43,
Johnson County,US.IN.JO,1205,117,
Niagara County,US.NY.NI,1203,85,
Sussex County,US.NJ.SU,1183,154,
Cherokee County,US.GA.CE,1179,43,
Washington County,US.OR.WI,1175,20,
Kankakee County,US.IL.KK,1173,62,
Pasco County,US.FL.PS,1170,17,
Kent County,US.RI.KE,1169,72,
Brevard County,US.FL.BE,1149,17,
Sarasota County,US.FL.SR,1139,96,
Leavenworth County,US.KS.LV,1137,7,
Linn County,US.IA.LI,1136,80,
Robeson County,US.NC.RB,1132,37,
Carroll County,US.MD.CR,1101,109,
Spokane County,US.WA.SP,1098,38,
Dallas County,US.IA.DL,1097,29,
Ascension Parish,US.LA.AE,1094,58,
Solano County,US.CA.SN,1094,23,
DeSoto County,US.MS.DE,1091,15,
Randolph County,US.NC.RA,1090,28,
Rowan County,US.NC.RW,1088,38,
Madison County,US.MS.MD,1082,31,
Henry County,US.GA.HY,1080,31,
Harford County,US.MD.HA,1078,61,
Waukesha County,US.WI.WK,1069,38,
Marin County,US.CA.MN,1068,18,
Sarpy County,US.NE.SY,1068,8,
Hunterdon County,US.NJ.HN,1065,67,
Cumberland County,US.NC.CU,1065,40,
Lafourche Parish,US.LA.LO,1064,85,
Calcasieu Parish,US.LA.CC,1061,54,
Wicomico County,US.MD.WI,1055,40,
Virginia Beach City,US.VA.VI,1053,27,
Lowndes County,US.GA.LW,1046,8,
Webb County,US.TX.WB,1045,23,
Union County,US.NC.UN,1042,23,
Kalamazoo County,US.MI.KA,1042,67,
Accomack County,US.VA.AC,1037,14,
Florence County,US.SC.FL,1037,47,
Lincoln County,US.AR.LC,1036,11,
Columbiana County,US.OH.CL,1033,59,
Nueces County,US.TX.NU,1028,6,
Lee County,US.AL.LE,1020,36,
Anderson County,US.TX.AE,1014,2,
Bell County,US.TX.BL,1009,11,
Chatham County,US.GA.CM,1009,36,
Alamance County,US.NC.AA,1009,36,
Sedgwick County,US.KS.SG,1001,28,
St. Charles County,US.MO.SA,995,73,
Jones County,US.MS.JO,994,48,
Seward County,US.KS.SW,991,2,
Marshall County,US.IA.MS,990,18,
Davis County,US.UT.DA,989,4,
Texas County,US.OK.TE,984,6,
Ottawa County,US.MI.OT,983,51,
Beaufort County,US.SC.BA,979,17,
Stark County,US.OH.ST,977,107,
Washington County,US.UT.WN,977,3,
Sonoma County,US.CA.SO,974,5,
Stafford County,US.VA.SF,954,5,
Burke County,US.NC.BK,954,17,
Hampshire County,US.MA.HS,952,109,
Olmsted County,US.MN.OL,948,15,
Sampson County,US.NC.SP,947,5,
York County,US.SC.YO,946,12,
Kendall County,US.IL.KA,940,20,
Cabarrus County,US.NC.CR,936,27,
St. John the Baptist Parish,US.LA.SO,936,86,
Spotsylvania County,US.VA.SP,931,26,
Washington County,US.MN.WH,926,39,
Neshoba County,US.MS.NS,922,63,
Ingham County,US.MI.IH,916,29,
Chatham County,US.NC.CH,910,42,
Harrisonburg City,US.VA.HS,907,23,
Sumter County,US.SC.SU,903,21,
Franklin County,US.PA.FR,900,42,
Tolland County,US.CT.TO,899,64,
Shelby County,US.AL.SH,897,23,
Douglas County,US.CO.DU,895,52,
Whitfield County,US.GA.WF,891,10,
Lorain County,US.OH.LR,889,67,
Moore County,US.TX.MO,886,14,
Terrebonne Parish,US.LA.TR,884,60,
Johnson County,US.IA.JH,884,8,
Lake County,US.FL.LK,881,21,
Mohave County,US.AZ.MO,881,80,
Williamson County,US.TN.WL,874,14,
Madison County,US.IL.MD,872,68,
Gaston County,US.NC.GS,869,11,
Morgan County,US.AL.MG,866,2,
Lauderdale County,US.MS.LU,864,78,
Alachua County,US.FL.AL,863,11,
Berrien County,US.MI.BN,859,60,
Dawson County,US.NE.DN,854,8,
Mower County,US.MN.MW,847,2,
Madison County,US.AL.MD,842,6,
Davidson County,US.NC.DD,831,15,
Douglas County,US.GA.DL,828,35,
Buchanan County,US.MO.BC,827,3,
Cumberland County,US.PA.CU,825,63,
Colquitt County,US.GA.CQ,820,18,
Rock County,US.WI.RO,819,23,
Rock Island County,US.IL.RO,816,28,
Franklin County,US.AL.FR,816,11,
Champaign County,US.IL.CM,814,12,
Richmond County,US.GA.RI,810,48,
Hendry County,US.FL.HR,810,24,
Randall County,US.TX.RA,809,6,
Dona Ana County,US.NM.DO,806,8,
Berkeley County,US.SC.BK,805,21,
Culpeper County,US.VA.CP,803,9,
St. Francis County,US.AR.SI,801,3,
Chesapeake City,US.VA.CS,800,16,
Muskegon County,US.MI.MG,796,49,
Norfolk City,US.VA.NF,795,8,
Livingston Parish,US.LA.LV,794,36,
Merced County,US.CA.MD,791,11,
Knox County,US.TN.KN,783,5,
Schenectady County,US.NY.SN,778,35,
Trumbull County,US.OH.TR,771,57,
Rice County,US.MN.RI,771,4,
Weber County,US.UT.WB,771,11,
Granville County,US.NC.GN,767,19,
Cleveland County,US.OK.CV,763,40,
Walker County,US.AL.WK,761,12,
Kenton County,US.KY.KE,759,36,
Forrest County,US.MS.FO,759,42,
Salem County,US.NJ.SA,751,67,
Bossier Parish,US.LA.BO,751,28,
Acadia Parish,US.LA.AD,745,35,
Elmore County,US.AL.EL,744,12,
Forsyth County,US.GA.FO,742,15,
Lee County,US.NC.LE,741,7,
Schuylkill County,US.PA.SC,730,43,
Robertson County,US.TN.RB,729,10,
Scott County,US.MS.SC,721,14,
Dallas County,US.AL.DL,716,7,
St. Charles Parish,US.LA.SC,713,48,
Putnam County,US.TN.PU,706,7,
Cape May County,US.NJ.CP,704,63,
Clark County,US.OH.CK,703,8,
Sandoval County,US.NM.SD,701,29,
Wapello County,US.IA.WP,692,28,
Larimer County,US.CO.LR,692,29,
Lake County,US.TN.LK,690,0,
Iberville Parish,US.LA.IV,689,43,
Bibb County,US.GA.BI,684,38,
Ellis County,US.TX.EI,684,19,
Wilson County,US.TN.WO,683,15,
Rankin County,US.MS.RA,682,12,
Clark County,US.WA.CR,681,30,
Broome County,US.NY.BO,680,58,
Rockingham County,US.VA.RG,674,9,
New Hanover County,US.NC.NE,673,5,
Dodge County,US.NE.DE,672,8,
Eagle County,US.CO.EA,670,8,
Tift County,US.GA.TI,666,25,
Titus County,US.TX.TU,665,4,
Colfax County,US.NE.CO,664,4,
Jefferson County,US.AR.JE,663,28,
Crittenden County,US.AR.CD,660,10,
Carroll County,US.GA.CL,657,39,
Platte County,US.NE.PL,656,3,
Washington County,US.MD.WA,653,26,
Pickens County,US.SC.PI,652,4,
Habersham County,US.GA.HB,650,35,
Morgan County,US.CO.MN,649,46,
Warren County,US.OH.WR,649,20,
Crawford County,US.IA.CW,648,2,
Clackamas County,US.OR.CC,648,24,
Pottawattamie County,US.IA.PT,648,11,
Wilson County,US.NC.WO,644,18,
Bartow County,US.GA.BT,643,40,
Leon County,US.FL.LO,642,8,
Catawba County,US.NC.CB,641,10,
Beaver County,US.PA.BA,637,78,
Porter County,US.IN.PR,635,36,
Logan County,US.CO.LO,635,5,
Winnebago County,US.WI.WA,634,11,
Lee County,US.AR.LE,626,1,
Charlotte County,US.FL.CH,626,76,
Madison County,US.IN.MD,624,63,
Iredell County,US.NC.IR,624,7,
Sevier County,US.AR.SV,617,6,
Bledsoe County,US.TN.BE,616,1,
Washington Parish,US.LA.WO,615,45,
Pitt County,US.NC.PI,611,5,
St. Mary's County,US.MD.SA,610,48,
Scott County,US.MN.SC,609,4,
St. Martin Parish,US.LA.SR,606,26,
Clark County,US.IN.CK,605,44,
Coweta County,US.GA.CA,605,15,
Jones County,US.TX.JN,604,0,
St. Bernard Parish,US.LA.SE,602,23,
Canyon County,US.ID.CN,601,6,
St. Johns County,US.FL.SJ,599,7,
Chittenden County,US.VT.CH,599,39,
Windham County,US.CT.WI,595,14,
Muscatine County,US.IA.MU,595,43,
Honolulu County,US.HI.HO,595,11,
Orangeburg County,US.SC.OR,594,9,
Monroe County,US.MI.MO,591,21,
Berkshire County,US.MA.BE,591,44,
Boone County,US.KY.BO,588,23,
Butler County,US.AL.BT,588,27,
Kershaw County,US.SC.KE,586,15,
Tipton County,US.TN.TI,580,4,
Placer County,US.CA.PA,579,10,
Orange County,US.NC.OR,578,41,
Westmoreland County,US.PA.WE,578,38,
Whatcom County,US.WA.WA,574,40,
Bartholomew County,US.IN.BA,572,43,
Story County,US.IA.ST,571,3,
Iberia Parish,US.LA.II,570,43,
Boone County,US.IL.BO,567,21,
Yavapai County,US.AZ.YA,564,7,
Kandiyohi County,US.MN.KD,564,1,
Guadalupe County,US.TX.GU,563,1,
Harrison County,US.MS.HR,562,7,
Wilkes County,US.NC.WE,561,6,
Erie County,US.PA.ER,559,9,
Tippecanoe County,US.IN.TP,555,8,
Buckingham County,US.VA.BK,555,4,
Harnett County,US.NC.HT,553,30,
Houston County,US.GA.HO,553,23,
Shenandoah County,US.VA.SN,552,28,
Livingston County,US.MI.LI,550,28,
Chambers County,US.AL.CM,549,27,
Grayson County,US.TX.GO,547,5,
Walworth County,US.WI.WL,546,18,
Shawnee County,US.KS.SN,546,9,
Clay County,US.FL.CY,542,33,
Sumter County,US.GA.SU,542,50,
Tallapoosa County,US.AL.TP,541,70,
Rensselaer County,US.NY.RE,541,32,
St. Landry Parish,US.LA.SL,540,57,
Twin Falls County,US.ID.TW,540,25,
Saratoga County,US.NY.SR,540,15,
Newton County,US.GA.NE,539,11,
Clay County,US.MN.CA,537,37,
Henderson County,US.NC.HN,535,49,
St. Clair County,US.MI.SA,535,49,
DeKalb County,US.IL.DK,534,18,
Paulding County,US.GA.PA,532,15,
Saline County,US.NE.SL,531,2,
Copiah County,US.MS.CP,528,12,
Blaine County,US.ID.BL,528,5,
Howard County,US.IN.HO,524,50,
Washington County,US.RI.WA,523,50,
DeSoto County,US.FL.DE,521,10,
Leake County,US.MS.LK,520,17,
Buncombe County,US.NC.BO,519,29,
Calhoun County,US.MI.CU,517,32,
Sevier County,US.TN.SV,516,3,
Belmont County,US.OH.BE,516,21,
Beadle County,US.SD.BA,508,6,
Anderson County,US.SC.AN,508,10,
Glynn County,US.GA.GY,503,3,
LaPorte County,US.IN.LA,502,25,
Holmes County,US.MS.HO,501,39,
Okaloosa County,US.FL.OA,500,6,
Scott County,US.IA.SC,496,10,
Muhlenberg County,US.KY.MU,494,8,
Midland County,US.TX.ID,494,14,
Etowah County,US.AL.ET,493,13,
Marion County,US.FL.MI,493,10,
Columbus County,US.NC.CM,492,35,
Skagit County,US.WA.SG,491,15,
Kaufman County,US.TX.KU,490,4,
San Luis Obispo County,US.CA.SS,489,1,
Pike County,US.PA.PI,489,20,
Jackson County,US.MI.JA,489,30,
DeKalb County,US.AL.DA,489,5,
Vance County,US.NC.VA,486,36,
York County,US.ME.YO,484,11,
Dorchester County,US.SC.DO,483,3,
Pennington County,US.SD.PN,482,13,
Coffee County,US.GA.CF,482,17,
Lyon County,US.KS.LY,481,6,
Floyd County,US.GA.FL,481,15,
Autauga County,US.AL.AU,479,11,
Indian River County,US.FL.IN,479,16,
Yell County,US.AR.YE,479,3,
Baldwin County,US.AL.BD,477,9,
Summit County,US.UT.SU,474,0,
McLennan County,US.TX.ML,473,6,
Dubuque County,US.IA.DU,471,22,
Cochise County,US.AZ.CH,468,6,
Newport News City,US.VA.NN,466,10,
Baldwin County,US.GA.BD,465,33,
Frederick County,US.VA.FK,464,4,
Androscoggin County,US.ME.AN,464,4,
Wayne County,US.MS.WY,461,9,
Cecil County,US.MD.CE,460,29,
Peoria County,US.IL.PI,459,26,
Jackson County,US.MS.JC,458,16,
Columbia County,US.NY.CU,455,47,
Tuscarawas County,US.OH.TU,454,10,
Barrow County,US.GA.BW,453,25,
McDonald County,US.MO.MA,451,1,
Bedford County,US.TN.BD,451,4,
Delaware County,US.OH.DL,449,15,
Franklin Parish,US.LA.FR,448,14,
Oktibbeha County,US.MS.OK,448,21,
Clarke County,US.GA.CK,448,15,
Dodge County,US.WI.DD,445,5,
Angelina County,US.TX.AG,445,6,
Mitchell County,US.GA.MT,443,38,
Portsmouth City,US.VA.PR,442,16,
Jackson County,US.IN.JC,442,3,
Berkeley County,US.WV.BE,441,10,
Medina County,US.OH.MD,441,31,
Leflore County,US.MS.LL,439,48,
Fairfield County,US.OH.FI,438,15,
Grant County,US.WA.GN,438,6,
Lowndes County,US.AL.LO,436,18,
Ector County,US.TX.EC,434,7,
Tama County,US.IA.TM,433,29,
Jefferson County,US.MO.JE,432,19,
Kosciusko County,US.IN.KO,432,2,
Sioux County,US.IA.SI,431,0,
Lee County,US.MS.LE,429,15,
Outagamie County,US.WI.OU,428,8,
Yazoo County,US.MS.YZ,426,6,
Craighead County,US.AR.CG,422,6,
Smith County,US.TX.SM,422,4,
Bradley County,US.TN.BR,421,3,
LaGrange County,US.IN.LG,420,6,
Surry County,US.NC.SU,418,2,
Rockdale County,US.GA.RO,417,10,
Manassas Park city,US.VA.MP,417,5,
Fauquier County,US.VA.FQ,415,6,
St. Mary Parish,US.LA.SM,415,37,
Daviess County,US.KY.DA,414,8,
Miami County,US.OH.MM,413,30,
Montgomery County,US.TN.MT,413,7,
Bowie County,US.TX.BW,413,11,
Delaware County,US.IN.DL,413,47,
Lowndes County,US.MS.LO,412,10,
Hanover County,US.VA.HV,412,25,
Ashtabula County,US.OH.AB,412,42,
Wright County,US.MN.WR,411,3,
Santa Rosa County,US.FL.SA,411,9,
Russell County,US.AL.RU,411,0,
Lincoln County,US.MS.LI,411,32,
Shelby County,US.IN.SH,409,24,
Yolo County,US.CA.YO,408,24,
Brunswick County,US.NC.BS,407,3,
Thomas County,US.GA.TH,404,32,
Calvert County,US.MD.CL,403,26,
Boone County,US.IN.BO,402,41,
Greenwood County,US.SC.GW,402,6,
Merrimack County,US.NH.ME,401,18,
Columbia County,US.PA.CO,399,33,
Sangamon County,US.IL.SM,399,31,
Union Parish,US.LA.UN,398,23,
Hancock County,US.IN.HC,397,35,
Moore County,US.NC.ME,396,12,
Hot Spring County,US.AR.HT,396,0,
Todd County,US.MN.TO,395,2,
Darlington County,US.SC.DA,395,14,
Noble County,US.IN.NO,392,28,
Wasatch County,US.UT.WA,392,3,
Shelby County,US.KY.SH,391,10,
San Juan County,US.UT.SJ,391,7,
Lake County,US.OH.LK,390,16,
Suffolk City,US.VA.SO,389,34,
Washington County,US.OK.WN,388,38,
Clarendon County,US.SC.CN,387,42,
Bastrop County,US.TX.BP,386,6,
Clay County,US.MO.CY,386,8,
Houston County,US.AL.HO,385,5,
McCurtain County,US.OK.MU,385,2,
Lee County,US.GA.LE,385,22,
Marshall County,US.IN.MS,385,3,
East Carroll Parish,US.LA.EC,385,1,
Comanche County,US.OK.CM,383,5,
Madera County,US.CA.ME,383,5,
Columbia County,US.GA.CI,383,9,
Pike County,US.AL.PK,383,4,
Bay County,US.MI.BY,383,30,
Portage County,US.OH.PO,382,58,
Nash County,US.NC.NA,380,4,
Grand Forks County,US.ND.GD,376,4,
Lancaster County,US.SC.LN,375,10,
Comal County,US.TX.OM,374,7,
Starr County,US.TX.SR,373,3,
Ware County,US.GA.WE,372,15,
Victoria County,US.TX.VI,372,8,
Geauga County,US.OH.GE,372,41,
Warren County,US.MS.WR,371,16,
Pope County,US.AR.PP,370,3,
Chattahoochee County,US.GA.CH,370,0,
Lamar County,US.MS.LM,369,7,
Pueblo County,US.CO.PU,369,26,
Walton County,US.GA.WA,369,28,
Vanderburgh County,US.IN.VA,369,6,
Washington County,US.MS.WS,369,9,
Webster Parish,US.LA.WR,368,9,
Albemarle County,US.VA.AB,367,8,
Spalding County,US.GA.SD,365,32,
Franklin County,US.MA.FR,362,54,
Williamsburg County,US.SC.WI,362,15,
Suwannee County,US.FL.SW,360,19,
Nacogdoches County,US.TX.NC,360,26,
Roanoke city,US.VA.RO,359,9,
Madison County,US.NE.MA,356,4,
Cullman County,US.AL.CU,356,3,
Louisa County,US.IA.LO,355,13,
Municipality of Anchorage,US.AK.AN,355,6,
Wright County,US.IA.WG,353,0,
Greensville County,US.VA.GS,351,7,
Licking County,US.OH.LI,351,11,
Bullock County,US.AL.BL,351,10,
Floyd County,US.IN.FL,350,43,
Faulkner County,US.AR.FA,350,3,
Madison County,US.NY.MA,349,9,
Lenoir County,US.NC.LN,348,10,
Jackson County,US.FL.JA,347,2,
Wood County,US.OH.WO,345,51,
Fremont County,US.WY.FR,345,9,
Wayne County,US.OH.WE,343,52,
Upson County,US.GA.UP,343,43,
La Crosse County,US.WI.LA,343,0,
Bladen County,US.NC.BL,341,3,
Umatilla County,US.OR.UM,341,4,
Attala County,US.MS.AT,341,23,
Hardee County,US.FL.HD,340,2,
St. James Parish,US.LA.SJ,340,28,
Jasper County,US.MO.JS,338,1,
Chesterfield County,US.SC.CF,338,13,
Gadsden County,US.FL.GA,337,6,
Georgetown County,US.SC.GR,337,3,
Jackson County,US.GA.JC,337,10,
Santa Cruz County,US.CA.SZ,337,3,
Hoke County,US.NC.HO,337,3,
Washington County,US.WI.WN,335,15,
Brown County,US.SD.BW,335,2,
Caldwell County,US.NC.CL,335,4,
Lauderdale County,US.AL.LU,334,4,
Assumption Parish,US.LA.AS,334,14,
Gordon County,US.GA.GO,334,18,
Craven County,US.NC.CN,332,6,
Colbert County,US.AL.CL,332,5,
Coffee County,US.AL.CF,330,1,
Hunt County,US.TX.HT,330,5,
Lincoln County,US.SD.LI,329,1,
Monroe County,US.MS.MR,328,28,
Jackson County,US.IL.JC,328,19,
De Soto Parish,US.LA.DE,327,18,
Newton County,US.MS.NW,325,8,
Madison Parish,US.LA.MA,324,2,
Sebastian County,US.AR.SB,324,2,
Adams County,US.PA.AD,323,12,
Grimes County,US.TX.GM,322,2,
Coryell County,US.TX.CL,321,2,
Limestone County,US.AL.LI,321,0,
Pike County,US.MS.PI,321,11,
Fayette County,US.GA.FY,320,17,
Taylor County,US.TX.TA,318,5,
Hamilton County,US.FL.HM,317,2,
Gregg County,US.TX.GE,315,13,
Aiken County,US.SC.AI,314,9,
Johnson County,US.TX.JH,314,4,
Laurens County,US.SC.LU,313,4,
Newton County,US.MO.NT,312,2,
Sumter County,US.FL.SM,308,17,
Morgan County,US.IN.MG,308,30,
Carver County,US.MN.CV,308,1,
Walker County,US.GA.WK,308,10,
Stanly County,US.NC.SN,308,5,
Barbour County,US.AL.BR,305,1,
Jasper County,US.IA.JS,305,17,
Lafayette County,US.MS.LY,303,4,
Caroline County,US.MD.CO,302,3,
Winchester city,US.VA.WH,301,3,
Franklin County,US.NC.FR,301,21,
Allegan County,US.MI.AL,301,6,
Lincoln County,US.OR.LC,301,2,
Payne County,US.OK.PY,300,1,
Clermont County,US.OH.CE,300,6,
La Paz County,US.AZ.LA,299,4,
Fond du Lac County,US.WI.FN,299,6,
Catoosa County,US.GA.CS,298,6,
Boone County,US.MO.BO,298,2,
Eaton County,US.MI.EA,297,7,
Union County,US.OR.UN,297,0,
Chelan County,US.WA.CH,296,6,
Richland County,US.OH.RI,296,4,
Richmond County,US.VA.RI,295,4,
Worth County,US.GA.WO,295,21,
Lincoln Parish,US.LA.LN,294,18,
Newport County,US.RI.NE,294,2,
Yadkin County,US.NC.YD,293,4,
Edgecombe County,US.NC.ED,290,9,
Marlboro County,US.SC.ML,290,4,
Okeechobee County,US.FL.OE,289,0,
Strafford County,US.NH.ST,288,13,
Harris County,US.GA.HI,288,9,
Broomfield County and City,US.CO.BR,287,29,
Caldwell County,US.TX.CW,286,1,
Adams County,US.NE.AD,285,11,
East Feliciana Parish,US.LA.EF,285,33,
Northumberland County,US.PA.NU,284,5,
Lyon County,US.MN.LY,284,2,
Jefferson Davis Parish,US.LA.JD,283,7,
Maverick County,US.TX.MV,282,2,
Saline County,US.MO.SI,282,4,
Blue Earth County,US.MN.BE,281,2,
Hampton city,US.VA.HM,281,5,
Harrison County,US.TX.HR,281,30,
Halifax County,US.NC.HL,281,4,
Butler County,US.PA.BT,280,13,
Grant County,US.IN.GA,280,26,
Highlands County,US.FL.HG,279,11,
Orleans County,US.NY.OL,279,51,
Sherburne County,US.MN.SH,278,4,
Randolph County,US.IL.RA,278,7,
Worcester County,US.MD.WO,278,16,
Avoyelles Parish,US.LA.AV,277,11,
Montgomery County,US.IN.MM,277,19,
Lapeer County,US.MI.LP,276,31,
Rockwall County,US.TX.RC,276,16,
Covington County,US.AL.CV,276,4,
Kanawha County,US.WV.KA,275,20,
Clinton County,US.IN.CI,274,1,
Sumter County,US.AL.SU,272,12,
Colleton County,US.SC.CT,272,21,
Hale County,US.AL.HA,272,19,
Carbon County,US.PA.CB,271,25,
Fairfield County,US.SC.FA,271,21,
Putnam County,US.FL.PU,271,6,
Plymouth County,US.IA.PM,270,4,
Hardeman County,US.TN.HA,269,1,
Northampton County,US.VA.NA,269,28,
Warren County,US.VA.WR,269,4,
Montgomery County,US.NC.MO,269,7,
Deaf Smith County,US.TX.DI,268,16,
Shiawassee County,US.MI.SH,268,27,
Page County,US.VA.PA,266,24,
Crisp County,US.GA.CP,265,12,
Summit County,US.CO.SU,265,3,
Steuben County,US.NY.ST,264,29,
Lee County,US.SC.LE,264,22,
Wilcox County,US.AL.WC,263,8,
Warren County,US.NY.WR,263,30,
Rutherford County,US.NC.RU,263,7,
Shelby County,US.TX.SY,263,9,
Macon County,US.NC.MN,262,1,
Freeborn County,US.MN.FR,262,0,
Stephenson County,US.IL.SN,261,5,
Allen County,US.OH.AN,261,38,
Flagler County,US.FL.FL,261,5,
Butts County,US.GA.BU,260,33,
Maury County,US.TN.MU,259,2,
Early County,US.GA.EA,259,31,
Mercer County,US.OH.MC,259,8,
Rhea County,US.TN.RH,258,0,
Napa County,US.CA.NA,258,4,
Allen Parish,US.LA.AL,257,10,
Greene County,US.NY.GR,257,13,
Marengo County,US.AL.ME,256,11,
Iron County,US.UT.RN,256,1,
Dubois County,US.IN.DU,255,6,
St. Joseph County,US.MI.SJ,255,3,
Branch County,US.MI.BC,254,2,
Medina County,US.TX.ME,254,2,
McLean County,US.IL.ML,254,13,
Covington County,US.MS.CV,253,5,
Garfield County,US.CO.GA,252,2,
Grenada County,US.MS.GN,252,4,
Wichita County,US.TX.WC,250,2,
White County,US.IN.WH,249,10,
Rusk County,US.TX.RK,249,2,
Plaquemines Parish,US.LA.PL,248,17,
Cleveland County,US.NC.CV,248,3,
Dillon County,US.SC.DI,248,7,
Ontario County,US.NY.OR,248,26,
Bay County,US.FL.BY,248,4,
Decatur County,US.GA.DC,248,8,
James City County,US.VA.JA,248,15,
Butler County,US.KY.BR,247,14,
Bristol County,US.RI.BR,247,7,
Columbia County,US.FL.CU,246,3,
Greene County,US.MO.GE,246,8,
Richmond County,US.NC.RI,246,5,
Washington County,US.NY.WS,245,14,
Bulloch County,US.GA.BH,245,3,
Fulton County,US.NY.FU,244,26,
Clarke County,US.AL.CK,244,5,
Loudon County,US.TN.LO,244,1,
Washington County,US.TX.WH,244,27,
West Baton Rouge Parish,US.LA.WB,243,30,
Huntingdon County,US.PA.HU,242,4,
Hopkins County,US.KY.HO,242,32,
Adams County,US.MS.AD,242,18,
Macon County,US.TN.MC,241,3,
West Feliciana Parish,US.LA.WF,241,14,
Decatur County,US.IN.DC,241,32,
Ogle County,US.IL.OG,240,4,
Campbell County,US.KY.CM,238,12,
Mecklenburg County,US.VA.ME,238,26,
Lamar County,US.TX.LR,238,13,
Appling County,US.GA.AP,238,14,
Galax city,US.VA.GA,238,13,
Union County,US.AR.UN,237,13,
St. Clair County,US.AL.SA,236,2,
Fredericksburg City,US.VA.FB,236,0,
Gonzales County,US.TX.GA,235,4,
Noxubee County,US.MS.NO,233,7,
Bolivar County,US.MS.BO,233,13,
Calhoun County,US.AL.CN,233,5,
Henry County,US.VA.HY,232,4,
Pearl River County,US.MS.PL,232,32,
Winn Parish,US.LA.WI,231,5,
Jerome County,US.ID.JR,231,3,
Genesee County,US.NY.GE,231,5,
Darke County,US.OH.DA,230,25,
Onslow County,US.NC.ON,229,3,
Tuscola County,US.MI.TU,229,26,
Dickinson County,US.IA.DI,229,2,
Pointe Coupee Parish,US.LA.PO,229,27,
Clay County,US.MS.CY,229,7,
Fayette County,US.TN.FA,229,2,
Canadian County,US.OK.CN,227,3,
Hernando County,US.FL.HA,227,5,
Citrus County,US.FL.CI,226,12,
Wagoner County,US.OK.WG,226,18,
Clinton County,US.IL.CN,226,17,
Macon County,US.IL.MC,226,22,
Laramie County,US.WY.LA,225,2,
Saline County,US.AR.SL,225,2,
Gallatin County,US.MT.GL,225,1,
Thurston County,US.WA.TH,224,7,
Van Buren County,US.MI.VA,224,7,
Burleigh County,US.ND.BL,223,0,
Terrell County,US.GA.TL,222,27,
Oceana County,US.MI.OA,222,3,
Prince George County,US.VA.PG,222,0,
Panola County,US.MS.PA,221,5,
Jasper County,US.MS.JS,221,6,
Tate County,US.MS.TT,221,5,
Erie County,US.OH.ER,221,22,
Warren County,US.IA.WR,220,2,
Liberty County,US.FL.LI,220,1,
Crawford County,US.KS.CR,220,1,
Monroe County,US.IN.MR,219,28,
Tom Green County,US.TX.TG,219,1,
Dale County,US.AL.DE,219,0,
Morehouse Parish,US.LA.MO,218,7,
Washington County,US.IA.WS,217,9,
Jefferson County,US.WV.JE,217,4,
St. Lawrence County,US.NY.SI,217,3,
Winston County,US.MS.WN,217,4,
Chickasaw County,US.MS.CS,217,18,
Gila County,US.AZ.GI,216,5,
Toombs County,US.GA.TM,216,5,
Marion County,US.MS.MI,215,10,
Bacon County,US.GA.BC,215,4,
Queen Anne's County,US.MD.QU,215,16,
Henry County,US.IN.HY,215,15,
Vigo County,US.IN.VI,214,8,
Hale County,US.TX.HE,214,7,
Pender County,US.NC.PD,213,1,
Natchitoches Parish,US.LA.NA,213,14,
Liberty County,US.TX.LT,212,3,
Petersburg city,US.VA.PB,212,3,
Ozaukee County,US.WI.OZ,212,15,
Hardin County,US.TX.HN,211,5,
Bienville Parish,US.LA.BI,210,26,
Logan County,US.KY.LO,210,11,
Winston County,US.AL.WN,210,2,
Sunflower County,US.MS.SU,209,6,
Hancock County,US.GA.HC,209,32,
Douglas County,US.WA.DO,208,3,
McDowell County,US.NC.MW,208,1,
Lincoln County,US.NC.LI,208,0,
Tooele County,US.UT.TE,208,0,
Talladega County,US.AL.TD,207,6,
Clinton County,US.MI.CN,207,12,
Madison County,US.TN.MD,206,2,
Steele County,US.MN.SE,206,0,
Santa Fe County,US.NM.ST,206,3,
Walton County,US.FL.WL,205,9,
Garland County,US.AR.GL,205,1,
Lenawee County,US.MI.LN,205,6,
Scotts Bluff County,US.NE.SC,205,3,
Cibola County,US.NM.CI,204,13,
Lawrence County,US.IN.LW,204,24,
Jackson Parish,US.LA.JA,203,16,
Allegany County,US.MD.AL,203,17,
Benton County,US.MN.BN,203,3,
Harrison County,US.IN.HI,203,22,
Montrose County,US.CO.MO,202,12,
Jefferson County,US.WI.JE,201,4,
Franklin County,US.MO.FR,201,18,
Carroll County,US.VA.CL,200,6,
Kitsap County,US.WA.KS,200,2,
Claiborne County,US.MS.CB,200,10,
Panola County,US.TX.PN,200,24,
Roanoke County,US.VA.RE,200,5,
LaSalle County,US.IL.LA,199,17,
Smith County,US.MS.SM,199,11,
Polk County,US.GA.PO,198,1,
Randolph County,US.GA.RN,197,25,
Centre County,US.PA.CT,197,6,
Dooly County,US.GA.DO,196,12,
McMinn County,US.TN.MM,194,17,
San Benito County,US.CA.SI,194,2,
Kent County,US.MD.KE,194,23,
Charlottesville City,US.VA.CE,193,3,
Sussex County,US.VA.SS,193,2,
Dearborn County,US.IN.DR,193,22,
Clarke County,US.MS.CE,193,22,
Cassia County,US.ID.CS,193,1,
Ionia County,US.MI.II,192,4,
Oswego County,US.NY.OS,191,3,
Stephens County,US.GA.SE,191,6,
Hillsdale County,US.MI.HI,191,25,
Island County,US.WA.IS,191,12,
Saluda County,US.SC.SA,191,1,
Chambers County,US.TX.CH,191,2,
Graves County,US.KY.GV,190,21,
Escambia County,US.AL.ES,190,6,
Sheboygan County,US.WI.SE,189,4,
Choctaw County,US.AL.CC,188,12,
Marion County,US.AL.MI,188,12,
Monroe County,US.FL.MO,188,4,
Greene County,US.OH.GR,187,9,
Simpson County,US.MS.SI,187,2,
Cheatham County,US.TN.CA,187,0,
Gunnison County,US.CO.GU,186,6,
Chilton County,US.AL.CI,185,3,
Vermilion Parish,US.LA.VM,185,5,
Washington County,US.PA.WS,184,6,
Murray County,US.GA.MA,183,2,
Greene County,US.IN.GE,183,29,
Christian County,US.KY.CH,183,4,
Dorchester County,US.MD.DO,183,5,
Jackson County,US.AL.JA,182,3,
Warrick County,US.IN.WI,182,29,
Caddo County,US.OK.CD,182,10,
Gilmer County,US.GA.GI,181,2,
Dyer County,US.TN.DY,181,0,
Union County,US.IL.UN,181,18,
Buffalo County,US.NE.BF,181,1,
Newberry County,US.SC.NE,180,4,
Madison County,US.OH.MO,179,8,
Rockingham County,US.NC.RC,179,2,
Pickens County,US.AL.PC,179,6,
Susquehanna County,US.PA.SS,178,22,
Augusta County,US.VA.AU,178,2,
Alamosa County,US.CO.AL,178,3,
Whiteside County,US.IL.WD,178,15,
Prince Edward County,US.VA.PD,178,3,
Northampton County,US.NC.NO,177,15,
Echols County,US.GA.EC,177,0,
Parker County,US.TX.PR,177,1,
Miami County,US.IN.MI,176,2,
Blount County,US.AL.BU,176,1,
Eau Claire County,US.WI.EA,176,1,
Lycoming County,US.PA.LY,176,19,
Grady County,US.GA.GD,175,4,
Monroe County,US.AL.MR,175,2,
Tompkins County,US.NY.TO,175,0,
Johnson County,US.AR.JO,175,0,
Pontotoc County,US.MS.PO,175,3,
Watonwan County,US.MN.WT,175,0,
Coahoma County,US.MS.CH,175,6,
Ohio County,US.KY.OH,174,0,
Parmer County,US.TX.PM,174,3,
Hamilton County,US.IA.HM,174,0,
Oconee County,US.SC.OC,173,1,
Beauregard Parish,US.LA.BE,173,8,
Turner County,US.GA.TR,173,16,
Meriwether County,US.GA.MW,172,2,
Pasquotank County,US.NC.PU,172,15,
Kootenai County,US.ID.KO,171,1,
Navarro County,US.TX.NV,170,5,
Kemper County,US.MS.KE,170,13,
Marion County,US.SC.MI,170,6,
Holmes County,US.OH.HL,169,3,
Franklin County,US.GA.FR,169,1,
Davie County,US.NC.DV,169,3,
Isle of Wight County,US.VA.IS,168,8,
Madison County,US.AR.MD,168,0,
Orange County,US.TX.OR,166,3,
Jennings County,US.IN.JN,164,9,
Walthall County,US.MS.WT,163,3,
Hopewell city,US.VA.HW,163,2,
Hamblen County,US.TN.HB,162,4,
Uinta County,US.WY.UI,162,0,
Newaygo County,US.MI.NE,162,0,
Calhoun County,US.GA.CU,161,5,
Monongalia County,US.WV.MG,160,5,
Marshall County,US.MS.MS,160,3,
Greene County,US.NC.GE,160,2,
Greene County,US.AL.GR,160,6,
Midland County,US.MI.MD,160,9,
Richland Parish,US.LA.RI,160,4,
Putnam County,US.IN.PT,159,8,
Scott County,US.MO.ST,159,11,
Allen County,US.KY.AL,159,5,
El Dorado County,US.CA.EL,158,0,
Cowlitz County,US.WA.CW,158,0,
Frio County,US.TX.FO,157,0,
Catahoula Parish,US.LA.CT,157,3,
Chester County,US.SC.CR,157,1,
Hertford County,US.NC.HD,157,10,
Houston County,US.TX.HS,157,0,
Levy County,US.FL.LV,157,1,
Riley County,US.KS.RL,156,3,
Madison County,US.FL.MD,156,3,
Southampton County,US.VA.SA,155,2,
Henderson County,US.KY.HE,155,3,
Coles County,US.IL.CE,155,17,
Macon County,US.AL.MC,155,7,
Pierce County,US.GA.PR,155,4,
Conecuh County,US.AL.CO,155,3,
Deschutes County,US.OR.DE,155,0,
Cumberland County,US.TN.CU,155,3,
Warren County,US.NC.WR,154,5,
Wayne County,US.NY.WN,154,2,
Osage County,US.OK.OS,154,8,
Randolph County,US.WV.RN,154,0,
Scott County,US.IN.SC,153,6,
Randolph County,US.AL.RA,152,9,
McCracken County,US.KY.MK,151,3,
Glades County,US.FL.GL,151,1,
Dickson County,US.TN.DI,151,0,
St. Louis County,US.MN.ST,151,14,
Blount County,US.TN.BO,150,3,
Union County,US.MS.UN,150,8,
Carroll County,US.AR.CL,149,4,
Iroquois County,US.IL.IR,149,5,
Bibb County,US.AL.BI,149,1,
Martin County,US.MN.MT,148,5,
Bullitt County,US.KY.BI,148,4,
Holmes County,US.FL.HO,147,0,
Walla Walla County,US.WA.WL,147,3,
Wharton County,US.TX.WN,147,1,
DeKalb County,US.IN.DE,146,4,
Evangeline Parish,US.LA.EV,146,1,
Laurens County,US.GA.LR,146,1,
Monroe County,US.GA.MN,146,16,
Rogers County,US.OK.RS,145,5,
Grundy County,US.IL.GU,145,4,
Chenango County,US.NY.CH,144,6,
Huron County,US.OH.HU,144,1,
Kennebec County,US.ME.KE,143,9,
Herkimer County,US.NY.HE,143,3,
Colonial Heights city,US.VA.CH,142,17,
Jackson County,US.WV.JA,142,18,
Orange County,US.VA.OR,142,2,
Carroll County,US.MS.CL,141,11,
Yalobusha County,US.MS.YL,141,7,
Oconee County,US.GA.OC,141,10,
Tioga County,US.NY.TI,141,19,
St. Croix County,US.WI.SI,141,1,
Yellowstone County,US.MT.YS,140,4,
Lawrence County,US.MS.LW,140,1,
Sutter County,US.CA.SU,140,3,
McClain County,US.OK.ML,139,4,
Chemung County,US.NY.CM,139,3,
Carson City,US.NV.CA,139,5,
Ben Hill County,US.GA.BL,139,1,
Bertie County,US.NC.BT,139,4,
Burke County,US.GA.BE,138,6,
Hardin County,US.KY.HN,138,5,
Minidoka County,US.ID.MI,138,0,
Audrain County,US.MO.AU,137,1,
Marathon County,US.WI.MH,137,1,
Grayson County,US.KY.GY,137,10,
Grant County,US.WI.GA,136,12,
Webster County,US.IA.WE,136,1,
Nassau County,US.FL.NA,136,1,
White County,US.GA.WH,134,4,
Polk County,US.OR.PO,134,12,
Wayne County,US.PA.WN,133,8,
Butte County,US.CA.BU,133,2,
Orange County,US.IN.OR,133,23,
Waller County,US.TX.WR,132,0,
Daviess County,US.IN.DI,132,16,
Brooks County,US.GA.BO,132,11,
Linn County,US.OR.LN,132,9,
Stoddard County,US.MO.SD,132,8,
Warren County,US.IL.WR,131,0,
Cass County,US.MI.CS,131,4,
Matagorda County,US.TX.MD,131,5,
Scotland County,US.NC.SC,130,0,
Fairbanks North Star Borough,US.AK.FA,130,2,
Dawson County,US.GA.DW,129,3,
Creek County,US.OK.CE,129,7,
Dinwiddie County,US.VA.DN,129,0,
Henry County,US.AL.HE,128,4,
Mississippi County,US.AR.MS,128,3,
Putnam County,US.GA.PT,128,12,
Cottonwood County,US.MN.CT,127,0,
Humboldt County,US.CA.HU,127,4,
Mercer County,US.PA.ME,126,6,
Grady County,US.OK.GD,126,5,
Oldham County,US.KY.OL,126,6,
Kenai Peninsula Borough,US.AK.KN,126,2,
Crawford County,US.OH.CF,126,5,
Caroline County,US.VA.CI,126,4,
Cape Girardeau County,US.MO.CG,126,3,
Livingston County,US.NY.LI,126,4,
Lumpkin County,US.GA.LP,126,3,
Cherokee County,US.SC.CK,125,6,
Curry County,US.NM.CU,125,0,
Banks County,US.GA.BS,125,0,
Caswell County,US.NC.CS,125,1,
Ottawa County,US.OH.OT,124,23,
Emporia city,US.VA.EM,124,6,
Lanier County,US.GA.LI,123,3,
Crenshaw County,US.AL.CA,123,3,
Morgan County,US.IL.MG,123,3,
Wilcox County,US.GA.WC,123,15,
Franklin County,US.KY.FR,123,3,
Boone County,US.IA.BO,122,1,
Webster County,US.MS.WE,122,10,
Lynchburg city,US.VA.LY,122,1,
Otsego County,US.MI.OS,122,10,
Maui County,US.HI.MA,122,6,
Franklin County,US.IN.FR,122,8,
Cattaraugus County,US.NY.CG,121,6,
Chautauqua County,US.NY.CQ,121,3,
Delaware County,US.OK.DL,121,16,
Allamakee County,US.IA.AL,121,4,
Cook County,US.GA.CO,121,1,
Crawford County,US.AR.CW,121,0,
Knox County,US.IL.KX,121,0,
Martin County,US.NC.MR,120,4,
Cass County,US.MO.CS,120,8,
Isabella County,US.MI.IB,120,8,
Washington County,US.OH.WS,120,20,
Lonoke County,US.AR.LO,119,0,
Talbot County,US.MD.TA,119,4,
Cass County,US.IL.CS,119,0,
Effingham County,US.GA.EF,119,1,
Goochland County,US.VA.GO,118,6,
Monroe County,US.IL.MR,118,13,
Willacy County,US.TX.WY,118,3,
Union County,US.SD.UN,118,1,
Teton County,US.WY.TE,118,1,
Alpena County,US.MI.AP,117,11,
Box Elder County,US.UT.BE,117,1,
Monroe County,US.TN.MR,116,4,
Montgomery County,US.VA.MO,116,2,
Pulaski County,US.MO.PA,116,1,
Pecos County,US.TX.PE,116,0,
Stokes County,US.NC.SO,115,1,
Anson County,US.NC.AN,115,1,
Wayne County,US.IN.WY,115,6,
Nicollet County,US.MN.NI,115,12,
Tippah County,US.MS.TP,115,11,
Mahaska County,US.IA.MK,114,16,
Tazewell County,US.IL.TA,114,7,
Steuben County,US.IN.SE,113,2,
Gray County,US.TX.GY,113,4,
Macon County,US.GA.MC,113,9,
Clay County,US.IA.CY,113,0,
Clarke County,US.IA.CK,113,2,
Camp County,US.TX.CP,113,1,
Hancock County,US.MS.HN,112,13,
Perry County,US.IN.PE,112,4,
Lane County,US.OR.LE,112,3,
Louisa County,US.VA.LI,112,1,
Perry County,US.MO.PR,112,0,
Kittitas County,US.WA.KT,112,0,
Itawamba County,US.MS.IT,112,8,
Liberty County,US.GA.LB,112,1,
Sandusky County,US.OH.SA,112,13,
Washington County,US.TN.WI,112,0,
Atkinson County,US.GA.AT,111,2,
Adair County,US.OK.AD,111,4,
Morrow County,US.OH.MW,111,1,
Ripley County,US.IN.RI,111,7,
Bryan County,US.GA.BY,111,5,
Montgomery County,US.NY.MT,111,4,
West Carroll Parish,US.LA.WC,111,3,
Klamath County,US.OR.KL,111,0,
Iosco County,US.MI.IC,111,10,
Adams County,US.WA.AD,110,0,
Montgomery County,US.MS.MT,110,2,
Claiborne Parish,US.LA.CI,110,10,
Wayne County,US.WV.WA,110,9,
Pettis County,US.MO.PS,110,1,
Adair County,US.KY.AD,110,19,
Henderson County,US.TX.HD,109,4,
Cayuga County,US.NY.CY,109,2,
Goodhue County,US.MN.GO,109,8,
Stewart County,US.GA.SW,109,3,
Juniata County,US.PA.JU,109,5,
Pemiscot County,US.MO.PM,109,6,
Lavaca County,US.TX.LA,108,1,
Platte County,US.MO.PT,108,4,
Chicot County,US.AR.CT,108,2,
Choctaw County,US.OK.CA,108,1,
Hardin County,US.OH.HD,108,11,
Calhoun County,US.MS.CN,108,4,
Berrien County,US.GA.BN,108,0,
Camden County,US.GA.CD,108,1,
Fluvanna County,US.VA.FV,107,6,
Nottoway County,US.VA.NY,107,2,
Portage County,US.WI.PT,107,0,
Putnam County,US.OH.PU,107,15,
Humphreys County,US.MS.HU,107,9,
Sullivan County,US.MO.SV,107,0,
Lamar County,US.GA.LM,107,6,
Winona County,US.MN.WN,107,15,
Natrona County,US.WY.NA,107,1,
Douglas County,US.KS.DG,106,0,
Bedford County,US.VA.BF,106,3,
Madison County,US.KY.MD,106,1,
York County,US.VA.YO,106,3,
Bonneville County,US.ID.BV,106,1,
Tattnall County,US.GA.TT,105,0,
Jefferson County,US.IL.JF,105,17,
Concordia Parish,US.LA.CR,105,5,
Jackson County,US.KS.JA,105,1,
Penobscot County,US.ME.PE,104,2,
Trempealeau County,US.WI.TR,104,0,
Fayette County,US.PA.FA,104,4,
Phillips County,US.AR.PH,104,3,
Lyon County,US.NV.LY,104,2,
Carroll County,US.IN.CO,104,2,
Franklin County,US.VT.FR,103,6,
Yamhill County,US.OR.YA,103,8,
Caldwell Parish,US.LA.CW,102,1,
Williamson County,US.IL.WS,102,4,
Muskogee County,US.OK.MO,102,9,
Greene County,US.AR.GE,102,0,
Coffee County,US.TN.CF,102,0,
Perry County,US.AL.PE,102,0,
Cabell County,US.WV.CB,101,0,
Indiana County,US.PA.IN,101,6,
Red River County,US.TX.RV,101,8,
Nevada County,US.CA.NE,101,1,
Lawrence County,US.TN.LW,101,3,
Waupaca County,US.WI.WP,101,6,
Clinton County,US.NY.CL,101,4,
Jessamine County,US.KY.JS,101,0,
Washington County,US.FL.WS,101,11,
San Augustine County,US.TX.SG,101,6,
St. Francois County,US.MO.SF,100,2,
Clinch County,US.GA.CC,100,3,
Burnet County,US.TX.BT,100,3,
Saguache County,US.CO.SG,100,2,
Jasper County,US.IN.JS,100,2,
McDonough County,US.IL.MU,100,15,
Lawrence County,US.PA.LW,99,9,
Valencia County,US.NM.VA,99,2,
Wabash County,US.IN.WB,99,2,
Abbeville County,US.SC.AB,99,0,
Poweshiek County,US.IA.PW,98,8,
Lawrence County,US.AR.LW,98,9,
Sauk County,US.WI.SU,98,3,
Pine County,US.MN.PN,98,0,
Miller County,US.AR.ML,98,2,
Washington County,US.AL.WS,97,6,
Crow Wing County,US.MN.CW,97,11,
Washington County,US.ID.WA,97,0,
Clark County,US.KY.CK,96,4,
Jackson County,US.KY.JA,96,13,
Johnson County,US.MO.JO,96,0,
Lee County,US.IL.LE,96,2,
Person County,US.NC.PN,96,1,
Shasta County,US.CA.SH,96,4,
King George County,US.VA.KG,96,4,
Vernon Parish,US.LA.VN,96,6,
Brunswick County,US.VA.BU,96,1,
San Patricio County,US.TX.SP,96,0,
Nevada County,US.AR.NV,95,2,
Polk County,US.TX.PK,95,0,
Lincoln County,US.MO.LO,95,1,
Jasper County,US.SC.JA,95,3,
Peach County,US.GA.PH,95,9,
Pittsylvania County,US.VA.PS,95,1,
Barry County,US.MI.BR,95,2,
Elbert County,US.GA.EL,94,0,
Jenkins County,US.GA.JK,94,11,
Calumet County,US.WI.CA,94,2,
Jefferson Davis County,US.MS.JD,94,3,
Auglaize County,US.OH.AU,93,3,
Wyoming County,US.NY.WM,93,5,
Jackson County,US.OR.JA,93,0,
Greene County,US.GA.GE,93,9,
Fannin County,US.GA.FN,93,1,
Windham County,US.VT.WH,93,3,
Gratiot County,US.MI.GT,92,13,
Westmoreland County,US.VA.WM,92,1,
Shelby County,US.IA.SH,92,0,
Delaware County,US.NY.DE,91,4,
Pitkin County,US.CO.PI,91,2,
Pottawatomie County,US.OK.PT,91,4,
Nez Perce County,US.ID.NE,91,19,
Emanuel County,US.GA.EM,90,3,
Newton County,US.IN.NE,90,10,
La Plata County,US.CO.LA,90,1,
Ross County,US.OH.RO,89,2,
Washington County,US.GA.WG,89,1,
Lea County,US.NM.LE,89,0,
Rio Arriba County,US.NM.RI,89,1,
Union County,US.PA.UN,89,2,
La Salle Parish,US.LA.LA,88,0,
Gilchrist County,US.FL.GI,88,0,
St. Helena Parish,US.LA.SH,88,1,
Adair County,US.MO.AD,88,0,
Hood River County,US.OR.HO,88,0,
Fayette County,US.IN.FA,88,7,
Bannock County,US.ID.BO,88,1,
Wise County,US.TX.WE,88,5,
Chisago County,US.MN.CG,88,1,
Lafayette County,US.MO.LF,87,2,
Wilkinson County,US.MS.WK,87,9,
Bailey County,US.TX.BY,87,1,
Pike County,US.GA.PK,87,3,
Cherokee County,US.TX.CK,87,2,
Screven County,US.GA.SR,87,5,
Mesa County,US.CO.ME,87,0,
Glenn County,US.CA.GL,87,0,
Lawrence County,US.AL.LW,87,0,
Oglethorpe County,US.GA.OG,87,7,
McDuffie County,US.GA.MU,86,6,
Lauderdale County,US.TN.LU,86,2,
Hawaii County,US.HI.HA,86,0,
Madison County,US.GA.MD,86,4,
Otter Tail County,US.MN.OT,85,1,
Prentiss County,US.MS.PN,85,3,
Perry County,US.PA.PE,85,5,
Somerset County,US.MD.SO,85,3,
Pickens County,US.GA.PE,85,5,
Bremer County,US.IA.BR,85,6,
Val Verde County,US.TX.VL,85,0,
Tallahatchie County,US.MS.TL,85,1,
Atascosa County,US.TX.AT,85,2,
Jefferson County,US.NY.JE,85,0,
Jefferson County,US.OR.JE,85,0,
Dunklin County,US.MO.DU,84,3,
Jefferson County,US.GA.JR,84,1,
Johnson County,US.GA.JH,84,2,
Pulaski County,US.KY.PU,84,2,
Cross County,US.AR.CO,84,1,
Otsego County,US.NY.OO,83,4,
Kay County,US.OK.KA,83,7,
Montcalm County,US.MI.MC,83,1,
Monroe County,US.OH.ME,83,16,
Jackson County,US.NC.JA,83,1,
Gibson County,US.TN.GB,83,1,
Wilson County,US.TX.WS,83,5,
Green County,US.WI.GN,83,1,
Thurston County,US.NE.TU,83,1,
Mississippi County,US.MO.MI,82,0,
Brantley County,US.GA.BA,82,2,
Barren County,US.KY.BN,82,2,
Fannin County,US.TX.FI,82,7,
Grant Parish,US.LA.GR,81,1,
Grayson County,US.VA.GY,81,2,
Humboldt County,US.NV.HU,81,4,
Delta County,US.CO.DT,81,1,
Nye County,US.NV.NY,81,3,
Tunica County,US.MS.TU,81,3,
Carlton County,US.MN.CL,81,0,
Anderson County,US.TN.AN,81,2,
Manitowoc County,US.WI.MW,81,1,
Des Moines County,US.IA.DS,80,2,
Henry County,US.IA.HE,80,3,
Clinton County,US.IA.CN,80,1,
Grafton County,US.NH.GR,80,1,
Amite County,US.MS.AM,80,2,
Carter County,US.OK.CR,80,1,
Hardin County,US.TN.HI,80,5,
Jefferson County,US.TN.JE,80,0,
Dodge County,US.GA.DG,79,2,
Cleburne County,US.AR.CB,79,4,
Clay County,US.SD.CY,79,0,
Scott County,US.KY.SC,79,0,
Elko County,US.NV.EL,79,1,
White County,US.AR.WH,79,1,
Bamberg County,US.SC.BM,79,0,
Ohio County,US.WV.OH,78,1,
Belknap County,US.NH.BE,78,1,
Henry County,US.IL.HY,78,1,
Calhoun County,US.SC.CH,78,1,
Telfair County,US.GA.TF,78,3,
Jeff Davis County,US.GA.JF,78,2,
Bryan County,US.OK.BR,78,1,
O'Brien County,US.IA.OB,78,1,
Sullivan County,US.TN.SL,77,2,
Big Horn County,US.MT.BI,77,3,
Chaffee County,US.CO.CA,77,19,
Wood County,US.TX.WO,77,5,
Marion County,US.GA.MR,77,2,
Taylor County,US.IA.TY,76,0,
Brewster County,US.TX.BS,76,0,
Chippewa County,US.WI.CH,76,0,
Benton County,US.OR.BE,76,5,
Alexander County,US.NC.AE,76,0,
Jefferson County,US.OH.JE,75,2,
Calloway County,US.KY.CW,75,1,
Obion County,US.TN.OB,75,2,
Polk County,US.MN.PL,75,2,
McLeod County,US.MN.MC,75,0,
Haywood County,US.NC.HW,75,0,
Greene County,US.MS.GE,75,5,
Hocking County,US.OH.HC,75,7,
Dallam County,US.TX.DL,75,0,
Fayette County,US.TX.FT,75,2,
Randolph County,US.IN.RA,74,4,
Mendocino County,US.CA.MI,74,0,
Clinton County,US.PA.CN,74,4,
Wilkinson County,US.GA.WI,74,8,
Columbia County,US.WI.CO,74,1,
Morton County,US.ND.MR,74,2,
Whitley County,US.IN.WL,74,4,
Powhatan County,US.VA.PH,74,2,
Edmonson County,US.KY.ED,74,11,
Payette County,US.ID.PA,73,2,
Mayes County,US.OK.MY,73,4,
Edgefield County,US.SC.ED,73,2,
Danville City,US.VA.DA,73,2,
Milam County,US.TX.MI,73,1,
Bradford County,US.FL.BA,73,2,
Sweetwater County,US.WY.SW,73,0,
Union County,US.OH.UN,73,1,
Howard County,US.AR.HW,73,0,
Shawano County,US.WI.SA,73,0,
Bedford County,US.PA.BO,72,3,
Columbia County,US.AR.CI,72,3,
Wayne County,US.TN.WY,71,0,
Chaves County,US.NM.CH,71,2,
Adams County,US.IL.AD,71,1,
Le Sueur County,US.MN.LU,71,1,
Muskingum County,US.OH.MU,71,1,
Laurel County,US.KY.LU,71,3,
Stark County,US.ND.SR,71,2,
Butler County,US.MO.BE,71,0,
Rutland County,US.VT.RU,71,1,
Clearfield County,US.PA.CF,71,0,
Yankton County,US.SD.YA,71,0,
Union County,US.SC.UN,71,0,
Rio Grande County,US.CO.RG,70,2,
Cherokee County,US.OK.CK,70,1,
Graham County,US.AZ.GA,70,2,
Calhoun County,US.FL.CA,70,6,
Waynesboro city,US.VA.WS,70,0,
Armstrong County,US.PA.AR,70,6,
Bennington County,US.VT.BE,70,1,
Martinsville city,US.VA.MR,70,1,
Castro County,US.TX.AS,70,1,
Carroll County,US.IA.CL,70,1,
Taylor County,US.FL.TA,70,0,
Blair County,US.PA.BL,69,1,
Chippewa County,US.MN.CP,69,1,
Polk County,US.AR.PL,69,0,
Routt County,US.CO.RT,69,6,
Calhoun County,US.TX.CU,69,3,
Crowley County,US.CO.CR,69,1,
Erath County,US.TX.ER,69,1,
Fairfax city,US.VA.FC,69,7,
Jefferson County,US.MS.JF,69,3,
Franklin County,US.TN.FR,69,3,
Simpson County,US.KY.SI,69,3,
Cherokee County,US.IA.CE,69,0,
Botetourt County,US.VA.BO,69,4,
Montezuma County,US.CO.MZ,69,3,
Montour County,US.PA.MO,68,0,
Choctaw County,US.MS.CW,68,3,
Buffalo County,US.SD.BF,68,1,
Haralson County,US.GA.HS,68,5,
Burleson County,US.TX.BU,68,0,
Addison County,US.VT.AD,68,2,
Pike County,US.KY.PI,68,2,
Cerro Gordo County,US.IA.CG,68,1,
Crawford County,US.MI.CF,68,5,
Cedar County,US.IA.CD,68,1,
Staunton city,US.VA.SU,68,0,
Hancock County,US.OH.HN,68,1,
Talbot County,US.GA.TB,67,2,
Barnwell County,US.SC.BN,67,1,
Preston County,US.WV.PR,67,2,
Pulaski County,US.IL.PL,67,0,
Polk County,US.NC.PO,67,4,
Franklin County,US.IA.FN,67,0,
Sabine Parish,US.LA.SB,67,1,
Dodge County,US.MN.DD,67,0,
Nelson County,US.KY.NE,67,1,
Reno County,US.KS.RN,67,0,
Hickman County,US.TN.HN,67,0,
Saunders County,US.NE.SU,67,2,
Union County,US.GA.UN,67,3,
Wells County,US.IN.WE,66,1,
Emmet County,US.IA.EM,66,0,
Cheshire County,US.NH.CH,66,2,
Greer County,US.OK.GE,66,7,
Greene County,US.TN.GE,66,2,
Saline County,US.KS.SA,66,2,
Kerr County,US.TX.KR,66,1,
Seneca County,US.NY.SC,66,1,
Colorado County,US.TX.CO,66,0,
Monona County,US.IA.MO,66,0,
Harrison County,US.KY.HS,66,0,
Brown County,US.TX.BN,66,10,
Marion County,US.IL.MO,65,0,
Fayette County,US.AL.FA,65,1,
Franklin County,US.KS.FR,65,0,
Oglala Lakota County,US.SD.SH,65,0,
Van Zandt County,US.TX.VN,65,3,
Jay County,US.IN.JY,65,0,
Garfield County,US.OK.GF,64,2,
Clark County,US.WI.CL,64,6,
Fayette County,US.WV.FA,64,4,
Cherokee County,US.AL.CH,64,7,
Woodford County,US.KY.WO,64,0,
Huron County,US.MI.HU,64,3,
Huntington County,US.IN.HU,64,2,
Carteret County,US.NC.CE,64,3,
Cambria County,US.PA.CI,64,3,
Jasper County,US.GA.JS,64,1,
Coshocton County,US.OH.CS,64,0,
Fulton County,US.IN.FU,64,1,
Luna County,US.NM.LU,63,2,
Matanuska-Susitna Borough,US.AK.MA,63,1,
Dade County,US.GA.DD,63,1,
Cass County,US.NE.CS,63,0,
Marquette County,US.MI.MQ,63,11,
Dixie County,US.FL.DI,63,4,
Stutsman County,US.ND.SU,63,1,
Cole County,US.MO.CE,63,2,
Okanogan County,US.WA.OK,63,2,
Guthrie County,US.IA.GH,63,4,
Itasca County,US.MN.IT,63,12,
Lamar County,US.AL.LM,63,0,
Starke County,US.IN.SR,63,3,
Washington County,US.IN.WS,62,1,
Lafayette County,US.WI.LF,62,0,
Gooding County,US.ID.GO,62,1,
Tehama County,US.CA.TE,62,1,
Wood County,US.WV.WO,62,2,
Eddy County,US.NM.ED,62,1,
Beaufort County,US.NC.BA,62,0,
Cowley County,US.KS.CL,61,1,
Mifflin County,US.PA.MI,61,1,
Snyder County,US.PA.SN,61,2,
Hampton County,US.SC.HA,61,1,
George County,US.MS.GR,60,3,
Pierce County,US.WI.PI,60,0,
Douglas County,US.NV.DO,60,0,
Washington County,US.VA.WG,60,4,
Malheur County,US.OR.ML,60,1,
Williams County,US.OH.WI,60,1,
Missoula County,US.MT.MS,60,1,
Ashley County,US.AR.AS,59,1,
Haywood County,US.TN.HY,59,2,
Ward County,US.ND.WR,59,1,
Socorro County,US.NM.SO,59,5,
Allegany County,US.NY.AL,58,2,
Hamilton County,US.NE.HM,58,11,
Smith County,US.TN.SH,58,1,
Gallatin County,US.KY.GL,58,7,
White County,US.TN.WH,58,3,
Jefferson County,US.IN.JF,58,1,
Tishomingo County,US.MS.TS,58,1,
Grundy County,US.TN.GU,58,1,
Kendall County,US.TX.KD,58,0,
Brookings County,US.SD.BK,57,0,
Grant County,US.KY.GT,57,4,
Charles Mix County,US.SD.CH,57,0,
Austin County,US.TX.AU,57,0,
Camden County,US.MO.CM,57,1,
Meeker County,US.MN.ME,57,1,
Monroe County,US.WI.MO,57,1,
Greene County,US.VA.GE,57,1,
Schoharie County,US.NY.SO,57,2,
Perry County,US.MS.PY,56,4,
Isanti County,US.MN.IS,56,0,
Jim Wells County,US.TX.JW,56,0,
Greenbrier County,US.WV.GE,56,0,
Clay County,US.IN.CY,56,4,
Quitman County,US.MS.QU,56,0,
Clay County,US.GA.CY,56,2,
Marion County,US.TN.MI,56,4,
Gentry County,US.MO.GT,56,9,
Windsor County,US.VT.WS,56,2,
Morrison County,US.MN.MR,56,1,
Clinton County,US.OH.CI,55,0,
Waldo County,US.ME.WL,55,14,
Boyd County,US.KY.BD,55,3,
Hardin County,US.IA.HD,55,0,
Chattooga County,US.GA.CG,55,2,
Bleckley County,US.GA.BK,55,1,
Lyman County,US.SD.LY,55,0,
Perry County,US.KY.PR,55,1,
Williamsburg City,US.VA.WL,55,6,
Hutchinson County,US.TX.UT,55,0,
Harrison County,US.WV.HR,55,1,
Elbert County,US.CO.EB,55,2,
Geneva County,US.AL.GE,55,0,
Wasco County,US.OR.WC,55,1,
Lawrence County,US.OH.LW,55,0,
Douglas County,US.MN.DU,55,0,
Shelby County,US.OH.SH,55,4,
Preble County,US.OH.PR,55,1,
Campbell County,US.WY.CM,55,0,
Klickitat County,US.WA.KL,55,3,
Wyandot County,US.OH.WD,55,4,
Poinsett County,US.AR.PN,55,3,
Roosevelt County,US.NM.RO,55,1,
Essex County,US.VA.ES,54,0,
Fulton County,US.OH.FU,54,0,
Mineral County,US.WV.ML,54,3,
Lee County,US.TX.LE,54,3,
Pottawatomie County,US.KS.PT,54,0,
Benton County,US.IA.BN,54,1,
Red River Parish,US.LA.RE,54,8,
Marion County,US.WV.MI,54,2,
Garvin County,US.OK.GV,54,1,
Coosa County,US.AL.CS,54,1,
Lincoln County,US.NE.LI,54,2,
Pulaski County,US.IN.PL,54,1,
Carroll County,US.NH.CA,53,0,
Wayne County,US.GA.WY,53,0,
Knox County,US.IN.KN,53,0,
Clark County,US.AR.CK,53,0,
Jackson County,US.MN.JA,53,0,
Unicoi County,US.TN.UC,53,0,
Coffey County,US.KS.CF,53,8,
Becker County,US.MN.BC,53,0,
Ochiltree County,US.TX.OC,53,2,
Sharp County,US.AR.SH,53,4,
Lewis County,US.WA.LE,53,3,
Jones County,US.GA.JE,53,0,
Franklin County,US.VA.FN,53,1,
Barton County,US.KS.BT,53,2,
Marshall County,US.KY.MH,53,2,
Vermilion County,US.IL.VE,52,2,
Butler County,US.KS.BU,52,0,
New Kent County,US.VA.NK,52,1,
Hart County,US.GA.HT,52,0,
Todd County,US.SD.TO,52,1,
Pittsburg County,US.OK.PI,52,3,
Rush County,US.IN.RU,52,3,
Hopkins County,US.TX.HP,52,0,
Custer County,US.OK.CU,52,0,
Wilkes County,US.GA.WS,52,1,
Somerset County,US.PA.SO,52,1,
Falls Church city,US.VA.FU,52,7,
Stephens County,US.OK.ST,52,1,
Bradford County,US.PA.BF,51,3,
Yuba County,US.CA.YU,51,1,
Okmulgee County,US.OK.OM,51,0,
Yuma County,US.CO.YU,51,0,
Flathead County,US.MT.FL,51,2,
Pawnee County,US.OK.PW,51,2,
Codington County,US.SD.CD,51,0,
Logan County,US.OH.LG,51,0,
Butler County,US.NE.BE,51,0,
Hill County,US.TX.HI,51,1,
Oconto County,US.WI.OC,51,0,
Lincoln County,US.TN.LI,51,0,
Andrews County,US.TX.AR,51,0,
Watauga County,US.NC.WT,51,0,
Salem city,US.VA.SE,50,3,
Jefferson County,US.IA.JE,50,0,
Marion County,US.IA.MI,50,0,
McPherson County,US.KS.MP,50,0,
Labette County,US.KS.LB,50,0,
Cumberland County,US.VA.CU,50,0,
Monroe County,US.IA.MR,50,6,
Swain County,US.NC.SW,50,0,
Brown County,US.OH.BR,50,1,
Sac County,US.IA.SA,50,0,
Crawford County,US.PA.CW,50,0,
Ashe County,US.NC.AS,50,1,
Floyd County,US.IA.FL,50,1,
Pennington County,US.MN.PI,50,0,
Lake County,US.CO.LK,50,0,
Del Norte County,US.CA.DE,49,0,
Marion County,US.KY.MN,49,0,
Kewaunee County,US.WI.KW,49,1,
Seminole County,US.GA.SI,49,2,
Crane County,US.TX.CR,49,7,
Guernsey County,US.OH.GU,49,3,
Macoupin County,US.IL.MP,49,3,
Osceola County,US.IA.OS,49,0,
Moniteau County,US.MO.ME,49,1,
Clay County,US.AR.CY,49,3,
Independence County,US.AR.IN,49,0,
Irwin County,US.GA.IR,49,1,
Marshall County,US.TN.MS,49,1,
Clatsop County,US.OR.CT,48,0,
Jones County,US.IA.JN,48,0,
McIntosh County,US.OK.MI,48,1,
McNairy County,US.TN.MA,48,0,
Uvalde County,US.TX.UV,48,1,
Stone County,US.MS.ST,48,1,
Pulaski County,US.GA.PL,48,2,
Marinette County,US.WI.MT,48,3,
Gage County,US.NE.GG,48,3,
Murray County,US.MN.MU,47,0,
Elmore County,US.ID.EL,47,2,
Clarke County,US.VA.CK,47,0,
Alcorn County,US.MS.AL,47,1,
Wythe County,US.VA.WY,47,1,
Warren County,US.TN.WR,47,0,
Putnam County,US.WV.PU,47,0,
Miller County,US.GA.ML,47,0,
Kearny County,US.KS.KE,47,1,
Allendale County,US.SC.AL,47,3,
Montgomery County,US.KY.MM,46,0,
Perry County,US.IL.PY,46,0,
Overton County,US.TN.OV,46,0,
Washington County,US.NE.WS,46,1,
Morgan County,US.GA.MO,46,0,
Heard County,US.GA.HD,46,3,
Waseca County,US.MN.WE,46,0,
Hempstead County,US.AR.HE,46,1,
Carroll County,US.OH.CO,46,3,
Union County,US.FL.UN,46,2,
Howard County,US.NE.HW,46,4,
Jasper County,US.IL.JS,46,7,
Harrison County,US.IA.HR,46,0,
Franklin city,US.VA.FR,46,2,
Upshur County,US.TX.US,46,0,
Douglas County,US.IL.DO,45,0,
Hood County,US.TX.HO,45,4,
Mason County,US.WA.MA,45,1,
Ashland County,US.OH.AL,45,0,
Andrew County,US.MO.AN,45,0,
Weakley County,US.TN.WE,45,1,
Fayette County,US.OH.FY,45,0,
Dawson County,US.TX.DW,45,1,
Dukes County,US.MA.DU,45,0,
Gloucester County,US.VA.GL,44,1,
Cortland County,US.NY.CD,44,1,
Mountrail County,US.ND.MU,44,0,
Sanpete County,US.UT.SP,44,0,
Sanilac County,US.MI.SL,44,6,
Ottawa County,US.OK.OT,44,2,
Lee County,US.IA.LE,44,1,
Drew County,US.AR.DR,44,1,
Dixon County,US.NE.DI,44,2,
Meade County,US.SD.MD,44,1,
DeKalb County,US.TN.DE,44,0,
Washington County,US.CO.WA,44,0,
Clay County,US.KY.CY,44,3,
Yates County,US.NY.YA,44,6,
Callaway County,US.MO.CA,44,1,
Benton County,US.IN.BE,44,0,
Baker County,US.FL.BK,44,4,
Humboldt County,US.IA.HU,44,1,
Wheeler County,US.GA.WL,43,0,
DeWitt County,US.TX.DE,43,1,
Jasper County,US.TX.JR,43,1,
Defiance County,US.OH.DF,43,3,
Baker County,US.GA.BR,43,3,
Giles County,US.TN.GL,43,0,
Madison County,US.VA.MD,43,1,
Charlton County,US.GA.CT,43,2,
Mason County,US.MI.MN,43,0,
Yancey County,US.NC.YN,43,0,
Hawkins County,US.TN.HW,43,2,
Amelia County,US.VA.AI,42,1,
Lake County,US.CA.LK,42,0,
Hardy County,US.WV.HD,42,0,
Wakulla County,US.FL.WK,42,1,
Hughes County,US.SD.HG,42,0,
Christian County,US.IL.CI,42,4,
Roane County,US.TN.RA,42,0,
Carter County,US.TN.CT,42,1,
Limestone County,US.TX.LO,42,1,
Pocahontas County,US.IA.PC,42,1,
Halifax County,US.VA.HL,41,1,
Zapata County,US.TX.ZP,41,0,
Polk County,US.WI.PL,41,1,
Faribault County,US.MN.FA,41,0,
Jefferson County,US.FL.JE,41,4,
Richland County,US.ND.RI,41,0,
Owen County,US.IN.OW,41,1,
York County,US.NE.YO,41,0,
Sullivan County,US.IN.SU,41,1,
Essex County,US.NY.ES,41,0,
Washington County,US.VT.WA,41,1,
Buchanan County,US.IA.BC,41,1,
Torrance County,US.NM.TO,41,1,
Teller County,US.CO.TE,41,2,
Montgomery County,US.IL.MT,41,1,
Hancock County,US.IA.HN,40,0,
Iowa County,US.IA.IO,40,0,
Mono County,US.CA.MO,40,1,
Livingston County,US.IL.LI,40,2,
Webster County,US.KY.WE,40,0,
Hampshire County,US.WV.HM,40,1,
Desha County,US.AR.DE,40,0,
Roberts County,US.SD.RO,40,0,
Randolph County,US.AR.RA,40,1,
Door County,US.WI.DO,40,3,
Custer County,US.NE.CU,40,3,
Highland County,US.OH.HI,39,1,
Hidalgo County,US.NM.HI,39,0,
Rabun County,US.GA.RB,39,3,
Jo Daviess County,US.IL.JO,39,1,
Charles City County,US.VA.CC,39,3,
Hart County,US.KY.HT,39,0,
Pulaski County,US.VA.PU,39,2,
Sevier County,US.UT.SE,39,0,
Russell County,US.KY.RU,39,4,
Grand Traverse County,US.MI.GN,39,5,
Conway County,US.AR.CN,39,3,
Crawford County,US.GA.CW,39,0,
Bradley County,US.AR.BR,39,2,
Jerauld County,US.SD.JE,39,1,
Coos County,US.OR.CO,39,0,
Patrick County,US.VA.PK,39,1,
Marshall County,US.WV.MH,39,0,
Adams County,US.IN.AD,39,1,
Taney County,US.MO.TA,39,2,
Washakie County,US.WY.WA,39,5,
City and Borough of Juneau,US.AK.JU,39,0,
Towns County,US.GA.TW,38,1,
Bee County,US.TX.BE,38,0,
Arenac County,US.MI.AR,38,2,
King William County,US.VA.KW,38,0,
Forest County,US.WI.FR,38,3,
Franklin County,US.ME.FR,38,1,
Boyle County,US.KY.BE,38,0,
Christian County,US.MO.CT,38,0,
Merrick County,US.NE.ME,38,0,
Warren County,US.MO.WR,37,0,
Washington County,US.NC.WI,37,3,
Lyon County,US.IA.LY,37,0,
Butler County,US.IA.BE,37,2,
Brown County,US.IN.BR,37,1,
Henry County,US.TN.HR,37,0,
Appomattox County,US.VA.AP,37,0,
Champaign County,US.OH.CH,37,1,
Taos County,US.NM.TA,37,1,
Little River County,US.AR.LT,37,0,
Wyoming County,US.PA.WM,37,7,
Taylor County,US.KY.TA,37,1,
Cass County,US.TX.CS,37,2,
Logan County,US.OK.LG,37,1,
Wood County,US.WI.WO,37,1,
Raleigh County,US.WV.RL,37,0,
Morris County,US.TX.MR,37,0,
Jackson County,US.TX.JA,36,1,
Delaware County,US.IA.DA,36,1,
Franklin County,US.TX.FK,36,0,
Cameron Parish,US.LA.CM,36,0,
New Madrid County,US.MO.NW,36,1,
Davis County,US.IA.DV,36,1,
Jefferson County,US.WA.JE,36,0,
Lincoln County,US.ID.LI,36,0,
Logan County,US.AR.LG,36,0,
Polk County,US.TN.PO,36,0,
Seminole County,US.OK.SM,36,3,
Morrow County,US.OR.MO,36,1,
Pike County,US.MO.PI,36,1,
Cocke County,US.TN.CE,36,0,
Howell County,US.MO.HW,36,0,
Knox County,US.OH.KN,36,1,
Carroll County,US.TN.CR,36,1,
Sibley County,US.MN.SI,35,2,
Madison County,US.IA.MD,35,2,
Davison County,US.SD.DV,35,0,
Clay County,US.AL.CY,35,2,
Oxford County,US.ME.OX,35,0,
Clayton County,US.IA.CT,35,3,
Greene County,US.PA.GR,35,0,
Noble County,US.OK.NB,34,0,
Monroe County,US.KY.MO,34,0,
Barry County,US.MO.BR,34,0,
Jersey County,US.IL.JR,34,1,
Jackson County,US.OK.JA,34,3,
Howard County,US.TX.HW,34,1,
San Miguel County,US.CO.SM,34,0,
Grant County,US.KS.GT,34,1,
Geary County,US.KS.GE,34,1,
Long County,US.GA.LG,34,1,
Douglas County,US.OR.DO,34,0,
Campbell County,US.VA.CM,34,1,
Cuming County,US.NE.CM,34,0,
Otero County,US.NM.OT,34,6,
Aurora County,US.SD.AU,34,0,
Clark County,US.KS.CA,34,0,
Woodford County,US.IL.WO,33,2,
Clallam County,US.WA.CL,33,0,
Clarion County,US.PA.CL,33,2,
Hockley County,US.TX.HC,33,1,
Seward County,US.NE.SA,33,1,
Bingham County,US.ID.BG,33,0,
Blackford County,US.IN.BL,33,2,
Whitman County,US.WA.WI,33,0,
Smyth County,US.VA.SM,33,1,
Spencer County,US.KY.SP,33,0,
Dunn County,US.WI.DN,33,0,
Kauai County,US.HI.KU,33,0,
Wabaunsee County,US.KS.WB,33,0,
Robertson County,US.TX.RO,33,0,
Gillespie County,US.TX.GL,33,0,
Kleberg County,US.TX.KL,33,1,
Mason County,US.TX.MA,33,0,
Owyhee County,US.ID.OW,33,0,
Lamb County,US.TX.LB,33,0,
Crawford County,US.WI.CR,32,0,
Ogemaw County,US.MI.OG,32,2,
Barron County,US.WI.BR,32,0,
Scurry County,US.TX.SU,32,0,
Mills County,US.IA.ML,32,0,
Vernon County,US.WI.VE,32,0,
Hamilton County,US.KS.HM,32,0,
Dare County,US.NC.DE,32,1,
Nowata County,US.OK.NW,32,1,
Amherst County,US.VA.AH,32,0,
Henry County,US.KY.HY,32,2,
Pontotoc County,US.OK.PN,32,2,
Lander County,US.NV.LA,32,0,
Sagadahoc County,US.ME.SA,32,0,
Perquimans County,US.NC.PQ,32,2,
Fremont County,US.CO.FR,32,0,
Cherokee County,US.NC.CO,32,1,
Franklin County,US.MS.FR,32,2,
Toole County,US.MT.TO,31,6,
Kit Carson County,US.CO.KT,31,3,
Alleghany County,US.NC.AL,31,0,
Seneca County,US.OH.SE,31,2,
Alleghany County,US.VA.AL,31,2,
Madison County,US.ID.MA,31,0,
Albany County,US.WY.AL,31,0,
Meigs County,US.TN.ME,31,0,
Mille Lacs County,US.MN.MI,31,1,
Juneau County,US.WI.JU,31,1,
Kalkaska County,US.MI.KK,31,2,
Beaver County,US.OK.BA,30,0,
Van Buren County,US.AR.VA,30,2,
Meade County,US.KS.ME,30,0,
Cooke County,US.TX.OO,30,0,
Carroll County,US.KY.CL,30,0,
Charlotte County,US.VA.CT,30,0,
Lamoille County,US.VT.LA,30,1,
Grant County,US.AR.GN,30,0,
Stevens County,US.KS.SV,30,0,
Lunenburg County,US.VA.LN,30,0,
Lincoln County,US.GA.LC,30,1,
Fayette County,US.IA.FT,30,0,
Sherman County,US.TX.SN,30,0,
Gibson County,US.IN.GI,29,2,
Williams County,US.ND.WI,29,0,
Le Flore County,US.OK.LE,29,1,
Mecosta County,US.MI.MT,29,2,
Mercer County,US.WV.MR,29,0,
Athens County,US.OH.AS,29,1,
McIntosh County,US.GA.MH,29,1,
Kossuth County,US.IA.KO,29,0,
Calaveras County,US.CA.CA,29,0,
Calhoun County,US.IA.CO,29,0,
Uintah County,US.UT.UN,29,0,
Jones County,US.NC.JN,29,3,
Lucas County,US.IA.LU,28,3,
Greene County,US.IA.GE,28,0,
Perry County,US.TN.PE,28,0,
Tipton County,US.IN.TT,28,1,
Franklin County,US.NY.FR,28,0,
San Jacinto County,US.TX.SJ,28,0,
Johnson County,US.TN.JO,28,0,
Scioto County,US.OH.SC,28,0,
Trinity County,US.TX.TR,28,0,
Greenup County,US.KY.GU,28,0,
Montgomery County,US.GA.MM,28,0,
Sequoyah County,US.OK.SQ,28,3,
Spencer County,US.IN.SP,28,1,
Lincoln County,US.OK.LI,28,2,
Rock County,US.MN.RC,28,0,
Campbell County,US.TN.CM,28,1,
Mason County,US.KY.MS,28,0,
Bourbon County,US.KY.BU,28,1,
Northumberland County,US.VA.NU,28,1,
Wabasha County,US.MN.WB,28,0,
Rockbridge County,US.VA.RB,27,0,
Sullivan County,US.NH.SU,27,1,
Wise County,US.VA.WI,27,2,
Posey County,US.IN.PS,27,0,
Wayne County,US.NE.WY,27,0,
Park County,US.CO.PA,27,0,
Somerset County,US.ME.SO,27,0,
Taylor County,US.GA.TY,27,2,
Cheboygan County,US.MI.CY,27,2,
Beltrami County,US.MN.BT,27,0,
Henderson County,US.TN.HS,27,0,
Crawford County,US.IN.CW,27,0,
Donley County,US.TX.DO,27,0,
Clay County,US.NE.CL,27,0,
Inyo County,US.CA.IN,27,1,
Emmet County,US.MI.EM,27,2,
Love County,US.OK.LV,27,0,
Clare County,US.MI.CE,27,3,
McKenzie County,US.ND.MK,27,0,
Atchison County,US.KS.AT,27,0,
Crockett County,US.TN.CK,27,3,
Hansford County,US.TX.HF,26,2,
Blanco County,US.TX.BC,26,1,
Cascade County,US.MT.CS,26,2,
Columbia County,US.OR.CL,26,0,
Charlevoix County,US.MI.CV,26,2,
Josephine County,US.OR.JO,26,1,
Anderson County,US.KY.AN,26,1,
Perry County,US.OH.PE,26,1,
Madison County,US.TX.AD,26,0,
Harvey County,US.KS.HV,26,2,
Jackson County,US.WI.JA,26,1,
Roscommon County,US.MI.RO,26,0,
Swisher County,US.TX.SW,26,1,
Jackson County,US.AR.JA,26,0,
Union County,US.KY.UN,26,0,
Green Lake County,US.WI.GL,26,0,
Grundy County,US.IA.GN,26,0,
Gladwin County,US.MI.GL,26,1,
Siskiyou County,US.CA.SK,26,0,
Floyd County,US.KY.FO,26,0,
Ford County,US.IL.FO,26,1,
Lynn County,US.TX.LY,26,1,
Gates County,US.NC.GT,26,2,
Marshall County,US.OK.MH,25,0,
Lewis and Clark County,US.MT.LE,25,0,
Lewis County,US.NY.LE,25,5,
Montgomery County,US.KS.MG,25,2,
Osceola County,US.MI.OE,25,0,
Doniphan County,US.KS.DP,25,0,
Cleveland County,US.AR.CV,25,0,
Ray County,US.MO.RY,25,0,
Candler County,US.GA.CR,25,0,
Converse County,US.WY.CE,25,0,
Meade County,US.KY.MA,25,2,
Jefferson County,US.KS.JF,25,0,
Iowa County,US.WI.IO,25,0,
Falls County,US.TX.FL,25,0,
Fountain County,US.IN.FO,25,2,
Grainger County,US.TN.GA,25,0,
Mitchell County,US.NC.MI,25,0,
McLean County,US.KY.ML,24,1,
Custer County,US.MT.CU,24,0,
Webster County,US.MO.WE,24,1,
Palo Alto County,US.IA.PO,24,0,
Whitley County,US.KY.WH,24,0,
Breckinridge County,US.KY.BC,24,2,
Arkansas County,US.AR.AR,24,0,
Benton County,US.MS.BE,24,0,
Pocahontas County,US.WV.PO,24,0,
Lincoln County,US.KY.LN,24,1,
Bonner County,US.ID.BR,24,0,
Bureau County,US.IL.BU,24,1,
Knox County,US.ME.KN,24,1,
Kingfisher County,US.OK.KN,24,0,
Todd County,US.KY.TO,24,0,
Tensas Parish,US.LA.TN,24,0,
Grays Harbor County,US.WA.GY,24,0,
Gray County,US.KS.GY,24,0,
Turner County,US.SD.TU,24,0,
Sequatchie County,US.TN.SQ,24,0,
Missaukee County,US.MI.MU,24,1,
Yellow Medicine County,US.MN.YE,24,0,
Winneshiek County,US.IA.WH,24,0,
Nemaha County,US.KS.NM,23,0,
Menard County,US.IL.MN,23,0,
Haskell County,US.KS.HS,23,0,
Cannon County,US.TN.CN,23,0,
Laclede County,US.MO.LD,23,0,
Fillmore County,US.MN.FI,23,0,
Fayette County,US.IL.FA,23,3,
Faulk County,US.SD.FU,23,1,
Henry County,US.OH.HE,23,0,
Schley County,US.GA.SY,23,1,
Twiggs County,US.GA.TG,23,1,
Perry County,US.AR.PY,23,0,
Camden County,US.NC.CD,23,0,
Marion County,US.TX.MN,23,1,
Phelps County,US.NE.PH,23,0,
Cleburne County,US.AL.CB,23,1,
Tillman County,US.OK.TI,23,1,
Trigg County,US.KY.TG,23,0,
Tioga County,US.PA.TI,23,2,
Clinton County,US.MO.CO,23,0,
King and Queen County,US.VA.KA,23,1,
Switzerland County,US.IN.SW,22,0,
Lafayette County,US.FL.LF,22,0,
Young County,US.TX.YU,22,1,
Carbon County,US.WY.CB,22,1,
Morgan County,US.TN.MG,22,1,
Floyd County,US.TX.FY,22,0,
Paulding County,US.OH.PA,22,0,
Wabash County,US.IL.WB,22,0,
Tuolumne County,US.CA.TO,22,0,
Sheridan County,US.WY.SH,22,0,
Martin County,US.IN.MN,22,0,
Park County,US.WY.PA,22,0,
Vinton County,US.OH.VI,22,2,
Jackson County,US.TN.JA,22,0,
Carter County,US.KY.CR,22,0,
Mariposa County,US.CA.MP,22,1,
Brown County,US.MN.BR,22,2,
Otero County,US.CO.OT,22,1,
Lincoln County,US.ME.LI,22,0,
Jefferson County,US.PA.JE,21,1,
Aroostook County,US.ME.AR,21,1,
Knox County,US.NE.KN,21,0,
Tyler County,US.TX.TY,21,0,
Carroll County,US.IL.CL,21,2,
Ravalli County,US.MT.RA,21,0,
Alexander County,US.IL.AL,21,0,
Moody County,US.SD.MO,21,0,
Mason County,US.IL.MS,21,0,
Jackson County,US.IA.JC,21,0,
Sabine County,US.TX.SB,21,1,
Alcona County,US.MI.AC,21,1,
Barton County,US.MO.BT,21,0,
Benewah County,US.ID.BA,21,0,
Ida County,US.IA.ID,21,0,
Logan County,US.WV.LO,21,1,
Washington County,US.KY.WS,21,0,
Delta County,US.MI.DE,21,2,
Ketchikan Gateway Borough,US.AK.KG,21,0,
Franklin County,US.ID.FA,21,0,
Chickasaw County,US.IA.CC,21,0,
Parke County,US.IN.PA,21,0,
Stanton County,US.NE.ST,21,0,
Cherokee County,US.KS.CK,20,0,
Page County,US.IA.PG,20,0,
Rappahannock County,US.VA.RP,20,0,
Waushara County,US.WI.WS,20,0,
Johnson County,US.IL.JH,20,0,
Morrill County,US.NE.MO,20,0,
Hancock County,US.WV.HN,20,0,
Asotin County,US.WA.AS,20,2,
Van Wert County,US.OH.VA,20,0,
Appanoose County,US.IA.AP,20,3,
Walsh County,US.ND.WL,20,0,
Morgan County,US.WV.MA,20,0,
Costilla County,US.CO.CS,20,0,
Douglas County,US.WI.DG,20,0,
Sharkey County,US.MS.SH,20,0,
Treutlen County,US.GA.TE,20,1,
Gem County,US.ID.GE,20,0,
Amador County,US.CA.AM,20,0,
Swift County,US.MN.SW,20,1,
Wilkin County,US.MN.WL,20,3,
Freestone County,US.TX.FE,20,0,
Izard County,US.AR.IZ,20,1,
Adams County,US.OH.AD,20,1,
Webster County,US.GA.WT,20,1,
Guadalupe County,US.NM.GU,20,0,
Lawrence County,US.MO.LW,20,0,
Sioux County,US.ND.SI,20,0,
Pike County,US.OH.PK,19,0,
Transylvania County,US.NC.TR,19,1,
Washington County,US.MO.WS,19,1,
Washington County,US.IL.WG,19,0,
Boone County,US.WV.BN,19,0,
Piatt County,US.IL.PA,19,0,
Chowan County,US.NC.CW,19,0,
Leon County,US.TX.LN,19,0,
Prairie County,US.AR.PR,19,0,
Norman County,US.MN.NR,19,0,
Mercer County,US.IL.ME,19,0,
Hamilton County,US.TX.HM,19,1,
Yoakum County,US.TX.YA,19,0,
Lampasas County,US.TX.LP,19,0,
Johnson County,US.WY.JO,19,1,
San Juan County,US.WA.SA,19,0,
Wexford County,US.MI.WE,19,3,
Henry County,US.MO.HE,19,3,
Claiborne County,US.TN.CI,19,0,
Stewart County,US.TN.SA,19,0,
Warren County,US.GA.WR,19,0,
Craig County,US.OK.CG,19,0,
Caledonia County,US.VT.CA,19,0,
Boone County,US.AR.BO,19,1,
Renville County,US.MN.RN,19,1,
Buchanan County,US.VA.BH,18,0,
Lake County,US.SD.LK,18,1,
Reeves County,US.TX.RE,18,0,
Lewis County,US.KY.LI,18,0,
Crawford County,US.IL.CW,18,0,
Barnes County,US.ND.BA,18,0,
Fulton County,US.KY.FU,18,0,
Grand County,US.CO.GR,18,0,
Nolan County,US.TX.NO,18,0,
Miami County,US.KS.MI,18,0,
Grundy County,US.MO.GU,18,0,
Ouachita County,US.AR.OU,18,0,
Cheyenne County,US.NE.CY,18,0,
Hancock County,US.IL.HC,18,1,
San Miguel County,US.NM.SM,18,0,
Harlan County,US.KY.HL,18,2,
Clear Creek County,US.CO.CL,18,1,
Pamlico County,US.NC.PM,18,0,
Fulton County,US.PA.FU,18,1,
Rowan County,US.KY.RW,18,0,
Rockcastle County,US.KY.RC,18,0,
Antrim County,US.MI.AN,18,0,
Humphreys County,US.TN.HU,18,1,
Evans County,US.GA.EV,18,0,
Nelson County,US.VA.NL,18,0,
Keokuk County,US.IA.KE,18,1,
Winnebago County,US.IA.WB,18,0,
Zavala County,US.TX.ZV,17,0,
Morgan County,US.UT.MN,17,0,
Karnes County,US.TX.KS,17,0,
Greenlee County,US.AZ.GE,17,1,
Lawrence County,US.SD.LW,17,0,
Bracken County,US.KY.BK,17,0,
Ripley County,US.MO.RI,17,0,
Ste. Genevieve County,US.MO.SG,17,1,
Grant County,US.NM.GR,17,0,
Venango County,US.PA.VE,17,0,
Neosho County,US.KS.NO,17,0,
Prowers County,US.CO.PR,17,0,
Van Buren County,US.IA.VA,17,0,
Garrard County,US.KY.GR,17,0,
Jackson County,US.OH.JA,17,0,
Ellis County,US.KS.EL,17,0,
Union County,US.IA.UN,17,0,
Brule County,US.SD.BU,17,0,
Nodaway County,US.MO.NO,17,0,
Mercer County,US.KY.MC,17,0,
Palo Pinto County,US.TX.PO,17,2,
Decatur County,US.TN.DC,17,0,
Corson County,US.SD.CO,17,0,
Oneida County,US.WI.ON,17,0,
Montague County,US.TX.MU,17,1,
McCreary County,US.KY.MR,17,0,
Lyon County,US.KY.LY,17,3,
Jefferson County,US.ID.JF,16,0,
Wheeler County,US.TX.WL,16,0,
Houston County,US.MN.HO,16,0,
Stevens County,US.WA.ST,16,1,
Currituck County,US.NC.CI,16,0,
Hancock County,US.ME.HA,16,1,
Hancock County,US.KY.HC,16,0,
Cass County,US.IA.CS,16,0,
Manistee County,US.MI.ME,16,0,
Lincoln County,US.WY.LI,16,0,
Gulf County,US.FL.GU,16,0,
Moultrie County,US.IL.MI,16,0,
Mason County,US.WV.MN,16,0,
Scott County,US.KS.SC,16,0,
Chester County,US.TN.CS,16,0,
Montgomery County,US.MO.MM,16,0,
Carbon County,US.MT.CB,16,0,
Grant County,US.WV.GA,16,0,
Benton County,US.MO.BN,16,0,
Power County,US.ID.PO,16,0,
Leelanau County,US.MI.LE,16,0,
Ransom County,US.ND.RN,16,0,
Colusa County,US.CA.CL,16,0,
Callahan County,US.TX.AL,16,2,
Knox County,US.KY.KX,16,0,
Baxter County,US.AR.BA,16,0,
Poquoson city,US.VA.PQ,16,0,
Shelby County,US.IL.SB,16,1,
McKean County,US.PA.MC,15,1,
Murray County,US.OK.MR,15,0,
Fentress County,US.TN.FE,15,0,
Live Oak County,US.TX.LK,15,0,
Pipestone County,US.MN.PS,15,0,
Quitman County,US.GA.QU,15,1,
Barbour County,US.WV.BB,15,1,
Pendleton County,US.KY.PN,15,0,
Fulton County,US.IL.FU,15,0,
Franklin County,US.AR.FR,15,0,
Phelps County,US.MO.PH,15,0,
Juab County,US.UT.JU,15,0,
Wadena County,US.MN.WD,15,0,
Otoe County,US.NE.OT,15,0,
Lewis County,US.WV.LE,15,2,
Middlesex County,US.VA.MI,15,0,
Vernon County,US.MO.VE,15,0,
Audubon County,US.IA.AU,15,1,
Mingo County,US.WV.MO,15,2,
Phillips County,US.CO.PH,15,0,
Terry County,US.TX.TE,15,0,
Bandera County,US.TX.BA,15,0,
Gaines County,US.TX.GS,15,0,
Traill County,US.ND.TR,15,0,
Richland County,US.WI.RI,15,4,
Ballard County,US.KY.BA,14,0,
Taylor County,US.WV.TA,14,0,
Wright County,US.MO.WG,14,0,
Atoka County,US.OK.AT,14,0,
Thomas County,US.KS.TH,14,0,
Nantucket County,US.MA.NA,14,1,
Surry County,US.VA.SR,14,1,
Marion County,US.MO.MO,14,0,
Carbon County,US.UT.CR,14,0,
Potter County,US.PA.PO,14,0,
Ohio County,US.IN.OH,14,0,
Teton County,US.ID.TE,14,0,
Casey County,US.KY.CS,14,0,
Letcher County,US.KY.LT,14,0,
Howard County,US.IA.HO,14,0,
Comanche County,US.TX.CE,14,1,
Fleming County,US.KY.FE,14,0,
Orleans County,US.VT.OL,14,0,
Cooper County,US.MO.CP,14,0,
Upshur County,US.WV.UP,14,0,
Big Stone County,US.MN.BI,14,0,
Clark County,US.IL.CK,14,0,
Buena Vista city,US.VA.BE,14,0,
Blaine County,US.OK.BL,14,0,
Lafayette County,US.AR.LF,14,1,
Floyd County,US.VA.FO,14,1,
Menominee County,US.MI.MM,14,0,
Scott County,US.TN.SC,14,0,
Presidio County,US.TX.PS,14,0,
Warren County,US.IN.WN,14,1,
Hudspeth County,US.TX.HU,14,0,
Adair County,US.IA.AI,14,0,
Linn County,US.MO.LN,14,1,
Millard County,US.UT.MD,14,0,
Oscoda County,US.MI.OO,14,1,
Tazewell County,US.VA.TA,13,0,
Gosper County,US.NE.GO,13,0,
Silver Bow County,US.MT.SI,13,0,
Grant County,US.SD.GA,13,0,
Schuyler County,US.IL.SU,13,0,
Clark County,US.SD.CK,13,0,
Crosby County,US.TX.CB,13,1,
Hartley County,US.TX.HL,13,2,
Day County,US.SD.DY,13,0,
Stone County,US.AR.ST,13,0,
Fillmore County,US.NE.FI,13,1,
Kanabec County,US.MN.KA,13,1,
Dunn County,US.ND.DU,13,0,
Wayne County,US.KY.WY,13,0,
Pendleton County,US.WV.PE,13,1,
Aitkin County,US.MN.AI,13,0,
Franklin County,US.IL.FR,13,0,
Union County,US.IN.UN,13,0,
Tripp County,US.SD.TR,13,0,
Vermillion County,US.IN.VE,13,0,
Linn County,US.KS.LN,13,0,
Caldwell County,US.KY.CD,13,0,
Logan County,US.IL.LO,13,0,
Baca County,US.CO.BA,13,0,
Morgan County,US.MO.MG,13,0,
Lake County,US.MT.LA,13,0,
Kearney County,US.NE.KA,13,0,
Redwood County,US.MN.RW,12,0,
Woodward County,US.OK.WW,12,0,
Randolph County,US.MO.RN,12,0,
Bates County,US.MO.BS,12,1,
Adams County,US.WI.AD,12,2,
Menifee County,US.KY.ME,12,0,
Harrison County,US.MO.HS,12,0,
Harrison County,US.OH.HR,12,1,
Lassen County,US.CA.LS,12,0,
Sanborn County,US.SD.SA,12,0,
Presque Isle County,US.MI.PR,12,0,
Wayne County,US.IL.WY,12,1,
Dallas County,US.MO.DL,12,1,
Benton County,US.TN.BN,12,1,
Marshall County,US.MN.MS,12,0,
Bollinger County,US.MO.BI,12,0,
Schuyler County,US.NY.SU,12,0,
Clay County,US.TN.CY,12,0,
Stanley County,US.SD.ST,12,0,
Grand County,US.UT.GR,12,0,
Garfield County,US.UT.GA,12,1,
Polk County,US.NE.PO,12,0,
Ringgold County,US.IA.RI,12,0,
Schleicher County,US.TX.SH,12,0,
Hot Springs County,US.WY.HO,12,0,
Pacific County,US.WA.PA,12,1,
Bourbon County,US.KS.BB,12,1,
Bond County,US.IL.BN,12,1,
Conejos County,US.CO.CN,12,0,
Newton County,US.TX.NE,12,0,
Houghton County,US.MI.HO,11,0,
Ward County,US.TX.WD,11,0,
Big Horn County,US.WY.BI,11,0,
Gilmer County,US.WV.GI,11,0,
Hamlin County,US.SD.HM,11,0,
McCormick County,US.SC.MC,11,1,
Roane County,US.WV.RO,11,1,
Stone County,US.MO.SE,11,0,
Okfuskee County,US.OK.OF,11,0,
Sitka City and Borough,US.AK.SI,11,0,
Larue County,US.KY.LR,11,1,
Rusk County,US.WI.RU,11,0,
McLean County,US.ND.ML,11,0,
Bath County,US.KY.BH,11,1,
Bon Homme County,US.SD.BH,11,0,
Cedar County,US.NE.CA,11,0,
Miller County,US.MO.ML,11,0,
LaMoure County,US.ND.LA,11,0,
Cass County,US.MN.CS,11,2,
Brown County,US.KS.BR,11,0,
Effingham County,US.IL.EF,11,1,
Carroll County,US.MO.CL,11,0,
Duchesne County,US.UT.DU,11,0,
Garza County,US.TX.GR,11,0,
Polk County,US.MO.PO,11,0,
Greenwood County,US.KS.GW,11,0,
Radford city,US.VA.RD,11,0,
Beckham County,US.OK.BC,11,0,
Burt County,US.NE.BT,11,0,
Brown County,US.IL.BR,10,0,
Spink County,US.SD.SP,10,0,
Churchill County,US.NV.CH,10,1,
Stanton County,US.KS.ST,10,0,
Sawyer County,US.WI.SW,10,0,
Pushmataha County,US.OK.PU,10,0,
Union County,US.TN.UO,10,0,
Furnas County,US.NE.FU,10,1,
Lancaster County,US.VA.LA,10,0,
Meigs County,US.OH.MS,10,0,
Cumberland County,US.IL.CU,10,0,
Sumner County,US.KS.SU,10,1,
Pope County,US.MN.PE,10,0,
Winkler County,US.TX.WI,10,0,
DeKalb County,US.MO.DE,10,0,
Bosque County,US.TX.BQ,10,0,
Montgomery County,US.IA.MG,10,2,
Aransas County,US.TX.AA,10,0,
Johnston County,US.OK.JO,10,0,
Grand Isle County,US.VT.GR,10,0,
Jim Hogg County,US.TX.JG,10,0,
Vilas County,US.WI.VI,10,0,
Taylor County,US.WI.TA,10,0,
Crawford County,US.MO.CF,10,0,
Clay County,US.WV.CY,10,1,
Rolette County,US.ND.RO,10,0,
Refugio County,US.TX.RF,10,0,
Houston County,US.TN.HO,10,0,
Osage County,US.KS.OS,10,0,
Marquette County,US.WI.MQ,10,1,
Lexington city,US.VA.LX,10,0,
Ramsey County,US.ND.RM,10,1,
Hutchinson County,US.SD.HT,10,0,
Garrett County,US.MD.GA,10,0,
Adams County,US.ID.AM,10,0,
Livingston County,US.MO.LV,10,0,
Latah County,US.ID.LA,10,0,
Ouray County,US.CO.OU,10,1,
Elk County,US.PA.EL,10,0,
Sierra County,US.NM.SI,9,0,
Lee County,US.VA.LE,9,0,
Wilbarger County,US.TX.WG,9,0,
Brooke County,US.WV.BO,9,0,
Metcalfe County,US.KY.MT,9,2,
Colfax County,US.NM.CO,9,1,
Scott County,US.VA.SC,9,2,
Crook County,US.OR.CR,9,0,
Moffat County,US.CO.MF,9,0,
Gallia County,US.OH.GA,9,1,
Rosebud County,US.MT.RS,9,0,
Monroe County,US.WV.ME,9,0,
Emery County,US.UT.EM,9,0,
Mitchell County,US.IA.ME,9,0,
Russell County,US.VA.RU,9,0,
Clay County,US.NC.CY,9,0,
Caribou County,US.ID.CR,9,0,
Jefferson County,US.NE.JE,9,0,
Lipscomb County,US.TX.LM,9,0,
Richland County,US.MT.RI,9,0,
Marion County,US.KS.MN,9,1,
Antelope County,US.NE.AN,9,1,
Johnson County,US.KY.JO,9,0,
Cedar County,US.MO.CD,9,0,
Madison County,US.NC.MD,9,0,
Fall River County,US.SD.FL,9,0,
Martin County,US.TX.MT,9,1,
Caldwell County,US.MO.CW,9,0,
Hodgeman County,US.KS.HG,9,0,
Fulton County,US.AR.FU,9,0,
Park County,US.MT.PA,9,0,
Lake County,US.OR.LK,9,0,
Orange County,US.VT.OA,9,0,
Lincoln County,US.NM.LI,9,0,
Wetzel County,US.WV.WT,9,0,
Pembina County,US.ND.PE,9,0,
Decatur County,US.IA.DC,9,0,
Ralls County,US.MO.RL,9,0,
McCook County,US.SD.MC,9,1,
Koochiching County,US.MN.KO,9,0,
Crittenden County,US.KY.CT,8,1,
Archuleta County,US.CO.AC,8,0,
Worth County,US.IA.WT,8,0,
Avery County,US.NC.AV,8,0,
Dickinson County,US.KS.DK,8,0,
Valley County,US.NE.VA,8,0,
Cloud County,US.KS.CD,8,0,
Walworth County,US.SD.WA,8,0,
Wallowa County,US.OR.WW,8,0,
Columbia County,US.WA.CM,8,0,
Dawson County,US.MT.DW,8,0,
Giles County,US.VA.GI,8,0,
Goliad County,US.TX.GI,8,0,
Eastland County,US.TX.EA,8,0,
Edgar County,US.IL.EG,8,0,
Wells County,US.ND.WE,8,0,
Duval County,US.TX.DU,8,0,
Graham County,US.NC.GH,8,0,
Morgan County,US.KY.MG,8,0,
Greene County,US.IL.GE,8,0,
Leslie County,US.KY.LS,8,0,
Scotland County,US.MO.SO,8,1,
Livingston County,US.KY.LV,8,0,
Scott County,US.AR.SC,8,0,
Major County,US.OK.MJ,8,1,
Henderson County,US.IL.HD,8,0,
Kimball County,US.NE.KB,8,0,
Saline County,US.IL.SE,8,0,
La Salle County,US.TX.LS,8,0,
Nicholas County,US.WV.NI,8,1,
Lincoln County,US.WI.LI,8,0,
Massac County,US.IL.MA,8,0,
Monroe County,US.AR.ME,8,0,
Mackinac County,US.MI.MK,8,0,
Rains County,US.TX.RI,8,0,
Madison County,US.MT.MA,8,1,
Lewis County,US.MO.LE,7,1,
Rooks County,US.KS.RO,7,0,
Knott County,US.KY.KT,7,0,
Daviess County,US.MO.DV,7,0,
Marshall County,US.IL.MH,7,0,
Wyoming County,US.WV.WY,7,0,
Hand County,US.SD.HD,7,0,
Gasconade County,US.MO.GA,7,0,
Wayne County,US.IA.WY,7,0,
Lincoln County,US.MN.LI,7,0,
Curry County,US.OR.CU,7,0,
Roosevelt County,US.MT.RO,7,0,
Haskell County,US.OK.HS,7,0,
Breathitt County,US.KY.BT,7,0,
Langlade County,US.WI.LN,7,0,
Buffalo County,US.WI.BF,7,2,
Latimer County,US.OK.LA,7,1,
Lake County,US.MI.LK,7,0,
Adams County,US.IA.AM,7,0,
Tyrrell County,US.NC.TY,7,0,
Clearwater County,US.MN.CE,7,0,
Forest County,US.PA.FO,7,0,
Stephens County,US.TX.SE,7,0,
Custer County,US.SD.CU,7,0,
Jack County,US.TX.JK,7,0,
Las Animas County,US.CO.LS,7,0,
McCulloch County,US.TX.MC,7,0,
Macon County,US.MO.MN,7,0,
Boone County,US.NE.BO,7,0,
Lincoln County,US.MT.LN,7,1,
Dickinson County,US.MI.DI,7,2,
Pierce County,US.NE.PI,7,0,
Pike County,US.AR.PE,7,0,
Los Alamos County,US.NM.LO,7,0,
Searcy County,US.AR.SA,7,0,
Tillamook County,US.OR.TI,7,0,
Miner County,US.SD.ME,7,0,
Crook County,US.WY.CK,7,0,
Childress County,US.TX.CD,7,0,
Sherman County,US.KS.SH,7,0,
Llano County,US.TX.LL,7,0,
Beaver County,US.UT.BV,7,0,
Gilpin County,US.CO.GI,7,0,
Glacier County,US.MT.GC,7,0,
Plumas County,US.CA.PU,7,0,
Van Buren County,US.TN.VA,6,0,
Mahnomen County,US.MN.MH,6,1,
Craig County,US.VA.CG,6,0,
Carson County,US.TX.CN,6,0,
Woodson County,US.KS.WO,6,0,
Edmunds County,US.SD.ED,6,0,
Owen County,US.KY.OE,6,0,
Pickett County,US.TN.PI,6,0,
Woodruff County,US.AR.WO,6,0,
Tucker County,US.WV.TU,6,0,
Edwards County,US.KS.ED,6,0,
Kingsbury County,US.SD.KI,6,0,
Coos County,US.NH.CO,6,0,
Hamilton County,US.NY.HA,6,1,
Webster County,US.NE.WE,6,0,
Coal County,US.OK.CL,6,0,
Benzie County,US.MI.BE,6,0,
Pike County,US.IN.PI,6,0,
Dallas County,US.AR.DA,6,0,
Hughes County,US.OK.HU,6,0,
Shannon County,US.MO.SN,6,0,
Kiowa County,US.OK.KO,6,1,
Noble County,US.OH.NO,6,0,
Hyde County,US.NC.HE,6,0,
Grant County,US.MN.GR,6,0,
Union County,US.NM.UN,6,0,
Red Willow County,US.NE.RE,6,0,
Mercer County,US.ND.ME,6,0,
Gogebic County,US.MI.GO,6,1,
Fremont County,US.IA.FO,6,0,
Cumberland County,US.KY.CU,6,0,
Johnson County,US.NE.JO,6,0,
Chariton County,US.MO.CI,6,0,
Carter County,US.MO.CR,6,1,
Clay County,US.KS.CY,6,1,
Pershing County,US.NV.PE,6,0,
Roseau County,US.MN.RS,6,0,
Pratt County,US.KS.PR,6,0,
Oregon County,US.MO.OR,6,0,
Jackson County,US.SD.JA,6,1,
Morgan County,US.OH.MA,6,0,
Morton County,US.KS.MT,6,0,
Kane County,US.UT.KA,6,0,
Bell County,US.KY.BL,6,0,
Bethel Census Area,US.AK.BE,6,0,
Hanson County,US.SD.HS,6,0,
Trimble County,US.KY.TM,6,0,
Franklin County,US.NE.FA,6,0,
Lawrence County,US.IL.LW,6,0,
Osage County,US.MO.OS,6,0,
McDowell County,US.WV.MC,6,0,
Jefferson County,US.OK.JE,5,0,
Carlisle County,US.KY.CE,5,1,
Iron County,US.MI.IR,5,0,
Monroe County,US.MO.MR,5,0,
Dimmit County,US.TX.DM,5,0,
Richardson County,US.NE.RI,5,1,
Cotton County,US.OK.CT,5,2,
Delta County,US.TX.DT,5,0,
Eddy County,US.ND.ED,5,0,
Runnels County,US.TX.RN,5,0,
Traverse County,US.MN.TR,5,0,
Collingsworth County,US.TX.CG,5,0,
Mineral County,US.CO.MI,5,0,
Crockett County,US.TX.CT,5,0,
Moore County,US.TN.MO,5,0,
Burke County,US.ND.BK,5,0,
Lincoln County,US.WV.LI,5,0,
Martin County,US.KY.MI,5,0,
Clay County,US.TX.CY,5,0,
Marshall County,US.SD.MS,5,0,
Powell County,US.KY.PO,5,0,
Wahkiakum County,US.WA.WH,5,0,
Somervell County,US.TX.SV,5,0,
Lewis County,US.TN.LE,5,0,
Sargent County,US.ND.SG,5,0,
Nemaha County,US.NE.NE,5,0,
Pleasants County,US.WV.PL,5,0,
Lawrence County,US.KY.LC,5,0,
Warren County,US.PA.WR,5,0,
Glasscock County,US.TX.GC,5,0,
Sherman County,US.NE.SM,5,0,
Archer County,US.TX.AC,5,0,
Nicholas County,US.KY.NI,5,0,
Goshen County,US.WY.GO,5,0,
Magoffin County,US.KY.MF,5,0,
Cheyenne County,US.CO.CE,5,0,
Nome Census Area,US.AK.NM,5,0,
Morris County,US.KS.MR,5,0,
Bottineau County,US.ND.BT,5,0,
Matthews County,US.VA.MT,5,0,
Valley County,US.ID.VA,5,0,
Coke County,US.TX.OK,5,1,
Quay County,US.NM.QU,5,1,
Hubbard County,US.MN.HU,5,0,
Howard County,US.MO.HR,5,0,
Lake County,US.MN.LE,5,0,
Sublette County,US.WY.SU,5,0,
Hemphill County,US.TX.HH,5,0,
Lane County,US.KS.LE,5,0,
Mercer County,US.MO.MC,5,0,
Clinton County,US.KY.CO,5,0,
Montmorency County,US.MI.MR,5,0,
Woods County,US.OK.WS,5,0,
Broadwater County,US.MT.BR,5,0,
Hickman County,US.KY.HA,5,0,
Petersburg Census Area,US.AK.PB,4,1,
White County,US.IL.WE,4,0,
Menominee County,US.WI.MN,4,0,
Pierce County,US.ND.PI,4,0,
Rice County,US.KS.RC,4,0,
Republic County,US.KS.RP,4,0,
Washburn County,US.WI.WR,4,0,
Lac Qui Parle County,US.MN.LC,4,0,
Richland County,US.IL.RI,4,0,
Chautauqua County,US.KS.CQ,4,0,
Lincoln County,US.CO.LI,4,0,
McPherson County,US.SD.MP,4,0,
Chase County,US.KS.CS,4,0,
Deer Lodge County,US.MT.DE,4,0,
Bennett County,US.SD.BN,4,0,
Bent County,US.CO.BE,4,0,
Renville County,US.ND.RE,4,0,
Maries County,US.MO.MS,4,0,
Bristol city,US.VA.BI,4,0,
Dewey County,US.OK.DW,4,0,
Stillwater County,US.MT.ST,4,0,
Ness County,US.KS.NS,4,0,
Northwest Arctic Borough,US.AK.NW,4,0,
Franklin County,US.FL.FR,4,0,
Wirt County,US.WV.WI,4,0,
Schuyler County,US.MO.SH,4,0,
Schoolcraft County,US.MI.SR,4,0,
Sioux County,US.NE.SI,4,0,
Norton city,US.VA.NC,4,0,
Douglas County,US.SD.DO,4,0,
Mineral County,US.NV.MI,4,0,
Worth County,US.MO.WO,4,0,
Haskell County,US.TX.HK,4,0,
Montgomery County,US.AR.MT,4,0,
Mitchell County,US.KS.MC,4,0,
Concho County,US.TX.ON,4,0,
Mitchell County,US.TX.MH,4,0,
San Saba County,US.TX.SS,4,0,
Fremont County,US.ID.FE,4,0,
Hardeman County,US.TX.RD,4,0,
Garden County,US.NE.GD,4,0,
Nance County,US.NE.NA,4,0,
Glascock County,US.GA.GS,4,0,
Newton County,US.AR.NW,4,0,
Emmons County,US.ND.EM,4,1,
Oldham County,US.TX.OL,4,1,
De Witt County,US.IL.DW,4,0,
Jewell County,US.KS.JW,4,0,
Green County,US.KY.GN,4,1,
Dewey County,US.SD.DW,4,0,
Cottle County,US.TX.OT,4,1,
Ottawa County,US.KS.OT,4,0,
Dickey County,US.ND.DC,4,0,
Texas County,US.MO.TE,4,0,
North Slope Borough,US.AK.NH,4,0,
Estill County,US.KY.ES,4,0,
Huerfano County,US.CO.HU,4,0,
Wrangell City and Borough,US.AK.WG,3,0,
Sullivan County,US.PA.SL,3,0,
Pend Oreille County,US.WA.PE,3,0,
Braxton County,US.WV.BX,3,0,
Holt County,US.NE.HT,3,0,
Stark County,US.IL.SA,3,0,
Florence County,US.WI.FL,3,0,
Brooks County,US.TX.BK,3,0,
Hinsdale County,US.CO.HI,3,0,
Highland County,US.VA.HA,3,0,
Stevens County,US.MN.SV,3,0,
Box Butte County,US.NE.BX,3,0,
Slope County,US.ND.SL,3,0,
Southeast Fairbanks Census Area,US.AK.SO,3,0,
Golden Valley County,US.MT.GO,3,0,
Madison County,US.MO.MD,3,0,
Atchison County,US.MO.AT,3,0,
Luce County,US.MI.LU,3,0,
Greeley County,US.NE.GE,3,0,
Ashland County,US.WI.AS,3,0,
Armstrong County,US.TX.AM,3,0,
Washita County,US.OK.WT,3,0,
Bayfield County,US.WI.BY,3,1,
Shelby County,US.MO.SB,3,0,
Sheridan County,US.KS.SD,3,0,
Wayne County,US.MO.WY,3,0,
Chippewa County,US.MI.CP,3,0,
Norton County,US.KS.NT,3,0,
Benson County,US.ND.BE,3,0,
Phillips County,US.KS.PL,3,0,
Skamania County,US.WA.SM,3,0,
Marion County,US.AR.MN,3,0,
Smith County,US.KS.SM,3,0,
Hancock County,US.TN.HC,3,0,
Anderson County,US.KS.AN,3,0,
Coleman County,US.TX.CM,3,0,
Roberts County,US.TX.RS,3,0,
Tyler County,US.WV.TY,3,0,
McHenry County,US.ND.MH,3,1,
Rich County,US.UT.RH,3,0,
Custer County,US.ID.CU,3,0,
Red Lake County,US.MN.RD,3,0,
Douglas County,US.MO.DO,3,0,
Mellette County,US.SD.ML,3,0,
Elliott County,US.KY.EL,3,0,
Jefferson County,US.MT.JE,3,0,
Menard County,US.TX.EN,3,0,
Sutton County,US.TX.ST,3,0,
Culberson County,US.TX.UL,3,0,
Ellsworth County,US.KS.EW,3,0,
Kiowa County,US.KS.KW,3,0,
Idaho County,US.ID.ID,3,0,
Rio Blanco County,US.CO.RB,3,0,
White Pine County,US.NV.WH,3,0,
Covington city,US.VA.CV,3,0,
Dent County,US.MO.DN,3,0,
Hyde County,US.SD.HY,3,0,
Kodiak Island Borough,US.AK.KO,3,0,
Pawnee County,US.KS.PN,3,0,
Essex County,US.VT.ES,3,0,
Grant County,US.ND.GT,2,0,
Treasure County,US.MT.TR,2,0,
Hall County,US.TX.HA,2,1,
Hamilton County,US.IL.HM,2,0,
Lincoln County,US.WA.LI,2,0,
Lincoln County,US.NV.LI,2,0,
Piscataquis County,US.ME.PI,2,0,
Haines Borough,US.AK.HA,2,0,
Taliaferro County,US.GA.TA,2,0,
Trinity County,US.CA.TR,2,0,
Reynolds County,US.MO.RE,2,0,
Comanche County,US.KS.CM,2,0,
Edwards County,US.IL.EW,2,0,
Pondera County,US.MT.PN,2,0,
Pike County,US.IL.PK,2,0,
Custer County,US.CO.CU,2,0,
Platte County,US.WY.PL,2,0,
Cheyenne County,US.KS.CN,2,0,
Washington County,US.ME.WS,2,0,
Niobrara County,US.WY.NI,2,0,
Kidder County,US.ND.KI,2,0,
Piute County,US.UT.PT,2,0,
Catron County,US.NM.CA,2,1,
Cavalier County,US.ND.CV,2,0,
Osborne County,US.KS.OB,2,0,
Yukon-Koyukuk Census Area,US.AK.YU,2,0,
Keith County,US.NE.KT,2,0,
Ritchie County,US.WV.RI,2,0,
Dickens County,US.TX.DC,2,0,
Griggs County,US.ND.GI,2,0,
Owsley County,US.KY.OS,2,0,
Wolfe County,US.KY.WL,2,0,
Grant County,US.OK.GN,2,0,
Bland County,US.VA.BL,2,0,
Harper County,US.KS.HP,2,0,
Burnett County,US.WI.BN,2,1,
Reagan County,US.TX.RG,2,0,
Cameron County,US.PA.CE,2,0,
Prince of Wales-Hyder Census Area,US.AK.PH,2,0,
Briscoe County,US.TX.BO,2,0,
Foster County,US.ND.FO,2,0,
Calhoun County,US.WV.CH,2,0,
Knox County,US.MO.KN,2,0,
Fisher County,US.TX.FH,2,1,
Dawes County,US.NE.DS,2,0,
Storey County,US.NV.ST,2,0,
Upton County,US.TX.UP,2,0,
Putnam County,US.MO.PN,2,0,
Fergus County,US.MT.FE,2,0,
St. Clair County,US.MO.SC,2,0,
Iron County,US.MO.IR,2,0,
Price County,US.WI.PC,2,0,
Gallatin County,US.IL.GA,2,0,
Edwards County,US.TX.ED,2,0,
Clark County,US.MO.CK,2,0,
Clay County,US.IL.CY,2,0,
Kinney County,US.TX.KN,2,0,
Lemhi County,US.ID.LM,2,0,
Alger County,US.MI.AG,2,0,
Alpine County,US.CA.AP,2,0,
Iron County,US.WI.IR,2,1,
Issaquena County,US.MS.IS,2,0,
Oliver County,US.ND.OL,1,0,
Motley County,US.TX.MY,1,0,
Mills County,US.TX.MS,1,0,
Cochran County,US.TX.CC,1,0,
Nelson County,US.ND.NE,1,0,
Cherry County,US.NE.CH,1,0,
Webster County,US.WV.WB,1,0,
Wheatland County,US.MT.WH,1,0,
McIntosh County,US.ND.MI,1,0,
Wilson County,US.KS.WL,1,0,
Allen County,US.KS.AL,1,0,
Alfalfa County,US.OK.AL,1,0,
Dade County,US.MO.DD,1,0,
Marshall County,US.KS.MS,1,0,
Cook County,US.MN.CO,1,0,
Ozark County,US.MO.OZ,1,0,
Musselshell County,US.MT.MU,1,0,
Cimarron County,US.OK.CO,1,0,
Pepin County,US.WI.PE,1,0,
Meagher County,US.MT.ME,1,0,
Nuckolls County,US.NE.NU,1,0,
Ziebach County,US.SD.ZI,1,0,
Baker County,US.OR.BA,1,0,
Harper County,US.OK.HP,1,0,
Hitchcock County,US.NE.HI,1,0,
Hill County,US.MT.HI,1,0,
Camas County,US.ID.CM,1,0,
Calhoun County,US.IL.CH,1,0,
Steele County,US.ND.SE,1,0,
Kittson County,US.MN.KI,1,0,
Knox County,US.TX.KX,1,0,
Stafford County,US.KS.SF,1,0,
Holt County,US.MO.HL,1,0,
Harney County,US.OR.HA,1,0,
San Juan County,US.CO.SJ,1,0,
Grant County,US.OR.GR,1,0,
Putnam County,US.IL.PT,1,0,
Harlan County,US.NE.HR,1,0,
Valley County,US.MT.VA,1,0,
Harding County,US.NM.HA,1,0,
Real County,US.TX.RL,1,0,
Trego County,US.KS.TR,1,0,
Boyd County,US.NE.BY,1,0,
Thomas County,US.NE.TO,1,0,
Divide County,US.ND.DV,1,0,
Jackson County,US.CO.JA,1,0,
Dickenson County,US.VA.DC,1,0,
Rock County,US.NE.RO,1,0,
Terrell County,US.TX.TL,1,0,
Thayer County,US.NE.TA,1,0,
Deuel County,US.SD.DU,1,0,
Banner County,US.NE.BA,1,0,
Kimble County,US.TX.KM,1,0,
Ellis County,US.OK.EL,1,0,
Irion County,US.TX.IR,1,0,
Chase County,US.NE.CE,1,0,
Keweenaw County,US.MI.KW,1,0,
Summers County,US.WV.SU,1,0,
Sully County,US.SD.SU,1,0,
Ferry County,US.WA.FE,1,0,
Lee County,US.KY.LE,1,0,
Frontier County,US.NE.FO,1,0,
Hardin County,US.IL.HI,1,0,
Beaverhead County,US.MT.BE,1,0,
Logan County,US.KS.LG,1,0,
Sherman County,US.OR.SH,1,0,
Gregory County,US.SD.GE,1,0,
Sierra County,US.CA.SE,1,0,
Granite County,US.MT.GN,1,0,
Boise County,US.ID.BS,1,0,
Liberty County,US.MT.LB,1,0,
Baylor County,US.TX.BR,1,0,
Sheridan County,US.ND.SH,1,0,
Shackelford County,US.TX.SC,1,0,
Bowman County,US.ND.BW,1,0,
Washington County,US.KS.WS,1,0,
Barber County,US.KS.AB,1,0,
Garfield County,US.NE.GF,1,0,
Baraga County,US.MI.BA,1,0,
Gove County,US.KS.GO,1,0,
Billings County,US.ND.BI,1,0,
Pope County,US.IL.PE,1,0,
Eureka County,US.NV.EU,0,0,
Esmeralda County,US.NV.ES,0,0,
Elk County,US.KS.EK,0,0,
Oneida County,US.ID.ON,0,0,
Graham County,US.KS.GH,0,0,
Scott County,US.IL.SO,0,0,
Sedgwick County,US.CO.SE,0,0,
Greeley County,US.KS.GL,0,0,
Ontonagon County,US.MI.ON,0,0,
Sweet Grass County,US.MT.SW,0,0,
Modoc County,US.CA.MC,0,0,
Grant County,US.NE.GA,0,0,
Russell County,US.KS.RS,0,0,
Rush County,US.KS.RH,0,0,
Fallon County,US.MT.FA,0,0,
Sheridan County,US.MT.SH,0,0,
Hoonah-Angoon Census Area,US.AK.HH,0,0,
Golden Valley County,US.ND.GO,0,0,
Yakutat City and Borough,US.AK.YA,0,0,
Harding County,US.SD.HR,0,0,
Garfield County,US.MT.GF,0,0,
Garfield County,US.WA.GF,0,0,
Harmon County,US.OK.HM,0,0,
Clark County,US.ID.CA,0,0,
Skagway Municipality,US.AK.SW,0,0,
Gilliam County,US.OR.GI,0,0,
Dundy County,US.NE.DY,0,0,
Haakon County,US.SD.HA,0,0,
Clearwater County,US.ID.CE,0,0,
Sanders County,US.MT.SA,0,0,
Shoshone County,US.ID.SH,0,0,
Hayes County,US.NE.HY,0,0,
Hettinger County,US.ND.HE,0,0,
Sheridan County,US.NE.SD,0,0,
Mora County,US.NM.MO,0,0,
Sterling County,US.TX.SI,0,0,
Foard County,US.TX.FD,0,0,
Hickory County,US.MO.HC,0,0,
Chouteau County,US.MT.CH,0,0,
Stonewall County,US.TX.SA,0,0,
Hooker County,US.NE.HO,0,0,
Jeff Davis County,US.TX.JF,0,0,
Deuel County,US.NE.DL,0,0,
Roger Mills County,US.OK.RR,0,0,
Perkins County,US.SD.PR,0,0,
Powell County,US.MT.PL,0,0,
Boundary County,US.ID.BD,0,0,
Aleutians West Census Area,US.AK.AW,0,0,
Aleutians East Borough,US.AK.AE,0,0,
Wayne County,US.UT.WE,0,0,
Prairie County,US.MT.PR,0,0,
Perkins County,US.NE.PE,0,0,
Butte County,US.ID.BT,0,0,
Adams County,US.ND.AD,0,0,
Bristol Bay Borough,US.AK.BR,0,0,
Valdez-Cordova Census Area,US.AK.VA,0,0,
Lake of the Woods County,US.MN.LO,0,0,
McCone County,US.MT.MC,0,0,
Decatur County,US.KS.DC,0,0,
Borden County,US.TX.BD,0,0,
Powder River County,US.MT.PD,0,0,
Potter County,US.SD.PO,0,0,
Lewis County,US.ID.LW,0,0,
Wallace County,US.KS.WA,0,0,
Lincoln County,US.KS.LC,0,0,
Petroleum County,US.MT.PO,0,0,
Blaine County,US.NE.BL,0,0,
Blaine County,US.MT.BL,0,0,
Phillips County,US.MT.PH,0,0,
Bear Lake County,US.ID.BK,0,0,
Bath County,US.VA.BA,0,0,
Logan County,US.ND.LO,0,0,
Logan County,US.NE.LG,0,0,
Arthur County,US.NE.AR,0,0,
Loup County,US.NE.LU,0,0,
Loving County,US.TX.LI,0,0,
Lake and Peninsula Borough,US.AK.LA,0,0,
De Baca County,US.NM.DE,0,0,
Mineral County,US.MT.MN,0,0,
Denali Borough,US.AK.DE,0,0,
Wichita County,US.KS.WH,0,0,
Keya Paha County,US.NE.KY,0,0,
Kent County,US.TX.KT,0,0,
Kenedy County,US.TX.KE,0,0,
Kalawao County,US.HI.KL,0,0,
Judith Basin County,US.MT.JU,0,0,
Throckmorton County,US.TX.TH,0,0,
Pawnee County,US.NE.PA,0,0,
Teton County,US.MT.TE,0,0,
Robertson County,US.KY.RB,0,0,
Jones County,US.SD.JO,0,0,
Dillingham Census Area,US.AK.DI,0,0,
Doddridge County,US.WV.DO,0,0,
Dolores County,US.CO.DO,0,0,
Wibaux County,US.MT.WI,0,0,
Towner County,US.ND.TO,0,0,
Carter County,US.MT.CT,0,0,
King County,US.TX.KG,0,0,
Kingman County,US.KS.KM,0,0,
Kiowa County,US.CO.KO,0,0,
Campbell County,US.SD.CP,0,0,
Rawlins County,US.KS.RA,0,0,
Daggett County,US.UT.DG,0,0,
McPherson County,US.NE.MC,0,0,
Wheeler County,US.OR.WE,0,0,
Wheeler County,US.NE.WH,0,0,
McMullen County,US.TX.MM,0,0,
Daniels County,US.MT.DN,0,0,
Calhoun County,US.AR.CA,0,0,
Kusilvak Census Area,US.AK.WA,0,0,
Butte County,US.SD.BT,0,0,
Brown County,US.NE.BW,0,0,
