County,hasc,confirmed,death,recovered
Los Angeles County,US.CA.LO,220762,5245,
Miami-Dade County,US.FL.DA,144407,2047,
Maricopa County,US.AZ.MA,128865,2585,
Cook County,US.IL.CO,115344,4953,
Harris County,US.TX.RR,90574,1812,
Queens County,US.NY.QU,69098,7207,
Broward County,US.FL.BO,66011,940,
Kings County,US.NY.KI,63779,7266,
Dallas County,US.TX.DS,57313,816,
Clark County,US.NV.CL,52239,908,
Bronx County,US.NY.BN,50651,4879,
Riverside County,US.CA.RI,45662,881,
Suffolk County,US.NY.SF,44109,1998,
Bexar County,US.TX.BX,43993,887,
Nassau County,US.NY.NA,43891,2195,
Orange County,US.CA.OR,43367,809,
San Bernardino County,US.CA.SA,40338,568,
Palm Beach County,US.FL.PL,38902,989,
Westchester County,US.NY.WE,36435,1447,
San Diego County,US.CA.SD,34344,626,
Hillsborough County,US.FL.HL,34040,460,
Tarrant County,US.TX.TN,33874,499,
Orange County,US.FL.OR,33180,351,
New York County,US.NY.NE,31342,3159,
Wayne County,US.MI.WY,29062,2837,
Philadelphia County,US.PA.PH,27475,1732,
Middlesex County,US.MA.MI,26565,2006,
Kern County,US.CA.KE,26266,204,
Prince George's County,US.MD.PR,24588,768,
Duval County,US.FL.DU,24509,221,
Shelby County,US.TN.SY,24440,323,
Travis County,US.TX.TV,23870,296,
Mecklenburg County,US.NC.MB,22989,257,
Milwaukee County,US.WI.MU,22054,465,
Suffolk County,US.MA.SU,22017,1076,
Fulton County,US.GA.FU,21867,472,
Hidalgo County,US.TX.HG,21806,764,
Davidson County,US.TN.DA,21677,220,
Salt Lake County,US.UT.SL,21621,211,
Gwinnett County,US.GA.GW,21411,287,
Bergen County,US.NJ.BE,21120,2036,
Hennepin County,US.MN.HE,20251,846,
Essex County,US.NJ.ES,19911,2110,
Fresno County,US.CA.FR,19900,203,
Hudson County,US.NJ.HD,19866,1508,
Franklin County,US.OH.FR,19437,537,
Pima County,US.AZ.PM,19313,530,
Montgomery County,US.MD.MO,18925,808,
Pinellas County,US.FL.PI,18660,544,
Fairfield County,US.CT.FA,18160,1410,
El Paso County,US.TX.EP,18079,335,
Middlesex County,US.NJ.MI,18070,1414,
Essex County,US.MA.ES,17930,1194,
Passaic County,US.NJ.PA,17915,1244,
Cameron County,US.TX.CA,17816,547,
King County,US.WA.KN,17491,688,
Lee County,US.FL.LE,17305,375,
Fairfax County,US.VA.FX,16882,533,
Union County,US.NJ.UN,16847,1349,
Marion County,US.IN.MO,16539,735,
Oakland County,US.MI.OD,16378,1140,
St. Louis County,US.MO.SL,15885,672,
Jefferson Parish,US.LA.JF,15703,530,
Providence County,US.RI.PR,15644,818,
Polk County,US.FL.PO,15312,358,
Richmond County,US.NY.RI,15046,1077,
DeKalb County,US.GA.DA,14926,262,
Cobb County,US.GA.CB,14826,338,
San Joaquin County,US.CA.SJ,14651,261,
Alameda County,US.CA.AA,14558,219,
Cuyahoga County,US.OH.CU,14278,529,
Santa Clara County,US.CA.SL,14207,209,
Jefferson County,US.AL.JE,14206,264,
Rockland County,US.NY.RO,13997,507,
Baltimore County,US.MD.BC,13847,574,
Worcester County,US.MA.WO,13686,1007,
Sacramento County,US.CA.SC,13615,199,
Baltimore City,US.MD.BA,13341,441,
New Haven County,US.CT.NH,13316,1109,
Nueces County,US.TX.NU,13273,188,
Lake County,US.IL.LK,13231,450,
Washington,US.DC.DI,13159,597,
Hartford County,US.CT.HA,12871,1419,
Charleston County,US.SC.CS,12821,213,
DuPage County,US.IL.DU,12815,526,
East Baton Rouge Parish,US.LA.EB,12716,372,
Wake County,US.NC.WK,12603,182,
Stanislaus County,US.CA.ST,12379,198,
Tulare County,US.CA.TL,12105,205,
Jackson County (including other portions of Kansas City),US.MO.JC,12058,118,
Douglas County,US.NE.DG,11929,143,
Yuma County,US.AZ.YU,11853,292,
Oklahoma County,US.OK.OL,11458,129,
Fort Bend County,US.TX.FR,11369,192,
Tulsa County,US.OK.TU,11312,113,
Greenville County,US.SC.GV,11238,227,
Orange County,US.NY.OE,11229,408,
Macomb County,US.MI.MB,11221,955,
Mobile County,US.AL.MB,11055,230,
Contra Costa County,US.CA.CN,11013,156,
Orleans Parish,US.LA.OR,10939,566,
Polk County,US.IA.PK,10843,210,
Collier County,US.FL.CL,10840,151,
Ocean County,US.NJ.OC,10740,1020,
Norfolk County,US.MA.NO,10682,997,
Yakima County,US.WA.YA,10590,220,
Denver County,US.CO.DN,10508,420,
Monmouth County,US.NJ.MN,10459,858,
Montgomery County,US.PA.MG,10361,859,
Osceola County,US.FL.OS,10228,118,
Escambia County,US.FL.ES,10205,150,
Kane County,US.IL.KE,10157,304,
Hamilton County,US.OH.HM,10101,269,
Imperial County,US.CA.IM,10058,257,
Ada County,US.ID.AA,9924,95,
Galveston County,US.TX.GV,9888,123,
Prince William County,US.VA.PW,9824,178,
Will County,US.IL.WL,9804,348,
Manatee County,US.FL.MN,9735,245,
Delaware County,US.PA.DE,9635,713,
Collin County,US.TX.CI,9612,89,
Bristol County,US.MA.BR,9408,637,
Allegheny County,US.PA.AL,9359,269,
Jefferson County,US.KY.JF,9350,251,
Richland County,US.SC.RI,9315,165,
Utah County,US.UT.UT,9304,38,
Webb County,US.TX.WB,9303,128,
Plymouth County,US.MA.PL,9288,723,
Erie County,US.NY.ER,9114,601,
Ventura County,US.CA.VE,9090,95,
Horry County,US.SC.HO,8839,169,
Camden County,US.NJ.CM,8774,582,
Pinal County,US.AZ.PN,8684,169,
Volusia County,US.FL.VO,8402,163,
Denton County,US.TX.DN,8214,103,
Mercer County,US.NJ.ME,8182,622,
San Francisco County,US.CA.SF,8157,69,
Lake County,US.IN.LK,8032,283,
Brazoria County,US.TX.BI,8025,110,
Ramsey County,US.MN.RA,7969,272,
Lafayette Parish,US.LA.LY,7916,100,
Kent County,US.MI.KN,7743,157,
Hampden County,US.MA.HD,7637,709,
Anne Arundel County,US.MD.AN,7618,229,
Arapahoe County,US.CO.AA,7547,364,
New Castle County,US.DE.NE,7490,293,
Seminole County,US.FL.SE,7424,145,
Pasco County,US.FL.PS,7406,149,
Bucks County,US.PA.BC,7382,583,
Morris County,US.NJ.MR,7332,829,
Williamson County,US.TX.WM,7330,103,
Santa Barbara County,US.CA.SB,7274,77,
Montgomery County,US.AL.MT,7219,156,
Marion County,US.FL.MI,7161,113,
Calcasieu Parish,US.LA.CC,7013,154,
Rutherford County,US.TN.RU,6999,59,
Montgomery County,US.TX.MG,6957,102,
San Mateo County,US.CA.SM,6952,126,
Caddo Parish,US.LA.CO,6887,297,
Merced County,US.CA.MD,6777,89,
Adams County,US.CO.AD,6771,183,
Sarasota County,US.FL.SR,6652,173,
Hamilton County,US.TN.HL,6644,58,
Hall County,US.GA.HL,6512,104,
Lubbock County,US.TX.LU,6495,78,
Brevard County,US.FL.BE,6478,174,
Washington County,US.AR.WA,6400,53,
Johnson County,US.KS.JO,6383,108,
Durham County,US.NC.DH,6377,80,
Canyon County,US.ID.CN,6308,56,
Jefferson County,US.TX.JE,6237,92,
Chatham County,US.GA.CM,6216,95,
St. Lucie County,US.FL.SL,6192,196,
Lancaster County,US.PA.LN,6182,421,
Sussex County,US.DE.SU,6172,192,
Washoe County,US.NV.WA,6161,124,
Burlington County,US.NJ.BU,6128,477,
Pierce County,US.WA.PI,6094,146,
Pulaski County,US.AR.PU,6000,88,
Guilford County,US.NC.GU,5911,158,
Monterey County,US.CA.MT,5890,41,
Hinds County,US.MS.HI,5878,128,
Madison County,US.AL.MD,5793,40,
Sedgwick County,US.KS.SG,5718,47,
Snohomish County,US.WA.SN,5716,203,
Marin County,US.CA.MN,5707,82,
Lucas County,US.OH.LU,5673,329,
Lake County,US.FL.LK,5587,82,
Berks County,US.PA.BK,5563,374,
Forsyth County,US.NC.FO,5513,56,
Loudoun County,US.VA.LD,5482,115,
St. Tammany Parish,US.LA.ST,5480,218,
City of St. Louis,US.MO.SY,5465,168,
Navajo County,US.AZ.NA,5451,208,
Clayton County,US.GA.CN,5450,116,
El Paso County,US.CO.EL,5438,144,
Kings County,US.CA.KI,5409,66,
Leon County,US.FL.LO,5363,27,
Wyandotte County,US.KS.WY,5330,108,
Virginia Beach City,US.VA.VI,5322,55,
Bernalillo County,US.NM.BE,5318,136,
Somerset County,US.NJ.SO,5300,565,
McLennan County,US.TX.ML,5296,61,
Chester County,US.PA.CH,5273,349,
Multnomah County,US.OR.MU,5264,101,
Lexington County,US.SC.LX,5179,120,
Monroe County,US.NY.MR,5143,255,
Knox County,US.TN.KN,5123,42,
Hays County,US.TX.HY,5111,46,
Elkhart County,US.IN.EL,5102,92,
Ouachita Parish,US.LA.OU,5067,117,
Lehigh County,US.PA.LH,5059,341,
Muscogee County,US.GA.MG,5029,109,
Richmond County,US.GA.RI,4961,97,
Benton County,US.AR.BE,4900,43,
Bay County,US.FL.BY,4787,64,
Dane County,US.WI.DA,4783,39,
Spokane County,US.WA.SP,4758,105,
Waukesha County,US.WI.WK,4746,65,
Dakota County,US.MN.DA,4740,106,
Dutchess County,US.NY.DU,4668,153,
Montgomery County,US.OH.MT,4651,103,
St. Charles County,US.MO.SA,4610,87,
Chesterfield County,US.VA.CD,4596,80,
Solano County,US.CA.SN,4596,41,
Minnehaha County,US.SD.MN,4584,68,
Tuscaloosa County,US.AL.TU,4554,82,
Alachua County,US.FL.AL,4544,28,
Brown County,US.WI.BW,4469,55,
Berkeley County,US.SC.BK,4422,73,
Honolulu County,US.HI.HO,4390,33,
Jefferson County,US.CO.JE,4377,235,
St. Clair County,US.IL.SI,4370,162,
Spartanburg County,US.SC.SP,4360,114,
Beaufort County,US.SC.BA,4331,60,
Bell County,US.TX.BL,4281,48,
Allen County,US.IN.AL,4225,166,
Santa Rosa County,US.FL.SA,4173,47,
Brazos County,US.TX.BZ,4158,51,
Sonoma County,US.CA.SO,4157,51,
McKinley County,US.NM.MC,4120,232,
Henrico County,US.VA.HC,4068,187,
Howard County,US.MD.HO,4040,115,
Northampton County,US.PA.NA,3999,295,
Bibb County,US.GA.BI,3997,83,
Anoka County,US.MN.AN,3955,115,
St. Johns County,US.FL.SJ,3948,44,
Norfolk City,US.VA.NF,3944,34,
Cherokee County,US.GA.CE,3939,67,
Hillsborough County,US.NH.HI,3931,281,
Martin County,US.FL.MT,3913,104,
Baldwin County,US.AL.BD,3909,32,
DeSoto County,US.MS.DE,3888,34,
Winnebago County,US.IL.WN,3853,134,
Benton County,US.WA.BE,3845,121,
Williamson County,US.TN.WL,3812,26,
St. Joseph County,US.IN.SN,3808,83,
Potter County,US.TX.PT,3802,41,
Weld County,US.CO.WE,3801,145,
Woodbury County,US.IA.WO,3795,54,
Summit County,US.OH.SU,3779,228,
York County,US.SC.YO,3752,32,
Genesee County,US.MI.GE,3733,298,
Florence County,US.SC.FL,3721,128,
Franklin County,US.WA.FR,3705,51,
Whitfield County,US.GA.WF,3700,36,
Shelby County,US.AL.SH,3698,39,
Okaloosa County,US.FL.OA,3696,50,
Henry County,US.GA.HY,3694,58,
Racine County,US.WI.RA,3665,81,
Tangipahoa Parish,US.LA.TA,3664,80,
Onondaga County,US.NY.OG,3663,178,
Sumner County,US.TN.SN,3622,75,
Luzerne County,US.PA.LU,3598,185,
Victoria County,US.TX.VI,3584,56,
Atlantic County,US.NJ.AT,3566,253,
Gaston County,US.NC.GS,3539,57,
Rapides Parish,US.LA.RA,3447,123,
Clay County,US.FL.CY,3440,65,
Johnston County,US.NC.JH,3424,45,
Cumberland County,US.NJ.CU,3420,158,
Lancaster County,US.NE.LA,3407,19,
Gloucester County,US.NJ.GL,3400,215,
Davis County,US.UT.DA,3388,21,
Fayette County,US.KY.FA,3385,49,
Cumberland County,US.NC.CU,3384,56,
McHenry County,US.IL.MY,3364,114,
Mohave County,US.AZ.MO,3348,184,
Richmond City,US.VA.RC,3339,42,
Union County,US.NC.UN,3326,43,
Marshall County,US.AL.MS,3319,39,
Washington County,US.OR.WI,3310,27,
Black Hawk County,US.IA.BL,3265,66,
Ellis County,US.TX.EI,3255,50,
Lowndes County,US.GA.LW,3249,50,
Dorchester County,US.SC.DO,3242,58,
Apache County,US.AZ.AP,3241,142,
Chesapeake City,US.VA.CS,3197,41,
Arlington County,US.VA.AR,3196,135,
Frederick County,US.MD.FR,3196,121,
Walker County,US.TX.WK,3190,43,
Cleveland County,US.OK.CV,3179,57,
Coconino County,US.AZ.CO,3167,120,
Marion County,US.OR.MR,3165,73,
Butler County,US.OH.BU,3164,69,
Terrebonne Parish,US.LA.TR,3160,86,
Cass County,US.ND.CS,3117,76,
Hamilton County,US.IN.HM,3103,105,
San Juan County,US.NM.SJ,3093,187,
Alexandria City,US.VA.AX,3082,61,
Livingston Parish,US.LA.LV,3071,54,
Madison County,US.IL.MD,3051,85,
Columbia County,US.FL.CU,3027,26,
Ascension Parish,US.LA.AE,3016,79,
Robeson County,US.NC.RB,3003,56,
Lee County,US.AL.LE,3001,51,
Dauphin County,US.PA.DA,2963,160,
Marion County,US.OH.MR,2961,45,
Weber County,US.UT.WB,2960,25,
Stearns County,US.MN.SR,2950,20,
Lafourche Parish,US.LA.LO,2949,104,
Madera County,US.CA.ME,2924,47,
Midland County,US.TX.ID,2888,39,
St. Landry Parish,US.LA.SL,2866,93,
Douglas County,US.GA.DL,2859,58,
York County,US.PA.YO,2854,105,
Dougherty County,US.GA.DH,2805,173,
Warren County,US.KY.WR,2773,22,
Kenosha County,US.WI.KN,2771,60,
Cabarrus County,US.NC.CR,2767,50,
Harrison County,US.MS.HR,2755,37,
Smith County,US.TX.SM,2750,32,
Glynn County,US.GA.GY,2725,56,
Santa Cruz County,US.AZ.SA,2697,55,
New Hanover County,US.NC.NE,2692,21,
Acadia Parish,US.LA.AD,2684,89,
Mahoning County,US.OH.MH,2675,260,
Washtenaw County,US.MI.WS,2665,114,
Albany County,US.NY.AB,2643,118,
Indian River County,US.FL.IN,2640,65,
Sumter County,US.SC.SU,2629,56,
Dona Ana County,US.NM.DO,2618,35,
Alamance County,US.NC.AA,2612,42,
Iberia Parish,US.LA.II,2602,75,
Columbia County,US.GA.CI,2596,34,
Maverick County,US.TX.MV,2596,53,
Anderson County,US.SC.AN,2591,76,
Washington County,US.UT.WN,2591,21,
Placer County,US.CA.PA,2582,28,
Forsyth County,US.GA.FO,2554,26,
Orangeburg County,US.SC.OR,2550,76,
Ector County,US.TX.EC,2547,49,
Madison County,US.MS.MD,2538,74,
Morgan County,US.AL.MG,2536,22,
Wayne County,US.NC.WY,2515,42,
Linn County,US.IA.LI,2508,89,
Kent County,US.DE.KE,2475,108,
Wilson County,US.TN.WO,2457,23,
Jackson County,US.MS.JC,2449,47,
Kaufman County,US.TX.KU,2446,30,
Bossier Parish,US.LA.BO,2445,82,
Sarpy County,US.NE.SY,2441,11,
San Luis Obispo County,US.CA.SS,2439,18,
Umatilla County,US.OR.UM,2435,32,
Anderson County,US.TX.AE,2434,16,
Pickaway County,US.OH.PC,2416,42,
Starr County,US.TX.SR,2411,87,
Rankin County,US.MS.RA,2411,41,
Municipality of Anchorage,US.AK.AN,2408,15,
Sebastian County,US.AR.SB,2401,22,
Troup County,US.GA.TP,2400,76,
Charlotte County,US.FL.CH,2369,100,
Rowan County,US.NC.RW,2340,51,
Etowah County,US.AL.ET,2316,35,
Washington County,US.MN.WH,2300,48,
Randolph County,US.NC.RA,2243,39,
Catawba County,US.NC.CB,2242,33,
Pitt County,US.NC.PI,2241,14,
Clarke County,US.GA.CK,2238,21,
Suwannee County,US.FL.SW,2236,46,
Ford County,US.KS.FO,2206,10,
Hernando County,US.FL.HA,2200,60,
Oneida County,US.NY.OD,2195,117,
Johnson County,US.IA.JH,2170,21,
Johnson County,US.TX.JH,2159,33,
Houston County,US.GA.HO,2159,62,
Saginaw County,US.MI.SG,2158,128,
Charles County,US.MD.CH,2152,93,
Vanderburgh County,US.IN.VA,2149,15,
Yavapai County,US.AZ.YA,2134,73,
Boulder County,US.CO.BO,2131,77,
Bradley County,US.TN.BR,2126,16,
Harford County,US.MD.HA,2125,69,
Cumberland County,US.ME.CU,2122,69,
Montgomery County,US.TN.MT,2118,16,
Aiken County,US.SC.AI,2096,46,
Ulster County,US.NY.UL,2089,81,
Comal County,US.TX.OM,2062,80,
Carroll County,US.GA.CL,2035,54,
Bartow County,US.GA.BT,2033,64,
Buncombe County,US.NC.BO,2033,53,
Duplin County,US.NC.DP,2023,49,
Gadsden County,US.FL.GA,2023,28,
Sevier County,US.TN.SV,2021,9,
Yolo County,US.CA.YO,2019,46,
Calhoun County,US.AL.CN,2019,20,
Jackson County,US.FL.JA,2018,51,
Stark County,US.OH.ST,2001,143,
Hendricks County,US.IN.HD,1996,109,
Kootenai County,US.ID.KO,1989,20,
Newton County,US.GA.NE,1987,48,
Jones County,US.MS.JO,1978,64,
Cache County,US.UT.CA,1971,5,
Portsmouth City,US.VA.PR,1964,25,
Iredell County,US.NC.IR,1963,17,
Dallas County,US.IA.DL,1962,35,
Newport News City,US.VA.NN,1960,20,
Lackawanna County,US.PA.LC,1960,212,
DeKalb County,US.AL.DA,1953,17,
Jasper County,US.MO.JS,1938,32,
Warren County,US.OH.WR,1937,40,
Putnam County,US.TN.PU,1936,20,
Dakota County,US.NE.DK,1934,42,
Clark County,US.WA.CR,1927,48,
Pickens County,US.SC.PI,1923,29,
Ottawa County,US.MI.OT,1910,59,
Angelina County,US.TX.AG,1906,54,
Lorain County,US.OH.LR,1906,77,
Forrest County,US.MS.FO,1905,57,
Randall County,US.TX.RA,1899,23,
Jefferson County,US.MO.JE,1887,27,
Elmore County,US.AL.EL,1886,41,
Hendry County,US.FL.HR,1878,39,
Kankakee County,US.IL.KK,1874,69,
Paulding County,US.GA.PA,1868,26,
Peoria County,US.IL.PI,1866,37,
Davidson County,US.NC.DD,1864,23,
Rock Island County,US.IL.RO,1850,39,
Tom Green County,US.TX.TG,1837,32,
Greene County,US.MO.GE,1836,10,
Johnson County,US.IN.JO,1833,119,
Olmsted County,US.MN.OL,1825,23,
Cass County,US.IN.CS,1818,9,
Douglas County,US.CO.DU,1817,59,
Scott County,US.IA.SC,1816,15,
Washington County,US.MS.WS,1811,46,
Barnstable County,US.MA.BA,1803,158,
Buena Vista County,US.IA.BV,1802,12,
Finney County,US.KS.FI,1801,11,
Guadalupe County,US.TX.GU,1799,59,
Dubuque County,US.IA.DU,1789,31,
Floyd County,US.GA.FL,1789,18,
St. Martin Parish,US.LA.SR,1784,47,
Nobles County,US.MN.NB,1783,9,
Hall County,US.NE.HL,1766,45,
Cochise County,US.AZ.CH,1760,57,
Champaign County,US.IL.CM,1752,19,
Citrus County,US.FL.CI,1750,40,
Coweta County,US.GA.CA,1750,26,
Grant County,US.WA.GN,1746,13,
Kalamazoo County,US.MI.KA,1728,84,
Rockingham County,US.NH.RO,1721,96,
Shawnee County,US.KS.SN,1720,19,
Vermilion Parish,US.LA.VM,1714,28,
Columbiana County,US.OH.CL,1712,62,
Burke County,US.NC.BK,1702,27,
Lee County,US.MS.LE,1700,43,
Manassas City,US.VA.MS,1696,22,
Scott County,US.MN.SC,1695,22,
Val Verde County,US.TX.VL,1687,45,
Jefferson County,US.AR.JE,1670,41,
Larimer County,US.CO.LR,1667,36,
St. Mary Parish,US.LA.SM,1666,59,
Clackamas County,US.OR.CC,1664,49,
Monroe County,US.PA.MR,1663,125,
Walker County,US.AL.WK,1648,69,
Gregg County,US.TX.GE,1646,30,
Lebanon County,US.PA.LB,1644,55,
Litchfield County,US.CT.LI,1632,139,
Robertson County,US.TN.RB,1630,21,
Monroe County,US.FL.MO,1622,13,
Hot Spring County,US.AR.HT,1621,13,
Colquitt County,US.GA.CQ,1617,24,
Ingham County,US.MI.IH,1610,33,
Westmoreland County,US.PA.WE,1609,48,
Trumbull County,US.OH.TR,1604,112,
Carroll County,US.MD.CR,1603,118,
Putnam County,US.FL.PU,1602,31,
Spotsylvania County,US.VA.SP,1598,35,
Coffee County,US.GA.CF,1585,32,
Trousdale County,US.TN.TR,1584,6,
Highlands County,US.FL.HG,1581,41,
Houston County,US.AL.HO,1573,15,
Wilson County,US.NC.WO,1552,36,
Leavenworth County,US.KS.LV,1549,9,
Kent County,US.RI.KE,1544,103,
Henderson County,US.NC.HN,1542,56,
Greenwood County,US.SC.GW,1541,20,
Orange County,US.TX.OR,1539,28,
Boone County,US.MO.BO,1534,3,
Niagara County,US.NY.NI,1529,88,
St. Charles Parish,US.LA.SC,1526,54,
Georgetown County,US.SC.GR,1521,25,
Twin Falls County,US.ID.TW,1517,33,
Sampson County,US.NC.SP,1510,19,
Kenton County,US.KY.KE,1507,41,
St. Clair County,US.AL.SA,1506,21,
Chelan County,US.WA.CH,1501,10,
Sullivan County,US.NY.SL,1493,37,
Fairfield County,US.OH.FI,1492,35,
Lauderdale County,US.MS.LU,1488,98,
Yellowstone County,US.MT.YS,1487,32,
Marshall County,US.IA.MS,1487,27,
Hamblen County,US.TN.HB,1487,15,
Stafford County,US.VA.SF,1480,10,
Walworth County,US.WI.WL,1479,25,
Hale County,US.TX.HE,1478,31,
New London County,US.CT.NL,1477,104,
Rock County,US.WI.RO,1477,26,
Walton County,US.FL.WL,1476,18,
Sumter County,US.FL.SM,1475,44,
Craighead County,US.AR.CG,1473,13,
Dallas County,US.AL.DL,1471,25,
Blount County,US.TN.BO,1465,15,
Limestone County,US.AL.LI,1462,14,
Crittenden County,US.AR.CD,1460,24,
Putnam County,US.NY.PU,1459,63,
Kendall County,US.IL.KA,1458,23,
Rockdale County,US.GA.RO,1455,26,
St. John the Baptist Parish,US.LA.SO,1455,93,
Berrien County,US.MI.BN,1453,69,
Kershaw County,US.SC.KE,1450,27,
Russell County,US.AL.RU,1440,2,
Porter County,US.IN.PR,1438,39,
Bastrop County,US.TX.BP,1435,23,
Orange County,US.NC.OR,1430,48,
Pope County,US.AR.PP,1426,12,
Darlington County,US.SC.DA,1425,38,
Sangamon County,US.IL.SM,1422,35,
Santa Cruz County,US.CA.SZ,1420,7,
Franklin County,US.PA.FR,1415,46,
Middlesex County,US.CT.MI,1414,192,
DeSoto County,US.FL.DE,1413,20,
Barrow County,US.GA.BW,1412,33,
Licking County,US.OH.LI,1409,55,
Washington County,US.TN.WI,1405,2,
Delaware County,US.OH.DL,1404,19,
Suffolk City,US.VA.SO,1401,53,
Parker County,US.TX.PR,1401,19,
Beaver County,US.PA.BA,1401,94,
Pottawattamie County,US.IA.PT,1401,29,
Harnett County,US.NC.HT,1398,40,
Tift County,US.GA.TI,1395,45,
Talladega County,US.AL.TD,1395,15,
Wicomico County,US.MD.WI,1390,45,
Clark County,US.IN.CK,1385,50,
Maury County,US.TN.MU,1382,9,
Bulloch County,US.GA.BH,1380,17,
Muskegon County,US.MI.MG,1377,63,
Faulkner County,US.AR.FA,1375,6,
Bee County,US.TX.BE,1374,16,
Laurens County,US.SC.LU,1373,49,
Story County,US.IA.ST,1371,15,
Butte County,US.CA.BU,1370,12,
Outagamie County,US.WI.OU,1369,14,
Allen Parish,US.LA.AL,1367,32,
Cullman County,US.AL.CU,1365,12,
Warren County,US.NJ.WA,1362,172,
Cumberland County,US.PA.CU,1362,71,
Lancaster County,US.SC.LN,1353,27,
Sussex County,US.NJ.SU,1349,198,
Burleigh County,US.ND.BL,1344,8,
Granville County,US.NC.GN,1341,29,
Franklin County,US.AL.FR,1341,22,
Chatham County,US.NC.CH,1338,55,
Lee County,US.NC.LE,1328,11,
Neshoba County,US.MS.NS,1328,96,
Gordon County,US.GA.GO,1325,24,
Hampton city,US.VA.HM,1321,9,
Washington Parish,US.LA.WO,1320,58,
Nassau County,US.FL.NA,1316,13,
Tippecanoe County,US.IN.TP,1316,12,
Nash County,US.NC.NA,1315,14,
Canadian County,US.OK.CN,1314,9,
Cleveland County,US.NC.CV,1304,23,
Brunswick County,US.NC.BS,1302,22,
Madison County,US.TN.MD,1302,25,
Colbert County,US.AL.CL,1292,18,
Lincoln County,US.AR.LC,1290,12,
Lamar County,US.MS.LM,1284,19,
Bonneville County,US.ID.BV,1281,6,
Iberville Parish,US.LA.IV,1279,50,
Caldwell County,US.NC.CL,1265,13,
Winnebago County,US.WI.WA,1263,19,
Fayette County,US.GA.FY,1263,33,
Autauga County,US.AL.AU,1262,23,
Hunt County,US.TX.HT,1261,21,
Walton County,US.GA.WA,1259,41,
Titus County,US.TX.TU,1257,17,
Tipton County,US.TN.TI,1253,12,
Seward County,US.KS.SW,1252,4,
Grayson County,US.TX.GO,1251,16,
Clark County,US.OH.CK,1249,16,
Lauderdale County,US.AL.LU,1248,20,
Saline County,US.AR.SL,1239,8,
Thomas County,US.GA.TH,1237,44,
Escambia County,US.AL.ES,1237,17,
St. Francis County,US.AR.SI,1236,3,
Cherokee County,US.TX.CK,1232,11,
Stanly County,US.NC.SN,1224,31,
Bolivar County,US.MS.BO,1219,40,
Ware County,US.GA.WE,1210,33,
Washington County,US.WI.WN,1207,23,
Napa County,US.CA.NA,1206,11,
Habersham County,US.GA.HB,1206,52,
Erie County,US.PA.ER,1200,27,
Nacogdoches County,US.TX.NC,1200,43,
Onslow County,US.NC.ON,1194,12,
Hampshire County,US.MA.HS,1184,130,
Jackson County,US.GA.JC,1176,17,
Caldwell County,US.TX.CW,1175,29,
Warren County,US.MS.WR,1173,37,
Sullivan County,US.TN.SL,1171,16,
Oktibbeha County,US.MS.OK,1171,41,
Lake County,US.OH.LK,1170,43,
Garland County,US.AR.GL,1169,17,
Broome County,US.NY.BO,1165,78,
Sandoval County,US.NM.SD,1158,33,
Hunterdon County,US.NJ.HN,1158,124,
Flagler County,US.FL.FL,1154,14,
Jackson County,US.AL.JA,1153,7,
Boone County,US.KY.BO,1149,24,
Eagle County,US.CO.EA,1148,9,
Taylor County,US.TX.TA,1148,29,
Baldwin County,US.GA.BD,1148,44,
Panola County,US.MS.PA,1139,18,
Avoyelles Parish,US.LA.AV,1138,36,
Lowndes County,US.MS.LO,1136,42,
Wood County,US.OH.WO,1136,58,
Clay County,US.MO.CY,1133,30,
Mississippi County,US.AR.MS,1133,14,
St. Bernard Parish,US.LA.SE,1126,24,
Mower County,US.MN.MW,1125,2,
Okeechobee County,US.FL.OE,1125,12,
Hardin County,US.TX.HN,1124,18,
Buchanan County,US.MO.BC,1123,10,
Accomack County,US.VA.AC,1120,17,
Washington County,US.MD.WA,1117,31,
Wichita County,US.TX.WC,1117,12,
San Patricio County,US.TX.SP,1114,34,
Laurens County,US.GA.LR,1109,19,
Rogers County,US.OK.RS,1108,21,
Liberty County,US.TX.LT,1107,36,
Sunflower County,US.MS.SU,1106,29,
Rockwall County,US.TX.RC,1105,15,
Schenectady County,US.NY.SN,1101,41,
Sutter County,US.CA.SU,1094,7,
Harrisonburg City,US.VA.HS,1093,31,
Taylor County,US.FL.TA,1092,5,
Yell County,US.AR.YE,1085,17,
Moore County,US.TX.MO,1082,14,
Moore County,US.NC.ME,1081,20,
Madison County,US.IN.MD,1079,66,
Texas County,US.OK.TE,1077,7,
Jefferson Davis Parish,US.LA.JD,1071,29,
Williamsburg County,US.SC.WI,1070,31,
Baker County,US.FL.BK,1070,4,
Lafayette County,US.MS.LY,1062,21,
Tolland County,US.CT.TO,1056,65,
Monroe County,US.MI.MO,1056,25,
Roanoke city,US.VA.RO,1056,15,
Rice County,US.MN.RI,1055,8,
Sevier County,US.AR.SV,1053,11,
Kanawha County,US.WV.KA,1051,24,
St. Mary's County,US.MD.SA,1040,52,
Hardeman County,US.TN.HA,1033,18,
Culpeper County,US.VA.CP,1033,12,
Clermont County,US.OH.CE,1029,11,
Scott County,US.MS.SC,1029,21,
Chambers County,US.TX.CH,1028,5,
Spalding County,US.GA.SD,1028,43,
Whatcom County,US.WA.WA,1018,39,
Douglas County,US.WA.DO,1011,7,
Hardee County,US.FL.HD,1009,8,
Wharton County,US.TX.WN,1008,30,
Surry County,US.NC.SU,998,10,
Gila County,US.AZ.GI,998,42,
Blount County,US.AL.BU,996,5,
Medina County,US.OH.MD,993,36,
Gallatin County,US.MT.GL,988,3,
Medina County,US.TX.ME,987,31,
Copiah County,US.MS.CP,986,30,
Monongalia County,US.WV.MG,986,5,
Franklin Parish,US.LA.FR,980,19,
LaPorte County,US.IN.LA,979,30,
Pike County,US.MS.PI,977,38,
DeKalb County,US.IL.DK,977,32,
Blue Earth County,US.MN.BE,977,6,
Leflore County,US.MS.LL,976,70,
Dawson County,US.NE.DN,970,9,
Tallapoosa County,US.AL.TP,969,80,
Rockingham County,US.VA.RG,968,20,
Columbus County,US.NC.CM,968,48,
Howard County,US.IN.HO,965,65,
Bedford County,US.TN.BD,964,12,
La Crosse County,US.WI.LA,959,1,
Evangeline Parish,US.LA.EV,958,9,
McDonald County,US.MO.MA,958,8,
Wright County,US.MN.WR,957,5,
Wagoner County,US.OK.WG,954,23,
Holmes County,US.MS.HO,945,50,
Wapello County,US.IA.WP,945,36,
Newton County,US.MO.NT,944,6,
Schuylkill County,US.PA.SC,942,51,
Navarro County,US.TX.NV,942,11,
Webster Parish,US.LA.WR,939,16,
Polk County,US.GA.PO,939,11,
Lafayette County,US.FL.LF,936,2,
LaSalle County,US.IL.LA,932,29,
Pennington County,US.SD.PN,930,33,
Carver County,US.MN.CV,928,3,
Covington County,US.AL.CV,927,23,
Grimes County,US.TX.GM,926,27,
Lincoln County,US.NC.LI,926,10,
Chambers County,US.AL.CM,925,38,
Salem County,US.NJ.SA,924,87,
Washington County,US.FL.WS,922,14,
Skagit County,US.WA.SG,922,23,
Franklin County,US.NC.FR,921,26,
Dodge County,US.WI.DD,920,5,
Chicot County,US.AR.CT,919,9,
Chilton County,US.AL.CI,910,12,
Okanogan County,US.WA.OK,907,5,
Livingston County,US.MI.LI,905,28,
Wilkes County,US.NC.WE,905,18,
Miami County,US.OH.MM,905,39,
Lea County,US.NM.LE,903,5,
Lee County,US.AR.LE,901,8,
Dale County,US.AL.DE,900,29,
Washington County,US.PA.WS,899,17,
Clarendon County,US.SC.CN,898,57,
Malheur County,US.OR.ML,894,15,
Newberry County,US.SC.NE,890,12,
Albemarle County,US.VA.AB,890,16,
Bartholomew County,US.IN.BA,888,47,
Yazoo County,US.MS.YZ,887,14,
McCurtain County,US.OK.MU,886,28,
Comanche County,US.OK.CM,884,11,
Pontotoc County,US.MS.PO,884,9,
Muscatine County,US.IA.MU,884,48,
Kosciusko County,US.IN.KO,881,12,
Beauregard Parish,US.LA.BE,878,21,
Floyd County,US.IN.FL,877,50,
Clarke County,US.AL.CK,872,10,
Oconee County,US.SC.OC,872,13,
Allen County,US.OH.AN,872,46,
Lincoln County,US.MS.LI,871,44,
Monroe County,US.MS.MR,868,55,
Webster County,US.IA.WE,868,8,
Macon County,US.TN.MC,866,13,
Grenada County,US.MS.GN,866,27,
Wayne County,US.GA.WY,863,13,
Coffee County,US.AL.CF,857,6,
Toombs County,US.GA.TM,857,9,
Cass County,US.MO.CS,857,9,
Simpson County,US.MS.SI,852,36,
Camden County,US.GA.CD,849,6,
Colleton County,US.SC.CT,847,36,
Cape May County,US.NJ.CP,846,89,
St. Clair County,US.MI.SA,841,53,
Decatur County,US.GA.DC,839,17,
Lincoln Parish,US.LA.LN,839,34,
Pointe Coupee Parish,US.LA.PO,838,33,
Sheboygan County,US.WI.SE,835,8,
Calhoun County,US.MI.CU,835,43,
Dodge County,US.NE.DE,832,10,
Matagorda County,US.TX.MD,830,32,
San Benito County,US.CA.SI,828,4,
El Dorado County,US.CA.EL,827,2,
Daviess County,US.KY.DA,824,9,
Natchitoches Parish,US.LA.NA,823,17,
Shelby County,US.KY.SH,817,21,
Chesterfield County,US.SC.CF,817,22,
Jim Wells County,US.TX.JW,816,19,
Rutherford County,US.NC.RU,812,13,
Vigo County,US.IN.VI,812,13,
Douglas County,US.KS.DG,812,5,
Platte County,US.NE.PL,812,3,
Coahoma County,US.MS.CH,812,13,
Leake County,US.MS.LK,811,27,
Chattahoochee County,US.GA.CH,810,2,
Vance County,US.NC.VA,810,41,
Effingham County,US.GA.EF,810,5,
Walker County,US.GA.WK,808,17,
Tuscarawas County,US.OH.TU,808,14,
Wayne County,US.MS.WY,808,21,
Marshall County,US.IN.MS,807,23,
Butler County,US.AL.BT,807,37,
Gibson County,US.TN.GB,806,9,
Vernon Parish,US.LA.VN,806,30,
Kitsap County,US.WA.KS,801,7,
Loudon County,US.TN.LO,799,3,
Lake County,US.TN.LK,799,1,
Liberty County,US.GA.LB,798,7,
Clay County,US.MN.CA,797,40,
Delaware County,US.IN.DL,796,53,
Monroe County,US.IN.MR,794,32,
Payne County,US.OK.PY,792,4,
Garfield County,US.CO.GA,792,4,
Bowie County,US.TX.BW,790,38,
Rensselaer County,US.NY.RE,789,39,
Pike County,US.AL.PK,788,8,
Portage County,US.OH.PO,786,65,
Saratoga County,US.NY.SR,783,15,
Thurston County,US.WA.TH,781,11,
Craven County,US.NC.CN,780,18,
Sumter County,US.GA.SU,779,56,
Appling County,US.GA.AP,778,19,
Grand Forks County,US.ND.GD,775,8,
Greene County,US.OH.GR,773,12,
Hoke County,US.NC.HO,773,11,
Ozaukee County,US.WI.OZ,770,18,
Sherburne County,US.MN.SH,769,10,
Polk County,US.TX.PK,769,14,
Tate County,US.MS.TT,768,30,
Dickson County,US.TN.DI,766,4,
Marshall County,US.MS.MS,766,10,
De Soto Parish,US.LA.DE,765,27,
Boone County,US.IL.BO,764,23,
Wakulla County,US.FL.WK,764,5,
Union County,US.MS.UN,761,19,
Jackson County,US.IL.JC,760,20,
Willacy County,US.TX.WY,760,30,
Yuba County,US.CA.YU,758,4,
Fond du Lac County,US.WI.FN,757,8,
McLean County,US.IL.ML,756,15,
Windham County,US.CT.WI,755,15,
West Baton Rouge Parish,US.LA.WB,754,37,
Levy County,US.FL.LV,754,5,
Madison County,US.FL.MD,754,10,
Anderson County,US.TN.AN,754,6,
Chittenden County,US.VT.CH,752,39,
Halifax County,US.NC.HL,752,8,
Pueblo County,US.CO.PU,750,34,
Fayette County,US.TN.FA,749,8,
Bledsoe County,US.TN.BE,746,2,
DeWitt County,US.TX.DE,745,21,
Crawford County,US.IA.CW,745,3,
Hardin County,US.KY.HN,744,8,
Dubois County,US.IN.DU,741,13,
Macon County,US.IL.MC,741,23,
Jackson County,US.MI.JA,737,35,
Union Parish,US.LA.UN,737,35,
Shenandoah County,US.VA.SN,736,47,
Chester County,US.SC.CR,736,14,
Harrison County,US.TX.HR,735,24,
Cape Girardeau County,US.MO.CG,735,5,
Lyon County,US.KS.LY,734,14,
St. James Parish,US.LA.SJ,734,32,
Berkeley County,US.WV.BE,733,11,
Calvert County,US.MD.CL,733,28,
Franklin County,US.MO.FR,729,19,
Summit County,US.UT.SU,729,1,
Dyer County,US.TN.DY,728,9,
Bryan County,US.GA.BY,728,8,
Kandiyohi County,US.MN.KD,728,1,
Gulf County,US.FL.GU,726,4,
Deaf Smith County,US.TX.DI,726,18,
Boone County,US.IN.BO,726,46,
Edgecombe County,US.NC.ED,725,13,
Cecil County,US.MD.CE,724,30,
Noble County,US.IN.NO,724,29,
Gonzales County,US.TX.GA,721,11,
Lynchburg city,US.VA.LY,719,5,
Worcester County,US.MD.WO,719,20,
Cherokee County,US.SC.CK,717,31,
Coryell County,US.TX.CL,716,6,
Butler County,US.PA.BT,712,17,
Hancock County,US.IN.HC,711,40,
Crawford County,US.AR.CW,711,5,
Catoosa County,US.GA.CS,709,11,
McDowell County,US.NC.MW,709,20,
Taney County,US.MO.TA,708,3,
Marion County,US.MS.MI,707,21,
Colfax County,US.NE.CO,707,4,
Lamar County,US.TX.LR,705,19,
Bay County,US.MI.BY,704,35,
Jefferson County,US.WI.JE,701,5,
Henderson County,US.TX.HD,697,12,
Morgan County,US.CO.MN,695,47,
Hanover County,US.VA.HV,695,33,
Frederick County,US.VA.FK,695,10,
Lincoln County,US.SD.LI,694,2,
Stephens County,US.GA.SE,693,17,
Pender County,US.NC.PD,692,3,
Marathon County,US.WI.MH,691,12,
Washington County,US.OK.WN,690,39,
Johnson County,US.AR.JO,687,2,
Santa Fe County,US.NM.ST,686,3,
Montgomery County,US.NC.MO,686,16,
York County,US.ME.YO,684,13,
Madison County,US.TX.AD,684,3,
Harris County,US.GA.HI,682,17,
Sabine Parish,US.LA.SB,682,11,
Mercer County,US.OH.MC,682,14,
Creek County,US.OK.CE,678,15,
Henderson County,US.TN.HS,678,3,
Sioux County,US.IA.SI,677,3,
Gilmer County,US.GA.GI,676,4,
Cerro Gordo County,US.IA.CG,676,19,
Karnes County,US.TX.KS,672,10,
Henry County,US.VA.HY,672,9,
Tazewell County,US.IL.TA,671,9,
Dillon County,US.SC.DI,671,25,
Berkshire County,US.MA.BE,667,46,
Adams County,US.MS.AD,664,28,
Mitchell County,US.GA.MT,664,41,
Barbour County,US.AL.BR,663,6,
Oldham County,US.KY.OL,663,16,
Hood County,US.TX.HO,657,13,
Covington County,US.MS.CV,656,16,
Logan County,US.CO.LO,655,5,
Eau Claire County,US.WI.EA,654,4,
Obion County,US.TN.OB,653,4,
San Juan County,US.UT.SJ,653,26,
Winston County,US.MS.WN,652,18,
Murray County,US.GA.MA,651,3,
Bladen County,US.NC.BL,651,7,
St. Louis County,US.MN.ST,650,20,
Marion County,US.AL.MI,647,26,
Jefferson County,US.TN.JE,647,4,
Lavaca County,US.TX.LA,641,23,
Richland County,US.OH.RI,640,12,
Pettis County,US.MO.PS,639,5,
Belmont County,US.OH.BE,638,26,
George County,US.MS.GR,637,9,
Deschutes County,US.OR.DE,637,11,
James City County,US.VA.JA,637,17,
Richland Parish,US.LA.RI,635,8,
Hamilton County,US.FL.HM,634,4,
Muhlenberg County,US.KY.MU,633,11,
Lenoir County,US.NC.LN,632,11,
Fauquier County,US.VA.FQ,632,9,
Cheatham County,US.TN.CA,631,9,
Madison Parish,US.LA.MA,631,6,
Erie County,US.OH.ER,630,30,
Madison County,US.KY.MD,630,1,
Jasper County,US.SC.JA,625,19,
Upson County,US.GA.UP,624,49,
Elko County,US.NV.EL,623,3,
Lawrence County,US.TN.LW,623,7,
St. Joseph County,US.MI.SJ,622,10,
Warrick County,US.IN.WI,622,30,
Jackson County,US.IN.JC,621,5,
Washington County,US.RI.WA,621,61,
Lane County,US.OR.LE,621,4,
Adams County,US.IL.AD,620,7,
East Feliciana Parish,US.LA.EF,619,39,
Buckingham County,US.VA.BK,616,8,
Tooele County,US.UT.TE,613,0,
Fayette County,US.PA.FA,613,6,
Campbell County,US.KY.CM,612,13,
Carter County,US.TN.CT,608,6,
Assumption Parish,US.LA.AS,606,20,
Independence County,US.AR.IN,604,2,
Lee County,US.GA.LE,603,23,
Coles County,US.IL.CE,602,21,
Saline County,US.NE.SL,600,2,
Jones County,US.TX.JN,600,0,
Beadle County,US.SD.BA,598,9,
Lassen County,US.CA.LS,598,0,
Warren County,US.IA.WR,598,2,
Pearl River County,US.MS.PL,596,41,
Graham County,US.AZ.GA,596,21,
McMinn County,US.TN.MM,596,20,
Marengo County,US.AL.ME,595,18,
Coffee County,US.TN.CF,595,4,
Haywood County,US.TN.HY,594,7,
Madison County,US.OH.MO,592,10,
Wasatch County,US.UT.WA,592,4,
Curry County,US.NM.CU,591,2,
Lowndes County,US.AL.LO,591,26,
Uvalde County,US.TX.UV,591,12,
Warren County,US.TN.WR,590,5,
Wayne County,US.OH.WE,588,60,
Newton County,US.MS.NW,587,12,
Walla Walla County,US.WA.WL,587,4,
Rockingham County,US.NC.RC,585,6,
Tattnall County,US.GA.TT,585,2,
Blaine County,US.ID.BL,585,6,
Weakley County,US.TN.WE,585,5,
Dixie County,US.FL.DI,584,4,
Fairfield County,US.SC.FA,583,24,
Ashtabula County,US.OH.AB,583,46,
Lee County,US.SC.LE,581,30,
Erath County,US.TX.ER,580,7,
Emanuel County,US.GA.EM,580,11,
Graves County,US.KY.GV,580,26,
Iron County,US.UT.RN,580,2,
Shelby County,US.IN.SH,580,28,
Marion County,US.SC.MI,579,14,
Rhea County,US.TN.RH,576,2,
Androscoggin County,US.ME.AN,575,9,
Burnet County,US.TX.BT,574,11,
LaGrange County,US.IN.LG,572,10,
Muskogee County,US.OK.MO,572,16,
Garfield County,US.OK.GF,571,8,
Frio County,US.TX.FO,571,6,
Greensville County,US.VA.GS,569,11,
Tallahatchie County,US.MS.TL,565,11,
Geauga County,US.OH.GE,565,45,
Allegan County,US.MI.AL,564,6,
Lauderdale County,US.TN.LU,564,9,
Lonoke County,US.AR.LO,564,2,
Greene County,US.TN.GE,563,9,
Bradford County,US.FL.BA,563,4,
Yadkin County,US.NC.YD,562,6,
Tama County,US.IA.TM,561,29,
Cumberland County,US.TN.CU,561,7,
Pittsylvania County,US.VA.PS,560,2,
Osage County,US.OK.OS,559,12,
Charlottesville City,US.VA.CE,558,15,
Calhoun County,US.TX.CU,555,6,
Jefferson County,US.GA.JR,555,10,
Richmond County,US.NC.RI,553,9,
Union County,US.AR.UN,553,20,
Columbia County,US.NY.CU,551,47,
Morehouse Parish,US.LA.MO,549,14,
Attala County,US.MS.AT,549,25,
Adams County,US.PA.AD,547,22,
Grady County,US.GA.GD,546,8,
Cassia County,US.ID.CS,545,1,
Marlboro County,US.SC.ML,542,4,
Jackson County,US.OR.JA,542,2,
Hawkins County,US.TN.HW,540,10,
Burke County,US.GA.BE,538,7,
Grant County,US.IN.GA,538,30,
Jackson County,US.OK.JA,537,7,
Northumberland County,US.PA.NU,537,18,
Petersburg city,US.VA.PB,537,19,
Mendocino County,US.CA.MI,537,10,
Wise County,US.TX.WE,536,10,
Miller County,US.AR.ML,536,5,
Ross County,US.OH.RO,535,6,
Cocke County,US.TN.CE,535,5,
St. Croix County,US.WI.SI,534,6,
Dearborn County,US.IN.DR,533,28,
Christian County,US.KY.CH,532,10,
Washington County,US.GA.WG,531,3,
Greene County,US.AR.GE,531,3,
Manassas Park city,US.VA.MP,530,7,
Ben Hill County,US.GA.BL,529,7,
Holmes County,US.FL.HO,528,4,
Jeff Davis County,US.GA.JF,528,8,
Chaves County,US.NM.CH,527,6,
Pike County,US.PA.PI,527,21,
Cole County,US.MO.CE,527,3,
Washington County,US.TX.WH,526,41,
Walthall County,US.MS.WT,525,22,
Roane County,US.TN.RA,524,2,
Waller County,US.TX.WR,521,5,
Jerome County,US.ID.JR,521,6,
Fremont County,US.WY.FR,520,12,
Waupaca County,US.WI.WP,520,16,
East Carroll Parish,US.LA.EC,520,2,
Atascosa County,US.TX.AT,517,19,
Hale County,US.AL.HA,515,26,
Roanoke County,US.VA.RE,515,4,
Yamhill County,US.OR.YA,514,13,
Laramie County,US.WY.LA,512,3,
Williamson County,US.IL.WS,512,7,
Big Horn County,US.MT.BI,510,14,
Chickasaw County,US.MS.CS,508,19,
Johnson County,US.MO.JO,507,3,
Butts County,US.GA.BU,507,40,
Scurry County,US.TX.SU,505,2,
Hardin County,US.TN.HI,505,8,
Bryan County,US.OK.BR,505,2,
Morgan County,US.IN.MG,505,35,
Randolph County,US.IL.RA,505,7,
Okmulgee County,US.OK.OM,504,3,
Cowlitz County,US.WA.CW,504,5,
Cherokee County,US.OK.CK,504,2,
Minidoka County,US.ID.MI,503,2,
Bullock County,US.AL.BL,503,12,
Henry County,US.IN.HY,502,21,
Sauk County,US.WI.SU,502,3,
Pottawatomie County,US.OK.PT,502,9,
Plymouth County,US.IA.PM,500,12,
Wilson County,US.TX.WS,499,20,
St. Francois County,US.MO.SF,498,2,
Van Buren County,US.MI.VA,497,13,
Prentiss County,US.MS.PN,497,11,
Monroe County,US.TN.MR,497,10,
Calhoun County,US.FL.CA,497,8,
Monroe County,US.AL.MR,496,7,
Riley County,US.KS.RL,495,5,
Adams County,US.WA.AD,494,5,
Jasper County,US.IA.JS,492,28,
Lapeer County,US.MI.LP,491,33,
Mercer County,US.PA.ME,490,12,
Monroe County,US.GA.MN,490,30,
La Paz County,US.AZ.LA,490,12,
Broomfield County and City,US.CO.BR,489,32,
Bannock County,US.ID.BO,489,2,
Shasta County,US.CA.SH,488,10,
Perry County,US.AL.PE,486,4,
Columbia County,US.PA.CO,485,35,
Marinette County,US.WI.MT,485,5,
Oceana County,US.MI.OA,485,6,
Bamberg County,US.SC.BM,485,27,
Wright County,US.IA.WG,485,1,
Bibb County,US.AL.BI,483,6,
Saluda County,US.SC.SA,482,10,
Winston County,US.AL.WN,482,11,
Noxubee County,US.MS.NO,482,12,
Madison County,US.NE.MA,482,5,
Buffalo County,US.NE.BF,481,1,
Dawson County,US.GA.DW,481,5,
Union County,US.FL.UN,481,5,
Saline County,US.MO.SI,481,7,
Fairbanks North Star Borough,US.AK.FA,481,6,
Smith County,US.TN.SH,480,4,
Laurel County,US.KY.LU,480,5,
Kleberg County,US.TX.KL,480,17,
McClain County,US.OK.ML,479,4,
Washington County,US.AL.WS,476,14,
Macon County,US.NC.MN,475,2,
Clinton County,US.IN.CI,474,4,
Eaton County,US.MI.EA,473,8,
Merrimack County,US.NH.ME,472,23,
Cook County,US.GA.CO,472,8,
Bacon County,US.GA.BC,472,8,
Queen Anne's County,US.MD.QU,470,26,
Lenawee County,US.MI.LN,470,12,
Wilcox County,US.AL.WC,469,10,
Oconee County,US.GA.OC,469,16,
Plaquemines Parish,US.LA.PL,469,19,
Putnam County,US.GA.PT,469,18,
Hampton County,US.SC.HA,468,13,
Clinton County,US.IL.CN,468,17,
Worth County,US.GA.WO,468,23,
Delaware County,US.OK.DL,467,20,
Winn Parish,US.LA.WI,467,7,
Tishomingo County,US.MS.TS,467,12,
Jefferson County,US.FL.JE,467,5,
Brown County,US.SD.BW,466,3,
Grady County,US.OK.GD,464,7,
Franklin County,US.FL.FR,464,3,
Caddo County,US.OK.CD,463,18,
Scott County,US.MO.ST,461,13,
Caroline County,US.MD.CO,460,3,
Jackson County,US.NC.JA,458,7,
Clinton County,US.IA.CN,458,4,
Mecklenburg County,US.VA.ME,458,32,
Portage County,US.WI.PT,457,0,
Haywood County,US.NC.HW,457,24,
Valencia County,US.NM.VA,456,4,
Prince George County,US.VA.PG,454,2,
Barnwell County,US.SC.BN,453,9,
Franklin County,US.GA.FR,452,6,
Charlton County,US.GA.CT,451,3,
Alcorn County,US.MS.AL,451,5,
Danville City,US.VA.DA,451,8,
Darke County,US.OH.DA,450,30,
Pickens County,US.AL.PC,449,11,
Prince Edward County,US.VA.PD,447,10,
Cabell County,US.WV.CB,447,3,
Van Zandt County,US.TX.VN,446,8,
Kittitas County,US.WA.KT,445,20,
Pasquotank County,US.NC.PU,443,20,
Payette County,US.ID.PA,443,3,
Pickens County,US.GA.PE,442,6,
Bullitt County,US.KY.BI,440,5,
Lycoming County,US.PA.LY,440,20,
Morton County,US.ND.MR,440,4,
Madison County,US.GA.MD,440,7,
Hopkins County,US.KY.HO,439,35,
Pierce County,US.GA.PR,439,9,
Peach County,US.GA.PH,438,16,
Lincoln County,US.OR.LC,437,9,
Clinton County,US.MI.CN,436,13,
Davie County,US.NC.DV,436,5,
Sandusky County,US.OH.SA,435,17,
Beaufort County,US.NC.BA,435,2,
Tippah County,US.MS.TP,434,14,
Calhoun County,US.MS.CN,433,9,
Ogle County,US.IL.OG,432,5,
Todd County,US.MN.TO,432,2,
Lincoln County,US.MO.LO,430,1,
Meriwether County,US.GA.MW,430,7,
Conecuh County,US.AL.CO,429,10,
Lyon County,US.MN.LY,429,3,
Isle of Wight County,US.VA.IS,429,9,
Barren County,US.KY.BN,429,3,
Nye County,US.NV.NY,428,12,
Pittsburg County,US.OK.PI,428,4,
Hancock County,US.OH.HN,428,3,
Randolph County,US.AL.RA,428,12,
Brooks County,US.GA.BO,427,18,
Fredericksburg City,US.VA.FB,426,4,
Scott County,US.KY.SC,426,0,
Sequoyah County,US.OK.SQ,425,4,
Wayne County,US.IN.WY,424,10,
Christian County,US.MO.CT,424,1,
Jasper County,US.MS.JS,424,11,
Le Flore County,US.OK.LE,423,1,
Hancock County,US.MS.HN,422,15,
Lawrence County,US.PA.LW,422,16,
Itawamba County,US.MS.IT,422,10,
Madison County,US.NY.MA,421,9,
Smith County,US.MS.SM,421,13,
Glades County,US.FL.GL,419,3,
Jackson County,US.TX.JA,418,11,
Talbot County,US.MD.TA,418,4,
Reno County,US.KS.RN,418,1,
Huron County,US.OH.HU,418,5,
Ottawa County,US.OK.OT,417,3,
Clay County,US.MS.CY,417,14,
Winchester city,US.VA.WH,416,4,
Lumpkin County,US.GA.LP,416,9,
Kerr County,US.TX.KR,416,6,
McNairy County,US.TN.MA,415,6,
Scotland County,US.NC.SC,415,5,
Crawford County,US.KS.CR,415,1,
Claiborne County,US.MS.CB,414,14,
McDuffie County,US.GA.MU,412,10,
Ottawa County,US.OH.OT,411,27,
Shelby County,US.TX.SY,411,18,
Crisp County,US.GA.CP,411,15,
Liberty County,US.FL.LI,411,7,
Franklin County,US.MA.FR,411,61,
Colusa County,US.CA.CL,409,5,
Jefferson County,US.OR.JE,408,5,
Brown County,US.TX.BN,408,18,
Giles County,US.TN.GL,407,13,
Glenn County,US.CA.GL,407,3,
Newport County,US.RI.NE,405,4,
Platte County,US.MO.PT,404,10,
Saline County,US.KS.SA,404,7,
Dorchester County,US.MD.DO,402,5,
McCracken County,US.KY.MK,401,5,
York County,US.VA.YO,400,4,
Morrow County,US.OR.MO,400,3,
Gilchrist County,US.FL.GI,399,7,
West Feliciana Parish,US.LA.WF,399,18,
Union County,US.SC.UN,399,4,
Rusk County,US.TX.RK,398,2,
Camden County,US.MO.CM,398,7,
Union County,US.OR.UN,398,2,
Jackson Parish,US.LA.JA,397,19,
Bedford County,US.VA.BF,397,8,
Box Elder County,US.UT.BE,396,2,
Hertford County,US.NC.HD,394,11,
Calhoun County,US.SC.CH,392,14,
Grant County,US.WI.GA,391,16,
Centre County,US.PA.CT,391,11,
White County,US.GA.WH,391,6,
Manitowoc County,US.WI.MW,391,1,
Watonwan County,US.MN.WT,390,2,
Bienville Parish,US.LA.BI,390,30,
White County,US.AR.WH,389,3,
DeKalb County,US.TN.DE,389,2,
Whiteside County,US.IL.WD,388,17,
Crenshaw County,US.AL.CA,387,9,
Dickinson County,US.IA.DI,387,4,
White County,US.IN.WH,387,11,
Calumet County,US.WI.CA,387,2,
Carbon County,US.PA.CB,386,28,
Flathead County,US.MT.FL,385,3,
Teton County,US.WY.TE,385,1,
Carroll County,US.TN.CR,384,6,
Tuscola County,US.MI.TU,383,29,
Early County,US.GA.EA,383,32,
Elbert County,US.GA.EL,383,1,
Carroll County,US.AR.CL,383,7,
Carson City,US.NV.CA,382,8,
Sumter County,US.AL.SU,380,19,
Cibola County,US.NM.CI,380,19,
Lawrence County,US.AL.LW,380,3,
Branch County,US.MI.BC,379,2,
Louisa County,US.IA.LO,378,14,
Missoula County,US.MT.MS,378,2,
Dunklin County,US.MO.DU,378,4,
Grundy County,US.IL.GU,378,5,
Adair County,US.OK.AD,376,6,
Pulaski County,US.KY.PU,376,5,
Stark County,US.ND.SR,375,5,
Tunica County,US.MS.TU,375,8,
Carteret County,US.NC.CE,374,5,
Jessamine County,US.KY.JS,372,0,
Nevada County,US.CA.NE,372,2,
Harrison County,US.IN.HI,372,24,
Matanuska-Susitna Borough,US.AK.MA,372,2,
Wood County,US.WI.WO,372,2,
Nicollet County,US.MN.NI,371,13,
Henderson County,US.KY.HE,371,3,
Trempealeau County,US.WI.TR,370,2,
Cambria County,US.PA.CI,370,3,
Clarke County,US.MS.CE,368,28,
Morgan County,US.IL.MG,368,9,
Montgomery County,US.IN.MM,368,21,
Ontario County,US.NY.OR,367,27,
Howard County,US.AR.HW,367,4,
Warren County,US.VA.WR,367,6,
Strafford County,US.NH.ST,367,13,
Anson County,US.NC.AN,366,3,
Milam County,US.TX.MI,366,3,
Athens County,US.OH.AS,366,2,
Freeborn County,US.MN.FR,366,1,
Franklin County,US.TN.FR,366,4,
Montgomery County,US.MS.MT,365,10,
Carter County,US.OK.CR,365,5,
Fannin County,US.GA.FN,365,5,
Ohio County,US.KY.OH,365,9,
Steele County,US.MN.SE,365,2,
Mayes County,US.OK.MY,365,8,
Mesa County,US.CO.ME,365,5,
Adams County,US.NE.AD,364,11,
Macon County,US.AL.MC,364,15,
La Salle County,US.TX.LS,364,2,
Eddy County,US.NM.ED,364,5,
Lawrence County,US.IN.LW,362,27,
Parmer County,US.TX.PM,360,7,
Abbeville County,US.SC.AB,360,8,
Wood County,US.TX.WO,360,9,
Colorado County,US.TX.CO,359,2,
Cass County,US.MI.CS,359,15,
Edgefield County,US.SC.ED,359,7,
Jasper County,US.TX.JR,359,15,
Decatur County,US.IN.DC,358,32,
Midland County,US.MI.MD,357,10,
Indiana County,US.PA.IN,356,8,
Polk County,US.OR.PO,356,12,
Concordia Parish,US.LA.CR,356,9,
Greene County,US.GA.GE,356,13,
Chattooga County,US.GA.CG,355,4,
Shiawassee County,US.MI.SH,354,28,
Logan County,US.WV.LO,354,11,
Logan County,US.KY.LO,354,23,
Galax city,US.VA.GA,353,27,
Monroe County,US.IL.MR,353,13,
Ashley County,US.AR.AS,352,5,
Page County,US.VA.PA,352,25,
Knox County,US.IL.KX,351,1,
Grant Parish,US.LA.GR,350,21,
Atkinson County,US.GA.AT,350,3,
Kenai Peninsula Borough,US.AK.KN,349,2,
Franklin County,US.KY.FR,349,9,
Palo Pinto County,US.TX.PO,347,10,
Phillips County,US.AR.PH,346,9,
Hart County,US.GA.HT,345,8,
Jefferson County,US.IL.JF,345,20,
Summit County,US.CO.SU,344,4,
Union County,US.IL.UN,344,23,
Stephenson County,US.IL.SN,342,6,
Greene County,US.NC.GE,341,3,
Lawrence County,US.MS.LW,341,8,
Jones County,US.GA.JE,341,4,
Putnam County,US.IN.PT,340,8,
Marshall County,US.TN.MS,340,4,
Carroll County,US.VA.CL,340,14,
Hill County,US.TX.HI,340,7,
Bingham County,US.ID.BG,339,2,
La Salle Parish,US.LA.LA,339,3,
Bell County,US.KY.BL,338,5,
Hancock County,US.GA.HC,338,35,
Blair County,US.PA.BL,338,8,
Allegany County,US.MD.AL,338,18,
Lincoln County,US.TN.LI,338,1,
Andrews County,US.TX.AR,338,7,
Lawrence County,US.OH.LW,336,4,
Poinsett County,US.AR.PN,336,4,
White County,US.TN.WH,335,5,
Berrien County,US.GA.BN,334,1,
Logan County,US.AR.LG,334,1,
Butler County,US.KS.BU,333,2,
Holmes County,US.OH.HL,333,6,
Cherokee County,US.AL.CH,332,9,
Alexander County,US.NC.AE,332,2,
Benton County,US.MN.BN,331,3,
Watauga County,US.NC.WT,331,0,
Union County,US.GA.UN,331,7,
Linn County,US.OR.LN,328,11,
Austin County,US.TX.AU,328,4,
Huntingdon County,US.PA.HU,327,5,
Rio Arriba County,US.NM.RI,327,10,
Yalobusha County,US.MS.YL,324,10,
Henry County,US.TN.HR,324,1,
Barron County,US.WI.BR,323,3,
Richmond County,US.VA.RI,323,4,
Houston County,US.TX.HS,323,7,
Fayette County,US.TX.FT,323,14,
Bristol County,US.RI.BR,322,15,
Fannin County,US.TX.FI,321,9,
Johnson County,US.TN.JO,321,0,
Montgomery County,US.VA.MO,321,3,
Northampton County,US.NC.NO,318,16,
Morgan County,US.GA.MO,318,1,
Tehama County,US.CA.TE,318,1,
Montrose County,US.CO.MO,317,13,
Sussex County,US.VA.SS,316,9,
Bertie County,US.NC.BT,313,5,
Catahoula Parish,US.LA.CT,312,5,
Evans County,US.GA.EV,312,3,
Warren County,US.NY.WR,312,30,
Scotts Bluff County,US.NE.SC,311,6,
Butler County,US.MO.BE,311,2,
Humphreys County,US.MS.HU,310,12,
Daviess County,US.IN.DI,309,20,
Humboldt County,US.CA.HU,309,4,
Clay County,US.AL.CY,307,5,
West Carroll Parish,US.LA.WC,307,7,
Terrell County,US.GA.TL,307,30,
Washington County,US.IA.WS,307,10,
Augusta County,US.VA.AU,306,4,
Steuben County,US.NY.ST,306,39,
Telfair County,US.GA.TF,306,12,
Claiborne County,US.TN.CI,305,0,
Chaffee County,US.CO.CA,304,19,
Jefferson County,US.WV.JE,304,4,
Fulton County,US.NY.FU,303,28,
Butler County,US.KY.BR,303,15,
Southampton County,US.VA.SA,301,13,
Panola County,US.TX.PN,301,18,
Williams County,US.ND.WI,301,2,
Stokes County,US.NC.SO,301,3,
Banks County,US.GA.BS,300,6,
Orleans County,US.NY.OL,300,55,
Choctaw County,US.AL.CC,299,12,
Northampton County,US.VA.NA,298,29,
Geneva County,US.AL.GE,298,3,
Limestone County,US.TX.LO,297,3,
Greene County,US.NY.GR,297,13,
Crockett County,US.TN.CK,297,7,
Hickman County,US.TN.HN,297,1,
New Madrid County,US.MO.NW,294,3,
Lamar County,US.GA.LM,292,14,
Union County,US.PA.UN,292,2,
Claiborne Parish,US.LA.CI,292,11,
Raleigh County,US.WV.RL,292,1,
Auglaize County,US.OH.AU,291,8,
Henry County,US.AL.HE,290,4,
Calloway County,US.KY.CW,289,4,
Union County,US.OH.UN,287,1,
Columbia County,US.WI.CO,287,2,
Scott County,US.IN.SC,287,10,
Hopewell city,US.VA.HW,286,5,
Henry County,US.IL.HY,285,1,
Cherokee County,US.NC.CO,285,4,
Genesee County,US.NY.GE,284,6,
Miami County,US.IN.MI,284,2,
Boone County,US.IA.BO,283,3,
Barry County,US.MO.BR,283,4,
Herkimer County,US.NY.HE,282,8,
Hillsdale County,US.MI.HI,282,25,
Randolph County,US.GA.RN,280,26,
St. Helena Parish,US.LA.SH,280,2,
Iroquois County,US.IL.IR,279,14,
Gunnison County,US.CO.GU,279,7,
Candler County,US.GA.CR,279,9,
Ohio County,US.WV.OH,278,4,
Quitman County,US.MS.QU,278,1,
Ionia County,US.MI.II,278,7,
Martin County,US.NC.MR,277,6,
Madison County,US.AR.MD,277,2,
Red River Parish,US.LA.RE,276,14,
Uinta County,US.WY.UI,276,0,
Owyhee County,US.ID.OW,276,3,
Bleckley County,US.GA.BK,276,10,
Sweetwater County,US.WY.SW,275,2,
Wood County,US.WV.WO,275,5,
Greene County,US.MS.GE,275,13,
Winona County,US.MN.WN,274,17,
Oconto County,US.WI.OC,272,1,
Oswego County,US.NY.OS,271,3,
Brantley County,US.GA.BA,271,7,
Pulaski County,US.MO.PA,271,1,
Overton County,US.TN.OV,270,1,
Jasper County,US.IN.JS,270,2,
Pike County,US.KY.PI,270,3,
Wayne County,US.NY.WN,269,3,
Beltrami County,US.MN.BT,269,0,
Bureau County,US.IL.BU,269,4,
Lake County,US.CA.LK,268,2,
Scioto County,US.OH.SC,268,1,
Crow Wing County,US.MN.CW,268,14,
Knox County,US.KY.KX,268,8,
Chester County,US.TN.CS,268,2,
Warren County,US.NC.WR,267,6,
Campbell County,US.TN.CM,267,1,
Upshur County,US.TX.US,267,2,
Lyon County,US.NV.LY,266,6,
Chippewa County,US.WI.CH,266,0,
Muskingum County,US.OH.MU,266,1,
Carroll County,US.MS.CL,265,11,
Kay County,US.OK.KA,265,11,
Hempstead County,US.AR.HE,265,2,
Cooke County,US.TX.OO,265,3,
Vermilion County,US.IL.VE,264,2,
Newaygo County,US.MI.NE,264,0,
Marion County,US.MO.MO,264,1,
Ward County,US.ND.WR,263,1,
Greene County,US.IN.GE,263,34,
St. Lawrence County,US.NY.SI,263,4,
Chautauqua County,US.NY.CQ,263,4,
Dooly County,US.GA.DO,263,14,
Turner County,US.GA.TR,262,18,
Greene County,US.AL.GR,262,11,
Washington County,US.NY.WS,261,14,
Franklin County,US.IA.FN,261,13,
Jenkins County,US.GA.JK,261,24,
Washington County,US.VA.WG,261,6,
Johnson County,US.GA.JH,260,12,
Stewart County,US.GA.SW,260,9,
Hamilton County,US.IA.HM,258,1,
Pecos County,US.TX.PE,258,2,
Lewis County,US.WA.LE,257,4,
Luna County,US.NM.LU,257,5,
Webster County,US.MS.WE,257,13,
Mason County,US.WA.MA,257,1,
Seminole County,US.OK.SM,257,5,
Perry County,US.MS.PY,256,8,
Pemiscot County,US.MO.PM,255,9,
Randolph County,US.AR.RA,255,11,
Perry County,US.MO.PR,255,4,
Fayette County,US.AL.FA,254,5,
Perry County,US.KY.PR,254,3,
Drew County,US.AR.DR,254,3,
Nelson County,US.KY.NE,253,2,
Jefferson Davis County,US.MS.JD,253,6,
Franklin County,US.IN.FR,253,19,
Harlan County,US.KY.HL,253,3,
Lawrence County,US.MO.LW,252,2,
Monroe County,US.WI.MO,252,2,
Cass County,US.IL.CS,251,11,
Oglethorpe County,US.GA.OG,250,7,
Island County,US.WA.IS,250,13,
Preble County,US.OH.PR,250,2,
Dodge County,US.GA.DG,250,3,
Jefferson County,US.OH.JE,250,3,
DeKalb County,US.IN.DE,250,4,
McLeod County,US.MN.MC,249,0,
Stone County,US.MS.ST,249,6,
Lamar County,US.AL.LM,249,2,
Seneca County,US.OH.SE,248,4,
Kemper County,US.MS.KE,248,14,
Camp County,US.TX.CP,248,6,
Burleson County,US.TX.BU,248,6,
Natrona County,US.WY.NA,247,1,
Haralson County,US.GA.HS,247,7,
Brunswick County,US.VA.BU,247,2,
Le Sueur County,US.MN.LU,246,1,
Lamb County,US.TX.LB,246,16,
Arkansas County,US.AR.AR,246,2,
Amite County,US.MS.AM,246,6,
Gibson County,US.IN.GI,246,4,
Polk County,US.TN.PO,244,8,
Campbell County,US.VA.CM,244,3,
Allendale County,US.SC.AL,244,6,
Armstrong County,US.PA.AR,244,9,
Marion County,US.TN.MI,243,5,
Person County,US.NC.PN,243,2,
Refugio County,US.TX.RF,243,7,
Zavala County,US.TX.ZV,243,6,
Harrison County,US.WV.HR,243,1,
Lincoln County,US.OK.LI,242,3,
Jefferson County,US.ID.JF,242,1,
Bremer County,US.IA.BR,242,7,
Logan County,US.OK.LG,242,1,
Kent County,US.MD.KE,242,23,
Stoddard County,US.MO.SD,242,9,
Columbia County,US.AR.CI,241,12,
Pike County,US.GA.PK,241,6,
Garvin County,US.OK.GV,241,4,
Martinsville city,US.VA.MR,240,3,
Live Oak County,US.TX.LK,240,5,
Robertson County,US.TX.RO,239,3,
Shelby County,US.OH.SH,239,4,
Seminole County,US.GA.SI,239,5,
Decatur County,US.TN.DC,239,3,
Pierce County,US.WI.PI,239,4,
Tompkins County,US.NY.TO,238,0,
Warren County,US.MO.WR,238,0,
Grand Traverse County,US.MI.GN,237,5,
Wilkinson County,US.GA.WI,235,12,
Jennings County,US.IN.JN,235,12,
Macoupin County,US.IL.MP,235,3,
Allen County,US.KY.AL,234,8,
Polk County,US.MO.PO,234,0,
Washington County,US.ID.WA,234,3,
Elmore County,US.ID.EL,234,3,
Caldwell Parish,US.LA.CW,234,3,
Alamosa County,US.CO.AL,233,9,
Wilkinson County,US.MS.WK,233,14,
Orange County,US.VA.OR,233,3,
Wayne County,US.TN.WY,233,2,
Rabun County,US.GA.RB,232,3,
Dinwiddie County,US.VA.DN,232,7,
Franklin County,US.IL.FR,232,1,
Wise County,US.VA.WI,229,5,
Lanier County,US.GA.LI,229,4,
Lawrence County,US.AR.LW,229,9,
Effingham County,US.IL.EF,228,1,
Screven County,US.GA.SR,228,9,
Mercer County,US.WV.MR,227,18,
Des Moines County,US.IA.DS,227,2,
Custer County,US.OK.CU,227,0,
La Plata County,US.CO.LA,227,3,
Echols County,US.GA.EC,226,2,
Gray County,US.TX.GY,226,2,
Boone County,US.AR.BO,225,2,
Carroll County,US.IN.CO,225,6,
Caroline County,US.VA.CI,224,5,
Adair County,US.KY.AD,224,19,
Isabella County,US.MI.IB,224,9,
Harvey County,US.KS.HV,224,3,
Putnam County,US.OH.PU,224,17,
Ripley County,US.IN.RI,223,8,
Geary County,US.KS.GE,223,1,
Hockley County,US.TX.HC,223,5,
Union County,US.SD.UN,223,4,
Knox County,US.OH.KN,223,9,
Steuben County,US.IN.SE,222,3,
Cross County,US.AR.CO,222,4,
Franklin County,US.KS.FR,222,1,
Laclede County,US.MO.LD,221,1,
Nodaway County,US.MO.NO,221,0,
Botetourt County,US.VA.BO,220,7,
Audrain County,US.MO.AU,220,1,
Cleburne County,US.AR.CB,220,5,
Susquehanna County,US.PA.SS,220,27,
Grayson County,US.KY.GY,219,11,
Grainger County,US.TN.GA,218,1,
Douglas County,US.WI.DG,218,0,
Chenango County,US.NY.CH,218,6,
Wayne County,US.WV.WA,218,9,
Bradley County,US.AR.BR,218,4,
Putnam County,US.WV.PU,216,0,
Hood River County,US.OR.HO,216,0,
Hopkins County,US.TX.HP,216,3,
Westmoreland County,US.VA.WM,216,3,
Little River County,US.AR.LT,215,3,
Stephens County,US.OK.ST,215,3,
Sharkey County,US.MS.SH,215,7,
Fayette County,US.IN.FA,215,7,
Douglas County,US.NV.DO,215,1,
Shawano County,US.WI.SA,214,0,
Clinch County,US.GA.CC,214,4,
Randolph County,US.WV.RN,213,0,
Casey County,US.KY.CS,213,11,
Calhoun County,US.GA.CU,213,6,
Maui County,US.HI.MA,213,6,
Dare County,US.NC.DE,212,2,
Washington County,US.OH.WS,212,22,
Chisago County,US.MN.CG,212,1,
Pontotoc County,US.OK.PN,211,2,
Clarke County,US.IA.CK,211,3,
Thurston County,US.NE.TU,211,4,
Martin County,US.MN.MT,211,6,
Otter Tail County,US.MN.OT,211,4,
Clay County,US.IA.CY,211,1,
Desha County,US.AR.DE,210,2,
Goodhue County,US.MN.GO,210,9,
Green County,US.WI.GN,210,1,
McIntosh County,US.GA.MH,209,3,
Cass County,US.NE.CS,209,2,
Carroll County,US.IA.CL,209,2,
Castro County,US.TX.AS,209,4,
Klamath County,US.OR.KL,208,2,
Choctaw County,US.OK.CA,208,1,
Amador County,US.CA.AM,208,0,
Otero County,US.NM.OT,207,10,
Amherst County,US.VA.AH,206,1,
McIntosh County,US.OK.MI,205,2,
Franklin city,US.VA.FR,205,6,
Colonial Heights city,US.VA.CH,205,22,
Montcalm County,US.MI.MC,204,2,
Louisa County,US.VA.LI,203,2,
Fluvanna County,US.VA.FV,201,9,
Howard County,US.TX.HW,201,7,
Coshocton County,US.OH.CS,201,9,
Boyd County,US.KY.BD,201,3,
Wasco County,US.OR.WC,201,3,
Young County,US.TX.YU,200,6,
Caswell County,US.NC.CS,200,2,
Mingo County,US.WV.MO,200,5,
Warren County,US.IL.WR,199,0,
Gaines County,US.TX.GS,199,4,
Cass County,US.TX.CS,199,9,
Wilkes County,US.GA.WS,199,3,
Marion County,US.WV.MI,199,2,
Lafayette County,US.MO.LF,198,2,
Wilcox County,US.GA.WC,198,19,
Perry County,US.IL.PY,198,3,
Jefferson County,US.MS.JF,198,8,
Champaign County,US.OH.CH,198,2,
Emmet County,US.IA.EM,197,4,
Barry County,US.MI.BR,197,2,
Dallam County,US.TX.DL,196,6,
Duval County,US.TX.DU,195,7,
Tioga County,US.NY.TI,195,21,
Zapata County,US.TX.ZP,195,3,
Marion County,US.IA.MI,195,0,
Clark County,US.WI.CL,195,8,
Marquette County,US.MI.MQ,194,11,
Shelby County,US.IA.SH,192,1,
Lee County,US.IL.LE,192,1,
Perry County,US.IN.PE,191,13,
Hardin County,US.IA.HD,191,0,
Pitkin County,US.CO.PI,191,2,
Bonner County,US.ID.BR,191,0,
Orange County,US.IN.OR,190,24,
Logan County,US.IL.LO,190,1,
Gem County,US.ID.GE,189,1,
Morrow County,US.OH.MW,189,2,
Macon County,US.GA.MC,189,10,
Chemung County,US.NY.CM,188,3,
Emporia city,US.VA.EM,188,15,
Gillespie County,US.TX.GL,188,6,
Lake County,US.MT.LA,187,1,
Waynesboro city,US.VA.WS,187,3,
Clearfield County,US.PA.CF,187,1,
Bailey County,US.TX.BY,187,4,
Brewster County,US.TX.BS,187,2,
Clark County,US.AR.CK,186,2,
Aransas County,US.TX.AA,186,16,
Posey County,US.IN.PS,186,0,
Clark County,US.KY.CK,186,7,
Benton County,US.OR.BE,186,6,
Hardin County,US.OH.HD,186,12,
Clay County,US.KY.CY,185,5,
Knox County,US.IN.KN,184,2,
Woodford County,US.IL.WO,184,3,
Starke County,US.IN.SR,184,7,
Montgomery County,US.NY.MT,184,4,
Clinton County,US.OH.CI,183,6,
Crawford County,US.OH.CF,183,5,
Montgomery County,US.IL.MT,183,7,
San Jacinto County,US.TX.SJ,183,8,
Nottoway County,US.VA.NY,183,14,
Wabash County,US.IN.WB,182,5,
Franklin County,US.VA.FN,182,1,
Cowley County,US.KS.CL,182,2,
Freestone County,US.TX.FE,181,0,
Logan County,US.OH.LG,181,2,
Cascade County,US.MT.CS,181,4,
Kendall County,US.TX.KD,180,4,
Wells County,US.IN.WE,180,2,
Jefferson County,US.IN.JF,180,2,
Madison County,US.ID.MA,180,0,
Gooding County,US.ID.GO,180,1,
Benton County,US.TN.BN,180,2,
Cottonwood County,US.MN.CT,180,0,
Bosque County,US.TX.BQ,179,2,
Marion County,US.IL.MO,179,0,
Callaway County,US.MO.CA,179,1,
Unicoi County,US.TN.UC,179,0,
San Augustine County,US.TX.SG,178,11,
Livingston County,US.NY.LI,178,6,
Lee County,US.TX.LE,178,12,
Adair County,US.MO.AD,178,0,
Irwin County,US.GA.IR,178,1,
Union County,US.TN.UO,177,0,
Fulton County,US.IN.FU,177,2,
Hughes County,US.OK.HU,177,2,
Alleghany County,US.NC.AL,177,0,
Woodford County,US.KY.WO,177,0,
Floyd County,US.IA.FL,177,3,
Greene County,US.VA.GE,176,2,
Lewis and Clark County,US.MT.LE,176,2,
Menominee County,US.MI.MM,176,0,
Jasper County,US.GA.JS,176,2,
Patrick County,US.VA.PK,176,5,
Perry County,US.OH.PE,175,3,
Roosevelt County,US.NM.RO,175,1,
Gloucester County,US.VA.GL,175,2,
Calaveras County,US.CA.CA,174,1,
Nez Perce County,US.ID.NE,174,19,
Cameron Parish,US.LA.CM,173,0,
Saunders County,US.NE.SU,173,2,
Terry County,US.TX.TE,173,2,
Oneida County,US.WI.ON,173,0,
Sullivan County,US.IN.SU,173,1,
Howell County,US.MO.HW,173,2,
Polk County,US.NC.PO,172,6,
Dawson County,US.TX.DW,172,5,
Comanche County,US.TX.CE,172,3,
Lincoln County,US.NE.LI,172,2,
Goochland County,US.VA.GO,171,7,
Highland County,US.OH.HI,171,2,
Montgomery County,US.GA.MM,171,2,
Kennebec County,US.ME.KE,171,11,
Carroll County,US.KY.CL,170,2,
Whitley County,US.KY.WH,170,1,
Mississippi County,US.MO.MI,170,0,
Penobscot County,US.ME.PE,170,5,
Cattaraugus County,US.NY.CG,170,6,
Huron County,US.MI.HU,170,4,
Lafayette County,US.WI.LF,169,0,
Montgomery County,US.KS.MG,168,5,
Jackson County,US.IA.JC,168,1,
Boyle County,US.KY.BE,168,0,
Stone County,US.MO.SE,168,1,
Ashe County,US.NC.AS,168,1,
Simpson County,US.KY.SI,167,7,
Halifax County,US.VA.HL,167,2,
Lincoln County,US.GA.LC,167,5,
Shoshone County,US.ID.SH,166,3,
Fayette County,US.WV.FA,166,7,
Pawnee County,US.OK.PW,166,3,
Jackson County,US.WV.JA,166,19,
Crawford County,US.PA.CW,166,1,
Waseca County,US.MN.WE,166,1,
Salem city,US.VA.SE,165,3,
Gratiot County,US.MI.GT,165,15,
Benton County,US.MS.BE,165,1,
Chowan County,US.NC.CW,165,2,
Benton County,US.IA.BN,165,1,
Benson County,US.ND.BE,165,2,
King George County,US.VA.KG,164,4,
Dimmit County,US.TX.DM,164,4,
Grayson County,US.VA.GY,164,5,
Whitley County,US.IN.WL,164,6,
Becker County,US.MN.BC,164,1,
Defiance County,US.OH.DF,164,4,
Jackson County,US.KS.JA,164,1,
Smyth County,US.VA.SM,164,3,
McPherson County,US.KS.MP,164,1,
Trinity County,US.TX.TR,163,4,
Clay County,US.IN.CY,163,5,
Cayuga County,US.NY.CY,163,2,
Cannon County,US.TN.CN,163,0,
Wayne County,US.PA.WN,162,10,
Conway County,US.AR.CN,162,3,
Fulton County,US.OH.FU,162,1,
Allamakee County,US.IA.AL,162,4,
Cherokee County,US.KS.CK,161,1,
Powhatan County,US.VA.PH,161,4,
Marion County,US.GA.MR,161,5,
Moniteau County,US.MO.ME,161,2,
Pipestone County,US.MN.PS,161,9,
Polk County,US.MN.PL,160,4,
Tipton County,US.IN.TT,160,17,
Ashland County,US.OH.AL,160,3,
Tuolumne County,US.CA.TO,160,2,
Douglas County,US.OR.DO,160,1,
Miller County,US.GA.ML,160,0,
Poweshiek County,US.IA.PW,160,8,
Mono County,US.CA.MO,160,1,
Washington County,US.IN.WS,159,1,
Polk County,US.AR.PL,159,1,
Wyandot County,US.OH.WD,159,9,
Oglala Lakota County,US.SD.SH,158,2,
Cooper County,US.MO.CP,158,0,
Towns County,US.GA.TW,158,2,
Leon County,US.TX.LN,158,3,
Staunton city,US.VA.SU,158,0,
Crockett County,US.TX.CT,157,4,
Brown County,US.OH.BR,157,2,
Codington County,US.SD.CD,156,1,
Marshall County,US.KY.MH,155,2,
Transylvania County,US.NC.TR,155,1,
Jackson County,US.KY.JA,155,14,
McDonough County,US.IL.MU,155,15,
Kingfisher County,US.OK.KN,155,0,
Heard County,US.GA.HD,153,5,
Sullivan County,US.MO.SV,153,0,
Dade County,US.GA.DD,153,2,
Ellis County,US.KS.EL,153,1,
Labette County,US.KS.LB,153,1,
Taylor County,US.KY.TA,153,3,
Clallam County,US.WA.CL,152,0,
Reeves County,US.TX.RE,152,5,
Runnels County,US.TX.RN,152,2,
Miami County,US.KS.MI,152,0,
Bedford County,US.PA.BO,151,4,
Carlton County,US.MN.CL,151,0,
Mountrail County,US.ND.MU,151,1,
Juneau County,US.WI.JU,151,1,
Brookings County,US.SD.BK,151,1,
Lincoln County,US.NM.LI,151,2,
Christian County,US.IL.CI,150,4,
Franklin County,US.MS.FR,150,2,
Barton County,US.KS.BT,149,3,
Webster County,US.MO.WE,149,1,
Grant County,US.AR.GN,148,0,
Henry County,US.IA.HE,148,4,
Campbell County,US.WY.CM,148,1,
Nevada County,US.AR.NV,147,9,
Douglas County,US.MN.DU,147,1,
O'Brien County,US.IA.OB,147,5,
Somerset County,US.MD.SO,147,3,
Isanti County,US.MN.IS,146,0,
Tyler County,US.TX.TY,146,2,
Itasca County,US.MN.IT,146,12,
Talbot County,US.GA.TB,146,5,
Miller County,US.MO.ML,145,1,
Hawaii County,US.HI.HA,145,0,
Clay County,US.AR.CY,145,4,
Brooks County,US.TX.BK,145,5,
Russell County,US.VA.RU,145,3,
Jersey County,US.IL.JR,145,2,
Teller County,US.CO.TE,145,3,
Park County,US.WY.PA,144,0,
Long County,US.GA.LG,144,2,
Lee County,US.VA.LE,144,2,
Mahaska County,US.IA.MK,144,17,
Jackson County,US.TN.JA,144,1,
Jefferson County,US.NY.JE,143,1,
Livingston County,US.IL.LI,143,3,
Falls County,US.TX.FL,143,3,
Guthrie County,US.IA.GH,143,5,
Lee County,US.IA.LE,142,5,
Henry County,US.KY.HY,142,2,
Buchanan County,US.IA.BC,142,1,
City and Borough of Juneau,US.AK.JU,142,1,
Somerset County,US.PA.SO,142,3,
Kewaunee County,US.WI.KW,142,2,
Pike County,US.MO.PI,141,1,
Yankton County,US.SD.YA,141,3,
Choctaw County,US.MS.CW,141,4,
Red River County,US.TX.RV,140,12,
Jo Daviess County,US.IL.JO,140,1,
Polk County,US.WI.PL,140,2,
Washington County,US.NC.WI,140,4,
McCormick County,US.SC.MC,140,2,
Nolan County,US.TX.NO,140,3,
Spencer County,US.IN.SP,140,3,
Morgan County,US.TN.MG,140,1,
Douglas County,US.IL.DO,140,3,
Greenup County,US.KY.GU,139,1,
Franklin County,US.AR.FR,139,2,
Russell County,US.KY.RU,139,5,
Dunn County,US.WI.DN,139,0,
Montgomery County,US.KY.MM,139,0,
Williams County,US.OH.WI,139,3,
Humphreys County,US.TN.HU,139,3,
Pike County,US.AR.PE,138,1,
Washington County,US.NE.WS,138,1,
Grays Harbor County,US.WA.GY,138,3,
Treutlen County,US.GA.TE,138,3,
Josephine County,US.OR.JO,138,2,
Spencer County,US.KY.SP,138,0,
Saline County,US.IL.SE,137,2,
Clay County,US.SD.CY,137,0,
Scott County,US.TN.SC,137,2,
Juniata County,US.PA.JU,137,6,
Pulaski County,US.GA.PL,137,3,
Marion County,US.TX.MN,136,9,
Millard County,US.UT.MD,136,0,
Jones County,US.IA.JN,136,2,
Iosco County,US.MI.IC,136,12,
Cedar County,US.IA.CD,136,1,
Dodge County,US.MN.DD,136,0,
Fremont County,US.CO.FR,136,0,
Cleburne County,US.AL.CB,136,1,
Otsego County,US.MI.OS,136,11,
Perry County,US.PA.PE,135,5,
Sanpete County,US.UT.SP,134,0,
Butler County,US.IA.BE,134,2,
New Kent County,US.VA.NK,134,1,
Randolph County,US.IN.RA,134,5,
Klickitat County,US.WA.KL,133,3,
Gogebic County,US.MI.GO,133,1,
Williamsburg City,US.VA.WL,133,6,
Hutchinson County,US.TX.UT,133,3,
Morris County,US.TX.MR,133,3,
Latah County,US.ID.LA,133,0,
Twiggs County,US.GA.TG,132,4,
Adams County,US.IN.AD,132,2,
Madison County,US.IA.MD,132,2,
Delta County,US.CO.DT,132,1,
Pine County,US.MN.PN,132,0,
Clinton County,US.NY.CL,131,4,
Huntington County,US.IN.HU,131,3,
Grant County,US.WV.GA,131,4,
Stephens County,US.TX.SE,131,3,
Stutsman County,US.ND.SU,130,3,
Marshall County,US.WV.MH,130,1,
Tazewell County,US.VA.TA,130,0,
Seward County,US.NE.SA,130,1,
Delaware County,US.IA.DA,130,1,
Fayette County,US.OH.FY,129,0,
Marion County,US.KY.MN,129,0,
Alpena County,US.MI.AP,129,13,
Carbon County,US.WY.CB,129,1,
Preston County,US.WV.PR,128,4,
Clinton County,US.PA.CN,128,5,
Henry County,US.OH.HE,128,2,
Lampasas County,US.TX.LP,128,5,
Grundy County,US.TN.GU,128,2,
Humboldt County,US.IA.HU,128,1,
Grant County,US.KY.GT,127,6,
Murray County,US.MN.MU,127,1,
Sharp County,US.AR.SH,127,5,
Waushara County,US.WI.WS,127,1,
Routt County,US.CO.RT,127,8,
Washington County,US.MO.WS,126,1,
Mineral County,US.WV.ML,126,4,
Greene County,US.PA.GR,126,1,
Wythe County,US.VA.WY,125,3,
Hancock County,US.IA.HN,125,2,
Lyon County,US.IA.LY,125,2,
Hocking County,US.OH.HC,124,9,
Whitman County,US.WA.WI,124,0,
Jackson County,US.AR.JA,124,1,
Newton County,US.TX.NE,124,4,
Mifflin County,US.PA.MI,124,1,
Yoakum County,US.TX.YA,124,3,
Harrison County,US.KY.HS,123,0,
Coosa County,US.AL.CS,122,3,
Newton County,US.IN.NE,122,10,
Chippewa County,US.MN.CP,121,1,
Guernsey County,US.OH.GU,121,7,
Pocahontas County,US.IA.PC,121,2,
Marshall County,US.OK.MH,121,1,
Franklin County,US.VT.FR,120,7,
Swain County,US.NC.SW,120,2,
Belknap County,US.NH.BE,120,4,
Goliad County,US.TX.GI,119,6,
Pottawatomie County,US.KS.PT,119,0,
Lincoln County,US.KY.LN,119,2,
Fentress County,US.TN.FE,119,0,
Floyd County,US.KY.FO,119,2,
Ray County,US.MO.RY,119,0,
Snyder County,US.PA.SN,118,2,
Otsego County,US.NY.OO,118,4,
Sequatchie County,US.TN.SQ,118,1,
Wyoming County,US.NY.WM,118,5,
Boone County,US.WV.BN,117,0,
Cleveland County,US.AR.CV,117,2,
Stevens County,US.WA.ST,117,1,
Benton County,US.MO.BN,117,2,
Carroll County,US.OH.CO,116,5,
Crawford County,US.GA.CW,116,0,
Pushmataha County,US.OK.PU,116,0,
Harrison County,US.IA.HR,116,1,
Clayton County,US.IA.CT,116,3,
Meigs County,US.TN.ME,115,0,
Blanco County,US.TX.BC,115,5,
Door County,US.WI.DO,115,3,
Edmonson County,US.KY.ED,115,12,
Phelps County,US.MO.PH,115,0,
Richland County,US.ND.RI,115,1,
Taos County,US.NM.TA,115,1,
Owen County,US.IN.OW,114,1,
Walsh County,US.ND.WL,114,0,
Scott County,US.VA.SC,114,3,
Sanilac County,US.MI.SL,113,6,
Ouachita County,US.AR.OU,113,3,
Montezuma County,US.CO.MZ,113,5,
Delta County,US.MI.DE,113,3,
Charles Mix County,US.SD.CH,112,0,
Hancock County,US.WV.HN,112,0,
Siskiyou County,US.CA.SK,111,0,
Cherokee County,US.IA.CE,111,1,
Floyd County,US.VA.FO,111,2,
Elbert County,US.CO.EB,110,2,
Montour County,US.PA.MO,110,3,
Crawford County,US.MI.CF,109,5,
Buffalo County,US.SD.BF,109,3,
Hart County,US.KY.HT,109,0,
Essex County,US.VA.ES,108,1,
Winnebago County,US.IA.WB,108,0,
Prairie County,US.AR.PR,108,0,
Newton County,US.AR.NW,107,11,
Grafton County,US.NH.GR,107,1,
Delaware County,US.NY.DE,107,4,
Cheshire County,US.NH.CH,106,3,
Del Norte County,US.CA.DE,106,13,
Saguache County,US.CO.SG,106,2,
Avery County,US.NC.AV,106,0,
Inyo County,US.CA.IN,106,3,
Columbia County,US.OR.CL,106,1,
Winneshiek County,US.IA.WH,106,1,
Lincoln County,US.WV.LI,105,0,
Windham County,US.VT.WH,105,3,
Moultrie County,US.IL.MI,105,0,
Carter County,US.KY.CR,105,2,
Monroe County,US.KY.MO,104,2,
Mason County,US.MI.MN,104,0,
Sumner County,US.KS.SU,104,3,
Humboldt County,US.NV.HU,104,4,
Meade County,US.KY.MA,103,3,
Wheeler County,US.GA.WL,103,1,
Silver Bow County,US.MT.SI,103,0,
Kossuth County,US.IA.KO,103,0,
Taylor County,US.GA.TY,103,3,
Appomattox County,US.VA.AP,102,0,
Grant County,US.KS.GT,102,2,
Crawford County,US.MO.CF,102,0,
Hamilton County,US.NE.HM,102,12,
Carroll County,US.MO.CL,102,0,
Pulaski County,US.IL.PL,101,1,
Lincoln County,US.WY.LI,101,0,
Washington County,US.KY.WS,101,0,
Garza County,US.TX.GR,101,3,
Rutland County,US.VT.RU,101,1,
Rush County,US.IN.RU,101,4,
Tyrrell County,US.NC.TY,101,2,
Clay County,US.GA.CY,101,2,
Sawyer County,US.WI.SW,101,0,
Shelby County,US.IL.SB,101,2,
King William County,US.VA.KW,101,2,
Page County,US.IA.PG,101,0,
Jones County,US.NC.JN,100,4,
Taylor County,US.IA.TY,100,0,
Lake County,US.SD.LK,100,3,
Bandera County,US.TX.BA,100,3,
Ochiltree County,US.TX.OC,100,2,
Davison County,US.SD.DV,100,1,
Wabasha County,US.MN.WB,99,0,
Jay County,US.IN.JY,99,0,
Jack County,US.TX.JK,99,0,
Palo Alto County,US.IA.PO,99,0,
Ward County,US.TX.WD,99,1,
Fayette County,US.IA.FT,98,0,
Fairfax city,US.VA.FC,98,7,
Teton County,US.ID.TE,98,0,
McLean County,US.ND.ML,98,0,
Iowa County,US.IA.IO,98,1,
Fulton County,US.KY.FU,98,2,
Latimer County,US.OK.LA,98,2,
Washakie County,US.WY.WA,97,5,
Meade County,US.SD.MD,97,1,
Hughes County,US.SD.HG,97,3,
Morrison County,US.MN.MR,97,1,
Cortland County,US.NY.CD,97,1,
Bourbon County,US.KY.BU,97,1,
Iowa County,US.WI.IO,97,0,
Brown County,US.MN.BR,96,2,
Carroll County,US.NH.CA,96,1,
Monroe County,US.OH.ME,96,18,
Andrew County,US.MO.AN,96,1,
Greenbrier County,US.WV.GE,95,3,
Clinton County,US.MO.CO,95,0,
Gage County,US.NE.GG,95,4,
Franklin County,US.TX.FK,95,3,
Mills County,US.IA.ML,95,1,
Morgan County,US.MO.MG,94,0,
Hartley County,US.TX.HL,94,0,
Floyd County,US.TX.FY,94,6,
Tensas Parish,US.LA.TN,94,0,
Henry County,US.MO.HE,94,3,
Adams County,US.WI.AD,94,2,
Faribault County,US.MN.FA,94,0,
Coos County,US.OR.CO,93,0,
Clark County,US.IL.CK,93,2,
Sioux County,US.ND.SI,93,1,
Craig County,US.OK.CG,93,1,
Monona County,US.IA.MO,93,1,
Albany County,US.WY.AL,93,0,
Hansford County,US.TX.HF,93,2,
Cass County,US.IA.CS,93,2,
San Miguel County,US.CO.SM,93,0,
Perquimans County,US.NC.PQ,93,2,
Seneca County,US.NY.SC,93,1,
Bradford County,US.PA.BF,92,3,
Bennington County,US.VT.BE,92,1,
Rio Grande County,US.CO.RG,92,2,
Calhoun County,US.IA.CO,92,2,
Webster County,US.KY.WE,92,1,
McKenzie County,US.ND.MK,92,2,
Fremont County,US.ID.FE,92,0,
Hamilton County,US.TX.HM,92,3,
Bristol city,US.VA.BI,92,0,
Douglas County,US.MO.DO,92,2,
Eastland County,US.TX.EA,92,1,
Noble County,US.OK.NB,91,2,
Garrard County,US.KY.GR,91,0,
Real County,US.TX.RL,91,2,
Pulaski County,US.VA.PU,91,3,
Mercer County,US.KY.MC,91,0,
Phillips County,US.MT.PH,91,0,
Lyman County,US.SD.LY,91,3,
Rock County,US.MN.RC,90,0,
Clatsop County,US.OR.CT,90,0,
Hidalgo County,US.NM.HI,90,0,
Llano County,US.TX.LL,90,1,
York County,US.NE.YO,90,0,
Warren County,US.GA.WR,90,1,
Anderson County,US.KY.AN,90,1,
Uintah County,US.UT.UN,89,0,
Jefferson County,US.IA.JE,89,0,
Jefferson County,US.KS.JF,89,0,
Duchesne County,US.UT.DU,89,0,
Osceola County,US.IA.OS,89,0,
Clarion County,US.PA.CL,88,2,
Rowan County,US.KY.RW,88,0,
Meeker County,US.MN.ME,88,2,
Rolette County,US.ND.RO,88,0,
Sibley County,US.MN.SI,88,2,
Grundy County,US.IA.GN,88,1,
Haskell County,US.OK.HS,88,1,
Gallia County,US.OH.GA,88,2,
Winkler County,US.TX.WI,88,1,
Sac County,US.IA.SA,87,0,
Gentry County,US.MO.GT,87,9,
Clay County,US.TN.CY,87,0,
Perry County,US.TN.PE,87,0,
Glacier County,US.MT.GC,87,1,
Montague County,US.TX.MU,86,2,
Hampshire County,US.WV.HM,86,1,
Rockcastle County,US.KY.RC,86,0,
Sevier County,US.UT.SE,86,1,
Somervell County,US.TX.SV,85,0,
Ravalli County,US.MT.RA,85,2,
Ramsey County,US.ND.RM,85,2,
Hancock County,US.IL.HC,85,1,
Pulaski County,US.IN.PL,85,1,
Crawford County,US.WI.CR,84,0,
Stone County,US.AR.ST,84,1,
Hancock County,US.TN.HC,84,2,
Koochiching County,US.MN.KO,84,3,
Lewis County,US.KY.LI,84,1,
Lewis County,US.TN.LE,84,1,
Madison County,US.MT.MA,84,1,
Breckinridge County,US.KY.BC,84,2,
Greer County,US.OK.GE,84,8,
Amelia County,US.VA.AI,83,2,
Atoka County,US.OK.AT,83,1,
Roberts County,US.SD.RO,83,1,
Swisher County,US.TX.SW,83,3,
Union County,US.IA.UN,83,2,
Atchison County,US.KS.AT,83,0,
Johnson County,US.KY.JO,83,0,
Mitchell County,US.IA.ME,83,0,
Buchanan County,US.VA.BH,83,1,
Jackson County,US.MN.JA,82,0,
Pike County,US.OH.PK,82,0,
Stewart County,US.TN.SA,82,0,
Love County,US.OK.LV,82,0,
Randolph County,US.MO.RN,82,1,
Churchill County,US.NV.CH,82,1,
Okfuskee County,US.OK.OF,82,1,
Gallatin County,US.KY.GL,82,7,
Jackson County,US.OH.JA,81,0,
Marquette County,US.WI.MQ,81,1,
Baxter County,US.AR.BA,81,0,
Bollinger County,US.MO.BI,81,1,
Sheridan County,US.WY.SH,81,0,
Kearney County,US.NE.KA,81,0,
Mitchell County,US.NC.MI,80,3,
White County,US.IL.WE,80,0,
Allegany County,US.NY.AL,80,2,
Clare County,US.MI.CE,80,3,
Yancey County,US.NC.YN,80,0,
Benewah County,US.ID.BA,80,1,
Cumberland County,US.VA.CU,80,0,
Currituck County,US.NC.CI,80,0,
Lake County,US.CO.LK,79,0,
Murray County,US.OK.MR,79,0,
Cass County,US.MN.CS,79,3,
Northumberland County,US.VA.NU,79,3,
Carroll County,US.IL.CL,79,4,
Brown County,US.IN.BR,78,2,
Schley County,US.GA.SY,78,1,
Bourbon County,US.KS.BB,78,2,
Lincoln County,US.MT.LN,78,2,
Fayette County,US.IL.FA,78,3,
Iron County,US.WI.IR,78,1,
Otero County,US.CO.OT,78,6,
Mercer County,US.IL.ME,78,4,
Wilbarger County,US.TX.WG,78,1,
Juab County,US.UT.JU,78,1,
Bond County,US.IL.BN,77,3,
Johnson County,US.IL.JH,77,0,
Scott County,US.AR.SC,77,0,
Wayne County,US.KY.WY,77,0,
Gray County,US.KS.GY,77,0,
Taylor County,US.WI.TA,76,2,
Camden County,US.NC.CD,76,2,
Fountain County,US.IN.FO,76,2,
Beckham County,US.OK.BC,76,1,
Monroe County,US.IA.MR,76,8,
Clay County,US.NC.CY,75,1,
Jefferson County,US.PA.JE,75,1,
Carbon County,US.MT.CB,75,0,
Rockbridge County,US.VA.RB,75,1,
Dallas County,US.MO.DL,75,1,
Knott County,US.KY.KT,75,1,
Windsor County,US.VT.WS,75,2,
Todd County,US.SD.TO,75,5,
Pennington County,US.MN.PI,75,1,
Addison County,US.VT.AD,75,2,
Socorro County,US.NM.SO,75,6,
Fillmore County,US.MN.FI,74,0,
Paulding County,US.OH.PA,74,0,
Brooke County,US.WV.BO,74,1,
Lynn County,US.TX.LY,74,4,
Mille Lacs County,US.MN.MI,74,3,
Emmet County,US.MI.EM,74,2,
Lucas County,US.IA.LU,74,4,
Valley County,US.ID.VA,74,1,
Leelanau County,US.MI.LE,74,0,
Pamlico County,US.NC.PM,73,1,
Crowley County,US.CO.CR,73,1,
Wright County,US.MO.WG,73,0,
Lincoln County,US.WI.LI,73,0,
Union County,US.KY.UN,73,0,
Clarke County,US.VA.CK,73,0,
Langlade County,US.WI.LN,73,1,
Monroe County,US.AR.ME,73,0,
Pike County,US.IN.PI,73,0,
Vilas County,US.WI.VI,73,0,
Wayne County,US.IL.WY,73,2,
Washington County,US.IL.WG,73,1,
Mecosta County,US.MI.MT,73,2,
Van Wert County,US.OH.VA,73,2,
Moore County,US.TN.MO,72,0,
Grant County,US.NM.GR,72,2,
Madison County,US.VA.MD,72,1,
Ripley County,US.MO.RI,72,0,
Cuming County,US.NE.CM,72,0,
Baker County,US.GA.BR,71,3,
Osceola County,US.MI.OE,71,0,
Wexford County,US.MI.WE,71,4,
Vernon County,US.WI.VE,71,0,
Barton County,US.MO.BT,71,0,
Rosebud County,US.MT.RS,71,1,
Worth County,US.IA.WT,71,0,
Greene County,US.IL.GE,71,0,
Mason County,US.WV.MN,70,1,
Coffey County,US.KS.CF,70,8,
Kit Carson County,US.CO.KT,70,3,
Mitchell County,US.TX.MH,70,1,
Crane County,US.TX.CR,70,2,
Adams County,US.OH.AD,69,2,
Lawrence County,US.SD.LW,69,1,
Schoharie County,US.NY.SO,69,2,
Powell County,US.KY.PO,68,0,
Howard County,US.MO.HR,68,0,
Benton County,US.IN.BE,68,0,
Dallas County,US.AR.DA,68,2,
Ste. Genevieve County,US.MO.SG,68,1,
Renville County,US.MN.RN,68,5,
Venango County,US.PA.VE,68,0,
Martin County,US.TX.MT,67,5,
Lunenburg County,US.VA.LN,67,1,
Beaverhead County,US.MT.BE,67,0,
Macon County,US.MO.MN,67,0,
Piatt County,US.IL.PA,67,0,
Sutton County,US.TX.ST,67,1,
Neosho County,US.KS.NO,67,0,
Meigs County,US.OH.MS,66,0,
Reagan County,US.TX.RG,66,4,
McDowell County,US.WV.MC,66,0,
Gladwin County,US.MI.GL,66,2,
Cumberland County,US.KY.CU,66,0,
Blackford County,US.IN.BL,66,2,
Dukes County,US.MA.DU,66,0,
Kearny County,US.KS.KE,66,1,
Butler County,US.NE.BE,66,0,
Power County,US.ID.PO,66,0,
Larue County,US.KY.LR,66,1,
Houston County,US.TN.HO,65,0,
Owen County,US.KY.OE,65,0,
Crosby County,US.TX.CB,65,1,
Letcher County,US.KY.LT,65,0,
Sabine County,US.TX.SB,65,6,
Wayne County,US.MO.WY,65,0,
Jim Hogg County,US.TX.JG,65,2,
Texas County,US.MO.TE,65,1,
Radford city,US.VA.RD,65,0,
Metcalfe County,US.KY.MT,65,2,
Ohio County,US.IN.OH,64,6,
Fleming County,US.KY.FE,64,0,
Buena Vista city,US.VA.BE,64,1,
Livingston County,US.MO.LV,64,0,
Jasper County,US.IL.JS,64,7,
Vermillion County,US.IN.VE,64,0,
Mariposa County,US.CA.MP,64,2,
Montgomery County,US.IA.MG,63,4,
Hardy County,US.WV.HD,63,0,
Morrill County,US.NE.MO,63,0,
Otoe County,US.NE.OT,63,0,
Wyoming County,US.PA.WM,63,8,
Park County,US.MT.PA,63,0,
Torrance County,US.NM.TO,63,1,
Yuma County,US.CO.YU,63,0,
Nowata County,US.OK.NW,62,1,
Waldo County,US.ME.WL,62,14,
Mason County,US.IL.MS,62,0,
Traill County,US.ND.TR,62,0,
Izard County,US.AR.IZ,62,1,
Prowers County,US.CO.PR,62,0,
Falls Church city,US.VA.FU,62,6,
Green Lake County,US.WI.GL,62,0,
Davis County,US.IA.DV,62,2,
Knox County,US.TX.KX,62,5,
Merrick County,US.NE.ME,62,0,
Chickasaw County,US.IA.CC,62,0,
Cumberland County,US.IL.CU,62,3,
Vernon County,US.MO.VE,62,0,
Menard County,US.IL.MN,61,0,
Custer County,US.MT.CU,61,2,
Kane County,US.UT.KA,61,1,
Lincoln County,US.MN.LI,61,0,
Lincoln County,US.ID.LI,61,0,
Nelson County,US.VA.NL,61,0,
Taylor County,US.WV.TA,61,1,
Jackson County,US.WI.JA,60,1,
Parke County,US.IN.PA,60,1,
Mason County,US.TX.MA,60,0,
Harrison County,US.MO.HS,60,1,
Forest County,US.WI.FR,60,4,
Tillman County,US.OK.TI,59,1,
Dickinson County,US.MI.DI,59,2,
Lafayette County,US.AR.LF,59,2,
Turner County,US.SD.TU,59,0,
Essex County,US.NY.ES,59,0,
Alleghany County,US.VA.AL,59,4,
Meade County,US.KS.ME,59,0,
Valdez-Cordova Census Area,US.AK.VA,59,0,
Trigg County,US.KY.TG,59,0,
Marion County,US.KS.MN,59,1,
Yates County,US.NY.YA,59,6,
Switzerland County,US.IN.SW,59,0,
Osage County,US.MO.OS,58,1,
Wabash County,US.IL.WB,58,0,
Lawrence County,US.IL.LW,58,0,
Skamania County,US.WA.SM,58,1,
Washington County,US.VT.WA,58,2,
Garrett County,US.MD.GA,58,0,
Hickman County,US.KY.HA,58,0,
Sagadahoc County,US.ME.SA,58,0,
Yukon-Koyukuk Census Area,US.AK.YU,57,1,
Jefferson County,US.WA.JE,57,0,
Ford County,US.IL.FO,57,2,
Pacific County,US.WA.PA,57,2,
Grant County,US.MN.GR,57,4,
Custer County,US.NE.CU,57,4,
Charlotte County,US.VA.CT,57,0,
Green County,US.KY.GN,57,2,
Oxford County,US.ME.OX,57,0,
Dixon County,US.NE.DI,57,2,
Greenlee County,US.AZ.GE,57,2,
Swift County,US.MN.SW,57,1,
Dewey County,US.SD.DW,57,0,
Roscommon County,US.MI.RO,57,2,
Cheboygan County,US.MI.CY,56,2,
Carbon County,US.UT.CR,56,0,
Kalkaska County,US.MI.KK,56,4,
Elk County,US.PA.EL,56,2,
Mason County,US.KY.MS,56,1,
Howard County,US.NE.HW,55,5,
Caldwell County,US.KY.CD,55,0,
McCulloch County,US.TX.MC,55,1,
Perry County,US.AR.PY,55,0,
Howard County,US.IA.HO,55,0,
Rains County,US.TX.RI,54,1,
Roseau County,US.MN.RS,54,0,
Ogemaw County,US.MI.OG,54,3,
Grand County,US.CO.GR,54,1,
Charles City County,US.VA.CC,54,5,
Lewis County,US.MO.LE,54,1,
Bates County,US.MO.BS,54,1,
Appanoose County,US.IA.AP,54,3,
Ralls County,US.MO.RL,54,0,
Yellow Medicine County,US.MN.YE,54,0,
Hyde County,US.NC.HE,54,0,
Charlevoix County,US.MI.CV,54,2,
Franklin County,US.NY.FR,54,1,
Martin County,US.IN.MN,54,0,
Kauai County,US.HI.KU,54,0,
Van Buren County,US.AR.VA,54,2,
Scott County,US.KS.SC,54,0,
San Miguel County,US.NM.SM,53,0,
Childress County,US.TX.CD,53,0,
Boise County,US.ID.BS,53,1,
Houghton County,US.MI.HO,53,0,
Johnston County,US.OK.JO,53,0,
Baker County,US.OR.BA,53,0,
Grand County,US.UT.GR,52,1,
Houston County,US.MN.HO,52,0,
McCreary County,US.KY.MR,52,0,
Dickenson County,US.VA.DC,52,1,
Callahan County,US.TX.AL,52,3,
Lander County,US.NV.LA,52,1,
Franklin County,US.ID.FA,52,0,
Hancock County,US.KY.HC,52,0,
Haskell County,US.TX.HK,52,0,
Crawford County,US.IN.CW,52,0,
Crook County,US.OR.CR,52,1,
Gallatin County,US.IL.GA,51,2,
Middlesex County,US.VA.MI,51,1,
Gates County,US.NC.GT,51,2,
Pendleton County,US.KY.PN,51,0,
Surry County,US.VA.SR,51,2,
Linn County,US.KS.LN,50,0,
Nemaha County,US.NE.NE,50,0,
Clay County,US.NE.CL,50,0,
Washington County,US.CO.WA,50,0,
Carlisle County,US.KY.CE,50,1,
Nemaha County,US.KS.NM,50,1,
Donley County,US.TX.DO,49,0,
Morgan County,US.UT.MN,49,0,
Washburn County,US.WI.WR,49,0,
Garfield County,US.UT.GA,49,2,
Magoffin County,US.KY.MF,49,0,
Haskell County,US.KS.HS,49,0,
Presidio County,US.TX.PS,49,4,
Lancaster County,US.VA.LA,49,0,
Woodward County,US.OK.WW,49,0,
Madison County,US.NC.MD,49,1,
Hill County,US.MT.HI,48,2,
Phillips County,US.KS.PL,48,8,
Richland County,US.MT.RI,48,2,
Burt County,US.NE.BT,48,0,
Pope County,US.MN.PE,48,0,
Pend Oreille County,US.WA.PE,48,0,
Arenac County,US.MI.AR,48,3,
Franklin County,US.ME.FR,47,1,
Fulton County,US.AR.FU,47,0,
Brule County,US.SD.BU,47,0,
Quay County,US.NM.QU,47,1,
Brown County,US.KS.BR,47,0,
Osage County,US.KS.OS,47,0,
Dickinson County,US.KS.DK,47,1,
Buffalo County,US.WI.BF,47,2,
Clay County,US.TX.CY,47,1,
Lewis County,US.NY.LE,47,5,
Graham County,US.NC.GH,46,0,
Stevens County,US.KS.SV,46,0,
Wyoming County,US.WV.WY,46,2,
Doniphan County,US.KS.DP,46,0,
Coal County,US.OK.CL,46,0,
Corson County,US.SD.CO,46,0,
Chase County,US.KS.CS,46,0,
Hemphill County,US.TX.HH,45,0,
Toole County,US.MT.TO,45,6,
Wetzel County,US.WV.WT,45,0,
Rappahannock County,US.VA.RP,45,2,
Poquoson city,US.VA.PQ,45,0,
Lemhi County,US.ID.LM,45,0,
Fremont County,US.IA.FO,45,0,
Clark County,US.KS.CA,45,1,
Thomas County,US.KS.TH,45,0,
Blaine County,US.OK.BL,45,0,
Chippewa County,US.MI.CP,44,0,
Van Buren County,US.TN.VA,44,0,
Shannon County,US.MO.SN,44,1,
Cedar County,US.MO.CD,44,0,
Northwest Arctic Borough,US.AK.NW,44,0,
Fulton County,US.IL.FU,44,0,
Sherman County,US.TX.SN,44,0,
McLean County,US.KY.ML,44,1,
Montgomery County,US.MO.MM,44,0,
Pepin County,US.WI.PE,44,0,
Wabaunsee County,US.KS.WB,43,0,
Sullivan County,US.NH.SU,43,1,
Lamoille County,US.VT.LA,43,1,
Phelps County,US.NE.PH,43,0,
Barnes County,US.ND.BA,43,0,
Massac County,US.IL.MA,43,0,
Hamilton County,US.KS.HM,43,0,
Missaukee County,US.MI.MU,42,1,
Montgomery County,US.AR.MT,42,1,
Manistee County,US.MI.ME,42,1,
Pendleton County,US.WV.PE,42,1,
Shelby County,US.MO.SB,42,0,
King and Queen County,US.VA.KA,42,1,
Greene County,US.IA.GE,42,0,
Union County,US.IN.UN,42,0,
Coke County,US.TX.OK,42,2,
Antrim County,US.MI.AN,42,0,
Clinton County,US.KY.CO,42,1,
Aitkin County,US.MN.AI,42,1,
Pocahontas County,US.WV.PO,42,0,
Park County,US.CO.PA,42,1,
Holt County,US.MO.HL,41,0,
Cloud County,US.KS.CD,41,1,
Martin County,US.KY.MI,41,0,
McIntosh County,US.ND.MI,41,2,
Knox County,US.NE.KN,41,0,
DeKalb County,US.MO.DE,41,1,
Keokuk County,US.IA.KE,41,1,
Tioga County,US.PA.TI,41,3,
Bath County,US.KY.BH,41,1,
Wayne County,US.NE.WY,40,0,
Archuleta County,US.CO.AC,40,0,
Van Buren County,US.IA.VA,40,1,
Aurora County,US.SD.AU,40,0,
Pickett County,US.TN.PI,40,1,
Hickory County,US.MO.HC,40,0,
Stanton County,US.KS.ST,40,0,
Sublette County,US.WY.SU,40,0,
Hancock County,US.ME.HA,40,1,
Norman County,US.MN.NR,40,0,
Kanabec County,US.MN.KA,40,3,
Webster County,US.GA.WT,39,2,
Nicholas County,US.WV.NI,39,1,
Linn County,US.MO.LN,39,1,
Alexander County,US.IL.AL,39,0,
Beaver County,US.OK.BA,39,0,
Plumas County,US.CA.PU,39,0,
Asotin County,US.WA.AS,39,2,
Custer County,US.SD.CU,39,0,
Ketchikan Gateway Borough,US.AK.KG,39,0,
Rice County,US.KS.RC,39,0,
Major County,US.OK.MJ,39,1,
Jerauld County,US.SD.JE,39,1,
Wilkin County,US.MN.WL,38,3,
Boundary County,US.ID.BD,38,0,
Upshur County,US.WV.UP,38,0,
Lawrence County,US.KY.LC,38,0,
Richland County,US.WI.RI,38,4,
Adair County,US.IA.AI,38,0,
Pierce County,US.NE.PI,37,0,
Griggs County,US.ND.GI,37,1,
Goshen County,US.WY.GO,37,0,
Ottawa County,US.KS.OT,37,0,
De Witt County,US.IL.DW,37,0,
Nantucket County,US.MA.NA,37,1,
Hubbard County,US.MN.HU,37,0,
Bracken County,US.KY.BK,37,0,
Redwood County,US.MN.RW,37,0,
Big Horn County,US.WY.BI,37,1,
Ballard County,US.KY.BA,37,0,
Wheeler County,US.TX.WL,36,0,
Caldwell County,US.MO.CW,36,1,
Somerset County,US.ME.SO,36,1,
Livingston County,US.KY.LV,36,1,
Schleicher County,US.TX.SH,36,1,
Benzie County,US.MI.BE,36,1,
Monroe County,US.MO.MR,36,0,
Tillamook County,US.OR.TI,35,0,
Knox County,US.MO.KN,35,0,
Trimble County,US.KY.TM,35,0,
Todd County,US.KY.TO,35,0,
Lincoln County,US.ME.LI,35,1,
Morgan County,US.KY.MG,35,0,
Lexington city,US.VA.LX,35,0,
Hudspeth County,US.TX.HU,35,2,
Ziebach County,US.SD.ZI,35,0,
Marshall County,US.IL.MH,35,0,
Pratt County,US.KS.PR,35,0,
Crawford County,US.IL.CW,35,0,
Scott County,US.IL.SO,35,0,
Gasconade County,US.MO.GA,34,0,
Edgar County,US.IL.EG,34,0,
Caribou County,US.ID.CR,34,0,
Hamilton County,US.IL.HM,34,0,
Idaho County,US.ID.ID,34,0,
Crittenden County,US.KY.CT,34,1,
McKean County,US.PA.MC,34,1,
Searcy County,US.AR.SA,34,0,
Sierra County,US.NM.SI,34,1,
Leslie County,US.KY.LS,34,0,
Madison County,US.MO.MD,34,0,
Mercer County,US.ND.ME,34,0,
McCook County,US.SD.MC,33,1,
Jefferson County,US.OK.JE,33,0,
Archer County,US.TX.AC,33,0,
Cochran County,US.TX.CC,33,0,
Coleman County,US.TX.CM,33,0,
Pike County,US.IL.PK,33,0,
Marion County,US.AR.MN,33,0,
Ida County,US.IA.ID,33,0,
Concho County,US.TX.ON,33,0,
Aroostook County,US.ME.AR,33,1,
Breathitt County,US.KY.BT,33,0,
Keith County,US.NE.KT,33,0,
Moody County,US.SD.MO,33,0,
Morgan County,US.OH.MA,33,0,
Bayfield County,US.WI.BY,32,1,
Morgan County,US.WV.MA,32,0,
Stanton County,US.NE.ST,32,0,
Moffat County,US.CO.MF,32,1,
Lake County,US.OR.LK,32,0,
Price County,US.WI.PC,32,0,
Grant County,US.SD.GA,32,0,
Harmon County,US.OK.HM,32,0,
Lyon County,US.KY.LY,32,4,
Clay County,US.IL.CY,32,0,
Washita County,US.OK.WT,32,0,
Guadalupe County,US.NM.GU,32,0,
Vinton County,US.OH.VI,32,2,
Sitka City and Borough,US.AK.SI,31,0,
Fisher County,US.TX.FH,31,1,
Beaver County,US.UT.BV,31,1,
Barbour County,US.WV.BB,31,1,
Richland County,US.IL.RI,31,0,
Republic County,US.KS.RP,31,0,
Jefferson County,US.MT.JE,31,0,
Lincoln County,US.WA.LI,31,0,
Dunn County,US.ND.DU,31,0,
Converse County,US.WY.CE,31,0,
Kiowa County,US.OK.KO,31,1,
Hutchinson County,US.SD.HT,31,0,
Quitman County,US.GA.QU,31,1,
Clear Creek County,US.CO.CL,31,1,
Cavalier County,US.ND.CV,31,0,
Stillwater County,US.MT.ST,31,1,
Roosevelt County,US.MT.RO,30,0,
Edwards County,US.TX.ED,30,0,
Ashland County,US.WI.AS,30,1,
Audubon County,US.IA.AU,30,1,
Deer Lodge County,US.MT.DE,30,0,
Anderson County,US.KS.AN,30,0,
Dawson County,US.MT.DW,30,0,
Marshall County,US.MN.MS,30,0,
Union County,US.NM.UN,30,2,
Grundy County,US.MO.GU,30,1,
San Juan County,US.WA.SA,30,0,
Valley County,US.MT.VA,30,0,
Bland County,US.VA.BL,30,0,
Fillmore County,US.NE.FI,29,1,
Bethel Census Area,US.AK.BE,29,0,
Giles County,US.VA.GI,29,0,
Faulk County,US.SD.FU,29,1,
Wadena County,US.MN.WD,29,0,
Decatur County,US.IA.DC,29,0,
Caledonia County,US.VT.CA,29,0,
Alcona County,US.MI.AC,29,1,
Lewis County,US.WV.LE,28,2,
Lake County,US.MI.LK,28,0,
Mahnomen County,US.MN.MH,28,1,
Menifee County,US.KY.ME,28,0,
Mitchell County,US.KS.MC,28,0,
Ransom County,US.ND.RN,28,0,
Clark County,US.MO.CK,28,0,
Fulton County,US.PA.FU,28,2,
Polk County,US.NE.PO,28,0,
Conejos County,US.CO.CN,27,0,
Richardson County,US.NE.RI,27,1,
Burnett County,US.WI.BN,27,1,
Maries County,US.MO.MS,27,0,
Mackinac County,US.MI.MK,27,0,
Pembina County,US.ND.PE,27,0,
Thayer County,US.NE.TA,27,0,
Estill County,US.KY.ES,27,0,
Glascock County,US.GA.GS,27,1,
Hamlin County,US.SD.HM,27,0,
Nelson County,US.ND.NE,27,0,
Issaquena County,US.MS.IS,27,2,
Knox County,US.ME.KN,27,1,
Cheyenne County,US.NE.CY,26,0,
Cedar County,US.NE.CA,26,0,
Harrison County,US.OH.HR,26,1,
Foster County,US.ND.FO,26,0,
San Saba County,US.TX.SS,26,0,
Mills County,US.TX.MS,26,0,
Menominee County,US.WI.MN,26,0,
Oscoda County,US.MI.OO,26,1,
Spink County,US.SD.SP,26,0,
Johnson County,US.WY.JO,25,1,
Kingman County,US.KS.KM,25,0,
Day County,US.SD.DY,25,0,
Big Stone County,US.MN.BI,25,0,
Warren County,US.IN.WN,25,1,
Edwards County,US.IL.EW,25,0,
Mellette County,US.SD.ML,24,0,
Woodruff County,US.AR.WO,24,0,
Iron County,US.MO.IR,24,0,
Wells County,US.ND.WE,24,0,
Ringgold County,US.IA.RI,24,1,
Lake County,US.MN.LE,24,0,
Los Alamos County,US.NM.LO,24,0,
Red Lake County,US.MN.RD,24,0,
Nome Census Area,US.AK.NM,24,0,
Costilla County,US.CO.CS,24,0,
Norton city,US.VA.NC,23,0,
Ontonagon County,US.MI.ON,23,0,
Burke County,US.ND.BK,23,0,
Fergus County,US.MT.FE,23,0,
Schuyler County,US.NY.SU,23,0,
Hot Springs County,US.WY.HO,23,0,
Matthews County,US.VA.MT,23,0,
Emmons County,US.ND.EM,23,1,
St. Clair County,US.MO.SC,23,0,
Warren County,US.PA.WR,23,1,
Fall River County,US.SD.FL,23,0,
Norton County,US.KS.NT,23,0,
Greenwood County,US.KS.GW,23,0,
Ferry County,US.WA.FE,22,0,
Henderson County,US.IL.HD,22,0,
Stevens County,US.MN.SV,22,0,
Carter County,US.MO.CR,22,1,
Kidder County,US.ND.KI,22,0,
Hardeman County,US.TX.RD,22,0,
Hanson County,US.SD.HS,22,0,
Clay County,US.KS.CY,22,2,
Allen County,US.KS.AL,22,0,
Rusk County,US.WI.RU,22,1,
Lipscomb County,US.TX.LM,22,0,
Bottineau County,US.ND.BT,22,0,
Adams County,US.ID.AM,22,0,
Chariton County,US.MO.CI,21,0,
McHenry County,US.ND.MH,21,1,
Oregon County,US.MO.OR,21,0,
Nicholas County,US.KY.NI,21,1,
Culberson County,US.TX.UL,21,2,
Potter County,US.PA.PO,21,0,
Perkins County,US.NE.PE,21,7,
Woods County,US.OK.WS,21,0,
Bear Lake County,US.ID.BK,21,0,
Wayne County,US.IA.WY,21,1,
Cotton County,US.OK.CT,21,2,
Presque Isle County,US.MI.PR,21,1,
Iron County,US.MI.IR,21,1,
North Slope Borough,US.AK.NH,21,0,
Harper County,US.KS.HP,21,0,
Ellsworth County,US.KS.EW,21,0,
Wallowa County,US.OR.WW,21,1,
Kinney County,US.TX.KN,21,0,
Atchison County,US.MO.AT,20,0,
Monroe County,US.WV.ME,20,0,
Gosper County,US.NE.GO,20,0,
Dent County,US.MO.DN,20,0,
Tripp County,US.SD.TR,20,0,
Antelope County,US.NE.AN,20,1,
Rio Blanco County,US.CO.RB,20,0,
Jefferson County,US.NE.JE,19,0,
Daviess County,US.MO.DV,19,0,
Phillips County,US.CO.PH,19,0,
Craig County,US.VA.CG,19,0,
Curry County,US.OR.CU,19,0,
Edmunds County,US.SD.ED,19,0,
Shackelford County,US.TX.SC,19,0,
Roane County,US.WV.RO,19,1,
Russell County,US.KS.RS,19,0,
Noble County,US.OH.NO,19,0,
Douglas County,US.SD.DO,19,0,
Eddy County,US.ND.ED,19,0,
Butte County,US.SD.BT,19,1,
Rooks County,US.KS.RO,18,0,
Summers County,US.WV.SU,18,0,
Graham County,US.KS.GH,18,0,
Southeast Fairbanks Census Area,US.AK.SO,18,0,
Hardin County,US.IL.HI,18,0,
Schuyler County,US.IL.SU,18,0,
Menard County,US.TX.EN,18,0,
Gilmer County,US.WV.GI,18,0,
Red Willow County,US.NE.RE,18,0,
Las Animas County,US.CO.LS,18,0,
Clay County,US.WV.CY,18,1,
Granite County,US.MT.GN,18,0,
Walworth County,US.SD.WA,18,0,
Colfax County,US.NM.CO,18,1,
Mineral County,US.CO.MI,18,0,
Scotland County,US.MO.SO,18,1,
Cottle County,US.TX.OT,18,2,
Taliaferro County,US.GA.TA,17,0,
Clearwater County,US.ID.CE,17,0,
Carson County,US.TX.CN,17,0,
Gilpin County,US.CO.GI,17,0,
Clark County,US.SD.CK,17,0,
Orange County,US.VT.OA,17,0,
Sherman County,US.KS.SH,17,0,
Alger County,US.MI.AG,17,0,
Adams County,US.IA.AM,17,0,
Bon Homme County,US.SD.BH,17,0,
Grant County,US.OK.GN,17,0,
Delta County,US.TX.DT,17,0,
Dade County,US.MO.DD,17,0,
Coos County,US.NH.CO,17,0,
Reynolds County,US.MO.RE,16,0,
Steele County,US.ND.SE,16,0,
Upton County,US.TX.UP,16,1,
Calhoun County,US.AR.CA,16,0,
Box Butte County,US.NE.BX,16,0,
Emery County,US.UT.EM,16,0,
White Pine County,US.NV.WH,16,1,
Kimble County,US.TX.KM,16,1,
Edwards County,US.KS.ED,16,0,
Furnas County,US.NE.FU,16,1,
Wolfe County,US.KY.WL,16,0,
LaMoure County,US.ND.LA,16,0,
Ozark County,US.MO.OZ,16,0,
Traverse County,US.MN.TR,16,0,
Oneida County,US.ID.ON,16,0,
Sherman County,US.OR.SH,16,0,
Pierce County,US.ND.PI,16,0,
Hall County,US.TX.HA,15,1,
Florence County,US.WI.FL,15,0,
Owsley County,US.KY.OS,15,0,
Franklin County,US.NE.FA,15,0,
Orleans County,US.VT.OL,15,0,
Elliott County,US.KY.EL,15,0,
Miner County,US.SD.ME,15,0,
Luce County,US.MI.LU,15,0,
Baca County,US.CO.BA,15,0,
Blaine County,US.MT.BL,15,0,
Teton County,US.MT.TE,15,0,
Mercer County,US.MO.MC,15,0,
Brown County,US.IL.BR,15,0,
Kimball County,US.NE.KB,15,0,
Tyler County,US.WV.TY,15,0,
Stanley County,US.SD.ST,15,0,
Deuel County,US.SD.DU,15,0,
Pleasants County,US.WV.PL,14,2,
Clearwater County,US.MN.CE,14,0,
Washington County,US.ME.WS,14,0,
Dawes County,US.NE.DS,14,0,
Wilson County,US.KS.WL,14,0,
Sherman County,US.NE.SM,14,0,
Broadwater County,US.MT.BR,14,0,
Pershing County,US.NV.PE,14,0,
Dickey County,US.ND.DC,14,0,
Marshall County,US.KS.MS,14,0,
Holt County,US.NE.HT,14,0,
Johnson County,US.NE.JO,14,0,
Kingsbury County,US.SD.KI,14,0,
Oldham County,US.TX.OL,14,1,
Schoolcraft County,US.MI.SR,13,0,
Jewell County,US.KS.JW,13,1,
Sanborn County,US.SD.SA,13,0,
Collingsworth County,US.TX.CG,13,0,
Columbia County,US.WA.CM,13,1,
Baylor County,US.TX.BR,13,0,
Covington city,US.VA.CV,13,0,
Prince of Wales-Hyder Census Area,US.AK.PH,13,0,
Putnam County,US.IL.PT,13,0,
Ouray County,US.CO.OU,13,1,
Calhoun County,US.IL.CH,13,0,
Putnam County,US.MO.PN,13,1,
Grand Isle County,US.VT.GR,13,0,
Morris County,US.KS.MR,13,0,
Custer County,US.CO.CU,13,0,
Sheridan County,US.NE.SD,12,0,
Valley County,US.NE.VA,12,0,
Dewey County,US.OK.DW,12,0,
Forest County,US.PA.FO,12,0,
Briscoe County,US.TX.BO,12,1,
Woodson County,US.KS.WO,12,0,
Marshall County,US.SD.MS,12,0,
Garfield County,US.MT.GF,12,0,
Pondera County,US.MT.PN,11,0,
Tucker County,US.WV.TU,11,0,
Harper County,US.OK.HP,11,0,
Hodgeman County,US.KS.HG,11,0,
Sedgwick County,US.CO.SE,11,1,
Bowman County,US.ND.BW,11,0,
Crook County,US.WY.CK,11,0,
Boone County,US.NE.BO,11,0,
Mineral County,US.NV.MI,11,0,
Harney County,US.OR.HA,11,0,
Jackson County,US.SD.JA,11,1,
Lake and Peninsula Borough,US.AK.LA,11,0,
Cimarron County,US.OK.CO,11,0,
Piscataquis County,US.ME.PI,11,0,
Clark County,US.ID.CA,11,0,
Golden Valley County,US.ND.GO,11,0,
Pope County,US.IL.PE,11,0,
Custer County,US.ID.CU,11,0,
Sanders County,US.MT.SA,11,0,
Morton County,US.KS.MT,10,2,
Schuyler County,US.MO.SH,10,0,
Hand County,US.SD.HD,10,0,
Sullivan County,US.PA.SL,10,0,
Nance County,US.NE.NA,10,0,
Sargent County,US.ND.SG,10,0,
Renville County,US.ND.RE,10,0,
McMullen County,US.TX.MM,10,0,
Webster County,US.NE.WE,10,0,
Kodiak Island Borough,US.AK.KO,10,0,
Greeley County,US.NE.GE,10,0,
Chouteau County,US.MT.CH,10,0,
Bent County,US.CO.BE,10,0,
Rush County,US.KS.RH,10,0,
Irion County,US.TX.IR,9,0,
Pawnee County,US.NE.PA,9,0,
Cheyenne County,US.CO.CE,9,0,
Hoonah-Angoon Census Area,US.AK.HH,9,0,
Comanche County,US.KS.CM,9,0,
Pawnee County,US.KS.PN,9,0,
Lac Qui Parle County,US.MN.LC,9,0,
Sheridan County,US.ND.SH,9,0,
Roger Mills County,US.OK.RR,9,1,
Rich County,US.UT.RH,9,0,
Jackson County,US.CO.JA,9,0,
Worth County,US.MO.WO,9,0,
Huerfano County,US.CO.HU,8,1,
Armstrong County,US.TX.AM,8,0,
Wrangell City and Borough,US.AK.WG,8,0,
Braxton County,US.WV.BX,8,0,
Hamilton County,US.NY.HA,8,1,
Kusilvak Census Area,US.AK.WA,8,0,
McPherson County,US.SD.MP,8,0,
Kiowa County,US.KS.KW,8,0,
Cameron County,US.PA.CE,8,0,
Jeff Davis County,US.TX.JF,8,0,
Trinity County,US.CA.TR,8,0,
Montmorency County,US.MI.MR,8,0,
Lincoln County,US.CO.LI,8,0,
Boyd County,US.NE.BY,8,0,
Chase County,US.NE.CE,7,0,
Sheridan County,US.KS.SD,7,0,
Lake of the Woods County,US.MN.LO,7,0,
Oliver County,US.ND.OL,7,0,
Trego County,US.KS.TR,7,1,
Gregory County,US.SD.GE,7,0,
Logan County,US.ND.LO,7,0,
Stonewall County,US.TX.SA,7,0,
Wirt County,US.WV.WI,7,0,
Petersburg Census Area,US.AK.PB,7,1,
Stafford County,US.KS.SF,7,1,
Stark County,US.IL.SA,7,0,
Ness County,US.KS.NS,7,0,
Hettinger County,US.ND.HE,7,0,
Catron County,US.NM.CA,6,1,
Highland County,US.VA.HA,6,0,
Doddridge County,US.WV.DO,6,0,
McPherson County,US.NE.MC,6,0,
Lincoln County,US.KS.LC,6,0,
Sierra County,US.CA.SE,6,0,
Piute County,US.UT.PT,6,0,
Kenedy County,US.TX.KE,6,1,
Bennett County,US.SD.BN,6,0,
Platte County,US.WY.PL,6,0,
Storey County,US.NV.ST,6,0,
Glasscock County,US.TX.GC,6,0,
Essex County,US.VT.ES,6,0,
Perkins County,US.SD.PR,6,0,
Chautauqua County,US.KS.CQ,6,0,
Nuckolls County,US.NE.NU,6,0,
Calhoun County,US.WV.CH,6,0,
Cook County,US.MN.CO,6,0,
Roberts County,US.TX.RS,6,0,
Mora County,US.NM.MO,6,0,
Motley County,US.TX.MY,6,0,
Lane County,US.KS.LE,6,0,
Cheyenne County,US.KS.CN,5,0,
Wahkiakum County,US.WA.WH,5,0,
Ellis County,US.OK.EL,5,0,
Modoc County,US.CA.MC,5,0,
Haines Borough,US.AK.HA,5,0,
Baraga County,US.MI.BA,5,0,
Dickens County,US.TX.DC,5,1,
Lincoln County,US.NV.LI,5,0,
Sweet Grass County,US.MT.SW,5,1,
Decatur County,US.KS.DC,5,0,
McCone County,US.MT.MC,5,0,
Sheridan County,US.MT.SH,5,0,
Sioux County,US.NE.SI,5,0,
Gove County,US.KS.GO,5,0,
Alfalfa County,US.OK.AL,5,0,
Aleutians West Census Area,US.AK.AW,5,0,
Lee County,US.KY.LE,5,0,
Towner County,US.ND.TO,5,0,
Cherry County,US.NE.CH,4,0,
Garfield County,US.NE.GF,4,0,
Osborne County,US.KS.OB,4,0,
Throckmorton County,US.TX.TH,4,2,
Sully County,US.SD.SU,4,0,
Divide County,US.ND.DV,4,0,
Greeley County,US.KS.GL,4,0,
Grant County,US.OR.GR,4,0,
Barber County,US.KS.AB,4,0,
Grant County,US.ND.GT,4,0,
Lewis County,US.ID.LW,4,0,
Gilliam County,US.OR.GI,4,0,
Hooker County,US.NE.HO,4,0,
Slope County,US.ND.SL,4,0,
Bath County,US.VA.BA,4,0,
Musselshell County,US.MT.MU,4,0,
Garden County,US.NE.GD,4,0,
Meagher County,US.MT.ME,4,0,
Eureka County,US.NV.EU,4,0,
Wichita County,US.KS.WH,4,0,
Garfield County,US.WA.GF,4,0,
Webster County,US.WV.WB,4,0,
Hyde County,US.SD.HY,4,0,
Robertson County,US.KY.RB,3,0,
Adams County,US.ND.AD,3,0,
Rock County,US.NE.RO,3,0,
Ritchie County,US.WV.RI,3,0,
Kittson County,US.MN.KI,3,0,
Billings County,US.ND.BI,3,0,
Judith Basin County,US.MT.JU,3,0,
Wheatland County,US.MT.WH,3,0,
Hinsdale County,US.CO.HI,3,0,
Kent County,US.TX.KT,3,0,
Golden Valley County,US.MT.GO,3,0,
Smith County,US.KS.SM,3,0,
Daniels County,US.MT.DN,3,0,
Frontier County,US.NE.FO,3,0,
Foard County,US.TX.FD,3,0,
Campbell County,US.SD.CP,3,0,
Keweenaw County,US.MI.KW,3,0,
Wibaux County,US.MT.WI,3,0,
Jones County,US.SD.JO,2,0,
Harlan County,US.NE.HR,2,0,
Potter County,US.SD.PO,2,0,
Thomas County,US.NE.TO,2,0,
Treasure County,US.MT.TR,2,0,
Wayne County,US.UT.WE,2,0,
Harding County,US.SD.HR,2,0,
Deuel County,US.NE.DL,2,0,
Niobrara County,US.WY.NI,2,0,
Powell County,US.MT.PL,2,0,
Alpine County,US.CA.AP,2,0,
Haakon County,US.SD.HA,2,0,
San Juan County,US.CO.SJ,2,0,
Brown County,US.NE.BW,2,0,
Aleutians East Borough,US.AK.AE,2,0,
Dillingham Census Area,US.AK.DI,2,0,
Banner County,US.NE.BA,2,0,
Terrell County,US.TX.TL,2,0,
Logan County,US.KS.LG,2,0,
Mineral County,US.MT.MN,2,0,
Fallon County,US.MT.FA,2,0,
Arthur County,US.NE.AR,1,0,
Elk County,US.KS.EK,1,0,
Dundy County,US.NE.DY,1,0,
Washington County,US.KS.WS,1,0,
Liberty County,US.MT.LB,1,0,
Dolores County,US.CO.DO,1,0,
Harding County,US.NM.HA,1,0,
Denali Borough,US.AK.DE,1,0,
Hitchcock County,US.NE.HI,1,0,
Butte County,US.ID.BT,1,0,
Sterling County,US.TX.SI,1,0,
Powder River County,US.MT.PD,1,0,
Wheeler County,US.NE.WH,1,0,
Prairie County,US.MT.PR,1,0,
Camas County,US.ID.CM,1,0,
Loup County,US.NE.LU,0,0,
Kiowa County,US.CO.KO,0,0,
Loving County,US.TX.LI,0,0,
Grant County,US.NE.GA,0,0,
Rawlins County,US.KS.RA,0,0,
Wallace County,US.KS.WA,0,0,
King County,US.TX.KG,0,0,
Borden County,US.TX.BD,0,0,
Skagway Municipality,US.AK.SW,0,0,
Blaine County,US.NE.BL,0,0,
Logan County,US.NE.LG,0,0,
Keya Paha County,US.NE.KY,0,0,
Bristol Bay Borough,US.AK.BR,0,0,
Carter County,US.MT.CT,0,0,
Wheeler County,US.OR.WE,0,0,
Kalawao County,US.HI.KL,0,0,
Daggett County,US.UT.DG,0,0,
Hayes County,US.NE.HY,0,0,
De Baca County,US.NM.DE,0,0,
Yakutat City and Borough,US.AK.YA,0,0,
Petroleum County,US.MT.PO,0,0,
Esmeralda County,US.NV.ES,0,0,
