County,hasc,confirmed,death,recovered
Cook County,US.IL.CO,80713,3846,
Queens County,US.NY.QU,62542,6309,
Los Angeles County,US.CA.LO,59650,2531,
Kings County,US.NY.KI,56587,6794,
Bronx County,US.NY.BN,45688,4510,
Nassau County,US.NY.NA,40713,2132,
Suffolk County,US.NY.SF,40153,1916,
Westchester County,US.NY.WE,33767,1385,
New York County,US.NY.NE,26968,2949,
Middlesex County,US.MA.MI,22485,1689,
Wayne County,US.MI.WY,20590,2492,
Philadelphia County,US.PA.PH,18888,1379,
Suffolk County,US.MA.SU,18790,913,
Miami-Dade County,US.FL.DA,18779,746,
Hudson County,US.NJ.HD,18465,1199,
Bergen County,US.NJ.BE,18408,1603,
Essex County,US.NJ.ES,17912,1694,
Passaic County,US.NJ.PA,16311,954,
Middlesex County,US.NJ.MI,16072,1015,
Union County,US.NJ.UN,15953,1088,
Prince George's County,US.MD.PR,15940,580,
Fairfield County,US.CT.FA,15843,1293,
Essex County,US.MA.ES,14969,986,
Richmond County,US.NY.RI,13621,1002,
Rockland County,US.NY.RO,13280,501,
Harris County,US.TX.RR,13268,241,
Montgomery County,US.MD.MO,12226,636,
Fairfax County,US.VA.FX,11815,403,
New Haven County,US.CT.NH,11582,992,
Worcester County,US.MA.WO,11529,806,
Maricopa County,US.AZ.MA,11229,471,
Providence County,US.RI.PR,11052,390,
Dallas County,US.TX.DS,10958,249,
Hartford County,US.CT.HA,10636,1266,
Orange County,US.NY.OE,10471,369,
Marion County,US.IN.MO,10095,598,
Washington,US.DC.DI,9120,475,
Ocean County,US.NJ.OC,8900,763,
Hennepin County,US.MN.HE,8867,641,
Norfolk County,US.MA.NO,8625,854,
Lake County,US.IL.LK,8584,330,
Oakland County,US.MI.OD,8438,1006,
Milwaukee County,US.WI.MU,8388,316,
Monmouth County,US.NJ.MN,8379,627,
King County,US.WA.KN,8318,574,
Riverside County,US.CA.RI,8303,345,
Plymouth County,US.MA.PL,8282,579,
San Diego County,US.CA.SD,7940,288,
DuPage County,US.IL.DU,7939,392,
Jefferson Parish,US.LA.JF,7763,455,
Bristol County,US.MA.BR,7508,452,
Broward County,US.FL.BO,7462,325,
Montgomery County,US.PA.MG,7351,713,
Orleans Parish,US.LA.OR,7192,511,
Mercer County,US.NJ.ME,7072,492,
Clark County,US.NV.CL,7056,355,
Macomb County,US.MI.MB,6790,828,
Orange County,US.CA.OR,6783,165,
Palm Beach County,US.FL.PL,6688,363,
Camden County,US.NJ.CM,6663,352,
Delaware County,US.PA.DE,6587,584,
Kane County,US.IL.KE,6581,197,
Morris County,US.NJ.MR,6548,622,
Baltimore County,US.MD.BC,6476,371,
Erie County,US.NY.ER,6308,521,
Hampden County,US.MA.HD,6268,609,
Franklin County,US.OH.FR,6216,293,
Denver County,US.CO.DN,5977,336,
Prince William County,US.VA.PW,5932,110,
Baltimore City,US.MD.BA,5906,269,
San Bernardino County,US.CA.SA,5793,210,
Tarrant County,US.TX.TN,5761,168,
Salt Lake County,US.UT.SL,5756,78,
Will County,US.IL.WL,5742,284,
Shelby County,US.TN.SY,5546,124,
Davidson County,US.TN.DA,5516,66,
Bucks County,US.PA.BC,5158,522,
St. Louis County,US.MO.SL,4955,446,
Mecklenburg County,US.NC.MB,4842,101,
Fulton County,US.GA.FU,4773,250,
Douglas County,US.NE.DG,4769,41,
Cuyahoga County,US.OH.CU,4732,259,
Burlington County,US.NJ.BU,4725,307,
Somerset County,US.NJ.SO,4626,423,
Arapahoe County,US.CO.AA,4553,325,
Polk County,US.IA.PK,4517,136,
Gwinnett County,US.GA.GW,4323,136,
Sussex County,US.DE.SU,4314,143,
Berks County,US.PA.BK,4152,323,
Anne Arundel County,US.MD.AN,4080,179,
Yakima County,US.WA.YA,4031,97,
DeKalb County,US.GA.DA,3964,122,
Dutchess County,US.NY.DU,3962,142,
New Castle County,US.DE.NE,3925,173,
Kent County,US.MI.KN,3851,95,
Lake County,US.IN.LK,3833,203,
East Baton Rouge Parish,US.LA.EB,3820,246,
Lehigh County,US.PA.LH,3817,242,
Alameda County,US.CA.AA,3641,97,
Travis County,US.TX.TV,3501,95,
Adams County,US.CO.AD,3458,130,
Minnehaha County,US.SD.MN,3385,50,
Lancaster County,US.PA.LN,3301,315,
Ramsey County,US.MN.RA,3252,140,
Cobb County,US.GA.CB,3180,193,
Northampton County,US.PA.NA,3124,225,
Monroe County,US.NY.MR,3081,214,
El Paso County,US.TX.EP,3069,89,
Snohomish County,US.WA.SN,2999,150,
Bexar County,US.TX.BX,2953,78,
Chester County,US.PA.CH,2902,294,
Santa Clara County,US.CA.SL,2850,143,
Woodbury County,US.IA.WO,2836,37,
Loudoun County,US.VA.LD,2794,67,
Luzerne County,US.PA.LU,2773,156,
Hamilton County,US.OH.HM,2767,167,
Jefferson County,US.KY.JF,2760,163,
Marion County,US.OH.MR,2686,31,
Caddo Parish,US.LA.CO,2676,198,
Pima County,US.AZ.PM,2669,202,
San Francisco County,US.CA.SF,2644,43,
Hillsborough County,US.NH.HI,2614,164,
Hall County,US.GA.HL,2575,50,
McKinley County,US.NM.MC,2542,124,
Weld County,US.CO.WE,2534,134,
Imperial County,US.CA.IM,2493,30,
Potter County,US.TX.PT,2488,31,
Hillsborough County,US.FL.HL,2479,85,
Cumberland County,US.NJ.CU,2469,79,
Kern County,US.CA.KE,2462,45,
Winnebago County,US.IL.WN,2397,61,
Brown County,US.WI.BW,2361,38,
Mobile County,US.AL.MB,2321,118,
Lucas County,US.OH.LU,2313,263,
Jefferson County,US.CO.JE,2310,177,
Onondaga County,US.NY.OG,2295,133,
Gloucester County,US.NJ.GL,2290,150,
Atlantic County,US.NJ.AT,2286,164,
San Mateo County,US.CA.SM,2244,84,
Orange County,US.FL.OR,2169,43,
Arlington County,US.VA.AR,2150,120,
Lee County,US.FL.LE,2147,114,
Jackson County (including other portions of Kansas City),US.MO.JC,2113,49,
Pickaway County,US.OH.PC,2096,38,
Utah County,US.UT.UT,2088,17,
Tulare County,US.CA.TL,2083,92,
Stearns County,US.MN.SR,2050,14,
Genesee County,US.MI.GE,2046,253,
Navajo County,US.AZ.NA,2042,67,
Frederick County,US.MD.FR,2041,109,
Howard County,US.MD.HO,2033,65,
Alexandria City,US.VA.AX,2031,45,
Fresno County,US.CA.FR,2014,40,
Pierce County,US.WA.PI,1991,83,
Wake County,US.NC.WK,1977,40,
Allegheny County,US.PA.AL,1965,166,
Fort Bend County,US.TX.FR,1951,47,
Henrico County,US.VA.HC,1946,134,
Albany County,US.NY.AB,1930,100,
Jefferson County,US.AL.JE,1901,104,
City of St. Louis,US.MO.SY,1890,124,
Montgomery County,US.AL.MT,1858,43,
Greenville County,US.SC.GV,1854,58,
San Juan County,US.NM.SJ,1842,129,
Racine County,US.WI.RA,1838,44,
Durham County,US.NC.DH,1830,48,
Collier County,US.FL.CL,1814,53,
Ford County,US.KS.FO,1804,8,
Cass County,US.ND.CS,1803,55,
Walker County,US.TX.WK,1801,27,
St. Tammany Parish,US.LA.ST,1799,162,
Dougherty County,US.GA.DH,1794,149,
El Paso County,US.CO.EL,1788,96,
Black Hawk County,US.IA.BL,1772,47,
Allen County,US.IN.AL,1753,71,
Santa Barbara County,US.CA.SB,1737,14,
Chesterfield County,US.VA.CD,1721,37,
Ulster County,US.NY.UL,1704,80,
Duval County,US.FL.DU,1702,51,
Dakota County,US.NE.DK,1692,25,
McHenry County,US.IL.MY,1660,78,
Washoe County,US.NV.WA,1645,61,
Apache County,US.AZ.AP,1637,45,
Richland County,US.SC.RI,1609,67,
Cass County,US.IN.CS,1591,7,
Lackawanna County,US.PA.LC,1569,182,
Nobles County,US.MN.NB,1562,5,
Forsyth County,US.NC.FO,1560,17,
Contra Costa County,US.CA.CN,1547,38,
Bernalillo County,US.NM.BE,1543,73,
Hall County,US.NE.HL,1532,44,
Finney County,US.KS.FI,1518,10,
Yuma County,US.AZ.YU,1510,20,
Summit County,US.OH.SU,1505,181,
Elkhart County,US.IN.EL,1495,28,
Sacramento County,US.CA.SC,1490,58,
Anoka County,US.MN.AN,1488,78,
Richmond City,US.VA.RC,1488,24,
Mahoning County,US.OH.MH,1466,191,
Wyandotte County,US.KS.WY,1457,74,
Kent County,US.DE.KE,1454,69,
Kings County,US.CA.KI,1452,6,
Guilford County,US.NC.GU,1445,70,
Barnstable County,US.MA.BA,1443,121,
Denton County,US.TX.DN,1435,32,
Dakota County,US.MN.DA,1414,64,
Litchfield County,US.CT.LI,1406,134,
Sullivan County,US.NY.SL,1405,33,
Dauphin County,US.PA.DA,1404,87,
Pinellas County,US.FL.PI,1397,91,
Trousdale County,US.TN.TR,1394,4,
Collin County,US.TX.CI,1388,34,
Rockingham County,US.NH.RO,1347,76,
Washtenaw County,US.MI.WS,1347,100,
Ouachita Parish,US.LA.OU,1346,49,
Rutherford County,US.TN.RU,1343,28,
St. Joseph County,US.IN.SN,1337,36,
Monroe County,US.PA.MR,1333,102,
Oklahoma County,US.OK.OL,1328,63,
Clayton County,US.GA.CN,1294,50,
Lancaster County,US.NE.LA,1278,10,
Putnam County,US.NY.PU,1268,60,
Kenosha County,US.WI.KN,1246,33,
Cumberland County,US.ME.CU,1244,54,
St. Clair County,US.IL.SI,1227,91,
Multnomah County,US.OR.MU,1224,62,
Coconino County,US.AZ.CO,1221,85,
Ventura County,US.CA.VE,1216,35,
Wayne County,US.NC.WY,1212,20,
Hendricks County,US.IN.HD,1192,76,
Warren County,US.NJ.WA,1186,132,
Hamilton County,US.IN.HM,1183,94,
Charles County,US.MD.CH,1174,79,
Middlesex County,US.CT.MI,1170,154,
Manassas City,US.VA.MS,1166,11,
Manatee County,US.FL.MN,1134,100,
Sussex County,US.NJ.SU,1130,149,
Johnson County,US.IN.JO,1121,112,
Tulsa County,US.OK.TU,1109,59,
New London County,US.CT.NL,1104,94,
Polk County,US.FL.PO,1100,63,
Leavenworth County,US.KS.LV,1097,7,
Niagara County,US.NY.NI,1085,69,
Warren County,US.KY.WR,1081,6,
Hinds County,US.MS.HI,1074,26,
Oneida County,US.NY.OD,1069,64,
Saginaw County,US.MI.SG,1065,109,
Kent County,US.RI.KE,1052,51,
Pulaski County,US.AR.PU,1039,37,
York County,US.PA.YO,1038,28,
Montgomery County,US.TX.MG,1033,26,
San Joaquin County,US.CA.SJ,1024,36,
Marion County,US.OR.MR,1011,26,
Hunterdon County,US.NJ.HN,1009,61,
Boulder County,US.CO.BO,1004,67,
Lebanon County,US.PA.LB,997,36,
Lincoln County,US.AR.LC,985,10,
Kankakee County,US.IL.KK,975,53,
Buena Vista County,US.IA.BV,972,1,
Linn County,US.IA.LI,968,79,
Accomack County,US.VA.AC,966,12,
Hamilton County,US.TN.HL,964,19,
Wicomico County,US.MD.WI,959,32,
Brazoria County,US.TX.BI,957,9,
Pinal County,US.AZ.PN,948,40,
Butler County,US.OH.BU,948,32,
Carroll County,US.MD.CR,947,98,
Texas County,US.OK.TE,944,6,
Cherokee County,US.GA.CE,939,34,
Dallas County,US.IA.DL,938,25,
Sumner County,US.TN.SN,938,46,
Harford County,US.MD.HA,920,51,
Duplin County,US.NC.DP,915,19,
Marshall County,US.IA.MS,909,18,
Tangipahoa Parish,US.LA.TA,898,39,
Hampshire County,US.MA.HS,894,94,
Johnson County,US.KS.JO,893,66,
Columbiana County,US.OH.CL,891,52,
Seward County,US.KS.SW,885,2,
Lafourche Parish,US.LA.LO,882,72,
Galveston County,US.TX.GV,876,38,
St. John the Baptist Parish,US.LA.SO,872,82,
Escambia County,US.FL.ES,866,35,
Ascension Parish,US.LA.AE,861,57,
Tolland County,US.CT.TO,859,60,
Kalamazoo County,US.MI.KA,858,58,
Benton County,US.WA.BE,852,63,
Rapides Parish,US.LA.RA,850,33,
Moore County,US.TX.MO,844,12,
Dawson County,US.NE.DN,841,7,
Tuscaloosa County,US.AL.TU,836,16,
Lafayette Parish,US.LA.LY,834,28,
Kendall County,US.IL.KA,833,19,
Ada County,US.ID.AA,832,22,
Cameron County,US.TX.CA,820,39,
Stanislaus County,US.CA.ST,816,31,
Harrisonburg City,US.VA.HS,814,22,
St. Charles County,US.MO.SA,811,58,
Robeson County,US.NC.RB,809,14,
Fayette County,US.KY.FA,808,13,
Ottawa County,US.MI.OT,807,38,
Benton County,US.AR.BE,804,3,
Dane County,US.WI.DA,789,29,
Franklin County,US.PA.FR,785,38,
Volusia County,US.FL.VO,784,41,
Stark County,US.OH.ST,782,101,
Washington County,US.AR.WA,771,7,
Virginia Beach City,US.VA.VI,770,24,
Madison County,US.MS.MD,767,28,
Waukesha County,US.WI.WK,765,31,
Martin County,US.FL.MT,764,10,
Lauderdale County,US.MS.LU,759,68,
Ingham County,US.MI.IH,755,27,
Washington County,US.OR.WI,755,18,
Henry County,US.GA.HY,750,21,
Douglas County,US.CO.DU,746,47,
Stafford County,US.VA.SF,742,5,
Buchanan County,US.MO.BC,736,2,
Sarpy County,US.NE.SY,736,4,
Cumberland County,US.NC.CU,733,24,
Culpeper County,US.VA.CP,732,8,
Randolph County,US.NC.RA,730,14,
Neshoba County,US.MS.NS,728,44,
Monterey County,US.CA.MT,726,10,
Osceola County,US.FL.OS,726,20,
Lexington County,US.SC.LX,723,36,
Lorain County,US.OH.LR,722,60,
Montgomery County,US.OH.MT,720,16,
Terrebonne Parish,US.LA.TR,719,55,
Muscogee County,US.GA.MG,718,21,
Randall County,US.TX.RA,715,6,
Marshall County,US.AL.MS,708,9,
Lubbock County,US.TX.LU,707,50,
Rowan County,US.NC.RW,707,35,
Schenectady County,US.NY.SN,701,30,
Jones County,US.MS.JO,701,33,
Rock Island County,US.IL.RO,694,24,
Florence County,US.SC.FL,691,39,
St. Francis County,US.AR.SI,691,1,
Lake County,US.TN.LK,688,0,
Spartanburg County,US.SC.SP,687,25,
Charleston County,US.SC.CS,683,13,
Washington County,US.MN.WH,680,34,
Chatham County,US.NC.CH,677,27,
Muskegon County,US.MI.MG,675,37,
Olmsted County,US.MN.OL,672,11,
Champaign County,US.IL.CM,671,7,
Rock County,US.WI.RO,671,20,
Scott County,US.MS.SC,663,12,
Salem County,US.NJ.SA,659,46,
Cumberland County,US.PA.CU,657,54,
Kenton County,US.KY.KE,653,34,
Sarasota County,US.FL.SR,652,82,
Schuylkill County,US.PA.SC,651,37,
Williamson County,US.TX.WM,649,25,
Spokane County,US.WA.SP,648,34,
St. Charles Parish,US.LA.SC,647,45,
Berrien County,US.MI.BN,646,53,
Franklin County,US.WA.FR,642,20,
Morgan County,US.CO.MN,638,45,
Hidalgo County,US.TX.HG,634,11,
Cape May County,US.NJ.CP,630,50,
Colfax County,US.NE.CO,626,4,
Wapello County,US.IA.WP,625,14,
Logan County,US.CO.LO,624,4,
Calcasieu Parish,US.LA.CC,621,49,
Johnson County,US.IA.JH,618,8,
Platte County,US.NE.PL,617,1,
Sedgwick County,US.KS.SG,616,21,
Richmond County,US.GA.RI,614,27,
Madison County,US.IL.MD,612,65,
Bledsoe County,US.TN.BE,610,1,
Larimer County,US.CO.LR,610,27,
Eagle County,US.CO.EA,599,8,
Madison County,US.IN.MD,599,61,
Beaver County,US.PA.BA,598,74,
Jones County,US.TX.JN,596,0,
Forrest County,US.MS.FO,595,39,
Trumbull County,US.OH.TR,594,51,
Spotsylvania County,US.VA.SP,593,7,
Broome County,US.NY.BO,593,51,
Sonoma County,US.CA.SO,593,4,
Williamson County,US.TN.WL,589,11,
Jefferson County,US.TX.JE,585,29,
Franklin County,US.AL.FR,585,8,
Iberville Parish,US.LA.IV,584,42,
Sandoval County,US.NM.SD,578,27,
Douglas County,US.GA.DL,576,25,
DeSoto County,US.MS.DE,575,10,
Carroll County,US.GA.CL,575,28,
Berkshire County,US.MA.BE,568,40,
Webb County,US.TX.WB,565,19,
Solano County,US.CA.SN,565,22,
Muscatine County,US.IA.MU,565,41,
Lee County,US.AL.LE,562,34,
Porter County,US.IN.PR,558,30,
Rockingham County,US.VA.RG,555,6,
Chesapeake City,US.VA.CS,554,15,
Norfolk City,US.VA.NF,552,6,
Clark County,US.WA.CR,550,23,
Habersham County,US.GA.HB,547,25,
Crawford County,US.IA.CW,546,2,
St. Bernard Parish,US.LA.SE,546,22,
St. Mary's County,US.MD.SA,542,28,
Forsyth County,US.GA.FO,537,12,
Jefferson County,US.AR.JE,536,25,
St. Lucie County,US.FL.SL,535,31,
Colquitt County,US.GA.CQ,531,15,
Sampson County,US.NC.SP,531,4,
Dodge County,US.NE.DE,531,1,
Clark County,US.IN.CK,530,41,
Marin County,US.CA.MN,530,17,
Shelby County,US.AL.SH,528,19,
Chatham County,US.GA.CM,528,27,
Bartholomew County,US.IN.BA,527,39,
Putnam County,US.TN.PU,524,6,
Union County,US.NC.UN,523,20,
Robertson County,US.TN.RB,523,5,
Cabarrus County,US.NC.CR,521,23,
Johnston County,US.NC.JH,519,18,
Brazos County,US.TX.BZ,517,21,
Washington County,US.MD.WA,516,16,
Blaine County,US.ID.BL,514,5,
Cleveland County,US.OK.CV,514,37,
Davis County,US.UT.DA,513,2,
Seminole County,US.FL.SE,512,12,
Kandiyohi County,US.MN.KD,511,1,
Saline County,US.NE.SL,510,2,
Dona Ana County,US.NM.DO,509,3,
Bartow County,US.GA.BT,508,39,
Horry County,US.SC.HO,506,28,
Boone County,US.KY.BO,505,18,
Wilkes County,US.NC.WE,502,6,
Hendry County,US.FL.HR,501,17,
Titus County,US.TX.TU,500,2,
Washington County,US.RI.WA,499,40,
Bibb County,US.GA.BI,499,30,
Burke County,US.NC.BK,497,15,
Rensselaer County,US.NY.RE,495,26,
Sumter County,US.GA.SU,493,44,
Saratoga County,US.NY.SR,493,14,
Lee County,US.NC.LE,490,4,
Chittenden County,US.VT.CH,490,39,
Boone County,US.IL.BO,488,17,
Rice County,US.MN.RI,483,3,
Muhlenberg County,US.KY.MU,479,8,
Pike County,US.PA.PI,478,20,
Davidson County,US.NC.DD,477,12,
Charlotte County,US.FL.CH,476,68,
Monroe County,US.MI.MO,474,20,
Shenandoah County,US.VA.SN,470,22,
Buckingham County,US.VA.BK,469,3,
Acadia Parish,US.LA.AD,462,26,
Santa Cruz County,US.AZ.SA,462,0,
Tipton County,US.TN.TI,461,3,
Scott County,US.MN.SC,460,2,
Jackson County,US.MI.JA,459,28,
Coweta County,US.GA.CA,457,9,
Rankin County,US.MS.RA,456,9,
Westmoreland County,US.PA.WE,455,38,
Livingston Parish,US.LA.LV,453,31,
St. Clair County,US.MI.SA,453,43,
Leake County,US.MS.LK,452,12,
Washington Parish,US.LA.WO,451,41,
Wilson County,US.TN.WO,449,8,
Belmont County,US.OH.BE,447,15,
LaPorte County,US.IN.LA,446,24,
Skagit County,US.WA.SG,446,15,
DeKalb County,US.IL.DK,443,8,
Holmes County,US.MS.HO,443,30,
Clay County,US.MN.CA,441,29,
Howard County,US.IN.HO,440,36,
Bossier Parish,US.LA.BO,438,25,
Twin Falls County,US.ID.TW,435,23,
Knox County,US.TN.KN,435,5,
Tallapoosa County,US.AL.TP,434,66,
York County,US.SC.YO,433,10,
Whitfield County,US.GA.WF,432,7,
Leon County,US.FL.LO,432,7,
Brevard County,US.FL.BE,431,13,
Tippecanoe County,US.IN.TP,429,4,
Mohave County,US.AZ.MO,428,49,
Crittenden County,US.AR.CD,426,9,
Lyon County,US.KS.LY,425,5,
Honolulu County,US.HI.HO,424,11,
Walworth County,US.WI.WL,424,17,
Bell County,US.TX.BL,423,5,
Butler County,US.AL.BT,421,18,
Iberia Parish,US.LA.II,419,38,
Summit County,US.UT.SU,419,0,
Mitchell County,US.GA.MT,416,33,
Sumter County,US.SC.SU,414,19,
Washington County,US.UT.WN,410,1,
Tama County,US.IA.TM,410,28,
Beaufort County,US.SC.BA,406,14,
Mower County,US.MN.MW,406,2,
Pasco County,US.FL.PS,405,15,
Livingston County,US.MI.LI,405,26,
Whatcom County,US.WA.WA,404,37,
Wilson County,US.NC.WO,403,10,
York County,US.ME.YO,401,10,
Columbia County,US.NY.CU,400,41,
Jackson County,US.IN.JC,399,2,
Calhoun County,US.MI.CU,398,23,
Warren County,US.OH.WR,398,20,
Alamance County,US.NC.AA,398,20,
Windham County,US.CT.WI,397,14,
Shelby County,US.IN.SH,397,22,
Clay County,US.FL.CY,393,32,
Houston County,US.GA.HO,392,19,
Troup County,US.GA.TP,391,11,
Delaware County,US.IN.DL,389,40,
Cecil County,US.MD.CE,388,24,
Newton County,US.GA.NE,387,10,
Alachua County,US.FL.AL,387,8,
Dodge County,US.WI.DD,386,3,
Walker County,US.AL.WK,386,2,
Hays County,US.TX.HY,385,5,
Frederick County,US.VA.FK,384,4,
Baldwin County,US.GA.BD,381,27,
Scott County,US.IA.SC,380,10,
Franklin Parish,US.LA.FR,378,12,
Medina County,US.OH.MD,376,24,
Lowndes County,US.GA.LW,375,4,
Buncombe County,US.NC.BO,374,29,
Elmore County,US.AL.EL,374,9,
Orange County,US.NC.OR,370,40,
Tuscarawas County,US.OH.TU,367,4,
Miami County,US.OH.MM,366,30,
Jefferson County,US.MO.JE,361,17,
Lee County,US.GA.LE,361,22,
Chambers County,US.AL.CM,360,26,
Merrimack County,US.NH.ME,359,16,
Sangamon County,US.IL.SM,359,29,
Delaware County,US.OH.DL,355,14,
Grayson County,US.TX.GO,355,2,
Dubuque County,US.IA.DU,354,21,
Madison County,US.AL.MD,353,4,
Henderson County,US.NC.HN,353,46,
Calvert County,US.MD.CL,352,20,
Columbia County,US.PA.CO,352,31,
Hancock County,US.IN.HC,351,27,
Kershaw County,US.SC.KE,351,14,
Columbus County,US.NC.CM,349,27,
Thomas County,US.GA.TH,349,32,
Louisa County,US.IA.LO,349,11,
Ashtabula County,US.OH.AB,347,38,
Vance County,US.NC.VA,344,25,
Paulding County,US.GA.PA,344,11,
Beadle County,US.SD.BA,341,5,
Manassas Park city,US.VA.MP,339,5,
Barrow County,US.GA.BW,339,20,
Wright County,US.MN.WR,339,2,
Washington County,US.OK.WN,338,36,
Ellis County,US.TX.EI,338,15,
Franklin County,US.MA.FR,337,47,
Daviess County,US.KY.DA,337,6,
Todd County,US.MN.TO,336,1,
Grand Forks County,US.ND.GD,336,3,
Hanover County,US.VA.HV,336,24,
Shawnee County,US.KS.SN,336,7,
Androscoggin County,US.ME.AN,334,2,
Fauquier County,US.VA.FQ,334,6,
Clackamas County,US.OR.CC,333,12,
Portage County,US.OH.PO,333,57,
Union Parish,US.LA.UN,333,19,
Berkeley County,US.WV.BE,332,7,
St. Mary Parish,US.LA.SM,331,32,
Cache County,US.UT.CA,329,1,
Copiah County,US.MS.CP,329,4,
Erie County,US.PA.ER,327,5,
Bay County,US.MI.BY,326,24,
Pitt County,US.NC.PI,326,2,
Portsmouth City,US.VA.PR,325,11,
Boone County,US.IN.BO,324,35,
Weber County,US.UT.WB,323,7,
Canyon County,US.ID.CN,322,6,
Granville County,US.NC.GN,321,12,
Madison County,US.NE.MA,320,4,
Lake County,US.OH.LK,320,12,
Suffolk City,US.VA.SO,320,33,
Merced County,US.CA.MD,320,7,
Floyd County,US.IN.FL,319,40,
Madison County,US.NY.MA,319,8,
Fairfield County,US.OH.FI,314,8,
Jackson County,US.MS.JC,314,15,
Wasatch County,US.UT.WA,313,1,
Clark County,US.OH.CK,313,7,
Darlington County,US.SC.DA,313,11,
Lake County,US.FL.LK,313,15,
San Juan County,US.UT.SJ,312,5,
Attala County,US.MS.AT,311,18,
Harnett County,US.NC.HT,309,28,
Winnebago County,US.WI.WA,309,7,
Yavapai County,US.AZ.YA,307,6,
Clarke County,US.GA.CK,307,15,
Pottawattamie County,US.IA.PT,307,10,
Wood County,US.OH.WO,304,49,
St. James Parish,US.LA.SJ,303,27,
Rockdale County,US.GA.RO,303,8,
Morgan County,US.AL.MG,302,1,
Pueblo County,US.CO.PU,302,18,
Clarendon County,US.SC.CN,301,39,
Gaston County,US.NC.GS,301,8,
Geauga County,US.OH.GE,300,34,
Newport News City,US.VA.NN,299,10,
Floyd County,US.GA.FL,298,15,
Nacogdoches County,US.TX.NC,298,21,
Sevier County,US.AR.SV,297,2,
Bedford County,US.TN.BD,297,4,
Bowie County,US.TX.BW,296,6,
Jackson County,US.IL.JC,296,10,
Yazoo County,US.MS.YZ,296,4,
Comanche County,US.OK.CM,293,3,
Wayne County,US.OH.WE,293,51,
Walton County,US.GA.WA,293,15,
Baldwin County,US.AL.BD,293,9,
Sioux County,US.IA.SI,293,0,
Dallas County,US.AL.DL,292,3,
Coffee County,US.GA.CF,291,14,
Jackson County,US.FL.JA,290,1,
Brown County,US.SD.BW,290,1,
Upson County,US.GA.UP,289,35,
Coryell County,US.TX.CL,289,2,
Iredell County,US.NC.IR,289,5,
Vanderburgh County,US.IN.VA,289,2,
San Luis Obispo County,US.CA.SS,288,1,
Newton County,US.MS.NW,288,4,
Gadsden County,US.FL.GA,288,3,
Spalding County,US.GA.SD,288,20,
Fremont County,US.WY.FR,287,8,
Richmond County,US.VA.RI,287,4,
Peoria County,US.IL.PI,286,11,
Montgomery County,US.TN.MT,286,3,
Nueces County,US.TX.NU,285,3,
Morgan County,US.IN.MG,284,26,
St. Martin Parish,US.LA.SR,281,23,
Lincoln County,US.MS.LI,280,31,
Tift County,US.GA.TI,279,18,
Leflore County,US.MS.LL,277,36,
Strafford County,US.NH.ST,277,13,
Pennington County,US.SD.PN,275,5,
Adams County,US.NE.AD,275,10,
Oktibbeha County,US.MS.OK,273,14,
Randolph County,US.IL.RA,273,4,
St. Landry Parish,US.LA.SL,272,54,
Monroe County,US.MS.MR,269,25,
Noble County,US.IN.NO,268,21,
Saline County,US.MO.SI,268,2,
Columbia County,US.GA.CI,268,8,
Caroline County,US.MD.CO,268,1,
Harrison County,US.MS.HR,268,7,
St. Johns County,US.FL.SJ,267,6,
Jasper County,US.IA.JS,267,17,
Licking County,US.OH.LI,267,10,
Washington County,US.WI.WN,266,9,
Craighead County,US.AR.CG,266,0,
Lowndes County,US.AL.LO,265,12,
Etowah County,US.AL.ET,263,12,
Adams County,US.PA.AD,263,8,
Wayne County,US.MS.WY,262,3,
Anderson County,US.SC.AN,261,9,
Marion County,US.FL.MI,261,7,
De Soto Parish,US.LA.DE,260,17,
Sumter County,US.FL.SM,260,17,
Placer County,US.CA.PA,259,9,
Hoke County,US.NC.HO,259,1,
Catawba County,US.NC.CB,258,7,
Municipality of Anchorage,US.AK.AN,258,4,
DeKalb County,US.AL.DA,257,3,
Warren County,US.NY.WR,256,30,
Santa Rosa County,US.FL.SA,255,9,
Harrison County,US.TX.HR,255,22,
Chelan County,US.WA.CH,255,6,
Hamilton County,US.FL.HM,255,0,
Berkeley County,US.SC.BK,253,17,
Assumption Parish,US.LA.AS,252,13,
Surry County,US.NC.SU,251,2,
Broomfield County and City,US.CO.BR,251,27,
Lamar County,US.MS.LM,250,5,
Gregg County,US.TX.GE,249,9,
Sherburne County,US.MN.SH,248,2,
Montgomery County,US.IN.MM,248,17,
Williamsburg County,US.SC.WI,248,14,
Orleans County,US.NY.OL,247,42,
Early County,US.GA.EA,247,31,
Northampton County,US.VA.NA,247,25,
Lowndes County,US.MS.LO,247,9,
Outagamie County,US.WI.OU,246,8,
Clinton County,US.IN.CI,246,1,
Carbon County,US.PA.CB,245,24,
Steuben County,US.NY.ST,245,29,
Newport County,US.RI.NE,244,1,
Lincoln County,US.SD.LI,243,0,
Fayette County,US.GA.FY,243,14,
Taylor County,US.TX.TA,242,5,
Autauga County,US.AL.AU,241,5,
Greene County,US.NY.GR,241,13,
Butts County,US.GA.BU,241,23,
Okaloosa County,US.FL.OA,241,6,
Moore County,US.NC.ME,241,10,
Bastrop County,US.TX.BP,240,3,
Kaufman County,US.TX.KU,240,2,
Butler County,US.PA.BT,239,12,
Coffee County,US.AL.CF,239,1,
Ware County,US.GA.WE,239,14,
Summit County,US.CO.SU,239,2,
Shiawassee County,US.MI.SH,239,26,
White County,US.IN.WH,238,9,
Washington County,US.NY.WS,238,14,
Crisp County,US.GA.CP,238,8,
Butler County,US.KY.BR,235,13,
Huntingdon County,US.PA.HU,234,3,
Angelina County,US.TX.AG,232,5,
Carver County,US.MN.CV,232,1,
Page County,US.VA.PA,231,24,
Decatur County,US.IN.DC,231,31,
Kanawha County,US.WV.KA,230,19,
Sumter County,US.AL.SU,228,7,
Worth County,US.GA.WO,228,21,
Orangeburg County,US.SC.OR,227,3,
Grimes County,US.TX.GM,226,1,
Houston County,US.AL.HO,226,5,
Lee County,US.SC.LE,225,17,
Fond du Lac County,US.WI.FN,225,5,
Grant County,US.IN.GA,225,23,
McLean County,US.IL.ML,224,13,
Bristol County,US.RI.BR,224,3,
Hopkins County,US.KY.HO,224,31,
Allegan County,US.MI.AL,223,6,
Mercer County,US.OH.MC,223,8,
Worcester County,US.MD.WO,223,14,
Chesterfield County,US.SC.CF,221,4,
Ogle County,US.IL.OG,221,3,
New Hanover County,US.NC.NE,220,5,
Lenoir County,US.NC.LN,220,7,
Allen County,US.OH.AN,219,33,
Santa Cruz County,US.CA.SZ,219,2,
Mecklenburg County,US.VA.ME,219,23,
Ontario County,US.NY.OR,218,21,
DeSoto County,US.FL.DE,218,7,
Jackson County,US.GA.JC,218,7,
Nash County,US.NC.NA,218,4,
Clermont County,US.OH.CE,218,5,
Liberty County,US.FL.LI,218,1,
Plaquemines Parish,US.LA.PL,217,17,
Bullock County,US.AL.BL,217,6,
Warren County,US.VA.WR,217,3,
Terrell County,US.GA.TL,217,26,
Rhea County,US.TN.RH,216,0,
West Feliciana Parish,US.LA.WF,216,13,
Richland County,US.OH.RI,216,4,
Yolo County,US.CA.YO,216,24,
Craven County,US.NC.CN,216,5,
Winchester city,US.VA.WH,215,2,
Smith County,US.TX.SM,215,4,
Fulton County,US.NY.FU,215,22,
Hampton city,US.VA.HM,214,4,
Edgecombe County,US.NC.ED,214,9,
Albemarle County,US.VA.AB,213,8,
Greensville County,US.VA.GS,213,7,
Shelby County,US.TX.SY,213,8,
Wright County,US.IA.WG,212,0,
Grant County,US.WA.GN,212,4,
Pike County,US.AL.PK,212,0,
Pearl River County,US.MS.PL,212,31,
James City County,US.VA.JA,211,15,
Dubois County,US.IN.DU,209,3,
Stephenson County,US.IL.SN,209,5,
Aiken County,US.SC.AI,207,8,
St. Lawrence County,US.NY.SI,207,2,
Pointe Coupee Parish,US.LA.PO,207,25,
Decatur County,US.GA.DC,206,6,
Washington County,US.TX.WH,206,25,
Genesee County,US.NY.GE,205,5,
Pike County,US.MS.PI,204,11,
Yadkin County,US.NC.YD,203,3,
Adams County,US.MS.AD,203,16,
Hardeman County,US.TN.HA,202,0,
Jefferson County,US.WV.JE,202,1,
Northumberland County,US.PA.NU,201,3,
East Feliciana Parish,US.LA.EF,199,30,
Macon County,US.IL.MC,199,20,
Washington County,US.MS.WS,198,7,
Warren County,US.MS.WR,196,10,
Hancock County,US.GA.HC,196,25,
Harrison County,US.IN.HI,195,22,
Washington County,US.IA.WS,195,8,
Lee County,US.MS.LE,194,8,
Campbell County,US.KY.CM,194,12,
Halifax County,US.NC.HL,194,1,
Fairfield County,US.SC.FA,194,17,
Flagler County,US.FL.FL,193,4,
Noxubee County,US.MS.NO,193,6,
Yell County,US.AR.YE,192,2,
Eaton County,US.MI.EA,192,6,
Lapeer County,US.MI.LP,192,30,
Jerome County,US.ID.JR,191,2,
Gordon County,US.GA.GO,191,16,
Colbert County,US.AL.CL,190,2,
Clinton County,US.IL.CN,189,16,
Darke County,US.OH.DA,189,23,
Marlboro County,US.SC.ML,189,3,
Rutherford County,US.NC.RU,188,5,
Tuscola County,US.MI.TU,188,25,
Laramie County,US.WY.LA,188,2,
Panola County,US.TX.PN,187,17,
Dooly County,US.GA.DO,186,12,
Allen Parish,US.LA.AL,186,10,
Hale County,US.AL.HA,185,9,
Henry County,US.IN.HY,184,12,
Erie County,US.OH.ER,184,16,
Shelby County,US.KY.SH,184,5,
Lancaster County,US.SC.LN,182,6,
Benton County,US.MN.BN,182,3,
Allegany County,US.MD.AL,182,16,
Montrose County,US.CO.MO,182,12,
Randolph County,US.GA.RN,181,19,
Russell County,US.AL.RU,181,0,
Island County,US.WA.IS,181,11,
Clay County,US.MO.CY,181,3,
West Baton Rouge Parish,US.LA.WB,180,30,
Kent County,US.MD.KE,180,19,
Pickens County,US.SC.PI,180,4,
Walker County,US.GA.WK,180,0,
East Carroll Parish,US.LA.EC,179,0,
Covington County,US.MS.CV,179,2,
Union County,US.AR.UN,179,11,
Kosciusko County,US.IN.KO,179,2,
Vigo County,US.IN.VI,178,8,
Winn Parish,US.LA.WI,178,2,
Pope County,US.AR.PP,178,2,
Gunnison County,US.CO.GU,178,6,
Marshall County,US.IN.MS,178,2,
Johnson County,US.TX.JH,178,4,
Fredericksburg City,US.VA.FB,178,0,
Barbour County,US.AL.BR,177,1,
Appling County,US.GA.AP,176,13,
Dorchester County,US.SC.DO,176,3,
Roanoke city,US.VA.RO,176,9,
Rockwall County,US.TX.RC,176,11,
Ector County,US.TX.EC,175,5,
Marengo County,US.AL.ME,175,6,
Dillon County,US.SC.DI,174,3,
Ozaukee County,US.WI.OZ,174,13,
Madison County,US.TN.MD,173,2,
Sussex County,US.VA.SS,173,2,
Natchitoches Parish,US.LA.NA,173,13,
Douglas County,US.WA.DO,173,3,
Suwannee County,US.FL.SW,172,18,
Caldwell County,US.NC.CL,172,3,
Greene County,US.IN.GE,172,25,
Lauderdale County,US.AL.LU,172,2,
Richmond County,US.NC.RI,171,3,
Webster Parish,US.LA.WR,171,7,
Buffalo County,US.NE.BF,171,1,
Hillsdale County,US.MI.HI,170,24,
Monroe County,US.IN.MR,170,12,
Dearborn County,US.IN.DR,170,22,
Chattahoochee County,US.GA.CH,170,0,
Union County,US.IL.UN,170,14,
Franklin County,US.NC.FR,169,21,
Bolivar County,US.MS.BO,169,11,
Caddo County,US.OK.CD,168,10,
Lawrence County,US.IN.LW,167,24,
Victoria County,US.TX.VI,167,7,
Steele County,US.MN.SE,167,0,
Calhoun County,US.AL.CN,167,3,
Jasper County,US.MS.JS,167,4,
Warrick County,US.IN.WI,167,29,
Bradley County,US.TN.BR,166,1,
Graves County,US.KY.GV,166,19,
Macon County,US.TN.MC,166,3,
Lycoming County,US.PA.LY,166,17,
Deaf Smith County,US.TX.DI,166,13,
Putnam County,US.FL.PU,165,6,
Tompkins County,US.NY.TO,165,0,
Madison County,US.OH.MO,163,7,
Lincoln Parish,US.LA.LN,163,16,
Boone County,US.MO.BO,163,1,
Gallatin County,US.MT.GL,163,1,
Kitsap County,US.WA.KS,163,2,
Warren County,US.IA.WR,162,0,
Loudon County,US.TN.LO,161,0,
Queen Anne's County,US.MD.QU,161,12,
Columbia County,US.FL.CU,160,2,
Greene County,US.MO.GE,160,8,
Gilmer County,US.GA.GI,159,1,
Greenwood County,US.SC.GW,159,2,
LaSalle County,US.IL.LA,159,16,
Logan County,US.KY.LO,158,4,
Wilcox County,US.AL.WC,157,7,
Garfield County,US.CO.GA,157,2,
Clarke County,US.MS.CE,156,19,
Kemper County,US.MS.KE,155,11,
Smith County,US.MS.SM,155,11,
Lenawee County,US.MI.LN,155,5,
Thurston County,US.WA.TH,154,2,
Ionia County,US.MI.II,154,4,
Centre County,US.PA.CT,154,6,
Lafayette County,US.MS.LY,154,4,
Choctaw County,US.AL.CC,153,10,
Northampton County,US.NC.NO,153,14,
Henry County,US.VA.HY,152,3,
Lamar County,US.TX.LR,152,11,
Cullman County,US.AL.CU,152,1,
Petersburg city,US.VA.PB,152,3,
Dorchester County,US.MD.DO,152,3,
Wagoner County,US.OK.WG,151,17,
Ohio County,US.KY.OH,150,0,
Van Buren County,US.MI.VA,150,6,
Santa Fe County,US.NM.ST,150,3,
Southampton County,US.VA.SA,150,2,
Clarke County,US.AL.CK,149,2,
Avoyelles Parish,US.LA.AV,149,9,
Bienville Parish,US.LA.BI,149,23,
Franklin County,US.MO.FR,149,17,
Cibola County,US.NM.CI,148,6,
Saluda County,US.SC.SA,148,1,
Blue Earth County,US.MN.BE,148,0,
Whiteside County,US.IL.WD,147,13,
Prince Edward County,US.VA.PD,146,2,
Catoosa County,US.GA.CS,146,0,
McMinn County,US.TN.MM,146,14,
Plymouth County,US.IA.PM,146,2,
Houston County,US.TX.HS,145,0,
Miami County,US.IN.MI,144,1,
Indian River County,US.FL.IN,144,10,
Gonzales County,US.TX.GA,144,3,
Richland Parish,US.LA.RI,144,3,
Stephens County,US.GA.SE,143,3,
Freeborn County,US.MN.FR,142,0,
Guadalupe County,US.TX.GU,142,0,
Prince George County,US.VA.PG,142,0,
Montgomery County,US.NC.MO,142,4,
Clinton County,US.MI.CN,142,11,
Hardin County,US.TX.HN,142,5,
Putnam County,US.IN.PT,142,7,
Madera County,US.CA.ME,141,3,
Midland County,US.TX.ID,141,13,
Washington County,US.PA.WS,140,6,
Chickasaw County,US.MS.CS,140,14,
Tooele County,US.UT.TE,140,0,
Galax city,US.VA.GA,140,1,
Glynn County,US.GA.GY,139,2,
Garland County,US.AR.GL,138,1,
Bacon County,US.GA.BC,138,3,
Calhoun County,US.GA.CU,138,5,
Highlands County,US.FL.HG,138,9,
Jackson County,US.WV.JA,138,18,
Canadian County,US.OK.CN,137,3,
Chemung County,US.NY.CM,137,3,
Polk County,US.GA.PO,137,1,
Turner County,US.GA.TR,136,13,
Fayette County,US.TN.FA,136,2,
Cheatham County,US.TN.CA,135,0,
St. Clair County,US.AL.SA,135,1,
Monongalia County,US.WV.MG,135,5,
Burleigh County,US.ND.BL,134,0,
Iroquois County,US.IL.IR,133,4,
Deschutes County,US.OR.DE,133,0,
Chenango County,US.NY.CH,133,5,
Isle of Wight County,US.VA.IS,133,3,
Tioga County,US.NY.TI,133,17,
St. Joseph County,US.MI.SJ,133,3,
Morehouse Parish,US.LA.MO,132,5,
Martin County,US.MN.MT,132,5,
Jennings County,US.IN.JN,132,4,
Randolph County,US.WV.RN,132,0,
Grayson County,US.KY.GY,132,10,
Franklin County,US.GA.FR,132,1,
Bladen County,US.NC.BL,132,2,
Charlottesville City,US.VA.CE,131,3,
Coahoma County,US.MS.CH,131,4,
Orange County,US.IN.OR,131,22,
Hertford County,US.NC.HD,130,3,
Echols County,US.GA.EC,130,0,
Coles County,US.IL.CE,129,17,
Maverick County,US.TX.MV,129,1,
Randolph County,US.AL.RA,128,7,
Kennebec County,US.ME.KE,128,9,
Bertie County,US.NC.BT,127,4,
Branch County,US.MI.BC,126,2,
Scott County,US.IN.SC,126,3,
Napa County,US.CA.NA,126,3,
Clay County,US.MS.CY,125,4,
Marion County,US.AL.MI,124,11,
Scotts Bluff County,US.NE.SC,124,0,
Umatilla County,US.OR.UM,124,3,
Dale County,US.AL.DE,124,0,
Winston County,US.MS.WN,124,1,
Susquehanna County,US.PA.SS,123,15,
Story County,US.IA.ST,123,1,
Burke County,US.GA.BE,123,6,
Oconee County,US.GA.OC,123,9,
McLennan County,US.TX.ML,123,4,
Monroe County,US.GA.MN,123,11,
Carroll County,US.VA.CL,122,1,
Citrus County,US.FL.CI,122,12,
Hernando County,US.FL.HA,122,5,
Augusta County,US.VA.AU,122,2,
Colleton County,US.SC.CT,122,14,
Linn County,US.OR.LN,121,9,
Wayne County,US.PA.WN,121,8,
Wayne County,US.NY.WN,121,2,
Harris County,US.GA.HI,120,6,
Saline County,US.AR.SL,120,1,
Dickson County,US.TN.DI,120,0,
Allamakee County,US.IA.AL,120,4,
Pickens County,US.AL.PC,120,5,
Walton County,US.FL.WL,120,9,
Livingston County,US.NY.LI,120,3,
Cumberland County,US.TN.CU,120,2,
Warren County,US.IL.WR,120,0,
Grady County,US.GA.GD,119,4,
Maui County,US.HI.MA,119,6,
Catahoula Parish,US.LA.CT,119,3,
Bullitt County,US.KY.BI,119,4,
Talladega County,US.AL.TD,119,5,
Carroll County,US.MS.CL,119,11,
Christian County,US.KY.CH,118,3,
Hardee County,US.FL.HD,118,0,
Crawford County,US.OH.CF,118,4,
St. Louis County,US.MN.ST,118,14,
Scott County,US.MO.ST,117,9,
Onslow County,US.NC.ON,117,2,
Henderson County,US.KY.HE,117,3,
Jackson Parish,US.LA.JA,117,15,
Washington County,US.OH.WS,117,19,
Wilcox County,US.GA.WC,116,13,
Eau Claire County,US.WI.EA,116,0,
LaGrange County,US.IN.LG,116,2,
Franklin County,US.IN.FR,116,8,
Marion County,US.MS.MI,116,9,
Madison Parish,US.LA.MA,116,2,
Jefferson County,US.WI.JE,116,3,
Claiborne County,US.MS.CB,115,5,
Brunswick County,US.NC.BS,115,3,
Orange County,US.VA.OR,115,1,
Pasquotank County,US.NC.PU,114,12,
Roanoke County,US.VA.RE,113,4,
Herkimer County,US.NY.HE,113,3,
Pierce County,US.GA.PR,112,4,
Oswego County,US.NY.OS,112,2,
Hardin County,US.KY.HN,111,2,
Dawson County,US.GA.DW,111,1,
Walla Walla County,US.WA.WL,111,2,
White County,US.GA.WH,111,3,
Bay County,US.FL.BY,111,4,
Comal County,US.TX.OM,111,7,
Newaygo County,US.MI.NE,111,0,
Monroe County,US.FL.MO,110,4,
La Paz County,US.AZ.LA,110,0,
Mercer County,US.PA.ME,110,6,
Ripley County,US.IN.RI,108,6,
Morrow County,US.OH.MW,108,1,
Laurens County,US.GA.LR,108,1,
Limestone County,US.AL.LI,108,0,
Faulkner County,US.AR.FA,108,3,
Grenada County,US.MS.GN,107,4,
Maury County,US.TN.MU,107,1,
Grundy County,US.IL.GU,107,2,
McClain County,US.OK.ML,107,3,
McCracken County,US.KY.MK,107,2,
Iron County,US.UT.RN,107,1,
Davie County,US.NC.DV,107,2,
Chilton County,US.AL.CI,107,1,
Lawrence County,US.MS.LW,107,1,
Talbot County,US.MD.TA,106,3,
Oldham County,US.KY.OL,105,5,
Cochise County,US.AZ.CH,105,4,
Greene County,US.OH.GR,105,5,
Yellowstone County,US.MT.YS,104,3,
Simpson County,US.MS.SI,104,0,
Cleveland County,US.NC.CV,104,2,
Grady County,US.OK.GD,104,3,
Ottawa County,US.OH.OT,104,17,
Yalobusha County,US.MS.YL,104,6,
Okeechobee County,US.FL.OE,104,0,
Macon County,US.GA.MC,104,6,
Humboldt County,US.CA.HU,104,4,
Wayne County,US.WV.WA,103,9,
Goochland County,US.VA.GO,103,6,
Hopewell city,US.VA.HW,103,2,
Pecos County,US.TX.PE,103,0,
Rockingham County,US.NC.RC,103,2,
San Benito County,US.CA.SI,102,2,
Otsego County,US.MI.OS,102,10,
El Dorado County,US.CA.EL,102,0,
Knox County,US.IL.KX,102,0,
Meriwether County,US.GA.MW,102,2,
Cassia County,US.ID.CS,102,1,
Audrain County,US.MO.AU,102,1,
Jefferson County,US.IL.JF,101,16,
Lumpkin County,US.GA.LP,101,1,
Murray County,US.GA.MA,101,1,
Osage County,US.OK.OS,101,8,
Gray County,US.TX.GY,101,2,
Jackson County,US.KS.JA,101,0,
Sheboygan County,US.WI.SE,101,3,
Penobscot County,US.ME.PE,100,2,
Teton County,US.WY.TE,100,1,
Orange County,US.TX.OR,100,2,
Polk County,US.OR.PO,100,12,
Delaware County,US.OK.DL,100,16,
St. Croix County,US.WI.SI,100,0,
Allen County,US.KY.AL,100,3,
Cass County,US.MO.CS,99,8,
Franklin County,US.VT.FR,99,5,
Daviess County,US.IN.DI,99,16,
Carson City,US.NV.CA,99,4,
Stoddard County,US.MO.SD,99,4,
Grant County,US.WI.GA,98,12,
Putnam County,US.GA.PT,98,9,
Monroe County,US.IL.MR,98,12,
Creek County,US.OK.CE,98,7,
Macon County,US.NC.MN,98,0,
Mahaska County,US.IA.MK,98,12,
Liberty County,US.TX.LT,97,3,
Colonial Heights city,US.VA.CH,97,17,
Adair County,US.KY.AD,97,19,
Sevier County,US.TN.SV,97,2,
Clinton County,US.NY.CL,97,4,
Alpena County,US.MI.AP,96,9,
Hunt County,US.TX.HT,96,4,
Stanly County,US.NC.SN,96,4,
Cayuga County,US.NY.CY,96,2,
Montgomery County,US.NY.MT,96,4,
Putnam County,US.OH.PU,95,14,
Chautauqua County,US.NY.CQ,95,3,
Juniata County,US.PA.JU,95,4,
Iosco County,US.MI.IC,95,9,
Greene County,US.AL.GR,95,4,
Fayette County,US.PA.FA,95,4,
Caswell County,US.NC.CS,94,1,
Carroll County,US.IN.CO,94,2,
Concordia Parish,US.LA.CR,94,5,
Oceana County,US.MI.OA,94,2,
Fluvanna County,US.VA.FV,94,6,
Chester County,US.SC.CR,93,1,
Adair County,US.OK.AD,93,4,
Macon County,US.AL.MC,93,4,
Blount County,US.TN.BO,93,3,
Pine County,US.MN.PN,93,0,
Union County,US.SD.UN,93,0,
Sunflower County,US.MS.SU,92,3,
Cattaraugus County,US.NY.CG,91,4,
Pender County,US.NC.PD,91,1,
McDonough County,US.IL.MU,91,13,
Indiana County,US.PA.IN,91,5,
Winston County,US.AL.WN,91,0,
Poweshiek County,US.IA.PW,91,8,
Tate County,US.MS.TT,91,1,
Choctaw County,US.OK.CA,90,1,
Hancock County,US.MS.HN,90,12,
Beauregard Parish,US.LA.BE,90,4,
Dinwiddie County,US.VA.DN,90,0,
Pemiscot County,US.MO.PM,90,5,
Scotland County,US.NC.SC,89,0,
Saguache County,US.CO.SG,89,1,
Itawamba County,US.MS.IT,89,7,
Union County,US.MS.UN,89,7,
Steuben County,US.IN.SE,88,2,
Nicollet County,US.MN.NI,88,11,
Kittitas County,US.WA.KT,88,0,
Lawrence County,US.AR.LW,87,9,
Lincoln County,US.NC.LI,87,0,
Banks County,US.GA.BS,87,0,
Marshall County,US.MS.MS,87,3,
Wyoming County,US.NY.WM,87,5,
Ben Hill County,US.GA.BL,86,1,
Emporia city,US.VA.EM,86,6,
Wayne County,US.IN.WY,86,6,
Fairbanks North Star Borough,US.AK.FA,85,2,
Liberty County,US.GA.LB,85,1,
Lincoln County,US.MO.LO,85,1,
Wichita County,US.TX.WC,85,2,
Cass County,US.MI.CS,85,3,
Camp County,US.TX.CP,85,0,
Wilkinson County,US.MS.WK,85,9,
Anderson County,US.TX.AE,85,0,
Sandusky County,US.OH.SA,85,12,
Webster County,US.MS.WE,84,4,
Montgomery County,US.MS.MT,84,1,
Jefferson Davis Parish,US.LA.JD,84,7,
Panola County,US.MS.PA,84,3,
Louisa County,US.VA.LI,84,1,
Greene County,US.NC.GE,84,2,
Alamosa County,US.CO.AL,84,2,
Nez Perce County,US.ID.NE,83,19,
Jackson County,US.AL.JA,83,3,
Rogers County,US.OK.RS,83,5,
La Plata County,US.CO.LA,82,1,
Midland County,US.MI.MD,82,8,
Jefferson Davis County,US.MS.JD,82,3,
Lee County,US.IL.LE,82,1,
Montgomery County,US.VA.MO,82,1,
Lawrence County,US.PA.LW,82,8,
Nassau County,US.FL.NA,82,1,
Henry County,US.AL.HE,82,2,
Covington County,US.AL.CV,82,1,
Delaware County,US.NY.DE,82,2,
Sauk County,US.WI.SU,81,3,
Parker County,US.TX.PR,81,1,
Hawaii County,US.HI.HA,81,0,
Evangeline Parish,US.LA.EV,81,1,
Lyon County,US.MN.LY,81,1,
Windham County,US.VT.WH,81,3,
Monroe County,US.OH.ME,80,15,
Lafayette County,US.MO.LF,80,1,
Lynchburg city,US.VA.LY,80,1,
Lane County,US.OR.LE,80,3,
Wabash County,US.IN.WB,80,2,
Westmoreland County,US.VA.WM,80,1,
Winona County,US.MN.WN,80,15,
Valencia County,US.NM.VA,80,2,
Mississippi County,US.AR.MS,79,2,
Calumet County,US.WI.CA,79,1,
Fayette County,US.IN.FA,79,7,
Cottonwood County,US.MN.CT,79,0,
Stokes County,US.NC.SO,79,0,
Natrona County,US.WY.NA,79,1,
Georgetown County,US.SC.GR,79,3,
Newton County,US.IN.NE,78,10,
Tazewell County,US.IL.TA,78,5,
Isabella County,US.MI.IB,78,7,
Watonwan County,US.MN.WT,78,0,
Humboldt County,US.NV.HU,78,4,
Crenshaw County,US.AL.CA,78,3,
Pettis County,US.MO.PS,78,1,
Coffee County,US.TN.CF,78,0,
McDowell County,US.NC.MW,77,1,
Johnson County,US.GA.JH,77,2,
McCurtain County,US.OK.MU,77,1,
Crow Wing County,US.MN.CW,77,4,
Auglaize County,US.OH.AU,77,3,
Elbert County,US.GA.EL,77,0,
York County,US.VA.YO,77,3,
Cape Girardeau County,US.MO.CG,77,2,
Effingham County,US.GA.EF,77,1,
Adams County,US.WA.AD,77,0,
Kootenai County,US.ID.KO,77,0,
Bulloch County,US.GA.BH,77,2,
Bryan County,US.GA.BY,77,5,
Johnson County,US.MO.JO,77,0,
Laurens County,US.SC.LU,76,4,
Tippah County,US.MS.TP,76,11,
Bibb County,US.AL.BI,76,1,
Gratiot County,US.MI.GT,76,11,
Somerset County,US.MD.SO,76,3,
Peach County,US.GA.PH,76,4,
Medina County,US.TX.ME,76,2,
Caroline County,US.VA.CI,76,3,
Red River County,US.TX.RV,76,8,
Brooks County,US.GA.BO,76,8,
Cowlitz County,US.WA.CW,76,0,
Chaffee County,US.CO.CA,76,19,
Washington County,US.TN.WI,75,0,
Grafton County,US.NH.GR,75,1,
Carlton County,US.MN.CL,75,0,
Lamar County,US.GA.LM,75,3,
Escambia County,US.AL.ES,75,3,
Yamhill County,US.OR.YA,75,7,
Jefferson County,US.NY.JE,74,0,
Marion County,US.SC.MI,74,5,
Greene County,US.GA.GE,74,7,
Cleburne County,US.AR.CB,74,4,
Williamson County,US.IL.WS,74,3,
Platte County,US.MO.PT,74,2,
Washington County,US.GA.WG,74,1,
Washington County,US.FL.WS,74,4,
Martin County,US.NC.MR,73,4,
Washington County,US.AL.WS,73,6,
Cass County,US.IL.CS,73,0,
Ross County,US.OH.RO,73,2,
Otsego County,US.NY.OO,73,4,
Jasper County,US.IN.JS,73,1,
Otter Tail County,US.MN.OT,73,0,
Caldwell County,US.TX.CW,73,0,
McDuffie County,US.GA.MU,72,5,
Delta County,US.CO.DT,72,1,
King George County,US.VA.KG,72,4,
Henry County,US.IA.HE,72,2,
Warren County,US.NC.WR,72,2,
Hardin County,US.OH.HD,71,0,
Monroe County,US.TN.MR,71,3,
Parmer County,US.TX.PM,71,0,
Goodhue County,US.MN.GO,71,5,
Wilkinson County,US.GA.WI,71,7,
Boone County,US.IA.BO,71,0,
Wharton County,US.TX.WN,70,1,
Green County,US.WI.GN,70,0,
Glades County,US.FL.GL,70,1,
Henry County,US.IL.HY,70,0,
Hocking County,US.OH.HC,70,5,
Chambers County,US.TX.CH,70,0,
Bremer County,US.IA.BR,70,6,
Cabell County,US.WV.CB,69,0,
Madison County,US.FL.MD,69,3,
Tom Green County,US.TX.TG,69,1,
Jackson County,US.OR.JA,69,0,
Matagorda County,US.TX.MD,69,5,
Montcalm County,US.MI.MC,69,1,
Franklin County,US.KY.FR,68,1,
Anson County,US.NC.AN,68,1,
West Carroll Parish,US.LA.WC,68,0,
Camden County,US.GA.CD,68,1,
Fairfax city,US.VA.FC,67,5,
Lyon County,US.NV.LY,67,1,
Newberry County,US.SC.NE,67,1,
Jefferson County,US.OH.JE,67,2,
Calhoun County,US.MS.CN,67,4,
Jessamine County,US.KY.JS,67,0,
Douglas County,US.KS.DG,67,0,
Riley County,US.KS.RL,66,1,
Des Moines County,US.IA.DS,66,1,
Greer County,US.OK.GE,66,7,
Greene County,US.AR.GE,66,0,
Claiborne Parish,US.LA.CI,66,10,
Clarke County,US.IA.CK,66,0,
Minidoka County,US.ID.MI,66,0,
Barry County,US.MI.BR,65,2,
Bennington County,US.VT.BE,65,1,
Union County,US.PA.UN,65,1,
Caldwell Parish,US.LA.CW,65,1,
Henderson County,US.TX.HD,65,3,
Clinton County,US.IA.CN,65,1,
Clinch County,US.GA.CC,65,2,
Amite County,US.MS.AM,65,1,
Perry County,US.MO.PR,65,0,
Crowley County,US.CO.CR,64,1,
Addison County,US.VT.AD,64,2,
Belknap County,US.NH.BE,64,0,
Armstrong County,US.PA.AR,64,5,
Waller County,US.TX.WR,64,0,
Oglethorpe County,US.GA.OG,64,7,
La Crosse County,US.WI.LA,64,0,
Chisago County,US.MN.CG,64,1,
Walthall County,US.MS.WT,64,0,
Nye County,US.NV.NY,64,2,
Perry County,US.PA.PE,64,3,
Wayne County,US.TN.WY,64,0,
Blount County,US.AL.BU,63,1,
Kenai Peninsula Borough,US.AK.KN,63,2,
Gibson County,US.TN.GB,63,1,
Bedford County,US.VA.BF,63,2,
Pottawatomie County,US.OK.PT,63,4,
Humphreys County,US.MS.HU,63,7,
Sullivan County,US.MO.SV,63,0,
Stark County,US.ND.SR,62,2,
Routt County,US.CO.RT,62,6,
Sebastian County,US.AR.SB,62,1,
Madison County,US.GA.MD,62,1,
Adair County,US.MO.AD,62,0,
Calhoun County,US.FL.CA,62,4,
Webster County,US.IA.WE,61,1,
Navarro County,US.TX.NV,61,2,
Jackson County,US.KY.JA,61,13,
Taylor County,US.IA.TY,61,0,
Huron County,US.OH.HU,61,1,
Toombs County,US.GA.TM,61,4,
Polk County,US.MN.PL,61,2,
Mississippi County,US.MO.MI,61,0,
Seneca County,US.NY.SC,60,1,
Sullivan County,US.TN.SL,60,2,
Hale County,US.TX.HE,60,4,
Pulaski County,US.KY.PU,60,2,
Polk County,US.TX.PK,60,0,
Hamilton County,US.IA.HM,60,0,
Clinton County,US.PA.CN,60,3,
Brantley County,US.GA.BA,60,2,
Morton County,US.ND.MR,60,2,
Cross County,US.AR.CO,60,0,
Butte County,US.CA.BU,60,1,
Muskogee County,US.OK.MO,60,6,
Brown County,US.TX.BN,59,10,
Bonneville County,US.ID.BV,59,0,
Crawford County,US.MI.CF,59,5,
Lauderdale County,US.TN.LU,59,1,
Pitkin County,US.CO.PI,59,2,
Pike County,US.GA.PK,59,3,
Rusk County,US.TX.RK,59,2,
Mesa County,US.CO.ME,59,0,
Cambria County,US.PA.CI,59,2,
Marion County,US.GA.MR,59,2,
Mifflin County,US.PA.MI,59,1,
Vermilion Parish,US.LA.VM,59,4,
Hickman County,US.TN.HN,58,0,
Chippewa County,US.WI.CH,58,0,
Danville City,US.VA.DA,58,2,
Dyer County,US.TN.DY,57,0,
Cheshire County,US.NH.CH,57,2,
Kay County,US.OK.KA,57,7,
Cole County,US.MO.CE,57,1,
Edmonson County,US.KY.ED,57,11,
Pulaski County,US.IL.PL,57,0,
Tunica County,US.MS.TU,57,3,
Curry County,US.NM.CU,57,0,
Madison County,US.KY.MD,57,1,
Benton County,US.OR.BE,57,5,
Screven County,US.GA.SR,56,3,
Marquette County,US.MI.MQ,56,11,
Lonoke County,US.AR.LO,56,0,
Itasca County,US.MN.IT,56,10,
Rutland County,US.VT.RU,56,1,
Williams County,US.OH.WI,56,1,
La Salle Parish,US.LA.LA,56,0,
Dixie County,US.FL.DI,56,2,
Union County,US.OH.UN,55,1,
Atkinson County,US.GA.AT,55,2,
Hamilton County,US.NE.HM,55,11,
Marathon County,US.WI.MH,55,1,
Haywood County,US.NC.HW,55,0,
Berrien County,US.GA.BN,55,0,
Person County,US.NC.PN,55,1,
Franklin County,US.TN.FR,54,1,
Guthrie County,US.IA.GH,54,3,
Johnson County,US.AR.JO,54,0,
Jay County,US.IN.JY,54,0,
Stewart County,US.GA.SW,54,1,
Oconee County,US.SC.OC,54,0,
Holmes County,US.OH.HL,54,3,
Simpson County,US.KY.SI,54,3,
Socorro County,US.NM.SO,54,5,
Muskingum County,US.OH.MU,54,1,
Montour County,US.PA.MO,53,0,
Dodge County,US.MN.DD,53,0,
Elbert County,US.CO.EB,53,2,
Edgefield County,US.SC.ED,53,2,
Shawano County,US.WI.SA,53,0,
Calloway County,US.KY.CW,53,1,
Cass County,US.NE.CS,53,0,
Clark County,US.KY.CK,53,0,
Clay County,US.IN.CY,53,3,
Prentiss County,US.MS.PN,53,3,
Hancock County,US.OH.HN,53,1,
Washington County,US.VA.WG,53,4,
Wood County,US.WV.WO,53,2,
Gooding County,US.ID.GO,53,0,
Greene County,US.TN.GE,52,2,
Staunton city,US.VA.SU,52,0,
Okanogan County,US.WA.OK,52,1,
Chippewa County,US.MN.CP,52,1,
Windsor County,US.VT.WS,52,2,
Dodge County,US.GA.DG,52,2,
St. Helena Parish,US.LA.SH,52,1,
Fayette County,US.WV.FA,52,4,
Rio Arriba County,US.NM.RI,52,1,
Falls Church city,US.VA.FU,52,5,
Blair County,US.PA.BL,52,1,
Essex County,US.VA.ES,52,0,
Randolph County,US.IN.RA,52,3,
Red River Parish,US.LA.RE,51,7,
Lawrence County,US.AL.LW,51,0,
Carter County,US.OK.CR,51,1,
Waldo County,US.ME.WL,51,14,
Snyder County,US.PA.SN,51,1,
Bradford County,US.FL.BA,51,2,
Reno County,US.KS.RN,51,0,
Schoharie County,US.NY.SO,51,2,
Sutter County,US.CA.SU,51,2,
Haralson County,US.GA.HS,51,4,
Ochiltree County,US.TX.OC,51,2,
Yankton County,US.SD.YA,51,0,
Marion County,US.IL.MO,51,0,
Perry County,US.MS.PY,51,3,
Marion County,US.WV.MI,51,2,
Barren County,US.KY.BN,50,1,
Barnwell County,US.SC.BN,50,1,
Wise County,US.TX.WE,50,3,
Pulaski County,US.IN.PL,50,0,
Coffey County,US.KS.CF,50,8,
Choctaw County,US.MS.CW,50,2,
Fulton County,US.IN.FU,50,1,
Butler County,US.NE.BE,50,0,
Miller County,US.AR.ML,50,1,
Washington County,US.IN.WS,50,1,
Fannin County,US.GA.FN,50,1,
Sabine Parish,US.LA.SB,50,0,
Jefferson County,US.IN.JF,49,1,
Pickens County,US.GA.PE,49,4,
Burnet County,US.TX.BT,49,0,
Allegany County,US.NY.AL,49,2,
Bleckley County,US.GA.BK,49,0,
Rush County,US.IN.RU,49,3,
Cedar County,US.IA.CD,49,1,
Thurston County,US.NE.TU,49,0,
Moniteau County,US.MO.ME,49,1,
Cherokee County,US.TX.CK,49,2,
Nevada County,US.CA.NE,49,1,
Pierce County,US.WI.PI,49,0,
Cook County,US.GA.CO,48,1,
Unicoi County,US.TN.UC,48,0,
Wyandot County,US.OH.WD,48,2,
White County,US.AR.WH,48,1,
Chaves County,US.NM.CH,48,2,
Morrison County,US.MN.MR,48,0,
Huron County,US.MI.HU,48,1,
Cherokee County,US.SC.CK,48,2,
Jones County,US.GA.JE,48,0,
Union County,US.GA.UN,48,1,
Mineral County,US.WV.ML,48,1,
Payne County,US.OK.PY,48,1,
Carroll County,US.NH.CA,48,0,
Waupaca County,US.WI.WP,47,1,
Waynesboro city,US.VA.WS,47,0,
Pontotoc County,US.MS.PO,47,3,
Del Norte County,US.CA.DE,47,0,
Lincoln County,US.NE.LI,47,2,
Abbeville County,US.SC.AB,47,0,
Ohio County,US.WV.OH,47,1,
Grant County,US.KY.GT,47,4,
Sharp County,US.AR.SH,47,3,
Jefferson County,US.GA.JR,47,1,
Grayson County,US.VA.GY,46,0,
Shelby County,US.OH.SH,46,3,
Seminole County,US.GA.SI,46,2,
Saunders County,US.NE.SU,46,1,
Jefferson County,US.OR.JE,46,0,
Monroe County,US.AL.MR,46,2,
Montezuma County,US.CO.MZ,46,3,
Bradford County,US.PA.BF,46,3,
Le Sueur County,US.MN.LU,46,1,
Jasper County,US.IL.JS,46,7,
Meeker County,US.MN.ME,46,0,
Gallatin County,US.KY.GL,46,5,
Clatsop County,US.OR.CT,45,0,
Obion County,US.TN.OB,45,1,
Washington County,US.ID.WA,45,0,
Pittsylvania County,US.VA.PS,45,1,
Clinton County,US.OH.CI,45,0,
Kearny County,US.KS.KE,45,0,
Macoupin County,US.IL.MP,45,2,
Jasper County,US.GA.JS,45,1,
Coshocton County,US.OH.CS,45,0,
Douglas County,US.MN.DU,45,0,
Fulton County,US.OH.FU,45,0,
Whitley County,US.IN.WL,45,3,
Gage County,US.NE.GG,45,3,
Dawson County,US.TX.DW,45,1,
Williamsburg City,US.VA.WL,45,5,
Jasper County,US.MO.JS,44,0,
Adams County,US.IL.AD,44,1,
DeKalb County,US.IN.DE,44,1,
Marion County,US.TN.MI,44,1,
San Augustine County,US.TX.SG,44,4,
Geneva County,US.AL.GE,44,0,
Nelson County,US.KY.NE,44,1,
Klamath County,US.OR.KL,44,0,
Hutchinson County,US.TX.UT,44,0,
Dunklin County,US.MO.DU,44,2,
Columbia County,US.WI.CO,44,1,
Barton County,US.KS.BT,44,1,
Logan County,US.OH.LG,43,0,
Benton County,US.IA.BN,43,1,
Becker County,US.MN.BC,43,0,
Perry County,US.AL.PE,43,0,
Pulaski County,US.GA.PL,43,2,
Gentry County,US.MO.GT,43,4,
Polk County,US.NC.PO,43,4,
Jasper County,US.SC.JA,43,2,
Sanilac County,US.MI.SL,42,5,
Washington County,US.CO.WA,42,0,
Jefferson County,US.MS.JF,42,1,
Franklin city,US.VA.FR,42,2,
Morgan County,US.IL.MG,42,1,
Roosevelt County,US.NM.RO,42,0,
Jackson County,US.MN.JA,42,0,
Shasta County,US.CA.SH,42,4,
Starr County,US.TX.SR,42,0,
Bedford County,US.PA.BO,42,2,
Hamblen County,US.TN.HB,42,2,
Miller County,US.GA.ML,42,0,
Howard County,US.NE.HW,42,4,
Mountrail County,US.ND.MU,42,0,
Perry County,US.IL.PY,42,0,
Clay County,US.GA.CY,42,2,
Anderson County,US.TN.AN,42,2,
Clearfield County,US.PA.CF,42,0,
Yuma County,US.CO.YU,42,0,
Pittsburg County,US.OK.PI,41,3,
Wilson County,US.TX.WS,41,5,
Stephens County,US.OK.ST,41,1,
Cortland County,US.NY.CD,41,1,
Montgomery County,US.IL.MT,41,1,
Vermilion County,US.IL.VE,41,1,
Fannin County,US.TX.FI,41,2,
Boyd County,US.KY.BD,41,3,
Conecuh County,US.AL.CO,41,1,
Dukes County,US.MA.DU,41,0,
Madison County,US.VA.MD,41,1,
Fayette County,US.OH.FY,41,0,
Monroe County,US.IA.MR,40,5,
Talbot County,US.GA.TB,40,2,
Harrison County,US.WV.HR,40,1,
Missoula County,US.MT.MS,40,0,
Dade County,US.GA.DD,40,1,
Coosa County,US.AL.CS,40,1,
Union County,US.SC.UN,40,0,
Clark County,US.AR.CK,40,0,
Poinsett County,US.AR.PN,40,2,
Wood County,US.TX.WO,40,4,
Murray County,US.MN.MU,40,0,
Nottoway County,US.VA.NY,40,0,
New Kent County,US.VA.NK,39,1,
Yates County,US.NY.YA,39,6,
Washington County,US.VT.WA,39,1,
Washakie County,US.WY.WA,39,3,
Jerauld County,US.SD.JE,39,1,
Perry County,US.IN.PE,39,0,
Ward County,US.ND.WR,39,1,
O'Brien County,US.IA.OB,39,0,
Oconto County,US.WI.OC,39,0,
Butler County,US.KS.BU,39,0,
Gila County,US.AZ.GI,39,0,
Beaufort County,US.NC.BA,39,0,
Pulaski County,US.MO.PA,39,1,
Codington County,US.SD.CD,39,0,
Ashe County,US.NC.AS,39,0,
Morgan County,US.GA.MO,39,0,
Martinsville city,US.VA.MR,39,1,
Hardy County,US.WV.HD,39,0,
Preble County,US.OH.PR,39,1,
McLeod County,US.MN.MC,39,0,
Door County,US.WI.DO,39,3,
Starke County,US.IN.SR,39,3,
Cumberland County,US.VA.CU,39,0,
Hart County,US.GA.HT,39,0,
Allendale County,US.SC.AL,39,3,
Putnam County,US.WV.PU,38,0,
Rio Grande County,US.CO.RG,38,0,
Alexander County,US.NC.AE,38,0,
Atascosa County,US.TX.AT,38,2,
Hampton County,US.SC.HA,38,1,
Graham County,US.AZ.GA,38,0,
Essex County,US.NY.ES,38,0,
Manitowoc County,US.WI.MW,38,1,
Huntington County,US.IN.HU,38,2,
Bannock County,US.ID.BO,38,1,
Guernsey County,US.OH.GU,38,2,
St. Francois County,US.MO.SF,38,2,
Jeff Davis County,US.GA.JF,38,1,
Fayette County,US.TX.FT,38,2,
Levy County,US.FL.LV,38,1,
DeKalb County,US.TN.DE,38,0,
Telfair County,US.GA.TF,38,1,
Somerset County,US.PA.SO,38,1,
Cherokee County,US.AL.CH,38,3,
Sullivan County,US.IN.SU,37,1,
Clark County,US.WI.CL,37,4,
Flathead County,US.MT.FL,37,2,
Camden County,US.MO.CM,37,1,
Franklin County,US.VA.FN,37,1,
Carteret County,US.NC.CE,37,3,
Marshall County,US.KY.MH,37,2,
Mono County,US.CA.MO,37,1,
Frio County,US.TX.FO,37,0,
Shelby County,US.IA.SH,37,0,
Calhoun County,US.TX.CU,37,2,
Jones County,US.IA.JN,37,0,
Roberts County,US.SD.RO,37,0,
Lewis County,US.WA.LE,37,3,
Scott County,US.KY.SC,37,0,
Jackson County,US.NC.JA,36,1,
Mason County,US.WA.MA,36,1,
Kewaunee County,US.WI.KW,36,1,
Franklin County,US.ME.FR,36,1,
Big Horn County,US.MT.BI,36,0,
Smith County,US.TN.SH,36,1,
Salem city,US.VA.SE,36,3,
Powhatan County,US.VA.PH,36,0,
Cherokee County,US.IA.CE,36,0,
Isanti County,US.MN.IS,36,0,
York County,US.NE.YO,36,0,
San Patricio County,US.TX.SP,36,0,
Heard County,US.GA.HD,36,3,
Tishomingo County,US.MS.TS,36,0,
Baker County,US.GA.BR,35,3,
Douglas County,US.NV.DO,35,0,
Matanuska-Susitna Borough,US.AK.MA,35,1,
Marion County,US.IA.MI,35,0,
Watauga County,US.NC.WT,35,0,
Butler County,US.MO.BE,35,0,
Crawford County,US.AR.CW,35,0,
Van Zandt County,US.TX.VN,35,1,
Livingston County,US.IL.LI,35,2,
Jefferson County,US.IA.JE,35,0,
Franklin County,US.KS.FR,35,0,
Christian County,US.IL.CI,35,4,
Ottawa County,US.OK.OT,35,2,
Wakulla County,US.FL.WK,35,1,
Defiance County,US.OH.DF,34,2,
Clayton County,US.IA.CT,34,3,
Wells County,US.IN.WE,34,0,
Union County,US.FL.UN,34,1,
Castro County,US.TX.AS,34,1,
Webster County,US.KY.WE,34,0,
Cuming County,US.NE.CM,34,0,
Greene County,US.VA.GE,34,1,
Hot Spring County,US.AR.HT,34,0,
Arenac County,US.MI.AR,34,1,
Owen County,US.IN.OW,34,1,
Lake County,US.CO.LK,34,0,
Carroll County,US.OH.CO,34,3,
Botetourt County,US.VA.BO,34,4,
Wilkes County,US.GA.WS,34,1,
Hawkins County,US.TN.HW,34,2,
Madison County,US.AR.MD,34,0,
Osceola County,US.IA.OS,34,0,
Oglala Lakota County,US.SD.SH,34,0,
Wyoming County,US.PA.WM,34,7,
Box Elder County,US.UT.BE,34,1,
Haywood County,US.TN.HY,33,2,
Grant Parish,US.LA.GR,33,1,
Marinette County,US.WI.MT,33,2,
Marshall County,US.TN.MS,33,1,
Iowa County,US.IA.IO,33,0,
White County,US.TN.WH,33,0,
City and Borough of Juneau,US.AK.JU,33,0,
Teller County,US.CO.TE,33,2,
Independence County,US.AR.IN,33,0,
Torrance County,US.NM.TO,33,1,
Irwin County,US.GA.IR,33,1,
Custer County,US.NE.CU,33,3,
Buchanan County,US.IA.BC,33,0,
Merrick County,US.NE.ME,33,0,
Brown County,US.IN.BR,33,1,
Lawrence County,US.TN.LW,33,0,
Mendocino County,US.CA.MI,33,0,
Bryan County,US.OK.BR,33,1,
Washington County,US.NE.WS,33,1,
Lincoln County,US.ID.LI,33,0,
Clark County,US.KS.CA,32,0,
Pike County,US.KY.PI,32,2,
Jo Daviess County,US.IL.JO,32,1,
Malheur County,US.OR.ML,32,0,
Elmore County,US.ID.EL,32,2,
Sweetwater County,US.WY.SW,32,0,
Coos County,US.OR.CO,32,0,
Callaway County,US.MO.CA,32,1,
Cerro Gordo County,US.IA.CG,32,1,
Overton County,US.TN.OV,32,0,
Pawnee County,US.OK.PW,32,2,
Mason County,US.MI.MN,32,0,
Washington County,US.NC.WI,32,3,
Quitman County,US.MS.QU,32,0,
Campbell County,US.WY.CM,32,0,
Mason County,US.TX.MA,32,0,
Benton County,US.IN.BE,32,0,
Charlton County,US.GA.CT,32,1,
Stone County,US.MS.ST,32,0,
Grundy County,US.TN.GU,31,1,
Woodford County,US.KY.WO,31,0,
Kendall County,US.TX.KD,31,0,
Custer County,US.OK.CU,31,0,
Wabaunsee County,US.KS.WB,31,0,
Appomattox County,US.VA.AP,31,0,
Andrew County,US.MO.AN,31,0,
Taos County,US.NM.TA,31,0,
King William County,US.VA.KW,31,0,
Todd County,US.SD.TO,31,1,
Brunswick County,US.VA.BU,31,1,
Clarke County,US.VA.CK,31,0,
Mayes County,US.OK.MY,31,4,
Henry County,US.TN.HR,31,0,
Gloucester County,US.VA.GL,31,1,
Oxford County,US.ME.OX,31,0,
Yuba County,US.CA.YU,31,1,
Halifax County,US.VA.HL,31,1,
Knox County,US.IN.KN,31,0,
Hampshire County,US.WV.HM,31,1,
Cherokee County,US.OK.CK,31,1,
Jefferson County,US.WA.JE,31,0,
Crawford County,US.PA.CW,30,0,
Limestone County,US.TX.LO,30,1,
Lake County,US.CA.LK,30,0,
Bamberg County,US.SC.BM,30,0,
Seminole County,US.OK.SM,30,2,
Tallahatchie County,US.MS.TL,30,1,
Saline County,US.KS.SA,30,2,
Wythe County,US.VA.WY,30,1,
Lawrence County,US.OH.LW,30,0,
Cass County,US.TX.CS,30,1,
Greene County,US.MS.GE,30,1,
Carroll County,US.AR.CL,30,1,
Sagadahoc County,US.ME.SA,30,0,
Brown County,US.OH.BR,30,1,
Meade County,US.KS.ME,30,0,
Trempealeau County,US.WI.TR,30,0,
Kit Carson County,US.CO.KT,30,3,
Marshall County,US.WV.MH,30,0,
Seward County,US.NE.SA,29,1,
Pottawatomie County,US.KS.PT,29,0,
Milam County,US.TX.MI,29,1,
Stevens County,US.KS.SV,29,0,
Wasco County,US.OR.WC,29,1,
McPherson County,US.KS.MP,29,0,
Toole County,US.MT.TO,29,6,
Van Buren County,US.AR.VA,29,2,
Vernon Parish,US.LA.VN,29,3,
Stutsman County,US.ND.SU,29,0,
Tattnall County,US.GA.TT,29,0,
Lamoille County,US.VT.LA,29,1,
Lincoln County,US.TN.LI,29,0,
Forest County,US.WI.FR,29,2,
Madison County,US.IA.MD,29,2,
Emanuel County,US.GA.EM,29,2,
Baker County,US.FL.BK,29,4,
Jefferson County,US.FL.JE,29,3,
Jasper County,US.TX.JR,29,1,
Dixon County,US.NE.DI,29,0,
George County,US.MS.GR,29,2,
Franklin County,US.MS.FR,29,2,
Jefferson County,US.TN.JE,29,0,
Klickitat County,US.WA.KL,29,3,
Champaign County,US.OH.CH,28,1,
Upshur County,US.TX.US,28,0,
Carroll County,US.TN.CR,28,1,
Crawford County,US.GA.CW,28,0,
Davis County,US.IA.DV,28,0,
Warren County,US.MO.WR,28,0,
Burleson County,US.TX.BU,28,0,
Polk County,US.AR.PL,28,0,
Lafayette County,US.WI.LF,28,0,
Polk County,US.WI.PL,28,1,
Boyle County,US.KY.BE,28,0,
Dickinson County,US.IA.DI,28,0,
Lee County,US.IA.LE,28,0,
Douglas County,US.IL.DO,28,0,
Douglas County,US.OR.DO,28,0,
Grand Traverse County,US.MI.GN,28,5,
Amelia County,US.VA.AI,28,1,
Lamar County,US.AL.LM,28,0,
Towns County,US.GA.TW,28,1,
Charlotte County,US.VA.CT,28,0,
Hood River County,US.OR.HO,28,0,
Christian County,US.MO.CT,28,0,
Clay County,US.AL.CY,28,2,
Garfield County,US.OK.GF,28,1,
Donley County,US.TX.DO,27,0,
Sherman County,US.TX.SN,27,0,
Sac County,US.IA.SA,27,0,
Dallam County,US.TX.DL,27,0,
Austin County,US.TX.AU,27,0,
Aurora County,US.SD.AU,27,0,
Morris County,US.TX.MR,27,0,
Meigs County,US.TN.ME,27,0,
Waseca County,US.MN.WE,27,0,
Hood County,US.TX.HO,27,3,
Wise County,US.VA.WI,27,2,
Blackford County,US.IN.BL,27,2,
Clarion County,US.PA.CL,27,2,
Pike County,US.MO.PI,27,1,
Harrison County,US.KY.HS,27,0,
Hockley County,US.TX.HC,27,1,
Fayette County,US.IA.FT,27,0,
Hopkins County,US.TX.HP,27,0,
Andrews County,US.TX.AR,27,0,
Marion County,US.KY.MN,27,0,
Jackson County,US.OK.JA,27,3,
Lee County,US.AR.LE,27,1,
Lanier County,US.GA.LI,27,2,
Clallam County,US.WA.CL,27,0,
Amherst County,US.VA.AH,27,0,
Charles City County,US.VA.CC,27,2,
Greene County,US.PA.GR,27,0,
Russell County,US.KY.RU,26,4,
Howard County,US.AR.HW,26,0,
Tipton County,US.IN.TT,26,1,
Weakley County,US.TN.WE,26,0,
Dunn County,US.WI.DN,26,0,
Eddy County,US.NM.ED,26,1,
Randolph County,US.AR.RA,26,0,
Lea County,US.NM.LE,26,0,
Crawford County,US.WI.CR,26,0,
Highland County,US.OH.HI,26,1,
Holmes County,US.FL.HO,26,0,
Seneca County,US.OH.SE,26,2,
Harrison County,US.IA.HR,26,0,
Ashley County,US.AR.AS,26,0,
Fremont County,US.CO.FR,26,0,
Elko County,US.NV.EL,26,1,
Payette County,US.ID.PA,26,2,
Taylor County,US.FL.TA,26,0,
Warren County,US.TN.WR,26,0,
Chattooga County,US.GA.CG,25,2,
Monroe County,US.KY.MO,25,0,
Hill County,US.TX.HI,25,1,
Jones County,US.NC.JN,25,3,
Northumberland County,US.VA.NU,25,1,
Okmulgee County,US.OK.OM,25,0,
Rabun County,US.GA.RB,25,1,
Knox County,US.OH.KN,25,1,
Phillips County,US.AR.PH,25,1,
Crane County,US.TX.CR,25,2,
Scurry County,US.TX.SU,25,0,
Monona County,US.IA.MO,25,0,
Lee County,US.TX.LE,25,1,
Montgomery County,US.KY.MM,25,0,
Perquimans County,US.NC.PQ,25,2,
Clay County,US.IA.CY,25,0,
Albany County,US.WY.AL,25,0,
Madison County,US.ID.MA,25,0,
Williams County,US.ND.WI,25,0,
Jersey County,US.IL.JR,24,1,
Beaver County,US.OK.BA,24,0,
Preston County,US.WV.PR,24,2,
Winneshiek County,US.IA.WH,24,0,
Turner County,US.SD.TU,24,0,
Alleghany County,US.VA.AL,24,2,
Spencer County,US.KY.SP,24,0,
Jenkins County,US.GA.JK,24,1,
Colorado County,US.TX.CO,24,0,
Lyon County,US.IA.LY,24,0,
Crawford County,US.IN.CW,24,0,
Meade County,US.SD.MD,24,0,
Converse County,US.WY.CE,24,0,
Clay County,US.NE.CL,24,0,
Perry County,US.TN.PE,24,0,
Ray County,US.MO.RY,23,0,
Bradley County,US.AR.BR,23,1,
Cannon County,US.TN.CN,23,0,
Pennington County,US.MN.PI,23,0,
Emmet County,US.IA.EM,23,0,
Todd County,US.KY.TO,23,0,
San Miguel County,US.CO.SM,23,0,
Lincoln County,US.OR.LC,23,0,
Franklin County,US.NY.FR,23,0,
Gates County,US.NC.GT,23,1,
Wayne County,US.GA.WY,23,0,
Taylor County,US.GA.TY,23,2,
Meade County,US.KY.MA,23,2,
Rock County,US.MN.RC,23,0,
Richland County,US.ND.RI,23,0,
Ogemaw County,US.MI.OG,23,1,
Hart County,US.KY.HT,23,0,
Mille Lacs County,US.MN.MI,23,1,
Park County,US.CO.PA,23,0,
Nowata County,US.OK.NW,23,0,
Otero County,US.NM.OT,23,3,
Columbia County,US.AR.CI,23,2,
Josephine County,US.OR.JO,23,1,
Tillman County,US.OK.TI,23,1,
Somerset County,US.ME.SO,22,0,
Hamilton County,US.KS.HM,22,0,
Fountain County,US.IN.FO,22,2,
McDonald County,US.MO.MA,22,0,
Alleghany County,US.NC.AL,22,0,
Haskell County,US.KS.HS,22,0,
Perry County,US.KY.PR,22,0,
Henry County,US.KY.HY,22,0,
Atchison County,US.KS.AT,22,0,
Hardin County,US.TN.HI,22,2,
Labette County,US.KS.LB,22,0,
Jefferson County,US.KS.JF,22,0,
McLean County,US.KY.ML,22,1,
Juneau County,US.WI.JU,22,1,
Patrick County,US.VA.PK,22,0,
Lincoln County,US.OK.LI,22,2,
Green Lake County,US.WI.GL,22,0,
Gray County,US.KS.GY,22,0,
Pulaski County,US.VA.PU,21,0,
Mecosta County,US.MI.MT,21,2,
Ashland County,US.OH.AL,21,0,
Newton County,US.MO.NT,21,1,
Hempstead County,US.AR.HE,21,1,
Roscommon County,US.MI.RO,21,0,
Emmet County,US.MI.EM,21,2,
New Madrid County,US.MO.NW,21,1,
Pocahontas County,US.WV.PO,21,0,
Buffalo County,US.SD.BF,21,0,
Spencer County,US.IN.SP,21,1,
Lander County,US.NV.LA,21,0,
Woodford County,US.IL.WO,21,2,
Hardin County,US.IA.HD,21,0,
Lucas County,US.IA.LU,21,2,
Knox County,US.ME.KN,21,1,
Cocke County,US.TN.CE,21,0,
Swain County,US.NC.SW,21,0,
Vernon County,US.WI.VE,21,0,
Otero County,US.CO.OT,21,1,
Stanton County,US.NE.ST,21,0,
Adams County,US.IN.AD,21,1,
Cheboygan County,US.MI.CY,21,1,
King and Queen County,US.VA.KA,21,1,
Switzerland County,US.IN.SW,21,0,
Fayette County,US.IL.FA,21,3,
Val Verde County,US.TX.VL,21,0,
Laurel County,US.KY.LU,21,2,
Anderson County,US.KY.AN,21,1,
Willacy County,US.TX.WY,21,2,
Cherokee County,US.NC.CO,21,1,
Hansford County,US.TX.HF,20,2,
Guadalupe County,US.NM.GU,20,0,
Ford County,US.IL.FO,20,1,
Kerr County,US.TX.KR,20,0,
Faribault County,US.MN.FA,20,0,
Whitman County,US.WA.WI,20,0,
Drew County,US.AR.DR,20,1,
Lincoln County,US.ME.LI,20,0,
Lewis County,US.NY.LE,20,5,
Sullivan County,US.NH.SU,20,1,
Sequatchie County,US.TN.SQ,20,0,
Inyo County,US.CA.IN,20,1,
Mills County,US.IA.ML,20,0,
Vinton County,US.OH.VI,20,2,
Barron County,US.WI.BR,20,0,
Phelps County,US.NE.PH,20,0,
Menard County,US.IL.MN,20,0,
Kauai County,US.HI.KU,20,0,
Davison County,US.SD.DV,20,0,
Brookings County,US.SD.BK,20,0,
Hancock County,US.WV.HN,19,0,
Cleveland County,US.AR.CV,19,0,
Swift County,US.MN.SW,19,0,
Alcorn County,US.MS.AL,19,1,
Montgomery County,US.KS.MG,19,2,
Tioga County,US.PA.TI,19,2,
Carter County,US.TN.CT,19,1,
Gibson County,US.IN.GI,19,2,
Bailey County,US.TX.BY,19,0,
Clare County,US.MI.CE,19,2,
Humboldt County,US.IA.HU,19,1,
Clinton County,US.MO.CO,19,0,
Nemaha County,US.KS.NM,19,0,
Hughes County,US.SD.HG,19,0,
Polk County,US.TN.PO,19,0,
Moody County,US.SD.MO,19,0,
Cooke County,US.TX.OO,19,0,
Washington County,US.IL.WG,19,0,
Delaware County,US.IA.DA,19,1,
Morgan County,US.WV.MA,19,0,
Perry County,US.OH.PE,19,1,
Logan County,US.WV.LO,19,1,
Desha County,US.AR.DE,19,0,
Jackson County,US.TX.JA,19,1,
Kalkaska County,US.MI.KK,19,2,
Floyd County,US.IA.FL,19,1,
Douglas County,US.WI.DG,19,0,
Grundy County,US.IA.GN,19,0,
Jackson County,US.TN.JA,19,0,
Asotin County,US.WA.AS,19,2,
Logan County,US.OK.LG,19,1,
Parke County,US.IN.PA,18,0,
Johnson County,US.WY.JO,18,1,
Mercer County,US.IL.ME,18,0,
Johnson County,US.TN.JO,18,0,
Athens County,US.OH.AS,18,1,
Campbell County,US.VA.CM,18,1,
Gladwin County,US.MI.GL,18,1,
Doniphan County,US.KS.DP,18,0,
Franklin County,US.TX.FK,18,0,
Monroe County,US.WI.MO,18,1,
Wayne County,US.NE.WY,18,0,
Garvin County,US.OK.GV,18,1,
Twiggs County,US.GA.TG,18,1,
Buchanan County,US.VA.BH,18,0,
Mason County,US.IL.MS,18,0,
Grant County,US.AR.GN,18,0,
Grays Harbor County,US.WA.GY,18,0,
Geary County,US.KS.GE,18,1,
Swisher County,US.TX.SW,18,0,
Rockbridge County,US.VA.RB,18,0,
Campbell County,US.TN.CM,18,1,
Wabasha County,US.MN.WB,18,0,
Charles Mix County,US.SD.CH,18,0,
Beltrami County,US.MN.BT,18,0,
Calhoun County,US.SC.CH,18,1,
Warren County,US.GA.WR,18,0,
Clay County,US.SD.CY,18,0,
Webster County,US.MO.WE,18,0,
Dare County,US.NC.DE,18,1,
Gem County,US.ID.GE,17,0,
Jackson County,US.WI.JA,17,1,
Henry County,US.OH.HE,17,0,
Chowan County,US.NC.CW,17,0,
Trinity County,US.TX.TR,17,0,
Izard County,US.AR.IZ,17,1,
Clear Creek County,US.CO.CL,17,1,
Alcona County,US.MI.AC,17,1,
Cascade County,US.MT.CS,17,2,
Marion County,US.TX.MN,17,1,
Benewah County,US.ID.BA,17,0,
Grant County,US.KS.GT,17,1,
Schley County,US.GA.SY,17,1,
Kleberg County,US.TX.KL,17,1,
Scioto County,US.OH.SC,17,0,
Bureau County,US.IL.BU,17,1,
Morgan County,US.TN.MG,17,0,
Erath County,US.TX.ER,17,1,
McKenzie County,US.ND.MK,17,0,
Hancock County,US.IL.HC,17,1,
Breckinridge County,US.KY.BC,17,2,
Floyd County,US.KY.FO,17,0,
Uvalde County,US.TX.UV,17,0,
Glenn County,US.CA.GL,17,0,
Delta County,US.MI.DE,17,2,
DeWitt County,US.TX.DE,17,1,
Lavaca County,US.TX.LA,17,1,
Lewis and Clark County,US.MT.LE,17,0,
Fillmore County,US.MN.FI,17,0,
Nelson County,US.VA.NL,17,0,
Raleigh County,US.WV.RL,17,0,
Gilchrist County,US.FL.GI,17,0,
Lunenburg County,US.VA.LN,16,0,
Tensas Parish,US.LA.TN,16,0,
Brown County,US.MN.BR,16,2,
Love County,US.OK.LV,16,0,
Hancock County,US.IA.HN,16,0,
Carbon County,US.WY.CB,16,1,
Sequoyah County,US.OK.SQ,16,3,
Roane County,US.TN.RA,16,0,
Posey County,US.IN.PS,16,0,
Lamb County,US.TX.LB,16,0,
Shelby County,US.IL.SB,16,1,
Sibley County,US.MN.SI,16,0,
Chicot County,US.AR.CT,16,0,
Sheridan County,US.WY.SH,16,0,
Lincoln County,US.GA.LC,16,0,
Ketchikan Gateway Borough,US.AK.KG,16,0,
Missaukee County,US.MI.MU,16,1,
Lyman County,US.SD.LY,16,0,
Franklin County,US.IA.FN,16,0,
Crockett County,US.TN.CK,16,2,
San Jacinto County,US.TX.SJ,16,0,
Mariposa County,US.CA.MP,16,1,
Caledonia County,US.VT.CA,16,0,
Columbia County,US.OR.CL,16,0,
Appanoose County,US.IA.AP,16,3,
Calaveras County,US.CA.CA,16,0,
Iowa County,US.WI.IO,16,0,
Butler County,US.IA.BE,16,1,
Long County,US.GA.LG,16,1,
Fulton County,US.PA.FU,16,1,
Fayette County,US.AL.FA,16,0,
Sabine County,US.TX.SB,15,1,
Lincoln County,US.WY.LI,15,0,
Wheeler County,US.TX.WL,15,0,
Ida County,US.IA.ID,15,0,
San Miguel County,US.NM.SM,15,0,
Grand County,US.CO.GR,15,0,
Prowers County,US.CO.PR,15,0,
Humphreys County,US.TN.HU,15,1,
Grant County,US.NM.GR,15,0,
Henderson County,US.TN.HS,15,0,
Pontotoc County,US.OK.PN,15,2,
Transylvania County,US.NC.TR,15,0,
Currituck County,US.NC.CI,15,0,
Conway County,US.AR.CN,15,1,
Carroll County,US.KY.CL,15,0,
Carroll County,US.IL.CL,15,2,
Norman County,US.MN.NR,15,0,
Cowley County,US.KS.CL,15,1,
Union County,US.KY.UN,15,0,
Craig County,US.OK.CG,15,0,
Lyon County,US.KY.LY,15,3,
Mason County,US.WV.MN,15,0,
Charlevoix County,US.MI.CV,15,1,
Walsh County,US.ND.WL,15,0,
Rappahannock County,US.VA.RP,15,0,
McIntosh County,US.GA.MH,15,1,
Cleburne County,US.AL.CB,15,1,
Floyd County,US.TX.FY,15,0,
McNairy County,US.TN.MA,15,0,
Yancey County,US.NC.YN,15,0,
Smyth County,US.VA.SM,15,0,
Pocahontas County,US.IA.PC,15,0,
Ravalli County,US.MT.RA,14,0,
Page County,US.IA.PG,14,0,
Phillips County,US.CO.PH,14,0,
Portage County,US.WI.PT,14,0,
Paulding County,US.OH.PA,14,0,
Greene County,US.IA.GE,14,0,
Perry County,US.AR.PY,14,0,
Richland County,US.WI.RI,14,4,
Scott County,US.KS.SC,14,0,
Greenup County,US.KY.GU,14,0,
San Juan County,US.WA.SA,14,0,
Jackson County,US.OH.JA,14,0,
Keokuk County,US.IA.KE,14,0,
Traill County,US.ND.TR,14,0,
Tyler County,US.TX.TY,14,0,
McIntosh County,US.OK.MI,14,1,
Le Flore County,US.OK.LE,14,1,
Jefferson County,US.PA.JE,14,0,
Mercer County,US.KY.MC,14,0,
Carter County,US.KY.CR,14,0,
Middlesex County,US.VA.MI,14,0,
Nodaway County,US.MO.NO,14,0,
Benton County,US.MS.BE,14,0,
Quitman County,US.GA.QU,13,1,
Wheeler County,US.GA.WL,13,0,
Kossuth County,US.IA.KO,13,0,
Harvey County,US.KS.HV,13,2,
Whitley County,US.KY.WH,13,0,
Uinta County,US.WY.UI,13,0,
Grainger County,US.TN.GA,13,0,
Ohio County,US.IN.OH,13,0,
Audubon County,US.IA.AU,13,1,
McKean County,US.PA.MC,13,1,
Schuyler County,US.IL.SU,13,0,
Stewart County,US.TN.SA,13,0,
Pendleton County,US.WV.PE,13,0,
Candler County,US.GA.CR,13,0,
Stevens County,US.WA.ST,13,1,
Grant County,US.SD.GA,13,0,
Martin County,US.IN.MN,13,0,
Nantucket County,US.MA.NA,13,1,
Webster County,US.GA.WT,13,1,
Mitchell County,US.NC.MI,13,0,
Morgan County,US.UT.MN,13,0,
Day County,US.SD.DY,13,0,
McCreary County,US.KY.MR,13,0,
Bracken County,US.KY.BK,13,0,
Giles County,US.TN.GL,13,0,
Rockcastle County,US.KY.RC,13,0,
Carroll County,US.IA.CL,13,0,
Sanpete County,US.UT.SP,13,0,
Chickasaw County,US.IA.CC,13,0,
Mercer County,US.WV.MR,13,0,
Taylor County,US.KY.TA,13,1,
Terry County,US.TX.TE,13,0,
Treutlen County,US.GA.TE,13,0,
Palo Pinto County,US.TX.PO,13,2,
Taney County,US.MO.TA,13,2,
Jackson County,US.IA.JC,13,0,
Gosper County,US.NE.GO,13,0,
Morrow County,US.OR.MO,12,0,
Hartley County,US.TX.HL,12,0,
Sanborn County,US.SD.SA,12,0,
Claiborne County,US.TN.CI,12,0,
Buena Vista city,US.VA.BE,12,0,
Marshall County,US.MN.MS,12,0,
Schuyler County,US.NY.SU,12,0,
Moultrie County,US.IL.MI,12,0,
Scott County,US.TN.SC,12,0,
Antrim County,US.MI.AN,12,0,
Osceola County,US.MI.OE,12,0,
Warren County,US.IN.WN,12,1,
Kingfisher County,US.OK.KN,12,0,
Ste. Genevieve County,US.MO.SG,12,1,
Bingham County,US.ID.BG,12,0,
Benton County,US.MO.BN,12,0,
Alexander County,US.IL.AL,12,0,
Ballard County,US.KY.BA,12,0,
Pipestone County,US.MN.PS,12,0,
Caldwell County,US.KY.CD,12,0,
Grant County,US.WV.GA,12,0,
Wexford County,US.MI.WE,12,3,
Lake County,US.SD.LK,12,0,
Baca County,US.CO.BA,12,0,
Comanche County,US.TX.CE,12,1,
Bates County,US.MO.BS,12,1,
Chester County,US.TN.CS,12,0,
Jim Wells County,US.TX.JW,12,0,
Franklin County,US.IL.FR,12,0,
Bond County,US.IL.BN,12,1,
Bourbon County,US.KY.BU,12,1,
Grand County,US.UT.GR,12,0,
Cass County,US.IA.CS,12,0,
Zavala County,US.TX.ZV,12,0,
Washington County,US.MO.WS,12,1,
Hot Springs County,US.WY.HO,12,0,
Fentress County,US.TN.FE,12,0,
Baxter County,US.AR.BA,12,0,
Kanabec County,US.MN.KA,12,1,
Kearney County,US.NE.KA,12,0,
Howard County,US.IA.HO,12,0,
Blanco County,US.TX.BC,11,1,
Hancock County,US.ME.HA,11,1,
Silver Bow County,US.MT.SI,11,0,
Lawrence County,US.SD.LW,11,0,
Polk County,US.NE.PO,11,0,
Morrill County,US.NE.MO,11,0,
Wood County,US.WI.WO,11,1,
Presque Isle County,US.MI.PR,11,0,
Wright County,US.MO.WG,11,0,
Leelanau County,US.MI.LE,11,0,
Pendleton County,US.KY.PN,11,0,
Ellis County,US.KS.EL,11,0,
Piatt County,US.IL.PA,11,0,
Oneida County,US.WI.ON,11,0,
Johnson County,US.IL.JH,11,0,
Manistee County,US.MI.ME,11,0,
Trigg County,US.KY.TG,11,0,
Logan County,US.AR.LG,11,0,
Cass County,US.MN.CS,11,2,
Henry County,US.MO.HE,11,3,
Juab County,US.UT.JU,11,0,
Adams County,US.OH.AD,11,1,
Aitkin County,US.MN.AI,11,0,
Robertson County,US.TX.RO,11,0,
Montgomery County,US.GA.MM,11,0,
Winnebago County,US.IA.WB,11,0,
Ouachita County,US.AR.OU,11,0,
Teton County,US.ID.TE,11,0,
Fulton County,US.IL.FU,11,0,
Dunn County,US.ND.DU,11,0,
Zapata County,US.TX.ZP,11,0,
Clark County,US.IL.CK,11,0,
Crawford County,US.IL.CW,11,0,
Bee County,US.TX.BE,11,0,
Wilkin County,US.MN.WL,11,3,
Ransom County,US.ND.RN,11,0,
Carbon County,US.UT.CR,11,0,
Logan County,US.IL.LO,10,0,
Randolph County,US.MO.RN,10,0,
Falls County,US.TX.FL,10,0,
Little River County,US.AR.LT,10,0,
Aroostook County,US.ME.AR,10,1,
Linn County,US.MO.LN,10,1,
Leon County,US.TX.LN,10,0,
McCormick County,US.SC.MC,10,1,
Linn County,US.KS.LN,10,0,
Gilmer County,US.WV.GI,10,0,
Menifee County,US.KY.ME,10,0,
Brown County,US.IL.BR,10,0,
Cherokee County,US.KS.CK,10,0,
Vernon County,US.MO.VE,10,0,
Stone County,US.AR.ST,10,0,
Vermillion County,US.IN.VE,10,0,
Venango County,US.PA.VE,10,0,
Wadena County,US.MN.WD,10,0,
Callahan County,US.TX.AL,10,1,
Cumberland County,US.IL.CU,10,0,
Knox County,US.KY.KX,10,0,
Stanley County,US.SD.ST,10,0,
Knox County,US.NE.KN,10,0,
Garrett County,US.MD.GA,10,0,
Surry County,US.VA.SR,10,1,
Freestone County,US.TX.FE,10,0,
Uintah County,US.UT.UN,10,0,
Harrison County,US.OH.HR,10,0,
Montgomery County,US.MO.MM,10,0,
Orleans County,US.VT.OL,10,0,
Ripley County,US.MO.RI,10,0,
Amador County,US.CA.AM,10,0,
Pamlico County,US.NC.PM,10,0,
Mason County,US.KY.MS,10,0,
Lancaster County,US.VA.LA,10,0,
Howell County,US.MO.HW,10,0,
Pope County,US.MN.PE,10,0,
Van Buren County,US.IA.VA,9,0,
Pacific County,US.WA.PA,9,1,
Wetzel County,US.WV.WT,9,0,
Howard County,US.TX.HW,9,1,
Furnas County,US.NE.FU,9,0,
Cooper County,US.MO.CP,9,0,
Carroll County,US.MO.CL,9,0,
Orange County,US.VT.OA,9,0,
Live Oak County,US.TX.LK,9,0,
Bath County,US.KY.BH,9,1,
Lincoln County,US.KY.LN,9,1,
Union County,US.IN.UN,9,0,
Cedar County,US.MO.CD,9,0,
Tazewell County,US.VA.TA,9,0,
Union County,US.IA.UN,9,0,
Taylor County,US.WV.TA,9,0,
Adair County,US.IA.AI,9,0,
Jefferson County,US.ID.JF,9,0,
Cheyenne County,US.NE.CY,9,0,
Montgomery County,US.IA.MG,9,1,
Marshall County,US.OK.MH,9,0,
Nevada County,US.AR.NV,9,0,
Lafayette County,US.AR.LF,9,1,
Luna County,US.NM.LU,9,1,
Montague County,US.TX.MU,9,1,
Sevier County,US.UT.SE,9,0,
Waushara County,US.WI.WS,9,0,
Wayne County,US.IL.WY,9,1,
Lampasas County,US.TX.LP,9,0,
Greenwood County,US.KS.GW,9,0,
Siskiyou County,US.CA.SK,9,0,
Hamilton County,US.TX.HM,9,1,
Duchesne County,US.UT.DU,9,0,
Lafayette County,US.FL.LF,9,0,
Lee County,US.VA.LE,9,0,
Morgan County,US.MO.MG,9,0,
Greenbrier County,US.WV.GE,9,0,
Harrison County,US.MO.HS,9,0,
Larue County,US.KY.LR,9,0,
Pike County,US.OH.PK,9,0,
Madison County,US.TX.AD,9,0,
Stanton County,US.KS.ST,9,0,
Koochiching County,US.MN.KO,9,0,
Boone County,US.WV.BN,9,0,
Roane County,US.WV.RO,9,1,
Burt County,US.NE.BT,9,0,
Archuleta County,US.CO.AC,8,0,
Fulton County,US.KY.FU,8,0,
Livingston County,US.KY.LV,8,0,
Madison County,US.MT.MA,8,1,
Russell County,US.VA.RU,8,0,
Gallia County,US.OH.GA,8,1,
Antelope County,US.NE.AN,8,0,
Lynn County,US.TX.LY,8,1,
Mackinac County,US.MI.MK,8,0,
Franklin County,US.ID.FA,8,0,
Owyhee County,US.ID.OW,8,0,
Menominee County,US.MI.MM,8,0,
Osage County,US.KS.OS,8,0,
Vilas County,US.WI.VI,8,0,
Kimball County,US.NE.KB,8,0,
Poquoson city,US.VA.PQ,8,0,
Bourbon County,US.KS.BB,8,1,
Sumner County,US.KS.SU,8,1,
Henderson County,US.IL.HD,8,0,
Bon Homme County,US.SD.BH,8,0,
Monroe County,US.WV.ME,8,0,
Cedar County,US.NE.CA,8,0,
Wayne County,US.KY.WY,8,0,
Greenlee County,US.AZ.GE,8,0,
Blaine County,US.OK.BL,8,0,
Cameron Parish,US.LA.CM,8,0,
Big Stone County,US.MN.BI,8,0,
Moffat County,US.CO.MF,8,0,
Crawford County,US.MO.CF,8,0,
Ouray County,US.CO.OU,8,1,
Mingo County,US.WV.MO,8,1,
Scotland County,US.MO.SO,8,0,
Lewis County,US.WV.LE,8,1,
Churchill County,US.NV.CH,8,1,
Barbour County,US.WV.BB,8,1,
Barry County,US.MO.BR,8,0,
Sawyer County,US.WI.SW,8,0,
Clay County,US.TN.CY,8,0,
Park County,US.MT.PA,8,0,
Ramsey County,US.ND.RM,8,1,
Clay County,US.KY.CY,7,1,
Stone County,US.MO.SE,7,0,
Adams County,US.IA.AM,7,0,
Van Wert County,US.OH.VA,7,0,
Tehama County,US.CA.TE,7,1,
Colusa County,US.CA.CL,7,0,
Rowan County,US.KY.RW,7,0,
Roosevelt County,US.MT.RO,7,0,
Upshur County,US.WV.UP,7,0,
Boone County,US.NE.BO,7,0,
Crittenden County,US.KY.CT,7,1,
Benton County,US.TN.BN,7,1,
Saline County,US.IL.SE,7,0,
Wilbarger County,US.TX.WG,7,0,
Effingham County,US.IL.EF,7,1,
Eastland County,US.TX.EA,7,0,
Fillmore County,US.NE.FI,7,1,
Beckham County,US.OK.BC,7,0,
Arkansas County,US.AR.AR,7,0,
Forest County,US.PA.FO,7,0,
Scott County,US.VA.SC,7,2,
Curry County,US.OR.CU,7,0,
Searcy County,US.AR.SA,7,0,
Bollinger County,US.MO.BI,7,0,
Sharkey County,US.MS.SH,7,0,
Boone County,US.AR.BO,7,0,
Emery County,US.UT.EM,7,0,
Bosque County,US.TX.BQ,7,0,
Sherman County,US.KS.SH,7,0,
Washington County,US.KY.WS,7,0,
Gaines County,US.TX.GS,7,0,
Fulton County,US.AR.FU,7,0,
Rooks County,US.KS.RO,7,0,
Lewis County,US.KY.LI,7,0,
Otoe County,US.NE.OT,7,0,
Metcalfe County,US.KY.MT,7,2,
Miami County,US.KS.MI,7,0,
Grand Isle County,US.VT.GR,7,0,
Lexington city,US.VA.LX,7,0,
Jefferson County,US.NE.JE,7,0,
Lewis County,US.MO.LE,7,1,
Goliad County,US.TX.GI,7,0,
Houston County,US.TN.HO,7,0,
Lawrence County,US.MO.LW,7,0,
Noble County,US.OK.NB,7,0,
Latah County,US.ID.LA,7,0,
Nicholas County,US.WV.NI,7,1,
Redwood County,US.MN.RW,7,0,
Reeves County,US.TX.RE,7,0,
Renville County,US.MN.RN,7,0,
Lincoln County,US.WI.LI,7,0,
Lincoln County,US.MT.LN,7,1,
Massac County,US.IL.MA,7,0,
Houghton County,US.MI.HO,7,0,
Marion County,US.KS.MN,7,1,
Hancock County,US.KY.HC,7,0,
Laclede County,US.MO.LD,7,0,
Palo Alto County,US.IA.PO,7,0,
McLean County,US.ND.ML,7,0,
Clay County,US.WV.CY,6,0,
Crook County,US.OR.CR,6,0,
Tillamook County,US.OR.TI,6,0,
Potter County,US.PA.PO,6,0,
Fall River County,US.SD.FL,6,0,
Morton County,US.KS.MT,6,0,
Evans County,US.GA.EV,6,0,
Caldwell County,US.MO.CW,6,0,
DeKalb County,US.MO.DE,6,0,
Power County,US.ID.PO,6,0,
Wabash County,US.IL.WB,6,0,
Carbon County,US.MT.CB,6,0,
Carson County,US.TX.CN,6,0,
Noble County,US.OH.NO,6,0,
Crawford County,US.KS.CR,6,1,
Rolette County,US.ND.RO,6,0,
Union County,US.OR.UN,6,0,
Pike County,US.IN.PI,6,0,
Johnson County,US.NE.JO,6,0,
Elk County,US.PA.EL,6,0,
Chariton County,US.MO.CI,6,0,
Greene County,US.IL.GE,6,0,
Pierce County,US.NE.PI,6,0,
Haskell County,US.OK.HS,6,0,
Costilla County,US.CO.CS,6,0,
Pembina County,US.ND.PE,6,0,
Tripp County,US.SD.TR,6,0,
Buffalo County,US.WI.BF,6,1,
Hutchinson County,US.SD.HT,6,0,
Radford city,US.VA.RD,6,0,
Kiowa County,US.OK.KO,6,0,
Barnes County,US.ND.BA,6,0,
Lassen County,US.CA.LS,6,0,
Bandera County,US.TX.BA,6,0,
Los Alamos County,US.NM.LO,6,0,
McDowell County,US.WV.MC,6,0,
Garza County,US.TX.GR,6,0,
Franklin County,US.NE.FA,6,0,
Lincoln County,US.MN.LI,6,0,
Millard County,US.UT.MD,6,0,
Woodson County,US.KS.WO,6,0,
Big Horn County,US.WY.BI,6,0,
Leslie County,US.KY.LS,6,0,
Glacier County,US.MT.GC,6,0,
Floyd County,US.VA.FO,6,1,
Macon County,US.MO.MN,6,0,
Bonner County,US.ID.BR,6,0,
Meigs County,US.OH.MS,6,0,
Yellow Medicine County,US.MN.YE,6,0,
Brown County,US.KS.BR,6,0,
Lake County,US.MI.LK,6,0,
Major County,US.OK.MJ,6,1,
Lake County,US.MT.LA,6,0,
Mahnomen County,US.MN.MH,6,1,
Shannon County,US.MO.SN,5,0,
Marquette County,US.WI.MQ,5,1,
Hodgeman County,US.KS.HG,5,0,
Clinton County,US.KY.CO,5,0,
Cloud County,US.KS.CD,5,0,
Colfax County,US.NM.CO,5,0,
Marshall County,US.IL.MH,5,0,
Decatur County,US.TN.DC,5,0,
Collingsworth County,US.TX.CG,5,0,
Hickman County,US.KY.HA,5,0,
Coos County,US.NH.CO,5,0,
Phelps County,US.MO.PH,5,0,
Hamilton County,US.NY.HA,5,1,
Aransas County,US.TX.AA,5,0,
Cotton County,US.OK.CT,5,2,
Hamlin County,US.SD.HM,5,0,
Craig County,US.VA.CG,5,0,
Spink County,US.SD.SP,5,0,
Clay County,US.TX.CY,5,0,
Pike County,US.AR.PE,5,0,
Matthews County,US.VA.MT,5,0,
Cumberland County,US.KY.CU,5,0,
Crook County,US.WY.CK,5,0,
Woodward County,US.OK.WW,5,0,
Burke County,US.ND.BK,5,0,
Clay County,US.NC.CY,5,0,
Latimer County,US.OK.LA,5,1,
Morris County,US.KS.MR,5,0,
Morgan County,US.OH.MA,5,0,
Murray County,US.OK.MR,5,0,
Walworth County,US.SD.WA,5,0,
Calhoun County,US.IA.CO,5,0,
Brooke County,US.WV.BO,5,0,
Moore County,US.TN.MO,5,0,
Montmorency County,US.MI.MR,5,0,
Carlisle County,US.KY.CE,5,1,
Newton County,US.TX.NE,5,0,
Las Animas County,US.CO.LS,5,0,
Valley County,US.NE.VA,5,0,
Carter County,US.MO.CR,5,1,
Casey County,US.KY.CS,5,0,
Mercer County,US.ND.ME,5,0,
Monroe County,US.AR.ME,5,0,
Johnson County,US.KY.JO,5,0,
Webster County,US.NE.WE,5,0,
Okfuskee County,US.OK.OF,5,0,
Tuolumne County,US.CA.TO,5,0,
Jackson County,US.AR.JA,5,0,
Cheyenne County,US.CO.CE,5,0,
Osage County,US.MO.OS,5,0,
Lincoln County,US.NM.LI,5,0,
Warren County,US.PA.WR,5,0,
Clay County,US.AR.CY,5,0,
Clay County,US.KS.CY,5,1,
Lincoln County,US.WV.LI,5,0,
Dickinson County,US.KS.DK,5,0,
Oscoda County,US.MI.OO,5,1,
Red Willow County,US.NE.RE,5,0,
Edwards County,US.KS.ED,5,0,
Giles County,US.VA.GI,5,0,
Gillespie County,US.TX.GL,5,0,
Rusk County,US.WI.RU,5,0,
Marion County,US.MO.MO,5,0,
Duval County,US.TX.DU,5,0,
Ralls County,US.MO.RL,5,0,
Garrard County,US.KY.GR,5,0,
Gogebic County,US.MI.GO,5,1,
Dickinson County,US.MI.DI,5,2,
Goshen County,US.WY.GO,5,0,
Schoolcraft County,US.MI.SR,4,0,
Gilpin County,US.CO.GI,4,0,
Jewell County,US.KS.JW,4,0,
Mitchell County,US.KS.MC,4,0,
Mitchell County,US.IA.ME,4,0,
Benzie County,US.MI.BE,4,0,
Franklin County,US.AR.FR,4,0,
Jim Hogg County,US.TX.JG,4,0,
Mineral County,US.NV.MI,4,0,
Petersburg Census Area,US.AK.PB,4,1,
Miller County,US.MO.ML,4,0,
Republic County,US.KS.RP,4,0,
Lawrence County,US.KY.LC,4,0,
Pushmataha County,US.OK.PU,4,0,
Corson County,US.SD.CO,4,0,
Cottle County,US.TX.OT,4,1,
Ringgold County,US.IA.RI,4,0,
Van Buren County,US.TN.VA,4,0,
Stephens County,US.TX.SE,4,0,
Karnes County,US.TX.KS,4,0,
Fremont County,US.IA.FO,4,0,
Fremont County,US.ID.FE,4,0,
Harlan County,US.KY.HL,4,0,
Lipscomb County,US.TX.LM,4,0,
Richland County,US.IL.RI,4,0,
Lawrence County,US.IL.LW,4,0,
Jackson County,US.SD.JA,4,0,
Bristol city,US.VA.BI,4,0,
Oldham County,US.TX.OL,4,1,
Chautauqua County,US.KS.CQ,4,0,
Tucker County,US.WV.TU,4,0,
Tyrrell County,US.NC.TY,4,0,
Jack County,US.TX.JK,4,0,
Union County,US.NM.UN,4,0,
Trimble County,US.KY.TM,4,0,
Knott County,US.KY.KT,4,0,
Broadwater County,US.MT.BR,4,0,
Traverse County,US.MN.TR,4,0,
Rice County,US.KS.RC,4,0,
Union County,US.TN.UO,4,0,
Nance County,US.NE.NA,4,0,
Eddy County,US.ND.ED,4,0,
Ottawa County,US.KS.OT,4,0,
Sargent County,US.ND.SG,4,0,
Clark County,US.SD.CK,4,0,
Rains County,US.TX.RI,4,0,
Lane County,US.KS.LE,4,0,
Langlade County,US.WI.LN,4,0,
Atoka County,US.OK.AT,4,0,
Jefferson County,US.OK.JE,4,0,
Quay County,US.NM.QU,4,1,
Grant County,US.MN.GR,4,0,
La Salle County,US.TX.LS,4,0,
Nemaha County,US.NE.NE,4,0,
Garden County,US.NE.GD,4,0,
McCook County,US.SD.MC,4,1,
Dallas County,US.MO.DL,4,0,
Worth County,US.MO.WO,4,0,
Adams County,US.WI.AD,4,1,
Emmons County,US.ND.EM,4,1,
Plumas County,US.CA.PU,4,0,
Wirt County,US.WV.WI,4,0,
Garfield County,US.UT.GA,4,0,
Polk County,US.MO.PO,4,0,
Daviess County,US.MO.DV,4,0,
De Witt County,US.IL.DW,4,0,
Sherman County,US.NE.SM,4,0,
Pleasants County,US.WV.PL,4,0,
Wahkiakum County,US.WA.WH,4,0,
Young County,US.TX.YU,4,1,
Letcher County,US.KY.LT,3,0,
Pend Oreille County,US.WA.PE,3,0,
Gulf County,US.FL.GU,3,0,
Bethel Census Area,US.AK.BE,3,0,
Lewis County,US.TN.LE,3,0,
Prairie County,US.AR.PR,3,0,
Woods County,US.OK.WS,3,0,
Coleman County,US.TX.CM,3,0,
Madison County,US.NC.MD,3,0,
Nome Census Area,US.AK.NM,3,0,
Wells County,US.ND.WE,3,0,
Grundy County,US.MO.GU,3,0,
Yoakum County,US.TX.YA,3,0,
Skamania County,US.WA.SM,3,0,
Conejos County,US.CO.CN,3,0,
Slope County,US.ND.SL,3,0,
Coal County,US.OK.CL,3,0,
Clearwater County,US.MN.CE,3,0,
McCulloch County,US.TX.MC,3,0,
Idaho County,US.ID.ID,3,0,
Essex County,US.VT.ES,3,0,
Hubbard County,US.MN.HU,3,0,
Hudspeth County,US.TX.HU,3,0,
Owen County,US.KY.OE,3,0,
Huerfano County,US.CO.HU,3,0,
Bottineau County,US.ND.BT,3,0,
Hughes County,US.OK.HU,3,0,
Ness County,US.KS.NS,3,0,
Martin County,US.TX.MT,3,1,
Deer Lodge County,US.MT.DE,3,0,
Madison County,US.MO.MD,3,0,
Luce County,US.MI.LU,3,0,
Breathitt County,US.KY.BT,3,0,
Martin County,US.KY.MI,3,0,
Edmunds County,US.SD.ED,3,0,
Nolan County,US.TX.NO,3,0,
Worth County,US.IA.WT,3,0,
Southeast Fairbanks Census Area,US.AK.SO,3,0,
Nicholas County,US.KY.NI,3,0,
Richland County,US.MT.RI,3,0,
Hinsdale County,US.CO.HI,3,0,
Red Lake County,US.MN.RD,3,0,
Golden Valley County,US.MT.GO,3,0,
Jefferson County,US.MT.JE,3,0,
Kingsbury County,US.SD.KI,3,0,
Chase County,US.KS.CS,3,0,
Caribou County,US.ID.CR,3,0,
Renville County,US.ND.RE,3,0,
Lac Qui Parle County,US.MN.LC,3,0,
Tyler County,US.WV.TY,3,0,
Adams County,US.ID.AM,3,0,
Johnston County,US.OK.JO,3,0,
Kiowa County,US.KS.KW,3,0,
Hand County,US.SD.HD,3,0,
Mercer County,US.MO.MC,3,0,
Newton County,US.AR.NW,3,0,
Crosby County,US.TX.CB,3,1,
Menominee County,US.WI.MN,3,0,
Stark County,US.IL.SA,3,0,
Dallas County,US.AR.DA,3,0,
Roseau County,US.MN.RS,3,0,
Refugio County,US.TX.RF,3,0,
Livingston County,US.MO.LV,3,0,
Llano County,US.TX.LL,3,0,
Atchison County,US.MO.AT,3,0,
Winkler County,US.TX.WI,3,0,
Kane County,US.UT.KA,3,0,
Howard County,US.MO.HR,3,0,
Sublette County,US.WY.SU,3,0,
Pierce County,US.ND.PI,3,0,
Douglas County,US.SD.DO,3,0,
Bayfield County,US.WI.BY,3,1,
Sullivan County,US.PA.SL,3,0,
Covington city,US.VA.CV,3,0,
Haskell County,US.TX.HK,3,0,
White Pine County,US.NV.WH,3,0,
Lincoln County,US.CO.LI,3,0,
Morgan County,US.KY.MG,3,0,
Pickett County,US.TN.PI,3,0,
Camden County,US.NC.CD,3,0,
Norton city,US.VA.NC,2,0,
Catron County,US.NM.CA,2,1,
Edwards County,US.IL.EW,2,0,
Braxton County,US.WV.BX,2,0,
Gallatin County,US.IL.GA,2,0,
Delta County,US.TX.DT,2,0,
Brule County,US.SD.BU,2,0,
Sheridan County,US.KS.SD,2,0,
Wyoming County,US.WV.WY,2,0,
Washburn County,US.WI.WR,2,0,
Norton County,US.KS.NT,2,0,
Alpine County,US.CA.AP,2,0,
Fleming County,US.KY.FE,2,0,
Marion County,US.AR.MN,2,0,
Lake County,US.OR.LK,2,0,
Maries County,US.MO.MS,2,0,
Reynolds County,US.MO.RE,2,0,
Marshall County,US.SD.MS,2,0,
Neosho County,US.KS.NO,2,0,
Osborne County,US.KS.OB,2,0,
Magoffin County,US.KY.MF,2,0,
Cheyenne County,US.KS.CN,2,0,
Chippewa County,US.MI.CP,2,0,
Iron County,US.WI.IR,2,1,
Childress County,US.TX.CD,2,0,
Iron County,US.MO.IR,2,0,
Oregon County,US.MO.OR,2,0,
Graham County,US.NC.GH,2,0,
Fisher County,US.TX.FH,2,1,
Dewey County,US.OK.DW,2,0,
Grant County,US.ND.GT,2,0,
Mineral County,US.CO.MI,2,0,
Box Butte County,US.NE.BX,2,0,
Comanche County,US.KS.CM,2,0,
Miner County,US.SD.ME,2,0,
Calhoun County,US.WV.CH,2,0,
Franklin County,US.FL.FR,2,0,
Phillips County,US.KS.PL,2,0,
Smith County,US.KS.SM,2,0,
White County,US.IL.WE,2,0,
McHenry County,US.ND.MH,2,1,
Greeley County,US.NE.GE,2,0,
Douglas County,US.MO.DO,2,0,
Green County,US.KY.GN,2,0,
Armstrong County,US.TX.AM,2,0,
Prince of Wales-Hyder Census Area,US.AK.PH,2,0,
Lincoln County,US.NV.LI,2,0,
Harper County,US.KS.HP,2,0,
Price County,US.WI.PC,2,0,
Gasconade County,US.MO.GA,2,0,
Roberts County,US.TX.RS,2,0,
Lincoln County,US.WA.LI,2,0,
Pratt County,US.KS.PR,2,0,
Keith County,US.NE.KT,2,0,
Piute County,US.UT.PT,2,0,
Avery County,US.NC.AV,2,0,
Hardeman County,US.TX.RD,2,0,
Custer County,US.CO.CU,2,0,
Ashland County,US.WI.AS,2,0,
Custer County,US.ID.CU,2,0,
Pershing County,US.NV.PE,2,0,
Northwest Arctic Borough,US.AK.NW,2,0,
Reagan County,US.TX.RG,2,0,
Washita County,US.OK.WT,2,0,
Florence County,US.WI.FL,2,0,
Park County,US.WY.PA,2,0,
Montgomery County,US.AR.MT,2,0,
Hamilton County,US.IL.HM,2,0,
Taylor County,US.WI.TA,2,0,
Owsley County,US.KY.OS,2,0,
Monroe County,US.MO.MR,2,0,
Bell County,US.KY.BL,2,0,
Pondera County,US.MT.PN,2,0,
Niobrara County,US.WY.NI,2,0,
Wallowa County,US.OR.WW,2,0,
Ellsworth County,US.KS.EW,2,0,
Clay County,US.IL.CY,2,0,
Valley County,US.ID.VA,2,0,
Highland County,US.VA.HA,2,0,
St. Clair County,US.MO.SC,2,0,
Sitka City and Borough,US.AK.SI,2,0,
Hall County,US.TX.HA,2,0,
Grant County,US.OK.GN,2,0,
Runnels County,US.TX.RN,2,0,
Bent County,US.CO.BE,2,0,
Cameron County,US.PA.CE,2,0,
Houston County,US.MN.HO,2,0,
Camas County,US.ID.CM,1,0,
Ward County,US.TX.WD,1,0,
Kittson County,US.MN.KI,1,0,
Musselshell County,US.MT.MU,1,0,
Kinney County,US.TX.KN,1,0,
Knox County,US.TX.KX,1,0,
Kodiak Island Borough,US.AK.KO,1,0,
Calhoun County,US.IL.CH,1,0,
Estill County,US.KY.ES,1,0,
Griggs County,US.ND.GI,1,0,
Burnett County,US.WI.BN,1,1,
McPherson County,US.SD.MP,1,0,
Liberty County,US.MT.LB,1,0,
Rio Blanco County,US.CO.RB,1,0,
Ritchie County,US.WV.RI,1,0,
Barber County,US.KS.AB,1,0,
Baraga County,US.MI.BA,1,0,
Baker County,US.OR.BA,1,0,
Wilson County,US.KS.WL,1,0,
Meagher County,US.MT.ME,1,0,
Wolfe County,US.KY.WL,1,0,
Beaverhead County,US.MT.BE,1,0,
McIntosh County,US.ND.MI,1,0,
Archer County,US.TX.AC,1,0,
Frontier County,US.NE.FO,1,0,
Woodruff County,US.AR.WO,1,0,
Anderson County,US.KS.AN,1,0,
Alfalfa County,US.OK.AL,1,0,
Rosebud County,US.MT.RS,1,0,
Yukon-Koyukuk Census Area,US.AK.YU,1,0,
Wheatland County,US.MT.WH,1,0,
Mills County,US.TX.MS,1,0,
Motley County,US.TX.MY,1,0,
Washington County,US.ME.WS,1,0,
Faulk County,US.SD.FU,1,0,
Fergus County,US.MT.FE,1,0,
Ferry County,US.WA.FE,1,0,
Lake County,US.MN.LE,1,0,
Brooks County,US.TX.BK,1,0,
Glasscock County,US.TX.GC,1,0,
Briscoe County,US.TX.BO,1,0,
Brewster County,US.TX.BS,1,0,
Boyd County,US.NE.BY,1,0,
Benson County,US.ND.BE,1,0,
Bowman County,US.ND.BW,1,0,
Glascock County,US.GA.GS,1,0,
Richardson County,US.NE.RI,1,0,
Wayne County,US.IA.WY,1,0,
Lee County,US.KY.LE,1,0,
Lemhi County,US.ID.LM,1,0,
Mitchell County,US.TX.MH,1,0,
Nelson County,US.ND.NE,1,0,
Foster County,US.ND.FO,1,0,
San Juan County,US.CO.SJ,1,0,
Ziebach County,US.SD.ZI,1,0,
Hill County,US.MT.HI,1,0,
Schuyler County,US.MO.SH,1,0,
Hitchcock County,US.NE.HI,1,0,
Hanson County,US.SD.HS,1,0,
Platte County,US.WY.PL,1,0,
Custer County,US.SD.CU,1,0,
Holt County,US.MO.HL,1,0,
Holt County,US.NE.HT,1,0,
Hancock County,US.TN.HC,1,0,
Dawes County,US.NE.DS,1,0,
Texas County,US.MO.TE,1,0,
Thayer County,US.NE.TA,1,0,
Clark County,US.MO.CK,1,0,
Edgar County,US.IL.EG,1,0,
Sioux County,US.ND.SI,1,0,
Hyde County,US.NC.HE,1,0,
Cimarron County,US.OK.CO,1,0,
Hyde County,US.SD.HY,1,0,
Decatur County,US.IA.DC,1,0,
Irion County,US.TX.IR,1,0,
Iron County,US.MI.IR,1,0,
Trego County,US.KS.TR,1,0,
Stafford County,US.KS.SF,1,0,
Hardin County,US.IL.HI,1,0,
Sierra County,US.NM.SI,1,0,
Harding County,US.NM.HA,1,0,
Stillwater County,US.MT.ST,1,0,
Pike County,US.IL.PK,1,0,
Sully County,US.SD.SU,1,0,
Harper County,US.OK.HP,1,0,
Stevens County,US.MN.SV,1,0,
Summers County,US.WV.SU,1,0,
Harney County,US.OR.HA,1,0,
Hemphill County,US.TX.HH,1,0,
Scott County,US.AR.SC,1,0,
Concho County,US.TX.ON,1,0,
Columbia County,US.WA.CM,1,0,
Grant County,US.OR.GR,1,0,
Piscataquis County,US.ME.PI,1,0,
Putnam County,US.IL.PT,1,0,
Steele County,US.ND.SE,1,0,
Coke County,US.TX.OK,1,0,
Presidio County,US.TX.PS,1,0,
Pepin County,US.WI.PE,1,0,
Hidalgo County,US.NM.HI,1,0,
Cochran County,US.TX.CC,1,0,
Taliaferro County,US.GA.TA,1,0,
Divide County,US.ND.DV,1,0,
Thomas County,US.NE.TO,1,0,
Storey County,US.NV.ST,1,0,
Powell County,US.KY.PO,1,0,
Elliott County,US.KY.EL,1,0,
Gregory County,US.SD.GE,1,0,
Trinity County,US.CA.TR,1,0,
Dimmit County,US.TX.DM,1,0,
Dent County,US.MO.DN,1,0,
North Slope Borough,US.AK.NH,1,0,
Nuckolls County,US.NE.NU,1,0,
Deuel County,US.SD.DU,1,0,
Shelby County,US.MO.SB,1,0,
Dickens County,US.TX.DC,1,0,
Shackelford County,US.TX.SC,1,0,
Dickey County,US.ND.DC,1,0,
Gove County,US.KS.GO,1,0,
Sherman County,US.OR.SH,1,0,
Oliver County,US.ND.OL,1,0,
Chase County,US.NE.CE,1,0,
Kimble County,US.TX.KM,1,0,
Cherry County,US.NE.CH,1,0,
Pope County,US.IL.PE,1,0,
Sierra County,US.CA.SE,1,0,
San Saba County,US.TX.SS,1,0,
Stonewall County,US.TX.SA,0,0,
Aleutians East Borough,US.AK.AE,0,0,
Powell County,US.MT.PL,0,0,
Wibaux County,US.MT.WI,0,0,
Harding County,US.SD.HR,0,0,
Culberson County,US.TX.UL,0,0,
Dolores County,US.CO.DO,0,0,
Garfield County,US.MT.GF,0,0,
Dillingham Census Area,US.AK.DI,0,0,
Crockett County,US.TX.CT,0,0,
Aleutians West Census Area,US.AK.AW,0,0,
Wichita County,US.KS.WH,0,0,
Barton County,US.MO.BT,0,0,
Deuel County,US.NE.DL,0,0,
Rock County,US.NE.RO,0,0,
Banner County,US.NE.BA,0,0,
Roger Mills County,US.OK.RR,0,0,
Dewey County,US.SD.DW,0,0,
Harlan County,US.NE.HR,0,0,
Robertson County,US.KY.RB,0,0,
Marshall County,US.KS.MS,0,0,
Adams County,US.ND.AD,0,0,
Harmon County,US.OK.HM,0,0,
Potter County,US.SD.PO,0,0,
Sterling County,US.TX.SI,0,0,
Powder River County,US.MT.PD,0,0,
Dickenson County,US.VA.DC,0,0,
Menard County,US.TX.EN,0,0,
Wrangell City and Borough,US.AK.WG,0,0,
Denali Borough,US.AK.DE,0,0,
De Baca County,US.NM.DE,0,0,
Dawson County,US.MT.DW,0,0,
Sheridan County,US.NE.SD,0,0,
Garfield County,US.NE.GF,0,0,
Russell County,US.KS.RS,0,0,
Lincoln County,US.KS.LC,0,0,
Sedgwick County,US.CO.SE,0,0,
Skagway Municipality,US.AK.SW,0,0,
Haines Borough,US.AK.HA,0,0,
Haakon County,US.SD.HA,0,0,
Sioux County,US.NE.SI,0,0,
Shoshone County,US.ID.SH,0,0,
Rush County,US.KS.RH,0,0,
Loup County,US.NE.LU,0,0,
McCone County,US.MT.MC,0,0,
Loving County,US.TX.LI,0,0,
Decatur County,US.KS.DC,0,0,
Doddridge County,US.WV.DO,0,0,
Sheridan County,US.ND.SH,0,0,
Garfield County,US.WA.GF,0,0,
Logan County,US.NE.LG,0,0,
Mellette County,US.SD.ML,0,0,
Custer County,US.MT.CU,0,0,
Prairie County,US.MT.PR,0,0,
Yakutat City and Borough,US.AK.YA,0,0,
Sheridan County,US.MT.SH,0,0,
Allen County,US.KS.AL,0,0,
Dade County,US.MO.DD,0,0,
Daggett County,US.UT.DG,0,0,
McPherson County,US.NE.MC,0,0,
McMullen County,US.TX.MM,0,0,
Logan County,US.KS.LG,0,0,
Somervell County,US.TX.SV,0,0,
Logan County,US.ND.LO,0,0,
Arthur County,US.NE.AR,0,0,
Daniels County,US.MT.DN,0,0,
Alger County,US.MI.AG,0,0,
King County,US.TX.KG,0,0,
Bath County,US.VA.BA,0,0,
Eureka County,US.NV.EU,0,0,
Jones County,US.SD.JO,0,0,
Cavalier County,US.ND.CV,0,0,
Fallon County,US.MT.FA,0,0,
Kusilvak Census Area,US.AK.WA,0,0,
Graham County,US.KS.GH,0,0,
Elk County,US.KS.EK,0,0,
Jeff Davis County,US.TX.JF,0,0,
Oneida County,US.ID.ON,0,0,
Brown County,US.NE.BW,0,0,
Jackson County,US.CO.JA,0,0,
Edwards County,US.TX.ED,0,0,
Ontonagon County,US.MI.ON,0,0,
Issaquena County,US.MS.IS,0,0,
Mora County,US.NM.MO,0,0,
Treasure County,US.MT.TR,0,0,
Bristol Bay Borough,US.AK.BR,0,0,
Washington County,US.KS.WS,0,0,
Towner County,US.ND.TO,0,0,
Chouteau County,US.MT.CH,0,0,
Lake and Peninsula Borough,US.AK.LA,0,0,
Clark County,US.ID.CA,0,0,
Knox County,US.MO.KN,0,0,
Butte County,US.ID.BT,0,0,
LaMoure County,US.ND.LA,0,0,
Butte County,US.SD.BT,0,0,
Kingman County,US.KS.KM,0,0,
Campbell County,US.SD.CP,0,0,
Kidder County,US.ND.KI,0,0,
Keya Paha County,US.NE.KY,0,0,
Keweenaw County,US.MI.KW,0,0,
Kiowa County,US.CO.KO,0,0,
Kent County,US.TX.KT,0,0,
Kenedy County,US.TX.KE,0,0,
Golden Valley County,US.ND.GO,0,0,
Kalawao County,US.HI.KL,0,0,
Real County,US.TX.RL,0,0,
Wallace County,US.KS.WA,0,0,
Valley County,US.MT.VA,0,0,
Esmeralda County,US.NV.ES,0,0,
Valdez-Cordova Census Area,US.AK.VA,0,0,
Upton County,US.TX.UP,0,0,
Calhoun County,US.AR.CA,0,0,
Ellis County,US.OK.EL,0,0,
Judith Basin County,US.MT.JU,0,0,
Carter County,US.MT.CT,0,0,
Rawlins County,US.KS.RA,0,0,
Lake of the Woods County,US.MN.LO,0,0,
Throckmorton County,US.TX.TH,0,0,
Greeley County,US.KS.GL,0,0,
Billings County,US.ND.BI,0,0,
Sweet Grass County,US.MT.SW,0,0,
Lewis County,US.ID.LW,0,0,
Perkins County,US.NE.PE,0,0,
Gilliam County,US.OR.GI,0,0,
Sutton County,US.TX.ST,0,0,
Webster County,US.WV.WB,0,0,
Perkins County,US.SD.PR,0,0,
Hickory County,US.MO.HC,0,0,
Bennett County,US.SD.BN,0,0,
Sanders County,US.MT.SA,0,0,
Hettinger County,US.ND.HE,0,0,
Petroleum County,US.MT.PO,0,0,
Beaver County,US.UT.BV,0,0,
Cook County,US.MN.CO,0,0,
Wheeler County,US.NE.WH,0,0,
Wheeler County,US.OR.WE,0,0,
Phillips County,US.MT.PH,0,0,
Bear Lake County,US.ID.BK,0,0,
Hayes County,US.NE.HY,0,0,
Baylor County,US.TX.BR,0,0,
Scott County,US.IL.SO,0,0,
Putnam County,US.MO.PN,0,0,
Wayne County,US.UT.WE,0,0,
Thomas County,US.KS.TH,0,0,
Grant County,US.NE.GA,0,0,
Boundary County,US.ID.BD,0,0,
Teton County,US.MT.TE,0,0,
Ozark County,US.MO.OZ,0,0,
Borden County,US.TX.BD,0,0,
Terrell County,US.TX.TL,0,0,
Granite County,US.MT.GN,0,0,
Schleicher County,US.TX.SH,0,0,
Hoonah-Angoon Census Area,US.AK.HH,0,0,
Rich County,US.UT.RH,0,0,
Hooker County,US.NE.HO,0,0,
Foard County,US.TX.FD,0,0,
Dundy County,US.NE.DY,0,0,
Pawnee County,US.KS.PN,0,0,
Pawnee County,US.NE.PA,0,0,
Boise County,US.ID.BS,0,0,
Clearwater County,US.ID.CE,0,0,
Bland County,US.VA.BL,0,0,
Wayne County,US.MO.WY,0,0,
Modoc County,US.CA.MC,0,0,
Blaine County,US.NE.BL,0,0,
Blaine County,US.MT.BL,0,0,
Mineral County,US.MT.MN,0,0,
