County,hasc,confirmed,death,recovered
Los Angeles County,US.CA.LO,262133,6401,
Miami-Dade County,US.FL.DA,167515,3085,
Maricopa County,US.AZ.MA,140314,3275,
Cook County,US.IL.CO,140078,5172,
Harris County,US.TX.RR,137946,2518,
Dallas County,US.TX.DS,78205,1091,
Broward County,US.FL.BO,75944,1328,
Queens County,US.NY.QU,71818,7245,
Kings County,US.NY.KI,67391,7319,
Clark County,US.NV.CL,64288,1328,
Riverside County,US.CA.RI,57482,1172,
Bexar County,US.TX.BX,53639,1255,
San Bernardino County,US.CA.SA,52873,908,
Bronx County,US.NY.BN,52666,4942,
Orange County,US.CA.OR,52382,1150,
Nassau County,US.NY.NA,46325,2201,
Suffolk County,US.NY.SF,46176,2012,
Palm Beach County,US.FL.PL,45602,1286,
San Diego County,US.CA.SD,45147,765,
Tarrant County,US.TX.TN,43994,693,
Hillsborough County,US.FL.HL,41016,605,
Orange County,US.FL.OR,39232,432,
Westchester County,US.NY.WE,37866,1454,
Wayne County,US.MI.WY,34421,2963,
New York County,US.NY.NE,33146,3173,
Kern County,US.CA.KE,31647,357,
Philadelphia County,US.PA.PH,31108,1812,
Hidalgo County,US.TX.HG,30743,1451,
Shelby County,US.TN.SY,30244,449,
Duval County,US.FL.DU,29580,354,
Middlesex County,US.MA.MI,29148,2127,
Milwaukee County,US.WI.MU,28843,525,
Prince George's County,US.MD.PR,28715,818,
Salt Lake County,US.UT.SL,28676,247,
Travis County,US.TX.TV,28596,405,
Fresno County,US.CA.FR,27843,362,
Mecklenburg County,US.NC.MB,27687,342,
Fulton County,US.GA.FU,27122,565,
Gwinnett County,US.GA.GW,26744,396,
Franklin County,US.OH.FR,26242,603,
Hennepin County,US.MN.HE,26147,923,
Davidson County,US.TN.DA,26087,294,
Suffolk County,US.MA.SU,25005,1131,
Pima County,US.AZ.PM,24798,617,
El Paso County,US.TX.EP,22821,508,
Cameron County,US.TX.CA,22499,875,
Bergen County,US.NJ.BE,22251,2044,
St. Louis County,US.MO.SL,21972,785,
Montgomery County,US.MD.MO,21933,841,
Sacramento County,US.CA.SC,21800,393,
Pinellas County,US.FL.PI,21620,729,
King County,US.WA.KN,21559,757,
Marion County,US.IN.MO,21001,810,
Essex County,US.NJ.ES,20874,2126,
Alameda County,US.CA.AA,20748,390,
Santa Clara County,US.CA.SL,20587,299,
Hudson County,US.NJ.HD,20540,1513,
Fairfax County,US.VA.FX,20373,583,
Oakland County,US.MI.OD,20178,1195,
Lee County,US.FL.LE,20063,460,
San Joaquin County,US.CA.SJ,20019,421,
Essex County,US.MA.ES,19944,1271,
Fairfield County,US.CT.FA,19891,1421,
Polk County,US.FL.PO,19339,512,
Jefferson County,US.AL.JE,19230,342,
Cobb County,US.GA.CB,19174,421,
Middlesex County,US.NJ.MI,19158,1425,
Passaic County,US.NJ.PA,18846,1253,
DeKalb County,US.GA.DA,18192,351,
Providence County,US.RI.PR,17941,865,
Jackson County (including other portions of Kansas City),US.MO.JC,17888,189,
Baltimore County,US.MD.BC,17523,619,
Union County,US.NJ.UN,17505,1357,
Jefferson Parish,US.LA.JF,17344,565,
Cuyahoga County,US.OH.CU,17196,644,
Wake County,US.NC.WK,17010,233,
Oklahoma County,US.OK.OL,16961,185,
DuPage County,US.IL.DU,16883,551,
Lake County,US.IL.LK,16489,486,
Stanislaus County,US.CA.ST,16398,339,
Tulsa County,US.OK.TU,16207,153,
Contra Costa County,US.CA.CN,16156,202,
Utah County,US.UT.UT,16119,54,
Nueces County,US.TX.NU,15814,352,
Fort Bend County,US.TX.FR,15814,279,
Richmond County,US.NY.RI,15786,1085,
Tulare County,US.CA.TL,15782,257,
Charleston County,US.SC.CS,15560,258,
Polk County,US.IA.PK,15371,259,
Douglas County,US.NE.DG,15349,190,
Baltimore City,US.MD.BA,15292,482,
Washington,US.DC.DI,15021,621,
East Baton Rouge Parish,US.LA.EB,14960,439,
Rockland County,US.NY.RO,14891,509,
Worcester County,US.MA.WO,14816,1094,
Jefferson County,US.KY.JF,14694,297,
Richland County,US.SC.RI,14591,230,
Hartford County,US.CT.HA,14414,1434,
New Haven County,US.CT.NH,14278,1113,
Macomb County,US.MI.MB,14163,1013,
Greenville County,US.SC.GV,13859,295,
Will County,US.IL.WL,13539,373,
Webb County,US.TX.WB,13201,261,
Mobile County,US.AL.MB,13192,291,
Collin County,US.TX.CI,13060,138,
Hamilton County,US.OH.HM,12850,309,
Kane County,US.IL.KE,12716,325,
Yuma County,US.AZ.YU,12594,344,
Denver County,US.CO.DN,12588,434,
Collier County,US.FL.CL,12520,205,
Ada County,US.ID.AA,12455,146,
Orleans Parish,US.LA.OR,12407,587,
Ocean County,US.NJ.OC,12382,1043,
Ventura County,US.CA.VE,12275,146,
Osceola County,US.FL.OS,12209,138,
Prince William County,US.VA.PW,12183,201,
Escambia County,US.FL.ES,12069,218,
Montgomery County,US.PA.MG,11992,876,
Orange County,US.NY.OE,11835,412,
Allegheny County,US.PA.AL,11821,351,
Denton County,US.TX.DN,11607,150,
Imperial County,US.CA.IM,11606,314,
Monmouth County,US.NJ.MN,11584,865,
Norfolk County,US.MA.NO,11567,1048,
Galveston County,US.TX.GV,11473,153,
Yakima County,US.WA.YA,11301,257,
Manatee County,US.FL.MN,11279,278,
Delaware County,US.PA.DE,11193,751,
Erie County,US.NY.ER,11082,623,
Brazoria County,US.TX.BI,11045,159,
San Francisco County,US.CA.SF,10865,99,
Volusia County,US.FL.VO,10614,226,
Ramsey County,US.MN.RA,10595,318,
Montgomery County,US.TX.MG,10571,157,
Lubbock County,US.TX.LU,10515,116,
Bristol County,US.MA.BR,10466,686,
Johnson County,US.KS.JO,10462,143,
Pinal County,US.AZ.PN,10397,205,
Honolulu County,US.HI.HO,10393,95,
Lake County,US.IN.LK,10352,336,
Horry County,US.SC.HO,10147,195,
Leon County,US.FL.LO,10125,57,
Plymouth County,US.MA.PL,10087,762,
Camden County,US.NJ.CM,9748,605,
New Castle County,US.DE.NE,9731,310,
Anne Arundel County,US.MD.AN,9713,245,
Monterey County,US.CA.MT,9645,70,
San Mateo County,US.CA.SM,9625,144,
Kent County,US.MI.KN,9522,174,
Marion County,US.FL.MI,9491,261,
Dane County,US.WI.DA,9406,41,
Hamilton County,US.TN.HL,9211,89,
Washington County,US.AR.WA,9103,108,
Rutherford County,US.TN.RU,9058,88,
Knox County,US.TN.KN,9052,73,
Santa Barbara County,US.CA.SB,8952,111,
Arapahoe County,US.CO.AA,8940,369,
Pasco County,US.FL.PS,8934,204,
Seminole County,US.FL.SE,8887,200,
Lafayette Parish,US.LA.LY,8870,124,
Hall County,US.GA.HL,8864,145,
Pulaski County,US.AR.PU,8804,137,
Merced County,US.CA.MD,8803,140,
Washoe County,US.NV.WA,8743,154,
Montgomery County,US.AL.MT,8711,175,
Adams County,US.CO.AD,8609,222,
Bucks County,US.PA.BC,8590,606,
Mercer County,US.NJ.ME,8583,635,
Brevard County,US.FL.BE,8502,281,
Sedgwick County,US.KS.SG,8465,85,
Williamson County,US.TX.WM,8458,142,
Hampden County,US.MA.HD,8336,773,
Caddo Parish,US.LA.CO,8312,349,
Guilford County,US.NC.GU,8209,176,
Chatham County,US.GA.CM,8199,147,
Canyon County,US.ID.CN,7973,100,
Sarasota County,US.FL.SR,7912,248,
Brown County,US.WI.BW,7878,60,
St. Lucie County,US.FL.SL,7846,269,
Morris County,US.NJ.MR,7775,831,
Calcasieu Parish,US.LA.CC,7773,210,
Madison County,US.AL.MD,7674,75,
Pierce County,US.WA.PI,7655,196,
Alachua County,US.FL.AL,7651,48,
Lancaster County,US.PA.LN,7607,457,
Montgomery County,US.OH.MT,7583,152,
McLennan County,US.TX.ML,7571,99,
Durham County,US.NC.DH,7563,91,
Kings County,US.CA.KI,7534,77,
Waukesha County,US.WI.WK,7386,85,
Tuscaloosa County,US.AL.TU,7355,114,
Lake County,US.FL.LK,7339,172,
St. Charles County,US.MO.SA,7321,115,
Dakota County,US.MN.DA,7250,125,
Jefferson County,US.TX.JE,7241,129,
Lucas County,US.OH.LU,7187,358,
Sonoma County,US.CA.SO,7112,114,
Clayton County,US.GA.CN,7069,159,
Hinds County,US.MS.HI,7017,157,
Burlington County,US.NJ.BU,6974,493,
Richmond County,US.GA.RI,6921,158,
Multnomah County,US.OR.MU,6912,133,
Berks County,US.PA.BK,6903,391,
Lexington County,US.SC.LX,6876,157,
Forsyth County,US.NC.FO,6850,95,
St. Tammany Parish,US.LA.ST,6842,251,
Wyandotte County,US.KS.WY,6822,134,
City of St. Louis,US.MO.SY,6758,207,
Snohomish County,US.WA.SN,6735,213,
El Paso County,US.CO.EL,6712,169,
Loudoun County,US.VA.LD,6698,123,
Virginia Beach City,US.VA.VI,6674,81,
Sussex County,US.DE.SU,6666,203,
Chester County,US.PA.CH,6622,362,
Marin County,US.CA.MN,6616,114,
Elkhart County,US.IN.EL,6509,113,
Spartanburg County,US.SC.SP,6483,192,
Spokane County,US.WA.SP,6366,156,
St. Clair County,US.IL.SI,6339,187,
Benton County,US.AR.BE,6335,82,
Minnehaha County,US.SD.MN,6293,78,
Bernalillo County,US.NM.BE,6247,173,
Solano County,US.CA.SN,6194,57,
St. Joseph County,US.IN.SN,6174,108,
Ouachita Parish,US.LA.OU,6120,141,
Brazos County,US.TX.BZ,6102,62,
Allen County,US.IN.AL,6057,210,
Bibb County,US.GA.BI,5974,158,
Monroe County,US.NY.MR,5925,259,
Bay County,US.FL.BY,5896,97,
Muscogee County,US.GA.MG,5883,166,
Anoka County,US.MN.AN,5836,132,
Chesterfield County,US.VA.CD,5829,93,
Cherokee County,US.GA.CE,5811,91,
Lancaster County,US.NE.LA,5806,24,
Hays County,US.TX.HY,5778,60,
Shelby County,US.AL.SH,5765,50,
Lee County,US.AL.LE,5765,60,
Navajo County,US.AZ.NA,5751,233,
Butler County,US.OH.BU,5727,102,
Somerset County,US.NJ.SO,5709,569,
Fayette County,US.KY.FA,5688,70,
Cleveland County,US.OK.CV,5658,68,
Greene County,US.MO.GE,5597,19,
Lehigh County,US.PA.LH,5505,350,
Beaufort County,US.SC.BA,5496,81,
Jefferson County,US.CO.JE,5470,247,
DeSoto County,US.MS.DE,5448,59,
Madison County,US.IL.MD,5414,131,
Winnebago County,US.IL.WN,5399,149,
Berkeley County,US.SC.BK,5358,88,
Bell County,US.TX.BL,5327,82,
Henrico County,US.VA.HC,5315,210,
Santa Rosa County,US.FL.SA,5227,71,
Cumberland County,US.NC.CU,5178,75,
Summit County,US.OH.SU,5172,249,
York County,US.SC.YO,5158,68,
St. Johns County,US.FL.SJ,5143,68,
Baldwin County,US.AL.BD,5124,49,
Williamson County,US.TN.WL,5096,36,
Dutchess County,US.NY.DU,5084,156,
Woodbury County,US.IA.WO,5038,63,
Henry County,US.GA.HY,5026,99,
Johnson County,US.IA.JH,5024,27,
Racine County,US.WI.RA,4971,94,
Howard County,US.MD.HO,4968,122,
Clarke County,US.GA.CK,4916,42,
Gaston County,US.NC.GS,4892,77,
Clay County,US.FL.CY,4862,91,
Florence County,US.SC.FL,4836,185,
Martin County,US.FL.MT,4780,132,
Okaloosa County,US.FL.OA,4769,102,
Cass County,US.ND.CS,4767,77,
Norfolk City,US.VA.NF,4764,72,
Hamilton County,US.IN.HM,4756,118,
Davis County,US.UT.DA,4752,28,
Sumner County,US.TN.SN,4721,93,
Union County,US.NC.UN,4611,58,
Pitt County,US.NC.PI,4609,27,
Weld County,US.CO.WE,4576,149,
Potter County,US.TX.PT,4558,54,
York County,US.PA.YO,4554,143,
Richmond City,US.VA.RC,4540,58,
Marion County,US.OR.MR,4504,91,
Whitfield County,US.GA.WF,4469,60,
Boone County,US.MO.BO,4466,6,
McHenry County,US.IL.MY,4446,118,
Benton County,US.WA.BE,4435,129,
Madera County,US.CA.ME,4424,65,
Champaign County,US.IL.CM,4411,20,
Northampton County,US.PA.NA,4403,305,
Tangipahoa Parish,US.LA.TA,4394,117,
Black Hawk County,US.IA.BL,4378,86,
Genesee County,US.MI.GE,4369,308,
Gloucester County,US.NJ.GL,4358,226,
Washington County,US.OR.WI,4355,58,
Hillsborough County,US.NH.HI,4302,288,
McKinley County,US.NM.MC,4300,255,
Ellis County,US.TX.EI,4291,67,
Johnston County,US.NC.JH,4263,55,
Robeson County,US.NC.RB,4263,72,
Onondaga County,US.NY.OG,4253,180,
Chesapeake City,US.VA.CS,4220,69,
Franklin County,US.WA.FR,4199,64,
Warren County,US.KY.WR,4190,41,
Anderson County,US.SC.AN,4134,166,
Rapides Parish,US.LA.RA,4122,146,
Dorchester County,US.SC.DO,4056,87,
Luzerne County,US.PA.LU,4039,189,
Victoria County,US.TX.VI,4011,95,
Aiken County,US.SC.AI,3999,78,
Atlantic County,US.NJ.AT,3983,256,
Weber County,US.UT.WB,3981,30,
Jefferson County,US.MO.JE,3950,53,
Frederick County,US.MD.FR,3938,130,
New Hanover County,US.NC.NE,3934,29,
Outagamie County,US.WI.OU,3923,28,
Mohave County,US.AZ.MO,3914,223,
Municipality of Anchorage,US.AK.AN,3904,28,
Marshall County,US.AL.MS,3889,43,
Arlington County,US.VA.AR,3855,148,
Stearns County,US.MN.SR,3833,24,
Lowndes County,US.GA.LW,3828,76,
Boulder County,US.CO.BO,3824,79,
Linn County,US.IA.LI,3814,108,
Cabarrus County,US.NC.CR,3811,62,
Harrison County,US.MS.HR,3780,73,
Coconino County,US.AZ.CO,3777,133,
Forsyth County,US.GA.FO,3772,44,
Alamance County,US.NC.AA,3771,54,
Cumberland County,US.NJ.CU,3749,157,
Alexandria City,US.VA.AX,3727,68,
Livingston Parish,US.LA.LV,3726,74,
Dauphin County,US.PA.DA,3714,176,
Kenosha County,US.WI.KN,3695,65,
Ascension Parish,US.LA.AE,3693,97,
Walker County,US.TX.WK,3693,56,
Smith County,US.TX.SM,3687,97,
Columbia County,US.FL.CU,3667,50,
Columbia County,US.GA.CI,3645,58,
Washington County,US.MN.WH,3627,55,
Terrebonne Parish,US.LA.TR,3601,110,
Jasper County,US.MO.JS,3590,47,
Midland County,US.TX.ID,3588,62,
Lafourche Parish,US.LA.LO,3576,119,
Guadalupe County,US.TX.GU,3550,76,
Maverick County,US.TX.MV,3535,112,
Placer County,US.CA.PA,3507,42,
Sebastian County,US.AR.SB,3492,57,
Apache County,US.AZ.AP,3462,163,
Douglas County,US.GA.DL,3457,71,
San Luis Obispo County,US.CA.SS,3453,27,
Vanderburgh County,US.IN.VA,3448,30,
Sarpy County,US.NE.SY,3439,15,
Jackson County,US.MS.JC,3418,69,
Glynn County,US.GA.GY,3416,94,
Calhoun County,US.AL.CN,3390,40,
Etowah County,US.AL.ET,3384,47,
Wilson County,US.TN.WO,3384,43,
Washtenaw County,US.MI.WS,3382,115,
Starr County,US.TX.SR,3379,159,
Story County,US.IA.ST,3315,17,
Ingham County,US.MI.IH,3297,47,
San Juan County,US.NM.SJ,3276,197,
St. Landry Parish,US.LA.SL,3271,124,
Peoria County,US.IL.PI,3256,48,
Ottawa County,US.MI.OT,3255,66,
Morgan County,US.AL.MG,3226,26,
Madison County,US.MS.MD,3218,86,
Rowan County,US.NC.RW,3213,88,
Rankin County,US.MS.RA,3202,76,
Burleigh County,US.ND.BL,3201,36,
Wayne County,US.NC.WY,3192,66,
McLean County,US.IL.ML,3188,20,
Washington County,US.UT.WN,3166,25,
Dona Ana County,US.NM.DO,3165,53,
Sumter County,US.SC.SU,3145,77,
Bossier Parish,US.LA.BO,3138,106,
Dougherty County,US.GA.DH,3128,183,
Indian River County,US.FL.IN,3111,113,
Putnam County,US.TN.PU,3088,38,
Winnebago County,US.WI.WA,3079,23,
Marion County,US.OH.MR,3072,47,
Houston County,US.GA.HO,3069,78,
Ector County,US.TX.EC,3069,80,
Kaufman County,US.TX.KU,3068,47,
Orangeburg County,US.SC.OR,3048,121,
Hernando County,US.FL.HA,3037,114,
Albany County,US.NY.AB,3037,123,
Floyd County,US.GA.FL,3010,41,
Catawba County,US.NC.CB,3006,52,
Mahoning County,US.OH.MH,3002,279,
Montgomery County,US.TN.MT,2971,43,
Charlotte County,US.FL.CH,2965,131,
Warren County,US.OH.WR,2947,48,
Harford County,US.MD.HA,2945,76,
Jefferson County,US.AR.JE,2945,63,
Acadia Parish,US.LA.AD,2930,96,
Umatilla County,US.OR.UM,2916,41,
Iberia Parish,US.LA.II,2896,89,
Buncombe County,US.NC.BO,2892,80,
Johnson County,US.TX.JH,2891,49,
Yellowstone County,US.MT.YS,2882,61,
Kent County,US.DE.KE,2882,115,
Saginaw County,US.MI.SG,2882,139,
Bradley County,US.TN.BR,2868,17,
Dubuque County,US.IA.DU,2850,41,
La Crosse County,US.WI.LA,2846,2,
Rock Island County,US.IL.RO,2827,71,
Santa Cruz County,US.AZ.SA,2824,63,
Bartow County,US.GA.BT,2821,82,
Scott County,US.IA.SC,2819,27,
Grant County,US.WA.GN,2803,20,
Anderson County,US.TX.AE,2801,31,
Bulloch County,US.GA.BH,2796,26,
Pickens County,US.SC.PI,2774,44,
Stark County,US.OH.ST,2771,168,
Yolo County,US.CA.YO,2765,54,
Troup County,US.GA.TP,2763,94,
Houston County,US.AL.HO,2753,22,
Madison County,US.TN.MD,2750,60,
Jackson County,US.FL.JA,2750,77,
Gadsden County,US.FL.GA,2739,45,
Butte County,US.CA.BU,2732,40,
Paulding County,US.GA.PA,2728,50,
Charles County,US.MD.CH,2716,99,
Hendricks County,US.IN.HD,2708,139,
Dallas County,US.IA.DL,2699,38,
Ford County,US.KS.FO,2691,10,
Newport News City,US.VA.NN,2690,33,
Randolph County,US.NC.RA,2687,51,
Iredell County,US.NC.IR,2686,27,
Craighead County,US.AR.CG,2676,21,
Kalamazoo County,US.MI.KA,2661,91,
Carroll County,US.GA.CL,2661,63,
Kankakee County,US.IL.KK,2660,76,
Citrus County,US.FL.CI,2660,88,
Randall County,US.TX.RA,2649,37,
Comal County,US.TX.OM,2642,102,
Suwannee County,US.FL.SW,2640,65,
Davidson County,US.NC.DD,2638,34,
Pickaway County,US.OH.PC,2634,44,
Lee County,US.MS.LE,2633,68,
Walworth County,US.WI.WL,2630,34,
Clark County,US.WA.CR,2624,62,
Shawnee County,US.KS.SN,2608,30,
Orange County,US.NC.OR,2604,55,
Cache County,US.UT.CA,2598,6,
Elmore County,US.AL.EL,2586,47,
Newton County,US.GA.NE,2540,82,
Sevier County,US.TN.SV,2537,15,
Portsmouth City,US.VA.PR,2529,58,
Coweta County,US.GA.CA,2527,42,
Harrisonburg City,US.VA.HS,2524,34,
Kootenai County,US.ID.KO,2517,35,
Bonneville County,US.ID.BV,2505,16,
Yavapai County,US.AZ.YA,2489,79,
Monroe County,US.IN.MR,2479,40,
Rock County,US.WI.RO,2477,32,
Scott County,US.MN.SC,2473,33,
Blount County,US.TN.BO,2449,23,
Jones County,US.MS.JO,2438,78,
Douglas County,US.CO.DU,2428,60,
Lackawanna County,US.PA.LC,2410,216,
Forrest County,US.MS.FO,2409,71,
Larimer County,US.CO.LR,2404,50,
Washington County,US.WI.WN,2395,32,
Oneida County,US.NY.OD,2378,121,
Kanawha County,US.WV.KA,2377,70,
DeKalb County,US.AL.DA,2375,19,
Olmsted County,US.MN.OL,2329,27,
Faulkner County,US.AR.FA,2308,19,
Johnson County,US.IN.JO,2307,132,
Clackamas County,US.OR.CC,2304,61,
Cumberland County,US.ME.CU,2288,70,
Santa Cruz County,US.CA.SZ,2283,8,
Lorain County,US.OH.LR,2277,86,
Maury County,US.TN.MU,2274,23,
Tippecanoe County,US.IN.TP,2272,14,
Sangamon County,US.IL.SM,2267,44,
St. Clair County,US.AL.SA,2255,35,
Walker County,US.AL.WK,2250,80,
Liberty County,US.TX.LT,2249,49,
Ulster County,US.NY.UL,2244,84,
Tom Green County,US.TX.TG,2212,62,
Nash County,US.NC.NA,2210,38,
Washington County,US.TN.WI,2186,34,
Washington County,US.MS.WS,2186,71,
Sumter County,US.FL.SM,2180,65,
Robertson County,US.TN.RB,2173,34,
Gregg County,US.TX.GE,2171,61,
Clark County,US.IN.CK,2166,63,
Delaware County,US.OH.DL,2166,20,
Dakota County,US.NE.DK,2159,43,
Greenwood County,US.SC.GW,2150,72,
Duplin County,US.NC.DP,2146,53,
Val Verde County,US.TX.VL,2135,99,
Angelina County,US.TX.AG,2120,79,
Douglas County,US.KS.DG,2118,10,
Lafayette County,US.MS.LY,2116,39,
Wilson County,US.NC.WO,2116,47,
Grand Forks County,US.ND.GD,2110,13,
Barrow County,US.GA.BW,2106,46,
Highlands County,US.FL.HG,2104,81,
Talladega County,US.AL.TD,2099,27,
Spotsylvania County,US.VA.SP,2099,44,
Westmoreland County,US.PA.WE,2096,52,
Twin Falls County,US.ID.TW,2090,35,
Porter County,US.IN.PR,2089,47,
Payne County,US.OK.PY,2080,6,
Harnett County,US.NC.HT,2077,52,
St. Martin Parish,US.LA.SR,2073,61,
Lancaster County,US.SC.LN,2072,47,
Sullivan County,US.TN.SL,2071,31,
Cleveland County,US.NC.CV,2071,60,
Putnam County,US.FL.PU,2067,38,
Baldwin County,US.GA.BD,2061,56,
Finney County,US.KS.FI,2058,12,
Hendry County,US.FL.HR,2046,42,
Canadian County,US.OK.CN,2044,17,
Pennington County,US.SD.PN,2041,35,
Fairfield County,US.OH.FI,2038,50,
Pope County,US.AR.PP,2036,30,
Nassau County,US.FL.NA,2036,40,
Burke County,US.NC.BK,2033,35,
Centre County,US.PA.CT,2031,11,
Limestone County,US.AL.LI,2021,19,
Vermilion Parish,US.LA.VM,2019,59,
Lauderdale County,US.MS.LU,2015,124,
Coffee County,US.GA.CF,2004,43,
Pottawattamie County,US.IA.PT,2002,38,
Rockingham County,US.NH.RO,1989,103,
Darlington County,US.SC.DA,1980,51,
Leavenworth County,US.KS.LV,1979,11,
Hall County,US.NE.HL,1973,47,
Saline County,US.AR.SL,1968,23,
Stafford County,US.VA.SF,1963,14,
Kenton County,US.KY.KE,1963,45,
Lebanon County,US.PA.LB,1959,59,
Buena Vista County,US.IA.BV,1951,12,
St. Francois County,US.MO.SF,1949,9,
Barnstable County,US.MA.BA,1944,173,
Lincoln County,US.AR.LC,1941,15,
Nobles County,US.MN.NB,1938,16,
Monongalia County,US.WV.MG,1936,5,
Cass County,US.IN.CS,1935,10,
Kendall County,US.IL.KA,1932,25,
Henderson County,US.NC.HN,1923,64,
Columbiana County,US.OH.CL,1921,80,
Orange County,US.TX.OR,1918,41,
Carroll County,US.MD.CR,1917,124,
Wicomico County,US.MD.WI,1914,48,
Suffolk City,US.VA.SO,1908,72,
Walton County,US.FL.WL,1905,23,
Jackson County,US.GA.JC,1903,31,
Manassas City,US.VA.MS,1902,25,
St. Mary Parish,US.LA.SM,1900,77,
Crittenden County,US.AR.CD,1895,45,
Cochise County,US.AZ.CH,1887,70,
Parker County,US.TX.PR,1887,31,
Delaware County,US.IN.DL,1887,62,
Kershaw County,US.SC.KE,1885,37,
Colquitt County,US.GA.CQ,1884,33,
Onslow County,US.NC.ON,1877,23,
Licking County,US.OH.LI,1875,62,
Cullman County,US.AL.CU,1868,19,
Georgetown County,US.SC.GR,1866,44,
Trumbull County,US.OH.TR,1852,131,
Hot Spring County,US.AR.HT,1849,26,
Fond du Lac County,US.WI.FN,1847,13,
Litchfield County,US.CT.LI,1845,140,
Hamblen County,US.TN.HB,1839,25,
Beaver County,US.PA.BA,1839,118,
Chelan County,US.WA.CH,1835,15,
Bee County,US.TX.BE,1834,30,
Stanly County,US.NC.SN,1830,56,
Berrien County,US.MI.BN,1826,73,
Rockdale County,US.GA.RO,1818,35,
Monroe County,US.FL.MO,1811,22,
Hale County,US.TX.HE,1807,53,
Buchanan County,US.MO.BC,1805,14,
Gordon County,US.GA.GO,1802,36,
Bastrop County,US.TX.BP,1802,28,
Coryell County,US.TX.CL,1799,12,
Bolivar County,US.MS.BO,1797,65,
Kent County,US.RI.KE,1796,107,
Grayson County,US.TX.GO,1796,37,
Hampton city,US.VA.HM,1789,21,
Vigo County,US.IN.VI,1785,24,
New London County,US.CT.NL,1782,114,
Monroe County,US.PA.MR,1779,131,
Cumberland County,US.PA.CU,1775,75,
St. Charles Parish,US.LA.SC,1772,59,
Garland County,US.AR.GL,1771,49,
Montgomery County,US.VA.MO,1766,4,
Sampson County,US.NC.SP,1765,24,
Marshall County,US.IA.MS,1763,34,
Dallas County,US.AL.DL,1762,26,
Clark County,US.OH.CK,1759,38,
Oktibbeha County,US.MS.OK,1759,50,
Fayette County,US.GA.FY,1754,49,
Walton County,US.GA.WA,1752,53,
Franklin County,US.AL.FR,1748,28,
Tipton County,US.TN.TI,1745,17,
Clay County,US.MO.CY,1743,40,
Franklin County,US.PA.FR,1738,50,
Wood County,US.OH.WO,1737,72,
Niagara County,US.NY.NI,1733,89,
Russell County,US.AL.RU,1730,2,
Rogers County,US.OK.RS,1729,49,
Muskogee County,US.OK.MO,1723,21,
East Feliciana Parish,US.LA.EF,1718,66,
Autauga County,US.AL.AU,1714,25,
Tift County,US.GA.TI,1713,56,
Granville County,US.NC.GN,1696,49,
Sutter County,US.CA.SU,1686,10,
Dodge County,US.WI.DD,1676,10,
Washington County,US.MD.WA,1676,37,
Flagler County,US.FL.FL,1675,23,
Eau Claire County,US.WI.EA,1671,6,
Madison County,US.KY.MD,1670,6,
Lauderdale County,US.AL.LU,1662,33,
Clermont County,US.OH.CE,1655,20,
Trousdale County,US.TN.TR,1651,7,
Napa County,US.CA.NA,1650,13,
Wichita County,US.TX.WC,1645,20,
Riley County,US.KS.RL,1643,8,
Lamar County,US.MS.LM,1639,34,
LaSalle County,US.IL.LA,1630,56,
Chattahoochee County,US.GA.CH,1626,1,
Colbert County,US.AL.CL,1621,26,
Mississippi County,US.AR.MS,1619,50,
Blue Earth County,US.MN.BE,1616,6,
Laurens County,US.SC.LU,1616,56,
Chatham County,US.NC.CH,1613,57,
Madison County,US.IN.MD,1611,86,
Roanoke city,US.VA.RO,1610,22,
Tazewell County,US.IL.TA,1609,20,
Washington Parish,US.LA.WO,1604,65,
Laurens County,US.GA.LR,1595,64,
Hunt County,US.TX.HT,1595,36,
Lake County,US.OH.LK,1586,49,
Lee County,US.NC.LE,1583,13,
Putnam County,US.NY.PU,1583,63,
Caldwell County,US.NC.CL,1580,18,
St. John the Baptist Parish,US.LA.SO,1573,98,
Blount County,US.AL.BU,1573,14,
Sullivan County,US.NY.SL,1573,37,
Escambia County,US.AL.ES,1573,25,
Franklin County,US.MO.FR,1573,28,
Habersham County,US.GA.HB,1565,67,
Rockwall County,US.TX.RC,1561,25,
Middlesex County,US.CT.MI,1556,193,
Malheur County,US.OR.ML,1553,25,
Seward County,US.KS.SW,1552,5,
DeSoto County,US.FL.DE,1550,23,
Wright County,US.MN.WR,1549,7,
Neshoba County,US.MS.NS,1548,104,
Cape Girardeau County,US.MO.CG,1548,10,
Gibson County,US.TN.GB,1545,20,
Sheboygan County,US.WI.SE,1544,15,
Brunswick County,US.NC.BS,1543,26,
Allen Parish,US.LA.AL,1541,46,
Moore County,US.NC.ME,1536,27,
Hardeman County,US.TN.HA,1534,25,
Nacogdoches County,US.TX.NC,1530,61,
Cherokee County,US.TX.CK,1529,28,
Jackson County,US.AL.JA,1527,11,
Garfield County,US.OK.GF,1526,18,
Boone County,US.KY.BO,1526,25,
Chilton County,US.AL.CI,1513,28,
Comanche County,US.OK.CM,1509,12,
Lincoln County,US.NC.LI,1500,14,
Caldwell County,US.TX.CW,1497,35,
Erie County,US.PA.ER,1491,38,
Okeechobee County,US.FL.OE,1489,23,
Wayne County,US.TN.WY,1485,6,
Avoyelles Parish,US.LA.AV,1483,53,
Walker County,US.GA.WK,1481,30,
DeKalb County,US.IL.DK,1480,38,
St. Francis County,US.AR.SI,1478,5,
Monroe County,US.MI.MO,1476,28,
Broome County,US.NY.BO,1476,85,
Ware County,US.GA.WE,1472,54,
Thomas County,US.GA.TH,1472,59,
Muskegon County,US.MI.MG,1469,69,
Sussex County,US.NJ.SU,1456,198,
Titus County,US.TX.TU,1454,28,
Panola County,US.MS.PA,1449,27,
Taylor County,US.TX.TA,1442,50,
Jim Wells County,US.TX.JW,1441,33,
Medina County,US.OH.MD,1439,39,
Texas County,US.OK.TE,1436,8,
Warren County,US.NJ.WA,1436,171,
Sunflower County,US.MS.SU,1429,45,
Wagoner County,US.OK.WG,1422,26,
Cass County,US.MO.CS,1420,19,
St. Louis County,US.MN.ST,1419,36,
Macon County,US.IL.MC,1417,40,
Polk County,US.GA.PO,1417,17,
Baker County,US.FL.BK,1417,11,
San Patricio County,US.TX.SP,1415,72,
Lowndes County,US.MS.LO,1412,57,
Iberville Parish,US.LA.IV,1402,58,
Cole County,US.MO.CE,1398,7,
Allen County,US.OH.AN,1388,69,
St. Bernard Parish,US.LA.SE,1386,29,
Effingham County,US.GA.EF,1384,23,
Rockingham County,US.VA.RG,1383,21,
Schenectady County,US.NY.SN,1383,46,
Warren County,US.MS.WR,1382,50,
LaPorte County,US.IN.LA,1381,39,
Miami County,US.OH.MM,1380,49,
Newton County,US.MO.NT,1379,14,
Leflore County,US.MS.LL,1377,81,
Sioux County,US.IA.SI,1376,3,
Greene County,US.OH.GR,1376,32,
Stark County,US.ND.SR,1366,6,
Coles County,US.IL.CE,1366,30,
Carver County,US.MN.CV,1365,7,
Oconee County,US.SC.OC,1355,28,
Lea County,US.NM.LE,1342,21,
Wharton County,US.TX.WN,1341,50,
Dale County,US.AL.DE,1341,43,
Williamson County,US.IL.WS,1337,37,
Ozaukee County,US.WI.OZ,1334,19,
Covington County,US.AL.CV,1334,27,
Livingston County,US.MI.LI,1328,30,
Hampshire County,US.MA.HS,1326,141,
Lynchburg city,US.VA.LY,1323,11,
Tolland County,US.CT.TO,1323,66,
Floyd County,US.IN.FL,1320,64,
Columbus County,US.NC.CM,1320,54,
Hardin County,US.TX.HN,1319,29,
Jefferson County,US.WI.JE,1316,7,
Sandoval County,US.NM.SD,1315,41,
Bedford County,US.TN.BD,1313,17,
Williamsburg County,US.SC.WI,1311,44,
San Benito County,US.CA.SI,1310,11,
Rice County,US.MN.RI,1309,8,
Hardee County,US.FL.HD,1306,10,
Evangeline Parish,US.LA.EV,1303,32,
Taylor County,US.FL.TA,1302,12,
Mower County,US.MN.MW,1301,5,
Spalding County,US.GA.SD,1295,56,
Craven County,US.NC.CN,1294,32,
Howard County,US.IN.HO,1293,66,
Daviess County,US.KY.DA,1293,14,
Hunterdon County,US.NJ.HN,1292,125,
Washington County,US.PA.WS,1292,29,
Crawford County,US.AR.CW,1290,15,
Coffee County,US.AL.CF,1289,8,
Clay County,US.MN.CA,1288,40,
Whatcom County,US.WA.WA,1287,42,
Dyer County,US.TN.DY,1287,12,
Edgecombe County,US.NC.ED,1284,39,
Portage County,US.WI.PT,1281,4,
Toombs County,US.GA.TM,1280,43,
Christian County,US.MO.CT,1279,3,
Surry County,US.NC.SU,1277,21,
Wapello County,US.IA.WP,1275,57,
Chambers County,US.TX.CH,1271,8,
Bowie County,US.TX.BW,1269,50,
St. Mary's County,US.MD.SA,1257,57,
Calhoun County,US.MI.CU,1250,45,
Gila County,US.AZ.GI,1247,52,
Camden County,US.GA.CD,1243,8,
Jackson County,US.IL.JC,1242,24,
Hanover County,US.VA.HV,1241,36,
Pontotoc County,US.MS.PO,1241,16,
McCurtain County,US.OK.MU,1238,34,
Eagle County,US.CO.EA,1238,9,
Navarro County,US.TX.NV,1238,26,
Pottawatomie County,US.OK.PT,1234,9,
Gallatin County,US.MT.GL,1234,4,
Yell County,US.AR.YE,1234,29,
Grant County,US.IN.GA,1233,36,
Hardin County,US.KY.HN,1233,11,
Lafayette County,US.FL.LF,1231,12,
Jefferson Davis Parish,US.LA.JD,1224,39,
Lincoln County,US.SD.LI,1223,2,
Kosciusko County,US.IN.KO,1222,19,
Pike County,US.MS.PI,1217,49,
Webster Parish,US.LA.WR,1211,22,
Marathon County,US.WI.MH,1210,14,
Dickson County,US.TN.DI,1207,14,
Willacy County,US.TX.WY,1205,48,
Webster County,US.IA.WE,1203,14,
Albemarle County,US.VA.AB,1202,21,
Warrick County,US.IN.WI,1201,38,
Monroe County,US.MS.MR,1199,66,
Sevier County,US.AR.SV,1194,16,
Medina County,US.TX.ME,1192,44,
Franklin Parish,US.LA.FR,1191,37,
Lincoln Parish,US.LA.LN,1191,47,
Franklin County,US.NC.FR,1191,31,
Chesterfield County,US.SC.CF,1189,35,
Christian County,US.KY.CH,1188,18,
Newberry County,US.SC.NE,1188,22,
Culpeper County,US.VA.CP,1183,16,
Douglas County,US.WA.DO,1179,9,
Whitman County,US.WA.WI,1173,0,
Pike County,US.AL.PK,1172,9,
Wilkes County,US.NC.WE,1172,32,
Scott County,US.MS.SC,1168,25,
Rockingham County,US.NC.RC,1168,14,
Bartholomew County,US.IN.BA,1168,61,
Accomack County,US.VA.AC,1167,19,
Copiah County,US.MS.CP,1164,33,
Cumberland County,US.TN.CU,1155,18,
Moore County,US.TX.MO,1152,20,
Atascosa County,US.TX.AT,1150,30,
Kitsap County,US.WA.KS,1148,14,
Shelby County,US.IN.SH,1146,37,
Fayette County,US.TN.FA,1144,18,
Taney County,US.MO.TA,1142,28,
Chambers County,US.AL.CM,1140,42,
Tallapoosa County,US.AL.TP,1139,84,
Anderson County,US.TN.AN,1138,11,
Coahoma County,US.MS.CH,1136,27,
Henderson County,US.TN.HS,1135,20,
Rutherford County,US.NC.RU,1134,22,
Yuba County,US.CA.YU,1133,7,
Carter County,US.TN.CT,1127,28,
Coffee County,US.TN.CF,1125,12,
Morton County,US.ND.MR,1125,18,
Weakley County,US.TN.WE,1122,19,
Loudon County,US.TN.LO,1121,6,
Decatur County,US.GA.DC,1121,29,
Catoosa County,US.GA.CS,1118,17,
Dodge County,US.NE.DE,1113,11,
Greene County,US.TN.GE,1112,37,
Sherburne County,US.MN.SH,1109,14,
York County,US.ME.YO,1103,15,
Wakulla County,US.FL.WK,1103,9,
Wayne County,US.IN.WY,1103,14,
Cherokee County,US.SC.CK,1101,36,
Bryan County,US.GA.BY,1101,11,
Obion County,US.TN.OB,1096,9,
Natchitoches Parish,US.LA.NA,1096,25,
Holmes County,US.MS.HO,1094,58,
Wayne County,US.GA.WY,1094,27,
Portage County,US.OH.PO,1094,66,
Charlottesville City,US.VA.CE,1093,28,
Skagit County,US.WA.SG,1084,22,
Clinton County,US.IL.CN,1084,20,
Creek County,US.OK.CE,1083,32,
Marshall County,US.MS.MS,1080,15,
El Dorado County,US.CA.EL,1078,4,
Liberty County,US.GA.LB,1078,22,
Clinton County,US.IA.CN,1077,19,
Mercer County,US.OH.MC,1077,17,
Hoke County,US.NC.HO,1077,17,
McMinn County,US.TN.MM,1076,24,
Clarendon County,US.SC.CN,1076,66,
Grimes County,US.TX.GM,1075,31,
Jefferson County,US.TN.JE,1074,14,
Lamar County,US.TX.LR,1074,31,
Lincoln County,US.MS.LI,1073,53,
Oldham County,US.KY.OL,1073,25,
Dawson County,US.NE.DN,1071,12,
Jackson County,US.OR.JA,1069,4,
Grenada County,US.MS.GN,1068,35,
Muscatine County,US.IA.MU,1068,54,
Schuylkill County,US.PA.SC,1068,52,
Clarke County,US.AL.CK,1063,17,
Washington County,US.FL.WS,1062,18,
Plymouth County,US.IA.PM,1058,20,
Gonzales County,US.TX.GA,1057,16,
Boone County,US.IL.BO,1056,23,
Pointe Coupee Parish,US.LA.PO,1053,40,
Lonoke County,US.AR.LO,1052,11,
Brown County,US.SD.BW,1052,3,
Lee County,US.AR.LE,1050,18,
McDonald County,US.MO.MA,1049,11,
Salem County,US.NJ.SA,1047,89,
Chaves County,US.NM.CH,1044,11,
Pettis County,US.MO.PS,1043,10,
Bradford County,US.FL.BA,1043,7,
Yazoo County,US.MS.YZ,1041,30,
Vernon Parish,US.LA.VN,1040,46,
Matagorda County,US.TX.MD,1039,44,
Waupaca County,US.WI.WP,1039,19,
Pueblo County,US.CO.PU,1037,37,
Platte County,US.NE.PL,1037,3,
Shelby County,US.KY.SH,1036,24,
Independence County,US.AR.IN,1035,16,
Thurston County,US.WA.TH,1033,17,
Lyon County,US.KS.LY,1031,27,
Le Flore County,US.OK.LE,1031,17,
Okanogan County,US.WA.OK,1031,10,
Montgomery County,US.NC.MO,1028,26,
Jackson County,US.MI.JA,1026,44,
Cherokee County,US.OK.CK,1025,7,
Vance County,US.NC.VA,1024,44,
Reno County,US.KS.RN,1024,3,
Macon County,US.TN.MC,1023,20,
Henry County,US.VA.HY,1023,20,
Lane County,US.OR.LE,1023,15,
Adams County,US.IL.AD,1020,10,
Johnson County,US.MO.JO,1020,4,
Chester County,US.SC.CR,1019,21,
Stephens County,US.GA.SE,1019,34,
Butler County,US.PA.BT,1018,22,
Cecil County,US.MD.CE,1017,33,
Simpson County,US.MS.SI,1015,44,
Crawford County,US.IA.CW,1014,5,
Warren County,US.TN.WR,1012,7,
Appling County,US.GA.AP,1011,26,
Worcester County,US.MD.WO,1010,26,
Levy County,US.FL.LV,1009,9,
Madison County,US.FL.MD,1007,18,
Saratoga County,US.NY.SR,1006,15,
Cape May County,US.NJ.CP,1004,95,
Cerro Gordo County,US.IA.CG,1004,21,
Colleton County,US.SC.CT,1004,42,
Monroe County,US.TN.MR,1003,16,
Emanuel County,US.GA.EM,1000,30,
Buffalo County,US.NE.BF,998,4,
Chicot County,US.AR.CT,998,18,
Kleberg County,US.TX.KL,997,41,
Marshall County,US.IN.MS,989,24,
Fairbanks North Star Borough,US.AK.FA,987,9,
Dillon County,US.SC.DI,986,34,
Beauregard Parish,US.LA.BE,985,37,
Union County,US.MS.UN,983,24,
St. Clair County,US.MI.SA,978,53,
Halifax County,US.NC.HL,977,18,
Lawrence County,US.TN.LW,977,11,
Bay County,US.MI.BY,976,48,
Crawford County,US.KS.CR,975,6,
DeWitt County,US.TX.DE,974,33,
Frio County,US.TX.FO,972,8,
Hardin County,US.TN.HI,972,14,
Boone County,US.IN.BO,971,49,
Woodward County,US.OK.WW,970,1,
Lavaca County,US.TX.LA,970,35,
Scotland County,US.NC.SC,968,12,
Pittsylvania County,US.VA.PS,964,9,
Manitowoc County,US.WI.MW,963,2,
Santa Fe County,US.NM.ST,960,6,
Tate County,US.MS.TT,958,37,
Calumet County,US.WI.CA,956,2,
Summit County,US.UT.SU,955,1,
Washington County,US.OK.WN,954,40,
Dubois County,US.IN.DU,954,18,
Union Parish,US.LA.UN,953,42,
Marion County,US.AL.MI,952,28,
Berkeley County,US.WV.BE,948,13,
Lenoir County,US.NC.LN,947,29,
Lauderdale County,US.TN.LU,942,15,
Leake County,US.MS.LK,941,38,
Garfield County,US.CO.GA,937,5,
Kandiyohi County,US.MN.KD,936,2,
Grady County,US.OK.GD,936,11,
Windham County,US.CT.WI,934,15,
Warren County,US.IA.WR,933,6,
Karnes County,US.TX.KS,933,16,
Henderson County,US.TX.HD,932,23,
Richmond County,US.NC.RI,931,14,
Franklin County,US.TN.FR,926,7,
Hancock County,US.IN.HC,926,46,
Haywood County,US.TN.HY,924,16,
Randolph County,US.IL.RA,923,11,
Bannock County,US.ID.BO,922,4,
Adams County,US.MS.AD,922,36,
Sumter County,US.GA.SU,922,61,
Hood County,US.TX.HO,917,26,
Fauquier County,US.VA.FQ,917,22,
Tuscarawas County,US.OH.TU,916,20,
Ward County,US.ND.WR,915,4,
Lake County,US.TN.LK,915,2,
Calvert County,US.MD.CL,914,28,
Erie County,US.OH.ER,912,44,
Butler County,US.AL.BT,911,38,
Wayne County,US.OH.WE,908,66,
Pender County,US.NC.PD,907,5,
Elko County,US.NV.EL,905,9,
Flathead County,US.MT.FL,903,16,
Rensselaer County,US.NY.RE,901,42,
Marlboro County,US.SC.ML,901,11,
St. Croix County,US.WI.SI,901,8,
Northumberland County,US.PA.NU,900,48,
Union County,US.FL.UN,895,12,
West Baton Rouge Parish,US.LA.WB,895,41,
Noble County,US.IN.NO,895,33,
Pittsburg County,US.OK.PI,895,19,
Rusk County,US.TX.RK,894,9,
Butler County,US.KS.BU,892,3,
Grant County,US.WI.GA,887,19,
Lumpkin County,US.GA.LP,886,14,
McDowell County,US.NC.MW,884,26,
De Soto Parish,US.LA.DE,884,35,
Wilson County,US.TX.WS,882,26,
Sauk County,US.WI.SU,879,3,
Wayne County,US.MS.WY,877,21,
Mendocino County,US.CA.MI,875,18,
Gulf County,US.FL.GU,871,14,
Harrison County,US.TX.HR,871,31,
Ellis County,US.KS.EL,870,3,
Pearl River County,US.MS.PL,869,52,
Madison Parish,US.LA.MA,866,8,
Columbia County,US.PA.CO,866,35,
Beaufort County,US.NC.BA,866,17,
Walla Walla County,US.WA.WL,864,5,
Bryan County,US.OK.BR,864,4,
Camden County,US.MO.CM,863,10,
Ross County,US.OH.RO,861,23,
Deaf Smith County,US.TX.DI,861,20,
Frederick County,US.VA.FK,859,12,
Big Horn County,US.MT.BI,857,21,
Winona County,US.MN.WN,853,18,
Union County,US.AR.UN,849,31,
Roane County,US.TN.RA,849,3,
Williams County,US.ND.WI,848,6,
Barbour County,US.AL.BR,848,7,
Logan County,US.CO.LO,846,5,
Bledsoe County,US.TN.BE,845,4,
Campbell County,US.KY.CM,842,16,
Marion County,US.MS.MI,842,34,
Marion County,US.SC.MI,841,23,
Carroll County,US.TN.CR,839,18,
Sabine Parish,US.LA.SB,839,13,
Payette County,US.ID.PA,839,7,
Danville City,US.VA.DA,838,25,
Polk County,US.TX.PK,838,22,
Tooele County,US.UT.TE,836,0,
Hamilton County,US.FL.HM,835,8,
Effingham County,US.IL.EF,834,1,
James City County,US.VA.JA,834,19,
Waller County,US.TX.WR,832,12,
Erath County,US.TX.ER,831,12,
Chittenden County,US.VT.CH,830,39,
Scott County,US.MO.ST,827,16,
Dixie County,US.FL.DI,827,7,
Prentiss County,US.MS.PN,826,17,
Bladen County,US.NC.BL,825,14,
Bullitt County,US.KY.BI,824,9,
Johnson County,US.AR.JO,822,5,
Bingham County,US.ID.BG,822,10,
Calhoun County,US.TX.CU,816,7,
McNairy County,US.TN.MA,816,18,
Sequoyah County,US.OK.SQ,815,11,
Adams County,US.WA.AD,814,9,
Covington County,US.MS.CV,808,22,
Richland County,US.OH.RI,808,19,
St. James Parish,US.LA.SJ,806,40,
Ottawa County,US.OK.OT,805,4,
Greene County,US.AR.GE,805,8,
Shenandoah County,US.VA.SN,800,58,
Adams County,US.PA.AD,799,25,
McClain County,US.OK.ML,799,7,
Murray County,US.GA.MA,798,5,
Graham County,US.AZ.GA,797,24,
Osage County,US.OK.OS,796,13,
Gilmer County,US.GA.GI,796,11,
Dawson County,US.GA.DW,795,6,
Edgefield County,US.SC.ED,794,17,
Madison County,US.NE.MA,793,5,
Tattnall County,US.GA.TT,793,10,
Cheatham County,US.TN.CA,793,10,
Laurel County,US.KY.LU,793,6,
Okmulgee County,US.OK.OM,791,5,
White County,US.TN.WH,788,9,
Marinette County,US.WI.MT,788,7,
Rhea County,US.TN.RH,788,11,
Madison County,US.OH.MO,787,12,
Deschutes County,US.OR.DE,787,12,
Lenawee County,US.MI.LN,786,18,
Miller County,US.AR.ML,786,11,
Roanoke County,US.VA.RE,784,7,
Henry County,US.IN.HY,782,24,
Mitchell County,US.GA.MT,781,45,
Itawamba County,US.MS.IT,780,21,
Harris County,US.GA.HI,780,21,
Jasper County,US.SC.JA,778,20,
Jasper County,US.IA.JS,776,32,
Alcorn County,US.MS.AL,776,11,
Fayette County,US.PA.FA,775,7,
Jefferson County,US.GA.JR,774,23,
Hawkins County,US.TN.HW,773,16,
Greensville County,US.VA.GS,772,11,
Burke County,US.GA.BE,771,9,
Darke County,US.OH.DA,768,39,
Colfax County,US.NE.CO,765,5,
Morehouse Parish,US.LA.MO,765,22,
Prince George County,US.VA.PG,763,5,
Tallahatchie County,US.MS.TL,762,21,
Newton County,US.MS.NW,761,23,
Assumption Parish,US.LA.AS,758,24,
Grady County,US.GA.GD,757,21,
Upson County,US.GA.UP,757,60,
Wise County,US.TX.WE,757,13,
Uvalde County,US.TX.UV,755,30,
Fairfield County,US.SC.FA,755,34,
George County,US.MS.GR,755,13,
Washington County,US.RI.WA,753,67,
Pulaski County,US.KY.PU,752,10,
Dunklin County,US.MO.DU,751,6,
Muhlenberg County,US.KY.MU,750,12,
Wood County,US.WI.WO,748,4,
Richland Parish,US.LA.RI,748,10,
Berkshire County,US.MA.BE,745,49,
Ben Hill County,US.GA.BL,744,21,
Yamhill County,US.OR.YA,744,14,
Curry County,US.NM.CU,744,5,
White County,US.AR.WH,744,20,
Oconto County,US.WI.OC,744,4,
Jackson County,US.IN.JC,744,10,
Van Buren County,US.MI.VA,743,17,
Codington County,US.SD.CD,741,3,
Des Moines County,US.IA.DS,740,7,
Cabell County,US.WV.CB,737,10,
Allegan County,US.MI.AL,737,7,
White County,US.GA.WH,736,17,
Morgan County,US.CO.MN,736,48,
Cocke County,US.TN.CE,736,9,
St. Joseph County,US.MI.SJ,736,11,
Lassen County,US.CA.LS,734,0,
Jerome County,US.ID.JR,733,7,
Winston County,US.MS.WN,731,19,
Franklin County,US.GA.FR,729,11,
Chattooga County,US.GA.CG,729,12,
Marion County,US.IA.MI,728,5,
Holmes County,US.FL.HO,728,5,
Shasta County,US.CA.SH,724,14,
Iron County,US.UT.RN,723,2,
Petersburg city,US.VA.PB,723,29,
Scott County,US.KY.SC,723,10,
Lincoln County,US.MO.LO,722,3,
Oconee County,US.GA.OC,722,26,
Southampton County,US.VA.SA,721,22,
Marshall County,US.TN.MS,720,5,
Graves County,US.KY.GV,719,29,
Radford city,US.VA.RD,718,1,
Winston County,US.AL.WN,718,12,
Madison County,US.TX.AD,717,6,
Bedford County,US.VA.BF,715,12,
Caddo County,US.OK.CD,714,20,
Yadkin County,US.NC.YD,713,7,
Morgan County,US.IN.MG,713,41,
Wasatch County,US.UT.WA,713,7,
Eddy County,US.NM.ED,713,7,
Belmont County,US.OH.BE,712,27,
West Feliciana Parish,US.LA.WF,711,25,
Jackson County,US.OK.JA,709,10,
Burnet County,US.TX.BT,709,12,
Beadle County,US.SD.BA,707,9,
Hertford County,US.NC.HD,707,27,
Jeff Davis County,US.GA.JF,707,19,
Geauga County,US.OH.GE,705,47,
Isle of Wight County,US.VA.IS,704,17,
Mercer County,US.PA.ME,703,14,
Marengo County,US.AL.ME,702,19,
Saline County,US.NE.SL,701,2,
Lee County,US.SC.LE,699,34,
Delaware County,US.OK.DL,697,23,
Brookings County,US.SD.BK,696,2,
McCracken County,US.KY.MK,696,9,
Lee County,US.GA.LE,696,25,
Tama County,US.IA.TM,694,31,
Whiteside County,US.IL.WD,694,20,
San Juan County,US.UT.SJ,693,29,
Androscoggin County,US.ME.AN,687,10,
Pasquotank County,US.NC.PU,683,29,
Overton County,US.TN.OV,681,5,
Saluda County,US.SC.SA,678,20,
Smith County,US.TN.SH,678,10,
Howard County,US.TX.HW,677,12,
Buckingham County,US.VA.BK,677,9,
Saline County,US.MO.SI,676,9,
Putnam County,US.GA.PT,675,23,
Union County,US.GA.UN,675,18,
Fremont County,US.WY.FR,674,14,
Madison County,US.GA.MD,674,8,
Isabella County,US.MI.IB,674,13,
Hancock County,US.OH.HN,674,10,
Henderson County,US.KY.HE,673,3,
Mecklenburg County,US.VA.ME,671,33,
Fannin County,US.TX.FI,666,14,
Plaquemines Parish,US.LA.PL,665,19,
Tishomingo County,US.MS.TS,665,37,
Monroe County,US.GA.MN,665,49,
Barnwell County,US.SC.BN,664,17,
Chickasaw County,US.MS.CS,662,24,
Peach County,US.GA.PH,660,23,
Hawaii County,US.HI.HA,659,15,
Boone County,US.AR.BO,656,9,
Washington County,US.GA.WG,655,8,
Barren County,US.KY.BN,655,13,
Lyon County,US.MN.LY,655,4,
Laramie County,US.WY.LA,654,4,
Indiana County,US.PA.IN,653,12,
Lowndes County,US.AL.LO,651,27,
Ashtabula County,US.OH.AB,651,48,
Cassia County,US.ID.CS,650,5,
Tippah County,US.MS.TP,650,17,
Johnson County,US.TN.JO,649,2,
Clinton County,US.MI.CN,648,13,
Daviess County,US.IN.DI,646,29,
Attala County,US.MS.AT,643,25,
Platte County,US.MO.PT,643,10,
Blaine County,US.ID.BL,641,6,
Ogle County,US.IL.OG,641,6,
Queen Anne's County,US.MD.QU,640,26,
Dearborn County,US.IN.DR,639,30,
Pickens County,US.AL.PC,639,14,
Caroline County,US.MD.CO,638,5,
Carroll County,US.IA.CL,638,5,
Minidoka County,US.ID.MI,637,7,
Saline County,US.KS.SA,636,11,
Grundy County,US.IL.GU,635,5,
Bibb County,US.AL.BI,635,10,
Marion County,US.MO.MO,634,14,
LaGrange County,US.IN.LG,633,11,
Lycoming County,US.PA.LY,633,24,
Butts County,US.GA.BU,631,42,
Cowlitz County,US.WA.CW,630,6,
Jackson Parish,US.LA.JA,630,22,
Athens County,US.OH.AS,629,2,
Washington County,US.TX.WH,628,48,
Carroll County,US.AR.CL,628,9,
Pierce County,US.WI.PI,628,6,
Monroe County,US.IL.MR,627,15,
Hampton County,US.SC.HA,627,26,
Morgan County,US.IL.MG,625,23,
Eaton County,US.MI.EA,624,10,
Henry County,US.IL.HY,624,5,
Randolph County,US.AL.RA,624,13,
Poinsett County,US.AR.PN,622,10,
Bamberg County,US.SC.BM,622,33,
Henry County,US.IA.HE,622,4,
Vermilion County,US.IL.VE,622,4,
Carteret County,US.NC.CE,619,5,
Charlton County,US.GA.CT,618,6,
Lawrence County,US.OH.LW,616,18,
Hale County,US.AL.HA,616,28,
Hill County,US.TX.HI,615,13,
Knox County,US.IL.KX,613,3,
Nodaway County,US.MO.NO,612,1,
Winn Parish,US.LA.WI,611,18,
Shawano County,US.WI.SA,611,1,
Scurry County,US.TX.SU,610,2,
Pickens County,US.GA.PE,610,10,
Hopkins County,US.KY.HO,609,39,
Calhoun County,US.FL.CA,608,10,
Henry County,US.TN.HR,607,9,
Manassas Park city,US.VA.MP,606,7,
Broomfield County and City,US.CO.BR,606,33,
Perry County,US.MO.PR,605,4,
Jackson County,US.TX.JA,605,15,
Franklin County,US.KY.FR,604,12,
Cascade County,US.MT.CS,603,5,
Lawrence County,US.AL.LW,603,20,
Watauga County,US.NC.WT,603,1,
Fannin County,US.GA.FN,602,13,
Lee County,US.IA.LE,602,7,
Elbert County,US.GA.EL,600,3,
Franklin County,US.FL.FR,600,3,
Blair County,US.PA.BL,599,16,
Clinton County,US.IN.CI,596,16,
Walthall County,US.MS.WT,595,25,
Chester County,US.TN.CS,595,9,
Pierce County,US.GA.PR,594,17,
Rosebud County,US.MT.RS,593,18,
Bacon County,US.GA.BC,593,11,
Bullock County,US.AL.BL,593,14,
Adair County,US.OK.AD,590,10,
Shelby County,US.OH.SH,590,9,
Pulaski County,US.MO.PA,590,5,
Kerr County,US.TX.KR,589,10,
Callaway County,US.MO.CA,589,2,
Lapeer County,US.MI.LP,588,36,
Bureau County,US.IL.BU,587,11,
Branch County,US.MI.BC,587,5,
Trempealeau County,US.WI.TR,586,2,
Macon County,US.NC.MN,585,2,
Logan County,US.WV.LO,585,39,
Haywood County,US.NC.HW,585,31,
Geneva County,US.AL.GE,584,4,
Matanuska-Susitna Borough,US.AK.MA,584,2,
Butler County,US.MO.BE,583,4,
Missoula County,US.MT.MS,583,3,
Columbia County,US.NY.CU,582,47,
Clay County,US.MS.CY,582,17,
Lincoln County,US.TN.LI,581,1,
Cherokee County,US.NC.CO,581,10,
McDuffie County,US.GA.MU,580,14,
Jones County,US.TX.JN,580,0,
Jessamine County,US.KY.JS,580,0,
Midland County,US.MI.MD,579,11,
Monroe County,US.AL.MR,579,8,
Dorchester County,US.MD.DO,578,10,
Columbia County,US.WI.CO,577,2,
Fayette County,US.WV.FA,577,11,
Van Zandt County,US.TX.VN,576,19,
Cherokee County,US.AL.CH,575,16,
Webster County,US.MO.WE,575,3,
Laclede County,US.MO.LD,572,3,
Auglaize County,US.OH.AU,570,9,
Pike County,US.PA.PI,570,22,
Hancock County,US.MS.HN,569,21,
Giles County,US.TN.GL,569,17,
Glenn County,US.CA.GL,568,3,
Prince Edward County,US.VA.PD,567,12,
Jefferson County,US.IL.JF,564,38,
Harrison County,US.IN.HI,563,26,
Wright County,US.IA.WG,563,1,
Clarke County,US.MS.CE,563,42,
Mayes County,US.OK.MY,562,11,
Custer County,US.OK.CU,560,0,
Merrimack County,US.NH.ME,560,23,
Limestone County,US.TX.LO,559,10,
Jasper County,US.MS.JS,559,15,
Putnam County,US.OH.PU,558,23,
Valencia County,US.NM.VA,558,4,
Anson County,US.NC.AN,556,4,
Lawrence County,US.MO.LW,555,2,
Brown County,US.TX.BN,555,21,
Sandusky County,US.OH.SA,555,20,
Bertie County,US.NC.BT,554,8,
Clay County,US.AL.CY,553,7,
Mesa County,US.CO.ME,550,7,
Waseca County,US.MN.WE,550,8,
Washington County,US.AL.WS,549,13,
Cambria County,US.PA.CI,549,7,
Calloway County,US.KY.CW,548,8,
Jefferson County,US.FL.JE,548,8,
DeKalb County,US.TN.DE,547,13,
Madison County,US.ID.MA,547,1,
Chautauqua County,US.NY.CQ,547,4,
Hickman County,US.TN.HN,546,5,
Noxubee County,US.MS.NO,545,15,
Washington County,US.VA.WG,544,17,
Talbot County,US.MD.TA,543,5,
Putnam County,US.IN.PT,542,10,
Cook County,US.GA.CO,542,12,
Union County,US.SC.UN,542,11,
East Carroll Parish,US.LA.EC,542,4,
Howell County,US.MO.HW,541,3,
Clay County,US.SD.CY,540,5,
Perry County,US.AL.PE,539,6,
Abbeville County,US.SC.AB,538,11,
Cass County,US.MI.CS,537,16,
La Paz County,US.AZ.LA,536,15,
Crisp County,US.GA.CP,536,17,
Jones County,US.GA.JE,535,8,
Meriwether County,US.GA.MW,535,13,
Davie County,US.NC.DV,534,6,
Jackson County,US.NC.JA,534,7,
York County,US.VA.YO,534,8,
Palo Pinto County,US.TX.PO,533,15,
Huron County,US.OH.HU,533,7,
Fredericksburg City,US.VA.FB,533,6,
Logan County,US.KY.LO,532,27,
Box Elder County,US.UT.BE,532,5,
Kay County,US.OK.KA,531,13,
Fayette County,US.IN.FA,530,13,
Wilcox County,US.AL.WC,530,11,
Conecuh County,US.AL.CO,530,11,
Freeborn County,US.MN.FR,526,3,
Smith County,US.MS.SM,526,14,
Steele County,US.MN.SE,526,2,
Crenshaw County,US.AL.CA,525,32,
Carson City,US.NV.CA,525,8,
Nevada County,US.CA.NE,525,6,
Worth County,US.GA.WO,523,29,
Colusa County,US.CA.CL,522,6,
Putnam County,US.WV.PU,521,5,
Carter County,US.OK.CR,520,8,
Benton County,US.MN.BN,517,3,
Marion County,US.IL.MO,516,0,
Adams County,US.NE.AD,514,12,
Oceana County,US.MI.OA,514,6,
Crockett County,US.TN.CK,513,19,
Nicollet County,US.MN.NI,513,16,
Jefferson County,US.OR.JE,513,8,
Strafford County,US.NH.ST,513,13,
Brooks County,US.GA.BO,513,27,
Polk County,US.OR.PO,511,15,
Watonwan County,US.MN.WT,511,4,
New Madrid County,US.MO.NW,509,15,
Tehama County,US.CA.TE,509,4,
Lawrence County,US.IN.LW,507,30,
Montgomery County,US.IN.MM,507,22,
Wood County,US.TX.WO,507,21,
Chippewa County,US.WI.CH,507,0,
Calhoun County,US.MS.CN,507,12,
Concordia Parish,US.LA.CR,507,13,
Greene County,US.NC.GE,507,5,
Teton County,US.WY.TE,506,1,
Gilchrist County,US.FL.GI,505,12,
Glades County,US.FL.GL,505,4,
Marion County,US.TN.MI,504,7,
Claiborne Parish,US.LA.CI,504,21,
Jefferson County,US.ID.JF,504,1,
Newport County,US.RI.NE,502,0,
Knox County,US.IN.KN,502,9,
Lawrence County,US.PA.LW,501,23,
Union County,US.OH.UN,500,2,
Franklin County,US.IL.FR,499,2,
Shiawassee County,US.MI.SH,499,31,
Macoupin County,US.IL.MP,498,7,
Kittitas County,US.WA.KT,497,22,
Union County,US.IL.UN,497,24,
Greene County,US.GA.GE,497,23,
Liberty County,US.FL.LI,496,7,
Tuscola County,US.MI.TU,495,31,
Nye County,US.NV.NY,495,15,
Stutsman County,US.ND.SU,494,3,
Polk County,US.MO.PO,493,3,
Craig County,US.OK.CG,492,1,
Alexander County,US.NC.AE,491,6,
Morrow County,US.OR.MO,490,6,
Winchester city,US.VA.WH,490,4,
Madison County,US.NY.MA,489,9,
Humboldt County,US.CA.HU,489,6,
Hart County,US.GA.HT,488,13,
Grant Parish,US.LA.GR,487,30,
Gibson County,US.IN.GI,487,4,
Dickinson County,US.IA.DI,487,6,
Carroll County,US.VA.CL,486,23,
Pemiscot County,US.MO.PM,486,9,
Nelson County,US.KY.NE,483,4,
Austin County,US.TX.AU,483,9,
Milam County,US.TX.MI,483,5,
White County,US.IN.WH,481,14,
Tunica County,US.MS.TU,481,13,
Decatur County,US.IN.DC,481,42,
Todd County,US.MN.TO,481,2,
Boone County,US.IA.BO,480,8,
Henry County,US.AL.HE,480,5,
Colorado County,US.TX.CO,480,4,
Bell County,US.KY.BL,480,12,
Decatur County,US.TN.DC,479,6,
Macon County,US.AL.MC,479,20,
Raleigh County,US.WV.RL,479,8,
Linn County,US.OR.LN,478,13,
Lafayette County,US.MO.LF,476,2,
Early County,US.GA.EA,475,32,
Stephenson County,US.IL.SN,475,6,
Meade County,US.SD.MD,475,4,
Scioto County,US.OH.SC,474,6,
Lincoln County,US.OR.LC,474,13,
Morgan County,US.GA.MO,473,2,
Lewis County,US.WA.LE,473,4,
Banks County,US.GA.BS,471,7,
Augusta County,US.VA.AU,469,7,
Green County,US.WI.GN,469,2,
Bremer County,US.IA.BR,469,7,
Bienville Parish,US.LA.BI,468,32,
Fayette County,US.TX.FT,467,18,
Ottawa County,US.OH.OT,466,30,
Stoddard County,US.MO.SD,466,9,
Phillips County,US.AR.PH,465,11,
Ontario County,US.NY.OR,465,28,
Oswego County,US.NY.OS,464,3,
Natrona County,US.WY.NA,463,4,
Shelby County,US.TX.SY,463,25,
Union County,US.PA.UN,462,6,
Stewart County,US.GA.SW,462,13,
Chisago County,US.MN.CG,462,1,
McLeod County,US.MN.MC,461,2,
Grand Traverse County,US.MI.GN,460,7,
Jasper County,US.TX.JR,459,25,
DeKalb County,US.IN.DE,458,12,
Montgomery County,US.MS.MT,458,21,
Howard County,US.AR.HW,458,8,
Claiborne County,US.MS.CB,456,16,
Miller County,US.MO.ML,454,1,
McDonough County,US.IL.MU,453,15,
Seneca County,US.OH.SE,453,14,
Cherokee County,US.KS.CK,453,8,
Barry County,US.MO.BR,452,6,
Carbon County,US.PA.CB,452,28,
Warren County,US.MO.WR,451,0,
Allegany County,US.MD.AL,450,22,
Knox County,US.KY.KX,448,9,
Smyth County,US.VA.SM,447,8,
Fentress County,US.TN.FE,447,3,
Le Sueur County,US.MN.LU,446,4,
Haralson County,US.GA.HS,446,8,
Grays Harbor County,US.WA.GY,446,6,
Adams County,US.IN.AD,445,4,
Ohio County,US.KY.OH,444,9,
Crow Wing County,US.MN.CW,444,18,
Franklin County,US.MA.FR,444,67,
Barron County,US.WI.BR,443,4,
Calhoun County,US.SC.CH,443,17,
Christian County,US.IL.CI,443,10,
Berrien County,US.GA.BN,440,12,
Claiborne County,US.TN.CI,438,4,
Logan County,US.IL.LO,436,1,
Atkinson County,US.GA.AT,436,3,
Washington County,US.IA.WS,435,11,
Kenai Peninsula Borough,US.AK.KN,435,2,
Union County,US.OR.UN,435,2,
Lake County,US.CA.LK,433,10,
Duval County,US.TX.DU,433,14,
Catahoula Parish,US.LA.CT,432,10,
Miami County,US.IN.MI,430,3,
Fayette County,US.AL.FA,429,9,
Bleckley County,US.GA.BK,427,19,
Barton County,US.KS.BT,427,5,
Lawrence County,US.MS.LW,427,12,
Dunn County,US.WI.DN,426,0,
Ashley County,US.AR.AS,425,9,
Louisa County,US.IA.LO,425,15,
Saunders County,US.NE.SU,423,3,
Greene County,US.IN.GE,423,38,
Sumter County,US.AL.SU,423,19,
Martin County,US.NC.MR,422,10,
Preble County,US.OH.PR,422,13,
Candler County,US.GA.CR,422,17,
Summit County,US.CO.SU,422,4,
Logan County,US.OK.LG,422,1,
Jefferson County,US.WV.JE,422,4,
Armstrong County,US.PA.AR,421,17,
Monroe County,US.WI.MO,421,2,
Campbell County,US.TN.CM,421,3,
La Salle Parish,US.LA.LA,420,7,
Kewaunee County,US.WI.KW,420,2,
Yalobusha County,US.MS.YL,419,14,
Phelps County,US.MO.PH,419,5,
Cross County,US.AR.CO,418,8,
Parmer County,US.TX.PM,417,7,
Sussex County,US.VA.SS,416,10,
Campbell County,US.VA.CM,415,4,
Evans County,US.GA.EV,415,6,
Person County,US.NC.PN,414,6,
Seminole County,US.OK.SM,414,6,
Warren County,US.VA.WR,413,6,
Stokes County,US.NC.SO,413,3,
Nez Perce County,US.ID.NE,413,24,
Perry County,US.MS.PY,413,18,
St. Helena Parish,US.LA.SH,413,4,
Andrews County,US.TX.AR,412,8,
Lyon County,US.NV.LY,412,7,
Galax city,US.VA.GA,411,30,
Johnson County,US.GA.JH,411,22,
Audrain County,US.MO.AU,411,2,
Cooke County,US.TX.OO,410,5,
Northampton County,US.NC.NO,410,17,
Luna County,US.NM.LU,409,6,
Boyd County,US.KY.BD,408,6,
Dodge County,US.GA.DG,407,12,
Freestone County,US.TX.FE,406,2,
Stone County,US.MO.SE,406,4,
Scotts Bluff County,US.NE.SC,406,7,
Cibola County,US.NM.CI,406,20,
Mercer County,US.WV.MR,404,27,
Woodford County,US.IL.WO,402,6,
Otter Tail County,US.MN.OT,402,4,
Douglas County,US.WI.DG,401,0,
Tompkins County,US.NY.TO,399,0,
Huntingdon County,US.PA.HU,399,6,
Lincoln County,US.OK.LI,398,10,
Jenkins County,US.GA.JK,398,29,
Albany County,US.WY.AL,397,0,
Franklin city,US.VA.FR,396,9,
Geary County,US.KS.GE,394,2,
Logan County,US.AR.LG,394,1,
Columbia County,US.AR.CI,393,18,
Pike County,US.KY.PI,392,3,
Screven County,US.GA.SR,392,10,
Wise County,US.VA.WI,392,8,
Randolph County,US.AR.RA,390,22,
Crawford County,US.IL.CW,389,2,
Stephens County,US.OK.ST,389,5,
Cooper County,US.MO.CP,389,2,
Livingston County,US.MO.LV,388,1,
Jasper County,US.IN.JS,388,3,
Rio Arriba County,US.NM.RI,386,13,
Hopewell city,US.VA.HW,386,7,
Hancock County,US.GA.HC,386,42,
Maui County,US.HI.MA,385,9,
Jersey County,US.IL.JR,385,14,
Page County,US.VA.PA,385,29,
Cass County,US.IL.CS,384,11,
Bristol County,US.RI.BR,382,16,
Telfair County,US.GA.TF,381,18,
Polk County,US.TN.PO,380,11,
Muskingum County,US.OH.MU,380,2,
Beltrami County,US.MN.BT,380,5,
Amherst County,US.VA.AH,379,4,
Lawrence County,US.AR.LW,379,12,
Upshur County,US.TX.US,378,10,
Holmes County,US.OH.HL,377,7,
Martinsville city,US.VA.MR,377,15,
Grayson County,US.KY.GY,376,13,
Mason County,US.WA.MA,375,5,
Quitman County,US.MS.QU,375,5,
Dawson County,US.TX.DW,374,9,
Humphreys County,US.MS.HU,374,15,
Greenup County,US.KY.GU,373,4,
Fluvanna County,US.VA.FV,371,9,
Montrose County,US.CO.MO,371,13,
Dinwiddie County,US.VA.DN,371,11,
Steuben County,US.IN.SE,371,7,
Panola County,US.TX.PN,370,25,
Live Oak County,US.TX.LK,368,8,
Clinch County,US.GA.CC,368,6,
Houston County,US.TX.HS,368,10,
Harlan County,US.KY.HL,367,10,
Mingo County,US.WV.MO,366,9,
Arkansas County,US.AR.AR,363,4,
Warren County,US.NY.WR,363,30,
Allendale County,US.SC.AL,362,6,
Lincoln County,US.NE.LI,362,2,
Scott County,US.IN.SC,362,12,
Oneida County,US.WI.ON,362,2,
Crawford County,US.MO.CF,362,2,
La Salle County,US.TX.LS,362,11,
Pontotoc County,US.OK.PN,361,3,
Wayne County,US.WV.WA,361,10,
Yankton County,US.SD.YA,360,4,
Clark County,US.WI.CL,360,8,
Steuben County,US.NY.ST,360,39,
Stone County,US.MS.ST,360,12,
Union County,US.SD.UN,360,6,
Hempstead County,US.AR.HE,359,4,
Pecos County,US.TX.PE,358,5,
Ohio County,US.WV.OH,358,6,
Iroquois County,US.IL.IR,357,19,
Montgomery County,US.KS.MG,355,5,
Mahaska County,US.IA.MK,355,19,
Lamar County,US.AL.LM,355,2,
Red River Parish,US.LA.RE,354,21,
Greene County,US.MS.GE,354,17,
Grainger County,US.TN.GA,354,3,
Lamar County,US.GA.LM,353,17,
Shelby County,US.IL.SB,352,4,
Wood County,US.WV.WO,352,6,
Ionia County,US.MI.II,352,7,
Fayette County,US.IL.FA,351,3,
Little River County,US.AR.LT,351,25,
Jackson County,US.KY.JA,350,17,
Camp County,US.TX.CP,350,10,
Drew County,US.AR.DR,350,6,
Chemung County,US.NY.CM,349,3,
Cowley County,US.KS.CL,348,3,
Delaware County,US.IA.DA,348,3,
Garvin County,US.OK.GV,347,4,
Seminole County,US.GA.SI,346,9,
Choctaw County,US.AL.CC,346,12,
Zavala County,US.TX.ZV,346,16,
Brunswick County,US.VA.BU,346,4,
Miami County,US.KS.MI,345,1,
Franklin County,US.IA.FN,344,18,
Houghton County,US.MI.HO,344,2,
Pawnee County,US.KS.PN,344,0,
Martin County,US.MN.MT,343,10,
Brantley County,US.GA.BA,343,10,
Washington County,US.MO.WS,342,10,
Harrison County,US.WV.HR,342,8,
Harvey County,US.KS.HV,342,5,
Lawrence County,US.SD.LW,342,4,
Washington County,US.ID.WA,342,5,
West Carroll Parish,US.LA.WC,342,10,
Caroline County,US.VA.CI,341,5,
Goodhue County,US.MN.GO,340,9,
Livingston County,US.IL.LI,340,6,
Richmond County,US.VA.RI,339,4,
Uinta County,US.WY.UI,339,2,
Union County,US.TN.UO,339,1,
Perry County,US.IL.PY,338,15,
Hopkins County,US.TX.HP,336,8,
Bradley County,US.AR.BR,336,8,
Latah County,US.ID.LA,335,0,
Juneau County,US.WI.JU,335,2,
Butler County,US.KY.BR,335,16,
Cleburne County,US.AL.CB,334,6,
Sullivan County,US.IN.SU,334,12,
Lee County,US.IL.LE,333,1,
Newaygo County,US.MI.NE,333,1,
Marquette County,US.MI.MQ,333,12,
Zapata County,US.TX.ZP,333,6,
Madison County,US.AR.MD,333,2,
Fulton County,US.NY.FU,332,28,
Webster County,US.MS.WE,332,13,
Otsego County,US.NY.OO,332,4,
Benton County,US.TN.BN,332,9,
Montgomery County,US.IL.MT,331,13,
Hillsdale County,US.MI.HI,331,27,
Wilkinson County,US.GA.WI,331,18,
Randolph County,US.GA.RN,331,28,
Hockley County,US.TX.HC,331,8,
Halifax County,US.VA.HL,331,6,
Kendall County,US.TX.KD,330,7,
Cass County,US.TX.CS,330,14,
Dooly County,US.GA.DO,330,14,
Hughes County,US.SD.HG,330,4,
Jefferson Davis County,US.MS.JD,329,11,
Jefferson County,US.OH.JE,328,4,
Burleson County,US.TX.BU,328,6,
Menominee County,US.MI.MM,328,1,
Kingfisher County,US.OK.KN,328,2,
Terrell County,US.GA.TL,327,31,
Perry County,US.KY.PR,327,8,
Lamb County,US.TX.LB,326,21,
Elmore County,US.ID.EL,326,3,
Beckham County,US.OK.BC,326,1,
Avery County,US.NC.AV,326,0,
Benson County,US.ND.BE,325,5,
Orleans County,US.NY.OL,325,55,
Owyhee County,US.ID.OW,324,5,
Caswell County,US.NC.CS,324,3,
Wheeler County,US.GA.WL,324,11,
Sweetwater County,US.WY.SW,323,2,
Warren County,US.NC.WR,323,7,
Herkimer County,US.NY.HE,322,10,
Adair County,US.MO.AD,322,0,
Oglethorpe County,US.GA.OG,322,11,
Rabun County,US.GA.RB,321,8,
Chaffee County,US.CO.CA,321,19,
Greene County,US.NY.GR,321,14,
Franklin County,US.KS.FR,321,3,
Franklin County,US.VA.FN,320,3,
Aransas County,US.TX.AA,320,18,
St. Lawrence County,US.NY.SI,319,4,
Genesee County,US.NY.GE,317,6,
Gaines County,US.TX.GS,317,8,
Bollinger County,US.MO.BI,317,1,
Stone County,US.AR.ST,317,7,
Cleburne County,US.AR.CB,316,8,
Orange County,US.VA.OR,316,4,
Clark County,US.AR.CK,316,4,
Hamilton County,US.IA.HM,315,3,
Pike County,US.GA.PK,315,9,
Jennings County,US.IN.JN,315,14,
Cass County,US.NE.CS,314,2,
Calaveras County,US.CA.CA,314,14,
Carroll County,US.MS.CL,314,12,
Amite County,US.MS.AM,314,10,
Chowan County,US.NC.CW,313,3,
Transylvania County,US.NC.TR,313,7,
Allen County,US.KY.AL,312,9,
O'Brien County,US.IA.OB,312,9,
Clearfield County,US.PA.CF,311,2,
Wayne County,US.NY.WN,311,3,
Pulaski County,US.GA.PL,310,14,
Towns County,US.GA.TW,309,8,
Gillespie County,US.TX.GL,309,10,
Franklin County,US.IN.FR,309,26,
Jackson County,US.IA.JC,308,3,
Jackson County,US.TN.JA,308,5,
Grayson County,US.VA.GY,307,10,
Warren County,US.IL.WR,307,2,
Posey County,US.IN.PS,306,0,
Morgan County,US.MO.MG,306,1,
Morgan County,US.TN.MG,306,3,
Choctaw County,US.OK.CA,305,2,
Northampton County,US.VA.NA,305,31,
Bosque County,US.TX.BQ,304,6,
Floyd County,US.IA.FL,303,3,
Brooks County,US.TX.BK,303,22,
Clay County,US.KY.CY,303,6,
Refugio County,US.TX.RF,303,13,
Greene County,US.AL.GR,302,15,
Bonner County,US.ID.BR,302,0,
Winneshiek County,US.IA.WH,301,5,
Wilkinson County,US.MS.WK,301,18,
Clark County,US.KY.CK,301,8,
Logan County,US.OH.LG,301,3,
Union County,US.KY.UN,300,2,
Montcalm County,US.MI.MC,300,5,
Henry County,US.OH.HE,300,12,
Whitley County,US.KY.WH,299,2,
Adair County,US.KY.AD,299,19,
Island County,US.WA.IS,299,11,
Caldwell Parish,US.LA.CW,299,3,
McIntosh County,US.OK.MI,298,4,
Kent County,US.MD.KE,297,24,
Delta County,US.MI.DE,297,5,
Gunnison County,US.CO.GU,296,7,
Clay County,US.IA.CY,296,3,
Robertson County,US.TX.RO,296,4,
Lanier County,US.GA.LI,295,5,
Douglas County,US.NV.DO,294,1,
Turner County,US.GA.TR,294,22,
Champaign County,US.OH.CH,294,3,
Comanche County,US.TX.CE,294,3,
Bond County,US.IL.BN,294,4,
Susquehanna County,US.PA.SS,293,28,
Jackson County,US.AR.JA,293,1,
Crawford County,US.PA.CW,293,3,
Montgomery County,US.GA.MM,293,5,
Clay County,US.IN.CY,293,5,
Gem County,US.ID.GE,291,2,
Botetourt County,US.VA.BO,291,10,
Waushara County,US.WI.WS,290,2,
Baxter County,US.AR.BA,290,1,
Itasca County,US.MN.IT,289,13,
Mississippi County,US.MO.MI,289,3,
Gray County,US.TX.GY,289,5,
Irwin County,US.GA.IR,288,4,
Perry County,US.OH.PE,288,9,
Hughes County,US.OK.HU,288,4,
Washington County,US.NY.WS,288,14,
Orange County,US.IN.OR,287,26,
Taylor County,US.KY.TA,287,7,
Defiance County,US.OH.DF,287,10,
Pine County,US.MN.PN,287,0,
Benton County,US.IA.BN,287,1,
Benton County,US.OR.BE,286,6,
Kemper County,US.MS.KE,286,15,
Hardin County,US.IA.HD,284,1,
McIntosh County,US.GA.MH,284,7,
Madison County,US.MO.MD,284,0,
Ripley County,US.IN.RI,283,8,
Barry County,US.MI.BR,283,3,
Young County,US.TX.YU,282,6,
Clinton County,US.OH.CI,282,13,
Brown County,US.OH.BR,281,2,
Desha County,US.AR.DE,281,5,
Atoka County,US.OK.AT,281,1,
Douglas County,US.IL.DO,281,6,
Moniteau County,US.MO.ME,281,4,
Louisa County,US.VA.LI,280,6,
Unicoi County,US.TN.UC,280,1,
Marshall County,US.KY.MH,280,2,
Texas County,US.MO.TE,280,2,
Knox County,US.OH.KN,280,15,
Cannon County,US.TN.CN,279,0,
Saline County,US.IL.SE,278,3,
Klamath County,US.OR.KL,277,2,
Polk County,US.MN.PL,277,4,
Winnebago County,US.IA.WB,276,12,
Dade County,US.GA.DD,274,5,
Snyder County,US.PA.SN,272,4,
Patrick County,US.VA.PK,271,24,
City and Borough of Juneau,US.AK.JU,271,1,
Casey County,US.KY.CS,270,15,
Carroll County,US.IN.CO,270,13,
Roosevelt County,US.NM.RO,270,3,
Wasco County,US.OR.WC,269,3,
Isanti County,US.MN.IS,268,0,
Clay County,US.AR.CY,267,7,
Douglas County,US.MN.DU,267,2,
Haskell County,US.OK.HS,266,4,
Atchison County,US.KS.AT,266,1,
Simpson County,US.KY.SI,266,8,
Wabash County,US.IN.WB,265,8,
Gooding County,US.ID.GO,265,1,
Westmoreland County,US.VA.WM,265,3,
Wells County,US.IN.WE,265,2,
Dare County,US.NC.DE,264,2,
Boyle County,US.KY.BE,263,0,
Sharkey County,US.MS.SH,263,13,
Lee County,US.VA.LE,262,7,
Butler County,US.IA.BE,262,2,
Door County,US.WI.DO,262,3,
Salem city,US.VA.SE,261,4,
Washington County,US.IN.WS,261,1,
Lyon County,US.IA.LY,261,3,
Wilkes County,US.GA.WS,260,4,
Goochland County,US.VA.GO,260,7,
Wright County,US.MO.WG,259,0,
Runnels County,US.TX.RN,259,5,
Polk County,US.NC.PO,259,8,
Tazewell County,US.VA.TA,258,2,
Marion County,US.WV.MI,258,3,
Woodford County,US.KY.WO,257,0,
Clarke County,US.IA.CK,256,3,
Green County,US.KY.GN,256,8,
Grundy County,US.TN.GU,256,5,
Montgomery County,US.KY.MM,255,3,
Starke County,US.IN.SR,255,8,
Lake County,US.MT.LA,255,1,
Waynesboro city,US.VA.WS,255,3,
Cattaraugus County,US.NY.CG,255,7,
Sheridan County,US.WY.SH,254,4,
Campbell County,US.WY.CM,254,1,
Nottoway County,US.VA.NY,254,16,
Gratiot County,US.MI.GT,254,15,
Dimmit County,US.TX.DM,253,7,
Poweshiek County,US.IA.PW,253,8,
Whitley County,US.IN.WL,252,6,
Emmet County,US.IA.EM,252,10,
Polk County,US.AR.PL,252,4,
Buchanan County,US.IA.BC,252,1,
Penobscot County,US.ME.PE,252,6,
Amador County,US.CA.AM,252,16,
Ashe County,US.NC.AS,252,1,
Morrow County,US.OH.MW,252,2,
McPherson County,US.KS.MP,252,1,
La Plata County,US.CO.LA,252,2,
Jackson County,US.WV.JA,252,23,
Conway County,US.AR.CN,252,3,
Benton County,US.MO.BN,251,2,
Becker County,US.MN.BC,251,2,
Washington County,US.OH.WS,251,23,
Franklin County,US.AR.FR,251,2,
Hardin County,US.OH.HD,250,13,
Allamakee County,US.IA.AL,250,6,
Grant County,US.AR.GN,250,2,
Lawrence County,US.IL.LW,250,2,
Castro County,US.TX.AS,250,5,
Colonial Heights city,US.VA.CH,249,25,
Green Lake County,US.WI.GL,249,0,
Wayne County,US.IL.WY,249,5,
Washington County,US.NE.WS,249,2,
Chenango County,US.NY.CH,248,6,
Jones County,US.IA.JN,248,3,
Emporia city,US.VA.EM,248,26,
Otero County,US.NM.OT,247,13,
Ouachita County,US.AR.OU,246,6,
Hood River County,US.OR.HO,246,0,
Thurston County,US.NE.TU,246,4,
Miller County,US.GA.ML,246,1,
McLean County,US.ND.ML,246,2,
Carlton County,US.MN.CL,246,1,
Somerset County,US.MD.SO,246,4,
Staunton city,US.VA.SU,245,0,
Pawnee County,US.OK.PW,245,3,
Jefferson County,US.IN.JF,245,3,
Wilcox County,US.GA.WC,245,20,
Treutlen County,US.GA.TE,245,8,
Shelby County,US.IA.SH,244,1,
Randolph County,US.IN.RA,244,7,
Jefferson County,US.MS.JF,243,9,
Jo Daviess County,US.IL.JO,243,2,
Alamosa County,US.CO.AL,241,9,
Russell County,US.KY.RU,241,6,
Echols County,US.GA.EC,239,2,
Dallam County,US.TX.DL,238,8,
Fulton County,US.OH.FU,237,1,
Randolph County,US.WV.RN,237,1,
Russell County,US.VA.RU,236,5,
Fulton County,US.IN.FU,236,2,
Pamlico County,US.NC.PM,235,2,
Humphreys County,US.TN.HU,235,3,
Silver Bow County,US.MT.SI,234,0,
Calhoun County,US.GA.CU,234,7,
Terry County,US.TX.TE,234,4,
Clayton County,US.IA.CT,234,3,
Jackson County,US.OH.JA,234,4,
Lampasas County,US.TX.LP,233,8,
Leon County,US.TX.LN,233,6,
Kossuth County,US.IA.KO,233,0,
Jackson County,US.KS.JA,231,2,
Coshocton County,US.OH.CS,231,11,
Long County,US.GA.LG,231,3,
Bedford County,US.PA.BO,231,6,
Guthrie County,US.IA.GH,231,5,
Lafayette County,US.WI.LF,231,0,
Andrew County,US.MO.AN,230,1,
Polk County,US.WI.PL,230,2,
Pike County,US.MO.PI,229,3,
Montgomery County,US.NY.MT,229,9,
Gloucester County,US.VA.GL,228,2,
Oglala Lakota County,US.SD.SH,228,3,
Labette County,US.KS.LB,228,4,
McCormick County,US.SC.MC,227,6,
Lewis and Clark County,US.MT.LE,227,3,
King George County,US.VA.KG,227,4,
Macon County,US.GA.MC,227,10,
Falls County,US.TX.FL,227,5,
Crawford County,US.OH.CF,227,6,
Fayette County,US.OH.FY,226,6,
Tuolumne County,US.CA.TO,226,4,
Forest County,US.WI.FR,226,4,
Pottawatomie County,US.KS.PT,226,0,
San Jacinto County,US.TX.SJ,226,9,
Huntington County,US.IN.HU,225,3,
Tioga County,US.NY.TI,225,21,
Davison County,US.SD.DV,225,2,
Perry County,US.IN.PE,225,14,
Randolph County,US.MO.RN,224,3,
Clallam County,US.WA.CL,224,1,
Ashland County,US.OH.AL,224,4,
Chickasaw County,US.IA.CC,224,0,
Cedar County,US.IA.CD,224,1,
Benton County,US.MS.BE,223,2,
Mountrail County,US.ND.MU,223,2,
Sequatchie County,US.TN.SQ,223,3,
Wythe County,US.VA.WY,223,4,
Pike County,US.AR.PE,223,3,
Cameron Parish,US.LA.CM,222,2,
Newton County,US.AR.NW,222,18,
Adams County,US.WI.AD,222,4,
Pulaski County,US.VA.PU,221,4,
Douglas County,US.OR.DO,221,3,
Meigs County,US.TN.ME,221,3,
Lewis County,US.KY.LI,221,14,
Tipton County,US.IN.TT,221,25,
Sac County,US.IA.SA,220,0,
Wayne County,US.PA.WN,220,10,
Highland County,US.OH.HI,220,3,
Alleghany County,US.NC.AL,220,0,
Huron County,US.MI.HU,219,5,
Cottonwood County,US.MN.CT,219,0,
Spencer County,US.IN.SP,218,3,
Powhatan County,US.VA.PH,218,5,
Lee County,US.TX.LE,218,14,
Carbon County,US.WY.CB,217,2,
Nolan County,US.TX.NO,217,5,
Pitkin County,US.CO.PI,217,2,
Marion County,US.KY.MN,217,8,
Greene County,US.IL.GE,216,7,
Pipestone County,US.MN.PS,215,10,
Brewster County,US.TX.BS,215,2,
Mifflin County,US.PA.MI,215,2,
Shoshone County,US.ID.SH,214,18,
Barnes County,US.ND.BA,214,0,
Morrison County,US.MN.MR,213,1,
Lincoln County,US.GA.LC,213,7,
Carroll County,US.IL.CL,212,4,
Greene County,US.VA.GE,212,3,
Seward County,US.NE.SA,212,3,
Nevada County,US.AR.NV,211,13,
Gage County,US.NE.GG,211,5,
Clay County,US.TN.CY,211,5,
Bailey County,US.TX.BY,210,5,
Richland County,US.ND.RI,210,1,
Park County,US.WY.PA,210,2,
Jasper County,US.GA.JS,210,4,
Marquette County,US.WI.MQ,210,1,
Power County,US.ID.PO,210,1,
Tyler County,US.TX.TY,210,4,
Glacier County,US.MT.GC,209,1,
Rowan County,US.KY.RW,209,1,
Appomattox County,US.VA.AP,209,3,
Dodge County,US.MN.DD,209,0,
Kennebec County,US.ME.KE,208,11,
Madison County,US.IA.MD,207,2,
Grant County,US.KS.GT,207,5,
Grundy County,US.IA.GN,207,2,
Perry County,US.PA.PE,207,6,
Moultrie County,US.IL.MI,207,3,
Sanpete County,US.UT.SP,206,1,
Clinton County,US.MO.CO,206,0,
Taylor County,US.GA.TY,206,10,
Somerset County,US.PA.SO,206,3,
Iosco County,US.MI.IC,205,12,
Monroe County,US.KY.MO,204,4,
Cherokee County,US.IA.CE,204,2,
Yoakum County,US.TX.YA,203,5,
Sharp County,US.AR.SH,202,6,
Scott County,US.TN.SC,202,2,
Wyandot County,US.OH.WD,202,12,
Cayuga County,US.NY.CY,202,2,
Livingston County,US.NY.LI,202,6,
Fayette County,US.IA.FT,201,2,
Williams County,US.OH.WI,201,3,
Cumberland County,US.IL.CU,200,4,
Washington County,US.NC.WI,200,8,
Mercer County,US.KY.MC,200,2,
Boone County,US.WV.BN,200,1,
Roosevelt County,US.MT.RO,199,1,
San Augustine County,US.TX.SG,199,15,
Jasper County,US.IL.JS,199,9,
Clinton County,US.PA.CN,199,6,
Chippewa County,US.MN.CP,198,1,
Washington County,US.IL.WG,197,1,
Izard County,US.AR.IZ,197,0,
Spencer County,US.KY.SP,197,0,
Sawyer County,US.WI.SW,196,1,
Floyd County,US.VA.FO,196,8,
Carroll County,US.KY.CL,195,5,
Rush County,US.IN.RU,195,4,
Hancock County,US.IL.HC,194,3,
Trinity County,US.TX.TR,194,7,
Hutchinson County,US.TX.UT,193,4,
Houston County,US.TN.HO,193,1,
Iowa County,US.IA.IO,193,1,
Meade County,US.KY.MA,193,3,
Mecosta County,US.MI.MT,193,3,
Wayne County,US.MO.WY,192,0,
Klickitat County,US.WA.KL,192,3,
Ramsey County,US.ND.RM,191,2,
Franklin County,US.MS.FR,191,3,
Josephine County,US.OR.JO,190,2,
Heard County,US.GA.HD,189,5,
Reeves County,US.TX.RE,189,6,
Marion County,US.GA.MR,189,8,
Lincoln County,US.NM.LI,189,3,
Vernon County,US.WI.VE,188,0,
Delta County,US.CO.DT,187,3,
Inyo County,US.CA.IN,187,14,
Sibley County,US.MN.SI,187,3,
Meeker County,US.MN.ME,187,2,
McKenzie County,US.ND.MK,187,2,
Gallia County,US.OH.GA,186,12,
Sullivan County,US.MO.SV,185,0,
Henry County,US.KY.HY,185,2,
Twiggs County,US.GA.TG,185,7,
Sumner County,US.KS.SU,185,3,
Morris County,US.TX.MR,184,3,
Idaho County,US.ID.ID,184,0,
Mitchell County,US.IA.ME,183,0,
Lincoln County,US.KY.LN,183,13,
Ste. Genevieve County,US.MO.SG,183,1,
Howard County,US.IA.HO,182,6,
Juniata County,US.PA.JU,182,7,
New Kent County,US.VA.NK,181,2,
Brown County,US.MN.BR,181,2,
Wabasha County,US.MN.WB,181,0,
Harrison County,US.IA.HR,181,2,
Scott County,US.VA.SC,181,4,
Choctaw County,US.MS.CW,180,6,
Dallas County,US.MO.DL,180,1,
Iowa County,US.WI.IO,179,0,
Perquimans County,US.NC.PQ,179,3,
Cleveland County,US.AR.CV,179,10,
Jay County,US.IN.JY,179,0,
Greene County,US.PA.GR,179,1,
Lewis County,US.TN.LE,179,1,
Todd County,US.KY.TO,179,8,
Bristol city,US.VA.BI,178,3,
Vilas County,US.WI.VI,178,1,
Stewart County,US.TN.SA,177,2,
Floyd County,US.KY.FO,176,2,
Williamsburg City,US.VA.WL,176,7,
Jefferson County,US.KS.JF,176,2,
Humboldt County,US.IA.HU,176,3,
Custer County,US.SD.CU,175,2,
Barton County,US.MO.BT,175,0,
Teller County,US.CO.TE,174,4,
Bourbon County,US.KY.BU,174,1,
Hancock County,US.IA.HN,174,2,
Millard County,US.UT.MD,174,0,
Lake County,US.SD.LK,173,7,
Calhoun County,US.IA.CO,173,2,
Marshall County,US.OK.MH,173,1,
Grundy County,US.MO.GU,173,2,
Essex County,US.VA.ES,172,2,
Newton County,US.TX.NE,172,9,
Meigs County,US.OH.MS,172,10,
Newton County,US.IN.NE,172,12,
Otsego County,US.MI.OS,171,11,
Fremont County,US.ID.FE,171,3,
Currituck County,US.NC.CI,170,1,
Walsh County,US.ND.WL,170,1,
Love County,US.OK.LV,169,1,
Fremont County,US.CO.FR,169,1,
Harrison County,US.KY.HS,169,0,
Mills County,US.IA.ML,169,1,
Douglas County,US.MO.DO,169,3,
Van Buren County,US.AR.VA,169,2,
Lincoln County,US.WI.LI,169,1,
Trigg County,US.KY.TG,168,0,
Pike County,US.OH.PK,167,0,
Coosa County,US.AL.CS,167,3,
Henry County,US.MO.HE,167,4,
Eastland County,US.TX.EA,167,3,
Montague County,US.TX.MU,167,3,
Hart County,US.KY.HT,166,1,
Crawford County,US.GA.CW,166,4,
Owen County,US.IN.OW,166,2,
Mineral County,US.WV.ML,165,4,
Howard County,US.MO.HR,165,2,
Rockcastle County,US.KY.RC,165,1,
Knott County,US.KY.KT,165,1,
Martin County,US.IN.MN,165,0,
Mono County,US.CA.MO,165,2,
Jefferson County,US.NY.JE,164,1,
Montour County,US.PA.MO,164,5,
Palo Alto County,US.IA.PO,164,0,
Crockett County,US.TX.CT,164,6,
Siskiyou County,US.CA.SK,163,0,
Roberts County,US.SD.RO,163,1,
Carter County,US.KY.CR,163,3,
Vernon County,US.MO.VE,162,1,
Cortland County,US.NY.CD,162,1,
Yellow Medicine County,US.MN.YE,162,2,
Hocking County,US.OH.HC,161,9,
Essex County,US.NY.ES,161,13,
Talbot County,US.GA.TB,160,5,
Tensas Parish,US.LA.TN,160,2,
Bourbon County,US.KS.BB,160,2,
Rolette County,US.ND.RO,160,4,
Marshall County,US.WV.MH,160,1,
Richland County,US.IL.RI,159,4,
White County,US.IL.WE,159,0,
Rock County,US.MN.RC,159,0,
Taylor County,US.WI.TA,159,3,
Red River County,US.TX.RV,159,14,
Pulaski County,US.IL.PL,159,1,
Ray County,US.MO.RY,158,0,
Guernsey County,US.OH.GU,157,8,
Dallas County,US.AR.DA,157,2,
Gasconade County,US.MO.GA,157,17,
Emmet County,US.MI.EM,156,4,
Grant County,US.KY.GT,156,6,
Lincoln County,US.WV.LI,156,2,
Gogebic County,US.MI.GO,156,1,
Clinton County,US.NY.CL,155,5,
Murray County,US.MN.MU,155,2,
Columbia County,US.OR.CL,154,1,
Goliad County,US.TX.GI,154,6,
Pocahontas County,US.IA.PC,154,2,
Moore County,US.TN.MO,154,1,
Van Buren County,US.TN.VA,154,0,
Bandera County,US.TX.BA,153,7,
King William County,US.VA.KW,153,2,
Stevens County,US.WA.ST,153,2,
Lucas County,US.IA.LU,153,6,
Elbert County,US.CO.EB,152,3,
Mille Lacs County,US.MN.MI,152,3,
Grant County,US.WV.GA,152,7,
Clark County,US.IL.CK,151,2,
Carroll County,US.OH.CO,151,7,
York County,US.NE.YO,151,2,
Alpena County,US.MI.AP,150,14,
Johnston County,US.OK.JO,150,4,
Monroe County,US.IA.MR,150,10,
Perry County,US.TN.PE,150,0,
Charles Mix County,US.SD.CH,150,0,
Webster County,US.KY.WE,150,3,
Marion County,US.TX.MN,150,14,
Garrard County,US.KY.GR,149,3,
Pushmataha County,US.OK.PU,149,1,
Preston County,US.WV.PR,149,4,
Routt County,US.CO.RT,148,8,
Jones County,US.NC.JN,148,11,
Fulton County,US.IL.FU,148,0,
Monroe County,US.WV.ME,147,7,
Anderson County,US.KY.AN,147,1,
Macon County,US.MO.MN,146,0,
Knox County,US.NE.KN,146,0,
Teton County,US.ID.TE,146,0,
Northumberland County,US.VA.NU,146,6,
Wabash County,US.IL.WB,146,1,
Sanilac County,US.MI.SL,146,7,
Belknap County,US.NH.BE,146,4,
Ripley County,US.MO.RI,145,0,
Johnson County,US.KY.JO,145,1,
Crawford County,US.WI.CR,145,0,
Coos County,US.OR.CO,145,0,
Ralls County,US.MO.RL,144,0,
Burnett County,US.WI.BN,144,3,
Redwood County,US.MN.RW,144,1,
Hancock County,US.WV.HN,144,0,
Johnson County,US.IL.JH,144,0,
Iron County,US.WI.IR,144,1,
Caldwell County,US.KY.CD,144,0,
McCulloch County,US.TX.MC,144,3,
Lincoln County,US.WY.LI,144,1,
McCreary County,US.KY.MR,143,0,
Otoe County,US.NE.OT,143,1,
Noble County,US.OK.NB,143,2,
Cheshire County,US.NH.CH,143,3,
Washington County,US.KY.WS,143,1,
Turner County,US.SD.TU,142,2,
Blanco County,US.TX.BC,142,5,
Page County,US.IA.PG,142,0,
Sioux County,US.ND.SI,141,3,
Clay County,US.IL.CY,141,0,
Searcy County,US.AR.SA,141,0,
Lancaster County,US.VA.LA,140,0,
Monona County,US.IA.MO,140,1,
Somervell County,US.TX.SV,140,5,
Pike County,US.IN.PI,140,1,
Kearney County,US.NE.KA,139,0,
Fulton County,US.KY.FU,139,2,
Swain County,US.NC.SW,139,3,
Montgomery County,US.AR.MT,139,4,
Mason County,US.WV.MN,138,5,
Churchill County,US.NV.CH,138,3,
Warren County,US.GA.WR,138,5,
Del Norte County,US.CA.DE,138,1,
Prairie County,US.AR.PR,138,1,
Grafton County,US.NH.GR,137,1,
Langlade County,US.WI.LN,137,2,
Wilbarger County,US.TX.WG,137,2,
Benewah County,US.ID.BA,137,3,
Carroll County,US.MO.CL,136,1,
Cass County,US.IA.CS,136,2,
Jackson County,US.MN.JA,136,1,
Renville County,US.MN.RN,136,7,
Hill County,US.MT.HI,135,3,
Fairfax city,US.VA.FC,135,7,
Neosho County,US.KS.NO,135,0,
Mason County,US.MI.MN,134,0,
Cass County,US.MN.CS,134,3,
Nowata County,US.OK.NW,134,3,
Jefferson County,US.IA.JE,134,1,
Okfuskee County,US.OK.OF,133,4,
Faribault County,US.MN.FA,133,0,
Wyoming County,US.NY.WM,132,5,
Franklin County,US.TX.FK,132,6,
Osceola County,US.IA.OS,132,0,
Stephens County,US.TX.SE,132,4,
Delaware County,US.NY.DE,131,4,
Piatt County,US.IL.PA,131,0,
Taos County,US.NM.TA,131,4,
Buchanan County,US.VA.BH,131,2,
Edmonson County,US.KY.ED,131,12,
Montezuma County,US.CO.MZ,131,5,
Latimer County,US.OK.LA,130,2,
Bradford County,US.PA.BF,130,3,
Wayne County,US.KY.WY,130,0,
Ravalli County,US.MT.RA,129,2,
Dent County,US.MO.DN,129,1,
Oxford County,US.ME.OX,129,1,
Jack County,US.TX.JK,129,2,
Estill County,US.KY.ES,129,0,
Fulton County,US.AR.FU,128,3,
Gates County,US.NC.GT,128,3,
Buffalo County,US.WI.BF,128,2,
Mason County,US.IL.MS,128,1,
Osage County,US.MO.OS,128,1,
Concho County,US.TX.ON,128,2,
Rutland County,US.VT.RU,128,1,
Vermillion County,US.IN.VE,127,0,
Emmons County,US.ND.EM,127,1,
Ochiltree County,US.TX.OC,127,5,
Mercer County,US.IL.ME,127,5,
Graham County,US.NC.GH,126,2,
Taylor County,US.IA.TY,125,1,
Appanoose County,US.IA.AP,125,3,
Hamilton County,US.NE.HM,124,12,
Breckinridge County,US.KY.BC,124,2,
Hyde County,US.NC.HE,124,5,
Clatsop County,US.OR.CT,124,0,
Amelia County,US.VA.AI,124,5,
Wayne County,US.NE.WY,124,0,
DeKalb County,US.MO.DE,123,2,
Hartley County,US.TX.HL,123,0,
Windham County,US.VT.WH,123,3,
Swift County,US.MN.SW,123,1,
Adams County,US.OH.AD,123,4,
Franklin County,US.VT.FR,123,7,
Union County,US.IA.UN,122,3,
Mason County,US.KY.MS,122,2,
Crawford County,US.MI.CF,121,5,
Dewey County,US.SD.DW,121,0,
Blackford County,US.IN.BL,121,3,
Dickinson County,US.KS.DK,121,1,
Crittenden County,US.KY.CT,120,1,
Harper County,US.KS.HP,120,2,
Humboldt County,US.NV.HU,120,4,
Ward County,US.TX.WD,120,1,
Juab County,US.UT.JU,120,1,
Letcher County,US.KY.LT,120,2,
Cuming County,US.NE.CM,120,0,
Carroll County,US.NH.CA,120,2,
Greenbrier County,US.WV.GE,120,3,
Mercer County,US.ND.ME,120,0,
Yancey County,US.NC.YN,120,0,
Wexford County,US.MI.WE,120,4,
Clay County,US.GA.CY,120,2,
Fountain County,US.IN.FO,119,2,
Nemaha County,US.NE.NE,119,0,
Murray County,US.OK.MR,119,1,
Llano County,US.TX.LL,119,2,
Monroe County,US.AR.ME,119,0,
Buffalo County,US.SD.BF,119,3,
Menard County,US.IL.MN,119,0,
Taylor County,US.WV.TA,119,6,
Hamilton County,US.TX.HM,118,4,
Phillips County,US.MT.PH,118,0,
Dawes County,US.NE.DS,118,0,
Pulaski County,US.IN.PL,117,1,
Gentry County,US.MO.GT,117,9,
Real County,US.TX.RL,117,7,
Roseau County,US.MN.RS,117,0,
Ozark County,US.MO.OZ,117,0,
Clarion County,US.PA.CL,116,3,
Davis County,US.IA.DV,116,4,
Houston County,US.MN.HO,115,0,
Dickinson County,US.MI.DI,115,2,
Blaine County,US.OK.BL,115,1,
Surry County,US.VA.SR,114,3,
Kanabec County,US.MN.KA,114,8,
Van Wert County,US.OH.VA,114,3,
Washakie County,US.WY.WA,113,6,
Tyrrell County,US.NC.TY,113,2,
Pennington County,US.MN.PI,113,1,
Spink County,US.SD.SP,113,0,
Deer Lodge County,US.MT.DE,113,0,
Clay County,US.NC.CY,112,2,
Brooke County,US.WV.BO,112,1,
Larue County,US.KY.LR,112,1,
Lyman County,US.SD.LY,112,3,
Lunenburg County,US.VA.LN,112,3,
Carbon County,US.MT.CB,112,0,
Saguache County,US.CO.SG,111,2,
Clare County,US.MI.CE,111,4,
Van Buren County,US.IA.VA,111,1,
Hansford County,US.TX.HF,111,4,
Jackson County,US.WI.JA,111,1,
Winkler County,US.TX.WI,111,1,
Coffey County,US.KS.CF,111,8,
Camden County,US.NC.CD,111,3,
Grant County,US.NM.GR,110,2,
Leelanau County,US.MI.LE,110,1,
Koochiching County,US.MN.KO,110,3,
Middlesex County,US.VA.MI,110,9,
Fillmore County,US.MN.FI,110,0,
Pike County,US.IL.PK,110,1,
Edgar County,US.IL.EG,109,7,
Metcalfe County,US.KY.MT,109,2,
Carbon County,US.UT.CR,109,0,
Monroe County,US.OH.ME,109,18,
Jefferson County,US.PA.JE,109,3,
Stevens County,US.KS.SV,109,1,
Bennington County,US.VT.BE,109,1,
Todd County,US.SD.TO,108,5,
Thomas County,US.KS.TH,108,0,
Uintah County,US.UT.UN,108,1,
Butler County,US.NE.BE,108,1,
Meade County,US.KS.ME,107,1,
Clinton County,US.KY.CO,107,2,
Gregory County,US.SD.GE,107,1,
Lincoln County,US.MT.LN,106,3,
Hancock County,US.TN.HC,106,3,
Converse County,US.WY.CE,106,0,
Floyd County,US.TX.FY,106,9,
Gray County,US.KS.GY,105,0,
Mitchell County,US.NC.MI,105,3,
Paulding County,US.OH.PA,105,0,
Greer County,US.OK.GE,105,8,
Seneca County,US.NY.SC,105,1,
Custer County,US.MT.CU,104,2,
Ida County,US.IA.ID,104,0,
Traill County,US.ND.TR,104,0,
Jim Hogg County,US.TX.JG,104,3,
Crawford County,US.IN.CW,104,1,
Cumberland County,US.VA.CU,104,2,
Richland County,US.WI.RI,104,4,
Schley County,US.GA.SY,104,2,
Rockbridge County,US.VA.RB,104,2,
San Miguel County,US.NM.SM,103,0,
Duchesne County,US.UT.DU,103,1,
Garza County,US.TX.GR,103,4,
Pickett County,US.TN.PI,103,2,
Worth County,US.IA.WT,103,0,
Wyoming County,US.WV.WY,103,3,
Union County,US.IN.UN,103,0,
Issaquena County,US.MS.IS,103,3,
De Witt County,US.IL.DW,103,1,
Phelps County,US.NE.PH,103,0,
Lincoln County,US.MN.LI,103,0,
Brown County,US.IN.BR,102,3,
Sevier County,US.UT.SE,102,1,
Madison County,US.VA.MD,102,3,
Hampshire County,US.WV.HM,102,1,
Charlotte County,US.VA.CT,102,0,
Pierce County,US.NE.PI,101,7,
Harrison County,US.MO.HS,101,1,
Oregon County,US.MO.OR,101,0,
Bates County,US.MO.BS,101,1,
Parke County,US.IN.PA,100,1,
Swisher County,US.TX.SW,100,3,
Allegany County,US.NY.AL,99,2,
Cumberland County,US.KY.CU,99,0,
Woods County,US.OK.WS,99,0,
Tripp County,US.SD.TR,99,0,
Hidalgo County,US.NM.HI,99,2,
Brown County,US.KS.BR,98,3,
Ford County,US.IL.FO,98,5,
Northwest Arctic Borough,US.AK.NW,98,0,
Nelson County,US.VA.NL,98,2,
Madison County,US.MT.MA,97,1,
Washburn County,US.WI.WR,97,1,
Gallatin County,US.KY.GL,97,8,
Franklin County,US.ID.FA,97,0,
Caribou County,US.ID.CR,97,0,
Iron County,US.MI.IR,97,1,
Charlevoix County,US.MI.CV,97,3,
Presidio County,US.TX.PS,96,6,
Scott County,US.AR.SC,96,1,
Phillips County,US.KS.PL,96,8,
Haskell County,US.KS.HS,96,1,
Massac County,US.IL.MA,96,2,
Doniphan County,US.KS.DP,95,0,
Bethel Census Area,US.AK.BE,95,1,
Brule County,US.SD.BU,95,0,
Osage County,US.KS.OS,95,0,
Rio Grande County,US.CO.RG,95,2,
San Miguel County,US.CO.SM,95,0,
Morgan County,US.UT.MN,95,0,
Marshall County,US.IL.MH,94,0,
Grant County,US.SD.GA,94,1,
Bayfield County,US.WI.BY,94,1,
Daviess County,US.MO.DV,94,0,
Prowers County,US.CO.PR,94,0,
Lynn County,US.TX.LY,93,5,
Clarke County,US.VA.CK,93,0,
North Slope Borough,US.AK.NH,93,0,
Stevens County,US.MN.SV,93,1,
Walworth County,US.SD.WA,93,0,
Lafayette County,US.AR.LF,93,2,
Howard County,US.NE.HW,93,5,
Keokuk County,US.IA.KE,92,1,
Owen County,US.KY.OE,92,2,
Pendleton County,US.KY.PN,92,0,
Roscommon County,US.MI.RO,92,4,
Osceola County,US.MI.OE,92,0,
Nicholas County,US.WV.NI,92,3,
Yuma County,US.CO.YU,91,0,
Greene County,US.IA.GE,91,0,
Dickenson County,US.VA.DC,91,1,
Cedar County,US.MO.CD,91,0,
Scott County,US.KS.SC,91,1,
Gladwin County,US.MI.GL,91,2,
Lake County,US.CO.LK,91,0,
Otero County,US.CO.OT,91,6,
Socorro County,US.NM.SO,91,6,
Nantucket County,US.MA.NA,91,1,
Madison County,US.NC.MD,91,1,
Powell County,US.KY.PO,91,0,
Fremont County,US.IA.FO,90,0,
Nemaha County,US.KS.NM,90,1,
Baker County,US.OR.BA,90,2,
Montgomery County,US.IA.MG,90,5,
Cheboygan County,US.MI.CY,89,2,
Pope County,US.MN.PE,89,0,
Benton County,US.IN.BE,88,0,
Park County,US.MT.PA,88,0,
Hickory County,US.MO.HC,88,2,
Reagan County,US.TX.RG,87,6,
Crosby County,US.TX.CB,87,3,
Valley County,US.ID.VA,87,1,
Fall River County,US.SD.FL,87,3,
Shannon County,US.MO.SN,87,1,
Lincoln County,US.ID.LI,87,0,
Edmunds County,US.SD.ED,86,0,
Asotin County,US.WA.AS,86,2,
Callahan County,US.TX.AL,86,3,
Somerset County,US.ME.SO,86,8,
Marion County,US.KS.MN,86,1,
Monroe County,US.MO.MR,86,0,
Dunn County,US.ND.DU,86,1,
Dixon County,US.NE.DI,86,2,
Hubbard County,US.MN.HU,85,1,
Corson County,US.SD.CO,85,1,
Giles County,US.VA.GI,85,0,
Livingston County,US.KY.LV,85,1,
Mitchell County,US.TX.MH,85,1,
McCook County,US.SD.MC,85,1,
Perry County,US.AR.PY,84,0,
Wayne County,US.IA.WY,84,2,
Windsor County,US.VT.WS,84,2,
Bath County,US.KY.BH,83,1,
Charles City County,US.VA.CC,83,5,
Schoharie County,US.NY.SO,83,2,
Breathitt County,US.KY.BT,83,0,
Carter County,US.MO.CR,83,1,
Venango County,US.PA.VE,83,1,
Addison County,US.VT.AD,83,2,
Montgomery County,US.MO.MM,83,1,
Kearny County,US.KS.KE,82,1,
Kalkaska County,US.MI.KK,82,4,
Hardy County,US.WV.HD,82,1,
Fleming County,US.KY.FE,82,0,
Tillman County,US.OK.TI,82,2,
Marion County,US.AR.MN,81,0,
Sutton County,US.TX.ST,81,3,
Merrick County,US.NE.ME,81,1,
Custer County,US.NE.CU,81,4,
Goshen County,US.WY.GO,80,2,
Buena Vista city,US.VA.BE,80,1,
Major County,US.OK.MJ,80,1,
Magoffin County,US.KY.MF,80,0,
Pacific County,US.WA.PA,80,3,
McDowell County,US.WV.MC,80,0,
Hamlin County,US.SD.HM,80,0,
Clay County,US.TX.CY,80,1,
Baker County,US.GA.BR,79,4,
Benzie County,US.MI.BE,79,2,
Yukon-Koyukuk Census Area,US.AK.YU,79,1,
Kit Carson County,US.CO.KT,79,3,
Archer County,US.TX.AC,79,1,
Kingman County,US.KS.KM,79,1,
Sublette County,US.WY.SU,79,1,
Chase County,US.KS.CS,79,1,
Lemhi County,US.ID.LM,79,0,
Dukes County,US.MA.DU,78,0,
Caldwell County,US.MO.CW,78,1,
Butte County,US.SD.BT,77,1,
Sabine County,US.TX.SB,77,8,
Ashland County,US.WI.AS,77,2,
Alleghany County,US.VA.AL,77,4,
Bon Homme County,US.SD.BH,77,1,
Martin County,US.TX.MT,77,6,
Beaverhead County,US.MT.BE,77,1,
Washington County,US.VT.WA,77,2,
Lewis County,US.MO.LE,77,2,
Richland County,US.MT.RI,77,2,
Hancock County,US.KY.HC,77,0,
Chippewa County,US.MI.CP,76,0,
Mason County,US.TX.MA,76,2,
Morrill County,US.NE.MO,76,0,
Ohio County,US.IN.OH,76,7,
Aitkin County,US.MN.AI,76,1,
Deuel County,US.SD.DU,76,0,
Valdez-Cordova Census Area,US.AK.VA,76,0,
Cedar County,US.NE.CA,76,0,
Kane County,US.UT.KA,75,1,
Burt County,US.NE.BT,75,0,
Carlisle County,US.KY.CE,75,1,
Moody County,US.SD.MO,75,0,
Holt County,US.MO.HL,75,0,
Mariposa County,US.CA.MP,75,2,
Hickman County,US.KY.HA,75,0,
Poquoson city,US.VA.PQ,75,2,
Dawson County,US.MT.DW,75,1,
Hutchinson County,US.SD.HT,75,2,
Ransom County,US.ND.RN,74,0,
Martin County,US.KY.MI,74,3,
Scott County,US.IL.SO,74,0,
Hemphill County,US.TX.HH,73,0,
Alexander County,US.IL.AL,73,1,
Waldo County,US.ME.WL,73,14,
Quay County,US.NM.QU,73,2,
Jerauld County,US.SD.JE,73,1,
McLean County,US.KY.ML,73,1,
Crowley County,US.CO.CR,73,1,
Switzerland County,US.IN.SW,72,0,
Clay County,US.NE.CL,72,0,
Linn County,US.KS.LN,72,0,
Garrett County,US.MD.GA,72,1,
Maries County,US.MO.MS,72,0,
Wyoming County,US.PA.WM,72,8,
Coal County,US.OK.CL,71,0,
Toole County,US.MT.TO,71,6,
Jefferson County,US.WA.JE,71,0,
Crane County,US.TX.CR,71,2,
Big Stone County,US.MN.BI,71,0,
Grand County,US.CO.GR,71,1,
Ness County,US.KS.NS,71,6,
Boone County,US.NE.BO,71,0,
King and Queen County,US.VA.KA,71,1,
Manistee County,US.MI.ME,71,2,
Lander County,US.NV.LA,70,1,
Douglas County,US.SD.DO,70,0,
Rice County,US.KS.RC,70,1,
Coleman County,US.TX.CM,70,3,
Florence County,US.WI.FL,69,1,
Anderson County,US.KS.AN,69,0,
Elk County,US.PA.EL,68,2,
Kiowa County,US.OK.KO,68,2,
Falls Church city,US.VA.FU,68,6,
Audubon County,US.IA.AU,68,1,
Russell County,US.KS.RS,68,0,
Arenac County,US.MI.AR,68,3,
Pratt County,US.KS.PR,67,0,
Boise County,US.ID.BS,67,1,
Edwards County,US.TX.ED,67,1,
Wadena County,US.MN.WD,67,0,
Hamilton County,US.IL.HM,67,0,
Adair County,US.IA.AI,67,1,
Gallatin County,US.IL.GA,67,2,
Antrim County,US.MI.AN,67,0,
Knox County,US.TX.KX,67,8,
Wabaunsee County,US.KS.WB,67,1,
Cotton County,US.OK.CT,66,3,
Childress County,US.TX.CD,66,0,
Torrance County,US.NM.TO,66,1,
Lyon County,US.KY.LY,66,4,
Rains County,US.TX.RI,65,3,
Fisher County,US.TX.FH,65,3,
Franklin County,US.NY.FR,65,1,
Bland County,US.VA.BL,65,4,
Leslie County,US.KY.LS,65,0,
Jefferson County,US.MT.JE,65,0,
Sagadahoc County,US.ME.SA,64,0,
Rappahannock County,US.VA.RP,64,2,
Cloud County,US.KS.CD,64,1,
Washita County,US.OK.WT,64,0,
Tioga County,US.PA.TI,64,3,
Faulk County,US.SD.FU,64,1,
Antelope County,US.NE.AN,64,1,
Henderson County,US.IL.HD,63,0,
Skamania County,US.WA.SM,63,1,
Day County,US.SD.DY,63,0,
Linn County,US.MO.LN,63,1,
Haskell County,US.TX.HK,62,2,
Eddy County,US.ND.ED,62,3,
Yates County,US.NY.YA,62,6,
Ogemaw County,US.MI.OG,62,5,
Bennett County,US.SD.BN,62,1,
Harrison County,US.OH.HR,62,2,
Keith County,US.NE.KT,61,0,
Clark County,US.MO.CK,61,0,
Alfalfa County,US.OK.AL,61,0,
Upshur County,US.WV.UP,61,0,
Crook County,US.OR.CR,61,1,
Edwards County,US.IL.EW,61,0,
Valley County,US.MT.VA,61,0,
Donley County,US.TX.DO,61,1,
Ziebach County,US.SD.ZI,60,0,
Shelby County,US.MO.SB,60,1,
Franklin County,US.ME.FR,60,1,
Dewey County,US.OK.DW,60,1,
Decatur County,US.IA.DC,60,0,
Sherman County,US.TX.SN,60,0,
Wilson County,US.KS.WL,59,2,
Grant County,US.MN.GR,59,4,
Custer County,US.ID.CU,59,1,
Washington County,US.CO.WA,59,0,
Pocahontas County,US.WV.PO,59,0,
Missaukee County,US.MI.MU,59,1,
Pepin County,US.WI.PE,59,0,
Pend Oreille County,US.WA.PE,59,0,
Greenlee County,US.AZ.GE,58,2,
Grand County,US.UT.GR,58,1,
Fergus County,US.MT.FE,58,1,
Foster County,US.ND.FO,58,0,
Rusk County,US.WI.RU,58,1,
Trimble County,US.KY.TM,58,0,
Box Butte County,US.NE.BX,58,1,
Pembina County,US.ND.PE,58,0,
Price County,US.WI.PC,57,0,
McKean County,US.PA.MC,57,2,
Nome Census Area,US.AK.NM,57,0,
Kauai County,US.HI.KU,57,0,
Lexington city,US.VA.LX,57,1,
Rooks County,US.KS.RO,57,0,
Lamoille County,US.VT.LA,57,1,
Wilkin County,US.MN.WL,57,3,
Sargent County,US.ND.SG,56,0,
Boundary County,US.ID.BD,56,1,
McIntosh County,US.ND.MI,56,3,
Lake County,US.MN.LE,56,0,
Holt County,US.NE.HT,56,0,
McHenry County,US.ND.MH,56,1,
Griggs County,US.ND.GI,56,1,
Mills County,US.TX.MS,55,0,
Hettinger County,US.ND.HE,55,0,
Menominee County,US.WI.MN,55,0,
Stillwater County,US.MT.ST,55,2,
Lawrence County,US.KY.LC,55,0,
Stanton County,US.KS.ST,55,2,
Mackinac County,US.MI.MK,54,0,
Iron County,US.MO.IR,54,0,
Park County,US.CO.PA,54,1,
Richardson County,US.NE.RI,53,1,
Morgan County,US.KY.MG,53,0,
Morgan County,US.WV.MA,53,0,
Cheyenne County,US.KS.CN,53,0,
Fillmore County,US.NE.FI,53,1,
Hancock County,US.ME.HA,53,1,
Schleicher County,US.TX.SH,53,2,
Culberson County,US.TX.UL,53,2,
Dickey County,US.ND.DC,52,0,
Stafford County,US.KS.SF,52,1,
Coke County,US.TX.OK,52,3,
San Saba County,US.TX.SS,52,0,
Polk County,US.NE.PO,52,1,
Putnam County,US.IL.PT,52,0,
Sullivan County,US.NH.SU,52,1,
White Pine County,US.NV.WH,52,1,
Ballard County,US.KY.BA,52,1,
Norman County,US.MN.NR,52,0,
Pendleton County,US.WV.PE,52,1,
Dade County,US.MO.DD,52,0,
Archuleta County,US.CO.AC,51,0,
Big Horn County,US.WY.BI,51,1,
Bottineau County,US.ND.BT,51,0,
Ottawa County,US.KS.OT,50,0,
Clark County,US.KS.CA,50,1,
Lewis County,US.NY.LE,50,5,
Wetzel County,US.WV.WT,50,0,
Plumas County,US.CA.PU,50,0,
Marshall County,US.MN.MS,50,1,
Stark County,US.IL.SA,50,2,
Rush County,US.KS.RH,50,0,
Cochran County,US.TX.CC,49,1,
Knox County,US.MO.KN,49,1,
Ketchikan Gateway Borough,US.AK.KG,49,0,
Beaver County,US.OK.BA,49,0,
Clay County,US.KS.CY,49,2,
Tillamook County,US.OR.TI,49,0,
Roane County,US.WV.RO,48,2,
Barbour County,US.WV.BB,48,1,
Sheridan County,US.NE.SD,48,0,
Dickens County,US.TX.DC,48,2,
Lac Qui Parle County,US.MN.LC,47,1,
Garfield County,US.UT.GA,47,2,
Morgan County,US.OH.MA,47,0,
St. Clair County,US.MO.SC,47,0,
Greenwood County,US.KS.GW,47,0,
Kingsbury County,US.SD.KI,47,0,
Cavalier County,US.ND.CV,47,0,
Woodruff County,US.AR.WO,46,0,
Mahnomen County,US.MN.MH,46,1,
Wheeler County,US.TX.WL,46,0,
Cherry County,US.NE.CH,46,4,
Summers County,US.WV.SU,46,0,
Vinton County,US.OH.VI,45,3,
Aurora County,US.SD.AU,45,0,
Sanders County,US.MT.SA,45,1,
Ringgold County,US.IA.RI,45,2,
Hudspeth County,US.TX.HU,45,3,
Schuyler County,US.IL.SU,45,0,
LaMoure County,US.ND.LA,45,0,
Republic County,US.KS.RP,45,1,
Chariton County,US.MO.CI,44,0,
Fulton County,US.PA.FU,44,2,
Sitka City and Borough,US.AK.SI,44,0,
Edwards County,US.KS.ED,44,0,
Kinney County,US.TX.KN,44,1,
Menifee County,US.KY.ME,44,0,
Atchison County,US.MO.AT,44,0,
Hamilton County,US.KS.HM,44,0,
Mitchell County,US.KS.MC,44,0,
Calhoun County,US.IL.CH,44,0,
Webster County,US.GA.WT,43,2,
Harmon County,US.OK.HM,43,0,
Sierra County,US.NM.SI,43,1,
Kidder County,US.ND.KI,42,0,
Jefferson County,US.OK.JE,42,0,
Warren County,US.PA.WR,42,1,
Ontonagon County,US.MI.ON,42,0,
Nelson County,US.ND.NE,42,0,
Aroostook County,US.ME.AR,42,1,
Allen County,US.KS.AL,42,0,
Lincoln County,US.WA.LI,41,1,
Golden Valley County,US.ND.GO,41,0,
Lincoln County,US.ME.LI,41,1,
Alcona County,US.MI.AC,41,2,
Brown County,US.IL.BR,41,0,
Johnson County,US.NE.JO,41,0,
Grant County,US.OK.GN,40,0,
Moffat County,US.CO.MF,40,1,
Warren County,US.IN.WN,40,1,
Potter County,US.SD.PO,39,0,
Bracken County,US.KY.BK,39,0,
Schuyler County,US.NY.SU,39,0,
Matthews County,US.VA.MT,39,0,
Rock County,US.NE.RO,39,1,
Stanton County,US.NE.ST,39,0,
Glascock County,US.GA.GS,38,2,
Red Lake County,US.MN.RD,38,1,
Clearwater County,US.ID.CE,38,0,
Logan County,US.ND.LO,38,0,
Sweet Grass County,US.MT.SW,38,1,
Lewis County,US.WV.LE,38,2,
Renville County,US.ND.RE,38,0,
Owsley County,US.KY.OS,37,1,
Bear Lake County,US.ID.BK,37,1,
Furnas County,US.NE.FU,37,1,
Hot Springs County,US.WY.HO,37,0,
Elliott County,US.KY.EL,37,0,
Clear Creek County,US.CO.CL,37,1,
Reynolds County,US.MO.RE,37,0,
Beaver County,US.UT.BV,37,0,
Marshall County,US.SD.MS,37,0,
Hardin County,US.IL.HI,36,0,
Knox County,US.ME.KN,36,1,
Cheyenne County,US.NE.CY,36,0,
Roger Mills County,US.OK.RR,35,1,
Clay County,US.WV.CY,35,2,
Crook County,US.WY.CK,35,0,
Musselshell County,US.MT.MU,35,1,
Calhoun County,US.AR.CA,34,0,
Caledonia County,US.VT.CA,34,0,
Guadalupe County,US.NM.GU,34,1,
Perkins County,US.SD.PR,34,0,
Gosper County,US.NE.GO,34,0,
Phillips County,US.CO.PH,34,0,
Wells County,US.ND.WE,33,0,
Perkins County,US.NE.PE,33,10,
Norton city,US.VA.NC,33,0,
Ellsworth County,US.KS.EW,32,0,
Costilla County,US.CO.CS,32,1,
Clark County,US.ID.CA,32,0,
Gilmer County,US.WV.GI,32,0,
Clark County,US.SD.CK,32,0,
Stanley County,US.SD.ST,32,0,
Lake County,US.MI.LK,32,0,
Lipscomb County,US.TX.LM,32,0,
Putnam County,US.MO.PN,32,1,
Quitman County,US.GA.QU,32,1,
Hanson County,US.SD.HS,32,0,
Conejos County,US.CO.CN,31,0,
Pierce County,US.ND.PI,31,0,
Wolfe County,US.KY.WL,31,0,
Curry County,US.OR.CU,31,0,
Nicholas County,US.KY.NI,31,1,
Morris County,US.KS.MR,31,0,
Trego County,US.KS.TR,31,1,
Union County,US.NM.UN,31,2,
Los Alamos County,US.NM.LO,31,0,
Burke County,US.ND.BK,30,1,
Covington city,US.VA.CV,30,0,
Bowman County,US.ND.BW,30,0,
Oscoda County,US.MI.OO,30,1,
Prince of Wales-Hyder Census Area,US.AK.PH,30,0,
Valley County,US.NE.VA,30,0,
Traverse County,US.MN.TR,30,0,
Graham County,US.KS.GH,30,1,
Johnson County,US.WY.JO,30,1,
San Juan County,US.WA.SA,29,0,
Jefferson County,US.NE.JE,29,0,
Ferry County,US.WA.FE,29,0,
Thayer County,US.NE.TA,29,0,
Norton County,US.KS.NT,29,0,
Adams County,US.IA.AM,29,0,
Scotland County,US.MO.SO,29,1,
Mellette County,US.SD.ML,29,0,
McPherson County,US.SD.MP,29,0,
Gove County,US.KS.GO,28,0,
Wallowa County,US.OR.WW,28,1,
Mercer County,US.MO.MC,28,0,
Steele County,US.ND.SE,28,0,
Lake County,US.OR.LK,28,0,
Craig County,US.VA.CG,28,0,
Adams County,US.ID.AM,28,1,
Emery County,US.UT.EM,27,0,
Hand County,US.SD.HD,27,0,
Colfax County,US.NM.CO,27,1,
Butte County,US.ID.BT,27,0,
Jackson County,US.SD.JA,27,1,
Nance County,US.NE.NA,27,0,
Hall County,US.TX.HA,27,1,
Noble County,US.OH.NO,27,0,
Red Willow County,US.NE.RE,27,0,
Sherman County,US.KS.SH,27,0,
Presque Isle County,US.MI.PR,26,1,
Pope County,US.IL.PE,26,1,
Potter County,US.PA.PO,26,0,
Harper County,US.OK.HP,26,1,
Menard County,US.TX.EN,26,0,
Clearwater County,US.MN.CE,26,0,
Ouray County,US.CO.OU,25,1,
Hardeman County,US.TX.RD,25,0,
Rio Blanco County,US.CO.RB,25,0,
Meagher County,US.MT.ME,25,2,
Cottle County,US.TX.OT,25,2,
Delta County,US.TX.DT,24,0,
Orange County,US.VT.OA,24,0,
Calhoun County,US.WV.CH,24,0,
Lake and Peninsula Borough,US.AK.LA,24,0,
Brown County,US.NE.BW,24,0,
Shackelford County,US.TX.SC,24,0,
Franklin County,US.NE.FA,23,0,
Pondera County,US.MT.PN,23,0,
Upton County,US.TX.UP,23,2,
Oneida County,US.ID.ON,23,0,
Hoonah-Angoon Census Area,US.AK.HH,23,0,
Sherman County,US.NE.SM,23,1,
Cimarron County,US.OK.CO,23,0,
Schuyler County,US.MO.SH,22,0,
Granite County,US.MT.GN,22,0,
Greeley County,US.NE.GE,22,0,
Coos County,US.NH.CO,22,0,
Southeast Fairbanks Census Area,US.AK.SO,22,0,
Sanborn County,US.SD.SA,22,0,
Las Animas County,US.CO.LS,21,0,
Schoolcraft County,US.MI.SR,21,0,
Orleans County,US.VT.OL,21,0,
McMullen County,US.TX.MM,21,0,
Lake of the Woods County,US.MN.LO,21,1,
Taliaferro County,US.GA.TA,21,0,
Kodiak Island Borough,US.AK.KO,21,0,
Platte County,US.WY.PL,21,1,
Pershing County,US.NV.PE,21,0,
Camas County,US.ID.CM,21,0,
Chase County,US.NE.CE,20,0,
Kiowa County,US.KS.KW,20,0,
Mineral County,US.CO.MI,20,0,
Teton County,US.MT.TE,20,0,
Hodgeman County,US.KS.HG,19,0,
McCone County,US.MT.MC,19,0,
Miner County,US.SD.ME,19,0,
Marshall County,US.KS.MS,19,0,
Carson County,US.TX.CN,19,0,
Woodson County,US.KS.WO,19,0,
Oliver County,US.ND.OL,19,0,
Worth County,US.MO.WO,19,0,
Harlan County,US.NE.HR,18,0,
Sherman County,US.OR.SH,18,0,
Adams County,US.ND.AD,18,0,
Baraga County,US.MI.BA,18,0,
Collingsworth County,US.TX.CG,18,0,
Haakon County,US.SD.HA,18,0,
Doddridge County,US.WV.DO,18,0,
Chouteau County,US.MT.CH,18,0,
Lee County,US.KY.LE,18,0,
Gilpin County,US.CO.GI,18,0,
Tucker County,US.WV.TU,17,0,
Baylor County,US.TX.BR,17,0,
Boyd County,US.NE.BY,17,0,
Custer County,US.CO.CU,17,0,
Alger County,US.MI.AG,17,0,
Broadwater County,US.MT.BR,17,0,
Webster County,US.NE.WE,17,0,
Wallace County,US.KS.WA,17,0,
Baca County,US.CO.BA,17,0,
Garfield County,US.MT.GF,16,0,
Kimble County,US.TX.KM,16,1,
Blaine County,US.MT.BL,16,0,
Chautauqua County,US.KS.CQ,16,0,
Pawnee County,US.NE.PA,16,0,
Hyde County,US.SD.HY,16,0,
Pleasants County,US.WV.PL,16,2,
Liberty County,US.MT.LB,16,0,
Washington County,US.KS.WS,16,0,
Oldham County,US.TX.OL,15,1,
Tyler County,US.WV.TY,15,0,
Forest County,US.PA.FO,15,0,
Trinity County,US.CA.TR,15,0,
Billings County,US.ND.BI,15,0,
Jewell County,US.KS.JW,15,1,
Hamilton County,US.NY.HA,15,1,
Kimball County,US.NE.KB,15,0,
Washington County,US.ME.WS,15,0,
Grand Isle County,US.VT.GR,14,0,
Huerfano County,US.CO.HU,14,1,
Jeff Davis County,US.TX.JF,14,0,
Rich County,US.UT.RH,14,0,
Sheridan County,US.MT.SH,14,0,
Decatur County,US.KS.DC,14,0,
Montmorency County,US.MI.MR,14,0,
Lewis County,US.ID.LW,14,0,
Columbia County,US.WA.CM,14,1,
Nuckolls County,US.NE.NU,14,0,
Sheridan County,US.KS.SD,14,0,
Rawlins County,US.KS.RA,13,0,
Armstrong County,US.TX.AM,13,1,
Towner County,US.ND.TO,13,0,
Morton County,US.KS.MT,13,2,
Wrangell City and Borough,US.AK.WG,13,0,
Mineral County,US.NV.MI,13,0,
Campbell County,US.SD.CP,13,0,
Cheyenne County,US.CO.CE,13,0,
Lane County,US.KS.LE,13,0,
Modoc County,US.CA.MC,12,0,
Lincoln County,US.KS.LC,12,0,
Briscoe County,US.TX.BO,12,1,
Wirt County,US.WV.WI,12,0,
Grant County,US.ND.GT,12,0,
Kittson County,US.MN.KI,12,0,
Kusilvak Census Area,US.AK.WA,12,0,
Harney County,US.OR.HA,12,0,
Stonewall County,US.TX.SA,12,1,
Sedgwick County,US.CO.SE,12,1,
Robertson County,US.KY.RB,12,0,
Luce County,US.MI.LU,12,0,
Sullivan County,US.PA.SL,11,0,
Ellis County,US.OK.EL,11,0,
Bent County,US.CO.BE,11,0,
Dundy County,US.NE.DY,11,1,
Garfield County,US.WA.GF,11,0,
Comanche County,US.KS.CM,10,0,
Wheatland County,US.MT.WH,10,0,
Eureka County,US.NV.EU,10,0,
Ritchie County,US.WV.RI,10,0,
Braxton County,US.WV.BX,10,0,
Irion County,US.TX.IR,10,0,
Powell County,US.MT.PL,10,0,
Catron County,US.NM.CA,9,1,
Sully County,US.SD.SU,9,0,
Logan County,US.KS.LG,9,0,
Sheridan County,US.ND.SH,9,0,
Garden County,US.NE.GD,9,0,
Roberts County,US.TX.RS,9,0,
Kent County,US.TX.KT,9,0,
Foard County,US.TX.FD,9,0,
Storey County,US.NV.ST,9,0,
Wibaux County,US.MT.WI,9,0,
Jackson County,US.CO.JA,9,0,
Piscataquis County,US.ME.PI,9,0,
Throckmorton County,US.TX.TH,8,2,
Glasscock County,US.TX.GC,8,0,
Lincoln County,US.CO.LI,8,0,
Garfield County,US.NE.GF,8,0,
Gilliam County,US.OR.GI,8,0,
Keweenaw County,US.MI.KW,8,0,
Grant County,US.OR.GR,8,0,
Dillingham Census Area,US.AK.DI,8,0,
Aleutians West Census Area,US.AK.AW,8,0,
Cameron County,US.PA.CE,8,0,
Greeley County,US.KS.GL,8,0,
Kenedy County,US.TX.KE,7,2,
Frontier County,US.NE.FO,7,0,
Slope County,US.ND.SL,7,0,
Jones County,US.SD.JO,7,0,
Lincoln County,US.NV.LI,7,0,
Hooker County,US.NE.HO,7,0,
Logan County,US.NE.LG,7,0,
Bath County,US.VA.BA,7,1,
Sioux County,US.NE.SI,7,0,
Webster County,US.WV.WB,7,0,
Mora County,US.NM.MO,7,0,
Motley County,US.TX.MY,7,0,
Petersburg Census Area,US.AK.PB,7,1,
Piute County,US.UT.PT,7,0,
McPherson County,US.NE.MC,6,0,
Osborne County,US.KS.OB,6,0,
Wahkiakum County,US.WA.WH,6,0,
Judith Basin County,US.MT.JU,6,0,
Cook County,US.MN.CO,6,0,
San Juan County,US.CO.SJ,6,0,
Wichita County,US.KS.WH,6,0,
Highland County,US.VA.HA,6,0,
Sierra County,US.CA.SE,6,0,
Divide County,US.ND.DV,6,0,
Essex County,US.VT.ES,6,0,
Thomas County,US.NE.TO,5,0,
Smith County,US.KS.SM,5,0,
Haines Borough,US.AK.HA,5,0,
Barber County,US.KS.AB,5,0,
Fallon County,US.MT.FA,5,0,
Hitchcock County,US.NE.HI,4,0,
Keya Paha County,US.NE.KY,4,0,
Elk County,US.KS.EK,4,0,
Sterling County,US.TX.SI,4,0,
Deuel County,US.NE.DL,4,0,
Daniels County,US.MT.DN,4,0,
Treasure County,US.MT.TR,3,0,
Niobrara County,US.WY.NI,3,0,
Dolores County,US.CO.DO,3,0,
Terrell County,US.TX.TL,3,0,
Hinsdale County,US.CO.HI,3,0,
Loup County,US.NE.LU,3,0,
Powder River County,US.MT.PD,3,0,
Harding County,US.SD.HR,3,0,
Golden Valley County,US.MT.GO,3,0,
Wayne County,US.UT.WE,2,0,
Alpine County,US.CA.AP,2,0,
Denali Borough,US.AK.DE,2,0,
Banner County,US.NE.BA,2,0,
Mineral County,US.MT.MN,2,0,
Aleutians East Borough,US.AK.AE,2,0,
Harding County,US.NM.HA,2,0,
Wheeler County,US.NE.WH,1,0,
Grant County,US.NE.GA,1,0,
Daggett County,US.UT.DG,1,0,
Prairie County,US.MT.PR,1,0,
Arthur County,US.NE.AR,1,0,
De Baca County,US.NM.DE,1,0,
Hayes County,US.NE.HY,0,0,
Petroleum County,US.MT.PO,0,0,
Wheeler County,US.OR.WE,0,0,
Kalawao County,US.HI.KL,0,0,
Bristol Bay Borough,US.AK.BR,0,0,
Esmeralda County,US.NV.ES,0,0,
Carter County,US.MT.CT,0,0,
King County,US.TX.KG,0,0,
Borden County,US.TX.BD,0,0,
Blaine County,US.NE.BL,0,0,
Loving County,US.TX.LI,0,0,
Kiowa County,US.CO.KO,0,0,
Skagway Municipality,US.AK.SW,0,0,
Yakutat City and Borough,US.AK.YA,0,0,
