County,hasc,confirmed,death,recovered
Los Angeles County,US.CA.LO,258516,6330,
Miami-Dade County,US.FL.DA,165980,3027,
Maricopa County,US.AZ.MA,139245,3245,
Cook County,US.IL.CO,137580,5150,
Harris County,US.TX.RR,121628,2483,
Dallas County,US.TX.DS,76607,1073,
Broward County,US.FL.BO,75266,1317,
Queens County,US.NY.QU,71474,7239,
Kings County,US.NY.KI,66737,7314,
Clark County,US.NV.CL,63603,1325,
Riverside County,US.CA.RI,56681,1153,
Bronx County,US.NY.BN,52468,4934,
San Bernardino County,US.CA.SA,51750,858,
Orange County,US.CA.OR,51646,1123,
Bexar County,US.TX.BX,50587,1242,
Nassau County,US.NY.NA,46052,2201,
Suffolk County,US.NY.SF,45956,2011,
Palm Beach County,US.FL.PL,44906,1272,
San Diego County,US.CA.SD,44007,757,
Tarrant County,US.TX.TN,42816,684,
Hillsborough County,US.FL.HL,40349,604,
Orange County,US.FL.OR,38623,431,
Westchester County,US.NY.WE,37718,1454,
Wayne County,US.MI.WY,34034,2951,
New York County,US.NY.NE,32938,3178,
Kern County,US.CA.KE,31261,350,
Philadelphia County,US.PA.PH,30783,1803,
Hidalgo County,US.TX.HG,30375,1403,
Shelby County,US.TN.SY,29702,443,
Duval County,US.FL.DU,29056,350,
Middlesex County,US.MA.MI,28873,2116,
Prince George's County,US.MD.PR,28361,817,
Travis County,US.TX.TV,28212,398,
Milwaukee County,US.WI.MU,27995,521,
Fresno County,US.CA.FR,27487,355,
Salt Lake County,US.UT.SL,27454,244,
Mecklenburg County,US.NC.MB,27346,339,
Fulton County,US.GA.FU,26778,563,
Gwinnett County,US.GA.GW,26403,388,
Davidson County,US.TN.DA,25798,287,
Franklin County,US.OH.FR,25658,603,
Hennepin County,US.MN.HE,25454,917,
Suffolk County,US.MA.SU,24735,1124,
Pima County,US.AZ.PM,24313,613,
Cameron County,US.TX.CA,22339,865,
El Paso County,US.TX.EP,22179,491,
Bergen County,US.NJ.BE,22119,2044,
Montgomery County,US.MD.MO,21640,837,
St. Louis County,US.MO.SL,21479,769,
Pinellas County,US.FL.PI,21359,720,
King County,US.WA.KN,21264,751,
Sacramento County,US.CA.SC,21171,375,
Essex County,US.NJ.ES,20773,2125,
Marion County,US.IN.MO,20676,809,
Hudson County,US.NJ.HD,20454,1513,
Alameda County,US.CA.AA,20364,370,
Santa Clara County,US.CA.SL,20129,295,
Fairfax County,US.VA.FX,20041,574,
Oakland County,US.MI.OD,19828,1191,
Lee County,US.FL.LE,19807,459,
San Joaquin County,US.CA.SJ,19793,414,
Fairfield County,US.CT.FA,19716,1420,
Essex County,US.MA.ES,19696,1262,
Middlesex County,US.NJ.MI,19016,1425,
Cobb County,US.GA.CB,18941,419,
Polk County,US.FL.PO,18915,505,
Passaic County,US.NJ.PA,18774,1250,
Jefferson County,US.AL.JE,18772,333,
Providence County,US.RI.PR,17941,865,
DeKalb County,US.GA.DA,17907,346,
Union County,US.NJ.UN,17390,1356,
Baltimore County,US.MD.BC,17288,617,
Jackson County (including other portions of Kansas City),US.MO.JC,17286,180,
Jefferson Parish,US.LA.JF,17198,564,
Cuyahoga County,US.OH.CU,16981,643,
Wake County,US.NC.WK,16745,227,
DuPage County,US.IL.DU,16488,550,
Stanislaus County,US.CA.ST,16229,329,
Oklahoma County,US.OK.OL,16177,180,
Lake County,US.IL.LK,16175,484,
Tulsa County,US.OK.TU,15794,152,
Contra Costa County,US.CA.CN,15734,199,
Richmond County,US.NY.RI,15689,1085,
Fort Bend County,US.TX.FR,15678,275,
Tulare County,US.CA.TL,15599,256,
Nueces County,US.TX.NU,15535,346,
Charleston County,US.SC.CS,15378,255,
Baltimore City,US.MD.BA,15177,478,
Polk County,US.IA.PK,15084,256,
Douglas County,US.NE.DG,15003,177,
Washington,US.DC.DI,14852,619,
East Baton Rouge Parish,US.LA.EB,14813,436,
Rockland County,US.NY.RO,14747,509,
Utah County,US.UT.UT,14746,53,
Worcester County,US.MA.WO,14704,1083,
Hartford County,US.CT.HA,14253,1434,
Jefferson County,US.KY.JF,14245,294,
Richland County,US.SC.RI,14220,223,
New Haven County,US.CT.NH,14164,1111,
Macomb County,US.MI.MB,13927,1006,
Greenville County,US.SC.GV,13634,287,
Will County,US.IL.WL,13211,370,
Webb County,US.TX.WB,12984,258,
Mobile County,US.AL.MB,12975,289,
Collin County,US.TX.CI,12760,136,
Hamilton County,US.OH.HM,12622,307,
Yuma County,US.AZ.YU,12498,342,
Kane County,US.IL.KE,12444,325,
Collier County,US.FL.CL,12368,201,
Orleans Parish,US.LA.OR,12287,585,
Ada County,US.ID.AA,12261,144,
Denver County,US.CO.DN,12235,431,
Ocean County,US.NJ.OC,12095,1042,
Escambia County,US.FL.ES,11996,217,
Osceola County,US.FL.OS,11975,137,
Ventura County,US.CA.VE,11969,143,
Prince William County,US.VA.PW,11966,196,
Montgomery County,US.PA.MG,11855,869,
Orange County,US.NY.OE,11760,412,
Allegheny County,US.PA.AL,11578,344,
Imperial County,US.CA.IM,11534,312,
Norfolk County,US.MA.NO,11467,1044,
Monmouth County,US.NJ.MN,11403,864,
Galveston County,US.TX.GV,11402,153,
Denton County,US.TX.DN,11382,148,
Yakima County,US.WA.YA,11229,256,
Manatee County,US.FL.MN,11087,277,
Delaware County,US.PA.DE,11075,747,
Brazoria County,US.TX.BI,10948,157,
Erie County,US.NY.ER,10873,621,
San Francisco County,US.CA.SF,10640,96,
Montgomery County,US.TX.MG,10449,155,
Volusia County,US.FL.VO,10413,216,
Ramsey County,US.MN.RA,10349,316,
Bristol County,US.MA.BR,10340,680,
Pinal County,US.AZ.PN,10337,202,
Johnson County,US.KS.JO,10178,141,
Lake County,US.IN.LK,10156,333,
Lubbock County,US.TX.LU,10119,114,
Honolulu County,US.HI.HO,10119,95,
Horry County,US.SC.HO,10057,195,
Plymouth County,US.MA.PL,10023,757,
Leon County,US.FL.LO,9730,53,
Camden County,US.NJ.CM,9633,603,
Anne Arundel County,US.MD.AN,9504,242,
New Castle County,US.DE.NE,9480,307,
Monterey County,US.CA.MT,9360,66,
San Mateo County,US.CA.SM,9332,142,
Marion County,US.FL.MI,9329,259,
Kent County,US.MI.KN,9302,173,
Hamilton County,US.TN.HL,8985,89,
Dane County,US.WI.DA,8905,41,
Rutherford County,US.TN.RU,8869,87,
Santa Barbara County,US.CA.SB,8846,110,
Lafayette Parish,US.LA.LY,8778,122,
Arapahoe County,US.CO.AA,8753,369,
Merced County,US.CA.MD,8750,134,
Seminole County,US.FL.SE,8742,199,
Pasco County,US.FL.PS,8729,198,
Knox County,US.TN.KN,8726,71,
Washington County,US.AR.WA,8697,106,
Hall County,US.GA.HL,8634,143,
Montgomery County,US.AL.MT,8598,173,
Mercer County,US.NJ.ME,8544,635,
Pulaski County,US.AR.PU,8473,135,
Washoe County,US.NV.WA,8461,153,
Bucks County,US.PA.BC,8449,598,
Adams County,US.CO.AD,8335,218,
Williamson County,US.TX.WM,8331,139,
Sedgwick County,US.KS.SG,8270,81,
Brevard County,US.FL.BE,8264,274,
Hampden County,US.MA.HD,8258,769,
Caddo Parish,US.LA.CO,8188,342,
Chatham County,US.GA.CM,8010,145,
Guilford County,US.NC.GU,7995,176,
Canyon County,US.ID.CN,7850,98,
Sarasota County,US.FL.SR,7795,246,
St. Lucie County,US.FL.SL,7742,259,
Calcasieu Parish,US.LA.CC,7708,207,
Morris County,US.NJ.MR,7706,831,
Lancaster County,US.PA.LN,7478,451,
Pierce County,US.WA.PI,7467,191,
Durham County,US.NC.DH,7436,90,
Madison County,US.AL.MD,7422,75,
Montgomery County,US.OH.MT,7402,151,
Brown County,US.WI.BW,7356,59,
McLennan County,US.TX.ML,7336,95,
Kings County,US.CA.KI,7268,77,
Lake County,US.FL.LK,7220,169,
Alachua County,US.FL.AL,7199,46,
Jefferson County,US.TX.JE,7109,126,
Tuscaloosa County,US.AL.TU,7081,114,
Waukesha County,US.WI.WK,7068,85,
Lucas County,US.OH.LU,7051,356,
Clayton County,US.GA.CN,7024,156,
St. Charles County,US.MO.SA,7019,108,
Dakota County,US.MN.DA,6995,125,
Sonoma County,US.CA.SO,6987,114,
Hinds County,US.MS.HI,6931,154,
Burlington County,US.NJ.BU,6862,490,
Richmond County,US.GA.RI,6780,150,
St. Tammany Parish,US.LA.ST,6779,250,
Berks County,US.PA.BK,6773,387,
Forsyth County,US.NC.FO,6747,94,
Multnomah County,US.OR.MU,6743,129,
Wyandotte County,US.KS.WY,6739,133,
Lexington County,US.SC.LX,6648,153,
Snohomish County,US.WA.SN,6647,210,
City of St. Louis,US.MO.SY,6631,196,
Loudoun County,US.VA.LD,6615,122,
Virginia Beach City,US.VA.VI,6596,78,
El Paso County,US.CO.EL,6581,165,
Sussex County,US.DE.SU,6570,200,
Marin County,US.CA.MN,6553,112,
Chester County,US.PA.CH,6471,358,
Elkhart County,US.IN.EL,6363,111,
Spartanburg County,US.SC.SP,6312,189,
St. Clair County,US.IL.SI,6184,182,
Bernalillo County,US.NM.BE,6172,169,
Minnehaha County,US.SD.MN,6105,76,
Benton County,US.AR.BE,6086,79,
Solano County,US.CA.SN,6085,55,
Spokane County,US.WA.SP,6072,150,
Ouachita Parish,US.LA.OU,6010,139,
St. Joseph County,US.IN.SN,5953,102,
Brazos County,US.TX.BZ,5933,61,
Bibb County,US.GA.BI,5919,156,
Allen County,US.IN.AL,5877,208,
Monroe County,US.NY.MR,5857,259,
Muscogee County,US.GA.MG,5831,160,
Bay County,US.FL.BY,5767,94,
Navajo County,US.AZ.NA,5740,231,
Hays County,US.TX.HY,5719,60,
Cherokee County,US.GA.CE,5712,90,
Chesterfield County,US.VA.CD,5702,90,
Somerset County,US.NJ.SO,5671,569,
Lee County,US.AL.LE,5603,59,
Anoka County,US.MN.AN,5596,132,
Shelby County,US.AL.SH,5572,50,
Butler County,US.OH.BU,5508,99,
Lancaster County,US.NE.LA,5502,24,
Lehigh County,US.PA.LH,5464,346,
Cleveland County,US.OK.CV,5397,68,
Beaufort County,US.SC.BA,5370,80,
DeSoto County,US.MS.DE,5354,55,
Bell County,US.TX.BL,5295,78,
Berkeley County,US.SC.BK,5292,87,
Jefferson County,US.CO.JE,5267,247,
Fayette County,US.KY.FA,5238,68,
Madison County,US.IL.MD,5231,130,
Greene County,US.MO.GE,5197,19,
Santa Rosa County,US.FL.SA,5190,69,
Henrico County,US.VA.HC,5182,206,
Winnebago County,US.IL.WN,5098,149,
Summit County,US.OH.SU,5056,248,
Dutchess County,US.NY.DU,5050,156,
York County,US.SC.YO,5040,65,
St. Johns County,US.FL.SJ,5037,65,
Baldwin County,US.AL.BD,5033,48,
Williamson County,US.TN.WL,5019,36,
Cumberland County,US.NC.CU,4951,75,
Johnson County,US.IA.JH,4945,27,
Henry County,US.GA.HY,4895,96,
Howard County,US.MD.HO,4881,119,
Clarke County,US.GA.CK,4821,41,
Woodbury County,US.IA.WO,4805,60,
Gaston County,US.NC.GS,4782,75,
Racine County,US.WI.RA,4778,94,
Florence County,US.SC.FL,4749,180,
Clay County,US.FL.CY,4723,91,
Norfolk City,US.VA.NF,4721,67,
Okaloosa County,US.FL.OA,4719,100,
Martin County,US.FL.MT,4666,132,
Sumner County,US.TN.SN,4621,93,
Hamilton County,US.IN.HM,4621,118,
Davis County,US.UT.DA,4588,28,
Cass County,US.ND.CS,4533,77,
Union County,US.NC.UN,4532,57,
Potter County,US.TX.PT,4496,52,
Pitt County,US.NC.PI,4466,27,
Weld County,US.CO.WE,4451,149,
Richmond City,US.VA.RC,4434,55,
Whitfield County,US.GA.WF,4405,60,
York County,US.PA.YO,4391,138,
Marion County,US.OR.MR,4387,89,
Benton County,US.WA.BE,4385,127,
Tangipahoa Parish,US.LA.TA,4365,116,
McHenry County,US.IL.MY,4350,118,
Northampton County,US.PA.NA,4349,304,
Boone County,US.MO.BO,4328,6,
Madera County,US.CA.ME,4296,58,
Black Hawk County,US.IA.BL,4292,85,
McKinley County,US.NM.MC,4290,255,
Champaign County,US.IL.CM,4290,20,
Hillsborough County,US.NH.HI,4273,288,
Gloucester County,US.NJ.GL,4258,224,
Genesee County,US.MI.GE,4248,306,
Washington County,US.OR.WI,4241,58,
Robeson County,US.NC.RB,4204,71,
Johnston County,US.NC.JH,4200,55,
Ellis County,US.TX.EI,4192,64,
Onondaga County,US.NY.OG,4185,180,
Chesapeake City,US.VA.CS,4169,66,
Franklin County,US.WA.FR,4154,63,
Warren County,US.KY.WR,4088,40,
Rapides Parish,US.LA.RA,4067,144,
Luzerne County,US.PA.LU,4000,189,
Dorchester County,US.SC.DO,3995,88,
Victoria County,US.TX.VI,3984,93,
Atlantic County,US.NJ.AT,3944,255,
Anderson County,US.SC.AN,3941,159,
Mohave County,US.AZ.MO,3886,222,
Weber County,US.UT.WB,3858,29,
Frederick County,US.MD.FR,3851,129,
New Hanover County,US.NC.NE,3830,28,
Arlington County,US.VA.AR,3819,146,
Lowndes County,US.GA.LW,3786,76,
Marshall County,US.AL.MS,3784,42,
Municipality of Anchorage,US.AK.AN,3750,28,
Jefferson County,US.MO.JE,3740,50,
Coconino County,US.AZ.CO,3738,133,
Cumberland County,US.NJ.CU,3722,157,
Cabarrus County,US.NC.CR,3717,61,
Harrison County,US.MS.HR,3707,71,
Linn County,US.IA.LI,3683,104,
Livingston Parish,US.LA.LV,3677,73,
Alexandria City,US.VA.AX,3671,67,
Stearns County,US.MN.SR,3670,23,
Alamance County,US.NC.AA,3668,48,
Forsyth County,US.GA.FO,3665,42,
Dauphin County,US.PA.DA,3662,171,
Ascension Parish,US.LA.AE,3657,96,
Columbia County,US.FL.CU,3604,50,
Columbia County,US.GA.CI,3598,56,
Kenosha County,US.WI.KN,3594,65,
Walker County,US.TX.WK,3587,53,
Smith County,US.TX.SM,3587,94,
Terrebonne Parish,US.LA.TR,3566,109,
Maverick County,US.TX.MV,3535,110,
Midland County,US.TX.ID,3528,60,
Lafourche Parish,US.LA.LO,3523,119,
Washington County,US.MN.WH,3492,55,
Outagamie County,US.WI.OU,3479,27,
Apache County,US.AZ.AP,3440,161,
Jasper County,US.MO.JS,3432,43,
Douglas County,US.GA.DL,3423,70,
Placer County,US.CA.PA,3407,41,
Glynn County,US.GA.GY,3400,92,
Sebastian County,US.AR.SB,3378,56,
San Luis Obispo County,US.CA.SS,3360,27,
Jackson County,US.MS.JC,3358,67,
Sarpy County,US.NE.SY,3320,15,
Starr County,US.TX.SR,3317,154,
Wilson County,US.TN.WO,3308,39,
Etowah County,US.AL.ET,3306,45,
Washtenaw County,US.MI.WS,3293,115,
Calhoun County,US.AL.CN,3249,39,
San Juan County,US.NM.SJ,3248,195,
St. Landry Parish,US.LA.SL,3248,124,
Story County,US.IA.ST,3241,17,
Vanderburgh County,US.IN.VA,3230,28,
Boulder County,US.CO.BO,3224,79,
Madison County,US.MS.MD,3190,86,
Rankin County,US.MS.RA,3161,74,
Morgan County,US.AL.MG,3142,26,
Rowan County,US.NC.RW,3136,86,
Peoria County,US.IL.PI,3130,48,
Ottawa County,US.MI.OT,3128,65,
Wayne County,US.NC.WY,3106,64,
Sumter County,US.SC.SU,3104,77,
Dougherty County,US.GA.DH,3100,182,
Washington County,US.UT.WN,3098,24,
Ingham County,US.MI.IH,3091,45,
McLean County,US.IL.ML,3089,19,
Dona Ana County,US.NM.DO,3085,52,
Bossier Parish,US.LA.BO,3068,104,
Marion County,US.OH.MR,3054,47,
Indian River County,US.FL.IN,3049,109,
Ector County,US.TX.EC,3030,77,
Orangeburg County,US.SC.OR,3027,121,
Kaufman County,US.TX.KU,3018,45,
Houston County,US.GA.HO,3002,76,
Mahoning County,US.OH.MH,2981,279,
Albany County,US.NY.AB,2979,123,
Hernando County,US.FL.HA,2974,112,
Putnam County,US.TN.PU,2965,37,
Burleigh County,US.ND.BL,2943,36,
Catawba County,US.NC.CB,2934,51,
Charlotte County,US.FL.CH,2922,131,
Montgomery County,US.TN.MT,2918,41,
Acadia Parish,US.LA.AD,2917,96,
Floyd County,US.GA.FL,2902,39,
Harford County,US.MD.HA,2900,76,
Umatilla County,US.OR.UM,2895,41,
Warren County,US.OH.WR,2876,48,
Iberia Parish,US.LA.II,2868,89,
Saginaw County,US.MI.SG,2851,138,
Kent County,US.DE.KE,2839,113,
Buncombe County,US.NC.BO,2823,76,
Santa Cruz County,US.AZ.SA,2815,62,
Bradley County,US.TN.BR,2800,16,
Johnson County,US.TX.JH,2795,48,
Jefferson County,US.AR.JE,2781,61,
Bartow County,US.GA.BT,2779,81,
Anderson County,US.TX.AE,2744,28,
Bulloch County,US.GA.BH,2741,25,
Troup County,US.GA.TP,2739,93,
Grant County,US.WA.GN,2733,19,
Yolo County,US.CA.YO,2732,53,
Rock Island County,US.IL.RO,2727,70,
Yellowstone County,US.MT.YS,2708,56,
Stark County,US.OH.ST,2706,168,
Pickens County,US.SC.PI,2706,41,
Paulding County,US.GA.PA,2693,47,
Butte County,US.CA.BU,2688,35,
Jackson County,US.FL.JA,2683,76,
Gadsden County,US.FL.GA,2680,44,
Scott County,US.IA.SC,2667,27,
Charles County,US.MD.CH,2664,97,
Hendricks County,US.IN.HD,2651,137,
Dallas County,US.IA.DL,2648,38,
Houston County,US.AL.HO,2644,22,
Randolph County,US.NC.RA,2638,50,
Newport News City,US.VA.NN,2638,32,
Iredell County,US.NC.IR,2634,27,
Ford County,US.KS.FO,2627,10,
Pickaway County,US.OH.PC,2623,44,
Dubuque County,US.IA.DU,2610,40,
Kankakee County,US.IL.KK,2609,76,
Carroll County,US.GA.CL,2606,63,
Aiken County,US.SC.AI,2596,77,
Comal County,US.TX.OM,2593,102,
Citrus County,US.FL.CI,2586,81,
Suwannee County,US.FL.SW,2577,65,
Winnebago County,US.WI.WA,2575,23,
Madison County,US.TN.MD,2568,56,
Randall County,US.TX.RA,2568,37,
Orange County,US.NC.OR,2566,54,
Shawnee County,US.KS.SN,2563,27,
Lee County,US.MS.LE,2561,66,
Davidson County,US.NC.DD,2553,34,
Kalamazoo County,US.MI.KA,2534,91,
Clark County,US.WA.CR,2524,62,
Craighead County,US.AR.CG,2523,20,
Walworth County,US.WI.WL,2515,34,
La Crosse County,US.WI.LA,2510,2,
Newton County,US.GA.NE,2501,80,
Portsmouth City,US.VA.PR,2500,49,
Elmore County,US.AL.EL,2497,47,
Sevier County,US.TN.SV,2493,13,
Coweta County,US.GA.CA,2483,40,
Yavapai County,US.AZ.YA,2457,79,
Kootenai County,US.ID.KO,2456,33,
Cache County,US.UT.CA,2442,6,
Blount County,US.TN.BO,2411,23,
Harrisonburg City,US.VA.HS,2405,34,
Bonneville County,US.ID.BV,2377,14,
Jones County,US.MS.JO,2376,78,
Oneida County,US.NY.OD,2369,121,
Scott County,US.MN.SC,2366,32,
Lackawanna County,US.PA.LC,2359,215,
Rock County,US.WI.RO,2350,32,
DeKalb County,US.AL.DA,2326,19,
Douglas County,US.CO.DU,2320,60,
Forrest County,US.MS.FO,2317,69,
Larimer County,US.CO.LR,2308,49,
Monroe County,US.IN.MR,2305,40,
Johnson County,US.IN.JO,2275,131,
Cumberland County,US.ME.CU,2273,70,
Olmsted County,US.MN.OL,2253,27,
Lorain County,US.OH.LR,2238,86,
Ulster County,US.NY.UL,2235,84,
Washington County,US.WI.WN,2226,32,
Clackamas County,US.OR.CC,2226,61,
Liberty County,US.TX.LT,2206,47,
Sangamon County,US.IL.SM,2203,44,
St. Clair County,US.AL.SA,2198,35,
Kanawha County,US.WV.KA,2194,62,
Walker County,US.AL.WK,2191,80,
Santa Cruz County,US.CA.SZ,2189,8,
Tom Green County,US.TX.TG,2182,62,
Maury County,US.TN.MU,2178,22,
Faulkner County,US.AR.FA,2167,17,
Washington County,US.MS.WS,2163,71,
Tippecanoe County,US.IN.TP,2145,14,
Robertson County,US.TN.RB,2141,34,
Sumter County,US.FL.SM,2140,65,
Duplin County,US.NC.DP,2131,53,
Dakota County,US.NE.DK,2128,43,
Val Verde County,US.TX.VL,2124,98,
Gregg County,US.TX.GE,2121,60,
Greenwood County,US.SC.GW,2121,71,
Angelina County,US.TX.AG,2113,77,
Washington County,US.TN.WI,2107,32,
Clark County,US.IN.CK,2097,63,
Delaware County,US.OH.DL,2093,20,
Spotsylvania County,US.VA.SP,2067,42,
St. Martin Parish,US.LA.SR,2062,60,
Nash County,US.NC.NA,2057,35,
Barrow County,US.GA.BW,2054,44,
Lafayette County,US.MS.LY,2050,39,
Highlands County,US.FL.HG,2046,81,
Grand Forks County,US.ND.GD,2039,12,
Hendry County,US.FL.HR,2037,42,
Talladega County,US.AL.TD,2034,26,
Westmoreland County,US.PA.WE,2032,50,
Sullivan County,US.TN.SL,2026,31,
Putnam County,US.FL.PU,2023,38,
Wilson County,US.NC.WO,2023,46,
Porter County,US.IN.PR,2022,46,
Baldwin County,US.GA.BD,2020,55,
Lancaster County,US.SC.LN,2014,45,
Burke County,US.NC.BK,2002,33,
Nassau County,US.FL.NA,1999,37,
Twin Falls County,US.ID.TW,1997,35,
Douglas County,US.KS.DG,1996,10,
Vermilion Parish,US.LA.VM,1991,57,
Lauderdale County,US.MS.LU,1990,124,
Pope County,US.AR.PP,1988,29,
Fairfield County,US.OH.FI,1983,50,
Harnett County,US.NC.HT,1982,51,
Cleveland County,US.NC.CV,1970,57,
Payne County,US.OK.PY,1966,6,
Coffee County,US.GA.CF,1963,42,
Rockingham County,US.NH.RO,1959,103,
Guadalupe County,US.TX.GU,1956,76,
Hall County,US.NE.HL,1954,47,
Limestone County,US.AL.LI,1942,19,
Buena Vista County,US.IA.BV,1932,12,
Pottawattamie County,US.IA.PT,1931,37,
Barnstable County,US.MA.BA,1927,171,
Pennington County,US.SD.PN,1926,34,
Cass County,US.IN.CS,1926,10,
Darlington County,US.SC.DA,1925,51,
Leavenworth County,US.KS.LV,1924,10,
Nobles County,US.MN.NB,1920,16,
Kenton County,US.KY.KE,1918,45,
Stafford County,US.VA.SF,1915,14,
Columbiana County,US.OH.CL,1914,80,
Saline County,US.AR.SL,1913,20,
Lebanon County,US.PA.LB,1909,58,
Colquitt County,US.GA.CQ,1898,33,
Canadian County,US.OK.CN,1896,16,
Finney County,US.KS.FI,1893,12,
Carroll County,US.MD.CR,1891,123,
Henderson County,US.NC.HN,1887,64,
Lincoln County,US.AR.LC,1886,15,
Suffolk City,US.VA.SO,1885,70,
Orange County,US.TX.OR,1883,41,
Manassas City,US.VA.MS,1877,25,
Cochise County,US.AZ.CH,1873,69,
St. Francois County,US.MO.SF,1868,8,
St. Mary Parish,US.LA.SM,1865,76,
Walton County,US.FL.WL,1861,22,
Kendall County,US.IL.KA,1860,25,
Crittenden County,US.AR.CD,1856,45,
Jackson County,US.GA.JC,1855,30,
Wicomico County,US.MD.WI,1855,48,
Georgetown County,US.SC.GR,1852,44,
Trumbull County,US.OH.TR,1841,131,
Monongalia County,US.WV.MG,1836,5,
Licking County,US.OH.LI,1835,62,
Kershaw County,US.SC.KE,1834,36,
Hot Spring County,US.AR.HT,1832,25,
Delaware County,US.IN.DL,1829,61,
Chelan County,US.WA.CH,1825,14,
Hamblen County,US.TN.HB,1824,25,
Parker County,US.TX.PR,1822,31,
Litchfield County,US.CT.LI,1822,140,
Beaver County,US.PA.BA,1820,112,
Cullman County,US.AL.CU,1808,17,
Monroe County,US.FL.MO,1801,22,
Hale County,US.TX.HE,1797,53,
Kent County,US.RI.KE,1796,107,
Onslow County,US.NC.ON,1794,21,
Bee County,US.TX.BE,1793,30,
Rockdale County,US.GA.RO,1792,34,
Coryell County,US.TX.CL,1789,12,
Stanly County,US.NC.SN,1778,56,
Bolivar County,US.MS.BO,1775,65,
Berrien County,US.MI.BN,1775,72,
Grayson County,US.TX.GO,1772,36,
Monroe County,US.PA.MR,1771,129,
Bastrop County,US.TX.BP,1762,28,
Hampton city,US.VA.HM,1761,21,
St. Charles Parish,US.LA.SC,1756,58,
Marshall County,US.IA.MS,1755,34,
Gordon County,US.GA.GO,1751,35,
Sampson County,US.NC.SP,1747,24,
Vigo County,US.IN.VI,1742,23,
Oktibbeha County,US.MS.OK,1741,49,
Cumberland County,US.PA.CU,1739,75,
Franklin County,US.AL.FR,1734,28,
Dallas County,US.AL.DL,1732,26,
Fayette County,US.GA.FY,1725,48,
Walton County,US.GA.WA,1719,52,
New London County,US.CT.NL,1717,114,
Garland County,US.AR.GL,1714,48,
East Feliciana Parish,US.LA.EF,1713,66,
Niagara County,US.NY.NI,1707,89,
Tipton County,US.TN.TI,1704,17,
Clark County,US.OH.CK,1704,38,
Franklin County,US.PA.FR,1701,49,
Clay County,US.MO.CY,1700,40,
Fond du Lac County,US.WI.FN,1700,12,
Russell County,US.AL.RU,1692,2,
Granville County,US.NC.GN,1672,48,
Muskogee County,US.OK.MO,1665,21,
Autauga County,US.AL.AU,1664,24,
Buchanan County,US.MO.BC,1664,13,
Tift County,US.GA.TI,1661,56,
Rogers County,US.OK.RS,1647,46,
Wood County,US.OH.WO,1646,71,
Trousdale County,US.TN.TR,1645,7,
Sutter County,US.CA.SU,1642,10,
Montgomery County,US.VA.MO,1637,4,
Flagler County,US.FL.FL,1631,23,
Centre County,US.PA.CT,1630,11,
Lauderdale County,US.AL.LU,1616,33,
Chattahoochee County,US.GA.CH,1613,1,
Napa County,US.CA.NA,1600,13,
Laurens County,US.SC.LU,1600,54,
Wichita County,US.TX.WC,1599,19,
Clermont County,US.OH.CE,1594,20,
Chatham County,US.NC.CH,1589,57,
Washington County,US.MD.WA,1589,36,
Washington Parish,US.LA.WO,1587,65,
Colbert County,US.AL.CL,1581,26,
Lamar County,US.MS.LM,1577,33,
St. John the Baptist Parish,US.LA.SO,1574,98,
Putnam County,US.NY.PU,1569,63,
Sullivan County,US.NY.SL,1568,37,
LaSalle County,US.IL.LA,1568,54,
Mississippi County,US.AR.MS,1564,50,
Madison County,US.IN.MD,1562,86,
Dodge County,US.WI.DD,1561,9,
Lake County,US.OH.LK,1558,49,
Lee County,US.NC.LE,1558,13,
Laurens County,US.GA.LR,1557,62,
Blue Earth County,US.MN.BE,1556,6,
Escambia County,US.AL.ES,1554,24,
Seward County,US.KS.SW,1552,5,
Caldwell County,US.NC.CL,1551,18,
Hunt County,US.TX.HT,1550,35,
Rockwall County,US.TX.RC,1543,25,
DeSoto County,US.FL.DE,1543,23,
Middlesex County,US.CT.MI,1542,193,
Madison County,US.KY.MD,1537,6,
Habersham County,US.GA.HB,1531,65,
Allen Parish,US.LA.AL,1530,45,
Neshoba County,US.MS.NS,1529,103,
Blount County,US.AL.BU,1527,14,
Cherokee County,US.TX.CK,1514,27,
Hardeman County,US.TN.HA,1512,25,
Brunswick County,US.NC.BS,1511,26,
Tazewell County,US.IL.TA,1511,15,
Roanoke city,US.VA.RO,1508,16,
Nacogdoches County,US.TX.NC,1508,59,
Eau Claire County,US.WI.EA,1496,6,
Moore County,US.NC.ME,1494,27,
Wright County,US.MN.WR,1493,7,
Malheur County,US.OR.ML,1490,23,
Jackson County,US.AL.JA,1485,11,
Wayne County,US.TN.WY,1478,5,
Boone County,US.KY.BO,1474,25,
Caldwell County,US.TX.CW,1474,35,
Sheboygan County,US.WI.SE,1468,14,
Thomas County,US.GA.TH,1465,58,
Gibson County,US.TN.GB,1464,19,
Chilton County,US.AL.CI,1463,27,
Avoyelles Parish,US.LA.AV,1461,53,
Franklin County,US.MO.FR,1461,26,
Erie County,US.PA.ER,1459,37,
Ware County,US.GA.WE,1456,53,
Monroe County,US.MI.MO,1454,28,
Broome County,US.NY.BO,1450,85,
Muskegon County,US.MI.MG,1444,69,
St. Francis County,US.AR.SI,1443,4,
Comanche County,US.OK.CM,1442,12,
Garfield County,US.OK.GF,1438,18,
Cape Girardeau County,US.MO.CG,1431,9,
Sussex County,US.NJ.SU,1431,198,
Warren County,US.NJ.WA,1428,171,
Lincoln County,US.NC.LI,1427,14,
Panola County,US.MS.PA,1424,26,
Titus County,US.TX.TU,1424,28,
Taylor County,US.TX.TA,1415,47,
Medina County,US.OH.MD,1412,38,
Jim Wells County,US.TX.JW,1409,32,
Okeechobee County,US.FL.OE,1409,22,
DeKalb County,US.IL.DK,1406,38,
Walker County,US.GA.WK,1403,29,
Iberville Parish,US.LA.IV,1403,58,
Texas County,US.OK.TE,1402,8,
San Patricio County,US.TX.SP,1401,72,
Sunflower County,US.MS.SU,1396,43,
Lowndes County,US.MS.LO,1389,57,
Baker County,US.FL.BK,1388,11,
Polk County,US.GA.PO,1387,17,
Wagoner County,US.OK.WG,1379,23,
Schenectady County,US.NY.SN,1374,46,
Warren County,US.MS.WR,1372,50,
Cass County,US.MO.CS,1360,17,
LaPorte County,US.IN.LA,1355,37,
Leflore County,US.MS.LL,1353,80,
Allen County,US.OH.AN,1353,67,
St. Bernard Parish,US.LA.SE,1350,28,
Rockingham County,US.VA.RG,1340,21,
Effingham County,US.GA.EF,1338,22,
Macon County,US.IL.MC,1337,34,
Cole County,US.MO.CE,1328,7,
Miami County,US.OH.MM,1326,49,
Coles County,US.IL.CE,1324,28,
Hampshire County,US.MA.HS,1323,141,
Oconee County,US.SC.OC,1321,27,
Hardin County,US.TX.HN,1319,28,
Carver County,US.MN.CV,1319,7,
Lea County,US.NM.LE,1316,21,
Wharton County,US.TX.WN,1314,50,
Greene County,US.OH.GR,1313,26,
Sandoval County,US.NM.SD,1311,40,
Newton County,US.MO.NT,1305,14,
Covington County,US.AL.CV,1303,27,
Livingston County,US.MI.LI,1303,30,
Dale County,US.AL.DE,1300,43,
Columbus County,US.NC.CM,1300,53,
Tolland County,US.CT.TO,1293,65,
Floyd County,US.IN.FL,1292,64,
Rice County,US.MN.RI,1290,8,
Williamson County,US.IL.WS,1289,34,
Williamsburg County,US.SC.WI,1289,41,
Evangeline Parish,US.LA.EV,1288,31,
Bedford County,US.TN.BD,1287,16,
St. Louis County,US.MN.ST,1282,29,
Taylor County,US.FL.TA,1280,12,
Hunterdon County,US.NJ.HN,1277,125,
Spalding County,US.GA.SD,1273,55,
San Benito County,US.CA.SI,1272,11,
Toombs County,US.GA.TM,1270,42,
Howard County,US.IN.HO,1269,66,
Washington County,US.PA.WS,1268,29,
Hardee County,US.FL.HD,1268,10,
Surry County,US.NC.SU,1265,21,
Ozaukee County,US.WI.OZ,1264,19,
Riley County,US.KS.RL,1262,8,
Mower County,US.MN.MW,1261,4,
Sioux County,US.IA.SI,1258,3,
Lynchburg city,US.VA.LY,1255,9,
Chambers County,US.TX.CH,1255,8,
Coffee County,US.AL.CF,1248,8,
Stark County,US.ND.SR,1248,6,
Dyer County,US.TN.DY,1246,13,
Daviess County,US.KY.DA,1245,14,
St. Mary's County,US.MD.SA,1241,57,
Jefferson County,US.WI.JE,1237,7,
Edgecombe County,US.NC.ED,1235,37,
Whatcom County,US.WA.WA,1233,40,
Wapello County,US.IA.WP,1232,57,
Bowie County,US.TX.BW,1230,47,
Craven County,US.NC.CN,1229,30,
Lafayette County,US.FL.LF,1228,12,
Eagle County,US.CO.EA,1227,9,
Yell County,US.AR.YE,1222,29,
Jackson County,US.IL.JC,1220,24,
Jefferson Davis Parish,US.LA.JD,1219,38,
Gila County,US.AZ.GI,1217,51,
Navarro County,US.TX.NV,1217,24,
Clay County,US.MN.CA,1213,40,
Pontotoc County,US.MS.PO,1212,16,
Calhoun County,US.MI.CU,1211,44,
Camden County,US.GA.CD,1208,7,
Crawford County,US.AR.CW,1204,15,
Pike County,US.MS.PI,1204,48,
McCurtain County,US.OK.MU,1201,33,
Grant County,US.IN.GA,1200,36,
Hanover County,US.VA.HV,1198,35,
Willacy County,US.TX.WY,1195,48,
Kosciusko County,US.IN.KO,1193,19,
Sevier County,US.AR.SV,1188,16,
Gallatin County,US.MT.GL,1185,4,
Webster County,US.IA.WE,1184,14,
Hardin County,US.KY.HN,1183,10,
Monroe County,US.MS.MR,1182,65,
Franklin Parish,US.LA.FR,1179,35,
Medina County,US.TX.ME,1178,42,
Christian County,US.MO.CT,1178,3,
Douglas County,US.WA.DO,1176,9,
Culpeper County,US.VA.CP,1176,16,
Chesterfield County,US.SC.CF,1176,34,
Webster Parish,US.LA.WR,1174,22,
Franklin County,US.NC.FR,1172,31,
Lincoln County,US.SD.LI,1169,2,
Accomack County,US.VA.AC,1167,19,
Dickson County,US.TN.DI,1166,12,
Scott County,US.MS.SC,1159,25,
Newberry County,US.SC.NE,1159,20,
Albemarle County,US.VA.AB,1158,20,
Bartholomew County,US.IN.BA,1157,61,
Copiah County,US.MS.CP,1157,33,
Moore County,US.TX.MO,1146,20,
Pottawatomie County,US.OK.PT,1145,9,
Wilkes County,US.NC.WE,1143,31,
Pike County,US.AL.PK,1135,9,
Shelby County,US.IN.SH,1134,37,
Kitsap County,US.WA.KS,1131,11,
Tallapoosa County,US.AL.TP,1129,83,
Cumberland County,US.TN.CU,1126,16,
Portage County,US.WI.PT,1120,3,
Yuba County,US.CA.YU,1118,7,
Chambers County,US.AL.CM,1117,42,
Rockingham County,US.NC.RC,1115,13,
Coahoma County,US.MS.CH,1112,27,
Fayette County,US.TN.FA,1110,17,
Carter County,US.TN.CT,1106,27,
Anderson County,US.TN.AN,1103,11,
Whitman County,US.WA.WI,1103,0,
Taney County,US.MO.TA,1102,24,
Lincoln Parish,US.LA.LN,1097,47,
Warrick County,US.IN.WI,1095,37,
Loudon County,US.TN.LO,1093,6,
Wayne County,US.IN.WY,1092,14,
Weakley County,US.TN.WE,1091,18,
Rutherford County,US.NC.RU,1090,22,
Henderson County,US.TN.HS,1089,19,
Decatur County,US.GA.DC,1087,26,
Holmes County,US.MS.HO,1085,58,
Christian County,US.KY.CH,1081,18,
Wayne County,US.GA.WY,1081,27,
Catoosa County,US.GA.CS,1079,16,
Greene County,US.TN.GE,1075,36,
Skagit County,US.WA.SG,1073,22,
Marshall County,US.MS.MS,1071,15,
Natchitoches Parish,US.LA.NA,1071,25,
Dawson County,US.NE.DN,1066,12,
Clarendon County,US.SC.CN,1065,66,
Wakulla County,US.FL.WK,1065,9,
El Dorado County,US.CA.EL,1064,4,
Sherburne County,US.MN.SH,1063,13,
Grimes County,US.TX.GM,1063,31,
Cherokee County,US.SC.CK,1062,35,
Marathon County,US.WI.MH,1061,14,
Obion County,US.TN.OB,1060,9,
Coffee County,US.TN.CF,1057,12,
Portage County,US.OH.PO,1056,66,
Schuylkill County,US.PA.SC,1054,52,
Dodge County,US.NE.DE,1053,11,
Muscatine County,US.IA.MU,1053,52,
Washington County,US.FL.WS,1053,18,
Hoke County,US.NC.HO,1052,16,
Grenada County,US.MS.GN,1050,35,
Liberty County,US.GA.LB,1050,22,
Lincoln County,US.MS.LI,1049,53,
Bryan County,US.GA.BY,1046,11,
Jefferson County,US.TN.JE,1046,14,
Clarke County,US.AL.CK,1046,17,
York County,US.ME.YO,1045,15,
Lee County,US.AR.LE,1042,18,
Lamar County,US.TX.LR,1040,31,
Salem County,US.NJ.SA,1037,89,
Clinton County,US.IA.CN,1037,18,
Pointe Coupee Parish,US.LA.PO,1037,40,
McDonald County,US.MO.MA,1036,11,
Oldham County,US.KY.OL,1036,25,
Yazoo County,US.MS.YZ,1035,29,
Mercer County,US.OH.MC,1033,17,
Creek County,US.OK.CE,1032,29,
McMinn County,US.TN.MM,1028,24,
Morton County,US.ND.MR,1028,9,
Okanogan County,US.WA.OK,1025,9,
Vernon Parish,US.LA.VN,1024,46,
Clinton County,US.IL.CN,1022,20,
Charlottesville City,US.VA.CE,1021,27,
Jackson County,US.OR.JA,1021,3,
Shelby County,US.KY.SH,1018,25,
Montgomery County,US.NC.MO,1016,25,
Thurston County,US.WA.TH,1015,17,
Matagorda County,US.TX.MD,1014,42,
Pueblo County,US.CO.PU,1014,34,
Lyon County,US.KS.LY,1012,27,
Vance County,US.NC.VA,1008,43,
Simpson County,US.MS.SI,1007,42,
Platte County,US.NE.PL,1006,3,
Chester County,US.SC.CR,1005,21,
Chaves County,US.NM.CH,1004,8,
Brown County,US.SD.BW,1001,3,
Lonoke County,US.AR.LO,1001,9,
Macon County,US.TN.MC,1000,19,
Bradford County,US.FL.BA,1000,7,
Madison County,US.FL.MD,1000,18,
Boone County,US.IL.BO,999,23,
Cape May County,US.NJ.CP,997,95,
Warren County,US.TN.WR,996,7,
Levy County,US.FL.LV,992,9,
Appling County,US.GA.AP,991,26,
Chicot County,US.AR.CT,991,17,
Henry County,US.VA.HY,991,19,
Monroe County,US.TN.MR,987,16,
Plymouth County,US.IA.PM,987,20,
Independence County,US.AR.IN,986,13,
Saratoga County,US.NY.SR,985,15,
Cerro Gordo County,US.IA.CG,983,21,
Reno County,US.KS.RN,981,3,
Beauregard Parish,US.LA.BE,980,37,
Union County,US.MS.UN,977,24,
Colleton County,US.SC.CT,977,42,
Jackson County,US.MI.JA,976,43,
St. Clair County,US.MI.SA,976,53,
Butler County,US.PA.BT,976,22,
Kleberg County,US.TX.KL,976,41,
Worcester County,US.MD.WO,975,26,
Marshall County,US.IN.MS,975,24,
Pettis County,US.MO.PS,974,8,
Crawford County,US.IA.CW,970,4,
Emanuel County,US.GA.EM,970,28,
Johnson County,US.MO.JO,969,4,
Cecil County,US.MD.CE,968,33,
Cherokee County,US.OK.CK,967,7,
Waupaca County,US.WI.WP,967,20,
Stephens County,US.GA.SE,966,32,
Le Flore County,US.OK.LE,966,17,
Boone County,US.IN.BO,960,49,
Adams County,US.IL.AD,956,10,
Tate County,US.MS.TT,950,37,
Halifax County,US.NC.HL,950,18,
Bay County,US.MI.BY,949,46,
Crawford County,US.KS.CR,948,6,
DeWitt County,US.TX.DE,946,33,
Washington County,US.OK.WN,942,40,
Hardin County,US.TN.HI,941,14,
Union Parish,US.LA.UN,940,42,
Buffalo County,US.NE.BF,940,4,
Santa Fe County,US.NM.ST,939,5,
Pittsylvania County,US.VA.PS,938,8,
Dillon County,US.SC.DI,938,31,
Leake County,US.MS.LK,937,35,
Fairbanks North Star Borough,US.AK.FA,934,9,
Lane County,US.OR.LE,933,14,
Lawrence County,US.TN.LW,930,11,
Summit County,US.UT.SU,930,1,
Lenoir County,US.NC.LN,930,26,
Berkeley County,US.WV.BE,929,13,
Dubois County,US.IN.DU,927,18,
Lauderdale County,US.TN.LU,923,14,
Marion County,US.AL.MI,921,28,
Warren County,US.IA.WR,919,6,
Sumter County,US.GA.SU,918,60,
Garfield County,US.CO.GA,916,5,
Hancock County,US.IN.HC,913,45,
Henderson County,US.TX.HD,913,23,
Kandiyohi County,US.MN.KD,911,2,
Adams County,US.MS.AD,909,36,
Tuscarawas County,US.OH.TU,908,19,
Butler County,US.AL.BT,906,38,
Randolph County,US.IL.RA,903,11,
Calvert County,US.MD.CL,901,28,
Elko County,US.NV.EL,900,7,
Windham County,US.CT.WI,899,15,
Scotland County,US.NC.SC,899,12,
Fauquier County,US.VA.FQ,897,21,
Haywood County,US.TN.HY,896,16,
Rensselaer County,US.NY.RE,895,42,
Wayne County,US.OH.WE,893,66,
Hood County,US.TX.HO,882,26,
Richmond County,US.NC.RI,881,13,
Erie County,US.OH.ER,880,44,
Marlboro County,US.SC.ML,879,10,
McDowell County,US.NC.MW,879,26,
West Baton Rouge Parish,US.LA.WB,878,41,
De Soto Parish,US.LA.DE,876,35,
Noble County,US.IN.NO,873,33,
Wayne County,US.MS.WY,871,21,
Pender County,US.NC.PD,871,5,
Lake County,US.TN.LK,868,2,
Rusk County,US.TX.RK,867,6,
Gulf County,US.FL.GU,865,14,
Franklin County,US.TN.FR,862,7,
Butler County,US.KS.BU,861,3,
Madison Parish,US.LA.MA,861,8,
Harrison County,US.TX.HR,860,31,
Union County,US.FL.UN,858,12,
Pittsburg County,US.OK.PI,856,19,
Bannock County,US.ID.BO,855,4,
Calumet County,US.WI.CA,854,2,
Columbia County,US.PA.CO,853,35,
Deaf Smith County,US.TX.DI,852,20,
Ward County,US.ND.WR,852,4,
Manitowoc County,US.WI.MW,852,2,
Pearl River County,US.MS.PL,851,50,
Lumpkin County,US.GA.LP,850,13,
Ross County,US.OH.RO,848,22,
Northumberland County,US.PA.NU,848,47,
Walla Walla County,US.WA.WL,847,5,
Bledsoe County,US.TN.BE,842,4,
Union County,US.AR.UN,836,31,
Marion County,US.MS.MI,836,33,
Sauk County,US.WI.SU,834,3,
Mendocino County,US.CA.MI,833,18,
Frederick County,US.VA.FK,833,11,
St. Croix County,US.WI.SI,833,8,
Polk County,US.TX.PK,828,22,
Winona County,US.MN.WN,828,18,
Chittenden County,US.VT.CH,827,39,
Sabine Parish,US.LA.SB,825,13,
Hamilton County,US.FL.HM,824,8,
Barbour County,US.AL.BR,824,7,
Big Horn County,US.MT.BI,823,21,
Gonzales County,US.TX.GA,822,14,
James City County,US.VA.JA,818,19,
Grady County,US.OK.GD,818,10,
Dixie County,US.FL.DI,815,6,
Logan County,US.CO.LO,815,5,
Johnson County,US.AR.JO,814,5,
Roane County,US.TN.RA,812,3,
Danville City,US.VA.DA,812,22,
Waller County,US.TX.WR,812,11,
Campbell County,US.KY.CM,811,16,
Bladen County,US.NC.BL,810,12,
Beaufort County,US.NC.BA,809,12,
Marion County,US.SC.MI,806,22,
Carroll County,US.TN.CR,806,16,
Erath County,US.TX.ER,804,12,
Prentiss County,US.MS.PN,803,17,
Bryan County,US.OK.BR,803,4,
Payette County,US.ID.PA,799,6,
Effingham County,US.IL.EF,798,1,
Shenandoah County,US.VA.SN,798,56,
Tooele County,US.UT.TE,797,0,
Scott County,US.MO.ST,797,16,
Ellis County,US.KS.EL,796,3,
Covington County,US.MS.CV,796,22,
Bullitt County,US.KY.BI,794,9,
St. James Parish,US.LA.SJ,792,40,
Gilmer County,US.GA.GI,792,11,
Graham County,US.AZ.GA,787,24,
Adams County,US.WA.AD,785,9,
Murray County,US.GA.MA,782,5,
Flathead County,US.MT.FL,782,13,
Cheatham County,US.TN.CA,781,10,
Williams County,US.ND.WI,779,5,
McNairy County,US.TN.MA,778,16,
Dawson County,US.GA.DW,776,6,
Richland County,US.OH.RI,775,18,
Lenawee County,US.MI.LN,771,15,
Harris County,US.GA.HI,771,21,
Mitchell County,US.GA.MT,770,45,
Madison County,US.NE.MA,770,5,
Madison County,US.OH.MO,770,12,
Tattnall County,US.GA.TT,769,9,
Camden County,US.MO.CM,767,10,
Adams County,US.PA.AD,766,25,
Osage County,US.OK.OS,766,13,
Sequoyah County,US.OK.SQ,766,10,
Ottawa County,US.OK.OT,764,4,
Jefferson County,US.GA.JR,764,23,
Roanoke County,US.VA.RE,764,6,
Greene County,US.AR.GE,764,7,
Fayette County,US.PA.FA,763,7,
Greensville County,US.VA.GS,763,11,
Alcorn County,US.MS.AL,763,11,
Rhea County,US.TN.RH,763,11,
Miller County,US.AR.ML,761,11,
Jasper County,US.SC.JA,761,19,
Colfax County,US.NE.CO,756,5,
Burke County,US.GA.BE,756,9,
Okmulgee County,US.OK.OM,755,5,
McClain County,US.OK.ML,755,6,
Henry County,US.IN.HY,754,24,
Karnes County,US.TX.KS,754,16,
Washington County,US.RI.WA,753,67,
White County,US.TN.WH,752,8,
Darke County,US.OH.DA,752,39,
Newton County,US.MS.NW,750,22,
Laurel County,US.KY.LU,750,6,
Uvalde County,US.TX.UV,748,30,
Richland Parish,US.LA.RI,746,10,
Deschutes County,US.OR.DE,746,12,
Itawamba County,US.MS.IT,746,21,
Tallahatchie County,US.MS.TL,745,18,
Upson County,US.GA.UP,743,59,
Morehouse Parish,US.LA.MO,743,20,
Hawkins County,US.TN.HW,742,16,
Berkshire County,US.MA.BE,742,49,
Grant County,US.WI.GA,741,19,
Assumption Parish,US.LA.AS,740,24,
George County,US.MS.GR,740,13,
Grady County,US.GA.GD,738,21,
Curry County,US.NM.CU,737,5,
Fairfield County,US.SC.FA,735,34,
Jasper County,US.IA.JS,731,32,
Lassen County,US.CA.LS,731,0,
Jackson County,US.IN.JC,731,10,
Morgan County,US.CO.MN,731,48,
Van Buren County,US.MI.VA,729,17,
Ben Hill County,US.GA.BL,729,20,
Muhlenberg County,US.KY.MU,728,12,
Yamhill County,US.OR.YA,726,14,
Marinette County,US.WI.MT,726,7,
Allegan County,US.MI.AL,724,7,
Cocke County,US.TN.CE,724,9,
St. Joseph County,US.MI.SJ,724,11,
Des Moines County,US.IA.DS,723,7,
Winston County,US.MS.WN,720,19,
Holmes County,US.FL.HO,720,5,
Madison County,US.TX.AD,719,6,
Pulaski County,US.KY.PU,718,10,
Jerome County,US.ID.JR,715,7,
Lavaca County,US.TX.LA,713,33,
Scott County,US.KY.SC,713,9,
Prince George County,US.VA.PG,712,4,
Wise County,US.TX.WE,712,13,
White County,US.GA.WH,710,17,
Petersburg city,US.VA.PB,710,26,
Chattooga County,US.GA.CG,709,12,
Dunklin County,US.MO.DU,709,6,
Iron County,US.UT.RN,709,2,
Cabell County,US.WV.CB,707,9,
Graves County,US.KY.GV,704,29,
Belmont County,US.OH.BE,704,27,
Radford city,US.VA.RD,704,0,
Oconee County,US.GA.OC,704,25,
Geauga County,US.OH.GE,701,47,
Yadkin County,US.NC.YD,701,7,
Lincoln County,US.MO.LO,700,3,
Jeff Davis County,US.GA.JF,699,18,
Morgan County,US.IN.MG,698,41,
Burnet County,US.TX.BT,698,12,
Franklin County,US.GA.FR,698,11,
Marshall County,US.TN.MS,697,4,
Lee County,US.SC.LE,696,34,
Marengo County,US.AL.ME,696,19,
Marion County,US.IA.MI,695,4,
Bingham County,US.ID.BG,694,10,
Wasatch County,US.UT.WA,692,7,
White County,US.AR.WH,692,19,
Jackson County,US.OK.JA,691,10,
Beadle County,US.SD.BA,691,9,
Wood County,US.WI.WO,690,3,
Bedford County,US.VA.BF,689,12,
Lee County,US.GA.LE,689,25,
Isle of Wight County,US.VA.IS,688,16,
Saline County,US.NE.SL,688,2,
Winston County,US.AL.WN,687,12,
Mercer County,US.PA.ME,684,13,
San Juan County,US.UT.SJ,684,29,
Caddo County,US.OK.CD,682,20,
Tama County,US.IA.TM,681,31,
West Feliciana Parish,US.LA.WF,678,25,
Buckingham County,US.VA.BK,675,9,
Androscoggin County,US.ME.AN,674,10,
Putnam County,US.GA.PT,673,23,
Whiteside County,US.IL.WD,672,19,
Frio County,US.TX.FO,671,8,
Delaware County,US.OK.DL,670,23,
Eddy County,US.NM.ED,670,6,
Shasta County,US.CA.SH,668,14,
McCracken County,US.KY.MK,668,6,
Saluda County,US.SC.SA,668,20,
Hertford County,US.NC.HD,667,25,
Smith County,US.TN.SH,663,10,
Codington County,US.SD.CD,662,2,
Overton County,US.TN.OV,662,3,
Mecklenburg County,US.VA.ME,661,33,
Plaquemines Parish,US.LA.PL,661,19,
Oconto County,US.WI.OC,660,4,
Madison County,US.GA.MD,657,8,
Fannin County,US.TX.FI,656,13,
Fremont County,US.WY.FR,655,14,
Monroe County,US.GA.MN,654,46,
Tishomingo County,US.MS.TS,653,36,
Washington County,US.GA.WG,652,7,
Union County,US.GA.UN,649,17,
Peach County,US.GA.PH,648,20,
Pasquotank County,US.NC.PU,647,29,
Isabella County,US.MI.IB,646,11,
Hancock County,US.OH.HN,646,9,
Lowndes County,US.AL.LO,645,27,
Saline County,US.MO.SI,643,9,
Chickasaw County,US.MS.CS,641,24,
Attala County,US.MS.AT,640,25,
Laramie County,US.WY.LA,638,4,
Ashtabula County,US.OH.AB,638,48,
Tippah County,US.MS.TP,637,16,
Lyon County,US.MN.LY,634,4,
Johnson County,US.TN.JO,633,2,
Hawaii County,US.HI.HA,632,15,
Brookings County,US.SD.BK,632,2,
Saline County,US.KS.SA,632,9,
LaGrange County,US.IN.LG,631,11,
Daviess County,US.IN.DI,630,29,
Queen Anne's County,US.MD.QU,630,26,
Pickens County,US.AL.PC,628,14,
Barren County,US.KY.BN,628,13,
Atascosa County,US.TX.AT,626,30,
Cassia County,US.ID.CS,626,5,
Marion County,US.MO.MO,625,11,
Calhoun County,US.TX.CU,625,7,
Blaine County,US.ID.BL,624,6,
Washington County,US.TX.WH,624,48,
Dearborn County,US.IN.DR,623,30,
Butts County,US.GA.BU,623,41,
Carroll County,US.IA.CL,622,5,
Caroline County,US.MD.CO,622,4,
Henderson County,US.KY.HE,621,3,
Bibb County,US.AL.BI,619,10,
Platte County,US.MO.PT,619,10,
Lycoming County,US.PA.LY,617,23,
Clinton County,US.MI.CN,616,13,
Grundy County,US.IL.GU,616,5,
Minidoka County,US.ID.MI,614,7,
Morgan County,US.IL.MG,612,21,
Eaton County,US.MI.EA,611,10,
Jackson Parish,US.LA.JA,611,22,
Henry County,US.IL.HY,610,5,
Hale County,US.AL.HA,610,28,
Charlton County,US.GA.CT,608,6,
Monroe County,US.IL.MR,605,15,
Calhoun County,US.FL.CA,605,10,
Indiana County,US.PA.IN,605,12,
Ogle County,US.IL.OG,604,6,
Carteret County,US.NC.CE,604,5,
Winn Parish,US.LA.WI,603,18,
Bamberg County,US.SC.BM,603,33,
Manassas Park city,US.VA.MP,603,7,
Scurry County,US.TX.SU,601,2,
Carroll County,US.AR.CL,599,9,
Hill County,US.TX.HI,599,13,
Hampton County,US.SC.HA,598,25,
Nodaway County,US.MO.NO,597,1,
Boone County,US.AR.BO,596,8,
Barnwell County,US.SC.BN,595,17,
Poinsett County,US.AR.PN,595,9,
Clinton County,US.IN.CI,594,16,
Henry County,US.IA.HE,594,4,
Pickens County,US.GA.PE,592,10,
Elbert County,US.GA.EL,591,3,
Randolph County,US.AL.RA,591,12,
Cowlitz County,US.WA.CW,590,6,
Henry County,US.TN.HR,590,9,
Walthall County,US.MS.WT,590,25,
Franklin County,US.KY.FR,590,11,
Hopkins County,US.KY.HO,590,39,
Franklin County,US.FL.FR,589,3,
Broomfield County and City,US.CO.BR,588,33,
Pierce County,US.GA.PR,587,17,
Bullock County,US.AL.BL,585,14,
Bacon County,US.GA.BC,585,10,
Jones County,US.TX.JN,584,0,
Lee County,US.IA.LE,581,7,
Athens County,US.OH.AS,581,2,
Lawrence County,US.OH.LW,581,18,
Columbia County,US.NY.CU,580,47,
Lapeer County,US.MI.LP,579,36,
Fannin County,US.GA.FN,579,10,
Lawrence County,US.AL.LW,578,20,
Haywood County,US.NC.HW,574,31,
Monroe County,US.AL.MR,573,8,
Macon County,US.NC.MN,573,2,
Wilson County,US.TX.WS,572,26,
McDuffie County,US.GA.MU,571,13,
Matanuska-Susitna Borough,US.AK.MA,569,2,
Chester County,US.TN.CS,569,9,
Vermilion County,US.IL.VE,568,4,
Lincoln County,US.TN.LI,566,1,
Clay County,US.MS.CY,565,16,
Knox County,US.IL.KX,565,3,
Jessamine County,US.KY.JS,565,0,
Watauga County,US.NC.WT,565,1,
Van Zandt County,US.TX.VN,565,18,
Pike County,US.PA.PI,564,21,
Branch County,US.MI.BC,564,4,
Adair County,US.OK.AD,562,10,
Callaway County,US.MO.CA,562,2,
Cherokee County,US.NC.CO,561,10,
Shelby County,US.OH.SH,559,9,
Logan County,US.WV.LO,559,39,
Perry County,US.MO.PR,558,4,
Bureau County,US.IL.BU,557,10,
Dorchester County,US.MD.DO,557,10,
Hancock County,US.MS.HN,557,20,
Prince Edward County,US.VA.PD,556,12,
Geneva County,US.AL.GE,556,4,
Auglaize County,US.OH.AU,555,9,
Wright County,US.IA.WG,554,1,
Harrison County,US.IN.HI,554,26,
Rosebud County,US.MT.RS,554,10,
Missoula County,US.MT.MS,553,3,
Sandusky County,US.OH.SA,552,20,
Glenn County,US.CA.GL,550,3,
Limestone County,US.TX.LO,549,10,
Logan County,US.KY.LO,549,27,
Blair County,US.PA.BL,548,15,
Cherokee County,US.AL.CH,548,16,
Anson County,US.NC.AN,547,4,
Giles County,US.TN.GL,547,17,
Merrimack County,US.NH.ME,546,23,
Washington County,US.AL.WS,545,13,
Jefferson County,US.IL.JF,544,37,
Jefferson County,US.FL.JE,542,8,
DeKalb County,US.TN.DE,542,10,
East Carroll Parish,US.LA.EC,541,4,
Valencia County,US.NM.VA,541,4,
Noxubee County,US.MS.NO,540,15,
Midland County,US.MI.MD,539,11,
Cook County,US.GA.CO,538,12,
Jasper County,US.MS.JS,538,15,
Cambria County,US.PA.CI,537,7,
Perry County,US.AL.PE,536,6,
Chautauqua County,US.NY.CQ,535,4,
Brown County,US.TX.BN,535,20,
La Paz County,US.AZ.LA,534,15,
Edgefield County,US.SC.ED,531,17,
Butler County,US.MO.BE,531,4,
Clarke County,US.MS.CE,531,38,
Clay County,US.AL.CY,531,7,
Pulaski County,US.MO.PA,530,5,
Meriwether County,US.GA.MW,530,12,
Abbeville County,US.SC.AB,530,12,
Bertie County,US.NC.BT,530,7,
Wilcox County,US.AL.WC,530,11,
Trempealeau County,US.WI.TR,529,2,
Clay County,US.SD.CY,529,5,
Crisp County,US.GA.CP,529,17,
Mayes County,US.OK.MY,528,10,
Putnam County,US.OH.PU,528,23,
Jackson County,US.TX.JA,527,15,
Southampton County,US.VA.SA,526,20,
Union County,US.SC.UN,526,11,
Fayette County,US.WV.FA,524,10,
Columbia County,US.WI.CO,524,2,
Davie County,US.NC.DV,524,6,
Fredericksburg City,US.VA.FB,524,5,
Talbot County,US.MD.TA,524,5,
Jackson County,US.NC.JA,523,7,
Jones County,US.GA.JE,523,8,
Fayette County,US.IN.FA,521,13,
Mesa County,US.CO.ME,521,6,
Huron County,US.OH.HU,520,7,
Putnam County,US.IN.PT,520,9,
York County,US.VA.YO,520,6,
Washington County,US.VA.WG,519,14,
Crenshaw County,US.AL.CA,519,31,
Worth County,US.GA.WO,519,29,
Smith County,US.MS.SM,518,14,
Conecuh County,US.AL.CO,517,11,
Calloway County,US.KY.CW,515,8,
Oceana County,US.MI.OA,513,6,
Steele County,US.MN.SE,513,2,
Brooks County,US.GA.BO,510,27,
Colusa County,US.CA.CL,509,6,
Pierce County,US.WI.PI,508,6,
Hickman County,US.TN.HN,507,4,
Cass County,US.MI.CS,506,16,
Calhoun County,US.MS.CN,506,12,
Nevada County,US.CA.NE,506,6,
Jefferson County,US.OR.JE,505,8,
Freeborn County,US.MN.FR,504,3,
Newport County,US.RI.NE,502,0,
Palo Pinto County,US.TX.PO,502,15,
Lawrence County,US.IN.LW,502,30,
Cascade County,US.MT.CS,500,5,
Adams County,US.NE.AD,499,12,
Concordia Parish,US.LA.CR,499,12,
Greene County,US.NC.GE,498,5,
Gilchrist County,US.FL.GI,498,12,
Montgomery County,US.IN.MM,497,22,
Box Elder County,US.UT.BE,496,5,
Carter County,US.OK.CR,496,8,
New Madrid County,US.MO.NW,495,14,
Crockett County,US.TN.CK,495,19,
Watonwan County,US.MN.WT,495,4,
Nicollet County,US.MN.NI,495,16,
Lawrence County,US.PA.LW,495,22,
Lawrence County,US.MO.LW,494,2,
Carson City,US.NV.CA,494,8,
Kittitas County,US.WA.KT,493,22,
Polk County,US.OR.PO,493,15,
Union County,US.IL.UN,493,24,
Benton County,US.MN.BN,492,3,
Nye County,US.NV.NY,492,15,
Shiawassee County,US.MI.SH,492,31,
Glades County,US.FL.GL,491,4,
Wood County,US.TX.WO,491,21,
Teton County,US.WY.TE,490,1,
Greene County,US.GA.GE,490,23,
Laclede County,US.MO.LD,489,3,
Marion County,US.TN.MI,488,7,
Liberty County,US.FL.LI,487,7,
Webster County,US.MO.WE,486,2,
Claiborne Parish,US.LA.CI,485,19,
Madison County,US.NY.MA,484,9,
Howell County,US.MO.HW,484,3,
Morrow County,US.OR.MO,484,5,
Tehama County,US.CA.TE,483,4,
Austin County,US.TX.AU,483,9,
Hart County,US.GA.HT,482,12,
Humboldt County,US.CA.HU,482,6,
Kay County,US.OK.KA,482,13,
Tuscola County,US.MI.TU,482,31,
Marion County,US.IL.MO,481,0,
Winchester city,US.VA.WH,481,4,
Strafford County,US.NH.ST,481,13,
Chippewa County,US.WI.CH,480,0,
Grant Parish,US.LA.GR,479,30,
Alexander County,US.NC.AE,479,4,
Milam County,US.TX.MI,478,5,
Colorado County,US.TX.CO,476,4,
Decatur County,US.IN.DC,476,42,
Tunica County,US.MS.TU,476,13,
Shawano County,US.WI.SA,475,1,
Dickinson County,US.IA.DI,475,6,
White County,US.IN.WH,475,14,
Union County,US.OH.UN,474,2,
Franklin County,US.IL.FR,473,2,
Todd County,US.MN.TO,472,2,
Stutsman County,US.ND.SU,472,3,
Putnam County,US.WV.PU,471,2,
Macoupin County,US.IL.MP,470,6,
Raleigh County,US.WV.RL,470,6,
Lincoln County,US.OR.LC,470,13,
Knox County,US.IN.KN,469,9,
Carroll County,US.VA.CL,468,21,
Nelson County,US.KY.NE,467,4,
Jefferson County,US.ID.JF,467,1,
Custer County,US.OK.CU,467,0,
Macon County,US.AL.MC,467,20,
Morgan County,US.GA.MO,467,2,
Bell County,US.KY.BL,465,12,
Ottawa County,US.OH.OT,464,30,
Howard County,US.TX.HW,464,12,
Stewart County,US.GA.SW,462,13,
Shelby County,US.TX.SY,461,22,
Banks County,US.GA.BS,460,7,
Henry County,US.AL.HE,459,4,
Early County,US.GA.EA,459,32,
Jasper County,US.TX.JR,457,25,
Scioto County,US.OH.SC,455,6,
Pemiscot County,US.MO.PM,455,9,
Augusta County,US.VA.AU,454,7,
Ontario County,US.NY.OR,454,28,
Linn County,US.OR.LN,454,13,
Bremer County,US.IA.BR,454,7,
Stephenson County,US.IL.SN,453,6,
Montgomery County,US.MS.MT,453,20,
Fayette County,US.TX.FT,453,18,
Decatur County,US.TN.DC,452,6,
Bienville Parish,US.LA.BI,452,32,
Grand Traverse County,US.MI.GN,452,7,
Howard County,US.AR.HW,452,8,
Boone County,US.IA.BO,451,6,
Union County,US.PA.UN,451,6,
Claiborne County,US.MS.CB,451,16,
Lewis County,US.WA.LE,451,4,
Madison County,US.ID.MA,446,1,
Polk County,US.MO.PO,446,1,
Gibson County,US.IN.GI,446,4,
Phillips County,US.AR.PH,445,11,
Carbon County,US.PA.CB,443,28,
Kerr County,US.TX.KR,442,10,
Franklin County,US.MA.FR,441,67,
Le Sueur County,US.MN.LU,441,3,
Allegany County,US.MD.AL,439,22,
Calhoun County,US.SC.CH,439,17,
McLeod County,US.MN.MC,438,2,
McDonough County,US.IL.MU,438,15,
Union County,US.OR.UN,435,2,
Natrona County,US.WY.NA,435,4,
Stoddard County,US.MO.SD,434,9,
Ohio County,US.KY.OH,434,9,
Atkinson County,US.GA.AT,434,3,
Adams County,US.IN.AD,434,4,
Kenai Peninsula Borough,US.AK.KN,434,2,
Cherokee County,US.KS.CK,433,8,
DeKalb County,US.IN.DE,433,12,
Lake County,US.CA.LK,433,10,
Berrien County,US.GA.BN,430,11,
Knox County,US.KY.KX,430,9,
Meade County,US.SD.MD,430,4,
Seneca County,US.OH.SE,429,14,
Warren County,US.MO.WR,429,0,
Barry County,US.MO.BR,429,6,
Barron County,US.WI.BR,428,4,
Barton County,US.KS.BT,427,5,
Miami County,US.IN.MI,426,3,
Catahoula Parish,US.LA.CT,426,10,
Haralson County,US.GA.HS,425,8,
Logan County,US.IL.LO,424,1,
Lawrence County,US.MS.LW,423,12,
Waseca County,US.MN.WE,422,8,
Bleckley County,US.GA.BK,421,19,
Chisago County,US.MN.CG,421,1,
Miller County,US.MO.ML,420,1,
Claiborne County,US.TN.CI,419,4,
Louisa County,US.IA.LO,418,14,
Washington County,US.IA.WS,418,11,
Oswego County,US.NY.OS,418,3,
Greene County,US.IN.GE,418,38,
Sumter County,US.AL.SU,417,19,
Ashley County,US.AR.AS,417,8,
Duval County,US.TX.DU,417,14,
La Salle Parish,US.LA.LA,417,7,
Yalobusha County,US.MS.YL,415,14,
Green County,US.WI.GN,415,2,
Preble County,US.OH.PR,415,13,
Fayette County,US.AL.FA,415,9,
Smyth County,US.VA.SM,414,7,
Jefferson County,US.WV.JE,413,4,
Christian County,US.IL.CI,412,10,
Campbell County,US.TN.CM,412,3,
Andrews County,US.TX.AR,412,8,
Martin County,US.NC.MR,412,9,
Crow Wing County,US.MN.CW,410,18,
Johnson County,US.GA.JH,410,22,
Warren County,US.VA.WR,409,6,
Parmer County,US.TX.PM,409,7,
Evans County,US.GA.EV,409,6,
Summit County,US.CO.SU,408,4,
Galax city,US.VA.GA,407,30,
Candler County,US.GA.CR,406,17,
Fentress County,US.TN.FE,406,3,
Scotts Bluff County,US.NE.SC,404,7,
Armstrong County,US.PA.AR,404,16,
Grays Harbor County,US.WA.GY,404,6,
Cibola County,US.NM.CI,404,20,
Lyon County,US.NV.LY,403,6,
Craig County,US.OK.CG,403,1,
Freestone County,US.TX.FE,403,1,
Stokes County,US.NC.SO,403,3,
Northampton County,US.NC.NO,399,17,
St. Helena Parish,US.LA.SH,399,4,
Person County,US.NC.PN,398,6,
Audrain County,US.MO.AU,398,2,
Cross County,US.AR.CO,395,7,
Campbell County,US.VA.CM,395,4,
Luna County,US.NM.LU,395,6,
Cooke County,US.TX.OO,395,5,
Seminole County,US.OK.SM,395,5,
Mercer County,US.WV.MR,394,24,
Perry County,US.MS.PY,394,17,
Huntingdon County,US.PA.HU,393,6,
Jenkins County,US.GA.JK,392,29,
Tompkins County,US.NY.TO,390,0,
Nez Perce County,US.ID.NE,389,24,
Dodge County,US.GA.DG,389,11,
Geary County,US.KS.GE,388,2,
Logan County,US.OK.LG,387,1,
Saunders County,US.NE.SU,387,3,
Logan County,US.AR.LG,386,1,
Hancock County,US.GA.HC,386,41,
Wise County,US.VA.WI,385,7,
Phelps County,US.MO.PH,384,1,
Franklin city,US.VA.FR,383,9,
Woodford County,US.IL.WO,383,5,
Stone County,US.MO.SE,383,4,
Bristol County,US.RI.BR,382,16,
Rio Arriba County,US.NM.RI,382,13,
Maui County,US.HI.MA,381,9,
Boyd County,US.KY.BD,380,4,
Lincoln County,US.OK.LI,379,10,
Sussex County,US.VA.SS,379,10,
Page County,US.VA.PA,379,29,
Pike County,US.KY.PI,378,3,
Hopewell city,US.VA.HW,378,7,
Lafayette County,US.MO.LF,377,2,
Jasper County,US.IN.JS,377,3,
Telfair County,US.GA.TF,376,16,
Livingston County,US.MO.LV,375,1,
Upshur County,US.TX.US,374,9,
Randolph County,US.AR.RA,374,22,
Otter Tail County,US.MN.OT,373,4,
Jersey County,US.IL.JR,373,13,
Cass County,US.IL.CS,372,11,
Martinsville city,US.VA.MR,372,13,
Quitman County,US.MS.QU,372,5,
Humphreys County,US.MS.HU,372,15,
Polk County,US.TN.PO,371,11,
Monroe County,US.WI.MO,371,2,
Holmes County,US.OH.HL,369,7,
Cooper County,US.MO.CP,368,2,
Live Oak County,US.TX.LK,368,8,
Amherst County,US.VA.AH,367,4,
Douglas County,US.WI.DG,367,0,
Columbia County,US.AR.CI,365,18,
Montrose County,US.CO.MO,365,13,
Beltrami County,US.MN.BT,365,4,
Muskingum County,US.OH.MU,365,2,
Mason County,US.WA.MA,364,3,
Grayson County,US.KY.GY,363,13,
Harlan County,US.KY.HL,362,10,
Screven County,US.GA.SR,362,9,
Houston County,US.TX.HS,361,9,
Stephens County,US.OK.ST,361,5,
Panola County,US.TX.PN,361,25,
La Salle County,US.TX.LS,360,11,
Steuben County,US.IN.SE,358,7,
Scott County,US.IN.SC,356,12,
Pecos County,US.TX.PE,356,5,
Clinch County,US.GA.CC,355,6,
Dinwiddie County,US.VA.DN,355,10,
Lincoln County,US.NE.LI,355,2,
Warren County,US.NY.WR,354,30,
Kewaunee County,US.WI.KW,354,2,
Hempstead County,US.AR.HE,353,4,
Red River Parish,US.LA.RE,351,21,
Lamar County,US.GA.LM,350,17,
Ohio County,US.WV.OH,349,6,
Allendale County,US.SC.AL,349,6,
Stone County,US.MS.ST,348,11,
Richmond County,US.VA.RI,347,6,
Lawrence County,US.AR.LW,346,11,
Mingo County,US.WV.MO,346,9,
Drew County,US.AR.DR,346,6,
Wood County,US.WV.WO,346,6,
Ionia County,US.MI.II,346,7,
Iroquois County,US.IL.IR,345,19,
Choctaw County,US.AL.CC,344,12,
Camp County,US.TX.CP,343,10,
Shelby County,US.IL.SB,342,4,
Steuben County,US.NY.ST,342,39,
Jackson County,US.KY.JA,342,17,
Brunswick County,US.VA.BU,341,4,
Union County,US.SD.UN,341,6,
Fluvanna County,US.VA.FV,341,9,
Little River County,US.AR.LT,341,24,
Clark County,US.WI.CL,341,8,
Greenup County,US.KY.GU,339,4,
Crawford County,US.MO.CF,339,2,
Pontotoc County,US.OK.PN,338,3,
Dunn County,US.WI.DN,338,0,
Seminole County,US.GA.SI,338,9,
Arkansas County,US.AR.AR,338,4,
Greene County,US.MS.GE,338,17,
Lamar County,US.AL.LM,337,2,
Grainger County,US.TN.GA,337,2,
West Carroll Parish,US.LA.WC,336,9,
Wayne County,US.WV.WA,336,10,
Yankton County,US.SD.YA,335,4,
Montgomery County,US.KS.MG,335,5,
Dawson County,US.TX.DW,335,9,
Harvey County,US.KS.HV,335,5,
Brantley County,US.GA.BA,334,9,
Harrison County,US.WV.HR,332,7,
Perry County,US.IL.PY,332,14,
Bradley County,US.AR.BR,332,7,
Randolph County,US.GA.RN,331,28,
Fulton County,US.NY.FU,331,28,
Franklin County,US.IA.FN,330,17,
Crawford County,US.IL.CW,330,1,
Butler County,US.KY.BR,330,16,
Sullivan County,US.IN.SU,330,12,
Benton County,US.TN.BN,329,9,
Madison County,US.AR.MD,328,2,
Webster County,US.MS.WE,328,13,
Wilkinson County,US.GA.WI,328,17,
Washington County,US.ID.WA,328,4,
Cowley County,US.KS.CL,327,3,
Garvin County,US.OK.GV,327,4,
Miami County,US.KS.MI,327,1,
Uinta County,US.WY.UI,327,2,
Hillsdale County,US.MI.HI,327,27,
Caroline County,US.VA.CI,326,5,
Perry County,US.KY.PR,326,8,
Hockley County,US.TX.HC,325,8,
Terrell County,US.GA.TL,325,31,
Zapata County,US.TX.ZP,325,6,
Albany County,US.WY.AL,325,0,
Otsego County,US.NY.OO,324,4,
Burleson County,US.TX.BU,324,6,
Owyhee County,US.ID.OW,323,5,
Jefferson Davis County,US.MS.JD,323,11,
Orleans County,US.NY.OL,322,55,
Sweetwater County,US.WY.SW,322,2,
Wheeler County,US.GA.WL,322,11,
Union County,US.TN.UO,321,1,
Goodhue County,US.MN.GO,321,9,
Dooly County,US.GA.DO,320,14,
Lamb County,US.TX.LB,320,21,
Chaffee County,US.CO.CA,320,19,
Lee County,US.IL.LE,319,1,
Greene County,US.NY.GR,319,14,
Mahaska County,US.IA.MK,319,19,
Washington County,US.MO.WS,319,4,
Herkimer County,US.NY.HE,318,10,
Oneida County,US.WI.ON,318,2,
Jefferson County,US.OH.JE,318,4,
Rabun County,US.GA.RB,317,7,
Adair County,US.MO.AD,317,0,
Avery County,US.NC.AV,317,0,
Elmore County,US.ID.EL,317,3,
Newaygo County,US.MI.NE,317,1,
Halifax County,US.VA.HL,316,5,
Cleburne County,US.AL.CB,316,6,
St. Lawrence County,US.NY.SI,314,4,
Kingfisher County,US.OK.KN,313,2,
Hamilton County,US.IA.HM,313,3,
Lawrence County,US.SD.LW,312,4,
Pawnee County,US.KS.PN,312,0,
Calaveras County,US.CA.CA,311,14,
Amite County,US.MS.AM,311,10,
Warren County,US.NC.WR,311,7,
Aransas County,US.TX.AA,310,18,
Latah County,US.ID.LA,310,0,
Delaware County,US.IA.DA,310,3,
Oglethorpe County,US.GA.OG,310,11,
Jennings County,US.IN.JN,310,14,
Carroll County,US.MS.CL,310,12,
Montgomery County,US.IL.MT,309,12,
Genesee County,US.NY.GE,309,6,
Cass County,US.TX.CS,308,14,
Caswell County,US.NC.CS,307,3,
Gaines County,US.TX.GS,307,8,
Marquette County,US.MI.MQ,307,12,
Juneau County,US.WI.JU,306,1,
Wayne County,US.NY.WN,306,3,
Northampton County,US.VA.NA,305,31,
Pike County,US.GA.PK,305,9,
Chemung County,US.NY.CM,305,3,
Benson County,US.ND.BE,304,5,
Pulaski County,US.GA.PL,304,13,
Orange County,US.VA.OR,304,4,
Cleburne County,US.AR.CB,304,7,
Franklin County,US.IN.FR,303,26,
Stone County,US.AR.ST,301,7,
Refugio County,US.TX.RF,301,12,
Wilkinson County,US.MS.WK,301,17,
Franklin County,US.KS.FR,301,3,
Transylvania County,US.NC.TR,301,6,
Clark County,US.AR.CK,301,4,
Fayette County,US.IL.FA,300,3,
Cass County,US.NE.CS,300,2,
Greene County,US.AL.GR,300,15,
Allen County,US.KY.AL,300,9,
Morgan County,US.TN.MG,299,3,
Hopkins County,US.TX.HP,299,8,
Chowan County,US.NC.CW,299,3,
Jackson County,US.TN.JA,298,4,
Caldwell Parish,US.LA.CW,298,3,
Gunnison County,US.CO.GU,296,7,
Bollinger County,US.MO.BI,295,1,
Clearfield County,US.PA.CF,295,1,
Clark County,US.KY.CK,295,8,
Warren County,US.IL.WR,294,1,
Menominee County,US.MI.MM,294,1,
Brooks County,US.TX.BK,294,22,
Susquehanna County,US.PA.SS,293,28,
Choctaw County,US.OK.CA,293,2,
Kent County,US.MD.KE,293,24,
Livingston County,US.IL.LI,293,5,
Adair County,US.KY.AD,292,19,
Grayson County,US.VA.GY,292,10,
Lanier County,US.GA.LI,292,5,
Franklin County,US.VA.FN,291,3,
Posey County,US.IN.PS,291,0,
Hughes County,US.SD.HG,290,4,
Robertson County,US.TX.RO,290,4,
McIntosh County,US.OK.MI,290,4,
Island County,US.WA.IS,290,11,
Henry County,US.OH.HE,290,12,
Martin County,US.MN.MT,290,9,
Zavala County,US.TX.ZV,289,16,
Turner County,US.GA.TR,289,22,
Clay County,US.IN.CY,288,5,
Logan County,US.OH.LG,288,3,
Crawford County,US.PA.CW,287,3,
Montgomery County,US.GA.MM,287,5,
Washington County,US.NY.WS,287,14,
Bosque County,US.TX.BQ,286,6,
Floyd County,US.IA.FL,286,3,
Kemper County,US.MS.KE,286,15,
Champaign County,US.OH.CH,285,3,
Montcalm County,US.MI.MC,285,5,
O'Brien County,US.IA.OB,284,9,
Jackson County,US.IA.JC,284,3,
Towns County,US.GA.TW,284,8,
Perry County,US.OH.PE,283,9,
Douglas County,US.NV.DO,283,1,
Botetourt County,US.VA.BO,283,10,
Orange County,US.IN.OR,283,26,
Houghton County,US.MI.HO,282,1,
Mississippi County,US.MO.MI,281,3,
McIntosh County,US.GA.MH,280,7,
Comanche County,US.TX.CE,280,3,
Gray County,US.TX.GY,280,5,
Bonner County,US.ID.BR,279,0,
Jackson County,US.AR.JA,279,1,
Taylor County,US.KY.TA,278,6,
Ripley County,US.IN.RI,278,8,
Winneshiek County,US.IA.WH,278,5,
Louisa County,US.VA.LI,278,5,
Irwin County,US.GA.IR,278,4,
Knox County,US.OH.KN,277,15,
Clinton County,US.OH.CI,276,13,
Clay County,US.IA.CY,276,3,
Defiance County,US.OH.DF,276,10,
Bond County,US.IL.BN,276,4,
Desha County,US.AR.DE,275,5,
Barry County,US.MI.BR,273,2,
Hughes County,US.OK.HU,272,4,
Brown County,US.OH.BR,272,2,
Douglas County,US.IL.DO,272,5,
Moniteau County,US.MO.ME,271,4,
Clay County,US.KY.CY,271,6,
Benton County,US.IA.BN,270,1,
Unicoi County,US.TN.UC,270,1,
Hardin County,US.IA.HD,269,1,
Patrick County,US.VA.PK,269,24,
Klamath County,US.OR.KL,269,2,
Gem County,US.ID.GE,268,2,
Whitley County,US.KY.WH,267,2,
Carroll County,US.IN.CO,267,13,
Dade County,US.GA.DD,266,4,
Casey County,US.KY.CS,266,15,
Young County,US.TX.YU,266,6,
Waushara County,US.WI.WS,265,2,
Itasca County,US.MN.IT,264,13,
Cannon County,US.TN.CN,263,0,
Simpson County,US.KY.SI,263,8,
Wells County,US.IN.WE,263,2,
Madison County,US.MO.MD,263,0,
Gooding County,US.ID.GO,263,1,
Sharkey County,US.MS.SH,262,12,
Polk County,US.MN.PL,262,4,
Wabash County,US.IN.WB,262,8,
Winnebago County,US.IA.WB,261,11,
Texas County,US.MO.TE,261,2,
Roosevelt County,US.NM.RO,258,3,
City and Borough of Juneau,US.AK.JU,258,1,
Baxter County,US.AR.BA,257,1,
Dare County,US.NC.DE,257,2,
Salem city,US.VA.SE,257,4,
Wilkes County,US.GA.WS,257,4,
Marshall County,US.KY.MH,257,2,
Polk County,US.NC.PO,256,8,
Morgan County,US.MO.MG,256,1,
Butler County,US.IA.BE,255,2,
Westmoreland County,US.VA.WM,255,3,
Lee County,US.VA.LE,255,6,
Clay County,US.AR.CY,254,7,
Union County,US.KY.UN,254,2,
Atchison County,US.KS.AT,254,1,
Lake County,US.MT.LA,254,1,
Goochland County,US.VA.GO,254,7,
Clarke County,US.IA.CK,253,3,
Waynesboro city,US.VA.WS,253,3,
Polk County,US.AR.PL,252,4,
Snyder County,US.PA.SN,252,3,
McPherson County,US.KS.MP,252,1,
Delta County,US.MI.DE,252,5,
Penobscot County,US.ME.PE,252,6,
Marion County,US.WV.MI,252,3,
Benton County,US.OR.BE,251,6,
Washington County,US.IN.WS,251,1,
Atoka County,US.OK.AT,250,1,
Haskell County,US.OK.HS,249,4,
Amador County,US.CA.AM,249,16,
Cattaraugus County,US.NY.CG,249,7,
Chenango County,US.NY.CH,248,6,
Woodford County,US.KY.WO,248,0,
Emmet County,US.IA.EM,248,10,
Hardin County,US.OH.HD,248,13,
Castro County,US.TX.AS,247,5,
La Plata County,US.CO.LA,247,2,
Morrow County,US.OH.MW,247,2,
Starke County,US.IN.SR,247,8,
Ashe County,US.NC.AS,246,1,
Emporia city,US.VA.EM,245,25,
Otero County,US.NM.OT,245,13,
Green County,US.KY.GN,245,8,
Runnels County,US.TX.RN,244,5,
Treutlen County,US.GA.TE,244,7,
Whitley County,US.IN.WL,244,6,
Jackson County,US.WV.JA,244,23,
Nottoway County,US.VA.NY,244,15,
Boyle County,US.KY.BE,244,0,
Thurston County,US.NE.TU,243,4,
Grant County,US.AR.GN,243,2,
Tazewell County,US.VA.TA,243,2,
Conway County,US.AR.CN,242,3,
Washington County,US.OH.WS,242,23,
Lawrence County,US.IL.LW,242,2,
Colonial Heights city,US.VA.CH,242,24,
Alamosa County,US.CO.AL,241,9,
Hood River County,US.OR.HO,241,0,
Somerset County,US.MD.SO,240,4,
Miller County,US.GA.ML,240,1,
Saline County,US.IL.SE,240,3,
Wilcox County,US.GA.WC,240,20,
Shelby County,US.IA.SH,240,1,
Jefferson County,US.IN.JF,239,3,
Beckham County,US.OK.BC,239,1,
Echols County,US.GA.EC,238,2,
Randolph County,US.IN.RA,238,7,
Jones County,US.IA.JN,238,3,
Gratiot County,US.MI.GT,238,15,
Ouachita County,US.AR.OU,238,6,
Russell County,US.KY.RU,238,6,
Pawnee County,US.OK.PW,237,3,
Becker County,US.MN.BC,237,2,
Jefferson County,US.MS.JF,237,9,
Washington County,US.NE.WS,237,2,
Allamakee County,US.IA.AL,236,5,
Campbell County,US.WY.CM,236,1,
Pine County,US.MN.PN,236,0,
Wayne County,US.IL.WY,234,5,
Isanti County,US.MN.IS,234,0,
Randolph County,US.WV.RN,233,1,
Staunton city,US.VA.SU,233,0,
Wasco County,US.OR.WC,233,3,
Poweshiek County,US.IA.PW,232,8,
Calhoun County,US.GA.CU,232,7,
Sheridan County,US.WY.SH,231,4,
Jackson County,US.KS.JA,231,1,
Fulton County,US.IN.FU,231,2,
Carlton County,US.MN.CL,231,1,
Montgomery County,US.KY.MM,230,3,
Coshocton County,US.OH.CS,230,11,
Franklin County,US.AR.FR,230,2,
Door County,US.WI.DO,230,3,
Douglas County,US.MN.DU,229,1,
Dallam County,US.TX.DL,229,8,
Russell County,US.VA.RU,229,4,
Fulton County,US.OH.FU,228,1,
Lyon County,US.IA.LY,227,3,
Pamlico County,US.NC.PM,227,2,
Leon County,US.TX.LN,227,5,
Labette County,US.KS.LB,226,3,
Jo Daviess County,US.IL.JO,226,2,
King George County,US.VA.KG,226,4,
Macon County,US.GA.MC,226,10,
Terry County,US.TX.TE,226,4,
Benton County,US.MO.BN,226,2,
Clayton County,US.IA.CT,226,3,
Buchanan County,US.IA.BC,226,1,
Long County,US.GA.LG,226,3,
Gloucester County,US.VA.GL,225,2,
San Jacinto County,US.TX.SJ,224,9,
Jackson County,US.OH.JA,223,4,
Fayette County,US.OH.FY,223,6,
Bedford County,US.PA.BO,223,6,
Tioga County,US.NY.TI,222,21,
Lampasas County,US.TX.LP,222,8,
Lewis and Clark County,US.MT.LE,221,3,
Tuolumne County,US.CA.TO,221,4,
Polk County,US.WI.PL,221,2,
Humphreys County,US.TN.HU,221,3,
Clallam County,US.WA.CL,220,1,
Cameron Parish,US.LA.CM,220,2,
Montgomery County,US.NY.MT,219,9,
Grundy County,US.TN.GU,219,5,
Tipton County,US.IN.TT,219,25,
Pike County,US.MO.PI,219,3,
Alleghany County,US.NC.AL,219,0,
Highland County,US.OH.HI,219,3,
Benton County,US.MS.BE,218,1,
McLean County,US.ND.ML,217,2,
Wythe County,US.VA.WY,217,3,
Wright County,US.MO.WG,217,0,
Falls County,US.TX.FL,217,5,
Lee County,US.TX.LE,217,14,
Pitkin County,US.CO.PI,217,2,
Sequatchie County,US.TN.SQ,216,2,
Ashland County,US.OH.AL,216,4,
Meigs County,US.TN.ME,216,3,
Lewis County,US.KY.LI,215,14,
Marion County,US.KY.MN,215,7,
Huntington County,US.IN.HU,215,3,
Pike County,US.AR.PE,215,3,
Oglala Lakota County,US.SD.SH,215,3,
Brewster County,US.TX.BS,214,2,
Cottonwood County,US.MN.CT,214,0,
Cedar County,US.IA.CD,213,1,
Gillespie County,US.TX.GL,213,10,
Crawford County,US.OH.CF,213,6,
Shoshone County,US.ID.SH,212,18,
Huron County,US.MI.HU,211,5,
Wayne County,US.PA.WN,211,10,
Perry County,US.IN.PE,210,15,
Green Lake County,US.WI.GL,210,0,
Spencer County,US.IN.SP,210,4,
Guthrie County,US.IA.GH,209,5,
Lafayette County,US.WI.LF,209,0,
Pottawatomie County,US.KS.PT,209,0,
Jasper County,US.GA.JS,209,4,
Tyler County,US.TX.TY,209,4,
Mifflin County,US.PA.MI,208,2,
Barnes County,US.ND.BA,208,0,
Greene County,US.VA.GE,208,3,
Pipestone County,US.MN.PS,208,9,
Carbon County,US.WY.CB,208,2,
Powhatan County,US.VA.PH,207,5,
Bailey County,US.TX.BY,206,5,
Moultrie County,US.IL.MI,206,3,
Lincoln County,US.GA.LC,206,7,
Andrew County,US.MO.AN,206,1,
Nolan County,US.TX.NO,206,4,
Kennebec County,US.ME.KE,205,11,
Greene County,US.IL.GE,205,3,
Pulaski County,US.VA.PU,204,4,
Kossuth County,US.IA.KO,203,0,
Carroll County,US.IL.CL,202,4,
Kendall County,US.TX.KD,202,7,
Park County,US.WY.PA,202,2,
Randolph County,US.MO.RN,201,2,
Rowan County,US.KY.RW,201,1,
Somerset County,US.PA.SO,201,3,
Perry County,US.PA.PE,201,6,
Chickasaw County,US.IA.CC,201,0,
Livingston County,US.NY.LI,201,6,
Taylor County,US.GA.TY,201,8,
Seward County,US.NE.SA,200,3,
Douglas County,US.OR.DO,200,3,
Appomattox County,US.VA.AP,200,2,
Newton County,US.AR.NW,200,18,
Wyandot County,US.OH.WD,200,12,
Washington County,US.NC.WI,199,8,
San Augustine County,US.TX.SG,199,15,
Mountrail County,US.ND.MU,199,2,
Madison County,US.IA.MD,198,2,
Yoakum County,US.TX.YA,198,4,
Monroe County,US.KY.MO,198,4,
Richland County,US.ND.RI,197,1,
Silver Bow County,US.MT.SI,197,0,
Grundy County,US.IA.GN,197,2,
Forest County,US.WI.FR,197,4,
Davison County,US.SD.DV,197,2,
Gage County,US.NE.GG,197,5,
Adams County,US.WI.AD,196,3,
Williams County,US.OH.WI,195,3,
McCormick County,US.SC.MC,195,5,
Nevada County,US.AR.NV,195,13,
Cayuga County,US.NY.CY,195,2,
Carroll County,US.KY.CL,195,5,
Scott County,US.TN.SC,194,2,
Clinton County,US.MO.CO,193,0,
Spencer County,US.KY.SP,192,0,
Rush County,US.IN.RU,192,4,
Dimmit County,US.TX.DM,192,7,
Sawyer County,US.WI.SW,192,1,
Trinity County,US.TX.TR,191,6,
Boone County,US.WV.BN,191,1,
Morrison County,US.MN.MR,190,1,
Klickitat County,US.WA.KL,190,3,
Cumberland County,US.IL.CU,189,4,
Sac County,US.IA.SA,189,0,
Floyd County,US.VA.FO,189,5,
Dodge County,US.MN.DD,188,0,
Power County,US.ID.PO,188,0,
Heard County,US.GA.HD,188,5,
Inyo County,US.CA.IN,187,14,
Franklin County,US.MS.FR,187,3,
Reeves County,US.TX.RE,187,6,
Hutchinson County,US.TX.UT,186,3,
Jasper County,US.IL.JS,186,9,
Chippewa County,US.MN.CP,185,1,
Clinton County,US.PA.CN,185,5,
Marion County,US.GA.MR,185,8,
Mercer County,US.KY.MC,185,1,
Sharp County,US.AR.SH,184,6,
Sullivan County,US.MO.SV,184,0,
Meade County,US.KY.MA,183,3,
Twiggs County,US.GA.TG,182,7,
Ramsey County,US.ND.RM,182,2,
Hancock County,US.IL.HC,182,3,
Henry County,US.KY.HY,182,2,
Iosco County,US.MI.IC,181,12,
Mecosta County,US.MI.MT,181,3,
Lincoln County,US.NM.LI,180,3,
Grant County,US.KS.GT,180,3,
Josephine County,US.OR.JO,180,2,
Delta County,US.CO.DT,179,3,
New Kent County,US.VA.NK,179,2,
Washington County,US.IL.WG,179,1,
Gallia County,US.OH.GA,179,12,
Cleveland County,US.AR.CV,178,10,
Marquette County,US.WI.MQ,178,1,
Lincoln County,US.KY.LN,178,12,
Woodward County,US.OK.WW,178,0,
Todd County,US.KY.TO,178,8,
Scott County,US.VA.SC,177,4,
Fayette County,US.IA.FT,177,1,
Choctaw County,US.MS.CW,177,5,
Morris County,US.TX.MR,176,3,
Cherokee County,US.IA.CE,176,2,
Howard County,US.IA.HO,176,5,
Clay County,US.TN.CY,176,5,
Glacier County,US.MT.GC,175,1,
Iowa County,US.IA.IO,175,1,
Bristol city,US.VA.BI,174,3,
Mitchell County,US.IA.ME,174,0,
Juniata County,US.PA.JU,173,7,
Jay County,US.IN.JY,172,0,
Sanpete County,US.UT.SP,172,1,
Houston County,US.TN.HO,171,0,
Sumner County,US.KS.SU,171,3,
Newton County,US.TX.NE,171,9,
Jefferson County,US.KS.JF,171,2,
Teller County,US.CO.TE,171,4,
Williamsburg City,US.VA.WL,170,7,
Hancock County,US.IA.HN,170,2,
Floyd County,US.KY.FO,169,2,
Essex County,US.VA.ES,169,2,
Sibley County,US.MN.SI,169,3,
Marshall County,US.OK.MH,169,1,
Humboldt County,US.IA.HU,169,2,
Ste. Genevieve County,US.MO.SG,169,1,
Vernon County,US.WI.VE,169,0,
Newton County,US.IN.NE,168,12,
Lewis County,US.TN.LE,168,1,
Perquimans County,US.NC.PQ,168,3,
Walsh County,US.ND.WL,168,1,
Iowa County,US.WI.IO,168,0,
Meigs County,US.OH.MS,168,9,
Fremont County,US.CO.FR,167,1,
Harrison County,US.KY.HS,167,0,
Van Buren County,US.AR.VA,167,2,
Dallas County,US.MO.DL,167,1,
Calhoun County,US.IA.CO,166,2,
Harrison County,US.IA.HR,166,2,
Meeker County,US.MN.ME,166,2,
Greene County,US.PA.GR,166,1,
Custer County,US.SD.CU,166,2,
Wabasha County,US.MN.WB,166,0,
Owen County,US.IN.OW,165,2,
Wayne County,US.MO.WY,165,0,
Crawford County,US.GA.CW,165,4,
Otsego County,US.MI.OS,165,11,
Brown County,US.MN.BR,164,2,
Crockett County,US.TX.CT,164,6,
Montague County,US.TX.MU,164,3,
Mono County,US.CA.MO,164,2,
Grundy County,US.MO.GU,164,2,
Millard County,US.UT.MD,163,0,
Howard County,US.MO.HR,163,2,
Lake County,US.SD.LK,162,7,
Barton County,US.MO.BT,162,0,
Montour County,US.PA.MO,162,5,
Mills County,US.IA.ML,162,1,
Siskiyou County,US.CA.SK,161,0,
Mineral County,US.WV.ML,161,4,
Vilas County,US.WI.VI,161,1,
Bourbon County,US.KY.BU,161,1,
McKenzie County,US.ND.MK,161,2,
Coosa County,US.AL.CS,160,3,
Hart County,US.KY.HT,160,1,
Jefferson County,US.NY.JE,160,1,
Rockcastle County,US.KY.RC,159,1,
Love County,US.OK.LV,159,1,
Hocking County,US.OH.HC,159,9,
Tensas Parish,US.LA.TN,158,2,
Red River County,US.TX.RV,158,14,
Martin County,US.IN.MN,158,0,
Eastland County,US.TX.EA,158,3,
Talbot County,US.GA.TB,158,5,
Essex County,US.NY.ES,157,13,
Palo Alto County,US.IA.PO,156,0,
Trigg County,US.KY.TG,156,0,
Dallas County,US.AR.DA,156,2,
Ray County,US.MO.RY,156,0,
Douglas County,US.MO.DO,155,3,
Guernsey County,US.OH.GU,155,7,
White County,US.IL.WE,155,0,
Fremont County,US.ID.FE,155,3,
Henry County,US.MO.HE,155,4,
Clinton County,US.NY.CL,154,5,
Pulaski County,US.IL.PL,153,1,
Gogebic County,US.MI.GO,153,1,
Lincoln County,US.WV.LI,153,2,
Rolette County,US.ND.RO,153,3,
Gasconade County,US.MO.GA,152,15,
Goliad County,US.TX.GI,152,6,
Grant County,US.KY.GT,152,6,
Carter County,US.KY.CR,152,3,
Emmet County,US.MI.EM,151,4,
Cortland County,US.NY.CD,150,1,
Grant County,US.WV.GA,150,7,
Marshall County,US.WV.MH,150,1,
Pocahontas County,US.IA.PC,149,2,
Carroll County,US.OH.CO,149,7,
Murray County,US.MN.MU,149,2,
Marion County,US.TX.MN,149,13,
Columbia County,US.OR.CL,148,1,
Vernon County,US.MO.VE,147,1,
King William County,US.VA.KW,147,2,
Preston County,US.WV.PR,147,4,
Taylor County,US.WI.TA,147,3,
Stewart County,US.TN.SA,146,2,
Currituck County,US.NC.CI,146,0,
Monroe County,US.WV.ME,146,7,
Van Buren County,US.TN.VA,146,0,
Bourbon County,US.KS.BB,145,2,
York County,US.NE.YO,145,1,
Moore County,US.TN.MO,145,1,
Rock County,US.MN.RC,145,0,
Garrard County,US.KY.GR,145,3,
Pushmataha County,US.OK.PU,144,1,
Elbert County,US.CO.EB,144,3,
Yellow Medicine County,US.MN.YE,144,2,
Clark County,US.IL.CK,144,2,
Sanilac County,US.MI.SL,144,7,
Pike County,US.OH.PK,144,0,
Izard County,US.AR.IZ,144,0,
Jones County,US.NC.JN,143,11,
Iron County,US.WI.IR,143,1,
Teton County,US.ID.TE,143,0,
Stevens County,US.WA.ST,143,2,
Johnson County,US.KY.JO,142,1,
Johnson County,US.IL.JH,142,0,
Cheshire County,US.NH.CH,142,3,
Anderson County,US.KY.AN,141,1,
Monroe County,US.IA.MR,141,10,
Page County,US.IA.PG,141,0,
Webster County,US.KY.WE,141,3,
Routt County,US.CO.RT,141,8,
Hancock County,US.WV.HN,140,0,
Fulton County,US.IL.FU,140,0,
Washington County,US.KY.WS,140,1,
Crawford County,US.WI.CR,139,0,
Northumberland County,US.VA.NU,139,5,
Roberts County,US.SD.RO,139,1,
Blanco County,US.TX.BC,139,5,
Swain County,US.NC.SW,139,3,
Noble County,US.OK.NB,139,2,
Sioux County,US.ND.SI,138,3,
Perry County,US.TN.PE,138,0,
McCulloch County,US.TX.MC,138,3,
Searcy County,US.AR.SA,138,0,
Johnston County,US.OK.JO,138,4,
Ralls County,US.MO.RL,138,0,
Lincoln County,US.WI.LI,137,1,
Somervell County,US.TX.SV,137,5,
Kearney County,US.NE.KA,137,0,
Belknap County,US.NH.BE,137,4,
Clay County,US.IL.CY,137,0,
Ripley County,US.MO.RI,136,0,
Fulton County,US.KY.FU,136,2,
McCreary County,US.KY.MR,136,0,
Montgomery County,US.AR.MT,136,4,
Alpena County,US.MI.AP,136,14,
Benewah County,US.ID.BA,136,3,
Charles Mix County,US.SD.CH,136,0,
Churchill County,US.NV.CH,136,3,
Mille Lacs County,US.MN.MI,136,3,
Coos County,US.OR.CO,136,0,
Del Norte County,US.CA.DE,136,1,
Wabash County,US.IL.WB,136,1,
Richland County,US.IL.RI,135,4,
Lincoln County,US.WY.LI,135,1,
Caldwell County,US.KY.CD,134,0,
Prairie County,US.AR.PR,134,1,
Otoe County,US.NE.OT,134,1,
Pike County,US.IN.PI,134,1,
Lucas County,US.IA.LU,133,6,
Fairfax city,US.VA.FC,133,7,
Mason County,US.MI.MN,133,0,
Carroll County,US.MO.CL,132,1,
Wilbarger County,US.TX.WG,131,2,
Wyoming County,US.NY.WM,131,5,
Grafton County,US.NH.GR,131,1,
Turner County,US.SD.TU,131,2,
Neosho County,US.KS.NO,131,0,
Warren County,US.GA.WR,131,5,
Jack County,US.TX.JK,131,2,
Mason County,US.WV.MN,130,5,
Edmonson County,US.KY.ED,130,12,
Nowata County,US.OK.NW,130,3,
Piatt County,US.IL.PA,130,0,
Macon County,US.MO.MN,130,0,
Jefferson County,US.IA.JE,130,1,
Delaware County,US.NY.DE,129,4,
Knox County,US.NE.KN,129,0,
Stephens County,US.TX.SE,129,4,
Taos County,US.NM.TA,129,4,
Latimer County,US.OK.LA,129,2,
Faribault County,US.MN.FA,129,0,
Hill County,US.MT.HI,129,3,
Montezuma County,US.CO.MZ,129,5,
Monona County,US.IA.MO,128,1,
Franklin County,US.TX.FK,128,6,
Rutland County,US.VT.RU,128,1,
Ochiltree County,US.TX.OC,127,4,
Lancaster County,US.VA.LA,127,0,
Knott County,US.KY.KT,127,1,
Okfuskee County,US.OK.OF,126,4,
Roosevelt County,US.MT.RO,126,1,
Cass County,US.IA.CS,126,2,
Jackson County,US.MN.JA,125,1,
Vermillion County,US.IN.VE,125,0,
Mercer County,US.IL.ME,124,5,
Wayne County,US.KY.WY,124,0,
Hyde County,US.NC.HE,124,3,
Franklin County,US.VT.FR,123,7,
Windham County,US.VT.WH,123,3,
Buffalo County,US.WI.BF,123,2,
Cass County,US.MN.CS,123,3,
Breckinridge County,US.KY.BC,122,2,
Osage County,US.MO.OS,122,1,
Ravalli County,US.MT.RA,122,2,
Amelia County,US.VA.AI,121,4,
Langlade County,US.WI.LN,121,2,
Buchanan County,US.VA.BH,120,2,
Ward County,US.TX.WD,120,1,
Clay County,US.GA.CY,120,2,
Appanoose County,US.IA.AP,120,3,
Renville County,US.MN.RN,120,6,
Bradford County,US.PA.BF,119,3,
Carroll County,US.NH.CA,119,2,
Graham County,US.NC.GH,119,1,
Harper County,US.KS.HP,119,2,
Greenbrier County,US.WV.GE,119,3,
Wexford County,US.MI.WE,119,4,
Adams County,US.OH.AD,119,4,
Mason County,US.IL.MS,118,1,
Yancey County,US.NC.YN,118,0,
Osceola County,US.IA.OS,118,0,
Gates County,US.NC.GT,118,3,
Crawford County,US.MI.CF,118,5,
Taylor County,US.IA.TY,118,1,
Blackford County,US.IN.BL,117,2,
Hamilton County,US.NE.HM,117,12,
Buffalo County,US.SD.BF,117,3,
Humboldt County,US.NV.HU,117,4,
Taylor County,US.WV.TA,117,6,
Hartley County,US.TX.HL,117,0,
Phillips County,US.MT.PH,117,0,
Llano County,US.TX.LL,116,2,
Crittenden County,US.KY.CT,116,1,
Fountain County,US.IN.FO,116,2,
Gentry County,US.MO.GT,116,9,
Dent County,US.MO.DN,116,0,
Mason County,US.KY.MS,116,2,
Pulaski County,US.IN.PL,115,1,
Union County,US.IA.UN,114,3,
Oxford County,US.ME.OX,114,0,
Dawes County,US.NE.DS,114,0,
Cuming County,US.NE.CM,113,0,
Clarion County,US.PA.CL,113,3,
Murray County,US.OK.MR,113,1,
Washakie County,US.WY.WA,113,6,
Fulton County,US.AR.FU,113,3,
Menard County,US.IL.MN,112,0,
Dewey County,US.SD.DW,112,0,
Nemaha County,US.NE.NE,112,0,
Wayne County,US.NE.WY,112,0,
Bandera County,US.TX.BA,112,7,
Hamilton County,US.TX.HM,112,4,
Van Wert County,US.OH.VA,111,3,
Letcher County,US.KY.LT,111,2,
Larue County,US.KY.LR,111,1,
Davis County,US.IA.DV,111,4,
Tyrrell County,US.NC.TY,111,2,
Saguache County,US.CO.SG,111,2,
Monroe County,US.AR.ME,110,0,
Winkler County,US.TX.WI,110,1,
Hansford County,US.TX.HF,110,4,
Juab County,US.UT.JU,110,1,
DeKalb County,US.MO.DE,109,2,
Grant County,US.NM.GR,109,2,
Clatsop County,US.OR.CT,109,0,
Coffey County,US.KS.CF,109,8,
Clay County,US.NC.CY,109,2,
Roseau County,US.MN.RS,109,0,
Lyman County,US.SD.LY,109,3,
Lunenburg County,US.VA.LN,109,2,
Pennington County,US.MN.PI,108,1,
Bennington County,US.VT.BE,108,1,
Van Buren County,US.IA.VA,108,1,
Edgar County,US.IL.EG,108,5,
Clare County,US.MI.CE,108,4,
Camden County,US.NC.CD,107,3,
Uintah County,US.UT.UN,107,1,
Monroe County,US.OH.ME,106,18,
Hancock County,US.TN.HC,106,2,
Carbon County,US.MT.CB,106,0,
Jefferson County,US.PA.JE,106,2,
Surry County,US.VA.SR,106,3,
Blaine County,US.OK.BL,106,1,
Brooke County,US.WV.BO,106,1,
Ozark County,US.MO.OZ,105,0,
Floyd County,US.TX.FY,105,9,
Seneca County,US.NY.SC,105,1,
Fillmore County,US.MN.FI,105,0,
Gray County,US.KS.GY,105,0,
Real County,US.TX.RL,105,7,
Lincoln County,US.MT.LN,104,3,
Butler County,US.NE.BE,104,1,
Swift County,US.MN.SW,104,1,
Schley County,US.GA.SY,104,2,
Houston County,US.MN.HO,104,0,
Burnett County,US.WI.BN,104,3,
Dickinson County,US.KS.DK,104,1,
Pike County,US.IL.PK,104,1,
Issaquena County,US.MS.IS,103,3,
Leelanau County,US.MI.LE,103,1,
Metcalfe County,US.KY.MT,103,2,
Garza County,US.TX.GR,103,4,
Meade County,US.KS.ME,103,1,
Jim Hogg County,US.TX.JG,102,3,
Jackson County,US.WI.JA,102,1,
Todd County,US.SD.TO,102,5,
Mitchell County,US.NC.MI,102,3,
Cumberland County,US.VA.CU,102,1,
Phelps County,US.NE.PH,102,0,
Duchesne County,US.UT.DU,101,1,
Greer County,US.OK.GE,101,8,
Madison County,US.VA.MD,101,3,
Estill County,US.KY.ES,101,0,
Paulding County,US.OH.PA,101,0,
Mercer County,US.ND.ME,101,0,
Kanabec County,US.MN.KA,100,8,
Crawford County,US.IN.CW,100,1,
Koochiching County,US.MN.KO,100,3,
Hampshire County,US.WV.HM,100,1,
Worth County,US.IA.WT,100,0,
Union County,US.IN.UN,100,0,
Clinton County,US.KY.CO,100,2,
Hidalgo County,US.NM.HI,99,2,
Brown County,US.IN.BR,99,3,
Charlotte County,US.VA.CT,99,0,
Harrison County,US.MO.HS,99,1,
Parke County,US.IN.PA,99,2,
Swisher County,US.TX.SW,98,3,
Nelson County,US.VA.NL,98,1,
Rockbridge County,US.VA.RB,97,2,
Spink County,US.SD.SP,97,0,
Stevens County,US.KS.SV,97,0,
Cumberland County,US.KY.CU,97,0,
Pierce County,US.NE.PI,97,7,
Madison County,US.MT.MA,97,1,
Thomas County,US.KS.TH,97,0,
Richland County,US.WI.RI,96,4,
Gallatin County,US.KY.GL,96,8,
San Miguel County,US.CO.SM,95,0,
Allegany County,US.NY.AL,95,2,
Lincoln County,US.MN.LI,95,0,
Presidio County,US.TX.PS,95,5,
Carbon County,US.UT.CR,95,0,
Rio Grande County,US.CO.RG,95,2,
Pickett County,US.TN.PI,95,2,
Charlevoix County,US.MI.CV,95,3,
Scott County,US.AR.SC,94,1,
Sevier County,US.UT.SE,94,1,
Wyoming County,US.WV.WY,94,3,
Bates County,US.MO.BS,94,1,
Redwood County,US.MN.RW,93,0,
Oregon County,US.MO.OR,93,0,
Dickinson County,US.MI.DI,93,2,
Traill County,US.ND.TR,93,0,
San Miguel County,US.NM.SM,93,0,
De Witt County,US.IL.DW,93,1,
Woods County,US.OK.WS,93,0,
Lynn County,US.TX.LY,92,5,
Morgan County,US.UT.MN,92,0,
Custer County,US.MT.CU,92,2,
Prowers County,US.CO.PR,92,0,
Osage County,US.KS.OS,92,0,
Brown County,US.KS.BR,91,3,
Converse County,US.WY.CE,91,0,
Scott County,US.KS.SC,91,1,
Doniphan County,US.KS.DP,91,0,
Clarke County,US.VA.CK,91,0,
Ford County,US.IL.FO,91,4,
Gladwin County,US.MI.GL,90,2,
Owen County,US.KY.OE,90,2,
Stevens County,US.MN.SV,90,1,
Massac County,US.IL.MA,90,2,
Powell County,US.KY.PO,90,0,
Baker County,US.OR.BA,90,2,
Osceola County,US.MI.OE,90,0,
Lake County,US.CO.LK,89,0,
Madison County,US.NC.MD,89,1,
Brule County,US.SD.BU,89,0,
Washburn County,US.WI.WR,89,1,
Pendleton County,US.KY.PN,89,0,
Howard County,US.NE.HW,88,5,
Nantucket County,US.MA.NA,88,1,
Roscommon County,US.MI.RO,88,4,
Benton County,US.IN.BE,88,0,
Cheboygan County,US.MI.CY,88,2,
Idaho County,US.ID.ID,88,0,
Deer Lodge County,US.MT.DE,88,0,
Bethel Census Area,US.AK.BE,88,1,
Keokuk County,US.IA.KE,87,1,
Otero County,US.CO.OT,87,6,
Lincoln County,US.ID.LI,87,0,
Phillips County,US.KS.PL,86,8,
Marion County,US.KS.MN,86,1,
Valley County,US.ID.VA,86,1,
McDowell County,US.WV.MC,86,0,
Montgomery County,US.IA.MG,86,5,
Crosby County,US.TX.CB,86,3,
Lafayette County,US.AR.LF,86,2,
Park County,US.MT.PA,86,0,
Reagan County,US.TX.RG,86,6,
Monroe County,US.MO.MR,85,0,
Somerset County,US.ME.SO,85,7,
Gregory County,US.SD.GE,85,1,
Dickenson County,US.VA.DC,85,1,
Fall River County,US.SD.FL,85,3,
Hickory County,US.MO.HC,85,2,
Grant County,US.SD.GA,85,1,
Marshall County,US.IL.MH,85,0,
Emmons County,US.ND.EM,84,1,
Callahan County,US.TX.AL,84,3,
Middlesex County,US.VA.MI,84,8,
Yuma County,US.CO.YU,84,0,
Walworth County,US.SD.WA,84,0,
Mitchell County,US.TX.MH,84,1,
Bayfield County,US.WI.BY,84,1,
Windsor County,US.VT.WS,83,2,
Schoharie County,US.NY.SO,83,2,
Caribou County,US.ID.CR,83,0,
Haskell County,US.KS.HS,83,0,
Pope County,US.MN.PE,82,0,
Breathitt County,US.KY.BT,82,0,
Ida County,US.IA.ID,82,0,
Socorro County,US.NM.SO,82,6,
Asotin County,US.WA.AS,82,2,
Addison County,US.VT.AD,82,2,
Dixon County,US.NE.DI,82,2,
Charles City County,US.VA.CC,81,5,
Sutton County,US.TX.ST,81,3,
Tillman County,US.OK.TI,81,2,
Cedar County,US.MO.CD,81,0,
Greene County,US.IA.GE,81,0,
Kearny County,US.KS.KE,81,1,
Nemaha County,US.KS.NM,81,1,
Pacific County,US.WA.PA,80,3,
Venango County,US.PA.VE,80,1,
Northwest Arctic Borough,US.AK.NW,80,0,
Perry County,US.AR.PY,80,0,
Custer County,US.NE.CU,80,4,
Merrick County,US.NE.ME,80,1,
Corson County,US.SD.CO,80,1,
Livingston County,US.KY.LV,79,1,
Magoffin County,US.KY.MF,79,0,
Buena Vista city,US.VA.BE,79,1,
Bath County,US.KY.BH,79,1,
North Slope Borough,US.AK.NH,79,0,
Nicholas County,US.WV.NI,79,3,
Chase County,US.KS.CS,78,1,
Hardy County,US.WV.HD,78,0,
Fremont County,US.IA.FO,78,0,
Giles County,US.VA.GI,78,0,
Alleghany County,US.VA.AL,78,4,
Kalkaska County,US.MI.KK,78,4,
McCook County,US.SD.MC,78,1,
Kit Carson County,US.CO.KT,78,3,
Hamlin County,US.SD.HM,78,0,
Edmunds County,US.SD.ED,78,0,
Martin County,US.TX.MT,77,6,
Sabine County,US.TX.SB,77,8,
Wayne County,US.IA.WY,77,2,
Dukes County,US.MA.DU,77,0,
Yukon-Koyukuk Census Area,US.AK.YU,77,1,
Poquoson city,US.VA.PQ,76,2,
Mason County,US.TX.MA,76,2,
Fleming County,US.KY.FE,76,0,
Washington County,US.VT.WA,76,2,
Clay County,US.TX.CY,76,1,
Ohio County,US.IN.OH,76,7,
Beaverhead County,US.MT.BE,76,1,
Daviess County,US.MO.DV,76,0,
Montgomery County,US.MO.MM,75,1,
Valdez-Cordova Census Area,US.AK.VA,75,0,
Baker County,US.GA.BR,75,3,
Morrill County,US.NE.MO,75,0,
Shannon County,US.MO.SN,75,1,
Mariposa County,US.CA.MP,75,2,
Chippewa County,US.MI.CP,75,0,
Deuel County,US.SD.DU,75,0,
Bon Homme County,US.SD.BH,74,1,
Cedar County,US.NE.CA,74,0,
Goshen County,US.WY.GO,74,2,
Kane County,US.UT.KA,74,1,
Burt County,US.NE.BT,74,0,
Butte County,US.SD.BT,74,1,
Martin County,US.KY.MI,74,2,
Hancock County,US.KY.HC,73,0,
Waldo County,US.ME.WL,73,14,
Hickman County,US.KY.HA,73,0,
Lemhi County,US.ID.LM,73,0,
Crowley County,US.CO.CR,73,1,
Holt County,US.MO.HL,73,0,
Marion County,US.AR.MN,73,0,
Wyoming County,US.PA.WM,72,8,
Tripp County,US.SD.TR,72,0,
Hemphill County,US.TX.HH,72,0,
Dunn County,US.ND.DU,72,1,
Jefferson County,US.WA.JE,72,0,
Franklin County,US.ID.FA,72,0,
Carlisle County,US.KY.CE,72,1,
Quay County,US.NM.QU,71,2,
Hubbard County,US.MN.HU,71,0,
Grand County,US.CO.GR,71,1,
Crane County,US.TX.CR,71,2,
Richland County,US.MT.RI,71,2,
Garrett County,US.MD.GA,71,1,
Lewis County,US.MO.LE,71,2,
Linn County,US.KS.LN,70,0,
Sublette County,US.WY.SU,70,1,
Lander County,US.NV.LA,70,1,
McLean County,US.KY.ML,70,1,
Manistee County,US.MI.ME,70,2,
Coal County,US.OK.CL,70,0,
Kingman County,US.KS.KM,69,0,
Aitkin County,US.MN.AI,69,1,
Caldwell County,US.MO.CW,69,1,
Archer County,US.TX.AC,69,1,
Switzerland County,US.IN.SW,69,0,
Major County,US.OK.MJ,69,1,
Toole County,US.MT.TO,69,6,
Arenac County,US.MI.AR,68,3,
Falls Church city,US.VA.FU,68,6,
Moody County,US.SD.MO,68,0,
Ransom County,US.ND.RN,68,0,
Knox County,US.TX.KX,68,8,
Gallatin County,US.IL.GA,68,2,
Hutchinson County,US.SD.HT,68,2,
Elk County,US.PA.EL,67,2,
Dawson County,US.MT.DW,67,1,
Maries County,US.MO.MS,67,0,
Benzie County,US.MI.BE,67,2,
Scott County,US.IL.SO,67,0,
Coleman County,US.TX.CM,67,3,
Big Stone County,US.MN.BI,66,0,
King and Queen County,US.VA.KA,66,1,
Rice County,US.KS.RC,66,1,
Clay County,US.NE.CL,66,0,
Concho County,US.TX.ON,66,2,
Antrim County,US.MI.AN,66,0,
Childress County,US.TX.CD,66,0,
Wabaunsee County,US.KS.WB,66,1,
Carter County,US.MO.CR,65,1,
Boise County,US.ID.BS,65,1,
Alexander County,US.IL.AL,65,1,
Lyon County,US.KY.LY,64,4,
Rappahannock County,US.VA.RP,64,2,
Rains County,US.TX.RI,64,3,
Cloud County,US.KS.CD,64,1,
Franklin County,US.NY.FR,64,1,
Pratt County,US.KS.PR,64,0,
Cotton County,US.OK.CT,64,3,
Sagadahoc County,US.ME.SA,64,0,
Fisher County,US.TX.FH,64,1,
Torrance County,US.NM.TO,64,1,
Bland County,US.VA.BL,64,4,
Hamilton County,US.IL.HM,63,0,
Jerauld County,US.SD.JE,63,1,
Ness County,US.KS.NS,62,1,
Adair County,US.IA.AI,62,1,
Russell County,US.KS.RS,62,0,
Henderson County,US.IL.HD,62,0,
Kiowa County,US.OK.KO,62,2,
Yates County,US.NY.YA,62,6,
Haskell County,US.TX.HK,62,2,
Wadena County,US.MN.WD,61,0,
Ogemaw County,US.MI.OG,61,5,
Eddy County,US.ND.ED,61,3,
Upshur County,US.WV.UP,60,0,
Ziebach County,US.SD.ZI,60,0,
Skamania County,US.WA.SM,60,1,
Crook County,US.OR.CR,60,1,
Boone County,US.NE.BO,60,0,
Harrison County,US.OH.HR,60,1,
Anderson County,US.KS.AN,60,0,
Edwards County,US.IL.EW,60,0,
Iron County,US.MI.IR,60,1,
Clark County,US.MO.CK,59,0,
Donley County,US.TX.DO,59,1,
Linn County,US.MO.LN,59,1,
Sherman County,US.TX.SN,59,0,
Pocahontas County,US.WV.PO,59,0,
Greenlee County,US.AZ.GE,58,2,
Wilson County,US.KS.WL,58,0,
Pend Oreille County,US.WA.PE,58,0,
Franklin County,US.ME.FR,58,1,
Day County,US.SD.DY,58,0,
Kauai County,US.HI.KU,57,0,
Keith County,US.NE.KT,57,0,
Missaukee County,US.MI.MU,57,1,
McHenry County,US.ND.MH,57,1,
Grant County,US.MN.GR,57,4,
Washington County,US.CO.WA,57,0,
Grand County,US.UT.GR,57,1,
Bennett County,US.SD.BN,57,1,
Custer County,US.ID.CU,57,0,
Decatur County,US.IA.DC,57,0,
Faulk County,US.SD.FU,57,1,
Ashland County,US.WI.AS,56,2,
Shelby County,US.MO.SB,56,1,
Trimble County,US.KY.TM,56,0,
Pepin County,US.WI.PE,56,0,
Tioga County,US.PA.TI,56,3,
Boundary County,US.ID.BD,56,1,
Wilkin County,US.MN.WL,55,3,
Dewey County,US.OK.DW,55,1,
Mackinac County,US.MI.MK,54,0,
Florence County,US.WI.FL,53,0,
Audubon County,US.IA.AU,53,1,
Valley County,US.MT.VA,53,0,
Foster County,US.ND.FO,53,0,
Fergus County,US.MT.FE,53,1,
Hancock County,US.ME.HA,53,1,
McKean County,US.PA.MC,53,2,
Box Butte County,US.NE.BX,52,0,
Morgan County,US.KY.MG,52,0,
Lawrence County,US.KY.LC,52,0,
Jefferson County,US.MT.JE,52,0,
Schleicher County,US.TX.SH,52,2,
Rusk County,US.WI.RU,52,1,
Pendleton County,US.WV.PE,51,1,
Norman County,US.MN.NR,51,0,
Mills County,US.TX.MS,51,0,
Nome Census Area,US.AK.NM,51,0,
Ballard County,US.KY.BA,51,1,
Lamoille County,US.VT.LA,51,1,
McIntosh County,US.ND.MI,51,3,
Big Horn County,US.WY.BI,51,1,
Lexington city,US.VA.LX,51,1,
Leslie County,US.KY.LS,51,0,
Stillwater County,US.MT.ST,51,2,
Washita County,US.OK.WT,51,0,
Stafford County,US.KS.SF,51,1,
Hettinger County,US.ND.HE,51,0,
Fillmore County,US.NE.FI,50,1,
Douglas County,US.SD.DO,50,0,
Clark County,US.KS.CA,50,1,
Culberson County,US.TX.UL,50,2,
Coke County,US.TX.OK,50,3,
Lewis County,US.NY.LE,50,5,
Richardson County,US.NE.RI,50,1,
Rooks County,US.KS.RO,50,0,
Sullivan County,US.NH.SU,50,1,
Griggs County,US.ND.GI,49,1,
White Pine County,US.NV.WH,49,1,
Park County,US.CO.PA,49,1,
Cochran County,US.TX.CC,49,1,
Ketchikan Gateway Borough,US.AK.KG,49,0,
Wetzel County,US.WV.WT,49,0,
Plumas County,US.CA.PU,49,0,
Stanton County,US.KS.ST,49,2,
Stark County,US.IL.SA,49,2,
Morgan County,US.WV.MA,49,0,
Ottawa County,US.KS.OT,48,0,
Antelope County,US.NE.AN,48,1,
Archuleta County,US.CO.AC,48,0,
Dickens County,US.TX.DC,48,2,
Marshall County,US.MN.MS,48,1,
Tillamook County,US.OR.TI,48,0,
Polk County,US.NE.PO,48,1,
Pembina County,US.ND.PE,48,0,
Holt County,US.NE.HT,48,0,
Lake County,US.MN.LE,48,0,
Iron County,US.MO.IR,47,0,
Morgan County,US.OH.MA,47,0,
Sheridan County,US.NE.SD,47,0,
Beaver County,US.OK.BA,47,0,
Knox County,US.MO.KN,47,1,
San Saba County,US.TX.SS,46,0,
Dade County,US.MO.DD,46,0,
Wheeler County,US.TX.WL,46,0,
Garfield County,US.UT.GA,46,2,
Cavalier County,US.ND.CV,46,0,
Price County,US.WI.PC,45,0,
Hudspeth County,US.TX.HU,45,3,
Vinton County,US.OH.VI,45,3,
Mahnomen County,US.MN.MH,45,1,
Sanders County,US.MT.SA,44,1,
Sargent County,US.ND.SG,44,0,
Hamilton County,US.KS.HM,44,0,
Greenwood County,US.KS.GW,44,0,
Schuyler County,US.IL.SU,44,0,
Atchison County,US.MO.AT,44,0,
Edwards County,US.KS.ED,44,0,
Aurora County,US.SD.AU,44,0,
Rush County,US.KS.RH,43,0,
Harmon County,US.OK.HM,43,0,
Mitchell County,US.KS.MC,43,0,
Chariton County,US.MO.CI,43,0,
Fulton County,US.PA.FU,43,2,
Clay County,US.KS.CY,43,2,
Webster County,US.GA.WT,43,2,
Roane County,US.WV.RO,43,2,
Ontonagon County,US.MI.ON,42,0,
Sitka City and Borough,US.AK.SI,42,0,
Dickey County,US.ND.DC,42,0,
Republic County,US.KS.RP,42,1,
Barbour County,US.WV.BB,42,1,
Warren County,US.PA.WR,42,1,
Alfalfa County,US.OK.AL,42,0,
Menominee County,US.WI.MN,42,0,
Allen County,US.KS.AL,42,0,
Menifee County,US.KY.ME,42,0,
Alcona County,US.MI.AC,41,2,
Jefferson County,US.OK.JE,41,0,
Bottineau County,US.ND.BT,41,0,
Cherry County,US.NE.CH,41,4,
Sierra County,US.NM.SI,41,1,
Lac Qui Parle County,US.MN.LC,41,0,
Aroostook County,US.ME.AR,41,1,
Golden Valley County,US.ND.GO,41,0,
LaMoure County,US.ND.LA,41,0,
Ringgold County,US.IA.RI,40,2,
Kidder County,US.ND.KI,40,0,
Woodruff County,US.AR.WO,40,0,
Bracken County,US.KY.BK,40,0,
Putnam County,US.IL.PT,40,0,
Lincoln County,US.WA.LI,39,1,
Lincoln County,US.ME.LI,39,1,
Kingsbury County,US.SD.KI,39,0,
Stanton County,US.NE.ST,39,0,
Warren County,US.IN.WN,39,1,
St. Clair County,US.MO.SC,39,0,
Lewis County,US.WV.LE,38,2,
Moffat County,US.CO.MF,38,1,
Nelson County,US.ND.NE,38,0,
Johnson County,US.NE.JO,38,0,
Schuyler County,US.NY.SU,37,0,
Rock County,US.NE.RO,37,0,
Sweet Grass County,US.MT.SW,37,1,
Red Lake County,US.MN.RD,37,0,
Glascock County,US.GA.GS,37,2,
Grant County,US.OK.GN,37,0,
Beaver County,US.UT.BV,36,0,
Brown County,US.IL.BR,36,0,
Owsley County,US.KY.OS,36,1,
Hot Springs County,US.WY.HO,36,0,
Clear Creek County,US.CO.CL,36,1,
Matthews County,US.VA.MT,35,0,
Knox County,US.ME.KN,35,1,
Cheyenne County,US.NE.CY,35,0,
Caledonia County,US.VT.CA,34,0,
Calhoun County,US.IL.CH,34,0,
Summers County,US.WV.SU,34,0,
Crook County,US.WY.CK,34,0,
Edwards County,US.TX.ED,34,1,
Guadalupe County,US.NM.GU,34,1,
Furnas County,US.NE.FU,33,1,
Potter County,US.SD.PO,33,0,
Norton city,US.VA.NC,33,0,
Clay County,US.WV.CY,33,2,
Phillips County,US.CO.PH,33,0,
Wells County,US.ND.WE,33,0,
Perkins County,US.NE.PE,33,9,
Hardin County,US.IL.HI,33,0,
Marshall County,US.SD.MS,33,0,
Lipscomb County,US.TX.LM,32,0,
Elliott County,US.KY.EL,32,0,
Costilla County,US.CO.CS,32,1,
Lake County,US.MI.LK,32,0,
Gosper County,US.NE.GO,32,0,
Musselshell County,US.MT.MU,32,1,
Renville County,US.ND.RE,32,0,
Calhoun County,US.AR.CA,32,0,
Union County,US.NM.UN,31,2,
Bear Lake County,US.ID.BK,31,0,
Conejos County,US.CO.CN,31,0,
Clark County,US.SD.CK,31,0,
Pierce County,US.ND.PI,31,0,
Reynolds County,US.MO.RE,31,0,
Quitman County,US.GA.QU,31,1,
Los Alamos County,US.NM.LO,31,0,
Clearwater County,US.ID.CE,30,0,
Wolfe County,US.KY.WL,30,0,
Mellette County,US.SD.ML,30,0,
Prince of Wales-Hyder Census Area,US.AK.PH,30,0,
Clark County,US.ID.CA,30,0,
Oscoda County,US.MI.OO,30,1,
Putnam County,US.MO.PN,30,1,
Graham County,US.KS.GH,30,1,
Trego County,US.KS.TR,30,1,
Covington city,US.VA.CV,30,0,
Thayer County,US.NE.TA,29,0,
Ferry County,US.WA.FE,29,0,
Traverse County,US.MN.TR,29,0,
Johnson County,US.WY.JO,29,1,
Morris County,US.KS.MR,29,0,
San Juan County,US.WA.SA,29,0,
Lake County,US.OR.LK,29,0,
Nicholas County,US.KY.NI,29,1,
Craig County,US.VA.CG,29,0,
Stanley County,US.SD.ST,29,0,
Mercer County,US.MO.MC,28,0,
Jefferson County,US.NE.JE,28,0,
Hanson County,US.SD.HS,28,0,
Wallowa County,US.OR.WW,28,1,
Burke County,US.ND.BK,28,1,
Norton County,US.KS.NT,28,0,
Perkins County,US.SD.PR,28,0,
Bowman County,US.ND.BW,27,0,
Steele County,US.ND.SE,27,0,
Colfax County,US.NM.CO,27,1,
Valley County,US.NE.VA,27,0,
Adams County,US.IA.AM,27,0,
Scotland County,US.MO.SO,27,1,
Curry County,US.OR.CU,26,0,
Menard County,US.TX.EN,26,0,
Harper County,US.OK.HP,26,1,
Butte County,US.ID.BT,26,0,
Adams County,US.ID.AM,26,1,
Ellsworth County,US.KS.EW,26,0,
Presque Isle County,US.MI.PR,25,1,
Ouray County,US.CO.OU,25,1,
Potter County,US.PA.PO,25,0,
Cottle County,US.TX.OT,25,2,
Pope County,US.IL.PE,25,1,
Emery County,US.UT.EM,25,0,
Noble County,US.OH.NO,25,0,
McPherson County,US.SD.MP,25,0,
Red Willow County,US.NE.RE,25,0,
Kinney County,US.TX.KN,25,1,
Delta County,US.TX.DT,24,0,
Hand County,US.SD.HD,24,0,
Hall County,US.TX.HA,24,1,
Shackelford County,US.TX.SC,24,0,
Meagher County,US.MT.ME,24,1,
Lake and Peninsula Borough,US.AK.LA,24,0,
Hardeman County,US.TX.RD,24,0,
Rio Blanco County,US.CO.RB,24,0,
Cheyenne County,US.KS.CN,24,0,
Clearwater County,US.MN.CE,24,0,
Sherman County,US.KS.SH,24,0,
Gove County,US.KS.GO,24,0,
Roger Mills County,US.OK.RR,23,1,
Calhoun County,US.WV.CH,23,0,
Schuyler County,US.MO.SH,23,0,
Cimarron County,US.OK.CO,23,0,
Oneida County,US.ID.ON,23,0,
Nance County,US.NE.NA,23,0,
Sherman County,US.NE.SM,23,1,
Upton County,US.TX.UP,23,2,
Orange County,US.VT.OA,22,0,
Franklin County,US.NE.FA,22,0,
Granite County,US.MT.GN,22,0,
Southeast Fairbanks Census Area,US.AK.SO,22,0,
Pershing County,US.NV.PE,21,0,
Greeley County,US.NE.GE,21,0,
Schoolcraft County,US.MI.SR,21,0,
Orleans County,US.VT.OL,21,0,
McMullen County,US.TX.MM,21,0,
Hoonah-Angoon Census Area,US.AK.HH,21,0,
Las Animas County,US.CO.LS,21,0,
Coos County,US.NH.CO,21,0,
Mineral County,US.CO.MI,20,0,
Teton County,US.MT.TE,20,0,
Gilmer County,US.WV.GI,20,0,
Pondera County,US.MT.PN,20,0,
Luce County,US.MI.LU,20,0,
Taliaferro County,US.GA.TA,20,0,
Kodiak Island Borough,US.AK.KO,20,0,
Logan County,US.ND.LO,20,0,
Lake of the Woods County,US.MN.LO,20,1,
Jackson County,US.SD.JA,20,1,
Camas County,US.ID.CM,19,0,
Miner County,US.SD.ME,19,0,
Marshall County,US.KS.MS,19,0,
McCone County,US.MT.MC,19,0,
Kiowa County,US.KS.KW,19,0,
Gilpin County,US.CO.GI,18,0,
Sherman County,US.OR.SH,18,0,
Chouteau County,US.MT.CH,18,0,
Chase County,US.NE.CE,18,0,
Platte County,US.WY.PL,18,1,
Hodgeman County,US.KS.HG,18,0,
Collingsworth County,US.TX.CG,18,0,
Worth County,US.MO.WO,18,0,
Carson County,US.TX.CN,18,0,
Boyd County,US.NE.BY,17,0,
Woodson County,US.KS.WO,17,0,
Alger County,US.MI.AG,17,0,
Broadwater County,US.MT.BR,17,0,
Custer County,US.CO.CU,17,0,
Sanborn County,US.SD.SA,17,0,
Lee County,US.KY.LE,17,0,
Oliver County,US.ND.OL,17,0,
Doddridge County,US.WV.DO,17,0,
Baca County,US.CO.BA,17,0,
Wallace County,US.KS.WA,16,0,
Kimble County,US.TX.KM,16,1,
Liberty County,US.MT.LB,16,0,
Blaine County,US.MT.BL,16,0,
Adams County,US.ND.AD,16,0,
Pleasants County,US.WV.PL,16,2,
Brown County,US.NE.BW,16,0,
Garfield County,US.MT.GF,16,0,
Chautauqua County,US.KS.CQ,16,0,
Oldham County,US.TX.OL,15,1,
Trinity County,US.CA.TR,15,0,
Tucker County,US.WV.TU,15,0,
Washington County,US.KS.WS,15,0,
Pawnee County,US.NE.PA,15,0,
Tyler County,US.WV.TY,15,0,
Haakon County,US.SD.HA,15,0,
Webster County,US.NE.WE,15,0,
Washington County,US.ME.WS,15,0,
Kimball County,US.NE.KB,15,0,
Jewell County,US.KS.JW,15,1,
Rich County,US.UT.RH,14,0,
Jeff Davis County,US.TX.JF,14,0,
Grand Isle County,US.VT.GR,14,0,
Forest County,US.PA.FO,14,0,
Columbia County,US.WA.CM,14,1,
Hamilton County,US.NY.HA,14,1,
Baylor County,US.TX.BR,14,0,
Montmorency County,US.MI.MR,14,0,
Morton County,US.KS.MT,13,2,
Harlan County,US.NE.HR,13,0,
Mineral County,US.NV.MI,13,0,
Wrangell City and Borough,US.AK.WG,13,0,
Baraga County,US.MI.BA,13,0,
Huerfano County,US.CO.HU,13,1,
Kittson County,US.MN.KI,13,0,
Nuckolls County,US.NE.NU,13,0,
Armstrong County,US.TX.AM,12,1,
Towner County,US.ND.TO,12,0,
Briscoe County,US.TX.BO,12,1,
Cheyenne County,US.CO.CE,12,0,
Sheridan County,US.KS.SD,12,0,
Billings County,US.ND.BI,12,0,
Sedgwick County,US.CO.SE,12,1,
Lincoln County,US.KS.LC,12,0,
Robertson County,US.KY.RB,12,0,
Harney County,US.OR.HA,12,0,
Lewis County,US.ID.LW,12,0,
Lane County,US.KS.LE,12,0,
Modoc County,US.CA.MC,12,0,
Bent County,US.CO.BE,11,0,
Stonewall County,US.TX.SA,11,1,
Kusilvak Census Area,US.AK.WA,11,0,
Dundy County,US.NE.DY,11,1,
Sullivan County,US.PA.SL,11,0,
Hyde County,US.SD.HY,11,0,
Grant County,US.ND.GT,11,0,
Garfield County,US.WA.GF,11,0,
Braxton County,US.WV.BX,10,0,
Irion County,US.TX.IR,10,0,
Powell County,US.MT.PL,10,0,
Wirt County,US.WV.WI,10,0,
Rawlins County,US.KS.RA,10,0,
Ritchie County,US.WV.RI,10,0,
Eureka County,US.NV.EU,10,0,
Comanche County,US.KS.CM,10,0,
Catron County,US.NM.CA,9,1,
Jackson County,US.CO.JA,9,0,
Foard County,US.TX.FD,9,0,
Decatur County,US.KS.DC,9,0,
Sully County,US.SD.SU,9,0,
Storey County,US.NV.ST,9,0,
Sheridan County,US.ND.SH,9,0,
Lincoln County,US.CO.LI,9,0,
Roberts County,US.TX.RS,9,0,
Garden County,US.NE.GD,9,0,
Piscataquis County,US.ME.PI,8,0,
Cameron County,US.PA.CE,8,0,
Grant County,US.OR.GR,8,0,
Logan County,US.KS.LG,8,0,
Wheatland County,US.MT.WH,8,0,
Kent County,US.TX.KT,8,0,
Wibaux County,US.MT.WI,8,0,
Lincoln County,US.NV.LI,7,0,
Keweenaw County,US.MI.KW,7,0,
Campbell County,US.SD.CP,7,0,
Mora County,US.NM.MO,7,0,
Throckmorton County,US.TX.TH,7,2,
Glasscock County,US.TX.GC,7,0,
Gilliam County,US.OR.GI,7,0,
Kenedy County,US.TX.KE,7,1,
Motley County,US.TX.MY,7,0,
Frontier County,US.NE.FO,7,0,
Dillingham Census Area,US.AK.DI,7,0,
Sioux County,US.NE.SI,7,0,
Aleutians West Census Area,US.AK.AW,7,0,
Sheridan County,US.MT.SH,7,0,
Webster County,US.WV.WB,7,0,
Hooker County,US.NE.HO,7,0,
Ellis County,US.OK.EL,7,0,
Petersburg Census Area,US.AK.PB,7,1,
Slope County,US.ND.SL,7,0,
Piute County,US.UT.PT,6,0,
McPherson County,US.NE.MC,6,0,
Bath County,US.VA.BA,6,1,
Logan County,US.NE.LG,6,0,
Osborne County,US.KS.OB,6,0,
Sierra County,US.CA.SE,6,0,
Judith Basin County,US.MT.JU,6,0,
Jones County,US.SD.JO,6,0,
San Juan County,US.CO.SJ,6,0,
Cook County,US.MN.CO,6,0,
Divide County,US.ND.DV,6,0,
Essex County,US.VT.ES,6,0,
Wahkiakum County,US.WA.WH,6,0,
Highland County,US.VA.HA,6,0,
Garfield County,US.NE.GF,6,0,
Greeley County,US.KS.GL,6,0,
Barber County,US.KS.AB,5,0,
Haines Borough,US.AK.HA,5,0,
Wichita County,US.KS.WH,5,0,
Fallon County,US.MT.FA,5,0,
Thomas County,US.NE.TO,5,0,
Smith County,US.KS.SM,5,0,
Keya Paha County,US.NE.KY,4,0,
Hitchcock County,US.NE.HI,4,0,
Elk County,US.KS.EK,4,0,
Deuel County,US.NE.DL,4,0,
Sterling County,US.TX.SI,4,0,
Harding County,US.SD.HR,3,0,
Powder River County,US.MT.PD,3,0,
Dolores County,US.CO.DO,3,0,
Terrell County,US.TX.TL,3,0,
Niobrara County,US.WY.NI,3,0,
Hinsdale County,US.CO.HI,3,0,
Daniels County,US.MT.DN,3,0,
Treasure County,US.MT.TR,3,0,
Golden Valley County,US.MT.GO,3,0,
Loup County,US.NE.LU,3,0,
Aleutians East Borough,US.AK.AE,2,0,
Harding County,US.NM.HA,2,0,
Alpine County,US.CA.AP,2,0,
Denali Borough,US.AK.DE,2,0,
Banner County,US.NE.BA,2,0,
Mineral County,US.MT.MN,2,0,
Wayne County,US.UT.WE,2,0,
Daggett County,US.UT.DG,1,0,
Grant County,US.NE.GA,1,0,
Wheeler County,US.NE.WH,1,0,
Arthur County,US.NE.AR,1,0,
De Baca County,US.NM.DE,1,0,
Prairie County,US.MT.PR,1,0,
Skagway Municipality,US.AK.SW,0,0,
Esmeralda County,US.NV.ES,0,0,
Petroleum County,US.MT.PO,0,0,
Blaine County,US.NE.BL,0,0,
Kalawao County,US.HI.KL,0,0,
Yakutat City and Borough,US.AK.YA,0,0,
Wheeler County,US.OR.WE,0,0,
Hayes County,US.NE.HY,0,0,
King County,US.TX.KG,0,0,
Carter County,US.MT.CT,0,0,
Loving County,US.TX.LI,0,0,
Kiowa County,US.CO.KO,0,0,
Borden County,US.TX.BD,0,0,
Bristol Bay Borough,US.AK.BR,0,0,
