County,hasc,confirmed,death,recovered
Los Angeles County,US.CA.LO,268455,6515,
Miami-Dade County,US.FL.DA,169466,3228,
Cook County,US.IL.CO,144315,5217,
Maricopa County,US.AZ.MA,141377,3364,
Harris County,US.TX.RR,141353,2576,
Dallas County,US.TX.DS,81175,1124,
Broward County,US.FL.BO,76874,1380,
Queens County,US.NY.QU,72323,7250,
Kings County,US.NY.KI,68462,7327,
Clark County,US.NV.CL,66620,1379,
Riverside County,US.CA.RI,58932,1206,
Bexar County,US.TX.BX,57208,1297,
San Bernardino County,US.CA.SA,54482,925,
Orange County,US.CA.OR,53448,1216,
Bronx County,US.NY.BN,52956,4950,
San Diego County,US.CA.SD,46734,776,
Nassau County,US.NY.NA,46711,2201,
Suffolk County,US.NY.SF,46428,2014,
Palm Beach County,US.FL.PL,46310,1343,
Tarrant County,US.TX.TN,45851,711,
Hillsborough County,US.FL.HL,41947,628,
Orange County,US.FL.OR,39990,444,
Westchester County,US.NY.WE,38133,1456,
Wayne County,US.MI.WY,35141,2978,
New York County,US.NY.NE,33418,3178,
Kern County,US.CA.KE,32019,369,
Philadelphia County,US.PA.PH,31636,1821,
Hidalgo County,US.TX.HG,31562,1504,
Salt Lake County,US.UT.SL,31079,251,
Shelby County,US.TN.SY,31034,460,
Milwaukee County,US.WI.MU,30440,529,
Duval County,US.FL.DU,30264,379,
Middlesex County,US.MA.MI,29649,2149,
Prince George's County,US.MD.PR,29305,828,
Travis County,US.TX.TV,29252,418,
Mecklenburg County,US.NC.MB,28774,352,
Fresno County,US.CA.FR,28441,382,
Fulton County,US.GA.FU,27605,575,
Gwinnett County,US.GA.GW,27424,405,
Hennepin County,US.MN.HE,27372,932,
Franklin County,US.OH.FR,27119,607,
Davidson County,US.TN.DA,26685,307,
Suffolk County,US.MA.SU,25446,1135,
Pima County,US.AZ.PM,25445,622,
El Paso County,US.TX.EP,23905,523,
St. Louis County,US.MO.SL,22884,800,
Cameron County,US.TX.CA,22698,902,
Bergen County,US.NJ.BE,22439,2045,
Sacramento County,US.CA.SC,22438,412,
Montgomery County,US.MD.MO,22421,847,
King County,US.WA.KN,22198,768,
Pinellas County,US.FL.PI,22049,744,
Marion County,US.IN.MO,21673,819,
Santa Clara County,US.CA.SL,21241,314,
Alameda County,US.CA.AA,21240,406,
Essex County,US.NJ.ES,21070,2129,
Fairfax County,US.VA.FX,20822,586,
Hudson County,US.NJ.HD,20661,1516,
Oakland County,US.MI.OD,20650,1201,
Essex County,US.MA.ES,20526,1282,
Lee County,US.FL.LE,20388,467,
San Joaquin County,US.CA.SJ,20245,440,
Fairfield County,US.CT.FA,20141,1422,
Polk County,US.FL.PO,19888,528,
Jefferson County,US.AL.JE,19833,350,
Cobb County,US.GA.CB,19576,426,
Middlesex County,US.NJ.MI,19503,1425,
Passaic County,US.NJ.PA,19023,1255,
Jackson County (including other portions of Kansas City),US.MO.JC,18864,220,
Utah County,US.UT.UT,18792,57,
DeKalb County,US.GA.DA,18699,364,
Providence County,US.RI.PR,18437,881,
Oklahoma County,US.OK.OL,18018,194,
Baltimore County,US.MD.BC,17902,626,
Union County,US.NJ.UN,17671,1355,
Wake County,US.NC.WK,17651,242,
DuPage County,US.IL.DU,17589,561,
Cuyahoga County,US.OH.CU,17554,656,
Jefferson Parish,US.LA.JF,17540,569,
Tulsa County,US.OK.TU,17004,160,
Lake County,US.IL.LK,16953,487,
Contra Costa County,US.CA.CN,16702,206,
Stanislaus County,US.CA.ST,16471,356,
Fort Bend County,US.TX.FR,16207,288,
Douglas County,US.NE.DG,16150,192,
Tulare County,US.CA.TL,16071,263,
Polk County,US.IA.PK,15966,262,
Richmond County,US.NY.RI,15913,1086,
Nueces County,US.TX.NU,15885,373,
Charleston County,US.SC.CS,15865,260,
Jefferson County,US.KY.JF,15608,307,
Baltimore City,US.MD.BA,15582,487,
Richland County,US.SC.RI,15340,244,
Rockland County,US.NY.RO,15277,509,
Washington,US.DC.DI,15264,624,
East Baton Rouge Parish,US.LA.EB,15141,440,
Worcester County,US.MA.WO,15013,1103,
Hartford County,US.CT.HA,14670,1434,
Macomb County,US.MI.MB,14628,1021,
New Haven County,US.CT.NH,14434,1115,
Greenville County,US.SC.GV,14423,300,
Will County,US.IL.WL,14045,378,
Collin County,US.TX.CI,13770,146,
Webb County,US.TX.WB,13697,271,
Mobile County,US.AL.MB,13471,292,
Ocean County,US.NJ.OC,13402,1048,
Hamilton County,US.OH.HM,13237,315,
Denver County,US.CO.DN,13208,434,
Kane County,US.IL.KE,13159,326,
Ada County,US.ID.AA,12945,147,
Yuma County,US.AZ.YU,12715,345,
Collier County,US.FL.CL,12692,216,
Ventura County,US.CA.VE,12653,150,
Orleans Parish,US.LA.OR,12599,587,
Prince William County,US.VA.PW,12484,203,
Osceola County,US.FL.OS,12455,145,
Escambia County,US.FL.ES,12249,228,
Allegheny County,US.PA.AL,12234,355,
Montgomery County,US.PA.MG,12209,878,
Orange County,US.NY.OE,12062,413,
Denton County,US.TX.DN,11985,152,
Monmouth County,US.NJ.MN,11856,867,
Imperial County,US.CA.IM,11852,317,
Norfolk County,US.MA.NO,11723,1059,
Galveston County,US.TX.GV,11604,158,
Manatee County,US.FL.MN,11486,291,
Lubbock County,US.TX.LU,11422,125,
Delaware County,US.PA.DE,11422,756,
Yakima County,US.WA.YA,11405,258,
Brazoria County,US.TX.BI,11395,167,
Erie County,US.NY.ER,11359,625,
Johnson County,US.KS.JO,11348,146,
San Francisco County,US.CA.SF,11195,101,
Ramsey County,US.MN.RA,11088,322,
Honolulu County,US.HI.HO,11026,107,
Volusia County,US.FL.VO,10834,239,
Lake County,US.IN.LK,10750,341,
Bristol County,US.MA.BR,10653,697,
Montgomery County,US.TX.MG,10639,158,
Pinal County,US.AZ.PN,10571,207,
Leon County,US.FL.LO,10491,69,
Horry County,US.SC.HO,10361,196,
Dane County,US.WI.DA,10234,41,
Plymouth County,US.MA.PL,10210,770,
New Castle County,US.DE.NE,10198,312,
Anne Arundel County,US.MD.AN,10027,248,
Monterey County,US.CA.MT,10008,72,
Kent County,US.MI.KN,9978,175,
Camden County,US.NJ.CM,9907,610,
San Mateo County,US.CA.SM,9897,150,
Marion County,US.FL.MI,9713,288,
Hamilton County,US.TN.HL,9564,95,
Knox County,US.TN.KN,9550,80,
Washington County,US.AR.WA,9457,118,
Rutherford County,US.TN.RU,9408,90,
Pulaski County,US.AR.PU,9351,149,
Washoe County,US.NV.WA,9349,156,
Arapahoe County,US.CO.AA,9298,371,
Hall County,US.GA.HL,9248,152,
Pasco County,US.FL.PS,9233,208,
Brown County,US.WI.BW,9175,62,
Adams County,US.CO.AD,9149,226,
Santa Barbara County,US.CA.SB,9133,113,
Seminole County,US.FL.SE,9009,209,
Sedgwick County,US.KS.SG,9008,86,
Lafayette Parish,US.LA.LY,8969,132,
Merced County,US.CA.MD,8939,143,
Montgomery County,US.AL.MT,8865,184,
Brevard County,US.FL.BE,8848,293,
Bucks County,US.PA.BC,8819,607,
Tuscaloosa County,US.AL.TU,8744,118,
Mercer County,US.NJ.ME,8643,636,
Guilford County,US.NC.GU,8635,180,
Williamson County,US.TX.WM,8565,143,
Caddo Parish,US.LA.CO,8556,356,
Hampden County,US.MA.HD,8528,778,
Chatham County,US.GA.CM,8446,159,
Canyon County,US.ID.CN,8201,101,
Alachua County,US.FL.AL,8164,56,
Sarasota County,US.FL.SR,8147,254,
Waukesha County,US.WI.WK,8066,87,
St. Lucie County,US.FL.SL,8009,276,
McLennan County,US.TX.ML,8000,102,
Madison County,US.AL.MD,7978,78,
Pierce County,US.WA.PI,7961,200,
Montgomery County,US.OH.MT,7938,164,
Lancaster County,US.PA.LN,7887,458,
Morris County,US.NJ.MR,7871,831,
Calcasieu Parish,US.LA.CC,7854,212,
Kings County,US.CA.KI,7832,104,
Durham County,US.NC.DH,7756,94,
St. Charles County,US.MO.SA,7751,120,
Dakota County,US.MN.DA,7635,126,
Lake County,US.FL.LK,7475,190,
Sonoma County,US.CA.SO,7412,122,
Jefferson County,US.TX.JE,7402,133,
Lexington County,US.SC.LX,7352,159,
Lucas County,US.OH.LU,7343,364,
Multnomah County,US.OR.MU,7204,138,
Hinds County,US.MS.HI,7151,160,
Burlington County,US.NJ.BU,7145,496,
Richmond County,US.GA.RI,7123,162,
Wyandotte County,US.KS.WY,7095,134,
Clayton County,US.GA.CN,7094,162,
Berks County,US.PA.BK,7091,393,
Forsyth County,US.NC.FO,7041,101,
St. Tammany Parish,US.LA.ST,6955,253,
Spartanburg County,US.SC.SP,6928,199,
Snohomish County,US.WA.SN,6920,212,
El Paso County,US.CO.EL,6892,173,
City of St. Louis,US.MO.SY,6880,215,
Spokane County,US.WA.SP,6866,165,
Virginia Beach City,US.VA.VI,6858,91,
Loudoun County,US.VA.LD,6830,124,
Chester County,US.PA.CH,6825,365,
Elkhart County,US.IN.EL,6801,115,
Sussex County,US.DE.SU,6761,206,
Marin County,US.CA.MN,6723,117,
Minnehaha County,US.SD.MN,6691,81,
St. Clair County,US.IL.SI,6665,190,
St. Joseph County,US.IN.SN,6637,119,
Benton County,US.AR.BE,6585,87,
Bernalillo County,US.NM.BE,6499,177,
Solano County,US.CA.SN,6400,65,
Greene County,US.MO.GE,6398,58,
Allen County,US.IN.AL,6359,215,
Brazos County,US.TX.BZ,6332,64,
Lancaster County,US.NE.LA,6313,24,
Ouachita Parish,US.LA.OU,6258,144,
Anoka County,US.MN.AN,6238,137,
Fayette County,US.KY.FA,6162,74,
Butler County,US.OH.BU,6085,111,
Bibb County,US.GA.BI,6068,170,
Cleveland County,US.OK.CV,6063,70,
Bay County,US.FL.BY,6063,104,
Monroe County,US.NY.MR,6045,260,
Shelby County,US.AL.SH,6043,49,
Winnebago County,US.IL.WN,6037,149,
Cherokee County,US.GA.CE,6033,92,
Muscogee County,US.GA.MG,6019,169,
Chesterfield County,US.VA.CD,6000,94,
Lee County,US.AL.LE,5945,60,
Hays County,US.TX.HY,5871,61,
Somerset County,US.NJ.SO,5808,573,
Navajo County,US.AZ.NA,5786,235,
Madison County,US.IL.MD,5760,137,
Jefferson County,US.CO.JE,5745,250,
DeSoto County,US.MS.DE,5650,61,
Beaufort County,US.SC.BA,5646,83,
Lehigh County,US.PA.LH,5637,353,
Baldwin County,US.AL.BD,5588,50,
Berkeley County,US.SC.BK,5526,88,
Woodbury County,US.IA.WO,5516,65,
Cumberland County,US.NC.CU,5515,76,
Bell County,US.TX.BL,5473,85,
Henrico County,US.VA.HC,5452,211,
York County,US.SC.YO,5388,75,
Summit County,US.OH.SU,5366,252,
Racine County,US.WI.RA,5363,95,
Williamson County,US.TN.WL,5341,36,
St. Johns County,US.FL.SJ,5334,70,
Santa Rosa County,US.FL.SA,5312,76,
Henry County,US.GA.HY,5218,100,
Gaston County,US.NC.GS,5181,84,
Cass County,US.ND.CS,5177,77,
Davis County,US.UT.DA,5167,28,
Johnson County,US.IA.JH,5157,27,
Dutchess County,US.NY.DU,5124,156,
Clay County,US.FL.CY,5091,100,
Howard County,US.MD.HO,5082,122,
Clarke County,US.GA.CK,5035,44,
Okaloosa County,US.FL.OA,4971,109,
Hamilton County,US.IN.HM,4970,118,
Florence County,US.SC.FL,4941,190,
Pitt County,US.NC.PI,4931,29,
Martin County,US.FL.MT,4894,142,
Sumner County,US.TN.SN,4883,98,
York County,US.PA.YO,4851,156,
Norfolk City,US.VA.NF,4840,78,
Outagamie County,US.WI.OU,4839,29,
Union County,US.NC.UN,4834,59,
Potter County,US.TX.PT,4780,58,
Weld County,US.CO.WE,4741,150,
Champaign County,US.IL.CM,4733,20,
Boone County,US.MO.BO,4727,10,
Marion County,US.OR.MR,4695,94,
Richmond City,US.VA.RC,4647,61,
Genesee County,US.MI.GE,4616,308,
McHenry County,US.IL.MY,4609,118,
Whitfield County,US.GA.WF,4582,60,
Robeson County,US.NC.RB,4546,75,
Benton County,US.WA.BE,4545,130,
Washington County,US.OR.WI,4540,60,
Madera County,US.CA.ME,4539,65,
Johnston County,US.NC.JH,4534,56,
Gloucester County,US.NJ.GL,4523,227,
Black Hawk County,US.IA.BL,4505,90,
Northampton County,US.PA.NA,4503,305,
Anderson County,US.SC.AN,4501,177,
Tangipahoa Parish,US.LA.TA,4475,119,
Hillsborough County,US.NH.HI,4400,289,
Ellis County,US.TX.EI,4398,68,
Onondaga County,US.NY.OG,4379,182,
Warren County,US.KY.WR,4354,50,
Boulder County,US.CO.BO,4338,79,
McKinley County,US.NM.MC,4335,257,
New Hanover County,US.NC.NE,4316,30,
Chesapeake City,US.VA.CS,4315,72,
Franklin County,US.WA.FR,4297,66,
Jefferson County,US.MO.JE,4282,59,
Municipality of Anchorage,US.AK.AN,4279,35,
Weber County,US.UT.WB,4226,31,
Rapides Parish,US.LA.RA,4223,148,
Dorchester County,US.SC.DO,4185,91,
Aiken County,US.SC.AI,4160,82,
Luzerne County,US.PA.LU,4114,190,
Coconino County,US.AZ.CO,4098,144,
Atlantic County,US.NJ.AT,4096,256,
Linn County,US.IA.LI,4083,112,
Stearns County,US.MN.SR,4077,24,
Frederick County,US.MD.FR,4054,132,
Victoria County,US.TX.VI,4046,96,
Cabarrus County,US.NC.CR,4031,69,
Forsyth County,US.GA.FO,4022,45,
Mohave County,US.AZ.MO,3985,227,
Marshall County,US.AL.MS,3967,43,
Arlington County,US.VA.AR,3963,149,
Winnebago County,US.WI.WA,3961,26,
Alamance County,US.NC.AA,3950,54,
Kenosha County,US.WI.KN,3925,65,
Lowndes County,US.GA.LW,3903,82,
Harrison County,US.MS.HR,3888,74,
Washington County,US.MN.WH,3883,55,
Jasper County,US.MO.JS,3830,53,
Alexandria City,US.VA.AX,3825,69,
Dauphin County,US.PA.DA,3806,181,
Cumberland County,US.NJ.CU,3790,159,
Columbia County,US.FL.CU,3790,54,
Vanderburgh County,US.IN.VA,3784,31,
Livingston Parish,US.LA.LV,3771,76,
Smith County,US.TX.SM,3766,104,
Ascension Parish,US.LA.AE,3757,98,
Columbia County,US.GA.CI,3755,61,
Sebastian County,US.AR.SB,3738,60,
Maverick County,US.TX.MV,3712,124,
Walker County,US.TX.WK,3709,57,
Midland County,US.TX.ID,3707,65,
Sarpy County,US.NE.SY,3687,16,
Lafourche Parish,US.LA.LO,3663,122,
Washtenaw County,US.MI.WS,3659,116,
Burleigh County,US.ND.BL,3651,45,
Terrebonne Parish,US.LA.TR,3632,116,
San Luis Obispo County,US.CA.SS,3597,29,
Placer County,US.CA.PA,3587,45,
Guadalupe County,US.TX.GU,3560,76,
Douglas County,US.GA.DL,3558,71,
Calhoun County,US.AL.CN,3548,44,
Etowah County,US.AL.ET,3540,45,
Wilson County,US.TN.WO,3538,45,
Ingham County,US.MI.IH,3537,47,
Jackson County,US.MS.JC,3527,70,
Apache County,US.AZ.AP,3527,165,
Peoria County,US.IL.PI,3510,50,
Story County,US.IA.ST,3457,17,
Glynn County,US.GA.GY,3455,95,
Ottawa County,US.MI.OT,3452,66,
Starr County,US.TX.SR,3409,164,
Wayne County,US.NC.WY,3390,67,
Rowan County,US.NC.RW,3388,97,
Dona Ana County,US.NM.DO,3362,55,
Putnam County,US.TN.PU,3355,41,
Jefferson County,US.AR.JE,3350,75,
San Juan County,US.NM.SJ,3336,199,
Morgan County,US.AL.MG,3327,28,
Washington County,US.UT.WN,3319,26,
St. Landry Parish,US.LA.SL,3317,124,
Madison County,US.MS.MD,3314,89,
Rankin County,US.MS.RA,3311,79,
Dubuque County,US.IA.DU,3307,41,
Bossier Parish,US.LA.BO,3303,107,
McLean County,US.IL.ML,3295,23,
Clark County,US.WA.CR,3245,62,
Yellowstone County,US.MT.YS,3244,64,
Indian River County,US.FL.IN,3225,116,
Sumter County,US.SC.SU,3222,77,
La Crosse County,US.WI.LA,3205,2,
Catawba County,US.NC.CB,3188,52,
Floyd County,US.GA.FL,3169,45,
Houston County,US.GA.HO,3155,82,
Dougherty County,US.GA.DH,3149,187,
Buncombe County,US.NC.BO,3141,82,
Kaufman County,US.TX.KU,3136,47,
Hernando County,US.FL.HA,3127,119,
Montgomery County,US.TN.MT,3123,44,
Orangeburg County,US.SC.OR,3121,126,
Warren County,US.OH.WR,3115,49,
Ector County,US.TX.EC,3114,84,
Marion County,US.OH.MR,3111,47,
Albany County,US.NY.AB,3104,123,
Mahoning County,US.OH.MH,3095,281,
Iredell County,US.NC.IR,3089,32,
Charlotte County,US.FL.CH,3046,135,
Harford County,US.MD.HA,3039,76,
Scott County,US.IA.SC,3029,28,
Rock Island County,US.IL.RO,3026,76,
Johnson County,US.TX.JH,3011,50,
Umatilla County,US.OR.UM,2987,41,
Craighead County,US.AR.CG,2986,22,
Saginaw County,US.MI.SG,2971,139,
Bradley County,US.TN.BR,2967,17,
Acadia Parish,US.LA.AD,2959,97,
Grant County,US.WA.GN,2953,21,
Pickens County,US.SC.PI,2951,45,
Kalamazoo County,US.MI.KA,2944,94,
Madison County,US.TN.MD,2943,64,
Kent County,US.DE.KE,2937,116,
Houston County,US.AL.HO,2935,21,
Iberia Parish,US.LA.II,2932,89,
Stark County,US.OH.ST,2913,175,
Bartow County,US.GA.BT,2913,85,
Bulloch County,US.GA.BH,2882,28,
Ford County,US.KS.FO,2859,10,
Randolph County,US.NC.RA,2843,52,
Santa Cruz County,US.AZ.SA,2843,63,
Anderson County,US.TX.AE,2840,31,
Randall County,US.TX.RA,2833,41,
Yolo County,US.CA.YO,2815,55,
Jackson County,US.FL.JA,2811,77,
Troup County,US.GA.TP,2805,99,
Dallas County,US.IA.DL,2802,38,
Hendricks County,US.IN.HD,2800,141,
Gadsden County,US.FL.GA,2797,46,
Butte County,US.CA.BU,2795,44,
Carroll County,US.GA.CL,2788,68,
Davidson County,US.NC.DD,2783,34,
Paulding County,US.GA.PA,2780,53,
Charles County,US.MD.CH,2770,101,
Rock County,US.WI.RO,2769,32,
Shawnee County,US.KS.SN,2765,32,
Lee County,US.MS.LE,2764,70,
Cache County,US.UT.CA,2762,6,
Kankakee County,US.IL.KK,2752,77,
Newport News City,US.VA.NN,2744,39,
Citrus County,US.FL.CI,2743,103,
Bonneville County,US.ID.BV,2737,16,
Walworth County,US.WI.WL,2730,35,
Suwannee County,US.FL.SW,2717,70,
Comal County,US.TX.OM,2714,102,
Elmore County,US.AL.EL,2691,48,
Kootenai County,US.ID.KO,2689,34,
Kanawha County,US.WV.KA,2688,79,
Pickaway County,US.OH.PC,2679,44,
Washington County,US.WI.WN,2677,32,
Orange County,US.NC.OR,2668,55,
Monroe County,US.IN.MR,2660,40,
Sevier County,US.TN.SV,2647,15,
Harrisonburg City,US.VA.HS,2636,34,
Scott County,US.MN.SC,2625,33,
Coweta County,US.GA.CA,2614,46,
Douglas County,US.CO.DU,2608,60,
Newton County,US.GA.NE,2588,89,
Tippecanoe County,US.IN.TP,2569,14,
Portsmouth City,US.VA.PR,2561,59,
Larimer County,US.CO.LR,2560,52,
Lackawanna County,US.PA.LC,2555,217,
Centre County,US.PA.CT,2551,11,
Blount County,US.TN.BO,2548,24,
Yavapai County,US.AZ.YA,2532,82,
Olmsted County,US.MN.OL,2519,28,
Forrest County,US.MS.FO,2509,76,
Jones County,US.MS.JO,2504,79,
Faulkner County,US.AR.FA,2502,19,
DeKalb County,US.AL.DA,2435,21,
Sangamon County,US.IL.SM,2432,45,
Oneida County,US.NY.OD,2420,123,
Maury County,US.TN.MU,2420,24,
Clackamas County,US.OR.CC,2420,61,
Johnson County,US.IN.JO,2391,133,
Duplin County,US.NC.DP,2379,54,
Santa Cruz County,US.CA.SZ,2379,9,
Nash County,US.NC.NA,2377,39,
St. Clair County,US.AL.SA,2340,36,
Washington County,US.TN.WI,2337,36,
Lorain County,US.OH.LR,2333,86,
Walker County,US.AL.WK,2330,84,
Pennington County,US.SD.PN,2328,37,
Canadian County,US.OK.CN,2325,17,
Cumberland County,US.ME.CU,2308,70,
Delaware County,US.OH.DL,2306,21,
Douglas County,US.KS.DG,2283,10,
Clark County,US.IN.CK,2276,64,
Twin Falls County,US.ID.TW,2270,37,
Ulster County,US.NY.UL,2264,84,
Washington County,US.MS.WS,2259,77,
Tom Green County,US.TX.TG,2257,69,
Liberty County,US.TX.LT,2256,51,
Payne County,US.OK.PY,2254,6,
Wilson County,US.NC.WO,2252,49,
Harnett County,US.NC.HT,2249,53,
Westmoreland County,US.PA.WE,2246,55,
Cleveland County,US.NC.CV,2242,63,
Sampson County,US.NC.SP,2240,28,
Grand Forks County,US.ND.GD,2238,13,
Leavenworth County,US.KS.LV,2232,11,
Robertson County,US.TN.RB,2231,35,
Sumter County,US.FL.SM,2228,67,
Gregg County,US.TX.GE,2225,66,
Sullivan County,US.TN.SL,2220,33,
Dakota County,US.NE.DK,2217,43,
Greenwood County,US.SC.GW,2214,72,
Porter County,US.IN.PR,2210,49,
Onslow County,US.NC.ON,2205,25,
Lafayette County,US.MS.LY,2198,40,
Val Verde County,US.TX.VL,2186,104,
Barrow County,US.GA.BW,2184,48,
Talladega County,US.AL.TD,2177,29,
Fond du Lac County,US.WI.FN,2176,13,
Lancaster County,US.SC.LN,2168,52,
Highlands County,US.FL.HG,2160,86,
Finney County,US.KS.FI,2157,12,
Spotsylvania County,US.VA.SP,2145,44,
Angelina County,US.TX.AG,2144,82,
Pottawattamie County,US.IA.PT,2141,39,
Pope County,US.AR.PP,2140,31,
Limestone County,US.AL.LI,2135,20,
Fairfield County,US.OH.FI,2132,53,
St. Francois County,US.MO.SF,2131,11,
Putnam County,US.FL.PU,2130,39,
Burke County,US.NC.BK,2127,38,
Baldwin County,US.GA.BD,2113,56,
Nassau County,US.FL.NA,2100,44,
St. Martin Parish,US.LA.SR,2095,61,
Saline County,US.AR.SL,2089,23,
Hendry County,US.FL.HR,2069,42,
Lauderdale County,US.MS.LU,2065,125,
Darlington County,US.SC.DA,2058,53,
Coffee County,US.GA.CF,2056,49,
Lebanon County,US.PA.LB,2049,59,
Vermilion Parish,US.LA.VM,2039,61,
Kenton County,US.KY.KE,2037,47,
Buchanan County,US.MO.BC,2026,16,
Henderson County,US.NC.HN,2024,64,
Monongalia County,US.WV.MG,2021,5,
Kendall County,US.IL.KA,2020,25,
Rockingham County,US.NH.RO,2020,103,
Lincoln County,US.AR.LC,2019,15,
Stafford County,US.VA.SF,2018,17,
Hall County,US.NE.HL,2018,47,
Delaware County,US.IN.DL,2006,63,
Kershaw County,US.SC.KE,1999,37,
Orange County,US.TX.OR,1996,43,
Buena Vista County,US.IA.BV,1993,12,
Wicomico County,US.MD.WI,1992,48,
Jackson County,US.GA.JC,1991,32,
Barnstable County,US.MA.BA,1990,174,
Stanly County,US.NC.SN,1982,56,
Nobles County,US.MN.NB,1977,16,
Suffolk City,US.VA.SO,1974,72,
Parker County,US.TX.PR,1967,34,
Eau Claire County,US.WI.EA,1962,6,
New London County,US.CT.NL,1959,115,
Walton County,US.FL.WL,1959,25,
Cass County,US.IN.CS,1958,10,
Carroll County,US.MD.CR,1952,126,
Licking County,US.OH.LI,1949,63,
Crittenden County,US.AR.CD,1948,46,
Hamblen County,US.TN.HB,1943,26,
Montgomery County,US.VA.MO,1943,4,
Columbiana County,US.OH.CL,1940,80,
St. Mary Parish,US.LA.SM,1924,77,
Wood County,US.OH.WO,1921,72,
Manassas City,US.VA.MS,1919,25,
Garland County,US.AR.GL,1918,53,
Trumbull County,US.OH.TR,1916,132,
Hot Spring County,US.AR.HT,1913,27,
Cullman County,US.AL.CU,1911,20,
Dodge County,US.WI.DD,1910,16,
Cochise County,US.AZ.CH,1903,71,
Beaver County,US.PA.BA,1901,122,
Georgetown County,US.SC.GR,1895,45,
Berrien County,US.MI.BN,1891,74,
Colquitt County,US.GA.CQ,1882,33,
Cumberland County,US.PA.CU,1877,77,
Rogers County,US.OK.RS,1875,50,
Vigo County,US.IN.VI,1873,28,
Litchfield County,US.CT.LI,1872,141,
Kent County,US.RI.KE,1867,109,
Grayson County,US.TX.GO,1866,46,
Hale County,US.TX.HE,1865,54,
Rockdale County,US.GA.RO,1856,36,
Fayette County,US.GA.FY,1855,50,
Bolivar County,US.MS.BO,1849,66,
Chelan County,US.WA.CH,1848,15,
Gordon County,US.GA.GO,1846,36,
Clark County,US.OH.CK,1839,40,
Monroe County,US.FL.MO,1837,22,
Tipton County,US.TN.TI,1836,19,
Muskogee County,US.OK.MO,1832,23,
Clay County,US.MO.CY,1827,41,
Hampton city,US.VA.HM,1827,26,
Walton County,US.GA.WA,1821,55,
Bee County,US.TX.BE,1820,33,
Bastrop County,US.TX.BP,1818,29,
Coryell County,US.TX.CL,1816,12,
Riley County,US.KS.RL,1815,8,
Cape Girardeau County,US.MO.CG,1807,15,
Oktibbeha County,US.MS.OK,1802,52,
St. Charles Parish,US.LA.SC,1798,59,
Monroe County,US.PA.MR,1797,133,
Washington County,US.MD.WA,1794,37,
Dallas County,US.AL.DL,1793,26,
Marshall County,US.IA.MS,1790,34,
Franklin County,US.AL.FR,1790,29,
Autauga County,US.AL.AU,1785,25,
Niagara County,US.NY.NI,1780,89,
Tazewell County,US.IL.TA,1780,25,
Franklin County,US.PA.FR,1777,50,
Tift County,US.GA.TI,1775,57,
Russell County,US.AL.RU,1765,3,
Madison County,US.KY.MD,1761,7,
Franklin County,US.MO.FR,1757,29,
East Feliciana Parish,US.LA.EF,1745,69,
Clermont County,US.OH.CE,1744,23,
Wichita County,US.TX.WC,1741,24,
Granville County,US.NC.GN,1740,50,
Lauderdale County,US.AL.LU,1740,33,
Flagler County,US.FL.FL,1729,23,
Lamar County,US.MS.LM,1728,36,
Blue Earth County,US.MN.BE,1726,6,
LaSalle County,US.IL.LA,1725,57,
Madison County,US.IN.MD,1719,86,
Sutter County,US.CA.SU,1717,11,
Roanoke city,US.VA.RO,1716,27,
Gibson County,US.TN.GB,1713,23,
Napa County,US.CA.NA,1703,13,
Wright County,US.MN.WR,1695,7,
Moore County,US.NC.ME,1690,29,
Mississippi County,US.AR.MS,1689,50,
Chatham County,US.NC.CH,1684,57,
Garfield County,US.OK.GF,1680,20,
Laurens County,US.SC.LU,1679,56,
Colbert County,US.AL.CL,1675,26,
Caldwell County,US.NC.CL,1672,18,
Seward County,US.KS.SW,1669,5,
Trousdale County,US.TN.TR,1668,7,
Sioux County,US.IA.SI,1663,3,
St. Louis County,US.MN.ST,1659,41,
Sheboygan County,US.WI.SE,1659,16,
Lincoln County,US.NC.LI,1653,14,
Laurens County,US.GA.LR,1652,69,
Lake County,US.OH.LK,1648,51,
Lee County,US.NC.LE,1646,14,
Brunswick County,US.NC.BS,1642,27,
Stark County,US.ND.SR,1639,14,
Habersham County,US.GA.HB,1639,67,
Washington Parish,US.LA.WO,1638,67,
Craven County,US.NC.CN,1636,34,
Chattahoochee County,US.GA.CH,1634,1,
Malheur County,US.OR.ML,1633,27,
Hunt County,US.TX.HT,1632,36,
Rockwall County,US.TX.RC,1629,26,
Blount County,US.AL.BU,1618,15,
Escambia County,US.AL.ES,1614,24,
Comanche County,US.OK.CM,1610,13,
Broome County,US.NY.BO,1606,85,
Putnam County,US.NY.PU,1604,63,
Nacogdoches County,US.TX.NC,1599,62,
Sullivan County,US.NY.SL,1594,37,
Chilton County,US.AL.CI,1593,30,
Allen Parish,US.LA.AL,1590,50,
DeKalb County,US.IL.DK,1590,38,
Jackson County,US.AL.JA,1589,11,
St. John the Baptist Parish,US.LA.SO,1586,100,
Boone County,US.KY.BO,1585,25,
Cole County,US.MO.CE,1584,14,
Hardeman County,US.TN.HA,1583,26,
Middlesex County,US.CT.MI,1583,193,
Neshoba County,US.MS.NS,1581,104,
Lowndes County,US.MS.LO,1581,58,
DeSoto County,US.FL.DE,1565,25,
Macon County,US.IL.MC,1560,44,
Okeechobee County,US.FL.OE,1556,27,
Erie County,US.PA.ER,1552,38,
Cherokee County,US.TX.CK,1547,30,
Marathon County,US.WI.MH,1536,14,
Muskegon County,US.MI.MG,1535,69,
Walker County,US.GA.WK,1535,36,
Monroe County,US.MI.MO,1528,28,
Avoyelles Parish,US.LA.AV,1528,55,
Cass County,US.MO.CS,1527,24,
Caldwell County,US.TX.CW,1523,35,
Texas County,US.OK.TE,1520,9,
St. Francis County,US.AR.SI,1512,6,
Panola County,US.MS.PA,1510,31,
Newton County,US.MO.NT,1507,15,
Jefferson County,US.WI.JE,1504,8,
Wayne County,US.TN.WY,1502,5,
Sussex County,US.NJ.SU,1502,198,
Portage County,US.WI.PT,1501,4,
Ware County,US.GA.WE,1497,59,
LaPorte County,US.IN.LA,1495,41,
Thomas County,US.GA.TH,1494,63,
Greene County,US.OH.GR,1490,34,
Taylor County,US.TX.TA,1485,55,
Wagoner County,US.OK.WG,1481,26,
Polk County,US.GA.PO,1481,17,
Sunflower County,US.MS.SU,1480,46,
Medina County,US.OH.MD,1475,39,
Jim Wells County,US.TX.JW,1474,36,
Baker County,US.FL.BK,1472,12,
Christian County,US.MO.CT,1472,6,
Coles County,US.IL.CE,1472,31,
San Patricio County,US.TX.SP,1466,75,
Miami County,US.OH.MM,1463,51,
Allen County,US.OH.AN,1462,69,
Titus County,US.TX.TU,1459,28,
Ozaukee County,US.WI.OZ,1450,19,
Warren County,US.NJ.WA,1443,171,
Effingham County,US.GA.EF,1439,23,
Rockingham County,US.VA.RG,1437,22,
Carver County,US.MN.CV,1437,7,
Oconee County,US.SC.OC,1426,26,
Leflore County,US.MS.LL,1417,81,
Clay County,US.MN.CA,1417,41,
Crawford County,US.AR.CW,1415,15,
Lea County,US.NM.LE,1414,22,
St. Bernard Parish,US.LA.SE,1411,30,
Iberville Parish,US.LA.IV,1410,58,
Warren County,US.MS.WR,1409,50,
Lynchburg city,US.VA.LY,1408,13,
Williamson County,US.IL.WS,1406,45,
Dyer County,US.TN.DY,1403,14,
Schenectady County,US.NY.SN,1403,46,
Covington County,US.AL.CV,1403,27,
Floyd County,US.IN.FL,1402,67,
Calhoun County,US.MI.CU,1401,45,
Dale County,US.AL.DE,1399,44,
Daviess County,US.KY.DA,1395,14,
Livingston County,US.MI.LI,1391,30,
Warrick County,US.IN.WI,1384,44,
Columbus County,US.NC.CM,1377,57,
Bowie County,US.TX.BW,1377,53,
Bedford County,US.TN.BD,1370,17,
Gallatin County,US.MT.GL,1369,4,
Edgecombe County,US.NC.ED,1366,47,
Coffee County,US.AL.CF,1365,6,
Wharton County,US.TX.WN,1364,52,
Pottawatomie County,US.OK.PT,1364,10,
Lincoln County,US.SD.LI,1363,2,
Hardee County,US.FL.HD,1361,11,
Sandoval County,US.NM.SD,1357,42,
Tolland County,US.CT.TO,1356,67,
Hampshire County,US.MA.HS,1348,144,
Washington County,US.PA.WS,1346,30,
Whatcom County,US.WA.WA,1345,42,
Rice County,US.MN.RI,1343,8,
Hardin County,US.TX.HN,1342,30,
Mower County,US.MN.MW,1342,5,
Williamsburg County,US.SC.WI,1339,45,
Wapello County,US.IA.WP,1337,57,
Spalding County,US.GA.SD,1336,61,
Howard County,US.IN.HO,1334,66,
Lincoln Parish,US.LA.LN,1333,48,
Surry County,US.NC.SU,1332,23,
Toombs County,US.GA.TM,1330,49,
Evangeline Parish,US.LA.EV,1327,32,
Taylor County,US.FL.TA,1324,13,
Hunterdon County,US.NJ.HN,1324,125,
Hardin County,US.KY.HN,1312,11,
San Benito County,US.CA.SI,1310,11,
Chambers County,US.TX.CH,1309,8,
Christian County,US.KY.CH,1304,21,
Gila County,US.AZ.GI,1303,56,
St. Mary's County,US.MD.SA,1302,57,
Hanover County,US.VA.HV,1297,37,
Grant County,US.IN.GA,1295,37,
Camden County,US.GA.CD,1290,9,
McCurtain County,US.OK.MU,1285,34,
Whitman County,US.WA.WI,1283,0,
Navarro County,US.TX.NV,1283,26,
Pontotoc County,US.MS.PO,1282,16,
Kosciusko County,US.IN.KO,1279,19,
Dickson County,US.TN.DI,1277,15,
Morton County,US.ND.MR,1276,24,
Rockingham County,US.NC.RC,1276,14,
Webster County,US.IA.WE,1275,14,
Albemarle County,US.VA.AB,1274,21,
Newberry County,US.SC.NE,1264,27,
Webster Parish,US.LA.WR,1263,25,
Jackson County,US.IL.JC,1262,24,
Eagle County,US.CO.EA,1257,10,
Yell County,US.AR.YE,1256,29,
Coffee County,US.TN.CF,1255,13,
Wilkes County,US.NC.WE,1243,33,
Pike County,US.MS.PI,1242,51,
Jefferson Davis Parish,US.LA.JD,1241,39,
Monroe County,US.MS.MR,1239,69,
Lane County,US.OR.LE,1234,17,
Lafayette County,US.FL.LF,1233,12,
Chesterfield County,US.SC.CF,1230,37,
Calumet County,US.WI.CA,1226,3,
Charlottesville City,US.VA.CE,1222,28,
Taney County,US.MO.TA,1219,31,
Cumberland County,US.TN.CU,1217,18,
Willacy County,US.TX.WY,1213,49,
Kitsap County,US.WA.KS,1213,13,
Weakley County,US.TN.WE,1212,19,
Franklin County,US.NC.FR,1212,31,
Rutherford County,US.NC.RU,1212,32,
Fayette County,US.TN.FA,1206,19,
Pike County,US.AL.PK,1205,10,
Brown County,US.SD.BW,1205,4,
Franklin Parish,US.LA.FR,1204,39,
Sevier County,US.AR.SV,1203,18,
Anderson County,US.TN.AN,1202,13,
Obion County,US.TN.OB,1200,11,
Bartholomew County,US.IN.BA,1199,61,
Culpeper County,US.VA.CP,1199,17,
Medina County,US.TX.ME,1198,45,
Dodge County,US.NE.DE,1194,12,
Copiah County,US.MS.CP,1193,33,
Lonoke County,US.AR.LO,1193,13,
Henderson County,US.TN.HS,1191,24,
Manitowoc County,US.WI.MW,1191,3,
Clinton County,US.IL.CN,1190,20,
Loudon County,US.TN.LO,1190,6,
Douglas County,US.WA.DO,1189,9,
Catoosa County,US.GA.CS,1187,18,
Waupaca County,US.WI.WP,1184,20,
Hoke County,US.NC.HO,1179,17,
Carter County,US.TN.CT,1179,28,
Scott County,US.MS.SC,1176,27,
Accomack County,US.VA.AC,1175,19,
Moore County,US.TX.MO,1174,22,
Chambers County,US.AL.CM,1172,42,
Scotland County,US.NC.SC,1170,13,
York County,US.ME.YO,1169,15,
Sherburne County,US.MN.SH,1169,14,
Portage County,US.OH.PO,1168,66,
Shelby County,US.IN.SH,1168,37,
Yuba County,US.CA.YU,1167,8,
Tallapoosa County,US.AL.TP,1166,85,
Greene County,US.TN.GE,1166,44,
Cherokee County,US.SC.CK,1165,37,
Chaves County,US.NM.CH,1164,12,
Coahoma County,US.MS.CH,1163,29,
Jackson County,US.OR.JA,1161,5,
Lamar County,US.TX.LR,1161,35,
Schuylkill County,US.PA.SC,1160,52,
Pettis County,US.MO.PS,1159,12,
Creek County,US.OK.CE,1157,33,
Plymouth County,US.IA.PM,1156,21,
Decatur County,US.GA.DC,1155,29,
McMinn County,US.TN.MM,1150,25,
Adams County,US.IL.AD,1149,10,
Reno County,US.KS.RN,1148,4,
Bryan County,US.GA.BY,1147,11,
Natchitoches Parish,US.LA.NA,1144,26,
Atascosa County,US.TX.AT,1144,30,
El Dorado County,US.CA.EL,1140,4,
Le Flore County,US.OK.LE,1136,18,
Jefferson County,US.TN.JE,1134,14,
Mercer County,US.OH.MC,1132,18,
Wayne County,US.GA.WY,1130,30,
Wayne County,US.IN.WY,1129,14,
Boone County,US.IL.BO,1128,23,
Wakulla County,US.FL.WK,1126,10,
Clinton County,US.IA.CN,1124,21,
Oldham County,US.KY.OL,1122,25,
McDonald County,US.MO.MA,1118,11,
Muscatine County,US.IA.MU,1116,55,
Marshall County,US.MS.MS,1115,17,
Lincoln County,US.MS.LI,1114,53,
Platte County,US.NE.PL,1111,4,
Johnson County,US.MO.JO,1111,4,
Liberty County,US.GA.LB,1110,22,
Fairbanks North Star Borough,US.AK.FA,1109,11,
Skagit County,US.WA.SG,1107,22,
Clarendon County,US.SC.CN,1105,66,
Clarke County,US.AL.CK,1104,16,
Independence County,US.AR.IN,1103,20,
Bradford County,US.FL.BA,1102,8,
Thurston County,US.WA.TH,1101,17,
Jackson County,US.MI.JA,1100,45,
Holmes County,US.MS.HO,1100,59,
Crawford County,US.IA.CW,1098,5,
Grenada County,US.MS.GN,1095,36,
Pueblo County,US.CO.PU,1091,37,
Grimes County,US.TX.GM,1087,32,
Dawson County,US.NE.DN,1086,12,
Buffalo County,US.NE.BF,1085,5,
Cherokee County,US.OK.CK,1085,8,
Grady County,US.OK.GD,1083,11,
Warren County,US.TN.WR,1078,7,
Washington County,US.FL.WS,1077,22,
Lawrence County,US.TN.LW,1077,13,
Ward County,US.ND.WR,1071,10,
Crawford County,US.KS.CR,1070,8,
Salem County,US.NJ.SA,1068,89,
Macon County,US.TN.MC,1068,21,
Cecil County,US.MD.CE,1068,35,
Lyon County,US.KS.LY,1067,35,
Henry County,US.VA.HY,1065,26,
Shelby County,US.KY.SH,1064,24,
Lee County,US.AR.LE,1062,18,
Pointe Coupee Parish,US.LA.PO,1062,40,
Yazoo County,US.MS.YZ,1062,30,
Flathead County,US.MT.FL,1062,17,
Grant County,US.WI.GA,1060,19,
Woodward County,US.OK.WW,1059,4,
Gonzales County,US.TX.GA,1058,18,
Monroe County,US.TN.MR,1058,18,
Cerro Gordo County,US.IA.CG,1058,21,
Kandiyohi County,US.MN.KD,1055,2,
Stephens County,US.GA.SE,1055,38,
Saratoga County,US.NY.SR,1052,15,
Montgomery County,US.NC.MO,1052,30,
Butler County,US.PA.BT,1052,25,
Hardin County,US.TN.HI,1052,16,
Vernon Parish,US.LA.VN,1051,51,
Emanuel County,US.GA.EM,1050,31,
Okanogan County,US.WA.OK,1050,10,
Simpson County,US.MS.SI,1048,46,
Worcester County,US.MD.WO,1048,27,
Dillon County,US.SC.DI,1047,37,
Vance County,US.NC.VA,1047,44,
Chester County,US.SC.CR,1045,21,
Colleton County,US.SC.CT,1042,42,
Northumberland County,US.PA.NU,1039,55,
Levy County,US.FL.LV,1037,9,
Matagorda County,US.TX.MD,1035,46,
Halifax County,US.NC.HL,1030,19,
Appling County,US.GA.AP,1030,28,
Bannock County,US.ID.BO,1027,4,
Richmond County,US.NC.RI,1023,17,
Cape May County,US.NJ.CP,1023,96,
Camden County,US.MO.CM,1023,11,
Madison County,US.FL.MD,1022,19,
Williams County,US.ND.WI,1019,7,
Lenoir County,US.NC.LN,1016,32,
Marshall County,US.IN.MS,1015,24,
St. Clair County,US.MI.SA,1015,56,
Santa Fe County,US.NM.ST,1014,6,
Bay County,US.MI.BY,1012,50,
Boone County,US.IN.BO,1011,49,
Tate County,US.MS.TT,1011,38,
McDowell County,US.NC.MW,1008,27,
Beauregard Parish,US.LA.BE,1007,37,
Chicot County,US.AR.CT,1006,22,
Summit County,US.UT.SU,1005,1,
Ellis County,US.KS.EL,1005,4,
Berkeley County,US.WV.BE,1002,14,
Pittsylvania County,US.VA.PS,1002,9,
Kleberg County,US.TX.KL,1001,42,
Dubois County,US.IN.DU,999,19,
Union County,US.MS.UN,999,24,
St. Croix County,US.WI.SI,997,8,
DeWitt County,US.TX.DE,996,37,
Lauderdale County,US.TN.LU,995,16,
Washington County,US.OK.WN,993,40,
Haywood County,US.TN.HY,992,21,
Franklin County,US.TN.FR,989,10,
Windham County,US.CT.WI,985,16,
Osage County,US.OK.OS,985,13,
Lavaca County,US.TX.LA,981,35,
Frio County,US.TX.FO,975,9,
Marion County,US.AL.MI,971,29,
Union Parish,US.LA.UN,969,43,
Pender County,US.NC.PD,968,5,
Beaufort County,US.NC.BA,966,23,
Sauk County,US.WI.SU,965,3,
Bryan County,US.OK.BR,965,4,
Warren County,US.IA.WR,964,6,
Henderson County,US.TX.HD,963,23,
Pittsburg County,US.OK.PI,963,19,
Marinette County,US.WI.MT,963,8,
Leake County,US.MS.LK,962,38,
Rusk County,US.TX.RK,962,11,
Elko County,US.NV.EL,961,10,
Hancock County,US.IN.HC,961,46,
Erie County,US.OH.ER,959,47,
Butler County,US.KS.BU,958,3,
Union County,US.FL.UN,956,14,
Calvert County,US.MD.CL,950,28,
Garfield County,US.CO.GA,947,5,
Hood County,US.TX.HO,945,27,
Adams County,US.MS.AD,943,37,
Randolph County,US.IL.RA,941,11,
Tuscarawas County,US.OH.TU,941,20,
Wayne County,US.OH.WE,940,68,
Fauquier County,US.VA.FQ,939,25,
Mendocino County,US.CA.MI,939,18,
Karnes County,US.TX.KS,937,16,
Noble County,US.IN.NO,935,33,
Marlboro County,US.SC.ML,934,11,
Sumter County,US.GA.SU,933,62,
Oconto County,US.WI.OC,932,4,
Shawano County,US.WI.SA,928,1,
Lake County,US.TN.LK,925,2,
Richland County,US.OH.RI,922,19,
McNairy County,US.TN.MA,918,18,
Bingham County,US.ID.BG,916,10,
Butler County,US.AL.BT,914,39,
Rensselaer County,US.NY.RE,913,42,
Winona County,US.MN.WN,913,18,
Big Horn County,US.MT.BI,912,23,
Roane County,US.TN.RA,909,6,
Lumpkin County,US.GA.LP,908,14,
Wayne County,US.MS.WY,908,21,
Bladen County,US.NC.BL,907,15,
West Baton Rouge Parish,US.LA.WB,906,41,
Carroll County,US.TN.CR,905,20,
De Soto Parish,US.LA.DE,904,35,
Sequoyah County,US.OK.SQ,898,11,
Walla Walla County,US.WA.WL,898,6,
Pearl River County,US.MS.PL,896,53,
Harrison County,US.TX.HR,896,32,
Ross County,US.OH.RO,896,24,
Union County,US.AR.UN,894,37,
Columbia County,US.PA.CO,893,35,
Bullitt County,US.KY.BI,892,9,
Wilson County,US.TX.WS,892,26,
Scott County,US.MO.ST,891,17,
Frederick County,US.VA.FK,888,13,
Tooele County,US.UT.TE,887,0,
Deaf Smith County,US.TX.DI,886,22,
Barbour County,US.AL.BR,886,7,
Marion County,US.SC.MI,884,24,
Greene County,US.AR.GE,883,10,
Danville City,US.VA.DA,880,27,
Laurel County,US.KY.LU,880,6,
Roanoke County,US.VA.RE,880,7,
Payette County,US.ID.PA,879,8,
Campbell County,US.KY.CM,879,16,
Madison Parish,US.LA.MA,878,8,
Wood County,US.WI.WO,877,5,
Codington County,US.SD.CD,876,4,
Gulf County,US.FL.GU,875,14,
McClain County,US.OK.ML,874,7,
Logan County,US.CO.LO,873,6,
Effingham County,US.IL.EF,872,2,
Ottawa County,US.OK.OT,871,6,
Marion County,US.MS.MI,869,35,
Prentiss County,US.MS.PN,865,17,
Bledsoe County,US.TN.BE,862,4,
Adams County,US.WA.AD,858,10,
Sabine Parish,US.LA.SB,857,13,
Jasper County,US.IA.JS,856,32,
Waller County,US.TX.WR,856,14,
Polk County,US.TX.PK,855,22,
Johnson County,US.AR.JO,853,6,
James City County,US.VA.JA,852,20,
Watauga County,US.NC.WT,852,1,
Deschutes County,US.OR.DE,852,12,
Hamilton County,US.FL.HM,850,8,
Rhea County,US.TN.RH,850,13,
White County,US.TN.WH,849,9,
White County,US.AR.WH,849,26,
Erath County,US.TX.ER,847,12,
Shasta County,US.CA.SH,847,17,
Madison County,US.OH.MO,843,12,
Chittenden County,US.VT.CH,836,39,
Okmulgee County,US.OK.OM,835,7,
Itawamba County,US.MS.IT,835,21,
Adams County,US.PA.AD,835,26,
Tattnall County,US.GA.TT,834,12,
White County,US.GA.WH,833,19,
Madison County,US.NE.MA,833,5,
Miller County,US.AR.ML,833,11,
Murray County,US.GA.MA,833,6,
Dixie County,US.FL.DI,832,7,
Covington County,US.MS.CV,827,23,
Alcorn County,US.MS.AL,827,11,
Eddy County,US.NM.ED,826,9,
Henry County,US.IN.HY,824,26,
Hawkins County,US.TN.HW,823,18,
Cabell County,US.WV.CB,823,10,
Calhoun County,US.TX.CU,821,7,
Graham County,US.AZ.GA,821,25,
Cheatham County,US.TN.CA,819,10,
Gilmer County,US.GA.GI,819,13,
Jasper County,US.SC.JA,816,20,
Edgefield County,US.SC.ED,816,18,
Dawson County,US.GA.DW,814,7,
Prince George County,US.VA.PG,811,5,
St. James Parish,US.LA.SJ,810,40,
Mitchell County,US.GA.MT,808,45,
Shenandoah County,US.VA.SN,806,58,
Darke County,US.OH.DA,806,43,
Burke County,US.GA.BE,805,10,
Fayette County,US.PA.FA,803,7,
Lenawee County,US.MI.LN,803,18,
Washington County,US.RI.WA,803,67,
Curry County,US.NM.CU,801,6,
Beadle County,US.SD.BA,801,9,
Dunklin County,US.MO.DU,800,8,
Des Moines County,US.IA.DS,800,8,
Jefferson County,US.GA.JR,795,28,
Pulaski County,US.KY.PU,793,10,
Harris County,US.GA.HI,793,22,
Vermilion County,US.IL.VE,791,4,
Upson County,US.GA.UP,791,62,
Greensville County,US.VA.GS,789,11,
Richland Parish,US.LA.RI,788,12,
Lincoln County,US.MO.LO,787,3,
St. Joseph County,US.MI.SJ,786,11,
Colfax County,US.NE.CO,786,5,
Uvalde County,US.TX.UV,785,34,
Morehouse Parish,US.LA.MO,783,22,
George County,US.MS.GR,783,13,
Marshall County,US.TN.MS,780,5,
Caddo County,US.OK.CD,779,21,
Jackson County,US.IN.JC,777,10,
Tallahatchie County,US.MS.TL,776,21,
Ben Hill County,US.GA.BL,776,24,
Jackson County,US.OK.JA,775,10,
Muhlenberg County,US.KY.MU,774,12,
Allegan County,US.MI.AL,774,7,
Grady County,US.GA.GD,774,22,
Newton County,US.MS.NW,773,24,
Wasatch County,US.UT.WA,770,7,
Fairfield County,US.SC.FA,769,35,
Bedford County,US.VA.BF,769,13,
Marion County,US.IA.MI,768,7,
Brookings County,US.SD.BK,768,2,
Madison County,US.ID.MA,768,1,
Van Buren County,US.MI.VA,767,17,
Overton County,US.TN.OV,766,6,
Chattooga County,US.GA.CG,766,22,
Henderson County,US.KY.HE,765,3,
Jerome County,US.ID.JR,764,7,
Scott County,US.KY.SC,764,11,
Barren County,US.KY.BN,762,13,
Yamhill County,US.OR.YA,762,13,
Assumption Parish,US.LA.AS,760,24,
Wise County,US.TX.WE,760,14,
West Feliciana Parish,US.LA.WF,758,25,
Howard County,US.TX.HW,757,16,
Southampton County,US.VA.SA,757,23,
Union County,US.GA.UN,756,20,
Delaware County,US.OK.DL,756,25,
Hertford County,US.NC.HD,755,29,
Berkshire County,US.MA.BE,755,50,
Whiteside County,US.IL.WD,753,20,
Cocke County,US.TN.CE,753,10,
Henry County,US.IA.HE,753,4,
Franklin County,US.GA.FR,753,13,
Holmes County,US.FL.HO,753,7,
Saline County,US.KS.SA,752,11,
Morgan County,US.CO.MN,750,48,
Iron County,US.UT.RN,749,3,
Morgan County,US.IN.MG,747,41,
McCracken County,US.KY.MK,746,10,
Petersburg city,US.VA.PB,745,29,
Oconee County,US.GA.OC,745,26,
Winston County,US.AL.WN,745,12,
Yadkin County,US.NC.YD,744,8,
Winston County,US.MS.WN,742,19,
Isle of Wight County,US.VA.IS,742,19,
Lassen County,US.CA.LS,741,0,
Radford city,US.VA.RD,740,1,
Missoula County,US.MT.MS,739,3,
Saline County,US.NE.SL,739,2,
Graves County,US.KY.GV,738,29,
Mercer County,US.PA.ME,735,17,
Tama County,US.IA.TM,735,31,
Smith County,US.TN.SH,734,11,
Johnson County,US.TN.JO,729,2,
Cassia County,US.ID.CS,729,5,
Burnet County,US.TX.BT,729,12,
Saline County,US.MO.SI,728,9,
Ogle County,US.IL.OG,728,6,
Boone County,US.AR.BO,726,12,
Fremont County,US.WY.FR,726,14,
Geauga County,US.OH.GE,726,49,
Marengo County,US.AL.ME,726,20,
Athens County,US.OH.AS,724,2,
Belmont County,US.OH.BE,724,27,
Lyon County,US.MN.LY,722,4,
Madison County,US.TX.AD,722,6,
Lee County,US.SC.LE,720,35,
Hancock County,US.OH.HN,720,10,
Barnwell County,US.SC.BN,719,16,
Mecklenburg County,US.VA.ME,718,33,
Indiana County,US.PA.IN,717,12,
Jeff Davis County,US.GA.JF,716,20,
Androscoggin County,US.ME.AN,714,10,
Carteret County,US.NC.CE,713,5,
Isabella County,US.MI.IB,712,14,
Platte County,US.MO.PT,711,10,
Pasquotank County,US.NC.PU,710,30,
Laramie County,US.WY.LA,704,4,
San Juan County,US.UT.SJ,700,29,
Hawaii County,US.HI.HA,700,15,
Cascade County,US.MT.CS,700,5,
Lee County,US.GA.LE,698,25,
Minidoka County,US.ID.MI,695,8,
Tishomingo County,US.MS.TS,694,38,
Lycoming County,US.PA.LY,694,25,
Madison County,US.GA.MD,693,8,
Columbia County,US.WI.CO,692,2,
Monroe County,US.GA.MN,690,51,
Blair County,US.PA.BL,689,18,
Plaquemines Parish,US.LA.PL,689,19,
Waseca County,US.MN.WE,689,8,
Putnam County,US.GA.PT,688,25,
Saluda County,US.SC.SA,688,21,
Pierce County,US.WI.PI,685,7,
Custer County,US.OK.CU,685,0,
Chickasaw County,US.MS.CS,685,24,
Daviess County,US.IN.DI,682,30,
Dearborn County,US.IN.DR,682,30,
Clinton County,US.MI.CN,681,14,
Monroe County,US.IL.MR,680,16,
Fannin County,US.TX.FI,679,15,
Buckingham County,US.VA.BK,679,9,
Pulaski County,US.MO.PA,676,5,
Carroll County,US.IA.CL,675,5,
Blaine County,US.ID.BL,674,6,
Tippah County,US.MS.TP,673,17,
Peach County,US.GA.PH,672,24,
Washington County,US.GA.WG,672,8,
Callaway County,US.MO.CA,672,3,
Knox County,US.IL.KX,672,3,
Carroll County,US.AR.CL,672,10,
Marion County,US.MO.MO,671,14,
Lawrence County,US.OH.LW,671,22,
Attala County,US.MS.AT,671,25,
Eaton County,US.MI.EA,670,10,
Grundy County,US.IL.GU,670,5,
Laclede County,US.MO.LD,668,4,
Pickens County,US.AL.PC,668,14,
Polk County,US.MO.PO,666,3,
Henry County,US.IL.HY,666,5,
Webster County,US.MO.WE,665,5,
Morgan County,US.IL.MG,662,23,
Queen Anne's County,US.MD.QU,662,26,
Cowlitz County,US.WA.CW,661,7,
Ashtabula County,US.OH.AB,660,48,
Randolph County,US.AL.RA,660,13,
Shelby County,US.OH.SH,660,10,
Poinsett County,US.AR.PN,660,14,
Butler County,US.MO.BE,659,7,
Lowndes County,US.AL.LO,657,27,
Butts County,US.GA.BU,657,42,
Bibb County,US.AL.BI,657,10,
Jackson County,US.NC.JA,655,7,
Franklin County,US.KY.FR,654,12,
Hampton County,US.SC.HA,654,26,
Caroline County,US.MD.CO,652,7,
Fannin County,US.GA.FN,652,22,
Bureau County,US.IL.BU,652,11,
Trempealeau County,US.WI.TR,651,2,
Nodaway County,US.MO.NO,651,7,
Hill County,US.TX.HI,650,14,
Hale County,US.AL.HA,649,28,
Broomfield County and City,US.CO.BR,648,33,
Bamberg County,US.SC.BM,648,33,
Jackson Parish,US.LA.JA,648,22,
Scurry County,US.TX.SU,646,4,
Chester County,US.TN.CS,646,10,
Elbert County,US.GA.EL,645,3,
LaGrange County,US.IN.LG,642,11,
Lee County,US.IA.LE,641,7,
Rosebud County,US.MT.RS,641,19,
Mayes County,US.OK.MY,641,11,
Washington County,US.TX.WH,640,48,
Geneva County,US.AL.GE,638,4,
Giles County,US.TN.GL,637,17,
Lawrence County,US.MO.LW,635,4,
Perry County,US.MO.PR,634,7,
Howell County,US.MO.HW,634,3,
Hopkins County,US.KY.HO,633,39,
Charlton County,US.GA.CT,633,7,
Mesa County,US.CO.ME,629,7,
Lincoln County,US.TN.LI,628,1,
Cherokee County,US.NC.CO,628,12,
Henry County,US.TN.HR,628,9,
Lawrence County,US.AL.LW,628,23,
Clinton County,US.IN.CI,627,18,
Winn Parish,US.LA.WI,627,18,
Branch County,US.MI.BC,625,5,
Adair County,US.OK.AD,622,10,
Fayette County,US.WV.FA,622,13,
Jefferson County,US.IL.JF,620,38,
Logan County,US.WV.LO,620,41,
Putnam County,US.OH.PU,619,23,
Pickens County,US.GA.PE,618,10,
Midland County,US.MI.MD,618,11,
Lapeer County,US.MI.LP,618,36,
Calhoun County,US.FL.CA,615,11,
Cherokee County,US.AL.CH,614,13,
Manassas Park city,US.VA.MP,613,8,
Franklin County,US.FL.FR,613,3,
Auglaize County,US.OH.AU,611,9,
Jessamine County,US.KY.JS,611,0,
Haywood County,US.NC.HW,610,31,
Greene County,US.NC.GE,607,5,
Pierce County,US.GA.PR,607,20,
Bullock County,US.AL.BL,607,14,
Jackson County,US.TX.JA,606,16,
Anson County,US.NC.AN,605,4,
McDuffie County,US.GA.MU,604,14,
Clarke County,US.MS.CE,603,46,
Matanuska-Susitna Borough,US.AK.MA,603,2,
Macon County,US.NC.MN,603,3,
Walthall County,US.MS.WT,602,26,
Hickman County,US.TN.HN,599,8,
Clay County,US.MS.CY,598,18,
Bacon County,US.GA.BC,598,14,
Kay County,US.OK.KA,596,13,
Harrison County,US.IN.HI,595,26,
Cass County,US.MI.CS,594,16,
Dorchester County,US.MD.DO,593,10,
Glenn County,US.CA.GL,593,3,
Wright County,US.IA.WG,593,1,
Clay County,US.AL.CY,592,8,
Columbia County,US.NY.CU,591,47,
Kerr County,US.TX.KR,591,10,
Hancock County,US.MS.HN,590,22,
Monroe County,US.AL.MR,590,8,
Bertie County,US.NC.BT,590,8,
Putnam County,US.IN.PT,589,11,
Merrimack County,US.NH.ME,587,23,
Calloway County,US.KY.CW,587,8,
Van Zandt County,US.TX.VN,586,19,
Chippewa County,US.WI.CH,582,0,
Washington County,US.VA.WG,581,20,
Jefferson County,US.ID.JF,581,2,
Valencia County,US.NM.VA,581,4,
Sandusky County,US.OH.SA,580,20,
Dunn County,US.WI.DN,580,0,
Prince Edward County,US.VA.PD,580,12,
Cambria County,US.PA.CI,579,7,
Abbeville County,US.SC.AB,579,12,
Jasper County,US.MS.JS,578,15,
Chautauqua County,US.NY.CQ,578,4,
Natrona County,US.WY.NA,577,4,
Pike County,US.PA.PI,576,22,
Jones County,US.TX.JN,575,0,
DeKalb County,US.TN.DE,572,14,
Brown County,US.TX.BN,570,25,
Box Elder County,US.UT.BE,570,5,
Limestone County,US.TX.LO,568,13,
Marion County,US.IL.MO,566,1,
Putnam County,US.WV.PU,566,5,
Talbot County,US.MD.TA,565,6,
Union County,US.SC.UN,565,12,
Clay County,US.SD.CY,564,5,
Davie County,US.NC.DV,563,6,
Jefferson County,US.FL.JE,562,9,
Washington County,US.AL.WS,561,13,
Palo Pinto County,US.TX.PO,561,15,
Teton County,US.WY.TE,560,1,
Benton County,US.MN.BN,560,3,
Adams County,US.NE.AD,558,12,
Crisp County,US.GA.CP,557,17,
Jones County,US.GA.JE,557,8,
Crow Wing County,US.MN.CW,555,18,
Noxubee County,US.MS.NO,555,16,
Huron County,US.OH.HU,555,7,
Steele County,US.MN.SE,555,2,
Christian County,US.IL.CI,554,11,
Monroe County,US.WI.MO,554,2,
Logan County,US.KY.LO,554,28,
Carter County,US.OK.CR,553,8,
Strafford County,US.NH.ST,552,13,
Union County,US.OH.UN,551,2,
Macoupin County,US.IL.MP,550,7,
Cook County,US.GA.CO,549,13,
Albany County,US.WY.AL,548,0,
East Carroll Parish,US.LA.EC,548,4,
Green County,US.WI.GN,548,3,
Freeborn County,US.MN.FR,546,4,
York County,US.VA.YO,546,8,
Kewaunee County,US.WI.KW,545,2,
Nicollet County,US.MN.NI,545,17,
La Paz County,US.AZ.LA,544,15,
Meriwether County,US.GA.MW,544,13,
Crockett County,US.TN.CK,544,19,
Tehama County,US.CA.TE,544,5,
Meade County,US.SD.MD,542,5,
Perry County,US.AL.PE,542,6,
Crenshaw County,US.AL.CA,542,32,
Franklin County,US.IL.FR,541,3,
Jefferson County,US.OR.JE,541,8,
Nevada County,US.CA.NE,540,7,
Glades County,US.FL.GL,540,4,
Fredericksburg City,US.VA.FB,539,5,
Beckham County,US.OK.BC,538,2,
Smith County,US.MS.SM,538,15,
Marion County,US.TN.MI,538,8,
Fayette County,US.IN.FA,537,13,
Conecuh County,US.AL.CO,537,11,
Kittitas County,US.WA.KT,537,22,
New Madrid County,US.MO.NW,537,16,
Gibson County,US.IN.GI,537,5,
Pemiscot County,US.MO.PM,536,10,
Lafayette County,US.MO.LF,533,2,
Colusa County,US.CA.CL,532,6,
Wilcox County,US.AL.WC,532,11,
Polk County,US.OR.PO,532,15,
Worth County,US.GA.WO,532,30,
Decatur County,US.TN.DC,531,7,
Lawrence County,US.PA.LW,531,23,
Watonwan County,US.MN.WT,530,4,
Stephenson County,US.IL.SN,529,6,
Knox County,US.IN.KN,529,9,
Alexander County,US.NC.AE,528,7,
Dickinson County,US.IA.DI,528,6,
Fentress County,US.TN.FE,527,3,
Wood County,US.TX.WO,525,23,
Calhoun County,US.MS.CN,524,12,
Lewis County,US.WA.LE,524,4,
Brooks County,US.GA.BO,523,26,
Stewart County,US.GA.SW,522,14,
Linn County,US.OR.LN,522,13,
Raleigh County,US.WV.RL,521,8,
Stoddard County,US.MO.SD,520,13,
Oceana County,US.MI.OA,520,6,
Lawrence County,US.IN.LW,518,31,
Shiawassee County,US.MI.SH,518,32,
Newport County,US.RI.NE,518,5,
Liberty County,US.FL.LI,516,8,
Scioto County,US.OH.SC,516,7,
Union County,US.IL.UN,515,24,
Tuscola County,US.MI.TU,513,31,
Boone County,US.IA.BO,513,8,
Chisago County,US.MN.CG,513,1,
Stutsman County,US.ND.SU,513,3,
Claiborne Parish,US.LA.CI,513,23,
Montgomery County,US.IN.MM,513,22,
Concordia Parish,US.LA.CR,512,14,
Gilchrist County,US.FL.GI,511,12,
Miller County,US.MO.ML,510,1,
Hart County,US.GA.HT,510,13,
Humboldt County,US.CA.HU,508,8,
Nye County,US.NV.NY,508,15,
Henry County,US.AL.HE,508,5,
Craig County,US.OK.CG,507,1,
Houghton County,US.MI.HO,505,1,
Morrow County,US.OR.MO,505,6,
Todd County,US.MN.TO,504,2,
Greene County,US.GA.GE,503,24,
Nelson County,US.KY.NE,503,4,
Bell County,US.KY.BL,502,14,
Carroll County,US.VA.CL,502,24,
Grays Harbor County,US.WA.GY,502,7,
McLeod County,US.MN.MC,501,2,
Barron County,US.WI.BR,500,5,
Augusta County,US.VA.AU,500,7,
Winchester city,US.VA.WH,500,4,
Bremer County,US.IA.BR,499,7,
Grant Parish,US.LA.GR,499,30,
Tunica County,US.MS.TU,499,15,
Austin County,US.TX.AU,499,9,
Milam County,US.TX.MI,498,6,
Smyth County,US.VA.SM,496,20,
Phillips County,US.AR.PH,495,12,
Cherokee County,US.KS.CK,495,8,
Carson City,US.NV.CA,494,8,
Barry County,US.MO.BR,494,6,
Oswego County,US.NY.OS,493,3,
Knox County,US.KY.KX,493,9,
Early County,US.GA.EA,493,33,
Madison County,US.NY.MA,493,9,
Douglas County,US.WI.DG,493,0,
Barton County,US.KS.BT,492,7,
Logan County,US.OK.LG,492,1,
DeKalb County,US.IN.DE,490,12,
Phelps County,US.MO.PH,490,8,
Seneca County,US.OH.SE,488,14,
Adams County,US.IN.AD,488,4,
White County,US.IN.WH,487,14,
Colorado County,US.TX.CO,486,4,
Decatur County,US.IN.DC,486,42,
Grand Traverse County,US.MI.GN,485,8,
Banks County,US.GA.BS,484,8,
Bienville Parish,US.LA.BI,484,32,
Macon County,US.AL.MC,483,18,
McDonough County,US.IL.MU,482,15,
Lincoln County,US.OR.LC,482,13,
Warren County,US.MO.WR,482,1,
Morgan County,US.GA.MO,481,2,
Shelby County,US.TX.SY,480,27,
Fayette County,US.TX.FT,478,20,
Haralson County,US.GA.HS,478,8,
Latah County,US.ID.LA,477,0,
Union County,US.PA.UN,475,6,
Saunders County,US.NE.SU,474,3,
Le Sueur County,US.MN.LU,474,4,
Ontario County,US.NY.OR,474,28,
Jasper County,US.TX.JR,473,26,
Howard County,US.AR.HW,472,12,
Delta County,US.MI.DE,471,8,
Ottawa County,US.OH.OT,471,30,
Chemung County,US.NY.CM,470,4,
Stone County,US.MO.SE,470,4,
Columbia County,US.AR.CI,469,18,
Logan County,US.IL.LO,468,1,
Fayette County,US.AL.FA,467,8,
Sussex County,US.VA.SS,466,11,
Carbon County,US.PA.CB,466,28,
Washington County,US.IA.WS,466,11,
Claiborne County,US.MS.CB,465,16,
Montgomery County,US.MS.MT,465,20,
Allegany County,US.MD.AL,464,23,
Summit County,US.CO.SU,463,4,
Otter Tail County,US.MN.OT,462,4,
Martin County,US.NC.MR,462,10,
Candler County,US.GA.CR,459,19,
Ohio County,US.KY.OH,459,9,
Crawford County,US.IL.CW,458,4,
Campbell County,US.TN.CM,456,4,
Oneida County,US.WI.ON,455,2,
Calhoun County,US.SC.CH,455,17,
Northampton County,US.NC.NO,454,17,
Campbell County,US.VA.CM,453,4,
Seminole County,US.OK.SM,453,6,
Lincoln County,US.OK.LI,452,10,
Pike County,US.KY.PI,450,3,
Beltrami County,US.MN.BT,450,5,
Berrien County,US.GA.BN,449,12,
Franklin County,US.MA.FR,449,68,
Kenai Peninsula Borough,US.AK.KN,449,3,
Audrain County,US.MO.AU,447,4,
Stokes County,US.NC.SO,447,3,
Boyd County,US.KY.BD,447,8,
Union County,US.OR.UN,446,2,
Hughes County,US.SD.HG,446,5,
Preble County,US.OH.PR,445,15,
Stephens County,US.OK.ST,444,5,
Miami County,US.IN.MI,443,4,
Claiborne County,US.TN.CI,442,5,
Lawrence County,US.AR.LW,442,12,
Nez Perce County,US.ID.NE,442,24,
Atkinson County,US.GA.AT,441,3,
Cooke County,US.TX.OO,440,6,
Cross County,US.AR.CO,440,13,
Duval County,US.TX.DU,439,15,
Armstrong County,US.PA.AR,439,18,
Sumter County,US.AL.SU,438,19,
Muskingum County,US.OH.MU,438,3,
Person County,US.NC.PN,437,7,
Yalobusha County,US.MS.YL,437,14,
Clark County,US.WI.CL,436,8,
Lyon County,US.NV.LY,436,7,
Catahoula Parish,US.LA.CT,434,10,
Ashley County,US.AR.AS,434,10,
Cooper County,US.MO.CP,434,2,
Dawson County,US.TX.DW,433,9,
Bleckley County,US.GA.BK,433,21,
Lake County,US.CA.LK,433,10,
Lawrence County,US.MS.LW,433,13,
Parmer County,US.TX.PM,433,7,
Jefferson County,US.WV.JE,433,4,
Greene County,US.IN.GE,432,38,
Warren County,US.VA.WR,431,7,
Washington County,US.MO.WS,430,10,
Martin County,US.MN.MT,430,10,
Louisa County,US.IA.LO,429,15,
Evans County,US.GA.EV,428,6,
Lincoln County,US.NE.LI,428,2,
Pontotoc County,US.OK.PN,427,3,
Woodford County,US.IL.WO,426,6,
Dodge County,US.GA.DG,426,12,
Andrews County,US.TX.AR,425,9,
La Salle Parish,US.LA.LA,425,7,
Perry County,US.MS.PY,424,19,
Geary County,US.KS.GE,424,2,
Jenkins County,US.GA.JK,422,30,
Luna County,US.NM.LU,422,7,
Randolph County,US.AR.RA,421,22,
Cibola County,US.NM.CI,420,21,
Steuben County,US.NY.ST,420,42,
Scotts Bluff County,US.NE.SC,419,8,
Mercer County,US.WV.MR,418,28,
Galax city,US.VA.GA,418,30,
Fayette County,US.IL.FA,418,3,
Montgomery County,US.KS.MG,418,6,
Yankton County,US.SD.YA,417,4,
Delaware County,US.IA.DA,417,3,
Greenup County,US.KY.GU,416,4,
Johnson County,US.GA.JH,416,22,
Franklin city,US.VA.FR,416,9,
Mahaska County,US.IA.MK,415,19,
St. Helena Parish,US.LA.SH,414,4,
Tompkins County,US.NY.TO,414,0,
Screven County,US.GA.SR,414,10,
Arkansas County,US.AR.AR,413,8,
Lawrence County,US.SD.LW,412,4,
Wise County,US.VA.WI,412,9,
Logan County,US.AR.LG,411,1,
Freestone County,US.TX.FE,410,2,
Livingston County,US.MO.LV,408,1,
Crawford County,US.MO.CF,407,4,
Polk County,US.TN.PO,406,10,
Huntingdon County,US.PA.HU,404,6,
Bristol County,US.RI.BR,404,16,
Livingston County,US.IL.LI,403,6,
Jasper County,US.IN.JS,403,3,
Harlan County,US.KY.HL,403,10,
Union County,US.SD.UN,402,7,
Mason County,US.WA.MA,401,4,
Grayson County,US.KY.GY,400,14,
Rio Arriba County,US.NM.RI,399,13,
Amherst County,US.VA.AH,398,4,
Cass County,US.IL.CS,398,11,
Wayne County,US.WV.WA,398,10,
Page County,US.VA.PA,397,29,
Menominee County,US.MI.MM,396,1,
Scott County,US.IN.SC,396,13,
Holmes County,US.OH.HL,395,9,
Hopewell city,US.VA.HW,395,7,
Shelby County,US.IL.SB,394,4,
Jersey County,US.IL.JR,394,15,
Hancock County,US.GA.HC,392,42,
Dinwiddie County,US.VA.DN,391,11,
Steuben County,US.IN.SE,391,7,
Miami County,US.KS.MI,391,1,
Cleburne County,US.AL.CB,389,5,
O'Brien County,US.IA.OB,389,9,
Upshur County,US.TX.US,389,10,
Cowley County,US.KS.CL,389,5,
Maui County,US.HI.MA,388,9,
Allendale County,US.SC.AL,388,6,
Panola County,US.TX.PN,386,26,
Grainger County,US.TN.GA,386,3,
Juneau County,US.WI.JU,386,2,
Greene County,US.MS.GE,386,17,
Telfair County,US.GA.TF,386,19,
Lee County,US.IL.LE,383,1,
Montrose County,US.CO.MO,383,13,
Martinsville city,US.VA.MR,383,17,
Roosevelt County,US.MT.RO,383,4,
Warren County,US.NY.WR,383,30,
Goodhue County,US.MN.GO,382,9,
Pawnee County,US.KS.PN,382,0,
Quitman County,US.MS.QU,380,5,
Fluvanna County,US.VA.FV,379,9,
Humphreys County,US.MS.HU,378,15,
Clinch County,US.GA.CC,378,6,
Lamar County,US.AL.LM,377,2,
Mingo County,US.WV.MO,377,9,
Franklin County,US.KS.FR,377,3,
Montgomery County,US.IL.MT,376,13,
Marquette County,US.MI.MQ,376,12,
Stone County,US.MS.ST,376,12,
Live Oak County,US.TX.LK,374,9,
Houston County,US.TX.HS,373,11,
Morgan County,US.MO.MG,373,2,
Ohio County,US.WV.OH,373,6,
Whitley County,US.KY.WH,372,2,
Cass County,US.TX.CS,372,15,
Newaygo County,US.MI.NE,372,2,
Garvin County,US.OK.GV,372,5,
Union County,US.TN.UO,371,2,
Hempstead County,US.AR.HE,371,4,
Door County,US.WI.DO,370,3,
Harrison County,US.WV.HR,369,9,
Ionia County,US.MI.II,368,7,
Pecos County,US.TX.PE,368,5,
Jackson County,US.KY.JA,368,17,
Lamar County,US.GA.LM,367,18,
Iroquois County,US.IL.IR,367,19,
Wood County,US.WV.WO,366,6,
Waushara County,US.WI.WS,364,2,
La Salle County,US.TX.LS,362,11,
Caswell County,US.NC.CS,361,4,
Washington County,US.ID.WA,361,6,
Harvey County,US.KS.HV,361,8,
Chowan County,US.NC.CW,360,3,
Wright County,US.MO.WG,359,0,
Avery County,US.NC.AV,359,0,
Brunswick County,US.VA.BU,358,5,
Little River County,US.AR.LT,358,25,
Caroline County,US.VA.CI,358,5,
Zavala County,US.TX.ZV,357,16,
Red River Parish,US.LA.RE,357,22,
Drew County,US.AR.DR,357,7,
Seminole County,US.GA.SI,356,9,
Bollinger County,US.MO.BI,355,1,
Madison County,US.AR.MD,355,3,
Camp County,US.TX.CP,355,11,
Hopkins County,US.TX.HP,354,8,
Uinta County,US.WY.UI,354,2,
Perry County,US.IL.PY,353,15,
Hillsdale County,US.MI.HI,352,27,
Richmond County,US.VA.RI,352,4,
Kingfisher County,US.OK.KN,352,2,
Floyd County,US.IA.FL,352,3,
Stone County,US.AR.ST,352,13,
Hockley County,US.TX.HC,351,8,
Halifax County,US.VA.HL,351,6,
Baxter County,US.AR.BA,351,2,
Franklin County,US.IA.FN,351,18,
Jackson County,US.IA.JC,351,3,
Choctaw County,US.AL.CC,351,12,
Adair County,US.MO.AD,350,0,
West Carroll Parish,US.LA.WC,347,10,
Allen County,US.KY.AL,347,9,
Itasca County,US.MN.IT,347,15,
Saline County,US.IL.SE,346,4,
Elmore County,US.ID.EL,346,3,
Posey County,US.IN.PS,346,0,
Clark County,US.AR.CK,346,4,
Warren County,US.NC.WR,346,7,
Brantley County,US.GA.BA,344,10,
Gaines County,US.TX.GS,343,9,
Benson County,US.ND.BE,343,6,
Franklin County,US.VA.FN,343,3,
Pine County,US.MN.PN,343,0,
Sullivan County,US.IN.SU,342,12,
Jefferson Davis County,US.MS.JD,342,11,
Bradley County,US.AR.BR,342,8,
Butler County,US.KY.BR,341,16,
Rabun County,US.GA.RB,340,9,
Otsego County,US.NY.OO,340,4,
Green Lake County,US.WI.GL,339,0,
Benton County,US.TN.BN,339,9,
Winneshiek County,US.IA.WH,339,6,
Burleson County,US.TX.BU,339,6,
Webster County,US.MS.WE,338,13,
Jefferson County,US.OH.JE,338,4,
Dooly County,US.GA.DO,338,14,
Douglas County,US.MN.DU,337,2,
Wilkinson County,US.GA.WI,337,18,
Fulton County,US.NY.FU,337,28,
Lyon County,US.IA.LY,336,4,
Union County,US.KY.UN,336,3,
Lamb County,US.TX.LB,336,22,
Amite County,US.MS.AM,335,10,
Perry County,US.KY.PR,335,9,
Orleans County,US.NY.OL,335,55,
Herkimer County,US.NY.HE,335,10,
Benton County,US.MO.BN,335,3,
Cass County,US.NE.CS,334,2,
Henry County,US.OH.HE,334,14,
Chaffee County,US.CO.CA,334,19,
Wheeler County,US.GA.WL,334,11,
Sweetwater County,US.WY.SW,334,2,
Zapata County,US.TX.ZP,333,6,
Warren County,US.IL.WR,333,2,
Jackson County,US.TN.JA,332,5,
Towns County,US.GA.TW,331,9,
Gem County,US.ID.GE,331,2,
Randolph County,US.GA.RN,331,29,
Cleburne County,US.AR.CB,331,8,
Defiance County,US.OH.DF,330,12,
Clay County,US.IA.CY,330,4,
Bond County,US.IL.BN,330,5,
Oglethorpe County,US.GA.OG,330,11,
Hamilton County,US.IA.HM,329,3,
Pike County,US.GA.PK,329,10,
Terrell County,US.GA.TL,329,32,
Owyhee County,US.ID.OW,329,5,
Transylvania County,US.NC.TR,329,7,
Texas County,US.MO.TE,329,2,
Kendall County,US.TX.KD,328,7,
Jackson County,US.AR.JA,327,1,
Bonner County,US.ID.BR,327,0,
Benton County,US.IA.BN,327,1,
Orange County,US.VA.OR,327,4,
Clay County,US.KY.CY,326,6,
Montcalm County,US.MI.MC,325,6,
Clearfield County,US.PA.CF,324,6,
McIntosh County,US.OK.MI,324,5,
Bosque County,US.TX.BQ,324,6,
St. Lawrence County,US.NY.SI,324,4,
Moniteau County,US.MO.ME,324,4,
Franklin County,US.IN.FR,323,26,
Greene County,US.NY.GR,323,14,
Aransas County,US.TX.AA,323,18,
Polk County,US.MN.PL,322,4,
Choctaw County,US.OK.CA,322,2,
Genesee County,US.NY.GE,321,6,
Morgan County,US.TN.MG,321,3,
Carroll County,US.MS.CL,321,12,
Grayson County,US.VA.GY,320,13,
Wayne County,US.NY.WN,320,3,
Jennings County,US.IN.JN,319,14,
Clark County,US.KY.CK,318,8,
Campbell County,US.WY.CM,318,1,
Brooks County,US.TX.BK,317,22,
Calaveras County,US.CA.CA,317,14,
Winnebago County,US.IA.WB,316,13,
Snyder County,US.PA.SN,315,4,
Polk County,US.NC.PO,315,11,
Isanti County,US.MN.IS,315,1,
Glacier County,US.MT.GC,315,1,
Benton County,US.OR.BE,314,6,
Douglas County,US.IL.DO,314,7,
Young County,US.TX.YU,314,6,
Champaign County,US.OH.CH,313,3,
Island County,US.WA.IS,313,12,
Logan County,US.OH.LG,313,3,
Madison County,US.MO.MD,312,1,
Grundy County,US.TN.GU,312,6,
Gillespie County,US.TX.GL,312,10,
Pulaski County,US.GA.PL,312,22,
Gray County,US.TX.GY,310,6,
Adair County,US.KY.AD,310,19,
Robertson County,US.TX.RO,309,3,
Barry County,US.MI.BR,309,4,
Ripley County,US.IN.RI,308,8,
Clay County,US.IN.CY,308,5,
Crawford County,US.PA.CW,308,3,
Refugio County,US.TX.RF,307,14,
Marshall County,US.KY.MH,307,4,
Hardin County,US.IA.HD,306,1,
Montgomery County,US.GA.MM,306,5,
Davison County,US.SD.DV,305,2,
Northampton County,US.VA.NA,305,31,
Wilkinson County,US.MS.WK,305,18,
Kent County,US.MD.KE,304,24,
Douglas County,US.NV.DO,304,1,
Turner County,US.GA.TR,304,22,
Poweshiek County,US.IA.PW,304,8,
Tazewell County,US.VA.TA,304,2,
Atoka County,US.OK.AT,303,1,
Greene County,US.AL.GR,303,15,
Botetourt County,US.VA.BO,302,10,
Caldwell Parish,US.LA.CW,302,3,
Clinton County,US.OH.CI,302,13,
Perry County,US.OH.PE,300,9,
Mississippi County,US.MO.MI,300,3,
Comanche County,US.TX.CE,300,4,
Washington County,US.NY.WS,299,14,
Taylor County,US.KY.TA,299,7,
Clay County,US.AR.CY,298,8,
Atchison County,US.KS.AT,298,2,
Desha County,US.AR.DE,297,5,
Hughes County,US.OK.HU,296,4,
Wasco County,US.OR.WC,296,3,
Gunnison County,US.CO.GU,296,7,
Lafayette County,US.WI.LF,295,0,
Lanier County,US.GA.LI,295,5,
Irwin County,US.GA.IR,295,4,
Cannon County,US.TN.CN,295,0,
Susquehanna County,US.PA.SS,293,28,
Sheridan County,US.WY.SH,292,4,
Brown County,US.OH.BR,292,2,
Louisa County,US.VA.LI,291,6,
McIntosh County,US.GA.MH,291,7,
Kemper County,US.MS.KE,290,15,
Orange County,US.IN.OR,290,26,
City and Borough of Juneau,US.AK.JU,290,1,
Knox County,US.OH.KN,288,15,
Unicoi County,US.TN.UC,288,1,
Oglala Lakota County,US.SD.SH,287,3,
Gooding County,US.ID.GO,287,1,
Boyle County,US.KY.BE,286,0,
Buchanan County,US.IA.BC,285,1,
Wells County,US.IN.WE,284,4,
Montgomery County,US.KY.MM,283,3,
Roosevelt County,US.NM.RO,282,4,
Dade County,US.GA.DD,282,5,
Marquette County,US.WI.MQ,282,1,
Whitley County,US.IN.WL,282,6,
Franklin County,US.AR.FR,282,2,
Becker County,US.MN.BC,281,2,
Klamath County,US.OR.KL,280,2,
Wayne County,US.IL.WY,280,5,
Jones County,US.IA.JN,279,3,
Haskell County,US.OK.HS,279,4,
Falls County,US.TX.FL,279,5,
Carroll County,US.IN.CO,278,13,
Somerset County,US.MD.SO,278,5,
Kossuth County,US.IA.KO,278,0,
Lake County,US.MT.LA,277,1,
Simpson County,US.KY.SI,277,8,
Forest County,US.WI.FR,277,4,
Wabash County,US.IN.WB,276,8,
Patrick County,US.VA.PK,276,25,
Carlton County,US.MN.CL,276,1,
Lewis and Clark County,US.MT.LE,275,3,
Westmoreland County,US.VA.WM,275,3,
Dare County,US.NC.DE,274,3,
McLean County,US.ND.ML,274,3,
Washington County,US.NE.WS,274,4,
Woodford County,US.KY.WO,274,0,
Gratiot County,US.MI.GT,274,15,
Marion County,US.WV.MI,274,3,
Starke County,US.IN.SR,273,8,
Waynesboro city,US.VA.WS,272,3,
Goochland County,US.VA.GO,272,7,
Casey County,US.KY.CS,272,15,
Butler County,US.IA.BE,271,2,
Green County,US.KY.GN,271,8,
Lee County,US.VA.LE,270,7,
Runnels County,US.TX.RN,270,6,
Washington County,US.IN.WS,270,1,
Pamlico County,US.NC.PM,270,2,
Grant County,US.AR.GN,269,2,
Ashe County,US.NC.AS,269,1,
Adams County,US.WI.AD,268,4,
Shelby County,US.IA.SH,268,1,
Morrison County,US.MN.MR,268,2,
Conway County,US.AR.CN,267,3,
Salem city,US.VA.SE,267,6,
Jo Daviess County,US.IL.JO,266,2,
McPherson County,US.KS.MP,266,1,
Jackson County,US.WV.JA,266,23,
Polk County,US.AR.PL,266,4,
Sharkey County,US.MS.SH,266,13,
Emmet County,US.IA.EM,266,10,
Wilkes County,US.GA.WS,266,5,
Spencer County,US.IN.SP,266,3,
Clarke County,US.IA.CK,266,3,
Pottawatomie County,US.KS.PT,265,0,
Nottoway County,US.VA.NY,265,18,
Russell County,US.VA.RU,264,5,
Otero County,US.NM.OT,264,13,
Silver Bow County,US.MT.SI,264,0,
Randolph County,US.MO.RN,264,2,
Allamakee County,US.IA.AL,264,6,
Ouachita County,US.AR.OU,263,6,
Humphreys County,US.TN.HU,263,3,
Sac County,US.IA.SA,262,0,
La Plata County,US.CO.LA,262,2,
Washington County,US.OH.WS,262,23,
Clayton County,US.IA.CT,261,3,
Morrow County,US.OH.MW,261,2,
Miller County,US.GA.ML,261,1,
Grant County,US.KS.GT,261,5,
Jackson County,US.OH.JA,261,6,
Cattaraugus County,US.NY.CG,260,8,
Randolph County,US.IN.RA,260,8,
Chickasaw County,US.IA.CC,260,0,
Thurston County,US.NE.TU,260,4,
Emporia city,US.VA.EM,259,26,
Staunton city,US.VA.SU,259,0,
Andrew County,US.MO.AN,259,2,
Lawrence County,US.IL.LW,259,2,
Fulton County,US.OH.FU,259,1,
Polk County,US.WI.PL,258,2,
Treutlen County,US.GA.TE,258,8,
Dodge County,US.MN.DD,257,0,
Hardin County,US.OH.HD,257,13,
Amador County,US.CA.AM,257,16,
Mountrail County,US.ND.MU,257,2,
Castro County,US.TX.AS,257,5,
Colonial Heights city,US.VA.CH,256,25,
Dimmit County,US.TX.DM,256,7,
Nolan County,US.TX.NO,256,5,
Gage County,US.NE.GG,255,5,
Pawnee County,US.OK.PW,255,3,
Penobscot County,US.ME.PE,254,6,
Randolph County,US.WV.RN,252,1,
Cherokee County,US.IA.CE,252,2,
Hood River County,US.OR.HO,252,0,
Chenango County,US.NY.CH,251,6,
Cedar County,US.IA.CD,251,1,
Jefferson County,US.IN.JF,251,3,
Long County,US.GA.LG,251,3,
Russell County,US.KY.RU,250,6,
Huntington County,US.IN.HU,250,3,
Lampasas County,US.TX.LP,250,8,
Dallam County,US.TX.DL,249,9,
Wilcox County,US.GA.WC,248,20,
Guthrie County,US.IA.GH,247,6,
Gloucester County,US.VA.GL,247,2,
Crawford County,US.OH.CF,247,6,
Harrison County,US.IA.HR,247,3,
Ashland County,US.OH.AL,246,4,
Fulton County,US.IN.FU,246,2,
Jackson County,US.KS.JA,245,2,
Mercer County,US.KY.MC,244,2,
Calhoun County,US.GA.CU,244,8,
Izard County,US.AR.IZ,244,0,
Clinton County,US.MO.CO,244,0,
Jefferson County,US.MS.JF,243,9,
Newton County,US.AR.NW,242,19,
Bedford County,US.PA.BO,242,6,
Sequatchie County,US.TN.SQ,242,1,
Richland County,US.ND.RI,242,1,
Terry County,US.TX.TE,242,4,
Alamosa County,US.CO.AL,242,9,
Pike County,US.MO.PI,241,4,
Leon County,US.TX.LN,240,6,
Lincoln County,US.WI.LI,240,1,
Echols County,US.GA.EC,240,2,
Ramsey County,US.ND.RM,240,2,
Labette County,US.KS.LB,240,4,
Vernon County,US.WI.VE,239,0,
Wythe County,US.VA.WY,238,4,
Park County,US.WY.PA,238,2,
Power County,US.ID.PO,237,1,
Tioga County,US.NY.TI,237,21,
Pulaski County,US.VA.PU,236,5,
McKenzie County,US.ND.MK,235,2,
Barnes County,US.ND.BA,235,0,
Carroll County,US.IL.CL,235,5,
Coshocton County,US.OH.CS,234,11,
Macon County,US.GA.MC,234,10,
McCormick County,US.SC.MC,234,6,
Clay County,US.TN.CY,234,5,
Wayne County,US.PA.WN,234,10,
Fayette County,US.OH.FY,233,6,
Alleghany County,US.NC.AL,233,0,
Douglas County,US.OR.DO,233,4,
Seward County,US.NE.SA,233,3,
Perry County,US.IN.PE,232,14,
Pipestone County,US.MN.PS,232,10,
Tipton County,US.IN.TT,232,25,
Montgomery County,US.NY.MT,232,9,
Clallam County,US.WA.CL,231,1,
Pike County,US.AR.PE,230,3,
Highland County,US.OH.HI,230,3,
Benton County,US.MS.BE,229,3,
Greene County,US.IL.GE,229,11,
King George County,US.VA.KG,229,4,
Meigs County,US.TN.ME,228,3,
Carbon County,US.WY.CB,228,2,
Cottonwood County,US.MN.CT,228,0,
Marion County,US.KY.MN,228,8,
Houston County,US.TN.HO,228,3,
Fayette County,US.IA.FT,227,2,
San Jacinto County,US.TX.SJ,227,9,
Tuolumne County,US.CA.TO,227,4,
Huron County,US.MI.HU,226,5,
Mifflin County,US.PA.MI,226,2,
Wayne County,US.MO.WY,226,0,
Cameron Parish,US.LA.CM,225,2,
Vilas County,US.WI.VI,224,1,
Yoakum County,US.TX.YA,224,5,
Madison County,US.IA.MD,224,2,
Powhatan County,US.VA.PH,223,5,
Pitkin County,US.CO.PI,223,2,
Grundy County,US.IA.GN,223,3,
Chippewa County,US.MN.CP,223,1,
Sharp County,US.AR.SH,223,6,
Perry County,US.PA.PE,223,6,
Lewis County,US.KY.LI,222,14,
Iosco County,US.MI.IC,222,12,
Lee County,US.TX.LE,221,14,
Rowan County,US.KY.RW,221,1,
Jasper County,US.GA.JS,221,4,
Nevada County,US.AR.NV,221,13,
Boone County,US.WV.BN,220,1,
Bailey County,US.TX.BY,219,5,
Stewart County,US.TN.SA,219,2,
Somerset County,US.PA.SO,219,3,
Greene County,US.VA.GE,219,3,
Meade County,US.KY.MA,219,3,
Brewster County,US.TX.BS,218,3,
Scott County,US.TN.SC,218,2,
Cumberland County,US.IL.CU,218,5,
Moultrie County,US.IL.MI,218,3,
Hancock County,US.IL.HC,218,3,
Cayuga County,US.NY.CY,218,2,
Clatsop County,US.OR.CT,217,0,
Washington County,US.IL.WG,216,1,
Appomattox County,US.VA.AP,216,3,
Tyler County,US.TX.TY,216,4,
Kennebec County,US.ME.KE,215,11,
Shoshone County,US.ID.SH,215,18,
Spencer County,US.KY.SP,214,0,
Iowa County,US.IA.IO,214,1,
Mecosta County,US.MI.MT,214,3,
Sawyer County,US.WI.SW,214,1,
Williams County,US.OH.WI,214,3,
Lincoln County,US.GA.LC,213,7,
Wyandot County,US.OH.WD,213,12,
Meeker County,US.MN.ME,213,2,
Jasper County,US.IL.JS,213,9,
Richland County,US.IL.RI,213,6,
Taylor County,US.GA.TY,212,10,
Yancey County,US.NC.YN,212,0,
Lincoln County,US.NM.LI,211,3,
Hutchinson County,US.TX.UT,211,5,
Sanpete County,US.UT.SP,211,1,
Iowa County,US.WI.IO,210,0,
Roberts County,US.SD.RO,209,1,
Sullivan County,US.MO.SV,209,0,
Washington County,US.NC.WI,208,8,
Douglas County,US.MO.DO,208,3,
Knott County,US.KY.KT,208,1,
Clinton County,US.PA.CN,207,6,
Lewis County,US.TN.LE,207,1,
Livingston County,US.NY.LI,207,6,
Monroe County,US.KY.MO,207,4,
Henry County,US.MO.HE,205,5,
Palo Alto County,US.IA.PO,204,0,
Idaho County,US.ID.ID,203,0,
Floyd County,US.VA.FO,203,9,
Ste. Genevieve County,US.MO.SG,203,1,
Sumner County,US.KS.SU,203,3,
Fremont County,US.ID.FE,202,3,
Pike County,US.OH.PK,202,0,
Wabasha County,US.MN.WB,202,0,
Rush County,US.IN.RU,201,4,
Burnett County,US.WI.BN,201,3,
San Augustine County,US.TX.SG,201,15,
Sibley County,US.MN.SI,199,3,
Carroll County,US.KY.CL,199,5,
Langlade County,US.WI.LN,199,2,
Jay County,US.IN.JY,198,0,
Josephine County,US.OR.JO,198,2,
Trinity County,US.TX.TR,196,7,
Henry County,US.KY.HY,196,2,
Lake County,US.SD.LK,196,7,
Brown County,US.MN.BR,196,2,
Reeves County,US.TX.RE,196,6,
Gallia County,US.OH.GA,196,13,
Dickinson County,US.KS.DK,196,1,
Grundy County,US.MO.GU,195,4,
Walsh County,US.ND.WL,195,1,
Bourbon County,US.KY.BU,195,1,
Jefferson County,US.KS.JF,195,4,
Heard County,US.GA.HD,194,5,
Dallas County,US.MO.DL,194,1,
Bourbon County,US.KS.BB,194,3,
Taylor County,US.WI.TA,194,4,
Twiggs County,US.GA.TG,194,7,
Klickitat County,US.WA.KL,193,3,
Franklin County,US.MS.FR,193,3,
Barton County,US.MO.BT,192,0,
Lincoln County,US.KY.LN,192,13,
Juniata County,US.PA.JU,191,7,
New Kent County,US.VA.NK,191,3,
Mitchell County,US.IA.ME,191,0,
Howard County,US.IA.HO,191,6,
Marion County,US.GA.MR,190,8,
Yellow Medicine County,US.MN.YE,190,2,
Humboldt County,US.IA.HU,190,3,
Millard County,US.UT.MD,189,0,
Delta County,US.CO.DT,189,3,
Hancock County,US.IA.HN,189,2,
Scott County,US.VA.SC,189,4,
Todd County,US.KY.TO,188,8,
Greene County,US.PA.GR,188,1,
Wilbarger County,US.TX.WG,188,2,
Inyo County,US.CA.IN,187,15,
Perquimans County,US.NC.PQ,187,3,
Rolette County,US.ND.RO,187,5,
Lincoln County,US.WY.LI,187,1,
Vernon County,US.MO.VE,187,1,
Choctaw County,US.MS.CW,186,6,
Custer County,US.SD.CU,186,2,
Carter County,US.KY.CR,186,3,
Bristol city,US.VA.BI,186,5,
Morris County,US.TX.MR,186,3,
Cleveland County,US.AR.CV,185,12,
Calhoun County,US.IA.CO,185,3,
Currituck County,US.NC.CI,184,3,
Cass County,US.MN.CS,184,4,
Williamsburg City,US.VA.WL,182,7,
Mills County,US.IA.ML,181,1,
Marshall County,US.OK.MH,181,2,
Pulaski County,US.IL.PL,181,1,
Floyd County,US.KY.FO,180,2,
Montague County,US.TX.MU,180,4,
Essex County,US.VA.ES,180,2,
Moore County,US.TN.MO,180,1,
Newton County,US.TX.NE,180,10,
Love County,US.OK.LV,179,1,
Columbia County,US.OR.CL,179,1,
Otsego County,US.MI.OS,179,11,
Iron County,US.MI.IR,179,2,
Marshall County,US.WV.MH,178,1,
Fulton County,US.IL.FU,178,0,
Redwood County,US.MN.RW,177,3,
Harrison County,US.KY.HS,177,0,
Howard County,US.MO.HR,176,2,
Teller County,US.CO.TE,176,4,
Fremont County,US.CO.FR,176,1,
Meigs County,US.OH.MS,176,10,
Rock County,US.MN.RC,176,0,
Mineral County,US.WV.ML,175,4,
Hart County,US.KY.HT,175,1,
Newton County,US.IN.NE,175,12,
Rockcastle County,US.KY.RC,174,1,
Clark County,US.IL.CK,174,2,
Van Buren County,US.AR.VA,174,3,
Emmons County,US.ND.EM,174,1,
Charles Mix County,US.SD.CH,174,0,
Trigg County,US.KY.TG,174,0,
Montour County,US.PA.MO,174,5,
Hill County,US.MT.HI,173,3,
Johnston County,US.OK.JO,173,4,
Neosho County,US.KS.NO,173,0,
Guernsey County,US.OH.GU,173,8,
Murray County,US.MN.MU,172,2,
Coosa County,US.AL.CS,172,3,
McCreary County,US.KY.MR,172,0,
Knox County,US.NE.KN,172,0,
Crawford County,US.WI.CR,172,0,
Owen County,US.IN.OW,172,2,
Eastland County,US.TX.EA,171,3,
Cortland County,US.NY.CD,171,1,
Jefferson County,US.NY.JE,170,1,
Ripley County,US.MO.RI,170,0,
Page County,US.IA.PG,170,0,
Teton County,US.ID.TE,170,0,
Mille Lacs County,US.MN.MI,169,3,
Cass County,US.IA.CS,169,2,
York County,US.NE.YO,169,2,
White County,US.IL.WE,169,0,
Martin County,US.IN.MN,169,0,
Lincoln County,US.WV.LI,169,2,
Osceola County,US.IA.OS,168,0,
Essex County,US.NY.ES,168,13,
Crawford County,US.GA.CW,167,5,
Hocking County,US.OH.HC,167,9,
Stevens County,US.WA.ST,167,2,
Ray County,US.MO.RY,167,0,
Gasconade County,US.MO.GA,166,20,
Mono County,US.CA.MO,166,2,
Van Buren County,US.TN.VA,166,0,
Siskiyou County,US.CA.SK,166,0,
Talbot County,US.GA.TB,166,6,
Northumberland County,US.VA.NU,165,6,
Webster County,US.KY.WE,164,3,
Crockett County,US.TX.CT,164,7,
Pike County,US.IN.PI,164,1,
Turner County,US.SD.TU,164,2,
Grant County,US.KY.GT,164,6,
Pushmataha County,US.OK.PU,164,2,
Dallas County,US.AR.DA,163,4,
Pocahontas County,US.IA.PC,163,2,
Lyman County,US.SD.LY,162,3,
Fulton County,US.AR.FU,162,3,
Red River County,US.TX.RV,162,14,
Gogebic County,US.MI.GO,162,2,
Grant County,US.WV.GA,161,7,
Tensas Parish,US.LA.TN,161,2,
Anderson County,US.KY.AN,161,1,
King William County,US.VA.KW,161,2,
Wayne County,US.NE.WY,161,0,
Elbert County,US.CO.EB,161,3,
Clinton County,US.NY.CL,161,5,
Estill County,US.KY.ES,160,0,
Monroe County,US.IA.MR,159,11,
Garrard County,US.KY.GR,159,3,
Jones County,US.NC.JN,159,11,
Osage County,US.MO.OS,159,2,
Wabash County,US.IL.WB,158,3,
Emmet County,US.MI.EM,158,4,
Routt County,US.CO.RT,158,8,
Mitchell County,US.NC.MI,158,3,
Johnson County,US.KY.JO,158,2,
Graham County,US.NC.GH,158,3,
Tripp County,US.SD.TR,158,0,
Letcher County,US.KY.LT,157,2,
Coos County,US.OR.CO,157,0,
Preston County,US.WV.PR,157,4,
Renville County,US.MN.RN,157,8,
Caldwell County,US.KY.CD,157,0,
Bandera County,US.TX.BA,157,8,
Monona County,US.IA.MO,157,1,
Lucas County,US.IA.LU,156,6,
Clay County,US.IL.CY,156,0,
Johnson County,US.IL.JH,156,0,
Bradford County,US.PA.BF,156,3,
Otoe County,US.NE.OT,155,1,
McCulloch County,US.TX.MC,155,4,
Fulton County,US.KY.FU,154,3,
Montgomery County,US.AR.MT,154,5,
Goliad County,US.TX.GI,154,6,
Jackson County,US.WI.JA,154,1,
Perry County,US.TN.PE,153,0,
Mason County,US.IL.MS,153,1,
Noble County,US.OK.NB,152,2,
Cuming County,US.NE.CM,152,0,
Wayne County,US.KY.WY,152,0,
Carroll County,US.OH.CO,152,7,
Sioux County,US.ND.SI,152,3,
Nowata County,US.OK.NW,151,4,
Ralls County,US.MO.RL,151,0,
Warren County,US.GA.WR,151,5,
Macon County,US.MO.MN,151,0,
Cheshire County,US.NH.CH,151,3,
Marion County,US.TX.MN,150,14,
Dent County,US.MO.DN,150,2,
Prairie County,US.AR.PR,150,2,
Monroe County,US.WV.ME,149,7,
Churchill County,US.NV.CH,149,3,
Iron County,US.WI.IR,149,1,
Hancock County,US.WV.HN,149,0,
Lancaster County,US.VA.LA,149,0,
Jackson County,US.MN.JA,149,1,
Alpena County,US.MI.AP,148,14,
Sanilac County,US.MI.SL,148,7,
Oxford County,US.ME.OX,148,1,
Belknap County,US.NH.BE,148,4,
Faribault County,US.MN.FA,147,0,
Mercer County,US.ND.ME,147,0,
Richland County,US.WI.RI,146,4,
Dewey County,US.SD.DW,146,0,
Washington County,US.KY.WS,146,1,
Kearney County,US.NE.KA,145,0,
Thomas County,US.KS.TH,145,0,
Buffalo County,US.WI.BF,144,2,
Taos County,US.NM.TA,144,4,
Swain County,US.NC.SW,144,3,
Blanco County,US.TX.BC,144,5,
Swift County,US.MN.SW,144,1,
Dickinson County,US.MI.DI,143,2,
Somervell County,US.TX.SV,143,5,
Gates County,US.NC.GT,142,3,
Mason County,US.WV.MN,142,6,
Grafton County,US.NH.GR,142,1,
Benewah County,US.ID.BA,142,3,
Searcy County,US.AR.SA,142,1,
Ravalli County,US.MT.RA,141,2,
Mercer County,US.IL.ME,140,5,
Okfuskee County,US.OK.OF,140,4,
Appanoose County,US.IA.AP,140,3,
Buchanan County,US.VA.BH,140,2,
Del Norte County,US.CA.DE,139,1,
Piatt County,US.IL.PA,139,0,
Murray County,US.OK.MR,139,1,
Jefferson County,US.IA.JE,139,1,
Montezuma County,US.CO.MZ,138,5,
Buffalo County,US.SD.BF,138,3,
Fairfax city,US.VA.FC,138,8,
Ochiltree County,US.TX.OC,137,5,
Latimer County,US.OK.LA,137,2,
Hamilton County,US.TX.HM,137,4,
Union County,US.IA.UN,137,3,
Wyoming County,US.NY.WM,137,5,
Breckinridge County,US.KY.BC,136,2,
Spink County,US.SD.SP,136,0,
DeKalb County,US.MO.DE,136,2,
Edmonson County,US.KY.ED,136,12,
Adams County,US.OH.AD,136,4,
Delaware County,US.NY.DE,135,4,
Juab County,US.UT.JU,135,1,
Franklin County,US.TX.FK,134,6,
Pike County,US.IL.PK,134,1,
Monroe County,US.AR.ME,134,0,
Mason County,US.MI.MN,134,0,
Stephens County,US.TX.SE,134,4,
Stevens County,US.KS.SV,134,1,
Fillmore County,US.MN.FI,133,0,
Jack County,US.TX.JK,133,2,
Grant County,US.SD.GA,133,1,
Carroll County,US.MO.CL,132,2,
Vermillion County,US.IN.VE,132,0,
Blaine County,US.OK.BL,131,1,
Hamilton County,US.NE.HM,131,12,
Rutland County,US.VT.RU,131,1,
Taylor County,US.IA.TY,131,1,
Fountain County,US.IN.FO,131,2,
Hartley County,US.TX.HL,130,0,
Concho County,US.TX.ON,130,2,
Blackford County,US.IN.BL,129,3,
Gregory County,US.SD.GE,128,3,
Ward County,US.TX.WD,128,1,
Ozark County,US.MO.OZ,128,0,
Houston County,US.MN.HO,128,0,
Franklin County,US.VT.FR,127,7,
Kanabec County,US.MN.KA,127,8,
Greenbrier County,US.WV.GE,127,3,
Meade County,US.KS.ME,127,1,
Taylor County,US.WV.TA,127,7,
Davis County,US.IA.DV,127,4,
Bates County,US.MO.BS,126,2,
Walworth County,US.SD.WA,126,1,
Humboldt County,US.NV.HU,126,4,
Oregon County,US.MO.OR,126,0,
Ida County,US.IA.ID,125,1,
Hyde County,US.NC.HE,125,5,
De Witt County,US.IL.DW,125,2,
Brown County,US.KS.BR,125,3,
Gray County,US.KS.GY,125,0,
Menard County,US.IL.MN,125,1,
Gentry County,US.MO.GT,125,9,
Crawford County,US.MI.CF,125,5,
Roseau County,US.MN.RS,125,0,
Wexford County,US.MI.WE,125,4,
Amelia County,US.VA.AI,124,5,
Carroll County,US.NH.CA,124,2,
Llano County,US.TX.LL,124,2,
Mason County,US.KY.MS,124,2,
Grant County,US.NM.GR,124,2,
Dawes County,US.NE.DS,124,0,
Larue County,US.KY.LR,124,1,
Van Wert County,US.OH.VA,124,3,
Pickett County,US.TN.PI,123,2,
Franklin County,US.ID.FA,123,0,
Daviess County,US.MO.DV,123,1,
Windham County,US.VT.WH,123,3,
Koochiching County,US.MN.KO,123,3,
Nemaha County,US.NE.NE,122,0,
Converse County,US.WY.CE,122,0,
North Slope Borough,US.AK.NH,122,0,
Fremont County,US.IA.FO,122,0,
Clarion County,US.PA.CL,122,3,
Yuma County,US.CO.YU,122,1,
Traill County,US.ND.TR,122,0,
Phillips County,US.MT.PH,122,0,
Carbon County,US.UT.CR,121,0,
Clinton County,US.KY.CO,121,2,
Brule County,US.SD.BU,121,0,
Cedar County,US.MO.CD,121,0,
Crittenden County,US.KY.CT,121,1,
Clay County,US.GA.CY,121,2,
Butler County,US.NE.BE,120,1,
Harper County,US.KS.HP,120,2,
Todd County,US.SD.TO,120,5,
Lincoln County,US.MT.LN,120,3,
Ashland County,US.WI.AS,120,2,
Phillips County,US.KS.PL,120,8,
Haskell County,US.KS.HS,120,1,
Pennington County,US.MN.PI,120,1,
Coffey County,US.KS.CF,120,8,
Clay County,US.NC.CY,119,2,
Middlesex County,US.VA.MI,119,10,
Surry County,US.VA.SR,119,3,
Carbon County,US.MT.CB,118,0,
Lunenburg County,US.VA.LN,118,3,
Real County,US.TX.RL,118,7,
Wyoming County,US.WV.WY,118,3,
Tyrrell County,US.NC.TY,117,3,
Hubbard County,US.MN.HU,117,1,
Deer Lodge County,US.MT.DE,116,0,
Caribou County,US.ID.CR,116,0,
Custer County,US.MT.CU,116,2,
Lincoln County,US.MN.LI,116,0,
Metcalfe County,US.KY.MT,116,2,
Pulaski County,US.IN.PL,116,1,
Camden County,US.NC.CD,115,3,
Leelanau County,US.MI.LE,115,1,
Winkler County,US.TX.WI,115,3,
Harrison County,US.MO.HS,115,1,
Washakie County,US.WY.WA,115,6,
Bayfield County,US.WI.BY,115,1,
Hansford County,US.TX.HF,114,4,
Van Buren County,US.IA.VA,114,1,
Lafayette County,US.AR.LF,114,2,
Bennington County,US.VT.BE,114,1,
Rockbridge County,US.VA.RB,114,2,
Massac County,US.IL.MA,113,2,
Woods County,US.OK.WS,113,0,
Parke County,US.IN.PA,113,2,
Price County,US.WI.PC,113,0,
Brooke County,US.WV.BO,113,1,
Edgar County,US.IL.EG,113,8,
Nemaha County,US.KS.NM,113,1,
Washburn County,US.WI.WR,112,1,
Jefferson County,US.PA.JE,112,3,
Clare County,US.MI.CE,112,4,
Bethel Census Area,US.AK.BE,112,1,
Osage County,US.KS.OS,111,0,
Floyd County,US.TX.FY,111,9,
Crawford County,US.IN.CW,111,1,
Saguache County,US.CO.SG,111,2,
Keokuk County,US.IA.KE,111,1,
Sevier County,US.UT.SE,111,1,
Madison County,US.NC.MD,110,1,
Monroe County,US.OH.ME,110,18,
Asotin County,US.WA.AS,110,2,
Shannon County,US.MO.SN,110,1,
Paulding County,US.OH.PA,110,0,
Uintah County,US.UT.UN,110,1,
Worth County,US.IA.WT,109,0,
Swisher County,US.TX.SW,109,3,
Hickory County,US.MO.HC,109,3,
Madison County,US.VA.MD,108,3,
Hampshire County,US.WV.HM,108,1,
Northwest Arctic Borough,US.AK.NW,108,0,
Greer County,US.OK.GE,108,8,
Pierce County,US.NE.PI,108,8,
Jim Hogg County,US.TX.JG,108,3,
Duchesne County,US.UT.DU,107,1,
Toole County,US.MT.TO,107,6,
Charlotte County,US.VA.CT,107,0,
Phelps County,US.NE.PH,107,0,
Hancock County,US.TN.HC,107,3,
Carter County,US.MO.CR,107,1,
Charlevoix County,US.MI.CV,107,3,
Nantucket County,US.MA.NA,107,1,
Doniphan County,US.KS.DP,106,0,
Dunn County,US.ND.DU,106,1,
Seneca County,US.NY.SC,106,1,
Allegany County,US.NY.AL,106,2,
Marshall County,US.IL.MH,105,0,
Issaquena County,US.MS.IS,105,3,
Union County,US.IN.UN,105,0,
Socorro County,US.NM.SO,105,6,
Schley County,US.GA.SY,105,2,
Ford County,US.IL.FO,105,5,
Cumberland County,US.VA.CU,105,2,
Garza County,US.TX.GR,105,4,
Brown County,US.IN.BR,104,3,
Morgan County,US.UT.MN,104,0,
Butte County,US.SD.BT,104,3,
Stevens County,US.MN.SV,104,1,
Nicholas County,US.WV.NI,104,3,
Nelson County,US.VA.NL,104,2,
Madison County,US.MT.MA,104,1,
Cumberland County,US.KY.CU,103,0,
Pendleton County,US.KY.PN,102,0,
Owen County,US.KY.OE,101,2,
Roscommon County,US.MI.RO,101,4,
Dickenson County,US.VA.DC,101,1,
Greene County,US.IA.GE,101,0,
Scott County,US.AR.SC,101,1,
Goshen County,US.WY.GO,101,2,
San Miguel County,US.NM.SM,100,0,
Sublette County,US.WY.SU,100,1,
Park County,US.MT.PA,100,0,
Caldwell County,US.MO.CW,100,1,
Gallatin County,US.KY.GL,99,8,
Hidalgo County,US.NM.HI,99,2,
Hutchinson County,US.SD.HT,99,2,
Scott County,US.KS.SC,99,1,
Tillman County,US.OK.TI,99,2,
Lynn County,US.TX.LY,99,5,
Lemhi County,US.ID.LM,99,0,
Marion County,US.AR.MN,99,0,
Pope County,US.MN.PE,99,0,
Hamlin County,US.SD.HM,99,0,
Kearny County,US.KS.KE,98,1,
Gladwin County,US.MI.GL,98,2,
Howard County,US.NE.HW,98,5,
Montgomery County,US.IA.MG,97,5,
San Miguel County,US.CO.SM,97,0,
McCook County,US.SD.MC,97,1,
Otero County,US.CO.OT,97,6,
Presidio County,US.TX.PS,97,6,
Rio Grande County,US.CO.RG,96,2,
Kingman County,US.KS.KM,96,1,
Powell County,US.KY.PO,96,0,
Osceola County,US.MI.OE,95,0,
Rooks County,US.KS.RO,95,0,
Lake County,US.CO.LK,95,0,
Fall River County,US.SD.FL,95,3,
Prowers County,US.CO.PR,94,0,
Cheboygan County,US.MI.CY,94,2,
Edmunds County,US.SD.ED,94,0,
Florence County,US.WI.FL,94,2,
Clarke County,US.VA.CK,94,0,
Baker County,US.OR.BA,94,2,
Moody County,US.SD.MO,94,0,
Valley County,US.ID.VA,93,1,
Marion County,US.KS.MN,92,1,
Lincoln County,US.ID.LI,92,0,
Lewis County,US.MO.LE,92,2,
Major County,US.OK.MJ,91,1,
Dixon County,US.NE.DI,91,2,
Corson County,US.SD.CO,91,1,
Mitchell County,US.TX.MH,90,1,
Hardy County,US.WV.HD,90,1,
Monroe County,US.MO.MR,90,1,
Giles County,US.VA.GI,90,0,
Clay County,US.TX.CY,90,2,
Russell County,US.KS.RS,89,0,
Callahan County,US.TX.AL,88,3,
Bath County,US.KY.BH,88,1,
Perry County,US.AR.PY,88,0,
Custer County,US.NE.CU,87,4,
Reagan County,US.TX.RG,87,6,
Cedar County,US.NE.CA,87,0,
Livingston County,US.KY.LV,87,1,
Archer County,US.TX.AC,87,1,
Windsor County,US.VT.WS,87,2,
Wayne County,US.IA.WY,87,2,
Breathitt County,US.KY.BT,87,0,
Benton County,US.IN.BE,87,0,
Crosby County,US.TX.CB,87,3,
Lexington city,US.VA.LX,86,1,
Valley County,US.MT.VA,86,0,
Somerset County,US.ME.SO,86,8,
Washita County,US.OK.WT,86,0,
Jerauld County,US.SD.JE,85,1,
Linn County,US.MO.LN,85,1,
Montgomery County,US.MO.MM,85,1,
Beaverhead County,US.MT.BE,85,1,
Boone County,US.NE.BO,85,0,
Pembina County,US.ND.PE,85,0,
Kalkaska County,US.MI.KK,85,4,
Schoharie County,US.NY.SO,85,2,
Ness County,US.KS.NS,85,6,
McDowell County,US.WV.MC,84,0,
Eddy County,US.ND.ED,84,3,
Baker County,US.GA.BR,84,4,
Maries County,US.MO.MS,84,0,
Venango County,US.PA.VE,84,1,
Charles City County,US.VA.CC,84,5,
Deuel County,US.SD.DU,84,0,
Fleming County,US.KY.FE,84,0,
Magoffin County,US.KY.MF,84,0,
Holt County,US.NE.HT,84,1,
Big Stone County,US.MN.BI,83,0,
Aitkin County,US.MN.AI,83,1,
Bon Homme County,US.SD.BH,83,1,
Box Butte County,US.NE.BX,83,1,
Addison County,US.VT.AD,83,2,
Alexander County,US.IL.AL,83,1,
Hancock County,US.KY.HC,83,0,
Richland County,US.MT.RI,83,2,
Buena Vista city,US.VA.BE,83,1,
Audubon County,US.IA.AU,83,1,
Bottineau County,US.ND.BT,82,4,
Ransom County,US.ND.RN,82,0,
Jefferson County,US.MT.JE,82,0,
Douglas County,US.SD.DO,82,1,
Upshur County,US.WV.UP,81,0,
Sutton County,US.TX.ST,81,3,
Rice County,US.KS.RC,81,1,
Yukon-Koyukuk Census Area,US.AK.YU,81,2,
Kane County,US.UT.KA,80,1,
Pacific County,US.WA.PA,80,3,
Linn County,US.KS.LN,80,0,
Merrick County,US.NE.ME,80,1,
Benzie County,US.MI.BE,80,2,
Chase County,US.KS.CS,80,1,
Kit Carson County,US.CO.KT,79,3,
Alleghany County,US.VA.AL,79,4,
Dukes County,US.MA.DU,79,0,
Holt County,US.MO.HL,79,1,
Carlisle County,US.KY.CE,79,1,
Scott County,US.IL.SO,79,0,
Ohio County,US.IN.OH,79,7,
Chippewa County,US.MI.CP,78,0,
Sabine County,US.TX.SB,78,8,
Dawson County,US.MT.DW,78,1,
Wyoming County,US.PA.WM,78,8,
Washington County,US.VT.WA,78,2,
Martin County,US.KY.MI,78,3,
Morrill County,US.NE.MO,78,0,
Mason County,US.TX.MA,77,2,
Anderson County,US.KS.AN,77,0,
McLean County,US.KY.ML,77,1,
Martin County,US.TX.MT,77,6,
Manistee County,US.MI.ME,77,3,
Burt County,US.NE.BT,77,0,
Hickman County,US.KY.HA,77,0,
Day County,US.SD.DY,76,0,
Kiowa County,US.OK.KO,76,2,
Antelope County,US.NE.AN,76,1,
Valdez-Cordova Census Area,US.AK.VA,76,0,
St. Clair County,US.MO.SC,76,0,
Poquoson city,US.VA.PQ,75,2,
Mariposa County,US.CA.MP,75,2,
Leslie County,US.KY.LS,75,0,
Matthews County,US.VA.MT,74,0,
Garrett County,US.MD.GA,74,1,
Torrance County,US.NM.TO,74,1,
Menominee County,US.WI.MN,74,0,
Sargent County,US.ND.SG,74,0,
Quay County,US.NM.QU,74,2,
Grand County,US.CO.GR,74,1,
Crowley County,US.CO.CR,73,1,
Elk County,US.PA.EL,73,2,
Hemphill County,US.TX.HH,73,0,
Lander County,US.NV.LA,73,1,
Gallatin County,US.IL.GA,73,2,
Waldo County,US.ME.WL,73,14,
Knox County,US.TX.KX,73,8,
Faulk County,US.SD.FU,73,1,
Pratt County,US.KS.PR,72,0,
Wadena County,US.MN.WD,72,0,
Stillwater County,US.MT.ST,72,2,
King and Queen County,US.VA.KA,72,1,
Adair County,US.IA.AI,72,1,
Lyon County,US.KY.LY,72,4,
Coleman County,US.TX.CM,72,4,
Crane County,US.TX.CR,72,2,
Alfalfa County,US.OK.AL,72,0,
Clay County,US.NE.CL,72,0,
Jefferson County,US.WA.JE,71,0,
Cloud County,US.KS.CD,71,1,
Wabaunsee County,US.KS.WB,71,1,
Antrim County,US.MI.AN,71,0,
Nome Census Area,US.AK.NM,71,0,
Hamilton County,US.IL.HM,71,2,
Switzerland County,US.IN.SW,71,0,
Coal County,US.OK.CL,70,0,
Boise County,US.ID.BS,70,2,
Dickey County,US.ND.DC,70,0,
Wilkin County,US.MN.WL,70,3,
Tioga County,US.PA.TI,70,3,
Falls Church city,US.VA.FU,70,7,
Arenac County,US.MI.AR,70,3,
Dade County,US.MO.DD,70,0,
Pepin County,US.WI.PE,69,0,
Childress County,US.TX.CD,69,0,
Rusk County,US.WI.RU,69,1,
Henderson County,US.IL.HD,69,0,
Rains County,US.TX.RI,68,3,
McIntosh County,US.ND.MI,68,3,
Shelby County,US.MO.SB,68,1,
Cotton County,US.OK.CT,68,3,
Ogemaw County,US.MI.OG,68,5,
Bennett County,US.SD.BN,67,1,
Edwards County,US.TX.ED,67,1,
Trimble County,US.KY.TM,67,0,
Dewey County,US.OK.DW,67,1,
Renville County,US.ND.RE,67,1,
Decatur County,US.IA.DC,67,0,
Fisher County,US.TX.FH,66,3,
Barbour County,US.WV.BB,66,1,
Sagadahoc County,US.ME.SA,66,0,
Franklin County,US.NY.FR,66,1,
Custer County,US.ID.CU,66,1,
LaMoure County,US.ND.LA,65,0,
Skamania County,US.WA.SM,65,1,
Haskell County,US.TX.HK,65,2,
San Saba County,US.TX.SS,65,0,
Clark County,US.MO.CK,65,0,
Keith County,US.NE.KT,65,0,
Lac Qui Parle County,US.MN.LC,65,1,
Harrison County,US.OH.HR,64,3,
Bland County,US.VA.BL,64,5,
Hettinger County,US.ND.HE,64,0,
Donley County,US.TX.DO,64,1,
Stanton County,US.KS.ST,64,2,
Yates County,US.NY.YA,64,6,
Foster County,US.ND.FO,64,0,
Fergus County,US.MT.FE,64,1,
Edwards County,US.IL.EW,64,0,
Sherman County,US.TX.SN,63,0,
Grant County,US.MN.GR,63,4,
Rappahannock County,US.VA.RP,63,2,
White Pine County,US.NV.WH,63,1,
Missaukee County,US.MI.MU,63,1,
McHenry County,US.ND.MH,62,1,
Brown County,US.IL.BR,62,0,
Crook County,US.OR.CR,62,1,
Cheyenne County,US.KS.CN,62,0,
Rush County,US.KS.RH,62,0,
Wilson County,US.KS.WL,62,2,
Pend Oreille County,US.WA.PE,62,0,
Franklin County,US.ME.FR,62,1,
Washington County,US.CO.WA,61,0,
Ziebach County,US.SD.ZI,61,0,
Mackinac County,US.MI.MK,61,0,
Polk County,US.NE.PO,60,1,
Big Horn County,US.WY.BI,60,2,
Calhoun County,US.IL.CH,60,0,
Lake County,US.MN.LE,60,0,
Mills County,US.TX.MS,59,0,
Allen County,US.KS.AL,59,1,
Pocahontas County,US.WV.PO,59,0,
Kauai County,US.HI.KU,59,0,
Logan County,US.ND.LO,59,0,
Greenlee County,US.AZ.GE,59,2,
Grand County,US.UT.GR,58,1,
Johnson County,US.NE.JO,58,0,
Griggs County,US.ND.GI,58,1,
Lamoille County,US.VT.LA,58,1,
Stafford County,US.KS.SF,58,1,
Morgan County,US.KY.MG,58,0,
McKean County,US.PA.MC,57,2,
Nelson County,US.ND.NE,57,0,
Park County,US.CO.PA,57,1,
Lawrence County,US.KY.LC,57,0,
Putnam County,US.IL.PT,57,0,
Boundary County,US.ID.BD,57,1,
Beaver County,US.OK.BA,57,0,
Ballard County,US.KY.BA,57,1,
Sullivan County,US.NH.SU,57,1,
Kingsbury County,US.SD.KI,56,0,
Ottawa County,US.KS.OT,56,0,
Aurora County,US.SD.AU,56,0,
Iron County,US.MO.IR,56,0,
Richardson County,US.NE.RI,55,1,
Fillmore County,US.NE.FI,55,1,
Wetzel County,US.WV.WT,55,0,
Cavalier County,US.ND.CV,55,0,
Morgan County,US.WV.MA,55,0,
Summers County,US.WV.SU,55,0,
Stark County,US.IL.SA,55,2,
Ellsworth County,US.KS.EW,54,0,
Atchison County,US.MO.AT,54,0,
Culberson County,US.TX.UL,54,2,
Archuleta County,US.CO.AC,54,0,
Norman County,US.MN.NR,54,0,
Hancock County,US.ME.HA,54,1,
Schleicher County,US.TX.SH,53,2,
Tillamook County,US.OR.TI,53,0,
Woodruff County,US.AR.WO,53,0,
Pendleton County,US.WV.PE,53,1,
Marshall County,US.MN.MS,53,1,
Coke County,US.TX.OK,53,3,
Ringgold County,US.IA.RI,52,2,
Roger Mills County,US.OK.RR,52,1,
Cochran County,US.TX.CC,52,1,
Roane County,US.WV.RO,51,2,
Kidder County,US.ND.KI,51,0,
Clay County,US.KS.CY,51,2,
Lewis County,US.NY.LE,50,5,
Morgan County,US.OH.MA,50,0,
Edwards County,US.KS.ED,50,0,
Knox County,US.MO.KN,50,1,
Clark County,US.KS.CA,50,1,
Plumas County,US.CA.PU,50,0,
Schuyler County,US.IL.SU,50,0,
Fulton County,US.PA.FU,50,2,
Ketchikan Gateway Borough,US.AK.KG,49,0,
Mahnomen County,US.MN.MH,49,1,
Republic County,US.KS.RP,49,1,
Dickens County,US.TX.DC,49,2,
Nance County,US.NE.NA,49,0,
Greenwood County,US.KS.GW,49,0,
Sheridan County,US.NE.SD,49,0,
Garfield County,US.UT.GA,48,2,
Chariton County,US.MO.CI,48,0,
Wheeler County,US.TX.WL,48,0,
Grant County,US.OK.GN,48,0,
Sitka City and Borough,US.AK.SI,48,0,
Lincoln County,US.WA.LI,48,1,
Vinton County,US.OH.VI,47,3,
Hudspeth County,US.TX.HU,47,3,
Clearwater County,US.ID.CE,47,0,
Cherry County,US.NE.CH,47,4,
Sanders County,US.MT.SA,46,1,
Menifee County,US.KY.ME,46,0,
Golden Valley County,US.ND.GO,46,0,
Sierra County,US.NM.SI,46,1,
Crook County,US.WY.CK,46,0,
Hamilton County,US.KS.HM,46,0,
Gilmer County,US.WV.GI,45,0,
Sweet Grass County,US.MT.SW,45,1,
Potter County,US.SD.PO,45,0,
Red Lake County,US.MN.RD,45,1,
Webster County,US.GA.WT,44,2,
Harmon County,US.OK.HM,44,0,
Mitchell County,US.KS.MC,44,0,
Kinney County,US.TX.KN,44,1,
Bear Lake County,US.ID.BK,44,1,
Aroostook County,US.ME.AR,43,1,
Alcona County,US.MI.AC,43,2,
Warren County,US.PA.WR,43,1,
Rock County,US.NE.RO,42,1,
Jefferson County,US.OK.JE,42,0,
Ontonagon County,US.MI.ON,42,0,
Valley County,US.NE.VA,42,0,
Warren County,US.IN.WN,42,1,
Moffat County,US.CO.MF,42,1,
Stanley County,US.SD.ST,42,0,
Lincoln County,US.ME.LI,42,1,
Bracken County,US.KY.BK,41,0,
Schuyler County,US.NY.SU,41,0,
Knox County,US.ME.KN,41,1,
Bowman County,US.ND.BW,41,0,
Rawlins County,US.KS.RA,40,0,
Perkins County,US.SD.PR,40,0,
Hanson County,US.SD.HS,40,0,
Clark County,US.SD.CK,40,0,
Hardin County,US.IL.HI,40,0,
Emery County,US.UT.EM,40,0,
Hand County,US.SD.HD,40,0,
Morris County,US.KS.MR,39,0,
Cheyenne County,US.NE.CY,39,0,
Clear Creek County,US.CO.CL,39,1,
Stanton County,US.NE.ST,39,0,
Owsley County,US.KY.OS,39,1,
Glascock County,US.GA.GS,39,2,
Furnas County,US.NE.FU,39,2,
Wolfe County,US.KY.WL,39,0,
Red Willow County,US.NE.RE,39,0,
Reynolds County,US.MO.RE,39,0,
Elliott County,US.KY.EL,39,0,
Marshall County,US.SD.MS,38,0,
Lewis County,US.WV.LE,38,2,
Beaver County,US.UT.BV,38,0,
Hot Springs County,US.WY.HO,38,0,
Pondera County,US.MT.PN,37,0,
Colfax County,US.NM.CO,36,1,
Wells County,US.ND.WE,36,0,
Johnson County,US.WY.JO,36,1,
Clay County,US.WV.CY,36,2,
Calhoun County,US.AR.CA,36,0,
Musselshell County,US.MT.MU,36,1,
Trego County,US.KS.TR,35,1,
Lake County,US.MI.LK,35,0,
Gosper County,US.NE.GO,35,0,
Jackson County,US.SD.JA,35,1,
Brown County,US.NE.BW,34,0,
Guadalupe County,US.NM.GU,34,1,
Phillips County,US.CO.PH,34,0,
Norton city,US.VA.NC,34,0,
Noble County,US.OH.NO,34,0,
Graham County,US.KS.GH,34,1,
Conejos County,US.CO.CN,34,0,
Caledonia County,US.VT.CA,34,0,
Traverse County,US.MN.TR,34,0,
McPherson County,US.SD.MP,33,0,
Putnam County,US.MO.PN,33,1,
Gove County,US.KS.GO,33,0,
Lake County,US.OR.LK,33,0,
Adams County,US.IA.AM,33,0,
Burke County,US.ND.BK,33,1,
Clark County,US.ID.CA,33,0,
Norton County,US.KS.NT,33,0,
Sherman County,US.KS.SH,33,0,
Camas County,US.ID.CM,33,0,
Pierce County,US.ND.PI,33,0,
Los Alamos County,US.NM.LO,33,0,
Nicholas County,US.KY.NI,33,1,
Lipscomb County,US.TX.LM,32,0,
Quitman County,US.GA.QU,32,1,
Costilla County,US.CO.CS,32,1,
Perkins County,US.NE.PE,32,10,
Covington city,US.VA.CV,32,0,
Scotland County,US.MO.SO,31,1,
Oscoda County,US.MI.OO,31,1,
Wallowa County,US.OR.WW,31,1,
Jefferson County,US.NE.JE,31,0,
Baraga County,US.MI.BA,31,1,
Curry County,US.OR.CU,31,0,
Union County,US.NM.UN,31,2,
Craig County,US.VA.CG,31,0,
Prince of Wales-Hyder Census Area,US.AK.PH,31,0,
Thayer County,US.NE.TA,31,0,
Platte County,US.WY.PL,30,1,
Butte County,US.ID.BT,30,0,
Campbell County,US.SD.CP,30,0,
Mellette County,US.SD.ML,30,0,
Ferry County,US.WA.FE,30,0,
San Juan County,US.WA.SA,29,0,
Chouteau County,US.MT.CH,29,0,
Sanborn County,US.SD.SA,29,0,
Pope County,US.IL.PE,29,1,
Potter County,US.PA.PO,29,0,
Harper County,US.OK.HP,29,1,
Tucker County,US.WV.TU,29,0,
Hall County,US.TX.HA,28,1,
Greeley County,US.NE.GE,28,0,
Adams County,US.ID.AM,28,2,
Steele County,US.ND.SE,28,0,
Mercer County,US.MO.MC,28,0,
Franklin County,US.NE.FA,28,0,
Clearwater County,US.MN.CE,28,0,
Southeast Fairbanks Census Area,US.AK.SO,27,0,
Schoolcraft County,US.MI.SR,27,0,
Presque Isle County,US.MI.PR,27,1,
Lake and Peninsula Borough,US.AK.LA,27,0,
Cottle County,US.TX.OT,27,3,
Haakon County,US.SD.HA,26,0,
Menard County,US.TX.EN,26,0,
Delta County,US.TX.DT,26,0,
Oneida County,US.ID.ON,26,0,
Rio Blanco County,US.CO.RB,26,0,
Boyd County,US.NE.BY,26,0,
Marshall County,US.KS.MS,26,0,
Calhoun County,US.WV.CH,25,0,
Meagher County,US.MT.ME,25,2,
Upton County,US.TX.UP,25,2,
Hardeman County,US.TX.RD,25,0,
Kiowa County,US.KS.KW,25,0,
Cimarron County,US.OK.CO,25,0,
Ouray County,US.CO.OU,25,1,
Shackelford County,US.TX.SC,25,0,
Orange County,US.VT.OA,25,0,
Las Animas County,US.CO.LS,25,0,
Doddridge County,US.WV.DO,25,1,
Blaine County,US.MT.BL,25,0,
Schuyler County,US.MO.SH,24,0,
Hoonah-Angoon Census Area,US.AK.HH,24,0,
Teton County,US.MT.TE,24,0,
Sherman County,US.NE.SM,24,2,
McMullen County,US.TX.MM,24,1,
Chase County,US.NE.CE,23,0,
Carson County,US.TX.CN,23,0,
Harlan County,US.NE.HR,23,0,
Hodgeman County,US.KS.HG,23,0,
Huerfano County,US.CO.HU,23,1,
Sheridan County,US.KS.SD,23,0,
Lake of the Woods County,US.MN.LO,23,1,
Miner County,US.SD.ME,23,0,
McCone County,US.MT.MC,23,0,
Coos County,US.NH.CO,22,0,
Pershing County,US.NV.PE,22,0,
Woodson County,US.KS.WO,22,0,
Kodiak Island Borough,US.AK.KO,22,0,
Lewis County,US.ID.LW,22,0,
Taliaferro County,US.GA.TA,22,0,
Granite County,US.MT.GN,22,0,
Grant County,US.ND.GT,21,0,
Decatur County,US.KS.DC,21,0,
Worth County,US.MO.WO,21,0,
Oliver County,US.ND.OL,21,0,
Adams County,US.ND.AD,21,0,
Orleans County,US.VT.OL,21,0,
Mineral County,US.CO.MI,20,0,
Washington County,US.KS.WS,20,0,
Pawnee County,US.NE.PA,20,0,
Liberty County,US.MT.LB,19,0,
Chautauqua County,US.KS.CQ,19,0,
Baylor County,US.TX.BR,19,1,
Towner County,US.ND.TO,19,0,
Rich County,US.UT.RH,19,0,
Hyde County,US.SD.HY,19,0,
Sherman County,US.OR.SH,18,0,
Billings County,US.ND.BI,18,0,
Logan County,US.KS.LG,18,0,
Wallace County,US.KS.WA,18,0,
Alger County,US.MI.AG,18,0,
Wheatland County,US.MT.WH,18,1,
Gilpin County,US.CO.GI,18,0,
Collingsworth County,US.TX.CG,18,0,
Webster County,US.NE.WE,17,0,
Lee County,US.KY.LE,17,0,
Jewell County,US.KS.JW,17,1,
Garfield County,US.MT.GF,17,0,
Baca County,US.CO.BA,17,0,
Pleasants County,US.WV.PL,17,3,
Custer County,US.CO.CU,17,0,
Oldham County,US.TX.OL,17,1,
Broadwater County,US.MT.BR,17,0,
Tyler County,US.WV.TY,16,0,
Nuckolls County,US.NE.NU,16,0,
Kimble County,US.TX.KM,16,1,
Trinity County,US.CA.TR,16,0,
Washington County,US.ME.WS,16,0,
Sedgwick County,US.CO.SE,15,1,
Forest County,US.PA.FO,15,0,
Hamilton County,US.NY.HA,15,1,
Kimball County,US.NE.KB,15,0,
Montmorency County,US.MI.MR,15,0,
Morton County,US.KS.MT,15,2,
Stonewall County,US.TX.SA,14,1,
Lane County,US.KS.LE,14,0,
Sheridan County,US.MT.SH,14,0,
Cheyenne County,US.CO.CE,14,0,
Kusilvak Census Area,US.AK.WA,14,0,
Columbia County,US.WA.CM,14,1,
Lincoln County,US.KS.LC,14,0,
Jeff Davis County,US.TX.JF,14,0,
Grand Isle County,US.VT.GR,14,0,
Jones County,US.SD.JO,13,0,
Luce County,US.MI.LU,13,0,
Sullivan County,US.PA.SL,13,0,
Ritchie County,US.WV.RI,13,0,
Armstrong County,US.TX.AM,13,1,
Mineral County,US.NV.MI,13,0,
Wrangell City and Borough,US.AK.WG,13,0,
Braxton County,US.WV.BX,13,0,
Wirt County,US.WV.WI,12,0,
Garfield County,US.NE.GF,12,0,
Sheridan County,US.ND.SH,12,0,
Modoc County,US.CA.MC,12,0,
Keweenaw County,US.MI.KW,12,0,
Briscoe County,US.TX.BO,12,1,
Harney County,US.OR.HA,12,0,
Kittson County,US.MN.KI,12,0,
Powell County,US.MT.PL,12,0,
Robertson County,US.KY.RB,12,0,
Comanche County,US.KS.CM,12,0,
Sully County,US.SD.SU,11,0,
Hooker County,US.NE.HO,11,0,
Garfield County,US.WA.GF,11,0,
Bent County,US.CO.BE,11,0,
Ellis County,US.OK.EL,11,0,
Dundy County,US.NE.DY,11,1,
Lincoln County,US.CO.LI,10,0,
Garden County,US.NE.GD,10,0,
Grant County,US.OR.GR,10,0,
Eureka County,US.NV.EU,10,0,
Powder River County,US.MT.PD,10,0,
Irion County,US.TX.IR,10,0,
Storey County,US.NV.ST,10,0,
Dillingham Census Area,US.AK.DI,9,0,
Jackson County,US.CO.JA,9,0,
Bath County,US.VA.BA,9,0,
Catron County,US.NM.CA,9,1,
Osborne County,US.KS.OB,9,0,
Motley County,US.TX.MY,9,0,
Wibaux County,US.MT.WI,9,0,
Piscataquis County,US.ME.PI,9,0,
Roberts County,US.TX.RS,9,0,
Glasscock County,US.TX.GC,9,0,
Foard County,US.TX.FD,9,0,
Kent County,US.TX.KT,9,0,
Cameron County,US.PA.CE,8,0,
Greeley County,US.KS.GL,8,0,
Webster County,US.WV.WB,8,0,
Gilliam County,US.OR.GI,8,0,
Aleutians West Census Area,US.AK.AW,8,0,
Frontier County,US.NE.FO,8,0,
Smith County,US.KS.SM,8,0,
Throckmorton County,US.TX.TH,8,2,
Slope County,US.ND.SL,7,0,
Divide County,US.ND.DV,7,0,
Denali Borough,US.AK.DE,7,0,
Piute County,US.UT.PT,7,0,
Sioux County,US.NE.SI,7,0,
Highland County,US.VA.HA,7,0,
Petersburg Census Area,US.AK.PB,7,1,
Judith Basin County,US.MT.JU,7,0,
Lincoln County,US.NV.LI,7,0,
Kenedy County,US.TX.KE,7,2,
Mora County,US.NM.MO,7,0,
Sierra County,US.CA.SE,6,0,
McPherson County,US.NE.MC,6,0,
Barber County,US.KS.AB,6,0,
Cook County,US.MN.CO,6,0,
Logan County,US.NE.LG,6,0,
Essex County,US.VT.ES,6,0,
Wahkiakum County,US.WA.WH,6,0,
Elk County,US.KS.EK,6,0,
San Juan County,US.CO.SJ,6,0,
Fallon County,US.MT.FA,5,0,
Wichita County,US.KS.WH,5,0,
Golden Valley County,US.MT.GO,5,0,
Daniels County,US.MT.DN,5,0,
Sterling County,US.TX.SI,5,0,
Keya Paha County,US.NE.KY,5,0,
Haines Borough,US.AK.HA,5,0,
Harding County,US.SD.HR,4,0,
Thomas County,US.NE.TO,4,0,
Hitchcock County,US.NE.HI,4,0,
Prairie County,US.MT.PR,4,0,
Carter County,US.MT.CT,4,0,
Deuel County,US.NE.DL,4,0,
Niobrara County,US.WY.NI,4,0,
Mineral County,US.MT.MN,4,0,
Dolores County,US.CO.DO,3,0,
Aleutians East Borough,US.AK.AE,3,0,
Treasure County,US.MT.TR,3,0,
Hinsdale County,US.CO.HI,3,0,
Loup County,US.NE.LU,3,0,
Terrell County,US.TX.TL,3,0,
Harding County,US.NM.HA,2,0,
Wayne County,US.UT.WE,2,0,
Alpine County,US.CA.AP,2,0,
Banner County,US.NE.BA,2,0,
Arthur County,US.NE.AR,1,0,
Grant County,US.NE.GA,1,0,
Kiowa County,US.CO.KO,1,0,
Blaine County,US.NE.BL,1,0,
De Baca County,US.NM.DE,1,0,
Daggett County,US.UT.DG,1,0,
Borden County,US.TX.BD,1,0,
Wheeler County,US.NE.WH,1,0,
Hayes County,US.NE.HY,0,0,
Wheeler County,US.OR.WE,0,0,
Petroleum County,US.MT.PO,0,0,
Skagway Municipality,US.AK.SW,0,0,
Loving County,US.TX.LI,0,0,
King County,US.TX.KG,0,0,
Yakutat City and Borough,US.AK.YA,0,0,
Esmeralda County,US.NV.ES,0,0,
Kalawao County,US.HI.KL,0,0,
Bristol Bay Borough,US.AK.BR,0,0,
