County,hasc,confirmed,death,recovered
Los Angeles County,US.CA.LO,274565,6647,
Miami-Dade County,US.FL.DA,172205,3334,
Cook County,US.IL.CO,148381,5256,
Harris County,US.TX.RR,147298,2626,
Maricopa County,US.AZ.MA,143183,3426,
Dallas County,US.TX.DS,83178,1148,
Broward County,US.FL.BO,77934,1420,
Queens County,US.NY.QU,73131,7263,
Kings County,US.NY.KI,69933,7339,
Clark County,US.NV.CL,68851,1409,
Riverside County,US.CA.RI,59934,1231,
Bexar County,US.TX.BX,58678,1332,
San Bernardino County,US.CA.SA,56275,962,
Orange County,US.CA.OR,54640,1286,
Bronx County,US.NY.BN,53353,4958,
San Diego County,US.CA.SD,48436,803,
Tarrant County,US.TX.TN,47793,734,
Nassau County,US.NY.NA,47246,2204,
Palm Beach County,US.FL.PL,47079,1394,
Suffolk County,US.NY.SF,46842,2015,
Hillsborough County,US.FL.HL,42891,671,
Orange County,US.FL.OR,40940,481,
Westchester County,US.NY.WE,38475,1457,
Wayne County,US.MI.WY,35863,2995,
New York County,US.NY.NE,33863,3182,
Salt Lake County,US.UT.SL,33599,258,
Philadelphia County,US.PA.PH,32876,1838,
Kern County,US.CA.KE,32491,386,
Hidalgo County,US.TX.HG,32406,1558,
Milwaukee County,US.WI.MU,32186,545,
Shelby County,US.TN.SY,31600,487,
Duval County,US.FL.DU,30985,429,
Middlesex County,US.MA.MI,30500,2166,
Prince George's County,US.MD.PR,30004,830,
Travis County,US.TX.TV,29750,424,
Mecklenburg County,US.NC.MB,29454,361,
Fresno County,US.CA.FR,28855,399,
Hennepin County,US.MN.HE,28645,944,
Fulton County,US.GA.FU,28096,579,
Gwinnett County,US.GA.GW,28074,414,
Franklin County,US.OH.FR,28014,630,
Davidson County,US.TN.DA,27185,316,
Suffolk County,US.MA.SU,26073,1142,
Pima County,US.AZ.PM,25925,627,
El Paso County,US.TX.EP,25569,534,
St. Louis County,US.MO.SL,23750,812,
King County,US.WA.KN,23022,767,
Montgomery County,US.MD.MO,22976,849,
Cameron County,US.TX.CA,22946,929,
Sacramento County,US.CA.SC,22855,430,
Bergen County,US.NJ.BE,22734,2046,
Pinellas County,US.FL.PI,22509,763,
Marion County,US.IN.MO,22454,822,
Santa Clara County,US.CA.SL,21840,344,
Alameda County,US.CA.AA,21708,425,
Essex County,US.NJ.ES,21330,2129,
Fairfax County,US.VA.FX,21282,590,
Essex County,US.MA.ES,21172,1296,
Oakland County,US.MI.OD,21107,1207,
Hudson County,US.NJ.HD,20897,1519,
Utah County,US.UT.UT,20831,61,
Lee County,US.FL.LE,20780,474,
Jefferson County,US.AL.JE,20666,354,
San Joaquin County,US.CA.SJ,20485,470,
Polk County,US.FL.PO,20425,531,
Fairfield County,US.CT.FA,20400,1423,
Jackson County (including other portions of Kansas City),US.MO.JC,20153,243,
Cobb County,US.GA.CB,20010,429,
Middlesex County,US.NJ.MI,19904,1430,
Passaic County,US.NJ.PA,19237,1256,
Oklahoma County,US.OK.OL,19140,197,
DeKalb County,US.GA.DA,19128,371,
Providence County,US.RI.PR,18927,893,
Baltimore County,US.MD.BC,18354,634,
DuPage County,US.IL.DU,18209,567,
Wake County,US.NC.WK,18155,257,
Tulsa County,US.OK.TU,17949,169,
Cuyahoga County,US.OH.CU,17910,665,
Union County,US.NJ.UN,17870,1357,
Jefferson Parish,US.LA.JF,17764,571,
Lake County,US.IL.LK,17520,493,
Contra Costa County,US.CA.CN,17263,212,
Douglas County,US.NE.DG,17075,195,
Stanislaus County,US.CA.ST,16737,372,
Jefferson County,US.KY.JF,16714,314,
Fort Bend County,US.TX.FR,16603,293,
Polk County,US.IA.PK,16470,270,
Tulare County,US.CA.TL,16399,265,
Richmond County,US.NY.RI,16137,1086,
Charleston County,US.SC.CS,16026,267,
Rockland County,US.NY.RO,16016,509,
Nueces County,US.TX.NU,16007,387,
Baltimore City,US.MD.BA,15954,486,
Richland County,US.SC.RI,15719,249,
Collin County,US.TX.CI,15568,152,
Washington,US.DC.DI,15519,631,
Worcester County,US.MA.WO,15326,1120,
East Baton Rouge Parish,US.LA.EB,15307,443,
Macomb County,US.MI.MB,15107,1032,
Hartford County,US.CT.HA,14989,1439,
Greenville County,US.SC.GV,14958,313,
Will County,US.IL.WL,14589,388,
New Haven County,US.CT.NH,14583,1115,
Ocean County,US.NJ.OC,14244,1050,
Webb County,US.TX.WB,14090,283,
Denver County,US.CO.DN,13811,434,
Hamilton County,US.OH.HM,13790,331,
Mobile County,US.AL.MB,13739,296,
Kane County,US.IL.KE,13523,328,
Ada County,US.ID.AA,13498,150,
Ventura County,US.CA.VE,12943,153,
Collier County,US.FL.CL,12909,228,
Yuma County,US.AZ.YU,12815,348,
Orleans Parish,US.LA.OR,12771,588,
Osceola County,US.FL.OS,12760,158,
Prince William County,US.VA.PW,12744,209,
Allegheny County,US.PA.AL,12731,364,
Lubbock County,US.TX.LU,12580,131,
Montgomery County,US.PA.MG,12499,883,
Escambia County,US.FL.ES,12478,243,
Denton County,US.TX.DN,12425,157,
Orange County,US.NY.OE,12394,413,
Monmouth County,US.NJ.MN,12224,868,
Imperial County,US.CA.IM,12047,326,
Norfolk County,US.MA.NO,11985,1071,
Johnson County,US.KS.JO,11800,158,
Galveston County,US.TX.GV,11788,164,
Erie County,US.NY.ER,11767,632,
Manatee County,US.FL.MN,11766,295,
Delaware County,US.PA.DE,11716,758,
Brazoria County,US.TX.BI,11575,171,
Ramsey County,US.MN.RA,11573,326,
Honolulu County,US.HI.HO,11505,128,
Yakima County,US.WA.YA,11495,262,
San Francisco County,US.CA.SF,11464,108,
Lake County,US.IN.LK,11223,346,
Volusia County,US.FL.VO,11110,260,
Montgomery County,US.TX.MG,11032,162,
New Castle County,US.DE.NE,11005,317,
Dane County,US.WI.DA,10925,43,
Bristol County,US.MA.BR,10904,703,
Leon County,US.FL.LO,10842,82,
Pinal County,US.AZ.PN,10745,210,
Brown County,US.WI.BW,10653,69,
Horry County,US.SC.HO,10622,202,
Kent County,US.MI.KN,10498,175,
Plymouth County,US.MA.PL,10437,777,
Anne Arundel County,US.MD.AN,10376,252,
Monterey County,US.CA.MT,10359,75,
San Mateo County,US.CA.SM,10207,152,
Camden County,US.NJ.CM,10124,612,
Knox County,US.TN.KN,9963,81,
Marion County,US.FL.MI,9938,303,
Hamilton County,US.TN.HL,9900,96,
Washington County,US.AR.WA,9899,118,
Washoe County,US.NV.WA,9890,164,
Adams County,US.CO.AD,9824,231,
Pulaski County,US.AR.PU,9770,156,
Rutherford County,US.TN.RU,9709,98,
Arapahoe County,US.CO.AA,9690,373,
Hall County,US.GA.HL,9618,158,
Pasco County,US.FL.PS,9476,210,
Brevard County,US.FL.BE,9373,305,
Sedgwick County,US.KS.SG,9276,93,
Santa Barbara County,US.CA.SB,9249,115,
Seminole County,US.FL.SE,9213,227,
Tuscaloosa County,US.AL.TU,9194,119,
Lafayette Parish,US.LA.LY,9079,134,
Guilford County,US.NC.GU,9050,187,
Bucks County,US.PA.BC,9037,617,
Merced County,US.CA.MD,9033,145,
Montgomery County,US.AL.MT,9007,186,
Waukesha County,US.WI.WK,8862,94,
Caddo Parish,US.LA.CO,8850,368,
Hampden County,US.MA.HD,8781,789,
Mercer County,US.NJ.ME,8721,636,
Williamson County,US.TX.WM,8706,144,
Chatham County,US.GA.CM,8652,168,
Alachua County,US.FL.AL,8548,63,
Canyon County,US.ID.CN,8396,102,
McLennan County,US.TX.ML,8385,110,
Montgomery County,US.OH.MT,8383,181,
Sarasota County,US.FL.SR,8343,264,
Pierce County,US.WA.PI,8294,207,
Madison County,US.AL.MD,8234,78,
St. Lucie County,US.FL.SL,8205,292,
Lancaster County,US.PA.LN,8195,459,
St. Charles County,US.MO.SA,8039,115,
Morris County,US.NJ.MR,7986,830,
Dakota County,US.MN.DA,7954,130,
Calcasieu Parish,US.LA.CC,7947,217,
Durham County,US.NC.DH,7932,97,
Kings County,US.CA.KI,7851,104,
Lexington County,US.SC.LX,7742,171,
Lake County,US.FL.LK,7693,197,
Sonoma County,US.CA.SO,7668,122,
Jefferson County,US.TX.JE,7585,136,
Lucas County,US.OH.LU,7527,369,
Multnomah County,US.OR.MU,7516,140,
Spokane County,US.WA.SP,7352,172,
Berks County,US.PA.BK,7351,399,
Forsyth County,US.NC.FO,7308,104,
Burlington County,US.NJ.BU,7306,502,
Hinds County,US.MS.HI,7289,163,
Wyandotte County,US.KS.WY,7271,134,
Richmond County,US.GA.RI,7270,167,
Spartanburg County,US.SC.SP,7215,205,
St. Joseph County,US.IN.SN,7200,131,
Minnehaha County,US.SD.MN,7199,84,
City of St. Louis,US.MO.SY,7187,213,
El Paso County,US.CO.EL,7187,176,
Clayton County,US.GA.CN,7178,162,
Snohomish County,US.WA.SN,7154,212,
St. Tammany Parish,US.LA.ST,7148,260,
Elkhart County,US.IN.EL,7108,118,
Chester County,US.PA.CH,7075,367,
Virginia Beach City,US.VA.VI,7059,94,
Fayette County,US.KY.FA,7054,77,
Sussex County,US.DE.SU,6996,210,
Loudoun County,US.VA.LD,6985,126,
Greene County,US.MO.GE,6906,65,
St. Clair County,US.IL.SI,6905,196,
Benton County,US.AR.BE,6890,95,
Bernalillo County,US.NM.BE,6878,180,
Lancaster County,US.NE.LA,6790,24,
Winnebago County,US.IL.WN,6779,152,
Marin County,US.CA.MN,6729,117,
Allen County,US.IN.AL,6650,219,
Anoka County,US.MN.AN,6635,140,
Brazos County,US.TX.BZ,6622,64,
Butler County,US.OH.BU,6569,113,
Cleveland County,US.OK.CV,6535,75,
Solano County,US.CA.SN,6520,71,
Ouachita Parish,US.LA.OU,6428,149,
Shelby County,US.AL.SH,6375,51,
Cherokee County,US.GA.CE,6239,93,
Monroe County,US.NY.MR,6206,260,
Bay County,US.FL.BY,6194,113,
Chesterfield County,US.VA.CD,6170,98,
Lee County,US.AL.LE,6141,61,
Bibb County,US.GA.BI,6136,177,
Potter County,US.TX.PT,6127,65,
Muscogee County,US.GA.MG,6100,171,
Baldwin County,US.AL.BD,6073,53,
Jefferson County,US.CO.JE,6059,255,
Madison County,US.IL.MD,5992,147,
Hays County,US.TX.HY,5951,66,
Woodbury County,US.IA.WO,5918,69,
Somerset County,US.NJ.SO,5907,577,
Navajo County,US.AZ.NA,5819,236,
DeSoto County,US.MS.DE,5811,70,
Cumberland County,US.NC.CU,5804,80,
Lehigh County,US.PA.LH,5770,354,
Beaufort County,US.SC.BA,5757,84,
Outagamie County,US.WI.OU,5751,32,
Racine County,US.WI.RA,5750,98,
Cass County,US.ND.CS,5678,78,
Davis County,US.UT.DA,5649,32,
York County,US.SC.YO,5631,84,
Bell County,US.TX.BL,5623,89,
Summit County,US.OH.SU,5576,253,
Henrico County,US.VA.HC,5572,219,
Williamson County,US.TN.WL,5572,40,
Berkeley County,US.SC.BK,5547,89,
Gaston County,US.NC.GS,5524,88,
St. Johns County,US.FL.SJ,5518,74,
Santa Rosa County,US.FL.SA,5430,78,
Henry County,US.GA.HY,5416,104,
Clay County,US.FL.CY,5285,105,
Johnson County,US.IA.JH,5261,28,
Howard County,US.MD.HO,5234,123,
Hamilton County,US.IN.HM,5231,119,
Clarke County,US.GA.CK,5198,45,
Dutchess County,US.NY.DU,5179,158,
Okaloosa County,US.FL.OA,5176,119,
York County,US.PA.YO,5107,167,
Pitt County,US.NC.PI,5096,33,
Union County,US.NC.UN,5061,59,
Winnebago County,US.WI.WA,5059,34,
Sumner County,US.TN.SN,5044,103,
Champaign County,US.IL.CM,5041,23,
Florence County,US.SC.FL,5032,194,
Martin County,US.FL.MT,4985,143,
Weld County,US.CO.WE,4949,151,
Norfolk City,US.VA.NF,4936,79,
Marion County,US.OR.MR,4924,98,
Genesee County,US.MI.GE,4883,309,
Robeson County,US.NC.RB,4790,83,
Gloucester County,US.NJ.GL,4787,230,
Washington County,US.OR.WI,4779,60,
McHenry County,US.IL.MY,4776,119,
Boone County,US.MO.BO,4762,11,
Richmond City,US.VA.RC,4757,62,
Municipality of Anchorage,US.AK.AN,4743,36,
Anderson County,US.SC.AN,4733,184,
Whitfield County,US.GA.WF,4722,61,
Johnston County,US.NC.JH,4689,57,
Benton County,US.WA.BE,4675,132,
Black Hawk County,US.IA.BL,4644,93,
Madera County,US.CA.ME,4642,70,
Hillsborough County,US.NH.HI,4642,292,
Northampton County,US.PA.NA,4597,305,
Boulder County,US.CO.BO,4594,81,
Tangipahoa Parish,US.LA.TA,4575,120,
Onondaga County,US.NY.OG,4537,182,
Jefferson County,US.MO.JE,4531,66,
Weber County,US.UT.WB,4525,32,
Warren County,US.KY.WR,4490,55,
Ellis County,US.TX.EI,4482,68,
New Hanover County,US.NC.NE,4458,33,
Chesapeake City,US.VA.CS,4412,73,
Aiken County,US.SC.AI,4384,84,
Franklin County,US.WA.FR,4381,66,
Linn County,US.IA.LI,4375,116,
McKinley County,US.NM.MC,4355,257,
Rapides Parish,US.LA.RA,4334,149,
Stearns County,US.MN.SR,4320,26,
Coconino County,US.AZ.CO,4275,144,
Dorchester County,US.SC.DO,4264,90,
Jasper County,US.MO.JS,4260,52,
Vanderburgh County,US.IN.VA,4224,31,
Atlantic County,US.NJ.AT,4223,256,
Forsyth County,US.GA.FO,4211,47,
Luzerne County,US.PA.LU,4193,190,
Frederick County,US.MD.FR,4191,133,
Cabarrus County,US.NC.CR,4187,76,
Kenosha County,US.WI.KN,4140,68,
Washington County,US.MN.WH,4132,58,
Alamance County,US.NC.AA,4121,56,
Victoria County,US.TX.VI,4100,96,
Harrison County,US.MS.HR,4077,76,
Mohave County,US.AZ.MO,4050,228,
Arlington County,US.VA.AR,4045,151,
Burleigh County,US.ND.BL,4036,53,
Marshall County,US.AL.MS,4032,45,
Lowndes County,US.GA.LW,3987,84,
Sarpy County,US.NE.SY,3966,27,
Dauphin County,US.PA.DA,3946,182,
Sebastian County,US.AR.SB,3946,62,
Midland County,US.TX.ID,3943,66,
Alexandria City,US.VA.AX,3912,70,
Columbia County,US.FL.CU,3895,60,
Washtenaw County,US.MI.WS,3890,116,
Smith County,US.TX.SM,3876,110,
Livingston Parish,US.LA.LV,3855,76,
Columbia County,US.GA.CI,3853,62,
Cumberland County,US.NJ.CU,3813,160,
Ascension Parish,US.LA.AE,3806,98,
Walker County,US.TX.WK,3759,57,
Jackson County,US.MS.JC,3739,70,
Wilson County,US.TN.WO,3717,49,
Peoria County,US.IL.PI,3712,55,
Maverick County,US.TX.MV,3712,127,
Lafourche Parish,US.LA.LO,3708,122,
Ingham County,US.MI.IH,3706,51,
Dubuque County,US.IA.DU,3701,44,
Etowah County,US.AL.ET,3685,45,
San Luis Obispo County,US.CA.SS,3685,31,
Calhoun County,US.AL.CN,3679,44,
Terrebonne Parish,US.LA.TR,3672,118,
Douglas County,US.GA.DL,3671,69,
Guadalupe County,US.TX.GU,3643,78,
Ottawa County,US.MI.OT,3635,67,
Dona Ana County,US.NM.DO,3634,59,
Placer County,US.CA.PA,3628,49,
Yellowstone County,US.MT.YS,3611,69,
Apache County,US.AZ.AP,3579,165,
Rowan County,US.NC.RW,3563,103,
Story County,US.IA.ST,3556,17,
Jefferson County,US.AR.JE,3543,85,
Wayne County,US.NC.WY,3535,71,
Putnam County,US.TN.PU,3521,48,
Glynn County,US.GA.GY,3520,96,
Washington County,US.UT.WN,3511,29,
Morgan County,US.AL.MG,3461,31,
Starr County,US.TX.SR,3451,171,
Clark County,US.WA.CR,3450,68,
Rankin County,US.MS.RA,3446,80,
La Crosse County,US.WI.LA,3443,4,
McLean County,US.IL.ML,3418,23,
Bossier Parish,US.LA.BO,3417,108,
Madison County,US.MS.MD,3389,90,
San Juan County,US.NM.SJ,3388,200,
St. Landry Parish,US.LA.SL,3382,128,
Houston County,US.AL.HO,3347,23,
Catawba County,US.NC.CB,3339,53,
Pickens County,US.SC.PI,3334,47,
Buncombe County,US.NC.BO,3331,88,
Indian River County,US.FL.IN,3325,118,
Floyd County,US.GA.FL,3313,47,
Scott County,US.IA.SC,3305,29,
Sumter County,US.SC.SU,3269,78,
Warren County,US.OH.WR,3265,58,
Craighead County,US.AR.CG,3261,24,
Hernando County,US.FL.HA,3239,135,
Montgomery County,US.TN.MT,3235,46,
Kalamazoo County,US.MI.KA,3223,96,
Mahoning County,US.OH.MH,3223,282,
Kaufman County,US.TX.KU,3202,49,
Houston County,US.GA.HO,3195,84,
Randall County,US.TX.RA,3193,45,
Iredell County,US.NC.IR,3192,33,
Ector County,US.TX.EC,3192,87,
Albany County,US.NY.AB,3190,123,
Rock Island County,US.IL.RO,3185,80,
Marion County,US.OH.MR,3174,48,
Dougherty County,US.GA.DH,3170,188,
Johnson County,US.TX.JH,3169,53,
Madison County,US.TN.MD,3154,71,
Kent County,US.DE.KE,3152,118,
Orangeburg County,US.SC.OR,3151,127,
Charlotte County,US.FL.CH,3149,140,
Harford County,US.MD.HA,3141,76,
Umatilla County,US.OR.UM,3095,41,
Stark County,US.OH.ST,3082,177,
Saginaw County,US.MI.SG,3070,141,
Bradley County,US.TN.BR,3060,19,
Lee County,US.MS.LE,3040,73,
Grant County,US.WA.GN,3035,22,
Centre County,US.PA.CT,3024,11,
Bartow County,US.GA.BT,3007,88,
Washington County,US.WI.WN,3007,35,
Acadia Parish,US.LA.AD,2992,99,
Randolph County,US.NC.RA,2983,54,
Iberia Parish,US.LA.II,2979,90,
Rock County,US.WI.RO,2979,33,
Davidson County,US.NC.DD,2970,38,
Bonneville County,US.ID.BV,2943,17,
Ford County,US.KS.FO,2942,10,
Walworth County,US.WI.WL,2941,35,
Dallas County,US.IA.DL,2933,38,
Cache County,US.UT.CA,2929,6,
Bulloch County,US.GA.BH,2922,28,
Gadsden County,US.FL.GA,2894,47,
Santa Cruz County,US.AZ.SA,2883,63,
Hendricks County,US.IN.HD,2877,144,
Jackson County,US.FL.JA,2875,82,
Kanawha County,US.WV.KA,2874,84,
Carroll County,US.GA.CL,2874,70,
Shawnee County,US.KS.SN,2864,34,
Paulding County,US.GA.PA,2860,58,
Charles County,US.MD.CH,2851,101,
Troup County,US.GA.TP,2850,101,
Yolo County,US.CA.YO,2847,55,
Kankakee County,US.IL.KK,2846,78,
Butte County,US.CA.BU,2840,45,
Citrus County,US.FL.CI,2835,108,
Elmore County,US.AL.EL,2826,50,
Anderson County,US.TX.AE,2821,36,
Newport News City,US.VA.NN,2817,48,
Tippecanoe County,US.IN.TP,2815,14,
Kootenai County,US.ID.KO,2812,37,
Monroe County,US.IN.MR,2803,41,
Douglas County,US.CO.DU,2784,61,
Suwannee County,US.FL.SW,2771,71,
Scott County,US.MN.SC,2759,33,
Comal County,US.TX.OM,2757,103,
Larimer County,US.CO.LR,2747,55,
Sevier County,US.TN.SV,2747,17,
Orange County,US.NC.OR,2740,57,
Pickaway County,US.OH.PC,2726,45,
Lackawanna County,US.PA.LC,2713,216,
Faulkner County,US.AR.FA,2704,22,
Harrisonburg City,US.VA.HS,2695,34,
Blount County,US.TN.BO,2678,27,
Coweta County,US.GA.CA,2669,50,
Olmsted County,US.MN.OL,2667,28,
Forrest County,US.MS.FO,2650,75,
Newton County,US.GA.NE,2639,91,
Sangamon County,US.IL.SM,2633,46,
Portsmouth City,US.VA.PR,2619,61,
Yavapai County,US.AZ.YA,2617,84,
DeKalb County,US.AL.DA,2610,21,
Pennington County,US.SD.PN,2607,37,
Jones County,US.MS.JO,2583,81,
Canadian County,US.OK.CN,2558,17,
Clackamas County,US.OR.CC,2542,63,
Nash County,US.NC.NA,2541,44,
Maury County,US.TN.MU,2528,29,
Johnson County,US.IN.JO,2511,133,
Fond du Lac County,US.WI.FN,2511,14,
Washington County,US.TN.WI,2488,38,
Twin Falls County,US.ID.TW,2485,38,
Santa Cruz County,US.CA.SZ,2481,12,
Oneida County,US.NY.OD,2478,124,
Duplin County,US.NC.DP,2465,54,
St. Clair County,US.AL.SA,2461,37,
Sumter County,US.FL.SM,2446,73,
Payne County,US.OK.PY,2436,7,
Delaware County,US.OH.DL,2429,23,
Walker County,US.AL.WK,2424,88,
Westmoreland County,US.PA.WE,2416,56,
Cleveland County,US.NC.CV,2415,68,
Douglas County,US.KS.DG,2411,13,
Clark County,US.IN.CK,2400,64,
Lorain County,US.OH.LR,2387,88,
Grand Forks County,US.ND.GD,2385,13,
Harnett County,US.NC.HT,2380,54,
Sullivan County,US.TN.SL,2367,35,
Onslow County,US.NC.ON,2359,26,
Porter County,US.IN.PR,2352,49,
Cumberland County,US.ME.CU,2350,70,
Wilson County,US.NC.WO,2349,57,
Pottawattamie County,US.IA.PT,2345,41,
Sampson County,US.NC.SP,2321,28,
Tom Green County,US.TX.TG,2320,69,
Washington County,US.MS.WS,2317,84,
Greenwood County,US.SC.GW,2316,73,
Ulster County,US.NY.UL,2315,84,
Dakota County,US.NE.DK,2301,43,
Leavenworth County,US.KS.LV,2293,13,
Gregg County,US.TX.GE,2291,74,
Robertson County,US.TN.RB,2285,38,
Barrow County,US.GA.BW,2274,48,
Lafayette County,US.MS.LY,2266,41,
Finney County,US.KS.FI,2265,12,
Saline County,US.AR.SL,2261,24,
Limestone County,US.AL.LI,2258,22,
Talladega County,US.AL.TD,2253,30,
Sheboygan County,US.WI.SE,2246,19,
Fairfield County,US.OH.FI,2244,55,
Pope County,US.AR.PP,2243,35,
Lancaster County,US.SC.LN,2242,53,
Liberty County,US.TX.LT,2240,51,
Highlands County,US.FL.HG,2235,91,
Val Verde County,US.TX.VL,2232,113,
Dodge County,US.WI.DD,2221,19,
Burke County,US.NC.BK,2220,42,
Buchanan County,US.MO.BC,2219,30,
St. Francois County,US.MO.SF,2211,14,
New London County,US.CT.NL,2206,119,
Angelina County,US.TX.AG,2189,83,
Spotsylvania County,US.VA.SP,2187,46,
Nassau County,US.FL.NA,2182,48,
Putnam County,US.FL.PU,2162,41,
Delaware County,US.IN.DL,2156,67,
Lebanon County,US.PA.LB,2150,62,
Eau Claire County,US.WI.EA,2145,7,
Baldwin County,US.GA.BD,2145,58,
Kenton County,US.KY.KE,2131,49,
Montgomery County,US.VA.MO,2127,5,
St. Martin Parish,US.LA.SR,2126,61,
Rockingham County,US.NH.RO,2125,104,
Lauderdale County,US.MS.LU,2123,127,
Darlington County,US.SC.DA,2116,59,
Suffolk City,US.VA.SO,2114,75,
Kendall County,US.IL.KA,2107,26,
Wood County,US.OH.WO,2105,81,
Monongalia County,US.WV.MG,2099,5,
Kershaw County,US.SC.KE,2098,38,
Henderson County,US.NC.HN,2098,64,
Coffee County,US.GA.CF,2096,52,
Lincoln County,US.AR.LC,2088,15,
Hendry County,US.FL.HR,2088,40,
Wicomico County,US.MD.WI,2085,49,
Stanly County,US.NC.SN,2085,56,
Hall County,US.NE.HL,2079,48,
Jackson County,US.GA.JC,2066,34,
Stafford County,US.VA.SF,2065,17,
Buena Vista County,US.IA.BV,2057,12,
Vermilion Parish,US.LA.VM,2056,65,
Barnstable County,US.MA.BA,2048,174,
Parker County,US.TX.PR,2040,37,
Hamblen County,US.TN.HB,2032,31,
Garland County,US.AR.GL,2028,53,
Cass County,US.IN.CS,2022,11,
Licking County,US.OH.LI,2019,64,
Nobles County,US.MN.NB,2010,16,
Vigo County,US.IN.VI,2007,29,
Walton County,US.FL.WL,2007,25,
Crittenden County,US.AR.CD,2007,48,
Orange County,US.TX.OR,2005,44,
Carroll County,US.MD.CR,2003,126,
Rogers County,US.OK.RS,1993,52,
Trumbull County,US.OH.TR,1990,132,
Columbiana County,US.OH.CL,1981,82,
Marathon County,US.WI.MH,1977,16,
Beaver County,US.PA.BA,1971,128,
Cumberland County,US.PA.CU,1970,77,
Cape Girardeau County,US.MO.CG,1969,18,
Grayson County,US.TX.GO,1964,47,
Cullman County,US.AL.CU,1959,20,
Muskogee County,US.OK.MO,1958,25,
Berrien County,US.MI.BN,1957,75,
Hot Spring County,US.AR.HT,1954,28,
St. Mary Parish,US.LA.SM,1949,78,
Clark County,US.OH.CK,1948,42,
Manassas City,US.VA.MS,1947,24,
Broome County,US.NY.BO,1947,85,
Kent County,US.RI.KE,1945,110,
Oconee County,US.SC.OC,1943,28,
Hale County,US.TX.HE,1940,56,
Wichita County,US.TX.WC,1930,25,
Fayette County,US.GA.FY,1922,52,
Georgetown County,US.SC.GR,1920,45,
Cochise County,US.AZ.CH,1919,73,
Franklin County,US.MO.FR,1916,32,
Colquitt County,US.GA.CQ,1915,35,
Gordon County,US.GA.GO,1912,40,
Madison County,US.KY.MD,1909,7,
St. Louis County,US.MN.ST,1908,49,
Tazewell County,US.IL.TA,1907,33,
Bolivar County,US.MS.BO,1902,71,
Litchfield County,US.CT.LI,1899,141,
Tipton County,US.TN.TI,1897,22,
Rockdale County,US.GA.RO,1896,37,
Roanoke city,US.VA.RO,1892,29,
Chelan County,US.WA.CH,1883,16,
Hampton city,US.VA.HM,1883,27,
Sioux County,US.IA.SI,1874,4,
Monroe County,US.FL.MO,1869,22,
Lamar County,US.MS.LM,1869,37,
Walton County,US.GA.WA,1867,57,
Bastrop County,US.TX.BP,1865,30,
Washington County,US.MD.WA,1861,39,
Riley County,US.KS.RL,1857,8,
Madison County,US.IN.MD,1857,86,
Oktibbeha County,US.MS.OK,1850,53,
Clay County,US.MO.CY,1842,42,
Franklin County,US.AL.FR,1842,30,
Garfield County,US.OK.GF,1842,22,
Coryell County,US.TX.CL,1839,12,
Bee County,US.TX.BE,1838,36,
St. Charles Parish,US.LA.SC,1838,61,
Franklin County,US.PA.FR,1835,51,
LaSalle County,US.IL.LA,1831,57,
Niagara County,US.NY.NI,1828,89,
Autauga County,US.AL.AU,1828,27,
Marshall County,US.IA.MS,1828,35,
Monroe County,US.PA.MR,1826,134,
Stark County,US.ND.SR,1825,17,
Tift County,US.GA.TI,1823,57,
Clermont County,US.OH.CE,1823,32,
Gibson County,US.TN.GB,1821,26,
Russell County,US.AL.RU,1821,3,
Lauderdale County,US.AL.LU,1815,37,
Wright County,US.MN.WR,1814,8,
Dallas County,US.AL.DL,1808,26,
Blue Earth County,US.MN.BE,1806,7,
Moore County,US.NC.ME,1804,33,
Craven County,US.NC.CN,1800,40,
Flagler County,US.FL.FL,1787,28,
Granville County,US.NC.GN,1782,50,
Mississippi County,US.AR.MS,1773,53,
Comanche County,US.OK.CM,1773,13,
Lincoln County,US.NC.LI,1771,15,
Caldwell County,US.NC.CL,1771,18,
Cole County,US.MO.CE,1753,14,
Sutter County,US.CA.SU,1748,11,
East Feliciana Parish,US.LA.EF,1745,72,
Macon County,US.IL.MC,1736,47,
Napa County,US.CA.NA,1734,13,
Colbert County,US.AL.CL,1734,26,
Habersham County,US.GA.HB,1733,71,
Seward County,US.KS.SW,1731,7,
Laurens County,US.SC.LU,1730,57,
Chatham County,US.NC.CH,1729,59,
Jefferson County,US.WI.JE,1728,8,
DeKalb County,US.IL.DK,1728,40,
Lee County,US.NC.LE,1719,15,
Laurens County,US.GA.LR,1719,75,
Brunswick County,US.NC.BS,1713,27,
Portage County,US.WI.PT,1713,7,
Hunt County,US.TX.HT,1705,38,
Allen Parish,US.LA.AL,1698,50,
Lake County,US.OH.LK,1696,56,
Malheur County,US.OR.ML,1691,30,
Jackson County,US.AL.JA,1690,12,
Trousdale County,US.TN.TR,1687,7,
Chattahoochee County,US.GA.CH,1683,1,
Rockwall County,US.TX.RC,1680,28,
Boone County,US.KY.BO,1675,25,
Greene County,US.OH.GR,1661,37,
Washington Parish,US.LA.WO,1660,67,
LaPorte County,US.IN.LA,1657,43,
Blount County,US.AL.BU,1656,15,
Escambia County,US.AL.ES,1652,26,
Putnam County,US.NY.PU,1650,63,
Chilton County,US.AL.CI,1648,30,
Neshoba County,US.MS.NS,1646,106,
Lowndes County,US.MS.LO,1644,58,
Erie County,US.PA.ER,1643,39,
Nacogdoches County,US.TX.NC,1643,64,
Christian County,US.MO.CT,1641,6,
Caldwell County,US.TX.CW,1629,35,
Hardeman County,US.TN.HA,1623,28,
Walker County,US.GA.WK,1618,38,
Sullivan County,US.NY.SL,1615,37,
Middlesex County,US.CT.MI,1614,193,
Texas County,US.OK.TE,1602,10,
St. John the Baptist Parish,US.LA.SO,1597,102,
Okeechobee County,US.FL.OE,1592,28,
Miami County,US.OH.MM,1592,55,
Muskegon County,US.MI.MG,1585,71,
Cass County,US.MO.CS,1585,26,
Calhoun County,US.MI.CU,1584,48,
DeSoto County,US.FL.DE,1582,27,
Gallatin County,US.MT.GL,1579,4,
Calumet County,US.WI.CA,1578,5,
Monroe County,US.MI.MO,1576,28,
Ozaukee County,US.WI.OZ,1576,20,
Cherokee County,US.TX.CK,1571,30,
Avoyelles Parish,US.LA.AV,1571,58,
Clay County,US.MN.CA,1571,41,
Wagoner County,US.OK.WG,1564,26,
St. Francis County,US.AR.SI,1563,6,
Crawford County,US.AR.CW,1560,16,
Lincoln County,US.SD.LI,1557,3,
Coles County,US.IL.CE,1556,32,
Pottawatomie County,US.OK.PT,1555,10,
Medina County,US.OH.MD,1551,41,
Manitowoc County,US.WI.MW,1550,5,
Lynchburg city,US.VA.LY,1548,15,
Panola County,US.MS.PA,1546,31,
Allen County,US.OH.AN,1544,72,
Sussex County,US.NJ.SU,1538,197,
Taylor County,US.TX.TA,1537,58,
Warrick County,US.IN.WI,1530,55,
Rockingham County,US.VA.RG,1525,22,
Jim Wells County,US.TX.JW,1523,39,
Lea County,US.NM.LE,1523,26,
Baker County,US.FL.BK,1523,13,
Daviess County,US.KY.DA,1522,14,
Ware County,US.GA.WE,1522,62,
Dyer County,US.TN.DY,1520,18,
Wayne County,US.TN.WY,1519,6,
Polk County,US.GA.PO,1516,18,
Sunflower County,US.MS.SU,1514,47,
Thomas County,US.GA.TH,1510,66,
Dale County,US.AL.DE,1509,44,
Effingham County,US.GA.EF,1506,26,
San Patricio County,US.TX.SP,1501,77,
Carver County,US.MN.CV,1494,7,
Floyd County,US.IN.FL,1491,67,
Titus County,US.TX.TU,1480,29,
Covington County,US.AL.CV,1478,28,
Lane County,US.OR.LE,1470,18,
Edgecombe County,US.NC.ED,1465,51,
Williamson County,US.IL.WS,1464,53,
Leflore County,US.MS.LL,1463,82,
Coffee County,US.AL.CF,1462,5,
Livingston County,US.MI.LI,1460,31,
Hampshire County,US.MA.HS,1460,148,
Warren County,US.NJ.WA,1458,171,
Gila County,US.AZ.GI,1451,60,
Tolland County,US.CT.TO,1449,67,
St. Bernard Parish,US.LA.SE,1445,31,
Bowie County,US.TX.BW,1439,55,
Waupaca County,US.WI.WP,1439,21,
Christian County,US.KY.CH,1437,24,
Newton County,US.MO.NT,1436,13,
Washington County,US.PA.WS,1434,30,
Lincoln Parish,US.LA.LN,1433,48,
Warren County,US.MS.WR,1429,51,
Schenectady County,US.NY.SN,1429,47,
Morton County,US.ND.MR,1429,36,
Columbus County,US.NC.CM,1422,57,
Iberville Parish,US.LA.IV,1418,58,
Howard County,US.IN.HO,1415,67,
Hardin County,US.KY.HN,1411,11,
Sandoval County,US.NM.SD,1405,42,
Bedford County,US.TN.BD,1402,18,
Surry County,US.NC.SU,1401,23,
Hardee County,US.FL.HD,1399,11,
Rice County,US.MN.RI,1398,8,
Whatcom County,US.WA.WA,1394,46,
Whitman County,US.WA.WI,1393,0,
Rockingham County,US.NC.RC,1393,14,
Webster County,US.IA.WE,1390,14,
Newberry County,US.SC.NE,1390,29,
Hunterdon County,US.NJ.HN,1388,125,
Taney County,US.MO.TA,1387,36,
Wharton County,US.TX.WN,1386,53,
Flathead County,US.MT.FL,1385,19,
Kosciusko County,US.IN.KO,1380,19,
Wapello County,US.IA.WP,1377,57,
Chambers County,US.TX.CH,1377,8,
Coffee County,US.TN.CF,1372,15,
Mower County,US.MN.MW,1370,6,
Albemarle County,US.VA.AB,1368,22,
Grant County,US.IN.GA,1367,40,
San Benito County,US.CA.SI,1365,11,
Charlottesville City,US.VA.CE,1364,29,
Spalding County,US.GA.SD,1364,62,
Toombs County,US.GA.TM,1360,51,
Hanover County,US.VA.HV,1358,39,
Hardin County,US.TX.HN,1358,32,
Brown County,US.SD.BW,1356,4,
McCurtain County,US.OK.MU,1349,34,
Chaves County,US.NM.CH,1346,12,
Taylor County,US.FL.TA,1345,13,
St. Mary's County,US.MD.SA,1343,58,
Williamsburg County,US.SC.WI,1342,45,
Evangeline Parish,US.LA.EV,1341,34,
Webster Parish,US.LA.WR,1332,27,
Dickson County,US.TN.DI,1329,17,
Camden County,US.GA.CD,1329,13,
Pontotoc County,US.MS.PO,1328,17,
Rutherford County,US.NC.RU,1328,33,
Wilkes County,US.NC.WE,1320,35,
Navarro County,US.TX.NV,1317,27,
Obion County,US.TN.OB,1315,15,
Lonoke County,US.AR.LO,1314,17,
Clinton County,US.IL.CN,1297,21,
Scotland County,US.NC.SC,1297,17,
Jackson County,US.IL.JC,1296,24,
Dodge County,US.NE.DE,1290,13,
Hoke County,US.NC.HO,1288,18,
Monroe County,US.MS.MR,1287,70,
Le Flore County,US.OK.LE,1283,19,
Fayette County,US.TN.FA,1282,21,
Shawano County,US.WI.SA,1279,4,
Anderson County,US.TN.AN,1278,13,
Cumberland County,US.TN.CU,1278,20,
Kitsap County,US.WA.KS,1278,14,
Loudon County,US.TN.LO,1277,8,
Eagle County,US.CO.EA,1274,10,
Weakley County,US.TN.WE,1269,21,
Jefferson Davis Parish,US.LA.JD,1268,39,
Yell County,US.AR.YE,1268,30,
Chesterfield County,US.SC.CF,1268,37,
Fairbanks North Star Borough,US.AK.FA,1267,11,
Plymouth County,US.IA.PM,1265,22,
Franklin County,US.NC.FR,1264,31,
Pike County,US.MS.PI,1260,54,
Creek County,US.OK.CE,1258,34,
Schuylkill County,US.PA.SC,1258,57,
Portage County,US.OH.PO,1256,67,
Jackson County,US.OR.JA,1254,6,
Lamar County,US.TX.LR,1251,38,
Grant County,US.WI.GA,1250,19,
Sherburne County,US.MN.SH,1250,15,
Adams County,US.IL.AD,1249,10,
Bannock County,US.ID.BO,1247,5,
Copiah County,US.MS.CP,1242,33,
Cherokee County,US.SC.CK,1241,41,
Bartholomew County,US.IN.BA,1240,61,
Pike County,US.AL.PK,1238,12,
York County,US.ME.YO,1238,17,
Catoosa County,US.GA.CS,1237,20,
Ward County,US.ND.WR,1235,11,
Oconto County,US.WI.OC,1234,4,
Henderson County,US.TN.HS,1234,24,
Lafayette County,US.FL.LF,1233,12,
Franklin Parish,US.LA.FR,1229,41,
Medina County,US.TX.ME,1226,47,
Natchitoches Parish,US.LA.NA,1225,26,
Culpeper County,US.VA.CP,1223,17,
Mercer County,US.OH.MC,1221,21,
Carter County,US.TN.CT,1217,29,
Grady County,US.OK.GD,1217,11,
Jefferson County,US.TN.JE,1216,14,
Greene County,US.TN.GE,1214,48,
Sevier County,US.AR.SV,1213,19,
Independence County,US.AR.IN,1213,22,
Boone County,US.IL.BO,1213,23,
Pettis County,US.MO.PS,1210,12,
Buffalo County,US.NE.BF,1209,6,
Willacy County,US.TX.WY,1206,53,
Decatur County,US.GA.DC,1206,29,
Chambers County,US.AL.CM,1205,42,
Williams County,US.ND.WI,1202,8,
Reno County,US.KS.RN,1200,4,
McMinn County,US.TN.MM,1200,28,
Wayne County,US.IN.WY,1199,15,
Pueblo County,US.CO.PU,1197,37,
Clinton County,US.IA.CN,1196,22,
Tallapoosa County,US.AL.TP,1195,85,
Oldham County,US.KY.OL,1195,26,
Douglas County,US.WA.DO,1194,9,
Shelby County,US.IN.SH,1191,37,
Coahoma County,US.MS.CH,1189,31,
Yuba County,US.CA.YU,1188,9,
Moore County,US.TX.MO,1185,22,
Accomack County,US.VA.AC,1185,19,
Scott County,US.MS.SC,1184,27,
Platte County,US.NE.PL,1183,4,
Thurston County,US.WA.TH,1182,19,
El Dorado County,US.CA.EL,1180,4,
Jackson County,US.MI.JA,1177,46,
Cherokee County,US.OK.CK,1177,8,
Bryan County,US.GA.BY,1175,11,
Atascosa County,US.TX.AT,1166,32,
Muscatine County,US.IA.MU,1165,56,
Wakulla County,US.FL.WK,1158,10,
Wayne County,US.GA.WY,1156,31,
Clarke County,US.AL.CK,1156,16,
Marinette County,US.WI.MT,1155,9,
Bradford County,US.FL.BA,1151,9,
Crawford County,US.IA.CW,1151,7,
Lincoln County,US.MS.LI,1150,53,
Liberty County,US.GA.LB,1143,23,
Osage County,US.OK.OS,1140,13,
Lawrence County,US.TN.LW,1140,14,
Northumberland County,US.PA.NU,1132,69,
Kandiyohi County,US.MN.KD,1132,3,
Marshall County,US.MS.MS,1128,22,
Crawford County,US.KS.CR,1128,8,
Skagit County,US.WA.SG,1128,22,
Butler County,US.PA.BT,1128,25,
Camden County,US.MO.CM,1125,16,
Grenada County,US.MS.GN,1123,36,
Monroe County,US.TN.MR,1123,20,
Stephens County,US.GA.SE,1123,38,
St. Croix County,US.WI.SI,1121,9,
Cecil County,US.MD.CE,1120,35,
Warren County,US.TN.WR,1120,8,
Woodward County,US.OK.WW,1120,5,
Dillon County,US.SC.DI,1119,40,
McDonald County,US.MO.MA,1113,11,
Shelby County,US.KY.SH,1113,25,
Clarendon County,US.SC.CN,1112,67,
Hardin County,US.TN.HI,1112,16,
Holmes County,US.MS.HO,1111,60,
Dawson County,US.NE.DN,1108,14,
Cerro Gordo County,US.IA.CG,1108,23,
Macon County,US.TN.MC,1107,22,
Henry County,US.VA.HY,1104,26,
Emanuel County,US.GA.EM,1102,32,
Saratoga County,US.NY.SR,1095,15,
Berkeley County,US.WV.BE,1093,16,
Lyon County,US.KS.LY,1092,35,
Grimes County,US.TX.GM,1092,33,
Sauk County,US.WI.SU,1091,4,
Salem County,US.NJ.SA,1090,88,
Washington County,US.FL.WS,1090,23,
Ellis County,US.KS.EL,1088,6,
Halifax County,US.NC.HL,1087,21,
Simpson County,US.MS.SI,1085,47,
Vance County,US.NC.VA,1083,44,
Yazoo County,US.MS.YZ,1083,33,
Worcester County,US.MD.WO,1082,30,
Santa Fe County,US.NM.ST,1081,7,
Lee County,US.AR.LE,1081,18,
Vernon Parish,US.LA.VN,1081,52,
Richmond County,US.NC.RI,1080,20,
Colleton County,US.SC.CT,1074,42,
Dubois County,US.IN.DU,1074,19,
Pittsylvania County,US.VA.PS,1071,10,
Chester County,US.SC.CR,1069,21,
Pointe Coupee Parish,US.LA.PO,1068,40,
Marshall County,US.IN.MS,1068,25,
Montgomery County,US.NC.MO,1067,34,
St. Clair County,US.MI.SA,1066,57,
Summit County,US.UT.SU,1065,1,
Gonzales County,US.TX.GA,1063,18,
McDowell County,US.NC.MW,1061,27,
Appling County,US.GA.AP,1061,30,
Boone County,US.IN.BO,1061,49,
Bryan County,US.OK.BR,1059,5,
Haywood County,US.TN.HY,1058,23,
Bingham County,US.ID.BG,1058,10,
Okanogan County,US.WA.OK,1057,10,
Matagorda County,US.TX.MD,1056,48,
Levy County,US.FL.LV,1055,10,
Lenoir County,US.NC.LN,1054,33,
Bay County,US.MI.BY,1051,51,
Cape May County,US.NJ.CP,1047,97,
Lauderdale County,US.TN.LU,1046,16,
Union County,US.MS.UN,1046,24,
Washington County,US.OK.WN,1041,41,
Tate County,US.MS.TT,1041,38,
Franklin County,US.TN.FR,1038,10,
Richland County,US.OH.RI,1029,19,
Pender County,US.NC.PD,1029,7,
Windham County,US.CT.WI,1025,16,
Beauregard Parish,US.LA.BE,1024,38,
Madison County,US.FL.MD,1022,20,
Laurel County,US.KY.LU,1021,6,
Kleberg County,US.TX.KL,1018,46,
Johnson County,US.MO.JO,1017,5,
Chicot County,US.AR.CT,1013,22,
Butler County,US.KS.BU,1012,3,
Watauga County,US.NC.WT,1011,2,
Beaufort County,US.NC.BA,1010,27,
Lavaca County,US.TX.LA,1010,35,
Union Parish,US.LA.UN,1007,46,
Henderson County,US.TX.HD,1006,23,
Calvert County,US.MD.CL,1005,28,
Elko County,US.NV.EL,1005,10,
Pittsburg County,US.OK.PI,1003,20,
Hood County,US.TX.HO,1002,29,
Marion County,US.AL.MI,997,29,
DeWitt County,US.TX.DE,996,41,
Warren County,US.IA.WR,995,6,
Wood County,US.WI.WO,994,6,
Union County,US.FL.UN,992,18,
Codington County,US.SD.CD,989,7,
Erie County,US.OH.ER,989,50,
Madison County,US.ID.MA,987,2,
Hancock County,US.IN.HC,985,46,
Winona County,US.MN.WN,985,18,
Frio County,US.TX.FO,984,9,
Leake County,US.MS.LK,980,38,
Tuscarawas County,US.OH.TU,980,20,
Vermilion County,US.IL.VE,978,5,
Randolph County,US.IL.RA,975,12,
Carroll County,US.TN.CR,974,20,
Wayne County,US.OH.WE,973,68,
Sequoyah County,US.OK.SQ,973,12,
Ross County,US.OH.RO,972,31,
Mendocino County,US.CA.MI,971,19,
Marlboro County,US.SC.ML,969,11,
Adams County,US.MS.AD,967,39,
White County,US.AR.WH,966,29,
Garfield County,US.CO.GA,965,5,
Rusk County,US.TX.RK,965,12,
Fauquier County,US.VA.FQ,964,25,
McClain County,US.OK.ML,962,7,
Scott County,US.MO.ST,961,17,
McNairy County,US.TN.MA,960,19,
Big Horn County,US.MT.BI,958,23,
Greene County,US.AR.GE,956,13,
Roanoke County,US.VA.RE,956,8,
Noble County,US.IN.NO,956,33,
Bullitt County,US.KY.BI,955,11,
Roane County,US.TN.RA,954,6,
Columbia County,US.PA.CO,954,36,
Shasta County,US.CA.SH,953,22,
Pearl River County,US.MS.PL,952,54,
Danville City,US.VA.DA,952,30,
Karnes County,US.TX.KS,944,17,
Rensselaer County,US.NY.RE,944,42,
Frederick County,US.VA.FK,944,13,
Union County,US.AR.UN,943,47,
Sumter County,US.GA.SU,941,63,
Lumpkin County,US.GA.LP,940,14,
Bladen County,US.NC.BL,939,17,
Payette County,US.ID.PA,938,9,
Lake County,US.TN.LK,935,2,
Tooele County,US.UT.TE,934,1,
Walla Walla County,US.WA.WL,933,5,
Ottawa County,US.OK.OT,930,7,
Wayne County,US.MS.WY,929,21,
Marion County,US.SC.MI,927,28,
Butler County,US.AL.BT,926,40,
De Soto Parish,US.LA.DE,925,35,
Henry County,US.IN.HY,924,27,
Logan County,US.CO.LO,924,6,
West Baton Rouge Parish,US.LA.WB,922,42,
Harrison County,US.TX.HR,922,32,
Campbell County,US.KY.CM,921,16,
Barbour County,US.AL.BR,921,7,
Effingham County,US.IL.EF,918,3,
Itawamba County,US.MS.IT,917,24,
Howard County,US.TX.HW,917,16,
Henderson County,US.KY.HE,916,4,
Wilson County,US.TX.WS,913,28,
Eddy County,US.NM.ED,911,13,
White County,US.TN.WH,910,10,
Miller County,US.AR.ML,910,11,
Madison County,US.OH.MO,910,14,
Jasper County,US.IA.JS,909,34,
Curry County,US.NM.CU,908,7,
Deaf Smith County,US.TX.DI,906,22,
Deschutes County,US.OR.DE,906,12,
Darke County,US.OH.DA,898,44,
Prentiss County,US.MS.PN,896,19,
Rhea County,US.TN.RH,896,15,
Cabell County,US.WV.CB,894,10,
Des Moines County,US.IA.DS,894,9,
Sabine Parish,US.LA.SB,893,14,
Okmulgee County,US.OK.OM,893,8,
Erath County,US.TX.ER,892,13,
White County,US.GA.WH,892,19,
Madison County,US.NE.MA,891,6,
Madison Parish,US.LA.MA,889,8,
Marion County,US.MS.MI,887,40,
Gulf County,US.FL.GU,886,14,
Graham County,US.AZ.GA,885,25,
Missoula County,US.MT.MS,884,3,
Johnson County,US.AR.JO,883,7,
Adams County,US.PA.AD,880,26,
Cascade County,US.MT.CS,879,6,
Caddo County,US.OK.CD,879,21,
Columbia County,US.WI.CO,878,3,
Washington County,US.RI.WA,877,68,
Adams County,US.WA.AD,877,10,
Lincoln County,US.MO.LO,876,3,
Waller County,US.TX.WR,876,14,
Dunklin County,US.MO.DU,875,8,
Delaware County,US.OK.DL,873,26,
Polk County,US.TX.PK,873,25,
Bledsoe County,US.TN.BE,871,4,
Lenawee County,US.MI.LN,870,18,
Hawkins County,US.TN.HW,870,22,
Whiteside County,US.IL.WD,869,21,
James City County,US.VA.JA,866,21,
Hamilton County,US.FL.HM,865,8,
Prince George County,US.VA.PG,864,5,
Alcorn County,US.MS.AL,860,11,
Gilmer County,US.GA.GI,859,13,
Murray County,US.GA.MA,853,6,
Chittenden County,US.VT.CH,852,39,
Tattnall County,US.GA.TT,850,11,
Dawson County,US.GA.DW,848,8,
Beadle County,US.SD.BA,847,10,
Jackson County,US.OK.JA,845,10,
Covington County,US.MS.CV,845,25,
Bedford County,US.VA.BF,843,14,
Burke County,US.GA.BE,843,10,
Brookings County,US.SD.BK,842,2,
Cheatham County,US.TN.CA,841,10,
Wasatch County,US.UT.WA,839,8,
St. Joseph County,US.MI.SJ,837,11,
Henry County,US.IA.HE,836,5,
Dixie County,US.FL.DI,835,9,
Overton County,US.TN.OV,835,7,
Scott County,US.KY.SC,832,14,
Calhoun County,US.TX.CU,831,8,
Edgefield County,US.SC.ED,830,19,
Athens County,US.OH.AS,829,2,
Fayette County,US.PA.FA,828,7,
Pulaski County,US.KY.PU,827,11,
Jasper County,US.SC.JA,826,22,
Jackson County,US.IN.JC,824,11,
Mitchell County,US.GA.MT,824,45,
Marshall County,US.TN.MS,824,5,
Barren County,US.KY.BN,823,13,
Morehouse Parish,US.LA.MO,822,22,
Shenandoah County,US.VA.SN,821,59,
George County,US.MS.GR,820,14,
Waseca County,US.MN.WE,819,9,
Jefferson County,US.GA.JR,815,30,
Allegan County,US.MI.AL,815,7,
St. James Parish,US.LA.SJ,813,40,
Chattooga County,US.GA.CG,812,22,
Hawaii County,US.HI.HA,810,15,
Yamhill County,US.OR.YA,810,14,
Grady County,US.GA.GD,807,23,
Ben Hill County,US.GA.BL,807,26,
Upson County,US.GA.UP,807,63,
Boone County,US.AR.BO,806,19,
Muhlenberg County,US.KY.MU,805,12,
Jerome County,US.ID.JR,805,7,
Harris County,US.GA.HI,805,22,
Greensville County,US.VA.GS,804,11,
Union County,US.GA.UN,803,21,
Cassia County,US.ID.CS,802,6,
Uvalde County,US.TX.UV,802,34,
Marion County,US.IA.MI,801,9,
Ogle County,US.IL.OG,801,6,
Newton County,US.MS.NW,800,25,
Colfax County,US.NE.CO,800,5,
Van Buren County,US.MI.VA,800,18,
Saline County,US.MO.SI,799,9,
Richland Parish,US.LA.RI,799,13,
Hancock County,US.OH.HN,798,13,
Smith County,US.TN.SH,797,11,
Mecklenburg County,US.VA.ME,795,33,
Hertford County,US.NC.HD,794,31,
McCracken County,US.KY.MK,793,10,
Custer County,US.OK.CU,792,0,
Fremont County,US.WY.FR,792,14,
Tama County,US.IA.TM,791,32,
Iron County,US.UT.RN,789,3,
Southampton County,US.VA.SA,788,29,
Tallahatchie County,US.MS.TL,788,24,
Fairfield County,US.SC.FA,786,37,
Wise County,US.TX.WE,784,14,
Cocke County,US.TN.CE,781,11,
Morgan County,US.IN.MG,781,43,
Saline County,US.KS.SA,781,11,
Indiana County,US.PA.IN,780,12,
Blair County,US.PA.BL,779,19,
Lyon County,US.MN.LY,779,4,
Laclede County,US.MO.LD,777,9,
Yadkin County,US.NC.YD,776,9,
Franklin County,US.GA.FR,775,13,
Graves County,US.KY.GV,774,29,
Petersburg city,US.VA.PB,774,29,
Isle of Wight County,US.VA.IS,772,19,
Burnet County,US.TX.BT,771,12,
West Feliciana Parish,US.LA.WF,771,25,
Johnson County,US.TN.JO,771,3,
Mercer County,US.PA.ME,771,21,
Oconee County,US.GA.OC,771,26,
Carteret County,US.NC.CE,770,5,
Howell County,US.MO.HW,769,3,
Laramie County,US.WY.LA,769,4,
Saline County,US.NE.SL,768,2,
Holmes County,US.FL.HO,768,9,
Androscoggin County,US.ME.AN,767,10,
Berkshire County,US.MA.BE,766,50,
Assumption Parish,US.LA.AS,766,24,
Winston County,US.AL.WN,764,12,
Winston County,US.MS.WN,763,19,
Morgan County,US.CO.MN,761,48,
Knox County,US.IL.KX,761,3,
Minidoka County,US.ID.MI,761,8,
Webster County,US.MO.WE,761,5,
Carroll County,US.IA.CL,760,5,
Scurry County,US.TX.SU,759,6,
Carroll County,US.AR.CL,757,10,
Barnwell County,US.SC.BN,756,17,
Radford city,US.VA.RD,752,1,
Geauga County,US.OH.GE,750,49,
Lycoming County,US.PA.LY,744,26,
Marengo County,US.AL.ME,743,19,
Isabella County,US.MI.IB,742,14,
Lassen County,US.CA.LS,742,0,
Platte County,US.MO.PT,739,10,
Trempealeau County,US.WI.TR,739,2,
Plaquemines Parish,US.LA.PL,739,19,
Clinton County,US.MI.CN,738,14,
Tippah County,US.MS.TP,736,18,
Geneva County,US.AL.GE,733,6,
Lawrence County,US.OH.LW,733,22,
Monroe County,US.IL.MR,733,21,
Pasquotank County,US.NC.PU,731,33,
Eaton County,US.MI.EA,730,10,
Polk County,US.MO.PO,730,5,
Jeff Davis County,US.GA.JF,730,20,
Callaway County,US.MO.CA,728,3,
Madison County,US.TX.AD,728,6,
Pulaski County,US.MO.PA,727,6,
Butler County,US.MO.BE,727,6,
Mayes County,US.OK.MY,726,11,
Lawrence County,US.MO.LW,726,4,
Tishomingo County,US.MS.TS,724,39,
Belmont County,US.OH.BE,724,27,
Bureau County,US.IL.BU,722,13,
Pierce County,US.WI.PI,722,7,
Chemung County,US.NY.CM,721,6,
Lee County,US.SC.LE,720,35,
Shelby County,US.OH.SH,718,14,
Chickasaw County,US.MS.CS,718,24,
Grundy County,US.IL.GU,718,6,
Kewaunee County,US.WI.KW,716,2,
Daviess County,US.IN.DI,716,32,
Franklin County,US.KY.FR,715,11,
Putnam County,US.GA.PT,715,25,
Dearborn County,US.IN.DR,715,30,
Madison County,US.GA.MD,714,8,
Marion County,US.MO.MO,712,14,
Poinsett County,US.AR.PN,711,15,
Lee County,US.GA.LE,710,26,
Dunn County,US.WI.DN,710,1,
Hill County,US.TX.HI,710,14,
Elbert County,US.GA.EL,709,5,
Fannin County,US.GA.FN,709,25,
Mesa County,US.CO.ME,708,7,
Monroe County,US.GA.MN,706,52,
San Juan County,US.UT.SJ,705,29,
Randolph County,US.AL.RA,702,13,
Henry County,US.IL.HY,702,5,
Fannin County,US.TX.FI,701,15,
Cowlitz County,US.WA.CW,701,7,
Blaine County,US.ID.BL,698,6,
Albany County,US.WY.AL,698,0,
Buckingham County,US.VA.BK,696,9,
Hampton County,US.SC.HA,694,27,
Lee County,US.IA.LE,694,7,
Morgan County,US.IL.MG,692,24,
Jackson Parish,US.LA.JA,691,22,
Attala County,US.MS.AT,691,25,
Saluda County,US.SC.SA,691,22,
Broomfield County and City,US.CO.BR,690,34,
Washington County,US.GA.WG,689,8,
Clinton County,US.IN.CI,688,18,
Giles County,US.TN.GL,687,19,
Kay County,US.OK.KA,686,14,
Jackson County,US.NC.JA,686,7,
Bibb County,US.AL.BI,686,10,
Peach County,US.GA.PH,684,25,
Butts County,US.GA.BU,684,43,
Pickens County,US.AL.PC,684,15,
Jefferson County,US.IL.JF,683,38,
Hopkins County,US.KY.HO,683,39,
Queen Anne's County,US.MD.QU,680,26,
Rosebud County,US.MT.RS,676,19,
Auglaize County,US.OH.AU,674,15,
Cherokee County,US.NC.CO,673,12,
Ashtabula County,US.OH.AB,673,48,
Chippewa County,US.WI.CH,669,0,
Greene County,US.NC.GE,669,5,
LaGrange County,US.IN.LG,668,11,
Monroe County,US.WI.MO,668,3,
Putnam County,US.OH.PU,667,27,
Natrona County,US.WY.NA,667,6,
Hale County,US.AL.HA,666,28,
Matanuska-Susitna Borough,US.AK.MA,663,2,
Jessamine County,US.KY.JS,663,0,
Caroline County,US.MD.CO,662,7,
Lowndes County,US.AL.LO,662,27,
Chester County,US.TN.CS,661,13,
Perry County,US.MO.PR,660,7,
Lincoln County,US.TN.LI,659,1,
Branch County,US.MI.BC,657,6,
Henry County,US.TN.HR,657,10,
Adair County,US.OK.AD,656,10,
Midland County,US.MI.MD,655,11,
Delta County,US.MI.DE,655,8,
Fentress County,US.TN.FE,653,4,
Lawrence County,US.AL.LW,652,26,
Cambria County,US.PA.CI,652,7,
Calloway County,US.KY.CW,652,9,
Fayette County,US.WV.FA,652,15,
Bamberg County,US.SC.BM,650,35,
Logan County,US.WV.LO,650,42,
Lapeer County,US.MI.LP,648,36,
Washington County,US.TX.WH,646,48,
Macon County,US.NC.MN,645,2,
Jefferson County,US.ID.JF,644,3,
Anson County,US.NC.AN,644,6,
Franklin County,US.FL.FR,643,4,
Winn Parish,US.LA.WI,642,19,
Hickman County,US.TN.HN,641,11,
Charlton County,US.GA.CT,641,9,
Houghton County,US.MI.HO,641,3,
Marion County,US.IL.MO,640,2,
Cherokee County,US.AL.CH,639,13,
Beckham County,US.OK.BC,639,6,
Abbeville County,US.SC.AB,638,14,
Cass County,US.MI.CS,636,17,
Harrison County,US.IN.HI,635,26,
Washington County,US.VA.WG,634,21,
Pickens County,US.GA.PE,632,10,
Haywood County,US.NC.HW,632,31,
Nodaway County,US.MO.NO,632,7,
Calhoun County,US.FL.CA,630,13,
Crow Wing County,US.MN.CW,630,18,
Chautauqua County,US.NY.CQ,629,4,
Putnam County,US.WV.PU,627,9,
Meade County,US.SD.MD,627,5,
Christian County,US.IL.CI,626,15,
Clarke County,US.MS.CE,625,48,
Bertie County,US.NC.BT,624,11,
Green County,US.WI.GN,622,3,
Hancock County,US.MS.HN,622,22,
Pierce County,US.GA.PR,621,22,
Putnam County,US.IN.PT,619,11,
Union County,US.SC.UN,617,13,
Merrimack County,US.NH.ME,616,23,
Manassas Park city,US.VA.MP,616,8,
Teton County,US.WY.TE,616,1,
McDuffie County,US.GA.MU,615,14,
Dorchester County,US.MD.DO,614,10,
Gibson County,US.IN.GI,614,6,
Jackson County,US.TX.JA,614,16,
Bullock County,US.AL.BL,613,15,
Prince Edward County,US.VA.PD,613,12,
Wright County,US.IA.WG,613,1,
Huron County,US.OH.HU,612,7,
Clay County,US.AL.CY,611,9,
Clay County,US.MS.CY,611,20,
Benton County,US.MN.BN,610,3,
Columbia County,US.NY.CU,608,47,
Carter County,US.OK.CR,606,9,
Kerr County,US.TX.KR,606,11,
Walthall County,US.MS.WT,606,26,
Sandusky County,US.OH.SA,605,20,
Tehama County,US.CA.TE,605,6,
Bacon County,US.GA.BC,604,14,
Valencia County,US.NM.VA,604,4,
Glenn County,US.CA.GL,603,3,
Oneida County,US.WI.ON,602,4,
Lafayette County,US.MO.LF,601,5,
Jasper County,US.MS.JS,601,15,
Davie County,US.NC.DV,599,6,
Monroe County,US.AL.MR,597,8,
Macoupin County,US.IL.MP,597,8,
Adams County,US.NE.AD,596,12,
Box Elder County,US.UT.BE,596,5,
Van Zandt County,US.TX.VN,595,20,
DeKalb County,US.TN.DE,595,16,
Palo Pinto County,US.TX.PO,594,16,
Union County,US.OH.UN,593,2,
Brown County,US.TX.BN,592,25,
New Madrid County,US.MO.NW,591,16,
Pike County,US.PA.PI,591,22,
Nicollet County,US.MN.NI,589,17,
Lewis County,US.WA.LE,589,5,
Limestone County,US.TX.LO,589,15,
Sussex County,US.VA.SS,588,12,
Strafford County,US.NH.ST,587,13,
Steele County,US.MN.SE,586,2,
Crisp County,US.GA.CP,585,18,
Chisago County,US.MN.CG,585,2,
Clay County,US.SD.CY,585,7,
Washington County,US.AL.WS,582,12,
Stephenson County,US.IL.SN,581,7,
Lake County,US.CA.LK,581,11,
Crockett County,US.TN.CK,581,20,
Logan County,US.KY.LO,580,29,
Stoddard County,US.MO.SD,579,14,
Talbot County,US.MD.TA,578,6,
Franklin County,US.IL.FR,578,4,
Marion County,US.TN.MI,576,9,
Knox County,US.IN.KN,575,10,
Latah County,US.ID.LA,574,0,
Dickinson County,US.IA.DI,573,7,
Jones County,US.GA.JE,573,10,
Pemiscot County,US.MO.PM,572,10,
Noxubee County,US.MS.NO,571,16,
Logan County,US.OK.LG,569,2,
Jefferson County,US.FL.JE,568,9,
Jones County,US.TX.JN,568,0,
Linn County,US.OR.LN,568,13,
Adams County,US.IN.AD,567,5,
Henry County,US.AL.HE,566,5,
Jefferson County,US.OR.JE,562,8,
York County,US.VA.YO,562,8,
Miller County,US.MO.ML,562,2,
Scioto County,US.OH.SC,561,7,
Decatur County,US.TN.DC,560,9,
Raleigh County,US.WV.RL,559,8,
Freeborn County,US.MN.FR,559,4,
Lawrence County,US.PA.LW,559,22,
Union County,US.PA.UN,558,6,
Meriwether County,US.GA.MW,558,14,
Lawrence County,US.IN.LW,557,31,
Alexander County,US.NC.AE,555,8,
Columbia County,US.AR.CI,555,18,
Cook County,US.GA.CO,555,14,
Boone County,US.IA.BO,555,8,
Smith County,US.MS.SM,553,15,
Kittitas County,US.WA.KT,553,22,
Polk County,US.OR.PO,553,15,
Fredericksburg City,US.VA.FB,552,5,
Douglas County,US.WI.DG,550,0,
Phillips County,US.AR.PH,550,13,
Beltrami County,US.MN.BT,550,5,
Glades County,US.FL.GL,549,4,
East Carroll Parish,US.LA.EC,548,5,
Union County,US.IL.UN,548,24,
La Paz County,US.AZ.LA,548,15,
Worth County,US.GA.WO,547,30,
Crenshaw County,US.AL.CA,547,30,
Shiawassee County,US.MI.SH,546,32,
Barron County,US.WI.BR,546,6,
Fayette County,US.IN.FA,545,14,
Grays Harbor County,US.WA.GY,545,10,
Calhoun County,US.MS.CN,545,12,
Perry County,US.AL.PE,544,6,
Stutsman County,US.ND.SU,543,4,
Nevada County,US.CA.NE,543,7,
Lincoln County,US.OK.LI,541,10,
Watonwan County,US.MN.WT,540,4,
Wood County,US.TX.WO,540,26,
Conecuh County,US.AL.CO,540,12,
Smyth County,US.VA.SM,538,20,
Colusa County,US.CA.CL,538,6,
Wilcox County,US.AL.WC,538,11,
Hughes County,US.SD.HG,538,5,
Knox County,US.KY.KX,537,9,
Barton County,US.KS.BT,536,7,
Cherokee County,US.KS.CK,535,8,
Claiborne Parish,US.LA.CI,535,23,
Steuben County,US.NY.ST,534,50,
Oceana County,US.MI.OA,534,6,
Nelson County,US.KY.NE,533,4,
Muskingum County,US.OH.MU,532,3,
Todd County,US.MN.TO,532,2,
DeKalb County,US.IN.DE,531,12,
Barry County,US.MO.BR,530,6,
Newport County,US.RI.NE,530,5,
Saunders County,US.NE.SU,529,4,
Hart County,US.GA.HT,528,13,
Bell County,US.KY.BL,528,15,
Tuscola County,US.MI.TU,527,31,
Brooks County,US.GA.BO,526,26,
Grand Traverse County,US.MI.GN,525,9,
Seminole County,US.OK.SM,525,6,
Bremer County,US.IA.BR,525,7,
Craig County,US.OK.CG,525,1,
Augusta County,US.VA.AU,525,7,
Stewart County,US.GA.SW,523,15,
Concordia Parish,US.LA.CR,522,15,
Nye County,US.NV.NY,522,15,
Otter Tail County,US.MN.OT,522,6,
Oswego County,US.NY.OS,521,3,
Morrow County,US.OR.MO,521,6,
Gilchrist County,US.FL.GI,520,14,
Liberty County,US.FL.LI,519,8,
Humboldt County,US.CA.HU,518,8,
Winchester city,US.VA.WH,518,4,
Haralson County,US.GA.HS,518,9,
Greene County,US.GA.GE,516,24,
Montgomery County,US.IN.MM,516,23,
Stone County,US.MO.SE,515,6,
Washington County,US.IA.WS,514,11,
Early County,US.GA.EA,513,33,
Clark County,US.WI.CL,513,8,
Carroll County,US.VA.CL,511,24,
Milam County,US.TX.MI,511,6,
McLeod County,US.MN.MC,510,2,
Seneca County,US.OH.SE,510,14,
Campbell County,US.TN.CM,509,4,
Phelps County,US.MO.PH,509,12,
Boyd County,US.KY.BD,507,10,
McDonough County,US.IL.MU,507,15,
Martin County,US.NC.MR,506,12,
Martin County,US.MN.MT,506,12,
Tunica County,US.MS.TU,505,15,
Dawson County,US.TX.DW,503,10,
White County,US.IN.WH,503,15,
Banks County,US.GA.BS,503,8,
Madison County,US.NY.MA,503,9,
Howard County,US.AR.HW,503,12,
Austin County,US.TX.AU,502,9,
Grant Parish,US.LA.GR,500,30,
Delaware County,US.IA.DA,500,4,
Bienville Parish,US.LA.BI,499,33,
Fayette County,US.TX.FT,495,21,
Pike County,US.KY.PI,495,3,
Carson City,US.NV.CA,494,8,
Warren County,US.MO.WR,494,1,
Le Sueur County,US.MN.LU,493,4,
Decatur County,US.IN.DC,493,42,
Macon County,US.AL.MC,492,18,
Lawrence County,US.AR.LW,492,13,
Allegany County,US.MD.AL,492,23,
Montgomery County,US.MS.MT,490,21,
Colorado County,US.TX.CO,490,4,
Morgan County,US.GA.MO,489,3,
Ontario County,US.NY.OR,489,28,
Harlan County,US.KY.HL,488,11,
Summit County,US.CO.SU,487,4,
Whitley County,US.KY.WH,486,2,
Fayette County,US.AL.FA,485,10,
Campbell County,US.VA.CM,485,4,
Shelby County,US.TX.SY,485,27,
Pontotoc County,US.OK.PN,485,3,
Lincoln County,US.OR.LC,485,13,
Jasper County,US.TX.JR,483,30,
Logan County,US.IL.LO,482,1,
Crawford County,US.IL.CW,481,6,
Ottawa County,US.OH.OT,481,30,
Stokes County,US.NC.SO,481,4,
Cross County,US.AR.CO,480,14,
Ohio County,US.KY.OH,479,9,
Yankton County,US.SD.YA,478,4,
Northampton County,US.NC.NO,478,17,
Claiborne County,US.MS.CB,477,16,
Washington County,US.MO.WS,477,11,
Carbon County,US.PA.CB,477,28,
Stephens County,US.OK.ST,476,5,
Candler County,US.GA.CR,475,20,
Preble County,US.OH.PR,474,16,
Cooper County,US.MO.CP,473,2,
Randolph County,US.AR.RA,472,22,
Lincoln County,US.NE.LI,469,4,
Nez Perce County,US.ID.NE,469,24,
Kenai Peninsula Borough,US.AK.KN,466,3,
Lawrence County,US.SD.LW,466,5,
Calhoun County,US.SC.CH,466,17,
Audrain County,US.MO.AU,464,5,
Armstrong County,US.PA.AR,463,18,
Fayette County,US.IL.FA,463,8,
Cooke County,US.TX.OO,461,7,
Berrien County,US.GA.BN,461,12,
Greenup County,US.KY.GU,460,4,
Franklin County,US.MA.FR,460,68,
Arkansas County,US.AR.AR,459,10,
Juneau County,US.WI.JU,459,2,
Union County,US.SD.UN,458,9,
Woodford County,US.IL.WO,458,9,
Andrews County,US.TX.AR,457,10,
Montgomery County,US.KS.MG,457,6,
O'Brien County,US.IA.OB,456,9,
Person County,US.NC.PN,456,8,
Menominee County,US.MI.MM,456,3,
Waushara County,US.WI.WS,455,3,
Miami County,US.IN.MI,454,4,
Door County,US.WI.DO,454,3,
Yalobusha County,US.MS.YL,453,14,
Claiborne County,US.TN.CI,453,5,
Duval County,US.TX.DU,453,17,
Ashley County,US.AR.AS,452,11,
Jefferson County,US.WV.JE,451,4,
Mahaska County,US.IA.MK,451,21,
Warren County,US.VA.WR,449,10,
Lyon County,US.NV.LY,448,7,
Atkinson County,US.GA.AT,448,3,
Bleckley County,US.GA.BK,447,21,
Wise County,US.VA.WI,446,9,
Logan County,US.AR.LG,446,1,
Union County,US.OR.UN,446,2,
Tompkins County,US.NY.TO,445,0,
Luna County,US.NM.LU,445,7,
Cibola County,US.NM.CI,445,21,
Greene County,US.IN.GE,445,39,
Livingston County,US.MO.LV,444,3,
Huntingdon County,US.PA.HU,444,6,
Harrison County,US.WV.HR,443,9,
Lawrence County,US.MS.LW,443,14,
Louisa County,US.IA.LO,443,15,
Parmer County,US.TX.PM,443,8,
Jackson County,US.AR.JA,441,1,
Glacier County,US.MT.GC,441,1,
Perry County,US.MS.PY,441,21,
Mason County,US.WA.MA,440,7,
Scotts Bluff County,US.NE.SC,440,8,
Geary County,US.KS.GE,440,3,
Dodge County,US.GA.DG,439,12,
Catahoula Parish,US.LA.CT,439,11,
Shelby County,US.IL.SB,439,4,
Mercer County,US.WV.MR,438,28,
Sumter County,US.AL.SU,438,21,
Jenkins County,US.GA.JK,438,30,
Caswell County,US.NC.CS,436,5,
La Salle Parish,US.LA.LA,434,10,
Franklin city,US.VA.FR,434,10,
Lee County,US.IL.LE,433,1,
Livingston County,US.IL.LI,433,8,
Marquette County,US.MI.MQ,432,12,
Evans County,US.GA.EV,432,6,
Posey County,US.IN.PS,432,2,
Itasca County,US.MN.IT,431,16,
Steuben County,US.IN.SE,431,8,
Grainger County,US.TN.GA,430,3,
Scott County,US.IN.SC,430,13,
Morgan County,US.MO.MG,429,2,
Wright County,US.MO.WG,428,0,
Amherst County,US.VA.AH,427,4,
Cleburne County,US.AL.CB,427,6,
Crawford County,US.MO.CF,425,5,
Screven County,US.GA.SR,425,11,
Douglas County,US.MN.DU,424,3,
Polk County,US.TN.PO,423,12,
Lyon County,US.IA.LY,422,4,
Franklin County,US.VA.FN,422,4,
Holmes County,US.OH.HL,422,9,
Galax city,US.VA.GA,421,30,
Freestone County,US.TX.FE,420,3,
Johnson County,US.GA.JH,420,22,
Wayne County,US.WV.WA,420,10,
Hopewell city,US.VA.HW,418,7,
Miami County,US.KS.MI,418,1,
Dinwiddie County,US.VA.DN,417,11,
Garvin County,US.OK.GV,416,5,
Jasper County,US.IN.JS,416,4,
Goodhue County,US.MN.GO,416,9,
St. Helena Parish,US.LA.SH,415,4,
Cass County,US.IL.CS,414,11,
Green Lake County,US.WI.GL,414,0,
Bristol County,US.RI.BR,414,16,
Roosevelt County,US.MT.RO,414,7,
Grayson County,US.KY.GY,413,14,
Warren County,US.NY.WR,413,30,
Davison County,US.SD.DV,412,2,
Union County,US.TN.UO,412,2,
Page County,US.VA.PA,410,29,
Newaygo County,US.MI.NE,407,2,
Franklin County,US.KS.FR,406,3,
Montgomery County,US.IL.MT,405,13,
Greene County,US.MS.GE,405,17,
Hempstead County,US.AR.HE,405,4,
Rio Arriba County,US.NM.RI,404,14,
Kingfisher County,US.OK.KN,403,2,
Jersey County,US.IL.JR,403,19,
Upshur County,US.TX.US,402,10,
Martinsville city,US.VA.MR,402,20,
Allendale County,US.SC.AL,402,6,
Baxter County,US.AR.BA,402,2,
Jackson County,US.IA.JC,401,3,
Lamar County,US.AL.LM,400,2,
Hancock County,US.GA.HC,399,43,
Mingo County,US.WV.MO,398,10,
Quitman County,US.MS.QU,398,5,
Allen County,US.KY.AL,397,9,
Panola County,US.TX.PN,396,26,
Chowan County,US.NC.CW,396,4,
Maui County,US.HI.MA,396,12,
Telfair County,US.GA.TF,396,20,
Snyder County,US.PA.SN,395,8,
Pawnee County,US.KS.PN,393,1,
Ionia County,US.MI.II,392,7,
Pecos County,US.TX.PE,392,5,
Saline County,US.IL.SE,391,4,
Clinch County,US.GA.CC,390,9,
Cowley County,US.KS.CL,389,8,
Stone County,US.MS.ST,389,13,
Benton County,US.MO.BN,389,5,
Montrose County,US.CO.MO,387,13,
Cass County,US.TX.CS,387,16,
Washington County,US.ID.WA,386,6,
Hopkins County,US.TX.HP,385,13,
Fluvanna County,US.VA.FV,384,9,
Houston County,US.TX.HS,384,11,
Jackson County,US.KY.JA,383,17,
Ohio County,US.WV.OH,383,7,
Humphreys County,US.MS.HU,382,15,
Wood County,US.WV.WO,382,6,
Clark County,US.AR.CK,381,4,
Lamar County,US.GA.LM,381,19,
Grundy County,US.TN.GU,381,7,
Union County,US.KY.UN,379,3,
Texas County,US.MO.TE,379,2,
Elmore County,US.ID.EL,379,4,
Gaines County,US.TX.GS,379,9,
Pine County,US.MN.PN,379,0,
Campbell County,US.WY.CM,378,2,
Rabun County,US.GA.RB,378,10,
Zavala County,US.TX.ZV,377,16,
Madison County,US.AR.MD,376,4,
Floyd County,US.IA.FL,375,5,
Defiance County,US.OH.DF,375,12,
Live Oak County,US.TX.LK,374,9,
Clay County,US.IA.CY,374,4,
Adair County,US.MO.AD,373,0,
Hockley County,US.TX.HC,373,9,
Seminole County,US.GA.SI,373,9,
Little River County,US.AR.LT,373,26,
Stone County,US.AR.ST,373,15,
Halifax County,US.VA.HL,373,7,
Avery County,US.NC.AV,372,0,
Iroquois County,US.IL.IR,372,19,
Harvey County,US.KS.HV,371,8,
Caroline County,US.VA.CI,370,5,
Brunswick County,US.VA.BU,369,5,
Benson County,US.ND.BE,368,7,
Choctaw County,US.AL.CC,366,12,
Lewis and Clark County,US.MT.LE,366,3,
Red River Parish,US.LA.RE,366,24,
Atchison County,US.KS.AT,366,3,
Cass County,US.NE.CS,365,3,
Benton County,US.IA.BN,365,1,
Hillsdale County,US.MI.HI,365,27,
Bonner County,US.ID.BR,363,0,
Drew County,US.AR.DR,363,7,
Warren County,US.NC.WR,363,7,
Lafayette County,US.WI.LF,363,0,
Camp County,US.TX.CP,363,11,
McIntosh County,US.OK.MI,362,6,
Perry County,US.IL.PY,362,15,
Montcalm County,US.MI.MC,361,7,
Bond County,US.IL.BN,361,8,
Sweetwater County,US.WY.SW,361,2,
Uinta County,US.WY.UI,360,2,
Clark County,US.KY.CK,360,10,
Cleburne County,US.AR.CB,360,9,
Jackson County,US.TN.JA,359,5,
Bollinger County,US.MO.BI,359,1,
Richmond County,US.VA.RI,359,4,
Henry County,US.OH.HE,356,17,
Amite County,US.MS.AM,355,10,
Polk County,US.MN.PL,355,4,
Jefferson County,US.OH.JE,355,4,
Franklin County,US.IA.FN,355,18,
Marquette County,US.WI.MQ,354,1,
Burleson County,US.TX.BU,354,6,
Warren County,US.IL.WR,354,3,
Winneshiek County,US.IA.WH,353,8,
Poweshiek County,US.IA.PW,352,9,
Sullivan County,US.IN.SU,352,12,
Choctaw County,US.OK.CA,352,2,
Brantley County,US.GA.BA,351,10,
Bosque County,US.TX.BQ,351,6,
Towns County,US.GA.TW,351,10,
Jefferson Davis County,US.MS.JD,350,11,
West Carroll Parish,US.LA.WC,350,10,
La Salle County,US.TX.LS,349,11,
Benton County,US.OR.BE,349,6,
Perry County,US.KY.PR,349,9,
Pike County,US.GA.PK,348,10,
Fulton County,US.OH.FU,348,1,
Barry County,US.MI.BR,347,4,
Webster County,US.MS.WE,347,13,
Isanti County,US.MN.IS,347,1,
Gem County,US.ID.GE,347,4,
Fulton County,US.NY.FU,347,28,
Wheeler County,US.GA.WL,347,11,
Greene County,US.NY.GR,347,15,
Dooly County,US.GA.DO,346,14,
Young County,US.TX.YU,346,6,
Oglethorpe County,US.GA.OG,346,11,
Wilkinson County,US.GA.WI,346,18,
Lamb County,US.TX.LB,346,23,
Moniteau County,US.MO.ME,346,5,
Otsego County,US.NY.OO,346,4,
Herkimer County,US.NY.HE,346,10,
Winnebago County,US.IA.WB,345,14,
Bradley County,US.AR.BR,345,8,
Butler County,US.KY.BR,345,16,
Douglas County,US.IL.DO,345,7,
Genesee County,US.NY.GE,344,6,
Kendall County,US.TX.KD,343,8,
Clay County,US.KY.CY,343,6,
Benton County,US.TN.BN,343,8,
Orange County,US.VA.OR,343,5,
Clearfield County,US.PA.CF,342,6,
Marshall County,US.KY.MH,341,4,
Tazewell County,US.VA.TA,341,2,
Hamilton County,US.IA.HM,341,3,
Forest County,US.WI.FR,339,7,
Oglala Lakota County,US.SD.SH,339,4,
Clay County,US.AR.CY,339,9,
Chaffee County,US.CO.CA,337,20,
Orleans County,US.NY.OL,337,55,
Transylvania County,US.NC.TR,336,9,
Adair County,US.KY.AD,336,19,
St. Lawrence County,US.NY.SI,335,4,
Zapata County,US.TX.ZP,335,6,
Aransas County,US.TX.AA,335,18,
Owyhee County,US.ID.OW,335,5,
Morgan County,US.TN.MG,333,4,
Clay County,US.IN.CY,333,5,
Polk County,US.NC.PO,333,11,
Wayne County,US.NY.WN,332,3,
Gray County,US.TX.GY,332,7,
Carroll County,US.MS.CL,332,12,
Logan County,US.OH.LG,331,3,
Randolph County,US.GA.RN,331,29,
Terrell County,US.GA.TL,331,32,
Morrison County,US.MN.MR,329,3,
Franklin County,US.IN.FR,329,26,
Jennings County,US.IN.JN,329,15,
Atoka County,US.OK.AT,328,1,
Hardin County,US.IA.HD,328,1,
Champaign County,US.OH.CH,326,3,
Gooding County,US.ID.GO,326,1,
Robertson County,US.TX.RO,326,3,
Ripley County,US.IN.RI,326,8,
Brooks County,US.TX.BK,325,22,
Taylor County,US.KY.TA,325,7,
Clinton County,US.OH.CI,325,13,
Franklin County,US.AR.FR,325,2,
Grayson County,US.VA.GY,325,17,
Crawford County,US.PA.CW,324,3,
Calaveras County,US.CA.CA,324,14,
Sheridan County,US.WY.SH,324,4,
Lincoln County,US.WI.LI,324,1,
McLean County,US.ND.ML,324,4,
Mississippi County,US.MO.MI,323,3,
Irwin County,US.GA.IR,323,5,
Montgomery County,US.GA.MM,323,5,
Douglas County,US.NV.DO,321,1,
Gillespie County,US.TX.GL,321,10,
Becker County,US.MN.BC,321,2,
Desha County,US.AR.DE,320,6,
Harrison County,US.IA.HR,319,5,
Kossuth County,US.IA.KO,319,0,
Island County,US.WA.IS,318,12,
Pulaski County,US.GA.PL,318,22,
Wayne County,US.IL.WY,317,5,
Cannon County,US.TN.CN,317,1,
Turner County,US.GA.TR,317,24,
Botetourt County,US.VA.BO,315,10,
Whitley County,US.IN.WL,314,7,
Buchanan County,US.IA.BC,314,1,
Perry County,US.OH.PE,313,10,
Jones County,US.IA.JN,311,3,
Refugio County,US.TX.RF,310,14,
Comanche County,US.TX.CE,310,4,
Kent County,US.MD.KE,309,24,
Wilkinson County,US.MS.WK,309,18,
Greene County,US.AL.GR,308,15,
Northampton County,US.VA.NA,308,31,
Madison County,US.MO.MD,308,1,
Louisa County,US.VA.LI,308,6,
Washington County,US.NY.WS,307,14,
Boyle County,US.KY.BE,307,0,
Susquehanna County,US.PA.SS,307,28,
Haskell County,US.OK.HS,306,4,
Falls County,US.TX.FL,306,5,
Washington County,US.NE.WS,306,5,
Carlton County,US.MN.CL,305,1,
Wasco County,US.OR.WC,305,5,
Wells County,US.IN.WE,304,4,
Hughes County,US.OK.HU,304,4,
Roosevelt County,US.NM.RO,304,4,
Randolph County,US.MO.RN,303,2,
Cattaraugus County,US.NY.CG,303,9,
Klamath County,US.OR.KL,302,3,
Montgomery County,US.KY.MM,302,3,
Caldwell Parish,US.LA.CW,302,3,
Lee County,US.VA.LE,301,7,
Gratiot County,US.MI.GT,301,15,
Marion County,US.WV.MI,301,4,
Orange County,US.IN.OR,300,26,
Jo Daviess County,US.IL.JO,300,2,
City and Borough of Juneau,US.AK.JU,300,2,
Somerset County,US.MD.SO,299,4,
Woodford County,US.KY.WO,299,0,
Emmet County,US.IA.EM,299,10,
Spencer County,US.IN.SP,299,3,
Cherokee County,US.IA.CE,299,2,
Langlade County,US.WI.LN,298,2,
Knox County,US.OH.KN,297,15,
Lanier County,US.GA.LI,297,6,
Gage County,US.NE.GG,297,5,
Brown County,US.OH.BR,296,3,
McIntosh County,US.GA.MH,296,7,
Gunnison County,US.CO.GU,296,7,
Unicoi County,US.TN.UC,295,1,
Vilas County,US.WI.VI,294,1,
Andrew County,US.MO.AN,294,3,
Conway County,US.AR.CN,294,3,
Kemper County,US.MS.KE,294,15,
Adams County,US.WI.AD,293,4,
Butler County,US.IA.BE,293,2,
Chickasaw County,US.IA.CC,293,1,
Humphreys County,US.TN.HU,293,3,
Lake County,US.MT.LA,292,1,
Ashland County,US.OH.AL,292,5,
Polk County,US.WI.PL,292,2,
Jackson County,US.OH.JA,292,7,
Wabash County,US.IN.WB,292,8,
Salem city,US.VA.SE,292,6,
Silver Bow County,US.MT.SI,291,0,
Jackson County,US.WV.JA,291,23,
Guthrie County,US.IA.GH,291,10,
Simpson County,US.KY.SI,291,8,
Dade County,US.GA.DD,290,5,
Sac County,US.IA.SA,290,0,
Houston County,US.TN.HO,290,9,
Russell County,US.VA.RU,289,5,
Starke County,US.IN.SR,289,8,
Ashe County,US.NC.AS,289,1,
Waynesboro city,US.VA.WS,289,3,
Pottawatomie County,US.KS.PT,288,0,
Carroll County,US.IN.CO,288,13,
Mountrail County,US.ND.MU,288,2,
Dare County,US.NC.DE,287,3,
Vernon County,US.WI.VE,287,1,
Huntington County,US.IN.HU,287,3,
Washington County,US.IN.WS,287,2,
Terry County,US.TX.TE,286,4,
Randolph County,US.IN.RA,285,8,
Shelby County,US.IA.SH,284,1,
Clayton County,US.IA.CT,284,3,
Patrick County,US.VA.PK,283,26,
Goochland County,US.VA.GO,282,7,
Casey County,US.KY.CS,282,15,
Grant County,US.KS.GT,281,5,
Staunton city,US.VA.SU,281,0,
Power County,US.ID.PO,281,1,
Polk County,US.AR.PL,280,4,
Cedar County,US.IA.CD,280,2,
Dodge County,US.MN.DD,280,0,
Green County,US.KY.GN,280,8,
Fayette County,US.OH.FY,279,6,
Runnels County,US.TX.RN,279,8,
Otero County,US.NM.OT,279,13,
Miller County,US.GA.ML,278,1,
Grant County,US.AR.GN,277,2,
Westmoreland County,US.VA.WM,277,4,
Ramsey County,US.ND.RM,276,2,
Ouachita County,US.AR.OU,275,7,
Clarke County,US.IA.CK,275,3,
McKenzie County,US.ND.MK,275,2,
Tioga County,US.NY.TI,274,23,
McPherson County,US.KS.MP,273,1,
Nolan County,US.TX.NO,273,5,
Crawford County,US.OH.CF,272,6,
Nottoway County,US.VA.NY,272,20,
Pamlico County,US.NC.PM,271,2,
Thurston County,US.NE.TU,270,4,
Russell County,US.KY.RU,270,6,
Allamakee County,US.IA.AL,270,6,
Morrow County,US.OH.MW,270,2,
Lawrence County,US.IL.LW,270,6,
Randolph County,US.WV.RN,269,1,
Pipestone County,US.MN.PS,269,14,
Jefferson County,US.IN.JF,268,3,
Washington County,US.OH.WS,268,23,
La Plata County,US.CO.LA,268,2,
Sharkey County,US.MS.SH,268,14,
Wilkes County,US.GA.WS,268,5,
Izard County,US.AR.IZ,268,0,
Mercer County,US.KY.MC,268,5,
Colonial Heights city,US.VA.CH,267,26,
Rowan County,US.KY.RW,266,1,
Clinton County,US.MO.CO,265,0,
Park County,US.WY.PA,265,2,
Fulton County,US.IN.FU,265,2,
Madison County,US.IA.MD,265,2,
Treutlen County,US.GA.TE,264,11,
Hardin County,US.OH.HD,264,13,
Pawnee County,US.OK.PW,264,4,
Fremont County,US.ID.FE,263,3,
Lampasas County,US.TX.LP,263,9,
Castro County,US.TX.AS,263,5,
Penobscot County,US.ME.PE,263,6,
Bedford County,US.PA.BO,262,6,
Wythe County,US.VA.WY,262,4,
Emporia city,US.VA.EM,261,26,
Dallam County,US.TX.DL,261,9,
Chenango County,US.NY.CH,261,6,
Gloucester County,US.VA.GL,261,2,
Richland County,US.IL.RI,260,8,
Richland County,US.ND.RI,260,2,
Amador County,US.CA.AM,259,16,
Clay County,US.TN.CY,259,6,
Chippewa County,US.MN.CP,258,2,
Dimmit County,US.TX.DM,258,7,
Yoakum County,US.TX.YA,258,5,
Douglas County,US.OR.DO,257,4,
Leon County,US.TX.LN,257,6,
Newton County,US.AR.NW,256,19,
Wayne County,US.PA.WN,256,11,
Long County,US.GA.LG,256,3,
Barnes County,US.ND.BA,255,0,
Boone County,US.WV.BN,254,2,
Pike County,US.MO.PI,254,4,
Sharp County,US.AR.SH,254,6,
Hood River County,US.OR.HO,254,0,
Labette County,US.KS.LB,253,4,
Jackson County,US.KS.JA,253,2,
Sequatchie County,US.TN.SQ,252,3,
Fayette County,US.IA.FT,250,2,
Calhoun County,US.GA.CU,250,9,
Alamosa County,US.CO.AL,250,9,
Seward County,US.NE.SA,249,3,
Wilcox County,US.GA.WC,249,23,
Perry County,US.IN.PE,249,14,
Iowa County,US.IA.IO,249,1,
Highland County,US.OH.HI,249,4,
Benton County,US.MS.BE,248,3,
Barton County,US.MO.BT,247,0,
Marion County,US.KY.MN,247,8,
Page County,US.IA.PG,246,0,
Iron County,US.MI.IR,246,7,
McCormick County,US.SC.MC,246,7,
Jefferson County,US.MS.JF,246,10,
Sawyer County,US.WI.SW,245,1,
Stewart County,US.TN.SA,245,3,
Tipton County,US.IN.TT,245,26,
Henry County,US.MO.HE,245,5,
Meade County,US.KY.MA,244,3,
Carroll County,US.IL.CL,243,6,
Pulaski County,US.VA.PU,243,5,
Perry County,US.PA.PE,242,6,
Mecosta County,US.MI.MT,242,3,
Echols County,US.GA.EC,242,2,
Coshocton County,US.OH.CS,240,11,
Grundy County,US.IA.GN,240,4,
Pike County,US.IN.PI,240,4,
Scott County,US.TN.SC,240,2,
Alleghany County,US.NC.AL,239,0,
Cottonwood County,US.MN.CT,239,0,
Taylor County,US.WI.TA,239,4,
Carbon County,US.WY.CB,239,2,
Meigs County,US.TN.ME,239,3,
Somerset County,US.PA.SO,238,3,
Iowa County,US.WI.IO,238,0,
Mifflin County,US.PA.MI,238,2,
Montgomery County,US.NY.MT,238,9,
Clallam County,US.WA.CL,238,1,
Greene County,US.IL.GE,238,14,
Pike County,US.AR.PE,237,3,
Williams County,US.OH.WI,237,3,
Moultrie County,US.IL.MI,237,4,
Hancock County,US.IL.HC,236,3,
Powhatan County,US.VA.PH,236,5,
Roberts County,US.SD.RO,236,1,
Macon County,US.GA.MC,236,10,
Iosco County,US.MI.IC,236,13,
King George County,US.VA.KG,235,4,
Palo Alto County,US.IA.PO,234,0,
Nevada County,US.AR.NV,233,13,
Knott County,US.KY.KT,233,1,
Hutchinson County,US.TX.UT,233,6,
Meeker County,US.MN.ME,233,2,
Greene County,US.VA.GE,232,3,
Douglas County,US.MO.DO,232,3,
Wayne County,US.MO.WY,232,0,
Washington County,US.IL.WG,231,1,
Cayuga County,US.NY.CY,231,2,
Lewis County,US.KY.LI,231,15,
Tyler County,US.TX.TY,230,4,
Tuolumne County,US.CA.TO,230,4,
Burnett County,US.WI.BN,230,4,
Lee County,US.TX.LE,230,14,
Lincoln County,US.WY.LI,229,1,
Wabasha County,US.MN.WB,229,0,
Walsh County,US.ND.WL,229,1,
Bailey County,US.TX.BY,228,5,
Lewis County,US.TN.LE,227,1,
Huron County,US.MI.HU,227,5,
Richland County,US.WI.RI,227,4,
Jay County,US.IN.JY,227,1,
San Jacinto County,US.TX.SJ,227,9,
Hill County,US.MT.HI,226,3,
Cameron Parish,US.LA.CM,226,2,
Vernon County,US.MO.VE,226,1,
Pitkin County,US.CO.PI,226,2,
Spencer County,US.KY.SP,225,0,
Clatsop County,US.OR.CT,225,0,
Kennebec County,US.ME.KE,225,11,
Jasper County,US.GA.JS,225,4,
Lincoln County,US.KY.LN,225,15,
Sullivan County,US.MO.SV,224,0,
Appomattox County,US.VA.AP,224,3,
Lincoln County,US.NM.LI,223,3,
Wyandot County,US.OH.WD,223,13,
Rolette County,US.ND.RO,223,5,
Cortland County,US.NY.CD,223,1,
Sanpete County,US.UT.SP,222,1,
Brown County,US.MN.BR,222,2,
Ste. Genevieve County,US.MO.SG,222,1,
Dickinson County,US.KS.DK,222,1,
Bradford County,US.PA.BF,221,5,
Mills County,US.IA.ML,221,1,
Cumberland County,US.IL.CU,221,5,
Carter County,US.KY.CR,220,3,
Yancey County,US.NC.YN,220,0,
Gallia County,US.OH.GA,220,13,
Love County,US.OK.LV,220,1,
Idaho County,US.ID.ID,220,0,
Brewster County,US.TX.BS,220,4,
Pike County,US.OH.PK,219,0,
Washington County,US.NC.WI,219,8,
Monroe County,US.KY.MO,218,4,
Shoshone County,US.ID.SH,217,18,
Jasper County,US.IL.JS,217,10,
Dallas County,US.MO.DL,217,1,
Taylor County,US.GA.TY,217,11,
Hancock County,US.IA.HN,215,2,
Josephine County,US.OR.JO,215,2,
Yellow Medicine County,US.MN.YE,215,3,
Lake County,US.SD.LK,215,7,
Lincoln County,US.GA.LC,214,7,
Clinton County,US.PA.CN,214,6,
Charles Mix County,US.SD.CH,213,0,
Johnston County,US.OK.JO,213,4,
Sumner County,US.KS.SU,213,3,
Floyd County,US.VA.FO,213,12,
Cass County,US.MN.CS,213,4,
Webster County,US.KY.WE,213,3,
Wilbarger County,US.TX.WG,212,2,
Reeves County,US.TX.RE,212,6,
Grundy County,US.MO.GU,212,4,
Bourbon County,US.KY.BU,212,1,
Floyd County,US.KY.FO,212,4,
Livingston County,US.NY.LI,211,6,
Sibley County,US.MN.SI,211,3,
York County,US.NE.YO,211,2,
Dickinson County,US.MI.DI,211,2,
Fulton County,US.IL.FU,210,0,
Calhoun County,US.IA.CO,209,3,
Emmons County,US.ND.EM,209,2,
New Kent County,US.VA.NK,208,3,
San Augustine County,US.TX.SG,207,15,
Rush County,US.IN.RU,206,4,
Henry County,US.KY.HY,205,2,
Franklin County,US.MS.FR,204,3,
Crawford County,US.WI.CR,204,0,
McCreary County,US.KY.MR,204,1,
Redwood County,US.MN.RW,203,7,
Carroll County,US.KY.CL,203,5,
Scott County,US.VA.SC,202,4,
Humboldt County,US.IA.HU,202,3,
Jefferson County,US.KS.JF,202,4,
Columbia County,US.OR.CL,201,1,
Pushmataha County,US.OK.PU,201,2,
Mitchell County,US.IA.ME,201,0,
Heard County,US.GA.HD,201,6,
Estill County,US.KY.ES,200,0,
Teton County,US.ID.TE,199,1,
Klickitat County,US.WA.KL,199,3,
Juniata County,US.PA.JU,199,7,
Twiggs County,US.GA.TG,199,9,
Todd County,US.KY.TO,199,8,
Trinity County,US.TX.TR,198,7,
Fulton County,US.AR.FU,198,5,
Custer County,US.SD.CU,198,3,
Montour County,US.PA.MO,198,5,
Wayne County,US.NE.WY,197,0,
Perquimans County,US.NC.PQ,196,3,
Marshall County,US.OK.MH,196,2,
Millard County,US.UT.MD,196,0,
Howard County,US.IA.HO,196,7,
Letcher County,US.KY.LT,196,2,
Greene County,US.PA.GR,194,1,
Stevens County,US.WA.ST,194,3,
Bristol city,US.VA.BI,194,7,
Pulaski County,US.IL.PL,194,1,
Bourbon County,US.KS.BB,194,3,
Cass County,US.IA.CS,194,2,
Moore County,US.TN.MO,193,1,
Marion County,US.GA.MR,193,9,
Mille Lacs County,US.MN.MI,193,3,
Knox County,US.NE.KN,193,0,
Cleveland County,US.AR.CV,192,12,
Rockcastle County,US.KY.RC,192,1,
Morris County,US.TX.MR,191,3,
Eastland County,US.TX.EA,191,4,
Inyo County,US.CA.IN,191,15,
Rock County,US.MN.RC,191,1,
Currituck County,US.NC.CI,191,3,
Delta County,US.CO.DT,191,3,
Osage County,US.MO.OS,191,1,
Williamsburg City,US.VA.WL,191,8,
Clay County,US.IL.CY,191,0,
Harrison County,US.KY.HS,190,0,
Montague County,US.TX.MU,190,4,
Clark County,US.IL.CK,190,3,
Murray County,US.MN.MU,189,3,
White County,US.IL.WE,189,1,
Choctaw County,US.MS.CW,189,6,
Howard County,US.MO.HR,188,2,
Tripp County,US.SD.TR,188,1,
Trigg County,US.KY.TG,187,0,
Mercer County,US.ND.ME,187,1,
Hart County,US.KY.HT,187,1,
Otoe County,US.NE.OT,187,1,
Otsego County,US.MI.OS,187,12,
Meigs County,US.OH.MS,187,12,
Lincoln County,US.WV.LI,187,2,
Ray County,US.MO.RY,186,0,
Johnson County,US.IL.JH,185,0,
Turner County,US.SD.TU,185,4,
Grant County,US.KY.GT,185,6,
Marshall County,US.WV.MH,185,1,
Osceola County,US.IA.OS,184,0,
Guernsey County,US.OH.GU,184,8,
Essex County,US.VA.ES,183,2,
Lyman County,US.SD.LY,183,3,
Newton County,US.TX.NE,182,13,
Fremont County,US.CO.FR,182,1,
Garrard County,US.KY.GR,182,3,
Jackson County,US.WI.JA,181,1,
Graham County,US.NC.GH,181,5,
Wayne County,US.KY.WY,181,0,
Grant County,US.SD.GA,180,1,
Northumberland County,US.VA.NU,180,6,
Coosa County,US.AL.CS,179,3,
Okfuskee County,US.OK.OF,179,5,
Dewey County,US.SD.DW,179,0,
Newton County,US.IN.NE,179,12,
Teller County,US.CO.TE,178,4,
Van Buren County,US.AR.VA,178,3,
Pocahontas County,US.IA.PC,178,2,
Anderson County,US.KY.AN,178,1,
Owen County,US.IN.OW,177,2,
Mineral County,US.WV.ML,176,4,
Jefferson County,US.NY.JE,176,1,
Coos County,US.OR.CO,176,0,
Monona County,US.IA.MO,175,1,
Mason County,US.IL.MS,175,1,
Renville County,US.MN.RN,175,8,
Gogebic County,US.MI.GO,175,2,
Buchanan County,US.VA.BH,175,2,
Deer Lodge County,US.MT.DE,174,0,
Martin County,US.IN.MN,174,0,
Ravalli County,US.MT.RA,174,2,
Cuming County,US.NE.CM,173,0,
Hocking County,US.OH.HC,173,9,
Neosho County,US.KS.NO,173,0,
Fulton County,US.KY.FU,172,3,
Caldwell County,US.KY.CD,171,0,
Dallas County,US.AR.DA,171,5,
Essex County,US.NY.ES,170,14,
Crawford County,US.GA.CW,170,5,
Van Buren County,US.TN.VA,170,0,
Sioux County,US.ND.SI,169,3,
Murray County,US.OK.MR,169,1,
Montgomery County,US.AR.MT,169,6,
Mono County,US.CA.MO,169,2,
McCulloch County,US.TX.MC,168,4,
Mitchell County,US.NC.MI,168,3,
Elbert County,US.CO.EB,168,3,
Macon County,US.MO.MN,168,0,
Ashland County,US.WI.AS,167,2,
Emmet County,US.MI.EM,167,4,
Red River County,US.TX.RV,167,14,
Siskiyou County,US.CA.SK,167,0,
Clinton County,US.NY.CL,166,5,
Talbot County,US.GA.TB,166,6,
Gasconade County,US.MO.GA,165,22,
Wabash County,US.IL.WB,165,3,
King William County,US.VA.KW,165,2,
Monroe County,US.IA.MR,165,11,
Crockett County,US.TX.CT,164,7,
Taylor County,US.IA.TY,164,1,
Faribault County,US.MN.FA,163,0,
Buffalo County,US.WI.BF,163,2,
Grant County,US.WV.GA,163,7,
Price County,US.WI.PC,163,0,
Fillmore County,US.MN.FI,163,0,
Johnson County,US.KY.JO,163,2,
Tensas Parish,US.LA.TN,163,2,
Hubbard County,US.MN.HU,162,1,
Routt County,US.CO.RT,161,8,
Preston County,US.WV.PR,161,4,
DeKalb County,US.MO.DE,161,2,
Thomas County,US.KS.TH,161,0,
Prairie County,US.AR.PR,161,3,
Noble County,US.OK.NB,161,3,
Lancaster County,US.VA.LA,161,0,
Jones County,US.NC.JN,161,14,
Carroll County,US.OH.CO,160,7,
Lucas County,US.IA.LU,160,6,
Bandera County,US.TX.BA,160,8,
Swain County,US.NC.SW,159,3,
Jackson County,US.MN.JA,159,1,
Warren County,US.GA.WR,158,5,
Todd County,US.SD.TO,158,5,
Kearney County,US.NE.KA,157,0,
Piatt County,US.IL.PA,157,0,
Perry County,US.TN.PE,157,0,
Goliad County,US.TX.GI,156,6,
Belknap County,US.NH.BE,156,4,
Iron County,US.WI.IR,155,1,
Converse County,US.WY.CE,155,0,
Swift County,US.MN.SW,155,1,
Ralls County,US.MO.RL,155,0,
Grafton County,US.NH.GR,155,1,
Searcy County,US.AR.SA,154,1,
Churchill County,US.NV.CH,154,3,
Cheshire County,US.NH.CH,154,3,
Hamilton County,US.NE.HM,154,12,
Bates County,US.MO.BS,154,3,
Sanilac County,US.MI.SL,154,7,
Hamilton County,US.TX.HM,154,4,
Hancock County,US.WV.HN,154,0,
Spink County,US.SD.SP,153,0,
Adams County,US.OH.AD,153,4,
Benewah County,US.ID.BA,152,3,
Buffalo County,US.SD.BF,152,3,
Union County,US.IA.UN,152,3,
Nowata County,US.OK.NW,152,4,
Oxford County,US.ME.OX,152,1,
Marion County,US.TX.MN,152,14,
Monroe County,US.WV.ME,151,8,
Franklin County,US.ID.FA,151,0,
Mercer County,US.IL.ME,151,6,
Appanoose County,US.IA.AP,150,3,
Oregon County,US.MO.OR,150,0,
Stevens County,US.KS.SV,150,1,
Cedar County,US.MO.CD,150,0,
Pike County,US.IL.PK,150,1,
Jefferson County,US.IA.JE,150,1,
Lincoln County,US.MT.LN,149,3,
Daviess County,US.MO.DV,149,1,
Dent County,US.MO.DN,148,2,
Washington County,US.KY.WS,148,1,
Juab County,US.UT.JU,148,2,
Alpena County,US.MI.AP,148,14,
Latimer County,US.OK.LA,148,2,
Taos County,US.NM.TA,148,4,
Somervell County,US.TX.SV,148,5,
Montezuma County,US.CO.MZ,147,5,
Brule County,US.SD.BU,147,1,
North Slope Borough,US.AK.NH,147,0,
Gates County,US.NC.GT,147,3,
Mason County,US.WV.MN,147,6,
Kanabec County,US.MN.KA,147,9,
Gregory County,US.SD.GE,147,4,
Houston County,US.MN.HO,146,0,
Del Norte County,US.CA.DE,146,1,
Butler County,US.NE.BE,146,1,
Blaine County,US.OK.BL,146,1,
Ida County,US.IA.ID,146,2,
Breckinridge County,US.KY.BC,145,2,
Pickett County,US.TN.PI,145,2,
Monroe County,US.AR.ME,145,0,
Blanco County,US.TX.BC,145,5,
Ripley County,US.MO.RI,145,1,
Walworth County,US.SD.WA,145,1,
Brown County,US.KS.BR,145,5,
Hansford County,US.TX.HF,145,5,
Ochiltree County,US.TX.OC,144,5,
Blackford County,US.IN.BL,144,3,
Larue County,US.KY.LR,144,1,
Clinton County,US.KY.CO,143,2,
Fremont County,US.IA.FO,143,0,
Taylor County,US.WV.TA,143,8,
Roseau County,US.MN.RS,142,0,
Delaware County,US.NY.DE,141,5,
Vermillion County,US.IN.VE,141,0,
Hartley County,US.TX.HL,141,0,
Wyoming County,US.NY.WM,141,5,
Traill County,US.ND.TR,141,0,
De Witt County,US.IL.DW,141,2,
Jack County,US.TX.JK,140,3,
Van Wert County,US.OH.VA,140,3,
Charlotte County,US.VA.CT,140,0,
Meade County,US.KS.ME,140,1,
Edmonson County,US.KY.ED,140,12,
Shannon County,US.MO.SN,140,1,
Phelps County,US.NE.PH,140,0,
Toole County,US.MT.TO,140,6,
Carbon County,US.UT.CR,139,0,
Fairfax city,US.VA.FC,139,8,
Llano County,US.TX.LL,138,2,
Fountain County,US.IN.FO,138,2,
Carroll County,US.MO.CL,138,2,
Stephens County,US.TX.SE,138,4,
Ward County,US.TX.WD,137,1,
Clarion County,US.PA.CL,137,3,
Mason County,US.MI.MN,137,0,
Ozark County,US.MO.OZ,137,1,
Pennington County,US.MN.PI,136,1,
Nemaha County,US.NE.NE,136,0,
Caribou County,US.ID.CR,136,1,
Gentry County,US.MO.GT,136,9,
Bayfield County,US.WI.BY,136,1,
Concho County,US.TX.ON,136,2,
Dawes County,US.NE.DS,136,0,
Nemaha County,US.KS.NM,136,1,
Franklin County,US.TX.FK,136,6,
Parke County,US.IN.PA,135,2,
Richland County,US.MT.RI,135,2,
Washburn County,US.WI.WR,135,2,
Dickey County,US.ND.DC,134,0,
Wexford County,US.MI.WE,134,4,
Harrison County,US.MO.HS,133,1,
Menard County,US.IL.MN,133,1,
Davis County,US.IA.DV,133,4,
Greenbrier County,US.WV.GE,133,3,
Yuma County,US.CO.YU,132,1,
Northwest Arctic Borough,US.AK.NW,132,0,
Mason County,US.KY.MS,131,2,
Phillips County,US.KS.PL,131,8,
Rutland County,US.VT.RU,131,1,
Beaverhead County,US.MT.BE,131,1,
Carbon County,US.MT.CB,131,0,
Grant County,US.NM.GR,131,2,
Koochiching County,US.MN.KO,130,4,
Hyde County,US.NC.HE,130,5,
Humboldt County,US.NV.HU,130,4,
Clay County,US.NC.CY,130,2,
Gray County,US.KS.GY,129,0,
Wyoming County,US.WV.WY,129,4,
Paulding County,US.OH.PA,129,0,
Dunn County,US.ND.DU,129,3,
Hutchinson County,US.SD.HT,129,2,
Franklin County,US.VT.FR,129,7,
Coffey County,US.KS.CF,129,9,
Metcalfe County,US.KY.MT,128,2,
Haskell County,US.KS.HS,128,1,
Massac County,US.IL.MA,128,2,
Nantucket County,US.MA.NA,128,1,
Windham County,US.VT.WH,127,3,
Surry County,US.VA.SR,127,3,
Van Buren County,US.IA.VA,127,1,
McCook County,US.SD.MC,127,1,
Butte County,US.SD.BT,127,3,
Crawford County,US.MI.CF,126,5,
Asotin County,US.WA.AS,126,3,
Lewis County,US.MO.LE,126,2,
Carroll County,US.NH.CA,126,2,
Greene County,US.IA.GE,126,0,
Amelia County,US.VA.AI,125,5,
Middlesex County,US.VA.MI,125,11,
Keokuk County,US.IA.KE,125,1,
Lincoln County,US.MN.LI,124,0,
Nicholas County,US.WV.NI,124,3,
Allegany County,US.NY.AL,124,4,
Lexington city,US.VA.LX,124,1,
Stevens County,US.MN.SV,123,1,
Crawford County,US.IN.CW,123,2,
Rockbridge County,US.VA.RB,123,2,
Phillips County,US.MT.PH,123,0,
Lunenburg County,US.VA.LN,123,3,
Crittenden County,US.KY.CT,123,1,
Sublette County,US.WY.SU,123,1,
Bennington County,US.VT.BE,122,1,
Custer County,US.MT.CU,122,2,
Hickory County,US.MO.HC,122,3,
Lafayette County,US.AR.LF,122,2,
Linn County,US.MO.LN,122,1,
Clay County,US.GA.CY,121,3,
Winkler County,US.TX.WI,120,4,
Harper County,US.KS.HP,120,2,
Edgar County,US.IL.EG,120,8,
Camden County,US.NC.CD,119,3,
Menominee County,US.WI.MN,119,0,
Washakie County,US.WY.WA,119,6,
Jefferson County,US.PA.JE,118,3,
Caldwell County,US.MO.CW,118,1,
Doniphan County,US.KS.DP,118,0,
Bethel Census Area,US.AK.BE,118,1,
Pulaski County,US.IN.PL,118,1,
Clare County,US.MI.CE,118,4,
Brooke County,US.WV.BO,118,1,
Real County,US.TX.RL,118,8,
Sevier County,US.UT.SE,117,1,
Woods County,US.OK.WS,117,0,
Madison County,US.MT.MA,117,1,
Upshur County,US.WV.UP,117,0,
Uintah County,US.UT.UN,117,1,
Leelanau County,US.MI.LE,116,1,
Madison County,US.NC.MD,116,1,
Worth County,US.IA.WT,116,0,
Marshall County,US.IL.MH,116,0,
Osage County,US.KS.OS,115,0,
Tyrrell County,US.NC.TY,115,3,
Rooks County,US.KS.RO,115,4,
Socorro County,US.NM.SO,115,6,
Bon Homme County,US.SD.BH,114,1,
Holt County,US.NE.HT,114,1,
Morgan County,US.UT.MN,113,0,
Pembina County,US.ND.PE,113,0,
Greer County,US.OK.GE,113,8,
Lemhi County,US.ID.LM,113,0,
Madison County,US.VA.MD,113,3,
Park County,US.MT.PA,113,0,
Pierce County,US.NE.PI,113,8,
Goshen County,US.WY.GO,112,2,
Floyd County,US.TX.FY,112,9,
Scott County,US.AR.SC,112,1,
Moody County,US.SD.MO,112,0,
Hancock County,US.TN.HC,111,3,
Hampshire County,US.WV.HM,111,1,
Monroe County,US.OH.ME,111,18,
Ford County,US.IL.FO,111,5,
Charlevoix County,US.MI.CV,111,3,
Jim Hogg County,US.TX.JG,111,3,
Saguache County,US.CO.SG,111,2,
Nelson County,US.VA.NL,110,2,
Carter County,US.MO.CR,110,3,
Florence County,US.WI.FL,110,2,
Lynn County,US.TX.LY,110,5,
Seneca County,US.NY.SC,110,1,
Valley County,US.MT.VA,110,1,
Powell County,US.KY.PO,109,0,
Montgomery County,US.IA.MG,109,5,
Pope County,US.MN.PE,109,0,
Gladwin County,US.MI.GL,109,2,
Cumberland County,US.KY.CU,109,0,
Tillman County,US.OK.TI,109,2,
Duchesne County,US.UT.DU,108,1,
Howard County,US.NE.HW,108,5,
Russell County,US.KS.RS,108,1,
Hamlin County,US.SD.HM,108,0,
Box Butte County,US.NE.BX,107,1,
Swisher County,US.TX.SW,107,3,
Marion County,US.AR.MN,107,0,
Otero County,US.CO.OT,107,6,
Scott County,US.KS.SC,107,1,
Cumberland County,US.VA.CU,107,2,
Issaquena County,US.MS.IS,106,3,
Schley County,US.GA.SY,106,2,
Union County,US.IN.UN,106,0,
Bottineau County,US.ND.BT,105,5,
Brown County,US.IN.BR,105,3,
Fall River County,US.SD.FL,105,5,
Garza County,US.TX.GR,105,4,
Roscommon County,US.MI.RO,104,4,
Audubon County,US.IA.AU,104,1,
Eddy County,US.ND.ED,104,3,
Edmunds County,US.SD.ED,104,0,
Knox County,US.TX.KX,103,8,
Marion County,US.KS.MN,103,1,
San Miguel County,US.NM.SM,103,0,
Hidalgo County,US.NM.HI,102,2,
Dickenson County,US.VA.DC,102,1,
Osceola County,US.MI.OE,102,0,
Kearny County,US.KS.KE,102,1,
Owen County,US.KY.OE,102,2,
Kingman County,US.KS.KM,102,1,
Dixon County,US.NE.DI,102,2,
Washita County,US.OK.WT,101,0,
Baker County,US.OR.BA,101,2,
Ness County,US.KS.NS,101,7,
Major County,US.OK.MJ,100,2,
Day County,US.SD.DY,100,0,
Antelope County,US.NE.AN,100,1,
Custer County,US.NE.CU,100,4,
Magoffin County,US.KY.MF,100,0,
Pendleton County,US.KY.PN,100,0,
Jerauld County,US.SD.JE,100,3,
Gallatin County,US.KY.GL,100,8,
Douglas County,US.SD.DO,100,1,
Lake County,US.CO.LK,99,0,
Rio Grande County,US.CO.RG,99,2,
Valley County,US.ID.VA,98,1,
Mitchell County,US.TX.MH,98,1,
Cedar County,US.NE.CA,98,0,
Callahan County,US.TX.AL,98,3,
Deuel County,US.SD.DU,97,0,
Presidio County,US.TX.PS,97,7,
Venango County,US.PA.VE,97,1,
Clarke County,US.VA.CK,97,1,
Boone County,US.NE.BO,97,0,
Breathitt County,US.KY.BT,97,0,
Hardy County,US.WV.HD,96,1,
Lincoln County,US.ID.LI,96,0,
Perry County,US.AR.PY,96,0,
McDowell County,US.WV.MC,96,0,
Cheboygan County,US.MI.CY,96,2,
McHenry County,US.ND.MH,96,2,
Tioga County,US.PA.TI,95,3,
Prowers County,US.CO.PR,95,0,
Aitkin County,US.MN.AI,95,1,
Giles County,US.VA.GI,94,0,
Corson County,US.SD.CO,94,1,
Livingston County,US.KY.LV,94,1,
Barbour County,US.WV.BB,94,1,
San Miguel County,US.CO.SM,94,0,
Hancock County,US.KY.HC,93,0,
Jefferson County,US.MT.JE,93,0,
Windsor County,US.VT.WS,92,2,
Bath County,US.KY.BH,92,1,
Kiowa County,US.OK.KO,92,2,
Leslie County,US.KY.LS,91,0,
Monroe County,US.MO.MR,91,1,
Maries County,US.MO.MS,91,0,
Big Stone County,US.MN.BI,91,0,
Wayne County,US.IA.WY,91,3,
Kalkaska County,US.MI.KK,91,4,
Alexander County,US.IL.AL,90,1,
Stillwater County,US.MT.ST,90,2,
Buena Vista city,US.VA.BE,90,1,
Nelson County,US.ND.NE,90,0,
Benton County,US.IN.BE,90,0,
McLean County,US.KY.ML,90,1,
LaMoure County,US.ND.LA,89,0,
Crosby County,US.TX.CB,89,3,
Reagan County,US.TX.RG,89,6,
Merrick County,US.NE.ME,89,1,
Matthews County,US.VA.MT,88,0,
Pacific County,US.WA.PA,88,3,
Manistee County,US.MI.ME,88,3,
Montgomery County,US.MO.MM,88,1,
Archer County,US.TX.AC,88,1,
Fleming County,US.KY.FE,87,0,
Linn County,US.KS.LN,87,0,
Dawson County,US.MT.DW,87,1,
Holt County,US.MO.HL,86,1,
Somerset County,US.ME.SO,86,8,
Rice County,US.KS.RC,86,1,
Polk County,US.NE.PO,86,1,
Schoharie County,US.NY.SO,86,2,
Ransom County,US.ND.RN,86,0,
Wadena County,US.MN.WD,86,0,
Sargent County,US.ND.SG,85,1,
Chippewa County,US.MI.CP,85,0,
Grand County,US.CO.GR,85,1,
Kane County,US.UT.KA,85,1,
Addison County,US.VT.AD,85,2,
Sutton County,US.TX.ST,84,3,
Burt County,US.NE.BT,84,1,
Benzie County,US.MI.BE,84,2,
Baker County,US.GA.BR,84,4,
Carlisle County,US.KY.CE,84,1,
Charles City County,US.VA.CC,84,5,
Yukon-Koyukuk Census Area,US.AK.YU,83,2,
Clay County,US.NE.CL,83,0,
Lac Qui Parle County,US.MN.LC,83,2,
Martin County,US.KY.MI,83,3,
Chase County,US.KS.CS,83,1,
Dukes County,US.MA.DU,83,0,
McIntosh County,US.ND.MI,83,3,
Anderson County,US.KS.AN,83,0,
Hemphill County,US.TX.HH,83,0,
Nome Census Area,US.AK.NM,82,0,
Hickman County,US.KY.HA,82,1,
Sabine County,US.TX.SB,82,8,
Kit Carson County,US.CO.KT,81,3,
Ohio County,US.IN.OH,81,7,
Scott County,US.IL.SO,81,0,
Pend Oreille County,US.WA.PE,81,0,
Clay County,US.TX.CY,81,2,
Lyon County,US.KY.LY,80,4,
Wilkin County,US.MN.WL,80,3,
Torrance County,US.NM.TO,80,1,
Alleghany County,US.VA.AL,80,4,
Wyoming County,US.PA.WM,80,8,
Coleman County,US.TX.CM,80,4,
Dade County,US.MO.DD,80,0,
Valdez-Cordova Census Area,US.AK.VA,80,0,
Logan County,US.ND.LO,79,0,
Alfalfa County,US.OK.AL,79,0,
Rusk County,US.WI.RU,79,1,
Morrill County,US.NE.MO,79,0,
Mason County,US.TX.MA,79,2,
Hamilton County,US.IL.HM,78,2,
King and Queen County,US.VA.KA,78,1,
Martin County,US.TX.MT,78,6,
Washington County,US.VT.WA,78,2,
Faulk County,US.SD.FU,78,1,
Waldo County,US.ME.WL,78,14,
Gallatin County,US.IL.GA,78,2,
Pratt County,US.KS.PR,77,0,
Bennett County,US.SD.BN,77,3,
Henderson County,US.IL.HD,77,0,
St. Clair County,US.MO.SC,77,0,
Lander County,US.NV.LA,77,1,
Elk County,US.PA.EL,77,2,
Adair County,US.IA.AI,76,1,
Poquoson city,US.VA.PQ,76,2,
Lake County,US.MN.LE,76,0,
Mariposa County,US.CA.MP,76,2,
Quay County,US.NM.QU,76,2,
Garrett County,US.MD.GA,76,1,
Decatur County,US.IA.DC,76,0,
Big Horn County,US.WY.BI,76,2,
Childress County,US.TX.CD,75,0,
Mackinac County,US.MI.MK,75,0,
Crowley County,US.CO.CR,74,1,
Jefferson County,US.WA.JE,74,0,
Cloud County,US.KS.CD,74,1,
Clark County,US.MO.CK,74,0,
Blaine County,US.MT.BL,74,0,
Foster County,US.ND.FO,74,1,
Coal County,US.OK.CL,74,0,
Boise County,US.ID.BS,73,2,
Switzerland County,US.IN.SW,73,0,
Arenac County,US.MI.AR,73,3,
Rush County,US.KS.RH,73,0,
Renville County,US.ND.RE,72,1,
Falls Church city,US.VA.FU,72,7,
Wabaunsee County,US.KS.WB,72,1,
Sagadahoc County,US.ME.SA,72,0,
Crane County,US.TX.CR,72,2,
Pepin County,US.WI.PE,72,0,
Rains County,US.TX.RI,72,4,
Dewey County,US.OK.DW,72,1,
Trimble County,US.KY.TM,72,0,
Johnson County,US.NE.JO,72,0,
Cheyenne County,US.KS.CN,72,2,
Edwards County,US.IL.EW,72,0,
Custer County,US.ID.CU,72,1,
Shelby County,US.MO.SB,72,1,
Haskell County,US.TX.HK,71,3,
Antrim County,US.MI.AN,71,0,
Brown County,US.IL.BR,71,0,
Stanton County,US.KS.ST,71,2,
Cotton County,US.OK.CT,71,3,
Fergus County,US.MT.FE,71,1,
Aurora County,US.SD.AU,71,0,
White Pine County,US.NV.WH,71,1,
Hettinger County,US.ND.HE,71,0,
Roger Mills County,US.OK.RR,71,1,
Franklin County,US.NY.FR,70,1,
Allen County,US.KS.AL,69,1,
San Saba County,US.TX.SS,69,0,
Ogemaw County,US.MI.OG,69,5,
Norman County,US.MN.NR,69,0,
Morgan County,US.KY.MG,69,0,
Grant County,US.MN.GR,69,4,
Fisher County,US.TX.FH,68,3,
Keith County,US.NE.KT,68,0,
Washington County,US.CO.WA,68,0,
Harrison County,US.OH.HR,68,3,
Missaukee County,US.MI.MU,68,1,
Ziebach County,US.SD.ZI,67,1,
Kingsbury County,US.SD.KI,67,0,
Golden Valley County,US.ND.GO,67,0,
Edwards County,US.TX.ED,67,2,
Wetzel County,US.WV.WT,66,0,
Donley County,US.TX.DO,66,1,
Yates County,US.NY.YA,66,6,
Sherman County,US.TX.SN,66,1,
Putnam County,US.IL.PT,66,0,
Calhoun County,US.IL.CH,66,0,
Skamania County,US.WA.SM,65,1,
Wilson County,US.KS.WL,65,2,
Pondera County,US.MT.PN,65,0,
Rappahannock County,US.VA.RP,64,2,
Beaver County,US.OK.BA,64,0,
Bland County,US.VA.BL,64,5,
Crook County,US.OR.CR,63,1,
McKean County,US.PA.MC,63,2,
Clearwater County,US.ID.CE,63,0,
Franklin County,US.ME.FR,63,1,
Menifee County,US.KY.ME,62,1,
Hudspeth County,US.TX.HU,62,3,
Morgan County,US.WV.MA,62,0,
Ellsworth County,US.KS.EW,62,0,
Lawrence County,US.KY.LC,62,0,
Richardson County,US.NE.RI,61,1,
Griggs County,US.ND.GI,61,1,
Iron County,US.MO.IR,61,0,
Mills County,US.TX.MS,61,0,
Woodruff County,US.AR.WO,61,0,
Atchison County,US.MO.AT,61,0,
Pocahontas County,US.WV.PO,60,0,
Grand County,US.UT.GR,60,1,
Lincoln County,US.WA.LI,60,1,
Greenlee County,US.AZ.GE,60,2,
Stafford County,US.KS.SF,60,1,
Kidder County,US.ND.KI,59,0,
Kauai County,US.HI.KU,59,0,
Ottawa County,US.KS.OT,59,0,
Park County,US.CO.PA,59,1,
Cochran County,US.TX.CC,59,1,
Boundary County,US.ID.BD,59,1,
Summers County,US.WV.SU,59,0,
Lamoille County,US.VT.LA,59,1,
Sullivan County,US.NH.SU,59,1,
Marshall County,US.MN.MS,58,1,
Hand County,US.SD.HD,58,1,
Fillmore County,US.NE.FI,58,1,
Ballard County,US.KY.BA,58,1,
Schuyler County,US.IL.SU,58,0,
Red Willow County,US.NE.RE,57,0,
Knox County,US.MO.KN,56,1,
Sheridan County,US.NE.SD,56,0,
Cavalier County,US.ND.CV,56,0,
Sanders County,US.MT.SA,56,1,
Stark County,US.IL.SA,56,2,
Ringgold County,US.IA.RI,56,2,
Roane County,US.WV.RO,56,2,
Vinton County,US.OH.VI,56,3,
Nance County,US.NE.NA,56,0,
Clark County,US.KS.CA,55,1,
Grant County,US.OK.GN,55,1,
Mahnomen County,US.MN.MH,55,1,
Hancock County,US.ME.HA,55,1,
Culberson County,US.TX.UL,55,2,
Archuleta County,US.CO.AC,55,0,
Tillamook County,US.OR.TI,54,0,
Rawlins County,US.KS.RA,54,0,
Noble County,US.OH.NO,54,0,
Sitka City and Borough,US.AK.SI,54,0,
Pendleton County,US.WV.PE,53,1,
Clay County,US.KS.CY,53,2,
Coke County,US.TX.OK,53,3,
Schleicher County,US.TX.SH,53,2,
Potter County,US.SD.PO,53,0,
Edwards County,US.KS.ED,52,0,
Morgan County,US.OH.MA,52,0,
Fulton County,US.PA.FU,52,2,
Chariton County,US.MO.CI,52,0,
Cherry County,US.NE.CH,52,4,
Harmon County,US.OK.HM,52,0,
Schuyler County,US.NY.SU,51,0,
Lewis County,US.NY.LE,51,5,
Sweet Grass County,US.MT.SW,51,2,
Garfield County,US.UT.GA,51,2,
Wolfe County,US.KY.WL,51,0,
Brown County,US.NE.BW,50,0,
Plumas County,US.CA.PU,50,0,
Lincoln County,US.ME.LI,50,1,
Emery County,US.UT.EM,50,0,
Ketchikan Gateway Borough,US.AK.KG,50,0,
Dickens County,US.TX.DC,50,2,
Wheeler County,US.TX.WL,50,0,
Greenwood County,US.KS.GW,50,0,
Gilmer County,US.WV.GI,49,0,
Clark County,US.SD.CK,49,0,
Republic County,US.KS.RP,49,1,
Sierra County,US.NM.SI,49,1,
Crook County,US.WY.CK,49,0,
Nicholas County,US.KY.NI,49,1,
Bowman County,US.ND.BW,49,0,
Aroostook County,US.ME.AR,48,1,
Bear Lake County,US.ID.BK,48,1,
Owsley County,US.KY.OS,48,1,
Furnas County,US.NE.FU,48,2,
Kinney County,US.TX.KN,47,1,
Marshall County,US.SD.MS,47,0,
Hanson County,US.SD.HS,47,1,
Jefferson County,US.OK.JE,47,0,
Hamilton County,US.KS.HM,47,0,
Valley County,US.NE.VA,47,0,
Rock County,US.NE.RO,47,1,
Stanley County,US.SD.ST,47,0,
Alcona County,US.MI.AC,47,2,
Clear Creek County,US.CO.CL,47,1,
Gosper County,US.NE.GO,46,0,
Mitchell County,US.KS.MC,46,0,
Stanton County,US.NE.ST,46,0,
Red Lake County,US.MN.RD,45,1,
Baraga County,US.MI.BA,45,3,
Cheyenne County,US.NE.CY,45,0,
Ontonagon County,US.MI.ON,45,0,
Warren County,US.PA.WR,45,1,
Warren County,US.IN.WN,44,1,
Sherman County,US.KS.SH,44,0,
Perkins County,US.SD.PR,44,0,
Platte County,US.WY.PL,44,1,
Knox County,US.ME.KN,44,1,
Elliott County,US.KY.EL,44,0,
Johnson County,US.WY.JO,44,1,
Webster County,US.GA.WT,43,2,
Morris County,US.KS.MR,43,0,
Franklin County,US.NE.FA,43,0,
Moffat County,US.CO.MF,43,1,
Butte County,US.ID.BT,43,0,
Beaver County,US.UT.BV,42,0,
McPherson County,US.SD.MP,42,0,
Bracken County,US.KY.BK,42,0,
Tucker County,US.WV.TU,42,0,
Wells County,US.ND.WE,42,0,
Reynolds County,US.MO.RE,41,0,
Lewis County,US.WV.LE,41,2,
Graham County,US.KS.GH,40,1,
Norton County,US.KS.NT,40,0,
Trego County,US.KS.TR,40,1,
Traverse County,US.MN.TR,40,0,
Glascock County,US.GA.GS,40,2,
Hardin County,US.IL.HI,40,0,
Teton County,US.MT.TE,40,0,
Adams County,US.IA.AM,40,0,
Sanborn County,US.SD.SA,40,0,
Norton city,US.VA.NC,39,0,
Colfax County,US.NM.CO,39,1,
Campbell County,US.SD.CP,39,0,
Gove County,US.KS.GO,39,0,
Scotland County,US.MO.SO,38,1,
Jackson County,US.SD.JA,38,1,
Hot Springs County,US.WY.HO,38,0,
Clay County,US.WV.CY,37,2,
Conejos County,US.CO.CN,37,0,
Musselshell County,US.MT.MU,37,1,
Clearwater County,US.MN.CE,37,0,
Burke County,US.ND.BK,37,1,
Grant County,US.ND.GT,37,1,
Camas County,US.ID.CM,37,0,
Clark County,US.ID.CA,36,0,
Calhoun County,US.AR.CA,36,0,
Lake County,US.MI.LK,36,0,
Chouteau County,US.MT.CH,36,0,
Jefferson County,US.NE.JE,36,0,
Marshall County,US.KS.MS,36,0,
Mellette County,US.SD.ML,36,0,
Lipscomb County,US.TX.LM,36,1,
Pierce County,US.ND.PI,36,0,
Lewis County,US.ID.LW,36,1,
Hall County,US.TX.HA,35,1,
Schoolcraft County,US.MI.SR,35,0,
Logan County,US.KS.LG,35,0,
Greeley County,US.NE.GE,35,0,
Los Alamos County,US.NM.LO,35,0,
Caledonia County,US.VT.CA,34,0,
Thayer County,US.NE.TA,34,0,
Quitman County,US.GA.QU,34,1,
Perkins County,US.NE.PE,34,10,
Guadalupe County,US.NM.GU,34,1,
Meagher County,US.MT.ME,34,2,
Southeast Fairbanks Census Area,US.AK.SO,33,0,
Chase County,US.NE.CE,33,0,
Haakon County,US.SD.HA,33,1,
Covington city,US.VA.CV,33,0,
Phillips County,US.CO.PH,33,0,
Lake County,US.OR.LK,33,0,
Boyd County,US.NE.BY,33,0,
Wallowa County,US.OR.WW,33,1,
Doddridge County,US.WV.DO,32,1,
Costilla County,US.CO.CS,32,1,
Curry County,US.OR.CU,32,0,
Sheridan County,US.KS.SD,32,0,
Putnam County,US.MO.PN,32,1,
Oscoda County,US.MI.OO,32,1,
Harper County,US.OK.HP,32,1,
Craig County,US.VA.CG,31,0,
Carson County,US.TX.CN,31,0,
Mercer County,US.MO.MC,31,0,
Union County,US.NM.UN,31,2,
Prince of Wales-Hyder Census Area,US.AK.PH,31,0,
Pope County,US.IL.PE,30,1,
Potter County,US.PA.PO,30,0,
Cottle County,US.TX.OT,30,3,
Steele County,US.ND.SE,30,0,
Granite County,US.MT.GN,30,0,
Ferry County,US.WA.FE,30,0,
Miner County,US.SD.ME,30,0,
Delta County,US.TX.DT,29,0,
Kodiak Island Borough,US.AK.KO,29,0,
San Juan County,US.WA.SA,29,0,
Menard County,US.TX.EN,29,0,
Lake and Peninsula Borough,US.AK.LA,29,0,
Adams County,US.ID.AM,28,2,
Oneida County,US.ID.ON,28,0,
Shackelford County,US.TX.SC,28,0,
Ouray County,US.CO.OU,28,1,
Cimarron County,US.OK.CO,27,0,
McCone County,US.MT.MC,27,0,
Adams County,US.ND.AD,27,0,
Modoc County,US.CA.MC,27,0,
Calhoun County,US.WV.CH,27,0,
Schuyler County,US.MO.SH,27,0,
Decatur County,US.KS.DC,27,1,
Presque Isle County,US.MI.PR,27,1,
Kiowa County,US.KS.KW,27,0,
Sherman County,US.NE.SM,27,2,
Rio Blanco County,US.CO.RB,26,0,
Lake of the Woods County,US.MN.LO,26,1,
Las Animas County,US.CO.LS,25,0,
Hardeman County,US.TX.RD,25,0,
Oliver County,US.ND.OL,25,0,
Harlan County,US.NE.HR,25,0,
Orange County,US.VT.OA,25,0,
Hodgeman County,US.KS.HG,25,0,
Huerfano County,US.CO.HU,25,1,
Powder River County,US.MT.PD,25,0,
Upton County,US.TX.UP,25,2,
McMullen County,US.TX.MM,24,1,
Hoonah-Angoon Census Area,US.AK.HH,24,0,
Towner County,US.ND.TO,24,0,
Woodson County,US.KS.WO,24,0,
Alger County,US.MI.AG,24,0,
Taliaferro County,US.GA.TA,23,0,
Coos County,US.NH.CO,22,0,
Pershing County,US.NV.PE,22,0,
Washington County,US.KS.WS,22,0,
Worth County,US.MO.WO,21,0,
Wheatland County,US.MT.WH,21,1,
Morton County,US.KS.MT,21,2,
Chautauqua County,US.KS.CQ,21,0,
Orleans County,US.VT.OL,21,0,
Baylor County,US.TX.BR,20,1,
Pawnee County,US.NE.PA,20,0,
Lincoln County,US.CO.LI,20,0,
Hyde County,US.SD.HY,20,0,
Liberty County,US.MT.LB,20,0,
Mineral County,US.CO.MI,20,0,
Gilpin County,US.CO.GI,19,0,
Rich County,US.UT.RH,19,0,
Sheridan County,US.MT.SH,19,0,
Oldham County,US.TX.OL,19,1,
Collingsworth County,US.TX.CG,19,0,
Kimball County,US.NE.KB,19,0,
Wallace County,US.KS.WA,19,0,
Wibaux County,US.MT.WI,19,0,
Washington County,US.ME.WS,19,0,
Pleasants County,US.WV.PL,18,3,
Foard County,US.TX.FD,18,0,
Jones County,US.SD.JO,18,0,
Webster County,US.NE.WE,18,0,
Broadwater County,US.MT.BR,18,0,
Lee County,US.KY.LE,18,0,
Baca County,US.CO.BA,18,0,
Sherman County,US.OR.SH,18,0,
Garfield County,US.MT.GF,18,0,
Billings County,US.ND.BI,18,0,
Custer County,US.CO.CU,18,0,
Kimble County,US.TX.KM,17,1,
Jewell County,US.KS.JW,17,1,
Nuckolls County,US.NE.NU,17,0,
Tyler County,US.WV.TY,17,0,
Trinity County,US.CA.TR,16,0,
Sully County,US.SD.SU,16,0,
Grand Isle County,US.VT.GR,16,0,
Lane County,US.KS.LE,16,0,
Montmorency County,US.MI.MR,16,0,
Stonewall County,US.TX.SA,16,1,
Fallon County,US.MT.FA,16,0,
Powell County,US.MT.PL,15,0,
Sheridan County,US.ND.SH,15,0,
Hamilton County,US.NY.HA,15,1,
Sedgwick County,US.CO.SE,15,1,
Briscoe County,US.TX.BO,15,1,
Bath County,US.VA.BA,15,0,
Sullivan County,US.PA.SL,15,0,
Forest County,US.PA.FO,15,0,
Prairie County,US.MT.PR,14,0,
Jeff Davis County,US.TX.JF,14,0,
Lincoln County,US.KS.LC,14,0,
Cheyenne County,US.CO.CE,14,0,
Columbia County,US.WA.CM,14,1,
Kusilvak Census Area,US.AK.WA,14,0,
Ellis County,US.OK.EL,14,0,
Dundy County,US.NE.DY,14,1,
Mineral County,US.NV.MI,14,0,
Garfield County,US.WA.GF,14,0,
Greeley County,US.KS.GL,13,0,
Braxton County,US.WV.BX,13,0,
Wrangell City and Borough,US.AK.WG,13,0,
Luce County,US.MI.LU,13,0,
Kittson County,US.MN.KI,13,0,
Armstrong County,US.TX.AM,13,1,
Ritchie County,US.WV.RI,13,0,
Hooker County,US.NE.HO,13,1,
Garden County,US.NE.GD,13,0,
Osborne County,US.KS.OB,12,0,
Robertson County,US.KY.RB,12,0,
Harney County,US.OR.HA,12,0,
Frontier County,US.NE.FO,12,0,
Wirt County,US.WV.WI,12,0,
Comanche County,US.KS.CM,12,0,
Roberts County,US.TX.RS,12,0,
Irion County,US.TX.IR,12,0,
Bent County,US.CO.BE,11,0,
Slope County,US.ND.SL,11,0,
Garfield County,US.NE.GF,11,0,
Barber County,US.KS.AB,11,0,
Keweenaw County,US.MI.KW,11,0,
Storey County,US.NV.ST,11,0,
Eureka County,US.NV.EU,10,0,
Motley County,US.TX.MY,10,0,
Grant County,US.OR.GR,10,0,
Smith County,US.KS.SM,10,0,
Denali Borough,US.AK.DE,10,0,
Hitchcock County,US.NE.HI,10,0,
Piute County,US.UT.PT,9,0,
Catron County,US.NM.CA,9,1,
Judith Basin County,US.MT.JU,9,0,
Kent County,US.TX.KT,9,0,
Piscataquis County,US.ME.PI,9,0,
Glasscock County,US.TX.GC,9,0,
Dillingham Census Area,US.AK.DI,9,0,
Divide County,US.ND.DV,9,1,
Jackson County,US.CO.JA,9,0,
Carter County,US.MT.CT,9,0,
Webster County,US.WV.WB,8,0,
Cameron County,US.PA.CE,8,0,
Gilliam County,US.OR.GI,8,0,
Highland County,US.VA.HA,8,0,
Throckmorton County,US.TX.TH,8,2,
Petersburg Census Area,US.AK.PB,8,1,
Aleutians West Census Area,US.AK.AW,8,0,
Lincoln County,US.NV.LI,7,0,
Wahkiakum County,US.WA.WH,7,0,
Elk County,US.KS.EK,7,0,
Sioux County,US.NE.SI,7,0,
Logan County,US.NE.LG,7,0,
Kenedy County,US.TX.KE,7,2,
Mora County,US.NM.MO,7,0,
Cook County,US.MN.CO,7,0,
San Juan County,US.CO.SJ,6,0,
Daniels County,US.MT.DN,6,0,
McPherson County,US.NE.MC,6,0,
Mineral County,US.MT.MN,6,0,
Essex County,US.VT.ES,6,0,
Sierra County,US.CA.SE,6,0,
Sterling County,US.TX.SI,5,0,
Aleutians East Borough,US.AK.AE,5,0,
Golden Valley County,US.MT.GO,5,0,
Thomas County,US.NE.TO,5,0,
Harding County,US.SD.HR,5,0,
Wichita County,US.KS.WH,5,0,
Haines Borough,US.AK.HA,5,0,
Keya Paha County,US.NE.KY,5,0,
Deuel County,US.NE.DL,4,0,
Niobrara County,US.WY.NI,4,0,
Dolores County,US.CO.DO,3,0,
Terrell County,US.TX.TL,3,0,
Hinsdale County,US.CO.HI,3,0,
Loup County,US.NE.LU,3,0,
Treasure County,US.MT.TR,3,0,
Banner County,US.NE.BA,2,0,
Alpine County,US.CA.AP,2,0,
Grant County,US.NE.GA,2,0,
Wheeler County,US.NE.WH,2,0,
Wayne County,US.UT.WE,2,0,
Daggett County,US.UT.DG,1,0,
Harding County,US.NM.HA,1,0,
Arthur County,US.NE.AR,1,0,
De Baca County,US.NM.DE,1,0,
Kiowa County,US.CO.KO,1,0,
Borden County,US.TX.BD,1,0,
Blaine County,US.NE.BL,1,0,
Hayes County,US.NE.HY,1,0,
Petroleum County,US.MT.PO,0,0,
Loving County,US.TX.LI,0,0,
Bristol Bay Borough,US.AK.BR,0,0,
Yakutat City and Borough,US.AK.YA,0,0,
King County,US.TX.KG,0,0,
Kalawao County,US.HI.KL,0,0,
Wheeler County,US.OR.WE,0,0,
Skagway Municipality,US.AK.SW,0,0,
Esmeralda County,US.NV.ES,0,0,
