County,hasc,confirmed,death,recovered
Cook County,US.IL.CO,67551,3114,
Queens County,US.NY.QU,60025,6044,
Kings County,US.NY.KI,53385,6516,
Bronx County,US.NY.BN,43603,4326,
Los Angeles County,US.CA.LO,42037,2016,
Nassau County,US.NY.NA,39487,2073,
Suffolk County,US.NY.SF,38553,1802,
Westchester County,US.NY.WE,32673,1313,
New York County,US.NY.NE,25522,2822,
Middlesex County,US.MA.MI,19930,1478,
Wayne County,US.MI.WY,19538,2313,
Hudson County,US.NJ.HD,17814,1121,
Bergen County,US.NJ.BE,17583,1508,
Suffolk County,US.MA.SU,17089,813,
Essex County,US.NJ.ES,16906,1576,
Philadelphia County,US.PA.PH,16840,1178,
Miami-Dade County,US.FL.DA,16367,602,
Passaic County,US.NJ.PA,15497,864,
Union County,US.NJ.UN,15169,1005,
Middlesex County,US.NJ.MI,15057,921,
Fairfield County,US.CT.FA,14751,1180,
Richmond County,US.NY.RI,13140,946,
Essex County,US.MA.ES,13063,831,
Rockland County,US.NY.RO,12877,485,
Prince George's County,US.MD.PR,12830,444,
New Haven County,US.CT.NH,10663,874,
Providence County,US.RI.PR,10160,250,
Harris County,US.TX.RR,10095,210,
Orange County,US.NY.OE,10092,360,
Worcester County,US.MA.WO,9997,640,
Hartford County,US.CT.HA,9299,1133,
Montgomery County,US.MD.MO,9260,491,
Marion County,US.IN.MO,8815,518,
Fairfax County,US.VA.FX,8580,309,
Ocean County,US.NJ.OC,8214,661,
Oakland County,US.MI.OD,8125,944,
Dallas County,US.TX.DS,7904,191,
Maricopa County,US.AZ.MA,7835,361,
Washington,US.DC.DI,7788,412,
Norfolk County,US.MA.NO,7691,759,
Monmouth County,US.NJ.MN,7637,537,
King County,US.WA.KN,7630,539,
Plymouth County,US.MA.PL,7366,487,
Jefferson Parish,US.LA.JF,7175,432,
Lake County,US.IL.LK,7128,237,
Orleans Parish,US.LA.OR,6904,500,
Broward County,US.FL.BO,6514,286,
DuPage County,US.IL.DU,6471,332,
Macomb County,US.MI.MB,6420,772,
Riverside County,US.CA.RI,6343,284,
San Diego County,US.CA.SD,6315,241,
Bristol County,US.MA.BR,6286,345,
Montgomery County,US.PA.MG,6268,607,
Mercer County,US.NJ.ME,6205,438,
Morris County,US.NJ.MR,6155,583,
Hennepin County,US.MN.HE,6029,502,
Delaware County,US.PA.DE,5969,481,
Camden County,US.NJ.CM,5818,290,
Clark County,US.NV.CL,5815,304,
Milwaukee County,US.WI.MU,5556,269,
Hampden County,US.MA.HD,5492,533,
Erie County,US.NY.ER,5270,445,
Baltimore County,US.MD.BC,5135,271,
Kane County,US.IL.KE,4981,145,
Palm Beach County,US.FL.PL,4968,308,
Denver County,US.CO.DN,4948,296,
Franklin County,US.OH.FR,4885,205,
Orange County,US.CA.OR,4841,112,
Will County,US.IL.WL,4797,250,
Bucks County,US.PA.BC,4726,442,
Tarrant County,US.TX.TN,4711,132,
Somerset County,US.NJ.SO,4390,387,
Baltimore City,US.MD.BA,4339,210,
St. Louis County,US.MO.SL,4323,376,
Davidson County,US.TN.DA,4292,48,
Salt Lake County,US.UT.SL,4217,64,
Prince William County,US.VA.PW,4183,79,
Burlington County,US.NJ.BU,4097,249,
Shelby County,US.TN.SY,4033,91,
Sussex County,US.DE.SU,4006,117,
San Bernardino County,US.CA.SA,3984,164,
Arapahoe County,US.CO.AA,3943,273,
Fulton County,US.GA.FU,3872,193,
Berks County,US.PA.BK,3784,279,
Dutchess County,US.NY.DU,3745,132,
Cuyahoga County,US.OH.CU,3667,202,
Lehigh County,US.PA.LH,3586,192,
Polk County,US.IA.PK,3342,90,
East Baton Rouge Parish,US.LA.EB,3319,225,
Minnehaha County,US.SD.MN,3195,41,
Kent County,US.MI.KN,3145,62,
Anne Arundel County,US.MD.AN,3132,139,
Lake County,US.IN.LK,3087,162,
New Castle County,US.DE.NE,3053,144,
DeKalb County,US.GA.DA,3048,97,
Mecklenburg County,US.NC.MB,2894,70,
Gwinnett County,US.GA.GW,2889,121,
Snohomish County,US.WA.SN,2846,133,
Northampton County,US.PA.NA,2814,186,
Douglas County,US.NE.DG,2798,27,
Adams County,US.CO.AD,2759,108,
Lancaster County,US.PA.LN,2690,269,
Travis County,US.TX.TV,2644,82,
Cobb County,US.GA.CB,2625,138,
Alameda County,US.CA.AA,2609,90,
Luzerne County,US.PA.LU,2594,130,
Marion County,US.OH.MR,2557,18,
Yakima County,US.WA.YA,2551,83,
Monroe County,US.NY.MR,2530,166,
Santa Clara County,US.CA.SL,2492,138,
Woodbury County,US.IA.WO,2412,22,
Weld County,US.CO.WE,2358,124,
Bexar County,US.TX.BX,2322,63,
Caddo Parish,US.LA.CO,2272,156,
Chester County,US.PA.CH,2267,238,
Hall County,US.GA.HL,2248,41,
Hamilton County,US.OH.HM,2228,123,
San Francisco County,US.CA.SF,2198,37,
Potter County,US.TX.PT,2196,24,
Brown County,US.WI.BW,2177,29,
Lucas County,US.OH.LU,2056,218,
El Paso County,US.TX.EP,2046,57,
McKinley County,US.NM.MC,2044,86,
Pickaway County,US.OH.PC,2031,32,
Gloucester County,US.NJ.GL,2002,129,
Jefferson County,US.KY.JF,1994,139,
Jefferson County,US.CO.JE,1974,140,
Hillsborough County,US.NH.HI,1963,105,
Pima County,US.AZ.PM,1944,173,
Genesee County,US.MI.GE,1926,240,
Ramsey County,US.MN.RA,1925,86,
Atlantic County,US.NJ.AT,1895,128,
Mobile County,US.AL.MB,1874,107,
Cumberland County,US.NJ.CU,1869,60,
Stearns County,US.MN.SR,1853,11,
Onondaga County,US.NY.OG,1771,91,
Hillsborough County,US.FL.HL,1767,64,
Arlington County,US.VA.AR,1763,89,
San Mateo County,US.CA.SM,1738,75,
Orange County,US.FL.OR,1726,38,
Pierce County,US.WA.PI,1719,69,
Allegheny County,US.PA.AL,1718,148,
Dougherty County,US.GA.DH,1715,138,
Albany County,US.NY.AB,1700,93,
Loudoun County,US.VA.LD,1700,49,
Winnebago County,US.IL.WN,1681,44,
Black Hawk County,US.IA.BL,1645,37,
Kern County,US.CA.KE,1644,25,
Alexandria City,US.VA.AX,1627,37,
City of St. Louis,US.MO.SY,1623,103,
Fort Bend County,US.TX.FR,1621,40,
Tulare County,US.CA.TL,1603,74,
St. Tammany Parish,US.LA.ST,1599,154,
Utah County,US.UT.UT,1592,13,
Lee County,US.FL.LE,1585,88,
Ulster County,US.NY.UL,1584,70,
Cass County,US.IN.CS,1572,6,
Frederick County,US.MD.FR,1568,87,
Howard County,US.MD.HO,1548,45,
Santa Barbara County,US.CA.SB,1540,11,
Dakota County,US.NE.DK,1489,15,
Jefferson County,US.AL.JE,1469,85,
Hall County,US.NE.HL,1452,39,
San Juan County,US.NM.SJ,1451,99,
Ford County,US.KS.FO,1440,8,
Lackawanna County,US.PA.LC,1432,137,
El Paso County,US.CO.EL,1428,88,
Navajo County,US.AZ.NA,1421,52,
Nobles County,US.MN.NB,1414,2,
Finney County,US.KS.FI,1398,6,
Jackson County (including other portions of Kansas City),US.MO.JC,1396,38,
Trousdale County,US.TN.TR,1385,4,
Fresno County,US.CA.FR,1372,22,
Cass County,US.ND.CS,1370,40,
Duval County,US.FL.DU,1355,37,
Wake County,US.NC.WK,1345,32,
Henrico County,US.VA.HC,1339,114,
Washoe County,US.NV.WA,1316,48,
Richland County,US.SC.RI,1302,62,
Litchfield County,US.CT.LI,1298,121,
Monroe County,US.PA.MR,1291,95,
McHenry County,US.IL.MY,1282,67,
Sullivan County,US.NY.SL,1281,28,
Kent County,US.DE.KE,1281,55,
Mahoning County,US.OH.MH,1277,162,
Bernalillo County,US.NM.BE,1273,63,
Sacramento County,US.CA.SC,1266,56,
Washtenaw County,US.MI.WS,1265,95,
Contra Costa County,US.CA.CN,1234,36,
Wyandotte County,US.KS.WY,1217,71,
Barnstable County,US.MA.BA,1202,99,
Greenville County,US.SC.GV,1180,50,
Rockingham County,US.NH.RO,1179,66,
Putnam County,US.NY.PU,1175,58,
Racine County,US.WI.RA,1166,20,
Denton County,US.TX.DN,1161,28,
Summit County,US.OH.SU,1141,139,
Allen County,US.IN.AL,1139,65,
Chesterfield County,US.VA.CD,1132,29,
Apache County,US.AZ.AP,1121,22,
Durham County,US.NC.DH,1119,42,
Collier County,US.FL.CL,1112,41,
Warren County,US.NJ.WA,1111,123,
Oklahoma County,US.OK.OL,1109,54,
Pinellas County,US.FL.PI,1109,73,
Collin County,US.TX.CI,1090,31,
Hendricks County,US.IN.HD,1087,63,
St. Joseph County,US.IN.SN,1082,32,
Sussex County,US.NJ.SU,1075,140,
Hamilton County,US.IN.HM,1071,91,
Leavenworth County,US.KS.LV,1062,7,
Montgomery County,US.AL.MT,1052,28,
Johnson County,US.IN.JO,1049,102,
Clayton County,US.GA.CN,1047,42,
Dauphin County,US.PA.DA,1034,52,
Ouachita Parish,US.LA.OU,1032,34,
Multnomah County,US.OR.MU,1026,57,
Lancaster County,US.NE.LA,995,7,
Anoka County,US.MN.AN,995,49,
Imperial County,US.CA.IM,985,19,
Kent County,US.RI.KE,974,37,
Middlesex County,US.CT.MI,972,130,
Coconino County,US.AZ.CO,972,69,
Saginaw County,US.MI.SG,968,103,
Lincoln County,US.AR.LC,966,8,
Guilford County,US.NC.GU,944,50,
Charles County,US.MD.CH,943,64,
Manatee County,US.FL.MN,933,88,
Rutherford County,US.TN.RU,930,20,
Dakota County,US.MN.DA,929,32,
Hunterdon County,US.NJ.HN,925,55,
Kenosha County,US.WI.KN,921,21,
Cumberland County,US.ME.CU,919,38,
Wayne County,US.NC.WY,910,17,
Linn County,US.IA.LI,904,73,
New London County,US.CT.NL,903,72,
Boulder County,US.CO.BO,890,61,
Richmond City,US.VA.RC,888,19,
St. Clair County,US.IL.SI,888,69,
Lebanon County,US.PA.LB,887,24,
York County,US.PA.YO,883,21,
Marion County,US.OR.MR,882,24,
Niagara County,US.NY.NI,880,55,
Warren County,US.KY.WR,878,5,
Montgomery County,US.TX.MG,861,21,
Ventura County,US.CA.VE,858,29,
Tulsa County,US.OK.TU,852,40,
Elkhart County,US.IN.EL,844,27,
Wicomico County,US.MD.WI,844,22,
St. John the Baptist Parish,US.LA.SO,838,77,
Marshall County,US.IA.MS,835,7,
Hinds County,US.MS.HI,825,24,
Polk County,US.FL.PO,822,46,
Texas County,US.OK.TE,820,4,
Oneida County,US.NY.OD,817,39,
Dawson County,US.NE.DN,813,7,
Dallas County,US.IA.DL,809,12,
Hampshire County,US.MA.HS,806,76,
Brazoria County,US.TX.BI,805,9,
Forsyth County,US.NC.FO,801,7,
Seward County,US.KS.SW,799,1,
Ada County,US.ID.AA,791,22,
Tolland County,US.CT.TO,787,55,
Ascension Parish,US.LA.AE,782,52,
Sumner County,US.TN.SN,778,42,
Cherokee County,US.GA.CE,770,29,
Tangipahoa Parish,US.LA.TA,767,31,
Lafourche Parish,US.LA.LO,763,64,
Kalamazoo County,US.MI.KA,762,45,
Manassas City,US.VA.MS,743,6,
Pulaski County,US.AR.PU,740,28,
Harford County,US.MD.HA,737,37,
Escambia County,US.FL.ES,734,24,
San Joaquin County,US.CA.SJ,733,33,
Carroll County,US.MD.CR,733,69,
Pinal County,US.AZ.PN,732,37,
Galveston County,US.TX.GV,721,31,
St. Charles County,US.MO.SA,712,54,
Kankakee County,US.IL.KK,709,40,
Accomack County,US.VA.AC,709,11,
Butler County,US.OH.BU,699,23,
Johnson County,US.KS.JO,696,59,
Harrisonburg City,US.VA.HS,695,21,
Franklin County,US.PA.FR,677,28,
Ingham County,US.MI.IH,674,24,
Benton County,US.WA.BE,666,58,
Cameron County,US.TX.CA,664,32,
Douglas County,US.CO.DU,663,43,
Washington County,US.OR.WI,659,17,
Stark County,US.OH.ST,642,79,
Marshall County,US.AL.MS,642,9,
Osceola County,US.FL.OS,640,18,
Lubbock County,US.TX.LU,639,50,
Schenectady County,US.NY.SN,638,26,
Lauderdale County,US.MS.LU,637,47,
Ottawa County,US.MI.OT,632,26,
Lafayette Parish,US.LA.LY,631,23,
Volusia County,US.FL.VO,630,35,
Kendall County,US.IL.KA,627,19,
Randall County,US.TX.RA,625,5,
Lorain County,US.OH.LR,624,58,
Robeson County,US.NC.RB,624,6,
Henry County,US.GA.HY,623,19,
St. Charles Parish,US.LA.SC,618,43,
Terrebonne Parish,US.LA.TR,614,45,
Stanislaus County,US.CA.ST,611,28,
Bledsoe County,US.TN.BE,606,1,
Rock Island County,US.IL.RO,604,22,
St. Francis County,US.AR.SI,600,0,
Fayette County,US.KY.FA,596,13,
Rapides Parish,US.LA.RA,591,16,
Buchanan County,US.MO.BC,587,2,
Morgan County,US.CO.MN,586,38,
Virginia Beach City,US.VA.VI,584,19,
Johnson County,US.IA.JH,584,7,
Madison County,US.MS.MD,582,19,
Eagle County,US.CO.EA,577,8,
Dane County,US.WI.DA,576,26,
Rowan County,US.NC.RW,574,25,
Madison County,US.IN.MD,573,57,
Colfax County,US.NE.CO,573,2,
Scott County,US.MS.SC,569,10,
Cumberland County,US.PA.CU,565,43,
Berrien County,US.MI.BN,564,40,
Florence County,US.SC.FL,563,30,
Montgomery County,US.OH.MT,554,14,
Muskegon County,US.MI.MG,552,26,
Sarasota County,US.FL.SR,550,67,
Schuylkill County,US.PA.SC,548,25,
Calcasieu Parish,US.LA.CC,548,42,
Chatham County,US.NC.CH,546,25,
Sedgwick County,US.KS.SG,542,21,
Stafford County,US.VA.SF,540,4,
Iberville Parish,US.LA.IV,540,39,
Beaver County,US.PA.BA,539,71,
Muscatine County,US.IA.MU,538,35,
Cape May County,US.NJ.CP,534,44,
Sandoval County,US.NM.SD,528,24,
Waukesha County,US.WI.WK,527,24,
Culpeper County,US.VA.CP,526,5,
Lexington County,US.SC.LX,525,29,
Cumberland County,US.NC.CU,524,14,
Charleston County,US.SC.CS,523,11,
Richmond County,US.GA.RI,521,17,
St. Bernard Parish,US.LA.SE,521,21,
Larimer County,US.CO.LR,517,21,
Platte County,US.NE.PL,515,1,
Williamson County,US.TX.WM,513,20,
Blaine County,US.ID.BL,510,5,
Berkshire County,US.MA.BE,509,37,
Duplin County,US.NC.DP,508,12,
Moore County,US.TX.MO,508,12,
Madison County,US.IL.MD,506,48,
Kenton County,US.KY.KE,503,32,
Randolph County,US.NC.RA,502,6,
Jefferson County,US.AR.JE,500,22,
Trumbull County,US.OH.TR,499,40,
Webb County,US.TX.WB,498,18,
Champaign County,US.IL.CM,496,7,
Rock County,US.WI.RO,493,14,
Olmsted County,US.MN.OL,493,10,
Williamson County,US.TN.WL,491,10,
Logan County,US.CO.LO,490,3,
Muscogee County,US.GA.MG,487,17,
Salem County,US.NJ.SA,484,24,
Cleveland County,US.OK.CV,481,37,
Habersham County,US.GA.HB,479,18,
Yuma County,US.AZ.YU,475,6,
Pike County,US.PA.PI,473,18,
Martin County,US.FL.MT,472,8,
Franklin County,US.WA.FR,472,18,
Washington County,US.RI.WA,471,21,
Neshoba County,US.MS.NS,470,26,
Muhlenberg County,US.KY.MU,468,7,
Hidalgo County,US.TX.HG,467,10,
Lee County,US.AL.LE,467,32,
Columbiana County,US.OH.CL,467,49,
Jefferson County,US.TX.JE,465,27,
Saline County,US.NE.SL,463,1,
Kings County,US.CA.KI,457,2,
Wilkes County,US.NC.WE,456,1,
Rensselaer County,US.NY.RE,456,25,
Douglas County,US.GA.DL,455,22,
Monterey County,US.CA.MT,454,8,
Tuscaloosa County,US.AL.TU,454,9,
Forrest County,US.MS.FO,453,32,
Bartholomew County,US.IN.BA,452,33,
Broome County,US.NY.BO,451,39,
Solano County,US.CA.SN,449,19,
Clark County,US.IN.CK,446,37,
Seminole County,US.FL.SE,445,12,
Forsyth County,US.GA.FO,443,12,
Monroe County,US.MI.MO,442,18,
Saratoga County,US.NY.SR,440,14,
Chittenden County,US.VT.CH,440,38,
Buckingham County,US.VA.BK,438,2,
Carroll County,US.GA.CL,437,24,
Rockingham County,US.VA.RG,434,6,
Westmoreland County,US.PA.WE,434,38,
Sonoma County,US.CA.SO,433,4,
Sumter County,US.GA.SU,432,40,
Washington County,US.MN.WH,431,23,
Walker County,US.TX.WK,430,27,
Kandiyohi County,US.MN.KD,428,1,
Skagit County,US.WA.SG,426,15,
Porter County,US.IN.PR,425,19,
Hamilton County,US.TN.HL,425,13,
Jackson County,US.MI.JA,425,26,
Bartow County,US.GA.BT,424,36,
St. Clair County,US.MI.SA,422,33,
Spokane County,US.WA.SP,421,31,
Spartanburg County,US.SC.SP,421,14,
DeSoto County,US.MS.DE,419,6,
Shelby County,US.AL.SH,419,19,
Crawford County,US.IA.CW,419,1,
Wapello County,US.IA.WP,418,3,
Bibb County,US.GA.BI,416,20,
Honolulu County,US.HI.HO,414,11,
Chesapeake City,US.VA.CS,412,13,
Franklin County,US.AL.FR,411,5,
Charlotte County,US.FL.CH,410,52,
Tipton County,US.TN.TI,409,2,
Chatham County,US.GA.CM,408,18,
Cabarrus County,US.NC.CR,406,21,
Sarpy County,US.NE.SY,404,2,
Lake County,US.TN.LK,403,0,
Summit County,US.UT.SU,403,0,
Mitchell County,US.GA.MT,397,32,
Davis County,US.UT.DA,396,2,
Clark County,US.WA.CR,394,22,
Livingston County,US.MI.LI,389,26,
Jones County,US.MS.JO,386,12,
Tallapoosa County,US.AL.TP,384,59,
Iberia Parish,US.LA.II,384,35,
Washington Parish,US.LA.WO,383,36,
Washington County,US.MD.WA,377,10,
Norfolk City,US.VA.NF,377,6,
Tama County,US.IA.TM,376,21,
Brevard County,US.FL.BE,376,11,
Bossier Parish,US.LA.BO,374,24,
LaPorte County,US.IN.LA,373,17,
Union County,US.NC.UN,370,16,
Boone County,US.KY.BO,368,11,
Leake County,US.MS.LK,368,7,
Spotsylvania County,US.VA.SP,366,4,
Lyon County,US.KS.LY,366,3,
Livingston Parish,US.LA.LV,363,26,
Whatcom County,US.WA.WA,363,36,
Dona Ana County,US.NM.DO,362,2,
Belmont County,US.OH.BE,362,11,
Brazos County,US.TX.BZ,362,18,
St. Mary's County,US.MD.SA,357,13,
Shenandoah County,US.VA.SN,355,12,
Columbia County,US.NY.CU,355,36,
Clay County,US.FL.CY,351,25,
St. Lucie County,US.FL.SL,349,28,
Twin Falls County,US.ID.TW,348,17,
Alachua County,US.FL.AL,346,7,
Jackson County,US.IN.JC,345,1,
Clay County,US.MN.CA,344,22,
Lee County,US.NC.LE,344,3,
Boone County,US.IL.BO,343,15,
Wilson County,US.TN.WO,343,8,
Marin County,US.CA.MN,343,14,
Columbia County,US.PA.CO,342,29,
Tippecanoe County,US.IN.TP,342,3,
Lee County,US.GA.LE,339,22,
Miami County,US.OH.MM,337,30,
Windham County,US.CT.WI,336,14,
Howard County,US.IN.HO,336,17,
Pasco County,US.FL.PS,335,12,
Houston County,US.GA.HO,335,16,
Holmes County,US.MS.HO,333,21,
Horry County,US.SC.HO,333,21,
Cecil County,US.MD.CE,331,20,
Sumter County,US.SC.SU,331,17,
Chambers County,US.AL.CM,330,23,
Calhoun County,US.MI.CU,327,19,
Sangamon County,US.IL.SM,324,26,
York County,US.SC.YO,324,5,
Louisa County,US.IA.LO,324,6,
Davidson County,US.NC.DD,323,11,
Putnam County,US.TN.PU,321,5,
Knox County,US.TN.KN,321,5,
Butler County,US.AL.BT,321,11,
Leon County,US.FL.LO,320,6,
York County,US.ME.YO,320,8,
Grand Forks County,US.ND.GD,320,3,
Scott County,US.IA.SC,320,8,
Delaware County,US.IN.DL,319,25,
Robertson County,US.TN.RB,317,0,
Walworth County,US.WI.WL,316,11,
Rankin County,US.MS.RA,315,6,
Sampson County,US.NC.SP,315,1,
Jefferson County,US.MO.JE,313,15,
Hancock County,US.IN.HC,310,27,
Franklin County,US.MA.FR,310,46,
Floyd County,US.IN.FL,309,38,
Warren County,US.OH.WR,309,15,
Rice County,US.MN.RI,307,2,
Washington County,US.OK.WN,307,33,
Baldwin County,US.GA.BD,307,18,
Beaufort County,US.SC.BA,306,12,
Coweta County,US.GA.CA,305,7,
Thomas County,US.GA.TH,304,30,
Portage County,US.OH.PO,303,55,
Shelby County,US.IN.SH,303,20,
Henderson County,US.NC.HN,302,41,
Merrimack County,US.NH.ME,299,12,
Daviess County,US.KY.DA,299,6,
Dubuque County,US.IA.DU,299,13,
Scott County,US.MN.SC,298,2,
Dodge County,US.NE.DE,295,1,
Madison County,US.NE.MA,294,3,
Madison County,US.NY.MA,294,7,
Tuscarawas County,US.OH.TU,293,2,
Orange County,US.NC.OR,291,39,
Jackson County,US.MS.JC,291,13,
St. James Parish,US.LA.SJ,289,24,
St. Mary Parish,US.LA.SM,288,29,
Clarendon County,US.SC.CN,288,36,
Union Parish,US.LA.UN,287,16,
DeKalb County,US.IL.DK,287,3,
Franklin Parish,US.LA.FR,287,9,
Clackamas County,US.OR.CC,284,9,
Madison County,US.AL.MD,284,4,
Canyon County,US.ID.CN,283,6,
Bell County,US.TX.BL,282,3,
Johnston County,US.NC.JH,282,17,
St. Martin Parish,US.LA.SR,281,22,
Kershaw County,US.SC.KE,281,13,
Newton County,US.GA.NE,280,10,
Delaware County,US.OH.DL,280,11,
Calvert County,US.MD.CL,278,14,
Suffolk City,US.VA.SO,278,25,
Mohave County,US.AZ.MO,277,31,
Barrow County,US.GA.BW,276,9,
Boone County,US.IN.BO,276,35,
Yavapai County,US.AZ.YA,273,6,
Columbus County,US.NC.CM,271,21,
Upson County,US.GA.UP,271,33,
Baldwin County,US.AL.BD,270,8,
Acadia Parish,US.LA.AD,269,15,
Grayson County,US.TX.GO,268,1,
Crittenden County,US.AR.CD,267,8,
Colquitt County,US.GA.CQ,267,13,
Ellis County,US.TX.EI,266,12,
Paulding County,US.GA.PA,265,11,
Lake County,US.FL.LK,264,14,
Wilson County,US.NC.WO,264,9,
Richmond County,US.VA.RI,263,4,
Ashtabula County,US.OH.AB,263,28,
Bedford County,US.TN.BD,262,4,
Fauquier County,US.VA.FQ,261,5,
Bay County,US.MI.BY,260,16,
Wood County,US.OH.WO,259,43,
Adams County,US.NE.AD,258,10,
Harnett County,US.NC.HT,257,20,
Attala County,US.MS.AT,257,11,
Saline County,US.MO.SI,256,0,
Nueces County,US.TX.NU,256,3,
Rockdale County,US.GA.RO,254,8,
Sumter County,US.FL.SM,252,17,
San Juan County,US.UT.SJ,251,4,
San Luis Obispo County,US.CA.SS,251,1,
Morgan County,US.IN.MG,251,22,
Hays County,US.TX.HY,250,3,
Jasper County,US.IA.JS,249,14,
Gadsden County,US.FL.GA,249,1,
Berkeley County,US.WV.BE,248,6,
Spalding County,US.GA.SD,246,14,
Randolph County,US.IL.RA,246,3,
Lake County,US.OH.LK,246,11,
Medina County,US.OH.MD,245,18,
Frederick County,US.VA.FK,245,3,
Portsmouth City,US.VA.PR,245,11,
St. Landry Parish,US.LA.SL,244,52,
Nacogdoches County,US.TX.NC,244,17,
Hanover County,US.VA.HV,244,19,
Strafford County,US.NH.ST,243,13,
Warren County,US.NY.WR,241,27,
Weber County,US.UT.WB,241,3,
Geauga County,US.OH.GE,241,27,
Hendry County,US.FL.HR,240,12,
Darlington County,US.SC.DA,240,6,
Assumption Parish,US.LA.AS,238,11,
Steuben County,US.NY.ST,238,27,
Elmore County,US.AL.EL,238,7,
Fremont County,US.WY.FR,237,6,
Alamance County,US.NC.AA,236,12,
De Soto Parish,US.LA.DE,235,16,
Comanche County,US.OK.CM,235,3,
Shiawassee County,US.MI.SH,235,22,
St. Johns County,US.FL.SJ,235,5,
Shawnee County,US.KS.SN,234,6,
Pitt County,US.NC.PI,234,2,
Merced County,US.CA.MD,234,6,
Early County,US.GA.EA,234,29,
Marion County,US.FL.MI,233,5,
Pueblo County,US.CO.PU,230,14,
Vanderburgh County,US.IN.VA,229,2,
Monroe County,US.MS.MR,229,23,
Lowndes County,US.GA.LW,229,4,
Copiah County,US.MS.CP,228,4,
Troup County,US.GA.TP,227,8,
Washington County,US.UT.WN,226,1,
Coryell County,US.TX.CL,226,2,
Etowah County,US.AL.ET,225,10,
Taylor County,US.TX.TA,224,5,
Lincoln County,US.MS.LI,224,19,
Harrison County,US.MS.HR,224,6,
Columbia County,US.GA.CI,223,6,
Manassas Park city,US.VA.MP,223,3,
Burke County,US.NC.BK,223,14,
Granville County,US.NC.GN,222,6,
Washington County,US.NY.WS,222,14,
Fairfield County,US.OH.FI,222,3,
Wasatch County,US.UT.WA,222,1,
Huntingdon County,US.PA.HU,221,1,
Carbon County,US.PA.CB,221,22,
Brown County,US.SD.BW,221,0,
Whitfield County,US.GA.WF,220,7,
Decatur County,US.IN.DC,220,31,
Floyd County,US.GA.FL,220,13,
Coffee County,US.GA.CF,219,13,
Butler County,US.KY.BR,218,6,
Broomfield County and City,US.CO.BR,218,24,
Montgomery County,US.TN.MT,217,2,
Anderson County,US.SC.AN,217,8,
Harrison County,US.TX.HR,217,22,
Caroline County,US.MD.CO,216,0,
Hopkins County,US.KY.HO,216,27,
Newport News City,US.VA.NN,215,10,
Greene County,US.NY.GR,215,12,
Fayette County,US.GA.FY,213,11,
Wayne County,US.OH.WE,211,49,
Gaston County,US.NC.GS,211,6,
Lincoln County,US.SD.LI,211,0,
Lamar County,US.MS.LM,210,4,
Newton County,US.MS.NW,210,3,
Berkeley County,US.SC.BK,209,15,
Buncombe County,US.NC.BO,209,7,
Newport County,US.RI.NE,209,1,
Butler County,US.PA.BT,209,12,
DeKalb County,US.AL.DA,209,3,
Clarke County,US.GA.CK,208,13,
Vance County,US.NC.VA,207,18,
Iredell County,US.NC.IR,206,5,
Municipality of Anchorage,US.AK.AN,206,4,
Northampton County,US.VA.NA,206,16,
Leflore County,US.MS.LL,206,24,
Butts County,US.GA.BU,205,18,
Bristol County,US.RI.BR,204,2,
Adams County,US.PA.AD,204,5,
Crisp County,US.GA.CP,204,7,
Tift County,US.GA.TI,204,14,
Kanawha County,US.WV.KA,204,18,
Terrell County,US.GA.TL,203,25,
Worth County,US.GA.WO,202,19,
Androscoggin County,US.ME.AN,202,2,
White County,US.IN.WH,201,7,
Wright County,US.MN.WR,200,1,
Montgomery County,US.IN.MM,199,14,
Liberty County,US.FL.LI,199,0,
Licking County,US.OH.LI,199,9,
Chelan County,US.WA.CH,198,6,
Santa Rosa County,US.FL.SA,198,9,
Pearl River County,US.MS.PL,197,27,
Plaquemines Parish,US.LA.PL,197,16,
Summit County,US.CO.SU,195,2,
St. Lawrence County,US.NY.SI,195,2,
McLean County,US.IL.ML,195,9,
Smith County,US.TX.SM,195,4,
Allegan County,US.MI.AL,195,5,
Yazoo County,US.MS.YZ,194,2,
West Feliciana Parish,US.LA.WF,193,8,
Jackson County,US.IL.JC,192,10,
Ware County,US.GA.WE,192,13,
Benton County,US.AR.BE,190,0,
Titus County,US.TX.TU,189,2,
Williamsburg County,US.SC.WI,189,10,
James City County,US.VA.JA,189,15,
Grant County,US.WA.GN,188,4,
Rhea County,US.TN.RH,188,0,
Pike County,US.MS.PI,188,11,
Genesee County,US.NY.GE,188,4,
Washington County,US.TX.WH,187,22,
Yolo County,US.CA.YO,186,22,
Fulton County,US.NY.FU,186,15,
Pottawattamie County,US.IA.PT,186,3,
Walton County,US.GA.WA,185,9,
Mecklenburg County,US.VA.ME,185,20,
Clinton County,US.IN.CI,185,1,
Okaloosa County,US.FL.OA,184,6,
Coffee County,US.AL.CF,184,1,
Hardeman County,US.TN.HA,184,0,
Sherburne County,US.MN.SH,183,1,
East Feliciana Parish,US.LA.EF,183,27,
Macon County,US.IL.MC,182,17,
Lapeer County,US.MI.LP,182,30,
Laramie County,US.WY.LA,182,2,
Pointe Coupee Parish,US.LA.PO,181,22,
Washington County,US.AR.WA,180,5,
Worcester County,US.MD.WO,180,7,
Gregg County,US.TX.GE,180,4,
Shelby County,US.TX.SY,180,5,
Adams County,US.MS.AD,179,15,
Dallas County,US.AL.DL,179,3,
Sioux County,US.IA.SI,178,0,
Ogle County,US.IL.OG,178,2,
Clark County,US.OH.CK,178,4,
Lee County,US.SC.LE,178,13,
Harrison County,US.IN.HI,178,20,
Gunnison County,US.CO.GU,177,6,
Tuscola County,US.MI.TU,177,22,
Erie County,US.PA.ER,177,4,
Island County,US.WA.IS,177,10,
Ontario County,US.NY.OR,176,9,
Allen County,US.OH.AN,176,31,
Placer County,US.CA.PA,176,8,
Santa Cruz County,US.CA.SZ,174,2,
Orleans County,US.NY.OL,174,26,
Edgecombe County,US.NC.ED,174,9,
Washington County,US.IA.WS,173,8,
Jackson County,US.FL.JA,173,0,
Kaufman County,US.TX.KU,173,2,
Hoke County,US.NC.HO,173,0,
Grant County,US.IN.GA,172,20,
Allen Parish,US.LA.AL,172,10,
Walker County,US.AL.WK,172,1,
Flagler County,US.FL.FL,172,4,
Washington County,US.WI.WN,171,4,
Sumter County,US.AL.SU,170,5,
Richland County,US.OH.RI,170,3,
Eaton County,US.MI.EA,170,6,
Lenoir County,US.NC.LN,170,7,
Randolph County,US.GA.RN,170,19,
Craighead County,US.AR.CG,170,0,
Clinton County,US.IL.CN,169,16,
Hillsdale County,US.MI.HI,168,24,
Dubois County,US.IN.DU,168,2,
Peoria County,US.IL.PI,168,6,
Angelina County,US.TX.AG,168,2,
Stephenson County,US.IL.SN,167,2,
Clermont County,US.OH.CE,167,5,
Hampton city,US.VA.HM,167,3,
Hancock County,US.GA.HC,167,15,
Allegany County,US.MD.AL,166,14,
Page County,US.VA.PA,166,19,
Greene County,US.IN.GE,165,21,
Panola County,US.TX.PN,164,17,
Dooly County,US.GA.DO,164,12,
Lowndes County,US.AL.LO,164,10,
Mercer County,US.OH.MC,163,3,
Madison County,US.TN.MD,162,2,
Aiken County,US.SC.AI,161,7,
Bastrop County,US.TX.BP,161,2,
Suwannee County,US.FL.SW,161,18,
Outagamie County,US.WI.OU,161,5,
Noble County,US.IN.NO,161,20,
Nash County,US.NC.NA,160,3,
Kitsap County,US.WA.KS,160,2,
Dearborn County,US.IN.DR,160,21,
Rutherford County,US.NC.RU,158,5,
Warrick County,US.IN.WI,157,26,
Victoria County,US.TX.VI,157,7,
Hamilton County,US.FL.HM,156,0,
Monroe County,US.IN.MR,156,10,
Houston County,US.AL.HO,154,3,
Fairfield County,US.SC.FA,152,9,
West Baton Rouge Parish,US.LA.WB,152,30,
Henry County,US.IN.HY,152,4,
Lycoming County,US.PA.LY,152,10,
Graves County,US.KY.GV,152,19,
Benton County,US.MN.BN,152,2,
Northumberland County,US.PA.NU,150,2,
Gallatin County,US.MT.GL,149,1,
Noxubee County,US.MS.NO,148,4,
Fond du Lac County,US.WI.FN,148,4,
Rockwall County,US.TX.RC,147,9,
Bowie County,US.TX.BW,147,5,
Autauga County,US.AL.AU,147,3,
Montrose County,US.CO.MO,147,12,
Tompkins County,US.NY.TO,145,0,
Johnson County,US.TX.JH,144,4,
Washington County,US.MS.WS,143,4,
Kent County,US.MD.KE,143,14,
Lenawee County,US.MI.LN,142,3,
Decatur County,US.GA.DC,142,4,
Albemarle County,US.VA.AB,142,4,
Morgan County,US.AL.MG,142,1,
Darke County,US.OH.DA,142,16,
Deaf Smith County,US.TX.DI,141,7,
Campbell County,US.KY.CM,141,11,
Winnebago County,US.WI.WA,141,1,
Natchitoches Parish,US.LA.NA,141,13,
Queen Anne's County,US.MD.QU,141,11,
Lawrence County,US.IN.LW,141,21,
Union County,US.AR.UN,140,4,
New Hanover County,US.NC.NE,140,3,
Craven County,US.NC.CN,140,4,
Wagoner County,US.OK.WG,140,17,
Jackson County,US.GA.JC,139,3,
Dillon County,US.SC.DI,138,3,
Carver County,US.MN.CV,138,1,
Warren County,US.MS.WR,138,5,
Southampton County,US.VA.SA,137,2,
Douglas County,US.WA.DO,137,3,
Franklin County,US.MO.FR,137,15,
Franklin County,US.NC.FR,137,20,
Centre County,US.PA.CT,136,5,
Lowndes County,US.MS.LO,136,7,
Buffalo County,US.NE.BF,136,1,
Clinton County,US.MI.CN,136,10,
Putnam County,US.FL.PU,136,4,
Calhoun County,US.AL.CN,136,3,
Gordon County,US.GA.GO,135,15,
Jackson County,US.WV.JA,135,18,
Roanoke city,US.VA.RO,135,8,
Miami County,US.IN.MI,134,1,
Chemung County,US.NY.CM,134,3,
Bolivar County,US.MS.BO,133,10,
Choctaw County,US.AL.CC,133,3,
Saluda County,US.SC.SA,132,0,
Caddo County,US.OK.CD,132,10,
Northampton County,US.NC.NO,132,11,
Ozaukee County,US.WI.OZ,131,11,
Erie County,US.OH.ER,131,4,
Jefferson County,US.WV.JE,131,1,
Garland County,US.AR.GL,131,1,
Halifax County,US.NC.HL,131,1,
Whiteside County,US.IL.WD,130,10,
Washington County,US.PA.WS,130,5,
Lincoln Parish,US.LA.LN,130,14,
Ector County,US.TX.EC,130,4,
Buena Vista County,US.IA.BV,130,0,
Vigo County,US.IN.VI,130,7,
Richmond County,US.NC.RI,130,2,
Catawba County,US.NC.CB,129,3,
Ionia County,US.MI.II,129,3,
LaSalle County,US.IL.LA,129,8,
Putnam County,US.IN.PT,127,6,
Clay County,US.MO.CY,127,1,
Santa Fe County,US.NM.ST,127,3,
Webster Parish,US.LA.WR,126,5,
Lamar County,US.TX.LR,126,9,
Jasper County,US.MS.JS,126,3,
Pike County,US.AL.PK,125,0,
McMinn County,US.TN.MM,125,12,
Union County,US.IL.UN,124,5,
Yadkin County,US.NC.YD,124,1,
Smith County,US.MS.SM,124,10,
Dorchester County,US.MD.DO,124,2,
Thurston County,US.WA.TH,124,1,
Martin County,US.MN.MT,124,5,
Midland County,US.TX.ID,123,12,
Jennings County,US.IN.JN,123,4,
Burleigh County,US.ND.BL,123,0,
Santa Cruz County,US.AZ.SA,123,0,
Covington County,US.MS.CV,123,1,
Gilmer County,US.GA.GI,123,0,
Kennebec County,US.ME.KE,123,8,
Chickasaw County,US.MS.CS,122,12,
Steele County,US.MN.SE,122,0,
Canadian County,US.OK.CN,122,3,
Orange County,US.IN.OR,122,19,
Randolph County,US.AL.RA,122,7,
Hardin County,US.TX.HN,121,4,
Marengo County,US.AL.ME,121,6,
Calhoun County,US.GA.CU,121,5,
Isle of Wight County,US.VA.IS,121,3,
Dodge County,US.WI.DD,121,1,
Stephens County,US.GA.SE,121,2,
Moore County,US.NC.ME,120,10,
Dorchester County,US.SC.DO,120,3,
Burke County,US.GA.BE,120,4,
Iroquois County,US.IL.IR,120,4,
Grayson County,US.KY.GY,119,8,
Orangeburg County,US.SC.OR,119,2,
Lauderdale County,US.AL.LU,119,2,
Clarke County,US.MS.CE,119,16,
Columbia County,US.FL.CU,119,2,
Monongalia County,US.WV.MG,118,4,
Chenango County,US.NY.CH,118,3,
Appling County,US.GA.AP,118,12,
Russell County,US.AL.RU,118,0,
Van Buren County,US.MI.VA,117,6,
Ohio County,US.KY.OH,117,0,
Tioga County,US.NY.TI,117,16,
Maui County,US.HI.MA,117,6,
Allamakee County,US.IA.AL,116,4,
Guadalupe County,US.TX.GU,116,0,
Todd County,US.MN.TO,116,0,
Washington County,US.OH.WS,116,17,
Lancaster County,US.SC.LN,116,5,
Deschutes County,US.OR.DE,116,0,
Citrus County,US.FL.CI,115,12,
Livingston County,US.NY.LI,114,3,
Jerome County,US.ID.JR,114,2,
Garfield County,US.CO.GA,114,2,
Bienville Parish,US.LA.BI,114,21,
Oktibbeha County,US.MS.OK,114,8,
Cibola County,US.NM.CI,113,4,
Richland Parish,US.LA.RI,113,2,
Monroe County,US.GA.MN,113,8,
Catahoula Parish,US.LA.CT,112,3,
Carroll County,US.MS.CL,112,9,
Colbert County,US.AL.CL,112,2,
Wayne County,US.PA.WN,112,6,
Kemper County,US.MS.KE,112,10,
Linn County,US.OR.LN,110,9,
Lafayette County,US.MS.LY,110,3,
Hale County,US.AL.HA,110,3,
Wilcox County,US.AL.WC,110,6,
Indian River County,US.FL.IN,110,9,
Loudon County,US.TN.LO,110,0,
Warren County,US.IL.WR,110,0,
Highlands County,US.FL.HG,110,8,
Winchester city,US.VA.WH,110,1,
Warren County,US.VA.WR,110,2,
St. Louis County,US.MN.ST,109,13,
Surry County,US.NC.SU,109,1,
Logan County,US.KY.LO,108,3,
Ripley County,US.IN.RI,108,6,
Chesterfield County,US.SC.CF,108,1,
Hernando County,US.FL.HA,108,5,
Morehouse Parish,US.LA.MO,108,5,
Greene County,US.MO.GE,107,8,
Fredericksburg City,US.VA.FB,107,0,
Umatilla County,US.OR.UM,107,3,
Marion County,US.AL.MI,107,10,
Boone County,US.MO.BO,107,1,
Walla Walla County,US.WA.WL,106,2,
Franklin County,US.IN.FR,106,7,
Scott County,US.IN.SC,105,3,
Madison County,US.OH.MO,105,7,
Pickens County,US.SC.PI,104,3,
Blue Earth County,US.MN.BE,104,0,
Tooele County,US.UT.TE,104,0,
Wayne County,US.NY.WN,103,2,
Crawford County,US.OH.CF,103,3,
Oconee County,US.GA.OC,103,4,
Morrow County,US.OH.MW,103,1,
McLennan County,US.TX.ML,102,4,
Jones County,US.TX.JN,101,0,
Bullitt County,US.KY.BI,101,4,
Sussex County,US.VA.SS,100,1,
Teton County,US.WY.TE,100,1,
Pennington County,US.SD.PN,100,3,
Winn Parish,US.LA.WI,100,2,
Marion County,US.MS.MI,100,8,
Barbour County,US.AL.BR,100,1,
Monroe County,US.FL.MO,100,3,
Jefferson County,US.IL.JF,99,16,
Dawson County,US.GA.DW,99,1,
Bertie County,US.NC.BT,99,3,
Otsego County,US.MI.OS,99,10,
Franklin County,US.VT.FR,99,5,
Prince Edward County,US.VA.PD,99,2,
Avoyelles Parish,US.LA.AV,99,9,
Fayette County,US.TN.FA,98,2,
Penobscot County,US.ME.PE,98,1,
Branch County,US.MI.BC,98,2,
Wilcox County,US.GA.WC,98,13,
Christian County,US.KY.CH,98,3,
St. Clair County,US.AL.SA,98,1,
Faulkner County,US.AR.FA,98,3,
Cheatham County,US.TN.CA,97,0,
Lee County,US.MS.LE,97,5,
Mercer County,US.PA.ME,97,4,
Delaware County,US.OK.DL,97,16,
Walton County,US.FL.WL,97,7,
Dickson County,US.TN.DI,97,0,
Plymouth County,US.IA.PM,96,0,
Wayne County,US.WV.WA,96,9,
Cumberland County,US.TN.CU,96,1,
Gray County,US.TX.GY,95,1,
Napa County,US.CA.NA,95,3,
McClain County,US.OK.ML,95,2,
Adair County,US.KY.AD,95,18,
Laurens County,US.GA.LR,95,1,
Juniata County,US.PA.JU,94,3,
Polk County,US.OR.PO,94,10,
Macon County,US.GA.MC,94,6,
Clinton County,US.NY.CL,94,4,
Maverick County,US.TX.MV,94,1,
DeSoto County,US.FL.DE,94,7,
Coles County,US.IL.CE,94,7,
Fayette County,US.PA.FA,93,4,
Pasquotank County,US.NC.PU,93,7,
Macon County,US.TN.MC,93,3,
Herkimer County,US.NY.HE,93,3,
Henderson County,US.KY.HE,93,3,
Caldwell County,US.NC.CL,93,2,
St. Joseph County,US.MI.SJ,92,2,
Oswego County,US.NY.OS,92,2,
Winston County,US.MS.WN,92,0,
Alpena County,US.MI.AP,92,9,
Pope County,US.AR.PP,92,1,
Osage County,US.OK.OS,92,8,
Grady County,US.GA.GD,92,4,
Grimes County,US.TX.GM,91,1,
Clarke County,US.AL.CK,91,2,
White County,US.GA.WH,91,3,
Susquehanna County,US.PA.SS,90,15,
Clay County,US.MS.CY,90,3,
Monroe County,US.IL.MR,90,11,
Knox County,US.IL.KX,90,0,
Warren County,US.IA.WR,90,0,
Gonzales County,US.TX.GA,90,2,
Turner County,US.GA.TR,90,12,
Orange County,US.TX.OR,89,2,
Goochland County,US.VA.GO,89,5,
Bradley County,US.TN.BR,89,1,
Roanoke County,US.VA.RE,89,3,
Scott County,US.MO.ST,89,8,
Yellowstone County,US.MT.YS,88,2,
Marlboro County,US.SC.ML,88,0,
Indiana County,US.PA.IN,88,4,
Greene County,US.AL.GR,88,4,
Lumpkin County,US.GA.LP,88,1,
Hardin County,US.KY.HN,88,2,
Humboldt County,US.CA.HU,88,2,
Polk County,US.GA.PO,87,0,
Mower County,US.MN.MW,87,1,
Bay County,US.FL.BY,87,3,
Creek County,US.OK.CE,87,7,
Poweshiek County,US.IA.PW,87,8,
Coahoma County,US.MS.CH,86,3,
Greene County,US.OH.GR,86,5,
Story County,US.IA.ST,86,1,
Pickens County,US.AL.PC,86,4,
McCracken County,US.KY.MK,85,2,
Augusta County,US.VA.AU,85,1,
Carroll County,US.IN.CO,85,2,
Fairbanks North Star Borough,US.AK.FA,85,2,
Pierce County,US.GA.PR,85,3,
Walker County,US.GA.WK,84,0,
Talladega County,US.AL.TD,84,2,
Petersburg city,US.VA.PB,84,2,
Putnam County,US.OH.PU,84,13,
Putnam County,US.GA.PT,84,7,
Shelby County,US.KY.SH,84,3,
Chilton County,US.AL.CI,84,1,
Pine County,US.MN.PN,83,0,
Bladen County,US.NC.BL,83,2,
Saline County,US.AR.SL,83,1,
Fluvanna County,US.VA.FV,83,6,
Glynn County,US.GA.GY,83,1,
Galax city,US.VA.GA,82,0,
Madera County,US.CA.ME,82,2,
Colonial Heights city,US.VA.CH,82,7,
Wichita County,US.TX.WC,82,2,
Grundy County,US.IL.GU,82,2,
Eau Claire County,US.WI.EA,82,0,
Hawaii County,US.HI.HA,81,0,
Onslow County,US.NC.ON,81,2,
Hancock County,US.MS.HN,81,10,
Nez Perce County,US.ID.NE,81,19,
Lawrence County,US.MS.LW,81,0,
Carson City,US.NV.CA,81,3,
Itawamba County,US.MS.IT,80,7,
Wilkinson County,US.MS.WK,80,9,
Liberty County,US.TX.LT,80,3,
Catoosa County,US.GA.CS,80,0,
Jackson Parish,US.LA.JA,80,10,
Windham County,US.VT.WH,80,3,
Lawrence County,US.AR.LW,79,5,
Beadle County,US.SD.BA,79,2,
Simpson County,US.MS.SI,79,0,
Wyoming County,US.NY.WM,79,5,
Grant County,US.WI.GA,78,10,
Lincoln County,US.MO.LO,78,1,
Harris County,US.GA.HI,78,4,
Adair County,US.OK.AD,78,3,
Comal County,US.TX.OM,78,6,
Blount County,US.TN.BO,77,3,
Meriwether County,US.GA.MW,77,2,
Montgomery County,US.NY.MT,77,4,
Sauk County,US.WI.SU,77,3,
Greenwood County,US.SC.GW,76,1,
Johnson County,US.GA.JH,76,2,
Yalobusha County,US.MS.YL,76,4,
Sheboygan County,US.WI.SE,76,3,
Dale County,US.AL.DE,76,0,
Midland County,US.MI.MD,76,8,
Montgomery County,US.MS.MT,76,1,
Cass County,US.MO.CS,75,7,
Lee County,US.IL.LE,75,1,
Lynchburg city,US.VA.LY,75,1,
Evangeline Parish,US.LA.EV,75,1,
McDonough County,US.IL.MU,75,4,
Winona County,US.MN.WN,75,15,
Humboldt County,US.NV.HU,74,3,
Maury County,US.TN.MU,74,0,
Montgomery County,US.NC.MO,74,3,
Freeborn County,US.MN.FR,73,0,
Yell County,US.AR.YE,73,1,
Daviess County,US.IN.DI,73,16,
Banks County,US.GA.BS,73,0,
Iosco County,US.MI.IC,73,9,
La Plata County,US.CO.LA,73,1,
Rogers County,US.OK.RS,73,5,
Steuben County,US.IN.SE,73,2,
Orange County,US.VA.OR,73,0,
Cleburne County,US.AR.CB,73,4,
Cullman County,US.AL.CU,73,0,
Lawrence County,US.PA.LW,73,8,
Charlottesville City,US.VA.CE,72,2,
Cayuga County,US.NY.CY,72,2,
Cache County,US.UT.CA,72,0,
Newton County,US.IN.NE,72,10,
Washington County,US.GA.WG,72,1,
Jefferson Davis Parish,US.LA.JD,72,6,
Washington County,US.TN.WI,71,0,
Limestone County,US.AL.LI,71,0,
Sunflower County,US.MS.SU,71,3,
Delaware County,US.NY.DE,71,2,
Cowlitz County,US.WA.CW,71,0,
Hunt County,US.TX.HT,71,3,
Carlton County,US.MN.CL,71,0,
Johnson County,US.MO.JO,71,0,
Wabash County,US.IN.WB,71,2,
Newaygo County,US.MI.NE,71,0,
Grady County,US.OK.GD,71,2,
Somerset County,US.MD.SO,71,1,
Jefferson County,US.NY.JE,71,0,
Cattaraugus County,US.NY.CG,71,2,
Bullock County,US.AL.BL,71,1,
Pemiscot County,US.MO.PM,70,3,
Talbot County,US.MD.TA,70,1,
Bacon County,US.GA.BC,70,2,
Lafayette County,US.MO.LF,69,1,
Mississippi County,US.AR.MS,69,1,
Elbert County,US.GA.EL,69,0,
Tippah County,US.MS.TP,69,11,
Union County,US.SD.UN,69,0,
Peach County,US.GA.PH,69,3,
Nassau County,US.FL.NA,69,1,
Oceana County,US.MI.OA,69,2,
Jackson County,US.AL.JA,69,2,
Jefferson Davis County,US.MS.JD,69,2,
Sevier County,US.TN.SV,69,2,
Valencia County,US.NM.VA,69,1,
Murray County,US.GA.MA,69,1,
Chaffee County,US.CO.CA,69,18,
Pettis County,US.MO.PS,69,1,
Cass County,US.MI.CS,68,2,
Marshall County,US.MS.MS,68,3,
Concordia Parish,US.LA.CR,68,5,
Bryan County,US.GA.BY,67,5,
Parker County,US.TX.PR,67,1,
Jefferson County,US.WI.JE,67,2,
Cass County,US.IL.CS,67,0,
Montgomery County,US.VA.MO,67,1,
Natrona County,US.WY.NA,67,0,
Otsego County,US.NY.OO,67,4,
El Dorado County,US.CA.EL,67,0,
San Benito County,US.CA.SI,66,2,
Brooks County,US.GA.BO,66,8,
Grenada County,US.MS.GN,66,2,
Lane County,US.OR.LE,66,2,
Kittitas County,US.WA.KT,66,0,
Ottawa County,US.OH.OT,66,4,
Grafton County,US.NH.GR,66,1,
Madison County,US.FL.MD,66,3,
Union County,US.MS.UN,66,4,
Greer County,US.OK.GE,66,7,
Kootenai County,US.ID.KO,66,0,
Wright County,US.IA.WG,65,0,
Tazewell County,US.IL.TA,65,3,
York County,US.VA.YO,65,3,
Monroe County,US.OH.ME,65,4,
Henry County,US.IL.HY,65,0,
Isabella County,US.MI.IB,65,7,
Bremer County,US.IA.BR,65,5,
Medina County,US.TX.ME,64,2,
Stoddard County,US.MO.SD,64,3,
Louisa County,US.VA.LI,64,0,
Brunswick County,US.NC.BS,64,2,
Wayne County,US.IN.WY,64,5,
Carroll County,US.VA.CL,64,1,
Anderson County,US.TX.AE,63,0,
Hocking County,US.OH.HC,63,2,
Coffee County,US.TN.CF,63,0,
Sandusky County,US.OH.SA,63,9,
Colleton County,US.SC.CT,63,8,
Tom Green County,US.TX.TG,63,1,
Washington County,US.AL.WS,63,5,
Matagorda County,US.TX.MD,63,5,
Wayne County,US.TN.WY,63,0,
Yamhill County,US.OR.YA,63,7,
Hopewell city,US.VA.HW,62,0,
Douglas County,US.KS.DG,62,0,
Montcalm County,US.MI.MC,62,1,
Addison County,US.VT.AD,62,2,
Jefferson County,US.OH.JE,62,2,
Greene County,US.GA.GE,62,7,
Platte County,US.MO.PT,62,1,
Covington County,US.AL.CV,62,1,
Kosciusko County,US.IN.KO,61,1,
Stark County,US.ND.SR,61,2,
Liberty County,US.GA.LB,61,0,
Wilkinson County,US.GA.WI,61,3,
Calumet County,US.WI.CA,61,1,
Jackson County,US.KY.JA,60,13,
Cleveland County,US.NC.CV,60,2,
McDuffie County,US.GA.MU,60,5,
Oldham County,US.KY.OL,60,3,
Riley County,US.KS.RL,60,1,
Hertford County,US.NC.HD,60,1,
Clinton County,US.IA.CN,60,1,
Bennington County,US.VT.BE,60,1,
Sullivan County,US.TN.SL,60,2,
Ross County,US.OH.RO,60,1,
Calhoun County,US.MS.CN,60,4,
Gibson County,US.TN.GB,59,1,
Routt County,US.CO.RT,59,6,
Cottonwood County,US.MN.CT,59,0,
Pender County,US.NC.PD,59,1,
Scotland County,US.NC.SC,59,0,
Morton County,US.ND.MR,59,2,
Chautauqua County,US.NY.CQ,58,2,
Emporia city,US.VA.EM,58,3,
Wayne County,US.MS.WY,58,0,
Nye County,US.NV.NY,58,1,
Scotts Bluff County,US.NE.SC,58,0,
Chambers County,US.TX.CH,58,0,
Tate County,US.MS.TT,58,1,
Macon County,US.AL.MC,58,2,
Claiborne Parish,US.LA.CI,58,10,
Panola County,US.MS.PA,58,2,
Armstrong County,US.PA.AR,58,2,
Crawford County,US.MI.CF,58,5,
Pitkin County,US.CO.PI,57,2,
Gratiot County,US.MI.GT,57,4,
Laurens County,US.SC.LU,57,3,
Marion County,US.SC.MI,57,4,
LaGrange County,US.IN.LG,57,2,
Mifflin County,US.PA.MI,57,1,
Polk County,US.MN.PL,57,2,
Davie County,US.NC.DV,57,2,
Delta County,US.CO.DT,57,1,
St. Croix County,US.WI.SI,57,0,
Barry County,US.MI.BR,57,1,
Prince George County,US.VA.PG,56,0,
Oglethorpe County,US.GA.OG,56,5,
Greene County,US.NC.GE,56,2,
Cape Girardeau County,US.MO.CG,56,2,
Pottawatomie County,US.OK.PT,56,4,
Benton County,US.OR.BE,55,5,
Auglaize County,US.OH.AU,55,3,
Brown County,US.TX.BN,55,7,
Cabell County,US.WV.CB,55,0,
Cole County,US.MO.CE,55,1,
Greensville County,US.VA.GS,55,7,
Monroe County,US.TN.MR,55,2,
Cambria County,US.PA.CI,55,2,
Belknap County,US.NH.BE,54,0,
Echols County,US.GA.EC,54,0,
Hardee County,US.FL.HD,54,0,
Williamson County,US.IL.WS,54,1,
Lincoln County,US.NC.LI,54,0,
Beauregard Parish,US.LA.BE,54,4,
Ben Hill County,US.GA.BL,53,1,
Henry County,US.VA.HY,53,2,
Camden County,US.GA.CD,53,1,
Georgetown County,US.SC.GR,53,3,
Winston County,US.AL.WN,52,0,
Marquette County,US.MI.MQ,52,10,
Bibb County,US.AL.BI,52,1,
Crenshaw County,US.AL.CA,52,2,
Rockingham County,US.NC.RC,52,2,
Union County,US.PA.UN,52,1,
Jackson County,US.OR.JA,52,0,
Hickman County,US.TN.HN,52,0,
Hamilton County,US.NE.HM,52,11,
Otter Tail County,US.MN.OT,52,0,
Polk County,US.TX.PK,52,0,
Seneca County,US.NY.SC,52,1,
Itasca County,US.MN.IT,51,6,
Waldo County,US.ME.WL,51,14,
Kay County,US.OK.KA,51,7,
Cochise County,US.AZ.CH,51,1,
Fairfax city,US.VA.FC,51,3,
Claiborne County,US.MS.CB,51,1,
East Carroll Parish,US.LA.EC,51,0,
Reno County,US.KS.RN,51,0,
Okeechobee County,US.FL.OE,51,0,
Caldwell Parish,US.LA.CW,51,0,
Marshall County,US.IN.MS,51,1,
Lauderdale County,US.TN.LU,51,1,
Alamosa County,US.CO.AL,51,2,
Edmonson County,US.KY.ED,51,9,
Pulaski County,US.KY.PU,51,2,
Nicollet County,US.MN.NI,51,3,
Henderson County,US.TX.HD,51,0,
Washington County,US.VA.WG,51,4,
Mississippi County,US.MO.MI,50,0,
Washington County,US.IN.WS,50,1,
Mesa County,US.CO.ME,50,0,
Anson County,US.NC.AN,50,0,
Jessamine County,US.KY.JS,50,0,
Adams County,US.WA.AD,50,0,
Fayette County,US.IN.FA,50,4,
Bradford County,US.FL.BA,50,2,
Hale County,US.TX.HE,50,4,
Effingham County,US.GA.EF,50,1,
Rutland County,US.VT.RU,50,1,
Coffey County,US.KS.CF,50,8,
Lamar County,US.GA.LM,50,1,
Marion County,US.IL.MO,50,0,
Montour County,US.PA.MO,50,0,
Cheshire County,US.NH.CH,50,2,
Vermilion Parish,US.LA.VM,50,3,
Sevier County,US.AR.SV,50,1,
Humphreys County,US.MS.HU,49,5,
Henry County,US.IA.HE,49,1,
Des Moines County,US.IA.DS,49,1,
Windsor County,US.VT.WS,49,2,
Boone County,US.IA.BO,49,0,
Schoharie County,US.NY.SO,49,2,
Socorro County,US.NM.SO,49,4,
King George County,US.VA.KG,49,4,
Green County,US.WI.GN,49,0,
Amite County,US.MS.AM,49,1,
Toombs County,US.GA.TM,48,4,
Wood County,US.WV.WO,48,2,
Henry County,US.AL.HE,48,1,
Calloway County,US.KY.CW,48,1,
Marion County,US.GA.MR,48,2,
Walthall County,US.MS.WT,48,0,
Clinton County,US.PA.CN,48,0,
Elbert County,US.CO.EB,48,2,
Blount County,US.AL.BU,48,1,
Perry County,US.MO.PR,48,0,
Marion County,US.WV.MI,48,2,
Bulloch County,US.GA.BH,48,2,
Lyon County,US.NV.LY,48,0,
Jasper County,US.IN.JS,48,1,
La Crosse County,US.WI.LA,47,0,
Dinwiddie County,US.VA.DN,47,0,
Williams County,US.OH.WI,47,1,
Dodge County,US.GA.DG,47,2,
Mahaska County,US.IA.MK,47,2,
Hancock County,US.OH.HN,47,1,
Huron County,US.OH.HU,46,1,
Falls Church city,US.VA.FU,46,5,
Greene County,US.TN.GE,46,2,
Carroll County,US.NH.CA,46,0,
Clinch County,US.GA.CC,46,1,
Fulton County,US.IN.FU,46,1,
Lincoln County,US.NE.LI,46,2,
Edgefield County,US.SC.ED,46,2,
Brantley County,US.GA.BA,46,2,
La Salle Parish,US.LA.LA,45,0,
Caroline County,US.VA.CI,45,2,
Waller County,US.TX.WR,45,0,
Dyer County,US.TN.DY,45,0,
Jasper County,US.IL.JS,45,7,
Madison County,US.KY.MD,45,1,
La Paz County,US.AZ.LA,45,0,
Caswell County,US.NC.CS,45,1,
Pike County,US.GA.PK,45,2,
Payne County,US.OK.PY,45,1,
Danville City,US.VA.DA,45,1,
Chippewa County,US.WI.CH,45,0,
Lonoke County,US.AR.LO,45,0,
Tunica County,US.MS.TU,45,2,
Yankton County,US.SD.YA,44,0,
Adams County,US.IL.AD,44,1,
Wharton County,US.TX.WN,44,0,
Moniteau County,US.MO.ME,44,1,
Allen County,US.KY.AL,44,2,
Red River Parish,US.LA.RE,44,6,
Allegany County,US.NY.AL,44,2,
Blair County,US.PA.BL,44,1,
Gage County,US.NE.GG,44,3,
Franklin County,US.TN.FR,44,1,
Cedar County,US.IA.CD,44,1,
Curry County,US.NM.CU,44,0,
Madison Parish,US.LA.MA,43,0,
Bradford County,US.PA.BF,43,3,
Rush County,US.IN.RU,43,2,
St. Helena Parish,US.LA.SH,43,1,
Simpson County,US.KY.SI,43,3,
Crowley County,US.CO.CR,43,1,
Clinton County,US.OH.CI,43,0,
Perry County,US.PA.PE,43,1,
Williamsburg City,US.VA.WL,43,3,
Westmoreland County,US.VA.WM,43,0,
Martin County,US.NC.MR,42,0,
Watonwan County,US.MN.WT,42,0,
Okanogan County,US.WA.OK,42,1,
Miller County,US.AR.ML,42,1,
Muskingum County,US.OH.MU,42,0,
Wise County,US.TX.WE,42,2,
Guthrie County,US.IA.GH,42,3,
Huron County,US.MI.HU,42,1,
Stokes County,US.NC.SO,42,0,
Sharp County,US.AR.SH,42,2,
Red River County,US.TX.RV,42,4,
Clatsop County,US.OR.CT,42,0,
Seminole County,US.GA.SI,42,2,
Rusk County,US.TX.RK,42,2,
Barnwell County,US.SC.BN,41,1,
Caldwell County,US.TX.CW,41,0,
Chester County,US.SC.CR,41,0,
Cross County,US.AR.CO,41,0,
Oconee County,US.SC.OC,41,0,
Bedford County,US.VA.BF,41,1,
Calhoun County,US.FL.CA,41,2,
Ochiltree County,US.TX.OC,41,2,
Klamath County,US.OR.KL,41,0,
Jefferson County,US.IN.JF,41,1,
Nevada County,US.CA.NE,41,1,
Pulaski County,US.IL.PL,40,0,
Lawrence County,US.AL.LW,40,0,
Houston County,US.TX.HS,40,0,
Stewart County,US.GA.SW,40,0,
Goodhue County,US.MN.GO,40,1,
Union County,US.OH.UN,40,0,
Perry County,US.IL.PY,40,0,
Jefferson County,US.MS.JF,40,0,
Pickens County,US.GA.PE,40,3,
Navarro County,US.TX.NV,40,2,
Cook County,US.GA.CO,40,1,
Dodge County,US.MN.DD,40,0,
Meeker County,US.MN.ME,40,0,
Sutter County,US.CA.SU,40,2,
Pittsburg County,US.OK.PI,40,3,
Macoupin County,US.IL.MP,40,1,
Kearny County,US.KS.KE,39,0,
Union County,US.GA.UN,39,1,
Boyd County,US.KY.BD,39,3,
Chisago County,US.MN.CG,39,1,
Dawson County,US.TX.DW,39,1,
Mountrail County,US.ND.MU,39,0,
Parmer County,US.TX.PM,39,0,
Escambia County,US.AL.ES,39,3,
Fannin County,US.GA.FN,39,1,
Sabine Parish,US.LA.SB,39,0,
Missoula County,US.MT.MS,39,0,
Iron County,US.UT.RN,39,1,
Sanilac County,US.MI.SL,39,5,
Fayette County,US.WV.FA,39,3,
Pulaski County,US.GA.PL,38,2,
Howard County,US.NE.HW,38,0,
Crow Wing County,US.MN.CW,38,1,
Wilson County,US.TX.WS,38,5,
Washington County,US.VT.WA,38,1,
Le Sueur County,US.MN.LU,38,1,
Warren County,US.NC.WR,38,0,
Barren County,US.KY.BN,38,0,
Sullivan County,US.MO.SV,38,0,
Cherokee County,US.TX.CK,38,2,
Ohio County,US.WV.OH,38,1,
Perry County,US.MS.PY,38,2,
Montgomery County,US.IL.MT,38,1,
Calhoun County,US.TX.CU,37,2,
Harrison County,US.WV.HR,37,1,
Somerset County,US.PA.SO,37,0,
Pulaski County,US.IN.PL,37,0,
Anderson County,US.TN.AN,37,1,
Miller County,US.GA.ML,37,0,
Prentiss County,US.MS.PN,37,3,
White County,US.AR.WH,37,1,
Butler County,US.NE.BE,37,0,
Chippewa County,US.MN.CP,37,0,
Flathead County,US.MT.FL,37,2,
Ward County,US.ND.WR,36,1,
Essex County,US.VA.ES,36,0,
Essex County,US.NY.ES,36,0,
Grant County,US.KY.GT,36,3,
Johnson County,US.AR.JO,36,0,
Shawano County,US.WI.SA,36,0,
Rio Arriba County,US.NM.RI,36,0,
Newberry County,US.SC.NE,36,1,
Haralson County,US.GA.HS,36,2,
Cortland County,US.NY.CD,36,1,
Columbia County,US.WI.CO,36,1,
Clay County,US.IN.CY,36,1,
Clark County,US.KY.CK,36,0,
Jones County,US.IA.JN,36,0,
Stephens County,US.OK.ST,36,1,
Jackson County,US.MN.JA,36,0,
Bedford County,US.PA.BO,36,2,
Marshall County,US.KY.MH,36,2,
Camden County,US.MO.CM,36,1,
Benton County,US.IA.BN,36,1,
Lewis County,US.WA.LE,35,3,
Atascosa County,US.TX.AT,35,1,
Abbeville County,US.SC.AB,35,0,
Clark County,US.AR.CK,35,0,
Vermilion County,US.IL.VE,35,1,
Carteret County,US.NC.CE,35,3,
Marion County,US.TN.MI,35,1,
McDowell County,US.NC.MW,35,1,
Polk County,US.NC.PO,35,4,
Franklin County,US.GA.FR,35,1,
Franklin County,US.ME.FR,35,1,
Marathon County,US.WI.MH,35,1,
Nelson County,US.KY.NE,35,0,
Shelby County,US.OH.SH,35,2,
Frio County,US.TX.FO,35,0,
Fulton County,US.OH.FU,35,0,
Ottawa County,US.OK.OT,35,2,
Shasta County,US.CA.SH,34,4,
Hardy County,US.WV.HD,34,0,
Chaves County,US.NM.CH,34,2,
Mineral County,US.WV.ML,34,0,
Morgan County,US.GA.MO,34,0,
Morgan County,US.IL.MG,34,1,
Stanly County,US.NC.SN,34,4,
Scott County,US.KY.SC,34,0,
Mono County,US.CA.MO,34,1,
Greene County,US.AR.GE,34,0,
Adair County,US.MO.AD,34,0,
Staunton city,US.VA.SU,34,0,
Person County,US.NC.PN,34,1,
Bleckley County,US.GA.BK,34,0,
Allendale County,US.SC.AL,34,3,
Door County,US.WI.DO,34,3,
Yates County,US.NY.YA,34,6,
Franklin city,US.VA.FR,34,1,
Clearfield County,US.PA.CF,33,0,
Snyder County,US.PA.SN,33,1,
Hardin County,US.OH.HD,33,0,
Coosa County,US.AL.CS,33,1,
Fayette County,US.OH.FY,33,0,
Wyandot County,US.OH.WD,33,2,
Murray County,US.MN.MU,33,0,
Pulaski County,US.MO.PA,33,1,
Washington County,US.ID.WA,33,0,
Mason County,US.WA.MA,33,1,
Waynesboro city,US.VA.WS,33,0,
Gooding County,US.ID.GO,32,0,
Salem city,US.VA.SE,32,0,
Wyoming County,US.PA.WM,32,7,
Jones County,US.GA.JE,32,0,
Becker County,US.MN.BC,32,0,
Teller County,US.CO.TE,32,2,
Camp County,US.TX.CP,32,0,
Morrison County,US.MN.MR,32,0,
Madison County,US.GA.MD,32,1,
Randolph County,US.IN.RA,32,3,
DeKalb County,US.TN.DE,32,0,
Jay County,US.IN.JY,32,0,
Arenac County,US.MI.AR,32,1,
Muskogee County,US.OK.MO,32,6,
Franklin County,US.KS.FR,32,0,
Iowa County,US.IA.IO,32,0,
Talbot County,US.GA.TB,32,1,
Barton County,US.KS.BT,32,1,
Christian County,US.IL.CI,32,4,
Merrick County,US.NE.ME,32,0,
Brown County,US.IN.BR,32,1,
Logan County,US.OH.LG,32,0,
Kewaunee County,US.WI.KW,32,1,
Bonneville County,US.ID.BV,32,0,
Clay County,US.GA.CY,32,2,
Baker County,US.GA.BR,32,1,
Wakulla County,US.FL.WK,32,1,
Webster County,US.KY.WE,32,0,
Botetourt County,US.VA.BO,31,3,
Grundy County,US.TN.GU,31,1,
Elmore County,US.ID.EL,31,2,
Dixie County,US.FL.DI,31,1,
Butte County,US.CA.BU,31,0,
Fayette County,US.TX.FT,31,2,
Oconto County,US.WI.OC,31,0,
Berrien County,US.GA.BN,31,0,
Union County,US.SC.UN,31,0,
Mason County,US.TX.MA,31,0,
Cherokee County,US.AL.CH,31,0,
Ashe County,US.NC.AS,31,0,
Hawkins County,US.TN.HW,31,2,
Coos County,US.OR.CO,31,0,
Jackson County,US.KS.JA,31,0,
Clayton County,US.IA.CT,30,3,
Montezuma County,US.CO.MZ,30,3,
Osceola County,US.IA.OS,30,0,
Gloucester County,US.VA.GL,30,1,
York County,US.NE.YO,30,0,
Pierce County,US.WI.PI,30,0,
Wilkes County,US.GA.WS,30,1,
Buchanan County,US.IA.BC,30,0,
Franklin County,US.VA.FN,30,1,
City and Borough of Juneau,US.AK.JU,30,0,
Beaufort County,US.NC.BA,30,0,
Sullivan County,US.IN.SU,30,1,
Poinsett County,US.AR.PN,30,2,
Telfair County,US.GA.TF,30,1,
Jefferson County,US.WA.JE,30,0,
Hampton County,US.SC.HA,30,0,
Defiance County,US.OH.DF,30,2,
Preble County,US.OH.PR,30,1,
Campbell County,US.WY.CM,30,0,
St. Francois County,US.MO.SF,30,2,
Putnam County,US.WV.PU,30,0,
Owen County,US.IN.OW,29,1,
Livingston County,US.IL.LI,29,2,
Starke County,US.IN.SR,29,3,
Whitley County,US.IN.WL,29,2,
Pawnee County,US.OK.PW,29,2,
Toole County,US.MT.TO,29,6,
Wabaunsee County,US.KS.WB,29,0,
Smith County,US.TN.SH,29,1,
Lincoln County,US.ID.LI,29,0,
Mason County,US.MI.MN,29,0,
Lamoille County,US.VT.LA,29,1,
Hot Spring County,US.AR.HT,29,0,
Jeff Davis County,US.GA.JF,29,1,
Halifax County,US.VA.HL,29,0,
Burnet County,US.TX.BT,29,0,
Jasper County,US.MO.JS,29,0,
Custer County,US.NE.CU,29,3,
Castro County,US.TX.AS,29,1,
Jefferson County,US.FL.JE,29,2,
Guernsey County,US.OH.GU,29,0,
Fannin County,US.TX.FI,29,2,
Haywood County,US.TN.HY,29,1,
Union County,US.FL.UN,28,0,
Saline County,US.KS.SA,28,2,
Sagadahoc County,US.ME.SA,28,0,
Jasper County,US.SC.JA,28,1,
Mayes County,US.OK.MY,28,4,
Hutchinson County,US.TX.UT,28,0,
San Augustine County,US.TX.SG,28,1,
Clark County,US.WI.CL,28,4,
Charlton County,US.GA.CT,28,1,
Butler County,US.MO.BE,28,0,
Henry County,US.TN.HR,28,0,
Pike County,US.KY.PI,28,2,
Lyon County,US.MN.LY,28,0,
Geneva County,US.AL.GE,28,0,
Yuba County,US.CA.YU,28,1,
Cherokee County,US.OK.CK,28,1,
Manitowoc County,US.WI.MW,28,1,
Marinette County,US.WI.MT,28,2,
Haywood County,US.NC.HW,28,0,
Van Buren County,US.AR.VA,28,2,
San Patricio County,US.TX.SP,28,0,
Cass County,US.NE.CS,27,0,
Milam County,US.TX.MI,27,1,
Clay County,US.AL.CY,27,2,
Seward County,US.NE.SA,27,1,
Choctaw County,US.MS.CW,27,2,
Independence County,US.AR.IN,27,0,
Lake County,US.CO.LK,27,0,
Lawrence County,US.OH.LW,27,0,
McPherson County,US.KS.MP,27,0,
Levy County,US.FL.LV,27,0,
Hockley County,US.TX.HC,27,1,
Madison County,US.VA.MD,27,1,
Greene County,US.PA.GR,27,0,
Marshall County,US.TN.MS,27,1,
Jefferson County,US.TN.JE,27,0,
Carroll County,US.TN.CR,26,1,
Weakley County,US.TN.WE,26,0,
Kit Carson County,US.CO.KT,26,3,
Washington County,US.NC.WI,26,3,
Kenai Peninsula Borough,US.AK.KN,26,2,
Monroe County,US.IA.MR,26,2,
Marshall County,US.WV.MH,26,0,
Marion County,US.IA.MI,26,0,
Jefferson County,US.GA.JR,26,1,
Jasper County,US.TX.JR,26,1,
Jasper County,US.GA.JS,26,1,
Carroll County,US.OH.CO,26,2,
Baker County,US.FL.BK,26,3,
Atkinson County,US.GA.AT,26,2,
Stevens County,US.KS.SV,26,0,
Donley County,US.TX.DO,26,0,
New Kent County,US.VA.NK,26,1,
Pittsylvania County,US.VA.PS,26,1,
Fremont County,US.CO.FR,26,0,
Powhatan County,US.VA.PH,26,0,
Emanuel County,US.GA.EM,26,2,
Perry County,US.AL.PE,26,0,
Dukes County,US.MA.DU,26,0,
Douglas County,US.NV.DO,26,0,
Douglas County,US.IL.DO,26,0,
Roosevelt County,US.NM.RO,26,0,
DeKalb County,US.IN.DE,26,1,
Grant Parish,US.LA.GR,26,1,
Cuming County,US.NE.CM,26,0,
Washington County,US.NE.WS,26,1,
Hart County,US.GA.HT,26,0,
Dunklin County,US.MO.DU,25,2,
Sweetwater County,US.WY.SW,25,0,
Clallam County,US.WA.CL,25,0,
Pontotoc County,US.MS.PO,25,2,
Warren County,US.MO.WR,25,0,
Box Elder County,US.UT.BE,25,1,
Fayette County,US.IA.FT,25,0,
Clarion County,US.PA.CL,25,2,
Charles City County,US.VA.CC,25,1,
Van Zandt County,US.TX.VN,25,1,
Webster County,US.MS.WE,25,1,
Champaign County,US.OH.CH,25,1,
Douglas County,US.OR.DO,25,0,
Cherokee County,US.SC.CK,25,2,
Amherst County,US.VA.AH,25,0,
Stone County,US.MS.ST,25,0,
Cumberland County,US.VA.CU,25,0,
Appomattox County,US.VA.AP,25,0,
Minidoka County,US.ID.MI,25,0,
Heard County,US.GA.HD,24,2,
Benton County,US.IN.BE,24,0,
Crawford County,US.WI.CR,24,0,
Jackson County,US.NC.JA,24,1,
Shelby County,US.IA.SH,24,0,
Kendall County,US.TX.KD,24,0,
Pottawatomie County,US.KS.PT,24,0,
Douglas County,US.MN.DU,24,0,
Malheur County,US.OR.ML,24,0,
Garfield County,US.OK.GF,24,1,
Clarke County,US.IA.CK,24,0,
Dixon County,US.NE.DI,24,0,
Randolph County,US.AR.RA,24,0,
Pecos County,US.TX.PE,24,0,
Jefferson County,US.OR.JE,24,0,
Converse County,US.WY.CE,24,0,
Hamblen County,US.TN.HB,24,2,
Franklin County,US.KY.FR,24,0,
Beaver County,US.OK.BA,24,0,
Wise County,US.VA.WI,24,2,
Klickitat County,US.WA.KL,24,3,
Callaway County,US.MO.CA,23,1,
Grand Traverse County,US.MI.GN,23,5,
Alexander County,US.NC.AE,23,0,
Hood County,US.TX.HO,23,3,
Josephine County,US.OR.JO,23,1,
Jo Daviess County,US.IL.JO,23,0,
Payette County,US.ID.PA,23,2,
Monroe County,US.AL.MR,23,2,
Irwin County,US.GA.IR,23,1,
Crawford County,US.GA.CW,23,0,
Conecuh County,US.AL.CO,23,1,
O'Brien County,US.IA.OB,23,0,
Franklin County,US.MS.FR,23,1,
Tallahatchie County,US.MS.TL,23,1,
San Miguel County,US.CO.SM,23,0,
Brown County,US.OH.BR,23,1,
Thurston County,US.NE.TU,23,0,
Knox County,US.OH.KN,23,1,
Hill County,US.TX.HI,23,1,
Knox County,US.IN.KN,23,0,
Butler County,US.KS.BU,23,0,
Nowata County,US.OK.NW,23,0,
Towns County,US.GA.TW,22,1,
Grayson County,US.VA.GY,22,0,
White County,US.TN.WH,22,0,
Vernon Parish,US.LA.VN,22,2,
Coshocton County,US.OH.CS,22,0,
Andrews County,US.TX.AR,22,0,
Meigs County,US.TN.ME,22,0,
Russell County,US.KY.RU,22,4,
Matanuska-Susitna Borough,US.AK.MA,22,1,
Screven County,US.GA.SR,22,2,
Wood County,US.TX.WO,22,1,
Saunders County,US.NE.SU,22,1,
Lawrence County,US.TN.LW,22,0,
Labette County,US.KS.LB,22,0,
Starr County,US.TX.SR,22,0,
Taos County,US.NM.TA,22,0,
Meade County,US.KS.ME,22,0,
Perry County,US.IN.PE,22,0,
Perquimans County,US.NC.PQ,22,2,
Crawford County,US.IN.CW,22,0,
Tillman County,US.OK.TI,22,1,
Waseca County,US.MN.WE,22,0,
Turner County,US.SD.TU,22,0,
Jones County,US.NC.JN,22,2,
Williams County,US.ND.WI,22,0,
Lincoln County,US.TN.LI,22,0,
Gila County,US.AZ.GI,22,0,
Juneau County,US.WI.JU,22,1,
Clark County,US.KS.CA,21,0,
Dade County,US.GA.DD,21,1,
Amelia County,US.VA.AI,21,1,
Okmulgee County,US.OK.OM,21,0,
Audrain County,US.MO.AU,21,0,
Martinsville city,US.VA.MR,21,0,
Jefferson County,US.KS.JF,21,0,
Crawford County,US.PA.CW,21,0,
Northumberland County,US.VA.NU,21,1,
Wells County,US.IN.WE,21,0,
McLeod County,US.MN.MC,21,0,
Chattooga County,US.GA.CG,21,2,
Seminole County,US.OK.SM,21,2,
Cheboygan County,US.MI.CY,21,1,
Taylor County,US.GA.TY,21,2,
Cass County,US.TX.CS,21,0,
Lea County,US.NM.LE,21,0,
Cassia County,US.ID.CS,21,1,
Laurel County,US.KY.LU,21,2,
Emmet County,US.MI.EM,21,2,
Austin County,US.TX.AU,21,0,
Quitman County,US.MS.QU,21,0,
Elko County,US.NV.EL,21,1,
Sherman County,US.TX.SN,21,0,
Jackson County,US.OK.JA,21,1,
Park County,US.CO.PA,21,0,
Tipton County,US.IN.TT,21,1,
Tishomingo County,US.MS.TS,21,0,
Roscommon County,US.MI.RO,21,0,
Graham County,US.AZ.GA,21,0,
Brunswick County,US.VA.BU,21,1,
Lincoln County,US.OK.LI,21,2,
West Carroll Parish,US.LA.WC,21,0,
Cocke County,US.TN.CE,20,0,
Bamberg County,US.SC.BM,20,0,
Clay County,US.NE.CL,20,0,
Codington County,US.SD.CD,20,0,
Columbia County,US.AR.CI,20,2,
Somerset County,US.ME.SO,20,0,
Christian County,US.MO.CT,20,0,
Del Norte County,US.CA.DE,20,0,
Huntington County,US.IN.HU,20,2,
Knox County,US.ME.KN,20,0,
Lee County,US.IA.LE,20,0,
Washakie County,US.WY.WA,20,1,
Aurora County,US.SD.AU,20,0,
Dunn County,US.WI.DN,20,0,
Madison County,US.IA.MD,20,1,
Madison County,US.ID.MA,20,0,
Isanti County,US.MN.IS,20,0,
Boyle County,US.KY.BE,20,0,
Chattahoochee County,US.GA.CH,20,0,
Kauai County,US.HI.KU,20,0,
Roberts County,US.SD.RO,20,0,
Obion County,US.TN.OB,20,1,
Rock County,US.MN.RC,20,0,
Cherokee County,US.NC.CO,20,1,
Burleson County,US.TX.BU,20,0,
Greene County,US.VA.GE,20,1,
Andrew County,US.MO.AN,20,0,
Ogemaw County,US.MI.OG,20,0,
Saguache County,US.CO.SG,20,0,
Meade County,US.KY.MA,20,2,
Jersey County,US.IL.JR,20,1,
Webster County,US.IA.WE,20,1,
Winneshiek County,US.IA.WH,20,0,
Torrance County,US.NM.TO,19,1,
Montgomery County,US.KS.MG,19,2,
McLean County,US.KY.ML,19,1,
Ashley County,US.AR.AS,19,0,
Cerro Gordo County,US.IA.CG,19,0,
Mecosta County,US.MI.MT,19,2,
Inyo County,US.CA.IN,19,1,
Waupaca County,US.WI.WP,19,1,
Nottoway County,US.VA.NY,19,0,
Carter County,US.TN.CT,19,1,
Washington County,US.FL.WS,19,1,
Lander County,US.NV.LA,19,0,
Woodford County,US.KY.WO,19,0,
Glades County,US.FL.GL,19,1,
Grundy County,US.IA.GN,19,0,
Drew County,US.AR.DR,19,1,
George County,US.MS.GR,19,1,
Colorado County,US.TX.CO,19,0,
Guadalupe County,US.NM.GU,19,0,
Perry County,US.KY.PR,19,0,
Lyon County,US.IA.LY,19,0,
Fayette County,US.IL.FA,19,2,
Franklin County,US.NY.FR,19,0,
Clarke County,US.VA.CK,19,0,
Bryan County,US.OK.BR,19,1,
Washington County,US.IL.WG,18,0,
Wasco County,US.OR.WC,18,1,
Switzerland County,US.IN.SW,18,0,
Buchanan County,US.VA.BH,18,0,
Oxford County,US.ME.OX,18,0,
Ford County,US.IL.FO,18,1,
Overton County,US.TN.OV,18,0,
Monona County,US.IA.MO,18,0,
Kalkaska County,US.MI.KK,18,2,
Desha County,US.AR.DE,18,0,
Limestone County,US.TX.LO,18,1,
Dare County,US.NC.DE,18,1,
Logan County,US.OK.LG,18,1,
Sebastian County,US.AR.SB,18,0,
Harrison County,US.IA.HR,18,0,
Lincoln County,US.ME.LI,18,0,
Asotin County,US.WA.AS,18,2,
Moody County,US.SD.MO,18,0,
Upshur County,US.TX.US,18,0,
Harrison County,US.KY.HS,18,0,
Lewis County,US.NY.LE,18,5,
Dallam County,US.TX.DL,18,0,
Hansford County,US.TX.HF,18,2,
Morgan County,US.WV.MA,17,0,
Fountain County,US.IN.FO,17,2,
Fillmore County,US.MN.FI,17,0,
Morgan County,US.TN.MG,17,0,
Hughes County,US.SD.HG,17,0,
Cleveland County,US.AR.CV,17,0,
Eddy County,US.NM.ED,17,1,
Lamar County,US.AL.LM,17,0,
Gem County,US.ID.GE,17,0,
Hart County,US.KY.HT,17,0,
Parke County,US.IN.PA,17,0,
Montgomery County,US.KY.MM,17,0,
Stutsman County,US.ND.SU,17,0,
Gladwin County,US.MI.GL,17,1,
DeWitt County,US.TX.DE,17,1,
Woodford County,US.IL.WO,17,2,
Delta County,US.MI.DE,17,2,
Ashland County,US.OH.AL,17,0,
Jenkins County,US.GA.JK,17,1,
Vinton County,US.OH.VI,17,0,
Marion County,US.KY.MN,17,0,
Webster County,US.MO.WE,17,0,
Cascade County,US.MT.CS,17,2,
Campbell County,US.TN.CM,17,1,
Todd County,US.SD.TO,17,0,
Warren County,US.GA.WR,17,0,
Menard County,US.IL.MN,17,0,
Floyd County,US.KY.FO,16,0,
Todd County,US.KY.TO,16,0,
Schley County,US.GA.SY,16,1,
Haskell County,US.KS.HS,16,0,
Spencer County,US.KY.SP,16,0,
Charlotte County,US.VA.CT,16,0,
King William County,US.VA.KW,16,0,
Perry County,US.OH.PE,16,1,
Carbon County,US.WY.CB,16,1,
Johnson County,US.WY.JO,16,1,
Grant County,US.AR.GN,16,0,
Lafayette County,US.WI.LF,16,0,
Monroe County,US.WI.MO,16,1,
Sullivan County,US.NH.SU,16,0,
Posey County,US.IN.PS,16,0,
Grant County,US.KS.GT,16,0,
Clare County,US.MI.CE,16,2,
McKenzie County,US.ND.MK,16,0,
Gray County,US.KS.GY,16,0,
Phelps County,US.NE.PH,16,0,
Highland County,US.OH.HI,16,1,
Whitman County,US.WA.WI,16,0,
Jackson County,US.TX.JA,16,1,
Newton County,US.MO.NT,16,1,
Wabasha County,US.MN.WB,16,0,
Wythe County,US.VA.WY,16,1,
Columbia County,US.OR.CL,16,0,
Seneca County,US.OH.SE,16,2,
Ketchikan Gateway Borough,US.AK.KG,16,0,
Carter County,US.OK.CR,16,1,
Mason County,US.IL.MS,16,0,
Lewis and Clark County,US.MT.LE,16,0,
Breckinridge County,US.KY.BC,16,2,
Blackford County,US.IN.BL,16,1,
Bannock County,US.ID.BO,16,0,
Geary County,US.KS.GE,16,0,
Missaukee County,US.MI.MU,16,1,
Clinton County,US.MO.CO,16,0,
Tioga County,US.PA.TI,16,2,
Sheridan County,US.WY.SH,16,0,
Clear Creek County,US.CO.CL,16,1,
Warren County,US.TN.WR,16,0,
Craig County,US.OK.CG,15,0,
Logan County,US.WV.LO,15,1,
Preston County,US.WV.PR,15,0,
Bureau County,US.IL.BU,15,1,
Anderson County,US.KY.AN,15,1,
Mason County,US.WV.MN,15,0,
Garvin County,US.OK.GV,15,1,
Lincoln County,US.GA.LC,15,0,
Stanton County,US.NE.ST,15,0,
Erath County,US.TX.ER,15,1,
Clay County,US.SD.CY,15,0,
Rabun County,US.GA.RB,15,1,
Marion County,US.TX.MN,15,0,
Mariposa County,US.CA.MP,15,1,
Morris County,US.TX.MR,15,0,
Wheeler County,US.TX.WL,15,0,
Shelby County,US.IL.SB,15,1,
Washington County,US.CO.WA,15,0,
Smyth County,US.VA.SM,15,0,
Atchison County,US.KS.AT,15,0,
Grays Harbor County,US.WA.GY,15,0,
Grant County,US.NM.GR,15,0,
Bradley County,US.AR.BR,15,1,
Holmes County,US.OH.HL,15,1,
Douglas County,US.WI.DG,15,0,
Swisher County,US.TX.SW,15,0,
Davis County,US.IA.DV,15,0,
Johnson County,US.TN.JO,15,0,
Lincoln County,US.WY.LI,15,0,
Cannon County,US.TN.CN,15,0,
Wayne County,US.GA.WY,15,0,
Mendocino County,US.CA.MI,15,0,
Sequoyah County,US.OK.SQ,14,3,
Butler County,US.IA.BE,14,0,
San Juan County,US.WA.SA,14,0,
Willacy County,US.TX.WY,14,1,
Howard County,US.AR.HW,14,0,
Charlevoix County,US.MI.CV,14,1,
Jackson County,US.WI.JA,14,1,
Mercer County,US.IL.ME,14,0,
McDonald County,US.MO.MA,14,0,
New Madrid County,US.MO.NW,14,1,
Scioto County,US.OH.SC,14,0,
Swift County,US.MN.SW,14,0,
Gates County,US.NC.GT,14,0,
Pike County,US.MO.PI,14,1,
Conway County,US.AR.CN,14,1,
Otero County,US.CO.OT,14,1,
Kleberg County,US.TX.KL,14,1,
Caledonia County,US.VT.CA,14,0,
Raleigh County,US.WV.RL,14,0,
Mille Lacs County,US.MN.MI,14,1,
Brookings County,US.SD.BK,14,0,
Fulton County,US.PA.FU,14,1,
Lyon County,US.KY.LY,14,3,
Richland County,US.ND.RI,14,0,
Oglala Lakota County,US.SD.SH,14,0,
Izard County,US.AR.IZ,14,0,
Polk County,US.TN.PO,14,0,
Holmes County,US.FL.HO,14,0,
Richland County,US.WI.RI,14,4,
Chowan County,US.NC.CW,14,0,
Ray County,US.MO.RY,14,0,
Crockett County,US.TN.CK,14,1,
Lee County,US.AR.LE,13,1,
Hancock County,US.WV.HN,13,0,
Gibson County,US.IN.GI,13,1,
Tattnall County,US.GA.TT,13,0,
Hancock County,US.IL.HC,13,0,
Calaveras County,US.CA.CA,13,0,
Henry County,US.KY.HY,13,0,
Gosper County,US.NE.GO,13,0,
Vernon County,US.WI.VE,13,0,
Mills County,US.IA.ML,13,0,
Ravalli County,US.MT.RA,13,0,
Nelson County,US.VA.NL,13,0,
Terry County,US.TX.TE,13,0,
Benton County,US.MS.BE,13,0,
Hamilton County,US.IA.HM,13,0,
Henry County,US.OH.HE,13,0,
Jefferson County,US.IA.JE,13,0,
Athens County,US.OH.AS,13,1,
Cooke County,US.TX.OO,13,0,
Rockcastle County,US.KY.RC,13,0,
Trempealeau County,US.WI.TR,13,0,
Carroll County,US.IL.CL,13,2,
Mercer County,US.WV.MR,13,0,
Pocahontas County,US.WV.PO,13,0,
Cleburne County,US.AL.CB,13,1,
Harvey County,US.KS.HV,13,1,
Greene County,US.IA.GE,13,0,
Spencer County,US.IN.SP,13,1,
Campbell County,US.VA.CM,13,1,
Jackson County,US.TN.JA,13,0,
Delaware County,US.IA.DA,13,0,
Perry County,US.TN.PE,13,0,
Val Verde County,US.TX.VL,13,0,
Rio Grande County,US.CO.RG,13,0,
San Jacinto County,US.TX.SJ,13,0,
McCurtain County,US.OK.MU,13,0,
Le Flore County,US.OK.LE,13,1,
Hardin County,US.IA.HD,13,0,
Nantucket County,US.MA.NA,13,1,
Keokuk County,US.IA.KE,13,0,
McCreary County,US.KY.MR,13,0,
Ohio County,US.IN.OH,13,0,
Greenup County,US.KY.GU,13,0,
Whitley County,US.KY.WH,13,0,
Alleghany County,US.NC.AL,12,0,
Lanier County,US.GA.LI,12,2,
Rockbridge County,US.VA.RB,12,0,
Giles County,US.TN.GL,12,0,
Jerauld County,US.SD.JE,12,1,
Glenn County,US.CA.GL,12,0,
Caldwell County,US.KY.CD,12,0,
Buena Vista city,US.VA.BE,12,0,
Warren County,US.IN.WN,12,1,
Crawford County,US.AR.CW,12,0,
Long County,US.GA.LG,12,1,
Paulding County,US.OH.PA,12,0,
Green Lake County,US.WI.GL,12,0,
Patrick County,US.VA.PK,12,0,
Custer County,US.OK.CU,12,0,
Howard County,US.IA.HO,12,0,
Sibley County,US.MN.SI,12,0,
Hood River County,US.OR.HO,12,0,
Scott County,US.KS.SC,12,0,
Choctaw County,US.OK.CA,12,0,
Taney County,US.MO.TA,12,2,
Watauga County,US.NC.WT,12,0,
McNairy County,US.TN.MA,12,0,
Humphreys County,US.TN.HU,12,1,
Chicot County,US.AR.CT,12,0,
Yuma County,US.CO.YU,12,0,
Candler County,US.GA.CR,12,0,
Lake County,US.CA.LK,12,0,
Chester County,US.TN.CS,12,0,
Perry County,US.AR.PY,12,0,
Middlesex County,US.VA.MI,12,0,
Baca County,US.CO.BA,12,0,
Henderson County,US.TN.HS,12,0,
Alcorn County,US.MS.AL,12,1,
Rappahannock County,US.VA.RP,12,0,
Hampshire County,US.WV.HM,12,1,
Uinta County,US.WY.UI,12,0,
Mercer County,US.KY.MC,12,0,
Hopkins County,US.TX.HP,12,0,
Day County,US.SD.DY,11,0,
Webster County,US.GA.WT,11,1,
Manistee County,US.MI.ME,11,0,
Currituck County,US.NC.CI,11,0,
Zavala County,US.TX.ZV,11,0,
Presque Isle County,US.MI.PR,11,0,
Audubon County,US.IA.AU,11,1,
Franklin County,US.IL.FR,11,0,
Leelanau County,US.MI.LE,11,0,
Teton County,US.ID.TE,11,0,
Floyd County,US.IA.FL,11,1,
Wright County,US.MO.WG,11,0,
Iowa County,US.WI.IO,11,0,
Kearney County,US.NE.KA,11,0,
Faribault County,US.MN.FA,11,0,
Pontotoc County,US.OK.PN,11,2,
McKean County,US.PA.MC,11,1,
Jackson County,US.OH.JA,11,0,
Walsh County,US.ND.WL,11,0,
Norman County,US.MN.NR,11,0,
Scott County,US.TN.SC,11,0,
Barron County,US.WI.BR,11,0,
Lamb County,US.TX.LB,11,0,
Wexford County,US.MI.WE,11,2,
Hamilton County,US.KS.HM,11,0,
Kerr County,US.TX.KR,11,0,
Crawford County,US.IL.CW,11,0,
Hancock County,US.ME.HA,11,1,
Antrim County,US.MI.AN,11,0,
Twiggs County,US.GA.TG,11,0,
Silver Bow County,US.MT.SI,11,0,
Dunn County,US.ND.DU,11,0,
Hartley County,US.TX.HL,11,0,
Morrow County,US.OR.MO,11,0,
McIntosh County,US.GA.MH,11,0,
Trinity County,US.TX.TR,11,0,
McIntosh County,US.OK.MI,11,1,
Wilkin County,US.MN.WL,11,3,
Prowers County,US.CO.PR,11,0,
Hempstead County,US.AR.HE,11,1,
Adams County,US.IN.AD,11,1,
Forest County,US.WI.FR,11,0,
Pipestone County,US.MN.PS,10,0,
Benton County,US.MO.BN,10,0,
Ouachita County,US.AR.OU,10,0,
Yancey County,US.NC.YN,10,0,
Bracken County,US.KY.BK,10,0,
Fulton County,US.IL.FU,10,0,
Page County,US.IA.PG,10,0,
Lyman County,US.SD.LY,10,0,
Phillips County,US.CO.PH,10,0,
Palo Pinto County,US.TX.PO,10,2,
Pulaski County,US.VA.PU,10,0,
Washington County,US.MO.WS,10,1,
Kingfisher County,US.OK.KN,10,0,
Albany County,US.WY.AL,10,0,
Bond County,US.IL.BN,10,1,
Fayette County,US.AL.FA,10,0,
Tensas Parish,US.LA.TN,10,0,
Tyler County,US.TX.TY,10,0,
Charles Mix County,US.SD.CH,10,0,
Union County,US.KY.UN,10,0,
Cass County,US.MN.CS,10,2,
Cumberland County,US.IL.CU,10,0,
Logan County,US.IL.LO,10,0,
Grant County,US.SD.GA,10,0,
Traill County,US.ND.TR,10,0,
Schuyler County,US.NY.SU,10,0,
Cherokee County,US.IA.CE,10,0,
Amador County,US.CA.AM,10,0,
San Miguel County,US.NM.SM,10,0,
Morrill County,US.NE.MO,10,0,
Morgan County,US.UT.MN,10,0,
Harrison County,US.OH.HR,10,0,
Kanabec County,US.MN.KA,10,1,
Hardin County,US.TN.HI,10,2,
Brown County,US.IL.BR,10,0,
Taylor County,US.KY.TA,10,0,
Bailey County,US.TX.BY,10,0,
Sequatchie County,US.TN.SQ,10,0,
Osceola County,US.MI.OE,10,0,
Brown County,US.MN.BR,10,2,
Juab County,US.UT.JU,10,0,
Stevens County,US.WA.ST,10,1,
Clark County,US.IL.CK,9,0,
Winnebago County,US.IA.WB,9,0,
Stanley County,US.SD.ST,9,0,
Clay County,US.IA.CY,9,0,
Trigg County,US.KY.TG,9,0,
Ellis County,US.KS.EL,9,0,
Henry County,US.MO.HE,9,1,
Doniphan County,US.KS.DP,9,0,
Wayne County,US.IL.WY,9,1,
Hot Springs County,US.WY.HO,9,0,
Lafayette County,US.AR.LF,9,1,
Carter County,US.KY.CR,9,0,
Cedar County,US.MO.CD,9,0,
Polk County,US.AR.PL,9,0,
Ballard County,US.KY.BA,9,0,
Polk County,US.NE.PO,9,0,
Polk County,US.WI.PL,9,1,
Live Oak County,US.TX.LK,9,0,
Carbon County,US.UT.CR,9,0,
Montague County,US.TX.MU,9,1,
Cheyenne County,US.NE.CY,9,0,
Boone County,US.WV.BN,9,0,
Fentress County,US.TN.FE,9,0,
Piatt County,US.IL.PA,9,0,
Transylvania County,US.NC.TR,9,0,
Wheeler County,US.GA.WL,9,0,
Lawrence County,US.SD.LW,9,0,
Wood County,US.WI.WO,9,0,
Jim Wells County,US.TX.JW,9,0,
Lee County,US.VA.LE,9,0,
Beltrami County,US.MN.BT,9,0,
Greenbrier County,US.WV.GE,9,0,
Gilmer County,US.WV.GI,9,0,
Pacific County,US.WA.PA,9,1,
Davison County,US.SD.DV,9,0,
Leon County,US.TX.LN,9,0,
Bourbon County,US.KY.BU,9,1,
Calhoun County,US.SC.CH,9,1,
Cooper County,US.MO.CP,9,0,
Orleans County,US.VT.OL,9,0,
Pamlico County,US.NC.PM,9,0,
Uintah County,US.UT.UN,9,0,
Alcona County,US.MI.AC,9,0,
Hancock County,US.IA.HN,9,0,
Alleghany County,US.VA.AL,9,0,
Randolph County,US.WV.RN,9,0,
Roane County,US.TN.RA,9,0,
Roane County,US.WV.RO,8,0,
Taylor County,US.WV.TA,8,0,
Venango County,US.PA.VE,8,0,
Zapata County,US.TX.ZP,8,0,
Bee County,US.TX.BE,8,0,
Russell County,US.VA.RU,8,0,
Cherokee County,US.KS.CK,8,0,
Taylor County,US.FL.TA,8,0,
Vermillion County,US.IN.VE,8,0,
Big Horn County,US.MT.BI,8,0,
Swain County,US.NC.SW,8,0,
Ste. Genevieve County,US.MO.SG,8,1,
Portage County,US.WI.PT,8,0,
Carroll County,US.AR.CL,8,0,
Chickasaw County,US.IA.CC,8,0,
Duchesne County,US.UT.DU,8,0,
Alexander County,US.IL.AL,8,0,
Dickinson County,US.IA.DI,8,0,
Callahan County,US.TX.AL,8,1,
Quitman County,US.GA.QU,8,1,
Randolph County,US.MO.RN,8,0,
Appanoose County,US.IA.AP,8,3,
Archuleta County,US.CO.AC,8,0,
Adams County,US.OH.AD,8,1,
Stanton County,US.KS.ST,8,0,
Schuyler County,US.IL.SU,8,0,
Aroostook County,US.ME.AR,8,0,
Claiborne County,US.TN.CI,8,0,
Wayne County,US.KY.WY,8,0,
Bath County,US.KY.BH,8,1,
Treutlen County,US.GA.TE,8,0,
Crawford County,US.MO.CF,8,0,
Stewart County,US.TN.SA,8,0,
Van Buren County,US.IA.VA,8,0,
Stone County,US.AR.ST,8,0,
Sevier County,US.UT.SE,8,0,
Union County,US.IN.UN,8,0,
Ramsey County,US.ND.RM,8,1,
Montgomery County,US.GA.MM,8,0,
Lincoln County,US.OR.LC,8,0,
Knox County,US.NE.KN,8,0,
Knox County,US.KY.KX,8,0,
Kimball County,US.NE.KB,8,0,
Madison County,US.MT.MA,8,1,
Madison County,US.TX.AD,8,0,
Marshall County,US.MN.MS,8,0,
Martin County,US.IN.MN,8,0,
Mason County,US.KY.MS,8,0,
Jackson County,US.IA.JC,8,0,
Menominee County,US.MI.MM,8,0,
Ida County,US.IA.ID,8,0,
Henderson County,US.IL.HD,8,0,
Morgan County,US.MO.MG,8,0,
Moultrie County,US.IL.MI,8,0,
Nodaway County,US.MO.NO,8,0,
Orange County,US.VT.OA,8,0,
Gilchrist County,US.FL.GI,8,0,
Otero County,US.NM.OT,8,1,
Park County,US.MT.PA,8,0,
Livingston County,US.KY.LV,8,0,
Owyhee County,US.ID.OW,8,0,
Lancaster County,US.VA.LA,8,0,
Lavaca County,US.TX.LA,8,1,
Franklin County,US.TX.FK,8,0,
Lee County,US.TX.LE,8,0,
Lampasas County,US.TX.LP,8,0,
Lincoln County,US.KY.LN,8,1,
Carroll County,US.MO.CL,7,0,
Monroe County,US.KY.MO,7,0,
Harrison County,US.MO.HS,7,0,
Ransom County,US.ND.RN,7,0,
Pendleton County,US.KY.PN,7,0,
Churchill County,US.NV.CH,7,1,
Montgomery County,US.MO.MM,7,0,
Garrett County,US.MD.GA,7,0,
Houston County,US.TN.HO,7,0,
Hamilton County,US.TX.HM,7,0,
Mitchell County,US.NC.MI,7,0,
Humboldt County,US.IA.HU,7,0,
Linn County,US.KS.LN,7,0,
Emery County,US.UT.EM,7,0,
Freestone County,US.TX.FE,7,0,
Carroll County,US.IA.CL,7,0,
McLean County,US.ND.ML,7,0,
Sharkey County,US.MS.SH,7,0,
Nicholas County,US.WV.NI,7,1,
Scott County,US.VA.SC,7,2,
Jefferson County,US.ID.JF,7,0,
Ripley County,US.MO.RI,7,0,
Ouray County,US.CO.OU,7,1,
Robertson County,US.TX.RO,7,0,
Goliad County,US.TX.GI,7,0,
Lawrence County,US.MO.LW,7,0,
Rooks County,US.KS.RO,7,0,
Roosevelt County,US.MT.RO,7,0,
Rowan County,US.KY.RW,7,0,
Osage County,US.KS.OS,7,0,
Sac County,US.IA.SA,7,0,
Franklin County,US.IA.FN,7,0,
Oneida County,US.WI.ON,7,0,
Sanborn County,US.SD.SA,7,0,
Greene County,US.MS.GE,7,1,
Sanpete County,US.UT.SP,7,0,
Sawyer County,US.WI.SW,7,0,
Noble County,US.OK.NB,7,0,
Lewis County,US.KY.LI,7,0,
McCormick County,US.SC.MC,7,1,
Poquoson city,US.VA.PQ,7,0,
Waushara County,US.WI.WS,7,0,
Wayne County,US.NE.WY,7,0,
Gallia County,US.OH.GA,7,1,
Marion County,US.KS.MN,7,1,
Luna County,US.NM.LU,7,1,
Benton County,US.TN.BN,7,1,
Johnson County,US.IL.JH,7,0,
Lunenburg County,US.VA.LN,7,0,
Antelope County,US.NE.AN,7,0,
Forest County,US.PA.FO,7,0,
Blanco County,US.TX.BC,7,0,
Jefferson County,US.PA.JE,7,0,
Vernon County,US.MO.VE,7,0,
Burt County,US.NE.BT,7,0,
Bates County,US.MO.BS,7,1,
Barry County,US.MO.BR,7,0,
Wetzel County,US.WV.WT,7,0,
Barbour County,US.WV.BB,7,1,
Lewis County,US.MO.LE,7,1,
Kossuth County,US.IA.KO,7,0,
Lincoln County,US.MT.LN,7,1,
King and Queen County,US.VA.KA,7,0,
Marshall County,US.OK.MH,7,0,
Searcy County,US.AR.SA,6,0,
Bingham County,US.ID.BG,6,0,
Mackinac County,US.MI.MK,6,0,
Hancock County,US.KY.HC,6,0,
Woodson County,US.KS.WO,6,0,
Beckham County,US.OK.BC,6,0,
Crawford County,US.KS.CR,6,1,
Kiowa County,US.OK.KO,6,0,
Grant County,US.WV.GA,6,0,
Saline County,US.IL.SE,6,0,
Siskiyou County,US.CA.SK,6,0,
Grainger County,US.TN.GA,6,0,
Adair County,US.IA.AI,6,0,
Los Alamos County,US.NM.LO,6,0,
Baxter County,US.AR.BA,6,0,
Otoe County,US.NE.OT,6,0,
Bandera County,US.TX.BA,6,0,
Wilbarger County,US.TX.WG,6,0,
Sherman County,US.KS.SH,6,0,
Bourbon County,US.KS.BB,6,1,
Clay County,US.TN.CY,6,0,
Tazewell County,US.VA.TA,6,0,
Massac County,US.IL.MA,6,0,
Glacier County,US.MT.GC,6,0,
McDowell County,US.WV.MC,6,0,
Jefferson County,US.NE.JE,6,0,
Meade County,US.SD.MD,6,0,
Carbon County,US.MT.CB,6,0,
Upshur County,US.WV.UP,6,0,
Menifee County,US.KY.ME,6,0,
Carroll County,US.KY.CL,6,0,
Uvalde County,US.TX.UV,6,0,
Tillamook County,US.OR.TI,6,0,
Carson County,US.TX.CN,6,0,
Miami County,US.KS.MI,6,0,
Leslie County,US.KY.LS,6,0,
Millard County,US.UT.MD,6,0,
Lexington city,US.VA.LX,6,0,
Cedar County,US.NE.CA,6,0,
Howard County,US.TX.HW,6,1,
Moffat County,US.CO.MF,6,0,
Johnson County,US.NE.JO,6,0,
Surry County,US.VA.SR,6,1,
Sumner County,US.KS.SU,6,1,
Monroe County,US.WV.ME,6,0,
Major County,US.OK.MJ,6,1,
Wadena County,US.MN.WD,6,0,
Larue County,US.KY.LR,6,0,
Haskell County,US.OK.HS,6,0,
Union County,US.OR.UN,6,0,
Latah County,US.ID.LA,6,0,
Bosque County,US.TX.BQ,6,0,
Lafayette County,US.FL.LF,6,0,
Franklin County,US.NE.FA,6,0,
Furnas County,US.NE.FU,6,0,
Pike County,US.OH.PK,6,0,
Falls County,US.TX.FL,6,0,
Phillips County,US.AR.PH,6,1,
Emmet County,US.IA.EM,6,0,
Pembina County,US.ND.PE,6,0,
Gaines County,US.TX.GS,6,0,
Pope County,US.MN.PE,6,0,
Effingham County,US.IL.EF,6,1,
Elk County,US.PA.EL,6,0,
Buffalo County,US.WI.BF,5,1,
Evans County,US.GA.EV,5,0,
Cotton County,US.OK.CT,5,2,
Pendleton County,US.WV.PE,5,0,
Reeves County,US.TX.RE,5,0,
Grand Isle County,US.VT.GR,5,0,
Aransas County,US.TX.AA,5,0,
Marion County,US.MO.MO,5,0,
Decatur County,US.TN.DC,5,0,
Buffalo County,US.SD.BF,5,0,
Grand County,US.CO.GR,5,0,
Taylor County,US.IA.TY,5,0,
DeKalb County,US.MO.DE,5,0,
Lake County,US.SD.LK,5,0,
Morgan County,US.OH.MA,5,0,
Linn County,US.MO.LN,5,1,
Red Willow County,US.NE.RE,5,0,
Nemaha County,US.KS.NM,5,0,
Carlisle County,US.KY.CE,5,1,
Van Wert County,US.OH.VA,5,0,
Craig County,US.VA.CG,5,0,
Duval County,US.TX.DU,5,0,
Eastland County,US.TX.EA,5,0,
Crook County,US.WY.CK,5,0,
Lake County,US.MT.LA,5,0,
Renville County,US.MN.RN,5,0,
Howell County,US.MO.HW,5,0,
Cumberland County,US.KY.CU,5,0,
Marshall County,US.IL.MH,5,0,
Matthews County,US.VA.MT,5,0,
Clay County,US.NC.CY,5,0,
Curry County,US.OR.CU,5,0,
Fillmore County,US.NE.FI,5,0,
Chariton County,US.MO.CI,5,0,
Walworth County,US.SD.WA,5,0,
Clay County,US.KS.CY,5,1,
Burke County,US.ND.BK,5,0,
Floyd County,US.TX.FY,5,0,
Cheyenne County,US.CO.CE,5,0,
Osage County,US.MO.OS,5,0,
Noble County,US.OH.NO,5,0,
Macon County,US.NC.MN,5,0,
Greene County,US.IL.GE,5,0,
Washington County,US.KY.WS,5,0,
Goshen County,US.WY.GO,5,0,
Giles County,US.VA.GI,5,0,
Edwards County,US.KS.ED,5,0,
Bollinger County,US.MO.BI,5,0,
Latimer County,US.OK.LA,5,1,
Comanche County,US.TX.CE,5,1,
Yellow Medicine County,US.MN.YE,5,0,
Gillespie County,US.TX.GL,5,0,
Dickinson County,US.MI.DI,5,2,
Pike County,US.IN.PI,5,0,
Lewis County,US.WV.LE,5,0,
Hamilton County,US.NY.HA,5,1,
Webster County,US.NE.WE,5,0,
Mahnomen County,US.MN.MH,5,1,
Oscoda County,US.MI.OO,5,1,
Monroe County,US.AR.ME,5,0,
Montmorency County,US.MI.MR,5,0,
Lynn County,US.TX.LY,5,1,
Lincoln County,US.WV.LI,5,0,
Boone County,US.AR.BO,5,0,
Brown County,US.KS.BR,5,0,
Vilas County,US.WI.VI,5,0,
Caldwell County,US.MO.CW,5,0,
Mercer County,US.ND.ME,5,0,
Montgomery County,US.IA.MG,5,0,
Gogebic County,US.MI.GO,5,1,
Hickman County,US.KY.HA,5,0,
Johnson County,US.KY.JO,5,0,
Colfax County,US.NM.CO,5,0,
Colusa County,US.CA.CL,4,0,
Van Buren County,US.TN.VA,4,0,
Jewell County,US.KS.JW,4,0,
Chautauqua County,US.KS.CQ,4,0,
Love County,US.OK.LV,4,0,
Koochiching County,US.MN.KO,4,0,
Nevada County,US.AR.NV,4,0,
Collingsworth County,US.TX.CG,4,0,
Wirt County,US.WV.WI,4,0,
Karnes County,US.TX.KS,4,0,
Nance County,US.NE.NA,4,0,
Broadwater County,US.MT.BR,4,0,
Mitchell County,US.IA.ME,4,0,
Coos County,US.NH.CO,4,0,
Bristol city,US.VA.BI,4,0,
Corson County,US.SD.CO,4,0,
Scotland County,US.MO.SO,4,0,
Garza County,US.TX.GR,4,0,
Pennington County,US.MN.PI,4,0,
Trimble County,US.KY.TM,4,0,
Tyrrell County,US.NC.TY,4,0,
Schoolcraft County,US.MI.SR,4,0,
Newton County,US.TX.NE,4,0,
Cottle County,US.TX.OT,4,1,
Fremont County,US.IA.FO,4,0,
Wahkiakum County,US.WA.WH,4,0,
Cloud County,US.KS.CD,4,0,
Jim Hogg County,US.TX.JG,4,0,
Cowley County,US.KS.CL,4,1,
Gentry County,US.MO.GT,4,0,
Crittenden County,US.KY.CT,4,1,
Bon Homme County,US.SD.BH,4,0,
Cass County,US.IA.CS,4,0,
Las Animas County,US.CO.LS,4,0,
Sabine County,US.TX.SB,4,0,
Garrard County,US.KY.GR,4,0,
Rusk County,US.WI.RU,4,0,
Union County,US.TN.UO,4,0,
Aitkin County,US.MN.AI,4,0,
Lincoln County,US.MN.LI,4,0,
De Witt County,US.IL.DW,4,0,
Jack County,US.TX.JK,4,0,
Adams County,US.WI.AD,4,1,
Bonner County,US.ID.BR,4,0,
Rolette County,US.ND.RO,4,0,
Petersburg Census Area,US.AK.PB,4,1,
Rice County,US.KS.RC,4,0,
Metcalfe County,US.KY.MT,4,0,
Fall River County,US.SD.FL,4,0,
Emmons County,US.ND.EM,4,1,
Barnes County,US.ND.BA,4,0,
Young County,US.TX.YU,4,1,
Stone County,US.MO.SE,4,0,
Ottawa County,US.KS.OT,4,0,
Lawrence County,US.IL.LW,4,0,
Potter County,US.PA.PO,4,0,
Logan County,US.AR.LG,4,0,
Benzie County,US.MI.BE,4,0,
Carter County,US.MO.CR,4,1,
Blaine County,US.OK.BL,4,0,
Fulton County,US.AR.FU,4,0,
Tucker County,US.WV.TU,4,0,
Knott County,US.KY.KT,4,0,
Spink County,US.SD.SP,4,0,
Meigs County,US.OH.MS,4,0,
Republic County,US.KS.RP,4,0,
Mineral County,US.NV.MI,4,0,
McCook County,US.SD.MC,4,1,
Clay County,US.AR.CY,4,0,
Miller County,US.MO.ML,4,0,
Radford city,US.VA.RD,4,0,
Pike County,US.AR.PE,4,0,
Morton County,US.KS.MT,4,0,
Floyd County,US.VA.FO,4,0,
Plumas County,US.CA.PU,4,0,
Grand County,US.UT.GR,4,0,
Quay County,US.NM.QU,4,1,
Clark County,US.SD.CK,4,0,
La Salle County,US.TX.LS,4,0,
Union County,US.IA.UN,4,0,
Bayfield County,US.WI.BY,3,1,
Lake County,US.MI.LK,3,0,
Jefferson County,US.MT.JE,3,0,
Skamania County,US.WA.SM,3,0,
Clay County,US.TX.CY,3,0,
Atchison County,US.MO.AT,3,0,
Slope County,US.ND.SL,3,0,
Winkler County,US.TX.WI,3,0,
Marquette County,US.WI.MQ,3,1,
Union County,US.NM.UN,3,0,
Johnston County,US.OK.JO,3,0,
Martin County,US.KY.MI,3,0,
Lincoln County,US.CO.LI,3,0,
Pierce County,US.ND.PI,3,0,
Valley County,US.NE.VA,3,0,
Morris County,US.KS.MR,3,0,
Clinton County,US.KY.CO,3,0,
Southeast Fairbanks Census Area,US.AK.SO,3,0,
Lincoln County,US.WI.LI,3,0,
Unicoi County,US.TN.UC,3,0,
Moore County,US.TN.MO,3,0,
Sublette County,US.WY.SU,3,0,
Hinsdale County,US.CO.HI,3,0,
Phelps County,US.MO.PH,3,0,
Jefferson County,US.OK.JE,3,0,
Martin County,US.TX.MT,3,1,
Clay County,US.KY.CY,3,0,
Woodward County,US.OK.WW,3,0,
Nemaha County,US.NE.NE,3,0,
Daviess County,US.MO.DV,3,0,
Deer Lodge County,US.MT.DE,3,0,
Hutchinson County,US.SD.HT,3,0,
Cameron Parish,US.LA.CM,3,0,
Camden County,US.NC.CD,3,0,
Warren County,US.PA.WR,3,0,
Lucas County,US.IA.LU,3,0,
McCulloch County,US.TX.MC,3,0,
Madison County,US.MO.MD,3,0,
Huerfano County,US.CO.HU,3,0,
Laclede County,US.MO.LD,3,0,
Oldham County,US.TX.OL,3,1,
Tyler County,US.WV.TY,3,0,
Pocahontas County,US.IA.PC,3,0,
Letcher County,US.KY.LT,3,0,
Gallatin County,US.KY.GL,3,0,
Power County,US.ID.PO,3,0,
Boone County,US.NE.BO,3,0,
Idaho County,US.ID.ID,3,0,
Yoakum County,US.TX.YA,3,0,
Richland County,US.IL.RI,3,0,
Richland County,US.MT.RI,3,0,
Traverse County,US.MN.TR,3,0,
Fulton County,US.KY.FU,3,0,
Adams County,US.ID.AM,3,0,
Adams County,US.IA.AM,3,0,
White Pine County,US.NV.WH,3,0,
Golden Valley County,US.MT.GO,3,0,
Livingston County,US.MO.LV,3,0,
Gilpin County,US.CO.GI,3,0,
Big Horn County,US.WY.BI,3,0,
Big Stone County,US.MN.BI,3,0,
Crosby County,US.TX.CB,3,1,
Mingo County,US.WV.MO,3,1,
Lac Qui Parle County,US.MN.LC,3,0,
Rains County,US.TX.RI,3,0,
Costilla County,US.CO.CS,3,0,
Garfield County,US.UT.GA,3,0,
Redwood County,US.MN.RW,3,0,
Woods County,US.OK.WS,3,0,
Brooke County,US.WV.BO,3,0,
Covington city,US.VA.CV,3,0,
Sargent County,US.ND.SG,3,0,
Llano County,US.TX.LL,3,0,
Crane County,US.TX.CR,3,0,
Red Lake County,US.MN.RD,3,0,
Worth County,US.IA.WT,3,0,
Refugio County,US.TX.RF,3,0,
Kane County,US.UT.KA,3,0,
Fremont County,US.ID.FE,3,0,
Greenlee County,US.AZ.GE,3,0,
Worth County,US.MO.WO,3,0,
Chase County,US.KS.CS,3,0,
Greenwood County,US.KS.GW,3,0,
Howard County,US.MO.HR,3,0,
Mitchell County,US.KS.MC,3,0,
Newton County,US.AR.NW,3,0,
Hamlin County,US.SD.HM,3,0,
Lincoln County,US.WA.LI,2,0,
Houghton County,US.MI.HO,2,0,
Houston County,US.MN.HO,2,0,
Ralls County,US.MO.RL,2,0,
Wells County,US.ND.WE,2,0,
Childress County,US.TX.CD,2,0,
McHenry County,US.ND.MH,2,1,
Pondera County,US.MT.PN,2,0,
Sullivan County,US.PA.SL,2,0,
Tehama County,US.CA.TE,2,1,
Lincoln County,US.NV.LI,2,0,
Fleming County,US.KY.FE,2,0,
Marshall County,US.SD.MS,2,0,
Casey County,US.KY.CS,2,0,
Pend Oreille County,US.WA.PE,2,0,
Cameron County,US.PA.CE,2,0,
Tuolumne County,US.CA.TO,2,0,
Calhoun County,US.IA.CO,2,0,
Cheyenne County,US.KS.CN,2,0,
Essex County,US.VT.ES,2,0,
Mineral County,US.CO.MI,2,0,
Catron County,US.NM.CA,2,1,
Iron County,US.MO.IR,2,0,
Calhoun County,US.WV.CH,2,0,
Lipscomb County,US.TX.LM,2,0,
Chippewa County,US.MI.CP,2,0,
White County,US.IL.WE,2,0,
Highland County,US.VA.HA,2,0,
Braxton County,US.WV.BX,2,0,
Gallatin County,US.IL.GA,2,0,
Dallas County,US.MO.DL,2,0,
Grant County,US.ND.GT,2,0,
Wyoming County,US.WV.WY,2,0,
Reynolds County,US.MO.RE,2,0,
Pierce County,US.NE.PI,2,0,
Madison County,US.AR.MD,2,0,
Alpine County,US.CA.AP,2,0,
Franklin County,US.AR.FR,2,0,
Custer County,US.ID.CU,2,0,
Custer County,US.CO.CU,2,0,
Grant County,US.OK.GN,2,0,
Florence County,US.WI.FL,2,0,
Okfuskee County,US.OK.OF,2,0,
Keith County,US.NE.KT,2,0,
Greeley County,US.NE.GE,2,0,
Prairie County,US.AR.PR,2,0,
Grant County,US.MN.GR,2,0,
Bottineau County,US.ND.BT,2,0,
Pleasants County,US.WV.PL,2,0,
Runnels County,US.TX.RN,2,0,
Owsley County,US.KY.OS,2,0,
Bethel Census Area,US.AK.BE,2,0,
Palo Alto County,US.IA.PO,2,0,
Roberts County,US.TX.RS,2,0,
Franklin County,US.FL.FR,2,0,
Dickinson County,US.KS.DK,2,0,
Park County,US.WY.PA,2,0,
Dewey County,US.OK.DW,2,0,
St. Clair County,US.MO.SC,2,0,
Osborne County,US.KS.OB,2,0,
Washburn County,US.WI.WR,2,0,
Macon County,US.MO.MN,2,0,
Luce County,US.MI.LU,2,0,
Kiowa County,US.KS.KW,2,0,
Graham County,US.NC.GH,2,0,
Oregon County,US.MO.OR,2,0,
Lincoln County,US.NM.LI,2,0,
Madison County,US.NC.MD,2,0,
Norton city,US.VA.NC,2,0,
Clay County,US.IL.CY,2,0,
Breathitt County,US.KY.BT,2,0,
Clearwater County,US.MN.CE,2,0,
Arkansas County,US.AR.AR,2,0,
Smith County,US.KS.SM,2,0,
Clay County,US.WV.CY,2,0,
Gasconade County,US.MO.GA,2,0,
Armstrong County,US.TX.AM,2,0,
Valley County,US.ID.VA,2,0,
Sherman County,US.NE.SM,2,0,
Murray County,US.OK.MR,2,0,
Fisher County,US.TX.FH,2,0,
Ellsworth County,US.KS.EW,2,0,
Edwards County,US.IL.EW,2,0,
Prince of Wales-Hyder Census Area,US.AK.PH,2,0,
Haskell County,US.TX.HK,2,0,
Pickett County,US.TN.PI,2,0,
Price County,US.WI.PC,2,0,
Iron County,US.WI.IR,2,1,
Ashland County,US.WI.AS,2,0,
Scurry County,US.TX.SU,2,0,
Norton County,US.KS.NT,2,0,
Nolan County,US.TX.NO,2,0,
Pushmataha County,US.OK.PU,2,0,
Polk County,US.MO.PO,2,0,
Niobrara County,US.WY.NI,2,0,
Eddy County,US.ND.ED,2,0,
Lewis County,US.TN.LE,2,0,
Hamilton County,US.IL.HM,2,0,
Stephens County,US.TX.SE,2,0,
Menominee County,US.WI.MN,2,0,
Phillips County,US.KS.PL,2,0,
Tripp County,US.SD.TR,2,0,
Neosho County,US.KS.NO,2,0,
Coleman County,US.TX.CM,2,0,
Maries County,US.MO.MS,2,0,
Sheridan County,US.KS.SD,2,0,
Stark County,US.IL.SA,2,0,
Kodiak Island Borough,US.AK.KO,1,0,
McIntosh County,US.ND.MI,1,0,
Trinity County,US.CA.TR,1,0,
Pope County,US.IL.PE,1,0,
Ziebach County,US.SD.ZI,1,0,
Marion County,US.AR.MN,1,0,
Knox County,US.TX.KX,1,0,
Camas County,US.ID.CM,1,0,
Washington County,US.ME.WS,1,0,
Washita County,US.OK.WT,1,0,
Powell County,US.KY.PO,1,0,
Ferry County,US.WA.FE,1,0,
Kimble County,US.TX.KM,1,0,
Bent County,US.CO.BE,1,0,
Bowman County,US.ND.BW,1,0,
Box Butte County,US.NE.BX,1,0,
Wayne County,US.IA.WY,1,0,
Kittson County,US.MN.KI,1,0,
Benson County,US.ND.BE,1,0,
Brewster County,US.TX.BS,1,0,
Briscoe County,US.TX.BO,1,0,
Wallowa County,US.OR.WW,1,0,
Brooks County,US.TX.BK,1,0,
Magoffin County,US.KY.MF,1,0,
Pratt County,US.KS.PR,1,0,
Wabash County,US.IL.WB,1,0,
Bell County,US.KY.BL,1,0,
Beaverhead County,US.MT.BE,1,0,
Faulk County,US.SD.FU,1,0,
Burnett County,US.WI.BN,1,1,
Calhoun County,US.IL.CH,1,0,
McPherson County,US.SD.MP,1,0,
Hidalgo County,US.NM.HI,1,0,
Meagher County,US.MT.ME,1,0,
Ness County,US.KS.NS,1,0,
Anderson County,US.KS.AN,1,0,
Nome Census Area,US.AK.NM,1,0,
Schuyler County,US.MO.SH,1,0,
Gulf County,US.FL.GU,1,0,
Scott County,US.AR.SC,1,0,
Foster County,US.ND.FO,1,0,
Woodruff County,US.AR.WO,1,0,
Nicholas County,US.KY.NI,1,0,
Conejos County,US.CO.CN,1,0,
Hall County,US.TX.HA,1,0,
Concho County,US.TX.ON,1,0,
Columbia County,US.WA.CM,1,0,
Hancock County,US.TN.HC,1,0,
Shackelford County,US.TX.SC,1,0,
Coke County,US.TX.OK,1,0,
Musselshell County,US.MT.MU,1,0,
Nelson County,US.ND.NE,1,0,
Hand County,US.SD.HD,1,0,
Shelby County,US.MO.SB,1,0,
Cochran County,US.TX.CC,1,0,
Coal County,US.OK.CL,1,0,
Wolfe County,US.KY.WL,1,0,
Jackson County,US.AR.JA,1,0,
Sherman County,US.OR.SH,1,0,
Hardin County,US.IL.HI,1,0,
Harding County,US.NM.HA,1,0,
Archer County,US.TX.AC,1,0,
Sierra County,US.NM.SI,1,0,
Harlan County,US.KY.HL,1,0,
Sioux County,US.ND.SI,1,0,
Northwest Arctic Borough,US.AK.NW,1,0,
San Saba County,US.TX.SS,1,0,
Nuckolls County,US.NE.NU,1,0,
Green County,US.KY.GN,1,0,
Piute County,US.UT.PT,1,0,
Rio Blanco County,US.CO.RB,1,0,
Douglas County,US.SD.DO,1,0,
Ritchie County,US.WV.RI,1,0,
Owen County,US.KY.OE,1,0,
Glascock County,US.GA.GS,1,0,
Glasscock County,US.TX.GC,1,0,
Lawrence County,US.KY.LC,1,0,
Yukon-Koyukuk Census Area,US.AK.YU,1,0,
Divide County,US.ND.DV,1,0,
Dimmit County,US.TX.DM,1,0,
Platte County,US.WY.PL,1,0,
Roseau County,US.MN.RS,1,0,
Dickens County,US.TX.DC,1,0,
Gove County,US.KS.GO,1,0,
Deuel County,US.SD.DU,1,0,
Richardson County,US.NE.RI,1,0,
Dent County,US.MO.DN,1,0,
Delta County,US.TX.DT,1,0,
Dawes County,US.NE.DS,1,0,
Alfalfa County,US.OK.AL,1,0,
Lemhi County,US.ID.LM,1,0,
Dallas County,US.AR.DA,1,0,
Langlade County,US.WI.LN,1,0,
Oliver County,US.ND.OL,1,0,
Grant County,US.OR.GR,1,0,
Renville County,US.ND.RE,1,0,
Crook County,US.OR.CR,1,0,
San Juan County,US.CO.SJ,1,0,
Sitka City and Borough,US.AK.SI,1,0,
Liberty County,US.MT.LB,1,0,
Avery County,US.NC.AV,1,0,
Summers County,US.WV.SU,1,0,
Hill County,US.MT.HI,1,0,
Storey County,US.NV.ST,1,0,
Piscataquis County,US.ME.PI,1,0,
Montgomery County,US.AR.MT,1,0,
Hitchcock County,US.NE.HI,1,0,
Cherry County,US.NE.CH,1,0,
Holt County,US.MO.HL,1,0,
Holt County,US.NE.HT,1,0,
Pike County,US.IL.PK,1,0,
Hyde County,US.SD.HY,1,0,
Frontier County,US.NE.FO,1,0,
Ringgold County,US.IA.RI,1,0,
Harney County,US.OR.HA,1,0,
Hyde County,US.NC.HE,1,0,
Mitchell County,US.TX.MH,1,0,
Elliott County,US.KY.EL,1,0,
Taliaferro County,US.GA.TA,1,0,
Baker County,US.OR.BA,1,0,
Taylor County,US.WI.TA,1,0,
Little River County,US.AR.LT,1,0,
Pepin County,US.WI.PE,1,0,
Miner County,US.SD.ME,1,0,
Stillwater County,US.MT.ST,1,0,
Mills County,US.TX.MS,1,0,
Thomas County,US.NE.TO,1,0,
Barber County,US.KS.AB,1,0,
Putnam County,US.IL.PT,1,0,
Stafford County,US.KS.SF,1,0,
Atoka County,US.OK.AT,1,0,
Harper County,US.OK.HP,1,0,
Clark County,US.MO.CK,1,0,
Morgan County,US.KY.MG,1,0,
Lake County,US.MN.LE,1,0,
Motley County,US.TX.MY,1,0,
Hemphill County,US.TX.HH,1,0,
Cimarron County,US.OK.CO,1,0,
Caribou County,US.ID.CR,1,0,
Harper County,US.KS.HP,1,0,
Steele County,US.ND.SE,1,0,
Wilson County,US.KS.WL,1,0,
Baraga County,US.MI.BA,1,0,
Wheatland County,US.MT.WH,1,0,
Lassen County,US.CA.LS,0,0,
Aleutians East Borough,US.AK.AE,0,0,
Aleutians West Census Area,US.AK.AW,0,0,
Barton County,US.MO.BT,0,0,
Kiowa County,US.CO.KO,0,0,
Potter County,US.SD.PO,0,0,
Lee County,US.KY.LE,0,0,
Wheeler County,US.NE.WH,0,0,
Logan County,US.ND.LO,0,0,
Logan County,US.KS.LG,0,0,
Wheeler County,US.OR.WE,0,0,
Kusilvak Census Area,US.AK.WA,0,0,
Banner County,US.NE.BA,0,0,
Franklin County,US.ID.FA,0,0,
Yakutat City and Borough,US.AK.YA,0,0,
Adams County,US.ND.AD,0,0,
Wayne County,US.UT.WE,0,0,
Wibaux County,US.MT.WI,0,0,
Alger County,US.MI.AG,0,0,
Beaver County,US.UT.BV,0,0,
Lake County,US.OR.LK,0,0,
Lincoln County,US.KS.LC,0,0,
Arthur County,US.NE.AR,0,0,
Lake and Peninsula Borough,US.AK.LA,0,0,
Lake of the Woods County,US.MN.LO,0,0,
Bear Lake County,US.ID.BK,0,0,
Baylor County,US.TX.BR,0,0,
Loup County,US.NE.LU,0,0,
Foard County,US.TX.FD,0,0,
Knox County,US.MO.KN,0,0,
LaMoure County,US.ND.LA,0,0,
Fergus County,US.MT.FE,0,0,
Benewah County,US.ID.BA,0,0,
Wayne County,US.MO.WY,0,0,
Bennett County,US.SD.BN,0,0,
Lewis County,US.ID.LW,0,0,
Logan County,US.NE.LG,0,0,
Loving County,US.TX.LI,0,0,
Webster County,US.WV.WB,0,0,
Wrangell City and Borough,US.AK.WG,0,0,
Allen County,US.KS.AL,0,0,
Lane County,US.KS.LE,0,0,
Bath County,US.VA.BA,0,0,
Wichita County,US.KS.WH,0,0,
Billings County,US.ND.BI,0,0,
Ozark County,US.MO.OZ,0,0,
Kinney County,US.TX.KN,0,0,
Reagan County,US.TX.RG,0,0,
Shoshone County,US.ID.SH,0,0,
Rawlins County,US.KS.RA,0,0,
Hardeman County,US.TX.RD,0,0,
Sheridan County,US.NE.SD,0,0,
Sheridan County,US.ND.SH,0,0,
Sheridan County,US.MT.SH,0,0,
Hanson County,US.SD.HS,0,0,
Shannon County,US.MO.SN,0,0,
Real County,US.TX.RL,0,0,
Monroe County,US.MO.MR,0,0,
Comanche County,US.KS.CM,0,0,
Sedgwick County,US.CO.SE,0,0,
Pawnee County,US.NE.PA,0,0,
Haines Borough,US.AK.HA,0,0,
Cook County,US.MN.CO,0,0,
Haakon County,US.SD.HA,0,0,
Scott County,US.IL.SO,0,0,
Schleicher County,US.TX.SH,0,0,
Harding County,US.SD.HR,0,0,
Sierra County,US.CA.SE,0,0,
Clearwater County,US.ID.CE,0,0,
Sioux County,US.NE.SI,0,0,
Hodgeman County,US.KS.HG,0,0,
Stonewall County,US.TX.SA,0,0,
Stevens County,US.MN.SV,0,0,
Hickory County,US.MO.HC,0,0,
Chouteau County,US.MT.CH,0,0,
Sterling County,US.TX.SI,0,0,
Hettinger County,US.ND.HE,0,0,
Edwards County,US.TX.ED,0,0,
Mora County,US.NM.MO,0,0,
Hayes County,US.NE.HY,0,0,
Clark County,US.ID.CA,0,0,
Edmunds County,US.SD.ED,0,0,
Edgar County,US.IL.EG,0,0,
Somervell County,US.TX.SV,0,0,
Harmon County,US.OK.HM,0,0,
Harlan County,US.NE.HR,0,0,
Skagway Municipality,US.AK.SW,0,0,
Grundy County,US.MO.GU,0,0,
Griggs County,US.ND.GI,0,0,
North Slope Borough,US.AK.NH,0,0,
Rich County,US.UT.RH,0,0,
Deuel County,US.NE.DL,0,0,
Russell County,US.KS.RS,0,0,
Rush County,US.KS.RH,0,0,
Dewey County,US.SD.DW,0,0,
Rosebud County,US.MT.RS,0,0,
Dickenson County,US.VA.DC,0,0,
Roger Mills County,US.OK.RR,0,0,
Dickey County,US.ND.DC,0,0,
Dillingham Census Area,US.AK.DI,0,0,
Dundy County,US.NE.DY,0,0,
Golden Valley County,US.ND.GO,0,0,
Rock County,US.NE.RO,0,0,
Doddridge County,US.WV.DO,0,0,
Gilliam County,US.OR.GI,0,0,
Dolores County,US.CO.DO,0,0,
Robertson County,US.KY.RB,0,0,
Douglas County,US.MO.DO,0,0,
Denali Borough,US.AK.DE,0,0,
Graham County,US.KS.GH,0,0,
Gregory County,US.SD.GE,0,0,
Pawnee County,US.KS.PN,0,0,
Greeley County,US.KS.GL,0,0,
Crockett County,US.TX.CT,0,0,
Culberson County,US.TX.UL,0,0,
Sanders County,US.MT.SA,0,0,
Custer County,US.MT.CU,0,0,
Oneida County,US.ID.ON,0,0,
Grant County,US.NE.GA,0,0,
Custer County,US.SD.CU,0,0,
Dade County,US.MO.DD,0,0,
Daggett County,US.UT.DG,0,0,
Daniels County,US.MT.DN,0,0,
Ontonagon County,US.MI.ON,0,0,
Granite County,US.MT.GN,0,0,
Dawson County,US.MT.DW,0,0,
De Baca County,US.NM.DE,0,0,
Decatur County,US.IA.DC,0,0,
Decatur County,US.KS.DC,0,0,
Sully County,US.SD.SU,0,0,
Elk County,US.KS.EK,0,0,
Blaine County,US.MT.BL,0,0,
Valley County,US.MT.VA,0,0,
Prairie County,US.MT.PR,0,0,
Brown County,US.NE.BW,0,0,
Kalawao County,US.HI.KL,0,0,
Brule County,US.SD.BU,0,0,
Judith Basin County,US.MT.JU,0,0,
Jones County,US.SD.JO,0,0,
Presidio County,US.TX.PS,0,0,
Garden County,US.NE.GD,0,0,
Marshall County,US.KS.MS,0,0,
Hooker County,US.NE.HO,0,0,
Valdez-Cordova Census Area,US.AK.VA,0,0,
Upton County,US.TX.UP,0,0,
Petroleum County,US.MT.PO,0,0,
Garfield County,US.MT.GF,0,0,
Butte County,US.ID.BT,0,0,
Butte County,US.SD.BT,0,0,
Fallon County,US.MT.FA,0,0,
Calhoun County,US.AR.CA,0,0,
Wallace County,US.KS.WA,0,0,
Bristol Bay Borough,US.AK.BR,0,0,
Ward County,US.TX.WD,0,0,
Boyd County,US.NE.BY,0,0,
Blaine County,US.NE.BL,0,0,
Kingsbury County,US.SD.KI,0,0,
Powder River County,US.MT.PD,0,0,
Kingman County,US.KS.KM,0,0,
Bland County,US.VA.BL,0,0,
Boise County,US.ID.BS,0,0,
Washington County,US.KS.WS,0,0,
Powell County,US.MT.PL,0,0,
King County,US.TX.KG,0,0,
Kidder County,US.ND.KI,0,0,
Borden County,US.TX.BD,0,0,
Keya Paha County,US.NE.KY,0,0,
Boundary County,US.ID.BD,0,0,
Phillips County,US.MT.PH,0,0,
Keweenaw County,US.MI.KW,0,0,
Kent County,US.TX.KT,0,0,
Kenedy County,US.TX.KE,0,0,
Eureka County,US.NV.EU,0,0,
Estill County,US.KY.ES,0,0,
Jeff Davis County,US.TX.JF,0,0,
Thomas County,US.KS.TH,0,0,
Texas County,US.MO.TE,0,0,
Irion County,US.TX.IR,0,0,
Teton County,US.MT.TE,0,0,
Ellis County,US.OK.EL,0,0,
Terrell County,US.TX.TL,0,0,
Perkins County,US.SD.PR,0,0,
Perkins County,US.NE.PE,0,0,
Hughes County,US.OK.HU,0,0,
Mineral County,US.MT.MN,0,0,
Cavalier County,US.ND.CV,0,0,
Hudspeth County,US.TX.HU,0,0,
Hubbard County,US.MN.HU,0,0,
Sweet Grass County,US.MT.SW,0,0,
Sutton County,US.TX.ST,0,0,
Modoc County,US.CA.MC,0,0,
Chase County,US.NE.CE,0,0,
Hoonah-Angoon Census Area,US.AK.HH,0,0,
Thayer County,US.NE.TA,0,0,
Throckmorton County,US.TX.TH,0,0,
McCone County,US.MT.MC,0,0,
Iron County,US.MI.IR,0,0,
Campbell County,US.SD.CP,0,0,
Esmeralda County,US.NV.ES,0,0,
Jackson County,US.SD.JA,0,0,
Garfield County,US.NE.GF,0,0,
McMullen County,US.TX.MM,0,0,
Trego County,US.KS.TR,0,0,
Treasure County,US.MT.TR,0,0,
McPherson County,US.NE.MC,0,0,
Pershing County,US.NV.PE,0,0,
Towner County,US.ND.TO,0,0,
Jackson County,US.CO.JA,0,0,
Issaquena County,US.MS.IS,0,0,
Mellette County,US.SD.ML,0,0,
Menard County,US.TX.EN,0,0,
Putnam County,US.MO.PN,0,0,
Garfield County,US.WA.GF,0,0,
Mercer County,US.MO.MC,0,0,
Carter County,US.MT.CT,0,0,
