County,hasc,confirmed,death,recovered
Los Angeles County,US.CA.LO,105507,3402,
Cook County,US.IL.CO,90911,4581,
Queens County,US.NY.QU,65455,7059,
Kings County,US.NY.KI,59742,7104,
Maricopa County,US.AZ.MA,52266,817,
Bronx County,US.NY.BN,47651,4760,
Nassau County,US.NY.NA,41853,2183,
Suffolk County,US.NY.SF,41427,1981,
Miami-Dade County,US.FL.DA,37961,1000,
Westchester County,US.NY.WE,34866,1425,
Harris County,US.TX.RR,31422,378,
New York County,US.NY.NE,28518,3088,
Middlesex County,US.MA.MI,23998,1858,
Wayne County,US.MI.WY,22855,2722,
Philadelphia County,US.PA.PH,21724,1611,
Dallas County,US.TX.DS,21338,373,
Suffolk County,US.MA.SU,19853,1004,
Bergen County,US.NJ.BE,19445,1996,
Hudson County,US.NJ.HD,18842,1457,
Essex County,US.NJ.ES,18771,2024,
Prince George's County,US.MD.PR,18645,686,
Riverside County,US.CA.RI,18041,463,
Passaic County,US.NJ.PA,16894,1187,
Middlesex County,US.NJ.MI,16825,1324,
Fairfield County,US.CT.FA,16717,1376,
Union County,US.NJ.UN,16297,1329,
Broward County,US.FL.BO,16155,385,
Essex County,US.MA.ES,16122,1104,
Clark County,US.NV.CL,15604,420,
Montgomery County,US.MD.MO,14803,739,
San Diego County,US.CA.SD,14623,372,
Palm Beach County,US.FL.PL,14447,512,
Orange County,US.CA.OR,14413,345,
Richmond County,US.NY.RI,14109,1050,
Fairfax County,US.VA.FX,13864,488,
Rockland County,US.NY.RO,13602,506,
Providence County,US.RI.PR,12937,537,
San Bernardino County,US.CA.SA,12746,258,
Worcester County,US.MA.WO,12376,924,
New Haven County,US.CT.NH,12368,1073,
Tarrant County,US.TX.TN,12344,228,
Bexar County,US.TX.BX,12065,110,
Oakland County,US.MI.OD,12051,1091,
Hennepin County,US.MN.HE,11892,776,
Hartford County,US.CT.HA,11691,1373,
Mecklenburg County,US.NC.MB,11534,147,
Milwaukee County,US.WI.MU,11510,390,
Hillsborough County,US.FL.HL,11465,140,
Salt Lake County,US.UT.SL,11437,107,
Marion County,US.IN.MO,11387,679,
Orange County,US.FL.OR,10874,58,
Orange County,US.NY.OE,10730,403,
Washington,US.DC.DI,10365,553,
Shelby County,US.TN.SY,10344,193,
King County,US.WA.KN,10304,612,
Davidson County,US.TN.DA,9769,114,
Lake County,US.IL.LK,9752,418,
Jefferson Parish,US.LA.JF,9637,485,
Ocean County,US.NJ.OC,9627,959,
Travis County,US.TX.TV,9527,124,
Franklin County,US.OH.FR,9338,407,
Norfolk County,US.MA.NO,9184,930,
Monmouth County,US.NJ.MN,9163,808,
DuPage County,US.IL.DU,9083,472,
Plymouth County,US.MA.PL,8696,663,
Gwinnett County,US.GA.GW,8536,173,
Montgomery County,US.PA.MG,8483,804,
Pima County,US.AZ.PM,8387,280,
Bristol County,US.MA.BR,8236,575,
Baltimore County,US.MD.BC,8040,474,
Orleans Parish,US.LA.OR,7919,534,
Kane County,US.IL.KE,7733,271,
Mercer County,US.NJ.ME,7676,579,
Baltimore City,US.MD.BA,7605,338,
Fulton County,US.GA.FU,7444,314,
Macomb County,US.MI.MB,7428,916,
Camden County,US.NJ.CM,7368,493,
Erie County,US.NY.ER,7337,572,
Prince William County,US.VA.PW,7331,144,
Delaware County,US.PA.DE,7230,655,
Denver County,US.CO.DN,7149,381,
Douglas County,US.NE.DG,7146,94,
Yakima County,US.WA.YA,7128,159,
Cuyahoga County,US.OH.CU,7013,366,
Pinellas County,US.FL.PI,6861,172,
Hampden County,US.MA.HD,6791,659,
Morris County,US.NJ.MR,6757,799,
Will County,US.IL.WL,6744,320,
Imperial County,US.CA.IM,6523,97,
Yuma County,US.AZ.YU,6485,93,
Duval County,US.FL.DU,6480,67,
St. Louis County,US.MO.SL,6348,577,
Alameda County,US.CA.AA,6156,136,
El Paso County,US.TX.EP,6124,131,
Polk County,US.IA.PK,6066,177,
DeKalb County,US.GA.DA,6033,173,
Lee County,US.FL.LE,5869,159,
Bucks County,US.PA.BC,5777,565,
East Baton Rouge Parish,US.LA.EB,5350,271,
Wake County,US.NC.WK,5298,47,
Fresno County,US.CA.FR,5289,75,
Arapahoe County,US.CO.AA,5234,344,
Hamilton County,US.OH.HM,5224,198,
Burlington County,US.NJ.BU,5189,428,
Cobb County,US.GA.CB,5181,245,
Anne Arundel County,US.MD.AN,5134,209,
Greenville County,US.SC.GV,5109,82,
New Castle County,US.DE.NE,5079,243,
Kent County,US.MI.KN,4945,134,
Somerset County,US.NJ.SO,4881,528,
Lake County,US.IN.LK,4872,240,
Kern County,US.CA.KE,4768,76,
Ramsey County,US.MN.RA,4724,218,
Sussex County,US.DE.SU,4690,175,
Santa Clara County,US.CA.SL,4572,158,
Berks County,US.PA.BK,4559,351,
Lancaster County,US.PA.LN,4464,364,
Jefferson County,US.AL.JE,4436,144,
Collier County,US.FL.CL,4376,81,
Tulare County,US.CA.TL,4323,128,
Charleston County,US.SC.CS,4288,33,
Lehigh County,US.PA.LH,4258,300,
Adams County,US.CO.AD,4226,156,
Dutchess County,US.NY.DU,4213,151,
Utah County,US.UT.UT,4154,22,
Polk County,US.FL.PO,4048,102,
Loudoun County,US.VA.LD,4047,87,
Hidalgo County,US.TX.HG,3982,46,
Jefferson County,US.KY.JF,3942,196,
San Joaquin County,US.CA.SJ,3914,54,
Montgomery County,US.AL.MT,3890,102,
Fort Bend County,US.TX.FR,3782,54,
Monroe County,US.NY.MR,3780,245,
Pinal County,US.AZ.PN,3777,71,
Durham County,US.NC.DH,3752,61,
Chester County,US.PA.CH,3731,325,
Mobile County,US.AL.MB,3724,138,
Navajo County,US.AZ.NA,3703,130,
Jackson County (including other portions of Kansas City),US.MO.JC,3690,55,
San Francisco County,US.CA.SF,3648,50,
Washington County,US.AR.WA,3634,30,
Minnehaha County,US.SD.MN,3627,58,
Richland County,US.SC.RI,3577,84,
Horry County,US.SC.HO,3547,47,
Tulsa County,US.OK.TU,3544,69,
Snohomish County,US.WA.SN,3535,171,
Northampton County,US.PA.NA,3425,268,
Caddo Parish,US.LA.CO,3418,235,
Sacramento County,US.CA.SC,3397,68,
McKinley County,US.NM.MC,3395,170,
Galveston County,US.TX.GV,3293,40,
Hillsborough County,US.NH.HI,3288,248,
Hall County,US.GA.HL,3287,60,
Contra Costa County,US.CA.CN,3248,77,
San Mateo County,US.CA.SM,3232,108,
Woodbury County,US.IA.WO,3172,44,
Ventura County,US.CA.VE,3096,46,
Elkhart County,US.IN.EL,3085,43,
Forsyth County,US.NC.FO,3077,35,
Winnebago County,US.IL.WN,3046,95,
Oklahoma County,US.OK.OL,3029,70,
Manatee County,US.FL.MN,3015,129,
Collin County,US.TX.CI,2997,42,
Cumberland County,US.NJ.CU,2980,145,
Onondaga County,US.NY.OG,2963,166,
Brown County,US.WI.BW,2916,42,
Luzerne County,US.PA.LU,2915,177,
Chesterfield County,US.VA.CD,2914,53,
Santa Barbara County,US.CA.SB,2896,29,
Guilford County,US.NC.GU,2891,115,
Potter County,US.TX.PT,2885,37,
Atlantic County,US.NJ.AT,2878,216,
Allegheny County,US.PA.AL,2870,187,
Denton County,US.TX.DN,2845,37,
Weld County,US.CO.WE,2823,137,
Hays County,US.TX.HY,2819,7,
Washoe County,US.NV.WA,2766,75,
Benton County,US.AR.BE,2752,19,
Genesee County,US.MI.GE,2743,288,
Marion County,US.OH.MR,2731,38,
Jefferson County,US.CO.JE,2711,211,
Seminole County,US.FL.SE,2682,17,
Allen County,US.IN.AL,2677,114,
Rutherford County,US.TN.RU,2648,35,
Lucas County,US.OH.LU,2628,302,
Henrico County,US.VA.HC,2603,146,
Gloucester County,US.NJ.GL,2596,182,
Pierce County,US.WA.PI,2590,104,
Howard County,US.MD.HO,2568,89,
Hamilton County,US.TN.HL,2532,30,
Frederick County,US.MD.FR,2493,118,
Arlington County,US.VA.AR,2484,131,
Ouachita Parish,US.LA.OU,2474,75,
San Juan County,US.NM.SJ,2460,163,
City of St. Louis,US.MO.SY,2443,153,
El Paso County,US.CO.EL,2431,109,
Kings County,US.CA.KI,2417,28,
Cameron County,US.TX.CA,2399,55,
Nueces County,US.TX.NU,2394,8,
Wyandotte County,US.KS.WY,2394,83,
Apache County,US.AZ.AP,2381,90,
St. Tammany Parish,US.LA.ST,2371,175,
Lafayette Parish,US.LA.LY,2359,45,
Brazoria County,US.TX.BI,2336,21,
Alexandria City,US.VA.AX,2325,56,
Stanislaus County,US.CA.ST,2310,44,
Ada County,US.ID.AA,2288,23,
Stearns County,US.MN.SR,2287,19,
Lubbock County,US.TX.LU,2273,52,
Cass County,US.ND.CS,2260,66,
Multnomah County,US.OR.MU,2239,69,
Williamson County,US.TX.WM,2230,39,
Volusia County,US.FL.VO,2219,58,
Dakota County,US.MN.DA,2218,89,
Richmond City,US.VA.RC,2213,29,
Bernalillo County,US.NM.BE,2178,86,
Racine County,US.WI.RA,2176,63,
Pickaway County,US.OH.PC,2176,41,
Osceola County,US.FL.OS,2164,25,
Hinds County,US.MS.HI,2152,39,
Lexington County,US.SC.LX,2149,50,
Montgomery County,US.TX.MG,2133,36,
Pasco County,US.FL.PS,2133,21,
Anoka County,US.MN.AN,2124,107,
Martin County,US.FL.MT,2112,25,
Albany County,US.NY.AB,2112,109,
Black Hawk County,US.IA.BL,2111,58,
Pulaski County,US.AR.PU,2080,59,
Tuscaloosa County,US.AL.TU,2071,40,
McHenry County,US.IL.MY,2061,97,
Dauphin County,US.PA.DA,2059,135,
Clayton County,US.GA.CN,2053,79,
Escambia County,US.FL.ES,2046,44,
Walker County,US.TX.WK,2028,28,
Ford County,US.KS.FO,2008,10,
Brazos County,US.TX.BZ,2005,31,
Summit County,US.OH.SU,1969,206,
Brevard County,US.FL.BE,1962,17,
Dane County,US.WI.DA,1953,32,
Coconino County,US.AZ.CO,1941,94,
Dougherty County,US.GA.DH,1916,155,
St. Clair County,US.IL.SI,1906,136,
Jefferson County,US.TX.JE,1875,34,
Johnson County,US.KS.JO,1870,87,
St. Joseph County,US.IN.SN,1849,65,
Wayne County,US.NC.WY,1822,28,
St. Lucie County,US.FL.SL,1812,48,
Santa Cruz County,US.AZ.SA,1802,22,
Benton County,US.WA.BE,1798,82,
Montgomery County,US.OH.MT,1784,26,
Ulster County,US.NY.UL,1782,81,
Dakota County,US.NE.DK,1763,31,
Cumberland County,US.ME.CU,1756,60,
Mahoning County,US.OH.MH,1752,228,
Muscogee County,US.GA.MG,1752,48,
Lancaster County,US.NE.LA,1746,12,
Calcasieu Parish,US.LA.CC,1729,59,
Washtenaw County,US.MI.WS,1712,105,
Lackawanna County,US.PA.LC,1707,204,
Kent County,US.DE.KE,1699,90,
Franklin County,US.WA.FR,1697,33,
Buena Vista County,US.IA.BV,1695,11,
Monterey County,US.CA.MT,1691,15,
Spartanburg County,US.SC.SP,1662,47,
Nobles County,US.MN.NB,1655,6,
Oneida County,US.NY.OD,1642,94,
Cass County,US.IN.CS,1636,9,
Sarasota County,US.FL.SR,1601,97,
Hall County,US.NE.HL,1593,45,
Rapides Parish,US.LA.RA,1578,62,
Finney County,US.KS.FI,1574,10,
Marshall County,US.AL.MS,1548,10,
Warren County,US.KY.WR,1547,13,
Barnstable County,US.MA.BA,1542,145,
Marion County,US.OR.MR,1539,47,
Webb County,US.TX.WB,1538,25,
Johnston County,US.NC.JH,1532,32,
York County,US.PA.YO,1531,50,
Kenosha County,US.WI.KN,1522,43,
Troup County,US.GA.TP,1507,34,
Litchfield County,US.CT.LI,1490,137,
Trousdale County,US.TN.TR,1489,5,
Hamilton County,US.IN.HM,1484,100,
Rockingham County,US.NH.RO,1476,89,
Cache County,US.UT.CA,1470,2,
Sumner County,US.TN.SN,1469,52,
Duplin County,US.NC.DP,1468,27,
Fayette County,US.KY.FA,1467,27,
Sullivan County,US.NY.SL,1452,35,
Butler County,US.OH.BU,1448,44,
Monroe County,US.PA.MR,1423,108,
Chatham County,US.GA.CM,1414,37,
Manassas City,US.VA.MS,1414,18,
Lake County,US.FL.LK,1410,22,
Solano County,US.CA.SN,1402,25,
Boulder County,US.CO.BO,1401,72,
Charles County,US.MD.CH,1399,86,
Spokane County,US.WA.SP,1389,41,
Washington County,US.OR.WI,1379,20,
DeSoto County,US.MS.DE,1373,16,
Sedgwick County,US.KS.SG,1368,28,
Hendricks County,US.IN.HD,1366,99,
Cherokee County,US.GA.CE,1360,44,
Tangipahoa Parish,US.LA.TA,1353,43,
Lebanon County,US.PA.LB,1350,43,
Putnam County,US.NY.PU,1329,63,
Bell County,US.TX.BL,1315,13,
Middlesex County,US.CT.MI,1304,185,
Saginaw County,US.MI.SG,1292,123,
Kankakee County,US.IL.KK,1285,65,
Beaufort County,US.SC.BA,1278,18,
New London County,US.CT.NL,1268,102,
Henry County,US.GA.HY,1266,33,
Union County,US.NC.UN,1261,24,
Marin County,US.CA.MN,1259,19,
York County,US.SC.YO,1256,12,
Lowndes County,US.GA.LW,1254,12,
Alachua County,US.FL.AL,1245,12,
Warren County,US.NJ.WA,1241,159,
Niagara County,US.NY.NI,1237,85,
Johnson County,US.IN.JO,1235,117,
Florence County,US.SC.FL,1230,53,
Washington County,US.UT.WN,1228,3,
Rowan County,US.NC.RW,1227,41,
Madison County,US.MS.MD,1222,34,
Robeson County,US.NC.RB,1218,38,
Davis County,US.UT.DA,1218,5,
Cumberland County,US.NC.CU,1218,41,
Ascension Parish,US.LA.AE,1213,58,
Lee County,US.AL.LE,1211,38,
Waukesha County,US.WI.WK,1210,39,
Columbiana County,US.OH.CL,1209,60,
Linn County,US.IA.LI,1206,82,
Randolph County,US.NC.RA,1206,30,
Virginia Beach City,US.VA.VI,1203,29,
Kent County,US.RI.KE,1199,72,
Sussex County,US.NJ.SU,1197,193,
Dallas County,US.IA.DL,1189,29,
Sonoma County,US.CA.SO,1185,7,
Sarpy County,US.NE.SY,1178,8,
Lafourche Parish,US.LA.LO,1177,89,
Leavenworth County,US.KS.LV,1173,7,
Johnson County,US.IA.JH,1173,8,
Berkeley County,US.SC.BK,1170,23,
Whitfield County,US.GA.WF,1165,10,
Alamance County,US.NC.AA,1151,37,
Leon County,US.FL.LO,1149,8,
Mohave County,US.AZ.MO,1142,87,
Cabarrus County,US.NC.CR,1141,33,
Gaston County,US.NC.GS,1139,11,
Carroll County,US.MD.CR,1136,112,
Merced County,US.CA.MD,1131,11,
Harford County,US.MD.HA,1127,62,
Shelby County,US.AL.SH,1103,23,
Williamson County,US.TN.WL,1090,14,
Kalamazoo County,US.MI.KA,1089,68,
Madison County,US.AL.MD,1084,8,
Hunterdon County,US.NJ.HN,1081,124,
Sumter County,US.SC.SU,1078,22,
Wicomico County,US.MD.WI,1070,41,
Jones County,US.MS.JO,1069,49,
Terrebonne Parish,US.LA.TR,1068,61,
St. Charles County,US.MO.SA,1064,74,
Sampson County,US.NC.SP,1060,6,
Olmsted County,US.MN.OL,1058,15,
Stark County,US.OH.ST,1052,112,
Ottawa County,US.MI.OT,1046,51,
Ingham County,US.MI.IH,1042,29,
Burke County,US.NC.BK,1042,20,
Accomack County,US.VA.AC,1041,14,
Anderson County,US.TX.AE,1040,2,
Lincoln County,US.AR.LC,1040,11,
Richmond County,US.GA.RI,1034,49,
Washington County,US.MN.WH,1025,40,
Marshall County,US.IA.MS,1013,18,
Seward County,US.KS.SW,1011,2,
Colquitt County,US.GA.CQ,1007,18,
Weber County,US.UT.WB,994,13,
Spotsylvania County,US.VA.SP,994,30,
Morgan County,US.AL.MG,993,3,
Stafford County,US.VA.SF,990,5,
St. Johns County,US.FL.SJ,989,7,
Davidson County,US.NC.DD,989,15,
Texas County,US.OK.TE,986,6,
Livingston Parish,US.LA.LV,983,38,
Knox County,US.TN.KN,982,5,
Douglas County,US.GA.DL,981,36,
Hendry County,US.FL.HR,980,25,
St. John the Baptist Parish,US.LA.SO,976,87,
Hampshire County,US.MA.HS,965,112,
Douglas County,US.CO.DU,964,52,
Kendall County,US.IL.KA,963,20,
Lorain County,US.OH.LR,962,67,
Neshoba County,US.MS.NS,960,69,
Dona Ana County,US.NM.DO,957,9,
McLennan County,US.TX.ML,957,9,
Chatham County,US.NC.CH,956,43,
Bibb County,US.GA.BI,955,40,
Rock Island County,US.IL.RO,947,29,
Madison County,US.IL.MD,947,69,
Franklin County,US.PA.FR,940,44,
Harrisonburg City,US.VA.HS,937,24,
Norfolk City,US.VA.NF,934,10,
Mower County,US.MN.MW,928,2,
Chesapeake City,US.VA.CS,925,20,
New Hanover County,US.NC.NE,923,5,
Acadia Parish,US.LA.AD,919,37,
Tolland County,US.CT.TO,913,64,
Cleveland County,US.OK.CV,911,40,
Bossier Parish,US.LA.BO,906,31,
Canyon County,US.ID.CN,900,6,
Berrien County,US.MI.BN,899,60,
Moore County,US.TX.MO,893,12,
Lauderdale County,US.MS.LU,882,78,
Champaign County,US.IL.CM,880,12,
Walker County,US.AL.WK,880,23,
Buchanan County,US.MO.BC,873,3,
Rock County,US.WI.RO,873,24,
Glynn County,US.GA.GY,870,6,
Randall County,US.TX.RA,863,7,
Trumbull County,US.OH.TR,863,62,
Ellis County,US.TX.EI,862,19,
Dawson County,US.NE.DN,859,7,
Cumberland County,US.PA.CU,856,64,
Franklin County,US.AL.FR,856,13,
Forsyth County,US.GA.FO,855,15,
Pickens County,US.SC.PI,852,5,
Lee County,US.NC.LE,841,8,
Rankin County,US.MS.RA,841,12,
Elmore County,US.AL.EL,829,14,
Wilson County,US.TN.WO,829,17,
Dallas County,US.AL.DL,826,8,
Rice County,US.MN.RI,824,7,
Muskegon County,US.MI.MG,821,51,
St. Francis County,US.AR.SI,814,3,
Forrest County,US.MS.FO,814,42,
Catawba County,US.NC.CB,811,12,
Culpeper County,US.VA.CP,811,10,
Granville County,US.NC.GN,807,21,
Putnam County,US.TN.PU,805,7,
Schenectady County,US.NY.SN,805,35,
Kenton County,US.KY.KE,800,36,
Charlotte County,US.FL.CH,793,76,
Robertson County,US.TN.RB,792,11,
Iredell County,US.NC.IR,785,7,
St. Charles Parish,US.LA.SC,778,49,
Salem County,US.NJ.SA,778,75,
Orangeburg County,US.SC.OR,776,14,
Dorchester County,US.SC.DO,773,3,
Yavapai County,US.AZ.YA,771,10,
Warren County,US.OH.WR,757,21,
Tift County,US.GA.TI,756,26,
Clackamas County,US.OR.CC,751,24,
Scott County,US.MS.SC,750,15,
Clark County,US.WA.CR,749,29,
Crittenden County,US.AR.CD,749,13,
Iberia Parish,US.LA.II,748,44,
Schuylkill County,US.PA.SC,747,44,
Larimer County,US.CO.LR,747,29,
Lee County,US.AR.LE,746,2,
Harrison County,US.MS.HR,744,8,
Clark County,US.OH.CK,739,9,
Indian River County,US.FL.IN,739,16,
Carroll County,US.GA.CL,732,40,
Sandoval County,US.NM.SD,731,29,
Clay County,US.FL.CY,729,34,
St. Martin Parish,US.LA.SR,727,26,
Marion County,US.FL.MI,727,10,
Wilson County,US.NC.WO,726,19,
Placer County,US.CA.PA,724,11,
Bartow County,US.GA.BT,723,42,
Broome County,US.NY.BO,722,58,
Rockingham County,US.VA.RG,720,11,
Iberville Parish,US.LA.IV,719,43,
Cape May County,US.NJ.CP,712,73,
Titus County,US.TX.TU,710,4,
Pitt County,US.NC.PI,709,6,
Jefferson County,US.AR.JE,706,28,
Sevier County,US.AR.SV,706,7,
Coweta County,US.GA.CA,705,16,
Guadalupe County,US.TX.GU,705,2,
Okaloosa County,US.FL.OA,704,7,
Habersham County,US.GA.HB,704,36,
Story County,US.IA.ST,704,3,
Baldwin County,US.AL.BD,703,10,
Midland County,US.TX.ID,701,15,
Wapello County,US.IA.WP,700,30,
Victoria County,US.TX.VI,697,8,
Washington County,US.MD.WA,697,28,
Eagle County,US.CO.EA,693,8,
Washington Parish,US.LA.WO,691,46,
Pottawattamie County,US.IA.PT,691,11,
Kershaw County,US.SC.KE,691,15,
Orange County,US.NC.OR,690,41,
Lake County,US.TN.LK,690,0,
Dodge County,US.NE.DE,687,8,
Porter County,US.IN.PR,685,37,
Winnebago County,US.WI.WA,683,11,
Houston County,US.GA.HO,680,24,
Beaver County,US.PA.BA,678,78,
Westmoreland County,US.PA.WE,675,38,
Scott County,US.MN.SC,671,4,
Colfax County,US.NE.CO,670,4,
Shawnee County,US.KS.SN,669,11,
Crawford County,US.IA.CW,666,2,
Platte County,US.NE.PL,664,3,
Honolulu County,US.HI.HO,659,12,
Sevier County,US.TN.SV,657,3,
Cochise County,US.AZ.CH,657,12,
St. Landry Parish,US.LA.SL,653,57,
Morgan County,US.CO.MN,653,46,
Harnett County,US.NC.HT,648,30,
Yell County,US.AR.YE,644,3,
Henderson County,US.NC.HN,644,49,
Scott County,US.IA.SC,644,10,
Madison County,US.IN.MD,643,63,
Starr County,US.TX.SR,642,3,
San Luis Obispo County,US.CA.SS,642,1,
Tippecanoe County,US.IN.TP,640,8,
St. Mary's County,US.MD.SA,639,51,
Logan County,US.CO.LO,638,5,
Paulding County,US.GA.PA,637,16,
Anderson County,US.SC.AN,635,11,
Whatcom County,US.WA.WA,635,40,
Etowah County,US.AL.ET,634,13,
DeSoto County,US.FL.DE,634,10,
Kaufman County,US.TX.KU,627,4,
Newton County,US.GA.NE,624,11,
Clark County,US.IN.CK,622,44,
St. Bernard Parish,US.LA.SE,621,23,
Erie County,US.PA.ER,620,12,
Muscatine County,US.IA.MU,619,44,
Smith County,US.TX.SM,618,4,
Monroe County,US.MI.MO,618,21,
Bledsoe County,US.TN.BE,618,1,
Santa Rosa County,US.FL.SA,617,9,
Twin Falls County,US.ID.TW,614,25,
Windham County,US.CT.WI,612,14,
Walworth County,US.WI.WL,612,18,
Tipton County,US.TN.TI,611,4,
DeKalb County,US.AL.DA,609,5,
Chittenden County,US.VT.CH,608,39,
Butler County,US.AL.BT,607,27,
Jasper County,US.MO.JS,604,5,
Buncombe County,US.NC.BO,603,29,
Boone County,US.KY.BO,602,23,
Berkshire County,US.MA.BE,597,44,
Jones County,US.TX.JN,596,0,
Boone County,US.IL.BO,595,21,
Chambers County,US.AL.CM,595,27,
Clarke County,US.GA.CK,593,15,
Bradley County,US.TN.BR,580,3,
Grayson County,US.TX.GO,580,5,
Livingston County,US.MI.LI,579,28,
Wilkes County,US.NC.WE,578,6,
Bartholomew County,US.IN.BA,578,44,
Clay County,US.MN.CA,576,37,
Tallapoosa County,US.AL.TP,570,70,
McDonald County,US.MO.MA,570,1,
Coffee County,US.GA.CF,569,17,
Shenandoah County,US.VA.SN,567,29,
Copiah County,US.MS.CP,566,15,
Kandiyohi County,US.MN.KD,565,1,
St. Clair County,US.MI.SA,561,50,
Buckingham County,US.VA.BK,559,4,
DeKalb County,US.IL.DK,558,18,
Ector County,US.TX.EC,558,7,
Sumter County,US.GA.SU,558,50,
Yolo County,US.CA.YO,555,24,
Rensselaer County,US.NY.RE,555,32,
Autauga County,US.AL.AU,553,12,
Saratoga County,US.NY.SR,550,15,
Leake County,US.MS.LK,548,19,
Brunswick County,US.NC.BS,546,6,
Floyd County,US.GA.FL,545,15,
Howard County,US.IN.HO,543,56,
Madera County,US.CA.ME,541,5,
LaPorte County,US.IN.LA,539,25,
Grimes County,US.TX.GM,539,2,
Calhoun County,US.MI.CU,539,33,
Columbus County,US.NC.CM,535,39,
Blaine County,US.ID.BL,535,5,
Newport News City,US.VA.NN,535,10,
Saline County,US.NE.SL,535,2,
Belmont County,US.OH.BE,534,21,
Umatilla County,US.OR.UM,533,4,
York County,US.ME.YO,533,11,
Jackson County,US.MS.JC,533,16,
Washington County,US.RI.WA,532,50,
Suwannee County,US.FL.SW,532,21,
Baldwin County,US.GA.BD,531,34,
Dubuque County,US.IA.DU,529,22,
Holmes County,US.MS.HO,527,41,
Barrow County,US.GA.BW,527,25,
Beadle County,US.SD.BA,527,6,
Skagit County,US.WA.SG,527,15,
Comal County,US.TX.OM,525,7,
Pennington County,US.SD.PN,523,16,
Wayne County,US.MS.WY,521,12,
Bedford County,US.TN.BD,520,5,
Delaware County,US.OH.DL,518,15,
Columbia County,US.GA.CI,517,9,
Tuscarawas County,US.OH.TU,515,10,
Jackson County,US.MI.JA,513,30,
Grant County,US.WA.GN,511,6,
Angelina County,US.TX.AG,507,9,
Greenwood County,US.SC.GW,506,7,
Vance County,US.NC.VA,506,37,
Frederick County,US.VA.FK,505,6,
Muhlenberg County,US.KY.MU,505,8,
Fairfield County,US.OH.FI,503,16,
Peoria County,US.IL.PI,499,28,
Portsmouth City,US.VA.PR,497,16,
Pike County,US.PA.PI,496,20,
Washington County,US.MS.WS,496,9,
Kosciusko County,US.IN.KO,495,2,
Lee County,US.MS.LE,493,16,
Summit County,US.UT.SU,493,0,
Montgomery County,US.TN.MT,493,7,
Faulkner County,US.AR.FA,492,3,
Lyon County,US.KS.LY,492,7,
Medina County,US.OH.MD,491,32,
Outagamie County,US.WI.OU,491,9,
St. Mary Parish,US.LA.SM,489,38,
Russell County,US.AL.RU,489,0,
Georgetown County,US.SC.GR,489,3,
Laurens County,US.SC.LU,488,7,
Androscoggin County,US.ME.AN,488,4,
Oktibbeha County,US.MS.OK,486,24,
Lancaster County,US.SC.LN,484,12,
Moore County,US.NC.ME,484,13,
McCurtain County,US.OK.MU,483,4,
Surry County,US.NC.SU,482,2,
Jefferson County,US.MO.JE,480,20,
Cecil County,US.MD.CE,480,29,
Nash County,US.NC.NA,478,6,
Rockdale County,US.GA.RO,478,10,
Sebastian County,US.AR.SB,476,5,
Yazoo County,US.MS.YZ,473,6,
Leflore County,US.MS.LL,472,49,
Franklin Parish,US.LA.FR,471,14,
Columbia County,US.NY.CU,466,47,
Thomas County,US.GA.TH,464,32,
Lowndes County,US.AL.LO,463,21,
Dodge County,US.WI.DD,461,5,
Clay County,US.MO.CY,460,11,
LaGrange County,US.IN.LG,459,6,
Berkeley County,US.WV.BE,458,10,
Municipality of Anchorage,US.AK.AN,457,6,
Ware County,US.GA.WE,456,16,
Jackson County,US.IN.JC,455,3,
Sioux County,US.IA.SI,455,0,
La Crosse County,US.WI.LA,455,0,
Craighead County,US.AR.CG,453,7,
Lowndes County,US.MS.LO,453,11,
Hunt County,US.TX.HT,452,6,
Darlington County,US.SC.DA,452,14,
Mitchell County,US.GA.MT,451,38,
Houston County,US.AL.HO,449,6,
Wright County,US.MN.WR,448,4,
Johnson County,US.TX.JH,448,4,
Noble County,US.IN.NO,447,28,
Bastrop County,US.TX.BP,446,6,
Lauderdale County,US.AL.LU,446,6,
East Carroll Parish,US.LA.EC,445,1,
Tama County,US.IA.TM,445,29,
Lake County,US.OH.LK,443,16,
Warren County,US.MS.WR,443,17,
Pope County,US.AR.PP,442,3,
Miami County,US.OH.MM,442,31,
Hardee County,US.FL.HD,440,3,
Bowie County,US.TX.BW,438,11,
Roanoke city,US.VA.RO,438,10,
Daviess County,US.KY.DA,435,8,
Lincoln County,US.MS.LI,435,34,
Maverick County,US.TX.MV,434,3,
Caldwell County,US.NC.CL,434,4,
Union Parish,US.LA.UN,433,24,
Sangamon County,US.IL.SM,431,32,
Manassas Park city,US.VA.MP,430,6,
Vanderburgh County,US.IN.VA,430,6,
Hancock County,US.IN.HC,429,35,
Hot Spring County,US.AR.HT,429,0,
Hanover County,US.VA.HV,429,27,
Spalding County,US.GA.SD,428,32,
Newton County,US.MO.NT,427,2,
Delaware County,US.IN.DL,426,48,
Webster Parish,US.LA.WR,423,11,
Boone County,US.IN.BO,422,42,
Blue Earth County,US.MN.BE,422,2,
Walton County,US.GA.WA,422,28,
Ashtabula County,US.OH.AB,421,44,
Fauquier County,US.VA.FQ,420,7,
Suffolk City,US.VA.SO,420,35,
Lamar County,US.MS.LM,419,7,
Chattahoochee County,US.GA.CH,419,0,
Clarendon County,US.SC.CN,418,42,
Portage County,US.OH.PO,418,58,
Shelby County,US.KY.SH,418,12,
Shelby County,US.IN.SH,416,25,
Licking County,US.OH.LI,416,11,
Calvert County,US.MD.CL,415,27,
Limestone County,US.AL.LI,413,0,
Merrimack County,US.NH.ME,412,18,
Marshall County,US.IN.MS,412,3,
Williamsburg County,US.SC.WI,412,15,
Cullman County,US.AL.CU,411,3,
Wasatch County,US.UT.WA,410,3,
Macon County,US.TN.MC,409,3,
Comanche County,US.OK.CM,408,5,
Bay County,US.FL.BY,408,5,
Hernando County,US.FL.HA,408,5,
Albemarle County,US.VA.AB,407,9,
Pike County,US.AL.PK,407,5,
Nacogdoches County,US.TX.NC,407,26,
Gordon County,US.GA.GO,407,18,
Aiken County,US.SC.AI,406,10,
Columbia County,US.PA.CO,403,34,
San Juan County,US.UT.SJ,402,9,
Taylor County,US.TX.TA,400,5,
Todd County,US.MN.TO,400,2,
Washington County,US.OK.WN,400,39,
Santa Cruz County,US.CA.SZ,399,3,
Bulloch County,US.GA.BH,396,4,
Stanly County,US.NC.SN,394,5,
Pueblo County,US.CO.PU,393,30,
Bay County,US.MI.BY,392,30,
Lee County,US.GA.LE,391,22,
Geauga County,US.OH.GE,390,42,
Gadsden County,US.FL.GA,389,7,
Jackson County,US.GA.JC,388,10,
Payne County,US.OK.PY,387,1,
Grand Forks County,US.ND.GD,387,4,
Wood County,US.OH.WO,384,51,
Hoke County,US.NC.HO,383,3,
Okeechobee County,US.FL.OE,383,0,
Putnam County,US.FL.PU,381,6,
Grenada County,US.MS.GN,380,5,
Washington County,US.WI.WN,380,16,
Bladen County,US.NC.BL,379,3,
Colbert County,US.AL.CL,377,5,
St. James Parish,US.LA.SJ,375,29,
Gregg County,US.TX.GE,375,13,
Chesterfield County,US.SC.CF,373,14,
Craven County,US.NC.CN,372,6,
Lenoir County,US.NC.LN,371,11,
Jefferson Davis Parish,US.LA.JD,370,9,
Franklin County,US.MA.FR,370,55,
Wright County,US.IA.WG,370,0,
Sumter County,US.FL.SM,368,17,
Monroe County,US.MS.MR,367,29,
Pike County,US.MS.PI,367,12,
Bullock County,US.AL.BL,367,10,
Upson County,US.GA.UP,367,43,
Highlands County,US.FL.HG,365,11,
Madison County,US.NE.MA,365,4,
Jackson County,US.FL.JA,365,2,
Wichita County,US.TX.WC,363,2,
Floyd County,US.IN.FL,363,44,
Boone County,US.MO.BO,363,2,
Madison Parish,US.LA.MA,362,2,
Greensville County,US.VA.GS,361,7,
Louisa County,US.IA.LO,360,13,
Coffee County,US.AL.CF,358,2,
Fremont County,US.WY.FR,358,9,
Assumption Parish,US.LA.AS,357,15,
Franklin County,US.NC.FR,357,21,
Madison County,US.NY.MA,357,9,
Clermont County,US.OH.CE,356,6,
Wayne County,US.OH.WE,354,52,
Fayette County,US.GA.FY,353,19,
Lafayette County,US.MS.LY,352,4,
Attala County,US.MS.AT,352,23,
De Soto Parish,US.LA.DE,349,18,
Carver County,US.MN.CV,348,1,
Chelan County,US.WA.CH,347,6,
Lincoln County,US.SD.LI,347,1,
Caldwell County,US.TX.CW,346,2,
Hamilton County,US.FL.HM,345,2,
La Paz County,US.AZ.LA,345,5,
Brown County,US.SD.BW,342,2,
Union County,US.OR.UN,342,1,
Adams County,US.PA.AD,341,13,
Avoyelles Parish,US.LA.AV,341,14,
Harris County,US.GA.HI,340,9,
Rockwall County,US.TX.RC,340,11,
Hampton city,US.VA.HM,336,5,
Yadkin County,US.NC.YD,334,4,
Napa County,US.CA.NA,333,4,
Colleton County,US.SC.CT,332,21,
Jackson County,US.IL.JC,332,19,
Liberty County,US.TX.LT,331,3,
Eaton County,US.MI.EA,331,7,
Coryell County,US.TX.CL,331,2,
Walker County,US.GA.WK,329,12,
Lincoln Parish,US.LA.LN,329,18,
Newton County,US.MS.NW,328,9,
St. Joseph County,US.MI.SJ,327,4,
Winchester city,US.VA.WH,326,3,
Barbour County,US.AL.BR,326,1,
Lincoln County,US.OR.LC,324,2,
Citrus County,US.FL.CI,323,13,
Flagler County,US.FL.FL,323,5,
Kanawha County,US.WV.KA,323,20,
Morgan County,US.IN.MG,320,31,
Caroline County,US.MD.CO,320,3,
Richland County,US.OH.RI,318,5,
Montgomery County,US.NC.MO,317,7,
Worth County,US.GA.WO,317,22,
Jasper County,US.IA.JS,317,17,
Covington County,US.AL.CV,317,8,
Allegan County,US.MI.AL,317,6,
Edgecombe County,US.NC.ED,317,9,
Catoosa County,US.GA.CS,316,8,
Cleveland County,US.NC.CV,315,4,
Northumberland County,US.PA.NU,314,5,
St. Clair County,US.AL.SA,314,2,
Harrison County,US.TX.HR,314,22,
Fond du Lac County,US.WI.FN,313,6,
Halifax County,US.NC.HL,313,4,
Tom Green County,US.TX.TG,312,1,
Butler County,US.PA.BT,311,13,
Allen Parish,US.LA.AL,310,10,
Gila County,US.AZ.GI,309,6,
Chambers County,US.TX.CH,308,2,
Newport County,US.RI.NE,308,2,
Onslow County,US.NC.ON,308,3,
Marlboro County,US.SC.ML,307,4,
Dillon County,US.SC.DI,307,10,
Sunflower County,US.MS.SU,306,6,
Deaf Smith County,US.TX.DI,305,15,
Hardeman County,US.TN.HA,304,1,
Plymouth County,US.IA.PM,303,4,
Fairfield County,US.SC.FA,302,22,
Covington County,US.MS.CV,302,5,
Broomfield County and City,US.CO.BR,301,30,
Garfield County,US.CO.GA,300,2,
Hale County,US.TX.HE,300,7,
East Feliciana Parish,US.LA.EF,300,33,
Lyon County,US.MN.LY,300,2,
Rutherford County,US.NC.RU,299,8,
Richmond County,US.VA.RI,298,4,
Hale County,US.AL.HA,298,21,
Sherburne County,US.MN.SH,297,4,
Allen County,US.OH.AN,297,40,
Maury County,US.TN.MU,297,3,
Columbia County,US.FL.CU,296,3,
Adams County,US.NE.AD,296,10,
Lamar County,US.TX.LR,296,13,
Natchitoches Parish,US.LA.NA,295,14,
Iron County,US.UT.RN,295,1,
Lapeer County,US.MI.LP,295,31,
Lee County,US.SC.LE,293,22,
Strafford County,US.NH.ST,292,13,
Fayette County,US.TN.FA,292,2,
Greene County,US.MO.GE,292,8,
Saline County,US.AR.SL,292,2,
Oceana County,US.MI.OA,292,3,
Parker County,US.TX.PR,291,1,
Warren County,US.VA.WR,290,5,
Richmond County,US.NC.RI,290,7,
Canadian County,US.OK.CN,289,3,
Worcester County,US.MD.WO,289,17,
Randolph County,US.IL.RA,287,7,
Montgomery County,US.IN.MM,287,20,
Marengo County,US.AL.ME,287,11,
Kootenai County,US.ID.KO,286,1,
Freeborn County,US.MN.FR,286,0,
Grant County,US.IN.GA,285,26,
Saline County,US.MO.SI,283,4,
Macon County,US.NC.MN,282,1,
Wilcox County,US.AL.WC,282,8,
Orleans County,US.NY.OL,281,54,
Butts County,US.GA.BU,280,33,
Carbon County,US.PA.CB,280,26,
Clinton County,US.IN.CI,279,2,
Shelby County,US.TX.SY,278,9,
Calhoun County,US.AL.CN,278,5,
Medina County,US.TX.ME,278,2,
Sumter County,US.AL.SU,277,12,
Bolivar County,US.MS.BO,277,13,
Washington County,US.TX.WH,275,31,
Page County,US.VA.PA,275,24,
Talladega County,US.AL.TD,275,8,
Stephenson County,US.IL.SN,274,5,
Crisp County,US.GA.CP,274,12,
Summit County,US.CO.SU,274,3,
Shiawassee County,US.MI.SH,273,28,
Orange County,US.TX.OR,272,3,
Rhea County,US.TN.RH,272,0,
Mercer County,US.OH.MC,272,8,
Gallatin County,US.MT.GL,271,1,
Oconee County,US.SC.OC,271,1,
Panola County,US.MS.PA,270,6,
Monroe County,US.FL.MO,270,4,
Plaquemines Parish,US.LA.PL,270,17,
Laramie County,US.WY.LA,270,2,
Northampton County,US.VA.NA,269,28,
Wagoner County,US.OK.WG,269,19,
Steuben County,US.NY.ST,268,29,
Adams County,US.MS.AD,267,18,
Burleigh County,US.ND.BL,267,0,
Clarke County,US.AL.CK,267,5,
Ontario County,US.NY.OR,265,26,
Loudon County,US.TN.LO,265,1,
Vermilion Parish,US.LA.VM,265,6,
Appling County,US.GA.AP,265,14,
James City County,US.VA.JA,265,15,
West Baton Rouge Parish,US.LA.WB,264,30,
Newberry County,US.SC.NE,264,4,
Early County,US.GA.EA,264,31,
Henry County,US.VA.HY,264,4,
Hamblen County,US.TN.HB,263,4,
Crawford County,US.KS.CR,263,1,
Escambia County,US.AL.ES,263,6,
Warren County,US.NY.WR,263,30,
Pender County,US.NC.PD,262,1,
Campbell County,US.KY.CM,262,13,
Thurston County,US.WA.TH,261,7,
Gonzales County,US.TX.GA,261,4,
McLean County,US.IL.ML,261,13,
Ogle County,US.IL.OG,261,4,
Dubois County,US.IN.DU,260,6,
Greene County,US.NY.GR,260,13,
Chickasaw County,US.MS.CS,259,18,
White County,US.IN.WH,258,10,
Lincoln County,US.NC.LI,258,1,
Walton County,US.FL.WL,257,9,
Tate County,US.MS.TT,257,7,
Branch County,US.MI.BC,257,2,
Butler County,US.KY.BR,257,14,
Fulton County,US.NY.FU,257,26,
Galax city,US.VA.GA,256,14,
Monroe County,US.IN.MR,256,28,
Pointe Coupee Parish,US.LA.PO,256,27,
Decatur County,US.GA.DC,256,8,
Madison County,US.TN.MD,255,2,
Hopkins County,US.KY.HO,255,32,
Hardin County,US.TX.HN,254,5,
Toombs County,US.GA.TM,254,5,
Bristol County,US.RI.BR,253,7,
Roanoke County,US.VA.RE,253,4,
Garland County,US.AR.GL,253,1,
Huntingdon County,US.PA.HU,252,4,
Jasper County,US.MS.JS,250,6,
Fredericksburg City,US.VA.FB,249,0,
Rusk County,US.TX.RK,249,2,
Union County,US.AR.UN,249,13,
Warren County,US.IA.WR,249,2,
Cassia County,US.ID.CS,248,1,
Marion County,US.MS.MI,248,11,
Bacon County,US.GA.BC,248,4,
Tooele County,US.UT.TE,247,0,
Pontotoc County,US.MS.PO,247,6,
Dale County,US.AL.DE,247,0,
West Feliciana Parish,US.LA.WF,246,14,
Decatur County,US.IN.DC,246,32,
Washington County,US.NY.WS,246,14,
Noxubee County,US.MS.NO,245,8,
Dickinson County,US.IA.DI,245,2,
Winn Parish,US.LA.WI,244,5,
Pearl River County,US.MS.PL,244,32,
Winston County,US.MS.WN,243,5,
Jerome County,US.ID.JR,243,5,
Mecklenburg County,US.VA.ME,242,26,
Douglas County,US.WA.DO,242,3,
Jackson County,US.AL.JA,242,3,
Clay County,US.MS.CY,242,10,
Jefferson County,US.WI.JE,242,4,
Navarro County,US.TX.NV,241,6,
Santa Fe County,US.NM.ST,240,3,
Eau Claire County,US.WI.EA,240,1,
Morehouse Parish,US.LA.MO,239,8,
San Benito County,US.CA.SI,239,2,
Prince George County,US.VA.PG,239,1,
Petersburg city,US.VA.PB,239,4,
Ozaukee County,US.WI.OZ,238,15,
Genesee County,US.NY.GE,238,5,
Stephens County,US.GA.SE,238,6,
Clinton County,US.IL.CN,237,16,
McDowell County,US.NC.MW,237,1,
Darke County,US.OH.DA,236,25,
Claiborne County,US.MS.CB,236,10,
Johnson County,US.AR.JO,236,0,
Winston County,US.AL.WN,235,3,
Henry County,US.IN.HY,235,15,
Rockingham County,US.NC.RC,234,2,
Tuscola County,US.MI.TU,232,26,
Lawrence County,US.IN.LW,231,24,
Jefferson County,US.WV.JE,231,4,
Macon County,US.IL.MC,231,22,
Van Buren County,US.MI.VA,230,8,
Washington County,US.PA.WS,230,6,
Queen Anne's County,US.MD.QU,230,19,
Simpson County,US.MS.SI,230,3,
Erie County,US.OH.ER,229,22,
Washington County,US.IA.WS,228,9,
Terrell County,US.GA.TL,228,27,
Bienville Parish,US.LA.BI,227,27,
Clinton County,US.MI.CN,226,12,
Dyer County,US.TN.DY,225,1,
Kitsap County,US.WA.KS,225,2,
Murray County,US.GA.MA,224,2,
Vigo County,US.IN.VI,224,8,
Liberty County,US.FL.LI,222,1,
Greene County,US.OH.GR,222,9,
Carroll County,US.VA.CL,221,8,
Lenawee County,US.MI.LN,221,6,
Logan County,US.KY.LO,220,11,
Chilton County,US.AL.CI,219,3,
Steele County,US.MN.SE,219,0,
St. Lawrence County,US.NY.SI,219,3,
Riley County,US.KS.RL,219,3,
LaSalle County,US.IL.LA,219,17,
Frio County,US.TX.FO,218,0,
Blount County,US.AL.BU,218,1,
Hancock County,US.GA.HC,217,32,
Scotts Bluff County,US.NE.SC,216,3,
McMinn County,US.TN.MM,216,17,
Charlottesville City,US.VA.CE,216,4,
Saluda County,US.SC.SA,215,1,
Beauregard Parish,US.LA.BE,214,8,
Cheatham County,US.TN.CA,214,1,
Matagorda County,US.TX.MD,213,5,
Jackson Parish,US.LA.JA,213,16,
Cibola County,US.NM.CI,212,14,
Pickens County,US.AL.PC,212,6,
Marion County,US.SC.MI,212,7,
Grady County,US.GA.GD,210,4,
Dooly County,US.GA.DO,210,12,
Pasquotank County,US.NC.PU,210,17,
Panola County,US.TX.PN,209,17,
Harrison County,US.IN.HI,208,22,
Franklin County,US.MO.FR,208,18,
Benton County,US.MN.BN,208,3,
Marion County,US.AL.MI,208,12,
Sheboygan County,US.WI.SE,208,4,
Graves County,US.KY.GV,207,21,
Polk County,US.GA.PO,207,1,
Montrose County,US.CO.MO,207,12,
Smith County,US.MS.SM,206,11,
Watonwan County,US.MN.WT,206,0,
Centre County,US.PA.CT,205,7,
Allegany County,US.MD.AL,205,17,
Holmes County,US.OH.HL,204,3,
Dearborn County,US.IN.DR,204,22,
Davie County,US.NC.DV,203,3,
Wharton County,US.TX.WN,203,1,
Clarke County,US.MS.CE,201,24,
Marshall County,US.MS.MS,201,3,
Oswego County,US.NY.OS,201,3,
Warrick County,US.IN.WI,201,29,
Evangeline Parish,US.LA.EV,201,1,
Sussex County,US.VA.SS,200,3,
Kent County,US.MD.KE,200,23,
Madison County,US.FL.MD,200,3,
Randolph County,US.GA.RN,200,25,
Parmer County,US.TX.PM,199,7,
Monroe County,US.AL.MR,198,2,
El Dorado County,US.CA.EL,198,0,
Sutter County,US.CA.SU,197,3,
Franklin County,US.GA.FR,197,1,
Alamosa County,US.CO.AL,197,4,
Nassau County,US.FL.NA,196,1,
Richland Parish,US.LA.RI,195,4,
Ionia County,US.MI.II,195,4,
Christian County,US.KY.CH,195,4,
Hillsdale County,US.MI.HI,194,25,
Madison County,US.AR.MD,194,0,
Choctaw County,US.AL.CC,193,12,
Island County,US.WA.IS,193,12,
Prince Edward County,US.VA.PD,191,4,
Union County,US.IL.UN,191,19,
Whiteside County,US.IL.WD,191,15,
Gilmer County,US.GA.GI,190,2,
Meriwether County,US.GA.MW,190,3,
Catahoula Parish,US.LA.CT,190,3,
Caddo County,US.OK.CD,189,11,
Butte County,US.CA.BU,189,2,
Yellowstone County,US.MT.YS,189,4,
Buffalo County,US.NE.BF,189,1,
Blount County,US.TN.BO,188,3,
Dorchester County,US.MD.DO,188,5,
Madison County,US.OH.MO,188,8,
Laurens County,US.GA.LR,188,1,
Chester County,US.SC.CR,188,1,
Gunnison County,US.CO.GU,188,6,
Minidoka County,US.ID.MI,188,0,
Douglas County,US.KS.DG,188,0,
Cowlitz County,US.WA.CW,187,0,
Lycoming County,US.PA.LY,187,19,
Ohio County,US.KY.OH,187,0,
Rogers County,US.OK.RS,186,6,
Coahoma County,US.MS.CH,186,6,
Echols County,US.GA.EC,185,0,
Hamilton County,US.IA.HM,185,1,
Greene County,US.IN.GE,184,31,
Augusta County,US.VA.AU,184,2,
Northampton County,US.NC.NO,183,15,
Deschutes County,US.OR.DE,183,0,
Susquehanna County,US.PA.SS,182,24,
Conecuh County,US.AL.CO,182,4,
Isle of Wight County,US.VA.IS,181,8,
Holmes County,US.FL.HO,181,0,
Levy County,US.FL.LV,181,1,
Miami County,US.IN.MI,180,2,
Mississippi County,US.AR.MS,180,3,
Pierce County,US.GA.PR,180,5,
Dickson County,US.TN.DI,180,0,
Uinta County,US.WY.UI,177,0,
Tompkins County,US.NY.TO,177,0,
Huron County,US.OH.HU,177,2,
Turner County,US.GA.TR,177,16,
Hopewell city,US.VA.HW,176,2,
Kemper County,US.MS.KE,176,14,
Greene County,US.NC.GE,175,3,
Monongalia County,US.WV.MG,175,5,
Union County,US.MS.UN,175,9,
Wayne County,US.NY.WN,174,2,
Marathon County,US.WI.MH,174,1,
Bibb County,US.AL.BI,174,1,
Cumberland County,US.TN.CU,173,3,
Walthall County,US.MS.WT,172,4,
Macon County,US.AL.MC,172,8,
Randolph County,US.AL.RA,172,9,
St. Croix County,US.WI.SI,171,1,
Cape Girardeau County,US.MO.CG,171,3,
Walla Walla County,US.WA.WL,170,2,
Coles County,US.IL.CE,170,17,
Midland County,US.MI.MD,169,9,
Newaygo County,US.MI.NE,169,0,
Jennings County,US.IN.JN,169,11,
Scott County,US.MO.ST,169,11,
St. Louis County,US.MN.ST,169,15,
Carroll County,US.AR.CL,168,5,
Allen County,US.KY.AL,168,5,
McCracken County,US.KY.MK,168,3,
Ben Hill County,US.GA.BL,168,1,
Osage County,US.OK.OS,168,8,
Monroe County,US.GA.MN,167,17,
McClain County,US.OK.ML,167,4,
Grundy County,US.IL.GU,167,4,
Greene County,US.AL.GR,166,7,
Crawford County,US.AR.CW,166,1,
Curry County,US.NM.CU,165,0,
Putnam County,US.IN.PT,165,8,
Lane County,US.OR.LE,165,3,
Hardin County,US.KY.HN,164,6,
Glades County,US.FL.GL,164,1,
Hertford County,US.NC.HD,164,10,
Calhoun County,US.GA.CU,163,5,
Herkimer County,US.NY.HE,162,3,
Houston County,US.TX.HS,162,0,
Yalobusha County,US.MS.YL,161,7,
Grant County,US.WI.GA,161,13,
Webster County,US.IA.WE,161,2,
Martin County,US.MN.MT,161,5,
Oconee County,US.GA.OC,161,10,
San Patricio County,US.TX.SP,161,0,
Carroll County,US.MS.CL,160,11,
Warren County,US.NC.WR,160,5,
Henderson County,US.KY.HE,160,3,
DeKalb County,US.IN.DE,159,4,
Lawrence County,US.MS.LW,159,1,
Randolph County,US.WV.RN,158,0,
Brooks County,US.GA.BO,158,11,
Putnam County,US.GA.PT,157,12,
Iroquois County,US.IL.IR,157,5,
Southampton County,US.VA.SA,157,5,
Cherokee County,US.SC.CK,157,7,
Willacy County,US.TX.WY,156,3,
Effingham County,US.GA.EF,156,1,
Waller County,US.TX.WR,156,0,
Carson City,US.NV.CA,155,5,
Scott County,US.IN.SC,154,7,
Delaware County,US.OK.DL,153,16,
Vernon Parish,US.LA.VN,153,8,
Atkinson County,US.GA.AT,152,2,
Linn County,US.OR.LN,151,9,
Bullitt County,US.KY.BI,151,4,
Kenai Peninsula Borough,US.AK.KN,151,2,
Orange County,US.VA.OR,150,3,
Box Elder County,US.UT.BE,150,1,
Polk County,US.OR.PO,149,12,
Nicollet County,US.MN.NI,149,12,
Cass County,US.MI.CS,149,5,
St. Francois County,US.MO.SF,147,2,
Portage County,US.WI.PT,147,0,
Cook County,US.GA.CO,147,1,
Creek County,US.OK.CE,147,7,
Cherokee County,US.TX.CK,147,2,
Jim Wells County,US.TX.JW,147,0,
Montgomery County,US.VA.MO,147,2,
Fairbanks North Star Borough,US.AK.FA,147,2,
Chenango County,US.NY.CH,146,6,
Perry County,US.MO.PR,146,0,
Bertie County,US.NC.BT,146,4,
Dawson County,US.GA.DW,146,3,
Burke County,US.GA.BE,146,7,
Kennebec County,US.ME.KE,145,10,
Perry County,US.AL.PE,145,1,
Lynchburg city,US.VA.LY,145,1,
Colonial Heights city,US.VA.CH,144,17,
White County,US.GA.WH,144,4,
Chemung County,US.NY.CM,144,3,
Lonoke County,US.AR.LO,144,1,
Phillips County,US.AR.PH,143,3,
Jackson County,US.WV.JA,143,18,
Tioga County,US.NY.TI,143,19,
Dinwiddie County,US.VA.DN,142,0,
Adams County,US.WA.AD,142,0,
Lumpkin County,US.GA.LP,141,3,
Tattnall County,US.GA.TT,141,0,
Cass County,US.MO.CS,140,8,
Mercer County,US.PA.ME,140,6,
Wayne County,US.PA.WN,140,8,
Grady County,US.OK.GD,139,5,
Banks County,US.GA.BS,139,0,
Daviess County,US.IN.DI,139,16,
Chicot County,US.AR.CT,139,3,
Franklin County,US.KY.FR,138,4,
Scotland County,US.NC.SC,138,0,
Warren County,US.IL.WR,138,0,
Lanier County,US.GA.LI,138,3,
Jasper County,US.SC.JA,138,3,
Grayson County,US.KY.GY,138,10,
Camden County,US.GA.CD,138,2,
Audrain County,US.MO.AU,138,1,
Emporia city,US.VA.EM,137,14,
Bryan County,US.GA.BY,137,5,
Talbot County,US.MD.TA,137,4,
Henderson County,US.TX.HD,137,4,
Stoddard County,US.MO.SD,137,8,
Tazewell County,US.IL.TA,137,8,
Brewster County,US.TX.BS,136,1,
Boone County,US.IA.BO,136,1,
Humboldt County,US.CA.HU,136,4,
Crawford County,US.OH.CF,135,7,
Martin County,US.NC.MR,135,4,
Burnet County,US.TX.BT,135,3,
Caswell County,US.NC.CS,135,1,
Monroe County,US.TN.MR,135,4,
West Carroll Parish,US.LA.WC,134,5,
Washington County,US.TN.WI,134,0,
Lea County,US.NM.LE,134,0,
Lavaca County,US.TX.LA,134,1,
Teton County,US.WY.TE,134,1,
Cottonwood County,US.MN.CT,134,0,
Orange County,US.IN.OR,133,23,
Lawrence County,US.TN.LW,133,5,
Knox County,US.IL.KX,132,0,
Anson County,US.NC.AN,132,1,
Kittitas County,US.WA.KT,131,0,
Henry County,US.AL.HE,131,4,
Cass County,US.IL.CS,130,2,
Stewart County,US.GA.SW,130,3,
Livingston County,US.NY.LI,130,4,
Oldham County,US.KY.OL,130,7,
Ottawa County,US.OH.OT,130,23,
Stokes County,US.NC.SO,129,1,
Wayne County,US.IN.WY,128,6,
Morgan County,US.IL.MG,128,3,
Liberty County,US.GA.LB,128,1,
Monroe County,US.IL.MR,127,13,
Chautauqua County,US.NY.CQ,127,3,
Washington County,US.OH.WS,127,20,
Isabella County,US.MI.IB,127,8,
Pecos County,US.TX.PE,127,0,
Crenshaw County,US.AL.CA,127,3,
Itawamba County,US.MS.IT,127,8,
Wilcox County,US.GA.WC,127,15,
Allamakee County,US.IA.AL,126,4,
Yamhill County,US.OR.YA,126,8,
Natrona County,US.WY.NA,126,1,
Caroline County,US.VA.CI,125,4,
Elko County,US.NV.EL,125,1,
Clarke County,US.IA.CK,125,2,
Maui County,US.HI.MA,125,6,
Clay County,US.IA.CY,125,0,
Pulaski County,US.MO.PA,125,1,
Washington County,US.GA.WG,125,1,
Goodhue County,US.MN.GO,124,8,
Malheur County,US.OR.ML,124,1,
Franklin County,US.IN.FR,124,8,
Johnson County,US.MO.JO,124,0,
Valencia County,US.NM.VA,124,2,
Union County,US.SD.UN,124,1,
Calhoun County,US.MS.CN,124,4,
Cabell County,US.WV.CB,124,0,
Cattaraugus County,US.NY.CG,123,6,
Webster County,US.MS.WE,123,10,
Steuben County,US.IN.SE,123,2,
Humphreys County,US.MS.HU,123,9,
Klamath County,US.OR.KL,123,0,
Tippah County,US.MS.TP,123,11,
Muskogee County,US.OK.MO,123,11,
Botetourt County,US.VA.BO,123,4,
Alpena County,US.MI.AP,122,11,
Otsego County,US.MI.OS,122,10,
Lamar County,US.GA.LM,122,6,
Madison County,US.KY.MD,122,1,
Sandusky County,US.OH.SA,122,13,
Montgomery County,US.MS.MT,122,2,
Pittsylvania County,US.VA.PS,122,1,
Adair County,US.KY.AD,121,19,
Polk County,US.TX.PK,121,0,
Williamson County,US.IL.WS,120,4,
Lyon County,US.NV.LY,120,2,
Hancock County,US.MS.HN,120,13,
Lauderdale County,US.TN.LU,120,2,
Perry County,US.IN.PE,120,9,
Berrien County,US.GA.BN,120,0,
Pettis County,US.MO.PS,120,1,
Claiborne Parish,US.LA.CI,120,10,
Goochland County,US.VA.GO,120,6,
Louisa County,US.VA.LI,119,1,
Telfair County,US.GA.TF,119,3,
Emanuel County,US.GA.EM,119,3,
Greene County,US.AR.GE,119,0,
Cayuga County,US.NY.CY,119,2,
Bedford County,US.VA.BF,119,3,
Winona County,US.MN.WN,119,15,
Miller County,US.AR.ML,118,2,
Trempealeau County,US.WI.TR,118,0,
Montgomery County,US.NY.MT,118,4,
Macon County,US.GA.MC,118,9,
Jefferson County,US.OR.JE,118,0,
Camp County,US.TX.CP,118,1,
Shasta County,US.CA.SH,118,4,
Jenkins County,US.GA.JK,117,12,
Platte County,US.MO.PT,117,6,
Fayette County,US.PA.FA,117,4,
Bamberg County,US.SC.BM,117,1,
Nevada County,US.CA.NE,117,1,
Gray County,US.TX.GY,117,2,
Bonneville County,US.ID.BV,117,1,
Jackson County,US.OR.JA,117,0,
Jackson County,US.NC.JA,117,1,
La Plata County,US.CO.LA,116,1,
Waupaca County,US.WI.WP,116,7,
Putnam County,US.OH.PU,115,16,
York County,US.VA.YO,115,3,
Mahaska County,US.IA.MK,115,17,
Adair County,US.OK.AD,115,4,
Morrow County,US.OH.MW,115,1,
Iosco County,US.MI.IC,114,11,
Jefferson County,US.GA.JR,114,1,
Jeff Davis County,US.GA.JF,114,2,
Abbeville County,US.SC.AB,113,0,
Hardin County,US.OH.HD,113,12,
Glenn County,US.CA.GL,112,0,
Nye County,US.NV.NY,112,3,
Red River County,US.TX.RV,112,10,
Choctaw County,US.OK.CA,112,1,
Jackson County,US.KS.JA,112,1,
Fluvanna County,US.VA.FV,112,7,
Peach County,US.GA.PH,112,9,
Ripley County,US.IN.RI,112,7,
Washington County,US.FL.WS,112,13,
Nottoway County,US.VA.NY,111,2,
Juniata County,US.PA.JU,111,6,
Concordia Parish,US.LA.CR,111,6,
Sullivan County,US.MO.SV,111,0,
Calumet County,US.WI.CA,111,2,
Wayne County,US.WV.WA,111,9,
Payette County,US.ID.PA,111,2,
Indiana County,US.PA.IN,111,6,
Laurel County,US.KY.LU,111,3,
Pemiscot County,US.MO.PM,110,6,
Carroll County,US.IN.CO,109,2,
Jasper County,US.IN.JS,109,2,
Jackson County,US.KY.JA,109,14,
Ross County,US.OH.RO,109,2,
Coffee County,US.TN.CF,109,0,
Atascosa County,US.TX.AT,108,2,
Sauk County,US.WI.SU,108,3,
Clinch County,US.GA.CC,108,3,
Penobscot County,US.ME.PE,108,2,
Val Verde County,US.TX.VL,108,0,
Westmoreland County,US.VA.WM,108,2,
Graham County,US.AZ.GA,108,2,
Wise County,US.TX.WE,107,4,
Jefferson County,US.TN.JE,107,0,
Wabash County,US.IN.WB,107,2,
Person County,US.NC.PN,107,1,
Jefferson County,US.IL.JF,107,17,
Elbert County,US.GA.EL,107,0,
Washington County,US.ID.WA,107,0,
Dodge County,US.GA.DG,107,2,
Shelby County,US.IA.SH,106,0,
Brunswick County,US.VA.BU,106,1,
Butler County,US.MO.BE,106,0,
Gibson County,US.TN.GB,106,1,
Jefferson Davis County,US.MS.JD,106,4,
Jessamine County,US.KY.JS,106,0,
Saline County,US.KS.SA,106,2,
Pottawatomie County,US.OK.PT,105,4,
Franklin County,US.VT.FR,105,6,
Caldwell Parish,US.LA.CW,105,1,
San Augustine County,US.TX.SG,105,7,
Poweshiek County,US.IA.PW,104,8,
Tallahatchie County,US.MS.TL,104,3,
Anderson County,US.TN.AN,104,2,
Bannock County,US.ID.BO,104,1,
Lawrence County,US.AL.LW,104,0,
Dunklin County,US.MO.DU,104,3,
Lawrence County,US.PA.LW,103,9,
Washington County,US.AL.WS,103,7,
Barry County,US.MI.BR,103,2,
Pine County,US.MN.PN,103,0,
Madison County,US.GA.MD,103,4,
Saguache County,US.CO.SG,102,2,
Crow Wing County,US.MN.CW,102,12,
Nevada County,US.AR.NV,102,3,
Gilchrist County,US.FL.GI,102,0,
Cerro Gordo County,US.IA.CG,102,1,
Wilson County,US.TX.WS,101,5,
Rio Arriba County,US.NM.RI,101,1,
Clinton County,US.NY.CL,101,4,
McDuffie County,US.GA.MU,101,6,
McDonough County,US.IL.MU,101,15,
Fannin County,US.GA.FN,101,1,
Hardin County,US.TN.HI,100,5,
Lawrence County,US.AR.LW,100,9,
Bailey County,US.TX.BY,100,1,
Bryan County,US.OK.BR,100,1,
St. Helena Parish,US.LA.SH,99,1,
Pitkin County,US.CO.PI,99,2,
Auglaize County,US.OH.AU,99,3,
Manitowoc County,US.WI.MW,99,1,
Brantley County,US.GA.BA,98,2,
Obion County,US.TN.OB,98,2,
Prentiss County,US.MS.PN,98,3,
Calhoun County,US.SC.CH,98,1,
Kay County,US.OK.KA,98,7,
Clark County,US.KY.CK,98,5,
Clinton County,US.IA.CN,98,1,
La Salle Parish,US.LA.LA,97,0,
King George County,US.VA.KG,97,4,
Greene County,US.GA.GE,97,9,
Nez Perce County,US.ID.NE,97,19,
Lee County,US.IL.LE,97,1,
Mesa County,US.CO.ME,96,0,
Lincoln County,US.MO.LO,96,1,
Fayette County,US.IN.FA,96,7,
Smith County,US.TN.SH,96,1,
Yuba County,US.CA.YU,95,1,
Chaves County,US.NM.CH,95,2,
Carter County,US.OK.CR,95,1,
Ohio County,US.WV.OH,95,1,
Newton County,US.IN.NE,95,10,
Chisago County,US.MN.CG,95,1,
Wyoming County,US.NY.WM,95,5,
Pickens County,US.GA.PE,95,5,
Howard County,US.AR.HW,94,1,
Pulaski County,US.KY.PU,94,2,
Screven County,US.GA.SR,94,6,
Windham County,US.VT.WH,94,3,
Adams County,US.IL.AD,93,1,
Colorado County,US.TX.CO,93,0,
Alexander County,US.NC.AE,93,1,
Gratiot County,US.MI.GT,92,13,
Wood County,US.TX.WO,92,5,
Jefferson County,US.MS.JF,92,3,
Greene County,US.MS.GE,92,7,
Johnson County,US.GA.JH,92,2,
Erath County,US.TX.ER,92,1,
Otter Tail County,US.MN.OT,92,1,
Cleburne County,US.AR.CB,92,4,
Union County,US.PA.UN,91,2,
Sullivan County,US.TN.SL,91,2,
Union County,US.SC.UN,91,0,
Franklin County,US.VA.FN,91,1,
Fannin County,US.TX.FI,91,7,
Pike County,US.GA.PK,91,3,
Delaware County,US.NY.DE,91,4,
Mississippi County,US.MO.MI,91,0,
Lafayette County,US.MO.LF,91,2,
Van Zandt County,US.TX.VN,91,1,
Oglethorpe County,US.GA.OG,91,7,
Scott County,US.KY.SC,91,0,
Adair County,US.MO.AD,91,0,
Montcalm County,US.MI.MC,91,1,
Jones County,US.GA.JE,91,0,
Wilkinson County,US.MS.WK,91,9,
Morton County,US.ND.MR,91,2,
Kerr County,US.TX.KR,90,1,
Fayette County,US.TX.FT,90,2,
Calhoun County,US.TX.CU,90,2,
Haywood County,US.NC.HW,90,0,
Missoula County,US.MT.MS,89,0,
Green County,US.WI.GN,89,1,
Sabine Parish,US.LA.SB,89,1,
Sweetwater County,US.WY.SW,89,0,
Tunica County,US.MS.TU,89,3,
Jefferson County,US.NY.JE,88,0,
Chippewa County,US.WI.CH,88,0,
Matanuska-Susitna Borough,US.AK.MA,88,1,
Milam County,US.TX.MI,88,1,
Columbia County,US.WI.CO,88,1,
Hood River County,US.OR.HO,88,0,
Bremer County,US.IA.BR,88,6,
Henry County,US.IL.HY,88,1,
Oglala Lakota County,US.SD.SH,87,0,
Hawaii County,US.HI.HA,87,0,
White County,US.AR.WH,87,1,
Castro County,US.TX.AS,87,1,
Danville City,US.VA.DA,87,2,
Somerset County,US.MD.SO,87,3,
Bedford County,US.PA.BO,87,4,
Carteret County,US.NC.CE,87,3,
Pike County,US.KY.PI,86,2,
Monroe County,US.OH.ME,86,17,
Perry County,US.PA.PE,86,5,
Grafton County,US.NH.GR,86,1,
Grayson County,US.VA.GY,86,2,
Grant Parish,US.LA.GR,86,1,
Wood County,US.WV.WO,86,2,
Cross County,US.AR.CO,86,1,
Barren County,US.KY.BN,86,2,
Le Sueur County,US.MN.LU,86,1,
Greene County,US.TN.GE,85,2,
Charles Mix County,US.SD.CH,85,0,
McLeod County,US.MN.MC,85,0,
Mendocino County,US.CA.MI,85,0,
Okanogan County,US.WA.OK,85,2,
O'Brien County,US.IA.OB,85,1,
Uvalde County,US.TX.UV,85,1,
Dallam County,US.TX.DL,85,1,
Columbia County,US.AR.CI,84,4,
Thurston County,US.NE.TU,84,1,
Bradford County,US.FL.BA,84,2,
Des Moines County,US.IA.DS,84,3,
Waynesboro city,US.VA.WS,84,0,
Benton County,US.OR.BE,84,5,
Otsego County,US.NY.OO,84,4,
Edgefield County,US.SC.ED,83,3,
Burleson County,US.TX.BU,83,0,
Cambria County,US.PA.CI,83,3,
Beaufort County,US.NC.BA,83,0,
Clay County,US.SD.CY,83,0,
Carlton County,US.MN.CL,83,0,
Carroll County,US.IA.CL,83,1,
Delta County,US.CO.DT,83,1,
Humboldt County,US.NV.HU,83,4,
Marion County,US.GA.MR,82,2,
Eddy County,US.NM.ED,82,1,
Barnwell County,US.SC.BN,82,1,
Mayes County,US.OK.MY,82,5,
Calloway County,US.KY.CW,82,1,
Powhatan County,US.VA.PH,82,2,
Tehama County,US.CA.TE,82,1,
Henry County,US.IA.HE,82,3,
Andrews County,US.TX.AR,82,0,
Amite County,US.MS.AM,82,2,
Dodge County,US.MN.DD,81,0,
Coshocton County,US.OH.CS,81,1,
Belknap County,US.NH.BE,81,1,
Polk County,US.MN.PL,81,2,
Whitley County,US.IN.WL,81,4,
Taylor County,US.FL.TA,80,1,
Franklin County,US.TN.FR,80,3,
Clinton County,US.PA.CN,80,4,
Wayne County,US.GA.WY,80,0,
Union County,US.OH.UN,80,1,
Jefferson County,US.OH.JE,80,2,
Luna County,US.NM.LU,80,3,
Taylor County,US.IA.TY,79,0,
Haralson County,US.GA.HS,79,5,
Cherokee County,US.OK.CK,79,1,
Lake County,US.CA.LK,79,0,
Preston County,US.WV.PR,79,2,
Saunders County,US.NE.SU,78,2,
Shawano County,US.WI.SA,78,0,
Simpson County,US.KY.SI,78,3,
Martinsville city,US.VA.MR,78,1,
Franklin County,US.IA.FN,77,0,
Clark County,US.WI.CL,77,6,
Wilkinson County,US.GA.WI,77,8,
Talbot County,US.GA.TB,77,3,
Brown County,US.TX.BN,77,10,
Calhoun County,US.FL.CA,77,6,
Cherokee County,US.AL.CH,77,7,
Pocahontas County,US.IA.PC,77,1,
Yankton County,US.SD.YA,77,0,
Wayne County,US.TN.WY,77,0,
Big Horn County,US.MT.BI,77,3,
Chaffee County,US.CO.CA,77,19,
Cole County,US.MO.CE,76,2,
Armstrong County,US.PA.AR,76,6,
Rio Grande County,US.CO.RG,76,2,
Chippewa County,US.MN.CP,76,1,
Pulaski County,US.IL.PL,76,0,
Hancock County,US.OH.HN,76,1,
Hocking County,US.OH.HC,76,7,
Nelson County,US.KY.NE,76,1,
Randolph County,US.IN.RA,76,4,
Emmet County,US.IA.EM,75,0,
Routt County,US.CO.RT,75,6,
Edmonson County,US.KY.ED,75,11,
Polk County,US.AR.PL,75,0,
Stark County,US.ND.SR,75,3,
Cedar County,US.IA.CD,75,1,
Union County,US.GA.UN,75,3,
Reno County,US.KS.RN,74,0,
Staunton city,US.VA.SU,74,0,
Lafayette County,US.WI.LF,74,0,
George County,US.MS.GR,74,3,
Ashley County,US.AR.AS,74,1,
McPherson County,US.KS.MP,74,0,
Haywood County,US.TN.HY,74,2,
Montour County,US.PA.MO,74,1,
Pottawatomie County,US.KS.PT,74,0,
Polk County,US.NC.PO,73,4,
Marshall County,US.TN.MS,73,1,
Harrison County,US.KY.HS,73,0,
Muskingum County,US.OH.MU,73,1,
Garvin County,US.OK.GV,73,1,
Starke County,US.IN.SR,73,3,
Wasco County,US.OR.WC,73,1,
Hampton County,US.SC.HA,73,2,
Ottawa County,US.OK.OT,73,2,
Rutland County,US.VT.RU,73,1,
Hickman County,US.TN.HN,72,0,
Franklin County,US.KS.FR,72,0,
Austin County,US.TX.AU,72,0,
Baker County,US.FL.BK,72,4,
Cherokee County,US.IA.CE,72,0,
Clearfield County,US.PA.CF,72,0,
Lamar County,US.AL.LM,72,1,
Blair County,US.PA.BL,72,1,
Cheshire County,US.NH.CH,72,2,
Bennington County,US.VT.BE,72,1,
Cowley County,US.KS.CL,71,1,
Choctaw County,US.MS.CW,71,4,
Montezuma County,US.CO.MZ,71,3,
Kleberg County,US.TX.KL,71,1,
Monona County,US.IA.MO,71,0,
Buffalo County,US.SD.BF,71,2,
Crowley County,US.CO.CR,70,1,
Crawford County,US.MI.CF,70,5,
Geary County,US.KS.GE,70,1,
Watauga County,US.NC.WT,70,0,
Cocke County,US.TN.CE,70,0,
Codington County,US.SD.CD,70,0,
Fairfax city,US.VA.FC,70,7,
Huntington County,US.IN.HU,70,2,
DeWitt County,US.TX.DE,70,1,
Fayette County,US.AL.FA,70,1,
Seneca County,US.NY.SC,70,1,
Hill County,US.TX.HI,70,1,
Jasper County,US.GA.JS,69,1,
Knox County,US.KY.KX,69,0,
Salem city,US.VA.SE,69,3,
Douglas County,US.NV.DO,69,0,
Dixie County,US.FL.DI,69,4,
Tishomingo County,US.MS.TS,68,1,
Wells County,US.IN.WE,68,1,
Garfield County,US.OK.GF,68,2,
Lewis County,US.WA.LE,68,3,
Pierce County,US.WI.PI,68,0,
Addison County,US.VT.AD,68,2,
Quitman County,US.MS.QU,68,0,
Geneva County,US.AL.GE,67,0,
Marion County,US.TN.MI,67,4,
Jay County,US.IN.JY,67,0,
Woodford County,US.KY.WO,67,0,
Marion County,US.IA.MI,67,0,
Dade County,US.GA.DD,67,1,
Kendall County,US.TX.KD,67,0,
Hood County,US.TX.HO,67,4,
Cass County,US.NE.CS,67,1,
Camden County,US.MO.CM,66,1,
Floyd County,US.IA.FL,66,2,
Greene County,US.VA.GE,66,1,
Greer County,US.OK.GE,66,7,
Fulton County,US.IN.FU,66,1,
Preble County,US.OH.PR,66,1,
Huron County,US.MI.HU,66,3,
Snyder County,US.PA.SN,66,2,
Marion County,US.IL.MO,66,0,
Fayette County,US.WV.FA,66,4,
Vermilion County,US.IL.VE,66,2,
Brookings County,US.SD.BK,65,0,
Monroe County,US.WI.MO,65,1,
Wakulla County,US.FL.WK,65,1,
Warren County,US.TN.WR,65,0,
Williams County,US.OH.WI,65,2,
Marquette County,US.MI.MQ,65,11,
Lyman County,US.SD.LY,65,0,
Drew County,US.AR.DR,65,2,
Gooding County,US.ID.GO,65,1,
Itasca County,US.MN.IT,65,12,
Hutchinson County,US.TX.UT,65,0,
Lawrence County,US.OH.LW,65,0,
Gallatin County,US.KY.GL,65,7,
Jefferson County,US.IN.JF,65,1,
Guthrie County,US.IA.GH,64,4,
Washington County,US.VA.WG,64,4,
Hart County,US.GA.HT,64,0,
Washington County,US.IN.WS,64,1,
Morrow County,US.OR.MO,64,1,
Isanti County,US.MN.IS,64,0,
Hamilton County,US.NE.HM,64,12,
Irwin County,US.GA.IR,64,1,
White County,US.TN.WH,64,3,
Sac County,US.IA.SA,63,0,
Mifflin County,US.PA.MI,63,1,
Stutsman County,US.ND.SU,63,1,
Pulaski County,US.IN.PL,63,1,
Hopkins County,US.TX.HP,63,0,
Chattooga County,US.GA.CG,63,2,
Taney County,US.MO.TA,63,2,
Stephens County,US.OK.ST,63,1,
Hardin County,US.IA.HD,63,0,
Union County,US.FL.UN,62,2,
Boyd County,US.KY.BD,62,3,
Clinton County,US.OH.CI,62,0,
Knox County,US.IN.KN,62,0,
Okmulgee County,US.OK.OM,62,0,
Clay County,US.KY.CY,62,3,
McNairy County,US.TN.MA,62,0,
Red River Parish,US.LA.RE,62,8,
Bleckley County,US.GA.BK,62,1,
Elmore County,US.ID.EL,61,2,
Allegany County,US.NY.AL,61,2,
Harrison County,US.WV.HR,61,1,
Douglas County,US.MN.DU,61,0,
Perry County,US.MS.PY,61,4,
Somerset County,US.PA.SO,61,1,
Wood County,US.WI.WO,61,1,
Williamsburg City,US.VA.WL,61,6,
Oconto County,US.WI.OC,61,0,
Labette County,US.KS.LB,61,0,
Weakley County,US.TN.WE,61,1,
Marinette County,US.WI.MT,60,3,
Socorro County,US.NM.SO,60,5,
Ward County,US.ND.WR,60,1,
Conway County,US.AR.CN,60,3,
Lee County,US.TX.LE,60,3,
Guernsey County,US.OH.GU,60,3,
Clay County,US.AR.CY,59,3,
Marion County,US.WV.MI,59,2,
Klickitat County,US.WA.KL,59,3,
Clay County,US.IN.CY,59,4,
Marshall County,US.KY.MH,59,2,
Essex County,US.VA.ES,59,0,
Poinsett County,US.AR.PN,59,3,
McIntosh County,US.OK.MI,59,1,
Colusa County,US.CA.CL,59,0,
Kewaunee County,US.WI.KW,59,1,
Dare County,US.NC.DE,59,1,
Roosevelt County,US.NM.RO,59,1,
Lincoln County,US.NE.LI,59,2,
Lincoln County,US.TN.LI,59,0,
Wilkes County,US.GA.WS,59,1,
Shelby County,US.OH.SH,59,4,
Butler County,US.KS.BU,59,0,
Clay County,US.AL.CY,58,2,
Flathead County,US.MT.FL,58,2,
Wyandot County,US.OH.WD,58,4,
Upshur County,US.TX.US,58,0,
Schoharie County,US.NY.SO,58,2,
Hughes County,US.SD.HG,58,0,
Grundy County,US.TN.GU,58,1,
Benton County,US.IA.BN,58,1,
Greenbrier County,US.WV.GE,58,1,
Grant County,US.KY.GT,58,4,
Meeker County,US.MN.ME,58,1,
Logan County,US.OH.LG,58,1,
Waseca County,US.MN.WE,58,0,
Windsor County,US.VT.WS,58,2,
Pittsburg County,US.OK.PI,58,3,
Rush County,US.IN.RU,57,3,
New Kent County,US.VA.NK,57,1,
Clark County,US.AR.CK,57,0,
Overton County,US.TN.OV,57,1,
Todd County,US.SD.TO,57,1,
Fulton County,US.OH.FU,57,0,
Morrison County,US.MN.MR,57,1,
Gentry County,US.MO.GT,57,9,
Charlton County,US.GA.CT,57,2,
Perry County,US.KY.PR,57,1,
Elbert County,US.CO.EB,57,2,
Crane County,US.TX.CR,57,2,
Crawford County,US.PA.CW,57,0,
Pawnee County,US.OK.PW,57,2,
Osceola County,US.IA.OS,56,0,
Bradford County,US.PA.BF,56,3,
Mineral County,US.WV.ML,56,3,
Park County,US.WY.PA,56,0,
Carter County,US.TN.CT,56,1,
Waldo County,US.ME.WL,56,14,
Alcorn County,US.MS.AL,56,1,
Campbell County,US.WY.CM,56,0,
Clay County,US.GA.CY,56,2,
Barton County,US.KS.BT,55,2,
Becker County,US.MN.BC,55,0,
Putnam County,US.WV.PU,55,0,
Jones County,US.IA.JN,55,0,
Independence County,US.AR.IN,55,0,
Ashland County,US.OH.AL,55,1,
Swain County,US.NC.SW,55,1,
Coosa County,US.AL.CS,55,1,
Halifax County,US.VA.HL,54,1,
DeKalb County,US.TN.DE,54,0,
Morgan County,US.GA.MO,54,0,
Ashe County,US.NC.AS,54,1,
Jackson County,US.MN.JA,54,0,
Perry County,US.IL.PY,54,1,
Unicoi County,US.TN.UC,54,0,
Carroll County,US.NH.CA,54,0,
Custer County,US.OK.CU,54,0,
Ochiltree County,US.TX.OC,53,2,
Faribault County,US.MN.FA,53,0,
Brown County,US.OH.BR,53,1,
Wheeler County,US.GA.WL,53,0,
Cameron Parish,US.LA.CM,53,0,
Jefferson County,US.IA.JE,53,0,
Mason County,US.MI.MN,53,0,
Sharp County,US.AR.SH,53,5,
Wythe County,US.VA.WY,53,1,
Coffey County,US.KS.CF,53,8,
Barry County,US.MO.BR,52,0,
Bradley County,US.AR.BR,52,2,
Montgomery County,US.KY.MM,52,0,
Heard County,US.GA.HD,52,3,
Robertson County,US.TX.RO,52,0,
Franklin city,US.VA.FR,52,2,
Moniteau County,US.MO.ME,52,1,
Gage County,US.NE.GG,52,3,
Jasper County,US.TX.JR,52,1,
Douglas County,US.IL.DO,52,0,
Limestone County,US.TX.LO,52,1,
Marion County,US.KY.MN,52,0,
Raleigh County,US.WV.RL,52,0,
Falls Church city,US.VA.FU,52,5,
Macoupin County,US.IL.MP,52,3,
Stone County,US.MS.ST,52,1,
Andrew County,US.MO.AN,52,0,
Polk County,US.WI.PL,52,1,
Cumberland County,US.VA.CU,52,0,
Yuma County,US.CO.YU,52,0,
Dawson County,US.TX.DW,52,1,
Zapata County,US.TX.ZP,52,0,
Pulaski County,US.GA.PL,51,2,
Butler County,US.NE.BE,51,0,
Jefferson County,US.FL.JE,51,4,
Del Norte County,US.CA.DE,51,0,
Murray County,US.MN.MU,51,0,
Harrison County,US.IA.HR,51,0,
Carroll County,US.OH.CO,51,3,
Pennington County,US.MN.PI,51,0,
Hawkins County,US.TN.HW,51,2,
Clarke County,US.VA.CK,51,0,
Mason County,US.WA.MA,51,1,
Washington County,US.NE.WS,51,1,
Lake County,US.CO.LK,51,0,
Hempstead County,US.AR.HE,50,1,
Randolph County,US.AR.RA,50,1,
Hockley County,US.TX.HC,50,1,
Monroe County,US.IA.MR,50,6,
Allendale County,US.SC.AL,50,3,
Giles County,US.TN.GL,50,1,
Seminole County,US.GA.SI,50,2,
Mountrail County,US.ND.MU,50,0,
Sanpete County,US.UT.SP,50,0,
Duval County,US.TX.DU,50,0,
Grand Traverse County,US.MI.GN,49,5,
Sanilac County,US.MI.SL,49,6,
Hidalgo County,US.NM.HI,49,0,
Gloucester County,US.VA.GL,49,1,
Lee County,US.IA.LE,49,2,
Meade County,US.SD.MD,49,1,
Dukes County,US.MA.DU,49,0,
Iowa County,US.IA.IO,49,0,
Clatsop County,US.OR.CT,49,0,
Logan County,US.OK.LG,49,1,
Miller County,US.GA.ML,48,0,
Humboldt County,US.IA.HU,48,1,
Sevier County,US.UT.SE,48,0,
Dixon County,US.NE.DI,48,1,
Benton County,US.IN.BE,48,0,
Sibley County,US.MN.SI,48,2,
Crawford County,US.GA.CW,48,0,
Kearny County,US.KS.KE,48,1,
Karnes County,US.TX.KS,48,0,
Defiance County,US.OH.DF,48,3,
Roberts County,US.SD.RO,47,0,
Butler County,US.IA.BE,47,2,
Desha County,US.AR.DE,47,1,
Millard County,US.UT.MD,47,0,
Hancock County,US.IA.HN,47,0,
Jackson County,US.TX.JA,47,1,
Bee County,US.TX.BE,47,0,
Cortland County,US.NY.CD,47,1,
Patrick County,US.VA.PK,47,1,
Howard County,US.NE.HW,46,4,
Pulaski County,US.VA.PU,46,2,
Grant County,US.KS.GT,46,1,
Russell County,US.KY.RU,46,4,
Callaway County,US.MO.CA,46,1,
Buchanan County,US.IA.BC,46,1,
Logan County,US.AR.LG,46,0,
Jasper County,US.IL.JS,46,7,
Roane County,US.TN.RA,46,0,
Fayette County,US.OH.FY,46,0,
Long County,US.GA.LG,46,1,
Yates County,US.NY.YA,46,6,
Rabun County,US.GA.RB,46,3,
Adams County,US.IN.AD,45,1,
Towns County,US.GA.TW,45,1,
Christian County,US.MO.CT,45,0,
Owen County,US.IN.OW,45,1,
Livingston County,US.IL.LI,45,2,
Calhoun County,US.IA.CO,45,2,
McIntosh County,US.GA.MH,45,1,
Campbell County,US.VA.CM,45,1,
Washington County,US.CO.WA,45,0,
Amelia County,US.VA.AI,44,1,
Sullivan County,US.IN.SU,44,1,
Hardy County,US.WV.HD,44,0,
Jo Daviess County,US.IL.JO,44,1,
City and Borough of Juneau,US.AK.JU,44,0,
Gibson County,US.IN.GI,44,2,
Montgomery County,US.IL.MT,44,1,
Warren County,US.MO.WR,43,0,
Madison County,US.VA.MD,43,1,
Taos County,US.NM.TA,43,1,
Door County,US.WI.DO,43,3,
Torrance County,US.NM.TO,43,1,
Bingham County,US.ID.BG,43,0,
Highland County,US.OH.HI,43,1,
Christian County,US.IL.CI,43,4,
Baker County,US.GA.BR,43,3,
Yancey County,US.NC.YN,43,0,
Candler County,US.GA.CR,43,0,
Otero County,US.NM.OT,43,6,
Cooke County,US.TX.OO,43,0,
Henry County,US.TN.HR,42,0,
Gillespie County,US.TX.GL,42,0,
New Madrid County,US.MO.NW,42,1,
Essex County,US.NY.ES,42,0,
Hampshire County,US.WV.HM,42,1,
York County,US.NE.YO,42,0,
Pontotoc County,US.OK.PN,42,2,
Douglas County,US.OR.DO,42,0,
Taylor County,US.KY.TA,42,1,
King William County,US.VA.KW,42,0,
Seminole County,US.OK.SM,41,3,
Grant County,US.AR.GN,41,0,
Coos County,US.OR.CO,41,0,
Lamb County,US.TX.LB,41,0,
Marshall County,US.WV.MH,41,0,
Cass County,US.TX.CS,41,2,
Webster County,US.KY.WE,41,0,
Franklin County,US.TX.FK,41,0,
Owyhee County,US.ID.OW,41,0,
Washington County,US.VT.WA,41,1,
Delaware County,US.IA.DA,41,1,
Polk County,US.TN.PO,41,0,
Richland County,US.ND.RI,41,0,
Hart County,US.KY.HT,41,0,
Mono County,US.CA.MO,41,1,
Davison County,US.SD.DV,41,0,
Teller County,US.CO.TE,41,2,
Greene County,US.PA.GR,41,0,
Appomattox County,US.VA.AP,40,0,
Howard County,US.TX.HW,40,1,
Custer County,US.NE.CU,40,3,
Franklin County,US.ME.FR,40,1,
Mercer County,US.WV.MR,40,0,
Sequoyah County,US.OK.SQ,40,3,
Lincoln County,US.GA.LC,40,1,
Lyon County,US.IA.LY,40,0,
Howell County,US.MO.HW,40,0,
Knox County,US.OH.KN,39,1,
Carroll County,US.TN.CR,39,1,
Charles City County,US.VA.CC,39,3,
Washakie County,US.WY.WA,39,5,
Jerauld County,US.SD.JE,39,1,
Boyle County,US.KY.BE,39,0,
Forest County,US.WI.FR,39,3,
Smyth County,US.VA.SM,39,1,
Arenac County,US.MI.AR,39,2,
Harvey County,US.KS.HV,39,2,
Campbell County,US.TN.CM,39,1,
San Miguel County,US.CO.SM,39,0,
Noble County,US.OK.NB,39,0,
Morris County,US.TX.MR,39,0,
Juneau County,US.WI.JU,39,1,
Clayton County,US.IA.CT,39,3,
Morrill County,US.NE.MO,38,0,
Whitman County,US.WA.WI,38,0,
Wyoming County,US.PA.WM,38,7,
Jackson County,US.OK.JA,38,3,
Jefferson County,US.WA.JE,38,0,
Little River County,US.AR.LT,38,0,
Washington County,US.NC.WI,38,3,
Oxford County,US.ME.OX,38,0,
Champaign County,US.OH.CH,38,1,
Merrick County,US.NE.ME,38,0,
Kauai County,US.HI.KU,38,0,
Brown County,US.IN.BR,38,1,
Franklin County,US.MS.FR,38,2,
Dunn County,US.WI.DN,38,0,
Carroll County,US.KY.CL,37,0,
Northumberland County,US.VA.NU,37,1,
Fremont County,US.CO.FR,37,0,
Grainger County,US.TN.GA,37,0,
Athens County,US.OH.AS,37,1,
Davis County,US.IA.DV,37,1,
Williams County,US.ND.WI,37,0,
Madison County,US.IA.MD,37,2,
Spencer County,US.KY.SP,37,0,
Blackford County,US.IN.BL,37,2,
Johnson County,US.TN.JO,37,0,
Lawrence County,US.MO.LW,37,1,
Perquimans County,US.NC.PQ,36,2,
Lincoln County,US.ID.LI,36,0,
Vernon County,US.WI.VE,36,0,
Clallam County,US.WA.CL,36,0,
Scurry County,US.TX.SU,36,0,
Pike County,US.MO.PI,36,1,
Monroe County,US.KY.MO,36,1,
Amherst County,US.VA.AH,36,0,
Scioto County,US.OH.SC,36,0,
Montgomery County,US.KS.MG,36,3,
Trinity County,US.TX.TR,36,0,
Nolan County,US.TX.NO,36,0,
Seward County,US.NE.SA,36,1,
Wabaunsee County,US.KS.WB,35,0,
Henry County,US.KY.HY,35,2,
Madison County,US.ID.MA,35,0,
San Jacinto County,US.TX.SJ,35,0,
Henderson County,US.TN.HS,35,0,
Lander County,US.NV.LA,35,0,
Swisher County,US.TX.SW,35,1,
Jones County,US.NC.JN,35,3,
Jersey County,US.IL.JR,35,1,
Posey County,US.IN.PS,35,0,
Cherokee County,US.NC.CO,35,1,
Clarion County,US.PA.CL,35,2,
Cuming County,US.NE.CM,35,0,
Aurora County,US.SD.AU,34,0,
Atchison County,US.KS.AT,34,0,
Mason County,US.TX.MA,34,0,
Clark County,US.KS.CA,34,0,
Fayette County,US.IA.FT,34,0,
Mille Lacs County,US.MN.MI,34,2,
Nowata County,US.OK.NW,34,1,
Crawford County,US.WI.CR,34,0,
Mills County,US.IA.ML,34,0,
Grundy County,US.IA.GN,34,0,
Miami County,US.KS.MI,34,0,
Tuolumne County,US.CA.TO,34,0,
Sagadahoc County,US.ME.SA,34,0,
Albany County,US.WY.AL,34,0,
Lunenburg County,US.VA.LN,34,0,
Kalkaska County,US.MI.KK,34,2,
Barron County,US.WI.BR,34,1,
Mitchell County,US.NC.MI,33,0,
Ford County,US.IL.FO,33,1,
Ogemaw County,US.MI.OG,33,2,
Webster County,US.MO.WE,33,1,
Josephine County,US.OR.JO,33,1,
Hamilton County,US.KS.HM,33,0,
Seneca County,US.OH.SE,33,2,
Van Buren County,US.AR.VA,33,2,
Green Lake County,US.WI.GL,33,0,
Madison County,US.TX.AD,33,0,
Lynn County,US.TX.LY,33,1,
Sullivan County,US.NH.SU,33,1,
Kit Carson County,US.CO.KT,33,3,
Le Flore County,US.OK.LE,33,1,
Woodford County,US.IL.WO,33,2,
Cascade County,US.MT.CS,33,2,
Alleghany County,US.VA.AL,33,2,
Bonner County,US.ID.BR,33,0,
Alleghany County,US.NC.AL,32,0,
Iowa County,US.WI.IO,32,0,
Perry County,US.AR.PY,32,0,
Lafayette County,US.FL.LF,32,0,
Marshall County,US.OK.MH,32,0,
Bourbon County,US.KY.BU,32,1,
Montgomery County,US.GA.MM,32,0,
Meigs County,US.TN.ME,32,0,
Perry County,US.TN.PE,32,0,
Kossuth County,US.IA.KO,32,0,
Calaveras County,US.CA.CA,32,0,
Charlotte County,US.VA.CT,32,0,
Rockbridge County,US.VA.RB,31,0,
Crockett County,US.TN.CK,31,3,
Uintah County,US.UT.UN,31,0,
Live Oak County,US.TX.LK,31,0,
Buchanan County,US.VA.BH,31,0,
Palo Alto County,US.IA.PO,31,0,
Inyo County,US.CA.IN,31,1,
Brown County,US.MN.BR,31,2,
Toole County,US.MT.TO,31,6,
Cannon County,US.TN.CN,31,0,
Floyd County,US.TX.FY,31,0,
Siskiyou County,US.CA.SK,31,0,
Winneshiek County,US.IA.WH,31,0,
Leon County,US.TX.LN,31,0,
Spencer County,US.IN.SP,31,1,
Reeves County,US.TX.RE,31,0,
Stevens County,US.KS.SV,31,0,
Ravalli County,US.MT.RA,31,0,
Falls County,US.TX.FL,31,0,
Wabasha County,US.MN.WB,31,0,
Mason County,US.KY.MS,31,0,
Franklin County,US.NY.FR,31,0,
Arkansas County,US.AR.AR,31,0,
Cherokee County,US.KS.CK,31,0,
Perry County,US.OH.PE,30,1,
Sherman County,US.TX.SN,30,0,
Tipton County,US.IN.TT,30,1,
Lamoille County,US.VT.LA,30,1,
Love County,US.OK.LV,30,0,
Beaver County,US.OK.BA,30,0,
Columbia County,US.OR.CL,30,0,
Lewis County,US.NY.LE,30,5,
Lincoln County,US.OK.LI,30,2,
Douglas County,US.WI.DG,30,0,
Neosho County,US.KS.NO,30,0,
Lucas County,US.IA.LU,30,4,
Meade County,US.KS.ME,30,0,
Laclede County,US.MO.LD,30,0,
Henry County,US.OH.HE,29,0,
Custer County,US.MT.CU,29,0,
Yellow Medicine County,US.MN.YE,29,0,
Osceola County,US.MI.OE,29,0,
Missaukee County,US.MI.MU,29,1,
Waushara County,US.WI.WS,29,0,
Bureau County,US.IL.BU,29,2,
Union County,US.KY.UN,29,0,
Floyd County,US.KY.FO,29,0,
Crawford County,US.IN.CW,29,0,
Fountain County,US.IN.FO,29,2,
Freestone County,US.TX.FE,29,0,
Cleburne County,US.AL.CB,29,1,
Mecosta County,US.MI.MT,29,2,
Mitchell County,US.IA.ME,29,0,
Taylor County,US.GA.TY,29,2,
Emmet County,US.MI.EM,29,2,
Camden County,US.NC.CD,29,0,
Rock County,US.MN.RC,29,0,
Marion County,US.TX.MN,28,1,
Hansford County,US.TX.HF,28,2,
Claiborne County,US.TN.CI,28,0,
Clare County,US.MI.CE,28,3,
Renville County,US.MN.RN,28,2,
Beltrami County,US.MN.BT,28,0,
Wexford County,US.MI.WE,28,4,
Greenup County,US.KY.GU,28,0,
Greene County,US.IA.GE,28,0,
Lincoln County,US.KY.LN,28,1,
Whitley County,US.KY.WH,28,0,
Lewis and Clark County,US.MT.LE,28,0,
Roscommon County,US.MI.RO,28,0,
Sequatchie County,US.TN.SQ,28,0,
Somerset County,US.ME.SO,28,0,
Wise County,US.VA.WI,28,2,
Wayne County,US.NE.WY,28,0,
Hartley County,US.TX.HL,28,0,
Nemaha County,US.KS.NM,28,0,
Jackson County,US.WI.JA,27,1,
Donley County,US.TX.DO,27,0,
Charlevoix County,US.MI.CV,27,2,
Van Wert County,US.OH.VA,27,0,
Park County,US.CO.PA,27,0,
Gladwin County,US.MI.GL,27,1,
Gates County,US.NC.GT,27,2,
Sheridan County,US.WY.SH,27,0,
Benton County,US.MS.BE,27,0,
Cheboygan County,US.MI.CY,27,2,
Blanco County,US.TX.BC,27,1,
McKenzie County,US.ND.MK,27,0,
Howard County,US.IA.HO,27,0,
Chickasaw County,US.IA.CC,27,0,
Clay County,US.NE.CL,27,0,
Evans County,US.GA.EV,27,0,
Jackson County,US.AR.JA,27,0,
Boone County,US.AR.BO,27,1,
Mariposa County,US.CA.MP,27,1,
Bourbon County,US.KS.BB,27,1,
Fillmore County,US.MN.FI,27,0,
Converse County,US.WY.CE,26,0,
Treutlen County,US.GA.TE,26,1,
Meade County,US.KY.MA,26,2,
Union County,US.IA.UN,26,0,
Anderson County,US.KY.AN,26,1,
Trigg County,US.KY.TG,26,0,
Twiggs County,US.GA.TG,26,1,
Gem County,US.ID.GE,26,0,
Doniphan County,US.KS.DP,26,0,
Pipestone County,US.MN.PS,26,1,
Phelps County,US.NE.PH,26,0,
Tensas Parish,US.LA.TN,26,0,
Cleveland County,US.AR.CV,26,0,
Jefferson County,US.KS.JF,26,0,
Jackson County,US.TN.JA,26,0,
Winnebago County,US.IA.WB,26,0,
Barton County,US.MO.BT,26,0,
Ray County,US.MO.RY,26,0,
Gray County,US.KS.GY,26,0,
Kingfisher County,US.OK.KN,26,0,
Grays Harbor County,US.WA.GY,26,0,
Menard County,US.IL.MN,25,0,
Crosby County,US.TX.CB,25,1,
Franklin County,US.ID.FA,25,0,
Young County,US.TX.YU,25,1,
Schley County,US.GA.SY,25,1,
Pocahontas County,US.WV.PO,25,0,
Tyler County,US.TX.TY,25,0,
Switzerland County,US.IN.SW,25,0,
Todd County,US.KY.TO,25,0,
Tioga County,US.PA.TI,25,2,
Clinton County,US.MO.CO,25,0,
Carter County,US.KY.CR,25,0,
Jackson County,US.IA.JC,25,0,
Turner County,US.SD.TU,25,0,
Knox County,US.ME.KN,24,1,
Haskell County,US.KS.HS,24,0,
Chowan County,US.NC.CW,24,0,
Winkler County,US.TX.WI,24,0,
McLean County,US.KY.ML,24,1,
Houston County,US.MN.HO,24,0,
Amador County,US.CA.AM,24,0,
Breckinridge County,US.KY.BC,24,2,
Delta County,US.MI.DE,24,3,
Washington County,US.KY.WS,24,0,
Harlan County,US.KY.HL,24,2,
Sharkey County,US.MS.SH,24,0,
Aransas County,US.TX.AA,24,0,
Lincoln County,US.WY.LI,24,0,
Latah County,US.ID.LA,24,0,
Morgan County,US.TN.MG,24,1,
Jefferson County,US.PA.JE,24,1,
Aroostook County,US.ME.AR,24,1,
Sioux County,US.ND.SI,24,0,
Garrard County,US.KY.GR,24,0,
Lincoln County,US.ME.LI,24,0,
Brule County,US.SD.BU,24,0,
Yoakum County,US.TX.YA,24,0,
Logan County,US.WV.LO,24,1,
Walsh County,US.ND.WL,24,0,
Sabine County,US.TX.SB,24,1,
Ellis County,US.KS.EL,23,0,
Tillman County,US.OK.TI,23,1,
Carbon County,US.WY.CB,23,1,
Paulding County,US.OH.PA,23,0,
Izard County,US.AR.IZ,23,1,
Warren County,US.GA.WR,23,0,
Fulton County,US.KY.FU,23,0,
Humphreys County,US.TN.HU,23,1,
Faulk County,US.SD.FU,23,1,
King and Queen County,US.VA.KA,23,1,
Fayette County,US.IL.FA,23,3,
Mercer County,US.KY.MC,23,0,
Moody County,US.SD.MO,23,0,
Chester County,US.TN.CS,23,0,
Gulf County,US.FL.GU,23,0,
Hancock County,US.WV.HN,23,0,
Carbon County,US.MT.CB,23,0,
Martin County,US.IN.MN,22,0,
Ida County,US.IA.ID,22,0,
Franklin County,US.IL.FR,22,0,
Lewis County,US.KY.LI,22,0,
Boone County,US.WV.BN,22,0,
Rowan County,US.KY.RW,22,0,
Craig County,US.OK.CG,22,0,
Wabash County,US.IL.WB,22,0,
Transylvania County,US.NC.TR,22,1,
Vinton County,US.OH.VI,22,2,
Otero County,US.CO.OT,22,1,
Washington County,US.MO.WS,22,1,
Morgan County,US.UT.MN,22,0,
Webster County,US.GA.WT,22,2,
Alexander County,US.IL.AL,22,0,
Otoe County,US.NE.OT,22,0,
Parke County,US.IN.PA,22,0,
Mason County,US.IL.MS,22,0,
Knox County,US.NE.KN,21,0,
Prowers County,US.CO.PR,21,0,
Fleming County,US.KY.FE,21,0,
San Miguel County,US.NM.SM,21,0,
Adams County,US.OH.AD,21,1,
Stanton County,US.NE.ST,21,0,
Stewart County,US.TN.SA,21,0,
Franklin County,US.AR.FR,21,0,
Phelps County,US.MO.PH,21,0,
Prairie County,US.AR.PR,21,0,
Zavala County,US.TX.ZV,21,0,
Rockcastle County,US.KY.RC,21,0,
Alcona County,US.MI.AC,21,1,
Ketchikan Gateway Borough,US.AK.KG,21,0,
Costilla County,US.CO.CS,21,0,
Grand County,US.CO.GR,21,1,
Asotin County,US.WA.AS,21,2,
Benewah County,US.ID.BA,21,0,
Lake County,US.SD.LK,21,1,
Pamlico County,US.NC.PM,21,0,
Bandera County,US.TX.BA,21,0,
Palo Pinto County,US.TX.PO,21,2,
Decatur County,US.TN.DC,21,0,
Wilkin County,US.MN.WL,20,3,
Henry County,US.MO.HE,20,3,
Ward County,US.TX.WD,20,0,
Big Horn County,US.WY.BI,20,0,
Rappahannock County,US.VA.RP,20,0,
Lampasas County,US.TX.LP,20,0,
Atoka County,US.OK.AT,20,0,
Morgan County,US.WV.MA,20,0,
Montgomery County,US.MO.MM,20,0,
Ouachita County,US.AR.OU,20,0,
Page County,US.IA.PG,20,0,
Hamilton County,US.TX.HM,20,1,
Schleicher County,US.TX.SH,20,0,
Mingo County,US.WV.MO,20,2,
Oscoda County,US.MI.OO,20,1,
Baxter County,US.AR.BA,20,0,
Guadalupe County,US.NM.GU,20,0,
Lyon County,US.KY.LY,20,3,
Norman County,US.MN.NR,20,0,
Oneida County,US.WI.ON,20,0,
Carroll County,US.IL.CL,20,2,
Piatt County,US.IL.PA,20,0,
Appanoose County,US.IA.AP,20,3,
Swift County,US.MN.SW,20,1,
Ste. Genevieve County,US.MO.SG,20,1,
Nodaway County,US.MO.NO,20,0,
Washington County,US.IL.WG,20,0,
Johnson County,US.WY.JO,20,1,
Teton County,US.ID.TE,20,0,
Johnson County,US.IL.JH,20,0,
Mercer County,US.IL.ME,20,0,
Pike County,US.OH.PK,20,0,
Traill County,US.ND.TR,19,0,
Grundy County,US.MO.GU,19,0,
Clear Creek County,US.CO.CL,19,1,
Keokuk County,US.IA.KE,19,1,
Lafayette County,US.AR.LF,19,1,
Lake County,US.OR.LK,19,0,
Marion County,US.MO.MO,19,0,
Leelanau County,US.MI.LE,19,0,
Caledonia County,US.VT.CA,19,0,
Manistee County,US.MI.ME,19,0,
Lewis County,US.WV.LE,19,2,
Hancock County,US.IL.HC,19,1,
Grant County,US.NM.GR,19,0,
Venango County,US.PA.VE,19,0,
Lawrence County,US.SD.LW,19,0,
Upshur County,US.WV.UP,19,0,
Poquoson city,US.VA.PQ,19,0,
Cheyenne County,US.NE.CY,19,0,
San Juan County,US.WA.SA,19,0,
Casey County,US.KY.CS,19,0,
Ripley County,US.MO.RI,19,0,
Antrim County,US.MI.AN,19,0,
Van Buren County,US.IA.VA,19,0,
Adams County,US.WI.AD,19,2,
Barnes County,US.ND.BA,19,0,
Presidio County,US.TX.PS,19,0,
Greenlee County,US.AZ.GE,18,1,
Stevens County,US.WA.ST,18,1,
Corson County,US.SD.CO,18,0,
Crawford County,US.IL.CW,18,0,
Lake County,US.MT.LA,18,0,
Floyd County,US.VA.FO,18,1,
Montague County,US.TX.MU,18,1,
Nelson County,US.VA.NL,18,0,
Shelby County,US.IL.SB,18,1,
Jefferson County,US.ID.JF,18,0,
McKean County,US.PA.MC,18,1,
Fulton County,US.PA.FU,18,1,
Fentress County,US.TN.FE,18,0,
Hancock County,US.KY.HC,18,0,
Grand County,US.UT.GR,18,0,
McCreary County,US.KY.MR,18,0,
Mason County,US.WV.MN,18,0,
Murray County,US.OK.MR,18,0,
Moultrie County,US.IL.MI,18,0,
Cloud County,US.KS.CD,18,0,
Glacier County,US.MT.GC,18,0,
Comanche County,US.TX.CE,18,1,
Currituck County,US.NC.CI,18,0,
Juab County,US.UT.JU,18,0,
Redwood County,US.MN.RW,17,0,
Cass County,US.IA.CS,17,0,
Callahan County,US.TX.AL,17,2,
Cedar County,US.NE.CA,17,0,
Audubon County,US.IA.AU,17,1,
Nantucket County,US.MA.NA,17,1,
Jackson County,US.OH.JA,17,0,
Martin County,US.TX.MT,17,1,
Power County,US.ID.PO,17,0,
Ransom County,US.ND.RN,17,0,
Pendleton County,US.KY.PN,17,0,
Pacific County,US.WA.PA,17,1,
Terry County,US.TX.TE,17,0,
Quitman County,US.GA.QU,17,1,
McCormick County,US.SC.MC,17,2,
Vernon County,US.MO.VE,17,0,
Bracken County,US.KY.BK,17,0,
Wheeler County,US.TX.WL,16,0,
Phillips County,US.CO.PH,16,0,
Polk County,US.MO.PO,16,0,
Potter County,US.PA.PO,16,0,
Tripp County,US.SD.TR,16,0,
Menominee County,US.MI.MM,16,0,
Linn County,US.MO.LN,16,1,
Gaines County,US.TX.GS,16,0,
Day County,US.SD.DY,16,0,
Clay County,US.TN.CY,16,0,
Taylor County,US.WV.TA,16,0,
Scott County,US.KS.SC,16,0,
Hancock County,US.ME.HA,16,1,
Marquette County,US.WI.MQ,16,1,
Surry County,US.VA.SR,16,1,
Benton County,US.MO.BN,16,0,
Grant County,US.WV.GA,16,0,
Bath County,US.KY.BH,15,1,
Hudspeth County,US.TX.HU,15,0,
Jim Hogg County,US.TX.JG,15,0,
Barbour County,US.WV.BB,15,1,
Logan County,US.IL.LO,15,0,
Thomas County,US.KS.TH,15,0,
Wayne County,US.KY.WY,15,0,
Elk County,US.PA.EL,15,0,
Carbon County,US.UT.CR,15,0,
Clark County,US.SD.CK,15,0,
Linn County,US.KS.LN,15,0,
Adair County,US.IA.AI,15,0,
Wright County,US.MO.WG,15,0,
Worth County,US.IA.WT,15,0,
Wadena County,US.MN.WD,15,0,
Larue County,US.KY.LR,15,1,
Scott County,US.TN.SC,15,0,
Silver Bow County,US.MT.SI,15,0,
Buena Vista city,US.VA.BE,15,0,
Tazewell County,US.VA.TA,15,0,
Fulton County,US.AR.FU,15,0,
Giles County,US.VA.GI,15,0,
Richland County,US.WI.RI,15,4,
Caldwell County,US.KY.CD,15,0,
Fulton County,US.IL.FU,15,0,
Miller County,US.MO.ML,15,0,
Middlesex County,US.VA.MI,15,0,
Garfield County,US.UT.GA,15,1,
Fillmore County,US.NE.FI,14,1,
Wayne County,US.IL.WY,14,1,
Gallia County,US.OH.GA,14,1,
Stone County,US.AR.ST,14,0,
Duchesne County,US.UT.DU,14,0,
Burt County,US.NE.BT,14,0,
Clark County,US.IL.CK,14,0,
Bosque County,US.TX.BQ,14,0,
Stone County,US.MO.SE,14,0,
Dunn County,US.ND.DU,14,0,
Harrison County,US.MO.HS,14,0,
Cooper County,US.MO.CP,14,0,
Warren County,US.IN.WN,14,1,
Big Stone County,US.MN.BI,14,0,
Goliad County,US.TX.GI,14,0,
Valley County,US.ID.VA,14,0,
Blaine County,US.OK.BL,14,0,
Ohio County,US.IN.OH,14,0,
Koochiching County,US.MN.KO,14,1,
La Salle County,US.TX.LS,14,0,
Ringgold County,US.IA.RI,14,0,
Aitkin County,US.MN.AI,14,0,
Letcher County,US.KY.LT,14,0,
Baca County,US.CO.BA,14,0,
Morgan County,US.MO.MG,14,0,
Lassen County,US.CA.LS,14,0,
Kearney County,US.NE.KA,14,0,
Orleans County,US.VT.OL,14,0,
Kanabec County,US.MN.KA,14,1,
Okfuskee County,US.OK.OF,14,0,
Ballard County,US.KY.BA,14,0,
Gosper County,US.NE.GO,13,0,
Schuyler County,US.NY.SU,13,0,
Schuyler County,US.IL.SU,13,0,
Gilmer County,US.WV.GI,13,0,
Pushmataha County,US.OK.PU,13,0,
LaMoure County,US.ND.LA,13,0,
Grant County,US.SD.GA,13,0,
Presque Isle County,US.MI.PR,13,0,
Bond County,US.IL.BN,13,1,
Livingston County,US.MO.LV,13,0,
Madison County,US.NC.MD,13,0,
Refugio County,US.TX.RF,13,0,
Massac County,US.IL.MA,13,0,
Dimmit County,US.TX.DM,13,0,
Gasconade County,US.MO.GA,13,0,
Sumner County,US.KS.SU,13,1,
McCulloch County,US.TX.MC,13,0,
Union County,US.TN.UO,13,0,
Johnston County,US.OK.JO,13,0,
Osage County,US.KS.OS,13,0,
Walworth County,US.SD.WA,13,0,
Dallas County,US.MO.DL,13,1,
Monroe County,US.AR.ME,13,0,
Moffat County,US.CO.MF,13,0,
Vermillion County,US.IN.VE,13,0,
Conejos County,US.CO.CN,13,0,
Taylor County,US.WI.TA,13,0,
Union County,US.IN.UN,13,0,
Menifee County,US.KY.ME,13,0,
Pendleton County,US.WV.PE,13,1,
Marshall County,US.MN.MS,12,0,
Woodward County,US.OK.WW,12,0,
Sawyer County,US.WI.SW,12,0,
Richland County,US.MT.RI,12,0,
Carroll County,US.MO.CL,12,0,
Newton County,US.TX.NE,12,0,
Scott County,US.AR.SC,12,0,
Hamlin County,US.SD.HM,12,0,
Cass County,US.MN.CS,12,2,
Cumberland County,US.IL.CU,12,0,
Randolph County,US.MO.RN,12,0,
Bollinger County,US.MO.BI,12,0,
Churchill County,US.NV.CH,12,1,
Benton County,US.TN.BN,12,1,
Rains County,US.TX.RI,12,0,
Sierra County,US.NM.SI,12,0,
Radford city,US.VA.RD,12,0,
Effingham County,US.IL.EF,12,1,
Fall River County,US.SD.FL,12,0,
Polk County,US.NE.PO,12,0,
Crawford County,US.MO.CF,12,0,
Garza County,US.TX.GR,12,0,
Stanley County,US.SD.ST,12,0,
Monroe County,US.WV.ME,12,0,
Harrison County,US.OH.HR,12,1,
Houghton County,US.MI.HO,12,0,
Avery County,US.NC.AV,12,0,
Hot Springs County,US.WY.HO,12,0,
Russell County,US.VA.RU,12,0,
Sanborn County,US.SD.SA,12,0,
Hutchinson County,US.SD.HT,12,0,
Hyde County,US.NC.HE,12,0,
Bates County,US.MO.BS,12,1,
Houston County,US.TN.HO,12,0,
Scotland County,US.MO.SO,11,1,
Marion County,US.KS.MN,11,1,
Beckham County,US.OK.BC,11,0,
Lee County,US.VA.LE,11,0,
Sitka City and Borough,US.AK.SI,11,0,
Brown County,US.KS.BR,11,0,
Chippewa County,US.MI.CP,11,0,
Greenwood County,US.KS.GW,11,0,
Roane County,US.WV.RO,11,1,
Ouray County,US.CO.OU,11,1,
Garrett County,US.MD.GA,11,0,
McLean County,US.ND.ML,11,0,
Lincoln County,US.NM.LI,11,0,
Pratt County,US.KS.PR,11,0,
Hughes County,US.OK.HU,11,0,
Lipscomb County,US.TX.LM,11,0,
Jack County,US.TX.JK,11,0,
Adams County,US.ID.AM,11,0,
Park County,US.MT.PA,11,0,
Tyrrell County,US.NC.TY,11,0,
Meigs County,US.OH.MS,11,0,
Bon Homme County,US.SD.BH,11,0,
Caribou County,US.ID.CR,11,0,
DeKalb County,US.MO.DE,11,0,
Llano County,US.TX.LL,11,0,
Noble County,US.OH.NO,11,0,
Rusk County,US.WI.RU,11,0,
Spink County,US.SD.SP,11,0,
Latimer County,US.OK.LA,11,1,
Tillamook County,US.OR.TI,11,0,
Lancaster County,US.VA.LA,11,0,
Rosebud County,US.MT.RS,10,1,
Grand Isle County,US.VT.GR,10,0,
Brown County,US.IL.BR,10,0,
Vilas County,US.WI.VI,10,0,
Langlade County,US.WI.LN,10,0,
Decatur County,US.IA.DC,10,0,
Wallowa County,US.OR.WW,10,0,
Wilbarger County,US.TX.WG,10,0,
Graham County,US.NC.GH,10,0,
Clay County,US.NC.CY,10,0,
Wetzel County,US.WV.WT,10,0,
Ramsey County,US.ND.RM,10,1,
Dallas County,US.AR.DA,10,0,
Clay County,US.WV.CY,10,1,
Ralls County,US.MO.RL,10,0,
Montgomery County,US.IA.MG,10,2,
Plumas County,US.CA.PU,10,0,
Benzie County,US.MI.BE,10,0,
Lincoln County,US.WI.LI,10,0,
Metcalfe County,US.KY.MT,10,2,
Livingston County,US.KY.LV,10,0,
McCook County,US.SD.MC,10,1,
Crockett County,US.TX.CT,10,0,
Rolette County,US.ND.RO,10,0,
Pope County,US.MN.PE,10,0,
Kimball County,US.NE.KB,10,0,
Furnas County,US.NE.FU,10,1,
Crook County,US.OR.CR,10,0,
Nicholas County,US.WV.NI,10,1,
Jefferson County,US.NE.JE,10,0,
Stanton County,US.KS.ST,10,0,
Caldwell County,US.MO.CW,10,0,
Scott County,US.VA.SC,10,2,
Eastland County,US.TX.EA,10,0,
Lexington city,US.VA.LX,10,0,
Edgar County,US.IL.EG,10,0,
Kiowa County,US.OK.KO,10,1,
Saline County,US.IL.SE,9,0,
Custer County,US.SD.CU,9,0,
Crittenden County,US.KY.CT,9,1,
Antelope County,US.NE.AN,9,1,
Mitchell County,US.TX.MH,9,0,
Roseau County,US.MN.RS,9,0,
Daviess County,US.MO.DV,9,0,
Emery County,US.UT.EM,9,0,
Pembina County,US.ND.PE,9,0,
Brooke County,US.WV.BO,9,0,
Miner County,US.SD.ME,9,0,
Concho County,US.TX.ON,9,0,
Colfax County,US.NM.CO,9,1,
Lincoln County,US.MN.LI,9,0,
Mackinac County,US.MI.MK,9,0,
Orange County,US.VT.OA,9,0,
Las Animas County,US.CO.LS,9,0,
Morgan County,US.OH.MA,9,0,
Johnson County,US.KY.JO,9,0,
Republic County,US.KS.RP,9,0,
Cedar County,US.MO.CD,9,0,
Haskell County,US.OK.HS,9,0,
Hodgeman County,US.KS.HG,9,0,
Marshall County,US.IL.MH,8,0,
Archuleta County,US.CO.AC,8,0,
Somervell County,US.TX.SV,8,0,
Dickinson County,US.KS.DK,8,0,
Stephens County,US.TX.SE,8,0,
Columbia County,US.WA.CM,8,0,
Beaver County,US.UT.BV,8,0,
Lincoln County,US.WV.LI,8,0,
Buffalo County,US.WI.BF,8,2,
Rooks County,US.KS.RO,8,0,
Lincoln County,US.MT.LN,8,1,
Adams County,US.IA.AM,8,0,
Woodson County,US.KS.WO,8,0,
Lake County,US.MI.LK,8,0,
Dawson County,US.MT.DW,8,0,
Bell County,US.KY.BL,8,0,
Lawrence County,US.KY.LC,8,0,
Valley County,US.NE.VA,8,0,
Pierce County,US.NE.PI,8,0,
Union County,US.NM.UN,8,0,
Runnels County,US.TX.RN,8,0,
Shannon County,US.MO.SN,8,0,
Pike County,US.IN.PI,8,0,
Grant County,US.MN.GR,8,0,
Wayne County,US.IA.WY,8,0,
Clay County,US.TX.CY,8,0,
Knott County,US.KY.KT,8,0,
Breathitt County,US.KY.BT,8,0,
Los Alamos County,US.NM.LO,8,0,
Henderson County,US.IL.HD,8,0,
Moore County,US.TN.MO,8,0,
Macon County,US.MO.MN,8,0,
Hemphill County,US.TX.HH,8,0,
Major County,US.OK.MJ,8,1,
Greene County,US.IL.GE,8,0,
Leslie County,US.KY.LS,8,0,
Madison County,US.MT.MA,8,1,
Coal County,US.OK.CL,8,0,
Morgan County,US.KY.MG,8,0,
Glascock County,US.GA.GS,8,0,
Wells County,US.ND.WE,8,0,
Jefferson County,US.OK.JE,8,0,
Powell County,US.KY.PO,7,0,
Pike County,US.AR.PE,7,0,
Martin County,US.KY.MI,7,0,
Curry County,US.OR.CU,7,0,
Fremont County,US.ID.FE,7,0,
Crook County,US.WY.CK,7,0,
Boone County,US.NE.BO,7,0,
Forest County,US.PA.FO,7,0,
Fremont County,US.IA.FO,7,0,
Menominee County,US.WI.MN,7,0,
Craig County,US.VA.CG,7,0,
Wyoming County,US.WV.WY,7,0,
Archer County,US.TX.AC,7,0,
Dickinson County,US.MI.DI,7,2,
Sherman County,US.KS.SH,7,0,
Gilpin County,US.CO.GI,7,0,
Lewis County,US.TN.LE,7,0,
Roosevelt County,US.MT.RO,7,0,
Issaquena County,US.MS.IS,7,1,
Mahnomen County,US.MN.MH,7,1,
Gogebic County,US.MI.GO,7,1,
Edwards County,US.KS.ED,7,0,
Lawrence County,US.IL.LW,7,0,
Edmunds County,US.SD.ED,7,0,
Clearwater County,US.MN.CE,7,0,
Lewis County,US.MO.LE,7,1,
Mercer County,US.ND.ME,7,0,
Iron County,US.WI.IR,7,1,
Van Buren County,US.TN.VA,7,0,
Morton County,US.KS.MT,7,2,
Clay County,US.KS.CY,7,1,
Johnson County,US.NE.JO,7,0,
Osage County,US.MO.OS,7,0,
Searcy County,US.AR.SA,7,0,
Mineral County,US.CO.MI,7,0,
Childress County,US.TX.CD,7,0,
Hand County,US.SD.HD,7,0,
Hanson County,US.SD.HS,7,0,
Warren County,US.PA.WR,7,0,
Coos County,US.NH.CO,7,0,
Oregon County,US.MO.OR,7,0,
Woods County,US.OK.WS,7,0,
Jackson County,US.SD.JA,6,1,
Pickett County,US.TN.PI,6,0,
Trimble County,US.KY.TM,6,0,
Delta County,US.TX.DT,6,0,
McDowell County,US.WV.MC,6,0,
Webster County,US.NE.WE,6,0,
Madison County,US.MO.MD,6,0,
Tucker County,US.WV.TU,6,0,
Marion County,US.AR.MN,6,0,
De Witt County,US.IL.DW,6,0,
Collingsworth County,US.TX.CG,6,0,
Kingsbury County,US.SD.KI,6,0,
Woodruff County,US.AR.WO,6,0,
Hamilton County,US.NY.HA,6,1,
Red Willow County,US.NE.RE,6,0,
Chariton County,US.MO.CI,6,0,
Ottawa County,US.KS.OT,6,0,
Reagan County,US.TX.RG,6,0,
Pershing County,US.NV.PE,6,0,
Owen County,US.KY.OE,6,0,
Newton County,US.AR.NW,6,0,
Bethel Census Area,US.AK.BE,6,0,
Sargent County,US.ND.SG,6,0,
Kane County,US.UT.KA,6,0,
Carter County,US.MO.CR,6,1,
Quay County,US.NM.QU,6,1,
Matthews County,US.VA.MT,6,0,
Carson County,US.TX.CN,6,0,
Cumberland County,US.KY.CU,6,0,
Menard County,US.TX.EN,6,0,
Sublette County,US.WY.SU,6,0,
Franklin County,US.FL.FR,6,0,
Franklin County,US.NE.FA,6,0,
Stillwater County,US.MT.ST,6,0,
Mercer County,US.MO.MC,6,0,
Lake County,US.MN.LE,6,0,
Nemaha County,US.NE.NE,5,0,
Baraga County,US.MI.BA,5,0,
Nome Census Area,US.AK.NM,5,0,
Carlisle County,US.KY.CE,5,1,
Burke County,US.ND.BK,5,0,
Wayne County,US.MO.WY,5,0,
Nicholas County,US.KY.NI,5,0,
Cheyenne County,US.CO.CE,5,0,
Broadwater County,US.MT.BR,5,0,
Dewey County,US.SD.DW,5,0,
Pierce County,US.ND.PI,5,0,
Morris County,US.KS.MR,5,0,
Montmorency County,US.MI.MR,5,0,
Wahkiakum County,US.WA.WH,5,0,
Montgomery County,US.AR.MT,5,0,
Clinton County,US.KY.CO,5,0,
Monroe County,US.MO.MR,5,0,
Coke County,US.TX.OK,5,1,
Traverse County,US.MN.TR,5,0,
Mineral County,US.NV.MI,5,0,
Cotton County,US.OK.CT,5,2,
Covington city,US.VA.CV,5,0,
Texas County,US.MO.TE,5,0,
Hickman County,US.KY.HA,5,0,
Eddy County,US.ND.ED,5,0,
Lane County,US.KS.LE,5,0,
Sutton County,US.TX.ST,5,0,
Iron County,US.MI.IR,5,1,
Schuyler County,US.MO.SH,5,0,
Hardeman County,US.TX.RD,5,0,
Renville County,US.ND.RE,5,0,
Fisher County,US.TX.FH,5,1,
Hamilton County,US.IL.HM,5,0,
Sullivan County,US.PA.SL,5,0,
White County,US.IL.WE,5,0,
Green County,US.KY.GN,5,1,
Pleasants County,US.WV.PL,5,0,
Idaho County,US.ID.ID,5,0,
Kimble County,US.TX.KM,5,0,
Sheridan County,US.KS.SD,5,0,
Sherman County,US.NE.SM,5,0,
Howard County,US.MO.HR,5,0,
Sioux County,US.NE.SI,5,0,
Skamania County,US.WA.SM,5,0,
Hubbard County,US.MN.HU,5,0,
Glasscock County,US.TX.GC,5,0,
Magoffin County,US.KY.MF,5,0,
Richardson County,US.NE.RI,5,1,
Goshen County,US.WY.GO,5,0,
Douglas County,US.MO.DO,5,0,
Marshall County,US.SD.MS,5,0,
Haskell County,US.TX.HK,5,0,
Bottineau County,US.ND.BT,5,0,
Worth County,US.MO.WO,4,0,
Douglas County,US.SD.DO,4,0,
Gregory County,US.SD.GE,4,0,
Dickey County,US.ND.DC,4,0,
Mellette County,US.SD.ML,4,0,
Keith County,US.NE.KT,4,0,
Lincoln County,US.CO.LI,4,0,
Dickenson County,US.VA.DC,4,0,
Rio Blanco County,US.CO.RB,4,0,
Jewell County,US.KS.JW,4,0,
Oldham County,US.TX.OL,4,1,
Tyler County,US.WV.TY,4,0,
Bennett County,US.SD.BN,4,0,
Jeff Davis County,US.TX.JF,4,0,
Granite County,US.MT.GN,4,0,
Pend Oreille County,US.WA.PE,4,0,
Stevens County,US.MN.SV,4,0,
Valley County,US.MT.VA,4,0,
White Pine County,US.NV.WH,4,0,
Cottle County,US.TX.OT,4,1,
Benson County,US.ND.BE,4,0,
Lincoln County,US.WA.LI,4,0,
Shelby County,US.MO.SB,4,0,
Bent County,US.CO.BE,4,0,
Boise County,US.ID.BS,4,0,
North Slope Borough,US.AK.NH,4,0,
Sheridan County,US.NE.SD,4,0,
Garden County,US.NE.GD,4,0,
Rice County,US.KS.RC,4,0,
McPherson County,US.SD.MP,4,0,
Rich County,US.UT.RH,4,0,
Emmons County,US.ND.EM,4,1,
Norton city,US.VA.NC,4,0,
Norton County,US.KS.NT,4,0,
Deer Lodge County,US.MT.DE,4,0,
Baker County,US.OR.BA,4,0,
Wirt County,US.WV.WI,4,0,
Maries County,US.MO.MS,4,0,
Ellsworth County,US.KS.EW,4,0,
Ness County,US.KS.NS,4,0,
Mitchell County,US.KS.MC,4,0,
Lac Qui Parle County,US.MN.LC,4,0,
Huerfano County,US.CO.HU,4,1,
Washburn County,US.WI.WR,4,0,
Allen County,US.KS.AL,4,0,
Richland County,US.IL.RI,4,0,
Alger County,US.MI.AG,4,0,
Nance County,US.NE.NA,4,0,
Estill County,US.KY.ES,4,0,
Custer County,US.ID.CU,4,0,
Anderson County,US.KS.AN,4,0,
Platte County,US.WY.PL,4,0,
Dewey County,US.OK.DW,4,0,
Petersburg Census Area,US.AK.PB,4,1,
Chase County,US.KS.CS,4,0,
Northwest Arctic Borough,US.AK.NW,4,0,
Bristol city,US.VA.BI,4,0,
Schoolcraft County,US.MI.SR,4,0,
Dawes County,US.NE.DS,4,0,
Chautauqua County,US.KS.CQ,4,0,
San Saba County,US.TX.SS,4,0,
Smith County,US.KS.SM,3,0,
Roberts County,US.TX.RS,3,0,
Slope County,US.ND.SL,3,0,
Washita County,US.OK.WT,3,0,
Oneida County,US.ID.ON,3,0,
Grant County,US.ND.GT,3,0,
Cameron County,US.PA.CE,3,0,
Greeley County,US.NE.GE,3,0,
Red Lake County,US.MN.RD,3,0,
Burnett County,US.WI.BN,3,1,
Washington County,US.ME.WS,3,0,
Holt County,US.NE.HT,3,0,
Bayfield County,US.WI.BY,3,1,
Hancock County,US.TN.HC,3,0,
Golden Valley County,US.MT.GO,3,0,
Hinsdale County,US.CO.HI,3,0,
Knox County,US.TX.KX,3,0,
Kiowa County,US.KS.KW,3,0,
Highland County,US.VA.HA,3,0,
Kodiak Island Borough,US.AK.KO,3,0,
Atchison County,US.MO.AT,3,0,
Southeast Fairbanks Census Area,US.AK.SO,3,0,
Coleman County,US.TX.CM,3,0,
Upton County,US.TX.UP,3,0,
Iron County,US.MO.IR,3,0,
Essex County,US.VT.ES,3,0,
Wolfe County,US.KY.WL,3,0,
Box Butte County,US.NE.BX,3,0,
Phillips County,US.KS.PL,3,0,
Briscoe County,US.TX.BO,3,0,
Culberson County,US.TX.UL,3,0,
Florence County,US.WI.FL,3,0,
Terrell County,US.TX.TL,3,0,
McHenry County,US.ND.MH,3,1,
Braxton County,US.WV.BX,3,0,
Luce County,US.MI.LU,3,0,
Hyde County,US.SD.HY,3,0,
Elliott County,US.KY.EL,3,0,
Armstrong County,US.TX.AM,3,0,
Dent County,US.MO.DN,3,0,
Deuel County,US.SD.DU,3,0,
Putnam County,US.MO.PN,3,0,
Ashland County,US.WI.AS,3,0,
Piscataquis County,US.ME.PI,3,0,
Pawnee County,US.KS.PN,3,0,
Piute County,US.UT.PT,3,0,
Stark County,US.IL.SA,3,0,
Wrangell City and Borough,US.AK.WG,3,0,
Jefferson County,US.MT.JE,3,0,
Brooks County,US.TX.BK,3,0,
Bear Lake County,US.ID.BK,2,0,
Jackson County,US.CO.JA,2,0,
Niobrara County,US.WY.NI,2,0,
Edwards County,US.TX.ED,2,0,
Kidder County,US.ND.KI,2,0,
Knox County,US.MO.KN,2,0,
Wilson County,US.KS.WL,2,0,
Trinity County,US.CA.TR,2,0,
Dickens County,US.TX.DC,2,0,
Treasure County,US.MT.TR,2,0,
San Juan County,US.CO.SJ,2,0,
McIntosh County,US.ND.MI,2,0,
Oliver County,US.ND.OL,2,0,
Edwards County,US.IL.EW,2,0,
Catron County,US.NM.CA,2,1,
Calhoun County,US.WV.CH,2,0,
Harper County,US.KS.HP,2,0,
Taliaferro County,US.GA.TA,2,0,
Cavalier County,US.ND.CV,2,0,
Reynolds County,US.MO.RE,2,0,
Fergus County,US.MT.FE,2,0,
Lincoln County,US.NV.LI,2,0,
Clay County,US.IL.CY,2,0,
Steele County,US.ND.SE,2,0,
Price County,US.WI.PC,2,0,
Grant County,US.OK.GN,2,0,
Gallatin County,US.IL.GA,2,0,
Owsley County,US.KY.OS,2,0,
Bland County,US.VA.BL,2,0,
Cheyenne County,US.KS.CN,2,0,
Ozark County,US.MO.OZ,2,0,
Prince of Wales-Hyder Census Area,US.AK.PH,2,0,
Lemhi County,US.ID.LM,2,0,
Pike County,US.IL.PK,2,0,
Kittson County,US.MN.KI,2,0,
Comanche County,US.KS.CM,2,0,
Storey County,US.NV.ST,2,0,
Alpine County,US.CA.AP,2,0,
Yukon-Koyukuk Census Area,US.AK.YU,2,0,
St. Clair County,US.MO.SC,2,0,
Custer County,US.CO.CU,2,0,
Meagher County,US.MT.ME,2,0,
Ritchie County,US.WV.RI,2,0,
Pondera County,US.MT.PN,2,0,
Summers County,US.WV.SU,2,0,
Osborne County,US.KS.OB,2,0,
Hall County,US.TX.HA,2,1,
Clark County,US.MO.CK,2,0,
Haines Borough,US.AK.HA,2,0,
Kinney County,US.TX.KN,2,0,
Griggs County,US.ND.GI,2,0,
Foster County,US.ND.FO,2,0,
Irion County,US.TX.IR,2,0,
Boyd County,US.NE.BY,1,0,
Bowman County,US.ND.BW,1,0,
Alfalfa County,US.OK.AL,1,0,
Webster County,US.WV.WB,1,0,
Baylor County,US.TX.BR,1,0,
Barber County,US.KS.AB,1,0,
Beaverhead County,US.MT.BE,1,0,
Wheatland County,US.MT.WH,1,0,
Banner County,US.NE.BA,1,0,
Billings County,US.ND.BI,1,0,
Boundary County,US.ID.BD,1,0,
Sherman County,US.OR.SH,1,0,
Ziebach County,US.SD.ZI,1,0,
Elk County,US.KS.EK,1,0,
Sierra County,US.CA.SE,1,0,
Gove County,US.KS.GO,1,0,
Real County,US.TX.RL,1,0,
Lee County,US.KY.LE,1,0,
Putnam County,US.IL.PT,1,0,
Stafford County,US.KS.SF,1,0,
Liberty County,US.MT.LB,1,0,
Garfield County,US.NE.GF,1,0,
Lincoln County,US.KS.LC,1,0,
Frontier County,US.NE.FO,1,0,
Sully County,US.SD.SU,1,0,
Rush County,US.KS.RH,1,0,
Logan County,US.KS.LG,1,0,
Eureka County,US.NV.EU,1,0,
Pope County,US.IL.PE,1,0,
Nuckolls County,US.NE.NU,1,0,
Sheridan County,US.ND.SH,1,0,
Grant County,US.OR.GR,1,0,
Harney County,US.OR.HA,1,0,
Hooker County,US.NE.HO,1,0,
Holt County,US.MO.HL,1,0,
Hitchcock County,US.NE.HI,1,0,
Hill County,US.MT.HI,1,0,
Hettinger County,US.ND.HE,1,0,
Harper County,US.OK.HP,1,0,
Harmon County,US.OK.HM,1,0,
Robertson County,US.KY.RB,1,0,
Harlan County,US.NE.HR,1,0,
Keweenaw County,US.MI.KW,1,0,
Harding County,US.NM.HA,1,0,
Hardin County,US.IL.HI,1,0,
Rock County,US.NE.RO,1,0,
Shackelford County,US.TX.SC,1,0,
Ellis County,US.OK.EL,1,0,
Ferry County,US.WA.FE,1,0,
Dade County,US.MO.DD,1,0,
Trego County,US.KS.TR,1,0,
Calhoun County,US.IL.CH,1,0,
Camas County,US.ID.CM,1,0,
Nelson County,US.ND.NE,1,0,
Musselshell County,US.MT.MU,1,0,
Washington County,US.KS.WS,1,0,
Chase County,US.NE.CE,1,0,
Cherry County,US.NE.CH,1,0,
Motley County,US.TX.MY,1,0,
Cimarron County,US.OK.CO,1,0,
Clearwater County,US.ID.CE,1,0,
Cochran County,US.TX.CC,1,0,
Cook County,US.MN.CO,1,0,
Mills County,US.TX.MS,1,0,
Pepin County,US.WI.PE,1,0,
Russell County,US.KS.RS,1,0,
Marshall County,US.KS.MS,1,0,
Divide County,US.ND.DV,1,0,
Thomas County,US.NE.TO,1,0,
Thayer County,US.NE.TA,1,0,
McPherson County,US.NE.MC,0,0,
Logan County,US.NE.LG,0,0,
Keya Paha County,US.NE.KY,0,0,
Adams County,US.ND.AD,0,0,
Mora County,US.NM.MO,0,0,
Potter County,US.SD.PO,0,0,
Logan County,US.ND.LO,0,0,
Yakutat City and Borough,US.AK.YA,0,0,
Kent County,US.TX.KT,0,0,
King County,US.TX.KG,0,0,
Kenedy County,US.TX.KE,0,0,
Roger Mills County,US.OK.RR,0,0,
McCone County,US.MT.MC,0,0,
Kalawao County,US.HI.KL,0,0,
Ontonagon County,US.MI.ON,0,0,
Judith Basin County,US.MT.JU,0,0,
Modoc County,US.CA.MC,0,0,
Phillips County,US.MT.PH,0,0,
Perkins County,US.SD.PR,0,0,
Lake of the Woods County,US.MN.LO,0,0,
Perkins County,US.NE.PE,0,0,
Aleutians West Census Area,US.AK.AW,0,0,
Arthur County,US.NE.AR,0,0,
Prairie County,US.MT.PR,0,0,
Lewis County,US.ID.LW,0,0,
Aleutians East Borough,US.AK.AE,0,0,
Rawlins County,US.KS.RA,0,0,
McMullen County,US.TX.MM,0,0,
Powell County,US.MT.PL,0,0,
Mineral County,US.MT.MN,0,0,
Lake and Peninsula Borough,US.AK.LA,0,0,
Loup County,US.NE.LU,0,0,
Kusilvak Census Area,US.AK.WA,0,0,
Powder River County,US.MT.PD,0,0,
Pawnee County,US.NE.PA,0,0,
Kiowa County,US.CO.KO,0,0,
Kingman County,US.KS.KM,0,0,
Petroleum County,US.MT.PO,0,0,
Loving County,US.TX.LI,0,0,
Butte County,US.ID.BT,0,0,
Jones County,US.SD.JO,0,0,
Wheeler County,US.NE.WH,0,0,
Sweet Grass County,US.MT.SW,0,0,
Borden County,US.TX.BD,0,0,
Dundy County,US.NE.DY,0,0,
Dolores County,US.CO.DO,0,0,
Teton County,US.MT.TE,0,0,
Doddridge County,US.WV.DO,0,0,
Throckmorton County,US.TX.TH,0,0,
Dillingham Census Area,US.AK.DI,0,0,
Deuel County,US.NE.DL,0,0,
Denali Borough,US.AK.DE,0,0,
Decatur County,US.KS.DC,0,0,
Towner County,US.ND.TO,0,0,
De Baca County,US.NM.DE,0,0,
Daniels County,US.MT.DN,0,0,
Daggett County,US.UT.DG,0,0,
Bristol Bay Borough,US.AK.BR,0,0,
Valdez-Cordova Census Area,US.AK.VA,0,0,
Wayne County,US.UT.WE,0,0,
Brown County,US.NE.BW,0,0,
Wallace County,US.KS.WA,0,0,
Clark County,US.ID.CA,0,0,
Chouteau County,US.MT.CH,0,0,
Carter County,US.MT.CT,0,0,
Campbell County,US.SD.CP,0,0,
Calhoun County,US.AR.CA,0,0,
Esmeralda County,US.NV.ES,0,0,
Wheeler County,US.OR.WE,0,0,
Hoonah-Angoon Census Area,US.AK.HH,0,0,
Fallon County,US.MT.FA,0,0,
Sanders County,US.MT.SA,0,0,
Bath County,US.VA.BA,0,0,
Hickory County,US.MO.HC,0,0,
Hayes County,US.NE.HY,0,0,
Harding County,US.SD.HR,0,0,
Scott County,US.IL.SO,0,0,
Butte County,US.SD.BT,0,0,
Haakon County,US.SD.HA,0,0,
Greeley County,US.KS.GL,0,0,
Grant County,US.NE.GA,0,0,
Sheridan County,US.MT.SH,0,0,
Shoshone County,US.ID.SH,0,0,
Graham County,US.KS.GH,0,0,
Skagway Municipality,US.AK.SW,0,0,
Golden Valley County,US.ND.GO,0,0,
Blaine County,US.MT.BL,0,0,
Blaine County,US.NE.BL,0,0,
Wichita County,US.KS.WH,0,0,
Wibaux County,US.MT.WI,0,0,
Gilliam County,US.OR.GI,0,0,
Garfield County,US.WA.GF,0,0,
Garfield County,US.MT.GF,0,0,
Sterling County,US.TX.SI,0,0,
Stonewall County,US.TX.SA,0,0,
Foard County,US.TX.FD,0,0,
Sedgwick County,US.CO.SE,0,0,
