County,hasc,confirmed,death,recovered
Los Angeles County,US.CA.LO,233777,5605,
Miami-Dade County,US.FL.DA,153385,2277,
Maricopa County,US.AZ.MA,132290,2804,
Cook County,US.IL.CO,122423,5022,
Harris County,US.TX.RR,99290,2072,
Queens County,US.NY.QU,69805,7218,
Broward County,US.FL.BO,69584,1147,
Dallas County,US.TX.DS,69086,899,
Kings County,US.NY.KI,64495,7281,
Clark County,US.NV.CL,57131,1058,
Bronx County,US.NY.BN,51239,4896,
Riverside County,US.CA.RI,51200,978,
Orange County,US.CA.OR,46642,912,
San Bernardino County,US.CA.SA,45666,695,
Bexar County,US.TX.BX,45488,1007,
Suffolk County,US.NY.SF,44561,2001,
Nassau County,US.NY.NA,44348,2196,
Palm Beach County,US.FL.PL,40853,1066,
Tarrant County,US.TX.TN,37924,570,
San Diego County,US.CA.SD,36994,665,
Westchester County,US.NY.WE,36742,1449,
Hillsborough County,US.FL.HL,35953,534,
Orange County,US.FL.OR,34910,364,
New York County,US.NY.NE,31837,3168,
Wayne County,US.MI.WY,30333,2863,
Kern County,US.CA.KE,28520,251,
Philadelphia County,US.PA.PH,28460,1759,
Middlesex County,US.MA.MI,27248,2054,
Shelby County,US.TN.SY,26086,370,
Travis County,US.TX.TV,25890,338,
Duval County,US.FL.DU,25732,243,
Prince George's County,US.MD.PR,25648,780,
Hidalgo County,US.TX.HG,25169,995,
Mecklenburg County,US.NC.MB,24408,274,
Fulton County,US.GA.FU,23987,497,
Fresno County,US.CA.FR,23618,239,
Gwinnett County,US.GA.GW,23411,309,
Milwaukee County,US.WI.MU,23396,482,
Salt Lake County,US.UT.SL,23029,226,
Suffolk County,US.MA.SU,22973,1097,
Davidson County,US.TN.DA,22907,249,
Hennepin County,US.MN.HE,21934,868,
Bergen County,US.NJ.BE,21395,2033,
Pima County,US.AZ.PM,20919,553,
Franklin County,US.OH.FR,20794,554,
Essex County,US.NJ.ES,20159,2115,
Hudson County,US.NJ.HD,20058,1510,
Cameron County,US.TX.CA,19862,668,
El Paso County,US.TX.EP,19622,395,
Montgomery County,US.MD.MO,19599,815,
Pinellas County,US.FL.PI,19522,630,
King County,US.WA.KN,18837,715,
Fairfield County,US.CT.FA,18622,1412,
Essex County,US.MA.ES,18563,1222,
Middlesex County,US.NJ.MI,18319,1421,
Passaic County,US.NJ.PA,18206,1249,
Lee County,US.FL.LE,18140,406,
Fairfax County,US.VA.FX,17784,547,
Marion County,US.IN.MO,17689,745,
St. Louis County,US.MO.SL,17564,709,
Oakland County,US.MI.OD,17459,1155,
Alameda County,US.CA.AA,17275,240,
Union County,US.NJ.UN,17010,1350,
Sacramento County,US.CA.SC,16623,252,
San Joaquin County,US.CA.SJ,16545,297,
Polk County,US.FL.PO,16388,419,
Santa Clara County,US.CA.SL,16306,233,
Jefferson Parish,US.LA.JF,16159,539,
Cobb County,US.GA.CB,16144,373,
Providence County,US.RI.PR,16142,825,
DeKalb County,US.GA.DA,16086,287,
Richmond County,US.NY.RI,15189,1082,
Jefferson County,US.AL.JE,15143,288,
Cuyahoga County,US.OH.CU,15088,552,
Baltimore County,US.MD.BC,14823,592,
Fort Bend County,US.TX.FR,14640,220,
Nueces County,US.TX.NU,14584,248,
Rockland County,US.NY.RO,14149,508,
Baltimore City,US.MD.BA,14110,451,
Lake County,US.IL.LK,14027,459,
Wake County,US.NC.WK,14004,193,
DuPage County,US.IL.DU,14001,531,
Worcester County,US.MA.WO,13999,1042,
Washington,US.DC.DI,13684,604,
Jackson County (including other portions of Kansas City),US.MO.JC,13654,125,
Tulare County,US.CA.TL,13609,216,
New Haven County,US.CT.NH,13524,1110,
Stanislaus County,US.CA.ST,13521,237,
Charleston County,US.SC.CS,13440,228,
East Baton Rouge Parish,US.LA.EB,13391,404,
Hartford County,US.CT.HA,13184,1424,
Contra Costa County,US.CA.CN,13123,171,
Douglas County,US.NE.DG,12815,151,
Oklahoma County,US.OK.OL,12765,145,
Tulsa County,US.OK.TU,12559,127,
Macomb County,US.MI.MB,12255,961,
Yuma County,US.AZ.YU,12085,304,
Polk County,US.IA.PK,11874,217,
Greenville County,US.SC.GV,11804,245,
Mobile County,US.AL.MB,11736,250,
Orange County,US.NY.OE,11354,409,
Collier County,US.FL.CL,11351,166,
Orleans Parish,US.LA.OR,11229,572,
Denver County,US.CO.DN,11038,422,
Ocean County,US.NJ.OC,10997,1025,
Will County,US.IL.WL,10927,354,
Norfolk County,US.MA.NO,10909,1006,
Jefferson County,US.KY.JF,10888,261,
Escambia County,US.FL.ES,10871,178,
Kane County,US.IL.KE,10857,308,
Yakima County,US.WA.YA,10843,237,
Osceola County,US.FL.OS,10804,127,
Montgomery County,US.PA.MG,10784,862,
Ada County,US.ID.AA,10748,112,
Hamilton County,US.OH.HM,10663,281,
Monmouth County,US.NJ.MN,10607,860,
Imperial County,US.CA.IM,10486,272,
Collin County,US.TX.CI,10474,105,
Prince William County,US.VA.PW,10470,183,
Galveston County,US.TX.GV,10400,135,
Utah County,US.UT.UT,10316,45,
Manatee County,US.FL.MN,10241,250,
Webb County,US.TX.WB,10130,157,
Ventura County,US.CA.VE,10111,105,
Delaware County,US.PA.DE,10109,721,
Richland County,US.SC.RI,10084,187,
Allegheny County,US.PA.AL,9990,296,
Bristol County,US.MA.BR,9621,652,
Erie County,US.NY.ER,9546,605,
Plymouth County,US.MA.PL,9503,737,
Denton County,US.TX.DN,9235,119,
Pinal County,US.AZ.PN,9232,178,
Horry County,US.SC.HO,9157,178,
Camden County,US.NJ.CM,9001,585,
Volusia County,US.FL.VO,8997,182,
San Francisco County,US.CA.SF,8981,77,
Brazoria County,US.TX.BI,8824,127,
Lake County,US.IN.LK,8745,292,
Ramsey County,US.MN.RA,8720,287,
Mercer County,US.NJ.ME,8274,626,
Kent County,US.MI.KN,8165,162,
Lafayette Parish,US.LA.LY,8136,109,
Montgomery County,US.TX.MG,8122,115,
Marion County,US.FL.MI,8092,148,
Anne Arundel County,US.MD.AN,8037,232,
Arapahoe County,US.CO.AA,7907,365,
New Castle County,US.DE.NE,7890,299,
Santa Barbara County,US.CA.SB,7869,89,
Hampden County,US.MA.HD,7825,739,
Seminole County,US.FL.SE,7811,164,
Pasco County,US.FL.PS,7807,171,
San Mateo County,US.CA.SM,7788,130,
Williamson County,US.TX.WM,7747,115,
Merced County,US.CA.MD,7690,110,
Montgomery County,US.AL.MT,7658,158,
Bucks County,US.PA.BC,7623,585,
Hamilton County,US.TN.HL,7586,69,
Rutherford County,US.TN.RU,7523,67,
Morris County,US.NJ.MR,7439,830,
Johnson County,US.KS.JO,7418,112,
Monterey County,US.CA.MT,7393,53,
Calcasieu Parish,US.LA.CC,7256,178,
Adams County,US.CO.AD,7248,196,
Caddo Parish,US.LA.CO,7117,311,
Hall County,US.GA.HL,7116,118,
Sarasota County,US.FL.SR,7042,187,
Brevard County,US.FL.BE,6972,195,
Lubbock County,US.TX.LU,6918,87,
Canyon County,US.ID.CN,6910,70,
Washoe County,US.NV.WA,6816,133,
Chatham County,US.GA.CM,6760,116,
St. Lucie County,US.FL.SL,6720,224,
Pulaski County,US.AR.PU,6675,98,
Sedgwick County,US.KS.SG,6652,48,
Durham County,US.NC.DH,6650,82,
Washington County,US.AR.WA,6631,55,
Pierce County,US.WA.PI,6585,164,
Jefferson County,US.TX.JE,6559,104,
Lancaster County,US.PA.LN,6518,428,
Guilford County,US.NC.GU,6479,163,
Honolulu County,US.HI.HO,6382,41,
Hinds County,US.MS.HI,6317,135,
Burlington County,US.NJ.BU,6304,482,
Sussex County,US.DE.SU,6239,195,
Lucas County,US.OH.LU,6149,339,
Clayton County,US.GA.CN,6124,128,
Lake County,US.FL.LK,6122,96,
Madison County,US.AL.MD,6093,46,
Snohomish County,US.WA.SN,5998,207,
Marin County,US.CA.MN,5965,95,
Kings County,US.CA.KI,5957,69,
Leon County,US.FL.LO,5933,30,
Forsyth County,US.NC.FO,5915,69,
Knox County,US.TN.KN,5891,51,
Berks County,US.PA.BK,5889,378,
St. Tammany Parish,US.LA.ST,5859,226,
City of St. Louis,US.MO.SY,5847,182,
El Paso County,US.CO.EL,5806,151,
McLennan County,US.TX.ML,5796,76,
Virginia Beach City,US.VA.VI,5788,64,
Loudoun County,US.VA.LD,5769,115,
Multnomah County,US.OR.MU,5761,110,
Wyandotte County,US.KS.WY,5761,111,
Richmond County,US.GA.RI,5731,115,
Bernalillo County,US.NM.BE,5633,149,
Navajo County,US.AZ.NA,5523,216,
Lexington County,US.SC.LX,5518,133,
Chester County,US.PA.CH,5481,352,
Elkhart County,US.IN.EL,5397,97,
Dakota County,US.MN.DA,5375,110,
Somerset County,US.NJ.SO,5358,564,
Ouachita Parish,US.LA.OU,5355,125,
Monroe County,US.NY.MR,5348,255,
Bibb County,US.GA.BI,5340,106,
St. Charles County,US.MO.SA,5338,96,
Muscogee County,US.GA.MG,5330,125,
Hays County,US.TX.HY,5297,53,
Waukesha County,US.WI.WK,5286,71,
Solano County,US.CA.SN,5231,46,
Sonoma County,US.CA.SO,5212,73,
Bay County,US.FL.BY,5195,74,
Tuscaloosa County,US.AL.TU,5178,90,
Dane County,US.WI.DA,5161,39,
Montgomery County,US.OH.MT,5144,115,
Lehigh County,US.PA.LH,5135,342,
Benton County,US.AR.BE,5113,45,
Brown County,US.WI.BW,5074,57,
Spokane County,US.WA.SP,5073,127,
Alachua County,US.FL.AL,5023,31,
St. Clair County,US.IL.SI,5010,166,
Minnehaha County,US.SD.MN,4938,70,
Chesterfield County,US.VA.CD,4888,77,
Dutchess County,US.NY.DU,4790,153,
Spartanburg County,US.SC.SP,4778,127,
Allen County,US.IN.AL,4713,174,
St. Joseph County,US.IN.SN,4693,90,
Jefferson County,US.CO.JE,4645,235,
Berkeley County,US.SC.BK,4640,76,
Bell County,US.TX.BL,4636,58,
Beaufort County,US.SC.BA,4596,64,
Santa Rosa County,US.FL.SA,4483,54,
Cherokee County,US.GA.CE,4459,72,
Anoka County,US.MN.AN,4412,118,
Henrico County,US.VA.HC,4403,189,
Brazos County,US.TX.BZ,4390,53,
DeSoto County,US.MS.DE,4365,41,
Howard County,US.MD.HO,4266,117,
Norfolk City,US.VA.NF,4245,44,
Summit County,US.OH.SU,4219,232,
St. Johns County,US.FL.SJ,4197,53,
Baldwin County,US.AL.BD,4190,35,
Henry County,US.GA.HY,4166,68,
Williamson County,US.TN.WL,4165,27,
McKinley County,US.NM.MC,4164,239,
Martin County,US.FL.MT,4112,112,
Winnebago County,US.IL.WN,4087,144,
Florence County,US.SC.FL,4079,145,
Northampton County,US.PA.NA,4068,297,
York County,US.SC.YO,4049,39,
Benton County,US.WA.BE,4021,122,
Shelby County,US.AL.SH,4012,42,
Okaloosa County,US.FL.OA,3998,74,
Hillsborough County,US.NH.HI,3987,284,
Woodbury County,US.IA.WO,3972,54,
Weld County,US.CO.WE,3965,146,
Potter County,US.TX.PT,3943,45,
Tangipahoa Parish,US.LA.TA,3939,90,
Sumner County,US.TN.SN,3903,83,
Genesee County,US.MI.GE,3888,303,
Fayette County,US.KY.FA,3881,52,
Gaston County,US.NC.GS,3877,62,
Racine County,US.WI.RA,3867,86,
Whitfield County,US.GA.WF,3859,47,
Franklin County,US.WA.FR,3850,55,
Cumberland County,US.NC.CU,3805,65,
Onondaga County,US.NY.OG,3792,179,
Victoria County,US.TX.VI,3749,71,
Clay County,US.FL.CY,3734,73,
Union County,US.NC.UN,3732,47,
Luzerne County,US.PA.LU,3712,187,
Atlantic County,US.NJ.AT,3686,252,
Rapides Parish,US.LA.RA,3679,133,
Lancaster County,US.NE.LA,3674,20,
Davis County,US.UT.DA,3670,22,
McHenry County,US.IL.MY,3667,115,
Madison County,US.IL.MD,3666,92,
Richmond City,US.VA.RC,3662,43,
Johnston County,US.NC.JH,3645,49,
Washington County,US.OR.WI,3610,35,
Hamilton County,US.IN.HM,3591,107,
Marion County,US.OR.MR,3587,76,
Chesapeake City,US.VA.CS,3582,43,
Cleveland County,US.OK.CV,3581,63,
Gloucester County,US.NJ.GL,3579,220,
Ellis County,US.TX.EI,3562,55,
Marshall County,US.AL.MS,3551,40,
Butler County,US.OH.BU,3536,69,
Mohave County,US.AZ.MO,3534,196,
Black Hawk County,US.IA.BL,3526,71,
Cumberland County,US.NJ.CU,3516,159,
Madera County,US.CA.ME,3509,51,
Dorchester County,US.SC.DO,3463,68,
Arlington County,US.VA.AR,3415,138,
Lee County,US.AL.LE,3404,52,
Lowndes County,US.GA.LW,3379,59,
Frederick County,US.MD.FR,3376,123,
Walker County,US.TX.WK,3344,46,
Livingston Parish,US.LA.LV,3313,63,
Cass County,US.ND.CS,3309,76,
Apache County,US.AZ.AP,3309,148,
Alexandria City,US.VA.AX,3309,61,
Coconino County,US.AZ.CO,3264,122,
Terrebonne Parish,US.LA.TR,3259,94,
Robeson County,US.NC.RB,3250,59,
Columbia County,US.FL.CU,3249,31,
Ascension Parish,US.LA.AE,3245,90,
Lafourche Parish,US.LA.LO,3211,107,
Dauphin County,US.PA.DA,3179,161,
Maverick County,US.TX.MV,3168,67,
York County,US.PA.YO,3158,116,
San Juan County,US.NM.SJ,3158,189,
Weber County,US.UT.WB,3140,29,
Stearns County,US.MN.SR,3131,21,
Harrison County,US.MS.HR,3100,48,
Midland County,US.TX.ID,3094,45,
Warren County,US.KY.WR,3076,24,
Douglas County,US.GA.DL,3060,62,
Smith County,US.TX.SM,3044,53,
Cabarrus County,US.NC.CR,3014,51,
St. Landry Parish,US.LA.SL,3006,109,
Columbia County,US.GA.CI,2995,41,
Marion County,US.OH.MR,2991,45,
Anderson County,US.SC.AN,2942,99,
Alamance County,US.NC.AA,2931,44,
Dougherty County,US.GA.DH,2925,176,
Glynn County,US.GA.GY,2907,64,
Kenosha County,US.WI.KN,2894,61,
Forsyth County,US.GA.FO,2884,32,
New Hanover County,US.NC.NE,2865,21,
Pitt County,US.NC.PI,2855,15,
Placer County,US.CA.PA,2833,32,
Jackson County,US.MS.JC,2830,57,
Washtenaw County,US.MI.WS,2826,115,
Madison County,US.MS.MD,2802,81,
Mahoning County,US.OH.MH,2795,262,
Acadia Parish,US.LA.AD,2776,93,
San Luis Obispo County,US.CA.SS,2769,21,
Linn County,US.IA.LI,2769,91,
Indian River County,US.FL.IN,2766,87,
Orangeburg County,US.SC.OR,2761,93,
Sumter County,US.SC.SU,2754,60,
Municipality of Anchorage,US.AK.AN,2751,20,
Washington County,US.UT.WN,2735,22,
Dona Ana County,US.NM.DO,2733,40,
Santa Cruz County,US.AZ.SA,2728,56,
Sebastian County,US.AR.SB,2722,30,
Morgan County,US.AL.MG,2719,24,
Wayne County,US.NC.WY,2712,50,
Albany County,US.NY.AB,2711,120,
Rankin County,US.MS.RA,2708,54,
Ector County,US.TX.EC,2703,59,
Iberia Parish,US.LA.II,2686,81,
Kaufman County,US.TX.KU,2685,33,
Washington County,US.MN.WH,2682,51,
Sarpy County,US.NE.SY,2675,15,
Wilson County,US.TN.WO,2672,30,
Etowah County,US.AL.ET,2661,37,
Johnson County,US.IA.JH,2650,24,
Bossier Parish,US.LA.BO,2619,92,
Starr County,US.TX.SR,2618,118,
Rowan County,US.NC.RW,2616,56,
Umatilla County,US.OR.UM,2570,35,
Charlotte County,US.FL.CH,2569,108,
Clarke County,US.GA.CK,2564,27,
Kent County,US.DE.KE,2556,109,
Houston County,US.GA.HO,2543,64,
Troup County,US.GA.TP,2516,79,
Greene County,US.MO.GE,2514,10,
Hernando County,US.FL.HA,2476,77,
Catawba County,US.NC.CB,2473,42,
Pickaway County,US.OH.PC,2456,42,
Anderson County,US.TX.AE,2449,18,
Johnson County,US.TX.JH,2427,42,
Saginaw County,US.MI.SG,2407,130,
Vanderburgh County,US.IN.VA,2382,18,
Bradley County,US.TN.BR,2370,16,
Suwannee County,US.FL.SW,2363,56,
Jefferson County,US.MO.JE,2351,30,
Calhoun County,US.AL.CN,2345,28,
Montgomery County,US.TN.MT,2345,28,
Harford County,US.MD.HA,2344,69,
Randolph County,US.NC.RA,2332,43,
Charles County,US.MD.CH,2306,93,
Buncombe County,US.NC.BO,2305,65,
Comal County,US.TX.OM,2293,94,
Bartow County,US.GA.BT,2292,67,
Jackson County,US.FL.JA,2282,65,
Yavapai County,US.AZ.YA,2259,76,
Ford County,US.KS.FO,2257,10,
Oneida County,US.NY.OD,2256,120,
Yolo County,US.CA.YO,2255,49,
Aiken County,US.SC.AI,2255,57,
Boulder County,US.CO.BO,2247,79,
Iredell County,US.NC.IR,2230,18,
Peoria County,US.IL.PI,2220,39,
Carroll County,US.GA.CL,2216,56,
Gadsden County,US.FL.GA,2211,30,
Stark County,US.OH.ST,2192,150,
Newton County,US.GA.NE,2189,58,
Hendricks County,US.IN.HD,2189,111,
Putnam County,US.TN.PU,2171,24,
Cumberland County,US.ME.CU,2166,70,
Sevier County,US.TN.SV,2157,11,
Newport News City,US.VA.NN,2155,21,
Warren County,US.OH.WR,2155,41,
Jasper County,US.MO.JS,2137,35,
Ulster County,US.NY.UL,2137,82,
Portsmouth City,US.VA.PR,2135,31,
Dallas County,US.IA.DL,2132,36,
Kootenai County,US.ID.KO,2120,27,
Grant County,US.WA.GN,2109,15,
Paulding County,US.GA.PA,2106,30,
Champaign County,US.IL.CM,2100,20,
Pickens County,US.SC.PI,2100,31,
Clark County,US.WA.CR,2093,53,
Jones County,US.MS.JO,2087,69,
Floyd County,US.GA.FL,2086,29,
DeKalb County,US.AL.DA,2078,16,
Randall County,US.TX.RA,2077,25,
Kankakee County,US.IL.KK,2064,71,
Elmore County,US.AL.EL,2061,44,
Davidson County,US.NC.DD,2060,32,
Duplin County,US.NC.DP,2060,49,
Rock Island County,US.IL.RO,2054,47,
Cache County,US.UT.CA,2054,6,
Forrest County,US.MS.FO,2043,61,
Coweta County,US.GA.CA,2041,26,
Lee County,US.MS.LE,2041,49,
Lorain County,US.OH.LR,2036,81,
Scott County,US.IA.SC,2025,19,
Orange County,US.NC.OR,2025,50,
Shawnee County,US.KS.SN,2010,21,
Ottawa County,US.MI.OT,2008,63,
Lackawanna County,US.PA.LC,2002,213,
Boone County,US.MO.BO,1984,6,
Citrus County,US.FL.CI,1980,50,
Tom Green County,US.TX.TG,1975,43,
Angelina County,US.TX.AG,1968,63,
Dakota County,US.NE.DK,1966,42,
Johnson County,US.IN.JO,1956,120,
Hendry County,US.FL.HR,1945,39,
Washington County,US.MS.WS,1944,57,
Houston County,US.AL.HO,1929,17,
Olmsted County,US.MN.OL,1928,24,
St. Martin Parish,US.LA.SR,1928,54,
Douglas County,US.CO.DU,1927,60,
Jefferson County,US.AR.JE,1924,47,
Dubuque County,US.IA.DU,1915,35,
Guadalupe County,US.TX.GU,1871,67,
Scott County,US.MN.SC,1870,28,
Kalamazoo County,US.MI.KA,1857,86,
Finney County,US.KS.FI,1853,12,
Clackamas County,US.OR.CC,1852,55,
Cass County,US.IN.CS,1844,9,
Vermilion Parish,US.LA.VM,1842,38,
Larimer County,US.CO.LR,1840,38,
Walker County,US.AL.WK,1839,70,
Nobles County,US.MN.NB,1832,12,
Barnstable County,US.MA.BA,1825,164,
Buena Vista County,US.IA.BV,1817,12,
Yellowstone County,US.MT.YS,1816,41,
Hall County,US.NE.HL,1806,46,
Burke County,US.NC.BK,1804,27,
Gregg County,US.TX.GE,1803,43,
Cochise County,US.AZ.CH,1798,57,
Rockingham County,US.NH.RO,1775,99,
Val Verde County,US.TX.VL,1775,60,
Columbiana County,US.OH.CL,1773,63,
Robertson County,US.TN.RB,1772,25,
Manassas City,US.VA.MS,1769,23,
Blount County,US.TN.BO,1753,16,
Burleigh County,US.ND.BL,1750,13,
Westmoreland County,US.PA.WE,1748,49,
Highlands County,US.FL.HG,1747,57,
Orange County,US.TX.OR,1744,34,
St. Mary Parish,US.LA.SM,1739,66,
Spotsylvania County,US.VA.SP,1730,37,
Putnam County,US.FL.PU,1730,35,
Sumter County,US.FL.SM,1724,46,
Coffee County,US.GA.CF,1721,36,
Greenwood County,US.SC.GW,1720,30,
Trumbull County,US.OH.TR,1715,116,
Ingham County,US.MI.IH,1714,37,
St. Clair County,US.AL.SA,1704,25,
Colquitt County,US.GA.CQ,1702,26,
Craighead County,US.AR.CG,1701,14,
Monroe County,US.PA.MR,1701,127,
Butte County,US.CA.BU,1699,18,
Santa Cruz County,US.CA.SZ,1698,7,
Monroe County,US.FL.MO,1695,14,
Hot Spring County,US.AR.HT,1684,18,
Lebanon County,US.PA.LB,1681,56,
Wilson County,US.NC.WO,1679,36,
Georgetown County,US.SC.GR,1677,35,
Chelan County,US.WA.CH,1676,11,
Lauderdale County,US.MS.LU,1672,103,
Henderson County,US.NC.HN,1661,59,
Litchfield County,US.CT.LI,1658,139,
Kenton County,US.KY.KE,1656,41,
Sangamon County,US.IL.SM,1656,37,
Carroll County,US.MD.CR,1655,120,
Leavenworth County,US.KS.LV,1634,9,
Barrow County,US.GA.BW,1629,36,
Clark County,US.IN.CK,1625,51,
Walworth County,US.WI.WL,1623,26,
Rockdale County,US.GA.RO,1613,28,
Stafford County,US.VA.SF,1612,10,
St. Charles Parish,US.LA.SC,1611,54,
Twin Falls County,US.ID.TW,1610,34,
Fairfield County,US.OH.FI,1609,39,
Story County,US.IA.ST,1609,16,
Parker County,US.TX.PR,1607,23,
Outagamie County,US.WI.OU,1606,19,
Pope County,US.AR.PP,1605,14,
Liberty County,US.TX.LT,1602,41,
Kendall County,US.IL.KA,1601,23,
Washington County,US.TN.WI,1601,8,
Maury County,US.TN.MU,1599,13,
Porter County,US.IN.PR,1599,41,
Crittenden County,US.AR.CD,1595,28,
Talladega County,US.AL.TD,1593,17,
Trousdale County,US.TN.TR,1592,6,
Kent County,US.RI.KE,1592,103,
Madison County,US.TN.MD,1590,34,
Hamblen County,US.TN.HB,1588,20,
Walton County,US.FL.WL,1588,20,
Limestone County,US.AL.LI,1587,15,
Niagara County,US.NY.NI,1586,89,
Bonneville County,US.ID.BV,1582,8,
Rock County,US.WI.RO,1582,26,
Faulkner County,US.AR.FA,1579,7,
Darlington County,US.SC.DA,1576,45,
Marshall County,US.IA.MS,1571,28,
Sampson County,US.NC.SP,1566,20,
Lancaster County,US.SC.LN,1563,31,
Dallas County,US.AL.DL,1556,25,
Berrien County,US.MI.BN,1555,69,
Hale County,US.TX.HE,1554,40,
Suffolk City,US.VA.SO,1553,59,
Russell County,US.AL.RU,1552,2,
Delaware County,US.OH.DL,1546,20,
Cullman County,US.AL.CU,1546,12,
Bastrop County,US.TX.BP,1542,25,
Kershaw County,US.SC.KE,1534,29,
Bulloch County,US.GA.BH,1525,21,
Nassau County,US.FL.NA,1522,16,
Harnett County,US.NC.HT,1521,45,
New London County,US.CT.NL,1520,106,
Pottawattamie County,US.IA.PT,1520,31,
Beaver County,US.PA.BA,1515,96,
Licking County,US.OH.LI,1512,56,
Nash County,US.NC.NA,1507,21,
Sullivan County,US.NY.SL,1499,37,
Cleveland County,US.NC.CV,1499,26,
St. John the Baptist Parish,US.LA.SO,1499,95,
Sullivan County,US.TN.SL,1495,22,
Bee County,US.TX.BE,1489,20,
Franklin County,US.PA.FR,1483,46,
Washington County,US.WI.WN,1482,26,
Franklin County,US.AL.FR,1480,24,
Wicomico County,US.MD.WI,1480,47,
Putnam County,US.NY.PU,1480,63,
Tippecanoe County,US.IN.TP,1479,13,
Hampton city,US.VA.HM,1474,15,
Cumberland County,US.PA.CU,1469,72,
Baldwin County,US.GA.BD,1467,47,
Gordon County,US.GA.GO,1461,25,
DeSoto County,US.FL.DE,1454,21,
Tift County,US.GA.TI,1451,48,
Laurens County,US.SC.LU,1449,54,
Granville County,US.NC.GN,1448,39,
Middlesex County,US.CT.MI,1436,192,
Chatham County,US.NC.CH,1435,56,
Fayette County,US.GA.FY,1434,36,
Canadian County,US.OK.CN,1433,11,
Washington Parish,US.LA.WO,1426,59,
Allen Parish,US.LA.AL,1426,37,
Saline County,US.AR.SL,1409,10,
Neshoba County,US.MS.NS,1404,99,
Walton County,US.GA.WA,1403,44,
Stanly County,US.NC.SN,1400,31,
Onslow County,US.NC.ON,1391,14,
Grayson County,US.TX.GO,1391,20,
Lee County,US.NC.LE,1390,11,
Colbert County,US.AL.CL,1389,19,
Lamar County,US.MS.LM,1387,25,
Hunt County,US.TX.HT,1385,25,
Warren County,US.NJ.WA,1384,171,
Lincoln County,US.AR.LC,1384,13,
Winnebago County,US.WI.WA,1383,21,
Sussex County,US.NJ.SU,1380,198,
Bolivar County,US.MS.BO,1380,42,
Lauderdale County,US.AL.LU,1375,22,
Napa County,US.CA.NA,1365,13,
Caldwell County,US.NC.CL,1362,14,
Brunswick County,US.NC.BS,1361,24,
Clark County,US.OH.CK,1360,21,
Autauga County,US.AL.AU,1355,23,
Cherokee County,US.TX.CK,1353,14,
Jackson County,US.GA.JC,1351,22,
Tipton County,US.TN.TI,1349,13,
Escambia County,US.AL.ES,1346,20,
Thomas County,US.GA.TH,1341,47,
Garland County,US.AR.GL,1320,27,
Oktibbeha County,US.MS.OK,1319,46,
Sutter County,US.CA.SU,1312,8,
Iberville Parish,US.LA.IV,1311,53,
Ware County,US.GA.WE,1306,42,
Erie County,US.PA.ER,1305,30,
Titus County,US.TX.TU,1295,20,
Muskegon County,US.MI.MG,1295,64,
Seward County,US.KS.SW,1293,4,
Nacogdoches County,US.TX.NC,1292,45,
Clay County,US.MO.CY,1285,30,
St. Francis County,US.AR.SI,1280,3,
Habersham County,US.GA.HB,1279,59,
Mississippi County,US.AR.MS,1277,18,
Rockwall County,US.TX.RC,1274,21,
Flagler County,US.FL.FL,1266,15,
Jackson County,US.AL.JA,1264,7,
Lake County,US.OH.LK,1262,44,
Warren County,US.MS.WR,1260,43,
Panola County,US.MS.PA,1257,21,
Broome County,US.NY.BO,1256,82,
Wood County,US.OH.WO,1255,60,
Hampshire County,US.MA.HS,1249,135,
Taylor County,US.TX.TA,1249,33,
Avoyelles Parish,US.LA.AV,1248,43,
Kanawha County,US.WV.KA,1246,27,
Laurens County,US.GA.LR,1244,39,
Washington County,US.MD.WA,1241,32,
Boone County,US.KY.BO,1239,24,
Lowndes County,US.MS.LO,1237,52,
Hardin County,US.TX.HN,1233,19,
Monroe County,US.MI.MO,1230,26,
Wichita County,US.TX.WC,1227,14,
Moore County,US.NC.ME,1225,21,
Rogers County,US.OK.RS,1224,31,
Caldwell County,US.TX.CW,1217,32,
Sunflower County,US.MS.SU,1216,34,
Madison County,US.IN.MD,1213,68,
Okeechobee County,US.FL.OE,1208,13,
Leflore County,US.MS.LL,1208,73,
San Patricio County,US.TX.SP,1208,52,
Schenectady County,US.NY.SN,1206,41,
St. Bernard Parish,US.LA.SE,1203,25,
Sandoval County,US.NM.SD,1202,35,
Lafayette County,US.MS.LY,1202,34,
Hunterdon County,US.NJ.HN,1197,124,
Buchanan County,US.MO.BC,1197,10,
McLean County,US.IL.ML,1188,16,
Hardeman County,US.TN.HA,1183,22,
Comanche County,US.OK.CM,1181,11,
Clermont County,US.OH.CE,1174,13,
Eagle County,US.CO.EA,1167,10,
Lafayette County,US.FL.LF,1164,4,
Taylor County,US.FL.TA,1164,5,
Mower County,US.MN.MW,1163,3,
Blount County,US.AL.BU,1160,6,
Wharton County,US.TX.WN,1156,40,
Harrisonburg City,US.VA.HS,1155,32,
Grand Forks County,US.ND.GD,1154,10,
Williamsburg County,US.SC.WI,1152,36,
Rice County,US.MN.RI,1150,8,
Jefferson Davis Parish,US.LA.JD,1149,34,
Accomack County,US.VA.AC,1135,18,
Sevier County,US.AR.SV,1134,12,
Roanoke city,US.VA.RO,1129,15,
LaSalle County,US.IL.LA,1128,42,
Spalding County,US.GA.SD,1126,48,
Chambers County,US.TX.CH,1123,5,
Polk County,US.GA.PO,1122,12,
LaPorte County,US.IN.LA,1121,31,
Douglas County,US.WA.DO,1119,7,
Baker County,US.FL.BK,1118,4,
Texas County,US.OK.TE,1114,7,
Wright County,US.MN.WR,1114,6,
Yell County,US.AR.YE,1113,21,
Medina County,US.OH.MD,1110,36,
Moore County,US.TX.MO,1109,18,
Pike County,US.MS.PI,1092,40,
Surry County,US.NC.SU,1092,14,
Tolland County,US.CT.TO,1090,65,
St. Mary's County,US.MD.SA,1086,54,
Culpeper County,US.VA.CP,1084,13,
Gila County,US.AZ.GI,1083,44,
Pennington County,US.SD.PN,1082,33,
Vigo County,US.IN.VI,1077,15,
Wagoner County,US.OK.WG,1075,23,
Scott County,US.MS.SC,1074,21,
Medina County,US.TX.ME,1073,34,
Blue Earth County,US.MN.BE,1071,5,
Hardee County,US.FL.HD,1066,9,
DeKalb County,US.IL.DK,1064,33,
Bedford County,US.TN.BD,1064,14,
Malheur County,US.OR.ML,1064,16,
La Crosse County,US.WI.LA,1060,1,
Monongalia County,US.WV.MG,1059,5,
Franklin Parish,US.LA.FR,1059,26,
Whatcom County,US.WA.WA,1057,40,
Columbus County,US.NC.CM,1054,50,
Lea County,US.NM.LE,1048,9,
Dodge County,US.WI.DD,1046,5,
Carver County,US.MN.CV,1046,4,
Lincoln County,US.NC.LI,1041,10,
Copiah County,US.MS.CP,1039,31,
Navarro County,US.TX.NV,1037,13,
Dale County,US.AL.DE,1037,36,
Livingston County,US.MI.LI,1036,29,
Covington County,US.AL.CV,1035,24,
Chilton County,US.AL.CI,1034,13,
Howard County,US.IN.HO,1031,61,
Newton County,US.MO.NT,1028,11,
Allen County,US.OH.AN,1028,49,
Wapello County,US.IA.WP,1023,45,
Gallatin County,US.MT.GL,1023,3,
Bartholomew County,US.IN.BA,1022,51,
Holmes County,US.MS.HO,1019,52,
Evangeline Parish,US.LA.EV,1019,24,
Douglas County,US.KS.DG,1017,8,
Coffee County,US.AL.CF,1015,7,
Tallapoosa County,US.AL.TP,1013,80,
Rockingham County,US.VA.RG,1009,20,
Floyd County,US.IN.FL,1008,54,
Gibson County,US.TN.GB,1005,13,
Pontotoc County,US.MS.PO,1003,9,
Toombs County,US.GA.TM,1000,12,
Miami County,US.OH.MM,996,40,
Oconee County,US.SC.OC,995,16,
Wilkes County,US.NC.WE,994,20,
Kosciusko County,US.IN.KO,993,16,
Webster Parish,US.LA.WR,993,19,
Lee County,US.AR.LE,993,10,
Dawson County,US.NE.DN,989,9,
Washington County,US.FL.WS,989,14,
San Benito County,US.CA.SI,987,7,
Skagit County,US.WA.SG,985,22,
Franklin County,US.NC.FR,984,28,
Monroe County,US.MS.MR,984,56,
Washington County,US.PA.WS,983,24,
McDonald County,US.MO.MA,980,9,
Chattahoochee County,US.GA.CH,978,2,
Grimes County,US.TX.GM,977,29,
Schuylkill County,US.PA.SC,975,51,
Cass County,US.MO.CS,975,9,
Effingham County,US.GA.EF,975,14,
Albemarle County,US.VA.AB,975,16,
Chambers County,US.AL.CM,973,39,
Tazewell County,US.IL.TA,971,9,
Okanogan County,US.WA.OK,970,6,
Fond du Lac County,US.WI.FN,969,9,
Monroe County,US.IN.MR,969,36,
McCurtain County,US.OK.MU,968,29,
Sheboygan County,US.WI.SE,962,8,
Salem County,US.NJ.SA,960,88,
Camden County,US.GA.CD,957,7,
Clarendon County,US.SC.CN,951,61,
Payne County,US.OK.PY,950,5,
Clarke County,US.AL.CK,946,11,
Jim Wells County,US.TX.JW,943,23,
Chicot County,US.AR.CT,939,10,
Kitsap County,US.WA.KS,938,8,
Lincoln County,US.MS.LI,937,49,
Yazoo County,US.MS.YZ,935,19,
El Dorado County,US.CA.EL,932,2,
Wayne County,US.GA.WY,931,22,
Muscatine County,US.IA.MU,930,48,
Decatur County,US.GA.DC,929,20,
Newberry County,US.SC.NE,929,13,
Vernon Parish,US.LA.VN,927,36,
Walker County,US.GA.WK,925,20,
Beauregard Parish,US.LA.BE,924,31,
Coahoma County,US.MS.CH,923,16,
Chesterfield County,US.SC.CF,922,24,
Pointe Coupee Parish,US.LA.PO,917,36,
Delaware County,US.IN.DL,909,54,
Simpson County,US.MS.SI,907,39,
Grenada County,US.MS.GN,903,30,
Marshall County,US.MS.MS,899,11,
Daviess County,US.KY.DA,898,11,
Natchitoches Parish,US.LA.NA,898,22,
Calhoun County,US.MI.CU,897,44,
Rutherford County,US.NC.RU,897,18,
Greene County,US.OH.GR,896,16,
Pike County,US.AL.PK,892,8,
Franklin County,US.MO.FR,889,19,
Loudon County,US.TN.LO,888,3,
Matagorda County,US.TX.MD,887,38,
St. Clair County,US.MI.SA,885,53,
Liberty County,US.GA.LB,884,14,
Lincoln Parish,US.LA.LN,883,39,
Yuba County,US.CA.YU,883,5,
Cape May County,US.NJ.CP,882,91,
Macon County,US.TN.MC,882,15,
Craven County,US.NC.CN,879,26,
Dodge County,US.NE.DE,876,11,
Thurston County,US.WA.TH,875,12,
Shelby County,US.KY.SH,872,23,
Colleton County,US.SC.CT,872,36,
Taney County,US.MO.TA,868,3,
Cape Girardeau County,US.MO.CG,868,6,
Levy County,US.FL.LV,868,6,
Lynchburg city,US.VA.LY,867,5,
Macon County,US.IL.MC,866,24,
Dyer County,US.TN.DY,866,9,
Ozaukee County,US.WI.OZ,866,18,
Leake County,US.MS.LK,866,29,
Vance County,US.NC.VA,866,42,
East Feliciana Parish,US.LA.EF,865,44,
Wakulla County,US.FL.WK,863,6,
Jackson County,US.IL.JC,862,20,
Dickson County,US.TN.DI,861,8,
Bowie County,US.TX.BW,860,42,
Hardin County,US.KY.HN,860,8,
Edgecombe County,US.NC.ED,857,17,
Marshall County,US.IN.MS,856,23,
Appling County,US.GA.AP,856,23,
Crawford County,US.AR.CW,851,6,
Anderson County,US.TN.AN,841,8,
Tuscarawas County,US.OH.TU,840,16,
Wayne County,US.MS.WY,840,21,
St. Francois County,US.MO.SF,839,4,
Hoke County,US.NC.HO,839,12,
Union County,US.MS.UN,838,20,
Sherburne County,US.MN.SH,837,13,
Tate County,US.MS.TT,836,32,
Boone County,US.IL.BO,835,23,
Portage County,US.OH.PO,834,65,
Madison County,US.FL.MD,834,12,
Clay County,US.MN.CA,833,40,
Platte County,US.NE.PL,832,3,
Halifax County,US.NC.HL,830,9,
Jefferson County,US.WI.JE,829,6,
Madison County,US.KY.MD,828,2,
Butler County,US.AL.BT,826,37,
Sumter County,US.GA.SU,826,57,
Saratoga County,US.NY.SR,824,15,
Fayette County,US.TN.FA,824,10,
Chester County,US.SC.CR,824,17,
Summit County,US.UT.SU,821,1,
Garfield County,US.CO.GA,821,4,
Lake County,US.TN.LK,820,1,
Lyon County,US.KS.LY,820,14,
Rensselaer County,US.NY.RE,819,41,
Willacy County,US.TX.WY,818,41,
Catoosa County,US.GA.CS,809,17,
West Baton Rouge Parish,US.LA.WB,809,38,
Pueblo County,US.CO.PU,806,34,
De Soto Parish,US.LA.DE,804,31,
Dubois County,US.IN.DU,804,17,
Montgomery County,US.NC.MO,804,17,
Gulf County,US.FL.GU,801,8,
Bryan County,US.GA.BY,799,9,
Coles County,US.IL.CE,798,21,
Lincoln County,US.SD.LI,798,2,
DeWitt County,US.TX.DE,798,24,
Sioux County,US.IA.SI,796,3,
Henderson County,US.TN.HS,796,6,
Union Parish,US.LA.UN,796,39,
Garfield County,US.OK.GF,795,9,
Gonzales County,US.TX.GA,795,12,
Crawford County,US.IA.CW,794,3,
Lamar County,US.TX.LR,791,24,
Boone County,US.IN.BO,788,46,
Coryell County,US.TX.CL,786,9,
Bay County,US.MI.BY,786,40,
Santa Fe County,US.NM.ST,785,3,
Jackson County,US.MI.JA,782,38,
Deaf Smith County,US.TX.DI,781,19,
Windham County,US.CT.WI,780,15,
Chittenden County,US.VT.CH,779,39,
Kandiyohi County,US.MN.KD,779,1,
Madison County,US.TX.AD,779,4,
Hancock County,US.IN.HC,779,41,
St. Louis County,US.MN.ST,777,23,
Mercer County,US.OH.MC,775,14,
Noble County,US.IN.NO,775,30,
Polk County,US.TX.PK,774,16,
Harrison County,US.TX.HR,774,26,
Oldham County,US.KY.OL,770,22,
Berkeley County,US.WV.BE,769,11,
Bledsoe County,US.TN.BE,768,3,
Pottawatomie County,US.OK.PT,766,9,
Stephens County,US.GA.SE,766,21,
Cecil County,US.MD.CE,766,31,
Calvert County,US.MD.CL,766,28,
Worcester County,US.MD.WO,766,23,
Henderson County,US.TX.HD,765,16,
Henry County,US.VA.HY,763,14,
Cherokee County,US.SC.CK,762,31,
Shenandoah County,US.VA.SN,762,48,
Marion County,US.MS.MI,761,25,
Obion County,US.TN.OB,759,6,
Creek County,US.OK.CE,758,19,
McDowell County,US.NC.MW,757,24,
York County,US.ME.YO,756,14,
Frederick County,US.VA.FK,753,10,
St. James Parish,US.LA.SJ,752,35,
Butler County,US.PA.BT,750,17,
Weakley County,US.TN.WE,749,11,
Marion County,US.AL.MI,747,28,
Williamson County,US.IL.WS,747,10,
Washington County,US.OK.WN,746,39,
Pettis County,US.MO.PS,746,7,
Warren County,US.TN.WR,745,7,
Hanover County,US.VA.HV,745,34,
Adams County,US.MS.AD,744,30,
Carter County,US.TN.CT,743,16,
Johnson County,US.AR.JO,742,3,
Marathon County,US.WI.MH,738,13,
Pender County,US.NC.PD,738,4,
Greene County,US.TN.GE,738,11,
Eau Claire County,US.WI.EA,737,6,
Sabine Parish,US.LA.SB,735,13,
Elko County,US.NV.EL,735,3,
Lenoir County,US.NC.LN,735,11,
Adams County,US.IL.AD,730,7,
Karnes County,US.TX.KS,730,10,
Cole County,US.MO.CE,729,4,
Jackson County,US.OR.JA,728,2,
Hood County,US.TX.HO,725,21,
Cerro Gordo County,US.IA.CG,724,20,
Barbour County,US.AL.BR,724,7,
Fauquier County,US.VA.FQ,723,9,
McMinn County,US.TN.MM,722,20,
Jefferson County,US.TN.JE,721,6,
Erie County,US.OH.ER,720,35,
Dillon County,US.SC.DI,720,28,
Gilmer County,US.GA.GI,719,5,
Lawrence County,US.TN.LW,717,9,
Christian County,US.KY.CH,716,10,
James City County,US.VA.JA,716,18,
Colfax County,US.NE.CO,714,4,
Rockingham County,US.NC.RC,713,7,
Cumberland County,US.TN.CU,712,8,
Harris County,US.GA.HI,711,21,
Walla Walla County,US.WA.WL,710,4,
Pearl River County,US.MS.PL,708,46,
Morgan County,US.CO.MN,708,47,
Warrick County,US.IN.WI,706,31,
Independence County,US.AR.IN,705,4,
Haywood County,US.TN.HY,705,10,
Lassen County,US.CA.LS,704,0,
Covington County,US.MS.CV,703,17,
Coffee County,US.TN.CF,700,6,
Webster County,US.IA.WE,698,8,
Graham County,US.AZ.GA,694,22,
Mitchell County,US.GA.MT,694,42,
Cheatham County,US.TN.CA,692,10,
Emanuel County,US.GA.EM,688,21,
Winston County,US.MS.WN,688,18,
Berkshire County,US.MA.BE,687,46,
Clinton County,US.IA.CN,686,7,
Murray County,US.GA.MA,685,3,
Muskogee County,US.OK.MO,681,16,
Bladen County,US.NC.BL,680,9,
Richland County,US.OH.RI,679,16,
Hamilton County,US.FL.HM,677,4,
Dixie County,US.FL.DI,677,4,
Belmont County,US.OH.BE,676,26,
Deschutes County,US.OR.DE,673,11,
Jackson County,US.IN.JC,673,7,
Logan County,US.CO.LO,672,5,
Wayne County,US.OH.WE,672,61,
George County,US.MS.GR,672,12,
Madison Parish,US.LA.MA,671,7,
St. Joseph County,US.MI.SJ,670,11,
Lauderdale County,US.TN.LU,669,12,
Jasper County,US.SC.JA,669,18,
Randolph County,US.IL.RA,667,7,
Reno County,US.KS.RN,666,1,
Lavaca County,US.TX.LA,665,28,
Richland Parish,US.LA.RI,664,9,
Fayette County,US.PA.FA,663,6,
Pittsylvania County,US.VA.PS,663,4,
Bradford County,US.FL.BA,663,5,
San Juan County,US.UT.SJ,662,28,
Warren County,US.IA.WR,662,5,
Lonoke County,US.AR.LO,661,2,
Uvalde County,US.TX.UV,660,16,
Lane County,US.OR.LE,659,5,
Washington County,US.RI.WA,659,61,
Greensville County,US.VA.GS,658,11,
Campbell County,US.KY.CM,658,13,
Marlboro County,US.SC.ML,656,5,
Madison County,US.OH.MO,655,11,
Tattnall County,US.GA.TT,651,5,
Assumption Parish,US.LA.AS,651,21,
Muhlenberg County,US.KY.MU,651,11,
Union County,US.AR.UN,650,21,
Marion County,US.SC.MI,650,17,
Tooele County,US.UT.TE,648,0,
Curry County,US.NM.CU,645,3,
Mendocino County,US.CA.MI,645,16,
Lee County,US.GA.LE,643,23,
Northumberland County,US.PA.NU,638,30,
Buckingham County,US.VA.BK,637,8,
Hawkins County,US.TN.HW,636,12,
Waller County,US.TX.WR,635,5,
Newton County,US.MS.NW,634,13,
Upson County,US.GA.UP,634,53,
Erath County,US.TX.ER,633,8,
Clinton County,US.IL.CN,632,17,
Burke County,US.GA.BE,631,7,
Burnet County,US.TX.BT,630,12,
Marengo County,US.AL.ME,629,18,
Grady County,US.GA.GD,628,8,
Chaves County,US.NM.CH,627,6,
Ross County,US.OH.RO,626,9,
Plymouth County,US.IA.PM,624,15,
Jefferson County,US.GA.JR,624,13,
Hardin County,US.TN.HI,624,9,
Graves County,US.KY.GV,623,28,
Frio County,US.TX.FO,622,7,
Richmond County,US.NC.RI,622,9,
Monroe County,US.TN.MR,621,12,
Wasatch County,US.UT.WA,621,5,
Wise County,US.TX.WE,620,11,
Saline County,US.NE.SL,620,2,
Beadle County,US.SD.BA,619,9,
Fairfield County,US.SC.FA,618,26,
Rhea County,US.TN.RH,618,2,
Lee County,US.SC.LE,615,30,
Cocke County,US.TN.CE,612,6,
Tallahatchie County,US.MS.TL,610,12,
Shelby County,US.IN.SH,608,28,
Lowndes County,US.AL.LO,608,26,
Iron County,US.UT.RN,608,2,
Grant County,US.IN.GA,606,30,
Riley County,US.KS.RL,606,5,
Allegan County,US.MI.AL,606,6,
Ben Hill County,US.GA.BL,605,10,
Yamhill County,US.OR.YA,604,14,
Jones County,US.TX.JN,604,0,
Jeff Davis County,US.GA.JF,603,9,
Big Horn County,US.MT.BI,603,15,
Osage County,US.OK.OS,602,12,
Yadkin County,US.NC.YD,602,7,
Holmes County,US.FL.HO,600,4,
Waupaca County,US.WI.WP,599,17,
Dawson County,US.GA.DW,599,6,
Sauk County,US.WI.SU,598,3,
St. Croix County,US.WI.SI,598,7,
Putnam County,US.GA.PT,597,20,
Blaine County,US.ID.BL,596,6,
Lumpkin County,US.GA.LP,596,12,
Geauga County,US.OH.GE,595,46,
Ashtabula County,US.OH.AB,595,46,
Androscoggin County,US.ME.AN,594,10,
Washington County,US.GA.WG,592,3,
Charlottesville City,US.VA.CE,592,17,
Buffalo County,US.NE.BF,591,3,
Cherokee County,US.OK.CK,589,4,
Petersburg city,US.VA.PB,588,20,
Roane County,US.TN.RA,587,2,
Greene County,US.AR.GE,587,4,
Tama County,US.IA.TM,587,29,
Payette County,US.ID.PA,586,4,
Calhoun County,US.TX.CU,586,7,
Van Buren County,US.MI.VA,582,14,
Monroe County,US.GA.MN,582,35,
LaGrange County,US.IN.LG,582,11,
Prentiss County,US.MS.PN,581,12,
Morehouse Parish,US.LA.MO,580,15,
Miller County,US.AR.ML,578,5,
Okmulgee County,US.OK.OM,578,4,
Fremont County,US.WY.FR,577,13,
Jerome County,US.ID.JR,576,6,
Adams County,US.PA.AD,574,23,
Bannock County,US.ID.BO,573,2,
Cassia County,US.ID.CS,572,3,
Attala County,US.MS.AT,571,25,
Jackson County,US.OK.JA,570,7,
Marinette County,US.WI.MT,570,6,
Scotland County,US.NC.SC,569,8,
Adams County,US.WA.AD,568,6,
Kleberg County,US.TX.KL,567,21,
Fairbanks North Star Borough,US.AK.FA,565,8,
Alcorn County,US.MS.AL,565,6,
Columbia County,US.NY.CU,564,47,
Brown County,US.SD.BW,561,3,
Henry County,US.IN.HY,561,21,
Washington County,US.TX.WH,561,44,
Chickasaw County,US.MS.CS,560,20,
Le Flore County,US.OK.LE,560,3,
Fannin County,US.TX.FI,559,10,
Roanoke County,US.VA.RE,559,4,
Bryan County,US.OK.BR,559,3,
Dearborn County,US.IN.DR,558,28,
Bullitt County,US.KY.BI,556,5,
Rusk County,US.TX.RK,556,4,
Morgan County,US.IN.MG,555,35,
Manassas Park city,US.VA.MP,554,7,
Shasta County,US.CA.SH,553,11,
Stark County,US.ND.SR,553,6,
Laramie County,US.WY.LA,552,4,
Madison County,US.NE.MA,552,5,
Scott County,US.MO.ST,551,13,
Darke County,US.OH.DA,551,31,
Johnson County,US.MO.JO,551,3,
Atascosa County,US.TX.AT,551,23,
Walthall County,US.MS.WT,551,24,
Danville City,US.VA.DA,550,12,
Morton County,US.ND.MR,548,5,
Calhoun County,US.FL.CA,546,8,
Peach County,US.GA.PH,546,16,
Christian County,US.MO.CT,546,1,
Charlton County,US.GA.CT,545,5,
Pittsburg County,US.OK.PI,545,14,
Butts County,US.GA.BU,541,40,
Hale County,US.AL.HA,540,27,
McClain County,US.OK.ML,540,4,
Minidoka County,US.ID.MI,539,2,
Bullock County,US.AL.BL,536,14,
Union County,US.FL.UN,535,5,
Pike County,US.PA.PI,535,21,
Mercer County,US.PA.ME,534,13,
Winston County,US.AL.WN,533,11,
Scurry County,US.TX.SU,532,2,
Columbia County,US.PA.CO,532,35,
Winn Parish,US.LA.WI,531,15,
East Carroll Parish,US.LA.EC,530,2,
Wilson County,US.TX.WS,530,24,
Tishomingo County,US.MS.TS,528,18,
Pickens County,US.AL.PC,528,11,
Bibb County,US.AL.BI,527,6,
Saluda County,US.SC.SA,526,11,
Houston County,US.TX.HS,526,8,
Carroll County,US.TN.CR,525,7,
Monroe County,US.AL.MR,525,7,
Saline County,US.MO.SI,525,7,
Oconee County,US.GA.OC,525,20,
Cowlitz County,US.WA.CW,524,6,
Jasper County,US.IA.JS,524,30,
Portage County,US.WI.PT,524,1,
Queen Anne's County,US.MD.QU,523,26,
Broomfield County and City,US.CO.BR,523,33,
Clinton County,US.IN.CI,523,7,
Laurel County,US.KY.LU,523,5,
Bamberg County,US.SC.BM,523,27,
Lapeer County,US.MI.LP,521,35,
Sequoyah County,US.OK.SQ,520,6,
Macon County,US.NC.MN,520,2,
Franklin County,US.FL.FR,520,3,
Hampton County,US.SC.HA,519,18,
Tippah County,US.MS.TP,517,15,
Franklin County,US.GA.FR,514,10,
Noxubee County,US.MS.NO,514,14,
Barnwell County,US.SC.BN,514,12,
Lenawee County,US.MI.LN,513,13,
Caddo County,US.OK.CD,513,20,
Scott County,US.KY.SC,513,4,
Pasquotank County,US.NC.PU,512,22,
Delaware County,US.OK.DL,511,20,
Lincoln County,US.MO.LO,510,1,
Perry County,US.AL.PE,509,4,
Beaufort County,US.NC.BA,507,9,
Washington County,US.AL.WS,506,13,
Flathead County,US.MT.FL,506,3,
West Feliciana Parish,US.LA.WF,504,19,
Madison County,US.GA.MD,503,7,
Bedford County,US.VA.BF,502,8,
Wilcox County,US.AL.WC,502,10,
Smith County,US.TN.SH,501,8,
Grady County,US.OK.GD,499,7,
Pierce County,US.GA.PR,499,11,
Wayne County,US.IN.WY,499,10,
Van Zandt County,US.TX.VN,499,12,
Cook County,US.GA.CO,497,10,
Oceana County,US.MI.OA,497,6,
Eaton County,US.MI.EA,497,8,
La Paz County,US.AZ.LA,496,14,
Wright County,US.IA.WG,495,1,
Merrimack County,US.NH.ME,495,23,
Itawamba County,US.MS.IT,495,14,
Valencia County,US.NM.VA,494,4,
Cabell County,US.WV.CB,493,6,
Bacon County,US.GA.BC,493,8,
McNairy County,US.TN.MA,493,8,
Jefferson County,US.FL.JE,492,5,
Prince George County,US.VA.PG,492,2,
Lycoming County,US.PA.LY,492,20,
Haywood County,US.NC.HW,491,25,
Pickens County,US.GA.PE,490,6,
McDuffie County,US.GA.MU,489,12,
Isle of Wight County,US.VA.IS,489,10,
Hancock County,US.OH.HN,489,6,
Worth County,US.GA.WO,488,24,
Plaquemines Parish,US.LA.PL,487,19,
Hopkins County,US.KY.HO,487,36,
Jackson County,US.TX.JA,486,13,
Mecklenburg County,US.VA.ME,484,33,
Sandusky County,US.OH.SA,483,17,
Hertford County,US.NC.HD,481,12,
Caroline County,US.MD.CO,480,3,
Ottawa County,US.OK.OT,476,4,
Barren County,US.KY.BN,475,6,
Marshall County,US.TN.MS,474,4,
White County,US.AR.WH,472,9,
Jackson County,US.NC.JA,472,7,
Camden County,US.MO.CM,471,8,
Conecuh County,US.AL.CO,471,11,
Prince Edward County,US.VA.PD,470,11,
McCracken County,US.KY.MK,469,5,
Randolph County,US.AL.RA,469,12,
Manitowoc County,US.WI.MW,468,1,
Edgefield County,US.SC.ED,467,9,
Chattooga County,US.GA.CG,465,5,
Jasper County,US.MS.JS,465,12,
Davie County,US.NC.DV,464,6,
Meriwether County,US.GA.MW,463,8,
Hancock County,US.MS.HN,463,18,
Nye County,US.NV.NY,463,14,
Clay County,US.MS.CY,462,14,
Huron County,US.OH.HU,462,6,
Clinton County,US.MI.CN,461,13,
Ogle County,US.IL.OG,459,5,
Morgan County,US.IL.MG,459,17,
Talbot County,US.MD.TA,458,4,
Pulaski County,US.KY.PU,458,6,
Lincoln County,US.OR.LC,456,13,
Whiteside County,US.IL.WD,456,18,
Calhoun County,US.MS.CN,456,10,
Brooks County,US.GA.BO,455,20,
Fredericksburg City,US.VA.FB,455,4,
Smith County,US.MS.SM,454,13,
Dunklin County,US.MO.DU,452,4,
Calumet County,US.WI.CA,452,2,
Jefferson County,US.OR.JE,452,6,
Harrison County,US.IN.HI,451,24,
White County,US.GA.WH,450,9,
Glades County,US.FL.GL,448,3,
Kittitas County,US.WA.KT,448,21,
Platte County,US.MO.PT,448,10,
Crisp County,US.GA.CP,448,15,
Brown County,US.TX.BN,447,19,
Lyon County,US.MN.LY,447,3,
Matanuska-Susitna Borough,US.AK.MA,447,2,
Logan County,US.WV.LO,446,20,
White County,US.TN.WH,446,7,
Carteret County,US.NC.CE,445,5,
Crawford County,US.KS.CR,443,1,
Todd County,US.MN.TO,443,2,
Lawrence County,US.PA.LW,443,17,
Gilchrist County,US.FL.GI,442,9,
Franklin County,US.KY.FR,442,11,
Grundy County,US.IL.GU,441,5,
Union County,US.SC.UN,440,5,
Saline County,US.KS.SA,439,9,
Cambria County,US.PA.CI,439,3,
Carroll County,US.AR.CL,437,7,
Ottawa County,US.OH.OT,436,28,
Winchester city,US.VA.WH,435,4,
Box Elder County,US.UT.BE,434,3,
Madison County,US.NY.MA,434,9,
Eddy County,US.NM.ED,433,5,
Glenn County,US.CA.GL,433,3,
Lawrence County,US.AL.LW,433,5,
York County,US.VA.YO,433,5,
Poinsett County,US.AR.PN,432,4,
Des Moines County,US.IA.DS,432,3,
Tunica County,US.MS.TU,431,10,
Elbert County,US.GA.EL,431,1,
Dorchester County,US.MD.DO,430,5,
Giles County,US.TN.GL,430,14,
Kerr County,US.TX.KR,430,9,
Morrow County,US.OR.MO,430,3,
Jones County,US.GA.JE,430,5,
Knox County,US.IL.KX,429,3,
Crenshaw County,US.AL.CA,429,18,
Colusa County,US.CA.CL,429,5,
Shelby County,US.TX.SY,428,19,
Tuscola County,US.MI.TU,427,29,
Centre County,US.PA.CT,427,11,
Franklin County,US.TN.FR,427,4,
Claiborne County,US.MS.CB,427,15,
Liberty County,US.FL.LI,426,7,
Jackson Parish,US.LA.JA,425,20,
Nevada County,US.CA.NE,424,5,
DeKalb County,US.TN.DE,424,5,
Grant County,US.WI.GA,423,16,
Union County,US.GA.UN,423,7,
Franklin County,US.MA.FR,422,61,
Wood County,US.WI.WO,421,2,
Ward County,US.ND.WR,421,1,
Colorado County,US.TX.CO,421,3,
Lawrence County,US.IN.LW,421,27,
Jessamine County,US.KY.JS,420,0,
Concordia Parish,US.LA.CR,420,9,
Clarke County,US.MS.CE,419,28,
White County,US.IN.WH,417,11,
Daviess County,US.IN.DI,417,23,
Fannin County,US.GA.FN,416,6,
Carbon County,US.PA.CB,416,28,
Anson County,US.NC.AN,415,3,
Blair County,US.PA.BL,414,9,
Nicollet County,US.MN.NI,413,14,
Adair County,US.OK.AD,413,6,
Monroe County,US.IL.MR,413,14,
Carson City,US.NV.CA,412,8,
Teton County,US.WY.TE,412,1,
Henry County,US.TN.HR,412,4,
Effingham County,US.IL.EF,412,1,
Palo Pinto County,US.TX.PO,412,10,
Jefferson County,US.IL.JF,411,31,
Newport County,US.RI.NE,411,4,
Henderson County,US.KY.HE,411,3,
Greene County,US.GA.GE,409,15,
Bienville Parish,US.LA.BI,409,30,
Union County,US.OR.UN,409,2,
Missoula County,US.MT.MS,408,3,
Branch County,US.MI.BC,408,3,
Bingham County,US.ID.BG,407,4,
Henry County,US.IL.HY,406,1,
Putnam County,US.IN.PT,406,8,
Watonwan County,US.MN.WT,405,4,
Calhoun County,US.SC.CH,405,15,
Indiana County,US.PA.IN,404,9,
Kenai Peninsula Borough,US.AK.KN,403,2,
Geneva County,US.AL.GE,403,3,
Milam County,US.TX.MI,402,4,
Dickinson County,US.IA.DI,402,5,
Early County,US.GA.EA,402,32,
Union County,US.IL.UN,402,23,
Macon County,US.AL.MC,400,17,
Steele County,US.MN.SE,400,2,
Shiawassee County,US.MI.SH,400,29,
Trempealeau County,US.WI.TR,400,2,
Sumter County,US.AL.SU,399,19,
Austin County,US.TX.AU,398,5,
Howard County,US.AR.HW,398,5,
Lawrence County,US.OH.LW,397,7,
Carter County,US.OK.CR,396,6,
Polk County,US.OR.PO,396,13,
Montgomery County,US.MS.MT,396,14,
Mayes County,US.OK.MY,395,8,
Galax city,US.VA.GA,394,28,
Tehama County,US.CA.TE,394,1,
Morgan County,US.GA.MO,394,2,
Cass County,US.MI.CS,393,15,
Cibola County,US.NM.CI,393,19,
Mesa County,US.CO.ME,393,5,
Jasper County,US.TX.JR,393,17,
Montgomery County,US.VA.MO,392,3,
Johnson County,US.TN.JO,392,1,
Lawrence County,US.MS.LW,391,10,
Logan County,US.KY.LO,391,26,
Hart County,US.GA.HT,390,10,
Limestone County,US.TX.LO,389,5,
Freeborn County,US.MN.FR,389,1,
Midland County,US.MI.MD,389,11,
Montgomery County,US.IN.MM,388,21,
Abbeville County,US.SC.AB,388,10,
Watauga County,US.NC.WT,388,0,
Grant Parish,US.LA.GR,388,26,
Allegany County,US.MD.AL,387,20,
Adams County,US.NE.AD,387,11,
Warren County,US.VA.WR,386,6,
Lincoln County,US.TN.LI,386,1,
Atkinson County,US.GA.AT,386,3,
Wood County,US.TX.WO,386,13,
Butler County,US.KS.BU,386,2,
Louisa County,US.IA.LO,383,14,
Carroll County,US.VA.CL,382,19,
Ontario County,US.NY.OR,381,28,
Ashley County,US.AR.AS,380,7,
Parmer County,US.TX.PM,379,7,
Phillips County,US.AR.PH,379,9,
La Salle Parish,US.LA.LA,379,5,
Cherokee County,US.AL.CH,379,10,
Strafford County,US.NH.ST,378,13,
Oconto County,US.WI.OC,376,1,
Decatur County,US.IN.DC,376,34,
Ohio County,US.KY.OH,376,9,
Overton County,US.TN.OV,375,1,
Greene County,US.NC.GE,375,3,
Athens County,US.OH.AS,374,2,
Freestone County,US.TX.FE,374,0,
Alexander County,US.NC.AE,374,2,
Cherokee County,US.NC.CO,372,5,
Bell County,US.KY.BL,371,7,
Calloway County,US.KY.CW,371,5,
Stephenson County,US.IL.SN,369,6,
St. Helena Parish,US.LA.SH,368,2,
Berrien County,US.GA.BN,367,3,
Bertie County,US.NC.BT,367,5,
Auglaize County,US.OH.AU,366,8,
Linn County,US.OR.LN,365,12,
La Salle County,US.TX.LS,365,2,
Crockett County,US.TN.CK,362,13,
Benton County,US.MN.BN,361,3,
Marion County,US.MO.MO,360,1,
Humboldt County,US.CA.HU,360,4,
Union County,US.PA.UN,359,4,
Barron County,US.WI.BR,359,3,
Page County,US.VA.PA,358,25,
Summit County,US.CO.SU,358,4,
Andrews County,US.TX.AR,356,8,
Butler County,US.MO.BE,354,2,
Catahoula Parish,US.LA.CT,354,6,
Fayette County,US.TX.FT,354,15,
Isabella County,US.MI.IB,354,9,
Logan County,US.AR.LG,351,1,
Hancock County,US.GA.HC,351,39,
Yalobusha County,US.MS.YL,350,11,
Huntingdon County,US.PA.HU,350,5,
Rio Arriba County,US.NM.RI,349,11,
Augusta County,US.VA.AU,347,4,
Hill County,US.TX.HI,346,8,
Claiborne County,US.TN.CI,346,3,
Banks County,US.GA.BS,346,8,
Henry County,US.AL.HE,346,4,
Chester County,US.TN.CS,343,4,
Holmes County,US.OH.HL,342,7,
New Madrid County,US.MO.NW,342,3,
Scotts Bluff County,US.NE.SC,342,6,
Claiborne Parish,US.LA.CI,342,12,
Montrose County,US.CO.MO,339,13,
Greene County,US.IN.GE,338,35,
Williams County,US.ND.WI,338,2,
Evans County,US.GA.EV,336,4,
Pulaski County,US.MO.PA,336,1,
Southampton County,US.VA.SA,333,13,
Union County,US.OH.UN,333,1,
Hickman County,US.TN.HN,333,1,
Telfair County,US.GA.TF,332,13,
Northampton County,US.NC.NO,332,17,
Clay County,US.AL.CY,331,6,
Marion County,US.IA.MI,330,0,
Le Sueur County,US.MN.LU,330,2,
Bureau County,US.IL.BU,330,4,
Humphreys County,US.MS.HU,329,13,
Columbia County,US.WI.CO,329,2,
Bristol County,US.RI.BR,329,15,
Raleigh County,US.WV.RL,328,3,
McLeod County,US.MN.MC,328,1,
Jefferson County,US.WV.JE,328,4,
Bleckley County,US.GA.BK,328,15,
Barry County,US.MO.BR,326,4,
Jefferson County,US.ID.JF,325,1,
Richmond County,US.VA.RI,325,4,
Hopewell city,US.VA.HW,324,4,
Boone County,US.IA.BO,324,3,
Sussex County,US.VA.SS,324,9,
Choctaw County,US.AL.CC,323,12,
Washington County,US.VA.WG,321,7,
Preble County,US.OH.PR,320,3,
Stokes County,US.NC.SO,320,3,
Lawrence County,US.MO.LW,319,2,
Nelson County,US.KY.NE,318,2,
Knox County,US.KY.KX,317,9,
Washington County,US.IA.WS,317,11,
Candler County,US.GA.CR,317,11,
Upshur County,US.TX.US,316,5,
Martin County,US.NC.MR,316,7,
Warren County,US.NY.WR,316,30,
Lewis County,US.WA.LE,315,4,
Lamar County,US.GA.LM,315,16,
Stewart County,US.GA.SW,315,10,
Chaffee County,US.CO.CA,314,19,
Terrell County,US.GA.TL,313,31,
Butler County,US.KY.BR,312,16,
Hempstead County,US.AR.HE,312,3,
Scioto County,US.OH.SC,312,1,
West Carroll Parish,US.LA.WC,310,8,
Wise County,US.VA.WI,310,5,
Winona County,US.MN.WN,310,17,
Steuben County,US.NY.ST,310,39,
Red River Parish,US.LA.RE,309,19,
Fulton County,US.NY.FU,309,28,
Perry County,US.MO.PR,308,4,
Shelby County,US.OH.SH,308,4,
Pemiscot County,US.MO.PM,308,9,
Miami County,US.IN.MI,307,2,
Randolph County,US.GA.RN,307,27,
Polk County,US.TN.PO,306,10,
Carroll County,US.IA.CL,306,2,
Chautauqua County,US.NY.CQ,305,4,
Scott County,US.IN.SC,305,10,
Greene County,US.NY.GR,305,13,
Panola County,US.TX.PN,305,20,
Quitman County,US.MS.QU,305,3,
Campbell County,US.TN.CM,304,2,
Lake County,US.CA.LK,304,3,
Orleans County,US.NY.OL,304,55,
Chippewa County,US.WI.CH,304,0,
Maui County,US.HI.MA,303,7,
Northampton County,US.VA.NA,303,29,
Lyon County,US.NV.LY,303,6,
Jasper County,US.IN.JS,302,2,
Macoupin County,US.IL.MP,302,3,
Vermilion County,US.IL.VE,302,3,
Beltrami County,US.MN.BT,301,1,
Campbell County,US.VA.CM,300,3,
Marion County,US.TN.MI,300,5,
Warren County,US.MO.WR,299,0,
Cooke County,US.TX.OO,298,4,
Franklin County,US.IL.FR,298,1,
Pike County,US.KY.PI,298,3,
Hillsdale County,US.MI.HI,297,26,
Nodaway County,US.MO.NO,297,1,
Seneca County,US.OH.SE,296,10,
Stone County,US.MS.ST,296,9,
Brantley County,US.GA.BA,296,8,
Haralson County,US.GA.HS,296,7,
Mason County,US.WA.MA,295,1,
Sweetwater County,US.WY.SW,295,2,
Dodge County,US.GA.DG,295,5,
Fayette County,US.IN.FA,295,8,
Muskingum County,US.OH.MU,294,1,
Gibson County,US.IN.GI,294,4,
Seminole County,US.OK.SM,294,5,
DeKalb County,US.IN.DE,294,4,
Drew County,US.AR.DR,294,4,
Fayette County,US.AL.FA,293,6,
Webster County,US.MS.WE,292,13,
Wood County,US.WV.WO,292,5,
Custer County,US.OK.CU,292,0,
Grand Traverse County,US.MI.GN,292,5,
Kay County,US.OK.KA,291,11,
Randolph County,US.AR.RA,291,12,
Armstrong County,US.PA.AR,291,9,
Genesee County,US.NY.GE,291,6,
Johnson County,US.GA.JH,290,13,
Cass County,US.IL.CS,290,11,
Crow Wing County,US.MN.CW,290,16,
Owyhee County,US.ID.OW,290,4,
Herkimer County,US.NY.HE,290,10,
Martinsville city,US.VA.MR,289,4,
Ohio County,US.WV.OH,289,4,
Ionia County,US.MI.II,288,7,
Madison County,US.AR.MD,287,2,
Carroll County,US.MS.CL,287,11,
Newaygo County,US.MI.NE,286,0,
Gunnison County,US.CO.GU,286,7,
Jenkins County,US.GA.JK,286,24,
Oswego County,US.NY.OS,285,3,
Perry County,US.MS.PY,285,9,
Iroquois County,US.IL.IR,284,18,
Pecos County,US.TX.PE,284,3,
Columbia County,US.AR.CI,284,13,
Greene County,US.MS.GE,284,14,
Uinta County,US.WY.UI,283,2,
Wilkinson County,US.GA.WI,283,14,
Live Oak County,US.TX.LK,282,5,
Dooly County,US.GA.DO,282,14,
Knox County,US.IN.KN,282,3,
Person County,US.NC.PN,282,2,
Warren County,US.NC.WR,281,6,
Camp County,US.TX.CP,280,7,
Lamar County,US.AL.LM,280,2,
Jefferson Davis County,US.MS.JD,280,7,
Allendale County,US.SC.AL,279,6,
Chisago County,US.MN.CG,278,1,
Harvey County,US.KS.HV,277,5,
Lee County,US.IA.LE,277,5,
Pierce County,US.WI.PI,276,5,
Mercer County,US.WV.MR,276,21,
Greene County,US.AL.GR,276,14,
Lincoln County,US.OK.LI,276,5,
Natrona County,US.WY.NA,276,1,
Burleson County,US.TX.BU,275,6,
Franklin County,US.IA.FN,275,16,
Wayne County,US.NY.WN,275,3,
Turner County,US.GA.TR,274,19,
Boone County,US.AR.BO,274,1,
Screven County,US.GA.SR,274,9,
Brunswick County,US.VA.BU,273,2,
Stoddard County,US.MO.SD,273,9,
Luna County,US.NM.LU,273,5,
Putnam County,US.OH.PU,273,17,
Harlan County,US.KY.HL,273,6,
Wilkinson County,US.MS.WK,273,15,
Decatur County,US.TN.DC,272,4,
Perry County,US.KY.PR,272,7,
Perry County,US.IL.PY,272,6,
Caldwell Parish,US.LA.CW,271,3,
Clinch County,US.GA.CC,271,4,
Amherst County,US.VA.AH,270,1,
Oglethorpe County,US.GA.OG,270,9,
Seminole County,US.GA.SI,269,8,
Franklin city,US.VA.FR,269,6,
Logan County,US.OK.LG,268,1,
Bradley County,US.AR.BR,267,5,
Lamb County,US.TX.LB,267,19,
Elmore County,US.ID.EL,267,3,
Monroe County,US.WI.MO,267,2,
Pike County,US.GA.PK,267,8,
St. Lawrence County,US.NY.SI,267,4,
Sullivan County,US.IN.SU,267,6,
Island County,US.WA.IS,267,11,
Laclede County,US.MO.LD,267,1,
Wayne County,US.TN.WY,266,2,
Dinwiddie County,US.VA.DN,266,8,
Washington County,US.NY.WS,266,14,
Arkansas County,US.AR.AR,266,2,
Bremer County,US.IA.BR,266,7,
Little River County,US.AR.LT,265,13,
Amite County,US.MS.AM,265,6,
Franklin County,US.IN.FR,265,23,
Polk County,US.MO.PO,264,0,
Kemper County,US.MS.KE,263,14,
Jefferson County,US.OH.JE,263,4,
Callaway County,US.MO.CA,260,2,
Jennings County,US.IN.JN,259,12,
Nez Perce County,US.ID.NE,259,19,
Washington County,US.ID.WA,258,3,
Harrison County,US.WV.HR,258,1,
Howard County,US.TX.HW,258,8,
Lincoln County,US.NE.LI,257,2,
Geary County,US.KS.GE,257,2,
Rabun County,US.GA.RB,257,5,
Zavala County,US.TX.ZV,257,8,
Ellis County,US.KS.EL,256,1,
Cascade County,US.MT.CS,256,5,
Garvin County,US.OK.GV,255,4,
Green County,US.WI.GN,255,1,
Kent County,US.MD.KE,255,23,
Otter Tail County,US.MN.OT,252,4,
Putnam County,US.WV.PU,252,0,
Refugio County,US.TX.RF,251,10,
Caroline County,US.VA.CI,251,5,
Grainger County,US.TN.GA,250,1,
Susquehanna County,US.PA.SS,249,27,
Orange County,US.VA.OR,249,3,
Carroll County,US.IN.CO,248,12,
Hamilton County,US.IA.HM,248,2,
Adair County,US.KY.AD,248,19,
Stone County,US.MO.SE,247,1,
Cleburne County,US.AR.CB,247,6,
Zapata County,US.TX.ZP,247,3,
Robertson County,US.TX.RO,246,3,
Lanier County,US.GA.LI,246,5,
Franklin County,US.KS.FR,246,2,
Hockley County,US.TX.HC,246,5,
Steuben County,US.IN.SE,246,3,
Woodford County,US.IL.WO,245,3,
Marion County,US.IL.MO,245,0,
Lawrence County,US.AR.LW,245,10,
Tompkins County,US.NY.TO,245,0,
Cross County,US.AR.CO,244,4,
Sharkey County,US.MS.SH,243,8,
Goodhue County,US.MN.GO,243,9,
Allen County,US.KY.AL,243,8,
Audrain County,US.MO.AU,243,1,
Grayson County,US.KY.GY,243,11,
Douglas County,US.WI.DG,242,0,
Cass County,US.NE.CS,241,2,
Gray County,US.TX.GY,241,3,
Cowley County,US.KS.CL,240,3,
Shawano County,US.WI.SA,239,0,
Jersey County,US.IL.JR,239,3,
Knox County,US.OH.KN,238,13,
Kingfisher County,US.OK.KN,238,0,
Alamosa County,US.CO.AL,237,9,
Union County,US.SD.UN,237,4,
Stephens County,US.OK.ST,237,4,
Champaign County,US.OH.CH,237,2,
Logan County,US.IL.LO,237,1,
Gaines County,US.TX.GS,236,5,
Hopkins County,US.TX.HP,236,5,
Ripley County,US.IN.RI,235,8,
La Plata County,US.CO.LA,234,2,
Dare County,US.NC.DE,233,2,
Marquette County,US.MI.MQ,233,11,
Menominee County,US.MI.MM,233,0,
Louisa County,US.VA.LI,233,2,
Clark County,US.KY.CK,232,8,
Warren County,US.IL.WR,231,0,
Botetourt County,US.VA.BO,231,8,
Clay County,US.IA.CY,231,2,
Douglas County,US.NV.DO,231,1,
McIntosh County,US.GA.MH,231,4,
Echols County,US.GA.EC,231,2,
Duval County,US.TX.DU,230,9,
Smyth County,US.VA.SM,230,3,
Casey County,US.KY.CS,230,11,
Montgomery County,US.IL.MT,230,8,
Clark County,US.WI.CL,230,8,
Wayne County,US.WV.WA,230,9,
Cass County,US.TX.CS,229,9,
Choctaw County,US.OK.CA,229,1,
Pontotoc County,US.OK.PN,227,2,
Calhoun County,US.GA.CU,226,7,
Amador County,US.CA.AM,226,14,
Hood River County,US.OR.HO,225,0,
McIntosh County,US.OK.MI,225,4,
Klamath County,US.OR.KL,225,2,
Benton County,US.TN.BN,224,4,
Desha County,US.AR.DE,224,5,
Barton County,US.KS.BT,223,4,
Chenango County,US.NY.CH,223,6,
Washington County,US.OH.WS,223,23,
Calaveras County,US.CA.CA,223,2,
Logan County,US.OH.LG,223,2,
Waseca County,US.MN.WE,223,2,
Caswell County,US.NC.CS,222,2,
Randolph County,US.WV.RN,221,0,
Westmoreland County,US.VA.WM,221,3,
Madison County,US.ID.MA,221,0,
Boyd County,US.KY.BD,221,4,
Clinton County,US.OH.CI,220,7,
Penobscot County,US.ME.PE,220,6,
Hawaii County,US.HI.HA,220,0,
Codington County,US.SD.CD,220,1,
Castro County,US.TX.AS,219,4,
Mingo County,US.WV.MO,219,5,
Martin County,US.MN.MT,219,6,
Lee County,US.IL.LE,218,1,
Fluvanna County,US.VA.FV,218,9,
Colonial Heights city,US.VA.CH,218,22,
Morrow County,US.OH.MW,217,2,
Lafayette County,US.MO.LF,217,2,
Otero County,US.NM.OT,217,11,
Thurston County,US.NE.TU,217,4,
Orange County,US.IN.OR,217,24,
Wilkes County,US.GA.WS,216,3,
Clarke County,US.IA.CK,216,3,
Perry County,US.OH.PE,216,5,
Emporia city,US.VA.EM,215,15,
Latah County,US.ID.LA,215,0,
Grays Harbor County,US.WA.GY,215,5,
Clark County,US.AR.CK,215,3,
Montcalm County,US.MI.MC,214,3,
Emmet County,US.IA.EM,214,7,
Mississippi County,US.MO.MI,214,0,
Hardin County,US.IA.HD,214,1,
Unicoi County,US.TN.UC,213,1,
Wilcox County,US.GA.WC,213,20,
Miller County,US.MO.ML,212,1,
Clearfield County,US.PA.CF,212,1,
Marion County,US.WV.MI,211,2,
Young County,US.TX.YU,211,6,
Jefferson County,US.MS.JF,211,8,
Union County,US.TN.UO,210,1,
Waynesboro city,US.VA.WS,210,3,
Polk County,US.NC.PO,210,6,
Transylvania County,US.NC.TR,210,2,
Coshocton County,US.OH.CS,210,9,
Gooding County,US.ID.GO,209,1,
Shelby County,US.IA.SH,209,1,
Adair County,US.MO.AD,209,0,
Polk County,US.AR.PL,208,2,
Clay County,US.IN.CY,208,5,
Barry County,US.MI.BR,208,2,
Wasco County,US.OR.WC,207,3,
Tioga County,US.NY.TI,206,21,
Howell County,US.MO.HW,206,3,
Benton County,US.OR.BE,206,6,
Comanche County,US.TX.CE,206,3,
Cherokee County,US.KS.CK,205,2,
Benson County,US.ND.BE,205,3,
Henry County,US.IA.HE,205,4,
Hardin County,US.OH.HD,205,13,
Gem County,US.ID.GE,205,2,
Patrick County,US.VA.PK,205,10,
Dallam County,US.TX.DL,204,6,
Irwin County,US.GA.IR,204,2,
Franklin County,US.VA.FN,203,1,
Montgomery County,US.GA.MM,202,2,
Bonner County,US.ID.BR,202,0,
Posey County,US.IN.PS,202,0,
Whitman County,US.WA.WI,201,0,
Cameron Parish,US.LA.CM,201,1,
Woodford County,US.KY.WO,201,0,
Wells County,US.IN.WE,201,2,
Miller County,US.GA.ML,200,0,
Washington County,US.MO.WS,200,1,
Bosque County,US.TX.BQ,200,5,
Montgomery County,US.KS.MG,200,5,
Hughes County,US.OK.HU,199,3,
Jefferson County,US.IN.JF,199,3,
Aransas County,US.TX.AA,198,16,
Wabash County,US.IN.WB,198,5,
Kendall County,US.TX.KD,198,4,
Simpson County,US.KY.SI,198,7,
Bailey County,US.TX.BY,198,4,
Oneida County,US.WI.ON,198,0,
Clallam County,US.WA.CL,198,1,
Fulton County,US.IN.FU,198,2,
Pawnee County,US.OK.PW,197,3,
Macon County,US.GA.MC,197,10,
Brooks County,US.TX.BK,197,14,
Clay County,US.KY.CY,197,6,
San Jacinto County,US.TX.SJ,197,8,
Gillespie County,US.TX.GL,196,6,
Saunders County,US.NE.SU,196,2,
Montgomery County,US.NY.MT,196,8,
Pitkin County,US.CO.PI,195,2,
Greene County,US.VA.GE,195,2,
Cottonwood County,US.MN.CT,195,0,
Brookings County,US.SD.BK,195,1,
Washington County,US.IN.WS,195,1,
Perry County,US.IN.PE,195,13,
Douglas County,US.IL.DO,195,4,
Chemung County,US.NY.CM,194,2,
King George County,US.VA.KG,194,4,
Salem city,US.VA.SE,194,3,
Huron County,US.MI.HU,194,4,
Cleburne County,US.AL.CB,193,4,
Whitley County,US.IN.WL,193,6,
Lake County,US.MT.LA,193,1,
Alleghany County,US.NC.AL,193,0,
Jackson County,US.TN.JA,193,1,
Conway County,US.AR.CN,193,3,
Defiance County,US.OH.DF,192,5,
Crawford County,US.PA.CW,192,2,
Jackson County,US.WV.JA,192,19,
Shoshone County,US.ID.SH,192,11,
Lee County,US.TX.LE,191,13,
Roosevelt County,US.NM.RO,191,1,
Christian County,US.IL.CI,191,4,
Halifax County,US.VA.HL,191,2,
Starke County,US.IN.SR,191,7,
Brown County,US.OH.BR,191,2,
Lewis and Clark County,US.MT.LE,191,2,
Terry County,US.TX.TE,191,3,
Jasper County,US.GA.JS,191,3,
Boyle County,US.KY.BE,189,0,
Crawford County,US.OH.CF,189,5,
Dawson County,US.TX.DW,189,8,
Lincoln County,US.GA.LC,188,6,
Cooper County,US.MO.CP,188,0,
Brewster County,US.TX.BS,188,2,
Radford city,US.VA.RD,188,0,
Gloucester County,US.VA.GL,188,2,
Fayette County,US.WV.FA,188,9,
Miami County,US.KS.MI,187,0,
Chowan County,US.NC.CW,187,2,
Jackson County,US.KY.JA,187,15,
Carroll County,US.KY.CL,187,2,
Benton County,US.MS.BE,187,1,
Towns County,US.GA.TW,187,5,
Cannon County,US.TN.CN,186,0,
Nottoway County,US.VA.NY,186,14,
Floyd County,US.IA.FL,186,3,
San Augustine County,US.TX.SG,186,12,
Highland County,US.OH.HI,185,3,
Treutlen County,US.GA.TE,185,3,
Carbon County,US.WY.CB,185,2,
Webster County,US.MO.WE,185,1,
Yankton County,US.SD.YA,185,3,
Morgan County,US.TN.MG,185,1,
Ashe County,US.NC.AS,185,1,
Lafayette County,US.WI.LF,184,0,
Cattaraugus County,US.NY.CG,184,6,
Marshall County,US.KY.MH,183,2,
Dade County,US.GA.DD,183,3,
Runnels County,US.TX.RN,183,3,
Taylor County,US.KY.TA,183,4,
Greenup County,US.KY.GU,182,1,
Benton County,US.IA.BN,182,1,
McPherson County,US.KS.MP,182,1,
Goochland County,US.VA.GO,182,7,
Kennebec County,US.ME.KE,182,11,
Jackson County,US.KS.JA,181,1,
Becker County,US.MN.BC,181,2,
Livingston County,US.NY.LI,181,6,
Somerset County,US.MD.SO,181,3,
Gratiot County,US.MI.GT,181,15,
Winneshiek County,US.IA.WH,180,1,
Powhatan County,US.VA.PH,180,4,
Jackson County,US.IA.JC,180,1,
Polk County,US.MN.PL,180,4,
Whitley County,US.KY.WH,179,1,
Tuolumne County,US.CA.TO,179,2,
Poweshiek County,US.IA.PW,178,8,
Fulton County,US.OH.FU,178,1,
Carlton County,US.MN.CL,177,1,
Juneau County,US.WI.JU,177,1,
Meade County,US.SD.MD,176,1,
Moniteau County,US.MO.ME,176,2,
Wyandot County,US.OH.WD,176,10,
Clay County,US.SD.CY,176,1,
Tyler County,US.TX.TY,175,3,
Grayson County,US.VA.GY,175,6,
Delaware County,US.IA.DA,175,2,
Pipestone County,US.MN.PS,175,9,
Wayne County,US.PA.WN,175,10,
Fayette County,US.OH.FY,175,1,
Tazewell County,US.VA.TA,175,0,
Jackson County,US.AR.JA,175,1,
Cayuga County,US.NY.CY,174,2,
Montgomery County,US.KY.MM,174,1,
Dimmit County,US.TX.DM,174,5,
Henry County,US.OH.HE,174,2,
Livingston County,US.IL.LI,173,3,
Tipton County,US.IN.TT,172,19,
Long County,US.GA.LG,172,2,
Trinity County,US.TX.TR,172,4,
Itasca County,US.MN.IT,171,12,
Russell County,US.VA.RU,171,4,
Lee County,US.VA.LE,169,3,
Grant County,US.AR.GN,169,0,
Douglas County,US.OR.DO,169,2,
Twiggs County,US.GA.TG,169,6,
Franklin County,US.MS.FR,169,3,
Jo Daviess County,US.IL.JO,168,2,
O'Brien County,US.IA.OB,168,7,
Allamakee County,US.IA.AL,168,4,
Inyo County,US.CA.IN,168,13,
Pulaski County,US.GA.PL,168,6,
Mahaska County,US.IA.MK,168,18,
Washington County,US.NC.WI,168,4,
Reeves County,US.TX.RE,167,5,
Staunton city,US.VA.SU,167,0,
Leon County,US.TX.LN,167,4,
Labette County,US.KS.LB,167,1,
Marion County,US.KY.MN,167,2,
Isanti County,US.MN.IS,167,0,
Sullivan County,US.MO.SV,166,0,
Klickitat County,US.WA.KL,166,3,
McDonough County,US.IL.MU,165,15,
Clay County,US.AR.CY,165,5,
City and Borough of Juneau,US.AK.JU,164,1,
Lincoln County,US.NM.LI,164,2,
Butler County,US.IA.BE,164,2,
Phelps County,US.MO.PH,164,0,
Campbell County,US.WY.CM,164,1,
Buchanan County,US.IA.BC,164,1,
Clayton County,US.IA.CT,163,3,
Marion County,US.GA.MR,163,5,
Oglala Lakota County,US.SD.SH,163,2,
Washington County,US.NE.WS,163,1,
Ashland County,US.OH.AL,162,3,
Newton County,US.TX.NE,162,6,
Mono County,US.CA.MO,162,2,
Perry County,US.PA.PE,162,5,
Bedford County,US.PA.BO,161,5,
Mountrail County,US.ND.MU,161,1,
Spencer County,US.KY.SP,161,0,
Crockett County,US.TX.CT,161,5,
Fentress County,US.TN.FE,161,0,
Heard County,US.GA.HD,161,5,
Pike County,US.AR.PE,161,1,
Adams County,US.IN.AD,161,2,
Stone County,US.AR.ST,159,1,
Polk County,US.WI.PL,159,2,
Nevada County,US.AR.NV,158,11,
Park County,US.WY.PA,158,0,
Shelby County,US.IL.SB,158,3,
Guthrie County,US.IA.GH,158,5,
Teller County,US.CO.TE,157,3,
Henry County,US.KY.HY,157,2,
Somerset County,US.PA.SO,157,3,
Sanpete County,US.UT.SP,156,1,
Jones County,US.IA.JN,156,2,
Falls County,US.TX.FL,156,3,
Kewaunee County,US.WI.KW,155,2,
Saline County,US.IL.SE,155,3,
Russell County,US.KY.RU,155,5,
Dunn County,US.WI.DN,155,0,
Humphreys County,US.TN.HU,155,3,
Scott County,US.TN.SC,154,2,
Talbot County,US.GA.TB,153,5,
McCormick County,US.SC.MC,153,4,
Franklin County,US.AR.FR,153,2,
Huntington County,US.IN.HU,152,4,
Fremont County,US.CO.FR,152,0,
Williams County,US.OH.WI,152,3,
Choctaw County,US.MS.CW,152,4,
Haskell County,US.OK.HS,151,2,
Pawnee County,US.KS.PN,151,0,
Randolph County,US.IN.RA,151,7,
Josephine County,US.OR.JO,151,2,
Spencer County,US.IN.SP,150,3,
Madison County,US.IA.MD,150,2,
Douglas County,US.MN.DU,148,1,
Crawford County,US.MO.CF,148,1,
Dodge County,US.MN.DD,148,0,
Nolan County,US.TX.NO,147,4,
Seward County,US.NE.SA,147,2,
Sawyer County,US.WI.SW,147,0,
Benton County,US.MO.BN,147,1,
Delta County,US.CO.DT,147,1,
Williamsburg City,US.VA.WL,146,6,
Cedar County,US.IA.CD,146,1,
Jefferson County,US.NY.JE,146,1,
Clinton County,US.NY.CL,146,5,
Winnebago County,US.IA.WB,145,3,
Snyder County,US.PA.SN,144,2,
Red River County,US.TX.RV,144,14,
Scott County,US.VA.SC,144,3,
Lampasas County,US.TX.LP,143,5,
Crawford County,US.GA.CW,143,1,
Juniata County,US.PA.JU,143,6,
New Kent County,US.VA.NK,143,1,
Wythe County,US.VA.WY,142,3,
Appomattox County,US.VA.AP,142,1,
Gogebic County,US.MI.GO,142,1,
Morris County,US.TX.MR,142,3,
Hutchinson County,US.TX.UT,142,3,
Stutsman County,US.ND.SU,142,3,
Grundy County,US.TN.GU,142,2,
Yoakum County,US.TX.YA,142,4,
Jackson County,US.OH.JA,142,0,
Mifflin County,US.PA.MI,141,1,
Iosco County,US.MI.IC,141,12,
Wheeler County,US.GA.WL,141,4,
Millard County,US.UT.MD,140,0,
Otsego County,US.MI.OS,140,11,
Pine County,US.MN.PN,140,0,
Harrison County,US.KY.HS,139,0,
Murray County,US.MN.MU,139,1,
Marion County,US.TX.MN,139,10,
Walsh County,US.ND.WL,139,1,
Floyd County,US.KY.FO,139,2,
Hancock County,US.IA.HN,138,2,
Sequatchie County,US.TN.SQ,138,1,
Sharp County,US.AR.SH,137,5,
Preston County,US.WV.PR,136,4,
Moultrie County,US.IL.MI,136,0,
Lyon County,US.IA.LY,136,2,
Harrison County,US.IA.HR,136,1,
Rosebud County,US.MT.RS,135,2,
Waushara County,US.WI.WS,135,1,
Greene County,US.PA.GR,135,1,
Pottawatomie County,US.KS.PT,135,0,
Tensas Parish,US.LA.TN,134,1,
Delta County,US.MI.DE,134,3,
Marshall County,US.WV.MH,134,1,
Meigs County,US.TN.ME,134,2,
Grant County,US.WV.GA,134,5,
Ouachita County,US.AR.OU,133,4,
Newton County,US.IN.NE,133,10,
Hocking County,US.OH.HC,132,9,
Alpena County,US.MI.AP,132,14,
Grant County,US.KY.GT,132,6,
Pike County,US.MO.PI,132,1,
Lincoln County,US.KY.LN,132,2,
Owen County,US.IN.OW,132,1,
Mineral County,US.WV.ML,131,4,
Routt County,US.CO.RT,131,8,
Cleveland County,US.AR.CV,130,2,
Boone County,US.WV.BN,130,0,
Clinton County,US.PA.CN,130,5,
Guernsey County,US.OH.GU,129,7,
Gallia County,US.OH.GA,129,2,
Chippewa County,US.MN.CP,129,1,
McLean County,US.ND.ML,129,1,
Coosa County,US.AL.CS,128,3,
Cherokee County,US.IA.CE,128,1,
Albany County,US.WY.AL,127,0,
Fayette County,US.IL.FA,127,3,
Door County,US.WI.DO,127,3,
Rush County,US.IN.RU,127,4,
Marshall County,US.OK.MH,127,1,
Jones County,US.NC.JN,126,6,
Columbia County,US.OR.CL,126,1,
Fayette County,US.IA.FT,126,1,
Floyd County,US.VA.FO,125,2,
Lawrence County,US.SD.LW,125,1,
Wyoming County,US.NY.WM,125,5,
Siskiyou County,US.CA.SK,125,0,
Swain County,US.NC.SW,124,3,
Otsego County,US.NY.OO,124,4,
Richland County,US.ND.RI,124,1,
Sheridan County,US.WY.SH,124,1,
Montour County,US.PA.MO,124,4,
Carroll County,US.OH.CO,123,6,
Gage County,US.NE.GG,123,4,
Franklin County,US.VT.FR,123,7,
Stevens County,US.WA.ST,123,1,
Teton County,US.ID.TE,122,0,
Montezuma County,US.CO.MZ,122,5,
Ray County,US.MO.RY,122,0,
Pocahontas County,US.IA.PC,122,2,
Belknap County,US.NH.BE,122,4,
Blanco County,US.TX.BC,122,5,
Goliad County,US.TX.GI,121,6,
Pushmataha County,US.OK.PU,121,1,
Glacier County,US.MT.GC,121,1,
Meade County,US.KY.MA,121,3,
Taylor County,US.GA.TY,121,5,
Cheshire County,US.NH.CH,121,3,
Del Norte County,US.CA.DE,121,1,
Hart County,US.KY.HT,120,1,
Avery County,US.NC.AV,120,0,
Jack County,US.TX.JK,120,0,
Sibley County,US.MN.SI,119,2,
Windham County,US.VT.WH,119,3,
Clinton County,US.MO.CO,118,0,
Sanilac County,US.MI.SL,118,7,
Mills County,US.IA.ML,118,1,
Beckham County,US.OK.BC,118,1,
Hancock County,US.WV.HN,118,0,
Hancock County,US.IL.HC,118,1,
Lewis County,US.TN.LE,117,1,
Bond County,US.IL.BN,117,3,
Elbert County,US.CO.EB,117,2,
Grant County,US.KS.GT,117,3,
Taos County,US.NM.TA,116,2,
Washington County,US.KY.WS,116,1,
Pulaski County,US.VA.PU,116,3,
Charles Mix County,US.SD.CH,116,0,
Baxter County,US.AR.BA,116,0,
Lewis County,US.KY.LI,116,9,
Edmonson County,US.KY.ED,116,12,
Monroe County,US.KY.MO,115,2,
Jay County,US.IN.JY,114,0,
Somervell County,US.TX.SV,114,2,
Stephens County,US.TX.SE,114,3,
Cumberland County,US.IL.CU,114,3,
Warren County,US.GA.WR,114,5,
Prairie County,US.AR.PR,114,0,
Mason County,US.MI.MN,114,0,
Kossuth County,US.IA.KO,113,0,
Essex County,US.VA.ES,113,2,
Atchison County,US.KS.AT,113,0,
Carroll County,US.IL.CL,113,4,
Crawford County,US.MI.CF,113,5,
Grundy County,US.IA.GN,113,1,
White County,US.IL.WE,113,0,
Sioux County,US.ND.SI,112,2,
Clark County,US.IL.CK,112,2,
Davison County,US.SD.DV,112,2,
Iron County,US.WI.IR,111,1,
Lincoln County,US.WV.LI,111,1,
Iowa County,US.WI.IO,111,0,
Sumner County,US.KS.SU,111,3,
Perquimans County,US.NC.PQ,111,2,
Hughes County,US.SD.HG,111,3,
Wabasha County,US.MN.WB,111,0,
Fulton County,US.KY.FU,111,2,
Montague County,US.TX.MU,110,3,
Brown County,US.MN.BR,110,2,
Rockcastle County,US.KY.RC,110,0,
Carter County,US.KY.CR,110,3,
Clay County,US.GA.CY,110,2,
Silver Bow County,US.MT.SI,110,0,
Randolph County,US.MO.RN,110,1,
Phillips County,US.MT.PH,109,0,
Buffalo County,US.SD.BF,109,3,
Morgan County,US.MO.MG,109,0,
Grafton County,US.NH.GR,109,1,
Newton County,US.AR.NW,109,15,
Delaware County,US.NY.DE,109,4,
Humboldt County,US.NV.HU,109,4,
King William County,US.VA.KW,109,2,
Saguache County,US.CO.SG,108,2,
Bristol city,US.VA.BI,108,2,
Washakie County,US.WY.WA,108,5,
Ramsey County,US.ND.RM,108,2,
Lincoln County,US.WY.LI,108,0,
Garrard County,US.KY.GR,108,2,
Lake County,US.SD.LK,108,6,
Andrew County,US.MO.AN,108,1,
Craig County,US.OK.CG,108,1,
Morrison County,US.MN.MR,108,1,
Faribault County,US.MN.FA,107,0,
Iowa County,US.IA.IO,107,1,
Taylor County,US.IA.TY,107,0,
Pulaski County,US.IL.PL,107,1,
Henry County,US.MO.HE,107,3,
Anderson County,US.KY.AN,107,1,
Carroll County,US.MO.CL,107,0,
Emmet County,US.MI.EM,107,2,
Latimer County,US.OK.LA,107,2,
Bandera County,US.TX.BA,106,3,
Eastland County,US.TX.EA,106,2,
Jefferson County,US.IA.JE,106,0,
Jefferson County,US.KS.JF,106,0,
Fairfax city,US.VA.FC,106,7,
Mercer County,US.KY.MC,106,1,
McKenzie County,US.ND.MK,105,2,
Palo Alto County,US.IA.PO,105,0,
Bourbon County,US.KY.BU,105,1,
Monona County,US.IA.MO,105,1,
Rutland County,US.VT.RU,105,1,
Green County,US.KY.GN,105,5,
Calhoun County,US.IA.CO,104,2,
Page County,US.IA.PG,104,0,
York County,US.NE.YO,104,0,
Cass County,US.IA.CS,104,2,
Rowan County,US.KY.RW,103,0,
Fremont County,US.ID.FE,103,1,
Benewah County,US.ID.BA,103,1,
Hamilton County,US.NE.HM,103,12,
Tyrrell County,US.NC.TY,103,2,
Ward County,US.TX.WD,103,1,
Dallas County,US.AR.DA,103,2,
Clay County,US.TN.CY,103,0,
Ochiltree County,US.TX.OC,103,3,
Monroe County,US.OH.ME,102,18,
Garza County,US.TX.GR,102,3,
Sac County,US.IA.SA,102,0,
Rolette County,US.ND.RO,102,2,
Johnson County,US.KY.JO,101,1,
Atoka County,US.OK.AT,101,1,
Essex County,US.NY.ES,101,2,
Adams County,US.WI.AD,101,3,
Franklin County,US.TX.FK,101,4,
Coos County,US.OR.CO,101,0,
Carroll County,US.NH.CA,100,1,
Taylor County,US.WV.TA,100,3,
Real County,US.TX.RL,100,5,
Llano County,US.TX.LL,100,1,
Hansford County,US.TX.HF,100,3,
Humboldt County,US.IA.HU,100,2,
Van Buren County,US.AR.VA,99,2,
Noble County,US.OK.NB,99,2,
Hartley County,US.TX.HL,99,0,
Rock County,US.MN.RC,99,0,
Crawford County,US.WI.CR,98,0,
Floyd County,US.TX.FY,98,7,
Perry County,US.TN.PE,98,0,
Cortland County,US.NY.CD,98,1,
Washington County,US.IL.WG,98,1,
Douglas County,US.MO.DO,98,2,
Greenbrier County,US.WV.GE,98,3,
Ravalli County,US.MT.RA,98,2,
Bollinger County,US.MO.BI,97,1,
Pike County,US.OH.PK,97,0,
Kearney County,US.NE.KA,97,0,
Clare County,US.MI.CE,97,3,
Hamilton County,US.TX.HM,97,3,
Power County,US.ID.PO,97,0,
Ste. Genevieve County,US.MO.SG,97,1,
Greene County,US.IL.GE,97,0,
Webster County,US.KY.WE,97,2,
Buchanan County,US.VA.BH,97,1,
Meeker County,US.MN.ME,96,2,
Seneca County,US.NY.SC,96,1,
Clarion County,US.PA.CL,96,3,
Johnson County,US.IL.JH,96,0,
Bennington County,US.VT.BE,96,1,
Bradford County,US.PA.BF,96,3,
Vilas County,US.WI.VI,95,0,
Wilbarger County,US.TX.WG,95,2,
Cumberland County,US.VA.CU,95,0,
Issaquena County,US.MS.IS,95,2,
Harper County,US.KS.HP,95,0,
Rio Grande County,US.CO.RG,94,2,
Wabash County,US.IL.WB,94,1,
Otoe County,US.NE.OT,94,1,
Lyman County,US.SD.LY,94,3,
Clatsop County,US.OR.CT,94,0,
Jefferson County,US.PA.JE,94,1,
Howard County,US.IA.HO,94,0,
Monroe County,US.IA.MR,93,8,
Juab County,US.UT.JU,93,1,
Amelia County,US.VA.AI,93,2,
Dallas County,US.MO.DL,93,1,
Cass County,US.MN.CS,93,3,
San Miguel County,US.CO.SM,93,0,
Hidalgo County,US.NM.HI,93,1,
Hampshire County,US.WV.HM,92,1,
Pulaski County,US.IN.PL,92,1,
Breckinridge County,US.KY.BC,92,2,
Uintah County,US.UT.UN,92,0,
Schley County,US.GA.SY,92,2,
Duchesne County,US.UT.DU,92,0,
Mercer County,US.IL.ME,91,4,
Pamlico County,US.NC.PM,91,2,
Madison County,US.MT.MA,91,1,
Okfuskee County,US.OK.OF,91,3,
Jasper County,US.IL.JS,91,7,
Osceola County,US.IA.OS,91,0,
Stewart County,US.TN.SA,91,0,
Mitchell County,US.IA.ME,91,0,
Wexford County,US.MI.WE,91,4,
Roberts County,US.SD.RO,91,1,
Jackson County,US.MN.JA,91,0,
Swisher County,US.TX.SW,91,3,
Ralls County,US.MO.RL,91,0,
Custer County,US.SD.CU,90,0,
Mitchell County,US.NC.MI,90,4,
Howard County,US.MO.HR,90,0,
Currituck County,US.NC.CI,90,0,
Union County,US.IA.UN,90,3,
Monroe County,US.AR.ME,90,0,
Gallatin County,US.KY.GL,89,8,
Camden County,US.NC.CD,89,2,
Sevier County,US.UT.SE,89,1,
Gentry County,US.MO.GT,89,9,
Lawrence County,US.IL.LW,89,0,
Lunenburg County,US.VA.LN,89,2,
Winkler County,US.TX.WI,88,1,
Wayne County,US.IL.WY,88,2,
Mille Lacs County,US.MN.MI,88,3,
Hancock County,US.TN.HC,88,2,
Knott County,US.KY.KT,88,1,
Love County,US.OK.LV,88,0,
Green Lake County,US.WI.GL,87,0,
Chickasaw County,US.IA.CC,87,0,
Murray County,US.OK.MR,87,0,
Meigs County,US.OH.MS,87,0,
Wayne County,US.KY.WY,86,0,
Vernon County,US.WI.VE,86,0,
Madison County,US.VA.MD,86,2,
Mason County,US.WV.MN,86,1,
Allegany County,US.NY.AL,86,2,
Greer County,US.OK.GE,86,8,
Koochiching County,US.MN.KO,85,3,
Moore County,US.TN.MO,85,0,
Brooke County,US.WV.BO,85,1,
Northumberland County,US.VA.NU,85,3,
Yancey County,US.NC.YN,85,0,
Taylor County,US.WI.TA,85,3,
Adams County,US.OH.AD,85,4,
Churchill County,US.NV.CH,84,1,
Carbon County,US.MT.CB,84,0,
Leelanau County,US.MI.LE,84,1,
Scott County,US.AR.SC,84,0,
Bourbon County,US.KS.BB,84,2,
Barton County,US.MO.BT,84,0,
Brown County,US.IN.BR,83,2,
Marquette County,US.WI.MQ,83,1,
Ripley County,US.MO.RI,83,0,
Lucas County,US.IA.LU,83,5,
Clay County,US.NC.CY,83,1,
Lincoln County,US.MT.LN,83,2,
Gray County,US.KS.GY,83,0,
Fountain County,US.IN.FO,83,2,
Pike County,US.IN.PI,82,1,
Mecosta County,US.MI.MT,82,2,
Otero County,US.CO.OT,81,6,
Rockbridge County,US.VA.RB,81,1,
Union County,US.KY.UN,81,0,
Van Wert County,US.OH.VA,81,2,
Vermillion County,US.IN.VE,81,0,
Nelson County,US.VA.NL,81,0,
Fillmore County,US.MN.FI,81,0,
Nowata County,US.OK.NW,81,1,
Hyde County,US.NC.HE,80,0,
Izard County,US.AR.IZ,80,0,
Metcalfe County,US.KY.MT,80,2,
Crosby County,US.TX.CB,80,1,
Lake County,US.CO.LK,80,0,
Prowers County,US.CO.PR,79,0,
Martin County,US.IN.MN,79,0,
Mason County,US.KY.MS,79,2,
Scott County,US.KS.SC,79,0,
Texas County,US.MO.TE,79,1,
Wright County,US.MO.WG,79,0,
Cumberland County,US.KY.CU,79,0,
Monroe County,US.WV.ME,79,0,
Larue County,US.KY.LR,78,1,
Valley County,US.ID.VA,78,1,
Cuming County,US.NE.CM,78,0,
Todd County,US.SD.TO,77,5,
Madison County,US.MO.MD,77,0,
Pennington County,US.MN.PI,77,1,
Reagan County,US.TX.RG,77,5,
Addison County,US.VT.AD,77,2,
Paulding County,US.OH.PA,77,0,
Davis County,US.IA.DV,77,2,
Langlade County,US.WI.LN,77,2,
Grant County,US.NM.GR,76,2,
Lynn County,US.TX.LY,76,4,
Benton County,US.IN.BE,76,0,
Worth County,US.IA.WT,76,0,
Neosho County,US.KS.NO,76,0,
Sutton County,US.TX.ST,76,2,
Lincoln County,US.WI.LI,76,1,
Clarke County,US.VA.CK,76,0,
Socorro County,US.NM.SO,76,6,
Owen County,US.KY.OE,75,0,
McCulloch County,US.TX.MC,75,1,
Coffey County,US.KS.CF,75,8,
Gladwin County,US.MI.GL,75,2,
Butler County,US.NE.BE,75,0,
Woodward County,US.OK.WW,75,0,
Windsor County,US.VT.WS,75,2,
Gates County,US.NC.GT,74,2,
Kit Carson County,US.CO.KT,74,3,
Osceola County,US.MI.OE,74,0,
Baker County,US.GA.BR,73,3,
Jim Hogg County,US.TX.JG,73,2,
Houston County,US.TN.HO,73,0,
Mason County,US.IL.MS,73,1,
Mitchell County,US.TX.MH,73,1,
Wayne County,US.MO.WY,73,0,
Crowley County,US.CO.CR,73,1,
Parke County,US.IN.PA,73,2,
Fulton County,US.IL.FU,72,0,
Carbon County,US.UT.CR,72,0,
Renville County,US.MN.RN,72,6,
Roscommon County,US.MI.RO,72,4,
Macon County,US.MO.MN,72,0,
Sabine County,US.TX.SB,72,6,
Valdez-Cordova Census Area,US.AK.VA,71,0,
Vernon County,US.MO.VE,71,0,
Trigg County,US.KY.TG,71,0,
Powell County,US.KY.PO,71,0,
Osage County,US.MO.OS,71,1,
Jackson County,US.WI.JA,71,1,
Ohio County,US.IN.OH,70,7,
Kearny County,US.KS.KE,70,1,
Johnston County,US.OK.JO,70,0,
Piatt County,US.IL.PA,70,0,
Blackford County,US.IN.BL,70,2,
Venango County,US.PA.VE,70,1,
Turner County,US.SD.TU,70,0,
Jefferson County,US.WA.JE,70,0,
Buena Vista city,US.VA.BE,70,1,
Martin County,US.TX.MT,70,5,
Crane County,US.TX.CR,70,2,
Dukes County,US.MA.DU,70,0,
Mariposa County,US.CA.MP,69,2,
Livingston County,US.MO.LV,69,1,
Beaverhead County,US.MT.BE,69,0,
McCreary County,US.KY.MR,69,0,
Schoharie County,US.NY.SO,69,2,
Waldo County,US.ME.WL,69,14,
Yellow Medicine County,US.MN.YE,68,1,
Nemaha County,US.NE.NE,68,0,
Montgomery County,US.IA.MG,68,4,
Letcher County,US.KY.LT,68,2,
Ford County,US.IL.FO,68,2,
Lemhi County,US.ID.LM,68,0,
Hill County,US.MT.HI,67,2,
Baker County,US.OR.BA,67,1,
Houston County,US.MN.HO,67,0,
Charlevoix County,US.MI.CV,67,2,
Custer County,US.NE.CU,67,4,
Appanoose County,US.IA.AP,67,3,
Traill County,US.ND.TR,67,0,
San Miguel County,US.NM.SM,67,0,
Mason County,US.TX.MA,67,0,
Menard County,US.IL.MN,67,0,
McDowell County,US.WV.MC,66,0,
Yukon-Koyukuk Census Area,US.AK.YU,66,1,
Hardy County,US.WV.HD,66,0,
Charles City County,US.VA.CC,66,5,
Searcy County,US.AR.SA,66,0,
Hickman County,US.KY.HA,66,0,
Forest County,US.WI.FR,66,4,
Falls Church city,US.VA.FU,66,7,
Lafayette County,US.AR.LF,65,2,
Wyoming County,US.PA.WM,65,8,
Fleming County,US.KY.FE,65,0,
Meade County,US.KS.ME,65,0,
Caldwell County,US.KY.CD,65,0,
Charlotte County,US.VA.CT,65,0,
Cheboygan County,US.MI.CY,65,2,
Dewey County,US.SD.DW,65,0,
Roseau County,US.MN.RS,64,0,
Lincoln County,US.ID.LI,64,0,
Custer County,US.MT.CU,64,2,
Morrill County,US.NE.MO,64,0,
Knox County,US.TX.KX,64,8,
Elk County,US.PA.EL,64,2,
Torrance County,US.NM.TO,63,1,
Northwest Arctic Borough,US.AK.NW,63,0,
Garrett County,US.MD.GA,63,0,
Merrick County,US.NE.ME,63,0,
Switzerland County,US.IN.SW,63,0,
Lincoln County,US.MN.LI,63,0,
Tillman County,US.OK.TI,63,1,
Park County,US.MT.PA,63,0,
Yuma County,US.CO.YU,63,0,
Pike County,US.IL.PK,63,0,
Harrison County,US.MO.HS,62,1,
Kanabec County,US.MN.KA,62,4,
Surry County,US.VA.SR,62,2,
Bates County,US.MO.BS,62,1,
Kane County,US.UT.KA,62,1,
Pendleton County,US.KY.PN,62,0,
Blaine County,US.OK.BL,62,0,
Montgomery County,US.AR.MT,61,3,
Crawford County,US.IL.CW,61,0,
Houghton County,US.MI.HO,61,0,
Clinton County,US.KY.CO,61,1,
Clay County,US.IL.CY,61,0,
Marion County,US.KS.MN,61,1,
Dickinson County,US.MI.DI,61,2,
Dickinson County,US.KS.DK,61,1,
Washington County,US.VT.WA,61,2,
Fulton County,US.AR.FU,61,0,
Alleghany County,US.VA.AL,61,4,
Lancaster County,US.VA.LA,61,0,
Kalkaska County,US.MI.KK,61,4,
Howard County,US.NE.HW,60,5,
Pacific County,US.WA.PA,60,3,
Callahan County,US.TX.AL,60,3,
Quay County,US.NM.QU,60,1,
Magoffin County,US.KY.MF,60,0,
Barnes County,US.ND.BA,60,0,
Swift County,US.MN.SW,60,1,
Edgar County,US.IL.EG,60,0,
Burt County,US.NE.BT,60,0,
Gallatin County,US.IL.GA,60,2,
Clay County,US.TX.CY,60,1,
Massac County,US.IL.MA,60,1,
Yates County,US.NY.YA,60,6,
Osage County,US.KS.OS,59,0,
Pope County,US.MN.PE,59,0,
Oxford County,US.ME.OX,59,0,
Sagadahoc County,US.ME.SA,59,0,
Greenlee County,US.AZ.GE,58,2,
Madison County,US.NC.MD,58,1,
Boise County,US.ID.BS,58,1,
Richland County,US.IL.RI,58,1,
Perry County,US.AR.PY,58,0,
Rains County,US.TX.RI,58,1,
Poquoson city,US.VA.PQ,58,0,
Doniphan County,US.KS.DP,58,0,
Skamania County,US.WA.SM,58,1,
Pierce County,US.NE.PI,57,1,
Union County,US.IN.UN,57,0,
Grand County,US.CO.GR,57,1,
Dixon County,US.NE.DI,57,2,
Knox County,US.NE.KN,57,0,
Dawes County,US.NE.DS,57,0,
Van Buren County,US.TN.VA,57,0,
Carlisle County,US.KY.CE,57,1,
Lander County,US.NV.LA,57,1,
Crawford County,US.IN.CW,56,0,
Kauai County,US.HI.KU,56,0,
Buffalo County,US.WI.BF,56,2,
Hancock County,US.KY.HC,56,0,
Monroe County,US.MO.MR,56,0,
Morgan County,US.UT.MN,56,0,
Dickenson County,US.VA.DC,56,1,
Franklin County,US.NY.FR,56,1,
Washburn County,US.WI.WR,56,0,
Nemaha County,US.KS.NM,55,1,
Ogemaw County,US.MI.OG,55,3,
Chase County,US.KS.CS,55,0,
Holt County,US.MO.HL,55,0,
Bethel Census Area,US.AK.BE,55,1,
Grant County,US.MN.GR,55,4,
Phelps County,US.NE.PH,55,0,
Richland County,US.MT.RI,54,2,
Middlesex County,US.VA.MI,54,1,
Lewis County,US.MO.LE,54,1,
Crook County,US.OR.CR,54,1,
Fremont County,US.IA.FO,54,0,
Franklin County,US.ID.FA,54,0,
Grand County,US.UT.GR,54,1,
Brown County,US.KS.BR,53,0,
Hickory County,US.MO.HC,53,0,
Bath County,US.KY.BH,53,1,
Pend Oreille County,US.WA.PE,53,0,
Linn County,US.KS.LN,53,0,
Clay County,US.NE.CL,53,0,
Haskell County,US.KS.HS,53,0,
Hemphill County,US.TX.HH,53,0,
Antrim County,US.MI.AN,53,0,
Corson County,US.SD.CO,52,0,
Todd County,US.KY.TO,52,0,
DeKalb County,US.MO.DE,52,1,
Washington County,US.CO.WA,52,0,
Donley County,US.TX.DO,52,1,
Haskell County,US.TX.HK,51,1,
Wyoming County,US.WV.WY,51,3,
Childress County,US.TX.CD,51,0,
Arenac County,US.MI.AR,51,3,
Wabaunsee County,US.KS.WB,51,0,
Chippewa County,US.MI.CP,51,0,
Graham County,US.NC.GH,50,0,
Phillips County,US.KS.PL,50,8,
McLean County,US.KY.ML,50,1,
Thomas County,US.KS.TH,50,0,
Fisher County,US.TX.FH,50,1,
Pickett County,US.TN.PI,50,1,
Brule County,US.SD.BU,50,0,
Goshen County,US.WY.GO,50,1,
Coal County,US.OK.CL,50,0,
Asotin County,US.WA.AS,49,2,
Garfield County,US.UT.GA,49,2,
Sherman County,US.TX.SN,49,0,
Gasconade County,US.MO.GA,49,0,
Keokuk County,US.IA.KE,49,1,
Montgomery County,US.MO.MM,49,1,
Stevens County,US.KS.SV,49,0,
Rappahannock County,US.VA.RP,49,2,
Martin County,US.KY.MI,49,0,
Presidio County,US.TX.PS,49,4,
Breathitt County,US.KY.BT,49,0,
Greene County,US.IA.GE,48,0,
Van Buren County,US.IA.VA,48,1,
Sublette County,US.WY.SU,48,1,
Pendleton County,US.WV.PE,48,1,
Coke County,US.TX.OK,48,3,
Franklin County,US.ME.FR,48,1,
Lewis County,US.NY.LE,47,5,
Manistee County,US.MI.ME,47,1,
Toole County,US.MT.TO,47,6,
Redwood County,US.MN.RW,47,0,
Keith County,US.NE.KT,47,0,
King and Queen County,US.VA.KA,47,1,
Shannon County,US.MO.SN,47,1,
Pepin County,US.WI.PE,47,0,
Somerset County,US.ME.SO,46,1,
Wayne County,US.NE.WY,46,0,
Sullivan County,US.NH.SU,46,1,
Tioga County,US.PA.TI,46,3,
Ziebach County,US.SD.ZI,46,0,
Archuleta County,US.CO.AC,46,0,
Cedar County,US.MO.CD,46,0,
Norman County,US.MN.NR,46,0,
Hancock County,US.ME.HA,46,1,
Clark County,US.KS.CA,46,1,
Aitkin County,US.MN.AI,45,1,
Shelby County,US.MO.SB,45,0,
Coleman County,US.TX.CM,45,2,
Cloud County,US.KS.CD,45,1,
Wetzel County,US.WV.WT,45,0,
Lamoille County,US.VT.LA,45,1,
Wilkin County,US.MN.WL,45,3,
Wadena County,US.MN.WD,44,0,
Nicholas County,US.WV.NI,44,1,
Cedar County,US.NE.CA,44,0,
McIntosh County,US.ND.MI,44,3,
Linn County,US.MO.LN,44,1,
Dunn County,US.ND.DU,44,0,
Ketchikan Gateway Borough,US.AK.KG,43,0,
Morgan County,US.OH.MA,43,0,
Major County,US.OK.MJ,43,1,
Missaukee County,US.MI.MU,43,1,
Park County,US.CO.PA,43,1,
Hamilton County,US.KS.HM,43,0,
Adair County,US.IA.AI,43,1,
Bayfield County,US.WI.BY,42,1,
Washita County,US.OK.WT,42,0,
Beaver County,US.OK.BA,42,0,
Livingston County,US.KY.LV,42,1,
Rice County,US.KS.RC,42,0,
Bland County,US.VA.BL,42,0,
Lexington city,US.VA.LX,42,0,
Richland County,US.WI.RI,42,4,
Pocahontas County,US.WV.PO,42,0,
Iron County,US.MO.IR,42,0,
Hamilton County,US.IL.HM,42,0,
Aurora County,US.SD.AU,42,0,
Boundary County,US.ID.BD,42,0,
Hamlin County,US.SD.HM,42,0,
Ballard County,US.KY.BA,41,0,
Marion County,US.AR.MN,41,0,
Hubbard County,US.MN.HU,41,0,
Concho County,US.TX.ON,41,0,
Benzie County,US.MI.BE,41,2,
Scott County,US.IL.SO,41,0,
Alexander County,US.IL.AL,41,0,
Stanton County,US.KS.ST,41,2,
Trimble County,US.KY.TM,41,0,
Morgan County,US.KY.MG,41,0,
Nantucket County,US.MA.NA,41,1,
Wheeler County,US.TX.WL,41,0,
Pratt County,US.KS.PR,40,0,
Plumas County,US.CA.PU,40,0,
Upshur County,US.WV.UP,40,0,
Jerauld County,US.SD.JE,40,1,
Marshall County,US.IL.MH,40,0,
Caldwell County,US.MO.CW,40,1,
Archer County,US.TX.AC,40,0,
Idaho County,US.ID.ID,40,0,
Kiowa County,US.OK.KO,40,1,
Lawrence County,US.KY.LC,40,0,
Ottawa County,US.KS.OT,39,0,
De Witt County,US.IL.DW,39,1,
Grant County,US.SD.GA,39,0,
McCook County,US.SD.MC,39,1,
Wayne County,US.IA.WY,39,2,
Big Horn County,US.WY.BI,39,1,
Webster County,US.GA.WT,39,2,
Bon Homme County,US.SD.BH,39,1,
Griggs County,US.ND.GI,38,1,
Kingman County,US.KS.KM,38,0,
Knox County,US.MO.KN,38,0,
Moody County,US.SD.MO,38,0,
Leslie County,US.KY.LS,38,0,
Schleicher County,US.TX.SH,38,1,
Crittenden County,US.KY.CT,38,1,
Harmon County,US.OK.HM,37,0,
Hudspeth County,US.TX.HU,37,2,
Henderson County,US.IL.HD,37,0,
Valley County,US.MT.VA,37,0,
Converse County,US.WY.CE,37,0,
Morgan County,US.WV.MA,37,0,
Tillamook County,US.OR.TI,37,0,
Mercer County,US.ND.ME,37,0,
Bracken County,US.KY.BK,37,0,
Sierra County,US.NM.SI,37,1,
Aroostook County,US.ME.AR,37,1,
Spink County,US.SD.SP,37,0,
Audubon County,US.IA.AU,36,1,
Ida County,US.IA.ID,36,0,
Giles County,US.VA.GI,36,0,
Decatur County,US.IA.DC,36,0,
Cochran County,US.TX.CC,36,1,
Vinton County,US.OH.VI,36,2,
Roosevelt County,US.MT.RO,35,1,
McKean County,US.PA.MC,35,1,
Republic County,US.KS.RP,35,0,
Hutchinson County,US.SD.HT,35,1,
Ransom County,US.ND.RN,35,0,
Lincoln County,US.ME.LI,35,1,
Maries County,US.MO.MS,35,0,
Jefferson County,US.MT.JE,35,0,
Caribou County,US.ID.CR,35,0,
Deuel County,US.SD.DU,34,0,
Sitka City and Borough,US.AK.SI,34,0,
Edwards County,US.TX.ED,34,0,
Price County,US.WI.PC,34,0,
Lyon County,US.KY.LY,34,4,
Jefferson County,US.OK.JE,34,0,
Warren County,US.IN.WN,34,1,
Glascock County,US.GA.GS,34,2,
Clear Creek County,US.CO.CL,34,1,
Grundy County,US.MO.GU,34,1,
Fulton County,US.PA.FU,34,2,
Mahnomen County,US.MN.MH,33,1,
Clark County,US.MO.CK,33,0,
Moffat County,US.CO.MF,33,1,
Guadalupe County,US.NM.GU,33,1,
Barbour County,US.WV.BB,33,1,
Ontonagon County,US.MI.ON,33,0,
San Saba County,US.TX.SS,33,0,
Burnett County,US.WI.BN,33,1,
Stillwater County,US.MT.ST,33,2,
North Slope Borough,US.AK.NH,33,0,
Ashland County,US.WI.AS,33,1,
Quitman County,US.GA.QU,32,1,
Walworth County,US.SD.WA,32,0,
Oregon County,US.MO.OR,32,0,
Mackinac County,US.MI.MK,32,0,
Anderson County,US.KS.AN,32,0,
Lake County,US.OR.LK,32,0,
Lewis County,US.WV.LE,32,2,
Nome Census Area,US.AK.NM,32,0,
Deer Lodge County,US.MT.DE,32,0,
Stanton County,US.NE.ST,32,0,
Polk County,US.NE.PO,32,0,
Dawson County,US.MT.DW,32,0,
Day County,US.SD.DY,32,0,
Sanders County,US.MT.SA,31,0,
Menifee County,US.KY.ME,31,0,
Alcona County,US.MI.AC,31,2,
Edwards County,US.IL.EW,31,0,
Conejos County,US.CO.CN,31,0,
Mills County,US.TX.MS,31,0,
Butte County,US.SD.BT,31,1,
Union County,US.NM.UN,31,2,
Dent County,US.MO.DN,31,0,
Beaver County,US.UT.BV,31,0,
Lincoln County,US.WA.LI,31,1,
Cavalier County,US.ND.CV,31,0,
Big Stone County,US.MN.BI,31,0,
Caledonia County,US.VT.CA,30,0,
Clay County,US.KS.CY,30,2,
Fillmore County,US.NE.FI,30,1,
Marshall County,US.MN.MS,30,0,
Bear Lake County,US.ID.BK,30,0,
Richardson County,US.NE.RI,30,1,
Ringgold County,US.IA.RI,30,1,
San Juan County,US.WA.SA,29,0,
Oscoda County,US.MI.OO,29,1,
Costilla County,US.CO.CS,29,0,
Lake County,US.MI.LK,29,0,
Knox County,US.ME.KN,29,1,
Faulk County,US.SD.FU,29,1,
Cheyenne County,US.NE.CY,28,0,
Hot Springs County,US.WY.HO,28,0,
Nelson County,US.ND.NE,28,0,
Foster County,US.ND.FO,28,0,
Estill County,US.KY.ES,28,0,
Harrison County,US.OH.HR,28,1,
Pembina County,US.ND.PE,28,0,
Perkins County,US.NE.PE,28,7,
McHenry County,US.ND.MH,28,1,
Red Lake County,US.MN.RD,28,0,
Mitchell County,US.KS.MC,28,0,
Menominee County,US.WI.MN,28,0,
Stevens County,US.MN.SV,27,0,
Kidder County,US.ND.KI,27,0,
Johnson County,US.WY.JO,27,1,
Carter County,US.MO.CR,27,1,
Woodruff County,US.AR.WO,27,0,
Lake County,US.MN.LE,27,0,
Wells County,US.ND.WE,27,0,
Thayer County,US.NE.TA,27,0,
Owsley County,US.KY.OS,26,0,
St. Clair County,US.MO.SC,26,0,
Iron County,US.MI.IR,26,1,
Warren County,US.PA.WR,26,1,
Wolfe County,US.KY.WL,26,0,
Roane County,US.WV.RO,25,1,
Cotton County,US.OK.CT,25,2,
Adams County,US.ID.AM,25,0,
Edmunds County,US.SD.ED,25,0,
Golden Valley County,US.ND.GO,24,0,
Norton city,US.VA.NC,24,0,
Burke County,US.ND.BK,24,1,
Mellette County,US.SD.ML,24,0,
White Pine County,US.NV.WH,24,1,
Rusk County,US.WI.RU,24,1,
Calhoun County,US.IL.CH,24,0,
Fergus County,US.MT.FE,24,0,
Eddy County,US.ND.ED,24,0,
Fall River County,US.SD.FL,24,0,
Greenwood County,US.KS.GW,24,0,
Ferry County,US.WA.FE,24,0,
Potter County,US.PA.PO,24,0,
Los Alamos County,US.NM.LO,24,0,
Emmons County,US.ND.EM,24,1,
Bottineau County,US.ND.BT,24,0,
Schuyler County,US.NY.SU,24,0,
Woods County,US.OK.WS,24,0,
Chariton County,US.MO.CI,23,0,
Calhoun County,US.AR.CA,23,0,
Culberson County,US.TX.UL,23,2,
Norton County,US.KS.NT,23,0,
Ellsworth County,US.KS.EW,23,0,
Allen County,US.KS.AL,23,0,
Lipscomb County,US.TX.LM,23,0,
Antelope County,US.NE.AN,23,1,
Matthews County,US.VA.MT,23,0,
Gosper County,US.NE.GO,23,0,
Rooks County,US.KS.RO,23,0,
Kinney County,US.TX.KN,22,1,
Edwards County,US.KS.ED,22,0,
Florence County,US.WI.FL,22,0,
Hardeman County,US.TX.RD,22,0,
Douglas County,US.SD.DO,22,0,
Pierce County,US.ND.PI,22,0,
Hanson County,US.SD.HS,22,0,
Nicholas County,US.KY.NI,22,1,
Wallowa County,US.OR.WW,22,1,
Grant County,US.OK.GN,22,0,
Craig County,US.VA.CG,22,0,
Johnson County,US.NE.JO,21,0,
Traverse County,US.MN.TR,21,0,
Noble County,US.OH.NO,21,0,
Clearwater County,US.ID.CE,21,0,
Rio Blanco County,US.CO.RB,21,0,
Shackelford County,US.TX.SC,21,0,
Presque Isle County,US.MI.PR,21,1,
Ouray County,US.CO.OU,21,1,
Russell County,US.KS.RS,21,0,
Furnas County,US.NE.FU,20,1,
Orange County,US.VT.OA,20,0,
Elliott County,US.KY.EL,20,0,
Tripp County,US.SD.TR,20,0,
Atchison County,US.MO.AT,20,0,
Dickey County,US.ND.DC,20,0,
Stanley County,US.SD.ST,20,0,
Dade County,US.MO.DD,20,0,
Curry County,US.OR.CU,20,0,
Adams County,US.IA.AM,20,0,
Prince of Wales-Hyder Census Area,US.AK.PH,20,0,
Menard County,US.TX.EN,20,0,
Graham County,US.KS.GH,19,0,
Pershing County,US.NV.PE,19,0,
Schuyler County,US.IL.SU,19,0,
Mineral County,US.CO.MI,19,0,
Box Butte County,US.NE.BX,19,0,
Phillips County,US.CO.PH,19,0,
Las Animas County,US.CO.LS,19,0,
Reynolds County,US.MO.RE,19,0,
Jefferson County,US.NE.JE,19,0,
Daviess County,US.MO.DV,19,0,
Colfax County,US.NM.CO,19,1,
Putnam County,US.MO.PN,19,1,
Dewey County,US.OK.DW,19,0,
Clay County,US.WV.CY,19,1,
Ness County,US.KS.NS,19,0,
Covington city,US.VA.CV,19,0,
Morris County,US.KS.MR,18,0,
Cottle County,US.TX.OT,18,2,
Red Willow County,US.NE.RE,18,0,
Boone County,US.NE.BO,18,0,
Hardin County,US.IL.HI,18,0,
Custer County,US.ID.CU,18,0,
Southeast Fairbanks Census Area,US.AK.SO,18,0,
Taliaferro County,US.GA.TA,18,0,
Scotland County,US.MO.SO,18,1,
Granite County,US.MT.GN,18,0,
Valley County,US.NE.VA,18,0,
Clark County,US.SD.CK,18,0,
LaMoure County,US.ND.LA,18,0,
Kingsbury County,US.SD.KI,18,0,
Oneida County,US.ID.ON,18,0,
Clearwater County,US.MN.CE,18,0,
Gilmer County,US.WV.GI,18,0,
Delta County,US.TX.DT,18,0,
Upton County,US.TX.UP,18,1,
Stafford County,US.KS.SF,18,1,
Clark County,US.ID.CA,18,0,
Summers County,US.WV.SU,18,0,
Wilson County,US.KS.WL,17,0,
Gilpin County,US.CO.GI,17,0,
Coos County,US.NH.CO,17,0,
Franklin County,US.NE.FA,17,0,
Carson County,US.TX.CN,17,0,
Alger County,US.MI.AG,17,0,
Holt County,US.NE.HT,17,0,
Steele County,US.ND.SE,17,0,
Teton County,US.MT.TE,17,0,
Harper County,US.OK.HP,17,0,
Sherman County,US.KS.SH,17,0,
Ozark County,US.MO.OZ,17,0,
Rush County,US.KS.RH,16,0,
Broadwater County,US.MT.BR,16,0,
Brown County,US.IL.BR,16,0,
Kimble County,US.TX.KM,16,1,
Emery County,US.UT.EM,16,0,
Hall County,US.TX.HA,16,1,
Sherman County,US.OR.SH,16,0,
Baca County,US.CO.BA,15,0,
Collingsworth County,US.TX.CG,15,0,
Bowman County,US.ND.BW,15,0,
Blaine County,US.MT.BL,15,0,
Mercer County,US.MO.MC,15,0,
Miner County,US.SD.ME,15,0,
Marshall County,US.SD.MS,15,0,
Pondera County,US.MT.PN,15,0,
Washington County,US.ME.WS,15,0,
Sherman County,US.NE.SM,15,1,
Tyler County,US.WV.TY,15,0,
Kimball County,US.NE.KB,15,0,
Schoolcraft County,US.MI.SR,15,0,
Orleans County,US.VT.OL,15,0,
Crook County,US.WY.CK,14,0,
Pleasants County,US.WV.PL,14,2,
Jewell County,US.KS.JW,14,1,
Marshall County,US.KS.MS,14,0,
Cimarron County,US.OK.CO,14,0,
Sheridan County,US.NE.SD,14,0,
Kodiak Island Borough,US.AK.KO,14,0,
Oldham County,US.TX.OL,14,1,
Lac Qui Parle County,US.MN.LC,13,0,
Forest County,US.PA.FO,13,0,
Webster County,US.NE.WE,13,0,
Putnam County,US.IL.PT,13,0,
Columbia County,US.WA.CM,13,1,
Hodgeman County,US.KS.HG,13,0,
Baylor County,US.TX.BR,13,0,
Grand Isle County,US.VT.GR,13,0,
Custer County,US.CO.CU,13,0,
Lee County,US.KY.LE,13,0,
Roger Mills County,US.OK.RR,13,1,
Dickens County,US.TX.DC,13,1,
Sanborn County,US.SD.SA,13,0,
Schuyler County,US.MO.SH,13,0,
Hand County,US.SD.HD,13,0,
Hamilton County,US.NY.HA,13,1,
Mineral County,US.NV.MI,12,0,
Montmorency County,US.MI.MR,12,0,
Sedgwick County,US.CO.SE,12,1,
Jackson County,US.SD.JA,12,1,
Woodson County,US.KS.WO,12,0,
Sargent County,US.ND.SG,12,0,
Alfalfa County,US.OK.AL,12,0,
Briscoe County,US.TX.BO,12,1,
Hettinger County,US.ND.HE,12,0,
Garfield County,US.MT.GF,12,0,
Bent County,US.CO.BE,11,0,
Harney County,US.OR.HA,11,0,
Armstrong County,US.TX.AM,11,0,
Rich County,US.UT.RH,11,0,
Bennett County,US.SD.BN,11,0,
McMullen County,US.TX.MM,11,0,
Lake and Peninsula Borough,US.AK.LA,11,0,
Tucker County,US.WV.TU,11,0,
Pope County,US.IL.PE,11,0,
Chase County,US.NE.CE,11,0,
Nance County,US.NE.NA,11,0,
Chouteau County,US.MT.CH,10,0,
Renville County,US.ND.RE,10,0,
Powell County,US.MT.PL,10,0,
Worth County,US.MO.WO,10,0,
Boyd County,US.NE.BY,10,0,
Stark County,US.IL.SA,10,0,
Morton County,US.KS.MT,10,2,
Pawnee County,US.NE.PA,10,0,
Sullivan County,US.PA.SL,10,0,
McPherson County,US.SD.MP,10,0,
Trinity County,US.CA.TR,10,0,
Gregory County,US.SD.GE,10,0,
Greeley County,US.NE.GE,10,0,
Comanche County,US.KS.CM,9,0,
Braxton County,US.WV.BX,9,0,
Kiowa County,US.KS.KW,9,0,
Trego County,US.KS.TR,9,1,
Jackson County,US.CO.JA,9,0,
Irion County,US.TX.IR,9,0,
Perkins County,US.SD.PR,9,0,
Hoonah-Angoon Census Area,US.AK.HH,9,0,
Logan County,US.ND.LO,9,0,
Wrangell City and Borough,US.AK.WG,9,0,
Sweet Grass County,US.MT.SW,9,1,
Lewis County,US.ID.LW,9,0,
Grant County,US.ND.GT,9,0,
Cheyenne County,US.CO.CE,9,0,
Nuckolls County,US.NE.NU,9,0,
Sheridan County,US.ND.SH,9,0,
Oliver County,US.ND.OL,9,0,
Stonewall County,US.TX.SA,8,1,
Jeff Davis County,US.TX.JF,8,0,
Kusilvak Census Area,US.AK.WA,8,0,
Chautauqua County,US.KS.CQ,8,0,
Sully County,US.SD.SU,8,0,
Roberts County,US.TX.RS,8,0,
Calhoun County,US.WV.CH,8,0,
Huerfano County,US.CO.HU,8,1,
Lincoln County,US.CO.LI,8,0,
Grant County,US.OR.GR,8,0,
Baraga County,US.MI.BA,8,0,
Cameron County,US.PA.CE,8,0,
Petersburg Census Area,US.AK.PB,7,1,
Piscataquis County,US.ME.PI,7,0,
Kenedy County,US.TX.KE,7,1,
Kent County,US.TX.KT,7,0,
Platte County,US.WY.PL,7,1,
Webster County,US.WV.WB,7,0,
Gove County,US.KS.GO,7,0,
Lake of the Woods County,US.MN.LO,7,0,
Lane County,US.KS.LE,7,0,
Sheridan County,US.KS.SD,7,0,
Musselshell County,US.MT.MU,7,0,
Wirt County,US.WV.WI,7,0,
McCone County,US.MT.MC,7,0,
Garfield County,US.NE.GF,6,0,
Glasscock County,US.TX.GC,6,0,
Highland County,US.VA.HA,6,0,
Piute County,US.UT.PT,6,0,
Storey County,US.NV.ST,6,0,
Garden County,US.NE.GD,6,0,
Wahkiakum County,US.WA.WH,6,0,
Frontier County,US.NE.FO,6,0,
Cheyenne County,US.KS.CN,6,0,
Essex County,US.VT.ES,6,0,
Sierra County,US.CA.SE,6,0,
Towner County,US.ND.TO,6,0,
Cook County,US.MN.CO,6,0,
Motley County,US.TX.MY,6,0,
McPherson County,US.NE.MC,6,0,
Doddridge County,US.WV.DO,6,0,
Lincoln County,US.NV.LI,6,0,
Mora County,US.NM.MO,6,0,
Lincoln County,US.KS.LC,6,0,
Ellis County,US.OK.EL,6,0,
Modoc County,US.CA.MC,5,0,
Hyde County,US.SD.HY,5,0,
Divide County,US.ND.DV,5,0,
Slope County,US.ND.SL,5,0,
Sioux County,US.NE.SI,5,0,
Dillingham Census Area,US.AK.DI,5,0,
Barber County,US.KS.AB,5,0,
Dundy County,US.NE.DY,5,0,
Haines Borough,US.AK.HA,5,0,
Catron County,US.NM.CA,5,1,
Eureka County,US.NV.EU,5,0,
Sheridan County,US.MT.SH,5,0,
Adams County,US.ND.AD,5,0,
Decatur County,US.KS.DC,5,0,
Aleutians West Census Area,US.AK.AW,5,0,
Wibaux County,US.MT.WI,5,0,
Cherry County,US.NE.CH,5,0,
Rock County,US.NE.RO,5,0,
Billings County,US.ND.BI,4,0,
Luce County,US.MI.LU,4,0,
Potter County,US.SD.PO,4,0,
Greeley County,US.KS.GL,4,0,
Gilliam County,US.OR.GI,4,0,
Hooker County,US.NE.HO,4,0,
Thomas County,US.NE.TO,4,0,
Bath County,US.VA.BA,4,0,
Harlan County,US.NE.HR,4,0,
Throckmorton County,US.TX.TH,4,2,
Robertson County,US.KY.RB,4,0,
Garfield County,US.WA.GF,4,0,
Osborne County,US.KS.OB,4,0,
Campbell County,US.SD.CP,4,0,
Judith Basin County,US.MT.JU,4,0,
Wichita County,US.KS.WH,4,0,
Meagher County,US.MT.ME,4,0,
Butte County,US.ID.BT,4,0,
Logan County,US.KS.LG,3,0,
Smith County,US.KS.SM,3,0,
Treasure County,US.MT.TR,3,0,
Hinsdale County,US.CO.HI,3,0,
Kittson County,US.MN.KI,3,0,
Logan County,US.NE.LG,3,0,
Wheatland County,US.MT.WH,3,0,
Banner County,US.NE.BA,3,0,
Ritchie County,US.WV.RI,3,0,
Haakon County,US.SD.HA,3,0,
Terrell County,US.TX.TL,3,0,
Brown County,US.NE.BW,3,0,
Daniels County,US.MT.DN,3,0,
Jones County,US.SD.JO,3,0,
Foard County,US.TX.FD,3,0,
Golden Valley County,US.MT.GO,3,0,
Hitchcock County,US.NE.HI,2,0,
Mineral County,US.MT.MN,2,0,
Alpine County,US.CA.AP,2,0,
Camas County,US.ID.CM,2,0,
Deuel County,US.NE.DL,2,0,
Harding County,US.SD.HR,2,0,
San Juan County,US.CO.SJ,2,0,
Dolores County,US.CO.DO,2,0,
Harding County,US.NM.HA,2,0,
Fallon County,US.MT.FA,2,0,
Keweenaw County,US.MI.KW,2,0,
Powder River County,US.MT.PD,2,0,
Washington County,US.KS.WS,2,0,
Niobrara County,US.WY.NI,2,0,
Wayne County,US.UT.WE,2,0,
Aleutians East Borough,US.AK.AE,2,0,
Prairie County,US.MT.PR,1,0,
Rawlins County,US.KS.RA,1,0,
Elk County,US.KS.EK,1,0,
Denali Borough,US.AK.DE,1,0,
Wheeler County,US.NE.WH,1,0,
Wallace County,US.KS.WA,1,0,
Arthur County,US.NE.AR,1,0,
Liberty County,US.MT.LB,1,0,
Sterling County,US.TX.SI,1,0,
Wheeler County,US.OR.WE,0,0,
De Baca County,US.NM.DE,0,0,
Bristol Bay Borough,US.AK.BR,0,0,
Grant County,US.NE.GA,0,0,
Hayes County,US.NE.HY,0,0,
Carter County,US.MT.CT,0,0,
Daggett County,US.UT.DG,0,0,
Yakutat City and Borough,US.AK.YA,0,0,
King County,US.TX.KG,0,0,
Skagway Municipality,US.AK.SW,0,0,
Kalawao County,US.HI.KL,0,0,
Kiowa County,US.CO.KO,0,0,
Blaine County,US.NE.BL,0,0,
Esmeralda County,US.NV.ES,0,0,
Petroleum County,US.MT.PO,0,0,
Borden County,US.TX.BD,0,0,
Loup County,US.NE.LU,0,0,
Loving County,US.TX.LI,0,0,
Keya Paha County,US.NE.KY,0,0,
