County,hasc,confirmed,death,recovered
Cook County,US.IL.CO,87424,4423,
Los Angeles County,US.CA.LO,85942,3137,
Queens County,US.NY.QU,64712,6532,
Kings County,US.NY.KI,58949,6995,
Bronx County,US.NY.BN,47092,4650,
Nassau County,US.NY.NA,41513,2178,
Suffolk County,US.NY.SF,41010,1965,
Westchester County,US.NY.WE,34557,1415,
Maricopa County,US.AZ.MA,31650,634,
New York County,US.NY.NE,28017,3049,
Miami-Dade County,US.FL.DA,26239,884,
Middlesex County,US.MA.MI,23609,1809,
Wayne County,US.MI.WY,22180,2689,
Harris County,US.TX.RR,21053,325,
Philadelphia County,US.PA.PH,20726,1553,
Suffolk County,US.MA.SU,19567,976,
Bergen County,US.NJ.BE,19037,1701,
Hudson County,US.NJ.HD,18755,1266,
Essex County,US.NJ.ES,18578,1761,
Prince George's County,US.MD.PR,17935,661,
Dallas County,US.TX.DS,16845,314,
Passaic County,US.NJ.PA,16772,1015,
Middlesex County,US.NJ.MI,16618,1101,
Fairfield County,US.CT.FA,16483,1362,
Union County,US.NJ.UN,16330,1138,
Essex County,US.MA.ES,15851,1077,
Montgomery County,US.MD.MO,14141,723,
Richmond County,US.NY.RI,13971,1033,
Riverside County,US.CA.RI,13800,424,
Rockland County,US.NY.RO,13514,506,
Fairfax County,US.VA.FX,13499,438,
Providence County,US.RI.PR,12712,501,
New Haven County,US.CT.NH,12196,1063,
Worcester County,US.MA.WO,12143,903,
Oakland County,US.MI.OD,11740,1078,
Hartford County,US.CT.HA,11414,1350,
Broward County,US.FL.BO,11327,373,
San Diego County,US.CA.SD,11096,338,
Marion County,US.IN.MO,10962,669,
Palm Beach County,US.FL.PL,10943,468,
Hennepin County,US.MN.HE,10920,747,
Clark County,US.NV.CL,10774,400,
Orange County,US.NY.OE,10654,398,
Orange County,US.CA.OR,10595,269,
Milwaukee County,US.WI.MU,10355,371,
Washington,US.DC.DI,10058,535,
Ocean County,US.NJ.OC,9440,850,
San Bernardino County,US.CA.SA,9361,234,
Lake County,US.IL.LK,9356,401,
King County,US.WA.KN,9253,602,
Salt Lake County,US.UT.SL,9052,102,
Norfolk County,US.MA.NO,9010,914,
Monmouth County,US.NJ.MN,8965,696,
Mecklenburg County,US.NC.MB,8956,137,
Tarrant County,US.TX.TN,8955,208,
Jefferson Parish,US.LA.JF,8741,477,
DuPage County,US.IL.DU,8715,449,
Plymouth County,US.MA.PL,8592,646,
Montgomery County,US.PA.MG,8123,784,
Shelby County,US.TN.SY,8064,165,
Bristol County,US.MA.BR,8057,546,
Franklin County,US.OH.FR,7915,358,
Davidson County,US.TN.DA,7716,96,
Mercer County,US.NJ.ME,7549,524,
Orleans Parish,US.LA.OR,7536,529,
Kane County,US.IL.KE,7430,252,
Baltimore County,US.MD.BC,7363,455,
Macomb County,US.MI.MB,7165,898,
Camden County,US.NJ.CM,7153,417,
Baltimore City,US.MD.BA,7095,316,
Delaware County,US.PA.DE,7051,635,
Erie County,US.NY.ER,7035,567,
Prince William County,US.VA.PW,6904,133,
Bexar County,US.TX.BX,6882,97,
Morris County,US.NJ.MR,6685,642,
Denver County,US.CO.DN,6663,367,
Hampden County,US.MA.HD,6610,647,
Gwinnett County,US.GA.GW,6572,162,
Will County,US.IL.WL,6398,310,
Douglas County,US.NE.DG,6386,80,
Yakima County,US.WA.YA,6326,138,
Travis County,US.TX.TV,6210,110,
Hillsborough County,US.FL.HL,5973,115,
Fulton County,US.GA.FU,5804,301,
Cuyahoga County,US.OH.CU,5734,339,
St. Louis County,US.MO.SL,5606,548,
Pima County,US.AZ.PM,5587,242,
Bucks County,US.PA.BC,5567,552,
Polk County,US.IA.PK,5510,167,
Orange County,US.FL.OR,5157,49,
Burlington County,US.NJ.BU,5046,372,
Alameda County,US.CA.AA,5007,120,
Arapahoe County,US.CO.AA,4975,339,
Anne Arundel County,US.MD.AN,4916,200,
DeKalb County,US.GA.DA,4866,165,
Somerset County,US.NJ.SO,4818,440,
Imperial County,US.CA.IM,4800,64,
New Castle County,US.DE.NE,4682,197,
Kent County,US.MI.KN,4603,124,
Yuma County,US.AZ.YU,4591,56,
El Paso County,US.TX.EP,4553,120,
Sussex County,US.DE.SU,4501,154,
Lake County,US.IN.LK,4437,235,
Berks County,US.PA.BK,4419,345,
East Baton Rouge Parish,US.LA.EB,4398,265,
Ramsey County,US.MN.RA,4352,211,
Dutchess County,US.NY.DU,4145,151,
Lehigh County,US.PA.LH,4091,279,
Cobb County,US.GA.CB,4059,231,
Lancaster County,US.PA.LN,4029,347,
Hamilton County,US.OH.HM,4020,187,
Wake County,US.NC.WK,3984,44,
Kern County,US.CA.KE,3965,60,
Adams County,US.CO.AD,3932,153,
Pinellas County,US.FL.PI,3854,117,
Greenville County,US.SC.GV,3768,74,
Lee County,US.FL.LE,3666,148,
Loudoun County,US.VA.LD,3612,84,
Jefferson County,US.KY.JF,3609,184,
Santa Clara County,US.CA.SL,3606,154,
Minnehaha County,US.SD.MN,3534,54,
Chester County,US.PA.CH,3513,316,
Monroe County,US.NY.MR,3512,239,
Fresno County,US.CA.FR,3485,67,
Northampton County,US.PA.NA,3312,252,
Montgomery County,US.AL.MT,3297,81,
Utah County,US.UT.UT,3263,21,
Snohomish County,US.WA.SN,3249,164,
Durham County,US.NC.DH,3209,60,
Collier County,US.FL.CL,3206,64,
San Francisco County,US.CA.SF,3185,48,
Tulare County,US.CA.TL,3177,113,
Hillsborough County,US.NH.HI,3134,220,
McKinley County,US.NM.MC,3105,161,
Duval County,US.FL.DU,3085,60,
Fort Bend County,US.TX.FR,3069,50,
Woodbury County,US.IA.WO,3069,42,
Jefferson County,US.AL.JE,3069,126,
Navajo County,US.AZ.NA,3037,95,
Mobile County,US.AL.MB,3036,133,
Jackson County (including other portions of Kansas City),US.MO.JC,2975,54,
Hall County,US.GA.HL,2960,58,
Caddo Parish,US.LA.CO,2920,223,
Winnebago County,US.IL.WN,2883,82,
Cumberland County,US.NJ.CU,2876,124,
Luzerne County,US.PA.LU,2870,171,
San Mateo County,US.CA.SM,2825,103,
Potter County,US.TX.PT,2822,39,
Weld County,US.CO.WE,2724,136,
Atlantic County,US.NJ.AT,2722,188,
Marion County,US.OH.MR,2713,35,
Richland County,US.SC.RI,2704,80,
Onondaga County,US.NY.OG,2675,160,
Genesee County,US.MI.GE,2634,284,
Elkhart County,US.IN.EL,2625,38,
Brown County,US.WI.BW,2581,39,
Chesterfield County,US.VA.CD,2577,46,
Forsyth County,US.NC.FO,2575,28,
Jefferson County,US.CO.JE,2543,205,
Washington County,US.AR.WA,2531,18,
Lucas County,US.OH.LU,2511,294,
Gloucester County,US.NJ.GL,2471,171,
Pinal County,US.AZ.PN,2459,50,
Santa Barbara County,US.CA.SB,2446,27,
Guilford County,US.NC.GU,2434,106,
Allen County,US.IN.AL,2427,95,
Henrico County,US.VA.HC,2426,138,
Arlington County,US.VA.AR,2424,126,
Howard County,US.MD.HO,2423,80,
Frederick County,US.MD.FR,2407,116,
San Joaquin County,US.CA.SJ,2400,48,
Tulsa County,US.OK.TU,2392,66,
Contra Costa County,US.CA.CN,2369,62,
Pierce County,US.WA.PI,2288,92,
Sacramento County,US.CA.SC,2243,66,
Alexandria City,US.VA.AX,2236,49,
Washoe County,US.NV.WA,2232,74,
Polk County,US.FL.PO,2225,78,
Collin County,US.TX.CI,2223,38,
Allegheny County,US.PA.AL,2220,179,
San Juan County,US.NM.SJ,2194,155,
Denton County,US.TX.DN,2163,36,
Kings County,US.CA.KI,2158,19,
Oklahoma County,US.OK.OL,2147,65,
Cass County,US.ND.CS,2143,64,
City of St. Louis,US.MO.SY,2142,148,
Pickaway County,US.OH.PC,2141,41,
Stearns County,US.MN.SR,2137,19,
Apache County,US.AZ.AP,2121,66,
El Paso County,US.CO.EL,2113,109,
Hamilton County,US.TN.HL,2103,26,
Rutherford County,US.TN.RU,2100,32,
Racine County,US.WI.RA,2090,58,
Benton County,US.AR.BE,2087,13,
Albany County,US.NY.AB,2060,108,
Horry County,US.SC.HO,2054,39,
Charleston County,US.SC.CS,2044,19,
St. Tammany Parish,US.LA.ST,2043,172,
Ventura County,US.CA.VE,2030,43,
Richmond City,US.VA.RC,2008,29,
Ouachita Parish,US.LA.OU,1980,67,
Manatee County,US.FL.MN,1977,126,
Dakota County,US.MN.DA,1941,83,
Wyandotte County,US.KS.WY,1934,78,
Ford County,US.KS.FO,1926,10,
McHenry County,US.IL.MY,1921,91,
Walker County,US.TX.WK,1912,28,
Anoka County,US.MN.AN,1910,103,
Black Hawk County,US.IA.BL,1896,56,
Galveston County,US.TX.GV,1867,40,
Dougherty County,US.GA.DH,1858,152,
Multnomah County,US.OR.MU,1849,68,
Bernalillo County,US.NM.BE,1828,82,
Dauphin County,US.PA.DA,1810,120,
Summit County,US.OH.SU,1780,202,
Brazoria County,US.TX.BI,1762,19,
Ulster County,US.NY.UL,1756,81,
Dakota County,US.NE.DK,1741,29,
Hays County,US.TX.HY,1711,5,
Hidalgo County,US.TX.HG,1689,22,
St. Joseph County,US.IN.SN,1677,57,
Buena Vista County,US.IA.BV,1667,10,
Mahoning County,US.OH.MH,1665,224,
Wayne County,US.NC.WY,1658,23,
Clayton County,US.GA.CN,1652,77,
Stanislaus County,US.CA.ST,1639,37,
Nobles County,US.MN.NB,1632,6,
Lackawanna County,US.PA.LC,1627,200,
Cass County,US.IN.CS,1625,9,
Washtenaw County,US.MI.WS,1622,103,
Kent County,US.DE.KE,1620,84,
Tuscaloosa County,US.AL.TU,1619,31,
Lancaster County,US.NE.LA,1617,10,
St. Clair County,US.IL.SI,1610,126,
Martin County,US.FL.MT,1582,20,
Hall County,US.NE.HL,1573,45,
Montgomery County,US.TX.MG,1555,34,
Finney County,US.KS.FI,1554,10,
Cameron County,US.TX.CA,1546,48,
Cumberland County,US.ME.CU,1542,58,
Coconino County,US.AZ.CO,1541,90,
Hinds County,US.MS.HI,1536,33,
Pulaski County,US.AR.PU,1531,52,
Barnstable County,US.MA.BA,1517,138,
Lexington County,US.SC.LX,1513,42,
Santa Cruz County,US.AZ.SA,1482,13,
Litchfield County,US.CT.LI,1467,135,
Trousdale County,US.TN.TR,1466,5,
Lafayette Parish,US.LA.LY,1440,33,
Rockingham County,US.NH.RO,1439,83,
Sullivan County,US.NY.SL,1438,35,
Benton County,US.WA.BE,1437,75,
Kenosha County,US.WI.KN,1421,39,
Oneida County,US.NY.OD,1416,88,
Jefferson County,US.TX.JE,1393,32,
Monroe County,US.PA.MR,1378,107,
Hamilton County,US.IN.HM,1374,97,
Manassas City,US.VA.MS,1366,16,
Warren County,US.KY.WR,1361,10,
Seminole County,US.FL.SE,1361,16,
York County,US.PA.YO,1351,36,
Marion County,US.OR.MR,1348,35,
Duplin County,US.NC.DP,1345,20,
Williamson County,US.TX.WM,1337,32,
Charles County,US.MD.CH,1328,86,
Rapides Parish,US.LA.RA,1323,51,
Hendricks County,US.IN.HD,1320,94,
Lubbock County,US.TX.LU,1320,51,
Johnson County,US.KS.JO,1310,80,
Ada County,US.ID.AA,1307,22,
Franklin County,US.WA.FR,1306,29,
Putnam County,US.NY.PU,1305,62,
Cache County,US.UT.CA,1301,1,
Montgomery County,US.OH.MT,1292,20,
Monterey County,US.CA.MT,1291,12,
Volusia County,US.FL.VO,1263,53,
Lebanon County,US.PA.LB,1261,40,
Middlesex County,US.CT.MI,1259,174,
Boulder County,US.CO.BO,1259,71,
Spartanburg County,US.SC.SP,1247,39,
Brazos County,US.TX.BZ,1244,25,
Muscogee County,US.GA.MG,1239,37,
St. Lucie County,US.FL.SL,1226,41,
Butler County,US.OH.BU,1223,39,
Warren County,US.NJ.WA,1218,142,
New London County,US.CT.NL,1214,101,
Saginaw County,US.MI.SG,1202,120,
Escambia County,US.FL.ES,1202,41,
Johnson County,US.IN.JO,1200,117,
Sumner County,US.TN.SN,1196,49,
Niagara County,US.NY.NI,1193,84,
Sussex County,US.NJ.SU,1178,152,
Kent County,US.RI.KE,1169,72,
Fayette County,US.KY.FA,1156,19,
Kankakee County,US.IL.KK,1149,61,
Dane County,US.WI.DA,1139,32,
Johnston County,US.NC.JH,1135,26,
Leavenworth County,US.KS.LV,1130,7,
Tangipahoa Parish,US.LA.TA,1123,42,
Cherokee County,US.GA.CE,1118,39,
Marshall County,US.AL.MS,1104,9,
Linn County,US.IA.LI,1097,80,
Robeson County,US.NC.RB,1086,25,
Osceola County,US.FL.OS,1080,23,
Washington County,US.OR.WI,1078,20,
Dallas County,US.IA.DL,1075,29,
Hunterdon County,US.NJ.HN,1060,67,
Harford County,US.MD.HA,1060,61,
Randolph County,US.NC.RA,1058,27,
Troup County,US.GA.TP,1049,28,
Wicomico County,US.MD.WI,1046,37,
Sarpy County,US.NE.SY,1038,8,
Lincoln County,US.AR.LC,1036,11,
Accomack County,US.VA.AC,1032,14,
Carroll County,US.MD.CR,1031,109,
Lafourche Parish,US.LA.LO,1027,83,
Rowan County,US.NC.RW,1025,38,
Waukesha County,US.WI.WK,1015,37,
Cumberland County,US.NC.CU,1014,31,
Ascension Parish,US.LA.AE,1008,58,
Anderson County,US.TX.AE,1006,2,
Virginia Beach City,US.VA.VI,1006,27,
Kalamazoo County,US.MI.KA,996,66,
Madison County,US.MS.MD,995,31,
Sarasota County,US.FL.SR,992,94,
Henry County,US.GA.HY,992,31,
Spokane County,US.WA.SP,985,38,
Texas County,US.OK.TE,980,6,
Florence County,US.SC.FL,977,47,
Columbiana County,US.OH.CL,975,58,
Marshall County,US.IA.MS,974,18,
Ottawa County,US.MI.OT,971,51,
Lowndes County,US.GA.LW,960,4,
Stark County,US.OH.ST,957,105,
St. Charles County,US.MO.SA,957,69,
Seward County,US.KS.SW,955,2,
Union County,US.NC.UN,949,23,
Marin County,US.CA.MN,946,18,
Hampshire County,US.MA.HS,946,107,
Alamance County,US.NC.AA,946,35,
Solano County,US.CA.SN,933,23,
Stafford County,US.VA.SF,930,5,
Webb County,US.TX.WB,929,22,
Jones County,US.MS.JO,928,47,
St. John the Baptist Parish,US.LA.SO,926,85,
Calcasieu Parish,US.LA.CC,921,53,
Kendall County,US.IL.KA,918,20,
DeSoto County,US.MS.DE,912,14,
Burke County,US.NC.BK,912,17,
Olmsted County,US.MN.OL,910,15,
Spotsylvania County,US.VA.SP,909,21,
Washington County,US.MN.WH,898,38,
Tolland County,US.CT.TO,895,64,
Sampson County,US.NC.SP,894,5,
Neshoba County,US.MS.NS,893,58,
Harrisonburg City,US.VA.HS,893,23,
Sedgwick County,US.KS.SG,892,25,
Sonoma County,US.CA.SO,885,5,
Beaufort County,US.SC.BA,884,15,
Cabarrus County,US.NC.CR,883,25,
Franklin County,US.PA.FR,882,42,
Chatham County,US.NC.CH,881,39,
Lee County,US.AL.LE,881,35,
Moore County,US.TX.MO,879,14,
Brevard County,US.FL.BE,878,16,
Davis County,US.UT.DA,877,4,
Pasco County,US.FL.PS,872,17,
Douglas County,US.CO.DU,864,51,
Washington County,US.UT.WN,864,3,
York County,US.SC.YO,859,11,
Ingham County,US.MI.IH,859,29,
Terrebonne Parish,US.LA.TR,857,60,
Lorain County,US.OH.LR,854,66,
Berrien County,US.MI.BN,852,60,
Dawson County,US.NE.DN,849,8,
Lauderdale County,US.MS.LU,847,77,
Chatham County,US.GA.CM,828,33,
Sumter County,US.SC.SU,825,21,
Bell County,US.TX.BL,822,10,
Madison County,US.IL.MD,815,67,
Whitfield County,US.GA.WF,810,10,
Buchanan County,US.MO.BC,809,3,
Mower County,US.MN.MW,802,2,
Shelby County,US.AL.SH,798,22,
Culpeper County,US.VA.CP,795,9,
Williamson County,US.TN.WL,793,13,
Cumberland County,US.PA.CU,792,61,
St. Francis County,US.AR.SI,792,3,
Rock County,US.WI.RO,791,23,
Rock Island County,US.IL.RO,789,28,
Muskegon County,US.MI.MG,786,49,
Franklin County,US.AL.FR,783,10,
Champaign County,US.IL.CM,781,12,
Randall County,US.TX.RA,775,6,
Gaston County,US.NC.GS,771,9,
Richmond County,US.GA.RI,770,42,
Johnson County,US.IA.JH,770,8,
Morgan County,US.AL.MG,766,2,
Lake County,US.FL.LK,763,20,
Hendry County,US.FL.HR,763,22,
Colquitt County,US.GA.CQ,763,17,
Schenectady County,US.NY.SN,761,33,
Chesapeake City,US.VA.CS,759,16,
Davidson County,US.NC.DD,759,15,
Douglas County,US.GA.DL,756,35,
Rice County,US.MN.RI,754,4,
Salem County,US.NJ.SA,750,65,
Norfolk City,US.VA.NF,746,7,
Alachua County,US.FL.AL,738,11,
Granville County,US.NC.GN,738,17,
Dona Ana County,US.NM.DO,734,6,
Madison County,US.AL.MD,733,6,
Forrest County,US.MS.FO,729,42,
Trumbull County,US.OH.TR,726,55,
Kenton County,US.KY.KE,726,36,
Mohave County,US.AZ.MO,723,73,
Lee County,US.NC.LE,716,7,
Schuylkill County,US.PA.SC,715,43,
Robertson County,US.TN.RB,708,10,
Walker County,US.AL.WK,705,8,
Scott County,US.MS.SC,700,14,
Knox County,US.TN.KN,693,5,
Cape May County,US.NJ.CP,692,62,
St. Charles Parish,US.LA.SC,691,46,
Livingston Parish,US.LA.LV,690,36,
Elmore County,US.AL.EL,690,11,
Wapello County,US.IA.WP,689,27,
Lake County,US.TN.LK,689,0,
Cleveland County,US.OK.CV,684,40,
Sandoval County,US.NM.SD,681,28,
Larimer County,US.CO.LR,680,29,
Putnam County,US.TN.PU,673,7,
Broome County,US.NY.BO,670,56,
Clark County,US.OH.CK,670,8,
Acadia Parish,US.LA.AD,669,34,
Bossier Parish,US.LA.BO,668,28,
Forsyth County,US.GA.FO,668,14,
Weber County,US.UT.WB,667,9,
Iberville Parish,US.LA.IV,666,43,
Colfax County,US.NE.CO,661,4,
Merced County,US.CA.MD,661,9,
Titus County,US.TX.TU,657,4,
Rockingham County,US.VA.RG,657,9,
Jefferson County,US.AR.JE,657,28,
Eagle County,US.CO.EA,656,8,
Dodge County,US.NE.DE,655,6,
Clark County,US.WA.CR,654,30,
Platte County,US.NE.PL,649,3,
Morgan County,US.CO.MN,649,46,
Dallas County,US.AL.DL,646,6,
Berkeley County,US.SC.BK,644,20,
Habersham County,US.GA.HB,641,34,
Carroll County,US.GA.CL,641,39,
Crawford County,US.IA.CW,640,2,
Logan County,US.CO.LO,635,5,
Nueces County,US.TX.NU,633,6,
Beaver County,US.PA.BA,625,77,
Wilson County,US.TN.WO,625,15,
Porter County,US.IN.PR,622,36,
Madison County,US.IN.MD,621,63,
Bibb County,US.GA.BI,621,37,
Pottawattamie County,US.IA.PT,620,11,
Bartow County,US.GA.BT,619,39,
Bledsoe County,US.TN.BE,613,1,
Rankin County,US.MS.RA,611,12,
Washington County,US.MD.WA,611,25,
Wilson County,US.NC.WO,610,16,
Winnebago County,US.WI.WA,608,11,
Clackamas County,US.OR.CC,607,23,
Jones County,US.TX.JN,604,0,
Crittenden County,US.AR.CD,600,10,
St. Bernard Parish,US.LA.SE,599,23,
St. Mary's County,US.MD.SA,599,46,
Charlotte County,US.FL.CH,597,75,
Warren County,US.OH.WR,594,20,
Sevier County,US.AR.SV,592,6,
Clark County,US.IN.CK,592,43,
Berkshire County,US.MA.BE,591,44,
Chittenden County,US.VT.CH,590,39,
Scott County,US.MN.SC,587,4,
Leon County,US.FL.LO,587,8,
Washington Parish,US.LA.WO,585,44,
Muscatine County,US.IA.MU,585,43,
Windham County,US.CT.WI,584,14,
Monroe County,US.MI.MO,580,21,
Butler County,US.AL.BT,578,26,
Lee County,US.AR.LE,576,1,
Boone County,US.KY.BO,571,23,
Iredell County,US.NC.IR,569,7,
Honolulu County,US.HI.HO,568,11,
Pitt County,US.NC.PI,567,4,
Bartholomew County,US.IN.BA,566,43,
Tipton County,US.TN.TI,563,4,
New Hanover County,US.NC.NE,563,5,
Catawba County,US.NC.CB,560,10,
Kandiyohi County,US.MN.KD,560,1,
Kershaw County,US.SC.KE,557,15,
Coweta County,US.GA.CA,556,14,
Boone County,US.IL.BO,556,20,
Tift County,US.GA.TI,556,25,
Wilkes County,US.NC.WE,555,6,
Buckingham County,US.VA.BK,553,3,
Westmoreland County,US.PA.WE,546,38,
Orange County,US.NC.OR,546,41,
Shenandoah County,US.VA.SN,542,27,
Livingston County,US.MI.LI,541,28,
Tippecanoe County,US.IN.TP,539,7,
Sumter County,US.GA.SU,538,49,
Erie County,US.PA.ER,535,9,
Saratoga County,US.NY.SR,535,15,
Saline County,US.NE.SL,530,2,
Pickens County,US.SC.PI,529,4,
Chambers County,US.AL.CM,528,27,
Rensselaer County,US.NY.RE,528,31,
Clay County,US.MN.CA,528,37,
St. Clair County,US.MI.SA,527,48,
St. Martin Parish,US.LA.SR,526,26,
Orangeburg County,US.SC.OR,524,8,
DeKalb County,US.IL.DK,524,18,
Washington County,US.RI.WA,523,50,
Blaine County,US.ID.BL,520,5,
Tallapoosa County,US.AL.TP,520,70,
Placer County,US.CA.PA,519,9,
Grayson County,US.TX.GO,518,5,
Twin Falls County,US.ID.TW,518,25,
Shawnee County,US.KS.SN,515,9,
Houston County,US.GA.HO,514,20,
Clay County,US.FL.CY,511,32,
Ellis County,US.TX.EI,510,19,
Calhoun County,US.MI.CU,506,31,
Harnett County,US.NC.HT,504,30,
Buncombe County,US.NC.BO,504,29,
Leake County,US.MS.LK,503,16,
Newton County,US.GA.NE,503,11,
Howard County,US.IN.HO,500,49,
Whatcom County,US.WA.WA,499,40,
Henderson County,US.NC.HN,498,48,
Walworth County,US.WI.WL,498,18,
St. Johns County,US.FL.SJ,496,7,
Beadle County,US.SD.BA,494,6,
Belmont County,US.OH.BE,493,21,
Muhlenberg County,US.KY.MU,492,8,
Yavapai County,US.AZ.YA,490,7,
Holmes County,US.MS.HO,489,37,
LaPorte County,US.IN.LA,489,25,
Pike County,US.PA.PI,489,20,
Jackson County,US.MI.JA,488,30,
Skagit County,US.WA.SG,485,15,
St. Landry Parish,US.LA.SL,484,55,
Iberia Parish,US.LA.II,482,42,
Lyon County,US.KS.LY,479,6,
Paulding County,US.GA.PA,476,13,
Copiah County,US.MS.CP,476,11,
Story County,US.IA.ST,474,3,
Canyon County,US.ID.CN,470,6,
DeSoto County,US.FL.DE,468,10,
York County,US.ME.YO,466,11,
Harrison County,US.MS.HR,464,7,
Columbus County,US.NC.CM,464,35,
Summit County,US.UT.SU,463,0,
Pennington County,US.SD.PN,462,11,
Anderson County,US.SC.AN,461,10,
Frederick County,US.VA.FK,460,4,
Cecil County,US.MD.CE,460,29,
Vance County,US.NC.VA,453,35,
Androscoggin County,US.ME.AN,453,4,
Columbia County,US.NY.CU,452,47,
Baldwin County,US.GA.BD,452,32,
Scott County,US.IA.SC,449,10,
Newport News City,US.VA.NN,447,10,
San Luis Obispo County,US.CA.SS,442,1,
Autauga County,US.AL.AU,442,9,
Baldwin County,US.AL.BD,437,9,
Dodge County,US.WI.DD,437,5,
Tuscarawas County,US.OH.TU,436,10,
Mitchell County,US.GA.MT,436,38,
Yell County,US.AR.YE,435,3,
Peoria County,US.IL.PI,434,25,
Wayne County,US.MS.WY,434,8,
Delaware County,US.OH.DL,433,15,
Berkeley County,US.WV.BE,433,10,
Bedford County,US.TN.BD,432,4,
Tama County,US.IA.TM,431,29,
Floyd County,US.GA.FL,430,15,
Jackson County,US.IN.JC,430,3,
Barrow County,US.GA.BW,429,25,
Lowndes County,US.AL.LO,425,15,
Sevier County,US.TN.SV,422,3,
Etowah County,US.AL.ET,422,12,
Sioux County,US.IA.SI,422,0,
Okaloosa County,US.FL.OA,421,6,
Coffee County,US.GA.CF,421,15,
Franklin Parish,US.LA.FR,421,14,
Leflore County,US.MS.LL,420,47,
Oktibbeha County,US.MS.OK,420,19,
Portsmouth City,US.VA.PR,419,13,
DeKalb County,US.AL.DA,418,5,
Dubuque County,US.IA.DU,417,22,
Medina County,US.OH.MD,416,31,
Fairfield County,US.OH.FI,414,12,
Manassas Park city,US.VA.MP,414,5,
Marion County,US.FL.MI,412,10,
Ashtabula County,US.OH.AB,410,42,
Indian River County,US.FL.IN,409,15,
Fauquier County,US.VA.FQ,409,6,
Delaware County,US.IN.DL,407,47,
Shelby County,US.IN.SH,407,24,
Miami County,US.OH.MM,405,30,
Hanover County,US.VA.HV,405,25,
Wright County,US.MN.WR,403,2,
Outagamie County,US.WI.OU,402,8,
Jackson County,US.MS.JC,402,16,
Clarke County,US.GA.CK,401,15,
Craighead County,US.AR.CG,401,5,
Jefferson County,US.MO.JE,401,19,
Bowie County,US.TX.BW,400,11,
Calvert County,US.MD.CL,397,23,
Merrimack County,US.NH.ME,397,18,
Columbia County,US.PA.CO,397,33,
LaGrange County,US.IN.LG,396,6,
Yazoo County,US.MS.YZ,395,6,
St. Mary Parish,US.LA.SM,393,35,
Boone County,US.IN.BO,393,40,
Hancock County,US.IN.HC,392,33,
Todd County,US.MN.TO,390,2,
Kosciusko County,US.IN.KO,390,2,
Dorchester County,US.SC.DO,390,3,
Sangamon County,US.IL.SM,388,31,
San Juan County,US.UT.SJ,386,7,
Montgomery County,US.TN.MT,385,5,
Rockdale County,US.GA.RO,385,9,
Thomas County,US.GA.TH,384,32,
Lowndes County,US.MS.LO,384,10,
Darlington County,US.SC.DA,384,14,
Wasatch County,US.UT.WA,384,3,
Lee County,US.GA.LE,383,22,
Daviess County,US.KY.DA,382,8,
Surry County,US.NC.SU,382,2,
Angelina County,US.TX.AG,380,6,
Bay County,US.MI.BY,379,29,
Union Parish,US.LA.UN,378,20,
Lincoln County,US.MS.LI,378,32,
Suffolk City,US.VA.SO,377,34,
Comanche County,US.OK.CM,377,5,
Washington County,US.OK.WN,377,38,
Grant County,US.WA.GN,376,5,
Noble County,US.IN.NO,374,27,
Lee County,US.MS.LE,374,14,
Greenwood County,US.SC.GW,374,5,
Cochise County,US.AZ.CH,372,6,
Moore County,US.NC.ME,371,11,
McDonald County,US.MO.MA,371,0,
Russell County,US.AL.RU,370,0,
Portage County,US.OH.PO,369,58,
Lake County,US.OH.LK,369,14,
Marshall County,US.IN.MS,365,3,
Shelby County,US.KY.SH,365,6,
Clarendon County,US.SC.CN,365,42,
Grand Forks County,US.ND.GD,365,4,
Bastrop County,US.TX.BP,363,4,
Geauga County,US.OH.GE,361,37,
Pike County,US.AL.PK,361,3,
Kaufman County,US.TX.KU,360,4,
Houston County,US.AL.HO,360,5,
Pueblo County,US.CO.PU,358,24,
Franklin County,US.MA.FR,358,53,
Brunswick County,US.NC.BS,356,3,
Municipality of Anchorage,US.AK.AN,355,6,
Louisa County,US.IA.LO,355,13,
McLennan County,US.TX.ML,354,5,
Nash County,US.NC.NA,352,4,
Madison County,US.NE.MA,350,4,
Santa Rosa County,US.FL.SA,350,9,
Walton County,US.GA.WA,350,26,
Columbia County,US.GA.CI,350,8,
Bradley County,US.TN.BR,349,3,
Clay County,US.MO.CY,348,8,
Yolo County,US.CA.YO,347,24,
Madison County,US.NY.MA,347,9,
Spalding County,US.GA.SD,347,31,
Nacogdoches County,US.TX.NC,346,25,
Greensville County,US.VA.GS,346,7,
Floyd County,US.IN.FL,345,43,
Vanderburgh County,US.IN.VA,343,6,
Lamar County,US.MS.LM,341,7,
Smith County,US.TX.SM,340,4,
Albemarle County,US.VA.AB,340,8,
Williamsburg County,US.SC.WI,339,15,
East Carroll Parish,US.LA.EC,339,0,
Jackson County,US.FL.JA,338,2,
Wood County,US.OH.WO,337,51,
Lenoir County,US.NC.LN,337,10,
Licking County,US.OH.LI,337,11,
Attala County,US.MS.AT,336,23,
Glynn County,US.GA.GY,335,3,
Lancaster County,US.SC.LN,335,10,
Ware County,US.GA.WE,335,15,
Fremont County,US.WY.FR,335,9,
Madera County,US.CA.ME,334,5,
St. James Parish,US.LA.SJ,334,28,
Pope County,US.AR.PP,333,2,
Wright County,US.IA.WG,332,0,
McCurtain County,US.OK.MU,331,2,
Warren County,US.MS.WR,331,14,
Wayne County,US.OH.WE,330,52,
Assumption Parish,US.LA.AS,330,14,
Bullock County,US.AL.BL,328,10,
Hoke County,US.NC.HO,326,3,
Gadsden County,US.FL.GA,326,6,
Brown County,US.SD.BW,326,2,
Ector County,US.TX.EC,325,7,
Upson County,US.GA.UP,324,43,
Roanoke city,US.VA.RO,324,9,
Jackson County,US.IL.JC,324,18,
Webster Parish,US.LA.WR,323,9,
Newton County,US.MS.NW,323,8,
Lincoln County,US.SD.LI,323,1,
Guadalupe County,US.TX.GU,323,1,
Chesterfield County,US.SC.CF,322,10,
Washington County,US.WI.WN,322,13,
Midland County,US.TX.ID,322,13,
Madison Parish,US.LA.MA,320,2,
Starr County,US.TX.SR,319,0,
De Soto Parish,US.LA.DE,318,18,
Coffee County,US.AL.CF,317,1,
Adams County,US.PA.AD,317,11,
Chattahoochee County,US.GA.CH,316,0,
Caldwell County,US.NC.CL,315,4,
Coryell County,US.TX.CL,315,2,
Gordon County,US.GA.GO,314,18,
Cullman County,US.AL.CU,313,1,
Craven County,US.NC.CN,312,6,
Monroe County,US.MS.MR,311,27,
Bladen County,US.NC.BL,310,2,
Jackson County,US.GA.JC,310,7,
Colbert County,US.AL.CL,305,5,
Morgan County,US.IN.MG,305,30,
Hardee County,US.FL.HD,305,1,
Gregg County,US.TX.GE,305,12,
Grimes County,US.TX.GM,303,2,
Washington County,US.MS.WS,302,9,
Hamilton County,US.FL.HM,302,2,
Allegan County,US.MI.AL,301,6,
Lauderdale County,US.AL.LU,299,4,
Carver County,US.MN.CV,297,1,
Santa Cruz County,US.CA.SZ,296,2,
Jasper County,US.IA.JS,296,17,
Fond du Lac County,US.WI.FN,295,6,
Richmond County,US.VA.RI,295,4,
Fayette County,US.GA.FY,295,16,
Caroline County,US.MD.CO,294,2,
Newport County,US.RI.NE,294,2,
Lincoln County,US.OR.LC,292,1,
Winchester city,US.VA.WH,292,3,
Worth County,US.GA.WO,291,21,
Faulkner County,US.AR.FA,290,3,
Suwannee County,US.FL.SW,290,18,
Taylor County,US.TX.TA,289,5,
Walker County,US.GA.WK,288,5,
Clermont County,US.OH.CE,287,6,
Chelan County,US.WA.CH,286,6,
Sumter County,US.FL.SM,286,17,
Strafford County,US.NH.ST,285,13,
Franklin County,US.NC.FR,284,21,
Adams County,US.NE.AD,282,11,
Yadkin County,US.NC.YD,281,4,
Comal County,US.TX.OM,280,7,
Catoosa County,US.GA.CS,280,6,
Broomfield County and City,US.CO.BR,280,28,
Northumberland County,US.PA.NU,279,4,
Umatilla County,US.OR.UM,279,4,
Aiken County,US.SC.AI,279,9,
La Paz County,US.AZ.LA,279,3,
Randolph County,US.IL.RA,278,7,
Saline County,US.MO.SI,278,4,
Pike County,US.MS.PI,278,11,
Richland County,US.OH.RI,277,4,
Stanly County,US.NC.SN,277,5,
Barbour County,US.AL.BR,277,1,
Grant County,US.IN.GA,277,26,
Orleans County,US.NY.OL,276,50,
Sherburne County,US.MN.SH,276,4,
Lyon County,US.MN.LY,276,2,
Limestone County,US.AL.LI,275,0,
Worcester County,US.MD.WO,274,16,
La Crosse County,US.WI.LA,274,0,
Lincoln Parish,US.LA.LN,274,18,
Harrison County,US.TX.HR,274,30,
Marlboro County,US.SC.ML,274,3,
Edgecombe County,US.NC.ED,274,9,
Clinton County,US.IN.CI,273,1,
Montgomery County,US.IN.MM,273,19,
Butler County,US.PA.BT,271,13,
Eaton County,US.MI.EA,271,7,
East Feliciana Parish,US.LA.EF,271,32,
Hampton city,US.VA.HM,271,5,
Georgetown County,US.SC.GR,269,3,
Sumter County,US.AL.SU,269,12,
Northampton County,US.VA.NA,269,28,
Jasper County,US.MO.JS,269,0,
Kanawha County,US.WV.KA,268,20,
Newton County,US.MO.NT,268,2,
Carbon County,US.PA.CB,267,24,
Hale County,US.AL.HA,267,18,
Boone County,US.MO.BO,266,2,
Halifax County,US.NC.HL,266,3,
Lapeer County,US.MI.LP,266,31,
Shiawassee County,US.MI.SH,265,27,
Warren County,US.VA.WR,265,4,
Payne County,US.OK.PY,264,1,
Page County,US.VA.PA,263,24,
Steuben County,US.NY.ST,263,29,
Summit County,US.CO.SU,263,3,
Union County,US.OR.UN,263,0,
Warren County,US.NY.WR,262,30,
Crisp County,US.GA.CP,260,11,
Fairfield County,US.SC.FA,259,20,
Hunt County,US.TX.HT,258,5,
Freeborn County,US.MN.FR,258,0,
Hardeman County,US.TN.HA,257,1,
Mercer County,US.OH.MC,257,8,
Greene County,US.NY.GR,256,13,
Rutherford County,US.NC.RU,256,7,
Lee County,US.SC.LE,256,20,
Harris County,US.GA.HI,255,8,
Early County,US.GA.EA,255,31,
Rhea County,US.TN.RH,255,0,
Shelby County,US.TX.SY,254,9,
Johnson County,US.TX.JH,254,4,
Laurens County,US.SC.LU,254,4,
Lafayette County,US.MS.LY,254,4,
McLean County,US.IL.ML,253,13,
Allen County,US.OH.AN,253,37,
Macon County,US.NC.MN,252,1,
Montgomery County,US.NC.MO,252,6,
Dubois County,US.IN.DU,251,6,
Medina County,US.TX.ME,250,2,
Branch County,US.MI.BC,250,2,
Okeechobee County,US.FL.OE,250,0,
Sebastian County,US.AR.SB,250,2,
Rusk County,US.TX.RK,249,2,
White County,US.IN.WH,249,10,
Plymouth County,US.IA.PM,249,4,
Wilcox County,US.AL.WC,248,8,
Stephenson County,US.IL.SN,248,5,
Bristol County,US.RI.BR,247,7,
Butts County,US.GA.BU,247,32,
Butler County,US.KY.BR,246,14,
Colleton County,US.SC.CT,245,20,
James City County,US.VA.JA,245,15,
Fulton County,US.NY.FU,244,26,
Washington County,US.NY.WS,244,14,
Decatur County,US.GA.DC,243,8,
Deaf Smith County,US.TX.DI,242,16,
Ontario County,US.NY.OR,242,26,
Victoria County,US.TX.VI,241,8,
Huntingdon County,US.PA.HU,240,4,
Jefferson Davis Parish,US.LA.JD,240,7,
Napa County,US.CA.NA,239,4,
Decatur County,US.IN.DC,239,32,
Plaquemines Parish,US.LA.PL,239,17,
Putnam County,US.FL.PU,238,6,
Covington County,US.MS.CV,238,3,
Highlands County,US.FL.HG,238,10,
Marengo County,US.AL.ME,238,11,
Flagler County,US.FL.FL,237,5,
Ogle County,US.IL.OG,236,4,
Washington County,US.TX.WH,235,27,
Mecklenburg County,US.VA.ME,235,24,
Loudon County,US.TN.LO,234,1,
Hopkins County,US.KY.HO,233,32,
Richmond County,US.NC.RI,233,5,
Adams County,US.MS.AD,232,18,
West Baton Rouge Parish,US.LA.WB,232,30,
Columbia County,US.FL.CU,232,3,
Campbell County,US.KY.CM,232,12,
Fredericksburg City,US.VA.FB,232,0,
Dillon County,US.SC.DI,230,5,
Covington County,US.AL.CV,229,2,
Tuscola County,US.MI.TU,229,26,
Rockwall County,US.TX.RC,228,16,
St. Joseph County,US.MI.SJ,228,3,
Darke County,US.OH.DA,228,25,
Allen Parish,US.LA.AL,228,10,
Greene County,US.MO.GE,228,8,
Blue Earth County,US.MN.BE,227,2,
Union County,US.AR.UN,227,13,
Cleveland County,US.NC.CV,227,2,
Henry County,US.VA.HY,227,3,
Winn Parish,US.LA.WI,226,5,
Pearl River County,US.MS.PL,226,32,
West Feliciana Parish,US.LA.WF,226,14,
Caldwell County,US.TX.CW,226,1,
Jerome County,US.ID.JR,225,3,
Genesee County,US.NY.GE,225,5,
Pointe Coupee Parish,US.LA.PO,224,27,
Garfield County,US.CO.GA,224,2,
Maury County,US.TN.MU,224,2,
Iron County,US.UT.RN,224,1,
Galax city,US.VA.GA,224,11,
Clinton County,US.IL.CN,224,17,
Macon County,US.TN.MC,223,3,
Noxubee County,US.MS.NO,223,6,
Appling County,US.GA.AP,222,13,
Liberty County,US.FL.LI,220,1,
Terrell County,US.GA.TL,219,27,
Macon County,US.IL.MC,219,21,
Erie County,US.OH.ER,218,22,
Clarke County,US.AL.CK,218,4,
St. Lawrence County,US.NY.SI,217,3,
Van Buren County,US.MI.VA,217,7,
Jefferson County,US.WV.JE,216,4,
Thurston County,US.WA.TH,216,7,
Calhoun County,US.AL.CN,215,4,
Gonzales County,US.TX.GA,215,4,
Wagoner County,US.OK.WG,215,17,
Maverick County,US.TX.MV,214,2,
Gallatin County,US.MT.GL,213,1,
Onslow County,US.NC.ON,213,3,
Jasper County,US.MS.JS,212,6,
St. Clair County,US.AL.SA,212,2,
Vigo County,US.IN.VI,212,8,
Washington County,US.IA.WS,212,9,
Queen Anne's County,US.MD.QU,211,15,
Laramie County,US.WY.LA,211,2,
Warren County,US.IA.WR,211,2,
Clay County,US.MS.CY,210,6,
Saline County,US.AR.SL,210,2,
Henry County,US.IN.HY,210,15,
Monroe County,US.IN.MR,209,26,
Bolivar County,US.MS.BO,208,13,
Ozaukee County,US.WI.OZ,208,15,
Prince George County,US.VA.PG,207,0,
Hancock County,US.GA.HC,207,32,
Avoyelles Parish,US.LA.AV,206,11,
Bay County,US.FL.BY,205,4,
Bacon County,US.GA.BC,205,4,
Lamar County,US.TX.LR,205,13,
Dale County,US.AL.DE,205,0,
Fayette County,US.TN.FA,203,2,
Benton County,US.MN.BN,202,3,
Logan County,US.KY.LO,202,10,
Burleigh County,US.ND.BL,202,0,
Santa Fe County,US.NM.ST,201,3,
Montrose County,US.CO.MO,201,12,
Clinton County,US.MI.CN,201,11,
Dickinson County,US.IA.DI,201,2,
Harrison County,US.IN.HI,200,22,
Hernando County,US.FL.HA,200,5,
Canadian County,US.OK.CN,200,3,
Bienville Parish,US.LA.BI,200,26,
Petersburg city,US.VA.PB,199,3,
Citrus County,US.FL.CI,199,12,
Tooele County,US.UT.TE,199,0,
Steele County,US.MN.SE,199,0,
Lenawee County,US.MI.LN,198,6,
Randolph County,US.GA.RN,197,24,
Cibola County,US.NM.CI,197,11,
Lawrence County,US.IN.LW,196,24,
Chickasaw County,US.MS.CS,196,17,
Madison County,US.TN.MD,196,2,
McDowell County,US.NC.MW,196,1,
Douglas County,US.WA.DO,195,3,
Grenada County,US.MS.GN,195,4,
Kent County,US.MD.KE,194,23,
Dooly County,US.GA.DO,194,12,
Panola County,US.TX.PN,194,23,
Scotts Bluff County,US.NE.SC,193,3,
Crawford County,US.KS.CR,192,1,
Tom Green County,US.TX.TG,192,1,
Natchitoches Parish,US.LA.NA,192,13,
Talladega County,US.AL.TD,192,6,
Franklin County,US.MO.FR,191,18,
Ionia County,US.MI.II,191,4,
Jackson Parish,US.LA.JA,191,16,
Kitsap County,US.WA.KS,191,2,
LaSalle County,US.IL.LA,190,16,
Dearborn County,US.IN.DR,189,22,
Allegany County,US.MD.AL,189,17,
Lincoln County,US.NC.LI,189,0,
Carroll County,US.VA.CL,189,5,
Morehouse Parish,US.LA.MO,188,7,
Polk County,US.GA.PO,187,1,
Smith County,US.MS.SM,187,11,
Island County,US.WA.IS,187,12,
Marion County,US.MS.MI,186,10,
Choctaw County,US.AL.CC,186,12,
Sussex County,US.VA.SS,186,2,
Walton County,US.FL.WL,186,9,
Liberty County,US.TX.LT,186,3,
Oceana County,US.MI.OA,186,3,
Graves County,US.KY.GV,185,20,
Saluda County,US.SC.SA,185,1,
Sheboygan County,US.WI.SE,185,4,
Centre County,US.PA.CT,184,6,
Dorchester County,US.MD.DO,183,4,
Hillsdale County,US.MI.HI,183,25,
Greene County,US.IN.GE,183,29,
Clarke County,US.MS.CE,182,21,
Tate County,US.MS.TT,182,2,
Gunnison County,US.CO.GU,182,6,
Caddo County,US.OK.CD,181,10,
Jefferson County,US.WI.JE,181,4,
San Benito County,US.CA.SI,181,2,
Warrick County,US.IN.WI,181,29,
Union County,US.IL.UN,181,18,
Garland County,US.AR.GL,180,1,
Buffalo County,US.NE.BF,180,1,
Panola County,US.MS.PA,179,5,
Susquehanna County,US.PA.SS,178,20,
Gilmer County,US.GA.GI,178,2,
Winston County,US.MS.WN,178,2,
Winston County,US.AL.WN,178,1,
Echols County,US.GA.EC,177,0,
Pender County,US.NC.PD,177,1,
Roanoke County,US.VA.RE,177,5,
Gila County,US.AZ.GI,176,4,
Miami County,US.IN.MI,176,2,
Greene County,US.OH.GR,175,8,
Madison County,US.OH.MO,175,7,
Northampton County,US.NC.NO,175,15,
Tompkins County,US.NY.TO,175,0,
McMinn County,US.TN.MM,175,15,
Stephens County,US.GA.SE,174,6,
Whiteside County,US.IL.WD,173,15,
Lycoming County,US.PA.LY,173,19,
Marion County,US.AL.MI,173,12,
Oswego County,US.NY.OS,173,2,
Prince Edward County,US.VA.PD,173,3,
Cassia County,US.ID.CS,173,1,
Hardin County,US.TX.HN,172,5,
Charlottesville City,US.VA.CE,172,3,
Augusta County,US.VA.AU,171,2,
Ohio County,US.KY.OH,171,0,
Turner County,US.GA.TR,170,16,
Pickens County,US.AL.PC,170,6,
Chilton County,US.AL.CI,170,3,
Rockingham County,US.NC.RC,170,2,
Bulloch County,US.GA.BH,169,3,
Alamosa County,US.CO.AL,169,3,
Wichita County,US.TX.WC,169,2,
Murray County,US.GA.MA,169,1,
Claiborne County,US.MS.CB,168,9,
Kemper County,US.MS.KE,168,13,
Washington County,US.PA.WS,168,6,
Cheatham County,US.TN.CA,167,0,
Simpson County,US.MS.SI,166,2,
Grady County,US.GA.GD,165,4,
Monroe County,US.FL.MO,165,4,
Dyer County,US.TN.DY,164,0,
Pasquotank County,US.NC.PU,164,15,
Isle of Wight County,US.VA.IS,163,8,
Eau Claire County,US.WI.EA,163,1,
Monroe County,US.AL.MR,163,2,
Jennings County,US.IN.JN,163,9,
Toombs County,US.GA.TM,163,5,
Coahoma County,US.MS.CH,160,6,
Putnam County,US.IN.PT,159,8,
Hamilton County,US.IA.HM,159,0,
Calhoun County,US.GA.CU,159,5,
Beauregard Parish,US.LA.BE,159,7,
Midland County,US.MI.MD,159,9,
Scott County,US.MO.ST,159,11,
Franklin County,US.GA.FR,158,1,
Johnson County,US.AR.JO,158,0,
Davie County,US.NC.DV,158,2,
Parmer County,US.TX.PM,158,2,
Escambia County,US.AL.ES,158,6,
Watonwan County,US.MN.WT,157,0,
Chambers County,US.TX.CH,156,0,
Hertford County,US.NC.HD,156,7,
Meriwether County,US.GA.MW,155,2,
Sunflower County,US.MS.SU,155,4,
Marion County,US.SC.MI,155,6,
Jackson County,US.AL.JA,155,3,
Madison County,US.AR.MD,154,0,
Greene County,US.AL.GR,154,5,
Monongalia County,US.WV.MG,154,5,
Southampton County,US.VA.SA,154,2,
Blount County,US.AL.BU,153,1,
Catahoula Parish,US.LA.CT,153,3,
Allen County,US.KY.AL,152,4,
Hopewell city,US.VA.HW,152,2,
Coles County,US.IL.CE,151,17,
Richland Parish,US.LA.RI,150,3,
Randolph County,US.WV.RN,150,0,
Macon County,US.AL.MC,149,6,
Scott County,US.IN.SC,149,6,
McCracken County,US.KY.MK,148,3,
Uinta County,US.WY.UI,148,0,
Houston County,US.TX.HS,148,0,
Martin County,US.MN.MT,148,5,
Warren County,US.NC.WR,148,4,
Christian County,US.KY.CH,147,3,
Greene County,US.NC.GE,147,2,
Deschutes County,US.OR.DE,147,0,
Levy County,US.FL.LV,147,1,
Chester County,US.SC.CR,146,1,
Dickson County,US.TN.DI,146,0,
Bullitt County,US.KY.BI,145,4,
Cowlitz County,US.WA.CW,145,0,
Cumberland County,US.TN.CU,145,3,
El Dorado County,US.CA.EL,145,0,
Randolph County,US.AL.RA,144,8,
Henderson County,US.KY.HE,144,3,
St. Louis County,US.MN.ST,143,14,
Pierce County,US.GA.PR,143,4,
Conecuh County,US.AL.CO,143,1,
Orange County,US.TX.OR,143,3,
Wayne County,US.NY.WN,143,2,
Iroquois County,US.IL.IR,143,5,
Osage County,US.OK.OS,142,8,
Glades County,US.FL.GL,142,1,
Grundy County,US.IL.GU,142,3,
Marshall County,US.MS.MS,142,3,
Oconee County,US.SC.OC,142,1,
Newaygo County,US.MI.NE,142,0,
Madison County,US.FL.MD,142,3,
Jackson County,US.WV.JA,141,18,
Walla Walla County,US.WA.WL,140,3,
Tioga County,US.NY.TI,140,19,
Chenango County,US.NY.CH,140,6,
DeKalb County,US.IN.DE,139,4,
Frio County,US.TX.FO,139,0,
Hale County,US.TX.HE,139,5,
Chemung County,US.NY.CM,139,3,
Vermilion Parish,US.LA.VM,139,5,
Orange County,US.VA.OR,138,2,
Hot Spring County,US.AR.HT,138,0,
Kennebec County,US.ME.KE,138,9,
Newberry County,US.SC.NE,137,3,
Herkimer County,US.NY.HE,137,3,
Grayson County,US.KY.GY,137,10,
Monroe County,US.GA.MN,137,15,
Carroll County,US.AR.CL,136,4,
Laurens County,US.GA.LR,136,1,
Bertie County,US.NC.BT,136,4,
Holmes County,US.OH.HL,136,3,
Oconee County,US.GA.OC,135,10,
Hardin County,US.KY.HN,134,5,
Audrain County,US.MO.AU,134,1,
Burke County,US.GA.BE,133,6,
Carroll County,US.MS.CL,133,11,
Walthall County,US.MS.WT,133,1,
Carson City,US.NV.CA,132,5,
Orange County,US.IN.OR,132,23,
Daviess County,US.IN.DI,132,16,
Yalobusha County,US.MS.YL,132,7,
Colonial Heights city,US.VA.CH,131,17,
St. Croix County,US.WI.SI,131,1,
Blount County,US.TN.BO,130,3,
Wayne County,US.PA.WN,130,8,
McClain County,US.OK.ML,130,4,
Polk County,US.OR.PO,130,12,
Grant County,US.WI.GA,129,12,
Kootenai County,US.ID.KO,129,1,
Linn County,US.OR.LN,129,9,
Lawrence County,US.MS.LW,129,1,
Bibb County,US.AL.BI,129,1,
Warren County,US.IL.WR,129,0,
White County,US.GA.WH,129,4,
Union County,US.MS.UN,128,8,
Pontotoc County,US.MS.PO,128,3,
Rogers County,US.OK.RS,128,5,
Stoddard County,US.MO.SD,127,8,
Yellowstone County,US.MT.YS,126,4,
Ben Hill County,US.GA.BL,125,1,
Evangeline Parish,US.LA.EV,125,1,
Minidoka County,US.ID.MI,124,0,
Grady County,US.OK.GD,124,5,
Caroline County,US.VA.CI,124,4,
Cass County,US.MI.CS,124,4,
Creek County,US.OK.CE,124,7,
Riley County,US.KS.RL,124,3,
Parker County,US.TX.PR,124,1,
Livingston County,US.NY.LI,124,4,
Dawson County,US.GA.DW,124,3,
Cottonwood County,US.MN.CT,123,0,
Dinwiddie County,US.VA.DN,123,0,
Scotland County,US.NC.SC,123,0,
Maui County,US.HI.MA,122,6,
Wilcox County,US.GA.WC,122,15,
Crawford County,US.OH.CF,122,5,
Ottawa County,US.OH.OT,122,22,
Huron County,US.OH.HU,122,1,
Cape Girardeau County,US.MO.CG,121,3,
Allamakee County,US.IA.AL,121,4,
Hamblen County,US.TN.HB,121,4,
Brooks County,US.GA.BO,121,11,
Franklin County,US.IN.FR,121,8,
Otsego County,US.MI.OS,121,10,
Putnam County,US.GA.PT,120,11,
Navarro County,US.TX.NV,120,4,
Webster County,US.IA.WE,120,1,
Nassau County,US.FL.NA,120,1,
Lumpkin County,US.GA.LP,120,3,
Kenai Peninsula Borough,US.AK.KN,120,2,
Washington County,US.OH.WS,120,20,
Morgan County,US.IL.MG,119,3,
Henry County,US.AL.HE,119,3,
Crenshaw County,US.AL.CA,119,3,
Mercer County,US.PA.ME,119,6,
Sutter County,US.CA.SU,118,3,
Webster County,US.MS.WE,118,10,
Wharton County,US.TX.WN,118,1,
Union County,US.SD.UN,117,1,
Knox County,US.IL.KX,117,0,
Oldham County,US.KY.OL,117,6,
Fairbanks North Star Borough,US.AK.FA,117,2,
Delaware County,US.OK.DL,117,16,
Alpena County,US.MI.AP,116,11,
Talbot County,US.MD.TA,116,4,
Goochland County,US.VA.GO,116,6,
Monroe County,US.IL.MR,116,12,
Chautauqua County,US.NY.CQ,116,3,
Emporia city,US.VA.EM,116,6,
Lanier County,US.GA.LI,116,2,
Cass County,US.MO.CS,116,8,
Caswell County,US.NC.CS,115,1,
Boone County,US.IA.BO,115,1,
Marathon County,US.WI.MH,115,1,
Banks County,US.GA.BS,115,0,
Mississippi County,US.AR.MS,115,3,
Cattaraugus County,US.NY.CG,115,6,
Waller County,US.TX.WR,114,0,
Martin County,US.NC.MR,113,4,
Isabella County,US.MI.IB,113,8,
Gray County,US.TX.GY,113,4,
Mahaska County,US.IA.MK,112,15,
Cherokee County,US.SC.CK,112,6,
Macon County,US.GA.MC,112,9,
Humboldt County,US.CA.HU,112,4,
Pecos County,US.TX.PE,112,0,
Franklin County,US.KY.FR,112,3,
Tazewell County,US.IL.TA,112,7,
Iosco County,US.MI.IC,111,10,
Butte County,US.CA.BU,111,1,
Teton County,US.WY.TE,111,1,
Clarke County,US.IA.CK,111,2,
Curry County,US.NM.CU,111,0,
Ripley County,US.IN.RI,111,7,
Box Elder County,US.UT.BE,111,1,
Montgomery County,US.VA.MO,110,2,
Steuben County,US.IN.SE,110,2,
Morrow County,US.OH.MW,110,1,
Sandusky County,US.OH.SA,110,13,
Camp County,US.TX.CP,110,1,
Matagorda County,US.TX.MD,110,5,
Wayne County,US.IN.WY,110,6,
Nicollet County,US.MN.NI,109,12,
Louisa County,US.VA.LI,109,1,
Itawamba County,US.MS.IT,109,8,
Stokes County,US.NC.SO,109,1,
Monroe County,US.TN.MR,109,4,
Montgomery County,US.NY.MT,108,4,
Juniata County,US.PA.JU,108,5,
Cayuga County,US.NY.CY,108,2,
Choctaw County,US.OK.CA,108,1,
Lynchburg city,US.VA.LY,108,1,
Adams County,US.WA.AD,108,0,
Adair County,US.OK.AD,108,4,
West Carroll Parish,US.LA.WC,107,3,
Goodhue County,US.MN.GO,107,7,
Hardin County,US.OH.HD,107,10,
Perry County,US.IN.PE,107,3,
Tippah County,US.MS.TP,106,11,
Wayne County,US.WV.WA,106,9,
Lane County,US.OR.LE,106,3,
Anson County,US.NC.AN,106,1,
Pemiscot County,US.MO.PM,106,6,
Pulaski County,US.MO.PA,106,1,
Claiborne Parish,US.LA.CI,106,10,
Adair County,US.KY.AD,105,19,
Putnam County,US.OH.PU,105,15,
Fluvanna County,US.VA.FV,105,6,
Clay County,US.IA.CY,105,0,
Montgomery County,US.MS.MT,104,1,
Jefferson County,US.IL.JF,104,16,
Perry County,US.MO.PR,104,0,
Bryan County,US.GA.BY,104,5,
Fayette County,US.PA.FA,104,4,
Jackson County,US.KS.JA,104,1,
Penobscot County,US.ME.PE,103,2,
Liberty County,US.GA.LB,103,1,
Washington County,US.TN.WI,103,0,
Carroll County,US.IN.CO,103,2,
Douglas County,US.KS.DG,103,0,
Hancock County,US.MS.HN,103,13,
Concordia Parish,US.LA.CR,102,5,
Sullivan County,US.MO.SV,102,0,
Platte County,US.MO.PT,102,4,
Franklin County,US.VT.FR,102,6,
Lyon County,US.NV.LY,102,2,
Yamhill County,US.OR.YA,101,8,
Effingham County,US.GA.EF,101,1,
York County,US.VA.YO,101,3,
Camden County,US.GA.CD,100,1,
Clinton County,US.NY.CL,100,4,
Cass County,US.IL.CS,100,0,
McDonough County,US.IL.MU,100,15,
Pettis County,US.MO.PS,100,1,
Jessamine County,US.KY.JS,99,0,
Bedford County,US.VA.BF,99,2,
Saguache County,US.CO.SG,99,2,
Red River County,US.TX.RV,99,8,
Winona County,US.MN.WN,99,15,
Coffee County,US.TN.CF,99,0,
Kittitas County,US.WA.KT,99,0,
Cook County,US.GA.CO,99,1,
Nottoway County,US.VA.NY,99,0,
Atkinson County,US.GA.AT,98,2,
Indiana County,US.PA.IN,98,5,
Natrona County,US.WY.NA,98,1,
Crawford County,US.AR.CW,98,0,
Caldwell Parish,US.LA.CW,97,1,
Pine County,US.MN.PN,97,0,
Muskogee County,US.OK.MO,97,9,
Henderson County,US.TX.HD,97,3,
Washington County,US.AL.WS,97,6,
Poweshiek County,US.IA.PW,97,8,
Valencia County,US.NM.VA,97,2,
Portage County,US.WI.PT,96,0,
King George County,US.VA.KG,96,4,
Lee County,US.IL.LE,96,2,
Berrien County,US.GA.BN,96,0,
Sauk County,US.WI.SU,96,3,
Washington County,US.FL.WS,96,11,
Calhoun County,US.MS.CN,96,4,
Madison County,US.KY.MD,95,1,
Bonneville County,US.ID.BV,95,1,
Wabash County,US.IN.WB,95,2,
Barry County,US.MI.BR,95,2,
Elbert County,US.GA.EL,94,0,
Nevada County,US.AR.NV,94,2,
Lawrence County,US.AR.LW,94,9,
Greene County,US.AR.GE,94,0,
Crow Wing County,US.MN.CW,94,11,
Willacy County,US.TX.WY,93,3,
Wyoming County,US.NY.WM,93,5,
Humphreys County,US.MS.HU,93,9,
Lamar County,US.GA.LM,93,6,
Peach County,US.GA.PH,93,9,
Williamson County,US.IL.WS,93,4,
Miller County,US.AR.ML,92,2,
Lawrence County,US.PA.LW,92,9,
Lincoln County,US.MO.LO,92,1,
Gratiot County,US.MI.GT,92,13,
Jasper County,US.IN.JS,92,2,
Trempealeau County,US.WI.TR,92,0,
Brunswick County,US.VA.BU,92,1,
Person County,US.NC.PN,92,1,
Calumet County,US.WI.CA,92,2,
Waupaca County,US.WI.WP,91,5,
Jackson County,US.OR.JA,91,0,
Windham County,US.VT.WH,91,3,
Westmoreland County,US.VA.WM,91,1,
Jefferson Davis County,US.MS.JD,90,3,
Tattnall County,US.GA.TT,90,0,
Delaware County,US.NY.DE,90,4,
Greene County,US.GA.GE,90,9,
Auglaize County,US.OH.AU,90,3,
Jackson County,US.KY.JA,90,13,
Newton County,US.IN.NE,89,10,
Burnet County,US.TX.BT,89,3,
Washington County,US.ID.WA,89,0,
Lonoke County,US.AR.LO,89,0,
Johnson County,US.MO.JO,89,0,
Nez Perce County,US.ID.NE,89,19,
Clark County,US.KY.CK,89,0,
Union County,US.PA.UN,89,2,
Hood River County,US.OR.HO,88,0,
Klamath County,US.OR.KL,88,0,
Chicot County,US.AR.CT,88,2,
Pottawatomie County,US.OK.PT,88,4,
Perry County,US.AL.PE,88,0,
Pittsylvania County,US.VA.PS,87,1,
San Augustine County,US.TX.SG,87,6,
Phillips County,US.AR.PH,87,2,
Chisago County,US.MN.CG,87,1,
Clinch County,US.GA.CC,86,2,
La Plata County,US.CO.LA,86,1,
Gilchrist County,US.FL.GI,86,0,
Abbeville County,US.SC.AB,86,0,
Shasta County,US.CA.SH,86,4,
Adair County,US.MO.AD,86,0,
Lafayette County,US.MO.LF,86,2,
La Salle Parish,US.LA.LA,86,0,
Bailey County,US.TX.BY,86,0,
St. Helena Parish,US.LA.SH,86,1,
Fayette County,US.IN.FA,85,7,
Hawaii County,US.HI.HA,85,0,
Otter Tail County,US.MN.OT,85,1,
Wilkinson County,US.MS.WK,85,9,
Lavaca County,US.TX.LA,85,1,
Ross County,US.OH.RO,85,2,
Cabell County,US.WV.CB,84,0,
Jefferson County,US.NY.JE,84,0,
Perry County,US.PA.PE,83,5,
Somerset County,US.MD.SO,83,3,
Pickens County,US.GA.PE,83,5,
Montcalm County,US.MI.MC,83,1,
Oglethorpe County,US.GA.OG,83,7,
Otsego County,US.NY.OO,83,4,
Pike County,US.GA.PK,83,3,
Bannock County,US.ID.BO,82,1,
Monroe County,US.OH.ME,82,15,
Screven County,US.GA.SR,82,4,
Bremer County,US.IA.BR,82,6,
Jasper County,US.SC.JA,82,3,
Nevada County,US.CA.NE,82,1,
Cross County,US.AR.CO,82,1,
Lawrence County,US.TN.LW,81,2,
Carlton County,US.MN.CL,81,0,
Washington County,US.GA.WG,81,1,
Johnson County,US.GA.JH,80,2,
Kay County,US.OK.KA,80,7,
Grayson County,US.VA.GY,80,2,
Delta County,US.CO.DT,80,1,
Pitkin County,US.CO.PI,80,2,
Green County,US.WI.GN,80,1,
Mesa County,US.CO.ME,80,0,
Shelby County,US.IA.SH,79,0,
Lawrence County,US.AL.LW,79,0,
Jefferson County,US.OR.JE,79,0,
Dunklin County,US.MO.DU,79,3,
Rio Arriba County,US.NM.RI,79,1,
Fannin County,US.GA.FN,79,1,
Mississippi County,US.MO.MI,79,0,
Humboldt County,US.NV.HU,79,4,
McDuffie County,US.GA.MU,79,5,
Belknap County,US.NH.BE,78,1,
Prentiss County,US.MS.PN,78,3,
Madison County,US.GA.MD,78,4,
Des Moines County,US.IA.DS,78,2,
Nye County,US.NV.NY,78,3,
Jenkins County,US.GA.JK,78,9,
Henry County,US.IA.HE,78,3,
Stewart County,US.GA.SW,78,2,
Pulaski County,US.KY.PU,77,2,
Gibson County,US.TN.GB,77,1,
Cleburne County,US.AR.CB,77,4,
Chaffee County,US.CO.CA,77,19,
Vernon Parish,US.LA.VN,77,5,
Grafton County,US.NH.GR,76,1,
Brantley County,US.GA.BA,76,2,
Grant Parish,US.LA.GR,76,1,
Elko County,US.NV.EL,76,1,
Tunica County,US.MS.TU,76,3,
Taylor County,US.IA.TY,76,0,
White County,US.AR.WH,76,1,
Marion County,US.GA.MR,75,2,
Henry County,US.IL.HY,75,1,
Anderson County,US.TN.AN,75,2,
Clinton County,US.IA.CN,75,1,
Polk County,US.TX.PK,75,0,
Lea County,US.NM.LE,75,0,
Amite County,US.MS.AM,75,2,
Lauderdale County,US.TN.LU,75,1,
Jefferson County,US.OH.JE,74,2,
Hocking County,US.OH.HC,74,7,
Wilkinson County,US.GA.WI,74,7,
Sullivan County,US.TN.SL,73,2,
O'Brien County,US.IA.OB,73,1,
Clay County,US.SD.CY,73,0,
Calhoun County,US.SC.CH,73,1,
Jeff Davis County,US.GA.JF,73,2,
Bryan County,US.OK.BR,72,1,
Danville City,US.VA.DA,72,2,
Polk County,US.MN.PL,72,2,
Wilson County,US.TX.WS,72,5,
Emanuel County,US.GA.EM,72,2,
Randolph County,US.IN.RA,72,3,
Ohio County,US.WV.OH,72,1,
Thurston County,US.NE.TU,72,1,
Obion County,US.TN.OB,71,1,
Clinton County,US.PA.CN,71,3,
Whitley County,US.IN.WL,71,4,
Union County,US.OH.UN,71,1,
Edmonson County,US.KY.ED,71,11,
Wood County,US.TX.WO,71,5,
Barren County,US.KY.BN,71,2,
Jackson County,US.NC.JA,71,1,
Jefferson County,US.GA.JR,71,1,
Haywood County,US.NC.HW,71,0,
Carter County,US.OK.CR,70,1,
Chippewa County,US.WI.CH,70,0,
Dodge County,US.GA.DG,70,2,
Shawano County,US.WI.SA,70,0,
Manitowoc County,US.WI.MW,70,1,
Greene County,US.MS.GE,70,5,
Edgefield County,US.SC.ED,70,2,
Morton County,US.ND.MR,70,2,
Mayes County,US.OK.MY,70,4,
Atascosa County,US.TX.AT,70,2,
Crowley County,US.CO.CR,69,1,
Armstrong County,US.PA.AR,69,6,
Hardin County,US.TN.HI,69,5,
Franklin County,US.TN.FR,69,2,
Carroll County,US.IA.CL,69,1,
Bennington County,US.VT.BE,69,1,
Columbia County,US.WI.CO,69,1,
Calhoun County,US.FL.CA,69,6,
Calloway County,US.KY.CW,68,1,
Yankton County,US.SD.YA,68,0,
Montour County,US.PA.MO,68,0,
Benton County,US.OR.BE,68,5,
McLeod County,US.MN.MC,68,0,
Fairfax city,US.VA.FC,68,7,
Montezuma County,US.CO.MZ,68,3,
Howard County,US.AR.HW,68,0,
Taylor County,US.FL.TA,68,0,
Stark County,US.ND.SR,68,2,
St. Francois County,US.MO.SF,68,2,
Clearfield County,US.PA.CF,67,0,
Chippewa County,US.MN.CP,67,1,
Addison County,US.VT.AD,67,2,
Scott County,US.KY.SC,67,0,
Cherokee County,US.TX.CK,67,2,
Staunton city,US.VA.SU,67,0,
Polk County,US.AR.PL,67,0,
Cherokee County,US.IA.CE,66,0,
Big Horn County,US.MT.BI,66,3,
Dodge County,US.MN.DD,66,0,
Buffalo County,US.SD.BF,66,0,
Bedford County,US.PA.BO,66,2,
Crawford County,US.MI.CF,66,5,
Alexander County,US.NC.AE,66,0,
Fayette County,US.TX.FT,66,2,
San Patricio County,US.TX.SP,66,0,
Pulaski County,US.IL.PL,66,0,
Greer County,US.OK.GE,66,7,
Cherokee County,US.OK.CK,66,1,
Bamberg County,US.SC.BM,66,0,
Wells County,US.IN.WE,65,1,
Haralson County,US.GA.HS,65,4,
Fannin County,US.TX.FI,65,6,
Rio Grande County,US.CO.RG,65,1,
Choctaw County,US.MS.CW,65,3,
Polk County,US.NC.PO,65,4,
Routt County,US.CO.RT,65,6,
Wayne County,US.TN.WY,65,0,
Chaves County,US.NM.CH,65,2,
Graham County,US.AZ.GA,65,2,
Muskingum County,US.OH.MU,65,1,
Seneca County,US.NY.SC,64,1,
Telfair County,US.GA.TF,64,2,
Jasper County,US.GA.JS,64,1,
Hickman County,US.TN.HN,64,0,
Jay County,US.IN.JY,64,0,
Cheshire County,US.NH.CH,64,2,
Jefferson County,US.TN.JE,64,0,
Tallahatchie County,US.MS.TL,64,1,
Talbot County,US.GA.TB,63,2,
Preston County,US.WV.PR,63,2,
Reno County,US.KS.RN,63,0,
Franklin County,US.KS.FR,63,0,
Saunders County,US.NE.SU,63,2,
Franklin County,US.IA.FN,63,0,
Huron County,US.MI.HU,63,3,
Jefferson County,US.MS.JF,63,2,
Pike County,US.KY.PI,63,2,
Bradford County,US.FL.BA,63,2,
Waynesboro city,US.VA.WS,63,0,
Hancock County,US.OH.HN,63,1,
Marquette County,US.MI.MQ,63,11,
Okanogan County,US.WA.OK,63,2,
Stutsman County,US.ND.SU,62,1,
Wise County,US.TX.WE,62,5,
Mendocino County,US.CA.MI,62,0,
Le Sueur County,US.MN.LU,62,1,
Brown County,US.TX.BN,62,10,
Washington County,US.IN.WS,62,1,
Butler County,US.MO.BE,62,0,
Fulton County,US.IN.FU,62,1,
Union County,US.SC.UN,62,0,
Guthrie County,US.IA.GH,62,4,
Powhatan County,US.VA.PH,62,2,
Simpson County,US.KY.SI,62,3,
Snyder County,US.PA.SN,61,1,
Cole County,US.MO.CE,61,1,
Dixie County,US.FL.DI,61,3,
Cambria County,US.PA.CI,61,3,
Cass County,US.NE.CS,61,0,
Mifflin County,US.PA.MI,61,1,
Rutland County,US.VT.RU,61,1,
Sabine Parish,US.LA.SB,61,1,
Huntington County,US.IN.HU,61,2,
Woodford County,US.KY.WO,61,0,
Fayette County,US.AL.FA,61,1,
Cedar County,US.IA.CD,61,1,
Gooding County,US.ID.GO,61,1,
Marion County,US.IL.MO,60,0,
Dade County,US.GA.DD,60,1,
Burleson County,US.TX.BU,60,0,
Barnwell County,US.SC.BN,60,1,
Williams County,US.OH.WI,60,1,
Martinsville city,US.VA.MR,60,1,
Starke County,US.IN.SR,60,3,
Coshocton County,US.OH.CS,60,0,
Washington County,US.VA.WG,60,4,
Clark County,US.WI.CL,60,6,
Cowley County,US.KS.CL,59,1,
Beaufort County,US.NC.BA,59,0,
Itasca County,US.MN.IT,59,12,
Botetourt County,US.VA.BO,59,4,
Harrison County,US.KY.HS,59,0,
Cerro Gordo County,US.IA.CG,59,1,
Monona County,US.IA.MO,59,0,
Val Verde County,US.TX.VL,59,0,
Fayette County,US.WV.FA,58,4,
Socorro County,US.NM.SO,58,5,
Dallam County,US.TX.DL,58,0,
Emmet County,US.IA.EM,58,0,
Blair County,US.PA.BL,58,1,
Castro County,US.TX.AS,58,1,
Holmes County,US.FL.HO,58,0,
Cherokee County,US.AL.CH,58,6,
Allegany County,US.NY.AL,58,2,
Hamilton County,US.NE.HM,57,11,
Milam County,US.TX.MI,57,1,
Gallatin County,US.KY.GL,57,7,
Schoharie County,US.NY.SO,57,2,
Matanuska-Susitna Borough,US.AK.MA,57,1,
Pierce County,US.WI.PI,57,0,
Union County,US.GA.UN,57,3,
Adams County,US.IL.AD,57,1,
Carteret County,US.NC.CE,57,3,
Clay County,US.GA.CY,56,2,
Lafayette County,US.WI.LF,56,0,
Morrison County,US.MN.MR,56,1,
Isanti County,US.MN.IS,56,0,
Eddy County,US.NM.ED,56,1,
Oglala Lakota County,US.SD.SH,56,0,
Lamar County,US.AL.LM,56,0,
Jefferson County,US.IN.JF,56,1,
Greene County,US.TN.GE,56,2,
Sweetwater County,US.WY.SW,56,0,
Clay County,US.IN.CY,56,3,
Wood County,US.WV.WO,56,2,
Ashley County,US.AR.AS,56,1,
Laurel County,US.KY.LU,55,2,
Perry County,US.MS.PY,55,4,
Wyandot County,US.OH.WD,55,4,
Calhoun County,US.TX.CU,55,3,
Windsor County,US.VT.WS,55,2,
Garfield County,US.OK.GF,55,1,
Gentry County,US.MO.GT,55,9,
Colorado County,US.TX.CO,55,0,
Hampton County,US.SC.HA,55,1,
Waldo County,US.ME.WL,55,14,
Clinton County,US.OH.CI,55,0,
Luna County,US.NM.LU,55,2,
Greene County,US.VA.GE,55,1,
Douglas County,US.NV.DO,54,0,
Pulaski County,US.IN.PL,54,1,
Essex County,US.VA.ES,54,0,
Elbert County,US.CO.EB,54,2,
Bleckley County,US.GA.BK,54,1,
Lincoln County,US.NE.LI,54,2,
Nelson County,US.KY.NE,54,1,
Van Zandt County,US.TX.VN,54,3,
Marion County,US.WV.MI,54,2,
Douglas County,US.MN.DU,54,0,
Williamsburg City,US.VA.WL,54,5,
White County,US.TN.WH,54,3,
Ochiltree County,US.TX.OC,53,2,
Unicoi County,US.TN.UC,53,0,
Grant County,US.KY.GT,53,4,
Clark County,US.AR.CK,53,0,
Coffey County,US.KS.CF,53,8,
Red River Parish,US.LA.RE,53,8,
Hardin County,US.IA.HD,53,0,
George County,US.MS.GR,53,2,
Tehama County,US.CA.TE,53,1,
Fulton County,US.OH.FU,53,0,
Roosevelt County,US.NM.RO,53,1,
Jackson County,US.MN.JA,53,0,
Ward County,US.ND.WR,53,1,
Lee County,US.TX.LE,53,3,
Poinsett County,US.AR.PN,53,3,
Barton County,US.KS.BT,53,2,
Mineral County,US.WV.ML,53,3,
Tishomingo County,US.MS.TS,52,1,
Marshall County,US.KY.MH,52,2,
Brookings County,US.SD.BK,52,0,
Falls Church city,US.VA.FU,52,7,
Shelby County,US.OH.SH,52,3,
Rush County,US.IN.RU,52,3,
Klickitat County,US.WA.KL,52,3,
Benton County,US.IA.BN,52,1,
Carroll County,US.NH.CA,52,0,
Sharp County,US.AR.SH,51,4,
Butler County,US.NE.BE,51,0,
Malheur County,US.OR.ML,51,1,
Geneva County,US.AL.GE,51,0,
Hutchinson County,US.TX.UT,51,0,
Greenbrier County,US.WV.GE,51,0,
Jones County,US.GA.JE,51,0,
Meeker County,US.MN.ME,51,1,
Preble County,US.OH.PR,51,1,
Pottawatomie County,US.KS.PT,51,0,
Butler County,US.KS.BU,51,0,
Custer County,US.OK.CU,50,0,
Pennington County,US.MN.PI,50,0,
Marion County,US.TN.MI,50,3,
Salem city,US.VA.SE,50,3,
Franklin County,US.VA.FN,50,1,
Becker County,US.MN.BC,50,0,
Bradford County,US.PA.BF,50,3,
Coosa County,US.AL.CS,50,1,
Todd County,US.SD.TO,50,1,
Yuma County,US.CO.YU,50,0,
Camden County,US.MO.CM,50,1,
Hopkins County,US.TX.HP,50,0,
Cumberland County,US.VA.CU,50,0,
Pittsburg County,US.OK.PI,50,3,
Pawnee County,US.OK.PW,50,2,
Vermilion County,US.IL.VE,50,2,
Smith County,US.TN.SH,50,1,
McPherson County,US.KS.MP,50,0,
Harrison County,US.WV.HR,50,1,
Hart County,US.GA.HT,50,0,
Saline County,US.KS.SA,50,2,
Logan County,US.OH.LG,50,0,
Missoula County,US.MT.MS,49,1,
Moniteau County,US.MO.ME,49,1,
Chattooga County,US.GA.CG,49,2,
New Kent County,US.VA.NK,49,1,
Hill County,US.TX.HI,49,1,
Charles Mix County,US.SD.CH,49,0,
Codington County,US.SD.CD,49,0,
Monroe County,US.WI.MO,49,1,
Wilkes County,US.GA.WS,49,1,
Boyd County,US.KY.BD,49,3,
Oconto County,US.WI.OC,49,0,
Stephens County,US.OK.ST,49,1,
Lincoln County,US.TN.LI,49,0,
Garvin County,US.OK.GV,49,1,
Watauga County,US.NC.WT,49,0,
Wayne County,US.GA.WY,49,0,
Osceola County,US.IA.OS,49,0,
Lewis County,US.WA.LE,49,3,
Monroe County,US.IA.MR,49,6,
Quitman County,US.MS.QU,49,0,
Wasco County,US.OR.WC,48,1,
Austin County,US.TX.AU,48,0,
Flathead County,US.MT.FL,48,2,
Grundy County,US.TN.GU,48,1,
Seminole County,US.GA.SI,48,2,
Del Norte County,US.CA.DE,48,0,
Okmulgee County,US.OK.OM,48,0,
Marion County,US.KY.MN,48,0,
Lake County,US.CO.LK,48,0,
Haywood County,US.TN.HY,48,2,
Lyman County,US.SD.LY,48,0,
Somerset County,US.PA.SO,48,1,
Kearny County,US.KS.KE,47,1,
Campbell County,US.WY.CM,47,0,
Ashe County,US.NC.AS,47,1,
Sac County,US.IA.SA,47,0,
Jefferson County,US.IA.JE,47,0,
Macoupin County,US.IL.MP,47,3,
Murray County,US.MN.MU,47,0,
Crane County,US.TX.CR,47,5,
Gage County,US.NE.GG,47,3,
Allendale County,US.SC.AL,46,3,
Independence County,US.AR.IN,46,0,
Clatsop County,US.OR.CT,46,0,
Marshall County,US.TN.MS,46,1,
Jones County,US.IA.JN,46,0,
Jasper County,US.IL.JS,46,7,
Pulaski County,US.GA.PL,46,2,
Irwin County,US.GA.IR,46,1,
Clarke County,US.VA.CK,46,0,
Marion County,US.IA.MI,46,0,
Guernsey County,US.OH.GU,46,3,
Knox County,US.IN.KN,46,0,
Heard County,US.GA.HD,46,3,
Clay County,US.AR.CY,46,2,
Hempstead County,US.AR.HE,45,1,
Dukes County,US.MA.DU,45,0,
Brown County,US.OH.BR,45,1,
Franklin city,US.VA.FR,45,2,
Miller County,US.GA.ML,45,0,
Washington County,US.NE.WS,45,1,
Dawson County,US.TX.DW,45,1,
Howard County,US.NE.HW,45,4,
Fayette County,US.OH.FY,45,0,
Morgan County,US.GA.MO,45,0,
Lawrence County,US.OH.LW,45,0,
Cortland County,US.NY.CD,44,1,
Putnam County,US.WV.PU,44,0,
Erath County,US.TX.ER,44,1,
Perry County,US.IL.PY,44,0,
Kendall County,US.TX.KD,44,0,
Montgomery County,US.KY.MM,44,0,
Kewaunee County,US.WI.KW,44,1,
Washington County,US.CO.WA,44,0,
Wythe County,US.VA.WY,44,1,
Andrews County,US.TX.AR,44,0,
Mountrail County,US.ND.MU,43,0,
Sanilac County,US.MI.SL,43,6,
Yuba County,US.CA.YU,43,1,
Mason County,US.WA.MA,43,1,
Overton County,US.TN.OV,43,0,
Benton County,US.IN.BE,43,0,
Dixon County,US.NE.DI,43,1,
Lee County,US.IA.LE,43,1,
Weakley County,US.TN.WE,43,0,
Columbia County,US.AR.CI,43,2,
Perry County,US.KY.PR,43,1,
Ottawa County,US.OK.OT,43,2,
Meade County,US.SD.MD,43,1,
Upshur County,US.TX.US,43,0,
Madison County,US.VA.MD,43,1,
Baker County,US.FL.BK,42,4,
Glenn County,US.CA.GL,42,0,
Gloucester County,US.VA.GL,42,1,
Limestone County,US.TX.LO,42,1,
Stone County,US.MS.ST,42,1,
Crawford County,US.PA.CW,42,0,
Elmore County,US.ID.EL,42,2,
Defiance County,US.OH.DF,42,2,
Christian County,US.IL.CI,42,4,
Amelia County,US.VA.AI,42,1,
McNairy County,US.TN.MA,42,0,
Payette County,US.ID.PA,42,2,
Hardy County,US.WV.HD,42,0,
Harrison County,US.IA.HR,42,0,
Callaway County,US.MO.CA,42,1,
Union County,US.FL.UN,42,2,
Marinette County,US.WI.MT,42,3,
DeKalb County,US.TN.DE,42,0,
Yates County,US.NY.YA,42,6,
Andrew County,US.MO.AN,42,0,
Douglas County,US.IL.DO,42,0,
Carroll County,US.OH.CO,42,3,
Washington County,US.VT.WA,41,1,
Waseca County,US.MN.WE,41,0,
Montgomery County,US.IL.MT,41,1,
Sullivan County,US.IN.SU,41,1,
Mason County,US.MI.MN,41,0,
Essex County,US.NY.ES,41,0,
Wheeler County,US.GA.WL,41,0,
Charlton County,US.GA.CT,41,2,
Sanpete County,US.UT.SP,41,0,
Iowa County,US.IA.IO,40,0,
McIntosh County,US.OK.MI,40,1,
Ashland County,US.OH.AL,40,0,
Mono County,US.CA.MO,40,1,
Humboldt County,US.IA.HU,40,1,
Teller County,US.CO.TE,40,2,
Door County,US.WI.DO,40,3,
Hawkins County,US.TN.HW,40,2,
Polk County,US.WI.PL,40,1,
Owen County,US.IN.OW,40,1,
Roberts County,US.SD.RO,40,0,
Lake County,US.CA.LK,40,0,
Wakulla County,US.FL.WK,40,1,
Hampshire County,US.WV.HM,40,1,
York County,US.NE.YO,40,0,
Swain County,US.NC.SW,40,0,
Patrick County,US.VA.PK,39,0,
Randolph County,US.AR.RA,39,1,
Highland County,US.OH.HI,39,1,
Webster County,US.KY.WE,39,0,
Jerauld County,US.SD.JE,39,1,
Grand Traverse County,US.MI.GN,39,5,
Sevier County,US.UT.SE,39,0,
Hidalgo County,US.NM.HI,39,0,
Richland County,US.ND.RI,39,0,
Washakie County,US.WY.WA,39,5,
Drew County,US.AR.DR,39,1,
Brewster County,US.TX.BS,39,0,
City and Borough of Juneau,US.AK.JU,39,0,
Halifax County,US.VA.HL,39,1,
Arenac County,US.MI.AR,38,2,
Franklin County,US.ME.FR,38,1,
Jo Daviess County,US.IL.JO,38,1,
Bradley County,US.AR.BR,38,2,
Pocahontas County,US.IA.PC,38,1,
Uvalde County,US.TX.UV,38,0,
Russell County,US.KY.RU,38,4,
Livingston County,US.IL.LI,37,2,
Buchanan County,US.IA.BC,37,1,
Brown County,US.IN.BR,37,1,
Marshall County,US.WV.MH,37,0,
Hancock County,US.IA.HN,37,0,
Merrick County,US.NE.ME,37,0,
Champaign County,US.OH.CH,37,1,
Charles City County,US.VA.CC,37,3,
Wyoming County,US.PA.WM,37,7,
DeWitt County,US.TX.DE,37,1,
Appomattox County,US.VA.AP,36,0,
Adams County,US.IN.AD,36,1,
Coos County,US.OR.CO,36,0,
Davis County,US.IA.DV,36,1,
Crawford County,US.GA.CW,36,0,
Torrance County,US.NM.TO,36,1,
Polk County,US.TN.PO,36,0,
Jefferson County,US.FL.JE,36,4,
Pulaski County,US.VA.PU,36,1,
Hart County,US.KY.HT,36,0,
Rabun County,US.GA.RB,36,3,
Henry County,US.TN.HR,36,0,
King William County,US.VA.KW,36,0,
Lyon County,US.IA.LY,36,0,
Towns County,US.GA.TW,36,1,
Carroll County,US.TN.CR,36,1,
Jasper County,US.TX.JR,36,1,
Cass County,US.TX.CS,36,2,
Washington County,US.NC.WI,36,3,
Bee County,US.TX.BE,36,0,
Baker County,US.GA.BR,36,3,
Taos County,US.NM.TA,35,0,
Greene County,US.PA.GR,35,0,
Forest County,US.WI.FR,35,3,
Yancey County,US.NC.YN,35,0,
Alcorn County,US.MS.AL,35,1,
Davison County,US.SD.DV,35,0,
Seminole County,US.OK.SM,35,3,
Butler County,US.IA.BE,35,2,
Clayton County,US.IA.CT,35,3,
Hood County,US.TX.HO,35,4,
Little River County,US.AR.LT,35,0,
Madison County,US.IA.MD,35,2,
Lincoln County,US.ID.LI,35,0,
Jim Wells County,US.TX.JW,34,0,
Warren County,US.TN.WR,34,0,
Douglas County,US.OR.DO,34,0,
Knox County,US.OH.KN,34,1,
New Madrid County,US.MO.NW,34,1,
Pike County,US.MO.PI,34,1,
Raleigh County,US.WV.RL,34,0,
Custer County,US.NE.CU,34,3,
Monroe County,US.KY.MO,34,0,
Clark County,US.KS.CA,34,0,
Floyd County,US.IA.FL,34,1,
Cuming County,US.NE.CM,34,0,
Aurora County,US.SD.AU,34,0,
Oxford County,US.ME.OX,34,0,
Conway County,US.AR.CN,34,3,
Boyle County,US.KY.BE,34,0,
Morris County,US.TX.MR,34,0,
Roane County,US.TN.RA,34,0,
Clallam County,US.WA.CL,33,0,
Warren County,US.MO.WR,33,0,
Smyth County,US.VA.SM,33,0,
Wood County,US.WI.WO,33,1,
Delaware County,US.IA.DA,33,1,
Kerr County,US.TX.KR,33,1,
Franklin County,US.TX.FK,33,0,
Clay County,US.AL.CY,33,2,
Mason County,US.TX.MA,33,0,
Zapata County,US.TX.ZP,33,0,
Faribault County,US.MN.FA,33,0,
Jackson County,US.OK.JA,33,3,
Jefferson County,US.WA.JE,33,0,
Ogemaw County,US.MI.OG,32,2,
Woodford County,US.IL.WO,32,2,
Taney County,US.MO.TA,32,2,
Logan County,US.AR.LG,32,0,
Seward County,US.NE.SA,32,1,
Morrow County,US.OR.MO,32,1,
Geary County,US.KS.GE,32,1,
Otero County,US.NM.OT,32,6,
Hughes County,US.SD.HG,32,0,
Cherokee County,US.NC.CO,32,1,
Bingham County,US.ID.BG,32,0,
Blackford County,US.IN.BL,32,2,
Wabaunsee County,US.KS.WB,32,0,
Jersey County,US.IL.JR,32,1,
Christian County,US.MO.CT,32,0,
Long County,US.GA.LG,32,1,
Campbell County,US.VA.CM,32,1,
Clay County,US.KY.CY,32,3,
Madison County,US.ID.MA,31,0,
Hamilton County,US.KS.HM,31,0,
Meigs County,US.TN.ME,31,0,
Kit Carson County,US.CO.KT,31,3,
Barry County,US.MO.BR,31,0,
Seneca County,US.OH.SE,31,2,
Fremont County,US.CO.FR,31,0,
Alleghany County,US.VA.AL,31,2,
Cocke County,US.TN.CE,31,0,
Mills County,US.IA.ML,31,0,
Clarion County,US.PA.CL,31,2,
Sagadahoc County,US.ME.SA,31,0,
Toole County,US.MT.TO,31,6,
Lamb County,US.TX.LB,31,0,
Crawford County,US.WI.CR,31,0,
Barron County,US.WI.BR,31,0,
Kalkaska County,US.MI.KK,30,2,
Sherman County,US.TX.SN,30,0,
Hockley County,US.TX.HC,30,1,
Robertson County,US.TX.RO,30,0,
Howell County,US.MO.HW,30,0,
Lamoille County,US.VT.LA,30,1,
Alleghany County,US.NC.AL,30,0,
Charlotte County,US.VA.CT,30,0,
Logan County,US.OK.LG,30,1,
Stevens County,US.KS.SV,30,0,
Franklin County,US.MS.FR,30,2,
Van Buren County,US.AR.VA,30,2,
Perquimans County,US.NC.PQ,30,2,
Vernon County,US.WI.VE,30,0,
Mille Lacs County,US.MN.MI,30,1,
Carter County,US.TN.CT,30,1,
Meade County,US.KS.ME,30,0,
Beaver County,US.OK.BA,30,0,
Albany County,US.WY.AL,29,0,
Dunn County,US.WI.DN,29,0,
Taylor County,US.KY.TA,29,1,
Noble County,US.OK.NB,29,0,
Kauai County,US.HI.KU,29,0,
Henry County,US.KY.HY,29,2,
Kleberg County,US.TX.KL,29,1,
Carroll County,US.KY.CL,29,0,
Sibley County,US.MN.SI,29,2,
Desha County,US.AR.DE,29,0,
Scurry County,US.TX.SU,29,0,
Fayette County,US.IA.FT,29,0,
Juneau County,US.WI.JU,29,1,
Amherst County,US.VA.AH,29,0,
Spencer County,US.KY.SP,29,0,
San Miguel County,US.CO.SM,28,0,
Calaveras County,US.CA.CA,28,0,
Mecosta County,US.MI.MT,28,2,
Perry County,US.TN.PE,28,0,
Owyhee County,US.ID.OW,28,0,
Wabasha County,US.MN.WB,28,0,
Tipton County,US.IN.TT,28,1,
Lunenburg County,US.VA.LN,28,0,
Lander County,US.NV.LA,28,0,
Cameron Parish,US.LA.CM,28,0,
Nowata County,US.OK.NW,28,1,
Rock County,US.MN.RC,28,0,
Northumberland County,US.VA.NU,28,1,
Jones County,US.NC.JN,28,3,
Greene County,US.IA.GE,28,0,
Whitman County,US.WA.WI,28,0,
Labette County,US.KS.LB,28,0,
Clare County,US.MI.CE,27,2,
Bourbon County,US.KY.BU,27,1,
Inyo County,US.CA.IN,27,1,
Gibson County,US.IN.GI,27,2,
Crawford County,US.IN.CW,27,0,
Lincoln County,US.OK.LI,27,2,
Wise County,US.VA.WI,27,2,
Grant County,US.AR.GN,27,0,
Cooke County,US.TX.OO,27,0,
Le Flore County,US.OK.LE,27,1,
Franklin County,US.NY.FR,27,0,
Pontotoc County,US.OK.PN,27,2,
Montgomery County,US.GA.MM,27,0,
Atchison County,US.KS.AT,27,0,
Donley County,US.TX.DO,27,0,
Clay County,US.NE.CL,27,0,
Dare County,US.NC.DE,27,1,
Howard County,US.TX.HW,27,1,
Williams County,US.ND.WI,26,0,
Roscommon County,US.MI.RO,26,0,
Taylor County,US.GA.TY,26,2,
Wayne County,US.NE.WY,26,0,
Sequoyah County,US.OK.SQ,26,3,
Somerset County,US.ME.SO,26,0,
Posey County,US.IN.PS,26,0,
Perry County,US.OH.PE,26,1,
Uintah County,US.UT.UN,26,0,
Cheboygan County,US.MI.CY,26,2,
Johnson County,US.TN.JO,26,0,
Josephine County,US.OR.JO,26,1,
Madison County,US.TX.AD,26,0,
Floyd County,US.KY.FO,26,0,
Lucas County,US.IA.LU,26,3,
Love County,US.OK.LV,26,0,
Emmet County,US.MI.EM,26,2,
Columbia County,US.OR.CL,26,0,
Grundy County,US.IA.GN,26,0,
Gladwin County,US.MI.GL,26,1,
Anderson County,US.KY.AN,26,1,
Campbell County,US.TN.CM,26,1,
Union County,US.KY.UN,25,0,
Ford County,US.IL.FO,25,1,
Calhoun County,US.IA.CO,25,0,
Montgomery County,US.KS.MG,25,2,
Osceola County,US.MI.OE,25,0,
Grainger County,US.TN.GA,25,0,
Cleveland County,US.AR.CV,25,0,
Gates County,US.NC.GT,25,2,
Spencer County,US.IN.SP,25,1,
McIntosh County,US.GA.MH,25,1,
Doniphan County,US.KS.DP,25,0,
Park County,US.CO.PA,25,0,
Mitchell County,US.NC.MI,25,0,
Converse County,US.WY.CE,25,0,
Beltrami County,US.MN.BT,25,0,
Ray County,US.MO.RY,25,0,
Athens County,US.OH.AS,25,1,
Crockett County,US.TN.CK,25,3,
Jackson County,US.TX.JA,25,1,
Jackson County,US.WI.JA,24,1,
Kossuth County,US.IA.KO,24,0,
Knox County,US.ME.KN,24,1,
Turner County,US.SD.TU,24,0,
Giles County,US.TN.GL,24,0,
Siskiyou County,US.CA.SK,24,0,
Lewis and Clark County,US.MT.LE,24,0,
Lincoln County,US.GA.LC,24,1,
Pocahontas County,US.WV.PO,24,0,
San Jacinto County,US.TX.SJ,24,0,
Mason County,US.KY.MS,24,0,
Jackson County,US.AR.JA,24,0,
Grant County,US.KS.GT,24,1,
Meade County,US.KY.MA,24,2,
Sequatchie County,US.TN.SQ,24,0,
McLean County,US.KY.ML,24,1,
McKenzie County,US.ND.MK,24,0,
Gray County,US.KS.GY,24,0,
Green Lake County,US.WI.GL,24,0,
Winneshiek County,US.IA.WH,24,0,
Missaukee County,US.MI.MU,24,1,
Bureau County,US.IL.BU,24,1,
Breckinridge County,US.KY.BC,24,2,
Sullivan County,US.NH.SU,24,1,
Fountain County,US.IN.FO,24,2,
Tensas Parish,US.LA.TN,24,0,
Fayette County,US.IL.FA,23,3,
Henry County,US.OH.HE,23,0,
Falls County,US.TX.FL,23,0,
Fillmore County,US.MN.FI,23,0,
Marshall County,US.OK.MH,23,0,
Menard County,US.IL.MN,23,0,
Trinity County,US.TX.TR,23,0,
Twiggs County,US.GA.TG,23,1,
Hansford County,US.TX.HF,23,2,
Clinton County,US.MO.CO,23,0,
Swisher County,US.TX.SW,23,1,
Nemaha County,US.KS.NM,23,0,
Lewis County,US.NY.LE,23,5,
Todd County,US.KY.TO,23,0,
Grays Harbor County,US.WA.GY,23,0,
Yellow Medicine County,US.MN.YE,23,0,
Haskell County,US.KS.HS,23,0,
King and Queen County,US.VA.KA,23,1,
Trigg County,US.KY.TG,23,0,
Jefferson County,US.KS.JF,23,0,
Cannon County,US.TN.CN,23,0,
Tillman County,US.OK.TI,23,1,
Tioga County,US.PA.TI,23,2,
Otero County,US.CO.OT,22,1,
Scioto County,US.OH.SC,22,0,
Morgan County,US.TN.MG,22,1,
Palo Alto County,US.IA.PO,22,0,
Schley County,US.GA.SY,22,1,
Switzerland County,US.IN.SW,22,0,
Carbon County,US.WY.CB,22,1,
Jackson County,US.TN.JA,22,0,
Cascade County,US.MT.CS,22,2,
Cleburne County,US.AL.CB,22,1,
Faulk County,US.SD.FU,22,0,
Mercer County,US.WV.MR,22,0,
Blanco County,US.TX.BC,22,1,
Vinton County,US.OH.VI,22,2,
Custer County,US.MT.CU,22,0,
Henderson County,US.TN.HS,22,0,
Wabash County,US.IL.WB,22,0,
Charlevoix County,US.MI.CV,22,2,
Marion County,US.TX.MN,21,1,
Logan County,US.WV.LO,21,1,
Iowa County,US.WI.IO,21,0,
Benewah County,US.ID.BA,21,0,
Phelps County,US.NE.PH,21,0,
Lynn County,US.TX.LY,21,1,
Washington County,US.KY.WS,21,0,
Delta County,US.MI.DE,21,2,
Martin County,US.IN.MN,21,0,
Lincoln County,US.ME.LI,21,0,
Perry County,US.AR.PY,21,0,
Ketchikan Gateway Borough,US.AK.KG,21,0,
Rockbridge County,US.VA.RB,21,0,
Candler County,US.GA.CR,21,0,
Alcona County,US.MI.AC,21,1,
Moody County,US.SD.MO,21,0,
Whitley County,US.KY.WH,21,0,
Brown County,US.MN.BR,21,2,
Carter County,US.KY.CR,21,0,
Webster County,US.MO.WE,21,0,
Stanton County,US.NE.ST,21,0,
Izard County,US.AR.IZ,20,1,
Asotin County,US.WA.AS,20,2,
Benton County,US.MS.BE,20,0,
Hancock County,US.WV.HN,20,0,
Ida County,US.IA.ID,20,0,
Douglas County,US.WI.DG,20,0,
Waushara County,US.WI.WS,20,0,
Lafayette County,US.FL.LF,20,0,
Johnson County,US.IL.JH,20,0,
Appanoose County,US.IA.AP,20,3,
Jefferson County,US.PA.JE,20,1,
Morgan County,US.WV.MA,20,0,
Wilkin County,US.MN.WL,20,3,
Chickasaw County,US.IA.CC,20,0,
Lincoln County,US.KY.LN,20,1,
Greenup County,US.KY.GU,20,0,
Parke County,US.IN.PA,20,0,
Swift County,US.MN.SW,20,1,
Guadalupe County,US.NM.GU,20,0,
Alexander County,US.IL.AL,20,0,
Franklin County,US.ID.FA,19,0,
Arkansas County,US.AR.AR,19,0,
Warren County,US.GA.WR,19,0,
Sioux County,US.ND.SI,19,0,
Paulding County,US.OH.PA,19,0,
Sabine County,US.TX.SB,19,1,
Aroostook County,US.ME.AR,19,1,
Freestone County,US.TX.FE,19,0,
Chowan County,US.NC.CW,19,0,
Washington County,US.IL.WG,19,0,
Treutlen County,US.GA.TE,19,1,
Jackson County,US.IA.JC,19,0,
Johnson County,US.WY.JO,19,1,
Kingfisher County,US.OK.KN,19,0,
Gem County,US.ID.GE,19,0,
Carroll County,US.IL.CL,19,2,
Laclede County,US.MO.LD,19,0,
Mason County,US.IL.MS,19,0,
Adams County,US.OH.AD,19,1,
San Juan County,US.WA.SA,19,0,
Mercer County,US.IL.ME,19,0,
Transylvania County,US.NC.TR,19,1,
Boone County,US.WV.BN,19,0,
Harvey County,US.KS.HV,19,2,
Camden County,US.NC.CD,19,0,
Sheridan County,US.WY.SH,19,0,
Hamilton County,US.TX.HM,19,1,
Floyd County,US.TX.FY,19,0,
Fulton County,US.PA.FU,18,1,
Wexford County,US.MI.WE,18,3,
Craig County,US.OK.CG,18,0,
Cherokee County,US.KS.CK,18,0,
Lampasas County,US.TX.LP,18,0,
San Miguel County,US.NM.SM,18,0,
Page County,US.IA.PG,18,0,
Barnes County,US.ND.BA,18,0,
Crawford County,US.IL.CW,18,0,
Grand County,US.CO.GR,18,0,
Caledonia County,US.VT.CA,18,0,
Clear Creek County,US.CO.CL,18,1,
Nelson County,US.VA.NL,18,0,
Norman County,US.MN.NR,18,0,
Buchanan County,US.VA.BH,18,0,
Webster County,US.GA.WT,18,1,
Miami County,US.KS.MI,18,0,
Hancock County,US.IL.HC,18,1,
Mariposa County,US.CA.MP,18,1,
Humphreys County,US.TN.HU,18,1,
Tyler County,US.TX.TY,18,0,
Ravalli County,US.MT.RA,17,0,
Lake County,US.SD.LK,17,1,
Pike County,US.OH.PK,17,0,
Neosho County,US.KS.NO,17,0,
Rappahannock County,US.VA.RP,17,0,
Walsh County,US.ND.WL,17,0,
Rockcastle County,US.KY.RC,17,0,
Henry County,US.MO.HE,17,3,
Grant County,US.NM.GR,17,0,
Harlan County,US.KY.HL,17,1,
Grundy County,US.MO.GU,17,0,
Rowan County,US.KY.RW,17,0,
Lyon County,US.KY.LY,17,3,
Mercer County,US.KY.MC,17,0,
Gillespie County,US.TX.GL,17,0,
Ouachita County,US.AR.OU,17,0,
Oneida County,US.WI.ON,17,0,
Costilla County,US.CO.CS,17,0,
Piatt County,US.IL.PA,17,0,
Morgan County,US.UT.MN,17,0,
Nodaway County,US.MO.NO,17,0,
Venango County,US.PA.VE,17,0,
Stewart County,US.TN.SA,17,0,
Grant County,US.WV.GA,16,0,
Lewis County,US.KY.LI,16,0,
Scott County,US.KS.SC,16,0,
Cass County,US.IA.CS,16,0,
Poquoson city,US.VA.PQ,16,0,
Stevens County,US.WA.ST,16,1,
Leon County,US.TX.LN,16,0,
Shelby County,US.IL.SB,16,1,
Knox County,US.NE.KN,16,0,
Lawrence County,US.SD.LW,16,0,
Prowers County,US.CO.PR,16,0,
Claiborne County,US.TN.CI,16,0,
Garrard County,US.KY.GR,16,0,
Prairie County,US.AR.PR,16,0,
Pamlico County,US.NC.PM,16,0,
Currituck County,US.NC.CI,16,0,
Power County,US.ID.PO,16,0,
Antrim County,US.MI.AN,16,0,
Keokuk County,US.IA.KE,16,1,
Ste. Genevieve County,US.MO.SG,16,1,
Young County,US.TX.YU,16,1,
Renville County,US.MN.RN,16,1,
Fulton County,US.KY.FU,16,0,
Ellis County,US.KS.EL,16,0,
Bracken County,US.KY.BK,16,0,
Evans County,US.GA.EV,16,0,
Wheeler County,US.TX.WL,16,0,
Van Wert County,US.OH.VA,16,0,
Jackson County,US.OH.JA,16,0,
Juab County,US.UT.JU,15,0,
Barton County,US.MO.BT,15,0,
Baxter County,US.AR.BA,15,0,
Bandera County,US.TX.BA,15,0,
Carbon County,US.MT.CB,15,0,
Decatur County,US.TN.DC,15,0,
Jefferson County,US.ID.JF,15,0,
Richland County,US.WI.RI,15,4,
Traill County,US.ND.TR,15,0,
Benton County,US.MO.BN,15,0,
Ransom County,US.ND.RN,15,0,
Bonner County,US.ID.BR,15,0,
Fentress County,US.TN.FE,15,0,
Hancock County,US.ME.HA,15,1,
Brule County,US.SD.BU,15,0,
Quitman County,US.GA.QU,15,1,
Audubon County,US.IA.AU,15,1,
Middlesex County,US.VA.MI,15,0,
Manistee County,US.MI.ME,15,0,
Lewis County,US.WV.LE,15,1,
Mason County,US.WV.MN,15,0,
Lincoln County,US.WY.LI,15,0,
Pipestone County,US.MN.PS,15,0,
Otoe County,US.NE.OT,15,0,
Live Oak County,US.TX.LK,15,0,
Winnebago County,US.IA.WB,15,0,
McKean County,US.PA.MC,15,1,
Moultrie County,US.IL.MI,15,0,
Phillips County,US.CO.PH,15,0,
Corson County,US.SD.CO,15,0,
Howard County,US.IA.HO,14,0,
Atoka County,US.OK.AT,14,0,
Palo Pinto County,US.TX.PO,14,2,
Terry County,US.TX.TE,14,0,
McCreary County,US.KY.MR,14,0,
Teton County,US.ID.TE,14,0,
Reeves County,US.TX.RE,14,0,
Nantucket County,US.MA.NA,14,1,
Pendleton County,US.KY.PN,14,0,
Chester County,US.TN.CS,14,0,
Floyd County,US.VA.FO,14,1,
Karnes County,US.TX.KS,14,0,
Big Stone County,US.MN.BI,14,0,
Ballard County,US.KY.BA,14,0,
Morrill County,US.NE.MO,14,0,
Cheyenne County,US.NE.CY,14,0,
Washington County,US.MO.WS,14,1,
Scott County,US.TN.SC,14,0,
Comanche County,US.TX.CE,14,1,
Warren County,US.IN.WN,14,1,
Blaine County,US.OK.BL,14,0,
Murray County,US.OK.MR,14,0,
Hudspeth County,US.TX.HU,14,0,
Ripley County,US.MO.RI,14,0,
Clark County,US.IL.CK,14,0,
Mingo County,US.WV.MO,14,2,
Gaines County,US.TX.GS,14,0,
Wright County,US.MO.WG,14,0,
Carbon County,US.UT.CR,14,0,
Union County,US.IA.UN,14,0,
Orleans County,US.VT.OL,14,0,
Linn County,US.KS.LN,13,0,
Boone County,US.AR.BO,13,0,
Nolan County,US.TX.NO,13,0,
Kanabec County,US.MN.KA,13,1,
Pendleton County,US.WV.PE,13,1,
Hartley County,US.TX.HL,13,2,
Kearney County,US.NE.KA,13,0,
Linn County,US.MO.LN,13,1,
Dunn County,US.ND.DU,13,0,
Lafayette County,US.AR.LF,13,1,
Franklin County,US.AR.FR,13,0,
Ohio County,US.IN.OH,13,0,
Sharkey County,US.MS.SH,13,0,
Barbour County,US.WV.BB,13,1,
Day County,US.SD.DY,13,0,
Potter County,US.PA.PO,13,0,
Vernon County,US.MO.VE,13,0,
Caldwell County,US.KY.CD,13,0,
Gosper County,US.NE.GO,13,0,
Logan County,US.IL.LO,13,0,
Houston County,US.MN.HO,13,0,
Callahan County,US.TX.AL,13,2,
Presidio County,US.TX.PS,13,0,
Taylor County,US.WV.TA,13,0,
Montgomery County,US.MO.MM,13,0,
Casey County,US.KY.CS,13,0,
Yoakum County,US.TX.YA,13,0,
Stone County,US.AR.ST,13,0,
Lawrence County,US.MO.LW,13,0,
Cooper County,US.MO.CP,13,0,
Schuyler County,US.IL.SU,13,0,
Surry County,US.VA.SR,13,1,
Knox County,US.KY.KX,13,0,
Zavala County,US.TX.ZV,13,0,
Fillmore County,US.NE.FI,13,1,
Aitkin County,US.MN.AI,13,0,
Grant County,US.SD.GA,13,0,
Vermillion County,US.IN.VE,13,0,
Amador County,US.CA.AM,13,0,
Greenlee County,US.AZ.GE,13,1,
Buena Vista city,US.VA.BE,12,0,
Woodward County,US.OK.WW,12,0,
Fleming County,US.KY.FE,12,0,
Randolph County,US.MO.RN,12,0,
Polk County,US.NE.PO,12,0,
Schleicher County,US.TX.SH,12,0,
Montague County,US.TX.MU,12,1,
Conejos County,US.CO.CN,12,0,
Tripp County,US.SD.TR,12,0,
Bond County,US.IL.BN,12,1,
Bollinger County,US.MO.BI,12,0,
Clay County,US.TN.CY,12,0,
Union County,US.IN.UN,12,0,
Bates County,US.MO.BS,12,1,
Tuolumne County,US.CA.TO,12,0,
Van Buren County,US.IA.VA,12,0,
Presque Isle County,US.MI.PR,12,0,
Adair County,US.IA.AI,12,0,
Grand County,US.UT.GR,12,0,
Redwood County,US.MN.RW,12,0,
Franklin County,US.IL.FR,12,0,
Marshall County,US.MN.MS,12,0,
Fulton County,US.IL.FU,12,0,
Wadena County,US.MN.WD,12,0,
Sanborn County,US.SD.SA,12,0,
Schuyler County,US.NY.SU,12,0,
Clark County,US.SD.CK,12,0,
Baca County,US.CO.BA,12,0,
Leelanau County,US.MI.LE,12,0,
Wayne County,US.KY.WY,12,0,
Upshur County,US.WV.UP,12,0,
Park County,US.WY.PA,12,0,
Lake County,US.MT.LA,12,0,
Stanley County,US.SD.ST,12,0,
Pacific County,US.WA.PA,12,1,
Hot Springs County,US.WY.HO,12,0,
Hancock County,US.KY.HC,11,0,
Morgan County,US.MO.MG,11,0,
Brown County,US.KS.BR,11,0,
Silver Bow County,US.MT.SI,11,0,
Sitka City and Borough,US.AK.SI,11,0,
Cass County,US.MN.CS,11,2,
Rusk County,US.WI.RU,11,0,
Greenwood County,US.KS.GW,11,0,
McLean County,US.ND.ML,11,0,
Miller County,US.MO.ML,11,0,
Houghton County,US.MI.HO,11,0,
Okfuskee County,US.OK.OF,11,0,
Bon Homme County,US.SD.BH,11,0,
Marion County,US.MO.MO,11,0,
McCormick County,US.SC.MC,11,1,
Burt County,US.NE.BT,11,0,
Gulf County,US.FL.GU,11,0,
Harrison County,US.MO.HS,11,0,
Carroll County,US.MO.CL,11,0,
Hamlin County,US.SD.HM,11,0,
Harrison County,US.OH.HR,11,1,
Big Horn County,US.WY.BI,11,0,
Ringgold County,US.IA.RI,11,0,
Roane County,US.WV.RO,11,1,
Lassen County,US.CA.LS,11,0,
Wayne County,US.IL.WY,11,1,
Larue County,US.KY.LR,11,1,
Effingham County,US.IL.EF,11,1,
LaMoure County,US.ND.LA,11,0,
Newton County,US.TX.NE,11,0,
Adams County,US.WI.AD,11,2,
Vilas County,US.WI.VI,10,0,
Ouray County,US.CO.OU,10,1,
Adams County,US.ID.AM,10,0,
Pope County,US.MN.PE,10,0,
Radford city,US.VA.RD,10,0,
Brown County,US.IL.BR,10,0,
DeKalb County,US.MO.DE,10,0,
Cedar County,US.NE.CA,10,0,
Marquette County,US.WI.MQ,10,1,
Duchesne County,US.UT.DU,10,0,
Polk County,US.MO.PO,10,0,
Lexington city,US.VA.LX,10,0,
Sumner County,US.KS.SU,10,1,
Cumberland County,US.IL.CU,10,0,
Stanton County,US.KS.ST,10,0,
Bosque County,US.TX.BQ,10,0,
Thomas County,US.KS.TH,10,0,
Crawford County,US.MO.CF,10,0,
Bourbon County,US.KS.BB,10,1,
Montgomery County,US.IA.MG,10,2,
Churchill County,US.NV.CH,10,1,
Garrett County,US.MD.GA,10,0,
Menifee County,US.KY.ME,10,0,
Houston County,US.TN.HO,10,0,
Osage County,US.KS.OS,10,0,
Clay County,US.WV.CY,10,0,
Hutchinson County,US.SD.HT,10,0,
Gilmer County,US.WV.GI,10,0,
Lancaster County,US.VA.LA,10,0,
Stone County,US.MO.SE,10,0,
Millard County,US.UT.MD,10,0,
Dallas County,US.MO.DL,10,0,
Bath County,US.KY.BH,10,1,
Sawyer County,US.WI.SW,9,0,
Park County,US.MT.PA,9,0,
Orange County,US.VT.OA,9,0,
Moffat County,US.CO.MF,9,0,
Menominee County,US.MI.MM,9,0,
Emery County,US.UT.EM,9,0,
Latah County,US.ID.LA,9,0,
Decatur County,US.IA.DC,9,0,
Ramsey County,US.ND.RM,9,1,
Caldwell County,US.MO.CW,9,0,
Fulton County,US.AR.FU,9,0,
Oscoda County,US.MI.OO,9,1,
Wetzel County,US.WV.WT,9,0,
Garfield County,US.UT.GA,9,1,
Gallia County,US.OH.GA,9,1,
Koochiching County,US.MN.KO,9,0,
Lee County,US.VA.LE,9,0,
Furnas County,US.NE.FU,9,1,
Union County,US.TN.UO,9,0,
Clay County,US.NC.CY,9,0,
Tazewell County,US.VA.TA,9,0,
Meigs County,US.OH.MS,9,0,
Elk County,US.PA.EL,9,0,
Colfax County,US.NM.CO,9,0,
Rolette County,US.ND.RO,9,0,
Johnston County,US.OK.JO,9,0,
Marion County,US.KS.MN,9,1,
Hodgeman County,US.KS.HG,9,0,
Jim Hogg County,US.TX.JG,9,0,
Johnson County,US.KY.JO,9,0,
Jefferson County,US.NE.JE,9,0,
Crook County,US.OR.CR,9,0,
Lipscomb County,US.TX.LM,9,0,
Monroe County,US.WV.ME,9,0,
Russell County,US.VA.RU,9,0,
Beckham County,US.OK.BC,9,0,
Cedar County,US.MO.CD,9,0,
Greene County,US.IL.GE,8,0,
Mackinac County,US.MI.MK,8,0,
Scotland County,US.MO.SO,8,1,
Rains County,US.TX.RI,8,0,
Scott County,US.AR.SC,8,0,
Livingston County,US.KY.LV,8,0,
Letcher County,US.KY.LT,8,0,
Leslie County,US.KY.LS,8,0,
Spink County,US.SD.SP,8,0,
Wallowa County,US.OR.WW,8,0,
Madison County,US.MT.MA,8,1,
Mitchell County,US.IA.ME,8,0,
Metcalfe County,US.KY.MT,8,2,
Scott County,US.VA.SC,8,2,
Wells County,US.ND.WE,8,0,
Ward County,US.TX.WD,8,0,
Grand Isle County,US.VT.GR,8,0,
Benton County,US.TN.BN,8,1,
Major County,US.OK.MJ,8,1,
Caribou County,US.ID.CR,8,0,
Pushmataha County,US.OK.PU,8,0,
Crosby County,US.TX.CB,8,1,
McCook County,US.SD.MC,8,1,
Henderson County,US.IL.HD,8,0,
Archuleta County,US.CO.AC,8,0,
Saline County,US.IL.SE,8,0,
Lincoln County,US.WI.LI,8,0,
Richland County,US.MT.RI,8,0,
Avery County,US.NC.AV,8,0,
Taylor County,US.WI.TA,8,0,
Antelope County,US.NE.AN,8,0,
Kimball County,US.NE.KB,8,0,
Nicholas County,US.WV.NI,7,1,
Dickinson County,US.MI.DI,7,2,
Lincoln County,US.NM.LI,7,0,
Garza County,US.TX.GR,7,0,
Rooks County,US.KS.RO,7,0,
Hand County,US.SD.HD,7,0,
Wyoming County,US.WV.WY,7,0,
Lincoln County,US.MT.LN,7,1,
Goliad County,US.TX.GI,7,0,
Morgan County,US.KY.MG,7,0,
Langlade County,US.WI.LN,7,0,
Sherman County,US.KS.SH,7,0,
Latimer County,US.OK.LA,7,1,
Roosevelt County,US.MT.RO,7,0,
Martin County,US.TX.MT,7,1,
Los Alamos County,US.NM.LO,7,0,
La Salle County,US.TX.LS,7,0,
Glacier County,US.MT.GC,7,0,
Las Animas County,US.CO.LS,7,0,
Daviess County,US.MO.DV,7,0,
Rosebud County,US.MT.RS,7,0,
Aransas County,US.TX.AA,7,0,
Sierra County,US.NM.SI,7,0,
Phelps County,US.MO.PH,7,0,
Monroe County,US.AR.ME,7,0,
Giles County,US.VA.GI,7,0,
Fall River County,US.SD.FL,7,0,
Pike County,US.AR.PE,7,0,
Massac County,US.IL.MA,7,0,
Custer County,US.SD.CU,7,0,
Wilbarger County,US.TX.WG,7,0,
Lewis County,US.MO.LE,7,1,
Boone County,US.NE.BO,7,0,
Haskell County,US.OK.HS,7,0,
Colusa County,US.CA.CL,7,0,
Cloud County,US.KS.CD,7,0,
Macon County,US.MO.MN,7,0,
Valley County,US.NE.VA,7,0,
Edgar County,US.IL.EG,7,0,
Pembina County,US.ND.PE,7,0,
Livingston County,US.MO.LV,7,0,
Adams County,US.IA.AM,7,0,
Walworth County,US.SD.WA,7,0,
Llano County,US.TX.LL,7,0,
Eastland County,US.TX.EA,7,0,
Curry County,US.OR.CU,7,0,
Forest County,US.PA.FO,7,0,
Crittenden County,US.KY.CT,7,1,
Lake County,US.MI.LK,7,0,
Searcy County,US.AR.SA,7,0,
Clay County,US.KS.CY,6,1,
Franklin County,US.NE.FA,6,0,
Morgan County,US.OH.MA,6,0,
Tillamook County,US.OR.TI,6,0,
Dickinson County,US.KS.DK,6,0,
Carson County,US.TX.CN,6,0,
Chariton County,US.MO.CI,6,0,
Childress County,US.TX.CD,6,0,
Edwards County,US.KS.ED,6,0,
Morton County,US.KS.MT,6,0,
Carter County,US.MO.CR,6,1,
Noble County,US.OH.NO,6,0,
Shannon County,US.MO.SN,6,0,
Mercer County,US.ND.ME,6,0,
Brooke County,US.WV.BO,6,0,
Marshall County,US.IL.MH,6,0,
Mahnomen County,US.MN.MH,6,1,
Hyde County,US.NC.HE,6,0,
Madison County,US.NC.MD,6,0,
Pershing County,US.NV.PE,6,0,
Winkler County,US.TX.WI,6,0,
Coos County,US.NH.CO,6,0,
Roseau County,US.MN.RS,6,0,
Jackson County,US.SD.JA,6,1,
Craig County,US.VA.CG,6,0,
Pierce County,US.NE.PI,6,0,
Pike County,US.IN.PI,6,0,
Johnson County,US.NE.JO,6,0,
Crook County,US.WY.CK,6,0,
Refugio County,US.TX.RF,6,0,
Red Willow County,US.NE.RE,6,0,
Plumas County,US.CA.PU,6,0,
Lincoln County,US.MN.LI,6,0,
Cumberland County,US.KY.CU,6,0,
Kiowa County,US.OK.KO,6,0,
Ralls County,US.MO.RL,6,0,
Webster County,US.NE.WE,6,0,
Lake County,US.OR.LK,6,0,
Dallas County,US.AR.DA,6,0,
Pratt County,US.KS.PR,6,0,
Hamilton County,US.NY.HA,6,1,
Bethel Census Area,US.AK.BE,6,0,
McDowell County,US.WV.MC,6,0,
Graham County,US.NC.GH,6,0,
Woodson County,US.KS.WO,6,0,
Buffalo County,US.WI.BF,6,2,
Grant County,US.MN.GR,6,0,
Woodruff County,US.AR.WO,6,0,
Worth County,US.IA.WT,6,0,
Gogebic County,US.MI.GO,6,1,
Gilpin County,US.CO.GI,6,0,
Coal County,US.OK.CL,6,0,
Clearwater County,US.MN.CE,6,0,
Oregon County,US.MO.OR,6,0,
Union County,US.NM.UN,5,0,
Cheyenne County,US.CO.CE,5,0,
Wayne County,US.IA.WY,5,0,
Crockett County,US.TX.CT,5,0,
Kane County,US.UT.KA,5,0,
Carlisle County,US.KY.CE,5,1,
Tucker County,US.WV.TU,5,0,
Richardson County,US.NE.RI,5,1,
Lincoln County,US.WV.LI,5,0,
Goshen County,US.WY.GO,5,0,
Pleasants County,US.WV.PL,5,0,
Nome Census Area,US.AK.NM,5,0,
Van Buren County,US.TN.VA,5,0,
Glasscock County,US.TX.GC,5,0,
Quay County,US.NM.QU,5,1,
Lane County,US.KS.LE,5,0,
Lawrence County,US.IL.LW,5,0,
Lake County,US.MN.LE,5,0,
Duval County,US.TX.DU,5,0,
Lawrence County,US.KY.LC,5,0,
Eddy County,US.ND.ED,5,0,
Miner County,US.SD.ME,5,0,
Edmunds County,US.SD.ED,5,0,
Osage County,US.MO.OS,5,0,
Nemaha County,US.NE.NE,5,0,
Nicholas County,US.KY.NI,5,0,
Tyrrell County,US.NC.TY,5,0,
Sherman County,US.NE.SM,5,0,
Kingsbury County,US.SD.KI,5,0,
Lewis County,US.TN.LE,5,0,
Cotton County,US.OK.CT,5,2,
Clay County,US.TX.CY,5,0,
Pickett County,US.TN.PI,5,0,
Morris County,US.KS.MR,5,0,
Moore County,US.TN.MO,5,0,
Woods County,US.OK.WS,5,0,
Hubbard County,US.MN.HU,5,0,
Howard County,US.MO.HR,5,0,
Hickman County,US.KY.HA,5,0,
Stephens County,US.TX.SE,5,0,
Traverse County,US.MN.TR,5,0,
Bottineau County,US.ND.BT,5,0,
Monroe County,US.MO.MR,5,0,
Marshall County,US.SD.MS,5,0,
Hanson County,US.SD.HS,5,0,
Collingsworth County,US.TX.CG,5,0,
Matthews County,US.VA.MT,5,0,
Broadwater County,US.MT.BR,5,0,
Trimble County,US.KY.TM,5,0,
McCulloch County,US.TX.MC,5,0,
Montmorency County,US.MI.MR,5,0,
Hughes County,US.OK.HU,5,0,
Powell County,US.KY.PO,5,0,
Sublette County,US.WY.SU,5,0,
Owen County,US.KY.OE,5,0,
Magoffin County,US.KY.MF,5,0,
Mercer County,US.MO.MC,5,0,
Benzie County,US.MI.BE,5,0,
Burke County,US.ND.BK,5,0,
Bell County,US.KY.BL,5,0,
Warren County,US.PA.WR,5,0,
Clinton County,US.KY.CO,5,0,
Breathitt County,US.KY.BT,4,0,
Washburn County,US.WI.WR,4,0,
Chase County,US.KS.CS,4,0,
Bristol city,US.VA.BI,4,0,
Coke County,US.TX.OK,4,0,
Chautauqua County,US.KS.CQ,4,0,
Dewey County,US.OK.DW,4,0,
Dewey County,US.SD.DW,4,0,
Bent County,US.CO.BE,4,0,
Delta County,US.TX.DT,4,0,
Wahkiakum County,US.WA.WH,4,0,
Dickey County,US.ND.DC,4,0,
De Witt County,US.IL.DW,4,0,
Cottle County,US.TX.OT,4,1,
Worth County,US.MO.WO,4,0,
Wirt County,US.WV.WI,4,0,
Newton County,US.AR.NW,4,0,
Schoolcraft County,US.MI.SR,4,0,
Lac Qui Parle County,US.MN.LC,4,0,
Republic County,US.KS.RP,4,0,
Emmons County,US.ND.EM,4,1,
Mitchell County,US.KS.MC,4,0,
Pierce County,US.ND.PI,4,0,
Estill County,US.KY.ES,4,0,
Oldham County,US.TX.OL,4,1,
Jack County,US.TX.JK,4,0,
Menominee County,US.WI.MN,4,0,
Petersburg Census Area,US.AK.PB,4,1,
Haskell County,US.TX.HK,4,0,
Iron County,US.MI.IR,4,0,
Stillwater County,US.MT.ST,4,0,
Huerfano County,US.CO.HU,4,0,
Knott County,US.KY.KT,4,0,
Ottawa County,US.KS.OT,4,0,
McPherson County,US.SD.MP,4,0,
Franklin County,US.FL.FR,4,0,
Fremont County,US.IA.FO,4,0,
Fremont County,US.ID.FE,4,0,
Martin County,US.KY.MI,4,0,
Garden County,US.NE.GD,4,0,
Ness County,US.KS.NS,4,0,
Mineral County,US.NV.MI,4,0,
Gasconade County,US.MO.GA,4,0,
Northwest Arctic Borough,US.AK.NW,4,0,
Richland County,US.IL.RI,4,0,
Jefferson County,US.OK.JE,4,0,
Douglas County,US.SD.DO,4,0,
Lincoln County,US.CO.LI,4,0,
Green County,US.KY.GN,4,1,
Sargent County,US.ND.SG,4,0,
Nance County,US.NE.NA,4,0,
North Slope Borough,US.AK.NH,4,0,
Schuyler County,US.MO.SH,4,0,
Hardeman County,US.TX.RD,4,0,
Rice County,US.KS.RC,4,0,
Norton city,US.VA.NC,4,0,
Jewell County,US.KS.JW,4,0,
Hinsdale County,US.CO.HI,3,0,
Skamania County,US.WA.SM,3,0,
Pend Oreille County,US.WA.PE,3,0,
Slope County,US.ND.SL,3,0,
Highland County,US.VA.HA,3,0,
Smith County,US.KS.SM,3,0,
Tyler County,US.WV.TY,3,0,
Kiowa County,US.KS.KW,3,0,
Brooks County,US.TX.BK,3,0,
Greeley County,US.NE.GE,3,0,
Box Butte County,US.NE.BX,3,0,
Hemphill County,US.TX.HH,3,0,
Maries County,US.MO.MS,3,0,
Deer Lodge County,US.MT.DE,3,0,
White Pine County,US.NV.WH,3,0,
Braxton County,US.WV.BX,3,0,
Covington city,US.VA.CV,3,0,
Pawnee County,US.KS.PN,3,0,
Luce County,US.MI.LU,3,0,
Golden Valley County,US.MT.GO,3,0,
Glascock County,US.GA.GS,3,0,
Phillips County,US.KS.PL,3,0,
Sheridan County,US.KS.SD,3,0,
Hancock County,US.TN.HC,3,0,
Kodiak Island Borough,US.AK.KO,3,0,
San Saba County,US.TX.SS,3,0,
White County,US.IL.WE,3,0,
Madison County,US.MO.MD,3,0,
Valley County,US.ID.VA,3,0,
Bayfield County,US.WI.BY,3,1,
Coleman County,US.TX.CM,3,0,
Essex County,US.VT.ES,3,0,
Washita County,US.OK.WT,3,0,
Runnels County,US.TX.RN,3,0,
Ashland County,US.WI.AS,3,0,
Sullivan County,US.PA.SL,3,0,
Jefferson County,US.MT.JE,3,0,
Benson County,US.ND.BE,3,0,
Rich County,US.UT.RH,3,0,
Atchison County,US.MO.AT,3,0,
Red Lake County,US.MN.RD,3,0,
Armstrong County,US.TX.AM,3,0,
Idaho County,US.ID.ID,3,0,
Wrangell City and Borough,US.AK.WG,3,0,
Roberts County,US.TX.RS,3,0,
Hyde County,US.SD.HY,3,0,
Douglas County,US.MO.DO,3,0,
Archer County,US.TX.AC,3,0,
Anderson County,US.KS.AN,3,0,
Stark County,US.IL.SA,3,0,
Norton County,US.KS.NT,3,0,
Chippewa County,US.MI.CP,3,0,
Ellsworth County,US.KS.EW,3,0,
McHenry County,US.ND.MH,3,1,
Southeast Fairbanks Census Area,US.AK.SO,3,0,
Dimmit County,US.TX.DM,3,0,
Somervell County,US.TX.SV,3,0,
Renville County,US.ND.RE,3,0,
Hamilton County,US.IL.HM,2,0,
Hall County,US.TX.HA,2,1,
Haines Borough,US.AK.HA,2,0,
Keith County,US.NE.KT,2,0,
Ritchie County,US.WV.RI,2,0,
Dawes County,US.NE.DS,2,0,
Putnam County,US.MO.PN,2,0,
Price County,US.WI.PC,2,0,
Prince of Wales-Hyder Census Area,US.AK.PH,2,0,
Alger County,US.MI.AG,2,0,
Holt County,US.NE.HT,2,0,
Kinney County,US.TX.KN,2,0,
Lemhi County,US.ID.LM,2,0,
Reagan County,US.TX.RG,2,0,
St. Clair County,US.MO.SC,2,0,
Knox County,US.MO.KN,2,0,
Iron County,US.MO.IR,2,0,
Iron County,US.WI.IR,2,1,
Kidder County,US.ND.KI,2,0,
Bennett County,US.SD.BN,2,0,
Harper County,US.KS.HP,2,0,
Bland County,US.VA.BL,2,0,
Beaver County,US.UT.BV,2,0,
Reynolds County,US.MO.RE,2,0,
Alpine County,US.CA.AP,2,0,
Burnett County,US.WI.BN,2,1,
Griggs County,US.ND.GI,2,0,
Fergus County,US.MT.FE,2,0,
Comanche County,US.KS.CM,2,0,
Columbia County,US.WA.CM,2,0,
Gallatin County,US.IL.GA,2,0,
Owsley County,US.KY.OS,2,0,
Mellette County,US.SD.ML,2,0,
Stevens County,US.MN.SV,2,0,
Florence County,US.WI.FL,2,0,
Fisher County,US.TX.FH,2,1,
Catron County,US.NM.CA,2,1,
Cavalier County,US.ND.CV,2,0,
Osborne County,US.KS.OB,2,0,
Mineral County,US.CO.MI,2,0,
Cameron County,US.PA.CE,2,0,
Clay County,US.IL.CY,2,0,
Mitchell County,US.TX.MH,2,0,
Montgomery County,US.AR.MT,2,0,
Texas County,US.MO.TE,2,0,
Elliott County,US.KY.EL,2,0,
Cheyenne County,US.KS.CN,2,0,
Dickens County,US.TX.DC,2,0,
Yukon-Koyukuk Census Area,US.AK.YU,2,0,
Edwards County,US.IL.EW,2,0,
Taliaferro County,US.GA.TA,2,0,
Niobrara County,US.WY.NI,2,0,
Concho County,US.TX.ON,2,0,
Trinity County,US.CA.TR,2,0,
Marion County,US.AR.MN,2,0,
Shelby County,US.MO.SB,2,0,
Custer County,US.ID.CU,2,0,
Custer County,US.CO.CU,2,0,
Pondera County,US.MT.PN,2,0,
Platte County,US.WY.PL,2,0,
Lincoln County,US.NV.LI,2,0,
Grant County,US.OK.GN,2,0,
Lincoln County,US.WA.LI,2,0,
Grant County,US.ND.GT,2,0,
Piute County,US.UT.PT,2,0,
Piscataquis County,US.ME.PI,2,0,
Pike County,US.IL.PK,2,0,
Rio Blanco County,US.CO.RB,2,0,
Calhoun County,US.WV.CH,2,0,
Wayne County,US.MO.WY,1,0,
Musselshell County,US.MT.MU,1,0,
Alfalfa County,US.OK.AL,1,0,
Nuckolls County,US.NE.NU,1,0,
Wolfe County,US.KY.WL,1,0,
Culberson County,US.TX.UL,1,0,
Liberty County,US.MT.LB,1,0,
Motley County,US.TX.MY,1,0,
Knox County,US.TX.KX,1,0,
Cochran County,US.TX.CC,1,0,
Dade County,US.MO.DD,1,0,
Pepin County,US.WI.PE,1,0,
Cherry County,US.NE.CH,1,0,
Nelson County,US.ND.NE,1,0,
Lee County,US.KY.LE,1,0,
Baker County,US.OR.BA,1,0,
Cimarron County,US.OK.CO,1,0,
Clark County,US.MO.CK,1,0,
Kimble County,US.TX.KM,1,0,
Wheatland County,US.MT.WH,1,0,
Meagher County,US.MT.ME,1,0,
Wilson County,US.KS.WL,1,0,
Menard County,US.TX.EN,1,0,
Putnam County,US.IL.PT,1,0,
Real County,US.TX.RL,1,0,
McIntosh County,US.ND.MI,1,0,
Banner County,US.NE.BA,1,0,
Pope County,US.IL.PE,1,0,
Ozark County,US.MO.OZ,1,0,
Kittson County,US.MN.KI,1,0,
Mills County,US.TX.MS,1,0,
Allen County,US.KS.AL,1,0,
Keweenaw County,US.MI.KW,1,0,
Cook County,US.MN.CO,1,0,
Oliver County,US.ND.OL,1,0,
Dawson County,US.MT.DW,1,0,
Ziebach County,US.SD.ZI,1,0,
Baraga County,US.MI.BA,1,0,
Barber County,US.KS.AB,1,0,
Sherman County,US.OR.SH,1,0,
Camas County,US.ID.CM,1,0,
Sheridan County,US.ND.SH,1,0,
Calhoun County,US.IL.CH,1,0,
Gove County,US.KS.GO,1,0,
Shackelford County,US.TX.SC,1,0,
Grant County,US.OR.GR,1,0,
Valley County,US.MT.VA,1,0,
Sioux County,US.NE.SI,1,0,
Gregory County,US.SD.GE,1,0,
Briscoe County,US.TX.BO,1,0,
San Juan County,US.CO.SJ,1,0,
Hardin County,US.IL.HI,1,0,
Harding County,US.NM.HA,1,0,
Boyd County,US.NE.BY,1,0,
Bowman County,US.ND.BW,1,0,
Sierra County,US.CA.SE,1,0,
Garfield County,US.NE.GF,1,0,
Harper County,US.OK.HP,1,0,
Summers County,US.WV.SU,1,0,
Dickenson County,US.VA.DC,1,0,
Sutton County,US.TX.ST,1,0,
Ellis County,US.OK.EL,1,0,
Thayer County,US.NE.TA,1,0,
Deuel County,US.SD.DU,1,0,
Thomas County,US.NE.TO,1,0,
Dent County,US.MO.DN,1,0,
Sully County,US.SD.SU,1,0,
Stafford County,US.KS.SF,1,0,
Chase County,US.NE.CE,1,0,
Ferry County,US.WA.FE,1,0,
Storey County,US.NV.ST,1,0,
Foster County,US.ND.FO,1,0,
Steele County,US.ND.SE,1,0,
Trego County,US.KS.TR,1,0,
Frontier County,US.NE.FO,1,0,
Harney County,US.OR.HA,1,0,
Upton County,US.TX.UP,1,0,
Irion County,US.TX.IR,1,0,
Hitchcock County,US.NE.HI,1,0,
Baylor County,US.TX.BR,1,0,
Washington County,US.ME.WS,1,0,
Divide County,US.ND.DV,1,0,
Washington County,US.KS.WS,1,0,
Beaverhead County,US.MT.BE,1,0,
Hill County,US.MT.HI,1,0,
Holt County,US.MO.HL,1,0,
Billings County,US.ND.BI,1,0,
Towner County,US.ND.TO,0,0,
Carter County,US.MT.CT,0,0,
Bear Lake County,US.ID.BK,0,0,
Sterling County,US.TX.SI,0,0,
Stonewall County,US.TX.SA,0,0,
Jeff Davis County,US.TX.JF,0,0,
McPherson County,US.NE.MC,0,0,
McMullen County,US.TX.MM,0,0,
Treasure County,US.MT.TR,0,0,
Foard County,US.TX.FD,0,0,
Garfield County,US.MT.GF,0,0,
Roger Mills County,US.OK.RR,0,0,
Clearwater County,US.ID.CE,0,0,
McCone County,US.MT.MC,0,0,
Jackson County,US.CO.JA,0,0,
Garfield County,US.WA.GF,0,0,
Pawnee County,US.NE.PA,0,0,
Skagway Municipality,US.AK.SW,0,0,
Rush County,US.KS.RH,0,0,
Gilliam County,US.OR.GI,0,0,
Marshall County,US.KS.MS,0,0,
Keya Paha County,US.NE.KY,0,0,
Shoshone County,US.ID.SH,0,0,
Issaquena County,US.MS.IS,0,0,
Perkins County,US.NE.PE,0,0,
Campbell County,US.SD.CP,0,0,
Ontonagon County,US.MI.ON,0,0,
Oneida County,US.ID.ON,0,0,
Arthur County,US.NE.AR,0,0,
Kent County,US.TX.KT,0,0,
Dillingham Census Area,US.AK.DI,0,0,
Dolores County,US.CO.DO,0,0,
Dundy County,US.NE.DY,0,0,
Judith Basin County,US.MT.JU,0,0,
Sweet Grass County,US.MT.SW,0,0,
Edwards County,US.TX.ED,0,0,
Terrell County,US.TX.TL,0,0,
Jones County,US.SD.JO,0,0,
Elk County,US.KS.EK,0,0,
Teton County,US.MT.TE,0,0,
Kalawao County,US.HI.KL,0,0,
Chouteau County,US.MT.CH,0,0,
Kenedy County,US.TX.KE,0,0,
Mora County,US.NM.MO,0,0,
Fallon County,US.MT.FA,0,0,
Throckmorton County,US.TX.TH,0,0,
Deuel County,US.NE.DL,0,0,
Modoc County,US.CA.MC,0,0,
Clark County,US.ID.CA,0,0,
Robertson County,US.KY.RB,0,0,
Denali Borough,US.AK.DE,0,0,
Esmeralda County,US.NV.ES,0,0,
Eureka County,US.NV.EU,0,0,
Yakutat City and Borough,US.AK.YA,0,0,
Rock County,US.NE.RO,0,0,
Bath County,US.VA.BA,0,0,
Mineral County,US.MT.MN,0,0,
Sheridan County,US.NE.SD,0,0,
Perkins County,US.SD.PR,0,0,
Kiowa County,US.CO.KO,0,0,
Russell County,US.KS.RS,0,0,
Hickory County,US.MO.HC,0,0,
Daggett County,US.UT.DG,0,0,
Potter County,US.SD.PO,0,0,
Boise County,US.ID.BS,0,0,
Powder River County,US.MT.PD,0,0,
Daniels County,US.MT.DN,0,0,
Powell County,US.MT.PL,0,0,
Wheeler County,US.OR.WE,0,0,
Wheeler County,US.NE.WH,0,0,
Prairie County,US.MT.PR,0,0,
Wayne County,US.UT.WE,0,0,
Kingman County,US.KS.KM,0,0,
Harding County,US.SD.HR,0,0,
Aleutians West Census Area,US.AK.AW,0,0,
Harlan County,US.NE.HR,0,0,
Lake of the Woods County,US.MN.LO,0,0,
De Baca County,US.NM.DE,0,0,
Lake and Peninsula Borough,US.AK.LA,0,0,
Decatur County,US.KS.DC,0,0,
Boundary County,US.ID.BD,0,0,
Harmon County,US.OK.HM,0,0,
Aleutians East Borough,US.AK.AE,0,0,
Sanders County,US.MT.SA,0,0,
Kusilvak Census Area,US.AK.WA,0,0,
Webster County,US.WV.WB,0,0,
Borden County,US.TX.BD,0,0,
Hayes County,US.NE.HY,0,0,
Adams County,US.ND.AD,0,0,
Wallace County,US.KS.WA,0,0,
Hettinger County,US.ND.HE,0,0,
Bristol Bay Borough,US.AK.BR,0,0,
Haakon County,US.SD.HA,0,0,
Blaine County,US.NE.BL,0,0,
Logan County,US.KS.LG,0,0,
Sheridan County,US.MT.SH,0,0,
Petroleum County,US.MT.PO,0,0,
Calhoun County,US.AR.CA,0,0,
Phillips County,US.MT.PH,0,0,
Golden Valley County,US.ND.GO,0,0,
Loving County,US.TX.LI,0,0,
Rawlins County,US.KS.RA,0,0,
Butte County,US.SD.BT,0,0,
Loup County,US.NE.LU,0,0,
Graham County,US.KS.GH,0,0,
Logan County,US.NE.LG,0,0,
Logan County,US.ND.LO,0,0,
Butte County,US.ID.BT,0,0,
Hoonah-Angoon Census Area,US.AK.HH,0,0,
Scott County,US.IL.SO,0,0,
Granite County,US.MT.GN,0,0,
Grant County,US.NE.GA,0,0,
Blaine County,US.MT.BL,0,0,
Hooker County,US.NE.HO,0,0,
Sedgwick County,US.CO.SE,0,0,
Lincoln County,US.KS.LC,0,0,
Greeley County,US.KS.GL,0,0,
Valdez-Cordova Census Area,US.AK.VA,0,0,
Lewis County,US.ID.LW,0,0,
Brown County,US.NE.BW,0,0,
King County,US.TX.KG,0,0,
Wichita County,US.KS.WH,0,0,
Wibaux County,US.MT.WI,0,0,
Doddridge County,US.WV.DO,0,0,
