County,hasc,confirmed,death,recovered
Los Angeles County,US.CA.LO,248821,6030,
Miami-Dade County,US.FL.DA,161637,2658,
Maricopa County,US.AZ.MA,136004,3091,
Cook County,US.IL.CO,131622,5097,
Harris County,US.TX.RR,111525,2335,
Dallas County,US.TX.DS,73700,1010,
Broward County,US.FL.BO,73426,1220,
Queens County,US.NY.QU,70675,7234,
Kings County,US.NY.KI,65700,7297,
Clark County,US.NV.CL,61476,1206,
Riverside County,US.CA.RI,53987,1067,
Bronx County,US.NY.BN,51944,4924,
Orange County,US.CA.OR,49845,1053,
San Bernardino County,US.CA.SA,49691,765,
Bexar County,US.TX.BX,47543,1166,
Suffolk County,US.NY.SF,45304,2006,
Nassau County,US.NY.NA,45229,2198,
Palm Beach County,US.FL.PL,43187,1168,
San Diego County,US.CA.SD,40650,707,
Tarrant County,US.TX.TN,40222,638,
Hillsborough County,US.FL.HL,38545,562,
Westchester County,US.NY.WE,37277,1452,
Orange County,US.FL.OR,37152,387,
New York County,US.NY.NE,32442,3173,
Wayne County,US.MI.WY,32278,2896,
Kern County,US.CA.KE,30179,296,
Philadelphia County,US.PA.PH,29904,1776,
Hidalgo County,US.TX.HG,28591,1254,
Shelby County,US.TN.SY,27947,402,
Middlesex County,US.MA.MI,27823,2086,
Duval County,US.FL.DU,27734,272,
Prince George's County,US.MD.PR,27027,803,
Travis County,US.TX.TV,26969,382,
Fresno County,US.CA.FR,26471,312,
Mecklenburg County,US.NC.MB,26301,316,
Fulton County,US.GA.FU,25681,545,
Gwinnett County,US.GA.GW,25127,359,
Salt Lake County,US.UT.SL,25058,236,
Milwaukee County,US.WI.MU,24853,502,
Davidson County,US.TN.DA,24372,264,
Hennepin County,US.MN.HE,24299,891,
Suffolk County,US.MA.SU,23712,1111,
Franklin County,US.OH.FR,23295,567,
Pima County,US.AZ.PM,22000,596,
Bergen County,US.NJ.BE,21816,2038,
Cameron County,US.TX.CA,21563,815,
El Paso County,US.TX.EP,21093,464,
Montgomery County,US.MD.MO,20718,825,
Essex County,US.NJ.ES,20528,2120,
Pinellas County,US.FL.PI,20474,673,
King County,US.WA.KN,20326,736,
Hudson County,US.NJ.HD,20286,1512,
St. Louis County,US.MO.SL,19900,741,
Marion County,US.IN.MO,19439,801,
Alameda County,US.CA.AA,19350,300,
Sacramento County,US.CA.SC,19346,332,
Lee County,US.FL.LE,19176,438,
Fairfax County,US.VA.FX,19055,562,
Fairfield County,US.CT.FA,19031,1415,
Essex County,US.MA.ES,19010,1253,
Santa Clara County,US.CA.SL,18717,260,
Oakland County,US.MI.OD,18672,1172,
Middlesex County,US.NJ.MI,18603,1419,
Passaic County,US.NJ.PA,18520,1248,
San Joaquin County,US.CA.SJ,18099,368,
Polk County,US.FL.PO,17863,469,
Cobb County,US.GA.CB,17792,404,
Jefferson County,US.AL.JE,17389,312,
Union County,US.NJ.UN,17218,1354,
Providence County,US.RI.PR,17107,845,
DeKalb County,US.GA.DA,17100,315,
Jefferson Parish,US.LA.JF,16802,556,
Cuyahoga County,US.OH.CU,16317,603,
Baltimore County,US.MD.BC,16302,608,
Jackson County (including other portions of Kansas City),US.MO.JC,15846,168,
Wake County,US.NC.WK,15819,210,
Richmond County,US.NY.RI,15451,1085,
Stanislaus County,US.CA.ST,15441,290,
DuPage County,US.IL.DU,15385,540,
Lake County,US.IL.LK,15250,473,
Nueces County,US.TX.NU,15241,300,
Fort Bend County,US.TX.FR,15144,248,
Baltimore City,US.MD.BA,14962,470,
Contra Costa County,US.CA.CN,14712,187,
Tulare County,US.CA.TL,14677,243,
Charleston County,US.SC.CS,14485,247,
Rockland County,US.NY.RO,14418,508,
Washington,US.DC.DI,14315,611,
Worcester County,US.MA.WO,14282,1061,
Oklahoma County,US.OK.OL,14272,168,
Tulsa County,US.OK.TU,14271,139,
East Baton Rouge Parish,US.LA.EB,14253,424,
Polk County,US.IA.PK,14074,243,
Douglas County,US.NE.DG,13939,161,
New Haven County,US.CT.NH,13793,1109,
Hartford County,US.CT.HA,13635,1426,
Macomb County,US.MI.MB,13302,983,
Jefferson County,US.KY.JF,12960,274,
Greenville County,US.SC.GV,12650,270,
Mobile County,US.AL.MB,12576,271,
Will County,US.IL.WL,12337,361,
Yuma County,US.AZ.YU,12333,331,
Richland County,US.SC.RI,12318,204,
Webb County,US.TX.WB,12094,204,
Collier County,US.FL.CL,12024,184,
Utah County,US.UT.UT,11957,51,
Orleans Parish,US.LA.OR,11932,581,
Hamilton County,US.OH.HM,11753,288,
Kane County,US.IL.KE,11735,316,
Ada County,US.ID.AA,11622,130,
Denver County,US.CO.DN,11557,429,
Escambia County,US.FL.ES,11544,193,
Osceola County,US.FL.OS,11542,133,
Collin County,US.TX.CI,11534,118,
Orange County,US.NY.OE,11525,410,
Ocean County,US.NJ.OC,11495,1030,
Montgomery County,US.PA.MG,11392,863,
Prince William County,US.VA.PW,11253,188,
Norfolk County,US.MA.NO,11084,1022,
Yakima County,US.WA.YA,11071,243,
Imperial County,US.CA.IM,11041,296,
Monmouth County,US.NJ.MN,10951,859,
Ventura County,US.CA.VE,10943,118,
Allegheny County,US.PA.AL,10810,327,
Galveston County,US.TX.GV,10808,144,
Manatee County,US.FL.MN,10673,266,
Delaware County,US.PA.DE,10659,728,
Denton County,US.TX.DN,10588,136,
Erie County,US.NY.ER,10320,609,
Pinal County,US.AZ.PN,9981,190,
San Francisco County,US.CA.SF,9979,86,
Bristol County,US.MA.BR,9892,667,
Brazoria County,US.TX.BI,9882,146,
Volusia County,US.FL.VO,9816,197,
Ramsey County,US.MN.RA,9699,302,
Plymouth County,US.MA.PL,9688,746,
Lake County,US.IN.LK,9604,316,
Horry County,US.SC.HO,9602,189,
Camden County,US.NJ.CM,9336,594,
Montgomery County,US.TX.MG,9164,133,
Johnson County,US.KS.JO,9047,121,
Honolulu County,US.HI.HO,9000,74,
Lubbock County,US.TX.LU,8912,103,
Marion County,US.FL.MI,8880,221,
Anne Arundel County,US.MD.AN,8820,239,
Kent County,US.MI.KN,8731,172,
New Castle County,US.DE.NE,8656,303,
San Mateo County,US.CA.SM,8617,135,
Hamilton County,US.TN.HL,8563,78,
Lafayette Parish,US.LA.LY,8449,115,
Mercer County,US.NJ.ME,8422,632,
Seminole County,US.FL.SE,8382,182,
Santa Barbara County,US.CA.SB,8361,97,
Pasco County,US.FL.PS,8338,183,
Monterey County,US.CA.MT,8326,58,
Arapahoe County,US.CO.AA,8311,369,
Merced County,US.CA.MD,8277,120,
Montgomery County,US.AL.MT,8236,166,
Rutherford County,US.TN.RU,8188,80,
Hall County,US.GA.HL,8149,133,
Bucks County,US.PA.BC,8084,590,
Hampden County,US.MA.HD,8026,759,
Williamson County,US.TX.WM,8024,131,
Leon County,US.FL.LO,7825,40,
Adams County,US.CO.AD,7823,209,
Sedgwick County,US.KS.SG,7714,56,
Caddo Parish,US.LA.CO,7679,332,
Washoe County,US.NV.WA,7675,146,
Washington County,US.AR.WA,7666,80,
Brevard County,US.FL.BE,7656,235,
Morris County,US.NJ.MR,7581,829,
Pulaski County,US.AR.PU,7543,113,
Calcasieu Parish,US.LA.CC,7476,194,
Canyon County,US.ID.CN,7471,85,
Sarasota County,US.FL.SR,7434,216,
Chatham County,US.GA.CM,7418,131,
St. Lucie County,US.FL.SL,7341,246,
Guilford County,US.NC.GU,7322,171,
Knox County,US.TN.KN,7304,65,
Durham County,US.NC.DH,7129,85,
Pierce County,US.WA.PI,7104,177,
Lancaster County,US.PA.LN,7069,441,
Kings County,US.CA.KI,7027,76,
Madison County,US.AL.MD,6867,64,
Lake County,US.FL.LK,6824,129,
Jefferson County,US.TX.JE,6772,112,
McLennan County,US.TX.ML,6726,88,
Lucas County,US.OH.LU,6714,348,
Hinds County,US.MS.HI,6686,143,
Clayton County,US.GA.CN,6671,145,
Montgomery County,US.OH.MT,6644,134,
Burlington County,US.NJ.BU,6581,483,
Dakota County,US.MN.DA,6503,115,
Forsyth County,US.NC.FO,6432,82,
Sussex County,US.DE.SU,6420,196,
Snohomish County,US.WA.SN,6378,207,
St. Tammany Parish,US.LA.ST,6373,245,
Sonoma County,US.CA.SO,6360,93,
Wyandotte County,US.KS.WY,6359,118,
Berks County,US.PA.BK,6312,385,
Multnomah County,US.OR.MU,6302,123,
Marin County,US.CA.MN,6296,96,
Tuscaloosa County,US.AL.TU,6285,104,
City of St. Louis,US.MO.SY,6279,195,
Richmond County,US.GA.RI,6248,138,
El Paso County,US.CO.EL,6241,156,
St. Charles County,US.MO.SA,6229,105,
Virginia Beach City,US.VA.VI,6226,71,
Loudoun County,US.VA.LD,6223,118,
Dane County,US.WI.DA,6208,40,
Lexington County,US.SC.LX,6121,147,
Bernalillo County,US.NM.BE,5958,161,
Chester County,US.PA.CH,5939,355,
Elkhart County,US.IN.EL,5916,103,
Brown County,US.WI.BW,5885,58,
Waukesha County,US.WI.WK,5843,78,
St. Clair County,US.IL.SI,5710,175,
Solano County,US.CA.SN,5671,48,
Ouachita Parish,US.LA.OU,5669,133,
Navajo County,US.AZ.NA,5659,223,
Benton County,US.AR.BE,5645,59,
Alachua County,US.FL.AL,5633,33,
Muscogee County,US.GA.MG,5623,151,
Minnehaha County,US.SD.MN,5601,71,
Spartanburg County,US.SC.SP,5593,172,
Monroe County,US.NY.MR,5585,258,
Spokane County,US.WA.SP,5571,138,
Bibb County,US.GA.BI,5532,139,
Bay County,US.FL.BY,5522,86,
Somerset County,US.NJ.SO,5478,566,
St. Joseph County,US.IN.SN,5472,101,
Hays County,US.TX.HY,5471,58,
Allen County,US.IN.AL,5360,192,
Lehigh County,US.PA.LH,5308,345,
Brazos County,US.TX.BZ,5271,58,
Chesterfield County,US.VA.CD,5264,83,
Cherokee County,US.GA.CE,5211,82,
Lee County,US.AL.LE,5146,58,
Anoka County,US.MN.AN,5076,125,
Beaufort County,US.SC.BA,4988,72,
Bell County,US.TX.BL,4987,69,
Jefferson County,US.CO.JE,4971,242,
Berkeley County,US.SC.BK,4959,84,
Santa Rosa County,US.FL.SA,4950,59,
Shelby County,US.AL.SH,4949,48,
Dutchess County,US.NY.DU,4939,153,
DeSoto County,US.MS.DE,4931,50,
Henrico County,US.VA.HC,4806,194,
Butler County,US.OH.BU,4799,80,
Baldwin County,US.AL.BD,4730,46,
Summit County,US.OH.SU,4694,236,
St. Johns County,US.FL.SJ,4675,60,
Howard County,US.MD.HO,4605,118,
Fayette County,US.KY.FA,4592,58,
Henry County,US.GA.HY,4592,88,
Williamson County,US.TN.WL,4572,31,
Johnson County,US.IA.JH,4558,26,
Martin County,US.FL.MT,4551,120,
Winnebago County,US.IL.WN,4539,147,
Madison County,US.IL.MD,4536,108,
Norfolk City,US.VA.NF,4533,60,
York County,US.SC.YO,4522,55,
Cleveland County,US.OK.CV,4511,66,
Florence County,US.SC.FL,4503,166,
Cumberland County,US.NC.CU,4478,69,
Lancaster County,US.NE.LA,4417,21,
Okaloosa County,US.FL.OA,4410,88,
Woodbury County,US.IA.WO,4334,56,
Gaston County,US.NC.GS,4325,66,
Clay County,US.FL.CY,4306,79,
Sumner County,US.TN.SN,4282,87,
Hamilton County,US.IN.HM,4254,116,
McKinley County,US.NM.MC,4244,249,
Benton County,US.WA.BE,4221,125,
Weld County,US.CO.WE,4198,148,
Tangipahoa Parish,US.LA.TA,4181,107,
Potter County,US.TX.PT,4181,49,
Union County,US.NC.UN,4180,52,
Northampton County,US.PA.NA,4173,301,
Racine County,US.WI.RA,4158,91,
Davis County,US.UT.DA,4158,26,
Richmond City,US.VA.RC,4153,49,
Whitfield County,US.GA.WF,4150,55,
Hillsborough County,US.NH.HI,4121,287,
McHenry County,US.IL.MY,4109,116,
Marion County,US.OR.MR,4061,81,
Pitt County,US.NC.PI,4044,19,
Genesee County,US.MI.GE,4041,305,
Franklin County,US.WA.FR,4035,58,
Black Hawk County,US.IA.BL,4023,78,
Johnston County,US.NC.JH,4016,52,
Greene County,US.MO.GE,3999,19,
Onondaga County,US.NY.OG,3993,179,
Washington County,US.OR.WI,3974,48,
Madera County,US.CA.ME,3953,58,
Chesapeake City,US.VA.CS,3946,50,
Rapides Parish,US.LA.RA,3914,135,
Luzerne County,US.PA.LU,3894,189,
Ellis County,US.TX.EI,3888,60,
Cass County,US.ND.CS,3881,76,
Walker County,US.TX.WK,3845,50,
Robeson County,US.NC.RB,3839,63,
Victoria County,US.TX.VI,3836,84,
Gloucester County,US.NJ.GL,3830,223,
Atlantic County,US.NJ.AT,3820,252,
York County,US.PA.YO,3807,132,
Clarke County,US.GA.CK,3788,34,
Mohave County,US.AZ.MO,3762,214,
Dorchester County,US.SC.DO,3728,84,
Marshall County,US.AL.MS,3673,42,
Warren County,US.KY.WR,3648,29,
Arlington County,US.VA.AR,3640,143,
Cumberland County,US.NJ.CU,3630,156,
Frederick County,US.MD.FR,3622,127,
Lowndes County,US.GA.LW,3596,72,
Boone County,US.MO.BO,3524,6,
Harrison County,US.MS.HR,3514,63,
Alexandria City,US.VA.AX,3511,62,
Weber County,US.UT.WB,3489,29,
Livingston Parish,US.LA.LV,3475,68,
Champaign County,US.IL.CM,3468,20,
Dauphin County,US.PA.DA,3466,166,
Ascension Parish,US.LA.AE,3465,92,
Stearns County,US.MN.SR,3455,22,
Columbia County,US.FL.CU,3439,39,
Terrebonne Parish,US.LA.TR,3433,102,
Cabarrus County,US.NC.CR,3430,55,
Alamance County,US.NC.AA,3417,46,
New Hanover County,US.NC.NE,3413,24,
Smith County,US.TX.SM,3407,78,
Coconino County,US.AZ.CO,3394,128,
Anderson County,US.SC.AN,3389,132,
Apache County,US.AZ.AP,3372,154,
Midland County,US.TX.ID,3362,55,
Forsyth County,US.GA.FO,3358,36,
Lafourche Parish,US.LA.LO,3350,114,
Maverick County,US.TX.MV,3335,92,
Columbia County,US.GA.CI,3303,47,
Municipality of Anchorage,US.AK.AN,3297,25,
Washington County,US.MN.WH,3264,55,
Douglas County,US.GA.DL,3260,67,
Linn County,US.IA.LI,3233,96,
San Juan County,US.NM.SJ,3218,194,
Glynn County,US.GA.GY,3197,83,
Placer County,US.CA.PA,3182,36,
Jackson County,US.MS.JC,3172,60,
Starr County,US.TX.SR,3172,141,
St. Landry Parish,US.LA.SL,3156,116,
Jefferson County,US.MO.JE,3109,46,
Etowah County,US.AL.ET,3076,43,
San Luis Obispo County,US.CA.SS,3074,22,
Madison County,US.MS.MD,3059,83,
Kenosha County,US.WI.KN,3056,65,
Wilson County,US.TN.WO,3043,31,
Washtenaw County,US.MI.WS,3042,114,
Sebastian County,US.AR.SB,3030,36,
Dougherty County,US.GA.DH,3029,180,
Marion County,US.OH.MR,3024,46,
Rankin County,US.MS.RA,3010,69,
Morgan County,US.AL.MG,3002,24,
Sarpy County,US.NE.SY,2958,15,
Dona Ana County,US.NM.DO,2955,48,
Rowan County,US.NC.RW,2945,77,
Wayne County,US.NC.WY,2926,57,
Sumter County,US.SC.SU,2914,70,
Story County,US.IA.ST,2911,16,
Indian River County,US.FL.IN,2911,104,
Orangeburg County,US.SC.OR,2908,109,
Mahoning County,US.OH.MH,2901,272,
Washington County,US.UT.WN,2896,23,
Ector County,US.TX.EC,2895,70,
Calhoun County,US.AL.CN,2877,39,
Acadia Parish,US.LA.AD,2853,94,
Kaufman County,US.TX.KU,2845,42,
Albany County,US.NY.AB,2833,122,
Bossier Parish,US.LA.BO,2826,97,
Charlotte County,US.FL.CH,2811,117,
Umatilla County,US.OR.UM,2785,38,
Hernando County,US.FL.HA,2781,99,
Vanderburgh County,US.IN.VA,2780,23,
Santa Cruz County,US.AZ.SA,2775,59,
Houston County,US.GA.HO,2770,71,
Iberia Parish,US.LA.II,2762,87,
Catawba County,US.NC.CB,2729,47,
Kent County,US.DE.KE,2720,110,
Jasper County,US.MO.JS,2685,37,
Harford County,US.MD.HA,2665,72,
Saginaw County,US.MI.SG,2664,133,
Troup County,US.GA.TP,2655,90,
Peoria County,US.IL.PI,2647,41,
Buncombe County,US.NC.BO,2643,72,
McLean County,US.IL.ML,2640,17,
Montgomery County,US.TN.MT,2628,31,
Bradley County,US.TN.BR,2587,16,
Johnson County,US.TX.JH,2587,46,
Ottawa County,US.MI.OT,2564,64,
Yolo County,US.CA.YO,2564,53,
Bartow County,US.GA.BT,2560,74,
Anderson County,US.TX.AE,2556,18,
Gadsden County,US.FL.GA,2537,33,
Warren County,US.OH.WR,2528,42,
Pickaway County,US.OH.PC,2525,44,
Suwannee County,US.FL.SW,2506,63,
Floyd County,US.GA.FL,2504,35,
Randolph County,US.NC.RA,2499,45,
Putnam County,US.TN.PU,2499,31,
Iredell County,US.NC.IR,2494,24,
Hendricks County,US.IN.HD,2493,134,
Dallas County,US.IA.DL,2491,38,
Grant County,US.WA.GN,2490,17,
Jackson County,US.FL.JA,2489,69,
Newport News City,US.VA.NN,2486,28,
Charles County,US.MD.CH,2485,95,
Rock Island County,US.IL.RO,2479,63,
Boulder County,US.CO.BO,2468,79,
Stark County,US.OH.ST,2463,156,
Paulding County,US.GA.PA,2456,42,
Aiken County,US.SC.AI,2451,68,
Comal County,US.TX.OM,2440,97,
Bulloch County,US.GA.BH,2439,22,
Carroll County,US.GA.CL,2439,63,
Pickens County,US.SC.PI,2429,36,
Orange County,US.NC.OR,2429,51,
Ford County,US.KS.FO,2423,10,
Kankakee County,US.IL.KK,2415,72,
Shawnee County,US.KS.SN,2387,23,
Scott County,US.IA.SC,2383,23,
Newton County,US.GA.NE,2381,65,
Yavapai County,US.AZ.YA,2369,79,
Lee County,US.MS.LE,2346,61,
Coweta County,US.GA.CA,2339,32,
Citrus County,US.FL.CI,2334,64,
Elmore County,US.AL.EL,2331,47,
Butte County,US.CA.BU,2327,23,
Sevier County,US.TN.SV,2326,13,
Burleigh County,US.ND.BL,2326,20,
Randall County,US.TX.RA,2323,31,
Davidson County,US.NC.DD,2312,32,
Yellowstone County,US.MT.YS,2305,48,
Oneida County,US.NY.OD,2305,120,
Jefferson County,US.AR.JE,2304,53,
Outagamie County,US.WI.OU,2301,21,
Clark County,US.WA.CR,2297,57,
Portsmouth City,US.VA.PR,2286,43,
Houston County,US.AL.HO,2273,20,
Kootenai County,US.ID.KO,2271,30,
Jones County,US.MS.JO,2234,75,
Forrest County,US.MS.FO,2233,68,
DeKalb County,US.AL.DA,2227,18,
Cumberland County,US.ME.CU,2223,70,
Cache County,US.UT.CA,2217,6,
Lackawanna County,US.PA.LC,2205,214,
Ulster County,US.NY.UL,2203,82,
Scott County,US.MN.SC,2198,32,
Dubuque County,US.IA.DU,2192,36,
Lorain County,US.OH.LR,2173,84,
Blount County,US.TN.BO,2147,17,
Johnson County,US.IN.JO,2132,131,
Douglas County,US.CO.DU,2124,60,
Craighead County,US.AR.CG,2124,15,
Olmsted County,US.MN.OL,2121,25,
Duplin County,US.NC.DP,2098,52,
Kalamazoo County,US.MI.KA,2091,89,
Madison County,US.TN.MD,2089,48,
Tom Green County,US.TX.TG,2088,58,
Larimer County,US.CO.LR,2085,44,
Clackamas County,US.OR.CC,2079,57,
Washington County,US.MS.WS,2078,67,
Walker County,US.AL.WK,2061,77,
Dakota County,US.NE.DK,2056,43,
Sumter County,US.FL.SM,2048,55,
Ingham County,US.MI.IH,2037,40,
Angelina County,US.TX.AG,2013,72,
St. Martin Parish,US.LA.SR,2005,58,
Hendry County,US.FL.HR,2000,39,
Sangamon County,US.IL.SM,1993,39,
Robertson County,US.TN.RB,1991,30,
Greenwood County,US.SC.GW,1989,57,
St. Clair County,US.AL.SA,1981,32,
Bonneville County,US.ID.BV,1967,11,
Gregg County,US.TX.GE,1960,51,
Val Verde County,US.TX.VL,1957,80,
Santa Cruz County,US.CA.SZ,1931,7,
Burke County,US.NC.BK,1926,31,
Highlands County,US.FL.HG,1921,69,
Vermilion Parish,US.LA.VM,1908,50,
Finney County,US.KS.FI,1907,12,
Guadalupe County,US.TX.GU,1903,74,
Clark County,US.IN.CK,1902,60,
Cass County,US.IN.CS,1901,10,
Westmoreland County,US.PA.WE,1897,49,
Liberty County,US.TX.LT,1893,46,
Spotsylvania County,US.VA.SP,1892,39,
Maury County,US.TN.MU,1892,18,
Nobles County,US.MN.NB,1892,13,
Barrow County,US.GA.BW,1890,41,
Hall County,US.NE.HL,1885,46,
Pope County,US.AR.PP,1881,20,
Barnstable County,US.MA.BA,1876,169,
Sullivan County,US.TN.SL,1872,26,
Columbiana County,US.OH.CL,1870,68,
Lauderdale County,US.MS.LU,1867,113,
Coffee County,US.GA.CF,1866,38,
Putnam County,US.FL.PU,1864,38,
Washington County,US.TN.WI,1862,14,
Porter County,US.IN.PR,1861,44,
Buena Vista County,US.IA.BV,1860,12,
Talladega County,US.AL.TD,1857,24,
Wilson County,US.NC.WO,1852,40,
Rockingham County,US.NH.RO,1847,100,
Cochise County,US.AZ.CH,1841,64,
Nassau County,US.FL.NA,1839,24,
Rock County,US.WI.RO,1839,28,
Manassas City,US.VA.MS,1837,24,
Nash County,US.NC.NA,1835,27,
Walworth County,US.WI.WL,1832,32,
Fairfield County,US.OH.FI,1824,43,
Kenton County,US.KY.KE,1817,44,
Colquitt County,US.GA.CQ,1816,28,
Baldwin County,US.GA.BD,1809,53,
Delaware County,US.OH.DL,1798,20,
Faulkner County,US.AR.FA,1798,9,
Bee County,US.TX.BE,1796,24,
Grand Forks County,US.ND.GD,1795,12,
Harrisonburg City,US.VA.HS,1793,33,
St. Mary Parish,US.LA.SM,1791,72,
Georgetown County,US.SC.GR,1791,38,
Lancaster County,US.SC.LN,1788,43,
Carroll County,US.MD.CR,1788,123,
Twin Falls County,US.ID.TW,1783,35,
Leavenworth County,US.KS.LV,1781,9,
Stafford County,US.VA.SF,1779,13,
Trumbull County,US.OH.TR,1779,126,
Lafayette County,US.MS.LY,1778,38,
Lebanon County,US.PA.LB,1777,57,
Washington County,US.WI.WN,1776,29,
Harnett County,US.NC.HT,1774,46,
Chelan County,US.WA.CH,1768,12,
Orange County,US.TX.OR,1767,37,
Lincoln County,US.AR.LC,1762,13,
Limestone County,US.AL.LI,1762,19,
Monroe County,US.FL.MO,1761,19,
Tippecanoe County,US.IN.TP,1758,14,
Darlington County,US.SC.DA,1755,46,
Henderson County,US.NC.HN,1754,60,
Walton County,US.FL.WL,1748,20,
Hot Spring County,US.AR.HT,1747,23,
Monroe County,US.PA.MR,1739,129,
Kendall County,US.IL.KA,1739,25,
Crittenden County,US.AR.CD,1738,35,
Suffolk City,US.VA.SO,1733,63,
Kanawha County,US.WV.KA,1731,45,
Litchfield County,US.CT.LI,1728,139,
Pottawattamie County,US.IA.PT,1721,34,
Cullman County,US.AL.CU,1716,17,
Winnebago County,US.WI.WA,1715,21,
Marshall County,US.IA.MS,1715,32,
Kershaw County,US.SC.KE,1712,32,
Rockdale County,US.GA.RO,1711,33,
Beaver County,US.PA.BA,1710,102,
Kent County,US.RI.KE,1706,103,
Cleveland County,US.NC.CV,1704,46,
St. Charles Parish,US.LA.SC,1695,57,
Hamblen County,US.TN.HB,1691,21,
Saline County,US.AR.SL,1690,14,
Licking County,US.OH.LI,1689,58,
Parker County,US.TX.PR,1689,27,
Berrien County,US.MI.BN,1686,70,
Dallas County,US.AL.DL,1676,26,
Sampson County,US.NC.SP,1675,21,
Hale County,US.TX.HE,1675,49,
Russell County,US.AL.RU,1663,2,
Wicomico County,US.MD.WI,1661,48,
Niagara County,US.NY.NI,1654,89,
Jackson County,US.GA.JC,1654,27,
Bolivar County,US.MS.BO,1648,58,
Bastrop County,US.TX.BP,1638,27,
Pennington County,US.SD.PN,1635,33,
Canadian County,US.OK.CN,1634,13,
Trousdale County,US.TN.TR,1629,7,
Hampton city,US.VA.HM,1629,16,
Fayette County,US.GA.FY,1628,43,
Franklin County,US.AL.FR,1628,27,
Onslow County,US.NC.ON,1627,17,
Stanly County,US.NC.SN,1623,53,
New London County,US.CT.NL,1620,107,
Cumberland County,US.PA.CU,1608,73,
Granville County,US.NC.GN,1601,47,
Douglas County,US.KS.DG,1600,9,
Gordon County,US.GA.GO,1598,31,
Walton County,US.GA.WA,1597,48,
Oktibbeha County,US.MS.OK,1592,46,
Delaware County,US.IN.DL,1588,59,
Tift County,US.GA.TI,1579,51,
Grayson County,US.TX.GO,1577,30,
Franklin County,US.PA.FR,1576,47,
Tipton County,US.TN.TI,1561,15,
Laurens County,US.SC.LU,1545,54,
Sullivan County,US.NY.SL,1544,37,
Chatham County,US.NC.CH,1541,56,
Vigo County,US.IN.VI,1540,18,
St. John the Baptist Parish,US.LA.SO,1540,97,
Putnam County,US.NY.PU,1534,63,
Garland County,US.AR.GL,1533,33,
Payne County,US.OK.PY,1533,5,
Washington Parish,US.LA.WO,1532,60,
DeSoto County,US.FL.DE,1524,22,
Clark County,US.OH.CK,1524,31,
Coryell County,US.TX.CL,1518,11,
Lamar County,US.MS.LM,1515,32,
Colbert County,US.AL.CL,1513,22,
Lauderdale County,US.AL.LU,1511,26,
Clay County,US.MO.CY,1506,39,
Autauga County,US.AL.AU,1504,24,
Monroe County,US.IN.MR,1494,40,
Lee County,US.NC.LE,1491,13,
Wayne County,US.TN.WY,1489,2,
Middlesex County,US.CT.MI,1484,192,
Caldwell County,US.NC.CL,1483,17,
Escambia County,US.AL.ES,1471,22,
Hunt County,US.TX.HT,1469,32,
Sutter County,US.CA.SU,1465,10,
Wood County,US.OH.WO,1465,64,
Muskogee County,US.OK.MO,1465,17,
Napa County,US.CA.NA,1465,13,
Neshoba County,US.MS.NS,1463,101,
East Feliciana Parish,US.LA.EF,1461,49,
Allen Parish,US.LA.AL,1461,44,
Thomas County,US.GA.TH,1460,58,
Flagler County,US.FL.FL,1454,15,
Cherokee County,US.TX.CK,1451,21,
Chattahoochee County,US.GA.CH,1439,2,
Mississippi County,US.AR.MS,1439,34,
Lake County,US.OH.LK,1437,45,
Rogers County,US.OK.RS,1436,42,
Blue Earth County,US.MN.BE,1435,5,
Brunswick County,US.NC.BS,1434,25,
Madison County,US.IN.MD,1426,85,
Seward County,US.KS.SW,1425,5,
Buchanan County,US.MO.BC,1421,12,
Laurens County,US.GA.LR,1416,52,
Sussex County,US.NJ.SU,1416,197,
Rockwall County,US.TX.RC,1411,22,
Warren County,US.NJ.WA,1408,171,
LaSalle County,US.IL.LA,1406,53,
Habersham County,US.GA.HB,1404,65,
Monongalia County,US.WV.MG,1401,5,
Moore County,US.NC.ME,1400,22,
Monroe County,US.MI.MO,1395,28,
Clermont County,US.OH.CE,1393,15,
Nacogdoches County,US.TX.NC,1393,53,
Erie County,US.PA.ER,1393,36,
Wichita County,US.TX.WC,1392,16,
Washington County,US.MD.WA,1392,35,
Titus County,US.TX.TU,1387,25,
Blount County,US.AL.BU,1384,12,
Muskegon County,US.MI.MG,1379,68,
Ware County,US.GA.WE,1378,47,
Jackson County,US.AL.JA,1375,9,
St. Francis County,US.AR.SI,1373,4,
Wright County,US.MN.WR,1371,6,
Taylor County,US.TX.TA,1370,37,
Iberville Parish,US.LA.IV,1366,56,
Broome County,US.NY.BO,1365,84,
Boone County,US.KY.BO,1361,25,
Caldwell County,US.TX.CW,1358,34,
San Patricio County,US.TX.SP,1351,61,
Warren County,US.MS.WR,1341,46,
La Crosse County,US.WI.LA,1337,2,
Panola County,US.MS.PA,1333,25,
Avoyelles Parish,US.LA.AV,1331,47,
Jim Wells County,US.TX.JW,1328,28,
St. Francois County,US.MO.SF,1322,5,
Lowndes County,US.MS.LO,1321,56,
Schenectady County,US.NY.SN,1314,45,
Sunflower County,US.MS.SU,1311,40,
Roanoke city,US.VA.RO,1305,15,
Medina County,US.OH.MD,1304,38,
Chilton County,US.AL.CI,1300,16,
Malheur County,US.OR.ML,1295,20,
Comanche County,US.OK.CM,1295,11,
St. Bernard Parish,US.LA.SE,1289,28,
Hardeman County,US.TN.HA,1288,22,
Hampshire County,US.MA.HS,1285,141,
Okeechobee County,US.FL.OE,1284,20,
Fond du Lac County,US.WI.FN,1282,12,
Polk County,US.GA.PO,1279,17,
Tazewell County,US.IL.TA,1279,11,
Leflore County,US.MS.LL,1272,76,
Baker County,US.FL.BK,1271,6,
Sandoval County,US.NM.SD,1262,37,
Dodge County,US.WI.DD,1260,6,
DeKalb County,US.IL.DK,1249,36,
LaPorte County,US.IN.LA,1249,37,
Williamsburg County,US.SC.WI,1242,39,
Texas County,US.OK.TE,1236,7,
Allen County,US.OH.AN,1234,61,
Hunterdon County,US.NJ.HN,1234,125,
Madison County,US.KY.MD,1234,4,
Wharton County,US.TX.WN,1233,43,
Rice County,US.MN.RI,1232,8,
Taylor County,US.FL.TA,1230,10,
Wagoner County,US.OK.WG,1228,23,
Lincoln County,US.NC.LI,1225,13,
Spalding County,US.GA.SD,1217,54,
Surry County,US.NC.SU,1214,19,
Gibson County,US.TN.GB,1214,17,
Mower County,US.MN.MW,1213,3,
Lafayette County,US.FL.LF,1213,10,
Hardin County,US.TX.HN,1205,22,
Oconee County,US.SC.OC,1204,20,
Lea County,US.NM.LE,1204,16,
Evangeline Parish,US.LA.EV,1202,28,
Carver County,US.MN.CV,1199,6,
San Benito County,US.CA.SI,1197,9,
Eagle County,US.CO.EA,1193,9,
Livingston County,US.MI.LI,1190,29,
Yell County,US.AR.YE,1189,25,
Covington County,US.AL.CV,1187,27,
Columbus County,US.NC.CM,1186,52,
Effingham County,US.GA.EF,1177,19,
Hardee County,US.FL.HD,1175,9,
Riley County,US.KS.RL,1174,6,
Sevier County,US.AR.SV,1173,16,
Jefferson Davis Parish,US.LA.JD,1171,36,
Pike County,US.MS.PI,1171,46,
Sheboygan County,US.WI.SE,1170,9,
Franklin County,US.MO.FR,1170,22,
Willacy County,US.TX.WY,1167,44,
Bedford County,US.TN.BD,1166,14,
Chambers County,US.TX.CH,1166,5,
Garfield County,US.OK.GF,1165,14,
Dale County,US.AL.DE,1164,42,
Douglas County,US.WA.DO,1164,8,
Howard County,US.IN.HO,1163,65,
St. Mary's County,US.MD.SA,1162,56,
Tolland County,US.CT.TO,1161,65,
Floyd County,US.IN.FL,1156,60,
Toombs County,US.GA.TM,1153,29,
Accomack County,US.VA.AC,1153,19,
Cass County,US.MO.CS,1151,16,
Rockingham County,US.VA.RG,1145,20,
Coffee County,US.AL.CF,1145,7,
Whatcom County,US.WA.WA,1145,39,
Walker County,US.GA.WK,1144,25,
Miami County,US.OH.MM,1143,44,
Washington County,US.PA.WS,1142,28,
Navarro County,US.TX.NV,1136,21,
Culpeper County,US.VA.CP,1136,14,
Medina County,US.TX.ME,1134,38,
Wapello County,US.IA.WP,1133,54,
Gila County,US.AZ.GI,1132,50,
Newton County,US.MO.NT,1132,13,
Copiah County,US.MS.CP,1131,31,
Moore County,US.TX.MO,1126,18,
Scott County,US.MS.SC,1125,22,
Pontotoc County,US.MS.PO,1125,13,
Coles County,US.IL.CE,1125,24,
Bowie County,US.TX.BW,1121,44,
Franklin Parish,US.LA.FR,1118,34,
Greene County,US.OH.GR,1117,20,
Franklin County,US.NC.FR,1116,30,
Macon County,US.IL.MC,1114,28,
Gallatin County,US.MT.GL,1113,3,
Kosciusko County,US.IN.KO,1112,19,
Bartholomew County,US.IN.BA,1107,58,
Monroe County,US.MS.MR,1100,61,
McCurtain County,US.OK.MU,1099,31,
Shelby County,US.IN.SH,1098,36,
Camden County,US.GA.CD,1095,7,
Albemarle County,US.VA.AB,1093,19,
Lynchburg city,US.VA.LY,1092,5,
Calhoun County,US.MI.CU,1089,44,
Tallapoosa County,US.AL.TP,1088,83,
Webster Parish,US.LA.WR,1081,20,
Wilkes County,US.NC.WE,1081,26,
Webster County,US.IA.WE,1080,11,
Cape Girardeau County,US.MO.CG,1080,8,
Edgecombe County,US.NC.ED,1073,22,
Craven County,US.NC.CN,1070,26,
Jackson County,US.IL.JC,1067,22,
Holmes County,US.MS.HO,1064,55,
Daviess County,US.KY.DA,1064,11,
Chambers County,US.AL.CM,1063,41,
Chesterfield County,US.SC.CF,1061,29,
Dyer County,US.TN.DY,1060,10,
Grant County,US.IN.GA,1058,34,
Williamson County,US.IL.WS,1058,18,
Kitsap County,US.WA.KS,1052,11,
Skagit County,US.WA.SG,1050,22,
Pike County,US.AL.PK,1049,9,
Coahoma County,US.MS.CH,1044,22,
St. Louis County,US.MN.ST,1032,24,
Washington County,US.FL.WS,1031,17,
Newberry County,US.SC.NE,1029,16,
Dawson County,US.NE.DN,1026,11,
Clarke County,US.AL.CK,1023,14,
Decatur County,US.GA.DC,1021,22,
Rutherford County,US.NC.RU,1018,20,
Cole County,US.MO.CE,1016,7,
Dickson County,US.TN.DI,1015,9,
Schuylkill County,US.PA.SC,1015,51,
Wayne County,US.GA.WY,1014,26,
Lee County,US.AR.LE,1013,11,
Clay County,US.MN.CA,1011,40,
Clarendon County,US.SC.CN,1011,63,
El Dorado County,US.CA.EL,1008,2,
Lincoln County,US.MS.LI,1007,52,
Marshall County,US.MS.MS,1005,14,
Fayette County,US.TN.FA,1005,11,
Okanogan County,US.WA.OK,1004,7,
Grimes County,US.TX.GM,1000,31,
Ozaukee County,US.WI.OZ,1000,18,
McDonald County,US.MO.MA,998,10,
Lincoln County,US.SD.LI,998,2,
Muscatine County,US.IA.MU,998,52,
Jefferson County,US.WI.JE,996,7,
Carter County,US.TN.CT,995,24,
Salem County,US.NJ.SA,994,89,
Yuba County,US.CA.YU,994,6,
Hardin County,US.KY.HN,993,10,
Crawford County,US.AR.CW,993,9,
Cumberland County,US.TN.CU,992,9,
Sioux County,US.IA.SI,992,3,
Rockingham County,US.NC.RC,991,8,
Wayne County,US.IN.WY,990,10,
Pointe Coupee Parish,US.LA.PO,987,38,
Yazoo County,US.MS.YZ,986,21,
Montgomery County,US.VA.MO,984,4,
Grenada County,US.MS.GN,980,32,
Eau Claire County,US.WI.EA,977,6,
Natchitoches Parish,US.LA.NA,976,25,
Loudon County,US.TN.LO,976,4,
Vernon Parish,US.LA.VN,976,41,
Henderson County,US.TN.HS,975,11,
Sherburne County,US.MN.SH,975,13,
Weakley County,US.TN.WE,971,14,
Lincoln Parish,US.LA.LN,971,42,
Chicot County,US.AR.CT,969,11,
Taney County,US.MO.TA,964,22,
Simpson County,US.MS.SI,962,40,
Thurston County,US.WA.TH,961,16,
Wakulla County,US.FL.WK,961,8,
Liberty County,US.GA.LB,959,19,
Pottawatomie County,US.OK.PT,959,9,
Beauregard Parish,US.LA.BE,955,32,
Macon County,US.TN.MC,952,16,
Vance County,US.NC.VA,952,42,
Anderson County,US.TN.AN,952,8,
Matagorda County,US.TX.MD,951,39,
St. Clair County,US.MI.SA,946,53,
Levy County,US.FL.LV,945,8,
Shelby County,US.KY.SH,944,23,
Montgomery County,US.NC.MO,943,18,
Dodge County,US.NE.DE,942,11,
Portage County,US.OH.PO,940,65,
Chester County,US.SC.CR,940,19,
Catoosa County,US.GA.CS,940,16,
Cape May County,US.NJ.CP,939,94,
Greene County,US.TN.GE,937,19,
Clinton County,US.IA.CN,935,13,
Obion County,US.TN.OB,934,8,
Appling County,US.GA.AP,931,24,
Marshall County,US.IN.MS,931,23,
Pueblo County,US.CO.PU,929,34,
Madison County,US.FL.MD,926,17,
Colleton County,US.SC.CT,925,39,
Lamar County,US.TX.LR,924,29,
Jefferson County,US.TN.JE,918,7,
Hoke County,US.NC.HO,915,13,
Boone County,US.IL.BO,915,23,
Bryan County,US.GA.BY,914,9,
Henry County,US.VA.HY,914,16,
Lyon County,US.KS.LY,913,19,
Warren County,US.TN.WR,913,7,
Boone County,US.IN.BO,912,49,
Union County,US.MS.UN,912,23,
Kleberg County,US.TX.KL,911,31,
York County,US.ME.YO,911,15,
Leake County,US.MS.LK,909,31,
Mercer County,US.OH.MC,905,17,
Jackson County,US.OR.JA,904,3,
Cherokee County,US.SC.CK,903,33,
Halifax County,US.NC.HL,902,13,
Platte County,US.NE.PL,901,3,
Stephens County,US.GA.SE,898,28,
Stark County,US.ND.SR,895,6,
Saratoga County,US.NY.SR,893,15,
Butler County,US.AL.BT,892,38,
Christian County,US.KY.CH,891,13,
Creek County,US.OK.CE,890,22,
Worcester County,US.MD.WO,887,26,
Sumter County,US.GA.SU,886,60,
Cerro Gordo County,US.IA.CG,886,20,
Washington County,US.OK.WN,886,40,
Tate County,US.MS.TT,883,35,
Summit County,US.UT.SU,882,1,
Oldham County,US.KY.OL,881,24,
Butler County,US.PA.BT,879,19,
Jackson County,US.MI.JA,878,41,
Tuscarawas County,US.OH.TU,877,18,
Hanover County,US.VA.HV,876,35,
Dubois County,US.IN.DU,876,17,
Monroe County,US.TN.MR,875,15,
McMinn County,US.TN.MM,875,24,
Bay County,US.MI.BY,874,43,
DeWitt County,US.TX.DE,870,25,
Garfield County,US.CO.GA,869,4,
Warrick County,US.IN.WI,866,33,
Crawford County,US.IA.CW,866,3,
Santa Fe County,US.NM.ST,866,4,
Kandiyohi County,US.MN.KD,865,1,
Reno County,US.KS.RN,864,1,
Elko County,US.NV.EL,863,5,
Wayne County,US.MS.WY,862,21,
Hancock County,US.IN.HC,861,45,
Rensselaer County,US.NY.RE,860,42,
Pettis County,US.MO.PS,858,8,
Union Parish,US.LA.UN,858,39,
Clinton County,US.IL.CN,857,17,
Lenoir County,US.NC.LN,857,19,
Pittsylvania County,US.VA.PS,856,6,
Bradford County,US.FL.BA,854,5,
Cecil County,US.MD.CE,853,31,
Warren County,US.IA.WR,852,5,
West Baton Rouge Parish,US.LA.WB,851,40,
Henderson County,US.TX.HD,850,19,
Lake County,US.TN.LK,846,2,
Gulf County,US.FL.GU,846,13,
Plymouth County,US.IA.PM,846,18,
Marion County,US.AL.MI,842,28,
Noble County,US.IN.NO,842,32,
Whitman County,US.WA.WI,840,0,
Madison Parish,US.LA.MA,840,7,
Emanuel County,US.GA.EM,835,23,
Coffee County,US.TN.CF,834,7,
Lauderdale County,US.TN.LU,833,12,
McDowell County,US.NC.MW,832,24,
Berkeley County,US.WV.BE,831,11,
Dillon County,US.SC.DI,830,28,
Christian County,US.MO.CT,829,2,
Brown County,US.SD.BW,829,3,
Adams County,US.MS.AD,828,32,
De Soto Parish,US.LA.DE,828,34,
Wayne County,US.OH.WE,827,64,
Marathon County,US.WI.MH,827,14,
Calvert County,US.MD.CL,826,28,
Erie County,US.OH.ER,822,37,
Adams County,US.IL.AD,819,9,
Gonzales County,US.TX.GA,819,14,
Independence County,US.AR.IN,816,12,
Harrison County,US.TX.HR,816,29,
Deaf Smith County,US.TX.DI,816,20,
Chaves County,US.NM.CH,816,7,
Windham County,US.CT.WI,813,15,
Haywood County,US.TN.HY,810,12,
Pender County,US.NC.PD,809,4,
Fauquier County,US.VA.FQ,809,18,
Hardin County,US.TN.HI,807,12,
Marlboro County,US.SC.ML,805,5,
Marion County,US.MS.MI,802,27,
Chittenden County,US.VT.CH,802,39,
Bledsoe County,US.TN.BE,802,4,
Hood County,US.TX.HO,802,24,
Randolph County,US.IL.RA,801,7,
Crawford County,US.KS.CR,800,4,
Lawrence County,US.TN.LW,799,11,
Walla Walla County,US.WA.WL,797,5,
Lane County,US.OR.LE,795,8,
Columbia County,US.PA.CO,791,35,
Pearl River County,US.MS.PL,791,49,
Charlottesville City,US.VA.CE,789,23,
Frederick County,US.VA.FK,787,11,
Ross County,US.OH.RO,787,14,
Lumpkin County,US.GA.LP,787,12,
Johnson County,US.AR.JO,787,4,
Lonoke County,US.AR.LO,785,5,
Cherokee County,US.OK.CK,783,7,
Shenandoah County,US.VA.SN,778,50,
Polk County,US.TX.PK,778,19,
Barbour County,US.AL.BR,778,7,
Sabine Parish,US.LA.SB,774,13,
Mendocino County,US.CA.MI,773,17,
Waupaca County,US.WI.WP,773,19,
Gilmer County,US.GA.GI,772,9,
Dixie County,US.FL.DI,770,4,
James City County,US.VA.JA,769,18,
St. James Parish,US.LA.SJ,768,37,
Graham County,US.AZ.GA,766,23,
Northumberland County,US.PA.NU,766,39,
Buffalo County,US.NE.BF,764,3,
Bladen County,US.NC.BL,763,10,
Morton County,US.ND.MR,761,7,
Fairbanks North Star Borough,US.AK.FA,755,9,
Portage County,US.WI.PT,754,2,
Marion County,US.SC.MI,751,17,
Karnes County,US.TX.KS,750,13,
Le Flore County,US.OK.LE,749,10,
Harris County,US.GA.HI,747,21,
Scotland County,US.NC.SC,746,8,
Campbell County,US.KY.CM,744,15,
Tooele County,US.UT.TE,742,0,
Rusk County,US.TX.RK,740,5,
Covington County,US.MS.CV,739,17,
Richmond County,US.NC.RI,736,11,
Colfax County,US.NE.CO,732,5,
Big Horn County,US.MT.BI,732,17,
Murray County,US.GA.MA,732,4,
Union County,US.AR.UN,731,22,
Mitchell County,US.GA.MT,729,45,
Cheatham County,US.TN.CA,728,10,
Dawson County,US.GA.DW,728,7,
Madison County,US.OH.MO,727,11,
Hamilton County,US.FL.HM,727,7,
Waller County,US.TX.WR,727,9,
Payette County,US.ID.PA,726,4,
Uvalde County,US.TX.UV,725,28,
Richland County,US.OH.RI,724,18,
Greensville County,US.VA.GS,722,11,
Erath County,US.TX.ER,722,10,
Washington County,US.RI.WA,722,63,
Morgan County,US.CO.MN,721,48,
Lassen County,US.CA.LS,720,0,
Richland Parish,US.LA.RI,717,10,
Johnson County,US.MO.JO,717,4,
Jackson County,US.IN.JC,717,10,
Jasper County,US.SC.JA,715,18,
Fayette County,US.PA.FA,715,6,
Tattnall County,US.GA.TT,712,8,
Adams County,US.PA.AD,711,24,
George County,US.MS.GR,711,13,
Jefferson County,US.GA.JR,709,20,
Adams County,US.WA.AD,709,8,
Winston County,US.MS.WN,709,19,
Berkshire County,US.MA.BE,707,46,
Curry County,US.NM.CU,706,5,
Logan County,US.CO.LO,705,5,
Osage County,US.OK.OS,704,12,
Deschutes County,US.OR.DE,704,11,
Hawkins County,US.TN.HW,703,13,
St. Joseph County,US.MI.SJ,698,11,
Newton County,US.MS.NW,697,19,
Madison County,US.TX.AD,696,5,
Grady County,US.GA.GD,695,17,
Carroll County,US.TN.CR,694,10,
Roane County,US.TN.RA,693,2,
Belmont County,US.OH.BE,691,27,
Burke County,US.GA.BE,691,9,
Lenawee County,US.MI.LN,690,13,
Scott County,US.MO.ST,690,14,
Union County,US.FL.UN,690,5,
Bullitt County,US.KY.BI,690,5,
Fairfield County,US.SC.FA,689,29,
Holmes County,US.FL.HO,689,5,
Lavaca County,US.TX.LA,688,32,
Upson County,US.GA.UP,688,58,
Butler County,US.KS.BU,686,2,
Flathead County,US.MT.FL,686,9,
Rhea County,US.TN.RH,684,5,
Assumption Parish,US.LA.AS,683,22,
Alcorn County,US.MS.AL,683,7,
Danville City,US.VA.DA,682,17,
Prentiss County,US.MS.PN,682,15,
Lee County,US.SC.LE,681,32,
Beaufort County,US.NC.BA,680,10,
Van Buren County,US.MI.VA,680,17,
Sauk County,US.WI.SU,679,3,
Iron County,US.UT.RN,678,2,
St. Croix County,US.WI.SI,677,7,
Muhlenberg County,US.KY.MU,675,11,
Centre County,US.PA.CT,674,11,
Tallahatchie County,US.MS.TL,674,13,
Okmulgee County,US.OK.OM,673,5,
Cocke County,US.TN.CE,673,7,
Darke County,US.OH.DA,673,36,
San Juan County,US.UT.SJ,672,29,
Greene County,US.AR.GE,672,5,
Yamhill County,US.OR.YA,672,14,
Bannock County,US.ID.BO,671,4,
Ben Hill County,US.GA.BL,671,17,
Wise County,US.TX.WE,670,12,
Graves County,US.KY.GV,670,29,
Allegan County,US.MI.AL,669,6,
Marengo County,US.AL.ME,668,19,
Henry County,US.IN.HY,668,22,
Geauga County,US.OH.GE,663,46,
Burnet County,US.TX.BT,663,12,
Jeff Davis County,US.GA.JF,663,12,
Miller County,US.AR.ML,662,10,
Roanoke County,US.VA.RE,661,5,
Petersburg city,US.VA.PB,660,23,
Yadkin County,US.NC.YD,659,7,
Wasatch County,US.UT.WA,658,7,
Buckingham County,US.VA.BK,656,8,
Bryan County,US.OK.BR,656,3,
Effingham County,US.IL.EF,656,1,
Plaquemines Parish,US.LA.PL,656,19,
Lee County,US.GA.LE,654,25,
Tama County,US.IA.TM,653,29,
Pittsburg County,US.OK.PI,646,18,
Beadle County,US.SD.BA,646,9,
Saline County,US.NE.SL,646,2,
Frio County,US.TX.FO,644,7,
Madison County,US.NE.MA,643,5,
Marinette County,US.WI.MT,641,7,
Ellis County,US.KS.EL,641,1,
Itawamba County,US.MS.IT,641,17,
Putnam County,US.GA.PT,640,21,
Morgan County,US.IN.MG,637,38,
Chattooga County,US.GA.CG,636,6,
Franklin County,US.TN.FR,636,5,
Jasper County,US.IA.JS,634,30,
Morehouse Parish,US.LA.MO,634,17,
Pulaski County,US.KY.PU,633,7,
McNairy County,US.TN.MA,633,14,
Sequoyah County,US.OK.SQ,632,8,
Jerome County,US.ID.JR,632,6,
Washington County,US.GA.WG,630,6,
Scott County,US.KY.SC,630,6,
Lowndes County,US.AL.LO,630,27,
Des Moines County,US.IA.DS,629,5,
McClain County,US.OK.ML,627,4,
Prince George County,US.VA.PG,626,2,
White County,US.TN.WH,626,7,
Laurel County,US.KY.LU,626,5,
Lincoln County,US.MO.LO,625,1,
Androscoggin County,US.ME.AN,625,10,
Winston County,US.AL.WN,624,11,
West Feliciana Parish,US.LA.WF,624,22,
Jackson County,US.OK.JA,623,9,
Ottawa County,US.OK.OT,623,4,
Ashtabula County,US.OH.AB,622,46,
Saluda County,US.SC.SA,620,15,
LaGrange County,US.IN.LG,620,11,
Oconee County,US.GA.OC,619,20,
Manitowoc County,US.WI.MW,616,2,
Isle of Wight County,US.VA.IS,615,11,
Fannin County,US.TX.FI,615,12,
Calhoun County,US.TX.CU,614,7,
Bedford County,US.VA.BF,614,9,
Franklin County,US.GA.FR,612,11,
Monroe County,US.GA.MN,610,43,
Chickasaw County,US.MS.CS,610,22,
Fremont County,US.WY.FR,608,14,
Blaine County,US.ID.BL,606,6,
Camden County,US.MO.CM,606,9,
Pasquotank County,US.NC.PU,602,26,
Calumet County,US.WI.CA,602,2,
Radford city,US.VA.RD,600,0,
Mercer County,US.PA.ME,600,13,
Marshall County,US.TN.MS,599,4,
Caddo County,US.OK.CD,598,20,
Attala County,US.MS.AT,598,25,
Mecklenburg County,US.VA.ME,597,33,
Dearborn County,US.IN.DR,597,30,
Winona County,US.MN.WN,597,17,
Hertford County,US.NC.HD,595,18,
Marion County,US.IA.MI,595,2,
White County,US.GA.WH,592,15,
Tishomingo County,US.MS.TS,592,31,
Delaware County,US.OK.DL,590,22,
Saline County,US.MO.SI,589,9,
Whiteside County,US.IL.WD,589,19,
Cabell County,US.WV.CB,589,8,
Cassia County,US.ID.CS,588,4,
Jones County,US.TX.JN,588,0,
Calhoun County,US.FL.CA,587,10,
Laramie County,US.WY.LA,587,4,
Charlton County,US.GA.CT,587,6,
Queen Anne's County,US.MD.QU,587,26,
Peach County,US.GA.PH,586,18,
Ward County,US.ND.WR,586,2,
Bibb County,US.AL.BI,583,9,
Manassas Park city,US.VA.MP,582,7,
Shasta County,US.CA.SH,581,12,
Eddy County,US.NM.ED,580,5,
Smith County,US.TN.SH,580,8,
Pickens County,US.AL.PC,579,12,
Butts County,US.GA.BU,579,41,
Washington County,US.TX.WH,579,45,
Winn Parish,US.LA.WI,578,17,
Walthall County,US.MS.WT,577,24,
Hale County,US.AL.HA,576,28,
Lyon County,US.MN.LY,576,3,
Atascosa County,US.TX.AT,576,29,
Columbia County,US.NY.CU,576,47,
Clinton County,US.IN.CI,576,15,
Morgan County,US.IL.MG,576,21,
Hancock County,US.OH.HN,572,7,
White County,US.AR.WH,571,12,
Caroline County,US.MD.CO,570,3,
Minidoka County,US.ID.MI,570,4,
Franklin County,US.FL.FR,569,3,
Tippah County,US.MS.TP,568,16,
Bullock County,US.AL.BL,568,14,
Grady County,US.OK.GD,568,7,
Madison County,US.GA.MD,567,8,
Isabella County,US.MI.IB,566,10,
Dunklin County,US.MO.DU,566,6,
Hampton County,US.SC.HA,565,25,
Scurry County,US.TX.SU,563,2,
McCracken County,US.KY.MK,562,6,
Lapeer County,US.MI.LP,561,36,
Bamberg County,US.SC.BM,561,31,
Lycoming County,US.PA.LY,560,23,
Marion County,US.MO.MO,558,7,
Clinton County,US.MI.CN,558,13,
Cowlitz County,US.WA.CW,557,6,
Barnwell County,US.SC.BN,556,14,
Carteret County,US.NC.CE,554,5,
Monroe County,US.AL.MR,553,7,
Macon County,US.NC.MN,551,2,
Broomfield County and City,US.CO.BR,550,33,
Eaton County,US.MI.EA,548,9,
Grundy County,US.IL.GU,548,5,
Pike County,US.PA.PI,547,21,
Daviess County,US.IN.DI,546,26,
Randolph County,US.AL.RA,545,12,
Wilson County,US.TX.WS,545,26,
Pickens County,US.GA.PE,542,8,
Pierce County,US.GA.PR,539,14,
Williams County,US.ND.WI,538,4,
Bacon County,US.GA.BC,537,10,
Jackson Parish,US.LA.JA,535,21,
Hopkins County,US.KY.HO,535,36,
Overton County,US.TN.OV,534,2,
Sandusky County,US.OH.SA,533,19,
Platte County,US.MO.PT,533,10,
Henry County,US.IL.HY,533,3,
East Carroll Parish,US.LA.EC,532,3,
Nodaway County,US.MO.NO,532,1,
Barren County,US.KY.BN,531,10,
Noxubee County,US.MS.NO,531,14,
Wood County,US.WI.WO,530,3,
Haywood County,US.NC.HW,529,31,
McDuffie County,US.GA.MU,529,13,
Monroe County,US.IL.MR,529,15,
Union County,US.GA.UN,529,14,
Poinsett County,US.AR.PN,529,6,
Van Zandt County,US.TX.VN,528,18,
Washington County,US.AL.WS,528,13,
Perry County,US.AL.PE,527,5,
Henry County,US.TN.HR,527,7,
Valencia County,US.NM.VA,526,4,
Wright County,US.IA.WG,526,1,
Cook County,US.GA.CO,523,11,
Ogle County,US.IL.OG,523,5,
Lawrence County,US.AL.LW,523,5,
Brookings County,US.SD.BK,523,1,
Saline County,US.KS.SA,522,9,
Wilcox County,US.AL.WC,520,11,
Elbert County,US.GA.EL,519,1,
Logan County,US.WV.LO,519,34,
Jefferson County,US.FL.JE,517,7,
Hancock County,US.MS.HN,517,20,
La Paz County,US.AZ.LA,517,15,
Merrimack County,US.NH.ME,517,23,
Hawaii County,US.HI.HA,517,3,
Harrison County,US.IN.HI,516,26,
Branch County,US.MI.BC,515,4,
Worth County,US.GA.WO,514,29,
Franklin County,US.KY.FR,513,11,
Matanuska-Susitna Borough,US.AK.MA,511,2,
Johnson County,US.TN.JO,511,1,
Jackson County,US.NC.JA,510,7,
Prince Edward County,US.VA.PD,509,12,
Edgefield County,US.SC.ED,509,14,
Jasper County,US.MS.JS,507,13,
DeKalb County,US.TN.DE,507,6,
Meriwether County,US.GA.MW,505,11,
Clay County,US.MS.CY,505,16,
Jackson County,US.TX.JA,505,14,
Adair County,US.OK.AD,504,10,
Carroll County,US.AR.CL,503,8,
Fannin County,US.GA.FN,503,8,
Henderson County,US.KY.HE,502,3,
Oceana County,US.MI.OA,501,6,
Cambria County,US.PA.CI,500,6,
Brown County,US.TX.BN,500,20,
Davie County,US.NC.DV,500,6,
Dorchester County,US.MD.DO,500,8,
Bingham County,US.ID.BG,499,7,
Conecuh County,US.AL.CO,499,11,
Jefferson County,US.IL.JF,498,37,
Talbot County,US.MD.TA,497,4,
Knox County,US.IL.KX,497,3,
Fredericksburg City,US.VA.FB,496,4,
Blair County,US.PA.BL,496,13,
Crisp County,US.GA.CP,495,15,
Huron County,US.OH.HU,495,6,
Cherokee County,US.NC.CO,495,6,
Lee County,US.IA.LE,494,6,
Carroll County,US.IA.CL,493,4,
Smith County,US.MS.SM,492,13,
Jessamine County,US.KY.JS,492,0,
Bertie County,US.NC.BT,492,6,
Watauga County,US.NC.WT,491,0,
Clarke County,US.MS.CE,491,32,
Oconto County,US.WI.OC,490,3,
Jones County,US.GA.JE,488,4,
York County,US.VA.YO,488,6,
Calhoun County,US.MS.CN,487,11,
Union County,US.SC.UN,487,9,
Lawrence County,US.OH.LW,487,16,
Giles County,US.TN.GL,486,15,
Brooks County,US.GA.BO,484,24,
Crenshaw County,US.AL.CA,483,32,
Anson County,US.NC.AN,483,3,
Lawrence County,US.IN.LW,482,29,
Nye County,US.NV.NY,482,14,
Gilchrist County,US.FL.GI,480,10,
Grant County,US.WI.GA,480,18,
Limestone County,US.TX.LO,479,8,
Midland County,US.MI.MD,478,11,
Chautauqua County,US.NY.CQ,476,4,
Madison County,US.NY.MA,475,9,
Glenn County,US.CA.GL,475,3,
Shiawassee County,US.MI.SH,474,30,
Fayette County,US.IN.FA,474,10,
Lawrence County,US.PA.LW,474,21,
Jefferson County,US.OR.JE,474,7,
Steele County,US.MN.SE,473,2,
Geneva County,US.AL.GE,472,4,
Auglaize County,US.OH.AU,471,8,
Colusa County,US.CA.CL,470,6,
Montgomery County,US.IN.MM,470,22,
Lincoln County,US.OR.LC,470,13,
Indiana County,US.PA.IN,469,11,
Tuscola County,US.MI.TU,469,29,
Abbeville County,US.SC.AB,469,11,
Greene County,US.GA.GE,469,21,
Mesa County,US.CO.ME,467,5,
Mayes County,US.OK.MY,467,10,
Putnam County,US.IN.PT,465,8,
Lincoln County,US.TN.LI,464,1,
White County,US.IN.WH,463,13,
Glades County,US.FL.GL,463,4,
Clay County,US.SD.CY,462,3,
Codington County,US.SD.CD,462,2,
Chester County,US.TN.CS,461,6,
Winchester city,US.VA.WH,461,4,
Concordia Parish,US.LA.CR,461,10,
Ottawa County,US.OH.OT,459,30,
Greene County,US.NC.GE,458,5,
Tunica County,US.MS.TU,458,13,
Todd County,US.MN.TO,458,2,
Nicollet County,US.MN.NI,457,15,
Newport County,US.RI.NE,457,4,
Nevada County,US.CA.NE,456,5,
Macon County,US.AL.MC,456,19,
Box Elder County,US.UT.BE,455,5,
Morrow County,US.OR.MO,455,3,
Decatur County,US.IN.DC,455,41,
Watonwan County,US.MN.WT,453,4,
Polk County,US.OR.PO,453,15,
Bureau County,US.IL.BU,453,9,
Calloway County,US.KY.CW,453,7,
Kittitas County,US.WA.KT,453,21,
Logan County,US.KY.LO,452,26,
Cherokee County,US.AL.CH,452,12,
Union County,US.IL.UN,451,24,
Colorado County,US.TX.CO,451,4,
New Madrid County,US.MO.NW,450,9,
Liberty County,US.FL.LI,449,7,
Grant Parish,US.LA.GR,448,30,
Palo Pinto County,US.TX.PO,447,12,
Teton County,US.WY.TE,447,1,
Missoula County,US.MT.MS,447,3,
Milam County,US.TX.MI,447,5,
Perry County,US.MO.PR,446,4,
Shelby County,US.TX.SY,445,21,
Hart County,US.GA.HT,444,11,
Dickinson County,US.IA.DI,443,6,
Carroll County,US.VA.CL,443,19,
Claiborne County,US.MS.CB,443,16,
Tehama County,US.CA.TE,442,1,
Austin County,US.TX.AU,442,6,
Alexander County,US.NC.AE,442,3,
Trempealeau County,US.WI.TR,441,2,
Kerr County,US.TX.KR,439,9,
Howard County,US.AR.HW,437,8,
Benton County,US.MN.BN,437,3,
Morgan County,US.GA.MO,436,2,
Shelby County,US.OH.SH,436,4,
Claiborne Parish,US.LA.CI,435,16,
Athens County,US.OH.AS,434,2,
Franklin County,US.MA.FR,432,66,
Callaway County,US.MO.CA,432,2,
Crockett County,US.TN.CK,431,14,
Early County,US.GA.EA,431,32,
Carbon County,US.PA.CB,431,28,
Cass County,US.MI.CS,431,16,
Adams County,US.NE.AD,430,11,
Bell County,US.KY.BL,430,9,
Carter County,US.OK.CR,429,7,
Bienville Parish,US.LA.BI,427,32,
Strafford County,US.NH.ST,426,13,
Washington County,US.VA.WG,426,9,
Calhoun County,US.SC.CH,425,15,
Clay County,US.AL.CY,425,6,
Butler County,US.MO.BE,425,4,
Union County,US.OR.UN,423,2,
Montgomery County,US.MS.MT,423,18,
Freeborn County,US.MN.FR,423,1,
Kenai Peninsula Borough,US.AK.KN,422,2,
Fayette County,US.WV.FA,421,9,
Wood County,US.TX.WO,420,17,
Phillips County,US.AR.PH,420,10,
Putnam County,US.OH.PU,419,17,
Atkinson County,US.GA.AT,417,3,
Union County,US.PA.UN,417,6,
Pulaski County,US.MO.PA,415,2,
Boone County,US.AR.BO,414,4,
Lawrence County,US.MS.LW,413,11,
Hickman County,US.TN.HN,412,4,
Berrien County,US.GA.BN,411,10,
Sumter County,US.AL.SU,411,19,
Jasper County,US.TX.JR,411,20,
Henry County,US.AL.HE,409,4,
Humboldt County,US.CA.HU,409,4,
Banks County,US.GA.BS,408,6,
Carson City,US.NV.CA,408,8,
Ontario County,US.NY.OR,408,28,
Le Sueur County,US.MN.LU,407,2,
Allegany County,US.MD.AL,407,22,
Linn County,US.OR.LN,405,13,
Union County,US.OH.UN,403,1,
Vermilion County,US.IL.VE,403,4,
Galax city,US.VA.GA,403,28,
Henry County,US.IA.HE,403,4,
Stephenson County,US.IL.SN,401,6,
Louisa County,US.IA.LO,400,14,
La Salle Parish,US.LA.LA,399,5,
Bleckley County,US.GA.BK,398,17,
Cibola County,US.NM.CI,398,20,
Nelson County,US.KY.NE,398,3,
Scioto County,US.OH.SC,397,4,
Ohio County,US.KY.OH,396,9,
Macoupin County,US.IL.MP,396,6,
Warren County,US.VA.WR,395,6,
Lawrence County,US.MO.LW,393,2,
Grand Traverse County,US.MI.GN,393,7,
Hill County,US.TX.HI,393,11,
Barron County,US.WI.BR,392,3,
Parmer County,US.TX.PM,392,7,
Adams County,US.IN.AD,392,4,
McLeod County,US.MN.MC,392,1,
Marion County,US.TN.MI,392,7,
Yalobusha County,US.MS.YL,391,13,
Raleigh County,US.WV.RL,391,4,
Ashley County,US.AR.AS,390,7,
Columbia County,US.WI.CO,390,2,
Jefferson County,US.WV.JE,389,4,
Andrews County,US.TX.AR,388,8,
Catahoula Parish,US.LA.CT,388,6,
Greene County,US.IN.GE,387,38,
Freestone County,US.TX.FE,387,1,
Huntingdon County,US.PA.HU,387,5,
Knox County,US.IN.KN,386,6,
Lewis County,US.WA.LE,384,4,
Augusta County,US.VA.AU,384,4,
Claiborne County,US.TN.CI,383,3,
Evans County,US.GA.EV,383,5,
Chippewa County,US.WI.CH,382,0,
Bremer County,US.IA.BR,382,7,
Franklin County,US.IL.FR,382,1,
Boone County,US.IA.BO,382,5,
Pemiscot County,US.MO.PM,381,9,
Seneca County,US.OH.SE,380,13,
Preble County,US.OH.PR,380,7,
Candler County,US.GA.CR,380,16,
Southampton County,US.VA.SA,380,13,
Fayette County,US.TX.FT,379,18,
DeKalb County,US.IN.DE,379,8,
Knox County,US.KY.KX,379,9,
Barry County,US.MO.BR,379,5,
Stewart County,US.GA.SW,377,11,
St. Helena Parish,US.LA.SH,376,2,
Martin County,US.NC.MR,375,7,
Scotts Bluff County,US.NE.SC,374,6,
Cascade County,US.MT.CS,373,5,
Jefferson County,US.ID.JF,373,1,
Johnson County,US.GA.JH,372,14,
Logan County,US.AR.LG,370,1,
Hancock County,US.GA.HC,370,39,
Rio Arriba County,US.NM.RI,369,13,
Campbell County,US.TN.CM,369,3,
Lake County,US.CA.LK,368,5,
Washington County,US.IA.WS,367,11,
Summit County,US.CO.SU,366,4,
Page County,US.VA.PA,366,27,
Haralson County,US.GA.HS,366,8,
La Salle County,US.TX.LS,366,8,
Marion County,US.IL.MO,365,0,
Kay County,US.OK.KA,365,12,
Wise County,US.VA.WI,363,5,
Warren County,US.MO.WR,362,0,
Stokes County,US.NC.SO,361,3,
Lyon County,US.NV.LY,361,6,
Chisago County,US.MN.CG,361,1,
Telfair County,US.GA.TF,360,15,
Rosebud County,US.MT.RS,360,5,
Duval County,US.TX.DU,359,10,
Bristol County,US.RI.BR,358,16,
Maui County,US.HI.MA,358,8,
Hopewell city,US.VA.HW,358,5,
Person County,US.NC.PN,357,6,
Custer County,US.OK.CU,355,0,
Holmes County,US.OH.HL,355,7,
Perry County,US.MS.PY,355,12,
Campbell County,US.VA.CM,354,3,
Decatur County,US.TN.DC,354,4,
Sussex County,US.VA.SS,354,9,
Live Oak County,US.TX.LK,353,8,
Polk County,US.TN.PO,353,11,
Northampton County,US.NC.NO,353,17,
Armstrong County,US.PA.AR,352,12,
Stutsman County,US.ND.SU,352,3,
Montrose County,US.CO.MO,351,13,
Gibson County,US.IN.GI,351,4,
Quitman County,US.MS.QU,351,5,
Mercer County,US.WV.MR,350,24,
Putnam County,US.WV.PU,350,0,
Miami County,US.IN.MI,350,2,
Fayette County,US.AL.FA,350,6,
Humphreys County,US.MS.HU,349,15,
Dodge County,US.GA.DG,349,8,
Jasper County,US.IN.JS,348,2,
Meade County,US.SD.MD,348,1,
Seminole County,US.OK.SM,347,5,
Crow Wing County,US.MN.CW,346,16,
Pike County,US.KY.PI,346,3,
Howard County,US.TX.HW,345,9,
Jenkins County,US.GA.JK,345,27,
Geary County,US.KS.GE,345,2,
Martinsville city,US.VA.MR,345,6,
Houston County,US.TX.HS,344,9,
Polk County,US.MO.PO,343,0,
Luna County,US.NM.LU,341,5,
Cooke County,US.TX.OO,341,5,
Tompkins County,US.NY.TO,339,0,
Mason County,US.WA.MA,339,1,
Franklin city,US.VA.FR,339,7,
Stone County,US.MS.ST,339,10,
Red River Parish,US.LA.RE,338,20,
Livingston County,US.MO.LV,338,1,
Cass County,US.IL.CS,337,11,
Beltrami County,US.MN.BT,337,3,
Lincoln County,US.NE.LI,336,2,
Choctaw County,US.AL.CC,335,12,
Hempstead County,US.AR.HE,335,3,
McDonough County,US.IL.MU,335,15,
Panola County,US.TX.PN,334,24,
Howell County,US.MO.HW,333,3,
Lamar County,US.GA.LM,333,17,
Upshur County,US.TX.US,332,8,
Richmond County,US.VA.RI,332,4,
Smyth County,US.VA.SM,331,5,
Scott County,US.IN.SC,330,12,
Pecos County,US.TX.PE,330,4,
Cherokee County,US.KS.CK,330,2,
Laclede County,US.MO.LD,329,1,
Oswego County,US.NY.OS,329,3,
Logan County,US.OK.LG,328,1,
Woodford County,US.IL.WO,328,3,
Lincoln County,US.OK.LI,328,9,
Waseca County,US.MN.WE,327,4,
Warren County,US.NY.WR,326,30,
Amherst County,US.VA.AH,325,1,
Shawano County,US.WI.SA,324,0,
Nez Perce County,US.ID.NE,324,19,
Ionia County,US.MI.II,324,7,
Butler County,US.KY.BR,324,16,
Wood County,US.WV.WO,324,5,
Muskingum County,US.OH.MU,323,2,
Randolph County,US.AR.RA,323,18,
Otter Tail County,US.MN.OT,323,4,
West Carroll Parish,US.LA.WC,323,9,
Stoddard County,US.MO.SD,322,9,
Terrell County,US.GA.TL,322,31,
Harlan County,US.KY.HL,321,9,
Drew County,US.AR.DR,321,5,
Jersey County,US.IL.JR,321,6,
Logan County,US.IL.LO,321,1,
Randolph County,US.GA.RN,320,27,
Steuben County,US.NY.ST,320,39,
Camp County,US.TX.CP,319,8,
Iroquois County,US.IL.IR,319,19,
Columbia County,US.AR.CI,319,16,
Steuben County,US.IN.SE,318,6,
Dinwiddie County,US.VA.DN,318,8,
Brantley County,US.GA.BA,317,8,
Chaffee County,US.CO.CA,317,19,
Audrain County,US.MO.AU,316,2,
Webster County,US.MS.WE,315,13,
Screven County,US.GA.SR,315,9,
Greene County,US.MS.GE,315,14,
Orleans County,US.NY.OL,315,55,
Stone County,US.MO.SE,314,2,
Greene County,US.NY.GR,314,14,
Bradley County,US.AR.BR,314,6,
Allendale County,US.SC.AL,314,6,
Owyhee County,US.ID.OW,313,5,
Harvey County,US.KS.HV,312,5,
Natrona County,US.WY.NA,312,2,
Seminole County,US.GA.SI,312,8,
Sullivan County,US.IN.SU,312,11,
Fulton County,US.NY.FU,312,28,
Barton County,US.KS.BT,311,5,
Madison County,US.AR.MD,310,2,
Pierce County,US.WI.PI,310,6,
Brunswick County,US.VA.BU,310,2,
Franklin County,US.IA.FN,310,17,
Sweetwater County,US.WY.SW,309,2,
Clinch County,US.GA.CC,309,5,
Perry County,US.IL.PY,308,13,
Jefferson Davis County,US.MS.JD,308,9,
Uinta County,US.WY.UI,308,2,
Herkimer County,US.NY.HE,308,10,
Cross County,US.AR.CO,307,5,
Little River County,US.AR.LT,306,17,
Hillsdale County,US.MI.HI,305,26,
Washington County,US.ID.WA,304,4,
Northampton County,US.VA.NA,304,29,
Green County,US.WI.GN,304,2,
Lamar County,US.AL.LM,303,2,
Monroe County,US.WI.MO,303,2,
Newaygo County,US.MI.NE,303,1,
Grayson County,US.KY.GY,302,12,
Genesee County,US.NY.GE,302,6,
Harrison County,US.WV.HR,301,2,
Refugio County,US.TX.RF,301,10,
Burleson County,US.TX.BU,301,6,
Fentress County,US.TN.FE,300,0,
Elmore County,US.ID.EL,300,3,
Lamb County,US.TX.LB,299,20,
Arkansas County,US.AR.AR,299,4,
Aransas County,US.TX.AA,298,18,
Miller County,US.MO.ML,298,1,
Wayne County,US.WV.WA,298,10,
Wilkinson County,US.GA.WI,298,17,
Ohio County,US.WV.OH,297,6,
St. Lawrence County,US.NY.SI,297,4,
Warren County,US.NC.WR,297,7,
Rabun County,US.GA.RB,297,7,
Carroll County,US.MS.CL,297,12,
Gunnison County,US.CO.GU,296,7,
Wayne County,US.NY.WN,296,3,
Dooly County,US.GA.DO,296,14,
Hamilton County,US.IA.HM,295,2,
Grainger County,US.TN.GA,295,1,
Zapata County,US.TX.ZP,295,4,
Grays Harbor County,US.WA.GY,295,6,
Perry County,US.KY.PR,294,8,
Jefferson County,US.OH.JE,292,4,
Greene County,US.AL.GR,292,15,
Jackson County,US.KY.JA,292,15,
Webster County,US.MO.WE,291,1,
Franklin County,US.IN.FR,291,26,
Caldwell Parish,US.LA.CW,291,3,
Boyd County,US.KY.BD,290,4,
Oglethorpe County,US.GA.OG,290,11,
Union County,US.SD.UN,290,5,
Cooper County,US.MO.CP,289,2,
Douglas County,US.WI.DG,288,0,
Pike County,US.GA.PK,288,8,
Hockley County,US.TX.HC,286,6,
Kingfisher County,US.OK.KN,286,2,
Benton County,US.TN.BN,286,7,
Jennings County,US.IN.JN,285,14,
Otsego County,US.NY.OO,285,4,
Amite County,US.MS.AM,285,8,
Wilkinson County,US.MS.WK,284,17,
Turner County,US.GA.TR,283,21,
Lee County,US.IL.LE,283,1,
Susquehanna County,US.PA.SS,281,28,
Cowley County,US.KS.CL,280,3,
Mingo County,US.WV.MO,280,7,
Caroline County,US.VA.CI,280,5,
Garvin County,US.OK.GV,279,4,
Madison County,US.ID.MA,279,0,
Kemper County,US.MS.KE,278,15,
Franklin County,US.KS.FR,278,3,
Kent County,US.MD.KE,277,24,
Transylvania County,US.NC.TR,277,5,
Adair County,US.KY.AD,277,19,
Lanier County,US.GA.LI,276,5,
Greenup County,US.KY.GU,276,2,
Miami County,US.KS.MI,276,0,
Warren County,US.IL.WR,276,1,
Island County,US.WA.IS,274,11,
Lafayette County,US.MO.LF,274,2,
Goodhue County,US.MN.GO,273,9,
Calaveras County,US.CA.CA,273,2,
Orange County,US.VA.OR,273,4,
Clark County,US.KY.CK,272,8,
Montgomery County,US.KS.MG,272,5,
Brooks County,US.TX.BK,272,20,
Lawrence County,US.AR.LW,271,11,
Cass County,US.NE.CS,271,2,
Cleburne County,US.AR.CB,270,7,
Phelps County,US.MO.PH,270,1,
Pulaski County,US.GA.PL,270,10,
Washington County,US.NY.WS,270,14,
Adair County,US.MO.AD,270,0,
Stephens County,US.OK.ST,269,4,
Gaines County,US.TX.GS,268,8,
Montgomery County,US.IL.MT,268,10,
Cass County,US.TX.CS,267,12,
Washington County,US.MO.WS,267,1,
Christian County,US.IL.CI,267,6,
Clark County,US.AR.CK,266,4,
Zavala County,US.TX.ZV,266,13,
Botetourt County,US.VA.BO,266,10,
Morgan County,US.TN.MG,266,2,
Yankton County,US.SD.YA,265,3,
Louisa County,US.VA.LI,265,3,
Marquette County,US.MI.MQ,265,11,
Pontotoc County,US.OK.PN,264,3,
McIntosh County,US.GA.MH,264,6,
Allen County,US.KY.AL,263,9,
Lawrence County,US.SD.LW,263,4,
Delaware County,US.IA.DA,263,3,
Grayson County,US.VA.GY,263,8,
Pawnee County,US.KS.PN,262,0,
Orange County,US.IN.OR,262,26,
Douglas County,US.NV.DO,261,1,
Jackson County,US.TN.JA,261,2,
Menominee County,US.MI.MM,261,0,
Casey County,US.KY.CS,260,15,
Carroll County,US.IN.CO,260,13,
Champaign County,US.OH.CH,260,3,
Saunders County,US.NE.SU,260,2,
Clark County,US.WI.CL,260,8,
Mahaska County,US.IA.MK,259,18,
Shelby County,US.IL.SB,259,3,
Clinton County,US.OH.CI,259,11,
Knox County,US.OH.KN,259,15,
Caswell County,US.NC.CS,258,3,
Choctaw County,US.OK.CA,258,2,
Latah County,US.ID.LA,257,0,
Logan County,US.OH.LG,257,2,
Clearfield County,US.PA.CF,256,1,
Hopkins County,US.TX.HP,256,8,
Dare County,US.NC.DE,254,2,
Robertson County,US.TX.RO,254,4,
Sharkey County,US.MS.SH,254,10,
Desha County,US.AR.DE,253,5,
Perry County,US.OH.PE,253,9,
Ripley County,US.IN.RI,253,8,
Chowan County,US.NC.CW,252,2,
Clay County,US.IN.CY,251,5,
Gray County,US.TX.GY,250,5,
Juneau County,US.WI.JU,250,1,
Cleburne County,US.AL.CB,250,5,
Hardin County,US.IA.HD,250,1,
Stone County,US.AR.ST,250,4,
Franklin County,US.VA.FN,249,1,
Penobscot County,US.ME.PE,249,6,
McIntosh County,US.OK.MI,249,4,
Benson County,US.ND.BE,249,4,
Martin County,US.MN.MT,248,9,
Union County,US.TN.UO,248,1,
La Plata County,US.CO.LA,247,2,
Montcalm County,US.MI.MC,246,4,
Irwin County,US.GA.IR,245,4,
Dawson County,US.TX.DW,245,8,
Montgomery County,US.GA.MM,245,4,
Patrick County,US.VA.PK,245,13,
Mississippi County,US.MO.MI,245,0,
Clarke County,US.IA.CK,245,3,
Clay County,US.IA.CY,244,3,
Henry County,US.OH.HE,244,8,
Livingston County,US.IL.LI,243,4,
Unicoi County,US.TN.UC,243,1,
Polk County,US.NC.PO,243,7,
Gooding County,US.ID.GO,242,1,
Bosque County,US.TX.BQ,241,5,
Emporia city,US.VA.EM,241,19,
Winneshiek County,US.IA.WH,241,4,
Douglas County,US.IL.DO,241,5,
Washington County,US.IN.WS,240,1,
Floyd County,US.IA.FL,240,3,
Amador County,US.CA.AM,239,14,
Hood River County,US.OR.HO,238,0,
Echols County,US.GA.EC,238,2,
Polk County,US.AR.PL,238,4,
Simpson County,US.KY.SI,238,7,
Gem County,US.ID.GE,238,2,
Alamosa County,US.CO.AL,238,9,
Wells County,US.IN.WE,238,2,
Young County,US.TX.YU,236,6,
Brown County,US.OH.BR,236,2,
Castro County,US.TX.AS,236,4,
Hughes County,US.OK.HU,236,4,
Thurston County,US.NE.TU,236,4,
Klamath County,US.OR.KL,236,2,
Crawford County,US.PA.CW,236,2,
Jackson County,US.IA.JC,236,2,
Morrow County,US.OH.MW,236,2,
Wilkes County,US.GA.WS,236,3,
Posey County,US.IN.PS,235,0,
Wabash County,US.IN.WB,235,6,
Halifax County,US.VA.HL,235,4,
Chenango County,US.NY.CH,235,6,
Washington County,US.OH.WS,235,23,
Fluvanna County,US.VA.FV,235,9,
Hardin County,US.OH.HD,234,13,
Defiance County,US.OH.DF,233,7,
Westmoreland County,US.VA.WM,232,3,
Colonial Heights city,US.VA.CH,231,23,
Salem city,US.VA.SE,231,4,
Lee County,US.VA.LE,231,4,
Whitley County,US.IN.WL,231,6,
Marion County,US.WV.MI,230,2,
Cattaraugus County,US.NY.CG,230,6,
Cannon County,US.TN.CN,230,0,
Oneida County,US.WI.ON,230,1,
Bonner County,US.ID.BR,229,0,
Treutlen County,US.GA.TE,229,5,
Pawnee County,US.OK.PW,229,3,
Calhoun County,US.GA.CU,229,7,
Emmet County,US.IA.EM,229,8,
Wilcox County,US.GA.WC,228,20,
Randolph County,US.WV.RN,228,1,
Miller County,US.GA.ML,228,1,
Otero County,US.NM.OT,228,12,
Barry County,US.MI.BR,228,2,
Goochland County,US.VA.GO,228,7,
Waynesboro city,US.VA.WS,227,3,
Towns County,US.GA.TW,227,7,
Randolph County,US.IN.RA,227,7,
Ashe County,US.NC.AS,227,1,
Benton County,US.OR.BE,227,6,
Jefferson County,US.MS.JF,227,9,
Clay County,US.KY.CY,226,6,
O'Brien County,US.IA.OB,226,8,
Polk County,US.MN.PL,225,4,
Avery County,US.NC.AV,224,0,
Butler County,US.IA.BE,224,2,
Jefferson County,US.IN.JF,223,3,
Shelby County,US.IA.SH,223,1,
Dade County,US.GA.DD,222,4,
Benton County,US.IA.BN,222,1,
Whitley County,US.KY.WH,222,2,
Woodford County,US.KY.WO,222,0,
Lake County,US.MT.LA,222,1,
Wasco County,US.OR.WC,222,3,
Comanche County,US.TX.CE,221,3,
Boyle County,US.KY.BE,221,0,
Coshocton County,US.OH.CS,220,9,
Conway County,US.AR.CN,220,3,
Crawford County,US.MO.CF,220,2,
Starke County,US.IN.SR,219,8,
Jackson County,US.KS.JA,218,1,
Taylor County,US.KY.TA,218,5,
Itasca County,US.MN.IT,217,13,
Jackson County,US.WV.JA,217,20,
Clallam County,US.WA.CL,217,1,
Montgomery County,US.NY.MT,215,8,
Tioga County,US.NY.TI,214,21,
Fayette County,US.IL.FA,214,3,
McPherson County,US.KS.MP,213,1,
Macon County,US.GA.MC,213,10,
Atchison County,US.KS.AT,213,1,
Fulton County,US.IN.FU,212,2,
Dallam County,US.TX.DL,211,8,
Becker County,US.MN.BC,211,2,
King George County,US.VA.KG,211,4,
Tazewell County,US.VA.TA,211,2,
Clay County,US.AR.CY,211,5,
Carlton County,US.MN.CL,210,1,
Chemung County,US.NY.CM,210,2,
Roosevelt County,US.NM.RO,210,3,
Terry County,US.TX.TE,210,4,
Kewaunee County,US.WI.KW,210,2,
Montgomery County,US.KY.MM,210,1,
Alleghany County,US.NC.AL,210,0,
Runnels County,US.TX.RN,210,3,
Pamlico County,US.NC.PM,210,2,
Green County,US.KY.GN,209,7,
Perry County,US.IN.PE,209,15,
Gloucester County,US.VA.GL,209,2,
Bond County,US.IL.BN,209,4,
Marshall County,US.KY.MH,208,2,
Fayette County,US.OH.FY,207,5,
Huron County,US.MI.HU,207,4,
Moniteau County,US.MO.ME,207,4,
Lewis and Clark County,US.MT.LE,207,3,
Somerset County,US.MD.SO,206,4,
Nottoway County,US.VA.NY,206,15,
Tipton County,US.IN.TT,205,25,
San Jacinto County,US.TX.SJ,205,8,
Gillespie County,US.TX.GL,205,9,
Crawford County,US.OH.CF,205,5,
Leon County,US.TX.LN,205,5,
Grant County,US.AR.GN,204,1,
Madison County,US.MO.MD,204,0,
Shoshone County,US.ID.SH,204,16,
Cameron Parish,US.LA.CM,204,1,
Cottonwood County,US.MN.CT,204,0,
Campbell County,US.WY.CM,204,1,
Greene County,US.VA.GE,203,3,
Brewster County,US.TX.BS,203,2,
Highland County,US.OH.HI,203,3,
Poweshiek County,US.IA.PW,203,8,
Bailey County,US.TX.BY,203,4,
Pitkin County,US.CO.PI,202,2,
Lee County,US.TX.LE,202,14,
Benton County,US.MS.BE,201,1,
Russell County,US.KY.RU,201,6,
Gratiot County,US.MI.GT,200,15,
Fulton County,US.OH.FU,200,1,
Isanti County,US.MN.IS,200,0,
Labette County,US.KS.LB,200,3,
Lincoln County,US.GA.LC,200,7,
Dunn County,US.WI.DN,200,0,
Lawrence County,US.IL.LW,199,0,
Jo Daviess County,US.IL.JO,198,2,
Pipestone County,US.MN.PS,198,9,
Lewis County,US.KY.LI,198,13,
Kendall County,US.TX.KD,197,5,
Kennebec County,US.ME.KE,197,11,
Waushara County,US.WI.WS,196,2,
Russell County,US.VA.RU,196,4,
Oglala Lakota County,US.SD.SH,196,2,
Powhatan County,US.VA.PH,195,4,
Jones County,US.IA.JN,195,2,
Carroll County,US.KY.CL,195,5,
Jackson County,US.AR.JA,195,1,
Jasper County,US.GA.JS,195,4,
Wayne County,US.PA.WN,195,10,
Long County,US.GA.LG,194,3,
City and Borough of Juneau,US.AK.JU,194,1,
Wythe County,US.VA.WY,193,3,
San Augustine County,US.TX.SG,192,12,
Allamakee County,US.IA.AL,192,5,
Clayton County,US.IA.CT,192,3,
Wyandot County,US.OH.WD,192,11,
Tyler County,US.TX.TY,192,4,
Marion County,US.KY.MN,190,4,
Carbon County,US.WY.CB,190,2,
Franklin County,US.AR.FR,189,2,
Pike County,US.AR.PE,189,1,
Livingston County,US.NY.LI,189,6,
Douglas County,US.MN.DU,188,1,
Tuolumne County,US.CA.TO,188,2,
Washington County,US.NC.WI,188,6,
Lafayette County,US.WI.LF,188,0,
Buchanan County,US.IA.BC,188,1,
Polk County,US.WI.PL,187,2,
Dimmit County,US.TX.DM,186,7,
Huntington County,US.IN.HU,186,3,
Delta County,US.MI.DE,186,3,
Ouachita County,US.AR.OU,184,5,
Saline County,US.IL.SE,184,3,
Rowan County,US.KY.RW,184,0,
Snyder County,US.PA.SN,184,3,
Jackson County,US.OH.JA,184,2,
McLean County,US.ND.ML,183,2,
Appomattox County,US.VA.AP,183,1,
Cayuga County,US.NY.CY,183,2,
Inyo County,US.CA.IN,183,13,
Trinity County,US.TX.TR,182,6,
Douglas County,US.OR.DO,182,3,
Rush County,US.IN.RU,182,4,
Somerset County,US.PA.SO,182,3,
Guthrie County,US.IA.GH,181,5,
Franklin County,US.MS.FR,181,3,
Sullivan County,US.MO.SV,181,0,
Meigs County,US.TN.ME,181,2,
Mountrail County,US.ND.MU,181,1,
Haskell County,US.OK.HS,181,4,
Heard County,US.GA.HD,180,5,
Washington County,US.NE.WS,180,1,
Moultrie County,US.IL.MI,180,3,
Perry County,US.PA.PE,180,6,
Reeves County,US.TX.RE,180,5,
Ashland County,US.OH.AL,179,4,
Humphreys County,US.TN.HU,179,3,
Albany County,US.WY.AL,179,0,
Bedford County,US.PA.BO,179,5,
Cedar County,US.IA.CD,179,1,
Staunton city,US.VA.SU,179,0,
Sanpete County,US.UT.SP,178,1,
Klickitat County,US.WA.KL,178,3,
Spencer County,US.IN.SP,178,3,
Marion County,US.GA.MR,178,6,
Pottawatomie County,US.KS.PT,177,0,
Sheridan County,US.WY.SH,175,1,
McCormick County,US.SC.MC,175,5,
Lincoln County,US.NM.LI,175,2,
Falls County,US.TX.FL,174,3,
Mifflin County,US.PA.MI,174,1,
Sequatchie County,US.TN.SQ,174,2,
Spencer County,US.KY.SP,174,0,
Winnebago County,US.IA.WB,174,10,
Monroe County,US.KY.MO,173,3,
Seward County,US.NE.SA,173,2,
Yoakum County,US.TX.YA,173,4,
Madison County,US.IA.MD,172,2,
Park County,US.WY.PA,172,1,
Josephine County,US.OR.JO,171,2,
Delta County,US.CO.DT,171,2,
Twiggs County,US.GA.TG,170,7,
Craig County,US.OK.CG,169,1,
Union County,US.KY.UN,169,1,
Atoka County,US.OK.AT,168,1,
Williams County,US.OH.WI,168,3,
Nolan County,US.TX.NO,168,4,
Pine County,US.MN.PN,167,0,
Scott County,US.TN.SC,167,2,
Nevada County,US.AR.NV,167,12,
Crawford County,US.IL.CW,167,1,
Henry County,US.KY.HY,166,2,
Scott County,US.VA.SC,166,4,
Lyon County,US.IA.LY,166,2,
Sawyer County,US.WI.SW,166,0,
Cumberland County,US.IL.CU,165,4,
Teller County,US.CO.TE,165,4,
Taylor County,US.GA.TY,164,7,
Crockett County,US.TX.CT,164,6,
Newton County,US.TX.NE,164,8,
Fremont County,US.CO.FR,163,0,
Choctaw County,US.MS.CW,163,4,
Hancock County,US.IA.HN,163,2,
Benton County,US.MO.BN,162,1,
Mono County,US.CA.MO,162,2,
Todd County,US.KY.TO,162,6,
Bollinger County,US.MO.BI,162,1,
Jasper County,US.IL.JS,162,7,
Chippewa County,US.MN.CP,161,1,
Dodge County,US.MN.DD,161,0,
Clinton County,US.MO.CO,161,0,
Morris County,US.TX.MR,161,3,
Clinton County,US.PA.CN,160,5,
New Kent County,US.VA.NK,159,1,
Houghton County,US.MI.HO,159,1,
Fayette County,US.IA.FT,159,1,
Crawford County,US.GA.CW,159,4,
Lampasas County,US.TX.LP,159,7,
Hancock County,US.IL.HC,159,2,
Harrison County,US.KY.HS,158,0,
Ramsey County,US.ND.RM,158,2,
Greene County,US.IL.GE,158,1,
Davison County,US.SD.DV,158,2,
Grundy County,US.TN.GU,158,3,
Texas County,US.MO.TE,157,1,
Harrison County,US.IA.HR,157,2,
Walsh County,US.ND.WL,157,1,
Boone County,US.WV.BN,157,0,
Owen County,US.IN.OW,157,2,
Williamsburg City,US.VA.WL,157,6,
Jefferson County,US.NY.JE,156,1,
Morgan County,US.MO.MG,156,1,
Floyd County,US.KY.FO,156,2,
Gallia County,US.OH.GA,156,6,
Floyd County,US.VA.FO,156,2,
Juniata County,US.PA.JU,156,6,
Sharp County,US.AR.SH,156,5,
Otsego County,US.MI.OS,156,11,
Pike County,US.MO.PI,155,2,
Meigs County,US.OH.MS,155,4,
Humboldt County,US.IA.HU,155,2,
Talbot County,US.GA.TB,155,5,
Iosco County,US.MI.IC,155,12,
Baxter County,US.AR.BA,155,1,
Sibley County,US.MN.SI,155,3,
Wheeler County,US.GA.WL,154,8,
Barnes County,US.ND.BA,153,0,
Hutchinson County,US.TX.UT,153,3,
Howard County,US.IA.HO,152,3,
Tensas Parish,US.LA.TN,152,1,
Newton County,US.IN.NE,152,11,
Clinton County,US.NY.CL,152,5,
Red River County,US.TX.RV,151,14,
Door County,US.WI.DO,151,3,
Perquimans County,US.NC.PQ,151,2,
Greene County,US.PA.GR,150,1,
Richland County,US.ND.RI,149,1,
Morrison County,US.MN.MR,149,1,
Carroll County,US.IL.CL,149,4,
Jay County,US.IN.JY,149,0,
Adams County,US.WI.AD,149,3,
Lewis County,US.TN.LE,149,1,
Essex County,US.NY.ES,149,9,
Randolph County,US.MO.RN,149,1,
Andrew County,US.MO.AN,149,1,
Pulaski County,US.VA.PU,148,3,
Montague County,US.TX.MU,148,3,
Sumner County,US.KS.SU,148,3,
Hocking County,US.OH.HC,147,9,
Mineral County,US.WV.ML,147,4,
Gogebic County,US.MI.GO,147,1,
Marion County,US.TX.MN,147,12,
Essex County,US.VA.ES,147,2,
Montour County,US.PA.MO,147,5,
Cherokee County,US.IA.CE,147,2,
Lincoln County,US.KY.LN,146,10,
Murray County,US.MN.MU,146,2,
Newton County,US.AR.NW,146,15,
Hughes County,US.SD.HG,146,4,
White County,US.IL.WE,145,0,
Hart County,US.KY.HT,145,1,
Bristol city,US.VA.BI,145,2,
Siskiyou County,US.CA.SK,144,0,
Glacier County,US.MT.GC,144,1,
Grant County,US.WV.GA,144,6,
Grundy County,US.IA.GN,144,1,
Grant County,US.KS.GT,143,3,
Mitchell County,US.IA.ME,142,0,
Van Buren County,US.AR.VA,142,2,
Coosa County,US.AL.CS,142,3,
Jones County,US.NC.JN,142,7,
Grant County,US.KY.GT,142,6,
Wayne County,US.IL.WY,142,2,
Mercer County,US.KY.MC,142,1,
Cleveland County,US.AR.CV,142,7,
Preston County,US.WV.PR,141,4,
Millard County,US.UT.MD,141,0,
Calhoun County,US.IA.CO,140,2,
Gage County,US.NE.GG,140,4,
Pocahontas County,US.IA.PC,140,2,
Chickasaw County,US.IA.CC,140,0,
Pulaski County,US.IL.PL,140,1,
Guernsey County,US.OH.GU,139,7,
Howard County,US.MO.HR,139,2,
Brown County,US.MN.BR,139,2,
Marshall County,US.OK.MH,138,1,
Monroe County,US.WV.ME,138,6,
Custer County,US.SD.CU,138,1,
Cheshire County,US.NH.CH,138,3,
Washington County,US.IL.WG,138,1,
Meade County,US.KY.MA,137,3,
Ste. Genevieve County,US.MO.SG,137,1,
Rockcastle County,US.KY.RC,137,1,
Mills County,US.IA.ML,137,1,
McKenzie County,US.ND.MK,137,2,
Teton County,US.ID.TE,136,0,
Columbia County,US.OR.CL,136,1,
Dallas County,US.AR.DA,136,2,
Carroll County,US.OH.CO,135,6,
Beckham County,US.OK.BC,135,1,
Swain County,US.NC.SW,135,3,
Jefferson County,US.KS.JF,135,0,
Ray County,US.MO.RY,135,0,
Power County,US.ID.PO,135,0,
Routt County,US.CO.RT,134,8,
Wabasha County,US.MN.WB,134,0,
Marshall County,US.WV.MH,134,1,
Kossuth County,US.IA.KO,134,0,
Emmet County,US.MI.EM,133,4,
Washington County,US.KY.WS,132,1,
Garrard County,US.KY.GR,132,2,
Blanco County,US.TX.BC,132,5,
Rolette County,US.ND.RO,132,3,
Alpena County,US.MI.AP,132,14,
Iron County,US.WI.IR,131,1,
Clay County,US.TN.CY,131,2,
Bourbon County,US.KY.BU,131,1,
Silver Bow County,US.MT.SI,131,0,
Pushmataha County,US.OK.PU,131,1,
Henry County,US.MO.HE,130,4,
Elbert County,US.CO.EB,130,2,
Stevens County,US.WA.ST,130,2,
Carter County,US.KY.CR,129,3,
Meeker County,US.MN.ME,129,2,
Jack County,US.TX.JK,128,1,
Love County,US.OK.LV,128,1,
Lake County,US.SD.LK,128,6,
Hancock County,US.WV.HN,128,0,
Martin County,US.IN.MN,128,0,
Vilas County,US.WI.VI,128,0,
Sanilac County,US.MI.SL,128,7,
Johnson County,US.KY.JO,128,1,
Wyoming County,US.NY.WM,127,5,
Iowa County,US.IA.IO,127,1,
Mason County,US.MI.MN,127,0,
Fulton County,US.KY.FU,126,2,
Montezuma County,US.CO.MZ,126,5,
Lincoln County,US.WV.LI,126,2,
Stephens County,US.TX.SE,126,4,
Belknap County,US.NH.BE,126,4,
Otoe County,US.NE.OT,126,1,
Taylor County,US.WI.TA,126,3,
Eastland County,US.TX.EA,126,3,
Rutland County,US.VT.RU,126,1,
Coos County,US.OR.CO,126,0,
Sioux County,US.ND.SI,126,3,
Charles Mix County,US.SD.CH,125,0,
Somervell County,US.TX.SV,125,4,
Johnson County,US.IL.JH,125,0,
Sac County,US.IA.SA,125,0,
Palo Alto County,US.IA.PO,125,0,
Fairfax city,US.VA.FC,125,7,
Page County,US.IA.PG,125,0,
Jefferson County,US.IA.JE,124,1,
Del Norte County,US.CA.DE,124,1,
Fremont County,US.ID.FE,124,2,
Delaware County,US.NY.DE,124,4,
Warren County,US.GA.WR,124,5,
Windham County,US.VT.WH,123,3,
Anderson County,US.KY.AN,123,1,
Franklin County,US.VT.FR,123,7,
Woodward County,US.OK.WW,123,0,
Dallas County,US.MO.DL,123,1,
Iowa County,US.WI.IO,123,0,
Currituck County,US.NC.CI,122,0,
Wabash County,US.IL.WB,122,1,
Monroe County,US.IA.MR,122,8,
Ralls County,US.MO.RL,122,0,
Clark County,US.IL.CK,122,2,
Goliad County,US.TX.GI,121,6,
Prairie County,US.AR.PR,121,1,
Mille Lacs County,US.MN.MI,121,3,
Benewah County,US.ID.BA,121,2,
McCulloch County,US.TX.MC,121,1,
King William County,US.VA.KW,121,2,
Crawford County,US.WI.CR,120,0,
York County,US.NE.YO,120,0,
Wilbarger County,US.TX.WG,120,2,
Grafton County,US.NH.GR,120,1,
Mason County,US.WV.MN,120,1,
Perry County,US.TN.PE,120,0,
Montgomery County,US.AR.MT,119,4,
Webster County,US.KY.WE,119,2,
Douglas County,US.MO.DO,119,3,
Houston County,US.TN.HO,119,0,
Edmonson County,US.KY.ED,119,12,
Kearney County,US.NE.KA,118,0,
Carroll County,US.MO.CL,118,1,
Noble County,US.OK.NB,118,2,
Faribault County,US.MN.FA,118,0,
Taos County,US.NM.TA,118,3,
Cass County,US.IA.CS,118,2,
Lincoln County,US.WY.LI,117,1,
Latimer County,US.OK.LA,117,2,
Franklin County,US.TX.FK,117,6,
Harper County,US.KS.HP,117,1,
Moore County,US.TN.MO,117,1,
Johnston County,US.OK.JO,117,2,
Vernon County,US.WI.VE,117,0,
Rock County,US.MN.RC,116,0,
Humboldt County,US.NV.HU,116,4,
Barton County,US.MO.BT,116,0,
McCreary County,US.KY.MR,115,0,
Searcy County,US.AR.SA,115,0,
Nowata County,US.OK.NW,115,1,
Pike County,US.OH.PK,115,0,
Phillips County,US.MT.PH,114,0,
Taylor County,US.IA.TY,114,1,
Clay County,US.GA.CY,114,2,
Crawford County,US.MI.CF,114,5,
Ravalli County,US.MT.RA,113,2,
Mercer County,US.IL.ME,113,5,
Pike County,US.IN.PI,113,1,
Churchill County,US.NV.CH,113,1,
Yellow Medicine County,US.MN.YE,113,1,
Wexford County,US.MI.WE,113,4,
Clay County,US.IL.CY,113,0,
Mecosta County,US.MI.MT,112,2,
Ripley County,US.MO.RI,112,0,
Buffalo County,US.SD.BF,112,3,
Ward County,US.TX.WD,112,1,
Van Buren County,US.TN.VA,112,0,
Carroll County,US.NH.CA,111,1,
Izard County,US.AR.IZ,111,0,
Vermillion County,US.IN.VE,111,0,
Washakie County,US.WY.WA,111,6,
Saguache County,US.CO.SG,111,2,
Ochiltree County,US.TX.OC,111,4,
Monona County,US.IA.MO,111,1,
Green Lake County,US.WI.GL,111,0,
Hyde County,US.NC.HE,110,3,
Bourbon County,US.KS.BB,110,2,
Taylor County,US.WV.TA,110,6,
Mason County,US.KY.MS,110,2,
Marquette County,US.WI.MQ,110,1,
Neosho County,US.KS.NO,110,0,
Bandera County,US.TX.BA,109,6,
Juab County,US.UT.JU,109,1,
Vernon County,US.MO.VE,109,0,
Cass County,US.MN.CS,109,3,
Okfuskee County,US.OK.OF,109,3,
Wright County,US.MO.WG,108,0,
Tyrrell County,US.NC.TY,108,2,
Hamilton County,US.NE.HM,107,12,
Yancey County,US.NC.YN,107,0,
Stewart County,US.TN.SA,107,0,
Van Buren County,US.IA.VA,107,1,
Bennington County,US.VT.BE,107,1,
Forest County,US.WI.FR,107,4,
Pulaski County,US.IN.PL,106,1,
Greenbrier County,US.WV.GE,106,3,
Wayne County,US.MO.WY,106,0,
Roberts County,US.SD.RO,105,1,
Hartley County,US.TX.HL,105,0,
Monroe County,US.OH.ME,105,18,
Real County,US.TX.RL,105,5,
Amelia County,US.VA.AI,105,3,
Clare County,US.MI.CE,105,4,
Hansford County,US.TX.HF,105,3,
Hamilton County,US.TX.HM,105,4,
Lyman County,US.SD.LY,104,3,
Llano County,US.TX.LL,104,1,
Uintah County,US.UT.UN,104,1,
Cortland County,US.NY.CD,103,1,
Fountain County,US.IN.FO,103,2,
Pennington County,US.MN.PI,103,1,
Trigg County,US.KY.TG,103,0,
Fulton County,US.IL.FU,103,0,
Breckinridge County,US.KY.BC,103,2,
Garza County,US.TX.GR,102,4,
Clarion County,US.PA.CL,102,3,
Gentry County,US.MO.GT,102,9,
Cumberland County,US.VA.CU,102,0,
Brooke County,US.WV.BO,102,1,
Lucas County,US.IA.LU,102,5,
Camden County,US.NC.CD,102,3,
Wayne County,US.KY.WY,102,0,
Seneca County,US.NY.SC,102,1,
Bradford County,US.PA.BF,102,3,
Northumberland County,US.VA.NU,101,5,
Gates County,US.NC.GT,101,3,
Osceola County,US.IA.OS,100,0,
Monroe County,US.AR.ME,100,0,
Lunenburg County,US.VA.LN,100,2,
Buchanan County,US.VA.BH,100,2,
Jefferson County,US.PA.JE,100,2,
Van Wert County,US.OH.VA,100,2,
Hancock County,US.TN.HC,100,2,
Hill County,US.MT.HI,99,2,
Gray County,US.KS.GY,99,0,
Jackson County,US.MN.JA,99,1,
Floyd County,US.TX.FY,99,9,
Issaquena County,US.MS.IS,98,3,
Duchesne County,US.UT.DU,98,0,
Renville County,US.MN.RN,98,6,
Hidalgo County,US.NM.HI,98,2,
Lincoln County,US.MT.LN,98,2,
Piatt County,US.IL.PA,98,0,
Winkler County,US.TX.WI,98,1,
Clatsop County,US.OR.CT,97,0,
Larue County,US.KY.LR,97,1,
Gasconade County,US.MO.GA,97,4,
Mason County,US.IL.MS,97,1,
Turner County,US.SD.TU,97,0,
Nemaha County,US.NE.NE,97,0,
Schley County,US.GA.SY,97,2,
Davis County,US.IA.DV,96,3,
Leelanau County,US.MI.LE,96,1,
Knott County,US.KY.KT,96,1,
Clay County,US.NC.CY,96,1,
Butler County,US.NE.BE,96,0,
Adams County,US.OH.AD,96,4,
Appanoose County,US.IA.AP,95,3,
Madison County,US.MT.MA,95,1,
Cuming County,US.NE.CM,95,0,
Swisher County,US.TX.SW,95,3,
Edgar County,US.IL.EG,95,2,
Murray County,US.OK.MR,95,1,
Madison County,US.VA.MD,95,2,
Rio Grande County,US.CO.RG,94,2,
Mitchell County,US.NC.MI,94,3,
Union County,US.IA.UN,94,3,
San Miguel County,US.CO.SM,94,0,
Koochiching County,US.MN.KO,93,3,
Carbon County,US.MT.CB,93,0,
Osage County,US.MO.OS,93,1,
Buffalo County,US.WI.BF,93,2,
Dewey County,US.SD.DW,93,0,
Hampshire County,US.WV.HM,93,1,
Sevier County,US.UT.SE,93,1,
Allegany County,US.NY.AL,92,2,
Blackford County,US.IN.BL,92,2,
Coffey County,US.KS.CF,92,8,
Gallatin County,US.KY.GL,92,8,
Union County,US.IN.UN,92,0,
Caldwell County,US.KY.CD,92,0,
Grundy County,US.MO.GU,91,1,
Greer County,US.OK.GE,91,8,
Presidio County,US.TX.PS,91,5,
Dawes County,US.NE.DS,91,0,
Brown County,US.IN.BR,91,2,
Scott County,US.AR.SC,90,0,
Lincoln County,US.WI.LI,90,1,
Nelson County,US.VA.NL,90,0,
Cumberland County,US.KY.CU,90,0,
Roseau County,US.MN.RS,89,0,
Carbon County,US.UT.CR,89,0,
Houston County,US.MN.HO,89,0,
Surry County,US.VA.SR,89,3,
Prowers County,US.CO.PR,89,0,
Langlade County,US.WI.LN,88,2,
Fillmore County,US.MN.FI,88,0,
Scott County,US.KS.SC,88,1,
Grant County,US.NM.GR,88,2,
Parke County,US.IN.PA,88,2,
San Miguel County,US.NM.SM,87,0,
Todd County,US.SD.TO,87,5,
Lynn County,US.TX.LY,87,5,
Blaine County,US.OK.BL,87,1,
Metcalfe County,US.KY.MT,87,2,
Reagan County,US.TX.RG,86,6,
Baker County,US.OR.BA,86,2,
Harrison County,US.MO.HS,86,1,
Worth County,US.IA.WT,85,0,
Powell County,US.KY.PO,85,0,
Owen County,US.KY.OE,85,1,
Clarke County,US.VA.CK,85,0,
Fulton County,US.AR.FU,85,1,
Macon County,US.MO.MN,85,0,
Valley County,US.ID.VA,85,1,
Paulding County,US.OH.PA,84,0,
Benton County,US.IN.BE,84,0,
Charlotte County,US.VA.CT,84,0,
Rockbridge County,US.VA.RB,84,1,
Richland County,US.IL.RI,84,4,
Cheboygan County,US.MI.CY,83,2,
Marion County,US.KS.MN,83,1,
Montgomery County,US.IA.MG,83,5,
Otero County,US.CO.OT,82,6,
Lake County,US.CO.LK,82,0,
Knox County,US.NE.KN,82,0,
Addison County,US.VT.AD,82,2,
Crosby County,US.TX.CB,81,1,
Morgan County,US.UT.MN,81,0,
Osceola County,US.MI.OE,81,0,
Lancaster County,US.VA.LA,81,0,
Gladwin County,US.MI.GL,81,2,
Graham County,US.NC.GH,81,0,
Windsor County,US.VT.WS,81,2,
Crittenden County,US.KY.CT,80,1,
Kearny County,US.KS.KE,80,1,
DeKalb County,US.MO.DE,80,1,
Deer Lodge County,US.MT.DE,80,0,
Dickinson County,US.KS.DK,80,1,
Pike County,US.IL.PK,80,1,
Brown County,US.KS.BR,80,3,
Pickett County,US.TN.PI,80,1,
Doniphan County,US.KS.DP,80,0,
Roscommon County,US.MI.RO,79,4,
Jim Hogg County,US.TX.JG,79,2,
Charlevoix County,US.MI.CV,79,3,
Phelps County,US.NE.PH,79,0,
Letcher County,US.KY.LT,79,2,
Menard County,US.IL.MN,79,0,
Ford County,US.IL.FO,79,3,
Traill County,US.ND.TR,79,0,
Chase County,US.KS.CS,78,1,
Stevens County,US.MN.SV,78,1,
Socorro County,US.NM.SO,78,6,
Jackson County,US.WI.JA,78,1,
Redwood County,US.MN.RW,78,0,
Bates County,US.MO.BS,78,1,
Sutton County,US.TX.ST,77,2,
Washburn County,US.WI.WR,77,0,
Custer County,US.NE.CU,76,4,
Lafayette County,US.AR.LF,76,2,
Buena Vista city,US.VA.BE,76,1,
Crawford County,US.IN.CW,76,1,
Clinton County,US.KY.CO,76,2,
Keokuk County,US.IA.KE,76,1,
Hardy County,US.WV.HD,76,0,
Monroe County,US.MO.MR,76,0,
Brule County,US.SD.BU,76,0,
Kit Carson County,US.CO.KT,76,3,
Mason County,US.TX.MA,75,1,
Valdez-Cordova Census Area,US.AK.VA,75,0,
Sabine County,US.TX.SB,75,8,
Merrick County,US.NE.ME,75,1,
Oxford County,US.ME.OX,75,0,
Mitchell County,US.TX.MH,75,1,
Venango County,US.PA.VE,74,1,
Meade County,US.KS.ME,74,0,
Mariposa County,US.CA.MP,74,2,
Kanabec County,US.MN.KA,74,6,
Lincoln County,US.ID.LI,74,0,
McDowell County,US.WV.MC,74,0,
Martin County,US.TX.MT,74,5,
Madison County,US.NC.MD,74,1,
Ohio County,US.IN.OH,74,7,
Massac County,US.IL.MA,74,1,
Schoharie County,US.NY.SO,73,2,
Callahan County,US.TX.AL,73,3,
Poquoson city,US.VA.PQ,73,1,
Fleming County,US.KY.FE,73,0,
Crowley County,US.CO.CR,73,1,
Osage County,US.KS.OS,73,0,
Stevens County,US.KS.SV,72,0,
Pope County,US.MN.PE,72,0,
Lincoln County,US.MN.LI,72,0,
Dukes County,US.MA.DU,72,0,
Waldo County,US.ME.WL,72,14,
Yukon-Koyukuk Census Area,US.AK.YU,72,1,
Beaverhead County,US.MT.BE,72,1,
Tillman County,US.OK.TI,72,1,
Baker County,US.GA.BR,72,3,
Wyoming County,US.WV.WY,72,3,
Clay County,US.TX.CY,71,1,
Swift County,US.MN.SW,71,1,
Crane County,US.TX.CR,71,2,
Bethel Census Area,US.AK.BE,71,1,
Hickman County,US.KY.HA,71,0,
Dickenson County,US.VA.DC,71,1,
Alleghany County,US.VA.AL,71,4,
Jefferson County,US.WA.JE,71,0,
Lemhi County,US.ID.LM,70,0,
Pierce County,US.NE.PI,70,4,
Holt County,US.MO.HL,70,0,
Northwest Arctic Borough,US.AK.NW,70,0,
Wyoming County,US.PA.WM,70,8,
Spink County,US.SD.SP,70,0,
Kalkaska County,US.MI.KK,70,4,
Charles City County,US.VA.CC,69,5,
Dickinson County,US.MI.DI,69,2,
Magoffin County,US.KY.MF,69,0,
Burt County,US.NE.BT,69,0,
Custer County,US.MT.CU,69,2,
Hamlin County,US.SD.HM,69,0,
Pendleton County,US.KY.PN,69,0,
Dixon County,US.NE.DI,69,2,
Park County,US.MT.PA,68,0,
Pacific County,US.WA.PA,68,3,
Phillips County,US.KS.PL,68,8,
Bath County,US.KY.BH,68,1,
Yuma County,US.CO.YU,68,0,
Kane County,US.UT.KA,67,1,
Knox County,US.TX.KX,67,8,
Fall River County,US.SD.FL,67,1,
Morrill County,US.NE.MO,67,0,
Grand County,US.CO.GR,67,1,
Gallatin County,US.IL.GA,67,2,
Corson County,US.SD.CO,67,0,
Greene County,US.IA.GE,67,0,
Switzerland County,US.IN.SW,66,0,
Hickory County,US.MO.HC,66,1,
Goshen County,US.WY.GO,66,1,
Falls Church city,US.VA.FU,66,7,
Elk County,US.PA.EL,65,2,
Howard County,US.NE.HW,65,5,
Lander County,US.NV.LA,65,1,
Lewis County,US.MO.LE,65,2,
Ozark County,US.MO.OZ,65,0,
Chippewa County,US.MI.CP,65,0,
Richland County,US.MT.RI,64,2,
Washington County,US.VT.WA,64,2,
Haskell County,US.KS.HS,64,0,
Wayne County,US.IA.WY,64,2,
Quay County,US.NM.QU,64,2,
Hemphill County,US.TX.HH,64,0,
Wabaunsee County,US.KS.WB,64,0,
Hancock County,US.KY.HC,64,0,
Carlisle County,US.KY.CE,64,1,
Oregon County,US.MO.OR,64,0,
Arenac County,US.MI.AR,64,3,
Garrett County,US.MD.GA,64,0,
Somerset County,US.ME.SO,63,3,
Coal County,US.OK.CL,63,0,
Clay County,US.NE.CL,63,0,
McLean County,US.KY.ML,63,1,
Perry County,US.AR.PY,63,0,
Fremont County,US.IA.FO,63,0,
Torrance County,US.NM.TO,63,1,
Bland County,US.VA.BL,62,1,
Boise County,US.ID.BS,62,1,
Sagadahoc County,US.ME.SA,62,0,
Cedar County,US.MO.CD,62,0,
Antrim County,US.MI.AN,62,0,
Manistee County,US.MI.ME,62,1,
Roosevelt County,US.MT.RO,62,1,
Yates County,US.NY.YA,62,6,
Middlesex County,US.VA.MI,61,1,
Richland County,US.WI.RI,61,4,
Estill County,US.KY.ES,61,0,
Giles County,US.VA.GI,61,0,
Cloud County,US.KS.CD,61,1,
McCook County,US.SD.MC,60,1,
Shannon County,US.MO.SN,60,1,
Rains County,US.TX.RI,60,3,
Nemaha County,US.KS.NM,60,1,
Franklin County,US.ID.FA,60,0,
Fisher County,US.TX.FH,60,1,
Livingston County,US.KY.LV,60,1,
Skamania County,US.WA.SM,60,1,
Childress County,US.TX.CD,60,0,
Archer County,US.TX.AC,60,1,
Greenlee County,US.AZ.GE,59,2,
Aitkin County,US.MN.AI,59,1,
Benzie County,US.MI.BE,59,2,
Franklin County,US.NY.FR,59,1,
Bon Homme County,US.SD.BH,59,1,
Linn County,US.KS.LN,59,0,
Beaver County,US.UT.BV,59,0,
Thomas County,US.KS.TH,59,0,
Kauai County,US.HI.KU,58,0,
Concho County,US.TX.ON,58,1,
Asotin County,US.WA.AS,58,2,
Ogemaw County,US.MI.OG,58,5,
Martin County,US.KY.MI,58,2,
King and Queen County,US.VA.KA,58,1,
Montgomery County,US.MO.MM,58,1,
De Witt County,US.IL.DW,58,1,
Toole County,US.MT.TO,57,6,
Grand County,US.UT.GR,57,1,
Nicholas County,US.WV.NI,57,3,
Butte County,US.SD.BT,57,1,
Crook County,US.OR.CR,57,1,
Major County,US.OK.MJ,57,1,
Marshall County,US.IL.MH,57,0,
Breathitt County,US.KY.BT,57,0,
Rappahannock County,US.VA.RP,57,2,
Wayne County,US.NE.WY,56,0,
Coleman County,US.TX.CM,56,3,
Bayfield County,US.WI.BY,56,1,
Pend Oreille County,US.WA.PE,56,0,
Grant County,US.MN.GR,56,4,
Henderson County,US.IL.HD,56,0,
Hutchinson County,US.SD.HT,56,1,
Haskell County,US.TX.HK,56,2,
Sherman County,US.TX.SN,55,0,
Ziebach County,US.SD.ZI,55,0,
Donley County,US.TX.DO,55,1,
Moody County,US.SD.MO,55,0,
Dent County,US.MO.DN,55,0,
Wadena County,US.MN.WD,54,0,
Burnett County,US.WI.BN,54,2,
Washington County,US.CO.WA,54,0,
Walworth County,US.SD.WA,54,0,
Deuel County,US.SD.DU,54,0,
Franklin County,US.ME.FR,53,1,
Cedar County,US.NE.CA,53,0,
Kiowa County,US.OK.KO,52,1,
Scott County,US.IL.SO,52,0,
Ida County,US.IA.ID,52,0,
Marion County,US.AR.MN,52,0,
Wilkin County,US.MN.WL,52,3,
Dunn County,US.ND.DU,52,0,
North Slope Borough,US.AK.NH,52,0,
Dawson County,US.MT.DW,52,1,
Valley County,US.MT.VA,51,0,
Hubbard County,US.MN.HU,51,0,
Hancock County,US.ME.HA,51,1,
Missaukee County,US.MI.MU,51,1,
Grant County,US.SD.GA,51,0,
Pratt County,US.KS.PR,51,0,
Shelby County,US.MO.SB,51,0,
Schleicher County,US.TX.SH,51,2,
Big Horn County,US.WY.BI,51,1,
Adair County,US.IA.AI,50,1,
Cotton County,US.OK.CT,50,2,
Eddy County,US.ND.ED,50,0,
Alexander County,US.IL.AL,50,1,
Morgan County,US.KY.MG,50,0,
Maries County,US.MO.MS,50,0,
Clark County,US.MO.CK,50,0,
Trimble County,US.KY.TM,49,0,
Kingman County,US.KS.KM,49,0,
Mercer County,US.ND.ME,49,0,
McHenry County,US.ND.MH,49,1,
Tioga County,US.PA.TI,49,3,
Lewis County,US.NY.LE,49,5,
Sublette County,US.WY.SU,49,1,
Coke County,US.TX.OK,49,3,
Caldwell County,US.MO.CW,49,1,
Decatur County,US.IA.DC,48,0,
Archuleta County,US.CO.AC,48,0,
Norman County,US.MN.NR,48,0,
Ransom County,US.ND.RN,48,0,
Linn County,US.MO.LN,48,1,
Ottawa County,US.KS.OT,48,0,
Clark County,US.KS.CA,48,1,
Sullivan County,US.NH.SU,48,1,
Keith County,US.NE.KT,48,0,
Pepin County,US.WI.PE,48,0,
Lawrence County,US.KY.LC,47,0,
Daviess County,US.MO.DV,47,0,
Hamilton County,US.IL.HM,47,0,
Ketchikan Gateway Borough,US.AK.KG,47,0,
Edwards County,US.IL.EW,47,0,
Anderson County,US.KS.AN,47,0,
Nome Census Area,US.AK.NM,46,0,
Converse County,US.WY.CE,46,0,
Garfield County,US.UT.GA,46,2,
Upshur County,US.WV.UP,46,0,
Stanton County,US.KS.ST,46,2,
Rice County,US.KS.RC,46,1,
McIntosh County,US.ND.MI,45,3,
Wetzel County,US.WV.WT,45,0,
Morgan County,US.OH.MA,45,0,
Nantucket County,US.MA.NA,45,1,
Ballard County,US.KY.BA,45,1,
Plumas County,US.CA.PU,45,0,
Dickens County,US.TX.DC,45,1,
Park County,US.CO.PA,45,1,
Pendleton County,US.WV.PE,45,1,
Jerauld County,US.SD.JE,45,1,
Boundary County,US.ID.BD,45,1,
Lamoille County,US.VT.LA,45,1,
Pocahontas County,US.WV.PO,45,0,
Marshall County,US.MN.MS,44,1,
Beaver County,US.OK.BA,44,0,
Hamilton County,US.KS.HM,44,0,
Stafford County,US.KS.SF,44,1,
Mackinac County,US.MI.MK,44,0,
Idaho County,US.ID.ID,44,0,
Lyon County,US.KY.LY,43,4,
Custer County,US.ID.CU,43,0,
Tillamook County,US.OR.TI,43,0,
Lexington city,US.VA.LX,43,1,
Foster County,US.ND.FO,43,0,
Day County,US.SD.DY,43,0,
Faulk County,US.SD.FU,43,1,
Caribou County,US.ID.CR,43,0,
Washita County,US.OK.WT,43,0,
Lake County,US.MN.LE,43,0,
Knox County,US.MO.KN,43,0,
Wheeler County,US.TX.WL,42,0,
Carter County,US.MO.CR,42,1,
Aurora County,US.SD.AU,42,0,
Russell County,US.KS.RS,42,0,
Iron County,US.MO.IR,42,0,
Big Stone County,US.MN.BI,42,0,
Leslie County,US.KY.LS,42,0,
Stark County,US.IL.SA,42,1,
Cochran County,US.TX.CC,42,1,
Stillwater County,US.MT.ST,41,2,
McKean County,US.PA.MC,41,2,
San Saba County,US.TX.SS,41,0,
Ness County,US.KS.NS,41,1,
Sanders County,US.MT.SA,41,0,
Morgan County,US.WV.MA,41,0,
Audubon County,US.IA.AU,41,1,
Jefferson County,US.MT.JE,41,0,
Pembina County,US.ND.PE,41,0,
Hudspeth County,US.TX.HU,41,2,
Harmon County,US.OK.HM,40,0,
Vinton County,US.OH.VI,40,2,
Aroostook County,US.ME.AR,40,1,
Rooks County,US.KS.RO,40,0,
Webster County,US.GA.WT,40,2,
Republic County,US.KS.RP,39,0,
Warren County,US.IN.WN,39,1,
Edmunds County,US.SD.ED,39,0,
Griggs County,US.ND.GI,39,1,
Gregory County,US.SD.GE,39,1,
Golden Valley County,US.ND.GO,39,0,
Greenwood County,US.KS.GW,39,0,
Mitchell County,US.KS.MC,38,0,
Fergus County,US.MT.FE,38,0,
Sitka City and Borough,US.AK.SI,38,0,
Sierra County,US.NM.SI,38,1,
Iron County,US.MI.IR,38,1,
White Pine County,US.NV.WH,38,1,
Richardson County,US.NE.RI,38,1,
Fulton County,US.PA.FU,38,2,
Alcona County,US.MI.AC,38,2,
Mahnomen County,US.MN.MH,38,1,
Warren County,US.PA.WR,37,1,
Culberson County,US.TX.UL,37,2,
Owsley County,US.KY.OS,37,1,
Kidder County,US.ND.KI,37,0,
Bracken County,US.KY.BK,37,0,
Jefferson County,US.OK.JE,37,0,
Roane County,US.WV.RO,37,1,
Atchison County,US.MO.AT,37,0,
Ashland County,US.WI.AS,37,1,
Clay County,US.KS.CY,37,2,
Lewis County,US.WV.LE,36,2,
Lincoln County,US.ME.LI,36,1,
Dade County,US.MO.DD,36,0,
Clear Creek County,US.CO.CL,36,1,
Ontonagon County,US.MI.ON,36,0,
Chariton County,US.MO.CI,36,0,
Cavalier County,US.ND.CV,36,0,
Price County,US.WI.PC,36,0,
Cherry County,US.NE.CH,35,1,
Mills County,US.TX.MS,35,0,
Glascock County,US.GA.GS,35,2,
Moffat County,US.CO.MF,35,1,
Barbour County,US.WV.BB,35,1,
Menifee County,US.KY.ME,35,0,
Nelson County,US.ND.NE,34,0,
Ringgold County,US.IA.RI,34,2,
Bottineau County,US.ND.BT,34,0,
Rush County,US.KS.RH,34,0,
Sweet Grass County,US.MT.SW,34,1,
Stanton County,US.NE.ST,34,0,
Allen County,US.KS.AL,34,0,
Fillmore County,US.NE.FI,34,1,
Polk County,US.NE.PO,34,1,
Edwards County,US.TX.ED,34,1,
Lincoln County,US.WA.LI,34,1,
Red Lake County,US.MN.RD,33,0,
Caledonia County,US.VT.CA,33,0,
Calhoun County,US.IL.CH,33,0,
Emmons County,US.ND.EM,33,1,
Knox County,US.ME.KN,33,1,
Bennett County,US.SD.BN,33,0,
Hettinger County,US.ND.HE,33,0,
Boone County,US.NE.BO,33,0,
Douglas County,US.SD.DO,32,0,
Guadalupe County,US.NM.GU,32,1,
Costilla County,US.CO.CS,32,1,
Harrison County,US.OH.HR,31,1,
Box Butte County,US.NE.BX,31,0,
Elliott County,US.KY.EL,31,0,
Wilson County,US.KS.WL,31,0,
Dickey County,US.ND.DC,31,0,
Florence County,US.WI.FL,31,0,
Quitman County,US.GA.QU,31,1,
Rusk County,US.WI.RU,31,1,
Union County,US.NM.UN,31,2,
Conejos County,US.CO.CN,31,0,
Perkins County,US.NE.PE,31,7,
Schuyler County,US.IL.SU,31,0,
Bear Lake County,US.ID.BK,31,0,
Sheridan County,US.NE.SD,31,0,
St. Clair County,US.MO.SC,30,0,
Lake County,US.OR.LK,30,0,
Cheyenne County,US.NE.CY,30,0,
Lake County,US.MI.LK,30,0,
Hot Springs County,US.WY.HO,30,0,
Norton city,US.VA.NC,30,0,
Pierce County,US.ND.PI,30,0,
Edwards County,US.KS.ED,30,0,
Woods County,US.OK.WS,30,0,
Wells County,US.ND.WE,29,0,
Wolfe County,US.KY.WL,29,0,
Oscoda County,US.MI.OO,29,1,
Johnson County,US.NE.JO,29,0,
Menominee County,US.WI.MN,29,0,
Covington city,US.VA.CV,29,0,
San Juan County,US.WA.SA,29,0,
Clay County,US.WV.CY,29,2,
LaMoure County,US.ND.LA,28,0,
Schuyler County,US.NY.SU,28,0,
Antelope County,US.NE.AN,28,1,
Furnas County,US.NE.FU,28,1,
Ferry County,US.WA.FE,28,0,
Prince of Wales-Hyder Census Area,US.AK.PH,28,0,
Woodruff County,US.AR.WO,28,0,
Putnam County,US.MO.PN,28,1,
Grant County,US.OK.GN,27,0,
Holt County,US.NE.HT,27,0,
Johnson County,US.WY.JO,27,1,
Los Alamos County,US.NM.LO,27,0,
Tripp County,US.SD.TR,27,0,
Nicholas County,US.KY.NI,27,1,
Thayer County,US.NE.TA,27,0,
Lipscomb County,US.TX.LM,26,0,
Reynolds County,US.MO.RE,26,0,
Kingsbury County,US.SD.KI,25,0,
Potter County,US.PA.PO,25,0,
Mellette County,US.SD.ML,25,0,
Potter County,US.SD.PO,25,0,
Ouray County,US.CO.OU,25,1,
Mercer County,US.MO.MC,25,0,
Steele County,US.ND.SE,25,0,
Hanson County,US.SD.HS,25,0,
Burke County,US.ND.BK,25,1,
Ellsworth County,US.KS.EW,25,0,
Adams County,US.ID.AM,25,1,
Calhoun County,US.AR.CA,25,0,
Norton County,US.KS.NT,24,0,
Rio Blanco County,US.CO.RB,24,0,
Colfax County,US.NM.CO,24,1,
Graham County,US.KS.GH,24,1,
Gosper County,US.NE.GO,24,0,
Lac Qui Parle County,US.MN.LC,24,0,
Morris County,US.KS.MR,24,0,
Traverse County,US.MN.TR,24,0,
Dewey County,US.OK.DW,24,1,
Brown County,US.IL.BR,24,0,
Pope County,US.IL.PE,23,1,
Adams County,US.IA.AM,23,0,
Kinney County,US.TX.KN,23,1,
Craig County,US.VA.CG,23,0,
Wallowa County,US.OR.WW,23,1,
Jefferson County,US.NE.JE,23,0,
Stanley County,US.SD.ST,23,0,
Shackelford County,US.TX.SC,23,0,
Matthews County,US.VA.MT,23,0,
Noble County,US.OH.NO,23,0,
Curry County,US.OR.CU,23,0,
Clark County,US.SD.CK,23,0,
Emery County,US.UT.EM,23,0,
Clark County,US.ID.CA,22,0,
Hardeman County,US.TX.RD,22,0,
Scotland County,US.MO.SO,22,1,
Clearwater County,US.ID.CE,22,0,
Hardin County,US.IL.HI,22,0,
Clearwater County,US.MN.CE,22,0,
Phillips County,US.CO.PH,22,0,
Putnam County,US.IL.PT,22,0,
Perkins County,US.SD.PR,22,0,
Trego County,US.KS.TR,22,1,
Oneida County,US.ID.ON,22,0,
Presque Isle County,US.MI.PR,22,1,
Bowman County,US.ND.BW,21,0,
Upton County,US.TX.UP,21,2,
Hoonah-Angoon Census Area,US.AK.HH,21,0,
Summers County,US.WV.SU,21,0,
Orange County,US.VT.OA,21,0,
Harper County,US.OK.HP,21,0,
Granite County,US.MT.GN,21,0,
Menard County,US.TX.EN,21,0,
Franklin County,US.NE.FA,20,0,
Gilmer County,US.WV.GI,20,0,
Red Willow County,US.NE.RE,20,0,
Musselshell County,US.MT.MU,20,0,
Butte County,US.ID.BT,20,0,
Valley County,US.NE.VA,20,0,
Sargent County,US.ND.SG,20,0,
Las Animas County,US.CO.LS,20,0,
Coos County,US.NH.CO,20,0,
Pershing County,US.NV.PE,20,0,
Schuyler County,US.MO.SH,20,0,
Rock County,US.NE.RO,19,0,
Taliaferro County,US.GA.TA,19,0,
Marshall County,US.SD.MS,19,0,
Mineral County,US.CO.MI,19,0,
Southeast Fairbanks Census Area,US.AK.SO,19,0,
Gove County,US.KS.GO,19,0,
Sherman County,US.KS.SH,19,0,
Delta County,US.TX.DT,19,0,
Alfalfa County,US.OK.AL,19,0,
Sherman County,US.OR.SH,18,0,
Kodiak Island Borough,US.AK.KO,18,0,
Marshall County,US.KS.MS,18,0,
Gilpin County,US.CO.GI,18,0,
Sherman County,US.NE.SM,18,1,
Calhoun County,US.WV.CH,18,0,
Teton County,US.MT.TE,18,0,
Cottle County,US.TX.OT,18,2,
McMullen County,US.TX.MM,18,0,
Carson County,US.TX.CN,17,0,
Miner County,US.SD.ME,17,0,
Baca County,US.CO.BA,17,0,
Custer County,US.CO.CU,17,0,
Collingsworth County,US.TX.CG,17,0,
Orleans County,US.VT.OL,17,0,
Alger County,US.MI.AG,17,0,
Lake of the Woods County,US.MN.LO,16,1,
Chase County,US.NE.CE,16,0,
Garfield County,US.MT.GF,16,0,
Hodgeman County,US.KS.HG,16,0,
Kimble County,US.TX.KM,16,1,
Pondera County,US.MT.PN,16,0,
Worth County,US.MO.WO,16,0,
Broadwater County,US.MT.BR,16,0,
Hall County,US.TX.HA,16,1,
Sanborn County,US.SD.SA,16,0,
Schoolcraft County,US.MI.SR,16,0,
Hand County,US.SD.HD,15,0,
Kiowa County,US.KS.KW,15,0,
Tyler County,US.WV.TY,15,0,
Washington County,US.ME.WS,15,0,
Kimball County,US.NE.KB,15,0,
Oldham County,US.TX.OL,15,1,
Blaine County,US.MT.BL,15,0,
Columbia County,US.WA.CM,15,1,
Pleasants County,US.WV.PL,15,2,
Lake and Peninsula Borough,US.AK.LA,15,0,
Webster County,US.NE.WE,14,0,
Nance County,US.NE.NA,14,0,
Crook County,US.WY.CK,14,0,
Roger Mills County,US.OK.RR,14,1,
Baylor County,US.TX.BR,14,0,
Jeff Davis County,US.TX.JF,14,0,
Cimarron County,US.OK.CO,14,0,
McPherson County,US.SD.MP,14,0,
Forest County,US.PA.FO,14,0,
Washington County,US.KS.WS,14,0,
Hamilton County,US.NY.HA,14,1,
McCone County,US.MT.MC,14,0,
Jewell County,US.KS.JW,14,1,
Lee County,US.KY.LE,13,0,
Montmorency County,US.MI.MR,13,0,
Greeley County,US.NE.GE,13,0,
Grand Isle County,US.VT.GR,13,0,
Trinity County,US.CA.TR,13,0,
Doddridge County,US.WV.DO,13,0,
Logan County,US.ND.LO,13,0,
Pawnee County,US.NE.PA,12,0,
Tucker County,US.WV.TU,12,0,
Harney County,US.OR.HA,12,0,
Sedgwick County,US.CO.SE,12,1,
Briscoe County,US.TX.BO,12,1,
Jackson County,US.SD.JA,12,1,
Mineral County,US.NV.MI,12,0,
Wrangell City and Borough,US.AK.WG,12,0,
Woodson County,US.KS.WO,12,0,
Modoc County,US.CA.MC,12,0,
Morton County,US.KS.MT,11,2,
Chautauqua County,US.KS.CQ,11,0,
Armstrong County,US.TX.AM,11,0,
Nuckolls County,US.NE.NU,11,0,
Catron County,US.NM.CA,11,1,
Rich County,US.UT.RH,11,0,
Renville County,US.ND.RE,11,0,
Chouteau County,US.MT.CH,11,0,
Towner County,US.ND.TO,11,0,
Bent County,US.CO.BE,11,0,
Huerfano County,US.CO.HU,10,1,
Lincoln County,US.KS.LC,10,0,
Kittson County,US.MN.KI,10,0,
Irion County,US.TX.IR,10,0,
Oliver County,US.ND.OL,10,0,
Wallace County,US.KS.WA,10,0,
Sheridan County,US.KS.SD,10,0,
Sullivan County,US.PA.SL,10,0,
Boyd County,US.NE.BY,10,0,
Powell County,US.MT.PL,10,0,
Eureka County,US.NV.EU,10,0,
Luce County,US.MI.LU,9,0,
Meagher County,US.MT.ME,9,0,
Cheyenne County,US.KS.CN,9,0,
Comanche County,US.KS.CM,9,0,
Cheyenne County,US.CO.CE,9,0,
Grant County,US.ND.GT,9,0,
Storey County,US.NV.ST,9,0,
Adams County,US.ND.AD,9,0,
Sheridan County,US.ND.SH,9,0,
Braxton County,US.WV.BX,9,0,
Lewis County,US.ID.LW,9,0,
Jackson County,US.CO.JA,9,0,
Stonewall County,US.TX.SA,9,1,
Dundy County,US.NE.DY,9,0,
Robertson County,US.KY.RB,9,0,
Wibaux County,US.MT.WI,8,0,
Grant County,US.OR.GR,8,0,
Sully County,US.SD.SU,8,0,
Hyde County,US.SD.HY,8,0,
Lincoln County,US.CO.LI,8,0,
Harlan County,US.NE.HR,8,0,
Roberts County,US.TX.RS,8,0,
Kusilvak Census Area,US.AK.WA,8,0,
Baraga County,US.MI.BA,8,0,
Lane County,US.KS.LE,8,0,
Liberty County,US.MT.LB,8,0,
Wirt County,US.WV.WI,8,0,
Garden County,US.NE.GD,8,0,
Cameron County,US.PA.CE,8,0,
Piscataquis County,US.ME.PI,8,0,
Platte County,US.WY.PL,7,1,
Billings County,US.ND.BI,7,0,
Haakon County,US.SD.HA,7,0,
Kent County,US.TX.KT,7,0,
Slope County,US.ND.SL,7,0,
Kenedy County,US.TX.KE,7,1,
Motley County,US.TX.MY,7,0,
Petersburg Census Area,US.AK.PB,7,1,
Webster County,US.WV.WB,7,0,
Aleutians West Census Area,US.AK.AW,6,0,
Mora County,US.NM.MO,6,0,
Highland County,US.VA.HA,6,0,
Sierra County,US.CA.SE,6,0,
Frontier County,US.NE.FO,6,0,
Piute County,US.UT.PT,6,0,
Decatur County,US.KS.DC,6,0,
San Juan County,US.CO.SJ,6,0,
Divide County,US.ND.DV,6,0,
Ellis County,US.OK.EL,6,0,
Essex County,US.VT.ES,6,0,
Garfield County,US.NE.GF,6,0,
Sioux County,US.NE.SI,6,0,
Judith Basin County,US.MT.JU,6,0,
Glasscock County,US.TX.GC,6,0,
Jones County,US.SD.JO,6,0,
Ritchie County,US.WV.RI,6,0,
Wahkiakum County,US.WA.WH,6,0,
Hooker County,US.NE.HO,6,0,
Lincoln County,US.NV.LI,6,0,
Smith County,US.KS.SM,6,0,
Cook County,US.MN.CO,6,0,
McPherson County,US.NE.MC,6,0,
Logan County,US.NE.LG,5,0,
Osborne County,US.KS.OB,5,0,
Throckmorton County,US.TX.TH,5,2,
Thomas County,US.NE.TO,5,0,
Dillingham Census Area,US.AK.DI,5,0,
Brown County,US.NE.BW,5,0,
Wichita County,US.KS.WH,5,0,
Sheridan County,US.MT.SH,5,0,
Greeley County,US.KS.GL,4,0,
Haines Borough,US.AK.HA,4,0,
Campbell County,US.SD.CP,4,0,
Gilliam County,US.OR.GI,4,0,
Garfield County,US.WA.GF,4,0,
Barber County,US.KS.AB,4,0,
Bath County,US.VA.BA,4,0,
Keweenaw County,US.MI.KW,4,0,
Fallon County,US.MT.FA,4,0,
Sterling County,US.TX.SI,4,0,
Logan County,US.KS.LG,4,0,
Camas County,US.ID.CM,4,0,
Wheatland County,US.MT.WH,3,0,
Daniels County,US.MT.DN,3,0,
Niobrara County,US.WY.NI,3,0,
Golden Valley County,US.MT.GO,3,0,
Deuel County,US.NE.DL,3,0,
Hinsdale County,US.CO.HI,3,0,
Treasure County,US.MT.TR,3,0,
Foard County,US.TX.FD,3,0,
Terrell County,US.TX.TL,3,0,
Harding County,US.NM.HA,2,0,
Harding County,US.SD.HR,2,0,
Denali Borough,US.AK.DE,2,0,
Aleutians East Borough,US.AK.AE,2,0,
Mineral County,US.MT.MN,2,0,
Powder River County,US.MT.PD,2,0,
Alpine County,US.CA.AP,2,0,
Hitchcock County,US.NE.HI,2,0,
Banner County,US.NE.BA,2,0,
Wayne County,US.UT.WE,2,0,
Loup County,US.NE.LU,2,0,
Dolores County,US.CO.DO,2,0,
Arthur County,US.NE.AR,1,0,
Keya Paha County,US.NE.KY,1,0,
Rawlins County,US.KS.RA,1,0,
Elk County,US.KS.EK,1,0,
Prairie County,US.MT.PR,1,0,
Wheeler County,US.NE.WH,1,0,
Loving County,US.TX.LI,0,0,
Borden County,US.TX.BD,0,0,
Blaine County,US.NE.BL,0,0,
Hayes County,US.NE.HY,0,0,
Petroleum County,US.MT.PO,0,0,
Daggett County,US.UT.DG,0,0,
Esmeralda County,US.NV.ES,0,0,
King County,US.TX.KG,0,0,
Kiowa County,US.CO.KO,0,0,
De Baca County,US.NM.DE,0,0,
Wheeler County,US.OR.WE,0,0,
Bristol Bay Borough,US.AK.BR,0,0,
Grant County,US.NE.GA,0,0,
Yakutat City and Borough,US.AK.YA,0,0,
Carter County,US.MT.CT,0,0,
Kalawao County,US.HI.KL,0,0,
Skagway Municipality,US.AK.SW,0,0,
