County,hasc,confirmed,death,recovered
Los Angeles County,US.CA.LO,211808,5057,
Miami-Dade County,US.FL.DA,135130,1909,
Maricopa County,US.AZ.MA,126791,2382,
Cook County,US.IL.CO,112484,4933,
Harris County,US.TX.RR,86563,1616,
Queens County,US.NY.QU,68733,7199,
Broward County,US.FL.BO,63605,856,
Kings County,US.NY.KI,63308,7261,
Dallas County,US.TX.DS,55255,752,
Bronx County,US.NY.BN,50278,4871,
Clark County,US.NV.CL,49646,828,
Suffolk County,US.NY.SF,43893,1998,
Nassau County,US.NY.NA,43724,2195,
Riverside County,US.CA.RI,43376,824,
Bexar County,US.TX.BX,43164,806,
Orange County,US.CA.OR,41578,734,
Palm Beach County,US.FL.PL,37641,940,
San Bernardino County,US.CA.SA,37315,549,
Westchester County,US.NY.WE,36272,1447,
San Diego County,US.CA.SD,33157,602,
Hillsborough County,US.FL.HL,32996,395,
Tarrant County,US.TX.TN,32469,457,
Orange County,US.FL.OR,32042,315,
New York County,US.NY.NE,31071,3153,
Wayne County,US.MI.WY,28423,2828,
Philadelphia County,US.PA.PH,26895,1710,
Middlesex County,US.MA.MI,26565,2006,
Kern County,US.CA.KE,24995,183,
Prince George's County,US.MD.PR,24009,761,
Duval County,US.FL.DU,23741,198,
Shelby County,US.TN.SY,23625,314,
Travis County,US.TX.TV,22953,271,
Mecklenburg County,US.NC.MB,22462,233,
Suffolk County,US.MA.SU,22017,1076,
Milwaukee County,US.WI.MU,21331,458,
Salt Lake County,US.UT.SL,20903,200,
Fulton County,US.GA.FU,20874,445,
Davidson County,US.TN.DA,20865,219,
Bergen County,US.NJ.BE,20864,2038,
Gwinnett County,US.GA.GW,20382,272,
Hidalgo County,US.TX.HG,20148,654,
Essex County,US.NJ.ES,19776,2113,
Hudson County,US.NJ.HD,19717,1505,
Hennepin County,US.MN.HE,19569,839,
Franklin County,US.OH.FR,18697,529,
Montgomery County,US.MD.MO,18558,803,
Pima County,US.AZ.PM,18381,501,
Pinellas County,US.FL.PI,18103,513,
Fairfield County,US.CT.FA,18081,1409,
Fresno County,US.CA.FR,17978,191,
Middlesex County,US.NJ.MI,17959,1408,
Essex County,US.MA.ES,17930,1194,
Passaic County,US.NJ.PA,17705,1242,
El Paso County,US.TX.EP,16936,299,
Cameron County,US.TX.CA,16906,454,
King County,US.WA.KN,16808,686,
Union County,US.NJ.UN,16749,1349,
Lee County,US.FL.LE,16718,351,
Fairfax County,US.VA.FX,16544,529,
Marion County,US.IN.MO,16088,730,
Oakland County,US.MI.OD,15751,1131,
Jefferson Parish,US.LA.JF,15452,529,
Providence County,US.RI.PR,15047,812,
Richmond County,US.NY.RI,14953,1077,
St. Louis County,US.MO.SL,14869,666,
Polk County,US.FL.PO,14645,326,
DeKalb County,US.GA.DA,14292,242,
Cobb County,US.GA.CB,14006,323,
Rockland County,US.NY.RO,13954,507,
San Joaquin County,US.CA.SJ,13870,235,
Cuyahoga County,US.OH.CU,13734,505,
Worcester County,US.MA.WO,13686,1007,
Alameda County,US.CA.AA,13664,205,
Jefferson County,US.AL.JE,13653,248,
Baltimore County,US.MD.BC,13374,566,
New Haven County,US.CT.NH,13240,1106,
Santa Clara County,US.CA.SL,12962,207,
Washington,US.DC.DI,12896,593,
Baltimore City,US.MD.BA,12893,431,
Lake County,US.IL.LK,12852,447,
Hartford County,US.CT.HA,12826,1415,
Charleston County,US.SC.CS,12454,203,
DuPage County,US.IL.DU,12427,522,
East Baton Rouge Parish,US.LA.EB,12377,354,
Nueces County,US.TX.NU,12376,150,
Sacramento County,US.CA.SC,12274,179,
Wake County,US.NC.WK,12148,175,
Yuma County,US.AZ.YU,11633,285,
Tulare County,US.CA.TL,11549,198,
Douglas County,US.NE.DG,11354,133,
Orange County,US.NY.OE,11180,408,
Jackson County (including other portions of Kansas City),US.MO.JC,11040,116,
Greenville County,US.SC.GV,11028,213,
Stanislaus County,US.CA.ST,10855,177,
Orleans Parish,US.LA.OR,10805,562,
Oklahoma County,US.OK.OL,10794,115,
Tulsa County,US.OK.TU,10747,108,
Norfolk County,US.MA.NO,10682,997,
Macomb County,US.MI.MB,10676,948,
Mobile County,US.AL.MB,10673,217,
Ocean County,US.NJ.OC,10640,1020,
Collier County,US.FL.CL,10487,143,
Yakima County,US.WA.YA,10389,211,
Polk County,US.IA.PK,10359,207,
Monmouth County,US.NJ.MN,10348,856,
Denver County,US.CO.DN,10319,417,
Montgomery County,US.PA.MG,10187,858,
Fort Bend County,US.TX.FR,10021,164,
Kane County,US.IL.KE,9878,305,
Imperial County,US.CA.IM,9867,244,
Osceola County,US.FL.OS,9858,106,
Escambia County,US.FL.ES,9807,131,
Contra Costa County,US.CA.CN,9787,146,
Hamilton County,US.OH.HM,9766,257,
Prince William County,US.VA.PW,9566,176,
Galveston County,US.TX.GV,9514,114,
Will County,US.IL.WL,9413,346,
Bristol County,US.MA.BR,9408,637,
Manatee County,US.FL.MN,9395,234,
Delaware County,US.PA.DE,9347,701,
Ada County,US.ID.AA,9315,85,
Plymouth County,US.MA.PL,9288,723,
Allegheny County,US.PA.AL,9008,254,
Erie County,US.NY.ER,8987,599,
Richland County,US.SC.RI,8917,154,
Utah County,US.UT.UT,8887,37,
Ventura County,US.CA.VE,8740,93,
Horry County,US.SC.HO,8678,160,
Camden County,US.NJ.CM,8614,580,
Pinal County,US.AZ.PN,8509,156,
Jefferson County,US.KY.JF,8279,242,
Webb County,US.TX.WB,8262,100,
Mercer County,US.NJ.ME,8139,621,
Volusia County,US.FL.VO,8040,140,
Collin County,US.TX.CI,7833,84,
Denton County,US.TX.DN,7745,91,
Lafayette Parish,US.LA.LY,7723,96,
Ramsey County,US.MN.RA,7717,268,
San Francisco County,US.CA.SF,7692,67,
Lake County,US.IN.LK,7688,278,
Hampden County,US.MA.HD,7637,709,
Kent County,US.MI.KN,7600,157,
Brazoria County,US.TX.BI,7591,96,
Anne Arundel County,US.MD.AN,7450,227,
Arapahoe County,US.CO.AA,7377,362,
New Castle County,US.DE.NE,7276,291,
Morris County,US.NJ.MR,7273,829,
Bucks County,US.PA.BC,7231,582,
Seminole County,US.FL.SE,7219,130,
Pasco County,US.FL.PS,7172,131,
Santa Barbara County,US.CA.SB,7074,73,
Montgomery County,US.AL.MT,6969,154,
Williamson County,US.TX.WM,6893,95,
Calcasieu Parish,US.LA.CC,6862,146,
Caddo Parish,US.LA.CO,6739,296,
Marion County,US.FL.MI,6668,102,
Montgomery County,US.TX.MG,6654,87,
Rutherford County,US.TN.RU,6629,55,
Adams County,US.CO.AD,6581,177,
San Mateo County,US.CA.SM,6431,122,
Washington County,US.AR.WA,6321,52,
Hamilton County,US.TN.HL,6315,55,
Sarasota County,US.FL.SR,6314,162,
Lubbock County,US.TX.LU,6222,75,
Durham County,US.NC.DH,6221,80,
Hall County,US.GA.HL,6206,99,
Brevard County,US.FL.BE,6190,157,
Merced County,US.CA.MD,6102,74,
Burlington County,US.NJ.BU,6042,474,
Lancaster County,US.PA.LN,5999,414,
Jefferson County,US.TX.JE,5977,84,
Canyon County,US.ID.CN,5951,51,
St. Lucie County,US.FL.SL,5920,180,
Chatham County,US.GA.CM,5914,76,
Johnson County,US.KS.JO,5913,105,
Sussex County,US.DE.SU,5867,192,
Washoe County,US.NV.WA,5835,120,
Pierce County,US.WA.PI,5801,143,
Pulaski County,US.AR.PU,5706,86,
Guilford County,US.NC.GU,5704,156,
Hinds County,US.MS.HI,5700,119,
Madison County,US.AL.MD,5585,39,
Snohomish County,US.WA.SN,5532,198,
Monterey County,US.CA.MT,5494,37,
Marin County,US.CA.MN,5471,81,
Lucas County,US.OH.LU,5448,326,
Berks County,US.PA.BK,5431,369,
Navajo County,US.AZ.NA,5391,202,
Loudoun County,US.VA.LD,5346,115,
St. Tammany Parish,US.LA.ST,5323,215,
Forsyth County,US.NC.FO,5317,52,
Somerset County,US.NJ.SO,5265,562,
Lake County,US.FL.LK,5229,68,
Sedgwick County,US.KS.SG,5207,46,
Bernalillo County,US.NM.BE,5196,134,
City of St. Louis,US.MO.SY,5190,163,
El Paso County,US.CO.EL,5183,140,
Clayton County,US.GA.CN,5154,111,
Chester County,US.PA.CH,5148,348,
Leon County,US.FL.LO,5116,26,
Virginia Beach City,US.VA.VI,5111,54,
Wyandotte County,US.KS.WY,5067,101,
Hays County,US.TX.HY,5050,41,
Lexington County,US.SC.LX,5032,113,
McLennan County,US.TX.ML,5031,57,
Multnomah County,US.OR.MU,5014,98,
Monroe County,US.NY.MR,5002,255,
Lehigh County,US.PA.LH,4992,338,
Elkhart County,US.IN.EL,4926,85,
Ouachita Parish,US.LA.OU,4923,114,
Muscogee County,US.GA.MG,4826,102,
Benton County,US.AR.BE,4805,43,
Knox County,US.TN.KN,4750,40,
Dutchess County,US.NY.DU,4619,153,
Dane County,US.WI.DA,4578,38,
Spokane County,US.WA.SP,4561,93,
Bay County,US.FL.BY,4523,52,
Richmond County,US.GA.RI,4509,94,
Dakota County,US.MN.DA,4507,106,
Minnehaha County,US.SD.MN,4457,68,
Kings County,US.CA.KI,4453,56,
Chesterfield County,US.VA.CD,4439,80,
Montgomery County,US.OH.MT,4438,96,
Tuscaloosa County,US.AL.TU,4402,81,
Waukesha County,US.WI.WK,4354,59,
Brown County,US.WI.BW,4340,54,
Solano County,US.CA.SN,4338,41,
Berkeley County,US.SC.BK,4272,68,
Jefferson County,US.CO.JE,4258,233,
Alachua County,US.FL.AL,4246,26,
St. Charles County,US.MO.SA,4226,87,
Beaufort County,US.SC.BA,4194,57,
Spartanburg County,US.SC.SP,4172,102,
St. Clair County,US.IL.SI,4107,161,
Brazos County,US.TX.BZ,4069,47,
McKinley County,US.NM.MC,4067,227,
Santa Rosa County,US.FL.SA,4013,40,
Allen County,US.IN.AL,4002,163,
Bell County,US.TX.BL,3957,39,
Henrico County,US.VA.HC,3948,186,
Northampton County,US.PA.NA,3944,292,
Howard County,US.MD.HO,3913,112,
Hillsborough County,US.NH.HI,3863,279,
Martin County,US.FL.MT,3852,99,
Winnebago County,US.IL.WN,3797,131,
Norfolk City,US.VA.NF,3787,32,
Benton County,US.WA.BE,3776,117,
Sonoma County,US.CA.SO,3753,50,
Anoka County,US.MN.AN,3752,115,
Weld County,US.CO.WE,3742,145,
St. Johns County,US.FL.SJ,3738,36,
Baldwin County,US.AL.BD,3736,32,
Woodbury County,US.IA.WO,3729,52,
Bibb County,US.GA.BI,3715,71,
DeSoto County,US.MS.DE,3710,24,
Potter County,US.TX.PT,3689,40,
Genesee County,US.MI.GE,3674,297,
York County,US.SC.YO,3637,29,
Summit County,US.OH.SU,3614,223,
Cherokee County,US.GA.CE,3609,64,
Williamson County,US.TN.WL,3607,25,
Onondaga County,US.NY.OG,3602,176,
Okaloosa County,US.FL.OA,3587,45,
St. Joseph County,US.IN.SN,3578,83,
Whitfield County,US.GA.WF,3575,32,
Racine County,US.WI.RA,3567,79,
Shelby County,US.AL.SH,3560,39,
Franklin County,US.WA.FR,3560,49,
Tangipahoa Parish,US.LA.TA,3540,78,
Florence County,US.SC.FL,3511,117,
Atlantic County,US.NJ.AT,3497,252,
Victoria County,US.TX.VI,3494,47,
Luzerne County,US.PA.LU,3477,184,
Sumner County,US.TN.SN,3473,73,
Henry County,US.GA.HY,3457,49,
Cumberland County,US.NJ.CU,3366,158,
Honolulu County,US.HI.HO,3361,27,
Gaston County,US.NC.GS,3358,52,
Johnston County,US.NC.JH,3334,45,
Clay County,US.FL.CY,3327,52,
Rapides Parish,US.LA.RA,3327,114,
Lancaster County,US.NE.LA,3312,17,
Marshall County,US.AL.MS,3287,39,
Gloucester County,US.NJ.GL,3283,213,
Davis County,US.UT.DA,3256,21,
McHenry County,US.IL.MY,3250,114,
Lowndes County,US.GA.LW,3229,45,
Richmond City,US.VA.RC,3229,41,
Mohave County,US.AZ.MO,3226,171,
Apache County,US.AZ.AP,3197,139,
Fayette County,US.KY.FA,3182,47,
Cumberland County,US.NC.CU,3165,51,
Washington County,US.OR.WI,3161,25,
Union County,US.NC.UN,3141,43,
Black Hawk County,US.IA.BL,3138,66,
Coconino County,US.AZ.CO,3128,117,
Ellis County,US.TX.EI,3120,43,
Dorchester County,US.SC.DO,3113,50,
Arlington County,US.VA.AR,3105,135,
Frederick County,US.MD.FR,3093,121,
Walker County,US.TX.WK,3074,41,
Terrebonne Parish,US.LA.TR,3072,85,
San Juan County,US.NM.SJ,3064,185,
Cass County,US.ND.CS,3058,76,
Cleveland County,US.OK.CV,3048,56,
Alexandria City,US.VA.AX,2995,60,
Marion County,US.OR.MR,2979,73,
Butler County,US.OH.BU,2976,63,
Livingston Parish,US.LA.LV,2975,52,
Chesapeake City,US.VA.CS,2958,38,
Marion County,US.OH.MR,2935,45,
Ascension Parish,US.LA.AE,2930,77,
Columbia County,US.FL.CU,2917,16,
Stearns County,US.MN.SR,2909,20,
Lee County,US.AL.LE,2905,51,
Lafourche Parish,US.LA.LO,2863,99,
Dauphin County,US.PA.DA,2850,159,
Robeson County,US.NC.RB,2845,53,
Weber County,US.UT.WB,2831,25,
Hamilton County,US.IN.HM,2829,104,
St. Landry Parish,US.LA.SL,2778,91,
Dougherty County,US.GA.DH,2754,172,
Douglas County,US.GA.DL,2728,54,
Madison County,US.IL.MD,2702,76,
Kenosha County,US.WI.KN,2692,60,
Midland County,US.TX.ID,2676,33,
Warren County,US.KY.WR,2670,22,
Santa Cruz County,US.AZ.SA,2669,53,
Cabarrus County,US.NC.CR,2655,50,
York County,US.PA.YO,2637,94,
Acadia Parish,US.LA.AD,2634,85,
Albany County,US.NY.AB,2614,117,
Harrison County,US.MS.HR,2601,36,
Mahoning County,US.OH.MH,2595,255,
Glynn County,US.GA.GY,2593,52,
Washtenaw County,US.MI.WS,2582,113,
New Hanover County,US.NC.NE,2578,20,
Iberia Parish,US.LA.II,2561,73,
Sumter County,US.SC.SU,2557,52,
Indian River County,US.FL.IN,2555,57,
Washington County,US.UT.WN,2537,21,
Smith County,US.TX.SM,2524,24,
Dona Ana County,US.NM.DO,2517,31,
Alamance County,US.NC.AA,2496,41,
Madera County,US.CA.ME,2463,39,
Morgan County,US.AL.MG,2460,21,
Madison County,US.MS.MD,2455,69,
Orangeburg County,US.SC.OR,2450,68,
Ector County,US.TX.EC,2439,45,
Wayne County,US.NC.WY,2435,42,
Anderson County,US.TX.AE,2406,14,
Anderson County,US.SC.AN,2405,67,
Linn County,US.IA.LI,2404,88,
Pickaway County,US.OH.PC,2391,42,
Placer County,US.CA.PA,2377,24,
Bossier Parish,US.LA.BO,2374,82,
Forsyth County,US.GA.FO,2357,24,
Columbia County,US.GA.CI,2346,25,
Wilson County,US.TN.WO,2339,23,
Maverick County,US.TX.MV,2321,44,
Jackson County,US.MS.JC,2314,44,
Umatilla County,US.OR.UM,2312,30,
Troup County,US.GA.TP,2312,72,
Rankin County,US.MS.RA,2307,35,
Kent County,US.DE.KE,2306,108,
Sarpy County,US.NE.SY,2290,11,
Kaufman County,US.TX.KU,2289,25,
Charlotte County,US.FL.CH,2281,94,
San Luis Obispo County,US.CA.SS,2278,17,
Etowah County,US.AL.ET,2258,35,
Sebastian County,US.AR.SB,2250,20,
Starr County,US.TX.SR,2249,73,
Municipality of Anchorage,US.AK.AN,2222,14,
Rowan County,US.NC.RW,2220,48,
Randolph County,US.NC.RA,2191,37,
Ford County,US.KS.FO,2184,10,
Oneida County,US.NY.OD,2175,115,
Washington County,US.MN.WH,2163,45,
Catawba County,US.NC.CB,2141,28,
Clarke County,US.GA.CK,2117,19,
Johnson County,US.IA.JH,2110,19,
Cumberland County,US.ME.CU,2090,69,
Boulder County,US.CO.BO,2086,76,
Ulster County,US.NY.UL,2076,81,
Hernando County,US.FL.HA,2069,50,
Charles County,US.MD.CH,2067,91,
Saginaw County,US.MI.SG,2054,128,
Pitt County,US.NC.PI,2054,11,
Yavapai County,US.AZ.YA,2040,68,
Houston County,US.GA.HO,2023,62,
Vanderburgh County,US.IN.VA,2022,13,
Duplin County,US.NC.DP,2016,48,
Harford County,US.MD.HA,2012,69,
Bradley County,US.TN.BR,1991,15,
Montgomery County,US.TN.MT,1986,14,
Johnson County,US.TX.JH,1980,30,
Lackawanna County,US.PA.LC,1944,212,
Cache County,US.UT.CA,1943,5,
Jackson County,US.FL.JA,1936,41,
Aiken County,US.SC.AI,1934,39,
Jones County,US.MS.JO,1931,59,
Comal County,US.TX.OM,1929,70,
Gadsden County,US.FL.GA,1928,21,
Dakota County,US.NE.DK,1928,42,
Hendricks County,US.IN.HD,1927,108,
Bartow County,US.GA.BT,1914,64,
Calhoun County,US.AL.CN,1914,19,
Carroll County,US.GA.CL,1905,51,
Buncombe County,US.NC.BO,1905,49,
Sevier County,US.TN.SV,1902,9,
Yolo County,US.CA.YO,1898,45,
DeKalb County,US.AL.DA,1896,17,
Dallas County,US.IA.DL,1887,35,
Stark County,US.OH.ST,1884,140,
Iredell County,US.NC.IR,1879,17,
Pickens County,US.SC.PI,1876,27,
Newton County,US.GA.NE,1865,40,
Kootenai County,US.ID.KO,1856,16,
Newport News City,US.VA.NN,1855,19,
Ottawa County,US.MI.OT,1852,56,
Elmore County,US.AL.EL,1843,41,
Portsmouth City,US.VA.PR,1833,25,
Angelina County,US.TX.AG,1828,46,
Forrest County,US.MS.FO,1826,56,
Clark County,US.WA.CR,1823,43,
Warren County,US.OH.WR,1821,39,
Lorain County,US.OH.LR,1813,77,
Hendry County,US.FL.HR,1805,38,
Barnstable County,US.MA.BA,1803,158,
Cass County,US.IN.CS,1802,9,
Kankakee County,US.IL.KK,1802,69,
Putnam County,US.TN.PU,1800,18,
Davidson County,US.NC.DD,1797,18,
Finney County,US.KS.FI,1795,11,
Buena Vista County,US.IA.BV,1794,12,
Johnson County,US.IN.JO,1789,119,
Jasper County,US.MO.JS,1780,31,
Nobles County,US.MN.NB,1768,6,
Olmsted County,US.MN.OL,1767,23,
Rock Island County,US.IL.RO,1764,36,
Tom Green County,US.TX.TG,1760,26,
Douglas County,US.CO.DU,1759,59,
Randall County,US.TX.RA,1747,21,
Hall County,US.NE.HL,1746,45,
Paulding County,US.GA.PA,1744,23,
St. Martin Parish,US.LA.SR,1734,46,
Cochise County,US.AZ.CH,1730,54,
Scott County,US.IA.SC,1727,14,
Washington County,US.MS.WS,1701,42,
Rockingham County,US.NH.RO,1698,96,
Guadalupe County,US.TX.GU,1696,56,
Champaign County,US.IL.CM,1693,19,
Dubuque County,US.IA.DU,1692,31,
Burke County,US.NC.BK,1677,26,
Columbiana County,US.OH.CL,1671,60,
Peoria County,US.IL.PI,1667,36,
Manassas City,US.VA.MS,1666,22,
Jefferson County,US.MO.JE,1663,26,
Kalamazoo County,US.MI.KA,1655,83,
Monroe County,US.PA.MR,1642,124,
St. Mary Parish,US.LA.SM,1631,55,
Lebanon County,US.PA.LB,1621,55,
Greene County,US.MO.GE,1621,10,
Litchfield County,US.CT.LI,1618,138,
Vermilion Parish,US.LA.VM,1611,27,
Shawnee County,US.KS.SN,1611,19,
Citrus County,US.FL.CI,1594,37,
Scott County,US.MN.SC,1590,20,
Larimer County,US.CO.LR,1590,37,
Jefferson County,US.AR.JE,1584,40,
Walker County,US.AL.WK,1584,68,
Trousdale County,US.TN.TR,1583,6,
Floyd County,US.GA.FL,1580,18,
Robertson County,US.TN.RB,1578,20,
Clackamas County,US.OR.CC,1571,44,
Carroll County,US.MD.CR,1567,117,
Colquitt County,US.GA.CQ,1565,24,
Grant County,US.WA.GN,1562,13,
Ingham County,US.MI.IH,1558,31,
Hot Spring County,US.AR.HT,1557,12,
Westmoreland County,US.PA.WE,1555,47,
Trumbull County,US.OH.TR,1549,108,
Monroe County,US.FL.MO,1548,13,
Putnam County,US.FL.PU,1539,27,
Coweta County,US.GA.CA,1539,22,
Lee County,US.MS.LE,1521,42,
Sampson County,US.NC.SP,1516,15,
Spotsylvania County,US.VA.SP,1514,36,
Leavenworth County,US.KS.LV,1513,9,
Niagara County,US.NY.NI,1512,88,
Suwannee County,US.FL.SW,1507,44,
Wilson County,US.NC.WO,1502,34,
Coffee County,US.GA.CF,1497,30,
Henderson County,US.NC.HN,1495,54,
Kent County,US.RI.KE,1494,102,
Orange County,US.TX.OR,1493,22,
St. Charles Parish,US.LA.SC,1492,52,
Sullivan County,US.NY.SL,1490,37,
Houston County,US.AL.HO,1486,15,
Georgetown County,US.SC.GR,1479,19,
St. Clair County,US.AL.SA,1474,21,
Highlands County,US.FL.HG,1474,37,
New London County,US.CT.NL,1467,103,
Putnam County,US.NY.PU,1449,63,
Marshall County,US.IA.MS,1446,26,
Dallas County,US.AL.DL,1444,24,
Rock County,US.WI.RO,1444,26,
Greenwood County,US.SC.GW,1442,18,
Hale County,US.TX.HE,1439,29,
Twin Falls County,US.ID.TW,1435,32,
St. John the Baptist Parish,US.LA.SO,1434,92,
Kenton County,US.KY.KE,1431,41,
Boone County,US.MO.BO,1429,3,
Walton County,US.FL.WL,1428,16,
Russell County,US.AL.RU,1423,2,
Hamblen County,US.TN.HB,1420,16,
Gregg County,US.TX.GE,1416,27,
Fairfield County,US.OH.FI,1416,32,
Lauderdale County,US.MS.LU,1415,92,
Kershaw County,US.SC.KE,1409,27,
Middlesex County,US.CT.MI,1408,192,
Stafford County,US.VA.SF,1405,9,
Kendall County,US.IL.KA,1398,23,
Craighead County,US.AR.CG,1389,12,
Limestone County,US.AL.LI,1387,14,
Crittenden County,US.AR.CD,1381,23,
Berrien County,US.MI.BN,1381,67,
DeSoto County,US.FL.DE,1377,18,
Bastrop County,US.TX.BP,1375,21,
Franklin County,US.PA.FR,1375,46,
Rockdale County,US.GA.RO,1371,18,
Tift County,US.GA.TI,1363,40,
Chelan County,US.WA.CH,1363,10,
Walworth County,US.WI.WL,1359,23,
Wicomico County,US.MD.WI,1356,45,
Orange County,US.NC.OR,1356,48,
Porter County,US.IN.PR,1355,39,
Laurens County,US.SC.LU,1349,46,
Warren County,US.NJ.WA,1347,172,
Sumter County,US.FL.SM,1344,42,
Delaware County,US.OH.DL,1344,19,
Sussex County,US.NJ.SU,1336,198,
Darlington County,US.SC.DA,1335,36,
Pope County,US.AR.PP,1333,10,
Val Verde County,US.TX.VL,1332,32,
Beaver County,US.PA.BA,1332,92,
Faulkner County,US.AR.FA,1330,6,
Blount County,US.TN.BO,1324,12,
Talladega County,US.AL.TD,1324,15,
Barrow County,US.GA.BW,1323,32,
Pottawattamie County,US.IA.PT,1323,27,
Cullman County,US.AL.CU,1322,12,
Licking County,US.OH.LI,1319,51,
Harnett County,US.NC.HT,1318,39,
Yellowstone County,US.MT.YS,1316,30,
Suffolk City,US.VA.SO,1316,51,
Franklin County,US.AL.FR,1314,22,
Cumberland County,US.PA.CU,1311,71,
Bulloch County,US.GA.BH,1310,14,
Chatham County,US.NC.CH,1305,55,
Lee County,US.NC.LE,1302,11,
Outagamie County,US.WI.OU,1299,14,
Sangamon County,US.IL.SM,1297,33,
Washington Parish,US.LA.WO,1293,58,
Parker County,US.TX.PR,1292,19,
Washington County,US.TN.WI,1291,2,
Neshoba County,US.MS.NS,1288,92,
Santa Cruz County,US.CA.SZ,1287,6,
Clark County,US.IN.CK,1287,49,
Allen Parish,US.LA.AL,1284,30,
Maury County,US.TN.MU,1284,7,
Butte County,US.CA.BU,1280,8,
Brunswick County,US.NC.BS,1260,22,
Granville County,US.NC.GN,1260,29,
Iberville Parish,US.LA.IV,1259,49,
Hampton city,US.VA.HM,1257,7,
Nassau County,US.FL.NA,1253,11,
Lancaster County,US.SC.LN,1247,26,
Bee County,US.TX.BE,1246,11,
Burleigh County,US.ND.BL,1244,8,
Seward County,US.KS.SW,1243,4,
Colbert County,US.AL.CL,1242,17,
Tippecanoe County,US.IN.TP,1238,11,
Canadian County,US.OK.CN,1238,9,
Lamar County,US.MS.LM,1231,15,
St. Francis County,US.AR.SI,1226,3,
Titus County,US.TX.TU,1226,15,
Gordon County,US.GA.GO,1225,23,
Lincoln County,US.AR.LC,1224,12,
Escambia County,US.AL.ES,1221,17,
Caldwell County,US.NC.CL,1221,11,
Tipton County,US.TN.TI,1217,10,
Autauga County,US.AL.AU,1215,23,
Winnebago County,US.WI.WA,1212,18,
Nash County,US.NC.NA,1209,12,
Cleveland County,US.NC.CV,1208,22,
Lauderdale County,US.AL.LU,1204,20,
Hunt County,US.TX.HT,1202,21,
Madison County,US.TN.MD,1189,20,
Muskegon County,US.MI.MG,1187,59,
Hampshire County,US.MA.HS,1184,130,
Clark County,US.OH.CK,1178,15,
Ware County,US.GA.WE,1170,29,
Grayson County,US.TX.GO,1169,13,
Story County,US.IA.ST,1168,14,
Nacogdoches County,US.TX.NC,1167,42,
Fayette County,US.GA.FY,1159,30,
Caldwell County,US.TX.CW,1158,26,
Habersham County,US.GA.HB,1157,50,
Walton County,US.GA.WA,1153,39,
Cherokee County,US.TX.CK,1151,8,
Hunterdon County,US.NJ.HN,1149,126,
Broome County,US.NY.BO,1143,75,
Sandoval County,US.NM.SD,1142,33,
Bolivar County,US.MS.BO,1136,35,
Thomas County,US.GA.TH,1135,43,
Oktibbeha County,US.MS.OK,1133,39,
Lake County,US.OH.LK,1131,41,
Taylor County,US.TX.TA,1130,27,
Napa County,US.CA.NA,1129,11,
Erie County,US.PA.ER,1126,21,
Eagle County,US.CO.EA,1126,9,
Warren County,US.MS.WR,1125,35,
Saline County,US.AR.SL,1113,7,
St. Bernard Parish,US.LA.SE,1113,24,
Bonneville County,US.ID.BV,1112,4,
Boone County,US.KY.BO,1111,24,
Washington County,US.WI.WN,1108,22,
Onslow County,US.NC.ON,1108,11,
Accomack County,US.VA.AC,1106,16,
Mower County,US.MN.MW,1105,2,
Jackson County,US.GA.JC,1098,17,
Avoyelles Parish,US.LA.AV,1096,32,
Flagler County,US.FL.FL,1095,13,
Buchanan County,US.MO.BC,1092,10,
Lowndes County,US.MS.LO,1092,39,
Stanly County,US.NC.SN,1089,26,
Harrisonburg City,US.VA.HS,1082,31,
Okeechobee County,US.FL.OE,1077,12,
Schenectady County,US.NY.SN,1075,40,
Garland County,US.AR.GL,1071,17,
Baldwin County,US.GA.BD,1070,41,
Yell County,US.AR.YE,1069,17,
Wood County,US.OH.WO,1068,58,
Panola County,US.MS.PA,1068,16,
Clay County,US.MO.CY,1064,20,
Moore County,US.TX.MO,1063,14,
Texas County,US.OK.TE,1058,7,
Jackson County,US.AL.JA,1057,6,
Tolland County,US.CT.TO,1056,66,
Sunflower County,US.MS.SU,1056,25,
Sullivan County,US.TN.SL,1048,15,
Mississippi County,US.AR.MS,1044,14,
Wichita County,US.TX.WC,1039,11,
Rice County,US.MN.RI,1038,8,
Jefferson Davis Parish,US.LA.JD,1033,28,
Roanoke city,US.VA.RO,1032,15,
Rockwall County,US.TX.RC,1031,13,
Washington County,US.MD.WA,1029,31,
Williamsburg County,US.SC.WI,1026,31,
Moore County,US.NC.ME,1021,20,
Rogers County,US.OK.RS,1020,17,
Culpeper County,US.VA.CP,1012,12,
Scott County,US.MS.SC,1011,20,
Madison County,US.IN.MD,1006,65,
Monroe County,US.MI.MO,1005,24,
St. Mary's County,US.MD.SA,1003,52,
Liberty County,US.TX.LT,1002,34,
Sevier County,US.AR.SV,996,10,
Sutter County,US.CA.SU,996,7,
Laurens County,US.GA.LR,993,14,
Whatcom County,US.WA.WA,991,39,
Lafayette County,US.MS.LY,987,19,
Hardee County,US.FL.HD,986,7,
Chambers County,US.TX.CH,981,3,
Taylor County,US.FL.TA,981,5,
Hardin County,US.TX.HN,973,15,
San Patricio County,US.TX.SP,972,30,
Spalding County,US.GA.SD,967,41,
Douglas County,US.WA.DO,965,7,
Baker County,US.FL.BK,964,4,
Copiah County,US.MS.CP,962,28,
Dawson County,US.NE.DN,961,9,
Surry County,US.NC.SU,960,10,
Kanawha County,US.WV.KA,960,24,
Blount County,US.AL.BU,958,5,
McDonald County,US.MO.MA,953,7,
Clermont County,US.OH.CE,953,11,
Tallapoosa County,US.AL.TP,951,80,
Gila County,US.AZ.GI,950,40,
Rockingham County,US.VA.RG,950,19,
Monongalia County,US.WV.MG,950,5,
Leflore County,US.MS.LL,949,66,
Gallatin County,US.MT.GL,948,3,
DeKalb County,US.IL.DK,947,30,
Medina County,US.OH.MD,945,35,
Hardeman County,US.TN.HA,942,18,
Pike County,US.MS.PI,940,37,
Franklin Parish,US.LA.FR,940,19,
Blue Earth County,US.MN.BE,932,5,
LaPorte County,US.IN.LA,931,30,
Bedford County,US.TN.BD,930,11,
Schuylkill County,US.PA.SC,922,51,
La Crosse County,US.WI.LA,921,1,
Columbus County,US.NC.CM,918,48,
Chambers County,US.AL.CM,916,38,
Howard County,US.IN.HO,913,65,
Holmes County,US.MS.HO,910,49,
Evangeline Parish,US.LA.EV,908,7,
Wapello County,US.IA.WP,906,33,
Salem County,US.NJ.SA,906,87,
Pennington County,US.SD.PN,898,32,
Webster Parish,US.LA.WR,898,14,
Wright County,US.MN.WR,897,5,
Lee County,US.AR.LE,896,8,
Medina County,US.TX.ME,892,26,
Skagit County,US.WA.SG,891,21,
Grimes County,US.TX.GM,891,23,
Wagoner County,US.OK.WG,890,23,
Covington County,US.AL.CV,889,22,
Newton County,US.MO.NT,886,6,
Navarro County,US.TX.NV,883,9,
Carver County,US.MN.CV,878,3,
Okanogan County,US.WA.OK,877,5,
Washington County,US.FL.WS,877,14,
Franklin County,US.NC.FR,872,26,
Chilton County,US.AL.CI,870,12,
Dale County,US.AL.DE,869,29,
Kosciusko County,US.IN.KO,868,12,
Macon County,US.TN.MC,867,13,
McCurtain County,US.OK.MU,865,28,
Washington County,US.PA.WS,862,13,
Clarendon County,US.SC.CN,859,53,
Lincoln County,US.NC.LI,858,9,
Miami County,US.OH.MM,858,39,
Clarke County,US.AL.CK,856,10,
Newberry County,US.SC.NE,855,10,
Grenada County,US.MS.GN,851,23,
Muscatine County,US.IA.MU,848,48,
Albemarle County,US.VA.AB,848,16,
Dodge County,US.WI.DD,845,5,
Oconee County,US.SC.OC,844,11,
Wilkes County,US.NC.WE,843,12,
Livingston County,US.MI.LI,842,28,
Pontotoc County,US.MS.PO,842,9,
Yazoo County,US.MS.YZ,841,13,
Cape May County,US.NJ.CP,840,87,
Comanche County,US.OK.CM,840,10,
Polk County,US.GA.PO,837,11,
Beauregard Parish,US.LA.BE,837,19,
Lincoln County,US.MS.LI,834,42,
Lea County,US.NM.LE,830,5,
Colleton County,US.SC.CT,828,34,
St. Clair County,US.MI.SA,826,53,
Malheur County,US.OR.ML,822,13,
Monroe County,US.MS.MR,821,55,
Dodge County,US.NE.DE,817,10,
Bartholomew County,US.IN.BA,817,47,
Coffee County,US.AL.CF,815,6,
Wharton County,US.TX.WN,815,26,
Webster County,US.IA.WE,815,8,
Pointe Coupee Parish,US.LA.PO,810,32,
Floyd County,US.IN.FL,809,48,
Decatur County,US.GA.DC,809,14,
Lincoln Parish,US.LA.LN,806,31,
Simpson County,US.MS.SI,806,31,
Calhoun County,US.MI.CU,802,42,
LaSalle County,US.IL.LA,801,24,
Platte County,US.NE.PL,797,3,
Leake County,US.MS.LK,795,26,
Lake County,US.TN.LK,794,0,
Tuscarawas County,US.OH.TU,793,14,
Marshall County,US.IN.MS,793,23,
Natchitoches Parish,US.LA.NA,791,17,
Wayne County,US.GA.WY,790,11,
Clay County,US.MN.CA,788,40,
Butler County,US.AL.BT,785,37,
El Dorado County,US.CA.EL,785,2,
Toombs County,US.GA.TM,783,9,
Chesterfield County,US.SC.CF,783,21,
Coahoma County,US.MS.CH,781,13,
Camden County,US.GA.CD,780,5,
Wayne County,US.MS.WY,780,21,
Shelby County,US.KY.SH,779,21,
Vance County,US.NC.VA,778,41,
Jim Wells County,US.TX.JW,777,16,
Sheboygan County,US.WI.SE,776,8,
Sumter County,US.GA.SU,775,56,
Garfield County,US.CO.GA,773,4,
Vernon Parish,US.LA.VN,772,29,
Portage County,US.OH.PO,771,63,
Matagorda County,US.TX.MD,770,28,
Cass County,US.MO.CS,770,9,
Rensselaer County,US.NY.RE,770,38,
Allen County,US.OH.AN,769,46,
Daviess County,US.KY.DA,769,9,
Boone County,US.IL.BO,769,23,
Saratoga County,US.NY.SR,767,15,
San Benito County,US.CA.SI,767,4,
Chattahoochee County,US.GA.CH,767,2,
Liberty County,US.GA.LB,766,4,
Monroe County,US.IN.MR,766,31,
Pike County,US.AL.PK,764,8,
Bowie County,US.TX.BW,762,33,
Kitsap County,US.WA.KS,761,7,
Rutherford County,US.NC.RU,758,13,
Effingham County,US.GA.EF,758,3,
Loudon County,US.TN.LO,754,3,
Payne County,US.OK.PY,754,4,
Polk County,US.TX.PK,750,12,
Douglas County,US.KS.DG,746,5,
Delaware County,US.IN.DL,745,52,
Windham County,US.CT.WI,745,15,
De Soto Parish,US.LA.DE,743,26,
Tate County,US.MS.TT,743,30,
Thurston County,US.WA.TH,742,11,
Chicot County,US.AR.CT,736,9,
Chittenden County,US.VT.CH,735,39,
Gibson County,US.TN.GB,735,7,
Sherburne County,US.MN.SH,732,8,
Jackson County,US.IL.JC,731,20,
Crawford County,US.IA.CW,729,3,
West Baton Rouge Parish,US.LA.WB,727,37,
Wakulla County,US.FL.WK,726,5,
Hoke County,US.NC.HO,726,11,
Walker County,US.GA.WK,723,17,
Shenandoah County,US.VA.SN,722,46,
St. James Parish,US.LA.SJ,722,32,
Greene County,US.OH.GR,718,12,
Ozaukee County,US.WI.OZ,716,17,
Bledsoe County,US.TN.BE,716,2,
Lyon County,US.KS.LY,716,14,
Halifax County,US.NC.HL,715,6,
Jackson County,US.MI.JA,713,34,
Calvert County,US.MD.CL,713,28,
Summit County,US.UT.SU,713,1,
Harrison County,US.TX.HR,713,23,
Craven County,US.NC.CN,712,15,
Marshall County,US.MS.MS,712,9,
Union Parish,US.LA.UN,711,35,
Madison County,US.FL.MD,710,8,
Willacy County,US.TX.WY,710,30,
Pueblo County,US.CO.PU,709,34,
Dubois County,US.IN.DU,708,12,
Cecil County,US.MD.CE,708,30,
Dickson County,US.TN.DI,705,2,
Fayette County,US.TN.FA,704,8,
Colfax County,US.NE.CO,703,4,
Kandiyohi County,US.MN.KD,702,1,
Grand Forks County,US.ND.GD,701,6,
DeWitt County,US.TX.DE,700,19,
Vigo County,US.IN.VI,699,11,
Berkeley County,US.WV.BE,699,11,
Anderson County,US.TN.AN,698,6,
Levy County,US.FL.LV,698,5,
Worcester County,US.MD.WO,697,20,
McDowell County,US.NC.MW,693,14,
Chester County,US.SC.CR,691,14,
Appling County,US.GA.AP,689,19,
Noble County,US.IN.NO,688,29,
Morgan County,US.CO.MN,687,46,
Boone County,US.IN.BO,687,46,
Coryell County,US.TX.CL,686,5,
Frederick County,US.VA.FK,685,9,
Gulf County,US.FL.GU,685,2,
Marion County,US.MS.MI,684,20,
Gonzales County,US.TX.GA,684,10,
Hancock County,US.IN.HC,683,39,
Butler County,US.PA.BT,677,15,
Bryan County,US.GA.BY,677,8,
Fond du Lac County,US.WI.FN,676,7,
York County,US.ME.YO,675,13,
Deaf Smith County,US.TX.DI,674,17,
Johnson County,US.AR.JO,672,2,
McLean County,US.IL.ML,670,15,
Dyer County,US.TN.DY,668,8,
Cape Girardeau County,US.MO.CG,668,5,
Cherokee County,US.SC.CK,668,30,
Berkshire County,US.MA.BE,667,46,
Madison County,US.TX.AD,667,2,
Pender County,US.NC.PD,666,3,
Yuba County,US.CA.YU,666,4,
Edgecombe County,US.NC.ED,664,13,
Union County,US.MS.UN,662,16,
Marathon County,US.WI.MH,662,10,
Catoosa County,US.GA.CS,660,10,
Harris County,US.GA.HI,659,17,
Sabine Parish,US.LA.SB,658,11,
Santa Fe County,US.NM.ST,658,3,
Mitchell County,US.GA.MT,657,41,
Hanover County,US.VA.HV,656,32,
Hardin County,US.KY.HN,655,8,
Lamar County,US.TX.LR,655,18,
Stephens County,US.GA.SE,655,13,
Logan County,US.CO.LO,655,5,
Dillon County,US.SC.DI,654,25,
Lincoln County,US.SD.LI,653,2,
San Juan County,US.UT.SJ,653,25,
Montgomery County,US.NC.MO,650,13,
Bay County,US.MI.BY,650,31,
Macon County,US.IL.MC,650,23,
Crawford County,US.AR.CW,648,4,
Jefferson County,US.WI.JE,647,5,
Karnes County,US.TX.KS,644,7,
Lynchburg city,US.VA.LY,644,5,
Barbour County,US.AL.BR,643,6,
Washington County,US.OK.WN,642,39,
Franklin County,US.MO.FR,642,18,
Henderson County,US.TX.HD,641,12,
Sioux County,US.IA.SI,637,3,
Gilmer County,US.GA.GI,635,4,
Cerro Gordo County,US.IA.CG,634,17,
Oldham County,US.KY.OL,633,15,
Lavaca County,US.TX.LA,633,19,
Adams County,US.MS.AD,632,25,
Taney County,US.MO.TA,632,3,
Mercer County,US.OH.MC,631,13,
Winston County,US.MS.WN,629,16,
Muhlenberg County,US.KY.MU,627,11,
Bladen County,US.NC.BL,626,5,
Fauquier County,US.VA.FQ,623,9,
Belmont County,US.OH.BE,623,26,
Hamilton County,US.FL.HM,623,4,
Covington County,US.MS.CV,622,14,
Creek County,US.OK.CE,621,14,
Marion County,US.AL.MI,619,26,
James City County,US.VA.JA,618,17,
Madison Parish,US.LA.MA,618,6,
Deschutes County,US.OR.DE,616,10,
Richland County,US.OH.RI,614,12,
Henderson County,US.TN.HS,613,3,
Buckingham County,US.VA.BK,610,8,
Tazewell County,US.IL.TA,610,8,
Murray County,US.GA.MA,609,2,
Jasper County,US.SC.JA,609,17,
Washington County,US.RI.WA,607,61,
Richland Parish,US.LA.RI,604,8,
East Feliciana Parish,US.LA.EF,603,38,
Cheatham County,US.TN.CA,601,8,
St. Joseph County,US.MI.SJ,600,9,
Jones County,US.TX.JN,600,0,
Lassen County,US.CA.LS,598,0,
Saline County,US.NE.SL,597,2,
Erie County,US.OH.ER,597,28,
Eau Claire County,US.WI.EA,596,4,
Lane County,US.OR.LE,596,3,
Henry County,US.VA.HY,596,9,
Jackson County,US.IN.JC,596,5,
George County,US.MS.GR,595,6,
Beadle County,US.SD.BA,594,9,
Assumption Parish,US.LA.AS,591,20,
Lenoir County,US.NC.LN,589,11,
Obion County,US.TN.OB,588,4,
Warrick County,US.IN.WI,588,30,
Jefferson County,US.TN.JE,587,4,
Tooele County,US.UT.TE,584,0,
Lowndes County,US.AL.LO,584,26,
Lawrence County,US.TN.LW,584,7,
Campbell County,US.KY.CM,582,13,
Blaine County,US.ID.BL,578,6,
Marengo County,US.AL.ME,576,17,
Wasatch County,US.UT.WA,576,4,
Ashtabula County,US.OH.AB,576,46,
St. Louis County,US.MN.ST,573,19,
Fairfield County,US.SC.FA,572,24,
Warren County,US.IA.WR,569,1,
Burnet County,US.TX.BT,567,9,
Upson County,US.GA.UP,567,46,
Hood County,US.TX.HO,567,10,
Shelby County,US.IN.SH,565,27,
Androscoggin County,US.ME.AN,565,8,
Curry County,US.NM.CU,564,2,
LaGrange County,US.IN.LG,563,10,
Iron County,US.UT.RN,563,2,
Dixie County,US.FL.DI,562,4,
Fayette County,US.PA.FA,562,6,
Pettis County,US.MO.PS,560,4,
Graves County,US.KY.GV,560,25,
Marion County,US.SC.MI,560,13,
Geauga County,US.OH.GE,559,44,
Pearl River County,US.MS.PL,559,40,
Lee County,US.SC.LE,559,29,
McMinn County,US.TN.MM,559,20,
Coffee County,US.TN.CF,558,3,
Adams County,US.IL.AD,557,6,
Uvalde County,US.TX.UV,555,10,
Elko County,US.NV.EL,555,2,
Graham County,US.AZ.GA,555,17,
Erath County,US.TX.ER,555,5,
Rockingham County,US.NC.RC,555,3,
Tama County,US.IA.TM,554,29,
Lee County,US.GA.LE,551,22,
Independence County,US.AR.IN,550,1,
Walla Walla County,US.WA.WL,549,3,
Madison County,US.KY.MD,549,1,
Yadkin County,US.NC.YD,549,6,
Columbia County,US.NY.CU,546,47,
Charlottesville City,US.VA.CE,546,15,
Calhoun County,US.TX.CU,546,5,
Wayne County,US.OH.WE,545,58,
Newton County,US.MS.NW,545,11,
Rhea County,US.TN.RH,544,2,
Tallahatchie County,US.MS.TL,541,11,
Warren County,US.TN.WR,540,4,
Morehouse Parish,US.LA.MO,536,12,
Emanuel County,US.GA.EM,534,11,
Carter County,US.TN.CT,532,6,
Allegan County,US.MI.AL,532,6,
Adams County,US.PA.AD,531,20,
Lonoke County,US.AR.LO,531,2,
Grant County,US.IN.GA,529,30,
Cassia County,US.ID.CS,527,1,
Attala County,US.MS.AT,527,25,
Jackson County,US.OK.JA,527,7,
Petersburg city,US.VA.PB,526,19,
Pike County,US.PA.PI,526,21,
Lauderdale County,US.TN.LU,522,9,
East Carroll Parish,US.LA.EC,521,2,
Muskogee County,US.OK.MO,520,16,
Tattnall County,US.GA.TT,520,1,
Bradford County,US.FL.BA,519,4,
Miller County,US.AR.ML,518,5,
Jefferson County,US.GA.JR,517,8,
Marlboro County,US.SC.ML,516,4,
Manassas Park city,US.VA.MP,516,7,
Richmond County,US.NC.RI,516,9,
Washington County,US.TX.WH,515,39,
Frio County,US.TX.FO,514,5,
St. Croix County,US.WI.SI,512,5,
Dearborn County,US.IN.DR,512,28,
Christian County,US.KY.CH,511,8,
Haywood County,US.TN.HY,510,7,
Holmes County,US.FL.HO,509,3,
Union County,US.AR.UN,508,18,
Pittsylvania County,US.VA.PS,507,2,
Northumberland County,US.PA.NU,507,13,
Hale County,US.AL.HA,506,26,
Greene County,US.TN.GE,504,9,
Grady County,US.GA.GD,503,6,
Walthall County,US.MS.WT,502,21,
Laramie County,US.WY.LA,500,3,
Roanoke County,US.VA.RE,498,4,
Greensville County,US.VA.GS,497,11,
Fremont County,US.WY.FR,497,12,
Cowlitz County,US.WA.CW,495,5,
Ross County,US.OH.RO,494,4,
Butts County,US.GA.BU,494,38,
Johnson County,US.MO.JO,494,2,
Morgan County,US.IN.MG,493,34,
Coles County,US.IL.CE,492,21,
Greene County,US.AR.GE,492,2,
Garfield County,US.OK.GF,492,5,
Bullock County,US.AL.BL,489,12,
Scurry County,US.TX.SU,488,1,
Roane County,US.TN.RA,488,2,
Jerome County,US.ID.JR,488,6,
Monroe County,US.AL.MR,487,7,
Jackson County,US.OR.JA,486,2,
Washington County,US.GA.WG,486,2,
Hawkins County,US.TN.HW,485,9,
Riley County,US.KS.RL,483,5,
Weakley County,US.TN.WE,482,4,
Cocke County,US.TN.CE,482,4,
Broomfield County and City,US.CO.BR,482,32,
Burke County,US.GA.BE,481,7,
Calhoun County,US.FL.CA,481,8,
Bamberg County,US.SC.BM,480,24,
Jasper County,US.IA.JS,480,26,
Minidoka County,US.ID.MI,479,2,
Okmulgee County,US.OK.OM,479,3,
Oceana County,US.MI.OA,479,6,
La Paz County,US.AZ.LA,479,12,
Hardin County,US.TN.HI,479,8,
Columbia County,US.PA.CO,478,35,
Mendocino County,US.CA.MI,478,10,
Chickasaw County,US.MS.CS,476,19,
Perry County,US.AL.PE,475,4,
Chaves County,US.NM.CH,475,6,
Randolph County,US.IL.RA,474,7,
Winston County,US.AL.WN,474,11,
Waupaca County,US.WI.WP,473,15,
Wright County,US.IA.WG,473,1,
Lapeer County,US.MI.LP,471,33,
Yamhill County,US.OR.YA,470,13,
Shasta County,US.CA.SH,469,10,
Monroe County,US.GA.MN,467,27,
Jeff Davis County,US.GA.JF,466,8,
Merrimack County,US.NH.ME,466,21,
Waller County,US.TX.WR,465,5,
Macon County,US.NC.MN,465,2,
Bryan County,US.OK.BR,465,1,
Saluda County,US.SC.SA,465,8,
Ben Hill County,US.GA.BL,464,4,
Plymouth County,US.IA.PM,463,10,
Cumberland County,US.TN.CU,463,6,
Eaton County,US.MI.EA,463,8,
Jefferson County,US.FL.JE,462,5,
Noxubee County,US.MS.NO,461,12,
Plaquemines Parish,US.LA.PL,461,19,
Madison County,US.NE.MA,461,5,
Pottawatomie County,US.OK.PT,459,9,
Smith County,US.TN.SH,458,4,
Van Buren County,US.MI.VA,457,10,
Adams County,US.WA.AD,457,5,
Atascosa County,US.TX.AT,456,18,
Bibb County,US.AL.BI,455,6,
McClain County,US.OK.ML,454,4,
Caroline County,US.MD.CO,453,3,
Laurel County,US.KY.LU,453,5,
Washington County,US.AL.WS,453,12,
Sauk County,US.WI.SU,452,3,
Kleberg County,US.TX.KL,451,8,
Monroe County,US.TN.MR,451,9,
Wilcox County,US.AL.WC,451,10,
Brown County,US.SD.BW,451,3,
Oconee County,US.GA.OC,450,15,
Worth County,US.GA.WO,450,23,
Wise County,US.TX.WE,449,8,
Cherokee County,US.OK.CK,449,2,
Jackson County,US.NC.JA,448,7,
Wilson County,US.TX.WS,448,19,
Mercer County,US.PA.ME,446,11,
Mecklenburg County,US.VA.ME,446,32,
Grady County,US.OK.GD,445,7,
Cook County,US.GA.CO,445,6,
Big Horn County,US.MT.BI,444,14,
Hampton County,US.SC.HA,444,12,
Clinton County,US.IN.CI,444,4,
Saline County,US.MO.SI,441,7,
Fairbanks North Star Borough,US.AK.FA,441,5,
Cole County,US.MO.CE,438,3,
Bacon County,US.GA.BC,438,8,
Haywood County,US.NC.HW,438,14,
Delaware County,US.OK.DL,438,20,
Charlton County,US.GA.CT,438,3,
Tishomingo County,US.MS.TS,437,7,
Putnam County,US.GA.PT,437,18,
Lenawee County,US.MI.LN,436,12,
Alcorn County,US.MS.AL,435,5,
Buffalo County,US.NE.BF,435,1,
Union County,US.FL.UN,435,5,
Williamson County,US.IL.WS,434,6,
Franklin County,US.FL.FR,433,2,
Queen Anne's County,US.MD.QU,433,25,
Valencia County,US.NM.VA,432,4,
Marinette County,US.WI.MT,432,4,
Barnwell County,US.SC.BN,431,7,
Osage County,US.OK.OS,431,11,
Todd County,US.MN.TO,429,2,
Hopkins County,US.KY.HO,428,34,
Bannock County,US.ID.BO,427,2,
Caddo County,US.OK.CD,427,17,
Winn Parish,US.LA.WI,426,7,
Portage County,US.WI.PT,426,0,
Clinton County,US.MI.CN,425,13,
Calhoun County,US.MS.CN,425,9,
Lyon County,US.MN.LY,425,3,
Davie County,US.NC.DV,424,5,
Pasquotank County,US.NC.PU,423,20,
Prince Edward County,US.VA.PD,423,11,
Prentiss County,US.MS.PN,423,10,
Conecuh County,US.AL.CO,421,10,
Pickens County,US.AL.PC,419,10,
Lincoln County,US.OR.LC,419,9,
Madison County,US.GA.MD,417,6,
Ogle County,US.IL.OG,416,5,
Franklin County,US.GA.FR,416,6,
Brooks County,US.GA.BO,416,18,
Prince George County,US.VA.PG,416,2,
Danville City,US.VA.DA,415,7,
Randolph County,US.AL.RA,415,12,
Clinton County,US.IL.CN,415,17,
Pierce County,US.GA.PR,413,9,
Madison County,US.NY.MA,413,9,
Franklin County,US.MA.FR,411,61,
Beaufort County,US.NC.BA,410,2,
Pickens County,US.GA.PE,410,5,
Clinton County,US.IA.CN,410,3,
Claiborne County,US.MS.CB,409,14,
Cabell County,US.WV.CB,409,3,
Nye County,US.NV.NY,408,9,
Jackson County,US.TX.JA,408,7,
Liberty County,US.FL.LI,407,7,
Lycoming County,US.PA.LY,407,20,
Darke County,US.OH.DA,406,29,
Glades County,US.FL.GL,406,3,
Smith County,US.MS.SM,406,13,
Scott County,US.MO.ST,406,13,
Henry County,US.IN.HY,406,20,
Fredericksburg City,US.VA.FB,406,3,
Shelby County,US.TX.SY,405,18,
Payette County,US.ID.PA,405,3,
Huron County,US.OH.HU,404,5,
Winchester city,US.VA.WH,403,4,
Meriwether County,US.GA.MW,403,6,
Talbot County,US.MD.TA,403,4,
Morton County,US.ND.MR,402,3,
Hancock County,US.MS.HN,402,14,
Clay County,US.MS.CY,401,14,
Madison County,US.OH.MO,401,10,
Dawson County,US.GA.DW,401,3,
Crawford County,US.KS.CR,401,1,
Kerr County,US.TX.KR,400,6,
Brown County,US.TX.BN,398,16,
Lincoln County,US.MO.LO,398,1,
Newport County,US.RI.NE,396,4,
Colusa County,US.CA.CL,396,5,
Ottawa County,US.OH.OT,396,26,
Glenn County,US.CA.GL,396,3,
Union County,US.OR.UN,395,2,
Van Zandt County,US.TX.VN,394,3,
Peach County,US.GA.PH,394,14,
Jasper County,US.MS.JS,394,9,
Kittitas County,US.WA.KT,394,20,
St. Francois County,US.MO.SF,392,2,
Lawrence County,US.PA.LW,392,16,
Crisp County,US.GA.CP,391,15,
Sandusky County,US.OH.SA,390,17,
Isle of Wight County,US.VA.IS,390,9,
Hancock County,US.OH.HN,389,3,
Saline County,US.KS.SA,389,5,
McNairy County,US.TN.MA,388,6,
Scott County,US.KY.SC,388,0,
Itawamba County,US.MS.IT,387,10,
Ottawa County,US.OK.OT,387,3,
Giles County,US.TN.GL,387,13,
Bienville Parish,US.LA.BI,386,30,
Wayne County,US.IN.WY,385,10,
Dickinson County,US.IA.DI,382,4,
Bullitt County,US.KY.BI,382,5,
Carroll County,US.AR.CL,379,7,
Jackson Parish,US.LA.JA,378,18,
Dorchester County,US.MD.DO,378,5,
Louisa County,US.IA.LO,378,14,
Box Elder County,US.UT.BE,378,2,
Morrow County,US.OR.MO,377,3,
Jefferson County,US.OR.JE,377,4,
Calhoun County,US.SC.CH,377,13,
Pittsburg County,US.OK.PI,377,4,
Rusk County,US.TX.RK,377,2,
White County,US.IN.WH,376,11,
Union County,US.SC.UN,375,4,
Barren County,US.KY.BN,375,2,
Tippah County,US.MS.TP,374,14,
York County,US.VA.YO,374,4,
Platte County,US.MO.PT,373,10,
Centre County,US.PA.CT,373,10,
Christian County,US.MO.CT,373,1,
McCracken County,US.KY.MK,372,4,
Teton County,US.WY.TE,372,1,
Carbon County,US.PA.CB,372,28,
Sumter County,US.AL.SU,372,18,
Cibola County,US.NM.CI,371,18,
Gilchrist County,US.FL.GI,369,6,
Early County,US.GA.EA,368,32,
Bedford County,US.VA.BF,367,8,
Elbert County,US.GA.EL,366,1,
Whiteside County,US.IL.WD,366,17,
Branch County,US.MI.BC,366,2,
DeKalb County,US.TN.DE,366,2,
McDuffie County,US.GA.MU,365,10,
Lawrence County,US.AL.LW,364,2,
Camden County,US.MO.CM,363,5,
Grant County,US.WI.GA,362,15,
Scotland County,US.NC.SC,362,2,
La Salle County,US.TX.LS,362,2,
Ontario County,US.NY.OR,362,27,
Strafford County,US.NH.ST,362,13,
Le Flore County,US.OK.LE,360,1,
Freeborn County,US.MN.FR,360,1,
Athens County,US.OH.AS,360,2,
Crenshaw County,US.AL.CA,359,7,
Montgomery County,US.IN.MM,359,21,
White County,US.GA.WH,359,5,
Adams County,US.NE.AD,358,11,
Tunica County,US.MS.TU,358,7,
Lumpkin County,US.GA.LP,357,6,
Nevada County,US.CA.NE,357,1,
Carson City,US.NV.CA,357,8,
Ohio County,US.KY.OH,357,9,
Warren County,US.VA.WR,356,6,
Tuscola County,US.MI.TU,356,29,
Howard County,US.AR.HW,355,4,
West Feliciana Parish,US.LA.WF,355,17,
Sequoyah County,US.OK.SQ,354,4,
Hertford County,US.NC.HD,353,11,
Matanuska-Susitna Borough,US.AK.MA,353,2,
Flathead County,US.MT.FL,352,2,
Lawrence County,US.IN.LW,352,27,
Macon County,US.AL.MC,352,14,
Northampton County,US.NC.NO,352,16,
Manitowoc County,US.WI.MW,351,1,
Steele County,US.MN.SE,351,2,
Henderson County,US.KY.HE,351,3,
Carteret County,US.NC.CE,351,5,
Jessamine County,US.KY.JS,350,0,
Galax city,US.VA.GA,350,24,
Milam County,US.TX.MI,350,3,
Shiawassee County,US.MI.SH,350,28,
Fannin County,US.GA.FN,349,3,
Cambria County,US.PA.CI,349,3,
Carter County,US.OK.CR,349,5,
Harrison County,US.IN.HI,348,23,
Nicollet County,US.MN.NI,347,13,
Page County,US.VA.PA,346,25,
Abbeville County,US.SC.AB,346,9,
Trempealeau County,US.WI.TR,345,2,
Parmer County,US.TX.PM,345,7,
Adair County,US.OK.AD,344,6,
Midland County,US.MI.MD,342,10,
Decatur County,US.IN.DC,341,32,
Summit County,US.CO.SU,338,4,
Franklin County,US.TN.FR,338,4,
Edgefield County,US.SC.ED,338,7,
Kenai Peninsula Borough,US.AK.KN,337,2,
Concordia Parish,US.LA.CR,337,9,
Cass County,US.MI.CS,336,14,
Clarke County,US.MS.CE,336,26,
Calumet County,US.WI.CA,334,2,
Stephenson County,US.IL.SN,334,6,
Grundy County,US.IL.GU,334,5,
Greene County,US.NC.GE,332,3,
Logan County,US.KY.LO,332,23,
Anson County,US.NC.AN,332,3,
Jasper County,US.TX.JR,332,11,
Carroll County,US.VA.CL,332,14,
Carroll County,US.TN.CR,330,3,
Ashley County,US.AR.AS,330,5,
Montgomery County,US.MS.MT,329,5,
Phillips County,US.AR.PH,329,9,
Mesa County,US.CO.ME,329,4,
White County,US.AR.WH,328,2,
Hill County,US.TX.HI,328,7,
Missoula County,US.MT.MS,328,1,
Holmes County,US.OH.HL,328,6,
Union County,US.IL.UN,327,23,
Indiana County,US.PA.IN,326,7,
Polk County,US.OR.PO,326,12,
Mayes County,US.OK.MY,326,6,
Greene County,US.GA.GE,325,12,
Hancock County,US.GA.HC,324,35,
Atkinson County,US.GA.AT,324,3,
Franklin County,US.KY.FR,323,7,
Lawrence County,US.MS.LW,323,8,
Watonwan County,US.MN.WT,323,0,
Monroe County,US.IL.MR,323,13,
Hart County,US.GA.HT,322,7,
Wood County,US.WI.WO,322,2,
Jones County,US.GA.JE,322,3,
Richmond County,US.VA.RI,322,4,
Wood County,US.TX.WO,321,7,
Benton County,US.MN.BN,320,3,
Dunklin County,US.MO.DU,319,4,
Pulaski County,US.KY.PU,319,5,
Eddy County,US.NM.ED,318,4,
Rio Arriba County,US.NM.RI,318,7,
Bell County,US.KY.BL,318,4,
Houston County,US.TX.HS,317,7,
Yalobusha County,US.MS.YL,316,10,
Bristol County,US.RI.BR,316,15,
Lincoln County,US.TN.LI,315,1,
Knox County,US.IL.KX,313,1,
Fayette County,US.TX.FT,313,14,
Montrose County,US.CO.MO,312,13,
Alexander County,US.NC.AE,312,2,
Warren County,US.NY.WR,312,30,
Putnam County,US.IN.PT,312,8,
Huntingdon County,US.PA.HU,310,4,
Colorado County,US.TX.CO,308,2,
Sussex County,US.VA.SS,308,9,
La Salle Parish,US.LA.LA,308,2,
Grant Parish,US.LA.GR,307,18,
Cherokee County,US.AL.CH,307,9,
Montgomery County,US.VA.MO,307,3,
Marshall County,US.TN.MS,305,4,
Tehama County,US.CA.TE,304,1,
Chaffee County,US.CO.CA,304,19,
Andrews County,US.TX.AR,304,7,
Berrien County,US.GA.BN,304,0,
Washington County,US.IA.WS,302,10,
Butler County,US.KS.BU,301,1,
Terrell County,US.GA.TL,301,30,
Scotts Bluff County,US.NE.SC,301,6,
Allegany County,US.MD.AL,300,18,
Lawrence County,US.OH.LW,300,0,
Steuben County,US.NY.ST,300,39,
Henry County,US.TN.HR,299,0,
Blair County,US.PA.BL,298,6,
Orleans County,US.NY.OL,298,55,
Butler County,US.KY.BR,298,15,
Fulton County,US.NY.FU,297,28,
Humphreys County,US.MS.HU,297,12,
Panola County,US.TX.PN,297,18,
Palo Pinto County,US.TX.PO,297,9,
Catahoula Parish,US.LA.CT,296,5,
Jefferson County,US.WV.JE,296,4,
Northampton County,US.VA.NA,296,29,
West Carroll Parish,US.LA.WC,296,6,
Barron County,US.WI.BR,296,3,
Linn County,US.OR.LN,296,11,
Watauga County,US.NC.WT,294,0,
Choctaw County,US.AL.CC,294,12,
Greene County,US.NY.GR,294,13,
White County,US.TN.WH,294,5,
Humboldt County,US.CA.HU,293,4,
Jefferson County,US.IL.JF,292,19,
Poinsett County,US.AR.PN,292,3,
Stark County,US.ND.SR,292,5,
Reno County,US.KS.RN,291,1,
Stokes County,US.NC.SO,289,3,
Telfair County,US.GA.TF,289,10,
Johnson County,US.TN.JO,288,0,
Butler County,US.MO.BE,286,2,
Union County,US.GA.UN,285,7,
Geneva County,US.AL.GE,285,3,
Morgan County,US.GA.MO,283,0,
Claiborne Parish,US.LA.CI,282,11,
Augusta County,US.VA.AU,282,4,
Lamar County,US.GA.LM,280,12,
Bertie County,US.NC.BT,280,5,
Chattooga County,US.GA.CG,280,4,
Henry County,US.AL.HE,280,4,
Uinta County,US.WY.UI,279,0,
Genesee County,US.NY.GE,279,6,
Herkimer County,US.NY.HE,277,7,
Logan County,US.AR.LG,277,1,
Cherokee County,US.NC.CO,277,4,
Miami County,US.IN.MI,277,2,
Daviess County,US.IN.DI,277,20,
Claiborne County,US.TN.CI,277,0,
Williams County,US.ND.WI,276,2,
Hopewell city,US.VA.HW,275,5,
St. Helena Parish,US.LA.SH,275,2,
Banks County,US.GA.BS,275,4,
Gunnison County,US.CO.GU,274,7,
Clay County,US.AL.CY,274,5,
Southampton County,US.VA.SA,274,13,
Crockett County,US.TN.CK,274,5,
Ionia County,US.MI.II,274,7,
Randolph County,US.GA.RN,273,26,
Hickman County,US.TN.HN,272,0,
Scott County,US.IN.SC,272,10,
Ohio County,US.WV.OH,272,4,
Hillsdale County,US.MI.HI,272,25,
Madison County,US.AR.MD,270,2,
Evans County,US.GA.EV,270,3,
Quitman County,US.MS.QU,269,1,
Austin County,US.TX.AU,269,4,
Morgan County,US.IL.MG,269,6,
Bingham County,US.ID.BG,269,2,
Iroquois County,US.IL.IR,267,11,
Sweetwater County,US.WY.SW,267,2,
Candler County,US.GA.CR,267,6,
Fannin County,US.TX.FI,266,8,
Owyhee County,US.ID.OW,266,3,
Winona County,US.MN.WN,264,16,
Barry County,US.MO.BR,263,4,
Auglaize County,US.OH.AU,263,6,
St. Lawrence County,US.NY.SI,263,4,
Union County,US.PA.UN,262,2,
Carroll County,US.MS.CL,261,11,
Martin County,US.NC.MR,260,6,
Warren County,US.NC.WR,260,6,
Washington County,US.NY.WS,260,14,
Union County,US.OH.UN,260,1,
Boone County,US.IA.BO,260,3,
Raleigh County,US.WV.RL,259,1,
Oconto County,US.WI.OC,259,0,
New Madrid County,US.MO.NW,259,2,
Chautauqua County,US.NY.CQ,258,4,
Dooly County,US.GA.DO,258,14,
Greene County,US.AL.GR,257,11,
Greene County,US.MS.GE,256,12,
Wood County,US.WV.WO,256,5,
Stewart County,US.GA.SW,256,7,
Luna County,US.NM.LU,255,5,
Oswego County,US.NY.OS,255,3,
Brantley County,US.GA.BA,255,6,
Columbia County,US.WI.CO,255,2,
Jasper County,US.IN.JS,255,2,
Limestone County,US.TX.LO,254,3,
Calloway County,US.KY.CW,254,4,
Campbell County,US.TN.CM,254,1,
Greene County,US.IN.GE,254,34,
Lake County,US.CA.LK,253,2,
Henry County,US.IL.HY,253,1,
Bleckley County,US.GA.BK,252,10,
Wayne County,US.NY.WN,252,3,
Turner County,US.GA.TR,251,18,
Kay County,US.OK.KA,251,11,
Pike County,US.KY.PI,251,3,
Newaygo County,US.MI.NE,251,0,
Upshur County,US.TX.US,250,2,
Jenkins County,US.GA.JK,249,24,
Island County,US.WA.IS,249,11,
Hempstead County,US.AR.HE,249,2,
Hamilton County,US.IA.HM,249,1,
Pecos County,US.TX.PE,249,1,
Johnson County,US.GA.JH,248,11,
Cooke County,US.TX.OO,248,3,
Burleson County,US.TX.BU,248,6,
Franklin County,US.IN.FR,246,15,
Logan County,US.WV.LO,246,5,
Monroe County,US.WI.MO,245,2,
Red River Parish,US.LA.RE,244,12,
Beltrami County,US.MN.BT,244,0,
Knox County,US.KY.KX,243,8,
Muskingum County,US.OH.MU,243,1,
Scioto County,US.OH.SC,242,1,
Camp County,US.TX.CP,242,6,
Franklin County,US.IA.FN,242,10,
Kent County,US.MD.KE,242,23,
Perry County,US.MS.PY,242,8,
Seminole County,US.OK.SM,241,5,
Chippewa County,US.WI.CH,241,0,
Lamar County,US.AL.LM,238,2,
Crow Wing County,US.MN.CW,238,14,
Natrona County,US.WY.NA,238,1,
DeKalb County,US.IN.DE,238,4,
Fayette County,US.AL.FA,237,5,
Jefferson County,US.OH.JE,237,3,
Pemiscot County,US.MO.PM,237,9,
Ward County,US.ND.WR,237,1,
Webster County,US.MS.WE,237,12,
Amite County,US.MS.AM,237,6,
Brunswick County,US.VA.BU,237,2,
Dodge County,US.GA.DG,236,3,
Garvin County,US.OK.GV,235,4,
Perry County,US.MO.PR,235,4,
Lyon County,US.NV.LY,235,6,
Refugio County,US.TX.RF,234,4,
Tompkins County,US.NY.TO,234,0,
Robertson County,US.TX.RO,234,2,
Vermilion County,US.IL.VE,234,2,
Kemper County,US.MS.KE,233,14,
Jefferson Davis County,US.MS.JD,233,6,
Lawrence County,US.MO.LW,233,2,
Lamb County,US.TX.LB,233,11,
Cass County,US.IL.CS,233,11,
Harrison County,US.WV.HR,232,1,
Stoddard County,US.MO.SD,232,9,
Harlan County,US.KY.HL,232,3,
Perry County,US.KY.PR,232,3,
Allendale County,US.SC.AL,232,5,
Bureau County,US.IL.BU,231,3,
Alamosa County,US.CO.AL,231,9,
Gibson County,US.IN.GI,231,4,
Washington County,US.VA.WG,231,6,
Haralson County,US.GA.HS,230,6,
Live Oak County,US.TX.LK,230,4,
Pulaski County,US.MO.PA,230,1,
Orange County,US.VA.OR,230,3,
Lewis County,US.WA.LE,229,4,
Mason County,US.WA.MA,229,1,
Wayne County,US.TN.WY,229,2,
Marion County,US.TN.MI,228,5,
Seneca County,US.OH.SE,228,3,
Rabun County,US.GA.RB,227,3,
Arkansas County,US.AR.AR,227,1,
Allen County,US.KY.AL,227,8,
Bremer County,US.IA.BR,227,7,
Jennings County,US.IN.JN,227,12,
Oglethorpe County,US.GA.OG,226,7,
Le Sueur County,US.MN.LU,226,1,
Person County,US.NC.PN,226,2,
Chester County,US.TN.CS,225,2,
Logan County,US.OK.LG,225,1,
Echols County,US.GA.EC,225,2,
Pierce County,US.WI.PI,224,3,
Pike County,US.GA.PK,224,5,
Caldwell Parish,US.LA.CW,224,3,
Dinwiddie County,US.VA.DN,223,7,
La Plata County,US.CO.LA,222,2,
Randolph County,US.AR.RA,222,4,
Armstrong County,US.PA.AR,222,8,
Nelson County,US.KY.NE,221,2,
Lanier County,US.GA.LI,221,4,
Columbia County,US.AR.CI,220,12,
Wilkinson County,US.GA.WI,220,11,
Zavala County,US.TX.ZV,220,6,
Campbell County,US.VA.CM,218,2,
Gray County,US.TX.GY,218,2,
Chenango County,US.NY.CH,218,6,
Grand Traverse County,US.MI.GN,217,5,
Lawrence County,US.AR.LW,217,9,
Drew County,US.AR.DR,217,3,
Washington County,US.ID.WA,216,3,
Union County,US.SD.UN,216,4,
Caroline County,US.VA.CI,216,5,
Martinsville city,US.VA.MR,215,3,
Botetourt County,US.VA.BO,215,7,
Elmore County,US.ID.EL,215,3,
Decatur County,US.TN.DC,215,3,
Screven County,US.GA.SR,215,9,
Wilkinson County,US.MS.WK,215,13,
Susquehanna County,US.PA.SS,215,27,
Jefferson County,US.ID.JF,214,1,
Hockley County,US.TX.HC,214,4,
Boone County,US.AR.BO,214,2,
Westmoreland County,US.VA.WM,213,3,
Polk County,US.TN.PO,213,3,
Ripley County,US.IN.RI,213,8,
Polk County,US.MO.PO,213,0,
Steuben County,US.IN.SE,213,3,
Knox County,US.OH.KN,212,7,
Wayne County,US.WV.WA,212,9,
Seminole County,US.GA.SI,212,4,
Putnam County,US.OH.PU,211,17,
Stone County,US.MS.ST,211,5,
Randolph County,US.WV.RN,211,0,
Dare County,US.NC.DE,210,2,
Adair County,US.KY.AD,210,19,
Shelby County,US.OH.SH,210,4,
Washington County,US.OH.WS,209,22,
Custer County,US.OK.CU,209,0,
Harvey County,US.KS.HV,209,3,
Overton County,US.TN.OV,209,1,
Isabella County,US.MI.IB,209,9,
Martin County,US.MN.MT,209,5,
Warren County,US.MO.WR,208,0,
Cross County,US.AR.CO,208,4,
Calhoun County,US.GA.CU,207,6,
Bradley County,US.AR.BR,207,4,
Preble County,US.OH.PR,207,2,
Pontotoc County,US.OK.PN,207,2,
Hopkins County,US.TX.HP,206,2,
Grayson County,US.KY.GY,206,11,
Douglas County,US.NV.DO,206,0,
Castro County,US.TX.AS,205,4,
Thurston County,US.NE.TU,205,4,
Audrain County,US.MO.AU,205,1,
Shawano County,US.WI.SA,204,0,
Grainger County,US.TN.GA,204,0,
Sharkey County,US.MS.SH,204,5,
Chisago County,US.MN.CG,204,1,
Marion County,US.MO.MO,204,1,
Klamath County,US.OR.KL,204,2,
Laclede County,US.MO.LD,203,1,
Mercer County,US.WV.MR,203,13,
Otero County,US.NM.OT,203,10,
Cleburne County,US.AR.CB,202,5,
Clarke County,US.IA.CK,202,3,
Stephens County,US.OK.ST,202,3,
McLeod County,US.MN.MC,202,0,
Desha County,US.AR.DE,201,2,
Hood River County,US.OR.HO,201,0,
Clinch County,US.GA.CC,200,4,
Putnam County,US.WV.PU,200,0,
Colonial Heights city,US.VA.CH,200,21,
Franklin County,US.KS.FR,199,1,
Goodhue County,US.MN.GO,199,9,
Otter Tail County,US.MN.OT,198,3,
Clay County,US.IA.CY,196,1,
Carroll County,US.IN.CO,196,2,
Coshocton County,US.OH.CS,196,7,
Caswell County,US.NC.CS,196,2,
Montcalm County,US.MI.MC,195,1,
Jefferson County,US.MS.JF,195,7,
Amador County,US.CA.AM,195,0,
Wasco County,US.OR.WC,194,3,
Fayette County,US.IN.FA,194,7,
Fluvanna County,US.VA.FV,194,9,
Franklin County,US.IL.FR,194,1,
Barry County,US.MI.BR,194,2,
Tioga County,US.NY.TI,194,21,
Geary County,US.KS.GE,194,1,
McIntosh County,US.OK.MI,194,1,
Casey County,US.KY.CS,193,10,
Wilkes County,US.GA.WS,193,3,
Dallam County,US.TX.DL,193,5,
Boyd County,US.KY.BD,193,3,
Marion County,US.WV.MI,192,2,
Carroll County,US.IA.CL,192,2,
Emmet County,US.IA.EM,192,4,
Warren County,US.IL.WR,191,0,
Choctaw County,US.OK.CA,191,1,
Douglas County,US.WI.DG,191,0,
Maui County,US.HI.MA,190,6,
Louisa County,US.VA.LI,190,2,
McIntosh County,US.GA.MH,190,2,
Clark County,US.WI.CL,189,8,
Lafayette County,US.FL.LF,189,2,
Pitkin County,US.CO.PI,188,2,
Duval County,US.TX.DU,188,6,
Brewster County,US.TX.BS,187,2,
Perry County,US.IN.PE,187,13,
Wilcox County,US.GA.WC,186,19,
Des Moines County,US.IA.DS,186,2,
Nodaway County,US.MO.NO,186,0,
Little River County,US.AR.LT,185,1,
Cass County,US.TX.CS,185,8,
Franklin city,US.VA.FR,185,6,
Young County,US.TX.YU,185,5,
Shelby County,US.IA.SH,185,1,
Perry County,US.IL.PY,184,2,
Hardin County,US.IA.HD,184,0,
Bonner County,US.ID.BR,184,0,
Lake County,US.MT.LA,183,1,
Amherst County,US.VA.AH,183,1,
Macoupin County,US.IL.MP,182,3,
Aransas County,US.TX.AA,182,15,
San Jacinto County,US.TX.SJ,182,8,
Nottoway County,US.VA.NY,182,14,
Mingo County,US.WV.MO,182,5,
Champaign County,US.OH.CH,181,2,
Lafayette County,US.MO.LF,180,2,
Macon County,US.GA.MC,180,10,
Cass County,US.NE.CS,180,2,
Gem County,US.ID.GE,180,1,
Zapata County,US.TX.ZP,179,2,
Posey County,US.IN.PS,179,0,
Starke County,US.IN.SR,178,7,
Cottonwood County,US.MN.CT,178,0,
Lee County,US.IL.LE,178,1,
Emporia city,US.VA.EM,178,15,
Howard County,US.TX.HW,177,6,
Waynesboro city,US.VA.WS,177,3,
Lee County,US.TX.LE,177,10,
Montgomery County,US.NY.MT,177,4,
Clark County,US.AR.CK,177,1,
Gillespie County,US.TX.GL,176,6,
Livingston County,US.NY.LI,176,6,
Morrow County,US.OH.MW,176,2,
Chemung County,US.NY.CM,176,3,
Bailey County,US.TX.BY,175,4,
Crawford County,US.OH.CF,175,5,
Franklin County,US.VA.FN,175,1,
Lincoln County,US.OK.LI,174,2,
Clearfield County,US.PA.CF,174,1,
Marion County,US.IA.MI,174,0,
Orange County,US.IN.OR,174,24,
Wells County,US.IN.WE,174,2,
Marquette County,US.MI.MQ,173,11,
Cowley County,US.KS.CL,173,2,
Fulton County,US.IN.FU,172,2,
Gaines County,US.TX.GS,172,3,
Madison County,US.ID.MA,172,0,
Montgomery County,US.IL.MT,171,7,
Benton County,US.OR.BE,171,6,
Kennebec County,US.ME.KE,171,11,
Hardin County,US.OH.HD,170,12,
Wabash County,US.IN.WB,170,3,
Gooding County,US.ID.GO,170,1,
Cameron Parish,US.LA.CM,170,0,
Alleghany County,US.NC.AL,169,0,
Clinton County,US.OH.CI,169,6,
Green County,US.WI.GN,169,1,
Irwin County,US.GA.IR,168,1,
Cattaraugus County,US.NY.CG,168,6,
Jasper County,US.GA.JS,168,1,
Cascade County,US.MT.CS,168,4,
Unicoi County,US.TN.UC,168,0,
Wise County,US.VA.WI,168,3,
Jefferson County,US.IN.JF,167,2,
Greene County,US.VA.GE,167,2,
Roosevelt County,US.NM.RO,167,1,
Clark County,US.KY.CK,166,7,
Highland County,US.OH.HI,166,1,
Bosque County,US.TX.BQ,166,2,
Whitley County,US.KY.WH,166,1,
Ashe County,US.NC.AS,165,1,
Marion County,US.IL.MO,165,0,
Goochland County,US.VA.GO,165,7,
Jackson County,US.WV.JA,165,19,
Salem city,US.VA.SE,163,3,
Kendall County,US.TX.KD,163,4,
Effingham County,US.IL.EF,163,1,
Lewis and Clark County,US.MT.LE,162,2,
Wayne County,US.PA.WN,162,10,
Montgomery County,US.KS.MG,162,5,
Gloucester County,US.VA.GL,162,2,
San Augustine County,US.TX.SG,162,11,
Polk County,US.NC.PO,162,5,
Union County,US.TN.UO,162,0,
Freestone County,US.TX.FE,162,0,
Saunders County,US.NE.SU,161,2,
Callaway County,US.MO.CA,161,1,
Becker County,US.MN.BC,161,1,
Adair County,US.MO.AD,161,0,
Nez Perce County,US.ID.NE,161,19,
Calaveras County,US.CA.CA,161,1,
Knox County,US.IN.KN,161,0,
Patrick County,US.VA.PK,161,4,
Logan County,US.OH.LG,160,2,
Benton County,US.IA.BN,160,1,
Tuolumne County,US.CA.TO,159,2,
Carroll County,US.KY.CL,159,2,
Huron County,US.MI.HU,159,4,
Terry County,US.TX.TE,159,2,
Poweshiek County,US.IA.PW,159,8,
Mono County,US.CA.MO,158,1,
Chowan County,US.NC.CW,158,2,
Pipestone County,US.MN.PS,158,9,
Benton County,US.TN.BN,158,1,
Woodford County,US.IL.WO,158,3,
Crawford County,US.PA.CW,158,1,
Crockett County,US.TX.CT,158,3,
Montgomery County,US.GA.MM,157,2,
Cayuga County,US.NY.CY,157,2,
Logan County,US.IL.LO,157,1,
Dawson County,US.TX.DW,157,4,
Gratiot County,US.MI.GT,157,15,
Halifax County,US.VA.HL,157,1,
Howell County,US.MO.HW,157,2,
Boyle County,US.KY.BE,157,0,
Floyd County,US.IA.FL,157,2,
Woodford County,US.KY.WO,157,0,
Clay County,US.KY.CY,157,5,
Jackson County,US.IA.JC,156,1,
Grayson County,US.VA.GY,156,5,
Oglala Lakota County,US.SD.SH,156,2,
Douglas County,US.OR.DO,156,1,
Trinity County,US.TX.TR,156,4,
Allamakee County,US.IA.AL,156,4,
Whitley County,US.IN.WL,155,6,
Polk County,US.MN.PL,155,4,
Dimmit County,US.TX.DM,155,3,
Ashland County,US.OH.AL,154,3,
Fayette County,US.WV.FA,154,7,
Staunton city,US.VA.SU,154,0,
Cannon County,US.TN.CN,154,0,
Oneida County,US.WI.ON,153,0,
McPherson County,US.KS.MP,153,1,
Fulton County,US.OH.FU,153,1,
Conway County,US.AR.CN,153,3,
Simpson County,US.KY.SI,152,7,
Marion County,US.GA.MR,152,5,
Penobscot County,US.ME.PE,151,5,
Towns County,US.GA.TW,151,1,
Moniteau County,US.MO.ME,151,2,
Smyth County,US.VA.SM,151,3,
Jackson County,US.KS.JA,151,1,
Jackson County,US.KY.JA,150,14,
Lincoln County,US.GA.LC,150,4,
Comanche County,US.TX.CE,150,3,
Polk County,US.AR.PL,150,1,
Wyandot County,US.OH.WD,150,9,
Defiance County,US.OH.DF,150,4,
King George County,US.VA.KG,149,4,
Waseca County,US.MN.WE,149,0,
Powhatan County,US.VA.PH,149,4,
Pawnee County,US.OK.PW,149,3,
Reeves County,US.TX.RE,148,5,
Ellis County,US.KS.EL,148,1,
Heard County,US.GA.HD,147,5,
Menominee County,US.MI.MM,147,0,
Lafayette County,US.WI.LF,147,0,
Miller County,US.GA.ML,146,0,
Brown County,US.OH.BR,146,2,
Itasca County,US.MN.IT,146,12,
McDonough County,US.IL.MU,145,15,
Benton County,US.MS.BE,145,1,
Leon County,US.TX.LN,145,3,
Sullivan County,US.MO.SV,145,0,
Miami County,US.KS.MI,144,0,
Douglas County,US.MN.DU,144,1,
Bedford County,US.PA.BO,143,4,
Nevada County,US.AR.NV,143,9,
Tipton County,US.IN.TT,143,12,
Christian County,US.IL.CI,143,4,
Washington County,US.IN.WS,142,1,
Benson County,US.ND.BE,142,2,
Labette County,US.KS.LB,142,0,
Carlton County,US.MN.CL,142,0,
Jefferson County,US.NY.JE,142,1,
O'Brien County,US.IA.OB,141,4,
Somerset County,US.MD.SO,141,3,
Taylor County,US.KY.TA,141,2,
Transylvania County,US.NC.TR,141,1,
Hughes County,US.OK.HU,141,2,
Mississippi County,US.MO.MI,141,0,
Mahaska County,US.IA.MK,141,17,
Talbot County,US.GA.TB,140,3,
Perry County,US.OH.PE,140,3,
Brookings County,US.SD.BK,140,1,
Grant County,US.AR.GN,140,0,
Marshall County,US.KY.MH,139,2,
Clallam County,US.WA.CL,139,0,
Kingfisher County,US.OK.KN,138,0,
Juneau County,US.WI.JU,138,1,
Stone County,US.MO.SE,138,1,
Codington County,US.SD.CD,138,1,
Webster County,US.MO.WE,138,1,
Clay County,US.AR.CY,138,4,
Sullivan County,US.IN.SU,138,1,
Polk County,US.WI.PL,137,2,
Red River County,US.TX.RV,137,11,
Spencer County,US.IN.SP,137,3,
Nolan County,US.TX.NO,136,3,
Teller County,US.CO.TE,136,3,
Williams County,US.OH.WI,136,3,
Mountrail County,US.ND.MU,136,1,
Somerset County,US.PA.SO,136,3,
Choctaw County,US.MS.CW,135,4,
Otsego County,US.MI.OS,135,11,
Miller County,US.MO.ML,135,1,
Park County,US.WY.PA,135,0,
Cooper County,US.MO.CP,135,0,
Kewaunee County,US.WI.KW,135,2,
Brooks County,US.TX.BK,135,3,
Falls County,US.TX.FL,135,3,
Saline County,US.IL.SE,134,2,
Iosco County,US.MI.IC,134,12,
Cleburne County,US.AL.CB,134,1,
Marion County,US.TX.MN,134,9,
Juniata County,US.PA.JU,133,6,
Millard County,US.UT.MD,133,0,
Washington County,US.NC.WI,133,4,
Hawaii County,US.HI.HA,133,0,
Cedar County,US.IA.CD,133,1,
Jones County,US.IA.JN,133,2,
Long County,US.GA.LG,132,1,
Guthrie County,US.IA.GH,132,5,
Franklin County,US.MS.FR,131,2,
Clay County,US.SD.CY,131,0,
Treutlen County,US.GA.TE,130,3,
Marshall County,US.WV.MH,130,1,
Russell County,US.VA.RU,130,2,
Jo Daviess County,US.IL.JO,130,1,
Jackson County,US.TN.JA,130,1,
Lincoln County,US.NM.LI,130,2,
Alpena County,US.MI.AP,130,13,
Campbell County,US.WY.CM,129,1,
Humphreys County,US.TN.HU,129,3,
Isanti County,US.MN.IS,129,0,
Runnels County,US.TX.RN,129,2,
Dodge County,US.MN.DD,129,0,
Dade County,US.GA.DD,129,1,
Buchanan County,US.IA.BC,129,1,
Clinton County,US.NY.CL,129,4,
Henry County,US.KY.HY,129,2,
Pine County,US.MN.PN,129,0,
Stutsman County,US.ND.SU,128,3,
Hutchinson County,US.TX.UT,128,3,
Fremont County,US.CO.FR,128,0,
Franklin County,US.AR.FR,128,2,
Williamsburg City,US.VA.WL,128,6,
Delta County,US.CO.DT,128,1,
Sanpete County,US.UT.SP,128,0,
New Kent County,US.VA.NK,128,1,
Dunn County,US.WI.DN,128,0,
Cherokee County,US.KS.CK,127,1,
Morgan County,US.TN.MG,127,1,
McCormick County,US.SC.MC,127,2,
Pulaski County,US.GA.PL,127,2,
Henry County,US.IA.HE,127,4,
Tyler County,US.TX.TY,127,2,
Washington County,US.NE.WS,126,1,
Gogebic County,US.MI.GO,125,1,
Lee County,US.VA.LE,125,1,
Preston County,US.WV.PR,125,4,
Morris County,US.TX.MR,125,3,
Lincoln County,US.NE.LI,125,2,
Routt County,US.CO.RT,125,8,
Mineral County,US.WV.ML,125,4,
Murray County,US.MN.MU,124,1,
Scott County,US.TN.SC,124,1,
Randolph County,US.IN.RA,124,4,
Huntington County,US.IN.HU,124,3,
Josephine County,US.OR.JO,124,2,
Perry County,US.PA.PE,124,5,
Grant County,US.KY.GT,124,6,
Montgomery County,US.KY.MM,124,0,
Clay County,US.IN.CY,124,5,
Marion County,US.KY.MN,124,0,
Spencer County,US.KY.SP,123,0,
Clinton County,US.PA.CN,123,5,
Livingston County,US.IL.LI,122,3,
Butler County,US.IA.BE,122,2,
Tazewell County,US.VA.TA,122,0,
Douglas County,US.IL.DO,122,2,
Seward County,US.NE.SA,122,1,
Hancock County,US.IA.HN,122,2,
Madison County,US.IA.MD,122,2,
Grays Harbor County,US.WA.GY,122,2,
Twiggs County,US.GA.TG,122,4,
Henry County,US.OH.HE,122,2,
Grant County,US.WV.GA,121,3,
Fayette County,US.OH.FY,121,0,
Harrison County,US.KY.HS,121,0,
Newton County,US.IN.NE,120,10,
Coosa County,US.AL.CS,120,3,
Swain County,US.NC.SW,120,2,
Mifflin County,US.PA.MI,120,1,
Waushara County,US.WI.WS,120,1,
Yankton County,US.SD.YA,119,2,
Ray County,US.MO.RY,119,0,
Guernsey County,US.OH.GU,119,7,
Wyoming County,US.NY.WM,118,5,
Hocking County,US.OH.HC,118,9,
Klickitat County,US.WA.KL,118,3,
Grundy County,US.TN.GU,118,2,
Otsego County,US.NY.OO,118,4,
Franklin County,US.VT.FR,118,7,
Humboldt County,US.IA.HU,118,1,
Jackson County,US.AR.JA,117,1,
Shoshone County,US.ID.SH,117,2,
Barton County,US.KS.BT,117,3,
Greene County,US.PA.GR,117,1,
Lee County,US.IA.LE,117,3,
Jersey County,US.IL.JR,117,2,
Lincoln County,US.KY.LN,116,2,
Russell County,US.KY.RU,116,5,
Newton County,US.TX.NE,116,4,
Pocahontas County,US.IA.PC,116,2,
Wythe County,US.VA.WY,116,3,
Belknap County,US.NH.BE,115,4,
Delaware County,US.IA.DA,115,1,
Pottawatomie County,US.KS.PT,115,0,
Lyon County,US.IA.LY,114,2,
Blanco County,US.TX.BC,114,5,
Sharp County,US.AR.SH,114,5,
Carroll County,US.OH.CO,113,5,
Sequatchie County,US.TN.SQ,113,1,
City and Borough of Juneau,US.AK.JU,113,1,
Hancock County,US.WV.HN,112,0,
Stevens County,US.WA.ST,112,1,
Montezuma County,US.CO.MZ,112,4,
Pike County,US.AR.PE,111,1,
Scott County,US.VA.SC,111,3,
Richland County,US.ND.RI,110,1,
Greenup County,US.KY.GU,110,1,
Lampasas County,US.TX.LP,110,3,
Pike County,US.MO.PI,110,1,
Sanilac County,US.MI.SL,110,6,
Marshall County,US.OK.MH,110,1,
Whitman County,US.WA.WI,110,0,
Taos County,US.NM.TA,109,1,
Snyder County,US.PA.SN,109,2,
Adams County,US.IN.AD,109,2,
Pushmataha County,US.OK.PU,109,0,
Harrison County,US.IA.HR,109,1,
Buffalo County,US.SD.BF,109,3,
Edmonson County,US.KY.ED,108,12,
Meigs County,US.TN.ME,108,0,
Cherokee County,US.IA.CE,108,1,
Door County,US.WI.DO,107,3,
Latah County,US.ID.LA,107,0,
Crawford County,US.MI.CF,107,5,
Elbert County,US.CO.EB,107,2,
Benton County,US.MO.BN,107,1,
Chippewa County,US.MN.CP,107,1,
Yoakum County,US.TX.YA,106,3,
Newton County,US.AR.NW,106,10,
Crawford County,US.GA.CW,106,0,
Inyo County,US.CA.IN,106,3,
Delaware County,US.NY.DE,106,4,
Walsh County,US.ND.WL,106,0,
Siskiyou County,US.CA.SK,106,0,
Saguache County,US.CO.SG,106,2,
Boone County,US.WV.BN,105,0,
Ouachita County,US.AR.OU,105,2,
Del Norte County,US.CA.DE,104,13,
Clayton County,US.IA.CT,104,3,
Windham County,US.VT.WH,104,3,
Humboldt County,US.NV.HU,104,4,
Montour County,US.PA.MO,104,3,
Grafton County,US.NH.GR,104,1,
Essex County,US.VA.ES,104,1,
Mason County,US.MI.MN,103,0,
Hart County,US.KY.HT,103,0,
Charles Mix County,US.SD.CH,103,0,
Carbon County,US.WY.CB,103,1,
Lincoln County,US.WY.LI,103,0,
Cleveland County,US.AR.CV,103,2,
Carroll County,US.MO.CL,101,0,
Columbia County,US.OR.CL,101,0,
Cheshire County,US.NH.CH,101,3,
Carter County,US.KY.CR,101,1,
Sumner County,US.KS.SU,101,3,
Silver Bow County,US.MT.SI,101,0,
Delta County,US.MI.DE,101,3,
Hamilton County,US.NE.HM,100,12,
Prairie County,US.AR.PR,100,0,
Garza County,US.TX.GR,99,3,
Owen County,US.IN.OW,99,1,
Rutland County,US.VT.RU,99,1,
Avery County,US.NC.AV,99,0,
Tyrrell County,US.NC.TY,98,1,
Taylor County,US.IA.TY,98,0,
Iowa County,US.IA.IO,98,1,
Winneshiek County,US.IA.WH,97,1,
Fentress County,US.TN.FE,96,0,
Grant County,US.KS.GT,96,2,
Goliad County,US.TX.GI,96,5,
Floyd County,US.KY.FO,96,2,
Meade County,US.SD.MD,96,1,
Davison County,US.SD.DV,96,1,
Cortland County,US.NY.CD,95,1,
Meade County,US.KY.MA,95,2,
Ochiltree County,US.TX.OC,95,2,
Wheeler County,US.GA.WL,95,1,
Monroe County,US.OH.ME,94,18,
Pulaski County,US.IL.PL,94,1,
Page County,US.IA.PG,94,0,
Monroe County,US.KY.MO,94,2,
Lincoln County,US.WV.LI,94,0,
Lake County,US.SD.LK,94,2,
Carroll County,US.NH.CA,94,1,
Taylor County,US.GA.TY,93,2,
Greenbrier County,US.WV.GE,93,3,
Latimer County,US.OK.LA,93,1,
Morrison County,US.MN.MR,93,1,
Wabasha County,US.MN.WB,93,0,
Hughes County,US.SD.HG,93,2,
Jones County,US.NC.JN,93,4,
Ward County,US.TX.WD,93,1,
Jay County,US.IN.JY,92,0,
Bandera County,US.TX.BA,92,3,
Franklin County,US.TX.FK,92,2,
Clay County,US.GA.CY,91,2,
Hamilton County,US.TX.HM,91,3,
McKenzie County,US.ND.MK,91,2,
Fairfax city,US.VA.FC,91,7,
Monona County,US.IA.MO,91,0,
Floyd County,US.TX.FY,91,6,
Tensas Parish,US.LA.TN,91,0,
Coos County,US.OR.CO,91,0,
Seneca County,US.NY.SC,91,1,
Lyman County,US.SD.LY,90,2,
Bradford County,US.PA.BF,90,3,
Hidalgo County,US.NM.HI,90,0,
Gage County,US.NE.GG,90,4,
Kossuth County,US.IA.KO,90,0,
Bennington County,US.VT.BE,90,1,
Phelps County,US.MO.PH,90,0,
Hartley County,US.TX.HL,90,0,
King William County,US.VA.KW,90,2,
Pulaski County,US.VA.PU,90,3,
San Miguel County,US.CO.SM,90,0,
Faribault County,US.MN.FA,89,0,
Rio Grande County,US.CO.RG,89,2,
Brown County,US.MN.BR,89,2,
Llano County,US.TX.LL,89,1,
Mills County,US.IA.ML,89,0,
Webster County,US.KY.WE,89,1,
Clatsop County,US.OR.CT,89,0,
Duchesne County,US.UT.DU,89,0,
Douglas County,US.MO.DO,89,2,
Albany County,US.WY.AL,88,0,
Appomattox County,US.VA.AP,88,0,
Bristol city,US.VA.BI,88,0,
Palo Alto County,US.IA.PO,88,0,
Perquimans County,US.NC.PQ,88,2,
Real County,US.TX.RL,88,1,
Andrew County,US.MO.AN,88,1,
Fremont County,US.ID.FE,87,0,
Clark County,US.IL.CK,87,2,
Washington County,US.MO.WS,87,1,
Meeker County,US.MN.ME,87,2,
Anderson County,US.KY.AN,87,1,
Noble County,US.OK.NB,87,2,
Morgan County,US.MO.MG,87,0,
Shelby County,US.IL.SB,86,1,
Jefferson County,US.IA.JE,86,0,
Craig County,US.OK.CG,86,1,
Washington County,US.KY.WS,86,0,
Jefferson County,US.KS.JF,86,0,
Sioux County,US.ND.SI,86,1,
Adams County,US.WI.AD,86,2,
Teton County,US.ID.TE,85,0,
Sac County,US.IA.SA,85,0,
Rock County,US.MN.RC,85,0,
Clinton County,US.MO.CO,85,0,
Winkler County,US.TX.WI,85,1,
Gentry County,US.MO.GT,85,9,
Fulton County,US.KY.FU,85,2,
Winnebago County,US.IA.WB,85,0,
Rush County,US.IN.RU,85,4,
Fayette County,US.IA.FT,84,0,
Henry County,US.MO.HE,84,3,
Mercer County,US.KY.MC,84,0,
Madison County,US.MT.MA,84,1,
Sibley County,US.MN.SI,84,2,
Bourbon County,US.KY.BU,84,1,
Greer County,US.OK.GE,83,8,
Sevier County,US.UT.SE,83,1,
Iowa County,US.WI.IO,83,0,
Calhoun County,US.IA.CO,83,2,
Osceola County,US.IA.OS,83,0,
Ravalli County,US.MT.RA,83,1,
Rolette County,US.ND.RO,82,0,
Swisher County,US.TX.SW,82,2,
Gallatin County,US.KY.GL,81,7,
Pulaski County,US.IN.PL,81,1,
Uintah County,US.UT.UN,81,0,
Perry County,US.TN.PE,81,0,
Amelia County,US.VA.AI,81,2,
Hancock County,US.TN.HC,81,2,
Clarion County,US.PA.CL,81,2,
Allegany County,US.NY.AL,80,2,
Roberts County,US.SD.RO,80,1,
Garrard County,US.KY.GR,80,0,
Warren County,US.GA.WR,80,1,
Marquette County,US.WI.MQ,80,1,
Hansford County,US.TX.HF,80,2,
Buchanan County,US.VA.BH,80,1,
York County,US.NE.YO,80,0,
Crawford County,US.MO.CF,79,0,
Grundy County,US.IA.GN,79,1,
Lake County,US.CO.LK,79,0,
Clay County,US.TN.CY,79,0,
Koochiching County,US.MN.KO,79,3,
Eastland County,US.TX.EA,79,1,
Washakie County,US.WY.WA,79,5,
Jackson County,US.MN.JA,79,0,
Pike County,US.OH.PK,79,0,
Stewart County,US.TN.SA,79,0,
Northumberland County,US.VA.NU,78,3,
Mitchell County,US.NC.MI,78,3,
Union County,US.IA.UN,78,1,
Mitchell County,US.IA.ME,78,0,
McLean County,US.ND.ML,77,0,
Glacier County,US.MT.GC,77,1,
Somervell County,US.TX.SV,77,0,
Montague County,US.TX.MU,77,2,
Floyd County,US.VA.FO,77,2,
Lincoln County,US.MT.LN,77,2,
Yancey County,US.NC.YN,76,0,
Crawford County,US.WI.CR,76,0,
Atoka County,US.OK.AT,76,0,
Hampshire County,US.WV.HM,76,1,
Sawyer County,US.WI.SW,76,0,
Murray County,US.OK.MR,76,0,
Mercer County,US.IL.ME,76,4,
Iron County,US.WI.IR,76,1,
Otero County,US.CO.OT,76,6,
Cumberland County,US.VA.CU,76,0,
Jackson County,US.OH.JA,76,0,
Rowan County,US.KY.RW,75,0,
Leelanau County,US.MI.LE,75,0,
Ramsey County,US.ND.RM,75,2,
Love County,US.OK.LV,75,0,
Socorro County,US.NM.SO,75,6,
Moultrie County,US.IL.MI,75,0,
Wilbarger County,US.TX.WG,75,1,
Pennington County,US.MN.PI,75,1,
Breckinridge County,US.KY.BC,75,2,
Cass County,US.IA.CS,74,1,
Addison County,US.VT.AD,74,2,
Fountain County,US.IN.FO,74,2,
Clare County,US.MI.CE,74,3,
Brown County,US.IN.BR,74,1,
Cass County,US.MN.CS,74,2,
Lewis County,US.TN.LE,74,1,
Monroe County,US.IA.MR,74,7,
Pamlico County,US.NC.PM,73,1,
Jefferson County,US.PA.JE,73,1,
Currituck County,US.NC.CI,73,0,
Gray County,US.KS.GY,73,0,
Carbon County,US.MT.CB,73,0,
Sheridan County,US.WY.SH,73,0,
Baxter County,US.AR.BA,73,0,
Camden County,US.NC.CD,73,2,
Van Wert County,US.OH.VA,73,2,
Randolph County,US.MO.RN,73,1,
Lynn County,US.TX.LY,73,4,
Benewah County,US.ID.BA,72,1,
Crowley County,US.CO.CR,72,1,
Mille Lacs County,US.MN.MI,72,3,
Rockcastle County,US.KY.RC,72,0,
Windsor County,US.VT.WS,72,2,
Grant County,US.NM.GR,71,2,
Taylor County,US.WI.TA,71,1,
Johnson County,US.IL.JH,71,0,
Osceola County,US.MI.OE,71,0,
Clarke County,US.VA.CK,71,0,
Juab County,US.UT.JU,71,1,
Okfuskee County,US.OK.OF,71,1,
Lucas County,US.IA.LU,71,4,
White County,US.IL.WE,71,0,
Gallia County,US.OH.GA,70,1,
Madison County,US.VA.MD,70,1,
Barton County,US.MO.BT,70,0,
Paulding County,US.OH.PA,70,0,
Crane County,US.TX.CR,70,2,
Lincoln County,US.WI.LI,69,0,
Schoharie County,US.NY.SO,69,2,
Todd County,US.SD.TO,69,5,
Schley County,US.GA.SY,69,1,
Fayette County,US.IL.FA,69,3,
Stone County,US.AR.ST,69,1,
Bollinger County,US.MO.BI,69,1,
Wayne County,US.KY.WY,69,0,
Wexford County,US.MI.WE,69,4,
Coffey County,US.KS.CF,69,8,
Churchill County,US.NV.CH,69,1,
Mecosta County,US.MI.MT,69,2,
Rockbridge County,US.VA.RB,68,1,
Mitchell County,US.TX.MH,68,1,
Dallas County,US.MO.DL,68,1,
Bourbon County,US.KS.BB,67,2,
Brooke County,US.WV.BO,67,1,
Jack County,US.TX.JK,67,0,
Worth County,US.IA.WT,67,0,
Cuming County,US.NE.CM,67,0,
Washington County,US.IL.WG,67,0,
Union County,US.KY.UN,67,0,
Fillmore County,US.MN.FI,67,0,
Sutton County,US.TX.ST,66,1,
Renville County,US.MN.RN,66,5,
Dukes County,US.MA.DU,66,0,
Wayne County,US.IL.WY,66,2,
Vernon County,US.WI.VE,66,0,
Scott County,US.AR.SC,66,0,
Clay County,US.NC.CY,65,0,
Valley County,US.ID.VA,65,1,
Venango County,US.PA.VE,65,0,
Ohio County,US.IN.OH,65,6,
Blackford County,US.IN.BL,65,2,
Baker County,US.GA.BR,65,3,
Atchison County,US.KS.AT,64,0,
Johnson County,US.KY.JO,64,0,
Dallas County,US.AR.DA,64,1,
Beaverhead County,US.MT.BE,64,0,
Benton County,US.IN.BE,64,0,
Monroe County,US.AR.ME,64,0,
Jim Hogg County,US.TX.JG,64,1,
Lunenburg County,US.VA.LN,64,1,
Emmet County,US.MI.EM,64,2,
Hancock County,US.IL.HC,63,1,
Mariposa County,US.CA.MP,63,2,
Yuma County,US.CO.YU,63,0,
Reagan County,US.TX.RG,63,3,
Piatt County,US.IL.PA,63,0,
Livingston County,US.MO.LV,63,0,
Martin County,US.TX.MT,63,5,
Crosby County,US.TX.CB,63,1,
Mason County,US.WV.MN,63,1,
Langlade County,US.WI.LN,63,1,
Bond County,US.IL.BN,62,3,
Merrick County,US.NE.ME,62,0,
Haskell County,US.OK.HS,62,0,
Sabine County,US.TX.SB,62,6,
Wright County,US.MO.WG,62,0,
Knott County,US.KY.KT,62,1,
Neosho County,US.KS.NO,62,0,
Alleghany County,US.VA.AL,62,4,
Waldo County,US.ME.WL,62,14,
Beckham County,US.OK.BC,61,1,
Wyoming County,US.PA.WM,61,8,
Carroll County,US.IL.CL,61,4,
Houston County,US.TN.HO,61,0,
Torrance County,US.NM.TO,61,1,
Hardy County,US.WV.HD,61,0,
Adams County,US.OH.AD,61,2,
Metcalfe County,US.KY.MT,61,2,
Kearny County,US.KS.KE,61,1,
McDowell County,US.WV.MC,61,0,
Custer County,US.MT.CU,61,2,
Lawrence County,US.SD.LW,61,0,
Wayne County,US.MO.WY,60,0,
Falls Church city,US.VA.FU,60,6,
Letcher County,US.KY.LT,60,0,
Butler County,US.NE.BE,60,0,
Moore County,US.TN.MO,60,0,
Knox County,US.TX.KX,60,1,
Jasper County,US.IL.JS,60,7,
Macon County,US.MO.MN,60,0,
Kane County,US.UT.KA,60,1,
Forest County,US.WI.FR,60,4,
Harrison County,US.MO.HS,60,1,
Davis County,US.IA.DV,60,2,
Vilas County,US.WI.VI,60,0,
Fleming County,US.KY.FE,60,0,
Powell County,US.KY.PO,60,0,
Pike County,US.IN.PI,59,0,
Lincoln County,US.ID.LI,59,0,
Gladwin County,US.MI.GL,59,2,
Taylor County,US.WV.TA,59,1,
Greene County,US.IL.GE,59,0,
Tillman County,US.OK.TI,59,1,
Montgomery County,US.IA.MG,59,4,
Morrill County,US.NE.MO,58,0,
Vermillion County,US.IN.VE,58,0,
Nowata County,US.OK.NW,58,1,
Marion County,US.KS.MN,58,1,
Dickinson County,US.MI.DI,58,2,
Jackson County,US.WI.JA,58,1,
Power County,US.ID.PO,58,0,
Lincoln County,US.MN.LI,58,0,
Menard County,US.IL.MN,57,0,
Cumberland County,US.IL.CU,57,3,
Ste. Genevieve County,US.MO.SG,57,1,
Skamania County,US.WA.SM,57,1,
Texas County,US.MO.TE,57,0,
Greenlee County,US.AZ.GE,57,2,
Green Lake County,US.WI.GL,57,0,
Dixon County,US.NE.DI,57,2,
Traill County,US.ND.TR,57,0,
Cumberland County,US.KY.CU,57,0,
Yates County,US.NY.YA,57,6,
Grant County,US.MN.GR,56,3,
Larue County,US.KY.LR,56,1,
Lafayette County,US.AR.LF,56,2,
Mason County,US.IL.MS,56,0,
Kit Carson County,US.CO.KT,56,3,
Buena Vista city,US.VA.BE,56,1,
Radford city,US.VA.RD,56,0,
Essex County,US.NY.ES,56,0,
Swift County,US.MN.SW,55,1,
Perry County,US.AR.PY,55,0,
Oxford County,US.ME.OX,55,0,
Sagadahoc County,US.ME.SA,55,0,
Howard County,US.NE.HW,55,4,
Phillips County,US.MT.PH,55,0,
Carbon County,US.UT.CR,55,0,
Park County,US.MT.PA,55,0,
Mason County,US.KY.MS,55,1,
Jefferson County,US.WA.JE,55,0,
Prowers County,US.CO.PR,54,0,
Roscommon County,US.MI.RO,54,1,
Mason County,US.TX.MA,54,0,
Chickasaw County,US.IA.CC,54,0,
Vernon County,US.MO.VE,54,0,
Trigg County,US.KY.TG,54,0,
Franklin County,US.NY.FR,54,1,
Kalkaska County,US.MI.KK,54,4,
Ogemaw County,US.MI.OG,54,3,
Ripley County,US.MO.RI,54,0,
Meigs County,US.OH.MS,54,0,
Charlotte County,US.VA.CT,54,0,
Otoe County,US.NE.OT,53,0,
Howard County,US.MO.HR,53,0,
Meade County,US.KS.ME,53,0,
Hickman County,US.KY.HA,53,0,
Caldwell County,US.KY.CD,53,0,
Kearney County,US.NE.KA,53,0,
Izard County,US.AR.IZ,53,1,
Charles City County,US.VA.CC,53,5,
Yukon-Koyukuk Census Area,US.AK.YU,53,1,
Van Buren County,US.AR.VA,53,2,
Washington County,US.VT.WA,53,2,
Valdez-Cordova Census Area,US.AK.VA,53,0,
Switzerland County,US.IN.SW,53,0,
Roseau County,US.MN.RS,52,0,
Grand County,US.UT.GR,52,1,
Yellow Medicine County,US.MN.YE,52,0,
Surry County,US.VA.SR,52,2,
Franklin County,US.ID.FA,52,0,
Osage County,US.MO.OS,52,1,
Turner County,US.SD.TU,52,0,
Nelson County,US.VA.NL,52,0,
Lawrence County,US.IL.LW,51,0,
Rains County,US.TX.RI,51,1,
Boise County,US.ID.BS,51,1,
McCulloch County,US.TX.MC,51,1,
Garrett County,US.MD.GA,51,0,
Lander County,US.NV.LA,51,1,
Grand County,US.CO.GR,51,1,
Gallatin County,US.IL.GA,51,2,
Parke County,US.IN.PA,51,1,
Pacific County,US.WA.PA,51,2,
Cheboygan County,US.MI.CY,50,2,
Houghton County,US.MI.HO,50,0,
Elk County,US.PA.EL,50,2,
Clay County,US.NE.CL,50,0,
Owen County,US.KY.OE,50,0,
Crook County,US.OR.CR,50,1,
Ford County,US.IL.FO,50,2,
Hancock County,US.KY.HC,50,0,
Appanoose County,US.IA.AP,49,3,
Nemaha County,US.KS.NM,49,0,
Stephens County,US.TX.SE,49,3,
Donley County,US.TX.DO,49,0,
Washington County,US.CO.WA,49,0,
Morgan County,US.UT.MN,49,0,
Kauai County,US.HI.KU,49,0,
Howard County,US.IA.HO,49,0,
Charlevoix County,US.MI.CV,49,2,
Garfield County,US.UT.GA,49,2,
Phillips County,US.KS.PL,48,8,
Johnston County,US.OK.JO,48,0,
Custer County,US.NE.CU,48,4,
Dewey County,US.SD.DW,48,0,
Bates County,US.MO.BS,48,1,
Martin County,US.IN.MN,48,0,
Dickenson County,US.VA.DC,48,1,
Lewis County,US.MO.LE,48,1,
Pope County,US.MN.PE,48,0,
Presidio County,US.TX.PS,47,2,
Callahan County,US.TX.AL,47,3,
Childress County,US.TX.CD,47,0,
Washburn County,US.WI.WR,47,0,
Richland County,US.MT.RI,47,2,
Hyde County,US.NC.HE,47,0,
Middlesex County,US.VA.MI,46,1,
Brule County,US.SD.BU,46,0,
Stevens County,US.KS.SV,46,0,
Pendleton County,US.KY.PN,46,0,
Crawford County,US.IN.CW,45,0,
Chase County,US.KS.CS,45,0,
Clark County,US.KS.CA,45,1,
Franklin County,US.ME.FR,45,1,
Doniphan County,US.KS.DP,45,0,
Carlisle County,US.KY.CE,45,1,
Blaine County,US.OK.BL,45,0,
San Miguel County,US.NM.SM,45,0,
Haskell County,US.KS.HS,45,0,
Gates County,US.NC.GT,45,2,
Lewis County,US.NY.LE,45,5,
Madison County,US.NC.MD,45,0,
Fulton County,US.AR.FU,44,0,
Pend Oreille County,US.WA.PE,44,0,
Linn County,US.KS.LN,44,0,
Toole County,US.MT.TO,44,6,
Brown County,US.KS.BR,44,0,
Poquoson city,US.VA.PQ,44,0,
Wetzel County,US.WV.WT,44,0,
Rappahannock County,US.VA.RP,44,2,
Buffalo County,US.WI.BF,44,2,
Wabaunsee County,US.KS.WB,43,0,
Shannon County,US.MO.SN,43,1,
Lamoille County,US.VT.LA,43,1,
Dickinson County,US.KS.DK,43,1,
Clay County,US.TX.CY,43,1,
Arenac County,US.MI.AR,43,3,
Haskell County,US.TX.HK,43,0,
Hill County,US.MT.HI,43,2,
Osage County,US.KS.OS,42,0,
Coke County,US.TX.OK,42,2,
Pepin County,US.WI.PE,42,0,
Pendleton County,US.WV.PE,42,1,
Houston County,US.MN.HO,42,0,
Hemphill County,US.TX.HH,42,0,
Park County,US.CO.PA,42,1,
Chippewa County,US.MI.CP,42,0,
King and Queen County,US.VA.KA,42,1,
Fremont County,US.IA.FO,42,0,
McLean County,US.KY.ML,42,1,
McCreary County,US.KY.MR,42,0,
Hamilton County,US.KS.HM,42,0,
Pocahontas County,US.WV.PO,42,0,
Greene County,US.IA.GE,42,0,
Cedar County,US.MO.CD,41,0,
Massac County,US.IL.MA,41,0,
Woodward County,US.OK.WW,41,0,
Missaukee County,US.MI.MU,41,1,
Northwest Arctic Borough,US.AK.NW,41,0,
Sherman County,US.TX.SN,41,0,
Aitkin County,US.MN.AI,41,1,
Montgomery County,US.MO.MM,41,0,
Union County,US.IN.UN,41,0,
Lewis County,US.KY.LI,41,0,
Antrim County,US.MI.AN,41,0,
Sullivan County,US.NH.SU,41,1,
Manistee County,US.MI.ME,40,0,
Wabash County,US.IL.WB,40,0,
Burt County,US.NE.BT,40,0,
Graham County,US.NC.GH,40,0,
Webster County,US.GA.WT,40,2,
Upshur County,US.WV.UP,40,0,
Norman County,US.MN.NR,40,0,
Lancaster County,US.VA.LA,40,0,
Magoffin County,US.KY.MF,40,0,
Phelps County,US.NE.PH,40,0,
Baker County,US.OR.BA,40,0,
Sublette County,US.WY.SU,39,0,
Pickett County,US.TN.PI,39,1,
Jerauld County,US.SD.JE,39,1,
Coal County,US.OK.CL,39,0,
Scott County,US.KS.SC,38,0,
Tioga County,US.PA.TI,38,3,
Montgomery County,US.AR.MT,38,1,
Thomas County,US.KS.TH,38,0,
Shelby County,US.MO.SB,38,0,
Rice County,US.KS.RC,38,0,
Aurora County,US.SD.AU,38,0,
Barnes County,US.ND.BA,38,0,
Green County,US.KY.GN,38,2,
Boundary County,US.ID.BD,38,0,
Nicholas County,US.WV.NI,37,1,
Keokuk County,US.IA.KE,37,1,
Bath County,US.KY.BH,37,1,
Martin County,US.KY.MI,37,0,
Beaver County,US.OK.BA,37,0,
Wayne County,US.NE.WY,37,0,
Alexander County,US.IL.AL,37,0,
Richland County,US.WI.RI,37,4,
Big Horn County,US.WY.BI,37,0,
Cloud County,US.KS.CD,37,1,
Clinton County,US.KY.CO,37,1,
Stanton County,US.KS.ST,37,0,
Kanabec County,US.MN.KA,37,1,
Plumas County,US.CA.PU,37,0,
McIntosh County,US.ND.MI,37,2,
Nantucket County,US.MA.NA,37,1,
Custer County,US.SD.CU,36,0,
Hancock County,US.ME.HA,36,1,
Archuleta County,US.CO.AC,36,0,
Lawrence County,US.KY.LC,36,0,
DeKalb County,US.MO.DE,36,1,
Van Buren County,US.TN.VA,36,0,
Schleicher County,US.TX.SH,36,1,
Redwood County,US.MN.RW,36,0,
Van Buren County,US.IA.VA,36,1,
Ballard County,US.KY.BA,36,0,
Corson County,US.SD.CO,36,0,
Knox County,US.NE.KN,36,0,
Ketchikan Gateway Borough,US.AK.KG,36,0,
Major County,US.OK.MJ,35,1,
Fulton County,US.IL.FU,35,0,
Ottawa County,US.KS.OT,35,0,
Livingston County,US.KY.LV,35,1,
Hubbard County,US.MN.HU,35,0,
Todd County,US.KY.TO,35,0,
Pratt County,US.KS.PR,35,0,
Caldwell County,US.MO.CW,35,1,
Griggs County,US.ND.GI,35,1,
Lincoln County,US.ME.LI,35,1,
Ziebach County,US.SD.ZI,35,0,
Goshen County,US.WY.GO,34,0,
De Witt County,US.IL.DW,34,0,
Hickory County,US.MO.HC,34,0,
Tillamook County,US.OR.TI,34,0,
McKean County,US.PA.MC,34,1,
Wilkin County,US.MN.WL,34,3,
Quay County,US.NM.QU,34,1,
Ralls County,US.MO.RL,34,0,
Wyoming County,US.WV.WY,34,2,
Rosebud County,US.MT.RS,34,1,
Nemaha County,US.NE.NE,33,0,
Somerset County,US.ME.SO,33,1,
Lexington city,US.VA.LX,33,0,
Jefferson County,US.OK.JE,33,0,
Linn County,US.MO.LN,33,1,
Wheeler County,US.TX.WL,33,0,
Aroostook County,US.ME.AR,33,1,
Price County,US.WI.PC,33,0,
Bracken County,US.KY.BK,33,0,
Searcy County,US.AR.SA,33,0,
Idaho County,US.ID.ID,32,0,
Crittenden County,US.KY.CT,32,1,
Moffat County,US.CO.MF,32,1,
Trimble County,US.KY.TM,32,0,
Mercer County,US.ND.ME,32,0,
Cochran County,US.TX.CC,32,0,
Stanton County,US.NE.ST,32,0,
Harmon County,US.OK.HM,32,0,
Caribou County,US.ID.CR,32,0,
Lake County,US.OR.LK,32,0,
Lyon County,US.KY.LY,32,4,
Moody County,US.SD.MO,32,0,
Vinton County,US.OH.VI,32,2,
Sierra County,US.NM.SI,32,1,
Guadalupe County,US.NM.GU,32,0,
Cavalier County,US.ND.CV,31,0,
Beaver County,US.UT.BV,31,0,
Republic County,US.KS.RP,31,0,
Breathitt County,US.KY.BT,31,0,
Concho County,US.TX.ON,31,0,
Leslie County,US.KY.LS,31,0,
Monroe County,US.MO.MR,31,0,
Converse County,US.WY.CE,31,0,
Quitman County,US.GA.QU,31,1,
Dunn County,US.ND.DU,31,0,
Morgan County,US.OH.MA,30,0,
Adair County,US.IA.AI,30,0,
Kiowa County,US.OK.KO,30,1,
Ida County,US.IA.ID,30,0,
Clear Creek County,US.CO.CL,30,1,
Benzie County,US.MI.BE,30,1,
Morgan County,US.WV.MA,30,0,
Anderson County,US.KS.AN,30,0,
Morgan County,US.KY.MG,30,0,
Crawford County,US.IL.CW,30,0,
Union County,US.NM.UN,30,2,
San Juan County,US.WA.SA,30,0,
Fisher County,US.TX.FH,29,1,
Marshall County,US.MN.MS,29,0,
Edgar County,US.IL.EG,29,0,
Jefferson County,US.MT.JE,29,0,
Barbour County,US.WV.BB,29,1,
Alcona County,US.MI.AC,29,1,
Hutchinson County,US.SD.HT,29,0,
Bayfield County,US.WI.BY,29,1,
Hamilton County,US.IL.HM,29,0,
McCook County,US.SD.MC,29,1,
Grundy County,US.MO.GU,29,1,
Washita County,US.OK.WT,29,0,
Marion County,US.AR.MN,29,0,
Caledonia County,US.VT.CA,28,0,
Edwards County,US.TX.ED,28,0,
Ransom County,US.ND.RN,28,0,
Marshall County,US.IL.MH,28,0,
Menifee County,US.KY.ME,28,0,
Audubon County,US.IA.AU,28,1,
Asotin County,US.WA.AS,28,2,
Lemhi County,US.ID.LM,28,0,
Lewis County,US.WV.LE,28,2,
Knox County,US.MO.KN,27,0,
Fulton County,US.PA.FU,27,2,
Mahnomen County,US.MN.MH,27,1,
Knox County,US.ME.KN,27,1,
Archer County,US.TX.AC,27,0,
Lincoln County,US.WA.LI,27,0,
Grant County,US.SD.GA,27,0,
Sitka City and Borough,US.AK.SI,27,0,
Wadena County,US.MN.WD,27,0,
Foster County,US.ND.FO,27,0,
Thayer County,US.NE.TA,27,0,
Pembina County,US.ND.PE,27,0,
Polk County,US.NE.PO,27,0,
Mitchell County,US.KS.MC,27,0,
Estill County,US.KY.ES,27,0,
Faulk County,US.SD.FU,27,1,
Issaquena County,US.MS.IS,27,2,
Harrison County,US.OH.HR,26,1,
Gasconade County,US.MO.GA,26,0,
Ashland County,US.WI.AS,26,1,
Spink County,US.SD.SP,26,0,
Mackinac County,US.MI.MK,26,0,
Nelson County,US.ND.NE,26,0,
Giles County,US.VA.GI,26,0,
Clay County,US.IL.CY,26,0,
Cheyenne County,US.NE.CY,26,0,
Stillwater County,US.MT.ST,26,1,
Madison County,US.MO.MD,25,0,
Menominee County,US.WI.MN,25,0,
Lake County,US.MI.LK,25,0,
Deer Lodge County,US.MT.DE,25,0,
Glascock County,US.GA.GS,25,1,
Hudspeth County,US.TX.HU,24,2,
Coleman County,US.TX.CM,24,0,
Fillmore County,US.NE.FI,24,1,
Johnson County,US.WY.JO,24,1,
Warren County,US.IN.WN,24,1,
St. Clair County,US.MO.SC,24,0,
Oscoda County,US.MI.OO,24,1,
Red Lake County,US.MN.RD,24,0,
Pike County,US.IL.PK,24,0,
Mellette County,US.SD.ML,24,0,
Maries County,US.MO.MS,24,0,
San Saba County,US.TX.SS,24,0,
Burke County,US.ND.BK,23,0,
Conejos County,US.CO.CN,23,0,
Richardson County,US.NE.RI,23,1,
Day County,US.SD.DY,23,0,
Costilla County,US.CO.CS,23,0,
Keith County,US.NE.KT,23,0,
Bethel Census Area,US.AK.BE,23,0,
Los Alamos County,US.NM.LO,23,0,
Valley County,US.MT.VA,23,0,
Decatur County,US.IA.DC,23,0,
Roosevelt County,US.MT.RO,23,0,
Ferry County,US.WA.FE,23,0,
Hot Springs County,US.WY.HO,23,0,
Warren County,US.PA.WR,23,1,
Woodruff County,US.AR.WO,22,0,
Bland County,US.VA.BL,22,0,
Big Stone County,US.MN.BI,22,0,
Hamlin County,US.SD.HM,22,0,
Greenwood County,US.KS.GW,22,0,
Burnett County,US.WI.BN,22,1,
Ringgold County,US.IA.RI,22,1,
Carter County,US.MO.CR,22,1,
Norton County,US.KS.NT,22,0,
Schuyler County,US.NY.SU,22,0,
Fall River County,US.SD.FL,22,0,
Iron County,US.MO.IR,22,0,
Cedar County,US.NE.CA,22,0,
Mills County,US.TX.MS,22,0,
Pierce County,US.NE.PI,21,0,
Scott County,US.IL.SO,21,0,
Clay County,US.KS.CY,21,2,
Hardeman County,US.TX.RD,21,0,
Wells County,US.ND.WE,21,0,
Hanson County,US.SD.HS,21,0,
Monroe County,US.WV.ME,21,0,
Clark County,US.MO.CK,21,0,
Lake County,US.MN.LE,21,0,
Rusk County,US.WI.RU,21,1,
Kingman County,US.KS.KM,21,0,
Ellsworth County,US.KS.EW,21,0,
Norton city,US.VA.NC,21,0,
Wayne County,US.IA.WY,20,1,
Rio Blanco County,US.CO.RB,20,0,
Tripp County,US.SD.TR,20,0,
Potter County,US.PA.PO,20,0,
Richland County,US.IL.RI,20,0,
Dawson County,US.MT.DW,20,0,
Edwards County,US.IL.EW,20,0,
Iron County,US.MI.IR,20,1,
Lipscomb County,US.TX.LM,20,0,
Adams County,US.ID.AM,20,0,
Woods County,US.OK.WS,20,0,
Chariton County,US.MO.CI,20,0,
Nicholas County,US.KY.NI,20,0,
Bottineau County,US.ND.BT,20,0,
Presque Isle County,US.MI.PR,20,1,
Nome Census Area,US.AK.NM,19,0,
Kinney County,US.TX.KN,19,0,
Wallowa County,US.OR.WW,19,1,
North Slope Borough,US.AK.NH,19,0,
Atchison County,US.MO.AT,19,0,
Gosper County,US.NE.GO,19,0,
Douglas County,US.SD.DO,19,0,
Shackelford County,US.TX.SC,19,0,
Cotton County,US.OK.CT,19,2,
Phillips County,US.CO.PH,19,0,
Rooks County,US.KS.RO,19,0,
Antelope County,US.NE.AN,19,1,
Walworth County,US.SD.WA,18,0,
Mineral County,US.CO.MI,18,0,
Russell County,US.KS.RS,18,0,
Eddy County,US.ND.ED,18,0,
Cottle County,US.TX.OT,18,2,
Hardin County,US.IL.HI,18,0,
Graham County,US.KS.GH,18,0,
Perkins County,US.NE.PE,18,7,
Colfax County,US.NM.CO,18,1,
Clay County,US.WV.CY,18,1,
Menard County,US.TX.EN,18,0,
Las Animas County,US.CO.LS,18,0,
Butte County,US.SD.BT,18,1,
Matthews County,US.VA.MT,18,0,
Schuyler County,US.IL.SU,18,0,
Stevens County,US.MN.SV,18,0,
Kidder County,US.ND.KI,18,0,
McHenry County,US.ND.MH,17,1,
Curry County,US.OR.CU,17,0,
Granite County,US.MT.GN,17,0,
Culberson County,US.TX.UL,17,2,
Bear Lake County,US.ID.BK,17,0,
Allen County,US.KS.AL,17,0,
Calhoun County,US.AR.CA,17,0,
Emmons County,US.ND.EM,17,1,
Red Willow County,US.NE.RE,17,0,
Jefferson County,US.NE.JE,17,0,
Clearwater County,US.ID.CE,17,0,
Daviess County,US.MO.DV,17,0,
Gilmer County,US.WV.GI,17,0,
Delta County,US.TX.DT,17,0,
Edmunds County,US.SD.ED,17,0,
Southeast Fairbanks Census Area,US.AK.SO,17,0,
Craig County,US.VA.CG,17,0,
Coos County,US.NH.CO,17,0,
Noble County,US.OH.NO,16,0,
Gilpin County,US.CO.GI,16,0,
LaMoure County,US.ND.LA,16,0,
Reynolds County,US.MO.RE,16,0,
Sherman County,US.OR.SH,16,0,
Sherman County,US.KS.SH,16,0,
Emery County,US.UT.EM,16,0,
Grant County,US.OK.GN,16,0,
Carson County,US.TX.CN,16,0,
Oregon County,US.MO.OR,16,0,
Adams County,US.IA.AM,16,0,
Ontonagon County,US.MI.ON,16,0,
Clark County,US.SD.CK,16,0,
Upton County,US.TX.UP,16,1,
Roane County,US.WV.RO,16,1,
Dade County,US.MO.DD,15,0,
Kimball County,US.NE.KB,15,0,
Oneida County,US.ID.ON,15,0,
Teton County,US.MT.TE,15,0,
Steele County,US.ND.SE,15,0,
Tyler County,US.WV.TY,15,0,
Ozark County,US.MO.OZ,15,0,
Brown County,US.IL.BR,15,0,
Furnas County,US.NE.FU,15,1,
White Pine County,US.NV.WH,15,1,
Scotland County,US.MO.SO,15,1,
Orange County,US.VT.OA,15,0,
Miner County,US.SD.ME,15,0,
Baca County,US.CO.BA,15,0,
Orleans County,US.VT.OL,14,0,
Summers County,US.WV.SU,14,0,
Oldham County,US.TX.OL,14,1,
Fergus County,US.MT.FE,14,0,
Kimble County,US.TX.KM,14,1,
Wolfe County,US.KY.WL,14,0,
Hall County,US.TX.HA,14,1,
Pershing County,US.NV.PE,14,0,
Johnson County,US.NE.JO,14,0,
Putnam County,US.IL.PT,14,0,
Pleasants County,US.WV.PL,14,1,
Clearwater County,US.MN.CE,14,0,
Kingsbury County,US.SD.KI,14,0,
Stanley County,US.SD.ST,14,0,
Sanborn County,US.SD.SA,13,0,
Bon Homme County,US.SD.BH,13,0,
Henderson County,US.IL.HD,13,0,
Schoolcraft County,US.MI.SR,13,0,
Taliaferro County,US.GA.TA,13,0,
Dickey County,US.ND.DC,13,0,
Covington city,US.VA.CV,13,0,
Columbia County,US.WA.CM,13,1,
Harper County,US.KS.HP,13,0,
Ouray County,US.CO.OU,13,1,
Grand Isle County,US.VT.GR,13,0,
Putnam County,US.MO.PN,13,1,
Holt County,US.NE.HT,13,0,
Washington County,US.ME.WS,13,0,
Collingsworth County,US.TX.CG,12,0,
Franklin County,US.NE.FA,12,0,
Pierce County,US.ND.PI,12,0,
Jewell County,US.KS.JW,12,0,
Alger County,US.MI.AG,12,0,
Garfield County,US.MT.GF,12,0,
Box Butte County,US.NE.BX,12,0,
Broadwater County,US.MT.BR,12,0,
Baylor County,US.TX.BR,12,0,
Dent County,US.MO.DN,12,0,
Owsley County,US.KY.OS,12,0,
Morris County,US.KS.MR,12,0,
Briscoe County,US.TX.BO,12,1,
Woodson County,US.KS.WO,11,0,
Blaine County,US.MT.BL,11,0,
Sedgwick County,US.CO.SE,11,1,
Elliott County,US.KY.EL,11,0,
Custer County,US.CO.CU,11,0,
Edwards County,US.KS.ED,11,0,
Deuel County,US.SD.DU,11,0,
Pope County,US.IL.PE,11,0,
Custer County,US.ID.CU,11,0,
Pondera County,US.MT.PN,11,0,
Schuyler County,US.MO.SH,11,0,
Hodgeman County,US.KS.HG,11,0,
Mercer County,US.MO.MC,11,0,
Traverse County,US.MN.TR,11,0,
Sherman County,US.NE.SM,11,0,
Jackson County,US.SD.JA,11,1,
Sheridan County,US.NE.SD,11,0,
Mineral County,US.NV.MI,11,0,
Webster County,US.NE.WE,10,0,
Harper County,US.OK.HP,10,0,
Valley County,US.NE.VA,10,0,
Dewey County,US.OK.DW,10,0,
Wilson County,US.KS.WL,10,0,
Tucker County,US.WV.TU,10,0,
Greeley County,US.NE.GE,10,0,
Marshall County,US.KS.MS,10,0,
Dawes County,US.NE.DS,10,0,
Forest County,US.PA.FO,10,0,
Sargent County,US.ND.SG,10,0,
Bowman County,US.ND.BW,10,0,
Lake and Peninsula Borough,US.AK.LA,10,0,
Crook County,US.WY.CK,10,0,
Chouteau County,US.MT.CH,10,0,
Sullivan County,US.PA.SL,10,0,
Harney County,US.OR.HA,10,0,
Irion County,US.TX.IR,9,0,
Pawnee County,US.NE.PA,9,0,
Cheyenne County,US.CO.CE,9,0,
Pawnee County,US.KS.PN,9,0,
Morton County,US.KS.MT,9,2,
Calhoun County,US.IL.CH,9,0,
McPherson County,US.SD.MP,9,0,
McMullen County,US.TX.MM,9,0,
Clark County,US.ID.CA,9,0,
Jackson County,US.CO.JA,9,0,
Montmorency County,US.MI.MR,9,1,
Worth County,US.MO.WO,9,0,
Renville County,US.ND.RE,9,0,
Rush County,US.KS.RH,9,0,
Roger Mills County,US.OK.RR,9,1,
Sheridan County,US.ND.SH,9,0,
Bent County,US.CO.BE,9,0,
Sanders County,US.MT.SA,9,0,
Huerfano County,US.CO.HU,8,1,
Wrangell City and Borough,US.AK.WG,8,0,
Rich County,US.UT.RH,8,0,
Hamilton County,US.NY.HA,8,1,
Hand County,US.SD.HD,8,0,
Armstrong County,US.TX.AM,8,0,
Jeff Davis County,US.TX.JF,8,0,
Hoonah-Angoon Census Area,US.AK.HH,8,0,
Lincoln County,US.CO.LI,8,0,
Holt County,US.MO.HL,8,0,
Lac Qui Parle County,US.MN.LC,8,0,
Florence County,US.WI.FL,8,0,
Nance County,US.NE.NA,8,0,
Kiowa County,US.KS.KW,8,0,
Boone County,US.NE.BO,8,0,
Marshall County,US.SD.MS,8,0,
Braxton County,US.WV.BX,8,0,
Lee County,US.KY.LE,7,0,
Wirt County,US.WV.WI,7,0,
Kusilvak Census Area,US.AK.WA,7,0,
Logan County,US.ND.LO,7,0,
Oliver County,US.ND.OL,7,0,
Ness County,US.KS.NS,7,0,
Cameron County,US.PA.CE,7,0,
Chase County,US.NE.CE,7,0,
Gregory County,US.SD.GE,7,0,
Prince of Wales-Hyder Census Area,US.AK.PH,7,0,
Stark County,US.IL.SA,7,0,
Sheridan County,US.KS.SD,7,0,
Piute County,US.UT.PT,6,0,
Trinity County,US.CA.TR,6,0,
Highland County,US.VA.HA,6,0,
Roberts County,US.TX.RS,6,0,
Lincoln County,US.KS.LC,6,0,
Trego County,US.KS.TR,6,0,
Hettinger County,US.ND.HE,6,0,
Bennett County,US.SD.BN,6,0,
Kodiak Island Borough,US.AK.KO,6,0,
Calhoun County,US.WV.CH,6,0,
Kenedy County,US.TX.KE,6,1,
Chautauqua County,US.KS.CQ,6,0,
Motley County,US.TX.MY,6,0,
Perkins County,US.SD.PR,6,0,
Mora County,US.NM.MO,6,0,
Essex County,US.VT.ES,6,0,
Comanche County,US.KS.CM,6,0,
Petersburg Census Area,US.AK.PB,6,1,
Doddridge County,US.WV.DO,6,0,
Glasscock County,US.TX.GC,6,0,
Sheridan County,US.MT.SH,5,0,
Catron County,US.NM.CA,5,1,
Sierra County,US.CA.SE,5,0,
Decatur County,US.KS.DC,5,0,
McPherson County,US.NE.MC,5,0,
Boyd County,US.NE.BY,5,0,
McCone County,US.MT.MC,5,0,
Dickens County,US.TX.DC,5,1,
Golden Valley County,US.ND.GO,5,0,
Sioux County,US.NE.SI,5,0,
Storey County,US.NV.ST,5,0,
Baraga County,US.MI.BA,5,0,
Lane County,US.KS.LE,5,0,
Sweet Grass County,US.MT.SW,5,1,
Nuckolls County,US.NE.NU,5,0,
Wahkiakum County,US.WA.WH,5,0,
Lincoln County,US.NV.LI,5,0,
Stonewall County,US.TX.SA,5,0,
Ellis County,US.OK.EL,5,0,
Towner County,US.ND.TO,5,0,
Platte County,US.WY.PL,5,0,
Modoc County,US.CA.MC,5,0,
Cook County,US.MN.CO,5,0,
Cherry County,US.NE.CH,4,0,
Throckmorton County,US.TX.TH,4,2,
Aleutians West Census Area,US.AK.AW,4,0,
Eureka County,US.NV.EU,4,0,
Piscataquis County,US.ME.PI,4,0,
Osborne County,US.KS.OB,4,0,
Slope County,US.ND.SL,4,0,
Webster County,US.WV.WB,4,0,
Hooker County,US.NE.HO,4,0,
Greeley County,US.KS.GL,4,0,
Bath County,US.VA.BA,4,0,
Gilliam County,US.OR.GI,4,0,
Barber County,US.KS.AB,4,0,
Garfield County,US.WA.GF,4,0,
Lake of the Woods County,US.MN.LO,4,0,
Garfield County,US.NE.GF,4,0,
Grant County,US.OR.GR,4,0,
Grant County,US.ND.GT,4,0,
Garden County,US.NE.GD,4,0,
Meagher County,US.MT.ME,4,0,
Wichita County,US.KS.WH,4,0,
Haines Borough,US.AK.HA,4,0,
Stafford County,US.KS.SF,4,0,
Gove County,US.KS.GO,3,0,
Robertson County,US.KY.RB,3,0,
Kittson County,US.MN.KI,3,0,
Hinsdale County,US.CO.HI,3,0,
Alfalfa County,US.OK.AL,3,0,
Sully County,US.SD.SU,3,0,
Keweenaw County,US.MI.KW,3,0,
Kent County,US.TX.KT,3,0,
Daniels County,US.MT.DN,3,0,
Golden Valley County,US.MT.GO,3,0,
Adams County,US.ND.AD,3,0,
Musselshell County,US.MT.MU,3,0,
Frontier County,US.NE.FO,3,0,
Cheyenne County,US.KS.CN,3,0,
Wheatland County,US.MT.WH,3,0,
Judith Basin County,US.MT.JU,3,0,
Wibaux County,US.MT.WI,3,0,
Campbell County,US.SD.CP,3,0,
Smith County,US.KS.SM,3,0,
Banner County,US.NE.BA,3,0,
Hyde County,US.SD.HY,3,0,
Luce County,US.MI.LU,3,0,
Ritchie County,US.WV.RI,3,0,
Rock County,US.NE.RO,3,0,
San Juan County,US.CO.SJ,2,0,
Niobrara County,US.WY.NI,2,0,
Logan County,US.KS.LG,2,0,
Haakon County,US.SD.HA,2,0,
Foard County,US.TX.FD,2,0,
Treasure County,US.MT.TR,2,0,
Deuel County,US.NE.DL,2,0,
Divide County,US.ND.DV,2,0,
Fallon County,US.MT.FA,2,0,
Billings County,US.ND.BI,2,0,
Aleutians East Borough,US.AK.AE,2,0,
Mineral County,US.MT.MN,2,0,
Powell County,US.MT.PL,2,0,
Wayne County,US.UT.WE,2,0,
Dillingham Census Area,US.AK.DI,2,0,
Terrell County,US.TX.TL,2,0,
Alpine County,US.CA.AP,2,0,
Jones County,US.SD.JO,2,0,
Thomas County,US.NE.TO,1,0,
Powder River County,US.MT.PD,1,0,
Hitchcock County,US.NE.HI,1,0,
Harding County,US.NM.HA,1,0,
Wheeler County,US.NE.WH,1,0,
Potter County,US.SD.PO,1,0,
Denali Borough,US.AK.DE,1,0,
Camas County,US.ID.CM,1,0,
Washington County,US.KS.WS,1,0,
Elk County,US.KS.EK,1,0,
Prairie County,US.MT.PR,1,0,
Liberty County,US.MT.LB,1,0,
Arthur County,US.NE.AR,1,0,
Harlan County,US.NE.HR,1,0,
Dundy County,US.NE.DY,1,0,
Dolores County,US.CO.DO,1,0,
Cimarron County,US.OK.CO,1,0,
Logan County,US.NE.LG,0,0,
Esmeralda County,US.NV.ES,0,0,
Lewis County,US.ID.LW,0,0,
Keya Paha County,US.NE.KY,0,0,
Loup County,US.NE.LU,0,0,
Grant County,US.NE.GA,0,0,
Wallace County,US.KS.WA,0,0,
Wheeler County,US.OR.WE,0,0,
Daggett County,US.UT.DG,0,0,
Carter County,US.MT.CT,0,0,
Skagway Municipality,US.AK.SW,0,0,
De Baca County,US.NM.DE,0,0,
Butte County,US.ID.BT,0,0,
Brown County,US.NE.BW,0,0,
Bristol Bay Borough,US.AK.BR,0,0,
Kalawao County,US.HI.KL,0,0,
Yakutat City and Borough,US.AK.YA,0,0,
Borden County,US.TX.BD,0,0,
Sterling County,US.TX.SI,0,0,
Blaine County,US.NE.BL,0,0,
Harding County,US.SD.HR,0,0,
King County,US.TX.KG,0,0,
Kiowa County,US.CO.KO,0,0,
Rawlins County,US.KS.RA,0,0,
Petroleum County,US.MT.PO,0,0,
Loving County,US.TX.LI,0,0,
Hayes County,US.NE.HY,0,0,
