County,hasc,confirmed,death,recovered
Los Angeles County,US.CA.LO,261446,6366,
Miami-Dade County,US.FL.DA,167153,3055,
Maricopa County,US.AZ.MA,140006,3262,
Cook County,US.IL.CO,139583,5167,
Harris County,US.TX.RR,123817,2505,
Dallas County,US.TX.DS,77889,1085,
Broward County,US.FL.BO,75801,1322,
Queens County,US.NY.QU,71752,7244,
Kings County,US.NY.KI,67227,7318,
Clark County,US.NV.CL,64288,1328,
Riverside County,US.CA.RI,57419,1162,
Bexar County,US.TX.BX,53443,1248,
San Bernardino County,US.CA.SA,52649,908,
Bronx County,US.NY.BN,52619,4942,
Orange County,US.CA.OR,52201,1128,
Nassau County,US.NY.NA,46259,2201,
Suffolk County,US.NY.SF,46109,2012,
Palm Beach County,US.FL.PL,45425,1277,
San Diego County,US.CA.SD,44925,760,
Tarrant County,US.TX.TN,43692,693,
Hillsborough County,US.FL.HL,40898,604,
Orange County,US.FL.OR,39056,431,
Westchester County,US.NY.WE,37837,1454,
Wayne County,US.MI.WY,34302,2959,
New York County,US.NY.NE,33105,3174,
Kern County,US.CA.KE,31572,354,
Philadelphia County,US.PA.PH,30987,1809,
Hidalgo County,US.TX.HG,30577,1447,
Shelby County,US.TN.SY,30155,447,
Duval County,US.FL.DU,29449,353,
Middlesex County,US.MA.MI,29112,2123,
Prince George's County,US.MD.PR,28629,816,
Milwaukee County,US.WI.MU,28600,521,
Salt Lake County,US.UT.SL,28453,246,
Travis County,US.TX.TV,28441,405,
Fresno County,US.CA.FR,27769,355,
Mecklenburg County,US.NC.MB,27586,341,
Fulton County,US.GA.FU,27080,564,
Gwinnett County,US.GA.GW,26678,391,
Franklin County,US.OH.FR,26134,603,
Hennepin County,US.MN.HE,26054,922,
Davidson County,US.TN.DA,26017,293,
Pima County,US.AZ.PM,25647,615,
Suffolk County,US.MA.SU,24981,1131,
El Paso County,US.TX.EP,22652,505,
Cameron County,US.TX.CA,22405,872,
Bergen County,US.NJ.BE,22197,2044,
Montgomery County,US.MD.MO,21877,838,
St. Louis County,US.MO.SL,21868,769,
Sacramento County,US.CA.SC,21628,383,
Pinellas County,US.FL.PI,21561,728,
King County,US.WA.KN,21453,751,
Marion County,US.IN.MO,20915,809,
Essex County,US.NJ.ES,20854,2125,
Alameda County,US.CA.AA,20641,374,
Santa Clara County,US.CA.SL,20511,297,
Hudson County,US.NJ.HD,20506,1513,
Fairfax County,US.VA.FX,20305,581,
Oakland County,US.MI.OD,20089,1194,
Lee County,US.FL.LE,20025,458,
Essex County,US.MA.ES,19910,1269,
Fairfield County,US.CT.FA,19848,1420,
San Joaquin County,US.CA.SJ,19841,415,
Polk County,US.FL.PO,19243,507,
Jefferson County,US.AL.JE,19123,337,
Middlesex County,US.NJ.MI,19116,1425,
Cobb County,US.GA.CB,19092,421,
Passaic County,US.NJ.PA,18832,1251,
DeKalb County,US.GA.DA,18110,349,
Providence County,US.RI.PR,17941,865,
Jackson County (including other portions of Kansas City),US.MO.JC,17816,186,
Baltimore County,US.MD.BC,17486,619,
Union County,US.NJ.UN,17466,1357,
Jefferson Parish,US.LA.JF,17299,565,
Cuyahoga County,US.OH.CU,17155,644,
Wake County,US.NC.WK,16943,228,
DuPage County,US.IL.DU,16799,550,
Oklahoma County,US.OK.OL,16749,183,
Lake County,US.IL.LK,16405,485,
Stanislaus County,US.CA.ST,16351,337,
Contra Costa County,US.CA.CN,16056,201,
Tulsa County,US.OK.TU,16034,152,
Utah County,US.UT.UT,15828,54,
Fort Bend County,US.TX.FR,15789,278,
Richmond County,US.NY.RI,15753,1085,
Tulare County,US.CA.TL,15687,256,
Nueces County,US.TX.NU,15582,352,
Charleston County,US.SC.CS,15500,257,
Polk County,US.IA.PK,15337,256,
Baltimore City,US.MD.BA,15259,483,
Douglas County,US.NE.DG,15238,182,
Washington,US.DC.DI,14978,621,
East Baton Rouge Parish,US.LA.EB,14909,437,
Rockland County,US.NY.RO,14833,509,
Worcester County,US.MA.WO,14811,1093,
Jefferson County,US.KY.JF,14564,296,
Richland County,US.SC.RI,14479,226,
Hartford County,US.CT.HA,14370,1434,
New Haven County,US.CT.NH,14261,1112,
Macomb County,US.MI.MB,14121,1010,
Greenville County,US.SC.GV,13786,292,
Will County,US.IL.WL,13451,372,
Webb County,US.TX.WB,13171,261,
Mobile County,US.AL.MB,13122,290,
Collin County,US.TX.CI,13011,137,
Hamilton County,US.OH.HM,12786,309,
Kane County,US.IL.KE,12657,325,
Yuma County,US.AZ.YU,12580,344,
Denver County,US.CO.DN,12494,430,
Collier County,US.FL.CL,12487,202,
Ada County,US.ID.AA,12417,145,
Orleans Parish,US.LA.OR,12345,587,
Ocean County,US.NJ.OC,12317,1042,
Ventura County,US.CA.VE,12234,146,
Osceola County,US.FL.OS,12139,137,
Prince William County,US.VA.PW,12122,199,
Escambia County,US.FL.ES,12043,217,
Montgomery County,US.PA.MG,11962,874,
Orange County,US.NY.OE,11822,412,
Allegheny County,US.PA.AL,11779,349,
Imperial County,US.CA.IM,11583,314,
Norfolk County,US.MA.NO,11552,1048,
Monmouth County,US.NJ.MN,11544,865,
Denton County,US.TX.DN,11501,149,
Galveston County,US.TX.GV,11450,153,
Yakima County,US.WA.YA,11283,256,
Manatee County,US.FL.MN,11241,277,
Delaware County,US.PA.DE,11158,751,
Brazoria County,US.TX.BI,11047,158,
Erie County,US.NY.ER,11042,622,
San Francisco County,US.CA.SF,10807,99,
Ramsey County,US.MN.RA,10572,318,
Montgomery County,US.TX.MG,10571,157,
Volusia County,US.FL.VO,10537,220,
Johnson County,US.KS.JO,10462,141,
Lubbock County,US.TX.LU,10455,116,
Bristol County,US.MA.BR,10451,685,
Pinal County,US.AZ.PN,10375,204,
Honolulu County,US.HI.HO,10338,95,
Lake County,US.IN.LK,10324,337,
Horry County,US.SC.HO,10116,195,
Plymouth County,US.MA.PL,10076,761,
Leon County,US.FL.LO,9990,57,
Camden County,US.NJ.CM,9729,605,
Anne Arundel County,US.MD.AN,9677,244,
New Castle County,US.DE.NE,9663,309,
San Mateo County,US.CA.SM,9598,143,
Monterey County,US.CA.MT,9568,69,
Kent County,US.MI.KN,9457,174,
Marion County,US.FL.MI,9453,260,
Dane County,US.WI.DA,9350,41,
Hamilton County,US.TN.HL,9144,89,
Rutherford County,US.TN.RU,9031,87,
Washington County,US.AR.WA,9006,107,
Knox County,US.TN.KN,8998,72,
Santa Barbara County,US.CA.SB,8930,110,
Pasco County,US.FL.PS,8893,205,
Arapahoe County,US.CO.AA,8873,369,
Seminole County,US.FL.SE,8860,200,
Hall County,US.GA.HL,8827,144,
Lafayette Parish,US.LA.LY,8822,123,
Merced County,US.CA.MD,8820,137,
Montgomery County,US.AL.MT,8688,173,
Washoe County,US.NV.WA,8677,154,
Pulaski County,US.AR.PU,8670,137,
Mercer County,US.NJ.ME,8576,636,
Bucks County,US.PA.BC,8573,603,
Adams County,US.CO.AD,8509,221,
Sedgwick County,US.KS.SG,8465,81,
Brevard County,US.FL.BE,8429,277,
Williamson County,US.TX.WM,8385,142,
Hampden County,US.MA.HD,8322,772,
Caddo Parish,US.LA.CO,8270,348,
Guilford County,US.NC.GU,8157,176,
Chatham County,US.GA.CM,8142,146,
Canyon County,US.ID.CN,7929,99,
Sarasota County,US.FL.SR,7903,247,
St. Lucie County,US.FL.SL,7822,265,
Morris County,US.NJ.MR,7763,831,
Calcasieu Parish,US.LA.CC,7745,209,
Brown County,US.WI.BW,7735,59,
Madison County,US.AL.MD,7630,75,
Alachua County,US.FL.AL,7581,46,
Lancaster County,US.PA.LN,7566,455,
Pierce County,US.WA.PI,7552,191,
Montgomery County,US.OH.MT,7540,152,
Kings County,US.CA.KI,7534,77,
Durham County,US.NC.DH,7523,90,
McLennan County,US.TX.ML,7520,97,
Tuscaloosa County,US.AL.TU,7323,114,
Lake County,US.FL.LK,7313,169,
Waukesha County,US.WI.WK,7283,85,
St. Charles County,US.MO.SA,7274,108,
Dakota County,US.MN.DA,7216,125,
Jefferson County,US.TX.JE,7182,128,
Lucas County,US.OH.LU,7149,357,
Sonoma County,US.CA.SO,7060,114,
Clayton County,US.GA.CN,7043,158,
Hinds County,US.MS.HI,6979,155,
Burlington County,US.NJ.BU,6946,491,
Richmond County,US.GA.RI,6900,153,
Berks County,US.PA.BK,6862,391,
Multnomah County,US.OR.MU,6853,133,
Forsyth County,US.NC.FO,6833,94,
St. Tammany Parish,US.LA.ST,6828,251,
Wyandotte County,US.KS.WY,6822,133,
Lexington County,US.SC.LX,6767,156,
City of St. Louis,US.MO.SY,6738,197,
Snohomish County,US.WA.SN,6697,210,
El Paso County,US.CO.EL,6687,168,
Loudoun County,US.VA.LD,6678,123,
Virginia Beach City,US.VA.VI,6656,79,
Sussex County,US.DE.SU,6649,203,
Marin County,US.CA.MN,6609,112,
Chester County,US.PA.CH,6590,361,
Elkhart County,US.IN.EL,6481,113,
Spartanburg County,US.SC.SP,6361,189,
St. Clair County,US.IL.SI,6317,183,
Benton County,US.AR.BE,6268,80,
Minnehaha County,US.SD.MN,6231,78,
Bernalillo County,US.NM.BE,6226,172,
Spokane County,US.WA.SP,6221,150,
Solano County,US.CA.SN,6175,55,
St. Joseph County,US.IN.SN,6127,106,
Ouachita Parish,US.LA.OU,6092,141,
Brazos County,US.TX.BZ,6081,62,
Allen County,US.IN.AL,6026,210,
Bibb County,US.GA.BI,5963,157,
Monroe County,US.NY.MR,5911,259,
Bay County,US.FL.BY,5878,94,
Muscogee County,US.GA.MG,5874,163,
Anoka County,US.MN.AN,5801,132,
Chesterfield County,US.VA.CD,5797,91,
Cherokee County,US.GA.CE,5786,91,
Lee County,US.AL.LE,5751,59,
Navajo County,US.AZ.NA,5747,232,
Lancaster County,US.NE.LA,5737,24,
Hays County,US.TX.HY,5736,60,
Shelby County,US.AL.SH,5719,50,
Somerset County,US.NJ.SO,5703,569,
Butler County,US.OH.BU,5693,99,
Cleveland County,US.OK.CV,5620,68,
Fayette County,US.KY.FA,5573,70,
Lehigh County,US.PA.LH,5494,350,
Greene County,US.MO.GE,5473,19,
Beaufort County,US.SC.BA,5439,81,
DeSoto County,US.MS.DE,5425,55,
Jefferson County,US.CO.JE,5399,247,
Madison County,US.IL.MD,5379,130,
Berkeley County,US.SC.BK,5345,87,
Winnebago County,US.IL.WN,5320,149,
Bell County,US.TX.BL,5306,79,
Henrico County,US.VA.HC,5295,209,
Santa Rosa County,US.FL.SA,5219,71,
Summit County,US.OH.SU,5149,249,
York County,US.SC.YO,5123,66,
St. Johns County,US.FL.SJ,5112,67,
Cumberland County,US.NC.CU,5089,75,
Williamson County,US.TN.WL,5089,36,
Baldwin County,US.AL.BD,5087,49,
Dutchess County,US.NY.DU,5076,156,
Woodbury County,US.IA.WO,5011,61,
Johnson County,US.IA.JH,5001,27,
Henry County,US.GA.HY,4994,98,
Howard County,US.MD.HO,4961,120,
Racine County,US.WI.RA,4921,94,
Clarke County,US.GA.CK,4890,41,
Gaston County,US.NC.GS,4861,75,
Clay County,US.FL.CY,4831,91,
Florence County,US.SC.FL,4816,184,
Martin County,US.FL.MT,4759,132,
Okaloosa County,US.FL.OA,4750,102,
Norfolk City,US.VA.NF,4745,68,
Hamilton County,US.IN.HM,4727,118,
Cass County,US.ND.CS,4722,77,
Davis County,US.UT.DA,4711,28,
Sumner County,US.TN.SN,4705,93,
Union County,US.NC.UN,4581,58,
Pitt County,US.NC.PI,4572,27,
Weld County,US.CO.WE,4540,149,
York County,US.PA.YO,4520,142,
Potter County,US.TX.PT,4517,54,
Richmond City,US.VA.RC,4516,56,
Marion County,US.OR.MR,4466,90,
Whitfield County,US.GA.WF,4457,60,
Boone County,US.MO.BO,4453,6,
McHenry County,US.IL.MY,4427,118,
Benton County,US.WA.BE,4409,127,
Northampton County,US.PA.NA,4394,305,
Madera County,US.CA.ME,4391,62,
Tangipahoa Parish,US.LA.TA,4385,117,
Champaign County,US.IL.CM,4379,20,
Black Hawk County,US.IA.BL,4355,86,
Genesee County,US.MI.GE,4334,306,
Gloucester County,US.NJ.GL,4330,224,
Washington County,US.OR.WI,4315,58,
McKinley County,US.NM.MC,4295,255,
Hillsborough County,US.NH.HI,4294,288,
Johnston County,US.NC.JH,4254,55,
Robeson County,US.NC.RB,4252,72,
Onondaga County,US.NY.OG,4231,180,
Chesapeake City,US.VA.CS,4212,68,
Ellis County,US.TX.EI,4192,66,
Franklin County,US.WA.FR,4187,63,
Warren County,US.KY.WR,4158,41,
Rapides Parish,US.LA.RA,4097,146,
Anderson County,US.SC.AN,4043,163,
Dorchester County,US.SC.DO,4039,87,
Luzerne County,US.PA.LU,4027,189,
Victoria County,US.TX.VI,3996,95,
Atlantic County,US.NJ.AT,3971,256,
Weber County,US.UT.WB,3954,29,
Frederick County,US.MD.FR,3935,129,
New Hanover County,US.NC.NE,3914,29,
Jefferson County,US.MO.JE,3895,52,
Mohave County,US.AZ.MO,3895,222,
Marshall County,US.AL.MS,3879,43,
Municipality of Anchorage,US.AK.AN,3873,28,
Arlington County,US.VA.AR,3851,147,
Lowndes County,US.GA.LW,3818,76,
Stearns County,US.MN.SR,3812,23,
Outagamie County,US.WI.OU,3806,27,
Linn County,US.IA.LI,3789,106,
Cabarrus County,US.NC.CR,3770,61,
Forsyth County,US.GA.FO,3751,42,
Coconino County,US.AZ.CO,3749,133,
Alamance County,US.NC.AA,3749,54,
Cumberland County,US.NJ.CU,3744,157,
Harrison County,US.MS.HR,3743,72,
Alexandria City,US.VA.AX,3716,68,
Livingston Parish,US.LA.LV,3714,73,
Dauphin County,US.PA.DA,3704,175,
Ascension Parish,US.LA.AE,3685,96,
Kenosha County,US.WI.KN,3680,65,
Boulder County,US.CO.BO,3673,79,
Walker County,US.TX.WK,3658,55,
Columbia County,US.FL.CU,3649,50,
Columbia County,US.GA.CI,3637,57,
Smith County,US.TX.SM,3620,96,
Washington County,US.MN.WH,3610,55,
Terrebonne Parish,US.LA.TR,3588,110,
Midland County,US.TX.ID,3551,61,
Lafourche Parish,US.LA.LO,3548,119,
Guadalupe County,US.TX.GU,3545,76,
Jasper County,US.MO.JS,3540,45,
Maverick County,US.TX.MV,3535,112,
Placer County,US.CA.PA,3488,41,
Sebastian County,US.AR.SB,3459,56,
Apache County,US.AZ.AP,3451,163,
Douglas County,US.GA.DL,3447,70,
San Luis Obispo County,US.CA.SS,3438,27,
Glynn County,US.GA.GY,3419,94,
Sarpy County,US.NE.SY,3407,15,
Jackson County,US.MS.JC,3399,67,
Vanderburgh County,US.IN.VA,3386,30,
Starr County,US.TX.SR,3379,159,
Calhoun County,US.AL.CN,3374,39,
Wilson County,US.TN.WO,3373,43,
Etowah County,US.AL.ET,3365,47,
Washtenaw County,US.MI.WS,3347,115,
Story County,US.IA.ST,3287,17,
San Juan County,US.NM.SJ,3266,197,
St. Landry Parish,US.LA.SL,3260,124,
Ingham County,US.MI.IH,3242,47,
Peoria County,US.IL.PI,3225,48,
Ottawa County,US.MI.OT,3215,66,
Morgan County,US.AL.MG,3214,26,
Madison County,US.MS.MD,3212,86,
Rowan County,US.NC.RW,3194,87,
Rankin County,US.MS.RA,3193,75,
McLean County,US.IL.ML,3171,19,
Wayne County,US.NC.WY,3165,64,
Dona Ana County,US.NM.DO,3147,53,
Washington County,US.UT.WN,3146,25,
Sumter County,US.SC.SU,3130,77,
Dougherty County,US.GA.DH,3126,182,
Bossier Parish,US.LA.BO,3122,106,
Burleigh County,US.ND.BL,3121,36,
Indian River County,US.FL.IN,3099,110,
Putnam County,US.TN.PU,3070,37,
Marion County,US.OH.MR,3068,47,
Houston County,US.GA.HO,3058,77,
Ector County,US.TX.EC,3044,79,
Orangeburg County,US.SC.OR,3041,121,
Hernando County,US.FL.HA,3031,113,
Albany County,US.NY.AB,3024,123,
Kaufman County,US.TX.KU,3018,47,
Mahoning County,US.OH.MH,3003,279,
Catawba County,US.NC.CB,2987,51,
Floyd County,US.GA.FL,2984,40,
Montgomery County,US.TN.MT,2962,43,
Charlotte County,US.FL.CH,2957,131,
Winnebago County,US.WI.WA,2953,23,
Harford County,US.MD.HA,2937,76,
Acadia Parish,US.LA.AD,2929,96,
Jefferson County,US.AR.JE,2928,63,
Warren County,US.OH.WR,2927,48,
Umatilla County,US.OR.UM,2916,41,
Iberia Parish,US.LA.II,2880,89,
Saginaw County,US.MI.SG,2876,140,
Kent County,US.DE.KE,2875,115,
Buncombe County,US.NC.BO,2874,79,
Yellowstone County,US.MT.YS,2863,59,
Bradley County,US.TN.BR,2858,16,
Santa Cruz County,US.AZ.SA,2820,63,
Rock Island County,US.IL.RO,2813,71,
Scott County,US.IA.SC,2809,27,
Dubuque County,US.IA.DU,2809,40,
Bartow County,US.GA.BT,2808,82,
Johnson County,US.TX.JH,2795,49,
Anderson County,US.TX.AE,2792,31,
Grant County,US.WA.GN,2788,19,
Bulloch County,US.GA.BH,2788,25,
La Crosse County,US.WI.LA,2762,2,
Troup County,US.GA.TP,2758,93,
Stark County,US.OH.ST,2757,168,
Yolo County,US.CA.YO,2754,54,
Pickens County,US.SC.PI,2750,42,
Jackson County,US.FL.JA,2727,76,
Houston County,US.AL.HO,2727,22,
Butte County,US.CA.BU,2720,40,
Paulding County,US.GA.PA,2717,49,
Gadsden County,US.FL.GA,2712,44,
Charles County,US.MD.CH,2703,99,
Madison County,US.TN.MD,2701,56,
Hendricks County,US.IN.HD,2697,139,
Dallas County,US.IA.DL,2693,38,
Ford County,US.KS.FO,2691,10,
Iredell County,US.NC.IR,2683,27,
Newport News City,US.VA.NN,2681,33,
Aiken County,US.SC.AI,2681,77,
Randolph County,US.NC.RA,2672,51,
Carroll County,US.GA.CL,2649,63,
Kankakee County,US.IL.KK,2648,76,
Citrus County,US.FL.CI,2646,86,
Craighead County,US.AR.CG,2640,21,
Pickaway County,US.OH.PC,2634,44,
Kalamazoo County,US.MI.KA,2616,91,
Suwannee County,US.FL.SW,2615,65,
Davidson County,US.NC.DD,2613,34,
Randall County,US.TX.RA,2612,37,
Lee County,US.MS.LE,2610,67,
Comal County,US.TX.OM,2606,102,
Walworth County,US.WI.WL,2603,34,
Shawnee County,US.KS.SN,2602,27,
Orange County,US.NC.OR,2594,54,
Clark County,US.WA.CR,2576,62,
Cache County,US.UT.CA,2573,6,
Elmore County,US.AL.EL,2558,47,
Newton County,US.GA.NE,2535,80,
Portsmouth City,US.VA.PR,2525,53,
Sevier County,US.TN.SV,2518,13,
Coweta County,US.GA.CA,2513,41,
Kootenai County,US.ID.KO,2504,35,
Harrisonburg City,US.VA.HS,2488,34,
Yavapai County,US.AZ.YA,2480,79,
Bonneville County,US.ID.BV,2464,15,
Rock County,US.WI.RO,2459,32,
Scott County,US.MN.SC,2458,33,
Blount County,US.TN.BO,2440,23,
Monroe County,US.IN.MR,2427,40,
Jones County,US.MS.JO,2427,78,
Lackawanna County,US.PA.LC,2401,216,
Douglas County,US.CO.DU,2399,60,
Forrest County,US.MS.FO,2395,70,
Oneida County,US.NY.OD,2378,121,
Larimer County,US.CO.LR,2373,50,
DeKalb County,US.AL.DA,2371,19,
Washington County,US.WI.WN,2338,32,
Olmsted County,US.MN.OL,2319,27,
Kanawha County,US.WV.KA,2317,68,
Johnson County,US.IN.JO,2297,131,
Cumberland County,US.ME.CU,2283,70,
Lorain County,US.OH.LR,2277,86,
Faulkner County,US.AR.FA,2277,19,
Santa Cruz County,US.CA.SZ,2276,8,
Clackamas County,US.OR.CC,2273,61,
Maury County,US.TN.MU,2260,23,
Sangamon County,US.IL.SM,2246,44,
Walker County,US.AL.WK,2243,80,
St. Clair County,US.AL.SA,2243,35,
Ulster County,US.NY.UL,2242,84,
Liberty County,US.TX.LT,2242,48,
Tippecanoe County,US.IN.TP,2236,14,
Tom Green County,US.TX.TG,2204,62,
Washington County,US.MS.WS,2181,71,
Washington County,US.TN.WI,2179,33,
Nash County,US.NC.NA,2177,36,
Robertson County,US.TN.RB,2172,33,
Sumter County,US.FL.SM,2164,65,
Delaware County,US.OH.DL,2156,20,
Dakota County,US.NE.DK,2155,43,
Clark County,US.IN.CK,2152,63,
Greenwood County,US.SC.GW,2145,71,
Duplin County,US.NC.DP,2140,53,
Val Verde County,US.TX.VL,2135,99,
Gregg County,US.TX.GE,2131,59,
Angelina County,US.TX.AG,2113,79,
Barrow County,US.GA.BW,2103,46,
Grand Forks County,US.ND.GD,2099,12,
Wilson County,US.NC.WO,2094,46,
Lafayette County,US.MS.LY,2092,39,
Spotsylvania County,US.VA.SP,2088,43,
Westmoreland County,US.PA.WE,2084,51,
Douglas County,US.KS.DG,2084,10,
Highlands County,US.FL.HG,2081,81,
Porter County,US.IN.PR,2081,47,
Talladega County,US.AL.TD,2077,26,
Twin Falls County,US.ID.TW,2072,35,
Payne County,US.OK.PY,2065,6,
Harnett County,US.NC.HT,2064,51,
Putnam County,US.FL.PU,2060,38,
Lancaster County,US.SC.LN,2059,47,
St. Martin Parish,US.LA.SR,2058,61,
Baldwin County,US.GA.BD,2058,55,
Sullivan County,US.TN.SL,2054,31,
Hendry County,US.FL.HR,2046,42,
Cleveland County,US.NC.CV,2040,60,
Burke County,US.NC.BK,2031,35,
Nassau County,US.FL.NA,2031,37,
Fairfield County,US.OH.FI,2030,50,
Pope County,US.AR.PP,2028,30,
Finney County,US.KS.FI,2026,12,
Lauderdale County,US.MS.LU,2007,124,
Pennington County,US.SD.PN,2004,35,
Vermilion Parish,US.LA.VM,2002,58,
Limestone County,US.AL.LI,2001,19,
Pottawattamie County,US.IA.PT,2000,37,
Canadian County,US.OK.CN,1998,16,
Coffee County,US.GA.CF,1982,43,
Leavenworth County,US.KS.LV,1979,10,
Rockingham County,US.NH.RO,1975,103,
Hall County,US.NE.HL,1963,47,
Darlington County,US.SC.DA,1958,51,
Kenton County,US.KY.KE,1952,45,
Stafford County,US.VA.SF,1951,14,
Saline County,US.AR.SL,1951,21,
Buena Vista County,US.IA.BV,1950,12,
St. Francois County,US.MO.SF,1948,9,
Lebanon County,US.PA.LB,1945,59,
Barnstable County,US.MA.BA,1943,172,
Lincoln County,US.AR.LC,1941,15,
Nobles County,US.MN.NB,1936,16,
Cass County,US.IN.CS,1935,10,
Columbiana County,US.OH.CL,1920,80,
Carroll County,US.MD.CR,1912,124,
Colquitt County,US.GA.CQ,1911,33,
Kendall County,US.IL.KA,1909,25,
Henderson County,US.NC.HN,1906,64,
Orange County,US.TX.OR,1905,41,
Wicomico County,US.MD.WI,1902,48,
Monongalia County,US.WV.MG,1902,5,
Suffolk City,US.VA.SO,1897,71,
Jackson County,US.GA.JC,1894,30,
St. Mary Parish,US.LA.SM,1891,77,
Manassas City,US.VA.MS,1890,25,
Crittenden County,US.AR.CD,1887,45,
Delaware County,US.IN.DL,1887,62,
Cochise County,US.AZ.CH,1881,69,
Walton County,US.FL.WL,1877,22,
Licking County,US.OH.LI,1868,62,
Kershaw County,US.SC.KE,1864,36,
Cullman County,US.AL.CU,1862,18,
Georgetown County,US.SC.GR,1860,44,
Onslow County,US.NC.ON,1859,23,
Trumbull County,US.OH.TR,1853,131,
Hot Spring County,US.AR.HT,1847,26,
Litchfield County,US.CT.LI,1841,140,
Hamblen County,US.TN.HB,1838,25,
Beaver County,US.PA.BA,1838,118,
Centre County,US.PA.CT,1836,11,
Chelan County,US.WA.CH,1834,14,
Bee County,US.TX.BE,1834,30,
Fond du Lac County,US.WI.FN,1832,13,
Parker County,US.TX.PR,1822,30,
Rockdale County,US.GA.RO,1817,35,
Stanly County,US.NC.SN,1814,56,
Berrien County,US.MI.BN,1812,72,
Monroe County,US.FL.MO,1808,22,
Hale County,US.TX.HE,1807,53,
Kent County,US.RI.KE,1796,107,
Coryell County,US.TX.CL,1795,12,
Bolivar County,US.MS.BO,1795,65,
Grayson County,US.TX.GO,1791,36,
Gordon County,US.GA.GO,1791,36,
Bastrop County,US.TX.BP,1789,28,
Hampton city,US.VA.HM,1782,21,
Monroe County,US.PA.MR,1775,130,
New London County,US.CT.NL,1774,114,
Vigo County,US.IN.VI,1773,23,
Buchanan County,US.MO.BC,1772,13,
Sampson County,US.NC.SP,1766,24,
Cumberland County,US.PA.CU,1764,75,
St. Charles Parish,US.LA.SC,1763,59,
Marshall County,US.IA.MS,1762,34,
Montgomery County,US.VA.MO,1760,4,
Oktibbeha County,US.MS.OK,1754,50,
Fayette County,US.GA.FY,1752,49,
Garland County,US.AR.GL,1750,49,
Dallas County,US.AL.DL,1749,26,
Franklin County,US.AL.FR,1745,28,
Clark County,US.OH.CK,1742,38,
Walton County,US.GA.WA,1742,53,
Tipton County,US.TN.TI,1739,17,
Clay County,US.MO.CY,1736,40,
East Feliciana Parish,US.LA.EF,1731,66,
Russell County,US.AL.RU,1731,2,
Niagara County,US.NY.NI,1728,89,
Wood County,US.OH.WO,1725,72,
Franklin County,US.PA.FR,1719,50,
Tift County,US.GA.TI,1697,56,
Muskogee County,US.OK.MO,1696,21,
Autauga County,US.AL.AU,1691,24,
Granville County,US.NC.GN,1689,48,
Rogers County,US.OK.RS,1683,48,
Sutter County,US.CA.SU,1679,10,
Flagler County,US.FL.FL,1662,23,
Washington County,US.MD.WA,1654,37,
Lauderdale County,US.AL.LU,1653,33,
Trousdale County,US.TN.TR,1651,7,
Dodge County,US.WI.DD,1649,9,
Riley County,US.KS.RL,1643,8,
Clermont County,US.OH.CE,1640,20,
Eau Claire County,US.WI.EA,1637,6,
Napa County,US.CA.NA,1636,13,
Lamar County,US.MS.LM,1635,34,
Madison County,US.KY.MD,1632,6,
Chattahoochee County,US.GA.CH,1626,1,
LaSalle County,US.IL.LA,1616,55,
Wichita County,US.TX.WC,1613,20,
Laurens County,US.SC.LU,1611,54,
Blue Earth County,US.MN.BE,1611,6,
Colbert County,US.AL.CL,1609,26,
Chatham County,US.NC.CH,1604,57,
Madison County,US.IN.MD,1601,86,
Washington Parish,US.LA.WO,1598,65,
Mississippi County,US.AR.MS,1596,50,
Laurens County,US.GA.LR,1587,62,
Lake County,US.OH.LK,1581,49,
St. John the Baptist Parish,US.LA.SO,1579,98,
Roanoke city,US.VA.RO,1578,22,
Putnam County,US.NY.PU,1577,63,
Tazewell County,US.IL.TA,1576,18,
Sullivan County,US.NY.SL,1573,37,
Lee County,US.NC.LE,1572,13,
Caldwell County,US.NC.CL,1571,18,
Escambia County,US.AL.ES,1564,25,
Habersham County,US.GA.HB,1563,66,
Blount County,US.AL.BU,1560,14,
Hunt County,US.TX.HT,1557,35,
Franklin County,US.MO.FR,1553,28,
Seward County,US.KS.SW,1552,5,
Middlesex County,US.CT.MI,1552,193,
DeSoto County,US.FL.DE,1549,23,
Rockwall County,US.TX.RC,1543,25,
Neshoba County,US.MS.NS,1540,103,
Wright County,US.MN.WR,1540,7,
Malheur County,US.OR.ML,1539,23,
Gibson County,US.TN.GB,1538,19,
Moore County,US.NC.ME,1535,27,
Brunswick County,US.NC.BS,1535,26,
Allen Parish,US.LA.AL,1534,46,
Hardeman County,US.TN.HA,1532,25,
Cape Girardeau County,US.MO.CG,1532,10,
Cherokee County,US.TX.CK,1522,28,
Jackson County,US.AL.JA,1516,11,
Nacogdoches County,US.TX.NC,1516,60,
Boone County,US.KY.BO,1509,25,
Sheboygan County,US.WI.SE,1506,14,
Garfield County,US.OK.GF,1504,18,
Chilton County,US.AL.CI,1502,27,
Comanche County,US.OK.CM,1492,12,
Caldwell County,US.TX.CW,1488,35,
Erie County,US.PA.ER,1483,37,
Wayne County,US.TN.WY,1480,5,
Thomas County,US.GA.TH,1476,58,
St. Francis County,US.AR.SI,1474,5,
Lincoln County,US.NC.LI,1473,14,
Broome County,US.NY.BO,1472,85,
Monroe County,US.MI.MO,1471,28,
Walker County,US.GA.WK,1470,30,
Avoyelles Parish,US.LA.AV,1469,53,
Ware County,US.GA.WE,1465,53,
DeKalb County,US.IL.DK,1465,38,
Okeechobee County,US.FL.OE,1464,23,
Muskegon County,US.MI.MG,1456,69,
Sussex County,US.NJ.SU,1453,198,
Panola County,US.MS.PA,1445,27,
Titus County,US.TX.TU,1443,28,
Taylor County,US.TX.TA,1442,49,
Jim Wells County,US.TX.JW,1433,32,
Warren County,US.NJ.WA,1433,171,
Medina County,US.OH.MD,1432,39,
Texas County,US.OK.TE,1425,8,
Sunflower County,US.MS.SU,1421,44,
San Patricio County,US.TX.SP,1415,72,
Baker County,US.FL.BK,1412,11,
Polk County,US.GA.PO,1409,17,
Cass County,US.MO.CS,1405,17,
Lowndes County,US.MS.LO,1403,57,
St. Louis County,US.MN.ST,1400,34,
Iberville Parish,US.LA.IV,1400,58,
Wagoner County,US.OK.WG,1398,24,
Macon County,US.IL.MC,1396,40,
Cole County,US.MO.CE,1386,7,
Schenectady County,US.NY.SN,1383,46,
Warren County,US.MS.WR,1381,50,
Rockingham County,US.VA.RG,1380,21,
Effingham County,US.GA.EF,1380,23,
Allen County,US.OH.AN,1378,68,
LaPorte County,US.IN.LA,1376,37,
Leflore County,US.MS.LL,1370,80,
Greene County,US.OH.GR,1367,28,
St. Bernard Parish,US.LA.SE,1361,29,
Carver County,US.MN.CV,1360,7,
Miami County,US.OH.MM,1359,49,
Coles County,US.IL.CE,1354,28,
Sioux County,US.IA.SI,1353,3,
Newton County,US.MO.NT,1352,14,
Stark County,US.ND.SR,1348,6,
Oconee County,US.SC.OC,1344,27,
Wharton County,US.TX.WN,1340,50,
Lea County,US.NM.LE,1334,21,
Dale County,US.AL.DE,1333,43,
Livingston County,US.MI.LI,1332,30,
Hampshire County,US.MA.HS,1326,141,
Williamson County,US.IL.WS,1325,34,
Hardin County,US.TX.HN,1317,28,
Floyd County,US.IN.FL,1315,64,
Sandoval County,US.NM.SD,1314,41,
Tolland County,US.CT.TO,1312,66,
Columbus County,US.NC.CM,1312,54,
Ozaukee County,US.WI.OZ,1311,19,
Covington County,US.AL.CV,1311,27,
San Benito County,US.CA.SI,1310,11,
Bedford County,US.TN.BD,1309,16,
Rice County,US.MN.RI,1308,8,
Lynchburg city,US.VA.LY,1307,11,
Williamsburg County,US.SC.WI,1307,42,
Jefferson County,US.WI.JE,1302,7,
Hardee County,US.FL.HD,1299,10,
Evangeline Parish,US.LA.EV,1297,32,
Mower County,US.MN.MW,1293,5,
Taylor County,US.FL.TA,1291,12,
Spalding County,US.GA.SD,1289,56,
Hunterdon County,US.NJ.HN,1288,125,
Craven County,US.NC.CN,1287,30,
Howard County,US.IN.HO,1285,66,
Washington County,US.PA.WS,1284,29,
Coffee County,US.AL.CF,1283,8,
Clay County,US.MN.CA,1281,40,
Daviess County,US.KY.DA,1281,14,
Toombs County,US.GA.TM,1279,43,
Dyer County,US.TN.DY,1279,12,
Edgecombe County,US.NC.ED,1279,37,
Surry County,US.NC.SU,1275,21,
Crawford County,US.AR.CW,1271,15,
Wapello County,US.IA.WP,1267,57,
Whatcom County,US.WA.WA,1264,40,
Chambers County,US.TX.CH,1261,8,
Portage County,US.WI.PT,1261,4,
St. Mary's County,US.MD.SA,1259,57,
Bowie County,US.TX.BW,1255,50,
Christian County,US.MO.CT,1255,3,
Jackson County,US.IL.JC,1241,24,
Camden County,US.GA.CD,1239,7,
Calhoun County,US.MI.CU,1239,45,
Eagle County,US.CO.EA,1237,9,
Pontotoc County,US.MS.PO,1236,16,
Yell County,US.AR.YE,1233,29,
Gila County,US.AZ.GI,1233,51,
Grant County,US.IN.GA,1230,36,
McCurtain County,US.OK.MU,1230,33,
Hanover County,US.VA.HV,1230,36,
Lafayette County,US.FL.LF,1230,12,
Jefferson Davis Parish,US.LA.JD,1225,39,
Navarro County,US.TX.NV,1224,26,
Kosciusko County,US.IN.KO,1218,19,
Pottawatomie County,US.OK.PT,1217,9,
Pike County,US.MS.PI,1213,48,
Lincoln County,US.SD.LI,1212,2,
Hardin County,US.KY.HN,1209,10,
Gallatin County,US.MT.GL,1207,4,
Dickson County,US.TN.DI,1199,13,
Albemarle County,US.VA.AB,1199,21,
Willacy County,US.TX.WY,1198,48,
Webster County,US.IA.WE,1196,14,
Sevier County,US.AR.SV,1194,16,
Franklin Parish,US.LA.FR,1193,37,
Monroe County,US.MS.MR,1189,65,
Franklin County,US.NC.FR,1189,32,
Chesterfield County,US.SC.CF,1186,35,
Culpeper County,US.VA.CP,1182,16,
Newberry County,US.SC.NE,1180,22,
Medina County,US.TX.ME,1179,44,
Webster Parish,US.LA.WR,1177,22,
Marathon County,US.WI.MH,1177,14,
Douglas County,US.WA.DO,1176,9,
Warrick County,US.IN.WI,1172,37,
Accomack County,US.VA.AC,1167,19,
Bartholomew County,US.IN.BA,1166,61,
Scott County,US.MS.SC,1164,25,
Copiah County,US.MS.CP,1163,33,
Lincoln Parish,US.LA.LN,1162,47,
Pike County,US.AL.PK,1161,9,
Wilkes County,US.NC.WE,1160,32,
Rockingham County,US.NC.RC,1158,13,
Whitman County,US.WA.WI,1157,0,
Cumberland County,US.TN.CU,1153,17,
Moore County,US.TX.MO,1151,20,
Atascosa County,US.TX.AT,1149,30,
Fayette County,US.TN.FA,1143,18,
Kitsap County,US.WA.KS,1141,11,
Shelby County,US.IN.SH,1140,37,
Tallapoosa County,US.AL.TP,1136,83,
Taney County,US.MO.TA,1135,28,
Anderson County,US.TN.AN,1133,11,
Chambers County,US.AL.CM,1132,42,
Henderson County,US.TN.HS,1131,19,
Yuba County,US.CA.YU,1130,7,
Coahoma County,US.MS.CH,1128,27,
Carter County,US.TN.CT,1126,27,
Rutherford County,US.NC.RU,1119,22,
Weakley County,US.TN.WE,1118,19,
Decatur County,US.GA.DC,1115,27,
Loudon County,US.TN.LO,1115,6,
Christian County,US.KY.CH,1112,18,
Catoosa County,US.GA.CS,1108,17,
Coffee County,US.TN.CF,1108,12,
Greene County,US.TN.GE,1107,37,
Sherburne County,US.MN.SH,1104,14,
Dodge County,US.NE.DE,1102,11,
Wayne County,US.IN.WY,1099,14,
Wakulla County,US.FL.WK,1098,9,
Wayne County,US.GA.WY,1092,27,
Holmes County,US.MS.HO,1092,58,
Morton County,US.ND.MR,1089,17,
Obion County,US.TN.OB,1088,9,
Natchitoches Parish,US.LA.NA,1087,25,
Portage County,US.OH.PO,1086,66,
Charlottesville City,US.VA.CE,1085,28,
Skagit County,US.WA.SG,1079,22,
York County,US.ME.YO,1078,15,
Marshall County,US.MS.MS,1076,15,
El Dorado County,US.CA.EL,1073,4,
Clinton County,US.IA.CN,1072,18,
Clarendon County,US.SC.CN,1071,66,
Clinton County,US.IL.CN,1071,20,
Cherokee County,US.SC.CK,1069,35,
Hoke County,US.NC.HO,1068,16,
Dawson County,US.NE.DN,1068,12,
Lincoln County,US.MS.LI,1068,53,
McMinn County,US.TN.MM,1068,24,
Grimes County,US.TX.GM,1067,31,
Creek County,US.OK.CE,1067,30,
Bryan County,US.GA.BY,1067,11,
Jefferson County,US.TN.JE,1066,14,
Schuylkill County,US.PA.SC,1065,52,
Muscatine County,US.IA.MU,1065,52,
Mercer County,US.OH.MC,1065,17,
Liberty County,US.GA.LB,1064,22,
Grenada County,US.MS.GN,1062,35,
Oldham County,US.KY.OL,1062,25,
Washington County,US.FL.WS,1059,18,
Jackson County,US.OR.JA,1057,4,
Gonzales County,US.TX.GA,1056,16,
Clarke County,US.AL.CK,1055,17,
Plymouth County,US.IA.PM,1055,20,
Lee County,US.AR.LE,1050,18,
McDonald County,US.MO.MA,1048,11,
Salem County,US.NJ.SA,1047,89,
Lamar County,US.TX.LR,1046,31,
Pointe Coupee Parish,US.LA.PO,1045,40,
Lonoke County,US.AR.LO,1042,11,
Pueblo County,US.CO.PU,1041,36,
Chaves County,US.NM.CH,1040,11,
Yazoo County,US.MS.YZ,1039,29,
Matagorda County,US.TX.MD,1039,42,
Vernon Parish,US.LA.VN,1036,46,
Bradford County,US.FL.BA,1033,7,
Boone County,US.IL.BO,1033,23,
Brown County,US.SD.BW,1031,3,
Shelby County,US.KY.SH,1031,24,
Independence County,US.AR.IN,1030,14,
Platte County,US.NE.PL,1028,3,
Lyon County,US.KS.LY,1027,27,
Thurston County,US.WA.TH,1027,17,
Okanogan County,US.WA.OK,1026,9,
Montgomery County,US.NC.MO,1026,25,
Pettis County,US.MO.PS,1026,9,
Reno County,US.KS.RN,1024,3,
Waupaca County,US.WI.WP,1023,20,
Macon County,US.TN.MC,1020,20,
Vance County,US.NC.VA,1018,43,
Stephens County,US.GA.SE,1017,33,
Chester County,US.SC.CR,1016,21,
Simpson County,US.MS.SI,1014,43,
Warren County,US.TN.WR,1012,7,
Le Flore County,US.OK.LE,1011,17,
Appling County,US.GA.AP,1010,26,
Cecil County,US.MD.CE,1010,33,
Henry County,US.VA.HY,1007,20,
Levy County,US.FL.LV,1006,9,
Madison County,US.FL.MD,1005,18,
Saratoga County,US.NY.SR,1004,15,
Crawford County,US.IA.CW,1002,4,
Worcester County,US.MD.WO,1002,26,
Butler County,US.PA.BT,1001,22,
Monroe County,US.TN.MR,1001,16,
Cape May County,US.NJ.CP,999,95,
Cerro Gordo County,US.IA.CG,999,21,
Jackson County,US.MI.JA,998,44,
Emanuel County,US.GA.EM,998,29,
Chicot County,US.AR.CT,995,17,
Cherokee County,US.OK.CK,995,7,
Johnson County,US.MO.JO,995,4,
Colleton County,US.SC.CT,994,42,
Kleberg County,US.TX.KL,992,41,
Lane County,US.OR.LE,991,15,
Adams County,US.IL.AD,990,10,
Marshall County,US.IN.MS,988,24,
Buffalo County,US.NE.BF,988,4,
Beauregard Parish,US.LA.BE,986,37,
Fairbanks North Star Borough,US.AK.FA,985,9,
St. Clair County,US.MI.SA,980,53,
Union County,US.MS.UN,978,24,
Dillon County,US.SC.DI,978,34,
DeWitt County,US.TX.DE,975,33,
Crawford County,US.KS.CR,975,6,
Bay County,US.MI.BY,971,48,
Lawrence County,US.TN.LW,970,11,
Frio County,US.TX.FO,970,8,
Hardin County,US.TN.HI,967,14,
Boone County,US.IN.BO,965,49,
Lavaca County,US.TX.LA,964,34,
Halifax County,US.NC.HL,964,18,
Scotland County,US.NC.SC,962,12,
Woodward County,US.OK.WW,961,0,
Pittsylvania County,US.VA.PS,959,9,
Santa Fe County,US.NM.ST,957,5,
Tate County,US.MS.TT,955,37,
Summit County,US.UT.SU,954,1,
Washington County,US.OK.WN,951,40,
Dubois County,US.IN.DU,951,18,
Marion County,US.AL.MI,948,28,
Berkeley County,US.WV.BE,947,13,
Union Parish,US.LA.UN,945,42,
Leake County,US.MS.LK,940,37,
Lenoir County,US.NC.LN,939,27,
Garfield County,US.CO.GA,936,5,
Lauderdale County,US.TN.LU,936,15,
Karnes County,US.TX.KS,935,16,
Manitowoc County,US.WI.MW,934,2,
Kandiyohi County,US.MN.KD,933,2,
Warren County,US.IA.WR,930,6,
Calumet County,US.WI.CA,929,2,
Windham County,US.CT.WI,924,15,
Henderson County,US.TX.HD,923,23,
Hancock County,US.IN.HC,922,45,
Randolph County,US.IL.RA,922,11,
Haywood County,US.TN.HY,921,16,
Adams County,US.MS.AD,921,36,
Sumter County,US.GA.SU,919,60,
Tuscarawas County,US.OH.TU,917,20,
Lake County,US.TN.LK,915,2,
Calvert County,US.MD.CL,913,28,
Franklin County,US.TN.FR,913,7,
Ward County,US.ND.WR,913,4,
Richmond County,US.NC.RI,911,13,
Butler County,US.AL.BT,911,38,
Fauquier County,US.VA.FQ,911,22,
Elko County,US.NV.EL,905,9,
Wayne County,US.OH.WE,905,66,
Pender County,US.NC.PD,904,5,
Erie County,US.OH.ER,901,44,
Rensselaer County,US.NY.RE,901,42,
Bannock County,US.ID.BO,900,4,
Marlboro County,US.SC.ML,898,11,
Grady County,US.OK.GD,897,10,
Pittsburg County,US.OK.PI,894,19,
St. Croix County,US.WI.SI,893,8,
Butler County,US.KS.BU,892,3,
Noble County,US.IN.NO,890,33,
West Baton Rouge Parish,US.LA.WB,889,41,
Northumberland County,US.PA.NU,887,48,
Union County,US.FL.UN,885,12,
McDowell County,US.NC.MW,883,26,
Rusk County,US.TX.RK,883,7,
Hood County,US.TX.HO,882,26,
Lumpkin County,US.GA.LP,881,14,
De Soto Parish,US.LA.DE,880,35,
Wilson County,US.TX.WS,879,26,
Wayne County,US.MS.WY,877,21,
Grant County,US.WI.GA,871,19,
Ellis County,US.KS.EL,870,3,
Harrison County,US.TX.HR,868,31,
Pearl River County,US.MS.PL,867,50,
Gulf County,US.FL.GU,866,14,
Flathead County,US.MT.FL,865,16,
Sauk County,US.WI.SU,863,3,
Columbia County,US.PA.CO,863,35,
Madison Parish,US.LA.MA,863,8,
Walla Walla County,US.WA.WL,861,5,
Ross County,US.OH.RO,856,22,
Deaf Smith County,US.TX.DI,855,20,
Beaufort County,US.NC.BA,855,17,
Winona County,US.MN.WN,852,18,
Mendocino County,US.CA.MI,851,18,
Frederick County,US.VA.FK,848,11,
Bledsoe County,US.TN.BE,845,4,
Union County,US.AR.UN,841,31,
Roane County,US.TN.RA,841,4,
Marion County,US.MS.MI,841,33,
Logan County,US.CO.LO,839,5,
Barbour County,US.AL.BR,838,7,
Camden County,US.MO.CM,837,10,
Williams County,US.ND.WI,836,5,
Sabine Parish,US.LA.SB,835,13,
Marion County,US.SC.MI,835,22,
Bryan County,US.OK.BR,833,4,
Tooele County,US.UT.TE,833,0,
Big Horn County,US.MT.BI,832,21,
Carroll County,US.TN.CR,832,17,
Danville City,US.VA.DA,831,25,
Campbell County,US.KY.CM,831,16,
James City County,US.VA.JA,831,19,
Hamilton County,US.FL.HM,830,8,
Chittenden County,US.VT.CH,829,39,
Polk County,US.TX.PK,828,22,
Waller County,US.TX.WR,826,12,
Dixie County,US.FL.DI,826,6,
Effingham County,US.IL.EF,825,1,
Scott County,US.MO.ST,824,16,
Bladen County,US.NC.BL,821,12,
Johnson County,US.AR.JO,819,5,
Bullitt County,US.KY.BI,817,9,
Prentiss County,US.MS.PN,815,17,
Payette County,US.ID.PA,814,6,
Calhoun County,US.TX.CU,812,7,
McNairy County,US.TN.MA,810,16,
Covington County,US.MS.CV,809,22,
Adams County,US.WA.AD,808,9,
Sequoyah County,US.OK.SQ,804,11,
Richland County,US.OH.RI,804,19,
Erath County,US.TX.ER,804,12,
Shenandoah County,US.VA.SN,799,58,
Murray County,US.GA.MA,796,5,
Adams County,US.PA.AD,796,25,
Dawson County,US.GA.DW,795,6,
Greene County,US.AR.GE,795,7,
Gilmer County,US.GA.GI,794,11,
Graham County,US.AZ.GA,793,24,
Tattnall County,US.GA.TT,792,9,
St. James Parish,US.LA.SJ,792,40,
Cheatham County,US.TN.CA,790,10,
Lenawee County,US.MI.LN,787,16,
Ottawa County,US.OK.OT,786,4,
Madison County,US.NE.MA,786,5,
Osage County,US.OK.OS,784,13,
White County,US.TN.WH,784,9,
Roanoke County,US.VA.RE,784,7,
Mitchell County,US.GA.MT,782,45,
Henry County,US.IN.HY,781,24,
Rhea County,US.TN.RH,781,11,
Madison County,US.OH.MO,780,12,
Jasper County,US.SC.JA,779,19,
McClain County,US.OK.ML,779,6,
Harris County,US.GA.HI,777,21,
Deschutes County,US.OR.DE,777,12,
Okmulgee County,US.OK.OM,775,5,
Jefferson County,US.GA.JR,775,23,
Alcorn County,US.MS.AL,775,11,
Miller County,US.AR.ML,774,11,
Fayette County,US.PA.FA,773,7,
Itawamba County,US.MS.IT,770,21,
Hawkins County,US.TN.HW,770,16,
Jasper County,US.IA.JS,770,32,
Greensville County,US.VA.GS,769,11,
Marinette County,US.WI.MT,769,7,
Burke County,US.GA.BE,767,9,
Darke County,US.OH.DA,766,39,
Bingham County,US.ID.BG,766,10,
Laurel County,US.KY.LU,765,6,
Colfax County,US.NE.CO,762,5,
Grady County,US.GA.GD,760,21,
Newton County,US.MS.NW,759,23,
Tallahatchie County,US.MS.TL,757,18,
Uvalde County,US.TX.UV,755,30,
Upson County,US.GA.UP,755,59,
Assumption Parish,US.LA.AS,753,24,
Washington County,US.RI.WA,753,67,
George County,US.MS.GR,751,13,
Morehouse Parish,US.LA.MO,748,20,
Dunklin County,US.MO.DU,746,6,
Pulaski County,US.KY.PU,746,10,
Richland Parish,US.LA.RI,745,10,
Jackson County,US.IN.JC,744,10,
Van Buren County,US.MI.VA,744,17,
Berkshire County,US.MA.BE,743,49,
Curry County,US.NM.CU,743,5,
Fairfield County,US.SC.FA,742,34,
Des Moines County,US.IA.DS,740,7,
Ben Hill County,US.GA.BL,740,20,
Yamhill County,US.OR.YA,738,14,
Muhlenberg County,US.KY.MU,738,12,
Allegan County,US.MI.AL,737,7,
Cocke County,US.TN.CE,734,9,
Morgan County,US.CO.MN,733,48,
St. Joseph County,US.MI.SJ,732,11,
Wood County,US.WI.WO,732,4,
White County,US.AR.WH,731,20,
Lassen County,US.CA.LS,730,0,
Jerome County,US.ID.JR,728,7,
White County,US.GA.WH,727,17,
Holmes County,US.FL.HO,727,5,
Franklin County,US.GA.FR,726,11,
Winston County,US.MS.WN,725,19,
Chattooga County,US.GA.CG,725,12,
Cabell County,US.WV.CB,724,10,
Iron County,US.UT.RN,723,2,
Marion County,US.IA.MI,722,5,
Prince George County,US.VA.PG,722,5,
Petersburg city,US.VA.PB,721,28,
Oconto County,US.WI.OC,720,4,
Lincoln County,US.MO.LO,719,3,
Codington County,US.SD.CD,719,3,
Madison County,US.TX.AD,718,6,
Marshall County,US.TN.MS,717,5,
Oconee County,US.GA.OC,716,26,
Scott County,US.KY.SC,716,10,
Winston County,US.AL.WN,716,12,
Radford city,US.VA.RD,716,1,
Graves County,US.KY.GV,715,29,
Morgan County,US.IN.MG,714,41,
Wise County,US.TX.WE,712,13,
Yadkin County,US.NC.YD,711,7,
Bedford County,US.VA.BF,710,12,
Belmont County,US.OH.BE,710,27,
Shasta County,US.CA.SH,709,14,
West Feliciana Parish,US.LA.WF,708,25,
Wasatch County,US.UT.WA,707,7,
Geauga County,US.OH.GE,705,47,
Jeff Davis County,US.GA.JF,704,19,
Beadle County,US.SD.BA,703,9,
Jackson County,US.OK.JA,702,10,
Isle of Wight County,US.VA.IS,702,17,
Burnet County,US.TX.BT,701,12,
Marengo County,US.AL.ME,701,19,
Caddo County,US.OK.CD,701,20,
Mercer County,US.PA.ME,699,14,
Lee County,US.SC.LE,699,34,
Eddy County,US.NM.ED,699,6,
Lee County,US.GA.LE,698,25,
Saline County,US.NE.SL,698,2,
Hertford County,US.NC.HD,693,26,
Tama County,US.IA.TM,692,31,
McCracken County,US.KY.MK,691,6,
San Juan County,US.UT.SJ,690,29,
Androscoggin County,US.ME.AN,687,10,
Whiteside County,US.IL.WD,685,20,
Delaware County,US.OK.DL,683,23,
Overton County,US.TN.OV,680,5,
Brookings County,US.SD.BK,680,2,
Smith County,US.TN.SH,678,10,
Pasquotank County,US.NC.PU,677,29,
Buckingham County,US.VA.BK,676,9,
Putnam County,US.GA.PT,676,23,
Union County,US.GA.UN,675,17,
Saline County,US.MO.SI,672,9,
Isabella County,US.MI.IB,672,12,
Saluda County,US.SC.SA,669,20,
Mecklenburg County,US.VA.ME,669,33,
Madison County,US.GA.MD,667,8,
Fremont County,US.WY.FR,666,14,
Plaquemines Parish,US.LA.PL,664,19,
Hancock County,US.OH.HN,664,9,
Henderson County,US.KY.HE,662,3,
Tishomingo County,US.MS.TS,661,37,
Monroe County,US.GA.MN,660,48,
Peach County,US.GA.PH,659,21,
Fannin County,US.TX.FI,656,14,
Chickasaw County,US.MS.CS,656,24,
Washington County,US.GA.WG,654,8,
Laramie County,US.WY.LA,652,4,
Lyon County,US.MN.LY,652,4,
Ashtabula County,US.OH.AB,651,48,
Barren County,US.KY.BN,651,13,
Hawaii County,US.HI.HA,651,15,
Lowndes County,US.AL.LO,649,27,
Johnson County,US.TN.JO,648,2,
Daviess County,US.IN.DI,645,29,
Tippah County,US.MS.TP,645,16,
Indiana County,US.PA.IN,642,12,
Attala County,US.MS.AT,641,25,
Platte County,US.MO.PT,640,10,
Cassia County,US.ID.CS,639,5,
Queen Anne's County,US.MD.QU,638,26,
Blaine County,US.ID.BL,638,6,
Pickens County,US.AL.PC,638,14,
Boone County,US.AR.BO,637,9,
Saline County,US.KS.SA,636,9,
Caroline County,US.MD.CO,636,4,
Bibb County,US.AL.BI,636,10,
Dearborn County,US.IN.DR,635,30,
Carroll County,US.IA.CL,634,5,
Clinton County,US.MI.CN,633,13,
LaGrange County,US.IN.LG,632,11,
Marion County,US.MO.MO,631,14,
Ogle County,US.IL.OG,631,6,
Lycoming County,US.PA.LY,630,24,
Butts County,US.GA.BU,630,42,
Minidoka County,US.ID.MI,628,7,
Jackson Parish,US.LA.JA,628,22,
Monroe County,US.IL.MR,627,15,
Washington County,US.TX.WH,627,48,
Grundy County,US.IL.GU,627,5,
Carroll County,US.AR.CL,625,9,
Henry County,US.IL.HY,622,5,
Randolph County,US.AL.RA,622,12,
Howard County,US.TX.HW,620,12,
Vermilion County,US.IL.VE,619,4,
Eaton County,US.MI.EA,618,10,
Morgan County,US.IL.MG,617,21,
Athens County,US.OH.AS,616,2,
Poinsett County,US.AR.PN,615,9,
Hale County,US.AL.HA,615,28,
Carteret County,US.NC.CE,615,5,
Bamberg County,US.SC.BM,614,33,
Charlton County,US.GA.CT,614,6,
Cowlitz County,US.WA.CW,611,6,
Nodaway County,US.MO.NO,611,1,
Hampton County,US.SC.HA,610,26,
Scurry County,US.TX.SU,610,2,
Pierce County,US.WI.PI,609,6,
Henry County,US.IA.HE,608,4,
Manassas Park city,US.VA.MP,607,7,
Calhoun County,US.FL.CA,607,10,
Winn Parish,US.LA.WI,606,18,
Barnwell County,US.SC.BN,605,17,
Hill County,US.TX.HI,605,13,
Knox County,US.IL.KX,605,3,
Jackson County,US.TX.JA,604,15,
Lawrence County,US.OH.LW,604,18,
Pickens County,US.GA.PE,603,10,
Hopkins County,US.KY.HO,602,39,
Henry County,US.TN.HR,602,9,
Perry County,US.MO.PR,599,4,
Fannin County,US.GA.FN,598,12,
Franklin County,US.KY.FR,597,12,
Broomfield County and City,US.CO.BR,597,33,
Lee County,US.IA.LE,597,7,
Franklin County,US.FL.FR,596,3,
Elbert County,US.GA.EL,596,3,
Clinton County,US.IN.CI,595,16,
Watauga County,US.NC.WT,595,1,
Walthall County,US.MS.WT,594,25,
Shawano County,US.WI.SA,593,1,
Rosebud County,US.MT.RS,592,17,
Bacon County,US.GA.BC,592,10,
Lawrence County,US.AL.LW,592,20,
Bullock County,US.AL.BL,591,14,
Chester County,US.TN.CS,591,9,
Pierce County,US.GA.PR,591,17,
Blair County,US.PA.BL,589,16,
Shelby County,US.OH.SH,587,9,
Lapeer County,US.MI.LP,587,36,
Kerr County,US.TX.KR,586,10,
Jones County,US.TX.JN,584,0,
Callaway County,US.MO.CA,584,2,
Macon County,US.NC.MN,583,2,
Logan County,US.WV.LO,582,39,
Columbia County,US.NY.CU,582,47,
Adair County,US.OK.AD,581,10,
Geneva County,US.AL.GE,581,4,
Clay County,US.MS.CY,581,17,
Missoula County,US.MT.MS,581,3,
Haywood County,US.NC.HW,580,31,
Bureau County,US.IL.BU,580,11,
McDuffie County,US.GA.MU,580,13,
Cherokee County,US.NC.CO,579,10,
Lincoln County,US.TN.LI,579,1,
Matanuska-Susitna Borough,US.AK.MA,579,2,
Pulaski County,US.MO.PA,578,5,
Monroe County,US.AL.MR,576,8,
Jessamine County,US.KY.JS,576,0,
Butler County,US.MO.BE,576,4,
Branch County,US.MI.BC,576,4,
Dorchester County,US.MD.DO,575,10,
Southampton County,US.VA.SA,575,22,
Midland County,US.MI.MD,570,11,
Fayette County,US.WV.FA,569,10,
Cherokee County,US.AL.CH,569,16,
Van Zandt County,US.TX.VN,568,18,
Giles County,US.TN.GL,568,17,
Auglaize County,US.OH.AU,568,9,
Pike County,US.PA.PI,566,22,
Jefferson County,US.IL.JF,564,37,
Hancock County,US.MS.HN,564,21,
Harrison County,US.IN.HI,564,26,
Glenn County,US.CA.GL,563,3,
Wright County,US.IA.WG,563,1,
Prince Edward County,US.VA.PD,562,12,
Laclede County,US.MO.LD,560,3,
Columbia County,US.WI.CO,559,2,
Merrimack County,US.NH.ME,558,23,
Limestone County,US.TX.LO,556,10,
Sandusky County,US.OH.SA,555,20,
Jasper County,US.MS.JS,555,15,
Valencia County,US.NM.VA,555,4,
Anson County,US.NC.AN,553,4,
Bertie County,US.NC.BT,553,7,
Trempealeau County,US.WI.TR,552,2,
Clay County,US.AL.CY,552,7,
Washington County,US.AL.WS,549,13,
Edgefield County,US.SC.ED,549,17,
Putnam County,US.OH.PU,548,23,
Cambria County,US.PA.CI,547,7,
DeKalb County,US.TN.DE,546,11,
Jefferson County,US.FL.JE,546,8,
Cascade County,US.MT.CS,544,5,
Mesa County,US.CO.ME,544,7,
Brown County,US.TX.BN,543,21,
Noxubee County,US.MS.NO,543,15,
Talbot County,US.MD.TA,542,5,
Cook County,US.GA.CO,542,12,
Mayes County,US.OK.MY,542,10,
Chautauqua County,US.NY.CQ,541,4,
East Carroll Parish,US.LA.EC,541,4,
Washington County,US.VA.WG,539,16,
Putnam County,US.IN.PT,539,9,
Perry County,US.AL.PE,538,6,
Hickman County,US.TN.HN,538,5,
Clay County,US.SD.CY,537,5,
Clarke County,US.MS.CE,537,39,
Meriwether County,US.GA.MW,536,12,
Calloway County,US.KY.CW,536,8,
La Paz County,US.AZ.LA,535,15,
Union County,US.SC.UN,534,11,
Waseca County,US.MN.WE,533,8,
Davie County,US.NC.DV,533,6,
Cass County,US.MI.CS,533,16,
Jackson County,US.NC.JA,532,7,
York County,US.VA.YO,532,6,
Jones County,US.GA.JE,532,8,
Lawrence County,US.MO.LW,532,2,
Abbeville County,US.SC.AB,532,12,
Crisp County,US.GA.CP,532,17,
Wilcox County,US.AL.WC,531,11,
Huron County,US.OH.HU,530,7,
Webster County,US.MO.WE,529,2,
Howell County,US.MO.HW,528,3,
Box Elder County,US.UT.BE,528,5,
Logan County,US.KY.LO,528,27,
Fredericksburg City,US.VA.FB,527,5,
Fayette County,US.IN.FA,527,13,
Carson City,US.NV.CA,525,8,
Conecuh County,US.AL.CO,524,11,
Nevada County,US.CA.NE,524,6,
Smith County,US.MS.SM,524,14,
Crenshaw County,US.AL.CA,523,31,
Worth County,US.GA.WO,523,29,
Freeborn County,US.MN.FR,522,3,
Steele County,US.MN.SE,522,2,
Colusa County,US.CA.CL,519,6,
Benton County,US.MN.BN,515,3,
Oceana County,US.MI.OA,514,6,
Jefferson County,US.OR.JE,513,8,
Crockett County,US.TN.CK,513,19,
Brooks County,US.GA.BO,512,27,
Marion County,US.IL.MO,512,0,
Carter County,US.OK.CR,511,8,
Kay County,US.OK.KA,511,13,
Madison County,US.ID.MA,510,1,
Adams County,US.NE.AD,510,12,
Putnam County,US.WV.PU,509,5,
New Madrid County,US.MO.NW,508,14,
Montgomery County,US.IN.MM,507,22,
Watonwan County,US.MN.WT,506,4,
Calhoun County,US.MS.CN,506,12,
Lawrence County,US.IN.LW,506,30,
Chippewa County,US.WI.CH,505,0,
Custer County,US.OK.CU,505,0,
Greene County,US.NC.GE,505,5,
Nicollet County,US.MN.NI,504,16,
Teton County,US.WY.TE,504,1,
Polk County,US.OR.PO,503,15,
Newport County,US.RI.NE,502,0,
Strafford County,US.NH.ST,502,13,
Palo Pinto County,US.TX.PO,502,15,
Glades County,US.FL.GL,502,4,
Gilchrist County,US.FL.GI,501,12,
Concordia Parish,US.LA.CR,501,13,
Marion County,US.TN.MI,500,7,
Lawrence County,US.PA.LW,499,22,
Macoupin County,US.IL.MP,496,7,
Union County,US.OH.UN,496,2,
Wood County,US.TX.WO,496,21,
Union County,US.IL.UN,496,24,
Shiawassee County,US.MI.SH,496,31,
Nye County,US.NV.NY,495,15,
Claiborne Parish,US.LA.CI,494,21,
Kittitas County,US.WA.KT,494,22,
Franklin County,US.IL.FR,494,2,
Craig County,US.OK.CG,493,1,
Tuscola County,US.MI.TU,493,31,
Stutsman County,US.ND.SU,492,3,
Knox County,US.IN.KN,492,9,
Greene County,US.GA.GE,492,23,
Austin County,US.TX.AU,491,9,
Liberty County,US.FL.LI,491,7,
Morrow County,US.OR.MO,490,6,
Tehama County,US.CA.TE,489,4,
Winchester city,US.VA.WH,489,4,
Jefferson County,US.ID.JF,489,1,
Madison County,US.NY.MA,488,9,
Alexander County,US.NC.AE,488,5,
Polk County,US.MO.PO,487,2,
Dickinson County,US.IA.DI,486,6,
Hart County,US.GA.HT,486,13,
Humboldt County,US.CA.HU,485,6,
Pemiscot County,US.MO.PM,485,9,
Grant Parish,US.LA.GR,483,30,
Milam County,US.TX.MI,483,5,
Tunica County,US.MS.TU,481,13,
Gibson County,US.IN.GI,481,4,
Carroll County,US.VA.CL,481,23,
White County,US.IN.WH,480,14,
Colorado County,US.TX.CO,480,4,
Decatur County,US.IN.DC,479,42,
Todd County,US.MN.TO,479,2,
Decatur County,US.TN.DC,478,6,
Macon County,US.AL.MC,478,20,
Bell County,US.KY.BL,476,12,
Henry County,US.AL.HE,475,4,
Nelson County,US.KY.NE,474,4,
Early County,US.GA.EA,474,32,
Lincoln County,US.OR.LC,473,13,
Raleigh County,US.WV.RL,473,8,
Morgan County,US.GA.MO,472,2,
Stephenson County,US.IL.SN,470,6,
Banks County,US.GA.BS,470,7,
Boone County,US.IA.BO,469,7,
Augusta County,US.VA.AU,469,7,
Linn County,US.OR.LN,468,13,
Scioto County,US.OH.SC,466,6,
Ottawa County,US.OH.OT,466,30,
Lafayette County,US.MO.LF,464,2,
Ontario County,US.NY.OR,464,28,
Green County,US.WI.GN,463,2,
Stewart County,US.GA.SW,462,13,
Meade County,US.SD.MD,462,4,
Fayette County,US.TX.FT,462,18,
Shelby County,US.TX.SY,462,22,
Bremer County,US.IA.BR,462,7,
Lewis County,US.WA.LE,462,4,
Phillips County,US.AR.PH,460,11,
Union County,US.PA.UN,459,6,
Jasper County,US.TX.JR,459,25,
Chisago County,US.MN.CG,458,1,
Stoddard County,US.MO.SD,458,9,
Grand Traverse County,US.MI.GN,457,7,
Howard County,US.AR.HW,456,8,
Oswego County,US.NY.OS,456,3,
Montgomery County,US.MS.MT,455,20,
DeKalb County,US.IN.DE,453,12,
Bienville Parish,US.LA.BI,453,32,
Cherokee County,US.KS.CK,453,8,
Claiborne County,US.MS.CB,452,16,
McLeod County,US.MN.MC,452,2,
Natrona County,US.WY.NA,451,4,
Carbon County,US.PA.CB,449,28,
Seneca County,US.OH.SE,448,14,
Knox County,US.KY.KX,448,9,
McDonough County,US.IL.MU,447,15,
Allegany County,US.MD.AL,447,22,
Warren County,US.MO.WR,447,0,
Le Sueur County,US.MN.LU,445,4,
Smyth County,US.VA.SM,444,8,
Adams County,US.IN.AD,444,4,
Haralson County,US.GA.HS,444,8,
Franklin County,US.MA.FR,443,67,
Miller County,US.MO.ML,443,1,
Barron County,US.WI.BR,441,4,
Calhoun County,US.SC.CH,441,17,
Ohio County,US.KY.OH,440,9,
Crow Wing County,US.MN.CW,439,18,
Berrien County,US.GA.BN,439,11,
Christian County,US.IL.CI,438,10,
Fentress County,US.TN.FE,436,3,
Atkinson County,US.GA.AT,435,3,
Kenai Peninsula Borough,US.AK.KN,435,2,
Union County,US.OR.UN,435,2,
Lake County,US.CA.LK,433,10,
Barry County,US.MO.BR,433,6,
Washington County,US.IA.WS,432,11,
Grays Harbor County,US.WA.GY,432,6,
Logan County,US.IL.LO,431,1,
Claiborne County,US.TN.CI,430,4,
Catahoula Parish,US.LA.CT,429,10,
Miami County,US.IN.MI,429,3,
Bleckley County,US.GA.BK,427,19,
Barton County,US.KS.BT,427,5,
Fayette County,US.AL.FA,426,9,
Louisa County,US.IA.LO,425,15,
Ashley County,US.AR.AS,425,9,
Lawrence County,US.MS.LW,425,12,
Greene County,US.IN.GE,423,38,
Candler County,US.GA.CR,422,17,
Summit County,US.CO.SU,422,4,
La Salle Parish,US.LA.LA,421,7,
Martin County,US.NC.MR,420,10,
Preble County,US.OH.PR,420,13,
Campbell County,US.TN.CM,419,3,
Jefferson County,US.WV.JE,419,4,
Sumter County,US.AL.SU,418,19,
Yalobusha County,US.MS.YL,418,14,
Armstrong County,US.PA.AR,418,17,
Duval County,US.TX.DU,418,14,
Cross County,US.AR.CO,415,8,
Evans County,US.GA.EV,415,6,
Phelps County,US.MO.PH,415,1,
Parmer County,US.TX.PM,415,7,
Saunders County,US.NE.SU,413,3,
Warren County,US.VA.WR,413,6,
Andrews County,US.TX.AR,412,8,
Lyon County,US.NV.LY,412,7,
Audrain County,US.MO.AU,411,2,
Johnson County,US.GA.JH,411,22,
Monroe County,US.WI.MO,411,2,
Person County,US.NC.PN,410,6,
Logan County,US.OK.LG,410,1,
Perry County,US.MS.PY,409,18,
Seminole County,US.OK.SM,409,5,
Luna County,US.NM.LU,408,6,
Campbell County,US.VA.CM,408,4,
Galax city,US.VA.GA,408,30,
Stokes County,US.NC.SO,407,3,
Northampton County,US.NC.NO,407,17,
Dunn County,US.WI.DN,406,0,
Scotts Bluff County,US.NE.SC,405,7,
Cibola County,US.NM.CI,404,20,
Sussex County,US.VA.SS,404,10,
Freestone County,US.TX.FE,403,2,
Nez Perce County,US.ID.NE,402,24,
Dodge County,US.GA.DG,401,11,
Boyd County,US.KY.BD,401,6,
Mercer County,US.WV.MR,401,26,
Stone County,US.MO.SE,400,4,
Otter Tail County,US.MN.OT,400,4,
St. Helena Parish,US.LA.SH,399,4,
Tompkins County,US.NY.TO,398,0,
Jenkins County,US.GA.JK,398,29,
Douglas County,US.WI.DG,397,0,
Woodford County,US.IL.WO,397,6,
Huntingdon County,US.PA.HU,396,6,
Cooke County,US.TX.OO,395,5,
Lincoln County,US.OK.LI,394,10,
Geary County,US.KS.GE,394,2,
Logan County,US.AR.LG,393,1,
Pike County,US.KY.PI,392,3,
Wise County,US.VA.WI,390,8,
Screven County,US.GA.SR,389,9,
Crawford County,US.IL.CW,389,1,
Kewaunee County,US.WI.KW,389,2,
Hancock County,US.GA.HC,388,41,
Randolph County,US.AR.RA,387,22,
Franklin city,US.VA.FR,387,9,
Rio Arriba County,US.NM.RI,386,13,
Jasper County,US.IN.JS,386,3,
Maui County,US.HI.MA,385,9,
Livingston County,US.MO.LV,385,1,
Albany County,US.WY.AL,385,0,
Page County,US.VA.PA,384,29,
Cass County,US.IL.CS,384,11,
Columbia County,US.AR.CI,383,18,
Hopewell city,US.VA.HW,383,7,
Bristol County,US.RI.BR,382,16,
Jersey County,US.IL.JR,381,13,
Cooper County,US.MO.CP,381,2,
Beltrami County,US.MN.BT,379,5,
Muskingum County,US.OH.MU,379,2,
Telfair County,US.GA.TF,379,17,
Stephens County,US.OK.ST,378,5,
Polk County,US.TN.PO,378,11,
Grayson County,US.KY.GY,376,13,
Martinsville city,US.VA.MR,375,15,
Quitman County,US.MS.QU,375,5,
Holmes County,US.OH.HL,375,7,
Upshur County,US.TX.US,374,9,
Lawrence County,US.AR.LW,374,11,
Amherst County,US.VA.AH,374,4,
Humphreys County,US.MS.HU,373,15,
Mason County,US.WA.MA,371,3,
Montrose County,US.CO.MO,370,13,
Steuben County,US.IN.SE,370,7,
Dinwiddie County,US.VA.DN,370,11,
Panola County,US.TX.PN,369,25,
Greenup County,US.KY.GU,369,4,
Clinch County,US.GA.CC,368,6,
Live Oak County,US.TX.LK,368,8,
Fluvanna County,US.VA.FV,367,9,
Harlan County,US.KY.HL,366,10,
Houston County,US.TX.HS,364,10,
Warren County,US.NY.WR,363,30,
Crawford County,US.MO.CF,361,2,
Scott County,US.IN.SC,360,12,
Arkansas County,US.AR.AR,359,4,
La Salle County,US.TX.LS,359,11,
Lincoln County,US.NE.LI,358,2,
Hempstead County,US.AR.HE,358,4,
Allendale County,US.SC.AL,357,6,
Stone County,US.MS.ST,357,11,
Yankton County,US.SD.YA,357,4,
Pecos County,US.TX.PE,357,5,
Union County,US.SD.UN,357,6,
Mingo County,US.WV.MO,356,9,
Ohio County,US.WV.OH,356,6,
Wayne County,US.WV.WA,356,10,
Montgomery County,US.KS.MG,355,5,
Red River Parish,US.LA.RE,355,21,
Iroquois County,US.IL.IR,354,19,
Richmond County,US.VA.RI,353,7,
Pontotoc County,US.OK.PN,353,3,
Steuben County,US.NY.ST,353,39,
Dawson County,US.TX.DW,353,9,
Clark County,US.WI.CL,353,8,
Lamar County,US.AL.LM,353,2,
Lamar County,US.GA.LM,351,17,
Drew County,US.AR.DR,350,6,
Grainger County,US.TN.GA,350,3,
Ionia County,US.MI.II,349,7,
Camp County,US.TX.CP,349,10,
Wood County,US.WV.WO,348,6,
Cowley County,US.KS.CL,348,3,
Shelby County,US.IL.SB,348,4,
Oneida County,US.WI.ON,348,2,
Seminole County,US.GA.SI,347,9,
Greene County,US.MS.GE,346,17,
Fayette County,US.IL.FA,346,3,
Brunswick County,US.VA.BU,346,4,
Little River County,US.AR.LT,345,25,
Miami County,US.KS.MI,345,1,
Jackson County,US.KY.JA,345,17,
Choctaw County,US.AL.CC,345,12,
Pawnee County,US.KS.PN,344,0,
Brantley County,US.GA.BA,343,10,
Mahaska County,US.IA.MK,342,19,
Harvey County,US.KS.HV,342,5,
Harrison County,US.WV.HR,341,7,
Garvin County,US.OK.GV,341,5,
Zavala County,US.TX.ZV,341,16,
Washington County,US.MO.WS,340,6,
Franklin County,US.IA.FN,339,17,
West Carroll Parish,US.LA.WC,339,9,
Chemung County,US.NY.CM,338,3,
Delaware County,US.IA.DA,338,3,
Perry County,US.IL.PY,338,15,
Houghton County,US.MI.HO,337,1,
Union County,US.TN.UO,337,1,
Washington County,US.ID.WA,336,5,
Bradley County,US.AR.BR,336,8,
Caroline County,US.VA.CI,335,5,
Uinta County,US.WY.UI,335,2,
Butler County,US.KY.BR,334,16,
Lawrence County,US.SD.LW,334,4,
Sullivan County,US.IN.SU,334,12,
Wilkinson County,US.GA.WI,332,17,
Otsego County,US.NY.OO,332,4,
Fulton County,US.NY.FU,332,28,
Livingston County,US.IL.LI,332,5,
Madison County,US.AR.MD,332,2,
Benton County,US.TN.BN,332,9,
Goodhue County,US.MN.GO,332,9,
Cleburne County,US.AL.CB,332,6,
Juneau County,US.WI.JU,332,2,
Randolph County,US.GA.RN,331,28,
Webster County,US.MS.WE,331,13,
Hillsdale County,US.MI.HI,330,27,
Lee County,US.IL.LE,330,1,
Kendall County,US.TX.KD,330,7,
Martin County,US.MN.MT,329,9,
Marquette County,US.MI.MQ,328,12,
Jefferson Davis County,US.MS.JD,328,11,
Halifax County,US.VA.HL,328,6,
Newaygo County,US.MI.NE,328,1,
Burleson County,US.TX.BU,327,6,
Hockley County,US.TX.HC,326,8,
Zapata County,US.TX.ZP,326,6,
Terrell County,US.GA.TL,326,31,
Perry County,US.KY.PR,326,8,
Dooly County,US.GA.DO,326,14,
Montgomery County,US.IL.MT,326,13,
Hopkins County,US.TX.HP,325,8,
Avery County,US.NC.AV,325,0,
Menominee County,US.MI.MM,324,1,
Orleans County,US.NY.OL,324,55,
Latah County,US.ID.LA,324,0,
Lamb County,US.TX.LB,324,21,
Jefferson County,US.OH.JE,324,4,
Sweetwater County,US.WY.SW,323,2,
Owyhee County,US.ID.OW,323,5,
Kingfisher County,US.OK.KN,323,2,
Benson County,US.ND.BE,322,5,
Cass County,US.TX.CS,322,14,
Wheeler County,US.GA.WL,322,11,
Rabun County,US.GA.RB,321,7,
Elmore County,US.ID.EL,321,3,
Franklin County,US.KS.FR,321,3,
Herkimer County,US.NY.HE,321,10,
Chaffee County,US.CO.CA,321,19,
Hughes County,US.SD.HG,320,4,
Greene County,US.NY.GR,320,14,
Oglethorpe County,US.GA.OG,319,11,
Adair County,US.MO.AD,319,0,
Aransas County,US.TX.AA,319,18,
St. Lawrence County,US.NY.SI,318,4,
Caswell County,US.NC.CS,318,3,
Warren County,US.NC.WR,316,7,
Genesee County,US.NY.GE,316,6,
Bollinger County,US.MO.BI,316,1,
Hamilton County,US.IA.HM,315,3,
Orange County,US.VA.OR,315,4,
Pike County,US.GA.PK,315,9,
Cleburne County,US.AR.CB,314,8,
Clark County,US.AR.CK,314,4,
Jennings County,US.IN.JN,313,14,
Gaines County,US.TX.GS,313,8,
Chowan County,US.NC.CW,313,3,
Carroll County,US.MS.CL,312,12,
Wayne County,US.NY.WN,311,3,
Amite County,US.MS.AM,311,10,
Cass County,US.NE.CS,311,2,
Clearfield County,US.PA.CF,311,2,
Calaveras County,US.CA.CA,311,14,
Pulaski County,US.GA.PL,310,13,
Franklin County,US.VA.FN,310,3,
Franklin County,US.IN.FR,309,26,
Gillespie County,US.TX.GL,309,10,
Stone County,US.AR.ST,309,7,
Grayson County,US.VA.GY,307,10,
Allen County,US.KY.AL,307,9,
Beckham County,US.OK.BC,307,1,
Choctaw County,US.OK.CA,306,2,
O'Brien County,US.IA.OB,306,9,
Warren County,US.IL.WR,305,2,
Jackson County,US.TN.JA,305,5,
Morgan County,US.TN.MG,305,3,
Northampton County,US.VA.NA,305,31,
Towns County,US.GA.TW,304,8,
Jackson County,US.IA.JC,303,3,
Transylvania County,US.NC.TR,303,7,
Refugio County,US.TX.RF,303,13,
Wilkinson County,US.MS.WK,302,17,
Posey County,US.IN.PS,302,0,
Morgan County,US.MO.MG,302,1,
Caldwell Parish,US.LA.CW,301,3,
Floyd County,US.IA.FL,301,3,
Greene County,US.AL.GR,300,15,
Clark County,US.KY.CK,300,8,
Henry County,US.OH.HE,299,12,
Brooks County,US.TX.BK,298,22,
Winneshiek County,US.IA.WH,298,5,
Logan County,US.OH.LG,297,3,
Kent County,US.MD.KE,296,24,
Gunnison County,US.CO.GU,296,7,
Adair County,US.KY.AD,295,19,
Clay County,US.IA.CY,295,3,
Douglas County,US.NV.DO,294,1,
Montcalm County,US.MI.MC,294,5,
McIntosh County,US.OK.MI,294,4,
Champaign County,US.OH.CH,294,3,
Bosque County,US.TX.BQ,294,6,
Lanier County,US.GA.LI,294,5,
Bonner County,US.ID.BR,293,0,
Turner County,US.GA.TR,293,22,
Susquehanna County,US.PA.SS,293,28,
Clay County,US.IN.CY,293,5,
Island County,US.WA.IS,292,11,
Montgomery County,US.GA.MM,292,5,
Robertson County,US.TX.RO,292,4,
Clay County,US.KY.CY,291,6,
Jackson County,US.AR.JA,290,1,
Bond County,US.IL.BN,290,4,
Union County,US.KY.UN,290,2,
Botetourt County,US.VA.BO,290,10,
Crawford County,US.PA.CW,290,3,
Mississippi County,US.MO.MI,289,3,
Perry County,US.OH.PE,288,9,
Washington County,US.NY.WS,287,14,
Benton County,US.IA.BN,287,1,
Delta County,US.MI.DE,286,5,
Taylor County,US.KY.TA,286,6,
Orange County,US.IN.OR,286,26,
Kemper County,US.MS.KE,286,15,
Irwin County,US.GA.IR,285,4,
Baxter County,US.AR.BA,285,1,
Pine County,US.MN.PN,284,0,
Defiance County,US.OH.DF,283,10,
Gray County,US.TX.GY,283,5,
McIntosh County,US.GA.MH,282,7,
Barry County,US.MI.BR,282,2,
Itasca County,US.MN.IT,282,13,
Whitley County,US.KY.WH,282,2,
Waushara County,US.WI.WS,282,2,
Hardin County,US.IA.HD,281,1,
Madison County,US.MO.MD,281,0,
Clinton County,US.OH.CI,281,13,
Desha County,US.AR.DE,280,5,
Comanche County,US.TX.CE,280,3,
Hughes County,US.OK.HU,280,4,
Benton County,US.OR.BE,280,6,
Douglas County,US.IL.DO,280,6,
Moniteau County,US.MO.ME,280,4,
Unicoi County,US.TN.UC,280,1,
Louisa County,US.VA.LI,280,5,
Texas County,US.MO.TE,279,2,
Knox County,US.OH.KN,279,15,
Ripley County,US.IN.RI,279,8,
Brown County,US.OH.BR,277,2,
Marshall County,US.KY.MH,276,2,
Gem County,US.ID.GE,276,2,
Cannon County,US.TN.CN,276,0,
Polk County,US.MN.PL,275,4,
Klamath County,US.OR.KL,275,2,
Dade County,US.GA.DD,274,5,
Winnebago County,US.IA.WB,273,11,
City and Borough of Juneau,US.AK.JU,272,1,
Patrick County,US.VA.PK,271,24,
Carroll County,US.IN.CO,270,13,
Atoka County,US.OK.AT,269,1,
Casey County,US.KY.CS,269,15,
Roosevelt County,US.NM.RO,268,3,
Saline County,US.IL.SE,266,3,
Atchison County,US.KS.AT,266,1,
Young County,US.TX.YU,266,6,
Snyder County,US.PA.SN,266,4,
Wabash County,US.IN.WB,266,8,
Isanti County,US.MN.IS,265,0,
Dare County,US.NC.DE,264,2,
Simpson County,US.KY.SI,264,8,
Clay County,US.AR.CY,264,7,
Wells County,US.IN.WE,264,2,
Gooding County,US.ID.GO,263,1,
Sharkey County,US.MS.SH,263,12,
Douglas County,US.MN.DU,262,2,
Salem city,US.VA.SE,261,4,
Butler County,US.IA.BE,261,2,
Lee County,US.VA.LE,261,6,
Wilkes County,US.GA.WS,260,4,
Westmoreland County,US.VA.WM,259,3,
Washington County,US.IN.WS,259,1,
Polk County,US.NC.PO,258,8,
Haskell County,US.OK.HS,257,4,
Goochland County,US.VA.GO,257,7,
Woodford County,US.KY.WO,256,0,
Boyle County,US.KY.BE,256,0,
Lyon County,US.IA.LY,255,3,
Marion County,US.WV.MI,255,3,
Door County,US.WI.DO,255,3,
Waynesboro city,US.VA.WS,255,3,
Starke County,US.IN.SR,255,8,
Cattaraugus County,US.NY.CG,255,7,
Tazewell County,US.VA.TA,255,2,
Clarke County,US.IA.CK,255,3,
Whitley County,US.IN.WL,254,6,
Lake County,US.MT.LA,254,1,
Green County,US.KY.GN,254,8,
Sheridan County,US.WY.SH,253,4,
McPherson County,US.KS.MP,252,1,
Emmet County,US.IA.EM,252,10,
Wright County,US.MO.WG,252,0,
Penobscot County,US.ME.PE,252,6,
Polk County,US.AR.PL,251,4,
Ashe County,US.NC.AS,251,1,
Amador County,US.CA.AM,251,16,
Hardin County,US.OH.HD,250,13,
Washington County,US.OH.WS,250,23,
La Plata County,US.CO.LA,250,2,
Morrow County,US.OH.MW,250,2,
Gratiot County,US.MI.GT,250,15,
Campbell County,US.WY.CM,250,1,
Grundy County,US.TN.GU,249,5,
Grant County,US.AR.GN,249,2,
Nottoway County,US.VA.NY,249,16,
Lawrence County,US.IL.LW,249,2,
Castro County,US.TX.AS,249,5,
Poweshiek County,US.IA.PW,248,8,
Becker County,US.MN.BC,248,2,
Dimmit County,US.TX.DM,248,7,
Otero County,US.NM.OT,248,13,
Benton County,US.MO.BN,248,2,
Conway County,US.AR.CN,248,3,
Franklin County,US.AR.FR,248,2,
Emporia city,US.VA.EM,248,25,
Chenango County,US.NY.CH,248,6,
Washington County,US.NE.WS,248,2,
Jackson County,US.WV.JA,247,23,
Ouachita County,US.AR.OU,247,6,
Allamakee County,US.IA.AL,247,5,
Somerset County,US.MD.SO,246,4,
Thurston County,US.NE.TU,245,4,
Wayne County,US.IL.WY,245,5,
Colonial Heights city,US.VA.CH,245,24,
Carlton County,US.MN.CL,245,1,
Jones County,US.IA.JN,245,3,
Wilcox County,US.GA.WC,245,20,
Hood River County,US.OR.HO,245,0,
Buchanan County,US.IA.BC,244,1,
McLean County,US.ND.ML,244,2,
Treutlen County,US.GA.TE,244,8,
Wasco County,US.OR.WC,244,3,
Jefferson County,US.IN.JF,244,3,
Runnels County,US.TX.RN,244,5,
Pawnee County,US.OK.PW,243,3,
Jefferson County,US.MS.JF,243,9,
Miller County,US.GA.ML,243,1,
Jo Daviess County,US.IL.JO,243,2,
Staunton city,US.VA.SU,243,0,
Shelby County,US.IA.SH,242,1,
Randolph County,US.IN.RA,242,7,
Montgomery County,US.KY.MM,242,3,
Green Lake County,US.WI.GL,241,0,
Alamosa County,US.CO.AL,241,9,
Russell County,US.KY.RU,240,6,
Echols County,US.GA.EC,239,2,
Fulton County,US.OH.FU,237,1,
Fulton County,US.IN.FU,236,2,
Russell County,US.VA.RU,236,4,
Randolph County,US.WV.RN,236,1,
Pamlico County,US.NC.PM,233,2,
Calhoun County,US.GA.CU,233,7,
Clayton County,US.IA.CT,233,3,
Jackson County,US.OH.JA,233,4,
Dallam County,US.TX.DL,232,8,
Humphreys County,US.TN.HU,232,3,
Jackson County,US.KS.JA,231,2,
Lampasas County,US.TX.LP,231,8,
Long County,US.GA.LG,231,3,
Coshocton County,US.OH.CS,230,11,
Leon County,US.TX.LN,230,6,
Oglala Lakota County,US.SD.SH,229,3,
Terry County,US.TX.TE,229,4,
Bedford County,US.PA.BO,229,6,
Labette County,US.KS.LB,228,4,
Kossuth County,US.IA.KO,228,0,
Gloucester County,US.VA.GL,228,2,
Pike County,US.MO.PI,228,3,
Montgomery County,US.NY.MT,227,9,
Macon County,US.GA.MC,227,10,
King George County,US.VA.KG,227,4,
Lewis and Clark County,US.MT.LE,226,3,
Huntington County,US.IN.HU,226,3,
Polk County,US.WI.PL,226,2,
Pottawatomie County,US.KS.PT,226,0,
Guthrie County,US.IA.GH,226,5,
Tuolumne County,US.CA.TO,226,4,
Fayette County,US.OH.FY,226,6,
San Jacinto County,US.TX.SJ,225,9,
Andrew County,US.MO.AN,225,1,
Spencer County,US.IN.SP,224,4,
Tioga County,US.NY.TI,224,21,
Lafayette County,US.WI.LF,224,0,
Cameron Parish,US.LA.CM,223,2,
Clallam County,US.WA.CL,223,1,
Sequatchie County,US.TN.SQ,223,3,
Falls County,US.TX.FL,223,5,
Cedar County,US.IA.CD,223,1,
Crawford County,US.OH.CF,222,6,
Wythe County,US.VA.WY,222,3,
Ashland County,US.OH.AL,222,4,
Meigs County,US.TN.ME,221,3,
Pike County,US.AR.PE,221,3,
Tipton County,US.IN.TT,221,25,
Chickasaw County,US.IA.CC,221,0,
Benton County,US.MS.BE,220,1,
Lewis County,US.KY.LI,220,14,
Highland County,US.OH.HI,220,3,
Alleghany County,US.NC.AL,220,0,
Randolph County,US.MO.RN,219,2,
Perry County,US.IN.PE,219,14,
Cottonwood County,US.MN.CT,219,0,
Mountrail County,US.ND.MU,218,2,
Adams County,US.WI.AD,218,4,
Huron County,US.MI.HU,218,5,
Wayne County,US.PA.WN,218,10,
Pulaski County,US.VA.PU,217,4,
Silver Bow County,US.MT.SI,217,0,
Marion County,US.KY.MN,217,7,
Newton County,US.AR.NW,217,18,
Lee County,US.TX.LE,217,14,
Forest County,US.WI.FR,216,4,
Carbon County,US.WY.CB,216,2,
Barnes County,US.ND.BA,215,0,
Pipestone County,US.MN.PS,215,9,
Sac County,US.IA.SA,215,0,
Brewster County,US.TX.BS,214,2,
Powhatan County,US.VA.PH,214,5,
Shoshone County,US.ID.SH,213,18,
Pitkin County,US.CO.PI,213,2,
Greene County,US.VA.GE,212,3,
Lincoln County,US.GA.LC,212,7,
Douglas County,US.OR.DO,211,3,
Mifflin County,US.PA.MI,211,2,
Davison County,US.SD.DV,210,2,
Clay County,US.TN.CY,210,5,
Tyler County,US.TX.TY,210,4,
Jasper County,US.GA.JS,210,4,
Richland County,US.ND.RI,209,1,
Nevada County,US.AR.NV,209,13,
Moultrie County,US.IL.MI,208,3,
Nolan County,US.TX.NO,208,5,
Greene County,US.IL.GE,208,6,
Appomattox County,US.VA.AP,208,3,
Morrison County,US.MN.MR,208,1,
Power County,US.ID.PO,207,0,
Perry County,US.PA.PE,207,6,
Seward County,US.NE.SA,207,3,
Grant County,US.KS.GT,207,5,
Rowan County,US.KY.RW,206,1,
Somerset County,US.PA.SO,206,3,
Gage County,US.NE.GG,206,5,
Bailey County,US.TX.BY,206,5,
Kennebec County,US.ME.KE,206,11,
Madison County,US.IA.MD,205,2,
Taylor County,US.GA.TY,205,9,
Grundy County,US.IA.GN,205,2,
Park County,US.WY.PA,205,2,
Sanpete County,US.UT.SP,205,1,
Iosco County,US.MI.IC,204,12,
Carroll County,US.IL.CL,204,4,
Marquette County,US.WI.MQ,203,1,
Clinton County,US.MO.CO,202,0,
McCormick County,US.SC.MC,202,6,
Dodge County,US.MN.DD,202,0,
Monroe County,US.KY.MO,202,4,
Wyandot County,US.OH.WD,201,12,
Yoakum County,US.TX.YA,201,5,
Livingston County,US.NY.LI,201,6,
Scott County,US.TN.SC,200,2,
Washington County,US.NC.WI,200,8,
Cayuga County,US.NY.CY,199,2,
San Augustine County,US.TX.SG,199,15,
Williams County,US.OH.WI,199,3,
Cherokee County,US.IA.CE,198,2,
Boone County,US.WV.BN,198,1,
Sharp County,US.AR.SH,198,6,
Jasper County,US.IL.JS,198,9,
Clinton County,US.PA.CN,198,6,
Glacier County,US.MT.GC,198,1,
Spencer County,US.KY.SP,197,0,
Chippewa County,US.MN.CP,197,1,
Cumberland County,US.IL.CU,196,4,
Fayette County,US.IA.FT,196,1,
Sawyer County,US.WI.SW,195,1,
Carroll County,US.KY.CL,195,5,
Mercer County,US.KY.MC,195,2,
Rush County,US.IN.RU,194,4,
Izard County,US.AR.IZ,194,0,
Floyd County,US.VA.FO,193,5,
Mecosta County,US.MI.MT,193,3,
Washington County,US.IL.WG,193,1,
Hutchinson County,US.TX.UT,192,3,
Trinity County,US.TX.TR,191,7,
Meade County,US.KY.MA,191,3,
Klickitat County,US.WA.KL,190,3,
Ramsey County,US.ND.RM,190,2,
Heard County,US.GA.HD,189,5,
Franklin County,US.MS.FR,189,3,
Lincoln County,US.NM.LI,189,3,
Iowa County,US.IA.IO,188,1,
Reeves County,US.TX.RE,188,6,
Henry County,US.KY.HY,187,2,
Delta County,US.CO.DT,187,3,
Inyo County,US.CA.IN,187,14,
Marion County,US.GA.MR,187,8,
Hancock County,US.IL.HC,187,3,
Josephine County,US.OR.JO,186,2,
Houston County,US.TN.HO,186,0,
Sullivan County,US.MO.SV,185,0,
Sumner County,US.KS.SU,185,3,
Vernon County,US.WI.VE,185,0,
Twiggs County,US.GA.TG,184,7,
Gallia County,US.OH.GA,184,12,
Sibley County,US.MN.SI,184,3,
Meeker County,US.MN.ME,183,2,
Mitchell County,US.IA.ME,183,0,
Ste. Genevieve County,US.MO.SG,182,1,
Howard County,US.IA.HO,182,5,
Morris County,US.TX.MR,182,3,
Juniata County,US.PA.JU,181,7,
Wayne County,US.MO.WY,181,0,
Scott County,US.VA.SC,180,4,
Wabasha County,US.MN.WB,180,0,
Harrison County,US.IA.HR,180,2,
Brown County,US.MN.BR,180,2,
New Kent County,US.VA.NK,180,2,
Cleveland County,US.AR.CV,179,10,
Idaho County,US.ID.ID,179,0,
Choctaw County,US.MS.CW,179,5,
Lincoln County,US.KY.LN,179,13,
Jay County,US.IN.JY,178,0,
Lewis County,US.TN.LE,177,1,
Perquimans County,US.NC.PQ,177,3,
Vilas County,US.WI.VI,176,1,
Bristol city,US.VA.BI,176,3,
Jefferson County,US.KS.JF,176,2,
McKenzie County,US.ND.MK,176,2,
Iowa County,US.WI.IO,176,0,
Greene County,US.PA.GR,176,1,
Stewart County,US.TN.SA,175,2,
Williamsburg City,US.VA.WL,175,7,
Todd County,US.KY.TO,175,8,
Humboldt County,US.IA.HU,174,3,
Millard County,US.UT.MD,174,0,
Teller County,US.CO.TE,173,4,
Dallas County,US.MO.DL,173,1,
Floyd County,US.KY.FO,173,2,
Hancock County,US.IA.HN,173,2,
Lake County,US.SD.LK,172,7,
Meigs County,US.OH.MS,172,10,
Grundy County,US.MO.GU,172,2,
Newton County,US.TX.NE,172,9,
Custer County,US.SD.CU,172,2,
Essex County,US.VA.ES,171,2,
Marshall County,US.OK.MH,171,1,
Otsego County,US.MI.OS,171,11,
Newton County,US.IN.NE,171,12,
Walsh County,US.ND.WL,170,1,
Bourbon County,US.KY.BU,170,1,
Calhoun County,US.IA.CO,170,2,
Van Buren County,US.AR.VA,169,2,
Barton County,US.MO.BT,169,0,
Mills County,US.IA.ML,168,1,
Roosevelt County,US.MT.RO,168,1,
Harrison County,US.KY.HS,167,0,
Henry County,US.MO.HE,167,4,
Fremont County,US.CO.FR,167,1,
Currituck County,US.NC.CI,166,1,
Owen County,US.IN.OW,166,2,
Douglas County,US.MO.DO,165,3,
Hart County,US.KY.HT,165,1,
Love County,US.OK.LV,165,1,
Mono County,US.CA.MO,165,2,
Coosa County,US.AL.CS,165,3,
Crawford County,US.GA.CW,165,4,
Martin County,US.IN.MN,165,0,
Crockett County,US.TX.CT,164,6,
Mineral County,US.WV.ML,164,4,
Montour County,US.PA.MO,164,5,
Montague County,US.TX.MU,164,3,
Howard County,US.MO.HR,164,2,
Siskiyou County,US.CA.SK,163,0,
Roberts County,US.SD.RO,163,1,
Jefferson County,US.NY.JE,163,1,
Palo Alto County,US.IA.PO,163,0,
Trigg County,US.KY.TG,162,0,
Yellow Medicine County,US.MN.YE,162,2,
Pike County,US.OH.PK,161,0,
Hocking County,US.OH.HC,161,9,
Cortland County,US.NY.CD,161,1,
Carter County,US.KY.CR,161,3,
Fremont County,US.ID.FE,161,3,
Rolette County,US.ND.RO,161,4,
Bourbon County,US.KS.BB,160,2,
Essex County,US.NY.ES,160,13,
Marshall County,US.WV.MH,159,1,
Talbot County,US.GA.TB,159,5,
Tensas Parish,US.LA.TN,159,2,
Rockcastle County,US.KY.RC,159,1,
Red River County,US.TX.RV,159,14,
White County,US.IL.WE,159,0,
Eastland County,US.TX.EA,158,3,
Knott County,US.KY.KT,158,1,
Vernon County,US.MO.VE,158,1,
Ray County,US.MO.RY,158,0,
Pulaski County,US.IL.PL,157,1,
Murray County,US.MN.MU,157,2,
Lincoln County,US.WV.LI,156,2,
Dallas County,US.AR.DA,156,2,
Richland County,US.IL.RI,156,4,
Guernsey County,US.OH.GU,156,7,
Rock County,US.MN.RC,155,0,
Gasconade County,US.MO.GA,155,16,
Emmet County,US.MI.EM,154,4,
Moore County,US.TN.MO,154,1,
Goliad County,US.TX.GI,154,6,
Taylor County,US.WI.TA,154,3,
Grant County,US.KY.GT,154,6,
Gogebic County,US.MI.GO,154,1,
Clinton County,US.NY.CL,154,5,
Columbia County,US.OR.CL,153,1,
Lincoln County,US.WI.LI,153,1,
Van Buren County,US.TN.VA,153,0,
Bandera County,US.TX.BA,153,7,
Grant County,US.WV.GA,152,7,
Pocahontas County,US.IA.PC,152,2,
King William County,US.VA.KW,151,2,
Carroll County,US.OH.CO,151,7,
Mille Lacs County,US.MN.MI,150,3,
Marion County,US.TX.MN,150,13,
Webster County,US.KY.WE,149,3,
Preston County,US.WV.PR,149,4,
Monroe County,US.IA.MR,149,10,
Monroe County,US.WV.ME,148,7,
Garrard County,US.KY.GR,148,3,
York County,US.NE.YO,148,2,
Pushmataha County,US.OK.PU,148,1,
Elbert County,US.CO.EB,148,3,
Stevens County,US.WA.ST,147,2,
Clark County,US.IL.CK,147,2,
Johnson County,US.KY.JO,146,1,
Sanilac County,US.MI.SL,146,7,
Perry County,US.TN.PE,146,0,
Fulton County,US.IL.FU,145,0,
Johnston County,US.OK.JO,145,4,
Northumberland County,US.VA.NU,145,5,
Belknap County,US.NH.BE,145,4,
Crawford County,US.WI.CR,145,0,
Alpena County,US.MI.AP,145,14,
Routt County,US.CO.RT,145,8,
Jones County,US.NC.JN,144,11,
Macon County,US.MO.MN,144,0,
Johnson County,US.IL.JH,144,0,
Lucas County,US.IA.LU,144,6,
Anderson County,US.KY.AN,144,1,
Ripley County,US.MO.RI,144,0,
Ralls County,US.MO.RL,144,0,
Teton County,US.ID.TE,144,0,
McCreary County,US.KY.MR,143,0,
Iron County,US.WI.IR,143,1,
Charles Mix County,US.SD.CH,143,0,
Washington County,US.KY.WS,142,1,
Sioux County,US.ND.SI,142,3,
Redwood County,US.MN.RW,142,0,
Lincoln County,US.WY.LI,142,1,
Cheshire County,US.NH.CH,142,3,
Coos County,US.OR.CO,142,0,
Page County,US.IA.PG,142,0,
Searcy County,US.AR.SA,141,0,
Turner County,US.SD.TU,141,2,
Blanco County,US.TX.BC,141,5,
Noble County,US.OK.NB,141,2,
Pike County,US.IN.PI,141,1,
Clay County,US.IL.CY,141,0,
Hancock County,US.WV.HN,141,0,
Lancaster County,US.VA.LA,140,0,
Caldwell County,US.KY.CD,140,0,
Fulton County,US.KY.FU,140,2,
Knox County,US.NE.KN,140,0,
Wabash County,US.IL.WB,140,1,
McCulloch County,US.TX.MC,139,3,
Montgomery County,US.AR.MT,139,4,
Swain County,US.NC.SW,139,3,
Otoe County,US.NE.OT,139,1,
Del Norte County,US.CA.DE,138,1,
Churchill County,US.NV.CH,138,3,
Monona County,US.IA.MO,138,1,
Prairie County,US.AR.PR,137,1,
Kearney County,US.NE.KA,137,0,
Somervell County,US.TX.SV,137,5,
Benewah County,US.ID.BA,137,3,
Renville County,US.MN.RN,136,7,
Carroll County,US.MO.CL,136,1,
Warren County,US.GA.WR,136,5,
Mason County,US.WV.MN,136,5,
Neosho County,US.KS.NO,135,0,
Grafton County,US.NH.GR,134,1,
Jackson County,US.MN.JA,134,1,
Hill County,US.MT.HI,134,3,
Jefferson County,US.IA.JE,134,1,
Cass County,US.IA.CS,134,2,
Fairfax city,US.VA.FC,134,7,
Langlade County,US.WI.LN,133,2,
Mason County,US.MI.MN,133,0,
Nowata County,US.OK.NW,133,3,
Faribault County,US.MN.FA,132,0,
Wyoming County,US.NY.WM,132,5,
Jack County,US.TX.JK,131,2,
Cass County,US.MN.CS,131,3,
Taos County,US.NM.TA,131,4,
Edmonson County,US.KY.ED,131,12,
Wilbarger County,US.TX.WG,131,2,
Delaware County,US.NY.DE,130,4,
Montezuma County,US.CO.MZ,130,5,
Buchanan County,US.VA.BH,130,2,
Franklin County,US.TX.FK,130,6,
Stephens County,US.TX.SE,129,4,
Bradford County,US.PA.BF,129,3,
Latimer County,US.OK.LA,129,2,
Piatt County,US.IL.PA,129,0,
Wayne County,US.KY.WY,129,0,
Rutland County,US.VT.RU,128,1,
Burnett County,US.WI.BN,128,3,
Okfuskee County,US.OK.OF,128,4,
Gates County,US.NC.GT,127,3,
Ochiltree County,US.TX.OC,127,4,
Mason County,US.IL.MS,127,1,
Estill County,US.KY.ES,127,0,
Vermillion County,US.IN.VE,127,0,
Fulton County,US.AR.FU,127,3,
Osage County,US.MO.OS,127,1,
Osceola County,US.IA.OS,127,0,
Emmons County,US.ND.EM,127,1,
Dent County,US.MO.DN,126,0,
Mercer County,US.IL.ME,126,5,
Ravalli County,US.MT.RA,126,2,
Oxford County,US.ME.OX,125,1,
Buffalo County,US.WI.BF,125,2,
Taylor County,US.IA.TY,124,1,
Breckinridge County,US.KY.BC,124,2,
Hyde County,US.NC.HE,124,4,
Amelia County,US.VA.AI,123,5,
Franklin County,US.VT.FR,123,7,
Swift County,US.MN.SW,123,1,
Wayne County,US.NE.WY,123,0,
Appanoose County,US.IA.AP,123,3,
Windham County,US.VT.WH,123,3,
Union County,US.IA.UN,122,3,
DeKalb County,US.MO.DE,122,2,
Hamilton County,US.NE.HM,122,12,
Graham County,US.NC.GH,122,1,
Clatsop County,US.OR.CT,121,0,
Adams County,US.OH.AD,121,4,
Blackford County,US.IN.BL,121,3,
Dickinson County,US.KS.DK,121,1,
Clay County,US.GA.CY,120,2,
Yancey County,US.NC.YN,120,0,
Harper County,US.KS.HP,120,2,
Humboldt County,US.NV.HU,120,4,
Greenbrier County,US.WV.GE,120,3,
Mason County,US.KY.MS,120,2,
Cuming County,US.NE.CM,120,0,
Juab County,US.UT.JU,120,1,
Wexford County,US.MI.WE,120,4,
Ward County,US.TX.WD,120,1,
Monroe County,US.AR.ME,119,0,
Letcher County,US.KY.LT,119,2,
Crawford County,US.MI.CF,119,5,
Carroll County,US.NH.CA,119,2,
Crittenden County,US.KY.CT,118,1,
Llano County,US.TX.LL,118,2,
Hartley County,US.TX.HL,118,0,
Menard County,US.IL.MN,118,0,
Buffalo County,US.SD.BF,118,3,
Real County,US.TX.RL,117,7,
Phillips County,US.MT.PH,117,0,
Fountain County,US.IN.FO,117,2,
Dewey County,US.SD.DW,117,0,
Roseau County,US.MN.RS,117,0,
Gentry County,US.MO.GT,117,9,
Pulaski County,US.IN.PL,116,1,
Nemaha County,US.NE.NE,116,0,
Murray County,US.OK.MR,116,1,
Taylor County,US.WV.TA,116,6,
Hamilton County,US.TX.HM,115,4,
Mercer County,US.ND.ME,115,0,
Ozark County,US.MO.OZ,114,0,
Davis County,US.IA.DV,114,4,
Clarion County,US.PA.CL,114,3,
Van Wert County,US.OH.VA,114,3,
Dawes County,US.NE.DS,114,0,
Houston County,US.MN.HO,114,0,
Blaine County,US.OK.BL,113,1,
Deer Lodge County,US.MT.DE,113,0,
Washakie County,US.WY.WA,113,6,
Lyman County,US.SD.LY,112,3,
Tyrrell County,US.NC.TY,112,2,
Clay County,US.NC.CY,112,2,
Larue County,US.KY.LR,112,1,
Pennington County,US.MN.PI,112,1,
Carbon County,US.MT.CB,111,0,
Hansford County,US.TX.HF,111,4,
Lunenburg County,US.VA.LN,111,3,
Winkler County,US.TX.WI,111,1,
Coffey County,US.KS.CF,111,8,
Koochiching County,US.MN.KO,111,3,
Fillmore County,US.MN.FI,111,0,
Saguache County,US.CO.SG,111,2,
Clare County,US.MI.CE,111,4,
Leelanau County,US.MI.LE,110,1,
Van Buren County,US.IA.VA,110,1,
Jackson County,US.WI.JA,110,1,
Surry County,US.VA.SR,110,3,
Middlesex County,US.VA.MI,110,9,
Pike County,US.IL.PK,110,1,
Kanabec County,US.MN.KA,109,8,
Jefferson County,US.PA.JE,109,3,
Stevens County,US.KS.SV,109,1,
Camden County,US.NC.CD,109,3,
Edgar County,US.IL.EG,109,7,
Bennington County,US.VT.BE,109,1,
Monroe County,US.OH.ME,108,18,
Uintah County,US.UT.UN,108,1,
Grant County,US.NM.GR,108,2,
Dickinson County,US.MI.DI,108,2,
Thomas County,US.KS.TH,108,0,
Butler County,US.NE.BE,108,1,
Meade County,US.KS.ME,107,1,
Brooke County,US.WV.BO,107,1,
Metcalfe County,US.KY.MT,107,2,
Hancock County,US.TN.HC,106,3,
Spink County,US.SD.SP,106,0,
Floyd County,US.TX.FY,106,9,
Clinton County,US.KY.CO,106,2,
Seneca County,US.NY.SC,105,1,
Gray County,US.KS.GY,105,0,
Mitchell County,US.NC.MI,105,3,
Todd County,US.SD.TO,105,5,
Carbon County,US.UT.CR,105,0,
Lincoln County,US.MT.LN,105,3,
Greer County,US.OK.GE,104,8,
Schley County,US.GA.SY,104,2,
Crawford County,US.IN.CW,104,1,
Duchesne County,US.UT.DU,103,1,
Phelps County,US.NE.PH,103,0,
Richland County,US.WI.RI,103,4,
Paulding County,US.OH.PA,103,0,
Issaquena County,US.MS.IS,103,3,
Custer County,US.MT.CU,103,2,
Worth County,US.IA.WT,103,0,
Garza County,US.TX.GR,103,4,
Brown County,US.IN.BR,102,3,
Rockbridge County,US.VA.RB,102,2,
Cumberland County,US.VA.CU,102,1,
Madison County,US.VA.MD,102,3,
Jim Hogg County,US.TX.JG,102,3,
Lincoln County,US.MN.LI,102,0,
Bates County,US.MO.BS,101,1,
Harrison County,US.MO.HS,101,1,
Wyoming County,US.WV.WY,101,3,
Union County,US.IN.UN,101,0,
Sevier County,US.UT.SE,101,1,
De Witt County,US.IL.DW,101,1,
Pierce County,US.NE.PI,101,7,
Converse County,US.WY.CE,100,0,
Hampshire County,US.WV.HM,100,1,
Charlotte County,US.VA.CT,100,0,
Traill County,US.ND.TR,100,0,
Parke County,US.IN.PA,100,1,
Oregon County,US.MO.OR,99,0,
Swisher County,US.TX.SW,99,3,
Allegany County,US.NY.AL,99,2,
Hidalgo County,US.NM.HI,99,2,
Ford County,US.IL.FO,98,5,
Nelson County,US.VA.NL,98,1,
Gregory County,US.SD.GE,98,1,
Pickett County,US.TN.PI,98,2,
Brown County,US.KS.BR,98,3,
Madison County,US.MT.MA,97,1,
Ida County,US.IA.ID,97,0,
Tripp County,US.SD.TR,97,0,
Cumberland County,US.KY.CU,97,0,
Phillips County,US.KS.PL,96,8,
Charlevoix County,US.MI.CV,96,3,
Woods County,US.OK.WS,96,0,
Haskell County,US.KS.HS,96,1,
Caribou County,US.ID.CR,96,0,
Gallatin County,US.KY.GL,96,8,
Presidio County,US.TX.PS,96,5,
Scott County,US.AR.SC,95,1,
San Miguel County,US.CO.SM,95,0,
Doniphan County,US.KS.DP,95,0,
Osage County,US.KS.OS,95,0,
Washburn County,US.WI.WR,95,1,
Rio Grande County,US.CO.RG,95,2,
Bethel Census Area,US.AK.BE,95,1,
Massac County,US.IL.MA,94,2,
Prowers County,US.CO.PR,94,0,
Marshall County,US.IL.MH,94,0,
San Miguel County,US.NM.SM,94,0,
Morgan County,US.UT.MN,94,0,
Lynn County,US.TX.LY,93,5,
Clarke County,US.VA.CK,93,0,
Stevens County,US.MN.SV,93,1,
Northwest Arctic Borough,US.AK.NW,93,0,
North Slope Borough,US.AK.NH,93,0,
Brule County,US.SD.BU,93,0,
Pendleton County,US.KY.PN,92,0,
Walworth County,US.SD.WA,92,0,
Lafayette County,US.AR.LF,92,2,
Grant County,US.SD.GA,92,1,
Scott County,US.KS.SC,91,1,
Daviess County,US.MO.DV,91,0,
Iron County,US.MI.IR,91,1,
Nantucket County,US.MA.NA,91,1,
Keokuk County,US.IA.KE,91,1,
Gladwin County,US.MI.GL,91,2,
Roscommon County,US.MI.RO,91,4,
Osceola County,US.MI.OE,91,0,
Otero County,US.CO.OT,91,6,
Owen County,US.KY.OE,91,2,
Powell County,US.KY.PO,91,0,
Bayfield County,US.WI.BY,91,1,
Lake County,US.CO.LK,91,0,
Cedar County,US.MO.CD,91,0,
Nemaha County,US.KS.NM,90,1,
Madison County,US.NC.MD,90,1,
Howard County,US.NE.HW,90,5,
Baker County,US.OR.BA,90,2,
Pope County,US.MN.PE,89,0,
Concho County,US.TX.ON,89,2,
Socorro County,US.NM.SO,89,6,
Cheboygan County,US.MI.CY,89,2,
Dickenson County,US.VA.DC,89,1,
Hickory County,US.MO.HC,88,2,
Nicholas County,US.WV.NI,88,3,
Greene County,US.IA.GE,88,0,
Yuma County,US.CO.YU,88,0,
Park County,US.MT.PA,88,0,
Benton County,US.IN.BE,88,0,
Fall River County,US.SD.FL,87,3,
Valley County,US.ID.VA,87,1,
Asotin County,US.WA.AS,87,2,
Lincoln County,US.ID.LI,87,0,
Reagan County,US.TX.RG,87,6,
Montgomery County,US.IA.MG,87,5,
Fremont County,US.IA.FO,87,0,
Marion County,US.KS.MN,86,1,
Shannon County,US.MO.SN,86,1,
Somerset County,US.ME.SO,86,8,
Monroe County,US.MO.MR,86,0,
Crosby County,US.TX.CB,86,3,
Franklin County,US.ID.FA,85,0,
Mitchell County,US.TX.MH,84,1,
Giles County,US.VA.GI,84,0,
Dixon County,US.NE.DI,84,2,
Callahan County,US.TX.AL,84,3,
Corson County,US.SD.CO,84,1,
Charles City County,US.VA.CC,83,5,
McCook County,US.SD.MC,83,1,
Windsor County,US.VT.WS,83,2,
Addison County,US.VT.AD,83,2,
Livingston County,US.KY.LV,83,1,
Wayne County,US.IA.WY,83,2,
Schoharie County,US.NY.SO,83,2,
Hubbard County,US.MN.HU,83,0,
Perry County,US.AR.PY,83,0,
Fleming County,US.KY.FE,82,0,
Breathitt County,US.KY.BT,82,0,
Kearny County,US.KS.KE,82,1,
Carter County,US.MO.CR,82,1,
Hardy County,US.WV.HD,82,1,
Montgomery County,US.MO.MM,81,1,
Sutton County,US.TX.ST,81,3,
Merrick County,US.NE.ME,81,1,
Tillman County,US.OK.TI,81,2,
Custer County,US.NE.CU,81,4,
Edmunds County,US.SD.ED,81,0,
Kalkaska County,US.MI.KK,81,4,
Venango County,US.PA.VE,81,1,
Magoffin County,US.KY.MF,80,0,
McDowell County,US.WV.MC,80,0,
Hamlin County,US.SD.HM,80,0,
Goshen County,US.WY.GO,80,2,
Pacific County,US.WA.PA,80,3,
Chase County,US.KS.CS,79,1,
Dunn County,US.ND.DU,79,1,
Buena Vista city,US.VA.BE,79,1,
Yukon-Koyukuk Census Area,US.AK.YU,79,1,
Benzie County,US.MI.BE,79,2,
Kit Carson County,US.CO.KT,79,3,
Bath County,US.KY.BH,79,1,
Dukes County,US.MA.DU,78,0,
Kingman County,US.KS.KM,78,0,
Caldwell County,US.MO.CW,78,1,
Baker County,US.GA.BR,78,3,
Washington County,US.VT.WA,77,2,
Martin County,US.TX.MT,77,6,
Sabine County,US.TX.SB,77,8,
Alleghany County,US.VA.AL,77,4,
Beaverhead County,US.MT.BE,77,1,
Clay County,US.TX.CY,76,1,
Major County,US.OK.MJ,76,1,
Ohio County,US.IN.OH,76,7,
Mason County,US.TX.MA,76,2,
Deuel County,US.SD.DU,76,0,
Marion County,US.AR.MN,76,0,
Poquoson city,US.VA.PQ,76,2,
Lemhi County,US.ID.LM,76,0,
Valdez-Cordova Census Area,US.AK.VA,76,0,
Bon Homme County,US.SD.BH,76,1,
Burt County,US.NE.BT,75,0,
Carlisle County,US.KY.CE,75,1,
Lewis County,US.MO.LE,75,2,
Mariposa County,US.CA.MP,75,2,
Holt County,US.MO.HL,75,0,
Butte County,US.SD.BT,75,1,
Kane County,US.UT.KA,75,1,
Morrill County,US.NE.MO,75,0,
Hutchinson County,US.SD.HT,74,2,
Chippewa County,US.MI.CP,74,0,
Richland County,US.MT.RI,74,2,
Martin County,US.KY.MI,74,3,
Cedar County,US.NE.CA,74,0,
Hickman County,US.KY.HA,74,0,
Hemphill County,US.TX.HH,73,0,
Quay County,US.NM.QU,73,2,
Waldo County,US.ME.WL,73,14,
Hancock County,US.KY.HC,73,0,
Crowley County,US.CO.CR,73,1,
Aitkin County,US.MN.AI,73,1,
Linn County,US.KS.LN,72,0,
Garrett County,US.MD.GA,72,1,
Wyoming County,US.PA.WM,72,8,
Ransom County,US.ND.RN,72,0,
McLean County,US.KY.ML,72,1,
Ness County,US.KS.NS,71,5,
Switzerland County,US.IN.SW,71,0,
Sublette County,US.WY.SU,71,1,
Grand County,US.CO.GR,71,1,
Clay County,US.NE.CL,71,0,
King and Queen County,US.VA.KA,71,1,
Alexander County,US.IL.AL,71,1,
Moody County,US.SD.MO,71,0,
Jefferson County,US.WA.JE,71,0,
Crane County,US.TX.CR,71,2,
Toole County,US.MT.TO,71,6,
Maries County,US.MO.MS,71,0,
Lander County,US.NV.LA,70,1,
Coal County,US.OK.CL,70,0,
Rice County,US.KS.RC,70,1,
Big Stone County,US.MN.BI,70,0,
Dawson County,US.MT.DW,70,1,
Manistee County,US.MI.ME,70,2,
Florence County,US.WI.FL,69,1,
Archer County,US.TX.AC,69,1,
Ashland County,US.WI.AS,69,2,
Arenac County,US.MI.AR,69,3,
Anderson County,US.KS.AN,69,0,
Scott County,US.IL.SO,69,0,
Russell County,US.KS.RS,68,0,
Jerauld County,US.SD.JE,68,1,
Falls Church city,US.VA.FU,68,6,
Knox County,US.TX.KX,68,8,
Pratt County,US.KS.PR,67,0,
Adair County,US.IA.AI,67,1,
Antrim County,US.MI.AN,67,0,
Coleman County,US.TX.CM,67,3,
Edwards County,US.TX.ED,67,1,
Kiowa County,US.OK.KO,67,2,
Wadena County,US.MN.WD,67,0,
Gallatin County,US.IL.GA,67,2,
Elk County,US.PA.EL,67,2,
Wabaunsee County,US.KS.WB,67,1,
Hamilton County,US.IL.HM,67,0,
Boise County,US.ID.BS,66,1,
Childress County,US.TX.CD,66,0,
Lyon County,US.KY.LY,66,4,
Torrance County,US.NM.TO,65,1,
Audubon County,US.IA.AU,65,1,
Rappahannock County,US.VA.RP,65,2,
Franklin County,US.NY.FR,65,1,
Cotton County,US.OK.CT,65,3,
Rains County,US.TX.RI,65,3,
Leslie County,US.KY.LS,64,0,
Tioga County,US.PA.TI,64,3,
Fisher County,US.TX.FH,64,2,
Bland County,US.VA.BL,64,4,
Sagadahoc County,US.ME.SA,64,0,
Cloud County,US.KS.CD,64,1,
Douglas County,US.SD.DO,64,0,
Washita County,US.OK.WT,64,0,
Boone County,US.NE.BO,63,0,
Henderson County,US.IL.HD,63,0,
Skamania County,US.WA.SM,63,1,
Ogemaw County,US.MI.OG,62,5,
Haskell County,US.TX.HK,62,2,
Harrison County,US.OH.HR,62,2,
Yates County,US.NY.YA,62,6,
Linn County,US.MO.LN,62,1,
Bennett County,US.SD.BN,62,1,
Eddy County,US.ND.ED,61,3,
Edwards County,US.IL.EW,61,0,
Faulk County,US.SD.FU,61,1,
Day County,US.SD.DY,61,0,
Valley County,US.MT.VA,60,0,
Upshur County,US.WV.UP,60,0,
Ziebach County,US.SD.ZI,60,0,
Dewey County,US.OK.DW,60,1,
Keith County,US.NE.KT,60,0,
Clark County,US.MO.CK,60,0,
Sherman County,US.TX.SN,60,0,
Crook County,US.OR.CR,60,1,
Decatur County,US.IA.DC,59,0,
Washington County,US.CO.WA,59,0,
Grant County,US.MN.GR,59,4,
Franklin County,US.ME.FR,59,1,
Missaukee County,US.MI.MU,59,1,
Donley County,US.TX.DO,59,1,
Shelby County,US.MO.SB,59,1,
Pocahontas County,US.WV.PO,59,0,
Antelope County,US.NE.AN,59,1,
Alfalfa County,US.OK.AL,59,0,
Pend Oreille County,US.WA.PE,58,0,
Wilson County,US.KS.WL,58,2,
Pepin County,US.WI.PE,58,0,
Grand County,US.UT.GR,58,1,
Greenlee County,US.AZ.GE,58,2,
Kauai County,US.HI.KU,57,0,
Pembina County,US.ND.PE,57,0,
Nome Census Area,US.AK.NM,57,0,
Trimble County,US.KY.TM,57,0,
Lake County,US.MN.LE,57,0,
Lamoille County,US.VT.LA,57,1,
Custer County,US.ID.CU,57,1,
Rooks County,US.KS.RO,57,0,
McHenry County,US.ND.MH,56,1,
McKean County,US.PA.MC,56,2,
Rusk County,US.WI.RU,56,1,
Fergus County,US.MT.FE,56,1,
Sargent County,US.ND.SG,56,0,
Wilkin County,US.MN.WL,56,3,
Box Butte County,US.NE.BX,56,0,
Boundary County,US.ID.BD,56,1,
Jefferson County,US.MT.JE,55,0,
Hettinger County,US.ND.HE,55,0,
Lawrence County,US.KY.LC,55,0,
Foster County,US.ND.FO,55,0,
Stanton County,US.KS.ST,55,2,
Holt County,US.NE.HT,54,0,
Griggs County,US.ND.GI,54,1,
Mackinac County,US.MI.MK,54,0,
Iron County,US.MO.IR,54,0,
McIntosh County,US.ND.MI,54,3,
Lexington city,US.VA.LX,53,1,
Price County,US.WI.PC,53,0,
Fillmore County,US.NE.FI,53,1,
Cheyenne County,US.KS.CN,53,0,
Hancock County,US.ME.HA,53,1,
San Saba County,US.TX.SS,52,0,
Richardson County,US.NE.RI,52,1,
Morgan County,US.KY.MG,52,0,
Mills County,US.TX.MS,52,0,
Norman County,US.MN.NR,52,0,
Pendleton County,US.WV.PE,52,1,
Stafford County,US.KS.SF,52,1,
Morgan County,US.WV.MA,52,0,
White Pine County,US.NV.WH,52,1,
Ballard County,US.KY.BA,52,1,
Schleicher County,US.TX.SH,52,2,
Stillwater County,US.MT.ST,51,2,
Polk County,US.NE.PO,51,1,
Culberson County,US.TX.UL,51,2,
Big Horn County,US.WY.BI,51,1,
Sullivan County,US.NH.SU,51,1,
Park County,US.CO.PA,51,1,
Coke County,US.TX.OK,51,3,
Plumas County,US.CA.PU,50,0,
Ottawa County,US.KS.OT,50,0,
Archuleta County,US.CO.AC,50,0,
Dickey County,US.ND.DC,50,0,
Stark County,US.IL.SA,50,2,
Clark County,US.KS.CA,50,1,
Rush County,US.KS.RH,50,0,
Lewis County,US.NY.LE,50,5,
Dade County,US.MO.DD,50,0,
Marshall County,US.MN.MS,50,1,
Ketchikan Gateway Borough,US.AK.KG,49,0,
Roane County,US.WV.RO,49,2,
Tillamook County,US.OR.TI,49,0,
Wetzel County,US.WV.WT,49,0,
Menominee County,US.WI.MN,49,0,
Clay County,US.KS.CY,49,2,
Putnam County,US.IL.PT,49,0,
Dickens County,US.TX.DC,48,2,
Bottineau County,US.ND.BT,48,0,
Cochran County,US.TX.CC,48,1,
Beaver County,US.OK.BA,48,0,
Knox County,US.MO.KN,48,1,
Garfield County,US.UT.GA,47,2,
Greenwood County,US.KS.GW,47,0,
Sheridan County,US.NE.SD,47,0,
Morgan County,US.OH.MA,47,0,
Cavalier County,US.ND.CV,47,0,
Lac Qui Parle County,US.MN.LC,47,0,
Cherry County,US.NE.CH,46,4,
St. Clair County,US.MO.SC,46,0,
Wheeler County,US.TX.WL,46,0,
Mahnomen County,US.MN.MH,46,1,
Woodruff County,US.AR.WO,46,0,
Kingsbury County,US.SD.KI,46,0,
Barbour County,US.WV.BB,46,1,
LaMoure County,US.ND.LA,46,0,
Hudspeth County,US.TX.HU,45,3,
Sanders County,US.MT.SA,45,1,
Republic County,US.KS.RP,45,1,
Vinton County,US.OH.VI,45,3,
Schuyler County,US.IL.SU,44,0,
Mitchell County,US.KS.MC,44,0,
Fulton County,US.PA.FU,44,2,
Hamilton County,US.KS.HM,44,0,
Kinney County,US.TX.KN,44,1,
Edwards County,US.KS.ED,44,0,
Atchison County,US.MO.AT,44,0,
Aurora County,US.SD.AU,44,0,
Sitka City and Borough,US.AK.SI,44,0,
Harmon County,US.OK.HM,43,0,
Nelson County,US.ND.NE,43,0,
Ringgold County,US.IA.RI,43,2,
Webster County,US.GA.WT,43,2,
Chariton County,US.MO.CI,43,0,
Jefferson County,US.OK.JE,42,0,
Aroostook County,US.ME.AR,42,1,
Warren County,US.PA.WR,42,1,
Summers County,US.WV.SU,42,0,
Sierra County,US.NM.SI,42,1,
Allen County,US.KS.AL,42,0,
Ontonagon County,US.MI.ON,42,0,
Menifee County,US.KY.ME,42,0,
Golden Valley County,US.ND.GO,41,0,
Alcona County,US.MI.AC,41,2,
Warren County,US.IN.WN,41,1,
Kidder County,US.ND.KI,41,0,
Grant County,US.OK.GN,40,0,
Lincoln County,US.WA.LI,40,1,
Johnson County,US.NE.JO,40,0,
Calhoun County,US.IL.CH,40,0,
Red Lake County,US.MN.RD,39,0,
Potter County,US.SD.PO,39,0,
Stanton County,US.NE.ST,39,0,
Brown County,US.IL.BR,39,0,
Rock County,US.NE.RO,39,1,
Renville County,US.ND.RE,39,0,
Bracken County,US.KY.BK,39,0,
Lincoln County,US.ME.LI,39,1,
Moffat County,US.CO.MF,38,1,
Schuyler County,US.NY.SU,38,0,
Lewis County,US.WV.LE,38,2,
Matthews County,US.VA.MT,37,0,
Beaver County,US.UT.BV,37,0,
Furnas County,US.NE.FU,37,1,
Hot Springs County,US.WY.HO,37,0,
Glascock County,US.GA.GS,37,2,
Clear Creek County,US.CO.CL,37,1,
Owsley County,US.KY.OS,37,1,
Sweet Grass County,US.MT.SW,37,1,
Knox County,US.ME.KN,36,1,
Cheyenne County,US.NE.CY,36,0,
Hardin County,US.IL.HI,35,0,
Elliott County,US.KY.EL,35,0,
Reynolds County,US.MO.RE,35,0,
Bear Lake County,US.ID.BK,35,0,
Musselshell County,US.MT.MU,35,1,
Marshall County,US.SD.MS,35,0,
Guadalupe County,US.NM.GU,34,1,
Calhoun County,US.AR.CA,34,0,
Clay County,US.WV.CY,34,2,
Phillips County,US.CO.PH,34,0,
Clearwater County,US.ID.CE,34,0,
Crook County,US.WY.CK,34,0,
Caledonia County,US.VT.CA,34,0,
Wells County,US.ND.WE,34,0,
Gosper County,US.NE.GO,33,0,
Norton city,US.VA.NC,33,0,
Perkins County,US.NE.PE,33,10,
Lipscomb County,US.TX.LM,32,0,
Ellsworth County,US.KS.EW,32,0,
Logan County,US.ND.LO,32,0,
Clark County,US.SD.CK,32,0,
Costilla County,US.CO.CS,32,1,
Putnam County,US.MO.PN,32,1,
Stanley County,US.SD.ST,32,0,
Lake County,US.MI.LK,32,0,
Quitman County,US.GA.QU,32,1,
Clark County,US.ID.CA,31,0,
Union County,US.NM.UN,31,2,
Morris County,US.KS.MR,31,0,
Los Alamos County,US.NM.LO,31,0,
Pierce County,US.ND.PI,31,0,
Wolfe County,US.KY.WL,31,0,
Conejos County,US.CO.CN,31,0,
Trego County,US.KS.TR,31,1,
Covington city,US.VA.CV,30,0,
Curry County,US.OR.CU,30,0,
Johnson County,US.WY.JO,30,1,
Valley County,US.NE.VA,30,0,
Prince of Wales-Hyder Census Area,US.AK.PH,30,0,
Bowman County,US.ND.BW,30,0,
Perkins County,US.SD.PR,30,0,
Traverse County,US.MN.TR,30,0,
Hanson County,US.SD.HS,30,0,
Graham County,US.KS.GH,30,1,
Oscoda County,US.MI.OO,30,1,
Adams County,US.IA.AM,29,0,
Ferry County,US.WA.FE,29,0,
Nicholas County,US.KY.NI,29,1,
San Juan County,US.WA.SA,29,0,
Thayer County,US.NE.TA,29,0,
Norton County,US.KS.NT,29,0,
Gilmer County,US.WV.GI,29,0,
Jefferson County,US.NE.JE,29,0,
Mellette County,US.SD.ML,29,0,
Craig County,US.VA.CG,28,0,
Wallowa County,US.OR.WW,28,1,
Steele County,US.ND.SE,28,0,
Scotland County,US.MO.SO,28,1,
Lake County,US.OR.LK,28,0,
Burke County,US.ND.BK,28,1,
Roger Mills County,US.OK.RR,28,1,
Gove County,US.KS.GO,28,0,
Mercer County,US.MO.MC,28,0,
Adams County,US.ID.AM,28,1,
Noble County,US.OH.NO,27,0,
Sherman County,US.KS.SH,27,0,
McPherson County,US.SD.MP,27,0,
Butte County,US.ID.BT,27,0,
Colfax County,US.NM.CO,27,1,
Pope County,US.IL.PE,26,1,
Red Willow County,US.NE.RE,26,0,
Emery County,US.UT.EM,26,0,
Menard County,US.TX.EN,26,0,
Presque Isle County,US.MI.PR,26,1,
Harper County,US.OK.HP,26,1,
Hand County,US.SD.HD,26,0,
Potter County,US.PA.PO,26,0,
Jackson County,US.SD.JA,26,1,
Clearwater County,US.MN.CE,26,0,
Nance County,US.NE.NA,25,0,
Ouray County,US.CO.OU,25,1,
Meagher County,US.MT.ME,25,2,
Cottle County,US.TX.OT,25,2,
Rio Blanco County,US.CO.RB,25,0,
Hardeman County,US.TX.RD,24,0,
Calhoun County,US.WV.CH,24,0,
Brown County,US.NE.BW,24,0,
Orange County,US.VT.OA,24,0,
Shackelford County,US.TX.SC,24,0,
Hall County,US.TX.HA,24,1,
Lake and Peninsula Borough,US.AK.LA,24,0,
Delta County,US.TX.DT,24,0,
Cimarron County,US.OK.CO,23,0,
Hoonah-Angoon Census Area,US.AK.HH,23,0,
Upton County,US.TX.UP,23,2,
Oneida County,US.ID.ON,23,0,
Franklin County,US.NE.FA,23,0,
Sherman County,US.NE.SM,23,1,
Southeast Fairbanks Census Area,US.AK.SO,22,0,
Schuyler County,US.MO.SH,22,0,
Greeley County,US.NE.GE,22,0,
Granite County,US.MT.GN,22,0,
Pondera County,US.MT.PN,21,0,
Taliaferro County,US.GA.TA,21,0,
Pershing County,US.NV.PE,21,0,
Orleans County,US.VT.OL,21,0,
Schoolcraft County,US.MI.SR,21,0,
Coos County,US.NH.CO,21,0,
McMullen County,US.TX.MM,21,0,
Las Animas County,US.CO.LS,21,0,
Lake of the Woods County,US.MN.LO,21,1,
Camas County,US.ID.CM,21,0,
Sanborn County,US.SD.SA,20,0,
Platte County,US.WY.PL,20,1,
Teton County,US.MT.TE,20,0,
Kiowa County,US.KS.KW,20,0,
Kodiak Island Borough,US.AK.KO,20,0,
Mineral County,US.CO.MI,20,0,
Chase County,US.NE.CE,20,0,
Miner County,US.SD.ME,19,0,
Marshall County,US.KS.MS,19,0,
Hodgeman County,US.KS.HG,19,0,
Oliver County,US.ND.OL,19,0,
Worth County,US.MO.WO,19,0,
Woodson County,US.KS.WO,19,0,
McCone County,US.MT.MC,19,0,
Adams County,US.ND.AD,18,0,
Gilpin County,US.CO.GI,18,0,
Doddridge County,US.WV.DO,18,0,
Haakon County,US.SD.HA,18,0,
Carson County,US.TX.CN,18,0,
Lee County,US.KY.LE,18,0,
Collingsworth County,US.TX.CG,18,0,
Chouteau County,US.MT.CH,18,0,
Sherman County,US.OR.SH,18,0,
Broadwater County,US.MT.BR,17,0,
Boyd County,US.NE.BY,17,0,
Wallace County,US.KS.WA,17,0,
Baca County,US.CO.BA,17,0,
Custer County,US.CO.CU,17,0,
Pleasants County,US.WV.PL,17,2,
Alger County,US.MI.AG,17,0,
Harlan County,US.NE.HR,17,0,
Webster County,US.NE.WE,16,0,
Chautauqua County,US.KS.CQ,16,0,
Washington County,US.KS.WS,16,0,
Liberty County,US.MT.LB,16,0,
Kimble County,US.TX.KM,16,1,
Garfield County,US.MT.GF,16,0,
Blaine County,US.MT.BL,16,0,
Billings County,US.ND.BI,15,0,
Jewell County,US.KS.JW,15,1,
Hamilton County,US.NY.HA,15,1,
Tyler County,US.WV.TY,15,0,
Kimball County,US.NE.KB,15,0,
Forest County,US.PA.FO,15,0,
Trinity County,US.CA.TR,15,0,
Washington County,US.ME.WS,15,0,
Hyde County,US.SD.HY,15,0,
Pawnee County,US.NE.PA,15,0,
Tucker County,US.WV.TU,15,0,
Oldham County,US.TX.OL,15,1,
Decatur County,US.KS.DC,14,0,
Baylor County,US.TX.BR,14,0,
Baraga County,US.MI.BA,14,0,
Grand Isle County,US.VT.GR,14,0,
Columbia County,US.WA.CM,14,1,
Jeff Davis County,US.TX.JF,14,0,
Montmorency County,US.MI.MR,14,0,
Sheridan County,US.KS.SD,14,0,
Rich County,US.UT.RH,14,0,
Huerfano County,US.CO.HU,13,1,
Lane County,US.KS.LE,13,0,
Mineral County,US.NV.MI,13,0,
Morton County,US.KS.MT,13,2,
Rawlins County,US.KS.RA,13,0,
Wrangell City and Borough,US.AK.WG,13,0,
Cheyenne County,US.CO.CE,13,0,
Nuckolls County,US.NE.NU,13,0,
Campbell County,US.SD.CP,12,0,
Lincoln County,US.KS.LC,12,0,
Lewis County,US.ID.LW,12,0,
Harney County,US.OR.HA,12,0,
Sedgwick County,US.CO.SE,12,1,
Kusilvak Census Area,US.AK.WA,12,0,
Kittson County,US.MN.KI,12,0,
Towner County,US.ND.TO,12,0,
Briscoe County,US.TX.BO,12,1,
Modoc County,US.CA.MC,12,0,
Luce County,US.MI.LU,12,0,
Sheridan County,US.MT.SH,12,0,
Grant County,US.ND.GT,12,0,
Robertson County,US.KY.RB,12,0,
Armstrong County,US.TX.AM,12,1,
Stonewall County,US.TX.SA,11,1,
Bent County,US.CO.BE,11,0,
Ellis County,US.OK.EL,11,0,
Garfield County,US.WA.GF,11,0,
Sullivan County,US.PA.SL,11,0,
Dundy County,US.NE.DY,11,1,
Wirt County,US.WV.WI,10,0,
Eureka County,US.NV.EU,10,0,
Ritchie County,US.WV.RI,10,0,
Powell County,US.MT.PL,10,0,
Comanche County,US.KS.CM,10,0,
Irion County,US.TX.IR,10,0,
Braxton County,US.WV.BX,10,0,
Wibaux County,US.MT.WI,9,0,
Wheatland County,US.MT.WH,9,0,
Storey County,US.NV.ST,9,0,
Logan County,US.KS.LG,9,0,
Sully County,US.SD.SU,9,0,
Catron County,US.NM.CA,9,1,
Lincoln County,US.CO.LI,9,0,
Sheridan County,US.ND.SH,9,0,
Roberts County,US.TX.RS,9,0,
Garden County,US.NE.GD,9,0,
Foard County,US.TX.FD,9,0,
Jackson County,US.CO.JA,9,0,
Kent County,US.TX.KT,8,0,
Cameron County,US.PA.CE,8,0,
Grant County,US.OR.GR,8,0,
Gilliam County,US.OR.GI,8,0,
Piscataquis County,US.ME.PI,8,0,
Dillingham Census Area,US.AK.DI,8,0,
Greeley County,US.KS.GL,8,0,
Garfield County,US.NE.GF,8,0,
Glasscock County,US.TX.GC,7,0,
Mora County,US.NM.MO,7,0,
Piute County,US.UT.PT,7,0,
Frontier County,US.NE.FO,7,0,
Lincoln County,US.NV.LI,7,0,
Throckmorton County,US.TX.TH,7,2,
Jones County,US.SD.JO,7,0,
Motley County,US.TX.MY,7,0,
Sioux County,US.NE.SI,7,0,
Hooker County,US.NE.HO,7,0,
Webster County,US.WV.WB,7,0,
Aleutians West Census Area,US.AK.AW,7,0,
Slope County,US.ND.SL,7,0,
Keweenaw County,US.MI.KW,7,0,
Kenedy County,US.TX.KE,7,1,
Petersburg Census Area,US.AK.PB,7,1,
San Juan County,US.CO.SJ,6,0,
McPherson County,US.NE.MC,6,0,
Osborne County,US.KS.OB,6,0,
Bath County,US.VA.BA,6,1,
Highland County,US.VA.HA,6,0,
Sierra County,US.CA.SE,6,0,
Essex County,US.VT.ES,6,0,
Cook County,US.MN.CO,6,0,
Wichita County,US.KS.WH,6,0,
Wahkiakum County,US.WA.WH,6,0,
Judith Basin County,US.MT.JU,6,0,
Divide County,US.ND.DV,6,0,
Logan County,US.NE.LG,6,0,
Fallon County,US.MT.FA,5,0,
Smith County,US.KS.SM,5,0,
Barber County,US.KS.AB,5,0,
Haines Borough,US.AK.HA,5,0,
Thomas County,US.NE.TO,5,0,
Keya Paha County,US.NE.KY,4,0,
Deuel County,US.NE.DL,4,0,
Sterling County,US.TX.SI,4,0,
Hitchcock County,US.NE.HI,4,0,
Daniels County,US.MT.DN,4,0,
Elk County,US.KS.EK,4,0,
Dolores County,US.CO.DO,3,0,
Harding County,US.SD.HR,3,0,
Loup County,US.NE.LU,3,0,
Terrell County,US.TX.TL,3,0,
Golden Valley County,US.MT.GO,3,0,
Hinsdale County,US.CO.HI,3,0,
Powder River County,US.MT.PD,3,0,
Treasure County,US.MT.TR,3,0,
Niobrara County,US.WY.NI,3,0,
Mineral County,US.MT.MN,2,0,
Denali Borough,US.AK.DE,2,0,
Banner County,US.NE.BA,2,0,
Harding County,US.NM.HA,2,0,
Alpine County,US.CA.AP,2,0,
Wayne County,US.UT.WE,2,0,
Aleutians East Borough,US.AK.AE,2,0,
Prairie County,US.MT.PR,1,0,
De Baca County,US.NM.DE,1,0,
Daggett County,US.UT.DG,1,0,
Grant County,US.NE.GA,1,0,
Arthur County,US.NE.AR,1,0,
Wheeler County,US.NE.WH,1,0,
Esmeralda County,US.NV.ES,0,0,
Loving County,US.TX.LI,0,0,
Petroleum County,US.MT.PO,0,0,
Yakutat City and Borough,US.AK.YA,0,0,
Wheeler County,US.OR.WE,0,0,
Hayes County,US.NE.HY,0,0,
Blaine County,US.NE.BL,0,0,
Borden County,US.TX.BD,0,0,
Skagway Municipality,US.AK.SW,0,0,
Kalawao County,US.HI.KL,0,0,
King County,US.TX.KG,0,0,
Bristol Bay Borough,US.AK.BR,0,0,
Carter County,US.MT.CT,0,0,
Kiowa County,US.CO.KO,0,0,
