County,hasc,confirmed,death,recovered
Los Angeles County,US.CA.LO,93232,3267,
Cook County,US.IL.CO,89068,4526,
Queens County,US.NY.QU,65089,6589,
Kings County,US.NY.KI,59311,7011,
Bronx County,US.NY.BN,47383,4667,
Nassau County,US.NY.NA,41684,2181,
Suffolk County,US.NY.SF,41208,1975,
Maricopa County,US.AZ.MA,39626,718,
Westchester County,US.NY.WE,34700,1418,
Miami-Dade County,US.FL.DA,30196,946,
New York County,US.NY.NE,28250,3065,
Harris County,US.TX.RR,27017,353,
Middlesex County,US.MA.MI,23786,1839,
Wayne County,US.MI.WY,22479,2701,
Philadelphia County,US.PA.PH,21203,1587,
Suffolk County,US.MA.SU,19707,997,
Bergen County,US.NJ.BE,19264,1718,
Hudson County,US.NJ.HD,18788,1274,
Essex County,US.NJ.ES,18666,1778,
Dallas County,US.TX.DS,18538,334,
Prince George's County,US.MD.PR,18342,677,
Passaic County,US.NJ.PA,16843,1029,
Middlesex County,US.NJ.MI,16685,1110,
Fairfield County,US.CT.FA,16564,1375,
Union County,US.NJ.UN,16356,1143,
Essex County,US.MA.ES,15975,1092,
Riverside County,US.CA.RI,15643,438,
Montgomery County,US.MD.MO,14520,734,
Richmond County,US.NY.RI,14037,1039,
Fairfax County,US.VA.FX,13653,463,
Rockland County,US.NY.RO,13557,506,
Broward County,US.FL.BO,13320,381,
Providence County,US.RI.PR,12712,501,
Palm Beach County,US.FL.PL,12498,490,
San Diego County,US.CA.SD,12401,358,
New Haven County,US.CT.NH,12254,1069,
Worcester County,US.MA.WO,12240,920,
Clark County,US.NV.CL,12203,408,
Orange County,US.CA.OR,11960,323,
Oakland County,US.MI.OD,11843,1084,
Hartford County,US.CT.HA,11511,1365,
Hennepin County,US.MN.HE,11308,761,
San Bernardino County,US.CA.SA,11290,248,
Marion County,US.IN.MO,11104,676,
Milwaukee County,US.WI.MU,10812,382,
Orange County,US.NY.OE,10698,400,
Tarrant County,US.TX.TN,10363,218,
Washington,US.DC.DI,10185,546,
Salt Lake County,US.UT.SL,10102,106,
Mecklenburg County,US.NC.MB,9944,144,
King County,US.WA.KN,9672,607,
Lake County,US.IL.LK,9553,412,
Ocean County,US.NJ.OC,9535,872,
Jefferson Parish,US.LA.JF,9169,481,
Norfolk County,US.MA.NO,9100,927,
Monmouth County,US.NJ.MN,9057,709,
Shelby County,US.TN.SY,8988,181,
DuPage County,US.IL.DU,8879,465,
Plymouth County,US.MA.PL,8646,658,
Davidson County,US.TN.DA,8547,105,
Franklin County,US.OH.FR,8511,383,
Bexar County,US.TX.BX,8452,104,
Montgomery County,US.PA.MG,8301,794,
Bristol County,US.MA.BR,8142,565,
Hillsborough County,US.FL.HL,8018,132,
Orange County,US.FL.OR,7848,56,
Baltimore City,US.MD.BA,7800,333,
Orleans Parish,US.LA.OR,7681,530,
Mercer County,US.NJ.ME,7621,539,
Kane County,US.IL.KE,7582,261,
Gwinnett County,US.GA.GW,7533,168,
Baltimore County,US.MD.BC,7363,465,
Macomb County,US.MI.MB,7252,901,
Camden County,US.NJ.CM,7245,431,
Erie County,US.NY.ER,7181,569,
Delaware County,US.PA.DE,7117,651,
Prince William County,US.VA.PW,7107,138,
Travis County,US.TX.TV,7097,116,
Denver County,US.CO.DN,6901,374,
Pima County,US.AZ.PM,6836,266,
Yakima County,US.WA.YA,6759,150,
Douglas County,US.NE.DG,6706,88,
Morris County,US.NJ.MR,6698,646,
Hampden County,US.MA.HD,6691,657,
Will County,US.IL.WL,6542,316,
Fulton County,US.GA.FU,6455,311,
Cuyahoga County,US.OH.CU,6287,347,
St. Louis County,US.MO.SL,5934,564,
Imperial County,US.CA.IM,5838,73,
Polk County,US.IA.PK,5758,174,
Bucks County,US.PA.BC,5676,561,
Alameda County,US.CA.AA,5493,130,
DeKalb County,US.GA.DA,5393,171,
Yuma County,US.AZ.YU,5323,76,
El Paso County,US.TX.EP,5217,126,
Arapahoe County,US.CO.AA,5100,342,
Pinellas County,US.FL.PI,5099,141,
Burlington County,US.NJ.BU,5092,376,
Anne Arundel County,US.MD.AN,5042,206,
New Castle County,US.DE.NE,4840,242,
East Baton Rouge Parish,US.LA.EB,4833,268,
Somerset County,US.NJ.SO,4831,443,
Kent County,US.MI.KN,4777,130,
Lee County,US.FL.LE,4757,152,
Lake County,US.IN.LK,4650,238,
Sussex County,US.DE.SU,4519,176,
Ramsey County,US.MN.RA,4508,217,
Wake County,US.NC.WK,4506,44,
Cobb County,US.GA.CB,4506,239,
Hamilton County,US.OH.HM,4491,191,
Berks County,US.PA.BK,4474,348,
Greenville County,US.SC.GV,4383,78,
Fresno County,US.CA.FR,4374,72,
Kern County,US.CA.KE,4300,65,
Lancaster County,US.PA.LN,4280,354,
Lehigh County,US.PA.LH,4187,288,
Dutchess County,US.NY.DU,4179,151,
Duval County,US.FL.DU,4171,64,
Adams County,US.CO.AD,4058,154,
Santa Clara County,US.CA.SL,3984,155,
Loudoun County,US.VA.LD,3806,86,
Collier County,US.FL.CL,3778,70,
Jefferson County,US.KY.JF,3765,190,
Tulare County,US.CA.TL,3705,122,
Utah County,US.UT.UT,3675,22,
Monroe County,US.NY.MR,3641,241,
Chester County,US.PA.CH,3607,322,
Minnehaha County,US.SD.MN,3577,56,
Montgomery County,US.AL.MT,3569,94,
Jefferson County,US.AL.JE,3528,131,
Durham County,US.NC.DH,3451,60,
Snohomish County,US.WA.SN,3406,167,
San Francisco County,US.CA.SF,3400,48,
Fort Bend County,US.TX.FR,3397,51,
Navajo County,US.AZ.NA,3367,122,
Northampton County,US.PA.NA,3360,263,
Jackson County (including other portions of Kansas City),US.MO.JC,3314,55,
Mobile County,US.AL.MB,3294,135,
McKinley County,US.NM.MC,3287,166,
Hillsborough County,US.NH.HI,3199,241,
Caddo Parish,US.LA.CO,3161,232,
Washington County,US.AR.WA,3140,24,
Woodbury County,US.IA.WO,3112,43,
Tulsa County,US.OK.TU,3103,66,
Hall County,US.GA.HL,3096,59,
San Mateo County,US.CA.SM,3049,106,
Pinal County,US.AZ.PN,3035,59,
Richland County,US.SC.RI,3035,80,
San Joaquin County,US.CA.SJ,3031,52,
Winnebago County,US.IL.WN,2959,90,
Cumberland County,US.NJ.CU,2925,128,
Luzerne County,US.PA.LU,2891,176,
Elkhart County,US.IN.EL,2864,41,
Charleston County,US.SC.CS,2860,22,
Potter County,US.TX.PT,2854,39,
Atlantic County,US.NJ.AT,2811,194,
Forsyth County,US.NC.FO,2788,31,
Chesterfield County,US.VA.CD,2784,49,
Onondaga County,US.NY.OG,2782,164,
Polk County,US.FL.PO,2780,87,
Weld County,US.CO.WE,2773,136,
Brown County,US.WI.BW,2738,41,
Marion County,US.OH.MR,2717,36,
Hidalgo County,US.TX.HG,2713,29,
Santa Barbara County,US.CA.SB,2712,29,
Genesee County,US.MI.GE,2682,285,
Contra Costa County,US.CA.CN,2676,73,
Sacramento County,US.CA.SC,2666,66,
Guilford County,US.NC.GU,2645,111,
Jefferson County,US.CO.JE,2616,208,
Horry County,US.SC.HO,2580,42,
Allen County,US.IN.AL,2547,100,
Henrico County,US.VA.HC,2543,141,
Lucas County,US.OH.LU,2538,299,
Gloucester County,US.NJ.GL,2531,173,
Washoe County,US.NV.WA,2512,74,
Denton County,US.TX.DN,2494,37,
Howard County,US.MD.HO,2490,85,
Collin County,US.TX.CI,2486,40,
Oklahoma County,US.OK.OL,2486,69,
Frederick County,US.MD.FR,2465,117,
Benton County,US.AR.BE,2454,15,
Arlington County,US.VA.AR,2449,132,
Pierce County,US.WA.PI,2421,97,
Galveston County,US.TX.GV,2415,40,
Allegheny County,US.PA.AL,2382,183,
Manatee County,US.FL.MN,2368,128,
Rutherford County,US.TN.RU,2337,34,
Ventura County,US.CA.VE,2336,44,
Kings County,US.CA.KI,2298,21,
City of St. Louis,US.MO.SY,2288,151,
Alexandria City,US.VA.AX,2287,56,
San Juan County,US.NM.SJ,2276,160,
Hays County,US.TX.HY,2275,5,
El Paso County,US.CO.EL,2266,118,
Hamilton County,US.TN.HL,2264,29,
Apache County,US.AZ.AP,2250,79,
St. Tammany Parish,US.LA.ST,2211,173,
Ouachita Parish,US.LA.OU,2199,72,
Cass County,US.ND.CS,2193,65,
Pickaway County,US.OH.PC,2157,41,
Stearns County,US.MN.SR,2156,19,
Racine County,US.WI.RA,2144,61,
Richmond City,US.VA.RC,2133,30,
Wyandotte County,US.KS.WY,2108,79,
Albany County,US.NY.AB,2084,108,
Dakota County,US.MN.DA,2061,86,
Multnomah County,US.OR.MU,2028,68,
Anoka County,US.MN.AN,1990,103,
Bernalillo County,US.NM.BE,1987,85,
Brazoria County,US.TX.BI,1986,20,
Ford County,US.KS.FO,1983,10,
Black Hawk County,US.IA.BL,1980,57,
McHenry County,US.IL.MY,1975,96,
Cameron County,US.TX.CA,1972,52,
Seminole County,US.FL.SE,1966,16,
Walker County,US.TX.WK,1950,28,
Stanislaus County,US.CA.ST,1940,38,
Dauphin County,US.PA.DA,1917,132,
Montgomery County,US.TX.MG,1889,36,
Dougherty County,US.GA.DH,1875,154,
Summit County,US.OH.SU,1863,202,
Lafayette Parish,US.LA.LY,1862,41,
Hinds County,US.MS.HI,1853,34,
Clayton County,US.GA.CN,1835,79,
Tuscaloosa County,US.AL.TU,1814,37,
Lubbock County,US.TX.LU,1795,51,
St. Joseph County,US.IN.SN,1780,60,
Ulster County,US.NY.UL,1768,81,
Lexington County,US.SC.LX,1766,45,
Ada County,US.ID.AA,1752,23,
Dakota County,US.NE.DK,1749,31,
Pulaski County,US.AR.PU,1740,55,
Wayne County,US.NC.WY,1724,24,
St. Clair County,US.IL.SI,1722,133,
Coconino County,US.AZ.CO,1713,91,
Martin County,US.FL.MT,1713,23,
Williamson County,US.TX.WM,1702,32,
Mahoning County,US.OH.MH,1695,227,
Buena Vista County,US.IA.BV,1678,11,
Lancaster County,US.NE.LA,1669,12,
Lackawanna County,US.PA.LC,1662,202,
Cumberland County,US.ME.CU,1656,59,
Washtenaw County,US.MI.WS,1649,104,
Nobles County,US.MN.NB,1643,6,
Cass County,US.IN.CS,1638,9,
Santa Cruz County,US.AZ.SA,1637,14,
Kent County,US.DE.KE,1635,89,
Volusia County,US.FL.VO,1605,53,
Hall County,US.NE.HL,1585,46,
Benton County,US.WA.BE,1581,75,
Finney County,US.KS.FI,1563,10,
Escambia County,US.FL.ES,1559,44,
Johnson County,US.KS.JO,1545,83,
Jefferson County,US.TX.JE,1539,32,
Barnstable County,US.MA.BA,1530,143,
Montgomery County,US.OH.MT,1527,22,
Oneida County,US.NY.OD,1520,93,
Muscogee County,US.GA.MG,1493,43,
Brazos County,US.TX.BZ,1493,27,
Franklin County,US.WA.FR,1491,32,
Osceola County,US.FL.OS,1485,24,
Trousdale County,US.TN.TR,1473,5,
Litchfield County,US.CT.LI,1471,136,
Warren County,US.KY.WR,1455,13,
Rockingham County,US.NH.RO,1455,88,
Rapides Parish,US.LA.RA,1453,57,
Kenosha County,US.WI.KN,1450,41,
Sullivan County,US.NY.SL,1449,35,
Dane County,US.WI.DA,1446,32,
St. Lucie County,US.FL.SL,1441,45,
Monterey County,US.CA.MT,1429,12,
York County,US.PA.YO,1428,43,
Hamilton County,US.IN.HM,1417,97,
Marion County,US.OR.MR,1400,41,
Duplin County,US.NC.DP,1398,20,
Monroe County,US.PA.MR,1391,108,
Cache County,US.UT.CA,1389,1,
Manassas City,US.VA.MS,1379,16,
Spartanburg County,US.SC.SP,1369,44,
Charles County,US.MD.CH,1362,86,
Hendricks County,US.IN.HD,1348,97,
Boulder County,US.CO.BO,1336,71,
Marshall County,US.AL.MS,1336,9,
Fayette County,US.KY.FA,1326,21,
Pasco County,US.FL.PS,1326,17,
Butler County,US.OH.BU,1322,43,
Putnam County,US.NY.PU,1317,62,
Lebanon County,US.PA.LB,1300,43,
Brevard County,US.FL.BE,1297,17,
Sumner County,US.TN.SN,1296,51,
Nueces County,US.TX.NU,1287,6,
Troup County,US.GA.TP,1282,31,
Middlesex County,US.CT.MI,1282,182,
Johnston County,US.NC.JH,1278,29,
Saginaw County,US.MI.SG,1254,123,
Tangipahoa Parish,US.LA.TA,1248,43,
Sarasota County,US.FL.SR,1245,96,
Kankakee County,US.IL.KK,1240,62,
Warren County,US.NJ.WA,1225,144,
New London County,US.CT.NL,1223,102,
Washington County,US.OR.WI,1214,20,
Niagara County,US.NY.NI,1213,85,
Johnson County,US.IN.JO,1212,117,
Cherokee County,US.GA.CE,1209,44,
Sussex County,US.NJ.SU,1185,154,
Kent County,US.RI.KE,1169,72,
DeSoto County,US.MS.DE,1157,15,
Linn County,US.IA.LI,1156,81,
Leavenworth County,US.KS.LV,1146,7,
Spokane County,US.WA.SP,1144,39,
Robeson County,US.NC.RB,1142,37,
Calcasieu Parish,US.LA.CC,1138,54,
Dallas County,US.IA.DL,1120,29,
Lowndes County,US.GA.LW,1119,9,
Rowan County,US.NC.RW,1118,38,
Solano County,US.CA.SN,1118,23,
Randolph County,US.NC.RA,1115,28,
Ascension Parish,US.LA.AE,1115,58,
Henry County,US.GA.HY,1113,33,
Madison County,US.MS.MD,1112,31,
Carroll County,US.MD.CR,1104,110,
Webb County,US.TX.WB,1101,23,
Marin County,US.CA.MN,1091,18,
Harford County,US.MD.HA,1090,61,
Sarpy County,US.NE.SY,1089,8,
Columbiana County,US.OH.CL,1087,59,
Cumberland County,US.NC.CU,1087,40,
Waukesha County,US.WI.WK,1085,38,
Virginia Beach City,US.VA.VI,1082,28,
Bell County,US.TX.BL,1077,12,
Sedgwick County,US.KS.SG,1072,28,
Lafourche Parish,US.LA.LO,1071,85,
Union County,US.NC.UN,1066,23,
Hunterdon County,US.NJ.HN,1065,67,
Florence County,US.SC.FL,1064,47,
Chatham County,US.GA.CM,1063,37,
Wicomico County,US.MD.WI,1058,40,
Kalamazoo County,US.MI.KA,1048,67,
Lee County,US.AL.LE,1045,36,
Accomack County,US.VA.AC,1037,14,
Lincoln County,US.AR.LC,1036,11,
Davis County,US.UT.DA,1036,4,
Alamance County,US.NC.AA,1032,36,
Anderson County,US.TX.AE,1017,2,
Washington County,US.UT.WN,1011,3,
Beaufort County,US.SC.BA,1008,17,
Sonoma County,US.CA.SO,1006,5,
St. Charles County,US.MO.SA,1003,73,
Seward County,US.KS.SW,1001,2,
Ottawa County,US.MI.OT,1000,51,
Marshall County,US.IA.MS,998,18,
Jones County,US.MS.JO,998,48,
Stark County,US.OH.ST,990,111,
York County,US.SC.YO,988,12,
Texas County,US.OK.TE,984,6,
Burke County,US.NC.BK,983,18,
Cabarrus County,US.NC.CR,978,27,
Lake County,US.FL.LK,975,22,
Sampson County,US.NC.SP,973,5,
Olmsted County,US.MN.OL,970,15,
Stafford County,US.VA.SF,965,5,
Ingham County,US.MI.IH,954,29,
Hampshire County,US.MA.HS,952,109,
Washington County,US.MN.WH,948,39,
Johnson County,US.IA.JH,945,8,
Spotsylvania County,US.VA.SP,945,28,
Alachua County,US.FL.AL,945,12,
Sumter County,US.SC.SU,943,21,
Kendall County,US.IL.KA,941,20,
St. John the Baptist Parish,US.LA.SO,939,86,
Shelby County,US.AL.SH,934,23,
Whitfield County,US.GA.WF,933,10,
Terrebonne Parish,US.LA.TR,931,60,
Neshoba County,US.MS.NS,928,63,
Mohave County,US.AZ.MO,927,84,
Chatham County,US.NC.CH,916,42,
Harrisonburg City,US.VA.HS,913,23,
Williamson County,US.TN.WL,912,14,
Gaston County,US.NC.GS,912,11,
Douglas County,US.CO.DU,911,52,
Tolland County,US.CT.TO,904,64,
Franklin County,US.PA.FR,902,42,
Lorain County,US.OH.LR,901,67,
Morgan County,US.AL.MG,895,3,
Madison County,US.AL.MD,889,7,
Moore County,US.TX.MO,888,14,
Madison County,US.IL.MD,883,68,
Colquitt County,US.GA.CQ,878,18,
Mower County,US.MN.MW,868,2,
Davidson County,US.NC.DD,868,15,
Lauderdale County,US.MS.LU,867,78,
Douglas County,US.GA.DL,860,36,
Berrien County,US.MI.BN,860,60,
Dawson County,US.NE.DN,854,8,
Berkeley County,US.SC.BK,854,21,
Hendry County,US.FL.HR,851,24,
Chesapeake City,US.VA.CS,846,18,
Doña Ana County,US.NM.DO,842,8,
Buchanan County,US.MO.BC,834,3,
Cumberland County,US.PA.CU,830,63,
Franklin County,US.AL.FR,830,11,
Rock Island County,US.IL.RO,829,28,
Rock County,US.WI.RO,827,23,
Champaign County,US.IL.CM,826,12,
Merced County,US.CA.MD,824,11,
Knox County,US.TN.KN,824,5,
Norfolk City,US.VA.NF,822,8,
Randall County,US.TX.RA,821,6,
Richmond County,US.GA.RI,820,48,
Livingston Parish,US.LA.LV,814,37,
Weber County,US.UT.WB,808,12,
Muskegon County,US.MI.MG,806,49,
Culpeper County,US.VA.CP,806,9,
St. Francis County,US.AR.SI,804,3,
Trumbull County,US.OH.TR,788,57,
Acadia Parish,US.LA.AD,783,36,
Schenectady County,US.NY.SN,781,35,
Rice County,US.MN.RI,780,4,
Cleveland County,US.OK.CV,780,40,
Bossier Parish,US.LA.BO,780,29,
Kenton County,US.KY.KE,777,36,
Walker County,US.AL.WK,774,13,
Forsyth County,US.GA.FO,774,15,
Granville County,US.NC.GN,771,19,
Forrest County,US.MS.FO,767,42,
Elmore County,US.AL.EL,758,13,
Salem County,US.NJ.SA,754,68,
Lee County,US.NC.LE,754,7,
Robertson County,US.TN.RB,742,11,
Schuylkill County,US.PA.SC,736,44,
Dallas County,US.AL.DL,733,8,
Putnam County,US.TN.PU,726,7,
St. Charles Parish,US.LA.SC,726,49,
Scott County,US.MS.SC,723,14,
Bibb County,US.GA.BI,719,38,
New Hanover County,US.NC.NE,717,5,
Clark County,US.OH.CK,712,8,
Wilson County,US.TN.WO,708,15,
Cape May County,US.NJ.CP,706,64,
Sandoval County,US.NM.SD,706,29,
Larimer County,US.CO.LR,701,29,
Rankin County,US.MS.RA,700,12,
Warren County,US.OH.WR,698,20,
Broome County,US.NY.BO,697,58,
Leon County,US.FL.LO,695,8,
Iberville Parish,US.LA.IV,692,43,
Wapello County,US.IA.WP,692,28,
Lake County,US.TN.LK,691,0,
Crittenden County,US.AR.CD,687,11,
Rockingham County,US.VA.RG,685,9,
Clark County,US.WA.CR,685,30,
Tift County,US.GA.TI,684,25,
Washington County,US.MD.WA,684,26,
Ellis County,US.TX.EI,684,19,
St. Johns County,US.FL.SJ,682,7,
Eagle County,US.CO.EA,680,8,
Pickens County,US.SC.PI,680,4,
Titus County,US.TX.TU,677,4,
Jefferson County,US.AR.JE,676,28,
Dodge County,US.NE.DE,673,8,
Iredell County,US.NC.IR,672,7,
Carroll County,US.GA.CL,668,39,
Clackamas County,US.OR.CC,665,24,
Colfax County,US.NE.CO,665,4,
Wilson County,US.NC.WO,661,18,
Catawba County,US.NC.CB,660,10,
Habersham County,US.GA.HB,659,35,
Charlotte County,US.FL.CH,657,76,
Platte County,US.NE.PL,657,3,
Pottawattamie County,US.IA.PT,656,11,
Porter County,US.IN.PR,654,36,
Bartow County,US.GA.BT,653,42,
Crawford County,US.IA.CW,653,2,
Canyon County,US.ID.CN,652,6,
Morgan County,US.CO.MN,650,46,
Sevier County,US.AR.SV,648,7,
Winnebago County,US.WI.WA,639,11,
Beaver County,US.PA.BA,638,78,
St. Martin Parish,US.LA.SR,638,26,
Pitt County,US.NC.PI,638,5,
Logan County,US.CO.LO,636,5,
Madison County,US.IN.MD,632,63,
Lee County,US.AR.LE,626,1,
Washington Parish,US.LA.WO,625,46,
Orangeburg County,US.SC.OR,621,9,
St. Mary's County,US.MD.SA,619,51,
Coweta County,US.GA.CA,619,15,
Bledsoe County,US.TN.BE,616,1,
Scott County,US.MN.SC,616,4,
Iberia Parish,US.LA.II,610,44,
Story County,US.IA.ST,609,3,
Honolulu County,US.HI.HO,608,11,
Kershaw County,US.SC.KE,607,15,
Harrison County,US.MS.HR,607,7,
Clark County,US.IN.CK,607,44,
St. Bernard Parish,US.LA.SE,605,23,
Jones County,US.TX.JN,604,0,
Chittenden County,US.VT.CH,599,39,
Muscatine County,US.IA.MU,598,44,
Windham County,US.CT.WI,598,14,
Monroe County,US.MI.MO,597,21,
Yavapai County,US.AZ.YA,597,7,
Butler County,US.AL.BT,594,27,
Placer County,US.CA.PA,593,11,
Orange County,US.NC.OR,593,41,
Berkshire County,US.MA.BE,592,44,
Boone County,US.KY.BO,590,23,
Whatcom County,US.WA.WA,588,40,
Westmoreland County,US.PA.WE,587,38,
Tipton County,US.TN.TI,584,4,
Harnett County,US.NC.HT,581,30,
Guadalupe County,US.TX.GU,581,1,
Clay County,US.FL.CY,580,34,
Tippecanoe County,US.IN.TP,579,8,
St. Landry Parish,US.LA.SL,578,57,
Bartholomew County,US.IN.BA,575,43,
Erie County,US.PA.ER,572,10,
Boone County,US.IL.BO,568,21,
Houston County,US.GA.HO,568,23,
Shawnee County,US.KS.SN,567,9,
Kandiyohi County,US.MN.KD,564,1,
Wilkes County,US.NC.WE,564,6,
Newton County,US.GA.NE,560,11,
Chambers County,US.AL.CM,559,27,
Walworth County,US.WI.WL,559,18,
Buckingham County,US.VA.BK,555,4,
Livingston County,US.MI.LI,552,28,
Shenandoah County,US.VA.SN,552,28,
McLennan County,US.TX.ML,552,6,
Paulding County,US.GA.PA,550,15,
Grayson County,US.TX.GO,550,5,
Rensselaer County,US.NY.RE,549,32,
Sumter County,US.GA.SU,548,50,
Twin Falls County,US.ID.TW,546,25,
Henderson County,US.NC.HN,546,49,
Clay County,US.MN.CA,545,37,
St. Clair County,US.MI.SA,543,49,
Okaloosa County,US.FL.OA,541,6,
Tallapoosa County,US.AL.TP,541,70,
Indian River County,US.FL.IN,541,16,
Saratoga County,US.NY.SR,540,15,
DeSoto County,US.FL.DE,539,10,
Sevier County,US.TN.SV,536,3,
DeKalb County,US.IL.DK,535,18,
Copiah County,US.MS.CP,535,12,
Glynn County,US.GA.GY,534,4,
Saline County,US.NE.SL,531,2,
Scott County,US.IA.SC,530,10,
Etowah County,US.AL.ET,529,13,
Blaine County,US.ID.BL,529,5,
Buncombe County,US.NC.BO,528,36,
Howard County,US.IN.HO,527,51,
Leake County,US.MS.LK,526,17,
Anderson County,US.SC.AN,525,10,
Marion County,US.FL.MI,524,10,
Washington County,US.RI.WA,523,50,
Calhoun County,US.MI.CU,523,32,
Belmont County,US.OH.BE,519,21,
Baldwin County,US.AL.BD,515,9,
Beadle County,US.SD.BA,515,6,
Yell County,US.AR.YE,511,3,
DeKalb County,US.AL.DA,511,5,
LaPorte County,US.IN.LA,510,25,
Cochise County,US.AZ.CH,509,6,
San Luis Obispo County,US.CA.SS,508,1,
Holmes County,US.MS.HO,506,39,
Dorchester County,US.SC.DO,499,3,
York County,US.ME.YO,497,11,
Columbus County,US.NC.CM,494,35,
Midland County,US.TX.ID,494,14,
Muhlenberg County,US.KY.MU,494,8,
Skagit County,US.WA.SG,493,15,
Jackson County,US.MI.JA,492,30,
Floyd County,US.GA.FL,491,15,
Vance County,US.NC.VA,490,36,
Kaufman County,US.TX.KU,490,4,
Pike County,US.PA.PI,489,20,
Autauga County,US.AL.AU,488,11,
Dubuque County,US.IA.DU,486,22,
Pennington County,US.SD.PN,486,14,
Lyon County,US.KS.LY,484,7,
Coffee County,US.GA.CF,483,17,
Ector County,US.TX.EC,480,7,
Summit County,US.UT.SU,474,0,
Newport News City,US.VA.NN,474,10,
Cecil County,US.MD.CE,473,29,
McDonald County,US.MO.MA,473,1,
Jackson County,US.MS.JC,471,16,
Baldwin County,US.GA.BD,470,33,
Androscoggin County,US.ME.AN,469,4,
Clarke County,US.GA.CK,467,15,
Barrow County,US.GA.BW,466,25,
Frederick County,US.VA.FK,465,4,
Angelina County,US.TX.AG,464,6,
Peoria County,US.IL.PI,463,26,
Bedford County,US.TN.BD,463,4,
Tuscarawas County,US.OH.TU,462,10,
Wayne County,US.MS.WY,462,10,
Columbia County,US.NY.CU,460,47,
Delaware County,US.OH.DL,458,15,
Oktibbeha County,US.MS.OK,457,21,
Smith County,US.TX.SM,455,4,
Franklin Parish,US.LA.FR,455,14,
Medina County,US.OH.MD,451,31,
Portsmouth City,US.VA.PR,449,16,
Fairfield County,US.OH.FI,448,15,
Dodge County,US.WI.DD,447,5,
Grant County,US.WA.GN,447,6,
Mitchell County,US.GA.MT,444,38,
Jackson County,US.IN.JC,443,3,
Berkeley County,US.WV.BE,442,10,
Leflore County,US.MS.LL,441,48,
Yazoo County,US.MS.YZ,441,6,
Sioux County,US.IA.SI,440,0,
Brunswick County,US.NC.BS,440,4,
Yolo County,US.CA.YO,438,24,
Kosciusko County,US.IN.KO,438,2,
Jefferson County,US.MO.JE,438,19,
Lowndes County,US.AL.LO,437,18,
Surry County,US.NC.SU,437,2,
Lee County,US.MS.LE,437,15,
Santa Rosa County,US.FL.SA,437,9,
Outagamie County,US.WI.OU,436,8,
Montgomery County,US.TN.MT,434,7,
Tama County,US.IA.TM,433,29,
Bradley County,US.TN.BR,430,3,
Craighead County,US.AR.CG,430,6,
LaGrange County,US.IN.LG,430,6,
Rockdale County,US.GA.RO,428,11,
St. Mary Parish,US.LA.SM,426,38,
East Carroll Parish,US.LA.EC,425,1,
Daviess County,US.KY.DA,421,8,
Lowndes County,US.MS.LO,421,10,
Wright County,US.MN.WR,419,4,
Manassas Park city,US.VA.MP,419,5,
Miami County,US.OH.MM,418,30,
Fauquier County,US.VA.FQ,416,6,
Bowie County,US.TX.BW,415,13,
Hanover County,US.VA.HV,415,25,
Hot Spring County,US.AR.HT,415,0,
Madera County,US.CA.ME,415,5,
Russell County,US.AL.RU,414,0,
Delaware County,US.IN.DL,414,47,
Thomas County,US.GA.TH,413,32,
Lincoln County,US.MS.LI,413,32,
Ashtabula County,US.OH.AB,412,43,
Moore County,US.NC.ME,409,12,
Shelby County,US.IN.SH,409,25,
Houston County,US.AL.HO,409,5,
Calvert County,US.MD.CL,408,26,
Merrimack County,US.NH.ME,407,18,
Bastrop County,US.TX.BP,407,6,
Starr County,US.TX.SR,407,3,
Clay County,US.MO.CY,406,8,
Boone County,US.IN.BO,406,41,
Greenwood County,US.SC.GW,405,6,
Darlington County,US.SC.DA,405,14,
Union Parish,US.LA.UN,405,24,
Noble County,US.IN.NO,404,28,
Clarendon County,US.SC.CN,403,42,
Columbia County,US.GA.CI,402,9,
Sangamon County,US.IL.SM,401,31,
Shelby County,US.KY.SH,400,10,
Columbia County,US.PA.CO,399,33,
Hancock County,US.IN.HC,397,35,
Chattahoochee County,US.GA.CH,396,0,
Todd County,US.MN.TO,395,2,
Georgetown County,US.SC.GR,395,3,
Portage County,US.OH.PO,395,58,
Comal County,US.TX.OM,395,7,
San Juan County,US.UT.SJ,395,7,
McCurtain County,US.OK.MU,394,3,
Wasatch County,US.UT.WA,394,3,
Suffolk City,US.VA.SO,393,34,
Ware County,US.GA.WE,393,15,
Marshall County,US.IN.MS,393,3,
Lake County,US.OH.LK,393,17,
Pope County,US.AR.PP,392,3,
Washington County,US.OK.WN,391,38,
Webster Parish,US.LA.WR,391,10,
Pike County,US.AL.PK,387,5,
Municipality of Anchorage,US.AK.AN,387,6,
Lancaster County,US.SC.LN,386,10,
Comanche County,US.OK.CM,386,5,
Lee County,US.GA.LE,385,22,
Bay County,US.MI.BY,385,30,
Nash County,US.NC.NA,384,4,
Warren County,US.MS.WR,384,16,
Faulkner County,US.AR.FA,382,3,
Walton County,US.GA.WA,381,28,
Washington County,US.MS.WS,379,9,
Grand Forks County,US.ND.GD,379,4,
Geauga County,US.OH.GE,378,41,
Vanderburgh County,US.IN.VA,376,6,
Spalding County,US.GA.SD,375,32,
Albemarle County,US.VA.AB,374,8,
Suwannee County,US.FL.SW,373,19,
Hardee County,US.FL.HD,373,3,
Cullman County,US.AL.CU,373,3,
Victoria County,US.TX.VI,372,8,
Pueblo County,US.CO.PU,372,28,
La Crosse County,US.WI.LA,371,0,
Lamar County,US.MS.LM,371,7,
Nacogdoches County,US.TX.NC,370,26,
Williamsburg County,US.SC.WI,368,15,
Hunt County,US.TX.HT,364,6,
Franklin County,US.MA.FR,364,54,
Umatilla County,US.OR.UM,363,4,
Roanoke city,US.VA.RO,360,10,
Licking County,US.OH.LI,358,11,
Sebastian County,US.AR.SB,357,2,
Louisa County,US.IA.LO,357,13,
Madison County,US.NE.MA,356,4,
Wright County,US.IA.WG,355,0,
Floyd County,US.IN.FL,354,43,
Lauderdale County,US.AL.LU,354,4,
Lenoir County,US.NC.LN,352,10,
Greensville County,US.VA.GS,352,7,
Gadsden County,US.FL.GA,352,6,
Madison County,US.NY.MA,351,9,
Bullock County,US.AL.BL,351,11,
Wood County,US.OH.WO,350,51,
Jackson County,US.FL.JA,350,2,
Fremont County,US.WY.FR,349,9,
Upson County,US.GA.UP,348,43,
Caldwell County,US.NC.CL,348,4,
Attala County,US.MS.AT,346,23,
Wayne County,US.OH.WE,346,52,
St. James Parish,US.LA.SJ,345,28,
Bladen County,US.NC.BL,344,3,
Chesterfield County,US.SC.CF,344,13,
Santa Cruz County,US.CA.SZ,344,3,
Jackson County,US.GA.JC,343,10,
Colbert County,US.AL.CL,342,5,
Hoke County,US.NC.HO,341,3,
Laurens County,US.SC.LU,340,4,
Gordon County,US.GA.GO,339,18,
Limestone County,US.AL.LI,338,0,
Jasper County,US.MO.JS,338,1,
Craven County,US.NC.CN,338,6,
Assumption Parish,US.LA.AS,338,14,
Grimes County,US.TX.GM,338,2,
Coffee County,US.AL.CF,338,1,
Washington County,US.WI.WN,337,15,
Payne County,US.OK.PY,335,1,
Brown County,US.SD.BW,335,2,
Monroe County,US.MS.MR,334,28,
Newton County,US.MO.NT,332,2,
Lincoln County,US.SD.LI,332,1,
Madison Parish,US.LA.MA,331,2,
Gregg County,US.TX.GE,331,13,
Jackson County,US.IL.JC,329,19,
De Soto Parish,US.LA.DE,329,18,
Pike County,US.MS.PI,328,11,
Taylor County,US.TX.TA,327,5,
Coryell County,US.TX.CL,327,2,
Newton County,US.MS.NW,326,8,
Aiken County,US.SC.AI,325,9,
Adams County,US.PA.AD,324,12,
Fayette County,US.GA.FY,323,17,
Hamilton County,US.FL.HM,317,2,
Blue Earth County,US.MN.BE,317,2,
Jefferson Davis Parish,US.LA.JD,316,8,
Carver County,US.MN.CV,316,1,
Caroline County,US.MD.CO,315,3,
Stanly County,US.NC.SN,315,5,
Johnson County,US.TX.JH,314,4,
Sumter County,US.FL.SM,313,17,
Boone County,US.MO.BO,313,2,
Walker County,US.GA.WK,312,11,
Barbour County,US.AL.BR,312,1,
Lafayette County,US.MS.LY,310,4,
La Paz County,US.AZ.LA,309,5,
Morgan County,US.IN.MG,309,31,
Union County,US.OR.UN,309,1,
Franklin County,US.NC.FR,309,21,
Clermont County,US.OH.CE,307,6,
Okeechobee County,US.FL.OE,307,0,
Fond du Lac County,US.WI.FN,306,6,
Eaton County,US.MI.EA,306,7,
Lincoln County,US.OR.LC,305,2,
Jasper County,US.IA.JS,305,17,
Chelan County,US.WA.CH,305,6,
Catoosa County,US.GA.CS,303,7,
Harris County,US.GA.HI,303,9,
Winchester city,US.VA.WH,302,3,
Allegan County,US.MI.AL,302,6,
Richland County,US.OH.RI,300,4,
Worth County,US.GA.WO,300,21,
Lincoln Parish,US.LA.LN,300,18,
Yadkin County,US.NC.YD,299,4,
Edgecombe County,US.NC.ED,298,9,
Marlboro County,US.SC.ML,297,4,
Caldwell County,US.TX.CW,297,1,
Hampton city,US.VA.HM,296,5,
Richmond County,US.VA.RI,296,4,
Newport County,US.RI.NE,294,2,
Avoyelles Parish,US.LA.AV,294,11,
Broomfield County and City,US.CO.BR,291,29,
Strafford County,US.NH.ST,290,13,
Maverick County,US.TX.MV,290,2,
Lyon County,US.MN.LY,289,2,
Northumberland County,US.PA.NU,288,5,
East Feliciana Parish,US.LA.EF,288,33,
Adams County,US.NE.AD,287,11,
Bay County,US.FL.BY,287,4,
Grant County,US.IN.GA,287,26,
Covington County,US.AL.CV,286,5,
Kanawha County,US.WV.KA,286,20,
Putnam County,US.FL.PU,285,6,
Halifax County,US.NC.HL,284,4,
Highlands County,US.FL.HG,284,11,
Butler County,US.PA.BT,284,13,
Harrison County,US.TX.HR,284,30,
Deaf Smith County,US.TX.DI,284,16,
Sherburne County,US.MN.SH,283,4,
Colleton County,US.SC.CT,283,21,
Montgomery County,US.IN.MM,283,19,
Worcester County,US.MD.WO,282,16,
Saline County,US.MO.SI,282,4,
Plymouth County,US.IA.PM,281,4,
Macon County,US.TN.MC,280,3,
Orleans County,US.NY.OL,279,52,
Randolph County,US.IL.RA,278,7,
Lapeer County,US.MI.LP,278,31,
Rockwall County,US.TX.RC,276,16,
Sumter County,US.AL.SU,275,12,
Hale County,US.AL.HA,275,19,
Clinton County,US.IN.CI,275,1,
Montgomery County,US.NC.MO,274,7,
Allen Parish,US.LA.AL,274,10,
Flagler County,US.FL.FL,274,5,
Hardeman County,US.TN.HA,273,1,
Rutherford County,US.NC.RU,272,7,
Fairfield County,US.SC.FA,272,21,
Carbon County,US.PA.CB,272,25,
Lee County,US.SC.LE,272,22,
Napa County,US.CA.NA,270,4,
Wichita County,US.TX.WC,270,2,
Warren County,US.VA.WR,269,5,
Northampton County,US.VA.NA,269,28,
Wilcox County,US.AL.WC,269,8,
Shiawassee County,US.MI.SH,268,27,
Crisp County,US.GA.CP,267,12,
Maury County,US.TN.MU,267,2,
Summit County,US.CO.SU,267,3,
Shelby County,US.TX.SY,266,9,
Page County,US.VA.PA,266,24,
Mercer County,US.OH.MC,265,8,
Rusk County,US.TX.RK,265,3,
Bulloch County,US.GA.BH,265,4,
Freeborn County,US.MN.FR,265,0,
Stephenson County,US.IL.SN,265,5,
Iron County,US.UT.RN,265,1,
Allen County,US.OH.AN,264,38,
Steuben County,US.NY.ST,264,29,
Warren County,US.NY.WR,263,30,
Macon County,US.NC.MN,263,1,
St. Joseph County,US.MI.SJ,262,3,
Butts County,US.GA.BU,261,33,
Marengo County,US.AL.ME,261,11,
Early County,US.GA.EA,260,31,
Greene County,US.MO.GE,260,8,
Garfield County,US.CO.GA,260,2,
Hernando County,US.FL.HA,260,5,
Rhea County,US.TN.RH,259,0,
Cleveland County,US.NC.CV,257,3,
Greene County,US.NY.GR,257,13,
Grenada County,US.MS.GN,257,4,
Covington County,US.MS.CV,256,5,
Medina County,US.TX.ME,256,2,
White County,US.IN.WH,256,10,
Dubois County,US.IN.DU,255,6,
Dillon County,US.SC.DI,255,7,
McLean County,US.IL.ML,255,13,
Branch County,US.MI.BC,254,2,
Clarke County,US.AL.CK,253,5,
Richmond County,US.NC.RI,252,5,
Ontario County,US.NY.OR,252,26,
Plaquemines Parish,US.LA.PL,252,17,
James City County,US.VA.JA,251,15,
Columbia County,US.FL.CU,250,3,
Decatur County,US.GA.DC,249,8,
Fulton County,US.NY.FU,248,26,
Hopkins County,US.KY.HO,247,32,
Butler County,US.KY.BR,247,14,
Bristol County,US.RI.BR,247,7,
Washington County,US.TX.WH,247,31,
Appling County,US.GA.AP,246,14,
Crawford County,US.KS.CR,246,1,
Washington County,US.NY.WS,245,14,
St. Clair County,US.AL.SA,245,2,
Huntingdon County,US.PA.HU,245,4,
Loudon County,US.TN.LO,244,1,
Lamar County,US.TX.LR,244,13,
Gonzales County,US.TX.GA,244,4,
Galax city,US.VA.GA,243,13,
Union County,US.AR.UN,243,13,
West Baton Rouge Parish,US.LA.WB,243,30,
Onslow County,US.NC.ON,243,3,
Ogle County,US.IL.OG,243,4,
Adams County,US.MS.AD,243,18,
Campbell County,US.KY.CM,242,12,
West Feliciana Parish,US.LA.WF,241,14,
Decatur County,US.IN.DC,241,32,
Laramie County,US.WY.LA,240,2,
Citrus County,US.FL.CI,240,12,
Mecklenburg County,US.VA.ME,238,26,
Fredericksburg City,US.VA.FB,238,0,
Canadian County,US.OK.CN,238,3,
Winn Parish,US.LA.WI,238,5,
Gila County,US.AZ.GI,237,5,
Henry County,US.VA.HY,237,4,
Liberty County,US.TX.LT,236,3,
Bolivar County,US.MS.BO,236,13,
Calhoun County,US.AL.CN,236,5,
Oceana County,US.MI.OA,235,3,
Hale County,US.TX.HE,235,7,
Pearl River County,US.MS.PL,235,32,
Burleigh County,US.ND.BL,234,0,
Wagoner County,US.OK.WG,234,18,
Gallatin County,US.MT.GL,234,1,
Dickinson County,US.IA.DI,234,2,
Fayette County,US.TN.FA,233,2,
Saline County,US.AR.SL,233,2,
Noxubee County,US.MS.NO,233,7,
Clay County,US.MS.CY,233,7,
Tuscola County,US.MI.TU,233,26,
Jerome County,US.ID.JR,232,3,
Genesee County,US.NY.GE,232,5,
Natchitoches Parish,US.LA.NA,231,14,
Darke County,US.OH.DA,231,25,
Pointe Coupee Parish,US.LA.PO,231,27,
Tate County,US.MS.TT,230,5,
Clinton County,US.IL.CN,229,17,
Tom Green County,US.TX.TG,228,1,
Macon County,US.IL.MC,227,22,
Prince George County,US.VA.PG,227,0,
Chickasaw County,US.MS.CS,227,18,
Morehouse Parish,US.LA.MO,227,8,
Panola County,US.MS.PA,227,5,
Bacon County,US.GA.BC,225,4,
Queen Anne's County,US.MD.QU,224,17,
Dale County,US.AL.DE,224,0,
Van Buren County,US.MI.VA,224,7,
Toombs County,US.GA.TM,224,5,
Terrell County,US.GA.TL,224,27,
Thurston County,US.WA.TH,224,7,
Warren County,US.IA.WR,223,2,
Marion County,US.MS.MI,223,11,
Erie County,US.OH.ER,223,22,
Winston County,US.MS.WN,223,4,
Monroe County,US.IN.MR,221,28,
Jasper County,US.MS.JS,221,6,
Pender County,US.NC.PD,221,1,
Sunflower County,US.MS.SU,221,6,
Liberty County,US.FL.LI,220,1,
Vermilion Parish,US.LA.VM,220,5,
Lincoln County,US.NC.LI,220,0,
Petersburg city,US.VA.PB,219,3,
Jefferson County,US.WV.JE,219,4,
St. Lawrence County,US.NY.SI,218,3,
Washington County,US.IA.WS,217,9,
Douglas County,US.WA.DO,216,3,
Winston County,US.AL.WN,216,2,
Vigo County,US.IN.VI,216,8,
Henry County,US.IN.HY,216,15,
Talladega County,US.AL.TD,214,6,
Ozaukee County,US.WI.OZ,214,15,
Clinton County,US.MI.CN,214,12,
McDowell County,US.NC.MW,213,1,
Hardin County,US.TX.HN,212,5,
Jefferson County,US.WI.JE,211,4,
Bienville Parish,US.LA.BI,211,26,
Logan County,US.KY.LO,211,11,
Garland County,US.AR.GL,210,1,
Santa Fe County,US.NM.ST,210,3,
Hancock County,US.GA.HC,210,32,
Madison County,US.TN.MD,210,2,
Lawrence County,US.IN.LW,209,24,
Steele County,US.MN.SE,209,0,
Scotts Bluff County,US.NE.SC,208,3,
Tooele County,US.UT.TE,208,0,
Escambia County,US.AL.ES,208,6,
Lenawee County,US.MI.LN,207,6,
Walton County,US.FL.WL,206,9,
Jackson Parish,US.LA.JA,206,16,
Cibola County,US.NM.CI,206,13,
Kitsap County,US.WA.KS,205,2,
Allegany County,US.MD.AL,204,17,
Benton County,US.MN.BN,203,3,
Montrose County,US.CO.MO,203,12,
Harrison County,US.IN.HI,203,22,
Polk County,US.GA.PO,203,1,
Monroe County,US.FL.MO,202,4,
Smith County,US.MS.SM,202,11,
Claiborne County,US.MS.CB,202,10,
Franklin County,US.MO.FR,202,18,
McMinn County,US.TN.MM,201,17,
LaSalle County,US.IL.LA,201,17,
Jackson County,US.AL.JA,200,3,
Cassia County,US.ID.CS,200,1,
Panola County,US.TX.PN,200,25,
Dooly County,US.GA.DO,200,12,
Roanoke County,US.VA.RE,199,5,
San Benito County,US.CA.SI,198,2,
Chambers County,US.TX.CH,198,2,
Centre County,US.PA.CT,198,6,
Carroll County,US.VA.CL,198,6,
Randolph County,US.GA.RN,197,25,
Charlottesville City,US.VA.CE,196,3,
Kent County,US.MD.KE,196,23,
Chilton County,US.AL.CI,196,3,
Dearborn County,US.IN.DR,195,22,
Stephens County,US.GA.SE,194,6,
Saluda County,US.SC.SA,194,1,
Rockingham County,US.NC.RC,194,2,
Sussex County,US.VA.SS,194,2,
Simpson County,US.MS.SI,193,3,
Clarke County,US.MS.CE,193,22,
Oswego County,US.NY.OS,192,3,
Ionia County,US.MI.II,192,4,
Graves County,US.KY.GV,192,21,
Oconee County,US.SC.OC,192,1,
Hillsdale County,US.MI.HI,191,25,
Orange County,US.TX.OR,191,3,
Island County,US.WA.IS,191,12,
Sheboygan County,US.WI.SE,190,4,
Cheatham County,US.TN.CA,190,0,
Greene County,US.OH.GR,189,9,
Pickens County,US.AL.PC,189,6,
Choctaw County,US.AL.CC,189,12,
Murray County,US.GA.MA,189,2,
Marion County,US.AL.MI,189,12,
Pontotoc County,US.MS.PO,189,3,
Johnson County,US.AR.JO,188,0,
Washington County,US.PA.WS,187,6,
Newberry County,US.SC.NE,187,4,
Christian County,US.KY.CH,186,4,
Watonwan County,US.MN.WT,186,0,
Gunnison County,US.CO.GU,186,6,
Greene County,US.IN.GE,185,29,
Parmer County,US.TX.PM,184,5,
Blount County,US.AL.BU,184,1,
Dyer County,US.TN.DY,184,0,
Beauregard Parish,US.LA.BE,184,8,
Caddo County,US.OK.CD,184,10,
Dorchester County,US.MD.DO,183,5,
Union County,US.IL.UN,183,18,
Warrick County,US.IN.WI,183,29,
Buffalo County,US.NE.BF,182,1,
Alamosa County,US.CO.AL,181,3,
Gilmer County,US.GA.GI,181,2,
Madison County,US.OH.MO,181,8,
Grady County,US.GA.GD,181,4,
Whiteside County,US.IL.WD,180,15,
Eau Claire County,US.WI.EA,180,1,
Pasquotank County,US.NC.PU,180,15,
Echols County,US.GA.EC,180,0,
Monroe County,US.AL.MR,179,2,
Hamilton County,US.IA.HM,179,0,
Susquehanna County,US.PA.SS,179,22,
Augusta County,US.VA.AU,179,2,
Northampton County,US.NC.NO,179,15,
Prince Edward County,US.VA.PD,178,3,
Riley County,US.KS.RL,178,3,
Navarro County,US.TX.NV,177,5,
Franklin County,US.GA.FR,177,1,
Davie County,US.NC.DV,177,3,
Parker County,US.TX.PR,177,1,
Lycoming County,US.PA.LY,176,19,
Miami County,US.IN.MI,176,2,
Coahoma County,US.MS.CH,176,6,
Holmes County,US.OH.HL,176,3,
Ohio County,US.KY.OH,176,0,
Kootenai County,US.ID.KO,176,1,
Turner County,US.GA.TR,175,16,
Tompkins County,US.NY.TO,175,0,
Meriwether County,US.GA.MW,174,2,
Madison County,US.AR.MD,174,0,
Frio County,US.TX.FO,173,0,
Marion County,US.SC.MI,171,6,
Kemper County,US.MS.KE,171,13,
Madison County,US.FL.MD,170,3,
Hamblen County,US.TN.HB,170,4,
Isle of Wight County,US.VA.IS,169,8,
Evangeline Parish,US.LA.EV,168,1,
Richland Parish,US.LA.RI,168,4,
Cowlitz County,US.WA.CW,166,0,
Uinta County,US.WY.UI,166,0,
Walthall County,US.MS.WT,165,3,
Levy County,US.FL.LV,165,1,
Greene County,US.NC.GE,164,2,
Marshall County,US.MS.MS,164,3,
Jennings County,US.IN.JN,164,9,
Wharton County,US.TX.WN,163,1,
Allen County,US.KY.AL,163,5,
Newaygo County,US.MI.NE,163,0,
Hopewell city,US.VA.HW,163,2,
Putnam County,US.IN.PT,162,8,
Monongalia County,US.WV.MG,162,5,
Scott County,US.MO.ST,161,11,
Calhoun County,US.GA.CU,161,5,
Conecuh County,US.AL.CO,161,3,
Macon County,US.AL.MC,161,7,
Catahoula Parish,US.LA.CT,160,3,
Greene County,US.AL.GR,160,6,
Midland County,US.MI.MD,160,9,
Cumberland County,US.TN.CU,159,3,
Houston County,US.TX.HS,159,0,
Wayne County,US.NY.WN,159,2,
Chester County,US.SC.CR,159,1,
Deschutes County,US.OR.DE,159,0,
Pierce County,US.GA.PR,158,4,
El Dorado County,US.CA.EL,158,0,
Carroll County,US.AR.CL,158,4,
Union County,US.MS.UN,157,8,
Hertford County,US.NC.HD,157,10,
Dickson County,US.TN.DI,156,0,
Randolph County,US.WV.RN,155,0,
Southampton County,US.VA.SA,155,2,
Coles County,US.IL.CE,155,17,
Warren County,US.NC.WR,155,5,
Henderson County,US.KY.HE,155,3,
Iroquois County,US.IL.IR,155,5,
Osage County,US.OK.OS,154,8,
Glades County,US.FL.GL,154,1,
McCracken County,US.KY.MK,153,3,
Bibb County,US.AL.BI,153,1,
Monroe County,US.GA.MN,153,16,
Scott County,US.IN.SC,153,6,
Rogers County,US.OK.RS,152,5,
Randolph County,US.AL.RA,152,9,
Blount County,US.TN.BO,152,3,
St. Louis County,US.MN.ST,152,14,
Martin County,US.MN.MT,151,5,
Grundy County,US.IL.GU,151,4,
St. Croix County,US.WI.SI,150,1,
Holmes County,US.FL.HO,150,0,
Herkimer County,US.NY.HE,149,3,
Laurens County,US.GA.LR,149,1,
Bullitt County,US.KY.BI,149,4,
DeKalb County,US.IN.DE,148,4,
Walla Walla County,US.WA.WL,148,3,
Minidoka County,US.ID.MI,148,0,
Huron County,US.OH.HU,147,1,
Ben Hill County,US.GA.BL,147,1,
Carson City,US.NV.CA,147,5,
Sutter County,US.CA.SU,147,3,
Nassau County,US.FL.NA,146,1,
Yellowstone County,US.MT.YS,145,4,
Oconee County,US.GA.OC,145,10,
Carroll County,US.MS.CL,145,11,
Chenango County,US.NY.CH,145,6,
Yalobusha County,US.MS.YL,144,7,
Butte County,US.CA.BU,143,2,
Kennebec County,US.ME.KE,143,9,
Orange County,US.VA.OR,143,2,
Webster County,US.IA.WE,142,1,
Jackson County,US.WV.JA,142,18,
Lawrence County,US.MS.LW,142,1,
Colonial Heights city,US.VA.CH,142,17,
Grant County,US.WI.GA,141,12,
Brooks County,US.GA.BO,141,11,
Tioga County,US.NY.TI,141,19,
McClain County,US.OK.ML,141,4,
Marathon County,US.WI.MH,140,1,
Hardin County,US.KY.HN,140,5,
Bertie County,US.NC.BT,140,4,
Chemung County,US.NY.CM,139,3,
Audrain County,US.MO.AU,139,1,
White County,US.GA.WH,139,4,
Putnam County,US.GA.PT,138,12,
Wayne County,US.PA.WN,138,9,
Burke County,US.GA.BE,138,6,
Grayson County,US.KY.GY,137,10,
Linn County,US.OR.LN,136,9,
Mississippi County,US.AR.MS,136,3,
Matagorda County,US.TX.MD,136,5,
Polk County,US.OR.PO,134,12,
Stoddard County,US.MO.SD,134,8,
Creek County,US.OK.CE,134,7,
Cass County,US.MI.CS,134,4,
Lumpkin County,US.GA.LP,134,3,
Warren County,US.IL.WR,133,0,
Cape Girardeau County,US.MO.CG,133,3,
Fairbanks North Star Borough,US.AK.FA,133,2,
Orange County,US.IN.OR,133,23,
Lynchburg city,US.VA.LY,132,1,
Waller County,US.TX.WR,132,0,
Curry County,US.NM.CU,132,0,
Scotland County,US.NC.SC,132,0,
Daviess County,US.IN.DI,132,16,
Crawford County,US.AR.CW,131,0,
Dawson County,US.GA.DW,131,3,
Dinwiddie County,US.VA.DN,131,0,
Cottonwood County,US.MN.CT,130,0,
Cherokee County,US.SC.CK,130,6,
Talbot County,US.MD.TA,130,4,
Mercer County,US.PA.ME,130,6,
Henry County,US.AL.HE,130,4,
Oldham County,US.KY.OL,129,6,
St. Francois County,US.MO.SF,129,2,
Humboldt County,US.CA.HU,129,4,
Kenai Peninsula Borough,US.AK.KN,128,2,
Caroline County,US.VA.CI,128,4,
Caswell County,US.NC.CS,128,1,
Banks County,US.GA.BS,128,0,
Grady County,US.OK.GD,128,5,
Boone County,US.IA.BO,128,1,
Wilcox County,US.GA.WC,127,15,
Crawford County,US.OH.CF,127,5,
Emporia city,US.VA.EM,127,6,
Lanier County,US.GA.LI,126,3,
Ottawa County,US.OH.OT,126,23,
Livingston County,US.NY.LI,126,4,
Willacy County,US.TX.WY,125,3,
Franklin County,US.IN.FR,124,8,
Delaware County,US.OK.DL,124,16,
Box Elder County,US.UT.BE,124,1,
Crenshaw County,US.AL.CA,124,3,
Morgan County,US.IL.MG,124,3,
Webster County,US.MS.WE,124,10,
Cattaraugus County,US.NY.CG,123,6,
Cass County,US.MO.CS,123,8,
Knox County,US.IL.KX,123,0,
Franklin County,US.KY.FR,123,3,
Allamakee County,US.IA.AL,122,4,
Maui County,US.HI.MA,122,6,
Effingham County,US.GA.EF,122,1,
Montgomery County,US.VA.MO,122,2,
Chautauqua County,US.NY.CQ,122,3,
Lane County,US.OR.LE,122,3,
Otsego County,US.MI.OS,122,10,
Martin County,US.NC.MR,122,4,
Cook County,US.GA.CO,122,1,
Washington County,US.OH.WS,122,20,
Cass County,US.IL.CS,121,1,
Douglas County,US.KS.DG,121,0,
Isabella County,US.MI.IB,121,8,
Stokes County,US.NC.SO,121,1,
Nicollet County,US.MN.NI,120,12,
Monroe County,US.IL.MR,120,13,
Anson County,US.NC.AN,119,1,
Atkinson County,US.GA.AT,119,2,
Perry County,US.MO.PR,119,0,
Teton County,US.WY.TE,119,1,
Lonoke County,US.AR.LO,119,1,
Wayne County,US.IN.WY,119,6,
Washington County,US.TN.WI,118,0,
Goochland County,US.VA.GO,118,6,
Union County,US.SD.UN,118,1,
Portage County,US.WI.PT,117,0,
Chicot County,US.AR.CT,117,3,
Lavaca County,US.TX.LA,117,1,
Mahaska County,US.IA.MK,117,16,
Perry County,US.IN.PE,117,5,
Alpena County,US.MI.AP,117,11,
Pulaski County,US.MO.PA,117,1,
Pecos County,US.TX.PE,116,0,
Camp County,US.TX.CP,116,1,
Tippah County,US.MS.TP,116,11,
Steuben County,US.IN.SE,116,2,
Monroe County,US.TN.MR,116,4,
Henderson County,US.TX.HD,116,4,
Burnet County,US.TX.BT,115,3,
Tazewell County,US.IL.TA,115,7,
Hancock County,US.MS.HN,115,13,
Bryan County,US.GA.BY,115,5,
Tattnall County,US.GA.TT,114,0,
Clarke County,US.IA.CK,114,2,
Claiborne Parish,US.LA.CI,114,11,
West Carroll Parish,US.LA.WC,114,5,
Sandusky County,US.OH.SA,114,13,
Louisa County,US.VA.LI,114,1,
Itawamba County,US.MS.IT,113,8,
Kittitas County,US.WA.KT,113,0,
Gray County,US.TX.GY,113,4,
Camden County,US.GA.CD,113,2,
Clay County,US.IA.CY,113,0,
Liberty County,US.GA.LB,113,1,
Macon County,US.GA.MC,113,9,
Montgomery County,US.NY.MT,113,4,
Adams County,US.WA.AD,112,0,
Ripley County,US.IN.RI,112,7,
Goodhue County,US.MN.GO,111,8,
Stewart County,US.GA.SW,111,3,
Klamath County,US.OR.KL,111,0,
Iosco County,US.MI.IC,111,10,
Adair County,US.OK.AD,111,4,
Adair County,US.KY.AD,111,19,
Morrow County,US.OH.MW,111,1,
Berrien County,US.GA.BN,110,0,
Montgomery County,US.MS.MT,110,2,
Wayne County,US.WV.WA,110,9,
Pettis County,US.MO.PS,110,1,
Platte County,US.MO.PT,110,4,
Juniata County,US.PA.JU,110,5,
Winona County,US.MN.WN,110,15,
Putnam County,US.OH.PU,109,15,
Natrona County,US.WY.NA,109,1,
Carroll County,US.IN.CO,109,2,
Lamar County,US.GA.LM,109,6,
Pemiscot County,US.MO.PM,109,6,
Cayuga County,US.NY.CY,109,2,
Phillips County,US.AR.PH,109,3,
Fluvanna County,US.VA.FV,109,6,
Humphreys County,US.MS.HU,109,9,
Yamhill County,US.OR.YA,109,8,
Val Verde County,US.TX.VL,108,0,
Lyon County,US.NV.LY,108,2,
Hardin County,US.OH.HD,108,12,
Calhoun County,US.MS.CN,108,4,
Nevada County,US.CA.NE,108,1,
Choctaw County,US.OK.CA,108,1,
York County,US.VA.YO,108,3,
Jackson County,US.KS.JA,107,1,
Madison County,US.KY.MD,107,1,
Bedford County,US.VA.BF,107,3,
Bonneville County,US.ID.BV,107,1,
Cabell County,US.WV.CB,107,0,
Greene County,US.AR.GE,107,0,
Nottoway County,US.VA.NY,107,2,
Vernon Parish,US.LA.VN,107,7,
Sullivan County,US.MO.SV,107,0,
Trempealeau County,US.WI.TR,106,0,
Concordia Parish,US.LA.CR,106,5,
Polk County,US.TX.PK,106,0,
Fayette County,US.PA.FA,106,4,
Red River County,US.TX.RV,105,10,
Penobscot County,US.ME.PE,105,2,
Jefferson County,US.IL.JF,105,17,
Franklin County,US.VT.FR,104,6,
Williamson County,US.IL.WS,104,4,
Waupaca County,US.WI.WP,104,6,
Perry County,US.AL.PE,104,0,
Lawrence County,US.TN.LW,104,4,
Muskogee County,US.OK.MO,103,9,
Coffee County,US.TN.CF,103,0,
Jasper County,US.SC.JA,103,3,
Caldwell Parish,US.LA.CW,103,1,
San Augustine County,US.TX.SG,103,7,
Pittsylvania County,US.VA.PS,102,1,
Clinton County,US.NY.CL,101,4,
Johnson County,US.MO.JO,101,0,
Poweshiek County,US.IA.PW,101,8,
Washington County,US.FL.WS,101,12,
Miller County,US.AR.ML,101,2,
Valencia County,US.NM.VA,101,2,
Nevada County,US.AR.NV,101,2,
San Patricio County,US.TX.SP,101,0,
Wabash County,US.IN.WB,101,2,
Jasper County,US.IN.JS,101,2,
Jessamine County,US.KY.JS,101,0,
Indiana County,US.PA.IN,101,6,
McDonough County,US.IL.MU,100,15,
Person County,US.NC.PN,100,1,
Jackson County,US.KY.JA,100,13,
Saguache County,US.CO.SG,100,2,
Abbeville County,US.SC.AB,100,0,
Emanuel County,US.GA.EM,100,3,
Washington County,US.AL.WS,100,6,
Crow Wing County,US.MN.CW,100,11,
Clinch County,US.GA.CC,100,3,
Lawrence County,US.PA.LW,99,9,
Elko County,US.NV.EL,99,1,
Lawrence County,US.AR.LW,99,9,
Jackson County,US.OR.JA,98,0,
Sauk County,US.WI.SU,98,3,
Peach County,US.GA.PH,98,9,
Pine County,US.MN.PN,98,0,
King George County,US.VA.KG,98,4,
Washington County,US.ID.WA,98,0,
Jefferson Davis County,US.MS.JD,97,3,
Elbert County,US.GA.EL,97,0,
Shasta County,US.CA.SH,97,4,
Ross County,US.OH.RO,96,2,
Brunswick County,US.VA.BU,96,1,
Lee County,US.IL.LE,96,2,
Shelby County,US.IA.SH,96,0,
Greene County,US.GA.GE,96,9,
Calumet County,US.WI.CA,96,2,
Pottawatomie County,US.OK.PT,96,4,
Clark County,US.KY.CK,96,5,
Auglaize County,US.OH.AU,96,3,
Lincoln County,US.MO.LO,95,1,
Bannock County,US.ID.BO,95,1,
Barry County,US.MI.BR,95,2,
Jenkins County,US.GA.JK,94,11,
Lea County,US.NM.LE,94,0,
Fannin County,US.GA.FN,94,1,
Wyoming County,US.NY.WM,94,5,
La Plata County,US.CO.LA,94,1,
Windham County,US.VT.WH,94,3,
Westmoreland County,US.VA.WM,93,2,
Pitkin County,US.CO.PI,93,2,
Nez Perce County,US.ID.NE,93,19,
Cherokee County,US.TX.CK,93,2,
Dunklin County,US.MO.DU,92,3,
Gratiot County,US.MI.GT,92,13,
Delaware County,US.NY.DE,91,4,
Washington County,US.GA.WG,91,1,
Rio Arriba County,US.NM.RI,91,1,
Jefferson County,US.OR.JE,91,0,
Newton County,US.IN.NE,90,10,
Prentiss County,US.MS.PN,90,3,
La Salle Parish,US.LA.LA,90,0,
Union County,US.PA.UN,90,2,
Chisago County,US.MN.CG,90,1,
Fayette County,US.IN.FA,90,7,
Screven County,US.GA.SR,89,6,
St. Helena Parish,US.LA.SH,89,1,
Gilchrist County,US.FL.GI,89,0,
Anderson County,US.TN.AN,89,2,
Jackson County,US.NC.JA,89,1,
Dodge County,US.GA.DG,88,2,
Bailey County,US.TX.BY,88,1,
Mississippi County,US.MO.MI,88,0,
Lawrence County,US.AL.LW,88,0,
Oglethorpe County,US.GA.OG,88,7,
Wilkinson County,US.MS.WK,88,9,
Pulaski County,US.KY.PU,88,2,
Wise County,US.TX.WE,88,5,
Tallahatchie County,US.MS.TL,88,1,
Hood River County,US.OR.HO,88,0,
Adair County,US.MO.AD,88,0,
Mesa County,US.CO.ME,88,0,
McDuffie County,US.GA.MU,88,6,
Lafayette County,US.MO.LF,87,2,
Glenn County,US.CA.GL,87,0,
Pickens County,US.GA.PE,87,5,
Pike County,US.GA.PK,87,3,
Lauderdale County,US.TN.LU,87,2,
Madison County,US.GA.MD,86,4,
Nye County,US.NV.NY,86,3,
Perry County,US.PA.PE,86,5,
Otter Tail County,US.MN.OT,86,1,
Kay County,US.OK.KA,86,7,
Jefferson County,US.GA.JR,86,1,
Hawaii County,US.HI.HA,86,0,
Bremer County,US.IA.BR,86,6,
Somerset County,US.MD.SO,86,3,
Monroe County,US.OH.ME,85,17,
Montcalm County,US.MI.MC,85,1,
Jefferson County,US.NY.JE,85,0,
Brewster County,US.TX.BS,85,0,
Johnson County,US.GA.JH,85,2,
Atascosa County,US.TX.AT,85,2,
Brantley County,US.GA.BA,85,2,
Jefferson County,US.TN.JE,85,0,
Cross County,US.AR.CO,84,1,
Grayson County,US.VA.GY,84,2,
Green County,US.WI.GN,84,1,
Thurston County,US.NE.TU,84,1,
Barren County,US.KY.BN,84,2,
Gibson County,US.TN.GB,84,1,
Wilson County,US.TX.WS,83,5,
Grafton County,US.NH.GR,83,1,
Bamberg County,US.SC.BM,83,0,
Scott County,US.KY.SC,83,0,
Manitowoc County,US.WI.MW,83,1,
Bryan County,US.OK.BR,83,1,
Clinton County,US.IA.CN,83,1,
Otsego County,US.NY.OO,83,4,
Hardin County,US.TN.HI,82,5,
Delta County,US.CO.DT,82,1,
Des Moines County,US.IA.DS,82,2,
Carter County,US.OK.CR,82,1,
Cleburne County,US.AR.CB,82,4,
Fannin County,US.TX.FI,82,7,
Grant Parish,US.LA.GR,82,1,
Humboldt County,US.NV.HU,81,4,
Amite County,US.MS.AM,81,2,
Tunica County,US.MS.TU,81,3,
Carlton County,US.MN.CL,81,0,
Saline County,US.KS.SA,81,2,
Benton County,US.OR.BE,80,5,
White County,US.AR.WH,80,1,
Sweetwater County,US.WY.SW,80,0,
Telfair County,US.GA.TF,80,3,
McLeod County,US.MN.MC,80,0,
Henry County,US.IA.HE,80,3,
Sullivan County,US.TN.SL,79,2,
Big Horn County,US.MT.BI,79,3,
Belknap County,US.NH.BE,79,1,
Alexander County,US.NC.AE,79,0,
Haywood County,US.NC.HW,79,0,
Chaves County,US.NM.CH,79,2,
Laurel County,US.KY.LU,79,3,
Jeff Davis County,US.GA.JF,79,2,
Calhoun County,US.FL.CA,79,6,
Calhoun County,US.SC.CH,79,1,
Obion County,US.TN.OB,79,2,
O'Brien County,US.IA.OB,79,1,
Clay County,US.SD.CY,79,0,
Ohio County,US.WV.OH,78,1,
Milam County,US.TX.MI,78,1,
Morton County,US.ND.MR,78,2,
Wood County,US.TX.WO,78,5,
Polk County,US.MN.PL,78,2,
Calloway County,US.KY.CW,78,1,
Marion County,US.GA.MR,78,2,
Henry County,US.IL.HY,78,1,
Chippewa County,US.WI.CH,78,0,
Payette County,US.ID.PA,77,2,
Cerro Gordo County,US.IA.CG,77,1,
Chaffee County,US.CO.CA,77,19,
Danville City,US.VA.DA,77,2,
Taylor County,US.IA.TY,77,0,
Sabine Parish,US.LA.SB,76,1,
Bedford County,US.PA.BO,76,3,
Jefferson County,US.OH.JE,76,2,
Bradford County,US.FL.BA,76,2,
Jefferson County,US.MS.JF,76,3,
Mendocino County,US.CA.MI,76,0,
Greene County,US.MS.GE,76,7,
Adams County,US.IL.AD,76,1,
Columbia County,US.WI.CO,76,1,
Hocking County,US.OH.HC,76,7,
Randolph County,US.IN.RA,75,4,
Whitley County,US.IN.WL,75,4,
Fayette County,US.TX.FT,75,2,
Clinton County,US.PA.CN,75,4,
Le Sueur County,US.MN.LU,75,1,
Howard County,US.AR.HW,75,1,
Mayes County,US.OK.MY,75,4,
Dallam County,US.TX.DL,75,0,
Graham County,US.AZ.GA,75,2,
Powhatan County,US.VA.PH,75,2,
Butler County,US.MO.BE,75,0,
Edmonson County,US.KY.ED,74,11,
Yankton County,US.SD.YA,74,0,
Wilkinson County,US.GA.WI,74,8,
Shawano County,US.WI.SA,74,0,
Union County,US.OH.UN,74,1,
Cherokee County,US.OK.CK,73,1,
Edgefield County,US.SC.ED,73,2,
Castro County,US.TX.AS,73,1,
Cole County,US.MO.CE,73,2,
Carroll County,US.IA.CL,73,1,
Malheur County,US.OR.ML,73,1,
Waynesboro city,US.VA.WS,73,0,
Columbia County,US.AR.CI,73,3,
Muskingum County,US.OH.MU,72,1,
Pulaski County,US.IL.PL,72,0,
Rio Grande County,US.CO.RG,72,2,
Union County,US.SC.UN,72,0,
Preston County,US.WV.PR,72,2,
Simpson County,US.KY.SI,72,3,
Armstrong County,US.PA.AR,72,6,
Clearfield County,US.PA.CF,72,0,
Pike County,US.KY.PI,71,2,
Taylor County,US.FL.TA,71,0,
Van Zandt County,US.TX.VN,71,3,
Stark County,US.ND.SR,71,2,
Rutland County,US.VT.RU,71,1,
Colorado County,US.TX.CO,71,0,
Wayne County,US.TN.WY,71,0,
Routt County,US.CO.RT,70,6,
Franklin County,US.TN.FR,70,3,
Chippewa County,US.MN.CP,70,1,
Crowley County,US.CO.CR,70,1,
Polk County,US.AR.PL,70,0,
Kerr County,US.TX.KR,70,1,
Bennington County,US.VT.BE,70,1,
Martinsville city,US.VA.MR,70,1,
Dodge County,US.MN.DD,70,0,
Barnwell County,US.SC.BN,69,1,
Montour County,US.PA.MO,69,0,
Hickman County,US.TN.HN,69,0,
Buffalo County,US.SD.BF,69,1,
Hancock County,US.OH.HN,69,1,
Seneca County,US.NY.SC,69,1,
Burleson County,US.TX.BU,69,0,
Montezuma County,US.CO.MZ,69,3,
Calhoun County,US.TX.CU,69,3,
Saunders County,US.NE.SU,69,2,
Choctaw County,US.MS.CW,69,4,
Franklin County,US.IA.FN,69,0,
Cherokee County,US.IA.CE,69,0,
Botetourt County,US.VA.BO,69,4,
Blair County,US.PA.BL,69,1,
Erath County,US.TX.ER,69,1,
Cedar County,US.IA.CD,69,1,
Reno County,US.KS.RN,69,0,
Fairfax city,US.VA.FC,69,7,
Addison County,US.VT.AD,68,2,
Matanuska-Susitna Borough,US.AK.MA,68,1,
Brown County,US.TX.BN,68,10,
Oglala Lakota County,US.SD.SH,68,0,
Ashley County,US.AR.AS,68,1,
Staunton city,US.VA.SU,68,0,
Cherokee County,US.AL.CH,68,7,
Talbot County,US.GA.TB,68,2,
Crawford County,US.MI.CF,68,5,
Polk County,US.NC.PO,68,4,
Haralson County,US.GA.HS,68,5,
Greene County,US.TN.GE,68,3,
Emmet County,US.IA.EM,67,0,
Clark County,US.WI.CL,67,6,
Fayette County,US.AL.FA,67,1,
Union County,US.GA.UN,67,3,
Cheshire County,US.NH.CH,67,2,
Carteret County,US.NC.CE,67,3,
Nelson County,US.KY.NE,67,1,
Cambria County,US.PA.CI,67,3,
Monona County,US.IA.MO,66,0,
Lafayette County,US.WI.LF,66,0,
Beaufort County,US.NC.BA,66,0,
Cowley County,US.KS.CL,66,1,
Jim Wells County,US.TX.JW,66,0,
Coshocton County,US.OH.CS,66,0,
Wells County,US.IN.WE,66,1,
Greer County,US.OK.GE,66,7,
Harrison County,US.KY.HS,66,0,
Jasper County,US.GA.JS,65,1,
Franklin County,US.KS.FR,65,0,
Marion County,US.IL.MO,65,0,
Huntington County,US.IN.HU,65,2,
Missoula County,US.MT.MS,65,1,
Wood County,US.WV.WO,65,2,
Jay County,US.IN.JY,65,0,
Luna County,US.NM.LU,64,2,
Fulton County,US.IN.FU,64,1,
Cass County,US.NE.CS,64,0,
Marquette County,US.MI.MQ,64,11,
Okanogan County,US.WA.OK,64,2,
Fayette County,US.WV.FA,64,4,
Lamar County,US.AL.LM,64,1,
Huron County,US.MI.HU,64,3,
Woodford County,US.KY.WO,64,0,
Garfield County,US.OK.GF,64,2,
Pierce County,US.WI.PI,64,0,
Guthrie County,US.IA.GH,64,4,
Starke County,US.IN.SR,63,3,
Stutsman County,US.ND.SU,63,1,
Itasca County,US.MN.IT,63,12,
Dixie County,US.FL.DI,63,4,
Washington County,US.IN.WS,63,1,
Dade County,US.GA.DD,63,1,
Douglas County,US.NV.DO,62,0,
Eddy County,US.NM.ED,62,1,
Gooding County,US.ID.GO,62,1,
Smith County,US.TN.SH,62,1,
Williams County,US.OH.WI,62,1,
Tehama County,US.CA.TE,62,1,
Washington County,US.VA.WG,62,4,
Mifflin County,US.PA.MI,62,1,
George County,US.MS.GR,61,3,
Snyder County,US.PA.SN,61,2,
Hampton County,US.SC.HA,61,1,
Jones County,US.GA.JE,60,0,
White County,US.TN.WH,60,3,
Camden County,US.MO.CM,60,1,
Tishomingo County,US.MS.TS,60,1,
Austin County,US.TX.AU,60,0,
Monroe County,US.WI.MO,59,1,
Socorro County,US.NM.SO,59,5,
Grundy County,US.TN.GU,59,1,
Ward County,US.ND.WR,59,1,
Quitman County,US.MS.QU,59,0,
Gallatin County,US.KY.GL,59,7,
Geneva County,US.AL.GE,59,0,
Haywood County,US.TN.HY,59,2,
Boyd County,US.KY.BD,59,3,
Pottawatomie County,US.KS.PT,59,0,
Wasco County,US.OR.WC,58,1,
McPherson County,US.KS.MP,58,0,
Kendall County,US.TX.KD,58,0,
Hamilton County,US.NE.HM,58,11,
Floyd County,US.IA.FL,58,2,
Hill County,US.TX.HI,58,1,
Uvalde County,US.TX.UV,58,1,
Charles Mix County,US.SD.CH,58,0,
Jefferson County,US.IN.JF,58,1,
Pulaski County,US.IN.PL,58,1,
Hardin County,US.IA.HD,58,0,
Garvin County,US.OK.GV,58,1,
Allegany County,US.NY.AL,58,2,
Greenbrier County,US.WV.GE,58,0,
Meeker County,US.MN.ME,57,1,
Schoharie County,US.NY.SO,57,2,
Preble County,US.OH.PR,57,1,
Brookings County,US.SD.BK,57,0,
Greene County,US.VA.GE,57,1,
Grant County,US.KY.GT,57,4,
Morrison County,US.MN.MR,57,1,
Yuba County,US.CA.YU,57,1,
Lewis County,US.WA.LE,57,3,
Gentry County,US.MO.GT,57,9,
Wyandot County,US.OH.WD,57,4,
Perry County,US.KY.PR,56,1,
Clay County,US.IN.CY,56,4,
Windsor County,US.VT.WS,56,2,
Andrews County,US.TX.AR,56,0,
Elbert County,US.CO.EB,56,2,
Clay County,US.GA.CY,56,2,
Poinsett County,US.AR.PN,56,3,
Falls Church city,US.VA.FU,56,7,
Red River Parish,US.LA.RE,56,8,
Klickitat County,US.WA.KL,56,3,
Perry County,US.MS.PY,56,4,
Bradford County,US.PA.BF,56,3,
Essex County,US.VA.ES,56,0,
Chattooga County,US.GA.CG,56,2,
Fulton County,US.OH.FU,56,0,
Marion County,US.TN.MI,56,4,
Hutchinson County,US.TX.UT,56,0,
Isanti County,US.MN.IS,56,0,
Clinton County,US.OH.CI,56,0,
Bleckley County,US.GA.BK,55,1,
Lyman County,US.SD.LY,55,0,
Labette County,US.KS.LB,55,0,
Marion County,US.WV.MI,55,2,
Waldo County,US.ME.WL,55,14,
New Kent County,US.VA.NK,55,1,
Benton County,US.IA.BN,55,1,
Shelby County,US.OH.SH,55,4,
Harrison County,US.WV.HR,55,1,
Campbell County,US.WY.CM,55,0,
Pittsburg County,US.OK.PI,55,3,
Somerset County,US.PA.SO,55,1,
Roosevelt County,US.NM.RO,55,1,
Williamsburg City,US.VA.WL,55,6,
Lee County,US.TX.LE,55,3,
Douglas County,US.MN.DU,55,0,
Lawrence County,US.OH.LW,55,0,
Stephens County,US.OK.ST,55,1,
Vermilion County,US.IL.VE,54,2,
Butler County,US.KS.BU,54,0,
Franklin County,US.VA.FN,54,1,
Barton County,US.KS.BT,54,2,
Marshall County,US.TN.MS,54,1,
Mineral County,US.WV.ML,54,3,
Coosa County,US.AL.CS,54,1,
Custer County,US.OK.CU,54,0,
Okmulgee County,US.OK.OM,54,0,
Lincoln County,US.NE.LI,54,2,
Todd County,US.SD.TO,53,1,
Sharp County,US.AR.SH,53,4,
Unicoi County,US.TN.UC,53,0,
Becker County,US.MN.BC,53,0,
Jackson County,US.MN.JA,53,0,
Hart County,US.GA.HT,53,0,
Rush County,US.IN.RU,53,3,
Clark County,US.AR.CK,53,0,
Knox County,US.IN.KN,53,0,
Marshall County,US.KY.MH,53,2,
Carroll County,US.NH.CA,53,0,
Coffey County,US.KS.CF,53,8,
Ochiltree County,US.TX.OC,53,2,
Wayne County,US.GA.WY,53,0,
Hopkins County,US.TX.HP,53,0,
Watauga County,US.NC.WT,52,0,
Logan County,US.OH.LG,52,0,
Oconto County,US.WI.OC,52,0,
Kewaunee County,US.WI.KW,52,1,
Clay County,US.AR.CY,52,3,
Jones County,US.IA.JN,52,0,
Flathead County,US.MT.FL,52,2,
Wilkes County,US.GA.WS,52,1,
Lincoln County,US.TN.LI,52,0,
Marion County,US.IA.MI,52,0,
Alcorn County,US.MS.AL,51,1,
Crawford County,US.PA.CW,51,0,
Waseca County,US.MN.WE,51,0,
Sac County,US.IA.SA,51,0,
Cumberland County,US.VA.CU,51,0,
Codington County,US.SD.CD,51,0,
Yuma County,US.CO.YU,51,0,
Brown County,US.OH.BR,51,1,
Guernsey County,US.OH.GU,51,3,
Butler County,US.NE.BE,51,0,
Pawnee County,US.OK.PW,51,2,
Ashe County,US.NC.AS,51,1,
Putnam County,US.WV.PU,51,0,
Gage County,US.NE.GG,50,4,
Salem city,US.VA.SE,50,3,
Seminole County,US.GA.SI,50,2,
Elmore County,US.ID.EL,50,2,
Lake County,US.CO.LK,50,0,
McNairy County,US.TN.MA,50,0,
Monroe County,US.IA.MR,50,6,
Overton County,US.TN.OV,50,0,
Jefferson County,US.IA.JE,50,0,
Irwin County,US.GA.IR,50,1,
Pennington County,US.MN.PI,50,0,
Swain County,US.NC.SW,50,0,
Crane County,US.TX.CR,50,7,
Warren County,US.TN.WR,50,0,
Marinette County,US.WI.MT,49,3,
Moniteau County,US.MO.ME,49,1,
Independence County,US.AR.IN,49,0,
Macoupin County,US.IL.MP,49,3,
Pulaski County,US.GA.PL,49,2,
McIntosh County,US.OK.MI,49,1,
Marion County,US.KY.MN,49,0,
Del Norte County,US.CA.DE,49,0,
Osceola County,US.IA.OS,49,0,
Drew County,US.AR.DR,49,1,
Heard County,US.GA.HD,48,3,
Union County,US.FL.UN,48,2,
Carter County,US.TN.CT,48,1,
Clatsop County,US.OR.CT,48,0,
Kearny County,US.KS.KE,48,1,
Morrow County,US.OR.MO,48,2,
Stone County,US.MS.ST,48,1,
Weakley County,US.TN.WE,48,1,
Clarke County,US.VA.CK,48,0,
Wythe County,US.VA.WY,47,1,
Baker County,US.FL.BK,47,4,
Murray County,US.MN.MU,47,0,
Perry County,US.IL.PY,47,0,
DeKalb County,US.TN.DE,47,0,
Harrison County,US.IA.HR,47,0,
Miller County,US.GA.ML,47,0,
Pocahontas County,US.IA.PC,47,1,
Hempstead County,US.AR.HE,47,1,
Allendale County,US.SC.AL,47,3,
Gloucester County,US.VA.GL,47,1,
DeWitt County,US.TX.DE,47,1,
Meade County,US.SD.MD,46,1,
Montgomery County,US.KY.MM,46,0,
Carroll County,US.OH.CO,46,3,
Upshur County,US.TX.US,46,0,
Franklin city,US.VA.FR,46,2,
Hawkins County,US.TN.HW,46,2,
Callaway County,US.MO.CA,46,1,
Howard County,US.NE.HW,46,4,
Dukes County,US.MA.DU,46,0,
Jasper County,US.IL.JS,46,7,
Morgan County,US.GA.MO,46,0,
Washington County,US.NE.WS,46,1,
Wakulla County,US.FL.WK,46,1,
Humboldt County,US.IA.HU,46,1,
Clay County,US.KY.CY,46,3,
Hood County,US.TX.HO,45,4,
Giles County,US.TN.GL,45,0,
Yates County,US.NY.YA,45,6,
Mason County,US.WA.MA,45,1,
Raleigh County,US.WV.RL,45,0,
Benton County,US.IN.BE,45,0,
Sullivan County,US.IN.SU,45,1,
Dawson County,US.TX.DW,45,1,
Douglas County,US.IL.DO,45,0,
Andrew County,US.MO.AN,45,0,
Iowa County,US.IA.IO,45,0,
Sanpete County,US.UT.SP,45,0,
Fayette County,US.OH.FY,45,0,
Ashland County,US.OH.AL,45,1,
Ottawa County,US.OK.OT,44,2,
Washington County,US.CO.WA,44,0,
Lee County,US.IA.LE,44,1,
Cortland County,US.NY.CD,44,1,
Yancey County,US.NC.YN,44,0,
Mountrail County,US.ND.MU,44,0,
Faribault County,US.MN.FA,44,0,
Sanilac County,US.MI.SL,44,6,
Logan County,US.AR.LG,44,0,
Randolph County,US.AR.RA,44,1,
Dixon County,US.NE.DI,44,2,
Door County,US.WI.DO,43,3,
Mason County,US.MI.MN,43,0,
Madison County,US.VA.MD,43,1,
Baker County,US.GA.BR,43,3,
Jasper County,US.TX.JR,43,1,
Charlton County,US.GA.CT,43,2,
Polk County,US.WI.PL,43,1,
Wheeler County,US.GA.WL,43,0,
Limestone County,US.TX.LO,43,1,
Defiance County,US.OH.DF,43,3,
Lake County,US.CA.LK,42,0,
Roane County,US.TN.RA,42,0,
Highland County,US.OH.HI,42,1,
Halifax County,US.VA.HL,42,1,
Amelia County,US.VA.AI,42,1,
Hardy County,US.WV.HD,42,0,
Hancock County,US.IA.HN,42,0,
Conway County,US.AR.CN,42,3,
Zapata County,US.TX.ZP,42,0,
Christian County,US.IL.CI,42,4,
Cocke County,US.TN.CE,42,0,
Livingston County,US.IL.LI,42,2,
Hughes County,US.SD.HG,42,0,
Adams County,US.IN.AD,42,1,
Torrance County,US.NM.TO,41,1,
Buchanan County,US.IA.BC,41,1,
Richland County,US.ND.RI,41,0,
Jefferson County,US.FL.JE,41,4,
Essex County,US.NY.ES,41,0,
Rabun County,US.GA.RB,41,3,
York County,US.NE.YO,41,0,
Sevier County,US.UT.SE,41,0,
Teller County,US.CO.TE,41,2,
Montgomery County,US.IL.MT,41,1,
Campbell County,US.VA.CM,41,1,
Owen County,US.IN.OW,41,1,
Butler County,US.IA.BE,41,2,
Washington County,US.VT.WA,41,1,
Webster County,US.KY.WE,40,0,
Mono County,US.CA.MO,40,1,
Roberts County,US.SD.RO,40,0,
Bradley County,US.AR.BR,40,2,
Custer County,US.NE.CU,40,4,
Patrick County,US.VA.PK,40,1,
Taney County,US.MO.TA,40,2,
King William County,US.VA.KW,40,0,
Desha County,US.AR.DE,40,0,
Marshall County,US.WV.MH,40,0,
Hampshire County,US.WV.HM,40,1,
Jo Daviess County,US.IL.JO,40,1,
Pulaski County,US.VA.PU,39,2,
Grand Traverse County,US.MI.GN,39,5,
Crawford County,US.GA.CW,39,0,
Washakie County,US.WY.WA,39,5,
Coos County,US.OR.CO,39,0,
Wood County,US.WI.WO,39,1,
Warren County,US.MO.WR,39,0,
Jerauld County,US.SD.JE,39,1,
Grant County,US.KS.GT,39,1,
Bee County,US.TX.BE,39,0,
Jackson County,US.TX.JA,39,1,
Franklin County,US.ME.FR,39,1,
Hidalgo County,US.NM.HI,39,0,
Hart County,US.KY.HT,39,0,
Charles City County,US.VA.CC,39,3,
Russell County,US.KY.RU,39,4,
Franklin County,US.TX.FK,39,0,
City and Borough of Juneau,US.AK.JU,39,0,
Logan County,US.OK.LG,39,1,
Christian County,US.MO.CT,39,0,
Northumberland County,US.VA.NU,38,1,
Little River County,US.AR.LT,38,0,
Henry County,US.TN.HR,38,0,
Clayton County,US.IA.CT,38,3,
Appomattox County,US.VA.AP,38,0,
Arenac County,US.MI.AR,38,2,
Douglas County,US.OR.DO,38,0,
Cameron Parish,US.LA.CM,38,0,
Towns County,US.GA.TW,38,1,
Forest County,US.WI.FR,38,3,
Taos County,US.NM.TA,38,1,
Merrick County,US.NE.ME,38,0,
Boyle County,US.KY.BE,38,0,
Champaign County,US.OH.CH,37,1,
Washington County,US.NC.WI,37,3,
Morris County,US.TX.MR,37,0,
Wyoming County,US.PA.WM,37,7,
Lyon County,US.IA.LY,37,0,
Cass County,US.TX.CS,37,2,
Brown County,US.IN.BR,37,1,
Sibley County,US.MN.SI,37,2,
Knox County,US.OH.KN,37,1,
Geary County,US.KS.GE,37,1,
Taylor County,US.KY.TA,37,1,
Barry County,US.MO.BR,36,0,
Lincoln County,US.ID.LI,36,0,
Jefferson County,US.WA.JE,36,0,
New Madrid County,US.MO.NW,36,1,
Carroll County,US.TN.CR,36,1,
Polk County,US.TN.PO,36,0,
Hockley County,US.TX.HC,36,1,
Pike County,US.MO.PI,36,1,
Long County,US.GA.LG,36,1,
Howell County,US.MO.HW,36,0,
Davis County,US.IA.DV,36,1,
Davison County,US.SD.DV,36,0,
Delaware County,US.IA.DA,36,1,
Seminole County,US.OK.SM,36,3,
Noble County,US.OK.NB,36,0,
Dare County,US.NC.DE,36,1,
Otero County,US.NM.OT,35,6,
Carroll County,US.KY.CL,35,0,
Jackson County,US.OK.JA,35,3,
Oxford County,US.ME.OX,35,0,
Clay County,US.AL.CY,35,2,
Greene County,US.PA.GR,35,0,
Jersey County,US.IL.JR,35,1,
San Miguel County,US.CO.SM,35,0,
Amherst County,US.VA.AH,35,0,
Blackford County,US.IN.BL,35,2,
Madison County,US.IA.MD,35,2,
Kleberg County,US.TX.KL,35,1,
Wabaunsee County,US.KS.WB,34,0,
Calhoun County,US.IA.CO,34,0,
Clallam County,US.WA.CL,34,0,
Howard County,US.TX.HW,34,1,
Cuming County,US.NE.CM,34,0,
Dunn County,US.WI.DN,34,0,
Kauai County,US.HI.KU,34,0,
Sagadahoc County,US.ME.SA,34,0,
Monroe County,US.KY.MO,34,1,
Owyhee County,US.ID.OW,34,0,
Aurora County,US.SD.AU,34,0,
Clark County,US.KS.CA,34,0,
Robertson County,US.TX.RO,34,0,
Smyth County,US.VA.SM,33,1,
Van Buren County,US.AR.VA,33,2,
Fremont County,US.CO.FR,33,0,
Clarion County,US.PA.CL,33,2,
Grant County,US.AR.GN,33,0,
Whitman County,US.WA.WI,33,0,
Gillespie County,US.TX.GL,33,0,
Nowata County,US.OK.NW,33,1,
Spencer County,US.KY.SP,33,0,
Henry County,US.KY.HY,33,2,
Woodford County,US.IL.WO,33,2,
Bingham County,US.ID.BG,33,0,
Cherokee County,US.NC.CO,33,1,
Mason County,US.TX.MA,33,0,
Lamb County,US.TX.LB,33,0,
Seward County,US.NE.SA,33,1,
Crawford County,US.WI.CR,32,0,
Lincoln County,US.GA.LC,32,1,
Barron County,US.WI.BR,32,0,
Vernon County,US.WI.VE,32,0,
Meigs County,US.TN.ME,32,0,
Jones County,US.NC.JN,32,3,
Scurry County,US.TX.SU,32,0,
Ogemaw County,US.MI.OG,32,2,
Pontotoc County,US.OK.PN,32,2,
Franklin County,US.MS.FR,32,2,
Hamilton County,US.KS.HM,32,0,
Lander County,US.NV.LA,32,0,
Perquimans County,US.NC.PQ,32,2,
Calaveras County,US.CA.CA,32,0,
Mills County,US.IA.ML,32,0,
Albany County,US.WY.AL,32,0,
Kalkaska County,US.MI.KK,32,2,
Toole County,US.MT.TO,31,6,
Harvey County,US.KS.HV,31,2,
Sequoyah County,US.OK.SQ,31,3,
Mille Lacs County,US.MN.MI,31,1,
Juneau County,US.WI.JU,31,1,
Madison County,US.ID.MA,31,0,
Montgomery County,US.GA.MM,31,0,
Scioto County,US.OH.SC,31,0,
Kit Carson County,US.CO.KT,31,3,
Seneca County,US.OH.SE,31,2,
Alleghany County,US.NC.AL,31,0,
Alleghany County,US.VA.AL,31,2,
Charlotte County,US.VA.CT,30,0,
Mercer County,US.WV.MR,30,0,
Sullivan County,US.NH.SU,30,1,
Cooke County,US.TX.OO,30,0,
Beaver County,US.OK.BA,30,0,
Stevens County,US.KS.SV,30,0,
Le Flore County,US.OK.LE,30,1,
McIntosh County,US.GA.MH,30,1,
Meade County,US.KS.ME,30,0,
Fayette County,US.IA.FT,30,0,
Sherman County,US.TX.SN,30,0,
Johnson County,US.TN.JO,30,0,
Lamoille County,US.VT.LA,30,1,
Uintah County,US.UT.UN,29,0,
Gibson County,US.IN.GI,29,2,
Green Lake County,US.WI.GL,29,0,
Williams County,US.ND.WI,29,0,
Bourbon County,US.KY.BU,29,1,
Rock County,US.MN.RC,29,0,
Kossuth County,US.IA.KO,29,0,
San Jacinto County,US.TX.SJ,29,0,
Montgomery County,US.KS.MG,29,3,
Lunenburg County,US.VA.LN,29,0,
Campbell County,US.TN.CM,29,1,
Candler County,US.GA.CR,29,0,
Love County,US.OK.LV,29,0,
Athens County,US.OH.AS,29,1,
Mecosta County,US.MI.MT,29,2,
Tipton County,US.IN.TT,29,1,
Lawrence County,US.MO.LW,28,0,
Perry County,US.TN.PE,28,0,
Posey County,US.IN.PS,28,0,
Union County,US.KY.UN,28,0,
Greene County,US.IA.GE,28,0,
Spencer County,US.IN.SP,28,1,
Trinity County,US.TX.TR,28,0,
Lincoln County,US.OK.LI,28,2,
Franklin County,US.NY.FR,28,0,
Lucas County,US.IA.LU,28,3,
Greenup County,US.KY.GU,28,0,
Josephine County,US.OR.JO,28,1,
Rockbridge County,US.VA.RB,28,0,
Mason County,US.KY.MS,28,0,
Lynn County,US.TX.LY,28,1,
Wabasha County,US.MN.WB,28,0,
Swisher County,US.TX.SW,28,1,
Henderson County,US.TN.HS,28,0,
Grundy County,US.IA.GN,27,0,
Atchison County,US.KS.AT,27,0,
Emmet County,US.MI.EM,27,2,
Madison County,US.TX.AD,27,0,
Somerset County,US.ME.SO,27,0,
Crawford County,US.IN.CW,27,0,
Clay County,US.NE.CL,27,0,
Hansford County,US.TX.HF,27,2,
Donley County,US.TX.DO,27,0,
Clare County,US.MI.CE,27,3,
Park County,US.CO.PA,27,0,
Wise County,US.VA.WI,27,2,
Beltrami County,US.MN.BT,27,0,
Ford County,US.IL.FO,27,1,
Iowa County,US.WI.IO,27,0,
Inyo County,US.CA.IN,27,1,
Lafayette County,US.FL.LF,27,0,
Columbia County,US.OR.CL,27,0,
McKenzie County,US.ND.MK,27,0,
Wayne County,US.NE.WY,27,0,
Grainger County,US.TN.GA,27,0,
Taylor County,US.GA.TY,27,2,
Cheboygan County,US.MI.CY,27,2,
Crockett County,US.TN.CK,27,3,
Webster County,US.MO.WE,26,1,
Floyd County,US.KY.FO,26,0,
Gates County,US.NC.GT,26,2,
Doniphan County,US.KS.DP,26,0,
Jackson County,US.AR.JA,26,0,
Gray County,US.KS.GY,26,0,
Roscommon County,US.MI.RO,26,0,
Lewis County,US.NY.LE,26,5,
Charlevoix County,US.MI.CV,26,2,
Siskiyou County,US.CA.SK,26,0,
Osceola County,US.MI.OE,26,0,
Anderson County,US.KY.AN,26,1,
Cascade County,US.MT.CS,26,2,
Blanco County,US.TX.BC,26,1,
Perry County,US.OH.PE,26,1,
Jefferson County,US.KS.JF,26,0,
Missaukee County,US.MI.MU,26,1,
Perry County,US.AR.PY,26,0,
Jackson County,US.WI.JA,26,1,
Gladwin County,US.MI.GL,26,1,
Kingfisher County,US.OK.KN,25,0,
Falls County,US.TX.FL,25,0,
Lewis and Clark County,US.MT.LE,25,0,
Marshall County,US.OK.MH,25,0,
Yellow Medicine County,US.MN.YE,25,0,
Meade County,US.KY.MA,25,2,
Marion County,US.TX.MN,25,1,
Mitchell County,US.NC.MI,25,0,
Cleveland County,US.AR.CV,25,0,
Todd County,US.KY.TO,25,0,
Ravalli County,US.MT.RA,25,0,
Fountain County,US.IN.FO,25,2,
Cannon County,US.TN.CN,25,0,
Converse County,US.WY.CE,25,0,
Park County,US.WY.PA,25,0,
Laclede County,US.MO.LD,25,0,
Ray County,US.MO.RY,25,0,
Custer County,US.MT.CU,25,0,
Bureau County,US.IL.BU,24,1,
Palo Alto County,US.IA.PO,24,0,
Miami County,US.KS.MI,24,0,
Cherokee County,US.KS.CK,24,0,
Benton County,US.MS.BE,24,0,
Schley County,US.GA.SY,24,1,
Grays Harbor County,US.WA.GY,24,0,
Breckinridge County,US.KY.BC,24,2,
Morrill County,US.NE.MO,24,0,
Bonner County,US.ID.BR,24,0,
Nemaha County,US.KS.NM,24,0,
Sheridan County,US.WY.SH,24,0,
Henry County,US.OH.HE,24,0,
Winneshiek County,US.IA.WH,24,0,
Fillmore County,US.MN.FI,24,0,
Chickasaw County,US.IA.CC,24,0,
Whitley County,US.KY.WH,24,0,
McLean County,US.KY.ML,24,1,
Arkansas County,US.AR.AR,24,0,
Pocahontas County,US.WV.PO,24,0,
Lincoln County,US.KY.LN,24,1,
Cleburne County,US.AL.CB,24,1,
Tensas Parish,US.LA.TN,24,0,
Turner County,US.SD.TU,24,0,
Sequatchie County,US.TN.SQ,24,0,
Knox County,US.ME.KN,24,1,
Trigg County,US.KY.TG,23,0,
Phelps County,US.NE.PH,23,0,
Twiggs County,US.GA.TG,23,1,
Brown County,US.MN.BR,23,2,
Mercer County,US.KY.MC,23,0,
Menard County,US.IL.MN,23,0,
Morgan County,US.TN.MG,23,1,
Camden County,US.NC.CD,23,0,
King and Queen County,US.VA.KA,23,1,
Fayette County,US.IL.FA,23,3,
Neosho County,US.KS.NO,23,0,
Aroostook County,US.ME.AR,23,1,
Lincoln County,US.ME.LI,23,0,
Tillman County,US.OK.TI,23,1,
Freestone County,US.TX.FE,23,0,
Faulk County,US.SD.FU,23,1,
Clinton County,US.MO.CO,23,0,
Mariposa County,US.CA.MP,23,1,
Tioga County,US.PA.TI,23,2,
Franklin County,US.ID.FA,23,0,
Haskell County,US.KS.HS,23,0,
Boone County,US.AR.BO,22,1,
Logan County,US.WV.LO,22,1,
Tuolumne County,US.CA.TO,22,0,
Phelps County,US.MO.PH,22,0,
Floyd County,US.TX.FY,22,0,
Carter County,US.KY.CR,22,0,
Douglas County,US.WI.DG,22,0,
Vinton County,US.OH.VI,22,2,
Paulding County,US.OH.PA,22,0,
Treutlen County,US.GA.TE,22,1,
Wabash County,US.IL.WB,22,0,
Switzerland County,US.IN.SW,22,0,
Parke County,US.IN.PA,22,0,
Carbon County,US.WY.CB,22,1,
Jackson County,US.TN.JA,22,0,
Young County,US.TX.YU,22,1,
Otero County,US.CO.OT,22,1,
Martin County,US.IN.MN,22,0,
Mason County,US.IL.MS,22,0,
Jackson County,US.IA.JC,21,0,
Ida County,US.IA.ID,21,0,
Sabine County,US.TX.SB,21,1,
Alcona County,US.MI.AC,21,1,
Alexander County,US.IL.AL,21,0,
Jefferson County,US.PA.JE,21,1,
Knox County,US.NE.KN,21,0,
Yoakum County,US.TX.YA,21,0,
Benewah County,US.ID.BA,21,0,
Hancock County,US.WV.HN,21,0,
Barton County,US.MO.BT,21,0,
Ketchikan Gateway Borough,US.AK.KG,21,0,
Hartley County,US.TX.HL,21,2,
Washington County,US.KY.WS,21,0,
Stanton County,US.NE.ST,21,0,
Sioux County,US.ND.SI,21,0,
Millard County,US.UT.MD,21,0,
Van Wert County,US.OH.VA,21,0,
Live Oak County,US.TX.LK,21,0,
Carroll County,US.IL.CL,21,2,
Walsh County,US.ND.WL,21,0,
Moody County,US.SD.MO,21,0,
Sharkey County,US.MS.SH,21,0,
Delta County,US.MI.DE,21,3,
Tyler County,US.TX.TY,21,0,
Gem County,US.ID.GE,21,0,
Washington County,US.MO.WS,21,1,
San Miguel County,US.NM.SM,20,0,
Knox County,US.KY.KX,20,0,
Waushara County,US.WI.WS,20,0,
Rappahannock County,US.VA.RP,20,0,
Morgan County,US.WV.MA,20,0,
Amador County,US.CA.AM,20,0,
Johnson County,US.IL.JH,20,0,
Swift County,US.MN.SW,20,1,
Leon County,US.TX.LN,20,0,
Leelanau County,US.MI.LE,20,0,
Asotin County,US.WA.AS,20,2,
Pike County,US.OH.PK,20,0,
Johnson County,US.WY.JO,20,1,
Wilkin County,US.MN.WL,20,3,
Page County,US.IA.PG,20,0,
Wexford County,US.MI.WE,20,3,
Appanoose County,US.IA.AP,20,3,
Mercer County,US.IL.ME,20,0,
Adams County,US.OH.AD,20,1,
Costilla County,US.CO.CS,20,0,
Nolan County,US.TX.NO,20,0,
Boone County,US.WV.BN,20,0,
Guadalupe County,US.NM.GU,20,0,
Webster County,US.GA.WT,20,1,
Izard County,US.AR.IZ,20,1,
Karnes County,US.TX.KS,19,0,
Stewart County,US.TN.SA,19,0,
Lake County,US.SD.LK,19,1,
Fulton County,US.KY.FU,19,0,
Prairie County,US.AR.PR,19,0,
Ellis County,US.KS.EL,19,0,
Claiborne County,US.TN.CI,19,0,
Henry County,US.MO.HE,19,3,
Chowan County,US.NC.CW,19,0,
Barnes County,US.ND.BA,19,0,
San Juan County,US.WA.SA,19,0,
Rowan County,US.KY.RW,19,0,
Norman County,US.MN.NR,19,0,
Keokuk County,US.IA.KE,19,1,
Lyon County,US.KY.LY,19,3,
Washington County,US.IL.WG,19,0,
Transylvania County,US.NC.TR,19,1,
Piatt County,US.IL.PA,19,0,
Lampasas County,US.TX.LP,19,0,
Caledonia County,US.VT.CA,19,0,
Craig County,US.OK.CG,19,0,
Ouachita County,US.AR.OU,19,0,
Warren County,US.GA.WR,19,0,
Reeves County,US.TX.RE,19,0,
Renville County,US.MN.RN,19,1,
Humphreys County,US.TN.HU,19,1,
Hamilton County,US.TX.HM,19,1,
Rockcastle County,US.KY.RC,18,0,
Crawford County,US.IL.CW,18,0,
Van Buren County,US.IA.VA,18,0,
Harlan County,US.KY.HL,18,2,
Nelson County,US.VA.NL,18,0,
Lawrence County,US.SD.LW,18,0,
Evans County,US.GA.EV,18,0,
Winnebago County,US.IA.WB,18,0,
Clear Creek County,US.CO.CL,18,1,
Grundy County,US.MO.GU,18,0,
Fulton County,US.PA.FU,18,1,
Zavala County,US.TX.ZV,18,0,
Morgan County,US.UT.MN,18,0,
Baxter County,US.AR.BA,18,0,
Lewis County,US.KY.LI,18,0,
Oneida County,US.WI.ON,18,0,
Buchanan County,US.VA.BH,18,0,
Cheyenne County,US.NE.CY,18,0,
Antrim County,US.MI.AN,18,0,
Hancock County,US.IL.HC,18,1,
Grand County,US.CO.GR,18,0,
Brule County,US.SD.BU,18,0,
Pamlico County,US.NC.PM,18,0,
Decatur County,US.TN.DC,17,0,
Howard County,US.IA.HO,17,0,
Prowers County,US.CO.PR,17,0,
Corson County,US.SD.CO,17,0,
Jefferson County,US.ID.JF,17,0,
Moultrie County,US.IL.MI,17,0,
Montague County,US.TX.MU,17,1,
McCreary County,US.KY.MR,17,0,
Greenlee County,US.AZ.GE,17,1,
Ransom County,US.ND.RN,17,0,
Houston County,US.MN.HO,17,0,
Jackson County,US.OH.JA,17,0,
Colusa County,US.CA.CL,17,0,
Ripley County,US.MO.RI,17,0,
Benton County,US.MO.BN,17,0,
Palo Pinto County,US.TX.PO,17,2,
Carbon County,US.MT.CB,17,0,
Poquoson city,US.VA.PQ,17,0,
Lincoln County,US.WY.LI,17,0,
Union County,US.IA.UN,17,0,
Ste. Genevieve County,US.MO.SG,17,1,
Nodaway County,US.MO.NO,17,0,
Gulf County,US.FL.GU,17,0,
Hancock County,US.KY.HC,17,0,
Garrard County,US.KY.GR,17,0,
Venango County,US.PA.VE,17,0,
Grant County,US.NM.GR,17,0,
Bracken County,US.KY.BK,17,0,
Montgomery County,US.MO.MM,16,0,
Hancock County,US.ME.HA,16,1,
Shelby County,US.IL.SB,16,1,
Wheeler County,US.TX.WL,16,0,
Chester County,US.TN.CS,16,0,
Mason County,US.WV.MN,16,0,
Callahan County,US.TX.AL,16,2,
Otoe County,US.NE.OT,16,0,
Traill County,US.ND.TR,16,0,
Pipestone County,US.MN.PS,16,0,
Scott County,US.KS.SC,16,0,
Mingo County,US.WV.MO,16,2,
Grant County,US.WV.GA,16,0,
Bourbon County,US.KS.BB,16,1,
Currituck County,US.NC.CI,16,0,
Manistee County,US.MI.ME,16,0,
Stevens County,US.WA.ST,16,1,
Bandera County,US.TX.BA,16,0,
Power County,US.ID.PO,16,0,
Teton County,US.ID.TE,16,0,
Vernon County,US.MO.VE,16,0,
Audubon County,US.IA.AU,16,1,
Atoka County,US.OK.AT,16,0,
Murray County,US.OK.MR,16,0,
Terry County,US.TX.TE,16,0,
Cass County,US.IA.CS,16,0,
Franklin County,US.AR.FR,16,0,
Richland County,US.WI.RI,15,4,
Oscoda County,US.MI.OO,15,1,
Crosby County,US.TX.CB,15,1,
Phillips County,US.CO.PH,15,0,
Floyd County,US.VA.FO,15,1,
Hudspeth County,US.TX.HU,15,0,
Lewis County,US.WV.LE,15,2,
Mitchell County,US.IA.ME,15,0,
Fentress County,US.TN.FE,15,0,
Lafayette County,US.AR.LF,15,1,
Blaine County,US.OK.BL,15,0,
Potter County,US.PA.PO,15,0,
Juab County,US.UT.JU,15,0,
McKean County,US.PA.MC,15,1,
Larue County,US.KY.LR,15,1,
Gaines County,US.TX.GS,15,0,
Quitman County,US.GA.QU,15,1,
Fulton County,US.IL.FU,15,0,
Thomas County,US.KS.TH,15,0,
Casey County,US.KY.CS,15,0,
Pendleton County,US.KY.PN,15,0,
Fleming County,US.KY.FE,15,0,
Middlesex County,US.VA.MI,15,0,
Barbour County,US.WV.BB,15,1,
Tripp County,US.SD.TR,15,0,
Wadena County,US.MN.WD,15,0,
Adair County,US.IA.AI,14,0,
Buena Vista city,US.VA.BE,14,0,
Ballard County,US.KY.BA,14,0,
Presidio County,US.TX.PS,14,0,
Menominee County,US.MI.MM,14,0,
Scott County,US.TN.SC,14,0,
Adams County,US.WI.AD,14,2,
Ohio County,US.IN.OH,14,0,
Cooper County,US.MO.CP,14,0,
Big Stone County,US.MN.BI,14,0,
Warren County,US.IN.WN,14,1,
Linn County,US.KS.LN,14,0,
Marion County,US.MO.MO,14,0,
Upshur County,US.WV.UP,14,0,
Wright County,US.MO.WG,14,0,
Linn County,US.MO.LN,14,1,
Carbon County,US.UT.CR,14,0,
Orleans County,US.VT.OL,14,0,
Taylor County,US.WV.TA,14,0,
Surry County,US.VA.SR,14,1,
Nantucket County,US.MA.NA,14,1,
Comanche County,US.TX.CE,14,1,
Letcher County,US.KY.LT,14,0,
Clark County,US.IL.CK,14,0,
Redwood County,US.MN.RW,14,0,
Vermillion County,US.IN.VE,13,0,
Silver Bow County,US.MT.SI,13,0,
Wayne County,US.KY.WY,13,0,
Schuyler County,US.IL.SU,13,0,
Union County,US.IN.UN,13,0,
Stone County,US.AR.ST,13,0,
Tazewell County,US.VA.TA,13,0,
LaMoure County,US.ND.LA,13,0,
Baca County,US.CO.BA,13,0,
Clay County,US.TN.CY,13,0,
Grant County,US.SD.GA,13,0,
Fillmore County,US.NE.FI,13,1,
Logan County,US.IL.LO,13,0,
Gosper County,US.NE.GO,13,0,
Caldwell County,US.KY.CD,13,0,
Polk County,US.MO.PO,13,0,
Kanabec County,US.MN.KA,13,1,
Clark County,US.SD.CK,13,0,
Franklin County,US.IL.FR,13,0,
Cedar County,US.NE.CA,13,0,
Kearney County,US.NE.KA,13,0,
Duchesne County,US.UT.DU,13,0,
Pendleton County,US.WV.PE,13,1,
Morgan County,US.MO.MG,13,0,
Dunn County,US.ND.DU,13,0,
Bollinger County,US.MO.BI,13,0,
Aitkin County,US.MN.AI,13,0,
Day County,US.SD.DY,13,0,
Lake County,US.MT.LA,13,0,
Sanborn County,US.SD.SA,12,0,
Okfuskee County,US.OK.OF,12,0,
Garfield County,US.UT.GA,12,1,
Lake County,US.OR.LK,12,0,
Menifee County,US.KY.ME,12,0,
Polk County,US.NE.PO,12,0,
Benton County,US.TN.BN,12,1,
Harrison County,US.OH.HR,12,1,
Bates County,US.MO.BS,12,1,
Marquette County,US.WI.MQ,12,1,
Harrison County,US.MO.HS,12,0,
Pacific County,US.WA.PA,12,1,
Marshall County,US.MN.MS,12,0,
Big Horn County,US.WY.BI,12,0,
Wayne County,US.IL.WY,12,1,
Woodward County,US.OK.WW,12,0,
Stone County,US.MO.SE,12,0,
Hot Springs County,US.WY.HO,12,0,
Winkler County,US.TX.WI,12,0,
Newton County,US.TX.NE,12,0,
Bath County,US.KY.BH,12,1,
Bond County,US.IL.BN,12,1,
Grand County,US.UT.GR,12,0,
Miller County,US.MO.ML,12,0,
Stanley County,US.SD.ST,12,0,
Randolph County,US.MO.RN,12,0,
Elk County,US.PA.EL,12,0,
Jim Hogg County,US.TX.JG,12,0,
Schuyler County,US.NY.SU,12,0,
Schleicher County,US.TX.SH,12,0,
Lassen County,US.CA.LS,12,0,
Conejos County,US.CO.CN,12,0,
Presque Isle County,US.MI.PR,12,0,
Sawyer County,US.WI.SW,12,0,
Ward County,US.TX.WD,12,0,
Dallas County,US.MO.DL,12,1,
Ringgold County,US.IA.RI,12,0,
Aransas County,US.TX.AA,12,0,
Roane County,US.WV.RO,11,1,
Carroll County,US.MO.CL,11,0,
Beckham County,US.OK.BC,11,0,
Gilmer County,US.WV.GI,11,0,
Effingham County,US.IL.EF,11,1,
Hamlin County,US.SD.HM,11,0,
Union County,US.TN.UO,11,0,
Latah County,US.ID.LA,11,0,
Cass County,US.MN.CS,11,2,
Greenwood County,US.KS.GW,11,0,
Osage County,US.KS.OS,11,0,
Valley County,US.ID.VA,11,0,
McLean County,US.ND.ML,11,0,
Houghton County,US.MI.HO,11,0,
Garza County,US.TX.GR,11,0,
Livingston County,US.MO.LV,11,0,
Brown County,US.KS.BR,11,0,
Sitka City and Borough,US.AK.SI,11,0,
Radford city,US.VA.RD,11,0,
Burt County,US.NE.BT,11,0,
McCormick County,US.SC.MC,11,1,
Sierra County,US.NM.SI,11,0,
Spink County,US.SD.SP,11,0,
Lincoln County,US.NM.LI,11,0,
Rusk County,US.WI.RU,11,0,
Churchill County,US.NV.CH,11,1,
Bon Homme County,US.SD.BH,11,0,
Crawford County,US.MO.CF,11,0,
Sumner County,US.KS.SU,11,1,
Moffat County,US.CO.MF,10,0,
Wetzel County,US.WV.WT,10,0,
Taylor County,US.WI.TA,10,0,
Houston County,US.TN.HO,10,0,
Meigs County,US.OH.MS,10,0,
Monroe County,US.AR.ME,10,0,
Scotland County,US.MO.SO,10,1,
Bosque County,US.TX.BQ,10,0,
Grand Isle County,US.VT.GR,10,0,
DeKalb County,US.MO.DE,10,0,
Hutchinson County,US.SD.HT,10,0,
Montgomery County,US.IA.MG,10,2,
Monroe County,US.WV.ME,10,0,
Johnson County,US.KY.JO,10,0,
Koochiching County,US.MN.KO,10,0,
Garrett County,US.MD.GA,10,0,
Pope County,US.MN.PE,10,0,
Richland County,US.MT.RI,10,0,
Johnston County,US.OK.JO,10,0,
Stanton County,US.KS.ST,10,0,
Clay County,US.WV.CY,10,1,
Adams County,US.ID.AM,10,0,
Refugio County,US.TX.RF,10,0,
Ramsey County,US.ND.RM,10,1,
Rolette County,US.ND.RO,10,0,
Lexington city,US.VA.LX,10,0,
Vilas County,US.WI.VI,10,0,
Pushmataha County,US.OK.PU,10,0,
Fall River County,US.SD.FL,10,0,
McCook County,US.SD.MC,10,1,
Lancaster County,US.VA.LA,10,0,
Furnas County,US.NE.FU,10,1,
Cumberland County,US.IL.CU,10,0,
Gallia County,US.OH.GA,10,1,
Ouray County,US.CO.OU,10,1,
Cloud County,US.KS.CD,10,0,
Fulton County,US.AR.FU,10,0,
Marion County,US.KS.MN,10,1,
Brown County,US.IL.BR,10,0,
Madison County,US.NC.MD,9,0,
Massac County,US.IL.MA,9,0,
Lee County,US.VA.LE,9,0,
Martin County,US.TX.MT,9,1,
Hodgeman County,US.KS.HG,9,0,
Caribou County,US.ID.CR,9,0,
Scott County,US.VA.SC,9,2,
Greene County,US.IL.GE,9,0,
Colfax County,US.NM.CO,9,1,
Crook County,US.OR.CR,9,0,
Caldwell County,US.MO.CW,9,0,
Metcalfe County,US.KY.MT,9,2,
Dawson County,US.MT.DW,9,0,
Brooke County,US.WV.BO,9,0,
Lipscomb County,US.TX.LM,9,0,
Livingston County,US.KY.LV,9,0,
Wilbarger County,US.TX.WG,9,0,
Lincoln County,US.WI.LI,9,0,
Duval County,US.TX.DU,9,0,
Latimer County,US.OK.LA,9,1,
Rosebud County,US.MT.RS,9,1,
Orange County,US.VT.OA,9,0,
Cedar County,US.MO.CD,9,0,
Kimball County,US.NE.KB,9,0,
Jefferson County,US.NE.JE,9,0,
Gasconade County,US.MO.GA,9,0,
Park County,US.MT.PA,9,0,
Dimmit County,US.TX.DM,9,0,
Russell County,US.VA.RU,9,0,
Antelope County,US.NE.AN,9,1,
Walworth County,US.SD.WA,9,0,
Clay County,US.NC.CY,9,0,
Pembina County,US.ND.PE,9,0,
Ralls County,US.MO.RL,9,0,
Emery County,US.UT.EM,9,0,
Scott County,US.AR.SC,9,0,
Graham County,US.NC.GH,9,0,
Decatur County,US.IA.DC,9,0,
Madison County,US.MT.MA,8,1,
Worth County,US.IA.WT,8,0,
Valley County,US.NE.VA,8,0,
Childress County,US.TX.CD,8,0,
Major County,US.OK.MJ,8,1,
Crittenden County,US.KY.CT,8,1,
Beaver County,US.UT.BV,8,0,
Edgar County,US.IL.EG,8,0,
Pike County,US.AR.PE,8,0,
Columbia County,US.WA.CM,8,0,
Rains County,US.TX.RI,8,0,
Leslie County,US.KY.LS,8,0,
Haskell County,US.OK.HS,8,0,
La Salle County,US.TX.LS,8,0,
Henderson County,US.IL.HD,8,0,
Dickinson County,US.KS.DK,8,0,
Avery County,US.NC.AV,8,0,
Wallowa County,US.OR.WW,8,0,
Eastland County,US.TX.EA,8,0,
Archuleta County,US.CO.AC,8,0,
Roosevelt County,US.MT.RO,8,0,
Mackinac County,US.MI.MK,8,0,
Daviess County,US.MO.DV,8,0,
Morgan County,US.KY.MG,8,0,
Tyrrell County,US.NC.TY,8,0,
Goliad County,US.TX.GI,8,0,
Breathitt County,US.KY.BT,8,0,
Giles County,US.VA.GI,8,0,
Wells County,US.ND.WE,8,0,
McCulloch County,US.TX.MC,8,0,
Saline County,US.IL.SE,8,0,
Nicholas County,US.WV.NI,8,1,
Miner County,US.SD.ME,8,0,
Gilpin County,US.CO.GI,7,0,
Tillamook County,US.OR.TI,7,0,
Lincoln County,US.MN.LI,7,0,
Glacier County,US.MT.GC,7,0,
Knott County,US.KY.KT,7,0,
Las Animas County,US.CO.LS,7,0,
Morton County,US.KS.MT,7,0,
Lincoln County,US.MT.LN,7,1,
Benzie County,US.MI.BE,7,0,
Crook County,US.WY.CK,7,0,
Boone County,US.NE.BO,7,0,
Morgan County,US.OH.MA,7,0,
Dickinson County,US.MI.DI,7,2,
Rooks County,US.KS.RO,7,0,
Hughes County,US.OK.HU,7,0,
Searcy County,US.AR.SA,7,0,
Lewis County,US.MO.LE,7,1,
Republic County,US.KS.RP,7,0,
Adams County,US.IA.AM,7,0,
Wayne County,US.IA.WY,7,0,
Clearwater County,US.MN.CE,7,0,
Llano County,US.TX.LL,7,0,
Noble County,US.OH.NO,7,0,
Hand County,US.SD.HD,7,0,
Marshall County,US.IL.MH,7,0,
Coal County,US.OK.CL,7,0,
Pierce County,US.NE.PI,7,0,
Sherman County,US.KS.SH,7,0,
Union County,US.NM.UN,7,0,
Langlade County,US.WI.LN,7,0,
Custer County,US.SD.CU,7,0,
Macon County,US.MO.MN,7,0,
Jack County,US.TX.JK,7,0,
Buffalo County,US.WI.BF,7,2,
Bell County,US.KY.BL,7,0,
Wyoming County,US.WV.WY,7,0,
Forest County,US.PA.FO,7,0,
Curry County,US.OR.CU,7,0,
Stephens County,US.TX.SE,7,0,
Lake County,US.MI.LK,7,0,
Los Alamos County,US.NM.LO,7,0,
Plumas County,US.CA.PU,7,0,
Mahnomen County,US.MN.MH,7,1,
Kingsbury County,US.SD.KI,6,0,
Webster County,US.NE.WE,6,0,
Lawrence County,US.IL.LW,6,0,
Carson County,US.TX.CN,6,0,
Kiowa County,US.OK.KO,6,1,
Hyde County,US.NC.HE,6,0,
Clay County,US.KS.CY,6,1,
Carter County,US.MO.CR,6,1,
Kane County,US.UT.KA,6,0,
Chariton County,US.MO.CI,6,0,
Jackson County,US.SD.JA,6,1,
Mercer County,US.MO.MC,6,0,
Lawrence County,US.KY.LC,6,0,
Pickett County,US.TN.PI,6,0,
Bethel Census Area,US.AK.BE,6,0,
Woodruff County,US.AR.WO,6,0,
Woodson County,US.KS.WO,6,0,
Oregon County,US.MO.OR,6,0,
Osage County,US.MO.OS,6,0,
Owen County,US.KY.OE,6,0,
Pershing County,US.NV.PE,6,0,
Fremont County,US.IA.FO,6,0,
Franklin County,US.NE.FA,6,0,
Van Buren County,US.TN.VA,6,0,
Sargent County,US.ND.SG,6,0,
Pike County,US.IN.PI,6,0,
Franklin County,US.FL.FR,6,0,
Powell County,US.KY.PO,6,0,
Pratt County,US.KS.PR,6,0,
Quay County,US.NM.QU,6,1,
Roseau County,US.MN.RS,6,0,
Red Willow County,US.NE.RE,6,0,
Edwards County,US.KS.ED,6,0,
Edmunds County,US.SD.ED,6,0,
Gogebic County,US.MI.GO,6,1,
Johnson County,US.NE.JO,6,0,
Cumberland County,US.KY.CU,6,0,
Hanson County,US.SD.HS,6,0,
Hamilton County,US.NY.HA,6,1,
Craig County,US.VA.CG,6,0,
Grant County,US.MN.GR,6,0,
Cotton County,US.OK.CT,6,2,
Shannon County,US.MO.SN,6,0,
Sioux County,US.NE.SI,6,0,
McDowell County,US.WV.MC,6,0,
Coos County,US.NH.CO,6,0,
Trimble County,US.KY.TM,6,0,
Tucker County,US.WV.TU,6,0,
Hemphill County,US.TX.HH,6,0,
Dallas County,US.AR.DA,6,0,
Mercer County,US.ND.ME,6,0,
Wahkiakum County,US.WA.WH,5,0,
Jefferson County,US.OK.JE,5,0,
Hickman County,US.KY.HA,5,0,
Concho County,US.TX.ON,5,0,
Collingsworth County,US.TX.CG,5,0,
Eddy County,US.ND.ED,5,0,
Crockett County,US.TX.CT,5,0,
Goshen County,US.WY.GO,5,0,
Clinton County,US.KY.CO,5,0,
Traverse County,US.MN.TR,5,0,
Fremont County,US.ID.FE,5,0,
Dewey County,US.OK.DW,5,0,
Howard County,US.MO.HR,5,0,
Issaquena County,US.MS.IS,5,0,
Iron County,US.MI.IR,5,0,
Hubbard County,US.MN.HU,5,0,
Warren County,US.PA.WR,5,0,
Coke County,US.TX.OK,5,1,
Glascock County,US.GA.GS,5,0,
Glasscock County,US.TX.GC,5,0,
Delta County,US.TX.DT,5,0,
Lewis County,US.TN.LE,5,0,
Menominee County,US.WI.MN,5,0,
Somervell County,US.TX.SV,5,0,
Lane County,US.KS.LE,5,0,
Mineral County,US.CO.MI,5,0,
Runnels County,US.TX.RN,5,0,
Carlisle County,US.KY.CE,5,1,
Archer County,US.TX.AC,5,0,
Bottineau County,US.ND.BT,5,0,
Woods County,US.OK.WS,5,0,
Pleasants County,US.WV.PL,5,0,
Lincoln County,US.WV.LI,5,0,
Monroe County,US.MO.MR,5,0,
Ottawa County,US.KS.OT,5,0,
Matthews County,US.VA.MT,5,0,
Martin County,US.KY.MI,5,0,
Marshall County,US.SD.MS,5,0,
Burke County,US.ND.BK,5,0,
Newton County,US.AR.NW,5,0,
Magoffin County,US.KY.MF,5,0,
Sherman County,US.NE.SM,5,0,
Lake County,US.MN.LE,5,0,
Broadwater County,US.MT.BR,5,0,
Schuyler County,US.MO.SH,5,0,
Richardson County,US.NE.RI,5,1,
Nome Census Area,US.AK.NM,5,0,
Moore County,US.TN.MO,5,0,
Cheyenne County,US.CO.CE,5,0,
Renville County,US.ND.RE,5,0,
Nicholas County,US.KY.NI,5,0,
Montmorency County,US.MI.MR,5,0,
Sublette County,US.WY.SU,5,0,
Nemaha County,US.NE.NE,5,0,
Clay County,US.TX.CY,5,0,
Morris County,US.KS.MR,5,0,
Dewey County,US.SD.DW,4,0,
Marion County,US.AR.MN,4,0,
Deer Lodge County,US.MT.DE,4,0,
Bennett County,US.SD.BN,4,0,
Nance County,US.NE.NA,4,0,
San Saba County,US.TX.SS,4,0,
Maries County,US.MO.MS,4,0,
De Witt County,US.IL.DW,4,0,
Garden County,US.NE.GD,4,0,
Wirt County,US.WV.WI,4,0,
Schoolcraft County,US.MI.SR,4,0,
Oldham County,US.TX.OL,4,1,
McPherson County,US.SD.MP,4,0,
Green County,US.KY.GN,4,1,
Bent County,US.CO.BE,4,0,
Norton city,US.VA.NC,4,0,
Jewell County,US.KS.JW,4,0,
Washburn County,US.WI.WR,4,0,
North Slope Borough,US.AK.NH,4,0,
Hardeman County,US.TX.RD,4,0,
Mineral County,US.NV.MI,4,0,
Montgomery County,US.AR.MT,4,0,
Mitchell County,US.KS.MC,4,0,
Mitchell County,US.TX.MH,4,0,
Northwest Arctic Borough,US.AK.NW,4,0,
Petersburg Census Area,US.AK.PB,4,1,
Ness County,US.KS.NS,4,0,
Bristol city,US.VA.BI,4,0,
Stillwater County,US.MT.ST,4,0,
Huerfano County,US.CO.HU,4,0,
White County,US.IL.WE,4,0,
Estill County,US.KY.ES,4,0,
Worth County,US.MO.WO,4,0,
Lincoln County,US.CO.LI,4,0,
Texas County,US.MO.TE,4,0,
Emmons County,US.ND.EM,4,1,
Allen County,US.KS.AL,4,0,
Chase County,US.KS.CS,4,0,
Douglas County,US.SD.DO,4,0,
Kiowa County,US.KS.KW,4,0,
Chautauqua County,US.KS.CQ,4,0,
Baraga County,US.MI.BA,4,0,
Dickey County,US.ND.DC,4,0,
Skamania County,US.WA.SM,4,0,
Haskell County,US.TX.HK,4,0,
Pierce County,US.ND.PI,4,0,
Rice County,US.KS.RC,4,0,
Cottle County,US.TX.OT,4,1,
Richland County,US.IL.RI,4,0,
Lac Qui Parle County,US.MN.LC,4,0,
Elliott County,US.KY.EL,3,0,
Reagan County,US.TX.RG,3,0,
Ellsworth County,US.KS.EW,3,0,
Red Lake County,US.MN.RD,3,0,
Rich County,US.UT.RH,3,0,
Roberts County,US.TX.RS,3,0,
Douglas County,US.MO.DO,3,0,
Anderson County,US.KS.AN,3,0,
Essex County,US.VT.ES,3,0,
Wrangell City and Borough,US.AK.WG,3,0,
Phillips County,US.KS.PL,3,0,
Pend Oreille County,US.WA.PE,3,0,
Pawnee County,US.KS.PN,3,0,
Deuel County,US.SD.DU,3,0,
Bayfield County,US.WI.BY,3,1,
Piscataquis County,US.ME.PI,3,0,
Benson County,US.ND.BE,3,0,
Dent County,US.MO.DN,3,0,
Florence County,US.WI.FL,3,0,
Atchison County,US.MO.AT,3,0,
Ashland County,US.WI.AS,3,0,
Armstrong County,US.TX.AM,3,0,
Fergus County,US.MT.FE,3,0,
Norton County,US.KS.NT,3,0,
Sutton County,US.TX.ST,3,0,
Menard County,US.TX.EN,3,0,
Madison County,US.MO.MD,3,0,
Highland County,US.VA.HA,3,0,
Luce County,US.MI.LU,3,0,
Sullivan County,US.PA.SL,3,0,
Slope County,US.ND.SL,3,0,
Smith County,US.KS.SM,3,0,
Washita County,US.OK.WT,3,0,
Golden Valley County,US.MT.GO,3,0,
Southeast Fairbanks Census Area,US.AK.SO,3,0,
Rio Blanco County,US.CO.RB,3,0,
Iron County,US.WI.IR,3,1,
Covington city,US.VA.CV,3,0,
Hinsdale County,US.CO.HI,3,0,
White Pine County,US.NV.WH,3,0,
Coleman County,US.TX.CM,3,0,
Stark County,US.IL.SA,3,0,
Holt County,US.NE.HT,3,0,
Stevens County,US.MN.SV,3,0,
Iron County,US.MO.IR,3,0,
Idaho County,US.ID.ID,3,0,
Kodiak Island Borough,US.AK.KO,3,0,
Hyde County,US.SD.HY,3,0,
Custer County,US.ID.CU,3,0,
Culberson County,US.TX.UL,3,0,
Greeley County,US.NE.GE,3,0,
Box Butte County,US.NE.BX,3,0,
Jefferson County,US.MT.JE,3,0,
McHenry County,US.ND.MH,3,1,
Brooks County,US.TX.BK,3,0,
Wayne County,US.MO.WY,3,0,
Braxton County,US.WV.BX,3,0,
Hamilton County,US.IL.HM,3,0,
Chippewa County,US.MI.CP,3,0,
Shelby County,US.MO.SB,3,0,
Hancock County,US.TN.HC,3,0,
Tyler County,US.WV.TY,3,0,
Sheridan County,US.KS.SD,3,0,
Mellette County,US.SD.ML,3,0,
Clark County,US.MO.CK,2,0,
Clay County,US.IL.CY,2,0,
Cheyenne County,US.KS.CN,2,0,
Alger County,US.MI.AG,2,0,
Yukon-Koyukuk Census Area,US.AK.YU,2,0,
Wolfe County,US.KY.WL,2,0,
Calhoun County,US.WV.CH,2,0,
Cavalier County,US.ND.CV,2,0,
Alpine County,US.CA.AP,2,0,
Catron County,US.NM.CA,2,1,
Cameron County,US.PA.CE,2,0,
Comanche County,US.KS.CM,2,0,
Burnett County,US.WI.BN,2,1,
Baylor County,US.TX.BR,2,0,
Dickens County,US.TX.DC,2,0,
Briscoe County,US.TX.BO,2,0,
Custer County,US.CO.CU,2,0,
Washington County,US.ME.WS,2,0,
Dawes County,US.NE.DS,2,0,
Bland County,US.VA.BL,2,0,
Ritchie County,US.WV.RI,2,0,
Ziebach County,US.SD.ZI,2,0,
Niobrara County,US.WY.NI,2,0,
Prince of Wales-Hyder Census Area,US.AK.PH,2,0,
Lemhi County,US.ID.LM,2,0,
Grant County,US.ND.GT,2,0,
Grant County,US.OK.GN,2,0,
Pike County,US.IL.PK,2,0,
Edwards County,US.IL.EW,2,0,
Gregory County,US.SD.GE,2,0,
Trinity County,US.CA.TR,2,0,
Griggs County,US.ND.GI,2,0,
Haines Borough,US.AK.HA,2,0,
Storey County,US.NV.ST,2,0,
Treasure County,US.MT.TR,2,0,
Hall County,US.TX.HA,2,1,
Knox County,US.MO.KN,2,0,
Kittson County,US.MN.KI,2,0,
Kinney County,US.TX.KN,2,0,
Harper County,US.KS.HP,2,0,
Pondera County,US.MT.PN,2,0,
Osborne County,US.KS.OB,2,0,
Platte County,US.WY.PL,2,0,
Owsley County,US.KY.OS,2,0,
Kimble County,US.TX.KM,2,0,
Piute County,US.UT.PT,2,0,
Kidder County,US.ND.KI,2,0,
St. Clair County,US.MO.SC,2,0,
Keith County,US.NE.KT,2,0,
Price County,US.WI.PC,2,0,
Taliaferro County,US.GA.TA,2,0,
Fisher County,US.TX.FH,2,1,
Lincoln County,US.NV.LI,2,0,
Sheridan County,US.NE.SD,2,0,
Foster County,US.ND.FO,2,0,
Lincoln County,US.WA.LI,2,0,
Reynolds County,US.MO.RE,2,0,
Upton County,US.TX.UP,2,0,
Gallatin County,US.IL.GA,2,0,
Edwards County,US.TX.ED,2,0,
Putnam County,US.MO.PN,2,0,
Shackelford County,US.TX.SC,1,0,
Boundary County,US.ID.BD,1,0,
Sherman County,US.OR.SH,1,0,
Sully County,US.SD.SU,1,0,
Clearwater County,US.ID.CE,1,0,
Webster County,US.WV.WB,1,0,
Summers County,US.WV.SU,1,0,
Sheridan County,US.ND.SH,1,0,
Marshall County,US.KS.MS,1,0,
Cimarron County,US.OK.CO,1,0,
Beaverhead County,US.MT.BE,1,0,
Keweenaw County,US.MI.KW,1,0,
Sierra County,US.CA.SE,1,0,
Ozark County,US.MO.OZ,1,0,
Wilson County,US.KS.WL,1,0,
Bowman County,US.ND.BW,1,0,
Pepin County,US.WI.PE,1,0,
Cherry County,US.NE.CH,1,0,
Liberty County,US.MT.LB,1,0,
Chase County,US.NE.CE,1,0,
Nuckolls County,US.NE.NU,1,0,
Stafford County,US.KS.SF,1,0,
Musselshell County,US.MT.MU,1,0,
Lee County,US.KY.LE,1,0,
Motley County,US.TX.MY,1,0,
Steele County,US.ND.SE,1,0,
Camas County,US.ID.CM,1,0,
Nelson County,US.ND.NE,1,0,
San Juan County,US.CO.SJ,1,0,
Wheatland County,US.MT.WH,1,0,
Meagher County,US.MT.ME,1,0,
Calhoun County,US.IL.CH,1,0,
Oliver County,US.ND.OL,1,0,
Logan County,US.KS.LG,1,0,
Boise County,US.ID.BS,1,0,
Mills County,US.TX.MS,1,0,
Weston County,US.WY.WE,1,0,
Knox County,US.TX.KX,1,0,
Billings County,US.ND.BI,1,0,
Thomas County,US.NE.TO,1,0,
Jeff Davis County,US.TX.JF,1,0,
McIntosh County,US.ND.MI,1,0,
Harding County,US.NM.HA,1,0,
Baker County,US.OR.BA,1,0,
Trego County,US.KS.TR,1,0,
Pope County,US.IL.PE,1,0,
Dade County,US.MO.DD,1,0,
Washington County,US.KS.WS,1,0,
Grant County,US.OR.GR,1,0,
Granite County,US.MT.GN,1,0,
Gove County,US.KS.GO,1,0,
Putnam County,US.IL.PT,1,0,
Garfield County,US.NE.GF,1,0,
Alfalfa County,US.OK.AL,1,0,
Frontier County,US.NE.FO,1,0,
Valley County,US.MT.VA,1,0,
Dickenson County,US.VA.DC,1,0,
Ferry County,US.WA.FE,1,0,
Divide County,US.ND.DV,1,0,
Real County,US.TX.RL,1,0,
Rock County,US.NE.RO,1,0,
Eureka County,US.NV.EU,1,0,
Ellis County,US.OK.EL,1,0,
Elk County,US.KS.EK,1,0,
Hardin County,US.IL.HI,1,0,
Boyd County,US.NE.BY,1,0,
Banner County,US.NE.BA,1,0,
Cook County,US.MN.CO,1,0,
Cochran County,US.TX.CC,1,0,
Hill County,US.MT.HI,1,0,
Barber County,US.KS.AB,1,0,
Holt County,US.MO.HL,1,0,
Irion County,US.TX.IR,1,0,
Hettinger County,US.ND.HE,1,0,
Hitchcock County,US.NE.HI,1,0,
Harlan County,US.NE.HR,1,0,
Harper County,US.OK.HP,1,0,
Harney County,US.OR.HA,1,0,
Jackson County,US.CO.JA,1,0,
Terrell County,US.TX.TL,1,0,
Thayer County,US.NE.TA,1,0,
Sedgwick County,US.CO.SE,0,0,
Aleutians West Census Area,US.AK.AW,0,0,
Borden County,US.TX.BD,0,0,
Aleutians East Borough,US.AK.AE,0,0,
Mineral County,US.MT.MN,0,0,
Perkins County,US.NE.PE,0,0,
McPherson County,US.NE.MC,0,0,
Bath County,US.VA.BA,0,0,
Perkins County,US.SD.PR,0,0,
McMullen County,US.TX.MM,0,0,
Adams County,US.ND.AD,0,0,
Petroleum County,US.MT.PO,0,0,
Bear Lake County,US.ID.BK,0,0,
Robertson County,US.KY.RB,0,0,
Scott County,US.IL.SO,0,0,
Blaine County,US.MT.BL,0,0,
Modoc County,US.CA.MC,0,0,
Pawnee County,US.NE.PA,0,0,
Oneida County,US.ID.ON,0,0,
Ontonagon County,US.MI.ON,0,0,
Yakutat City and Borough,US.AK.YA,0,0,
Sanders County,US.MT.SA,0,0,
Potter County,US.SD.PO,0,0,
Powder River County,US.MT.PD,0,0,
Phillips County,US.MT.PH,0,0,
Arthur County,US.NE.AR,0,0,
Prairie County,US.MT.PR,0,0,
Russell County,US.KS.RS,0,0,
Rush County,US.KS.RH,0,0,
Roger Mills County,US.OK.RR,0,0,
Rawlins County,US.KS.RA,0,0,
Blaine County,US.NE.BL,0,0,
Mora County,US.NM.MO,0,0,
Powell County,US.MT.PL,0,0,
Wallace County,US.KS.WA,0,0,
McCone County,US.MT.MC,0,0,
Harmon County,US.OK.HM,0,0,
Daniels County,US.MT.DN,0,0,
Greeley County,US.KS.GL,0,0,
Daggett County,US.UT.DG,0,0,
Haakon County,US.SD.HA,0,0,
Towner County,US.ND.TO,0,0,
Harding County,US.SD.HR,0,0,
Hayes County,US.NE.HY,0,0,
De Baca County,US.NM.DE,0,0,
Hickory County,US.MO.HC,0,0,
Throckmorton County,US.TX.TH,0,0,
Teton County,US.MT.TE,0,0,
Hooker County,US.NE.HO,0,0,
Hoonah-Angoon Census Area,US.AK.HH,0,0,
Sweet Grass County,US.MT.SW,0,0,
Grant County,US.NE.GA,0,0,
Graham County,US.KS.GH,0,0,
Sheridan County,US.MT.SH,0,0,
Foard County,US.TX.FD,0,0,
Dundy County,US.NE.DY,0,0,
Esmeralda County,US.NV.ES,0,0,
Dolores County,US.CO.DO,0,0,
Doddridge County,US.WV.DO,0,0,
Fallon County,US.MT.FA,0,0,
Dillingham Census Area,US.AK.DI,0,0,
Valdez-Cordova Census Area,US.AK.VA,0,0,
Decatur County,US.KS.DC,0,0,
Garfield County,US.MT.GF,0,0,
Deuel County,US.NE.DL,0,0,
Denali Borough,US.AK.DE,0,0,
Garfield County,US.WA.GF,0,0,
Gilliam County,US.OR.GI,0,0,
Golden Valley County,US.ND.GO,0,0,
Jones County,US.SD.JO,0,0,
Judith Basin County,US.MT.JU,0,0,
Kalawao County,US.HI.KL,0,0,
Butte County,US.ID.BT,0,0,
Lincoln County,US.KS.LC,0,0,
Wibaux County,US.MT.WI,0,0,
Wichita County,US.KS.WH,0,0,
Calhoun County,US.AR.CA,0,0,
Logan County,US.ND.LO,0,0,
Butte County,US.SD.BT,0,0,
Logan County,US.NE.LG,0,0,
Wayne County,US.UT.WE,0,0,
Skagway Municipality,US.AK.SW,0,0,
Loup County,US.NE.LU,0,0,
Loving County,US.TX.LI,0,0,
Brown County,US.NE.BW,0,0,
Shoshone County,US.ID.SH,0,0,
Bristol Bay Borough,US.AK.BR,0,0,
Campbell County,US.SD.CP,0,0,
Lewis County,US.ID.LW,0,0,
Sterling County,US.TX.SI,0,0,
Wheeler County,US.OR.WE,0,0,
Wheeler County,US.NE.WH,0,0,
Carter County,US.MT.CT,0,0,
Lake and Peninsula Borough,US.AK.LA,0,0,
Stonewall County,US.TX.SA,0,0,
Kusilvak Census Area,US.AK.WA,0,0,
Kiowa County,US.CO.KO,0,0,
Kingman County,US.KS.KM,0,0,
King County,US.TX.KG,0,0,
Chouteau County,US.MT.CH,0,0,
Clark County,US.ID.CA,0,0,
Keya Paha County,US.NE.KY,0,0,
Kent County,US.TX.KT,0,0,
Kenedy County,US.TX.KE,0,0,
Lake of the Woods County,US.MN.LO,0,0,
