County,hasc,confirmed,death,recovered
Los Angeles County,US.CA.LO,269284,6551,
Miami-Dade County,US.FL.DA,170086,3243,
Cook County,US.IL.CO,144697,5221,
Maricopa County,US.AZ.MA,141738,3372,
Harris County,US.TX.RR,141707,2588,
Dallas County,US.TX.DS,81372,1126,
Broward County,US.FL.BO,77122,1384,
Queens County,US.NY.QU,72465,7252,
Kings County,US.NY.KI,68658,7329,
Clark County,US.NV.CL,66899,1385,
Riverside County,US.CA.RI,59173,1216,
Bexar County,US.TX.BX,57677,1303,
San Bernardino County,US.CA.SA,54849,952,
Orange County,US.CA.OR,53557,1249,
Bronx County,US.NY.BN,53025,4950,
San Diego County,US.CA.SD,46985,781,
Nassau County,US.NY.NA,46791,2201,
Palm Beach County,US.FL.PL,46485,1350,
Suffolk County,US.NY.SF,46464,2014,
Tarrant County,US.TX.TN,46080,719,
Hillsborough County,US.FL.HL,42118,636,
Orange County,US.FL.OR,40224,446,
Westchester County,US.NY.WE,38182,1456,
Wayne County,US.MI.WY,35295,2982,
New York County,US.NY.NE,33497,3178,
Kern County,US.CA.KE,32073,369,
Philadelphia County,US.PA.PH,31734,1824,
Hidalgo County,US.TX.HG,31677,1509,
Salt Lake County,US.UT.SL,31345,251,
Shelby County,US.TN.SY,31097,466,
Milwaukee County,US.WI.MU,30690,529,
Duval County,US.FL.DU,30418,385,
Middlesex County,US.MA.MI,29764,2149,
Prince George's County,US.MD.PR,29416,828,
Travis County,US.TX.TV,29343,418,
Mecklenburg County,US.NC.MB,28844,354,
Fresno County,US.CA.FR,28517,390,
Fulton County,US.GA.FU,27650,576,
Hennepin County,US.MN.HE,27557,932,
Gwinnett County,US.GA.GW,27519,407,
Franklin County,US.OH.FR,27283,615,
Davidson County,US.TN.DA,26797,311,
Pima County,US.AZ.PM,25569,622,
Suffolk County,US.MA.SU,25512,1135,
El Paso County,US.TX.EP,24170,523,
St. Louis County,US.MO.SL,22884,800,
Cameron County,US.TX.CA,22781,910,
Sacramento County,US.CA.SC,22590,416,
Montgomery County,US.MD.MO,22512,848,
Bergen County,US.NJ.BE,22473,2047,
King County,US.WA.KN,22237,761,
Pinellas County,US.FL.PI,22129,752,
Marion County,US.IN.MO,21735,821,
Alameda County,US.CA.AA,21323,408,
Santa Clara County,US.CA.SL,21294,318,
Essex County,US.NJ.ES,21091,2129,
Fairfax County,US.VA.FX,20924,586,
Oakland County,US.MI.OD,20771,1203,
Hudson County,US.NJ.HD,20692,1515,
Essex County,US.MA.ES,20628,1283,
Lee County,US.FL.LE,20445,467,
San Joaquin County,US.CA.SJ,20357,447,
Fairfield County,US.CT.FA,20190,1422,
Polk County,US.FL.PO,19974,529,
Jefferson County,US.AL.JE,19938,351,
Cobb County,US.GA.CB,19634,427,
Middlesex County,US.NJ.MI,19539,1428,
Passaic County,US.NJ.PA,19065,1255,
Utah County,US.UT.UT,19046,57,
Jackson County (including other portions of Kansas City),US.MO.JC,18864,220,
DeKalb County,US.GA.DA,18773,365,
Providence County,US.RI.PR,18437,881,
Oklahoma County,US.OK.OL,18175,195,
Baltimore County,US.MD.BC,17939,630,
DuPage County,US.IL.DU,17690,562,
Union County,US.NJ.UN,17689,1355,
Wake County,US.NC.WK,17681,244,
Cuyahoga County,US.OH.CU,17603,657,
Jefferson Parish,US.LA.JF,17540,569,
Tulsa County,US.OK.TU,17207,162,
Lake County,US.IL.LK,16992,487,
Contra Costa County,US.CA.CN,16793,207,
Stanislaus County,US.CA.ST,16496,359,
Fort Bend County,US.TX.FR,16295,288,
Douglas County,US.NE.DG,16283,193,
Tulare County,US.CA.TL,16204,263,
Polk County,US.IA.PK,16056,262,
Richmond County,US.NY.RI,15950,1086,
Nueces County,US.TX.NU,15888,373,
Charleston County,US.SC.CS,15888,261,
Jefferson County,US.KY.JF,15788,307,
Baltimore City,US.MD.BA,15606,485,
Richland County,US.SC.RI,15396,244,
Rockland County,US.NY.RO,15342,509,
Washington,US.DC.DI,15300,626,
East Baton Rouge Parish,US.LA.EB,15141,440,
Worcester County,US.MA.WO,15055,1107,
Hartford County,US.CT.HA,14737,1436,
Macomb County,US.MI.MB,14718,1023,
Greenville County,US.SC.GV,14537,305,
New Haven County,US.CT.NH,14451,1115,
Will County,US.IL.WL,14133,379,
Collin County,US.TX.CI,13825,146,
Webb County,US.TX.WB,13775,273,
Mobile County,US.AL.MB,13507,293,
Ocean County,US.NJ.OC,13481,1048,
Hamilton County,US.OH.HM,13340,321,
Denver County,US.CO.DN,13298,434,
Kane County,US.IL.KE,13182,326,
Ada County,US.ID.AA,12945,147,
Collier County,US.FL.CL,12732,218,
Yuma County,US.AZ.YU,12723,345,
Ventura County,US.CA.VE,12707,150,
Orleans Parish,US.LA.OR,12599,587,
Prince William County,US.VA.PW,12541,203,
Osceola County,US.FL.OS,12513,148,
Escambia County,US.FL.ES,12319,230,
Allegheny County,US.PA.AL,12305,357,
Montgomery County,US.PA.MG,12258,878,
Orange County,US.NY.OE,12122,413,
Denton County,US.TX.DN,12058,152,
Monmouth County,US.NJ.MN,11892,868,
Imperial County,US.CA.IM,11877,317,
Lubbock County,US.TX.LU,11764,126,
Norfolk County,US.MA.NO,11760,1061,
Galveston County,US.TX.GV,11636,158,
Manatee County,US.FL.MN,11546,290,
Delaware County,US.PA.DE,11482,756,
Erie County,US.NY.ER,11445,625,
Yakima County,US.WA.YA,11413,260,
Brazoria County,US.TX.BI,11412,167,
Johnson County,US.KS.JO,11348,153,
San Francisco County,US.CA.SF,11238,101,
Ramsey County,US.MN.RA,11167,323,
Honolulu County,US.HI.HO,11106,109,
Volusia County,US.FL.VO,10898,244,
Lake County,US.IN.LK,10807,342,
Montgomery County,US.TX.MG,10703,158,
Bristol County,US.MA.BR,10677,697,
Pinal County,US.AZ.PN,10627,207,
Leon County,US.FL.LO,10607,71,
Horry County,US.SC.HO,10387,197,
Dane County,US.WI.DA,10331,42,
New Castle County,US.DE.NE,10309,312,
Plymouth County,US.MA.PL,10237,770,
Anne Arundel County,US.MD.AN,10073,248,
Kent County,US.MI.KN,10061,176,
Monterey County,US.CA.MT,10050,73,
San Mateo County,US.CA.SM,9950,150,
Camden County,US.NJ.CM,9927,611,
Marion County,US.FL.MI,9760,289,
Hamilton County,US.TN.HL,9634,95,
Knox County,US.TN.KN,9605,79,
Washington County,US.AR.WA,9549,118,
Washoe County,US.NV.WA,9455,157,
Rutherford County,US.TN.RU,9452,90,
Pulaski County,US.AR.PU,9422,152,
Brown County,US.WI.BW,9409,63,
Arapahoe County,US.CO.AA,9354,371,
Pasco County,US.FL.PS,9279,208,
Hall County,US.GA.HL,9279,152,
Adams County,US.CO.AD,9256,226,
Santa Barbara County,US.CA.SB,9164,113,
Seminole County,US.FL.SE,9053,211,
Sedgwick County,US.KS.SG,9008,86,
Brevard County,US.FL.BE,8983,295,
Lafayette Parish,US.LA.LY,8969,132,
Merced County,US.CA.MD,8961,143,
Montgomery County,US.AL.MT,8866,185,
Bucks County,US.PA.BC,8849,607,
Tuscaloosa County,US.AL.TU,8837,118,
Guilford County,US.NC.GU,8689,181,
Mercer County,US.NJ.ME,8653,637,
Williamson County,US.TX.WM,8624,144,
Caddo Parish,US.LA.CO,8556,356,
Hampden County,US.MA.HD,8542,779,
Chatham County,US.GA.CM,8482,162,
Alachua County,US.FL.AL,8230,56,
Waukesha County,US.WI.WK,8212,89,
Canyon County,US.ID.CN,8201,101,
Sarasota County,US.FL.SR,8177,256,
McLennan County,US.TX.ML,8061,104,
St. Lucie County,US.FL.SL,8054,280,
Pierce County,US.WA.PI,8002,206,
Montgomery County,US.OH.MT,7993,166,
Madison County,US.AL.MD,7981,79,
Lancaster County,US.PA.LN,7938,459,
Morris County,US.NJ.MR,7887,831,
Calcasieu Parish,US.LA.CC,7854,212,
Kings County,US.CA.KI,7851,104,
Durham County,US.NC.DH,7780,95,
St. Charles County,US.MO.SA,7751,120,
Dakota County,US.MN.DA,7692,126,
Lake County,US.FL.LK,7517,190,
Jefferson County,US.TX.JE,7459,133,
Lexington County,US.SC.LX,7419,161,
Sonoma County,US.CA.SO,7412,122,
Lucas County,US.OH.LU,7377,364,
Multnomah County,US.OR.MU,7257,140,
Hinds County,US.MS.HI,7179,161,
Burlington County,US.NJ.BU,7169,497,
Berks County,US.PA.BK,7141,394,
Richmond County,US.GA.RI,7136,162,
Wyandotte County,US.KS.WY,7095,134,
Clayton County,US.GA.CN,7090,162,
Forsyth County,US.NC.FO,7067,103,
St. Tammany Parish,US.LA.ST,6955,253,
Snohomish County,US.WA.SN,6950,215,
Spartanburg County,US.SC.SP,6948,199,
El Paso County,US.CO.EL,6925,173,
Spokane County,US.WA.SP,6922,169,
Virginia Beach City,US.VA.VI,6901,91,
Chester County,US.PA.CH,6887,366,
City of St. Louis,US.MO.SY,6880,215,
Loudoun County,US.VA.LD,6851,124,
Elkhart County,US.IN.EL,6828,116,
Sussex County,US.DE.SU,6782,206,
Minnehaha County,US.SD.MN,6732,81,
St. Clair County,US.IL.SI,6729,190,
Marin County,US.CA.MN,6729,117,
St. Joseph County,US.IN.SN,6698,121,
Benton County,US.AR.BE,6635,92,
Bernalillo County,US.NM.BE,6547,177,
Solano County,US.CA.SN,6419,69,
Brazos County,US.TX.BZ,6402,64,
Greene County,US.MO.GE,6398,58,
Allen County,US.IN.AL,6393,215,
Lancaster County,US.NE.LA,6388,24,
Fayette County,US.KY.FA,6294,74,
Anoka County,US.MN.AN,6281,137,
Ouachita Parish,US.LA.OU,6258,144,
Butler County,US.OH.BU,6151,112,
Cleveland County,US.OK.CV,6124,70,
Bay County,US.FL.BY,6106,105,
Bibb County,US.GA.BI,6075,170,
Monroe County,US.NY.MR,6074,260,
Shelby County,US.AL.SH,6074,49,
Winnebago County,US.IL.WN,6069,151,
Cherokee County,US.GA.CE,6066,92,
Chesterfield County,US.VA.CD,6036,95,
Muscogee County,US.GA.MG,6034,170,
Lee County,US.AL.LE,5971,61,
Hays County,US.TX.HY,5916,63,
Somerset County,US.NJ.SO,5819,573,
Madison County,US.IL.MD,5802,141,
Jefferson County,US.CO.JE,5789,252,
Navajo County,US.AZ.NA,5783,235,
Beaufort County,US.SC.BA,5685,83,
DeSoto County,US.MS.DE,5678,63,
Lehigh County,US.PA.LH,5669,353,
Baldwin County,US.AL.BD,5606,50,
Woodbury County,US.IA.WO,5564,67,
Bell County,US.TX.BL,5534,85,
Cumberland County,US.NC.CU,5533,77,
Berkeley County,US.SC.BK,5518,89,
Henrico County,US.VA.HC,5478,212,
York County,US.SC.YO,5439,75,
Racine County,US.WI.RA,5422,95,
Summit County,US.OH.SU,5393,252,
Williamson County,US.TN.WL,5366,36,
St. Johns County,US.FL.SJ,5364,70,
Santa Rosa County,US.FL.SA,5331,77,
Cass County,US.ND.CS,5250,77,
Henry County,US.GA.HY,5248,102,
Gaston County,US.NC.GS,5224,84,
Davis County,US.UT.DA,5215,28,
Johnson County,US.IA.JH,5170,27,
Dutchess County,US.NY.DU,5130,156,
Clay County,US.FL.CY,5127,100,
Howard County,US.MD.HO,5098,122,
Clarke County,US.GA.CK,5064,44,
Okaloosa County,US.FL.OA,5010,113,
Outagamie County,US.WI.OU,4997,29,
Hamilton County,US.IN.HM,4997,118,
Florence County,US.SC.FL,4953,191,
Pitt County,US.NC.PI,4945,29,
Martin County,US.FL.MT,4908,142,
Sumner County,US.TN.SN,4895,98,
York County,US.PA.YO,4891,158,
Potter County,US.TX.PT,4881,58,
Norfolk City,US.VA.NF,4870,78,
Union County,US.NC.UN,4849,59,
Champaign County,US.IL.CM,4789,20,
Weld County,US.CO.WE,4763,150,
Marion County,US.OR.MR,4743,95,
Boone County,US.MO.BO,4727,10,
Genesee County,US.MI.GE,4651,309,
Richmond City,US.VA.RC,4649,61,
McHenry County,US.IL.MY,4625,118,
Whitfield County,US.GA.WF,4585,60,
Washington County,US.OR.WI,4581,60,
Benton County,US.WA.BE,4572,133,
Robeson County,US.NC.RB,4565,76,
Gloucester County,US.NJ.GL,4560,228,
Madera County,US.CA.ME,4557,65,
Johnston County,US.NC.JH,4542,57,
Anderson County,US.SC.AN,4540,178,
Black Hawk County,US.IA.BL,4514,90,
Northampton County,US.PA.NA,4513,305,
Tangipahoa Parish,US.LA.TA,4475,119,
Ellis County,US.TX.EI,4450,68,
Onondaga County,US.NY.OG,4409,182,
Hillsborough County,US.NH.HI,4408,289,
Boulder County,US.CO.BO,4396,79,
Warren County,US.KY.WR,4380,50,
Municipality of Anchorage,US.AK.AN,4353,35,
McKinley County,US.NM.MC,4338,257,
Chesapeake City,US.VA.CS,4333,72,
New Hanover County,US.NC.NE,4328,30,
Franklin County,US.WA.FR,4310,66,
Jefferson County,US.MO.JE,4282,59,
Weber County,US.UT.WB,4271,31,
Rapides Parish,US.LA.RA,4223,148,
Aiken County,US.SC.AI,4208,82,
Winnebago County,US.WI.WA,4208,27,
Dorchester County,US.SC.DO,4193,91,
Coconino County,US.AZ.CO,4133,144,
Luzerne County,US.PA.LU,4126,190,
Linn County,US.IA.LI,4123,114,
Atlantic County,US.NJ.AT,4114,256,
Stearns County,US.MN.SR,4094,24,
Frederick County,US.MD.FR,4073,133,
Victoria County,US.TX.VI,4062,96,
Forsyth County,US.GA.FO,4052,45,
Cabarrus County,US.NC.CR,4041,70,
Mohave County,US.AZ.MO,3997,227,
Arlington County,US.VA.AR,3985,150,
Marshall County,US.AL.MS,3975,43,
Alamance County,US.NC.AA,3962,54,
Kenosha County,US.WI.KN,3952,67,
Washington County,US.MN.WH,3918,55,
Harrison County,US.MS.HR,3917,74,
Lowndes County,US.GA.LW,3907,82,
Vanderburgh County,US.IN.VA,3845,31,
Alexandria City,US.VA.AX,3841,69,
Jasper County,US.MO.JS,3830,53,
Dauphin County,US.PA.DA,3830,181,
Columbia County,US.FL.CU,3828,56,
Smith County,US.TX.SM,3812,105,
Cumberland County,US.NJ.CU,3794,160,
Sebastian County,US.AR.SB,3779,60,
Livingston Parish,US.LA.LV,3771,76,
Columbia County,US.GA.CI,3760,61,
Midland County,US.TX.ID,3759,65,
Ascension Parish,US.LA.AE,3757,98,
Walker County,US.TX.WK,3732,57,
Sarpy County,US.NE.SY,3729,16,
Washtenaw County,US.MI.WS,3722,116,
Maverick County,US.TX.MV,3712,124,
Burleigh County,US.ND.BL,3712,46,
Lafourche Parish,US.LA.LO,3663,122,
Terrebonne Parish,US.LA.TR,3632,116,
San Luis Obispo County,US.CA.SS,3612,31,
Placer County,US.CA.PA,3596,45,
Ingham County,US.MI.IH,3588,48,
Guadalupe County,US.TX.GU,3574,76,
Douglas County,US.GA.DL,3571,71,
Wilson County,US.TN.WO,3562,47,
Calhoun County,US.AL.CN,3556,44,
Jackson County,US.MS.JC,3553,70,
Etowah County,US.AL.ET,3548,45,
Apache County,US.AZ.AP,3528,165,
Peoria County,US.IL.PI,3526,51,
Ottawa County,US.MI.OT,3479,66,
Story County,US.IA.ST,3469,17,
Glynn County,US.GA.GY,3463,95,
Starr County,US.TX.SR,3413,167,
Rowan County,US.NC.RW,3402,100,
Wayne County,US.NC.WY,3400,69,
Dona Ana County,US.NM.DO,3387,55,
Jefferson County,US.AR.JE,3369,77,
Putnam County,US.TN.PU,3365,41,
Rankin County,US.MS.RA,3346,79,
Dubuque County,US.IA.DU,3344,41,
San Juan County,US.NM.SJ,3341,199,
Morgan County,US.AL.MG,3334,28,
Washington County,US.UT.WN,3331,26,
Madison County,US.MS.MD,3331,90,
St. Landry Parish,US.LA.SL,3317,124,
McLean County,US.IL.ML,3305,23,
Bossier Parish,US.LA.BO,3303,107,
Clark County,US.WA.CR,3291,66,
Yellowstone County,US.MT.YS,3256,67,
La Crosse County,US.WI.LA,3244,2,
Indian River County,US.FL.IN,3243,117,
Sumter County,US.SC.SU,3238,78,
Catawba County,US.NC.CB,3204,52,
Kaufman County,US.TX.KU,3193,47,
Floyd County,US.GA.FL,3183,45,
Houston County,US.GA.HO,3158,82,
Ector County,US.TX.EC,3155,84,
Pickens County,US.SC.PI,3152,45,
Dougherty County,US.GA.DH,3152,187,
Buncombe County,US.NC.BO,3151,82,
Hernando County,US.FL.HA,3150,125,
Warren County,US.OH.WR,3136,49,
Montgomery County,US.TN.MT,3133,44,
Orangeburg County,US.SC.OR,3133,126,
Albany County,US.NY.AB,3116,123,
Mahoning County,US.OH.MH,3114,282,
Marion County,US.OH.MR,3114,47,
Johnson County,US.TX.JH,3102,50,
Iredell County,US.NC.IR,3098,32,
Charlotte County,US.FL.CH,3074,136,
Scott County,US.IA.SC,3059,28,
Harford County,US.MD.HA,3045,76,
Rock Island County,US.IL.RO,3037,77,
Craighead County,US.AR.CG,3015,22,
Kalamazoo County,US.MI.KA,2999,94,
Umatilla County,US.OR.UM,2998,41,
Madison County,US.TN.MD,2992,65,
Saginaw County,US.MI.SG,2991,140,
Grant County,US.WA.GN,2973,21,
Bradley County,US.TN.BR,2972,17,
Acadia Parish,US.LA.AD,2959,97,
Kent County,US.DE.KE,2949,117,
Stark County,US.OH.ST,2946,175,
Houston County,US.AL.HO,2939,21,
Iberia Parish,US.LA.II,2932,89,
Bartow County,US.GA.BT,2924,85,
Randall County,US.TX.RA,2918,41,
Bulloch County,US.GA.BH,2885,28,
Randolph County,US.NC.RA,2863,54,
Ford County,US.KS.FO,2859,10,
Santa Cruz County,US.AZ.SA,2848,63,
Gadsden County,US.FL.GA,2828,47,
Yolo County,US.CA.YO,2825,55,
Anderson County,US.TX.AE,2824,31,
Jackson County,US.FL.JA,2822,79,
Dallas County,US.IA.DL,2817,38,
Hendricks County,US.IN.HD,2813,141,
Troup County,US.GA.TP,2808,100,
Lee County,US.MS.LE,2804,71,
Butte County,US.CA.BU,2804,44,
Carroll County,US.GA.CL,2798,68,
Davidson County,US.NC.DD,2797,37,
Rock County,US.WI.RO,2796,32,
Paulding County,US.GA.PA,2789,54,
Cache County,US.UT.CA,2785,6,
Charles County,US.MD.CH,2779,101,
Walworth County,US.WI.WL,2772,35,
Shawnee County,US.KS.SN,2765,32,
Kankakee County,US.IL.KK,2764,77,
Citrus County,US.FL.CI,2763,103,
Newport News City,US.VA.NN,2753,40,
Comal County,US.TX.OM,2744,102,
Bonneville County,US.ID.BV,2737,16,
Washington County,US.WI.WN,2736,32,
Suwannee County,US.FL.SW,2732,70,
Elmore County,US.AL.EL,2719,48,
Kanawha County,US.WV.KA,2704,79,
Kootenai County,US.ID.KO,2689,34,
Pickaway County,US.OH.PC,2684,45,
Monroe County,US.IN.MR,2676,41,
Orange County,US.NC.OR,2675,55,
Centre County,US.PA.CT,2667,11,
Sevier County,US.TN.SV,2664,15,
Harrisonburg City,US.VA.HS,2652,34,
Scott County,US.MN.SC,2648,33,
Douglas County,US.CO.DU,2625,60,
Coweta County,US.GA.CA,2617,47,
Newton County,US.GA.NE,2602,90,
Larimer County,US.CO.LR,2601,52,
Tippecanoe County,US.IN.TP,2593,14,
Lackawanna County,US.PA.LC,2579,217,
Portsmouth City,US.VA.PR,2567,59,
Blount County,US.TN.BO,2563,24,
Yavapai County,US.AZ.YA,2558,82,
Olmsted County,US.MN.OL,2535,28,
Faulkner County,US.AR.FA,2531,20,
Forrest County,US.MS.FO,2524,76,
Jones County,US.MS.JO,2515,80,
Sangamon County,US.IL.SM,2450,45,
Clackamas County,US.OR.CC,2448,62,
DeKalb County,US.AL.DA,2443,21,
Oneida County,US.NY.OD,2432,123,
Maury County,US.TN.MU,2427,25,
Johnson County,US.IN.JO,2401,134,
Nash County,US.NC.NA,2400,40,
Santa Cruz County,US.CA.SZ,2394,10,
Duplin County,US.NC.DP,2394,54,
Pennington County,US.SD.PN,2365,37,
Canadian County,US.OK.CN,2360,17,
St. Clair County,US.AL.SA,2359,36,
Washington County,US.TN.WI,2355,38,
Walker County,US.AL.WK,2354,85,
Lorain County,US.OH.LR,2342,86,
Delaware County,US.OH.DL,2328,21,
Cumberland County,US.ME.CU,2316,70,
Douglas County,US.KS.DG,2309,10,
Clark County,US.IN.CK,2284,64,
Payne County,US.OK.PY,2275,7,
Ulster County,US.NY.UL,2272,84,
Harnett County,US.NC.HT,2272,54,
Twin Falls County,US.ID.TW,2270,37,
Washington County,US.MS.WS,2263,79,
Wilson County,US.NC.WO,2262,52,
Grand Forks County,US.ND.GD,2261,13,
Tom Green County,US.TX.TG,2261,69,
Westmoreland County,US.PA.WE,2260,56,
Liberty County,US.TX.LT,2260,51,
Cleveland County,US.NC.CV,2254,63,
Sumter County,US.FL.SM,2251,69,
Sampson County,US.NC.SP,2250,28,
Gregg County,US.TX.GE,2241,66,
Robertson County,US.TN.RB,2239,39,
Onslow County,US.NC.ON,2237,25,
Porter County,US.IN.PR,2235,49,
Leavenworth County,US.KS.LV,2232,11,
Sullivan County,US.TN.SL,2231,33,
Fond du Lac County,US.WI.FN,2226,14,
Dakota County,US.NE.DK,2225,43,
Greenwood County,US.SC.GW,2216,72,
Lafayette County,US.MS.LY,2208,40,
Val Verde County,US.TX.VL,2203,104,
Barrow County,US.GA.BW,2200,48,
Talladega County,US.AL.TD,2178,30,
Lancaster County,US.SC.LN,2178,52,
Highlands County,US.FL.HG,2170,89,
Pottawattamie County,US.IA.PT,2166,39,
Finney County,US.KS.FI,2160,12,
Angelina County,US.TX.AG,2153,82,
Pope County,US.AR.PP,2153,31,
Spotsylvania County,US.VA.SP,2151,44,
Fairfield County,US.OH.FI,2146,54,
Limestone County,US.AL.LI,2144,20,
Putnam County,US.FL.PU,2139,39,
Baldwin County,US.GA.BD,2134,57,
St. Francois County,US.MO.SF,2131,11,
Burke County,US.NC.BK,2130,40,
Saline County,US.AR.SL,2116,23,
Nassau County,US.FL.NA,2116,45,
St. Martin Parish,US.LA.SR,2095,61,
Lauderdale County,US.MS.LU,2077,126,
Darlington County,US.SC.DA,2072,54,
Hendry County,US.FL.HR,2072,42,
Coffee County,US.GA.CF,2061,50,
Lebanon County,US.PA.LB,2057,59,
Kenton County,US.KY.KE,2048,49,
Vermilion Parish,US.LA.VM,2039,61,
Monongalia County,US.WV.MG,2035,5,
Kendall County,US.IL.KA,2034,25,
Hall County,US.NE.HL,2033,47,
Rockingham County,US.NH.RO,2033,103,
Henderson County,US.NC.HN,2032,64,
Buchanan County,US.MO.BC,2026,16,
Stafford County,US.VA.SF,2024,17,
Lincoln County,US.AR.LC,2020,15,
Parker County,US.TX.PR,2019,34,
Kershaw County,US.SC.KE,2017,38,
Delaware County,US.IN.DL,2016,63,
Jackson County,US.GA.JC,2004,32,
Barnstable County,US.MA.BA,2003,174,
Buena Vista County,US.IA.BV,2001,12,
Wicomico County,US.MD.WI,1998,48,
New London County,US.CT.NL,1994,115,
Eau Claire County,US.WI.EA,1991,6,
Stanly County,US.NC.SN,1989,56,
Suffolk City,US.VA.SO,1984,72,
Orange County,US.TX.OR,1981,43,
Nobles County,US.MN.NB,1979,16,
Montgomery County,US.VA.MO,1975,4,
Walton County,US.FL.WL,1970,25,
Cass County,US.IN.CS,1961,10,
Licking County,US.OH.LI,1960,63,
Dodge County,US.WI.DD,1960,17,
Crittenden County,US.AR.CD,1959,46,
Carroll County,US.MD.CR,1957,126,
Columbiana County,US.OH.CL,1951,80,
Hamblen County,US.TN.HB,1948,28,
Wood County,US.OH.WO,1942,73,
Garland County,US.AR.GL,1930,53,
Manassas City,US.VA.MS,1926,25,
St. Mary Parish,US.LA.SM,1924,77,
Trumbull County,US.OH.TR,1921,132,
Cullman County,US.AL.CU,1919,20,
Hot Spring County,US.AR.HT,1917,27,
Georgetown County,US.SC.GR,1908,45,
Rogers County,US.OK.RS,1905,52,
Beaver County,US.PA.BA,1905,122,
Cochise County,US.AZ.CH,1905,72,
Berrien County,US.MI.BN,1898,74,
Grayson County,US.TX.GO,1891,46,
Cumberland County,US.PA.CU,1890,77,
Colquitt County,US.GA.CQ,1890,34,
Vigo County,US.IN.VI,1884,29,
Hale County,US.TX.HE,1880,56,
Litchfield County,US.CT.LI,1874,141,
Gordon County,US.GA.GO,1867,36,
Kent County,US.RI.KE,1867,109,
Fayette County,US.GA.FY,1860,50,
Rockdale County,US.GA.RO,1858,36,
Bolivar County,US.MS.BO,1857,70,
Clark County,US.OH.CK,1853,41,
Chelan County,US.WA.CH,1852,16,
Muskogee County,US.OK.MO,1846,23,
Monroe County,US.FL.MO,1845,22,
Tipton County,US.TN.TI,1845,19,
Hampton city,US.VA.HM,1837,26,
Bastrop County,US.TX.BP,1832,29,
Clay County,US.MO.CY,1827,41,
Walton County,US.GA.WA,1826,55,
Coryell County,US.TX.CL,1824,12,
Bee County,US.TX.BE,1820,33,
Riley County,US.KS.RL,1815,8,
Washington County,US.MD.WA,1811,38,
Oktibbeha County,US.MS.OK,1811,52,
Cape Girardeau County,US.MO.CG,1807,15,
Monroe County,US.PA.MR,1801,133,
St. Charles Parish,US.LA.SC,1798,59,
Dallas County,US.AL.DL,1798,26,
Wichita County,US.TX.WC,1797,24,
Tazewell County,US.IL.TA,1795,25,
Marshall County,US.IA.MS,1792,34,
Franklin County,US.AL.FR,1791,30,
Franklin County,US.PA.FR,1790,50,
Autauga County,US.AL.AU,1787,27,
Tift County,US.GA.TI,1787,57,
Madison County,US.KY.MD,1784,7,
Niagara County,US.NY.NI,1783,89,
Sheboygan County,US.WI.SE,1777,16,
Russell County,US.AL.RU,1768,3,
Clermont County,US.OH.CE,1761,23,
Franklin County,US.MO.FR,1757,29,
Lauderdale County,US.AL.LU,1751,33,
Granville County,US.NC.GN,1746,50,
East Feliciana Parish,US.LA.EF,1745,69,
Flagler County,US.FL.FL,1744,25,
Roanoke city,US.VA.RO,1744,27,
Lamar County,US.MS.LM,1743,36,
LaSalle County,US.IL.LA,1742,57,
Blue Earth County,US.MN.BE,1736,6,
Madison County,US.IN.MD,1730,86,
Gibson County,US.TN.GB,1726,24,
St. Louis County,US.MN.ST,1725,42,
Napa County,US.CA.NA,1724,13,
Sutter County,US.CA.SU,1720,11,
Moore County,US.NC.ME,1703,29,
Garfield County,US.OK.GF,1701,20,
Wright County,US.MN.WR,1701,7,
Mississippi County,US.AR.MS,1694,51,
Oconee County,US.SC.OC,1694,27,
Chatham County,US.NC.CH,1689,58,
Sioux County,US.IA.SI,1687,3,
Laurens County,US.SC.LU,1685,56,
Colbert County,US.AL.CL,1677,26,
Caldwell County,US.NC.CL,1675,18,
Seward County,US.KS.SW,1669,5,
Trousdale County,US.TN.TR,1669,7,
Craven County,US.NC.CN,1669,39,
Rockwall County,US.TX.RC,1662,26,
Lee County,US.NC.LE,1661,15,
Lake County,US.OH.LK,1660,51,
Lincoln County,US.NC.LI,1659,14,
Stark County,US.ND.SR,1659,14,
Laurens County,US.GA.LR,1657,74,
Habersham County,US.GA.HB,1654,67,
Brunswick County,US.NC.BS,1646,27,
Broome County,US.NY.BO,1642,85,
Malheur County,US.OR.ML,1642,30,
Comanche County,US.OK.CM,1640,13,
Washington Parish,US.LA.WO,1638,67,
Chattahoochee County,US.GA.CH,1632,1,
Hunt County,US.TX.HT,1632,37,
Blount County,US.AL.BU,1621,15,
Escambia County,US.AL.ES,1616,24,
Nacogdoches County,US.TX.NC,1614,63,
Putnam County,US.NY.PU,1612,63,
DeKalb County,US.IL.DK,1604,38,
Sullivan County,US.NY.SL,1600,37,
Lowndes County,US.MS.LO,1598,58,
Macon County,US.IL.MC,1598,44,
Neshoba County,US.MS.NS,1597,104,
Jackson County,US.AL.JA,1597,12,
Boone County,US.KY.BO,1597,25,
Chilton County,US.AL.CI,1595,30,
Allen Parish,US.LA.AL,1590,50,
Middlesex County,US.CT.MI,1588,193,
St. John the Baptist Parish,US.LA.SO,1586,100,
Cole County,US.MO.CE,1584,14,
Hardeman County,US.TN.HA,1584,26,
DeSoto County,US.FL.DE,1566,25,
Okeechobee County,US.FL.OE,1566,27,
Erie County,US.PA.ER,1563,38,
Marathon County,US.WI.MH,1563,14,
Cherokee County,US.TX.CK,1561,30,
Jefferson County,US.WI.JE,1560,8,
Walker County,US.GA.WK,1552,36,
Muskegon County,US.MI.MG,1546,70,
Monroe County,US.MI.MO,1540,28,
Texas County,US.OK.TE,1540,10,
Greene County,US.OH.GR,1536,34,
Avoyelles Parish,US.LA.AV,1528,55,
Cass County,US.MO.CS,1527,24,
Caldwell County,US.TX.CW,1527,35,
LaPorte County,US.IN.LA,1523,41,
Portage County,US.WI.PT,1519,6,
St. Francis County,US.AR.SI,1519,6,
Panola County,US.MS.PA,1512,31,
Taylor County,US.TX.TA,1508,55,
Newton County,US.MO.NT,1507,15,
Sussex County,US.NJ.SU,1506,198,
Wayne County,US.TN.WY,1501,5,
Ware County,US.GA.WE,1501,59,
Wagoner County,US.OK.WG,1498,26,
Thomas County,US.GA.TH,1495,63,
Medina County,US.OH.MD,1493,39,
Coles County,US.IL.CE,1488,31,
Sunflower County,US.MS.SU,1485,46,
Polk County,US.GA.PO,1484,17,
Ozaukee County,US.WI.OZ,1480,19,
Miami County,US.OH.MM,1476,52,
Baker County,US.FL.BK,1475,12,
Jim Wells County,US.TX.JW,1475,37,
Allen County,US.OH.AN,1473,72,
Christian County,US.MO.CT,1472,6,
San Patricio County,US.TX.SP,1466,76,
Titus County,US.TX.TU,1460,28,
Carver County,US.MN.CV,1446,7,
Warren County,US.NJ.WA,1445,171,
Effingham County,US.GA.EF,1445,23,
Rockingham County,US.VA.RG,1445,22,
Calhoun County,US.MI.CU,1442,46,
Crawford County,US.AR.CW,1436,16,
Leflore County,US.MS.LL,1426,81,
Lynchburg city,US.VA.LY,1426,13,
Clay County,US.MN.CA,1424,41,
Dyer County,US.TN.DY,1420,17,
Lea County,US.NM.LE,1419,22,
Williamson County,US.IL.WS,1416,47,
Warren County,US.MS.WR,1415,50,
St. Bernard Parish,US.LA.SE,1411,30,
Iberville Parish,US.LA.IV,1410,58,
Floyd County,US.IN.FL,1410,67,
Warrick County,US.IN.WI,1409,45,
Covington County,US.AL.CV,1407,27,
Schenectady County,US.NY.SN,1405,46,
Daviess County,US.KY.DA,1405,14,
Dale County,US.AL.DE,1403,44,
Livingston County,US.MI.LI,1403,31,
Lincoln County,US.SD.LI,1385,2,
Bowie County,US.TX.BW,1382,53,
Gallatin County,US.MT.GL,1380,4,
Columbus County,US.NC.CM,1378,57,
Edgecombe County,US.NC.ED,1373,49,
Bedford County,US.TN.BD,1373,17,
Pottawatomie County,US.OK.PT,1371,10,
Coffee County,US.AL.CF,1371,6,
Sandoval County,US.NM.SD,1367,42,
Wharton County,US.TX.WN,1366,52,
Hardee County,US.FL.HD,1364,11,
Washington County,US.PA.WS,1364,30,
Tolland County,US.CT.TO,1359,67,
Whatcom County,US.WA.WA,1353,44,
Hampshire County,US.MA.HS,1353,144,
Rice County,US.MN.RI,1347,8,
Howard County,US.IN.HO,1347,67,
Mower County,US.MN.MW,1344,6,
Hardin County,US.TX.HN,1342,30,
Wapello County,US.IA.WP,1339,57,
Williamsburg County,US.SC.WI,1337,45,
Spalding County,US.GA.SD,1335,61,
Surry County,US.NC.SU,1334,23,
Hardin County,US.KY.HN,1334,11,
Lincoln Parish,US.LA.LN,1333,48,
Hunterdon County,US.NJ.HN,1330,125,
Toombs County,US.GA.TM,1330,49,
Gila County,US.AZ.GI,1328,56,
Christian County,US.KY.CH,1327,21,
Evangeline Parish,US.LA.EV,1327,32,
Taylor County,US.FL.TA,1327,13,
Whitman County,US.WA.WI,1319,0,
Webster County,US.IA.WE,1313,14,
Hanover County,US.VA.HV,1311,38,
Grant County,US.IN.GA,1310,39,
San Benito County,US.CA.SI,1310,11,
Chambers County,US.TX.CH,1309,8,
St. Mary's County,US.MD.SA,1306,57,
Camden County,US.GA.CD,1296,11,
Navarro County,US.TX.NV,1294,27,
Pontotoc County,US.MS.PO,1293,16,
Kosciusko County,US.IN.KO,1291,19,
Morton County,US.ND.MR,1289,26,
McCurtain County,US.OK.MU,1289,34,
Rockingham County,US.NC.RC,1286,14,
Albemarle County,US.VA.AB,1283,21,
Dickson County,US.TN.DI,1280,15,
Calumet County,US.WI.CA,1278,4,
Coffee County,US.TN.CF,1277,13,
Jackson County,US.IL.JC,1267,24,
Lane County,US.OR.LE,1267,17,
Newberry County,US.SC.NE,1266,27,
Webster Parish,US.LA.WR,1263,25,
Manitowoc County,US.WI.MW,1262,3,
Yell County,US.AR.YE,1258,29,
Eagle County,US.CO.EA,1257,10,
Pike County,US.MS.PI,1249,53,
Monroe County,US.MS.MR,1246,69,
Wilkes County,US.NC.WE,1244,34,
Jefferson Davis Parish,US.LA.JD,1241,39,
Chesterfield County,US.SC.CF,1237,37,
Charlottesville City,US.VA.CE,1233,28,
Lafayette County,US.FL.LF,1233,12,
Rutherford County,US.NC.RU,1231,32,
Fayette County,US.TN.FA,1227,19,
Brown County,US.SD.BW,1223,4,
Taney County,US.MO.TA,1219,31,
Cumberland County,US.TN.CU,1219,19,
Weakley County,US.TN.WE,1216,20,
Kitsap County,US.WA.KS,1216,12,
Pike County,US.AL.PK,1216,11,
Willacy County,US.TX.WY,1214,49,
Dodge County,US.NE.DE,1214,12,
Franklin County,US.NC.FR,1212,31,
Anderson County,US.TN.AN,1210,13,
Waupaca County,US.WI.WP,1210,20,
Lonoke County,US.AR.LO,1210,16,
Bartholomew County,US.IN.BA,1208,61,
Medina County,US.TX.ME,1207,45,
Sevier County,US.AR.SV,1206,18,
Culpeper County,US.VA.CP,1205,17,
Franklin Parish,US.LA.FR,1204,39,
Clinton County,US.IL.CN,1203,21,
Obion County,US.TN.OB,1202,11,
Copiah County,US.MS.CP,1199,33,
Lamar County,US.TX.LR,1199,35,
Loudon County,US.TN.LO,1199,6,
Hoke County,US.NC.HO,1195,18,
Catoosa County,US.GA.CS,1193,18,
Chaves County,US.NM.CH,1192,12,
Henderson County,US.TN.HS,1191,25,
Douglas County,US.WA.DO,1190,9,
York County,US.ME.YO,1188,16,
Adams County,US.IL.AD,1183,10,
Moore County,US.TX.MO,1182,22,
Carter County,US.TN.CT,1180,28,
Sherburne County,US.MN.SH,1177,14,
Scott County,US.MS.SC,1177,27,
Portage County,US.OH.PO,1177,66,
Schuylkill County,US.PA.SC,1175,52,
Plymouth County,US.IA.PM,1175,21,
Creek County,US.OK.CE,1175,34,
Chambers County,US.AL.CM,1175,42,
Accomack County,US.VA.AC,1175,19,
Scotland County,US.NC.SC,1174,13,
Yuba County,US.CA.YU,1172,8,
Cherokee County,US.SC.CK,1172,37,
Jackson County,US.OR.JA,1171,5,
Shelby County,US.IN.SH,1171,37,
Tallapoosa County,US.AL.TP,1171,85,
Greene County,US.TN.GE,1169,46,
Coahoma County,US.MS.CH,1167,30,
McMinn County,US.TN.MM,1163,25,
Le Flore County,US.OK.LE,1163,18,
Pettis County,US.MO.PS,1159,12,
Decatur County,US.GA.DC,1156,29,
Bryan County,US.GA.BY,1153,11,
Reno County,US.KS.RN,1148,4,
Atascosa County,US.TX.AT,1146,32,
Natchitoches Parish,US.LA.NA,1144,26,
Jefferson County,US.TN.JE,1144,14,
El Dorado County,US.CA.EL,1143,4,
Wayne County,US.GA.WY,1139,30,
Wakulla County,US.FL.WK,1139,10,
Mercer County,US.OH.MC,1139,19,
Boone County,US.IL.BO,1136,23,
Clinton County,US.IA.CN,1135,21,
Wayne County,US.IN.WY,1132,14,
Oldham County,US.KY.OL,1132,25,
Platte County,US.NE.PL,1131,4,
Bradford County,US.FL.BA,1127,8,
Jackson County,US.MI.JA,1123,45,
Lincoln County,US.MS.LI,1123,53,
Muscatine County,US.IA.MU,1122,55,
Fairbanks North Star Borough,US.AK.FA,1122,11,
Marshall County,US.MS.MS,1118,21,
McDonald County,US.MO.MA,1118,11,
Liberty County,US.GA.LB,1118,22,
Independence County,US.AR.IN,1116,20,
Pueblo County,US.CO.PU,1114,37,
Flathead County,US.MT.FL,1112,18,
Johnson County,US.MO.JO,1111,4,
Clarendon County,US.SC.CN,1108,67,
Grady County,US.OK.GD,1107,11,
Skagit County,US.WA.SG,1107,23,
Thurston County,US.WA.TH,1103,19,
Crawford County,US.IA.CW,1103,5,
Clarke County,US.AL.CK,1103,16,
Holmes County,US.MS.HO,1100,60,
Cherokee County,US.OK.CK,1099,8,
Grenada County,US.MS.GN,1098,36,
Ward County,US.ND.WR,1097,11,
Buffalo County,US.NE.BF,1097,6,
Grimes County,US.TX.GM,1091,32,
Woodward County,US.OK.WW,1091,4,
Dawson County,US.NE.DN,1090,13,
Lawrence County,US.TN.LW,1089,13,
Cecil County,US.MD.CE,1079,35,
Warren County,US.TN.WR,1077,7,
Washington County,US.FL.WS,1077,22,
Lyon County,US.KS.LY,1075,35,
Grant County,US.WI.GA,1074,19,
Salem County,US.NJ.SA,1072,89,
Crawford County,US.KS.CR,1070,8,
Henry County,US.VA.HY,1070,26,
Shelby County,US.KY.SH,1067,24,
Macon County,US.TN.MC,1067,21,
Monroe County,US.TN.MR,1066,18,
Yazoo County,US.MS.YZ,1066,31,
Stephens County,US.GA.SE,1064,38,
Lee County,US.AR.LE,1063,18,
Cerro Gordo County,US.IA.CG,1063,21,
Pointe Coupee Parish,US.LA.PO,1062,40,
Saratoga County,US.NY.SR,1060,15,
Butler County,US.PA.BT,1059,25,
Gonzales County,US.TX.GA,1058,18,
Emanuel County,US.GA.EM,1058,31,
Dillon County,US.SC.DI,1058,39,
Colleton County,US.SC.CT,1056,42,
Kandiyohi County,US.MN.KD,1056,3,
Hardin County,US.TN.HI,1055,16,
Northumberland County,US.PA.NU,1053,57,
Worcester County,US.MD.WO,1053,27,
Montgomery County,US.NC.MO,1052,30,
Vernon Parish,US.LA.VN,1051,51,
Simpson County,US.MS.SI,1050,47,
Vance County,US.NC.VA,1050,44,
Okanogan County,US.WA.OK,1049,10,
Chester County,US.SC.CR,1047,21,
Williams County,US.ND.WI,1046,7,
Halifax County,US.NC.HL,1040,19,
Levy County,US.FL.LV,1040,9,
Matagorda County,US.TX.MD,1036,48,
Appling County,US.GA.AP,1035,29,
Bannock County,US.ID.BO,1027,4,
St. Clair County,US.MI.SA,1027,56,
Cape May County,US.NJ.CP,1026,96,
Richmond County,US.NC.RI,1026,17,
Camden County,US.MO.CM,1023,11,
Madison County,US.FL.MD,1022,20,
Santa Fe County,US.NM.ST,1021,6,
Marshall County,US.IN.MS,1021,24,
Bay County,US.MI.BY,1018,52,
Boone County,US.IN.BO,1017,49,
Lenoir County,US.NC.LN,1014,33,
Summit County,US.UT.SU,1014,1,
Tate County,US.MS.TT,1012,38,
McDowell County,US.NC.MW,1011,27,
St. Croix County,US.WI.SI,1011,8,
Berkeley County,US.WV.BE,1009,15,
Dubois County,US.IN.DU,1009,19,
Pittsylvania County,US.VA.PS,1008,10,
Chicot County,US.AR.CT,1007,22,
Beauregard Parish,US.LA.BE,1007,37,
Ellis County,US.KS.EL,1005,4,
Lauderdale County,US.TN.LU,1003,16,
Kleberg County,US.TX.KL,1003,43,
Union County,US.MS.UN,1002,24,
Washington County,US.OK.WN,1000,40,
Osage County,US.OK.OS,1000,13,
Haywood County,US.TN.HY,998,21,
DeWitt County,US.TX.DE,997,38,
Marinette County,US.WI.MT,995,8,
Franklin County,US.TN.FR,994,10,
Windham County,US.CT.WI,990,16,
Sauk County,US.WI.SU,987,3,
Lavaca County,US.TX.LA,986,35,
Bryan County,US.OK.BR,978,4,
Frio County,US.TX.FO,977,9,
Marion County,US.AL.MI,975,29,
Shawano County,US.WI.SA,974,1,
Henderson County,US.TX.HD,973,23,
Beaufort County,US.NC.BA,971,24,
Pittsburg County,US.OK.PI,969,19,
Union Parish,US.LA.UN,969,43,
Elko County,US.NV.EL,968,10,
Oconto County,US.WI.OC,968,4,
Warren County,US.IA.WR,967,6,
Pender County,US.NC.PD,966,7,
Hood County,US.TX.HO,966,27,
Union County,US.FL.UN,966,15,
Rusk County,US.TX.RK,964,11,
Leake County,US.MS.LK,963,38,
Hancock County,US.IN.HC,963,46,
Calvert County,US.MD.CL,961,28,
Erie County,US.OH.ER,960,47,
Butler County,US.KS.BU,958,3,
Mendocino County,US.CA.MI,954,18,
Garfield County,US.CO.GA,949,5,
Adams County,US.MS.AD,945,37,
Randolph County,US.IL.RA,945,11,
Tuscarawas County,US.OH.TU,943,20,
Wayne County,US.OH.WE,942,68,
Richland County,US.OH.RI,941,19,
Fauquier County,US.VA.FQ,939,25,
Karnes County,US.TX.KS,937,16,
Laurel County,US.KY.LU,936,6,
Marlboro County,US.SC.ML,934,11,
Noble County,US.IN.NO,933,33,
Sumter County,US.GA.SU,933,62,
Big Horn County,US.MT.BI,928,22,
Lake County,US.TN.LK,925,2,
McNairy County,US.TN.MA,925,18,
Winona County,US.MN.WN,920,18,
Butler County,US.AL.BT,917,40,
Lumpkin County,US.GA.LP,917,14,
Bingham County,US.ID.BG,916,10,
Rensselaer County,US.NY.RE,916,42,
Bladen County,US.NC.BL,914,15,
Carroll County,US.TN.CR,913,20,
Wayne County,US.MS.WY,912,21,
Roane County,US.TN.RA,912,6,
Pearl River County,US.MS.PL,909,53,
Columbia County,US.PA.CO,907,35,
Sequoyah County,US.OK.SQ,907,11,
West Baton Rouge Parish,US.LA.WB,906,41,
Ross County,US.OH.RO,904,26,
De Soto Parish,US.LA.DE,904,35,
Walla Walla County,US.WA.WL,901,5,
Union County,US.AR.UN,901,38,
Bullitt County,US.KY.BI,900,10,
Harrison County,US.TX.HR,898,32,
Wilson County,US.TX.WS,897,26,
Marion County,US.SC.MI,896,25,
Watauga County,US.NC.WT,896,1,
Frederick County,US.VA.FK,895,13,
Greene County,US.AR.GE,894,10,
Deaf Smith County,US.TX.DI,892,22,
Tooele County,US.UT.TE,891,0,
Scott County,US.MO.ST,891,17,
Roanoke County,US.VA.RE,891,9,
Barbour County,US.AL.BR,886,7,
Danville City,US.VA.DA,885,28,
Campbell County,US.KY.CM,884,16,
McClain County,US.OK.ML,884,7,
Codington County,US.SD.CD,882,6,
Wood County,US.WI.WO,881,5,
Erath County,US.TX.ER,880,12,
Effingham County,US.IL.EF,879,2,
Payette County,US.ID.PA,879,8,
Prentiss County,US.MS.PN,879,18,
Logan County,US.CO.LO,878,6,
Madison Parish,US.LA.MA,878,8,
Shasta County,US.CA.SH,875,20,
Ottawa County,US.OK.OT,875,6,
Gulf County,US.FL.GU,875,14,
Marion County,US.MS.MI,871,36,
Jasper County,US.IA.JS,868,32,
White County,US.AR.WH,866,27,
Adams County,US.WA.AD,864,10,
Bledsoe County,US.TN.BE,862,4,
Johnson County,US.AR.JO,859,7,
Deschutes County,US.OR.DE,859,12,
Sabine Parish,US.LA.SB,857,13,
Waller County,US.TX.WR,856,14,
Polk County,US.TX.PK,856,22,
James City County,US.VA.JA,856,21,
White County,US.TN.WH,855,10,
Madison County,US.OH.MO,855,12,
Rhea County,US.TN.RH,854,13,
Hamilton County,US.FL.HM,853,8,
Itawamba County,US.MS.IT,850,21,
Okmulgee County,US.OK.OM,849,7,
Cabell County,US.WV.CB,843,10,
Graham County,US.AZ.GA,843,25,
Miller County,US.AR.ML,841,11,
Eddy County,US.NM.ED,839,11,
Madison County,US.NE.MA,839,5,
Chittenden County,US.VT.CH,837,39,
Murray County,US.GA.MA,837,6,
Adams County,US.PA.AD,837,26,
White County,US.GA.WH,837,19,
Tattnall County,US.GA.TT,836,11,
Henry County,US.IN.HY,834,26,
Dixie County,US.FL.DI,834,8,
Alcorn County,US.MS.AL,832,11,
Covington County,US.MS.CV,830,23,
Hawkins County,US.TN.HW,827,20,
Howard County,US.TX.HW,823,16,
Calhoun County,US.TX.CU,823,7,
Edgefield County,US.SC.ED,823,18,
Jasper County,US.SC.JA,822,20,
Dawson County,US.GA.DW,821,7,
Prince George County,US.VA.PG,820,5,
Gilmer County,US.GA.GI,820,13,
Cheatham County,US.TN.CA,819,9,
Curry County,US.NM.CU,818,6,
Vermilion County,US.IL.VE,817,4,
Lenawee County,US.MI.LN,814,18,
Mitchell County,US.GA.MT,813,45,
Burke County,US.GA.BE,813,10,
Darke County,US.OH.DA,811,44,
St. James Parish,US.LA.SJ,810,40,
Fayette County,US.PA.FA,809,7,
Shenandoah County,US.VA.SN,806,58,
Beadle County,US.SD.BA,804,9,
Washington County,US.RI.WA,803,67,
Des Moines County,US.IA.DS,801,8,
Dunklin County,US.MO.DU,800,8,
Pulaski County,US.KY.PU,800,10,
Jefferson County,US.GA.JR,797,29,
Upson County,US.GA.UP,796,62,
Harris County,US.GA.HI,794,22,
Missoula County,US.MT.MS,794,3,
Greensville County,US.VA.GS,794,11,
St. Joseph County,US.MI.SJ,793,11,
Caddo County,US.OK.CD,791,21,
Uvalde County,US.TX.UV,790,34,
Barren County,US.KY.BN,790,13,
Colfax County,US.NE.CO,789,5,
Richland Parish,US.LA.RI,788,12,
Lincoln County,US.MO.LO,787,3,
Jackson County,US.OK.JA,785,10,
George County,US.MS.GR,784,13,
Morehouse Parish,US.LA.MO,783,22,
Ben Hill County,US.GA.BL,782,24,
Wasatch County,US.UT.WA,781,7,
Marshall County,US.TN.MS,781,5,
Jackson County,US.IN.JC,780,11,
Muhlenberg County,US.KY.MU,780,12,
Newton County,US.MS.NW,778,24,
Grady County,US.GA.GD,778,22,
Henderson County,US.KY.HE,778,4,
Tallahatchie County,US.MS.TL,777,24,
Allegan County,US.MI.AL,776,7,
Scott County,US.KY.SC,776,11,
Bedford County,US.VA.BF,776,13,
Delaware County,US.OK.DL,775,25,
Fairfield County,US.SC.FA,772,35,
Union County,US.GA.UN,771,20,
Henry County,US.IA.HE,771,4,
Chattooga County,US.GA.CG,771,22,
Brookings County,US.SD.BK,771,2,
Overton County,US.TN.OV,770,6,
Yamhill County,US.OR.YA,769,14,
Marion County,US.IA.MI,769,7,
Van Buren County,US.MI.VA,769,17,
Madison County,US.ID.MA,768,1,
Wise County,US.TX.WE,768,14,
Whiteside County,US.IL.WD,765,21,
Jerome County,US.ID.JR,764,7,
Southampton County,US.VA.SA,760,25,
Assumption Parish,US.LA.AS,760,24,
Berkshire County,US.MA.BE,759,50,
West Feliciana Parish,US.LA.WF,758,25,
Hertford County,US.NC.HD,755,30,
Morgan County,US.CO.MN,755,48,
Holmes County,US.FL.HO,755,7,
Cocke County,US.TN.CE,753,10,
Iron County,US.UT.RN,753,3,
Franklin County,US.GA.FR,752,13,
Saline County,US.KS.SA,752,11,
Morgan County,US.IN.MG,752,43,
Isle of Wight County,US.VA.IS,750,19,
Winston County,US.AL.WN,750,13,
Oconee County,US.GA.OC,750,26,
McCracken County,US.KY.MK,746,10,
Winston County,US.MS.WN,746,19,
Yadkin County,US.NC.YD,746,9,
Tama County,US.IA.TM,745,32,
Radford city,US.VA.RD,745,1,
Petersburg city,US.VA.PB,745,29,
Saline County,US.NE.SL,743,2,
Lassen County,US.CA.LS,741,0,
Mercer County,US.PA.ME,741,18,
Graves County,US.KY.GV,740,29,
Smith County,US.TN.SH,740,11,
Athens County,US.OH.AS,740,2,
Burnet County,US.TX.BT,739,12,
Boone County,US.AR.BO,736,13,
Geauga County,US.OH.GE,733,49,
Lyon County,US.MN.LY,733,4,
Barnwell County,US.SC.BN,732,16,
Ogle County,US.IL.OG,732,6,
Johnson County,US.TN.JO,732,3,
Hancock County,US.OH.HN,731,10,
Indiana County,US.PA.IN,730,12,
Cascade County,US.MT.CS,729,5,
Cassia County,US.ID.CS,729,5,
Fremont County,US.WY.FR,729,14,
Saline County,US.MO.SI,728,9,
Marengo County,US.AL.ME,726,20,
Belmont County,US.OH.BE,724,27,
Androscoggin County,US.ME.AN,723,10,
Waseca County,US.MN.WE,722,8,
Jeff Davis County,US.GA.JF,720,20,
Lee County,US.SC.LE,719,35,
Madison County,US.TX.AD,719,6,
Mecklenburg County,US.VA.ME,719,33,
Carteret County,US.NC.CE,718,5,
Isabella County,US.MI.IB,716,14,
Platte County,US.MO.PT,711,10,
Pasquotank County,US.NC.PU,709,31,
Laramie County,US.WY.LA,707,4,
Blair County,US.PA.BL,705,18,
Columbia County,US.WI.CO,705,3,
Custer County,US.OK.CU,704,0,
Tishomingo County,US.MS.TS,703,38,
Hawaii County,US.HI.HA,703,15,
San Juan County,US.UT.SJ,701,29,
Lee County,US.GA.LE,699,26,
Lycoming County,US.PA.LY,699,25,
Minidoka County,US.ID.MI,695,8,
Madison County,US.GA.MD,694,8,
Monroe County,US.GA.MN,693,51,
Pierce County,US.WI.PI,693,7,
Chickasaw County,US.MS.CS,692,24,
Putnam County,US.GA.PT,692,25,
Saluda County,US.SC.SA,691,21,
Fannin County,US.TX.FI,691,15,
Clinton County,US.MI.CN,691,14,
Eaton County,US.MI.EA,690,10,
Plaquemines Parish,US.LA.PL,689,19,
Carroll County,US.AR.CL,688,10,
Carroll County,US.IA.CL,687,5,
Tippah County,US.MS.TP,687,18,
Lawrence County,US.OH.LW,686,22,
Monroe County,US.IL.MR,686,16,
Dearborn County,US.IN.DR,686,30,
Daviess County,US.IN.DI,683,31,
Buckingham County,US.VA.BK,681,9,
Knox County,US.IL.KX,680,3,
Cowlitz County,US.WA.CW,679,7,
Grundy County,US.IL.GU,677,5,
Elbert County,US.GA.EL,677,3,
Pulaski County,US.MO.PA,676,5,
Washington County,US.GA.WG,675,8,
Trempealeau County,US.WI.TR,675,2,
Blaine County,US.ID.BL,674,6,
Peach County,US.GA.PH,672,24,
Callaway County,US.MO.CA,672,3,
Morgan County,US.IL.MG,672,23,
Attala County,US.MS.AT,672,25,
Marion County,US.MO.MO,671,14,
Pickens County,US.AL.PC,670,14,
Hill County,US.TX.HI,670,14,
Henry County,US.IL.HY,669,5,
Shelby County,US.OH.SH,669,10,
Laclede County,US.MO.LD,668,4,
Franklin County,US.KY.FR,667,12,
Queen Anne's County,US.MD.QU,666,26,
Randolph County,US.AL.RA,666,13,
Polk County,US.MO.PO,666,3,
Webster County,US.MO.WE,665,5,
Poinsett County,US.AR.PN,663,14,
Hampton County,US.SC.HA,663,27,
Ashtabula County,US.OH.AB,662,48,
Bureau County,US.IL.BU,659,11,
Jackson County,US.NC.JA,659,7,
Lowndes County,US.AL.LO,659,27,
Butler County,US.MO.BE,659,7,
Butts County,US.GA.BU,659,42,
Fannin County,US.GA.FN,658,24,
Bibb County,US.AL.BI,658,10,
Caroline County,US.MD.CO,654,7,
Mayes County,US.OK.MY,653,11,
Broomfield County and City,US.CO.BR,653,33,
Nodaway County,US.MO.NO,651,7,
Chester County,US.TN.CS,650,11,
Hale County,US.AL.HA,649,28,
Bamberg County,US.SC.BM,649,33,
LaGrange County,US.IN.LG,649,11,
Jackson Parish,US.LA.JA,648,22,
Scurry County,US.TX.SU,646,4,
Cherokee County,US.NC.CO,646,12,
Geneva County,US.AL.GE,644,4,
Giles County,US.TN.GL,644,17,
Lee County,US.IA.LE,643,7,
Washington County,US.TX.WH,641,48,
Rosebud County,US.MT.RS,639,19,
Clinton County,US.IN.CI,638,18,
Hopkins County,US.KY.HO,637,39,
Mesa County,US.CO.ME,636,7,
Branch County,US.MI.BC,635,5,
Lawrence County,US.MO.LW,635,4,
Adair County,US.OK.AD,634,10,
Charlton County,US.GA.CT,634,7,
Howell County,US.MO.HW,634,3,
Perry County,US.MO.PR,634,7,
Lawrence County,US.AL.LW,634,25,
Lincoln County,US.TN.LI,633,1,
Henry County,US.TN.HR,630,9,
Fayette County,US.WV.FA,629,13,
Lapeer County,US.MI.LP,627,36,
Winn Parish,US.LA.WI,627,18,
Franklin County,US.FL.FR,626,4,
Putnam County,US.OH.PU,625,23,
Auglaize County,US.OH.AU,625,11,
Jefferson County,US.IL.JF,624,38,
Matanuska-Susitna Borough,US.AK.MA,622,2,
Midland County,US.MI.MD,621,11,
Logan County,US.WV.LO,620,42,
Pickens County,US.GA.PE,619,10,
Dunn County,US.WI.DN,618,0,
Greene County,US.NC.GE,618,5,
Jessamine County,US.KY.JS,617,0,
Cherokee County,US.AL.CH,617,13,
Kay County,US.OK.KA,616,13,
Manassas Park city,US.VA.MP,616,8,
Calhoun County,US.FL.CA,616,11,
Haywood County,US.NC.HW,613,31,
Pierce County,US.GA.PR,611,20,
Clarke County,US.MS.CE,610,48,
Calloway County,US.KY.CW,608,8,
Jackson County,US.TX.JA,608,16,
Bullock County,US.AL.BL,607,14,
Anson County,US.NC.AN,606,4,
McDuffie County,US.GA.MU,605,14,
Macon County,US.NC.MN,604,2,
Walthall County,US.MS.WT,604,26,
Harrison County,US.IN.HI,601,26,
Cass County,US.MI.CS,600,17,
Hickman County,US.TN.HN,600,8,
Clay County,US.MS.CY,599,18,
Bacon County,US.GA.BC,599,14,
Wright County,US.IA.WG,597,1,
Glenn County,US.CA.GL,596,3,
Hancock County,US.MS.HN,595,22,
Putnam County,US.IN.PT,595,11,
Bertie County,US.NC.BT,594,9,
Chippewa County,US.WI.CH,594,0,
Dorchester County,US.MD.DO,594,10,
Kerr County,US.TX.KR,592,10,
Columbia County,US.NY.CU,592,47,
Clay County,US.AL.CY,591,8,
Kewaunee County,US.WI.KW,591,2,
Monroe County,US.AL.MR,590,8,
Van Zandt County,US.TX.VN,589,19,
Merrimack County,US.NH.ME,588,23,
Sandusky County,US.OH.SA,587,20,
Chautauqua County,US.NY.CQ,585,4,
Washington County,US.VA.WG,585,20,
Cambria County,US.PA.CI,585,7,
Natrona County,US.WY.NA,584,4,
Palo Pinto County,US.TX.PO,582,15,
Prince Edward County,US.VA.PD,582,12,
Abbeville County,US.SC.AB,582,13,
Tehama County,US.CA.TE,581,5,
Jasper County,US.MS.JS,581,15,
Jefferson County,US.ID.JF,581,2,
Valencia County,US.NM.VA,581,4,
Brown County,US.TX.BN,580,25,
Pike County,US.PA.PI,579,22,
Jones County,US.TX.JN,577,0,
Putnam County,US.WV.PU,576,8,
Union County,US.SC.UN,574,12,
DeKalb County,US.TN.DE,574,14,
Box Elder County,US.UT.BE,573,5,
Limestone County,US.TX.LO,572,14,
Huron County,US.OH.HU,572,7,
Adams County,US.NE.AD,570,12,
Marion County,US.IL.MO,569,2,
Davie County,US.NC.DV,568,6,
Talbot County,US.MD.TA,565,6,
Clay County,US.SD.CY,564,6,
Benton County,US.MN.BN,563,3,
Monroe County,US.WI.MO,563,3,
Jefferson County,US.FL.JE,563,9,
Teton County,US.WY.TE,560,1,
Christian County,US.IL.CI,560,11,
Logan County,US.KY.LO,560,28,
Crisp County,US.GA.CP,560,17,
Washington County,US.AL.WS,560,12,
Jones County,US.GA.JE,559,8,
Green County,US.WI.GN,558,3,
Noxubee County,US.MS.NO,558,16,
Albany County,US.WY.AL,557,0,
Strafford County,US.NH.ST,557,13,
Beckham County,US.OK.BC,556,3,
Macoupin County,US.IL.MP,556,7,
Carter County,US.OK.CR,555,8,
Steele County,US.MN.SE,555,2,
Crow Wing County,US.MN.CW,554,18,
Union County,US.OH.UN,551,2,
Marion County,US.TN.MI,551,8,
York County,US.VA.YO,549,8,
Cook County,US.GA.CO,549,13,
East Carroll Parish,US.LA.EC,548,4,
Franklin County,US.IL.FR,548,3,
Meade County,US.SD.MD,548,5,
Nicollet County,US.MN.NI,547,17,
Gibson County,US.IN.GI,547,5,
Freeborn County,US.MN.FR,546,4,
Fredericksburg City,US.VA.FB,546,5,
Fentress County,US.TN.FE,546,3,
Jefferson County,US.OR.JE,545,8,
Meriwether County,US.GA.MW,545,13,
La Paz County,US.AZ.LA,545,15,
Smith County,US.MS.SM,545,15,
Crockett County,US.TN.CK,544,19,
Crenshaw County,US.AL.CA,543,32,
Kittitas County,US.WA.KT,542,22,
Perry County,US.AL.PE,542,6,
Glades County,US.FL.GL,541,4,
Nevada County,US.CA.NE,541,7,
Conecuh County,US.AL.CO,539,11,
Knox County,US.IN.KN,538,9,
Lewis County,US.WA.LE,537,5,
Fayette County,US.IN.FA,537,14,
New Madrid County,US.MO.NW,537,16,
Pemiscot County,US.MO.PM,536,10,
Worth County,US.GA.WO,535,30,
Colusa County,US.CA.CL,535,6,
Stephenson County,US.IL.SN,535,6,
Polk County,US.OR.PO,535,15,
Watonwan County,US.MN.WT,535,4,
Decatur County,US.TN.DC,534,7,
Lafayette County,US.MO.LF,533,2,
Wilcox County,US.AL.WC,532,11,
Lawrence County,US.PA.LW,531,23,
Houghton County,US.MI.HO,531,1,
Dickinson County,US.IA.DI,530,6,
Scioto County,US.OH.SC,528,7,
Alexander County,US.NC.AE,528,7,
Calhoun County,US.MS.CN,527,12,
Wood County,US.TX.WO,526,24,
Oceana County,US.MI.OA,526,6,
Raleigh County,US.WV.RL,526,8,
Linn County,US.OR.LN,525,13,
Brooks County,US.GA.BO,523,26,
Stewart County,US.GA.SW,522,14,
Boone County,US.IA.BO,522,8,
Shiawassee County,US.MI.SH,521,32,
Stoddard County,US.MO.SD,520,13,
Union County,US.IL.UN,520,24,
Lawrence County,US.IN.LW,520,31,
Newport County,US.RI.NE,518,5,
Chisago County,US.MN.CG,517,1,
Liberty County,US.FL.LI,517,8,
Montgomery County,US.IN.MM,515,22,
Tuscola County,US.MI.TU,515,31,
Hart County,US.GA.HT,515,13,
Stutsman County,US.ND.SU,515,3,
Claiborne Parish,US.LA.CI,513,23,
Smyth County,US.VA.SM,512,20,
Gilchrist County,US.FL.GI,512,12,
Concordia Parish,US.LA.CR,512,14,
Craig County,US.OK.CG,511,1,
Miller County,US.MO.ML,510,1,
Henry County,US.AL.HE,510,5,
Nye County,US.NV.NY,510,15,
Nelson County,US.KY.NE,510,4,
Sussex County,US.VA.SS,509,11,
Morrow County,US.OR.MO,509,6,
Humboldt County,US.CA.HU,509,8,
Phillips County,US.AR.PH,509,12,
Greene County,US.GA.GE,508,24,
Barton County,US.KS.BT,507,7,
Todd County,US.MN.TO,507,2,
Augusta County,US.VA.AU,505,7,
Carroll County,US.VA.CL,505,24,
Winchester city,US.VA.WH,505,4,
Bell County,US.KY.BL,504,15,
Bremer County,US.IA.BR,504,7,
Logan County,US.OK.LG,504,1,
Barron County,US.WI.BR,504,5,
Cherokee County,US.KS.CK,502,8,
McLeod County,US.MN.MC,502,2,
Grays Harbor County,US.WA.GY,501,10,
Grant Parish,US.LA.GR,499,30,
Austin County,US.TX.AU,499,9,
Tunica County,US.MS.TU,499,15,
Oswego County,US.NY.OS,499,3,
Milam County,US.TX.MI,498,6,
Madison County,US.NY.MA,497,9,
Knox County,US.KY.KX,497,9,
Douglas County,US.WI.DG,497,0,
Delta County,US.MI.DE,496,8,
Seneca County,US.OH.SE,495,14,
Early County,US.GA.EA,495,33,
Carson City,US.NV.CA,494,8,
Barry County,US.MO.BR,494,6,
DeKalb County,US.IN.DE,493,12,
Adams County,US.IN.AD,492,4,
Chemung County,US.NY.CM,492,4,
McDonough County,US.IL.MU,491,15,
Grand Traverse County,US.MI.GN,491,9,
Phelps County,US.MO.PH,490,8,
White County,US.IN.WH,488,14,
Decatur County,US.IN.DC,488,42,
Banks County,US.GA.BS,487,8,
Haralson County,US.GA.HS,486,8,
Colorado County,US.TX.CO,486,4,
Morgan County,US.GA.MO,485,3,
Washington County,US.IA.WS,484,11,
Bienville Parish,US.LA.BI,484,32,
Macon County,US.AL.MC,483,18,
Fayette County,US.TX.FT,483,20,
Howard County,US.AR.HW,482,12,
Warren County,US.MO.WR,482,1,
Lincoln County,US.OR.LC,481,13,
Jasper County,US.TX.JR,480,26,
Saunders County,US.NE.SU,480,3,
Columbia County,US.AR.CI,480,18,
Shelby County,US.TX.SY,480,27,
Latah County,US.ID.LA,477,0,
Le Sueur County,US.MN.LU,476,4,
Ontario County,US.NY.OR,475,28,
Union County,US.PA.UN,475,6,
Allegany County,US.MD.AL,473,23,
Ottawa County,US.OH.OT,472,30,
Stone County,US.MO.SE,470,4,
Montgomery County,US.MS.MT,469,20,
Otter Tail County,US.MN.OT,469,4,
Fayette County,US.AL.FA,468,9,
Oneida County,US.WI.ON,467,2,
Carbon County,US.PA.CB,467,28,
Logan County,US.IL.LO,466,1,
Claiborne County,US.MS.CB,465,16,
Boyd County,US.KY.BD,465,8,
Candler County,US.GA.CR,464,19,
Ohio County,US.KY.OH,463,9,
Summit County,US.CO.SU,463,4,
Martin County,US.NC.MR,461,9,
Cooke County,US.TX.OO,461,6,
Campbell County,US.TN.CM,461,4,
Seminole County,US.OK.SM,460,6,
Lincoln County,US.OK.LI,460,10,
Beltrami County,US.MN.BT,460,5,
Northampton County,US.NC.NO,459,17,
Crawford County,US.IL.CW,459,4,
Pike County,US.KY.PI,458,3,
Calhoun County,US.SC.CH,458,17,
Campbell County,US.VA.CM,458,4,
Muskingum County,US.OH.MU,455,3,
Hughes County,US.SD.HG,453,5,
Stokes County,US.NC.SO,453,3,
Berrien County,US.GA.BN,452,12,
Kenai Peninsula Borough,US.AK.KN,452,3,
Franklin County,US.MA.FR,450,68,
Steuben County,US.NY.ST,450,43,
Stephens County,US.OK.ST,450,5,
Lawrence County,US.AR.LW,449,12,
Audrain County,US.MO.AU,447,4,
Preble County,US.OH.PR,447,16,
Union County,US.OR.UN,446,2,
Cross County,US.AR.CO,446,13,
Martin County,US.MN.MT,446,11,
Claiborne County,US.TN.CI,445,5,
Armstrong County,US.PA.AR,444,18,
Atkinson County,US.GA.AT,443,3,
Clark County,US.WI.CL,443,8,
Miami County,US.IN.MI,443,4,
Yalobusha County,US.MS.YL,442,14,
Nez Perce County,US.ID.NE,442,24,
Duval County,US.TX.DU,441,16,
Parmer County,US.TX.PM,439,7,
Lyon County,US.NV.LY,438,7,
Lawrence County,US.MS.LW,437,14,
Sumter County,US.AL.SU,437,19,
Person County,US.NC.PN,437,8,
Jefferson County,US.WV.JE,436,4,
Warren County,US.VA.WR,435,7,
Ashley County,US.AR.AS,435,10,
Louisa County,US.IA.LO,434,15,
Delaware County,US.IA.DA,434,3,
Catahoula Parish,US.LA.CT,434,10,
Greene County,US.IN.GE,434,39,
Cooper County,US.MO.CP,434,2,
Bleckley County,US.GA.BK,434,21,
Pontotoc County,US.OK.PN,434,3,
Dawson County,US.TX.DW,433,10,
Lake County,US.CA.LK,433,10,
Lincoln County,US.NE.LI,431,4,
Washington County,US.MO.WS,430,10,
Randolph County,US.AR.RA,430,22,
Evans County,US.GA.EV,430,6,
Perry County,US.MS.PY,428,21,
Woodford County,US.IL.WO,428,6,
Dodge County,US.GA.DG,426,12,
Greenup County,US.KY.GU,425,4,
Andrews County,US.TX.AR,425,9,
Mercer County,US.WV.MR,425,28,
La Salle Parish,US.LA.LA,425,7,
Jenkins County,US.GA.JK,424,30,
Fayette County,US.IL.FA,424,3,
Geary County,US.KS.GE,424,2,
Mahaska County,US.IA.MK,424,19,
Cibola County,US.NM.CI,423,21,
Scotts Bluff County,US.NE.SC,423,8,
Franklin city,US.VA.FR,422,9,
Luna County,US.NM.LU,422,7,
Wise County,US.VA.WI,421,9,
Yankton County,US.SD.YA,420,4,
Galax city,US.VA.GA,418,30,
Lawrence County,US.SD.LW,418,5,
Montgomery County,US.KS.MG,418,6,
Johnson County,US.GA.JH,417,22,
Tompkins County,US.NY.TO,417,0,
Arkansas County,US.AR.AR,417,8,
Screven County,US.GA.SR,416,10,
Logan County,US.AR.LG,415,1,
Freestone County,US.TX.FE,414,2,
St. Helena Parish,US.LA.SH,414,4,
Harlan County,US.KY.HL,408,10,
Livingston County,US.MO.LV,408,1,
Menominee County,US.MI.MM,408,2,
Crawford County,US.MO.CF,407,4,
Polk County,US.TN.PO,407,10,
Livingston County,US.IL.LI,406,6,
Huntingdon County,US.PA.HU,405,6,
Jasper County,US.IN.JS,405,3,
Union County,US.SD.UN,404,7,
Bristol County,US.RI.BR,404,16,
Mason County,US.WA.MA,403,5,
Wayne County,US.WV.WA,403,10,
Shelby County,US.IL.SB,402,4,
Grayson County,US.KY.GY,402,14,
Amherst County,US.VA.AH,402,4,
Hopewell city,US.VA.HW,401,7,
Rio Arriba County,US.NM.RI,400,13,
Holmes County,US.OH.HL,399,9,
Scott County,US.IN.SC,399,13,
O'Brien County,US.IA.OB,398,9,
Steuben County,US.IN.SE,398,7,
Allendale County,US.SC.AL,398,6,
Cass County,US.IL.CS,398,11,
Dinwiddie County,US.VA.DN,398,11,
Page County,US.VA.PA,398,29,
Jersey County,US.IL.JR,395,15,
Cleburne County,US.AL.CB,394,5,
Grainger County,US.TN.GA,394,3,
Hancock County,US.GA.HC,393,42,
Juneau County,US.WI.JU,392,2,
Miami County,US.KS.MI,391,1,
Lee County,US.IL.LE,391,1,
Maui County,US.HI.MA,390,9,
Upshur County,US.TX.US,390,10,
Telfair County,US.GA.TF,390,19,
Goodhue County,US.MN.GO,389,9,
Greene County,US.MS.GE,389,17,
Cowley County,US.KS.CL,389,5,
Quitman County,US.MS.QU,387,5,
Panola County,US.TX.PN,386,26,
Warren County,US.NY.WR,386,30,
Roosevelt County,US.MT.RO,384,4,
Montrose County,US.CO.MO,384,13,
Marquette County,US.MI.MQ,384,12,
Whitley County,US.KY.WH,383,2,
Door County,US.WI.DO,383,3,
Montgomery County,US.IL.MT,382,13,
Harrison County,US.WV.HR,382,9,
Martinsville city,US.VA.MR,382,17,
Lamar County,US.AL.LM,382,2,
Pawnee County,US.KS.PN,382,0,
Clinch County,US.GA.CC,379,6,
Fluvanna County,US.VA.FV,379,9,
Stone County,US.MS.ST,379,13,
Waushara County,US.WI.WS,378,2,
Mingo County,US.WV.MO,377,9,
Humphreys County,US.MS.HU,377,15,
Franklin County,US.KS.FR,377,3,
Union County,US.TN.UO,376,2,
Newaygo County,US.MI.NE,376,2,
Hempstead County,US.AR.HE,376,4,
Pecos County,US.TX.PE,376,5,
Live Oak County,US.TX.LK,374,9,
Ohio County,US.WV.OH,374,6,
Wood County,US.WV.WO,374,6,
Garvin County,US.OK.GV,373,5,
Cass County,US.TX.CS,373,15,
Morgan County,US.MO.MG,373,2,
Houston County,US.TX.HS,373,11,
Ionia County,US.MI.II,371,7,
Lamar County,US.GA.LM,369,18,
Jackson County,US.KY.JA,368,17,
Iroquois County,US.IL.IR,367,19,
Lyon County,US.IA.LY,366,4,
Zavala County,US.TX.ZV,365,16,
Franklin County,US.VA.FN,365,3,
Caroline County,US.VA.CI,362,5,
Caswell County,US.NC.CS,362,5,
Avery County,US.NC.AV,362,0,
Washington County,US.ID.WA,361,6,
Stone County,US.AR.ST,361,13,
Chowan County,US.NC.CW,361,4,
Brunswick County,US.VA.BU,361,5,
Harvey County,US.KS.HV,361,8,
Hopkins County,US.TX.HP,360,8,
Wright County,US.MO.WG,359,0,
Little River County,US.AR.LT,359,25,
Camp County,US.TX.CP,358,11,
Kingfisher County,US.OK.KN,357,2,
Madison County,US.AR.MD,357,3,
Red River Parish,US.LA.RE,357,22,
Halifax County,US.VA.HL,357,6,
La Salle County,US.TX.LS,357,11,
Drew County,US.AR.DR,357,7,
Baxter County,US.AR.BA,357,2,
Seminole County,US.GA.SI,356,9,
Hockley County,US.TX.HC,356,8,
Jackson County,US.IA.JC,356,3,
Floyd County,US.IA.FL,355,3,
Bollinger County,US.MO.BI,355,1,
Hillsdale County,US.MI.HI,355,27,
Pine County,US.MN.PN,355,0,
Richmond County,US.VA.RI,354,4,
Uinta County,US.WY.UI,354,2,
Posey County,US.IN.PS,354,1,
Perry County,US.IL.PY,354,15,
Franklin County,US.IA.FN,352,18,
Itasca County,US.MN.IT,352,15,
Douglas County,US.MN.DU,352,2,
Allen County,US.KY.AL,351,9,
Choctaw County,US.AL.CC,351,12,
Clark County,US.AR.CK,350,4,
Saline County,US.IL.SE,350,4,
Adair County,US.MO.AD,350,0,
Green Lake County,US.WI.GL,349,0,
Union County,US.KY.UN,347,3,
West Carroll Parish,US.LA.WC,347,10,
Warren County,US.NC.WR,347,7,
Jefferson Davis County,US.MS.JD,346,11,
Elmore County,US.ID.EL,346,3,
Brantley County,US.GA.BA,345,10,
Benson County,US.ND.BE,344,6,
Gaines County,US.TX.GS,343,9,
Amite County,US.MS.AM,342,10,
Jefferson County,US.OH.JE,342,4,
Burleson County,US.TX.BU,342,6,
Bradley County,US.AR.BR,342,8,
Sullivan County,US.IN.SU,342,12,
Rabun County,US.GA.RB,341,9,
Benton County,US.TN.BN,341,8,
Glacier County,US.MT.GC,340,1,
Winneshiek County,US.IA.WH,340,6,
Otsego County,US.NY.OO,340,4,
Butler County,US.KY.BR,340,16,
Fulton County,US.NY.FU,339,28,
Webster County,US.MS.WE,339,13,
Perry County,US.KY.PR,339,9,
Wilkinson County,US.GA.WI,338,18,
Dooly County,US.GA.DO,338,14,
Montcalm County,US.MI.MC,338,6,
Herkimer County,US.NY.HE,337,10,
Henry County,US.OH.HE,337,15,
Wheeler County,US.GA.WL,336,11,
Lamb County,US.TX.LB,336,22,
Cass County,US.NE.CS,336,2,
Sweetwater County,US.WY.SW,336,2,
Jackson County,US.AR.JA,335,1,
Clay County,US.IA.CY,335,4,
Orleans County,US.NY.OL,335,55,
Benton County,US.MO.BN,335,3,
Bosque County,US.TX.BQ,335,6,
Cleburne County,US.AR.CB,334,8,
Chaffee County,US.CO.CA,334,19,
Towns County,US.GA.TW,334,9,
Kendall County,US.TX.KD,334,7,
Bond County,US.IL.BN,334,6,
Zapata County,US.TX.ZP,333,6,
Hamilton County,US.IA.HM,333,3,
Transylvania County,US.NC.TR,333,7,
Warren County,US.IL.WR,333,2,
Defiance County,US.OH.DF,332,12,
Benton County,US.IA.BN,332,1,
Jackson County,US.TN.JA,332,5,
Gem County,US.ID.GE,331,2,
Randolph County,US.GA.RN,331,29,
Oglethorpe County,US.GA.OG,330,11,
Clearfield County,US.PA.CF,329,6,
Texas County,US.MO.TE,329,2,
Terrell County,US.GA.TL,329,32,
Pike County,US.GA.PK,329,10,
Owyhee County,US.ID.OW,329,5,
Clay County,US.KY.CY,328,6,
McIntosh County,US.OK.MI,328,5,
Bonner County,US.ID.BR,327,0,
Polk County,US.MN.PL,327,4,
Orange County,US.VA.OR,327,4,
Young County,US.TX.YU,327,6,
Genesee County,US.NY.GE,327,6,
Snyder County,US.PA.SN,325,5,
Franklin County,US.IN.FR,325,26,
St. Lawrence County,US.NY.SI,325,4,
Moniteau County,US.MO.ME,324,4,
Choctaw County,US.OK.CA,324,2,
Clark County,US.KY.CK,324,8,
Carroll County,US.MS.CL,323,12,
Campbell County,US.WY.CM,323,1,
Greene County,US.NY.GR,323,14,
Aransas County,US.TX.AA,323,18,
Winnebago County,US.IA.WB,322,13,
Grayson County,US.VA.GY,322,15,
Calaveras County,US.CA.CA,322,14,
Benton County,US.OR.BE,322,6,
Morgan County,US.TN.MG,321,3,
Wayne County,US.NY.WN,321,3,
Jennings County,US.IN.JN,320,14,
Davison County,US.SD.DV,320,2,
Polk County,US.NC.PO,320,11,
Isanti County,US.MN.IS,319,1,
Brooks County,US.TX.BK,317,22,
Grundy County,US.TN.GU,317,6,
Barry County,US.MI.BR,317,4,
Tazewell County,US.VA.TA,316,2,
Douglas County,US.IL.DO,316,7,
Champaign County,US.OH.CH,314,3,
Gillespie County,US.TX.GL,314,10,
Adair County,US.KY.AD,314,19,
Gray County,US.TX.GY,314,6,
Marshall County,US.KY.MH,314,4,
Logan County,US.OH.LG,314,3,
Island County,US.WA.IS,313,12,
Robertson County,US.TX.RO,313,3,
Pulaski County,US.GA.PL,313,22,
Madison County,US.MO.MD,312,1,
Poweshiek County,US.IA.PW,311,8,
Ripley County,US.IN.RI,311,8,
Crawford County,US.PA.CW,311,3,
Montgomery County,US.GA.MM,310,5,
Atoka County,US.OK.AT,310,1,
Clay County,US.IN.CY,310,5,
Comanche County,US.TX.CE,309,4,
Hardin County,US.IA.HD,308,1,
Lewis and Clark County,US.MT.LE,308,3,
Wilkinson County,US.MS.WK,307,18,
Refugio County,US.TX.RF,307,14,
Douglas County,US.NV.DO,306,1,
Northampton County,US.VA.NA,305,31,
Lafayette County,US.WI.LF,305,0,
Botetourt County,US.VA.BO,305,10,
Turner County,US.GA.TR,305,23,
Greene County,US.AL.GR,305,15,
Clinton County,US.OH.CI,305,12,
Clay County,US.AR.CY,304,8,
Kent County,US.MD.KE,303,24,
Perry County,US.OH.PE,303,9,
Caldwell Parish,US.LA.CW,302,3,
Taylor County,US.KY.TA,301,7,
Washington County,US.NY.WS,301,14,
Desha County,US.AR.DE,300,6,
Mississippi County,US.MO.MI,300,3,
Irwin County,US.GA.IR,300,4,
Fulton County,US.OH.FU,299,1,
Atchison County,US.KS.AT,298,2,
Hughes County,US.OK.HU,297,4,
Gunnison County,US.CO.GU,297,7,
Wasco County,US.OR.WC,296,3,
Sheridan County,US.WY.SH,295,4,
Cannon County,US.TN.CN,295,0,
Lanier County,US.GA.LI,295,5,
Susquehanna County,US.PA.SS,294,28,
Louisa County,US.VA.LI,293,6,
Marquette County,US.WI.MQ,293,1,
Boyle County,US.KY.BE,293,0,
Wayne County,US.IL.WY,293,5,
Forest County,US.WI.FR,292,6,
Brown County,US.OH.BR,292,3,
Unicoi County,US.TN.UC,291,1,
City and Borough of Juneau,US.AK.JU,291,1,
Kemper County,US.MS.KE,291,15,
McIntosh County,US.GA.MH,291,7,
Oglala Lakota County,US.SD.SH,290,3,
Klamath County,US.OR.KL,290,2,
Knox County,US.OH.KN,289,15,
Orange County,US.IN.OR,289,26,
Buchanan County,US.IA.BC,288,1,
Gratiot County,US.MI.GT,288,15,
Gooding County,US.ID.GO,287,1,
Whitley County,US.IN.WL,287,6,
Franklin County,US.AR.FR,286,2,
Wells County,US.IN.WE,286,4,
Jones County,US.IA.JN,285,3,
Montgomery County,US.KY.MM,285,3,
Becker County,US.MN.BC,284,2,
Kossuth County,US.IA.KO,284,0,
Marion County,US.WV.MI,284,3,
Dade County,US.GA.DD,282,5,
Falls County,US.TX.FL,282,5,
Roosevelt County,US.NM.RO,282,4,
McLean County,US.ND.ML,281,3,
Lake County,US.MT.LA,281,1,
Haskell County,US.OK.HS,281,4,
Carroll County,US.IN.CO,280,13,
Carlton County,US.MN.CL,279,1,
Wabash County,US.IN.WB,279,8,
Simpson County,US.KY.SI,278,8,
Runnels County,US.TX.RN,278,6,
Woodford County,US.KY.WO,277,0,
Westmoreland County,US.VA.WM,276,3,
Patrick County,US.VA.PK,276,25,
Somerset County,US.MD.SO,276,5,
Butler County,US.IA.BE,276,2,
Starke County,US.IN.SR,275,8,
Goochland County,US.VA.GO,274,7,
Casey County,US.KY.CS,273,15,
Lee County,US.VA.LE,273,7,
Washington County,US.NE.WS,273,4,
Conway County,US.AR.CN,272,3,
Green County,US.KY.GN,272,8,
Dare County,US.NC.DE,272,3,
Russell County,US.VA.RU,272,5,
Cattaraugus County,US.NY.CG,271,8,
Salem city,US.VA.SE,271,6,
Spencer County,US.IN.SP,271,3,
Grant County,US.AR.GN,271,2,
Waynesboro city,US.VA.WS,271,3,
Washington County,US.IN.WS,270,2,
Emmet County,US.IA.EM,270,10,
Jackson County,US.WV.JA,270,23,
Morrison County,US.MN.MR,270,2,
Adams County,US.WI.AD,270,4,
Pamlico County,US.NC.PM,270,2,
Mountrail County,US.ND.MU,269,2,
Jo Daviess County,US.IL.JO,269,2,
Shelby County,US.IA.SH,269,1,
Chickasaw County,US.IA.CC,269,1,
Otero County,US.NM.OT,268,13,
Clarke County,US.IA.CK,268,3,
Ashe County,US.NC.AS,268,1,
Polk County,US.AR.PL,268,4,
Wilkes County,US.GA.WS,268,5,
McPherson County,US.KS.MP,268,1,
Silver Bow County,US.MT.SI,267,0,
Humphreys County,US.TN.HU,267,3,
Jackson County,US.OH.JA,266,7,
Nottoway County,US.VA.NY,266,18,
Sharkey County,US.MS.SH,266,14,
Clayton County,US.IA.CT,266,3,
Pottawatomie County,US.KS.PT,265,0,
Sac County,US.IA.SA,265,0,
Allamakee County,US.IA.AL,265,6,
Ouachita County,US.AR.OU,264,6,
Randolph County,US.MO.RN,264,2,
Staunton city,US.VA.SU,263,0,
Washington County,US.OH.WS,263,23,
La Plata County,US.CO.LA,263,2,
Morrow County,US.OH.MW,262,2,
Thurston County,US.NE.TU,262,4,
Dodge County,US.MN.DD,261,0,
Grant County,US.KS.GT,261,5,
Miller County,US.GA.ML,261,1,
Colonial Heights city,US.VA.CH,260,26,
Polk County,US.WI.PL,260,2,
Gage County,US.NE.GG,260,5,
Randolph County,US.IN.RA,260,8,
Nolan County,US.TX.NO,260,5,
Emporia city,US.VA.EM,259,26,
Andrew County,US.MO.AN,259,2,
Castro County,US.TX.AS,259,5,
Lawrence County,US.IL.LW,259,2,
Treutlen County,US.GA.TE,258,9,
Pawnee County,US.OK.PW,258,3,
Dallam County,US.TX.DL,257,9,
Amador County,US.CA.AM,257,16,
Hardin County,US.OH.HD,257,13,
Dimmit County,US.TX.DM,256,7,
Guthrie County,US.IA.GH,256,7,
Harrison County,US.IA.HR,256,3,
Cherokee County,US.IA.CE,255,2,
Lampasas County,US.TX.LP,254,8,
Penobscot County,US.ME.PE,254,6,
Cedar County,US.IA.CD,253,1,
Jefferson County,US.IN.JF,253,3,
Huntington County,US.IN.HU,253,3,
Hood River County,US.OR.HO,252,0,
Izard County,US.AR.IZ,252,0,
Randolph County,US.WV.RN,252,1,
Long County,US.GA.LG,251,3,
Chenango County,US.NY.CH,251,6,
Russell County,US.KY.RU,250,6,
Gloucester County,US.VA.GL,249,2,
Mercer County,US.KY.MC,248,2,
Fulton County,US.IN.FU,248,2,
Ashland County,US.OH.AL,248,4,
Crawford County,US.OH.CF,248,6,
Wilcox County,US.GA.WC,248,20,
Ramsey County,US.ND.RM,246,2,
Calhoun County,US.GA.CU,246,8,
Lincoln County,US.WI.LI,245,1,
Jackson County,US.KS.JA,245,2,
Clinton County,US.MO.CO,244,0,
Sequatchie County,US.TN.SQ,244,1,
Leon County,US.TX.LN,244,6,
Wythe County,US.VA.WY,244,4,
Newton County,US.AR.NW,244,19,
Vernon County,US.WI.VE,243,1,
Alamosa County,US.CO.AL,243,9,
Bedford County,US.PA.BO,243,6,
Richland County,US.ND.RI,243,1,
McKenzie County,US.ND.MK,242,2,
Tioga County,US.NY.TI,242,21,
Jefferson County,US.MS.JF,242,9,
Terry County,US.TX.TE,242,4,
Pike County,US.MO.PI,241,4,
Echols County,US.GA.EC,241,2,
Labette County,US.KS.LB,240,4,
Park County,US.WY.PA,240,2,
Douglas County,US.OR.DO,239,4,
Pipestone County,US.MN.PS,238,10,
Seward County,US.NE.SA,238,3,
Power County,US.ID.PO,237,1,
Rowan County,US.KY.RW,237,1,
Wayne County,US.PA.WN,237,10,
Barnes County,US.ND.BA,237,0,
McCormick County,US.SC.MC,236,6,
Pulaski County,US.VA.PU,236,5,
Alleghany County,US.NC.AL,236,0,
Vilas County,US.WI.VI,235,1,
Clay County,US.TN.CY,235,5,
Coshocton County,US.OH.CS,235,11,
Montgomery County,US.NY.MT,234,9,
Fayette County,US.OH.FY,234,6,
Houston County,US.TN.HO,234,3,
Macon County,US.GA.MC,234,10,
Carroll County,US.IL.CL,233,5,
Perry County,US.IN.PE,233,14,
Tipton County,US.IN.TT,233,25,
Benton County,US.MS.BE,233,3,
Meigs County,US.TN.ME,232,3,
Fayette County,US.IA.FT,232,2,
Chippewa County,US.MN.CP,232,1,
Highland County,US.OH.HI,231,3,
Clallam County,US.WA.CL,231,1,
Pike County,US.AR.PE,231,3,
Greene County,US.IL.GE,230,11,
Marion County,US.KY.MN,230,8,
Madison County,US.IA.MD,230,2,
Cottonwood County,US.MN.CT,229,0,
Mifflin County,US.PA.MI,229,2,
King George County,US.VA.KG,229,4,
Powhatan County,US.VA.PH,229,5,
Carbon County,US.WY.CB,228,2,
Sharp County,US.AR.SH,228,6,
Perry County,US.PA.PE,228,6,
Tuolumne County,US.CA.TO,227,4,
Boone County,US.WV.BN,227,1,
San Jacinto County,US.TX.SJ,227,9,
Tyler County,US.TX.TY,227,4,
Wayne County,US.MO.WY,226,0,
Huron County,US.MI.HU,226,5,
Lee County,US.TX.LE,226,14,
Cameron Parish,US.LA.CM,225,2,
Grundy County,US.IA.GN,225,3,
Yoakum County,US.TX.YA,224,5,
Bailey County,US.TX.BY,224,5,
Nevada County,US.AR.NV,223,13,
Hancock County,US.IL.HC,223,3,
Pitkin County,US.CO.PI,223,2,
Iosco County,US.MI.IC,223,12,
Meade County,US.KY.MA,222,3,
Stewart County,US.TN.SA,221,2,
Greene County,US.VA.GE,221,3,
Lewis County,US.KY.LI,221,14,
Jasper County,US.GA.JS,221,4,
Iowa County,US.IA.IO,221,1,
Hutchinson County,US.TX.UT,221,5,
Brewster County,US.TX.BS,220,3,
Mecosta County,US.MI.MT,220,3,
Sawyer County,US.WI.SW,219,1,
Scott County,US.TN.SC,219,2,
Somerset County,US.PA.SO,219,3,
Cayuga County,US.NY.CY,219,2,
Moultrie County,US.IL.MI,219,4,
Clatsop County,US.OR.CT,218,0,
Cumberland County,US.IL.CU,218,5,
Washington County,US.IL.WG,217,1,
Richland County,US.IL.RI,217,6,
Sanpete County,US.UT.SP,216,1,
Williams County,US.OH.WI,216,3,
Shoshone County,US.ID.SH,215,18,
Spencer County,US.KY.SP,215,0,
Kennebec County,US.ME.KE,215,11,
Yancey County,US.NC.YN,215,0,
Wyandot County,US.OH.WD,215,12,
Appomattox County,US.VA.AP,215,3,
Meeker County,US.MN.ME,213,2,
Taylor County,US.GA.TY,213,11,
Lincoln County,US.GA.LC,213,7,
Lincoln County,US.NM.LI,212,3,
Jasper County,US.IL.JS,212,10,
Roberts County,US.SD.RO,212,1,
Knott County,US.KY.KT,211,1,
Iowa County,US.WI.IO,211,0,
Sullivan County,US.MO.SV,209,0,
Walsh County,US.ND.WL,209,1,
Washington County,US.NC.WI,209,8,
Douglas County,US.MO.DO,208,3,
Clinton County,US.PA.CN,208,6,
Lewis County,US.TN.LE,208,1,
Monroe County,US.KY.MO,208,4,
Wilbarger County,US.TX.WG,207,2,
Burnett County,US.WI.BN,207,3,
Livingston County,US.NY.LI,207,6,
Palo Alto County,US.IA.PO,206,0,
Wabasha County,US.MN.WB,206,0,
Henry County,US.MO.HE,205,5,
Pike County,US.OH.PK,204,0,
Idaho County,US.ID.ID,203,0,
Floyd County,US.VA.FO,203,9,
Sumner County,US.KS.SU,203,3,
Ste. Genevieve County,US.MO.SG,203,1,
Josephine County,US.OR.JO,203,2,
Fremont County,US.ID.FE,202,3,
Sibley County,US.MN.SI,202,3,
San Augustine County,US.TX.SG,202,15,
Rush County,US.IN.RU,202,4,
Carroll County,US.KY.CL,201,5,
Lincoln County,US.KY.LN,200,13,
Reeves County,US.TX.RE,199,6,
Langlade County,US.WI.LN,199,2,
Bourbon County,US.KY.BU,199,1,
Jay County,US.IN.JY,198,0,
Hancock County,US.IA.HN,198,2,
Yellow Medicine County,US.MN.YE,198,2,
Lake County,US.SD.LK,198,7,
Franklin County,US.MS.FR,197,3,
Gallia County,US.OH.GA,197,13,
Iron County,US.MI.IR,197,2,
Taylor County,US.WI.TA,197,4,
Jefferson County,US.KS.JF,196,4,
Brown County,US.MN.BR,196,2,
Dickinson County,US.KS.DK,196,1,
Trinity County,US.TX.TR,196,7,
Lincoln County,US.WY.LI,196,1,
Carter County,US.KY.CR,196,3,
Twiggs County,US.GA.TG,195,7,
Grundy County,US.MO.GU,195,4,
Heard County,US.GA.HD,195,5,
Rolette County,US.ND.RO,195,5,
New Kent County,US.VA.NK,194,3,
Juniata County,US.PA.JU,194,7,
Bourbon County,US.KS.BB,194,3,
Henry County,US.KY.HY,194,2,
Dallas County,US.MO.DL,194,1,
Klickitat County,US.WA.KL,193,3,
Mitchell County,US.IA.ME,192,0,
Humboldt County,US.IA.HU,192,3,
Howard County,US.IA.HO,192,7,
Barton County,US.MO.BT,192,0,
Marion County,US.GA.MR,191,8,
Millard County,US.UT.MD,190,0,
Todd County,US.KY.TO,190,8,
Scott County,US.VA.SC,189,4,
Delta County,US.CO.DT,189,3,
Fulton County,US.IL.FU,188,0,
Greene County,US.PA.GR,188,1,
Inyo County,US.CA.IN,188,15,
Calhoun County,US.IA.CO,188,3,
Morris County,US.TX.MR,188,3,
Choctaw County,US.MS.CW,187,6,
Perquimans County,US.NC.PQ,187,3,
Montague County,US.TX.MU,187,4,
Vernon County,US.MO.VE,187,1,
Cass County,US.MN.CS,186,4,
Bristol city,US.VA.BI,186,5,
Custer County,US.SD.CU,186,2,
Love County,US.OK.LV,186,1,
Cleveland County,US.AR.CV,186,12,
Currituck County,US.NC.CI,184,3,
Floyd County,US.KY.FO,184,4,
Moore County,US.TN.MO,183,1,
Emmons County,US.ND.EM,183,1,
Williamsburg City,US.VA.WL,183,7,
Mills County,US.IA.ML,183,1,
Marshall County,US.OK.MH,183,2,
Columbia County,US.OR.CL,182,1,
Eastland County,US.TX.EA,182,3,
Trigg County,US.KY.TG,181,0,
Pulaski County,US.IL.PL,181,1,
Newton County,US.TX.NE,181,10,
Rock County,US.MN.RC,181,0,
Cortland County,US.NY.CD,181,1,
Johnston County,US.OK.JO,180,4,
Essex County,US.VA.ES,180,2,
Otsego County,US.MI.OS,180,11,
Hill County,US.MT.HI,179,3,
Marshall County,US.WV.MH,179,1,
Hart County,US.KY.HT,179,1,
Redwood County,US.MN.RW,178,3,
Harrison County,US.KY.HS,178,0,
Crawford County,US.WI.CR,177,0,
Meigs County,US.OH.MS,177,11,
Charles Mix County,US.SD.CH,177,0,
Teller County,US.CO.TE,177,4,
Knox County,US.NE.KN,176,0,
Howard County,US.MO.HR,176,2,
Rockcastle County,US.KY.RC,176,1,
Fremont County,US.CO.FR,176,1,
Clark County,US.IL.CK,176,3,
Newton County,US.IN.NE,175,12,
York County,US.NE.YO,174,2,
Van Buren County,US.AR.VA,174,3,
McCreary County,US.KY.MR,174,0,
Coosa County,US.AL.CS,174,3,
Guernsey County,US.OH.GU,174,8,
Murray County,US.MN.MU,174,2,
Mineral County,US.WV.ML,174,4,
Neosho County,US.KS.NO,173,0,
Northumberland County,US.VA.NU,173,6,
Montour County,US.PA.MO,173,5,
Owen County,US.IN.OW,172,2,
Page County,US.IA.PG,171,0,
Lincoln County,US.WV.LI,171,2,
Osceola County,US.IA.OS,171,0,
Jefferson County,US.NY.JE,170,1,
Martin County,US.IN.MN,170,0,
Teton County,US.ID.TE,170,0,
Ripley County,US.MO.RI,170,0,
Fulton County,US.AR.FU,169,3,
Pike County,US.IN.PI,169,1,
Mille Lacs County,US.MN.MI,169,3,
Cass County,US.IA.CS,169,2,
White County,US.IL.WE,169,0,
Grant County,US.KY.GT,169,6,
Essex County,US.NY.ES,168,13,
Stevens County,US.WA.ST,167,2,
Anderson County,US.KY.AN,167,1,
Ray County,US.MO.RY,167,0,
Hocking County,US.OH.HC,167,9,
Webster County,US.KY.WE,167,3,
Turner County,US.SD.TU,167,2,
Mono County,US.CA.MO,166,2,
Dallas County,US.AR.DA,166,4,
Van Buren County,US.TN.VA,166,0,
Crawford County,US.GA.CW,166,5,
Gasconade County,US.MO.GA,166,20,
Bradford County,US.PA.BF,166,4,
Talbot County,US.GA.TB,166,6,
Siskiyou County,US.CA.SK,166,0,
Pocahontas County,US.IA.PC,165,2,
Lyman County,US.SD.LY,165,3,
Graham County,US.NC.GH,165,3,
Crockett County,US.TX.CT,164,7,
Gogebic County,US.MI.GO,164,2,
Pushmataha County,US.OK.PU,164,2,
Garrard County,US.KY.GR,164,3,
Otoe County,US.NE.OT,163,1,
Elbert County,US.CO.EB,163,3,
Wayne County,US.NE.WY,162,0,
Red River County,US.TX.RV,162,14,
Tripp County,US.SD.TR,162,0,
Johnson County,US.IL.JH,162,0,
Clinton County,US.NY.CL,162,5,
Caldwell County,US.KY.CD,161,0,
Grant County,US.WV.GA,161,7,
King William County,US.VA.KW,161,2,
Monona County,US.IA.MO,161,1,
Monroe County,US.IA.MR,161,11,
Tensas Parish,US.LA.TN,161,2,
Johnson County,US.KY.JO,161,2,
Estill County,US.KY.ES,161,0,
Renville County,US.MN.RN,161,8,
Wabash County,US.IL.WB,160,3,
Jones County,US.NC.JN,159,11,
Osage County,US.MO.OS,159,2,
Bandera County,US.TX.BA,159,8,
Mitchell County,US.NC.MI,159,3,
Dickinson County,US.MI.DI,159,2,
Routt County,US.CO.RT,158,8,
Coos County,US.OR.CO,158,0,
Emmet County,US.MI.EM,158,4,
Letcher County,US.KY.LT,158,2,
Fulton County,US.KY.FU,157,3,
Preston County,US.WV.PR,157,4,
Clay County,US.IL.CY,157,0,
Jackson County,US.WI.JA,156,1,
Lucas County,US.IA.LU,156,6,
Mercer County,US.ND.ME,156,0,
McCulloch County,US.TX.MC,156,4,
Wayne County,US.KY.WY,155,0,
Montgomery County,US.AR.MT,154,5,
Goliad County,US.TX.GI,154,6,
Mason County,US.IL.MS,154,1,
Cuming County,US.NE.CM,154,0,
Jackson County,US.MN.JA,153,1,
Perry County,US.TN.PE,153,0,
Dewey County,US.SD.DW,153,0,
Richland County,US.WI.RI,153,4,
Sioux County,US.ND.SI,152,3,
Warren County,US.GA.WR,152,5,
Carroll County,US.OH.CO,152,7,
Noble County,US.OK.NB,152,2,
Macon County,US.MO.MN,151,0,
Monroe County,US.WV.ME,151,8,
Nowata County,US.OK.NW,151,4,
Cheshire County,US.NH.CH,151,3,
Lancaster County,US.VA.LA,151,0,
Ralls County,US.MO.RL,151,0,
Hancock County,US.WV.HN,150,0,
Marion County,US.TX.MN,150,14,
Prairie County,US.AR.PR,150,2,
Churchill County,US.NV.CH,150,3,
Dent County,US.MO.DN,150,2,
Iron County,US.WI.IR,150,1,
Kearney County,US.NE.KA,149,0,
Buchanan County,US.VA.BH,149,2,
Ravalli County,US.MT.RA,149,2,
Oxford County,US.ME.OX,149,1,
Sanilac County,US.MI.SL,149,7,
Alpena County,US.MI.AP,148,14,
Belknap County,US.NH.BE,148,4,
Faribault County,US.MN.FA,147,0,
Washington County,US.KY.WS,146,1,
Searcy County,US.AR.SA,146,1,
Somervell County,US.TX.SV,145,5,
Thomas County,US.KS.TH,145,0,
Buffalo County,US.WI.BF,145,2,
Taos County,US.NM.TA,145,4,
Blanco County,US.TX.BC,144,5,
Gates County,US.NC.GT,144,3,
Murray County,US.OK.MR,144,1,
Swift County,US.MN.SW,144,1,
Swain County,US.NC.SW,144,3,
Del Norte County,US.CA.DE,144,1,
Hamilton County,US.TX.HM,144,4,
Okfuskee County,US.OK.OF,143,5,
Mason County,US.WV.MN,143,6,
Grafton County,US.NH.GR,142,1,
Appanoose County,US.IA.AP,142,3,
Benewah County,US.ID.BA,142,3,
Mercer County,US.IL.ME,141,5,
Piatt County,US.IL.PA,141,0,
Jack County,US.TX.JK,141,2,
Union County,US.IA.UN,141,3,
Breckinridge County,US.KY.BC,139,2,
Pike County,US.IL.PK,139,1,
Montezuma County,US.CO.MZ,139,5,
Jefferson County,US.IA.JE,139,1,
Grant County,US.SD.GA,139,1,
Latimer County,US.OK.LA,138,2,
Fairfax city,US.VA.FC,138,8,
Buffalo County,US.SD.BF,138,3,
Edmonson County,US.KY.ED,137,12,
Ochiltree County,US.TX.OC,137,5,
Wyoming County,US.NY.WM,137,5,
Adams County,US.OH.AD,137,4,
Spink County,US.SD.SP,137,0,
Stephens County,US.TX.SE,136,4,
Juab County,US.UT.JU,136,1,
Delaware County,US.NY.DE,136,5,
DeKalb County,US.MO.DE,136,2,
Monroe County,US.AR.ME,135,0,
Mason County,US.MI.MN,135,0,
Franklin County,US.TX.FK,134,6,
Ward County,US.TX.WD,134,1,
Stevens County,US.KS.SV,134,1,
Blaine County,US.OK.BL,134,1,
Vermillion County,US.IN.VE,133,0,
Fillmore County,US.MN.FI,133,0,
Hartley County,US.TX.HL,133,0,
Taylor County,US.IA.TY,133,1,
Ashland County,US.WI.AS,132,2,
Fountain County,US.IN.FO,132,2,
Concho County,US.TX.ON,132,2,
Hamilton County,US.NE.HM,132,12,
Carroll County,US.MO.CL,132,2,
Rutland County,US.VT.RU,131,1,
Houston County,US.MN.HO,130,0,
Blackford County,US.IN.BL,130,3,
Gregory County,US.SD.GE,130,3,
Converse County,US.WY.CE,129,0,
North Slope Borough,US.AK.NH,129,0,
Kanabec County,US.MN.KA,128,8,
Ida County,US.IA.ID,128,1,
Carbon County,US.UT.CR,128,0,
Llano County,US.TX.LL,128,2,
Van Wert County,US.OH.VA,128,3,
Ozark County,US.MO.OZ,128,0,
Davis County,US.IA.DV,128,4,
Franklin County,US.VT.FR,128,7,
Larue County,US.KY.LR,128,1,
Nemaha County,US.NE.NE,128,0,
Menard County,US.IL.MN,127,1,
Clarion County,US.PA.CL,127,3,
Meade County,US.KS.ME,127,1,
Greenbrier County,US.WV.GE,127,3,
De Witt County,US.IL.DW,127,2,
Humboldt County,US.NV.HU,127,4,
Wexford County,US.MI.WE,127,4,
Taylor County,US.WV.TA,127,8,
Dawes County,US.NE.DS,126,0,
Walworth County,US.SD.WA,126,1,
Oregon County,US.MO.OR,126,0,
Pickett County,US.TN.PI,126,2,
Hyde County,US.NC.HE,126,5,
Bates County,US.MO.BS,126,2,
Brule County,US.SD.BU,126,0,
Roseau County,US.MN.RS,126,0,
Lincoln County,US.MT.LN,126,3,
Crawford County,US.MI.CF,125,5,
Gray County,US.KS.GY,125,0,
Brown County,US.KS.BR,125,3,
Gentry County,US.MO.GT,125,9,
Mason County,US.KY.MS,124,2,
Amelia County,US.VA.AI,124,5,
Yuma County,US.CO.YU,124,1,
Todd County,US.SD.TO,124,5,
Grant County,US.NM.GR,124,2,
Clay County,US.NC.CY,123,2,
Windham County,US.VT.WH,123,3,
Bayfield County,US.WI.BY,123,1,
Franklin County,US.ID.FA,123,0,
Traill County,US.ND.TR,123,0,
Butler County,US.NE.BE,123,1,
Carroll County,US.NH.CA,123,2,
Daviess County,US.MO.DV,123,1,
Koochiching County,US.MN.KO,123,3,
Hubbard County,US.MN.HU,122,1,
Phillips County,US.MT.PH,122,0,
Crittenden County,US.KY.CT,121,1,
Clay County,US.GA.CY,121,2,
Price County,US.WI.PC,121,0,
Fremont County,US.IA.FO,121,0,
Surry County,US.VA.SR,121,3,
Cedar County,US.MO.CD,121,0,
Clinton County,US.KY.CO,121,2,
Coffey County,US.KS.CF,120,8,
Pennington County,US.MN.PI,120,1,
Harper County,US.KS.HP,120,2,
Phillips County,US.KS.PL,120,8,
Haskell County,US.KS.HS,120,1,
Middlesex County,US.VA.MI,120,10,
Keokuk County,US.IA.KE,119,1,
Carbon County,US.MT.CB,119,0,
Hansford County,US.TX.HF,119,5,
Washburn County,US.WI.WR,119,1,
Lincoln County,US.MN.LI,118,0,
Lunenburg County,US.VA.LN,118,3,
Real County,US.TX.RL,118,7,
Wyoming County,US.WV.WY,118,4,
Van Buren County,US.IA.VA,117,1,
Metcalfe County,US.KY.MT,117,2,
Asotin County,US.WA.AS,116,2,
Tyrrell County,US.NC.TY,116,3,
Custer County,US.MT.CU,116,2,
Washakie County,US.WY.WA,116,6,
Caribou County,US.ID.CR,116,0,
Pulaski County,US.IN.PL,116,1,
Harrison County,US.MO.HS,115,1,
Winkler County,US.TX.WI,115,3,
Deer Lodge County,US.MT.DE,115,0,
Leelanau County,US.MI.LE,115,1,
Bennington County,US.VT.BE,115,1,
Camden County,US.NC.CD,115,3,
Rockbridge County,US.VA.RB,114,2,
Lafayette County,US.AR.LF,114,2,
Brooke County,US.WV.BO,114,1,
Clare County,US.MI.CE,113,4,
Massac County,US.IL.MA,113,2,
Parke County,US.IN.PA,113,2,
Nemaha County,US.KS.NM,113,1,
Woods County,US.OK.WS,113,0,
Northwest Arctic Borough,US.AK.NW,113,0,
Paulding County,US.OH.PA,113,0,
Edgar County,US.IL.EG,112,8,
Jefferson County,US.PA.JE,112,3,
Sevier County,US.UT.SE,111,1,
Crawford County,US.IN.CW,111,1,
Floyd County,US.TX.FY,111,9,
Saguache County,US.CO.SG,111,2,
Osage County,US.KS.OS,111,0,
Shannon County,US.MO.SN,110,1,
Monroe County,US.OH.ME,110,18,
Pierce County,US.NE.PI,110,8,
Madison County,US.MT.MA,110,1,
Madison County,US.NC.MD,110,1,
Bethel Census Area,US.AK.BE,110,1,
Uintah County,US.UT.UN,110,1,
Marshall County,US.IL.MH,109,0,
Worth County,US.IA.WT,109,0,
Hickory County,US.MO.HC,109,3,
Allegany County,US.NY.AL,108,2,
Madison County,US.VA.MD,108,3,
Hampshire County,US.WV.HM,108,1,
Nantucket County,US.MA.NA,108,1,
Sublette County,US.WY.SU,108,1,
Phelps County,US.NE.PH,108,0,
Charlotte County,US.VA.CT,108,0,
Greer County,US.OK.GE,108,8,
Jim Hogg County,US.TX.JG,108,3,
Dunn County,US.ND.DU,108,1,
Ford County,US.IL.FO,107,5,
Toole County,US.MT.TO,107,6,
Charlevoix County,US.MI.CV,107,3,
Hancock County,US.TN.HC,107,3,
Carter County,US.MO.CR,107,1,
Duchesne County,US.UT.DU,107,1,
Stevens County,US.MN.SV,107,1,
Seneca County,US.NY.SC,107,1,
Socorro County,US.NM.SO,106,6,
Butte County,US.SD.BT,106,3,
Swisher County,US.TX.SW,106,3,
Scott County,US.AR.SC,106,1,
Doniphan County,US.KS.DP,106,0,
Schley County,US.GA.SY,105,2,
Union County,US.IN.UN,105,0,
Nicholas County,US.WV.NI,105,3,
Morgan County,US.UT.MN,105,0,
Cumberland County,US.VA.CU,105,2,
Issaquena County,US.MS.IS,105,3,
Garza County,US.TX.GR,105,4,
Nelson County,US.VA.NL,104,2,
Greene County,US.IA.GE,104,0,
Goshen County,US.WY.GO,104,2,
Roscommon County,US.MI.RO,103,4,
Brown County,US.IN.BR,103,3,
Dickenson County,US.VA.DC,102,1,
Pendleton County,US.KY.PN,102,0,
Cumberland County,US.KY.CU,102,0,
Hutchinson County,US.SD.HT,101,2,
Owen County,US.KY.OE,101,2,
Lexington city,US.VA.LX,101,1,
San Miguel County,US.NM.SM,100,0,
Gladwin County,US.MI.GL,100,2,
Pope County,US.MN.PE,100,0,
Hamlin County,US.SD.HM,100,0,
Park County,US.MT.PA,100,0,
Caldwell County,US.MO.CW,100,1,
Scott County,US.KS.SC,99,1,
Lemhi County,US.ID.LM,99,0,
Gallatin County,US.KY.GL,99,8,
Lynn County,US.TX.LY,99,5,
Tillman County,US.OK.TI,99,2,
Hidalgo County,US.NM.HI,99,2,
Marion County,US.AR.MN,99,0,
McCook County,US.SD.MC,98,1,
Otero County,US.CO.OT,98,6,
Kearny County,US.KS.KE,98,1,
Howard County,US.NE.HW,98,5,
Presidio County,US.TX.PS,97,6,
San Miguel County,US.CO.SM,97,0,
Powell County,US.KY.PO,97,0,
Montgomery County,US.IA.MG,97,5,
Osceola County,US.MI.OE,97,0,
Major County,US.OK.MJ,96,1,
Lake County,US.CO.LK,96,0,
Kingman County,US.KS.KM,96,1,
Moody County,US.SD.MO,96,0,
Rio Grande County,US.CO.RG,96,2,
Florence County,US.WI.FL,96,2,
Rooks County,US.KS.RO,95,0,
Baker County,US.OR.BA,95,2,
Clarke County,US.VA.CK,95,0,
Fall River County,US.SD.FL,95,4,
Prowers County,US.CO.PR,94,0,
Edmunds County,US.SD.ED,94,0,
Callahan County,US.TX.AL,94,3,
Bottineau County,US.ND.BT,94,4,
Beaverhead County,US.MT.BE,94,1,
Cheboygan County,US.MI.CY,93,2,
Valley County,US.ID.VA,93,1,
Lewis County,US.MO.LE,92,2,
Jerauld County,US.SD.JE,92,1,
Dixon County,US.NE.DI,92,2,
Knox County,US.TX.KX,92,8,
Magoffin County,US.KY.MF,92,0,
Marion County,US.KS.MN,92,1,
Corson County,US.SD.CO,92,1,
Lincoln County,US.ID.LI,92,0,
Mitchell County,US.TX.MH,91,1,
Hardy County,US.WV.HD,91,1,
Monroe County,US.MO.MR,90,1,
Giles County,US.VA.GI,90,0,
Breathitt County,US.KY.BT,89,0,
McHenry County,US.ND.MH,89,1,
Cedar County,US.NE.CA,89,0,
Russell County,US.KS.RS,89,0,
Holt County,US.NE.HT,88,1,
Box Butte County,US.NE.BX,88,1,
Pembina County,US.ND.PE,88,0,
Bath County,US.KY.BH,88,1,
Perry County,US.AR.PY,88,0,
Crosby County,US.TX.CB,88,3,
Reagan County,US.TX.RG,87,6,
Windsor County,US.VT.WS,87,2,
Wayne County,US.IA.WY,87,2,
Venango County,US.PA.VE,87,1,
McDowell County,US.WV.MC,87,0,
Washita County,US.OK.WT,87,0,
Livingston County,US.KY.LV,87,1,
Custer County,US.NE.CU,87,4,
Archer County,US.TX.AC,87,1,
Audubon County,US.IA.AU,87,1,
Kalkaska County,US.MI.KK,86,4,
Somerset County,US.ME.SO,86,8,
Deuel County,US.SD.DU,86,0,
Valley County,US.MT.VA,86,0,
Benton County,US.IN.BE,86,0,
Bon Homme County,US.SD.BH,85,1,
Schoharie County,US.NY.SO,85,2,
Montgomery County,US.MO.MM,85,1,
Linn County,US.MO.LN,85,1,
Boone County,US.NE.BO,85,0,
Ness County,US.KS.NS,85,6,
Buena Vista city,US.VA.BE,85,1,
Sutton County,US.TX.ST,84,3,
Alexander County,US.IL.AL,84,1,
Addison County,US.VT.AD,84,2,
Hancock County,US.KY.HC,84,0,
Kane County,US.UT.KA,84,1,
Eddy County,US.ND.ED,84,3,
Fleming County,US.KY.FE,84,0,
Baker County,US.GA.BR,84,4,
Aitkin County,US.MN.AI,84,1,
Maries County,US.MO.MS,84,0,
Upshur County,US.WV.UP,84,0,
Douglas County,US.SD.DO,83,1,
Pacific County,US.WA.PA,83,3,
Big Stone County,US.MN.BI,83,0,
Richland County,US.MT.RI,83,2,
Charles City County,US.VA.CC,83,5,
Jefferson County,US.MT.JE,83,0,
Ransom County,US.ND.RN,82,0,
Rice County,US.KS.RC,81,1,
Sabine County,US.TX.SB,81,8,
Yukon-Koyukuk Census Area,US.AK.YU,81,2,
Benzie County,US.MI.BE,81,2,
Menominee County,US.WI.MN,81,0,
Merrick County,US.NE.ME,81,1,
Dukes County,US.MA.DU,80,0,
Chase County,US.KS.CS,80,1,
Martin County,US.KY.MI,80,3,
Linn County,US.KS.LN,80,0,
Kit Carson County,US.CO.KT,79,3,
Scott County,US.IL.SO,79,0,
Leslie County,US.KY.LS,79,0,
Alleghany County,US.VA.AL,79,4,
Clay County,US.TX.CY,79,2,
Day County,US.SD.DY,79,0,
Holt County,US.MO.HL,79,1,
Ohio County,US.IN.OH,79,7,
Carlisle County,US.KY.CE,79,1,
Antelope County,US.NE.AN,79,1,
Barbour County,US.WV.BB,78,1,
Washington County,US.VT.WA,78,2,
Morrill County,US.NE.MO,78,0,
Wyoming County,US.PA.WM,78,8,
Manistee County,US.MI.ME,78,3,
Chippewa County,US.MI.CP,78,0,
Burt County,US.NE.BT,78,0,
Dawson County,US.MT.DW,78,1,
Dickey County,US.ND.DC,77,0,
Clay County,US.NE.CL,77,0,
Coleman County,US.TX.CM,77,4,
Hickman County,US.KY.HA,77,1,
Anderson County,US.KS.AN,77,0,
McLean County,US.KY.ML,77,1,
Kiowa County,US.OK.KO,77,2,
Martin County,US.TX.MT,77,6,
Stillwater County,US.MT.ST,77,2,
Valdez-Cordova Census Area,US.AK.VA,77,0,
Mason County,US.TX.MA,77,2,
Mariposa County,US.CA.MP,76,2,
St. Clair County,US.MO.SC,76,0,
Sargent County,US.ND.SG,76,0,
Poquoson city,US.VA.PQ,75,2,
Matthews County,US.VA.MT,75,0,
Lyon County,US.KY.LY,75,4,
Quay County,US.NM.QU,74,2,
Garrett County,US.MD.GA,74,1,
Gallatin County,US.IL.GA,74,2,
Torrance County,US.NM.TO,74,1,
Waldo County,US.ME.WL,74,14,
Crowley County,US.CO.CR,74,1,
Grand County,US.CO.GR,74,1,
Hemphill County,US.TX.HH,73,0,
Tioga County,US.PA.TI,73,3,
Lander County,US.NV.LA,73,1,
Adair County,US.IA.AI,73,1,
Faulk County,US.SD.FU,73,1,
Wadena County,US.MN.WD,73,0,
Elk County,US.PA.EL,73,2,
Hamilton County,US.IL.HM,73,2,
King and Queen County,US.VA.KA,72,1,
Alfalfa County,US.OK.AL,72,0,
Pratt County,US.KS.PR,72,0,
Crane County,US.TX.CR,72,2,
Childress County,US.TX.CD,72,0,
Wilkin County,US.MN.WL,71,3,
Cloud County,US.KS.CD,71,1,
Switzerland County,US.IN.SW,71,0,
Nome Census Area,US.AK.NM,71,0,
Antrim County,US.MI.AN,71,0,
Rusk County,US.WI.RU,71,1,
Jefferson County,US.WA.JE,71,0,
Wabaunsee County,US.KS.WB,71,1,
Boise County,US.ID.BS,70,2,
McIntosh County,US.ND.MI,70,3,
Henderson County,US.IL.HD,70,0,
Falls Church city,US.VA.FU,70,7,
Arenac County,US.MI.AR,70,3,
Coal County,US.OK.CL,70,0,
Nelson County,US.ND.NE,70,0,
Dade County,US.MO.DD,70,0,
Trimble County,US.KY.TM,69,0,
Pepin County,US.WI.PE,69,0,
Haskell County,US.TX.HK,69,2,
Rains County,US.TX.RI,69,3,
Shelby County,US.MO.SB,68,1,
Cotton County,US.OK.CT,68,3,
Lac Qui Parle County,US.MN.LC,68,1,
Ogemaw County,US.MI.OG,68,5,
Dewey County,US.OK.DW,68,1,
Renville County,US.ND.RE,68,1,
Sagadahoc County,US.ME.SA,67,0,
Edwards County,US.TX.ED,67,1,
Brown County,US.IL.BR,67,0,
Decatur County,US.IA.DC,67,0,
Bennett County,US.SD.BN,67,1,
Franklin County,US.NY.FR,66,1,
Sherman County,US.TX.SN,66,0,
Custer County,US.ID.CU,66,1,
Fisher County,US.TX.FH,66,3,
Edwards County,US.IL.EW,66,0,
LaMoure County,US.ND.LA,66,0,
Donley County,US.TX.DO,65,1,
Keith County,US.NE.KT,65,0,
Foster County,US.ND.FO,65,0,
San Saba County,US.TX.SS,65,0,
Fergus County,US.MT.FE,65,1,
Clark County,US.MO.CK,65,0,
Pend Oreille County,US.WA.PE,65,0,
Skamania County,US.WA.SM,65,1,
Bland County,US.VA.BL,64,5,
Missaukee County,US.MI.MU,64,1,
Stanton County,US.KS.ST,64,2,
Hettinger County,US.ND.HE,64,0,
White Pine County,US.NV.WH,64,1,
Logan County,US.ND.LO,64,0,
Yates County,US.NY.YA,64,6,
Harrison County,US.OH.HR,64,3,
Washington County,US.CO.WA,64,0,
Rappahannock County,US.VA.RP,63,2,
Morgan County,US.KY.MG,63,0,
Grant County,US.MN.GR,63,4,
Crook County,US.OR.CR,63,1,
Wilson County,US.KS.WL,62,2,
Ziebach County,US.SD.ZI,62,0,
Cheyenne County,US.KS.CN,62,0,
Franklin County,US.ME.FR,62,1,
Mackinac County,US.MI.MK,62,0,
Rush County,US.KS.RH,62,0,
Johnson County,US.NE.JO,61,0,
Polk County,US.NE.PO,61,1,
Calhoun County,US.IL.CH,61,0,
Lake County,US.MN.LE,60,0,
Beaver County,US.OK.BA,60,0,
Griggs County,US.ND.GI,60,1,
Pocahontas County,US.WV.PO,59,0,
Mills County,US.TX.MS,59,0,
Greenlee County,US.AZ.GE,59,2,
Kauai County,US.HI.KU,59,0,
Big Horn County,US.WY.BI,59,2,
Allen County,US.KS.AL,59,1,
Putnam County,US.IL.PT,59,0,
Grand County,US.UT.GR,58,1,
McKean County,US.PA.MC,58,2,
Park County,US.CO.PA,58,1,
Aurora County,US.SD.AU,58,0,
Lamoille County,US.VT.LA,58,1,
Stafford County,US.KS.SF,58,1,
Sullivan County,US.NH.SU,58,1,
Roger Mills County,US.OK.RR,57,1,
Ballard County,US.KY.BA,57,1,
Lawrence County,US.KY.LC,57,0,
Kingsbury County,US.SD.KI,57,0,
Boundary County,US.ID.BD,57,1,
Wetzel County,US.WV.WT,56,0,
Iron County,US.MO.IR,56,0,
Norman County,US.MN.NR,56,0,
Ottawa County,US.KS.OT,56,0,
Richardson County,US.NE.RI,56,1,
Fillmore County,US.NE.FI,56,1,
Cavalier County,US.ND.CV,55,0,
Culberson County,US.TX.UL,55,2,
Morgan County,US.WV.MA,55,0,
Stark County,US.IL.SA,55,2,
Summers County,US.WV.SU,55,0,
Ellsworth County,US.KS.EW,54,0,
Woodruff County,US.AR.WO,54,0,
Archuleta County,US.CO.AC,54,0,
Atchison County,US.MO.AT,54,0,
Hancock County,US.ME.HA,54,1,
Ringgold County,US.IA.RI,53,2,
Fulton County,US.PA.FU,53,2,
Coke County,US.TX.OK,53,3,
Tillamook County,US.OR.TI,53,0,
Pendleton County,US.WV.PE,53,1,
Marshall County,US.MN.MS,53,1,
Schleicher County,US.TX.SH,53,2,
Kidder County,US.ND.KI,52,0,
Cochran County,US.TX.CC,52,1,
Roane County,US.WV.RO,52,2,
Clay County,US.KS.CY,51,2,
Lincoln County,US.WA.LI,51,1,
Schuyler County,US.IL.SU,50,0,
Plumas County,US.CA.PU,50,0,
Knox County,US.MO.KN,50,1,
Morgan County,US.OH.MA,50,0,
Ketchikan Gateway Borough,US.AK.KG,50,0,
Clark County,US.KS.CA,50,1,
Edwards County,US.KS.ED,50,0,
Cherry County,US.NE.CH,50,4,
Sitka City and Borough,US.AK.SI,50,0,
Lewis County,US.NY.LE,50,5,
Grant County,US.OK.GN,50,1,
Dickens County,US.TX.DC,50,2,
Nance County,US.NE.NA,49,0,
Mahnomen County,US.MN.MH,49,1,
Menifee County,US.KY.ME,49,0,
Pondera County,US.MT.PN,49,0,
Garfield County,US.UT.GA,49,2,
Sheridan County,US.NE.SD,49,0,
Greenwood County,US.KS.GW,49,0,
Golden Valley County,US.ND.GO,49,0,
Republic County,US.KS.RP,49,1,
Hudspeth County,US.TX.HU,49,3,
Wheeler County,US.TX.WL,48,0,
Gilmer County,US.WV.GI,48,0,
Chariton County,US.MO.CI,48,0,
Vinton County,US.OH.VI,48,3,
Clearwater County,US.ID.CE,47,0,
Sweet Grass County,US.MT.SW,47,1,
Sanders County,US.MT.SA,47,1,
Hamilton County,US.KS.HM,46,0,
Sierra County,US.NM.SI,46,1,
Potter County,US.SD.PO,46,0,
Red Lake County,US.MN.RD,45,1,
Alcona County,US.MI.AC,45,2,
Crook County,US.WY.CK,45,0,
Mitchell County,US.KS.MC,44,0,
Kinney County,US.TX.KN,44,1,
Warren County,US.PA.WR,44,1,
Webster County,US.GA.WT,44,2,
Harmon County,US.OK.HM,44,0,
Bear Lake County,US.ID.BK,44,1,
Clark County,US.SD.CK,43,0,
Aroostook County,US.ME.AR,43,1,
Schuyler County,US.NY.SU,43,0,
Hand County,US.SD.HD,43,0,
Emery County,US.UT.EM,43,0,
Jefferson County,US.OK.JE,43,0,
Valley County,US.NE.VA,42,0,
Rock County,US.NE.RO,42,1,
Hanson County,US.SD.HS,42,0,
Stanley County,US.SD.ST,42,0,
Ontonagon County,US.MI.ON,42,0,
Owsley County,US.KY.OS,42,1,
Lincoln County,US.ME.LI,42,1,
Bowman County,US.ND.BW,42,0,
Moffat County,US.CO.MF,42,1,
Warren County,US.IN.WN,42,1,
Elliott County,US.KY.EL,41,0,
Wolfe County,US.KY.WL,41,0,
Bracken County,US.KY.BK,41,0,
Marshall County,US.SD.MS,40,0,
Red Willow County,US.NE.RE,40,0,
Johnson County,US.WY.JO,40,1,
Rawlins County,US.KS.RA,40,0,
Furnas County,US.NE.FU,40,2,
Perkins County,US.SD.PR,40,0,
Stanton County,US.NE.ST,39,0,
Glascock County,US.GA.GS,39,2,
Hardin County,US.IL.HI,39,0,
Knox County,US.ME.KN,39,1,
Clear Creek County,US.CO.CL,39,1,
Cheyenne County,US.NE.CY,39,0,
Morris County,US.KS.MR,39,0,
Reynolds County,US.MO.RE,39,0,
Beaver County,US.UT.BV,38,0,
Gosper County,US.NE.GO,38,0,
Wells County,US.ND.WE,38,0,
Lewis County,US.WV.LE,38,2,
Hot Springs County,US.WY.HO,38,0,
Musselshell County,US.MT.MU,37,1,
Clay County,US.WV.CY,36,2,
Calhoun County,US.AR.CA,36,0,
Colfax County,US.NM.CO,36,1,
Baraga County,US.MI.BA,35,2,
Noble County,US.OH.NO,35,0,
Jackson County,US.SD.JA,35,1,
Lake County,US.MI.LK,35,0,
Trego County,US.KS.TR,35,1,
Brown County,US.NE.BW,35,0,
Burke County,US.ND.BK,35,1,
Tucker County,US.WV.TU,34,0,
Graham County,US.KS.GH,34,1,
Phillips County,US.CO.PH,34,0,
Pierce County,US.ND.PI,34,0,
Traverse County,US.MN.TR,34,0,
Caledonia County,US.VT.CA,34,0,
Guadalupe County,US.NM.GU,34,1,
Conejos County,US.CO.CN,34,0,
Shackelford County,US.TX.SC,34,0,
Norton city,US.VA.NC,34,0,
Nicholas County,US.KY.NI,34,1,
Norton County,US.KS.NT,33,0,
Sherman County,US.KS.SH,33,0,
Adams County,US.IA.AM,33,0,
Lake County,US.OR.LK,33,0,
Camas County,US.ID.CM,33,0,
McPherson County,US.SD.MP,33,0,
Los Alamos County,US.NM.LO,33,0,
Putnam County,US.MO.PN,33,1,
Gove County,US.KS.GO,33,0,
Clark County,US.ID.CA,33,0,
Covington city,US.VA.CV,32,0,
Platte County,US.WY.PL,32,1,
Costilla County,US.CO.CS,32,1,
Jefferson County,US.NE.JE,32,0,
Wallowa County,US.OR.WW,32,1,
Lipscomb County,US.TX.LM,32,0,
Quitman County,US.GA.QU,32,1,
Perkins County,US.NE.PE,32,10,
Scotland County,US.MO.SO,31,1,
Hall County,US.TX.HA,31,1,
Prince of Wales-Hyder Census Area,US.AK.PH,31,0,
Blaine County,US.MT.BL,31,0,
Thayer County,US.NE.TA,31,0,
Franklin County,US.NE.FA,31,0,
Greeley County,US.NE.GE,31,0,
Clearwater County,US.MN.CE,31,0,
Curry County,US.OR.CU,31,0,
Union County,US.NM.UN,31,2,
Mellette County,US.SD.ML,31,0,
Campbell County,US.SD.CP,31,0,
Oscoda County,US.MI.OO,31,1,
Craig County,US.VA.CG,31,0,
Butte County,US.ID.BT,30,0,
Ferry County,US.WA.FE,30,0,
Hardeman County,US.TX.RD,30,0,
Chouteau County,US.MT.CH,29,0,
Schoolcraft County,US.MI.SR,29,0,
Cottle County,US.TX.OT,29,3,
San Juan County,US.WA.SA,29,0,
Sanborn County,US.SD.SA,29,0,
Harper County,US.OK.HP,29,1,
Pope County,US.IL.PE,29,1,
Potter County,US.PA.PO,29,0,
Steele County,US.ND.SE,28,0,
Mercer County,US.MO.MC,28,0,
Adams County,US.ID.AM,28,2,
Lake and Peninsula Borough,US.AK.LA,28,0,
Southeast Fairbanks Census Area,US.AK.SO,27,0,
Presque Isle County,US.MI.PR,27,1,
Boyd County,US.NE.BY,27,0,
Delta County,US.TX.DT,27,0,
Rio Blanco County,US.CO.RB,26,0,
Marshall County,US.KS.MS,26,0,
Doddridge County,US.WV.DO,26,1,
Oneida County,US.ID.ON,26,0,
Haakon County,US.SD.HA,26,0,
Sherman County,US.NE.SM,26,2,
Menard County,US.TX.EN,26,0,
Meagher County,US.MT.ME,25,2,
Grant County,US.ND.GT,25,1,
Calhoun County,US.WV.CH,25,0,
Las Animas County,US.CO.LS,25,0,
Upton County,US.TX.UP,25,2,
Cimarron County,US.OK.CO,25,0,
Teton County,US.MT.TE,25,0,
Orange County,US.VT.OA,25,0,
Ouray County,US.CO.OU,25,1,
Kiowa County,US.KS.KW,25,0,
Decatur County,US.KS.DC,24,1,
Huerfano County,US.CO.HU,24,1,
Hoonah-Angoon Census Area,US.AK.HH,24,0,
Lake of the Woods County,US.MN.LO,24,1,
McMullen County,US.TX.MM,24,1,
Miner County,US.SD.ME,24,0,
Schuyler County,US.MO.SH,24,0,
Hodgeman County,US.KS.HG,23,0,
Chase County,US.NE.CE,23,0,
Carson County,US.TX.CN,23,0,
McCone County,US.MT.MC,23,0,
Harlan County,US.NE.HR,23,0,
Sheridan County,US.KS.SD,23,0,
Kodiak Island Borough,US.AK.KO,22,0,
Pershing County,US.NV.PE,22,0,
Granite County,US.MT.GN,22,0,
Taliaferro County,US.GA.TA,22,0,
Lewis County,US.ID.LW,22,0,
Oliver County,US.ND.OL,22,0,
Woodson County,US.KS.WO,22,0,
Coos County,US.NH.CO,22,0,
Adams County,US.ND.AD,21,0,
Towner County,US.ND.TO,21,0,
Orleans County,US.VT.OL,21,0,
Worth County,US.MO.WO,21,0,
Wheatland County,US.MT.WH,20,1,
Liberty County,US.MT.LB,20,0,
Mineral County,US.CO.MI,20,0,
Washington County,US.KS.WS,20,0,
Rich County,US.UT.RH,19,0,
Alger County,US.MI.AG,19,0,
Hyde County,US.SD.HY,19,0,
Baylor County,US.TX.BR,19,1,
Pawnee County,US.NE.PA,19,0,
Gilpin County,US.CO.GI,19,0,
Chautauqua County,US.KS.CQ,19,0,
Sherman County,US.OR.SH,18,0,
Collingsworth County,US.TX.CG,18,0,
Webster County,US.NE.WE,18,0,
Oldham County,US.TX.OL,18,1,
Pleasants County,US.WV.PL,18,3,
Broadwater County,US.MT.BR,18,0,
Wallace County,US.KS.WA,18,0,
Logan County,US.KS.LG,18,0,
Baca County,US.CO.BA,18,0,
Billings County,US.ND.BI,17,0,
Custer County,US.CO.CU,17,0,
Lee County,US.KY.LE,17,0,
Jewell County,US.KS.JW,17,1,
Garfield County,US.MT.GF,17,0,
Washington County,US.ME.WS,16,0,
Trinity County,US.CA.TR,16,0,
Kimble County,US.TX.KM,16,1,
Sheridan County,US.MT.SH,16,0,
Nuckolls County,US.NE.NU,16,0,
Tyler County,US.WV.TY,16,0,
Montmorency County,US.MI.MR,15,0,
Morton County,US.KS.MT,15,2,
Sedgwick County,US.CO.SE,15,1,
Forest County,US.PA.FO,15,0,
Kimball County,US.NE.KB,15,0,
Hamilton County,US.NY.HA,15,1,
Cheyenne County,US.CO.CE,14,0,
Columbia County,US.WA.CM,14,1,
Jeff Davis County,US.TX.JF,14,0,
Lincoln County,US.KS.LC,14,0,
Stonewall County,US.TX.SA,14,1,
Briscoe County,US.TX.BO,14,1,
Grand Isle County,US.VT.GR,14,0,
Jones County,US.SD.JO,14,0,
Lane County,US.KS.LE,14,0,
Kusilvak Census Area,US.AK.WA,14,0,
Mineral County,US.NV.MI,13,0,
Sheridan County,US.ND.SH,13,0,
Sullivan County,US.PA.SL,13,0,
Armstrong County,US.TX.AM,13,1,
Ritchie County,US.WV.RI,13,0,
Garfield County,US.WA.GF,13,0,
Wrangell City and Borough,US.AK.WG,13,0,
Braxton County,US.WV.BX,13,0,
Luce County,US.MI.LU,13,0,
Foard County,US.TX.FD,13,0,
Wirt County,US.WV.WI,12,0,
Sully County,US.SD.SU,12,0,
Comanche County,US.KS.CM,12,0,
Garfield County,US.NE.GF,12,0,
Kittson County,US.MN.KI,12,0,
Powell County,US.MT.PL,12,0,
Robertson County,US.KY.RB,12,0,
Harney County,US.OR.HA,12,0,
Modoc County,US.CA.MC,12,0,
Dundy County,US.NE.DY,12,1,
Ellis County,US.OK.EL,11,0,
Hooker County,US.NE.HO,11,1,
Bent County,US.CO.BE,11,0,
Grant County,US.OR.GR,10,0,
Irion County,US.TX.IR,10,0,
Lincoln County,US.CO.LI,10,0,
Garden County,US.NE.GD,10,0,
Powder River County,US.MT.PD,10,0,
Keweenaw County,US.MI.KW,10,0,
Roberts County,US.TX.RS,10,0,
Bath County,US.VA.BA,10,0,
Eureka County,US.NV.EU,10,0,
Storey County,US.NV.ST,10,0,
Catron County,US.NM.CA,9,1,
Motley County,US.TX.MY,9,0,
Jackson County,US.CO.JA,9,0,
Osborne County,US.KS.OB,9,0,
Glasscock County,US.TX.GC,9,0,
Piscataquis County,US.ME.PI,9,0,
Aleutians West Census Area,US.AK.AW,9,0,
Kent County,US.TX.KT,9,0,
Wibaux County,US.MT.WI,9,0,
Dillingham Census Area,US.AK.DI,9,0,
Frontier County,US.NE.FO,8,0,
Piute County,US.UT.PT,8,0,
Judith Basin County,US.MT.JU,8,0,
Webster County,US.WV.WB,8,0,
Divide County,US.ND.DV,8,0,
Smith County,US.KS.SM,8,0,
Throckmorton County,US.TX.TH,8,2,
Gilliam County,US.OR.GI,8,0,
Greeley County,US.KS.GL,8,0,
Cameron County,US.PA.CE,8,0,
Highland County,US.VA.HA,7,0,
Lincoln County,US.NV.LI,7,0,
Petersburg Census Area,US.AK.PB,7,1,
Kenedy County,US.TX.KE,7,2,
Sioux County,US.NE.SI,7,0,
Slope County,US.ND.SL,7,0,
Denali Borough,US.AK.DE,7,0,
Cook County,US.MN.CO,7,0,
Mora County,US.NM.MO,7,0,
Sierra County,US.CA.SE,6,0,
San Juan County,US.CO.SJ,6,0,
Elk County,US.KS.EK,6,0,
Carter County,US.MT.CT,6,0,
Barber County,US.KS.AB,6,0,
Essex County,US.VT.ES,6,0,
Logan County,US.NE.LG,6,0,
McPherson County,US.NE.MC,6,0,
Wahkiakum County,US.WA.WH,6,0,
Daniels County,US.MT.DN,5,0,
Keya Paha County,US.NE.KY,5,0,
Thomas County,US.NE.TO,5,0,
Golden Valley County,US.MT.GO,5,0,
Wichita County,US.KS.WH,5,0,
Fallon County,US.MT.FA,5,0,
Hitchcock County,US.NE.HI,5,0,
Sterling County,US.TX.SI,5,0,
Haines Borough,US.AK.HA,5,0,
Prairie County,US.MT.PR,4,0,
Mineral County,US.MT.MN,4,0,
Niobrara County,US.WY.NI,4,0,
Harding County,US.SD.HR,4,0,
Deuel County,US.NE.DL,4,0,
Hinsdale County,US.CO.HI,3,0,
Dolores County,US.CO.DO,3,0,
Aleutians East Borough,US.AK.AE,3,0,
Terrell County,US.TX.TL,3,0,
Loup County,US.NE.LU,3,0,
Treasure County,US.MT.TR,3,0,
Alpine County,US.CA.AP,2,0,
Harding County,US.NM.HA,2,0,
Wayne County,US.UT.WE,2,0,
Banner County,US.NE.BA,2,0,
Daggett County,US.UT.DG,1,0,
Arthur County,US.NE.AR,1,0,
De Baca County,US.NM.DE,1,0,
Grant County,US.NE.GA,1,0,
Wheeler County,US.NE.WH,1,0,
Kiowa County,US.CO.KO,1,0,
Blaine County,US.NE.BL,1,0,
Borden County,US.TX.BD,1,0,
Hayes County,US.NE.HY,0,0,
Yakutat City and Borough,US.AK.YA,0,0,
Esmeralda County,US.NV.ES,0,0,
Kalawao County,US.HI.KL,0,0,
Wheeler County,US.OR.WE,0,0,
King County,US.TX.KG,0,0,
Skagway Municipality,US.AK.SW,0,0,
Bristol Bay Borough,US.AK.BR,0,0,
Petroleum County,US.MT.PO,0,0,
Loving County,US.TX.LI,0,0,
