County,hasc,confirmed,death,recovered
Los Angeles County,US.CA.LO,266988,6504,
Miami-Dade County,US.FL.DA,169144,3231,
Cook County,US.IL.CO,143084,5203,
Maricopa County,US.AZ.MA,140963,3363,
Harris County,US.TX.RR,140532,2572,
Dallas County,US.TX.DS,80605,1120,
Broward County,US.FL.BO,76700,1379,
Queens County,US.NY.QU,72142,7247,
Kings County,US.NY.KI,68095,7323,
Clark County,US.NV.CL,66009,1377,
Riverside County,US.CA.RI,58178,1189,
San Bernardino County,US.CA.SA,54386,925,
Bexar County,US.TX.BX,54295,1297,
Orange County,US.CA.OR,53069,1214,
Bronx County,US.NY.BN,52872,4946,
Nassau County,US.NY.NA,46576,2201,
Suffolk County,US.NY.SF,46345,2013,
San Diego County,US.CA.SD,46331,775,
Palm Beach County,US.FL.PL,46183,1342,
Tarrant County,US.TX.TN,45431,710,
Hillsborough County,US.FL.HL,41722,628,
Orange County,US.FL.OR,39875,445,
Westchester County,US.NY.WE,38051,1456,
Wayne County,US.MI.WY,35021,2977,
New York County,US.NY.NE,33335,3176,
Kern County,US.CA.KE,31994,369,
Hidalgo County,US.TX.HG,31562,1503,
Philadelphia County,US.PA.PH,31487,1821,
Shelby County,US.TN.SY,30755,458,
Salt Lake County,US.UT.SL,30357,249,
Duval County,US.FL.DU,30114,378,
Milwaukee County,US.WI.MU,29974,528,
Middlesex County,US.MA.MI,29458,2143,
Prince George's County,US.MD.PR,29130,827,
Travis County,US.TX.TV,29073,415,
Mecklenburg County,US.NC.MB,28579,352,
Fresno County,US.CA.FR,28199,382,
Fulton County,US.GA.FU,27480,572,
Gwinnett County,US.GA.GW,27296,402,
Hennepin County,US.MN.HE,26960,930,
Franklin County,US.OH.FR,26872,607,
Davidson County,US.TN.DA,26474,306,
Pima County,US.AZ.PM,25329,622,
Suffolk County,US.MA.SU,25263,1134,
El Paso County,US.TX.EP,23604,521,
Cameron County,US.TX.CA,22698,902,
St. Louis County,US.MO.SL,22634,800,
Bergen County,US.NJ.BE,22363,2045,
Montgomery County,US.MD.MO,22275,844,
Sacramento County,US.CA.SC,22183,406,
King County,US.WA.KN,21995,768,
Pinellas County,US.FL.PI,21964,744,
Marion County,US.IN.MO,21493,818,
Alameda County,US.CA.AA,21136,406,
Santa Clara County,US.CA.SL,21030,311,
Essex County,US.NJ.ES,21024,2129,
Fairfax County,US.VA.FX,20687,586,
Hudson County,US.NJ.HD,20621,1515,
Oakland County,US.MI.OD,20543,1200,
Essex County,US.MA.ES,20344,1280,
Lee County,US.FL.LE,20326,465,
San Joaquin County,US.CA.SJ,20194,441,
Fairfield County,US.CT.FA,20015,1422,
Polk County,US.FL.PO,19765,529,
Jefferson County,US.AL.JE,19752,350,
Cobb County,US.GA.CB,19513,426,
Middlesex County,US.NJ.MI,19379,1425,
Passaic County,US.NJ.PA,18982,1254,
DeKalb County,US.GA.DA,18600,360,
Jackson County (including other portions of Kansas City),US.MO.JC,18555,220,
Providence County,US.RI.PR,18437,881,
Utah County,US.UT.UT,18037,54,
Baltimore County,US.MD.BC,17782,622,
Oklahoma County,US.OK.OL,17711,194,
Union County,US.NJ.UN,17602,1355,
Wake County,US.NC.WK,17485,242,
Jefferson Parish,US.LA.JF,17459,568,
Cuyahoga County,US.OH.CU,17437,656,
DuPage County,US.IL.DU,17393,560,
Lake County,US.IL.LK,16794,487,
Tulsa County,US.OK.TU,16793,160,
Contra Costa County,US.CA.CN,16640,206,
Stanislaus County,US.CA.ST,16442,351,
Fort Bend County,US.TX.FR,16167,287,
Tulare County,US.CA.TL,15970,263,
Nueces County,US.TX.NU,15882,372,
Richmond County,US.NY.RI,15867,1086,
Douglas County,US.NE.DG,15850,192,
Polk County,US.IA.PK,15817,262,
Charleston County,US.SC.CS,15780,260,
Baltimore City,US.MD.BA,15484,487,
Jefferson County,US.KY.JF,15418,304,
Washington,US.DC.DI,15215,624,
Richland County,US.SC.RI,15191,239,
Rockland County,US.NY.RO,15100,509,
East Baton Rouge Parish,US.LA.EB,15042,441,
Worcester County,US.MA.WO,14939,1098,
Hartford County,US.CT.HA,14539,1434,
Macomb County,US.MI.MB,14478,1021,
New Haven County,US.CT.NH,14340,1115,
Greenville County,US.SC.GV,14318,299,
Will County,US.IL.WL,13917,378,
Webb County,US.TX.WB,13651,271,
Collin County,US.TX.CI,13513,145,
Mobile County,US.AL.MB,13449,292,
Hamilton County,US.OH.HM,13158,315,
Kane County,US.IL.KE,13065,326,
Denver County,US.CO.DN,13011,435,
Ocean County,US.NJ.OC,12903,1048,
Ada County,US.ID.AA,12831,147,
Yuma County,US.AZ.YU,12679,345,
Collier County,US.FL.CL,12656,216,
Orleans Parish,US.LA.OR,12524,587,
Ventura County,US.CA.VE,12488,150,
Osceola County,US.FL.OS,12395,145,
Prince William County,US.VA.PW,12394,203,
Escambia County,US.FL.ES,12219,228,
Montgomery County,US.PA.MG,12144,878,
Allegheny County,US.PA.AL,12101,355,
Orange County,US.NY.OE,12014,412,
Denton County,US.TX.DN,11950,152,
Imperial County,US.CA.IM,11835,317,
Monmouth County,US.NJ.MN,11778,867,
Norfolk County,US.MA.NO,11664,1058,
Galveston County,US.TX.GV,11575,158,
Manatee County,US.FL.MN,11436,291,
Yakima County,US.WA.YA,11378,258,
Delaware County,US.PA.DE,11344,756,
Erie County,US.NY.ER,11308,624,
Brazoria County,US.TX.BI,11281,165,
Lubbock County,US.TX.LU,11241,125,
San Francisco County,US.CA.SF,11143,101,
Johnson County,US.KS.JO,10997,146,
Ramsey County,US.MN.RA,10911,320,
Honolulu County,US.HI.HO,10848,106,
Volusia County,US.FL.VO,10789,239,
Lake County,US.IN.LK,10628,341,
Montgomery County,US.TX.MG,10590,158,
Bristol County,US.MA.BR,10584,696,
Pinal County,US.AZ.PN,10538,207,
Leon County,US.FL.LO,10437,68,
Horry County,US.SC.HO,10326,196,
Plymouth County,US.MA.PL,10150,767,
New Castle County,US.DE.NE,10029,311,
Dane County,US.WI.DA,9958,41,
Monterey County,US.CA.MT,9953,72,
Anne Arundel County,US.MD.AN,9933,247,
Camden County,US.NJ.CM,9860,609,
Kent County,US.MI.KN,9843,175,
San Mateo County,US.CA.SM,9843,150,
Marion County,US.FL.MI,9668,282,
Hamilton County,US.TN.HL,9443,94,
Washington County,US.AR.WA,9379,115,
Knox County,US.TN.KN,9378,79,
Rutherford County,US.TN.RU,9293,89,
Hall County,US.GA.HL,9225,152,
Arapahoe County,US.CO.AA,9185,371,
Washoe County,US.NV.WA,9172,155,
Pasco County,US.FL.PS,9162,208,
Pulaski County,US.AR.PU,9135,148,
Santa Barbara County,US.CA.SB,9037,113,
Adams County,US.CO.AD,8972,225,
Seminole County,US.FL.SE,8972,208,
Brown County,US.WI.BW,8963,62,
Lafayette Parish,US.LA.LY,8938,130,
Merced County,US.CA.MD,8872,142,
Montgomery County,US.AL.MT,8852,184,
Brevard County,US.FL.BE,8800,293,
Bucks County,US.PA.BC,8760,607,
Sedgwick County,US.KS.SG,8757,86,
Tuscaloosa County,US.AL.TU,8654,118,
Mercer County,US.NJ.ME,8628,635,
Williamson County,US.TX.WM,8565,143,
Guilford County,US.NC.GU,8541,180,
Caddo Parish,US.LA.CO,8457,353,
Hampden County,US.MA.HD,8435,775,
Chatham County,US.GA.CM,8407,157,
Canyon County,US.ID.CN,8143,101,
Sarasota County,US.FL.SR,8107,254,
Alachua County,US.FL.AL,8060,55,
St. Lucie County,US.FL.SL,7993,275,
McLennan County,US.TX.ML,7942,101,
Madison County,US.AL.MD,7927,78,
Waukesha County,US.WI.WK,7925,87,
Pierce County,US.WA.PI,7849,200,
Morris County,US.NJ.MR,7847,831,
Calcasieu Parish,US.LA.CC,7831,210,
Kings County,US.CA.KI,7824,77,
Lancaster County,US.PA.LN,7811,458,
Montgomery County,US.OH.MT,7809,163,
Durham County,US.NC.DH,7708,94,
St. Charles County,US.MO.SA,7605,120,
Dakota County,US.MN.DA,7524,126,
Lake County,US.FL.LK,7444,189,
Jefferson County,US.TX.JE,7402,133,
Sonoma County,US.CA.SO,7369,122,
Lucas County,US.OH.LU,7303,364,
Lexington County,US.SC.LX,7193,158,
Hinds County,US.MS.HI,7143,160,
Multnomah County,US.OR.MU,7113,137,
Burlington County,US.NJ.BU,7098,496,
Clayton County,US.GA.CN,7094,162,
Richmond County,US.GA.RI,7062,162,
Berks County,US.PA.BK,7022,393,
Forsyth County,US.NC.FO,6992,101,
Wyandotte County,US.KS.WY,6989,134,
St. Tammany Parish,US.LA.ST,6907,252,
Spartanburg County,US.SC.SP,6900,198,
Snohomish County,US.WA.SN,6878,212,
City of St. Louis,US.MO.SY,6867,215,
El Paso County,US.CO.EL,6845,172,
Virginia Beach City,US.VA.VI,6809,89,
Loudoun County,US.VA.LD,6792,124,
Chester County,US.PA.CH,6776,365,
Spokane County,US.WA.SP,6730,165,
Sussex County,US.DE.SU,6727,206,
Elkhart County,US.IN.EL,6717,115,
Marin County,US.CA.MN,6690,117,
Minnehaha County,US.SD.MN,6580,81,
St. Clair County,US.IL.SI,6574,190,
Benton County,US.AR.BE,6528,86,
St. Joseph County,US.IN.SN,6506,115,
Bernalillo County,US.NM.BE,6422,177,
Solano County,US.CA.SN,6309,63,
Brazos County,US.TX.BZ,6292,64,
Allen County,US.IN.AL,6273,213,
Ouachita Parish,US.LA.OU,6193,142,
Lancaster County,US.NE.LA,6172,24,
Greene County,US.MO.GE,6107,56,
Anoka County,US.MN.AN,6092,133,
Bay County,US.FL.BY,6040,104,
Bibb County,US.GA.BI,6039,168,
Butler County,US.OH.BU,6022,111,
Shelby County,US.AL.SH,6013,49,
Monroe County,US.NY.MR,6002,259,
Cherokee County,US.GA.CE,5994,92,
Fayette County,US.KY.FA,5993,72,
Muscogee County,US.GA.MG,5991,169,
Cleveland County,US.OK.CV,5967,70,
Chesterfield County,US.VA.CD,5945,94,
Lee County,US.AL.LE,5927,60,
Hays County,US.TX.HY,5871,61,
Winnebago County,US.IL.WN,5848,149,
Somerset County,US.NJ.SO,5786,573,
Navajo County,US.AZ.NA,5785,235,
Madison County,US.IL.MD,5666,136,
Jefferson County,US.CO.JE,5654,248,
Beaufort County,US.SC.BA,5614,83,
Lehigh County,US.PA.LH,5597,353,
DeSoto County,US.MS.DE,5594,60,
Baldwin County,US.AL.BD,5526,50,
Bell County,US.TX.BL,5473,84,
Berkeley County,US.SC.BK,5466,88,
Cumberland County,US.NC.CU,5446,76,
Henrico County,US.VA.HC,5434,211,
Woodbury County,US.IA.WO,5380,64,
York County,US.SC.YO,5332,75,
Summit County,US.OH.SU,5304,252,
Santa Rosa County,US.FL.SA,5296,76,
St. Johns County,US.FL.SJ,5279,70,
Racine County,US.WI.RA,5264,95,
Williamson County,US.TN.WL,5252,36,
Henry County,US.GA.HY,5181,100,
Gaston County,US.NC.GS,5125,82,
Dutchess County,US.NY.DU,5115,156,
Johnson County,US.IA.JH,5114,27,
Cass County,US.ND.CS,5064,77,
Howard County,US.MD.HO,5034,122,
Davis County,US.UT.DA,5024,28,
Clarke County,US.GA.CK,5020,44,
Clay County,US.FL.CY,5001,100,
Hamilton County,US.IN.HM,4925,118,
Okaloosa County,US.FL.OA,4918,109,
Florence County,US.SC.FL,4912,190,
Pitt County,US.NC.PI,4895,29,
Martin County,US.FL.MT,4880,142,
Norfolk City,US.VA.NF,4822,78,
Sumner County,US.TN.SN,4819,98,
York County,US.PA.YO,4784,156,
Potter County,US.TX.PT,4780,57,
Union County,US.NC.UN,4778,59,
Weld County,US.CO.WE,4682,149,
Marion County,US.OR.MR,4658,92,
Boone County,US.MO.BO,4655,10,
Champaign County,US.IL.CM,4645,20,
Richmond City,US.VA.RC,4625,61,
McHenry County,US.IL.MY,4567,118,
Genesee County,US.MI.GE,4554,308,
Whitfield County,US.GA.WF,4551,60,
Benton County,US.WA.BE,4529,130,
Washington County,US.OR.WI,4497,60,
Outagamie County,US.WI.OU,4490,29,
Gloucester County,US.NJ.GL,4489,227,
Robeson County,US.NC.RB,4484,75,
Black Hawk County,US.IA.BL,4482,90,
Johnston County,US.NC.JH,4480,56,
Northampton County,US.PA.NA,4476,305,
Madera County,US.CA.ME,4458,65,
Anderson County,US.SC.AN,4452,176,
Tangipahoa Parish,US.LA.TA,4441,118,
Ellis County,US.TX.EI,4398,68,
Hillsborough County,US.NH.HI,4366,289,
Onondaga County,US.NY.OG,4342,180,
McKinley County,US.NM.MC,4317,257,
Warren County,US.KY.WR,4310,50,
Chesapeake City,US.VA.CS,4296,71,
New Hanover County,US.NC.NE,4268,30,
Franklin County,US.WA.FR,4265,66,
Boulder County,US.CO.BO,4252,79,
Jefferson County,US.MO.JE,4191,59,
Rapides Parish,US.LA.RA,4182,148,
Dorchester County,US.SC.DO,4163,91,
Weber County,US.UT.WB,4138,31,
Aiken County,US.SC.AI,4135,81,
Municipality of Anchorage,US.AK.AN,4131,31,
Luzerne County,US.PA.LU,4088,189,
Atlantic County,US.NJ.AT,4055,256,
Victoria County,US.TX.VI,4046,96,
Coconino County,US.AZ.CO,4040,144,
Frederick County,US.MD.FR,4019,131,
Stearns County,US.MN.SR,4010,24,
Cabarrus County,US.NC.CR,3999,69,
Linn County,US.IA.LI,3989,111,
Forsyth County,US.GA.FO,3979,45,
Mohave County,US.AZ.MO,3978,227,
Marshall County,US.AL.MS,3961,43,
Arlington County,US.VA.AR,3935,149,
Alamance County,US.NC.AA,3916,54,
Lowndes County,US.GA.LW,3890,82,
Harrison County,US.MS.HR,3883,74,
Kenosha County,US.WI.KN,3879,65,
Alexandria City,US.VA.AX,3804,69,
Washington County,US.MN.WH,3799,55,
Jasper County,US.MO.JS,3793,53,
Dauphin County,US.PA.DA,3783,181,
Cumberland County,US.NJ.CU,3778,159,
Columbia County,US.FL.CU,3774,54,
Smith County,US.TX.SM,3766,103,
Livingston Parish,US.LA.LV,3758,74,
Ascension Parish,US.LA.AE,3736,97,
Columbia County,US.GA.CI,3724,59,
Maverick County,US.TX.MV,3712,122,
Winnebago County,US.WI.WA,3710,26,
Midland County,US.TX.ID,3707,65,
Walker County,US.TX.WK,3701,57,
Sebastian County,US.AR.SB,3677,60,
Vanderburgh County,US.IN.VA,3655,31,
Lafourche Parish,US.LA.LO,3625,121,
Terrebonne Parish,US.LA.TR,3623,113,
Sarpy County,US.NE.SY,3598,16,
Placer County,US.CA.PA,3567,45,
Guadalupe County,US.TX.GU,3560,76,
Washtenaw County,US.MI.WS,3560,116,
San Luis Obispo County,US.CA.SS,3544,29,
Douglas County,US.GA.DL,3543,71,
Calhoun County,US.AL.CN,3534,44,
Apache County,US.AZ.AP,3525,165,
Burleigh County,US.ND.BL,3525,40,
Etowah County,US.AL.ET,3521,45,
Ingham County,US.MI.IH,3506,47,
Jackson County,US.MS.JC,3505,70,
Wilson County,US.TN.WO,3476,45,
Peoria County,US.IL.PI,3459,49,
Glynn County,US.GA.GY,3452,95,
Story County,US.IA.ST,3437,17,
Starr County,US.TX.SR,3409,163,
Ottawa County,US.MI.OT,3398,66,
Wayne County,US.NC.WY,3366,67,
Rowan County,US.NC.RW,3354,97,
Dona Ana County,US.NM.DO,3324,55,
San Juan County,US.NM.SJ,3321,199,
Putnam County,US.TN.PU,3315,40,
Morgan County,US.AL.MG,3314,28,
Madison County,US.MS.MD,3310,89,
Rankin County,US.MS.RA,3306,79,
St. Landry Parish,US.LA.SL,3299,124,
Washington County,US.UT.WN,3292,26,
McLean County,US.IL.ML,3260,23,
Bossier Parish,US.LA.BO,3241,106,
Clark County,US.WA.CR,3215,62,
Sumter County,US.SC.SU,3209,77,
Dubuque County,US.IA.DU,3203,41,
Indian River County,US.FL.IN,3197,116,
Catawba County,US.NC.CB,3152,52,
Floyd County,US.GA.FL,3152,45,
La Crosse County,US.WI.LA,3142,2,
Dougherty County,US.GA.DH,3141,187,
Jefferson County,US.AR.JE,3140,71,
Kaufman County,US.TX.KU,3136,47,
Houston County,US.GA.HO,3126,80,
Yellowstone County,US.MT.YS,3121,63,
Hernando County,US.FL.HA,3120,120,
Ector County,US.TX.EC,3114,84,
Buncombe County,US.NC.BO,3101,82,
Orangeburg County,US.SC.OR,3099,126,
Marion County,US.OH.MR,3096,47,
Warren County,US.OH.WR,3083,49,
Albany County,US.NY.AB,3082,123,
Montgomery County,US.TN.MT,3070,44,
Iredell County,US.NC.IR,3068,32,
Mahoning County,US.OH.MH,3065,281,
Charlotte County,US.FL.CH,3030,135,
Johnson County,US.TX.JH,3011,50,
Harford County,US.MD.HA,3008,76,
Scott County,US.IA.SC,2984,28,
Rock Island County,US.IL.RO,2971,76,
Umatilla County,US.OR.UM,2962,41,
Acadia Parish,US.LA.AD,2946,96,
Craighead County,US.AR.CG,2934,22,
Bradley County,US.TN.BR,2934,17,
Saginaw County,US.MI.SG,2932,139,
Pickens County,US.SC.PI,2924,45,
Houston County,US.AL.HO,2920,21,
Grant County,US.WA.GN,2919,21,
Iberia Parish,US.LA.II,2918,89,
Kent County,US.DE.KE,2911,116,
Bartow County,US.GA.BT,2905,85,
Kalamazoo County,US.MI.KA,2888,93,
Madison County,US.TN.MD,2877,64,
Bulloch County,US.GA.BH,2875,28,
Stark County,US.OH.ST,2872,175,
Anderson County,US.TX.AE,2840,31,
Santa Cruz County,US.AZ.SA,2833,63,
Randall County,US.TX.RA,2833,41,
Randolph County,US.NC.RA,2821,52,
Jackson County,US.FL.JA,2801,77,
Troup County,US.GA.TP,2800,96,
Ford County,US.KS.FO,2800,10,
Yolo County,US.CA.YO,2795,55,
Gadsden County,US.FL.GA,2790,46,
Dallas County,US.IA.DL,2780,38,
Hendricks County,US.IN.HD,2775,140,
Butte County,US.CA.BU,2774,44,
Paulding County,US.GA.PA,2770,53,
Carroll County,US.GA.CL,2755,67,
Charles County,US.MD.CH,2753,101,
Davidson County,US.NC.DD,2743,34,
Citrus County,US.FL.CI,2737,102,
Lee County,US.MS.LE,2736,70,
Kankakee County,US.IL.KK,2731,77,
Cache County,US.UT.CA,2728,6,
Walworth County,US.WI.WL,2724,35,
Newport News City,US.VA.NN,2721,38,
Comal County,US.TX.OM,2714,102,
Shawnee County,US.KS.SN,2710,32,
Bonneville County,US.ID.BV,2694,16,
Suwannee County,US.FL.SW,2685,69,
Elmore County,US.AL.EL,2673,48,
Rock County,US.WI.RO,2669,32,
Kootenai County,US.ID.KO,2655,34,
Orange County,US.NC.OR,2653,55,
Pickaway County,US.OH.PC,2653,44,
Sevier County,US.TN.SV,2623,15,
Harrisonburg City,US.VA.HS,2608,34,
Washington County,US.WI.WN,2607,32,
Kanawha County,US.WV.KA,2603,76,
Monroe County,US.IN.MR,2603,40,
Coweta County,US.GA.CA,2601,45,
Newton County,US.GA.NE,2579,87,
Scott County,US.MN.SC,2574,33,
Portsmouth City,US.VA.PR,2555,59,
Douglas County,US.CO.DU,2550,60,
Yavapai County,US.AZ.YA,2528,82,
Blount County,US.TN.BO,2516,24,
Larimer County,US.CO.LR,2515,52,
Lackawanna County,US.PA.LC,2505,217,
Forrest County,US.MS.FO,2489,73,
Jones County,US.MS.JO,2487,79,
Tippecanoe County,US.IN.TP,2486,14,
Faulkner County,US.AR.FA,2452,19,
Olmsted County,US.MN.OL,2446,28,
DeKalb County,US.AL.DA,2432,21,
Oneida County,US.NY.OD,2407,122,
Sangamon County,US.IL.SM,2401,45,
Clackamas County,US.OR.CC,2398,61,
Centre County,US.PA.CT,2393,11,
Duplin County,US.NC.DP,2377,53,
Johnson County,US.IN.JO,2367,133,
Maury County,US.TN.MU,2361,24,
Santa Cruz County,US.CA.SZ,2360,9,
Nash County,US.NC.NA,2332,39,
St. Clair County,US.AL.SA,2330,36,
Walker County,US.AL.WK,2319,84,
Lorain County,US.OH.LR,2311,86,
Cumberland County,US.ME.CU,2306,70,
Washington County,US.TN.WI,2297,36,
Delaware County,US.OH.DL,2259,20,
Washington County,US.MS.WS,2259,77,
Ulster County,US.NY.UL,2256,84,
Liberty County,US.TX.LT,2251,51,
Pennington County,US.SD.PN,2249,37,
Clark County,US.IN.CK,2244,64,
Tom Green County,US.TX.TG,2241,68,
Harnett County,US.NC.HT,2226,53,
Gregg County,US.TX.GE,2225,66,
Twin Falls County,US.ID.TW,2225,37,
Sampson County,US.NC.SP,2224,28,
Wilson County,US.NC.WO,2219,49,
Sumter County,US.FL.SM,2217,67,
Payne County,US.OK.PY,2215,6,
Greenwood County,US.SC.GW,2212,72,
Grand Forks County,US.ND.GD,2211,13,
Canadian County,US.OK.CN,2210,17,
Robertson County,US.TN.RB,2210,35,
Dakota County,US.NE.DK,2208,43,
Westmoreland County,US.PA.WE,2203,54,
Cleveland County,US.NC.CV,2202,62,
Lafayette County,US.MS.LY,2191,39,
Onslow County,US.NC.ON,2180,25,
Douglas County,US.KS.DG,2174,10,
Talladega County,US.AL.TD,2171,29,
Barrow County,US.GA.BW,2168,48,
Val Verde County,US.TX.VL,2168,104,
Porter County,US.IN.PR,2165,49,
Sullivan County,US.TN.SL,2164,33,
Lancaster County,US.SC.LN,2155,52,
Highlands County,US.FL.HG,2148,86,
Angelina County,US.TX.AG,2144,81,
Spotsylvania County,US.VA.SP,2131,44,
Finney County,US.KS.FI,2129,12,
Putnam County,US.FL.PU,2120,39,
Limestone County,US.AL.LI,2119,20,
Burke County,US.NC.BK,2110,38,
Pope County,US.AR.PP,2107,31,
Fairfield County,US.OH.FI,2105,53,
Baldwin County,US.GA.BD,2104,56,
Pottawattamie County,US.IA.PT,2094,38,
St. Martin Parish,US.LA.SR,2094,61,
Leavenworth County,US.KS.LV,2080,11,
Nassau County,US.FL.NA,2080,43,
St. Francois County,US.MO.SF,2074,11,
Hendry County,US.FL.HR,2069,42,
Fond du Lac County,US.WI.FN,2068,13,
Lauderdale County,US.MS.LU,2059,125,
Darlington County,US.SC.DA,2045,53,
Saline County,US.AR.SL,2044,23,
Coffee County,US.GA.CF,2043,49,
Vermilion Parish,US.LA.VM,2038,61,
Kenton County,US.KY.KE,2021,46,
Lebanon County,US.PA.LB,2015,59,
Lincoln County,US.AR.LC,2011,15,
Rockingham County,US.NH.RO,2010,103,
Hall County,US.NE.HL,2007,47,
Henderson County,US.NC.HN,2005,64,
Stafford County,US.VA.SF,2005,17,
Kendall County,US.IL.KA,1997,25,
Orange County,US.TX.OR,1996,43,
Monongalia County,US.WV.MG,1992,5,
Buena Vista County,US.IA.BV,1990,12,
Jackson County,US.GA.JC,1981,32,
Barnstable County,US.MA.BA,1974,174,
Kershaw County,US.SC.KE,1972,37,
Buchanan County,US.MO.BC,1971,16,
Nobles County,US.MN.NB,1971,16,
Suffolk City,US.VA.SO,1970,72,
Parker County,US.TX.PR,1967,33,
Delaware County,US.IN.DL,1965,63,
Wicomico County,US.MD.WI,1959,48,
Cass County,US.IN.CS,1953,10,
Walton County,US.FL.WL,1952,25,
Stanly County,US.NC.SN,1946,56,
Crittenden County,US.AR.CD,1944,46,
Carroll County,US.MD.CR,1944,126,
Columbiana County,US.OH.CL,1931,80,
Licking County,US.OH.LI,1927,63,
Manassas City,US.VA.MS,1918,25,
Hamblen County,US.TN.HB,1914,26,
St. Mary Parish,US.LA.SM,1911,77,
Montgomery County,US.VA.MO,1909,4,
Cullman County,US.AL.CU,1907,20,
Hot Spring County,US.AR.HT,1904,26,
Cochise County,US.AZ.CH,1901,71,
Georgetown County,US.SC.GR,1892,45,
Trumbull County,US.OH.TR,1888,132,
Garland County,US.AR.GL,1884,51,
Beaver County,US.PA.BA,1878,122,
Berrien County,US.MI.BN,1877,74,
Colquitt County,US.GA.CQ,1875,33,
Kent County,US.RI.KE,1867,109,
Wood County,US.OH.WO,1866,72,
Grayson County,US.TX.GO,1866,44,
Hale County,US.TX.HE,1865,53,
Eau Claire County,US.WI.EA,1862,6,
Litchfield County,US.CT.LI,1857,141,
Rogers County,US.OK.RS,1852,50,
Rockdale County,US.GA.RO,1846,36,
Bolivar County,US.MS.BO,1845,66,
Gordon County,US.GA.GO,1845,36,
Cumberland County,US.PA.CU,1843,77,
New London County,US.CT.NL,1843,114,
Chelan County,US.WA.CH,1841,15,
Fayette County,US.GA.FY,1840,50,
Vigo County,US.IN.VI,1839,28,
Monroe County,US.FL.MO,1834,22,
Dodge County,US.WI.DD,1831,16,
Muskogee County,US.OK.MO,1822,22,
Bastrop County,US.TX.BP,1818,29,
Tipton County,US.TN.TI,1818,19,
Coryell County,US.TX.CL,1818,12,
Clay County,US.MO.CY,1817,41,
Bee County,US.TX.BE,1814,32,
Hampton city,US.VA.HM,1809,24,
Walton County,US.GA.WA,1802,53,
Oktibbeha County,US.MS.OK,1799,52,
Clark County,US.OH.CK,1799,40,
Riley County,US.KS.RL,1795,8,
Dallas County,US.AL.DL,1791,26,
St. Charles Parish,US.LA.SC,1791,59,
Monroe County,US.PA.MR,1790,133,
Franklin County,US.AL.FR,1781,29,
Marshall County,US.IA.MS,1780,34,
Niagara County,US.NY.NI,1773,89,
Autauga County,US.AL.AU,1773,25,
Tift County,US.GA.TI,1771,57,
Washington County,US.MD.WA,1770,37,
Franklin County,US.PA.FR,1763,50,
Russell County,US.AL.RU,1763,3,
Tazewell County,US.IL.TA,1749,23,
Wichita County,US.TX.WC,1741,23,
East Feliciana Parish,US.LA.EF,1739,67,
Madison County,US.KY.MD,1730,7,
Cape Girardeau County,US.MO.CG,1726,15,
Clermont County,US.OH.CE,1725,23,
Lauderdale County,US.AL.LU,1723,33,
Granville County,US.NC.GN,1723,50,
Flagler County,US.FL.FL,1722,23,
Lamar County,US.MS.LM,1716,35,
Franklin County,US.MO.FR,1711,29,
Sutter County,US.CA.SU,1705,11,
LaSalle County,US.IL.LA,1701,57,
Blue Earth County,US.MN.BE,1699,6,
Roanoke city,US.VA.RO,1694,23,
Napa County,US.CA.NA,1688,13,
Madison County,US.IN.MD,1686,86,
Seward County,US.KS.SW,1669,5,
Chatham County,US.NC.CH,1669,57,
Mississippi County,US.AR.MS,1668,50,
Colbert County,US.AL.CL,1666,26,
Gibson County,US.TN.GB,1658,23,
Trousdale County,US.TN.TR,1657,7,
Caldwell County,US.NC.CL,1657,18,
Moore County,US.NC.ME,1651,29,
Laurens County,US.SC.LU,1650,56,
Laurens County,US.GA.LR,1644,69,
Habersham County,US.GA.HB,1640,67,
Brunswick County,US.NC.BS,1636,27,
Lee County,US.NC.LE,1635,14,
Garfield County,US.OK.GF,1634,20,
Sheboygan County,US.WI.SE,1633,16,
Chattahoochee County,US.GA.CH,1633,1,
Wright County,US.MN.WR,1632,7,
Rockwall County,US.TX.RC,1629,25,
Craven County,US.NC.CN,1629,34,
Lake County,US.OH.LK,1628,51,
Hunt County,US.TX.HT,1625,36,
Washington Parish,US.LA.WO,1624,65,
Blount County,US.AL.BU,1617,15,
Malheur County,US.OR.ML,1617,26,
Escambia County,US.AL.ES,1611,24,
St. Louis County,US.MN.ST,1602,41,
Lincoln County,US.NC.LI,1599,14,
Putnam County,US.NY.PU,1597,63,
Sioux County,US.IA.SI,1594,3,
Chilton County,US.AL.CI,1588,30,
Stark County,US.ND.SR,1585,7,
Sullivan County,US.NY.SL,1583,37,
St. John the Baptist Parish,US.LA.SO,1581,100,
Jackson County,US.AL.JA,1581,11,
Lowndes County,US.MS.LO,1580,58,
Allen Parish,US.LA.AL,1580,49,
Neshoba County,US.MS.NS,1579,104,
Comanche County,US.OK.CM,1578,13,
Nacogdoches County,US.TX.NC,1576,62,
Hardeman County,US.TN.HA,1570,26,
Boone County,US.KY.BO,1567,25,
DeKalb County,US.IL.DK,1567,38,
Middlesex County,US.CT.MI,1566,193,
DeSoto County,US.FL.DE,1561,25,
Broome County,US.NY.BO,1550,85,
Cherokee County,US.TX.CK,1547,29,
Okeechobee County,US.FL.OE,1537,26,
Erie County,US.PA.ER,1537,38,
Cole County,US.MO.CE,1535,14,
Walker County,US.GA.WK,1527,34,
Caldwell County,US.TX.CW,1523,35,
Muskegon County,US.MI.MG,1517,69,
Avoyelles Parish,US.LA.AV,1514,54,
Monroe County,US.MI.MO,1513,28,
Texas County,US.OK.TE,1507,9,
St. Francis County,US.AR.SI,1503,6,
Macon County,US.IL.MC,1503,44,
Cass County,US.MO.CS,1502,24,
Panola County,US.MS.PA,1499,30,
Wayne County,US.TN.WY,1497,5,
Sussex County,US.NJ.SU,1490,198,
Thomas County,US.GA.TH,1488,63,
Taylor County,US.TX.TA,1485,55,
Ware County,US.GA.WE,1485,59,
Polk County,US.GA.PO,1474,17,
Sunflower County,US.MS.SU,1471,46,
Jim Wells County,US.TX.JW,1469,37,
Newton County,US.MO.NT,1469,15,
Jefferson County,US.WI.JE,1468,8,
Baker County,US.FL.BK,1467,12,
Medina County,US.OH.MD,1467,39,
Wagoner County,US.OK.WG,1467,26,
San Patricio County,US.TX.SP,1466,74,
Titus County,US.TX.TU,1458,28,
Greene County,US.OH.GR,1453,32,
Coles County,US.IL.CE,1450,30,
LaPorte County,US.IN.LA,1448,40,
Warren County,US.NJ.WA,1438,171,
Allen County,US.OH.AN,1437,69,
Miami County,US.OH.MM,1436,51,
Effingham County,US.GA.EF,1431,23,
Ozaukee County,US.WI.OZ,1424,19,
Rockingham County,US.VA.RG,1423,22,
Carver County,US.MN.CV,1419,7,
Portage County,US.WI.PT,1418,4,
Christian County,US.MO.CT,1417,6,
Marathon County,US.WI.MH,1414,14,
Oconee County,US.SC.OC,1412,26,
Leflore County,US.MS.LL,1410,81,
Warren County,US.MS.WR,1407,50,
Iberville Parish,US.LA.IV,1407,58,
Covington County,US.AL.CV,1403,27,
St. Bernard Parish,US.LA.SE,1401,29,
Schenectady County,US.NY.SN,1399,46,
Lea County,US.NM.LE,1394,22,
Dale County,US.AL.DE,1392,44,
Lynchburg city,US.VA.LY,1391,13,
Williamson County,US.IL.WS,1390,45,
Clay County,US.MN.CA,1389,40,
Crawford County,US.AR.CW,1383,15,
Livingston County,US.MI.LI,1377,30,
Floyd County,US.IN.FL,1376,66,
Daviess County,US.KY.DA,1372,14,
Bowie County,US.TX.BW,1370,53,
Dyer County,US.TN.DY,1370,14,
Columbus County,US.NC.CM,1368,57,
Wharton County,US.TX.WN,1364,52,
Coffee County,US.AL.CF,1359,6,
Calhoun County,US.MI.CU,1357,45,
Hardee County,US.FL.HD,1354,11,
Edgecombe County,US.NC.ED,1349,47,
Bedford County,US.TN.BD,1345,17,
Sandoval County,US.NM.SD,1343,42,
Hardin County,US.TX.HN,1342,30,
Hampshire County,US.MA.HS,1340,143,
Tolland County,US.CT.TO,1337,67,
Gallatin County,US.MT.GL,1336,4,
Rice County,US.MN.RI,1335,8,
Spalding County,US.GA.SD,1332,61,
Warrick County,US.IN.WI,1332,41,
Pottawatomie County,US.OK.PT,1331,10,
Lincoln County,US.SD.LI,1331,2,
Mower County,US.MN.MW,1328,5,
Washington County,US.PA.WS,1328,30,
Wapello County,US.IA.WP,1328,57,
Williamsburg County,US.SC.WI,1327,44,
Whatcom County,US.WA.WA,1327,42,
Toombs County,US.GA.TM,1326,49,
Taylor County,US.FL.TA,1321,13,
Howard County,US.IN.HO,1321,66,
Surry County,US.NC.SU,1316,23,
Evangeline Parish,US.LA.EV,1314,32,
Hunterdon County,US.NJ.HN,1311,125,
San Benito County,US.CA.SI,1310,11,
Chambers County,US.TX.CH,1309,8,
Gila County,US.AZ.GI,1304,56,
Hardin County,US.KY.HN,1299,11,
Christian County,US.KY.CH,1298,21,
Camden County,US.GA.CD,1289,8,
Hanover County,US.VA.HV,1288,37,
St. Mary's County,US.MD.SA,1288,57,
Navarro County,US.TX.NV,1283,26,
Pontotoc County,US.MS.PO,1278,16,
McCurtain County,US.OK.MU,1273,34,
Lincoln Parish,US.LA.LN,1269,48,
Grant County,US.IN.GA,1268,37,
Whitman County,US.WA.WI,1262,0,
Jackson County,US.IL.JC,1259,24,
Dickson County,US.TN.DI,1257,15,
Webster County,US.IA.WE,1254,14,
Albemarle County,US.VA.AB,1253,21,
Yell County,US.AR.YE,1252,29,
Eagle County,US.CO.EA,1250,10,
Morton County,US.ND.MR,1248,23,
Newberry County,US.SC.NE,1245,27,
Rockingham County,US.NC.RC,1242,14,
Pike County,US.MS.PI,1240,51,
Jefferson Davis Parish,US.LA.JD,1239,39,
Kosciusko County,US.IN.KO,1238,19,
Coffee County,US.TN.CF,1236,13,
Monroe County,US.MS.MR,1235,68,
Lafayette County,US.FL.LF,1233,12,
Webster Parish,US.LA.WR,1232,23,
Chesterfield County,US.SC.CF,1226,37,
Wilkes County,US.NC.WE,1224,33,
Willacy County,US.TX.WY,1213,49,
Franklin County,US.NC.FR,1207,31,
Pike County,US.AL.PK,1205,10,
Sevier County,US.AR.SV,1202,16,
Franklin Parish,US.LA.FR,1202,38,
Cumberland County,US.TN.CU,1201,18,
Medina County,US.TX.ME,1198,45,
Culpeper County,US.VA.CP,1195,17,
Kitsap County,US.WA.KS,1193,13,
Taney County,US.MO.TA,1193,31,
Copiah County,US.MS.CP,1191,33,
Weakley County,US.TN.WE,1189,19,
Fayette County,US.TN.FA,1188,19,
Charlottesville City,US.VA.CE,1186,28,
Lane County,US.OR.LE,1185,17,
Bartholomew County,US.IN.BA,1185,61,
Douglas County,US.WA.DO,1185,9,
Rutherford County,US.NC.RU,1183,33,
Henderson County,US.TN.HS,1181,24,
Anderson County,US.TN.AN,1179,13,
Catoosa County,US.GA.CS,1179,18,
Scott County,US.MS.SC,1176,27,
Accomack County,US.VA.AC,1175,19,
Moore County,US.TX.MO,1174,22,
Loudon County,US.TN.LO,1172,6,
Lonoke County,US.AR.LO,1171,11,
Obion County,US.TN.OB,1171,10,
Carter County,US.TN.CT,1168,28,
Chambers County,US.AL.CM,1168,42,
Dodge County,US.NE.DE,1168,12,
Tallapoosa County,US.AL.TP,1164,85,
Coahoma County,US.MS.CH,1163,29,
Cherokee County,US.SC.CK,1162,36,
Shelby County,US.IN.SH,1162,37,
Brown County,US.SD.BW,1160,4,
Greene County,US.TN.GE,1156,44,
Scotland County,US.NC.SC,1154,13,
York County,US.ME.YO,1153,15,
Clinton County,US.IL.CN,1153,20,
Yuba County,US.CA.YU,1153,7,
Hoke County,US.NC.HO,1153,17,
Calumet County,US.WI.CA,1152,3,
Sherburne County,US.MN.SH,1150,14,
Chaves County,US.NM.CH,1150,12,
Decatur County,US.GA.DC,1146,29,
Bryan County,US.GA.BY,1145,11,
Atascosa County,US.TX.AT,1144,30,
Jackson County,US.OR.JA,1139,5,
Portage County,US.OH.PO,1139,66,
Creek County,US.OK.CE,1138,33,
Lamar County,US.TX.LR,1136,34,
Plymouth County,US.IA.PM,1132,20,
Natchitoches Parish,US.LA.NA,1129,26,
Manitowoc County,US.WI.MW,1128,3,
Pettis County,US.MO.PS,1124,12,
Wayne County,US.GA.WY,1123,29,
Waupaca County,US.WI.WP,1123,20,
Schuylkill County,US.PA.SC,1122,52,
Wakulla County,US.FL.WK,1122,10,
Mercer County,US.OH.MC,1122,18,
Wayne County,US.IN.WY,1121,14,
McMinn County,US.TN.MM,1119,25,
Jefferson County,US.TN.JE,1119,14,
Oldham County,US.KY.OL,1117,25,
Clinton County,US.IA.CN,1116,21,
Boone County,US.IL.BO,1113,23,
Adams County,US.IL.AD,1112,10,
El Dorado County,US.CA.EL,1109,4,
Marshall County,US.MS.MS,1106,17,
Liberty County,US.GA.LB,1105,22,
Lincoln County,US.MS.LI,1102,53,
Le Flore County,US.OK.LE,1102,17,
Johnson County,US.MO.JO,1101,4,
Muscatine County,US.IA.MU,1100,54,
Skagit County,US.WA.SG,1100,22,
Clarke County,US.AL.CK,1100,16,
Holmes County,US.MS.HO,1098,59,
Clarendon County,US.SC.CN,1098,66,
McDonald County,US.MO.MA,1095,11,
Reno County,US.KS.RN,1094,3,
Independence County,US.AR.IN,1091,19,
Grenada County,US.MS.GN,1090,36,
Bradford County,US.FL.BA,1090,8,
Grimes County,US.TX.GM,1087,31,
Crawford County,US.IA.CW,1085,5,
Thurston County,US.WA.TH,1080,17,
Pueblo County,US.CO.PU,1079,37,
Jackson County,US.MI.JA,1079,45,
Dawson County,US.NE.DN,1079,12,
Platte County,US.NE.PL,1076,3,
Washington County,US.FL.WS,1072,22,
Cherokee County,US.OK.CK,1070,8,
Fairbanks North Star Borough,US.AK.FA,1065,11,
Yazoo County,US.MS.YZ,1062,30,
Salem County,US.NJ.SA,1062,89,
Warren County,US.TN.WR,1061,7,
Grady County,US.OK.GD,1059,11,
Shelby County,US.KY.SH,1058,24,
Gonzales County,US.TX.GA,1058,17,
Stephens County,US.GA.SE,1057,38,
Cecil County,US.MD.CE,1056,35,
Lee County,US.AR.LE,1056,18,
Macon County,US.TN.MC,1055,21,
Pointe Coupee Parish,US.LA.PO,1055,40,
Cerro Gordo County,US.IA.CG,1054,21,
Lyon County,US.KS.LY,1051,33,
Vernon Parish,US.LA.VN,1049,49,
Okanogan County,US.WA.OK,1048,10,
Montgomery County,US.NC.MO,1047,30,
Simpson County,US.MS.SI,1046,46,
Buffalo County,US.NE.BF,1046,4,
Henry County,US.VA.HY,1046,21,
Butler County,US.PA.BT,1045,25,
Worcester County,US.MD.WO,1045,26,
Lawrence County,US.TN.LW,1043,13,
Chester County,US.SC.CR,1039,21,
Vance County,US.NC.VA,1039,44,
Emanuel County,US.GA.EM,1038,30,
Crawford County,US.KS.CR,1038,6,
Saratoga County,US.NY.SR,1036,15,
Monroe County,US.TN.MR,1036,18,
Matagorda County,US.TX.MD,1035,46,
Ward County,US.ND.WR,1034,6,
Levy County,US.FL.LV,1033,9,
Woodward County,US.OK.WW,1031,4,
Hardin County,US.TN.HI,1030,16,
Dillon County,US.SC.DI,1027,37,
Colleton County,US.SC.CT,1022,42,
Halifax County,US.NC.HL,1022,19,
Appling County,US.GA.AP,1022,28,
Cape May County,US.NJ.CP,1020,96,
Madison County,US.FL.MD,1013,18,
Kandiyohi County,US.MN.KD,1011,2,
Richmond County,US.NC.RI,1010,16,
St. Clair County,US.MI.SA,1008,56,
Marshall County,US.IN.MS,1007,24,
Bay County,US.MI.BY,1006,50,
Lenoir County,US.NC.LN,1005,32,
Chicot County,US.AR.CT,1005,20,
Tate County,US.MS.TT,1004,37,
Boone County,US.IN.BO,1001,49,
Kleberg County,US.TX.KL,1000,43,
Union County,US.MS.UN,998,24,
Bannock County,US.ID.BO,997,4,
DeWitt County,US.TX.DE,996,37,
Beauregard Parish,US.LA.BE,995,37,
Grant County,US.WI.GA,995,19,
Pittsylvania County,US.VA.PS,994,9,
Santa Fe County,US.NM.ST,993,6,
Summit County,US.UT.SU,991,1,
Camden County,US.MO.CM,989,11,
Washington County,US.OK.WN,989,40,
Flathead County,US.MT.FL,988,17,
Berkeley County,US.WV.BE,987,13,
Lauderdale County,US.TN.LU,983,16,
Lavaca County,US.TX.LA,981,35,
McDowell County,US.NC.MW,979,26,
Dubois County,US.IN.DU,979,19,
Williams County,US.ND.WI,978,7,
Northumberland County,US.PA.NU,976,54,
Frio County,US.TX.FO,975,9,
Ellis County,US.KS.EL,970,3,
Haywood County,US.TN.HY,969,21,
Franklin County,US.TN.FR,969,9,
Marion County,US.AL.MI,968,29,
St. Croix County,US.WI.SI,966,8,
Henderson County,US.TX.HD,963,23,
Union Parish,US.LA.UN,963,42,
Rusk County,US.TX.RK,960,11,
Leake County,US.MS.LK,960,38,
Pittsburg County,US.OK.PI,958,19,
Windham County,US.CT.WI,958,15,
Pender County,US.NC.PD,956,5,
Warren County,US.IA.WR,954,6,
Elko County,US.NV.EL,949,10,
Hood County,US.TX.HO,945,27,
Hancock County,US.IN.HC,945,46,
Garfield County,US.CO.GA,944,5,
Sauk County,US.WI.SU,944,3,
Beaufort County,US.NC.BA,944,23,
Erie County,US.OH.ER,943,47,
Adams County,US.MS.AD,941,37,
Bryan County,US.OK.BR,940,4,
Calvert County,US.MD.CL,939,28,
Karnes County,US.TX.KS,937,16,
Randolph County,US.IL.RA,937,11,
Union County,US.FL.UN,935,14,
Wayne County,US.OH.WE,931,68,
Fauquier County,US.VA.FQ,931,25,
Mendocino County,US.CA.MI,931,18,
Tuscarawas County,US.OH.TU,931,20,
Sumter County,US.GA.SU,929,62,
Butler County,US.KS.BU,922,3,
Noble County,US.IN.NO,919,33,
Lake County,US.TN.LK,919,2,
Marlboro County,US.SC.ML,918,11,
Butler County,US.AL.BT,913,39,
Oconto County,US.WI.OC,908,4,
Rensselaer County,US.NY.RE,908,42,
Lumpkin County,US.GA.LP,907,14,
Wayne County,US.MS.WY,904,21,
West Baton Rouge Parish,US.LA.WB,903,41,
Marinette County,US.WI.MT,903,8,
Osage County,US.OK.OS,903,13,
Big Horn County,US.MT.BI,900,22,
Bingham County,US.ID.BG,896,10,
Bladen County,US.NC.BL,896,15,
De Soto Parish,US.LA.DE,895,35,
Roane County,US.TN.RA,895,4,
Wilson County,US.TX.WS,892,26,
Pearl River County,US.MS.PL,892,53,
Harrison County,US.TX.HR,891,31,
Union County,US.AR.UN,891,36,
Carroll County,US.TN.CR,889,20,
Walla Walla County,US.WA.WL,889,5,
Richland County,US.OH.RI,888,19,
Winona County,US.MN.WN,887,18,
Deaf Smith County,US.TX.DI,886,21,
Columbia County,US.PA.CO,885,35,
Barbour County,US.AL.BR,885,7,
Ross County,US.OH.RO,884,24,
McNairy County,US.TN.MA,883,18,
Frederick County,US.VA.FK,881,13,
Bullitt County,US.KY.BI,880,9,
Laurel County,US.KY.LU,878,6,
Gulf County,US.FL.GU,875,14,
Sequoyah County,US.OK.SQ,873,11,
Scott County,US.MO.ST,872,17,
Payette County,US.ID.PA,871,8,
Madison Parish,US.LA.MA,870,8,
Campbell County,US.KY.CM,870,16,
Greene County,US.AR.GE,870,10,
Marion County,US.SC.MI,869,24,
Danville City,US.VA.DA,868,27,
Marion County,US.MS.MI,865,35,
Effingham County,US.IL.EF,865,3,
Logan County,US.CO.LO,864,6,
Prentiss County,US.MS.PN,862,17,
Tooele County,US.UT.TE,862,0,
Roanoke County,US.VA.RE,861,7,
Ottawa County,US.OK.OT,858,6,
Polk County,US.TX.PK,855,22,
Waller County,US.TX.WR,855,14,
McClain County,US.OK.ML,854,7,
Bledsoe County,US.TN.BE,854,4,
Hamilton County,US.FL.HM,849,8,
James City County,US.VA.JA,848,20,
Sabine Parish,US.LA.SB,848,13,
Johnson County,US.AR.JO,847,5,
Erath County,US.TX.ER,847,12,
Codington County,US.SD.CD,842,4,
Adams County,US.WA.AD,842,10,
Wood County,US.WI.WO,840,5,
White County,US.TN.WH,837,9,
White County,US.AR.WH,837,23,
Jasper County,US.IA.JS,836,32,
Chittenden County,US.VT.CH,835,39,
Rhea County,US.TN.RH,834,12,
Okmulgee County,US.OK.OM,833,7,
Tattnall County,US.GA.TT,832,11,
White County,US.GA.WH,831,19,
Dixie County,US.FL.DI,831,7,
Watauga County,US.NC.WT,830,1,
Covington County,US.MS.CV,827,22,
Itawamba County,US.MS.IT,826,21,
Deschutes County,US.OR.DE,825,12,
Madison County,US.NE.MA,824,5,
Adams County,US.PA.AD,824,26,
Madison County,US.OH.MO,823,12,
Murray County,US.GA.MA,822,6,
Miller County,US.AR.ML,822,11,
Calhoun County,US.TX.CU,821,7,
Alcorn County,US.MS.AL,820,11,
Graham County,US.AZ.GA,818,25,
Henry County,US.IN.HY,815,26,
Edgefield County,US.SC.ED,813,18,
Dawson County,US.GA.DW,812,7,
Hawkins County,US.TN.HW,812,18,
Jasper County,US.SC.JA,812,20,
Gilmer County,US.GA.GI,811,13,
Cheatham County,US.TN.CA,807,10,
Shenandoah County,US.VA.SN,806,58,
St. James Parish,US.LA.SJ,805,40,
Washington County,US.RI.WA,803,67,
Burke County,US.GA.BE,800,10,
Darke County,US.OH.DA,799,42,
Mitchell County,US.GA.MT,799,45,
Lenawee County,US.MI.LN,797,18,
Shawano County,US.WI.SA,797,1,
Prince George County,US.VA.PG,796,5,
Eddy County,US.NM.ED,795,7,
Fayette County,US.PA.FA,794,7,
Cabell County,US.WV.CB,791,10,
Jefferson County,US.GA.JR,790,28,
Harris County,US.GA.HI,790,21,
Curry County,US.NM.CU,787,6,
Upson County,US.GA.UP,786,62,
Dunklin County,US.MO.DU,784,8,
Beadle County,US.SD.BA,784,9,
Pulaski County,US.KY.PU,784,10,
Greensville County,US.VA.GS,781,11,
Colfax County,US.NE.CO,781,5,
Uvalde County,US.TX.UV,781,34,
George County,US.MS.GR,780,13,
Des Moines County,US.IA.DS,778,8,
Shasta County,US.CA.SH,777,17,
Morehouse Parish,US.LA.MO,776,22,
Tallahatchie County,US.MS.TL,773,21,
Newton County,US.MS.NW,772,24,
Grady County,US.GA.GD,771,22,
St. Joseph County,US.MI.SJ,769,11,
Ben Hill County,US.GA.BL,768,23,
Muhlenberg County,US.KY.MU,768,12,
Allegan County,US.MI.AL,765,7,
Fairfield County,US.SC.FA,763,35,
Van Buren County,US.MI.VA,763,17,
Chattooga County,US.GA.CG,762,21,
Jackson County,US.IN.JC,762,10,
Lincoln County,US.MO.LO,762,3,
Wise County,US.TX.WE,760,14,
Jackson County,US.OK.JA,759,10,
Marion County,US.IA.MI,759,7,
Scott County,US.KY.SC,759,11,
Assumption Parish,US.LA.AS,758,24,
Caddo County,US.OK.CD,758,21,
Howard County,US.TX.HW,757,13,
Union County,US.GA.UN,757,20,
Yamhill County,US.OR.YA,757,13,
Jerome County,US.ID.JR,756,7,
Marshall County,US.TN.MS,756,5,
Southampton County,US.VA.SA,755,23,
Barren County,US.KY.BN,754,13,
Bedford County,US.VA.BF,753,13,
Richland Parish,US.LA.RI,752,10,
Franklin County,US.GA.FR,752,13,
Holmes County,US.FL.HO,752,7,
West Feliciana Parish,US.LA.WF,752,25,
Brookings County,US.SD.BK,751,2,
Wasatch County,US.UT.WA,750,7,
Berkshire County,US.MA.BE,749,49,
Hertford County,US.NC.HD,747,30,
Cocke County,US.TN.CE,746,9,
Morgan County,US.CO.MN,746,48,
Winston County,US.AL.WN,745,12,
Overton County,US.TN.OV,745,6,
Vermilion County,US.IL.VE,745,4,
Henry County,US.IA.HE,742,4,
Henderson County,US.KY.HE,742,3,
Winston County,US.MS.WN,742,19,
Yadkin County,US.NC.YD,741,8,
Delaware County,US.OK.DL,741,25,
Oconee County,US.GA.OC,740,26,
Lassen County,US.CA.LS,740,0,
Iron County,US.UT.RN,739,3,
Missoula County,US.MT.MS,739,3,
Whiteside County,US.IL.WD,738,20,
Morgan County,US.IN.MG,737,41,
Radford city,US.VA.RD,737,1,
Petersburg city,US.VA.PB,734,29,
Saline County,US.NE.SL,734,2,
Isle of Wight County,US.VA.IS,733,19,
Graves County,US.KY.GV,731,29,
Burnet County,US.TX.BT,729,12,
McCracken County,US.KY.MK,725,10,
Mercer County,US.PA.ME,725,17,
Marengo County,US.AL.ME,724,20,
Cassia County,US.ID.CS,724,5,
Smith County,US.TN.SH,723,11,
Madison County,US.TX.AD,721,6,
Belmont County,US.OH.BE,721,27,
Geauga County,US.OH.GE,720,49,
Lee County,US.SC.LE,719,34,
Saline County,US.KS.SA,719,11,
Saline County,US.MO.SI,718,9,
Mecklenburg County,US.VA.ME,717,33,
Jeff Davis County,US.GA.JF,716,20,
Tama County,US.IA.TM,713,31,
Boone County,US.AR.BO,711,10,
Johnson County,US.TN.JO,711,2,
Hancock County,US.OH.HN,710,10,
Androscoggin County,US.ME.AN,706,10,
Madison County,US.ID.MA,703,1,
Barnwell County,US.SC.BN,702,16,
Fremont County,US.WY.FR,702,14,
Isabella County,US.MI.IB,700,13,
Pasquotank County,US.NC.PU,700,30,
Lee County,US.GA.LE,699,25,
Indiana County,US.PA.IN,699,12,
San Juan County,US.UT.SJ,699,29,
Platte County,US.MO.PT,697,10,
Ogle County,US.IL.OG,695,6,
Lyon County,US.MN.LY,695,4,
Carteret County,US.NC.CE,694,5,
Hawaii County,US.HI.HA,693,15,
Tishomingo County,US.MS.TS,690,38,
Madison County,US.GA.MD,689,8,
Saluda County,US.SC.SA,689,21,
Minidoka County,US.ID.MI,685,8,
Putnam County,US.GA.PT,684,25,
Chickasaw County,US.MS.CS,684,24,
Monroe County,US.GA.MN,684,50,
Laramie County,US.WY.LA,680,4,
Fannin County,US.TX.FI,679,15,
Buckingham County,US.VA.BK,679,9,
Athens County,US.OH.AS,678,2,
Clinton County,US.MI.CN,677,14,
Plaquemines Parish,US.LA.PL,676,19,
Pierce County,US.WI.PI,676,7,
Daviess County,US.IN.DI,674,30,
Monroe County,US.IL.MR,673,15,
Dearborn County,US.IN.DR,671,30,
Lycoming County,US.PA.LY,671,25,
Tippah County,US.MS.TP,671,17,
Washington County,US.GA.WG,670,8,
Cascade County,US.MT.CS,669,5,
Waseca County,US.MN.WE,669,8,
Grundy County,US.IL.GU,667,5,
Attala County,US.MS.AT,667,25,
Blair County,US.PA.BL,667,18,
Custer County,US.OK.CU,666,0,
Peach County,US.GA.PH,666,24,
Pickens County,US.AL.PC,666,14,
Henry County,US.IL.HY,664,5,
Eaton County,US.MI.EA,664,10,
Blaine County,US.ID.BL,664,6,
Carroll County,US.IA.CL,660,5,
Cowlitz County,US.WA.CW,660,6,
Pulaski County,US.MO.PA,660,5,
Ashtabula County,US.OH.AB,659,48,
Lawrence County,US.OH.LW,658,22,
Bibb County,US.AL.BI,656,10,
Morgan County,US.IL.MG,655,23,
Marion County,US.MO.MO,655,14,
Queen Anne's County,US.MD.QU,654,26,
Randolph County,US.AL.RA,654,13,
Lowndes County,US.AL.LO,654,27,
Franklin County,US.KY.FR,653,12,
Carroll County,US.AR.CL,652,9,
Columbia County,US.WI.CO,652,2,
Callaway County,US.MO.CA,652,3,
Poinsett County,US.AR.PN,651,12,
Hill County,US.TX.HI,650,14,
Butts County,US.GA.BU,649,42,
Knox County,US.IL.KX,648,3,
Jackson County,US.NC.JA,648,7,
Fannin County,US.GA.FN,648,22,
Butler County,US.MO.BE,646,7,
Scurry County,US.TX.SU,646,4,
Elbert County,US.GA.EL,645,3,
Shelby County,US.OH.SH,645,10,
Hampton County,US.SC.HA,644,25,
Caroline County,US.MD.CO,644,7,
Hale County,US.AL.HA,644,28,
Nodaway County,US.MO.NO,642,6,
Bamberg County,US.SC.BM,642,33,
Jackson Parish,US.LA.JA,640,22,
Trempealeau County,US.WI.TR,640,2,
LaGrange County,US.IN.LG,640,11,
Webster County,US.MO.WE,639,5,
Washington County,US.TX.WH,638,48,
Bureau County,US.IL.BU,637,11,
Broomfield County and City,US.CO.BR,636,33,
Geneva County,US.AL.GE,634,4,
Chester County,US.TN.CS,632,10,
Rosebud County,US.MT.RS,632,18,
Lee County,US.IA.LE,630,7,
Mayes County,US.OK.MY,628,11,
Hopkins County,US.KY.HO,628,39,
Laclede County,US.MO.LD,626,4,
Charlton County,US.GA.CT,626,7,
Henry County,US.TN.HR,625,9,
Winn Parish,US.LA.WI,622,18,
Perry County,US.MO.PR,621,7,
Lawrence County,US.AL.LW,621,23,
Lawrence County,US.MO.LW,619,4,
Branch County,US.MI.BC,619,5,
Lincoln County,US.TN.LI,619,1,
Cherokee County,US.NC.CO,619,12,
Pickens County,US.GA.PE,618,10,
Franklin County,US.FL.FR,614,3,
Calhoun County,US.FL.CA,614,11,
Adair County,US.OK.AD,614,10,
Lapeer County,US.MI.LP,613,36,
Howell County,US.MO.HW,613,3,
Cherokee County,US.AL.CH,612,13,
Manassas Park city,US.VA.MP,610,8,
Logan County,US.WV.LO,610,41,
Fayette County,US.WV.FA,608,13,
Mesa County,US.CO.ME,607,7,
Haywood County,US.NC.HW,607,31,
Giles County,US.TN.GL,607,17,
Auglaize County,US.OH.AU,607,9,
Clinton County,US.IN.CI,606,18,
Bullock County,US.AL.BL,606,14,
Jackson County,US.TX.JA,606,16,
Midland County,US.MI.MD,605,11,
Putnam County,US.OH.PU,603,23,
Pierce County,US.GA.PR,603,20,
Greene County,US.NC.GE,601,5,
Walthall County,US.MS.WT,601,26,
Clarke County,US.MS.CE,600,46,
Jefferson County,US.IL.JF,600,38,
McDuffie County,US.GA.MU,600,14,
Jessamine County,US.KY.JS,599,0,
Bacon County,US.GA.BC,597,14,
Anson County,US.NC.AN,597,4,
Macon County,US.NC.MN,596,2,
Clay County,US.MS.CY,595,18,
Matanuska-Susitna Borough,US.AK.MA,595,2,
Dorchester County,US.MD.DO,592,10,
Kerr County,US.TX.KR,591,10,
Columbia County,US.NY.CU,591,47,
Monroe County,US.AL.MR,590,8,
Clay County,US.AL.CY,587,8,
Hancock County,US.MS.HN,587,22,
Van Zandt County,US.TX.VN,586,19,
Kay County,US.OK.KA,585,13,
Hickman County,US.TN.HN,585,8,
Harrison County,US.IN.HI,585,26,
Putnam County,US.IN.PT,584,12,
Bertie County,US.NC.BT,583,8,
Wright County,US.IA.WG,582,1,
Prince Edward County,US.VA.PD,581,12,
Calloway County,US.KY.CW,580,8,
Cass County,US.MI.CS,579,16,
Abbeville County,US.SC.AB,578,12,
Glenn County,US.CA.GL,578,3,
Polk County,US.MO.PO,576,3,
Valencia County,US.NM.VA,576,4,
Sandusky County,US.OH.SA,576,20,
Jasper County,US.MS.JS,575,15,
Jones County,US.TX.JN,575,0,
Pike County,US.PA.PI,574,22,
Merrimack County,US.NH.ME,573,23,
Brown County,US.TX.BN,570,25,
Chautauqua County,US.NY.CQ,568,4,
Limestone County,US.TX.LO,568,13,
Cambria County,US.PA.CI,567,7,
DeKalb County,US.TN.DE,566,14,
Union County,US.SC.UN,564,12,
Washington County,US.VA.WG,563,20,
Palo Pinto County,US.TX.PO,561,15,
Box Elder County,US.UT.BE,559,5,
Davie County,US.NC.DV,559,6,
Washington County,US.AL.WS,559,13,
Jefferson County,US.ID.JF,558,2,
Clay County,US.SD.CY,558,5,
Jefferson County,US.FL.JE,555,9,
Talbot County,US.MD.TA,555,6,
Benton County,US.MN.BN,552,3,
Noxubee County,US.MS.NO,551,16,
Logan County,US.KY.LO,551,28,
Crisp County,US.GA.CP,550,17,
Putnam County,US.WV.PU,550,5,
Chippewa County,US.WI.CH,549,0,
Cook County,US.GA.CO,549,13,
Carter County,US.OK.CR,549,8,
Jones County,US.GA.JE,548,8,
Marion County,US.IL.MO,548,0,
Steele County,US.MN.SE,547,2,
Huron County,US.OH.HU,546,7,
York County,US.VA.YO,544,8,
Meriwether County,US.GA.MW,544,13,
Tehama County,US.CA.TE,544,5,
La Paz County,US.AZ.LA,544,15,
East Carroll Parish,US.LA.EC,543,4,
Adams County,US.NE.AD,543,12,
Freeborn County,US.MN.FR,542,4,
Strafford County,US.NH.ST,542,13,
Perry County,US.AL.PE,541,6,
Macoupin County,US.IL.MP,540,7,
Nicollet County,US.MN.NI,540,16,
Crenshaw County,US.AL.CA,540,32,
Fredericksburg City,US.VA.FB,539,5,
Glades County,US.FL.GL,538,4,
Union County,US.OH.UN,538,2,
Crockett County,US.TN.CK,538,19,
Christian County,US.IL.CI,537,11,
Fayette County,US.IN.FA,536,13,
Teton County,US.WY.TE,536,1,
Conecuh County,US.AL.CO,536,11,
Smith County,US.MS.SM,534,15,
Nevada County,US.CA.NE,533,7,
Kittitas County,US.WA.KT,532,22,
Wilcox County,US.AL.WC,532,11,
Natrona County,US.WY.NA,532,4,
Worth County,US.GA.WO,531,30,
Franklin County,US.IL.FR,530,3,
Colusa County,US.CA.CL,529,6,
Polk County,US.OR.PO,529,15,
New Madrid County,US.MO.NW,529,16,
Jefferson County,US.OR.JE,529,8,
Marion County,US.TN.MI,529,8,
Watonwan County,US.MN.WT,528,4,
Wood County,US.TX.WO,525,23,
Pemiscot County,US.MO.PM,524,10,
Dunn County,US.WI.DN,524,0,
Dickinson County,US.IA.DI,524,6,
Gibson County,US.IN.GI,524,5,
Alexander County,US.NC.AE,522,7,
Calhoun County,US.MS.CN,521,12,
Kewaunee County,US.WI.KW,521,2,
Stewart County,US.GA.SW,521,14,
Decatur County,US.TN.DC,520,7,
Linn County,US.OR.LN,519,13,
Meade County,US.SD.MD,519,5,
Brooks County,US.GA.BO,519,25,
Oceana County,US.MI.OA,518,6,
Newport County,US.RI.NE,518,5,
Knox County,US.IN.KN,518,9,
Lawrence County,US.PA.LW,517,23,
Stephenson County,US.IL.SN,517,6,
Crow Wing County,US.MN.CW,516,18,
Liberty County,US.FL.LI,516,8,
Lawrence County,US.IN.LW,514,31,
Union County,US.IL.UN,514,24,
Montgomery County,US.IN.MM,513,22,
Shiawassee County,US.MI.SH,513,32,
Concordia Parish,US.LA.CR,510,13,
Stutsman County,US.ND.SU,510,3,
Gilchrist County,US.FL.GI,510,12,
Raleigh County,US.WV.RL,510,8,
Tuscola County,US.MI.TU,509,31,
Lafayette County,US.MO.LF,509,2,
Claiborne Parish,US.LA.CI,508,23,
Monroe County,US.WI.MO,508,2,
Hart County,US.GA.HT,507,13,
Boone County,US.IA.BO,507,8,
Henry County,US.AL.HE,507,5,
Fentress County,US.TN.FE,505,3,
Green County,US.WI.GN,505,3,
Scioto County,US.OH.SC,505,7,
Miller County,US.MO.ML,503,1,
Nye County,US.NV.NY,503,15,
Greene County,US.GA.GE,501,23,
Humboldt County,US.CA.HU,501,7,
Craig County,US.OK.CG,501,1,
Nelson County,US.KY.NE,501,4,
Carroll County,US.VA.CL,499,24,
Austin County,US.TX.AU,499,9,
Morrow County,US.OR.MO,498,6,
Lewis County,US.WA.LE,498,4,
Winchester city,US.VA.WH,497,4,
Tunica County,US.MS.TU,497,15,
Todd County,US.MN.TO,495,2,
Milam County,US.TX.MI,495,5,
Stoddard County,US.MO.SD,495,13,
Augusta County,US.VA.AU,494,7,
Chisago County,US.MN.CG,494,1,
Carson City,US.NV.CA,494,8,
Madison County,US.NY.MA,493,9,
Albany County,US.WY.AL,493,0,
Grays Harbor County,US.WA.GY,492,7,
Barton County,US.KS.BT,492,7,
Early County,US.GA.EA,492,32,
Knox County,US.KY.KX,492,9,
Bell County,US.KY.BL,492,13,
Bremer County,US.IA.BR,491,7,
Phillips County,US.AR.PH,490,12,
Grant Parish,US.LA.GR,490,30,
McLeod County,US.MN.MC,488,2,
Colorado County,US.TX.CO,486,4,
White County,US.IN.WH,486,14,
DeKalb County,US.IN.DE,485,12,
Decatur County,US.IN.DC,485,42,
Macon County,US.AL.MC,483,18,
Cherokee County,US.KS.CK,483,8,
Oswego County,US.NY.OS,483,3,
Grand Traverse County,US.MI.GN,482,8,
Lincoln County,US.OR.LC,481,13,
Morgan County,US.GA.MO,481,2,
Banks County,US.GA.BS,481,7,
Shelby County,US.TX.SY,480,27,
McDonough County,US.IL.MU,480,15,
Seneca County,US.OH.SE,480,14,
Fayette County,US.TX.FT,478,20,
Adams County,US.IN.AD,478,4,
Barry County,US.MO.BR,478,6,
Bienville Parish,US.LA.BI,478,32,
Barron County,US.WI.BR,477,4,
Phelps County,US.MO.PH,476,8,
Houghton County,US.MI.HO,475,1,
Jasper County,US.TX.JR,473,25,
Warren County,US.MO.WR,473,1,
Union County,US.PA.UN,472,6,
Ontario County,US.NY.OR,471,28,
Howard County,US.AR.HW,469,9,
Haralson County,US.GA.HS,469,8,
Ottawa County,US.OH.OT,468,30,
Logan County,US.OK.LG,467,1,
Le Sueur County,US.MN.LU,467,4,
Saunders County,US.NE.SU,466,3,
Smyth County,US.VA.SM,465,10,
Claiborne County,US.MS.CB,465,16,
Montgomery County,US.MS.MT,464,20,
Sussex County,US.VA.SS,463,11,
Carbon County,US.PA.CB,463,28,
Fayette County,US.AL.FA,462,8,
Logan County,US.IL.LO,461,1,
Allegany County,US.MD.AL,461,22,
Washington County,US.IA.WS,459,11,
Summit County,US.CO.SU,458,4,
Martin County,US.NC.MR,456,10,
Stone County,US.MO.SE,455,4,
Candler County,US.GA.CR,455,19,
Ohio County,US.KY.OH,454,9,
Northampton County,US.NC.NO,450,17,
Berrien County,US.GA.BN,449,12,
Seminole County,US.OK.SM,448,6,
Calhoun County,US.SC.CH,448,17,
Franklin County,US.MA.FR,447,68,
Campbell County,US.VA.CM,447,4,
Kenai Peninsula Borough,US.AK.KN,447,3,
Campbell County,US.TN.CM,446,4,
Union County,US.OR.UN,446,2,
Douglas County,US.WI.DG,445,0,
Columbia County,US.AR.CI,443,18,
Pike County,US.KY.PI,442,3,
Claiborne County,US.TN.CI,442,5,
Otter Tail County,US.MN.OT,441,4,
Atkinson County,US.GA.AT,441,3,
Oneida County,US.WI.ON,441,2,
Lincoln County,US.OK.LI,441,10,
Crawford County,US.IL.CW,440,3,
Chemung County,US.NY.CM,440,4,
Cooke County,US.TX.OO,440,6,
Miami County,US.IN.MI,440,3,
Duval County,US.TX.DU,439,14,
Boyd County,US.KY.BD,439,8,
Sumter County,US.AL.SU,438,19,
Lawrence County,US.AR.LW,437,12,
Preble County,US.OH.PR,435,15,
Yalobusha County,US.MS.YL,435,14,
Nez Perce County,US.ID.NE,435,24,
Lyon County,US.NV.LY,434,7,
Parmer County,US.TX.PM,433,7,
Catahoula Parish,US.LA.CT,433,10,
Lake County,US.CA.LK,433,10,
Dawson County,US.TX.DW,433,9,
Lawrence County,US.MS.LW,433,13,
Stephens County,US.OK.ST,432,5,
Bleckley County,US.GA.BK,432,20,
Cross County,US.AR.CO,432,11,
Armstrong County,US.PA.AR,431,18,
Stokes County,US.NC.SO,431,3,
Ashley County,US.AR.AS,431,10,
Greene County,US.IN.GE,431,38,
Person County,US.NC.PN,430,7,
Jefferson County,US.WV.JE,429,4,
Louisa County,US.IA.LO,429,15,
Hughes County,US.SD.HG,429,5,
Cooper County,US.MO.CP,426,2,
Andrews County,US.TX.AR,425,9,
La Salle Parish,US.LA.LA,425,7,
Perry County,US.MS.PY,424,19,
Audrain County,US.MO.AU,424,4,
Evans County,US.GA.EV,423,6,
Cibola County,US.NM.CI,422,21,
Dodge County,US.GA.DG,422,12,
Beltrami County,US.MN.BT,421,5,
Woodford County,US.IL.WO,420,6,
Luna County,US.NM.LU,419,6,
Warren County,US.VA.WR,418,7,
Clark County,US.WI.CL,417,8,
Geary County,US.KS.GE,416,2,
Franklin city,US.VA.FR,415,9,
Galax city,US.VA.GA,415,30,
Jenkins County,US.GA.JK,415,29,
Johnson County,US.GA.JH,415,22,
Washington County,US.MO.WS,414,10,
Delta County,US.MI.DE,414,7,
Scotts Bluff County,US.NE.SC,414,8,
Randolph County,US.AR.RA,414,22,
Latah County,US.ID.LA,413,0,
St. Helena Parish,US.LA.SH,413,4,
Mercer County,US.WV.MR,412,28,
Screven County,US.GA.SR,412,10,
Muskingum County,US.OH.MU,410,3,
Tompkins County,US.NY.TO,409,0,
Mahaska County,US.IA.MK,409,19,
Martin County,US.MN.MT,408,10,
Wise County,US.VA.WI,408,9,
Logan County,US.AR.LG,406,1,
Fayette County,US.IL.FA,406,3,
Freestone County,US.TX.FE,406,2,
Pontotoc County,US.OK.PN,404,3,
Greenup County,US.KY.GU,404,4,
Beckham County,US.OK.BC,404,1,
Steuben County,US.NY.ST,404,41,
Arkansas County,US.AR.AR,404,7,
Montgomery County,US.KS.MG,404,6,
Bristol County,US.RI.BR,404,16,
Huntingdon County,US.PA.HU,402,6,
Livingston County,US.MO.LV,402,1,
Yankton County,US.SD.YA,402,4,
Grayson County,US.KY.GY,400,14,
Jasper County,US.IN.JS,398,3,
Delaware County,US.IA.DA,398,3,
Crawford County,US.MO.CF,397,4,
Rio Arriba County,US.NM.RI,395,13,
Amherst County,US.VA.AH,395,4,
Lawrence County,US.SD.LW,395,4,
Cass County,US.IL.CS,395,11,
Union County,US.SD.UN,394,7,
Mason County,US.WA.MA,393,4,
Page County,US.VA.PA,393,29,
Wayne County,US.WV.WA,392,10,
Hancock County,US.GA.HC,391,42,
Jersey County,US.IL.JR,390,15,
Hopewell city,US.VA.HW,390,7,
Harlan County,US.KY.HL,390,10,
Maui County,US.HI.MA,388,9,
Polk County,US.TN.PO,388,10,
Livingston County,US.IL.LI,388,6,
Greene County,US.MS.GE,388,17,
Upshur County,US.TX.US,387,10,
Holmes County,US.OH.HL,387,9,
Steuben County,US.IN.SE,386,7,
Shelby County,US.IL.SB,385,4,
Scott County,US.IN.SC,383,13,
Telfair County,US.GA.TF,383,18,
Martinsville city,US.VA.MR,382,16,
Cleburne County,US.AL.CB,382,5,
Panola County,US.TX.PN,381,26,
Allendale County,US.SC.AL,381,6,
Montrose County,US.CO.MO,380,13,
Humphreys County,US.MS.HU,377,15,
Dinwiddie County,US.VA.DN,377,11,
Warren County,US.NY.WR,377,30,
Quitman County,US.MS.QU,377,5,
Clinch County,US.GA.CC,377,6,
Mingo County,US.WV.MO,376,9,
Grainger County,US.TN.GA,376,3,
Miami County,US.KS.MI,375,1,
Menominee County,US.MI.MM,375,1,
Fluvanna County,US.VA.FV,375,9,
Pawnee County,US.KS.PN,374,0,
Stone County,US.MS.ST,374,12,
Live Oak County,US.TX.LK,374,9,
O'Brien County,US.IA.OB,373,9,
Houston County,US.TX.HS,373,11,
Cowley County,US.KS.CL,373,5,
Juneau County,US.WI.JU,371,2,
Montgomery County,US.IL.MT,371,13,
Lamar County,US.AL.LM,370,2,
Cass County,US.TX.CS,370,15,
Lincoln County,US.NE.LI,369,2,
Ionia County,US.MI.II,368,7,
Pecos County,US.TX.PE,368,5,
Lee County,US.IL.LE,368,1,
Ohio County,US.WV.OH,368,6,
Garvin County,US.OK.GV,367,5,
Jackson County,US.KY.JA,367,17,
Hempstead County,US.AR.HE,366,4,
Whitley County,US.KY.WH,365,2,
Goodhue County,US.MN.GO,365,9,
Iroquois County,US.IL.IR,364,19,
Lamar County,US.GA.LM,364,18,
Wood County,US.WV.WO,362,6,
Marquette County,US.MI.MQ,362,12,
Newaygo County,US.MI.NE,361,2,
Union County,US.TN.UO,359,1,
Washington County,US.ID.WA,359,6,
La Salle County,US.TX.LS,359,11,
Drew County,US.AR.DR,357,7,
Zavala County,US.TX.ZV,357,16,
Red River Parish,US.LA.RE,356,22,
Little River County,US.AR.LT,355,25,
Camp County,US.TX.CP,355,11,
Seminole County,US.GA.SI,355,9,
Avery County,US.NC.AV,355,0,
Brunswick County,US.VA.BU,355,5,
Harrison County,US.WV.HR,354,9,
Hopkins County,US.TX.HP,354,8,
Harvey County,US.KS.HV,352,8,
Caswell County,US.NC.CS,352,4,
Hockley County,US.TX.HC,351,8,
Choctaw County,US.AL.CC,351,12,
Madison County,US.AR.MD,351,3,
Caroline County,US.VA.CI,350,5,
Uinta County,US.WY.UI,350,2,
Chowan County,US.NC.CW,349,3,
Hillsdale County,US.MI.HI,348,27,
Richmond County,US.VA.RI,348,4,
Bollinger County,US.MO.BI,348,1,
Halifax County,US.VA.HL,348,6,
Perry County,US.IL.PY,347,15,
Franklin County,US.IA.FN,347,18,
Floyd County,US.IA.FL,347,3,
Morgan County,US.MO.MG,346,1,
Kingfisher County,US.OK.KN,345,2,
Stone County,US.AR.ST,345,9,
Jackson County,US.IA.JC,345,3,
West Carroll Parish,US.LA.WC,345,10,
Brantley County,US.GA.BA,343,10,
Door County,US.WI.DO,343,3,
Franklin County,US.KS.FR,343,3,
Gaines County,US.TX.GS,343,9,
Bradley County,US.AR.BR,342,8,
Elmore County,US.ID.EL,342,3,
Jefferson Davis County,US.MS.JD,342,11,
Sullivan County,US.IN.SU,341,12,
Benson County,US.ND.BE,340,6,
Butler County,US.KY.BR,340,16,
Warren County,US.NC.WR,338,7,
Rabun County,US.GA.RB,338,9,
Otsego County,US.NY.OO,338,4,
Webster County,US.MS.WE,338,13,
Clark County,US.AR.CK,338,4,
Adair County,US.MO.AD,338,0,
Burleson County,US.TX.BU,338,6,
Dooly County,US.GA.DO,338,14,
Waushara County,US.WI.WS,337,2,
Baxter County,US.AR.BA,337,2,
Jefferson County,US.OH.JE,336,4,
Lamb County,US.TX.LB,336,22,
Allen County,US.KY.AL,336,9,
Benton County,US.TN.BN,336,9,
Roosevelt County,US.MT.RO,336,4,
Franklin County,US.VA.FN,335,3,
Winneshiek County,US.IA.WH,335,6,
Wilkinson County,US.GA.WI,335,18,
Posey County,US.IN.PS,335,0,
Herkimer County,US.NY.HE,334,10,
Perry County,US.KY.PR,334,9,
Saline County,US.IL.SE,334,4,
Fulton County,US.NY.FU,334,28,
Wright County,US.MO.WG,333,0,
Zapata County,US.TX.ZP,333,6,
Chaffee County,US.CO.CA,332,19,
Orleans County,US.NY.OL,332,55,
Sweetwater County,US.WY.SW,332,2,
Amite County,US.MS.AM,332,10,
Randolph County,US.GA.RN,331,29,
Wheeler County,US.GA.WL,331,11,
Transylvania County,US.NC.TR,330,7,
Oglethorpe County,US.GA.OG,330,11,
Warren County,US.IL.WR,330,2,
Owyhee County,US.ID.OW,330,5,
Cass County,US.NE.CS,329,2,
Terrell County,US.GA.TL,329,31,
Towns County,US.GA.TW,329,9,
Itasca County,US.MN.IT,328,14,
Cleburne County,US.AR.CB,328,8,
Kendall County,US.TX.KD,328,7,
Pine County,US.MN.PN,328,0,
Union County,US.KY.UN,327,3,
Jackson County,US.TN.JA,326,5,
Clay County,US.KY.CY,324,6,
Pike County,US.GA.PK,324,10,
Clay County,US.IA.CY,323,4,
Bosque County,US.TX.BQ,323,6,
Aransas County,US.TX.AA,323,18,
Greene County,US.NY.GR,323,14,
Gem County,US.ID.GE,323,2,
Jackson County,US.AR.JA,322,1,
Orange County,US.VA.OR,322,4,
Bond County,US.IL.BN,322,5,
St. Lawrence County,US.NY.SI,322,4,
Lyon County,US.IA.LY,322,4,
Hamilton County,US.IA.HM,322,3,
Bonner County,US.ID.BR,321,0,
McIntosh County,US.OK.MI,319,5,
Carroll County,US.MS.CL,319,12,
Clearfield County,US.PA.CF,319,5,
Franklin County,US.IN.FR,319,26,
Texas County,US.MO.TE,319,2,
Genesee County,US.NY.GE,319,6,
Brooks County,US.TX.BK,317,22,
Benton County,US.MO.BN,317,3,
Jennings County,US.IN.JN,317,14,
Morgan County,US.TN.MG,317,3,
Calaveras County,US.CA.CA,317,14,
Wayne County,US.NY.WN,316,3,
Choctaw County,US.OK.CA,316,2,
Montcalm County,US.MI.MC,315,6,
Green Lake County,US.WI.GL,315,0,
Henry County,US.OH.HE,314,14,
Young County,US.TX.YU,314,6,
Clark County,US.KY.CK,313,8,
Island County,US.WA.IS,313,12,
Moniteau County,US.MO.ME,313,4,
Grayson County,US.VA.GY,312,12,
Pulaski County,US.GA.PL,312,22,
Gillespie County,US.TX.GL,312,10,
Logan County,US.OH.LG,312,3,
Polk County,US.NC.PO,311,11,
Douglas County,US.MN.DU,310,2,
Benton County,US.OR.BE,310,6,
Gray County,US.TX.GY,310,6,
Benton County,US.IA.BN,309,1,
Adair County,US.KY.AD,309,19,
Robertson County,US.TX.RO,309,3,
Douglas County,US.IL.DO,308,7,
Champaign County,US.OH.CH,307,3,
Barry County,US.MI.BR,306,4,
Refugio County,US.TX.RF,306,14,
Northampton County,US.VA.NA,305,31,
Snyder County,US.PA.SN,305,4,
Polk County,US.MN.PL,305,4,
Wilkinson County,US.MS.WK,305,18,
Montgomery County,US.GA.MM,305,5,
Madison County,US.MO.MD,304,1,
Crawford County,US.PA.CW,304,3,
Greene County,US.AL.GR,303,15,
Kent County,US.MD.KE,303,24,
Winnebago County,US.IA.WB,302,13,
Botetourt County,US.VA.BO,302,10,
Turner County,US.GA.TR,301,22,
Clay County,US.IN.CY,301,5,
Caldwell Parish,US.LA.CW,300,3,
Comanche County,US.TX.CE,300,4,
Clinton County,US.OH.CI,300,13,
Ripley County,US.IN.RI,299,8,
Hardin County,US.IA.HD,299,1,
Marshall County,US.KY.MH,299,4,
Mississippi County,US.MO.MI,298,3,
Douglas County,US.NV.DO,298,1,
Perry County,US.OH.PE,297,9,
Tazewell County,US.VA.TA,297,2,
Isanti County,US.MN.IS,297,1,
Taylor County,US.KY.TA,296,7,
Hughes County,US.OK.HU,296,4,
Washington County,US.NY.WS,296,14,
Gunnison County,US.CO.GU,296,7,
Lanier County,US.GA.LI,295,5,
Desha County,US.AR.DE,294,5,
Clay County,US.AR.CY,294,8,
Campbell County,US.WY.CM,294,1,
Poweshiek County,US.IA.PW,294,8,
Atoka County,US.OK.AT,293,1,
Susquehanna County,US.PA.SS,293,28,
Irwin County,US.GA.IR,293,4,
Defiance County,US.OH.DF,292,11,
Grundy County,US.TN.GU,291,5,
Kemper County,US.MS.KE,290,15,
Orange County,US.IN.OR,290,26,
Wasco County,US.OR.WC,289,3,
Louisa County,US.VA.LI,289,6,
McIntosh County,US.GA.MH,288,7,
Brown County,US.OH.BR,288,2,
City and Borough of Juneau,US.AK.JU,287,1,
Unicoi County,US.TN.UC,286,1,
Cannon County,US.TN.CN,286,0,
Knox County,US.OH.KN,284,15,
Gooding County,US.ID.GO,283,1,
Davison County,US.SD.DV,283,2,
Roosevelt County,US.NM.RO,282,4,
Dade County,US.GA.DD,282,5,
Boyle County,US.KY.BE,282,0,
Montgomery County,US.KY.MM,281,3,
Klamath County,US.OR.KL,280,2,
Wells County,US.IN.WE,280,4,
Atchison County,US.KS.AT,280,2,
Becker County,US.MN.BC,280,2,
Franklin County,US.AR.FR,279,2,
Haskell County,US.OK.HS,278,4,
Wayne County,US.IL.WY,278,5,
Patrick County,US.VA.PK,277,25,
Falls County,US.TX.FL,276,5,
Lake County,US.MT.LA,276,1,
Whitley County,US.IN.WL,276,6,
Simpson County,US.KY.SI,276,8,
Carroll County,US.IN.CO,275,13,
Buchanan County,US.IA.BC,275,1,
Sheridan County,US.WY.SH,275,4,
Westmoreland County,US.VA.WM,274,3,
Glacier County,US.MT.GC,274,1,
Lewis and Clark County,US.MT.LE,274,3,
Somerset County,US.MD.SO,272,4,
Forest County,US.WI.FR,272,4,
Woodford County,US.KY.WO,272,0,
Lafayette County,US.WI.LF,272,0,
Wabash County,US.IN.WB,272,8,
Casey County,US.KY.CS,271,15,
Dare County,US.NC.DE,271,3,
Carlton County,US.MN.CL,270,1,
Oglala Lakota County,US.SD.SH,270,3,
Butler County,US.IA.BE,270,2,
Runnels County,US.TX.RN,270,5,
Gratiot County,US.MI.GT,270,15,
Pamlico County,US.NC.PM,269,2,
Jones County,US.IA.JN,269,3,
Goochland County,US.VA.GO,269,7,
McLean County,US.ND.ML,269,2,
Ashe County,US.NC.AS,268,1,
Salem city,US.VA.SE,267,5,
Kossuth County,US.IA.KO,267,0,
Marion County,US.WV.MI,267,3,
Lee County,US.VA.LE,267,7,
Wilkes County,US.GA.WS,266,5,
Starke County,US.IN.SR,266,8,
Sharkey County,US.MS.SH,266,13,
Washington County,US.IN.WS,266,1,
Green County,US.KY.GN,265,8,
Nottoway County,US.VA.NY,265,18,
Clarke County,US.IA.CK,265,3,
Shelby County,US.IA.SH,265,1,
Waynesboro city,US.VA.WS,265,3,
Conway County,US.AR.CN,264,3,
Emmet County,US.IA.EM,264,10,
Washington County,US.NE.WS,263,4,
Grant County,US.AR.GN,263,2,
Otero County,US.NM.OT,262,13,
Marquette County,US.WI.MQ,262,1,
La Plata County,US.CO.LA,260,2,
Washington County,US.OH.WS,260,23,
Polk County,US.AR.PL,259,4,
Jo Daviess County,US.IL.JO,259,2,
Allamakee County,US.IA.AL,259,6,
Jackson County,US.WV.JA,259,23,
Cattaraugus County,US.NY.CG,259,7,
Randolph County,US.MO.RN,258,3,
Jackson County,US.OH.JA,258,6,
Morrow County,US.OH.MW,258,2,
Ouachita County,US.AR.OU,258,6,
Russell County,US.VA.RU,257,5,
Thurston County,US.NE.TU,257,4,
Treutlen County,US.GA.TE,257,8,
Castro County,US.TX.AS,257,5,
Nolan County,US.TX.NO,256,5,
Staunton city,US.VA.SU,256,0,
Colonial Heights city,US.VA.CH,256,25,
Miller County,US.GA.ML,256,1,
Dimmit County,US.TX.DM,256,7,
Emporia city,US.VA.EM,255,26,
Silver Bow County,US.MT.SI,255,0,
Hardin County,US.OH.HD,255,13,
Lawrence County,US.IL.LW,254,2,
Amador County,US.CA.AM,254,16,
McPherson County,US.KS.MP,253,1,
Penobscot County,US.ME.PE,253,6,
Randolph County,US.IN.RA,253,7,
Pawnee County,US.OK.PW,253,3,
Clayton County,US.IA.CT,252,3,
Polk County,US.WI.PL,251,2,
Hood River County,US.OR.HO,251,0,
Long County,US.GA.LG,251,3,
Humphreys County,US.TN.HU,251,3,
Sac County,US.IA.SA,250,0,
Andrew County,US.MO.AN,250,2,
Russell County,US.KY.RU,249,6,
Dallam County,US.TX.DL,249,9,
Pottawatomie County,US.KS.PT,249,0,
Chenango County,US.NY.CH,249,6,
Jefferson County,US.IN.JF,249,3,
Morrison County,US.MN.MR,249,2,
Lampasas County,US.TX.LP,249,8,
Spencer County,US.IN.SP,249,3,
Mountrail County,US.ND.MU,249,2,
Cherokee County,US.IA.CE,249,2,
Wilcox County,US.GA.WC,248,20,
Chickasaw County,US.IA.CC,248,0,
Gage County,US.NE.GG,246,5,
Guthrie County,US.IA.GH,245,6,
Fulton County,US.OH.FU,244,1,
Cedar County,US.IA.CD,243,1,
Calhoun County,US.GA.CU,243,8,
Jefferson County,US.MS.JF,243,9,
Fulton County,US.IN.FU,243,2,
Terry County,US.TX.TE,242,4,
Randolph County,US.WV.RN,242,1,
Alamosa County,US.CO.AL,242,9,
Izard County,US.AR.IZ,242,0,
Gloucester County,US.VA.GL,242,2,
Adams County,US.WI.AD,241,4,
Echols County,US.GA.EC,240,2,
Leon County,US.TX.LN,240,6,
Pike County,US.MO.PI,240,4,
Labette County,US.KS.LB,240,4,
Huntington County,US.IN.HU,239,3,
Ashland County,US.OH.AL,239,4,
Dodge County,US.MN.DD,239,0,
Newton County,US.AR.NW,239,18,
Crawford County,US.OH.CF,238,6,
Bedford County,US.PA.BO,238,6,
Wythe County,US.VA.WY,237,4,
Jackson County,US.KS.JA,237,2,
Clinton County,US.MO.CO,236,0,
Richland County,US.ND.RI,236,1,
Mercer County,US.KY.MC,235,2,
Grant County,US.KS.GT,235,5,
Coshocton County,US.OH.CS,234,11,
Tioga County,US.NY.TI,234,21,
Macon County,US.GA.MC,233,10,
McCormick County,US.SC.MC,233,6,
Sequatchie County,US.TN.SQ,233,2,
Barnes County,US.ND.BA,233,0,
Pulaski County,US.VA.PU,232,5,
Montgomery County,US.NY.MT,232,9,
Seward County,US.NE.SA,232,3,
Tipton County,US.IN.TT,231,25,
Fayette County,US.OH.FY,231,6,
Park County,US.WY.PA,230,2,
Highland County,US.OH.HI,230,3,
Perry County,US.IN.PE,230,14,
Power County,US.ID.PO,230,1,
Alleghany County,US.NC.AL,229,0,
Clallam County,US.WA.CL,229,1,
King George County,US.VA.KG,228,4,
Tuolumne County,US.CA.TO,227,4,
Carroll County,US.IL.CL,227,4,
Benton County,US.MS.BE,227,3,
Pike County,US.AR.PE,227,3,
Douglas County,US.OR.DO,227,4,
San Jacinto County,US.TX.SJ,227,9,
McKenzie County,US.ND.MK,226,2,
Cameron Parish,US.LA.CM,226,2,
Clay County,US.TN.CY,226,5,
Greene County,US.IL.GE,226,11,
Meigs County,US.TN.ME,226,3,
Wayne County,US.PA.WN,226,10,
Cottonwood County,US.MN.CT,225,0,
Marion County,US.KY.MN,225,8,
Pipestone County,US.MN.PS,225,10,
Carbon County,US.WY.CB,225,2,
Huron County,US.MI.HU,225,5,
Yoakum County,US.TX.YA,224,5,
Pitkin County,US.CO.PI,223,2,
Mifflin County,US.PA.MI,222,2,
Rowan County,US.KY.RW,221,1,
Lewis County,US.KY.LI,221,14,
Powhatan County,US.VA.PH,221,5,
Lee County,US.TX.LE,221,14,
Nevada County,US.AR.NV,220,13,
Houston County,US.TN.HO,220,3,
Jasper County,US.GA.JS,220,4,
Vernon County,US.WI.VE,220,0,
Iosco County,US.MI.IC,219,12,
Ramsey County,US.ND.RM,219,2,
Bailey County,US.TX.BY,219,5,
Fayette County,US.IA.FT,219,2,
Grundy County,US.IA.GN,219,3,
Sharp County,US.AR.SH,218,6,
Brewster County,US.TX.BS,218,3,
Perry County,US.PA.PE,218,6,
Wayne County,US.MO.WY,217,0,
Lincoln County,US.WI.LI,217,1,
Madison County,US.IA.MD,217,2,
Tyler County,US.TX.TY,216,4,
Boone County,US.WV.BN,216,1,
Greene County,US.VA.GE,216,3,
Meade County,US.KY.MA,215,3,
Cumberland County,US.IL.CU,215,5,
Hancock County,US.IL.HC,215,3,
Somerset County,US.PA.SO,215,3,
Shoshone County,US.ID.SH,215,18,
Appomattox County,US.VA.AP,215,3,
Harrison County,US.IA.HR,215,3,
Kennebec County,US.ME.KE,214,11,
Scott County,US.TN.SC,214,2,
Chippewa County,US.MN.CP,214,1,
Moultrie County,US.IL.MI,214,3,
Lincoln County,US.GA.LC,213,7,
Yancey County,US.NC.YN,212,0,
Wyandot County,US.OH.WD,212,12,
Cayuga County,US.NY.CY,211,2,
Sanpete County,US.UT.SP,211,1,
Hutchinson County,US.TX.UT,211,5,
Jasper County,US.IL.JS,211,9,
Spencer County,US.KY.SP,211,0,
Lincoln County,US.NM.LI,211,3,
Washington County,US.IL.WG,210,1,
Williams County,US.OH.WI,209,3,
Iowa County,US.IA.IO,208,1,
Taylor County,US.GA.TY,208,10,
Washington County,US.NC.WI,208,8,
Livingston County,US.NY.LI,207,6,
Vilas County,US.WI.VI,206,1,
Mecosta County,US.MI.MT,206,3,
Sawyer County,US.WI.SW,206,1,
Monroe County,US.KY.MO,205,4,
Richland County,US.IL.RI,205,5,
Clinton County,US.PA.CN,205,6,
Iowa County,US.WI.IO,204,0,
Roberts County,US.SD.RO,204,1,
Stewart County,US.TN.SA,204,2,
Clatsop County,US.OR.CT,204,0,
Floyd County,US.VA.FO,203,9,
Meeker County,US.MN.ME,202,2,
San Augustine County,US.TX.SG,201,15,
Lewis County,US.TN.LE,201,1,
Knott County,US.KY.KT,201,1,
Carroll County,US.KY.CL,199,5,
Rush County,US.IN.RU,199,4,
Idaho County,US.ID.ID,198,0,
Josephine County,US.OR.JO,198,2,
Ste. Genevieve County,US.MO.SG,198,1,
Palo Alto County,US.IA.PO,198,0,
Sumner County,US.KS.SU,198,3,
Fremont County,US.ID.FE,197,3,
Wabasha County,US.MN.WB,196,0,
Trinity County,US.TX.TR,196,7,
Reeves County,US.TX.RE,196,6,
Henry County,US.MO.HE,196,5,
Henry County,US.KY.HY,195,2,
Heard County,US.GA.HD,194,5,
Bourbon County,US.KS.BB,194,3,
Franklin County,US.MS.FR,193,3,
Burnett County,US.WI.BN,193,3,
Douglas County,US.MO.DO,193,3,
Sibley County,US.MN.SI,192,3,
Lincoln County,US.KY.LN,192,13,
Klickitat County,US.WA.KL,192,3,
Sullivan County,US.MO.SV,192,0,
Pike County,US.OH.PK,191,0,
Bourbon County,US.KY.BU,191,1,
Juniata County,US.PA.JU,191,7,
Walsh County,US.ND.WL,191,1,
Grundy County,US.MO.GU,191,4,
Gallia County,US.OH.GA,191,13,
Brown County,US.MN.BR,191,2,
Jay County,US.IN.JY,191,0,
Marion County,US.GA.MR,190,8,
Lake County,US.SD.LK,190,7,
Dallas County,US.MO.DL,189,1,
Mitchell County,US.IA.ME,189,0,
New Kent County,US.VA.NK,189,3,
Todd County,US.KY.TO,188,8,
Delta County,US.CO.DT,188,3,
Wilbarger County,US.TX.WG,188,2,
Humboldt County,US.IA.HU,188,3,
Howard County,US.IA.HO,187,6,
Inyo County,US.CA.IN,187,15,
Twiggs County,US.GA.TG,187,7,
Perquimans County,US.NC.PQ,187,3,
Choctaw County,US.MS.CW,186,6,
Morris County,US.TX.MR,185,3,
Millard County,US.UT.MD,185,0,
Scott County,US.VA.SC,185,4,
Hancock County,US.IA.HN,184,2,
Cleveland County,US.AR.CV,184,10,
Greene County,US.PA.GR,184,1,
Calhoun County,US.IA.CO,183,3,
Barton County,US.MO.BT,183,0,
Yellow Medicine County,US.MN.YE,182,2,
Custer County,US.SD.CU,182,2,
Bristol city,US.VA.BI,182,5,
Currituck County,US.NC.CI,182,3,
Jefferson County,US.KS.JF,182,4,
Carter County,US.KY.CR,181,3,
Vernon County,US.MO.VE,181,1,
Rolette County,US.ND.RO,180,4,
Newton County,US.TX.NE,180,10,
Marshall County,US.OK.MH,180,2,
Montague County,US.TX.MU,180,4,
Floyd County,US.KY.FO,180,2,
Cass County,US.MN.CS,180,4,
Mills County,US.IA.ML,178,1,
Essex County,US.VA.ES,178,2,
Williamsburg City,US.VA.WL,178,7,
Harrison County,US.KY.HS,177,0,
Taylor County,US.WI.TA,177,4,
Otsego County,US.MI.OS,176,11,
Teller County,US.CO.TE,176,4,
Moore County,US.TN.MO,175,1,
Meigs County,US.OH.MS,175,10,
Fremont County,US.CO.FR,175,1,
Fulton County,US.IL.FU,174,0,
Pulaski County,US.IL.PL,174,1,
Newton County,US.IN.NE,174,12,
Love County,US.OK.LV,174,1,
Van Buren County,US.AR.VA,173,3,
Howard County,US.MO.HR,173,2,
Rock County,US.MN.RC,173,0,
Neosho County,US.KS.NO,173,0,
Trigg County,US.KY.TG,173,0,
Coosa County,US.AL.CS,172,3,
Marshall County,US.WV.MH,172,1,
Hart County,US.KY.HT,172,1,
Mineral County,US.WV.ML,172,4,
Clark County,US.IL.CK,172,2,
Eastland County,US.TX.EA,171,3,
Cortland County,US.NY.CD,171,1,
Dickinson County,US.KS.DK,171,1,
Charles Mix County,US.SD.CH,171,0,
Lincoln County,US.WY.LI,170,1,
Rockcastle County,US.KY.RC,170,1,
Montour County,US.PA.MO,170,5,
Langlade County,US.WI.LN,170,2,
Owen County,US.IN.OW,170,2,
Guernsey County,US.OH.GU,169,8,
Jefferson County,US.NY.JE,167,1,
Stevens County,US.WA.ST,167,2,
Essex County,US.NY.ES,167,13,
Redwood County,US.MN.RW,167,3,
Crawford County,US.GA.CW,167,5,
Martin County,US.IN.MN,167,0,
White County,US.IL.WE,167,0,
Ray County,US.MO.RY,166,0,
Van Buren County,US.TN.VA,166,0,
Gasconade County,US.MO.GA,166,21,
Talbot County,US.GA.TB,166,6,
Mono County,US.CA.MO,166,2,
Siskiyou County,US.CA.SK,165,0,
Columbia County,US.OR.CL,165,1,
York County,US.NE.YO,165,2,
Johnston County,US.OK.JO,165,4,
Teton County,US.ID.TE,165,0,
Crockett County,US.TX.CT,164,7,
Lincoln County,US.WV.LI,164,2,
Crawford County,US.WI.CR,164,0,
Hocking County,US.OH.HC,164,9,
Iron County,US.MI.IR,164,2,
Murray County,US.MN.MU,164,2,
Mille Lacs County,US.MN.MI,164,3,
Pushmataha County,US.OK.PU,163,2,
Grant County,US.KY.GT,163,6,
Webster County,US.KY.WE,163,3,
Cass County,US.IA.CS,163,2,
Knox County,US.NE.KN,163,0,
Dallas County,US.AR.DA,162,4,
McCreary County,US.KY.MR,162,0,
Red River County,US.TX.RV,162,14,
Ripley County,US.MO.RI,162,0,
Tensas Parish,US.LA.TN,161,2,
Grant County,US.WV.GA,160,7,
Gogebic County,US.MI.GO,160,2,
Anderson County,US.KY.AN,160,1,
King William County,US.VA.KW,160,2,
Turner County,US.SD.TU,159,2,
Clinton County,US.NY.CL,159,5,
Monroe County,US.IA.MR,158,10,
Osceola County,US.IA.OS,158,0,
Pocahontas County,US.IA.PC,158,2,
Emmet County,US.MI.EM,157,4,
Garrard County,US.KY.GR,157,3,
Bandera County,US.TX.BA,157,8,
Northumberland County,US.VA.NU,157,6,
Elbert County,US.CO.EB,157,3,
Jones County,US.NC.JN,157,11,
Fulton County,US.AR.FU,157,3,
Coos County,US.OR.CO,156,0,
Lucas County,US.IA.LU,156,6,
Caldwell County,US.KY.CD,156,0,
Johnson County,US.KY.JO,155,1,
Page County,US.IA.PG,155,0,
McCulloch County,US.TX.MC,155,4,
Lyman County,US.SD.LY,155,3,
Estill County,US.KY.ES,154,0,
Graham County,US.NC.GH,154,3,
Goliad County,US.TX.GI,154,6,
Routt County,US.CO.RT,153,8,
Johnson County,US.IL.JH,153,0,
Osage County,US.MO.OS,153,2,
Preston County,US.WV.PR,153,4,
Monona County,US.IA.MO,152,1,
Hill County,US.MT.HI,152,3,
Carroll County,US.OH.CO,152,7,
Noble County,US.OK.NB,151,2,
Renville County,US.MN.RN,151,8,
Clay County,US.IL.CY,151,0,
Mitchell County,US.NC.MI,151,3,
Pike County,US.IN.PI,151,1,
Wabash County,US.IL.WB,151,3,
Wayne County,US.KY.WY,150,0,
Emmons County,US.ND.EM,150,1,
Otoe County,US.NE.OT,150,1,
Marion County,US.TX.MN,150,14,
Ralls County,US.MO.RL,150,0,
Macon County,US.MO.MN,150,0,
Prairie County,US.AR.PR,150,1,
Perry County,US.TN.PE,150,0,
Montgomery County,US.AR.MT,150,4,
Sioux County,US.ND.SI,149,3,
Monroe County,US.WV.ME,149,7,
Jackson County,US.WI.JA,149,1,
Tripp County,US.SD.TR,148,0,
Iron County,US.WI.IR,148,1,
Jackson County,US.MN.JA,148,1,
Hancock County,US.WV.HN,148,0,
Alpena County,US.MI.AP,148,14,
Sanilac County,US.MI.SL,147,7,
Belknap County,US.NH.BE,147,4,
Dent County,US.MO.DN,146,2,
Letcher County,US.KY.LT,145,2,
Fulton County,US.KY.FU,145,3,
Faribault County,US.MN.FA,145,0,
Mason County,US.IL.MS,145,1,
Warren County,US.GA.WR,145,5,
Washington County,US.KY.WS,145,1,
Dewey County,US.SD.DW,144,0,
Blanco County,US.TX.BC,144,5,
Lancaster County,US.VA.LA,144,0,
Swain County,US.NC.SW,144,3,
Nowata County,US.OK.NW,143,4,
Cuming County,US.NE.CM,143,0,
Mercer County,US.ND.ME,143,0,
Cheshire County,US.NH.CH,143,3,
Somervell County,US.TX.SV,143,5,
Wayne County,US.NE.WY,142,0,
Benewah County,US.ID.BA,142,3,
Buffalo County,US.WI.BF,142,2,
Churchill County,US.NV.CH,141,3,
Searcy County,US.AR.SA,141,1,
Taos County,US.NM.TA,141,4,
Mason County,US.WV.MN,141,6,
Kearney County,US.NE.KA,140,0,
Buchanan County,US.VA.BH,140,2,
Oxford County,US.ME.OX,140,1,
Ravalli County,US.MT.RA,140,2,
Bradford County,US.PA.BF,139,3,
Gates County,US.NC.GT,139,3,
Del Norte County,US.CA.DE,139,1,
Montezuma County,US.CO.MZ,138,5,
Swift County,US.MN.SW,138,1,
Jefferson County,US.IA.JE,138,1,
Okfuskee County,US.OK.OF,138,4,
Grafton County,US.NH.GR,138,1,
Mercer County,US.IL.ME,137,5,
Piatt County,US.IL.PA,137,0,
Ochiltree County,US.TX.OC,137,5,
Hamilton County,US.TX.HM,137,4,
Murray County,US.OK.MR,137,1,
Latimer County,US.OK.LA,136,2,
Fairfax city,US.VA.FC,136,8,
Wyoming County,US.NY.WM,136,5,
Appanoose County,US.IA.AP,136,3,
Breckinridge County,US.KY.BC,136,2,
Buffalo County,US.SD.BF,135,3,
Edmonson County,US.KY.ED,135,12,
Franklin County,US.TX.FK,134,6,
Mason County,US.MI.MN,134,0,
Carroll County,US.MO.CL,134,2,
Stephens County,US.TX.SE,134,4,
Richland County,US.WI.RI,134,4,
DeKalb County,US.MO.DE,133,2,
Delaware County,US.NY.DE,133,4,
Jack County,US.TX.JK,133,2,
Union County,US.IA.UN,131,3,
Adams County,US.OH.AD,131,4,
Monroe County,US.AR.ME,131,0,
Vermillion County,US.IN.VE,131,0,
Dickinson County,US.MI.DI,131,2,
Concho County,US.TX.ON,130,2,
Hartley County,US.TX.HL,130,0,
Rutland County,US.VT.RU,130,1,
Thomas County,US.KS.TH,129,0,
Spink County,US.SD.SP,129,0,
Fountain County,US.IN.FO,129,2,
Ward County,US.TX.WD,128,1,
Houston County,US.MN.HO,128,0,
Hamilton County,US.NE.HM,128,12,
Blackford County,US.IN.BL,127,3,
Taylor County,US.IA.TY,127,1,
Pike County,US.IL.PK,127,1,
Blaine County,US.OK.BL,126,1,
Franklin County,US.VT.FR,126,7,
Juab County,US.UT.JU,126,1,
Greenbrier County,US.WV.GE,126,3,
Hyde County,US.NC.HE,125,5,
Gregory County,US.SD.GE,125,3,
Meade County,US.KS.ME,125,1,
Kanabec County,US.MN.KA,125,8,
Menard County,US.IL.MN,125,1,
Ozark County,US.MO.OZ,125,0,
Grant County,US.SD.GA,124,1,
Crawford County,US.MI.CF,124,5,
Llano County,US.TX.LL,124,2,
Davis County,US.IA.DV,124,4,
Amelia County,US.VA.AI,124,5,
Taylor County,US.WV.TA,124,6,
Mason County,US.KY.MS,123,2,
Wexford County,US.MI.WE,123,4,
Windham County,US.VT.WH,123,3,
Dawes County,US.NE.DS,123,0,
Carroll County,US.NH.CA,123,2,
Roseau County,US.MN.RS,123,0,
Ida County,US.IA.ID,122,1,
Todd County,US.SD.TO,122,5,
Nemaha County,US.NE.NE,122,0,
Koochiching County,US.MN.KO,122,3,
Stevens County,US.KS.SV,122,1,
Larue County,US.KY.LR,122,1,
Clay County,US.GA.CY,121,2,
Crittenden County,US.KY.CT,121,1,
Humboldt County,US.NV.HU,121,4,
Gray County,US.KS.GY,121,0,
Phillips County,US.MT.PH,121,0,
Clarion County,US.PA.CL,121,3,
Grant County,US.NM.GR,120,2,
Harper County,US.KS.HP,120,2,
Fillmore County,US.MN.FI,120,0,
North Slope Borough,US.AK.NH,120,0,
Oregon County,US.MO.OR,120,0,
Clinton County,US.KY.CO,119,2,
Van Wert County,US.OH.VA,119,3,
Pennington County,US.MN.PI,119,1,
Surry County,US.VA.SR,119,3,
Winkler County,US.TX.WI,118,3,
Coffey County,US.KS.CF,118,8,
Real County,US.TX.RL,118,7,
Gentry County,US.MO.GT,118,9,
Traill County,US.ND.TR,118,0,
Lunenburg County,US.VA.LN,118,3,
Carbon County,US.UT.CR,117,0,
Clay County,US.NC.CY,117,2,
Walworth County,US.SD.WA,117,1,
Pickett County,US.TN.PI,116,2,
Bates County,US.MO.BS,116,2,
Phillips County,US.KS.PL,116,8,
Tyrrell County,US.NC.TY,116,3,
Custer County,US.MT.CU,116,2,
Haskell County,US.KS.HS,116,1,
Deer Lodge County,US.MT.DE,116,0,
Caribou County,US.ID.CR,116,0,
Carbon County,US.MT.CB,116,0,
De Witt County,US.IL.DW,116,1,
Middlesex County,US.VA.MI,115,10,
Fremont County,US.IA.FO,115,0,
Pulaski County,US.IN.PL,115,1,
Brule County,US.SD.BU,115,0,
Franklin County,US.ID.FA,115,0,
Wyoming County,US.WV.WY,114,3,
Washakie County,US.WY.WA,114,6,
Bennington County,US.VT.BE,114,1,
Hansford County,US.TX.HF,114,4,
Brown County,US.KS.BR,114,3,
Daviess County,US.MO.DV,114,1,
Van Buren County,US.IA.VA,114,1,
Camden County,US.NC.CD,114,3,
Edgar County,US.IL.EG,113,8,
Yuma County,US.CO.YU,113,1,
Converse County,US.WY.CE,113,0,
Brooke County,US.WV.BO,113,1,
Butler County,US.NE.BE,113,1,
Clare County,US.MI.CE,112,4,
Metcalfe County,US.KY.MT,112,2,
Leelanau County,US.MI.LE,112,1,
Jefferson County,US.PA.JE,112,3,
Floyd County,US.TX.FY,111,9,
Saguache County,US.CO.SG,111,2,
Rockbridge County,US.VA.RB,111,2,
Lincoln County,US.MN.LI,111,0,
Lincoln County,US.MT.LN,110,3,
Monroe County,US.OH.ME,110,18,
Paulding County,US.OH.PA,110,0,
Massac County,US.IL.MA,109,2,
Bayfield County,US.WI.BY,109,1,
Ashland County,US.WI.AS,109,2,
Uintah County,US.UT.UN,109,1,
Keokuk County,US.IA.KE,109,1,
Swisher County,US.TX.SW,109,3,
Worth County,US.IA.WT,108,0,
Greer County,US.OK.GE,108,8,
Crawford County,US.IN.CW,108,1,
Jim Hogg County,US.TX.JG,108,3,
Woods County,US.OK.WS,108,0,
Harrison County,US.MO.HS,107,1,
Osage County,US.KS.OS,107,0,
Phelps County,US.NE.PH,107,0,
Charlevoix County,US.MI.CV,107,3,
Washburn County,US.WI.WR,107,1,
Duchesne County,US.UT.DU,107,1,
Bethel Census Area,US.AK.BE,107,1,
Cedar County,US.MO.CD,107,0,
Allegany County,US.NY.AL,106,2,
Northwest Arctic Borough,US.AK.NW,106,0,
Seneca County,US.NY.SC,106,1,
Madison County,US.VA.MD,106,3,
Charlotte County,US.VA.CT,106,0,
Parke County,US.IN.PA,106,2,
Hampshire County,US.WV.HM,106,1,
Hancock County,US.TN.HC,106,3,
Schley County,US.GA.SY,105,2,
Pierce County,US.NE.PI,105,8,
Sevier County,US.UT.SE,105,1,
Garza County,US.TX.GR,105,4,
Cumberland County,US.VA.CU,105,2,
Union County,US.IN.UN,105,0,
Issaquena County,US.MS.IS,105,3,
Asotin County,US.WA.AS,105,2,
Ford County,US.IL.FO,104,5,
Brown County,US.IN.BR,104,3,
Shannon County,US.MO.SN,104,1,
Lafayette County,US.AR.LF,104,2,
Carter County,US.MO.CR,104,1,
Hubbard County,US.MN.HU,103,1,
Stevens County,US.MN.SV,103,1,
Madison County,US.NC.MD,103,1,
Socorro County,US.NM.SO,103,6,
Nemaha County,US.KS.NM,102,1,
Cumberland County,US.KY.CU,102,0,
Dunn County,US.ND.DU,101,1,
Owen County,US.KY.OE,101,2,
Greene County,US.IA.GE,101,0,
Marshall County,US.IL.MH,101,0,
Pendleton County,US.KY.PN,101,0,
Hickory County,US.MO.HC,101,3,
Dickenson County,US.VA.DC,101,1,
San Miguel County,US.NM.SM,100,0,
Madison County,US.MT.MA,100,1,
Nicholas County,US.WV.NI,100,3,
Scott County,US.AR.SC,100,1,
Roscommon County,US.MI.RO,100,4,
Morgan County,US.UT.MN,100,0,
Doniphan County,US.KS.DP,100,0,
Nelson County,US.VA.NL,100,2,
Hidalgo County,US.NM.HI,99,2,
Gallatin County,US.KY.GL,99,8,
Lynn County,US.TX.LY,99,5,
Sublette County,US.WY.SU,98,1,
Park County,US.MT.PA,98,0,
Hamlin County,US.SD.HM,97,0,
San Miguel County,US.CO.SM,97,0,
Butte County,US.SD.BT,97,3,
Scott County,US.KS.SC,97,1,
Presidio County,US.TX.PS,97,6,
Nantucket County,US.MA.NA,97,1,
Otero County,US.CO.OT,96,6,
Gladwin County,US.MI.GL,96,2,
Rio Grande County,US.CO.RG,96,2,
Marion County,US.AR.MN,95,0,
Howard County,US.NE.HW,95,5,
Hutchinson County,US.SD.HT,95,2,
Prowers County,US.CO.PR,94,0,
Montgomery County,US.IA.MG,94,5,
Powell County,US.KY.PO,94,0,
Pope County,US.MN.PE,94,0,
Baker County,US.OR.BA,94,2,
Lake County,US.CO.LK,94,0,
Clarke County,US.VA.CK,94,0,
McCook County,US.SD.MC,93,1,
Osceola County,US.MI.OE,93,0,
Tillman County,US.OK.TI,93,2,
Caldwell County,US.MO.CW,93,1,
Fall River County,US.SD.FL,93,3,
Kearny County,US.KS.KE,92,1,
Lemhi County,US.ID.LM,92,0,
Edmunds County,US.SD.ED,91,0,
Valley County,US.ID.VA,91,1,
Cheboygan County,US.MI.CY,91,2,
Corson County,US.SD.CO,91,1,
Lincoln County,US.ID.LI,91,0,
Major County,US.OK.MJ,90,1,
Lewis County,US.MO.LE,90,2,
Clay County,US.TX.CY,90,2,
Moody County,US.SD.MO,90,0,
Kingman County,US.KS.KM,90,1,
Price County,US.WI.PC,90,0,
Mitchell County,US.TX.MH,90,1,
Marion County,US.KS.MN,90,1,
Hardy County,US.WV.HD,89,1,
Florence County,US.WI.FL,89,2,
Giles County,US.VA.GI,89,0,
Perry County,US.AR.PY,88,0,
Dixon County,US.NE.DI,88,2,
Monroe County,US.MO.MR,88,1,
Bath County,US.KY.BH,88,1,
Callahan County,US.TX.AL,88,3,
Breathitt County,US.KY.BT,87,0,
Livingston County,US.KY.LV,87,1,
Archer County,US.TX.AC,87,1,
Benton County,US.IN.BE,87,0,
Crosby County,US.TX.CB,87,3,
Reagan County,US.TX.RG,87,6,
Wayne County,US.IA.WY,86,2,
Goshen County,US.WY.GO,86,2,
Windsor County,US.VT.WS,86,2,
Beaverhead County,US.MT.BE,85,1,
Somerset County,US.ME.SO,85,8,
Linn County,US.MO.LN,85,2,
Kalkaska County,US.MI.KK,85,4,
Custer County,US.NE.CU,84,4,
Charles City County,US.VA.CC,84,5,
Schoharie County,US.NY.SO,84,2,
Magoffin County,US.KY.MF,84,0,
Montgomery County,US.MO.MM,84,1,
Venango County,US.PA.VE,84,1,
Russell County,US.KS.RS,84,0,
Fleming County,US.KY.FE,84,0,
Baker County,US.GA.BR,84,4,
Eddy County,US.ND.ED,83,3,
Maries County,US.MO.MS,83,0,
Addison County,US.VT.AD,83,2,
Deuel County,US.SD.DU,83,0,
Cedar County,US.NE.CA,83,0,
Valley County,US.MT.VA,83,0,
Jerauld County,US.SD.JE,83,1,
Big Stone County,US.MN.BI,82,0,
Audubon County,US.IA.AU,82,1,
McDowell County,US.WV.MC,81,0,
Bon Homme County,US.SD.BH,81,1,
Douglas County,US.SD.DO,81,1,
Sutton County,US.TX.ST,81,3,
Hancock County,US.KY.HC,81,0,
Merrick County,US.NE.ME,80,1,
Yukon-Koyukuk Census Area,US.AK.YU,80,2,
Buena Vista city,US.VA.BE,80,1,
Alexander County,US.IL.AL,80,1,
Chase County,US.KS.CS,80,1,
Pacific County,US.WA.PA,80,3,
Aitkin County,US.MN.AI,80,1,
Ransom County,US.ND.RN,80,0,
Carlisle County,US.KY.CE,79,1,
Dukes County,US.MA.DU,79,0,
Benzie County,US.MI.BE,79,2,
Kit Carson County,US.CO.KT,79,3,
Morrill County,US.NE.MO,78,0,
Alleghany County,US.VA.AL,78,4,
Martin County,US.KY.MI,78,3,
Ohio County,US.IN.OH,78,7,
Holt County,US.MO.HL,78,1,
Richland County,US.MT.RI,78,2,
Washita County,US.OK.WT,78,0,
Boone County,US.NE.BO,78,0,
Chippewa County,US.MI.CP,78,0,
Box Butte County,US.NE.BX,78,1,
Sabine County,US.TX.SB,78,8,
Scott County,US.IL.SO,78,0,
Pembina County,US.ND.PE,78,0,
Dawson County,US.MT.DW,77,1,
Lexington city,US.VA.LX,77,1,
Washington County,US.VT.WA,77,2,
Hickman County,US.KY.HA,77,0,
Mason County,US.TX.MA,77,2,
Martin County,US.TX.MT,77,6,
McLean County,US.KY.ML,76,1,
Burt County,US.NE.BT,76,0,
Valdez-Cordova Census Area,US.AK.VA,76,0,
Manistee County,US.MI.ME,76,2,
Toole County,US.MT.TO,76,6,
Kane County,US.UT.KA,76,1,
Kiowa County,US.OK.KO,75,2,
Mariposa County,US.CA.MP,75,2,
Linn County,US.KS.LN,75,0,
Wyoming County,US.PA.WM,75,8,
Ness County,US.KS.NS,75,6,
Poquoson city,US.VA.PQ,74,2,
Anderson County,US.KS.AN,74,0,
Grand County,US.CO.GR,74,1,
Jefferson County,US.MT.JE,74,0,
Day County,US.SD.DY,74,0,
Quay County,US.NM.QU,74,2,
Holt County,US.NE.HT,74,1,
Knox County,US.TX.KX,73,8,
Rice County,US.KS.RC,73,1,
Sargent County,US.ND.SG,73,0,
Waldo County,US.ME.WL,73,14,
Hemphill County,US.TX.HH,73,0,
Crowley County,US.CO.CR,73,1,
Gallatin County,US.IL.GA,72,2,
Matthews County,US.VA.MT,72,0,
Garrett County,US.MD.GA,72,1,
Torrance County,US.NM.TO,72,1,
Coleman County,US.TX.CM,72,4,
Crane County,US.TX.CR,72,2,
Leslie County,US.KY.LS,72,0,
King and Queen County,US.VA.KA,72,1,
Clay County,US.NE.CL,72,0,
Adair County,US.IA.AI,71,1,
Upshur County,US.WV.UP,71,0,
Elk County,US.PA.EL,71,2,
Faulk County,US.SD.FU,71,1,
Switzerland County,US.IN.SW,71,0,
Jefferson County,US.WA.JE,71,0,
Pratt County,US.KS.PR,71,0,
Lyon County,US.KY.LY,70,4,
Bottineau County,US.ND.BT,70,1,
St. Clair County,US.MO.SC,70,0,
Arenac County,US.MI.AR,70,3,
Lander County,US.NV.LA,70,1,
Antrim County,US.MI.AN,70,0,
Rooks County,US.KS.RO,70,0,
Falls Church city,US.VA.FU,70,7,
Boise County,US.ID.BS,70,2,
Coal County,US.OK.CL,70,0,
Stillwater County,US.MT.ST,69,2,
Childress County,US.TX.CD,69,0,
Wadena County,US.MN.WD,69,0,
Wabaunsee County,US.KS.WB,68,1,
Tioga County,US.PA.TI,68,3,
Rusk County,US.WI.RU,68,1,
Hamilton County,US.IL.HM,68,1,
Rains County,US.TX.RI,68,3,
McIntosh County,US.ND.MI,68,3,
Cotton County,US.OK.CT,68,3,
Cloud County,US.KS.CD,68,1,
Antelope County,US.NE.AN,68,1,
Edwards County,US.TX.ED,67,1,
Ogemaw County,US.MI.OG,67,5,
Shelby County,US.MO.SB,67,1,
Decatur County,US.IA.DC,67,0,
Bennett County,US.SD.BN,67,1,
Dewey County,US.OK.DW,66,1,
Fisher County,US.TX.FH,66,3,
Nome Census Area,US.AK.NM,66,0,
Sagadahoc County,US.ME.SA,66,0,
Menominee County,US.WI.MN,66,0,
Franklin County,US.NY.FR,66,1,
Henderson County,US.IL.HD,66,0,
Clark County,US.MO.CK,65,0,
Haskell County,US.TX.HK,65,2,
Trimble County,US.KY.TM,65,0,
Custer County,US.ID.CU,65,1,
San Saba County,US.TX.SS,65,0,
Wilkin County,US.MN.WL,65,3,
Skamania County,US.WA.SM,65,1,
Dickey County,US.ND.DC,65,0,
Pepin County,US.WI.PE,65,0,
Keith County,US.NE.KT,64,0,
Donley County,US.TX.DO,64,1,
Bland County,US.VA.BL,64,5,
Alfalfa County,US.OK.AL,64,0,
Rappahannock County,US.VA.RP,63,2,
Harrison County,US.OH.HR,63,3,
Missaukee County,US.MI.MU,63,1,
Hettinger County,US.ND.HE,63,0,
Fergus County,US.MT.FE,63,1,
Sherman County,US.TX.SN,63,0,
Edwards County,US.IL.EW,63,0,
Crook County,US.OR.CR,62,1,
Franklin County,US.ME.FR,62,1,
Dade County,US.MO.DD,62,0,
Foster County,US.ND.FO,62,0,
Yates County,US.NY.YA,62,6,
Washington County,US.CO.WA,61,0,
McHenry County,US.ND.MH,61,1,
White Pine County,US.NV.WH,61,1,
Grant County,US.MN.GR,61,4,
Ziebach County,US.SD.ZI,60,0,
Pend Oreille County,US.WA.PE,60,0,
Renville County,US.ND.RE,60,0,
LaMoure County,US.ND.LA,60,0,
Calhoun County,US.IL.CH,59,0,
Wilson County,US.KS.WL,59,2,
Pocahontas County,US.WV.PO,59,0,
Brown County,US.IL.BR,59,0,
Mills County,US.TX.MS,59,0,
Mackinac County,US.MI.MK,59,0,
Greenlee County,US.AZ.GE,59,2,
Stanton County,US.KS.ST,59,2,
Lake County,US.MN.LE,59,0,
Kauai County,US.HI.KU,59,0,
Lac Qui Parle County,US.MN.LC,58,1,
Lamoille County,US.VT.LA,58,1,
Iron County,US.MO.IR,57,0,
Griggs County,US.ND.GI,57,1,
Putnam County,US.IL.PT,57,0,
Polk County,US.NE.PO,57,1,
Boundary County,US.ID.BD,57,1,
Allen County,US.KS.AL,57,1,
Grand County,US.UT.GR,57,1,
McKean County,US.PA.MC,57,2,
Morgan County,US.KY.MG,57,0,
Stafford County,US.KS.SF,56,1,
Park County,US.CO.PA,56,1,
Ballard County,US.KY.BA,56,1,
Cheyenne County,US.KS.CN,56,0,
Barbour County,US.WV.BB,56,1,
Lawrence County,US.KY.LC,56,0,
Logan County,US.ND.LO,56,0,
Stark County,US.IL.SA,55,2,
Kingsbury County,US.SD.KI,55,0,
Fillmore County,US.NE.FI,55,1,
Morgan County,US.WV.MA,55,0,
Archuleta County,US.CO.AC,54,0,
Summers County,US.WV.SU,54,0,
Big Horn County,US.WY.BI,54,2,
Wetzel County,US.WV.WT,54,0,
Norman County,US.MN.NR,54,0,
Culberson County,US.TX.UL,54,2,
Beaver County,US.OK.BA,54,0,
Hancock County,US.ME.HA,54,1,
Sullivan County,US.NH.SU,54,1,
Cavalier County,US.ND.CV,54,0,
Nelson County,US.ND.NE,54,0,
Richardson County,US.NE.RI,53,1,
Coke County,US.TX.OK,53,3,
Pendleton County,US.WV.PE,53,1,
Ottawa County,US.KS.OT,53,0,
Schleicher County,US.TX.SH,53,2,
Rush County,US.KS.RH,53,0,
Cochran County,US.TX.CC,52,1,
Tillamook County,US.OR.TI,52,0,
Woodruff County,US.AR.WO,52,0,
Marshall County,US.MN.MS,52,1,
Atchison County,US.MO.AT,52,0,
Aurora County,US.SD.AU,51,0,
Clark County,US.KS.CA,50,1,
Ringgold County,US.IA.RI,50,2,
Lewis County,US.NY.LE,50,5,
Clay County,US.KS.CY,50,2,
Knox County,US.MO.KN,50,1,
Plumas County,US.CA.PU,50,0,
Dickens County,US.TX.DC,49,2,
Schuyler County,US.IL.SU,49,0,
Johnson County,US.NE.JO,49,0,
Republic County,US.KS.RP,49,1,
Roane County,US.WV.RO,49,2,
Greenwood County,US.KS.GW,49,0,
Ketchikan Gateway Borough,US.AK.KG,49,0,
Lincoln County,US.WA.LI,49,1,
Garfield County,US.UT.GA,48,2,
Mahnomen County,US.MN.MH,48,1,
Sheridan County,US.NE.SD,48,0,
Kidder County,US.ND.KI,48,0,
Wheeler County,US.TX.WL,48,0,
Fulton County,US.PA.FU,47,2,
Chariton County,US.MO.CI,47,0,
Nance County,US.NE.NA,47,0,
Vinton County,US.OH.VI,47,3,
Morgan County,US.OH.MA,47,0,
Hudspeth County,US.TX.HU,47,3,
Cherry County,US.NE.CH,47,4,
Roger Mills County,US.OK.RR,46,1,
Hamilton County,US.KS.HM,46,0,
Gilmer County,US.WV.GI,46,0,
Sanders County,US.MT.SA,46,1,
Menifee County,US.KY.ME,46,0,
Grant County,US.OK.GN,46,0,
Sierra County,US.NM.SI,46,1,
Edwards County,US.KS.ED,46,0,
Red Lake County,US.MN.RD,45,1,
Sitka City and Borough,US.AK.SI,45,0,
Golden Valley County,US.ND.GO,44,0,
Webster County,US.GA.WT,44,2,
Clearwater County,US.ID.CE,44,0,
Mitchell County,US.KS.MC,44,0,
Kinney County,US.TX.KN,44,1,
Aroostook County,US.ME.AR,43,1,
Harmon County,US.OK.HM,43,0,
Sweet Grass County,US.MT.SW,43,1,
Alcona County,US.MI.AC,43,2,
Warren County,US.PA.WR,43,1,
Jefferson County,US.OK.JE,42,0,
Bear Lake County,US.ID.BK,42,1,
Rock County,US.NE.RO,42,1,
Potter County,US.SD.PO,42,0,
Ontonagon County,US.MI.ON,42,0,
Lincoln County,US.ME.LI,42,1,
Crook County,US.WY.CK,41,0,
Warren County,US.IN.WN,41,1,
Schuyler County,US.NY.SU,41,0,
Moffat County,US.CO.MF,41,1,
Stanley County,US.SD.ST,41,0,
Bracken County,US.KY.BK,41,0,
Clark County,US.SD.CK,40,0,
Stanton County,US.NE.ST,39,0,
Elliott County,US.KY.EL,39,0,
Hardin County,US.IL.HI,39,0,
Furnas County,US.NE.FU,39,2,
Reynolds County,US.MO.RE,39,0,
Beaver County,US.UT.BV,38,0,
Bowman County,US.ND.BW,38,0,
Marshall County,US.SD.MS,38,0,
Wolfe County,US.KY.WL,38,0,
Glascock County,US.GA.GS,38,2,
Valley County,US.NE.VA,38,0,
Lewis County,US.WV.LE,38,2,
Hot Springs County,US.WY.HO,37,0,
Clear Creek County,US.CO.CL,37,1,
Perkins County,US.SD.PR,37,0,
Owsley County,US.KY.OS,37,1,
Hanson County,US.SD.HS,37,0,
Calhoun County,US.AR.CA,36,0,
Hand County,US.SD.HD,36,0,
Emery County,US.UT.EM,36,0,
Knox County,US.ME.KN,36,1,
Cheyenne County,US.NE.CY,36,0,
Morris County,US.KS.MR,35,0,
Johnson County,US.WY.JO,35,1,
Musselshell County,US.MT.MU,35,1,
Phillips County,US.CO.PH,34,0,
Gosper County,US.NE.GO,34,0,
Guadalupe County,US.NM.GU,34,1,
Rawlins County,US.KS.RA,34,0,
Trego County,US.KS.TR,34,1,
Caledonia County,US.VT.CA,34,0,
Clay County,US.WV.CY,34,2,
Jackson County,US.SD.JA,34,1,
Brown County,US.NE.BW,34,0,
Los Alamos County,US.NM.LO,33,0,
Burke County,US.ND.BK,33,1,
Red Willow County,US.NE.RE,33,0,
Adams County,US.IA.AM,33,0,
Norton city,US.VA.NC,33,0,
Wells County,US.ND.WE,33,0,
Putnam County,US.MO.PN,33,1,
McPherson County,US.SD.MP,33,0,
Conejos County,US.CO.CN,33,0,
Perkins County,US.NE.PE,33,10,
Covington city,US.VA.CV,32,0,
Lake County,US.MI.LK,32,0,
Nicholas County,US.KY.NI,32,1,
Ellsworth County,US.KS.EW,32,0,
Costilla County,US.CO.CS,32,1,
Pierce County,US.ND.PI,32,0,
Lake County,US.OR.LK,32,0,
Lipscomb County,US.TX.LM,32,0,
Quitman County,US.GA.QU,32,1,
Clark County,US.ID.CA,32,0,
Union County,US.NM.UN,31,2,
Curry County,US.OR.CU,31,0,
Traverse County,US.MN.TR,31,0,
Prince of Wales-Hyder Census Area,US.AK.PH,31,0,
Thayer County,US.NE.TA,31,0,
Scotland County,US.MO.SO,31,1,
Camas County,US.ID.CM,31,0,
Graham County,US.KS.GH,31,1,
Sherman County,US.KS.SH,31,0,
Norton County,US.KS.NT,31,0,
Ferry County,US.WA.FE,30,0,
Mellette County,US.SD.ML,30,0,
Wallowa County,US.OR.WW,30,1,
Baraga County,US.MI.BA,30,0,
Noble County,US.OH.NO,30,0,
Oscoda County,US.MI.OO,30,1,
Colfax County,US.NM.CO,30,1,
San Juan County,US.WA.SA,29,0,
Craig County,US.VA.CG,29,0,
Pope County,US.IL.PE,29,1,
Jefferson County,US.NE.JE,29,0,
Gove County,US.KS.GO,29,0,
Chouteau County,US.MT.CH,29,0,
Sanborn County,US.SD.SA,29,0,
Harper County,US.OK.HP,29,1,
Platte County,US.WY.PL,28,1,
Potter County,US.PA.PO,28,0,
Pondera County,US.MT.PN,28,0,
Steele County,US.ND.SE,28,0,
Hall County,US.TX.HA,28,1,
Butte County,US.ID.BT,28,0,
Mercer County,US.MO.MC,28,0,
Adams County,US.ID.AM,28,2,
Franklin County,US.NE.FA,28,0,
Clearwater County,US.MN.CE,27,0,
Greeley County,US.NE.GE,27,0,
Presque Isle County,US.MI.PR,27,1,
Schoolcraft County,US.MI.SR,27,0,
Cottle County,US.TX.OT,27,3,
Delta County,US.TX.DT,26,0,
Rio Blanco County,US.CO.RB,26,0,
Lake and Peninsula Borough,US.AK.LA,26,0,
Southeast Fairbanks Census Area,US.AK.SO,26,0,
Menard County,US.TX.EN,26,0,
Upton County,US.TX.UP,25,2,
Hardeman County,US.TX.RD,25,0,
Meagher County,US.MT.ME,25,2,
Ouray County,US.CO.OU,25,1,
Calhoun County,US.WV.CH,25,0,
Shackelford County,US.TX.SC,25,0,
Oneida County,US.ID.ON,24,0,
Campbell County,US.SD.CP,24,0,
Cimarron County,US.OK.CO,24,0,
Sherman County,US.NE.SM,24,1,
McMullen County,US.TX.MM,24,1,
Las Animas County,US.CO.LS,24,0,
Hoonah-Angoon Census Area,US.AK.HH,24,0,
Orange County,US.VT.OA,24,0,
Haakon County,US.SD.HA,23,0,
Doddridge County,US.WV.DO,23,1,
Chase County,US.NE.CE,23,0,
Tucker County,US.WV.TU,23,0,
Huerfano County,US.CO.HU,23,1,
Marshall County,US.KS.MS,23,0,
Carson County,US.TX.CN,23,0,
Kiowa County,US.KS.KW,23,0,
Schuyler County,US.MO.SH,22,0,
Boyd County,US.NE.BY,22,0,
Coos County,US.NH.CO,22,0,
Taliaferro County,US.GA.TA,22,0,
Granite County,US.MT.GN,22,0,
Kodiak Island Borough,US.AK.KO,22,0,
Lake of the Woods County,US.MN.LO,22,1,
Harlan County,US.NE.HR,22,0,
Miner County,US.SD.ME,21,0,
Orleans County,US.VT.OL,21,0,
Oliver County,US.ND.OL,21,0,
Teton County,US.MT.TE,21,0,
Pershing County,US.NV.PE,21,0,
Blaine County,US.MT.BL,21,0,
Adams County,US.ND.AD,21,0,
Worth County,US.MO.WO,20,0,
Decatur County,US.KS.DC,20,0,
Woodson County,US.KS.WO,20,0,
Mineral County,US.CO.MI,20,0,
McCone County,US.MT.MC,19,0,
Hyde County,US.SD.HY,19,0,
Grant County,US.ND.GT,19,0,
Hodgeman County,US.KS.HG,19,0,
Pawnee County,US.NE.PA,19,0,
Rich County,US.UT.RH,19,0,
Baylor County,US.TX.BR,19,1,
Sherman County,US.OR.SH,18,0,
Towner County,US.ND.TO,18,0,
Baca County,US.CO.BA,18,0,
Liberty County,US.MT.LB,18,0,
Collingsworth County,US.TX.CG,18,0,
Alger County,US.MI.AG,18,0,
Gilpin County,US.CO.GI,18,0,
Custer County,US.CO.CU,17,0,
Wheatland County,US.MT.WH,17,1,
Oldham County,US.TX.OL,17,1,
Wallace County,US.KS.WA,17,0,
Garfield County,US.MT.GF,17,0,
Billings County,US.ND.BI,17,0,
Pleasants County,US.WV.PL,17,3,
Broadwater County,US.MT.BR,17,0,
Lee County,US.KY.LE,17,0,
Jewell County,US.KS.JW,17,1,
Washington County,US.KS.WS,17,0,
Washington County,US.ME.WS,16,0,
Webster County,US.NE.WE,16,0,
Tyler County,US.WV.TY,16,0,
Nuckolls County,US.NE.NU,16,0,
Chautauqua County,US.KS.CQ,16,0,
Sheridan County,US.KS.SD,16,0,
Trinity County,US.CA.TR,16,0,
Kimble County,US.TX.KM,16,1,
Kimball County,US.NE.KB,15,0,
Forest County,US.PA.FO,15,0,
Sedgwick County,US.CO.SE,15,1,
Lewis County,US.ID.LW,15,0,
Hamilton County,US.NY.HA,15,1,
Morton County,US.KS.MT,14,2,
Jeff Davis County,US.TX.JF,14,0,
Columbia County,US.WA.CM,14,1,
Stonewall County,US.TX.SA,14,1,
Grand Isle County,US.VT.GR,14,0,
Logan County,US.KS.LG,14,0,
Cheyenne County,US.CO.CE,14,0,
Montmorency County,US.MI.MR,14,0,
Wrangell City and Borough,US.AK.WG,13,0,
Braxton County,US.WV.BX,13,0,
Armstrong County,US.TX.AM,13,1,
Jones County,US.SD.JO,13,0,
Sheridan County,US.MT.SH,13,0,
Mineral County,US.NV.MI,13,0,
Luce County,US.MI.LU,13,0,
Lane County,US.KS.LE,13,0,
Wirt County,US.WV.WI,12,0,
Harney County,US.OR.HA,12,0,
Robertson County,US.KY.RB,12,0,
Ritchie County,US.WV.RI,12,0,
Powell County,US.MT.PL,12,0,
Briscoe County,US.TX.BO,12,1,
Modoc County,US.CA.MC,12,0,
Lincoln County,US.KS.LC,12,0,
Kusilvak Census Area,US.AK.WA,12,0,
Kittson County,US.MN.KI,12,0,
Sullivan County,US.PA.SL,12,0,
Dundy County,US.NE.DY,11,1,
Bent County,US.CO.BE,11,0,
Lincoln County,US.CO.LI,11,0,
Ellis County,US.OK.EL,11,0,
Sheridan County,US.ND.SH,11,0,
Sully County,US.SD.SU,11,0,
Comanche County,US.KS.CM,11,0,
Garfield County,US.WA.GF,11,0,
Irion County,US.TX.IR,10,0,
Storey County,US.NV.ST,10,0,
Keweenaw County,US.MI.KW,10,0,
Garfield County,US.NE.GF,10,0,
Garden County,US.NE.GD,10,0,
Eureka County,US.NV.EU,10,0,
Motley County,US.TX.MY,9,0,
Kent County,US.TX.KT,9,0,
Jackson County,US.CO.JA,9,0,
Catron County,US.NM.CA,9,1,
Roberts County,US.TX.RS,9,0,
Powder River County,US.MT.PD,9,0,
Grant County,US.OR.GR,9,0,
Foard County,US.TX.FD,9,0,
Wibaux County,US.MT.WI,9,0,
Glasscock County,US.TX.GC,9,0,
Piscataquis County,US.ME.PI,9,0,
Throckmorton County,US.TX.TH,8,2,
Aleutians West Census Area,US.AK.AW,8,0,
Webster County,US.WV.WB,8,0,
Greeley County,US.KS.GL,8,0,
Dillingham Census Area,US.AK.DI,8,0,
Cameron County,US.PA.CE,8,0,
Gilliam County,US.OR.GI,8,0,
Frontier County,US.NE.FO,7,0,
Lincoln County,US.NV.LI,7,0,
Piute County,US.UT.PT,7,0,
Divide County,US.ND.DV,7,0,
Osborne County,US.KS.OB,7,0,
Petersburg Census Area,US.AK.PB,7,1,
Kenedy County,US.TX.KE,7,2,
Sioux County,US.NE.SI,7,0,
Judith Basin County,US.MT.JU,7,0,
Bath County,US.VA.BA,7,0,
Hooker County,US.NE.HO,7,0,
Mora County,US.NM.MO,7,0,
Highland County,US.VA.HA,7,0,
Smith County,US.KS.SM,7,0,
Slope County,US.ND.SL,7,0,
Barber County,US.KS.AB,6,0,
McPherson County,US.NE.MC,6,0,
Denali Borough,US.AK.DE,6,0,
Essex County,US.VT.ES,6,0,
Logan County,US.NE.LG,6,0,
San Juan County,US.CO.SJ,6,0,
Wahkiakum County,US.WA.WH,6,0,
Cook County,US.MN.CO,6,0,
Sierra County,US.CA.SE,6,0,
Fallon County,US.MT.FA,5,0,
Wichita County,US.KS.WH,5,0,
Haines Borough,US.AK.HA,5,0,
Sterling County,US.TX.SI,5,0,
Keya Paha County,US.NE.KY,5,0,
Harding County,US.SD.HR,5,0,
Daniels County,US.MT.DN,5,0,
Hitchcock County,US.NE.HI,4,0,
Elk County,US.KS.EK,4,0,
Golden Valley County,US.MT.GO,4,0,
Thomas County,US.NE.TO,4,0,
Carter County,US.MT.CT,4,0,
Deuel County,US.NE.DL,4,0,
Niobrara County,US.WY.NI,4,0,
Terrell County,US.TX.TL,3,0,
Loup County,US.NE.LU,3,0,
Dolores County,US.CO.DO,3,0,
Treasure County,US.MT.TR,3,0,
Hinsdale County,US.CO.HI,3,0,
Prairie County,US.MT.PR,2,0,
Wayne County,US.UT.WE,2,0,
Harding County,US.NM.HA,2,0,
Aleutians East Borough,US.AK.AE,2,0,
Banner County,US.NE.BA,2,0,
Mineral County,US.MT.MN,2,0,
Alpine County,US.CA.AP,2,0,
Grant County,US.NE.GA,1,0,
Daggett County,US.UT.DG,1,0,
Kiowa County,US.CO.KO,1,0,
Wheeler County,US.NE.WH,1,0,
De Baca County,US.NM.DE,1,0,
Borden County,US.TX.BD,1,0,
Blaine County,US.NE.BL,1,0,
Arthur County,US.NE.AR,1,0,
Esmeralda County,US.NV.ES,0,0,
King County,US.TX.KG,0,0,
Kalawao County,US.HI.KL,0,0,
Loving County,US.TX.LI,0,0,
Skagway Municipality,US.AK.SW,0,0,
Bristol Bay Borough,US.AK.BR,0,0,
Hayes County,US.NE.HY,0,0,
Wheeler County,US.OR.WE,0,0,
Petroleum County,US.MT.PO,0,0,
Yakutat City and Borough,US.AK.YA,0,0,
