County,hasc,confirmed,death,recovered
Los Angeles County,US.CA.LO,254656,6231,
Miami-Dade County,US.FL.DA,164299,2894,
Maricopa County,US.AZ.MA,137589,3154,
Cook County,US.IL.CO,135274,5134,
Harris County,US.TX.RR,116172,2423,
Dallas County,US.TX.DS,75208,1046,
Broward County,US.FL.BO,74525,1284,
Queens County,US.NY.QU,71180,7231,
Kings County,US.NY.KI,66274,7306,
Clark County,US.NV.CL,62812,1262,
Riverside County,US.CA.RI,55766,1118,
Bronx County,US.NY.BN,52281,4936,
Orange County,US.CA.OR,50974,1093,
San Bernardino County,US.CA.SA,50709,832,
Bexar County,US.TX.BX,50016,1205,
Nassau County,US.NY.NA,45763,2200,
Suffolk County,US.NY.SF,45714,2010,
Palm Beach County,US.FL.PL,44139,1199,
San Diego County,US.CA.SD,42887,734,
Tarrant County,US.TX.TN,41567,662,
Hillsborough County,US.FL.HL,39600,585,
Orange County,US.FL.OR,38013,409,
Westchester County,US.NY.WE,37571,1453,
Wayne County,US.MI.WY,33511,2942,
New York County,US.NY.NE,32728,3177,
Kern County,US.CA.KE,30850,332,
Philadelphia County,US.PA.PH,30353,1790,
Hidalgo County,US.TX.HG,29446,1344,
Shelby County,US.TN.SY,28963,428,
Middlesex County,US.MA.MI,28574,2107,
Duval County,US.FL.DU,28525,322,
Prince George's County,US.MD.PR,27760,813,
Travis County,US.TX.TV,27701,395,
Fresno County,US.CA.FR,27196,337,
Mecklenburg County,US.NC.MB,26931,334,
Fulton County,US.GA.FU,26289,555,
Salt Lake County,US.UT.SL,26255,243,
Gwinnett County,US.GA.GW,25863,379,
Milwaukee County,US.WI.MU,25627,514,
Davidson County,US.TN.DA,25345,281,
Hennepin County,US.MN.HE,24944,907,
Franklin County,US.OH.FR,24832,579,
Suffolk County,US.MA.SU,24419,1119,
Pima County,US.AZ.PM,22511,602,
Bergen County,US.NJ.BE,21995,2042,
Cameron County,US.TX.CA,21983,843,
El Paso County,US.TX.EP,21731,482,
Montgomery County,US.MD.MO,21281,834,
Pinellas County,US.FL.PI,20988,701,
King County,US.WA.KN,20912,747,
St. Louis County,US.MO.SL,20899,756,
Essex County,US.NJ.ES,20669,2123,
Sacramento County,US.CA.SC,20435,356,
Hudson County,US.NJ.HD,20385,1512,
Marion County,US.IN.MO,20314,806,
Alameda County,US.CA.AA,20022,333,
Fairfax County,US.VA.FX,19658,568,
Santa Clara County,US.CA.SL,19613,283,
Essex County,US.MA.ES,19527,1260,
Lee County,US.FL.LE,19525,448,
Fairfield County,US.CT.FA,19518,1419,
Oakland County,US.MI.OD,19466,1185,
San Joaquin County,US.CA.SJ,19364,389,
Middlesex County,US.NJ.MI,18870,1422,
Passaic County,US.NJ.PA,18673,1249,
Cobb County,US.GA.CB,18550,413,
Polk County,US.FL.PO,18523,488,
Jefferson County,US.AL.JE,18253,318,
DeKalb County,US.GA.DA,17610,339,
Providence County,US.RI.PR,17500,853,
Union County,US.NJ.UN,17324,1355,
Jefferson Parish,US.LA.JF,17048,560,
Baltimore County,US.MD.BC,16797,612,
Cuyahoga County,US.OH.CU,16747,622,
Jackson County (including other portions of Kansas City),US.MO.JC,16746,174,
Wake County,US.NC.WK,16393,213,
DuPage County,US.IL.DU,16123,545,
Stanislaus County,US.CA.ST,16024,313,
Lake County,US.IL.LK,15818,481,
Richmond County,US.NY.RI,15604,1084,
Contra Costa County,US.CA.CN,15424,192,
Fort Bend County,US.TX.FR,15423,268,
Nueces County,US.TX.NU,15421,333,
Baltimore City,US.MD.BA,15299,473,
Oklahoma County,US.OK.OL,15293,175,
Tulare County,US.CA.TL,15270,251,
Tulsa County,US.OK.TU,15202,144,
Charleston County,US.SC.CS,15167,253,
Polk County,US.IA.PK,14708,252,
East Baton Rouge Parish,US.LA.EB,14674,432,
Washington,US.DC.DI,14622,616,
Rockland County,US.NY.RO,14581,509,
Douglas County,US.NE.DG,14563,173,
Worcester County,US.MA.WO,14554,1074,
Hartford County,US.CT.HA,14060,1431,
New Haven County,US.CT.NH,14059,1111,
Jefferson County,US.KY.JF,13784,289,
Richland County,US.SC.RI,13771,218,
Macomb County,US.MI.MB,13760,1004,
Utah County,US.UT.UT,13330,53,
Greenville County,US.SC.GV,13328,283,
Will County,US.IL.WL,12888,367,
Mobile County,US.AL.MB,12875,287,
Webb County,US.TX.WB,12657,233,
Yuma County,US.AZ.YU,12415,337,
Hamilton County,US.OH.HM,12306,292,
Collin County,US.TX.CI,12239,124,
Collier County,US.FL.CL,12234,192,
Orleans Parish,US.LA.OR,12184,584,
Kane County,US.IL.KE,12135,323,
Ada County,US.ID.AA,11980,140,
Escambia County,US.FL.ES,11891,204,
Denver County,US.CO.DN,11883,430,
Osceola County,US.FL.OS,11807,136,
Ocean County,US.NJ.OC,11774,1037,
Prince William County,US.VA.PW,11688,191,
Ventura County,US.CA.VE,11683,135,
Montgomery County,US.PA.MG,11657,868,
Orange County,US.NY.OE,11652,411,
Norfolk County,US.MA.NO,11332,1034,
Imperial County,US.CA.IM,11291,308,
Galveston County,US.TX.GV,11280,151,
Allegheny County,US.PA.AL,11268,335,
Monmouth County,US.NJ.MN,11217,863,
Yakima County,US.WA.YA,11171,251,
Denton County,US.TX.DN,11014,142,
Manatee County,US.FL.MN,10932,275,
Delaware County,US.PA.DE,10922,742,
Erie County,US.NY.ER,10668,616,
Brazoria County,US.TX.BI,10545,155,
San Francisco County,US.CA.SF,10378,91,
Volusia County,US.FL.VO,10197,206,
Pinal County,US.AZ.PN,10187,195,
Bristol County,US.MA.BR,10183,674,
Ramsey County,US.MN.RA,10111,313,
Lake County,US.IN.LK,9963,326,
Plymouth County,US.MA.PL,9924,753,
Horry County,US.SC.HO,9897,192,
Montgomery County,US.TX.MG,9790,145,
Honolulu County,US.HI.HO,9723,86,
Johnson County,US.KS.JO,9687,134,
Lubbock County,US.TX.LU,9649,108,
Camden County,US.NJ.CM,9506,598,
Anne Arundel County,US.MD.AN,9191,240,
San Mateo County,US.CA.SM,9166,139,
Marion County,US.FL.MI,9165,248,
New Castle County,US.DE.NE,9146,306,
Leon County,US.FL.LO,9133,45,
Kent County,US.MI.KN,9086,173,
Monterey County,US.CA.MT,8901,64,
Hamilton County,US.TN.HL,8860,85,
Santa Barbara County,US.CA.SB,8718,106,
Lafayette Parish,US.LA.LY,8706,121,
Rutherford County,US.TN.RU,8629,84,
Merced County,US.CA.MD,8616,129,
Seminole County,US.FL.SE,8568,193,
Arapahoe County,US.CO.AA,8553,369,
Pasco County,US.FL.PS,8551,195,
Mercer County,US.NJ.ME,8498,634,
Montgomery County,US.AL.MT,8487,170,
Hall County,US.GA.HL,8379,138,
Bucks County,US.PA.BC,8294,595,
Knox County,US.TN.KN,8276,67,
Washington County,US.AR.WA,8244,89,
Hampden County,US.MA.HD,8196,767,
Williamson County,US.TX.WM,8143,134,
Pulaski County,US.AR.PU,8130,121,
Adams County,US.CO.AD,8103,211,
Washoe County,US.NV.WA,8077,149,
Sedgwick County,US.KS.SG,8040,68,
Brevard County,US.FL.BE,7995,256,
Caddo Parish,US.LA.CO,7926,334,
Dane County,US.WI.DA,7846,41,
Chatham County,US.GA.CM,7836,136,
Canyon County,US.ID.CN,7718,93,
Guilford County,US.NC.GU,7700,174,
Morris County,US.NJ.MR,7647,831,
Sarasota County,US.FL.SR,7644,233,
Calcasieu Parish,US.LA.CC,7632,202,
St. Lucie County,US.FL.SL,7572,256,
Pierce County,US.WA.PI,7338,188,
Lancaster County,US.PA.LN,7325,447,
Durham County,US.NC.DH,7318,88,
Madison County,US.AL.MD,7216,72,
Montgomery County,US.OH.MT,7148,144,
McLennan County,US.TX.ML,7134,91,
Kings County,US.CA.KI,7125,77,
Lake County,US.FL.LK,7063,147,
Jefferson County,US.TX.JE,6956,125,
Lucas County,US.OH.LU,6903,350,
Clayton County,US.GA.CN,6877,154,
Dakota County,US.MN.DA,6836,120,
Hinds County,US.MS.HI,6820,151,
Tuscaloosa County,US.AL.TU,6789,107,
Burlington County,US.NJ.BU,6747,489,
St. Charles County,US.MO.SA,6719,109,
Sonoma County,US.CA.SO,6701,108,
St. Tammany Parish,US.LA.ST,6670,247,
Forsyth County,US.NC.FO,6634,86,
Richmond County,US.GA.RI,6614,148,
Berks County,US.PA.BK,6587,386,
Multnomah County,US.OR.MU,6584,127,
Wyandotte County,US.KS.WY,6578,126,
Alachua County,US.FL.AL,6555,40,
Snohomish County,US.WA.SN,6547,207,
Sussex County,US.DE.SU,6519,198,
City of St. Louis,US.MO.SY,6503,196,
Brown County,US.WI.BW,6490,58,
Virginia Beach City,US.VA.VI,6482,72,
Marin County,US.CA.MN,6469,106,
Loudoun County,US.VA.LD,6449,118,
Lexington County,US.SC.LX,6444,151,
El Paso County,US.CO.EL,6406,160,
Chester County,US.PA.CH,6261,356,
Elkhart County,US.IN.EL,6161,108,
Waukesha County,US.WI.WK,6131,85,
Bernalillo County,US.NM.BE,6077,167,
St. Clair County,US.IL.SI,6008,178,
Spartanburg County,US.SC.SP,5996,181,
Solano County,US.CA.SN,5937,50,
Minnehaha County,US.SD.MN,5898,74,
Ouachita Parish,US.LA.OU,5891,138,
Spokane County,US.WA.SP,5874,147,
Benton County,US.AR.BE,5862,62,
St. Joseph County,US.IN.SN,5790,102,
Bibb County,US.GA.BI,5777,152,
Monroe County,US.NY.MR,5764,258,
Muscogee County,US.GA.MG,5747,159,
Brazos County,US.TX.BZ,5700,60,
Navajo County,US.AZ.NA,5694,227,
Bay County,US.FL.BY,5693,91,
Allen County,US.IN.AL,5680,203,
Hays County,US.TX.HY,5598,60,
Somerset County,US.NJ.SO,5575,568,
Chesterfield County,US.VA.CD,5558,86,
Cherokee County,US.GA.CE,5545,87,
Lee County,US.AL.LE,5502,60,
Anoka County,US.MN.AN,5396,129,
Lehigh County,US.PA.LH,5393,345,
Shelby County,US.AL.SH,5348,48,
Butler County,US.OH.BU,5315,88,
Beaufort County,US.SC.BA,5222,75,
Berkeley County,US.SC.BK,5203,87,
Lancaster County,US.NE.LA,5186,22,
DeSoto County,US.MS.DE,5173,53,
Jefferson County,US.CO.JE,5146,245,
Santa Rosa County,US.FL.SA,5139,66,
Bell County,US.TX.BL,5100,75,
Henrico County,US.VA.HC,5068,198,
Cleveland County,US.OK.CV,5002,68,
Dutchess County,US.NY.DU,4994,154,
Fayette County,US.KY.FA,4991,63,
Baldwin County,US.AL.BD,4978,47,
Madison County,US.IL.MD,4946,121,
St. Johns County,US.FL.SJ,4902,63,
Summit County,US.OH.SU,4894,244,
York County,US.SC.YO,4874,60,
Williamson County,US.TN.WL,4851,35,
Winnebago County,US.IL.WN,4843,148,
Johnson County,US.IA.JH,4817,26,
Howard County,US.MD.HO,4787,119,
Greene County,US.MO.GE,4758,19,
Henry County,US.GA.HY,4751,93,
Cumberland County,US.NC.CU,4745,74,
Florence County,US.SC.FL,4655,173,
Norfolk City,US.VA.NF,4651,61,
Okaloosa County,US.FL.OA,4637,94,
Clay County,US.FL.CY,4593,86,
Hamilton County,US.IN.HM,4568,117,
Gaston County,US.NC.GS,4568,70,
Martin County,US.FL.MT,4567,127,
Woodbury County,US.IA.WO,4554,59,
Clarke County,US.GA.CK,4540,36,
Sumner County,US.TN.SN,4532,91,
Union County,US.NC.UN,4385,56,
Davis County,US.UT.DA,4384,28,
Benton County,US.WA.BE,4338,126,
Richmond City,US.VA.RC,4336,50,
Weld County,US.CO.WE,4326,149,
Pitt County,US.NC.PI,4318,25,
Potter County,US.TX.PT,4310,51,
Whitfield County,US.GA.WF,4302,59,
Cass County,US.ND.CS,4294,77,
Tangipahoa Parish,US.LA.TA,4292,111,
McHenry County,US.IL.MY,4275,117,
McKinley County,US.NM.MC,4266,251,
Racine County,US.WI.RA,4261,93,
Northampton County,US.PA.NA,4258,304,
Marion County,US.OR.MR,4258,87,
Madera County,US.CA.ME,4226,58,
York County,US.PA.YO,4216,134,
Hillsborough County,US.NH.HI,4207,288,
Black Hawk County,US.IA.BL,4178,82,
Genesee County,US.MI.GE,4145,307,
Johnston County,US.NC.JH,4133,54,
Franklin County,US.WA.FR,4131,59,
Boone County,US.MO.BO,4131,6,
Washington County,US.OR.WI,4122,56,
Onondaga County,US.NY.OG,4096,180,
Chesapeake City,US.VA.CS,4086,49,
Gloucester County,US.NJ.GL,4082,224,
Champaign County,US.IL.CM,4059,20,
Robeson County,US.NC.RB,4050,66,
Rapides Parish,US.LA.RA,4018,139,
Ellis County,US.TX.EI,3998,62,
Dorchester County,US.SC.DO,3958,88,
Luzerne County,US.PA.LU,3951,189,
Warren County,US.KY.WR,3944,38,
Victoria County,US.TX.VI,3925,86,
Atlantic County,US.NJ.AT,3895,253,
Mohave County,US.AZ.MO,3792,217,
Frederick County,US.MD.FR,3756,128,
Marshall County,US.AL.MS,3741,42,
Arlington County,US.VA.AR,3741,145,
Anderson County,US.SC.AN,3729,147,
Lowndes County,US.GA.LW,3717,74,
Cumberland County,US.NJ.CU,3698,157,
Weber County,US.UT.WB,3691,29,
New Hanover County,US.NC.NE,3679,25,
Harrison County,US.MS.HR,3625,69,
Alexandria City,US.VA.AX,3613,62,
Cabarrus County,US.NC.CR,3604,58,
Municipality of Anchorage,US.AK.AN,3591,27,
Ascension Parish,US.LA.AE,3588,95,
Dauphin County,US.PA.DA,3580,169,
Alamance County,US.NC.AA,3573,48,
Stearns County,US.MN.SR,3571,23,
Livingston Parish,US.LA.LV,3566,71,
Coconino County,US.AZ.CO,3553,132,
Forsyth County,US.GA.FO,3545,40,
Columbia County,US.FL.CU,3540,44,
Walker County,US.TX.WK,3537,53,
Maverick County,US.TX.MV,3535,102,
Linn County,US.IA.LI,3519,100,
Terrebonne Parish,US.LA.TR,3519,106,
Columbia County,US.GA.CI,3498,56,
Smith County,US.TX.SM,3484,85,
Jefferson County,US.MO.JE,3466,47,
Lafourche Parish,US.LA.LO,3447,118,
Midland County,US.TX.ID,3441,57,
Washington County,US.MN.WH,3407,55,
Apache County,US.AZ.AP,3386,158,
Douglas County,US.GA.DL,3358,69,
Glynn County,US.GA.GY,3331,85,
Placer County,US.CA.PA,3325,39,
Jackson County,US.MS.JC,3297,66,
San Luis Obispo County,US.CA.SS,3278,26,
Starr County,US.TX.SR,3278,146,
San Juan County,US.NM.SJ,3233,194,
St. Landry Parish,US.LA.SL,3232,120,
Etowah County,US.AL.ET,3217,44,
Wilson County,US.TN.WO,3210,37,
Washtenaw County,US.MI.WS,3209,114,
Sebastian County,US.AR.SB,3192,41,
Sarpy County,US.NE.SY,3179,15,
Kenosha County,US.WI.KN,3150,65,
Madison County,US.MS.MD,3136,85,
Jasper County,US.MO.JS,3135,40,
Story County,US.IA.ST,3124,17,
Calhoun County,US.AL.CN,3110,38,
Morgan County,US.AL.MG,3094,25,
Rankin County,US.MS.RA,3075,72,
Dougherty County,US.GA.DH,3074,182,
Vanderburgh County,US.IN.VA,3058,24,
Rowan County,US.NC.RW,3054,79,
Marion County,US.OH.MR,3040,46,
Wayne County,US.NC.WY,3032,62,
Sumter County,US.SC.SU,3032,74,
Dona Ana County,US.NM.DO,3031,51,
Washington County,US.UT.WN,3003,24,
Orangeburg County,US.SC.OR,2991,120,
Indian River County,US.FL.IN,2990,106,
Mahoning County,US.OH.MH,2960,274,
Ector County,US.TX.EC,2955,74,
Ottawa County,US.MI.OT,2951,65,
Peoria County,US.IL.PI,2948,44,
Bossier Parish,US.LA.BO,2942,102,
McLean County,US.IL.ML,2931,18,
Albany County,US.NY.AB,2921,123,
Kaufman County,US.TX.KU,2915,44,
Houston County,US.GA.HO,2900,74,
Hernando County,US.FL.HA,2894,105,
Acadia Parish,US.LA.AD,2891,94,
Charlotte County,US.FL.CH,2877,122,
Umatilla County,US.OR.UM,2867,41,
Iberia Parish,US.LA.II,2847,89,
Boulder County,US.CO.BO,2844,79,
Catawba County,US.NC.CB,2842,48,
Harford County,US.MD.HA,2834,75,
Montgomery County,US.TN.MT,2826,40,
Kent County,US.DE.KE,2802,113,
Saginaw County,US.MI.SG,2801,136,
Outagamie County,US.WI.OU,2791,24,
Santa Cruz County,US.AZ.SA,2785,61,
Anderson County,US.TX.AE,2762,24,
Buncombe County,US.NC.BO,2760,72,
Warren County,US.OH.WR,2748,46,
Putnam County,US.TN.PU,2741,36,
Bradley County,US.TN.BR,2740,16,
Floyd County,US.GA.FL,2707,39,
Troup County,US.GA.TP,2701,93,
Yolo County,US.CA.YO,2689,53,
Bartow County,US.GA.BT,2685,77,
Burleigh County,US.ND.BL,2685,26,
Johnson County,US.TX.JH,2663,48,
Grant County,US.WA.GN,2663,18,
Bulloch County,US.GA.BH,2659,24,
Ingham County,US.MI.IH,2655,43,
Rock Island County,US.IL.RO,2632,68,
Jackson County,US.FL.JA,2618,73,
Pickens County,US.SC.PI,2617,39,
Stark County,US.OH.ST,2606,158,
Pickaway County,US.OH.PC,2606,44,
Gadsden County,US.FL.GA,2605,44,
Hendricks County,US.IN.HD,2595,136,
Paulding County,US.GA.PA,2594,46,
Dallas County,US.IA.DL,2594,38,
Butte County,US.CA.BU,2592,28,
Charles County,US.MD.CH,2591,95,
Randolph County,US.NC.RA,2590,49,
Newport News City,US.VA.NN,2586,28,
Iredell County,US.NC.IR,2558,25,
Jefferson County,US.AR.JE,2555,55,
Suwannee County,US.FL.SW,2546,65,
Comal County,US.TX.OM,2545,102,
Kankakee County,US.IL.KK,2540,72,
Ford County,US.KS.FO,2534,10,
Houston County,US.AL.HO,2530,20,
Carroll County,US.GA.CL,2530,63,
Scott County,US.IA.SC,2526,25,
Orange County,US.NC.OR,2526,54,
Aiken County,US.SC.AI,2525,76,
Yellowstone County,US.MT.YS,2518,52,
Shawnee County,US.KS.SN,2496,27,
Citrus County,US.FL.CI,2477,73,
Lee County,US.MS.LE,2472,64,
Davidson County,US.NC.DD,2452,33,
Newton County,US.GA.NE,2451,76,
Elmore County,US.AL.EL,2449,47,
Sevier County,US.TN.SV,2440,13,
Clark County,US.WA.CR,2437,60,
Yavapai County,US.AZ.YA,2427,80,
Randall County,US.TX.RA,2426,35,
Coweta County,US.GA.CA,2412,40,
Dubuque County,US.IA.DU,2395,37,
Portsmouth City,US.VA.PR,2391,45,
Madison County,US.TN.MD,2390,54,
Craighead County,US.AR.CG,2389,16,
Kootenai County,US.ID.KO,2375,32,
Oneida County,US.NY.OD,2348,120,
Cache County,US.UT.CA,2346,6,
Blount County,US.TN.BO,2344,21,
Kalamazoo County,US.MI.KA,2326,91,
Lackawanna County,US.PA.LC,2321,215,
Jones County,US.MS.JO,2298,76,
DeKalb County,US.AL.DA,2284,18,
Forrest County,US.MS.FO,2281,68,
Scott County,US.MN.SC,2279,32,
Cumberland County,US.ME.CU,2257,70,
Johnson County,US.IN.JO,2248,131,
Bonneville County,US.ID.BV,2230,14,
Douglas County,US.CO.DU,2222,60,
Ulster County,US.NY.UL,2219,83,
Lorain County,US.OH.LR,2211,85,
Larimer County,US.CO.LR,2204,46,
Olmsted County,US.MN.OL,2187,26,
Harrisonburg City,US.VA.HS,2184,34,
Clackamas County,US.OR.CC,2168,59,
Liberty County,US.TX.LT,2161,46,
Walker County,US.AL.WK,2159,80,
Tom Green County,US.TX.TG,2145,61,
St. Clair County,US.AL.SA,2132,34,
Washington County,US.MS.WS,2126,71,
Duplin County,US.NC.DP,2121,52,
Walworth County,US.WI.WL,2116,32,
Sangamon County,US.IL.SM,2115,42,
Sumter County,US.FL.SM,2107,60,
Robertson County,US.TN.RB,2091,32,
Dakota County,US.NE.DK,2085,43,
Maury County,US.TN.MU,2072,20,
Angelina County,US.TX.AG,2072,77,
Santa Cruz County,US.CA.SZ,2065,7,
Greenwood County,US.SC.GW,2060,66,
St. Martin Parish,US.LA.SR,2042,59,
Rock County,US.WI.RO,2038,29,
Monroe County,US.IN.MR,2031,40,
Faulkner County,US.AR.FA,2031,12,
Hendry County,US.FL.HR,2023,41,
Winnebago County,US.WI.WA,2019,22,
Clark County,US.IN.CK,2019,60,
Kanawha County,US.WV.KA,2019,56,
Spotsylvania County,US.VA.SP,2014,39,
Gregg County,US.TX.GE,2012,59,
Washington County,US.TN.WI,2007,25,
Highlands County,US.FL.HG,2005,78,
Tippecanoe County,US.IN.TP,2001,14,
Westmoreland County,US.PA.WE,1985,49,
Delaware County,US.OH.DL,1985,20,
Vermilion Parish,US.LA.VM,1985,55,
Barrow County,US.GA.BW,1979,43,
Washington County,US.WI.WN,1973,32,
Wilson County,US.NC.WO,1968,44,
Burke County,US.NC.BK,1967,33,
Talladega County,US.AL.TD,1966,25,
Nash County,US.NC.NA,1965,31,
Putnam County,US.FL.PU,1964,38,
Finney County,US.KS.FI,1963,12,
Lafayette County,US.MS.LY,1958,39,
Val Verde County,US.TX.VL,1957,92,
Sullivan County,US.TN.SL,1956,31,
Lauderdale County,US.MS.LU,1952,119,
Porter County,US.IN.PR,1951,45,
Nassau County,US.FL.NA,1948,31,
Pope County,US.AR.PP,1947,24,
Fairfield County,US.OH.FI,1941,44,
Guadalupe County,US.TX.GU,1941,76,
Lancaster County,US.SC.LN,1935,44,
Grand Forks County,US.ND.GD,1934,12,
Baldwin County,US.GA.BD,1923,55,
Hall County,US.NE.HL,1922,47,
Rockingham County,US.NH.RO,1922,101,
Cass County,US.IN.CS,1914,10,
Barnstable County,US.MA.BA,1913,170,
Coffee County,US.GA.CF,1913,41,
Twin Falls County,US.ID.TW,1911,35,
Nobles County,US.MN.NB,1906,15,
Buena Vista County,US.IA.BV,1898,12,
Columbiana County,US.OH.CL,1897,71,
Douglas County,US.KS.DG,1895,10,
Colquitt County,US.GA.CQ,1878,32,
Kenton County,US.KY.KE,1877,44,
Harnett County,US.NC.HT,1875,49,
Leavenworth County,US.KS.LV,1870,9,
Stafford County,US.VA.SF,1869,13,
Limestone County,US.AL.LI,1867,19,
Manassas City,US.VA.MS,1864,24,
Carroll County,US.MD.CR,1863,123,
Cochise County,US.AZ.CH,1860,67,
Darlington County,US.SC.DA,1847,48,
Cleveland County,US.NC.CV,1844,54,
Saline County,US.AR.SL,1842,17,
Suffolk City,US.VA.SO,1842,63,
Lebanon County,US.PA.LB,1838,58,
St. Mary Parish,US.LA.SM,1836,75,
Henderson County,US.NC.HN,1833,60,
Walton County,US.FL.WL,1830,22,
Pottawattamie County,US.IA.PT,1828,36,
Georgetown County,US.SC.GR,1823,43,
Orange County,US.TX.OR,1822,39,
Kendall County,US.IL.KA,1818,25,
Trumbull County,US.OH.TR,1817,127,
Bee County,US.TX.BE,1814,27,
Pennington County,US.SD.PN,1814,33,
Chelan County,US.WA.CH,1809,13,
Crittenden County,US.AR.CD,1802,37,
Payne County,US.OK.PY,1801,5,
La Crosse County,US.WI.LA,1799,2,
Litchfield County,US.CT.LI,1793,140,
Licking County,US.OH.LI,1792,59,
Hot Spring County,US.AR.HT,1787,23,
Monroe County,US.FL.MO,1787,20,
Lincoln County,US.AR.LC,1785,13,
Beaver County,US.PA.BA,1783,109,
Wicomico County,US.MD.WI,1778,48,
Cullman County,US.AL.CU,1775,17,
Hamblen County,US.TN.HB,1771,22,
Kershaw County,US.SC.KE,1767,36,
Coryell County,US.TX.CL,1767,11,
Rockdale County,US.GA.RO,1760,32,
Monroe County,US.PA.MR,1759,129,
Hale County,US.TX.HE,1753,49,
Canadian County,US.OK.CN,1752,13,
Delaware County,US.IN.DL,1752,60,
Jackson County,US.GA.JC,1748,28,
Kent County,US.RI.KE,1746,104,
Parker County,US.TX.PR,1742,29,
Marshall County,US.IA.MS,1741,32,
Berrien County,US.MI.BN,1740,72,
St. Charles Parish,US.LA.SC,1735,58,
Hampton city,US.VA.HM,1723,17,
Dallas County,US.AL.DL,1721,26,
Stanly County,US.NC.SN,1720,52,
Monongalia County,US.WV.MG,1715,5,
Bolivar County,US.MS.BO,1708,60,
Onslow County,US.NC.ON,1707,18,
Sampson County,US.NC.SP,1701,22,
Oktibbeha County,US.MS.OK,1694,47,
Franklin County,US.AL.FR,1693,28,
Bastrop County,US.TX.BP,1691,28,
Niagara County,US.NY.NI,1689,89,
Gordon County,US.GA.GO,1686,35,
Cumberland County,US.PA.CU,1685,73,
St. Francois County,US.MO.SF,1684,7,
Russell County,US.AL.RU,1682,2,
Fayette County,US.GA.FY,1681,45,
Walton County,US.GA.WA,1681,51,
New London County,US.CT.NL,1677,111,
East Feliciana Parish,US.LA.EF,1675,60,
Vigo County,US.IN.VI,1672,21,
Franklin County,US.PA.FR,1658,49,
Clark County,US.OH.CK,1653,36,
Granville County,US.NC.GN,1646,48,
Tipton County,US.TN.TI,1642,17,
Trousdale County,US.TN.TR,1641,7,
Tift County,US.GA.TI,1638,54,
Garland County,US.AR.GL,1630,37,
Clay County,US.MO.CY,1624,39,
Sutter County,US.CA.SU,1599,10,
Muskogee County,US.OK.MO,1593,19,
Autauga County,US.AL.AU,1585,24,
Chattahoochee County,US.GA.CH,1584,2,
Grayson County,US.TX.GO,1577,33,
Chatham County,US.NC.CH,1572,57,
Flagler County,US.FL.FL,1571,19,
Napa County,US.CA.NA,1570,13,
Washington Parish,US.LA.WO,1570,62,
Lauderdale County,US.AL.LU,1565,31,
Putnam County,US.NY.PU,1561,63,
Laurens County,US.SC.LU,1560,54,
St. John the Baptist Parish,US.LA.SO,1560,97,
Buchanan County,US.MO.BC,1559,13,
Sullivan County,US.NY.SL,1557,37,
Wood County,US.OH.WO,1553,65,
Colbert County,US.AL.CL,1550,24,
Rogers County,US.OK.RS,1546,46,
Lamar County,US.MS.LM,1536,33,
DeSoto County,US.FL.DE,1536,23,
Lee County,US.NC.LE,1533,13,
Escambia County,US.AL.ES,1527,23,
Middlesex County,US.CT.MI,1524,193,
Caldwell County,US.NC.CL,1522,17,
Hunt County,US.TX.HT,1519,33,
Clermont County,US.OH.CE,1518,18,
Lake County,US.OH.LK,1516,46,
Allen Parish,US.LA.AL,1514,45,
Madison County,US.IN.MD,1513,85,
LaSalle County,US.IL.LA,1508,54,
Blue Earth County,US.MN.BE,1507,6,
Mississippi County,US.AR.MS,1506,37,
Washington County,US.MD.WA,1506,35,
Laurens County,US.GA.LR,1502,56,
Wichita County,US.TX.WC,1498,19,
Neshoba County,US.MS.NS,1497,102,
Montgomery County,US.VA.MO,1487,4,
Brunswick County,US.NC.BS,1482,26,
Seward County,US.KS.SW,1479,5,
Wayne County,US.TN.WY,1477,4,
Hardeman County,US.TN.HA,1470,25,
Moore County,US.NC.ME,1470,22,
Cherokee County,US.TX.CK,1467,24,
Fond du Lac County,US.WI.FN,1467,12,
Nacogdoches County,US.TX.NC,1465,58,
Blount County,US.AL.BU,1464,13,
Wright County,US.MN.WR,1447,7,
Rockwall County,US.TX.RC,1446,24,
Habersham County,US.GA.HB,1444,63,
Monroe County,US.MI.MO,1438,29,
Thomas County,US.GA.TH,1433,58,
Sussex County,US.NJ.SU,1428,198,
Avoyelles Parish,US.LA.AV,1426,49,
Warren County,US.NJ.WA,1424,171,
Boone County,US.KY.BO,1423,25,
Erie County,US.PA.ER,1423,37,
Jackson County,US.AL.JA,1422,10,
Malheur County,US.OR.ML,1420,22,
Broome County,US.NY.BO,1420,85,
Muskegon County,US.MI.MG,1418,69,
Ware County,US.GA.WE,1417,49,
Dodge County,US.WI.DD,1417,8,
Caldwell County,US.TX.CW,1412,34,
Titus County,US.TX.TU,1410,28,
Chilton County,US.AL.CI,1409,18,
Madison County,US.KY.MD,1406,4,
Taylor County,US.TX.TA,1405,44,
Tazewell County,US.IL.TA,1397,12,
Iberville Parish,US.LA.IV,1396,58,
Roanoke city,US.VA.RO,1391,15,
St. Francis County,US.AR.SI,1388,4,
Jim Wells County,US.TX.JW,1384,31,
Comanche County,US.OK.CM,1384,12,
San Patricio County,US.TX.SP,1384,64,
Gibson County,US.TN.GB,1379,19,
Riley County,US.KS.RL,1374,8,
Medina County,US.OH.MD,1373,38,
Panola County,US.MS.PA,1367,26,
Lowndes County,US.MS.LO,1365,56,
Lincoln County,US.NC.LI,1360,14,
Schenectady County,US.NY.SN,1357,46,
Warren County,US.MS.WR,1354,48,
Franklin County,US.MO.FR,1347,23,
Polk County,US.GA.PO,1339,17,
Sunflower County,US.MS.SU,1338,42,
St. Bernard Parish,US.LA.SE,1335,28,
Okeechobee County,US.FL.OE,1335,21,
Garfield County,US.OK.GF,1333,17,
Baker County,US.FL.BK,1330,7,
LaPorte County,US.IN.LA,1328,37,
Wagoner County,US.OK.WG,1327,23,
DeKalb County,US.IL.DK,1323,36,
Leflore County,US.MS.LL,1322,79,
Texas County,US.OK.TE,1321,8,
Cape Girardeau County,US.MO.CG,1316,9,
Walker County,US.GA.WK,1313,26,
Allen County,US.OH.AN,1313,61,
Effingham County,US.GA.EF,1309,21,
Hampshire County,US.MA.HS,1301,141,
Sandoval County,US.NM.SD,1292,38,
Oconee County,US.SC.OC,1281,24,
Rockingham County,US.VA.RG,1278,20,
Wharton County,US.TX.WN,1278,48,
Williamsburg County,US.SC.WI,1277,39,
Carver County,US.MN.CV,1274,7,
Livingston County,US.MI.LI,1272,29,
Cass County,US.MO.CS,1270,16,
Tolland County,US.CT.TO,1270,65,
Evangeline Parish,US.LA.EV,1265,30,
Lea County,US.NM.LE,1264,19,
Hunterdon County,US.NJ.HN,1264,125,
Rice County,US.MN.RI,1264,8,
Dale County,US.AL.DE,1261,42,
Columbus County,US.NC.CM,1260,52,
Miami County,US.OH.MM,1259,48,
Eau Claire County,US.WI.EA,1259,6,
Hardin County,US.TX.HN,1258,27,
Covington County,US.AL.CV,1256,27,
Spalding County,US.GA.SD,1251,54,
Coles County,US.IL.CE,1248,26,
Floyd County,US.IN.FL,1247,63,
Taylor County,US.FL.TA,1247,11,
Sheboygan County,US.WI.SE,1243,11,
Surry County,US.NC.SU,1242,20,
Bedford County,US.TN.BD,1241,14,
San Benito County,US.CA.SI,1240,10,
Howard County,US.IN.HO,1239,65,
Mower County,US.MN.MW,1238,4,
Centre County,US.PA.CT,1237,11,
Hardee County,US.FL.HD,1235,9,
Macon County,US.IL.MC,1229,32,
Coffee County,US.AL.CF,1226,7,
Greene County,US.OH.GR,1224,25,
Toombs County,US.GA.TM,1222,39,
Chambers County,US.TX.CH,1220,8,
Lafayette County,US.FL.LF,1220,10,
Newton County,US.MO.NT,1218,14,
Cole County,US.MO.CE,1218,7,
Washington County,US.PA.WS,1210,28,
Eagle County,US.CO.EA,1210,9,
Whatcom County,US.WA.WA,1204,40,
Yell County,US.AR.YE,1202,26,
Jefferson Davis Parish,US.LA.JD,1200,38,
St. Mary's County,US.MD.SA,1197,57,
Wapello County,US.IA.WP,1193,56,
Lynchburg city,US.VA.LY,1192,7,
Pike County,US.MS.PI,1185,48,
Navarro County,US.TX.NV,1185,23,
Williamson County,US.IL.WS,1183,27,
Sevier County,US.AR.SV,1183,16,
Willacy County,US.TX.WY,1180,46,
Bowie County,US.TX.BW,1177,46,
Edgecombe County,US.NC.ED,1175,30,
Grant County,US.IN.GA,1171,35,
Douglas County,US.WA.DO,1170,9,
Kosciusko County,US.IN.KO,1169,19,
Pontotoc County,US.MS.PO,1168,15,
Gila County,US.AZ.GI,1168,51,
Culpeper County,US.VA.CP,1163,14,
Franklin Parish,US.LA.FR,1163,35,
Camden County,US.GA.CD,1163,7,
Accomack County,US.VA.AC,1161,19,
St. Louis County,US.MN.ST,1161,28,
McCurtain County,US.OK.MU,1160,32,
Jackson County,US.IL.JC,1159,24,
Gallatin County,US.MT.GL,1153,3,
Calhoun County,US.MI.CU,1153,44,
Dyer County,US.TN.DY,1152,12,
Franklin County,US.NC.FR,1151,30,
Webster County,US.IA.WE,1148,14,
Webster Parish,US.LA.WR,1147,21,
Craven County,US.NC.CN,1147,29,
Medina County,US.TX.ME,1147,39,
Monroe County,US.MS.MR,1146,65,
Daviess County,US.KY.DA,1146,12,
Clay County,US.MN.CA,1142,40,
Scott County,US.MS.SC,1141,24,
Albemarle County,US.VA.AB,1140,19,
Bartholomew County,US.IN.BA,1140,60,
Copiah County,US.MS.CP,1137,33,
Moore County,US.TX.MO,1137,19,
Dickson County,US.TN.DI,1131,12,
Hanover County,US.VA.HV,1124,35,
Chesterfield County,US.SC.CF,1123,31,
Shelby County,US.IN.SH,1120,37,
Wilkes County,US.NC.WE,1117,28,
Pike County,US.AL.PK,1116,9,
Stark County,US.ND.SR,1115,6,
Tallapoosa County,US.AL.TP,1114,84,
Crawford County,US.AR.CW,1108,11,
Kitsap County,US.WA.KS,1104,11,
Hardin County,US.KY.HN,1102,10,
Sioux County,US.IA.SI,1099,3,
Chambers County,US.AL.CM,1097,42,
Ozaukee County,US.WI.OZ,1093,18,
Lincoln County,US.SD.LI,1087,2,
Yuba County,US.CA.YU,1085,7,
Newberry County,US.SC.NE,1078,16,
Holmes County,US.MS.HO,1075,57,
Rockingham County,US.NC.RC,1074,13,
Coahoma County,US.MS.CH,1073,24,
Jefferson County,US.WI.JE,1072,7,
Cumberland County,US.TN.CU,1070,12,
Decatur County,US.GA.DC,1066,24,
Wayne County,US.IN.WY,1065,13,
Carter County,US.TN.CT,1065,26,
Pottawatomie County,US.OK.PT,1064,9,
Skagit County,US.WA.SG,1063,22,
Fayette County,US.TN.FA,1063,14,
Grimes County,US.TX.GM,1061,31,
Wayne County,US.GA.WY,1058,27,
Lincoln Parish,US.LA.LN,1057,43,
Rutherford County,US.NC.RU,1057,21,
Taney County,US.MO.TA,1053,22,
Marshall County,US.MS.MS,1052,14,
Henderson County,US.TN.HS,1052,18,
Dawson County,US.NE.DN,1052,12,
Loudon County,US.TN.LO,1049,6,
Washington County,US.FL.WS,1047,18,
El Dorado County,US.CA.EL,1046,3,
Christian County,US.MO.CT,1045,3,
Clarke County,US.AL.CK,1042,16,
Schuylkill County,US.PA.SC,1039,52,
Muscatine County,US.IA.MU,1037,52,
Anderson County,US.TN.AN,1035,10,
Clarendon County,US.SC.CN,1035,66,
Lamar County,US.TX.LR,1033,30,
Weakley County,US.TN.WE,1030,15,
Sherburne County,US.MN.SH,1030,13,
Natchitoches Parish,US.LA.NA,1029,25,
Lincoln County,US.MS.LI,1025,52,
Catoosa County,US.GA.CS,1024,16,
Lee County,US.AR.LE,1024,15,
Wakulla County,US.FL.WK,1023,9,
McDonald County,US.MO.MA,1018,10,
Pointe Coupee Parish,US.LA.PO,1018,40,
Vernon Parish,US.LA.VN,1016,46,
Salem County,US.NJ.SA,1016,89,
Whitman County,US.WA.WI,1015,0,
Grenada County,US.MS.GN,1014,33,
Jefferson County,US.TN.JE,1013,13,
Yazoo County,US.MS.YZ,1012,23,
Greene County,US.TN.GE,1010,30,
Liberty County,US.GA.LB,1009,20,
Portage County,US.OH.PO,1008,65,
Okanogan County,US.WA.OK,1008,9,
Dodge County,US.NE.DE,1007,11,
York County,US.ME.YO,1005,15,
Christian County,US.KY.CH,1004,15,
Clinton County,US.IA.CN,1000,16,
Obion County,US.TN.OB,999,8,
Thurston County,US.WA.TH,996,15,
Simpson County,US.MS.SI,994,40,
Chester County,US.SC.CR,994,19,
Bryan County,US.GA.BY,993,9,
Madison County,US.FL.MD,989,16,
Warrick County,US.IN.WI,989,33,
Vance County,US.NC.VA,987,43,
Montgomery County,US.NC.MO,986,23,
Macon County,US.TN.MC,984,19,
Shelby County,US.KY.SH,983,24,
Hoke County,US.NC.HO,982,13,
Lyon County,US.KS.LY,981,20,
Pueblo County,US.CO.PU,980,34,
Matagorda County,US.TX.MD,980,40,
Chicot County,US.AR.CT,976,16,
Mercer County,US.OH.MC,976,17,
Cherokee County,US.SC.CK,974,34,
Creek County,US.OK.CE,974,28,
Jackson County,US.OR.JA,971,3,
Boone County,US.IL.BO,969,23,
Beauregard Parish,US.LA.BE,969,36,
Cape May County,US.NJ.CP,968,94,
Warren County,US.TN.WR,965,8,
Marshall County,US.IN.MS,965,23,
Levy County,US.FL.LV,964,8,
Appling County,US.GA.AP,964,26,
Saratoga County,US.NY.SR,964,15,
Platte County,US.NE.PL,963,3,
Clinton County,US.IL.CN,961,19,
Colleton County,US.SC.CT,961,40,
St. Clair County,US.MI.SA,961,53,
Coffee County,US.TN.CF,959,9,
Kleberg County,US.TX.KL,957,38,
Henry County,US.VA.HY,957,16,
Chaves County,US.NM.CH,956,7,
Oldham County,US.KY.OL,955,25,
Monroe County,US.TN.MR,955,17,
McMinn County,US.TN.MM,954,24,
Union County,US.MS.UN,952,23,
Boone County,US.IN.BO,952,49,
Portage County,US.WI.PT,949,3,
Worcester County,US.MD.WO,948,26,
Cerro Gordo County,US.IA.CG,942,21,
Butler County,US.PA.BT,938,21,
Bradford County,US.FL.BA,937,6,
DeWitt County,US.TX.DE,937,29,
Brown County,US.SD.BW,931,3,
Morton County,US.ND.MR,930,8,
Lonoke County,US.AR.LO,930,7,
Jackson County,US.MI.JA,928,42,
Plymouth County,US.IA.PM,928,20,
Stephens County,US.GA.SE,927,31,
Halifax County,US.NC.HL,925,17,
Leake County,US.MS.LK,925,33,
Charlottesville City,US.VA.CE,922,24,
Emanuel County,US.GA.EM,921,27,
Summit County,US.UT.SU,919,1,
Cecil County,US.MD.CE,918,31,
Washington County,US.OK.WN,916,40,
Tate County,US.MS.TT,914,36,
Union Parish,US.LA.UN,913,41,
Crawford County,US.IA.CW,911,4,
Independence County,US.AR.IN,911,12,
Reno County,US.KS.RN,911,3,
Bay County,US.MI.BY,911,46,
Dubois County,US.IN.DU,909,18,
Santa Fe County,US.NM.ST,909,4,
Pettis County,US.MO.PS,907,8,
Pittsylvania County,US.VA.PS,906,7,
Sumter County,US.GA.SU,904,60,
Lenoir County,US.NC.LN,903,22,
Warren County,US.IA.WR,903,6,
Butler County,US.AL.BT,900,38,
Dillon County,US.SC.DI,898,28,
Hardin County,US.TN.HI,894,14,
Henderson County,US.TX.HD,892,20,
Marion County,US.AL.MI,892,28,
Marathon County,US.WI.MH,892,14,
Garfield County,US.CO.GA,892,5,
Tuscarawas County,US.OH.TU,892,19,
Hancock County,US.IN.HC,892,45,
Kandiyohi County,US.MN.KD,891,2,
Crawford County,US.KS.CR,891,4,
Johnson County,US.MO.JO,888,4,
Adams County,US.IL.AD,888,10,
Lauderdale County,US.TN.LU,885,14,
Berkeley County,US.WV.BE,884,11,
Fairbanks North Star Borough,US.AK.FA,884,9,
Buffalo County,US.NE.BF,883,4,
Cherokee County,US.OK.CK,881,7,
Wayne County,US.OH.WE,881,65,
Elko County,US.NV.EL,879,7,
Rensselaer County,US.NY.RE,879,42,
Lawrence County,US.TN.LW,876,11,
Calvert County,US.MD.CL,874,28,
West Baton Rouge Parish,US.LA.WB,872,41,
Le Flore County,US.OK.LE,869,16,
Windham County,US.CT.WI,868,15,
Lane County,US.OR.LE,866,14,
Fauquier County,US.VA.FQ,864,21,
Lake County,US.TN.LK,863,2,
Randolph County,US.IL.RA,863,9,
Haywood County,US.TN.HY,863,15,
Wayne County,US.MS.WY,863,21,
McDowell County,US.NC.MW,863,25,
Adams County,US.MS.AD,863,32,
Gulf County,US.FL.GU,861,13,
Marlboro County,US.SC.ML,858,7,
Noble County,US.IN.NO,858,33,
De Soto Parish,US.LA.DE,857,34,
Madison Parish,US.LA.MA,854,8,
Erie County,US.OH.ER,848,43,
Hood County,US.TX.HO,847,25,
Columbia County,US.PA.CO,842,35,
Harrison County,US.TX.HR,840,30,
Deaf Smith County,US.TX.DI,838,20,
Richmond County,US.NC.RI,838,12,
Pender County,US.NC.PD,834,5,
Bledsoe County,US.TN.BE,831,4,
Rusk County,US.TX.RK,831,6,
Scotland County,US.NC.SC,831,12,
Ross County,US.OH.RO,827,19,
Pittsburg County,US.OK.PI,825,19,
Walla Walla County,US.WA.WL,824,5,
Pearl River County,US.MS.PL,823,49,
Marion County,US.MS.MI,823,30,
Gonzales County,US.TX.GA,822,14,
Chittenden County,US.VT.CH,818,39,
Frederick County,US.VA.FK,815,11,
Waupaca County,US.WI.WP,815,19,
Polk County,US.TX.PK,811,21,
Sabine Parish,US.LA.SB,809,13,
Lumpkin County,US.GA.LP,809,12,
Northumberland County,US.PA.NU,806,44,
Butler County,US.KS.BU,803,4,
Mendocino County,US.CA.MI,802,18,
Johnson County,US.AR.JO,801,4,
Union County,US.AR.UN,801,25,
Barbour County,US.AL.BR,801,7,
James City County,US.VA.JA,799,18,
Bladen County,US.NC.BL,799,11,
Union County,US.FL.UN,795,7,
Dixie County,US.FL.DI,792,5,
Shenandoah County,US.VA.SN,790,51,
Logan County,US.CO.LO,789,5,
Beaufort County,US.NC.BA,788,10,
Gilmer County,US.GA.GI,784,10,
Waller County,US.TX.WR,784,11,
Campbell County,US.KY.CM,783,16,
Big Horn County,US.MT.BI,782,21,
Franklin County,US.TN.FR,781,7,
St. James Parish,US.LA.SJ,780,38,
Covington County,US.MS.CV,776,19,
Graham County,US.AZ.GA,774,24,
Payette County,US.ID.PA,773,4,
Marion County,US.SC.MI,772,20,
Tooele County,US.UT.TE,770,0,
Harris County,US.GA.HI,764,21,
Adams County,US.WA.AD,763,9,
Hamilton County,US.FL.HM,763,7,
Carroll County,US.TN.CR,762,15,
Cheatham County,US.TN.CA,761,10,
Roane County,US.TN.RA,760,4,
Erath County,US.TX.ER,760,11,
Bannock County,US.ID.BO,759,4,
Murray County,US.GA.MA,758,5,
Mitchell County,US.GA.MT,756,45,
Danville City,US.VA.DA,756,20,
Dawson County,US.GA.DW,755,6,
Karnes County,US.TX.KS,752,16,
Scott County,US.MO.ST,752,15,
Richland County,US.OH.RI,752,18,
Effingham County,US.IL.EF,751,1,
Lenawee County,US.MI.LN,749,14,
Jefferson County,US.GA.JR,749,21,
Madison County,US.OH.MO,748,11,
Tattnall County,US.GA.TT,748,9,
Fayette County,US.PA.FA,747,7,
Ward County,US.ND.WR,745,3,
Colfax County,US.NE.CO,744,5,
Jasper County,US.SC.JA,743,19,
Prentiss County,US.MS.PN,742,17,
Bryan County,US.OK.BR,742,4,
Adams County,US.PA.AD,742,25,
Uvalde County,US.TX.UV,740,29,
Greensville County,US.VA.GS,739,11,
Bullitt County,US.KY.BI,739,8,
Richland Parish,US.LA.RI,738,10,
Washington County,US.RI.WA,733,65,
Osage County,US.OK.OS,733,13,
Newton County,US.MS.NW,732,22,
Madison County,US.NE.MA,732,5,
Rhea County,US.TN.RH,732,8,
Alcorn County,US.MS.AL,732,9,
Flathead County,US.MT.FL,731,13,
Grady County,US.GA.GD,730,19,
Assumption Parish,US.LA.AS,729,23,
McNairy County,US.TN.MA,729,15,
George County,US.MS.GR,729,13,
Burke County,US.GA.BE,728,9,
Lassen County,US.CA.LS,727,0,
Jackson County,US.IN.JC,726,10,
Deschutes County,US.OR.DE,726,12,
Darke County,US.OH.DA,726,37,
Morgan County,US.CO.MN,725,48,
Berkshire County,US.MA.BE,725,47,
St. Croix County,US.WI.SI,725,7,
Ellis County,US.KS.EL,725,3,
Curry County,US.NM.CU,724,5,
Sauk County,US.WI.SU,724,3,
Ottawa County,US.OK.OT,724,4,
Miller County,US.AR.ML,722,10,
Okmulgee County,US.OK.OM,719,5,
Greene County,US.AR.GE,718,7,
Henry County,US.IN.HY,718,24,
Upson County,US.GA.UP,717,59,
Winston County,US.MS.WN,717,19,
Hawkins County,US.TN.HW,716,14,
Fairfield County,US.SC.FA,716,32,
Grady County,US.OK.GD,714,7,
Cocke County,US.TN.CE,712,9,
Camden County,US.MO.CM,712,9,
St. Joseph County,US.MI.SJ,711,11,
Manitowoc County,US.WI.MW,711,2,
Van Buren County,US.MI.VA,710,17,
Roanoke County,US.VA.RE,710,5,
Yamhill County,US.OR.YA,709,14,
Madison County,US.TX.AD,709,5,
Sequoyah County,US.OK.SQ,708,9,
Holmes County,US.FL.HO,707,5,
Morehouse Parish,US.LA.MO,704,19,
Tallahatchie County,US.MS.TL,703,16,
Allegan County,US.MI.AL,702,7,
Belmont County,US.OH.BE,702,27,
Ben Hill County,US.GA.BL,702,18,
Muhlenberg County,US.KY.MU,701,12,
Lavaca County,US.TX.LA,701,32,
Calumet County,US.WI.CA,700,2,
Laurel County,US.KY.LU,699,5,
McClain County,US.OK.ML,698,6,
Iron County,US.UT.RN,696,2,
White County,US.TN.WH,694,8,
Marengo County,US.AL.ME,693,19,
Itawamba County,US.MS.IT,692,20,
Pulaski County,US.KY.PU,691,9,
Petersburg city,US.VA.PB,691,23,
Graves County,US.KY.GV,691,29,
Scott County,US.KY.SC,689,8,
Wise County,US.TX.WE,689,13,
Jerome County,US.ID.JR,689,6,
Lee County,US.SC.LE,687,32,
Geauga County,US.OH.GE,687,46,
Yadkin County,US.NC.YD,687,7,
Des Moines County,US.IA.DS,686,6,
Jasper County,US.IA.JS,685,31,
Prince George County,US.VA.PG,685,2,
San Juan County,US.UT.SJ,682,29,
Jeff Davis County,US.GA.JF,680,15,
Chattooga County,US.GA.CG,680,7,
Burnet County,US.TX.BT,680,12,
Winona County,US.MN.WN,679,17,
Morgan County,US.IN.MG,678,39,
Lincoln County,US.MO.LO,675,2,
Lee County,US.GA.LE,673,25,
Tama County,US.IA.TM,671,30,
Wasatch County,US.UT.WA,671,7,
Marinette County,US.WI.MT,670,7,
Williams County,US.ND.WI,669,5,
Radford city,US.VA.RD,669,0,
Winston County,US.AL.WN,668,12,
Saline County,US.NE.SL,668,2,
Oconee County,US.GA.OC,666,24,
Beadle County,US.SD.BA,665,9,
Buckingham County,US.VA.BK,665,8,
Frio County,US.TX.FO,664,8,
Plaquemines Parish,US.LA.PL,663,19,
Bedford County,US.VA.BF,662,9,
Saluda County,US.SC.SA,661,20,
Marion County,US.IA.MI,660,3,
Franklin County,US.GA.FR,659,11,
Putnam County,US.GA.PT,659,23,
White County,US.GA.WH,659,17,
Cabell County,US.WV.CB,658,8,
Marshall County,US.TN.MS,657,4,
Mercer County,US.PA.ME,656,13,
Androscoggin County,US.ME.AN,653,10,
Isle of Wight County,US.VA.IS,652,12,
West Feliciana Parish,US.LA.WF,652,24,
Jackson County,US.OK.JA,650,9,
Caddo County,US.OK.CD,646,20,
White County,US.AR.WH,643,14,
Dunklin County,US.MO.DU,641,6,
Fannin County,US.TX.FI,641,12,
Hertford County,US.NC.HD,641,24,
Delaware County,US.OK.DL,638,23,
Washington County,US.GA.WG,638,7,
Whiteside County,US.IL.WD,638,19,
Lowndes County,US.AL.LO,635,27,
Mecklenburg County,US.VA.ME,635,33,
Ashtabula County,US.OH.AB,634,47,
Fremont County,US.WY.FR,630,14,
Pasquotank County,US.NC.PU,630,26,
Smith County,US.TN.SH,630,10,
LaGrange County,US.IN.LG,629,11,
Tishomingo County,US.MS.TS,629,34,
Monroe County,US.GA.MN,628,45,
Eddy County,US.NM.ED,625,5,
Laramie County,US.WY.LA,624,4,
Chickasaw County,US.MS.CS,624,24,
Peach County,US.GA.PH,623,19,
Saline County,US.MO.SI,622,9,
Madison County,US.GA.MD,619,8,
Attala County,US.MS.AT,619,25,
Calhoun County,US.TX.CU,618,7,
McCracken County,US.KY.MK,618,6,
Isabella County,US.MI.IB,616,10,
Hancock County,US.OH.HN,615,7,
Atascosa County,US.TX.AT,615,30,
Dearborn County,US.IN.DR,615,30,
Blaine County,US.ID.BL,614,6,
Pickens County,US.AL.PC,613,13,
Queen Anne's County,US.MD.QU,612,26,
Shasta County,US.CA.SH,612,12,
Tippah County,US.MS.TP,611,16,
Bibb County,US.AL.BI,610,9,
Caroline County,US.MD.CO,609,3,
Butts County,US.GA.BU,609,41,
Overton County,US.TN.OV,607,3,
Marion County,US.MO.MO,604,7,
Lyon County,US.MN.LY,603,4,
Grant County,US.WI.GA,603,19,
Union County,US.GA.UN,603,17,
Brookings County,US.SD.BK,600,1,
Calhoun County,US.FL.CA,599,9,
Cassia County,US.ID.CS,599,5,
Charlton County,US.GA.CT,597,6,
Hale County,US.AL.HA,595,28,
Manassas Park city,US.VA.MP,595,8,
Bingham County,US.ID.BG,594,10,
Washington County,US.TX.WH,594,47,
Hawaii County,US.HI.HA,594,3,
Daviess County,US.IN.DI,593,28,
Morgan County,US.IL.MG,592,21,
Winn Parish,US.LA.WI,592,18,
Codington County,US.SD.CD,591,2,
Clinton County,US.MI.CN,589,13,
Clinton County,US.IN.CI,589,15,
Lycoming County,US.PA.LY,588,23,
Barnwell County,US.SC.BN,587,17,
Grundy County,US.IL.GU,586,5,
Barren County,US.KY.BN,585,13,
Minidoka County,US.ID.MI,584,7,
Jackson Parish,US.LA.JA,584,23,
Bamberg County,US.SC.BM,584,33,
Saline County,US.KS.SA,583,9,
Hampton County,US.SC.HA,583,25,
Carteret County,US.NC.CE,583,5,
Monroe County,US.IL.MR,581,15,
Franklin County,US.FL.FR,581,3,
Henry County,US.IL.HY,580,4,
Bullock County,US.AL.BL,580,14,
Wood County,US.WI.WO,579,3,
Walthall County,US.MS.WT,579,24,
Columbia County,US.NY.CU,577,47,
Cowlitz County,US.WA.CW,577,6,
Platte County,US.MO.PT,576,10,
Eaton County,US.MI.EA,576,10,
Nodaway County,US.MO.NO,576,1,
Henderson County,US.KY.HE,575,3,
Scurry County,US.TX.SU,574,2,
Ogle County,US.IL.OG,574,5,
Randolph County,US.AL.RA,572,12,
Pickens County,US.GA.PE,571,8,
Broomfield County and City,US.CO.BR,571,33,
Monroe County,US.AL.MR,571,9,
Lapeer County,US.MI.LP,570,37,
Poinsett County,US.AR.PN,569,7,
Hopkins County,US.KY.HO,568,37,
Wilson County,US.TX.WS,566,26,
Franklin County,US.KY.FR,566,11,
Pierce County,US.GA.PR,565,15,
Macon County,US.NC.MN,564,2,
Jones County,US.TX.JN,562,0,
Johnson County,US.TN.JO,561,2,
Bacon County,US.GA.BC,561,10,
Henry County,US.TN.HR,560,8,
Oconto County,US.WI.OC,559,4,
McDuffie County,US.GA.MU,559,13,
Elbert County,US.GA.EL,559,2,
Haywood County,US.NC.HW,557,31,
Carroll County,US.IA.CL,556,5,
Lawrence County,US.AL.LW,556,12,
Pike County,US.PA.PI,555,21,
Carroll County,US.AR.CL,555,9,
Lee County,US.IA.LE,551,6,
Branch County,US.MI.BC,548,4,
Fannin County,US.GA.FN,548,9,
Clay County,US.MS.CY,547,16,
Logan County,US.WV.LO,547,36,
Lawrence County,US.OH.LW,544,18,
Sandusky County,US.OH.SA,544,20,
Matanuska-Susitna Borough,US.AK.MA,544,2,
Wright County,US.IA.WG,540,1,
Hancock County,US.MS.HN,540,20,
Van Zandt County,US.TX.VN,540,18,
Noxubee County,US.MS.NO,539,15,
Jessamine County,US.KY.JS,539,0,
Washington County,US.AL.WS,539,13,
Perry County,US.AL.PE,538,5,
East Carroll Parish,US.LA.EC,538,4,
Harrison County,US.IN.HI,536,26,
Merrimack County,US.NH.ME,535,23,
Cherokee County,US.NC.CO,535,6,
Jefferson County,US.FL.JE,534,8,
Indiana County,US.PA.IN,534,11,
Cook County,US.GA.CO,533,12,
Boone County,US.AR.BO,533,5,
Valencia County,US.NM.VA,532,4,
Blair County,US.PA.BL,532,13,
Athens County,US.OH.AS,532,2,
Watauga County,US.NC.WT,531,0,
Dorchester County,US.MD.DO,530,9,
Adair County,US.OK.AD,530,10,
Prince Edward County,US.VA.PD,530,12,
Wilcox County,US.AL.WC,529,11,
Glenn County,US.CA.GL,529,3,
Lincoln County,US.TN.LI,528,1,
Giles County,US.TN.GL,528,17,
Knox County,US.IL.KX,527,3,
Perry County,US.MO.PR,527,4,
La Paz County,US.AZ.LA,526,15,
Jasper County,US.MS.JS,526,13,
Callaway County,US.MO.CA,526,2,
Cambria County,US.PA.CI,525,7,
Chester County,US.TN.CS,523,8,
DeKalb County,US.TN.DE,523,9,
Edgefield County,US.SC.ED,521,17,
Jackson County,US.NC.JA,521,7,
Meriwether County,US.GA.MW,519,11,
Midland County,US.MI.MD,519,11,
Jefferson County,US.IL.JF,519,37,
Davie County,US.NC.DV,519,6,
Cherokee County,US.AL.CH,518,14,
Jackson County,US.TX.JA,518,15,
Geneva County,US.AL.GE,517,4,
Fredericksburg City,US.VA.FB,516,4,
Chautauqua County,US.NY.CQ,516,4,
Crisp County,US.GA.CP,515,17,
Limestone County,US.TX.LO,515,9,
Bertie County,US.NC.BT,515,7,
Auglaize County,US.OH.AU,514,8,
Worth County,US.GA.WO,513,29,
Conecuh County,US.AL.CO,512,11,
Talbot County,US.MD.TA,512,5,
Putnam County,US.IN.PT,512,8,
Smith County,US.MS.SM,511,13,
Anson County,US.NC.AN,510,3,
Brown County,US.TX.BN,509,20,
Jones County,US.GA.JE,509,5,
Huron County,US.OH.HU,509,7,
Clarke County,US.MS.CE,508,37,
Crenshaw County,US.AL.CA,508,31,
Clay County,US.SD.CY,508,4,
York County,US.VA.YO,507,6,
Union County,US.SC.UN,507,10,
Oceana County,US.MI.OA,506,6,
Fayette County,US.IN.FA,506,13,
Shelby County,US.OH.SH,505,6,
Calhoun County,US.MS.CN,502,12,
Brooks County,US.GA.BO,499,26,
Bureau County,US.IL.BU,497,9,
Steele County,US.MN.SE,497,2,
Mayes County,US.OK.MY,497,10,
Concordia Parish,US.LA.CR,497,12,
Colusa County,US.CA.CL,496,6,
Montgomery County,US.IN.MM,495,22,
Lawrence County,US.IN.LW,495,30,
Calloway County,US.KY.CW,494,8,
Nevada County,US.CA.NE,494,5,
Mesa County,US.CO.ME,492,6,
Abbeville County,US.SC.AB,492,12,
Nye County,US.NV.NY,490,14,
Butler County,US.MO.BE,490,4,
Kittitas County,US.WA.KT,489,22,
Jefferson County,US.OR.JE,488,8,
Lawrence County,US.PA.LW,487,21,
Greene County,US.NC.GE,486,5,
Gilchrist County,US.FL.GI,486,12,
Clay County,US.AL.CY,486,7,
New Madrid County,US.MO.NW,485,12,
Greene County,US.GA.GE,483,21,
Polk County,US.OR.PO,482,15,
Putnam County,US.OH.PU,481,18,
Logan County,US.KY.LO,481,27,
Shiawassee County,US.MI.SH,480,30,
Liberty County,US.FL.LI,479,7,
Nicollet County,US.MN.NI,479,16,
Madison County,US.NY.MA,478,9,
Claiborne Parish,US.LA.CI,477,18,
Teton County,US.WY.TE,476,1,
Newport County,US.RI.NE,476,4,
Watonwan County,US.MN.WT,475,4,
Fayette County,US.WV.FA,475,10,
Vermilion County,US.IL.VE,475,4,
Box Elder County,US.UT.BE,475,5,
Cass County,US.MI.CS,475,16,
Hickman County,US.TN.HN,475,4,
Washington County,US.VA.WG,475,14,
Pulaski County,US.MO.PA,475,3,
Glades County,US.FL.GL,475,4,
Trempealeau County,US.WI.TR,474,2,
Alexander County,US.NC.AE,473,3,
Morrow County,US.OR.MO,473,4,
Missoula County,US.MT.MS,473,3,
Tuscola County,US.MI.TU,473,29,
Humboldt County,US.CA.HU,473,6,
Union County,US.IL.UN,473,24,
Decatur County,US.IN.DC,472,41,
Lincoln County,US.OR.LC,472,13,
Grant Parish,US.LA.GR,470,30,
Palo Pinto County,US.TX.PO,470,14,
Todd County,US.MN.TO,469,2,
Carter County,US.OK.CR,469,8,
Crockett County,US.TN.CK,469,19,
Adams County,US.NE.AD,469,11,
Hill County,US.TX.HI,468,12,
Winchester city,US.VA.WH,468,4,
Macon County,US.AL.MC,466,19,
Southampton County,US.VA.SA,466,14,
White County,US.IN.WH,466,14,
Hart County,US.GA.HT,465,11,
Tehama County,US.CA.TE,465,1,
Benton County,US.MN.BN,463,3,
Milam County,US.TX.MI,463,5,
Tunica County,US.MS.TU,463,13,
Ottawa County,US.OH.OT,461,30,
Carroll County,US.VA.CL,461,20,
Freeborn County,US.MN.FR,461,2,
Colorado County,US.TX.CO,460,4,
Austin County,US.TX.AU,460,9,
Henry County,US.IA.HE,459,4,
Strafford County,US.NH.ST,458,13,
Stutsman County,US.ND.SU,455,3,
Shelby County,US.TX.SY,455,21,
Marion County,US.TN.MI,452,7,
Dickinson County,US.IA.DI,452,6,
Wood County,US.TX.WO,452,18,
Morgan County,US.GA.MO,452,2,
Bell County,US.KY.BL,450,11,
Howard County,US.AR.HW,448,8,
Lawrence County,US.MO.LW,448,2,
Claiborne County,US.MS.CB,447,16,
Cascade County,US.MT.CS,447,5,
Early County,US.GA.EA,447,32,
Kerr County,US.TX.KR,444,10,
Nelson County,US.KY.NE,443,4,
Ontario County,US.NY.OR,443,28,
Union County,US.OH.UN,443,2,
Bienville Parish,US.LA.BI,442,32,
Kay County,US.OK.KA,442,13,
Knox County,US.IN.KN,442,8,
Henry County,US.AL.HE,442,4,
Rosebud County,US.MT.RS,439,7,
Carbon County,US.PA.CB,438,28,
Montgomery County,US.MS.MT,438,19,
Scioto County,US.OH.SC,438,6,
Banks County,US.GA.BS,437,6,
Marion County,US.IL.MO,436,0,
Columbia County,US.WI.CO,436,2,
Franklin County,US.MA.FR,436,67,
Calhoun County,US.SC.CH,435,17,
Grand Traverse County,US.MI.GN,435,7,
Union County,US.PA.UN,435,6,
Macoupin County,US.IL.MP,435,6,
Phillips County,US.AR.PH,434,11,
Lewis County,US.WA.LE,433,4,
Union County,US.OR.UN,432,2,
Atkinson County,US.GA.AT,432,3,
Franklin County,US.IL.FR,432,1,
Stephenson County,US.IL.SN,431,6,
Linn County,US.OR.LN,431,13,
Le Sueur County,US.MN.LU,430,3,
Augusta County,US.VA.AU,429,4,
Bremer County,US.IA.BR,428,7,
Kenai Peninsula Borough,US.AK.KN,426,2,
Pemiscot County,US.MO.PM,425,9,
Allegany County,US.MD.AL,424,22,
Raleigh County,US.WV.RL,423,5,
Jefferson County,US.ID.JF,422,1,
Miami County,US.IN.MI,421,2,
Lawrence County,US.MS.LW,421,12,
McLeod County,US.MN.MC,421,2,
Chippewa County,US.WI.CH,420,0,
Catahoula Parish,US.LA.CT,420,8,
Berrien County,US.GA.BN,419,11,
Laclede County,US.MO.LD,418,2,
Bleckley County,US.GA.BK,418,19,
Adams County,US.IN.AD,418,4,
Lake County,US.CA.LK,416,7,
Howell County,US.MO.HW,415,3,
La Salle Parish,US.LA.LA,414,7,
Sumter County,US.AL.SU,414,19,
Boone County,US.IA.BO,413,5,
DeKalb County,US.IN.DE,413,10,
Decatur County,US.TN.DC,412,5,
Jasper County,US.TX.JR,411,21,
Stewart County,US.GA.SW,411,13,
Ohio County,US.KY.OH,410,9,
Barry County,US.MO.BR,410,5,
Polk County,US.MO.PO,410,1,
Knox County,US.KY.KX,408,9,
Carson City,US.NV.CA,408,8,
Claiborne County,US.TN.CI,406,4,
Warren County,US.MO.WR,406,0,
Howard County,US.TX.HW,406,10,
Galax city,US.VA.GA,406,28,
Duval County,US.TX.DU,405,14,
Warren County,US.VA.WR,405,6,
Louisa County,US.IA.LO,405,14,
Yalobusha County,US.MS.YL,405,13,
Greene County,US.IN.GE,405,38,
McDonough County,US.IL.MU,404,15,
Parmer County,US.TX.PM,404,7,
Ashley County,US.AR.AS,403,8,
Putnam County,US.WV.PU,403,2,
Preble County,US.OH.PR,403,10,
Johnson County,US.GA.JH,403,18,
Cibola County,US.NM.CI,403,20,
Seneca County,US.OH.SE,402,14,
Haralson County,US.GA.HS,402,8,
Custer County,US.OK.CU,402,0,
Jefferson County,US.WV.JE,401,4,
Evans County,US.GA.EV,401,5,
Candler County,US.GA.CR,400,16,
Gibson County,US.IN.GI,400,4,
Fayette County,US.AL.FA,400,7,
Andrews County,US.TX.AR,400,8,
Shawano County,US.WI.SA,399,0,
Barron County,US.WI.BR,398,4,
Martin County,US.NC.MR,398,9,
Chisago County,US.MN.CG,398,1,
Cherokee County,US.KS.CK,397,2,
Smyth County,US.VA.SM,397,6,
Webster County,US.MO.WE,397,2,
Fayette County,US.TX.FT,396,18,
Campbell County,US.TN.CM,394,3,
Waseca County,US.MN.WE,393,8,
Freestone County,US.TX.FE,393,1,
Huntingdon County,US.PA.HU,392,6,
Meade County,US.SD.MD,392,3,
St. Helena Parish,US.LA.SH,391,3,
Logan County,US.IL.LO,390,1,
Oswego County,US.NY.OS,390,3,
Washington County,US.IA.WS,390,11,
Scotts Bluff County,US.NE.SC,389,7,
Stokes County,US.NC.SO,387,3,
Northampton County,US.NC.NO,387,17,
Campbell County,US.VA.CM,384,3,
Armstrong County,US.PA.AR,384,13,
Person County,US.NC.PN,384,6,
Wise County,US.VA.WI,382,6,
Tompkins County,US.NY.TO,382,0,
Logan County,US.AR.LG,381,1,
Mercer County,US.WV.MR,380,24,
Craig County,US.OK.CG,379,1,
Hancock County,US.GA.HC,379,41,
Maui County,US.HI.MA,378,9,
Cross County,US.AR.CO,377,5,
Seminole County,US.OK.SM,377,5,
Crow Wing County,US.MN.CW,377,18,
Nez Perce County,US.ID.NE,376,20,
Franklin city,US.VA.FR,376,9,
Summit County,US.CO.SU,376,4,
Jenkins County,US.GA.JK,375,29,
Page County,US.VA.PA,374,27,
Rio Arriba County,US.NM.RI,374,13,
Lyon County,US.NV.LY,374,6,
Perry County,US.MS.PY,374,15,
Sussex County,US.VA.SS,374,9,
Jasper County,US.IN.JS,373,2,
Luna County,US.NM.LU,372,5,
Telfair County,US.GA.TF,372,16,
Geary County,US.KS.GE,372,2,
Natrona County,US.WY.NA,372,3,
Audrain County,US.MO.AU,371,2,
Hopewell city,US.VA.HW,370,5,
Bristol County,US.RI.BR,369,16,
Pike County,US.KY.PI,369,3,
Dodge County,US.GA.DG,369,9,
Polk County,US.TN.PO,366,11,
Barton County,US.KS.BT,365,5,
Humphreys County,US.MS.HU,364,15,
Holmes County,US.OH.HL,364,7,
Stoddard County,US.MO.SD,364,9,
Miller County,US.MO.ML,363,1,
Martinsville city,US.VA.MR,363,7,
Logan County,US.OK.LG,363,1,
Grays Harbor County,US.WA.GY,363,6,
Upshur County,US.TX.US,361,9,
Jersey County,US.IL.JR,360,12,
Live Oak County,US.TX.LK,359,8,
La Salle County,US.TX.LS,359,11,
Green County,US.WI.GN,358,2,
Cooke County,US.TX.OO,358,5,
Livingston County,US.MO.LV,356,1,
Montrose County,US.CO.MO,355,13,
Madison County,US.ID.MA,355,1,
Woodford County,US.IL.WO,355,4,
Lincoln County,US.OK.LI,354,9,
Quitman County,US.MS.QU,354,5,
Mason County,US.WA.MA,354,3,
Beltrami County,US.MN.BT,353,3,
Houston County,US.TX.HS,353,9,
Phelps County,US.MO.PH,353,1,
Screven County,US.GA.SR,352,9,
Panola County,US.TX.PN,352,24,
Harlan County,US.KY.HL,352,10,
Stone County,US.MO.SE,351,2,
Boyd County,US.KY.BD,351,4,
Muskingum County,US.OH.MU,350,2,
Cass County,US.IL.CS,350,11,
Red River Parish,US.LA.RE,349,20,
Warren County,US.NY.WR,348,30,
Fentress County,US.TN.FE,348,3,
Pecos County,US.TX.PE,348,4,
Otter Tail County,US.MN.OT,347,4,
Scott County,US.IN.SC,346,12,
Lafayette County,US.MO.LF,346,2,
Amherst County,US.VA.AH,345,2,
Grayson County,US.KY.GY,345,13,
Lincoln County,US.NE.LI,345,2,
Columbia County,US.AR.CI,345,18,
Hempstead County,US.AR.HE,344,4,
Cooper County,US.MO.CP,343,2,
Steuben County,US.IN.SE,343,7,
Stone County,US.MS.ST,343,11,
Lamar County,US.GA.LM,343,17,
Ionia County,US.MI.II,342,7,
Randolph County,US.AR.RA,341,18,
Choctaw County,US.AL.CC,341,12,
Clinch County,US.GA.CC,337,5,
Richmond County,US.VA.RI,337,4,
Iroquois County,US.IL.IR,336,19,
Dinwiddie County,US.VA.DN,336,8,
Camp County,US.TX.CP,335,9,
Douglas County,US.WI.DG,334,0,
Drew County,US.AR.DR,333,5,
Pierce County,US.WI.PI,333,6,
Wood County,US.WV.WO,333,5,
Brunswick County,US.VA.BU,332,2,
Ohio County,US.WV.OH,332,6,
West Carroll Parish,US.LA.WC,330,9,
Butler County,US.KY.BR,329,16,
Union County,US.SD.UN,329,5,
Saunders County,US.NE.SU,329,3,
Randolph County,US.GA.RN,327,27,
Steuben County,US.NY.ST,326,39,
Greene County,US.MS.GE,326,16,
Jackson County,US.KY.JA,326,15,
Brantley County,US.GA.BA,325,8,
Seminole County,US.GA.SI,325,8,
Allendale County,US.SC.AL,325,6,
Terrell County,US.GA.TL,325,31,
Harvey County,US.KS.HV,325,5,
Sullivan County,US.IN.SU,324,12,
Harrison County,US.WV.HR,324,7,
Little River County,US.AR.LT,323,18,
Perry County,US.IL.PY,323,13,
Webster County,US.MS.WE,323,13,
Franklin County,US.IA.FN,323,17,
Owyhee County,US.ID.OW,321,5,
Bradley County,US.AR.BR,321,6,
Orleans County,US.NY.OL,321,55,
Washington County,US.ID.WA,320,4,
Wayne County,US.WV.WA,320,11,
Stephens County,US.OK.ST,320,5,
Fulton County,US.NY.FU,320,28,
Grainger County,US.TN.GA,319,1,
Chaffee County,US.CO.CA,319,19,
Madison County,US.AR.MD,319,2,
Monroe County,US.WI.MO,319,2,
Lamar County,US.AL.LM,318,2,
Greene County,US.NY.GR,318,14,
Sweetwater County,US.WY.SW,317,2,
Zapata County,US.TX.ZP,317,5,
Arkansas County,US.AR.AR,316,4,
Hillsdale County,US.MI.HI,316,27,
Jefferson Davis County,US.MS.JD,315,10,
Greenup County,US.KY.GU,315,2,
Otsego County,US.NY.OO,314,4,
Newaygo County,US.MI.NE,314,1,
Herkimer County,US.NY.HE,313,10,
Lawrence County,US.AR.LW,313,11,
Uinta County,US.WY.UI,312,2,
Wilkinson County,US.GA.WI,312,17,
Burleson County,US.TX.BU,312,6,
Elmore County,US.ID.EL,312,3,
Miami County,US.KS.MI,312,0,
Garvin County,US.OK.GV,311,4,
Shelby County,US.IL.SB,310,3,
Perry County,US.KY.PR,310,8,
Benton County,US.TN.BN,310,9,
Wheeler County,US.GA.WL,309,12,
Dooly County,US.GA.DO,308,14,
Lamb County,US.TX.LB,308,21,
Rabun County,US.GA.RB,308,7,
Montgomery County,US.KS.MG,308,5,
Jennings County,US.IN.JN,307,14,
St. Lawrence County,US.NY.SI,307,4,
Genesee County,US.NY.GE,307,6,
Hamilton County,US.IA.HM,307,3,
Jefferson County,US.OH.JE,306,4,
Christian County,US.IL.CI,306,9,
Avery County,US.NC.AV,306,0,
Northampton County,US.VA.NA,304,29,
Washington County,US.MO.WS,304,1,
Lee County,US.IL.LE,303,1,
Kingfisher County,US.OK.KN,303,2,
Carroll County,US.MS.CL,303,12,
Wayne County,US.NY.WN,303,3,
Aransas County,US.TX.AA,302,18,
Cowley County,US.KS.CL,302,3,
Hockley County,US.TX.HC,302,6,
Refugio County,US.TX.RF,301,10,
Pulaski County,US.GA.PL,301,12,
Goodhue County,US.MN.GO,301,9,
Warren County,US.NC.WR,301,7,
Mingo County,US.WV.MO,301,7,
Pontotoc County,US.OK.PN,300,3,
Caroline County,US.VA.CI,299,5,
Yankton County,US.SD.YA,299,3,
Oglethorpe County,US.GA.OG,298,11,
Franklin County,US.IN.FR,298,26,
Calaveras County,US.CA.CA,298,10,
Caldwell Parish,US.LA.CW,298,3,
Cleburne County,US.AL.CB,297,6,
Pike County,US.GA.PK,297,8,
Allen County,US.KY.AL,296,9,
Gunnison County,US.CO.GU,296,7,
Cleburne County,US.AR.CB,295,7,
Greene County,US.AL.GR,295,15,
Transylvania County,US.NC.TR,293,6,
Mahaska County,US.IA.MK,293,19,
Halifax County,US.VA.HL,292,4,
Adair County,US.MO.AD,292,0,
Amite County,US.MS.AM,291,10,
Cass County,US.TX.CS,291,14,
Kent County,US.MD.KE,291,24,
Wilkinson County,US.MS.WK,290,17,
Lawrence County,US.SD.LW,290,4,
Clark County,US.WI.CL,290,8,
Cass County,US.NE.CS,289,2,
Marquette County,US.MI.MQ,289,11,
Grayson County,US.VA.GY,289,8,
Montgomery County,US.IL.MT,288,12,
Hopkins County,US.TX.HP,287,8,
Turner County,US.GA.TR,287,22,
Latah County,US.ID.LA,287,0,
Susquehanna County,US.PA.SS,287,28,
Clark County,US.KY.CK,286,8,
Clearfield County,US.PA.CF,286,1,
Lanier County,US.GA.LI,286,5,
Franklin County,US.KS.FR,286,3,
Orange County,US.VA.OR,286,4,
Jackson County,US.TN.JA,284,2,
Washington County,US.NY.WS,284,14,
Delaware County,US.IA.DA,284,3,
Clark County,US.AR.CK,283,4,
Brooks County,US.TX.BK,282,20,
Warren County,US.IL.WR,282,1,
Oneida County,US.WI.ON,282,2,
Stone County,US.AR.ST,282,5,
Adair County,US.KY.AD,282,19,
Zavala County,US.TX.ZV,282,14,
Morgan County,US.TN.MG,282,2,
Champaign County,US.OH.CH,281,3,
Kemper County,US.MS.KE,281,15,
Chowan County,US.NC.CW,281,3,
Union County,US.TN.UO,281,1,
Crawford County,US.MO.CF,280,2,
Posey County,US.IN.PS,280,0,
Henry County,US.OH.HE,280,10,
Gaines County,US.TX.GS,279,8,
McIntosh County,US.OK.MI,278,4,
Orange County,US.IN.OR,278,26,
Island County,US.WA.IS,278,11,
Clay County,US.IN.CY,277,5,
Botetourt County,US.VA.BO,277,10,
McIntosh County,US.GA.MH,276,7,
Caswell County,US.NC.CS,275,3,
Choctaw County,US.OK.CA,274,2,
Juneau County,US.WI.JU,273,1,
Logan County,US.OH.LG,273,3,
Clinton County,US.OH.CI,273,13,
Franklin County,US.VA.FN,272,1,
Knox County,US.OH.KN,272,15,
Robertson County,US.TX.RO,272,4,
Louisa County,US.VA.LI,272,3,
Perry County,US.OH.PE,271,9,
Douglas County,US.NV.DO,271,1,
Livingston County,US.IL.LI,270,4,
Montcalm County,US.MI.MC,270,4,
Benson County,US.ND.BE,268,5,
Menominee County,US.MI.MM,268,0,
Irwin County,US.GA.IR,268,4,
Dawson County,US.TX.DW,268,8,
Mississippi County,US.MO.MI,268,3,
Martin County,US.MN.MT,268,9,
Kewaunee County,US.WI.KW,267,2,
Ripley County,US.IN.RI,267,8,
Carroll County,US.IN.CO,266,13,
Pawnee County,US.KS.PN,266,0,
Gem County,US.ID.GE,265,2,
Casey County,US.KY.CS,265,15,
Montgomery County,US.GA.MM,265,5,
Jackson County,US.IA.JC,264,2,
Bosque County,US.TX.BQ,263,6,
Bollinger County,US.MO.BI,263,1,
Douglas County,US.IL.DO,262,5,
Floyd County,US.IA.FL,262,3,
Hardin County,US.IA.HD,261,1,
Clay County,US.KY.CY,261,6,
Crawford County,US.IL.CW,261,1,
Hughes County,US.OK.HU,261,4,
Winneshiek County,US.IA.WH,260,5,
Desha County,US.AR.DE,260,5,
Fayette County,US.IL.FA,260,3,
Barry County,US.MI.BR,259,2,
O'Brien County,US.IA.OB,259,8,
Defiance County,US.OH.DF,258,9,
Dare County,US.NC.DE,258,2,
Gray County,US.TX.GY,258,5,
Brown County,US.OH.BR,258,2,
Unicoi County,US.TN.UC,256,1,
Bonner County,US.ID.BR,255,0,
Wabash County,US.IN.WB,255,7,
Towns County,US.GA.TW,255,7,
Crawford County,US.PA.CW,254,3,
Clay County,US.IA.CY,254,3,
Gooding County,US.ID.GO,254,1,
Dunn County,US.WI.DN,254,0,
Polk County,US.NC.PO,253,7,
Wilkes County,US.GA.WS,253,4,
Albany County,US.WY.AL,253,0,
Salem city,US.VA.SE,252,4,
Wells County,US.IN.WE,251,2,
Chemung County,US.NY.CM,251,2,
Penobscot County,US.ME.PE,251,6,
Taylor County,US.KY.TA,250,6,
Sharkey County,US.MS.SH,250,11,
Patrick County,US.VA.PK,250,14,
Goochland County,US.VA.GO,249,7,
Cannon County,US.TN.CN,249,0,
Polk County,US.AR.PL,248,4,
Simpson County,US.KY.SI,248,8,
Hardin County,US.OH.HD,248,13,
Itasca County,US.MN.IT,248,13,
Clarke County,US.IA.CK,248,3,
Lee County,US.VA.LE,247,5,
Moniteau County,US.MO.ME,247,4,
Fluvanna County,US.VA.FV,247,9,
McPherson County,US.KS.MP,247,1,
La Plata County,US.CO.LA,247,2,
Polk County,US.MN.PL,246,4,
Young County,US.TX.YU,246,6,
Benton County,US.IA.BN,245,1,
Washington County,US.IN.WS,245,1,
Chenango County,US.NY.CH,245,6,
Marion County,US.WV.MI,244,3,
Benton County,US.OR.BE,244,6,
Butler County,US.IA.BE,244,2,
Atoka County,US.OK.AT,243,1,
Atchison County,US.KS.AT,243,1,
Jackson County,US.AR.JA,243,1,
Morrow County,US.OH.MW,243,2,
Klamath County,US.OR.KL,243,2,
Emporia city,US.VA.EM,243,19,
Waynesboro city,US.VA.WS,243,3,
Amador County,US.CA.AM,242,16,
Madison County,US.MO.MD,242,0,
Cattaraugus County,US.NY.CG,242,6,
Washington County,US.OH.WS,241,23,
Whitley County,US.KY.WH,241,2,
Thurston County,US.NE.TU,241,4,
Lake County,US.MT.LA,241,1,
Castro County,US.TX.AS,241,5,
Westmoreland County,US.VA.WM,241,3,
Bond County,US.IL.BN,241,4,
Ashe County,US.NC.AS,241,1,
Treutlen County,US.GA.TE,240,6,
Otero County,US.NM.OT,240,12,
Alamosa County,US.CO.AL,240,9,
City and Borough of Juneau,US.AK.JU,240,1,
Colonial Heights city,US.VA.CH,240,23,
Dade County,US.GA.DD,239,4,
Comanche County,US.TX.CE,238,3,
Echols County,US.GA.EC,238,2,
Waushara County,US.WI.WS,238,2,
Hood River County,US.OR.HO,238,0,
Whitley County,US.IN.WL,238,6,
Woodford County,US.KY.WO,237,0,
Marshall County,US.KY.MH,237,2,
Boyle County,US.KY.BE,237,0,
Clay County,US.AR.CY,236,5,
Emmet County,US.IA.EM,236,9,
Lawrence County,US.IL.LW,235,0,
Miller County,US.GA.ML,234,1,
Shelby County,US.IA.SH,234,1,
Conway County,US.AR.CN,233,3,
Wilcox County,US.GA.WC,233,20,
Randolph County,US.IN.RA,233,7,
Pawnee County,US.OK.PW,232,3,
Runnels County,US.TX.RN,232,5,
Jefferson County,US.MS.JF,232,9,
Tazewell County,US.VA.TA,232,2,
Jefferson County,US.IN.JF,232,3,
Starke County,US.IN.SR,232,8,
Green County,US.KY.GN,231,8,
Randolph County,US.WV.RN,230,1,
Roosevelt County,US.NM.RO,230,3,
Becker County,US.MN.BC,229,2,
Jackson County,US.WV.JA,229,22,
Coshocton County,US.OH.CS,229,10,
Wasco County,US.OR.WC,228,3,
Calhoun County,US.GA.CU,227,7,
Russell County,US.KY.RU,226,6,
Gloucester County,US.VA.GL,226,2,
Jackson County,US.KS.JA,226,1,
Fulton County,US.IN.FU,226,2,
Macon County,US.GA.MC,225,10,
King George County,US.VA.KG,224,4,
Campbell County,US.WY.CM,223,1,
Delta County,US.MI.DE,223,4,
Gratiot County,US.MI.GT,223,15,
Allamakee County,US.IA.AL,222,5,
Jones County,US.IA.JN,222,3,
Grant County,US.AR.GN,222,1,
Tioga County,US.NY.TI,221,21,
Nottoway County,US.VA.NY,221,15,
Somerset County,US.MD.SO,220,4,
Montgomery County,US.KY.MM,220,1,
Poweshiek County,US.IA.PW,219,8,
San Jacinto County,US.TX.SJ,219,9,
Wayne County,US.IL.WY,219,4,
Fayette County,US.OH.FY,219,5,
Dallam County,US.TX.DL,219,8,
Pamlico County,US.NC.PM,218,2,
Montgomery County,US.NY.MT,218,9,
Houghton County,US.MI.HO,218,1,
Tipton County,US.IN.TT,218,25,
Alleghany County,US.NC.AL,217,0,
Tuolumne County,US.CA.TO,216,3,
Carlton County,US.MN.CL,216,1,
Clallam County,US.WA.CL,216,1,
Fulton County,US.OH.FU,215,1,
Terry County,US.TX.TE,215,4,
Jo Daviess County,US.IL.JO,215,2,
Clayton County,US.IA.CT,214,3,
Ouachita County,US.AR.OU,214,5,
Franklin County,US.AR.FR,213,2,
Saline County,US.IL.SE,213,3,
Union County,US.KY.UN,212,1,
Highland County,US.OH.HI,212,3,
Labette County,US.KS.LB,212,3,
Pike County,US.AR.PE,212,2,
Long County,US.GA.LG,212,3,
Baxter County,US.AR.BA,212,1,
Russell County,US.VA.RU,212,4,
Bedford County,US.PA.BO,212,6,
Brewster County,US.TX.BS,212,2,
Haskell County,US.OK.HS,211,4,
Perry County,US.IN.PE,211,15,
Lewis County,US.KY.LI,210,14,
Gillespie County,US.TX.GL,210,9,
Morgan County,US.MO.MG,210,1,
Shoshone County,US.ID.SH,210,17,
Isanti County,US.MN.IS,210,0,
Leon County,US.TX.LN,210,5,
Staunton city,US.VA.SU,210,0,
Sheridan County,US.WY.SH,210,4,
Cottonwood County,US.MN.CT,210,0,
Cameron Parish,US.LA.CM,209,1,
Snyder County,US.PA.SN,209,3,
Lewis and Clark County,US.MT.LE,209,3,
Humphreys County,US.TN.HU,208,3,
Buchanan County,US.IA.BC,208,1,
Crawford County,US.OH.CF,208,6,
Lee County,US.TX.LE,208,14,
Greene County,US.VA.GE,207,3,
Huron County,US.MI.HU,206,5,
Benton County,US.MS.BE,206,1,
Winnebago County,US.IA.WB,206,10,
Douglas County,US.MN.DU,206,1,
Wythe County,US.VA.WY,206,3,
Polk County,US.WI.PL,205,2,
Marion County,US.KY.MN,205,7,
Lampasas County,US.TX.LP,205,7,
Pitkin County,US.CO.PI,205,2,
Oglala Lakota County,US.SD.SH,205,3,
Lincoln County,US.GA.LC,205,7,
Meigs County,US.TN.ME,204,3,
Bailey County,US.TX.BY,204,4,
Cedar County,US.IA.CD,204,1,
Kendall County,US.TX.KD,203,6,
Powhatan County,US.VA.PH,203,5,
Sequatchie County,US.TN.SQ,203,2,
Jasper County,US.GA.JS,203,4,
Pipestone County,US.MN.PS,202,9,
Huntington County,US.IN.HU,202,3,
Wayne County,US.PA.WN,202,10,
McLean County,US.ND.ML,201,2,
Guthrie County,US.IA.GH,201,5,
Kennebec County,US.ME.KE,200,11,
Jackson County,US.OH.JA,200,2,
Texas County,US.MO.TE,199,2,
Ashland County,US.OH.AL,199,4,
Wyandot County,US.OH.WD,198,11,
Barnes County,US.ND.BA,198,0,
Lafayette County,US.WI.LF,197,0,
San Augustine County,US.TX.SG,197,13,
Livingston County,US.NY.LI,196,6,
Carbon County,US.WY.CB,196,2,
Moultrie County,US.IL.MI,196,3,
Washington County,US.NC.WI,195,8,
Appomattox County,US.VA.AP,195,1,
Carroll County,US.KY.CL,195,5,
Somerset County,US.PA.SO,195,3,
Mifflin County,US.PA.MI,195,1,
Washington County,US.NE.WS,195,2,
Carroll County,US.IL.CL,194,4,
Tyler County,US.TX.TY,192,4,
Lyon County,US.IA.LY,192,3,
Mountrail County,US.ND.MU,191,2,
Spencer County,US.IN.SP,191,3,
Douglas County,US.OR.DO,191,3,
Chickasaw County,US.IA.CC,190,0,
Cayuga County,US.NY.CY,190,2,
Dimmit County,US.TX.DM,190,7,
Rush County,US.IN.RU,190,4,
Seward County,US.NE.SA,190,3,
Pike County,US.MO.PI,189,2,
Rowan County,US.KY.RW,188,1,
Spencer County,US.KY.SP,188,0,
Perry County,US.PA.PE,188,6,
Door County,US.WI.DO,187,3,
Trinity County,US.TX.TR,187,6,
Andrew County,US.MO.AN,187,1,
McCormick County,US.SC.MC,187,5,
Pottawatomie County,US.KS.PT,187,0,
Klickitat County,US.WA.KL,187,3,
Falls County,US.TX.FL,186,3,
Inyo County,US.CA.IN,186,14,
Park County,US.WY.PA,186,1,
Grundy County,US.TN.GU,185,4,
Reeves County,US.TX.RE,185,6,
Monroe County,US.KY.MO,185,4,
Sullivan County,US.MO.SV,185,0,
Randolph County,US.MO.RN,185,1,
Sawyer County,US.WI.SW,185,1,
Nolan County,US.TX.NO,185,4,
Sanpete County,US.UT.SP,185,1,
Floyd County,US.VA.FO,184,3,
Madison County,US.IA.MD,184,2,
Heard County,US.GA.HD,183,5,
Benton County,US.MO.BN,183,1,
Greene County,US.IL.GE,183,2,
Yoakum County,US.TX.YA,183,4,
Scott County,US.TN.SC,183,2,
Nevada County,US.AR.NV,182,12,
Pulaski County,US.VA.PU,182,3,
Franklin County,US.MS.FR,182,3,
Williams County,US.OH.WI,182,3,
Cumberland County,US.IL.CU,182,4,
Silver Bow County,US.MT.SI,182,0,
Grundy County,US.IA.GN,181,2,
Pine County,US.MN.PN,181,0,
Dodge County,US.MN.DD,181,0,
Jasper County,US.IL.JS,180,7,
Taylor County,US.GA.TY,180,8,
Marion County,US.GA.MR,180,7,
Clinton County,US.MO.CO,179,0,
Twiggs County,US.GA.TG,178,7,
Josephine County,US.OR.JO,178,2,
Lincoln County,US.NM.LI,177,3,
Boone County,US.WV.BN,176,0,
Richland County,US.ND.RI,176,1,
Ramsey County,US.ND.RM,176,2,
Henry County,US.KY.HY,175,2,
Newton County,US.AR.NW,175,16,
Delta County,US.CO.DT,175,3,
Howard County,US.IA.HO,175,4,
Morris County,US.TX.MR,174,3,
Morrison County,US.MN.MR,174,1,
Choctaw County,US.MS.CW,174,5,
Scott County,US.VA.SC,174,4,
Beckham County,US.OK.BC,174,1,
Iosco County,US.MI.IC,174,12,
Chippewa County,US.MN.CP,172,1,
Davison County,US.SD.DV,171,2,
Hancock County,US.IA.HN,170,2,
Todd County,US.KY.TO,170,8,
Gallia County,US.OH.GA,170,9,
Hancock County,US.IL.HC,170,2,
Clinton County,US.PA.CN,170,5,
Fayette County,US.IA.FT,169,1,
Mitchell County,US.IA.ME,169,0,
Gage County,US.NE.GG,169,5,
New Kent County,US.VA.NK,168,2,
Kossuth County,US.IA.KO,168,0,
Teller County,US.CO.TE,168,4,
Fremont County,US.CO.FR,167,1,
Juniata County,US.PA.JU,167,6,
Sharp County,US.AR.SH,167,6,
Sumner County,US.KS.SU,167,3,
Glacier County,US.MT.GC,166,1,
Hughes County,US.SD.HG,166,4,
Bristol city,US.VA.BI,165,2,
Mercer County,US.KY.MC,165,1,
Harrison County,US.KY.HS,165,0,
Mecosta County,US.MI.MT,164,2,
Newton County,US.TX.NE,164,8,
Crockett County,US.TX.CT,164,6,
Lincoln County,US.KY.LN,164,12,
Humboldt County,US.IA.HU,164,2,
Meigs County,US.OH.MS,163,6,
Mono County,US.CA.MO,163,2,
Hutchinson County,US.TX.UT,163,3,
Adams County,US.WI.AD,163,3,
Crawford County,US.GA.CW,163,5,
Williamsburg City,US.VA.WL,163,6,
Meade County,US.KY.MA,162,3,
Owen County,US.IN.OW,162,2,
Harrison County,US.IA.HR,162,2,
Walsh County,US.ND.WL,162,1,
Essex County,US.VA.ES,162,2,
Floyd County,US.KY.FO,162,2,
Montour County,US.PA.MO,161,5,
Sibley County,US.MN.SI,161,3,
Jefferson County,US.KS.JF,161,0,
Cleveland County,US.AR.CV,161,9,
Perquimans County,US.NC.PQ,161,3,
Iowa County,US.IA.IO,160,1,
Jay County,US.IN.JY,160,0,
Newton County,US.IN.NE,160,11,
Otsego County,US.MI.OS,160,11,
Cherokee County,US.IA.CE,159,2,
Greene County,US.PA.GR,159,1,
Woodward County,US.OK.WW,159,0,
Jefferson County,US.NY.JE,158,1,
Wright County,US.MO.WG,158,0,
Forest County,US.WI.FR,158,4,
Hart County,US.KY.HT,158,1,
Washington County,US.IL.WG,158,1,
Tensas Parish,US.LA.TN,158,1,
Lewis County,US.TN.LE,158,1,
Marshall County,US.OK.MH,157,1,
Talbot County,US.GA.TB,157,5,
Red River County,US.TX.RV,157,14,
Van Buren County,US.AR.VA,157,2,
Montague County,US.TX.MU,157,3,
Siskiyou County,US.CA.SK,156,0,
Grant County,US.KS.GT,155,3,
Ste. Genevieve County,US.MO.SG,155,1,
Custer County,US.SD.CU,155,2,
Rockcastle County,US.KY.RC,154,1,
Millard County,US.UT.MD,154,0,
Dallas County,US.AR.DA,154,2,
Hocking County,US.OH.HC,154,9,
Clinton County,US.NY.CL,153,5,
Gogebic County,US.MI.GO,152,1,
Barton County,US.MO.BT,152,0,
Wabasha County,US.MN.WB,152,0,
Dallas County,US.MO.DL,152,1,
Essex County,US.NY.ES,151,11,
Coosa County,US.AL.CS,151,3,
Guernsey County,US.OH.GU,151,7,
Power County,US.ID.PO,151,0,
Calhoun County,US.IA.CO,150,2,
Lake County,US.SD.LK,149,6,
Mills County,US.IA.ML,149,1,
Mineral County,US.WV.ML,149,4,
White County,US.IL.WE,149,0,
Sac County,US.IA.SA,148,0,
Henry County,US.MO.HE,148,4,
Wayne County,US.MO.WY,148,0,
Pulaski County,US.IL.PL,148,1,
Meeker County,US.MN.ME,148,2,
Howard County,US.MO.HR,147,2,
Murray County,US.MN.MU,147,2,
McKenzie County,US.ND.MK,147,2,
Grant County,US.WV.GA,147,7,
Martin County,US.IN.MN,147,0,
Marion County,US.TX.MN,147,13,
Bourbon County,US.KY.BU,146,1,
Clay County,US.TN.CY,146,4,
Grant County,US.KY.GT,146,6,
Pocahontas County,US.IA.PC,146,2,
Marquette County,US.WI.MQ,146,1,
Love County,US.OK.LV,146,1,
Vernon County,US.WI.VE,145,0,
Vilas County,US.WI.VI,145,1,
Brown County,US.MN.BR,145,2,
Carter County,US.KY.CR,145,3,
Lincoln County,US.WV.LI,144,2,
Monroe County,US.WV.ME,144,7,
Columbia County,US.OR.CL,144,1,
Houston County,US.TN.HO,144,0,
Eastland County,US.TX.EA,144,3,
Jones County,US.NC.JN,142,11,
Ray County,US.MO.RY,142,0,
Preston County,US.WV.PR,142,4,
Palo Alto County,US.IA.PO,141,0,
Cheshire County,US.NH.CH,141,3,
Green Lake County,US.WI.GL,140,0,
Elbert County,US.CO.EB,140,2,
Clark County,US.IL.CK,140,2,
Washington County,US.KY.WS,140,1,
Marshall County,US.WV.MH,140,1,
Carroll County,US.OH.CO,140,7,
Rolette County,US.ND.RO,140,3,
Fremont County,US.ID.FE,140,3,
Teton County,US.ID.TE,140,0,
Garrard County,US.KY.GR,139,3,
Trigg County,US.KY.TG,138,0,
Emmet County,US.MI.EM,138,4,
Grundy County,US.MO.GU,138,1,
Routt County,US.CO.RT,138,8,
Douglas County,US.MO.DO,137,3,
Pushmataha County,US.OK.PU,137,1,
York County,US.NE.YO,137,1,
Iron County,US.WI.IR,136,1,
Johnson County,US.KY.JO,136,1,
Currituck County,US.NC.CI,136,0,
Gasconade County,US.MO.GA,135,6,
Swain County,US.NC.SW,135,3,
Hancock County,US.WV.HN,135,0,
Iowa County,US.WI.IO,135,0,
Rock County,US.MN.RC,135,0,
King William County,US.VA.KW,135,2,
Ralls County,US.MO.RL,135,0,
Blanco County,US.TX.BC,135,5,
Belknap County,US.NH.BE,134,4,
Sanilac County,US.MI.SL,134,7,
Page County,US.IA.PG,134,0,
McCulloch County,US.TX.MC,133,3,
Stevens County,US.WA.ST,133,2,
Alpena County,US.MI.AP,133,14,
Wabash County,US.IL.WB,133,1,
Somervell County,US.TX.SV,133,5,
Sioux County,US.ND.SI,133,3,
Perry County,US.TN.PE,133,0,
Anderson County,US.KY.AN,133,1,
Del Norte County,US.CA.DE,133,1,
Webster County,US.KY.WE,132,2,
Coos County,US.OR.CO,132,0,
Clay County,US.IL.CY,132,0,
Ripley County,US.MO.RI,132,0,
Monroe County,US.IA.MR,132,8,
Yellow Medicine County,US.MN.YE,132,1,
Bourbon County,US.KS.BB,132,2,
Cortland County,US.NY.CD,132,1,
Taylor County,US.WI.TA,132,3,
Otoe County,US.NE.OT,131,1,
Mason County,US.MI.MN,131,0,
Noble County,US.OK.NB,131,2,
Mille Lacs County,US.MN.MI,131,3,
Prairie County,US.AR.PR,131,1,
Fulton County,US.KY.FU,131,2,
Van Buren County,US.TN.VA,131,0,
Johnson County,US.IL.JH,130,0,
Izard County,US.AR.IZ,130,0,
Churchill County,US.NV.CH,130,3,
Vernon County,US.MO.VE,130,0,
Wyoming County,US.NY.WM,130,5,
Pike County,US.OH.PK,129,0,
Goliad County,US.TX.GI,129,6,
Jack County,US.TX.JK,129,2,
Moore County,US.TN.MO,129,1,
Charles Mix County,US.SD.CH,129,0,
Crawford County,US.WI.CR,129,0,
Fairfax city,US.VA.FC,129,7,
McCreary County,US.KY.MR,128,0,
Carroll County,US.MO.CL,128,1,
Rutland County,US.VT.RU,128,1,
Faribault County,US.MN.FA,128,0,
Grafton County,US.NH.GR,128,1,
Montezuma County,US.CO.MZ,128,5,
Searcy County,US.AR.SA,128,0,
Delaware County,US.NY.DE,128,4,
Benewah County,US.ID.BA,127,2,
Jefferson County,US.IA.JE,126,1,
Pike County,US.IN.PI,126,1,
Warren County,US.GA.WR,126,5,
Roberts County,US.SD.RO,126,1,
Kearney County,US.NE.KA,126,0,
Mason County,US.WV.MN,125,1,
Fulton County,US.IL.FU,125,0,
Latimer County,US.OK.LA,125,2,
Wilbarger County,US.TX.WG,124,2,
Stewart County,US.TN.SA,124,2,
Taos County,US.NM.TA,124,3,
Stephens County,US.TX.SE,124,4,
Johnston County,US.OK.JO,124,3,
Franklin County,US.TX.FK,123,6,
Hyde County,US.NC.HE,123,3,
Montgomery County,US.AR.MT,123,4,
Edmonson County,US.KY.ED,123,12,
Windham County,US.VT.WH,123,3,
Franklin County,US.VT.FR,123,7,
Lincoln County,US.WY.LI,123,1,
Cass County,US.IA.CS,122,2,
Nowata County,US.OK.NW,122,2,
Wayne County,US.KY.WY,120,0,
Harper County,US.KS.HP,120,2,
Piatt County,US.IL.PA,120,0,
Vermillion County,US.IN.VE,120,0,
Amelia County,US.VA.AI,120,3,
Graham County,US.NC.GH,119,0,
Cass County,US.MN.CS,119,3,
Lucas County,US.IA.LU,119,6,
Okfuskee County,US.OK.OF,118,4,
Clay County,US.GA.CY,118,2,
Mercer County,US.IL.ME,118,5,
Mason County,US.KY.MS,118,2,
Greenbrier County,US.WV.GE,117,3,
Crawford County,US.MI.CF,117,5,
Humboldt County,US.NV.HU,117,4,
Richland County,US.IL.RI,117,4,
Taylor County,US.IA.TY,116,1,
Northumberland County,US.VA.NU,116,5,
Ravalli County,US.MT.RA,116,2,
Yancey County,US.NC.YN,116,0,
Monona County,US.IA.MO,116,1,
Wexford County,US.MI.WE,116,4,
Carroll County,US.NH.CA,116,2,
Phillips County,US.MT.PH,116,0,
Breckinridge County,US.KY.BC,116,2,
Ward County,US.TX.WD,115,1,
Ochiltree County,US.TX.OC,115,4,
Neosho County,US.KS.NO,115,0,
Pulaski County,US.IN.PL,115,1,
Taylor County,US.WV.TA,114,6,
Buffalo County,US.SD.BF,113,3,
Bandera County,US.TX.BA,113,7,
Fountain County,US.IN.FO,113,2,
Juab County,US.UT.JU,113,1,
Hill County,US.MT.HI,113,3,
Appanoose County,US.IA.AP,113,3,
Llano County,US.TX.LL,112,1,
Clarion County,US.PA.CL,112,3,
Dawes County,US.NE.DS,112,0,
Buchanan County,US.VA.BH,112,2,
Saguache County,US.CO.SG,111,2,
Washakie County,US.WY.WA,111,6,
Lincoln County,US.WI.LI,111,1,
Osage County,US.MO.OS,111,1,
Blackford County,US.IN.BL,111,2,
Hamilton County,US.NE.HM,110,12,
Tyrrell County,US.NC.TY,110,2,
Knott County,US.KY.KT,110,1,
Lancaster County,US.VA.LA,110,0,
Gentry County,US.MO.GT,109,9,
Mason County,US.IL.MS,109,1,
Jackson County,US.MN.JA,109,1,
Bennington County,US.VT.BE,109,1,
Dewey County,US.SD.DW,108,0,
Osceola County,US.IA.OS,108,0,
Van Buren County,US.IA.VA,108,1,
Hansford County,US.TX.HF,108,4,
Nemaha County,US.NE.NE,108,0,
Gates County,US.NC.GT,108,3,
Hamilton County,US.TX.HM,108,4,
Bradford County,US.PA.BF,108,3,
Lyman County,US.SD.LY,107,3,
Renville County,US.MN.RN,107,6,
Davis County,US.IA.DV,107,4,
Murray County,US.OK.MR,107,1,
Turner County,US.SD.TU,107,0,
Lunenburg County,US.VA.LN,107,2,
Camden County,US.NC.CD,107,3,
Uintah County,US.UT.UN,107,1,
Hartley County,US.TX.HL,107,0,
Clare County,US.MI.CE,106,4,
Monroe County,US.OH.ME,106,18,
Winkler County,US.TX.WI,106,1,
Macon County,US.MO.MN,106,0,
Van Wert County,US.OH.VA,105,3,
Cuming County,US.NE.CM,105,0,
Real County,US.TX.RL,105,6,
Brooke County,US.WV.BO,105,1,
Edgar County,US.IL.EG,104,3,
Hancock County,US.TN.HC,104,2,
Roseau County,US.MN.RS,104,0,
Buffalo County,US.WI.BF,104,2,
Pennington County,US.MN.PI,104,1,
Seneca County,US.NY.SC,104,1,
Union County,US.IA.UN,104,3,
Larue County,US.KY.LR,104,1,
Caldwell County,US.KY.CD,104,0,
Lincoln County,US.MT.LN,103,3,
Schley County,US.GA.SY,103,2,
Coffey County,US.KS.CF,103,8,
Monroe County,US.AR.ME,103,0,
Clay County,US.NC.CY,103,1,
Adams County,US.OH.AD,103,4,
Gray County,US.KS.GY,103,0,
Garza County,US.TX.GR,102,4,
Leelanau County,US.MI.LE,102,1,
Clatsop County,US.OR.CT,102,0,
Cumberland County,US.VA.CU,102,0,
Swisher County,US.TX.SW,101,3,
Surry County,US.VA.SR,101,3,
Jefferson County,US.PA.JE,101,2,
Pike County,US.IL.PK,101,1,
Langlade County,US.WI.LN,101,2,
Butler County,US.NE.BE,101,1,
Duchesne County,US.UT.DU,101,0,
Floyd County,US.TX.FY,100,9,
Carbon County,US.MT.CB,100,0,
Clinton County,US.KY.CO,99,2,
Crittenden County,US.KY.CT,99,1,
Issaquena County,US.MS.IS,99,3,
Grant County,US.NM.GR,99,2,
Union County,US.IN.UN,99,0,
Mitchell County,US.NC.MI,99,3,
Blaine County,US.OK.BL,98,1,
Madison County,US.VA.MD,98,2,
Metcalfe County,US.KY.MT,98,2,
Fulton County,US.AR.FU,98,1,
Menard County,US.IL.MN,98,0,
Hidalgo County,US.NM.HI,98,2,
Sevier County,US.UT.SE,97,1,
Harrison County,US.MO.HS,97,1,
Crawford County,US.IN.CW,97,1,
Madison County,US.MT.MA,97,1,
Greer County,US.OK.GE,97,8,
Letcher County,US.KY.LT,96,2,
Houston County,US.MN.HO,96,0,
Charlotte County,US.VA.CT,96,0,
Jim Hogg County,US.TX.JG,96,2,
Gallatin County,US.KY.GL,96,8,
Koochiching County,US.MN.KO,96,3,
Worth County,US.IA.WT,96,0,
Knox County,US.NE.KN,96,0,
Swift County,US.MN.SW,96,1,
Rio Grande County,US.CO.RG,95,2,
Paulding County,US.OH.PA,95,0,
Hampshire County,US.WV.HM,95,1,
Parke County,US.IN.PA,94,2,
Allegany County,US.NY.AL,94,2,
Marion County,US.KS.MN,93,1,
DeKalb County,US.MO.DE,93,2,
Scott County,US.AR.SC,93,1,
Meade County,US.KS.ME,93,1,
San Miguel County,US.CO.SM,93,0,
Cumberland County,US.KY.CU,92,0,
Carbon County,US.UT.CR,92,0,
Todd County,US.SD.TO,92,5,
Nelson County,US.VA.NL,92,0,
Fillmore County,US.MN.FI,92,0,
Jackson County,US.WI.JA,92,1,
Presidio County,US.TX.PS,92,5,
Charlevoix County,US.MI.CV,91,3,
San Miguel County,US.NM.SM,91,0,
Brown County,US.IN.BR,91,3,
Scott County,US.KS.SC,91,1,
Phelps County,US.NE.PH,91,0,
Baker County,US.OR.BA,90,2,
Prowers County,US.CO.PR,90,0,
Rockbridge County,US.VA.RB,90,2,
Ford County,US.IL.FO,90,4,
Osceola County,US.MI.OE,89,0,
Lynn County,US.TX.LY,89,5,
Owen County,US.KY.OE,89,2,
Pickett County,US.TN.PI,89,1,
Oxford County,US.ME.OX,89,0,
Brown County,US.KS.BR,88,3,
Pendleton County,US.KY.PN,88,0,
Benton County,US.IN.BE,87,0,
Dickinson County,US.KS.DK,87,1,
Lake County,US.CO.LK,87,0,
Clarke County,US.VA.CK,87,0,
Roscommon County,US.MI.RO,87,4,
Dent County,US.MO.DN,87,0,
Doniphan County,US.KS.DP,87,0,
Ozark County,US.MO.OZ,87,0,
Deer Lodge County,US.MT.DE,87,0,
Redwood County,US.MN.RW,87,0,
Powell County,US.KY.PO,87,0,
Stevens County,US.MN.SV,87,1,
Kanabec County,US.MN.KA,86,8,
Valley County,US.ID.VA,86,1,
Gladwin County,US.MI.GL,86,2,
Reagan County,US.TX.RG,86,6,
Roosevelt County,US.MT.RO,86,1,
Morgan County,US.UT.MN,85,0,
Osage County,US.KS.OS,85,0,
Cheboygan County,US.MI.CY,85,2,
Massac County,US.IL.MA,85,1,
Somerset County,US.ME.SO,85,3,
Madison County,US.NC.MD,85,1,
Otero County,US.CO.OT,84,6,
Pierce County,US.NE.PI,84,7,
Montgomery County,US.IA.MG,83,5,
Spink County,US.SD.SP,83,0,
Windsor County,US.VT.WS,83,2,
De Witt County,US.IL.DW,83,1,
Lincoln County,US.MN.LI,83,0,
Bates County,US.MO.BS,83,1,
Stevens County,US.KS.SV,83,0,
Lincoln County,US.ID.LI,83,0,
Crosby County,US.TX.CB,83,1,
Washburn County,US.WI.WR,83,1,
Monroe County,US.MO.MR,82,0,
Traill County,US.ND.TR,82,0,
Schoharie County,US.NY.SO,82,2,
Addison County,US.VT.AD,82,2,
Oregon County,US.MO.OR,81,0,
Bethel Census Area,US.AK.BE,80,1,
McDowell County,US.WV.MC,80,0,
Park County,US.MT.PA,80,0,
Kearny County,US.KS.KE,80,1,
Brule County,US.SD.BU,80,0,
Keokuk County,US.IA.KE,80,1,
Wyoming County,US.WV.WY,80,3,
Sutton County,US.TX.ST,80,3,
Lafayette County,US.AR.LF,80,2,
Wayne County,US.NE.WY,80,0,
Mitchell County,US.TX.MH,80,1,
Merrick County,US.NE.ME,79,1,
Custer County,US.NE.CU,79,4,
Custer County,US.MT.CU,79,2,
Dickenson County,US.VA.DC,79,1,
Mercer County,US.ND.ME,79,0,
Tillman County,US.OK.TI,78,1,
Kalkaska County,US.MI.KK,78,4,
Kit Carson County,US.CO.KT,78,3,
Socorro County,US.NM.SO,78,6,
Chase County,US.KS.CS,78,1,
Magoffin County,US.KY.MF,78,0,
Middlesex County,US.VA.MI,78,4,
Phillips County,US.KS.PL,77,8,
Venango County,US.PA.VE,77,1,
Pacific County,US.WA.PA,77,3,
Buena Vista city,US.VA.BE,77,1,
Fall River County,US.SD.FL,77,1,
Burnett County,US.WI.BN,77,2,
Charles City County,US.VA.CC,76,5,
Dukes County,US.MA.DU,76,0,
Alleghany County,US.VA.AL,76,4,
Yukon-Koyukuk Census Area,US.AK.YU,76,1,
Mason County,US.TX.MA,76,2,
Hamlin County,US.SD.HM,76,0,
Thomas County,US.KS.TH,76,0,
Callahan County,US.TX.AL,75,3,
Martin County,US.TX.MT,75,6,
Hardy County,US.WV.HD,75,0,
Ohio County,US.IN.OH,75,7,
Valdez-Cordova Census Area,US.AK.VA,75,0,
Mariposa County,US.CA.MP,75,2,
Nantucket County,US.MA.NA,75,1,
Corson County,US.SD.CO,75,1,
Dickinson County,US.MI.DI,75,2,
Dixon County,US.NE.DI,75,2,
Fleming County,US.KY.FE,75,0,
Sabine County,US.TX.SB,75,8,
Poquoson city,US.VA.PQ,75,1,
Marshall County,US.IL.MH,74,0,
Beaverhead County,US.MT.BE,74,1,
Pope County,US.MN.PE,74,0,
Northwest Arctic Borough,US.AK.NW,74,0,
Washington County,US.VT.WA,74,2,
Estill County,US.KY.ES,74,0,
Hickory County,US.MO.HC,74,2,
Howard County,US.NE.HW,73,5,
Kane County,US.UT.KA,73,1,
Richland County,US.WI.RI,73,4,
Crowley County,US.CO.CR,73,1,
Perry County,US.AR.PY,73,0,
Waldo County,US.ME.WL,73,14,
Baker County,US.GA.BR,73,3,
Wayne County,US.IA.WY,73,2,
Clay County,US.TX.CY,72,1,
Burt County,US.NE.BT,72,0,
Morrill County,US.NE.MO,72,0,
Livingston County,US.KY.LV,72,1,
Wyoming County,US.PA.WM,72,8,
Hickman County,US.KY.HA,72,0,
Yuma County,US.CO.YU,72,0,
Lemhi County,US.ID.LM,72,0,
Holt County,US.MO.HL,72,0,
Bath County,US.KY.BH,71,1,
Jefferson County,US.WA.JE,71,0,
Hemphill County,US.TX.HH,71,0,
Ida County,US.IA.ID,71,0,
Goshen County,US.WY.GO,71,1,
McCook County,US.SD.MC,71,1,
Crane County,US.TX.CR,71,2,
Nemaha County,US.KS.NM,71,1,
Cedar County,US.NE.CA,71,0,
Greene County,US.IA.GE,71,0,
Breathitt County,US.KY.BT,70,0,
Cedar County,US.MO.CD,70,0,
Richland County,US.MT.RI,70,2,
Walworth County,US.SD.WA,70,0,
Manistee County,US.MI.ME,69,2,
Lander County,US.NV.LA,69,1,
Giles County,US.VA.GI,69,0,
Grand County,US.CO.GR,69,1,
Nicholas County,US.WV.NI,69,3,
Lewis County,US.MO.LE,69,2,
Shannon County,US.MO.SN,69,1,
Quay County,US.NM.QU,69,2,
Gallatin County,US.IL.GA,68,2,
Montgomery County,US.MO.MM,68,1,
Switzerland County,US.IN.SW,68,0,
Garrett County,US.MD.GA,68,1,
Carlisle County,US.KY.CE,68,1,
Idaho County,US.ID.ID,68,0,
Haskell County,US.KS.HS,68,0,
Daviess County,US.MO.DV,68,0,
Falls Church city,US.VA.FU,67,7,
Major County,US.OK.MJ,67,1,
Archer County,US.TX.AC,67,1,
Bayfield County,US.WI.BY,67,1,
Fremont County,US.IA.FO,67,0,
Chippewa County,US.MI.CP,67,0,
Hancock County,US.KY.HC,67,0,
Knox County,US.TX.KX,67,8,
Bon Homme County,US.SD.BH,67,1,
Aitkin County,US.MN.AI,66,1,
Linn County,US.KS.LN,66,0,
Arenac County,US.MI.AR,66,3,
Elk County,US.PA.EL,66,2,
Wabaunsee County,US.KS.WB,66,0,
Deuel County,US.SD.DU,65,0,
Boise County,US.ID.BS,65,1,
Coal County,US.OK.CL,65,0,
Edmunds County,US.SD.ED,65,0,
Butte County,US.SD.BT,65,1,
Converse County,US.WY.CE,65,0,
King and Queen County,US.VA.KA,65,1,
Torrance County,US.NM.TO,64,1,
Grant County,US.SD.GA,64,1,
Antrim County,US.MI.AN,64,0,
Hutchinson County,US.SD.HT,64,1,
Clay County,US.NE.CL,64,0,
Franklin County,US.ID.FA,64,0,
Toole County,US.MT.TO,64,6,
Cotton County,US.OK.CT,64,2,
Bland County,US.VA.BL,64,1,
Franklin County,US.NY.FR,63,1,
Moody County,US.SD.MO,63,0,
McLean County,US.KY.ML,63,1,
Asotin County,US.WA.AS,63,2,
Childress County,US.TX.CD,63,0,
North Slope Borough,US.AK.NH,63,0,
Kingman County,US.KS.KM,63,0,
Sagadahoc County,US.ME.SA,62,0,
Scott County,US.IL.SO,62,0,
Martin County,US.KY.MI,62,2,
Marion County,US.AR.MN,62,0,
Concho County,US.TX.ON,62,2,
Yates County,US.NY.YA,62,6,
Cloud County,US.KS.CD,62,1,
Fisher County,US.TX.FH,62,1,
Benzie County,US.MI.BE,62,2,
Coleman County,US.TX.CM,61,3,
Maries County,US.MO.MS,61,0,
Rice County,US.KS.RC,61,1,
Alexander County,US.IL.AL,61,1,
Wadena County,US.MN.WD,61,0,
Dawson County,US.MT.DW,60,1,
Rappahannock County,US.VA.RP,60,2,
Ogemaw County,US.MI.OG,60,5,
Henderson County,US.IL.HD,60,0,
Skamania County,US.WA.SM,60,1,
Dunn County,US.ND.DU,60,1,
Rains County,US.TX.RI,60,3,
Upshur County,US.WV.UP,59,0,
Ziebach County,US.SD.ZI,59,0,
Lyon County,US.KY.LY,59,4,
Eddy County,US.ND.ED,59,1,
Haskell County,US.TX.HK,59,2,
Crook County,US.OR.CR,59,1,
Donley County,US.TX.DO,59,1,
Caldwell County,US.MO.CW,59,1,
Ransom County,US.ND.RN,58,0,
Kauai County,US.HI.KU,58,0,
Kiowa County,US.OK.KO,58,2,
Caribou County,US.ID.CR,58,0,
Greenlee County,US.AZ.GE,58,2,
Pocahontas County,US.WV.PO,58,0,
Gregory County,US.SD.GE,58,1,
Sherman County,US.TX.SN,58,0,
Grant County,US.MN.GR,57,4,
Grand County,US.UT.GR,57,1,
Pratt County,US.KS.PR,57,0,
Pend Oreille County,US.WA.PE,56,0,
Shelby County,US.MO.SB,56,1,
Anderson County,US.KS.AN,56,0,
Adair County,US.IA.AI,56,1,
Hubbard County,US.MN.HU,55,0,
Wilkin County,US.MN.WL,55,3,
Clark County,US.MO.CK,55,0,
Big Stone County,US.MN.BI,55,0,
Washington County,US.CO.WA,55,0,
Edwards County,US.IL.EW,55,0,
McHenry County,US.ND.MH,55,1,
Sublette County,US.WY.SU,54,1,
Custer County,US.ID.CU,54,0,
Russell County,US.KS.RS,54,0,
Missaukee County,US.MI.MU,54,1,
Lawrence County,US.KY.LC,53,0,
Hamilton County,US.IL.HM,53,0,
Franklin County,US.ME.FR,53,1,
Fergus County,US.MT.FE,53,1,
Decatur County,US.IA.DC,53,0,
Hancock County,US.ME.HA,53,1,
Emmons County,US.ND.EM,52,1,
Foster County,US.ND.FO,52,0,
Pepin County,US.WI.PE,52,0,
Iron County,US.MI.IR,52,1,
Tioga County,US.PA.TI,52,3,
Keith County,US.NE.KT,52,0,
Trimble County,US.KY.TM,52,0,
Mackinac County,US.MI.MK,51,0,
Faulk County,US.SD.FU,51,1,
Ness County,US.KS.NS,51,1,
Big Horn County,US.WY.BI,51,1,
Schleicher County,US.TX.SH,51,2,
Carter County,US.MO.CR,51,1,
Valley County,US.MT.VA,51,0,
Lewis County,US.NY.LE,50,5,
Nome Census Area,US.AK.NM,50,0,
Linn County,US.MO.LN,50,1,
Morgan County,US.KY.MG,50,0,
McIntosh County,US.ND.MI,50,3,
Jerauld County,US.SD.JE,50,1,
Lamoille County,US.VT.LA,50,1,
Day County,US.SD.DY,50,0,
Coke County,US.TX.OK,50,3,
Clark County,US.KS.CA,50,1,
Stafford County,US.KS.SF,49,1,
Sullivan County,US.NH.SU,49,1,
Stillwater County,US.MT.ST,49,2,
Marshall County,US.MN.MS,49,1,
Harrison County,US.OH.HR,49,1,
Ballard County,US.KY.BA,48,1,
Norman County,US.MN.NR,48,0,
Dickens County,US.TX.DC,48,2,
Fillmore County,US.NE.FI,48,1,
Ottawa County,US.KS.OT,48,0,
Ketchikan Gateway Borough,US.AK.KG,48,0,
Archuleta County,US.CO.AC,48,0,
McKean County,US.PA.MC,48,2,
Lake County,US.MN.LE,48,0,
Cochran County,US.TX.CC,47,1,
Lexington city,US.VA.LX,47,1,
Richardson County,US.NE.RI,47,1,
Boundary County,US.ID.BD,46,1,
Knox County,US.MO.KN,46,0,
Stanton County,US.KS.ST,46,2,
Jefferson County,US.MT.JE,46,0,
Beaver County,US.OK.BA,46,0,
Hettinger County,US.ND.HE,46,0,
Pendleton County,US.WV.PE,46,1,
Audubon County,US.IA.AU,46,1,
Morgan County,US.OH.MA,46,0,
Boone County,US.NE.BO,46,0,
Park County,US.CO.PA,46,1,
Garfield County,US.UT.GA,46,2,
White Pine County,US.NV.WH,46,1,
Washita County,US.OK.WT,46,0,
Florence County,US.WI.FL,46,0,
Stark County,US.IL.SA,46,1,
Wetzel County,US.WV.WT,46,0,
Plumas County,US.CA.PU,46,0,
Tillamook County,US.OR.TI,45,0,
Morgan County,US.WV.MA,45,0,
Leslie County,US.KY.LS,45,0,
Dewey County,US.OK.DW,44,1,
Bennett County,US.SD.BN,44,1,
Hamilton County,US.KS.HM,44,0,
Box Butte County,US.NE.BX,44,0,
Griggs County,US.ND.GI,44,1,
Rooks County,US.KS.RO,44,0,
Hudspeth County,US.TX.HU,43,2,
Polk County,US.NE.PO,43,1,
Webster County,US.GA.WT,43,2,
Harmon County,US.OK.HM,43,0,
Douglas County,US.SD.DO,43,0,
Pembina County,US.ND.PE,43,0,
Iron County,US.MO.IR,43,0,
Mills County,US.TX.MS,42,0,
Sanders County,US.MT.SA,42,1,
Ashland County,US.WI.AS,42,1,
Dade County,US.MO.DD,42,0,
Aurora County,US.SD.AU,42,0,
Wheeler County,US.TX.WL,42,0,
San Saba County,US.TX.SS,42,0,
Aroostook County,US.ME.AR,42,1,
Mahnomen County,US.MN.MH,41,1,
Rush County,US.KS.RH,41,0,
Warren County,US.PA.WR,41,1,
Alcona County,US.MI.AC,41,2,
Chariton County,US.MO.CI,41,0,
Atchison County,US.MO.AT,41,0,
Roane County,US.WV.RO,41,1,
Vinton County,US.OH.VI,41,3,
Sitka City and Borough,US.AK.SI,40,0,
Mitchell County,US.KS.MC,40,0,
Clay County,US.KS.CY,40,2,
Republic County,US.KS.RP,40,1,
Menifee County,US.KY.ME,40,0,
Tripp County,US.SD.TR,40,0,
Rusk County,US.WI.RU,40,1,
Fulton County,US.PA.FU,40,2,
Golden Valley County,US.ND.GO,40,0,
Greenwood County,US.KS.GW,39,0,
Allen County,US.KS.AL,39,0,
Culberson County,US.TX.UL,39,2,
Warren County,US.IN.WN,39,1,
Lincoln County,US.ME.LI,39,1,
Sierra County,US.NM.SI,39,1,
Price County,US.WI.PC,38,0,
Lincoln County,US.WA.LI,38,1,
Sheridan County,US.NE.SD,38,0,
Kidder County,US.ND.KI,38,0,
Wilson County,US.KS.WL,38,0,
Antelope County,US.NE.AN,38,1,
Bracken County,US.KY.BK,38,0,
LaMoure County,US.ND.LA,37,0,
Lewis County,US.WV.LE,37,2,
Barbour County,US.WV.BB,37,1,
Glascock County,US.GA.GS,37,2,
Cherry County,US.NE.CH,37,4,
Ontonagon County,US.MI.ON,37,0,
Jefferson County,US.OK.JE,37,0,
Sweet Grass County,US.MT.SW,37,1,
Cavalier County,US.ND.CV,37,0,
Alfalfa County,US.OK.AL,37,0,
Stanton County,US.NE.ST,37,0,
Ringgold County,US.IA.RI,37,2,
Holt County,US.NE.HT,37,0,
Owsley County,US.KY.OS,37,1,
Woodruff County,US.AR.WO,36,0,
Red Lake County,US.MN.RD,36,0,
Clear Creek County,US.CO.CL,36,1,
Nelson County,US.ND.NE,36,0,
Dickey County,US.ND.DC,35,0,
Moffat County,US.CO.MF,35,1,
Bottineau County,US.ND.BT,34,0,
Beaver County,US.UT.BV,34,0,
Schuyler County,US.IL.SU,34,0,
Rock County,US.NE.RO,34,0,
Edwards County,US.TX.ED,34,1,
Caledonia County,US.VT.CA,34,0,
Johnson County,US.NE.JO,34,0,
Calhoun County,US.IL.CH,34,0,
Woods County,US.OK.WS,33,0,
Knox County,US.ME.KN,33,1,
Menominee County,US.WI.MN,33,0,
Edwards County,US.KS.ED,33,0,
St. Clair County,US.MO.SC,33,0,
Grant County,US.OK.GN,32,0,
Elliott County,US.KY.EL,32,0,
Kingsbury County,US.SD.KI,32,0,
Wells County,US.ND.WE,32,0,
Norton city,US.VA.NC,32,0,
Lake County,US.MI.LK,32,0,
Lac Qui Parle County,US.MN.LC,32,0,
Costilla County,US.CO.CS,32,1,
Guadalupe County,US.NM.GU,32,1,
Perkins County,US.NE.PE,32,9,
Schuyler County,US.NY.SU,32,0,
Cheyenne County,US.NE.CY,32,0,
Bear Lake County,US.ID.BK,31,0,
Putnam County,US.IL.PT,31,0,
Conejos County,US.CO.CN,31,0,
Quitman County,US.GA.QU,31,1,
Union County,US.NM.UN,31,2,
Phillips County,US.CO.PH,30,0,
Sargent County,US.ND.SG,30,0,
Prince of Wales-Hyder Census Area,US.AK.PH,30,0,
Gosper County,US.NE.GO,30,0,
Potter County,US.SD.PO,30,0,
Hot Springs County,US.WY.HO,30,0,
Furnas County,US.NE.FU,30,1,
Wolfe County,US.KY.WL,30,0,
Putnam County,US.MO.PN,30,1,
San Juan County,US.WA.SA,29,0,
Covington city,US.VA.CV,29,0,
Clay County,US.WV.CY,29,2,
Oscoda County,US.MI.OO,29,1,
Ferry County,US.WA.FE,29,0,
Johnson County,US.WY.JO,29,1,
Calhoun County,US.AR.CA,29,0,
Brown County,US.IL.BR,29,0,
Los Alamos County,US.NM.LO,29,0,
Traverse County,US.MN.TR,29,0,
Trego County,US.KS.TR,29,1,
Lipscomb County,US.TX.LM,29,0,
Nicholas County,US.KY.NI,29,1,
Lake County,US.OR.LK,29,0,
Clark County,US.SD.CK,28,0,
Thayer County,US.NE.TA,28,0,
Pierce County,US.ND.PI,28,0,
Graham County,US.KS.GH,28,1,
Summers County,US.WV.SU,28,0,
Adams County,US.IA.AM,27,0,
Musselshell County,US.MT.MU,27,1,
Ellsworth County,US.KS.EW,27,0,
Mercer County,US.MO.MC,27,0,
Stanley County,US.SD.ST,27,0,
Marshall County,US.SD.MS,27,0,
Clearwater County,US.ID.CE,27,0,
Bowman County,US.ND.BW,26,0,
Craig County,US.VA.CG,26,0,
Hardin County,US.IL.HI,26,0,
Curry County,US.OR.CU,26,0,
Norton County,US.KS.NT,26,0,
Jefferson County,US.NE.JE,26,0,
Morris County,US.KS.MR,26,0,
Reynolds County,US.MO.RE,26,0,
Adams County,US.ID.AM,26,1,
Butte County,US.ID.BT,26,0,
Mellette County,US.SD.ML,25,0,
Emery County,US.UT.EM,25,0,
Ouray County,US.CO.OU,25,1,
Matthews County,US.VA.MT,25,0,
Valley County,US.NE.VA,25,0,
Potter County,US.PA.PO,25,0,
Clark County,US.ID.CA,25,0,
Harper County,US.OK.HP,25,0,
Burke County,US.ND.BK,25,1,
Steele County,US.ND.SE,25,0,
Colfax County,US.NM.CO,24,1,
Perkins County,US.SD.PR,24,0,
Hardeman County,US.TX.RD,24,0,
Hanson County,US.SD.HS,24,0,
Rio Blanco County,US.CO.RB,24,0,
Clearwater County,US.MN.CE,24,0,
Presque Isle County,US.MI.PR,24,1,
Kinney County,US.TX.KN,24,1,
Noble County,US.OH.NO,23,0,
Pope County,US.IL.PE,23,1,
Scotland County,US.MO.SO,23,1,
Menard County,US.TX.EN,23,0,
Crook County,US.WY.CK,23,0,
Shackelford County,US.TX.SC,23,0,
Wallowa County,US.OR.WW,23,1,
Delta County,US.TX.DT,22,0,
Schuyler County,US.MO.SH,22,0,
Calhoun County,US.WV.CH,22,0,
Granite County,US.MT.GN,22,0,
Oneida County,US.ID.ON,22,0,
Orange County,US.VT.OA,22,0,
Orleans County,US.VT.OL,22,0,
Hoonah-Angoon Census Area,US.AK.HH,21,0,
Cimarron County,US.OK.CO,21,0,
Coos County,US.NH.CO,21,0,
Las Animas County,US.CO.LS,21,0,
Red Willow County,US.NE.RE,21,0,
Pershing County,US.NV.PE,21,0,
Upton County,US.TX.UP,21,2,
Southeast Fairbanks Census Area,US.AK.SO,21,0,
Gove County,US.KS.GO,20,0,
Lake and Peninsula Borough,US.AK.LA,20,0,
Mineral County,US.CO.MI,20,0,
Cottle County,US.TX.OT,20,2,
Franklin County,US.NE.FA,20,0,
Greeley County,US.NE.GE,20,0,
Lake of the Woods County,US.MN.LO,20,1,
Teton County,US.MT.TE,20,0,
Renville County,US.ND.RE,19,0,
Gilmer County,US.WV.GI,19,0,
McMullen County,US.TX.MM,19,0,
Sherman County,US.NE.SM,19,1,
McPherson County,US.SD.MP,19,0,
Sherman County,US.KS.SH,19,0,
Miner County,US.SD.ME,19,0,
Kodiak Island Borough,US.AK.KO,19,0,
Taliaferro County,US.GA.TA,19,0,
Hall County,US.TX.HA,19,1,
Hand County,US.SD.HD,19,0,
Marshall County,US.KS.MS,18,0,
Nance County,US.NE.NA,18,0,
Sherman County,US.OR.SH,18,0,
Collingsworth County,US.TX.CG,18,0,
Worth County,US.MO.WO,18,0,
Gilpin County,US.CO.GI,18,0,
Broadwater County,US.MT.BR,17,0,
Roger Mills County,US.OK.RR,17,1,
Sanborn County,US.SD.SA,17,0,
Alger County,US.MI.AG,17,0,
Chase County,US.NE.CE,17,0,
Baca County,US.CO.BA,17,0,
Carson County,US.TX.CN,17,0,
Schoolcraft County,US.MI.SR,17,0,
Kiowa County,US.KS.KW,17,0,
Pondera County,US.MT.PN,17,0,
Custer County,US.CO.CU,17,0,
Doddridge County,US.WV.DO,17,0,
Kimble County,US.TX.KM,16,1,
Garfield County,US.MT.GF,16,0,
Hodgeman County,US.KS.HG,16,0,
Chautauqua County,US.KS.CQ,15,0,
Blaine County,US.MT.BL,15,0,
Chouteau County,US.MT.CH,15,0,
Woodson County,US.KS.WO,15,0,
Webster County,US.NE.WE,15,0,
Washington County,US.ME.WS,15,0,
Lee County,US.KY.LE,15,0,
Jackson County,US.SD.JA,15,1,
Oldham County,US.TX.OL,15,1,
Liberty County,US.MT.LB,15,0,
Kimball County,US.NE.KB,15,0,
Tucker County,US.WV.TU,15,0,
Trinity County,US.CA.TR,15,0,
Logan County,US.ND.LO,15,0,
McCone County,US.MT.MC,15,0,
Pleasants County,US.WV.PL,15,2,
Tyler County,US.WV.TY,15,0,
Jewell County,US.KS.JW,14,1,
Washington County,US.KS.WS,14,0,
Grand Isle County,US.VT.GR,14,0,
Baylor County,US.TX.BR,14,0,
Columbia County,US.WA.CM,14,1,
Hamilton County,US.NY.HA,14,1,
Forest County,US.PA.FO,14,0,
Wallace County,US.KS.WA,14,0,
Adams County,US.ND.AD,14,0,
Jeff Davis County,US.TX.JF,14,0,
Morton County,US.KS.MT,13,2,
Pawnee County,US.NE.PA,13,0,
Rich County,US.UT.RH,13,0,
Montmorency County,US.MI.MR,13,0,
Oliver County,US.ND.OL,13,0,
Mineral County,US.NV.MI,13,0,
Nuckolls County,US.NE.NU,13,0,
Robertson County,US.KY.RB,12,0,
Kittson County,US.MN.KI,12,0,
Harney County,US.OR.HA,12,0,
Sedgwick County,US.CO.SE,12,1,
Lewis County,US.ID.LW,12,0,
Modoc County,US.CA.MC,12,0,
Briscoe County,US.TX.BO,12,1,
Boyd County,US.NE.BY,12,0,
Armstrong County,US.TX.AM,12,1,
Sheridan County,US.KS.SD,12,0,
Wrangell City and Borough,US.AK.WG,12,0,
Baraga County,US.MI.BA,12,0,
Lane County,US.KS.LE,11,0,
Haakon County,US.SD.HA,11,0,
Luce County,US.MI.LU,11,0,
Bent County,US.CO.BE,11,0,
Brown County,US.NE.BW,11,0,
Towner County,US.ND.TO,11,0,
Lincoln County,US.KS.LC,11,0,
Catron County,US.NM.CA,11,1,
Ritchie County,US.WV.RI,11,0,
Huerfano County,US.CO.HU,10,1,
Cheyenne County,US.CO.CE,10,0,
Comanche County,US.KS.CM,10,0,
Meagher County,US.MT.ME,10,1,
Cheyenne County,US.KS.CN,10,0,
Irion County,US.TX.IR,10,0,
Dundy County,US.NE.DY,10,1,
Stonewall County,US.TX.SA,10,1,
Garfield County,US.WA.GF,10,0,
Sullivan County,US.PA.SL,10,0,
Powell County,US.MT.PL,10,0,
Eureka County,US.NV.EU,10,0,
Platte County,US.WY.PL,10,1,
Garden County,US.NE.GD,9,0,
Braxton County,US.WV.BX,9,0,
Grant County,US.ND.GT,9,0,
Kusilvak Census Area,US.AK.WA,9,0,
Sheridan County,US.ND.SH,9,0,
Storey County,US.NV.ST,9,0,
Jackson County,US.CO.JA,9,0,
Wirt County,US.WV.WI,9,0,
Roberts County,US.TX.RS,9,0,
Cameron County,US.PA.CE,8,0,
Piscataquis County,US.ME.PI,8,0,
Sully County,US.SD.SU,8,0,
Keweenaw County,US.MI.KW,8,0,
Harlan County,US.NE.HR,8,0,
Lincoln County,US.CO.LI,8,0,
Grant County,US.OR.GR,8,0,
Wibaux County,US.MT.WI,8,0,
Hyde County,US.SD.HY,8,0,
Sioux County,US.NE.SI,7,0,
Motley County,US.TX.MY,7,0,
Kent County,US.TX.KT,7,0,
Kenedy County,US.TX.KE,7,1,
Mora County,US.NM.MO,7,0,
Aleutians West Census Area,US.AK.AW,7,0,
Ellis County,US.OK.EL,7,0,
Hooker County,US.NE.HO,7,0,
Petersburg Census Area,US.AK.PB,7,1,
Webster County,US.WV.WB,7,0,
Slope County,US.ND.SL,7,0,
Throckmorton County,US.TX.TH,6,2,
Frontier County,US.NE.FO,6,0,
Logan County,US.NE.LG,6,0,
Logan County,US.KS.LG,6,0,
Glasscock County,US.TX.GC,6,0,
Dillingham Census Area,US.AK.DI,6,0,
Wheatland County,US.MT.WH,6,0,
Decatur County,US.KS.DC,6,0,
Garfield County,US.NE.GF,6,0,
Lincoln County,US.NV.LI,6,0,
Cook County,US.MN.CO,6,0,
Divide County,US.ND.DV,6,0,
Highland County,US.VA.HA,6,0,
Sheridan County,US.MT.SH,6,0,
Billings County,US.ND.BI,6,0,
Piute County,US.UT.PT,6,0,
Sierra County,US.CA.SE,6,0,
Osborne County,US.KS.OB,6,0,
McPherson County,US.NE.MC,6,0,
Jones County,US.SD.JO,6,0,
Judith Basin County,US.MT.JU,6,0,
Wahkiakum County,US.WA.WH,6,0,
San Juan County,US.CO.SJ,6,0,
Essex County,US.VT.ES,6,0,
Smith County,US.KS.SM,6,0,
Thomas County,US.NE.TO,5,0,
Greeley County,US.KS.GL,5,0,
Camas County,US.ID.CM,5,0,
Foard County,US.TX.FD,5,0,
Gilliam County,US.OR.GI,5,0,
Campbell County,US.SD.CP,5,0,
Barber County,US.KS.AB,5,0,
Wichita County,US.KS.WH,5,0,
Bath County,US.VA.BA,4,0,
Haines Borough,US.AK.HA,4,0,
Fallon County,US.MT.FA,4,0,
Sterling County,US.TX.SI,4,0,
Terrell County,US.TX.TL,3,0,
Harding County,US.SD.HR,3,0,
Deuel County,US.NE.DL,3,0,
Treasure County,US.MT.TR,3,0,
Golden Valley County,US.MT.GO,3,0,
Daniels County,US.MT.DN,3,0,
Hitchcock County,US.NE.HI,3,0,
Dolores County,US.CO.DO,3,0,
Niobrara County,US.WY.NI,3,0,
Hinsdale County,US.CO.HI,3,0,
Banner County,US.NE.BA,2,0,
Loup County,US.NE.LU,2,0,
Keya Paha County,US.NE.KY,2,0,
Aleutians East Borough,US.AK.AE,2,0,
Mineral County,US.MT.MN,2,0,
Powder River County,US.MT.PD,2,0,
De Baca County,US.NM.DE,2,0,
Alpine County,US.CA.AP,2,0,
Denali Borough,US.AK.DE,2,0,
Wayne County,US.UT.WE,2,0,
Rawlins County,US.KS.RA,2,0,
Harding County,US.NM.HA,2,0,
Arthur County,US.NE.AR,1,0,
Prairie County,US.MT.PR,1,0,
Daggett County,US.UT.DG,1,0,
Wheeler County,US.NE.WH,1,0,
Elk County,US.KS.EK,1,0,
Hayes County,US.NE.HY,0,0,
Wheeler County,US.OR.WE,0,0,
Petroleum County,US.MT.PO,0,0,
Blaine County,US.NE.BL,0,0,
Skagway Municipality,US.AK.SW,0,0,
Kalawao County,US.HI.KL,0,0,
Carter County,US.MT.CT,0,0,
King County,US.TX.KG,0,0,
Kiowa County,US.CO.KO,0,0,
Grant County,US.NE.GA,0,0,
Yakutat City and Borough,US.AK.YA,0,0,
Bristol Bay Borough,US.AK.BR,0,0,
Loving County,US.TX.LI,0,0,
Borden County,US.TX.BD,0,0,
Esmeralda County,US.NV.ES,0,0,
