County,hasc,confirmed,death,recovered
Los Angeles County,US.CA.LO,190693,4669,
Miami-Dade County,US.FL.DA,121207,1647,
Maricopa County,US.AZ.MA,119295,2089,
Cook County,US.IL.CO,106131,4888,
Harris County,US.TX.RR,72964,1288,
Queens County,US.NY.QU,68041,7177,
Kings County,US.NY.KI,62494,7248,
Broward County,US.FL.BO,56797,742,
Dallas County,US.TX.DS,49976,641,
Bronx County,US.NY.BN,49626,4854,
Suffolk County,US.NY.SF,43300,1997,
Nassau County,US.NY.NA,43271,2194,
Clark County,US.NV.CL,42167,688,
Bexar County,US.TX.BX,41177,611,
Riverside County,US.CA.RI,37011,695,
Orange County,US.CA.OR,36833,649,
Westchester County,US.NY.WE,35974,1445,
Palm Beach County,US.FL.PL,33854,833,
San Bernardino County,US.CA.SA,32696,417,
New York County,US.NY.NE,30518,3146,
Hillsborough County,US.FL.HL,29589,341,
San Diego County,US.CA.SD,29577,565,
Orange County,US.FL.OR,29466,232,
Tarrant County,US.TX.TN,28410,378,
Wayne County,US.MI.WY,27183,2803,
Philadelphia County,US.PA.PH,25831,1680,
Middlesex County,US.MA.MI,25801,1983,
Prince George's County,US.MD.PR,22606,741,
Duval County,US.FL.DU,21322,157,
Suffolk County,US.MA.SU,21279,1057,
Shelby County,US.TN.SY,21021,284,
Travis County,US.TX.TV,20745,234,
Mecklenburg County,US.NC.MB,20679,210,
Bergen County,US.NJ.BE,20494,2040,
Kern County,US.CA.KE,19882,144,
Milwaukee County,US.WI.MU,19519,446,
Essex County,US.NJ.ES,19505,2102,
Hudson County,US.NJ.HD,19497,1501,
Salt Lake County,US.UT.SL,19237,176,
Davidson County,US.TN.DA,19176,198,
Fulton County,US.GA.FU,17858,398,
Fairfield County,US.CT.FA,17793,1406,
Middlesex County,US.NJ.MI,17700,1404,
Montgomery County,US.MD.MO,17665,789,
Hennepin County,US.MN.HE,17547,815,
Gwinnett County,US.GA.GW,17511,240,
Passaic County,US.NJ.PA,17465,1242,
Essex County,US.MA.ES,17305,1182,
Hidalgo County,US.TX.HG,17006,412,
Franklin County,US.OH.FR,16952,513,
Pinellas County,US.FL.PI,16604,437,
Union County,US.NJ.UN,16545,1347,
Pima County,US.AZ.PM,16475,462,
Fairfax County,US.VA.FX,15689,522,
Lee County,US.FL.LE,15551,300,
King County,US.WA.KN,15390,655,
Fresno County,US.CA.FR,15083,138,
Richmond County,US.NY.RI,14781,1076,
Oakland County,US.MI.OD,14721,1126,
Marion County,US.IN.MO,14578,718,
Providence County,US.RI.PR,14549,807,
El Paso County,US.TX.EP,14410,248,
Jefferson Parish,US.LA.JF,14155,513,
Rockland County,US.NY.RO,13880,507,
Worcester County,US.MA.WO,13376,991,
New Haven County,US.CT.NH,13041,1101,
St. Louis County,US.MO.SL,12830,646,
Polk County,US.FL.PO,12735,269,
Hartford County,US.CT.HA,12645,1412,
Cuyahoga County,US.OH.CU,12518,475,
DeKalb County,US.GA.DA,12348,225,
Washington,US.DC.DI,12205,585,
Baltimore County,US.MD.BC,11997,549,
Lake County,US.IL.LK,11952,440,
Jefferson County,US.AL.JE,11680,227,
Alameda County,US.CA.AA,11484,189,
San Joaquin County,US.CA.SJ,11483,168,
Charleston County,US.SC.CS,11457,157,
Cobb County,US.GA.CB,11436,298,
Baltimore City,US.MD.BA,11406,409,
DuPage County,US.IL.DU,11380,510,
Orange County,US.NY.OE,11088,407,
Yuma County,US.AZ.YU,11078,254,
Cameron County,US.TX.CA,10971,346,
Wake County,US.NC.WK,10969,132,
East Baton Rouge Parish,US.LA.EB,10690,326,
Ocean County,US.NJ.OC,10439,1015,
Santa Clara County,US.CA.SL,10321,191,
Norfolk County,US.MA.NO,10305,986,
Orleans Parish,US.LA.OR,10255,560,
Douglas County,US.NE.DG,10241,131,
Greenville County,US.SC.GV,10116,179,
Monmouth County,US.NJ.MN,10093,858,
Sacramento County,US.CA.SC,10016,142,
Yakima County,US.WA.YA,9961,204,
Nueces County,US.TX.NU,9856,102,
Montgomery County,US.PA.MG,9813,850,
Denver County,US.CO.DN,9693,413,
Collier County,US.FL.CL,9662,124,
Macomb County,US.MI.MB,9565,936,
Polk County,US.IA.PK,9538,201,
Tulare County,US.CA.TL,9454,178,
Imperial County,US.CA.IM,9409,220,
Jackson County (including other portions of Kansas City),US.MO.JC,9261,104,
Oklahoma County,US.OK.OL,9214,98,
Kane County,US.IL.KE,9138,297,
Plymouth County,US.MA.PL,9107,711,
Bristol County,US.MA.BR,9088,623,
Stanislaus County,US.CA.ST,9061,110,
Hamilton County,US.OH.HM,9048,246,
Tulsa County,US.OK.TU,8986,101,
Prince William County,US.VA.PW,8893,172,
Delaware County,US.PA.DE,8770,686,
Galveston County,US.TX.GV,8721,97,
Manatee County,US.FL.MN,8655,185,
Osceola County,US.FL.OS,8649,79,
Erie County,US.NY.ER,8548,594,
Mobile County,US.AL.MB,8522,194,
Will County,US.IL.WL,8502,339,
Camden County,US.NJ.CM,8334,573,
Allegheny County,US.PA.AL,8160,233,
Pinal County,US.AZ.PN,8153,140,
Mercer County,US.NJ.ME,8027,615,
Horry County,US.SC.HO,8025,127,
Ada County,US.ID.AA,8004,62,
Escambia County,US.FL.ES,7908,97,
Utah County,US.UT.UT,7808,35,
Contra Costa County,US.CA.CN,7806,121,
Richland County,US.SC.RI,7719,131,
Hampden County,US.MA.HD,7433,697,
Ventura County,US.CA.VE,7344,76,
Morris County,US.NJ.MR,7144,829,
Kent County,US.MI.KN,7105,154,
Fort Bend County,US.TX.FR,7082,145,
Jefferson County,US.KY.JF,7040,233,
LaPorte County,US.IN.LA,6994,29,
Bucks County,US.PA.BC,6959,578,
Volusia County,US.FL.VO,6959,113,
Arapahoe County,US.CO.AA,6932,363,
Anne Arundel County,US.MD.AN,6855,217,
New Castle County,US.DE.NE,6843,287,
Denton County,US.TX.DN,6803,74,
Ramsey County,US.MN.RA,6763,260,
San Francisco County,US.CA.SF,6723,61,
Seminole County,US.FL.SE,6566,84,
Brazoria County,US.TX.BI,6534,72,
Pasco County,US.FL.PS,6394,96,
Collin County,US.TX.CI,6353,72,
Calcasieu Parish,US.LA.CC,6278,121,
Montgomery County,US.TX.MG,6196,72,
Montgomery County,US.AL.MT,6189,144,
Santa Barbara County,US.CA.SB,6167,60,
Lafayette Parish,US.LA.LY,6155,84,
Caddo Parish,US.LA.CO,6144,277,
Webb County,US.TX.WB,6131,77,
Adams County,US.CO.AD,6018,171,
Rutherford County,US.TN.RU,5999,51,
Washington County,US.AR.WA,5952,46,
Durham County,US.NC.DH,5830,77,
Burlington County,US.NJ.BU,5812,470,
Williamson County,US.TX.WM,5715,78,
Sarasota County,US.FL.SR,5672,121,
Sussex County,US.DE.SU,5630,191,
Lancaster County,US.PA.LN,5590,407,
Hamilton County,US.TN.HL,5549,47,
San Mateo County,US.CA.SM,5544,119,
Brevard County,US.FL.BE,5521,115,
Lubbock County,US.TX.LU,5512,64,
Jefferson County,US.TX.JE,5491,67,
Hall County,US.GA.HL,5482,79,
Navajo County,US.AZ.NA,5255,188,
Washoe County,US.NV.WA,5186,114,
Somerset County,US.NJ.SO,5186,555,
Hinds County,US.MS.HI,5176,106,
Berks County,US.PA.BK,5168,365,
Guilford County,US.NC.GU,5167,147,
St. Lucie County,US.FL.SL,5106,125,
Snohomish County,US.WA.SN,5087,189,
Marion County,US.FL.MI,5069,61,
Pierce County,US.WA.PI,5064,127,
Loudoun County,US.VA.LD,5014,112,
Johnson County,US.KS.JO,5014,98,
Marin County,US.CA.MN,4987,70,
Madison County,US.AL.MD,4911,30,
Chatham County,US.GA.CM,4911,67,
Forsyth County,US.NC.FO,4883,48,
Chester County,US.PA.CH,4876,344,
Lehigh County,US.PA.LH,4828,335,
Pulaski County,US.AR.PU,4803,77,
Bernalillo County,US.NM.BE,4800,123,
Canyon County,US.ID.CN,4778,37,
Lucas County,US.OH.LU,4762,316,
Monroe County,US.NY.MR,4742,250,
St. Tammany Parish,US.LA.ST,4621,201,
Lake County,US.FL.LK,4612,51,
Wyandotte County,US.KS.WY,4587,95,
Elkhart County,US.IN.EL,4566,76,
Monterey County,US.CA.MT,4542,26,
El Paso County,US.CO.EL,4541,135,
City of St. Louis,US.MO.SY,4524,158,
Lexington County,US.SC.LX,4518,99,
Dutchess County,US.NY.DU,4504,153,
Benton County,US.AR.BE,4495,39,
Clayton County,US.GA.CN,4468,100,
Multnomah County,US.OR.MU,4403,92,
Kings County,US.CA.KI,4380,56,
Ouachita Parish,US.LA.OU,4372,105,
McLennan County,US.TX.ML,4326,39,
Hays County,US.TX.HY,4297,32,
Leon County,US.FL.LO,4294,14,
Merced County,US.CA.MD,4285,50,
Muscogee County,US.GA.MG,4259,82,
Sedgwick County,US.KS.SG,4196,39,
Minnehaha County,US.SD.MN,4189,63,
Virginia Beach City,US.VA.VI,4178,46,
Dane County,US.WI.DA,4112,37,
McKinley County,US.NM.MC,3999,220,
Montgomery County,US.OH.MT,3970,75,
Chesterfield County,US.VA.CD,3968,75,
Brown County,US.WI.BW,3962,51,
Tuscaloosa County,US.AL.TU,3927,63,
Jefferson County,US.CO.JE,3915,227,
Brazos County,US.TX.BZ,3877,42,
Dakota County,US.MN.DA,3860,102,
Knox County,US.TN.KN,3848,31,
Northampton County,US.PA.NA,3843,290,
Berkeley County,US.SC.BK,3809,57,
Spokane County,US.WA.SP,3806,60,
Hillsborough County,US.NH.HI,3755,278,
Spartanburg County,US.SC.SP,3697,81,
Winnebago County,US.IL.WN,3663,122,
Woodbury County,US.IA.WO,3627,49,
Martin County,US.FL.MT,3626,75,
Bay County,US.FL.BY,3620,21,
Solano County,US.CA.SN,3611,37,
Henrico County,US.VA.HC,3601,182,
Alachua County,US.FL.AL,3590,21,
Richmond County,US.GA.RI,3588,83,
Waukesha County,US.WI.WK,3578,54,
Howard County,US.MD.HO,3570,106,
St. Clair County,US.IL.SI,3569,156,
Beaufort County,US.SC.BA,3566,44,
Allen County,US.IN.AL,3557,157,
Weld County,US.CO.WE,3525,141,
St. Charles County,US.MO.SA,3508,87,
Potter County,US.TX.PT,3505,39,
Bell County,US.TX.BL,3496,31,
Genesee County,US.MI.GE,3487,294,
Benton County,US.WA.BE,3485,109,
Onondaga County,US.NY.OG,3477,173,
Santa Rosa County,US.FL.SA,3399,24,
Atlantic County,US.NJ.AT,3381,252,
Franklin County,US.WA.FR,3281,47,
Anoka County,US.MN.AN,3277,112,
Luzerne County,US.PA.LU,3276,183,
St. Johns County,US.FL.SJ,3264,28,
Cumberland County,US.NJ.CU,3228,157,
DeSoto County,US.MS.DE,3215,27,
Summit County,US.OH.SU,3212,217,
Victoria County,US.TX.VI,3203,28,
Williamson County,US.TN.WL,3193,22,
Racine County,US.WI.RA,3191,76,
Norfolk City,US.VA.NF,3185,26,
Baldwin County,US.AL.BD,3142,22,
Sumner County,US.TN.SN,3136,69,
Whitfield County,US.GA.WF,3135,26,
York County,US.SC.YO,3119,27,
Shelby County,US.AL.SH,3109,32,
Bibb County,US.GA.BI,3107,61,
Gloucester County,US.NJ.GL,3080,209,
St. Joseph County,US.IN.SN,3071,79,
Apache County,US.AZ.AP,3054,135,
Tangipahoa Parish,US.LA.TA,3037,62,
Lancaster County,US.NE.LA,3028,15,
Johnston County,US.NC.JH,3000,43,
San Juan County,US.NM.SJ,2999,181,
Gaston County,US.NC.GS,2994,37,
Mohave County,US.AZ.MO,2990,153,
Frederick County,US.MD.FR,2989,121,
Black Hawk County,US.IA.BL,2971,62,
Coconino County,US.AZ.CO,2964,117,
Henry County,US.GA.HY,2954,41,
Davis County,US.UT.DA,2953,13,
Rapides Parish,US.LA.RA,2945,102,
Sonoma County,US.CA.SO,2944,37,
Richmond City,US.VA.RC,2936,39,
Florence County,US.SC.FL,2934,96,
Lowndes County,US.GA.LW,2931,32,
Marshall County,US.AL.MS,2927,31,
Cass County,US.ND.CS,2917,76,
McHenry County,US.IL.MY,2909,113,
Arlington County,US.VA.AR,2906,136,
Marion County,US.OH.MR,2867,44,
Clay County,US.FL.CY,2853,48,
Okaloosa County,US.FL.OA,2850,30,
Walker County,US.TX.WK,2814,38,
Alexandria City,US.VA.AX,2811,59,
Stearns County,US.MN.SR,2807,20,
Cherokee County,US.GA.CE,2791,56,
Washington County,US.OR.WI,2783,23,
Union County,US.NC.UN,2762,39,
Dorchester County,US.SC.DO,2736,37,
Fayette County,US.KY.FA,2697,46,
Cumberland County,US.NC.CU,2694,50,
Terrebonne Parish,US.LA.TR,2693,74,
Butler County,US.OH.BU,2652,59,
Cleveland County,US.OK.CV,2652,49,
Dauphin County,US.PA.DA,2649,155,
Marion County,US.OR.MR,2614,67,
Santa Cruz County,US.AZ.SA,2610,50,
Robeson County,US.NC.RB,2606,51,
Lee County,US.AL.LE,2597,43,
Dougherty County,US.GA.DH,2589,168,
Weber County,US.UT.WB,2579,25,
Livingston Parish,US.LA.LV,2561,48,
Columbia County,US.FL.CU,2550,10,
Lafourche Parish,US.LA.LO,2516,96,
Albany County,US.NY.AB,2515,116,
Ellis County,US.TX.EI,2472,34,
Chesapeake City,US.VA.CS,2462,29,
Ascension Parish,US.LA.AE,2458,68,
Kenosha County,US.WI.KN,2453,53,
Hamilton County,US.IN.HM,2446,104,
Warren County,US.KY.WR,2404,22,
Washtenaw County,US.MI.WS,2385,112,
Mahoning County,US.OH.MH,2383,253,
Cabarrus County,US.NC.CR,2375,45,
Pickaway County,US.OH.PC,2348,42,
Acadia Parish,US.LA.AD,2331,71,
New Hanover County,US.NC.NE,2322,19,
Smith County,US.TX.SM,2309,17,
Washington County,US.UT.WN,2302,12,
Wayne County,US.NC.WY,2299,37,
Sumter County,US.SC.SU,2286,43,
York County,US.PA.YO,2286,87,
Glynn County,US.GA.GY,2281,29,
Douglas County,US.GA.DL,2279,49,
Ector County,US.TX.EC,2276,35,
Madison County,US.MS.MD,2272,53,
Indian River County,US.FL.IN,2270,48,
Anderson County,US.TX.AE,2209,8,
Alamance County,US.NC.AA,2189,41,
Morgan County,US.AL.MG,2189,15,
Kent County,US.DE.KE,2183,107,
Midland County,US.TX.ID,2179,26,
Dona Ana County,US.NM.DO,2178,23,
Iberia Parish,US.LA.II,2160,62,
Troup County,US.GA.TP,2159,63,
Orangeburg County,US.SC.OR,2150,56,
Madison County,US.IL.MD,2137,72,
Rankin County,US.MS.RA,2111,28,
Ford County,US.KS.FO,2106,10,
St. Landry Parish,US.LA.SL,2082,72,
Oneida County,US.NY.OD,2081,115,
Harrison County,US.MS.HR,2067,32,
Anderson County,US.SC.AN,2057,44,
Bossier Parish,US.LA.BO,2054,67,
Randolph County,US.NC.RA,2049,36,
Cumberland County,US.ME.CU,2047,68,
Wilson County,US.TN.WO,2041,20,
Ulster County,US.NY.UL,2026,81,
Linn County,US.IA.LI,2008,87,
Rowan County,US.NC.RW,1986,48,
Charlotte County,US.FL.CH,1984,89,
Sarpy County,US.NE.SY,1978,9,
Umatilla County,US.OR.UM,1977,23,
Madera County,US.CA.ME,1943,30,
Etowah County,US.AL.ET,1938,24,
Duplin County,US.NC.DP,1924,42,
Placer County,US.CA.PA,1912,15,
Dakota County,US.NE.DK,1901,41,
Lackawanna County,US.PA.LC,1898,212,
Forsyth County,US.GA.FO,1898,19,
Boulder County,US.CO.BO,1890,75,
Johnson County,US.IA.JH,1887,15,
Catawba County,US.NC.CB,1883,24,
Jackson County,US.MS.JC,1874,34,
Charles County,US.MD.CH,1855,91,
Maverick County,US.TX.MV,1852,29,
Washington County,US.MN.WH,1852,43,
Columbia County,US.GA.CI,1848,19,
Honolulu County,US.HI.HO,1842,19,
Saginaw County,US.MI.SG,1836,129,
Kaufman County,US.TX.KU,1816,19,
Cache County,US.UT.CA,1809,4,
Starr County,US.TX.SR,1806,50,
San Luis Obispo County,US.CA.SS,1783,15,
Buena Vista County,US.IA.BV,1782,12,
Harford County,US.MD.HA,1780,67,
Yavapai County,US.AZ.YA,1778,60,
Municipality of Anchorage,US.AK.AN,1769,12,
Barnstable County,US.MA.BA,1755,156,
Dallas County,US.IA.DL,1752,35,
Houston County,US.GA.HO,1746,49,
Cass County,US.IN.CS,1743,9,
Jones County,US.MS.JO,1740,57,
Nobles County,US.MN.NB,1740,6,
Pitt County,US.NC.PI,1739,11,
Ottawa County,US.MI.OT,1739,54,
Finney County,US.KS.FI,1737,10,
Hendricks County,US.IN.HD,1731,105,
Sebastian County,US.AR.SB,1724,14,
Hall County,US.NE.HL,1708,45,
Hernando County,US.FL.HA,1707,33,
Pickens County,US.SC.PI,1705,22,
Carroll County,US.GA.CL,1701,47,
Clarke County,US.GA.CK,1694,17,
DeKalb County,US.AL.DA,1684,12,
Bradley County,US.TN.BR,1681,10,
Sevier County,US.TN.SV,1679,5,
Vanderburgh County,US.IN.VA,1679,12,
Montgomery County,US.TN.MT,1677,11,
Kankakee County,US.IL.KK,1672,68,
Iredell County,US.NC.IR,1670,17,
Comal County,US.TX.OM,1669,61,
Stark County,US.OH.ST,1661,132,
Buncombe County,US.NC.BO,1657,46,
Hendry County,US.FL.HR,1649,36,
Angelina County,US.TX.AG,1647,35,
Jasper County,US.MO.JS,1646,25,
Davidson County,US.NC.DD,1635,17,
Johnson County,US.IN.JO,1631,118,
Rockingham County,US.NH.RO,1629,95,
Douglas County,US.CO.DU,1624,59,
Elmore County,US.AL.EL,1622,37,
Forrest County,US.MS.FO,1615,51,
Olmsted County,US.MN.OL,1608,23,
Manassas City,US.VA.MS,1607,20,
Litchfield County,US.CT.LI,1597,138,
Guadalupe County,US.TX.GU,1597,43,
Lorain County,US.OH.LR,1596,76,
Newport News City,US.VA.NN,1589,16,
Jackson County,US.FL.JA,1588,32,
Monroe County,US.PA.MR,1587,123,
Randall County,US.TX.RA,1586,17,
Bartow County,US.GA.BT,1583,59,
Warren County,US.OH.WR,1579,35,
Tom Green County,US.TX.TG,1575,20,
Kootenai County,US.ID.KO,1574,13,
Trousdale County,US.TN.TR,1572,6,
Columbiana County,US.OH.CL,1566,60,
Newton County,US.GA.NE,1566,35,
Lebanon County,US.PA.LB,1565,54,
Rock Island County,US.IL.RO,1564,30,
Scott County,US.IA.SC,1563,12,
Burke County,US.NC.BK,1550,26,
Yolo County,US.CA.YO,1544,42,
Putnam County,US.TN.PU,1543,13,
Johnson County,US.TX.JH,1541,24,
Kalamazoo County,US.MI.KA,1541,81,
Cochise County,US.AZ.CH,1523,49,
Champaign County,US.IL.CM,1513,19,
Clark County,US.WA.CR,1513,42,
Portsmouth City,US.VA.PR,1492,24,
Dubuque County,US.IA.DU,1489,28,
Sullivan County,US.NY.SL,1483,37,
Calhoun County,US.AL.CN,1480,9,
Walker County,US.AL.WK,1475,66,
Ingham County,US.MI.IH,1473,30,
Colquitt County,US.GA.CQ,1473,22,
St. Martin Parish,US.LA.SR,1468,42,
Carroll County,US.MD.CR,1467,116,
Washington County,US.MS.WS,1457,32,
Aiken County,US.SC.AI,1456,21,
Hot Spring County,US.AR.HT,1451,8,
Niagara County,US.NY.NI,1444,88,
Gadsden County,US.FL.GA,1437,19,
Putnam County,US.NY.PU,1425,63,
Westmoreland County,US.PA.WE,1422,46,
Leavenworth County,US.KS.LV,1422,8,
Kent County,US.RI.KE,1421,102,
Robertson County,US.TN.RB,1417,16,
Sampson County,US.NC.SP,1417,12,
Trumbull County,US.OH.TR,1408,102,
New London County,US.CT.NL,1402,103,
Paulding County,US.GA.PA,1401,19,
Shawnee County,US.KS.SN,1398,19,
Wilson County,US.NC.WO,1382,34,
St. Mary Parish,US.LA.SM,1381,48,
Clackamas County,US.OR.CC,1377,36,
Middlesex County,US.CT.MI,1377,191,
Larimer County,US.CO.LR,1376,35,
Marshall County,US.IA.MS,1375,24,
Henderson County,US.NC.HN,1358,53,
Rock County,US.WI.RO,1357,26,
St. Charles Parish,US.LA.SC,1340,50,
Scott County,US.MN.SC,1339,13,
Dallas County,US.AL.DL,1338,23,
St. John the Baptist Parish,US.LA.SO,1334,88,
Val Verde County,US.TX.VL,1332,18,
Warren County,US.NJ.WA,1329,170,
Jefferson County,US.MO.JE,1328,24,
Monroe County,US.FL.MO,1325,9,
Coffee County,US.GA.CF,1324,25,
Lauderdale County,US.MS.LU,1321,88,
Spotsylvania County,US.VA.SP,1318,35,
Putnam County,US.FL.PU,1317,16,
Jefferson County,US.AR.JE,1315,38,
Houston County,US.AL.HO,1313,14,
Gregg County,US.TX.GE,1313,19,
Coweta County,US.GA.CA,1313,21,
Sussex County,US.NJ.SU,1300,195,
Kenton County,US.KY.KE,1297,37,
Bastrop County,US.TX.BP,1296,18,
Wicomico County,US.MD.WI,1287,44,
DeSoto County,US.FL.DE,1285,15,
Berrien County,US.MI.BN,1283,65,
Peoria County,US.IL.PI,1280,34,
Orange County,US.NC.OR,1278,45,
Kendall County,US.IL.KA,1277,23,
Franklin County,US.PA.FR,1276,46,
Georgetown County,US.SC.GR,1274,18,
Stafford County,US.VA.SF,1258,7,
St. Clair County,US.AL.SA,1248,11,
Floyd County,US.GA.FL,1243,15,
Tift County,US.GA.TI,1241,35,
Walton County,US.FL.WL,1239,13,
Kershaw County,US.SC.KE,1236,23,
Greenwood County,US.SC.GW,1234,12,
Grant County,US.WA.GN,1231,13,
Citrus County,US.FL.CI,1228,29,
Fairfield County,US.OH.FI,1228,22,
Walworth County,US.WI.WL,1225,21,
Vermilion Parish,US.LA.VM,1224,17,
Chatham County,US.NC.CH,1220,50,
Cumberland County,US.PA.CU,1219,70,
Beaver County,US.PA.BA,1219,89,
Russell County,US.AL.RU,1212,1,
Hamblen County,US.TN.HB,1208,13,
Twin Falls County,US.ID.TW,1206,31,
Boone County,US.MO.BO,1205,3,
Greene County,US.MO.GE,1204,10,
Laurens County,US.SC.LU,1202,32,
Highlands County,US.FL.HG,1197,29,
Lee County,US.MS.LE,1194,30,
Crittenden County,US.AR.CD,1191,18,
Faulkner County,US.AR.FA,1190,5,
Neshoba County,US.MS.NS,1190,87,
Seward County,US.KS.SW,1188,4,
Hale County,US.TX.HE,1185,22,
Delaware County,US.OH.DL,1180,18,
Lee County,US.NC.LE,1178,10,
Limestone County,US.AL.LI,1177,13,
Franklin County,US.AL.FR,1177,20,
Pope County,US.AR.PP,1174,9,
Brunswick County,US.NC.BS,1174,15,
Pottawattamie County,US.IA.PT,1171,21,
Lincoln County,US.AR.LC,1168,11,
Titus County,US.TX.TU,1167,14,
Washington Parish,US.LA.WO,1166,58,
Granville County,US.NC.GN,1164,25,
Suwannee County,US.FL.SW,1155,32,
Cullman County,US.AL.CU,1154,11,
Santa Cruz County,US.CA.SZ,1152,4,
Rockdale County,US.GA.RO,1152,16,
Porter County,US.IN.PR,1144,39,
Hunterdon County,US.NJ.HN,1136,126,
Hampshire County,US.MA.HS,1132,127,
Harnett County,US.NC.HT,1123,36,
Muskegon County,US.MI.MG,1122,58,
St. Francis County,US.AR.SI,1117,3,
Chelan County,US.WA.CH,1106,10,
Lamar County,US.MS.LM,1105,12,
Craighead County,US.AR.CG,1104,11,
Caldwell County,US.NC.CL,1103,9,
Iberville Parish,US.LA.IV,1100,47,
Barrow County,US.GA.BW,1096,32,
Licking County,US.OH.LI,1094,41,
Tipton County,US.TN.TI,1094,9,
Bulloch County,US.GA.BH,1093,12,
Story County,US.IA.ST,1093,13,
Sumter County,US.FL.SM,1091,32,
Blount County,US.TN.BO,1089,7,
Tippecanoe County,US.IN.TP,1085,11,
Sandoval County,US.NM.SD,1082,33,
Nassau County,US.FL.NA,1079,10,
Taylor County,US.TX.TA,1077,19,
Accomack County,US.VA.AC,1077,15,
Outagamie County,US.WI.OU,1077,13,
Ware County,US.GA.WE,1073,23,
Caldwell County,US.TX.CW,1070,23,
Parker County,US.TX.PR,1070,12,
Colbert County,US.AL.CL,1067,11,
Clark County,US.OH.CK,1067,13,
Mower County,US.MN.MW,1067,2,
Clark County,US.IN.CK,1062,45,
Canadian County,US.OK.CN,1059,5,
Suffolk City,US.VA.SO,1059,49,
Darlington County,US.SC.DA,1058,32,
Buchanan County,US.MO.BC,1056,10,
Maury County,US.TN.MU,1050,5,
Hunt County,US.TX.HT,1049,20,
Broome County,US.NY.BO,1048,72,
Yellowstone County,US.MT.YS,1048,26,
Harrisonburg City,US.VA.HS,1045,29,
Oktibbeha County,US.MS.OK,1044,34,
Eagle County,US.CO.EA,1041,9,
Winnebago County,US.WI.WA,1041,17,
Allen Parish,US.LA.AL,1036,19,
Lauderdale County,US.AL.LU,1036,12,
Texas County,US.OK.TE,1034,7,
Schenectady County,US.NY.SN,1032,39,
Autauga County,US.AL.AU,1030,21,
Habersham County,US.GA.HB,1026,48,
Lake County,US.OH.LK,1024,34,
Nacogdoches County,US.TX.NC,1023,36,
Orange County,US.TX.OR,1021,16,
Escambia County,US.AL.ES,1020,15,
Tolland County,US.CT.TO,1019,66,
Lancaster County,US.SC.LN,1017,18,
Nash County,US.NC.NA,1014,11,
Moore County,US.TX.MO,1013,12,
Yell County,US.AR.YE,1012,14,
Hampton city,US.VA.HM,1009,5,
Boone County,US.KY.BO,1006,24,
Talladega County,US.AL.TD,1005,14,
Grayson County,US.TX.GO,1005,11,
Gordon County,US.GA.GO,1001,23,
St. Bernard Parish,US.LA.SE,1001,23,
Cleveland County,US.NC.CV,999,14,
Washington County,US.TN.WI,993,2,
Sangamon County,US.IL.SM,986,33,
Thomas County,US.GA.TH,982,39,
Rice County,US.MN.RI,982,8,
Washington County,US.MD.WA,967,30,
Warren County,US.MS.WR,964,25,
Lowndes County,US.MS.LO,958,30,
Erie County,US.PA.ER,954,16,
Scott County,US.MS.SC,951,17,
Fayette County,US.GA.FY,949,25,
Culpeper County,US.VA.CP,946,12,
Jefferson Davis Parish,US.LA.JD,944,24,
Burleigh County,US.ND.BL,944,4,
Baldwin County,US.GA.BD,943,38,
Dawson County,US.NE.DN,942,9,
Butte County,US.CA.BU,941,7,
Jackson County,US.GA.JC,936,13,
Walton County,US.GA.WA,934,34,
Bolivar County,US.MS.BO,933,32,
Sevier County,US.AR.SV,933,10,
McDonald County,US.MO.MA,926,7,
Okeechobee County,US.FL.OE,920,6,
Flagler County,US.FL.FL,919,10,
Onslow County,US.NC.ON,917,10,
Whatcom County,US.WA.WA,910,38,
Monongalia County,US.WV.MG,909,5,
Avoyelles Parish,US.LA.AV,907,26,
St. Mary's County,US.MD.SA,904,52,
Copiah County,US.MS.CP,903,23,
Sunflower County,US.MS.SU,903,22,
Wichita County,US.TX.WC,902,9,
Williamsburg County,US.SC.WI,898,27,
Rockingham County,US.VA.RG,898,17,
Clay County,US.MO.CY,896,20,
Panola County,US.MS.PA,896,11,
Wood County,US.OH.WO,895,58,
Napa County,US.CA.NA,888,8,
Moore County,US.NC.ME,888,20,
Chambers County,US.TX.CH,887,2,
Lee County,US.AR.LE,885,6,
Schuylkill County,US.PA.SC,885,49,
Stanly County,US.NC.SN,884,11,
Monroe County,US.MI.MO,882,22,
Salem County,US.NJ.SA,869,83,
Saline County,US.AR.SL,868,4,
Gallatin County,US.MT.GL,864,3,
Madison County,US.TN.MD,863,12,
Chambers County,US.AL.CM,861,38,
Lafayette County,US.MS.LY,861,9,
Roanoke city,US.VA.RO,861,11,
Surry County,US.NC.SU,860,7,
Washington County,US.WI.WN,860,22,
Bedford County,US.TN.BD,851,10,
Tallapoosa County,US.AL.TP,848,79,
Spalding County,US.GA.SD,846,39,
Liberty County,US.TX.LT,842,25,
Hardee County,US.FL.HD,841,7,
Blue Earth County,US.MN.BE,841,4,
Grimes County,US.TX.GM,839,20,
Garland County,US.AR.GL,837,7,
Holmes County,US.MS.HO,835,46,
Macon County,US.TN.MC,834,13,
Madison County,US.IN.MD,833,64,
DeKalb County,US.IL.DK,827,29,
Wapello County,US.IA.WP,827,31,
Leflore County,US.MS.LL,827,59,
Gila County,US.AZ.GI,822,29,
Medina County,US.OH.MD,821,33,
Clermont County,US.OH.CE,821,10,
Columbus County,US.NC.CM,821,46,
Pike County,US.MS.PI,819,32,
Pennington County,US.SD.PN,818,29,
LaGrange County,US.IN.LG,818,10,
McCurtain County,US.OK.MU,818,25,
Kosciusko County,US.IN.KO,814,12,
Hardin County,US.TX.HN,811,11,
Webster Parish,US.LA.WR,811,13,
Cape May County,US.NJ.CP,809,87,
Muscatine County,US.IA.MU,809,47,
Kanawha County,US.WV.KA,808,20,
Grenada County,US.MS.GN,805,20,
Skagit County,US.WA.SG,805,21,
Newton County,US.MO.NT,799,6,
Howard County,US.IN.HO,798,64,
San Patricio County,US.TX.SP,797,16,
La Crosse County,US.WI.LA,795,1,
Jackson County,US.AL.JA,795,5,
Blount County,US.AL.BU,792,3,
Douglas County,US.WA.DO,788,7,
Hardeman County,US.TN.HA,787,11,
Covington County,US.AL.CV,787,21,
Wright County,US.MN.WR,786,5,
Franklin Parish,US.LA.FR,785,16,
Cherokee County,US.TX.CK,783,4,
Dale County,US.AL.DE,781,18,
Rogers County,US.OK.RS,778,14,
Clarendon County,US.SC.CN,776,49,
Franklin County,US.NC.FR,774,25,
St. Clair County,US.MI.SA,771,53,
Livingston County,US.MI.LI,769,28,
Sutter County,US.CA.SU,768,6,
Navarro County,US.TX.NV,767,8,
Platte County,US.NE.PL,766,3,
Yazoo County,US.MS.YZ,764,11,
Comanche County,US.OK.CM,762,10,
Miami County,US.OH.MM,762,36,
Leake County,US.MS.LK,762,25,
Sullivan County,US.TN.SL,758,8,
Newberry County,US.SC.NE,757,7,
Butler County,US.AL.BT,757,36,
Dodge County,US.NE.DE,755,8,
Mississippi County,US.AR.MS,752,10,
Carver County,US.MN.CV,751,2,
Colleton County,US.SC.CT,751,31,
Washington County,US.PA.WS,747,11,
Tuscarawas County,US.OH.TU,743,13,
Beauregard Parish,US.LA.BE,743,14,
Clay County,US.MN.CA,742,40,
Albemarle County,US.VA.AB,741,12,
Lake County,US.TN.LK,740,0,
Marshall County,US.IN.MS,739,22,
Oconee County,US.SC.OC,738,7,
Calhoun County,US.MI.CU,737,42,
Okanogan County,US.WA.OK,735,2,
Lincoln County,US.MS.LI,735,39,
Rensselaer County,US.NY.RE,734,35,
Wayne County,US.MS.WY,731,21,
Wilkes County,US.NC.WE,729,10,
Lincoln County,US.NC.LI,729,3,
Laurens County,US.GA.LR,727,4,
Boone County,US.IL.BO,727,23,
Vance County,US.NC.VA,727,40,
Bartholomew County,US.IN.BA,727,47,
Saratoga County,US.NY.SR,726,15,
Wagoner County,US.OK.WG,726,22,
Sumter County,US.GA.SU,724,56,
Coffee County,US.AL.CF,720,5,
Rockwall County,US.TX.RC,720,11,
Chittenden County,US.VT.CH,717,39,
Pontotoc County,US.MS.PO,716,7,
Chilton County,US.AL.CI,713,6,
Bonneville County,US.ID.BV,709,2,
Crawford County,US.IA.CW,708,3,
Portage County,US.OH.PO,708,60,
Bowie County,US.TX.BW,708,30,
Simpson County,US.MS.SI,707,26,
Pointe Coupee Parish,US.LA.PO,706,32,
Garfield County,US.CO.GA,705,4,
Shelby County,US.KY.SH,703,22,
Webster County,US.IA.WE,699,5,
Daviess County,US.KY.DA,699,7,
Evangeline Parish,US.LA.EV,699,2,
Lincoln Parish,US.LA.LN,695,23,
Windham County,US.CT.WI,693,15,
Colfax County,US.NE.CO,692,4,
Summit County,US.UT.SU,689,1,
Chesterfield County,US.SC.CF,687,19,
Monroe County,US.MS.MR,687,50,
Jackson County,US.MI.JA,680,33,
Morgan County,US.CO.MN,676,46,
Dodge County,US.WI.DD,675,5,
Shenandoah County,US.VA.SN,675,42,
Monroe County,US.IN.MR,674,30,
Matagorda County,US.TX.MD,673,21,
Kandiyohi County,US.MN.KD,667,1,
Hoke County,US.NC.HO,666,8,
Floyd County,US.IN.FL,665,44,
Polk County,US.GA.PO,664,6,
Vernon Parish,US.LA.VN,663,21,
Douglas County,US.KS.DG,663,3,
Malheur County,US.OR.ML,663,9,
Natchitoches Parish,US.LA.NA,662,17,
Frederick County,US.VA.FK,661,9,
Payne County,US.OK.PY,661,3,
Bledsoe County,US.TN.BE,661,1,
Chattahoochee County,US.GA.CH,660,1,
Polk County,US.TX.PK,659,9,
Pike County,US.AL.PK,658,7,
Berkshire County,US.MA.BE,654,46,
Berkeley County,US.WV.BE,651,11,
York County,US.ME.YO,650,12,
Coahoma County,US.MS.CH,648,10,
Logan County,US.CO.LO,647,5,
Madison County,US.TX.AD,645,2,
Lyon County,US.KS.LY,644,11,
Loudon County,US.TN.LO,643,3,
San Benito County,US.CA.SI,643,4,
Tate County,US.MS.TT,638,22,
Rutherford County,US.NC.RU,638,13,
El Dorado County,US.CA.EL,637,1,
Thurston County,US.WA.TH,636,8,
Allen County,US.OH.AN,635,42,
Camden County,US.GA.CD,634,4,
Kitsap County,US.WA.KS,633,4,
De Soto Parish,US.LA.DE,633,24,
Jackson County,US.IL.JC,631,19,
Cass County,US.MO.CS,630,9,
Cecil County,US.MD.CE,630,30,
Decatur County,US.GA.DC,630,8,
Sherburne County,US.MN.SH,629,7,
Delaware County,US.IN.DL,628,52,
Boone County,US.IN.BO,626,46,
Effingham County,US.GA.EF,626,1,
Craven County,US.NC.CN,626,10,
Lea County,US.NM.LE,626,4,
Wharton County,US.TX.WN,624,21,
St. James Parish,US.LA.SJ,624,31,
Noble County,US.IN.NO,624,28,
Grand Forks County,US.ND.GD,624,4,
San Juan County,US.UT.SJ,622,24,
Jones County,US.TX.JN,622,0,
Toombs County,US.GA.TM,622,6,
Halifax County,US.NC.HL,622,6,
Harrison County,US.TX.HR,620,22,
Lamar County,US.TX.LR,620,16,
Madison County,US.FL.MD,618,7,
Greene County,US.OH.GR,617,11,
Gonzales County,US.TX.GA,617,7,
Johnson County,US.AR.JO,617,0,
Harris County,US.GA.HI,616,16,
Dubois County,US.IN.DU,616,12,
Fayette County,US.TN.FA,616,8,
Wayne County,US.GA.WY,615,4,
West Baton Rouge Parish,US.LA.WB,613,36,
Calvert County,US.MD.CL,612,28,
Coryell County,US.TX.CL,612,5,
Pender County,US.NC.PD,612,3,
Pueblo County,US.CO.PU,611,34,
Muhlenberg County,US.KY.MU,610,9,
Mitchell County,US.GA.MT,609,41,
Hancock County,US.IN.HC,608,37,
Barbour County,US.AL.BR,602,5,
Butler County,US.PA.BT,600,15,
Wakulla County,US.FL.WK,598,4,
Deaf Smith County,US.TX.DI,597,17,
Cape Girardeau County,US.MO.CG,596,3,
Union Parish,US.LA.UN,596,32,
McDowell County,US.NC.MW,595,9,
Medina County,US.TX.ME,594,24,
Liberty County,US.GA.LB,594,2,
Buckingham County,US.VA.BK,594,6,
Marion County,US.MS.MI,594,18,
Lavaca County,US.TX.LA,593,14,
Jim Wells County,US.TX.JW,591,6,
Washington County,US.RI.WA,590,61,
Belmont County,US.OH.BE,589,26,
Sioux County,US.IA.SI,588,2,
Hanover County,US.VA.HV,588,31,
Beadle County,US.SD.BA,587,9,
Appling County,US.GA.AP,586,16,
Willacy County,US.TX.WY,586,18,
Sheboygan County,US.WI.SE,586,5,
Montgomery County,US.NC.MO,585,13,
Levy County,US.FL.LV,583,3,
Anderson County,US.TN.AN,583,5,
Worcester County,US.MD.WO,583,19,
Saline County,US.NE.SL,581,2,
Dickson County,US.TN.DI,580,1,
Adams County,US.MS.AD,578,25,
Bladen County,US.NC.BL,577,7,
Henderson County,US.TX.HD,577,9,
Covington County,US.MS.CV,576,11,
Santa Fe County,US.NM.ST,576,3,
Hamilton County,US.FL.HM,574,3,
Edgecombe County,US.NC.ED,574,11,
Cerro Gordo County,US.IA.CG,574,17,
Fauquier County,US.VA.FQ,572,8,
Blaine County,US.ID.BL,569,6,
Winston County,US.MS.WN,566,15,
Washington County,US.OK.WN,566,39,
Marathon County,US.WI.MH,561,6,
Lincoln County,US.SD.LI,561,2,
Ozaukee County,US.WI.OZ,558,17,
Marion County,US.AL.MI,558,24,
Washington County,US.FL.WS,558,14,
Lowndes County,US.AL.LO,557,26,
Marshall County,US.MS.MS,556,8,
McLean County,US.IL.ML,552,15,
Dillon County,US.SC.DI,551,23,
St. Joseph County,US.MI.SJ,551,7,
Madison Parish,US.LA.MA,551,6,
Gibson County,US.TN.GB,550,2,
Jefferson County,US.WI.JE,550,5,
Androscoggin County,US.ME.AN,550,7,
Walker County,US.GA.WK,548,16,
Stephens County,US.GA.SE,547,10,
Jackson County,US.IN.JC,547,4,
Oldham County,US.KY.OL,546,13,
Bryan County,US.GA.BY,546,7,
Fond du Lac County,US.WI.FN,545,6,
Chester County,US.SC.CR,545,10,
Cherokee County,US.SC.CK,544,22,
Bay County,US.MI.BY,542,31,
Burnet County,US.TX.BT,542,7,
James City County,US.VA.JA,541,16,
Catoosa County,US.GA.CS,539,9,
Lake County,US.IN.LK,539,269,
George County,US.MS.GR,539,5,
Assumption Parish,US.LA.AS,537,19,
Ashtabula County,US.OH.AB,537,45,
Dyer County,US.TN.DY,534,7,
Tama County,US.IA.TM,534,29,
Cheatham County,US.TN.CA,533,5,
Tooele County,US.UT.TE,532,0,
Richland County,US.OH.RI,531,10,
Lenoir County,US.NC.LN,531,11,
DeWitt County,US.TX.DE,531,15,
Deschutes County,US.OR.DE,530,8,
Murray County,US.GA.MA,527,2,
Wasatch County,US.UT.WA,525,4,
Fairfield County,US.SC.FA,525,23,
Pike County,US.PA.PI,524,21,
Crawford County,US.AR.CW,522,3,
Chicot County,US.AR.CT,522,6,
Geauga County,US.OH.GE,522,43,
Columbia County,US.NY.CU,519,47,
Sabine Parish,US.LA.SB,518,7,
Campbell County,US.KY.CM,517,13,
Mercer County,US.OH.MC,517,13,
Hardin County,US.KY.HN,517,8,
Franklin County,US.MO.FR,516,18,
Newton County,US.MS.NW,514,11,
Lee County,US.SC.LE,513,27,
Union County,US.MS.UN,513,13,
Richland Parish,US.LA.RI,513,6,
Marion County,US.SC.MI,513,12,
Iron County,US.UT.RN,513,2,
Marengo County,US.AL.ME,512,14,
Bee County,US.TX.BE,511,9,
Lane County,US.OR.LE,511,3,
Warren County,US.IA.WR,510,1,
Shelby County,US.IN.SH,508,26,
Erie County,US.OH.ER,507,27,
Lee County,US.GA.LE,506,22,
Henry County,US.VA.HY,502,6,
Graves County,US.KY.GV,501,22,
Clarke County,US.AL.CK,499,9,
Jasper County,US.SC.JA,499,12,
Allegan County,US.MI.AL,498,7,
Manassas Park city,US.VA.MP,498,7,
LaSalle County,US.IL.LA,497,18,
Grant County,US.IN.GA,496,29,
Attala County,US.MS.AT,495,24,
Creek County,US.OK.CE,495,13,
East Carroll Parish,US.LA.EC,493,1,
Gilmer County,US.GA.GI,491,3,
Rhea County,US.TN.RH,491,1,
East Feliciana Parish,US.LA.EF,490,35,
Wayne County,US.OH.WE,488,58,
Warrick County,US.IN.WI,488,30,
Yadkin County,US.NC.YD,486,6,
Eau Claire County,US.WI.EA,485,3,
Uvalde County,US.TX.UV,482,7,
Upson County,US.GA.UP,481,46,
Pearl River County,US.MS.PL,480,36,
Jefferson County,US.TN.JE,480,2,
Richmond County,US.NC.RI,478,8,
Jackson County,US.OK.JA,478,4,
Graham County,US.AZ.GA,478,9,
Washington County,US.TX.WH,477,38,
Frio County,US.TX.FO,475,5,
Fremont County,US.WY.FR,473,10,
Cassia County,US.ID.CS,472,1,
Christian County,US.KY.CH,472,6,
McMinn County,US.TN.MM,472,20,
La Paz County,US.AZ.LA,472,10,
Yuba County,US.CA.YU,471,4,
Charlottesville City,US.VA.CE,471,13,
Adams County,US.PA.AD,469,20,
Elko County,US.NV.EL,467,2,
Butts County,US.GA.BU,463,37,
Johnson County,US.MO.JO,463,2,
Erath County,US.TX.ER,462,5,
Laramie County,US.WY.LA,462,3,
Oceana County,US.MI.OA,462,6,
Rockingham County,US.NC.RC,461,3,
Curry County,US.NM.CU,459,2,
Columbia County,US.PA.CO,459,35,
Lawrence County,US.TN.LW,458,6,
Merrimack County,US.NH.ME,458,21,
Hale County,US.AL.HA,457,25,
Miller County,US.AR.ML,457,4,
Decatur County,US.IN.DC,456,32,
Petersburg city,US.VA.PB,454,13,
Vigo County,US.IN.VI,454,10,
Calhoun County,US.TX.CU,453,3,
Eaton County,US.MI.EA,451,7,
Jasper County,US.IA.JS,450,24,
Macon County,US.IL.MC,450,23,
Riley County,US.KS.RL,449,5,
Tallahatchie County,US.MS.TL,446,10,
Macon County,US.NC.MN,444,2,
Bullock County,US.AL.BL,443,12,
St. Croix County,US.WI.SI,442,2,
Perry County,US.AL.PE,442,3,
Cowlitz County,US.WA.CW,441,5,
Lynchburg city,US.VA.LY,440,2,
Wright County,US.IA.WG,439,1,
Plymouth County,US.IA.PM,439,8,
Walthall County,US.MS.WT,439,18,
Winston County,US.AL.WN,438,10,
Roanoke County,US.VA.RE,437,7,
Hood County,US.TX.HO,437,8,
Monroe County,US.AL.MR,434,4,
Muskogee County,US.OK.MO,433,16,
Scurry County,US.TX.SU,433,1,
Holmes County,US.FL.HO,433,2,
Bamberg County,US.SC.BM,432,16,
Union County,US.AR.UN,430,16,
Caroline County,US.MD.CO,430,3,
Marlboro County,US.SC.ML,429,4,
Morehouse Parish,US.LA.MO,428,11,
Minidoka County,US.ID.MI,428,2,
Chickasaw County,US.MS.CS,427,19,
Henderson County,US.TN.HS,423,0,
Jefferson County,US.GA.JR,422,6,
Randolph County,US.IL.RA,422,7,
Worth County,US.GA.WO,421,23,
Jerome County,US.ID.JR,420,6,
Greensville County,US.VA.GS,420,9,
Plaquemines Parish,US.LA.PL,420,19,
Lauderdale County,US.TN.LU,420,6,
Obion County,US.TN.OB,419,4,
Lonoke County,US.AR.LO,416,2,
Monroe County,US.GA.MN,416,23,
Wilson County,US.TX.WS,414,16,
Madison County,US.NE.MA,414,5,
Lyon County,US.MN.LY,414,3,
Noxubee County,US.MS.NO,414,10,
Todd County,US.MN.TO,413,2,
Walla Walla County,US.WA.WL,413,3,
Lapeer County,US.MI.LP,412,32,
Morgan County,US.IN.MG,412,32,
Wilcox County,US.AL.WC,412,9,
Clinton County,US.MI.CN,412,13,
Washington County,US.GA.WG,410,2,
Bacon County,US.GA.BC,410,6,
Adams County,US.IL.AD,410,1,
Emanuel County,US.GA.EM,409,7,
St. Louis County,US.MN.ST,409,18,
Saline County,US.MO.SI,409,7,
Pettis County,US.MO.PS,407,3,
Tattnall County,US.GA.TT,407,1,
Carter County,US.TN.CT,407,5,
Brown County,US.SD.BW,406,3,
Broomfield County and City,US.CO.BR,406,32,
Grady County,US.OK.GD,406,6,
Saluda County,US.SC.SA,406,6,
Atascosa County,US.TX.AT,405,15,
Van Buren County,US.MI.VA,404,11,
Franklin County,US.MA.FR,404,60,
Fayette County,US.PA.FA,403,4,
Hopkins County,US.KY.HO,403,33,
Fairbanks North Star Borough,US.AK.FA,403,5,
Taney County,US.MO.TA,403,3,
Northumberland County,US.PA.NU,401,11,
Grady County,US.GA.GD,400,5,
Burke County,US.GA.BE,400,7,
Liberty County,US.FL.LI,399,2,
Claiborne County,US.MS.CB,399,13,
Madison County,US.NY.MA,399,9,
Delaware County,US.OK.DL,399,19,
Waller County,US.TX.WR,399,3,
Cook County,US.GA.CO,397,6,
Randolph County,US.AL.RA,396,11,
Coffee County,US.TN.CF,395,2,
Jackson County,US.NC.JA,395,3,
Okmulgee County,US.OK.OM,394,3,
Hardin County,US.TN.HI,394,7,
Warren County,US.TN.WR,393,4,
Lincoln County,US.OR.LC,391,9,
Winchester city,US.VA.WH,391,4,
Glades County,US.FL.GL,391,3,
Lenawee County,US.MI.LN,390,12,
McClain County,US.OK.ML,389,4,
Union County,US.OR.UN,388,2,
Oconee County,US.GA.OC,387,15,
Adams County,US.WA.AD,386,4,
Queen Anne's County,US.MD.QU,386,25,
Coles County,US.IL.CE,385,19,
Cocke County,US.TN.CE,385,1,
Pottawatomie County,US.OK.PT,383,7,
Ross County,US.OH.RO,381,6,
Bryan County,US.OK.BR,381,1,
Crawford County,US.KS.CR,380,1,
Madison County,US.KY.MD,380,1,
Newport County,US.RI.NE,380,4,
Shelby County,US.TX.SY,379,16,
Louisa County,US.IA.LO,378,14,
Conecuh County,US.AL.CO,377,10,
Charlton County,US.GA.CT,377,3,
Putnam County,US.GA.PT,377,17,
Pierce County,US.GA.PR,376,6,
Smith County,US.MS.SM,374,13,
Cumberland County,US.TN.CU,374,6,
Winn Parish,US.LA.WI,374,7,
Jasper County,US.MS.JS,373,8,
Laurel County,US.KY.LU,373,4,
Gulf County,US.FL.GU,373,2,
Calhoun County,US.MS.CN,373,8,
Sauk County,US.WI.SU,372,3,
Dickinson County,US.IA.DI,371,4,
Baker County,US.FL.BK,371,4,
Ogle County,US.IL.OG,371,5,
Brooks County,US.GA.BO,370,15,
Jackson County,US.OR.JA,370,1,
Shasta County,US.CA.SH,369,9,
Huron County,US.OH.HU,368,4,
Bibb County,US.AL.BI,368,2,
Sumter County,US.AL.SU,366,18,
Haywood County,US.TN.HY,366,5,
Jeff Davis County,US.GA.JF,366,6,
Pickens County,US.AL.PC,366,10,
Clay County,US.MS.CY,364,14,
Garfield County,US.OK.GF,363,4,
Greene County,US.TN.GE,362,5,
Tazewell County,US.IL.TA,361,8,
Talbot County,US.MD.TA,361,4,
Davie County,US.NC.DV,361,3,
Crisp County,US.GA.CP,361,14,
Taylor County,US.FL.TA,360,3,
Osage County,US.OK.OS,360,11,
Smith County,US.TN.SH,360,3,
Caddo County,US.OK.CD,359,14,
Waupaca County,US.WI.WP,359,15,
Greene County,US.AR.GE,359,1,
Carbon County,US.PA.CB,359,28,
Henry County,US.IN.HY,358,18,
Valencia County,US.NM.VA,357,4,
La Salle County,US.TX.LS,357,1,
Fredericksburg City,US.VA.FB,356,2,
Franklin County,US.GA.FR,354,4,
Freeborn County,US.MN.FR,354,1,
Centre County,US.PA.CT,354,10,
Monroe County,US.TN.MR,352,9,
Brown County,US.TX.BN,351,14,
Pasquotank County,US.NC.PU,351,17,
Yamhill County,US.OR.YA,350,11,
Clinton County,US.IN.CI,349,3,
Dorchester County,US.MD.DO,349,5,
Alcorn County,US.MS.AL,349,4,
Ontario County,US.NY.OR,349,27,
Jackson Parish,US.LA.JA,349,18,
Bienville Parish,US.LA.BI,348,30,
Chaves County,US.NM.CH,348,5,
Teton County,US.WY.TE,348,1,
Kerr County,US.TX.KR,348,6,
Warren County,US.VA.WR,348,7,
Kittitas County,US.WA.KT,347,17,
Roane County,US.TN.RA,347,1,
Meriwether County,US.GA.MW,347,5,
Early County,US.GA.EA,346,31,
Ottawa County,US.OH.OT,346,25,
Kleberg County,US.TX.KL,346,5,
Independence County,US.AR.IN,345,0,
Portage County,US.WI.PT,344,0,
White County,US.IN.WH,344,10,
Hampton County,US.SC.HA,344,6,
Ben Hill County,US.GA.BL,343,3,
Athens County,US.OH.AS,342,1,
Mercer County,US.PA.ME,341,9,
Prince Edward County,US.VA.PD,341,10,
Scott County,US.MO.ST,341,13,
Nye County,US.NV.NY,340,9,
Ohio County,US.KY.OH,339,6,
Adams County,US.NE.AD,339,11,
Beaufort County,US.NC.BA,339,2,
Lawrence County,US.PA.LW,338,12,
Ottawa County,US.OK.OT,337,2,
Carroll County,US.AR.CL,337,6,
Jefferson County,US.FL.JE,337,5,
Montgomery County,US.IN.MM,336,21,
Giles County,US.TN.GL,334,9,
Clinton County,US.IL.CN,333,17,
Cibola County,US.NM.CI,333,17,
Van Zandt County,US.TX.VN,332,3,
Lycoming County,US.PA.LY,332,20,
Bradford County,US.FL.BA,332,4,
Prince George County,US.VA.PG,332,2,
Union County,US.SC.UN,332,2,
Rusk County,US.TX.RK,332,2,
Page County,US.VA.PA,331,24,
Isle of Wight County,US.VA.IS,331,9,
Prentiss County,US.MS.PN,331,6,
Galax city,US.VA.GA,331,21,
Pittsylvania County,US.VA.PS,329,2,
Buffalo County,US.NE.BF,329,1,
Gilchrist County,US.FL.GI,329,3,
McCracken County,US.KY.MK,328,4,
Strafford County,US.NH.ST,328,13,
Box Elder County,US.UT.BE,328,2,
Branch County,US.MI.BC,327,2,
Saline County,US.KS.SA,327,5,
Payette County,US.ID.PA,326,2,
Madison County,US.GA.MD,326,4,
Steele County,US.MN.SE,326,1,
Lawrence County,US.IN.LW,325,27,
Cabell County,US.WV.CB,325,2,
Glenn County,US.CA.GL,325,1,
Shiawassee County,US.MI.SH,325,28,
Hancock County,US.MS.HN,324,14,
Barren County,US.KY.BN,324,2,
Elbert County,US.GA.EL,323,1,
Colusa County,US.CA.CL,323,4,
Barnwell County,US.SC.BN,323,3,
Summit County,US.CO.SU,322,4,
Madison County,US.OH.MO,322,10,
West Feliciana Parish,US.LA.WF,322,15,
Cherokee County,US.OK.CK,321,1,
Grant County,US.WI.GA,320,14,
Jackson County,US.TX.JA,320,4,
Big Horn County,US.MT.BI,319,9,
Sandusky County,US.OH.SA,319,17,
Holmes County,US.OH.HL,319,6,
Henderson County,US.KY.HE,319,4,
Richmond County,US.VA.RI,318,4,
Scott County,US.KY.SC,318,0,
Peach County,US.GA.PH,318,12,
Mendocino County,US.CA.MI,317,9,
Williamson County,US.IL.WS,315,5,
Macon County,US.AL.MC,314,12,
Danville City,US.VA.DA,314,7,
Wayne County,US.IN.WY,313,9,
Stephenson County,US.IL.SN,313,6,
Darke County,US.OH.DA,313,27,
Yalobusha County,US.MS.YL,312,10,
Parmer County,US.TX.PM,311,7,
Wise County,US.TX.WE,311,5,
Bullitt County,US.KY.BI,311,4,
DeKalb County,US.IN.DE,310,4,
McNairy County,US.TN.MA,309,5,
Hancock County,US.OH.HN,309,2,
Washington County,US.AL.WS,309,11,
Hill County,US.TX.HI,308,3,
Carson City,US.NV.CA,308,7,
York County,US.VA.YO,308,3,
Carroll County,US.VA.CL,308,14,
Platte County,US.MO.PT,308,10,
Whiteside County,US.IL.WD,307,16,
Lawrence County,US.MS.LW,307,5,
Cole County,US.MO.CE,307,2,
Tishomingo County,US.MS.TS,306,3,
Itawamba County,US.MS.IT,306,10,
Milam County,US.TX.MI,306,3,
Calhoun County,US.SC.CH,305,5,
Mecklenburg County,US.VA.ME,305,32,
Greene County,US.NC.GE,305,3,
Trempealeau County,US.WI.TR,305,2,
Bristol County,US.RI.BR,304,15,
Tuscola County,US.MI.TU,304,27,
Hawkins County,US.TN.HW,304,4,
DeKalb County,US.TN.DE,303,1,
Lawrence County,US.AL.LW,303,0,
Nicollet County,US.MN.NI,303,13,
Jefferson County,US.OR.JE,303,3,
Carter County,US.OK.CR,302,3,
Bannock County,US.ID.BO,302,2,
Anson County,US.NC.AN,301,2,
Lumpkin County,US.GA.LP,301,6,
Logan County,US.KY.LO,300,22,
Fayette County,US.TX.FT,300,13,
Warren County,US.NY.WR,300,30,
Benton County,US.MN.BN,300,3,
Kenai Peninsula Borough,US.AK.KN,300,2,
White County,US.GA.WH,299,5,
Nevada County,US.CA.NE,299,1,
Midland County,US.MI.MD,298,9,
Watonwan County,US.MN.WT,298,0,
Marinette County,US.WI.MT,298,3,
Karnes County,US.TX.KS,298,4,
St. Francois County,US.MO.SF,297,2,
Clarke County,US.MS.CE,297,25,
Polk County,US.OR.PO,296,12,
Morrow County,US.OR.MO,296,2,
Union County,US.IL.UN,296,21,
Haywood County,US.NC.HW,295,6,
Dawson County,US.GA.DW,295,3,
Manitowoc County,US.WI.MW,295,1,
Orleans County,US.NY.OL,295,55,
Rio Arriba County,US.NM.RI,294,4,
Tippah County,US.MS.TP,294,12,
Clinton County,US.IA.CN,294,3,
Howard County,US.AR.HW,294,2,
Camden County,US.MO.CM,294,4,
Crenshaw County,US.AL.CA,294,4,
Lincoln County,US.MO.LO,293,1,
Bedford County,US.VA.BF,293,6,
Northampton County,US.VA.NA,292,28,
Wood County,US.TX.WO,291,5,
Terrell County,US.GA.TL,291,30,
Montgomery County,US.MS.MT,291,3,
Jasper County,US.TX.JR,291,5,
Butler County,US.KY.BR,291,15,
Steuben County,US.NY.ST,290,39,
Cass County,US.MI.CS,290,10,
Atkinson County,US.GA.AT,289,2,
Greene County,US.NY.GR,289,13,
Adair County,US.OK.AD,289,5,
Huntingdon County,US.PA.HU,288,4,
Jefferson County,US.WV.JE,287,4,
Matanuska-Susitna Borough,US.AK.MA,287,2,
Abbeville County,US.SC.AB,287,6,
Calhoun County,US.FL.CA,287,7,
Carteret County,US.NC.CE,286,4,
McDuffie County,US.GA.MU,286,9,
Chaffee County,US.CO.CA,286,19,
Washington County,US.IA.WS,285,10,
Scotts Bluff County,US.NE.SC,284,6,
Mayes County,US.OK.MY,282,6,
Fulton County,US.NY.FU,282,28,
Harrison County,US.IN.HI,282,22,
Hancock County,US.GA.HC,281,34,
Montrose County,US.CO.MO,278,13,
Jessamine County,US.KY.JS,278,0,
Hertford County,US.NC.HD,277,11,
Sussex County,US.VA.SS,277,9,
Pickens County,US.GA.PE,276,5,
Choctaw County,US.AL.CC,276,12,
Montgomery County,US.VA.MO,275,3,
Christian County,US.MO.CT,275,1,
Northampton County,US.NC.NO,274,16,
Grundy County,US.IL.GU,274,5,
Phillips County,US.AR.PH,273,6,
Scotland County,US.NC.SC,273,2,
Genesee County,US.NY.GE,272,6,
Franklin County,US.TN.FR,271,4,
Bell County,US.KY.BL,270,2,
Grant Parish,US.LA.GR,270,8,
Fannin County,US.GA.FN,270,2,
Monroe County,US.IL.MR,270,13,
Panola County,US.TX.PN,269,17,
Edgefield County,US.SC.ED,269,5,
Morton County,US.ND.MR,268,3,
Allegany County,US.MD.AL,267,18,
Ionia County,US.MI.II,266,5,
Humphreys County,US.MS.HU,265,11,
Alexander County,US.NC.AE,265,2,
Indiana County,US.PA.IN,265,6,
Dixie County,US.FL.DI,264,4,
Hart County,US.GA.HT,263,2,
St. Lawrence County,US.NY.SI,261,4,
Marshall County,US.TN.MS,261,2,
Concordia Parish,US.LA.CR,261,7,
Mesa County,US.CO.ME,260,3,
Berrien County,US.GA.BN,259,0,
Cambria County,US.PA.CI,259,3,
Randolph County,US.GA.RN,259,26,
Uinta County,US.WY.UI,259,0,
Jones County,US.GA.JE,258,3,
Miami County,US.IN.MI,256,2,
Missoula County,US.MT.MS,256,1,
Stokes County,US.NC.SO,256,3,
Washington County,US.NY.WS,255,14,
Andrews County,US.TX.AR,255,6,
White County,US.AR.WH,254,2,
Madison County,US.AR.MD,254,1,
Barron County,US.WI.BR,253,3,
Hopewell city,US.VA.HW,253,5,
Flathead County,US.MT.FL,253,2,
Tunica County,US.MS.TU,252,6,
Sequoyah County,US.OK.SQ,252,4,
Telfair County,US.GA.TF,251,7,
Knox County,US.IL.KX,251,1,
Augusta County,US.VA.AU,251,4,
Watauga County,US.NC.WT,251,0,
Weakley County,US.TN.WE,251,3,
Hillsdale County,US.MI.HI,250,25,
Lincoln County,US.TN.LI,250,1,
Henry County,US.AL.HE,250,4,
Franklin County,US.KY.FR,250,5,
Ohio County,US.WV.OH,249,4,
Catahoula Parish,US.LA.CT,249,4,
Houston County,US.TX.HS,248,6,
Eddy County,US.NM.ED,247,4,
West Carroll Parish,US.LA.WC,247,5,
Stewart County,US.GA.SW,247,5,
Greene County,US.GA.GE,247,11,
Gunnison County,US.CO.GU,246,6,
Newaygo County,US.MI.NE,246,0,
Calumet County,US.WI.CA,246,2,
Iroquois County,US.IL.IR,245,7,
Wayne County,US.NY.WN,245,2,
Carroll County,US.MS.CL,245,11,
Bertie County,US.NC.BT,245,5,
Oswego County,US.NY.OS,244,3,
Linn County,US.OR.LN,244,10,
Scott County,US.IN.SC,244,10,
Cherokee County,US.AL.CH,243,8,
Winona County,US.MN.WN,243,16,
Sweetwater County,US.WY.SW,242,2,
Dunklin County,US.MO.DU,242,4,
Colorado County,US.TX.CO,242,2,
Dooly County,US.GA.DO,242,14,
Greene County,US.AL.GR,242,11,
Banks County,US.GA.BS,241,3,
Daviess County,US.IN.DI,240,19,
Herkimer County,US.NY.HE,240,5,
Warren County,US.NC.WR,239,6,
Pulaski County,US.KY.PU,239,2,
Butler County,US.MO.BE,239,2,
Martin County,US.NC.MR,239,6,
Ashley County,US.AR.AS,238,4,
St. Helena Parish,US.LA.SH,238,1,
Island County,US.WA.IS,237,11,
Hamilton County,US.IA.HM,237,1,
Southampton County,US.VA.SA,236,13,
Cherokee County,US.NC.CO,235,3,
Greene County,US.IN.GE,235,34,
Kent County,US.MD.KE,235,23,
Tehama County,US.CA.TE,234,1,
Wood County,US.WV.WO,234,4,
Humboldt County,US.CA.HU,233,4,
Owyhee County,US.ID.OW,232,1,
Burleson County,US.TX.BU,231,5,
Chautauqua County,US.NY.CQ,231,4,
Jenkins County,US.GA.JK,230,22,
Tompkins County,US.NY.TO,230,0,
Wood County,US.WI.WO,229,1,
Le Flore County,US.OK.LE,229,1,
Reno County,US.KS.RN,229,1,
Williams County,US.ND.WI,229,2,
Boone County,US.IA.BO,227,2,
Barry County,US.MO.BR,227,0,
Greene County,US.MS.GE,226,11,
Geneva County,US.AL.GE,226,1,
Luna County,US.NM.LU,225,3,
Brantley County,US.GA.BA,224,4,
Alamosa County,US.CO.AL,224,9,
Turner County,US.GA.TR,224,18,
Kemper County,US.MS.KE,223,15,
Candler County,US.GA.CR,223,4,
Johnson County,US.GA.JH,221,10,
Lamar County,US.GA.LM,221,9,
Quitman County,US.MS.QU,220,1,
Crockett County,US.TN.CK,220,3,
Pike County,US.KY.PI,219,3,
La Salle Parish,US.LA.LA,219,2,
Columbia County,US.WI.CO,219,1,
Union County,US.FL.UN,218,4,
Hickman County,US.TN.HN,218,0,
Echols County,US.GA.EC,218,2,
Putnam County,US.IN.PT,217,8,
Allen County,US.KY.AL,217,8,
Morgan County,US.GA.MO,216,0,
Carroll County,US.TN.CR,216,3,
Claiborne Parish,US.LA.CI,216,11,
Natrona County,US.WY.NA,215,1,
Butler County,US.KS.BU,215,0,
Kay County,US.OK.KA,214,10,
Robertson County,US.TX.RO,214,1,
Lanier County,US.GA.LI,214,4,
Blair County,US.PA.BL,214,3,
Dearborn County,US.IN.DR,214,28,
Fannin County,US.TX.FI,214,8,
Camp County,US.TX.CP,214,4,
Austin County,US.TX.AU,213,3,
Perry County,US.MS.PY,213,7,
Monroe County,US.WI.MO,212,1,
Wayne County,US.TN.WY,212,1,
Union County,US.OH.UN,212,1,
Lawrence County,US.OH.LW,211,0,
Franklin County,US.IA.FN,211,4,
Orange County,US.VA.OR,210,3,
Claiborne County,US.TN.CI,210,0,
Evans County,US.GA.EV,210,1,
Chippewa County,US.WI.CH,209,0,
Susquehanna County,US.PA.SS,209,26,
Pecos County,US.TX.PE,209,1,
Chenango County,US.NY.CH,209,6,
Jennings County,US.IN.JN,208,12,
Auglaize County,US.OH.AU,208,5,
Randolph County,US.WV.RN,207,0,
Stoddard County,US.MO.SD,207,9,
Live Oak County,US.TX.LK,207,1,
Hempstead County,US.AR.HE,207,2,
Union County,US.GA.UN,205,6,
Henry County,US.TN.HR,205,0,
Pemiscot County,US.MO.PM,204,8,
Brunswick County,US.VA.BU,204,1,
Amite County,US.MS.AM,204,4,
Clay County,US.AL.CY,204,5,
Campbell County,US.TN.CM,203,1,
Lamb County,US.TX.LB,203,7,
Jefferson County,US.OH.JE,203,3,
Garvin County,US.OK.GV,202,4,
Perry County,US.MO.PR,202,4,
Adair County,US.KY.AD,201,19,
Martin County,US.MN.MT,201,5,
Lyon County,US.NV.LY,201,5,
Knox County,US.KY.KX,200,8,
Thurston County,US.NE.TU,200,4,
Vermilion County,US.IL.VE,200,2,
Elmore County,US.ID.EL,200,3,
Cooke County,US.TX.OO,200,2,
Limestone County,US.TX.LO,199,3,
Jasper County,US.IN.JS,199,2,
Marion County,US.TN.MI,199,4,
Cass County,US.IL.CS,198,11,
La Plata County,US.CO.LA,198,2,
Dinwiddie County,US.VA.DN,198,6,
Harlan County,US.KY.HL,198,3,
Dare County,US.NC.DE,198,1,
Isabella County,US.MI.IB,198,9,
Crow Wing County,US.MN.CW,198,13,
Franklin County,US.IN.FR,197,10,
Grand Traverse County,US.MI.GN,196,5,
Gibson County,US.IN.GI,196,3,
Lamar County,US.AL.LM,196,2,
Jefferson Davis County,US.MS.JD,196,6,
Le Sueur County,US.MN.LU,196,1,
Union County,US.SD.UN,195,4,
Washington County,US.OH.WS,195,21,
Henry County,US.IL.HY,195,1,
Refugio County,US.TX.RF,195,0,
Steuben County,US.IN.SE,195,3,
Lake County,US.CA.LK,195,1,
Webster County,US.MS.WE,195,12,
Arkansas County,US.AR.AR,194,0,
Klamath County,US.OR.KL,194,1,
Palo Pinto County,US.TX.PO,194,6,
Laclede County,US.MO.LD,194,1,
Calhoun County,US.GA.CU,193,6,
Westmoreland County,US.VA.WM,193,2,
Putnam County,US.OH.PU,192,17,
Audrain County,US.MO.AU,192,1,
Jefferson County,US.MS.JF,191,6,
Person County,US.NC.PN,191,2,
Upshur County,US.TX.US,191,2,
Pittsburg County,US.OK.PI,191,3,
Haralson County,US.GA.HS,191,6,
Caldwell Parish,US.LA.CW,190,1,
Caroline County,US.VA.CI,190,4,
Custer County,US.OK.CU,190,0,
Chester County,US.TN.CS,190,1,
Rabun County,US.GA.RB,190,3,
Morgan County,US.IL.MG,189,5,
Washington County,US.ID.WA,189,2,
Seminole County,US.OK.SM,189,5,
Polk County,US.MO.PO,189,0,
Dodge County,US.GA.DG,188,3,
White County,US.TN.WH,188,3,
Tioga County,US.NY.TI,188,21,
Beltrami County,US.MN.BT,188,0,
Nelson County,US.KY.NE,187,2,
Stark County,US.ND.SR,187,3,
Chattooga County,US.GA.CG,187,2,
Harrison County,US.WV.HR,187,1,
Pike County,US.GA.PK,187,4,
Columbia County,US.AR.CI,186,6,
Ripley County,US.IN.RI,186,7,
Botetourt County,US.VA.BO,185,7,
Coshocton County,US.OH.CS,185,6,
Armstrong County,US.PA.AR,184,6,
Jefferson County,US.IL.JF,184,17,
Lawrence County,US.MO.LW,184,2,
Oglethorpe County,US.GA.OG,184,7,
Perry County,US.KY.PR,184,3,
Wilkinson County,US.MS.WK,183,12,
Gray County,US.TX.GY,183,2,
Caswell County,US.NC.CS,183,2,
Otero County,US.NM.OT,183,10,
Raleigh County,US.WV.RL,182,1,
Wayne County,US.WV.WA,182,9,
Bremer County,US.IA.BR,182,7,
Lawrence County,US.AR.LW,182,9,
Brewster County,US.TX.BS,181,2,
Colonial Heights city,US.VA.CH,181,21,
Hockley County,US.TX.HC,181,4,
Sharkey County,US.MS.SH,180,1,
Logan County,US.OK.LG,180,1,
Scioto County,US.OH.SC,180,1,
Warren County,US.IL.WR,180,0,
Montcalm County,US.MI.MC,179,1,
Allendale County,US.SC.AL,179,3,
Cleburne County,US.AR.CB,179,5,
Red River Parish,US.LA.RE,179,10,
Pulaski County,US.MO.PA,179,1,
Geary County,US.KS.GE,179,1,
Dallam County,US.TX.DL,179,5,
New Madrid County,US.MO.NW,179,1,
Bingham County,US.ID.BG,179,2,
Wilkinson County,US.GA.WI,178,10,
Oconto County,US.WI.OC,178,0,
Clarke County,US.IA.CK,178,3,
Emmet County,US.IA.EM,178,1,
Calloway County,US.KY.CW,178,2,
Grayson County,US.KY.GY,176,11,
Wilkes County,US.GA.WS,176,3,
Lewis County,US.WA.LE,176,3,
Ward County,US.ND.WR,176,1,
Zavala County,US.TX.ZV,175,5,
Fayette County,US.AL.FA,175,5,
Carroll County,US.IA.CL,175,1,
Muskingum County,US.OH.MU,175,1,
Stephens County,US.OK.ST,174,2,
Nottoway County,US.VA.NY,174,9,
Macon County,US.GA.MC,174,10,
Fluvanna County,US.VA.FV,173,8,
Clark County,US.WI.CL,173,7,
Goodhue County,US.MN.GO,173,8,
Clinch County,US.GA.CC,172,4,
Chisago County,US.MN.CG,172,1,
Screven County,US.GA.SR,172,9,
Washington County,US.VA.WG,172,4,
Marion County,US.WV.MI,172,2,
Otter Tail County,US.MN.OT,171,3,
Pontotoc County,US.OK.PN,171,2,
Gillespie County,US.TX.GL,171,4,
Barry County,US.MI.BR,171,2,
Perry County,US.IN.PE,170,12,
Cottonwood County,US.MN.CT,170,0,
Castro County,US.TX.AS,170,3,
Maui County,US.HI.MA,170,6,
Randolph County,US.AR.RA,170,2,
Pierce County,US.WI.PI,169,0,
Hopkins County,US.TX.HP,169,1,
Douglas County,US.NV.DO,169,0,
Clay County,US.IA.CY,168,1,
Pitkin County,US.CO.PI,168,2,
Martinsville city,US.VA.MR,168,3,
Kennebec County,US.ME.KE,167,11,
Boyd County,US.KY.BD,166,3,
Livingston County,US.NY.LI,166,4,
Waynesboro city,US.VA.WS,166,3,
Louisa County,US.VA.LI,166,2,
Hood River County,US.OR.HO,165,0,
Harvey County,US.KS.HV,165,3,
Emporia city,US.VA.EM,165,15,
Union County,US.PA.UN,165,2,
Lake County,US.MT.LA,165,1,
Cameron Parish,US.LA.CM,164,0,
Wilcox County,US.GA.WC,164,18,
Crawford County,US.OH.CF,164,5,
Grainger County,US.TN.GA,164,0,
Choctaw County,US.OK.CA,164,1,
Putnam County,US.WV.PU,163,0,
Chemung County,US.NY.CM,163,3,
Preble County,US.OH.PR,162,2,
Cross County,US.AR.CO,162,1,
Boone County,US.AR.BO,162,1,
Starke County,US.IN.SR,161,7,
Orange County,US.IN.OR,161,24,
Hardin County,US.IA.HD,161,0,
Decatur County,US.TN.DC,159,1,
Cattaraugus County,US.NY.CG,158,6,
Morrow County,US.OH.MW,158,2,
Bailey County,US.TX.BY,158,4,
Wayne County,US.PA.WN,158,8,
Wasco County,US.OR.WC,158,3,
Polk County,US.TN.PO,157,1,
Warren County,US.MO.WR,157,0,
Howard County,US.TX.HW,157,3,
Knox County,US.OH.KN,157,2,
Jackson County,US.WV.JA,157,19,
Poinsett County,US.AR.PN,156,3,
Shelby County,US.IA.SH,156,1,
Zapata County,US.TX.ZP,156,2,
Franklin County,US.VA.FN,156,1,
Wabash County,US.IN.WB,155,3,
Drew County,US.AR.DR,155,2,
San Augustine County,US.TX.SG,155,11,
Montgomery County,US.NY.MT,155,4,
Posey County,US.IN.PS,154,0,
Benton County,US.OR.BE,154,6,
Cass County,US.NE.CS,154,1,
Cass County,US.TX.CS,153,7,
Shelby County,US.OH.SH,153,4,
Irwin County,US.GA.IR,153,1,
Shawano County,US.WI.SA,153,0,
Nodaway County,US.MO.NO,153,0,
Aransas County,US.TX.AA,153,12,
Crockett County,US.TX.CT,153,3,
Lee County,US.TX.LE,152,8,
Clark County,US.KY.CK,152,7,
Little River County,US.AR.LT,152,1,
Clark County,US.AR.CK,152,0,
Bonner County,US.ID.BR,152,0,
Lafayette County,US.MO.LF,151,2,
Goochland County,US.VA.GO,151,7,
Cowley County,US.KS.CL,151,2,
Gem County,US.ID.GE,151,0,
McIntosh County,US.OK.MI,151,1,
Franklin County,US.KS.FR,150,1,
Marion County,US.MO.MO,150,1,
Fayette County,US.IN.FA,150,7,
Duval County,US.TX.DU,150,3,
Hardin County,US.OH.HD,150,12,
Mason County,US.WA.MA,149,1,
Casey County,US.KY.CS,149,10,
Campbell County,US.VA.CM,149,2,
Allamakee County,US.IA.AL,149,4,
Jefferson County,US.IN.JF,148,2,
Seneca County,US.OH.SE,147,3,
McIntosh County,US.GA.MH,147,2,
Marion County,US.IA.MI,147,0,
Penobscot County,US.ME.PE,146,5,
Stone County,US.MS.ST,146,3,
Lee County,US.IL.LE,146,2,
Huron County,US.MI.HU,146,4,
Oglala Lakota County,US.SD.SH,146,1,
Kendall County,US.TX.KD,145,2,
San Jacinto County,US.TX.SJ,145,8,
Desha County,US.AR.DE,144,2,
Des Moines County,US.IA.DS,144,2,
Cayuga County,US.NY.CY,144,2,
Cascade County,US.MT.CS,144,2,
Clinton County,US.OH.CI,144,6,
Seminole County,US.GA.SI,144,2,
Gratiot County,US.MI.GT,144,15,
Whitley County,US.IN.WL,144,6,
Jackson County,US.KS.JA,143,1,
Gloucester County,US.VA.GL,143,2,
Pipestone County,US.MN.PS,142,9,
Marion County,US.GA.MR,142,4,
Clay County,US.KY.CY,142,5,
Bradley County,US.AR.BR,142,3,
Logan County,US.AR.LG,141,0,
Tuolumne County,US.CA.TO,141,2,
Montgomery County,US.IL.MT,141,6,
Staunton city,US.VA.SU,141,0,
Johnson County,US.TN.JO,141,0,
Poweshiek County,US.IA.PW,141,8,
Mono County,US.CA.MO,141,1,
Montgomery County,US.KS.MG,140,5,
Carroll County,US.KY.CL,140,2,
Jackson County,US.KY.JA,140,14,
Roosevelt County,US.NM.RO,140,1,
Young County,US.TX.YU,139,4,
Fulton County,US.IN.FU,139,1,
Mercer County,US.WV.MR,139,3,
Carroll County,US.IN.CO,139,2,
Becker County,US.MN.BC,138,1,
Freestone County,US.TX.FE,138,0,
Leon County,US.TX.LN,138,1,
Simpson County,US.KY.SI,138,7,
Fulton County,US.OH.FU,138,1,
Greene County,US.VA.GE,137,2,
Logan County,US.WV.LO,137,3,
Dawson County,US.TX.DW,137,4,
Unicoi County,US.TN.UC,136,0,
Polk County,US.NC.PO,136,5,
Jefferson County,US.ID.JF,135,1,
Trinity County,US.TX.TR,135,2,
Reeves County,US.TX.RE,135,3,
Halifax County,US.VA.HL,135,1,
Gooding County,US.ID.GO,134,1,
Overton County,US.TN.OV,134,1,
Mahaska County,US.IA.MK,134,17,
Clearfield County,US.PA.CF,134,0,
Jackson County,US.IA.JC,134,1,
Red River County,US.TX.RV,134,11,
Sullivan County,US.MO.SV,134,0,
Conway County,US.AR.CN,134,3,
Adair County,US.MO.AD,134,0,
Howell County,US.MO.HW,133,2,
Marquette County,US.MI.MQ,133,11,
Whitley County,US.KY.WH,133,1,
Bureau County,US.IL.BU,132,2,
Madison County,US.ID.MA,132,0,
McLeod County,US.MN.MC,132,0,
Marion County,US.IL.MO,132,0,
Gaines County,US.TX.GS,132,0,
Salem city,US.VA.SE,131,3,
Boyle County,US.KY.BE,131,0,
Nolan County,US.TX.NO,131,3,
McPherson County,US.KS.MP,131,1,
Macoupin County,US.IL.MP,131,3,
Otsego County,US.MI.OS,131,10,
Nez Perce County,US.ID.NE,130,19,
Benton County,US.IA.BN,130,1,
Jefferson County,US.NY.JE,130,1,
Ellis County,US.KS.EL,130,1,
Miller County,US.GA.ML,130,0,
Mississippi County,US.MO.MI,129,0,
Defiance County,US.OH.DF,129,4,
Iosco County,US.MI.IC,129,12,
Wells County,US.IN.WE,129,2,
Heard County,US.GA.HD,129,3,
Fayette County,US.WV.FA,129,5,
Nevada County,US.AR.NV,129,9,
Bleckley County,US.GA.BK,129,3,
Grayson County,US.VA.GY,129,4,
Lewis and Clark County,US.MT.LE,129,1,
Montgomery County,US.GA.MM,128,0,
Saunders County,US.NE.SU,128,2,
Polk County,US.AR.PL,128,1,
Douglas County,US.OR.DO,128,1,
Bedford County,US.PA.BO,128,4,
Woodford County,US.KY.WO,127,0,
Polk County,US.MN.PL,127,3,
Clinton County,US.NY.CL,127,4,
Ashland County,US.OH.AL,127,3,
Waseca County,US.MN.WE,127,0,
Knox County,US.IN.KN,126,0,
Pine County,US.MN.PN,126,0,
Douglas County,US.MN.DU,126,0,
Chowan County,US.NC.CW,126,1,
Juniata County,US.PA.JU,126,6,
Amador County,US.CA.AM,126,0,
Talbot County,US.GA.TB,126,3,
Crawford County,US.PA.CW,126,1,
Bosque County,US.TX.BQ,125,2,
McDonough County,US.IL.MU,125,15,
Itasca County,US.MN.IT,125,12,
Lincoln County,US.OK.LI,125,2,
Calaveras County,US.CA.CA,125,1,
Alpena County,US.MI.AP,125,13,
Guthrie County,US.IA.GH,125,5,
Choctaw County,US.MS.CW,125,4,
Mingo County,US.WV.MO,125,2,
Green County,US.WI.GN,125,1,
Lincoln County,US.GA.LC,125,4,
Somerset County,US.PA.SO,124,2,
Grant County,US.AR.GN,124,0,
Marshall County,US.WV.MH,124,0,
Marshall County,US.KY.MH,124,2,
King George County,US.VA.KG,124,4,
Benton County,US.MS.BE,124,0,
Dimmit County,US.TX.DM,124,1,
Preston County,US.WV.PR,123,3,
Marion County,US.TX.MN,123,7,
Callaway County,US.MO.CA,123,1,
Jasper County,US.GA.JS,123,1,
Miami County,US.KS.MI,122,0,
Douglas County,US.WI.DG,122,0,
Long County,US.GA.LG,122,1,
Jones County,US.IA.JN,122,1,
Pawnee County,US.OK.PW,122,3,
Dodge County,US.MN.DD,122,0,
Juneau County,US.WI.JU,122,1,
Transylvania County,US.NC.TR,122,1,
Powhatan County,US.VA.PH,122,4,
Carlton County,US.MN.CL,121,0,
Highland County,US.OH.HI,121,1,
Somerset County,US.MD.SO,121,3,
Moniteau County,US.MO.ME,121,2,
Murray County,US.MN.MU,120,1,
Franklin city,US.VA.FR,120,6,
Williams County,US.OH.WI,120,3,
Ashe County,US.NC.AS,119,1,
Wyandot County,US.OH.WD,119,5,
Franklin County,US.IL.FR,118,0,
Huntington County,US.IN.HU,118,3,
Washington County,US.NC.WI,118,3,
Brookings County,US.SD.BK,118,1,
Perry County,US.PA.PE,118,5,
Codington County,US.SD.CD,118,0,
Franklin County,US.VT.FR,117,6,
Cedar County,US.IA.CD,117,1,
Park County,US.WY.PA,117,0,
Polk County,US.WI.PL,117,2,
O'Brien County,US.IA.OB,116,1,
Logan County,US.OH.LG,116,1,
Millard County,US.UT.MD,116,0,
Franklin County,US.FL.FR,116,2,
Terry County,US.TX.TE,116,1,
Campbell County,US.WY.CM,116,1,
New Kent County,US.VA.NK,116,1,
Hawaii County,US.HI.HA,115,0,
Harrison County,US.KY.HS,115,0,
Clinton County,US.PA.CN,115,5,
Cannon County,US.TN.CN,115,0,
Tyler County,US.TX.TY,115,1,
Hutchinson County,US.TX.UT,114,2,
Union County,US.TN.UO,114,0,
Hancock County,US.IA.HN,114,2,
Clay County,US.SD.CY,114,0,
Brown County,US.OH.BR,113,1,
Cleburne County,US.AL.CB,113,1,
Mountrail County,US.ND.MU,113,1,
Pocahontas County,US.IA.PC,113,1,
Webster County,US.MO.WE,113,1,
Smyth County,US.VA.SM,112,3,
Otsego County,US.NY.OO,112,4,
Wyoming County,US.NY.WM,112,5,
Teller County,US.CO.TE,112,3,
Jo Daviess County,US.IL.JO,112,1,
Franklin County,US.MS.FR,111,2,
Towns County,US.GA.TW,111,1,
Christian County,US.IL.CI,111,4,
Butler County,US.IA.BE,111,2,
Lafayette County,US.FL.LF,111,1,
Patrick County,US.VA.PK,111,3,
Guernsey County,US.OH.GU,110,6,
Fremont County,US.CO.FR,110,0,
Spencer County,US.IN.SP,110,3,
Montgomery County,US.KY.MM,110,0,
Kewaunee County,US.WI.KW,110,2,
Henry County,US.IA.HE,110,3,
Falls County,US.TX.FL,110,2,
Dade County,US.GA.DD,109,1,
Newton County,US.IN.NE,109,10,
Stutsman County,US.ND.SU,109,2,
Mineral County,US.WV.ML,109,4,
Williamsburg City,US.VA.WL,109,6,
Labette County,US.KS.LB,109,0,
Floyd County,US.IA.FL,109,2,
Amherst County,US.VA.AH,108,0,
Montezuma County,US.CO.MZ,108,4,
Pottawatomie County,US.KS.PT,108,0,
Carroll County,US.OH.CO,107,5,
Comanche County,US.TX.CE,107,3,
Greene County,US.PA.GR,107,1,
Washington County,US.IN.WS,107,1,
Hughes County,US.OK.HU,107,1,
Saguache County,US.CO.SG,107,2,
Buffalo County,US.SD.BF,107,3,
Kingfisher County,US.OK.KN,107,0,
Runnels County,US.TX.RN,107,1,
Routt County,US.CO.RT,106,6,
Hocking County,US.OH.HC,106,9,
Dunn County,US.WI.DN,105,0,
Delta County,US.CO.DT,105,1,
Jackson County,US.TN.JA,105,1,
Lafayette County,US.WI.LF,105,0,
Belknap County,US.NH.BE,105,4,
Buchanan County,US.IA.BC,105,1,
Mifflin County,US.PA.MI,105,1,
Clay County,US.AR.CY,105,4,
Franklin County,US.AR.FR,105,2,
Saline County,US.IL.SE,105,1,
Sanpete County,US.UT.SP,104,0,
Henry County,US.OH.HE,104,1,
Grafton County,US.NH.GR,103,1,
Klickitat County,US.WA.KL,103,3,
Josephine County,US.OR.JO,103,1,
Swain County,US.NC.SW,103,2,
Delaware County,US.NY.DE,103,4,
Sharp County,US.AR.SH,102,5,
Tipton County,US.IN.TT,102,5,
Perry County,US.OH.PE,102,2,
Champaign County,US.OH.CH,102,1,
Randolph County,US.IN.RA,102,4,
McCormick County,US.SC.MC,102,2,
Isanti County,US.MN.IS,102,0,
Marion County,US.KY.MN,102,0,
Wythe County,US.VA.WY,102,3,
Douglas County,US.IL.DO,102,2,
Pushmataha County,US.OK.PU,101,0,
Yankton County,US.SD.YA,101,2,
Windham County,US.VT.WH,101,3,
Washington County,US.NE.WS,101,1,
Perry County,US.IL.PY,101,1,
Humphreys County,US.TN.HU,100,3,
Waushara County,US.WI.WS,100,0,
Hancock County,US.WV.HN,100,0,
Taylor County,US.KY.TA,100,2,
Lincoln County,US.NM.LI,99,1,
Lyon County,US.IA.LY,99,0,
Charles Mix County,US.SD.CH,99,0,
Blanco County,US.TX.BC,98,4,
Lincoln County,US.KY.LN,98,1,
Grundy County,US.TN.GU,98,2,
Scott County,US.TN.SC,98,0,
Carroll County,US.MO.CL,98,0,
Walsh County,US.ND.WL,98,0,
Garza County,US.TX.GR,97,2,
Cherokee County,US.IA.CE,97,1,
Marshall County,US.OK.MH,97,0,
Grant County,US.KY.GT,97,5,
Mason County,US.MI.MN,97,0,
Sumner County,US.KS.SU,97,3,
Madison County,US.IA.MD,96,2,
Taos County,US.NM.TA,96,1,
Treutlen County,US.GA.TE,96,3,
Morris County,US.TX.MR,96,1,
Coosa County,US.AL.CS,96,2,
Spencer County,US.KY.SP,96,0,
Hamilton County,US.NE.HM,96,12,
Meigs County,US.TN.ME,96,0,
Grays Harbor County,US.WA.GY,96,1,
Chippewa County,US.MN.CP,96,1,
Humboldt County,US.NV.HU,96,4,
Russell County,US.KY.RU,95,5,
Crawford County,US.MI.CF,95,5,
Lincoln County,US.NE.LI,95,2,
Carter County,US.KY.CR,95,1,
Effingham County,US.IL.EF,95,1,
Lee County,US.VA.LE,95,1,
Clay County,US.IN.CY,94,5,
Clayton County,US.IA.CT,94,3,
Seward County,US.NE.SA,94,1,
Snyder County,US.PA.SN,94,2,
Sequatchie County,US.TN.SQ,94,0,
Benson County,US.ND.BE,93,1,
Newton County,US.AR.NW,93,3,
Twiggs County,US.GA.TG,93,3,
Montour County,US.PA.MO,93,3,
Miller County,US.MO.ML,93,0,
Taylor County,US.IA.TY,93,0,
Barton County,US.KS.BT,92,3,
Harrison County,US.IA.HR,92,0,
Livingston County,US.IL.LI,92,2,
Tazewell County,US.VA.TA,92,0,
Richland County,US.ND.RI,91,0,
Menominee County,US.MI.MM,91,0,
Cooper County,US.MO.CP,91,0,
Cortland County,US.NY.CD,91,1,
Clallam County,US.WA.CL,91,0,
Woodford County,US.IL.WO,91,3,
Benton County,US.TN.BN,91,1,
Fayette County,US.OH.FY,91,0,
Edmonson County,US.KY.ED,91,12,
Sanilac County,US.MI.SL,91,6,
Ray County,US.MO.RY,90,0,
Monona County,US.IA.MO,90,0,
Pulaski County,US.IL.PL,90,0,
Cheshire County,US.NH.CH,90,2,
Crawford County,US.GA.CW,90,0,
Tyrrell County,US.NC.TY,90,1,
Monroe County,US.OH.ME,89,18,
Stevens County,US.WA.ST,89,1,
Lincoln County,US.WY.LI,89,0,
Lee County,US.IA.LE,89,3,
Carroll County,US.NH.CA,89,1,
Henry County,US.KY.HY,89,2,
Rutland County,US.VT.RU,89,1,
Greenup County,US.KY.GU,88,1,
Whitman County,US.WA.WI,88,0,
Hidalgo County,US.NM.HI,88,0,
Iowa County,US.IA.IO,88,1,
Gogebic County,US.MI.GO,88,1,
Del Norte County,US.CA.DE,88,0,
Lyman County,US.SD.LY,88,2,
Monroe County,US.KY.MO,88,2,
Rio Grande County,US.CO.RG,87,2,
Humboldt County,US.IA.HU,87,1,
City and Borough of Juneau,US.AK.JU,87,1,
Oneida County,US.WI.ON,87,0,
Davison County,US.SD.DV,87,0,
Delaware County,US.IA.DA,87,1,
Newton County,US.TX.NE,86,4,
Llano County,US.TX.LL,86,1,
Pulaski County,US.GA.PL,85,2,
Greenbrier County,US.WV.GE,85,3,
Yoakum County,US.TX.YA,85,1,
Brooks County,US.TX.BK,85,1,
Logan County,US.IL.LO,85,0,
Elbert County,US.CO.EB,85,2,
Door County,US.WI.DO,85,3,
Albany County,US.WY.AL,85,0,
Seneca County,US.NY.SC,85,1,
Wise County,US.VA.WI,84,3,
Ochiltree County,US.TX.OC,84,2,
Bennington County,US.VT.BE,84,1,
Wheeler County,US.GA.WL,84,1,
Franklin County,US.TX.FK,84,1,
Lampasas County,US.TX.LP,84,1,
Coos County,US.OR.CO,84,0,
Floyd County,US.TX.FY,83,5,
Ward County,US.TX.WD,83,1,
Hughes County,US.SD.HG,83,2,
Andrew County,US.MO.AN,83,1,
Bandera County,US.TX.BA,83,3,
Meeker County,US.MN.ME,83,2,
Hartley County,US.TX.HL,82,0,
Stone County,US.MO.SE,82,1,
Meade County,US.KY.MA,82,2,
Brown County,US.MN.BR,82,2,
Faribault County,US.MN.FA,82,0,
Calhoun County,US.IA.CO,81,2,
Floyd County,US.KY.FO,81,1,
Morrison County,US.MN.MR,81,1,
Avery County,US.NC.AV,81,0,
Jay County,US.IN.JY,81,0,
Bradford County,US.PA.BF,81,3,
Gage County,US.NE.GG,81,4,
Greer County,US.OK.GE,80,7,
Fairfax city,US.VA.FC,80,7,
Grant County,US.KS.GT,80,2,
Sac County,US.IA.SA,79,0,
Gallatin County,US.KY.GL,79,8,
Webster County,US.KY.WE,79,1,
Lake County,US.SD.LK,79,2,
Gentry County,US.MO.GT,79,9,
Adams County,US.IN.AD,79,2,
Rush County,US.IN.RU,79,4,
Latah County,US.ID.LA,79,0,
Clatsop County,US.OR.CT,78,0,
Owen County,US.IN.OW,78,1,
Carbon County,US.WY.CB,78,1,
Columbia County,US.OR.CL,78,0,
Wabasha County,US.MN.WB,78,0,
McKenzie County,US.ND.MK,78,1,
King William County,US.VA.KW,77,2,
Delta County,US.MI.DE,77,3,
Sibley County,US.MN.SI,77,2,
Goliad County,US.TX.GI,77,3,
Osceola County,US.IA.OS,77,0,
Hart County,US.KY.HT,77,0,
Kossuth County,US.IA.KO,77,0,
Fayette County,US.IA.FT,77,0,
Mills County,US.IA.ML,77,0,
Noble County,US.OK.NB,77,2,
Duchesne County,US.UT.DU,77,0,
Pike County,US.AR.PE,77,1,
Winneshiek County,US.IA.WH,77,1,
Morgan County,US.TN.MG,76,1,
Ouachita County,US.AR.OU,76,1,
San Miguel County,US.CO.SM,76,0,
Essex County,US.VA.ES,76,1,
Clay County,US.GA.CY,76,2,
Boone County,US.WV.BN,76,0,
Real County,US.TX.RL,76,0,
Mitchell County,US.IA.ME,76,0,
Clarion County,US.PA.CL,76,2,
Jefferson County,US.IA.JE,75,0,
Uintah County,US.UT.UN,75,0,
Swisher County,US.TX.SW,75,2,
Phelps County,US.MO.PH,75,0,
Mitchell County,US.NC.MI,75,2,
Crane County,US.TX.CR,75,2,
Hampshire County,US.WV.HM,74,1,
Allegany County,US.NY.AL,74,2,
Sullivan County,US.IN.SU,74,1,
Anderson County,US.KY.AN,74,1,
Sevier County,US.UT.SE,74,2,
Madison County,US.MT.MA,74,1,
Pulaski County,US.VA.PU,74,3,
Palo Alto County,US.IA.PO,74,0,
Shoshone County,US.ID.SH,73,1,
Grant County,US.WV.GA,73,0,
Rock County,US.MN.RC,73,0,
Mercer County,US.KY.MC,73,0,
Amelia County,US.VA.AI,73,1,
Siskiyou County,US.CA.SK,73,0,
Perry County,US.TN.PE,73,0,
Socorro County,US.NM.SO,73,6,
Douglas County,US.MO.DO,73,2,
Fentress County,US.TN.FE,73,0,
Ravalli County,US.MT.RA,72,1,
Grundy County,US.IA.GN,72,1,
Addison County,US.VT.AD,72,2,
Yancey County,US.NC.YN,72,0,
Hancock County,US.TN.HC,72,1,
Crowley County,US.CO.CR,72,1,
Craig County,US.OK.CG,72,0,
Meade County,US.SD.MD,71,1,
Winnebago County,US.IA.WB,71,0,
Windsor County,US.VT.WS,71,2,
Benton County,US.MO.BN,71,1,
Iron County,US.WI.IR,71,1,
Pulaski County,US.IN.PL,71,1,
Buchanan County,US.VA.BH,71,0,
Koochiching County,US.MN.KO,70,3,
Cherokee County,US.KS.CK,70,1,
Pennington County,US.MN.PI,70,1,
Lake County,US.CO.LK,70,0,
Roberts County,US.SD.RO,70,1,
Currituck County,US.NC.CI,70,0,
York County,US.NE.YO,69,0,
Bourbon County,US.KY.BU,69,1,
Brown County,US.IN.BR,69,1,
Adams County,US.WI.AD,69,2,
Taylor County,US.GA.TY,69,2,
Page County,US.IA.PG,69,0,
Henry County,US.MO.HE,69,3,
Lincoln County,US.MT.LN,69,2,
Pike County,US.MO.PI,69,1,
Marquette County,US.WI.MQ,69,1,
Jackson County,US.MN.JA,69,0,
Clarke County,US.VA.CK,69,0,
Mercer County,US.IL.ME,68,0,
Osceola County,US.MI.OE,68,0,
Rowan County,US.KY.RW,68,0,
Winkler County,US.TX.WI,68,1,
Schoharie County,US.NY.SO,68,2,
Appomattox County,US.VA.AP,68,0,
Garrard County,US.KY.GR,67,0,
Latimer County,US.OK.LA,67,1,
Coffey County,US.KS.CF,67,8,
Cleveland County,US.AR.CV,67,2,
Stewart County,US.TN.SA,67,0,
Grant County,US.NM.GR,67,2,
Union County,US.IA.UN,67,1,
Alleghany County,US.NC.AL,67,0,
Van Wert County,US.OH.VA,66,1,
Rockbridge County,US.VA.RB,66,0,
Clark County,US.IL.CK,66,0,
Monroe County,US.IA.MR,66,7,
Todd County,US.SD.TO,66,4,
Barton County,US.MO.BT,65,0,
Jackson County,US.OH.JA,65,0,
Dukes County,US.MA.DU,65,0,
Jersey County,US.IL.JR,65,1,
Lassen County,US.CA.LS,65,0,
Northumberland County,US.VA.NU,65,2,
Perquimans County,US.NC.PQ,65,2,
Lynn County,US.TX.LY,65,4,
Cumberland County,US.VA.CU,65,0,
Wexford County,US.MI.WE,64,4,
Gray County,US.KS.GY,64,0,
Silver Bow County,US.MT.SI,64,0,
Love County,US.OK.LV,64,0,
Leelanau County,US.MI.LE,64,0,
Juab County,US.UT.JU,63,1,
Prairie County,US.AR.PR,63,0,
Iowa County,US.WI.IO,63,0,
Pike County,US.OH.PK,63,0,
Yuma County,US.CO.YU,62,0,
Lincoln County,US.WV.LI,62,0,
Atoka County,US.OK.AT,62,0,
Fountain County,US.IN.FO,62,2,
Camden County,US.NC.CD,62,2,
Waldo County,US.ME.WL,62,14,
Venango County,US.PA.VE,62,0,
Morgan County,US.MO.MG,62,0,
Clinton County,US.MO.CO,61,0,
Lincoln County,US.WI.LI,61,0,
Jefferson County,US.KS.JF,61,0,
Fillmore County,US.MN.FI,61,0,
Clay County,US.TN.CY,61,0,
Madison County,US.VA.MD,61,1,
Brooke County,US.WV.BO,61,1,
Baxter County,US.AR.BA,60,0,
Rockcastle County,US.KY.RC,60,0,
Sheridan County,US.WY.SH,60,0,
Benton County,US.IN.BE,60,0,
Harrison County,US.MO.HS,60,1,
Russell County,US.VA.RU,60,1,
Atchison County,US.KS.AT,59,0,
Murray County,US.OK.MR,59,0,
Forest County,US.WI.FR,59,4,
Bristol city,US.VA.BI,59,0,
Hansford County,US.TX.HF,59,2,
Washington County,US.KY.WS,59,0,
Clare County,US.MI.CE,59,3,
Worth County,US.IA.WT,59,0,
Paulding County,US.OH.PA,59,0,
Torrance County,US.NM.TO,59,1,
Falls Church city,US.VA.FU,59,6,
Dewey County,US.SD.DW,59,0,
Baker County,US.GA.BR,58,3,
Teton County,US.ID.TE,58,0,
Sutton County,US.TX.ST,58,1,
Morrill County,US.NE.MO,58,0,
Wright County,US.MO.WG,58,0,
Reagan County,US.TX.RG,58,3,
Jefferson County,US.PA.JE,58,1,
Jackson County,US.AR.JA,58,1,
Clay County,US.NC.CY,58,0,
Somervell County,US.TX.SV,58,0,
Sioux County,US.ND.SI,58,0,
Vernon County,US.WI.VE,58,0,
Gallia County,US.OH.GA,58,1,
Bourbon County,US.KS.BB,57,1,
Jones County,US.NC.JN,57,3,
White County,US.IL.WE,57,0,
Pamlico County,US.NC.PM,57,1,
Crawford County,US.WI.CR,57,0,
Carbon County,US.MT.CB,57,0,
Wyoming County,US.PA.WM,57,8,
Cass County,US.MN.CS,57,2,
Renville County,US.MN.RN,57,5,
Montague County,US.TX.MU,57,1,
Cuming County,US.NE.CM,57,0,
Washington County,US.IL.WG,56,0,
Dallas County,US.AR.DA,56,0,
Shelby County,US.IL.SB,56,1,
Alleghany County,US.VA.AL,56,3,
Mecosta County,US.MI.MT,56,2,
Emmet County,US.MI.EM,56,2,
Tensas Parish,US.LA.TN,56,0,
Butler County,US.NE.BE,56,0,
Bollinger County,US.MO.BI,56,0,
Mille Lacs County,US.MN.MI,56,3,
Fulton County,US.KY.FU,56,1,
Mariposa County,US.CA.MP,56,2,
Dixon County,US.NE.DI,56,2,
Hamilton County,US.TX.HM,55,2,
Johnson County,US.IL.JH,55,0,
Howard County,US.NE.HW,55,4,
Nowata County,US.OK.NW,55,1,
Okfuskee County,US.OK.OF,55,0,
Greenlee County,US.AZ.GE,55,2,
Randolph County,US.MO.RN,55,1,
Warren County,US.GA.WR,55,0,
Lunenburg County,US.VA.LN,55,1,
Tillman County,US.OK.TI,55,1,
Yates County,US.NY.YA,55,6,
Essex County,US.NY.ES,55,0,
Houston County,US.TN.HO,54,0,
Kane County,US.UT.KA,54,0,
Glacier County,US.MT.GC,54,1,
Otero County,US.CO.OT,54,6,
Hardy County,US.WV.HD,54,0,
Oxford County,US.ME.OX,54,0,
Kearny County,US.KS.KE,54,1,
Washington County,US.MO.WS,54,1,
Fayette County,US.IL.FA,54,3,
Fleming County,US.KY.FE,54,0,
Jim Hogg County,US.TX.JG,53,1,
Lincoln County,US.MN.LI,53,0,
Union County,US.KY.UN,53,0,
Mason County,US.KY.MS,53,1,
Livingston County,US.MO.LV,53,0,
Macon County,US.MO.MN,53,0,
Scott County,US.VA.SC,53,3,
Adams County,US.OH.AD,53,2,
Crosby County,US.TX.CB,52,1,
Taylor County,US.WV.TA,52,0,
Stone County,US.AR.ST,52,1,
Skamania County,US.WA.SM,52,1,
Crawford County,US.MO.CF,52,0,
Mitchell County,US.TX.MH,52,0,
Gladwin County,US.MI.GL,52,2,
Custer County,US.MT.CU,52,2,
Moultrie County,US.IL.MI,52,0,
Green Lake County,US.WI.GL,52,0,
Jasper County,US.IL.JS,51,7,
Swift County,US.MN.SW,51,1,
Lewis County,US.TN.LE,51,1,
Jefferson County,US.WA.JE,51,0,
Breckinridge County,US.KY.BC,51,2,
Monroe County,US.AR.ME,51,0,
Ogemaw County,US.MI.OG,51,2,
Marion County,US.KS.MN,51,1,
Blackford County,US.IN.BL,51,2,
Neosho County,US.KS.NO,51,0,
Eastland County,US.TX.EA,51,1,
Inyo County,US.CA.IN,51,1,
Benewah County,US.ID.BA,51,0,
Lander County,US.NV.LA,50,1,
Sagadahoc County,US.ME.SA,50,0,
Fremont County,US.ID.FE,50,0,
Schley County,US.GA.SY,50,1,
Lincoln County,US.ID.LI,50,0,
Taylor County,US.WI.TA,50,0,
Charles City County,US.VA.CC,50,5,
Wilbarger County,US.TX.WG,50,1,
Van Buren County,US.AR.VA,50,2,
Wayne County,US.KY.WY,50,0,
Metcalfe County,US.KY.MT,50,2,
Franklin County,US.NY.FR,50,1,
Perry County,US.AR.PY,49,0,
Yellow Medicine County,US.MN.YE,49,0,
Bond County,US.IL.BN,49,2,
Lafayette County,US.AR.LF,49,2,
Caldwell County,US.KY.CD,49,0,
Letcher County,US.KY.LT,49,0,
Charlotte County,US.VA.CT,49,0,
Washakie County,US.WY.WA,49,5,
Davis County,US.IA.DV,49,1,
Kalkaska County,US.MI.KK,48,4,
Grant County,US.MN.GR,48,1,
Prowers County,US.CO.PR,48,0,
Trigg County,US.KY.TG,48,0,
Dallas County,US.MO.DL,48,1,
Chickasaw County,US.IA.CC,48,0,
Howard County,US.IA.HO,47,0,
Houghton County,US.MI.HO,47,0,
Roscommon County,US.MI.RO,47,0,
Jackson County,US.WI.JA,47,1,
Kauai County,US.HI.KU,47,0,
Larue County,US.KY.LR,47,1,
Washington County,US.VT.WA,47,2,
Clay County,US.NE.CL,47,0,
Park County,US.MT.PA,47,0,
Washington County,US.CO.WA,47,0,
Buena Vista city,US.VA.BE,47,0,
Franklin County,US.ID.FA,47,0,
Merrick County,US.NE.ME,47,0,
Beaverhead County,US.MT.BE,47,0,
Richland County,US.MT.RI,46,1,
Valley County,US.ID.VA,46,1,
Parke County,US.IN.PA,46,1,
Langlade County,US.WI.LN,46,1,
Blaine County,US.OK.BL,46,0,
Knox County,US.TX.KX,46,0,
Mason County,US.WV.MN,46,1,
Nemaha County,US.KS.NM,46,0,
Cumberland County,US.IL.CU,46,2,
Rains County,US.TX.RI,45,1,
Howard County,US.MO.HR,45,0,
Franklin County,US.ME.FR,45,1,
Valdez-Cordova Census Area,US.AK.VA,45,0,
Ohio County,US.IN.OH,45,4,
Yukon-Koyukuk Census Area,US.AK.YU,45,1,
Dickinson County,US.MI.DI,45,2,
Martin County,US.TX.MT,45,3,
Menard County,US.IL.MN,45,0,
Hancock County,US.KY.HC,45,0,
Meade County,US.KS.ME,44,0,
Garfield County,US.UT.GA,44,1,
Clark County,US.KS.CA,44,1,
Carroll County,US.IL.CL,44,3,
Grand County,US.UT.GR,44,0,
Presidio County,US.TX.PS,44,0,
Churchill County,US.NV.CH,44,1,
Izard County,US.AR.IZ,44,1,
Vernon County,US.MO.VE,44,0,
Turner County,US.SD.TU,44,0,
Sabine County,US.TX.SB,44,6,
Powell County,US.KY.PO,44,0,
Gates County,US.NC.GT,43,2,
Morgan County,US.UT.MN,43,0,
Elk County,US.PA.EL,43,2,
Switzerland County,US.IN.SW,43,0,
Gallatin County,US.IL.GA,43,0,
Garrett County,US.MD.GA,43,0,
Donley County,US.TX.DO,43,0,
Moore County,US.TN.MO,43,0,
Stevens County,US.KS.SV,43,0,
Wayne County,US.IL.WY,43,1,
Shannon County,US.MO.SN,43,1,
Phillips County,US.KS.PL,43,8,
Crook County,US.OR.CR,43,1,
Ste. Genevieve County,US.MO.SG,43,1,
Grand County,US.CO.GR,43,1,
Kit Carson County,US.CO.KT,43,3,
Beckham County,US.OK.BC,43,1,
Custer County,US.NE.CU,43,4,
Traill County,US.ND.TR,42,0,
Roseau County,US.MN.RS,42,0,
Lamoille County,US.VT.LA,42,1,
Martin County,US.IN.MN,42,0,
Charlevoix County,US.MI.CV,42,2,
Power County,US.ID.PO,42,0,
Owen County,US.KY.OE,42,0,
Otoe County,US.NE.OT,42,0,
Cass County,US.IA.CS,42,1,
Mason County,US.IL.MS,42,0,
Doniphan County,US.KS.DP,42,0,
Lucas County,US.IA.LU,42,4,
Montgomery County,US.IA.MG,42,3,
Hamilton County,US.KS.HM,41,0,
Park County,US.CO.PA,41,1,
Pocahontas County,US.WV.PO,41,0,
Scott County,US.AR.SC,41,0,
Callahan County,US.TX.AL,41,3,
McCulloch County,US.TX.MC,41,1,
Crawford County,US.IN.CW,41,0,
Hemphill County,US.TX.HH,41,0,
Ripley County,US.MO.RI,41,0,
Buffalo County,US.WI.BF,41,2,
Pike County,US.IN.PI,41,0,
San Miguel County,US.NM.SM,41,0,
Pepin County,US.WI.PE,40,0,
Lawrence County,US.IL.LW,40,0,
Piatt County,US.IL.PA,40,0,
Appanoose County,US.IA.AP,40,3,
Wetzel County,US.WV.WT,40,0,
Missaukee County,US.MI.MU,40,1,
Sullivan County,US.NH.SU,40,1,
Arenac County,US.MI.AR,40,3,
Brule County,US.SD.BU,40,0,
Jack County,US.TX.JK,40,0,
Ramsey County,US.ND.RM,40,2,
Knott County,US.KY.KT,40,1,
Haskell County,US.OK.HS,40,0,
Rappahannock County,US.VA.RP,40,2,
Hill County,US.MT.HI,40,0,
Mason County,US.TX.MA,40,0,
Johnston County,US.OK.JO,40,0,
Pacific County,US.WA.PA,40,2,
Coke County,US.TX.OK,39,1,
Ford County,US.IL.FO,39,1,
Wabaunsee County,US.KS.WB,39,0,
Bates County,US.MO.BS,39,1,
Jerauld County,US.SD.JE,39,1,
Haskell County,US.KS.HS,39,0,
Pope County,US.MN.PE,39,0,
Greene County,US.IA.GE,38,0,
Madison County,US.NC.MD,38,0,
McLean County,US.KY.ML,38,1,
Houston County,US.MN.HO,38,0,
Cheboygan County,US.MI.CY,38,2,
Upshur County,US.WV.UP,38,0,
Boise County,US.ID.BS,38,1,
Osage County,US.KS.OS,37,0,
Osage County,US.MO.OS,37,0,
Johnson County,US.KY.JO,37,0,
Aurora County,US.SD.AU,37,0,
Pendleton County,US.WV.PE,37,1,
Dickinson County,US.KS.DK,37,1,
Surry County,US.VA.SR,37,2,
Sherman County,US.TX.SN,37,0,
Hyde County,US.NC.HE,37,0,
McLean County,US.ND.ML,37,0,
Cumberland County,US.KY.CU,37,0,
Sawyer County,US.WI.SW,36,0,
Antrim County,US.MI.AN,36,0,
Webster County,US.GA.WT,36,2,
Beaver County,US.OK.BA,36,0,
Pendleton County,US.KY.PN,36,0,
Alexander County,US.IL.AL,36,0,
Sublette County,US.WY.SU,36,0,
Brown County,US.KS.BR,36,0,
Poquoson city,US.VA.PQ,36,0,
Big Horn County,US.WY.BI,35,0,
Texas County,US.MO.TE,35,0,
King and Queen County,US.VA.KA,35,1,
Schleicher County,US.TX.SH,35,1,
McCreary County,US.KY.MR,35,0,
Haskell County,US.TX.HK,35,0,
Tioga County,US.PA.TI,35,2,
Pend Oreille County,US.WA.PE,35,0,
Ketchikan Gateway Borough,US.AK.KG,35,0,
Wayne County,US.NE.WY,35,0,
Somerset County,US.ME.SO,34,1,
Childress County,US.TX.CD,34,0,
Vermillion County,US.IN.VE,34,0,
Lincoln County,US.ME.LI,34,1,
Bath County,US.KY.BH,34,1,
Clay County,US.TX.CY,34,1,
Massac County,US.IL.MA,34,0,
Lewis County,US.NY.LE,34,5,
Fremont County,US.IA.FO,34,0,
Phelps County,US.NE.PH,34,0,
Norman County,US.MN.NR,34,0,
Wayne County,US.MO.WY,34,0,
Cedar County,US.MO.CD,34,0,
Boundary County,US.ID.BD,33,0,
Linn County,US.KS.LN,33,0,
Nantucket County,US.MA.NA,33,1,
Montgomery County,US.MO.MM,33,0,
Lewis County,US.KY.LI,33,0,
Lawrence County,US.KY.LC,33,0,
Floyd County,US.VA.FO,33,1,
Plumas County,US.CA.PU,33,0,
Todd County,US.KY.TO,33,0,
Hickman County,US.KY.HA,33,0,
Pratt County,US.KS.PR,33,0,
Archuleta County,US.CO.AC,33,0,
Woodward County,US.OK.WW,32,0,
Trimble County,US.KY.TM,32,0,
Livingston County,US.KY.LV,32,1,
Van Buren County,US.TN.VA,32,0,
Barnes County,US.ND.BA,32,0,
Manistee County,US.MI.ME,32,0,
Lake County,US.OR.LK,32,0,
Rolette County,US.ND.RO,32,0,
Aroostook County,US.ME.AR,32,1,
Nelson County,US.VA.NL,32,0,
Lewis County,US.MO.LE,32,1,
DeKalb County,US.MO.DE,32,1,
McDowell County,US.WV.MC,32,0,
Quay County,US.NM.QU,31,1,
Toole County,US.MT.TO,31,6,
Cavalier County,US.ND.CV,31,0,
Wheeler County,US.TX.WL,31,0,
Chippewa County,US.MI.CP,31,0,
Lancaster County,US.VA.LA,31,0,
Nicholas County,US.WV.NI,31,1,
Guadalupe County,US.NM.GU,31,0,
Baker County,US.OR.BA,30,0,
Ottawa County,US.KS.OT,30,0,
Converse County,US.WY.CE,30,0,
Lyon County,US.KY.LY,30,4,
Keokuk County,US.IA.KE,30,1,
Hancock County,US.IL.HC,30,1,
Green County,US.KY.GN,30,2,
Knox County,US.NE.KN,30,0,
Linn County,US.MO.LN,30,1,
Caldwell County,US.MO.CW,30,1,
Vinton County,US.OH.VI,30,2,
Wabash County,US.IL.WB,30,0,
Jefferson County,US.OK.JE,30,0,
Ballard County,US.KY.BA,30,0,
Redwood County,US.MN.RW,30,0,
Carbon County,US.UT.CR,30,0,
Moody County,US.SD.MO,30,0,
Vilas County,US.WI.VI,30,0,
Thomas County,US.KS.TH,29,0,
Stephens County,US.TX.SE,29,2,
Menifee County,US.KY.ME,29,0,
Washburn County,US.WI.WR,29,0,
Cloud County,US.KS.CD,29,0,
Dunn County,US.ND.DU,29,0,
Sierra County,US.NM.SI,29,0,
Bracken County,US.KY.BK,29,0,
Lexington city,US.VA.LX,29,0,
Quitman County,US.GA.QU,29,1,
Martin County,US.KY.MI,29,0,
Griggs County,US.ND.GI,29,0,
Ida County,US.IA.ID,29,0,
Idaho County,US.ID.ID,29,0,
Van Buren County,US.IA.VA,29,1,
Crawford County,US.IL.CW,29,0,
Barbour County,US.WV.BB,29,1,
Aitkin County,US.MN.AI,28,0,
Union County,US.IN.UN,28,0,
Kearney County,US.NE.KA,28,0,
Alcona County,US.MI.AC,28,1,
Marshall County,US.MN.MS,28,0,
San Juan County,US.WA.SA,28,0,
Audubon County,US.IA.AU,28,1,
Corson County,US.SD.CO,28,0,
Shelby County,US.MO.SB,28,0,
Morgan County,US.KY.MG,28,0,
Benzie County,US.MI.BE,28,1,
Northwest Arctic Borough,US.AK.NW,28,0,
McKean County,US.PA.MC,28,1,
Middlesex County,US.VA.MI,27,1,
Hubbard County,US.MN.HU,27,0,
De Witt County,US.IL.DW,27,0,
Kanabec County,US.MN.KA,27,1,
Republic County,US.KS.RP,27,0,
Union County,US.NM.UN,27,0,
Beaver County,US.UT.BV,27,0,
Lawrence County,US.SD.LW,27,0,
Wilkin County,US.MN.WL,27,3,
Richland County,US.WI.RI,27,4,
Pembina County,US.ND.PE,27,0,
Anderson County,US.KS.AN,27,0,
Mitchell County,US.KS.MC,27,0,
Kiowa County,US.OK.KO,27,1,
Clear Creek County,US.CO.CL,27,1,
Fulton County,US.AR.FU,27,0,
Hancock County,US.ME.HA,27,1,
Crittenden County,US.KY.CT,26,1,
Knox County,US.ME.KN,26,1,
Coal County,US.OK.CL,26,0,
Hutchinson County,US.SD.HT,26,0,
Cheyenne County,US.NE.CY,26,0,
Concho County,US.TX.ON,26,0,
Graham County,US.NC.GH,26,0,
Faulk County,US.SD.FU,26,1,
Carlisle County,US.KY.CE,26,1,
Rice County,US.KS.RC,26,0,
Radford city,US.VA.RD,26,0,
Caledonia County,US.VT.CA,26,0,
Leslie County,US.KY.LS,26,0,
Morgan County,US.WV.MA,26,0,
Lewis County,US.WV.LE,26,2,
Stanton County,US.NE.ST,26,0,
Ransom County,US.ND.RN,26,0,
Scott County,US.KS.SC,26,0,
Thayer County,US.NE.TA,25,0,
Jefferson County,US.MT.JE,25,0,
Edgar County,US.IL.EG,25,0,
Montgomery County,US.AR.MT,25,0,
Searcy County,US.AR.SA,25,0,
Moffat County,US.CO.MF,25,1,
Fulton County,US.IL.FU,25,0,
Breathitt County,US.KY.BT,25,0,
Major County,US.OK.MJ,25,1,
Washita County,US.OK.WT,24,0,
Polk County,US.NE.PO,24,0,
McCook County,US.SD.MC,24,1,
Mellette County,US.SD.ML,24,0,
Oscoda County,US.MI.OO,24,1,
Fisher County,US.TX.FH,24,1,
Asotin County,US.WA.AS,24,2,
Edwards County,US.TX.ED,24,0,
Tillamook County,US.OR.TI,24,0,
Grundy County,US.MO.GU,24,1,
Harmon County,US.OK.HM,24,0,
Marion County,US.AR.MN,23,0,
Caribou County,US.ID.CR,23,0,
Wadena County,US.MN.WD,23,0,
Conejos County,US.CO.CN,23,0,
Meigs County,US.OH.MS,23,0,
Stanton County,US.KS.ST,23,0,
Giles County,US.VA.GI,23,0,
Dickenson County,US.VA.DC,23,0,
Clinton County,US.KY.CO,23,0,
Mercer County,US.ND.ME,23,0,
San Saba County,US.TX.SS,22,0,
Schuyler County,US.NY.SU,22,0,
Big Stone County,US.MN.BI,22,0,
Johnson County,US.WY.JO,22,1,
Pickett County,US.TN.PI,22,1,
Fulton County,US.PA.FU,22,2,
Norton County,US.KS.NT,22,0,
Fillmore County,US.NE.FI,22,1,
Costilla County,US.CO.CS,22,0,
Glascock County,US.GA.GS,22,0,
Hudspeth County,US.TX.HU,22,2,
Sitka City and Borough,US.AK.SI,22,0,
Mahnomen County,US.MN.MH,22,1,
Rosebud County,US.MT.RS,22,1,
Issaquena County,US.MS.IS,21,1,
Cedar County,US.NE.CA,21,0,
Ringgold County,US.IA.RI,21,1,
Marshall County,US.IL.MH,21,0,
Wyoming County,US.WV.WY,21,1,
Day County,US.SD.DY,21,0,
Ralls County,US.MO.RL,21,0,
Cochran County,US.TX.CC,21,0,
Price County,US.WI.PC,21,0,
Decatur County,US.IA.DC,21,0,
Tripp County,US.SD.TR,20,0,
Hamilton County,US.IL.HM,20,0,
Hanson County,US.SD.HS,20,0,
Nicholas County,US.KY.NI,20,0,
Richardson County,US.NE.RI,20,1,
Adair County,US.IA.AI,20,0,
Archer County,US.TX.AC,20,0,
Potter County,US.PA.PO,20,0,
Mackinac County,US.MI.MK,20,0,
Bethel Census Area,US.AK.BE,20,0,
Deer Lodge County,US.MT.DE,20,0,
Los Alamos County,US.NM.LO,20,0,
Gasconade County,US.MO.GA,20,0,
Nemaha County,US.NE.NE,19,0,
Bayfield County,US.WI.BY,19,1,
Wallowa County,US.OR.WW,19,1,
McIntosh County,US.ND.MI,19,1,
Stillwater County,US.MT.ST,19,0,
Ashland County,US.WI.AS,19,0,
Monroe County,US.WV.ME,19,0,
Warren County,US.IN.WN,19,1,
Spink County,US.SD.SP,19,0,
Woodruff County,US.AR.WO,19,0,
Carter County,US.MO.CR,19,1,
Roosevelt County,US.MT.RO,19,0,
Custer County,US.SD.CU,19,0,
Grant County,US.SD.GA,19,0,
Burt County,US.NE.BT,19,0,
Greene County,US.IL.GE,19,0,
Harrison County,US.OH.HR,19,1,
Phillips County,US.CO.PH,19,0,
Burke County,US.ND.BK,19,0,
Magoffin County,US.KY.MF,19,0,
St. Clair County,US.MO.SC,18,0,
Clay County,US.KS.CY,18,2,
Menominee County,US.WI.MN,18,0,
Mineral County,US.CO.MI,18,0,
Keith County,US.NE.KT,18,0,
Ellsworth County,US.KS.EW,18,0,
Hot Springs County,US.WY.HO,18,0,
Antelope County,US.NE.AN,18,1,
Walworth County,US.SD.WA,18,0,
Morgan County,US.OH.MA,18,0,
Adams County,US.ID.AM,18,0,
Bottineau County,US.ND.BT,17,0,
Pierce County,US.NE.PI,17,0,
Iron County,US.MI.IR,17,1,
Daviess County,US.MO.DV,17,0,
Cotton County,US.OK.CT,17,2,
Graham County,US.KS.GH,17,0,
Red Lake County,US.MN.RD,17,0,
Clay County,US.WV.CY,17,1,
Monroe County,US.MO.MR,17,0,
Nome Census Area,US.AK.NM,17,0,
Lake County,US.MI.LK,17,0,
Lake County,US.MN.LE,17,0,
Nelson County,US.ND.NE,17,0,
Madison County,US.MO.MD,17,0,
Kinney County,US.TX.KN,17,0,
Foster County,US.ND.FO,17,0,
Shackelford County,US.TX.SC,17,0,
Craig County,US.VA.CG,16,0,
Reynolds County,US.MO.RE,16,0,
Rooks County,US.KS.RO,16,0,
Hickory County,US.MO.HC,16,0,
Dawson County,US.MT.DW,16,0,
Douglas County,US.SD.DO,16,0,
Menard County,US.TX.EN,16,0,
Gilmer County,US.WV.GI,16,0,
Coos County,US.NH.CO,16,0,
Presque Isle County,US.MI.PR,16,1,
Gilpin County,US.CO.GI,16,0,
Noble County,US.OH.NO,16,0,
Hardin County,US.IL.HI,16,0,
Upton County,US.TX.UP,16,1,
Clark County,US.SD.CK,16,0,
Warren County,US.PA.WR,16,1,
Orange County,US.VT.OA,16,0,
Greenwood County,US.KS.GW,15,0,
Adams County,US.IA.AM,15,0,
Lipscomb County,US.TX.LM,15,0,
Schuyler County,US.IL.SU,15,0,
Wells County,US.ND.WE,15,0,
Hardeman County,US.TX.RD,15,0,
Gosper County,US.NE.GO,15,0,
Red Willow County,US.NE.RE,15,0,
Emmons County,US.ND.EM,15,1,
Culberson County,US.TX.UL,15,2,
Emery County,US.UT.EM,15,0,
Perkins County,US.NE.PE,15,1,
Las Animas County,US.CO.LS,15,0,
Fall River County,US.SD.FL,15,0,
Stevens County,US.MN.SV,15,0,
Clearwater County,US.ID.CE,15,0,
Mills County,US.TX.MS,15,0,
Furnas County,US.NE.FU,15,1,
Rusk County,US.WI.RU,15,1,
Wayne County,US.IA.WY,15,1,
Woods County,US.OK.WS,15,0,
Teton County,US.MT.TE,15,0,
Kimball County,US.NE.KB,15,0,
Goshen County,US.WY.GO,14,0,
Dade County,US.MO.DD,14,0,
Curry County,US.OR.CU,14,0,
Delta County,US.TX.DT,14,0,
Cottle County,US.TX.OT,14,2,
Hamlin County,US.SD.HM,14,0,
Roane County,US.WV.RO,14,1,
Stanley County,US.SD.ST,14,0,
Miner County,US.SD.ME,14,0,
Orleans County,US.VT.OL,14,0,
Maries County,US.MO.MS,14,0,
Burnett County,US.WI.BN,14,1,
Baca County,US.CO.BA,14,0,
Southeast Fairbanks Census Area,US.AK.SO,14,0,
McHenry County,US.ND.MH,14,1,
LaMoure County,US.ND.LA,14,0,
Chariton County,US.MO.CI,14,0,
Allen County,US.KS.AL,14,0,
Sherman County,US.KS.SH,14,0,
Iron County,US.MO.IR,14,0,
Jefferson County,US.NE.JE,14,0,
Clearwater County,US.MN.CE,14,0,
Pershing County,US.NV.PE,13,0,
Matthews County,US.VA.MT,13,0,
White Pine County,US.NV.WH,13,1,
Calhoun County,US.AR.CA,13,0,
Grand Isle County,US.VT.GR,13,0,
Lincoln County,US.WA.LI,13,0,
Edmunds County,US.SD.ED,13,0,
Ferry County,US.WA.FE,13,0,
North Slope Borough,US.AK.NH,13,0,
Brown County,US.IL.BR,13,0,
Colfax County,US.NM.CO,13,1,
Oregon County,US.MO.OR,13,0,
Sherman County,US.OR.SH,13,0,
Columbia County,US.WA.CM,13,0,
Edwards County,US.IL.EW,13,0,
Bon Homme County,US.SD.BH,13,0,
Carson County,US.TX.CN,13,0,
Pike County,US.IL.PK,13,0,
Norton city,US.VA.NC,13,0,
Clay County,US.IL.CY,13,0,
Clark County,US.MO.CK,13,0,
Oldham County,US.TX.OL,13,1,
Kimble County,US.TX.KM,13,0,
Sanborn County,US.SD.SA,13,0,
Eddy County,US.ND.ED,13,0,
Garfield County,US.MT.GF,12,0,
Kingsbury County,US.SD.KI,12,0,
Covington city,US.VA.CV,12,0,
Scotland County,US.MO.SO,12,1,
Richland County,US.IL.RI,12,0,
Estill County,US.KY.ES,12,0,
Lemhi County,US.ID.LM,12,0,
Ouray County,US.CO.OU,12,1,
Tyler County,US.WV.TY,12,0,
Taliaferro County,US.GA.TA,12,0,
Sedgwick County,US.CO.SE,11,1,
Mineral County,US.NV.MI,11,0,
Grant County,US.OK.GN,11,0,
Briscoe County,US.TX.BO,11,1,
Dickey County,US.ND.DC,11,0,
Atchison County,US.MO.AT,11,0,
Knox County,US.MO.KN,11,0,
Pierce County,US.ND.PI,11,0,
Russell County,US.KS.RS,11,0,
Kidder County,US.ND.KI,11,0,
Johnson County,US.NE.JO,11,0,
Hodgeman County,US.KS.HG,11,0,
Coleman County,US.TX.CM,11,0,
Valley County,US.MT.VA,11,0,
Valley County,US.NE.VA,10,0,
Putnam County,US.MO.PN,10,1,
Edwards County,US.KS.ED,10,0,
Woodson County,US.KS.WO,10,0,
Box Butte County,US.NE.BX,10,0,
Scott County,US.IL.SO,10,0,
Sullivan County,US.PA.SL,10,0,
Traverse County,US.MN.TR,10,0,
Butte County,US.SD.BT,10,1,
Custer County,US.CO.CU,10,0,
Steele County,US.ND.SE,10,0,
Tucker County,US.WV.TU,10,0,
Wilson County,US.KS.WL,10,0,
Broadwater County,US.MT.BR,10,0,
Webster County,US.NE.WE,9,0,
Franklin County,US.NE.FA,9,0,
Pondera County,US.MT.PN,9,0,
Kingman County,US.KS.KM,9,0,
Renville County,US.ND.RE,9,0,
Crook County,US.WY.CK,9,0,
Jewell County,US.KS.JW,9,0,
Irion County,US.TX.IR,9,0,
Schoolcraft County,US.MI.SR,9,0,
Owsley County,US.KY.OS,9,0,
Marshall County,US.KS.MS,9,0,
Wolfe County,US.KY.WL,9,0,
Morris County,US.KS.MR,9,0,
Forest County,US.PA.FO,9,0,
Morton County,US.KS.MT,9,2,
Schuyler County,US.MO.SH,9,0,
Dent County,US.MO.DN,9,0,
Harper County,US.OK.HP,9,0,
Henderson County,US.IL.HD,9,0,
Sanders County,US.MT.SA,9,0,
Sheridan County,US.NE.SD,9,0,
Blaine County,US.MT.BL,8,0,
Cheyenne County,US.CO.CE,8,0,
Worth County,US.MO.WO,8,0,
Armstrong County,US.TX.AM,8,0,
Alger County,US.MI.AG,8,0,
Washington County,US.ME.WS,8,0,
Braxton County,US.WV.BX,8,0,
Dawes County,US.NE.DS,8,0,
Deuel County,US.SD.DU,8,0,
Ziebach County,US.SD.ZI,8,0,
Jeff Davis County,US.TX.JF,8,0,
Marshall County,US.SD.MS,8,0,
Montmorency County,US.MI.MR,8,0,
Mercer County,US.MO.MC,8,0,
McMullen County,US.TX.MM,8,0,
Hall County,US.TX.HA,8,1,
Greeley County,US.NE.GE,8,0,
Sargent County,US.ND.SG,8,0,
Nance County,US.NE.NA,8,0,
Oneida County,US.ID.ON,8,0,
Jackson County,US.CO.JA,8,0,
Jackson County,US.SD.JA,8,1,
Harney County,US.OR.HA,8,0,
Harper County,US.KS.HP,8,0,
Roger Mills County,US.OK.RR,8,0,
Pleasants County,US.WV.PL,8,0,
Stark County,US.IL.SA,7,0,
Gregory County,US.SD.GE,7,0,
Hoonah-Angoon Census Area,US.AK.HH,7,0,
Custer County,US.ID.CU,7,0,
Holt County,US.NE.HT,7,0,
Baylor County,US.TX.BR,7,0,
Roberts County,US.TX.RS,7,0,
Putnam County,US.IL.PT,7,0,
Hamilton County,US.NY.HA,7,1,
Boone County,US.NE.BO,7,0,
Collingsworth County,US.TX.CG,7,0,
Bland County,US.VA.BL,7,0,
Elliott County,US.KY.EL,7,0,
Rio Blanco County,US.CO.RB,7,0,
Granite County,US.MT.GN,7,0,
Sheridan County,US.KS.SD,7,0,
Hand County,US.SD.HD,7,0,
Dewey County,US.OK.DW,7,0,
Florence County,US.WI.FL,7,0,
Pope County,US.IL.PE,7,0,
Sherman County,US.NE.SM,7,0,
Calhoun County,US.IL.CH,7,0,
Pawnee County,US.NE.PA,7,0,
Pawnee County,US.KS.PN,7,0,
Chase County,US.KS.CS,6,0,
Hettinger County,US.ND.HE,6,0,
Calhoun County,US.WV.CH,6,0,
Chouteau County,US.MT.CH,6,0,
McPherson County,US.SD.MP,6,0,
Lac Qui Parle County,US.MN.LC,6,0,
Huerfano County,US.CO.HU,6,1,
Holt County,US.MO.HL,6,0,
Lincoln County,US.CO.LI,6,0,
Chase County,US.NE.CE,6,0,
Lincoln County,US.KS.LC,6,0,
Summers County,US.WV.SU,6,0,
Kenedy County,US.TX.KE,6,1,
Cameron County,US.PA.CE,6,0,
Lake and Peninsula Borough,US.AK.LA,6,0,
Bowman County,US.ND.BW,6,0,
Kiowa County,US.KS.KW,6,0,
Wirt County,US.WV.WI,6,0,
Bear Lake County,US.ID.BK,6,0,
Glasscock County,US.TX.GC,6,0,
Ozark County,US.MO.OZ,6,0,
Perkins County,US.SD.PR,6,0,
Oliver County,US.ND.OL,6,0,
Petersburg Census Area,US.AK.PB,6,1,
Fergus County,US.MT.FE,6,0,
Rush County,US.KS.RH,6,0,
Rich County,US.UT.RH,6,0,
Kodiak Island Borough,US.AK.KO,6,0,
Towner County,US.ND.TO,6,0,
Mora County,US.NM.MO,6,0,
Prince of Wales-Hyder Census Area,US.AK.PH,5,0,
Sioux County,US.NE.SI,5,0,
Aleutians West Census Area,US.AK.AW,5,0,
Platte County,US.WY.PL,5,0,
Chautauqua County,US.KS.CQ,5,0,
Baraga County,US.MI.BA,5,0,
Wahkiakum County,US.WA.WH,5,0,
Decatur County,US.KS.DC,5,0,
Lane County,US.KS.LE,5,0,
Bent County,US.CO.BE,5,0,
Wrangell City and Borough,US.AK.WG,5,0,
Bennett County,US.SD.BN,5,0,
Sheridan County,US.ND.SH,5,0,
Nuckolls County,US.NE.NU,5,0,
Ness County,US.KS.NS,5,0,
Trinity County,US.CA.TR,5,0,
Trego County,US.KS.TR,5,0,
Kusilvak Census Area,US.AK.WA,4,0,
Meagher County,US.MT.ME,4,0,
Storey County,US.NV.ST,4,0,
Stonewall County,US.TX.SA,4,0,
McPherson County,US.NE.MC,4,0,
Motley County,US.TX.MY,4,0,
Catron County,US.NM.CA,4,1,
Logan County,US.ND.LO,4,0,
Bath County,US.VA.BA,4,0,
Piute County,US.UT.PT,4,0,
Ontonagon County,US.MI.ON,4,0,
Osborne County,US.KS.OB,4,0,
Barber County,US.KS.AB,4,0,
Throckmorton County,US.TX.TH,4,0,
Dickens County,US.TX.DC,4,1,
Doddridge County,US.WV.DO,4,0,
Garden County,US.NE.GD,4,0,
Cherry County,US.NE.CH,4,0,
Essex County,US.VT.ES,4,0,
Gilliam County,US.OR.GI,4,0,
Hooker County,US.NE.HO,4,0,
Golden Valley County,US.ND.GO,4,0,
Grant County,US.ND.GT,4,0,
Sweet Grass County,US.MT.SW,4,1,
Haines Borough,US.AK.HA,4,0,
Kittson County,US.MN.KI,3,0,
Hyde County,US.SD.HY,3,0,
Judith Basin County,US.MT.JU,3,0,
Highland County,US.VA.HA,3,0,
Slope County,US.ND.SL,3,0,
Smith County,US.KS.SM,3,0,
Hinsdale County,US.CO.HI,3,0,
Webster County,US.WV.WB,3,0,
Ritchie County,US.WV.RI,3,0,
Comanche County,US.KS.CM,3,0,
Alfalfa County,US.OK.AL,3,0,
Greeley County,US.KS.GL,3,0,
Gove County,US.KS.GO,3,0,
Golden Valley County,US.MT.GO,3,0,
Garfield County,US.NE.GF,3,0,
Frontier County,US.NE.FO,3,0,
Luce County,US.MI.LU,3,0,
Sheridan County,US.MT.SH,3,0,
Piscataquis County,US.ME.PI,3,0,
Wibaux County,US.MT.WI,3,0,
Keweenaw County,US.MI.KW,3,0,
Lincoln County,US.NV.LI,3,0,
Stafford County,US.KS.SF,3,0,
Wheatland County,US.MT.WH,3,0,
Robertson County,US.KY.RB,3,0,
Lee County,US.KY.LE,3,0,
Wichita County,US.KS.WH,3,0,
Ellis County,US.OK.EL,3,0,
Haakon County,US.SD.HA,2,0,
Foard County,US.TX.FD,2,0,
Cheyenne County,US.KS.CN,2,0,
Fallon County,US.MT.FA,2,0,
Cook County,US.MN.CO,2,0,
Treasure County,US.MT.TR,2,0,
Rock County,US.NE.RO,2,0,
Musselshell County,US.MT.MU,2,0,
Adams County,US.ND.AD,2,0,
Banner County,US.NE.BA,2,0,
Washington County,US.KS.WS,2,0,
Grant County,US.OR.GR,2,0,
Billings County,US.ND.BI,2,0,
San Juan County,US.CO.SJ,2,0,
Daniels County,US.MT.DN,2,0,
Garfield County,US.WA.GF,2,0,
Niobrara County,US.WY.NI,2,0,
Logan County,US.KS.LG,2,0,
Eureka County,US.NV.EU,2,0,
Alpine County,US.CA.AP,2,0,
Jones County,US.SD.JO,2,0,
Kent County,US.TX.KT,2,0,
Powell County,US.MT.PL,2,0,
Terrell County,US.TX.TL,2,0,
Wayne County,US.UT.WE,2,0,
Campbell County,US.SD.CP,2,0,
Sierra County,US.CA.SE,2,0,
Dillingham Census Area,US.AK.DI,1,0,
Sully County,US.SD.SU,1,0,
Aleutians East Borough,US.AK.AE,1,0,
Lake of the Woods County,US.MN.LO,1,0,
Dundy County,US.NE.DY,1,0,
Cimarron County,US.OK.CO,1,0,
Deuel County,US.NE.DL,1,0,
Denali Borough,US.AK.DE,1,0,
Divide County,US.ND.DV,1,0,
Potter County,US.SD.PO,1,0,
Elk County,US.KS.EK,1,0,
Harlan County,US.NE.HR,1,0,
Boyd County,US.NE.BY,1,0,
Camas County,US.ID.CM,1,0,
Thomas County,US.NE.TO,1,0,
McCone County,US.MT.MC,1,0,
Harding County,US.NM.HA,1,0,
Liberty County,US.MT.LB,1,0,
Powder River County,US.MT.PD,1,0,
Hitchcock County,US.NE.HI,1,0,
Dolores County,US.CO.DO,1,0,
Arthur County,US.NE.AR,0,0,
Esmeralda County,US.NV.ES,0,0,
Phillips County,US.MT.PH,0,0,
Yakutat City and Borough,US.AK.YA,0,0,
Prairie County,US.MT.PR,0,0,
Rawlins County,US.KS.RA,0,0,
Hayes County,US.NE.HY,0,0,
Petroleum County,US.MT.PO,0,0,
Logan County,US.NE.LG,0,0,
Kiowa County,US.CO.KO,0,0,
King County,US.TX.KG,0,0,
Carter County,US.MT.CT,0,0,
Wheeler County,US.NE.WH,0,0,
Wheeler County,US.OR.WE,0,0,
Sterling County,US.TX.SI,0,0,
Lewis County,US.ID.LW,0,0,
Keya Paha County,US.NE.KY,0,0,
Clark County,US.ID.CA,0,0,
Butte County,US.ID.BT,0,0,
Kalawao County,US.HI.KL,0,0,
Loup County,US.NE.LU,0,0,
De Baca County,US.NM.DE,0,0,
Loving County,US.TX.LI,0,0,
Brown County,US.NE.BW,0,0,
Skagway Municipality,US.AK.SW,0,0,
Bristol Bay Borough,US.AK.BR,0,0,
Borden County,US.TX.BD,0,0,
Blaine County,US.NE.BL,0,0,
Mineral County,US.MT.MN,0,0,
Modoc County,US.CA.MC,0,0,
Harding County,US.SD.HR,0,0,
Grant County,US.NE.GA,0,0,
Daggett County,US.UT.DG,0,0,
Wallace County,US.KS.WA,0,0,
