County,hasc,confirmed,death,recovered
Los Angeles County,US.CA.LO,218693,5214,
Miami-Dade County,US.FL.DA,142662,1999,
Maricopa County,US.AZ.MA,128352,2536,
Cook County,US.IL.CO,114724,4951,
Harris County,US.TX.RR,89425,1771,
Queens County,US.NY.QU,69023,7207,
Broward County,US.FL.BO,65369,914,
Kings County,US.NY.KI,63636,7266,
Dallas County,US.TX.DS,56428,802,
Clark County,US.NV.CL,51457,884,
Bronx County,US.NY.BN,50579,4876,
Riverside County,US.CA.RI,45662,881,
Suffolk County,US.NY.SF,44045,1998,
Nassau County,US.NY.NA,43840,2195,
Bexar County,US.TX.BX,43823,865,
Orange County,US.CA.OR,42854,789,
San Bernardino County,US.CA.SA,39374,561,
Palm Beach County,US.FL.PL,38575,976,
Westchester County,US.NY.WE,36402,1447,
San Diego County,US.CA.SD,34065,622,
Hillsborough County,US.FL.HL,33694,458,
Tarrant County,US.TX.TN,33403,492,
Orange County,US.FL.OR,32861,335,
New York County,US.NY.NE,31279,3159,
Wayne County,US.MI.WY,28877,2835,
Philadelphia County,US.PA.PH,27324,1728,
Middlesex County,US.MA.MI,26565,2006,
Kern County,US.CA.KE,25888,204,
Prince George's County,US.MD.PR,24442,766,
Duval County,US.FL.DU,24300,214,
Shelby County,US.TN.SY,24251,321,
Travis County,US.TX.TV,23718,293,
Mecklenburg County,US.NC.MB,22850,253,
Suffolk County,US.MA.SU,22017,1076,
Milwaukee County,US.WI.MU,21879,462,
Fulton County,US.GA.FU,21601,463,
Davidson County,US.TN.DA,21528,221,
Salt Lake County,US.UT.SL,21462,209,
Hidalgo County,US.TX.HG,21275,742,
Gwinnett County,US.GA.GW,21175,283,
Bergen County,US.NJ.BE,21058,2036,
Hennepin County,US.MN.HE,20063,845,
Essex County,US.NJ.ES,19870,2110,
Hudson County,US.NJ.HD,19830,1508,
Franklin County,US.OH.FR,19287,533,
Pima County,US.AZ.PM,19164,524,
Fresno County,US.CA.FR,19157,203,
Montgomery County,US.MD.MO,18819,808,
Pinellas County,US.FL.PI,18466,541,
Fairfield County,US.CT.FA,18160,1410,
Middlesex County,US.NJ.MI,18045,1412,
Essex County,US.MA.ES,17930,1194,
Passaic County,US.NJ.PA,17858,1244,
El Paso County,US.TX.EP,17632,328,
Cameron County,US.TX.CA,17618,528,
King County,US.WA.KN,17308,689,
Lee County,US.FL.LE,17178,371,
Union County,US.NJ.UN,16827,1349,
Fairfax County,US.VA.FX,16816,531,
Marion County,US.IN.MO,16437,734,
Oakland County,US.MI.OD,16236,1136,
Jefferson Parish,US.LA.JF,15703,530,
St. Louis County,US.MO.SL,15665,671,
Providence County,US.RI.PR,15644,818,
Polk County,US.FL.PO,15108,353,
Richmond County,US.NY.RI,15017,1077,
DeKalb County,US.GA.DA,14746,254,
Cobb County,US.GA.CB,14690,334,
San Joaquin County,US.CA.SJ,14651,261,
Alameda County,US.CA.AA,14558,219,
Cuyahoga County,US.OH.CU,14120,523,
Rockland County,US.NY.RO,13981,507,
Jefferson County,US.AL.JE,13979,264,
Santa Clara County,US.CA.SL,13856,208,
Baltimore County,US.MD.BC,13699,574,
Worcester County,US.MA.WO,13686,1007,
Sacramento County,US.CA.SC,13615,199,
New Haven County,US.CT.NH,13316,1109,
Baltimore City,US.MD.BA,13210,438,
Nueces County,US.TX.NU,13185,183,
Lake County,US.IL.LK,13144,450,
Washington,US.DC.DI,13118,594,
Hartford County,US.CT.HA,12871,1419,
Charleston County,US.SC.CS,12726,210,
East Baton Rouge Parish,US.LA.EB,12716,372,
DuPage County,US.IL.DU,12693,525,
Wake County,US.NC.WK,12508,181,
Tulare County,US.CA.TL,12105,205,
Stanislaus County,US.CA.ST,11953,195,
Jackson County (including other portions of Kansas City),US.MO.JC,11891,118,
Douglas County,US.NE.DG,11802,142,
Yuma County,US.AZ.YU,11766,292,
Oklahoma County,US.OK.OL,11312,124,
Orange County,US.NY.OE,11217,408,
Greenville County,US.SC.GV,11186,222,
Tulsa County,US.OK.TU,11130,113,
Macomb County,US.MI.MB,11084,950,
Orleans Parish,US.LA.OR,10939,566,
Mobile County,US.AL.MB,10930,228,
Fort Bend County,US.TX.FR,10823,189,
Contra Costa County,US.CA.CN,10756,152,
Collier County,US.FL.CL,10734,151,
Polk County,US.IA.PK,10721,210,
Ocean County,US.NJ.OC,10708,1020,
Norfolk County,US.MA.NO,10682,997,
Yakima County,US.WA.YA,10523,218,
Denver County,US.CO.DN,10471,418,
Monmouth County,US.NJ.MN,10434,857,
Montgomery County,US.PA.MG,10307,859,
Osceola County,US.FL.OS,10146,109,
Escambia County,US.FL.ES,10122,147,
Kane County,US.IL.KE,10100,305,
Imperial County,US.CA.IM,10035,257,
Hamilton County,US.OH.HM,10001,262,
Galveston County,US.TX.GV,9800,122,
Prince William County,US.VA.PW,9773,178,
Ada County,US.ID.AA,9753,93,
Will County,US.IL.WL,9692,348,
Manatee County,US.FL.MN,9662,245,
Delaware County,US.PA.DE,9551,710,
Bristol County,US.MA.BR,9408,637,
Plymouth County,US.MA.PL,9288,723,
Allegheny County,US.PA.AL,9282,265,
Richland County,US.SC.RI,9224,163,
Utah County,US.UT.UT,9216,38,
Jefferson County,US.KY.JF,9149,249,
Webb County,US.TX.WB,9126,115,
Ventura County,US.CA.VE,9090,95,
Erie County,US.NY.ER,9064,601,
Horry County,US.SC.HO,8792,168,
Camden County,US.NJ.CM,8733,581,
Pinal County,US.AZ.PN,8665,166,
Collin County,US.TX.CI,8445,89,
Volusia County,US.FL.VO,8308,151,
Mercer County,US.NJ.ME,8169,621,
Denton County,US.TX.DN,8077,100,
San Francisco County,US.CA.SF,8053,69,
Lake County,US.IN.LK,7952,283,
Brazoria County,US.TX.BI,7917,105,
Lafayette Parish,US.LA.LY,7916,100,
Ramsey County,US.MN.RA,7904,270,
Kent County,US.MI.KN,7702,157,
Hampden County,US.MA.HD,7637,709,
Anne Arundel County,US.MD.AN,7564,228,
Arapahoe County,US.CO.AA,7497,363,
New Castle County,US.DE.NE,7450,293,
Seminole County,US.FL.SE,7370,143,
Pasco County,US.FL.PS,7348,145,
Bucks County,US.PA.BC,7344,583,
Morris County,US.NJ.MR,7315,829,
Santa Barbara County,US.CA.SB,7274,77,
Montgomery County,US.AL.MT,7156,156,
Williamson County,US.TX.WM,7148,102,
Marion County,US.FL.MI,7030,111,
Calcasieu Parish,US.LA.CC,7013,154,
Rutherford County,US.TN.RU,6938,57,
Caddo Parish,US.LA.CO,6887,297,
Montgomery County,US.TX.MG,6864,97,
San Mateo County,US.CA.SM,6803,126,
Merced County,US.CA.MD,6777,89,
Adams County,US.CO.AD,6721,181,
Hamilton County,US.TN.HL,6605,58,
Sarasota County,US.FL.SR,6604,174,
Lubbock County,US.TX.LU,6429,76,
Hall County,US.GA.HL,6420,104,
Washington County,US.AR.WA,6394,53,
Brevard County,US.FL.BE,6392,168,
Johnson County,US.KS.JO,6357,106,
Durham County,US.NC.DH,6330,80,
Canyon County,US.ID.CN,6257,56,
Sussex County,US.DE.SU,6167,192,
Jefferson County,US.TX.JE,6165,91,
Chatham County,US.GA.CM,6146,91,
Lancaster County,US.PA.LN,6146,420,
St. Lucie County,US.FL.SL,6125,195,
Washoe County,US.NV.WA,6117,124,
Burlington County,US.NJ.BU,6108,477,
Pierce County,US.WA.PI,6038,146,
Pulaski County,US.AR.PU,5937,88,
Monterey County,US.CA.MT,5890,41,
Guilford County,US.NC.GU,5858,158,
Hinds County,US.MS.HI,5852,126,
Sedgwick County,US.KS.SG,5718,47,
Madison County,US.AL.MD,5711,40,
Marin County,US.CA.MN,5707,82,
Snohomish County,US.WA.SN,5668,202,
Lucas County,US.OH.LU,5609,324,
Berks County,US.PA.BK,5529,374,
Lake County,US.FL.LK,5489,79,
St. Tammany Parish,US.LA.ST,5480,218,
Forsyth County,US.NC.FO,5477,56,
Navajo County,US.AZ.NA,5446,205,
Loudoun County,US.VA.LD,5441,115,
City of St. Louis,US.MO.SY,5418,166,
El Paso County,US.CO.EL,5389,143,
Clayton County,US.GA.CN,5380,115,
Wyandotte County,US.KS.WY,5329,107,
Kings County,US.CA.KI,5310,64,
Bernalillo County,US.NM.BE,5303,134,
Somerset County,US.NJ.SO,5291,564,
Leon County,US.FL.LO,5290,26,
Virginia Beach City,US.VA.VI,5277,55,
McLennan County,US.TX.ML,5248,60,
Chester County,US.PA.CH,5244,348,
Multnomah County,US.OR.MU,5186,101,
Lexington County,US.SC.LX,5132,118,
Monroe County,US.NY.MR,5122,255,
Hays County,US.TX.HY,5103,45,
Ouachita Parish,US.LA.OU,5067,117,
Knox County,US.TN.KN,5051,41,
Elkhart County,US.IN.EL,5051,91,
Lehigh County,US.PA.LH,5047,340,
Muscogee County,US.GA.MG,4992,107,
Benton County,US.AR.BE,4879,43,
Richmond County,US.GA.RI,4829,96,
Dane County,US.WI.DA,4749,38,
Spokane County,US.WA.SP,4723,101,
Bay County,US.FL.BY,4720,61,
Dakota County,US.MN.DA,4670,106,
Waukesha County,US.WI.WK,4657,63,
Dutchess County,US.NY.DU,4655,153,
Montgomery County,US.OH.MT,4619,101,
Solano County,US.CA.SN,4596,41,
Minnehaha County,US.SD.MN,4561,68,
Chesterfield County,US.VA.CD,4542,80,
St. Charles County,US.MO.SA,4520,87,
Tuscaloosa County,US.AL.TU,4519,82,
Alachua County,US.FL.AL,4483,27,
Brown County,US.WI.BW,4425,55,
Berkeley County,US.SC.BK,4384,70,
Jefferson County,US.CO.JE,4362,234,
Spartanburg County,US.SC.SP,4335,111,
Beaufort County,US.SC.BA,4297,60,
St. Clair County,US.IL.SI,4289,162,
Bell County,US.TX.BL,4195,46,
Allen County,US.IN.AL,4161,164,
Brazos County,US.TX.BZ,4147,50,
Santa Rosa County,US.FL.SA,4125,45,
Honolulu County,US.HI.HO,4117,33,
McKinley County,US.NM.MC,4104,232,
Sonoma County,US.CA.SO,4063,51,
Henrico County,US.VA.HC,4042,187,
Howard County,US.MD.HO,4009,115,
Northampton County,US.PA.NA,3991,295,
Bibb County,US.GA.BI,3951,79,
Hillsborough County,US.NH.HI,3919,281,
Martin County,US.FL.MT,3907,104,
Norfolk City,US.VA.NF,3895,33,
Anoka County,US.MN.AN,3891,115,
St. Johns County,US.FL.SJ,3883,42,
Cherokee County,US.GA.CE,3861,66,
Baldwin County,US.AL.BD,3860,32,
Winnebago County,US.IL.WN,3835,134,
DeSoto County,US.MS.DE,3832,33,
Benton County,US.WA.BE,3815,121,
Weld County,US.CO.WE,3794,145,
Woodbury County,US.IA.WO,3779,52,
St. Joseph County,US.IN.SN,3766,83,
Potter County,US.TX.PT,3759,41,
Summit County,US.OH.SU,3749,225,
Williamson County,US.TN.WL,3741,25,
York County,US.SC.YO,3728,30,
Genesee County,US.MI.GE,3717,299,
Whitfield County,US.GA.WF,3678,34,
Franklin County,US.WA.FR,3667,51,
Tangipahoa Parish,US.LA.TA,3664,80,
Florence County,US.SC.FL,3659,124,
Okaloosa County,US.FL.OA,3653,50,
Onondaga County,US.NY.OG,3646,178,
Shelby County,US.AL.SH,3645,39,
Racine County,US.WI.RA,3643,78,
Henry County,US.GA.HY,3588,56,
Sumner County,US.TN.SN,3581,74,
Luzerne County,US.PA.LU,3576,185,
Victoria County,US.TX.VI,3569,55,
Atlantic County,US.NJ.AT,3535,252,
Gaston County,US.NC.GS,3495,57,
Rapides Parish,US.LA.RA,3447,123,
Johnston County,US.NC.JH,3399,45,
Cumberland County,US.NJ.CU,3396,158,
Lancaster County,US.NE.LA,3390,19,
Clay County,US.FL.CY,3389,61,
Gloucester County,US.NJ.GL,3368,215,
Davis County,US.UT.DA,3360,21,
Fayette County,US.KY.FA,3342,49,
McHenry County,US.IL.MY,3335,114,
Cumberland County,US.NC.CU,3324,55,
Richmond City,US.VA.RC,3308,41,
Marshall County,US.AL.MS,3306,39,
Mohave County,US.AZ.MO,3294,181,
Union County,US.NC.UN,3276,43,
Washington County,US.OR.WI,3258,27,
Ellis County,US.TX.EI,3238,48,
Lowndes County,US.GA.LW,3237,50,
Apache County,US.AZ.AP,3221,140,
Black Hawk County,US.IA.BL,3216,66,
Dorchester County,US.SC.DO,3203,53,
Walker County,US.TX.WK,3184,42,
Arlington County,US.VA.AR,3176,135,
Frederick County,US.MD.FR,3173,121,
Terrebonne Parish,US.LA.TR,3160,86,
Chesapeake City,US.VA.CS,3158,41,
Cleveland County,US.OK.CV,3151,56,
Coconino County,US.AZ.CO,3149,119,
Butler County,US.OH.BU,3105,69,
Cass County,US.ND.CS,3104,76,
Marion County,US.OR.MR,3090,73,
San Juan County,US.NM.SJ,3084,187,
Livingston Parish,US.LA.LV,3071,54,
Alexandria City,US.VA.AX,3050,61,
Hamilton County,US.IN.HM,3033,104,
Ascension Parish,US.LA.AE,3016,79,
Columbia County,US.FL.CU,2985,24,
Madison County,US.IL.MD,2969,85,
Lee County,US.AL.LE,2964,51,
Weber County,US.UT.WB,2960,25,
Marion County,US.OH.MR,2956,45,
Robeson County,US.NC.RB,2952,56,
Lafourche Parish,US.LA.LO,2949,104,
Dauphin County,US.PA.DA,2940,160,
Stearns County,US.MN.SR,2935,20,
Madera County,US.CA.ME,2924,47,
St. Landry Parish,US.LA.SL,2866,93,
Midland County,US.TX.ID,2846,35,
Douglas County,US.GA.DL,2838,56,
York County,US.PA.YO,2801,105,
Dougherty County,US.GA.DH,2786,172,
Cabarrus County,US.NC.CR,2753,50,
Warren County,US.KY.WR,2737,22,
Kenosha County,US.WI.KN,2734,60,
Smith County,US.TX.SM,2717,31,
Harrison County,US.MS.HR,2710,36,
Glynn County,US.GA.GY,2698,55,
Santa Cruz County,US.AZ.SA,2696,55,
Acadia Parish,US.LA.AD,2684,89,
New Hanover County,US.NC.NE,2666,21,
Mahoning County,US.OH.MH,2665,259,
Washtenaw County,US.MI.WS,2659,114,
Albany County,US.NY.AB,2639,118,
Indian River County,US.FL.IN,2618,62,
Iberia Parish,US.LA.II,2602,75,
Dona Ana County,US.NM.DO,2602,32,
Maverick County,US.TX.MV,2596,47,
Sumter County,US.SC.SU,2589,53,
Alamance County,US.NC.AA,2586,42,
Washington County,US.UT.WN,2570,21,
Placer County,US.CA.PA,2543,27,
Anderson County,US.SC.AN,2537,71,
Madison County,US.MS.MD,2521,72,
Orangeburg County,US.SC.OR,2514,72,
Columbia County,US.GA.CI,2511,29,
Forsyth County,US.GA.FO,2507,26,
Ector County,US.TX.EC,2506,49,
Morgan County,US.AL.MG,2503,22,
Wayne County,US.NC.WY,2485,42,
Linn County,US.IA.LI,2470,89,
Kent County,US.DE.KE,2463,108,
Bossier Parish,US.LA.BO,2445,82,
San Luis Obispo County,US.CA.SS,2439,18,
Anderson County,US.TX.AE,2435,15,
Wilson County,US.TN.WO,2434,23,
Jackson County,US.MS.JC,2430,47,
Pickaway County,US.OH.PC,2411,42,
Sarpy County,US.NE.SY,2409,11,
Kaufman County,US.TX.KU,2406,29,
Umatilla County,US.OR.UM,2398,32,
Rankin County,US.MS.RA,2382,41,
Troup County,US.GA.TP,2380,74,
Municipality of Anchorage,US.AK.AN,2373,14,
Starr County,US.TX.SR,2368,83,
Sebastian County,US.AR.SB,2358,21,
Charlotte County,US.FL.CH,2340,97,
Rowan County,US.NC.RW,2316,50,
Etowah County,US.AL.ET,2306,35,
Washington County,US.MN.WH,2255,48,
Randolph County,US.NC.RA,2225,39,
Catawba County,US.NC.CB,2216,33,
Clarke County,US.GA.CK,2209,21,
Ford County,US.KS.FO,2206,10,
Pitt County,US.NC.PI,2205,14,
Suwannee County,US.FL.SW,2203,46,
Oneida County,US.NY.OD,2189,117,
Hernando County,US.FL.HA,2160,56,
Johnson County,US.IA.JH,2152,21,
Saginaw County,US.MI.SG,2152,128,
Houston County,US.GA.HO,2133,62,
Vanderburgh County,US.IN.VA,2122,15,
Boulder County,US.CO.BO,2120,76,
Charles County,US.MD.CH,2119,92,
Cumberland County,US.ME.CU,2113,69,
Yavapai County,US.AZ.YA,2105,72,
Johnson County,US.TX.JH,2103,32,
Bradley County,US.TN.BR,2102,15,
Ulster County,US.NY.UL,2086,81,
Harford County,US.MD.HA,2085,69,
Montgomery County,US.TN.MT,2085,15,
Aiken County,US.SC.AI,2047,44,
Duplin County,US.NC.DP,2019,48,
Comal County,US.TX.OM,2008,80,
Jackson County,US.FL.JA,2007,47,
Buncombe County,US.NC.BO,2001,52,
Gadsden County,US.FL.GA,1999,26,
Bartow County,US.GA.BT,1999,64,
Carroll County,US.GA.CL,1997,52,
Sevier County,US.TN.SV,1989,9,
Hendricks County,US.IN.HD,1978,109,
Calhoun County,US.AL.CN,1975,20,
Kootenai County,US.ID.KO,1972,20,
Yolo County,US.CA.YO,1966,46,
Jones County,US.MS.JO,1965,62,
Cache County,US.UT.CA,1965,5,
Lackawanna County,US.PA.LC,1957,212,
Portsmouth City,US.VA.PR,1952,25,
Dallas County,US.IA.DL,1949,35,
Stark County,US.OH.ST,1947,142,
Iredell County,US.NC.IR,1946,17,
Newton County,US.GA.NE,1944,46,
Newport News City,US.VA.NN,1936,20,
Dakota County,US.NE.DK,1935,42,
Putnam County,US.TN.PU,1932,20,
DeKalb County,US.AL.DA,1930,17,
Warren County,US.OH.WR,1914,40,
Pickens County,US.SC.PI,1908,27,
Angelina County,US.TX.AG,1898,49,
Clark County,US.WA.CR,1897,47,
Ottawa County,US.MI.OT,1893,59,
Jasper County,US.MO.JS,1891,32,
Forrest County,US.MS.FO,1889,57,
Lorain County,US.OH.LR,1884,77,
Elmore County,US.AL.EL,1871,41,
Kankakee County,US.IL.KK,1857,69,
Hendry County,US.FL.HR,1852,38,
Paulding County,US.GA.PA,1851,25,
Davidson County,US.NC.DD,1849,22,
Randall County,US.TX.RA,1847,23,
Jefferson County,US.MO.JE,1833,27,
Rock Island County,US.IL.RO,1831,38,
Johnson County,US.IN.JO,1819,119,
Tom Green County,US.TX.TG,1818,32,
Cass County,US.IN.CS,1813,9,
Olmsted County,US.MN.OL,1809,23,
Peoria County,US.IL.PI,1807,37,
Douglas County,US.CO.DU,1803,59,
Barnstable County,US.MA.BA,1803,158,
Finney County,US.KS.FI,1801,11,
Buena Vista County,US.IA.BV,1801,12,
Scott County,US.IA.SC,1787,15,
St. Martin Parish,US.LA.SR,1784,47,
Nobles County,US.MN.NB,1781,9,
Greene County,US.MO.GE,1775,10,
Washington County,US.MS.WS,1771,46,
Hall County,US.NE.HL,1763,45,
Guadalupe County,US.TX.GU,1762,58,
Cochise County,US.AZ.CH,1751,57,
Floyd County,US.GA.FL,1751,18,
Dubuque County,US.IA.DU,1745,31,
Champaign County,US.IL.CM,1737,19,
Shawnee County,US.KS.SN,1720,19,
Rockingham County,US.NH.RO,1719,96,
Vermilion Parish,US.LA.VM,1714,28,
Citrus County,US.FL.CI,1708,38,
Kalamazoo County,US.MI.KA,1705,84,
Columbiana County,US.OH.CL,1704,61,
Manassas City,US.VA.MS,1689,22,
Coweta County,US.GA.CA,1688,26,
Val Verde County,US.TX.VL,1687,44,
Burke County,US.NC.BK,1686,27,
Grant County,US.WA.GN,1676,13,
Scott County,US.MN.SC,1669,22,
St. Mary Parish,US.LA.SM,1666,59,
Lee County,US.MS.LE,1657,42,
Monroe County,US.PA.MR,1657,125,
Jefferson County,US.AR.JE,1657,41,
Larimer County,US.CO.LR,1651,37,
Lebanon County,US.PA.LB,1640,55,
Litchfield County,US.CT.LI,1632,139,
Gregg County,US.TX.GE,1630,29,
Clackamas County,US.OR.CC,1627,49,
Walker County,US.AL.WK,1624,69,
Robertson County,US.TN.RB,1616,21,
Monroe County,US.FL.MO,1603,13,
Hot Spring County,US.AR.HT,1599,13,
Trumbull County,US.OH.TR,1598,112,
Ingham County,US.MI.IH,1597,32,
Carroll County,US.MD.CR,1596,118,
Colquitt County,US.GA.CQ,1593,24,
Westmoreland County,US.PA.WE,1593,47,
Trousdale County,US.TN.TR,1583,6,
Spotsylvania County,US.VA.SP,1581,35,
Putnam County,US.FL.PU,1576,30,
Coffee County,US.GA.CF,1566,30,
Houston County,US.AL.HO,1552,15,
Leavenworth County,US.KS.LV,1549,9,
Highlands County,US.FL.HG,1548,40,
Kent County,US.RI.KE,1544,103,
Wilson County,US.NC.WO,1536,36,
Greenwood County,US.SC.GW,1533,20,
Henderson County,US.NC.HN,1526,56,
St. Charles Parish,US.LA.SC,1526,54,
Boone County,US.MO.BO,1525,3,
Niagara County,US.NY.NI,1524,88,
Orange County,US.TX.OR,1521,27,
Twin Falls County,US.ID.TW,1506,33,
Sampson County,US.NC.SP,1504,18,
Georgetown County,US.SC.GR,1504,25,
St. Clair County,US.AL.SA,1499,21,
Sullivan County,US.NY.SL,1491,37,
Kenton County,US.KY.KE,1490,41,
Chelan County,US.WA.CH,1482,10,
Lauderdale County,US.MS.LU,1481,96,
New London County,US.CT.NL,1477,104,
Hamblen County,US.TN.HB,1476,15,
Hale County,US.TX.HE,1474,31,
Fairfield County,US.OH.FI,1473,34,
Rock County,US.WI.RO,1470,26,
Marshall County,US.IA.MS,1467,27,
Walton County,US.FL.WL,1466,18,
Yellowstone County,US.MT.YS,1463,32,
Stafford County,US.VA.SF,1460,10,
Putnam County,US.NY.PU,1457,63,
Dallas County,US.AL.DL,1457,25,
St. John the Baptist Parish,US.LA.SO,1455,93,
Crittenden County,US.AR.CD,1455,24,
Craighead County,US.AR.CG,1451,12,
Kendall County,US.IL.KA,1443,23,
Rockdale County,US.GA.RO,1439,26,
Kershaw County,US.SC.KE,1437,27,
Limestone County,US.AL.LI,1436,14,
Sumter County,US.FL.SM,1436,44,
Russell County,US.AL.RU,1433,2,
Walworth County,US.WI.WL,1430,24,
Berrien County,US.MI.BN,1429,67,
Bastrop County,US.TX.BP,1421,23,
Porter County,US.IN.PR,1415,39,
Middlesex County,US.CT.MI,1414,192,
Blount County,US.TN.BO,1414,15,
Franklin County,US.PA.FR,1407,46,
Orange County,US.NC.OR,1403,48,
Pope County,US.AR.PP,1401,11,
DeSoto County,US.FL.DE,1398,19,
Delaware County,US.OH.DL,1392,19,
Sangamon County,US.IL.SM,1391,35,
Washington County,US.TN.WI,1391,2,
Barrow County,US.GA.BW,1391,33,
Licking County,US.OH.LI,1390,53,
Tift County,US.GA.TI,1390,44,
Darlington County,US.SC.DA,1386,37,
Beaver County,US.PA.BA,1382,93,
Wicomico County,US.MD.WI,1381,45,
Parker County,US.TX.PR,1379,19,
Suffolk City,US.VA.SO,1379,53,
Pottawattamie County,US.IA.PT,1379,29,
Talladega County,US.AL.TD,1374,15,
Santa Cruz County,US.CA.SZ,1371,6,
Butte County,US.CA.BU,1370,12,
Faulkner County,US.AR.FA,1370,6,
Laurens County,US.SC.LU,1369,48,
Harnett County,US.NC.HT,1367,40,
Maury County,US.TN.MU,1367,9,
Allen Parish,US.LA.AL,1367,32,
Bulloch County,US.GA.BH,1365,17,
Warren County,US.NJ.WA,1355,172,
Outagamie County,US.WI.OU,1354,14,
Cumberland County,US.PA.CU,1353,71,
Clark County,US.IN.CK,1352,50,
Cullman County,US.AL.CU,1347,12,
Bee County,US.TX.BE,1344,15,
Sussex County,US.NJ.SU,1344,198,
Chatham County,US.NC.CH,1332,55,
Franklin County,US.AL.FR,1332,22,
Burleigh County,US.ND.BL,1325,8,
Lee County,US.NC.LE,1323,11,
Lancaster County,US.SC.LN,1322,27,
Washington Parish,US.LA.WO,1320,58,
Neshoba County,US.MS.NS,1320,95,
Granville County,US.NC.GN,1313,29,
Gordon County,US.GA.GO,1310,23,
Hampton city,US.VA.HM,1309,7,
Canadian County,US.OK.CN,1298,9,
Nassau County,US.FL.NA,1296,11,
Tippecanoe County,US.IN.TP,1293,12,
Brunswick County,US.NC.BS,1293,22,
Nash County,US.NC.NA,1290,12,
Cleveland County,US.NC.CV,1286,23,
Madison County,US.TN.MD,1282,23,
Iberville Parish,US.LA.IV,1279,50,
Colbert County,US.AL.CL,1270,18,
Bonneville County,US.ID.BV,1266,4,
Lamar County,US.MS.LM,1265,18,
Hunt County,US.TX.HT,1261,21,
Seward County,US.KS.SW,1252,4,
Autauga County,US.AL.AU,1252,23,
Caldwell County,US.NC.CL,1252,12,
Titus County,US.TX.TU,1249,17,
Winnebago County,US.WI.WA,1248,19,
Tipton County,US.TN.TI,1247,12,
Fayette County,US.GA.FY,1243,33,
St. Francis County,US.AR.SI,1236,3,
Clark County,US.OH.CK,1235,16,
Lauderdale County,US.AL.LU,1235,20,
Walton County,US.GA.WA,1233,41,
Escambia County,US.AL.ES,1231,17,
Lincoln County,US.AR.LC,1228,12,
Cherokee County,US.TX.CK,1217,11,
Muskegon County,US.MI.MG,1209,61,
Stanly County,US.NC.SN,1207,31,
Napa County,US.CA.NA,1206,11,
Grayson County,US.TX.GO,1204,16,
Ware County,US.GA.WE,1201,32,
Story County,US.IA.ST,1197,15,
Bolivar County,US.MS.BO,1189,40,
Habersham County,US.GA.HB,1188,51,
Washington County,US.WI.WN,1188,23,
Nacogdoches County,US.TX.NC,1187,43,
Saline County,US.AR.SL,1184,8,
Hampshire County,US.MA.HS,1184,130,
Erie County,US.PA.ER,1182,27,
Onslow County,US.NC.ON,1178,12,
Caldwell County,US.TX.CW,1171,29,
Warren County,US.MS.WR,1166,37,
Thomas County,US.GA.TH,1165,44,
Broome County,US.NY.BO,1165,78,
Lake County,US.OH.LK,1163,43,
Oktibbeha County,US.MS.OK,1157,39,
Garland County,US.AR.GL,1155,17,
Hunterdon County,US.NJ.HN,1154,124,
Sandoval County,US.NM.SD,1152,33,
Jackson County,US.GA.JC,1148,17,
Eagle County,US.CO.EA,1145,9,
Taylor County,US.TX.TA,1145,28,
Boone County,US.KY.BO,1143,24,
Avoyelles Parish,US.LA.AV,1138,36,
Sullivan County,US.TN.SL,1136,16,
Baldwin County,US.GA.BD,1130,43,
Flagler County,US.FL.FL,1127,14,
St. Bernard Parish,US.LA.SE,1126,24,
Clay County,US.MO.CY,1126,22,
Jackson County,US.AL.JA,1123,6,
Lowndes County,US.MS.LO,1121,40,
Mower County,US.MN.MW,1117,2,
Buchanan County,US.MO.BC,1117,10,
Accomack County,US.VA.AC,1116,17,
Wood County,US.OH.WO,1115,58,
Panola County,US.MS.PA,1108,18,
Sunflower County,US.MS.SU,1101,28,
Hardin County,US.TX.HN,1099,18,
Wichita County,US.TX.WC,1099,11,
Mississippi County,US.AR.MS,1097,14,
Okeechobee County,US.FL.OE,1093,12,
Schenectady County,US.NY.SN,1092,40,
Sutter County,US.CA.SU,1091,7,
Washington County,US.MD.WA,1090,31,
Rockwall County,US.TX.RC,1090,15,
Harrisonburg City,US.VA.HS,1088,31,
Yell County,US.AR.YE,1086,17,
Laurens County,US.GA.LR,1086,17,
Liberty County,US.TX.LT,1085,35,
San Patricio County,US.TX.SP,1082,34,
Rogers County,US.OK.RS,1081,20,
Moore County,US.TX.MO,1080,14,
Texas County,US.OK.TE,1076,7,
Jefferson Davis Parish,US.LA.JD,1071,29,
Taylor County,US.FL.TA,1069,5,
Madison County,US.IN.MD,1062,66,
Moore County,US.NC.ME,1062,20,
Baker County,US.FL.BK,1059,4,
Tolland County,US.CT.TO,1056,65,
Williamsburg County,US.SC.WI,1052,31,
Kanawha County,US.WV.KA,1051,24,
Roanoke city,US.VA.RO,1051,15,
Monroe County,US.MI.MO,1050,25,
Rice County,US.MN.RI,1048,8,
Lafayette County,US.MS.LY,1043,21,
St. Mary's County,US.MD.SA,1039,52,
Sevier County,US.AR.SV,1034,11,
Culpeper County,US.VA.CP,1029,12,
Hardeman County,US.TN.HA,1027,18,
Scott County,US.MS.SC,1025,21,
Spalding County,US.GA.SD,1019,43,
Chambers County,US.TX.CH,1018,5,
Whatcom County,US.WA.WA,1012,39,
Douglas County,US.WA.DO,1007,7,
Hardee County,US.FL.HD,1006,8,
Clermont County,US.OH.CE,1000,11,
Blount County,US.AL.BU,989,5,
Medina County,US.OH.MD,988,36,
Surry County,US.NC.SU,984,10,
Wharton County,US.TX.WN,982,30,
Gila County,US.AZ.GI,982,42,
Franklin Parish,US.LA.FR,980,19,
Copiah County,US.MS.CP,980,29,
Gallatin County,US.MT.GL,977,3,
Monongalia County,US.WV.MG,973,5,
Leflore County,US.MS.LL,971,69,
DeKalb County,US.IL.DK,970,32,
Dawson County,US.NE.DN,968,9,
LaPorte County,US.IN.LA,967,30,
Pike County,US.MS.PI,966,38,
Tallapoosa County,US.AL.TP,965,80,
Rockingham County,US.VA.RG,964,20,
Medina County,US.TX.ME,963,31,
Bedford County,US.TN.BD,962,11,
Columbus County,US.NC.CM,961,48,
Blue Earth County,US.MN.BE,960,6,
Evangeline Parish,US.LA.EV,958,9,
McDonald County,US.MO.MA,955,8,
La Crosse County,US.WI.LA,951,1,
Howard County,US.IN.HO,948,65,
Wagoner County,US.OK.WG,940,23,
Webster Parish,US.LA.WR,939,16,
Wright County,US.MN.WR,939,5,
Schuylkill County,US.PA.SC,938,51,
Holmes County,US.MS.HO,938,50,
Wapello County,US.IA.WP,937,36,
Polk County,US.GA.PO,927,11,
Navarro County,US.TX.NV,925,11,
Pennington County,US.SD.PN,924,33,
Newton County,US.MO.NT,923,6,
Chambers County,US.AL.CM,922,38,
Grimes County,US.TX.GM,920,27,
Salem County,US.NJ.SA,919,87,
Covington County,US.AL.CV,917,23,
Skagit County,US.WA.SG,916,22,
Franklin County,US.NC.FR,915,26,
Carver County,US.MN.CV,915,3,
LaSalle County,US.IL.LA,910,28,
Washington County,US.FL.WS,910,14,
Lincoln County,US.NC.LI,908,10,
Okanogan County,US.WA.OK,903,5,
Lee County,US.AR.LE,901,8,
Wilkes County,US.NC.WE,897,12,
Chilton County,US.AL.CI,896,12,
Dodge County,US.WI.DD,894,5,
Miami County,US.OH.MM,893,39,
Washington County,US.PA.WS,891,16,
Lea County,US.NM.LE,890,5,
Dale County,US.AL.DE,890,29,
Newberry County,US.SC.NE,887,11,
Chicot County,US.AR.CT,887,9,
McCurtain County,US.OK.MU,884,28,
Clarendon County,US.SC.CN,883,56,
Albemarle County,US.VA.AB,883,16,
Yazoo County,US.MS.YZ,882,14,
Livingston County,US.MI.LI,880,28,
Kosciusko County,US.IN.KO,878,12,
Beauregard Parish,US.LA.BE,878,21,
Pontotoc County,US.MS.PO,876,9,
Comanche County,US.OK.CM,875,10,
Macon County,US.TN.MC,874,13,
Muscatine County,US.IA.MU,873,48,
Malheur County,US.OR.ML,869,15,
Bartholomew County,US.IN.BA,867,47,
Clarke County,US.AL.CK,866,10,
Oconee County,US.SC.OC,864,12,
Grenada County,US.MS.GN,863,26,
Lincoln County,US.MS.LI,862,44,
Floyd County,US.IN.FL,861,50,
Webster County,US.IA.WE,861,8,
Monroe County,US.MS.MR,858,55,
Wayne County,US.GA.WY,857,12,
Cape May County,US.NJ.CP,846,89,
Decatur County,US.GA.DC,845,16,
Coffee County,US.AL.CF,844,6,
Simpson County,US.MS.SI,842,32,
Allen County,US.OH.AN,842,46,
Toombs County,US.GA.TM,841,9,
St. Clair County,US.MI.SA,841,53,
Colleton County,US.SC.CT,840,34,
Lincoln Parish,US.LA.LN,839,34,
Pointe Coupee Parish,US.LA.PO,838,33,
Dodge County,US.NE.DE,832,10,
Camden County,US.GA.CD,831,5,
Cass County,US.MO.CS,830,9,
Calhoun County,US.MI.CU,829,43,
Matagorda County,US.TX.MD,828,32,
El Dorado County,US.CA.EL,827,2,
Natchitoches Parish,US.LA.NA,823,17,
San Benito County,US.CA.SI,815,4,
Sheboygan County,US.WI.SE,814,8,
Jim Wells County,US.TX.JW,813,18,
Leake County,US.MS.LK,811,27,
Coahoma County,US.MS.CH,810,13,
Daviess County,US.KY.DA,807,9,
Vernon Parish,US.LA.VN,806,30,
Tuscarawas County,US.OH.TU,806,14,
Chesterfield County,US.SC.CF,806,22,
Marshall County,US.IN.MS,805,23,
Douglas County,US.KS.DG,805,5,
Wayne County,US.MS.WY,805,21,
Platte County,US.NE.PL,804,3,
Vance County,US.NC.VA,801,41,
Shelby County,US.KY.SH,801,21,
Lake County,US.TN.LK,800,0,
Rutherford County,US.NC.RU,799,13,
Butler County,US.AL.BT,796,37,
Clay County,US.MN.CA,795,40,
Chattahoochee County,US.GA.CH,794,2,
Kitsap County,US.WA.KS,793,7,
Effingham County,US.GA.EF,793,5,
Walker County,US.GA.WK,791,16,
Liberty County,US.GA.LB,789,7,
Loudon County,US.TN.LO,788,3,
Payne County,US.OK.PY,788,4,
Gibson County,US.TN.GB,787,9,
Rensselaer County,US.NY.RE,785,39,
Monroe County,US.IN.MR,784,32,
Garfield County,US.CO.GA,784,4,
Saratoga County,US.NY.SR,782,15,
Portage County,US.OH.PO,782,64,
Vigo County,US.IN.VI,779,13,
Pike County,US.AL.PK,779,8,
Sumter County,US.GA.SU,778,56,
Lafayette County,US.FL.LF,777,2,
Delaware County,US.IN.DL,777,52,
Thurston County,US.WA.TH,774,11,
Bowie County,US.TX.BW,774,38,
Polk County,US.TX.PK,769,14,
Boone County,US.IL.BO,768,23,
Hoke County,US.NC.HO,767,11,
De Soto Parish,US.LA.DE,765,27,
Greene County,US.OH.GR,765,12,
Appling County,US.GA.AP,765,19,
Tate County,US.MS.TT,760,30,
Sherburne County,US.MN.SH,758,10,
Craven County,US.NC.CN,758,18,
Dickson County,US.TN.DI,757,4,
Ozaukee County,US.WI.OZ,757,18,
Marshall County,US.MS.MS,757,10,
Windham County,US.CT.WI,755,15,
Jackson County,US.IL.JC,755,20,
West Baton Rouge Parish,US.LA.WB,754,37,
Wakulla County,US.FL.WK,753,5,
Willacy County,US.TX.WY,751,30,
Union County,US.MS.UN,750,17,
Chittenden County,US.VT.CH,749,39,
Madison County,US.FL.MD,748,10,
Halifax County,US.NC.HL,747,7,
Fayette County,US.TN.FA,744,8,
Fond du Lac County,US.WI.FN,744,8,
Anderson County,US.TN.AN,743,7,
Crawford County,US.IA.CW,741,3,
Yuba County,US.CA.YU,740,4,
Union Parish,US.LA.UN,737,35,
Grand Forks County,US.ND.GD,737,8,
Levy County,US.FL.LV,736,5,
St. James Parish,US.LA.SJ,734,32,
Bledsoe County,US.TN.BE,734,2,
Lyon County,US.KS.LY,734,14,
Jackson County,US.MI.JA,734,34,
Shenandoah County,US.VA.SN,732,46,
Cape Girardeau County,US.MO.CG,732,5,
McLean County,US.IL.ML,730,15,
Hardin County,US.KY.HN,730,8,
Chester County,US.SC.CR,730,14,
Harrison County,US.TX.HR,729,24,
Pueblo County,US.CO.PU,729,34,
Dubois County,US.IN.DU,729,12,
DeWitt County,US.TX.DE,728,21,
Berkeley County,US.WV.BE,727,11,
Kandiyohi County,US.MN.KD,725,1,
Calvert County,US.MD.CL,725,28,
Summit County,US.UT.SU,724,1,
Deaf Smith County,US.TX.DI,723,18,
Macon County,US.IL.MC,721,23,
Gulf County,US.FL.GU,720,4,
Cecil County,US.MD.CE,719,30,
Noble County,US.IN.NO,717,29,
Bryan County,US.GA.BY,717,8,
Boone County,US.IN.BO,716,46,
Gonzales County,US.TX.GA,716,11,
Dyer County,US.TN.DY,715,9,
Coryell County,US.TX.CL,712,6,
Worcester County,US.MD.WO,710,20,
Cherokee County,US.SC.CK,710,31,
Butler County,US.PA.BT,710,17,
Edgecombe County,US.NC.ED,709,13,
Colfax County,US.NE.CO,705,4,
Franklin County,US.MO.FR,704,18,
Lynchburg city,US.VA.LY,703,5,
Hancock County,US.IN.HC,702,39,
McDowell County,US.NC.MW,701,20,
Catoosa County,US.GA.CS,699,11,
Marion County,US.MS.MI,698,21,
Bay County,US.MI.BY,697,35,
Crawford County,US.AR.CW,695,5,
Morgan County,US.CO.MN,694,47,
Hanover County,US.VA.HV,690,33,
Frederick County,US.VA.FK,690,9,
Jefferson County,US.WI.JE,690,5,
Lamar County,US.TX.LR,690,19,
Johnson County,US.AR.JO,687,2,
Lincoln County,US.SD.LI,687,2,
Madison County,US.TX.AD,686,2,
Taney County,US.MO.TA,685,3,
Sabine Parish,US.LA.SB,682,11,
Santa Fe County,US.NM.ST,681,3,
York County,US.ME.YO,681,13,
Marathon County,US.WI.MH,680,11,
Stephens County,US.GA.SE,679,14,
Henderson County,US.TX.HD,677,12,
Pender County,US.NC.PD,676,3,
Washington County,US.OK.WN,676,39,
Harris County,US.GA.HI,676,17,
Mercer County,US.OH.MC,676,13,
Montgomery County,US.NC.MO,673,15,
Cerro Gordo County,US.IA.CG,667,18,
Berkshire County,US.MA.BE,667,46,
Gilmer County,US.GA.GI,665,4,
Dillon County,US.SC.DI,663,25,
Creek County,US.OK.CE,663,15,
Henderson County,US.TN.HS,661,2,
Karnes County,US.TX.KS,661,9,
Henry County,US.VA.HY,660,9,
Sioux County,US.IA.SI,660,3,
Mitchell County,US.GA.MT,660,41,
Barbour County,US.AL.BR,656,6,
Adams County,US.MS.AD,655,28,
Logan County,US.CO.LO,655,5,
San Juan County,US.UT.SJ,655,26,
Tazewell County,US.IL.TA,653,9,
Oldham County,US.KY.OL,653,16,
Covington County,US.MS.CV,650,15,
Hood County,US.TX.HO,650,13,
Eau Claire County,US.WI.EA,645,4,
Winston County,US.MS.WN,644,17,
Murray County,US.GA.MA,643,3,
Bladen County,US.NC.BL,640,6,
Obion County,US.TN.OB,639,4,
Jefferson County,US.TN.JE,639,4,
Marion County,US.AL.MI,638,26,
Lavaca County,US.TX.LA,638,23,
St. Louis County,US.MN.ST,636,20,
Richland County,US.OH.RI,635,12,
Richland Parish,US.LA.RI,635,8,
Muhlenberg County,US.KY.MU,633,11,
James City County,US.VA.JA,632,17,
Madison Parish,US.LA.MA,631,6,
Hamilton County,US.FL.HM,629,4,
Belmont County,US.OH.BE,629,26,
Deschutes County,US.OR.DE,627,11,
Fauquier County,US.VA.FQ,627,9,
George County,US.MS.GR,626,9,
Erie County,US.OH.ER,626,30,
Pettis County,US.MO.PS,624,6,
Cheatham County,US.TN.CA,624,9,
Madison County,US.KY.MD,623,1,
Washington County,US.RI.WA,621,61,
Upson County,US.GA.UP,620,49,
Lawrence County,US.TN.LW,619,7,
East Feliciana Parish,US.LA.EF,619,39,
St. Joseph County,US.MI.SJ,618,10,
Lane County,US.OR.LE,615,4,
Jasper County,US.SC.JA,615,18,
Elko County,US.NV.EL,613,3,
Buckingham County,US.VA.BK,613,8,
Lenoir County,US.NC.LN,613,11,
Warrick County,US.IN.WI,612,30,
Fayette County,US.PA.FA,609,6,
Adams County,US.IL.AD,607,7,
Jackson County,US.IN.JC,607,5,
Assumption Parish,US.LA.AS,606,20,
Campbell County,US.KY.CM,605,13,
Tooele County,US.UT.TE,603,0,
Carter County,US.TN.CT,602,6,
Jones County,US.TX.JN,601,0,
Lassen County,US.CA.LS,598,0,
Lee County,US.GA.LE,597,23,
Saline County,US.NE.SL,597,2,
Beadle County,US.SD.BA,596,9,
Warren County,US.IA.WR,595,2,
Coffee County,US.TN.CF,594,3,
McMinn County,US.TN.MM,591,20,
Lowndes County,US.AL.LO,590,26,
Marengo County,US.AL.ME,590,18,
Independence County,US.AR.IN,589,2,
Wasatch County,US.UT.WA,588,4,
Madison County,US.OH.MO,587,10,
Warren County,US.TN.WR,587,4,
Pearl River County,US.MS.PL,584,40,
Graham County,US.AZ.GA,584,20,
Blaine County,US.ID.BL,584,6,
Uvalde County,US.TX.UV,584,10,
Curry County,US.NM.CU,583,2,
Ashtabula County,US.OH.AB,582,46,
Haywood County,US.TN.HY,581,7,
Walla Walla County,US.WA.WL,581,3,
Wayne County,US.OH.WE,581,60,
Tattnall County,US.GA.TT,578,2,
Fairfield County,US.SC.FA,578,24,
Rockingham County,US.NC.RC,577,4,
Iron County,US.UT.RN,577,2,
Marion County,US.SC.MI,577,14,
Newton County,US.MS.NW,575,12,
Androscoggin County,US.ME.AN,575,8,
Graves County,US.KY.GV,574,25,
Erath County,US.TX.ER,574,7,
Rhea County,US.TN.RH,574,2,
Shelby County,US.IN.SH,573,28,
Burnet County,US.TX.BT,572,10,
Lee County,US.SC.LE,572,30,
Dixie County,US.FL.DI,572,4,
LaGrange County,US.IN.LG,571,10,
Greensville County,US.VA.GS,569,11,
Frio County,US.TX.FO,567,6,
Emanuel County,US.GA.EM,566,11,
Geauga County,US.OH.GE,564,45,
Coles County,US.IL.CE,564,21,
Tallahatchie County,US.MS.TL,563,11,
Yadkin County,US.NC.YD,561,6,
Greene County,US.TN.GE,561,9,
Tama County,US.IA.TM,561,29,
Muskogee County,US.OK.MO,559,16,
Weakley County,US.TN.WE,557,5,
Lonoke County,US.AR.LO,556,2,
Garfield County,US.OK.GF,555,7,
Charlottesville City,US.VA.CE,555,15,
Bradford County,US.FL.BA,554,4,
Pittsylvania County,US.VA.PS,553,2,
Lauderdale County,US.TN.LU,552,9,
Calhoun County,US.TX.CU,552,6,
Columbia County,US.NY.CU,551,47,
Allegan County,US.MI.AL,549,6,
Morehouse Parish,US.LA.MO,549,14,
Jefferson County,US.GA.JR,545,9,
Cassia County,US.ID.CS,544,1,
Attala County,US.MS.AT,544,25,
Adams County,US.PA.AD,544,22,
Richmond County,US.NC.RI,543,9,
Grady County,US.GA.GD,543,7,
Union County,US.AR.UN,539,20,
Marlboro County,US.SC.ML,536,4,
Jackson County,US.OR.JA,536,2,
Jackson County,US.OK.JA,535,7,
Hawkins County,US.TN.HW,534,10,
Miller County,US.AR.ML,533,5,
Grant County,US.IN.GA,533,30,
Christian County,US.KY.CH,532,10,
Petersburg city,US.VA.PB,531,19,
Cumberland County,US.TN.CU,530,7,
Manassas Park city,US.VA.MP,530,7,
Mendocino County,US.CA.MI,529,10,
Washington County,US.GA.WG,529,2,
Dearborn County,US.IN.DR,528,28,
St. Croix County,US.WI.SI,528,6,
Ross County,US.OH.RO,528,5,
Pike County,US.PA.PI,527,21,
Northumberland County,US.PA.NU,526,17,
Greene County,US.AR.GE,526,3,
Cocke County,US.TN.CE,525,5,
Holmes County,US.FL.HO,524,4,
Washington County,US.TX.WH,523,40,
Walthall County,US.MS.WT,521,22,
East Carroll Parish,US.LA.EC,520,2,
Chaves County,US.NM.CH,518,6,
Burke County,US.GA.BE,518,7,
Jerome County,US.ID.JR,517,6,
Roane County,US.TN.RA,516,2,
Waller County,US.TX.WR,515,5,
Fremont County,US.WY.FR,515,12,
Roanoke County,US.VA.RE,513,4,
Laramie County,US.WY.LA,512,3,
Hale County,US.AL.HA,511,26,
Ben Hill County,US.GA.BL,509,5,
Atascosa County,US.TX.AT,509,19,
Wise County,US.TX.WE,508,10,
Waupaca County,US.WI.WP,507,16,
Scurry County,US.TX.SU,505,2,
Jeff Davis County,US.GA.JF,505,8,
Johnson County,US.MO.JO,504,3,
Cowlitz County,US.WA.CW,504,5,
Minidoka County,US.ID.MI,503,2,
Butts County,US.GA.BU,502,40,
Yamhill County,US.OR.YA,502,13,
Bullock County,US.AL.BL,502,12,
Brown County,US.TX.BN,502,17,
Chickasaw County,US.MS.CS,502,19,
Morgan County,US.IN.MG,501,35,
Okmulgee County,US.OK.OM,500,3,
Hardin County,US.TN.HI,499,8,
Williamson County,US.IL.WS,499,7,
Randolph County,US.IL.RA,497,7,
Cole County,US.MO.CE,496,3,
Riley County,US.KS.RL,495,5,
Sauk County,US.WI.SU,495,3,
Bryan County,US.OK.BR,494,1,
Big Horn County,US.MT.BI,492,14,
Monroe County,US.AL.MR,491,7,
Van Buren County,US.MI.VA,491,10,
Lapeer County,US.MI.LP,490,33,
La Paz County,US.AZ.LA,489,12,
Jasper County,US.IA.JS,489,27,
Bannock County,US.ID.BO,488,2,
Calhoun County,US.FL.CA,488,8,
Shasta County,US.CA.SH,488,10,
Monroe County,US.GA.MN,486,29,
Wright County,US.IA.WG,485,1,
Plymouth County,US.IA.PM,485,12,
Bamberg County,US.SC.BM,484,27,
Broomfield County and City,US.CO.BR,484,32,
Oceana County,US.MI.OA,484,6,
Wilson County,US.TX.WS,484,20,
Perry County,US.AL.PE,483,4,
Columbia County,US.PA.CO,483,35,
Cherokee County,US.OK.CK,481,2,
Pottawatomie County,US.OK.PT,480,9,
Mercer County,US.PA.ME,480,12,
Adams County,US.WA.AD,479,5,
Monroe County,US.TN.MR,479,10,
Marinette County,US.WI.MT,479,5,
St. Francois County,US.MO.SF,478,2,
Saline County,US.MO.SI,478,7,
Bibb County,US.AL.BI,477,6,
Madison County,US.NE.MA,477,5,
Laurel County,US.KY.LU,476,5,
Kleberg County,US.TX.KL,476,17,
Winston County,US.AL.WN,476,11,
Smith County,US.TN.SH,476,4,
Prentiss County,US.MS.PN,475,10,
Saluda County,US.SC.SA,473,9,
McClain County,US.OK.ML,473,4,
Washington County,US.AL.WS,472,14,
Merrimack County,US.NH.ME,472,23,
Noxubee County,US.MS.NO,472,12,
Eaton County,US.MI.EA,471,8,
Macon County,US.NC.MN,469,2,
Plaquemines Parish,US.LA.PL,469,19,
Queen Anne's County,US.MD.QU,468,26,
Winn Parish,US.LA.WI,467,7,
Henry County,US.IN.HY,467,20,
Lenawee County,US.MI.LN,466,12,
Putnam County,US.GA.PT,465,18,
Worth County,US.GA.WO,465,23,
Wilcox County,US.AL.WC,464,10,
Hampton County,US.SC.HA,464,13,
Oconee County,US.GA.OC,464,15,
Fairbanks North Star Borough,US.AK.FA,464,6,
Tishomingo County,US.MS.TS,463,9,
Brown County,US.SD.BW,463,3,
Jefferson County,US.FL.JE,462,5,
Clinton County,US.IN.CI,462,4,
Buffalo County,US.NE.BF,462,1,
Bacon County,US.GA.BC,462,8,
Cook County,US.GA.CO,462,6,
Delaware County,US.OK.DL,461,20,
Grady County,US.OK.GD,460,7,
Jackson County,US.NC.JA,460,7,
Union County,US.FL.UN,459,5,
Dawson County,US.GA.DW,458,5,
Caroline County,US.MD.CO,457,3,
Osage County,US.OK.OS,456,12,
Caddo County,US.OK.CD,456,18,
Haywood County,US.NC.HW,455,19,
Mecklenburg County,US.VA.ME,454,32,
Clinton County,US.IL.CN,454,17,
Charlton County,US.GA.CT,451,3,
Valencia County,US.NM.VA,449,4,
Franklin County,US.FL.FR,449,3,
Scott County,US.MO.ST,449,13,
Portage County,US.WI.PT,448,0,
Alcorn County,US.MS.AL,447,5,
Barnwell County,US.SC.BN,444,8,
Prince George County,US.VA.PG,443,2,
Franklin County,US.GA.FR,443,6,
Darke County,US.OH.DA,442,30,
Payette County,US.ID.PA,441,3,
Clinton County,US.IA.CN,441,4,
Danville City,US.VA.DA,441,8,
Van Zandt County,US.TX.VN,440,7,
Hopkins County,US.KY.HO,438,35,
Madison County,US.GA.MD,437,7,
Prince Edward County,US.VA.PD,436,10,
Pasquotank County,US.NC.PU,436,20,
Cabell County,US.WV.CB,436,3,
Morton County,US.ND.MR,435,4,
Pickens County,US.GA.PE,434,6,
Pickens County,US.AL.PC,434,11,
Bullitt County,US.KY.BI,434,5,
Pierce County,US.GA.PR,434,9,
Davie County,US.NC.DV,431,5,
Clinton County,US.MI.CN,431,13,
Lincoln County,US.OR.LC,431,9,
Todd County,US.MN.TO,431,2,
Lycoming County,US.PA.LY,430,20,
Calhoun County,US.MS.CN,430,9,
Ogle County,US.IL.OG,429,5,
Peach County,US.GA.PH,428,16,
Lyon County,US.MN.LY,427,3,
Kittitas County,US.WA.KT,426,20,
Tippah County,US.MS.TP,426,14,
Conecuh County,US.AL.CO,425,10,
Beaufort County,US.NC.BA,425,2,
Isle of Wight County,US.VA.IS,424,9,
Fredericksburg City,US.VA.FB,424,4,
Scott County,US.KY.SC,421,0,
Lincoln County,US.MO.LO,421,1,
Brooks County,US.GA.BO,421,17,
Nye County,US.NV.NY,421,12,
Meriwether County,US.GA.MW,421,7,
Barren County,US.KY.BN,421,3,
Sandusky County,US.OH.SA,421,17,
Lawrence County,US.PA.LW,420,16,
Smith County,US.MS.SM,419,13,
Randolph County,US.AL.RA,419,12,
Hancock County,US.MS.HN,419,15,
Madison County,US.NY.MA,419,9,
Glades County,US.FL.GL,419,3,
Pittsburg County,US.OK.PI,419,4,
Reno County,US.KS.RN,418,1,
Jasper County,US.MS.JS,416,10,
Hancock County,US.OH.HN,415,3,
Kerr County,US.TX.KR,415,6,
Jackson County,US.TX.JA,415,11,
Crawford County,US.KS.CR,415,1,
Itawamba County,US.MS.IT,414,10,
Huron County,US.OH.HU,414,5,
Winchester city,US.VA.WH,412,4,
Talbot County,US.MD.TA,412,4,
Shelby County,US.TX.SY,411,18,
Clay County,US.MS.CY,411,14,
Claiborne County,US.MS.CB,411,14,
Christian County,US.MO.CT,411,1,
Franklin County,US.MA.FR,411,61,
Wayne County,US.IN.WY,410,10,
Liberty County,US.FL.LI,410,7,
McNairy County,US.TN.MA,410,6,
Colusa County,US.CA.CL,409,5,
Ottawa County,US.OH.OT,408,27,
Glenn County,US.CA.GL,407,3,
Newport County,US.RI.NE,405,4,
Le Flore County,US.OK.LE,405,1,
Ottawa County,US.OK.OT,405,3,
Crisp County,US.GA.CP,405,15,
Saline County,US.KS.SA,404,7,
Giles County,US.TN.GL,402,13,
Platte County,US.MO.PT,401,10,
McDuffie County,US.GA.MU,399,10,
West Feliciana Parish,US.LA.WF,399,18,
Rusk County,US.TX.RK,398,2,
Gilchrist County,US.FL.GI,398,7,
Union County,US.OR.UN,397,2,
McCracken County,US.KY.MK,397,4,
Jackson Parish,US.LA.JA,397,19,
Jefferson County,US.OR.JE,396,4,
Scotland County,US.NC.SC,395,5,
York County,US.VA.YO,394,4,
Lumpkin County,US.GA.LP,394,8,
Dorchester County,US.MD.DO,394,5,
Morrow County,US.OR.MO,393,3,
Bienville Parish,US.LA.BI,390,30,
Box Elder County,US.UT.BE,390,2,
Camden County,US.MO.CM,388,7,
Grant County,US.WI.GA,387,16,
Centre County,US.PA.CT,386,11,
Union County,US.SC.UN,386,4,
Dickinson County,US.IA.DI,385,4,
Calhoun County,US.SC.CH,385,14,
Whiteside County,US.IL.WD,384,17,
DeKalb County,US.TN.DE,384,2,
Watonwan County,US.MN.WT,384,2,
Sequoyah County,US.OK.SQ,384,4,
White County,US.IN.WH,384,11,
Bedford County,US.VA.BF,384,8,
Teton County,US.WY.TE,383,1,
Carbon County,US.PA.CB,382,28,
White County,US.GA.WH,381,6,
Elbert County,US.GA.EL,381,1,
Carroll County,US.AR.CL,380,7,
Carroll County,US.TN.CR,379,6,
Branch County,US.MI.BC,378,2,
Sumter County,US.AL.SU,378,19,
Louisa County,US.IA.LO,378,14,
Tuscola County,US.MI.TU,377,29,
Early County,US.GA.EA,377,32,
Cibola County,US.NM.CI,377,18,
Flathead County,US.MT.FL,376,3,
Lawrence County,US.AL.LW,376,3,
Hertford County,US.NC.HD,375,11,
Carson City,US.NV.CA,374,8,
Crenshaw County,US.AL.CA,373,9,
Manitowoc County,US.WI.MW,373,1,
Stark County,US.ND.SR,373,5,
Dunklin County,US.MO.DU,372,4,
Calumet County,US.WI.CA,372,2,
Nevada County,US.CA.NE,372,2,
White County,US.AR.WH,370,3,
Henderson County,US.KY.HE,370,3,
Tunica County,US.MS.TU,370,8,
Carteret County,US.NC.CE,369,5,
Grundy County,US.IL.GU,368,5,
Montgomery County,US.IN.MM,367,21,
Pulaski County,US.KY.PU,367,5,
Jessamine County,US.KY.JS,366,0,
Ontario County,US.NY.OR,366,27,
Athens County,US.OH.AS,366,2,
Milam County,US.TX.MI,366,3,
Warren County,US.VA.WR,366,6,
Strafford County,US.NH.ST,366,13,
Harrison County,US.IN.HI,365,24,
Matanuska-Susitna Borough,US.AK.MA,365,2,
Freeborn County,US.MN.FR,365,1,
Cambria County,US.PA.CI,365,3,
Ohio County,US.KY.OH,364,9,
Trempealeau County,US.WI.TR,364,2,
Howard County,US.AR.HW,364,4,
Adams County,US.NE.AD,363,11,
Anson County,US.NC.AN,363,3,
Steele County,US.MN.SE,363,2,
Franklin County,US.TN.FR,363,4,
Nicollet County,US.MN.NI,363,13,
Fannin County,US.GA.FN,362,5,
Carter County,US.OK.CR,361,5,
Mesa County,US.CO.ME,361,4,
Adair County,US.OK.AD,361,6,
La Salle County,US.TX.LS,361,2,
Macon County,US.AL.MC,360,15,
Mayes County,US.OK.MY,360,7,
Parmer County,US.TX.PM,359,7,
Lawrence County,US.IN.LW,359,27,
Clarke County,US.MS.CE,359,28,
Wood County,US.TX.WO,358,9,
Wood County,US.WI.WO,357,2,
Missoula County,US.MT.MS,357,1,
Concordia Parish,US.LA.CR,356,9,
Montgomery County,US.MS.MT,355,8,
Colorado County,US.TX.CO,354,2,
Morgan County,US.IL.MG,353,9,
Abbeville County,US.SC.AB,353,8,
Decatur County,US.IN.DC,353,32,
Edgefield County,US.SC.ED,353,7,
Galax city,US.VA.GA,353,27,
Eddy County,US.NM.ED,352,4,
Midland County,US.MI.MD,352,10,
Logan County,US.KY.LO,351,23,
Indiana County,US.PA.IN,351,7,
Page County,US.VA.PA,351,25,
Shiawassee County,US.MI.SH,351,28,
Grant Parish,US.LA.GR,350,21,
Polk County,US.OR.PO,350,12,
Chattooga County,US.GA.CG,349,4,
Greene County,US.GA.GE,348,12,
Cass County,US.MI.CS,348,14,
Franklin County,US.KY.FR,348,9,
Kenai Peninsula Borough,US.AK.KN,346,2,
Knox County,US.IL.KX,344,1,
Summit County,US.CO.SU,344,4,
Ashley County,US.AR.AS,342,5,
Palo Pinto County,US.TX.PO,342,10,
Stephenson County,US.IL.SN,340,6,
Lawrence County,US.MS.LW,340,8,
Carroll County,US.VA.CL,339,14,
Atkinson County,US.GA.AT,339,3,
La Salle Parish,US.LA.LA,339,3,
Monroe County,US.IL.MR,339,13,
Union County,US.IL.UN,339,23,
Hill County,US.TX.HI,339,7,
Greene County,US.NC.GE,338,3,
Bingham County,US.ID.BG,338,2,
Andrews County,US.TX.AR,338,7,
Hancock County,US.GA.HC,336,35,
Phillips County,US.AR.PH,336,9,
Marshall County,US.TN.MS,336,4,
Bell County,US.KY.BL,336,5,
Hart County,US.GA.HT,336,8,
Lincoln County,US.TN.LI,335,1,
Lawrence County,US.OH.LW,334,0,
Butler County,US.KS.BU,333,1,
Holmes County,US.OH.HL,332,6,
Jasper County,US.TX.JR,332,13,
Logan County,US.AR.LG,331,1,
Putnam County,US.IN.PT,331,8,
Jones County,US.GA.JE,331,4,
Berrien County,US.GA.BN,329,1,
Benton County,US.MN.BN,327,3,
Alexander County,US.NC.AE,327,2,
White County,US.TN.WH,327,5,
Cherokee County,US.AL.CH,326,9,
Allegany County,US.MD.AL,326,18,
Union County,US.GA.UN,324,7,
Poinsett County,US.AR.PN,324,4,
Rio Arriba County,US.NM.RI,323,9,
Fayette County,US.TX.FT,323,14,
Bristol County,US.RI.BR,322,15,
Richmond County,US.VA.RI,322,4,
Jefferson County,US.IL.JF,320,20,
Yalobusha County,US.MS.YL,320,10,
Houston County,US.TX.HS,320,7,
Huntingdon County,US.PA.HU,320,5,
Barron County,US.WI.BR,320,3,
Johnson County,US.TN.JO,319,0,
Blair County,US.PA.BL,317,8,
Montrose County,US.CO.MO,317,13,
Henry County,US.TN.HR,316,1,
Austin County,US.TX.AU,315,4,
Linn County,US.OR.LN,315,11,
Sussex County,US.VA.SS,315,9,
Montgomery County,US.VA.MO,315,3,
Watauga County,US.NC.WT,314,0,
Northampton County,US.NC.NO,314,16,
Warren County,US.NY.WR,312,30,
Tehama County,US.CA.TE,312,1,
Catahoula Parish,US.LA.CT,312,5,
Humboldt County,US.CA.HU,309,4,
Humphreys County,US.MS.HU,309,12,
Scotts Bluff County,US.NE.SC,309,6,
Morgan County,US.GA.MO,308,0,
West Carroll Parish,US.LA.WC,307,7,
Terrell County,US.GA.TL,307,30,
Washington County,US.IA.WS,307,10,
Evans County,US.GA.EV,304,3,
Steuben County,US.NY.ST,303,39,
Fulton County,US.NY.FU,303,28,
Jefferson County,US.WV.JE,303,4,
Chaffee County,US.CO.CA,303,19,
Butler County,US.MO.BE,302,2,
Butler County,US.KY.BR,302,15,
Claiborne County,US.TN.CI,301,0,
Panola County,US.TX.PN,301,18,
Augusta County,US.VA.AU,300,4,
Telfair County,US.GA.TF,299,12,
Williams County,US.ND.WI,299,2,
Bertie County,US.NC.BT,299,5,
Orleans County,US.NY.OL,299,55,
Choctaw County,US.AL.CC,299,12,
Northampton County,US.VA.NA,298,29,
Daviess County,US.IN.DI,296,20,
Greene County,US.NY.GR,296,13,
Stokes County,US.NC.SO,295,3,
Crockett County,US.TN.CK,294,6,
Geneva County,US.AL.GE,294,3,
Southampton County,US.VA.SA,293,13,
Hickman County,US.TN.HN,292,1,
Claiborne Parish,US.LA.CI,292,11,
Banks County,US.GA.BS,290,5,
Limestone County,US.TX.LO,290,3,
Henry County,US.AL.HE,289,4,
Auglaize County,US.OH.AU,288,8,
Lamar County,US.GA.LM,288,13,
Clay County,US.AL.CY,287,5,
New Madrid County,US.MO.NW,285,3,
Logan County,US.WV.LO,285,10,
Genesee County,US.NY.GE,284,6,
Raleigh County,US.WV.RL,282,1,
Hopewell city,US.VA.HW,282,5,
Scott County,US.IN.SC,281,10,
Hillsdale County,US.MI.HI,281,25,
St. Helena Parish,US.LA.SH,280,2,
Barry County,US.MO.BR,280,4,
Union County,US.OH.UN,280,1,
Columbia County,US.WI.CO,279,2,
Miami County,US.IN.MI,279,2,
Gunnison County,US.CO.GU,279,7,
Cherokee County,US.NC.CO,279,4,
Union County,US.PA.UN,279,2,
Randolph County,US.GA.RN,278,26,
Herkimer County,US.NY.HE,278,8,
Madison County,US.AR.MD,277,2,
Candler County,US.GA.CR,277,7,
Uinta County,US.WY.UI,277,0,
Ionia County,US.MI.II,277,7,
Fannin County,US.TX.FI,276,9,
Iroquois County,US.IL.IR,276,13,
Owyhee County,US.ID.OW,276,3,
Red River Parish,US.LA.RE,276,14,
Boone County,US.IA.BO,275,3,
Quitman County,US.MS.QU,275,1,
Ohio County,US.WV.OH,275,4,
Henry County,US.IL.HY,274,1,
Calloway County,US.KY.CW,273,4,
Martin County,US.NC.MR,273,6,
Winona County,US.MN.WN,272,16,
Sweetwater County,US.WY.SW,271,2,
Wood County,US.WV.WO,269,5,
Brantley County,US.GA.BA,269,6,
Lake County,US.CA.LK,268,2,
Beltrami County,US.MN.BT,267,0,
Greene County,US.MS.GE,267,13,
Warren County,US.NC.WR,266,6,
Jasper County,US.IN.JS,266,2,
Scioto County,US.OH.SC,265,1,
Wayne County,US.NY.WN,265,3,
Crow Wing County,US.MN.CW,265,14,
Muskingum County,US.OH.MU,265,1,
Oswego County,US.NY.OS,264,3,
Carroll County,US.MS.CL,264,11,
Knox County,US.KY.KX,264,8,
Cooke County,US.TX.OO,264,3,
Campbell County,US.TN.CM,264,1,
Bleckley County,US.GA.BK,264,10,
Upshur County,US.TX.US,264,2,
Newaygo County,US.MI.NE,263,0,
Oconto County,US.WI.OC,263,1,
St. Lawrence County,US.NY.SI,263,4,
Bureau County,US.IL.BU,262,4,
Dooly County,US.GA.DO,262,14,
Pulaski County,US.MO.PA,262,1,
Turner County,US.GA.TR,261,18,
Greene County,US.AL.GR,261,11,
Washington County,US.NY.WS,260,14,
Chautauqua County,US.NY.CQ,260,4,
Hempstead County,US.AR.HE,260,2,
Greene County,US.IN.GE,259,34,
Chippewa County,US.WI.CH,259,0,
Lyon County,US.NV.LY,259,6,
Vermilion County,US.IL.VE,259,2,
Jenkins County,US.GA.JK,258,24,
Stewart County,US.GA.SW,258,9,
Franklin County,US.IA.FN,257,12,
Harlan County,US.KY.HL,257,3,
Marion County,US.MO.MO,256,1,
Pecos County,US.TX.PE,256,2,
Johnson County,US.GA.JH,256,12,
Luna County,US.NM.LU,256,5,
Kay County,US.OK.KA,256,11,
Hamilton County,US.IA.HM,255,1,
Perry County,US.MO.PR,254,4,
Mason County,US.WA.MA,254,1,
Webster County,US.MS.WE,254,13,
Ward County,US.ND.WR,254,1,
Seminole County,US.OK.SM,253,5,
Pike County,US.KY.PI,253,3,
Cass County,US.IL.CS,252,11,
Randolph County,US.AR.RA,252,4,
Jefferson Davis County,US.MS.JD,252,6,
Fayette County,US.AL.FA,251,5,
Perry County,US.KY.PR,251,3,
Franklin County,US.IN.FR,251,16,
Perry County,US.MS.PY,251,8,
Pemiscot County,US.MO.PM,251,9,
Chester County,US.TN.CS,251,2,
Overton County,US.TN.OV,250,1,
Washington County,US.VA.WG,250,6,
Island County,US.WA.IS,249,13,
Monroe County,US.WI.MO,249,2,
Camp County,US.TX.CP,248,6,
Burleson County,US.TX.BU,248,6,
Nelson County,US.KY.NE,247,2,
Brunswick County,US.VA.BU,247,2,
Lawrence County,US.MO.LW,247,2,
Kemper County,US.MS.KE,246,14,
Gibson County,US.IN.GI,246,4,
Dodge County,US.GA.DG,246,3,
Lamar County,US.AL.LM,246,2,
Natrona County,US.WY.NA,245,1,
Seneca County,US.OH.SE,245,4,
Amite County,US.MS.AM,244,6,
DeKalb County,US.IN.DE,244,4,
Oglethorpe County,US.GA.OG,243,7,
Arkansas County,US.AR.AR,243,1,
Allendale County,US.SC.AL,243,6,
Lamb County,US.TX.LB,242,16,
Kent County,US.MD.KE,242,23,
Armstrong County,US.PA.AR,242,8,
Lewis County,US.WA.LE,241,4,
Refugio County,US.TX.RF,241,5,
Haralson County,US.GA.HS,241,7,
Live Oak County,US.TX.LK,240,4,
Harrison County,US.WV.HR,240,1,
Jefferson County,US.OH.JE,240,3,
Marion County,US.TN.MI,240,5,
Drew County,US.AR.DR,240,3,
McLeod County,US.MN.MC,240,0,
Pike County,US.GA.PK,239,6,
Stoddard County,US.MO.SD,239,9,
Jefferson County,US.ID.JF,239,1,
Garvin County,US.OK.GV,238,4,
Martinsville city,US.VA.MR,238,3,
Robertson County,US.TX.RO,238,2,
Polk County,US.TN.PO,237,5,
Campbell County,US.VA.CM,237,2,
Logan County,US.OK.LG,237,1,
Le Sueur County,US.MN.LU,237,1,
Person County,US.NC.PN,237,2,
Zavala County,US.TX.ZV,236,6,
Tompkins County,US.NY.TO,236,0,
Stone County,US.MS.ST,235,6,
Grand Traverse County,US.MI.GN,235,5,
Bremer County,US.IA.BR,235,7,
Decatur County,US.TN.DC,234,3,
Shelby County,US.OH.SH,234,4,
Caldwell Parish,US.LA.CW,234,3,
Wilkinson County,US.GA.WI,234,12,
Allen County,US.KY.AL,233,8,
Jennings County,US.IN.JN,233,12,
Orange County,US.VA.OR,233,3,
Wayne County,US.TN.WY,232,2,
Pierce County,US.WI.PI,232,3,
Alamosa County,US.CO.AL,232,9,
Seminole County,US.GA.SI,231,5,
Rabun County,US.GA.RB,231,3,
Wilkinson County,US.MS.WK,231,14,
Preble County,US.OH.PR,230,2,
Elmore County,US.ID.EL,230,3,
La Plata County,US.CO.LA,229,3,
Washington County,US.ID.WA,229,3,
Columbia County,US.AR.CI,227,12,
Lanier County,US.GA.LI,227,4,
Polk County,US.MO.PO,227,0,
Dinwiddie County,US.VA.DN,227,7,
Lawrence County,US.AR.LW,226,9,
Echols County,US.GA.EC,226,2,
Warren County,US.MO.WR,226,0,
Lincoln County,US.OK.LI,224,3,
Harvey County,US.KS.HV,224,3,
Caroline County,US.VA.CI,223,5,
Screven County,US.GA.SR,223,9,
Geary County,US.KS.GE,223,1,
Boone County,US.AR.BO,223,2,
Custer County,US.OK.CU,222,0,
Franklin County,US.KS.FR,222,1,
Franklin County,US.IL.FR,222,1,
Macoupin County,US.IL.MP,222,3,
Ripley County,US.IN.RI,221,8,
Putnam County,US.OH.PU,221,17,
Laclede County,US.MO.LD,221,1,
Isabella County,US.MI.IB,221,9,
Union County,US.SD.UN,221,4,
Gray County,US.TX.GY,221,2,
Hockley County,US.TX.HC,221,5,
Cross County,US.AR.CO,220,4,
Nodaway County,US.MO.NO,220,0,
Adair County,US.KY.AD,220,19,
Knox County,US.OH.KN,219,9,
Susquehanna County,US.PA.SS,219,27,
Mercer County,US.WV.MR,219,17,
Botetourt County,US.VA.BO,219,7,
Chenango County,US.NY.CH,218,6,
Steuben County,US.IN.SE,217,3,
Grainger County,US.TN.GA,217,1,
Audrain County,US.MO.AU,217,1,
Douglas County,US.NV.DO,215,1,
Hood River County,US.OR.HO,215,0,
Westmoreland County,US.VA.WM,215,3,
Stephens County,US.OK.ST,215,3,
Wayne County,US.WV.WA,214,9,
Sharkey County,US.MS.SH,214,7,
Grayson County,US.KY.GY,214,11,
Randolph County,US.WV.RN,213,0,
Carroll County,US.IN.CO,213,5,
Hopkins County,US.TX.HP,213,3,
Bradley County,US.AR.BR,213,4,
Clinch County,US.GA.CC,212,4,
Douglas County,US.WI.DG,212,0,
Martin County,US.MN.MT,212,5,
Washington County,US.OH.WS,212,22,
Calhoun County,US.GA.CU,211,6,
Dare County,US.NC.DE,211,2,
Chisago County,US.MN.CG,211,1,
Thurston County,US.NE.TU,211,4,
Cleburne County,US.AR.CB,210,5,
Shawano County,US.WI.SA,210,0,
Otter Tail County,US.MN.OT,209,4,
Casey County,US.KY.CS,209,11,
Fayette County,US.IN.FA,209,7,
Goodhue County,US.MN.GO,208,9,
Amador County,US.CA.AM,208,0,
Effingham County,US.IL.EF,208,1,
Clarke County,US.IA.CK,208,3,
Wise County,US.VA.WI,208,5,
Pontotoc County,US.OK.PN,208,2,
McIntosh County,US.OK.MI,207,1,
Des Moines County,US.IA.DS,207,2,
Putnam County,US.WV.PU,207,0,
Choctaw County,US.OK.CA,207,1,
Desha County,US.AR.DE,207,2,
Maui County,US.HI.MA,206,6,
Klamath County,US.OR.KL,206,2,
Franklin city,US.VA.FR,205,6,
Castro County,US.TX.AS,205,4,
Clay County,US.IA.CY,205,1,
Carroll County,US.IA.CL,205,2,
Colonial Heights city,US.VA.CH,204,22,
Otero County,US.NM.OT,204,10,
McIntosh County,US.GA.MH,203,3,
Cass County,US.NE.CS,203,2,
Amherst County,US.VA.AH,202,1,
Montcalm County,US.MI.MC,201,2,
Young County,US.TX.YU,199,6,
Wasco County,US.OR.WC,199,3,
Coshocton County,US.OH.CS,199,9,
Fluvanna County,US.VA.FV,199,9,
Caswell County,US.NC.CS,198,2,
Mingo County,US.WV.MO,198,5,
Marion County,US.WV.MI,198,2,
Louisa County,US.VA.LI,198,2,
Cass County,US.TX.CS,197,9,
Jefferson County,US.MS.JF,197,8,
Wilkes County,US.GA.WS,197,3,
Boyd County,US.KY.BD,197,3,
Warren County,US.IL.WR,196,0,
Little River County,US.AR.LT,196,3,
Dallam County,US.TX.DL,196,6,
Clark County,US.WI.CL,196,8,
Barry County,US.MI.BR,195,2,
Tioga County,US.NY.TI,195,21,
Duval County,US.TX.DU,195,7,
Green County,US.WI.GN,194,1,
Lafayette County,US.MO.LF,194,2,
Emmet County,US.IA.EM,194,4,
Perry County,US.IL.PY,193,3,
Champaign County,US.OH.CH,192,2,
Wilcox County,US.GA.WC,192,19,
Shelby County,US.IA.SH,191,1,
Bonner County,US.ID.BR,191,0,
Marion County,US.IA.MI,191,0,
Lee County,US.IL.LE,191,1,
Gaines County,US.TX.GS,191,3,
Pitkin County,US.CO.PI,190,2,
Zapata County,US.TX.ZP,190,3,
Perry County,US.IN.PE,189,13,
Howard County,US.TX.HW,189,7,
Morrow County,US.OH.MW,188,2,
Orange County,US.IN.OR,188,24,
Gem County,US.ID.GE,188,1,
Hardin County,US.IA.HD,187,0,
Logan County,US.IL.LO,187,1,
Brewster County,US.TX.BS,187,2,
Chemung County,US.NY.CM,187,3,
Macon County,US.GA.MC,187,10,
Clearfield County,US.PA.CF,186,1,
Aransas County,US.TX.AA,186,16,
Clark County,US.AR.CK,185,2,
Gillespie County,US.TX.GL,185,6,
San Jacinto County,US.TX.SJ,185,8,
Waynesboro city,US.VA.WS,185,3,
Marquette County,US.MI.MQ,184,11,
Lake County,US.MT.LA,184,1,
Posey County,US.IN.PS,184,0,
Clay County,US.KY.CY,184,5,
Emporia city,US.VA.EM,183,15,
Hardin County,US.OH.HD,183,12,
Nottoway County,US.VA.NY,183,14,
Bailey County,US.TX.BY,183,4,
Benton County,US.OR.BE,182,6,
Cowley County,US.KS.CL,182,2,
Crawford County,US.OH.CF,181,5,
Montgomery County,US.NY.MT,181,4,
Starke County,US.IN.SR,181,7,
Clinton County,US.OH.CI,180,6,
Unicoi County,US.TN.UC,180,0,
Wells County,US.IN.WE,180,2,
Madison County,US.ID.MA,180,0,
Cottonwood County,US.MN.CT,180,0,
Wabash County,US.IN.WB,180,5,
Montgomery County,US.IL.MT,179,7,
Franklin County,US.VA.FN,179,1,
Bosque County,US.TX.BQ,179,2,
Cascade County,US.MT.CS,179,4,
Gooding County,US.ID.GO,179,1,
Benton County,US.TN.BN,179,1,
Clark County,US.KY.CK,179,7,
Livingston County,US.NY.LI,178,6,
Irwin County,US.GA.IR,178,1,
San Augustine County,US.TX.SG,178,11,
Adair County,US.MO.AD,178,0,
Lee County,US.TX.LE,177,11,
Jefferson County,US.IN.JF,175,2,
Jasper County,US.GA.JS,175,2,
Woodford County,US.KY.WO,175,0,
Fulton County,US.IN.FU,175,2,
Calaveras County,US.CA.CA,174,1,
Patrick County,US.VA.PK,174,4,
Freestone County,US.TX.FE,174,0,
Nez Perce County,US.ID.NE,174,19,
Logan County,US.OH.LG,174,2,
Cameron Parish,US.LA.CM,173,0,
Greene County,US.VA.GE,173,2,
Gloucester County,US.VA.GL,173,2,
Marion County,US.IL.MO,172,0,
Hughes County,US.OK.HU,172,2,
Alleghany County,US.NC.AL,172,0,
Highland County,US.OH.HI,171,2,
Woodford County,US.IL.WO,171,3,
Lewis and Clark County,US.MT.LE,171,2,
Knox County,US.IN.KN,171,1,
Comanche County,US.TX.CE,171,3,
Kendall County,US.TX.KD,171,4,
Kennebec County,US.ME.KE,171,11,
Callaway County,US.MO.CA,170,1,
Carroll County,US.KY.CL,170,2,
Saunders County,US.NE.SU,170,2,
Oneida County,US.WI.ON,170,0,
Union County,US.TN.UO,170,0,
Goochland County,US.VA.GO,170,7,
Roosevelt County,US.NM.RO,170,1,
Floyd County,US.IA.FL,170,3,
Cattaraugus County,US.NY.CG,169,6,
Howell County,US.MO.HW,169,2,
Perry County,US.OH.PE,169,3,
Montgomery County,US.KS.MG,168,5,
Whitley County,US.KY.WH,168,1,
Ashe County,US.NC.AS,168,1,
Mississippi County,US.MO.MI,167,0,
Boyle County,US.KY.BE,167,0,
Fayette County,US.WV.FA,166,7,
Lafayette County,US.WI.LF,166,0,
Terry County,US.TX.TE,166,2,
Huron County,US.MI.HU,166,4,
Jackson County,US.WV.JA,166,19,
Menominee County,US.MI.MM,165,0,
Salem city,US.VA.SE,165,3,
Jackson County,US.IA.JC,165,1,
Crawford County,US.PA.CW,165,1,
Polk County,US.NC.PO,165,6,
Becker County,US.MN.BC,164,1,
McPherson County,US.KS.MP,164,1,
Halifax County,US.VA.HL,164,2,
Jackson County,US.KS.JA,164,1,
Lincoln County,US.GA.LC,164,5,
Trinity County,US.TX.TR,163,4,
Shoshone County,US.ID.SH,163,3,
Sullivan County,US.IN.SU,163,1,
Montgomery County,US.GA.MM,163,2,
Cayuga County,US.NY.CY,163,2,
Dimmit County,US.TX.DM,163,4,
Benson County,US.ND.BE,163,2,
Benton County,US.IA.BN,162,1,
Wayne County,US.PA.WN,162,10,
Whitley County,US.IN.WL,162,6,
Chowan County,US.NC.CW,162,2,
Penobscot County,US.ME.PE,162,5,
Gratiot County,US.MI.GT,162,15,
Dawson County,US.TX.DW,162,5,
Polk County,US.MN.PL,161,4,
Grayson County,US.VA.GY,161,5,
Marion County,US.GA.MR,161,5,
Stone County,US.MO.SE,161,1,
Pipestone County,US.MN.PS,161,9,
Conway County,US.AR.CN,161,3,
Fulton County,US.OH.FU,160,1,
Cannon County,US.TN.CN,160,0,
Smyth County,US.VA.SM,160,3,
Simpson County,US.KY.SI,160,7,
Poweshiek County,US.IA.PW,160,8,
Allamakee County,US.IA.AL,160,4,
King George County,US.VA.KG,160,4,
Tuolumne County,US.CA.TO,160,2,
Mono County,US.CA.MO,160,1,
Moniteau County,US.MO.ME,160,2,
Benton County,US.MS.BE,159,1,
Douglas County,US.OR.DO,159,1,
Ashland County,US.OH.AL,159,3,
Powhatan County,US.VA.PH,159,4,
Wyandot County,US.OH.WD,158,9,
Cherokee County,US.KS.CK,157,1,
Crockett County,US.TX.CT,157,4,
Oglala Lakota County,US.SD.SH,157,2,
Miller County,US.GA.ML,157,0,
Defiance County,US.OH.DF,157,4,
Cooper County,US.MO.CP,157,0,
Waseca County,US.MN.WE,157,1,
Polk County,US.AR.PL,157,1,
Staunton city,US.VA.SU,156,0,
Leon County,US.TX.LN,156,3,
Towns County,US.GA.TW,155,2,
Tipton County,US.IN.TT,155,16,
Jackson County,US.KY.JA,154,14,
Lincoln County,US.NE.LI,154,2,
Washington County,US.IN.WS,153,1,
Brown County,US.OH.BR,153,2,
Pawnee County,US.OK.PW,153,3,
Ellis County,US.KS.EL,153,1,
Labette County,US.KS.LB,153,1,
Miami County,US.KS.MI,152,0,
Sullivan County,US.MO.SV,152,0,
Kingfisher County,US.OK.KN,151,0,
Heard County,US.GA.HD,151,5,
Codington County,US.SD.CD,151,1,
Taylor County,US.KY.TA,150,3,
Reeves County,US.TX.RE,150,5,
Bedford County,US.PA.BO,150,4,
Transylvania County,US.NC.TR,150,1,
Clay County,US.IN.CY,150,5,
Lincoln County,US.NM.LI,150,2,
Runnels County,US.TX.RN,150,2,
McDonough County,US.IL.MU,149,15,
Barton County,US.KS.BT,149,3,
Juneau County,US.WI.JU,149,1,
Carlton County,US.MN.CL,149,0,
Mountrail County,US.ND.MU,149,1,
Dade County,US.GA.DD,147,2,
Marshall County,US.KY.MH,147,2,
Webster County,US.MO.WE,147,1,
Clallam County,US.WA.CL,146,0,
Christian County,US.IL.CI,146,4,
Itasca County,US.MN.IT,146,12,
Campbell County,US.WY.CM,146,1,
Nevada County,US.AR.NV,146,9,
Jackson County,US.TN.JA,145,1,
Brookings County,US.SD.BK,145,1,
Talbot County,US.GA.TB,145,3,
Mahaska County,US.IA.MK,145,17,
Hawaii County,US.HI.HA,144,0,
Teller County,US.CO.TE,144,3,
Grant County,US.AR.GN,144,0,
Miller County,US.MO.ML,144,1,
Douglas County,US.MN.DU,144,1,
Brooks County,US.TX.BK,144,4,
Park County,US.WY.PA,144,0,
Clay County,US.AR.CY,143,4,
O'Brien County,US.IA.OB,143,5,
Jefferson County,US.NY.JE,143,1,
Jersey County,US.IL.JR,143,2,
Franklin County,US.MS.FR,142,2,
Falls County,US.TX.FL,142,3,
Somerset County,US.MD.SO,142,3,
Henry County,US.IA.HE,142,4,
Pike County,US.MO.PI,142,1,
Long County,US.GA.LG,141,2,
Kewaunee County,US.WI.KW,141,2,
Isanti County,US.MN.IS,141,0,
Somerset County,US.PA.SO,140,3,
Red River County,US.TX.RV,140,12,
Spencer County,US.IN.SP,140,3,
Lee County,US.VA.LE,140,1,
Polk County,US.WI.PL,140,2,
Livingston County,US.IL.LI,140,3,
Guthrie County,US.IA.GH,140,5,
Russell County,US.VA.RU,140,3,
Williams County,US.OH.WI,139,3,
Jo Daviess County,US.IL.JO,139,1,
Dunn County,US.WI.DN,138,0,
Buchanan County,US.IA.BC,138,1,
Franklin County,US.AR.FR,138,2,
Spencer County,US.KY.SP,138,0,
Choctaw County,US.MS.CW,138,4,
Washington County,US.NC.WI,137,4,
Juniata County,US.PA.JU,137,6,
Nolan County,US.TX.NO,137,3,
Treutlen County,US.GA.TE,137,3,
Russell County,US.KY.RU,136,5,
Henry County,US.KY.HY,136,1,
Iosco County,US.MI.IC,136,12,
Clay County,US.SD.CY,136,0,
Yankton County,US.SD.YA,136,2,
Dodge County,US.MN.DD,136,0,
Josephine County,US.OR.JO,136,2,
Millard County,US.UT.MD,136,0,
Saline County,US.IL.SE,136,2,
Cleburne County,US.AL.CB,135,1,
Fremont County,US.CO.FR,135,0,
Pulaski County,US.GA.PL,135,3,
Humphreys County,US.TN.HU,135,3,
Douglas County,US.IL.DO,135,3,
Jones County,US.IA.JN,135,2,
City and Borough of Juneau,US.AK.JU,135,1,
Cedar County,US.IA.CD,135,1,
Otsego County,US.MI.OS,135,11,
Morgan County,US.TN.MG,135,1,
Marion County,US.TX.MN,135,9,
Scott County,US.TN.SC,134,2,
Randolph County,US.IN.RA,134,5,
Washington County,US.NE.WS,134,1,
Sanpete County,US.UT.SP,134,0,
Latah County,US.ID.LA,133,0,
New Kent County,US.VA.NK,133,1,
Hutchinson County,US.TX.UT,133,3,
Butler County,US.IA.BE,132,2,
Lee County,US.IA.LE,132,4,
Perry County,US.PA.PE,132,5,
Gogebic County,US.MI.GO,132,1,
Delta County,US.CO.DT,132,1,
Grays Harbor County,US.WA.GY,132,3,
Pine County,US.MN.PN,132,0,
Williamsburg City,US.VA.WL,132,6,
Morris County,US.TX.MR,131,3,
Twiggs County,US.GA.TG,131,4,
McCormick County,US.SC.MC,131,2,
Grant County,US.WV.GA,131,4,
Pike County,US.AR.PE,130,1,
Huntington County,US.IN.HU,130,3,
Greenup County,US.KY.GU,130,1,
Marshall County,US.WV.MH,130,1,
Clinton County,US.NY.CL,130,4,
Montgomery County,US.KY.MM,130,0,
Madison County,US.IA.MD,129,2,
Alpena County,US.MI.AP,129,13,
Lampasas County,US.TX.LP,129,4,
Stutsman County,US.ND.SU,129,3,
Clinton County,US.PA.CN,128,5,
Preston County,US.WV.PR,127,4,
Grant County,US.KY.GT,127,6,
Seward County,US.NE.SA,127,1,
Tazewell County,US.VA.TA,127,0,
Tyler County,US.TX.TY,127,2,
Mineral County,US.WV.ML,127,4,
Fayette County,US.OH.FY,127,0,
Grundy County,US.TN.GU,126,2,
Delaware County,US.IA.DA,125,1,
Hancock County,US.IA.HN,125,2,
Henry County,US.OH.HE,125,2,
Routt County,US.CO.RT,125,8,
Murray County,US.MN.MU,125,1,
Sharp County,US.AR.SH,125,5,
Humboldt County,US.IA.HU,125,1,
Washington County,US.MO.WS,124,1,
Adams County,US.IN.AD,124,2,
Lyon County,US.IA.LY,124,2,
Marion County,US.KY.MN,124,0,
Greene County,US.PA.GR,123,1,
Harrison County,US.KY.HS,123,0,
Hocking County,US.OH.HC,123,9,
Waushara County,US.WI.WS,122,1,
Wythe County,US.VA.WY,122,3,
Mifflin County,US.PA.MI,122,1,
Coosa County,US.AL.CS,122,3,
Guernsey County,US.OH.GU,121,7,
Newton County,US.IN.NE,121,10,
Pocahontas County,US.IA.PC,121,2,
Klickitat County,US.WA.KL,121,3,
Franklin County,US.VT.FR,120,7,
Whitman County,US.WA.WI,120,0,
Jackson County,US.AR.JA,120,1,
Belknap County,US.NH.BE,120,4,
Ray County,US.MO.RY,119,0,
Pottawatomie County,US.KS.PT,119,0,
Swain County,US.NC.SW,119,2,
Chippewa County,US.MN.CP,119,1,
Marshall County,US.OK.MH,119,1,
Yoakum County,US.TX.YA,119,3,
Otsego County,US.NY.OO,118,4,
Wyoming County,US.NY.WM,118,5,
Lincoln County,US.KY.LN,118,2,
Goliad County,US.TX.GI,117,6,
Sequatchie County,US.TN.SQ,117,1,
Newton County,US.TX.NE,116,4,
Benton County,US.MO.BN,116,2,
Snyder County,US.PA.SN,116,2,
Meigs County,US.TN.ME,115,0,
Blanco County,US.TX.BC,115,5,
Richland County,US.ND.RI,115,1,
Cleveland County,US.AR.CV,115,2,
Carroll County,US.OH.CO,115,5,
Floyd County,US.KY.FO,114,2,
Stevens County,US.WA.ST,114,1,
Boone County,US.WV.BN,114,0,
Harrison County,US.IA.HR,114,1,
Taos County,US.NM.TA,114,1,
Phelps County,US.MO.PH,114,0,
Montezuma County,US.CO.MZ,113,5,
Owen County,US.IN.OW,113,1,
Hancock County,US.WV.HN,112,0,
Clayton County,US.IA.CT,112,3,
Walsh County,US.ND.WL,112,0,
Crawford County,US.GA.CW,112,0,
Edmonson County,US.KY.ED,112,12,
Scott County,US.VA.SC,112,3,
Delta County,US.MI.DE,111,3,
Sanilac County,US.MI.SL,111,6,
Ouachita County,US.AR.OU,111,3,
Pushmataha County,US.OK.PU,111,0,
Siskiyou County,US.CA.SK,111,0,
Floyd County,US.VA.FO,111,2,
Cherokee County,US.IA.CE,110,1,
Buffalo County,US.SD.BF,109,3,
Door County,US.WI.DO,109,3,
Charles Mix County,US.SD.CH,109,0,
Hart County,US.KY.HT,109,0,
Elbert County,US.CO.EB,109,2,
Crawford County,US.MI.CF,108,5,
Essex County,US.VA.ES,108,1,
Prairie County,US.AR.PR,107,0,
Delaware County,US.NY.DE,107,4,
Newton County,US.AR.NW,107,10,
Saguache County,US.CO.SG,106,2,
Montour County,US.PA.MO,106,3,
Cheshire County,US.NH.CH,106,3,
Del Norte County,US.CA.DE,106,13,
Carbon County,US.WY.CB,106,1,
Grafton County,US.NH.GR,106,1,
Fentress County,US.TN.FE,106,0,
Inyo County,US.CA.IN,106,3,
Windham County,US.VT.WH,105,3,
Carter County,US.KY.CR,104,2,
Sumner County,US.KS.SU,104,3,
Winneshiek County,US.IA.WH,104,1,
Humboldt County,US.NV.HU,104,4,
Silver Bow County,US.MT.SI,104,0,
Mason County,US.MI.MN,104,0,
Moultrie County,US.IL.MI,103,0,
Columbia County,US.OR.CL,103,1,
Carroll County,US.MO.CL,102,0,
Taylor County,US.GA.TY,102,3,
Meade County,US.KY.MA,102,3,
Grant County,US.KS.GT,102,2,
Lincoln County,US.WY.LI,101,0,
Pulaski County,US.IL.PL,101,1,
Rutland County,US.VT.RU,101,1,
Garza County,US.TX.GR,101,3,
Wheeler County,US.GA.WL,101,1,
Hamilton County,US.NE.HM,101,12,
Ochiltree County,US.TX.OC,100,2,
Tyrrell County,US.NC.TY,100,2,
Rush County,US.IN.RU,100,4,
Page County,US.IA.PG,100,0,
King William County,US.VA.KW,100,2,
Lake County,US.SD.LK,100,3,
Clay County,US.GA.CY,100,2,
Taylor County,US.IA.TY,100,0,
Monroe County,US.KY.MO,99,2,
Jones County,US.NC.JN,99,4,
Avery County,US.NC.AV,99,0,
Davison County,US.SD.DV,99,1,
Kossuth County,US.IA.KO,99,0,
Bandera County,US.TX.BA,98,3,
Iowa County,US.IA.IO,98,1,
Appomattox County,US.VA.AP,98,0,
Morrison County,US.MN.MR,97,1,
Crawford County,US.MO.CF,97,0,
Lincoln County,US.WV.LI,97,0,
Hughes County,US.SD.HG,97,3,
Fulton County,US.KY.FU,97,2,
Cortland County,US.NY.CD,97,1,
Wabasha County,US.MN.WB,97,0,
Meade County,US.SD.MD,97,1,
Jay County,US.IN.JY,97,0,
Ward County,US.TX.WD,96,1,
Washington County,US.KY.WS,96,0,
Latimer County,US.OK.LA,96,2,
Washakie County,US.WY.WA,96,5,
Monroe County,US.OH.ME,96,18,
Carroll County,US.NH.CA,95,1,
Winnebago County,US.IA.WB,95,0,
Andrew County,US.MO.AN,95,1,
Teton County,US.ID.TE,95,0,
Greenbrier County,US.WV.GE,94,3,
Tensas Parish,US.LA.TN,94,0,
Mills County,US.IA.ML,94,1,
Shelby County,US.IL.SB,94,2,
Iowa County,US.WI.IO,93,0,
Faribault County,US.MN.FA,93,0,
Gage County,US.NE.GG,93,4,
Coos County,US.OR.CO,93,0,
Sioux County,US.ND.SI,93,1,
Fairfax city,US.VA.FC,93,7,
Adams County,US.WI.AD,93,2,
Seneca County,US.NY.SC,93,1,
Fayette County,US.IA.FT,93,0,
Clinton County,US.MO.CO,93,0,
Hartley County,US.TX.HL,93,0,
Palo Alto County,US.IA.PO,93,0,
Fremont County,US.ID.FE,92,0,
Brown County,US.MN.BR,92,2,
Morgan County,US.MO.MG,92,0,
Rio Grande County,US.CO.RG,92,2,
Henry County,US.MO.HE,92,3,
McKenzie County,US.ND.MK,92,2,
Monona County,US.IA.MO,92,0,
Sawyer County,US.WI.SW,92,0,
Bennington County,US.VT.BE,92,1,
San Miguel County,US.CO.SM,92,0,
Albany County,US.WY.AL,92,0,
Craig County,US.OK.CG,92,1,
Franklin County,US.TX.FK,92,2,
Floyd County,US.TX.FY,92,6,
Perquimans County,US.NC.PQ,92,2,
Bradford County,US.PA.BF,92,3,
Webster County,US.KY.WE,91,1,
Bourbon County,US.KY.BU,91,1,
Hansford County,US.TX.HF,91,2,
Hamilton County,US.TX.HM,91,3,
Bristol city,US.VA.BI,91,0,
Clark County,US.IL.CK,91,2,
Lyman County,US.SD.LY,91,3,
McLean County,US.ND.ML,90,0,
Pulaski County,US.VA.PU,90,3,
Eastland County,US.TX.EA,90,1,
Cass County,US.IA.CS,90,1,
Garrard County,US.KY.GR,90,0,
Hidalgo County,US.NM.HI,90,0,
Real County,US.TX.RL,90,1,
Llano County,US.TX.LL,90,1,
Noble County,US.OK.NB,89,2,
Duchesne County,US.UT.DU,89,0,
York County,US.NE.YO,89,0,
Douglas County,US.MO.DO,89,2,
Calhoun County,US.IA.CO,89,2,
Anderson County,US.KY.AN,89,1,
Warren County,US.GA.WR,89,1,
Rock County,US.MN.RC,89,0,
Jefferson County,US.KS.JF,89,0,
Clatsop County,US.OR.CT,88,0,
Jefferson County,US.IA.JE,88,0,
Meeker County,US.MN.ME,88,2,
Rowan County,US.KY.RW,88,0,
Winkler County,US.TX.WI,88,1,
Sac County,US.IA.SA,87,0,
Mercer County,US.KY.MC,87,0,
Glacier County,US.MT.GC,87,1,
Hampshire County,US.WV.HM,86,1,
Osceola County,US.IA.OS,86,0,
Rolette County,US.ND.RO,86,0,
Sevier County,US.UT.SE,86,1,
Gentry County,US.MO.GT,86,9,
Perry County,US.TN.PE,86,0,
Clay County,US.TN.CY,86,0,
Sibley County,US.MN.SI,86,2,
Ravalli County,US.MT.RA,85,2,
Phillips County,US.MT.PH,85,0,
Gallia County,US.OH.GA,85,2,
Grundy County,US.IA.GN,85,1,
Clarion County,US.PA.CL,84,2,
Madison County,US.MT.MA,84,1,
Hancock County,US.TN.HC,84,2,
Rockcastle County,US.KY.RC,84,0,
Crawford County,US.WI.CR,84,0,
Lewis County,US.KY.LI,84,1,
Pulaski County,US.IN.PL,84,1,
Somervell County,US.TX.SV,84,0,
Uintah County,US.UT.UN,83,0,
Greer County,US.OK.GE,83,8,
Amelia County,US.VA.AI,83,2,
Ramsey County,US.ND.RM,83,2,
Buchanan County,US.VA.BH,83,1,
Koochiching County,US.MN.KO,83,3,
Atchison County,US.KS.AT,83,0,
Roberts County,US.SD.RO,83,1,
Montague County,US.TX.MU,83,2,
Swisher County,US.TX.SW,82,2,
Gallatin County,US.KY.GL,82,7,
Jackson County,US.MN.JA,81,0,
Stewart County,US.TN.SA,81,0,
Churchill County,US.NV.CH,81,1,
Union County,US.IA.UN,81,1,
Atoka County,US.OK.AT,81,0,
Haskell County,US.OK.HS,81,1,
Lewis County,US.TN.LE,81,1,
Baxter County,US.AR.BA,81,0,
Marquette County,US.WI.MQ,81,1,
Mitchell County,US.IA.ME,81,0,
Pike County,US.OH.PK,81,0,
Breckinridge County,US.KY.BC,80,2,
Bollinger County,US.MO.BI,80,1,
White County,US.IL.WE,80,0,
Mitchell County,US.NC.MI,80,3,
Johnson County,US.KY.JO,80,0,
Benewah County,US.ID.BA,80,1,
Clare County,US.MI.CE,80,3,
Allegany County,US.NY.AL,80,2,
Lake County,US.CO.LK,79,0,
Jackson County,US.OH.JA,79,0,
Love County,US.OK.LV,79,0,
Northumberland County,US.VA.NU,79,3,
Murray County,US.OK.MR,79,0,
Schley County,US.GA.SY,79,1,
Cass County,US.MN.CS,79,3,
Cumberland County,US.VA.CU,79,0,
Stone County,US.AR.ST,79,1,
Iron County,US.WI.IR,78,1,
Bourbon County,US.KS.BB,78,2,
Yancey County,US.NC.YN,78,0,
Currituck County,US.NC.CI,78,0,
Otero County,US.CO.OT,78,6,
Sheridan County,US.WY.SH,78,0,
Lincoln County,US.MT.LN,78,2,
Wilbarger County,US.TX.WG,77,1,
Taylor County,US.WI.TA,77,1,
Gray County,US.KS.GY,77,0,
Fountain County,US.IN.FO,76,2,
Brown County,US.IN.BR,76,2,
Okfuskee County,US.OK.OF,76,1,
Johnson County,US.IL.JH,76,0,
Wayne County,US.KY.WY,76,0,
Mercer County,US.IL.ME,76,4,
Randolph County,US.MO.RN,76,1,
Camden County,US.NC.CD,76,2,
Juab County,US.UT.JU,76,1,
Hancock County,US.IL.HC,76,1,
Socorro County,US.NM.SO,75,6,
Monroe County,US.IA.MR,75,8,
Jefferson County,US.PA.JE,75,1,
Carbon County,US.MT.CB,75,0,
Todd County,US.SD.TO,75,5,
Pennington County,US.MN.PI,75,1,
Moore County,US.TN.MO,74,0,
Leelanau County,US.MI.LE,74,0,
Addison County,US.VT.AD,74,2,
Paulding County,US.OH.PA,74,0,
Lynn County,US.TX.LY,74,4,
Clay County,US.NC.CY,74,1,
Windsor County,US.VT.WS,74,2,
Mille Lacs County,US.MN.MI,73,3,
Union County,US.KY.UN,73,0,
Dallas County,US.MO.DL,73,1,
Madison County,US.VA.MD,73,1,
Knott County,US.KY.KT,73,1,
Clarke County,US.VA.CK,73,0,
Lucas County,US.IA.LU,73,4,
Crowley County,US.CO.CR,73,1,
Fayette County,US.IL.FA,73,3,
Fillmore County,US.MN.FI,73,0,
Pamlico County,US.NC.PM,73,1,
Lincoln County,US.WI.LI,73,0,
Van Wert County,US.OH.VA,73,2,
Scott County,US.AR.SC,72,0,
Wayne County,US.IL.WY,72,2,
Brooke County,US.WV.BO,72,1,
Rockbridge County,US.VA.RB,72,1,
Grant County,US.NM.GR,72,2,
Emmet County,US.MI.EM,72,2,
Carroll County,US.IL.CL,72,4,
Mecosta County,US.MI.MT,71,2,
Valley County,US.ID.VA,71,1,
Osceola County,US.MI.OE,71,0,
Wexford County,US.MI.WE,71,4,
Barton County,US.MO.BT,71,0,
Monroe County,US.AR.ME,71,0,
Coffey County,US.KS.CF,70,8,
Mason County,US.WV.MN,70,1,
Crane County,US.TX.CR,70,2,
Kit Carson County,US.CO.KT,70,3,
Mitchell County,US.TX.MH,70,1,
Vernon County,US.WI.VE,70,0,
Langlade County,US.WI.LN,70,1,
Baker County,US.GA.BR,70,3,
Wright County,US.MO.WG,70,0,
Vilas County,US.WI.VI,69,0,
Bond County,US.IL.BN,69,3,
Schoharie County,US.NY.SO,69,2,
Greene County,US.IL.GE,69,0,
Washington County,US.IL.WG,69,1,
Beaverhead County,US.MT.BE,68,0,
Adams County,US.OH.AD,68,2,
Cuming County,US.NE.CM,68,0,
Powell County,US.KY.PO,68,0,
Worth County,US.IA.WT,68,0,
Venango County,US.PA.VE,67,0,
Pike County,US.IN.PI,67,0,
Dallas County,US.AR.DA,67,1,
Neosho County,US.KS.NO,67,0,
Sutton County,US.TX.ST,67,1,
Renville County,US.MN.RN,67,5,
Beckham County,US.OK.BC,67,1,
Kearney County,US.NE.KA,67,0,
Ste. Genevieve County,US.MO.SG,66,1,
Blackford County,US.IN.BL,66,2,
Macon County,US.MO.MN,66,0,
Dukes County,US.MA.DU,66,0,
Kearny County,US.KS.KE,66,1,
Lunenburg County,US.VA.LN,66,1,
Power County,US.ID.PO,66,0,
Jack County,US.TX.JK,66,0,
Piatt County,US.IL.PA,66,0,
Meigs County,US.OH.MS,66,0,
Crosby County,US.TX.CB,65,1,
McDowell County,US.WV.MC,65,0,
Rosebud County,US.MT.RS,65,1,
Martin County,US.TX.MT,65,5,
Howard County,US.MO.HR,65,0,
Larue County,US.KY.LR,65,1,
Reagan County,US.TX.RG,65,3,
Jim Hogg County,US.TX.JG,65,2,
Benton County,US.IN.BE,64,0,
Livingston County,US.MO.LV,64,0,
Fleming County,US.KY.FE,64,0,
Metcalfe County,US.KY.MT,64,2,
Owen County,US.KY.OE,64,0,
Buena Vista city,US.VA.BE,64,1,
Izard County,US.AR.IZ,64,1,
Mariposa County,US.CA.MP,64,2,
Wyoming County,US.PA.WM,63,8,
Yuma County,US.CO.YU,63,0,
Radford city,US.VA.RD,63,0,
Cumberland County,US.KY.CU,63,0,
Morrill County,US.NE.MO,63,0,
Ohio County,US.IN.OH,63,6,
Gladwin County,US.MI.GL,63,2,
Texas County,US.MO.TE,63,1,
Letcher County,US.KY.LT,63,0,
Butler County,US.NE.BE,63,0,
Falls Church city,US.VA.FU,63,6,
Lawrence County,US.SD.LW,63,0,
Wayne County,US.MO.WY,63,0,
Houston County,US.TN.HO,63,0,
Vermillion County,US.IN.VE,62,0,
Merrick County,US.NE.ME,62,0,
Waldo County,US.ME.WL,62,14,
Park County,US.MT.PA,62,0,
Nowata County,US.OK.NW,62,1,
Montgomery County,US.IA.MG,62,4,
Davis County,US.IA.DV,62,2,
Prowers County,US.CO.PR,62,0,
Sabine County,US.TX.SB,62,6,
Knox County,US.TX.KX,62,4,
Alleghany County,US.VA.AL,62,4,
Torrance County,US.NM.TO,62,1,
Hardy County,US.WV.HD,62,0,
Kane County,US.UT.KA,61,1,
Jackson County,US.WI.JA,61,1,
Jasper County,US.IL.JS,61,7,
Cumberland County,US.IL.CU,61,3,
Custer County,US.MT.CU,61,2,
Chickasaw County,US.IA.CC,61,0,
Taylor County,US.WV.TA,61,1,
Lincoln County,US.ID.LI,61,0,
Lincoln County,US.MN.LI,61,0,
Green Lake County,US.WI.GL,61,0,
Traill County,US.ND.TR,60,0,
Ripley County,US.MO.RI,60,0,
Harrison County,US.MO.HS,60,1,
Forest County,US.WI.FR,60,4,
Menard County,US.IL.MN,60,0,
Mason County,US.IL.MS,60,0,
Mason County,US.TX.MA,60,0,
Meade County,US.KS.ME,59,0,
Switzerland County,US.IN.SW,59,0,
Tillman County,US.OK.TI,59,1,
Dickinson County,US.MI.DI,59,2,
Nelson County,US.VA.NL,59,0,
Lafayette County,US.AR.LF,59,2,
Valdez-Cordova Census Area,US.AK.VA,59,0,
Vernon County,US.MO.VE,59,0,
Marion County,US.KS.MN,59,1,
Skamania County,US.WA.SM,58,1,
Yates County,US.NY.YA,58,6,
Trigg County,US.KY.TG,58,0,
Sagadahoc County,US.ME.SA,58,0,
Parke County,US.IN.PA,58,1,
Swift County,US.MN.SW,57,1,
Grant County,US.MN.GR,57,4,
Washington County,US.VT.WA,57,2,
Roscommon County,US.MI.RO,57,2,
Greenlee County,US.AZ.GE,57,2,
Dewey County,US.SD.DW,57,0,
Ford County,US.IL.FO,57,2,
Essex County,US.NY.ES,57,0,
Dixon County,US.NE.DI,57,2,
Jefferson County,US.WA.JE,57,0,
Hickman County,US.KY.HA,57,0,
Otoe County,US.NE.OT,57,0,
Charlotte County,US.VA.CT,56,0,
Mason County,US.KY.MS,56,1,
Carbon County,US.UT.CR,56,0,
Oxford County,US.ME.OX,56,0,
Turner County,US.SD.TU,56,0,
Perry County,US.AR.PY,55,0,
Osage County,US.MO.OS,55,1,
McCulloch County,US.TX.MC,55,1,
Caldwell County,US.KY.CD,55,0,
Pacific County,US.WA.PA,55,2,
Yukon-Koyukuk Census Area,US.AK.YU,55,1,
Lawrence County,US.IL.LW,55,0,
Howard County,US.NE.HW,55,5,
Bates County,US.MO.BS,54,1,
Garrett County,US.MD.GA,54,0,
Franklin County,US.NY.FR,54,1,
Cheboygan County,US.MI.CY,54,2,
Green County,US.KY.GN,54,2,
Grand County,US.CO.GR,54,1,
Ogemaw County,US.MI.OG,54,3,
Lewis County,US.MO.LE,54,1,
Rains County,US.TX.RI,54,1,
Kalkaska County,US.MI.KK,54,4,
Scott County,US.KS.SC,54,0,
Howard County,US.IA.HO,54,0,
Elk County,US.PA.EL,54,2,
Roseau County,US.MN.RS,53,0,
Yellow Medicine County,US.MN.YE,53,0,
Custer County,US.NE.CU,53,4,
Charles City County,US.VA.CC,53,5,
Houghton County,US.MI.HO,53,0,
Appanoose County,US.IA.AP,53,3,
Van Buren County,US.AR.VA,53,2,
Johnston County,US.OK.JO,53,0,
Martin County,US.IN.MN,53,0,
Kauai County,US.HI.KU,53,0,
Franklin County,US.ID.FA,52,0,
Baker County,US.OR.BA,52,0,
Grand County,US.UT.GR,52,1,
Hancock County,US.KY.HC,52,0,
Boise County,US.ID.BS,52,1,
Lander County,US.NV.LA,52,1,
Haskell County,US.TX.HK,51,0,
Callahan County,US.TX.AL,51,3,
Gallatin County,US.IL.GA,51,2,
San Miguel County,US.NM.SM,51,0,
Hyde County,US.NC.HE,51,0,
Charlevoix County,US.MI.CV,51,2,
Crook County,US.OR.CR,51,1,
Surry County,US.VA.SR,51,2,
Nemaha County,US.KS.NM,50,1,
Pendleton County,US.KY.PN,50,0,
Crawford County,US.IN.CW,50,0,
Middlesex County,US.VA.MI,50,1,
Childress County,US.TX.CD,50,0,
Washington County,US.CO.WA,50,0,
Carlisle County,US.KY.CE,50,1,
Clay County,US.NE.CL,50,0,
Linn County,US.KS.LN,50,0,
Houston County,US.MN.HO,49,0,
Haskell County,US.KS.HS,49,0,
Ralls County,US.MO.RL,49,0,
Garfield County,US.UT.GA,49,2,
Dickenson County,US.VA.DC,49,1,
McCreary County,US.KY.MR,49,0,
Morgan County,US.UT.MN,49,0,
Donley County,US.TX.DO,49,0,
Magoffin County,US.KY.MF,49,0,
Gates County,US.NC.GT,49,2,
Madison County,US.NC.MD,49,1,
Wabash County,US.IL.WB,49,0,
Presidio County,US.TX.PS,49,4,
Hill County,US.MT.HI,48,2,
Washburn County,US.WI.WR,48,0,
Stephens County,US.TX.SE,48,3,
Pope County,US.MN.PE,48,0,
Richland County,US.MT.RI,48,2,
Nemaha County,US.NE.NE,48,0,
Phillips County,US.KS.PL,48,8,
Lewis County,US.NY.LE,47,5,
Franklin County,US.ME.FR,47,1,
Brown County,US.KS.BR,47,0,
Fulton County,US.AR.FU,47,0,
Woodward County,US.OK.WW,47,0,
Dickinson County,US.KS.DK,47,1,
Osage County,US.KS.OS,47,0,
Arenac County,US.MI.AR,47,3,
Pend Oreille County,US.WA.PE,46,0,
Chase County,US.KS.CS,46,0,
Graham County,US.NC.GH,46,0,
Stevens County,US.KS.SV,46,0,
Doniphan County,US.KS.DP,46,0,
Wyoming County,US.WV.WY,46,2,
Brule County,US.SD.BU,46,0,
Clark County,US.KS.CA,45,1,
Clay County,US.TX.CY,45,1,
Fremont County,US.IA.FO,45,0,
Rappahannock County,US.VA.RP,45,2,
Buffalo County,US.WI.BF,45,2,
Burt County,US.NE.BT,45,0,
Blaine County,US.OK.BL,45,0,
Thomas County,US.KS.TH,45,0,
Lancaster County,US.VA.LA,45,0,
Toole County,US.MT.TO,44,6,
McLean County,US.KY.ML,44,1,
Sherman County,US.TX.SN,44,0,
Quay County,US.NM.QU,44,1,
Wetzel County,US.WV.WT,44,0,
Poquoson city,US.VA.PQ,44,0,
Shannon County,US.MO.SN,44,1,
Montgomery County,US.MO.MM,44,0,
Hemphill County,US.TX.HH,44,0,
Chippewa County,US.MI.CP,44,0,
Northwest Arctic Borough,US.AK.NW,44,0,
Sullivan County,US.NH.SU,44,1,
Van Buren County,US.TN.VA,43,0,
Wabaunsee County,US.KS.WB,43,0,
Lamoille County,US.VT.LA,43,1,
Coal County,US.OK.CL,43,0,
Pepin County,US.WI.PE,43,0,
Hamilton County,US.KS.HM,43,0,
Massac County,US.IL.MA,43,0,
Pendleton County,US.WV.PE,42,1,
Fulton County,US.IL.FU,42,0,
Greene County,US.IA.GE,42,0,
Park County,US.CO.PA,42,1,
Union County,US.IN.UN,42,0,
King and Queen County,US.VA.KA,42,1,
Pocahontas County,US.WV.PO,42,0,
Manistee County,US.MI.ME,42,1,
Phelps County,US.NE.PH,42,0,
Shelby County,US.MO.SB,42,0,
Antrim County,US.MI.AN,42,0,
Missaukee County,US.MI.MU,42,1,
Aitkin County,US.MN.AI,42,1,
Coke County,US.TX.OK,42,2,
Lemhi County,US.ID.LM,41,0,
Tioga County,US.PA.TI,41,3,
Martin County,US.KY.MI,41,0,
McIntosh County,US.ND.MI,41,2,
Corson County,US.SD.CO,41,0,
Holt County,US.MO.HL,41,0,
Cloud County,US.KS.CD,41,1,
Cedar County,US.MO.CD,41,0,
Bath County,US.KY.BH,41,1,
Norman County,US.MN.NR,40,0,
Nicholas County,US.WV.NI,40,1,
Stanton County,US.KS.ST,40,0,
Montgomery County,US.AR.MT,40,1,
Sublette County,US.WY.SU,40,0,
Archuleta County,US.CO.AC,40,0,
Pickett County,US.TN.PI,40,1,
Keokuk County,US.IA.KE,40,1,
Hancock County,US.ME.HA,40,1,
Clinton County,US.KY.CO,40,1,
DeKalb County,US.MO.DE,40,1,
De Witt County,US.IL.DW,39,0,
Barnes County,US.ND.BA,39,0,
Knox County,US.NE.KN,39,0,
Webster County,US.GA.WT,39,2,
Beaver County,US.OK.BA,39,0,
Jerauld County,US.SD.JE,39,1,
Plumas County,US.CA.PU,39,0,
Aurora County,US.SD.AU,39,0,
Rice County,US.KS.RC,39,0,
Wayne County,US.NE.WY,38,0,
Upshur County,US.WV.UP,38,0,
Ketchikan Gateway Borough,US.AK.KG,38,0,
Adair County,US.IA.AI,38,0,
Boundary County,US.ID.BD,38,0,
Van Buren County,US.IA.VA,38,1,
Major County,US.OK.MJ,38,1,
Linn County,US.MO.LN,38,1,
Ballard County,US.KY.BA,37,0,
Nantucket County,US.MA.NA,37,1,
Pierce County,US.NE.PI,37,0,
Custer County,US.SD.CU,37,0,
Goshen County,US.WY.GO,37,0,
Lawrence County,US.KY.LC,37,0,
Redwood County,US.MN.RW,37,0,
Big Horn County,US.WY.BI,37,0,
Bracken County,US.KY.BK,37,0,
Richland County,US.WI.RI,37,4,
Kanabec County,US.MN.KA,37,2,
Hubbard County,US.MN.HU,37,0,
Hickory County,US.MO.HC,37,0,
Ottawa County,US.KS.OT,37,0,
Griggs County,US.ND.GI,37,1,
Alexander County,US.IL.AL,37,0,
Livingston County,US.KY.LV,36,1,
Schleicher County,US.TX.SH,36,1,
Caldwell County,US.MO.CW,36,1,
Crawford County,US.IL.CW,35,0,
Somerset County,US.ME.SO,35,1,
Lexington city,US.VA.LX,35,0,
Marshall County,US.IL.MH,35,0,
Lincoln County,US.ME.LI,35,1,
Benzie County,US.MI.BE,35,1,
Tillamook County,US.OR.TI,35,0,
Wheeler County,US.TX.WL,35,0,
Hudspeth County,US.TX.HU,35,2,
Wilkin County,US.MN.WL,35,3,
Knox County,US.MO.KN,35,0,
Ziebach County,US.SD.ZI,35,0,
Pratt County,US.KS.PR,35,0,
Trimble County,US.KY.TM,34,0,
Monroe County,US.MO.MR,34,0,
Idaho County,US.ID.ID,34,0,
Gasconade County,US.MO.GA,34,0,
Todd County,US.KY.TO,34,0,
Mercer County,US.ND.ME,34,0,
Caribou County,US.ID.CR,34,0,
McKean County,US.PA.MC,34,1,
Edgar County,US.IL.EG,34,0,
Moody County,US.SD.MO,33,0,
Aroostook County,US.ME.AR,33,1,
Hamilton County,US.IL.HM,33,0,
Concho County,US.TX.ON,33,0,
Jefferson County,US.OK.JE,33,0,
Ida County,US.IA.ID,33,0,
Marion County,US.AR.MN,33,0,
Morgan County,US.KY.MG,33,0,
Asotin County,US.WA.AS,33,2,
Leslie County,US.KY.LS,33,0,
Coleman County,US.TX.CM,33,0,
Guadalupe County,US.NM.GU,32,0,
Bayfield County,US.WI.BY,32,1,
Moffat County,US.CO.MF,32,1,
Stanton County,US.NE.ST,32,0,
Morgan County,US.WV.MA,32,0,
Breathitt County,US.KY.BT,32,0,
Harmon County,US.OK.HM,32,0,
Price County,US.WI.PC,32,0,
Searcy County,US.AR.SA,32,0,
Morgan County,US.OH.MA,32,0,
Cochran County,US.TX.CC,32,0,
Lake County,US.OR.LK,32,0,
McCook County,US.SD.MC,32,1,
Lyon County,US.KY.LY,32,4,
Vinton County,US.OH.VI,32,2,
Pike County,US.IL.PK,32,0,
Clay County,US.IL.CY,32,0,
Sierra County,US.NM.SI,32,1,
Scott County,US.IL.SO,32,0,
Crittenden County,US.KY.CT,32,1,
Washita County,US.OK.WT,32,0,
Keith County,US.NE.KT,32,0,
Grant County,US.SD.GA,31,0,
Quitman County,US.GA.QU,31,1,
Barbour County,US.WV.BB,31,1,
Cavalier County,US.ND.CV,31,0,
Republic County,US.KS.RP,31,0,
Kiowa County,US.OK.KO,31,1,
Dunn County,US.ND.DU,31,0,
Converse County,US.WY.CE,31,0,
Archer County,US.TX.AC,31,0,
Beaver County,US.UT.BV,31,0,
Clear Creek County,US.CO.CL,31,1,
Bland County,US.VA.BL,30,0,
Union County,US.NM.UN,30,2,
Edwards County,US.TX.ED,30,0,
Lincoln County,US.WA.LI,30,0,
Jefferson County,US.MT.JE,30,0,
Fisher County,US.TX.FH,30,1,
Madison County,US.MO.MD,30,0,
Marshall County,US.MN.MS,30,0,
Valley County,US.MT.VA,30,0,
Audubon County,US.IA.AU,30,1,
Anderson County,US.KS.AN,30,0,
Grundy County,US.MO.GU,30,1,
Ashland County,US.WI.AS,30,1,
San Juan County,US.WA.SA,30,0,
Hutchinson County,US.SD.HT,29,0,
Roosevelt County,US.MT.RO,29,0,
Faulk County,US.SD.FU,29,1,
Stillwater County,US.MT.ST,29,1,
Dawson County,US.MT.DW,29,0,
Alcona County,US.MI.AC,29,1,
Sitka City and Borough,US.AK.SI,29,0,
Ransom County,US.ND.RN,28,0,
Fulton County,US.PA.FU,28,2,
Giles County,US.VA.GI,28,0,
Wadena County,US.MN.WD,28,0,
Fillmore County,US.NE.FI,28,1,
Lewis County,US.WV.LE,28,2,
Burnett County,US.WI.BN,28,1,
Lake County,US.MI.LK,28,0,
Mitchell County,US.KS.MC,28,0,
Menifee County,US.KY.ME,28,0,
Deer Lodge County,US.MT.DE,28,0,
Caledonia County,US.VT.CA,28,0,
Knox County,US.ME.KN,27,1,
Thayer County,US.NE.TA,27,0,
Mackinac County,US.MI.MK,27,0,
Decatur County,US.IA.DC,27,0,
Mahnomen County,US.MN.MH,27,1,
Pembina County,US.ND.PE,27,0,
Estill County,US.KY.ES,27,0,
Maries County,US.MO.MS,27,0,
Polk County,US.NE.PO,27,0,
Foster County,US.ND.FO,27,0,
Clark County,US.MO.CK,27,0,
Hamlin County,US.SD.HM,27,0,
Conejos County,US.CO.CN,27,0,
Issaquena County,US.MS.IS,27,2,
Cheyenne County,US.NE.CY,27,0,
Oscoda County,US.MI.OO,26,1,
Nelson County,US.ND.NE,26,0,
Menominee County,US.WI.MN,26,0,
San Saba County,US.TX.SS,26,0,
Harrison County,US.OH.HR,26,1,
Spink County,US.SD.SP,26,0,
Mills County,US.TX.MS,26,0,
Glascock County,US.GA.GS,26,1,
Kingman County,US.KS.KM,25,0,
Big Stone County,US.MN.BI,25,0,
Wells County,US.ND.WE,25,0,
Johnson County,US.WY.JO,25,1,
Warren County,US.IN.WN,25,1,
Red Lake County,US.MN.RD,24,0,
Day County,US.SD.DY,24,0,
Richland County,US.IL.RI,24,0,
Edwards County,US.IL.EW,24,0,
Richardson County,US.NE.RI,24,1,
Lake County,US.MN.LE,24,0,
Costilla County,US.CO.CS,24,0,
Ringgold County,US.IA.RI,24,1,
Cedar County,US.NE.CA,24,0,
Mellette County,US.SD.ML,24,0,
Los Alamos County,US.NM.LO,24,0,
Nome Census Area,US.AK.NM,24,0,
Luce County,US.MI.LU,23,0,
St. Clair County,US.MO.SC,23,0,
Greenwood County,US.KS.GW,23,0,
Bethel Census Area,US.AK.BE,23,0,
Hot Springs County,US.WY.HO,23,0,
Norton County,US.KS.NT,23,0,
Burke County,US.ND.BK,23,0,
Woodruff County,US.AR.WO,23,0,
Iron County,US.MO.IR,23,0,
Hanson County,US.SD.HS,22,0,
Ferry County,US.WA.FE,22,0,
Schuyler County,US.NY.SU,22,0,
Warren County,US.PA.WR,22,1,
Adams County,US.ID.AM,22,0,
Hardeman County,US.TX.RD,22,0,
Clay County,US.KS.CY,22,2,
Fall River County,US.SD.FL,22,0,
Lipscomb County,US.TX.LM,22,0,
Stevens County,US.MN.SV,22,0,
Norton city,US.VA.NC,22,0,
Allen County,US.KS.AL,22,0,
Bottineau County,US.ND.BT,22,0,
Cotton County,US.OK.CT,21,2,
Rusk County,US.WI.RU,21,1,
Carter County,US.MO.CR,21,1,
Woods County,US.OK.WS,21,0,
McHenry County,US.ND.MH,21,1,
Matthews County,US.VA.MT,21,0,
Chariton County,US.MO.CI,21,0,
Ontonagon County,US.MI.ON,21,0,
Kinney County,US.TX.KN,21,0,
Presque Isle County,US.MI.PR,21,1,
Potter County,US.PA.PO,21,0,
Bear Lake County,US.ID.BK,21,0,
Ellsworth County,US.KS.EW,21,0,
Culberson County,US.TX.UL,21,2,
Harper County,US.KS.HP,21,0,
Wayne County,US.IA.WY,21,1,
Henderson County,US.IL.HD,21,0,
Oregon County,US.MO.OR,21,0,
Gosper County,US.NE.GO,20,0,
North Slope Borough,US.AK.NH,20,0,
Nicholas County,US.KY.NI,20,0,
Rio Blanco County,US.CO.RB,20,0,
Tripp County,US.SD.TR,20,0,
Antelope County,US.NE.AN,20,1,
Monroe County,US.WV.ME,20,0,
Iron County,US.MI.IR,20,1,
Wallowa County,US.OR.WW,20,1,
Perkins County,US.NE.PE,19,7,
Atchison County,US.MO.AT,19,0,
Daviess County,US.MO.DV,19,0,
Emmons County,US.ND.EM,19,1,
Russell County,US.KS.RS,19,0,
Fergus County,US.MT.FE,19,0,
Edmunds County,US.SD.ED,19,0,
Roane County,US.WV.RO,19,1,
Shackelford County,US.TX.SC,19,0,
Craig County,US.VA.CG,19,0,
Noble County,US.OH.NO,19,0,
Douglas County,US.SD.DO,19,0,
Phillips County,US.CO.PH,19,0,
Kidder County,US.ND.KI,19,0,
Rooks County,US.KS.RO,18,0,
Dent County,US.MO.DN,18,0,
Butte County,US.SD.BT,18,1,
Gilmer County,US.WV.GI,18,0,
Mineral County,US.CO.MI,18,0,
Jefferson County,US.NE.JE,18,0,
Menard County,US.TX.EN,18,0,
Colfax County,US.NM.CO,18,1,
Red Willow County,US.NE.RE,18,0,
Hardin County,US.IL.HI,18,0,
Granite County,US.MT.GN,18,0,
Cottle County,US.TX.OT,18,2,
Walworth County,US.SD.WA,18,0,
Las Animas County,US.CO.LS,18,0,
Schuyler County,US.IL.SU,18,0,
Eddy County,US.ND.ED,18,0,
Clay County,US.WV.CY,18,1,
Graham County,US.KS.GH,18,0,
Delta County,US.TX.DT,17,0,
Sherman County,US.KS.SH,17,0,
Alger County,US.MI.AG,17,0,
Dade County,US.MO.DD,17,0,
Curry County,US.OR.CU,17,0,
Summers County,US.WV.SU,17,0,
Gilpin County,US.CO.GI,17,0,
Calhoun County,US.AR.CA,17,0,
Carson County,US.TX.CN,17,0,
Grant County,US.OK.GN,17,0,
Clearwater County,US.ID.CE,17,0,
Southeast Fairbanks Census Area,US.AK.SO,17,0,
Clark County,US.SD.CK,17,0,
Coos County,US.NH.CO,17,0,
Adams County,US.IA.AM,17,0,
Orange County,US.VT.OA,16,0,
Upton County,US.TX.UP,16,1,
Steele County,US.ND.SE,16,0,
Oneida County,US.ID.ON,16,0,
Emery County,US.UT.EM,16,0,
Edwards County,US.KS.ED,16,0,
Scotland County,US.MO.SO,16,1,
LaMoure County,US.ND.LA,16,0,
White Pine County,US.NV.WH,16,1,
Ozark County,US.MO.OZ,16,0,
Wolfe County,US.KY.WL,16,0,
Kimble County,US.TX.KM,16,1,
Reynolds County,US.MO.RE,16,0,
Sherman County,US.OR.SH,16,0,
Orleans County,US.VT.OL,15,0,
Bon Homme County,US.SD.BH,15,0,
Stanley County,US.SD.ST,15,0,
Teton County,US.MT.TE,15,0,
Traverse County,US.MN.TR,15,0,
Owsley County,US.KY.OS,15,0,
Kimball County,US.NE.KB,15,0,
Taliaferro County,US.GA.TA,15,0,
Pierce County,US.ND.PI,15,0,
Baca County,US.CO.BA,15,0,
Hall County,US.TX.HA,15,1,
Brown County,US.IL.BR,15,0,
Franklin County,US.NE.FA,15,0,
Tyler County,US.WV.TY,15,0,
Mercer County,US.MO.MC,15,0,
Box Butte County,US.NE.BX,15,0,
Miner County,US.SD.ME,15,0,
Furnas County,US.NE.FU,15,1,
Dickey County,US.ND.DC,14,0,
Wilson County,US.KS.WL,14,0,
Blaine County,US.MT.BL,14,0,
Broadwater County,US.MT.BR,14,0,
Kingsbury County,US.SD.KI,14,0,
Oldham County,US.TX.OL,14,1,
Pleasants County,US.WV.PL,14,1,
Marshall County,US.KS.MS,14,0,
Elliott County,US.KY.EL,14,0,
Johnson County,US.NE.JO,14,0,
Holt County,US.NE.HT,14,0,
Clearwater County,US.MN.CE,14,0,
Pershing County,US.NV.PE,14,0,
Washington County,US.ME.WS,14,0,
Ouray County,US.CO.OU,13,1,
Covington city,US.VA.CV,13,0,
Sanborn County,US.SD.SA,13,0,
Putnam County,US.IL.PT,13,0,
Putnam County,US.MO.PN,13,1,
Columbia County,US.WA.CM,13,1,
Baylor County,US.TX.BR,13,0,
Morris County,US.KS.MR,13,0,
Grand Isle County,US.VT.GR,13,0,
Deuel County,US.SD.DU,13,0,
Jewell County,US.KS.JW,13,1,
Schoolcraft County,US.MI.SR,13,0,
Florence County,US.WI.FL,12,0,
Custer County,US.CO.CU,12,0,
Dewey County,US.OK.DW,12,0,
Dawes County,US.NE.DS,12,0,
Forest County,US.PA.FO,12,0,
Briscoe County,US.TX.BO,12,1,
Prince of Wales-Hyder Census Area,US.AK.PH,12,0,
Sheridan County,US.NE.SD,12,0,
Calhoun County,US.IL.CH,12,0,
Marshall County,US.SD.MS,12,0,
Woodson County,US.KS.WO,12,0,
Garfield County,US.MT.GF,12,0,
Collingsworth County,US.TX.CG,12,0,
Sherman County,US.NE.SM,12,0,
Sanders County,US.MT.SA,11,0,
Crook County,US.WY.CK,11,0,
Custer County,US.ID.CU,11,0,
Pope County,US.IL.PE,11,0,
Pondera County,US.MT.PN,11,0,
Hodgeman County,US.KS.HG,11,0,
Harper County,US.OK.HP,11,0,
Sedgwick County,US.CO.SE,11,1,
Harney County,US.OR.HA,11,0,
Mineral County,US.NV.MI,11,0,
Jackson County,US.SD.JA,11,1,
Lake and Peninsula Borough,US.AK.LA,11,0,
Bowman County,US.ND.BW,11,0,
Valley County,US.NE.VA,11,0,
Tucker County,US.WV.TU,11,0,
Chouteau County,US.MT.CH,10,0,
Kodiak Island Borough,US.AK.KO,10,0,
Golden Valley County,US.ND.GO,10,0,
Boone County,US.NE.BO,10,0,
Clark County,US.ID.CA,10,0,
Greeley County,US.NE.GE,10,0,
Sullivan County,US.PA.SL,10,0,
Morton County,US.KS.MT,10,2,
McMullen County,US.TX.MM,10,0,
Schuyler County,US.MO.SH,10,0,
Webster County,US.NE.WE,10,0,
Sargent County,US.ND.SG,10,0,
Hand County,US.SD.HD,10,0,
Rush County,US.KS.RH,10,0,
Renville County,US.ND.RE,10,0,
Bent County,US.CO.BE,9,0,
Cheyenne County,US.CO.CE,9,0,
Roger Mills County,US.OK.RR,9,1,
Worth County,US.MO.WO,9,0,
Comanche County,US.KS.CM,9,0,
Pawnee County,US.NE.PA,9,0,
Lac Qui Parle County,US.MN.LC,9,0,
Irion County,US.TX.IR,9,0,
Sheridan County,US.ND.SH,9,0,
Pawnee County,US.KS.PN,9,0,
Nance County,US.NE.NA,9,0,
Jackson County,US.CO.JA,9,0,
Huerfano County,US.CO.HU,8,1,
Hoonah-Angoon Census Area,US.AK.HH,8,0,
Rich County,US.UT.RH,8,0,
McPherson County,US.SD.MP,8,0,
Hamilton County,US.NY.HA,8,1,
Wrangell City and Borough,US.AK.WG,8,0,
Trinity County,US.CA.TR,8,0,
Lincoln County,US.CO.LI,8,0,
Montmorency County,US.MI.MR,8,0,
Jeff Davis County,US.TX.JF,8,0,
Cameron County,US.PA.CE,8,0,
Braxton County,US.WV.BX,8,0,
Kiowa County,US.KS.KW,8,0,
Kusilvak Census Area,US.AK.WA,8,0,
Armstrong County,US.TX.AM,8,0,
Stafford County,US.KS.SF,7,1,
Gregory County,US.SD.GE,7,0,
Trego County,US.KS.TR,7,1,
Petersburg Census Area,US.AK.PB,7,1,
Hettinger County,US.ND.HE,7,0,
Lake of the Woods County,US.MN.LO,7,0,
Oliver County,US.ND.OL,7,0,
Boyd County,US.NE.BY,7,0,
Stonewall County,US.TX.SA,7,0,
Logan County,US.ND.LO,7,0,
Wirt County,US.WV.WI,7,0,
Ness County,US.KS.NS,7,0,
Sheridan County,US.KS.SD,7,0,
Chase County,US.NE.CE,7,0,
Stark County,US.IL.SA,7,0,
Mora County,US.NM.MO,6,0,
Highland County,US.VA.HA,6,0,
Lee County,US.KY.LE,6,0,
Sierra County,US.CA.SE,6,0,
Calhoun County,US.WV.CH,6,0,
Catron County,US.NM.CA,6,1,
Motley County,US.TX.MY,6,0,
Piscataquis County,US.ME.PI,6,0,
Doddridge County,US.WV.DO,6,0,
Bennett County,US.SD.BN,6,0,
Piute County,US.UT.PT,6,0,
Storey County,US.NV.ST,6,0,
Roberts County,US.TX.RS,6,0,
Platte County,US.WY.PL,6,0,
Essex County,US.VT.ES,6,0,
Lincoln County,US.KS.LC,6,0,
Perkins County,US.SD.PR,6,0,
Chautauqua County,US.KS.CQ,6,0,
Glasscock County,US.TX.GC,6,0,
Nuckolls County,US.NE.NU,6,0,
Cook County,US.MN.CO,6,0,
Lane County,US.KS.LE,6,0,
Kenedy County,US.TX.KE,6,1,
Lincoln County,US.NV.LI,5,0,
Cheyenne County,US.KS.CN,5,0,
Dickens County,US.TX.DC,5,1,
Towner County,US.ND.TO,5,0,
Gove County,US.KS.GO,5,0,
Sioux County,US.NE.SI,5,0,
Aleutians West Census Area,US.AK.AW,5,0,
Decatur County,US.KS.DC,5,0,
Alfalfa County,US.OK.AL,5,0,
Ellis County,US.OK.EL,5,0,
Sheridan County,US.MT.SH,5,0,
Sweet Grass County,US.MT.SW,5,1,
Baraga County,US.MI.BA,5,0,
Wahkiakum County,US.WA.WH,5,0,
Modoc County,US.CA.MC,5,0,
Haines Borough,US.AK.HA,5,0,
McPherson County,US.NE.MC,5,0,
McCone County,US.MT.MC,5,0,
Barber County,US.KS.AB,4,0,
Lewis County,US.ID.LW,4,0,
Bath County,US.VA.BA,4,0,
Musselshell County,US.MT.MU,4,0,
Throckmorton County,US.TX.TH,4,2,
Slope County,US.ND.SL,4,0,
Sully County,US.SD.SU,4,0,
Osborne County,US.KS.OB,4,0,
Meagher County,US.MT.ME,4,0,
Greeley County,US.KS.GL,4,0,
Gilliam County,US.OR.GI,4,0,
Webster County,US.WV.WB,4,0,
Grant County,US.OR.GR,4,0,
Grant County,US.ND.GT,4,0,
Hyde County,US.SD.HY,4,0,
Garfield County,US.WA.GF,4,0,
Garfield County,US.NE.GF,4,0,
Garden County,US.NE.GD,4,0,
Cherry County,US.NE.CH,4,0,
Wichita County,US.KS.WH,4,0,
Eureka County,US.NV.EU,4,0,
Divide County,US.ND.DV,4,0,
Hooker County,US.NE.HO,4,0,
Billings County,US.ND.BI,3,0,
Judith Basin County,US.MT.JU,3,0,
Rock County,US.NE.RO,3,0,
Cimarron County,US.OK.CO,3,0,
Hinsdale County,US.CO.HI,3,0,
Golden Valley County,US.MT.GO,3,0,
Robertson County,US.KY.RB,3,0,
Frontier County,US.NE.FO,3,0,
Daniels County,US.MT.DN,3,0,
Smith County,US.KS.SM,3,0,
Adams County,US.ND.AD,3,0,
Wheatland County,US.MT.WH,3,0,
Campbell County,US.SD.CP,3,0,
Keweenaw County,US.MI.KW,3,0,
Wibaux County,US.MT.WI,3,0,
Kent County,US.TX.KT,3,0,
Kittson County,US.MN.KI,3,0,
Ritchie County,US.WV.RI,3,0,
Thomas County,US.NE.TO,2,0,
Terrell County,US.TX.TL,2,0,
Mineral County,US.MT.MN,2,0,
Foard County,US.TX.FD,2,0,
Wayne County,US.UT.WE,2,0,
Haakon County,US.SD.HA,2,0,
Fallon County,US.MT.FA,2,0,
Harding County,US.SD.HR,2,0,
Niobrara County,US.WY.NI,2,0,
Dillingham Census Area,US.AK.DI,2,0,
Alpine County,US.CA.AP,2,0,
Powell County,US.MT.PL,2,0,
Banner County,US.NE.BA,2,0,
Aleutians East Borough,US.AK.AE,2,0,
Potter County,US.SD.PO,2,0,
Treasure County,US.MT.TR,2,0,
Jones County,US.SD.JO,2,0,
Logan County,US.KS.LG,2,0,
Deuel County,US.NE.DL,2,0,
San Juan County,US.CO.SJ,2,0,
Camas County,US.ID.CM,1,0,
Dundy County,US.NE.DY,1,0,
Elk County,US.KS.EK,1,0,
Dolores County,US.CO.DO,1,0,
Denali Borough,US.AK.DE,1,0,
Arthur County,US.NE.AR,1,0,
Washington County,US.KS.WS,1,0,
Butte County,US.ID.BT,1,0,
Powder River County,US.MT.PD,1,0,
Harding County,US.NM.HA,1,0,
Liberty County,US.MT.LB,1,0,
Brown County,US.NE.BW,1,0,
Sterling County,US.TX.SI,1,0,
Hitchcock County,US.NE.HI,1,0,
Wheeler County,US.NE.WH,1,0,
Harlan County,US.NE.HR,1,0,
Prairie County,US.MT.PR,1,0,
Loup County,US.NE.LU,0,0,
Bristol Bay Borough,US.AK.BR,0,0,
King County,US.TX.KG,0,0,
Skagway Municipality,US.AK.SW,0,0,
Petroleum County,US.MT.PO,0,0,
Logan County,US.NE.LG,0,0,
Blaine County,US.NE.BL,0,0,
Wheeler County,US.OR.WE,0,0,
Borden County,US.TX.BD,0,0,
Loving County,US.TX.LI,0,0,
Hayes County,US.NE.HY,0,0,
De Baca County,US.NM.DE,0,0,
Esmeralda County,US.NV.ES,0,0,
Carter County,US.MT.CT,0,0,
Kiowa County,US.CO.KO,0,0,
Daggett County,US.UT.DG,0,0,
Rawlins County,US.KS.RA,0,0,
Keya Paha County,US.NE.KY,0,0,
Grant County,US.NE.GA,0,0,
Wallace County,US.KS.WA,0,0,
Yakutat City and Borough,US.AK.YA,0,0,
Kalawao County,US.HI.KL,0,0,
