County,hasc,confirmed,death,recovered
Los Angeles County,US.CA.LO,103529,3369,
Cook County,US.IL.CO,90536,4565,
Queens County,US.NY.QU,65391,7057,
Kings County,US.NY.KI,59650,7103,
Maricopa County,US.AZ.MA,48592,771,
Bronx County,US.NY.BN,47598,4759,
Nassau County,US.NY.NA,41780,2182,
Suffolk County,US.NY.SF,41385,1981,
Miami-Dade County,US.FL.DA,36820,991,
Westchester County,US.NY.WE,34838,1425,
Harris County,US.TX.RR,30729,376,
New York County,US.NY.NE,28447,3088,
Middlesex County,US.MA.MI,23962,1851,
Wayne County,US.MI.WY,22767,2720,
Philadelphia County,US.PA.PH,21600,1606,
Dallas County,US.TX.DS,20737,353,
Suffolk County,US.MA.SU,19819,1002,
Bergen County,US.NJ.BE,19423,1989,
Hudson County,US.NJ.HD,18841,1451,
Essex County,US.NJ.ES,18758,2021,
Prince George's County,US.MD.PR,18572,682,
Riverside County,US.CA.RI,17296,457,
Passaic County,US.NJ.PA,16879,1186,
Middlesex County,US.NJ.MI,16816,1322,
Fairfield County,US.CT.FA,16703,1376,
Union County,US.NJ.UN,16297,1326,
Essex County,US.MA.ES,16088,1104,
Broward County,US.FL.BO,15624,383,
Clark County,US.NV.CL,15095,416,
Montgomery County,US.MD.MO,14737,738,
Palm Beach County,US.FL.PL,14150,510,
San Diego County,US.CA.SD,14149,365,
Richmond County,US.NY.RI,14093,1049,
Fairfax County,US.VA.FX,13850,488,
Orange County,US.CA.OR,13843,340,
Rockland County,US.NY.RO,13590,506,
Providence County,US.RI.PR,12937,537,
San Bernardino County,US.CA.SA,12550,253,
New Haven County,US.CT.NH,12359,1073,
Worcester County,US.MA.WO,12350,920,
Oakland County,US.MI.OD,12017,1090,
Hennepin County,US.MN.HE,11796,776,
Tarrant County,US.TX.TN,11739,225,
Hartford County,US.CT.HA,11662,1370,
Milwaukee County,US.WI.MU,11358,390,
Marion County,US.IN.MO,11329,679,
Salt Lake County,US.UT.SL,11227,107,
Mecklenburg County,US.NC.MB,11170,146,
Bexar County,US.TX.BX,10797,109,
Hillsborough County,US.FL.HL,10752,138,
Orange County,US.NY.OE,10723,401,
Washington,US.DC.DI,10327,551,
Orange County,US.FL.OR,10314,58,
King County,US.WA.KN,10177,610,
Shelby County,US.TN.SY,10028,192,
Lake County,US.IL.LK,9719,416,
Ocean County,US.NJ.OC,9614,955,
Jefferson Parish,US.LA.JF,9489,484,
Davidson County,US.TN.DA,9237,113,
Norfolk County,US.MA.NO,9166,923,
Franklin County,US.OH.FR,9148,404,
Monmouth County,US.NJ.MN,9140,807,
DuPage County,US.IL.DU,9032,470,
Travis County,US.TX.TV,8969,121,
Plymouth County,US.MA.PL,8684,663,
Montgomery County,US.PA.MG,8448,801,
Gwinnett County,US.GA.GW,8247,170,
Bristol County,US.MA.BR,8225,574,
Pima County,US.AZ.PM,8004,273,
Baltimore County,US.MD.BC,7985,473,
Orleans Parish,US.LA.OR,7851,534,
Kane County,US.IL.KE,7703,268,
Mercer County,US.NJ.ME,7659,577,
Baltimore City,US.MD.BA,7546,337,
Macomb County,US.MI.MB,7359,916,
Camden County,US.NJ.CM,7317,489,
Erie County,US.NY.ER,7292,571,
Prince William County,US.VA.PW,7285,144,
Delaware County,US.PA.DE,7201,655,
Fulton County,US.GA.FU,7146,312,
Denver County,US.CO.DN,7091,381,
Douglas County,US.NE.DG,7084,93,
Yakima County,US.WA.YA,7071,158,
Cuyahoga County,US.OH.CU,6831,364,
Hampden County,US.MA.HD,6776,655,
Morris County,US.NJ.MR,6738,798,
Will County,US.IL.WL,6686,319,
Pinellas County,US.FL.PI,6487,166,
St. Louis County,US.MO.SL,6286,575,
Imperial County,US.CA.IM,6242,93,
Yuma County,US.AZ.YU,6212,81,
Duval County,US.FL.DU,6207,64,
Polk County,US.IA.PK,6025,177,
Alameda County,US.CA.AA,5964,135,
El Paso County,US.TX.EP,5928,130,
DeKalb County,US.GA.DA,5914,173,
Bucks County,US.PA.BC,5744,564,
Lee County,US.FL.LE,5588,158,
Arapahoe County,US.CO.AA,5202,344,
Burlington County,US.NJ.BU,5168,424,
East Baton Rouge Parish,US.LA.EB,5123,270,
Anne Arundel County,US.MD.AN,5109,207,
New Castle County,US.DE.NE,5066,242,
Wake County,US.NC.WK,5060,46,
Hamilton County,US.OH.HM,5010,198,
Fresno County,US.CA.FR,5008,73,
Greenville County,US.SC.GV,5001,81,
Cobb County,US.GA.CB,4963,244,
Kent County,US.MI.KN,4900,134,
Somerset County,US.NJ.SO,4869,528,
Lake County,US.IN.LK,4847,239,
Ramsey County,US.MN.RA,4685,217,
Sussex County,US.DE.SU,4682,175,
Kern County,US.CA.KE,4655,70,
Berks County,US.PA.BK,4527,351,
Lancaster County,US.PA.LN,4442,357,
Santa Clara County,US.CA.SL,4370,156,
Jefferson County,US.AL.JE,4258,142,
Lehigh County,US.PA.LH,4235,297,
Collier County,US.FL.CL,4225,74,
Dutchess County,US.NY.DU,4207,151,
Adams County,US.CO.AD,4185,155,
Tulare County,US.CA.TL,4156,126,
Utah County,US.UT.UT,4084,22,
Charleston County,US.SC.CS,4026,26,
Loudoun County,US.VA.LD,4000,87,
Jefferson County,US.KY.JF,3901,193,
San Joaquin County,US.CA.SJ,3856,52,
Montgomery County,US.AL.MT,3839,97,
Polk County,US.FL.PO,3836,98,
Monroe County,US.NY.MR,3742,244,
Fort Bend County,US.TX.FR,3722,53,
Chester County,US.PA.CH,3711,323,
Durham County,US.NC.DH,3674,61,
Mobile County,US.AL.MB,3660,138,
Navajo County,US.AZ.NA,3625,125,
Minnehaha County,US.SD.MN,3610,57,
San Francisco County,US.CA.SF,3603,50,
Jackson County (including other portions of Kansas City),US.MO.JC,3584,55,
Washington County,US.AR.WA,3578,30,
Pinal County,US.AZ.PN,3574,67,
Hidalgo County,US.TX.HG,3542,32,
Snohomish County,US.WA.SN,3508,171,
Richland County,US.SC.RI,3464,83,
Tulsa County,US.OK.TU,3424,67,
Northampton County,US.PA.NA,3413,266,
McKinley County,US.NM.MC,3375,168,
Horry County,US.SC.HO,3319,45,
Caddo Parish,US.LA.CO,3309,235,
Hillsborough County,US.NH.HI,3275,246,
San Mateo County,US.CA.SM,3232,108,
Hall County,US.GA.HL,3227,60,
Sacramento County,US.CA.SC,3223,68,
Woodbury County,US.IA.WO,3156,43,
Contra Costa County,US.CA.CN,3132,76,
Galveston County,US.TX.GV,3062,40,
Elkhart County,US.IN.EL,3041,43,
Winnebago County,US.IL.WN,3030,94,
Forsyth County,US.NC.FO,2996,34,
Cumberland County,US.NJ.CU,2963,143,
Oklahoma County,US.OK.OL,2913,70,
Luzerne County,US.PA.LU,2910,177,
Chesterfield County,US.VA.CD,2897,50,
Santa Barbara County,US.CA.SB,2896,29,
Collin County,US.TX.CI,2882,42,
Potter County,US.TX.PT,2873,37,
Brown County,US.WI.BW,2873,42,
Atlantic County,US.NJ.AT,2863,216,
Manatee County,US.FL.MN,2856,129,
Onondaga County,US.NY.OG,2842,166,
Guilford County,US.NC.GU,2812,114,
Weld County,US.CO.WE,2802,137,
Allegheny County,US.PA.AL,2760,183,
Denton County,US.TX.DN,2740,37,
Ventura County,US.CA.VE,2740,45,
Genesee County,US.MI.GE,2734,288,
Marion County,US.OH.MR,2726,38,
Benton County,US.AR.BE,2723,18,
Jefferson County,US.CO.JE,2682,209,
Hays County,US.TX.HY,2661,6,
Washoe County,US.NV.WA,2656,75,
Allen County,US.IN.AL,2649,110,
Lucas County,US.OH.LU,2600,301,
Henrico County,US.VA.HC,2591,141,
Gloucester County,US.NJ.GL,2578,182,
Seminole County,US.FL.SE,2566,16,
Pierce County,US.WA.PI,2564,101,
Howard County,US.MD.HO,2538,84,
Rutherford County,US.TN.RU,2528,34,
Frederick County,US.MD.FR,2490,117,
Arlington County,US.VA.AR,2479,131,
Hamilton County,US.TN.HL,2466,30,
San Juan County,US.NM.SJ,2422,163,
City of St. Louis,US.MO.SY,2414,153,
Kings County,US.CA.KI,2394,28,
Ouachita Parish,US.LA.OU,2392,74,
El Paso County,US.CO.EL,2374,109,
Apache County,US.AZ.AP,2337,86,
Alexandria City,US.VA.AX,2325,56,
St. Tammany Parish,US.LA.ST,2308,175,
Cameron County,US.TX.CA,2296,55,
Wyandotte County,US.KS.WY,2293,82,
Brazoria County,US.TX.BI,2269,21,
Stearns County,US.MN.SR,2265,19,
Stanislaus County,US.CA.ST,2255,44,
Cass County,US.ND.CS,2245,66,
Richmond City,US.VA.RC,2209,29,
Multnomah County,US.OR.MU,2202,69,
Dakota County,US.MN.DA,2180,87,
Racine County,US.WI.RA,2171,63,
Pickaway County,US.OH.PC,2170,41,
Ada County,US.ID.AA,2169,23,
Lafayette Parish,US.LA.LY,2158,42,
Bernalillo County,US.NM.BE,2143,85,
Nueces County,US.TX.NU,2120,8,
Hinds County,US.MS.HI,2111,39,
Volusia County,US.FL.VO,2105,57,
Albany County,US.NY.AB,2102,108,
Williamson County,US.TX.WM,2100,37,
Anoka County,US.MN.AN,2097,107,
Lubbock County,US.TX.LU,2095,51,
Black Hawk County,US.IA.BL,2087,57,
Lexington County,US.SC.LX,2059,49,
Martin County,US.FL.MT,2055,25,
Dauphin County,US.PA.DA,2045,133,
Pulaski County,US.AR.PU,2036,58,
McHenry County,US.IL.MY,2032,97,
Montgomery County,US.TX.MG,2028,36,
Osceola County,US.FL.OS,2026,24,
Ford County,US.KS.FO,2006,10,
Pasco County,US.FL.PS,1992,19,
Walker County,US.TX.WK,1991,28,
Tuscaloosa County,US.AL.TU,1986,38,
Clayton County,US.GA.CN,1972,79,
Summit County,US.OH.SU,1953,205,
Escambia County,US.FL.ES,1952,44,
Brazos County,US.TX.BZ,1943,29,
Dougherty County,US.GA.DH,1907,154,
Coconino County,US.AZ.CO,1885,92,
St. Clair County,US.IL.SI,1874,135,
Dane County,US.WI.DA,1873,32,
St. Joseph County,US.IN.SN,1830,65,
Wayne County,US.NC.WY,1802,26,
Brevard County,US.FL.BE,1793,17,
Jefferson County,US.TX.JE,1787,33,
Ulster County,US.NY.UL,1781,81,
Santa Cruz County,US.AZ.SA,1771,22,
Dakota County,US.NE.DK,1759,31,
Mahoning County,US.OH.MH,1741,228,
Cumberland County,US.ME.CU,1733,60,
Benton County,US.WA.BE,1731,82,
St. Lucie County,US.FL.SL,1724,47,
Lancaster County,US.NE.LA,1723,12,
Johnson County,US.KS.JO,1722,86,
Muscogee County,US.GA.MG,1706,47,
Montgomery County,US.OH.MT,1704,25,
Lackawanna County,US.PA.LC,1703,203,
Washtenaw County,US.MI.WS,1699,105,
Buena Vista County,US.IA.BV,1695,11,
Kent County,US.DE.KE,1689,90,
Nobles County,US.MN.NB,1652,6,
Monterey County,US.CA.MT,1642,15,
Franklin County,US.WA.FR,1640,33,
Cass County,US.IN.CS,1636,9,
Oneida County,US.NY.OD,1627,93,
Spartanburg County,US.SC.SP,1608,46,
Hall County,US.NE.HL,1591,45,
Finney County,US.KS.FI,1570,10,
Barnstable County,US.MA.BA,1538,144,
Rapides Parish,US.LA.RA,1536,59,
Warren County,US.KY.WR,1533,13,
York County,US.PA.YO,1515,48,
Marion County,US.OR.MR,1514,46,
Marshall County,US.AL.MS,1505,9,
Kenosha County,US.WI.KN,1503,43,
Webb County,US.TX.WB,1503,25,
Litchfield County,US.CT.LI,1490,137,
Trousdale County,US.TN.TR,1485,5,
Sarasota County,US.FL.SR,1482,97,
Rockingham County,US.NH.RO,1474,89,
Johnston County,US.NC.JH,1473,29,
Duplin County,US.NC.DP,1468,27,
Hamilton County,US.IN.HM,1463,100,
Cache County,US.UT.CA,1453,1,
Sullivan County,US.NY.SL,1451,35,
Fayette County,US.KY.FA,1432,26,
Troup County,US.GA.TP,1432,33,
Monroe County,US.PA.MR,1421,108,
Sumner County,US.TN.SN,1417,52,
Butler County,US.OH.BU,1405,44,
Manassas City,US.VA.MS,1397,16,
Charles County,US.MD.CH,1393,86,
Boulder County,US.CO.BO,1384,72,
Hendricks County,US.IN.HD,1366,99,
Chatham County,US.GA.CM,1365,37,
Spokane County,US.WA.SP,1344,40,
Lebanon County,US.PA.LB,1342,43,
Washington County,US.OR.WI,1331,20,
Cherokee County,US.GA.CE,1330,43,
Putnam County,US.NY.PU,1326,63,
DeSoto County,US.MS.DE,1311,15,
Middlesex County,US.CT.MI,1304,184,
Tangipahoa Parish,US.LA.TA,1304,43,
Lake County,US.FL.LK,1302,22,
Calcasieu Parish,US.LA.CC,1300,59,
Solano County,US.CA.SN,1288,24,
Saginaw County,US.MI.SG,1286,123,
Kankakee County,US.IL.KK,1272,65,
New London County,US.CT.NL,1268,102,
Sedgwick County,US.KS.SG,1260,28,
Niagara County,US.NY.NI,1234,85,
Lowndes County,US.GA.LW,1234,11,
Warren County,US.NJ.WA,1233,158,
Johnson County,US.IN.JO,1232,117,
Henry County,US.GA.HY,1224,33,
Beaufort County,US.SC.BA,1219,18,
Marin County,US.CA.MN,1207,18,
Madison County,US.MS.MD,1206,34,
Columbiana County,US.OH.CL,1205,60,
Rowan County,US.NC.RW,1205,41,
York County,US.SC.YO,1203,12,
Union County,US.NC.UN,1201,24,
Robeson County,US.NC.RB,1201,38,
Kent County,US.RI.KE,1199,72,
Florence County,US.SC.FL,1199,51,
Washington County,US.UT.WN,1198,3,
Alachua County,US.FL.AL,1197,12,
Linn County,US.IA.LI,1197,82,
Sussex County,US.NJ.SU,1192,191,
Lee County,US.AL.LE,1188,37,
Bell County,US.TX.BL,1187,13,
Cumberland County,US.NC.CU,1180,41,
Davis County,US.UT.DA,1179,5,
Dallas County,US.IA.DL,1176,29,
Virginia Beach City,US.VA.VI,1176,29,
Waukesha County,US.WI.WK,1175,38,
Randolph County,US.NC.RA,1174,29,
Ascension Parish,US.LA.AE,1171,58,
Sarpy County,US.NE.SY,1167,8,
Leavenworth County,US.KS.LV,1162,7,
Lafourche Parish,US.LA.LO,1149,87,
Sonoma County,US.CA.SO,1136,7,
Johnson County,US.IA.JH,1134,8,
Alamance County,US.NC.AA,1121,37,
Whitfield County,US.GA.WF,1118,10,
Carroll County,US.MD.CR,1117,112,
Harford County,US.MD.HA,1116,62,
Leon County,US.FL.LO,1114,8,
Cabarrus County,US.NC.CR,1107,28,
Kalamazoo County,US.MI.KA,1084,67,
Gaston County,US.NC.GS,1083,11,
Hunterdon County,US.NJ.HN,1080,124,
Shelby County,US.AL.SH,1077,23,
Mohave County,US.AZ.MO,1071,85,
Berkeley County,US.SC.BK,1069,22,
Wicomico County,US.MD.WI,1067,41,
Merced County,US.CA.MD,1064,11,
Jones County,US.MS.JO,1061,49,
St. Charles County,US.MO.SA,1061,74,
Sumter County,US.SC.SU,1057,22,
Madison County,US.AL.MD,1047,7,
Olmsted County,US.MN.OL,1047,15,
Stark County,US.OH.ST,1042,112,
Accomack County,US.VA.AC,1041,14,
Sampson County,US.NC.SP,1040,6,
Lincoln County,US.AR.LC,1038,11,
Ottawa County,US.MI.OT,1036,51,
Burke County,US.NC.BK,1033,20,
Anderson County,US.TX.AE,1032,2,
Terrebonne Parish,US.LA.TR,1030,61,
Ingham County,US.MI.IH,1019,29,
Williamson County,US.TN.WL,1013,14,
Marshall County,US.IA.MS,1012,18,
Seward County,US.KS.SW,1011,2,
Washington County,US.MN.WH,1008,40,
Spotsylvania County,US.VA.SP,993,29,
Stafford County,US.VA.SF,988,5,
Richmond County,US.GA.RI,987,48,
Texas County,US.OK.TE,986,6,
Colquitt County,US.GA.CQ,980,18,
St. John the Baptist Parish,US.LA.SO,970,86,
Knox County,US.TN.KN,967,5,
Morgan County,US.AL.MG,966,3,
Hampshire County,US.MA.HS,962,110,
Kendall County,US.IL.KA,956,20,
Weber County,US.UT.WB,954,13,
Hendry County,US.FL.HR,953,25,
Neshoba County,US.MS.NS,952,68,
Douglas County,US.CO.DU,951,52,
Chatham County,US.NC.CH,950,43,
Dona Ana County,US.NM.DO,949,9,
St. Johns County,US.FL.SJ,948,7,
Lorain County,US.OH.LR,947,67,
Davidson County,US.NC.DD,946,15,
Douglas County,US.GA.DL,946,36,
Harrisonburg City,US.VA.HS,937,24,
Madison County,US.IL.MD,932,68,
Franklin County,US.PA.FR,925,43,
Rock Island County,US.IL.RO,925,29,
Mower County,US.MN.MW,921,2,
Norfolk City,US.VA.NF,915,9,
Tolland County,US.CT.TO,913,64,
Livingston Parish,US.LA.LV,903,37,
Bibb County,US.GA.BI,898,39,
New Hanover County,US.NC.NE,897,5,
Chesapeake City,US.VA.CS,895,20,
Moore County,US.TX.MO,889,12,
Cleveland County,US.OK.CV,886,40,
Berrien County,US.MI.BN,882,60,
Lauderdale County,US.MS.LU,879,78,
Acadia Parish,US.LA.AD,878,36,
Bossier Parish,US.LA.BO,875,30,
Buchanan County,US.MO.BC,869,3,
Rock County,US.WI.RO,864,24,
Champaign County,US.IL.CM,860,12,
Dawson County,US.NE.DN,857,7,
Canyon County,US.ID.CN,856,6,
Walker County,US.AL.WK,855,17,
Cumberland County,US.PA.CU,852,64,
Franklin County,US.AL.FR,847,13,
Randall County,US.TX.RA,844,7,
Forsyth County,US.GA.FO,844,15,
Trumbull County,US.OH.TR,834,62,
Pickens County,US.SC.PI,832,5,
Lee County,US.NC.LE,823,8,
Elmore County,US.AL.EL,822,14,
Ellis County,US.TX.EI,820,19,
Glynn County,US.GA.GY,818,6,
Rankin County,US.MS.RA,816,12,
Muskegon County,US.MI.MG,815,51,
Dallas County,US.AL.DL,814,8,
St. Francis County,US.AR.SI,812,3,
Rice County,US.MN.RI,809,7,
Culpeper County,US.VA.CP,808,10,
Schenectady County,US.NY.SN,800,35,
Forrest County,US.MS.FO,798,42,
Granville County,US.NC.GN,798,19,
McLennan County,US.TX.ML,795,8,
Kenton County,US.KY.KE,794,36,
Putnam County,US.TN.PU,783,7,
Catawba County,US.NC.CB,780,12,
Wilson County,US.TN.WO,779,17,
Robertson County,US.TN.RB,776,11,
Charlotte County,US.FL.CH,775,76,
Yavapai County,US.AZ.YA,771,9,
Salem County,US.NJ.SA,768,75,
Iredell County,US.NC.IR,764,7,
St. Charles Parish,US.LA.SC,759,49,
Tift County,US.GA.TI,750,26,
Orangeburg County,US.SC.OR,747,11,
Crittenden County,US.AR.CD,746,12,
Scott County,US.MS.SC,742,15,
Schuylkill County,US.PA.SC,741,44,
Warren County,US.OH.WR,738,21,
Larimer County,US.CO.LR,736,29,
Clackamas County,US.OR.CC,733,24,
Clark County,US.WA.CR,731,29,
Clark County,US.OH.CK,729,8,
Sandoval County,US.NM.SD,728,29,
Carroll County,US.GA.CL,724,39,
Rockingham County,US.VA.RG,720,10,
Harrison County,US.MS.HR,719,8,
Broome County,US.NY.BO,716,58,
Wilson County,US.NC.WO,714,18,
Clay County,US.FL.CY,713,34,
Cape May County,US.NJ.CP,712,73,
St. Martin Parish,US.LA.SR,712,26,
Dorchester County,US.SC.DO,712,3,
Iberville Parish,US.LA.IV,711,43,
Bartow County,US.GA.BT,704,42,
Titus County,US.TX.TU,702,4,
Jefferson County,US.AR.JE,700,28,
Wapello County,US.IA.WP,700,30,
Sevier County,US.AR.SV,700,7,
Guadalupe County,US.TX.GU,698,1,
Indian River County,US.FL.IN,697,16,
Washington County,US.MD.WA,697,27,
Iberia Parish,US.LA.II,697,44,
Pitt County,US.NC.PI,696,6,
Habersham County,US.GA.HB,695,35,
Eagle County,US.CO.EA,692,8,
Lake County,US.TN.LK,690,0,
Dodge County,US.NE.DE,687,8,
Placer County,US.CA.PA,684,11,
Pottawattamie County,US.IA.PT,683,11,
Porter County,US.IN.PR,680,36,
Story County,US.IA.ST,680,3,
Baldwin County,US.AL.BD,680,10,
Washington Parish,US.LA.WO,678,46,
Coweta County,US.GA.CA,676,16,
Marion County,US.FL.MI,672,10,
Beaver County,US.PA.BA,669,78,
Orange County,US.NC.OR,669,41,
Winnebago County,US.WI.WA,669,11,
Colfax County,US.NE.CO,668,4,
Okaloosa County,US.FL.OA,666,6,
Crawford County,US.IA.CW,666,2,
Kershaw County,US.SC.KE,664,15,
Platte County,US.NE.PL,664,3,
Scott County,US.MN.SC,658,4,
Morgan County,US.CO.MN,652,46,
Honolulu County,US.HI.HO,652,12,
Lee County,US.AR.LE,651,2,
Midland County,US.TX.ID,651,14,
Westmoreland County,US.PA.WE,646,38,
Shawnee County,US.KS.SN,646,11,
Houston County,US.GA.HO,642,23,
Madison County,US.IN.MD,642,63,
St. Mary's County,US.MD.SA,637,51,
Logan County,US.CO.LO,637,5,
Tippecanoe County,US.IN.TP,633,8,
Harnett County,US.NC.HT,630,30,
St. Landry Parish,US.LA.SL,626,57,
Whatcom County,US.WA.WA,622,40,
Scott County,US.IA.SC,619,10,
Bledsoe County,US.TN.BE,617,1,
Monroe County,US.MI.MO,617,21,
St. Bernard Parish,US.LA.SE,617,23,
Clark County,US.IN.CK,616,44,
Yell County,US.AR.YE,616,3,
Etowah County,US.AL.ET,615,13,
Cochise County,US.AZ.CH,614,8,
Paulding County,US.GA.PA,613,15,
Muscatine County,US.IA.MU,612,44,
Newton County,US.GA.NE,612,11,
San Luis Obispo County,US.CA.SS,611,1,
Windham County,US.CT.WI,610,14,
Henderson County,US.NC.HN,610,49,
Anderson County,US.SC.AN,608,11,
Sevier County,US.TN.SV,608,3,
Tipton County,US.TN.TI,607,4,
Erie County,US.PA.ER,607,12,
Walworth County,US.WI.WL,607,18,
Butler County,US.AL.BT,607,27,
Chittenden County,US.VT.CH,607,39,
DeSoto County,US.FL.DE,604,10,
Twin Falls County,US.ID.TW,599,25,
Boone County,US.KY.BO,597,23,
Jones County,US.TX.JN,596,0,
Berkshire County,US.MA.BE,594,44,
Santa Rosa County,US.FL.SA,593,9,
Buncombe County,US.NC.BO,591,29,
Chambers County,US.AL.CM,590,27,
Boone County,US.IL.BO,586,21,
Kaufman County,US.TX.KU,586,4,
DeKalb County,US.AL.DA,583,5,
Bartholomew County,US.IN.BA,578,44,
Starr County,US.TX.SR,578,3,
Wilkes County,US.NC.WE,576,6,
Livingston County,US.MI.LI,572,28,
Grayson County,US.TX.GO,572,5,
McDonald County,US.MO.MA,567,1,
Tallapoosa County,US.AL.TP,567,70,
Smith County,US.TX.SM,566,4,
Clarke County,US.GA.CK,565,15,
Kandiyohi County,US.MN.KD,565,1,
Jasper County,US.MO.JS,564,4,
Clay County,US.MN.CA,563,37,
Copiah County,US.MS.CP,562,14,
Shenandoah County,US.VA.SN,562,29,
Ector County,US.TX.EC,558,7,
St. Clair County,US.MI.SA,558,50,
Buckingham County,US.VA.BK,556,4,
Sumter County,US.GA.SU,555,50,
Rensselaer County,US.NY.RE,553,32,
Bradley County,US.TN.BR,550,3,
DeKalb County,US.IL.DK,550,18,
Saratoga County,US.NY.SR,549,15,
Leake County,US.MS.LK,547,19,
Coffee County,US.GA.CF,544,17,
Howard County,US.IN.HO,542,56,
Autauga County,US.AL.AU,537,12,
Calhoun County,US.MI.CU,536,33,
Blaine County,US.ID.BL,535,5,
LaPorte County,US.IN.LA,534,25,
Saline County,US.NE.SL,533,2,
Washington County,US.RI.WA,532,50,
York County,US.ME.YO,529,11,
Belmont County,US.OH.BE,528,21,
Barrow County,US.GA.BW,527,25,
Yolo County,US.CA.YO,526,24,
Beadle County,US.SD.BA,524,6,
Floyd County,US.GA.FL,524,15,
Newport News City,US.VA.NN,523,10,
Columbus County,US.NC.CM,521,38,
Holmes County,US.MS.HO,520,40,
Madera County,US.CA.ME,519,5,
Skagit County,US.WA.SG,519,15,
Pennington County,US.SD.PN,518,16,
Wayne County,US.MS.WY,515,11,
Grimes County,US.TX.GM,513,2,
Bedford County,US.TN.BD,513,5,
Grant County,US.WA.GN,511,6,
Brunswick County,US.NC.BS,510,5,
Tuscarawas County,US.OH.TU,507,10,
Jackson County,US.MS.JC,505,16,
Baldwin County,US.GA.BD,505,34,
Dubuque County,US.IA.DU,505,22,
Jackson County,US.MI.JA,505,30,
Vance County,US.NC.VA,502,36,
Muhlenberg County,US.KY.MU,499,8,
Suwannee County,US.FL.SW,499,20,
Columbia County,US.GA.CI,498,9,
Pike County,US.PA.PI,496,20,
Delaware County,US.OH.DL,494,15,
Greenwood County,US.SC.GW,493,7,
Frederick County,US.VA.FK,493,6,
Umatilla County,US.OR.UM,492,4,
Lyon County,US.KS.LY,489,7,
Summit County,US.UT.SU,488,0,
Peoria County,US.IL.PI,487,28,
Androscoggin County,US.ME.AN,484,4,
Kosciusko County,US.IN.KO,484,2,
Oktibbeha County,US.MS.OK,483,24,
Portsmouth City,US.VA.PR,482,16,
Fairfield County,US.OH.FI,481,16,
Victoria County,US.TX.VI,480,8,
Medina County,US.OH.MD,480,32,
Montgomery County,US.TN.MT,479,7,
Cecil County,US.MD.CE,479,29,
Lee County,US.MS.LE,477,16,
Faulkner County,US.AR.FA,477,3,
Angelina County,US.TX.AG,476,6,
Outagamie County,US.WI.OU,476,9,
Russell County,US.AL.RU,474,0,
McCurtain County,US.OK.MU,471,4,
Laurens County,US.SC.LU,470,5,
Comal County,US.TX.OM,470,7,
Surry County,US.NC.SU,470,2,
St. Mary Parish,US.LA.SM,469,38,
Nash County,US.NC.NA,469,6,
Leflore County,US.MS.LL,469,48,
Sebastian County,US.AR.SB,468,5,
Franklin Parish,US.LA.FR,467,14,
Yazoo County,US.MS.YZ,467,6,
Washington County,US.MS.WS,465,9,
Rockdale County,US.GA.RO,465,10,
Lancaster County,US.SC.LN,465,11,
Columbia County,US.NY.CU,464,47,
Jefferson County,US.MO.JE,463,20,
Lowndes County,US.AL.LO,462,20,
Dodge County,US.WI.DD,459,5,
Moore County,US.NC.ME,458,13,
Georgetown County,US.SC.GR,458,3,
Berkeley County,US.WV.BE,456,10,
LaGrange County,US.IN.LG,456,6,
Clay County,US.MO.CY,454,11,
Jackson County,US.IN.JC,454,3,
Thomas County,US.GA.TH,453,32,
Craighead County,US.AR.CG,451,6,
Mitchell County,US.GA.MT,450,38,
Sioux County,US.IA.SI,450,0,
Ware County,US.GA.WE,445,15,
Darlington County,US.SC.DA,445,14,
Wright County,US.MN.WR,445,4,
Lowndes County,US.MS.LO,444,11,
Bastrop County,US.TX.BP,442,6,
Tama County,US.IA.TM,441,29,
Municipality of Anchorage,US.AK.AN,440,6,
East Carroll Parish,US.LA.EC,440,1,
Houston County,US.AL.HO,439,6,
Roanoke city,US.VA.RO,438,9,
Miami County,US.OH.MM,437,31,
Johnson County,US.TX.JH,436,4,
Noble County,US.IN.NO,434,28,
Lincoln County,US.MS.LI,434,34,
Daviess County,US.KY.DA,433,8,
Pope County,US.AR.PP,433,3,
Lake County,US.OH.LK,433,16,
La Crosse County,US.WI.LA,432,0,
Hardee County,US.FL.HD,430,3,
Manassas Park city,US.VA.MP,430,6,
Hanover County,US.VA.HV,429,26,
Bowie County,US.TX.BW,427,11,
Sangamon County,US.IL.SM,426,31,
Hot Spring County,US.AR.HT,426,0,
Warren County,US.MS.WR,425,17,
Delaware County,US.IN.DL,425,48,
Union Parish,US.LA.UN,422,24,
Boone County,US.IN.BO,421,42,
Ashtabula County,US.OH.AB,420,43,
Fauquier County,US.VA.FQ,420,6,
Caldwell County,US.NC.CL,419,4,
Hancock County,US.IN.HC,418,35,
Webster Parish,US.LA.WR,418,11,
Shelby County,US.KY.SH,414,11,
Shelby County,US.IN.SH,414,25,
Calvert County,US.MD.CL,414,27,
Suffolk City,US.VA.SO,414,34,
Vanderburgh County,US.IN.VA,413,6,
Clarendon County,US.SC.CN,413,42,
Lauderdale County,US.AL.LU,412,5,
Portage County,US.OH.PO,412,58,
Chattahoochee County,US.GA.CH,411,0,
Merrimack County,US.NH.ME,410,18,
Marshall County,US.IN.MS,409,3,
Wasatch County,US.UT.WA,408,3,
Walton County,US.GA.WA,408,28,
Cullman County,US.AL.CU,408,3,
Lamar County,US.MS.LM,407,7,
Limestone County,US.AL.LI,407,0,
Comanche County,US.OK.CM,406,5,
Spalding County,US.GA.SD,405,32,
Licking County,US.OH.LI,404,11,
Pike County,US.AL.PK,404,5,
Blue Earth County,US.MN.BE,403,2,
Albemarle County,US.VA.AB,401,8,
Williamsburg County,US.SC.WI,400,15,
Columbia County,US.PA.CO,400,34,
San Juan County,US.UT.SJ,399,9,
Newton County,US.MO.NT,398,2,
Washington County,US.OK.WN,398,39,
Todd County,US.MN.TO,398,2,
Nacogdoches County,US.TX.NC,397,26,
Macon County,US.TN.MC,394,3,
Gordon County,US.GA.GO,393,18,
Hunt County,US.TX.HT,392,6,
Bay County,US.MI.BY,392,30,
Pueblo County,US.CO.PU,390,28,
Lee County,US.GA.LE,389,22,
Geauga County,US.OH.GE,387,42,
Aiken County,US.SC.AI,387,10,
Jackson County,US.GA.JC,385,10,
Grand Forks County,US.ND.GD,385,4,
Bay County,US.FL.BY,384,4,
Payne County,US.OK.PY,382,1,
Gadsden County,US.FL.GA,379,7,
Santa Cruz County,US.CA.SZ,379,3,
Stanly County,US.NC.SN,378,5,
Okeechobee County,US.FL.OE,377,0,
Wood County,US.OH.WO,376,51,
Hernando County,US.FL.HA,373,5,
Colbert County,US.AL.CL,372,5,
Bladen County,US.NC.BL,371,3,
Hoke County,US.NC.HO,371,3,
Wright County,US.IA.WG,370,0,
Washington County,US.WI.WN,368,15,
Lenoir County,US.NC.LN,368,11,
St. James Parish,US.LA.SJ,367,29,
Grenada County,US.MS.GN,367,5,
Franklin County,US.MA.FR,366,54,
Chesterfield County,US.SC.CF,366,14,
Taylor County,US.TX.TA,366,5,
Bullock County,US.AL.BL,365,10,
Craven County,US.NC.CN,365,6,
Jackson County,US.FL.JA,363,2,
Floyd County,US.IN.FL,362,44,
Madison County,US.NE.MA,362,4,
Louisa County,US.IA.LO,359,13,
Greensville County,US.VA.GS,359,7,
Upson County,US.GA.UP,358,43,
Coffee County,US.AL.CF,357,2,
Madison County,US.NY.MA,357,9,
Pike County,US.MS.PI,356,12,
Madison Parish,US.LA.MA,356,2,
Bulloch County,US.GA.BH,355,4,
Monroe County,US.MS.MR,355,29,
Gregg County,US.TX.GE,355,13,
Fremont County,US.WY.FR,355,9,
Wayne County,US.OH.WE,353,52,
Boone County,US.MO.BO,352,2,
Assumption Parish,US.LA.AS,352,14,
Attala County,US.MS.AT,350,23,
Highlands County,US.FL.HG,350,11,
Jefferson Davis Parish,US.LA.JD,349,9,
De Soto Parish,US.LA.DE,348,18,
Clermont County,US.OH.CE,347,6,
Franklin County,US.NC.FR,345,21,
Fayette County,US.GA.FY,345,17,
Sumter County,US.FL.SM,345,17,
Lincoln County,US.SD.LI,343,1,
Brown County,US.SD.BW,342,2,
La Paz County,US.AZ.LA,342,5,
Carver County,US.MN.CV,340,1,
Rockwall County,US.TX.RC,340,11,
Adams County,US.PA.AD,339,12,
Lafayette County,US.MS.LY,339,4,
Putnam County,US.FL.PU,339,6,
Union County,US.OR.UN,337,1,
Caldwell County,US.TX.CW,336,2,
Hamilton County,US.FL.HM,334,2,
Harris County,US.GA.HI,334,9,
Jackson County,US.IL.JC,332,19,
Yadkin County,US.NC.YD,332,4,
Coryell County,US.TX.CL,331,2,
Chelan County,US.WA.CH,330,6,
Hampton city,US.VA.HM,328,5,
Newton County,US.MS.NW,328,9,
Colleton County,US.SC.CT,328,21,
Eaton County,US.MI.EA,327,7,
Barbour County,US.AL.BR,325,1,
Lincoln Parish,US.LA.LN,323,18,
Walker County,US.GA.WK,322,11,
St. Joseph County,US.MI.SJ,320,4,
Avoyelles Parish,US.LA.AV,319,13,
Caroline County,US.MD.CO,319,3,
Wichita County,US.TX.WC,318,2,
Morgan County,US.IN.MG,318,31,
Napa County,US.CA.NA,317,4,
Worth County,US.GA.WO,317,22,
Winchester city,US.VA.WH,317,3,
Covington County,US.AL.CV,316,7,
Jasper County,US.IA.JS,315,17,
Catoosa County,US.GA.CS,315,8,
Edgecombe County,US.NC.ED,315,9,
Liberty County,US.TX.LT,314,3,
Richland County,US.OH.RI,314,5,
Allegan County,US.MI.AL,312,6,
Lincoln County,US.OR.LC,312,2,
Kanawha County,US.WV.KA,312,20,
Fond du Lac County,US.WI.FN,311,6,
Maverick County,US.TX.MV,311,2,
Halifax County,US.NC.HL,311,4,
Flagler County,US.FL.FL,310,5,
Montgomery County,US.NC.MO,309,7,
Newport County,US.RI.NE,308,2,
Harrison County,US.TX.HR,308,22,
Butler County,US.PA.BT,307,13,
Dillon County,US.SC.DI,304,9,
Northumberland County,US.PA.NU,304,5,
Allen Parish,US.LA.AL,304,10,
Marlboro County,US.SC.ML,302,4,
St. Clair County,US.AL.SA,302,2,
Plymouth County,US.IA.PM,300,4,
Tom Green County,US.TX.TG,299,1,
Hardeman County,US.TN.HA,299,1,
Richmond County,US.VA.RI,298,4,
Broomfield County and City,US.CO.BR,298,30,
Garfield County,US.CO.GA,298,2,
Fairfield County,US.SC.FA,298,21,
Cleveland County,US.NC.CV,297,4,
East Feliciana Parish,US.LA.EF,297,33,
Rutherford County,US.NC.RU,296,7,
Lyon County,US.MN.LY,295,2,
Sherburne County,US.MN.SH,295,4,
Adams County,US.NE.AD,294,10,
Allen County,US.OH.AN,293,38,
Gila County,US.AZ.GI,292,5,
Deaf Smith County,US.TX.DI,292,15,
Strafford County,US.NH.ST,292,13,
Lapeer County,US.MI.LP,292,31,
Greene County,US.MO.GE,292,8,
Iron County,US.UT.RN,292,1,
Citrus County,US.FL.CI,291,13,
Hale County,US.AL.HA,290,20,
Covington County,US.MS.CV,290,5,
Lee County,US.SC.LE,289,22,
Chambers County,US.TX.CH,288,2,
Maury County,US.TN.MU,287,3,
Columbia County,US.FL.CU,287,3,
Oceana County,US.MI.OA,287,3,
Worcester County,US.MD.WO,286,16,
Parker County,US.TX.PR,286,1,
Montgomery County,US.IN.MM,285,20,
Hale County,US.TX.HE,285,7,
Randolph County,US.IL.RA,285,7,
Grant County,US.IN.GA,285,26,
Onslow County,US.NC.ON,284,3,
Warren County,US.VA.WR,284,5,
Saline County,US.MO.SI,283,4,
Lamar County,US.TX.LR,283,13,
Macon County,US.NC.MN,282,1,
Freeborn County,US.MN.FR,281,0,
Orleans County,US.NY.OL,281,54,
Natchitoches Parish,US.LA.NA,280,14,
Sunflower County,US.MS.SU,280,6,
Canadian County,US.OK.CN,280,3,
Wilcox County,US.AL.WC,280,8,
Clinton County,US.IN.CI,279,2,
Richmond County,US.NC.RI,278,6,
Carbon County,US.PA.CB,278,26,
Marengo County,US.AL.ME,278,11,
Shelby County,US.TX.SY,277,9,
Sumter County,US.AL.SU,276,12,
Calhoun County,US.AL.CN,276,5,
Butts County,US.GA.BU,275,33,
Saline County,US.AR.SL,275,2,
Crisp County,US.GA.CP,273,12,
Fayette County,US.TN.FA,273,2,
Shiawassee County,US.MI.SH,273,28,
Stephenson County,US.IL.SN,270,5,
Mercer County,US.OH.MC,270,8,
Rhea County,US.TN.RH,269,0,
Northampton County,US.VA.NA,269,28,
Summit County,US.CO.SU,269,3,
Page County,US.VA.PA,269,24,
Gallatin County,US.MT.GL,267,1,
Washington County,US.TX.WH,267,31,
Wagoner County,US.OK.WG,266,19,
Steuben County,US.NY.ST,266,29,
Clarke County,US.AL.CK,265,5,
Talladega County,US.AL.TD,265,7,
Warren County,US.NY.WR,263,30,
Adams County,US.MS.AD,263,18,
James City County,US.VA.JA,263,15,
Kootenai County,US.ID.KO,261,1,
Laramie County,US.WY.LA,261,2,
Plaquemines Parish,US.LA.PL,261,17,
Bolivar County,US.MS.BO,261,13,
Loudon County,US.TN.LO,261,1,
Ogle County,US.IL.OG,261,4,
Early County,US.GA.EA,261,31,
Gonzales County,US.TX.GA,260,4,
McLean County,US.IL.ML,260,13,
Greene County,US.NY.GR,260,13,
Oconee County,US.SC.OC,260,1,
Henry County,US.VA.HY,260,4,
Ontario County,US.NY.OR,259,26,
Dubois County,US.IN.DU,259,6,
Appling County,US.GA.AP,259,14,
Monroe County,US.FL.MO,259,4,
West Baton Rouge Parish,US.LA.WB,258,30,
Burleigh County,US.ND.BL,258,0,
Escambia County,US.AL.ES,258,6,
Branch County,US.MI.BC,257,2,
White County,US.IN.WH,257,10,
Butler County,US.KY.BR,256,14,
Fulton County,US.NY.FU,256,26,
Campbell County,US.KY.CM,256,13,
Crawford County,US.KS.CR,256,1,
Medina County,US.TX.ME,255,2,
Panola County,US.MS.PA,254,6,
Chickasaw County,US.MS.CS,254,18,
Hopkins County,US.KY.HO,254,32,
Decatur County,US.GA.DC,253,8,
Thurston County,US.WA.TH,253,7,
Bristol County,US.RI.BR,253,7,
Roanoke County,US.VA.RE,253,4,
Galax city,US.VA.GA,253,13,
Newberry County,US.SC.NE,252,4,
Lincoln County,US.NC.LI,252,1,
Huntingdon County,US.PA.HU,252,4,
Vermilion Parish,US.LA.VM,251,6,
Toombs County,US.GA.TM,249,5,
Rusk County,US.TX.RK,249,2,
Union County,US.AR.UN,248,13,
Garland County,US.AR.GL,248,1,
Madison County,US.TN.MD,247,2,
Pender County,US.NC.PD,247,1,
Fredericksburg City,US.VA.FB,246,0,
Washington County,US.NY.WS,246,14,
West Feliciana Parish,US.LA.WF,246,14,
Noxubee County,US.MS.NO,245,8,
Tate County,US.MS.TT,245,7,
Jasper County,US.MS.JS,245,6,
Walton County,US.FL.WL,245,9,
Pointe Coupee Parish,US.LA.PO,245,27,
Tooele County,US.UT.TE,244,0,
Dale County,US.AL.DE,244,0,
Monroe County,US.IN.MR,244,28,
Decatur County,US.IN.DC,243,32,
Warren County,US.IA.WR,243,2,
Winn Parish,US.LA.WI,242,5,
Clay County,US.MS.CY,240,10,
Winston County,US.MS.WN,240,5,
Cassia County,US.ID.CS,240,1,
Mecklenburg County,US.VA.ME,240,26,
Dickinson County,US.IA.DI,240,2,
Marion County,US.MS.MI,240,11,
Bacon County,US.GA.BC,240,4,
Pearl River County,US.MS.PL,239,32,
Jerome County,US.ID.JR,239,5,
Genesee County,US.NY.GE,238,5,
Prince George County,US.VA.PG,238,1,
Santa Fe County,US.NM.ST,237,3,
Clinton County,US.IL.CN,236,16,
Jefferson County,US.WI.JE,236,4,
Morehouse Parish,US.LA.MO,235,8,
McDowell County,US.NC.MW,235,1,
Henry County,US.IN.HY,235,15,
Petersburg city,US.VA.PB,234,3,
Stephens County,US.GA.SE,234,6,
Darke County,US.OH.DA,234,25,
Douglas County,US.WA.DO,233,3,
San Benito County,US.CA.SI,233,2,
Hardin County,US.TX.HN,232,5,
Tuscola County,US.MI.TU,232,26,
Winston County,US.AL.WN,231,3,
Macon County,US.IL.MC,231,22,
Pontotoc County,US.MS.PO,231,4,
Rockingham County,US.NC.RC,231,2,
Queen Anne's County,US.MD.QU,230,17,
Navarro County,US.TX.NV,230,6,
Ozaukee County,US.WI.OZ,229,15,
Lawrence County,US.IN.LW,229,24,
Eau Claire County,US.WI.EA,229,1,
Claiborne County,US.MS.CB,228,10,
Erie County,US.OH.ER,228,22,
Bienville Parish,US.LA.BI,227,26,
Terrell County,US.GA.TL,227,27,
Johnson County,US.AR.JO,227,0,
Washington County,US.IA.WS,226,9,
Van Buren County,US.MI.VA,225,8,
Jefferson County,US.WV.JE,224,4,
Clinton County,US.MI.CN,223,12,
Vigo County,US.IN.VI,222,8,
Liberty County,US.FL.LI,222,1,
Kitsap County,US.WA.KS,221,2,
Lenawee County,US.MI.LN,220,6,
Hamblen County,US.TN.HB,220,4,
St. Lawrence County,US.NY.SI,219,3,
Washington County,US.PA.WS,219,6,
Simpson County,US.MS.SI,218,3,
Murray County,US.GA.MA,218,2,
Logan County,US.KY.LO,217,11,
Hancock County,US.GA.HC,216,32,
LaSalle County,US.IL.LA,216,17,
Scotts Bluff County,US.NE.SC,215,3,
Steele County,US.MN.SE,215,0,
Dyer County,US.TN.DY,214,1,
Jackson County,US.AL.JA,214,3,
Chilton County,US.AL.CI,214,3,
Carroll County,US.VA.CL,214,8,
Charlottesville City,US.VA.CE,212,3,
Orange County,US.TX.OR,212,3,
Cibola County,US.NM.CI,212,14,
Jackson Parish,US.LA.JA,211,16,
Dooly County,US.GA.DO,210,12,
McMinn County,US.TN.MM,210,17,
Panola County,US.TX.PN,209,17,
Sheboygan County,US.WI.SE,208,4,
Marion County,US.SC.MI,208,7,
Greene County,US.OH.GR,208,9,
Saluda County,US.SC.SA,208,1,
Benton County,US.MN.BN,208,3,
Blount County,US.AL.BU,208,1,
Harrison County,US.IN.HI,208,22,
Polk County,US.GA.PO,207,1,
Montrose County,US.CO.MO,207,12,
Franklin County,US.MO.FR,206,18,
Graves County,US.KY.GV,206,21,
Allegany County,US.MD.AL,205,17,
Riley County,US.KS.RL,205,3,
Pickens County,US.AL.PC,205,6,
Grady County,US.GA.GD,205,4,
Marion County,US.AL.MI,205,12,
Smith County,US.MS.SM,204,11,
Dearborn County,US.IN.DR,203,22,
Watonwan County,US.MN.WT,203,0,
Pasquotank County,US.NC.PU,203,15,
Holmes County,US.OH.HL,202,3,
Cheatham County,US.TN.CA,202,1,
Centre County,US.PA.CT,201,7,
Beauregard Parish,US.LA.BE,201,8,
Davie County,US.NC.DV,199,3,
Clarke County,US.MS.CE,198,24,
Kent County,US.MD.KE,198,23,
Randolph County,US.GA.RN,197,25,
Wharton County,US.TX.WN,197,1,
Oswego County,US.NY.OS,197,3,
Franklin County,US.GA.FR,196,1,
Warrick County,US.IN.WI,196,29,
Marshall County,US.MS.MS,196,3,
Monroe County,US.AL.MR,195,2,
Ionia County,US.MI.II,195,4,
Madison County,US.FL.MD,195,3,
Sussex County,US.VA.SS,194,2,
Hillsdale County,US.MI.HI,194,25,
Christian County,US.KY.CH,193,4,
Island County,US.WA.IS,192,12,
Frio County,US.TX.FO,192,0,
Choctaw County,US.AL.CC,192,12,
Madison County,US.AR.MD,192,0,
Evangeline Parish,US.LA.EV,192,1,
Parmer County,US.TX.PM,191,7,
Alamosa County,US.CO.AL,191,3,
Catahoula Parish,US.LA.CT,190,3,
Union County,US.IL.UN,188,19,
Richland Parish,US.LA.RI,188,4,
Dorchester County,US.MD.DO,188,5,
Prince Edward County,US.VA.PD,187,3,
Gunnison County,US.CO.GU,187,6,
Madison County,US.OH.MO,187,8,
Ohio County,US.KY.OH,186,0,
Whiteside County,US.IL.WD,186,15,
Caddo County,US.OK.CD,186,11,
Minidoka County,US.ID.MI,185,0,
Gilmer County,US.GA.GI,185,2,
Augusta County,US.VA.AU,185,2,
Hamilton County,US.IA.HM,184,1,
Meriwether County,US.GA.MW,184,3,
Buffalo County,US.NE.BF,184,1,
El Dorado County,US.CA.EL,184,0,
Chester County,US.SC.CR,184,1,
Greene County,US.IN.GE,184,31,
Echols County,US.GA.EC,184,0,
Coahoma County,US.MS.CH,183,6,
Nassau County,US.FL.NA,182,1,
Susquehanna County,US.PA.SS,182,23,
Lycoming County,US.PA.LY,182,19,
Northampton County,US.NC.NO,181,15,
Deschutes County,US.OR.DE,181,0,
Miami County,US.IN.MI,180,2,
Conecuh County,US.AL.CO,180,4,
Isle of Wight County,US.VA.IS,179,8,
Cowlitz County,US.WA.CW,179,0,
Rogers County,US.OK.RS,178,6,
Holmes County,US.FL.HO,177,0,
Tompkins County,US.NY.TO,177,0,
Turner County,US.GA.TR,177,16,
Sutter County,US.CA.SU,176,3,
Uinta County,US.WY.UI,176,0,
Laurens County,US.GA.LR,176,1,
Butte County,US.CA.BU,175,2,
Yellowstone County,US.MT.YS,175,4,
Dickson County,US.TN.DI,175,0,
Levy County,US.FL.LV,174,1,
Kemper County,US.MS.KE,174,13,
Hopewell city,US.VA.HW,174,2,
Blount County,US.TN.BO,173,3,
Greene County,US.NC.GE,173,2,
Matagorda County,US.TX.MD,172,5,
Pierce County,US.GA.PR,172,4,
Union County,US.MS.UN,172,9,
Randolph County,US.AL.RA,171,9,
Monongalia County,US.WV.MG,171,5,
Huron County,US.OH.HU,170,1,
Wayne County,US.NY.WN,170,2,
Bibb County,US.AL.BI,170,1,
Jennings County,US.IN.JN,169,10,
Walthall County,US.MS.WT,169,4,
Macon County,US.AL.MC,168,8,
Mississippi County,US.AR.MS,168,3,
Scott County,US.MO.ST,168,11,
Cumberland County,US.TN.CU,168,3,
Marathon County,US.WI.MH,168,1,
Carroll County,US.AR.CL,168,5,
Newaygo County,US.MI.NE,167,0,
McCracken County,US.KY.MK,166,3,
Midland County,US.MI.MD,166,9,
Walla Walla County,US.WA.WL,166,2,
Allen County,US.KY.AL,166,5,
Osage County,US.OK.OS,165,8,
Ben Hill County,US.GA.BL,165,1,
Putnam County,US.IN.PT,165,8,
Monroe County,US.GA.MN,165,17,
Glades County,US.FL.GL,164,1,
Coles County,US.IL.CE,164,17,
Greene County,US.AL.GR,164,7,
St. Croix County,US.WI.SI,164,1,
Curry County,US.NM.CU,163,0,
Calhoun County,US.GA.CU,163,5,
Grundy County,US.IL.GU,162,4,
Hertford County,US.NC.HD,162,10,
Cape Girardeau County,US.MO.CG,161,3,
St. Louis County,US.MN.ST,161,14,
Houston County,US.TX.HS,160,0,
Warren County,US.NC.WR,160,5,
Webster County,US.IA.WE,160,2,
Crawford County,US.AR.CW,159,1,
McClain County,US.OK.ML,159,4,
Herkimer County,US.NY.HE,159,3,
Oconee County,US.GA.OC,158,10,
Brooks County,US.GA.BO,157,11,
Carroll County,US.MS.CL,157,11,
Iroquois County,US.IL.IR,157,5,
DeKalb County,US.IN.DE,157,4,
Randolph County,US.WV.RN,156,0,
Southampton County,US.VA.SA,156,4,
Henderson County,US.KY.HE,156,3,
Douglas County,US.KS.DG,156,0,
Martin County,US.MN.MT,156,5,
Hardin County,US.KY.HN,155,6,
Grant County,US.WI.GA,154,13,
Willacy County,US.TX.WY,154,3,
Scott County,US.IN.SC,154,7,
Lawrence County,US.MS.LW,154,1,
Cherokee County,US.SC.CK,154,7,
Waller County,US.TX.WR,152,0,
Delaware County,US.OK.DL,152,16,
Yalobusha County,US.MS.YL,152,7,
Putnam County,US.GA.PT,151,12,
Lane County,US.OR.LE,151,3,
Carson City,US.NV.CA,151,5,
Bullitt County,US.KY.BI,150,4,
Atkinson County,US.GA.AT,149,2,
Orange County,US.VA.OR,149,3,
Box Elder County,US.UT.BE,147,1,
Cherokee County,US.TX.CK,147,2,
Kenai Peninsula Borough,US.AK.KN,146,2,
Perry County,US.MO.PR,146,0,
Chenango County,US.NY.CH,146,6,
Kennebec County,US.ME.KE,145,10,
St. Francois County,US.MO.SF,145,2,
Montgomery County,US.VA.MO,145,2,
Cass County,US.MI.CS,145,5,
Bertie County,US.NC.BT,145,4,
Lynchburg city,US.VA.LY,145,1,
Burke County,US.GA.BE,144,7,
Linn County,US.OR.LN,144,9,
Fairbanks North Star Borough,US.AK.FA,144,2,
Dawson County,US.GA.DW,144,3,
Nicollet County,US.MN.NI,144,12,
Creek County,US.OK.CE,144,7,
Tioga County,US.NY.TI,143,19,
Colonial Heights city,US.VA.CH,143,17,
White County,US.GA.WH,143,4,
Jackson County,US.WV.JA,143,18,
Dinwiddie County,US.VA.DN,142,0,
Jim Wells County,US.TX.JW,142,0,
Portage County,US.WI.PT,142,0,
Effingham County,US.GA.EF,142,1,
Phillips County,US.AR.PH,142,3,
Chemung County,US.NY.CM,141,3,
Polk County,US.OR.PO,141,12,
Wayne County,US.PA.WN,140,8,
Tattnall County,US.GA.TT,140,0,
Mercer County,US.PA.ME,140,6,
Cook County,US.GA.CO,139,1,
Lumpkin County,US.GA.LP,139,3,
Audrain County,US.MO.AU,138,1,
Daviess County,US.IN.DI,138,16,
Lonoke County,US.AR.LO,138,1,
Vernon Parish,US.LA.VN,138,8,
Grayson County,US.KY.GY,138,10,
Cass County,US.MO.CS,138,8,
Talbot County,US.MD.TA,137,4,
Grady County,US.OK.GD,137,5,
Stoddard County,US.MO.SD,137,8,
Scotland County,US.NC.SC,137,0,
Banks County,US.GA.BS,136,0,
Emporia city,US.VA.EM,136,14,
Warren County,US.IL.WR,136,0,
Caswell County,US.NC.CS,135,1,
Perry County,US.AL.PE,135,0,
Franklin County,US.KY.FR,135,4,
Boone County,US.IA.BO,135,1,
Crawford County,US.OH.CF,135,6,
Adams County,US.WA.AD,134,0,
Lanier County,US.GA.LI,134,3,
Chicot County,US.AR.CT,134,3,
Humboldt County,US.CA.HU,133,4,
Cottonwood County,US.MN.CT,133,0,
San Patricio County,US.TX.SP,133,0,
Orange County,US.IN.OR,133,23,
Lea County,US.NM.LE,132,0,
Jasper County,US.SC.JA,132,3,
Camden County,US.GA.CD,132,2,
Monroe County,US.TN.MR,132,4,
Lavaca County,US.TX.LA,131,1,
Washington County,US.TN.WI,131,0,
Martin County,US.NC.MR,131,4,
Knox County,US.IL.KX,130,0,
Henry County,US.AL.HE,130,4,
Oldham County,US.KY.OL,130,6,
Bryan County,US.GA.BY,130,5,
Brewster County,US.TX.BS,130,1,
Ottawa County,US.OH.OT,129,23,
Cass County,US.IL.CS,129,2,
Livingston County,US.NY.LI,129,4,
Burnet County,US.TX.BT,129,3,
Teton County,US.WY.TE,129,1,
Henderson County,US.TX.HD,128,4,
Anson County,US.NC.AN,128,1,
Caroline County,US.VA.CI,128,4,
Kittitas County,US.WA.KT,128,0,
Morgan County,US.IL.MG,128,3,
Tazewell County,US.IL.TA,127,8,
Chautauqua County,US.NY.CQ,127,3,
Monroe County,US.IL.MR,127,13,
Wayne County,US.IN.WY,127,6,
Stewart County,US.GA.SW,127,3,
Crenshaw County,US.AL.CA,126,3,
Wilcox County,US.GA.WC,126,15,
Pulaski County,US.MO.PA,125,1,
Stokes County,US.NC.SO,125,1,
Clarke County,US.IA.CK,124,2,
Franklin County,US.IN.FR,124,8,
Washington County,US.OH.WS,124,20,
Johnson County,US.MO.JO,124,0,
Lawrence County,US.TN.LW,124,5,
Pecos County,US.TX.PE,124,0,
West Carroll Parish,US.LA.WC,124,5,
Webster County,US.MS.WE,123,10,
Isabella County,US.MI.IB,123,8,
Allamakee County,US.IA.AL,123,4,
Cabell County,US.WV.CB,123,0,
Maui County,US.HI.MA,123,6,
Union County,US.SD.UN,123,1,
Steuben County,US.IN.SE,123,2,
Cattaraugus County,US.NY.CG,123,6,
Sandusky County,US.OH.SA,122,13,
Otsego County,US.MI.OS,122,10,
Pittsylvania County,US.VA.PS,122,1,
Itawamba County,US.MS.IT,122,8,
Liberty County,US.GA.LB,122,1,
Natrona County,US.WY.NA,121,1,
Elko County,US.NV.EL,121,1,
Valencia County,US.NM.VA,121,2,
Tippah County,US.MS.TP,121,11,
Botetourt County,US.VA.BO,121,4,
Alpena County,US.MI.AP,120,11,
Humphreys County,US.MS.HU,120,9,
Pettis County,US.MO.PS,120,1,
Claiborne Parish,US.LA.CI,120,10,
Hancock County,US.MS.HN,120,13,
Clay County,US.IA.CY,120,0,
Winona County,US.MN.WN,119,15,
Goochland County,US.VA.GO,119,6,
Goodhue County,US.MN.GO,119,8,
Telfair County,US.GA.TF,119,3,
Lamar County,US.GA.LM,119,6,
Klamath County,US.OR.KL,119,0,
Calhoun County,US.MS.CN,119,4,
Yamhill County,US.OR.YA,119,8,
Lauderdale County,US.TN.LU,119,2,
Perry County,US.IN.PE,118,8,
Shasta County,US.CA.SH,118,4,
Louisa County,US.VA.LI,118,1,
Madison County,US.KY.MD,118,1,
Bedford County,US.VA.BF,118,3,
Muskogee County,US.OK.MO,118,11,
Montgomery County,US.NY.MT,118,4,
Berrien County,US.GA.BN,117,0,
Platte County,US.MO.PT,117,6,
Camp County,US.TX.CP,117,1,
Adair County,US.KY.AD,117,19,
Trempealeau County,US.WI.TR,116,0,
Fayette County,US.PA.FA,116,4,
Montgomery County,US.MS.MT,116,2,
Emanuel County,US.GA.EM,116,3,
Nevada County,US.CA.NE,116,1,
Mahaska County,US.IA.MK,115,17,
Bonneville County,US.ID.BV,115,1,
Adair County,US.OK.AD,115,4,
Macon County,US.GA.MC,115,9,
Lyon County,US.NV.LY,115,2,
Cayuga County,US.NY.CY,115,2,
York County,US.VA.YO,115,3,
Williamson County,US.IL.WS,115,4,
Greene County,US.AR.GE,114,0,
Gray County,US.TX.GY,114,2,
Morrow County,US.OH.MW,114,1,
Miller County,US.AR.ML,114,2,
Jackson County,US.OR.JA,114,0,
Iosco County,US.MI.IC,113,10,
Jackson County,US.NC.JA,113,1,
Abbeville County,US.SC.AB,113,0,
Waupaca County,US.WI.WP,113,7,
Bamberg County,US.SC.BM,113,1,
Polk County,US.TX.PK,113,0,
Putnam County,US.OH.PU,113,16,
Ripley County,US.IN.RI,112,7,
Glenn County,US.CA.GL,112,0,
Jefferson County,US.OR.JE,112,0,
Choctaw County,US.OK.CA,112,1,
Washington County,US.FL.WS,112,12,
La Plata County,US.CO.LA,112,1,
Hardin County,US.OH.HD,111,12,
Concordia Parish,US.LA.CR,111,6,
Juniata County,US.PA.JU,111,6,
Wayne County,US.WV.WA,111,9,
Nottoway County,US.VA.NY,111,2,
Washington County,US.GA.WG,110,1,
Fluvanna County,US.VA.FV,110,7,
Jeff Davis County,US.GA.JF,110,2,
Pemiscot County,US.MO.PM,110,6,
Sullivan County,US.MO.SV,110,0,
Red River County,US.TX.RV,110,10,
Jackson County,US.KS.JA,109,1,
Clinch County,US.GA.CC,108,3,
Malheur County,US.OR.ML,108,1,
Jackson County,US.KY.JA,108,13,
Val Verde County,US.TX.VL,108,0,
Coffee County,US.TN.CF,108,0,
Penobscot County,US.ME.PE,108,2,
Westmoreland County,US.VA.WM,108,2,
Calumet County,US.WI.CA,108,2,
Indiana County,US.PA.IN,108,6,
Carroll County,US.IN.CO,108,2,
Jasper County,US.IN.JS,107,2,
Ross County,US.OH.RO,107,2,
Wabash County,US.IN.WB,107,2,
Sauk County,US.WI.SU,107,3,
Jefferson County,US.IL.JF,107,17,
Person County,US.NC.PN,106,1,
Peach County,US.GA.PH,106,9,
Atascosa County,US.TX.AT,106,2,
San Augustine County,US.TX.SG,105,7,
Jenkins County,US.GA.JK,105,11,
Jessamine County,US.KY.JS,104,0,
Pottawatomie County,US.OK.PT,104,4,
Poweshiek County,US.IA.PW,104,8,
Nye County,US.NV.NY,104,3,
Wise County,US.TX.WE,104,4,
Elbert County,US.GA.EL,104,0,
Franklin County,US.VT.FR,104,6,
Dodge County,US.GA.DG,104,2,
Caldwell Parish,US.LA.CW,104,1,
Lawrence County,US.AL.LW,103,0,
Brunswick County,US.VA.BU,103,1,
Jefferson Davis County,US.MS.JD,103,4,
Shelby County,US.IA.SH,103,0,
Crow Wing County,US.MN.CW,102,12,
Lawrence County,US.PA.LW,102,9,
Barry County,US.MI.BR,102,2,
Laurel County,US.KY.LU,102,3,
Bannock County,US.ID.BO,102,1,
Jefferson County,US.TN.JE,102,0,
Washington County,US.ID.WA,102,0,
Anderson County,US.TN.AN,102,2,
Saguache County,US.CO.SG,102,2,
Payette County,US.ID.PA,102,2,
Nevada County,US.AR.NV,101,3,
Butler County,US.MO.BE,101,0,
Clinton County,US.NY.CL,101,4,
Washington County,US.AL.WS,101,7,
Pine County,US.MN.PN,100,0,
Gibson County,US.TN.GB,100,1,
Cerro Gordo County,US.IA.CG,100,1,
McDonough County,US.IL.MU,100,15,
Fannin County,US.GA.FN,100,1,
Auglaize County,US.OH.AU,99,3,
Lawrence County,US.AR.LW,99,9,
McDuffie County,US.GA.MU,99,6,
Pitkin County,US.CO.PI,99,2,
Rio Arriba County,US.NM.RI,98,1,
Dunklin County,US.MO.DU,98,3,
Clark County,US.KY.CK,98,5,
Jefferson County,US.GA.JR,98,1,
Wilson County,US.TX.WS,98,5,
La Salle Parish,US.LA.LA,97,0,
Greene County,US.GA.GE,97,9,
Kay County,US.OK.KA,97,7,
King George County,US.VA.KG,97,4,
Madison County,US.GA.MD,97,4,
Prentiss County,US.MS.PN,97,3,
St. Helena Parish,US.LA.SH,97,1,
Lee County,US.IL.LE,97,1,
Gilchrist County,US.FL.GI,97,0,
Mesa County,US.CO.ME,96,0,
Graham County,US.AZ.GA,96,2,
Nez Perce County,US.ID.NE,96,19,
Lincoln County,US.MO.LO,96,1,
Brantley County,US.GA.BA,95,2,
Fayette County,US.IN.FA,95,7,
Wyoming County,US.NY.WM,95,5,
Obion County,US.TN.OB,94,2,
Pulaski County,US.KY.PU,94,2,
Newton County,US.IN.NE,94,10,
Bailey County,US.TX.BY,94,1,
Tallahatchie County,US.MS.TL,94,3,
Windham County,US.VT.WH,94,3,
Saline County,US.KS.SA,94,2,
Bryan County,US.OK.BR,94,1,
Manitowoc County,US.WI.MW,94,1,
Chaves County,US.NM.CH,94,2,
Chisago County,US.MN.CG,93,1,
Pickens County,US.GA.PE,93,5,
Clinton County,US.IA.CN,93,1,
Hardin County,US.TN.HI,93,5,
Gratiot County,US.MI.GT,92,13,
Screven County,US.GA.SR,92,6,
Carter County,US.OK.CR,92,1,
Otter Tail County,US.MN.OT,92,1,
Union County,US.PA.UN,91,2,
Oglethorpe County,US.GA.OG,91,7,
Delaware County,US.NY.DE,91,4,
Alexander County,US.NC.AE,91,1,
Adair County,US.MO.AD,91,0,
Greene County,US.MS.GE,91,7,
Morton County,US.ND.MR,91,2,
Johnson County,US.GA.JH,90,2,
Ohio County,US.WV.OH,90,1,
Smith County,US.TN.SH,90,1,
Union County,US.SC.UN,90,0,
Pike County,US.GA.PK,90,3,
Mississippi County,US.MO.MI,90,0,
Haywood County,US.NC.HW,90,0,
Tunica County,US.MS.TU,89,3,
Sullivan County,US.TN.SL,89,2,
Green County,US.WI.GN,89,1,
Sweetwater County,US.WY.SW,89,0,
Howard County,US.AR.HW,89,1,
Wilkinson County,US.MS.WK,89,9,
Montcalm County,US.MI.MC,88,1,
Lafayette County,US.MO.LF,88,2,
Hood River County,US.OR.HO,88,0,
Fannin County,US.TX.FI,88,7,
Franklin County,US.VA.FN,88,1,
Missoula County,US.MT.MS,88,0,
Scott County,US.KY.SC,87,0,
Adams County,US.IL.AD,87,1,
Erath County,US.TX.ER,87,1,
Carteret County,US.NC.CE,87,3,
Calhoun County,US.SC.CH,87,1,
Hawaii County,US.HI.HA,87,0,
Bremer County,US.IA.BR,87,6,
Colorado County,US.TX.CO,87,0,
Somerset County,US.MD.SO,87,3,
Jefferson County,US.NY.JE,86,0,
Perry County,US.PA.PE,86,5,
Barren County,US.KY.BN,86,2,
Wood County,US.WV.WO,86,2,
White County,US.AR.WH,86,1,
Danville City,US.VA.DA,86,2,
Fayette County,US.TX.FT,86,2,
Grafton County,US.NH.GR,85,1,
Van Zandt County,US.TX.VN,85,1,
Cleburne County,US.AR.CB,85,4,
Columbia County,US.WI.CO,85,1,
Oglala Lakota County,US.SD.SH,85,0,
Monroe County,US.OH.ME,85,17,
Greene County,US.TN.GE,85,2,
Cross County,US.AR.CO,85,1,
Grayson County,US.VA.GY,84,2,
Chippewa County,US.WI.CH,84,0,
Grant Parish,US.LA.GR,84,1,
Thurston County,US.NE.TU,84,1,
Des Moines County,US.IA.DS,84,2,
Pike County,US.KY.PI,84,2,
Jefferson County,US.MS.JF,84,3,
Henry County,US.IL.HY,84,1,
Otsego County,US.NY.OO,84,4,
Delta County,US.CO.DT,83,1,
Dallam County,US.TX.DL,83,1,
Columbia County,US.AR.CI,83,3,
Beaufort County,US.NC.BA,83,0,
Milam County,US.TX.MI,83,1,
Humboldt County,US.NV.HU,83,4,
Bradford County,US.FL.BA,83,2,
Bedford County,US.PA.BO,82,3,
Wood County,US.TX.WO,82,5,
Le Sueur County,US.MN.LU,82,1,
Benton County,US.OR.BE,82,5,
Waynesboro city,US.VA.WS,82,0,
Powhatan County,US.VA.PH,82,2,
Charles Mix County,US.SD.CH,82,0,
Clay County,US.SD.CY,82,0,
Carroll County,US.IA.CL,82,1,
Sabine Parish,US.LA.SB,82,1,
Henry County,US.IA.HE,81,3,
Dodge County,US.MN.DD,81,0,
McLeod County,US.MN.MC,81,0,
Belknap County,US.NH.BE,81,1,
Amite County,US.MS.AM,81,2,
O'Brien County,US.IA.OB,81,1,
Carlton County,US.MN.CL,81,0,
Big Horn County,US.MT.BI,81,3,
Calloway County,US.KY.CW,81,1,
Mayes County,US.OK.MY,81,5,
Cambria County,US.PA.CI,80,3,
Uvalde County,US.TX.UV,80,1,
Eddy County,US.NM.ED,80,1,
Whitley County,US.IN.WL,79,4,
Luna County,US.NM.LU,79,3,
Marion County,US.GA.MR,79,2,
Polk County,US.MN.PL,79,2,
Taylor County,US.FL.TA,79,0,
Barnwell County,US.SC.BN,79,1,
Preston County,US.WV.PR,78,2,
Taylor County,US.IA.TY,78,0,
Shawano County,US.WI.SA,78,0,
Mendocino County,US.CA.MI,78,0,
Martinsville city,US.VA.MR,78,1,
Clinton County,US.PA.CN,78,4,
Tehama County,US.CA.TE,78,1,
Matanuska-Susitna Borough,US.AK.MA,78,1,
Wayne County,US.TN.WY,77,0,
Cherokee County,US.OK.CK,77,1,
Okanogan County,US.WA.OK,77,2,
Saunders County,US.NE.SU,77,2,
Union County,US.OH.UN,77,1,
Yankton County,US.SD.YA,77,0,
Chaffee County,US.CO.CA,77,19,
Kerr County,US.TX.KR,77,1,
Simpson County,US.KY.SI,77,3,
Burleson County,US.TX.BU,76,0,
Hancock County,US.OH.HN,76,1,
Randolph County,US.IN.RA,76,4,
Rio Grande County,US.CO.RG,76,2,
Coshocton County,US.OH.CS,76,1,
Edgefield County,US.SC.ED,76,3,
Calhoun County,US.FL.CA,76,6,
Hocking County,US.OH.HC,76,7,
Jefferson County,US.OH.JE,76,2,
Cole County,US.MO.CE,75,2,
Emmet County,US.IA.EM,75,0,
Edmonson County,US.KY.ED,75,11,
Franklin County,US.TN.FR,75,3,
Chippewa County,US.MN.CP,75,1,
Andrews County,US.TX.AR,75,0,
Castro County,US.TX.AS,75,1,
Wilkinson County,US.GA.WI,75,8,
Cedar County,US.IA.CD,75,1,
Jones County,US.GA.JE,75,0,
Polk County,US.AR.PL,74,0,
Pulaski County,US.IL.PL,74,0,
Franklin County,US.IA.FN,74,0,
Wayne County,US.GA.WY,74,0,
Lafayette County,US.WI.LF,74,0,
Calhoun County,US.TX.CU,74,2,
Cherokee County,US.AL.CH,74,7,
Nelson County,US.KY.NE,74,1,
Reno County,US.KS.RN,74,0,
Armstrong County,US.PA.AR,74,6,
Pocahontas County,US.IA.PC,73,1,
Talbot County,US.GA.TB,73,2,
Montour County,US.PA.MO,73,1,
George County,US.MS.GR,73,3,
Polk County,US.NC.PO,73,4,
Rutland County,US.VT.RU,73,1,
Haralson County,US.GA.HS,73,5,
Staunton city,US.VA.SU,73,0,
Brown County,US.TX.BN,73,10,
Muskingum County,US.OH.MU,73,1,
Stark County,US.ND.SR,73,2,
Routt County,US.CO.RT,73,6,
Lamar County,US.AL.LM,72,1,
Clark County,US.WI.CL,72,6,
Bennington County,US.VT.BE,72,1,
Clearfield County,US.PA.CF,72,0,
McPherson County,US.KS.MP,72,0,
Cheshire County,US.NH.CH,71,2,
Yuba County,US.CA.YU,71,1,
Union County,US.GA.UN,71,3,
Hampton County,US.SC.HA,71,2,
Ashley County,US.AR.AS,71,1,
Marshall County,US.TN.MS,71,1,
Austin County,US.TX.AU,71,0,
Buffalo County,US.SD.BF,71,1,
Haywood County,US.TN.HY,71,2,
Choctaw County,US.MS.CW,71,4,
Blair County,US.PA.BL,71,1,
Cherokee County,US.IA.CE,71,0,
Montezuma County,US.CO.MZ,71,3,
Huntington County,US.IN.HU,70,2,
Ottawa County,US.OK.OT,70,2,
Crowley County,US.CO.CR,70,1,
Fairfax city,US.VA.FC,70,7,
Harrison County,US.KY.HS,70,0,
Monona County,US.IA.MO,70,0,
Garvin County,US.OK.GV,70,1,
Cowley County,US.KS.CL,70,1,
Hickman County,US.TN.HN,70,0,
Crawford County,US.MI.CF,70,5,
Wasco County,US.OR.WC,69,1,
Franklin County,US.KS.FR,69,0,
Seneca County,US.NY.SC,69,1,
Fayette County,US.AL.FA,69,1,
Salem city,US.VA.SE,68,3,
Pottawatomie County,US.KS.PT,68,0,
Addison County,US.VT.AD,68,2,
Dixie County,US.FL.DI,68,4,
Starke County,US.IN.SR,68,3,
Watauga County,US.NC.WT,68,0,
Pierce County,US.WI.PI,68,0,
Jasper County,US.GA.JS,68,1,
Wells County,US.IN.WE,67,1,
Garfield County,US.OK.GF,67,2,
Woodford County,US.KY.WO,67,0,
Dade County,US.GA.DD,67,1,
Quitman County,US.MS.QU,67,0,
Jay County,US.IN.JY,67,0,
Fulton County,US.IN.FU,66,1,
Kleberg County,US.TX.KL,66,1,
Hill County,US.TX.HI,66,1,
Cass County,US.NE.CS,66,1,
Kendall County,US.TX.KD,66,0,
Snyder County,US.PA.SN,66,2,
Camden County,US.MO.CM,66,1,
Knox County,US.KY.KX,66,0,
Fayette County,US.WV.FA,66,4,
Greene County,US.VA.GE,66,1,
Greer County,US.OK.GE,66,7,
Huron County,US.MI.HU,65,3,
Douglas County,US.NV.DO,65,0,
Tishomingo County,US.MS.TS,65,1,
Drew County,US.AR.DR,65,1,
Itasca County,US.MN.IT,65,12,
Vermilion County,US.IL.VE,65,2,
Monroe County,US.WI.MO,65,1,
Gooding County,US.ID.GO,65,1,
Lewis County,US.WA.LE,65,3,
Floyd County,US.IA.FL,65,2,
Marion County,US.IL.MO,65,0,
Marion County,US.IA.MI,65,0,
Williams County,US.OH.WI,65,2,
Washington County,US.VA.WG,64,4,
Jefferson County,US.IN.JF,64,1,
Guthrie County,US.IA.GH,64,4,
Washington County,US.IN.WS,64,1,
Hamilton County,US.NE.HM,64,12,
Irwin County,US.GA.IR,64,1,
Marquette County,US.MI.MQ,64,11,
Marion County,US.TN.MI,64,4,
Stutsman County,US.ND.SU,63,1,
Geneva County,US.AL.GE,63,0,
White County,US.TN.WH,63,3,
Stephens County,US.OK.ST,63,1,
Lawrence County,US.OH.LW,63,0,
Baker County,US.FL.BK,63,4,
Codington County,US.SD.CD,63,0,
Mifflin County,US.PA.MI,63,1,
Hardin County,US.IA.HD,63,0,
Preble County,US.OH.PR,62,1,
Warren County,US.TN.WR,62,0,
Bleckley County,US.GA.BK,62,1,
Boyd County,US.KY.BD,62,3,
Lyman County,US.SD.LY,62,0,
Okmulgee County,US.OK.OM,62,0,
Hutchinson County,US.TX.UT,62,0,
Knox County,US.IN.KN,62,0,
Brookings County,US.SD.BK,62,0,
Sac County,US.IA.SA,62,0,
Union County,US.FL.UN,62,2,
Morrow County,US.OR.MO,61,1,
Somerset County,US.PA.SO,61,1,
Hood County,US.TX.HO,61,4,
Gallatin County,US.KY.GL,61,7,
Isanti County,US.MN.IS,61,0,
Chattooga County,US.GA.CG,61,2,
Douglas County,US.MN.DU,61,0,
Clinton County,US.OH.CI,61,0,
Harrison County,US.WV.HR,61,1,
Ward County,US.ND.WR,60,1,
Lake County,US.CA.LK,60,0,
Williamsburg City,US.VA.WL,60,6,
Elmore County,US.ID.EL,60,2,
Taney County,US.MO.TA,60,2,
Socorro County,US.NM.SO,60,5,
Weakley County,US.TN.WE,60,1,
Wakulla County,US.FL.WK,60,1,
Red River Parish,US.LA.RE,60,8,
Oconto County,US.WI.OC,59,0,
Klickitat County,US.WA.KL,59,3,
Pulaski County,US.IN.PL,59,1,
Roosevelt County,US.NM.RO,59,1,
Allegany County,US.NY.AL,59,2,
Perry County,US.MS.PY,59,4,
Lee County,US.TX.LE,59,3,
Hart County,US.GA.HT,59,0,
Clay County,US.IN.CY,59,4,
Clay County,US.KY.CY,59,3,
Guernsey County,US.OH.GU,59,3,
Meeker County,US.MN.ME,58,1,
Marshall County,US.KY.MH,58,2,
Essex County,US.VA.ES,58,0,
Shelby County,US.OH.SH,58,4,
McNairy County,US.TN.MA,58,0,
Benton County,US.IA.BN,58,1,
Pittsburg County,US.OK.PI,58,3,
Schoharie County,US.NY.SO,58,2,
Grundy County,US.TN.GU,58,1,
Poinsett County,US.AR.PN,58,3,
Logan County,US.OH.LG,58,1,
Greenbrier County,US.WV.GE,58,1,
Cocke County,US.TN.CE,58,0,
Windsor County,US.VT.WS,58,2,
Butler County,US.KS.BU,58,0,
Flathead County,US.MT.FL,58,2,
Wyandot County,US.OH.WD,58,4,
McIntosh County,US.OK.MI,57,1,
Perry County,US.KY.PR,57,1,
Marion County,US.WV.MI,57,2,
Waseca County,US.MN.WE,57,0,
Morrison County,US.MN.MR,57,1,
Grant County,US.KY.GT,57,4,
Elbert County,US.CO.EB,57,2,
Lincoln County,US.NE.LI,57,2,
Geary County,US.KS.GE,57,1,
Gentry County,US.MO.GT,57,9,
New Kent County,US.VA.NK,57,1,
Todd County,US.SD.TO,57,1,
Dare County,US.NC.DE,57,1,
Fulton County,US.OH.FU,57,0,
Labette County,US.KS.LB,57,0,
Rush County,US.IN.RU,56,3,
Waldo County,US.ME.WL,56,14,
Clay County,US.GA.CY,56,2,
Mineral County,US.WV.ML,56,3,
Overton County,US.TN.OV,56,0,
Lincoln County,US.TN.LI,56,0,
Kewaunee County,US.WI.KW,56,1,
Campbell County,US.WY.CM,56,0,
Hopkins County,US.TX.HP,56,0,
DeWitt County,US.TX.DE,56,1,
Bradford County,US.PA.BF,56,3,
Marinette County,US.WI.MT,56,3,
Pawnee County,US.OK.PW,56,2,
Wilkes County,US.GA.WS,56,1,
Clark County,US.AR.CK,56,0,
Putnam County,US.WV.PU,55,0,
Independence County,US.AR.IN,55,0,
Hughes County,US.SD.HG,55,0,
Alcorn County,US.MS.AL,55,1,
Conway County,US.AR.CN,55,3,
Barton County,US.KS.BT,55,2,
Coosa County,US.AL.CS,55,1,
Crane County,US.TX.CR,54,2,
Becker County,US.MN.BC,54,0,
Carter County,US.TN.CT,54,1,
Carroll County,US.NH.CA,54,0,
Ashe County,US.NC.AS,54,1,
Custer County,US.OK.CU,54,0,
Jackson County,US.MN.JA,54,0,
Clay County,US.AR.CY,54,3,
Unicoi County,US.TN.UC,54,0,
Halifax County,US.VA.HL,53,1,
Jefferson County,US.IA.JE,53,0,
Sharp County,US.AR.SH,53,4,
Coffey County,US.KS.CF,53,8,
Crawford County,US.PA.CW,53,0,
Upshur County,US.TX.US,53,0,
Ochiltree County,US.TX.OC,53,2,
Ashland County,US.OH.AL,53,1,
Faribault County,US.MN.FA,53,0,
Jones County,US.IA.JN,53,0,
Clay County,US.AL.CY,53,2,
Falls Church city,US.VA.FU,52,5,
Brown County,US.OH.BR,52,1,
Gage County,US.NE.GG,52,3,
Barry County,US.MO.BR,52,0,
Yuma County,US.CO.YU,52,0,
Douglas County,US.IL.DO,52,0,
Raleigh County,US.WV.RL,52,0,
Bradley County,US.AR.BR,52,2,
Montgomery County,US.KY.MM,52,0,
Morgan County,US.GA.MO,52,0,
Charlton County,US.GA.CT,52,2,
Moniteau County,US.MO.ME,52,1,
DeKalb County,US.TN.DE,52,0,
Dawson County,US.TX.DW,52,1,
Hawkins County,US.TN.HW,51,2,
Lake County,US.CO.LK,51,0,
Carroll County,US.OH.CO,51,3,
Franklin city,US.VA.FR,51,2,
Andrew County,US.MO.AN,51,0,
Perry County,US.IL.PY,51,1,
Heard County,US.GA.HD,51,3,
Jasper County,US.TX.JR,51,1,
Stone County,US.MS.ST,51,1,
Swain County,US.NC.SW,51,0,
Murray County,US.MN.MU,51,0,
Macoupin County,US.IL.MP,51,3,
Mason County,US.MI.MN,51,0,
Del Norte County,US.CA.DE,51,0,
Wood County,US.WI.WO,51,1,
Cumberland County,US.VA.CU,51,0,
Marion County,US.KY.MN,51,0,
Osceola County,US.IA.OS,51,0,
Butler County,US.NE.BE,51,0,
Mason County,US.WA.MA,50,1,
Washington County,US.NE.WS,50,1,
Mountrail County,US.ND.MU,50,0,
Hempstead County,US.AR.HE,50,1,
Pennington County,US.MN.PI,50,0,
Colusa County,US.CA.CL,50,0,
Park County,US.WY.PA,50,0,
Pulaski County,US.GA.PL,50,2,
Wythe County,US.VA.WY,50,1,
Seminole County,US.GA.SI,50,2,
Monroe County,US.IA.MR,50,6,
Giles County,US.TN.GL,50,1,
Wheeler County,US.GA.WL,49,0,
Harrison County,US.IA.HR,49,0,
Logan County,US.OK.LG,49,1,
Gloucester County,US.VA.GL,49,1,
Jefferson County,US.FL.JE,49,4,
Clarke County,US.VA.CK,49,0,
Dukes County,US.MA.DU,49,0,
Limestone County,US.TX.LO,49,1,
Hidalgo County,US.NM.HI,49,0,
Grand Traverse County,US.MI.GN,48,5,
Randolph County,US.AR.RA,48,1,
Meade County,US.SD.MD,48,1,
Lee County,US.IA.LE,48,1,
Kearny County,US.KS.KE,48,1,
Dixon County,US.NE.DI,48,1,
Clatsop County,US.OR.CT,48,0,
Polk County,US.WI.PL,48,1,
Sibley County,US.MN.SI,48,2,
Allendale County,US.SC.AL,48,3,
Humboldt County,US.IA.HU,48,1,
Miller County,US.GA.ML,47,0,
Iowa County,US.IA.IO,47,0,
Zapata County,US.TX.ZP,47,0,
Benton County,US.IN.BE,47,0,
Sevier County,US.UT.SE,47,0,
Hancock County,US.IA.HN,47,0,
Sanilac County,US.MI.SL,47,6,
Roberts County,US.SD.RO,47,0,
Desha County,US.AR.DE,47,1,
Sanpete County,US.UT.SP,47,0,
Cortland County,US.NY.CD,47,1,
Yates County,US.NY.YA,46,6,
Fayette County,US.OH.FY,46,0,
Howard County,US.NE.HW,46,4,
Cameron Parish,US.LA.CM,46,0,
Bee County,US.TX.BE,46,0,
Logan County,US.AR.LG,46,0,
Callaway County,US.MO.CA,46,1,
Grant County,US.KS.GT,46,1,
Jasper County,US.IL.JS,46,7,
Patrick County,US.VA.PK,46,1,
Towns County,US.GA.TW,45,1,
Butler County,US.IA.BE,45,2,
Pulaski County,US.VA.PU,45,2,
Adams County,US.IN.AD,45,1,
Campbell County,US.VA.CM,45,1,
Washington County,US.CO.WA,45,0,
Russell County,US.KY.RU,45,4,
Long County,US.GA.LG,45,1,
Defiance County,US.OH.DF,45,3,
Roane County,US.TN.RA,44,0,
Montgomery County,US.IL.MT,44,1,
Sullivan County,US.IN.SU,44,1,
Amelia County,US.VA.AI,44,1,
Calhoun County,US.IA.CO,44,2,
City and Borough of Juneau,US.AK.JU,44,0,
Crawford County,US.GA.CW,44,0,
Christian County,US.MO.CT,44,0,
Buchanan County,US.IA.BC,44,1,
Owen County,US.IN.OW,43,1,
Door County,US.WI.DO,43,3,
Madison County,US.VA.MD,43,1,
Cooke County,US.TX.OO,43,0,
Livingston County,US.IL.LI,43,2,
Hardy County,US.WV.HD,43,0,
Torrance County,US.NM.TO,43,1,
Warren County,US.MO.WR,43,0,
McIntosh County,US.GA.MH,43,1,
Rabun County,US.GA.RB,43,3,
Christian County,US.IL.CI,43,4,
Yancey County,US.NC.YN,43,0,
Baker County,US.GA.BR,43,3,
Essex County,US.NY.ES,42,0,
King William County,US.VA.KW,42,0,
New Madrid County,US.MO.NW,42,1,
Gillespie County,US.TX.GL,42,0,
Jo Daviess County,US.IL.JO,42,1,
Henry County,US.TN.HR,42,0,
Robertson County,US.TX.RO,42,0,
Taos County,US.NM.TA,42,1,
Highland County,US.OH.HI,42,1,
Otero County,US.NM.OT,42,6,
Webster County,US.KY.WE,41,0,
Davison County,US.SD.DV,41,0,
York County,US.NE.YO,41,0,
Mono County,US.CA.MO,41,1,
Delaware County,US.IA.DA,41,1,
Coos County,US.OR.CO,41,0,
Gibson County,US.IN.GI,41,2,
Jackson County,US.TX.JA,41,1,
Hampshire County,US.WV.HM,41,1,
Washington County,US.VT.WA,41,1,
Marshall County,US.WV.MH,41,0,
Duval County,US.TX.DU,41,0,
Greene County,US.PA.GR,41,0,
Richland County,US.ND.RI,41,0,
Taylor County,US.KY.TA,41,1,
Owyhee County,US.ID.OW,41,0,
Polk County,US.TN.PO,41,0,
Teller County,US.CO.TE,41,2,
Franklin County,US.TX.FK,41,0,
Sequoyah County,US.OK.SQ,40,3,
Howard County,US.TX.HW,40,1,
Custer County,US.NE.CU,40,3,
Grant County,US.AR.GN,40,0,
Candler County,US.GA.CR,40,0,
Hart County,US.KY.HT,40,0,
Bingham County,US.ID.BG,40,0,
Douglas County,US.OR.DO,40,0,
Seminole County,US.OK.SM,40,3,
Franklin County,US.ME.FR,40,1,
Appomattox County,US.VA.AP,40,0,
Noble County,US.OK.NB,39,0,
Knox County,US.OH.KN,39,1,
Lyon County,US.IA.LY,39,0,
Forest County,US.WI.FR,39,3,
Pontotoc County,US.OK.PN,39,2,
Washakie County,US.WY.WA,39,5,
Jerauld County,US.SD.JE,39,1,
Carroll County,US.TN.CR,39,1,
Charles City County,US.VA.CC,39,3,
Harvey County,US.KS.HV,39,2,
Morris County,US.TX.MR,38,0,
Washington County,US.NC.WI,38,3,
Kauai County,US.HI.KU,38,0,
Jackson County,US.OK.JA,38,3,
Hockley County,US.TX.HC,38,1,
Little River County,US.AR.LT,38,0,
Lincoln County,US.GA.LC,38,1,
Clayton County,US.IA.CT,38,3,
Cass County,US.TX.CS,38,2,
Millard County,US.UT.MD,38,0,
Mercer County,US.WV.MR,38,0,
Merrick County,US.NE.ME,38,0,
Franklin County,US.MS.FR,38,2,
Wyoming County,US.PA.WM,38,7,
Whitman County,US.WA.WI,38,0,
Arenac County,US.MI.AR,38,2,
Howell County,US.MO.HW,38,0,
Jefferson County,US.WA.JE,38,0,
Boyle County,US.KY.BE,38,0,
Brown County,US.IN.BR,38,1,
Champaign County,US.OH.CH,37,1,
Oxford County,US.ME.OX,37,0,
Morrill County,US.NE.MO,37,0,
Northumberland County,US.VA.NU,37,1,
Dunn County,US.WI.DN,37,0,
Madison County,US.IA.MD,37,2,
Davis County,US.IA.DV,37,1,
Lamb County,US.TX.LB,37,0,
San Miguel County,US.CO.SM,37,0,
Carroll County,US.KY.CL,37,0,
Montgomery County,US.KS.MG,36,3,
Johnson County,US.TN.JO,36,0,
Lincoln County,US.ID.LI,36,0,
Smyth County,US.VA.SM,36,1,
Spencer County,US.KY.SP,36,0,
Fremont County,US.CO.FR,36,0,
Campbell County,US.TN.CM,36,1,
Clallam County,US.WA.CL,36,0,
Amherst County,US.VA.AH,36,0,
Juneau County,US.WI.JU,36,1,
Pike County,US.MO.PI,36,1,
Perquimans County,US.NC.PQ,36,2,
Vernon County,US.WI.VE,35,0,
Monroe County,US.KY.MO,35,1,
Jersey County,US.IL.JR,35,1,
Blackford County,US.IN.BL,35,2,
Madison County,US.ID.MA,35,0,
Lander County,US.NV.LA,35,0,
Jones County,US.NC.JN,35,3,
Cuming County,US.NE.CM,35,0,
Wabaunsee County,US.KS.WB,35,0,
Scioto County,US.OH.SC,35,0,
Grainger County,US.TN.GA,35,0,
Lawrence County,US.MO.LW,34,1,
Aurora County,US.SD.AU,34,0,
Albany County,US.WY.AL,34,0,
Clark County,US.KS.CA,34,0,
Cherokee County,US.NC.CO,34,1,
Clarion County,US.PA.CL,34,2,
Seward County,US.NE.SA,34,1,
Sagadahoc County,US.ME.SA,34,0,
Barron County,US.WI.BR,34,1,
Nowata County,US.OK.NW,34,1,
Woodford County,US.IL.WO,33,2,
Kalkaska County,US.MI.KK,33,2,
Seneca County,US.OH.SE,33,2,
Athens County,US.OH.AS,33,1,
San Jacinto County,US.TX.SJ,33,0,
Mason County,US.TX.MA,33,0,
Henry County,US.KY.HY,33,2,
Nolan County,US.TX.NO,33,0,
Crawford County,US.WI.CR,33,0,
Josephine County,US.OR.JO,33,1,
Grundy County,US.IA.GN,33,0,
Fayette County,US.IA.FT,33,0,
Van Buren County,US.AR.VA,33,2,
Lynn County,US.TX.LY,33,1,
Ogemaw County,US.MI.OG,33,2,
Kossuth County,US.IA.KO,32,0,
Kit Carson County,US.CO.KT,32,3,
Lafayette County,US.FL.LF,32,0,
Meigs County,US.TN.ME,32,0,
Henderson County,US.TN.HS,32,0,
Marshall County,US.OK.MH,32,0,
Williams County,US.ND.WI,32,0,
Calaveras County,US.CA.CA,32,0,
Mitchell County,US.NC.MI,32,0,
Atchison County,US.KS.AT,32,0,
Posey County,US.IN.PS,32,0,
Trinity County,US.TX.TR,32,0,
Mills County,US.IA.ML,32,0,
Sullivan County,US.NH.SU,32,1,
Green Lake County,US.WI.GL,32,0,
Scurry County,US.TX.SU,32,0,
Hamilton County,US.KS.HM,32,0,
Bonner County,US.ID.BR,32,0,
Le Flore County,US.OK.LE,32,1,
Mille Lacs County,US.MN.MI,32,2,
Toole County,US.MT.TO,31,6,
Buchanan County,US.VA.BH,31,0,
Miami County,US.KS.MI,31,0,
Live Oak County,US.TX.LK,31,0,
Charlotte County,US.VA.CT,31,0,
Lunenburg County,US.VA.LN,31,0,
Webster County,US.MO.WE,31,1,
Montgomery County,US.GA.MM,31,0,
Crockett County,US.TN.CK,31,3,
Bourbon County,US.KY.BU,31,1,
Alleghany County,US.VA.AL,31,2,
Iowa County,US.WI.IO,31,0,
Mason County,US.KY.MS,31,0,
Stevens County,US.KS.SV,31,0,
Wabasha County,US.MN.WB,31,0,
Swisher County,US.TX.SW,31,1,
Inyo County,US.CA.IN,31,1,
Alleghany County,US.NC.AL,31,0,
Perry County,US.TN.PE,31,0,
Ford County,US.IL.FO,31,1,
Ravalli County,US.MT.RA,30,0,
Palo Alto County,US.IA.PO,30,0,
Tuolumne County,US.CA.TO,30,0,
Sherman County,US.TX.SN,30,0,
Spencer County,US.IN.SP,30,1,
Perry County,US.OH.PE,30,1,
Tipton County,US.IN.TT,30,1,
Rockbridge County,US.VA.RB,30,0,
Uintah County,US.UT.UN,30,0,
Lamoille County,US.VT.LA,30,1,
Franklin County,US.NY.FR,30,0,
Lewis County,US.NY.LE,30,5,
Madison County,US.TX.AD,30,0,
Brown County,US.MN.BR,30,2,
Lucas County,US.IA.LU,30,4,
Beaver County,US.OK.BA,30,0,
Meade County,US.KS.ME,30,0,
Love County,US.OK.LV,30,0,
Perry County,US.AR.PY,29,0,
Union County,US.KY.UN,29,0,
Missaukee County,US.MI.MU,29,1,
Cleburne County,US.AL.CB,29,1,
Floyd County,US.KY.FO,29,0,
Reeves County,US.TX.RE,29,0,
Rock County,US.MN.RC,29,0,
Karnes County,US.TX.KS,29,0,
Bureau County,US.IL.BU,29,2,
Laclede County,US.MO.LD,29,0,
Cascade County,US.MT.CS,29,2,
Mecosta County,US.MI.MT,29,2,
Columbia County,US.OR.CL,29,0,
Osceola County,US.MI.OE,29,0,
Yellow Medicine County,US.MN.YE,29,0,
Siskiyou County,US.CA.SK,29,0,
Lincoln County,US.OK.LI,29,2,
Neosho County,US.KS.NO,29,0,
Crawford County,US.IN.CW,29,0,
Henry County,US.OH.HE,29,0,
Falls County,US.TX.FL,29,0,
Floyd County,US.TX.FY,28,0,
Somerset County,US.ME.SO,28,0,
Arkansas County,US.AR.AR,28,0,
Fountain County,US.IN.FO,28,2,
Whitley County,US.KY.WH,28,0,
Lincoln County,US.KY.LN,28,1,
Greene County,US.IA.GE,28,0,
Greenup County,US.KY.GU,28,0,
Clare County,US.MI.CE,28,3,
Winneshiek County,US.IA.WH,28,0,
Taylor County,US.GA.TY,28,2,
Wayne County,US.NE.WY,28,0,
Camden County,US.NC.CD,28,0,
Wise County,US.VA.WI,28,2,
Cherokee County,US.KS.CK,28,0,
Hansford County,US.TX.HF,28,2,
Freestone County,US.TX.FE,28,0,
Cheboygan County,US.MI.CY,27,2,
Custer County,US.MT.CU,27,0,
McKenzie County,US.ND.MK,27,0,
Beltrami County,US.MN.BT,27,0,
Blanco County,US.TX.BC,27,1,
Jackson County,US.AR.JA,27,0,
Cannon County,US.TN.CN,27,0,
Donley County,US.TX.DO,27,0,
Lewis and Clark County,US.MT.LE,27,0,
Jackson County,US.WI.JA,27,1,
Leon County,US.TX.LN,27,0,
Gates County,US.NC.GT,27,2,
Gladwin County,US.MI.GL,27,1,
Charlevoix County,US.MI.CV,27,2,
Park County,US.CO.PA,27,0,
Clay County,US.NE.CL,27,0,
Sheridan County,US.WY.SH,27,0,
Benton County,US.MS.BE,27,0,
Emmet County,US.MI.EM,27,2,
Meade County,US.KY.MA,26,2,
Anderson County,US.KY.AN,26,1,
Mariposa County,US.CA.MP,26,1,
Doniphan County,US.KS.DP,26,0,
Marion County,US.TX.MN,26,1,
Tensas Parish,US.LA.TN,26,0,
Phelps County,US.NE.PH,26,0,
Boone County,US.AR.BO,26,1,
Gem County,US.ID.GE,26,0,
Kingfisher County,US.OK.KN,26,0,
Jackson County,US.TN.JA,26,0,
Trigg County,US.KY.TG,26,0,
Gray County,US.KS.GY,26,0,
Twiggs County,US.GA.TG,26,1,
Jefferson County,US.KS.JF,26,0,
Roscommon County,US.MI.RO,26,0,
Hartley County,US.TX.HL,26,0,
Converse County,US.WY.CE,26,0,
Grays Harbor County,US.WA.GY,26,0,
Union County,US.IA.UN,25,0,
Claiborne County,US.TN.CI,25,0,
Tyler County,US.TX.TY,25,0,
Wexford County,US.MI.WE,25,4,
Chickasaw County,US.IA.CC,25,0,
Clinton County,US.MO.CO,25,0,
Barton County,US.MO.BT,25,0,
Menard County,US.IL.MN,25,0,
Schley County,US.GA.SY,25,1,
Waushara County,US.WI.WS,25,0,
Ray County,US.MO.RY,25,0,
Fillmore County,US.MN.FI,25,0,
Franklin County,US.ID.FA,25,0,
Tioga County,US.PA.TI,25,2,
Todd County,US.KY.TO,25,0,
Douglas County,US.WI.DG,25,0,
Pipestone County,US.MN.PS,25,1,
Cleveland County,US.AR.CV,25,0,
Knox County,US.ME.KN,24,1,
Renville County,US.MN.RN,24,2,
Switzerland County,US.IN.SW,24,0,
Van Wert County,US.OH.VA,24,0,
Sharkey County,US.MS.SH,24,0,
Lincoln County,US.ME.LI,24,0,
Chowan County,US.NC.CW,24,0,
Sioux County,US.ND.SI,24,0,
Sabine County,US.TX.SB,24,1,
McLean County,US.KY.ML,24,1,
Aroostook County,US.ME.AR,24,1,
Pocahontas County,US.WV.PO,24,0,
Evans County,US.GA.EV,24,0,
Sequatchie County,US.TN.SQ,24,0,
Houston County,US.MN.HO,24,0,
Yoakum County,US.TX.YA,24,0,
Nemaha County,US.KS.NM,24,0,
Turner County,US.SD.TU,24,0,
Morgan County,US.TN.MG,24,1,
Young County,US.TX.YU,24,1,
Breckinridge County,US.KY.BC,24,2,
Garrard County,US.KY.GR,23,0,
Faulk County,US.SD.FU,23,1,
Fayette County,US.IL.FA,23,3,
Logan County,US.WV.LO,23,1,
Lincoln County,US.WY.LI,23,0,
Aransas County,US.TX.AA,23,0,
Washington County,US.KY.WS,23,0,
Fulton County,US.KY.FU,23,0,
Tillman County,US.OK.TI,23,1,
Delta County,US.MI.DE,23,3,
Treutlen County,US.GA.TE,23,1,
Carter County,US.KY.CR,23,0,
Paulding County,US.OH.PA,23,0,
King and Queen County,US.VA.KA,23,1,
Gulf County,US.FL.GU,23,0,
Walsh County,US.ND.WL,23,0,
Harlan County,US.KY.HL,23,2,
Chester County,US.TN.CS,23,0,
Haskell County,US.KS.HS,23,0,
Warren County,US.GA.WR,23,0,
Winnebago County,US.IA.WB,23,0,
Brule County,US.SD.BU,23,0,
Mercer County,US.KY.MC,23,0,
Jackson County,US.IA.JC,23,0,
Carbon County,US.WY.CB,23,1,
Alexander County,US.IL.AL,22,0,
Mason County,US.IL.MS,22,0,
Mitchell County,US.IA.ME,22,0,
Rowan County,US.KY.RW,22,0,
Hancock County,US.WV.HN,22,0,
Jefferson County,US.PA.JE,22,1,
Vinton County,US.OH.VI,22,2,
Webster County,US.GA.WT,22,1,
Wabash County,US.IL.WB,22,0,
Washington County,US.MO.WS,22,1,
Moody County,US.SD.MO,22,0,
Transylvania County,US.NC.TR,22,1,
Parke County,US.IN.PA,22,0,
Lewis County,US.KY.LI,22,0,
Otoe County,US.NE.OT,22,0,
Amador County,US.CA.AM,22,0,
Martin County,US.IN.MN,22,0,
Howard County,US.IA.HO,22,0,
Otero County,US.CO.OT,22,1,
Humphreys County,US.TN.HU,22,1,
Pamlico County,US.NC.PM,21,0,
Phelps County,US.MO.PH,21,0,
Boone County,US.WV.BN,21,0,
Ketchikan Gateway Borough,US.AK.KG,21,0,
Alcona County,US.MI.AC,21,1,
Stanton County,US.NE.ST,21,0,
San Miguel County,US.NM.SM,21,0,
Franklin County,US.AR.FR,21,0,
Crosby County,US.TX.CB,21,1,
Ida County,US.IA.ID,21,0,
Adams County,US.OH.AD,21,1,
Benewah County,US.ID.BA,21,0,
Decatur County,US.TN.DC,21,0,
Craig County,US.OK.CG,21,0,
Costilla County,US.CO.CS,21,0,
Lake County,US.SD.LK,21,1,
Stewart County,US.TN.SA,21,0,
Knox County,US.NE.KN,21,0,
Rockcastle County,US.KY.RC,21,0,
Ellis County,US.KS.EL,21,0,
Winkler County,US.TX.WI,21,0,
Asotin County,US.WA.AS,21,2,
Grand County,US.CO.GR,21,1,
Zavala County,US.TX.ZV,21,0,
Hamilton County,US.TX.HM,20,1,
Atoka County,US.OK.AT,20,0,
Wilkin County,US.MN.WL,20,3,
Ouachita County,US.AR.OU,20,0,
Guadalupe County,US.NM.GU,20,0,
Prairie County,US.AR.PR,20,0,
Morgan County,US.WV.MA,20,0,
Carbon County,US.MT.CB,20,0,
Prowers County,US.CO.PR,20,0,
Rappahannock County,US.VA.RP,20,0,
Latah County,US.ID.LA,20,0,
Lampasas County,US.TX.LP,20,0,
Swift County,US.MN.SW,20,1,
Big Horn County,US.WY.BI,20,0,
Fleming County,US.KY.FE,20,0,
Izard County,US.AR.IZ,20,1,
Page County,US.IA.PG,20,0,
Baxter County,US.AR.BA,20,0,
Johnson County,US.IL.JH,20,0,
Lyon County,US.KY.LY,20,3,
Carroll County,US.IL.CL,20,2,
Henry County,US.MO.HE,20,3,
Mercer County,US.IL.ME,20,0,
Ste. Genevieve County,US.MO.SG,20,1,
Appanoose County,US.IA.AP,20,3,
Norman County,US.MN.NR,20,0,
Johnson County,US.WY.JO,20,1,
Nodaway County,US.MO.NO,20,0,
Schleicher County,US.TX.SH,20,0,
Pike County,US.OH.PK,20,0,
Bourbon County,US.KS.BB,19,1,
Washington County,US.IL.WG,19,0,
Palo Pinto County,US.TX.PO,19,2,
Manistee County,US.MI.ME,19,0,
Casey County,US.KY.CS,19,0,
Lawrence County,US.SD.LW,19,0,
Cheyenne County,US.NE.CY,19,0,
Caledonia County,US.VT.CA,19,0,
Barnes County,US.ND.BA,19,0,
Ward County,US.TX.WD,19,0,
Piatt County,US.IL.PA,19,0,
Keokuk County,US.IA.KE,19,1,
Clear Creek County,US.CO.CL,19,1,
Ripley County,US.MO.RI,19,0,
Oneida County,US.WI.ON,19,0,
Upshur County,US.WV.UP,19,0,
Adams County,US.WI.AD,19,2,
Grundy County,US.MO.GU,19,0,
Mingo County,US.WV.MO,19,2,
Morgan County,US.UT.MN,19,0,
San Juan County,US.WA.SA,19,0,
Presidio County,US.TX.PS,19,0,
Van Buren County,US.IA.VA,19,0,
Poquoson city,US.VA.PQ,19,0,
Lafayette County,US.AR.LF,18,1,
Hancock County,US.KY.HC,18,0,
Nelson County,US.VA.NL,18,0,
Lake County,US.MT.LA,18,0,
Corson County,US.SD.CO,18,0,
Murray County,US.OK.MR,18,0,
Currituck County,US.NC.CI,18,0,
McCreary County,US.KY.MR,18,0,
Venango County,US.PA.VE,18,0,
Shelby County,US.IL.SB,18,1,
Grant County,US.NM.GR,18,0,
Greenlee County,US.AZ.GE,18,1,
Crawford County,US.IL.CW,18,0,
Jefferson County,US.ID.JF,18,0,
Hancock County,US.IL.HC,18,1,
Cloud County,US.KS.CD,18,0,
Oscoda County,US.MI.OO,18,1,
Lewis County,US.WV.LE,18,2,
Antrim County,US.MI.AN,18,0,
Glacier County,US.MT.GC,18,0,
Stevens County,US.WA.ST,18,1,
Montague County,US.TX.MU,18,1,
Fulton County,US.PA.FU,18,1,
Cedar County,US.NE.CA,17,0,
Pendleton County,US.KY.PN,17,0,
Leelanau County,US.MI.LE,17,0,
Cass County,US.IA.CS,17,0,
Floyd County,US.VA.FO,17,1,
Pacific County,US.WA.PA,17,1,
Bracken County,US.KY.BK,17,0,
Quitman County,US.GA.QU,17,1,
Moultrie County,US.IL.MI,17,0,
McCormick County,US.SC.MC,17,2,
Vernon County,US.MO.VE,17,0,
Teton County,US.ID.TE,17,0,
Mason County,US.WV.MN,17,0,
Juab County,US.UT.JU,17,0,
Comanche County,US.TX.CE,17,1,
Power County,US.ID.PO,17,0,
Terry County,US.TX.TE,17,0,
Audubon County,US.IA.AU,17,1,
Marion County,US.MO.MO,17,0,
Ransom County,US.ND.RN,17,0,
Montgomery County,US.MO.MM,17,0,
Jackson County,US.OH.JA,17,0,
Traill County,US.ND.TR,17,0,
Fentress County,US.TN.FE,17,0,
Lake County,US.OR.LK,17,0,
McKean County,US.PA.MC,17,1,
Bandera County,US.TX.BA,16,0,
Tripp County,US.SD.TR,16,0,
Day County,US.SD.DY,16,0,
Menominee County,US.MI.MM,16,0,
Scott County,US.KS.SC,16,0,
Taylor County,US.WV.TA,16,0,
Martin County,US.TX.MT,16,1,
Callahan County,US.TX.AL,16,2,
Gaines County,US.TX.GS,16,0,
Clay County,US.TN.CY,16,0,
Wheeler County,US.TX.WL,16,0,
Phillips County,US.CO.PH,16,0,
Benton County,US.MO.BN,16,0,
Grant County,US.WV.GA,16,0,
Redwood County,US.MN.RW,16,0,
Hancock County,US.ME.HA,16,1,
Nantucket County,US.MA.NA,15,1,
Elk County,US.PA.EL,15,0,
Middlesex County,US.VA.MI,15,0,
Bath County,US.KY.BH,15,1,
Miller County,US.MO.ML,15,0,
Surry County,US.VA.SR,15,1,
Barbour County,US.WV.BB,15,1,
Hudspeth County,US.TX.HU,15,0,
Fulton County,US.IL.FU,15,0,
Carbon County,US.UT.CR,15,0,
Jim Hogg County,US.TX.JG,15,0,
Polk County,US.MO.PO,15,0,
Caldwell County,US.KY.CD,15,0,
Linn County,US.MO.LN,15,1,
Thomas County,US.KS.TH,15,0,
Tazewell County,US.VA.TA,15,0,
Adair County,US.IA.AI,15,0,
Linn County,US.KS.LN,15,0,
Larue County,US.KY.LR,15,1,
Buena Vista city,US.VA.BE,15,0,
Richland County,US.WI.RI,15,4,
Potter County,US.PA.PO,15,0,
Clark County,US.SD.CK,15,0,
Wayne County,US.KY.WY,15,0,
Wright County,US.MO.WG,15,0,
Giles County,US.VA.GI,15,0,
Wadena County,US.MN.WD,15,0,
Stone County,US.AR.ST,14,0,
Letcher County,US.KY.LT,14,0,
Stone County,US.MO.SE,14,0,
Burt County,US.NE.BT,14,0,
Harrison County,US.MO.HS,14,0,
Ohio County,US.IN.OH,14,0,
Orleans County,US.VT.OL,14,0,
Logan County,US.IL.LO,14,0,
Fillmore County,US.NE.FI,14,1,
Wayne County,US.IL.WY,14,1,
Big Stone County,US.MN.BI,14,0,
Warren County,US.IN.WN,14,1,
Cooper County,US.MO.CP,14,0,
Goliad County,US.TX.GI,14,0,
Silver Bow County,US.MT.SI,14,0,
Okfuskee County,US.OK.OF,14,0,
Grand County,US.UT.GR,14,0,
Franklin County,US.IL.FR,14,0,
Clark County,US.IL.CK,14,0,
Garfield County,US.UT.GA,14,1,
Morgan County,US.MO.MG,14,0,
Ringgold County,US.IA.RI,14,0,
Aitkin County,US.MN.AI,14,0,
Ballard County,US.KY.BA,14,0,
Scott County,US.TN.SC,14,0,
Baca County,US.CO.BA,14,0,
Blaine County,US.OK.BL,14,0,
Gallia County,US.OH.GA,14,1,
Kanabec County,US.MN.KA,14,1,
Dimmit County,US.TX.DM,13,0,
Bosque County,US.TX.BQ,13,0,
Gosper County,US.NE.GO,13,0,
Worth County,US.IA.WT,13,0,
Vermillion County,US.IN.VE,13,0,
Kearney County,US.NE.KA,13,0,
LaMoure County,US.ND.LA,13,0,
Duchesne County,US.UT.DU,13,0,
Pendleton County,US.WV.PE,13,1,
Marquette County,US.WI.MQ,13,1,
Menifee County,US.KY.ME,13,0,
Conejos County,US.CO.CN,13,0,
La Salle County,US.TX.LS,13,0,
Osage County,US.KS.OS,13,0,
Dallas County,US.MO.DL,13,1,
Grant County,US.SD.GA,13,0,
Koochiching County,US.MN.KO,13,1,
Dunn County,US.ND.DU,13,0,
Moffat County,US.CO.MF,13,0,
Valley County,US.ID.VA,13,0,
Schuyler County,US.IL.SU,13,0,
Gasconade County,US.MO.GA,13,0,
Union County,US.IN.UN,13,0,
Bond County,US.IL.BN,13,1,
Walworth County,US.SD.WA,12,0,
Hot Springs County,US.WY.HO,12,0,
Taylor County,US.WI.TA,12,0,
Sawyer County,US.WI.SW,12,0,
Schuyler County,US.NY.SU,12,0,
Stanley County,US.SD.ST,12,0,
Garza County,US.TX.GR,12,0,
Sanborn County,US.SD.SA,12,0,
Effingham County,US.IL.EF,12,1,
Bollinger County,US.MO.BI,12,0,
Gilmer County,US.WV.GI,12,0,
Bates County,US.MO.BS,12,1,
Crawford County,US.MO.CF,12,0,
Fulton County,US.AR.FU,12,0,
Harrison County,US.OH.HR,12,1,
Fall River County,US.SD.FL,12,0,
Benton County,US.TN.BN,12,1,
Union County,US.TN.UO,12,0,
Russell County,US.VA.RU,12,0,
Richland County,US.MT.RI,12,0,
Presque Isle County,US.MI.PR,12,0,
Avery County,US.NC.AV,12,0,
Rains County,US.TX.RI,12,0,
Houston County,US.TN.HO,12,0,
Polk County,US.NE.PO,12,0,
Livingston County,US.MO.LV,12,0,
Madison County,US.NC.MD,12,0,
Randolph County,US.MO.RN,12,0,
Woodward County,US.OK.WW,12,0,
Cass County,US.MN.CS,12,2,
Marshall County,US.MN.MS,12,0,
Refugio County,US.TX.RF,12,0,
McCulloch County,US.TX.MC,12,0,
Monroe County,US.AR.ME,12,0,
Newton County,US.TX.NE,12,0,
Johnston County,US.OK.JO,12,0,
Monroe County,US.WV.ME,12,0,
Hutchinson County,US.SD.HT,12,0,
Lassen County,US.CA.LS,12,0,
Beckham County,US.OK.BC,11,0,
Scott County,US.AR.SC,11,0,
Scotland County,US.MO.SO,11,1,
Greenwood County,US.KS.GW,11,0,
Roane County,US.WV.RO,11,1,
Radford city,US.VA.RD,11,0,
Brown County,US.KS.BR,11,0,
Lancaster County,US.VA.LA,11,0,
Latimer County,US.OK.LA,11,1,
Sierra County,US.NM.SI,11,0,
Sitka City and Borough,US.AK.SI,11,0,
Houghton County,US.MI.HO,11,0,
Pushmataha County,US.OK.PU,11,0,
Massac County,US.IL.MA,11,0,
Cumberland County,US.IL.CU,11,0,
Adams County,US.ID.AM,11,0,
DeKalb County,US.MO.DE,11,0,
Ouray County,US.CO.OU,11,1,
Park County,US.MT.PA,11,0,
Meigs County,US.OH.MS,11,0,
McLean County,US.ND.ML,11,0,
Caribou County,US.ID.CR,11,0,
Lee County,US.VA.LE,11,0,
Bon Homme County,US.SD.BH,11,0,
Sumner County,US.KS.SU,11,1,
Marion County,US.KS.MN,11,1,
Lincoln County,US.NM.LI,11,0,
Spink County,US.SD.SP,11,0,
Pratt County,US.KS.PR,11,0,
Garrett County,US.MD.GA,11,0,
Hamlin County,US.SD.HM,11,0,
Carroll County,US.MO.CL,11,0,
Churchill County,US.NV.CH,11,1,
Hyde County,US.NC.HE,11,0,
Rusk County,US.WI.RU,11,0,
Grand Isle County,US.VT.GR,10,0,
Ralls County,US.MO.RL,10,0,
Furnas County,US.NE.FU,10,1,
Clay County,US.NC.CY,10,0,
Stanton County,US.KS.ST,10,0,
Chippewa County,US.MI.CP,10,0,
Kiowa County,US.OK.KO,10,1,
Benzie County,US.MI.BE,10,0,
Pope County,US.MN.PE,10,0,
Nicholas County,US.WV.NI,10,1,
Tyrrell County,US.NC.TY,10,0,
Lincoln County,US.WI.LI,10,0,
Ramsey County,US.ND.RM,10,1,
Vilas County,US.WI.VI,10,0,
Montgomery County,US.IA.MG,10,2,
Brown County,US.IL.BR,10,0,
Scott County,US.VA.SC,10,2,
Livingston County,US.KY.LV,10,0,
Wetzel County,US.WV.WT,10,0,
Dallas County,US.AR.DA,10,0,
Lexington city,US.VA.LX,10,0,
McCook County,US.SD.MC,10,1,
Edgar County,US.IL.EG,10,0,
Clay County,US.WV.CY,10,1,
Kimball County,US.NE.KB,10,0,
Llano County,US.TX.LL,10,0,
Eastland County,US.TX.EA,10,0,
Rolette County,US.ND.RO,10,0,
Crook County,US.OR.CR,10,0,
Wilbarger County,US.TX.WG,10,0,
Hughes County,US.OK.HU,10,0,
Graham County,US.NC.GH,9,0,
Haskell County,US.OK.HS,9,0,
Orange County,US.VT.OA,9,0,
Lipscomb County,US.TX.LM,9,0,
Concho County,US.TX.ON,9,0,
Johnson County,US.KY.JO,9,0,
Morgan County,US.OH.MA,9,0,
Brooke County,US.WV.BO,9,0,
Jefferson County,US.NE.JE,9,0,
Las Animas County,US.CO.LS,9,0,
Rosebud County,US.MT.RS,9,1,
Crittenden County,US.KY.CT,9,1,
Jack County,US.TX.JK,9,0,
Mackinac County,US.MI.MK,9,0,
Pembina County,US.ND.PE,9,0,
Metcalfe County,US.KY.MT,9,2,
Miner County,US.SD.ME,9,0,
Noble County,US.OH.NO,9,0,
Colfax County,US.NM.CO,9,1,
Emery County,US.UT.EM,9,0,
Tillamook County,US.OR.TI,9,0,
Crockett County,US.TX.CT,9,0,
Hodgeman County,US.KS.HG,9,0,
Decatur County,US.IA.DC,9,0,
Caldwell County,US.MO.CW,9,0,
Republic County,US.KS.RP,9,0,
Saline County,US.IL.SE,9,0,
Daviess County,US.MO.DV,9,0,
Cedar County,US.MO.CD,9,0,
Antelope County,US.NE.AN,9,1,
Plumas County,US.CA.PU,9,0,
Stephens County,US.TX.SE,8,0,
Wells County,US.ND.WE,8,0,
Jefferson County,US.OK.JE,8,0,
Leslie County,US.KY.LS,8,0,
Wayne County,US.IA.WY,8,0,
Lawrence County,US.KY.LC,8,0,
Dickinson County,US.KS.DK,8,0,
Los Alamos County,US.NM.LO,8,0,
Coal County,US.OK.CL,8,0,
Archuleta County,US.CO.AC,8,0,
Dawson County,US.MT.DW,8,0,
Lincoln County,US.WV.LI,8,0,
Marshall County,US.IL.MH,8,0,
Lincoln County,US.MN.LI,8,0,
Pierce County,US.NE.PI,8,0,
Lincoln County,US.MT.LN,8,1,
Henderson County,US.IL.HD,8,0,
Major County,US.OK.MJ,8,1,
Valley County,US.NE.VA,8,0,
Macon County,US.MO.MN,8,0,
Breathitt County,US.KY.BT,8,0,
Madison County,US.MT.MA,8,1,
Morgan County,US.KY.MG,8,0,
Custer County,US.SD.CU,8,0,
Bell County,US.KY.BL,8,0,
Lake County,US.MI.LK,8,0,
Woodson County,US.KS.WO,8,0,
Rooks County,US.KS.RO,8,0,
Langlade County,US.WI.LN,8,0,
Shannon County,US.MO.SN,8,0,
Greene County,US.IL.GE,8,0,
Wallowa County,US.OR.WW,8,0,
Columbia County,US.WA.CM,8,0,
Adams County,US.IA.AM,8,0,
Beaver County,US.UT.BV,8,0,
Hanson County,US.SD.HS,7,0,
Forest County,US.PA.FO,7,0,
Mahnomen County,US.MN.MH,7,1,
Roosevelt County,US.MT.RO,7,0,
Crook County,US.WY.CK,7,0,
Osage County,US.MO.OS,7,0,
Childress County,US.TX.CD,7,0,
Clearwater County,US.MN.CE,7,0,
Knott County,US.KY.KT,7,0,
Lawrence County,US.IL.LW,7,0,
Searcy County,US.AR.SA,7,0,
Hemphill County,US.TX.HH,7,0,
Hand County,US.SD.HD,7,0,
Pike County,US.AR.PE,7,0,
Boone County,US.NE.BO,7,0,
Mineral County,US.CO.MI,7,0,
Van Buren County,US.TN.VA,7,0,
Woods County,US.OK.WS,7,0,
Edmunds County,US.SD.ED,7,0,
Johnson County,US.NE.JO,7,0,
Dickinson County,US.MI.DI,7,2,
Union County,US.NM.UN,7,0,
Coos County,US.NH.CO,7,0,
Morton County,US.KS.MT,7,2,
Craig County,US.VA.CG,7,0,
Gogebic County,US.MI.GO,7,1,
Wyoming County,US.WV.WY,7,0,
Menominee County,US.WI.MN,7,0,
Lewis County,US.MO.LE,7,1,
Buffalo County,US.WI.BF,7,2,
Oregon County,US.MO.OR,7,0,
Moore County,US.TN.MO,7,0,
Curry County,US.OR.CU,7,0,
Runnels County,US.TX.RN,7,0,
Clay County,US.TX.CY,7,0,
Fremont County,US.ID.FE,7,0,
Fremont County,US.IA.FO,7,0,
Sherman County,US.KS.SH,7,0,
Glascock County,US.GA.GS,7,0,
Archer County,US.TX.AC,7,0,
Gilpin County,US.CO.GI,7,0,
Carson County,US.TX.CN,6,0,
Pickett County,US.TN.PI,6,0,
Sargent County,US.ND.SG,6,0,
Iron County,US.WI.IR,6,1,
De Witt County,US.IL.DW,6,0,
Owen County,US.KY.OE,6,0,
Quay County,US.NM.QU,6,1,
Kingsbury County,US.SD.KI,6,0,
Woodruff County,US.AR.WO,6,0,
Somervell County,US.TX.SV,6,0,
Pershing County,US.NV.PE,6,0,
Matthews County,US.VA.MT,6,0,
Edwards County,US.KS.ED,6,0,
Powell County,US.KY.PO,6,0,
Lewis County,US.TN.LE,6,0,
Warren County,US.PA.WR,6,0,
Hamilton County,US.NY.HA,6,1,
McDowell County,US.WV.MC,6,0,
Mercer County,US.ND.ME,6,0,
Carter County,US.MO.CR,6,1,
Mercer County,US.MO.MC,6,0,
Kane County,US.UT.KA,6,0,
Collingsworth County,US.TX.CG,6,0,
Cumberland County,US.KY.CU,6,0,
Franklin County,US.NE.FA,6,0,
Ottawa County,US.KS.OT,6,0,
Franklin County,US.FL.FR,6,0,
Lake County,US.MN.LE,6,0,
Grant County,US.MN.GR,6,0,
Red Willow County,US.NE.RE,6,0,
Clay County,US.KS.CY,6,1,
Jackson County,US.SD.JA,6,1,
Bethel Census Area,US.AK.BE,6,0,
Issaquena County,US.MS.IS,6,1,
Sublette County,US.WY.SU,6,0,
Roseau County,US.MN.RS,6,0,
Madison County,US.MO.MD,6,0,
Trimble County,US.KY.TM,6,0,
Chariton County,US.MO.CI,6,0,
Webster County,US.NE.WE,6,0,
Tucker County,US.WV.TU,6,0,
Pike County,US.IN.PI,6,0,
Marion County,US.AR.MN,6,0,
Menard County,US.TX.EN,6,0,
Delta County,US.TX.DT,6,0,
Newton County,US.AR.NW,5,0,
Broadwater County,US.MT.BR,5,0,
Montmorency County,US.MI.MR,5,0,
Howard County,US.MO.HR,5,0,
Mineral County,US.NV.MI,5,0,
Morris County,US.KS.MR,5,0,
Traverse County,US.MN.TR,5,0,
Burke County,US.ND.BK,5,0,
Monroe County,US.MO.MR,5,0,
Coke County,US.TX.OK,5,1,
Covington city,US.VA.CV,5,0,
Nicholas County,US.KY.NI,5,0,
Nome Census Area,US.AK.NM,5,0,
Nemaha County,US.NE.NE,5,0,
Cotton County,US.OK.CT,5,2,
Hubbard County,US.MN.HU,5,0,
Mitchell County,US.TX.MH,5,0,
Goshen County,US.WY.GO,5,0,
Bottineau County,US.ND.BT,5,0,
Richardson County,US.NE.RI,5,1,
Clinton County,US.KY.CO,5,0,
Renville County,US.ND.RE,5,0,
Sullivan County,US.PA.SL,5,0,
Sioux County,US.NE.SI,5,0,
Magoffin County,US.KY.MF,5,0,
Cheyenne County,US.CO.CE,5,0,
Wahkiakum County,US.WA.WH,5,0,
Fisher County,US.TX.FH,5,1,
Carlisle County,US.KY.CE,5,1,
Hardeman County,US.TX.RD,5,0,
Pleasants County,US.WV.PL,5,0,
Stillwater County,US.MT.ST,5,0,
Haskell County,US.TX.HK,5,0,
Sherman County,US.NE.SM,5,0,
Baraga County,US.MI.BA,5,0,
Skamania County,US.WA.SM,5,0,
Lane County,US.KS.LE,5,0,
Pierce County,US.ND.PI,5,0,
Glasscock County,US.TX.GC,5,0,
Hamilton County,US.IL.HM,5,0,
Marshall County,US.SD.MS,5,0,
Martin County,US.KY.MI,5,0,
Sutton County,US.TX.ST,5,0,
Wayne County,US.MO.WY,5,0,
Kimble County,US.TX.KM,5,0,
Schuyler County,US.MO.SH,5,0,
Eddy County,US.ND.ED,5,0,
Hickman County,US.KY.HA,5,0,
Iron County,US.MI.IR,5,1,
Richland County,US.IL.RI,4,0,
Bent County,US.CO.BE,4,0,
Lac Qui Parle County,US.MN.LC,4,0,
Sheridan County,US.NE.SD,4,0,
Norton city,US.VA.NC,4,0,
Sheridan County,US.KS.SD,4,0,
North Slope Borough,US.AK.NH,4,0,
San Saba County,US.TX.SS,4,0,
Custer County,US.ID.CU,4,0,
Northwest Arctic Borough,US.AK.NW,4,0,
Norton County,US.KS.NT,4,0,
Oldham County,US.TX.OL,4,1,
Tyler County,US.WV.TY,4,0,
Keith County,US.NE.KT,4,0,
Reagan County,US.TX.RG,4,0,
Nance County,US.NE.NA,4,0,
Washburn County,US.WI.WR,4,0,
Rio Blanco County,US.CO.RB,4,0,
Cottle County,US.TX.OT,4,1,
Benson County,US.ND.BE,4,0,
Bennett County,US.SD.BN,4,0,
Chase County,US.KS.CS,4,0,
Green County,US.KY.GN,4,1,
Rice County,US.KS.RC,4,0,
Rich County,US.UT.RH,4,0,
Ness County,US.KS.NS,4,0,
Jeff Davis County,US.TX.JF,4,0,
Bristol city,US.VA.BI,4,0,
Huerfano County,US.CO.HU,4,0,
Maries County,US.MO.MS,4,0,
Estill County,US.KY.ES,4,0,
Emmons County,US.ND.EM,4,1,
Dewey County,US.OK.DW,4,0,
Dewey County,US.SD.DW,4,0,
Allen County,US.KS.AL,4,0,
Petersburg Census Area,US.AK.PB,4,1,
Dickenson County,US.VA.DC,4,0,
Texas County,US.MO.TE,4,0,
Dickey County,US.ND.DC,4,0,
Idaho County,US.ID.ID,4,0,
Douglas County,US.SD.DO,4,0,
Douglas County,US.MO.DO,4,0,
Pend Oreille County,US.WA.PE,4,0,
McPherson County,US.SD.MP,4,0,
Jewell County,US.KS.JW,4,0,
Mitchell County,US.KS.MC,4,0,
Deer Lodge County,US.MT.DE,4,0,
Chautauqua County,US.KS.CQ,4,0,
Worth County,US.MO.WO,4,0,
Wirt County,US.WV.WI,4,0,
Garden County,US.NE.GD,4,0,
Lincoln County,US.CO.LI,4,0,
Lincoln County,US.WA.LI,4,0,
White Pine County,US.NV.WH,4,0,
Boise County,US.ID.BS,4,0,
Stevens County,US.MN.SV,4,0,
White County,US.IL.WE,4,0,
Montgomery County,US.AR.MT,4,0,
Anderson County,US.KS.AN,4,0,
Schoolcraft County,US.MI.SR,4,0,
Coleman County,US.TX.CM,3,0,
Washita County,US.OK.WT,3,0,
Brooks County,US.TX.BK,3,0,
Cameron County,US.PA.CE,3,0,
Washington County,US.ME.WS,3,0,
Valley County,US.MT.VA,3,0,
Upton County,US.TX.UP,3,0,
Bayfield County,US.WI.BY,3,1,
Culberson County,US.TX.UL,3,0,
Highland County,US.VA.HA,3,0,
Kiowa County,US.KS.KW,3,0,
Roberts County,US.TX.RS,3,0,
Jefferson County,US.MT.JE,3,0,
Iron County,US.MO.IR,3,0,
Hyde County,US.SD.HY,3,0,
Hinsdale County,US.CO.HI,3,0,
Hancock County,US.TN.HC,3,0,
Smith County,US.KS.SM,3,0,
Gregory County,US.SD.GE,3,0,
Greeley County,US.NE.GE,3,0,
Grant County,US.ND.GT,3,0,
Granite County,US.MT.GN,3,0,
Shelby County,US.MO.SB,3,0,
Golden Valley County,US.MT.GO,3,0,
Knox County,US.TX.KX,3,0,
Kodiak Island Borough,US.AK.KO,3,0,
Red Lake County,US.MN.RD,3,0,
Atchison County,US.MO.AT,3,0,
Ashland County,US.WI.AS,3,0,
Putnam County,US.MO.PN,3,0,
Wrangell City and Borough,US.AK.WG,3,0,
Armstrong County,US.TX.AM,3,0,
Platte County,US.WY.PL,3,0,
Luce County,US.MI.LU,3,0,
Piute County,US.UT.PT,3,0,
Piscataquis County,US.ME.PI,3,0,
Phillips County,US.KS.PL,3,0,
Alger County,US.MI.AG,3,0,
McHenry County,US.ND.MH,3,1,
Mellette County,US.SD.ML,3,0,
Pawnee County,US.KS.PN,3,0,
Slope County,US.ND.SL,3,0,
Holt County,US.NE.HT,3,0,
Burnett County,US.WI.BN,3,1,
Box Butte County,US.NE.BX,3,0,
Braxton County,US.WV.BX,3,0,
Southeast Fairbanks Census Area,US.AK.SO,3,0,
Dawes County,US.NE.DS,3,0,
Florence County,US.WI.FL,3,0,
Essex County,US.VT.ES,3,0,
Deuel County,US.SD.DU,3,0,
Ellsworth County,US.KS.EW,3,0,
Elliott County,US.KY.EL,3,0,
Stark County,US.IL.SA,3,0,
Dent County,US.MO.DN,3,0,
Dickens County,US.TX.DC,2,0,
Terrell County,US.TX.TL,2,0,
Lemhi County,US.ID.LM,2,0,
Edwards County,US.IL.EW,2,0,
Taliaferro County,US.GA.TA,2,0,
Prince of Wales-Hyder Census Area,US.AK.PH,2,0,
Price County,US.WI.PC,2,0,
Lincoln County,US.NV.LI,2,0,
Catron County,US.NM.CA,2,1,
Pondera County,US.MT.PN,2,0,
Cavalier County,US.ND.CV,2,0,
Pike County,US.IL.PK,2,0,
Alpine County,US.CA.AP,2,0,
Treasure County,US.MT.TR,2,0,
Trinity County,US.CA.TR,2,0,
McIntosh County,US.ND.MI,2,0,
Meagher County,US.MT.ME,2,0,
Comanche County,US.KS.CM,2,0,
Briscoe County,US.TX.BO,2,0,
Calhoun County,US.WV.CH,2,0,
Ozark County,US.MO.OZ,2,0,
Owsley County,US.KY.OS,2,0,
Osborne County,US.KS.OB,2,0,
Yukon-Koyukuk Census Area,US.AK.YU,2,0,
Oneida County,US.ID.ON,2,0,
Oliver County,US.ND.OL,2,0,
Niobrara County,US.WY.NI,2,0,
Knox County,US.MO.KN,2,0,
Reynolds County,US.MO.RE,2,0,
Kittson County,US.MN.KI,2,0,
Custer County,US.CO.CU,2,0,
Gallatin County,US.IL.GA,2,0,
Bland County,US.VA.BL,2,0,
Grant County,US.OK.GN,2,0,
Clay County,US.IL.CY,2,0,
Foster County,US.ND.FO,2,0,
Clark County,US.MO.CK,2,0,
Storey County,US.NV.ST,2,0,
Griggs County,US.ND.GI,2,0,
Haines Borough,US.AK.HA,2,0,
Hall County,US.TX.HA,2,1,
Harper County,US.KS.HP,2,0,
San Juan County,US.CO.SJ,2,0,
Fergus County,US.MT.FE,2,0,
Edwards County,US.TX.ED,2,0,
Summers County,US.WV.SU,2,0,
Cheyenne County,US.KS.CN,2,0,
Jackson County,US.CO.JA,2,0,
Kinney County,US.TX.KN,2,0,
Irion County,US.TX.IR,2,0,
Kidder County,US.ND.KI,2,0,
St. Clair County,US.MO.SC,2,0,
Ritchie County,US.WV.RI,2,0,
Wolfe County,US.KY.WL,2,0,
Boundary County,US.ID.BD,1,0,
Baker County,US.OR.BA,1,0,
Bowman County,US.ND.BW,1,0,
Banner County,US.NE.BA,1,0,
Barber County,US.KS.AB,1,0,
Boyd County,US.NE.BY,1,0,
Beaverhead County,US.MT.BE,1,0,
Alfalfa County,US.OK.AL,1,0,
Wilson County,US.KS.WL,1,0,
Bear Lake County,US.ID.BK,1,0,
Baylor County,US.TX.BR,1,0,
Webster County,US.WV.WB,1,0,
Wheatland County,US.MT.WH,1,0,
Billings County,US.ND.BI,1,0,
Nuckolls County,US.NE.NU,1,0,
Ziebach County,US.SD.ZI,1,0,
Marshall County,US.KS.MS,1,0,
Sierra County,US.CA.SE,1,0,
Putnam County,US.IL.PT,1,0,
Lee County,US.KY.LE,1,0,
Garfield County,US.NE.GF,1,0,
Liberty County,US.MT.LB,1,0,
Stafford County,US.KS.SF,1,0,
Frontier County,US.NE.FO,1,0,
Steele County,US.ND.SE,1,0,
Lincoln County,US.KS.LC,1,0,
Ferry County,US.WA.FE,1,0,
Rush County,US.KS.RH,1,0,
Pope County,US.IL.PE,1,0,
Logan County,US.KS.LG,1,0,
Eureka County,US.NV.EU,1,0,
Ellis County,US.OK.EL,1,0,
Sherman County,US.OR.SH,1,0,
Sheridan County,US.ND.SH,1,0,
Real County,US.TX.RL,1,0,
Harney County,US.OR.HA,1,0,
Holt County,US.MO.HL,1,0,
Hitchcock County,US.NE.HI,1,0,
Hill County,US.MT.HI,1,0,
Hettinger County,US.ND.HE,1,0,
Rock County,US.NE.RO,1,0,
Harper County,US.OK.HP,1,0,
Harmon County,US.OK.HM,1,0,
Gove County,US.KS.GO,1,0,
Harlan County,US.NE.HR,1,0,
Harding County,US.NM.HA,1,0,
Hardin County,US.IL.HI,1,0,
Keweenaw County,US.MI.KW,1,0,
Grant County,US.OR.GR,1,0,
Shackelford County,US.TX.SC,1,0,
Elk County,US.KS.EK,1,0,
Sully County,US.SD.SU,1,0,
Cherry County,US.NE.CH,1,0,
Musselshell County,US.MT.MU,1,0,
Cimarron County,US.OK.CO,1,0,
Trego County,US.KS.TR,1,0,
Cochran County,US.TX.CC,1,0,
Pepin County,US.WI.PE,1,0,
Chase County,US.NE.CE,1,0,
Motley County,US.TX.MY,1,0,
Clearwater County,US.ID.CE,1,0,
Washington County,US.KS.WS,1,0,
Thomas County,US.NE.TO,1,0,
Thayer County,US.NE.TA,1,0,
Cook County,US.MN.CO,1,0,
Camas County,US.ID.CM,1,0,
Calhoun County,US.IL.CH,1,0,
Nelson County,US.ND.NE,1,0,
Divide County,US.ND.DV,1,0,
Mills County,US.TX.MS,1,0,
Dade County,US.MO.DD,1,0,
Kingman County,US.KS.KM,0,0,
Adams County,US.ND.AD,0,0,
Modoc County,US.CA.MC,0,0,
King County,US.TX.KG,0,0,
Keya Paha County,US.NE.KY,0,0,
Loving County,US.TX.LI,0,0,
Kent County,US.TX.KT,0,0,
Mora County,US.NM.MO,0,0,
Robertson County,US.KY.RB,0,0,
Ontonagon County,US.MI.ON,0,0,
Kenedy County,US.TX.KE,0,0,
Kalawao County,US.HI.KL,0,0,
Judith Basin County,US.MT.JU,0,0,
Jones County,US.SD.JO,0,0,
Kiowa County,US.CO.KO,0,0,
Rawlins County,US.KS.RA,0,0,
Mineral County,US.MT.MN,0,0,
Powell County,US.MT.PL,0,0,
Logan County,US.NE.LG,0,0,
Yakutat City and Borough,US.AK.YA,0,0,
Phillips County,US.MT.PH,0,0,
Logan County,US.ND.LO,0,0,
Petroleum County,US.MT.PO,0,0,
Potter County,US.SD.PO,0,0,
McCone County,US.MT.MC,0,0,
Perkins County,US.SD.PR,0,0,
Perkins County,US.NE.PE,0,0,
Powder River County,US.MT.PD,0,0,
McMullen County,US.TX.MM,0,0,
Loup County,US.NE.LU,0,0,
Aleutians West Census Area,US.AK.AW,0,0,
Aleutians East Borough,US.AK.AE,0,0,
Prairie County,US.MT.PR,0,0,
Lewis County,US.ID.LW,0,0,
Arthur County,US.NE.AR,0,0,
McPherson County,US.NE.MC,0,0,
Lake of the Woods County,US.MN.LO,0,0,
Lake and Peninsula Borough,US.AK.LA,0,0,
Pawnee County,US.NE.PA,0,0,
Kusilvak Census Area,US.AK.WA,0,0,
Roger Mills County,US.OK.RR,0,0,
Butte County,US.ID.BT,0,0,
Russell County,US.KS.RS,0,0,
De Baca County,US.NM.DE,0,0,
Esmeralda County,US.NV.ES,0,0,
Sweet Grass County,US.MT.SW,0,0,
Dundy County,US.NE.DY,0,0,
Borden County,US.TX.BD,0,0,
Dolores County,US.CO.DO,0,0,
Doddridge County,US.WV.DO,0,0,
Dillingham Census Area,US.AK.DI,0,0,
Teton County,US.MT.TE,0,0,
Throckmorton County,US.TX.TH,0,0,
Deuel County,US.NE.DL,0,0,
Denali Borough,US.AK.DE,0,0,
Decatur County,US.KS.DC,0,0,
Towner County,US.ND.TO,0,0,
Hoonah-Angoon Census Area,US.AK.HH,0,0,
Daniels County,US.MT.DN,0,0,
Daggett County,US.UT.DG,0,0,
Bristol Bay Borough,US.AK.BR,0,0,
Valdez-Cordova Census Area,US.AK.VA,0,0,
Wayne County,US.UT.WE,0,0,
Clark County,US.ID.CA,0,0,
Wallace County,US.KS.WA,0,0,
Brown County,US.NE.BW,0,0,
Chouteau County,US.MT.CH,0,0,
Carter County,US.MT.CT,0,0,
Campbell County,US.SD.CP,0,0,
Calhoun County,US.AR.CA,0,0,
Fallon County,US.MT.FA,0,0,
Wheeler County,US.NE.WH,0,0,
Wheeler County,US.OR.WE,0,0,
Stonewall County,US.TX.SA,0,0,
Hooker County,US.NE.HO,0,0,
Hickory County,US.MO.HC,0,0,
Sanders County,US.MT.SA,0,0,
Hayes County,US.NE.HY,0,0,
Bath County,US.VA.BA,0,0,
Harding County,US.SD.HR,0,0,
Scott County,US.IL.SO,0,0,
Butte County,US.SD.BT,0,0,
Sedgwick County,US.CO.SE,0,0,
Greeley County,US.KS.GL,0,0,
Grant County,US.NE.GA,0,0,
Graham County,US.KS.GH,0,0,
Sheridan County,US.MT.SH,0,0,
Golden Valley County,US.ND.GO,0,0,
Shoshone County,US.ID.SH,0,0,
Skagway Municipality,US.AK.SW,0,0,
Gilliam County,US.OR.GI,0,0,
Garfield County,US.WA.GF,0,0,
Wichita County,US.KS.WH,0,0,
Wibaux County,US.MT.WI,0,0,
Blaine County,US.MT.BL,0,0,
Blaine County,US.NE.BL,0,0,
Garfield County,US.MT.GF,0,0,
Sterling County,US.TX.SI,0,0,
Foard County,US.TX.FD,0,0,
Haakon County,US.SD.HA,0,0,
