County,hasc,confirmed,death,recovered
Los Angeles County,US.CA.LO,243935,5878,
Miami-Dade County,US.FL.DA,159400,2554,
Maricopa County,US.AZ.MA,134346,2995,
Cook County,US.IL.CO,127616,5073,
Harris County,US.TX.RR,107490,2247,
Broward County,US.FL.BO,72371,1197,
Dallas County,US.TX.DS,72252,973,
Queens County,US.NY.QU,70344,7228,
Kings County,US.NY.KI,65201,7290,
Clark County,US.NV.CL,59857,1157,
Riverside County,US.CA.RI,53306,1033,
Bronx County,US.NY.BN,51711,4913,
Orange County,US.CA.OR,49142,1007,
San Bernardino County,US.CA.SA,48245,743,
Bexar County,US.TX.BX,46913,1119,
Suffolk County,US.NY.SF,44940,2003,
Nassau County,US.NY.NA,44845,2198,
Palm Beach County,US.FL.PL,42518,1134,
Tarrant County,US.TX.TN,39488,620,
San Diego County,US.CA.SD,39121,695,
Hillsborough County,US.FL.HL,37668,554,
Westchester County,US.NY.WE,37057,1452,
Orange County,US.FL.OR,36488,383,
New York County,US.NY.NE,32218,3170,
Wayne County,US.MI.WY,31483,2889,
Kern County,US.CA.KE,29602,292,
Philadelphia County,US.PA.PH,29269,1769,
Middlesex County,US.MA.MI,27756,2071,
Hidalgo County,US.TX.HG,27669,1166,
Shelby County,US.TN.SY,27264,389,
Duval County,US.FL.DU,26807,262,
Travis County,US.TX.TV,26523,366,
Prince George's County,US.MD.PR,26428,796,
Mecklenburg County,US.NC.MB,25703,298,
Fresno County,US.CA.FR,25542,290,
Fulton County,US.GA.FU,25150,527,
Gwinnett County,US.GA.GW,24608,343,
Milwaukee County,US.WI.MU,24263,494,
Salt Lake County,US.UT.SL,24250,231,
Davidson County,US.TN.DA,23703,260,
Suffolk County,US.MA.SU,23632,1110,
Hennepin County,US.MN.HE,23372,883,
Franklin County,US.OH.FR,22161,563,
Bergen County,US.NJ.BE,21691,2035,
Pima County,US.AZ.PM,21294,574,
Cameron County,US.TX.CA,21211,775,
El Paso County,US.TX.EP,20611,439,
Essex County,US.NJ.ES,20392,2117,
Hudson County,US.NJ.HD,20197,1508,
Montgomery County,US.MD.MO,20190,821,
Pinellas County,US.FL.PI,20080,665,
King County,US.WA.KN,19797,731,
St. Louis County,US.MO.SL,19069,737,
Fairfield County,US.CT.FA,18965,1415,
Essex County,US.MA.ES,18961,1240,
Marion County,US.IN.MO,18888,800,
Lee County,US.FL.LE,18878,431,
Alameda County,US.CA.AA,18695,274,
Fairfax County,US.VA.FX,18606,561,
Middlesex County,US.NJ.MI,18483,1417,
Passaic County,US.NJ.PA,18416,1247,
Sacramento County,US.CA.SC,18413,304,
Oakland County,US.MI.OD,18247,1165,
Santa Clara County,US.CA.SL,17802,250,
San Joaquin County,US.CA.SJ,17778,344,
Polk County,US.FL.PO,17292,455,
Cobb County,US.GA.CB,17210,395,
Union County,US.NJ.UN,17137,1351,
Providence County,US.RI.PR,17107,845,
Jefferson County,US.AL.JE,16801,303,
DeKalb County,US.GA.DA,16716,309,
Jefferson Parish,US.LA.JF,16575,549,
Cuyahoga County,US.OH.CU,15925,582,
Baltimore County,US.MD.BC,15665,605,
Richmond County,US.NY.RI,15332,1083,
Wake County,US.NC.WK,15297,202,
Nueces County,US.TX.NU,15145,282,
Jackson County (including other portions of Kansas City),US.MO.JC,15131,135,
Fort Bend County,US.TX.FR,14983,240,
Stanislaus County,US.CA.ST,14902,267,
DuPage County,US.IL.DU,14770,537,
Lake County,US.IL.LK,14697,468,
Baltimore City,US.MD.BA,14569,461,
Tulare County,US.CA.TL,14442,240,
Rockland County,US.NY.RO,14305,508,
Worcester County,US.MA.WO,14241,1055,
Charleston County,US.SC.CS,14151,242,
Contra Costa County,US.CA.CN,14111,183,
Washington,US.DC.DI,14077,608,
East Baton Rouge Parish,US.LA.EB,13911,417,
New Haven County,US.CT.NH,13736,1109,
Oklahoma County,US.OK.OL,13689,156,
Douglas County,US.NE.DG,13671,160,
Hartford County,US.CT.HA,13561,1426,
Tulsa County,US.OK.TU,13557,135,
Polk County,US.IA.PK,13511,226,
Macomb County,US.MI.MB,12936,979,
Mobile County,US.AL.MB,12346,267,
Yuma County,US.AZ.YU,12264,320,
Greenville County,US.SC.GV,12212,264,
Jefferson County,US.KY.JF,12192,265,
Collier County,US.FL.CL,11819,180,
Orleans Parish,US.LA.OR,11687,578,
Will County,US.IL.WL,11676,360,
Orange County,US.NY.OE,11460,409,
Richland County,US.SC.RI,11440,196,
Ada County,US.ID.AA,11374,128,
Hamilton County,US.OH.HM,11356,287,
Kane County,US.IL.KE,11354,314,
Denver County,US.CO.DN,11339,429,
Escambia County,US.FL.ES,11312,189,
Osceola County,US.FL.OS,11298,131,
Ocean County,US.NJ.OC,11259,1026,
Utah County,US.UT.UT,11168,47,
Montgomery County,US.PA.MG,11126,863,
Collin County,US.TX.CI,11119,114,
Webb County,US.TX.WB,11094,189,
Norfolk County,US.MA.NO,11067,1018,
Yakima County,US.WA.YA,10975,242,
Prince William County,US.VA.PW,10944,187,
Ventura County,US.CA.VE,10806,116,
Monmouth County,US.NJ.MN,10780,859,
Imperial County,US.CA.IM,10746,296,
Galveston County,US.TX.GV,10613,142,
Manatee County,US.FL.MN,10532,263,
Delaware County,US.PA.DE,10479,725,
Allegheny County,US.PA.AL,10444,316,
Denton County,US.TX.DN,10239,134,
Erie County,US.NY.ER,10017,607,
Bristol County,US.MA.BR,9858,659,
Pinal County,US.AZ.PN,9690,186,
Plymouth County,US.MA.PL,9667,742,
San Francisco County,US.CA.SF,9617,84,
Brazoria County,US.TX.BI,9592,139,
Volusia County,US.FL.VO,9483,193,
Horry County,US.SC.HO,9422,186,
Ramsey County,US.MN.RA,9311,299,
Lake County,US.IN.LK,9266,316,
Camden County,US.NJ.CM,9198,592,
Montgomery County,US.TX.MG,8800,130,
Marion County,US.FL.MI,8633,192,
Kent County,US.MI.KN,8562,168,
Johnson County,US.KS.JO,8495,118,
Anne Arundel County,US.MD.AN,8469,237,
Mercer County,US.NJ.ME,8349,631,
Lafayette Parish,US.LA.LY,8339,111,
San Mateo County,US.CA.SM,8311,132,
New Castle County,US.DE.NE,8285,301,
Santa Barbara County,US.CA.SB,8229,97,
Hamilton County,US.TN.HL,8217,77,
Seminole County,US.FL.SE,8198,173,
Arapahoe County,US.CO.AA,8179,369,
Pasco County,US.FL.PS,8165,183,
Honolulu County,US.HI.HO,8149,63,
Monterey County,US.CA.MT,8149,58,
Merced County,US.CA.MD,8122,119,
Montgomery County,US.AL.MT,8069,164,
Hampden County,US.MA.HD,8010,747,
Williamson County,US.TX.WM,7969,125,
Rutherford County,US.TN.RU,7930,70,
Hall County,US.GA.HL,7869,128,
Bucks County,US.PA.BC,7856,587,
Lubbock County,US.TX.LU,7754,97,
Adams County,US.CO.AD,7623,198,
Morris County,US.NJ.MR,7514,829,
Caddo Parish,US.LA.CO,7482,323,
Calcasieu Parish,US.LA.CC,7442,192,
Brevard County,US.FL.BE,7423,218,
Sedgwick County,US.KS.SG,7399,50,
Washoe County,US.NV.WA,7326,139,
Canyon County,US.ID.CN,7304,81,
Sarasota County,US.FL.SR,7281,211,
Pulaski County,US.AR.PU,7182,112,
Chatham County,US.GA.CM,7161,125,
St. Lucie County,US.FL.SL,7156,237,
Guilford County,US.NC.GU,7013,170,
Washington County,US.AR.WA,6991,73,
Durham County,US.NC.DH,6968,84,
Pierce County,US.WA.PI,6873,174,
Lancaster County,US.PA.LN,6867,434,
Jefferson County,US.TX.JE,6659,107,
Knox County,US.TN.KN,6629,61,
Leon County,US.FL.LO,6597,36,
Madison County,US.AL.MD,6595,61,
Lake County,US.FL.LK,6581,121,
Hinds County,US.MS.HI,6564,140,
Clayton County,US.GA.CN,6561,142,
Lucas County,US.OH.LU,6527,343,
Burlington County,US.NJ.BU,6457,481,
McLennan County,US.TX.ML,6454,82,
Kings County,US.CA.KI,6385,75,
Sussex County,US.DE.SU,6335,195,
Forsyth County,US.NC.FO,6266,80,
Snohomish County,US.WA.SN,6248,207,
Marin County,US.CA.MN,6230,96,
Montgomery County,US.OH.MT,6210,133,
Wyandotte County,US.KS.WY,6180,115,
St. Tammany Parish,US.LA.ST,6148,240,
City of St. Louis,US.MO.SY,6134,187,
Berks County,US.PA.BK,6129,382,
Richmond County,US.GA.RI,6102,133,
Dakota County,US.MN.DA,6084,112,
Virginia Beach City,US.VA.VI,6081,70,
Multnomah County,US.OR.MU,6081,120,
El Paso County,US.CO.EL,6070,153,
Loudoun County,US.VA.LD,6053,118,
Tuscaloosa County,US.AL.TU,5970,100,
Sonoma County,US.CA.SO,5917,83,
Bernalillo County,US.NM.BE,5861,159,
St. Charles County,US.MO.SA,5861,105,
Lexington County,US.SC.LX,5853,139,
Elkhart County,US.IN.EL,5722,102,
Chester County,US.PA.CH,5702,354,
Waukesha County,US.WI.WK,5650,75,
Navajo County,US.AZ.NA,5625,220,
Solano County,US.CA.SN,5588,47,
Dane County,US.WI.DA,5564,40,
Ouachita Parish,US.LA.OU,5527,129,
Muscogee County,US.GA.MG,5526,141,
Brown County,US.WI.BW,5508,58,
Monroe County,US.NY.MR,5468,257,
Benton County,US.AR.BE,5453,57,
Bibb County,US.GA.BI,5431,130,
Somerset County,US.NJ.SO,5426,566,
Bay County,US.FL.BY,5417,82,
St. Clair County,US.IL.SI,5413,172,
Hays County,US.TX.HY,5410,56,
Spokane County,US.WA.SP,5395,138,
Minnehaha County,US.SD.MN,5389,70,
Alachua County,US.FL.AL,5303,33,
St. Joseph County,US.IN.SN,5233,99,
Lehigh County,US.PA.LH,5223,344,
Chesterfield County,US.VA.CD,5146,83,
Spartanburg County,US.SC.SP,5128,163,
Allen County,US.IN.AL,5088,189,
Cherokee County,US.GA.CE,4962,79,
Bell County,US.TX.BL,4896,65,
Dutchess County,US.NY.DU,4878,153,
Berkeley County,US.SC.BK,4867,83,
Jefferson County,US.CO.JE,4862,238,
Anoka County,US.MN.AN,4816,121,
Lee County,US.AL.LE,4814,56,
Beaufort County,US.SC.BA,4810,69,
Brazos County,US.TX.BZ,4772,56,
Santa Rosa County,US.FL.SA,4763,58,
DeSoto County,US.MS.DE,4713,48,
Shelby County,US.AL.SH,4700,47,
Henrico County,US.VA.HC,4670,194,
Baldwin County,US.AL.BD,4583,42,
Summit County,US.OH.SU,4542,235,
Martin County,US.FL.MT,4509,118,
Henry County,US.GA.HY,4467,81,
Williamson County,US.TN.WL,4465,30,
Howard County,US.MD.HO,4431,117,
Norfolk City,US.VA.NF,4429,57,
St. Johns County,US.FL.SJ,4413,60,
Florence County,US.SC.FL,4360,157,
York County,US.SC.YO,4340,49,
Winnebago County,US.IL.WN,4326,147,
Fayette County,US.KY.FA,4326,57,
Butler County,US.OH.BU,4308,75,
Okaloosa County,US.FL.OA,4245,79,
McKinley County,US.NM.MC,4223,243,
Lancaster County,US.NE.LA,4213,21,
Madison County,US.IL.MD,4182,100,
Benton County,US.WA.BE,4182,122,
Cumberland County,US.NC.CU,4167,67,
Woodbury County,US.IA.WO,4157,56,
Gaston County,US.NC.GS,4149,66,
Sumner County,US.TN.SN,4136,87,
Northampton County,US.PA.NA,4130,301,
Clay County,US.FL.CY,4127,77,
Johnson County,US.IA.JH,4098,26,
Weld County,US.CO.WE,4098,146,
Potter County,US.TX.PT,4098,49,
Tangipahoa Parish,US.LA.TA,4095,102,
Racine County,US.WI.RA,4049,91,
Hillsborough County,US.NH.HI,4048,286,
Union County,US.NC.UN,4036,51,
Whitfield County,US.GA.WF,4030,55,
Hamilton County,US.IN.HM,4029,116,
Cleveland County,US.OK.CV,4019,65,
Davis County,US.UT.DA,3998,23,
Genesee County,US.MI.GE,3994,305,
Franklin County,US.WA.FR,3973,58,
Richmond City,US.VA.RC,3950,49,
Onondaga County,US.NY.OG,3922,179,
McHenry County,US.IL.MY,3907,115,
Marion County,US.OR.MR,3887,80,
Johnston County,US.NC.JH,3883,52,
Madera County,US.CA.ME,3876,55,
Rapides Parish,US.LA.RA,3849,135,
Washington County,US.OR.WI,3838,47,
Black Hawk County,US.IA.BL,3830,76,
Ellis County,US.TX.EI,3828,58,
Chesapeake City,US.VA.CS,3826,49,
Luzerne County,US.PA.LU,3801,188,
Victoria County,US.TX.VI,3796,80,
Atlantic County,US.NJ.AT,3769,252,
Gloucester County,US.NJ.GL,3719,220,
Pitt County,US.NC.PI,3667,19,
Walker County,US.TX.WK,3663,48,
Mohave County,US.AZ.MO,3651,206,
Dorchester County,US.SC.DO,3643,79,
Marshall County,US.AL.MS,3641,42,
Robeson County,US.NC.RB,3625,61,
Cass County,US.ND.CS,3604,76,
Cumberland County,US.NJ.CU,3594,156,
Arlington County,US.VA.AR,3569,141,
Lowndes County,US.GA.LW,3521,67,
Frederick County,US.MD.FR,3513,125,
York County,US.PA.YO,3490,127,
Livingston Parish,US.LA.LV,3429,66,
Alexandria City,US.VA.AX,3415,62,
Ascension Parish,US.LA.AE,3395,92,
Warren County,US.KY.WR,3388,28,
Columbia County,US.FL.CU,3381,38,
Harrison County,US.MS.HR,3375,58,
Greene County,US.MO.GE,3372,10,
Dauphin County,US.PA.DA,3372,165,
Weber County,US.UT.WB,3366,29,
Terrebonne Parish,US.LA.TR,3366,99,
Apache County,US.AZ.AP,3351,154,
Coconino County,US.AZ.CO,3346,127,
Smith County,US.TX.SM,3339,66,
Maverick County,US.TX.MV,3335,82,
Stearns County,US.MN.SR,3306,22,
Lafourche Parish,US.LA.LO,3298,110,
Midland County,US.TX.ID,3272,52,
Alamance County,US.NC.AA,3259,46,
Cabarrus County,US.NC.CR,3255,54,
Anderson County,US.SC.AN,3246,125,
Columbia County,US.GA.CI,3210,45,
Forsyth County,US.GA.FO,3200,33,
San Juan County,US.NM.SJ,3199,192,
Douglas County,US.GA.DL,3192,67,
New Hanover County,US.NC.NE,3154,23,
Clarke County,US.GA.CK,3149,30,
St. Landry Parish,US.LA.SL,3130,114,
Glynn County,US.GA.GY,3077,73,
Jackson County,US.MS.JC,3073,60,
Washington County,US.MN.WH,3071,54,
Placer County,US.CA.PA,3062,34,
Municipality of Anchorage,US.AK.AN,3050,23,
San Luis Obispo County,US.CA.SS,3035,20,
Marion County,US.OH.MR,3009,46,
Madison County,US.MS.MD,3009,83,
Dougherty County,US.GA.DH,3005,179,
Linn County,US.IA.LI,3005,94,
Kenosha County,US.WI.KN,2991,64,
Washtenaw County,US.MI.WS,2944,115,
Morgan County,US.AL.MG,2935,24,
Sebastian County,US.AR.SB,2910,35,
Wilson County,US.TN.WO,2900,31,
Dona Ana County,US.NM.DO,2892,44,
Sarpy County,US.NE.SY,2892,15,
Rankin County,US.MS.RA,2882,65,
Sumter County,US.SC.SU,2869,66,
Mahoning County,US.OH.MH,2868,266,
Indian River County,US.FL.IN,2863,103,
Rowan County,US.NC.RW,2853,68,
Ector County,US.TX.EC,2852,68,
Etowah County,US.AL.ET,2846,42,
Orangeburg County,US.SC.OR,2845,102,
Washington County,US.UT.WN,2843,22,
Wayne County,US.NC.WY,2841,55,
Kaufman County,US.TX.KU,2827,41,
Acadia Parish,US.LA.AD,2821,93,
Jefferson County,US.MO.JE,2819,40,
Boone County,US.MO.BO,2817,6,
Albany County,US.NY.AB,2791,122,
Starr County,US.TX.SR,2782,135,
Iberia Parish,US.LA.II,2738,87,
Santa Cruz County,US.AZ.SA,2732,57,
Bossier Parish,US.LA.BO,2732,93,
Charlotte County,US.FL.CH,2729,113,
Hernando County,US.FL.HA,2710,88,
Umatilla County,US.OR.UM,2707,38,
Houston County,US.GA.HO,2670,70,
Catawba County,US.NC.CB,2645,46,
Kent County,US.DE.KE,2639,110,
Calhoun County,US.AL.CN,2633,38,
Vanderburgh County,US.IN.VA,2624,19,
Troup County,US.GA.TP,2614,86,
Saginaw County,US.MI.SG,2558,132,
Champaign County,US.IL.CM,2557,20,
Johnson County,US.TX.JH,2554,45,
Story County,US.IA.ST,2549,16,
Anderson County,US.TX.AE,2527,18,
Bradley County,US.TN.BR,2524,16,
Harford County,US.MD.HA,2523,70,
Buncombe County,US.NC.BO,2517,72,
Montgomery County,US.TN.MT,2504,30,
Pickaway County,US.OH.PC,2500,43,
Bartow County,US.GA.BT,2479,72,
Suwannee County,US.FL.SW,2464,63,
Yolo County,US.CA.YO,2451,52,
Peoria County,US.IL.PI,2441,40,
Jasper County,US.MO.JS,2440,35,
Randolph County,US.NC.RA,2438,44,
Putnam County,US.TN.PU,2429,30,
Jackson County,US.FL.JA,2414,66,
Charles County,US.MD.CH,2411,94,
Hendricks County,US.IN.HD,2403,130,
Dallas County,US.IA.DL,2391,38,
Iredell County,US.NC.IR,2390,24,
Warren County,US.OH.WR,2388,42,
Comal County,US.TX.OM,2382,96,
Aiken County,US.SC.AI,2378,65,
Ford County,US.KS.FO,2373,10,
Gadsden County,US.FL.GA,2367,31,
Stark County,US.OH.ST,2366,153,
Newport News City,US.VA.NN,2364,28,
Carroll County,US.GA.CL,2346,62,
Floyd County,US.GA.FL,2343,33,
Newton County,US.GA.NE,2342,62,
Paulding County,US.GA.PA,2336,34,
Grant County,US.WA.GN,2331,15,
Boulder County,US.CO.BO,2327,79,
Yavapai County,US.AZ.YA,2324,77,
Orange County,US.NC.OR,2323,50,
Coweta County,US.GA.CA,2284,26,
Oneida County,US.NY.OD,2283,120,
Ottawa County,US.MI.OT,2280,63,
Sevier County,US.TN.SV,2278,12,
Kankakee County,US.IL.KK,2274,71,
Rock Island County,US.IL.RO,2269,58,
Scott County,US.IA.SC,2254,21,
Shawnee County,US.KS.SN,2251,22,
Portsmouth City,US.VA.PR,2242,41,
Pickens County,US.SC.PI,2241,35,
Lee County,US.MS.LE,2240,60,
Randall County,US.TX.RA,2236,31,
Elmore County,US.AL.EL,2234,46,
Clark County,US.WA.CR,2223,56,
Davidson County,US.NC.DD,2220,32,
Kootenai County,US.ID.KO,2220,30,
Butte County,US.CA.BU,2208,23,
Cumberland County,US.ME.CU,2196,70,
Ulster County,US.NY.UL,2178,82,
Jones County,US.MS.JO,2178,74,
DeKalb County,US.AL.DA,2173,17,
Yellowstone County,US.MT.YS,2166,43,
Forrest County,US.MS.FO,2165,66,
Houston County,US.AL.HO,2157,19,
Citrus County,US.FL.CI,2145,60,
Cache County,US.UT.CA,2143,6,
Bulloch County,US.GA.BH,2137,22,
Jefferson County,US.AR.JE,2129,51,
Lackawanna County,US.PA.LC,2117,214,
Lorain County,US.OH.LR,2115,81,
Burleigh County,US.ND.BL,2099,18,
Johnson County,US.IN.JO,2089,129,
Duplin County,US.NC.DP,2085,52,
Scott County,US.MN.SC,2068,32,
McLean County,US.IL.ML,2063,16,
Dubuque County,US.IA.DU,2062,36,
Olmsted County,US.MN.OL,2058,24,
Tom Green County,US.TX.TG,2052,55,
Douglas County,US.CO.DU,2033,60,
Blount County,US.TN.BO,2032,17,
Dakota County,US.NE.DK,2021,42,
Washington County,US.MS.WS,2018,64,
Angelina County,US.TX.AG,2013,69,
Larimer County,US.CO.LR,1985,43,
St. Martin Parish,US.LA.SR,1982,57,
Hendry County,US.FL.HR,1981,39,
Clackamas County,US.OR.CC,1981,56,
Kalamazoo County,US.MI.KA,1979,88,
Outagamie County,US.WI.OU,1974,20,
Val Verde County,US.TX.VL,1957,78,
Walker County,US.AL.WK,1945,77,
Craighead County,US.AR.CG,1932,15,
Gregg County,US.TX.GE,1926,51,
Sumter County,US.FL.SM,1914,54,
Robertson County,US.TN.RB,1908,26,
Guadalupe County,US.TX.GU,1901,72,
Finney County,US.KS.FI,1896,12,
St. Clair County,US.AL.SA,1888,30,
Vermilion Parish,US.LA.VM,1887,46,
Madison County,US.TN.MD,1882,44,
Cass County,US.IN.CS,1879,10,
Santa Cruz County,US.CA.SZ,1878,7,
Greenwood County,US.SC.GW,1877,51,
Barnstable County,US.MA.BA,1870,165,
Nobles County,US.MN.NB,1870,13,
Hall County,US.NE.HL,1866,46,
Burke County,US.NC.BK,1864,30,
Highlands County,US.FL.HG,1846,69,
Columbiana County,US.OH.CL,1843,66,
Sangamon County,US.IL.SM,1837,39,
Westmoreland County,US.PA.WE,1837,49,
Spotsylvania County,US.VA.SP,1836,38,
Liberty County,US.TX.LT,1835,43,
Bonneville County,US.ID.BV,1831,11,
Cochise County,US.AZ.CH,1830,62,
Buena Vista County,US.IA.BV,1828,12,
Lauderdale County,US.MS.LU,1817,108,
Ingham County,US.MI.IH,1814,40,
Rockingham County,US.NH.RO,1813,100,
Manassas City,US.VA.MS,1813,24,
Washington County,US.TN.WI,1812,13,
Barrow County,US.GA.BW,1809,39,
Maury County,US.TN.MU,1807,15,
Coffee County,US.GA.CF,1807,38,
Putnam County,US.FL.PU,1805,38,
Clark County,US.IN.CK,1800,60,
Talladega County,US.AL.TD,1791,22,
Pope County,US.AR.PP,1787,18,
Colquitt County,US.GA.CQ,1784,26,
Orange County,US.TX.OR,1782,35,
St. Mary Parish,US.LA.SM,1773,70,
Trumbull County,US.OH.TR,1758,123,
Porter County,US.IN.PR,1756,43,
Kenton County,US.KY.KE,1756,43,
Wilson County,US.NC.WO,1754,36,
Fairfield County,US.OH.FI,1753,40,
Georgetown County,US.SC.GR,1749,37,
Monroe County,US.FL.MO,1747,16,
Lebanon County,US.PA.LB,1739,57,
Sullivan County,US.TN.SL,1730,26,
Chelan County,US.WA.CH,1730,12,
Stafford County,US.VA.SF,1729,11,
Nassau County,US.FL.NA,1729,22,
Hot Spring County,US.AR.HT,1728,21,
Walworth County,US.WI.WL,1726,31,
Nash County,US.NC.NA,1723,25,
Leavenworth County,US.KS.LV,1721,9,
Monroe County,US.PA.MR,1720,129,
Faulkner County,US.AR.FA,1719,9,
Rock County,US.WI.RO,1718,26,
Litchfield County,US.CT.LI,1717,138,
Baldwin County,US.GA.BD,1715,52,
Limestone County,US.AL.LI,1713,16,
Carroll County,US.MD.CR,1711,123,
Henderson County,US.NC.HN,1710,60,
Kent County,US.RI.KE,1706,103,
Twin Falls County,US.ID.TW,1695,34,
Harnett County,US.NC.HT,1694,46,
Delaware County,US.OH.DL,1688,20,
Lancaster County,US.SC.LN,1685,40,
Rockdale County,US.GA.RO,1678,33,
Walton County,US.FL.WL,1678,20,
Darlington County,US.SC.DA,1677,46,
Suffolk City,US.VA.SO,1674,62,
Kendall County,US.IL.KA,1670,23,
Washington County,US.WI.WN,1669,29,
Hamblen County,US.TN.HB,1668,22,
Cullman County,US.AL.CU,1666,15,
Pottawattamie County,US.IA.PT,1664,34,
Parker County,US.TX.PR,1662,25,
Marshall County,US.IA.MS,1661,32,
St. Charles Parish,US.LA.SC,1660,56,
Crittenden County,US.AR.CD,1659,35,
Dallas County,US.AL.DL,1646,25,
Hale County,US.TX.HE,1644,45,
Russell County,US.AL.RU,1641,2,
Kershaw County,US.SC.KE,1636,29,
Niagara County,US.NY.NI,1632,89,
Cleveland County,US.NC.CV,1630,43,
Beaver County,US.PA.BA,1630,98,
Berrien County,US.MI.BN,1627,70,
Sampson County,US.NC.SP,1627,21,
Licking County,US.OH.LI,1622,57,
Tippecanoe County,US.IN.TP,1621,14,
Bee County,US.TX.BE,1621,23,
Trousdale County,US.TN.TR,1619,6,
Saline County,US.AR.SL,1617,13,
Lincoln County,US.AR.LC,1610,13,
Bastrop County,US.TX.BP,1608,27,
Fayette County,US.GA.FY,1595,39,
New London County,US.CT.NL,1590,107,
Franklin County,US.AL.FR,1580,27,
Wicomico County,US.MD.WI,1575,47,
Hampton city,US.VA.HM,1570,16,
Winnebago County,US.WI.WA,1569,21,
Jackson County,US.GA.JC,1563,26,
Bolivar County,US.MS.BO,1556,54,
Canadian County,US.OK.CN,1556,13,
Cumberland County,US.PA.CU,1553,72,
Granville County,US.NC.GN,1551,45,
Gordon County,US.GA.GO,1549,31,
Franklin County,US.PA.FR,1540,47,
Sullivan County,US.NY.SL,1534,37,
Stanly County,US.NC.SN,1534,31,
Grand Forks County,US.ND.GD,1531,11,
Tift County,US.GA.TI,1530,51,
Walton County,US.GA.WA,1527,48,
Grayson County,US.TX.GO,1527,28,
Lafayette County,US.MS.LY,1527,38,
St. John the Baptist Parish,US.LA.SO,1518,96,
Kanawha County,US.WV.KA,1515,36,
Putnam County,US.NY.PU,1510,63,
Onslow County,US.NC.ON,1509,13,
Laurens County,US.SC.LU,1506,54,
Chatham County,US.NC.CH,1506,56,
DeSoto County,US.FL.DE,1501,22,
Oktibbeha County,US.MS.OK,1497,46,
Harrisonburg City,US.VA.HS,1496,33,
Tipton County,US.TN.TI,1481,15,
Washington Parish,US.LA.WO,1480,60,
Colbert County,US.AL.CL,1479,22,
Pennington County,US.SD.PN,1475,33,
Douglas County,US.KS.DG,1473,8,
Middlesex County,US.CT.MI,1469,192,
Lauderdale County,US.AL.LU,1466,25,
Garland County,US.AR.GL,1458,30,
Napa County,US.CA.NA,1452,13,
Autauga County,US.AL.AU,1452,24,
Lee County,US.NC.LE,1451,13,
Wayne County,US.TN.WY,1450,3,
Clark County,US.OH.CK,1449,28,
Lamar County,US.MS.LM,1447,31,
Allen Parish,US.LA.AL,1447,40,
Caldwell County,US.NC.CL,1441,17,
Neshoba County,US.MS.NS,1439,101,
Sutter County,US.CA.SU,1436,10,
Escambia County,US.AL.ES,1435,22,
Coryell County,US.TX.CL,1432,10,
Hunt County,US.TX.HT,1429,30,
Cherokee County,US.TX.CK,1427,17,
Thomas County,US.GA.TH,1422,52,
Clay County,US.MO.CY,1412,31,
Sussex County,US.NJ.SU,1402,197,
Brunswick County,US.NC.BS,1402,24,
Warren County,US.NJ.WA,1397,171,
Vigo County,US.IN.VI,1387,18,
Muskogee County,US.OK.MO,1381,17,
Seward County,US.KS.SW,1377,4,
Rockwall County,US.TX.RC,1374,21,
Mississippi County,US.AR.MS,1374,22,
Titus County,US.TX.TU,1371,25,
Wood County,US.OH.WO,1371,61,
Habersham County,US.GA.HB,1371,63,
Nacogdoches County,US.TX.NC,1370,50,
Erie County,US.PA.ER,1369,35,
Madison County,US.IN.MD,1353,83,
Laurens County,US.GA.LR,1350,48,
St. Francis County,US.AR.SI,1350,4,
Ware County,US.GA.WE,1349,45,
Wichita County,US.TX.WC,1347,16,
Muskegon County,US.MI.MG,1346,68,
Monroe County,US.MI.MO,1340,28,
Iberville Parish,US.LA.IV,1339,55,
Lake County,US.OH.LK,1339,44,
Washington County,US.MD.WA,1337,33,
Jackson County,US.AL.JA,1335,9,
Rogers County,US.OK.RS,1334,41,
Flagler County,US.FL.FL,1329,15,
Moore County,US.NC.ME,1323,21,
Taylor County,US.TX.TA,1322,35,
Buchanan County,US.MO.BC,1322,10,
Boone County,US.KY.BO,1321,25,
Clermont County,US.OH.CE,1320,15,
Warren County,US.MS.WR,1317,46,
Broome County,US.NY.BO,1315,83,
San Patricio County,US.TX.SP,1313,60,
Blount County,US.AL.BU,1308,11,
Panola County,US.MS.PA,1307,23,
Blue Earth County,US.MN.BE,1303,5,
Avoyelles Parish,US.LA.AV,1303,46,
Lowndes County,US.MS.LO,1297,55,
LaSalle County,US.IL.LA,1291,50,
Hampshire County,US.MA.HS,1285,140,
Comanche County,US.OK.CM,1280,11,
Sunflower County,US.MS.SU,1278,39,
Schenectady County,US.NY.SN,1278,43,
Wright County,US.MN.WR,1277,6,
Chattahoochee County,US.GA.CH,1277,2,
Delaware County,US.IN.DL,1272,58,
Hardeman County,US.TN.HA,1256,22,
Sandoval County,US.NM.SD,1255,37,
Okeechobee County,US.FL.OE,1250,19,
Leflore County,US.MS.LL,1248,75,
Caldwell County,US.TX.CW,1248,34,
St. Bernard Parish,US.LA.SE,1244,27,
Monroe County,US.IN.MR,1240,40,
Payne County,US.OK.PY,1239,5,
Medina County,US.OH.MD,1239,38,
Polk County,US.GA.PO,1236,15,
Chilton County,US.AL.CI,1217,14,
Hunterdon County,US.NJ.HN,1216,125,
Baker County,US.FL.BK,1212,6,
Monongalia County,US.WV.MG,1209,5,
La Crosse County,US.WI.LA,1208,2,
Rice County,US.MN.RI,1207,8,
Williamsburg County,US.SC.WI,1207,39,
Taylor County,US.FL.TA,1207,9,
Lafayette County,US.FL.LF,1205,10,
Roanoke city,US.VA.RO,1203,15,
Wharton County,US.TX.WN,1201,43,
Dodge County,US.WI.DD,1200,5,
LaPorte County,US.IN.LA,1198,31,
Malheur County,US.OR.ML,1196,19,
Spalding County,US.GA.SD,1190,53,
Mower County,US.MN.MW,1187,3,
Eagle County,US.CO.EA,1185,9,
Texas County,US.OK.TE,1181,7,
East Feliciana Parish,US.LA.EF,1181,45,
Wagoner County,US.OK.WG,1179,23,
Surry County,US.NC.SU,1173,17,
Allen County,US.OH.AN,1170,55,
Fond du Lac County,US.WI.FN,1170,10,
Yell County,US.AR.YE,1167,25,
Jefferson Davis Parish,US.LA.JD,1167,36,
Hardin County,US.TX.HN,1166,21,
Sevier County,US.AR.SV,1160,13,
Gibson County,US.TN.GB,1160,16,
Chambers County,US.TX.CH,1155,5,
Douglas County,US.WA.DO,1155,8,
Tolland County,US.CT.TO,1153,65,
Lea County,US.NM.LE,1151,15,
DeKalb County,US.IL.DK,1149,36,
Accomack County,US.VA.AC,1148,19,
Pike County,US.MS.PI,1145,45,
Carver County,US.MN.CV,1140,4,
Tazewell County,US.IL.TA,1139,10,
Bedford County,US.TN.BD,1137,14,
Livingston County,US.MI.LI,1137,29,
Lincoln County,US.NC.LI,1135,13,
Evangeline Parish,US.LA.EV,1134,27,
Medina County,US.TX.ME,1132,36,
Dale County,US.AL.DE,1132,39,
Columbus County,US.NC.CM,1128,52,
San Benito County,US.CA.SI,1123,8,
Moore County,US.TX.MO,1123,18,
Culpeper County,US.VA.CP,1122,14,
St. Mary's County,US.MD.SA,1122,55,
Gila County,US.AZ.GI,1117,48,
Covington County,US.AL.CV,1114,27,
Whatcom County,US.WA.WA,1114,39,
St. Francois County,US.MO.SF,1113,5,
Scott County,US.MS.SC,1108,22,
Hardee County,US.FL.HD,1108,9,
Madison County,US.KY.MD,1107,3,
Coffee County,US.AL.CF,1105,7,
Newton County,US.MO.NT,1104,13,
Navarro County,US.TX.NV,1103,17,
Copiah County,US.MS.CP,1103,31,
Howard County,US.IN.HO,1101,65,
Franklin Parish,US.LA.FR,1093,31,
Oconee County,US.SC.OC,1093,19,
Cass County,US.MO.CS,1092,11,
Sheboygan County,US.WI.SE,1091,9,
Floyd County,US.IN.FL,1091,60,
Wapello County,US.IA.WP,1090,51,
Toombs County,US.GA.TM,1090,24,
Bartholomew County,US.IN.BA,1089,58,
Miami County,US.OH.MM,1088,43,
Gallatin County,US.MT.GL,1086,3,
Washington County,US.PA.WS,1086,27,
Shelby County,US.IN.SH,1086,36,
Pontotoc County,US.MS.PO,1085,13,
Effingham County,US.GA.EF,1083,17,
Rockingham County,US.VA.RG,1080,20,
Franklin County,US.NC.FR,1078,29,
Walker County,US.GA.WK,1069,22,
Tallapoosa County,US.AL.TP,1066,83,
Monroe County,US.MS.MR,1059,60,
Jim Wells County,US.TX.JW,1057,24,
Franklin County,US.MO.FR,1055,22,
Kosciusko County,US.IN.KO,1054,19,
Albemarle County,US.VA.AB,1052,18,
Wilkes County,US.NC.WE,1051,23,
Holmes County,US.MS.HO,1047,54,
Webster Parish,US.LA.WR,1047,20,
Chambers County,US.AL.CM,1045,40,
Webster County,US.IA.WE,1044,9,
McCurtain County,US.OK.MU,1037,30,
Camden County,US.GA.CD,1032,7,
Garfield County,US.OK.GF,1027,12,
Coles County,US.IL.CE,1027,22,
Skagit County,US.WA.SG,1026,22,
Greene County,US.OH.GR,1020,20,
Calhoun County,US.MI.CU,1018,44,
Kitsap County,US.WA.KS,1017,9,
Washington County,US.FL.WS,1017,16,
Coahoma County,US.MS.CH,1013,20,
Dawson County,US.NE.DN,1012,11,
Chesterfield County,US.SC.CF,1010,27,
Lynchburg city,US.VA.LY,1008,5,
Macon County,US.IL.MC,1007,27,
Lee County,US.AR.LE,1006,11,
Craven County,US.NC.CN,1000,26,
Decatur County,US.GA.DC,999,22,
Okanogan County,US.WA.OK,998,7,
Pike County,US.AL.PK,997,9,
Clarke County,US.AL.CK,997,14,
Edgecombe County,US.NC.ED,996,21,
Schuylkill County,US.PA.SC,996,51,
Grimes County,US.TX.GM,995,30,
McDonald County,US.MO.MA,994,10,
Daviess County,US.KY.DA,991,11,
Cape Girardeau County,US.MO.CG,989,8,
Dyer County,US.TN.DY,988,10,
Clarendon County,US.SC.CN,985,63,
Grant County,US.IN.GA,983,34,
Salem County,US.NJ.SA,982,89,
Lincoln County,US.MS.LI,981,51,
El Dorado County,US.CA.EL,980,2,
Newberry County,US.SC.NE,974,15,
Loudon County,US.TN.LO,973,3,
Jackson County,US.IL.JC,973,22,
Muscatine County,US.IA.MU,973,52,
Wayne County,US.GA.WY,973,25,
Marshall County,US.MS.MS,971,13,
Bowie County,US.TX.BW,969,44,
Grenada County,US.MS.GN,966,32,
Pointe Coupee Parish,US.LA.PO,963,37,
Chicot County,US.AR.CT,963,11,
Vernon Parish,US.LA.VN,962,40,
Yazoo County,US.MS.YZ,961,21,
Williamson County,US.IL.WS,960,14,
Hardin County,US.KY.HN,945,9,
Yuba County,US.CA.YU,944,6,
Beauregard Parish,US.LA.BE,944,31,
Rutherford County,US.NC.RU,943,20,
Simpson County,US.MS.SI,942,39,
Crawford County,US.AR.CW,939,9,
Ozaukee County,US.WI.OZ,935,18,
Lincoln County,US.SD.LI,935,2,
St. Clair County,US.MI.SA,934,53,
Liberty County,US.GA.LB,933,18,
Dickson County,US.TN.DI,932,9,
Jefferson County,US.WI.JE,932,6,
Lincoln Parish,US.LA.LN,930,40,
Sherburne County,US.MN.SH,930,13,
Thurston County,US.WA.TH,929,15,
Taney County,US.MO.TA,929,14,
Wakulla County,US.FL.WK,928,7,
Natchitoches Parish,US.LA.NA,924,23,
Levy County,US.FL.LV,923,6,
Riley County,US.KS.RL,922,5,
Dodge County,US.NE.DE,921,11,
Matagorda County,US.TX.MD,921,39,
Vance County,US.NC.VA,919,42,
Sioux County,US.IA.SI,916,3,
Shelby County,US.KY.SH,915,23,
Macon County,US.TN.MC,915,15,
Clay County,US.MN.CA,913,40,
Cape May County,US.NJ.CP,913,95,
Fayette County,US.TN.FA,909,10,
St. Louis County,US.MN.ST,908,24,
Wayne County,US.IN.WY,907,10,
Marshall County,US.IN.MS,901,23,
Henderson County,US.TN.HS,901,8,
Appling County,US.GA.AP,899,23,
Colleton County,US.SC.CT,897,39,
Montgomery County,US.NC.MO,896,18,
Union County,US.MS.UN,894,23,
Chester County,US.SC.CR,892,18,
Leake County,US.MS.LK,890,31,
Lyon County,US.KS.LY,890,17,
Anderson County,US.TN.AN,888,8,
Pueblo County,US.CO.PU,886,34,
Catoosa County,US.GA.CS,885,17,
Boone County,US.IL.BO,884,23,
Hoke County,US.NC.HO,883,13,
Portage County,US.OH.PO,882,65,
Cole County,US.MO.CE,881,4,
Boone County,US.IN.BO,880,49,
Platte County,US.NE.PL,879,3,
Warren County,US.TN.WR,879,7,
Madison County,US.FL.MD,877,16,
Pottawatomie County,US.OK.PT,877,9,
Halifax County,US.NC.HL,875,11,
Butler County,US.AL.BT,872,37,
Christian County,US.KY.CH,872,13,
Bryan County,US.GA.BY,871,9,
Weakley County,US.TN.WE,868,13,
Tuscarawas County,US.OH.TU,868,18,
Willacy County,US.TX.WY,866,42,
Carter County,US.TN.CT,866,19,
Tate County,US.MS.TT,864,35,
Sumter County,US.GA.SU,862,60,
Stephens County,US.GA.SE,862,27,
Henry County,US.VA.HY,858,16,
Greene County,US.TN.GE,857,17,
Cumberland County,US.TN.CU,856,8,
Rockingham County,US.NC.RC,855,8,
Summit County,US.UT.SU,854,1,
Dubois County,US.IN.DU,854,17,
Clinton County,US.IA.CN,853,10,
Jackson County,US.MI.JA,853,40,
Saratoga County,US.NY.SR,852,15,
York County,US.ME.YO,851,15,
Wayne County,US.MS.WY,850,21,
DeWitt County,US.TX.DE,850,25,
Lake County,US.TN.LK,848,2,
Garfield County,US.CO.GA,846,4,
Union Parish,US.LA.UN,845,39,
Rensselaer County,US.NY.RE,844,42,
Oldham County,US.KY.OL,842,24,
Cerro Gordo County,US.IA.CG,842,20,
Worcester County,US.MD.WO,842,25,
Hancock County,US.IN.HC,839,44,
West Baton Rouge Parish,US.LA.WB,838,39,
Eau Claire County,US.WI.EA,838,6,
Obion County,US.TN.OB,837,8,
Crawford County,US.IA.CW,837,3,
Mercer County,US.OH.MC,837,17,
Bay County,US.MI.BY,837,42,
Creek County,US.OK.CE,836,22,
Jackson County,US.OR.JA,835,3,
Madison Parish,US.LA.MA,831,7,
Jefferson County,US.TN.JE,830,7,
Henderson County,US.TX.HD,830,16,
Gulf County,US.FL.GU,829,13,
Santa Fe County,US.NM.ST,828,4,
Kandiyohi County,US.MN.KD,825,1,
Elko County,US.NV.EL,824,4,
De Soto Parish,US.LA.DE,820,33,
McMinn County,US.TN.MM,817,23,
Gonzales County,US.TX.GA,817,13,
Hanover County,US.VA.HV,816,35,
Pettis County,US.MO.PS,816,8,
Noble County,US.IN.NO,814,32,
Windham County,US.CT.WI,810,15,
Harrison County,US.TX.HR,809,28,
Deaf Smith County,US.TX.DI,808,20,
Berkeley County,US.WV.BE,808,11,
Lenoir County,US.NC.LN,808,17,
Cherokee County,US.SC.CK,807,33,
Reno County,US.KS.RN,804,1,
McDowell County,US.NC.MW,804,24,
Chittenden County,US.VT.CH,803,39,
Washington County,US.OK.WN,803,40,
Cecil County,US.MD.CE,802,31,
Butler County,US.PA.BT,801,19,
Marion County,US.AL.MI,799,28,
Adams County,US.MS.AD,797,32,
Calvert County,US.MD.CL,793,28,
Warrick County,US.IN.WI,792,33,
Lamar County,US.TX.LR,791,28,
Pittsylvania County,US.VA.PS,791,4,
Hood County,US.TX.HO,789,22,
Independence County,US.AR.IN,788,7,
Warren County,US.IA.WR,788,5,
Marathon County,US.WI.MH,788,14,
Marion County,US.MS.MI,787,26,
Adams County,US.IL.AD,786,9,
Coffee County,US.TN.CF,785,6,
Monroe County,US.TN.MR,784,15,
Bledsoe County,US.TN.BE,782,4,
Fauquier County,US.VA.FQ,779,9,
Polk County,US.TX.PK,778,18,
Lawrence County,US.TN.LW,776,9,
Emanuel County,US.GA.EM,775,22,
Shenandoah County,US.VA.SN,775,50,
Erie County,US.OH.ER,774,37,
Walla Walla County,US.WA.WL,774,5,
Pender County,US.NC.PD,773,4,
Frederick County,US.VA.FK,772,11,
Wayne County,US.OH.WE,770,61,
Dillon County,US.SC.DI,769,28,
Barbour County,US.AL.BR,768,7,
St. James Parish,US.LA.SJ,767,36,
Johnson County,US.AR.JO,766,4,
Clinton County,US.IL.CN,765,17,
Bradford County,US.FL.BA,764,5,
Plymouth County,US.IA.PM,761,18,
Sabine Parish,US.LA.SB,758,13,
Pearl River County,US.MS.PL,758,48,
Gilmer County,US.GA.GI,755,8,
Chaves County,US.NM.CH,754,6,
Haywood County,US.TN.HY,752,11,
Stark County,US.ND.SR,751,6,
Randolph County,US.IL.RA,750,7,
James City County,US.VA.JA,749,18,
Karnes County,US.TX.KS,747,12,
Marlboro County,US.SC.ML,740,5,
Lonoke County,US.AR.LO,740,4,
Dixie County,US.FL.DI,738,4,
Lumpkin County,US.GA.LP,737,12,
Lane County,US.OR.LE,736,6,
Graham County,US.AZ.GA,735,22,
Harris County,US.GA.HI,733,21,
Hardin County,US.TN.HI,731,10,
Colfax County,US.NE.CO,730,5,
Bladen County,US.NC.BL,729,10,
Lauderdale County,US.TN.LU,728,12,
Ross County,US.OH.RO,727,14,
Covington County,US.MS.CV,725,17,
Cheatham County,US.TN.CA,724,10,
Washington County,US.RI.WA,722,63,
Marion County,US.SC.MI,720,17,
Christian County,US.MO.CT,719,1,
Murray County,US.GA.MA,717,3,
Mitchell County,US.GA.MT,717,45,
Mendocino County,US.CA.MI,716,17,
Morgan County,US.CO.MN,716,48,
Lassen County,US.CA.LS,715,0,
Rusk County,US.TX.RK,714,5,
Greensville County,US.VA.GS,713,11,
Buffalo County,US.NE.BF,713,3,
Campbell County,US.KY.CM,711,15,
Jackson County,US.IN.JC,709,10,
Berkshire County,US.MA.BE,707,46,
Richland County,US.OH.RI,707,17,
Madison County,US.OH.MO,705,11,
Uvalde County,US.TX.UV,704,19,
Erath County,US.TX.ER,704,10,
Richland Parish,US.LA.RI,703,10,
Hamilton County,US.FL.HM,703,6,
Northumberland County,US.PA.NU,703,35,
Tooele County,US.UT.TE,702,0,
Payette County,US.ID.PA,702,4,
Winston County,US.MS.WN,701,19,
Cherokee County,US.OK.CK,700,7,
Fayette County,US.PA.FA,699,6,
Charlottesville City,US.VA.CE,699,20,
Union County,US.AR.UN,698,20,
Brown County,US.SD.BW,696,3,
Dawson County,US.GA.DW,694,7,
Le Flore County,US.OK.LE,694,7,
Deschutes County,US.OR.DE,694,11,
Madison County,US.TX.AD,694,5,
Columbia County,US.PA.CO,692,35,
Tattnall County,US.GA.TT,691,7,
Logan County,US.CO.LO,691,5,
Waupaca County,US.WI.WP,690,18,
George County,US.MS.GR,687,13,
Jasper County,US.SC.JA,687,18,
Crawford County,US.KS.CR,686,1,
Lavaca County,US.TX.LA,686,32,
Belmont County,US.OH.BE,685,26,
Scotland County,US.NC.SC,684,8,
St. Joseph County,US.MI.SJ,684,11,
Big Horn County,US.MT.BI,682,16,
Richmond County,US.NC.RI,681,11,
Curry County,US.NM.CU,680,5,
Adams County,US.PA.AD,680,23,
Newton County,US.MS.NW,679,18,
Hawkins County,US.TN.HW,679,13,
Morton County,US.ND.MR,676,7,
Waller County,US.TX.WR,675,8,
Burnet County,US.TX.BT,675,12,
Jefferson County,US.GA.JR,675,19,
Rhea County,US.TN.RH,672,5,
Roane County,US.TN.RA,671,2,
Grady County,US.GA.GD,671,12,
San Juan County,US.UT.SJ,670,28,
Assumption Parish,US.LA.AS,670,22,
Lee County,US.GA.LE,668,24,
Upson County,US.GA.UP,667,57,
Fairbanks North Star Borough,US.AK.FA,666,8,
Carroll County,US.TN.CR,666,9,
Wise County,US.TX.WE,665,12,
Muhlenberg County,US.KY.MU,662,11,
Burke County,US.GA.BE,660,8,
Graves County,US.KY.GV,656,29,
Lee County,US.SC.LE,655,32,
Holmes County,US.FL.HO,654,5,
Alcorn County,US.MS.AL,654,6,
Sauk County,US.WI.SU,654,3,
Portage County,US.WI.PT,652,1,
Scott County,US.MO.ST,652,14,
Cocke County,US.TN.CE,652,7,
Marengo County,US.AL.ME,651,18,
Iron County,US.UT.RN,651,2,
Jeff Davis County,US.GA.JF,651,12,
Buckingham County,US.VA.BK,649,8,
Osage County,US.OK.OS,649,12,
Fairfield County,US.SC.FA,648,29,
Greene County,US.AR.GE,648,5,
Allegan County,US.MI.AL,648,6,
Tallahatchie County,US.MS.TL,647,13,
Wasatch County,US.UT.WA,646,7,
Yadkin County,US.NC.YD,646,7,
St. Croix County,US.WI.SI,646,7,
Prentiss County,US.MS.PN,644,15,
Van Buren County,US.MI.VA,643,16,
Yamhill County,US.OR.YA,643,14,
Bullitt County,US.KY.BI,643,5,
Kleberg County,US.TX.KL,642,27,
Adams County,US.WA.AD,641,8,
Saline County,US.NE.SL,641,2,
Frio County,US.TX.FO,641,7,
Beadle County,US.SD.BA,641,9,
Ben Hill County,US.GA.BL,638,16,
Bannock County,US.ID.BO,638,3,
Petersburg city,US.VA.PB,637,23,
Lenawee County,US.MI.LN,635,13,
Henry County,US.IN.HY,634,22,
Darke County,US.OH.DA,633,36,
Okmulgee County,US.OK.OM,630,4,
Tama County,US.IA.TM,628,29,
Geauga County,US.OH.GE,627,46,
Flathead County,US.MT.FL,626,7,
Lowndes County,US.AL.LO,624,26,
Miller County,US.AR.ML,621,9,
Union County,US.FL.UN,619,5,
Putnam County,US.GA.PT,619,20,
Marinette County,US.WI.MT,618,6,
Androscoggin County,US.ME.AN,616,10,
Danville City,US.VA.DA,616,16,
Washington County,US.GA.WG,616,5,
Morehouse Parish,US.LA.MO,615,17,
Ashtabula County,US.OH.AB,614,46,
Bryan County,US.OK.BR,613,3,
Jerome County,US.ID.JR,612,6,
Morgan County,US.IN.MG,612,38,
Calhoun County,US.TX.CU,611,7,
Fremont County,US.WY.FR,610,14,
Roanoke County,US.VA.RE,610,4,
Madison County,US.NE.MA,610,5,
Fannin County,US.TX.FI,606,12,
LaGrange County,US.IN.LG,605,11,
Scott County,US.KY.SC,604,5,
Blaine County,US.ID.BL,604,6,
Montgomery County,US.VA.MO,600,4,
Chickasaw County,US.MS.CS,600,22,
Whitman County,US.WA.WI,600,0,
Johnson County,US.MO.JO,599,3,
Beaufort County,US.NC.BA,599,10,
Pittsburg County,US.OK.PI,599,16,
Jones County,US.TX.JN,598,0,
Jackson County,US.OK.JA,597,9,
Monroe County,US.GA.MN,593,43,
Chattooga County,US.GA.CG,593,6,
Attala County,US.MS.AT,592,25,
Itawamba County,US.MS.IT,592,17,
Jasper County,US.IA.JS,590,30,
Plaquemines Parish,US.LA.PL,590,19,
Winston County,US.AL.WN,590,11,
Laurel County,US.KY.LU,588,5,
McClain County,US.OK.ML,588,4,
Lincoln County,US.MO.LO,586,1,
White County,US.TN.WH,586,7,
Sequoyah County,US.OK.SQ,585,8,
Cassia County,US.ID.CS,584,4,
Dearborn County,US.IN.DR,584,30,
McNairy County,US.TN.MA,583,12,
Des Moines County,US.IA.DS,580,5,
Laramie County,US.WY.LA,577,4,
Saluda County,US.SC.SA,577,14,
Shasta County,US.CA.SH,575,12,
Charlton County,US.GA.CT,574,6,
Effingham County,US.IL.EF,574,1,
Washington County,US.TX.WH,573,45,
Prince George County,US.VA.PG,573,2,
Calhoun County,US.FL.CA,573,10,
Atascosa County,US.TX.AT,572,27,
Peach County,US.GA.PH,572,17,
Pasquotank County,US.NC.PU,572,23,
West Feliciana Parish,US.LA.WF,572,21,
Manassas Park city,US.VA.MP,571,7,
Columbia County,US.NY.CU,570,47,
Franklin County,US.GA.FR,569,11,
Walthall County,US.MS.WT,569,24,
Butts County,US.GA.BU,569,40,
Caddo County,US.OK.CD,568,20,
Marshall County,US.TN.MS,568,4,
Oconee County,US.GA.OC,568,20,
Pickens County,US.AL.PC,567,12,
Tishomingo County,US.MS.TS,566,30,
Isle of Wight County,US.VA.IS,566,11,
Hale County,US.AL.HA,564,28,
Minidoka County,US.ID.MI,563,3,
Bibb County,US.AL.BI,562,8,
Bullock County,US.AL.BL,561,14,
Hertford County,US.NC.HD,561,17,
Pulaski County,US.KY.PU,559,7,
Bedford County,US.VA.BF,559,9,
Queen Anne's County,US.MD.QU,558,26,
Clinton County,US.IN.CI,557,12,
Camden County,US.MO.CM,556,8,
Tippah County,US.MS.TP,555,15,
Cabell County,US.WV.CB,555,8,
Winn Parish,US.LA.WI,555,16,
Mercer County,US.PA.ME,553,13,
Delaware County,US.OK.DL,551,22,
Franklin County,US.FL.FR,551,3,
Saline County,US.MO.SI,551,7,
Madison County,US.GA.MD,548,8,
Cowlitz County,US.WA.CW,548,6,
Scurry County,US.TX.SU,548,2,
Bamberg County,US.SC.BM,548,28,
Monroe County,US.AL.MR,547,7,
Hampton County,US.SC.HA,545,23,
Macon County,US.NC.MN,545,2,
Ottawa County,US.OK.OT,544,4,
Lapeer County,US.MI.LP,544,35,
Pike County,US.PA.PI,544,21,
Grady County,US.OK.GD,542,7,
White County,US.AR.WH,542,12,
Wilson County,US.TX.WS,541,25,
Broomfield County and City,US.CO.BR,541,33,
Manitowoc County,US.WI.MW,541,2,
Barnwell County,US.SC.BN,541,14,
Lyon County,US.MN.LY,540,3,
Centre County,US.PA.CT,538,11,
Morgan County,US.IL.MG,538,20,
White County,US.GA.WH,538,13,
Mecklenburg County,US.VA.ME,537,33,
Hancock County,US.OH.HN,536,7,
Franklin County,US.TN.FR,534,4,
Dunklin County,US.MO.DU,532,4,
Lycoming County,US.PA.LY,531,23,
Isabella County,US.MI.IB,530,10,
East Carroll Parish,US.LA.EC,530,3,
Pickens County,US.GA.PE,527,7,
Bacon County,US.GA.BC,526,9,
McCracken County,US.KY.MK,525,6,
Smith County,US.TN.SH,525,8,
Sandusky County,US.OH.SA,525,17,
McDuffie County,US.GA.MU,524,13,
Whiteside County,US.IL.WD,524,19,
Randolph County,US.AL.RA,524,12,
Washington County,US.AL.WS,524,13,
Hopkins County,US.KY.HO,523,36,
Noxubee County,US.MS.NO,523,14,
Pierce County,US.GA.PR,523,13,
Eaton County,US.MI.EA,522,9,
Perry County,US.AL.PE,521,5,
Van Zandt County,US.TX.VN,521,18,
Calumet County,US.WI.CA,520,2,
Caroline County,US.MD.CO,520,3,
Ward County,US.ND.WR,520,1,
Wright County,US.IA.WG,520,1,
Wilcox County,US.AL.WC,519,11,
Valencia County,US.NM.VA,515,4,
Haywood County,US.NC.HW,513,28,
Carteret County,US.NC.CE,513,5,
Eddy County,US.NM.ED,513,5,
Cook County,US.GA.CO,513,11,
Barren County,US.KY.BN,512,8,
Daviess County,US.IN.DI,512,26,
Worth County,US.GA.WO,509,29,
Marion County,US.IA.MI,509,1,
Winona County,US.MN.WN,507,17,
Clinton County,US.MI.CN,505,13,
Merrimack County,US.NH.ME,504,23,
Jefferson County,US.FL.JE,504,6,
Radford city,US.VA.RD,504,0,
Prince Edward County,US.VA.PD,503,12,
Jackson County,US.TX.JA,503,14,
Hancock County,US.MS.HN,502,20,
Oceana County,US.MI.OA,501,6,
Logan County,US.WV.LO,501,30,
Grundy County,US.IL.GU,501,5,
La Paz County,US.AZ.LA,498,15,
Branch County,US.MI.BC,498,3,
Union County,US.GA.UN,497,11,
Edgefield County,US.SC.ED,497,13,
Harrison County,US.IN.HI,496,26,
Platte County,US.MO.PT,495,10,
Poinsett County,US.AR.PN,493,6,
Meriwether County,US.GA.MW,492,9,
Jackson County,US.NC.JA,492,7,
Ogle County,US.IL.OG,489,5,
Marion County,US.MO.MO,489,3,
Davie County,US.NC.DV,489,6,
Conecuh County,US.AL.CO,489,11,
Jasper County,US.MS.JS,486,13,
Fredericksburg City,US.VA.FB,486,5,
Jackson Parish,US.LA.JA,485,21,
Butler County,US.KS.BU,484,2,
Brown County,US.TX.BN,483,20,
Clay County,US.MS.CY,483,16,
Franklin County,US.KY.FR,483,11,
Lawrence County,US.AL.LW,483,5,
DeKalb County,US.TN.DE,482,6,
Calhoun County,US.MS.CN,482,11,
Huron County,US.OH.HU,481,6,
Matanuska-Susitna Borough,US.AK.MA,481,2,
Elbert County,US.GA.EL,479,1,
Smith County,US.MS.SM,479,13,
Wood County,US.WI.WO,478,3,
Brooks County,US.GA.BO,478,22,
Clarke County,US.MS.CE,477,30,
Crisp County,US.GA.CP,476,15,
Crenshaw County,US.AL.CA,476,29,
Saline County,US.KS.SA,476,9,
Talbot County,US.MD.TA,475,4,
Williams County,US.ND.WI,475,3,
Carroll County,US.AR.CL,474,7,
Henry County,US.TN.HR,474,7,
Fannin County,US.GA.FN,473,8,
Cambria County,US.PA.CI,473,5,
Monroe County,US.IL.MR,472,14,
Henry County,US.IL.HY,472,1,
Nye County,US.NV.NY,472,14,
Jessamine County,US.KY.JS,471,0,
Ellis County,US.KS.EL,470,1,
Adair County,US.OK.AD,469,10,
York County,US.VA.YO,468,6,
Blair County,US.PA.BL,468,11,
Gilchrist County,US.FL.GI,468,10,
Glenn County,US.CA.GL,467,3,
Nodaway County,US.MO.NO,467,1,
Lincoln County,US.OR.LC,466,13,
Colusa County,US.CA.CL,466,6,
Lawrence County,US.IN.LW,466,29,
Lawrence County,US.PA.LW,466,18,
Limestone County,US.TX.LO,465,8,
Union County,US.SC.UN,464,7,
Jefferson County,US.IL.JF,463,35,
Dorchester County,US.MD.DO,461,7,
Madison County,US.NY.MA,461,9,
Jefferson County,US.OR.JE,461,7,
Watauga County,US.NC.WT,460,0,
Knox County,US.IL.KX,460,3,
Glades County,US.FL.GL,459,3,
Jones County,US.GA.JE,459,4,
Tuscola County,US.MI.TU,459,29,
Newport County,US.RI.NE,457,4,
Bingham County,US.ID.BG,454,5,
Lawrence County,US.OH.LW,454,14,
Ottawa County,US.OH.OT,453,29,
Geneva County,US.AL.GE,453,4,
Todd County,US.MN.TO,452,2,
Anson County,US.NC.AN,452,3,
Kittitas County,US.WA.KT,452,21,
Tunica County,US.MS.TU,451,12,
Concordia Parish,US.LA.CR,450,10,
Overton County,US.TN.OV,450,2,
Nevada County,US.CA.NE,450,5,
Bertie County,US.NC.BT,448,6,
Box Elder County,US.UT.BE,448,5,
Montgomery County,US.IN.MM,448,22,
Giles County,US.TN.GL,448,15,
Colorado County,US.TX.CO,448,3,
Winchester city,US.VA.WH,447,4,
Greene County,US.GA.GE,446,19,
Cherokee County,US.NC.CO,446,5,
Watonwan County,US.MN.WT,445,4,
Nicollet County,US.MN.NI,445,15,
White County,US.IN.WH,444,13,
Lee County,US.IA.LE,443,5,
Macon County,US.AL.MC,442,19,
Shelby County,US.TX.SY,442,19,
Steele County,US.MN.SE,441,2,
Claiborne County,US.MS.CB,441,16,
Putnam County,US.IN.PT,441,8,
Morrow County,US.OR.MO,440,3,
Indiana County,US.PA.IN,440,10,
Milam County,US.TX.MI,440,5,
Abbeville County,US.SC.AB,439,10,
Henderson County,US.KY.HE,438,3,
Kerr County,US.TX.KR,438,9,
Grant Parish,US.LA.GR,438,30,
Decatur County,US.IN.DC,437,38,
Oconto County,US.WI.OC,436,2,
Auglaize County,US.OH.AU,436,8,
Liberty County,US.FL.LI,436,7,
Polk County,US.OR.PO,436,15,
Shiawassee County,US.MI.SH,436,30,
Missoula County,US.MT.MS,436,3,
Union County,US.IL.UN,435,24,
Fayette County,US.IN.FA,435,10,
Grant County,US.WI.GA,435,18,
Carson City,US.NV.CA,434,8,
Teton County,US.WY.TE,433,1,
Franklin County,US.MA.FR,432,65,
Dickinson County,US.IA.DI,431,6,
Midland County,US.MI.MD,428,11,
Palo Pinto County,US.TX.PO,428,11,
Chautauqua County,US.NY.CQ,428,4,
Carroll County,US.IA.CL,428,3,
Logan County,US.KY.LO,427,26,
Johnson County,US.TN.JO,427,1,
Howard County,US.AR.HW,427,5,
Trempealeau County,US.WI.TR,426,2,
Carbon County,US.PA.CB,425,28,
Lincoln County,US.TN.LI,424,1,
Tehama County,US.CA.TE,424,1,
Hart County,US.GA.HT,423,11,
Calloway County,US.KY.CW,423,7,
Greene County,US.NC.GE,422,4,
Bienville Parish,US.LA.BI,421,32,
New Madrid County,US.MO.NW,421,5,
Morgan County,US.GA.MO,420,2,
Union County,US.OR.UN,420,2,
Cherokee County,US.AL.CH,420,12,
Mayes County,US.OK.MY,420,9,
Adams County,US.NE.AD,419,11,
Austin County,US.TX.AU,419,6,
Mesa County,US.CO.ME,419,5,
Early County,US.GA.EA,419,32,
Hawaii County,US.HI.HA,418,3,
Carter County,US.OK.CR,417,6,
Kenai Peninsula Borough,US.AK.KN,416,2,
Calhoun County,US.SC.CH,416,15,
Crockett County,US.TN.CK,416,14,
Cass County,US.MI.CS,415,16,
Alexander County,US.NC.AE,414,3,
Perry County,US.MO.PR,412,4,
Benton County,US.MN.BN,412,3,
Montgomery County,US.MS.MT,411,18,
Carroll County,US.VA.CL,411,19,
Atkinson County,US.GA.AT,410,3,
Bell County,US.KY.BL,409,8,
Wood County,US.TX.WO,408,15,
Phillips County,US.AR.PH,407,10,
Sumter County,US.AL.SU,406,19,
Lawrence County,US.MS.LW,406,11,
Jasper County,US.TX.JR,406,19,
Freeborn County,US.MN.FR,402,1,
Pulaski County,US.MO.PA,400,2,
Athens County,US.OH.AS,399,2,
Galax city,US.VA.GA,398,28,
Cibola County,US.NM.CI,398,20,
Louisa County,US.IA.LO,397,14,
Humboldt County,US.CA.HU,397,4,
Allegany County,US.MD.AL,396,20,
La Salle Parish,US.LA.LA,395,5,
Hickman County,US.TN.HN,394,4,
Chester County,US.TN.CS,394,6,
Warren County,US.VA.WR,394,6,
Bureau County,US.IL.BU,393,9,
Ontario County,US.NY.OR,393,28,
Henry County,US.AL.HE,392,4,
Linn County,US.OR.LN,391,13,
Union County,US.PA.UN,390,6,
Strafford County,US.NH.ST,390,13,
Parmer County,US.TX.PM,389,7,
Claiborne Parish,US.LA.CI,389,13,
Banks County,US.GA.BS,389,6,
Berrien County,US.GA.BN,388,7,
Ashley County,US.AR.AS,388,7,
Ohio County,US.KY.OH,388,9,
Adams County,US.IN.AD,387,3,
Stephenson County,US.IL.SN,387,6,
Freestone County,US.TX.FE,386,1,
Le Sueur County,US.MN.LU,386,2,
Clay County,US.AL.CY,385,6,
Butler County,US.MO.BE,383,3,
Yalobusha County,US.MS.YL,381,13,
Catahoula Parish,US.LA.CT,381,6,
Washington County,US.VA.WG,381,9,
Clay County,US.SD.CY,381,2,
Union County,US.OH.UN,381,1,
Scioto County,US.OH.SC,378,3,
Greene County,US.IN.GE,378,38,
Hill County,US.TX.HI,378,10,
Shelby County,US.OH.SH,376,4,
Barron County,US.WI.BR,375,3,
Fayette County,US.TX.FT,375,16,
Andrews County,US.TX.AR,374,8,
Boone County,US.AR.BO,374,3,
Evans County,US.GA.EV,373,5,
St. Helena Parish,US.LA.SH,373,2,
Huntingdon County,US.PA.HU,373,5,
Claiborne County,US.TN.CI,372,3,
Raleigh County,US.WV.RL,372,4,
Augusta County,US.VA.AU,372,4,
McLeod County,US.MN.MC,369,1,
Scotts Bluff County,US.NE.SC,368,6,
Seneca County,US.OH.SE,368,12,
Stewart County,US.GA.SW,367,11,
Knox County,US.KY.KX,367,9,
Columbia County,US.WI.CO,366,2,
La Salle County,US.TX.LS,365,4,
Jefferson County,US.WV.JE,365,4,
Jefferson County,US.ID.JF,365,1,
Logan County,US.AR.LG,365,1,
Summit County,US.CO.SU,365,4,
Fayette County,US.WV.FA,365,10,
Grand Traverse County,US.MI.GN,364,7,
Lawrence County,US.MO.LW,363,2,
Nelson County,US.KY.NE,363,2,
Brookings County,US.SD.BK,362,1,
Page County,US.VA.PA,362,26,
Macoupin County,US.IL.MP,362,5,
Southampton County,US.VA.SA,361,13,
Barry County,US.MO.BR,360,5,
Hancock County,US.GA.HC,360,39,
Bleckley County,US.GA.BK,359,17,
Preble County,US.OH.PR,359,4,
Putnam County,US.OH.PU,359,17,
Rio Arriba County,US.NM.RI,359,13,
Bristol County,US.RI.BR,358,16,
Codington County,US.SD.CD,357,2,
Candler County,US.GA.CR,356,15,
Chippewa County,US.WI.CH,354,0,
Vermilion County,US.IL.VE,353,4,
Knox County,US.IN.KN,353,3,
Martin County,US.NC.MR,352,7,
Holmes County,US.OH.HL,351,7,
DeKalb County,US.IN.DE,351,8,
Hopewell city,US.VA.HW,350,4,
Lake County,US.CA.LK,350,5,
Franklin County,US.IL.FR,349,1,
Telfair County,US.GA.TF,349,13,
Boone County,US.IA.BO,349,4,
Live Oak County,US.TX.LK,349,6,
Lewis County,US.WA.LE,348,4,
Johnson County,US.GA.JH,347,13,
Washington County,US.IA.WS,347,11,
Pemiscot County,US.MO.PM,346,9,
Sussex County,US.VA.SS,345,9,
Montrose County,US.CO.MO,345,13,
Callaway County,US.MO.CA,344,2,
Northampton County,US.NC.NO,343,17,
Marion County,US.TN.MI,342,7,
Humphreys County,US.MS.HU,342,15,
Maui County,US.HI.MA,342,8,
Houston County,US.TX.HS,341,9,
Bremer County,US.IA.BR,340,7,
Warren County,US.MO.WR,337,0,
Quitman County,US.MS.QU,337,4,
Stokes County,US.NC.SO,337,3,
Lyon County,US.NV.LY,336,6,
Person County,US.NC.PN,336,5,
Polk County,US.TN.PO,335,10,
Campbell County,US.VA.CM,335,3,
Dodge County,US.GA.DG,334,7,
Wise County,US.VA.WI,334,5,
Hempstead County,US.AR.HE,334,3,
Campbell County,US.TN.CM,333,3,
Jenkins County,US.GA.JK,333,25,
Haralson County,US.GA.HS,333,8,
Miami County,US.IN.MI,333,2,
Seminole County,US.OK.SM,332,5,
Custer County,US.OK.CU,332,0,
Cooke County,US.TX.OO,331,4,
Duval County,US.TX.DU,331,10,
Upshur County,US.TX.US,329,6,
Jasper County,US.IN.JS,329,2,
Martinsville city,US.VA.MR,329,6,
Beltrami County,US.MN.BT,327,1,
Fayette County,US.AL.FA,327,6,
Richmond County,US.VA.RI,327,4,
Kay County,US.OK.KA,327,12,
Choctaw County,US.AL.CC,326,12,
Gibson County,US.IN.GI,326,4,
Lamar County,US.GA.LM,325,16,
Scott County,US.IN.SC,324,12,
Armstrong County,US.PA.AR,324,10,
Pike County,US.KY.PI,324,3,
Stone County,US.MS.ST,323,10,
Red River Parish,US.LA.RE,322,20,
Mason County,US.WA.MA,322,1,
Warren County,US.NY.WR,322,30,
Butler County,US.KY.BR,322,16,
Chisago County,US.MN.CG,321,1,
Perry County,US.MS.PY,321,9,
Terrell County,US.GA.TL,320,31,
Panola County,US.TX.PN,320,21,
Mercer County,US.WV.MR,318,23,
Decatur County,US.TN.DC,317,4,
Randolph County,US.GA.RN,317,27,
Meade County,US.SD.MD,317,1,
West Carroll Parish,US.LA.WC,316,9,
Chaffee County,US.CO.CA,316,19,
Luna County,US.NM.LU,316,5,
Camp County,US.TX.CP,316,8,
Harlan County,US.KY.HL,315,8,
Steuben County,US.NY.ST,315,39,
Crow Wing County,US.MN.CW,315,16,
Franklin city,US.VA.FR,313,7,
Nez Perce County,US.ID.NE,313,19,
Fulton County,US.NY.FU,311,28,
Randolph County,US.AR.RA,311,12,
Greene County,US.NY.GR,310,14,
Iroquois County,US.IL.IR,310,19,
Brantley County,US.GA.BA,310,8,
Cass County,US.IL.CS,309,11,
Wood County,US.WV.WO,309,5,
Polk County,US.MO.PO,309,0,
Logan County,US.OK.LG,308,1,
Muskingum County,US.OH.MU,308,2,
Drew County,US.AR.DR,308,5,
Oswego County,US.NY.OS,307,3,
Amherst County,US.VA.AH,307,1,
Webster County,US.MS.WE,307,13,
Jefferson Davis County,US.MS.JD,307,9,
Laclede County,US.MO.LD,307,1,
Owyhee County,US.ID.OW,306,5,
Orleans County,US.NY.OL,306,55,
Lincoln County,US.OK.LI,305,8,
Northampton County,US.VA.NA,304,29,
Sweetwater County,US.WY.SW,304,2,
Geary County,US.KS.GE,304,2,
Herkimer County,US.NY.HE,303,10,
Pecos County,US.TX.PE,303,4,
Hillsdale County,US.MI.HI,303,26,
Uinta County,US.WY.UI,303,2,
Columbia County,US.AR.CI,303,15,
Ionia County,US.MI.II,302,7,
Newaygo County,US.MI.NE,301,1,
Brunswick County,US.VA.BU,301,2,
Stoddard County,US.MO.SD,301,9,
Clinch County,US.GA.CC,300,4,
Barton County,US.KS.BT,300,5,
Sullivan County,US.IN.SU,300,9,
Greene County,US.MS.GE,300,14,
Franklin County,US.IA.FN,300,17,
Madison County,US.AR.MD,299,2,
Cascade County,US.MT.CS,299,5,
Natrona County,US.WY.NA,298,1,
Harvey County,US.KS.HV,298,5,
Screven County,US.GA.SR,298,9,
Perry County,US.IL.PY,298,10,
Dinwiddie County,US.VA.DN,298,8,
Rosebud County,US.MT.RS,297,5,
Genesee County,US.NY.GE,297,6,
Otter Tail County,US.MN.OT,297,4,
Lamar County,US.AL.LM,296,2,
Bradley County,US.AR.BR,296,6,
Putnam County,US.WV.PU,294,0,
Pierce County,US.WI.PI,294,6,
Allendale County,US.SC.AL,294,6,
Henry County,US.IA.HE,294,4,
Carroll County,US.MS.CL,294,12,
Burleson County,US.TX.BU,293,6,
Gunnison County,US.CO.GU,292,7,
Seminole County,US.GA.SI,292,8,
Steuben County,US.IN.SE,291,5,
Elmore County,US.ID.EL,291,3,
Warren County,US.NC.WR,291,7,
Perry County,US.KY.PR,291,8,
Monroe County,US.WI.MO,290,2,
Lamb County,US.TX.LB,290,19,
Wilkinson County,US.GA.WI,289,17,
Ohio County,US.WV.OH,289,6,
Woodford County,US.IL.WO,288,3,
Washington County,US.ID.WA,288,4,
Dooly County,US.GA.DO,287,14,
Rabun County,US.GA.RB,287,6,
Shawano County,US.WI.SA,287,0,
Little River County,US.AR.LT,287,15,
Franklin County,US.IN.FR,286,26,
Stone County,US.MO.SE,286,2,
Greene County,US.AL.GR,286,15,
Arkansas County,US.AR.AR,286,3,
Marion County,US.IL.MO,286,0,
Hamilton County,US.IA.HM,286,2,
Howell County,US.MO.HW,285,3,
Jersey County,US.IL.JR,285,6,
Oglethorpe County,US.GA.OG,283,11,
Cross County,US.AR.CO,283,5,
Pike County,US.GA.PK,283,8,
Caldwell Parish,US.LA.CW,282,3,
Smyth County,US.VA.SM,282,5,
Grainger County,US.TN.GA,282,1,
Wayne County,US.NY.WN,281,3,
Wilkinson County,US.MS.WK,281,17,
Zapata County,US.TX.ZP,281,4,
Tompkins County,US.NY.TO,280,0,
Howard County,US.TX.HW,280,8,
Turner County,US.GA.TR,279,21,
Amite County,US.MS.AM,279,7,
St. Lawrence County,US.NY.SI,279,4,
Jennings County,US.IN.JN,279,14,
Cherokee County,US.KS.CK,278,2,
Logan County,US.IL.LO,276,1,
Lincoln County,US.NE.LI,276,2,
Jefferson County,US.OH.JE,275,4,
Kemper County,US.MS.KE,275,15,
Union County,US.SD.UN,273,5,
Audrain County,US.MO.AU,273,1,
Island County,US.WA.IS,272,11,
Hockley County,US.TX.HC,272,5,
Refugio County,US.TX.RF,272,10,
Harrison County,US.WV.HR,272,2,
Lanier County,US.GA.LI,271,5,
Waseca County,US.MN.WE,271,3,
Susquehanna County,US.PA.SS,270,27,
Green County,US.WI.GN,269,1,
Grayson County,US.KY.GY,268,12,
Washington County,US.NY.WS,268,14,
Adair County,US.KY.AD,267,19,
Kent County,US.MD.KE,267,24,
Cowley County,US.KS.CL,266,3,
Franklin County,US.KS.FR,266,2,
Orange County,US.VA.OR,265,4,
Caroline County,US.VA.CI,265,5,
Miller County,US.MO.ML,265,1,
Kingfisher County,US.OK.KN,264,2,
Garvin County,US.OK.GV,264,4,
Warren County,US.IL.WR,264,1,
Zavala County,US.TX.ZV,264,11,
Cass County,US.NE.CS,263,2,
Goodhue County,US.MN.GO,262,9,
Benton County,US.TN.BN,261,6,
Cass County,US.TX.CS,261,12,
Clark County,US.KY.CK,259,8,
Wayne County,US.WV.WA,259,10,
Transylvania County,US.NC.TR,259,2,
Douglas County,US.WI.DG,258,0,
Carroll County,US.IN.CO,258,13,
Gaines County,US.TX.GS,258,7,
Calaveras County,US.CA.CA,257,2,
Cleburne County,US.AR.CB,257,7,
Menominee County,US.MI.MM,256,0,
Madison County,US.ID.MA,256,0,
Douglas County,US.NV.DO,255,1,
Allen County,US.KY.AL,255,9,
Jackson County,US.KY.JA,255,15,
Boyd County,US.KY.BD,254,4,
Montgomery County,US.IL.MT,254,9,
Marquette County,US.MI.MQ,254,11,
Webster County,US.MO.WE,253,1,
Lawrence County,US.AR.LW,253,11,
Louisa County,US.VA.LI,252,3,
Choctaw County,US.OK.CA,252,2,
Montgomery County,US.KS.MG,252,5,
Knox County,US.OH.KN,252,14,
Stephens County,US.OK.ST,252,4,
McIntosh County,US.GA.MH,251,5,
Clinton County,US.OH.CI,251,10,
Botetourt County,US.VA.BO,251,10,
Robertson County,US.TX.RO,251,5,
Champaign County,US.OH.CH,250,3,
Hopkins County,US.TX.HP,250,7,
Mingo County,US.WV.MO,250,6,
Saunders County,US.NE.SU,250,2,
Lafayette County,US.MO.LF,250,2,
Casey County,US.KY.CS,249,15,
Christian County,US.IL.CI,249,6,
Latah County,US.ID.LA,249,0,
Caswell County,US.NC.CS,248,3,
Fentress County,US.TN.FE,247,0,
Clark County,US.WI.CL,247,8,
Grays Harbor County,US.WA.GY,247,7,
Ripley County,US.IN.RI,246,8,
Washington County,US.MO.WS,246,1,
Pawnee County,US.KS.PN,245,0,
Yankton County,US.SD.YA,245,3,
Sharkey County,US.MS.SH,245,9,
Orange County,US.IN.OR,244,26,
Gray County,US.TX.GY,244,4,
Desha County,US.AR.DE,244,5,
Lee County,US.IL.LE,244,1,
Dare County,US.NC.DE,244,2,
Pontotoc County,US.OK.PN,244,3,
Cooper County,US.MO.CP,244,1,
Logan County,US.OH.LG,243,2,
La Plata County,US.CO.LA,242,2,
Adair County,US.MO.AD,242,0,
McIntosh County,US.OK.MI,241,4,
Clay County,US.IN.CY,241,5,
Clarke County,US.IA.CK,240,3,
Juneau County,US.WI.JU,240,1,
Brooks County,US.TX.BK,239,16,
Benson County,US.ND.BE,239,4,
Clark County,US.AR.CK,239,4,
Alamosa County,US.CO.AL,238,9,
Gooding County,US.ID.GO,237,1,
Echols County,US.GA.EC,237,2,
Clay County,US.IA.CY,237,3,
Mississippi County,US.MO.MI,237,0,
Patrick County,US.VA.PK,237,13,
Martin County,US.MN.MT,237,7,
Amador County,US.CA.AM,237,14,
Hood River County,US.OR.HO,236,0,
Clearfield County,US.PA.CF,235,1,
Perry County,US.OH.PE,235,8,
Morrow County,US.OH.MW,235,2,
Klamath County,US.OR.KL,235,2,
Washington County,US.IN.WS,234,1,
Penobscot County,US.ME.PE,234,6,
Emporia city,US.VA.EM,234,17,
Lawrence County,US.SD.LW,233,3,
Polk County,US.NC.PO,233,7,
Unicoi County,US.TN.UC,232,1,
Hardin County,US.IA.HD,231,1,
Delaware County,US.IA.DA,231,3,
McDonough County,US.IL.MU,231,15,
Douglas County,US.IL.DO,231,5,
Wells County,US.IN.WE,230,2,
Bosque County,US.TX.BQ,229,5,
Union County,US.TN.UO,229,1,
Chenango County,US.NY.CH,229,6,
Colonial Heights city,US.VA.CH,229,23,
Miami County,US.KS.MI,229,0,
Castro County,US.TX.AS,229,4,
Montcalm County,US.MI.MC,228,4,
Irwin County,US.GA.IR,228,4,
Westmoreland County,US.VA.WM,228,3,
Dawson County,US.TX.DW,228,8,
Thurston County,US.NE.TU,228,4,
Fluvanna County,US.VA.FV,227,9,
Chowan County,US.NC.CW,227,2,
Randolph County,US.WV.RN,227,0,
Washington County,US.OH.WS,227,23,
Calhoun County,US.GA.CU,227,7,
Young County,US.TX.YU,226,6,
Polk County,US.AR.PL,226,4,
Wilkes County,US.GA.WS,226,3,
Greenup County,US.KY.GU,225,2,
Wilcox County,US.GA.WC,225,20,
Grayson County,US.VA.GY,225,8,
Otero County,US.NM.OT,224,12,
Hardin County,US.OH.HD,224,13,
Winneshiek County,US.IA.WH,224,4,
Pulaski County,US.GA.PL,224,7,
Phelps County,US.MO.PH,224,0,
Mahaska County,US.IA.MK,224,18,
Montgomery County,US.GA.MM,223,3,
Emmet County,US.IA.EM,222,8,
Jefferson County,US.MS.JF,222,9,
Goochland County,US.VA.GO,222,7,
Stutsman County,US.ND.SU,221,3,
Hughes County,US.OK.HU,221,4,
Clay County,US.KY.CY,221,6,
Brown County,US.OH.BR,221,2,
Shelby County,US.IL.SB,221,3,
Jackson County,US.TN.JA,221,2,
Floyd County,US.IA.FL,220,3,
Morgan County,US.TN.MG,220,2,
Posey County,US.IN.PS,220,0,
Marion County,US.WV.MI,219,2,
Jackson County,US.IA.JC,219,1,
Simpson County,US.KY.SI,219,7,
Bonner County,US.ID.BR,218,0,
Henry County,US.OH.HE,218,3,
Towns County,US.GA.TW,218,6,
Oneida County,US.WI.ON,218,0,
Crawford County,US.PA.CW,218,2,
Shelby County,US.IA.SH,218,1,
Waynesboro city,US.VA.WS,218,3,
Comanche County,US.TX.CE,218,3,
Wabash County,US.IN.WB,218,6,
Franklin County,US.VA.FN,218,1,
Pawnee County,US.OK.PW,218,3,
Miller County,US.GA.ML,217,1,
Benton County,US.OR.BE,217,6,
Coshocton County,US.OH.CS,217,9,
Aransas County,US.TX.AA,217,18,
Cattaraugus County,US.NY.CG,216,6,
Barry County,US.MI.BR,216,2,
Boyle County,US.KY.BE,216,0,
Whitley County,US.IN.WL,216,6,
Starke County,US.IN.SR,215,8,
Woodford County,US.KY.WO,215,0,
Halifax County,US.VA.HL,214,2,
Treutlen County,US.GA.TE,214,5,
Lee County,US.VA.LE,214,3,
Gem County,US.ID.GE,214,2,
Cleburne County,US.AL.CB,213,5,
Conway County,US.AR.CN,212,3,
Defiance County,US.OH.DF,212,7,
Jefferson County,US.IN.JF,212,3,
Butler County,US.IA.BE,212,2,
Clallam County,US.WA.CL,211,1,
Dallam County,US.TX.DL,210,8,
Salem city,US.VA.SE,210,4,
Jackson County,US.KS.JA,210,1,
Benton County,US.IA.BN,209,1,
Fulton County,US.IN.FU,209,2,
Tioga County,US.NY.TI,209,21,
Dade County,US.GA.DD,208,4,
Randolph County,US.IN.RA,208,7,
Runnels County,US.TX.RN,208,3,
Montgomery County,US.NY.MT,208,8,
Wasco County,US.OR.WC,208,3,
Perry County,US.IN.PE,207,15,
Taylor County,US.KY.TA,207,5,
Macon County,US.GA.MC,207,10,
Whitley County,US.KY.WH,207,2,
Livingston County,US.IL.LI,207,4,
Gloucester County,US.VA.GL,206,2,
Cannon County,US.TN.CN,206,0,
Ashe County,US.NC.AS,206,1,
Terry County,US.TX.TE,206,3,
Cameron Parish,US.LA.CM,206,1,
Chemung County,US.NY.CM,205,2,
O'Brien County,US.IA.OB,204,7,
Polk County,US.MN.PL,204,4,
King George County,US.VA.KG,204,4,
Jackson County,US.WV.JA,204,20,
Roosevelt County,US.NM.RO,204,2,
Lake County,US.MT.LA,204,1,
Brewster County,US.TX.BS,203,2,
Huron County,US.MI.HU,203,4,
Nottoway County,US.VA.NY,203,14,
Stone County,US.AR.ST,202,3,
Cottonwood County,US.MN.CT,202,0,
San Jacinto County,US.TX.SJ,202,8,
Bailey County,US.TX.BY,202,4,
Alleghany County,US.NC.AL,202,0,
Gillespie County,US.TX.GL,202,7,
Montgomery County,US.KY.MM,201,1,
Itasca County,US.MN.IT,201,12,
Becker County,US.MN.BC,201,2,
Leon County,US.TX.LN,201,5,
Campbell County,US.WY.CM,200,1,
Marshall County,US.KY.MH,199,2,
Lincoln County,US.GA.LC,199,7,
Lewis and Clark County,US.MT.LE,199,3,
Greene County,US.VA.GE,199,3,
Pitkin County,US.CO.PI,199,2,
Somerset County,US.MD.SO,198,4,
Tazewell County,US.VA.TA,198,2,
Crawford County,US.MO.CF,198,1,
Shoshone County,US.ID.SH,197,15,
Crawford County,US.OH.CF,197,5,
Benton County,US.MS.BE,196,1,
Carlton County,US.MN.CL,196,1,
McPherson County,US.KS.MP,196,1,
Lee County,US.TX.LE,196,14,
Kendall County,US.TX.KD,195,5,
Moniteau County,US.MO.ME,195,3,
Labette County,US.KS.LB,194,1,
Grant County,US.AR.GN,193,1,
Tipton County,US.IN.TT,193,23,
Fayette County,US.OH.FY,193,5,
Fulton County,US.OH.FU,192,1,
San Augustine County,US.TX.SG,192,12,
Highland County,US.OH.HI,192,3,
Kewaunee County,US.WI.KW,191,2,
Carroll County,US.KY.CL,191,4,
Kennebec County,US.ME.KE,191,11,
Powhatan County,US.VA.PH,191,4,
Russell County,US.KY.RU,191,6,
Carbon County,US.WY.CB,191,2,
Gratiot County,US.MI.GT,190,15,
Jasper County,US.GA.JS,190,4,
Russell County,US.VA.RU,189,4,
Otsego County,US.NY.OO,189,4,
Pipestone County,US.MN.PS,189,9,
Wyandot County,US.OH.WD,188,11,
Atchison County,US.KS.AT,187,1,
Jackson County,US.AR.JA,187,1,
Long County,US.GA.LG,186,3,
Tuolumne County,US.CA.TO,186,2,
Oglala Lakota County,US.SD.SH,185,2,
Tyler County,US.TX.TY,185,4,
Clay County,US.AR.CY,185,5,
Lafayette County,US.WI.LF,185,0,
Livingston County,US.NY.LI,184,6,
Poweshiek County,US.IA.PW,184,8,
Dimmit County,US.TX.DM,183,6,
Allamakee County,US.IA.AL,183,5,
Clayton County,US.IA.CT,183,3,
Inyo County,US.CA.IN,182,14,
Wayne County,US.PA.WN,181,10,
Cayuga County,US.NY.CY,180,2,
Dunn County,US.WI.DN,179,0,
Isanti County,US.MN.IS,179,0,
Washington County,US.NC.WI,179,6,
Douglas County,US.OR.DO,179,3,
Trinity County,US.TX.TR,179,6,
City and Borough of Juneau,US.AK.JU,178,1,
Franklin County,US.MS.FR,178,3,
Perry County,US.PA.PE,178,5,
Rush County,US.IN.RU,177,4,
Pike County,US.AR.PE,177,1,
Jo Daviess County,US.IL.JO,177,2,
Klickitat County,US.WA.KL,177,3,
Lewis County,US.KY.LI,176,10,
Washington County,US.NE.WS,176,1,
Polk County,US.WI.PL,176,2,
Jackson County,US.OH.JA,176,1,
Fayette County,US.IL.FA,176,3,
Buchanan County,US.IA.BC,176,1,
Appomattox County,US.VA.AP,176,1,
Rowan County,US.KY.RW,175,0,
Jones County,US.IA.JN,174,2,
Marion County,US.KY.MN,174,2,
Franklin County,US.AR.FR,174,2,
Sullivan County,US.MO.SV,174,0,
Guthrie County,US.IA.GH,173,5,
Huntington County,US.IN.HU,173,3,
Mountrail County,US.ND.MU,173,1,
Douglas County,US.MN.DU,173,1,
Staunton city,US.VA.SU,173,0,
Heard County,US.GA.HD,173,5,
Somerset County,US.PA.SO,172,3,
Bedford County,US.PA.BO,172,5,
Ashland County,US.OH.AL,172,4,
Marion County,US.GA.MR,172,6,
Reeves County,US.TX.RE,172,5,
Haskell County,US.OK.HS,171,4,
Lincoln County,US.NM.LI,171,2,
Humphreys County,US.TN.HU,171,3,
Spencer County,US.KY.SP,171,0,
Madison County,US.MO.MD,170,0,
Park County,US.WY.PA,170,1,
McLean County,US.ND.ML,170,1,
Falls County,US.TX.FL,169,3,
Pamlico County,US.NC.PM,169,2,
Moultrie County,US.IL.MI,169,2,
Saline County,US.IL.SE,168,3,
Green County,US.KY.GN,168,7,
Meigs County,US.TN.ME,167,2,
Delta County,US.MI.DE,167,3,
Seward County,US.NE.SA,167,2,
Snyder County,US.PA.SN,167,2,
Waushara County,US.WI.WS,167,2,
Madison County,US.IA.MD,167,2,
Delta County,US.CO.DT,166,2,
Winnebago County,US.IA.WB,165,9,
Twiggs County,US.GA.TG,165,7,
Sanpete County,US.UT.SP,165,1,
Wythe County,US.VA.WY,165,3,
Henry County,US.KY.HY,164,2,
Spencer County,US.IN.SP,164,3,
Newton County,US.TX.NE,163,6,
Taylor County,US.GA.TY,163,7,
McCormick County,US.SC.MC,163,5,
Mifflin County,US.PA.MI,163,1,
Mono County,US.CA.MO,162,2,
Williams County,US.OH.WI,162,3,
Crockett County,US.TX.CT,162,6,
Sawyer County,US.WI.SW,162,0,
Teller County,US.CO.TE,162,4,
Nevada County,US.AR.NV,162,12,
Bond County,US.IL.BN,161,3,
Josephine County,US.OR.JO,161,2,
Scott County,US.TN.SC,160,2,
Fremont County,US.CO.FR,160,0,
Ouachita County,US.AR.OU,159,4,
Morris County,US.TX.MR,158,3,
Dodge County,US.MN.DD,158,0,
Choctaw County,US.MS.CW,158,4,
Harrison County,US.KY.HS,158,0,
Pottawatomie County,US.KS.PT,157,0,
Pine County,US.MN.PN,157,0,
Scott County,US.VA.SC,156,4,
Hancock County,US.IA.HN,156,2,
Benton County,US.MO.BN,156,1,
Yoakum County,US.TX.YA,155,4,
Cedar County,US.IA.CD,155,1,
Lampasas County,US.TX.LP,155,6,
Talbot County,US.GA.TB,155,5,
Williamsburg City,US.VA.WL,154,6,
Sheridan County,US.WY.SH,154,1,
Nolan County,US.TX.NO,154,4,
Floyd County,US.VA.FO,153,2,
New Kent County,US.VA.NK,153,1,
Tensas Parish,US.LA.TN,153,1,
Humboldt County,US.IA.HU,152,2,
Crawford County,US.GA.CW,152,3,
Lyon County,US.IA.LY,152,2,
Atoka County,US.OK.AT,152,1,
Wheeler County,US.GA.WL,152,7,
Grundy County,US.TN.GU,152,3,
Todd County,US.KY.TO,151,5,
Juniata County,US.PA.JU,151,6,
Clinton County,US.NY.CL,151,5,
Owen County,US.IN.OW,151,2,
Floyd County,US.KY.FO,150,2,
Monroe County,US.KY.MO,150,3,
Harrison County,US.IA.HR,150,2,
Gallia County,US.OH.GA,150,4,
Jefferson County,US.NY.JE,150,1,
Sharp County,US.AR.SH,149,5,
Sequatchie County,US.TN.SQ,149,1,
Pike County,US.MO.PI,148,2,
Albany County,US.WY.AL,148,0,
Hutchinson County,US.TX.UT,148,3,
Otsego County,US.MI.OS,147,11,
Newton County,US.IN.NE,147,11,
Hancock County,US.IL.HC,146,2,
Cumberland County,US.IL.CU,146,3,
Walsh County,US.ND.WL,146,1,
Avery County,US.NC.AV,146,0,
Red River County,US.TX.RV,146,14,
Fayette County,US.IA.FT,144,1,
Gogebic County,US.MI.GO,144,1,
Mineral County,US.WV.ML,144,4,
Iosco County,US.MI.IC,143,12,
Clinton County,US.PA.CN,143,5,
Perquimans County,US.NC.PQ,143,2,
Murray County,US.MN.MU,143,2,
Hocking County,US.OH.HC,143,9,
Boone County,US.WV.BN,143,0,
Davison County,US.SD.DV,142,2,
Chippewa County,US.MN.CP,142,1,
Marion County,US.TX.MN,142,10,
Lawrence County,US.IL.LW,142,0,
Cherokee County,US.IA.CE,141,2,
Millard County,US.UT.MD,141,0,
Lincoln County,US.KY.LN,141,10,
Grant County,US.WV.GA,141,6,
Preston County,US.WV.PR,140,4,
Baxter County,US.AR.BA,140,0,
Greene County,US.PA.GR,140,1,
Sibley County,US.MN.SI,140,3,
Siskiyou County,US.CA.SK,140,0,
Jasper County,US.IL.JS,139,7,
Carroll County,US.IL.CL,138,4,
Pulaski County,US.VA.PU,138,3,
Cleveland County,US.AR.CV,138,5,
Glacier County,US.MT.GC,138,1,
Guernsey County,US.OH.GU,137,7,
Gage County,US.NE.GG,137,4,
Howard County,US.IA.HO,137,2,
Coosa County,US.AL.CS,137,3,
Montour County,US.PA.MO,137,5,
Grant County,US.KY.GT,137,6,
Jay County,US.IN.JY,136,0,
Richland County,US.ND.RI,136,1,
Essex County,US.NY.ES,135,6,
Clinton County,US.MO.CO,135,0,
Grant County,US.KS.GT,135,3,
Lewis County,US.TN.LE,134,1,
Montague County,US.TX.MU,134,3,
Door County,US.WI.DO,134,3,
Routt County,US.CO.RT,134,8,
Hart County,US.KY.HT,134,1,
Jones County,US.NC.JN,134,7,
Alpena County,US.MI.AP,133,14,
Bollinger County,US.MO.BI,133,1,
Swain County,US.NC.SW,133,3,
Marshall County,US.WV.MH,133,1,
Hughes County,US.SD.HG,133,4,
Brown County,US.MN.BR,133,2,
Marshall County,US.OK.MH,132,1,
Meigs County,US.OH.MS,132,4,
Pulaski County,US.IL.PL,132,1,
Grundy County,US.IA.GN,132,1,
Garrard County,US.KY.GR,131,2,
Andrew County,US.MO.AN,131,1,
Pocahontas County,US.IA.PC,131,2,
Mills County,US.IA.ML,131,1,
Essex County,US.VA.ES,131,2,
Columbia County,US.OR.CL,130,1,
Randolph County,US.MO.RN,130,1,
Custer County,US.SD.CU,130,0,
Calhoun County,US.IA.CO,129,2,
Cheshire County,US.NH.CH,129,3,
Rockcastle County,US.KY.RC,129,0,
Craig County,US.OK.CG,129,1,
Greene County,US.IL.GE,129,1,
Blanco County,US.TX.BC,129,5,
Stevens County,US.WA.ST,128,1,
Sumner County,US.KS.SU,128,3,
Emmet County,US.MI.EM,128,3,
White County,US.IL.WE,128,0,
Power County,US.ID.PO,128,0,
Dallas County,US.AR.DA,128,2,
Howard County,US.MO.HR,128,0,
Meade County,US.KY.MA,128,3,
Morgan County,US.MO.MG,128,0,
Teton County,US.ID.TE,127,0,
Carter County,US.KY.CR,127,3,
Jack County,US.TX.JK,127,1,
Johnson County,US.KY.JO,127,1,
Pushmataha County,US.OK.PU,127,1,
Monroe County,US.WV.ME,126,5,
Iron County,US.WI.IR,126,1,
Rolette County,US.ND.RO,126,2,
Wyoming County,US.NY.WM,126,5,
Montezuma County,US.CO.MZ,126,5,
Beckham County,US.OK.BC,126,1,
Van Buren County,US.AR.VA,126,2,
Carroll County,US.OH.CO,126,6,
Belknap County,US.NH.BE,125,4,
McKenzie County,US.ND.MK,125,2,
Jefferson County,US.KS.JF,125,0,
Sanilac County,US.MI.SL,125,7,
Ray County,US.MO.RY,125,0,
Wabasha County,US.MN.WB,125,0,
Bristol city,US.VA.BI,125,2,
Mercer County,US.KY.MC,124,1,
Del Norte County,US.CA.DE,124,1,
Washington County,US.KY.WS,124,1,
Rutland County,US.VT.RU,123,1,
Lincoln County,US.WV.LI,123,1,
Windham County,US.VT.WH,123,3,
Otoe County,US.NE.OT,123,1,
Fulton County,US.KY.FU,122,2,
Ramsey County,US.ND.RM,122,2,
Iowa County,US.WI.IO,122,0,
Franklin County,US.VT.FR,122,7,
Charles Mix County,US.SD.CH,122,0,
Sioux County,US.ND.SI,122,2,
Elbert County,US.CO.EB,122,2,
Kossuth County,US.IA.KO,122,0,
Morrison County,US.MN.MR,121,1,
Warren County,US.GA.WR,121,5,
Goliad County,US.TX.GI,121,6,
Newton County,US.AR.NW,121,15,
Hancock County,US.WV.HN,121,0,
Fairfax city,US.VA.FC,121,7,
Adams County,US.WI.AD,121,3,
Jefferson County,US.IA.JE,120,0,
Mason County,US.MI.MN,120,0,
Sac County,US.IA.SA,120,0,
Delaware County,US.NY.DE,120,4,
Somervell County,US.TX.SV,119,4,
Johnson County,US.IL.JH,119,0,
Palo Alto County,US.IA.PO,119,0,
Bourbon County,US.KY.BU,119,1,
Benewah County,US.ID.BA,119,2,
Anderson County,US.KY.AN,119,1,
Clark County,US.IL.CK,119,2,
Coos County,US.OR.CO,118,0,
Henry County,US.MO.HE,118,3,
Edmonson County,US.KY.ED,118,12,
Clay County,US.TN.CY,118,2,
Martin County,US.IN.MN,118,0,
Lake County,US.SD.LK,118,6,
Wayne County,US.IL.WY,117,2,
Eastland County,US.TX.EA,117,3,
Barnes County,US.ND.BA,117,0,
Washington County,US.IL.WG,116,1,
Taos County,US.NM.TA,116,3,
Franklin County,US.TX.FK,116,6,
Fremont County,US.ID.FE,116,2,
Iowa County,US.IA.IO,116,1,
Faribault County,US.MN.FA,116,0,
Silver Bow County,US.MT.SI,115,0,
Prairie County,US.AR.PR,115,0,
Harper County,US.KS.HP,115,0,
Ralls County,US.MO.RL,115,0,
King William County,US.VA.KW,115,2,
McCulloch County,US.TX.MC,114,1,
Monroe County,US.IA.MR,114,8,
York County,US.NE.YO,114,0,
Grafton County,US.NH.GR,114,1,
Phillips County,US.MT.PH,114,0,
Kearney County,US.NE.KA,114,0,
Vilas County,US.WI.VI,114,0,
Latimer County,US.OK.LA,114,2,
Lincoln County,US.WY.LI,114,1,
Douglas County,US.MO.DO,114,2,
Page County,US.IA.PG,114,0,
Carroll County,US.MO.CL,114,0,
Mitchell County,US.IA.ME,114,0,
Clay County,US.GA.CY,113,2,
Ste. Genevieve County,US.MO.SG,113,1,
Taylor County,US.IA.TY,113,1,
Stephens County,US.TX.SE,113,4,
Perry County,US.TN.PE,113,0,
Churchill County,US.NV.CH,113,1,
Crawford County,US.MI.CF,113,5,
Taylor County,US.WI.TA,113,3,
Meeker County,US.MN.ME,112,2,
Currituck County,US.NC.CI,112,0,
Cass County,US.IA.CS,112,2,
Chickasaw County,US.IA.CC,112,0,
Humboldt County,US.NV.HU,111,4,
Noble County,US.OK.NB,111,2,
Saguache County,US.CO.SG,111,2,
Ochiltree County,US.TX.OC,110,3,
Buffalo County,US.SD.BF,110,3,
Ravalli County,US.MT.RA,110,2,
Rock County,US.MN.RC,110,0,
Webster County,US.KY.WE,109,2,
Bandera County,US.TX.BA,109,5,
Washakie County,US.WY.WA,109,6,
Love County,US.OK.LV,109,0,
Ward County,US.TX.WD,109,1,
Mason County,US.WV.MN,109,1,
Tyrrell County,US.NC.TY,108,2,
Wabash County,US.IL.WB,108,1,
Barton County,US.MO.BT,108,0,
Pike County,US.OH.PK,108,0,
Dallas County,US.MO.DL,108,1,
Monona County,US.IA.MO,107,1,
Texas County,US.MO.TE,107,1,
Wexford County,US.MI.WE,107,4,
Crawford County,US.WI.CR,107,0,
Okfuskee County,US.OK.OF,107,3,
Pike County,US.IN.PI,106,1,
Taylor County,US.WV.TA,106,6,
Izard County,US.AR.IZ,106,0,
Wilbarger County,US.TX.WG,106,2,
Cass County,US.MN.CS,105,3,
Juab County,US.UT.JU,105,1,
Greenbrier County,US.WV.GE,105,3,
Vernon County,US.WI.VE,105,0,
Carroll County,US.NH.CA,105,1,
Monroe County,US.OH.ME,105,18,
Real County,US.TX.RL,105,5,
Hamilton County,US.TX.HM,105,3,
Hamilton County,US.NE.HM,105,12,
Mille Lacs County,US.MN.MI,104,3,
Montgomery County,US.AR.MT,104,3,
Lyman County,US.SD.LY,104,3,
Bennington County,US.VT.BE,104,1,
McCreary County,US.KY.MR,103,0,
Clare County,US.MI.CE,103,4,
Mercer County,US.IL.ME,103,5,
Union County,US.KY.UN,103,1,
Houston County,US.TN.HO,103,0,
Hansford County,US.TX.HF,102,3,
Pulaski County,US.IN.PL,102,1,
Cortland County,US.NY.CD,102,1,
Uintah County,US.UT.UN,102,1,
Garza County,US.TX.GR,102,3,
Hartley County,US.TX.HL,102,0,
Nowata County,US.OK.NW,101,1,
Llano County,US.TX.LL,101,1,
Searcy County,US.AR.SA,101,0,
Van Buren County,US.IA.VA,101,1,
Gentry County,US.MO.GT,100,9,
Amelia County,US.VA.AI,100,3,
Breckinridge County,US.KY.BC,100,2,
Hyde County,US.NC.HE,100,0,
Roberts County,US.SD.RO,100,1,
Seneca County,US.NY.SC,100,1,
Issaquena County,US.MS.IS,99,3,
Woodward County,US.OK.WW,99,0,
Osceola County,US.IA.OS,99,0,
Cumberland County,US.VA.CU,99,0,
Buchanan County,US.VA.BH,99,1,
Floyd County,US.TX.FY,99,7,
Gasconade County,US.MO.GA,99,3,
Bradford County,US.PA.BF,99,3,
Mason County,US.KY.MS,99,2,
Fountain County,US.IN.FO,99,2,
Camden County,US.NC.CD,99,3,
Stewart County,US.TN.SA,98,0,
Clarion County,US.PA.CL,98,3,
Hidalgo County,US.NM.HI,98,2,
Wayne County,US.KY.WY,97,0,
Jackson County,US.MN.JA,97,1,
Vermillion County,US.IN.VE,97,0,
Lunenburg County,US.VA.LN,97,2,
Lucas County,US.IA.LU,97,5,
Moore County,US.TN.MO,97,1,
Jefferson County,US.PA.JE,97,1,
Clatsop County,US.OR.CT,96,0,
Monroe County,US.AR.ME,96,0,
Bourbon County,US.KS.BB,96,2,
Schley County,US.GA.SY,96,2,
Neosho County,US.KS.NO,95,0,
Leelanau County,US.MI.LE,95,1,
Nemaha County,US.NE.NE,95,0,
Duchesne County,US.UT.DU,95,0,
Gray County,US.KS.GY,95,0,
Brooke County,US.WV.BO,95,1,
Winkler County,US.TX.WI,95,1,
Mitchell County,US.NC.MI,94,3,
Rio Grande County,US.CO.RG,94,2,
Trigg County,US.KY.TG,94,0,
Green Lake County,US.WI.GL,94,0,
Butler County,US.NE.BE,94,0,
Yellow Medicine County,US.MN.YE,94,1,
Pennington County,US.MN.PI,94,1,
Swisher County,US.TX.SW,94,3,
Yancey County,US.NC.YN,94,0,
Fulton County,US.IL.FU,94,0,
Adams County,US.OH.AD,94,4,
Johnston County,US.OK.JO,93,1,
Madison County,US.MT.MA,93,1,
San Miguel County,US.CO.SM,93,0,
Union County,US.IA.UN,93,3,
Gallatin County,US.KY.GL,93,8,
Edgar County,US.IL.EG,92,0,
Mecosta County,US.MI.MT,92,2,
Sevier County,US.UT.SE,92,1,
Hancock County,US.TN.HC,92,2,
Knott County,US.KY.KT,92,1,
Van Wert County,US.OH.VA,92,2,
Ripley County,US.MO.RI,92,0,
Hampshire County,US.WV.HM,92,1,
Wright County,US.MO.WG,91,0,
Northumberland County,US.VA.NU,91,5,
Marquette County,US.WI.MQ,91,1,
Madison County,US.VA.MD,91,2,
Hill County,US.MT.HI,91,2,
Clay County,US.IL.CY,91,0,
Van Buren County,US.TN.VA,90,0,
Larue County,US.KY.LR,90,1,
Brown County,US.IN.BR,90,2,
Lincoln County,US.MT.LN,89,2,
Cumberland County,US.KY.CU,89,0,
Murray County,US.OK.MR,89,1,
Carbon County,US.MT.CB,89,0,
Clay County,US.NC.CY,89,1,
Koochiching County,US.MN.KO,89,3,
Allegany County,US.NY.AL,89,2,
Wayne County,US.MO.WY,89,0,
Vernon County,US.MO.VE,88,0,
Greer County,US.OK.GE,88,8,
Union County,US.IN.UN,88,0,
Dawes County,US.NE.DS,88,0,
Mason County,US.IL.MS,88,1,
Scott County,US.AR.SC,87,0,
Appanoose County,US.IA.AP,87,3,
Gates County,US.NC.GT,87,3,
Scott County,US.KS.SC,87,1,
Cuming County,US.NE.CM,87,0,
Prowers County,US.CO.PR,87,0,
Parke County,US.IN.PA,86,2,
Nelson County,US.VA.NL,86,0,
Reagan County,US.TX.RG,86,6,
Fillmore County,US.MN.FI,86,0,
Osage County,US.MO.OS,85,1,
Turner County,US.SD.TU,85,0,
Lincoln County,US.WI.LI,85,1,
Coffey County,US.KS.CF,85,8,
Houghton County,US.MI.HO,85,1,
Dewey County,US.SD.DW,84,0,
Rockbridge County,US.VA.RB,84,1,
Caldwell County,US.KY.CD,84,0,
Langlade County,US.WI.LN,84,2,
Davis County,US.IA.DV,84,2,
Grant County,US.NM.GR,84,2,
Renville County,US.MN.RN,84,6,
Valley County,US.ID.VA,84,1,
Owen County,US.KY.OE,83,1,
Paulding County,US.OH.PA,83,0,
San Miguel County,US.NM.SM,83,0,
Metcalfe County,US.KY.MT,82,2,
Todd County,US.SD.TO,82,5,
Otero County,US.CO.OT,82,6,
Macon County,US.MO.MN,82,0,
Montgomery County,US.IA.MG,82,5,
Clarke County,US.VA.CK,82,0,
Piatt County,US.IL.PA,82,0,
Lynn County,US.TX.LY,82,4,
Lake County,US.CO.LK,81,0,
Addison County,US.VT.AD,81,2,
Crawford County,US.IL.CW,81,1,
Benton County,US.IN.BE,81,0,
Forest County,US.WI.FR,81,4,
Crosby County,US.TX.CB,81,1,
Blackford County,US.IN.BL,80,2,
Cheboygan County,US.MI.CY,80,2,
Worth County,US.IA.WT,80,0,
Houston County,US.MN.HO,80,0,
Jim Hogg County,US.TX.JG,79,2,
Osceola County,US.MI.OE,79,0,
Carbon County,US.UT.CR,79,0,
Gladwin County,US.MI.GL,79,2,
Windsor County,US.VT.WS,79,2,
Surry County,US.VA.SR,78,3,
Harrison County,US.MO.HS,78,1,
Kit Carson County,US.CO.KT,78,3,
Socorro County,US.NM.SO,78,6,
Bates County,US.MO.BS,77,1,
Brown County,US.KS.BR,77,0,
Dickinson County,US.KS.DK,77,1,
Powell County,US.KY.PO,76,0,
Custer County,US.NE.CU,76,4,
Chase County,US.KS.CS,76,1,
Livingston County,US.MO.LV,76,1,
Jackson County,US.WI.JA,76,1,
Morgan County,US.UT.MN,76,0,
Sutton County,US.TX.ST,76,2,
Roscommon County,US.MI.RO,76,4,
Kearny County,US.KS.KE,75,1,
Hardy County,US.WV.HD,75,0,
Pike County,US.IL.PK,75,0,
Letcher County,US.KY.LT,75,2,
Phelps County,US.NE.PH,75,0,
Baker County,US.OR.BA,75,2,
Buena Vista city,US.VA.BE,75,1,
Charlotte County,US.VA.CT,74,0,
Ohio County,US.IN.OH,74,7,
Meade County,US.KS.ME,74,0,
Blaine County,US.OK.BL,74,1,
Valdez-Cordova Census Area,US.AK.VA,73,0,
Sabine County,US.TX.SB,73,8,
Mason County,US.TX.MA,73,1,
Roseau County,US.MN.RS,73,0,
Mariposa County,US.CA.MP,73,2,
Martin County,US.TX.MT,73,5,
Charlevoix County,US.MI.CV,73,3,
Mitchell County,US.TX.MH,73,1,
Crowley County,US.CO.CR,73,1,
Lancaster County,US.VA.LA,73,0,
Fleming County,US.KY.FE,72,0,
Ford County,US.IL.FO,72,3,
Lafayette County,US.AR.LF,72,2,
Dukes County,US.MA.DU,72,0,
Menard County,US.IL.MN,72,0,
Monroe County,US.MO.MR,72,0,
Fulton County,US.AR.FU,72,0,
DeKalb County,US.MO.DE,71,1,
Merrick County,US.NE.ME,71,1,
Clinton County,US.KY.CO,71,1,
Redwood County,US.MN.RW,71,0,
Baker County,US.GA.BR,71,3,
Callahan County,US.TX.AL,71,3,
Yukon-Koyukuk Census Area,US.AK.YU,71,1,
Crane County,US.TX.CR,71,2,
McDowell County,US.WV.MC,71,0,
Beaverhead County,US.MT.BE,71,1,
Traill County,US.ND.TR,71,0,
Madison County,US.NC.MD,71,1,
Jefferson County,US.WA.JE,70,0,
Knox County,US.NE.KN,70,0,
Venango County,US.PA.VE,70,1,
Schoharie County,US.NY.SO,70,2,
Lincoln County,US.MN.LI,70,0,
Lemhi County,US.ID.LM,70,0,
Tillman County,US.OK.TI,69,1,
Buffalo County,US.WI.BF,69,2,
Burt County,US.NE.BT,69,0,
Charles City County,US.VA.CC,69,5,
Clay County,US.TX.CY,69,1,
Washburn County,US.WI.WR,69,0,
Waldo County,US.ME.WL,69,14,
Crawford County,US.IN.CW,68,1,
Lincoln County,US.ID.LI,68,0,
Hickman County,US.KY.HA,68,0,
Poquoson city,US.VA.PQ,68,0,
Magoffin County,US.KY.MF,68,0,
Pickett County,US.TN.PI,68,1,
Marion County,US.KS.MN,68,1,
Brule County,US.SD.BU,68,0,
Alleghany County,US.VA.AL,68,4,
Bath County,US.KY.BH,68,1,
Dickenson County,US.VA.DC,68,1,
Knox County,US.TX.KX,67,8,
Wyoming County,US.WV.WY,67,3,
Wyoming County,US.PA.WM,67,8,
Osage County,US.KS.OS,67,0,
Holt County,US.MO.HL,67,0,
Oxford County,US.ME.OX,67,0,
Crittenden County,US.KY.CT,67,1,
Doniphan County,US.KS.DP,67,0,
Keokuk County,US.IA.KE,67,1,
Presidio County,US.TX.PS,66,5,
Dickinson County,US.MI.DI,66,2,
Switzerland County,US.IN.SW,66,0,
Morrill County,US.NE.MO,66,0,
Grand County,US.CO.GR,66,1,
Falls Church city,US.VA.FU,66,7,
Custer County,US.MT.CU,66,2,
Richland County,US.IL.RI,66,3,
Kalkaska County,US.MI.KK,66,4,
Northwest Arctic Borough,US.AK.NW,66,0,
Massac County,US.IL.MA,65,1,
Pendleton County,US.KY.PN,65,0,
Park County,US.MT.PA,65,0,
Elk County,US.PA.EL,65,2,
Kane County,US.UT.KA,65,1,
Swift County,US.MN.SW,65,1,
Kanabec County,US.MN.KA,65,6,
Dixon County,US.NE.DI,64,2,
Yuma County,US.CO.YU,64,0,
Gallatin County,US.IL.GA,64,2,
Hickory County,US.MO.HC,64,0,
Pope County,US.MN.PE,64,0,
Garrett County,US.MD.GA,63,0,
Torrance County,US.NM.TO,63,1,
Lander County,US.NV.LA,63,1,
Perry County,US.AR.PY,63,1,
Howard County,US.NE.HW,63,5,
Boise County,US.ID.BS,63,1,
Pierce County,US.NE.PI,62,3,
Quay County,US.NM.QU,62,2,
Yates County,US.NY.YA,62,6,
Washington County,US.VT.WA,62,2,
Chippewa County,US.MI.CP,62,0,
Graham County,US.NC.GH,61,0,
Corson County,US.SD.CO,61,0,
Sagadahoc County,US.ME.SA,61,0,
Goshen County,US.WY.GO,61,1,
Carlisle County,US.KY.CE,61,1,
Skamania County,US.WA.SM,61,1,
Haskell County,US.KS.HS,61,0,
Pacific County,US.WA.PA,60,3,
Coal County,US.OK.CL,60,0,
Rains County,US.TX.RI,60,3,
Antrim County,US.MI.AN,60,0,
Richland County,US.MT.RI,60,2,
Lewis County,US.MO.LE,60,2,
Cloud County,US.KS.CD,60,1,
Hamlin County,US.SD.HM,60,0,
Hancock County,US.KY.HC,59,0,
Linn County,US.KS.LN,59,0,
Arenac County,US.MI.AR,59,3,
Martin County,US.KY.MI,59,2,
Fisher County,US.TX.FH,59,1,
Clay County,US.NE.CL,59,0,
Fremont County,US.IA.FO,59,0,
Wabaunsee County,US.KS.WB,59,0,
Bethel Census Area,US.AK.BE,59,1,
Greene County,US.IA.GE,58,0,
Grundy County,US.MO.GU,58,1,
Hemphill County,US.TX.HH,58,0,
Concho County,US.TX.ON,58,1,
Greenlee County,US.AZ.GE,58,2,
Franklin County,US.NY.FR,58,1,
Ogemaw County,US.MI.OG,58,5,
Childress County,US.TX.CD,57,0,
Franklin County,US.ID.FA,57,0,
Kauai County,US.HI.KU,57,0,
Nemaha County,US.KS.NM,56,1,
Fall River County,US.SD.FL,56,1,
Breathitt County,US.KY.BT,56,0,
Phillips County,US.KS.PL,56,8,
Wayne County,US.NE.WY,56,0,
Grand County,US.UT.GR,56,1,
Crook County,US.OR.CR,55,1,
Manistee County,US.MI.ME,55,1,
Donley County,US.TX.DO,55,1,
Middlesex County,US.VA.MI,55,1,
Haskell County,US.TX.HK,55,2,
Grant County,US.MN.GR,55,4,
Montgomery County,US.MO.MM,55,1,
Spink County,US.SD.SP,54,0,
Shannon County,US.MO.SN,54,1,
McLean County,US.KY.ML,54,1,
Coleman County,US.TX.CM,54,2,
Stevens County,US.MN.SV,54,1,
Sherman County,US.TX.SN,54,0,
Pend Oreille County,US.WA.PE,54,0,
Somerset County,US.ME.SO,54,2,
Cedar County,US.MO.CD,54,0,
Estill County,US.KY.ES,53,0,
Marshall County,US.IL.MH,53,0,
Nicholas County,US.WV.NI,53,3,
Rappahannock County,US.VA.RP,53,2,
Archer County,US.TX.AC,53,1,
Bon Homme County,US.SD.BH,53,1,
Washington County,US.CO.WA,53,0,
Major County,US.OK.MJ,53,1,
Franklin County,US.ME.FR,53,1,
McCook County,US.SD.MC,53,1,
Asotin County,US.WA.AS,52,2,
Wayne County,US.IA.WY,52,2,
Livingston County,US.KY.LV,52,1,
Oregon County,US.MO.OR,52,0,
Wilkin County,US.MN.WL,51,3,
Aitkin County,US.MN.AI,51,1,
Richland County,US.WI.RI,51,4,
Toole County,US.MT.TO,51,6,
Dunn County,US.ND.DU,51,0,
Iron County,US.MO.IR,51,0,
Giles County,US.VA.GI,51,0,
Stevens County,US.KS.SV,51,0,
Thomas County,US.KS.TH,51,0,
Ziebach County,US.SD.ZI,50,0,
Bland County,US.VA.BL,50,0,
Benzie County,US.MI.BE,50,2,
Deuel County,US.SD.DU,49,0,
Garfield County,US.UT.GA,49,2,
King and Queen County,US.VA.KA,49,1,
Pratt County,US.KS.PR,49,0,
Tioga County,US.PA.TI,49,3,
Cedar County,US.NE.CA,49,0,
Morgan County,US.KY.MG,49,0,
Linn County,US.MO.LN,49,1,
Butte County,US.SD.BT,49,1,
Lewis County,US.NY.LE,49,5,
Coke County,US.TX.OK,49,3,
Wadena County,US.MN.WD,49,0,
Adair County,US.IA.AI,49,1,
Archuleta County,US.CO.AC,48,0,
Pepin County,US.WI.PE,48,0,
Sublette County,US.WY.SU,48,1,
Missaukee County,US.MI.MU,48,1,
Trimble County,US.KY.TM,48,0,
De Witt County,US.IL.DW,48,1,
Clark County,US.MO.CK,48,0,
Sullivan County,US.NH.SU,48,1,
Bayfield County,US.WI.BY,47,1,
Hancock County,US.ME.HA,47,1,
Moody County,US.SD.MO,47,0,
Keith County,US.NE.KT,47,0,
Clark County,US.KS.CA,47,1,
Ketchikan Gateway Borough,US.AK.KG,47,0,
Dawson County,US.MT.DW,47,0,
Valley County,US.MT.VA,46,0,
Scott County,US.IL.SO,46,0,
Lawrence County,US.KY.LC,46,0,
Big Horn County,US.WY.BI,46,1,
Marion County,US.AR.MN,46,0,
Hubbard County,US.MN.HU,46,0,
Ottawa County,US.KS.OT,46,0,
Hutchinson County,US.SD.HT,46,1,
Maries County,US.MO.MS,46,0,
Shelby County,US.MO.SB,46,0,
Norman County,US.MN.NR,46,0,
Decatur County,US.IA.DC,46,0,
Wetzel County,US.WV.WT,46,0,
Walworth County,US.SD.WA,45,0,
Pendleton County,US.WV.PE,45,1,
Hamilton County,US.IL.HM,45,0,
Lamoille County,US.VT.LA,45,1,
Nantucket County,US.MA.NA,45,1,
Alexander County,US.IL.AL,45,0,
Upshur County,US.WV.UP,45,0,
Henderson County,US.IL.HD,45,0,
Converse County,US.WY.CE,45,0,
Kiowa County,US.OK.KO,45,1,
Ida County,US.IA.ID,45,0,
Rice County,US.KS.RC,44,1,
Stanton County,US.KS.ST,44,2,
Morgan County,US.OH.MA,44,0,
Idaho County,US.ID.ID,44,0,
Caldwell County,US.MO.CW,44,1,
McIntosh County,US.ND.MI,44,3,
Kingman County,US.KS.KM,44,0,
Beaver County,US.OK.BA,44,0,
McHenry County,US.ND.MH,44,1,
Hamilton County,US.KS.HM,44,0,
Boundary County,US.ID.BD,44,1,
Roosevelt County,US.MT.RO,44,1,
Grant County,US.SD.GA,44,0,
Lexington city,US.VA.LX,43,0,
Washita County,US.OK.WT,43,0,
Park County,US.CO.PA,43,1,
Plumas County,US.CA.PU,43,0,
Pocahontas County,US.WV.PO,43,0,
Dent County,US.MO.DN,43,0,
Burnett County,US.WI.BN,43,2,
Ballard County,US.KY.BA,43,1,
Ransom County,US.ND.RN,42,0,
Jerauld County,US.SD.JE,42,1,
Wheeler County,US.TX.WL,42,0,
Edwards County,US.IL.EW,42,0,
Aurora County,US.SD.AU,42,0,
North Slope Borough,US.AK.NH,41,0,
Nome Census Area,US.AK.NM,41,0,
Lyon County,US.KY.LY,41,4,
Leslie County,US.KY.LS,41,0,
Caribou County,US.ID.CR,40,0,
Custer County,US.ID.CU,40,0,
McKean County,US.PA.MC,40,2,
Harmon County,US.OK.HM,40,0,
Anderson County,US.KS.AN,40,0,
Mercer County,US.ND.ME,40,0,
Dickens County,US.TX.DC,39,1,
Warren County,US.IN.WN,39,1,
Audubon County,US.IA.AU,39,1,
Sanders County,US.MT.SA,39,0,
Hudspeth County,US.TX.HU,39,2,
Knox County,US.MO.KN,39,0,
Vinton County,US.OH.VI,39,2,
Jefferson County,US.MT.JE,39,0,
Webster County,US.GA.WT,38,2,
Aroostook County,US.ME.AR,38,1,
San Saba County,US.TX.SS,38,0,
Sierra County,US.NM.SI,38,1,
Sitka City and Borough,US.AK.SI,38,0,
Marshall County,US.MN.MS,38,0,
Republic County,US.KS.RP,38,0,
Griggs County,US.ND.GI,38,1,
Schleicher County,US.TX.SH,38,2,
Day County,US.SD.DY,38,0,
Tillamook County,US.OR.TI,38,0,
Stillwater County,US.MT.ST,38,2,
Cochran County,US.TX.CC,37,1,
Lincoln County,US.ME.LI,37,1,
Morgan County,US.WV.MA,37,0,
Carter County,US.MO.CR,37,1,
Mackinac County,US.MI.MK,37,0,
Mahnomen County,US.MN.MH,37,1,
Pembina County,US.ND.PE,37,0,
Bracken County,US.KY.BK,37,0,
Jefferson County,US.OK.JE,36,0,
Alcona County,US.MI.AC,36,2,
Clay County,US.KS.CY,36,2,
Price County,US.WI.PC,36,0,
Fulton County,US.PA.FU,36,2,
Richardson County,US.NE.RI,36,1,
Iron County,US.MI.IR,35,1,
Mills County,US.TX.MS,35,0,
Foster County,US.ND.FO,35,0,
Eddy County,US.ND.ED,35,0,
Culberson County,US.TX.UL,35,2,
Big Stone County,US.MN.BI,35,0,
Ashland County,US.WI.AS,35,1,
Clear Creek County,US.CO.CL,35,1,
Moffat County,US.CO.MF,34,1,
Edwards County,US.TX.ED,34,1,
Lake County,US.MN.LE,34,0,
Cavalier County,US.ND.CV,34,0,
Owsley County,US.KY.OS,34,0,
Menifee County,US.KY.ME,34,0,
Barbour County,US.WV.BB,34,1,
Ontonagon County,US.MI.ON,34,0,
Stanton County,US.NE.ST,34,0,
Stafford County,US.KS.SF,34,1,
Golden Valley County,US.ND.GO,34,0,
Glascock County,US.GA.GS,34,2,
Atchison County,US.MO.AT,33,0,
Polk County,US.NE.PO,33,1,
Lewis County,US.WV.LE,33,2,
Kidder County,US.ND.KI,33,0,
Caledonia County,US.VT.CA,33,0,
Faulk County,US.SD.FU,33,1,
Roane County,US.WV.RO,33,1,
Deer Lodge County,US.MT.DE,33,0,
Guadalupe County,US.NM.GU,32,1,
Fergus County,US.MT.FE,32,0,
Mitchell County,US.KS.MC,32,0,
Allen County,US.KS.AL,32,0,
Edmunds County,US.SD.ED,32,0,
Rooks County,US.KS.RO,32,0,
Gregory County,US.SD.GE,32,1,
Fillmore County,US.NE.FI,32,1,
Costilla County,US.CO.CS,32,1,
Cotton County,US.OK.CT,32,2,
Ringgold County,US.IA.RI,31,1,
Lincoln County,US.WA.LI,31,1,
Warren County,US.PA.WR,31,1,
Quitman County,US.GA.QU,31,1,
Union County,US.NM.UN,31,2,
Conejos County,US.CO.CN,31,0,
Harrison County,US.OH.HR,31,1,
Beaver County,US.UT.BV,31,0,
Douglas County,US.SD.DO,31,0,
Nelson County,US.ND.NE,31,0,
Bear Lake County,US.ID.BK,31,0,
Wilson County,US.KS.WL,30,0,
Sheridan County,US.NE.SD,30,0,
Ness County,US.KS.NS,30,0,
Dade County,US.MO.DD,30,0,
Hot Springs County,US.WY.HO,30,0,
Chariton County,US.MO.CI,30,0,
Daviess County,US.MO.DV,30,0,
Knox County,US.ME.KN,30,1,
Greenwood County,US.KS.GW,29,0,
Box Butte County,US.NE.BX,29,0,
Wells County,US.ND.WE,29,0,
Cheyenne County,US.NE.CY,29,0,
Menominee County,US.WI.MN,29,0,
San Juan County,US.WA.SA,29,0,
Oscoda County,US.MI.OO,29,1,
Red Lake County,US.MN.RD,29,0,
Lake County,US.OR.LK,29,0,
Lake County,US.MI.LK,29,0,
Perkins County,US.NE.PE,29,7,
Bottineau County,US.ND.BT,28,0,
Boone County,US.NE.BO,28,0,
Hettinger County,US.ND.HE,28,0,
Sweet Grass County,US.MT.SW,28,1,
Stark County,US.IL.SA,28,0,
White Pine County,US.NV.WH,28,1,
Elliott County,US.KY.EL,28,0,
Furnas County,US.NE.FU,28,1,
Dickey County,US.ND.DC,28,0,
Grant County,US.OK.GN,27,0,
Rush County,US.KS.RH,27,0,
Edwards County,US.KS.ED,27,0,
Clay County,US.WV.CY,27,2,
Emmons County,US.ND.EM,27,1,
Thayer County,US.NE.TA,27,0,
St. Clair County,US.MO.SC,27,0,
Norton city,US.VA.NC,27,0,
Pierce County,US.ND.PI,27,0,
Florence County,US.WI.FL,27,0,
Woodruff County,US.AR.WO,27,0,
Calhoun County,US.IL.CH,27,0,
Antelope County,US.NE.AN,27,1,
Los Alamos County,US.NM.LO,27,0,
Johnson County,US.WY.JO,27,1,
Wolfe County,US.KY.WL,27,0,
Johnson County,US.NE.JO,27,0,
Ozark County,US.MO.OZ,27,0,
Russell County,US.KS.RS,26,0,
Schuyler County,US.NY.SU,26,0,
Putnam County,US.MO.PN,26,1,
Covington city,US.VA.CV,25,0,
Nicholas County,US.KY.NI,25,1,
Rusk County,US.WI.RU,25,1,
Adams County,US.ID.AM,25,0,
Lipscomb County,US.TX.LM,25,0,
Mellette County,US.SD.ML,25,0,
Ellsworth County,US.KS.EW,25,0,
Ferry County,US.WA.FE,25,0,
Woods County,US.OK.WS,25,0,
Potter County,US.PA.PO,25,0,
Prince of Wales-Hyder Census Area,US.AK.PH,25,0,
Schuyler County,US.IL.SU,24,0,
Gosper County,US.NE.GO,24,0,
Burke County,US.ND.BK,24,1,
Bennett County,US.SD.BN,24,0,
Norton County,US.KS.NT,24,0,
Cherry County,US.NE.CH,24,0,
Ouray County,US.CO.OU,24,1,
Calhoun County,US.AR.CA,23,0,
Wallowa County,US.OR.WW,23,1,
Brown County,US.IL.BR,23,0,
Hanson County,US.SD.HS,23,0,
Shackelford County,US.TX.SC,23,0,
Tripp County,US.SD.TR,23,0,
Rio Blanco County,US.CO.RB,23,0,
Kingsbury County,US.SD.KI,23,0,
Noble County,US.OH.NO,23,0,
Matthews County,US.VA.MT,23,0,
Reynolds County,US.MO.RE,23,0,
Holt County,US.NE.HT,22,0,
Hardeman County,US.TX.RD,22,0,
Jefferson County,US.NE.JE,22,0,
Adams County,US.IA.AM,22,0,
Kinney County,US.TX.KN,22,1,
Graham County,US.KS.GH,22,1,
Oneida County,US.ID.ON,22,0,
Morris County,US.KS.MR,22,0,
Traverse County,US.MN.TR,21,0,
Stanley County,US.SD.ST,21,0,
Clark County,US.ID.CA,21,0,
Clark County,US.SD.CK,21,0,
Pershing County,US.NV.PE,21,0,
Clearwater County,US.ID.CE,21,0,
Craig County,US.VA.CG,21,0,
Curry County,US.OR.CU,21,0,
Presque Isle County,US.MI.PR,21,1,
Dewey County,US.OK.DW,21,1,
Steele County,US.ND.SE,21,0,
LaMoure County,US.ND.LA,20,0,
Hardin County,US.IL.HI,20,0,
Las Animas County,US.CO.LS,20,0,
Mercer County,US.MO.MC,20,0,
Menard County,US.TX.EN,20,0,
Putnam County,US.IL.PT,20,0,
Granite County,US.MT.GN,20,0,
Colfax County,US.NM.CO,20,1,
Orange County,US.VT.OA,20,0,
Scotland County,US.MO.SO,20,1,
Hoonah-Angoon Census Area,US.AK.HH,20,0,
Franklin County,US.NE.FA,20,0,
Taliaferro County,US.GA.TA,19,0,
Summers County,US.WV.SU,19,0,
Clearwater County,US.MN.CE,19,0,
Coos County,US.NH.CO,19,0,
Gilmer County,US.WV.GI,19,0,
Southeast Fairbanks Census Area,US.AK.SO,19,0,
Mineral County,US.CO.MI,19,0,
Marshall County,US.SD.MS,19,0,
Perkins County,US.SD.PR,19,0,
Red Willow County,US.NE.RE,19,0,
Valley County,US.NE.VA,19,0,
Upton County,US.TX.UP,19,2,
Phillips County,US.CO.PH,19,0,
Pope County,US.IL.PE,19,1,
Emery County,US.UT.EM,18,0,
Lac Qui Parle County,US.MN.LC,18,0,
Schuyler County,US.MO.SH,18,0,
Sherman County,US.OR.SH,18,0,
Sargent County,US.ND.SG,18,0,
Sherman County,US.KS.SH,18,0,
Gilpin County,US.CO.GI,18,0,
Sherman County,US.NE.SM,18,1,
Baca County,US.CO.BA,18,0,
Cottle County,US.TX.OT,18,2,
Potter County,US.SD.PO,18,0,
Teton County,US.MT.TE,18,0,
Alger County,US.MI.AG,17,0,
Marshall County,US.KS.MS,17,0,
Custer County,US.CO.CU,17,0,
Carson County,US.TX.CN,17,0,
Miner County,US.SD.ME,17,0,
Delta County,US.TX.DT,17,0,
Harper County,US.OK.HP,17,0,
Trego County,US.KS.TR,16,1,
Pondera County,US.MT.PN,16,0,
Oldham County,US.TX.OL,16,1,
Sanborn County,US.SD.SA,16,0,
Hall County,US.TX.HA,16,1,
Broadwater County,US.MT.BR,16,0,
Collingsworth County,US.TX.CG,16,0,
McMullen County,US.TX.MM,16,0,
Bowman County,US.ND.BW,16,0,
Kimble County,US.TX.KM,16,1,
Washington County,US.ME.WS,15,0,
Tyler County,US.WV.TY,15,0,
Blaine County,US.MT.BL,15,0,
Baylor County,US.TX.BR,15,0,
Kimball County,US.NE.KB,15,0,
Musselshell County,US.MT.MU,15,0,
Pleasants County,US.WV.PL,15,2,
Hand County,US.SD.HD,15,0,
Kodiak Island Borough,US.AK.KO,15,0,
Schoolcraft County,US.MI.SR,15,0,
Orleans County,US.VT.OL,15,0,
Roger Mills County,US.OK.RR,14,1,
Cimarron County,US.OK.CO,14,0,
McCone County,US.MT.MC,14,0,
Kiowa County,US.KS.KW,14,0,
Rock County,US.NE.RO,14,0,
Columbia County,US.WA.CM,14,1,
Hamilton County,US.NY.HA,14,1,
Forest County,US.PA.FO,14,0,
Alfalfa County,US.OK.AL,14,0,
Jewell County,US.KS.JW,14,1,
Hodgeman County,US.KS.HG,14,0,
Crook County,US.WY.CK,14,0,
Garfield County,US.MT.GF,14,0,
Jeff Davis County,US.TX.JF,13,0,
Grand Isle County,US.VT.GR,13,0,
Butte County,US.ID.BT,13,0,
Chase County,US.NE.CE,13,0,
Trinity County,US.CA.TR,13,0,
Lake of the Woods County,US.MN.LO,13,0,
Worth County,US.MO.WO,13,0,
Lee County,US.KY.LE,13,0,
Webster County,US.NE.WE,13,0,
Lake and Peninsula Borough,US.AK.LA,12,0,
Sedgwick County,US.CO.SE,12,1,
Modoc County,US.CA.MC,12,0,
Woodson County,US.KS.WO,12,0,
Pawnee County,US.NE.PA,12,0,
Harney County,US.OR.HA,12,0,
Jackson County,US.SD.JA,12,1,
Montmorency County,US.MI.MR,12,0,
Greeley County,US.NE.GE,12,0,
Briscoe County,US.TX.BO,12,1,
Washington County,US.KS.WS,12,0,
Nance County,US.NE.NA,12,0,
Mineral County,US.NV.MI,12,0,
Rich County,US.UT.RH,11,0,
Renville County,US.ND.RE,11,0,
Chouteau County,US.MT.CH,11,0,
Wrangell City and Borough,US.AK.WG,11,0,
Gove County,US.KS.GO,11,0,
Tucker County,US.WV.TU,11,0,
Armstrong County,US.TX.AM,11,0,
Logan County,US.ND.LO,11,0,
Bent County,US.CO.BE,11,0,
Nuckolls County,US.NE.NU,10,0,
Stonewall County,US.TX.SA,10,1,
Oliver County,US.ND.OL,10,0,
Sullivan County,US.PA.SL,10,0,
Powell County,US.MT.PL,10,0,
McPherson County,US.SD.MP,10,0,
Calhoun County,US.WV.CH,10,0,
Irion County,US.TX.IR,10,0,
Boyd County,US.NE.BY,10,0,
Morton County,US.KS.MT,10,2,
Lewis County,US.ID.LW,9,0,
Comanche County,US.KS.CM,9,0,
Sheridan County,US.ND.SH,9,0,
Towner County,US.ND.TO,9,0,
Grant County,US.ND.GT,9,0,
Cheyenne County,US.CO.CE,9,0,
Braxton County,US.WV.BX,9,0,
Chautauqua County,US.KS.CQ,9,0,
Huerfano County,US.CO.HU,9,1,
Dundy County,US.NE.DY,9,0,
Jackson County,US.CO.JA,9,0,
Kusilvak Census Area,US.AK.WA,8,0,
Wibaux County,US.MT.WI,8,0,
Kittson County,US.MN.KI,8,0,
Piscataquis County,US.ME.PI,8,0,
Catron County,US.NM.CA,8,1,
Sheridan County,US.KS.SD,8,0,
Grant County,US.OR.GR,8,0,
Sully County,US.SD.SU,8,0,
Cameron County,US.PA.CE,8,0,
Cheyenne County,US.KS.CN,8,0,
Wirt County,US.WV.WI,8,0,
Baraga County,US.MI.BA,8,0,
Lincoln County,US.KS.LC,8,0,
Roberts County,US.TX.RS,8,0,
Robertson County,US.KY.RB,8,0,
Lincoln County,US.CO.LI,8,0,
Garden County,US.NE.GD,8,0,
Liberty County,US.MT.LB,7,0,
Kenedy County,US.TX.KE,7,1,
Kent County,US.TX.KT,7,0,
Decatur County,US.KS.DC,7,0,
Hyde County,US.SD.HY,7,0,
Platte County,US.WY.PL,7,1,
Motley County,US.TX.MY,7,0,
Eureka County,US.NV.EU,7,0,
Petersburg Census Area,US.AK.PB,7,1,
Frontier County,US.NE.FO,7,0,
Slope County,US.ND.SL,7,0,
Harlan County,US.NE.HR,7,0,
Lane County,US.KS.LE,7,0,
Webster County,US.WV.WB,7,0,
Storey County,US.NV.ST,7,0,
Doddridge County,US.WV.DO,6,0,
Sierra County,US.CA.SE,6,0,
Glasscock County,US.TX.GC,6,0,
Lincoln County,US.NV.LI,6,0,
Mora County,US.NM.MO,6,0,
Cook County,US.MN.CO,6,0,
San Juan County,US.CO.SJ,6,0,
McPherson County,US.NE.MC,6,0,
Aleutians West Census Area,US.AK.AW,6,0,
Judith Basin County,US.MT.JU,6,0,
Highland County,US.VA.HA,6,0,
Barber County,US.KS.AB,6,0,
Ellis County,US.OK.EL,6,0,
Piute County,US.UT.PT,6,0,
Essex County,US.VT.ES,6,0,
Garfield County,US.NE.GF,6,0,
Haakon County,US.SD.HA,6,0,
Sioux County,US.NE.SI,6,0,
Wahkiakum County,US.WA.WH,6,0,
Sheridan County,US.MT.SH,5,0,
Brown County,US.NE.BW,5,0,
Smith County,US.KS.SM,5,0,
Ritchie County,US.WV.RI,5,0,
Jones County,US.SD.JO,5,0,
Luce County,US.MI.LU,5,0,
Divide County,US.ND.DV,5,0,
Campbell County,US.SD.CP,5,0,
Dillingham Census Area,US.AK.DI,5,0,
Throckmorton County,US.TX.TH,5,2,
Wallace County,US.KS.WA,5,0,
Osborne County,US.KS.OB,4,0,
Billings County,US.ND.BI,4,0,
Bath County,US.VA.BA,4,0,
Garfield County,US.WA.GF,4,0,
Gilliam County,US.OR.GI,4,0,
Meagher County,US.MT.ME,4,0,
Greeley County,US.KS.GL,4,0,
Haines Borough,US.AK.HA,4,0,
Wichita County,US.KS.WH,4,0,
Hooker County,US.NE.HO,4,0,
Adams County,US.ND.AD,4,0,
Camas County,US.ID.CM,4,0,
Sterling County,US.TX.SI,4,0,
Treasure County,US.MT.TR,3,0,
Golden Valley County,US.MT.GO,3,0,
Logan County,US.KS.LG,3,0,
Logan County,US.NE.LG,3,0,
Hinsdale County,US.CO.HI,3,0,
Foard County,US.TX.FD,3,0,
Thomas County,US.NE.TO,3,0,
Terrell County,US.TX.TL,3,0,
Daniels County,US.MT.DN,3,0,
Deuel County,US.NE.DL,3,0,
Wheatland County,US.MT.WH,3,0,
Niobrara County,US.WY.NI,3,0,
Dolores County,US.CO.DO,2,0,
Banner County,US.NE.BA,2,0,
Keweenaw County,US.MI.KW,2,0,
Aleutians East Borough,US.AK.AE,2,0,
Hitchcock County,US.NE.HI,2,0,
Alpine County,US.CA.AP,2,0,
Harding County,US.SD.HR,2,0,
Harding County,US.NM.HA,2,0,
Wayne County,US.UT.WE,2,0,
Powder River County,US.MT.PD,2,0,
Denali Borough,US.AK.DE,2,0,
Loup County,US.NE.LU,2,0,
Fallon County,US.MT.FA,2,0,
Mineral County,US.MT.MN,2,0,
Arthur County,US.NE.AR,1,0,
Keya Paha County,US.NE.KY,1,0,
Prairie County,US.MT.PR,1,0,
Wheeler County,US.NE.WH,1,0,
Rawlins County,US.KS.RA,1,0,
Elk County,US.KS.EK,1,0,
Blaine County,US.NE.BL,0,0,
Kalawao County,US.HI.KL,0,0,
Esmeralda County,US.NV.ES,0,0,
Borden County,US.TX.BD,0,0,
Bristol Bay Borough,US.AK.BR,0,0,
King County,US.TX.KG,0,0,
Daggett County,US.UT.DG,0,0,
Kiowa County,US.CO.KO,0,0,
Carter County,US.MT.CT,0,0,
Loving County,US.TX.LI,0,0,
Petroleum County,US.MT.PO,0,0,
Hayes County,US.NE.HY,0,0,
Grant County,US.NE.GA,0,0,
Yakutat City and Borough,US.AK.YA,0,0,
Skagway Municipality,US.AK.SW,0,0,
Wheeler County,US.OR.WE,0,0,
De Baca County,US.NM.DE,0,0,
