County,hasc,confirmed,death,recovered
Los Angeles County,US.CA.LO,264414,6455,
Miami-Dade County,US.FL.DA,168272,3163,
Cook County,US.IL.CO,141430,5187,
Maricopa County,US.AZ.MA,140584,3329,
Harris County,US.TX.RR,139017,2548,
Dallas County,US.TX.DS,78723,1115,
Broward County,US.FL.BO,76329,1358,
Queens County,US.NY.QU,71978,7246,
Kings County,US.NY.KI,67717,7321,
Clark County,US.NV.CL,65175,1360,
Riverside County,US.CA.RI,57883,1179,
Bexar County,US.TX.BX,53971,1271,
San Bernardino County,US.CA.SA,53359,918,
Bronx County,US.NY.BN,52756,4944,
Orange County,US.CA.OR,52622,1182,
Nassau County,US.NY.NA,46434,2201,
Suffolk County,US.NY.SF,46241,2012,
Palm Beach County,US.FL.PL,45866,1330,
San Diego County,US.CA.SD,45596,773,
Tarrant County,US.TX.TN,44590,701,
Hillsborough County,US.FL.HL,41351,620,
Orange County,US.FL.OR,39560,440,
Westchester County,US.NY.WE,37948,1455,
Wayne County,US.MI.WY,34759,2970,
New York County,US.NY.NE,33237,3174,
Kern County,US.CA.KE,31785,361,
Philadelphia County,US.PA.PH,31368,1818,
Hidalgo County,US.TX.HG,31162,1479,
Shelby County,US.TN.SY,30460,452,
Duval County,US.FL.DU,29845,367,
Salt Lake County,US.UT.SL,29392,248,
Milwaukee County,US.WI.MU,29355,525,
Middlesex County,US.MA.MI,29271,2138,
Prince George's County,US.MD.PR,28887,822,
Travis County,US.TX.TV,28745,412,
Fresno County,US.CA.FR,28019,362,
Mecklenburg County,US.NC.MB,27884,345,
Fulton County,US.GA.FU,27305,569,
Gwinnett County,US.GA.GW,27051,398,
Franklin County,US.OH.FR,26545,606,
Hennepin County,US.MN.HE,26447,926,
Davidson County,US.TN.DA,26252,298,
Pima County,US.AZ.PM,25140,617,
Suffolk County,US.MA.SU,25074,1132,
El Paso County,US.TX.EP,23207,518,
Cameron County,US.TX.CA,22586,890,
Bergen County,US.NJ.BE,22304,2044,
St. Louis County,US.MO.SL,22176,788,
Montgomery County,US.MD.MO,22078,841,
Sacramento County,US.CA.SC,22026,402,
Pinellas County,US.FL.PI,21765,739,
King County,US.WA.KN,21760,759,
Marion County,US.IN.MO,21238,816,
Alameda County,US.CA.AA,20951,397,
Essex County,US.NJ.ES,20927,2128,
Santa Clara County,US.CA.SL,20756,304,
Hudson County,US.NJ.HD,20568,1514,
Fairfax County,US.VA.FX,20504,583,
Oakland County,US.MI.OD,20346,1196,
Lee County,US.FL.LE,20191,466,
Essex County,US.MA.ES,20129,1274,
San Joaquin County,US.CA.SJ,20126,437,
Fairfield County,US.CT.FA,19985,1421,
Jefferson County,US.AL.JE,19572,348,
Polk County,US.FL.PO,19551,520,
Cobb County,US.GA.CB,19354,423,
Middlesex County,US.NJ.MI,19260,1425,
Passaic County,US.NJ.PA,18909,1252,
Providence County,US.RI.PR,18437,881,
DeKalb County,US.GA.DA,18418,357,
Jackson County (including other portions of Kansas City),US.MO.JC,18200,215,
Baltimore County,US.MD.BC,17655,621,
Union County,US.NJ.UN,17543,1356,
Jefferson Parish,US.LA.JF,17432,567,
Cuyahoga County,US.OH.CU,17327,656,
Oklahoma County,US.OK.OL,17319,188,
Wake County,US.NC.WK,17158,239,
DuPage County,US.IL.DU,17091,554,
Utah County,US.UT.UT,17054,54,
Lake County,US.IL.LK,16636,487,
Tulsa County,US.OK.TU,16487,156,
Stanislaus County,US.CA.ST,16436,345,
Contra Costa County,US.CA.CN,16327,204,
Fort Bend County,US.TX.FR,16049,283,
Tulare County,US.CA.TL,15897,259,
Nueces County,US.TX.NU,15849,365,
Richmond County,US.NY.RI,15823,1085,
Charleston County,US.SC.CS,15682,261,
Douglas County,US.NE.DG,15615,189,
Polk County,US.IA.PK,15613,261,
Baltimore City,US.MD.BA,15374,484,
Washington,US.DC.DI,15106,621,
East Baton Rouge Parish,US.LA.EB,15018,439,
Rockland County,US.NY.RO,14998,509,
Jefferson County,US.KY.JF,14990,302,
Worcester County,US.MA.WO,14856,1096,
Richland County,US.SC.RI,14833,234,
Hartford County,US.CT.HA,14506,1434,
Macomb County,US.MI.MB,14327,1017,
New Haven County,US.CT.NH,14319,1115,
Greenville County,US.SC.GV,14076,299,
Will County,US.IL.WL,13720,376,
Webb County,US.TX.WB,13474,266,
Mobile County,US.AL.MB,13320,292,
Collin County,US.TX.CI,13310,141,
Hamilton County,US.OH.HM,12953,315,
Kane County,US.IL.KE,12889,325,
Denver County,US.CO.DN,12785,434,
Yuma County,US.AZ.YU,12632,344,
Collier County,US.FL.CL,12588,211,
Ada County,US.ID.AA,12588,147,
Ocean County,US.NJ.OC,12548,1047,
Orleans Parish,US.LA.OR,12514,587,
Ventura County,US.CA.VE,12437,147,
Osceola County,US.FL.OS,12288,144,
Prince William County,US.VA.PW,12250,202,
Escambia County,US.FL.ES,12142,228,
Montgomery County,US.PA.MG,12059,878,
Allegheny County,US.PA.AL,11927,354,
Orange County,US.NY.OE,11890,412,
Denton County,US.TX.DN,11770,152,
Imperial County,US.CA.IM,11741,317,
Monmouth County,US.NJ.MN,11682,867,
Norfolk County,US.MA.NO,11594,1051,
Galveston County,US.TX.GV,11519,154,
Manatee County,US.FL.MN,11352,286,
Yakima County,US.WA.YA,11331,257,
Delaware County,US.PA.DE,11275,755,
Erie County,US.NY.ER,11201,623,
Brazoria County,US.TX.BI,11169,163,
San Francisco County,US.CA.SF,10946,99,
Lubbock County,US.TX.LU,10855,121,
Johnson County,US.KS.JO,10697,146,
Ramsey County,US.MN.RA,10697,319,
Volusia County,US.FL.VO,10689,238,
Honolulu County,US.HI.HO,10627,99,
Montgomery County,US.TX.MG,10556,158,
Bristol County,US.MA.BR,10498,692,
Pinal County,US.AZ.PN,10462,207,
Lake County,US.IN.LK,10459,339,
Leon County,US.FL.LO,10278,65,
Horry County,US.SC.HO,10227,196,
Plymouth County,US.MA.PL,10103,765,
New Castle County,US.DE.NE,9865,310,
Anne Arundel County,US.MD.AN,9812,246,
Camden County,US.NJ.CM,9799,606,
Monterey County,US.CA.MT,9772,70,
San Mateo County,US.CA.SM,9714,144,
Dane County,US.WI.DA,9674,41,
Kent County,US.MI.KN,9667,173,
Marion County,US.FL.MI,9590,266,
Hamilton County,US.TN.HL,9287,91,
Washington County,US.AR.WA,9250,112,
Knox County,US.TN.KN,9181,75,
Rutherford County,US.TN.RU,9150,88,
Arapahoe County,US.CO.AA,9071,370,
Pasco County,US.FL.PS,9040,206,
Hall County,US.GA.HL,9035,149,
Santa Barbara County,US.CA.SB,9003,113,
Pulaski County,US.AR.PU,8981,146,
Seminole County,US.FL.SE,8909,207,
Lafayette Parish,US.LA.LY,8895,128,
Washoe County,US.NV.WA,8878,154,
Merced County,US.CA.MD,8846,140,
Montgomery County,US.AL.MT,8811,183,
Adams County,US.CO.AD,8773,224,
Bucks County,US.PA.BC,8670,607,
Brevard County,US.FL.BE,8636,290,
Mercer County,US.NJ.ME,8609,634,
Tuscaloosa County,US.AL.TU,8586,117,
Sedgwick County,US.KS.SG,8577,85,
Williamson County,US.TX.WM,8515,143,
Caddo Parish,US.LA.CO,8403,350,
Brown County,US.WI.BW,8397,62,
Hampden County,US.MA.HD,8386,774,
Guilford County,US.NC.GU,8331,179,
Chatham County,US.GA.CM,8326,151,
Canyon County,US.ID.CN,8048,101,
Sarasota County,US.FL.SR,8009,253,
St. Lucie County,US.FL.SL,7910,273,
Alachua County,US.FL.AL,7862,51,
Madison County,US.AL.MD,7820,78,
Calcasieu Parish,US.LA.CC,7812,210,
Morris County,US.NJ.MR,7810,831,
McLennan County,US.TX.ML,7779,101,
Pierce County,US.WA.PI,7736,198,
Lancaster County,US.PA.LN,7733,458,
Montgomery County,US.OH.MT,7667,157,
Durham County,US.NC.DH,7636,92,
Kings County,US.CA.KI,7631,77,
Waukesha County,US.WI.WK,7588,87,
St. Charles County,US.MO.SA,7459,115,
Lake County,US.FL.LK,7394,184,
Dakota County,US.MN.DA,7354,125,
Jefferson County,US.TX.JE,7325,132,
Lucas County,US.OH.LU,7230,364,
Sonoma County,US.CA.SO,7225,120,
Hinds County,US.MS.HI,7063,159,
Clayton County,US.GA.CN,7049,161,
Burlington County,US.NJ.BU,7036,495,
Multnomah County,US.OR.MU,7022,136,
Lexington County,US.SC.LX,7012,157,
Richmond County,US.GA.RI,6983,160,
Berks County,US.PA.BK,6963,393,
Forsyth County,US.NC.FO,6909,97,
Wyandotte County,US.KS.WY,6906,134,
St. Tammany Parish,US.LA.ST,6886,251,
City of St. Louis,US.MO.SY,6805,207,
Snohomish County,US.WA.SN,6785,211,
El Paso County,US.CO.EL,6760,170,
Loudoun County,US.VA.LD,6747,124,
Virginia Beach City,US.VA.VI,6734,86,
Chester County,US.PA.CH,6701,364,
Sussex County,US.DE.SU,6691,204,
Marin County,US.CA.MN,6668,117,
Spartanburg County,US.SC.SP,6618,194,
Elkhart County,US.IN.EL,6571,113,
Spokane County,US.WA.SP,6561,163,
Benton County,US.AR.BE,6458,84,
Minnehaha County,US.SD.MN,6453,80,
St. Clair County,US.IL.SI,6421,188,
St. Joseph County,US.IN.SN,6330,111,
Bernalillo County,US.NM.BE,6327,174,
Solano County,US.CA.SN,6232,60,
Brazos County,US.TX.BZ,6178,64,
Ouachita Parish,US.LA.OU,6163,142,
Allen County,US.IN.AL,6141,211,
Lancaster County,US.NE.LA,6010,24,
Bibb County,US.GA.BI,6005,163,
Monroe County,US.NY.MR,5970,259,
Bay County,US.FL.BY,5968,102,
Muscogee County,US.GA.MG,5944,167,
Anoka County,US.MN.AN,5935,132,
Shelby County,US.AL.SH,5923,49,
Cherokee County,US.GA.CE,5912,92,
Lee County,US.AL.LE,5887,59,
Chesterfield County,US.VA.CD,5870,94,
Cleveland County,US.OK.CV,5847,70,
Butler County,US.OH.BU,5838,110,
Hays County,US.TX.HY,5818,61,
Greene County,US.MO.GE,5807,25,
Fayette County,US.KY.FA,5803,71,
Navajo County,US.AZ.NA,5770,233,
Somerset County,US.NJ.SO,5740,573,
Winnebago County,US.IL.WN,5634,149,
Lehigh County,US.PA.LH,5551,353,
Jefferson County,US.CO.JE,5551,248,
Beaufort County,US.SC.BA,5524,82,
DeSoto County,US.MS.DE,5521,59,
Madison County,US.IL.MD,5511,136,
Baldwin County,US.AL.BD,5456,50,
Berkeley County,US.SC.BK,5407,88,
Bell County,US.TX.BL,5404,84,
Henrico County,US.VA.HC,5371,210,
Cumberland County,US.NC.CU,5300,75,
Santa Rosa County,US.FL.SA,5259,75,
York County,US.SC.YO,5243,70,
Summit County,US.OH.SU,5237,252,
St. Johns County,US.FL.SJ,5196,69,
Woodbury County,US.IA.WO,5189,63,
Williamson County,US.TN.WL,5165,36,
Henry County,US.GA.HY,5115,100,
Dutchess County,US.NY.DU,5105,156,
Racine County,US.WI.RA,5090,95,
Johnson County,US.IA.JH,5083,27,
Howard County,US.MD.HO,4997,123,
Gaston County,US.NC.GS,4990,77,
Clarke County,US.GA.CK,4975,42,
Clay County,US.FL.CY,4920,96,
Davis County,US.UT.DA,4874,28,
Florence County,US.SC.FL,4873,187,
Cass County,US.ND.CS,4849,77,
Okaloosa County,US.FL.OA,4836,109,
Hamilton County,US.IN.HM,4835,118,
Martin County,US.FL.MT,4832,139,
Norfolk City,US.VA.NF,4781,78,
Sumner County,US.TN.SN,4758,96,
Potter County,US.TX.PT,4707,55,
Pitt County,US.NC.PI,4695,27,
Union County,US.NC.UN,4653,58,
York County,US.PA.YO,4650,152,
Weld County,US.CO.WE,4624,149,
Richmond City,US.VA.RC,4578,61,
Marion County,US.OR.MR,4569,92,
Boone County,US.MO.BO,4548,8,
Champaign County,US.IL.CM,4538,20,
Whitfield County,US.GA.WF,4517,61,
McHenry County,US.IL.MY,4506,118,
Benton County,US.WA.BE,4499,130,
Madera County,US.CA.ME,4458,65,
Genesee County,US.MI.GE,4451,308,
Northampton County,US.PA.NA,4443,305,
Tangipahoa Parish,US.LA.TA,4435,118,
Black Hawk County,US.IA.BL,4429,88,
Gloucester County,US.NJ.GL,4428,227,
Washington County,US.OR.WI,4417,59,
Ellis County,US.TX.EI,4328,68,
Hillsborough County,US.NH.HI,4326,288,
Robeson County,US.NC.RB,4314,72,
McKinley County,US.NM.MC,4311,256,
Onondaga County,US.NY.OG,4300,180,
Johnston County,US.NC.JH,4280,56,
Anderson County,US.SC.AN,4277,171,
Chesapeake City,US.VA.CS,4262,70,
Warren County,US.KY.WR,4250,48,
Franklin County,US.WA.FR,4230,66,
Rapides Parish,US.LA.RA,4154,148,
Outagamie County,US.WI.OU,4153,28,
Weber County,US.UT.WB,4103,30,
Dorchester County,US.SC.DO,4089,88,
Luzerne County,US.PA.LU,4060,189,
Boulder County,US.CO.BO,4059,79,
Jefferson County,US.MO.JE,4054,57,
Aiken County,US.SC.AI,4053,80,
Victoria County,US.TX.VI,4027,95,
Atlantic County,US.NJ.AT,4002,256,
Municipality of Anchorage,US.AK.AN,3996,28,
Frederick County,US.MD.FR,3975,131,
New Hanover County,US.NC.NE,3966,29,
Mohave County,US.AZ.MO,3947,222,
Marshall County,US.AL.MS,3933,43,
Linn County,US.IA.LI,3919,109,
Coconino County,US.AZ.CO,3918,133,
Stearns County,US.MN.SR,3909,24,
Arlington County,US.VA.AR,3889,148,
Cabarrus County,US.NC.CR,3883,63,
Forsyth County,US.GA.FO,3868,45,
Lowndes County,US.GA.LW,3864,80,
Alamance County,US.NC.AA,3837,54,
Harrison County,US.MS.HR,3829,73,
Kenosha County,US.WI.KN,3781,65,
Cumberland County,US.NJ.CU,3767,158,
Alexandria City,US.VA.AX,3761,69,
Dauphin County,US.PA.DA,3754,180,
Livingston Parish,US.LA.LV,3746,74,
Columbia County,US.FL.CU,3733,54,
Smith County,US.TX.SM,3724,99,
Ascension Parish,US.LA.AE,3717,97,
Washington County,US.MN.WH,3689,55,
Walker County,US.TX.WK,3689,57,
Jasper County,US.MO.JS,3685,49,
Columbia County,US.GA.CI,3681,59,
Maverick County,US.TX.MV,3652,119,
Midland County,US.TX.ID,3636,64,
Lafourche Parish,US.LA.LO,3618,120,
Terrebonne Parish,US.LA.TR,3613,113,
Sebastian County,US.AR.SB,3590,59,
Guadalupe County,US.TX.GU,3566,76,
Vanderburgh County,US.IN.VA,3539,30,
Placer County,US.CA.PA,3535,44,
Sarpy County,US.NE.SY,3520,16,
San Luis Obispo County,US.CA.SS,3510,29,
Douglas County,US.GA.DL,3499,71,
Calhoun County,US.AL.CN,3499,42,
Apache County,US.AZ.AP,3495,164,
Washtenaw County,US.MI.WS,3482,115,
Jackson County,US.MS.JC,3456,70,
Etowah County,US.AL.ET,3439,45,
Glynn County,US.GA.GY,3433,94,
Wilson County,US.TN.WO,3418,44,
Ingham County,US.MI.IH,3406,47,
Starr County,US.TX.SR,3391,162,
Story County,US.IA.ST,3375,17,
Peoria County,US.IL.PI,3352,49,
Ottawa County,US.MI.OT,3337,66,
Winnebago County,US.WI.WA,3308,24,
San Juan County,US.NM.SJ,3295,197,
Burleigh County,US.ND.BL,3280,40,
St. Landry Parish,US.LA.SL,3279,124,
Morgan County,US.AL.MG,3273,28,
Madison County,US.MS.MD,3265,86,
Rowan County,US.NC.RW,3261,91,
Rankin County,US.MS.RA,3256,77,
Wayne County,US.NC.WY,3250,67,
Dona Ana County,US.NM.DO,3227,54,
McLean County,US.IL.ML,3223,22,
Washington County,US.UT.WN,3212,25,
Bossier Parish,US.LA.BO,3212,105,
Putnam County,US.TN.PU,3201,39,
Sumter County,US.SC.SU,3169,77,
Indian River County,US.FL.IN,3145,115,
Dougherty County,US.GA.DH,3129,186,
Kaufman County,US.TX.KU,3107,47,
Houston County,US.GA.HO,3102,80,
Floyd County,US.GA.FL,3100,44,
Ector County,US.TX.EC,3095,82,
Hernando County,US.FL.HA,3084,117,
Marion County,US.OH.MR,3083,47,
Jefferson County,US.AR.JE,3074,65,
Orangeburg County,US.SC.OR,3072,123,
Dubuque County,US.IA.DU,3061,41,
Albany County,US.NY.AB,3053,123,
Catawba County,US.NC.CB,3032,52,
Mahoning County,US.OH.MH,3030,281,
Montgomery County,US.TN.MT,3022,44,
Warren County,US.OH.WR,3002,49,
Charlotte County,US.FL.CH,3001,134,
Yellowstone County,US.MT.YS,2990,62,
La Crosse County,US.WI.LA,2988,2,
Harford County,US.MD.HA,2963,76,
Johnson County,US.TX.JH,2958,49,
Buncombe County,US.NC.BO,2954,82,
Umatilla County,US.OR.UM,2939,41,
Acadia Parish,US.LA.AD,2935,96,
Iberia Parish,US.LA.II,2906,89,
Scott County,US.IA.SC,2904,28,
Kent County,US.DE.KE,2903,116,
Saginaw County,US.MI.SG,2902,139,
Rock Island County,US.IL.RO,2901,75,
Bradley County,US.TN.BR,2893,17,
Grant County,US.WA.GN,2893,20,
Bartow County,US.GA.BT,2859,84,
Bulloch County,US.GA.BH,2845,27,
Santa Cruz County,US.AZ.SA,2830,63,
Anderson County,US.TX.AE,2825,31,
Pickens County,US.SC.PI,2821,45,
Stark County,US.OH.ST,2817,170,
Craighead County,US.AR.CG,2814,21,
Houston County,US.AL.HO,2802,21,
Madison County,US.TN.MD,2800,61,
Troup County,US.GA.TP,2785,96,
Yolo County,US.CA.YO,2782,55,
Jackson County,US.FL.JA,2773,77,
Randall County,US.TX.RA,2767,38,
Kalamazoo County,US.MI.KA,2763,93,
Ford County,US.KS.FO,2756,10,
Paulding County,US.GA.PA,2751,51,
Gadsden County,US.FL.GA,2750,46,
Dallas County,US.IA.DL,2748,38,
Butte County,US.CA.BU,2744,43,
Charles County,US.MD.CH,2737,100,
Hendricks County,US.IN.HD,2729,140,
Iredell County,US.NC.IR,2726,27,
Randolph County,US.NC.RA,2714,51,
Carroll County,US.GA.CL,2709,65,
Newport News City,US.VA.NN,2704,37,
Citrus County,US.FL.CI,2702,97,
Kankakee County,US.IL.KK,2694,77,
Clark County,US.WA.CR,2685,62,
Lee County,US.MS.LE,2683,68,
Davidson County,US.NC.DD,2683,34,
Walworth County,US.WI.WL,2672,34,
Shawnee County,US.KS.SN,2671,32,
Suwannee County,US.FL.SW,2662,69,
Cache County,US.UT.CA,2659,6,
Elmore County,US.AL.EL,2659,47,
Comal County,US.TX.OM,2648,102,
Pickaway County,US.OH.PC,2644,44,
Orange County,US.NC.OR,2614,55,
Bonneville County,US.ID.BV,2595,16,
Kootenai County,US.ID.KO,2586,35,
Rock County,US.WI.RO,2575,32,
Sevier County,US.TN.SV,2570,15,
Coweta County,US.GA.CA,2568,44,
Harrisonburg City,US.VA.HS,2564,34,
Newton County,US.GA.NE,2563,86,
Portsmouth City,US.VA.PR,2539,58,
Monroe County,US.IN.MR,2536,40,
Washington County,US.WI.WN,2514,32,
Yavapai County,US.AZ.YA,2506,80,
Scott County,US.MN.SC,2500,33,
Douglas County,US.CO.DU,2484,60,
Blount County,US.TN.BO,2477,23,
Kanawha County,US.WV.KA,2468,74,
Jones County,US.MS.JO,2468,79,
Forrest County,US.MS.FO,2455,71,
Larimer County,US.CO.LR,2449,51,
Lackawanna County,US.PA.LC,2424,217,
DeKalb County,US.AL.DA,2406,20,
Faulkner County,US.AR.FA,2391,19,
Oneida County,US.NY.OD,2388,121,
Olmsted County,US.MN.OL,2367,28,
Tippecanoe County,US.IN.TP,2350,14,
Clackamas County,US.OR.CC,2346,61,
Johnson County,US.IN.JO,2330,132,
Santa Cruz County,US.CA.SZ,2319,9,
Sangamon County,US.IL.SM,2311,44,
Maury County,US.TN.MU,2309,23,
St. Clair County,US.AL.SA,2308,35,
Walker County,US.AL.WK,2306,83,
Cumberland County,US.ME.CU,2301,70,
Lorain County,US.OH.LR,2295,86,
Liberty County,US.TX.LT,2257,50,
Ulster County,US.NY.UL,2254,84,
Nash County,US.NC.NA,2252,39,
Washington County,US.TN.WI,2239,35,
Tom Green County,US.TX.TG,2229,66,
Washington County,US.MS.WS,2219,72,
Delaware County,US.OH.DL,2216,20,
Sumter County,US.FL.SM,2205,65,
Clark County,US.IN.CK,2203,63,
Centre County,US.PA.CT,2202,11,
Gregg County,US.TX.GE,2200,63,
Robertson County,US.TN.RB,2190,35,
Greenwood County,US.SC.GW,2183,72,
Dakota County,US.NE.DK,2183,43,
Twin Falls County,US.ID.TW,2162,36,
Lafayette County,US.MS.LY,2154,39,
Duplin County,US.NC.DP,2154,53,
Val Verde County,US.TX.VL,2153,100,
Westmoreland County,US.PA.WE,2150,52,
Payne County,US.OK.PY,2149,6,
Talladega County,US.AL.TD,2146,28,
Wilson County,US.NC.WO,2145,49,
Pennington County,US.SD.PN,2142,36,
Barrow County,US.GA.BW,2139,46,
Douglas County,US.KS.DG,2135,10,
Harnett County,US.NC.HT,2128,52,
Canadian County,US.OK.CN,2122,17,
Highlands County,US.FL.HG,2121,82,
Sullivan County,US.TN.SL,2121,33,
Angelina County,US.TX.AG,2120,80,
Spotsylvania County,US.VA.SP,2119,44,
Grand Forks County,US.ND.GD,2119,13,
Cleveland County,US.NC.CV,2118,61,
Porter County,US.IN.PR,2116,48,
Lancaster County,US.SC.LN,2111,49,
Finney County,US.KS.FI,2103,12,
Putnam County,US.FL.PU,2102,38,
St. Martin Parish,US.LA.SR,2091,60,
Limestone County,US.AL.LI,2088,20,
Baldwin County,US.GA.BD,2085,56,
Pope County,US.AR.PP,2079,30,
Fairfield County,US.OH.FI,2067,52,
Nassau County,US.FL.NA,2062,42,
Hendry County,US.FL.HR,2056,42,
Burke County,US.NC.BK,2049,38,
Lauderdale County,US.MS.LU,2044,125,
Pottawattamie County,US.IA.PT,2041,38,
Vermilion Parish,US.LA.VM,2027,61,
Coffee County,US.GA.CF,2026,47,
Leavenworth County,US.KS.LV,2023,11,
Saline County,US.AR.SL,2020,23,
Darlington County,US.SC.DA,2020,52,
Rockingham County,US.NH.RO,2000,103,
Kenton County,US.KY.KE,1990,45,
Hall County,US.NE.HL,1989,47,
Stafford County,US.VA.SF,1984,18,
Lebanon County,US.PA.LB,1983,59,
St. Francois County,US.MO.SF,1973,9,
Kendall County,US.IL.KA,1966,25,
Buena Vista County,US.IA.BV,1964,12,
Orange County,US.TX.OR,1961,43,
Monongalia County,US.WV.MG,1959,5,
Nobles County,US.MN.NB,1954,16,
Barnstable County,US.MA.BA,1952,174,
Lincoln County,US.AR.LC,1948,15,
Henderson County,US.NC.HN,1945,64,
Fond du Lac County,US.WI.FN,1943,13,
Cass County,US.IN.CS,1942,10,
Jackson County,US.GA.JC,1941,31,
Parker County,US.TX.PR,1940,32,
Wicomico County,US.MD.WI,1936,48,
Suffolk City,US.VA.SO,1928,72,
Carroll County,US.MD.CR,1925,124,
Columbiana County,US.OH.CL,1924,80,
Delaware County,US.IN.DL,1923,62,
Walton County,US.FL.WL,1921,25,
Kershaw County,US.SC.KE,1918,37,
Crittenden County,US.AR.CD,1917,46,
Manassas City,US.VA.MS,1910,25,
Onslow County,US.NC.ON,1909,23,
St. Mary Parish,US.LA.SM,1902,77,
Licking County,US.OH.LI,1898,63,
Cullman County,US.AL.CU,1890,20,
Cochise County,US.AZ.CH,1889,71,
Hamblen County,US.TN.HB,1885,25,
Trumbull County,US.OH.TR,1876,132,
Hot Spring County,US.AR.HT,1875,26,
Georgetown County,US.SC.GR,1875,45,
Colquitt County,US.GA.CQ,1871,33,
Buchanan County,US.MO.BC,1867,15,
Kent County,US.RI.KE,1867,109,
Stanly County,US.NC.SN,1864,56,
Litchfield County,US.CT.LI,1856,141,
Beaver County,US.PA.BA,1856,122,
Berrien County,US.MI.BN,1845,74,
Chelan County,US.WA.CH,1838,15,
Hale County,US.TX.HE,1838,53,
Grayson County,US.TX.GO,1838,39,
Rockdale County,US.GA.RO,1833,36,
New London County,US.CT.NL,1830,114,
Garland County,US.AR.GL,1827,50,
Bolivar County,US.MS.BO,1823,66,
Montgomery County,US.VA.MO,1818,4,
Coryell County,US.TX.CL,1818,12,
Monroe County,US.FL.MO,1817,22,
Gordon County,US.GA.GO,1815,36,
Bee County,US.TX.BE,1815,31,
Bastrop County,US.TX.BP,1814,29,
Vigo County,US.IN.VI,1807,25,
Wood County,US.OH.WO,1804,72,
Cumberland County,US.PA.CU,1801,77,
Hampton city,US.VA.HM,1800,24,
Fayette County,US.GA.FY,1789,49,
Sampson County,US.NC.SP,1788,24,
Monroe County,US.PA.MR,1785,133,
St. Charles Parish,US.LA.SC,1784,59,
Dallas County,US.AL.DL,1783,26,
Tipton County,US.TN.TI,1781,18,
Rogers County,US.OK.RS,1779,49,
Clark County,US.OH.CK,1777,40,
Oktibbeha County,US.MS.OK,1773,50,
Clay County,US.MO.CY,1773,41,
Walton County,US.GA.WA,1771,53,
Marshall County,US.IA.MS,1769,34,
Franklin County,US.AL.FR,1767,29,
Russell County,US.AL.RU,1757,3,
Autauga County,US.AL.AU,1757,25,
Muskogee County,US.OK.MO,1757,21,
Niagara County,US.NY.NI,1756,89,
Eau Claire County,US.WI.EA,1755,6,
Dodge County,US.WI.DD,1752,14,
Franklin County,US.PA.FR,1749,50,
Tift County,US.GA.TI,1747,56,
East Feliciana Parish,US.LA.EF,1731,67,
Riley County,US.KS.RL,1722,8,
Granville County,US.NC.GN,1709,49,
Washington County,US.MD.WA,1705,37,
Flagler County,US.FL.FL,1704,23,
Lauderdale County,US.AL.LU,1698,33,
Sutter County,US.CA.SU,1696,11,
Madison County,US.KY.MD,1696,6,
Wichita County,US.TX.WC,1694,22,
Clermont County,US.OH.CE,1679,23,
Tazewell County,US.IL.TA,1678,21,
Lamar County,US.MS.LM,1675,34,
Napa County,US.CA.NA,1659,13,
LaSalle County,US.IL.LA,1658,56,
Seward County,US.KS.SW,1656,5,
Trousdale County,US.TN.TR,1651,7,
Mississippi County,US.AR.MS,1648,50,
Blue Earth County,US.MN.BE,1647,6,
Franklin County,US.MO.FR,1642,28,
Colbert County,US.AL.CL,1641,26,
Roanoke city,US.VA.RO,1640,23,
Chatham County,US.NC.CH,1636,57,
Madison County,US.IN.MD,1635,86,
Laurens County,US.SC.LU,1634,56,
Chattahoochee County,US.GA.CH,1629,1,
Laurens County,US.GA.LR,1621,66,
Cape Girardeau County,US.MO.CG,1620,12,
Washington Parish,US.LA.WO,1612,65,
Rockwall County,US.TX.RC,1610,25,
Gibson County,US.TN.GB,1609,22,
Blount County,US.AL.BU,1608,15,
Lake County,US.OH.LK,1608,50,
Escambia County,US.AL.ES,1603,24,
Caldwell County,US.NC.CL,1603,18,
Lee County,US.NC.LE,1601,13,
Habersham County,US.GA.HB,1601,66,
Hunt County,US.TX.HT,1599,36,
Malheur County,US.OR.ML,1589,26,
Putnam County,US.NY.PU,1589,63,
Sheboygan County,US.WI.SE,1588,15,
Garfield County,US.OK.GF,1588,19,
Sullivan County,US.NY.SL,1580,37,
St. John the Baptist Parish,US.LA.SO,1578,98,
Brunswick County,US.NC.BS,1576,26,
Wright County,US.MN.WR,1573,7,
Middlesex County,US.CT.MI,1564,193,
Chilton County,US.AL.CI,1564,31,
Moore County,US.NC.ME,1563,27,
Jackson County,US.AL.JA,1560,11,
Neshoba County,US.MS.NS,1559,104,
DeSoto County,US.FL.DE,1555,25,
Allen Parish,US.LA.AL,1551,46,
Comanche County,US.OK.CM,1549,13,
Hardeman County,US.TN.HA,1548,26,
Cherokee County,US.TX.CK,1546,28,
Nacogdoches County,US.TX.NC,1543,61,
Boone County,US.KY.BO,1542,25,
Lincoln County,US.NC.LI,1535,14,
DeKalb County,US.IL.DK,1526,38,
Lowndes County,US.MS.LO,1526,58,
Caldwell County,US.TX.CW,1523,35,
Erie County,US.PA.ER,1514,38,
Walker County,US.GA.WK,1506,32,
Monroe County,US.MI.MO,1504,28,
Okeechobee County,US.FL.OE,1504,24,
Avoyelles Parish,US.LA.AV,1497,54,
Broome County,US.NY.BO,1496,85,
St. Francis County,US.AR.SI,1492,6,
Wayne County,US.TN.WY,1490,5,
Sioux County,US.IA.SI,1489,3,
Muskegon County,US.MI.MG,1485,69,
Cole County,US.MO.CE,1481,11,
Thomas County,US.GA.TH,1480,63,
St. Louis County,US.MN.ST,1480,39,
Ware County,US.GA.WE,1479,59,
Texas County,US.OK.TE,1477,8,
Sussex County,US.NJ.SU,1471,198,
Taylor County,US.TX.TA,1469,54,
Panola County,US.MS.PA,1463,28,
San Patricio County,US.TX.SP,1460,73,
Jim Wells County,US.TX.JW,1457,36,
Cass County,US.MO.CS,1457,22,
Macon County,US.IL.MC,1454,44,
Polk County,US.GA.PO,1453,17,
Medina County,US.OH.MD,1451,39,
Titus County,US.TX.TU,1451,28,
Sunflower County,US.MS.SU,1445,46,
Wagoner County,US.OK.WG,1441,26,
Warren County,US.NJ.WA,1437,171,
Baker County,US.FL.BK,1435,11,
Newton County,US.MO.NT,1431,14,
Greene County,US.OH.GR,1420,32,
Coles County,US.IL.CE,1417,30,
Effingham County,US.GA.EF,1416,23,
LaPorte County,US.IN.LA,1409,40,
Allen County,US.OH.AN,1408,69,
Miami County,US.OH.MM,1407,51,
Iberville Parish,US.LA.IV,1407,58,
Rockingham County,US.VA.RG,1403,21,
Warren County,US.MS.WR,1402,50,
Leflore County,US.MS.LL,1395,81,
Schenectady County,US.NY.SN,1395,46,
St. Bernard Parish,US.LA.SE,1394,29,
Stark County,US.ND.SR,1391,7,
Carver County,US.MN.CV,1389,7,
Covington County,US.AL.CV,1385,27,
Ozaukee County,US.WI.OZ,1379,19,
Oconee County,US.SC.OC,1373,26,
Jefferson County,US.WI.JE,1372,8,
Williamson County,US.IL.WS,1371,42,
Lea County,US.NM.LE,1365,22,
Dale County,US.AL.DE,1358,44,
Floyd County,US.IN.FL,1357,64,
Wharton County,US.TX.WN,1355,50,
Lynchburg city,US.VA.LY,1355,12,
Livingston County,US.MI.LI,1346,30,
Christian County,US.MO.CT,1344,5,
Clay County,US.MN.CA,1340,40,
Columbus County,US.NC.CM,1338,56,
Tolland County,US.CT.TO,1334,66,
Hardin County,US.TX.HN,1333,30,
Bowie County,US.TX.BW,1330,50,
Hampshire County,US.MA.HS,1329,143,
Sandoval County,US.NM.SD,1329,41,
Daviess County,US.KY.DA,1329,14,
Williamsburg County,US.SC.WI,1325,44,
Portage County,US.WI.PT,1324,4,
Hardee County,US.FL.HD,1322,11,
Rice County,US.MN.RI,1322,8,
Bedford County,US.TN.BD,1320,17,
Coffee County,US.AL.CF,1320,6,
Dyer County,US.TN.DY,1318,13,
Craven County,US.NC.CN,1317,33,
Crawford County,US.AR.CW,1316,15,
Spalding County,US.GA.SD,1314,60,
Edgecombe County,US.NC.ED,1313,45,
Mower County,US.MN.MW,1312,5,
Washington County,US.PA.WS,1311,29,
San Benito County,US.CA.SI,1310,11,
Taylor County,US.FL.TA,1310,12,
Whatcom County,US.WA.WA,1308,42,
Evangeline Parish,US.LA.EV,1304,32,
Wapello County,US.IA.WP,1303,57,
Hunterdon County,US.NJ.HN,1302,125,
Howard County,US.IN.HO,1300,66,
Pottawatomie County,US.OK.PT,1296,10,
Chambers County,US.TX.CH,1296,8,
Toombs County,US.GA.TM,1293,45,
Marathon County,US.WI.MH,1291,14,
Calhoun County,US.MI.CU,1287,45,
Gallatin County,US.MT.GL,1282,4,
Surry County,US.NC.SU,1282,21,
Gila County,US.AZ.GI,1268,54,
Hardin County,US.KY.HN,1268,11,
Hanover County,US.VA.HV,1265,36,
Camden County,US.GA.CD,1264,8,
Lincoln County,US.SD.LI,1264,2,
Navarro County,US.TX.NV,1263,26,
St. Mary's County,US.MD.SA,1262,57,
Pontotoc County,US.MS.PO,1259,16,
McCurtain County,US.OK.MU,1256,34,
Christian County,US.KY.CH,1254,20,
Jackson County,US.IL.JC,1250,24,
Yell County,US.AR.YE,1247,29,
Eagle County,US.CO.EA,1246,10,
Grant County,US.IN.GA,1246,37,
Warrick County,US.IN.WI,1236,38,
Dickson County,US.TN.DI,1235,15,
Lafayette County,US.FL.LF,1234,12,
Kosciusko County,US.IN.KO,1231,19,
Pike County,US.MS.PI,1230,50,
Jefferson Davis Parish,US.LA.JD,1226,39,
Webster Parish,US.LA.WR,1222,22,
Monroe County,US.MS.MR,1221,68,
Newberry County,US.SC.NE,1218,24,
Lincoln Parish,US.LA.LN,1217,48,
Albemarle County,US.VA.AB,1215,21,
Webster County,US.IA.WE,1214,14,
Willacy County,US.TX.WY,1207,48,
Chesterfield County,US.SC.CF,1206,36,
Franklin County,US.NC.FR,1202,31,
Sevier County,US.AR.SV,1199,16,
Franklin Parish,US.LA.FR,1197,38,
Pike County,US.AL.PK,1194,10,
Medina County,US.TX.ME,1193,45,
Whitman County,US.WA.WI,1193,0,
Wilkes County,US.NC.WE,1192,33,
Culpeper County,US.VA.CP,1188,16,
Rockingham County,US.NC.RC,1183,14,
Douglas County,US.WA.DO,1182,9,
Cumberland County,US.TN.CU,1175,18,
Fayette County,US.TN.FA,1174,18,
Scott County,US.MS.SC,1173,27,
Taney County,US.MO.TA,1172,31,
Copiah County,US.MS.CP,1171,33,
Bartholomew County,US.IN.BA,1170,61,
Accomack County,US.VA.AC,1169,19,
Coffee County,US.TN.CF,1166,13,
Chambers County,US.AL.CM,1161,42,
Moore County,US.TX.MO,1159,20,
Kitsap County,US.WA.KS,1158,13,
Weakley County,US.TN.WE,1157,19,
Tallapoosa County,US.AL.TP,1156,85,
Catoosa County,US.GA.CS,1155,18,
Morton County,US.ND.MR,1155,23,
Atascosa County,US.TX.AT,1154,30,
Henderson County,US.TN.HS,1153,22,
Anderson County,US.TN.AN,1153,12,
Shelby County,US.IN.SH,1151,37,
Coahoma County,US.MS.CH,1150,28,
Carter County,US.TN.CT,1147,28,
Dodge County,US.NE.DE,1146,11,
Yuba County,US.CA.YU,1143,7,
Rutherford County,US.NC.RU,1140,32,
Obion County,US.TN.OB,1138,9,
Bryan County,US.GA.BY,1137,11,
Loudon County,US.TN.LO,1135,6,
York County,US.ME.YO,1133,15,
Cherokee County,US.SC.CK,1132,35,
Greene County,US.TN.GE,1129,43,
Sherburne County,US.MN.SH,1125,14,
Decatur County,US.GA.DC,1124,29,
Lonoke County,US.AR.LO,1121,11,
Charlottesville City,US.VA.CE,1119,28,
Lamar County,US.TX.LR,1118,33,
Portage County,US.OH.PO,1116,66,
Wayne County,US.GA.WY,1110,28,
Natchitoches Parish,US.LA.NA,1110,25,
Wayne County,US.IN.WY,1110,14,
Creek County,US.OK.CE,1109,33,
Jackson County,US.OR.JA,1109,4,
Wakulla County,US.FL.WK,1106,9,
Hoke County,US.NC.HO,1106,17,
Brown County,US.SD.BW,1102,4,
Mercer County,US.OH.MC,1101,18,
Clinton County,US.IL.CN,1101,20,
McMinn County,US.TN.MM,1100,25,
Liberty County,US.GA.LB,1100,22,
Plymouth County,US.IA.PM,1099,20,
El Dorado County,US.CA.EL,1098,4,
Jefferson County,US.TN.JE,1097,14,
Clinton County,US.IA.CN,1096,20,
Lane County,US.OR.LE,1096,16,
Holmes County,US.MS.HO,1095,58,
Oldham County,US.KY.OL,1094,25,
Schuylkill County,US.PA.SC,1094,52,
Marshall County,US.MS.MS,1092,17,
Skagit County,US.WA.SG,1090,22,
Muscatine County,US.IA.MU,1090,54,
Grimes County,US.TX.GM,1089,31,
Clarke County,US.AL.CK,1089,16,
Clarendon County,US.SC.CN,1087,66,
Lincoln County,US.MS.LI,1083,53,
Boone County,US.IL.BO,1082,23,
Chaves County,US.NM.CH,1082,11,
Pettis County,US.MO.PS,1077,11,
Grenada County,US.MS.GN,1077,36,
Dawson County,US.NE.DN,1072,12,
Waupaca County,US.WI.WP,1071,20,
Washington County,US.FL.WS,1068,19,
Bradford County,US.FL.BA,1067,8,
Johnson County,US.MO.JO,1065,4,
Reno County,US.KS.RN,1065,3,
Independence County,US.AR.IN,1064,17,
Le Flore County,US.OK.LE,1063,17,
Pueblo County,US.CO.PU,1060,37,
Jackson County,US.MI.JA,1058,44,
Gonzales County,US.TX.GA,1057,17,
Pointe Coupee Parish,US.LA.PO,1056,40,
Platte County,US.NE.PL,1056,3,
Yazoo County,US.MS.YZ,1055,30,
Adams County,US.IL.AD,1055,10,
Crawford County,US.IA.CW,1054,5,
Thurston County,US.WA.TH,1053,17,
Lee County,US.AR.LE,1053,18,
Salem County,US.NJ.SA,1052,89,
McDonald County,US.MO.MA,1051,11,
Okanogan County,US.WA.OK,1044,10,
Matagorda County,US.TX.MD,1044,46,
Vernon Parish,US.LA.VN,1044,49,
Lyon County,US.KS.LY,1044,33,
Shelby County,US.KY.SH,1044,24,
Cherokee County,US.OK.CK,1042,8,
Stephens County,US.GA.SE,1039,36,
Macon County,US.TN.MC,1035,20,
Henry County,US.VA.HY,1035,20,
Cecil County,US.MD.CE,1034,34,
Scotland County,US.NC.SC,1034,13,
Vance County,US.NC.VA,1030,44,
Butler County,US.PA.BT,1030,23,
Manitowoc County,US.WI.MW,1030,3,
Montgomery County,US.NC.MO,1029,27,
Worcester County,US.MD.WO,1028,26,
Warren County,US.TN.WR,1026,7,
Calumet County,US.WI.CA,1025,2,
Simpson County,US.MS.SI,1025,44,
Buffalo County,US.NE.BF,1024,4,
Monroe County,US.TN.MR,1022,17,
Chester County,US.SC.CR,1021,21,
Emanuel County,US.GA.EM,1018,30,
Saratoga County,US.NY.SR,1017,15,
Levy County,US.FL.LV,1017,9,
Cerro Gordo County,US.IA.CG,1017,21,
Appling County,US.GA.AP,1016,26,
Cape May County,US.NJ.CP,1013,95,
Fairbanks North Star Borough,US.AK.FA,1013,10,
Lawrence County,US.TN.LW,1012,11,
Crawford County,US.KS.CR,1011,6,
Madison County,US.FL.MD,1010,18,
Colleton County,US.SC.CT,1008,42,
Grady County,US.OK.GD,1008,11,
Woodward County,US.OK.WW,1006,1,
Hardin County,US.TN.HI,1005,16,
Chicot County,US.AR.CT,1004,19,
Dillon County,US.SC.DI,1004,36,
Halifax County,US.NC.HL,997,19,
Kleberg County,US.TX.KL,997,41,
Marshall County,US.IN.MS,997,24,
DeWitt County,US.TX.DE,996,34,
Union County,US.MS.UN,993,24,
Bay County,US.MI.BY,992,50,
St. Clair County,US.MI.SA,992,56,
Beauregard Parish,US.LA.BE,989,37,
Boone County,US.IN.BO,980,49,
Summit County,US.UT.SU,977,1,
Pittsylvania County,US.VA.PS,976,9,
Tate County,US.MS.TT,976,37,
Washington County,US.OK.WN,976,40,
Frio County,US.TX.FO,973,9,
Lavaca County,US.TX.LA,973,35,
Kandiyohi County,US.MN.KD,972,2,
Santa Fe County,US.NM.ST,970,6,
Berkeley County,US.WV.BE,968,13,
Dubois County,US.IN.DU,964,18,
Bannock County,US.ID.BO,961,4,
Ward County,US.ND.WR,961,6,
Lauderdale County,US.TN.LU,959,15,
Marion County,US.AL.MI,957,29,
Haywood County,US.TN.HY,954,18,
Union Parish,US.LA.UN,954,42,
Leake County,US.MS.LK,953,38,
Lenoir County,US.NC.LN,953,31,
Richmond County,US.NC.RI,953,15,
Franklin County,US.TN.FR,951,8,
Windham County,US.CT.WI,948,15,
Henderson County,US.TX.HD,947,23,
Warren County,US.IA.WR,946,6,
Garfield County,US.CO.GA,939,5,
Elko County,US.NV.EL,939,10,
Karnes County,US.TX.KS,937,16,
Grant County,US.WI.GA,936,19,
Hood County,US.TX.HO,935,27,
Flathead County,US.MT.FL,934,16,
Erie County,US.OH.ER,932,46,
Hancock County,US.IN.HC,932,46,
St. Croix County,US.WI.SI,931,8,
Adams County,US.MS.AD,930,37,
Sumter County,US.GA.SU,928,62,
Tuscarawas County,US.OH.TU,928,20,
Randolph County,US.IL.RA,928,11,
Calvert County,US.MD.CL,928,28,
Northumberland County,US.PA.NU,927,51,
Fauquier County,US.VA.FQ,920,25,
Pender County,US.NC.PD,920,5,
Wayne County,US.OH.WE,919,67,
Sauk County,US.WI.SU,917,3,
Butler County,US.AL.BT,916,39,
Rusk County,US.TX.RK,914,11,
Lake County,US.TN.LK,914,2,
Union County,US.FL.UN,914,12,
Bryan County,US.OK.BR,911,4,
Butler County,US.KS.BU,906,3,
Williams County,US.ND.WI,905,7,
Noble County,US.IN.NO,904,33,
Marlboro County,US.SC.ML,903,11,
Rensselaer County,US.NY.RE,903,42,
Pittsburg County,US.OK.PI,903,19,
Camden County,US.MO.CM,902,10,
Lumpkin County,US.GA.LP,901,14,
West Baton Rouge Parish,US.LA.WB,900,41,
Mendocino County,US.CA.MI,899,18,
McDowell County,US.NC.MW,898,26,
Ellis County,US.KS.EL,895,3,
De Soto Parish,US.LA.DE,894,35,
Wayne County,US.MS.WY,894,21,
Wilson County,US.TX.WS,888,26,
Harrison County,US.TX.HR,880,31,
Columbia County,US.PA.CO,876,35,
Beaufort County,US.NC.BA,875,21,
Union County,US.AR.UN,874,32,
Walla Walla County,US.WA.WL,874,5,
Barbour County,US.AL.BR,873,7,
Bingham County,US.ID.BG,873,10,
Gulf County,US.FL.GU,873,14,
Big Horn County,US.MT.BI,873,22,
Pearl River County,US.MS.PL,873,53,
Roane County,US.TN.RA,872,4,
Ross County,US.OH.RO,868,23,
Deaf Smith County,US.TX.DI,867,21,
Madison Parish,US.LA.MA,867,8,
Frederick County,US.VA.FK,865,13,
Winona County,US.MN.WN,863,18,
Payette County,US.ID.PA,858,7,
Carroll County,US.TN.CR,858,19,
Marion County,US.MS.MI,857,35,
Marion County,US.SC.MI,857,23,
Danville City,US.VA.DA,854,27,
Logan County,US.CO.LO,853,5,
Bullitt County,US.KY.BI,852,9,
Campbell County,US.KY.CM,851,16,
Bledsoe County,US.TN.BE,849,4,
Effingham County,US.IL.EF,848,1,
Tooele County,US.UT.TE,848,0,
Sabine Parish,US.LA.SB,847,13,
Scott County,US.MO.ST,846,16,
Prentiss County,US.MS.PN,844,17,
McNairy County,US.TN.MA,842,18,
Waller County,US.TX.WR,841,13,
Hamilton County,US.FL.HM,841,8,
Erath County,US.TX.ER,840,12,
Richland County,US.OH.RI,839,19,
James City County,US.VA.JA,839,20,
Polk County,US.TX.PK,838,22,
Bladen County,US.NC.BL,837,14,
Greene County,US.AR.GE,836,9,
Sequoyah County,US.OK.SQ,835,11,
Marinette County,US.WI.MT,835,7,
Johnson County,US.AR.JO,834,5,
Chittenden County,US.VT.CH,832,39,
Ottawa County,US.OK.OT,832,4,
Dixie County,US.FL.DI,831,7,
Adams County,US.WA.AD,831,10,
McClain County,US.OK.ML,830,7,
Laurel County,US.KY.LU,825,6,
Roanoke County,US.VA.RE,824,7,
Covington County,US.MS.CV,819,22,
Calhoun County,US.TX.CU,818,7,
Okmulgee County,US.OK.OM,816,7,
Adams County,US.PA.AD,815,26,
White County,US.TN.WH,813,9,
Osage County,US.OK.OS,811,13,
Graham County,US.AZ.GA,811,25,
Miller County,US.AR.ML,810,11,
Tattnall County,US.GA.TT,810,11,
Murray County,US.GA.MA,809,6,
Jasper County,US.IA.JS,809,32,
Oconto County,US.WI.OC,808,4,
Gilmer County,US.GA.GI,807,12,
St. James Parish,US.LA.SJ,807,40,
Cheatham County,US.TN.CA,806,10,
Henry County,US.IN.HY,805,26,
Madison County,US.NE.MA,805,5,
Shenandoah County,US.VA.SN,804,58,
Washington County,US.RI.WA,803,67,
Madison County,US.OH.MO,802,12,
Dawson County,US.GA.DW,802,7,
Edgefield County,US.SC.ED,801,17,
Rhea County,US.TN.RH,798,12,
White County,US.GA.WH,795,19,
White County,US.AR.WH,795,21,
Itawamba County,US.MS.IT,794,21,
Deschutes County,US.OR.DE,793,12,
Alcorn County,US.MS.AL,791,11,
Mitchell County,US.GA.MT,790,45,
Jasper County,US.SC.JA,790,20,
Lenawee County,US.MI.LN,788,18,
Burke County,US.GA.BE,786,10,
Jefferson County,US.GA.JR,785,25,
Wood County,US.WI.WO,784,5,
Darke County,US.OH.DA,784,42,
Hawkins County,US.TN.HW,783,16,
Harris County,US.GA.HI,783,21,
Fayette County,US.PA.FA,783,7,
Prince George County,US.VA.PG,782,5,
Codington County,US.SD.CD,780,3,
Greensville County,US.VA.GS,780,11,
Upson County,US.GA.UP,780,61,
Morehouse Parish,US.LA.MO,774,22,
Uvalde County,US.TX.UV,771,32,
Dunklin County,US.MO.DU,769,7,
Curry County,US.NM.CU,769,5,
Pulaski County,US.KY.PU,768,10,
Colfax County,US.NE.CO,768,5,
Newton County,US.MS.NW,767,23,
George County,US.MS.GR,765,13,
Grady County,US.GA.GD,765,22,
Tallahatchie County,US.MS.TL,763,21,
Wise County,US.TX.WE,763,14,
Muhlenberg County,US.KY.MU,762,12,
Des Moines County,US.IA.DS,761,7,
Fairfield County,US.SC.FA,759,34,
Cabell County,US.WV.CB,759,10,
Shasta County,US.CA.SH,759,16,
St. Joseph County,US.MI.SJ,758,11,
Eddy County,US.NM.ED,758,7,
Assumption Parish,US.LA.AS,755,24,
Ben Hill County,US.GA.BL,754,22,
Chattooga County,US.GA.CG,752,17,
Marion County,US.IA.MI,752,5,
Allegan County,US.MI.AL,752,7,
Richland Parish,US.LA.RI,751,10,
Jackson County,US.IN.JC,750,10,
Yamhill County,US.OR.YA,750,13,
Van Buren County,US.MI.VA,749,17,
Jerome County,US.ID.JR,748,7,
Berkshire County,US.MA.BE,747,49,
Southampton County,US.VA.SA,746,22,
Holmes County,US.FL.HO,741,7,
Cocke County,US.TN.CE,741,9,
Marshall County,US.TN.MS,741,5,
Barren County,US.KY.BN,739,13,
Jackson County,US.OK.JA,739,10,
Morgan County,US.CO.MN,739,48,
Lincoln County,US.MO.LO,738,3,
Beadle County,US.SD.BA,738,9,
Winston County,US.AL.WN,738,12,
Caddo County,US.OK.CD,737,20,
Winston County,US.MS.WN,737,19,
Franklin County,US.GA.FR,736,12,
Lassen County,US.CA.LS,736,0,
Scott County,US.KY.SC,735,10,
Wasatch County,US.UT.WA,733,7,
Hertford County,US.NC.HD,732,28,
Petersburg city,US.VA.PB,732,29,
Iron County,US.UT.RN,731,2,
Oconee County,US.GA.OC,730,26,
Bedford County,US.VA.BF,730,12,
Yadkin County,US.NC.YD,728,7,
Radford city,US.VA.RD,728,1,
Graves County,US.KY.GV,727,29,
Howard County,US.TX.HW,722,12,
Burnet County,US.TX.BT,722,12,
Morgan County,US.IN.MG,722,41,
Brookings County,US.SD.BK,719,2,
Madison County,US.TX.AD,719,6,
Isle of Wight County,US.VA.IS,718,18,
Belmont County,US.OH.BE,718,27,
Marengo County,US.AL.ME,716,20,
Delaware County,US.OK.DL,716,25,
Saline County,US.NE.SL,714,2,
Geauga County,US.OH.GE,713,48,
Whiteside County,US.IL.WD,713,20,
Overton County,US.TN.OV,713,5,
West Feliciana Parish,US.LA.WF,711,25,
Jeff Davis County,US.GA.JF,711,19,
Mercer County,US.PA.ME,710,16,
Union County,US.GA.UN,707,19,
Lee County,US.SC.LE,705,34,
Saline County,US.MO.SI,704,9,
Tama County,US.IA.TM,701,31,
McCracken County,US.KY.MK,701,9,
Androscoggin County,US.ME.AN,698,10,
Smith County,US.TN.SH,698,10,
San Juan County,US.UT.SJ,695,29,
Mecklenburg County,US.VA.ME,694,33,
Lee County,US.GA.LE,693,25,
Shawano County,US.WI.SA,693,1,
Pasquotank County,US.NC.PU,692,30,
Fremont County,US.WY.FR,692,14,
Henderson County,US.KY.HE,690,3,
Isabella County,US.MI.IB,690,13,
Boone County,US.AR.BO,688,10,
Hancock County,US.OH.HN,686,10,
Saluda County,US.SC.SA,685,20,
Indiana County,US.PA.IN,684,12,
Madison County,US.GA.MD,682,8,
Barnwell County,US.SC.BN,681,16,
Putnam County,US.GA.PT,679,24,
Hawaii County,US.HI.HA,677,15,
Buckingham County,US.VA.BK,677,9,
Johnson County,US.TN.JO,675,2,
Monroe County,US.GA.MN,675,50,
Fannin County,US.TX.FI,674,15,
Vermilion County,US.IL.VE,673,4,
Tishomingo County,US.MS.TS,672,38,
Laramie County,US.WY.LA,672,4,
Chickasaw County,US.MS.CS,670,24,
Plaquemines Parish,US.LA.PL,670,19,
Platte County,US.MO.PT,669,10,
Lyon County,US.MN.LY,667,4,
Henry County,US.IA.HE,667,4,
Tippah County,US.MS.TP,665,17,
Peach County,US.GA.PH,664,23,
Washington County,US.GA.WG,664,8,
Ogle County,US.IL.OG,662,6,
Cassia County,US.ID.CS,662,5,
Clinton County,US.MI.CN,661,13,
Daviess County,US.IN.DI,660,30,
Minidoka County,US.ID.MI,659,8,
Pierce County,US.WI.PI,658,6,
Saline County,US.KS.SA,657,11,
Pickens County,US.AL.PC,656,14,
Ashtabula County,US.OH.AB,655,48,
Dearborn County,US.IN.DR,654,30,
Grundy County,US.IL.GU,654,5,
Attala County,US.MS.AT,654,25,
Lowndes County,US.AL.LO,653,27,
Athens County,US.OH.AS,653,2,
Bibb County,US.AL.BI,652,10,
Lycoming County,US.PA.LY,651,25,
Cowlitz County,US.WA.CW,651,6,
Queen Anne's County,US.MD.QU,650,26,
Carroll County,US.IA.CL,649,5,
Marion County,US.MO.MO,649,14,
Henry County,US.IL.HY,647,5,
Scurry County,US.TX.SU,646,3,
Hill County,US.TX.HI,645,14,
Cascade County,US.MT.CS,643,5,
Blaine County,US.ID.BL,643,6,
Randolph County,US.AL.RA,642,13,
Monroe County,US.IL.MR,642,15,
Lawrence County,US.OH.LW,641,22,
Caroline County,US.MD.CO,640,6,
Morgan County,US.IL.MG,640,23,
Carroll County,US.AR.CL,639,9,
Eaton County,US.MI.EA,639,11,
Poinsett County,US.AR.PN,637,11,
LaGrange County,US.IN.LG,636,11,
Washington County,US.TX.WH,636,48,
Bamberg County,US.SC.BM,635,33,
Elbert County,US.GA.EL,635,3,
Hale County,US.AL.HA,634,28,
Butts County,US.GA.BU,633,42,
Jackson Parish,US.LA.JA,633,22,
Pulaski County,US.MO.PA,632,5,
Hampton County,US.SC.HA,632,25,
Knox County,US.IL.KX,631,3,
Blair County,US.PA.BL,631,16,
Fannin County,US.GA.FN,631,21,
Rosebud County,US.MT.RS,630,18,
Carteret County,US.NC.CE,628,5,
Franklin County,US.KY.FR,628,12,
Missoula County,US.MT.MS,628,3,
Nodaway County,US.MO.NO,624,6,
Charlton County,US.GA.CT,624,6,
Watauga County,US.NC.WT,622,1,
Broomfield County and City,US.CO.BR,619,33,
Winn Parish,US.LA.WI,619,18,
Hopkins County,US.KY.HO,618,39,
Callaway County,US.MO.CA,618,2,
Lee County,US.IA.LE,617,7,
Butler County,US.MO.BE,617,6,
Lawrence County,US.AL.LW,616,23,
Perry County,US.MO.PR,614,6,
Henry County,US.TN.HR,613,9,
Pickens County,US.GA.PE,613,10,
Trempealeau County,US.WI.TR,613,2,
Waseca County,US.MN.WE,612,8,
Bureau County,US.IL.BU,612,11,
Franklin County,US.FL.FR,611,3,
Shelby County,US.OH.SH,610,10,
Calhoun County,US.FL.CA,610,11,
Custer County,US.OK.CU,610,0,
Chester County,US.TN.CS,609,10,
Webster County,US.MO.WE,607,3,
Geneva County,US.AL.GE,607,4,
Manassas Park city,US.VA.MP,607,7,
Columbia County,US.WI.CO,606,2,
Jackson County,US.TX.JA,606,15,
Madison County,US.ID.MA,605,1,
Pierce County,US.GA.PR,604,19,
Adair County,US.OK.AD,603,10,
Lincoln County,US.TN.LI,603,1,
Cherokee County,US.AL.CH,603,13,
Lapeer County,US.MI.LP,601,36,
Bullock County,US.AL.BL,599,14,
Clinton County,US.IN.CI,599,18,
Logan County,US.WV.LO,599,39,
Cherokee County,US.NC.CO,599,12,
Walthall County,US.MS.WT,598,25,
Branch County,US.MI.BC,598,5,
Laclede County,US.MO.LD,595,4,
Bacon County,US.GA.BC,594,13,
Macon County,US.NC.MN,592,2,
Matanuska-Susitna Borough,US.AK.MA,591,2,
Midland County,US.MI.MD,590,11,
Haywood County,US.NC.HW,590,31,
Kerr County,US.TX.KR,590,10,
Mayes County,US.OK.MY,590,11,
Clay County,US.MS.CY,589,18,
Columbia County,US.NY.CU,586,47,
Auglaize County,US.OH.AU,585,9,
Van Zandt County,US.TX.VN,585,19,
McDuffie County,US.GA.MU,585,14,
Jefferson County,US.IL.JF,584,38,
Monroe County,US.AL.MR,584,8,
Lawrence County,US.MO.LW,584,2,
Fayette County,US.WV.FA,583,13,
Jones County,US.TX.JN,583,0,
Jessamine County,US.KY.JS,582,0,
Dorchester County,US.MD.DO,582,10,
Clarke County,US.MS.CE,581,45,
Greene County,US.NC.GE,581,5,
Giles County,US.TN.GL,580,17,
Putnam County,US.OH.PU,579,23,
Clay County,US.AL.CY,579,7,
Howell County,US.MO.HW,578,3,
Hancock County,US.MS.HN,577,21,
Prince Edward County,US.VA.PD,576,12,
Glenn County,US.CA.GL,574,3,
Valencia County,US.NM.VA,572,4,
Pike County,US.PA.PI,572,22,
Wright County,US.IA.WG,571,1,
Harrison County,US.IN.HI,569,26,
Jasper County,US.MS.JS,568,15,
Merrimack County,US.NH.ME,566,23,
Brown County,US.TX.BN,564,23,
Limestone County,US.TX.LO,564,12,
Anson County,US.NC.AN,563,4,
Cambria County,US.PA.CI,560,7,
Union County,US.SC.UN,560,12,
Bertie County,US.NC.BT,560,8,
Calloway County,US.KY.CW,559,8,
Hickman County,US.TN.HN,558,5,
Mesa County,US.CO.ME,558,7,
Sandusky County,US.OH.SA,558,20,
Kay County,US.OK.KA,557,13,
Cass County,US.MI.CS,557,16,
Washington County,US.AL.WS,556,13,
Chautauqua County,US.NY.CQ,554,4,
Abbeville County,US.SC.AB,553,12,
Jefferson County,US.FL.JE,552,8,
DeKalb County,US.TN.DE,552,13,
Washington County,US.VA.WG,550,17,
Talbot County,US.MD.TA,549,6,
Noxubee County,US.MS.NO,548,16,
Clay County,US.SD.CY,548,5,
Box Elder County,US.UT.BE,547,5,
Putnam County,US.IN.PT,547,11,
Cook County,US.GA.CO,546,13,
Palo Pinto County,US.TX.PO,545,15,
Jones County,US.GA.JE,542,8,
Davie County,US.NC.DV,542,6,
Meriwether County,US.GA.MW,542,13,
Huron County,US.OH.HU,542,7,
Perry County,US.AL.PE,541,6,
York County,US.VA.YO,541,8,
East Carroll Parish,US.LA.EC,541,4,
Carter County,US.OK.CR,539,8,
Crisp County,US.GA.CP,539,17,
Logan County,US.KY.LO,539,27,
La Paz County,US.AZ.LA,538,15,
Jackson County,US.NC.JA,537,7,
Polk County,US.MO.PO,537,3,
Crenshaw County,US.AL.CA,536,32,
Conecuh County,US.AL.CO,535,11,
Jefferson County,US.ID.JF,535,1,
Adams County,US.NE.AD,534,12,
Fredericksburg City,US.VA.FB,533,5,
Steele County,US.MN.SE,533,2,
Freeborn County,US.MN.FR,532,3,
Tehama County,US.CA.TE,532,4,
Fayette County,US.IN.FA,531,13,
Nevada County,US.CA.NE,531,7,
Smith County,US.MS.SM,531,14,
Wilcox County,US.AL.WC,531,11,
Benton County,US.MN.BN,530,3,
Putnam County,US.WV.PU,529,5,
Teton County,US.WY.TE,529,1,
Crockett County,US.TN.CK,529,19,
Marion County,US.IL.MO,527,0,
Colusa County,US.CA.CL,527,6,
Strafford County,US.NH.ST,526,13,
Worth County,US.GA.WO,525,30,
Chippewa County,US.WI.CH,524,0,
Macoupin County,US.IL.MP,523,7,
Jefferson County,US.OR.JE,521,8,
Nicollet County,US.MN.NI,521,16,
Newport County,US.RI.NE,518,5,
Marion County,US.TN.MI,518,7,
Brooks County,US.GA.BO,517,25,
Glades County,US.FL.GL,517,4,
Kittitas County,US.WA.KT,517,22,
Watonwan County,US.MN.WT,516,4,
New Madrid County,US.MO.NW,516,16,
Union County,US.OH.UN,515,2,
Oceana County,US.MI.OA,515,6,
Polk County,US.OR.PO,515,15,
Knox County,US.IN.KN,514,9,
Franklin County,US.IL.FR,514,3,
Calhoun County,US.MS.CN,513,12,
Wood County,US.TX.WO,513,22,
Lawrence County,US.IN.LW,512,30,
Concordia Parish,US.LA.CR,511,13,
Montgomery County,US.IN.MM,509,22,
Lawrence County,US.PA.LW,509,23,
Natrona County,US.WY.NA,507,4,
Union County,US.IL.UN,507,24,
Claiborne Parish,US.LA.CI,507,22,
Gilchrist County,US.FL.GI,506,12,
Liberty County,US.FL.LI,505,8,
Stewart County,US.GA.SW,505,14,
Shiawassee County,US.MI.SH,504,31,
Alexander County,US.NC.AE,504,7,
Decatur County,US.TN.DC,503,7,
Dickinson County,US.IA.DI,503,6,
Tuscola County,US.MI.TU,502,31,
Meade County,US.SD.MD,500,4,
Nye County,US.NV.NY,500,15,
Pemiscot County,US.MO.PM,499,9,
Stutsman County,US.ND.SU,499,3,
Craig County,US.OK.CG,498,1,
Greene County,US.GA.GE,498,23,
Gibson County,US.IN.GI,498,4,
Stephenson County,US.IL.SN,498,6,
Raleigh County,US.WV.RL,497,8,
Hart County,US.GA.HT,497,13,
Boone County,US.IA.BO,496,8,
Humboldt County,US.CA.HU,496,7,
Linn County,US.OR.LN,495,13,
Morrow County,US.OR.MO,494,6,
Carson City,US.NV.CA,494,8,
Winchester city,US.VA.WH,494,4,
Henry County,US.AL.HE,493,5,
Madison County,US.NY.MA,492,9,
Nelson County,US.KY.NE,491,4,
Carroll County,US.VA.CL,489,24,
Lafayette County,US.MO.LF,489,2,
Scioto County,US.OH.SC,489,6,
Austin County,US.TX.AU,488,9,
Milam County,US.TX.MI,488,5,
Todd County,US.MN.TO,487,2,
Grant Parish,US.LA.GR,487,30,
Green County,US.WI.GN,486,2,
Decatur County,US.IN.DC,485,42,
Lewis County,US.WA.LE,484,4,
Stoddard County,US.MO.SD,484,12,
White County,US.IN.WH,483,14,
Tunica County,US.MS.TU,483,13,
Colorado County,US.TX.CO,482,4,
Bell County,US.KY.BL,482,13,
Crow Wing County,US.MN.CW,481,18,
Early County,US.GA.EA,481,32,
Macon County,US.AL.MC,481,19,
Grand Traverse County,US.MI.GN,478,7,
Shelby County,US.TX.SY,477,27,
Lincoln County,US.OR.LC,476,13,
Morgan County,US.GA.MO,476,2,
Bremer County,US.IA.BR,476,7,
McLeod County,US.MN.MC,475,2,
Miller County,US.MO.ML,475,1,
Bienville Parish,US.LA.BI,474,32,
Augusta County,US.VA.AU,474,7,
Fayette County,US.TX.FT,473,18,
Banks County,US.GA.BS,472,7,
Phillips County,US.AR.PH,472,11,
Dunn County,US.WI.DN,471,0,
Fentress County,US.TN.FE,471,3,
Chisago County,US.MN.CG,471,1,
Jasper County,US.TX.JR,470,25,
Oswego County,US.NY.OS,470,3,
DeKalb County,US.IN.DE,470,12,
Ottawa County,US.OH.OT,469,30,
Grays Harbor County,US.WA.GY,468,6,
Ontario County,US.NY.OR,467,28,
Howard County,US.AR.HW,465,9,
Knox County,US.KY.KX,465,9,
Kewaunee County,US.WI.KW,464,2,
Seneca County,US.OH.SE,464,14,
Warren County,US.MO.WR,464,0,
Christian County,US.IL.CI,463,11,
Cherokee County,US.KS.CK,462,8,
Claiborne County,US.MS.CB,462,16,
Barry County,US.MO.BR,461,6,
Sussex County,US.VA.SS,461,10,
Albany County,US.WY.AL,461,0,
McDonough County,US.IL.MU,460,15,
Allegany County,US.MD.AL,459,22,
Montgomery County,US.MS.MT,459,20,
Barron County,US.WI.BR,458,4,
Carbon County,US.PA.CB,458,28,
Monroe County,US.WI.MO,458,2,
Haralson County,US.GA.HS,455,8,
Adams County,US.IN.AD,455,4,
Smyth County,US.VA.SM,454,9,
Union County,US.PA.UN,454,6,
Le Sueur County,US.MN.LU,452,4,
Washington County,US.IA.WS,452,11,
Phelps County,US.MO.PH,451,8,
Fayette County,US.AL.FA,450,8,
Logan County,US.IL.LO,448,1,
Summit County,US.CO.SU,447,4,
Calhoun County,US.SC.CH,447,17,
Saunders County,US.NE.SU,446,3,
Berrien County,US.GA.BN,446,12,
Candler County,US.GA.CR,444,18,
Ohio County,US.KY.OH,444,9,
Franklin County,US.MA.FR,444,68,
Kenai Peninsula Borough,US.AK.KN,442,2,
Logan County,US.OK.LG,441,1,
Atkinson County,US.GA.AT,441,3,
Claiborne County,US.TN.CI,440,5,
Union County,US.OR.UN,439,2,
Campbell County,US.VA.CM,435,4,
Miami County,US.IN.MI,435,3,
Sumter County,US.AL.SU,435,19,
Seminole County,US.OK.SM,435,6,
Duval County,US.TX.DU,434,14,
Lake County,US.CA.LK,433,10,
Catahoula Parish,US.LA.CT,432,10,
Nez Perce County,US.ID.NE,431,24,
Campbell County,US.TN.CM,431,4,
Lawrence County,US.MS.LW,431,12,
Stone County,US.MO.SE,430,4,
Preble County,US.OH.PR,430,15,
Ashley County,US.AR.AS,429,10,
Martin County,US.NC.MR,429,10,
Yalobusha County,US.MS.YL,428,14,
Cross County,US.AR.CO,428,9,
Barton County,US.KS.BT,427,7,
Greene County,US.IN.GE,427,38,
Bleckley County,US.GA.BK,427,20,
Louisa County,US.IA.LO,427,15,
Jefferson County,US.WV.JE,427,4,
Cooke County,US.TX.OO,425,5,
Armstrong County,US.PA.AR,424,18,
Lyon County,US.NV.LY,423,7,
La Salle Parish,US.LA.LA,423,7,
Parmer County,US.TX.PM,422,7,
Otter Tail County,US.MN.OT,422,4,
Person County,US.NC.PN,421,6,
Crawford County,US.IL.CW,420,3,
Lincoln County,US.OK.LI,420,10,
Evans County,US.GA.EV,420,6,
Perry County,US.MS.PY,419,18,
Boyd County,US.KY.BD,419,6,
Dodge County,US.GA.DG,418,12,
Stokes County,US.NC.SO,417,3,
Luna County,US.NM.LU,416,6,
Audrain County,US.MO.AU,416,2,
Cibola County,US.NM.CI,415,21,
Warren County,US.VA.WR,415,6,
Houghton County,US.MI.HO,415,2,
Andrews County,US.TX.AR,415,8,
Johnson County,US.GA.JH,414,22,
Northampton County,US.NC.NO,414,17,
Galax city,US.VA.GA,413,30,
Columbia County,US.AR.CI,412,18,
Woodford County,US.IL.WO,412,6,
Stephens County,US.OK.ST,412,5,
St. Helena Parish,US.LA.SH,410,4,
Cooper County,US.MO.CP,410,2,
Lawrence County,US.AR.LW,410,12,
Randolph County,US.AR.RA,409,22,
Douglas County,US.WI.DG,409,0,
Scotts Bluff County,US.NE.SC,407,8,
Mercer County,US.WV.MR,407,27,
Geary County,US.KS.GE,407,2,
Tompkins County,US.NY.TO,406,0,
Beltrami County,US.MN.BT,405,5,
Screven County,US.GA.SR,405,10,
Freestone County,US.TX.FE,404,2,
Oneida County,US.WI.ON,404,2,
Jenkins County,US.GA.JK,404,29,
Bristol County,US.RI.BR,404,16,
Franklin city,US.VA.FR,403,9,
Logan County,US.AR.LG,401,1,
Pike County,US.KY.PI,400,3,
Huntingdon County,US.PA.HU,400,6,
Wise County,US.VA.WI,398,9,
Livingston County,US.MO.LV,396,1,
Dawson County,US.TX.DW,395,9,
Cass County,US.IL.CS,393,11,
Muskingum County,US.OH.MU,392,2,
Jasper County,US.IN.JS,392,3,
Clark County,US.WI.CL,391,8,
Rio Arriba County,US.NM.RI,390,13,
Fayette County,US.IL.FA,389,3,
Page County,US.VA.PA,389,29,
Crawford County,US.MO.CF,388,4,
Amherst County,US.VA.AH,388,4,
Maui County,US.HI.MA,388,9,
Chemung County,US.NY.CM,387,3,
Jersey County,US.IL.JR,387,14,
Hopewell city,US.VA.HW,386,7,
Hancock County,US.GA.HC,386,42,
Grayson County,US.KY.GY,385,13,
Holmes County,US.OH.HL,385,7,
Upshur County,US.TX.US,384,10,
Mahaska County,US.IA.MK,384,19,
Telfair County,US.GA.TF,383,18,
Greenup County,US.KY.GU,383,4,
Montgomery County,US.KS.MG,383,6,
Yankton County,US.SD.YA,382,4,
Polk County,US.TN.PO,382,10,
Wayne County,US.WV.WA,381,10,
Mason County,US.WA.MA,380,5,
Martinsville city,US.VA.MR,379,16,
Steuben County,US.IN.SE,379,7,
Allendale County,US.SC.AL,378,6,
Panola County,US.TX.PN,378,25,
Washington County,US.MO.WS,376,10,
Arkansas County,US.AR.AR,376,5,
Steuben County,US.NY.ST,376,39,
Humphreys County,US.MS.HU,376,15,
Delaware County,US.IA.DA,376,3,
Latah County,US.ID.LA,376,0,
Union County,US.SD.UN,375,7,
Pontotoc County,US.OK.PN,375,3,
Dinwiddie County,US.VA.DN,375,11,
Fluvanna County,US.VA.FV,374,9,
Montrose County,US.CO.MO,373,13,
Scott County,US.IN.SC,373,13,
Lawrence County,US.SD.LW,373,4,
Harlan County,US.KY.HL,373,10,
Quitman County,US.MS.QU,372,5,
Martin County,US.MN.MT,372,10,
Clinch County,US.GA.CC,372,6,
Houston County,US.TX.HS,371,10,
Stone County,US.MS.ST,370,12,
Warren County,US.NY.WR,369,30,
Live Oak County,US.TX.LK,368,9,
Pawnee County,US.KS.PN,368,0,
Mingo County,US.WV.MO,366,9,
Shelby County,US.IL.SB,366,4,
Lamar County,US.AL.LM,366,2,
Greene County,US.MS.GE,366,17,
Hughes County,US.SD.HG,365,5,
Cleburne County,US.AL.CB,364,6,
Pecos County,US.TX.PE,364,5,
Beckham County,US.OK.BC,363,1,
Lincoln County,US.NE.LI,363,2,
Grainger County,US.TN.GA,363,3,
Ohio County,US.WV.OH,362,6,
Hempstead County,US.AR.HE,362,4,
Jackson County,US.KY.JA,361,17,
La Salle County,US.TX.LS,360,11,
Iroquois County,US.IL.IR,359,19,
Garvin County,US.OK.GV,359,4,
Cowley County,US.KS.CL,359,5,
Juneau County,US.WI.JU,358,2,
Menominee County,US.MI.MM,358,1,
Red River Parish,US.LA.RE,357,21,
Miami County,US.KS.MI,357,1,
Washington County,US.ID.WA,356,6,
Wood County,US.WV.WO,356,6,
Lamar County,US.GA.LM,355,18,
Livingston County,US.IL.LI,355,6,
Ionia County,US.MI.II,355,7,
Newaygo County,US.MI.NE,354,1,
Lee County,US.IL.LE,353,1,
Drew County,US.AR.DR,353,6,
Seminole County,US.GA.SI,353,9,
Little River County,US.AR.LT,353,25,
Camp County,US.TX.CP,351,11,
Goodhue County,US.MN.GO,351,9,
Choctaw County,US.AL.CC,349,12,
Brunswick County,US.VA.BU,349,5,
Marquette County,US.MI.MQ,349,12,
Montgomery County,US.IL.MT,348,13,
Zavala County,US.TX.ZV,347,16,
Delta County,US.MI.DE,347,7,
Uinta County,US.WY.UI,347,2,
Union County,US.TN.UO,347,1,
Caroline County,US.VA.CI,347,5,
Harvey County,US.KS.HV,347,8,
Harrison County,US.WV.HR,346,8,
Franklin County,US.IA.FN,346,18,
Richmond County,US.VA.RI,343,4,
Brantley County,US.GA.BA,343,10,
Hockley County,US.TX.HC,342,8,
Perry County,US.IL.PY,342,15,
West Carroll Parish,US.LA.WC,342,10,
Madison County,US.AR.MD,340,2,
Bradley County,US.AR.BR,340,8,
O'Brien County,US.IA.OB,340,9,
Jefferson Davis County,US.MS.JD,339,11,
Hopkins County,US.TX.HP,339,8,
Cass County,US.TX.CS,338,15,
Elmore County,US.ID.EL,338,3,
Sullivan County,US.IN.SU,337,12,
Burleson County,US.TX.BU,337,6,
Butler County,US.KY.BR,337,16,
Halifax County,US.VA.HL,336,6,
Warren County,US.NC.WR,336,7,
Webster County,US.MS.WE,336,13,
Otsego County,US.NY.OO,335,4,
Chowan County,US.NC.CW,335,3,
Dooly County,US.GA.DO,335,14,
Stone County,US.AR.ST,335,7,
Jefferson County,US.OH.JE,335,4,
Gaines County,US.TX.GS,335,8,
Hillsdale County,US.MI.HI,335,27,
Kingfisher County,US.OK.KN,335,2,
Wilkinson County,US.GA.WI,334,18,
Benton County,US.TN.BN,334,9,
Fulton County,US.NY.FU,333,28,
Lamb County,US.TX.LB,333,21,
Zapata County,US.TX.ZP,333,6,
Bollinger County,US.MO.BI,333,1,
Kendall County,US.TX.KD,331,7,
Avery County,US.NC.AV,331,0,
Randolph County,US.GA.RN,331,28,
Franklin County,US.KS.FR,330,3,
Perry County,US.KY.PR,330,9,
Adair County,US.MO.AD,330,0,
Clark County,US.AR.CK,329,4,
Caswell County,US.NC.CS,329,3,
Rabun County,US.GA.RB,329,9,
Herkimer County,US.NY.HE,329,10,
Franklin County,US.VA.FN,329,3,
Sweetwater County,US.WY.SW,328,2,
Terrell County,US.GA.TL,327,31,
Orleans County,US.NY.OL,327,55,
Chaffee County,US.CO.CA,327,19,
Owyhee County,US.ID.OW,326,5,
Oglethorpe County,US.GA.OG,326,11,
Wheeler County,US.GA.WL,326,11,
Amite County,US.MS.AM,325,10,
Benson County,US.ND.BE,325,6,
Transylvania County,US.NC.TR,324,7,
Hamilton County,US.IA.HM,323,3,
Jackson County,US.IA.JC,323,3,
Cass County,US.NE.CS,323,2,
Whitley County,US.KY.WH,323,2,
Aransas County,US.TX.AA,322,18,
St. Lawrence County,US.NY.SI,322,4,
Allen County,US.KY.AL,321,9,
Greene County,US.NY.GR,321,14,
Morgan County,US.MO.MG,320,1,
Cleburne County,US.AR.CB,320,8,
Orange County,US.VA.OR,320,4,
Pike County,US.GA.PK,320,9,
Winneshiek County,US.IA.WH,319,6,
Warren County,US.IL.WR,319,2,
Baxter County,US.AR.BA,317,2,
Genesee County,US.NY.GE,317,6,
Jackson County,US.TN.JA,317,5,
Towns County,US.GA.TW,316,9,
Door County,US.WI.DO,316,3,
Posey County,US.IN.PS,316,0,
Carroll County,US.MS.CL,315,12,
Jennings County,US.IN.JN,315,14,
Calaveras County,US.CA.CA,314,14,
Bosque County,US.TX.BQ,314,6,
Bonner County,US.ID.BR,314,0,
Wayne County,US.NY.WN,314,3,
Clearfield County,US.PA.CF,314,3,
Jackson County,US.AR.JA,313,1,
Franklin County,US.IN.FR,313,26,
Pulaski County,US.GA.PL,312,22,
Brooks County,US.TX.BK,312,22,
Floyd County,US.IA.FL,312,3,
Morgan County,US.TN.MG,311,3,
Clay County,US.IA.CY,310,4,
Gillespie County,US.TX.GL,310,10,
Union County,US.KY.UN,310,2,
Pine County,US.MN.PN,309,0,
Waushara County,US.WI.WS,309,2,
Clark County,US.KY.CK,309,8,
Logan County,US.OH.LG,308,3,
Montcalm County,US.MI.MC,308,5,
Choctaw County,US.OK.CA,307,2,
Grayson County,US.VA.GY,307,12,
Saline County,US.IL.SE,307,3,
Island County,US.WA.IS,307,11,
Adair County,US.KY.AD,307,19,
Henry County,US.OH.HE,306,13,
Clay County,US.KY.CY,306,6,
Northampton County,US.VA.NA,305,31,
Texas County,US.MO.TE,305,2,
Gem County,US.ID.GE,304,2,
Refugio County,US.TX.RF,304,14,
Bond County,US.IL.BN,304,5,
Robertson County,US.TX.RO,304,3,
Itasca County,US.MN.IT,303,14,
Wilkinson County,US.MS.WK,303,18,
Greene County,US.AL.GR,303,15,
Benton County,US.IA.BN,303,1,
McIntosh County,US.OK.MI,302,5,
Champaign County,US.OH.CH,302,3,
Young County,US.TX.YU,301,6,
Comanche County,US.TX.CE,300,3,
Caldwell Parish,US.LA.CW,300,3,
Kent County,US.MD.KE,300,24,
Clay County,US.IN.CY,299,5,
Polk County,US.MN.PL,298,4,
Crawford County,US.PA.CW,297,3,
Douglas County,US.NV.DO,296,1,
Gunnison County,US.CO.GU,296,7,
Montgomery County,US.GA.MM,296,5,
Moniteau County,US.MO.ME,295,4,
Turner County,US.GA.TR,295,22,
Lanier County,US.GA.LI,295,5,
Gray County,US.TX.GY,295,6,
Hardin County,US.IA.HD,294,1,
Washington County,US.NY.WS,294,14,
Benton County,US.OR.BE,294,6,
Douglas County,US.IL.DO,293,7,
Susquehanna County,US.PA.SS,293,28,
Perry County,US.OH.PE,293,9,
Wright County,US.MO.WG,293,0,
Botetourt County,US.VA.BO,293,10,
Mississippi County,US.MO.MI,292,3,
Irwin County,US.GA.IR,291,4,
Hughes County,US.OK.HU,291,4,
Atoka County,US.OK.AT,291,1,
Orange County,US.IN.OR,290,26,
Marshall County,US.KY.MH,290,3,
Barry County,US.MI.BR,289,3,
Benton County,US.MO.BN,289,3,
Taylor County,US.KY.TA,289,7,
Desha County,US.AR.DE,288,5,
Defiance County,US.OH.DF,288,11,
Kemper County,US.MS.KE,288,15,
Madison County,US.MO.MD,288,0,
Ripley County,US.IN.RI,287,8,
Clinton County,US.OH.CI,286,13,
McIntosh County,US.GA.MH,286,7,
Winnebago County,US.IA.WB,286,13,
Louisa County,US.VA.LI,286,6,
Douglas County,US.MN.DU,286,2,
Snyder County,US.PA.SN,285,4,
Lyon County,US.IA.LY,285,4,
Brown County,US.OH.BR,284,2,
Clay County,US.AR.CY,284,7,
Tazewell County,US.VA.TA,283,2,
Unicoi County,US.TN.UC,283,1,
Knox County,US.OH.KN,282,15,
City and Borough of Juneau,US.AK.JU,280,1,
Cannon County,US.TN.CN,280,0,
Roosevelt County,US.NM.RO,280,3,
Klamath County,US.OR.KL,279,2,
Isanti County,US.MN.IS,279,0,
Dade County,US.GA.DD,279,5,
Wasco County,US.OR.WC,279,3,
Campbell County,US.WY.CM,279,1,
Haskell County,US.OK.HS,275,4,
Gooding County,US.ID.GO,275,1,
Patrick County,US.VA.PK,274,24,
Poweshiek County,US.IA.PW,274,8,
Carroll County,US.IN.CO,273,13,
Boyle County,US.KY.BE,273,0,
Simpson County,US.KY.SI,273,8,
Montgomery County,US.KY.MM,272,3,
Green Lake County,US.WI.GL,271,0,
Atchison County,US.KS.AT,270,2,
Sheridan County,US.WY.SH,270,4,
Westmoreland County,US.VA.WM,269,3,
Roosevelt County,US.MT.RO,269,1,
Casey County,US.KY.CS,269,15,
Wells County,US.IN.WE,268,3,
Grundy County,US.TN.GU,268,5,
Dare County,US.NC.DE,268,3,
Franklin County,US.AR.FR,267,2,
Woodford County,US.KY.WO,267,0,
Wabash County,US.IN.WB,267,8,
Sharkey County,US.MS.SH,265,13,
Butler County,US.IA.BE,265,2,
Lake County,US.MT.LA,265,1,
Becker County,US.MN.BC,264,2,
Salem city,US.VA.SE,264,5,
Clarke County,US.IA.CK,264,3,
Wayne County,US.IL.WY,264,5,
Runnels County,US.TX.RN,263,5,
Washington County,US.IN.WS,263,1,
Lee County,US.VA.LE,263,7,
Wilkes County,US.GA.WS,263,5,
Gratiot County,US.MI.GT,263,15,
Buchanan County,US.IA.BC,262,1,
Starke County,US.IN.SR,261,8,
Polk County,US.NC.PO,261,9,
Marion County,US.WV.MI,261,3,
Goochland County,US.VA.GO,261,7,
Whitley County,US.IN.WL,261,7,
Jones County,US.IA.JN,261,3,
Washington County,US.NE.WS,260,2,
Green County,US.KY.GN,260,8,
La Plata County,US.CO.LA,259,2,
Washington County,US.OH.WS,258,23,
Jackson County,US.WV.JA,258,23,
Cattaraugus County,US.NY.CG,258,7,
Waynesboro city,US.VA.WS,257,3,
Conway County,US.AR.CN,257,3,
Morrow County,US.OH.MW,257,2,
McLean County,US.ND.ML,257,2,
Polk County,US.AR.PL,257,4,
Carlton County,US.MN.CL,256,1,
Nottoway County,US.VA.NY,256,18,
Grant County,US.AR.GN,255,2,
Emmet County,US.IA.EM,255,10,
Emporia city,US.VA.EM,255,26,
Ouachita County,US.AR.OU,254,6,
Allamakee County,US.IA.AL,254,6,
Dimmit County,US.TX.DM,254,7,
Otero County,US.NM.OT,254,13,
Lafayette County,US.WI.LF,254,0,
Ashe County,US.NC.AS,254,1,
Forest County,US.WI.FR,254,4,
Penobscot County,US.ME.PE,253,6,
Amador County,US.CA.AM,253,16,
Miller County,US.GA.ML,253,1,
Treutlen County,US.GA.TE,253,8,
Jo Daviess County,US.IL.JO,253,2,
Thurston County,US.NE.TU,252,4,
Hardin County,US.OH.HD,252,13,
McPherson County,US.KS.MP,252,1,
Somerset County,US.MD.SO,252,4,
Lawrence County,US.IL.LW,252,2,
Castro County,US.TX.AS,251,5,
Colonial Heights city,US.VA.CH,251,25,
Pawnee County,US.OK.PW,250,3,
Staunton city,US.VA.SU,250,0,
Kossuth County,US.IA.KO,250,0,
Shelby County,US.IA.SH,250,1,
Davison County,US.SD.DV,249,2,
Hood River County,US.OR.HO,249,0,
Russell County,US.KY.RU,248,6,
Chenango County,US.NY.CH,248,6,
Jefferson County,US.IN.JF,248,3,
Randolph County,US.IN.RA,247,7,
Wilcox County,US.GA.WC,247,20,
Russell County,US.VA.RU,246,5,
Jackson County,US.OH.JA,246,6,
Dallam County,US.TX.DL,246,9,
Long County,US.GA.LG,245,3,
Lampasas County,US.TX.LP,245,8,
Jefferson County,US.MS.JF,244,9,
Humphreys County,US.TN.HU,244,3,
Oglala Lakota County,US.SD.SH,243,3,
Silver Bow County,US.MT.SI,242,0,
Alamosa County,US.CO.AL,242,9,
Chickasaw County,US.IA.CC,242,0,
Fulton County,US.OH.FU,241,1,
Lewis and Clark County,US.MT.LE,241,3,
Andrew County,US.MO.AN,241,2,
Randolph County,US.WV.RN,240,1,
Guthrie County,US.IA.GH,240,6,
Echols County,US.GA.EC,239,2,
Clayton County,US.IA.CT,238,3,
Polk County,US.WI.PL,238,2,
Leon County,US.TX.LN,238,6,
Fulton County,US.IN.FU,237,2,
Calhoun County,US.GA.CU,237,8,
Terry County,US.TX.TE,237,4,
Cedar County,US.IA.CD,236,1,
Ashland County,US.OH.AL,236,4,
Pamlico County,US.NC.PM,236,2,
Pottawatomie County,US.KS.PT,235,0,
Sac County,US.IA.SA,235,0,
Bedford County,US.PA.BO,235,6,
Falls County,US.TX.FL,234,5,
Pike County,US.MO.PI,234,3,
Jackson County,US.KS.JA,234,2,
Gloucester County,US.VA.GL,234,2,
Mountrail County,US.ND.MU,233,2,
Coshocton County,US.OH.CS,233,11,
Montgomery County,US.NY.MT,232,9,
Adams County,US.WI.AD,232,4,
Marquette County,US.WI.MQ,231,1,
Spencer County,US.IN.SP,231,3,
Crawford County,US.OH.CF,231,6,
Cherokee County,US.IA.CE,231,2,
Randolph County,US.MO.RN,231,3,
McCormick County,US.SC.MC,230,6,
Labette County,US.KS.LB,230,4,
Tioga County,US.NY.TI,229,21,
Wythe County,US.VA.WY,229,4,
Sequatchie County,US.TN.SQ,229,3,
Macon County,US.GA.MC,228,10,
Newton County,US.AR.NW,228,18,
Fayette County,US.OH.FY,228,6,
Clallam County,US.WA.CL,228,1,
Huntington County,US.IN.HU,228,3,
Tuolumne County,US.CA.TO,227,4,
Glacier County,US.MT.GC,227,1,
Perry County,US.IN.PE,227,14,
King George County,US.VA.KG,227,4,
Cameron Parish,US.LA.CM,226,2,
San Jacinto County,US.TX.SJ,226,9,
Nolan County,US.TX.NO,226,5,
Benton County,US.MS.BE,225,2,
Pike County,US.AR.PE,225,3,
Tipton County,US.IN.TT,225,25,
Pulaski County,US.VA.PU,225,5,
Douglas County,US.OR.DO,224,4,
Alleghany County,US.NC.AL,224,0,
Cottonwood County,US.MN.CT,224,0,
Huron County,US.MI.HU,223,5,
Izard County,US.AR.IZ,223,0,
Meigs County,US.TN.ME,223,3,
Wayne County,US.PA.WN,223,10,
Grant County,US.KS.GT,222,5,
Highland County,US.OH.HI,222,3,
Morrison County,US.MN.MR,222,1,
Carbon County,US.WY.CB,222,2,
Power County,US.ID.PO,222,1,
Pitkin County,US.CO.PI,221,2,
Clinton County,US.MO.CO,221,0,
Powhatan County,US.VA.PH,220,5,
Lewis County,US.KY.LI,220,14,
Mifflin County,US.PA.MI,220,2,
Clay County,US.TN.CY,220,5,
Gage County,US.NE.GG,220,5,
Marion County,US.KY.MN,219,8,
Grundy County,US.IA.GN,219,3,
Lee County,US.TX.LE,219,14,
Dodge County,US.MN.DD,218,0,
Seward County,US.NE.SA,218,3,
Greene County,US.IL.GE,218,7,
Carroll County,US.IL.CL,218,4,
Park County,US.WY.PA,218,2,
Pipestone County,US.MN.PS,217,10,
Richland County,US.ND.RI,217,1,
Bailey County,US.TX.BY,217,5,
Nevada County,US.AR.NV,216,13,
Brewster County,US.TX.BS,216,2,
Shoshone County,US.ID.SH,215,18,
Barnes County,US.ND.BA,215,0,
Tyler County,US.TX.TY,214,4,
Perry County,US.PA.PE,214,6,
Sharp County,US.AR.SH,214,6,
Rowan County,US.KY.RW,214,1,
Iosco County,US.MI.IC,213,12,
Lincoln County,US.GA.LC,213,7,
Yoakum County,US.TX.YA,213,5,
Greene County,US.VA.GE,213,3,
Somerset County,US.PA.SO,211,3,
Jasper County,US.GA.JS,211,4,
Madison County,US.IA.MD,210,2,
Appomattox County,US.VA.AP,210,3,
Kennebec County,US.ME.KE,209,11,
Wyandot County,US.OH.WD,208,12,
Moultrie County,US.IL.MI,208,3,
Sanpete County,US.UT.SP,208,1,
Houston County,US.TN.HO,208,3,
Meade County,US.KY.MA,208,3,
Fayette County,US.IA.FT,207,2,
Taylor County,US.GA.TY,207,10,
Scott County,US.TN.SC,207,2,
Williams County,US.OH.WI,206,3,
Boone County,US.WV.BN,206,1,
Chippewa County,US.MN.CP,206,1,
Livingston County,US.NY.LI,205,6,
Mercer County,US.KY.MC,205,2,
Cayuga County,US.NY.CY,205,2,
Spencer County,US.KY.SP,205,0,
Wayne County,US.MO.WY,205,0,
Clinton County,US.PA.CN,204,6,
Cumberland County,US.IL.CU,204,4,
Washington County,US.IL.WG,203,1,
Jasper County,US.IL.JS,203,9,
Hutchinson County,US.TX.UT,202,4,
Monroe County,US.KY.MO,202,4,
Washington County,US.NC.WI,202,8,
Hancock County,US.IL.HC,201,3,
McKenzie County,US.ND.MK,201,2,
Mecosta County,US.MI.MT,201,3,
Sawyer County,US.WI.SW,200,1,
Lincoln County,US.NM.LI,199,3,
San Augustine County,US.TX.SG,199,15,
Floyd County,US.VA.FO,198,9,
Iowa County,US.WI.IO,198,0,
Iowa County,US.IA.IO,198,1,
Vernon County,US.WI.VE,198,0,
Rush County,US.IN.RU,197,4,
Carroll County,US.KY.CL,196,5,
Harrison County,US.IA.HR,196,2,
Josephine County,US.OR.JO,195,2,
Meeker County,US.MN.ME,194,2,
Trinity County,US.TX.TR,194,7,
Ste. Genevieve County,US.MO.SG,192,1,
Franklin County,US.MS.FR,192,3,
Ramsey County,US.ND.RM,192,2,
Reeves County,US.TX.RE,192,6,
Klickitat County,US.WA.KL,192,3,
Stewart County,US.TN.SA,190,2,
Heard County,US.GA.HD,190,5,
Vilas County,US.WI.VI,189,1,
Marion County,US.GA.MR,189,8,
Idaho County,US.ID.ID,189,0,
Gallia County,US.OH.GA,189,13,
Henry County,US.KY.HY,188,2,
Delta County,US.CO.DT,187,3,
Inyo County,US.CA.IN,187,15,
Twiggs County,US.GA.TG,187,7,
Mitchell County,US.IA.ME,186,0,
Sumner County,US.KS.SU,186,3,
Lincoln County,US.KY.LN,186,13,
Sibley County,US.MN.SI,186,3,
Lincoln County,US.WI.LI,186,1,
Sullivan County,US.MO.SV,185,0,
Dallas County,US.MO.DL,185,1,
Howard County,US.IA.HO,185,6,
Lewis County,US.TN.LE,185,1,
Morris County,US.TX.MR,184,3,
Juniata County,US.PA.JU,184,7,
Henry County,US.MO.HE,184,4,
New Kent County,US.VA.NK,184,3,
Lake County,US.SD.LK,183,7,
Knott County,US.KY.KT,183,1,
Wilbarger County,US.TX.WG,183,2,
Humboldt County,US.IA.HU,183,3,
Millard County,US.UT.MD,183,0,
Wabasha County,US.MN.WB,183,0,
Perquimans County,US.NC.PQ,182,3,
Brown County,US.MN.BR,182,2,
Greene County,US.PA.GR,182,1,
Jay County,US.IN.JY,182,0,
Choctaw County,US.MS.CW,181,6,
Jefferson County,US.KS.JF,181,4,
Todd County,US.KY.TO,181,8,
Scott County,US.VA.SC,181,4,
Bourbon County,US.KY.BU,180,1,
Calhoun County,US.IA.CO,179,2,
Pike County,US.OH.PK,179,0,
Floyd County,US.KY.FO,179,2,
Grundy County,US.MO.GU,179,3,
Custer County,US.SD.CU,179,2,
Cleveland County,US.AR.CV,179,10,
Barton County,US.MO.BT,178,0,
Newton County,US.TX.NE,178,10,
Douglas County,US.MO.DO,178,3,
Bristol city,US.VA.BI,178,4,
Williamsburg City,US.VA.WL,178,7,
Marshall County,US.OK.MH,178,1,
Palo Alto County,US.IA.PO,178,0,
Fremont County,US.ID.FE,177,3,
Currituck County,US.NC.CI,177,3,
Hancock County,US.IA.HN,177,2,
Richland County,US.IL.RI,176,4,
Essex County,US.VA.ES,176,2,
Bourbon County,US.KS.BB,175,3,
Yellow Medicine County,US.MN.YE,175,2,
Teller County,US.CO.TE,174,4,
Walsh County,US.ND.WL,174,1,
Otsego County,US.MI.OS,174,11,
Mills County,US.IA.ML,174,1,
Meigs County,US.OH.MS,174,10,
Roberts County,US.SD.RO,174,1,
Van Buren County,US.AR.VA,173,3,
Montague County,US.TX.MU,173,4,
Newton County,US.IN.NE,173,12,
Carter County,US.KY.CR,172,3,
Harrison County,US.KY.HS,172,0,
Burnett County,US.WI.BN,172,3,
Hart County,US.KY.HT,171,1,
Eastland County,US.TX.EA,171,3,
Fremont County,US.CO.FR,171,1,
Mineral County,US.WV.ML,171,4,
Love County,US.OK.LV,170,1,
Vernon County,US.MO.VE,169,1,
Trigg County,US.KY.TG,169,0,
Owen County,US.IN.OW,169,2,
Howard County,US.MO.HR,169,2,
Rockcastle County,US.KY.RC,168,1,
Coosa County,US.AL.CS,168,3,
Rolette County,US.ND.RO,168,4,
Guernsey County,US.OH.GU,167,8,
Pulaski County,US.IL.PL,167,1,
Cortland County,US.NY.CD,167,1,
Lincoln County,US.WY.LI,166,1,
Taylor County,US.WI.TA,166,3,
Crawford County,US.GA.CW,166,5,
Martin County,US.IN.MN,165,0,
Jefferson County,US.NY.JE,165,1,
Siskiyou County,US.CA.SK,165,0,
Mono County,US.CA.MO,165,2,
Montour County,US.PA.MO,165,5,
Rock County,US.MN.RC,164,0,
Essex County,US.NY.ES,164,13,
Crockett County,US.TX.CT,164,6,
Moore County,US.TN.MO,164,1,
White County,US.IL.WE,164,0,
Talbot County,US.GA.TB,163,5,
Stevens County,US.WA.ST,162,2,
Marshall County,US.WV.MH,162,1,
York County,US.NE.YO,161,2,
Dallas County,US.AR.DA,161,3,
Hocking County,US.OH.HC,161,9,
Ray County,US.MO.RY,161,0,
Van Buren County,US.TN.VA,160,0,
Red River County,US.TX.RV,160,14,
Teton County,US.ID.TE,160,0,
Charles Mix County,US.SD.CH,159,0,
Cass County,US.MN.CS,159,3,
Tensas Parish,US.LA.TN,159,2,
Grant County,US.KY.GT,159,6,
Bandera County,US.TX.BA,158,8,
Murray County,US.MN.MU,158,2,
Fulton County,US.IL.FU,157,0,
Lincoln County,US.WV.LI,157,2,
Knox County,US.NE.KN,157,0,
Gasconade County,US.MO.GA,157,18,
Ripley County,US.MO.RI,157,0,
Webster County,US.KY.WE,157,3,
Clinton County,US.NY.CL,157,5,
Clark County,US.IL.CK,156,2,
Gogebic County,US.MI.GO,156,1,
Crawford County,US.WI.CR,156,0,
Pocahontas County,US.IA.PC,156,2,
Johnston County,US.OK.JO,156,4,
Grant County,US.WV.GA,156,7,
Langlade County,US.WI.LN,155,2,
Emmet County,US.MI.EM,155,4,
Monroe County,US.IA.MR,155,10,
King William County,US.VA.KW,155,2,
Elbert County,US.CO.EB,155,3,
Columbia County,US.OR.CL,155,1,
Goliad County,US.TX.GI,154,6,
Redwood County,US.MN.RW,154,1,
Mille Lacs County,US.MN.MI,154,3,
Lucas County,US.IA.LU,154,6,
Macon County,US.MO.MN,153,0,
Alpena County,US.MI.AP,153,14,
Garrard County,US.KY.GR,152,3,
Carroll County,US.OH.CO,152,7,
Cass County,US.IA.CS,152,2,
Anderson County,US.KY.AN,152,1,
Routt County,US.CO.RT,151,8,
Pushmataha County,US.OK.PU,151,1,
Preston County,US.WV.PR,151,4,
Estill County,US.KY.ES,151,0,
Page County,US.IA.PG,150,0,
Marion County,US.TX.MN,150,14,
Perry County,US.TN.PE,149,0,
Wabash County,US.IL.WB,149,1,
Jones County,US.NC.JN,149,11,
Coos County,US.OR.CO,149,0,
Turner County,US.SD.TU,149,2,
Johnson County,US.IL.JH,149,0,
McCulloch County,US.TX.MC,149,3,
Osceola County,US.IA.OS,149,0,
Caldwell County,US.KY.CD,149,0,
Noble County,US.OK.NB,149,2,
Monroe County,US.WV.ME,147,7,
McCreary County,US.KY.MR,147,0,
Johnson County,US.KY.JO,147,1,
Northumberland County,US.VA.NU,147,6,
Sanilac County,US.MI.SL,146,7,
Hill County,US.MT.HI,146,3,
Prairie County,US.AR.PR,146,1,
Belknap County,US.NH.BE,146,4,
Hancock County,US.WV.HN,145,0,
Ralls County,US.MO.RL,145,0,
Iron County,US.WI.IR,145,1,
Osage County,US.MO.OS,145,2,
Otoe County,US.NE.OT,144,1,
Monona County,US.IA.MO,144,1,
Blanco County,US.TX.BC,144,5,
Neosho County,US.KS.NO,144,0,
Sioux County,US.ND.SI,144,3,
Pike County,US.IN.PI,143,1,
Fulton County,US.KY.FU,143,2,
Washington County,US.KY.WS,143,1,
Cheshire County,US.NH.CH,143,3,
Montgomery County,US.AR.MT,142,4,
Renville County,US.MN.RN,142,7,
Clay County,US.IL.CY,142,0,
Benewah County,US.ID.BA,141,3,
Jackson County,US.MN.JA,141,1,
Lancaster County,US.VA.LA,141,0,
Wayne County,US.KY.WY,141,0,
Searcy County,US.AR.SA,141,1,
Warren County,US.GA.WR,141,5,
Mason County,US.WV.MN,140,6,
Somervell County,US.TX.SV,140,5,
Del Norte County,US.CA.DE,139,1,
Swain County,US.NC.SW,139,3,
Kearney County,US.NE.KA,139,0,
Churchill County,US.NV.CH,139,3,
Dent County,US.MO.DN,139,1,
Fulton County,US.AR.FU,139,3,
Carroll County,US.MO.CL,138,1,
Taos County,US.NM.TA,138,4,
Grafton County,US.NH.GR,138,1,
Jefferson County,US.IA.JE,137,1,
Nowata County,US.OK.NW,137,4,
Oxford County,US.ME.OX,137,1,
Wayne County,US.NE.WY,137,0,
Fairfax city,US.VA.FC,136,7,
Buchanan County,US.VA.BH,136,2,
Faribault County,US.MN.FA,136,0,
Mason County,US.MI.MN,135,0,
Bradford County,US.PA.BF,135,3,
Buffalo County,US.WI.BF,135,2,
Okfuskee County,US.OK.OF,134,4,
Mason County,US.IL.MS,134,1,
Graham County,US.NC.GH,134,2,
Wyoming County,US.NY.WM,134,5,
Dewey County,US.SD.DW,134,0,
Franklin County,US.TX.FK,134,6,
Ochiltree County,US.TX.OC,133,5,
Emmons County,US.ND.EM,133,1,
Delaware County,US.NY.DE,133,4,
Mercer County,US.IL.ME,133,5,
Breckinridge County,US.KY.BC,133,2,
Latimer County,US.OK.LA,133,2,
Letcher County,US.KY.LT,132,2,
Montezuma County,US.CO.MZ,132,5,
Stephens County,US.TX.SE,132,4,
Murray County,US.OK.MR,132,1,
Piatt County,US.IL.PA,132,0,
Dickinson County,US.KS.DK,132,1,
Ravalli County,US.MT.RA,132,2,
Edmonson County,US.KY.ED,132,12,
Jack County,US.TX.JK,131,2,
Clatsop County,US.OR.CT,131,0,
Gates County,US.NC.GT,129,3,
Concho County,US.TX.ON,129,2,
Appanoose County,US.IA.AP,129,3,
Jackson County,US.WI.JA,129,1,
Hartley County,US.TX.HL,129,0,
Vermillion County,US.IN.VE,128,0,
Hamilton County,US.NE.HM,128,12,
Rutland County,US.VT.RU,128,1,
Union County,US.IA.UN,127,3,
Swift County,US.MN.SW,127,1,
DeKalb County,US.MO.DE,127,2,
Taylor County,US.IA.TY,127,1,
Lyman County,US.SD.LY,127,3,
Cuming County,US.NE.CM,126,0,
Adams County,US.OH.AD,126,4,
Tripp County,US.SD.TR,126,0,
Hyde County,US.NC.HE,125,5,
Greenbrier County,US.WV.GE,125,3,
Iron County,US.MI.IR,125,1,
Buffalo County,US.SD.BF,125,3,
Mercer County,US.ND.ME,125,0,
Amelia County,US.VA.AI,124,5,
Llano County,US.TX.LL,124,2,
Monroe County,US.AR.ME,124,0,
Hamilton County,US.TX.HM,124,4,
Franklin County,US.VT.FR,124,7,
Windham County,US.VT.WH,123,3,
Dickinson County,US.MI.DI,123,2,
Thomas County,US.KS.TH,123,0,
Crawford County,US.MI.CF,123,5,
Juab County,US.UT.JU,123,1,
Wexford County,US.MI.WE,123,4,
Mason County,US.KY.MS,122,2,
Carroll County,US.NH.CA,122,2,
Davis County,US.IA.DV,122,4,
Blackford County,US.IN.BL,122,3,
Ozark County,US.MO.OZ,121,0,
Houston County,US.MN.HO,121,0,
Dawes County,US.NE.DS,121,0,
Fountain County,US.IN.FO,121,2,
Koochiching County,US.MN.KO,121,3,
Pike County,US.IL.PK,121,1,
Humboldt County,US.NV.HU,121,4,
Nemaha County,US.NE.NE,121,0,
Crittenden County,US.KY.CT,121,1,
Spink County,US.SD.SP,120,0,
Ward County,US.TX.WD,120,1,
Menard County,US.IL.MN,120,0,
Harper County,US.KS.HP,120,2,
Blaine County,US.OK.BL,120,1,
Taylor County,US.WV.TA,120,6,
Clay County,US.GA.CY,120,2,
Yancey County,US.NC.YN,119,0,
Phillips County,US.MT.PH,119,0,
Grant County,US.NM.GR,119,2,
Real County,US.TX.RL,118,7,
Surry County,US.VA.SR,118,3,
Todd County,US.SD.TO,118,5,
Gentry County,US.MO.GT,118,9,
Pulaski County,US.IN.PL,118,1,
Clarion County,US.PA.CL,117,3,
Kanabec County,US.MN.KA,117,8,
Roseau County,US.MN.RS,117,0,
Gray County,US.KS.GY,116,0,
Van Wert County,US.OH.VA,116,3,
Lunenburg County,US.VA.LN,116,3,
Meade County,US.KS.ME,116,1,
Pennington County,US.MN.PI,116,1,
Carbon County,US.MT.CB,115,0,
Clay County,US.NC.CY,114,2,
Deer Lodge County,US.MT.DE,114,0,
Stevens County,US.KS.SV,114,1,
Tyrrell County,US.NC.TY,114,3,
Richland County,US.WI.RI,114,4,
Coffey County,US.KS.CF,113,8,
Larue County,US.KY.LR,113,1,
Washakie County,US.WY.WA,113,6,
Winkler County,US.TX.WI,113,2,
Haskell County,US.KS.HS,113,1,
Converse County,US.WY.CE,112,0,
Middlesex County,US.VA.MI,112,10,
Gregory County,US.SD.GE,112,1,
Leelanau County,US.MI.LE,112,1,
Edgar County,US.IL.EG,112,8,
North Slope Borough,US.AK.NH,112,0,
Carbon County,US.UT.CR,112,0,
Van Buren County,US.IA.VA,112,1,
Ida County,US.IA.ID,112,1,
Hansford County,US.TX.HF,112,4,
Butler County,US.NE.BE,111,1,
Custer County,US.MT.CU,111,2,
Brooke County,US.WV.BO,111,1,
Saguache County,US.CO.SG,111,2,
Clare County,US.MI.CE,111,4,
Clinton County,US.KY.CO,111,2,
Fillmore County,US.MN.FI,111,0,
Jefferson County,US.PA.JE,111,3,
Phillips County,US.KS.PL,111,8,
Camden County,US.NC.CD,111,3,
Monroe County,US.OH.ME,110,18,
Pickett County,US.TN.PI,110,2,
Metcalfe County,US.KY.MT,110,2,
Oregon County,US.MO.OR,110,0,
Bennington County,US.VT.BE,109,1,
Uintah County,US.UT.UN,109,1,
Wyoming County,US.WV.WY,108,3,
Brule County,US.SD.BU,108,0,
Lincoln County,US.MN.LI,108,0,
Greer County,US.OK.GE,108,8,
Lincoln County,US.MT.LN,107,3,
Paulding County,US.OH.PA,107,0,
Traill County,US.ND.TR,107,0,
Jim Hogg County,US.TX.JG,107,3,
Floyd County,US.TX.FY,106,9,
Grant County,US.SD.GA,106,1,
Madison County,US.VA.MD,106,3,
Phelps County,US.NE.PH,106,0,
Hancock County,US.TN.HC,106,3,
Daviess County,US.MO.DV,106,1,
Rockbridge County,US.VA.RB,106,2,
Massac County,US.IL.MA,106,2,
Charlotte County,US.VA.CT,106,0,
Harrison County,US.MO.HS,106,1,
Fremont County,US.IA.FO,105,0,
Crawford County,US.IN.CW,105,1,
De Witt County,US.IL.DW,105,1,
Walworth County,US.SD.WA,105,1,
San Miguel County,US.NM.SM,105,0,
Mitchell County,US.NC.MI,105,3,
Seneca County,US.NY.SC,105,1,
Brown County,US.IN.BR,104,3,
Union County,US.IN.UN,104,0,
Swisher County,US.TX.SW,104,3,
Charlevoix County,US.MI.CV,104,3,
Bates County,US.MO.BS,104,2,
Worth County,US.IA.WT,104,0,
Schley County,US.GA.SY,104,2,
Brown County,US.KS.BR,104,3,
Issaquena County,US.MS.IS,104,3,
Franklin County,US.ID.FA,104,0,
Cumberland County,US.VA.CU,104,2,
Duchesne County,US.UT.DU,104,1,
Sevier County,US.UT.SE,103,1,
Yuma County,US.CO.YU,103,1,
Garza County,US.TX.GR,103,4,
Pierce County,US.NE.PI,103,8,
Caribou County,US.ID.CR,103,0,
Woods County,US.OK.WS,103,0,
Hampshire County,US.WV.HM,103,1,
Parke County,US.IN.PA,103,2,
Keokuk County,US.IA.KE,102,1,
Cedar County,US.MO.CD,102,0,
Northwest Arctic Borough,US.AK.NW,102,0,
Lafayette County,US.AR.LF,102,2,
Bethel Census Area,US.AK.BE,102,1,
Nemaha County,US.KS.NM,102,1,
Cumberland County,US.KY.CU,101,0,
Socorro County,US.NM.SO,101,6,
Madison County,US.MT.MA,101,1,
Allegany County,US.NY.AL,101,2,
Bayfield County,US.WI.BY,101,1,
Washburn County,US.WI.WR,101,1,
Nelson County,US.VA.NL,100,2,
Ford County,US.IL.FO,100,5,
Asotin County,US.WA.AS,100,2,
Greene County,US.IA.GE,99,0,
Marshall County,US.IL.MH,99,0,
Morgan County,US.UT.MN,99,0,
Osage County,US.KS.OS,99,0,
Hidalgo County,US.NM.HI,99,2,
Nicholas County,US.WV.NI,98,3,
Gallatin County,US.KY.GL,98,8,
Owen County,US.KY.OE,98,2,
Dickenson County,US.VA.DC,97,1,
Scott County,US.AR.SC,97,1,
Dunn County,US.ND.DU,96,1,
Doniphan County,US.KS.DP,96,0,
San Miguel County,US.CO.SM,96,0,
Presidio County,US.TX.PS,96,6,
Rio Grande County,US.CO.RG,96,2,
Pendleton County,US.KY.PN,95,0,
Prowers County,US.CO.PR,94,0,
Hubbard County,US.MN.HU,94,1,
Howard County,US.NE.HW,94,5,
Roscommon County,US.MI.RO,94,4,
Scott County,US.KS.SC,94,1,
Stevens County,US.MN.SV,94,1,
Corson County,US.SD.CO,94,1,
Madison County,US.NC.MD,94,1,
Carter County,US.MO.CR,93,1,
Park County,US.MT.PA,93,0,
Shannon County,US.MO.SN,93,1,
Powell County,US.KY.PO,93,0,
Lynn County,US.TX.LY,93,5,
Osceola County,US.MI.OE,93,0,
Clarke County,US.VA.CK,93,0,
Otero County,US.CO.OT,93,6,
Baker County,US.OR.BA,92,2,
Gladwin County,US.MI.GL,92,2,
Pope County,US.MN.PE,92,0,
Lake County,US.CO.LK,92,0,
Fall River County,US.SD.FL,91,3,
Nantucket County,US.MA.NA,91,1,
Ashland County,US.WI.AS,91,2,
McCook County,US.SD.MC,91,1,
Sublette County,US.WY.SU,90,1,
Cheboygan County,US.MI.CY,90,2,
Montgomery County,US.IA.MG,90,5,
Edmunds County,US.SD.ED,90,0,
Valley County,US.ID.VA,89,1,
Hickory County,US.MO.HC,89,2,
Giles County,US.VA.GI,88,0,
Lincoln County,US.ID.LI,88,0,
Tillman County,US.OK.TI,88,2,
Benton County,US.IN.BE,88,0,
Hardy County,US.WV.HD,87,1,
Bath County,US.KY.BH,87,1,
Reagan County,US.TX.RG,87,6,
Mitchell County,US.TX.MH,87,1,
Callahan County,US.TX.AL,87,3,
Monroe County,US.MO.MR,87,0,
Livingston County,US.KY.LV,86,1,
Clay County,US.TX.CY,86,2,
Dixon County,US.NE.DI,86,2,
Hamlin County,US.SD.HM,86,0,
Perry County,US.AR.PY,86,0,
Crosby County,US.TX.CB,86,3,
Marion County,US.KS.MN,86,1,
Butte County,US.SD.BT,86,2,
Marion County,US.AR.MN,85,0,
Venango County,US.PA.VE,85,1,
Major County,US.OK.MJ,85,1,
Somerset County,US.ME.SO,85,8,
Wayne County,US.IA.WY,85,2,
Lemhi County,US.ID.LM,85,0,
Kingman County,US.KS.KM,84,1,
Windsor County,US.VT.WS,84,2,
Breathitt County,US.KY.BT,84,0,
Charles City County,US.VA.CC,84,5,
Kearny County,US.KS.KE,84,1,
Kalkaska County,US.MI.KK,84,4,
Schoharie County,US.NY.SO,83,2,
Addison County,US.VT.AD,83,2,
Goshen County,US.WY.GO,83,2,
Custer County,US.NE.CU,83,4,
Moody County,US.SD.MO,83,0,
Fleming County,US.KY.FE,83,0,
Lewis County,US.MO.LE,82,2,
Montgomery County,US.MO.MM,82,1,
Archer County,US.TX.AC,82,1,
Caldwell County,US.MO.CW,82,1,
Hutchinson County,US.SD.HT,82,2,
Merrick County,US.NE.ME,81,1,
Beaverhead County,US.MT.BE,81,1,
Sutton County,US.TX.ST,81,3,
Baker County,US.GA.BR,81,4,
Magoffin County,US.KY.MF,81,0,
Chase County,US.KS.CS,80,1,
Bon Homme County,US.SD.BH,80,1,
Buena Vista city,US.VA.BE,80,1,
Cedar County,US.NE.CA,80,0,
Pacific County,US.WA.PA,80,3,
Deuel County,US.SD.DU,80,0,
Russell County,US.KS.RS,80,0,
McDowell County,US.WV.MC,80,0,
Yukon-Koyukuk Census Area,US.AK.YU,79,1,
Hancock County,US.KY.HC,79,0,
Benzie County,US.MI.BE,79,2,
Dukes County,US.MA.DU,79,0,
Kit Carson County,US.CO.KT,79,3,
Richland County,US.MT.RI,78,2,
Florence County,US.WI.FL,78,1,
Ohio County,US.IN.OH,78,7,
Alleghany County,US.VA.AL,77,4,
Martin County,US.TX.MT,77,6,
Chippewa County,US.MI.CP,77,0,
Sabine County,US.TX.SB,77,8,
Hickman County,US.KY.HA,77,0,
Washington County,US.VT.WA,77,2,
Audubon County,US.IA.AU,77,1,
Carlisle County,US.KY.CE,77,1,
Martin County,US.KY.MI,76,3,
Jerauld County,US.SD.JE,76,1,
Dawson County,US.MT.DW,76,1,
Scott County,US.IL.SO,76,0,
Douglas County,US.SD.DO,76,0,
Big Stone County,US.MN.BI,76,0,
Mason County,US.TX.MA,76,2,
Morrill County,US.NE.MO,76,0,
Valdez-Cordova Census Area,US.AK.VA,76,0,
Holt County,US.MO.HL,75,1,
Boone County,US.NE.BO,75,0,
Maries County,US.MO.MS,75,0,
Mariposa County,US.CA.MP,75,2,
Ransom County,US.ND.RN,75,0,
Kane County,US.UT.KA,75,1,
Burt County,US.NE.BT,75,0,
Poquoson city,US.VA.PQ,75,2,
Aitkin County,US.MN.AI,75,1,
Alexander County,US.IL.AL,74,1,
Quay County,US.NM.QU,74,2,
McLean County,US.KY.ML,74,1,
Toole County,US.MT.TO,74,6,
Linn County,US.KS.LN,74,0,
Ness County,US.KS.NS,74,6,
Waldo County,US.ME.WL,73,14,
Hemphill County,US.TX.HH,73,0,
Anderson County,US.KS.AN,73,0,
Crowley County,US.CO.CR,73,1,
Wyoming County,US.PA.WM,73,8,
Grand County,US.CO.GR,72,1,
Washita County,US.OK.WT,72,0,
Rice County,US.KS.RC,72,1,
Linn County,US.MO.LN,72,1,
Box Butte County,US.NE.BX,72,1,
King and Queen County,US.VA.KA,72,1,
Garrett County,US.MD.GA,72,1,
Kiowa County,US.OK.KO,71,2,
Clay County,US.NE.CL,71,0,
Jefferson County,US.WA.JE,71,0,
Switzerland County,US.IN.SW,71,0,
Gallatin County,US.IL.GA,71,2,
Price County,US.WI.PC,71,0,
Crane County,US.TX.CR,71,2,
Manistee County,US.MI.ME,71,2,
Elk County,US.PA.EL,71,2,
Pratt County,US.KS.PR,71,0,
Lexington city,US.VA.LX,71,1,
Antrim County,US.MI.AN,70,0,
Valley County,US.MT.VA,70,0,
Lander County,US.NV.LA,70,1,
Falls Church city,US.VA.FU,70,6,
Coal County,US.OK.CL,70,0,
Coleman County,US.TX.CM,70,4,
Arenac County,US.MI.AR,69,3,
Adair County,US.IA.AI,69,1,
Lyon County,US.KY.LY,69,4,
Cotton County,US.OK.CT,68,3,
Jefferson County,US.MT.JE,68,0,
Eddy County,US.ND.ED,68,3,
Childress County,US.TX.CD,68,0,
Antelope County,US.NE.AN,67,1,
Knox County,US.TX.KX,67,8,
Rains County,US.TX.RI,67,3,
Hamilton County,US.IL.HM,67,0,
Day County,US.SD.DY,67,0,
Boise County,US.ID.BS,67,1,
Wadena County,US.MN.WD,67,0,
Wabaunsee County,US.KS.WB,67,1,
Edwards County,US.TX.ED,67,1,
Henderson County,US.IL.HD,66,0,
Franklin County,US.NY.FR,66,1,
Fisher County,US.TX.FH,66,3,
Tioga County,US.PA.TI,66,3,
Decatur County,US.IA.DC,66,0,
Torrance County,US.NM.TO,66,1,
Leslie County,US.KY.LS,66,0,
Sagadahoc County,US.ME.SA,65,0,
Bland County,US.VA.BL,65,4,
Faulk County,US.SD.FU,65,1,
Ogemaw County,US.MI.OG,65,5,
Holt County,US.NE.HT,65,1,
Upshur County,US.WV.UP,64,0,
St. Clair County,US.MO.SC,64,0,
Edwards County,US.IL.EW,64,0,
Skamania County,US.WA.SM,64,1,
Keith County,US.NE.KT,64,0,
Cloud County,US.KS.CD,64,1,
Rappahannock County,US.VA.RP,64,2,
Custer County,US.ID.CU,63,1,
Fergus County,US.MT.FE,63,1,
Shelby County,US.MO.SB,63,1,
Bennett County,US.SD.BN,63,1,
Dewey County,US.OK.DW,63,1,
Harrison County,US.OH.HR,63,2,
Pembina County,US.ND.PE,63,0,
Haskell County,US.TX.HK,62,2,
Alfalfa County,US.OK.AL,62,0,
Crook County,US.OR.CR,62,1,
Yates County,US.NY.YA,62,6,
Sherman County,US.TX.SN,62,0,
Rusk County,US.WI.RU,61,1,
McIntosh County,US.ND.MI,61,3,
Pepin County,US.WI.PE,61,0,
Clark County,US.MO.CK,61,0,
Donley County,US.TX.DO,61,1,
Wilkin County,US.MN.WL,61,3,
Nome Census Area,US.AK.NM,61,0,
Trimble County,US.KY.TM,61,0,
Rooks County,US.KS.RO,61,0,
Washington County,US.CO.WA,60,0,
White Pine County,US.NV.WH,60,1,
Ziebach County,US.SD.ZI,60,0,
Pend Oreille County,US.WA.PE,60,0,
Franklin County,US.ME.FR,60,1,
Pocahontas County,US.WV.PO,59,0,
Missaukee County,US.MI.MU,59,1,
Wilson County,US.KS.WL,59,2,
Mills County,US.TX.MS,59,0,
Foster County,US.ND.FO,59,0,
Menominee County,US.WI.MN,59,0,
Grant County,US.MN.GR,59,4,
Greenlee County,US.AZ.GE,59,2,
Iron County,US.MO.IR,59,0,
Sargent County,US.ND.SG,58,0,
McHenry County,US.ND.MH,58,1,
Lake County,US.MN.LE,58,0,
Mackinac County,US.MI.MK,57,0,
McKean County,US.PA.MC,57,2,
Lamoille County,US.VT.LA,57,1,
Kauai County,US.HI.KU,57,0,
Grand County,US.UT.GR,57,1,
Stanton County,US.KS.ST,57,2,
Boundary County,US.ID.BD,57,1,
Allen County,US.KS.AL,57,1,
Lawrence County,US.KY.LC,56,0,
Dade County,US.MO.DD,56,0,
Griggs County,US.ND.GI,56,1,
Stillwater County,US.MT.ST,56,2,
Putnam County,US.IL.PT,55,0,
Ballard County,US.KY.BA,55,1,
Archuleta County,US.CO.AC,55,0,
Park County,US.CO.PA,55,1,
Polk County,US.NE.PO,55,1,
Fillmore County,US.NE.FI,55,1,
Hettinger County,US.ND.HE,55,0,
Culberson County,US.TX.UL,54,2,
Stark County,US.IL.SA,54,2,
Morgan County,US.KY.MG,54,0,
San Saba County,US.TX.SS,54,0,
Cheyenne County,US.KS.CN,54,0,
Hancock County,US.ME.HA,53,1,
Richardson County,US.NE.RI,53,1,
Stafford County,US.KS.SF,53,1,
Cavalier County,US.ND.CV,53,0,
Morgan County,US.WV.MA,53,0,
Norman County,US.MN.NR,53,0,
Schleicher County,US.TX.SH,53,2,
Sullivan County,US.NH.SU,53,1,
Rush County,US.KS.RH,53,0,
Big Horn County,US.WY.BI,52,2,
Barbour County,US.WV.BB,52,1,
Ottawa County,US.KS.OT,52,0,
Dickey County,US.ND.DC,52,0,
Coke County,US.TX.OK,52,3,
Pendleton County,US.WV.PE,52,1,
Bottineau County,US.ND.BT,52,1,
Atchison County,US.MO.AT,51,0,
Kingsbury County,US.SD.KI,51,0,
Beaver County,US.OK.BA,51,0,
Wetzel County,US.WV.WT,51,0,
Tillamook County,US.OR.TI,51,0,
Lewis County,US.NY.LE,50,5,
Marshall County,US.MN.MS,50,1,
Clark County,US.KS.CA,50,1,
Lac Qui Parle County,US.MN.LC,50,1,
Plumas County,US.CA.PU,50,0,
Knox County,US.MO.KN,50,1,
Cochran County,US.TX.CC,50,1,
Roane County,US.WV.RO,49,2,
Clay County,US.KS.CY,49,2,
Ketchikan Gateway Borough,US.AK.KG,49,0,
Woodruff County,US.AR.WO,49,0,
Republic County,US.KS.RP,48,1,
Dickens County,US.TX.DC,48,2,
Sheridan County,US.NE.SD,48,0,
Garfield County,US.UT.GA,48,2,
Schuyler County,US.IL.SU,48,0,
Ringgold County,US.IA.RI,48,2,
Wheeler County,US.TX.WL,47,0,
Summers County,US.WV.SU,47,0,
Calhoun County,US.IL.CH,47,0,
Morgan County,US.OH.MA,47,0,
Chariton County,US.MO.CI,47,0,
LaMoure County,US.ND.LA,47,0,
Vinton County,US.OH.VI,47,3,
Greenwood County,US.KS.GW,47,0,
Cherry County,US.NE.CH,47,4,
Mahnomen County,US.MN.MH,46,1,
Renville County,US.ND.RE,46,0,
Sanders County,US.MT.SA,46,1,
Aurora County,US.SD.AU,46,0,
Grant County,US.OK.GN,46,0,
Johnson County,US.NE.JO,45,0,
Brown County,US.IL.BR,45,0,
Hamilton County,US.KS.HM,45,0,
Hudspeth County,US.TX.HU,45,3,
Sitka City and Borough,US.AK.SI,45,0,
Fulton County,US.PA.FU,45,2,
Sierra County,US.NM.SI,44,1,
Edwards County,US.KS.ED,44,0,
Mitchell County,US.KS.MC,44,0,
Nelson County,US.ND.NE,44,0,
Roger Mills County,US.OK.RR,44,1,
Kinney County,US.TX.KN,44,1,
Menifee County,US.KY.ME,44,0,
Aroostook County,US.ME.AR,44,1,
Webster County,US.GA.WT,43,2,
Kidder County,US.ND.KI,43,0,
Harmon County,US.OK.HM,43,0,
Lincoln County,US.WA.LI,42,1,
Warren County,US.PA.WR,42,1,
Lincoln County,US.ME.LI,42,1,
Potter County,US.SD.PO,42,0,
Sweet Grass County,US.MT.SW,42,1,
Matthews County,US.VA.MT,42,0,
Red Lake County,US.MN.RD,42,1,
Jefferson County,US.OK.JE,42,0,
Ontonagon County,US.MI.ON,42,0,
Moffat County,US.CO.MF,41,1,
Alcona County,US.MI.AC,41,2,
Golden Valley County,US.ND.GO,41,0,
Bear Lake County,US.ID.BK,41,1,
Warren County,US.IN.WN,40,1,
Bracken County,US.KY.BK,40,0,
Logan County,US.ND.LO,40,0,
Nance County,US.NE.NA,40,0,
Schuyler County,US.NY.SU,40,0,
Clearwater County,US.ID.CE,39,0,
Elliott County,US.KY.EL,39,0,
Gilmer County,US.WV.GI,39,0,
Rock County,US.NE.RO,39,1,
Furnas County,US.NE.FU,39,1,
Reynolds County,US.MO.RE,39,0,
Stanton County,US.NE.ST,39,0,
Crook County,US.WY.CK,38,0,
Lewis County,US.WV.LE,38,2,
Glascock County,US.GA.GS,38,2,
Beaver County,US.UT.BV,37,0,
Clear Creek County,US.CO.CL,37,1,
Hardin County,US.IL.HI,37,0,
Clark County,US.SD.CK,37,0,
Marshall County,US.SD.MS,37,0,
Cheyenne County,US.NE.CY,37,0,
Owsley County,US.KY.OS,37,1,
Hot Springs County,US.WY.HO,37,0,
Stanley County,US.SD.ST,36,0,
Perkins County,US.SD.PR,36,0,
Hand County,US.SD.HD,36,0,
Knox County,US.ME.KN,36,1,
Musselshell County,US.MT.MU,35,1,
Perkins County,US.NE.PE,34,10,
Clay County,US.WV.CY,34,2,
Bowman County,US.ND.BW,34,0,
Gosper County,US.NE.GO,34,0,
Hanson County,US.SD.HS,34,0,
Caledonia County,US.VT.CA,34,0,
Calhoun County,US.AR.CA,34,0,
Guadalupe County,US.NM.GU,34,1,
Phillips County,US.CO.PH,34,0,
Putnam County,US.MO.PN,33,1,
Wells County,US.ND.WE,33,0,
Conejos County,US.CO.CN,33,0,
Johnson County,US.WY.JO,33,1,
Adams County,US.IA.AM,33,0,
Trego County,US.KS.TR,33,1,
Emery County,US.UT.EM,33,0,
Norton city,US.VA.NC,33,0,
Lake County,US.MI.LK,32,0,
Lipscomb County,US.TX.LM,32,0,
Quitman County,US.GA.QU,32,1,
Ellsworth County,US.KS.EW,32,0,
Wolfe County,US.KY.WL,32,0,
Costilla County,US.CO.CS,32,1,
Clark County,US.ID.CA,32,0,
Los Alamos County,US.NM.LO,32,0,
Morris County,US.KS.MR,31,0,
Red Willow County,US.NE.RE,31,0,
Jackson County,US.SD.JA,31,1,
Scotland County,US.MO.SO,31,1,
Prince of Wales-Hyder Census Area,US.AK.PH,31,0,
Burke County,US.ND.BK,31,1,
Curry County,US.OR.CU,31,0,
Nicholas County,US.KY.NI,31,1,
Pierce County,US.ND.PI,31,0,
Sherman County,US.KS.SH,31,0,
Union County,US.NM.UN,31,2,
Oscoda County,US.MI.OO,30,1,
Graham County,US.KS.GH,30,1,
Mellette County,US.SD.ML,30,0,
Valley County,US.NE.VA,30,0,
Covington city,US.VA.CV,30,0,
Lake County,US.OR.LK,29,0,
Norton County,US.KS.NT,29,0,
Colfax County,US.NM.CO,29,1,
Ferry County,US.WA.FE,29,0,
Traverse County,US.MN.TR,29,0,
San Juan County,US.WA.SA,29,0,
Harper County,US.OK.HP,29,1,
McPherson County,US.SD.MP,29,0,
Craig County,US.VA.CG,29,0,
Thayer County,US.NE.TA,29,0,
Steele County,US.ND.SE,28,0,
Mercer County,US.MO.MC,28,0,
Wallowa County,US.OR.WW,28,1,
Hall County,US.TX.HA,28,1,
Chouteau County,US.MT.CH,28,0,
Adams County,US.ID.AM,28,2,
Jefferson County,US.NE.JE,28,0,
Gove County,US.KS.GO,28,0,
Noble County,US.OH.NO,28,0,
Clearwater County,US.MN.CE,27,0,
Butte County,US.ID.BT,27,0,
Potter County,US.PA.PO,27,0,
Brown County,US.NE.BW,27,0,
Menard County,US.TX.EN,26,0,
Pope County,US.IL.PE,26,1,
Presque Isle County,US.MI.PR,26,1,
Calhoun County,US.WV.CH,25,0,
Camas County,US.ID.CM,25,0,
Hardeman County,US.TX.RD,25,0,
Cottle County,US.TX.OT,25,3,
Meagher County,US.MT.ME,25,2,
Lake and Peninsula Borough,US.AK.LA,25,0,
Ouray County,US.CO.OU,25,1,
Rio Blanco County,US.CO.RB,25,0,
Baraga County,US.MI.BA,25,0,
Greeley County,US.NE.GE,25,0,
Platte County,US.WY.PL,25,1,
Shackelford County,US.TX.SC,25,0,
Franklin County,US.NE.FA,24,0,
Delta County,US.TX.DT,24,0,
Southeast Fairbanks Census Area,US.AK.SO,24,0,
Oneida County,US.ID.ON,24,0,
Sanborn County,US.SD.SA,24,0,
Schoolcraft County,US.MI.SR,24,0,
Orange County,US.VT.OA,24,0,
McMullen County,US.TX.MM,24,0,
Upton County,US.TX.UP,24,2,
Cimarron County,US.OK.CO,24,0,
Hoonah-Angoon Census Area,US.AK.HH,23,0,
Chase County,US.NE.CE,23,0,
Kiowa County,US.KS.KW,23,0,
Sherman County,US.NE.SM,23,1,
Las Animas County,US.CO.LS,23,0,
Pondera County,US.MT.PN,23,0,
Coos County,US.NH.CO,22,0,
Granite County,US.MT.GN,22,0,
Schuyler County,US.MO.SH,22,0,
Haakon County,US.SD.HA,21,0,
Taliaferro County,US.GA.TA,21,0,
Campbell County,US.SD.CP,21,0,
Teton County,US.MT.TE,21,0,
Carson County,US.TX.CN,21,0,
Pershing County,US.NV.PE,21,0,
Orleans County,US.VT.OL,21,0,
Blaine County,US.MT.BL,21,0,
Lake of the Woods County,US.MN.LO,21,1,
Kodiak Island Borough,US.AK.KO,21,0,
Harlan County,US.NE.HR,20,0,
Rawlins County,US.KS.RA,20,0,
Oliver County,US.ND.OL,20,0,
Mineral County,US.CO.MI,20,0,
Worth County,US.MO.WO,20,0,
Boyd County,US.NE.BY,20,0,
Woodson County,US.KS.WO,20,0,
Doddridge County,US.WV.DO,19,0,
Huerfano County,US.CO.HU,19,1,
Marshall County,US.KS.MS,19,0,
Miner County,US.SD.ME,19,0,
McCone County,US.MT.MC,19,0,
Adams County,US.ND.AD,19,0,
Hodgeman County,US.KS.HG,19,0,
Hyde County,US.SD.HY,18,0,
Collingsworth County,US.TX.CG,18,0,
Gilpin County,US.CO.GI,18,0,
Liberty County,US.MT.LB,18,0,
Baca County,US.CO.BA,18,0,
Sherman County,US.OR.SH,18,0,
Wallace County,US.KS.WA,17,0,
Oldham County,US.TX.OL,17,1,
Pawnee County,US.NE.PA,17,0,
Webster County,US.NE.WE,17,0,
Lee County,US.KY.LE,17,0,
Decatur County,US.KS.DC,17,0,
Tucker County,US.WV.TU,17,0,
Garfield County,US.MT.GF,17,0,
Baylor County,US.TX.BR,17,1,
Alger County,US.MI.AG,17,0,
Custer County,US.CO.CU,17,0,
Washington County,US.KS.WS,17,0,
Rich County,US.UT.RH,17,0,
Broadwater County,US.MT.BR,17,0,
Kimble County,US.TX.KM,16,1,
Towner County,US.ND.TO,16,0,
Pleasants County,US.WV.PL,16,3,
Chautauqua County,US.KS.CQ,16,0,
Trinity County,US.CA.TR,16,0,
Jewell County,US.KS.JW,16,1,
Washington County,US.ME.WS,16,0,
Hamilton County,US.NY.HA,15,1,
Tyler County,US.WV.TY,15,0,
Grant County,US.ND.GT,15,0,
Nuckolls County,US.NE.NU,15,0,
Kimball County,US.NE.KB,15,0,
Forest County,US.PA.FO,15,0,
Billings County,US.ND.BI,15,0,
Montmorency County,US.MI.MR,14,0,
Grand Isle County,US.VT.GR,14,0,
Cheyenne County,US.CO.CE,14,0,
Sedgwick County,US.CO.SE,14,1,
Jeff Davis County,US.TX.JF,14,0,
Lewis County,US.ID.LW,14,0,
Sheridan County,US.KS.SD,14,0,
Stonewall County,US.TX.SA,14,1,
Columbia County,US.WA.CM,14,1,
Morton County,US.KS.MT,14,2,
Armstrong County,US.TX.AM,13,1,
Lane County,US.KS.LE,13,0,
Wrangell City and Borough,US.AK.WG,13,0,
Mineral County,US.NV.MI,13,0,
Braxton County,US.WV.BX,13,0,
Luce County,US.MI.LU,13,0,
Sheridan County,US.MT.SH,13,0,
Kittson County,US.MN.KI,12,0,
Briscoe County,US.TX.BO,12,1,
Modoc County,US.CA.MC,12,0,
Kusilvak Census Area,US.AK.WA,12,0,
Logan County,US.KS.LG,12,0,
Lincoln County,US.KS.LC,12,0,
Robertson County,US.KY.RB,12,0,
Harney County,US.OR.HA,12,0,
Wirt County,US.WV.WI,12,0,
Powell County,US.MT.PL,12,0,
Sullivan County,US.PA.SL,11,0,
Ritchie County,US.WV.RI,11,0,
Dundy County,US.NE.DY,11,1,
Garfield County,US.WA.GF,11,0,
Comanche County,US.KS.CM,11,0,
Wheatland County,US.MT.WH,11,0,
Bent County,US.CO.BE,11,0,
Irion County,US.TX.IR,10,0,
Eureka County,US.NV.EU,10,0,
Ellis County,US.OK.EL,10,0,
Storey County,US.NV.ST,9,0,
Catron County,US.NM.CA,9,1,
Sheridan County,US.ND.SH,9,0,
Kent County,US.TX.KT,9,0,
Wibaux County,US.MT.WI,9,0,
Roberts County,US.TX.RS,9,0,
Foard County,US.TX.FD,9,0,
Sully County,US.SD.SU,9,0,
Grant County,US.OR.GR,9,0,
Piscataquis County,US.ME.PI,9,0,
Lincoln County,US.CO.LI,9,0,
Garden County,US.NE.GD,9,0,
Jackson County,US.CO.JA,9,0,
Glasscock County,US.TX.GC,9,0,
Gilliam County,US.OR.GI,8,0,
Keweenaw County,US.MI.KW,8,0,
Cameron County,US.PA.CE,8,0,
Dillingham Census Area,US.AK.DI,8,0,
Motley County,US.TX.MY,8,0,
Throckmorton County,US.TX.TH,8,2,
Aleutians West Census Area,US.AK.AW,8,0,
Greeley County,US.KS.GL,8,0,
Garfield County,US.NE.GF,8,0,
Slope County,US.ND.SL,7,0,
Lincoln County,US.NV.LI,7,0,
Kenedy County,US.TX.KE,7,2,
Sioux County,US.NE.SI,7,0,
Mora County,US.NM.MO,7,0,
Bath County,US.VA.BA,7,0,
Petersburg Census Area,US.AK.PB,7,1,
Piute County,US.UT.PT,7,0,
Powder River County,US.MT.PD,7,0,
Hooker County,US.NE.HO,7,0,
Jones County,US.SD.JO,7,0,
Webster County,US.WV.WB,7,0,
Frontier County,US.NE.FO,7,0,
Sierra County,US.CA.SE,6,0,
Logan County,US.NE.LG,6,0,
San Juan County,US.CO.SJ,6,0,
Essex County,US.VT.ES,6,0,
Thomas County,US.NE.TO,6,0,
Highland County,US.VA.HA,6,0,
Osborne County,US.KS.OB,6,0,
Barber County,US.KS.AB,6,0,
Divide County,US.ND.DV,6,0,
Wahkiakum County,US.WA.WH,6,0,
McPherson County,US.NE.MC,6,0,
Judith Basin County,US.MT.JU,6,0,
Cook County,US.MN.CO,6,0,
Smith County,US.KS.SM,6,0,
Haines Borough,US.AK.HA,5,0,
Daniels County,US.MT.DN,5,0,
Fallon County,US.MT.FA,5,0,
Wichita County,US.KS.WH,5,0,
Keya Paha County,US.NE.KY,5,0,
Harding County,US.SD.HR,5,0,
Niobrara County,US.WY.NI,4,0,
Deuel County,US.NE.DL,4,0,
Sterling County,US.TX.SI,4,0,
Hitchcock County,US.NE.HI,4,0,
Elk County,US.KS.EK,4,0,
Golden Valley County,US.MT.GO,3,0,
Hinsdale County,US.CO.HI,3,0,
Treasure County,US.MT.TR,3,0,
Carter County,US.MT.CT,3,0,
Dolores County,US.CO.DO,3,0,
Terrell County,US.TX.TL,3,0,
Loup County,US.NE.LU,3,0,
Denali Borough,US.AK.DE,3,0,
Alpine County,US.CA.AP,2,0,
Mineral County,US.MT.MN,2,0,
Wayne County,US.UT.WE,2,0,
Aleutians East Borough,US.AK.AE,2,0,
Banner County,US.NE.BA,2,0,
Harding County,US.NM.HA,2,0,
Arthur County,US.NE.AR,1,0,
De Baca County,US.NM.DE,1,0,
Wheeler County,US.NE.WH,1,0,
Prairie County,US.MT.PR,1,0,
Daggett County,US.UT.DG,1,0,
Kiowa County,US.CO.KO,1,0,
Grant County,US.NE.GA,1,0,
Borden County,US.TX.BD,1,0,
Petroleum County,US.MT.PO,0,0,
Skagway Municipality,US.AK.SW,0,0,
Wheeler County,US.OR.WE,0,0,
Yakutat City and Borough,US.AK.YA,0,0,
Hayes County,US.NE.HY,0,0,
Kalawao County,US.HI.KL,0,0,
Bristol Bay Borough,US.AK.BR,0,0,
Blaine County,US.NE.BL,0,0,
Esmeralda County,US.NV.ES,0,0,
King County,US.TX.KG,0,0,
Loving County,US.TX.LI,0,0,
