County,hasc,confirmed,death,recovered
Cook County,US.IL.CO,82427,3944,
Los Angeles County,US.CA.LO,63844,2645,
Queens County,US.NY.QU,62963,6357,
Kings County,US.NY.KI,57131,6841,
Bronx County,US.NY.BN,45980,4532,
Nassau County,US.NY.NA,40904,2142,
Suffolk County,US.NY.SF,40329,1931,
Westchester County,US.NY.WE,33954,1392,
New York County,US.NY.NE,27178,2975,
Middlesex County,US.MA.MI,22754,1705,
Wayne County,US.MI.WY,21387,2628,
Miami-Dade County,US.FL.DA,19547,765,
Philadelphia County,US.PA.PH,19213,1420,
Suffolk County,US.MA.SU,19001,924,
Hudson County,US.NJ.HD,18565,1218,
Bergen County,US.NJ.BE,18512,1618,
Essex County,US.NJ.ES,18077,1707,
Passaic County,US.NJ.PA,16449,972,
Prince George's County,US.MD.PR,16434,598,
Middlesex County,US.NJ.MI,16198,1040,
Union County,US.NJ.UN,16186,1098,
Fairfield County,US.CT.FA,16056,1312,
Essex County,US.MA.ES,15217,1003,
Harris County,US.TX.RR,14423,259,
Richmond County,US.NY.RI,13717,1014,
Maricopa County,US.AZ.MA,13498,491,
Rockland County,US.NY.RO,13325,502,
Montgomery County,US.MD.MO,12734,656,
Fairfax County,US.VA.FX,12455,414,
Dallas County,US.TX.DS,11830,262,
New Haven County,US.CT.NH,11828,1010,
Worcester County,US.MA.WO,11732,823,
Providence County,US.RI.PR,11052,390,
Oakland County,US.MI.OD,11005,1055,
Hartford County,US.CT.HA,10809,1287,
Orange County,US.NY.OE,10514,369,
Marion County,US.IN.MO,10326,621,
Hennepin County,US.MN.HE,9372,676,
Washington,US.DC.DI,9332,489,
Riverside County,US.CA.RI,9188,355,
Ocean County,US.NJ.OC,9022,774,
Milwaukee County,US.WI.MU,8813,325,
Lake County,US.IL.LK,8768,344,
Norfolk County,US.MA.NO,8713,863,
Monmouth County,US.NJ.MN,8478,640,
San Diego County,US.CA.SD,8476,296,
King County,US.WA.KN,8457,578,
Plymouth County,US.MA.PL,8363,591,
DuPage County,US.IL.DU,8111,404,
Jefferson Parish,US.LA.JF,7862,459,
Broward County,US.FL.BO,7804,339,
Bristol County,US.MA.BR,7683,469,
Montgomery County,US.PA.MG,7582,725,
Clark County,US.NV.CL,7483,359,
Orange County,US.CA.OR,7440,177,
Orleans Parish,US.LA.OR,7230,512,
Palm Beach County,US.FL.PL,7230,372,
Mercer County,US.NJ.ME,7166,501,
Macomb County,US.MI.MB,6997,870,
Camden County,US.NJ.CM,6799,369,
Kane County,US.IL.KE,6787,210,
Baltimore County,US.MD.BC,6753,386,
Delaware County,US.PA.DE,6688,597,
Morris County,US.NJ.MR,6556,625,
Franklin County,US.OH.FR,6512,299,
Erie County,US.NY.ER,6486,529,
Hampden County,US.MA.HD,6353,620,
Baltimore City,US.MD.BA,6229,281,
Prince William County,US.VA.PW,6207,118,
San Bernardino County,US.CA.SA,6113,224,
Denver County,US.CO.DN,6106,339,
Salt Lake County,US.UT.SL,6086,81,
Tarrant County,US.TX.TN,6073,176,
Will County,US.IL.WL,5890,288,
Shelby County,US.TN.SY,5860,130,
Davidson County,US.TN.DA,5801,73,
Mecklenburg County,US.NC.MB,5509,109,
Bucks County,US.PA.BC,5261,529,
St. Louis County,US.MO.SL,5054,457,
Douglas County,US.NE.DG,5032,41,
Cuyahoga County,US.OH.CU,4858,268,
Fulton County,US.GA.FU,4845,252,
Burlington County,US.NJ.BU,4785,327,
Polk County,US.IA.PK,4720,143,
Somerset County,US.NJ.SO,4662,426,
Arapahoe County,US.CO.AA,4637,326,
Gwinnett County,US.GA.GW,4535,137,
Yakima County,US.WA.YA,4509,100,
Sussex County,US.DE.SU,4346,146,
Anne Arundel County,US.MD.AN,4236,185,
Berks County,US.PA.BK,4201,333,
Kent County,US.MI.KN,4190,101,
New Castle County,US.DE.NE,4070,176,
DeKalb County,US.GA.DA,4035,125,
Dutchess County,US.NY.DU,4000,144,
East Baton Rouge Parish,US.LA.EB,3949,252,
Lake County,US.IN.LK,3940,211,
Alameda County,US.CA.AA,3874,101,
Lehigh County,US.PA.LH,3858,248,
Travis County,US.TX.TV,3662,97,
Adams County,US.CO.AD,3575,136,
Ramsey County,US.MN.RA,3507,155,
Lancaster County,US.PA.LN,3461,318,
Minnehaha County,US.SD.MN,3407,50,
El Paso County,US.TX.EP,3376,90,
Bexar County,US.TX.BX,3290,78,
Cobb County,US.GA.CB,3262,193,
Monroe County,US.NY.MR,3190,218,
Northampton County,US.PA.NA,3151,232,
Pima County,US.AZ.PM,3098,205,
Loudoun County,US.VA.LD,3094,67,
Chester County,US.PA.CH,3053,297,
Jefferson County,US.KY.JF,3043,169,
Snohomish County,US.WA.SN,3033,152,
Santa Clara County,US.CA.SL,2942,144,
Woodbury County,US.IA.WO,2914,37,
Hamilton County,US.OH.HM,2860,171,
Luzerne County,US.PA.LU,2793,157,
Potter County,US.TX.PT,2756,32,
Hillsborough County,US.FL.HL,2748,90,
San Francisco County,US.CA.SF,2747,43,
Hillsborough County,US.NH.HI,2731,175,
Caddo Parish,US.LA.CO,2731,206,
Kern County,US.CA.KE,2720,45,
McKinley County,US.NM.MC,2694,130,
Marion County,US.OH.MR,2691,32,
Hall County,US.GA.HL,2617,50,
Weld County,US.CO.WE,2583,135,
Imperial County,US.CA.IM,2568,33,
Cumberland County,US.NJ.CU,2564,90,
Winnebago County,US.IL.WN,2545,69,
Genesee County,US.MI.GE,2544,280,
Mobile County,US.AL.MB,2433,124,
Onondaga County,US.NY.OG,2392,138,
Brown County,US.WI.BW,2377,38,
Jefferson County,US.CO.JE,2373,180,
Atlantic County,US.NJ.AT,2364,167,
Lucas County,US.OH.LU,2348,265,
San Mateo County,US.CA.SM,2330,88,
Gloucester County,US.NJ.GL,2328,152,
Orange County,US.FL.OR,2316,45,
Lee County,US.FL.LE,2289,117,
Wake County,US.NC.WK,2235,40,
Jackson County (including other portions of Kansas City),US.MO.JC,2229,49,
Arlington County,US.VA.AR,2225,121,
Navajo County,US.AZ.NA,2198,72,
Utah County,US.UT.UT,2183,17,
Yuma County,US.AZ.YU,2131,31,
Howard County,US.MD.HO,2125,67,
Fresno County,US.CA.FR,2122,43,
Fort Bend County,US.TX.FR,2117,47,
Tulare County,US.CA.TL,2116,92,
Frederick County,US.MD.FR,2114,111,
Durham County,US.NC.DH,2114,48,
Pickaway County,US.OH.PC,2106,38,
Henrico County,US.VA.HC,2096,134,
Alexandria City,US.VA.AX,2095,45,
Stearns County,US.MN.SR,2070,16,
Greenville County,US.SC.GV,2060,59,
Montgomery County,US.AL.MT,2054,48,
Collier County,US.FL.CL,2039,56,
Jefferson County,US.AL.JE,2039,106,
Pierce County,US.WA.PI,2034,85,
Allegheny County,US.PA.AL,2003,168,
San Juan County,US.NM.SJ,1966,132,
Albany County,US.NY.AB,1961,101,
City of St. Louis,US.MO.SY,1924,128,
Cass County,US.ND.CS,1911,60,
Racine County,US.WI.RA,1910,47,
Allen County,US.IN.AL,1883,74,
St. Tammany Parish,US.LA.ST,1846,165,
Walker County,US.TX.WK,1842,27,
El Paso County,US.CO.EL,1834,96,
Chesterfield County,US.VA.CD,1831,37,
Ford County,US.KS.FO,1823,10,
Dougherty County,US.GA.DH,1803,149,
Duval County,US.FL.DU,1792,54,
Black Hawk County,US.IA.BL,1791,50,
Santa Barbara County,US.CA.SB,1787,15,
Forsyth County,US.NC.FO,1774,17,
Richland County,US.SC.RI,1748,68,
Apache County,US.AZ.AP,1727,49,
McHenry County,US.IL.MY,1724,83,
Washoe County,US.NV.WA,1719,65,
Ulster County,US.NY.UL,1718,80,
Elkhart County,US.IN.EL,1717,29,
Dakota County,US.NE.DK,1704,26,
Contra Costa County,US.CA.CN,1668,39,
Richmond City,US.VA.RC,1621,26,
Guilford County,US.NC.GU,1614,78,
Bernalillo County,US.NM.BE,1592,75,
Cass County,US.IN.CS,1592,9,
Nobles County,US.MN.NB,1592,5,
Anoka County,US.MN.AN,1585,82,
Pinellas County,US.FL.PI,1584,95,
Lackawanna County,US.PA.LC,1583,187,
Summit County,US.OH.SU,1548,183,
Hall County,US.NE.HL,1543,44,
Washtenaw County,US.MI.WS,1530,100,
Finney County,US.KS.FI,1526,10,
Sacramento County,US.CA.SC,1519,59,
Mahoning County,US.OH.MH,1511,194,
Kent County,US.DE.KE,1511,76,
Wyandotte County,US.KS.WY,1508,75,
Dakota County,US.MN.DA,1504,65,
Kings County,US.CA.KI,1492,6,
Denton County,US.TX.DN,1486,33,
Dauphin County,US.PA.DA,1481,91,
Rutherford County,US.TN.RU,1479,29,
Ouachita Parish,US.LA.OU,1470,54,
Barnstable County,US.MA.BA,1456,123,
Collin County,US.TX.CI,1447,34,
Litchfield County,US.CT.LI,1419,134,
Sullivan County,US.NY.SL,1415,35,
St. Joseph County,US.IN.SN,1406,39,
Trousdale County,US.TN.TR,1394,4,
Rockingham County,US.NH.RO,1380,76,
Oklahoma County,US.OK.OL,1369,64,
Lancaster County,US.NE.LA,1349,10,
Monroe County,US.PA.MR,1338,102,
Clayton County,US.GA.CN,1333,51,
St. Clair County,US.IL.SI,1314,94,
Cumberland County,US.ME.CU,1307,56,
Wayne County,US.NC.WY,1306,20,
Multnomah County,US.OR.MU,1286,65,
Coconino County,US.AZ.CO,1282,85,
Putnam County,US.NY.PU,1277,62,
Kenosha County,US.WI.KN,1274,34,
Ventura County,US.CA.VE,1261,35,
Manassas City,US.VA.MS,1228,11,
Hendricks County,US.IN.HD,1218,79,
Hamilton County,US.IN.HM,1205,94,
Charles County,US.MD.CH,1202,80,
Warren County,US.NJ.WA,1189,132,
Manatee County,US.FL.MN,1189,105,
Tulsa County,US.OK.TU,1188,60,
Middlesex County,US.CT.MI,1185,159,
Polk County,US.FL.PO,1178,67,
San Joaquin County,US.CA.SJ,1161,37,
Oneida County,US.NY.OD,1143,67,
Sussex County,US.NJ.SU,1140,149,
Hinds County,US.MS.HI,1137,26,
Saginaw County,US.MI.SG,1134,113,
Johnson County,US.IN.JO,1133,114,
Buena Vista County,US.IA.BV,1128,2,
New London County,US.CT.NL,1119,95,
Pinal County,US.AZ.PN,1112,41,
Niagara County,US.NY.NI,1112,71,
Warren County,US.KY.WR,1112,6,
Pulaski County,US.AR.PU,1103,37,
Leavenworth County,US.KS.LV,1100,7,
York County,US.PA.YO,1082,29,
Montgomery County,US.TX.MG,1064,28,
Lebanon County,US.PA.LB,1062,37,
Kent County,US.RI.KE,1052,51,
Marion County,US.OR.MR,1050,27,
Hamilton County,US.TN.HL,1028,19,
Hunterdon County,US.NJ.HN,1023,64,
Washington County,US.AR.WA,1016,7,
Boulder County,US.CO.BO,1016,67,
Duplin County,US.NC.DP,1006,19,
Kankakee County,US.IL.KK,1001,54,
Butler County,US.OH.BU,999,32,
Brazoria County,US.TX.BI,990,9,
Lincoln County,US.AR.LC,985,11,
Linn County,US.IA.LI,983,80,
Accomack County,US.VA.AC,983,13,
Wicomico County,US.MD.WI,977,32,
Sumner County,US.TN.SN,975,46,
Galveston County,US.TX.GV,972,38,
Cherokee County,US.GA.CE,966,34,
Dallas County,US.IA.DL,959,26,
Harford County,US.MD.HA,957,53,
Rapides Parish,US.LA.RA,957,38,
Benton County,US.AR.BE,956,3,
Carroll County,US.MD.CR,952,101,
Texas County,US.OK.TE,947,6,
Tangipahoa Parish,US.LA.TA,944,39,
Johnson County,US.KS.JO,940,68,
Benton County,US.WA.BE,930,66,
Kalamazoo County,US.MI.KA,929,61,
Marshall County,US.IA.MS,920,18,
Tuscaloosa County,US.AL.TU,915,18,
Martin County,US.FL.MT,907,13,
Hampshire County,US.MA.HS,905,98,
Lafourche Parish,US.LA.LO,902,75,
Stanislaus County,US.CA.ST,901,33,
Columbiana County,US.OH.CL,896,53,
Cameron County,US.TX.CA,892,39,
Ottawa County,US.MI.OT,892,47,
Seward County,US.KS.SW,891,2,
Escambia County,US.FL.ES,888,36,
Ascension Parish,US.LA.AE,882,58,
Lafayette Parish,US.LA.LY,880,29,
St. John the Baptist Parish,US.LA.SO,877,83,
Tolland County,US.CT.TO,863,60,
Robeson County,US.NC.RB,862,14,
Fayette County,US.KY.FA,854,14,
Moore County,US.TX.MO,852,14,
Kendall County,US.IL.KA,846,19,
Dawson County,US.NE.DN,843,8,
Dane County,US.WI.DA,843,29,
Ada County,US.ID.AA,838,22,
St. Charles County,US.MO.SA,837,59,
Lexington County,US.SC.LX,836,37,
Harrisonburg City,US.VA.HS,832,22,
Volusia County,US.FL.VO,819,44,
Stark County,US.OH.ST,817,102,
Waukesha County,US.WI.WK,808,33,
Ingham County,US.MI.IH,806,27,
Stafford County,US.VA.SF,803,5,
Virginia Beach City,US.VA.VI,801,25,
Washington County,US.OR.WI,798,18,
Berrien County,US.MI.BN,797,54,
Madison County,US.MS.MD,796,29,
Muscogee County,US.GA.MG,796,21,
Franklin County,US.PA.FR,795,39,
Randolph County,US.NC.RA,792,15,
Montgomery County,US.OH.MT,791,17,
Spartanburg County,US.SC.SP,782,30,
Lauderdale County,US.MS.LU,779,70,
Charleston County,US.SC.CS,776,14,
Cumberland County,US.NC.CU,775,26,
Sarpy County,US.NE.SY,773,4,
Culpeper County,US.VA.CP,764,8,
Henry County,US.GA.HY,761,22,
Rowan County,US.NC.RW,761,35,
Douglas County,US.CO.DU,756,47,
Neshoba County,US.MS.NS,755,45,
St. Francis County,US.AR.SI,753,1,
Monterey County,US.CA.MT,751,10,
Buchanan County,US.MO.BC,748,2,
Lorain County,US.OH.LR,747,61,
Osceola County,US.FL.OS,745,21,
Terrebonne Parish,US.LA.TR,744,55,
Lubbock County,US.TX.LU,741,50,
Marshall County,US.AL.MS,739,9,
Cache County,US.UT.CA,731,1,
Jones County,US.MS.JO,729,34,
Randall County,US.TX.RA,728,6,
Spokane County,US.WA.SP,727,35,
Chatham County,US.NC.CH,723,29,
Franklin County,US.WA.FR,722,21,
Washington County,US.MN.WH,721,36,
Florence County,US.SC.FL,717,40,
Rock Island County,US.IL.RO,715,25,
Olmsted County,US.MN.OL,711,12,
Schenectady County,US.NY.SN,711,31,
Muskegon County,US.MI.MG,706,39,
Hidalgo County,US.TX.HG,701,12,
Spotsylvania County,US.VA.SP,695,7,
Lake County,US.TN.LK,688,0,
Rock County,US.WI.RO,685,21,
Champaign County,US.IL.CM,685,8,
Williamson County,US.TX.WM,684,28,
Sarasota County,US.FL.SR,680,85,
Salem County,US.NJ.SA,675,53,
Scott County,US.MS.SC,671,12,
Kenton County,US.KY.KE,671,34,
Cumberland County,US.PA.CU,669,57,
Schuylkill County,US.PA.SC,656,39,
Sedgwick County,US.KS.SG,654,21,
St. Charles Parish,US.LA.SC,649,45,
Cape May County,US.NJ.CP,646,51,
Morgan County,US.CO.MN,644,45,
Wapello County,US.IA.WP,643,16,
Sonoma County,US.CA.SO,642,4,
Madison County,US.IL.MD,639,65,
Calcasieu Parish,US.LA.CC,637,51,
Colfax County,US.NE.CO,636,4,
Logan County,US.CO.LO,631,5,
Richmond County,US.GA.RI,628,30,
Jefferson County,US.TX.JE,627,30,
St. Lucie County,US.FL.SL,627,31,
Johnson County,US.IA.JH,626,8,
Platte County,US.NE.PL,624,1,
Williamson County,US.TN.WL,621,11,
Johnston County,US.NC.JH,620,19,
Broome County,US.NY.BO,620,53,
Larimer County,US.CO.LR,619,27,
Horry County,US.SC.HO,618,31,
Franklin County,US.AL.FR,617,9,
Trumbull County,US.OH.TR,612,53,
DeSoto County,US.MS.DE,611,11,
Bledsoe County,US.TN.BE,611,1,
Forrest County,US.MS.FO,610,39,
Eagle County,US.CO.EA,608,8,
Brazos County,US.TX.BZ,605,22,
Jones County,US.TX.JN,604,0,
Beaver County,US.PA.BA,603,74,
Madison County,US.IN.MD,603,61,
Santa Cruz County,US.AZ.SA,599,3,
Sandoval County,US.NM.SD,597,27,
Sampson County,US.NC.SP,597,4,
Iberville Parish,US.LA.IV,596,42,
Webb County,US.TX.WB,594,19,
Douglas County,US.GA.DL,594,25,
Chesapeake City,US.VA.CS,592,15,
Marin County,US.CA.MN,589,17,
Cabarrus County,US.NC.CR,588,23,
Carroll County,US.GA.CL,584,28,
Lee County,US.AL.LE,584,34,
Rice County,US.MN.RI,576,3,
Union County,US.NC.UN,575,20,
Berkshire County,US.MA.BE,574,40,
Rockingham County,US.VA.RG,572,6,
Porter County,US.IN.PR,571,33,
Crawford County,US.IA.CW,571,2,
Dona Ana County,US.NM.DO,570,3,
Colquitt County,US.GA.CQ,569,15,
Dodge County,US.NE.DE,567,1,
Solano County,US.CA.SN,566,23,
Muscatine County,US.IA.MU,566,41,
Clark County,US.WA.CR,562,26,
Norfolk City,US.VA.NF,562,7,
Habersham County,US.GA.HB,559,25,
Hendry County,US.FL.HR,558,18,
Monroe County,US.MI.MO,557,21,
Robertson County,US.TN.RB,553,6,
St. Mary's County,US.MD.SA,553,34,
St. Bernard Parish,US.LA.SE,552,23,
Putnam County,US.TN.PU,552,6,
Shelby County,US.AL.SH,549,19,
Forsyth County,US.GA.FO,549,12,
Chatham County,US.GA.CM,548,27,
Jefferson County,US.AR.JE,548,26,
Burke County,US.NC.BK,547,16,
Clark County,US.IN.CK,547,42,
Washington County,US.MD.WA,545,16,
Davis County,US.UT.DA,541,2,
Titus County,US.TX.TU,541,2,
Bartholomew County,US.IN.BA,534,40,
Seminole County,US.FL.SE,532,12,
Lee County,US.NC.LE,530,4,
Bartow County,US.GA.BT,522,39,
Kandiyohi County,US.MN.KD,521,1,
Cleveland County,US.OK.CV,520,37,
Chittenden County,US.VT.CH,520,39,
Saline County,US.NE.SL,517,2,
Boone County,US.KY.BO,516,18,
Blaine County,US.ID.BL,514,5,
Livingston County,US.MI.LI,511,28,
St. Clair County,US.MI.SA,511,44,
Davidson County,US.NC.DD,511,12,
Wilkes County,US.NC.WE,509,6,
Bibb County,US.GA.BI,508,30,
Boone County,US.IL.BO,504,18,
Mower County,US.MN.MW,504,2,
Saratoga County,US.NY.SR,502,15,
Acadia Parish,US.LA.AD,502,28,
Rensselaer County,US.NY.RE,502,26,
Granville County,US.NC.GN,501,13,
Mohave County,US.AZ.MO,500,58,
Washington County,US.RI.WA,499,40,
Whitfield County,US.GA.WF,499,7,
Sumter County,US.GA.SU,495,45,
Charlotte County,US.FL.CH,493,72,
Scott County,US.MN.SC,486,2,
Jackson County,US.MI.JA,483,30,
Washington County,US.UT.WN,483,1,
Pike County,US.PA.PI,482,20,
Muhlenberg County,US.KY.MU,481,8,
Rankin County,US.MS.RA,480,9,
Tipton County,US.TN.TI,479,3,
Buckingham County,US.VA.BK,477,3,
Shenandoah County,US.VA.SN,476,22,
Wilson County,US.TN.WO,475,9,
Knox County,US.TN.KN,469,5,
Coweta County,US.GA.CA,467,9,
York County,US.SC.YO,465,10,
Washington Parish,US.LA.WO,465,42,
Alamance County,US.NC.AA,465,23,
Livingston Parish,US.LA.LV,464,31,
Bossier Parish,US.LA.BO,463,26,
Crittenden County,US.AR.CD,463,9,
Clay County,US.MN.CA,462,30,
Calhoun County,US.MI.CU,462,26,
Sumter County,US.SC.SU,462,19,
Leake County,US.MS.LK,462,12,
Westmoreland County,US.PA.WE,459,38,
LaPorte County,US.IN.LA,457,24,
Brevard County,US.FL.BE,457,13,
Lowndes County,US.GA.LW,456,4,
DeKalb County,US.IL.DK,456,9,
Holmes County,US.MS.HO,454,31,
Tippecanoe County,US.IN.TP,453,5,
Walker County,US.AL.WK,452,3,
Belmont County,US.OH.BE,451,15,
Skagit County,US.WA.SG,449,15,
Butler County,US.AL.BT,449,22,
Bell County,US.TX.BL,446,5,
Twin Falls County,US.ID.TW,445,23,
Howard County,US.IN.HO,444,37,
Wilson County,US.NC.WO,443,12,
Leon County,US.FL.LO,442,7,
Tallapoosa County,US.AL.TP,442,66,
Honolulu County,US.HI.HO,441,11,
Troup County,US.GA.TP,440,11,
Lyon County,US.KS.LY,438,6,
Walworth County,US.WI.WL,435,17,
Beaufort County,US.SC.BA,430,14,
York County,US.ME.YO,427,11,
Summit County,US.UT.SU,426,0,
Pasco County,US.FL.PS,424,15,
Iberia Parish,US.LA.II,424,41,
Windham County,US.CT.WI,420,14,
Warren County,US.OH.WR,419,20,
Mitchell County,US.GA.MT,418,34,
Tama County,US.IA.TM,415,29,
Columbia County,US.NY.CU,414,42,
Elmore County,US.AL.EL,411,9,
Whatcom County,US.WA.WA,410,37,
Cecil County,US.MD.CE,404,24,
Jackson County,US.IN.JC,403,2,
Houston County,US.GA.HO,402,19,
Dodge County,US.WI.DD,400,4,
Clay County,US.FL.CY,400,32,
Alachua County,US.FL.AL,399,8,
Delaware County,US.IN.DL,399,41,
Shelby County,US.IN.SH,398,22,
Orange County,US.NC.OR,398,40,
Buncombe County,US.NC.BO,396,29,
Pitt County,US.NC.PI,394,2,
Newton County,US.GA.NE,394,10,
Frederick County,US.VA.FK,393,4,
Baldwin County,US.GA.BD,388,27,
Medina County,US.OH.MD,387,25,
Scott County,US.IA.SC,386,10,
Franklin Parish,US.LA.FR,386,12,
Winnebago County,US.WI.WA,385,7,
Hays County,US.TX.HY,385,5,
Beadle County,US.SD.BA,382,5,
Kershaw County,US.SC.KE,379,14,
Morgan County,US.AL.MG,378,1,
Tuscarawas County,US.OH.TU,378,5,
Chambers County,US.AL.CM,378,26,
Madison County,US.AL.MD,376,5,
Grayson County,US.TX.GO,375,2,
Miami County,US.OH.MM,374,30,
Weber County,US.UT.WB,374,8,
Henderson County,US.NC.HN,372,47,
Shawnee County,US.KS.SN,372,7,
Merrimack County,US.NH.ME,372,18,
Ashtabula County,US.OH.AB,372,38,
Bay County,US.MI.BY,372,27,
Columbus County,US.NC.CM,368,27,
Delaware County,US.OH.DL,368,14,
Androscoggin County,US.ME.AN,367,3,
Erie County,US.PA.ER,367,5,
Lee County,US.GA.LE,367,22,
Jefferson County,US.MO.JE,367,17,
Vance County,US.NC.VA,366,26,
Clackamas County,US.OR.CC,364,12,
Gaston County,US.NC.GS,364,8,
Ellis County,US.TX.EI,364,16,
Columbia County,US.PA.CO,364,31,
Sangamon County,US.IL.SM,363,31,
Hancock County,US.IN.HC,362,27,
Dubuque County,US.IA.DU,362,21,
Calvert County,US.MD.CL,358,21,
Wright County,US.MN.WR,358,2,
Clark County,US.OH.CK,355,8,
Thomas County,US.GA.TH,354,32,
Paulding County,US.GA.PA,353,12,
Manassas Park city,US.VA.MP,351,5,
Louisa County,US.IA.LO,350,11,
Todd County,US.MN.TO,350,2,
Union Parish,US.LA.UN,348,20,
Barrow County,US.GA.BW,347,20,
Fauquier County,US.VA.FQ,345,6,
Berkeley County,US.WV.BE,343,8,
Copiah County,US.MS.CP,341,4,
Washington County,US.OK.WN,340,37,
Daviess County,US.KY.DA,340,7,
Canyon County,US.ID.CN,340,6,
Hanover County,US.VA.HV,340,24,
St. Mary Parish,US.LA.SM,339,32,
Pottawattamie County,US.IA.PT,339,10,
Sevier County,US.AR.SV,339,2,
Portage County,US.OH.PO,339,57,
Franklin County,US.MA.FR,338,48,
Grand Forks County,US.ND.GD,337,4,
Bowie County,US.TX.BW,336,6,
Portsmouth City,US.VA.PR,335,11,
Merced County,US.CA.MD,334,7,
Harnett County,US.NC.HT,333,28,
San Juan County,US.UT.SJ,333,5,
Iredell County,US.NC.IR,332,5,
Boone County,US.IN.BO,331,36,
Lake County,US.OH.LK,331,12,
Lake County,US.FL.LK,329,15,
Darlington County,US.SC.DA,328,12,
Yavapai County,US.AZ.YA,327,6,
Madison County,US.NY.MA,327,9,
Fairfield County,US.OH.FI,326,9,
Wasatch County,US.UT.WA,326,2,
Floyd County,US.IN.FL,326,41,
Bedford County,US.TN.BD,325,4,
Floyd County,US.GA.FL,324,15,
Madison County,US.NE.MA,324,4,
Clarke County,US.GA.CK,323,15,
Suffolk City,US.VA.SO,323,33,
Jackson County,US.MS.JC,321,15,
Dallas County,US.AL.DL,320,3,
Pueblo County,US.CO.PU,320,18,
Tift County,US.GA.TI,318,19,
Attala County,US.MS.AT,315,20,
Wayne County,US.MS.WY,315,3,
Peoria County,US.IL.PI,314,11,
Newport News City,US.VA.NN,314,10,
Rockdale County,US.GA.RO,313,8,
Baldwin County,US.AL.BD,313,9,
Sioux County,US.IA.SI,311,0,
Comanche County,US.OK.CM,310,3,
Geauga County,US.OH.GE,309,34,
St. Landry Parish,US.LA.SL,309,54,
Jackson County,US.FL.JA,308,1,
Wood County,US.OH.WO,307,49,
Clarendon County,US.SC.CN,306,40,
Pennington County,US.SD.PN,305,5,
St. James Parish,US.LA.SJ,304,27,
Nacogdoches County,US.TX.NC,304,21,
Craighead County,US.AR.CG,302,1,
Walton County,US.GA.WA,301,15,
Yazoo County,US.MS.YZ,301,5,
Jackson County,US.IL.JC,301,11,
Vanderburgh County,US.IN.VA,301,4,
Coffee County,US.GA.CF,300,14,
Wayne County,US.OH.WE,298,51,
Brown County,US.SD.BW,298,1,
Newton County,US.MS.NW,298,4,
Oktibbeha County,US.MS.OK,297,16,
Noble County,US.IN.NO,296,22,
Spalding County,US.GA.SD,295,21,
Fremont County,US.WY.FR,295,8,
Gadsden County,US.FL.GA,294,4,
Montgomery County,US.TN.MT,294,3,
Catawba County,US.NC.CB,293,8,
San Luis Obispo County,US.CA.SS,291,1,
Upson County,US.GA.UP,290,35,
Morgan County,US.IN.MG,290,28,
Lincoln County,US.MS.LI,289,32,
Coryell County,US.TX.CL,289,2,
Richmond County,US.VA.RI,289,4,
Nueces County,US.TX.NU,289,3,
Leflore County,US.MS.LL,288,40,
St. Martin Parish,US.LA.SR,286,24,
Placer County,US.CA.PA,284,9,
Lowndes County,US.AL.LO,283,12,
Harrison County,US.MS.HR,281,7,
Anderson County,US.SC.AN,279,9,
St. Johns County,US.FL.SJ,279,6,
Marion County,US.FL.MI,279,8,
Hoke County,US.NC.HO,278,1,
Monroe County,US.MS.MR,277,25,
Licking County,US.OH.LI,277,10,
Strafford County,US.NH.ST,277,13,
Washington County,US.WI.WN,277,9,
Adams County,US.NE.AD,275,11,
Columbia County,US.GA.CI,274,8,
Randolph County,US.IL.RA,274,4,
Surry County,US.NC.SU,274,2,
Adams County,US.PA.AD,273,8,
Berkeley County,US.SC.BK,273,17,
Etowah County,US.AL.ET,273,12,
Caroline County,US.MD.CO,272,1,
Municipality of Anchorage,US.AK.AN,272,4,
Jasper County,US.IA.JS,272,17,
Lowndes County,US.MS.LO,270,9,
Outagamie County,US.WI.OU,270,8,
Saline County,US.MO.SI,269,2,
DeKalb County,US.AL.DA,269,3,
Kaufman County,US.TX.KU,269,2,
DeSoto County,US.FL.DE,268,7,
Allegan County,US.MI.AL,266,6,
Autauga County,US.AL.AU,265,5,
De Soto Parish,US.LA.DE,262,17,
Okaloosa County,US.FL.OA,262,6,
Hamilton County,US.FL.HM,262,0,
Chelan County,US.WA.CH,262,6,
Shiawassee County,US.MI.SH,261,27,
Sumter County,US.FL.SM,261,17,
New Hanover County,US.NC.NE,259,5,
Lamar County,US.MS.LM,259,5,
Santa Rosa County,US.FL.SA,258,9,
Warren County,US.NY.WR,257,30,
Assumption Parish,US.LA.AS,257,13,
Moore County,US.NC.ME,257,10,
Gregg County,US.TX.GE,257,10,
Williamsburg County,US.SC.WI,256,14,
Harrison County,US.TX.HR,256,27,
Orangeburg County,US.SC.OR,255,4,
Broomfield County and City,US.CO.BR,255,27,
Bastrop County,US.TX.BP,255,3,
Orleans County,US.NY.OL,255,42,
Sherburne County,US.MN.SH,254,2,
Lincoln County,US.SD.LI,254,0,
Montgomery County,US.IN.MM,252,18,
Steuben County,US.NY.ST,251,29,
Albemarle County,US.VA.AB,251,8,
Northampton County,US.VA.NA,251,25,
Ware County,US.GA.WE,250,14,
Carver County,US.MN.CV,250,1,
Carbon County,US.PA.CB,249,24,
Clinton County,US.IN.CI,249,1,
Early County,US.GA.EA,249,31,
Butler County,US.PA.BT,247,12,
Summit County,US.CO.SU,247,2,
Chesterfield County,US.SC.CF,247,5,
Coffee County,US.AL.CF,246,1,
Taylor County,US.TX.TA,246,5,
Greene County,US.NY.GR,246,13,
Sumter County,US.AL.SU,245,8,
Houston County,US.AL.HO,245,5,
Fayette County,US.GA.FY,245,14,
Eaton County,US.MI.EA,244,7,
Newport County,US.RI.NE,244,1,
Pike County,US.AL.PK,243,1,
Wright County,US.IA.WG,243,0,
Butts County,US.GA.BU,242,24,
Grimes County,US.TX.GM,241,1,
Washington County,US.NY.WS,240,14,
White County,US.IN.WH,240,9,
Greensville County,US.VA.GS,239,7,
Crisp County,US.GA.CP,238,8,
Worth County,US.GA.WO,238,21,
Butler County,US.KY.BR,237,13,
Angelina County,US.TX.AG,237,5,
Kanawha County,US.WV.KA,237,19,
Page County,US.VA.PA,237,24,
Huntingdon County,US.PA.HU,236,4,
Nash County,US.NC.NA,236,4,
Lenoir County,US.NC.LN,235,7,
Yell County,US.AR.YE,235,2,
Grant County,US.IN.GA,235,23,
Worcester County,US.MD.WO,235,15,
Mercer County,US.OH.MC,233,8,
Fond du Lac County,US.WI.FN,233,6,
Clay County,US.MO.CY,233,3,
Craven County,US.NC.CN,232,5,
Winchester city,US.VA.WH,232,2,
Bullock County,US.AL.BL,232,7,
Santa Cruz County,US.CA.SZ,231,2,
Decatur County,US.IN.DC,231,32,
Richland County,US.OH.RI,231,4,
Lee County,US.SC.LE,229,17,
Jackson County,US.GA.JC,229,7,
Edgecombe County,US.NC.ED,228,9,
Dubois County,US.IN.DU,228,4,
Clermont County,US.OH.CE,227,6,
Kosciusko County,US.IN.KO,227,2,
McLean County,US.IL.ML,226,13,
Fulton County,US.NY.FU,224,24,
Lee County,US.MS.LE,224,8,
Hopkins County,US.KY.HO,224,31,
Bristol County,US.RI.BR,224,3,
Yolo County,US.CA.YO,223,24,
Smith County,US.TX.SM,223,4,
Lapeer County,US.MI.LP,223,31,
Mecklenburg County,US.VA.ME,222,23,
West Feliciana Parish,US.LA.WF,222,13,
Allen County,US.OH.AN,222,33,
Ogle County,US.IL.OG,221,3,
Ontario County,US.NY.OR,221,23,
Warren County,US.VA.WR,220,4,
Rhea County,US.TN.RH,218,0,
Plaquemines Parish,US.LA.PL,218,17,
Liberty County,US.FL.LI,218,1,
Terrell County,US.GA.TL,217,26,
Medina County,US.TX.ME,216,2,
Shelby County,US.KY.SH,216,5,
Grant County,US.WA.GN,216,4,
Stephenson County,US.IL.SN,216,5,
Yadkin County,US.NC.YD,216,3,
Pearl River County,US.MS.PL,215,31,
Hampton city,US.VA.HM,215,4,
Marshall County,US.IN.MS,214,2,
Pointe Coupee Parish,US.LA.PO,213,25,
Shelby County,US.TX.SY,213,8,
James City County,US.VA.JA,211,15,
Hardeman County,US.TN.HA,211,0,
Northumberland County,US.PA.NU,209,3,
Colbert County,US.AL.CL,209,4,
St. Lawrence County,US.NY.SI,209,2,
Madison Parish,US.LA.MA,209,2,
Decatur County,US.GA.DC,209,6,
Aiken County,US.SC.AI,208,8,
Genesee County,US.NY.GE,208,5,
Washington County,US.TX.WH,207,25,
Pike County,US.MS.PI,207,11,
Dorchester County,US.SC.DO,206,3,
Warren County,US.MS.WR,206,11,
Marlboro County,US.SC.ML,206,3,
Fairfield County,US.SC.FA,206,17,
Pope County,US.AR.PP,204,2,
Jefferson County,US.WV.JE,204,4,
Adams County,US.MS.AD,204,16,
Gordon County,US.GA.GO,203,16,
Hale County,US.AL.HA,202,11,
Tuscola County,US.MI.TU,202,25,
Macon County,US.IL.MC,202,21,
Washington County,US.MS.WS,202,8,
Lancaster County,US.SC.LN,201,6,
Halifax County,US.NC.HL,201,1,
Caldwell County,US.NC.CL,201,3,
East Feliciana Parish,US.LA.EF,201,30,
Washington County,US.IA.WS,200,8,
Noxubee County,US.MS.NO,200,6,
Bradley County,US.TN.BR,199,2,
Hancock County,US.GA.HC,199,26,
Russell County,US.AL.RU,198,0,
Rutherford County,US.NC.RU,197,5,
Roanoke city,US.VA.RO,197,9,
Pickens County,US.SC.PI,197,4,
Campbell County,US.KY.CM,196,12,
Walker County,US.GA.WK,196,0,
Harrison County,US.IN.HI,195,22,
Flagler County,US.FL.FL,195,4,
East Carroll Parish,US.LA.EC,195,0,
Jerome County,US.ID.JR,194,2,
Vigo County,US.IN.VI,194,8,
Cullman County,US.AL.CU,193,1,
Barbour County,US.AL.BR,193,1,
Darke County,US.OH.DA,193,23,
Clinton County,US.IL.CN,193,17,
Fredericksburg City,US.VA.FB,192,0,
Lenawee County,US.MI.LN,191,5,
Johnson County,US.TX.JH,190,4,
Dooly County,US.GA.DO,189,12,
Boone County,US.MO.BO,189,1,
Erie County,US.OH.ER,189,16,
Dillon County,US.SC.DI,188,3,
Montrose County,US.CO.MO,188,12,
Henry County,US.IN.HY,188,12,
Benton County,US.MN.BN,188,3,
Covington County,US.MS.CV,188,2,
Union County,US.AR.UN,188,11,
Laramie County,US.WY.LA,188,2,
Panola County,US.TX.PN,187,23,
Ector County,US.TX.EC,187,5,
Appling County,US.GA.AP,187,13,
Kent County,US.MD.KE,187,19,
Allen Parish,US.LA.AL,186,10,
Winn Parish,US.LA.WI,186,2,
Franklin County,US.NC.FR,185,21,
West Baton Rouge Parish,US.LA.WB,185,30,
Lauderdale County,US.AL.LU,184,2,
Richmond County,US.NC.RI,184,3,
Marengo County,US.AL.ME,184,6,
Allegany County,US.MD.AL,184,16,
Ozaukee County,US.WI.OZ,183,13,
Rockwall County,US.TX.RC,183,14,
Randolph County,US.GA.RN,183,19,
Webster Parish,US.LA.WR,182,8,
Clinton County,US.MI.CN,182,11,
La Paz County,US.AZ.LA,181,0,
Island County,US.WA.IS,181,11,
Hillsdale County,US.MI.HI,179,24,
Gunnison County,US.CO.GU,179,6,
Jasper County,US.MS.JS,179,4,
Douglas County,US.WA.DO,178,3,
Madison County,US.TN.MD,178,2,
Macon County,US.TN.MC,178,3,
Natchitoches Parish,US.LA.NA,177,13,
Freeborn County,US.MN.FR,177,0,
Van Buren County,US.MI.VA,176,7,
Calhoun County,US.AL.CN,176,3,
Deaf Smith County,US.TX.DI,176,13,
Sussex County,US.VA.SS,175,2,
Greene County,US.IN.GE,175,27,
Dearborn County,US.IN.DR,175,22,
Suwannee County,US.FL.SW,175,18,
Bolivar County,US.MS.BO,174,11,
Warren County,US.IA.WR,174,1,
Monroe County,US.IN.MR,174,15,
Ionia County,US.MI.II,174,4,
Buffalo County,US.NE.BF,173,1,
Putnam County,US.FL.PU,173,6,
Lincoln Parish,US.LA.LN,173,17,
Chattahoochee County,US.GA.CH,173,0,
Greenwood County,US.SC.GW,172,3,
Steele County,US.MN.SE,172,0,
Columbia County,US.FL.CU,171,2,
Lawrence County,US.IN.LW,171,24,
Tompkins County,US.NY.TO,171,0,
Caddo County,US.OK.CD,170,10,
Union County,US.IL.UN,170,14,
Queen Anne's County,US.MD.QU,170,12,
Victoria County,US.TX.VI,170,7,
Wilcox County,US.AL.WC,169,7,
Logan County,US.KY.LO,168,5,
Loudon County,US.TN.LO,167,0,
Warrick County,US.IN.WI,167,29,
Lycoming County,US.PA.LY,167,17,
Madison County,US.OH.MO,166,7,
Greene County,US.MO.GE,166,8,
Thurston County,US.WA.TH,166,2,
Cibola County,US.NM.CI,166,6,
Graves County,US.KY.GV,166,20,
Kitsap County,US.WA.KS,165,2,
Smith County,US.MS.SM,165,11,
Gallatin County,US.MT.GL,164,1,
LaSalle County,US.IL.LA,164,16,
Indian River County,US.FL.IN,164,11,
Madera County,US.CA.ME,163,3,
Petersburg city,US.VA.PB,163,3,
Bladen County,US.NC.BL,162,2,
Garfield County,US.CO.GA,162,2,
Avoyelles Parish,US.LA.AV,161,9,
Gilmer County,US.GA.GI,160,1,
Catoosa County,US.GA.CS,160,0,
Montgomery County,US.NC.MO,160,4,
Henry County,US.VA.HY,159,3,
Clarke County,US.MS.CE,159,19,
LaGrange County,US.IN.LG,159,2,
Kemper County,US.MS.KE,159,11,
Wagoner County,US.OK.WG,156,17,
Centre County,US.PA.CT,156,6,
Plymouth County,US.IA.PM,156,2,
Whiteside County,US.IL.WD,156,13,
Northampton County,US.NC.NO,156,14,
Clarke County,US.AL.CK,156,2,
Lafayette County,US.MS.LY,156,4,
Dorchester County,US.MD.DO,155,4,
Santa Fe County,US.NM.ST,155,3,
Glynn County,US.GA.GY,155,2,
Midland County,US.TX.ID,155,13,
Choctaw County,US.AL.CC,155,10,
Lamar County,US.TX.LR,154,11,
Bienville Parish,US.LA.BI,153,23,
Blue Earth County,US.MN.BE,152,0,
Saluda County,US.SC.SA,152,1,
St. Joseph County,US.MI.SJ,152,3,
Southampton County,US.VA.SA,152,2,
Ohio County,US.KY.OH,151,0,
Fayette County,US.TN.FA,151,2,
Gonzales County,US.TX.GA,151,3,
Miami County,US.IN.MI,150,1,
Franklin County,US.MO.FR,150,17,
McMinn County,US.TN.MM,150,14,
Branch County,US.MI.BC,149,2,
Susquehanna County,US.PA.SS,148,16,
Prince Edward County,US.VA.PD,148,2,
Chickasaw County,US.MS.CS,147,14,
Washington County,US.PA.WS,147,6,
Houston County,US.TX.HS,147,0,
Echols County,US.GA.EC,147,0,
Guadalupe County,US.TX.GU,147,0,
Highlands County,US.FL.HG,146,9,
Prince George County,US.VA.PG,146,0,
Story County,US.IA.ST,146,1,
Hardee County,US.FL.HD,145,0,
Tooele County,US.UT.TE,145,0,
Bacon County,US.GA.BC,144,3,
Richland Parish,US.LA.RI,144,3,
Stephens County,US.GA.SE,144,3,
Scotts Bluff County,US.NE.SC,143,0,
Cheatham County,US.TN.CA,143,0,
Putnam County,US.IN.PT,143,7,
Galax city,US.VA.GA,143,1,
Brunswick County,US.NC.BS,142,3,
Burleigh County,US.ND.BL,142,0,
Isle of Wight County,US.VA.IS,142,3,
Canadian County,US.OK.CN,142,3,
Colleton County,US.SC.CT,142,14,
Hardin County,US.TX.HN,142,5,
Napa County,US.CA.NA,141,3,
Polk County,US.GA.PO,141,1,
Cochise County,US.AZ.CH,141,4,
St. Clair County,US.AL.SA,140,2,
Monongalia County,US.WV.MG,140,5,
Garland County,US.AR.GL,140,1,
Turner County,US.GA.TR,140,13,
Coles County,US.IL.CE,139,17,
Calhoun County,US.GA.CU,138,5,
Okeechobee County,US.FL.OE,138,0,
Jackson County,US.WV.JA,138,18,
Chemung County,US.NY.CM,137,3,
Martin County,US.MN.MT,137,5,
Umatilla County,US.OR.UM,136,3,
Hertford County,US.NC.HD,135,3,
Iroquois County,US.IL.IR,135,5,
Grayson County,US.KY.GY,135,10,
Saline County,US.AR.SL,135,1,
Deschutes County,US.OR.DE,134,0,
Chenango County,US.NY.CH,134,5,
Onslow County,US.NC.ON,134,2,
Tioga County,US.NY.TI,134,18,
Coahoma County,US.MS.CH,134,4,
Bertie County,US.NC.BT,134,4,
Morehouse Parish,US.LA.MO,133,5,
Lyon County,US.MN.LY,133,2,
Maverick County,US.TX.MV,133,2,
Talladega County,US.AL.TD,132,5,
Randolph County,US.AL.RA,132,8,
Orange County,US.IN.OR,132,23,
Clay County,US.MS.CY,132,4,
Franklin County,US.GA.FR,132,1,
Randolph County,US.WV.RN,132,0,
Jennings County,US.IN.JN,132,4,
Jackson Parish,US.LA.JA,131,15,
Dale County,US.AL.DE,131,0,
Charlottesville City,US.VA.CE,131,3,
Kennebec County,US.ME.KE,130,9,
Walton County,US.FL.WL,130,9,
Bay County,US.FL.BY,130,4,
McLennan County,US.TX.ML,129,4,
Citrus County,US.FL.CI,128,12,
Winston County,US.MS.WN,128,1,
Jefferson County,US.WI.JE,128,3,
Scott County,US.IN.SC,128,3,
Christian County,US.KY.CH,127,3,
Harris County,US.GA.HI,127,6,
Marion County,US.AL.MI,126,11,
Warren County,US.IL.WR,126,0,
Cumberland County,US.TN.CU,125,2,
Dickson County,US.TN.DI,125,0,
Carroll County,US.VA.CL,125,1,
Augusta County,US.VA.AU,125,2,
Iron County,US.UT.RN,125,1,
Hernando County,US.FL.HA,125,5,
Burke County,US.GA.BE,125,6,
Linn County,US.OR.LN,124,9,
Oconee County,US.GA.OC,124,9,
Wayne County,US.NY.WN,124,2,
Herkimer County,US.NY.HE,123,3,
Eau Claire County,US.WI.EA,123,0,
Limestone County,US.AL.LI,123,0,
Wayne County,US.PA.WN,123,8,
Monroe County,US.GA.MN,123,11,
Roanoke County,US.VA.RE,122,5,
Pickens County,US.AL.PC,122,6,
Catahoula Parish,US.LA.CT,121,3,
Macon County,US.NC.MN,121,1,
Livingston County,US.NY.LI,121,3,
Bullitt County,US.KY.BI,121,4,
Cleveland County,US.NC.CV,121,2,
Hunt County,US.TX.HT,121,5,
Scott County,US.MO.ST,121,9,
Claiborne County,US.MS.CB,120,6,
Allamakee County,US.IA.AL,120,4,
Maui County,US.HI.MA,120,6,
Otsego County,US.MI.OS,120,10,
Midland County,US.MI.MD,120,9,
Crawford County,US.OH.CF,120,4,
Newaygo County,US.MI.NE,120,0,
Grady County,US.GA.GD,119,4,
Carroll County,US.MS.CL,119,11,
Marion County,US.MS.MI,119,9,
Hardin County,US.KY.HN,119,2,
St. Louis County,US.MN.ST,119,14,
Henderson County,US.KY.HE,119,3,
Pierce County,US.GA.PR,118,4,
Franklin County,US.IN.FR,117,8,
Davie County,US.NC.DV,117,2,
Washington County,US.OH.WS,117,19,
Comal County,US.TX.OM,117,7,
Stanly County,US.NC.SN,117,4,
Orange County,US.VA.OR,117,2,
Wilcox County,US.GA.WC,116,13,
Walla Walla County,US.WA.WL,116,2,
Rockingham County,US.NC.RC,115,2,
Oswego County,US.NY.OS,115,2,
Maury County,US.TN.MU,115,1,
Grady County,US.OK.GD,115,3,
Sheboygan County,US.WI.SE,114,3,
Yalobusha County,US.MS.YL,114,7,
Grundy County,US.IL.GU,114,2,
Hopewell city,US.VA.HW,114,2,
Pasquotank County,US.NC.PU,114,13,
Faulkner County,US.AR.FA,113,3,
Dawson County,US.GA.DW,113,1,
Grenada County,US.MS.GN,113,4,
White County,US.GA.WH,113,3,
Cassia County,US.ID.CS,112,1,
McCracken County,US.KY.MK,112,2,
Monroe County,US.FL.MO,111,4,
Audrain County,US.MO.AU,111,1,
Greene County,US.OH.GR,111,5,
Mercer County,US.PA.ME,111,6,
Sevier County,US.TN.SV,110,2,
Iosco County,US.MI.IC,110,10,
Chilton County,US.AL.CI,110,2,
Laurens County,US.GA.LR,109,1,
McClain County,US.OK.ML,109,4,
Carson City,US.NV.CA,109,5,
Murray County,US.GA.MA,109,1,
Ottawa County,US.OH.OT,109,19,
Oldham County,US.KY.OL,109,5,
Lawrence County,US.MS.LW,108,1,
Meriwether County,US.GA.MW,108,2,
Pender County,US.NC.PD,108,1,
Morrow County,US.OH.MW,108,1,
Ripley County,US.IN.RI,108,6,
San Benito County,US.CA.SI,107,2,
Daviess County,US.IN.DI,107,16,
Talbot County,US.MD.TA,107,4,
Macon County,US.GA.MC,106,6,
Stoddard County,US.MO.SD,106,5,
El Dorado County,US.CA.EL,106,0,
Cass County,US.MI.CS,106,3,
Yellowstone County,US.MT.YS,106,3,
Pecos County,US.TX.PE,105,0,
St. Croix County,US.WI.SI,105,0,
Goochland County,US.VA.GO,105,6,
Simpson County,US.MS.SI,105,0,
Knox County,US.IL.KX,104,0,
Humboldt County,US.CA.HU,104,4,
Gray County,US.TX.GY,104,2,
Alpena County,US.MI.AP,103,9,
Chester County,US.SC.CR,103,1,
Wayne County,US.WV.WA,103,9,
Polk County,US.OR.PO,103,12,
Liberty County,US.TX.LT,103,3,
Delaware County,US.OK.DL,102,16,
Allen County,US.KY.AL,102,3,
Cass County,US.MO.CS,102,8,
Lumpkin County,US.GA.LP,102,1,
Jackson County,US.KS.JA,102,1,
Oceana County,US.MI.OA,101,2,
Osage County,US.OK.OS,101,8,
Chautauqua County,US.NY.CQ,101,3,
Monroe County,US.IL.MR,101,12,
Jefferson County,US.IL.JF,101,16,
Penobscot County,US.ME.PE,101,2,
Cayuga County,US.NY.CY,101,2,
Beauregard Parish,US.LA.BE,101,4,
Putnam County,US.GA.PT,100,9,
Teton County,US.WY.TE,100,1,
McDowell County,US.NC.MW,100,1,
Orange County,US.TX.OR,100,2,
Creek County,US.OK.CE,100,7,
Montgomery County,US.NY.MT,100,4,
Franklin County,US.VT.FR,100,5,
Union County,US.SD.UN,100,0,
Lincoln County,US.NC.LI,100,0,
Mahaska County,US.IA.MK,99,13,
Choctaw County,US.OK.CA,98,1,
Greene County,US.AL.GR,98,5,
Macon County,US.AL.MC,98,5,
Adair County,US.KY.AD,98,19,
Dinwiddie County,US.VA.DN,98,0,
Grant County,US.WI.GA,98,12,
Putnam County,US.OH.PU,97,14,
Juniata County,US.PA.JU,97,4,
Sunflower County,US.MS.SU,97,3,
Clinton County,US.NY.CL,97,4,
Colonial Heights city,US.VA.CH,97,17,
Scotland County,US.NC.SC,97,0,
Caswell County,US.NC.CS,96,1,
Panola County,US.MS.PA,96,3,
Concordia Parish,US.LA.CR,96,5,
Webster County,US.MS.WE,96,5,
Tate County,US.MS.TT,96,1,
Sandusky County,US.OH.SA,95,12,
Fayette County,US.PA.FA,95,4,
Greene County,US.NC.GE,95,2,
Carroll County,US.IN.CO,95,2,
Fluvanna County,US.VA.FV,94,6,
Blount County,US.TN.BO,94,3,
Alamosa County,US.CO.AL,94,2,
Adair County,US.OK.AD,94,4,
Lincoln County,US.OR.LC,94,0,
Cattaraugus County,US.NY.CG,94,5,
Saguache County,US.CO.SG,93,1,
Steuben County,US.IN.SE,93,2,
Isabella County,US.MI.IB,93,7,
Winston County,US.AL.WN,93,0,
Pine County,US.MN.PN,93,0,
Poweshiek County,US.IA.PW,92,8,
Indiana County,US.PA.IN,92,5,
Parker County,US.TX.PR,92,1,
Hancock County,US.MS.HN,92,12,
McDonough County,US.IL.MU,92,13,
Louisa County,US.VA.LI,92,1,
Camp County,US.TX.CP,92,0,
Pemiscot County,US.MO.PM,91,5,
Jefferson Davis Parish,US.LA.JD,91,7,
Montgomery County,US.VA.MO,91,1,
Marshall County,US.MS.MS,90,3,
Itawamba County,US.MS.IT,90,8,
Banks County,US.GA.BS,90,0,
Jackson County,US.AL.JA,90,3,
Wayne County,US.IN.WY,90,6,
Union County,US.MS.UN,90,7,
Ben Hill County,US.GA.BL,90,1,
Cottonwood County,US.MN.CT,90,0,
Parmer County,US.TX.PM,89,0,
Wyoming County,US.NY.WM,89,5,
Warren County,US.NC.WR,89,2,
Kittitas County,US.WA.KT,89,0,
Nicollet County,US.MN.NI,89,11,
Lawrence County,US.AR.LW,89,9,
Gratiot County,US.MI.GT,88,11,
Lee County,US.IL.LE,88,1,
Henry County,US.AL.HE,88,2,
Laurens County,US.SC.LU,88,4,
Emporia city,US.VA.EM,88,6,
Covington County,US.AL.CV,88,1,
Lynchburg city,US.VA.LY,88,1,
Barry County,US.MI.BR,87,2,
Lincoln County,US.MO.LO,87,1,
Wichita County,US.TX.WC,87,2,
Washington County,US.TN.WI,86,0,
Liberty County,US.GA.LB,86,1,
Escambia County,US.AL.ES,85,3,
Lawrence County,US.PA.LW,85,8,
Rogers County,US.OK.RS,85,5,
Sebastian County,US.AR.SB,85,1,
Georgetown County,US.SC.GR,85,3,
Anderson County,US.TX.AE,85,0,
Montgomery County,US.MS.MT,85,1,
Delaware County,US.NY.DE,85,3,
Cape Girardeau County,US.MO.CG,85,3,
Stokes County,US.NC.SO,85,0,
Yamhill County,US.OR.YA,85,7,
Wilkinson County,US.MS.WK,85,9,
Fairbanks North Star Borough,US.AK.FA,85,2,
Glades County,US.FL.GL,84,1,
Crenshaw County,US.AL.CA,84,3,
McCurtain County,US.OK.MU,84,1,
Jefferson Davis County,US.MS.JD,84,3,
Evangeline Parish,US.LA.EV,84,1,
Washington County,US.FL.WS,84,7,
West Carroll Parish,US.LA.WC,84,1,
Winona County,US.MN.WN,84,15,
Marion County,US.SC.MI,83,5,
Caroline County,US.VA.CI,83,3,
Watonwan County,US.MN.WT,83,0,
Sauk County,US.WI.SU,83,3,
Nez Perce County,US.ID.NE,83,19,
Wabash County,US.IN.WB,83,2,
Crow Wing County,US.MN.CW,82,5,
Natrona County,US.WY.NA,82,1,
Hamilton County,US.IA.HM,82,0,
Lyon County,US.NV.LY,82,1,
Bulloch County,US.GA.BH,82,2,
Nassau County,US.FL.NA,82,1,
Brooks County,US.GA.BO,82,8,
York County,US.VA.YO,82,3,
Windham County,US.VT.WH,82,3,
Kootenai County,US.ID.KO,82,0,
La Plata County,US.CO.LA,82,1,
Pettis County,US.MO.PS,81,1,
Coffee County,US.TN.CF,81,0,
Hawaii County,US.HI.HA,81,0,
Valencia County,US.NM.VA,81,2,
Tazewell County,US.IL.TA,81,6,
Cowlitz County,US.WA.CW,81,0,
Lafayette County,US.MO.LF,81,2,
Newton County,US.IN.NE,81,10,
Westmoreland County,US.VA.WM,81,1,
Lane County,US.OR.LE,80,3,
Elbert County,US.GA.EL,80,0,
Monroe County,US.OH.ME,80,15,
Webster County,US.IA.WE,80,1,
Calumet County,US.WI.CA,80,1,
Mississippi County,US.AR.MS,80,2,
Tippah County,US.MS.TP,80,11,
Fayette County,US.IN.FA,79,7,
Adams County,US.WA.AD,79,0,
Newberry County,US.SC.NE,79,1,
Washington County,US.AL.WS,79,6,
Greene County,US.GA.GE,79,7,
Red River County,US.TX.RV,79,8,
Kenai Peninsula Borough,US.AK.KN,79,2,
Peach County,US.GA.PH,78,5,
Humboldt County,US.NV.HU,78,4,
Auglaize County,US.OH.AU,78,3,
Tom Green County,US.TX.TG,78,1,
Bryan County,US.GA.BY,78,5,
Effingham County,US.GA.EF,78,1,
Johnson County,US.MO.JO,77,0,
Johnson County,US.GA.JH,77,2,
Franklin County,US.KY.FR,77,2,
Goodhue County,US.MN.GO,77,7,
Chaffee County,US.CO.CA,77,19,
Bibb County,US.AL.BI,77,1,
Jefferson County,US.NY.JE,77,0,
Platte County,US.MO.PT,77,2,
Caldwell County,US.TX.CW,77,0,
Carlton County,US.MN.CL,77,0,
Montcalm County,US.MI.MC,77,1,
Chambers County,US.TX.CH,76,0,
Williamson County,US.IL.WS,76,3,
Somerset County,US.MD.SO,76,3,
Delta County,US.CO.DT,76,1,
Bedford County,US.VA.BF,76,2,
Wharton County,US.TX.WN,76,1,
Lamar County,US.GA.LM,76,3,
Otter Tail County,US.MN.OT,76,1,
Martin County,US.NC.MR,76,4,
Jasper County,US.IN.JS,75,1,
Monroe County,US.TN.MR,75,4,
Washington County,US.GA.WG,75,1,
Grafton County,US.NH.GR,75,1,
Boone County,US.IA.BO,74,0,
Otsego County,US.NY.OO,74,4,
Ross County,US.OH.RO,74,2,
Cleburne County,US.AR.CB,74,4,
Walthall County,US.MS.WT,74,0,
Union County,US.PA.UN,73,2,
Jessamine County,US.KY.JS,73,0,
Henry County,US.IA.HE,73,2,
Hardin County,US.OH.HD,73,1,
King George County,US.VA.KG,73,4,
Cass County,US.IL.CS,73,0,
Minidoka County,US.ID.MI,72,0,
Blount County,US.AL.BU,72,1,
Adair County,US.MO.AD,72,0,
McDuffie County,US.GA.MU,72,5,
Waller County,US.TX.WR,72,0,
Anson County,US.NC.AN,72,1,
Bremer County,US.IA.BR,71,6,
Green County,US.WI.GN,71,0,
Jackson County,US.OR.JA,71,0,
Madison County,US.FL.MD,71,3,
Clarke County,US.IA.CK,71,1,
Wilkinson County,US.GA.WI,71,7,
Caldwell Parish,US.LA.CW,71,1,
Hocking County,US.OH.HC,71,5,
Cabell County,US.WV.CB,70,0,
Henry County,US.IL.HY,70,0,
Calhoun County,US.MS.CN,70,4,
Matagorda County,US.TX.MD,70,5,
Chisago County,US.MN.CG,70,1,
Humphreys County,US.MS.HU,70,7,
Perry County,US.MO.PR,70,0,
Clinch County,US.GA.CC,69,2,
Cherokee County,US.SC.CK,69,5,
Douglas County,US.KS.DG,69,0,
La Crosse County,US.WI.LA,69,0,
Camden County,US.GA.CD,69,1,
Perry County,US.PA.PE,68,3,
Henderson County,US.TX.HD,68,3,
Jefferson County,US.OH.JE,68,2,
Belknap County,US.NH.BE,68,0,
Holmes County,US.OH.HL,68,3,
DeKalb County,US.IN.DE,67,1,
Riley County,US.KS.RL,67,1,
Greene County,US.AR.GE,67,0,
Fairfax city,US.VA.FC,67,5,
Toombs County,US.GA.TM,67,4,
Nye County,US.NV.NY,66,2,
Taylor County,US.IA.TY,66,0,
Des Moines County,US.IA.DS,66,2,
Crowley County,US.CO.CR,66,1,
Sullivan County,US.MO.SV,66,0,
Johnson County,US.AR.JO,66,0,
Oglethorpe County,US.GA.OG,66,7,
Claiborne Parish,US.LA.CI,66,10,
Navarro County,US.TX.NV,66,2,
Bennington County,US.VT.BE,66,1,
Greer County,US.OK.GE,66,7,
Addison County,US.VT.AD,65,2,
Madison County,US.GA.MD,65,1,
Amite County,US.MS.AM,65,1,
Armstrong County,US.PA.AR,65,5,
Pulaski County,US.KY.PU,65,2,
Butte County,US.CA.BU,65,1,
Clinton County,US.IA.CN,65,1,
Pottawatomie County,US.OK.PT,64,4,
Marathon County,US.WI.MH,64,1,
Rusk County,US.TX.RK,64,2,
Wayne County,US.TN.WY,64,0,
Polk County,US.MN.PL,64,2,
Calhoun County,US.FL.CA,64,4,
Gibson County,US.TN.GB,63,1,
Huron County,US.OH.HU,63,1,
Crawford County,US.MI.CF,63,5,
Sullivan County,US.TN.SL,62,2,
Muskogee County,US.OK.MO,62,6,
Pike County,US.GA.PK,62,3,
Mesa County,US.CO.ME,62,0,
Routt County,US.CO.RT,62,6,
Curry County,US.NM.CU,62,0,
Stark County,US.ND.SR,62,2,
Benton County,US.OR.BE,62,5,
Brantley County,US.GA.BA,62,2,
Mississippi County,US.MO.MI,61,0,
Jackson County,US.KY.JA,61,13,
Seneca County,US.NY.SC,61,1,
La Salle Parish,US.LA.LA,61,0,
Vermilion Parish,US.LA.VM,61,4,
Cross County,US.AR.CO,61,0,
Dyer County,US.TN.DY,61,0,
Polk County,US.TX.PK,61,0,
Bonneville County,US.ID.BV,60,0,
Clinton County,US.PA.CN,60,3,
Hale County,US.TX.HE,60,4,
Lauderdale County,US.TN.LU,60,1,
Atkinson County,US.GA.AT,60,2,
Morton County,US.ND.MR,60,2,
Levy County,US.FL.LV,60,1,
Danville City,US.VA.DA,60,2,
Pulaski County,US.IL.PL,59,0,
Hickman County,US.TN.HN,59,0,
Lonoke County,US.AR.LO,59,0,
Pitkin County,US.CO.PI,59,2,
Brown County,US.TX.BN,59,10,
Cambria County,US.PA.CI,59,2,
Madison County,US.KY.MD,59,1,
Haywood County,US.NC.HW,59,0,
Mifflin County,US.PA.MI,59,1,
Berrien County,US.GA.BN,59,0,
Chippewa County,US.WI.CH,59,0,
Marion County,US.GA.MR,59,2,
Kay County,US.OK.KA,59,7,
Clark County,US.KY.CK,58,0,
Tunica County,US.MS.TU,58,3,
Edmonson County,US.KY.ED,58,11,
Person County,US.NC.PN,58,1,
Oconee County,US.SC.OC,58,0,
Dixie County,US.FL.DI,58,2,
Jay County,US.IN.JY,58,0,
Williams County,US.OH.WI,58,1,
Union County,US.OH.UN,58,1,
Jefferson County,US.OR.JE,57,0,
Cheshire County,US.NH.CH,57,2,
Cole County,US.MO.CE,57,1,
Marquette County,US.MI.MQ,57,11,
Huron County,US.MI.HU,57,1,
Waupaca County,US.WI.WP,57,1,
Rutland County,US.VT.RU,57,1,
Montezuma County,US.CO.MZ,57,3,
Screven County,US.GA.SR,57,3,
Stewart County,US.GA.SW,57,1,
Itasca County,US.MN.IT,56,11,
Monroe County,US.AL.MR,56,2,
Cook County,US.GA.CO,56,1,
Gooding County,US.ID.GO,56,0,
Prentiss County,US.MS.PN,56,3,
Okanogan County,US.WA.OK,56,1,
Hamilton County,US.NE.HM,56,11,
Jasper County,US.MO.JS,56,0,
Hood River County,US.OR.HO,56,0,
Hancock County,US.OH.HN,56,1,
Nevada County,US.AR.NV,56,0,
Shawano County,US.WI.SA,56,0,
Pontotoc County,US.MS.PO,55,3,
Cass County,US.NE.CS,55,0,
Randolph County,US.IN.RA,55,3,
Windsor County,US.VT.WS,55,2,
Calloway County,US.KY.CW,55,1,
Guthrie County,US.IA.GH,55,3,
Dodge County,US.MN.DD,55,0,
St. Helena Parish,US.LA.SH,55,1,
Edgefield County,US.SC.ED,55,2,
Socorro County,US.NM.SO,55,5,
Snyder County,US.PA.SN,55,1,
Lawrence County,US.AL.LW,55,0,
Yankton County,US.SD.YA,55,0,
Muskingum County,US.OH.MU,55,1,
Marion County,US.IL.MO,55,0,
Sutter County,US.CA.SU,55,2,
Madison County,US.AR.MD,54,0,
Franklin County,US.TN.FR,54,1,
Burnet County,US.TX.BT,54,1,
Miller County,US.AR.ML,54,1,
Fayette County,US.WV.FA,54,4,
Schoharie County,US.NY.SO,54,2,
Elbert County,US.CO.EB,54,2,
Simpson County,US.KY.SI,54,3,
Rio Arriba County,US.NM.RI,54,1,
Fannin County,US.GA.FN,54,1,
Barnwell County,US.SC.BN,54,1,
Dodge County,US.GA.DG,53,2,
Choctaw County,US.MS.CW,53,2,
Washington County,US.VA.WG,53,4,
Blair County,US.PA.BL,53,1,
Barren County,US.KY.BN,53,1,
Reno County,US.KS.RN,53,0,
Montour County,US.PA.MO,53,0,
Clay County,US.IN.CY,53,3,
Obion County,US.TN.OB,53,1,
Wood County,US.WV.WO,53,2,
Marion County,US.WV.MI,53,2,
Staunton city,US.VA.SU,52,0,
Bradford County,US.FL.BA,52,2,
Essex County,US.VA.ES,52,0,
Starr County,US.TX.SR,52,0,
Carter County,US.OK.CR,52,1,
Wise County,US.TX.WE,52,4,
Chippewa County,US.MN.CP,52,1,
Haralson County,US.GA.HS,52,4,
Pickens County,US.GA.PE,52,4,
Unicoi County,US.TN.UC,52,0,
Cherokee County,US.TX.CK,52,2,
Waldo County,US.ME.WL,52,14,
Gentry County,US.MO.GT,52,4,
Greene County,US.TN.GE,52,2,
Falls Church city,US.VA.FU,52,7,
Ochiltree County,US.TX.OC,51,2,
Coffey County,US.KS.CF,51,8,
Morrison County,US.MN.MR,51,0,
Allegany County,US.NY.AL,51,2,
Pulaski County,US.IN.PL,51,1,
Red River Parish,US.LA.RE,51,7,
Sabine Parish,US.LA.SB,51,0,
Washington County,US.IN.WS,51,1,
Fulton County,US.IN.FU,51,1,
Perry County,US.MS.PY,51,3,
Abbeville County,US.SC.AB,51,0,
Box Elder County,US.UT.BE,51,1,
Thurston County,US.NE.TU,51,0,
Saunders County,US.NE.SU,51,1,
Butler County,US.NE.BE,50,0,
Pierce County,US.WI.PI,50,0,
Bleckley County,US.GA.BK,50,0,
Mineral County,US.WV.ML,50,1,
Whitley County,US.IN.WL,50,3,
Jefferson County,US.GA.JR,50,1,
Nevada County,US.CA.NE,50,1,
Cedar County,US.IA.CD,50,1,
Waynesboro city,US.VA.WS,49,0,
Shelby County,US.OH.SH,49,3,
Wood County,US.TX.WO,49,4,
Lincoln County,US.NE.LI,49,2,
Conecuh County,US.AL.CO,49,1,
Moniteau County,US.MO.ME,49,1,
Jefferson County,US.IN.JF,49,1,
Rush County,US.IN.RU,49,3,
White County,US.AR.WH,49,1,
Union County,US.GA.UN,49,1,
Jones County,US.GA.JE,49,0,
Le Sueur County,US.MN.LU,49,1,
Grayson County,US.VA.GY,48,0,
Wyandot County,US.OH.WD,48,2,
Chaves County,US.NM.CH,48,2,
Coshocton County,US.OH.CS,48,0,
Dunklin County,US.MO.DU,48,2,
Nottoway County,US.VA.NY,48,0,
Jasper County,US.GA.JS,48,1,
Payne County,US.OK.PY,48,1,
Sharp County,US.AR.SH,48,3,
Ohio County,US.WV.OH,48,1,
Carroll County,US.NH.CA,48,0,
Anderson County,US.TN.AN,47,2,
Jasper County,US.SC.JA,47,2,
Clay County,US.GA.CY,47,2,
Jackson County,US.NC.JA,47,1,
Pittsylvania County,US.VA.PS,47,1,
Polk County,US.NC.PO,47,4,
O'Brien County,US.IA.OB,47,0,
Martinsville city,US.VA.MR,47,1,
Morgan County,US.IL.MG,47,1,
Grant County,US.KY.GT,47,4,
Clinton County,US.OH.CI,47,0,
Douglas County,US.MN.DU,47,0,
Bannock County,US.ID.BO,47,1,
Perry County,US.AL.PE,47,0,
Del Norte County,US.CA.DE,47,0,
Starke County,US.IN.SR,46,3,
Fulton County,US.OH.FU,46,0,
Washington County,US.ID.WA,46,0,
Columbia County,US.WI.CO,46,1,
Frio County,US.TX.FO,46,0,
Jeff Davis County,US.GA.JF,46,1,
Gallatin County,US.KY.GL,46,5,
Jefferson County,US.MS.JF,46,1,
Geneva County,US.AL.GE,46,0,
Meeker County,US.MN.ME,46,1,
Bradford County,US.PA.BF,46,3,
Jasper County,US.IL.JS,46,7,
Taylor County,US.FL.TA,46,0,
Cherokee County,US.IA.CE,46,0,
Seminole County,US.GA.SI,46,2,
Hamblen County,US.TN.HB,45,2,
Yuma County,US.CO.YU,45,0,
Clatsop County,US.OR.CT,45,0,
Rio Grande County,US.CO.RG,45,0,
Gage County,US.NE.GG,45,3,
Gila County,US.AZ.GI,45,0,
Wilson County,US.TX.WS,45,5,
Nelson County,US.KY.NE,45,1,
Williamsburg City,US.VA.WL,45,5,
Adams County,US.IL.AD,45,1,
Macoupin County,US.IL.MP,45,2,
Dawson County,US.TX.DW,45,1,
Marion County,US.TN.MI,45,1,
San Augustine County,US.TX.SG,45,4,
Kearny County,US.KS.KE,45,0,
Klamath County,US.OR.KL,45,0,
Dickinson County,US.IA.DI,44,0,
Becker County,US.MN.BC,44,0,
Poinsett County,US.AR.PN,44,2,
Ward County,US.ND.WR,44,1,
Grant Parish,US.LA.GR,44,1,
Barton County,US.KS.BT,44,1,
Shasta County,US.CA.SH,44,4,
Bedford County,US.PA.BO,44,2,
Clearfield County,US.PA.CF,44,0,
Benton County,US.IA.BN,44,1,
Powhatan County,US.VA.PH,44,0,
Hutchinson County,US.TX.UT,44,0,
Logan County,US.OH.LG,44,0,
Monroe County,US.IA.MR,43,6,
New Kent County,US.VA.NK,43,1,
Alexander County,US.NC.AE,43,0,
Stephens County,US.OK.ST,43,1,
Washington County,US.CO.WA,43,0,
Fannin County,US.TX.FI,43,2,
Mountrail County,US.ND.MU,43,0,
McLeod County,US.MN.MC,43,0,
Howard County,US.NE.HW,43,4,
Pulaski County,US.GA.PL,43,2,
Dukes County,US.MA.DU,42,0,
Greene County,US.MS.GE,42,1,
Guernsey County,US.OH.GU,42,2,
Vermilion County,US.IL.VE,42,1,
Atascosa County,US.TX.AT,42,2,
Roosevelt County,US.NM.RO,42,0,
Fayette County,US.OH.FY,42,0,
Jackson County,US.MN.JA,42,0,
Perry County,US.IL.PY,42,0,
Perry County,US.IN.PE,42,1,
Clark County,US.WI.CL,42,4,
Franklin city,US.VA.FR,42,2,
Sanilac County,US.MI.SL,42,6,
Cherokee County,US.AL.CH,42,4,
Miller County,US.GA.ML,42,0,
Huntington County,US.IN.HU,42,2,
Oconto County,US.WI.OC,42,0,
Stutsman County,US.ND.SU,42,0,
Pittsburg County,US.OK.PI,42,3,
Murray County,US.MN.MU,41,0,
Hampton County,US.SC.HA,41,1,
Crawford County,US.AR.CW,41,0,
Union County,US.SC.UN,41,0,
Boyd County,US.KY.BD,41,3,
White County,US.TN.WH,41,0,
Talbot County,US.GA.TB,41,2,
Montgomery County,US.IL.MT,41,1,
Cortland County,US.NY.CD,41,1,
Codington County,US.SD.CD,41,0,
Beaufort County,US.NC.BA,41,0,
Polk County,US.AR.PL,41,0,
Madison County,US.VA.MD,41,1,
Cumberland County,US.VA.CU,41,0,
Butler County,US.KS.BU,40,0,
Trempealeau County,US.WI.TR,40,0,
Missoula County,US.MT.MS,40,1,
Clark County,US.AR.CK,40,0,
Graham County,US.AZ.GA,40,0,
Harrison County,US.WV.HR,40,1,
Dade County,US.GA.DD,40,1,
Coosa County,US.AL.CS,40,1,
Ashe County,US.NC.AS,40,0,
Hardy County,US.WV.HD,40,0,
Botetourt County,US.VA.BO,39,4,
Isanti County,US.MN.IS,39,0,
Pulaski County,US.MO.PA,39,1,
Hart County,US.GA.HT,39,0,
San Patricio County,US.TX.SP,39,0,
Franklin County,US.VA.FN,39,1,
Yates County,US.NY.YA,39,6,
Washington County,US.VT.WA,39,1,
Big Horn County,US.MT.BI,39,1,
St. Francois County,US.MO.SF,39,2,
Manitowoc County,US.WI.MW,39,1,
Washakie County,US.WY.WA,39,3,
Van Zandt County,US.TX.VN,39,1,
Jerauld County,US.SD.JE,39,1,
Morgan County,US.GA.MO,39,0,
Oglala Lakota County,US.SD.SH,39,0,
Door County,US.WI.DO,39,3,
DeKalb County,US.TN.DE,39,0,
Carteret County,US.NC.CE,39,3,
Wells County,US.IN.WE,39,0,
Putnam County,US.WV.PU,39,0,
Somerset County,US.PA.SO,39,1,
Allendale County,US.SC.AL,39,3,
Preble County,US.OH.PR,39,1,
Calhoun County,US.TX.CU,39,3,
Fayette County,US.TX.FT,38,2,
Union County,US.FL.UN,38,1,
Carroll County,US.AR.CL,38,1,
Salem city,US.VA.SE,38,3,
Mason County,US.WA.MA,38,1,
Mason County,US.MI.MN,38,0,
Sullivan County,US.IN.SU,38,1,
Lawrence County,US.TN.LW,38,0,
Arenac County,US.MI.AR,38,1,
Douglas County,US.NV.DO,38,0,
Greene County,US.VA.GE,38,1,
Telfair County,US.GA.TF,38,1,
Essex County,US.NY.ES,38,0,
Shelby County,US.IA.SH,38,0,
Roberts County,US.SD.RO,38,0,
Camden County,US.MO.CM,37,1,
Watauga County,US.NC.WT,37,0,
Mono County,US.CA.MO,37,1,
Osceola County,US.IA.OS,37,0,
Scott County,US.KY.SC,37,0,
Lake County,US.CO.LK,37,0,
Willacy County,US.TX.WY,37,2,
Todd County,US.SD.TO,37,1,
Tishomingo County,US.MS.TS,37,0,
Marshall County,US.KY.MH,37,2,
Jones County,US.IA.JN,37,0,
Butler County,US.MO.BE,37,0,
Flathead County,US.MT.FL,37,2,
Lewis County,US.WA.LE,37,3,
Kewaunee County,US.WI.KW,36,1,
Baker County,US.GA.BR,36,3,
Franklin County,US.ME.FR,36,1,
Owen County,US.IN.OW,36,1,
Marinette County,US.WI.MT,36,3,
Washington County,US.NE.WS,36,1,
Defiance County,US.OH.DF,36,2,
Smith County,US.TN.SH,36,1,
Jefferson County,US.IA.JE,36,0,
Bamberg County,US.SC.BM,36,0,
Marshall County,US.TN.MS,36,1,
Heard County,US.GA.HD,36,3,
Bryan County,US.OK.BR,36,1,
Pike County,US.KY.PI,36,2,
Carroll County,US.OH.CO,36,3,
Lee County,US.AR.LE,36,1,
York County,US.NE.YO,36,0,
Portage County,US.WI.PT,35,0,
Eddy County,US.NM.ED,35,1,
Christian County,US.IL.CI,35,4,
Overton County,US.TN.OV,35,0,
Ottawa County,US.OK.OT,35,2,
Livingston County,US.IL.LI,35,2,
Franklin County,US.KS.FR,35,0,
Milam County,US.TX.MI,35,1,
Marion County,US.IA.MI,35,0,
Wakulla County,US.FL.WK,35,1,
Castro County,US.TX.AS,35,1,
Matanuska-Susitna Borough,US.AK.MA,35,1,
Merrick County,US.NE.ME,35,0,
Teller County,US.CO.TE,34,2,
Brown County,US.IN.BR,34,1,
Mayes County,US.OK.MY,34,4,
Webster County,US.KY.WE,34,0,
City and Borough of Juneau,US.AK.JU,34,0,
Buchanan County,US.IA.BC,34,1,
Cuming County,US.NE.CM,34,0,
Custer County,US.NE.CU,34,3,
Custer County,US.OK.CU,34,0,
Lincoln County,US.ID.LI,34,0,
Vernon Parish,US.LA.VN,34,3,
Marion County,US.KY.MN,34,0,
Clayton County,US.IA.CT,34,3,
Hawkins County,US.TN.HW,34,2,
Pawnee County,US.OK.PW,34,2,
Hot Spring County,US.AR.HT,34,0,
Haywood County,US.TN.HY,34,2,
Wilkes County,US.GA.WS,34,1,
Wasco County,US.OR.WC,34,1,
Torrance County,US.NM.TO,34,1,
Pennington County,US.MN.PI,34,0,
Wyoming County,US.PA.WM,34,7,
Irwin County,US.GA.IR,34,1,
Malheur County,US.OR.ML,33,0,
Polk County,US.WI.PL,33,1,
Clay County,US.IA.CY,33,0,
Champaign County,US.OH.CH,33,1,
Appomattox County,US.VA.AP,33,0,
Iowa County,US.IA.IO,33,0,
Independence County,US.AR.IN,33,0,
Kendall County,US.TX.KD,33,0,
Jo Daviess County,US.IL.JO,33,1,
Klickitat County,US.WA.KL,33,3,
Mendocino County,US.CA.MI,33,0,
Cherokee County,US.OK.CK,33,1,
Forest County,US.WI.FR,33,2,
Wythe County,US.VA.WY,33,1,
Andrew County,US.MO.AN,33,0,
Woodford County,US.KY.WO,33,0,
Hampshire County,US.WV.HM,33,1,
Lafayette County,US.WI.LF,33,0,
Elmore County,US.ID.EL,32,2,
Washington County,US.NC.WI,32,3,
Mason County,US.TX.MA,32,0,
Clark County,US.KS.CA,32,0,
Brunswick County,US.VA.BU,32,1,
Knox County,US.IN.KN,32,0,
Dixon County,US.NE.DI,32,1,
Lanier County,US.GA.LI,32,2,
Yuba County,US.CA.YU,32,1,
Grand Traverse County,US.MI.GN,32,5,
Callaway County,US.MO.CA,32,1,
Limestone County,US.TX.LO,32,1,
Benton County,US.IN.BE,32,0,
Quitman County,US.MS.QU,32,0,
Clay County,US.SD.CY,32,0,
Charlton County,US.GA.CT,32,1,
Campbell County,US.WY.CM,32,0,
Ashley County,US.AR.AS,32,0,
Grundy County,US.TN.GU,32,1,
Coos County,US.OR.CO,32,0,
Henry County,US.TN.HR,32,0,
Stone County,US.MS.ST,32,0,
Cerro Gordo County,US.IA.CG,32,1,
Tallahatchie County,US.MS.TL,32,1,
Burleson County,US.TX.BU,32,0,
Sweetwater County,US.WY.SW,32,0,
Lincoln County,US.TN.LI,32,0,
King William County,US.VA.KW,32,0,
Gloucester County,US.VA.GL,32,1,
Cass County,US.TX.CS,31,1,
Upshur County,US.TX.US,31,0,
Halifax County,US.VA.HL,31,1,
Clarke County,US.VA.CK,31,0,
Marshall County,US.WV.MH,31,0,
Taos County,US.NM.TA,31,0,
Emanuel County,US.GA.EM,31,2,
Wabaunsee County,US.KS.WB,31,0,
Brown County,US.OH.BR,31,1,
Ogemaw County,US.MI.OG,31,1,
Oxford County,US.ME.OX,31,0,
Jefferson County,US.WA.JE,31,0,
Jefferson County,US.FL.JE,31,3,
Howard County,US.AR.HW,31,0,
Hardin County,US.IA.HD,31,0,
Amelia County,US.VA.AI,31,1,
Hood County,US.TX.HO,31,3,
Kalkaska County,US.MI.KK,30,2,
Holmes County,US.FL.HO,30,0,
Crawford County,US.PA.CW,30,0,
Sac County,US.IA.SA,30,0,
McPherson County,US.KS.MP,30,0,
Sagadahoc County,US.ME.SA,30,0,
Lawrence County,US.OH.LW,30,0,
Meade County,US.KS.ME,30,0,
Hopkins County,US.TX.HP,30,0,
Lake County,US.CA.LK,30,0,
Bradley County,US.AR.BR,30,1,
Jasper County,US.TX.JR,30,1,
George County,US.MS.GR,30,2,
Saline County,US.KS.SA,30,2,
Tattnall County,US.GA.TT,30,0,
Van Buren County,US.AR.VA,30,2,
Montgomery County,US.KY.MM,30,0,
Waseca County,US.MN.WE,30,0,
Garfield County,US.OK.GF,30,1,
Towns County,US.GA.TW,30,1,
Lee County,US.IA.LE,30,0,
Seminole County,US.OK.SM,30,2,
Pottawatomie County,US.KS.PT,30,0,
Russell County,US.KY.RU,30,4,
Kit Carson County,US.CO.KT,30,3,
Seward County,US.NE.SA,29,1,
Warren County,US.MO.WR,29,0,
Stevens County,US.KS.SV,29,0,
Toole County,US.MT.TO,29,6,
Lamoille County,US.VT.LA,29,1,
Hardin County,US.TN.HI,29,2,
Franklin County,US.MS.FR,29,2,
Crawford County,US.GA.CW,29,0,
Madison County,US.IA.MD,29,2,
Aurora County,US.SD.AU,29,0,
Austin County,US.TX.AU,29,0,
Baker County,US.FL.BK,29,4,
Lea County,US.NM.LE,29,0,
Lamar County,US.AL.LM,29,0,
Jenkins County,US.GA.JK,29,2,
Clay County,US.AL.CY,29,2,
Jefferson County,US.TN.JE,29,0,
Emmet County,US.IA.EM,29,0,
Douglas County,US.OR.DO,29,0,
Hempstead County,US.AR.HE,29,1,
Highland County,US.OH.HI,29,1,
Hill County,US.TX.HI,29,1,
Charlotte County,US.VA.CT,28,0,
Davis County,US.IA.DV,28,0,
Alleghany County,US.NC.AL,28,0,
Christian County,US.MO.CT,28,0,
Harrison County,US.KY.HS,28,0,
Carroll County,US.TN.CR,28,1,
Richland County,US.ND.RI,28,0,
Knox County,US.OH.KN,28,1,
Sherman County,US.TX.SN,28,0,
Pike County,US.MO.PI,28,1,
Boyle County,US.KY.BE,28,0,
Warren County,US.TN.WR,28,0,
Jackson County,US.OK.JA,28,3,
Blackford County,US.IN.BL,28,2,
Franklin County,US.IA.FN,28,0,
Douglas County,US.IL.DO,28,0,
Amherst County,US.VA.AH,27,0,
Greene County,US.PA.GR,27,0,
Andrews County,US.TX.AR,27,0,
Morris County,US.TX.MR,27,0,
Charles City County,US.VA.CC,27,2,
Beaver County,US.OK.BA,27,0,
Monona County,US.IA.MO,27,0,
Seneca County,US.OH.SE,27,2,
Donley County,US.TX.DO,27,0,
Wise County,US.VA.WI,27,2,
Hockley County,US.TX.HC,27,1,
Dallam County,US.TX.DL,27,0,
Fayette County,US.IA.FT,27,0,
Patrick County,US.VA.PK,27,0,
Clallam County,US.WA.CL,27,0,
Clarion County,US.PA.CL,27,2,
Crane County,US.TX.CR,27,5,
Elko County,US.NV.EL,27,1,
Davison County,US.SD.DV,27,0,
Dunn County,US.WI.DN,27,0,
Meigs County,US.TN.ME,27,0,
Madison County,US.ID.MA,27,0,
Alleghany County,US.VA.AL,26,2,
Rabun County,US.GA.RB,26,1,
Harrison County,US.IA.HR,26,0,
Hart County,US.KY.HT,26,0,
Phillips County,US.AR.PH,26,1,
Bailey County,US.TX.BY,26,0,
Lee County,US.TX.LE,26,2,
Tipton County,US.IN.TT,26,1,
Randolph County,US.AR.RA,26,0,
Newton County,US.MO.NT,26,1,
Cheboygan County,US.MI.CY,26,1,
Okmulgee County,US.OK.OM,26,0,
Crawford County,US.WI.CR,26,0,
Otero County,US.NM.OT,26,4,
Scurry County,US.TX.SU,26,0,
Emmet County,US.MI.EM,26,2,
Erath County,US.TX.ER,26,1,
Payette County,US.ID.PA,26,2,
Fremont County,US.CO.FR,26,0,
Weakley County,US.TN.WE,26,0,
McDonald County,US.MO.MA,26,0,
Williams County,US.ND.WI,25,0,
Wayne County,US.NE.WY,25,0,
Jersey County,US.IL.JR,25,1,
Monroe County,US.KY.MO,25,0,
Anderson County,US.KY.AN,25,1,
Albany County,US.WY.AL,25,0,
Northumberland County,US.VA.NU,25,1,
Jones County,US.NC.JN,25,3,
Buffalo County,US.SD.BF,25,0,
Wayne County,US.GA.WY,25,0,
Little River County,US.AR.LT,25,0,
Perquimans County,US.NC.PQ,25,2,
Spencer County,US.KY.SP,25,0,
Chattooga County,US.GA.CG,25,2,
Crawford County,US.IN.CW,25,0,
Lyon County,US.IA.LY,25,0,
Meade County,US.SD.MD,24,1,
Henry County,US.KY.HY,24,0,
Preston County,US.WV.PR,24,2,
Roscommon County,US.MI.RO,24,0,
Perry County,US.TN.PE,24,0,
Converse County,US.WY.CE,24,0,
Nowata County,US.OK.NW,24,0,
Mille Lacs County,US.MN.MI,24,1,
Winneshiek County,US.IA.WH,24,0,
Lyman County,US.SD.LY,24,0,
Turner County,US.SD.TU,24,0,
Colorado County,US.TX.CO,24,0,
Mecosta County,US.MI.MT,24,2,
Pulaski County,US.VA.PU,24,1,
Ashland County,US.OH.AL,24,0,
Clay County,US.NE.CL,24,0,
Chicot County,US.AR.CT,23,0,
Brookings County,US.SD.BK,23,0,
Swain County,US.NC.SW,23,0,
Tillman County,US.OK.TI,23,1,
Meade County,US.KY.MA,23,2,
Ray County,US.MO.RY,23,0,
Atchison County,US.KS.AT,23,0,
Faribault County,US.MN.FA,23,0,
Columbia County,US.AR.CI,23,2,
Park County,US.CO.PA,23,0,
Franklin County,US.NY.FR,23,0,
Fountain County,US.IN.FO,23,2,
Uinta County,US.WY.UI,23,0,
Gates County,US.NC.GT,23,1,
Juneau County,US.WI.JU,23,1,
Josephine County,US.OR.JO,23,1,
Taylor County,US.GA.TY,23,2,
McNairy County,US.TN.MA,23,0,
Rock County,US.MN.RC,23,0,
Cannon County,US.TN.CN,23,0,
Todd County,US.KY.TO,23,0,
San Miguel County,US.CO.SM,23,0,
McLean County,US.KY.ML,22,1,
Jefferson County,US.KS.JF,22,0,
Lander County,US.NV.LA,22,0,
Bee County,US.TX.BE,22,0,
Clare County,US.MI.CE,22,2,
Perry County,US.KY.PR,22,0,
Lucas County,US.IA.LU,22,2,
Gray County,US.KS.GY,22,0,
Lincoln County,US.OK.LI,22,2,
Green Lake County,US.WI.GL,22,0,
Menard County,US.IL.MN,22,0,
King and Queen County,US.VA.KA,22,1,
Hamilton County,US.KS.HM,22,0,
Adams County,US.IN.AD,22,1,
Haskell County,US.KS.HS,22,0,
Hancock County,US.IA.HN,22,0,
Labette County,US.KS.LB,22,0,
Missaukee County,US.MI.MU,22,1,
Somerset County,US.ME.SO,22,0,
Spencer County,US.IN.SP,22,1,
Stanton County,US.NE.ST,21,0,
Ford County,US.IL.FO,21,1,
Laurel County,US.KY.LU,21,2,
New Madrid County,US.MO.NW,21,1,
Johnson County,US.TN.JO,21,0,
Fayette County,US.IL.FA,21,3,
Knox County,US.ME.KN,21,1,
Cocke County,US.TN.CE,21,0,
Calhoun County,US.SC.CH,21,1,
Drew County,US.AR.DR,21,1,
Yancey County,US.NC.YN,21,0,
Switzerland County,US.IN.SW,21,0,
Bureau County,US.IL.BU,21,1,
Woodford County,US.IL.WO,21,2,
Tensas Parish,US.LA.TN,21,0,
Otero County,US.CO.OT,21,1,
Kauai County,US.HI.KU,21,0,
Vernon County,US.WI.VE,21,0,
Beltrami County,US.MN.BT,21,0,
Roane County,US.TN.RA,21,0,
Cherokee County,US.NC.CO,21,1,
Logan County,US.OK.LG,21,1,
Val Verde County,US.TX.VL,21,0,
Polk County,US.TN.PO,21,0,
Pocahontas County,US.WV.PO,21,0,
Pocahontas County,US.IA.PC,20,0,
Vinton County,US.OH.VI,20,2,
Logan County,US.WV.LO,20,1,
Alcona County,US.MI.AC,20,1,
Perry County,US.OH.PE,20,1,
Wabasha County,US.MN.WB,20,0,
Guadalupe County,US.NM.GU,20,0,
Douglas County,US.WI.DG,20,0,
Sullivan County,US.NH.SU,20,1,
Alcorn County,US.MS.AL,20,1,
Sequatchie County,US.TN.SQ,20,0,
Lincoln County,US.ME.LI,20,0,
Cooke County,US.TX.OO,20,0,
Whitman County,US.WA.WI,20,0,
Campbell County,US.VA.CM,20,1,
Gibson County,US.IN.GI,20,2,
Delta County,US.MI.DE,20,2,
Desha County,US.AR.DE,20,0,
Humboldt County,US.IA.HU,20,1,
Hansford County,US.TX.HF,20,2,
Hancock County,US.WV.HN,20,0,
Garvin County,US.OK.GV,20,1,
Mills County,US.IA.ML,20,0,
Kerr County,US.TX.KR,20,1,
Inyo County,US.CA.IN,20,1,
Charles Mix County,US.SD.CH,20,0,
Hughes County,US.SD.HG,20,0,
Dare County,US.NC.DE,20,1,
Phelps County,US.NE.PH,20,0,
Fillmore County,US.MN.FI,20,0,
Barron County,US.WI.BR,20,0,
Bingham County,US.ID.BG,20,0,
Lewis County,US.NY.LE,20,5,
Monroe County,US.WI.MO,19,1,
Asotin County,US.WA.AS,19,2,
Clinton County,US.MO.CO,19,0,
Swift County,US.MN.SW,19,1,
Sibley County,US.MN.SI,19,0,
Calaveras County,US.CA.CA,19,0,
Grays Harbor County,US.WA.GY,19,0,
Washington County,US.IL.WG,19,0,
Delaware County,US.IA.DA,19,1,
Grundy County,US.IA.GN,19,0,
Carter County,US.TN.CT,19,1,
Grant County,US.AR.GN,19,0,
Moody County,US.SD.MO,19,0,
Floyd County,US.IA.FL,19,1,
Jackson County,US.TX.JA,19,1,
Jackson County,US.TN.JA,19,0,
Parke County,US.IN.PA,19,0,
Lewis and Clark County,US.MT.LE,19,0,
Lavaca County,US.TX.LA,19,1,
Jackson County,US.WI.JA,19,1,
Tioga County,US.PA.TI,19,2,
Nemaha County,US.KS.NM,19,0,
Breckinridge County,US.KY.BC,19,2,
Gilchrist County,US.FL.GI,19,0,
Cleveland County,US.AR.CV,19,0,
Morgan County,US.WV.MA,19,0,
Montgomery County,US.KS.MG,19,2,
Franklin County,US.TX.FK,19,0,
Gladwin County,US.MI.GL,19,1,
Sheridan County,US.WY.SH,18,0,
Johnson County,US.WY.JO,18,1,
Warren County,US.GA.WR,18,0,
Fayette County,US.AL.FA,18,0,
DeWitt County,US.TX.DE,18,1,
Pontotoc County,US.OK.PN,18,2,
Twiggs County,US.GA.TG,18,1,
Charlevoix County,US.MI.CV,18,1,
Geary County,US.KS.GE,18,1,
Morgan County,US.TN.MG,18,0,
Webster County,US.MO.WE,18,0,
Mason County,US.IL.MS,18,0,
Doniphan County,US.KS.DP,18,0,
Kleberg County,US.TX.KL,18,1,
Cleburne County,US.AL.CB,18,1,
McKenzie County,US.ND.MK,18,0,
Buchanan County,US.VA.BH,18,0,
Swisher County,US.TX.SW,18,1,
Athens County,US.OH.AS,18,1,
Scioto County,US.OH.SC,18,0,
Rockbridge County,US.VA.RB,18,0,
Glenn County,US.CA.GL,18,0,
Mercer County,US.IL.ME,18,0,
Henry County,US.OH.HE,18,0,
Schley County,US.GA.SY,18,1,
Campbell County,US.TN.CM,18,1,
Giles County,US.TN.GL,18,0,
Raleigh County,US.WV.RL,18,0,
Sequoyah County,US.OK.SQ,17,3,
Gem County,US.ID.GE,17,0,
Izard County,US.AR.IZ,17,1,
Hancock County,US.IL.HC,17,1,
Floyd County,US.KY.FO,17,0,
San Jacinto County,US.TX.SJ,17,0,
Clear Creek County,US.CO.CL,17,1,
Grant County,US.KS.GT,17,1,
Chowan County,US.NC.CW,17,0,
Osceola County,US.MI.OE,17,0,
Lyon County,US.KY.LY,17,3,
Benewah County,US.ID.BA,17,0,
Lunenburg County,US.VA.LN,17,0,
Nelson County,US.VA.NL,17,0,
Carroll County,US.IA.CL,17,1,
Carroll County,US.IL.CL,17,2,
Love County,US.OK.LV,17,0,
Carter County,US.KY.CR,17,0,
Cascade County,US.MT.CS,17,2,
Cowley County,US.KS.CL,17,1,
Marion County,US.TX.MN,17,1,
Brown County,US.MN.BR,17,2,
Lamb County,US.TX.LB,17,0,
Trinity County,US.TX.TR,17,0,
Uvalde County,US.TX.UV,17,0,
Fulton County,US.PA.FU,16,1,
Page County,US.IA.PG,16,0,
Jefferson County,US.PA.JE,16,0,
Mariposa County,US.CA.MP,16,1,
Lincoln County,US.GA.LC,16,1,
Kossuth County,US.IA.KO,16,0,
Butler County,US.IA.BE,16,1,
Robertson County,US.TX.RO,16,0,
Craig County,US.OK.CG,16,0,
Walsh County,US.ND.WL,16,0,
Caledonia County,US.VT.CA,16,0,
Iowa County,US.WI.IO,16,0,
Appanoose County,US.IA.AP,16,3,
Transylvania County,US.NC.TR,16,1,
Posey County,US.IN.PS,16,0,
Ketchikan Gateway Borough,US.AK.KG,16,0,
Long County,US.GA.LG,16,1,
Carbon County,US.WY.CB,16,1,
Shelby County,US.IL.SB,16,1,
Columbia County,US.OR.CL,16,0,
Floyd County,US.TX.FY,16,0,
Crockett County,US.TN.CK,16,3,
Humphreys County,US.TN.HU,16,1,
Conway County,US.AR.CN,15,1,
Ida County,US.IA.ID,15,0,
Jackson County,US.OH.JA,15,0,
Sabine County,US.TX.SB,15,1,
Le Flore County,US.OK.LE,15,1,
Perry County,US.AR.PY,15,0,
Union County,US.KY.UN,15,0,
Venango County,US.PA.VE,15,0,
San Miguel County,US.NM.SM,15,0,
Grainger County,US.TN.GA,15,0,
Benton County,US.MS.BE,15,0,
Mason County,US.WV.MN,15,0,
Grand County,US.CO.GR,15,0,
Henderson County,US.TN.HS,15,0,
Keokuk County,US.IA.KE,15,0,
Smyth County,US.VA.SM,15,0,
Mercer County,US.KY.MC,15,0,
Prowers County,US.CO.PR,15,0,
Currituck County,US.NC.CI,15,0,
Carroll County,US.KY.CL,15,0,
Wheeler County,US.TX.WL,15,0,
Lincoln County,US.WY.LI,15,0,
McIntosh County,US.GA.MH,15,1,
Norman County,US.MN.NR,15,0,
Alexander County,US.IL.AL,15,0,
Rappahannock County,US.VA.RP,15,0,
Grant County,US.NM.GR,15,0,
Martin County,US.IN.MN,15,0,
Greenup County,US.KY.GU,14,0,
Ravalli County,US.MT.RA,14,0,
Phillips County,US.CO.PH,14,0,
Quitman County,US.GA.QU,14,1,
Wheeler County,US.GA.WL,14,0,
Greene County,US.IA.GE,14,0,
Claiborne County,US.TN.CI,14,0,
Tyler County,US.TX.TY,14,0,
Pipestone County,US.MN.PS,14,0,
Pendleton County,US.KY.PN,14,0,
Webster County,US.GA.WT,14,1,
McIntosh County,US.OK.MI,14,1,
Middlesex County,US.VA.MI,14,0,
Richland County,US.WI.RI,14,4,
Wexford County,US.MI.WE,14,3,
Nodaway County,US.MO.NO,14,0,
Scott County,US.KS.SC,14,0,
Bracken County,US.KY.BK,14,0,
Bourbon County,US.KY.BU,14,1,
Stewart County,US.TN.SA,14,0,
Traill County,US.ND.TR,14,0,
Treutlen County,US.GA.TE,14,0,
Wright County,US.MO.WG,14,0,
Sanpete County,US.UT.SP,14,0,
Paulding County,US.OH.PA,14,0,
Jackson County,US.IA.JC,14,0,
San Juan County,US.WA.SA,14,0,
Rockcastle County,US.KY.RC,13,0,
Ballard County,US.KY.BA,13,0,
Washington County,US.MO.WS,13,1,
Baxter County,US.AR.BA,13,0,
Chickasaw County,US.IA.CC,13,0,
Jim Wells County,US.TX.JW,13,0,
Calhoun County,US.IA.CO,13,0,
Gosper County,US.NE.GO,13,0,
Audubon County,US.IA.AU,13,1,
Taney County,US.MO.TA,13,2,
Scott County,US.TN.SC,13,0,
Terry County,US.TX.TE,13,0,
Schuyler County,US.IL.SU,13,0,
Whitley County,US.KY.WH,13,0,
Montgomery County,US.GA.MM,13,0,
Warren County,US.IN.WN,13,1,
Lake County,US.SD.LK,13,0,
Antrim County,US.MI.AN,13,0,
McKean County,US.PA.MC,13,1,
Taylor County,US.KY.TA,13,1,
Grant County,US.SD.GA,13,0,
Palo Pinto County,US.TX.PO,13,2,
Candler County,US.GA.CR,13,0,
Morgan County,US.UT.MN,13,0,
Day County,US.SD.DY,13,0,
Ohio County,US.IN.OH,13,0,
Nantucket County,US.MA.NA,13,1,
Pendleton County,US.WV.PE,13,1,
McCreary County,US.KY.MR,13,0,
Mitchell County,US.NC.MI,13,0,
Stevens County,US.WA.ST,13,1,
Benton County,US.MO.BN,13,0,
Morrow County,US.OR.MO,13,0,
Cass County,US.IA.CS,13,0,
Harvey County,US.KS.HV,13,2,
Carbon County,US.UT.CR,13,0,
Mercer County,US.WV.MR,13,0,
Henry County,US.MO.HE,12,3,
Kanabec County,US.MN.KA,12,1,
Oneida County,US.WI.ON,12,0,
Aitkin County,US.MN.AI,12,0,
Grant County,US.WV.GA,12,0,
Hancock County,US.ME.HA,12,1,
Siskiyou County,US.CA.SK,12,0,
Luna County,US.NM.LU,12,1,
Zapata County,US.TX.ZP,12,0,
Buena Vista city,US.VA.BE,12,0,
Kingfisher County,US.OK.KN,12,0,
Marshall County,US.MN.MS,12,0,
Zavala County,US.TX.ZV,12,0,
Logan County,US.AR.LG,12,0,
Johnson County,US.IL.JH,12,0,
Hartley County,US.TX.HL,12,2,
Caldwell County,US.KY.CD,12,0,
Chester County,US.TN.CS,12,0,
Sanborn County,US.SD.SA,12,0,
Grand County,US.UT.GR,12,0,
Ouachita County,US.AR.OU,12,0,
Howard County,US.IA.HO,12,0,
Big Stone County,US.MN.BI,12,0,
Fentress County,US.TN.FE,12,0,
Lawrence County,US.SD.LW,12,0,
Mason County,US.KY.MS,12,0,
Franklin County,US.IL.FR,12,0,
Bond County,US.IL.BN,12,1,
Moultrie County,US.IL.MI,12,0,
Union County,US.IN.UN,12,0,
Comanche County,US.TX.CE,12,1,
Howell County,US.MO.HW,12,0,
Pamlico County,US.NC.PM,12,0,
Bates County,US.MO.BS,12,1,
Ste. Genevieve County,US.MO.SG,12,1,
Kearney County,US.NE.KA,12,0,
Hot Springs County,US.WY.HO,12,0,
Schuyler County,US.NY.SU,12,0,
Manistee County,US.MI.ME,12,0,
Baca County,US.CO.BA,12,0,
Wabash County,US.IL.WB,12,0,
Ellis County,US.KS.EL,12,0,
Crawford County,US.IL.CW,11,0,
Presque Isle County,US.MI.PR,11,0,
Ripley County,US.MO.RI,11,0,
Teton County,US.ID.TE,11,0,
Trigg County,US.KY.TG,11,0,
Uintah County,US.UT.UN,11,0,
Cass County,US.MN.CS,11,2,
Dunn County,US.ND.DU,11,0,
Silver Bow County,US.MT.SI,11,0,
Vernon County,US.MO.VE,11,0,
Winnebago County,US.IA.WB,11,0,
Falls County,US.TX.FL,11,0,
Boone County,US.WV.BN,11,0,
Freestone County,US.TX.FE,11,0,
Fulton County,US.IL.FU,11,0,
Ransom County,US.ND.RN,11,0,
Blanco County,US.TX.BC,11,1,
Clark County,US.IL.CK,11,0,
Wilkin County,US.MN.WL,11,3,
Adams County,US.OH.AD,11,1,
Potter County,US.PA.PO,11,0,
Wood County,US.WI.WO,11,1,
Fulton County,US.KY.FU,11,0,
Montgomery County,US.MO.MM,11,0,
Polk County,US.NE.PO,11,0,
Knox County,US.NE.KN,11,0,
Leelanau County,US.MI.LE,11,0,
Leon County,US.TX.LN,11,0,
Morrill County,US.NE.MO,11,0,
Lincoln County,US.KY.LN,11,1,
Juab County,US.UT.JU,11,0,
Larue County,US.KY.LR,11,0,
Otoe County,US.NE.OT,11,0,
Marshall County,US.OK.MH,11,0,
Piatt County,US.IL.PA,11,0,
Lafayette County,US.AR.LF,10,1,
Linn County,US.MO.LN,10,1,
Harrison County,US.OH.HR,10,0,
Amador County,US.CA.AM,10,0,
Surry County,US.VA.SR,10,1,
Churchill County,US.NV.CH,10,1,
Greenlee County,US.AZ.GE,10,0,
Linn County,US.KS.LN,10,0,
Orleans County,US.VT.OL,10,0,
Knox County,US.KY.KX,10,0,
Callahan County,US.TX.AL,10,1,
Randolph County,US.MO.RN,10,0,
Brown County,US.IL.BR,10,0,
Stone County,US.AR.ST,10,0,
Stanley County,US.SD.ST,10,0,
Waushara County,US.WI.WS,10,0,
Cumberland County,US.IL.CU,10,0,
Sevier County,US.UT.SE,10,0,
Madison County,US.TX.AD,10,0,
Garrett County,US.MD.GA,10,0,
Gilmer County,US.WV.GI,10,0,
Lafayette County,US.FL.LF,10,0,
Logan County,US.IL.LO,10,0,
Menifee County,US.KY.ME,10,0,
Cherokee County,US.KS.CK,10,0,
Union County,US.IA.UN,10,0,
Wadena County,US.MN.WD,10,0,
Vermillion County,US.IN.VE,10,0,
Pope County,US.MN.PE,10,0,
Lancaster County,US.VA.LA,10,0,
Cheyenne County,US.NE.CY,10,0,
Aroostook County,US.ME.AR,10,1,
Van Buren County,US.IA.VA,10,0,
McCormick County,US.SC.MC,10,1,
Howard County,US.TX.HW,9,1,
Osage County,US.KS.OS,9,0,
Stanton County,US.KS.ST,9,0,
Bath County,US.KY.BH,9,1,
Wayne County,US.IL.WY,9,1,
Tazewell County,US.VA.TA,9,0,
Morgan County,US.MO.MG,9,0,
Wetzel County,US.WV.WT,9,0,
Orange County,US.VT.OA,9,0,
Roane County,US.WV.RO,9,1,
Duchesne County,US.UT.DU,9,0,
Gallia County,US.OH.GA,9,1,
Jefferson County,US.ID.JF,9,0,
Pike County,US.OH.PK,9,0,
Adair County,US.IA.AI,9,0,
Barnes County,US.ND.BA,9,0,
Cooper County,US.MO.CP,9,0,
Pacific County,US.WA.PA,9,1,
Franklin County,US.ID.FA,9,0,
Furnas County,US.NE.FU,9,0,
Cedar County,US.MO.CD,9,0,
Tehama County,US.CA.TE,9,1,
Carroll County,US.MO.CL,9,0,
Cameron Parish,US.LA.CM,9,0,
Taylor County,US.WV.TA,9,0,
Harrison County,US.MO.HS,9,0,
Montgomery County,US.IA.MG,9,2,
Lampasas County,US.TX.LP,9,0,
Hamilton County,US.TX.HM,9,1,
Burt County,US.NE.BT,9,0,
Montague County,US.TX.MU,9,1,
Greenwood County,US.KS.GW,9,0,
Koochiching County,US.MN.KO,9,0,
Live Oak County,US.TX.LK,9,0,
Blaine County,US.OK.BL,9,0,
Wayne County,US.KY.WY,9,0,
Greenbrier County,US.WV.GE,9,0,
Lee County,US.VA.LE,9,0,
Houghton County,US.MI.HO,8,0,
Crawford County,US.MO.CF,8,0,
Big Horn County,US.WY.BI,8,0,
Park County,US.MT.PA,8,0,
Lewis County,US.WV.LE,8,1,
Kimball County,US.NE.KB,8,0,
Gaines County,US.TX.GS,8,0,
Antelope County,US.NE.AN,8,0,
Cedar County,US.NE.CA,8,0,
Washington County,US.KY.WS,8,0,
Russell County,US.VA.RU,8,0,
Benton County,US.TN.BN,8,1,
Rowan County,US.KY.RW,8,0,
Archuleta County,US.CO.AC,8,0,
Houston County,US.TN.HO,8,0,
Menominee County,US.MI.MM,8,0,
Moffat County,US.CO.MF,8,0,
Owyhee County,US.ID.OW,8,0,
Sawyer County,US.WI.SW,8,0,
Monroe County,US.WV.ME,8,0,
Madison County,US.MT.MA,8,1,
Mingo County,US.WV.MO,8,1,
Mackinac County,US.MI.MK,8,0,
Sumner County,US.KS.SU,8,1,
Barry County,US.MO.BR,8,0,
Vilas County,US.WI.VI,8,0,
Livingston County,US.KY.LV,8,0,
Bon Homme County,US.SD.BH,8,0,
Oscoda County,US.MI.OO,8,1,
Costilla County,US.CO.CS,8,0,
Barbour County,US.WV.BB,8,1,
Jefferson County,US.NE.JE,8,0,
Casey County,US.KY.CS,8,0,
Scotland County,US.MO.SO,8,0,
Ouray County,US.CO.OU,8,1,
Lynn County,US.TX.LY,8,1,
Bourbon County,US.KS.BB,8,1,
Effingham County,US.IL.EF,8,1,
Van Wert County,US.OH.VA,8,0,
Poquoson city,US.VA.PQ,8,0,
Ramsey County,US.ND.RM,8,1,
Clay County,US.TN.CY,8,0,
Renville County,US.MN.RN,8,0,
Reeves County,US.TX.RE,8,0,
Clay County,US.KY.CY,8,2,
Henderson County,US.IL.HD,8,0,
Radford city,US.VA.RD,7,0,
Eastland County,US.TX.EA,7,0,
Upshur County,US.WV.UP,7,0,
Stone County,US.MO.SE,7,0,
Emery County,US.UT.EM,7,0,
Scott County,US.VA.SC,7,2,
Bollinger County,US.MO.BI,7,0,
Fulton County,US.AR.FU,7,0,
Lincoln County,US.MT.LN,7,1,
Laclede County,US.MO.LD,7,0,
Latah County,US.ID.LA,7,0,
Brown County,US.KS.BR,7,0,
Beckham County,US.OK.BC,7,0,
Searcy County,US.AR.SA,7,0,
Arkansas County,US.AR.AR,7,0,
McLean County,US.ND.ML,7,0,
Adams County,US.IA.AM,7,0,
Lawrence County,US.MO.LW,7,0,
Colusa County,US.CA.CL,7,0,
Tuolumne County,US.CA.TO,7,0,
Fillmore County,US.NE.FI,7,1,
Lexington city,US.VA.LX,7,0,
Metcalfe County,US.KY.MT,7,2,
Marion County,US.KS.MN,7,1,
Lake County,US.MI.LK,7,0,
Palo Alto County,US.IA.PO,7,0,
Miami County,US.KS.MI,7,0,
Saline County,US.IL.SE,7,0,
Forest County,US.PA.FO,7,0,
Wilbarger County,US.TX.WG,7,0,
Woodward County,US.OK.WW,7,0,
Grand Isle County,US.VT.GR,7,0,
Nicholas County,US.WV.NI,7,1,
Noble County,US.OK.NB,7,0,
Bosque County,US.TX.BQ,7,0,
Roosevelt County,US.MT.RO,7,0,
Rooks County,US.KS.RO,7,0,
Crittenden County,US.KY.CT,7,1,
Hancock County,US.KY.HC,7,0,
Curry County,US.OR.CU,7,0,
Clay County,US.WV.CY,7,0,
Goliad County,US.TX.GI,7,0,
Redwood County,US.MN.RW,7,0,
Lewis County,US.MO.LE,7,1,
Lincoln County,US.WI.LI,7,0,
Power County,US.ID.PO,7,0,
Yellow Medicine County,US.MN.YE,7,0,
Lewis County,US.KY.LI,7,0,
Boone County,US.AR.BO,7,0,
Sherman County,US.KS.SH,7,0,
Massac County,US.IL.MA,7,0,
Boone County,US.NE.BO,7,0,
Sharkey County,US.MS.SH,7,0,
Tillamook County,US.OR.TI,6,0,
Crook County,US.OR.CR,6,0,
Decatur County,US.TN.DC,6,0,
Hamlin County,US.SD.HM,6,0,
Major County,US.OK.MJ,6,1,
Mahnomen County,US.MN.MH,6,1,
Jackson County,US.AR.JA,6,0,
Wells County,US.ND.WE,6,0,
Fall River County,US.SD.FL,6,0,
Pike County,US.IN.PI,6,0,
DeKalb County,US.MO.DE,6,0,
Crawford County,US.KS.CR,6,1,
Clay County,US.AR.CY,6,0,
Murray County,US.OK.MR,6,0,
Chariton County,US.MO.CI,6,0,
Johnson County,US.NE.JO,6,0,
Millard County,US.UT.MD,6,0,
Craig County,US.VA.CG,6,0,
Lincoln County,US.MN.LI,6,0,
Macon County,US.MO.MN,6,0,
Dickinson County,US.MI.DI,6,2,
Lassen County,US.CA.LS,6,0,
Lake County,US.MT.LA,6,0,
Buffalo County,US.WI.BF,6,2,
Elk County,US.PA.EL,6,0,
Newton County,US.TX.NE,6,0,
Tripp County,US.SD.TR,6,0,
Clay County,US.KS.CY,6,1,
Bonner County,US.ID.BR,6,0,
Gulf County,US.FL.GU,6,0,
Evans County,US.GA.EV,6,0,
Carson County,US.TX.CN,6,0,
McDowell County,US.WV.MC,6,0,
Franklin County,US.NE.FA,6,0,
Carbon County,US.MT.CB,6,0,
McCook County,US.SD.MC,6,1,
Hutchinson County,US.SD.HT,6,0,
Caldwell County,US.MO.CW,6,0,
Los Alamos County,US.NM.LO,6,0,
Pike County,US.AR.PE,6,0,
Meigs County,US.OH.MS,6,0,
Leslie County,US.KY.LS,6,0,
Bandera County,US.TX.BA,6,0,
Morgan County,US.OH.MA,6,0,
Rolette County,US.ND.RO,6,0,
Union County,US.OR.UN,6,0,
Garza County,US.TX.GR,6,0,
Greene County,US.IL.GE,6,0,
Kiowa County,US.OK.KO,6,0,
Floyd County,US.VA.FO,6,1,
Young County,US.TX.YU,6,1,
Mercer County,US.ND.ME,6,0,
Pembina County,US.ND.PE,6,0,
Woodson County,US.KS.WO,6,0,
Morton County,US.KS.MT,6,0,
Noble County,US.OH.NO,6,0,
Glacier County,US.MT.GC,6,0,
Pierce County,US.NE.PI,6,0,
Haskell County,US.OK.HS,6,0,
Lincoln County,US.WV.LI,5,0,
Valley County,US.NE.VA,5,0,
Cloud County,US.KS.CD,5,0,
Spink County,US.SD.SP,5,0,
Clay County,US.NC.CY,5,0,
Coal County,US.OK.CL,5,0,
Garrard County,US.KY.GR,5,0,
Shannon County,US.MO.SN,5,0,
Ralls County,US.MO.RL,5,0,
Osage County,US.MO.OS,5,0,
Johnson County,US.KY.JO,5,0,
Marshall County,US.IL.MH,5,0,
Rusk County,US.WI.RU,5,0,
Webster County,US.NE.WE,5,0,
Gogebic County,US.MI.GO,5,1,
Walworth County,US.SD.WA,5,0,
Cumberland County,US.KY.CU,5,0,
Gilpin County,US.CO.GI,5,0,
Clay County,US.TX.CY,5,0,
Hamilton County,US.NY.HA,5,1,
Crook County,US.WY.CK,5,0,
Brooke County,US.WV.BO,5,0,
Gillespie County,US.TX.GL,5,0,
Phelps County,US.MO.PH,5,0,
Clinton County,US.KY.CO,5,0,
Okfuskee County,US.OK.OF,5,0,
Giles County,US.VA.GI,5,0,
Goshen County,US.WY.GO,5,0,
Lincoln County,US.NM.LI,5,0,
Dickinson County,US.KS.DK,5,0,
Red Willow County,US.NE.RE,5,0,
Aransas County,US.TX.AA,5,0,
Carlisle County,US.KY.CE,5,1,
Adams County,US.WI.AD,5,1,
Tucker County,US.WV.TU,5,0,
Colfax County,US.NM.CO,5,0,
Moore County,US.TN.MO,5,0,
Morris County,US.KS.MR,5,0,
Burke County,US.ND.BK,5,0,
Hickman County,US.KY.HA,5,0,
Benzie County,US.MI.BE,5,0,
Latimer County,US.OK.LA,5,1,
Lawrence County,US.KY.LC,5,0,
Coos County,US.NH.CO,5,0,
Matthews County,US.VA.MT,5,0,
Franklin County,US.AR.FR,5,0,
Pushmataha County,US.OK.PU,5,0,
Collingsworth County,US.TX.CG,5,0,
Hodgeman County,US.KS.HG,5,0,
Marquette County,US.WI.MQ,5,1,
Marion County,US.MO.MO,5,0,
Montmorency County,US.MI.MR,5,0,
Grant County,US.MN.GR,5,0,
Conejos County,US.CO.CN,5,0,
Traverse County,US.MN.TR,5,0,
Duval County,US.TX.DU,5,0,
Lipscomb County,US.TX.LM,5,0,
Carter County,US.MO.CR,5,1,
Eddy County,US.ND.ED,5,0,
Las Animas County,US.CO.LS,5,0,
Union County,US.NM.UN,5,0,
Dallas County,US.MO.DL,5,0,
Monroe County,US.AR.ME,5,0,
Cheyenne County,US.CO.CE,5,0,
Edwards County,US.KS.ED,5,0,
Prairie County,US.AR.PR,5,0,
Warren County,US.PA.WR,5,0,
Cotton County,US.OK.CT,5,2,
Hand County,US.SD.HD,5,0,
Bristol city,US.VA.BI,4,0,
Kane County,US.UT.KA,4,0,
Stephens County,US.TX.SE,4,0,
Broadwater County,US.MT.BR,4,0,
Nicholas County,US.KY.NI,4,0,
Clark County,US.SD.CK,4,0,
Mitchell County,US.IA.ME,4,0,
Polk County,US.MO.PO,4,0,
Oldham County,US.TX.OL,4,1,
Pleasants County,US.WV.PL,4,0,
Karnes County,US.TX.KS,4,0,
Chautauqua County,US.KS.CQ,4,0,
Quay County,US.NM.QU,4,1,
Knott County,US.KY.KT,4,0,
Daviess County,US.MO.DV,4,0,
Mitchell County,US.KS.MC,4,0,
Rains County,US.TX.RI,4,0,
Grundy County,US.MO.GU,4,0,
Jefferson County,US.OK.JE,4,0,
Livingston County,US.MO.LV,4,0,
Plumas County,US.CA.PU,4,0,
Ottawa County,US.KS.OT,4,0,
Trimble County,US.KY.TM,4,0,
Nance County,US.NE.NA,4,0,
Corson County,US.SD.CO,4,0,
Schoolcraft County,US.MI.SR,4,0,
Wahkiakum County,US.WA.WH,4,0,
Mercer County,US.MO.MC,4,0,
Sargent County,US.ND.SG,4,0,
Emmons County,US.ND.EM,4,1,
Jackson County,US.SD.JA,4,0,
Ringgold County,US.IA.RI,4,0,
Lawrence County,US.IL.LW,4,0,
Jack County,US.TX.JK,4,0,
Tyrrell County,US.NC.TY,4,0,
Petersburg Census Area,US.AK.PB,4,1,
Fremont County,US.IA.FO,4,0,
Fremont County,US.ID.FE,4,0,
Garfield County,US.UT.GA,4,0,
Hudspeth County,US.TX.HU,4,0,
Hubbard County,US.MN.HU,4,0,
Union County,US.TN.UO,4,0,
Graham County,US.NC.GH,4,0,
Lewis County,US.TN.LE,4,0,
Woods County,US.OK.WS,4,0,
Cottle County,US.TX.OT,4,1,
Garden County,US.NE.GD,4,0,
Harlan County,US.KY.HL,4,0,
Langlade County,US.WI.LN,4,0,
Pickett County,US.TN.PI,4,0,
Lane County,US.KS.LE,4,0,
Van Buren County,US.TN.VA,4,0,
Miller County,US.MO.ML,4,0,
Sherman County,US.NE.SM,4,0,
Nemaha County,US.NE.NE,4,0,
Mineral County,US.NV.MI,4,0,
Republic County,US.KS.RP,4,0,
Atoka County,US.OK.AT,4,0,
Douglas County,US.SD.DO,4,0,
Rice County,US.KS.RC,4,0,
Jim Hogg County,US.TX.JG,4,0,
Jewell County,US.KS.JW,4,0,
Worth County,US.MO.WO,4,0,
Roseau County,US.MN.RS,4,0,
Richland County,US.IL.RI,4,0,
La Salle County,US.TX.LS,4,0,
De Witt County,US.IL.DW,4,0,
Ness County,US.KS.NS,4,0,
Wirt County,US.WV.WI,4,0,
Camden County,US.NC.CD,3,0,
Washburn County,US.WI.WR,3,0,
Hardeman County,US.TX.RD,3,0,
Morgan County,US.KY.MG,3,0,
Bayfield County,US.WI.BY,3,1,
Nolan County,US.TX.NO,3,0,
Letcher County,US.KY.LT,3,0,
Ashland County,US.WI.AS,3,0,
Lincoln County,US.CO.LI,3,0,
Haskell County,US.TX.HK,3,0,
Bent County,US.CO.BE,3,0,
Tyler County,US.WV.TY,3,0,
Bethel Census Area,US.AK.BE,3,0,
Breathitt County,US.KY.BT,3,0,
Avery County,US.NC.AV,3,0,
Lac Qui Parle County,US.MN.LC,3,0,
Newton County,US.AR.NW,3,0,
Chippewa County,US.MI.CP,3,0,
Bottineau County,US.ND.BT,3,0,
Yoakum County,US.TX.YA,3,0,
Atchison County,US.MO.AT,3,0,
Wallowa County,US.OR.WW,3,0,
Box Butte County,US.NE.BX,3,0,
Golden Valley County,US.MT.GO,3,0,
Southeast Fairbanks Census Area,US.AK.SO,3,0,
Stark County,US.IL.SA,3,0,
McCulloch County,US.TX.MC,3,0,
Hughes County,US.OK.HU,3,0,
Coleman County,US.TX.CM,3,0,
Renville County,US.ND.RE,3,0,
Richland County,US.MT.RI,3,0,
Red Lake County,US.MN.RD,3,0,
Dallas County,US.AR.DA,3,0,
Miner County,US.SD.ME,3,0,
White Pine County,US.NV.WH,3,0,
Martin County,US.KY.MI,3,0,
Chase County,US.KS.CS,3,0,
Pierce County,US.ND.PI,3,0,
Pend Oreille County,US.WA.PE,3,0,
Idaho County,US.ID.ID,3,0,
Madison County,US.NC.MD,3,0,
Hinsdale County,US.CO.HI,3,0,
Jefferson County,US.MT.JE,3,0,
Johnston County,US.OK.JO,3,0,
Owen County,US.KY.OE,3,0,
Crosby County,US.TX.CB,3,1,
Luce County,US.MI.LU,3,0,
Refugio County,US.TX.RF,3,0,
Essex County,US.VT.ES,3,0,
Slope County,US.ND.SL,3,0,
Huerfano County,US.CO.HU,3,0,
Skamania County,US.WA.SM,3,0,
Martin County,US.TX.MT,3,1,
Howard County,US.MO.HR,3,0,
Llano County,US.TX.LL,3,0,
Clearwater County,US.MN.CE,3,0,
Sullivan County,US.PA.SL,3,0,
Nome Census Area,US.AK.NM,3,0,
Houston County,US.MN.HO,3,0,
Greeley County,US.NE.GE,3,0,
Sublette County,US.WY.SU,3,0,
Worth County,US.IA.WT,3,0,
Menominee County,US.WI.MN,3,0,
Kingsbury County,US.SD.KI,3,0,
Edmunds County,US.SD.ED,3,0,
Caribou County,US.ID.CR,3,0,
Winkler County,US.TX.WI,3,0,
Covington city,US.VA.CV,3,0,
Adams County,US.ID.AM,3,0,
Madison County,US.MO.MD,3,0,
Monroe County,US.MO.MR,3,0,
McPherson County,US.SD.MP,3,0,
Kiowa County,US.KS.KW,3,0,
Pershing County,US.NV.PE,3,0,
Deer Lodge County,US.MT.DE,3,0,
Harper County,US.KS.HP,2,0,
Park County,US.WY.PA,2,0,
Ellsworth County,US.KS.EW,2,0,
Owsley County,US.KY.OS,2,0,
Magoffin County,US.KY.MF,2,0,
Clay County,US.IL.CY,2,0,
Edwards County,US.IL.EW,2,0,
Cheyenne County,US.KS.CN,2,0,
Grant County,US.ND.GT,2,0,
Trinity County,US.CA.TR,2,0,
Cameron County,US.PA.CE,2,0,
Benson County,US.ND.BE,2,0,
Faulk County,US.SD.FU,2,0,
Franklin County,US.FL.FR,2,0,
Roberts County,US.TX.RS,2,0,
Runnels County,US.TX.RN,2,0,
Phillips County,US.KS.PL,2,0,
Valley County,US.ID.VA,2,0,
Gasconade County,US.MO.GA,2,0,
Gallatin County,US.IL.GA,2,0,
St. Clair County,US.MO.SC,2,0,
Pratt County,US.KS.PR,2,0,
Bell County,US.KY.BL,2,0,
Hyde County,US.NC.HE,2,0,
Hanson County,US.SD.HS,2,0,
Florence County,US.WI.FL,2,0,
Maries County,US.MO.MS,2,0,
Fleming County,US.KY.FE,2,0,
Fisher County,US.TX.FH,2,1,
Presidio County,US.TX.PS,2,0,
Iron County,US.MI.IR,2,0,
McHenry County,US.ND.MH,2,1,
Iron County,US.MO.IR,2,0,
Marion County,US.AR.MN,2,0,
Comanche County,US.KS.CM,2,0,
Pawnee County,US.KS.PN,2,0,
Price County,US.WI.PC,2,0,
Iron County,US.WI.IR,2,1,
White County,US.IL.WE,2,0,
Oregon County,US.MO.OR,2,0,
Prince of Wales-Hyder Census Area,US.AK.PH,2,0,
Montgomery County,US.AR.MT,2,0,
Archer County,US.TX.AC,2,0,
Lake County,US.OR.LK,2,0,
Custer County,US.ID.CU,2,0,
Delta County,US.TX.DT,2,0,
Hall County,US.TX.HA,2,0,
Osborne County,US.KS.OB,2,0,
Keith County,US.NE.KT,2,0,
Childress County,US.TX.CD,2,0,
Taylor County,US.WI.TA,2,0,
Wayne County,US.IA.WY,2,0,
Brule County,US.SD.BU,2,0,
Reagan County,US.TX.RG,2,0,
Wyoming County,US.WV.WY,2,0,
Catron County,US.NM.CA,2,1,
Washita County,US.OK.WT,2,0,
Decatur County,US.IA.DC,2,0,
Piute County,US.UT.PT,2,0,
Niobrara County,US.WY.NI,2,0,
Norton city,US.VA.NC,2,0,
Norton County,US.KS.NT,2,0,
Northwest Arctic Borough,US.AK.NW,2,0,
Alpine County,US.CA.AP,2,0,
Green County,US.KY.GN,2,0,
Custer County,US.CO.CU,2,0,
Calhoun County,US.WV.CH,2,0,
Douglas County,US.MO.DO,2,0,
Highland County,US.VA.HA,2,0,
Neosho County,US.KS.NO,2,0,
Mineral County,US.CO.MI,2,0,
Dewey County,US.OK.DW,2,0,
Sheridan County,US.KS.SD,2,0,
Sioux County,US.ND.SI,2,0,
Braxton County,US.WV.BX,2,0,
Lincoln County,US.NV.LI,2,0,
Lincoln County,US.WA.LI,2,0,
Reynolds County,US.MO.RE,2,0,
Sitka City and Borough,US.AK.SI,2,0,
Pondera County,US.MT.PN,2,0,
Grant County,US.OK.GN,2,0,
Armstrong County,US.TX.AM,2,0,
Hamilton County,US.IL.HM,2,0,
Marshall County,US.SD.MS,2,0,
Smith County,US.KS.SM,2,0,
Yukon-Koyukuk Census Area,US.AK.YU,1,0,
Anderson County,US.KS.AN,1,0,
Baker County,US.OR.BA,1,0,
Mills County,US.TX.MS,1,0,
Cimarron County,US.OK.CO,1,0,
Wheatland County,US.MT.WH,1,0,
Washington County,US.ME.WS,1,0,
Cochran County,US.TX.CC,1,0,
Alfalfa County,US.OK.AL,1,0,
Wolfe County,US.KY.WL,1,0,
Woodruff County,US.AR.WO,1,0,
Cherry County,US.NE.CH,1,0,
Barber County,US.KS.AB,1,0,
McIntosh County,US.ND.MI,1,0,
Baraga County,US.MI.BA,1,0,
Dawes County,US.NE.DS,1,0,
Coke County,US.TX.OK,1,0,
Crockett County,US.TX.CT,1,0,
Meagher County,US.MT.ME,1,0,
Clark County,US.MO.CK,1,0,
Wilson County,US.KS.WL,1,0,
Mitchell County,US.TX.MH,1,0,
Concho County,US.TX.ON,1,0,
Liberty County,US.MT.LB,1,0,
Ward County,US.TX.WD,1,0,
Columbia County,US.WA.CM,1,0,
Custer County,US.SD.CU,1,0,
Harding County,US.NM.HA,1,0,
Ziebach County,US.SD.ZI,1,0,
Chase County,US.NE.CE,1,0,
Stafford County,US.KS.SF,1,0,
Kimble County,US.TX.KM,1,0,
Glascock County,US.GA.GS,1,0,
Glasscock County,US.TX.GC,1,0,
Steele County,US.ND.SE,1,0,
Kinney County,US.TX.KN,1,0,
Holt County,US.NE.HT,1,0,
Stevens County,US.MN.SV,1,0,
Nuckolls County,US.NE.NU,1,0,
Stillwater County,US.MT.ST,1,0,
Gove County,US.KS.GO,1,0,
Kittson County,US.MN.KI,1,0,
Schuyler County,US.MO.SH,1,0,
Holt County,US.MO.HL,1,0,
Storey County,US.NV.ST,1,0,
Rio Blanco County,US.CO.RB,1,0,
North Slope Borough,US.AK.NH,1,0,
Pike County,US.IL.PK,1,0,
Hitchcock County,US.NE.HI,1,0,
Sully County,US.SD.SU,1,0,
Richardson County,US.NE.RI,1,0,
Summers County,US.WV.SU,1,0,
Camas County,US.ID.CM,1,0,
Calhoun County,US.IL.CH,1,0,
Knox County,US.TX.KX,1,0,
Rosebud County,US.MT.RS,1,0,
Garfield County,US.NE.GF,1,0,
Grant County,US.OR.GR,1,0,
Oliver County,US.ND.OL,1,0,
Elliott County,US.KY.EL,1,0,
Edgar County,US.IL.EG,1,0,
Shackelford County,US.TX.SC,1,0,
Estill County,US.KY.ES,1,0,
Divide County,US.ND.DV,1,0,
Dimmit County,US.TX.DM,1,0,
Shelby County,US.MO.SB,1,0,
Dickey County,US.ND.DC,1,0,
Dickens County,US.TX.DC,1,0,
San Saba County,US.TX.SS,1,0,
Sheridan County,US.ND.SH,1,0,
Sherman County,US.OR.SH,1,0,
San Juan County,US.CO.SJ,1,0,
Fergus County,US.MT.FE,1,0,
Sierra County,US.CA.SE,1,0,
Sierra County,US.NM.SI,1,0,
Ferry County,US.WA.FE,1,0,
Dewey County,US.SD.DW,1,0,
Irion County,US.TX.IR,1,0,
Deuel County,US.SD.DU,1,0,
Foster County,US.ND.FO,1,0,
Hyde County,US.SD.HY,1,0,
Pepin County,US.WI.PE,1,0,
Dent County,US.MO.DN,1,0,
Frontier County,US.NE.FO,1,0,
Hill County,US.MT.HI,1,0,
Ritchie County,US.WV.RI,1,0,
Kodiak Island Borough,US.AK.KO,1,0,
Thayer County,US.NE.TA,1,0,
Hemphill County,US.TX.HH,1,0,
Thomas County,US.NE.TO,1,0,
Boyd County,US.NE.BY,1,0,
Nelson County,US.ND.NE,1,0,
Bowman County,US.ND.BW,1,0,
Piscataquis County,US.ME.PI,1,0,
Gregory County,US.SD.GE,1,0,
Griggs County,US.ND.GI,1,0,
Putnam County,US.MO.PN,1,0,
Trego County,US.KS.TR,1,0,
Putnam County,US.IL.PT,1,0,
Harper County,US.OK.HP,1,0,
Pope County,US.IL.PE,1,0,
Musselshell County,US.MT.MU,1,0,
Hancock County,US.TN.HC,1,0,
Lee County,US.KY.LE,1,0,
Motley County,US.TX.MY,1,0,
Harney County,US.OR.HA,1,0,
Lemhi County,US.ID.LM,1,0,
Beaverhead County,US.MT.BE,1,0,
Hardin County,US.IL.HI,1,0,
Baylor County,US.TX.BR,1,0,
Powell County,US.KY.PO,1,0,
LaMoure County,US.ND.LA,1,0,
Scott County,US.AR.SC,1,0,
Lake County,US.MN.LE,1,0,
Hidalgo County,US.NM.HI,1,0,
Real County,US.TX.RL,1,0,
Platte County,US.WY.PL,1,0,
Briscoe County,US.TX.BO,1,0,
Texas County,US.MO.TE,1,0,
Brewster County,US.TX.BS,1,0,
Brooks County,US.TX.BK,1,0,
Burnett County,US.WI.BN,1,1,
Taliaferro County,US.GA.TA,1,0,
Issaquena County,US.MS.IS,0,0,
Grant County,US.NE.GA,0,0,
Eureka County,US.NV.EU,0,0,
Jackson County,US.CO.JA,0,0,
Clark County,US.ID.CA,0,0,
Pawnee County,US.NE.PA,0,0,
Fallon County,US.MT.FA,0,0,
Hickory County,US.MO.HC,0,0,
Granite County,US.MT.GN,0,0,
Harmon County,US.OK.HM,0,0,
Robertson County,US.KY.RB,0,0,
Harlan County,US.NE.HR,0,0,
Prairie County,US.MT.PR,0,0,
Rawlins County,US.KS.RA,0,0,
Rich County,US.UT.RH,0,0,
Wrangell City and Borough,US.AK.WG,0,0,
Powell County,US.MT.PL,0,0,
Esmeralda County,US.NV.ES,0,0,
Ozark County,US.MO.OZ,0,0,
Ellis County,US.OK.EL,0,0,
Wichita County,US.KS.WH,0,0,
Wibaux County,US.MT.WI,0,0,
Powder River County,US.MT.PD,0,0,
Schleicher County,US.TX.SH,0,0,
Potter County,US.SD.PO,0,0,
Jeff Davis County,US.TX.JF,0,0,
Cook County,US.MN.CO,0,0,
McCone County,US.MT.MC,0,0,
Sanders County,US.MT.SA,0,0,
Mellette County,US.SD.ML,0,0,
Golden Valley County,US.ND.GO,0,0,
Rock County,US.NE.RO,0,0,
Menard County,US.TX.EN,0,0,
Hooker County,US.NE.HO,0,0,
Marshall County,US.KS.MS,0,0,
Hoonah-Angoon Census Area,US.AK.HH,0,0,
Clearwater County,US.ID.CE,0,0,
Greeley County,US.KS.GL,0,0,
Roger Mills County,US.OK.RR,0,0,
Hayes County,US.NE.HY,0,0,
Gilliam County,US.OR.GI,0,0,
Phillips County,US.MT.PH,0,0,
Rush County,US.KS.RH,0,0,
Russell County,US.KS.RS,0,0,
McMullen County,US.TX.MM,0,0,
Yakutat City and Borough,US.AK.YA,0,0,
Garfield County,US.WA.GF,0,0,
McPherson County,US.NE.MC,0,0,
Garfield County,US.MT.GF,0,0,
Chouteau County,US.MT.CH,0,0,
Perkins County,US.SD.PR,0,0,
Hettinger County,US.ND.HE,0,0,
Perkins County,US.NE.PE,0,0,
Haakon County,US.SD.HA,0,0,
Graham County,US.KS.GH,0,0,
Haines Borough,US.AK.HA,0,0,
Foard County,US.TX.FD,0,0,
Petroleum County,US.MT.PO,0,0,
Barton County,US.MO.BT,0,0,
Elk County,US.KS.EK,0,0,
Teton County,US.MT.TE,0,0,
Lake and Peninsula Borough,US.AK.LA,0,0,
Terrell County,US.TX.TL,0,0,
Bristol Bay Borough,US.AK.BR,0,0,
Brown County,US.NE.BW,0,0,
Kusilvak Census Area,US.AK.WA,0,0,
Sweet Grass County,US.MT.SW,0,0,
Butte County,US.ID.BT,0,0,
Sutton County,US.TX.ST,0,0,
Butte County,US.SD.BT,0,0,
Calhoun County,US.AR.CA,0,0,
Allen County,US.KS.AL,0,0,
Harding County,US.SD.HR,0,0,
Alger County,US.MI.AG,0,0,
Aleutians West Census Area,US.AK.AW,0,0,
Aleutians East Borough,US.AK.AE,0,0,
Campbell County,US.SD.CP,0,0,
Knox County,US.MO.KN,0,0,
Washington County,US.KS.WS,0,0,
Logan County,US.KS.LG,0,0,
Logan County,US.ND.LO,0,0,
Stonewall County,US.TX.SA,0,0,
Lake of the Woods County,US.MN.LO,0,0,
Arthur County,US.NE.AR,0,0,
Adams County,US.ND.AD,0,0,
Thomas County,US.KS.TH,0,0,
Bath County,US.VA.BA,0,0,
Valley County,US.MT.VA,0,0,
Valdez-Cordova Census Area,US.AK.VA,0,0,
Upton County,US.TX.UP,0,0,
Mora County,US.NM.MO,0,0,
Bear Lake County,US.ID.BK,0,0,
Banner County,US.NE.BA,0,0,
Beaver County,US.UT.BV,0,0,
Bennett County,US.SD.BN,0,0,
Billings County,US.ND.BI,0,0,
Blaine County,US.MT.BL,0,0,
Blaine County,US.NE.BL,0,0,
Bland County,US.VA.BL,0,0,
Lincoln County,US.KS.LC,0,0,
Boise County,US.ID.BS,0,0,
Treasure County,US.MT.TR,0,0,
Towner County,US.ND.TO,0,0,
Borden County,US.TX.BD,0,0,
Wallace County,US.KS.WA,0,0,
Boundary County,US.ID.BD,0,0,
Throckmorton County,US.TX.TH,0,0,
Logan County,US.NE.LG,0,0,
Kiowa County,US.CO.KO,0,0,
Scott County,US.IL.SO,0,0,
Wayne County,US.UT.WE,0,0,
Skagway Municipality,US.AK.SW,0,0,
Kalawao County,US.HI.KL,0,0,
Culberson County,US.TX.UL,0,0,
Sioux County,US.NE.SI,0,0,
Judith Basin County,US.MT.JU,0,0,
Ontonagon County,US.MI.ON,0,0,
Lewis County,US.ID.LW,0,0,
Webster County,US.WV.WB,0,0,
Mineral County,US.MT.MN,0,0,
Jones County,US.SD.JO,0,0,
Sheridan County,US.NE.SD,0,0,
Sheridan County,US.MT.SH,0,0,
Dickenson County,US.VA.DC,0,0,
Dillingham Census Area,US.AK.DI,0,0,
Doddridge County,US.WV.DO,0,0,
Dolores County,US.CO.DO,0,0,
Wheeler County,US.NE.WH,0,0,
Wheeler County,US.OR.WE,0,0,
Dundy County,US.NE.DY,0,0,
Sedgwick County,US.CO.SE,0,0,
Edwards County,US.TX.ED,0,0,
Deuel County,US.NE.DL,0,0,
Oneida County,US.ID.ON,0,0,
Sterling County,US.TX.SI,0,0,
Denali Borough,US.AK.DE,0,0,
Carter County,US.MT.CT,0,0,
Decatur County,US.KS.DC,0,0,
De Baca County,US.NM.DE,0,0,
Loup County,US.NE.LU,0,0,
Dawson County,US.MT.DW,0,0,
Kingman County,US.KS.KM,0,0,
King County,US.TX.KG,0,0,
Modoc County,US.CA.MC,0,0,
Cavalier County,US.ND.CV,0,0,
Loving County,US.TX.LI,0,0,
Daniels County,US.MT.DN,0,0,
Kidder County,US.ND.KI,0,0,
Keya Paha County,US.NE.KY,0,0,
Keweenaw County,US.MI.KW,0,0,
Kent County,US.TX.KT,0,0,
Kenedy County,US.TX.KE,0,0,
Daggett County,US.UT.DG,0,0,
Wayne County,US.MO.WY,0,0,
Dade County,US.MO.DD,0,0,
Somervell County,US.TX.SV,0,0,
Custer County,US.MT.CU,0,0,
Shoshone County,US.ID.SH,0,0,
